VariableName,typeSeqID,weight,group,desc,desc_vn,desc_en,desc_th,desc_in,desc_ph,desc_ma,choice1,choice1_vn,choice1_en,choice1_th,choice1_in,choice1_ph,choice1_ma,choice2,choice2_vn,choice2_en,choice2_th,choice2_in,choice2_ph,choice2_ma,choice3,choice3_vn,choice3_en,choice3_th,choice3_in,choice3_ph,choice3_ma,choice4,choice4_vn,choice4_en,choice4_th,choice4_in,choice4_ph,choice4_ma,answer,imgID
Defaults,,0,0,"""""","""""","""""","""""","""""","""""","""""","""""","""""","""""","""""","""""","""""","""""","""""","""""","""""","""""","""""","""""","""""","""""","""""","""""","""""","""""","""""","""""","""""","""""","""""","""""","""""","""""","""""",1,
ID,问题类型索引id,同组内随机权重,组,问题描述,desc_vn,desc_en,desc_th,desc_in,desc_ph,desc_ma,选项1,选项1,选项1,选项1,选项1,选项1,选项1,选项2,选项2,选项2,选项2,选项2,选项2,选项2,选项3,选项3,选项3,选项3,选项3,选项3,选项3,选项4,选项4,选项4,选项4,选项4,选项4,选项4,答案,资源
1,1,50,101,"In the anime, what was the first Pokémon Ash received?  ","Trong anime, Pokémon đầu tiên mà Ash nhận được là gì?","In the anime, what was the first Pokémon Ash received?  ",ในอนิเมะ โปเกมอนตัวแรกที่ Ash ได้รับคืออะไร?  ,"Dalam anime, Pokémon pertama yang diterima Ash adalah apa?  ","Sa anime, ano ang unang Pokémon na natanggap ni Ash?  ","Dalam anime, apakah Pokémon pertama yang diterima oleh Ash?",Pikachu,Pikachu,Pikachu  ,ปิกาจู  ,Pikachu  ,Pikachu  ,Pikachu  ,Little Flame,Cháy lửa nhỏ,Little Flame,เปลวไฟน้อย,Api Kecil,Maliit na Apoy  ,Api Kecil  ,Newcomer Award,Giải thưởng Tân vương,Newcomer Award,รางวัลหน้าใหม่,Penghargaan Pendatang Baru,Gantimpala sa Bagong Salta,Anugerah Pendatang Baru,Miraculous Seed Frog  ,Diệu con ếch hạt giống,Miraculous Seed Frog  ,กบเมล็ดวิเศษ  ,Kodok Benih Ajaib  ,Miraculous Seed Frog  ,Katak Benih Ajaib  ,,
2,1,50,101,"In the anime, what is Ash's mother's name?  ","Trong anime, mẹ của Ash tên là gì?","In the anime, what is Ash's mother's name?  ",ในอนิเมะ ชื่อแม่ของ Ash คืออะไร?  ,"Dalam anime, siapa nama ibu Ash?  ","Sa anime, ano ang pangalan ng ina ni Ash?  ","Dalam anime, siapakah nama ibu Ash?",Hoa Tử,Hoa Tử,Flower Child  ,ดอกไม้แห่งความบริสุทธิ์  ,Anak Bunga  ,Batang Bulaklak  ,Batang Bunga  ,My Tân Tử,Mỹ Tân Tử,My Tân Tử,หมีตันจื่อ,My Tan Zi,My Tanzi  ,My Tanzi  ,Satoshi,Satoshi,Satoshi,ซาโตชิ,Satoshi,Satoshi,Satoshi,Lu Toa Rice Nai  ,Lộ Toa gạo nại,Lu Toa Rice Nai  ,ลู โตวา ข้าวไน  ,Lu Toa Beras Nai  ,Lu Toa Rice Nai  ,Lu Toa Beras Nai  ,,
3,1,50,101,"In the anime, which girl below does not like Ash?  ","Trong anime, cô gái nào dưới đây không thích Ash?","In the anime, which girl below does not like Ash?  ",ในอนิเมะ สาวคนไหนด้านล่างไม่ชอบ Ash?  ,"Dalam anime, gadis mana di bawah ini yang tidak menyukai Ash?  ","Sa anime, alin sa mga babaeng ito ang hindi gusto si Ash?  ","Dalam anime, gadis manakah di bawah ini yang tidak menyukai Ash?",Musashi,Musashi,Musashi  ,มูซาชิ  ,Musashi  ,Musashi  ,Musashi  ,Xiao He,Tiểu Hà,Xiao He,เซียวเหอ,Xiao He,Xiao He  ,Xiao He  ,Splendid,Cẩm Tú,Splendid,งดงาม,Indah Mempesona,Kahanga-hanga,Cantik Menawan,Sally Na  ,Sally na,Sally Na  ,แซลลี นา  ,Sally Na  ,Sally Na  ,Sally Na  ,,
4,1,50,101,"In the anime, Brock used to be a gym leader like his father, what is the name of that gym?  ","Trong anime, Brock đã từng là trưởng phòng gym giống như cha anh, phòng gym đó tên gì?","In the anime, Brock used to be a gym leader like his father, what is the name of that gym?  ",ในอนิเมะ Brock เคยเป็นหัวหน้าฟิตเนสเหมือนพ่อของเขา ชื่อฟิตเนสนั้นคืออะไร?  ,"Dalam anime, Brock pernah menjadi pemimpin gym seperti ayahnya, nama gym itu apa?  ","Sa anime, si Brock ay naging gym leader tulad ng kanyang ama, ano ang pangalan ng gym na iyon?  ","Dalam anime, Brock pernah menjadi ketua gim seperti ayahnya, apakah nama gim itu?",Đấu trường Đá xám,Đấu trường Đá xám,Gray Stone Arena  ,สนามประลองหินสีเทา  ,Arena Batu Abu-abu  ,Arena ng Abong Bato  ,Arena Batu Berabu  ,Hòa Lam Dojo,Hòa Lam Đạo Quán,Hòa Lam Dojo,สำนักเต๋าฮัวลาน,Dojo Hua Lam,Dojo ng Hòa Lam  ,Dojo Hòa Lam  ,Beloved Forest,Rừng Yêu Thích,Beloved Forest,ป่าที่ชื่นชอบ,Hutan Favorit,Paboritong Gubat,Hutan Kegemaran,Dry Leaf Tao Temple  ,Lá khô đạo quán,Dry Leaf Tao Temple  ,ใบไม้แห้งวัดเต๋า  ,Daun Kering Kuil Tao  ,Dry Leaf Tao Temple  ,Daun Kering Kuil Tao  ,,
5,1,50,101,"In the anime, who is the ""kid"" that Team Rocket usually refers to?  ","Trong anime, tên ""nhóc con"" mà Team Rocket thường dùng để chỉ ai?","In the anime, who is the ""kid"" that Team Rocket usually refers to?  ","ในอนิเมะ คำว่า ""เด็กน้อย"" ที่ทีมร็อคเก็ตใช้หมายถึงใคร?  ","Dalam anime, ""anak kecil"" yang sering disebut oleh Team Rocket adalah siapa?  ","Sa anime, sino ang ""batang lalaki"" na madalas tawagin ng Team Rocket?  ","Dalam anime, gelaran ""budak kecil"" yang sering digunakan oleh Team Rocket merujuk kepada siapa?",Ash,Ash,Ash  ,แอช  ,Ash  ,Ash  ,Ash  ,Xiao Gang,Tiểu Cương,Xiao Gang,เซียวกัง,Xiao Gang,Xiao Gang  ,Xiao Gang  ,Mermaid,Nàng tiên cá,Mermaid,นางเงือก,Putri Duyung,Sirena,Duyung,Pikachu  ,Pikachu,Pikachu  ,ปิกาจู  ,Pikachu  ,Pikachu  ,Pikachu  ,,
6,1,50,102,"In the anime, what was the first Pokémon Jessie received in the Johto region?  ","Trong anime, Pokémon đầu tiên mà Jessie nhận được ở vùng Johto là gì?","In the anime, what was the first Pokémon Jessie received in the Johto region?  ",ในอนิเมะ โปเกมอนตัวแรกที่ Jessie ได้รับในภูมิภาคโจโตะคืออะไร?  ,"Dalam anime, Pokémon pertama yang diterima Jessie di wilayah Johto adalah apa?  ","Sa anime, ano ang unang Pokémon na natanggap ni Jessie sa rehiyon ng Johto?  ","Dalam anime, apakah Pokémon pertama yang diterima oleh Jessie di rantau Johto?",Quả nhiên Ông,Quả nhiên Ông,"As Expected, Sir  ",แน่นอนครับท่าน  ,"Tentu Saja, Pak  ","Siyempre, Ginoo  ","Sudah tentu, Tuan  ",Big Blade,Đại Lưỡi,Big Blade,ใบมีดใหญ่,Bilah Besar,Malaking Talim  ,Pedang Besar  ,Star Loach,Cá chạch sao biển,Star Loach,ปลาดาวลูช,Ikan Loach Bintang,Bituing Loach,Ikan Loach Bintang,Meo Meo  ,Meo meo,Meo Meo  ,เมียว เมียว  ,Meo Meo  ,Meo Meo  ,Meo Meo  ,,
7,1,50,102,"In the anime, which statement about Musashi is false?  ","Trong anime, câu nói nào về Musashi là sai?","In the anime, which statement about Musashi is false?  ",ในอนิเมะ ข้อใดเกี่ยวกับ Musashi ไม่ถูกต้อง?  ,"Dalam anime, pernyataan mana tentang Musashi yang salah?  ","Sa anime, alin sa mga pahayag tungkol kay Musashi ang mali?  ","Dalam anime, pernyataan manakah tentang Musashi yang salah?",Từ nhỏ được nuôi trong môi trường sung sướng,Từ nhỏ được nuôi trong môi trường sung sướng,Raised in luxury since childhood  ,เติบโตมาอย่างสุขสบาย  ,Dibesarkan dalam kemewahan sejak kecil  ,Lumaki sa marangyang kapaligiran  ,Dibesarkan dalam persekitaran mewah  ,Born into the Rocket Clan,Sinh ra trong gia tộc tên lửa,Born into the Rocket Clan,เกิดในตระกูลจรวด,Lahir dari klan roket,Ipinanganak sa angkan ng Rocket  ,Dilahirkan dalam keluarga Rocket  ,Once dreamed of becoming a Pokémon nurse,Từng hy vọng trở thành một nữ y tá Pokémon,Once dreamed of becoming a Pokémon nurse,เคยใฝ่ฝันอยากเป็นพยาบาลโปเกมอน,Pernah bermimpi menjadi perawat Pokémon,Minsang nangarap maging Pokémon nurse,Pernah bercita-cita menjadi jururawat Pokémon,Former TV Host  ,Từng làm qua đài truyền hình dẫn chương trình,Former TV Host  ,เคยเป็นพิธีกรโทรทัศน์  ,Pernah Jadi Pembawa Acara TV  ,Former TV Host  ,Pernah Menjadi Pembawa Acara TV  ,,
8,1,50,102,"In the anime, which statement about Team Rocket is false?  ","Trong anime, câu nói nào về Team Rocket là sai?","In the anime, which statement about Team Rocket is false?  ",ในอนิเมะ ข้อใดเกี่ยวกับทีมร็อคเก็ตไม่ถูกต้อง?  ,"Dalam anime, pernyataan mana tentang Team Rocket yang salah?  ","Sa anime, alin sa mga pahayag tungkol sa Team Rocket ang mali?  ","Dalam anime, pernyataan manakah tentang Team Rocket yang salah?",Đội Rocket ban đầu được sáng lập bởi Sakaki,Đội Rocket ban đầu được sáng lập bởi Sakaki,Team Rocket was originally founded by Sakaki  ,ทีมร็อกเก็ตก่อตั้งโดยซาคากิ  ,Tim Rocket awalnya didirikan oleh Sakaki  ,Itinatag ang Team Rocket ni Sakaki  ,Team Rocket diasaskan oleh Sakaki  ,A publicly listed company,Một công ty cổ phần niêm yết,A publicly listed company,บริษัทมหาชน,Perusahaan publik,Isang kumpanyang nakalista sa stock exchange  ,Syarikat tersenarai dalam bursa saham  ,Multinational Corporation,"Tập đoàn đa quốc gia, xuyên vùng",Multinational Corporation,บริษัทยักษ์ข้ามชาติ,Perusahaan Multinasional,Multinational na Kumpanya,Syarikat Multinasional,Because each team member provides complete welfare benefits  ,Vì mỗi một vị đội viên cung cấp hoàn thiện phúc lợi đãi ngộ,Because each team member provides complete welfare benefits  ,เพราะสมาชิกแต่ละคนให้สวัสดิการครบถ้วน  ,Karena setiap anggota tim menyediakan kesejahteraan lengkap  ,Because each team member provides complete welfare benefits  ,Karena setiap anggota tim menyediakan kesejahteraan lengkap  ,,
9,1,50,102,"In the anime, which statement about Kojirou is false?  ","Trong anime, câu nói nào về Kojirou là sai?","In the anime, which statement about Kojirou is false?  ",ในอนิเมะ ข้อใดเกี่ยวกับ Kojirou ไม่ถูกต้อง?  ,"Dalam anime, pernyataan mana tentang Kojirou yang salah?  ","Sa anime, alin sa mga pahayag tungkol kay Kojirou ang mali?  ","Dalam anime, pernyataan manakah tentang Kojirou yang salah?",Trong lòng mềm mỏng nhưng cũng rất tàn nhẫn,Trong lòng mềm mỏng nhưng cũng rất tàn nhẫn,Gentle at heart but also ruthless  ,ภายในอ่อนโยนแต่โหดเหี้ยม  ,Lembut di hati tapi juga kejam  ,Malambot ang puso ngunit malupit  ,Berhati lembut tetapi kejam  ,Second-generation super rich,Siêu phú nhị đại,Second-generation super rich,ทายาทเศรษฐีรุ่นสอง,Anak konglomerat generasi kedua,Ikalawang henerasyong sobrang mayaman  ,Generasi kedua yang sangat kaya  ,Once designed a famous bottle cap logo,Từng thiết kế logo nắp chai nổi tiếng,Once designed a famous bottle cap logo,เคยออกแบบโลโก้ฝาขวดชื่อดัง,Pernah merancang logo tutup botol terkenal,Nakapagdisenyo ng sikat na takip ng bote,Pernah mereka logo penutup botol terkenal,A Hacker  ,Một Hacker,A Hacker  ,แฮกเกอร์คนหนึ่ง  ,Seorang Hacker  ,A Hacker  ,Seorang Peretas  ,,
10,1,50,103,"In the anime, which Pokémon species below does not appear in a different color?  ","Trong anime, loài Pokémon nào dưới đây không xuất hiện với màu sắc khác biệt?","In the anime, which Pokémon species below does not appear in a different color?  ",ในอนิเมะ โปเกมอนชนิดใดด้านล่างนี้ไม่มีสีแตกต่าง?  ,"Dalam anime, jenis Pokémon mana di bawah ini yang tidak muncul dengan warna berbeda?  ","Sa anime, alin sa mga Pokémon ang hindi lumabas na may ibang kulay?  ","Dalam anime, Pokémon manakah di bawah ini yang tidak muncul dalam warna alternatif?",Mew,Mew,Mew  ,มิว  ,Mew  ,Mew  ,Mew  ,Metallic Giant Monster,Khổng Lồ Kim Quái,Metallic Giant Monster,ยักษ์โลหะประหลาด,Monster Raksasa Logam,Higanteng Metal na Halimaw  ,Raksasa Logam Gergasi  ,Golden Carp,Cá chép vàng,Golden Carp,ปลาคาร์ฟทอง,Ikan Mas Emas,Gintong Carp,Ikan Emas,Three Big Butterflies  ,Ba lớn bướm,Three Big Butterflies  ,ผีเสื้อใหญ่สามตัว  ,Tiga Kupu-kupu Besar  ,Three Big Butterflies  ,Tiga Kupu-kupu Besar  ,,
11,1,50,104,"In the animated movie ""Pokémon: Giratina and the Ice Flower Bouquet,"" what is Shaymin's special ability?  ","Trong phim hoạt hình ""Pokémon: Giratina và bó hoa băng giá"", khả năng đặc biệt của Shaymin là gì?","In the animated movie ""Pokémon: Giratina and the Ice Flower Bouquet,"" what is Shaymin's special ability?  ","ในภาพยนตร์การ์ตูน ""โปเกมอน: Giratina และช่อดอกไม้เย็น"" ความสามารถพิเศษของ Shaymin คืออะไร?  ","Dalam film animasi ""Pokémon: Giratina dan Buket Bunga Es,"" kemampuan khusus Shaymin apa?  ","Sa animated na pelikula ""Pokémon: Giratina at ang Ice Flower Bouquet,"" ano ang espesyal na kakayahan ni Shaymin?  ","Dalam filem animasi ""Pokémon: Giratina dan Bunga Ais"", apakah kebolehan istimewa Shaymin?",Truyền tải của hoa,Truyền tải của hoa,Flower's Transmission  ,การถ่ายทอดของดอกไม้  ,Transmisi Bunga  ,Pagpapasa ng Bulaklak  ,Penyerahan Bunga  ,Summoning Ocean Flower,Hoa Hải Triệu Hồi,Summoning Ocean Flower,ดอกไม้ทะเลแห่งการอัญเชิญ,Bunga Laut Pemanggil,Bulaklak ng Karagatan ng Pagtawag  ,Bunga Lautan Panggilan  ,Flower Care,Chăm sóc hoa,Flower Care,ดูแลดอกไม้,Perawatan Bunga,Pag-aalaga ng Bulaklak,Penjagaan Bunga,Restoration Flower  ,Hoa chi khôi phục,Restoration Flower  ,ดอกไม้ฟื้นฟู  ,Bunga Pemulihan  ,Restoration Flower  ,Bunga Pemulihan  ,,
12,1,50,104,"In the animated movie ""Pokémon: The Legendary Link,"" what tool sealed Hoopa’s true body because of its crimes 100 years ago?  ","Trong phim hoạt hình ""Pokémon: Mối liên kết huyền thoại"", công cụ nào đã phong ấn cơ thể thật của Hoopa vì những tội ác của nó cách đây 100 năm?","In the animated movie ""Pokémon: The Legendary Link,"" what tool sealed Hoopa’s true body because of its crimes 100 years ago?  ","ในภาพยนตร์การ์ตูน ""โปเกมอน: การเชื่อมโยงในตำนาน"" เครื่องมือใดที่ปิดผนึกร่างจริงของ Hoopa เพราะอาชญากรรมของมันเมื่อ 100 ปีก่อน?  ","Dalam film animasi ""Pokémon: The Legendary Link,"" alat apa yang menyegel tubuh asli Hoopa karena kejahatannya 100 tahun yang lalu?  ","Sa animated na pelikula ""Pokémon: The Legendary Link,"" anong gamit ang nagtatakda sa tunay na katawan ni Hoopa dahil sa mga krimen niya 100 taon na ang nakalipas?  ","Dalam filem animasi ""Pokémon: Ikatan Legenda"", apakah alat yang telah memeterai bentuk sebenar Hoopa kerana jenayahnya 100 tahun yang lalu?",Cái bình trừng phạt,Cái bình trừng phạt,Punishment Bottle  ,ขวดลงโทษ  ,Botol Hukuman  ,Bote ng Parusa  ,Botol Hukuman  ,Sealing Pot,Phong Ấn Chi Chậu,Sealing Pot,หม้อผนึก,Pot Penyegel,Kalderong Pangtatak  ,Periuk Meterai  ,Salvation Jar,Hũ cứu rỗi,Salvation Jar,ขวดแห่งความรอด,Toples Penyelamat,Garapon ng Kaligtasan,Balang Penyelamat,Warm Judge  ,Thẩm phán chi ấm,Warm Judge  ,ผู้พิพากษาอบอุ่น  ,Hakim Hangat  ,Warm Judge  ,Hakim Hangat  ,,
13,1,50,104,"In the animated movie ""Pokémon: Mewtwo Strikes Back — Evolution,"" who was controlled by Mewtwo?  ","Trong phim hoạt hình ""Pokémon: Cuộc phản công của Mewtwo - Tiến hóa"", ai đã bị Mewtwo điều khiển?","In the animated movie ""Pokémon: Mewtwo Strikes Back — Evolution,"" who was controlled by Mewtwo?  ","ในภาพยนตร์การ์ตูน ""โปเกมอน: การต่อต้านของ Mewtwo - วิวัฒนาการ"" ใครถูก Mewtwo ควบคุม?  ","Dalam film animasi ""Pokémon: Serangan Balik Mewtwo - Evolusi,"" siapa yang dikendalikan oleh Mewtwo?  ","Sa animated na pelikula ""Pokémon: Mewtwo Strikes Back — Evolution,"" sino ang kinontrol ni Mewtwo?  ","Dalam filem animasi ""Pokémon: Serangan Balas Mewtwo - Evolusi"", siapakah yang telah dikawal oleh Mewtwo?",Cô Joy,Cô Joy,Nurse Joy  ,พยาบาลจอย  ,Suster Joy  ,Nars Joy  ,Jururawat Joy  ,Lady Quân Sa,Quân Sa Tiểu Thư,Lady Quân Sa,คุณหนูจวินซา,Nona Quân Sa,Senyorita Quân Sa  ,Senorita Quân Sa  ,Mewtwo,Mewtwo,Mewtwo,มิวทู,Mewtwo,Mewtwo,Mewtwo,Little Ha  ,Tiểu Hà,Little Ha  ,เล็ก ฮา  ,Xiao Ha  ,Little Ha  ,Xiao Ha  ,,
14,1,50,104,"In the animated movie ""Pokémon: The Emperor of the Crystal Tower,"" what is the name of the home of Kasumi and her father, Dokutā Shūri?  ","Trong phim hoạt hình ""Pokémon: Hoàng đế của tháp pha lê"", nơi sống của Kasumi và cha cô, Dokutā Shūri, gọi là gì?","In the animated movie ""Pokémon: The Emperor of the Crystal Tower,"" what is the name of the home of Kasumi and her father, Dokutā Shūri?  ","ในภาพยนตร์การ์ตูน ""โปเกมอน: จักรพรรดิแห่งหอคริสตัล"" ที่อยู่อาศัยของ Kasumi และพ่อของเธอ Dokutā Shūri เรียกว่าอะไร?  ","Dalam film animasi ""Pokémon: Kaisar Menara Kristal,"" tempat tinggal Kasumi dan ayahnya Dokutā Shūri disebut apa?  ","Sa animated na pelikula ""Pokémon: The Emperor of the Crystal Tower,"" ano ang pangalan ng tahanan ni Kasumi at ng kanyang ama, Dokutā Shūri?  ","Dalam filem animasi ""Pokémon: Maharaja Menara Kristal"", apakah nama tempat tinggal Kasumi dan ayahnya, Doktor Shūri?",Cánh đồng xanh,Cánh đồng xanh,Green Field  ,ทุ่งหญ้าเขียว  ,Padang Rumput Hijau  ,Luntiang Bukirin  ,Padang Hijau  ,A Lộ Phú Ruins,A Lộ Phú Di Tích,A Lộ Phú Ruins,ซากโบราณสถานอาหลู่ฝู,Reruntuhan A Lu Fu,Guho ng A Luofu  ,Runtuhan A Luofu  ,Secret Garden,Vườn bí mật,Secret Garden,สวนลับ,Taman Rahasia,Lihim na Hardin,Taman Rahsia,Dragon's Holy Domain  ,Long chi Thánh Vực,Dragon's Holy Domain  ,ดินแดนศักดิ์สิทธิ์มังกร  ,Wilayah Suci Naga  ,Dragon's Holy Domain  ,Wilayah Suci Naga  ,,
15,1,30,105,"In this game, what is the individual value limit for a single Pokémon?  ","Trong trò chơi này, giới hạn giá trị cá thể đơn lẻ của Pokémon là bao nhiêu?","In this game, what is the individual value limit for a single Pokémon?  ",ในเกมนี้ ขีดจำกัดค่าส่วนบุคคลของโปเกมอนแต่ละตัวคือเท่าไร?  ,"Dalam permainan ini, berapa batas nilai individu untuk satu Pokémon?  ","Sa larong ito, ano ang limitasyon ng individual value ng isang Pokémon?  ","Dalam permainan ini, apakah had nilai individu tunggal bagi Pokémon?",,,,,,,,30,30,30,30,30,30,30,35,35,35,35,35,35,35,41,41,41,41,41,41,41,,
16,1,30,105,"In this game, which method can permanently obtain a title?  ","Trong trò chơi này, phương pháp nào sau đây có thể nhận được danh hiệu vĩnh viễn?","In this game, which method can permanently obtain a title?  ",ในเกมนี้ วิธีใดต่อไปนี้สามารถรับตำแหน่งถาวร?  ,"Dalam permainan ini, metode mana yang dapat memperoleh gelar permanen?  ","Sa larong ito, anong paraan ang makakakuha ng permanenteng titulo?  ","Dalam permainan ini, kaedah manakah berikut boleh memperoleh gelaran kekal?",Điểm thể lực đạt 3000,Điểm thể lực đạt 3000,Stamina reaches 3000  ,ค่าพลังถึง 3000  ,Stamina mencapai 3000  ,Lakas umabot sa 3000  ,Kekuatan mencecah 3000  ,First-Class Arena  ,Đấu Trường Đệ Nhất Danh,First-Class Arena  ,อารีนาระดับหนึ่ง  ,Arena Kelas Satu  ,Unang Klase na Arena  ,Arena Kelas Pertama  ,Became Honorary Zone President,Trở thành chủ tịch của khu danh dự,Became Honorary Zone President,เป็นประธานเขตเกียรติยศ,Menjadi Ketua Wilayah Kehormatan,Naging Pangulo ng Honor Zone,Menjadi Presiden Zon Kehormat,Top-ranked Inspector Gear  ,Đồ giám xếp hạng đệ nhất,Top-ranked Inspector Gear  ,เกียร์ผู้ตรวจสอบอันดับหนึ่ง  ,Peralatan Inspektur Peringkat Teratas  ,Top-ranked Inspector Gear  ,Peralatan Inspektur Peringkat Teratas  ,,
17,1,30,105,"In this game, which attribute cannot be inherited or transferred between Pokémon?  ","Trong trò chơi này, thuộc tính nào không thể được kế thừa hoặc trao đổi giữa các Pokémon?","In this game, which attribute cannot be inherited or transferred between Pokémon?  ",ในเกมนี้ คุณลักษณะใดไม่สามารถสืบทอดหรือแลกเปลี่ยนระหว่างโปเกมอนได้?  ,"Dalam permainan ini, atribut mana yang tidak dapat diwariskan atau dipertukarkan antar Pokémon?  ","Sa larong ito, anong attribute ang hindi maaaring ipamana o ipasa sa pagitan ng mga Pokémon?  ","Dalam permainan ini, atribut manakah yang tidak boleh diwarisi atau ditukar antara Pokémon?",Sao,Sao,Star  ,ดาว  ,Bintang  ,Bituin  ,Bintang  ,Personality  ,Tính Cách,Personality  ,บุคลิกภาพ  ,Kepribadian  ,Pagkatao  ,Perwatakan  ,Valuable Effort,Nỗ lực giá trị,Valuable Effort,ความพยายามที่มีค่า,Upaya Bernilai,Mahahalagang Pagsisikap,Usaha Bernilai,Affinity Level  ,Độ thiện cảm,Affinity Level  ,ระดับความชอบ  ,Tingkat Kesukaan  ,Affinity Level  ,Tingkat Kesukaan  ,,
18,1,30,105,"In this game, how many floors does Ether Park have at maximum?  ","Trong trò chơi này, Ether Park có tối đa bao nhiêu tầng?","In this game, how many floors does Ether Park have at maximum?  ",ในเกมนี้ Ether Park มีจำนวนชั้นสูงสุดกี่ชั้น?  ,"Dalam permainan ini, Ether Park memiliki berapa lantai maksimal?  ","Sa larong ito, ilang palapag ang Ether Park sa maximum?  ","Dalam permainan ini, Ether Park mempunyai maksimum berapa tingkat?",,,,,,,,8,8,8,8,8,8,8,10,10,10,10,10,10,10,6,6,6,6,6,6,6,,
19,1,30,105,"In this game, which type of item cannot be obtained from the daily clone?  ","Trong trò chơi này, bản sao hằng ngày không thể nhận được loại vật phẩm nào?","In this game, which type of item cannot be obtained from the daily clone?  ",ในเกมนี้ สำเนาประจำวันไม่สามารถรับไอเท็มประเภทใด?  ,"Dalam permainan ini, jenis barang apa yang tidak dapat diperoleh dari klon harian?  ","Sa larong ito, anong klase ng item ang hindi makukuha mula sa daily clone?  ","Dalam permainan ini, salinan harian tidak boleh memperoleh jenis item yang mana?",Mảnh vỡ thần thú vạn năng,Mảnh vỡ thần thú vạn năng,Universal Divine Beast Shard  ,เศษสัตว์เทพสารพัดประโยชน์  ,Pecahan Binatang Ilahi Serbaguna  ,Pangkalahatang Piraso ng Banal na Hayop  ,Serpihan Umum Binatang Suci  ,Gold Ingots  ,Kim Nguyên Bảo,Gold Ingots  ,ทองแท่ง  ,Batangan Emas  ,Gintong Ingot  ,Ingot Emas  ,Experience Item,Đồ vật kinh nghiệm,Experience Item,ไอเท็มประสบการณ์,Item Pengalaman,Karanasan na Bagay,Item Pengalaman,Gift Affinity  ,Độ thiện cảm lễ vật,Gift Affinity  ,ของขวัญความชอบ  ,Hadiah Kesukaan  ,Gift Affinity  ,Hadiah Kesukaan  ,,
20,1,30,105,"In this game, at what time each evening does the Arena calculate rank rewards?  ","Trong trò chơi này, Arena sẽ tính toán phần thưởng xếp hạng vào mấy giờ mỗi tối?","In this game, at what time each evening does the Arena calculate rank rewards?  ",ในเกมนี้ Arena จะคำนวณรางวัลอันดับเวลาใดในแต่ละคืน?  ,"Dalam permainan ini, Arena akan menghitung hadiah peringkat pada jam berapa setiap malam?  ","Sa larong ito, anong oras tuwing gabi kinakalculate ng Arena ang rank rewards?  ","Dalam permainan ini, Arena akan mengira ganjaran kedudukan pada jam berapa setiap malam?",Mỗi ngày 21:00,Mỗi ngày 21:00,Every day at 21:00  ,ทุกวันเวลา 21:00  ,Setiap hari pukul 21:00  ,Araw-araw sa ganap na 21:00  ,Setiap hari pada pukul 21:00  ,Daily at 21:30  ,Mỗi ngày 21:30,Daily at 21:30  ,ทุกวันเวลา 21:30  ,Setiap hari pukul 21:30  ,Araw-araw tuwing 21:30  ,Setiap hari pada pukul 21:30  ,Every day at 22:00,Mỗi ngày lúc 22:00,Every day at 22:00,ทุกวันเวลา 22:00 น.,Setiap hari pukul 22:00,Araw-araw sa 22:00,Setiap hari pada pukul 22:00,Daily at 20:30  ,Mỗi ngày 20:30,Daily at 20:30  ,ทุกวันเวลา 20:30  ,Setiap hari pukul 20:30  ,Daily at 20:30  ,Setiap hari pukul 20:30  ,,
21,1,30,105,"In this game, when a Pokémon reaches how many stars does it unlock maximum attribute training?  ","Trong trò chơi này, khi Pokémon đạt đến sao bao nhiêu sẽ mở khóa huấn luyện thuộc tính tối đa?","In this game, when a Pokémon reaches how many stars does it unlock maximum attribute training?  ",ในเกมนี้ เมื่อโปเกมอนมีดาวกี่ดวงจะปลดล็อกการฝึกคุณลักษณะสูงสุด?  ,"Dalam permainan ini, saat Pokémon mencapai berapa bintang akan membuka pelatihan atribut maksimum?  ","Sa larong ito, kapag umabot ng ilang stars ang Pokémon, ma-uunlock ang maximum attribute training?  ","Dalam permainan ini, pada bintang berapa Pokémon akan membuka kunci latihan atribut maksimum?",,,,,,,,4,4,4,4,4,4,4,8,8,8,8,8,8,8,10,10,10,10,10,10,10,,
22,1,50,106,Which Pokémon cannot Mega Evolve?  ,Pokémon nào không thể tiến hóa siêu cấp?,Which Pokémon cannot Mega Evolve?  ,โปเกมอนตัวใดไม่สามารถ Mega Evolve ได้?  ,Pokémon mana yang tidak bisa Mega Evolusi?  ,Aling Pokémon ang hindi maaaring Mega Evolve?  ,Pokémon manakah yang tidak boleh Mega Evolusi?,Roselia,Roselia,Roselia,Roselia,Roselia,Roselia,Roselia  ,Flame-Spitting Dragon  ,Phun Hỏa Long,Flame-Spitting Dragon  ,มังกรพ่นไฟ  ,Naga Penyembur Api  ,Naga ng Apoy  ,Naga Api  ,Heavy Steel,Thép lớn,Heavy Steel,เหล็กหนัก,Baja Berat,Matibay na Bakal,Keluli Berat,Soul-capturing Eyes  ,Câu hồn mắt,Soul-capturing Eyes  ,ดวงตาจับวิญญาณ  ,Mata Penangkap Jiwa  ,Soul-capturing Eyes  ,Mata Penangkap Jiwa  ,,
23,1,50,106,Which Pokémon can Mega Evolve?  ,Pokémon nào có thể tiến hóa siêu cấp?,Which Pokémon can Mega Evolve?  ,โปเกมอนตัวใดสามารถ Mega Evolve ได้?  ,Pokémon mana yang bisa Mega Evolusi?  ,Aling Pokémon ang maaaring Mega Evolve?  ,Pokémon manakah yang boleh Mega Evolusi?,Electrike,Electrike,Electrike,Electrike,Electrike,Electrike,Electrike  ,Pikachu  ,Pikachu,Pikachu  ,ปิกาจู  ,Pikachu  ,Pikachu  ,Pikachu  ,Cherry Blossom Fish,Cá hoa anh đào,Cherry Blossom Fish,ปลาซากุระ,Ikan Sakura,Cherry Blossom na Isda,Ikan Sakura,Floating Bubbles  ,Trôi nổi bong bóng,Floating Bubbles  ,ฟองสบู่ลอย  ,Gelembung Mengapung  ,Floating Bubbles  ,Gelembung Terapung  ,,
24,1,50,106,Which Pokémon has many branching forms after evolution?  ,Pokémon nào có nhiều hình thái phân nhánh sau khi tiến hóa?,Which Pokémon has many branching forms after evolution?  ,โปเกมอนตัวใดมีหลายรูปแบบแยกแขนงหลังวิวัฒนาการ?  ,Pokémon mana yang memiliki banyak bentuk bercabang setelah evolusi?  ,Aling Pokémon ang may maraming branching forms pagkatapos ng evolution?  ,Pokémon manakah yang mempunyai pelbagai bentuk evolusi bercabang?,Chàng trai không sợ hãi,Chàng trai không sợ hãi,Fearless Boy  ,เด็กหนุ่มผู้ไม่เกรงกลัว  ,Anak Laki-Laki Tak Takut  ,Batang Lalaki na Walang Takot  ,Budak Lelaki yang Tidak Takut  ,Little Weirdo  ,Tiểu Từ Quái,Little Weirdo  ,ตัวประหลาดตัวน้อย  ,Si Aneh Kecil  ,Munting Kakaiba  ,Yang Pelik Kecil  ,Little Delivery Worker,Công nhân vận chuyển nhỏ,Little Delivery Worker,คนส่งของตัวน้อย,Pekerja Pengantar Kecil,Munting Tagapaghahatid,Pekerja Penghantar Kecil,Cathy  ,Cathy,Cathy  ,แคธี  ,Cathy  ,Cathy  ,Cathy  ,,
25,1,50,106,Which Pokémon evolves into Masararu?  ,Pokémon nào sẽ tiến hóa thành Masararu?,Which Pokémon evolves into Masararu?  ,โปเกมอนตัวใดจะวิวัฒนาการเป็น Masararu?  ,Pokémon mana yang akan berevolusi menjadi Masararu?  ,Aling Pokémon ang mag-evolve sa Masararu?  ,Pokémon manakah yang akan berkembang menjadi Masararu?,Bọ gậy muỗi,Bọ gậy muỗi,Mosquito Larva  ,ลูกน้ำยุง  ,Jentik Nyamuk  ,Kulisap ng Lamok  ,Serangga Nyamuk  ,Mosquito Fragrance Master  ,Muỗi Hương Vận Sĩ,Mosquito Fragrance Master  ,ปรมาจารย์กลิ่นหอมยุง  ,Ahli Aroma Nyamuk  ,Guro ng Mabangong Lamok  ,Guru Nyamuk Wangi  ,Frog King,Vua ếch,Frog King,ราชากบ,Raja Katak,Hari ng Palaka,Raja Katak,Fish Water Jet  ,Nước vọt cá,Fish Water Jet  ,น้ำพุปลาฉีด  ,Semprotan Air Ikan  ,Fish Water Jet  ,Semburan Air Ikan  ,,
26,1,50,106,"When Charizard evolves into X form, what color is the flame on its tail?  ","Khi Charizard tiến hóa thành dạng X, ngọn lửa ở đuôi có màu gì?","When Charizard evolves into X form, what color is the flame on its tail?  ",เมื่อ Charizard วิวัฒนาการเป็นรูปแบบ X เปลวไฟที่หางมีสีอะไร?  ,"Saat Charizard berevolusi ke bentuk X, warna api di ekornya apa?  ","Kapag nag-evolve si Charizard sa X form, ano ang kulay ng apoy sa buntot niya?  ","Apabila Charizard berevolusi ke bentuk X, apakah warna api di ekornya?",Màu xanh,Màu xanh,Blue  ,สีน้ำเงิน  ,Biru  ,Asul  ,Biru  ,Red  ,Đỏ,Red  ,สีแดง  ,Merah  ,Pula  ,Merah  ,Purple,Tím,Purple,ม่วง,Ungu,Lila,Ungu,Orange Color  ,Màu cam,Orange Color  ,สีส้ม  ,Warna Oranye  ,Orange Color  ,Warna Oranye  ,,
27,1,50,111,What color is Shiny Lugia?  ,Shiny Lugia có màu gì?,What color is Shiny Lugia?  ,Shiny Lugia มีสีอะไร?  ,Apa warna Shiny Lugia?  ,Anong kulay ang Shiny Lugia?  ,Apakah warna Shiny Lugia?,Màu đen,Màu đen,Black  ,สีดำ  ,Hitam  ,Itim  ,Hitam  ,Yellow  ,Vàng,Yellow  ,สีเหลือง  ,Kuning  ,Dilaw  ,Kuning  ,White,Trắng,White,ขาว,Putih,Puti,Putih,Six Colors  ,Lục sắc,Six Colors  ,หกสี  ,Enam Warna  ,Six Colors  ,Enam Warna  ,,
28,1,50,112,Can Caterpie evolve into Lugia?  ,Caterpie có thể tiến hóa thành Lugia không?,Can Caterpie evolve into Lugia?  ,Caterpie สามารถวิวัฒนาการเป็น Lugia ได้ไหม?  ,Bisakah Caterpie berevolusi menjadi Lugia?  ,Maaari bang mag-evolve ang Caterpie sa Lugia?  ,Bolehkah Caterpie berevolusi menjadi Lugia?,"Không thể, các chủng tộc khác nhau","Không thể, các chủng tộc khác nhau","Impossible, different species  ",เป็นไปไม่ได้ สายพันธุ์ต่างกัน  ,"Tidak mungkin, spesies berbeda  ","Imposible, magkaibang lahi  ","Mustahil, bangsa berbeza  ","Maybe, they really look the same  ","Có thể, thật sự trông giống nhau","Maybe, they really look the same  ",อาจจะ ใช่ ดูคล้ายกันจริง ๆ  ,"Mungkin, memang terlihat mirip  ","Maaaring oo, magkahawig talaga  ","Mungkin ya, memang serupa  ",Can cross-species evolve,"Có thể, tiến hóa xuyên loài",Can cross-species evolve,สามารถวิวัฒนาการข้ามสายพันธุ์ได้,Bisa berevolusi lintas spesies,Maaaring mag-evolve sa ibang species,Boleh berevolusi merentas spesies,No Way to Verify  ,Không cách nào khảo chứng,No Way to Verify  ,ไม่มีวิธีตรวจสอบ  ,Tidak Bisa Diverifikasi  ,No Way to Verify  ,Tidak Dapat Diverifikasi  ,,
29,2,50,201,"In the anime, what is the gender of Ash's Pikachu?  ","Trong anime, Pikachu của Ash có giới tính nào?","In the anime, what is the gender of Ash's Pikachu?  ",ในอนิเมะ Pikachu ของ Ash มีเพศอะไร?  ,"Dalam anime, apa jenis kelamin Pikachu milik Ash?  ","Sa anime, anong kasarian ang Pikachu ni Ash?  ","Dalam anime, apakah jantina Pikachu milik Ash?",Giống đực,Giống đực,Male  ,เพศผู้  ,Jantan  ,Lalaki  ,Lelaki  ,Boundary Realm  ,Cái Giới,Boundary Realm  ,โลกเขตแดน  ,Dunia Batas  ,Hangganan ng Mundo  ,Sempadan Dunia  ,Genderless,Không phân biệt giới tính,Genderless,ไม่ระบุเพศ,Tidak memiliki jenis kelamin,Walang kasarian,Tiada jantina,No Way to Verify  ,Không cách nào khảo chứng,No Way to Verify  ,ไม่มีวิธีตรวจสอบ  ,Tidak Bisa Diverifikasi  ,No Way to Verify  ,Tidak Dapat Diverifikasi  ,,
30,2,50,201,"In the anime, which Pokémon caught by Ash is the heaviest?  ","Trong anime, Pokémon nào Ash bắt được là nặng nhất?","In the anime, which Pokémon caught by Ash is the heaviest?  ",ในอนิเมะ โปเกมอนตัวใดที่ Ash จับได้มีน้ำหนักมากที่สุด?  ,"Dalam anime, Pokémon mana yang ditangkap Ash yang terberat?  ","Sa anime, aling Pokémon ang pinakamabigat na nahuli ni Ash?  ","Dalam anime, Pokémon manakah yang ditangkap oleh Ash adalah yang paling berat?",Mewtwo,Mewtwo,Mewtwo  ,Mewtwo  ,Mewtwo  ,Mewtwo  ,Mewtwo  ,Great Steel Serpent  ,Đại Thép Xà,Great Steel Serpent  ,งูเหล็กยักษ์  ,Ular Baja Besar  ,Higanteng Bakal na Ahas  ,Ular Besi Gergasi  ,Snorlax,Snorlax,Snorlax,คาบิกอน,Snorlax,Snorlax,Snorlax,Turtle Land Station  ,Đài đất rùa,Turtle Land Station  ,สถานีดินเต่า  ,Stasiun Tanah Kura-kura  ,Turtle Land Station  ,Stasiun Tanah Kura-kura  ,,
31,2,50,201,"In the anime, Pikachu does not imitate whom?  ","Trong anime, Pikachu không mô phỏng ai?","In the anime, Pikachu does not imitate whom?  ",ในอนิเมะ Pikachu ไม่ได้เลียนแบบใคร?  ,"Dalam anime, Pikachu tidak meniru siapa?  ","Sa anime, hindi ginagaya ni Pikachu ang sino?  ","Dalam anime, Pikachu tidak meniru siapa?",Bom Gas,Bom Gas,Gas Bomb  ,ระเบิดแก๊ส  ,Bom Gas  ,Gas Bomb  ,Bom Gas  ,Meow Meow  ,Mèo Mèo,Meow Meow  ,เหมียว เหมียว  ,Meong Meong  ,Miyaw Miyaw  ,Miyaw Miyaw  ,Kangaskhan,Kangaskhan,Kangaskhan,คังสึคัง,Kangaskhan,Kangaskhan,Kangaskhan,Lizard Jungle  ,Rừng rậm thằn lằn,Lizard Jungle  ,ป่าจิ้งจก  ,Hutan Bunglon  ,Lizard Jungle  ,Hutan Bunglon  ,,
32,2,50,201,"In the anime, initially Brock was a gym leader, after traveling with Ash, what did he decide to become?  ","Trong anime, ban đầu Brock là trưởng phòng gym, sau khi cùng Ash đi du lịch, anh ấy quyết định trở thành gì?","In the anime, initially Brock was a gym leader, after traveling with Ash, what did he decide to become?  ",ในอนิเมะ ตอนแรก Brock เป็นหัวหน้าฟิตเนส หลังจากเดินทางกับ Ash เขาตัดสินใจจะเป็นอะไร?  ,"Dalam anime, awalnya Brock adalah pemimpin gym, setelah bepergian dengan Ash, dia memutuskan menjadi apa?  ","Sa anime, noong una si Brock ay gym leader, pagkatapos maglakbay kasama si Ash, ano ang napagpasyahan niyang maging?  ","Dalam anime, pada awalnya Brock adalah ketua gim, selepas mengembara dengan Ash, apakah kerjaya yang dipilihnya?",Bác sĩ Tinh linh,Bác sĩ Tinh linh,Spirit Doctor  ,หมอวิญญาณ  ,Dokter Roh  ,Doktor ng Espiritu  ,Doktor Rohani  ,Performance Sprite  ,Tinh Linh Biểu Diễn Gia,Performance Sprite  ,วิญญาณนักแสดง  ,Roh Pertunjukan  ,Espiritung Tagapalabas  ,Roh Persembahan  ,Pokémon Expert,Chuyên gia Pokémon,Pokémon Expert,ผู้เชี่ยวชาญโปเกมอน,Ahli Pokémon,Eksperto sa Pokémon,Pakar Pokémon,Spirit Doctor  ,Tinh linh tiến sĩ,Spirit Doctor  ,จิตแพทย์จิ๋ว  ,Dokter Roh  ,Spirit Doctor  ,Dokter Roh  ,,
33,2,50,201,"In the anime, who is Brock's father?  ","Trong anime, cha của Brock là ai?","In the anime, who is Brock's father?  ",ในอนิเมะ พ่อของ Brock คือใคร?  ,"Dalam anime, siapa ayah Brock?  ","Sa anime, sino ang ama ni Brock?  ","Dalam anime, siapakah ayah Brock?",Võ năng,Võ năng,Combat Skill  ,ทักษะต่อสู้  ,Keterampilan Bertarung  ,Kasanayang Pandigma  ,Kemahiran Tempur  ,Martial General  ,Võ Tướng,Martial General  ,แม่ทัพนักรบ  ,Jenderal Pejuang  ,Heneral ng Pakikidigma  ,Jeneral Perang  ,Xiaomi  ,Xiaomi,Xiaomi  ,เสียวหมี่  ,Xiaomi  ,Xiaomi  ,Xiaomi  ,Little Guang  ,Tiểu Quang,Little Guang  ,เล็ก กวาง  ,Xiao Guang  ,Little Guang  ,Xiao Guang  ,,
34,2,50,201,"In the anime, which Pokémon owned by Misty cannot swim?  ","Trong anime, Pokémon nào mà Misty đã từng sở hữu không thể bơi?","In the anime, which Pokémon owned by Misty cannot swim?  ",ในอนิเมะ โปเกมอนตัวใดที่ Misty เคยเป็นเจ้าของไม่สามารถว่ายน้ำได้?  ,"Dalam anime, Pokémon mana yang pernah dimiliki Misty tidak bisa berenang?  ","Sa anime, aling Pokémon na pag-aari ni Misty ang hindi marunong lumangoy?  ","Dalam anime, Pokémon manakah yang pernah dimiliki oleh Misty tetapi tidak boleh berenang?",Psyduck,Psyduck,Psyduck  ,Psyduck  ,Psyduck  ,Psyduck  ,Psyduck  ,Thunder Lake Dragon  ,Hồ Lôi Long,Thunder Lake Dragon  ,มังกรสายฟ้าแห่งทะเลสาบ  ,Naga Danau Petir  ,Dragon ng Kidlat sa Lawa  ,Naga Petir Tasik  ,Starfish  ,Sao biển,Starfish  ,ปลาดาว  ,Bintang Laut  ,Starfish  ,Tapak Sulaiman  ,Mosquito Incense of the Golden Frog  ,Nhang muỗi con ếch hoàng,Mosquito Incense of the Golden Frog  ,ธูปยุงกบทอง  ,Dupa Nyamuk Kodok Emas  ,Mosquito Incense of the Golden Frog  ,Dupa Nyamuk Katak Emas  ,,
35,2,50,201,"In the anime, which type of Pokémon does Misty refuse to accept?  ","Trong anime, Misty không thể chấp nhận Pokémon thuộc loại nào?","In the anime, which type of Pokémon does Misty refuse to accept?  ",ในอนิเมะ Misty ไม่สามารถยอมรับโปเกมอนประเภทใด?  ,"Dalam anime, tipe Pokémon mana yang tidak bisa diterima Misty?  ","Sa anime, anong uri ng Pokémon ang hindi tinatanggap ni Misty?  ","Dalam anime, jenis Pokémon manakah yang tidak dapat diterima oleh Misty?",Loại côn trùng,Loại côn trùng,Insect Type  ,สายแมลง  ,Tipe Serangga  ,Uri ng Insekto  ,Jenis Serangga  ,Ice Type  ,Băng hệ,Ice Type  ,ธาตุน้ำแข็ง  ,Tipe Es  ,Uri ng Yelo  ,Jenis Ais  ,Grass Type  ,Hệ cỏ,Grass Type  ,สายพันธุ์หญ้า  ,Tipe Rumput  ,Grass Type  ,Jenis Rumput  ,Electric System  ,Điện hệ,Electric System  ,ระบบไฟฟ้า  ,Sistem Listrik  ,Elektrik System  ,Sistem Elektrik  ,,
36,2,50,201,"In the anime, when Misty became the gym leader in Kasumi city, which Pokémon did she overcome her fear of?  ","Trong anime, khi Misty trở thành trưởng phòng gym ở thành phố Kasumi, cô ấy đã vượt qua nỗi sợ hãi về Pokémon nào?","In the anime, when Misty became the gym leader in Kasumi city, which Pokémon did she overcome her fear of?  ",ในอนิเมะ เมื่อ Misty กลายเป็นหัวหน้าฟิตเนสที่เมือง Kasumi เธอเอาชนะความกลัวโปเกมอนตัวใด?  ,"Dalam anime, ketika Misty menjadi pemimpin gym di kota Kasumi, Pokémon mana yang berhasil dia atasi rasa takutnya?  ","Sa anime, nang maging gym leader si Misty sa lungsod ng Kasumi, aling Pokémon ang kanyang nalampasan ang takot?  ","Dalam anime, apabila Misty menjadi ketua gim di bandar Kasumi, dia telah mengatasi ketakutannya terhadap Pokémon apa?",Gyarados,Gyarados,Gyarados  ,Gyarados  ,Gyarados  ,Gyarados  ,Gyarados  ,Koi King  ,Cá Koi Vương,Koi King  ,ราชาปลาคาร์ฟ  ,Raja Koi  ,Haring Koi  ,Raja Koi  ,Psyduck  ,Psyduck,Psyduck  ,ไซดั๊ก  ,Psyduck  ,Psyduck  ,Psyduck  ,Lars Faction  ,Phái Lars,Lars Faction  ,ฝ่ายลาร์ส  ,Faksi Lars  ,Lars Faction  ,Faksi Lars  ,,
37,2,50,201,"In the anime, which of Ash’s Pokémon had to be sent to Musashi for the Perfect Contest because it liked Musashi?  ","Trong anime, Pokémon nào của Ash phải được gửi cho Musashi tham gia cuộc thi Hoàn Mỹ vì nó thích Musashi?","In the anime, which of Ash’s Pokémon had to be sent to Musashi for the Perfect Contest because it liked Musashi?  ",ในอนิเมะ โปเกมอนตัวใดของ Ash ต้องถูกส่งไปห Musashi เพื่อเข้าร่วมการประกวด Hoàn Mỹ เพราะมันชอบ Musashi?  ,"Dalam anime, Pokémon mana milik Ash yang harus dikirim ke Musashi untuk ikut Kontes Sempurna karena menyukai Musashi?  ","Sa anime, aling Pokémon ni Ash ang kailangang ipadala kay Musashi para sa Perfect Contest dahil gusto nito si Musashi?  ","Dalam anime, Pokémon manakah milik Ash yang dihantar kepada Musashi untuk menyertai Pertandingan Kecantikan kerana menyukai Musashi?",Aipom,Aipom,Aipom  ,Aipom  ,Aipom  ,Aipom  ,Aipom  ,Pikachu  ,Pikachu,Pikachu  ,ปิกาจู  ,Pikachu  ,Pikachu  ,Pikachu  ,Bulbasaur  ,Bulbasaur,Bulbasaur  ,บัลบาซอร์  ,Bulbasaur  ,Bulbasaur  ,Bulbasaur  ,Doll Wall Demon  ,Ma tường con rối,Doll Wall Demon  ,ตุ๊กตากำแพงปีศาจ  ,Boneka Dinding Setan  ,Doll Wall Demon  ,Boneka Dinding Setan  ,,
38,2,50,202,"In the anime, who has never worn women's clothing?  ","Trong anime, ai chưa bao giờ mặc đồ nữ?","In the anime, who has never worn women's clothing?  ",ในอนิเมะ ใครไม่เคยใส่ชุดผู้หญิง?  ,"Dalam anime, siapa yang tidak pernah memakai pakaian wanita?  ","Sa anime, sino ang hindi kailanman nagsuot ng damit pang babae?  ","Dalam anime, siapakah yang tidak pernah memakai pakaian wanita?",Brock,Brock,Brock  ,Brock  ,Brock  ,Brock  ,Brock  ,Meow Meow  ,Mèo Mèo,Meow Meow  ,เหมียว เหมียว  ,Meong Meong  ,Miyaw Miyaw  ,Miyaw Miyaw  ,James  ,James,James  ,เจมส์  ,James  ,James  ,James  ,Little Zhi  ,Tiểu Trí,Little Zhi  ,เสี่ยวจื้อ  ,Xiao Zhi  ,Little Zhi  ,Little Zhi  ,,
39,2,50,202,"In the anime, which opposing organization does not target legendary Pokémon?  ","Trong anime, tổ chức đối đầu duy nhất không nhắm vào Pokémon huyền thoại là tổ chức nào?","In the anime, which opposing organization does not target legendary Pokémon?  ",ในอนิเมะ องค์กรฝ่ายตรงข้ามเพียงแห่งเดียวที่ไม่มุ่งเป้าไปที่โปเกมอนในตำนานคือองค์กรใด?  ,"Dalam anime, organisasi lawan mana yang tidak menargetkan Pokémon legendaris?  ","Sa anime, alin sa mga organisasyon ng kalaban ang hindi tumatarget sa mga legendary Pokémon?  ","Dalam anime, organisasi mana yang tidak menyasarkan Pokémon legenda?",Đội Rocket,Đội Rocket,Team Rocket  ,Team Rocket  ,Tim Rocket  ,Team Rocket  ,Team Rocket  ,Furnace Squad  ,Lò Nung Đội,Furnace Squad  ,ทีมเตาหลอม  ,Tim Tungku  ,Koponan ng Pugon  ,Pasukan Dapur Api  ,Sea Team  ,Đội biển,Sea Team  ,ทีมทะเล  ,Tim Laut  ,Sea Team  ,Pasukan Laut  ,Plasma Team  ,Plasma đội,Plasma Team  ,ทีมพลาสมา  ,Tim Plasma  ,Plasma Team  ,Tim Plasma  ,,
40,2,50,202,"In the anime, which Pokémon is used to transmit information for Team Rocket?  ","Trong anime, Pokémon nào được dùng để truyền thông tin cho Team Rocket?","In the anime, which Pokémon is used to transmit information for Team Rocket?  ",ในอนิเมะ โปเกมอนตัวใดถูกใช้เพื่อส่งข้อมูลให้ทีมร็อคเก็ต?  ,"Dalam anime, Pokémon mana yang digunakan untuk mengirim informasi ke Team Rocket?  ","Sa anime, anong Pokémon ang ginagamit para magpadala ng impormasyon sa Team Rocket?  ","Dalam anime, Pokémon manakah yang digunakan untuk menghantar maklumat kepada Team Rocket?",Messenger Bird,Messenger Bird,Messenger Bird  ,นกผู้ส่งสาร  ,Burung Pengirim  ,Ibon ng Mensahe  ,Burung Pengutus  ,Meow Meow  ,Mèo Mèo,Meow Meow  ,เหมียว เหมียว  ,Meong Meong  ,Miyaw Miyaw  ,Miyaw Miyaw  ,Meowth  ,Meowth,Meowth  ,เมี๊ยวท์  ,Meowth  ,Meowth  ,Meowth  ,Spiritual Wind Chime  ,Chuông gió linh,Spiritual Wind Chime  ,กระดิ่งลมวิญญาณ  ,Lonceng Angin Rohani  ,Spirit Wind Chime  ,Loceng Angin Rohani  ,,
41,2,50,202,"In the anime, who is the boss of Team Rocket?  ","Trong anime, ai là trùm của Team Rocket?","In the anime, who is the boss of Team Rocket?  ",ในอนิเมะ ใครเป็นหัวหน้าทีมร็อคเก็ต?  ,"Dalam anime, siapa bos Team Rocket?  ","Sa anime, sino ang boss ng Team Rocket?  ","Dalam anime, siapakah ketua Team Rocket?",Sakaki,Sakaki,Sakaki  ,Sakaki  ,Sakaki  ,Sakaki  ,Sakaki  ,Bird Walker  ,Chân Điểu,Bird Walker  ,นกเดินดิน  ,Burung Kaki Panjang  ,Ibon na Naglalakad  ,Burung Berjalan  ,Apollo  ,Apollo,Apollo  ,อะพอลโล  ,Apollo  ,Apollo  ,Apollo  ,Meo Meo  ,Meo meo,Meo Meo  ,เมียว เมียว  ,Meo Meo  ,Meo Meo  ,Meo Meo  ,,
42,2,50,202,"In the anime, which mythical Pokémon destroyed Team Rocket's headquarters?  ","Trong anime, trụ sở của Team Rocket đã bị Pokémon thần thoại nào phá hủy?","In the anime, which mythical Pokémon destroyed Team Rocket's headquarters?  ",ในอนิเมะ โปเกมอนในตำนานตัวใดทำลายสำนักงานใหญ่ของทีมร็อคเก็ต?  ,"Dalam anime, Pokémon mitos mana yang menghancurkan markas Team Rocket?  ","Sa anime, anong legendary Pokémon ang sumira sa headquarters ng Team Rocket?  ","Dalam anime, markas Team Rocket telah dimusnahkan oleh Pokémon mitos yang mana?",Mewtwo,Mewtwo,Mewtwo  ,Mewtwo  ,Mewtwo  ,Mewtwo  ,Mewtwo  ,Lugia  ,Lugia,Lugia  ,ลูเกีย  ,Lugia  ,Lugia  ,Lugia  ,Ho-oh  ,Ho-oh,Ho-oh  ,โฮโอ  ,Ho-oh  ,Ho-oh  ,Ho-oh  ,Empty Chair List  ,Liệt ghế trống,Empty Chair List  ,รายชื่อที่นั่งว่าง  ,Daftar Kursi Kosong  ,Empty Seat List  ,Senarai Kerusi Kosong  ,,
43,2,50,202,"In the anime, how many times has Musashi fallen in love at least?  ","Trong anime, Musashi đã yêu bao nhiêu lần ít nhất?","In the anime, how many times has Musashi fallen in love at least?  ",ในอนิเมะ Musashi เคยรักกี่ครั้งอย่างน้อย?  ,"Dalam anime, berapa kali Musashi pernah jatuh cinta minimal?  ","Sa anime, ilang beses umibig si Musashi ng hindi bababa sa?  ","Dalam anime, sekurang-kurangnya berapa kali Musashi telah jatuh cinta?",152,152,,,,,,521,521,521,521,521,521,521,251,251,251,251,251,251,251,150,150,150,150,150,150,150,,
44,2,50,203,"In the anime, Team Magma is mainly searching and researching the location of which Pokémon?  ","Trong anime, Team Magma chủ yếu đang tìm kiếm và nghiên cứu về vị trí của Pokémon nào?","In the anime, Team Magma is mainly searching and researching the location of which Pokémon?  ",ในอนิเมะ ทีม Magma กำลังค้นหาและศึกษาตำแหน่งของโปเกมอนตัวใด?  ,"Dalam anime, Team Magma terutama mencari dan meneliti lokasi Pokémon mana?  ","Sa anime, anong Pokémon ang pangunahing hinahanap at pinag-aaralan ng Team Magma?  ","Dalam anime, Team Magma terutamanya mencari dan mengkaji lokasi Pokémon mana?",Groudon,Groudon,Groudon,Groudon,Groudon,Groudon,Groudon  ,Phoenix  ,Phượng Hoàng,Phoenix  ,ฟีนิกซ์  ,Burung Phoenix  ,Ibon ng Apoy (Phoenix)  ,Burung Api (Phoenix)  ,Volcanion  ,Volcanion,Volcanion  ,โวลคาเนียน  ,Volcanion  ,Volcanion  ,Volcanion  ,Emperor Yan  ,Hoàng đế Yan,Emperor Yan  ,จักรพรรดิหยาน  ,Kaisar Yan  ,Emperor Yan  ,Maharaja Yan  ,,
45,2,50,203,"In the anime, which criminal organization opposes Team Magma due to different ideals?  ","Trong anime, tổ chức tội phạm đối lập với Team Magma vì lý tưởng khác là tổ chức nào?","In the anime, which criminal organization opposes Team Magma due to different ideals?  ",ในอนิเมะ องค์กรอาชญากรรมใดที่ต่อต้านทีม Magma เพราะอุดมการณ์ที่แตกต่าง?  ,"Dalam anime, organisasi kriminal mana yang menentang Team Magma karena ideologi berbeda?  ","Sa anime, anong organisasyong kriminal ang tutol sa Team Magma dahil sa magkaibang ideolohiya?  ","Dalam anime, organisasi jenayah manakah yang menentang Team Magma kerana ideologi berbeza?",Đội Đại dương,Đội Đại dương,Ocean Team  ,ทีมมหาสมุทร  ,Tim Lautan  ,Koponang Karagatan  ,Pasukan Lautan  ,Team Rocket  ,Đội Tên Lửa,Team Rocket  ,ทีมร็อกเก็ต  ,Tim Rocket  ,Team Rocket  ,Pasukan Rocket  ,Galactic Team  ,Đội thiên hà,Galactic Team  ,ทีมกาแลกติก  ,Tim Galactic  ,Galactic Team  ,Pasukan Galactic  ,Plasma Team  ,Đội Plasma,Plasma Team  ,ทีมพลาสมา  ,Tim Plasma  ,Plasma Team  ,Tim Plasma  ,,
46,2,50,203,"In the anime, which criminal organization does not appear in aired anime episodes for special reasons?  ","Trong anime, tổ chức tội phạm nào không xuất hiện trong các tập anime phát sóng vì lý do đặc biệt?","In the anime, which criminal organization does not appear in aired anime episodes for special reasons?  ",ในอนิเมะ องค์กรอาชญากรรมใดที่ไม่ได้ปรากฏในตอนที่ออกอากาศเนื่องจากเหตุผลพิเศษ?  ,"Dalam anime, organisasi kriminal mana yang tidak muncul dalam episode anime yang disiarkan karena alasan khusus?  ","Sa anime, anong organisasyong kriminal ang hindi lumabas sa mga episode ng anime dahil sa espesyal na dahilan?  ","Dalam anime, organisasi jenayah manakah yang tidak muncul dalam episod anime yang disiarkan atas sebab khas?",Đội Plasma,Đội Plasma,Team Plasma  ,ทีมพลาสมา  ,Tim Plasma  ,Team Plasma  ,Team Plasma  ,Team Aqua  ,Đội Hải Dương,Team Aqua  ,ทีมมหาสมุทร  ,Tim Laut  ,Team Aqua  ,Pasukan Aqua  ,Skeleton Team  ,Đội bộ xương,Skeleton Team  ,ทีมโครงกระดูก  ,Tim Kerangka  ,Skeleton Team  ,Pasukan Tengkorak  ,Flare Team  ,Đội Flare,Flare Team  ,ทีมเฟลียร์  ,Tim Flare  ,Flare Team  ,Tim Flare  ,,
47,2,50,203,"In the anime, which Pokémon is the Flame Team searching and researching?  ","Trong anime, Flame Team đang tìm kiếm và nghiên cứu Pokémon nào?","In the anime, which Pokémon is the Flame Team searching and researching?  ",ในอนิเมะ ทีม Flame กำลังค้นหาและศึกษาตัวโปเกมอนใด?  ,"Dalam anime, Pokémon mana yang sedang dicari dan diteliti oleh Flame Team?  ","Sa anime, anong Pokémon ang hinahanap at pinag-aaralan ng Flame Team?  ","Dalam anime, Flame Team sedang mencari dan mengkaji Pokémon mana?",Zygarde,Zygarde,Zygarde  ,Zygarde  ,Zygarde  ,Zygarde  ,Zygarde  ,Yveltal  ,Yveltal,Yveltal  ,Yveltal  ,Yveltal  ,Yveltal  ,Yveltal  ,Xerneas  ,Xerneas,Xerneas  ,เซอร์นีอัส  ,Xerneas  ,Xerneas  ,Xerneas  ,Sonic Dragon  ,Rồng Sonic,Sonic Dragon  ,มังกรโซนิค  ,Naga Sonic  ,Sonic Dragon  ,Naga Sonic  ,,
48,2,50,204,"Except which Pokémon below, all other Pokémon only appear in the anime?  ","Ngoài Pokémon nào dưới đây, tất cả các Pokémon khác chỉ xuất hiện trong anime?","Except which Pokémon below, all other Pokémon only appear in the anime?  ",ยกเว้นโปเกมอนตัวใดด้านล่างนี้ โปเกมอนอื่น ๆ ปรากฏเฉพาะในอนิเมะเท่านั้น?  ,"Selain Pokémon mana di bawah ini, semua Pokémon lainnya hanya muncul di anime?  ","Maliban sa aling Pokémon sa ibaba, lahat ng iba pang Pokémon ay lumalabas lamang sa anime?  ","Selain daripada Pokémon manakah di bawah ini, semua Pokémon lain hanya muncul dalam anime?",Shiny Gengar,Shiny Gengar,Shiny Gengar  ,Shiny Gengar  ,Gengar Shiny  ,Shiny Gengar  ,Shiny Gengar  ,Crystal Stone Snake  ,Thạch Rắn Thủy Tinh,Crystal Stone Snake  ,งูหินผลึก  ,Ular Batu Kristal  ,Ahas ng Kristal  ,Ular Kristal  ,Snow Mewtwo  ,Mewtwo tuyết,Snow Mewtwo  ,มิวทูหิมะ  ,Mewtwo Salju  ,Snow Mewtwo  ,Mewtwo Salji  ,Very Strange Golden Tree  ,Cây vàng thật kỳ lạ,Very Strange Golden Tree  ,ต้นไม้ทองแปลกมาก  ,Pohon Emas yang Sangat Aneh  ,Very Strange Golden Tree  ,Pokok Emas Yang Sangat Aneh  ,,
49,2,50,205,"In the animated film ""Pokémon: Guardian of the Water City Latias and Latios"", what water Pokémon does Misty use?  ","Trong phim hoạt hình ""Pokémon: Guardian of the Water City Latias and Latios"", Pokémon nước mà Misty sử dụng là gì?","In the animated film ""Pokémon: Guardian of the Water City Latias and Latios"", what water Pokémon does Misty use?  ","ในภาพยนตร์การ์ตูน ""โปเกมอน: ผู้พิทักษ์นครน้ำ ลาเทียสและลาเทียส"" โปเกมอนน้ำที่ Misty ใช้คืออะไร?  ","Dalam film animasi ""Pokémon: Guardian of the Water City Latias and Latios"", Pokémon air apa yang digunakan Misty?  ","Sa animated film na ""Pokémon: Guardian of the Water City Latias and Latios"", anong water Pokémon ang ginamit ni Misty?  ","Dalam filem animasi ""Pokémon: Penjaga Bandar Air Latias dan Latios"", apakah Pokémon air yang digunakan oleh Misty?",Sun Coral,Sun Coral,Sun Coral  ,ปะการังตะวัน  ,Karang Matahari  ,Koral ng Araw  ,Karang Suria  ,Mosquito Fragrance Master  ,Muỗi Hương Vận Sĩ,Mosquito Fragrance Master  ,ปรมาจารย์กลิ่นหอมยุง  ,Ahli Aroma Nyamuk  ,Guro ng Mabangong Lamok  ,Guru Nyamuk Wangi  ,Gyarados  ,Gyarados,Gyarados  ,เกียราโดส  ,Gyarados  ,Gyarados  ,Gyarados  ,Gem Starfish  ,Sao biển đá quý,Gem Starfish  ,ปลาดาวอัญมณี  ,Bintang Laut Permata  ,Gem Starfish  ,Bintang Laut Permata  ,,
50,2,50,205,"In the animated film ""Pokémon: Ranger and the Prince of the Sea"", who did Manaphy consider as its mother?  ","Trong phim hoạt hình ""Pokémon: Ranger and the Prince of the Sea"", Manafee đã nhận ai là mẹ?","In the animated film ""Pokémon: Ranger and the Prince of the Sea"", who did Manaphy consider as its mother?  ","ในภาพยนตร์การ์ตูน ""โปเกมอน: ผู้พิทักษ์และเจ้าชายแห่งทะเล"" มานาฟีถือใครเป็นแม่?  ","Dalam film animasi ""Pokémon: Ranger and the Prince of the Sea"", siapa yang dianggap Manaphy sebagai ibunya?  ","Sa animated film na ""Pokémon: Ranger and the Prince of the Sea"", sino ang itinuring ni Manaphy bilang kanyang ina?  ","Dalam filem animasi ""Pokémon: Ranger dan Putera Laut"", siapakah yang diakui sebagai ibu oleh Manafee?",May,May,May  ,May  ,May  ,May  ,May  ,Xiao He  ,Tiểu Hà,Xiao He  ,เสี่ยวเหอ  ,Xiao He  ,Xiao He  ,Xiao He  ,Satoshi  ,Satoshi,Satoshi  ,ซาโตชิ  ,Satoshi  ,Satoshi  ,Satoshi  ,Small Victory  ,Nhỏ thắng,Small Victory  ,ชนะเล็ก  ,Kemenangan Kecil  ,Small Win  ,Kemenangan Kecil  ,,
51,2,50,205,"In the animated film ""Pokémon: The Birth of Lugia"", who jumped into the glacier to save Ash?  ","Trong phim hoạt hình ""Pokémon: The Birth of Lugia"", ai là người đã nhảy vào sông băng cứu Ash?","In the animated film ""Pokémon: The Birth of Lugia"", who jumped into the glacier to save Ash?  ","ในภาพยนตร์การ์ตูน ""โปเกมอน: กำเนิดลูเกีย"" ใครเป็นคนที่กระโดดลงไปในธารน้ำแข็งเพื่อช่วย Ash?  ","Dalam film animasi ""Pokémon: The Birth of Lugia"", siapa yang melompat ke dalam glasier untuk menyelamatkan Ash?  ","Sa animated film na ""Pokémon: The Birth of Lugia"", sino ang tumalon sa glacier para iligtas si Ash?  ","Dalam filem animasi ""Pokémon: Kelahiran Lugia"", siapakah yang terjun ke dalam sungai ais untuk menyelamatkan Ash?",Misty,Misty,Misty  ,Misty  ,Misty  ,Misty  ,Misty  ,Xiao Gang  ,Tiểu Cương,Xiao Gang  ,เสี่ยวกัง  ,Xiao Gang  ,Xiao Gang  ,Xiao Gang  ,Flora  ,Flora,Flora  ,ฟลอร่า  ,Flora  ,Flora  ,Flora  ,Small Trade  ,Nhỏ mậu,Small Trade  ,ค้าขายเล็ก  ,Perdagangan Kecil  ,Small Trade  ,Perdagangan Kecil  ,,
52,2,50,205,"In the animated film ""Pokémon: Giratina and the Bouquet of Ice"", why does Giratina follow Dialga?  ","Trong phim hoạt hình ""Pokémon: Giratina and the Bouquet of Ice"", lý do Giratina theo dõi Dialga là gì?","In the animated film ""Pokémon: Giratina and the Bouquet of Ice"", why does Giratina follow Dialga?  ","ในภาพยนตร์การ์ตูน ""โปเกมอน: กิราติน่าและช่อดอกไม้แห่งน้ำแข็ง"" เหตุผลที่กิราติน่าตามไดอัลก้าคืออะไร?  ","Dalam film animasi ""Pokémon: Giratina and the Bouquet of Ice"", mengapa Giratina mengikuti Dialga?  ","Sa animated film na ""Pokémon: Giratina and the Bouquet of Ice"", bakit sinusundan ni Giratina si Dialga?  ","Dalam filem animasi ""Pokémon: Giratina dan Bunga Ais"", apakah sebab Giratina menjejaki Dialga?",Vì thế giới đảo ngược bị ô nhiễm,Vì thế giới đảo ngược bị ô nhiễm,Thus the Reverse World became polluted  ,ดังนั้นโลกกลับด้านจึงถูกปนเปื้อน  ,Maka Dunia Terbalik menjadi tercemar  ,Kaya’t nadumihan ang Baligtad na Mundo  ,"Oleh itu, Dunia Songsang telah tercemar  ",Because of past grudges  ,Vì mối thù trước đây,Because of past grudges  ,เพราะความแค้นในอดีต  ,Karena dendam masa lalu  ,Dahil sa dating alitan  ,Disebabkan konflik lama  ,For the ability to cross space and time  ,Vì khả năng xuyên không gian và thời gian,For the ability to cross space and time  ,ด้วยความสามารถในการข้ามมิติเวลาและอวกาศ  ,Karena kemampuan menembus ruang dan waktu  ,Dahil sa kakayahang tumawid sa oras at espasyo  ,Kerana kebolehan merentas ruang dan masa  ,Recover Luka’s Imperial Tooth with some items on body  ,Đoạt lại đế răng Luka trên thân một ít vật phẩm,Recover Luka’s Imperial Tooth with some items on body  ,กู้ฟันจักรพรรดิของลูกาบนตัวด้วยของบางชิ้น  ,Mengambil kembali Gigi Kekaisaran Luka pada tubuh dengan beberapa item  ,Recapture Luka’s Imperial Tooth on body with some items  ,Mengambil kembali Gigi Luka di tubuh dengan beberapa barang  ,,
53,2,50,205,"In the animated film ""Pokémon: Arceus and the Jewel of Life"", who helped Ash and his group travel through space and time?  ","Trong phim hoạt hình ""Pokémon: Arceus and the Jewel of Life"", ai đã giúp Ash và nhóm của cậu vượt qua không gian và thời gian?","In the animated film ""Pokémon: Arceus and the Jewel of Life"", who helped Ash and his group travel through space and time?  ","ในภาพยนตร์การ์ตูน ""โปเกมอน: อาร์เซอุสและอัญมณีแห่งชีวิต"" ใครช่วย Ash และกลุ่มของเขาเดินทางผ่านกาลอวกาศ?  ","Dalam film animasi ""Pokémon: Arceus and the Jewel of Life"", siapa yang membantu Ash dan kelompoknya melewati ruang dan waktu?  ","Sa animated film na ""Pokémon: Arceus and the Jewel of Life"", sino ang tumulong kay Ash at sa kanyang grupo na makapaglakbay sa espasyo at oras?  ","Dalam filem animasi ""Pokémon: Arceus dan Permata Kehidupan"", siapakah yang membantu Ash dan kumpulannya merentasi ruang dan masa?",Dialga,Dialga,Dialga  ,Dialga  ,Dialga  ,Dialga  ,Dialga  ,Palkia  ,Palkia,Palkia  ,Palkia  ,Palkia  ,Palkia  ,Palkia  ,Giratina  ,Giratina,Giratina  ,กิราติน่า  ,Giratina  ,Giratina  ,Giratina  ,Al Zeus  ,Al Zeus,Al Zeus  ,อัล ซีอุส  ,Al Zeus  ,Al Zeus  ,Al Zeus  ,,
54,2,50,205,"In the animated film ""Pokémon: The Phantom Champion Zoroark"", which legendary Pokémon attacked in the city?  ","Trong phim hoạt hình ""Pokémon: The Phantom Champion Zoroark"", những Pokémon thần thoại nào đã tấn công trên phố?","In the animated film ""Pokémon: The Phantom Champion Zoroark"", which legendary Pokémon attacked in the city?  ","ในภาพยนตร์การ์ตูน ""โปเกมอน: แชมเปี้ยนผี โซโรอาร์ค"" โปเกมอนในตำนานตัวใดบุกโจมตีในเมือง?  ","Dalam film animasi ""Pokémon: The Phantom Champion Zoroark"", Pokémon legendaris mana yang menyerang di kota?  ","Sa animated film na ""Pokémon: The Phantom Champion Zoroark"", anong mga legendary Pokémon ang umatake sa lungsod?  ","Dalam filem animasi ""Pokémon: Juara Hantu Zoroark"", Pokémon mitos manakah yang menyerang di jalanan?","Raikou, Entei, Suicune","Raikou, Entei, Suicune","Raikou, Entei, Suicune  ","Raikou, Entei, Suicune  ","Raikou, Entei, Suicune  ","Raikou, Entei, Suicune  ","Raikou, Entei, Suicune  ","Fire Phoenix, Zapdos, Articuno  ","Phượng Hoàng Lửa, Điện Điểu, Cấp Đông Điểu","Fire Phoenix, Zapdos, Articuno  ","ฟีนิกซ์ไฟ, ซับโดส, อาร์ติกูน่า  ","Phoenix Api, Zapdos, Articuno  ","Phoenix ng Apoy, Zapdos, Articuno  ","Phoenix Api, Zapdos, Articuno  ","Regirock, Regice, Registeel  ","Regirock, Regice, Registeel","Regirock, Regice, Registeel  ","เรจิร็อค, เรจิไอซ์, เรจิสตีล  ","Regirock, Regice, Registeel  ","Regirock, Regice, Registeel  ","Regirock, Regice, Registeel  ","Luka’s Imperial Tooth, Lucci’s scarf, riding a pulling imperial charging  ","Đế răng Luka, khăn Lucci á, cưỡi kéo đế nạp","Luka’s Imperial Tooth, Lucci’s scarf, riding a pulling imperial charging  ",ฟันจักรพรรดิลูกา ผ้าพันคอลูชิ ขี่ลากจักรพรรดิชาร์จ  ,"Gigi Kekaisaran Luka, syal Lucci, menunggang menarik kekaisaran pengisian daya  ","Luka’s Imperial Tooth, Lucci’s scarf, riding pulling imperial charging  ","Gigi Luka, selendang Lucci, menunggang tarikan imperial charging  ",,
55,2,50,205,"In the movie ""Detective Pikachu"", which Pokémon does not appear?  ","Trong bộ phim ""Detective Pikachu"", Pokémon nào không xuất hiện?","In the movie ""Detective Pikachu"", which Pokémon does not appear?  ","ในภาพยนตร์ ""นักสืบพิคาชู"" โปเกมอนตัวใดไม่ปรากฏ?  ","Dalam film ""Detective Pikachu"", Pokémon mana yang tidak muncul?  ","Sa pelikulang ""Detective Pikachu"", aling Pokémon ang hindi lumabas?  ","Dalam filem ""Detective Pikachu"", Pokémon manakah yang tidak muncul?",Abomasnow,Abomasnow,Abomasnow  ,Abomasnow  ,Abomasnow  ,Abomasnow  ,Abomasnow  ,Exploding Head Buffalo  ,Buffalo Nổ Đầu,Exploding Head Buffalo  ,ควายหัวระเบิด  ,Kerbau Kepala Meledak  ,Kalabaw na Sumabog ang Ulo  ,Kerbau Kepala Meletup  ,Lucario  ,Lucario,Lucario  ,ลูคาริโอ  ,Lucario  ,Lucario  ,Lucario  ,Doll Wall Demon  ,Ma tường con rối,Doll Wall Demon  ,ตุ๊กตากำแพงปีศาจ  ,Boneka Dinding Setan  ,Doll Wall Demon  ,Boneka Dinding Setan  ,,
56,2,50,205,"In the animated film ""Pokémon: Mewtwo Strikes Back - Evolution"", in what year was it released in Japan?  ","Trong phim hoạt hình ""Pokémon: Mewtwo Strikes Back - Evolution"", phim đã được công chiếu vào năm nào tại Nhật Bản?","In the animated film ""Pokémon: Mewtwo Strikes Back - Evolution"", in what year was it released in Japan?  ","ในภาพยนตร์การ์ตูน ""โปเกมอน: มิวทูสู้กลับ - วิวัฒนาการ"" ได้ฉายในญี่ปุ่นปีใด?  ","Dalam film animasi ""Pokémon: Mewtwo Strikes Back - Evolution"", tahun berapa film tersebut dirilis di Jepang?  ","Sa animated film na ""Pokémon: Mewtwo Strikes Back - Evolution"", anong taon ito ipinalabas sa Japan?  ","Dalam film animasi ""Pokémon: Mewtwo Strikes Back - Evolution"", film ini tayang di Jepang pada tahun berapa?",2019,2019,2019,2019,2019,2019,2019,2020,2020,2020,2020,2020,2020,2020,1998,1998,1998,1998,1998,1998,1998,2018,2018,2018,2018,2018,2018,2018,,
57,2,50,205,"In the animated film ""Pokémon: I Choose You!"", after Ash was hit by a shockwave and fell down, what did Pikachu say to move everyone to tears?  ","Trong phim hoạt hình ""Pokémon: I Choose You!"", sau khi Ash bị tấn công bởi sóng xung kích và ngã xuống, Pikachu đã nói gì khiến mọi người xúc động và rơi lệ?","In the animated film ""Pokémon: I Choose You!"", after Ash was hit by a shockwave and fell down, what did Pikachu say to move everyone to tears?  ","ในภาพยนตร์การ์ตูน ""โปเกมอน: ฉันเลือกนาย!"" หลังจากที่ Ash ถูกคลื่นช็อกโจมตีและล้มลง Pikachu พูดอะไรที่ทำให้ทุกคนซาบซึ้งและน้ำตาไหล?  ","Dalam film animasi ""Pokémon: I Choose You!"", setelah Ash terkena gelombang kejut dan jatuh, apa yang dikatakan Pikachu yang membuat semua orang tersentuh dan menangis?  ","Sa animated film na ""Pokémon: I Choose You!"", matapos maapektuhan si Ash ng shockwave at mahulog, ano ang sinabi ni Pikachu na nagpatiba ng damdamin at nagpaluha sa lahat?  ","Dalam film animasi ""Pokémon: I Choose You!"", setelah Ash diserang oleh gelombang kejut dan jatuh, apa yang dikatakan Pikachu yang membuat semua orang tersentuh dan meneteskan air mata?",", Vì… vì… muốn mãi… ở bên nhau",", Vì… vì… muốn mãi… ở bên nhau",B-Because… I just… want to be together forever  ,เพ-เพราะว่า... อยากอยู่ด้วยกันตลอดไป  ,Ka-Karena... ingin selalu bersama selamanya  ,Da-Dahil… gusto kong… manatiling magkasama magpakailanman  ,Ke-Kerana... aku mahu... kekal bersama selama-lamanya  ,Tạm biệt ~,Tạm biệt ~,Tạm biệt ~,ลาก่อน ~  ,Selamat tinggal ~  ,Paalam ~  ,Selamat tinggal ~  ,It’s decided… goodbye~  ,"Đã... định rồi, tạm biệt~",It’s decided… goodbye~  ,ตกลงแล้ว... ลาก่อน~  ,"Sudah... diputuskan, selamat tinggal~  ",Napagpasyahan na... paalam~  ,Sudah diputuskan... selamat tinggal~  ,One Hundred Thousand Volts!  ,Mười vạn Volt!,One Hundred Thousand Volts!  ,หนึ่งแสนโวลต์!  ,Seratus Ribu Volt!  ,One Hundred Thousand Volts!  ,Seratus Ribu Volt!  ,,
58,2,50,205,"In the animated film ""Pokémon: Destiny Deoxys"", the collapse of which city's system caused the Pokéball management system to malfunction, making all Pokéballs unusable?  ","Trong phim hoạt hình ""Pokémon: Destiny Deoxys"", sự sụp đổ của hệ thống thành phố nào đã khiến hệ thống quản lý Pokéballs bị tê liệt, làm cho mọi Pokéball không thể sử dụng được?","In the animated film ""Pokémon: Destiny Deoxys"", the collapse of which city's system caused the Pokéball management system to malfunction, making all Pokéballs unusable?  ","ในภาพยนตร์การ์ตูน ""โปเกมอน: เดสตินี เดอ็อกซี่"" การล่มสลายของระบบเมืองใดทำให้ระบบจัดการ Pokéball หยุดทำงาน ทำให้ Pokéball ทุกลูกไม่สามารถใช้ได้?  ","Dalam film animasi ""Pokémon: Destiny Deoxys"", runtuhnya sistem kota mana yang menyebabkan sistem manajemen Pokéball terganggu, sehingga semua Pokéball tidak dapat digunakan?  ","Sa animated film na ""Pokémon: Destiny Deoxys"", ang pagbagsak ng sistema ng anong lungsod ang nagdulot ng pagkasira ng sistema ng pamamahala ng Pokéball, kaya hindi nagamit ang lahat ng Pokéball?  ","Dalam film animasi ""Pokémon: Destiny Deoxys"", runtuhnya sistem kota mana yang menyebabkan sistem pengelolaan Pokéball lumpuh dan semua Pokéball tidak dapat digunakan?",Lavender Town,Lavender Town,Lavender Town  ,เมืองลาเวนเดอร์  ,Kota Lavender  ,Bayan ng Lavender  ,Bandar Lavender  ,Sáo Lý Sơn,Sáo Lý Sơn,Sáo Lý Sơn,ขลุ่ยหลี่ซาน  ,Seruling Ly Son  ,Plawta ng Ly Son  ,Seruling Ly Son  ,Priga City  ,Thành phố Priga,Priga City  ,เมืองพริกา  ,Kota Priga  ,Lungsod ng Priga  ,Bandar Priga  ,Fei Yun Market  ,Phi Vân thị,Fei Yun Market  ,ตลาดเฟยหยุน  ,Pasar Fei Yun  ,Fei Yun Market  ,Pasar Fei Yun  ,,
59,2,50,205,"In the animated film ""Pokémon: Battle Frontier"", which three legendary Pokémon appeared?  ","Trong phim hoạt hình ""Pokémon: Battle Frontier"", ba Pokémon thần thoại nào đã xuất hiện?","In the animated film ""Pokémon: Battle Frontier"", which three legendary Pokémon appeared?  ","ในภาพยนตร์การ์ตูน ""โปเกมอน: สมรภูมิโฟร์ริเออร์"" โปเกมอนในตำนานสามตัวใดที่ปรากฏ?  ","Dalam film animasi ""Pokémon: Battle Frontier"", tiga Pokémon legendaris mana yang muncul?  ","Sa animated film na ""Pokémon: Battle Frontier"", anong tatlong legendary Pokémon ang lumabas?  ","Dalam film animasi ""Pokémon: Battle Frontier"", tiga Pokémon mitos mana yang muncul?","Dialga, Palkia, Darkrai","Dialga, Palkia, Darkrai","Dialga, Palkia, Darkrai  ","ไดอัลก้า, พัลเกีย, ดาร์ไคร  ","Dialga, Palkia, Darkrai  ","Dialga, Palkia, Darkrai  ","Dialga, Palkia, Darkrai  ","Dialga, Palkia, Giratina","Dialga, Palkia, Giratina","Dialga, Palkia, Giratina","Dialga, Palkia, Giratina  ","Dialga, Palkia, Giratina  ","Dialga, Palkia, Giratina  ","Dialga, Palkia, Giratina  ","Dialga, Giratina, Darkrai  ","Dialga, Giratina, Darkrai","Dialga, Giratina, Darkrai  ","ไดอัลก้า, กิราติน่า, ดาร์คไร  ","Dialga, Giratina, Darkrai  ","Dialga, Giratina, Darkrai  ","Dialga, Giratina, Darkrai  ",Riding pulling imperial charging Lucci’s scarf Dat Clay Y  ,Cưỡi kéo đế nạp Khăn Lucci á Đạt Clay y,Riding pulling imperial charging Lucci’s scarf Dat Clay Y  ,ขี่ลากจักรพรรดิชาร์จ ผ้าพันคอลูชิ ดัต เคลย์ วาย  ,Menunggang menarik kekaisaran pengisian daya syal Lucci Dat Clay Y  ,Riding pulling imperial charging Lucci’s scarf Dat Clay Y  ,Menunggang tarikan imperial charging selendang Lucci Dat Clay Y  ,,
60,2,20,206,"In this game, which Pokémon cannot be used as material for star upgrade for other Pokémon?  ","Trong trò chơi này, Pokémon nào không thể sử dụng làm nguyên liệu nâng cấp sao cho Pokémon?","In this game, which Pokémon cannot be used as material for star upgrade for other Pokémon?  ",ในเกมนี้ โปเกมอนตัวใดไม่สามารถใช้เป็นวัตถุดิบสำหรับการอัพเกรดดาวของโปเกมอนได้?  ,"Dalam permainan ini, Pokémon mana yang tidak dapat digunakan sebagai bahan untuk meningkatkan bintang Pokémon lain?  ","Sa larong ito, aling Pokémon ang hindi maaaring gamitin bilang materyal para sa star upgrade ng ibang Pokémon?  ","Dalam permainan ini, Pokémon mana yang tidak dapat digunakan sebagai bahan peningkatan bintang untuk Pokémon?",Một Tinh linh cùng loại đã đạt sao tối đa,Một Tinh linh cùng loại đã đạt sao tối đa,A Spirit of the same type has reached max stars  ,วิญญาณประเภทเดียวกันได้ดาวสูงสุดแล้ว  ,Roh sejenis telah mencapai bintang maksimal  ,Isang Espiritu ng parehong uri ay nakarating sa pinakamataas na bituin  ,Roh dari jenis yang sama telah mencapai bintang tertinggi  ,Biến Hình Quái,Biến Hình Quái,Biến Hình Quái,สัตว์ประหลาดแปลงร่าง  ,Monster Transformasi  ,Halimaw ng Pagbabagong-anyo  ,Raksasa Penjelmaan  ,Same-type Pokémon created from the transformation of universal shards  ,Pokémon cùng hệ được tạo ra từ việc biến hóa mảnh vỡ vạn năng,Same-type Pokémon created from the transformation of universal shards  ,โปเกมอนประเภทเดียวกันที่เกิดจากการเปลี่ยนแปลงของเศษอเนกประสงค์  ,Pokémon tipe sama yang tercipta dari pecahan serbaguna  ,Magkaparehong-type na Pokémon na nilikha mula sa pagbago ng mga shard  ,Pokémon sejenis yang terhasil daripada serpihan serba guna  ,Not yet nurtured with linked spirits  ,Chưa bồi dưỡng cùng hệ liệt tinh linh,Not yet nurtured with linked spirits  ,ยังไม่ได้เลี้ยงดูด้วยจิตวิญญาณที่เชื่อมโยง  ,Belum dipelihara dengan roh terkait  ,Not yet nurtured with linked spirits  ,Belum dibesarkan dengan roh terkait  ,,
61,2,20,206,"In this game, after reaching maximum star level, the feature to upgrade Pokémon max attributes will unlock, but which attribute cannot be upgraded?  ","Trong trò chơi này, sau khi đạt cấp sao tối đa, tính năng nâng cấp thuộc tính tối đa của Pokémon sẽ mở ra, nhưng thuộc tính nào không thể nâng cấp?","In this game, after reaching maximum star level, the feature to upgrade Pokémon max attributes will unlock, but which attribute cannot be upgraded?  ",ในเกมนี้ หลังจากถึงระดับดาวสูงสุด ฟีเจอร์อัพเกรดค่าสถานะสูงสุดของโปเกมอนจะปลดล็อก แต่ค่าสถานะใดไม่สามารถอัพเกรดได้?  ,"Dalam permainan ini, setelah mencapai level bintang maksimum, fitur peningkatan atribut maksimum Pokémon akan terbuka, tetapi atribut mana yang tidak dapat ditingkatkan?  ","Sa larong ito, pagkatapos maabot ang maximum star level, magbubukas ang feature ng pag-upgrade ng max attributes ng Pokémon, pero alin na attribute ang hindi pwedeng i-upgrade?  ","Dalam permainan ini, setelah mencapai tingkat bintang maksimum, fitur peningkatan atribut maksimum Pokémon akan terbuka, tetapi atribut mana yang tidak bisa ditingkatkan?",Tốc độ,Tốc độ,Speed  ,ความเร็ว  ,Kecepatan  ,Bilis  ,Kelajuan  ,Phá Vệ,Phá Vệ,Phá Vệ,ทะลวงการป้องกัน  ,Penghancur Pertahanan  ,Sirang Bantay  ,Pengawal Rosak  ,Critical rate  ,Tỷ lệ chí mạng,Critical rate  ,อัตราคริติคอล  ,Tingkat kritikal  ,Critical rate  ,Kadar kritikal  ,Critical Hit Resistance  ,Bạo kích kháng tính,Critical Hit Resistance  ,ต้านทานคริติคอลฮิต  ,Ketahanan Serangan Kritis  ,Critical Hit Resistance  ,Ketahanan Kritikal  ,,
62,2,20,206,"In this game, which system provides free special benefits?  ","Trong trò chơi này, hệ thống nào cung cấp các quyền lợi đặc biệt miễn phí?","In this game, which system provides free special benefits?  ",ในเกมนี้ ระบบใดที่ให้สิทธิพิเศษฟรี?  ,"Dalam permainan ini, sistem mana yang memberikan keuntungan khusus gratis?  ","Sa larong ito, anong sistema ang nagbibigay ng mga espesyal na benepisyo nang libre?  ","Dalam permainan ini, sistem mana yang menyediakan keuntungan spesial secara gratis?",Giấy phép phiêu lưu,Giấy phép phiêu lưu,Adventure License  ,ใบอนุญาตผจญภัย  ,Lisensi Petualangan  ,Lisensyang Pakikipagsapalaran  ,Lesen Pengembaraan  ,VIP,VIP,VIP,วีไอพี  ,VIP  ,VIP  ,VIP  ,Monthly card  ,Thẻ tháng,Monthly card  ,บัตรรายเดือน  ,Kartu Bulanan  ,Monthly card  ,Kad Bulanan  ,Pass Card  ,Giấy thông hành,Pass Card  ,บัตรผ่าน  ,Kartu Izin  ,Pass Card  ,Kad Laluan  ,,
63,2,20,206,"In this game, which statement about gym is wrong?  ","Trong trò chơi này, câu nào về phòng gym là sai?","In this game, which statement about gym is wrong?  ",ในเกมนี้ ประโยคใดเกี่ยวกับยิมไม่ถูกต้อง?  ,"Dalam permainan ini, pernyataan mana tentang gym yang salah?  ","Sa larong ito, aling pahayag tungkol sa gym ang mali?  ","Dalam permainan ini, pernyataan mana tentang gym yang salah?",Nhật ký đấu gym mỗi tuần sẽ được lưu lại vĩnh viễn,Nhật ký đấu gym mỗi tuần sẽ được lưu lại vĩnh viễn,Weekly gym battle logs will be permanently saved  ,บันทึกการต่อสู้ยิมประจำสัปดาห์จะถูกเก็บถาวร  ,Catatan gym mingguan akan disimpan secara permanen  ,Ang lingguhang tala ng laban sa gym ay mananatiling naka-save magpakailanman  ,Rekod mingguan pertempuran gim akan disimpan selama-lamanya  ,Đấu Trường Phụ Bản Mỗi Tuần Được Cập Nhật,Đấu Trường Phụ Bản Mỗi Tuần Được Cập Nhật,Đấu Trường Phụ Bản Mỗi Tuần Được Cập Nhật,อารีนาเสริมอัปเดตทุกสัปดาห์  ,Arena Tambahan Diperbarui Setiap Minggu  ,Sub-Arena Ina-update Lingguhan  ,Sub-Arena Dikemas Kini Mingguan  ,Gym challenge difficulty is affected by your combat power  ,Độ khó của thử thách gym ảnh hưởng bởi sức mạnh chiến đấu của bản thân,Gym challenge difficulty is affected by your combat power  ,ความยากของยิมขึ้นอยู่กับพลังต่อสู้ของคุณ  ,Tingkat kesulitan gym dipengaruhi oleh kekuatan tempurmu  ,Ang hirap ng gym ay naaapektuhan ng battle power mo  ,Tahap kesukaran gym bergantung kepada kuasa tempur anda  ,Can harvest material enhancement medals  ,Có thể thu hoạch được huy chương cường hóa vật liệu,Can harvest material enhancement medals  ,สามารถเก็บเหรียญเสริมวัสดุได้  ,Dapat memanen medali peningkatan bahan  ,Can harvest material enhancement medals  ,Boleh menuai pingat peningkatan bahan  ,,
64,2,20,206,"In this game, what can you get when participating in the Adventure Road challenge to train Pokémon?  ","Trong trò chơi này, khi tham gia thử thách Adventure Road, bạn có thể nhận được gì để huấn luyện Pokémon?","In this game, what can you get when participating in the Adventure Road challenge to train Pokémon?  ",ในเกมนี้ เมื่อเข้าร่วมการท้าทาย Adventure Road คุณจะได้รับอะไรเพื่อฝึกโปเกมอน?  ,"Dalam permainan ini, apa yang bisa kamu dapatkan saat mengikuti tantangan Adventure Road untuk melatih Pokémon?  ","Sa larong ito, ano ang makukuha mo kapag sumali ka sa Adventure Road challenge para mag-training ng Pokémon?  ","Dalam permainan ini, saat mengikuti tantangan Adventure Road, apa yang bisa kamu dapatkan untuk melatih Pokémon?",Nỗ lực,Nỗ lực,Effort  ,ความพยายาม  ,Usaha  ,Pagsisikap  ,Usaha  ,Tiềm Năng,Tiềm Năng,Tiềm Năng,ศักยภาพ  ,Potensi  ,Potensyal  ,Potensi  ,Soul Gem  ,Ngọc hồn,Soul Gem  ,อัญมณีวิญญาณ  ,Permata Jiwa  ,Kaluluwang Hiyas  ,Permata Jiwa  ,Refinement Level  ,Tinh cấp,Refinement Level  ,ระดับกลั่น  ,Tingkat Penyempurnaan  ,Refinement Level  ,Tahap Penapisan  ,,
65,2,20,206,"In this game, when can players automatically register for Pokémon League every day?  ","Trong trò chơi này, khi nào người chơi có thể tự động đăng ký vào Pokémon League mỗi ngày?","In this game, when can players automatically register for Pokémon League every day?  ",ในเกมนี้ ผู้เล่นสามารถลงทะเบียนเข้าสู่ Pokémon League อัตโนมัติได้ทุกวันเมื่อใด?  ,"Dalam permainan ini, kapan pemain bisa mendaftar otomatis ke Pokémon League setiap hari?  ","Sa larong ito, kailan maaaring awtomatikong magrehistro ang mga manlalaro sa Pokémon League araw-araw?  ","Dalam permainan ini, kapan pemain akan otomatis terdaftar ke Pokémon League setiap hari?",3,3,,,,,,5,5,5,5,5,5,5,4,4,4,4,4,4,4,2,2,2,2,2,2,2,,
66,2,20,206,"In this game, on which day of the week does the Guild Battle duel time take place?  ","Trong trò chơi này, thời gian quyết đấu của Cuộc chiến Guild diễn ra vào ngày nào trong tuần?","In this game, on which day of the week does the Guild Battle duel time take place?  ",ในเกมนี้ เวลาแข่งขันใน Guild Battle จะจัดขึ้นในวันใดของสัปดาห์?  ,"Dalam permainan ini, hari apa dalam minggu duel Pertarungan Guild diadakan?  ","Sa larong ito, anong araw ng linggo ginaganap ang oras ng duel para sa Guild Battle?  ","Dalam permainan ini, pertarungan Guild berlangsung pada hari apa dalam seminggu?",Thứ Bảy,Thứ Bảy,Saturday  ,วันเสาร์  ,Sabtu  ,Sabado  ,Sabtu  ,Friday  ,Thứ Sáu,Friday  ,วันศุกร์  ,Jumat  ,Biyernes  ,Jumaat  ,Thursday  ,Thứ Năm,Thursday  ,วันพฤหัสบดี  ,Kamis  ,Huwebes  ,Khamis  ,Sunday  ,Chủ nhật,Sunday  ,วันอาทิตย์  ,Minggu  ,Sunday  ,Ahad  ,,
67,2,20,206,"In this game, which statement about the secret shop is wrong?  ","Trong trò chơi này, câu nào về cửa hàng bí ẩn là sai?","In this game, which statement about the secret shop is wrong?  ",ในเกมนี้ ประโยคใดเกี่ยวกับร้านลับไม่ถูกต้อง?  ,"Dalam permainan ini, pernyataan mana tentang toko rahasia yang salah?  ","Sa larong ito, aling pahayag tungkol sa secret shop ang mali?  ","Dalam permainan ini, pernyataan mana tentang toko misterius yang salah?",Cửa hàng bí mật sẽ luôn tồn tại,Cửa hàng bí mật sẽ luôn tồn tại,The secret shop will always exist  ,ร้านลับจะคงอยู่เสมอ  ,Toko rahasia akan selalu ada  ,Mananatiling umiiral ang lihim na tindahan  ,Kedai rahsia akan terus wujud  ,Limited number of activations per day  ,Hạn chế số lần kích hoạt mỗi ngày,Limited number of activations per day  ,จำกัดจำนวนครั้งในการเปิดใช้งานต่อวัน  ,Batas jumlah aktivasi per hari  ,Limitado ang bilang ng beses ng pag-activate bawat araw  ,Bilangan pengaktifan terhad setiap hari  ,"After consuming a certain amount of stamina, it can be refreshed","Sau khi tiêu tốn một lượng thể lực nhất định, có khả năng làm mới","After consuming a certain amount of stamina, it can be refreshed",หลังจากใช้พลังงานจำนวนหนึ่ง จะสามารถรีเฟรชได้,"Setelah menghabiskan stamina tertentu, bisa diperbarui","Pagkatapos gumamit ng sapat na stamina, puwedeng i-refresh","Selepas menggunakan stamina tertentu, boleh disegar semula",Most commodities have price discounts  ,Đa số thương phẩm có được chiết khấu giá cả,Most commodities have price discounts  ,สินค้าส่วนใหญ่มีส่วนลดราคา  ,Sebagian besar barang memiliki diskon harga  ,Most commodities have price discounts  ,Kebanyakan barangan mendapat diskaun harga  ,,
68,2,20,206,"In this game, when can players unlock the skill skip feature?  ","Trong trò chơi này, khi nào người chơi có thể mở tính năng bỏ qua kỹ năng?","In this game, when can players unlock the skill skip feature?  ",ในเกมนี้ ผู้เล่นจะปลดล็อกฟีเจอร์ข้ามสกิลได้เมื่อใด?  ,"Dalam permainan ini, kapan pemain bisa membuka fitur lewati skill?  ","Sa larong ito, kailan mabubuksan ng mga manlalaro ang skill skip feature?  ","Dalam permainan ini, kapan pemain dapat membuka fitur lewati skill?",15,15,15,15,15,15,15,1,1,1,1,1,1,1,10,10,10,10,10,10,10,20,20,20,20,20,20,20,,
69,2,20,206,"In this game, when can players unlock the exploration feature?  ","Trong trò chơi này, khi nào người chơi có thể mở tính năng khám phá?","In this game, when can players unlock the exploration feature?  ",ในเกมนี้ ผู้เล่นจะปลดล็อกฟีเจอร์สำรวจได้เมื่อใด?  ,"Dalam permainan ini, kapan pemain bisa membuka fitur eksplorasi?  ","Sa larong ito, kailan mabubuksan ng mga manlalaro ang exploration feature?  ","Dalam permainan ini, kapan pemain dapat membuka fitur eksplorasi?",33,33,33,33,33,33,33,20,20,20,20,20,20,20,25,25,25,25,25,25,25,30,30,30,30,30,30,30,,
70,2,20,206,"In this game, when can players unlock the quick skill upgrade feature?  ","Trong trò chơi này, khi nào người chơi có thể mở tính năng nâng cấp nhanh kỹ năng?","In this game, when can players unlock the quick skill upgrade feature?  ",ในเกมนี้ ผู้เล่นจะปลดล็อกฟีเจอร์อัพเกรดสกิลเร็วได้เมื่อใด?  ,"Dalam permainan ini, kapan pemain bisa membuka fitur peningkatan skill cepat?  ","Sa larong ito, kailan mabubuksan ng mga manlalaro ang quick skill upgrade feature?  ","Dalam permainan ini, kapan pemain dapat membuka fitur peningkatan skill cepat?",35,35,35,35,35,35,35,10,10,10,10,10,10,10,20,20,20,20,20,20,20,40,40,40,40,40,40,40,,
71,2,20,206,"In this game, when can players detect catchable Pokémon after consuming stamina?  ","Trong trò chơi này, khi nào người chơi có thể phát hiện Pokémon có thể bắt được sau khi tiêu tốn sức bền?","In this game, when can players detect catchable Pokémon after consuming stamina?  ",ในเกมนี้ ผู้เล่นจะตรวจพบโปเกมอนที่สามารถจับได้หลังจากใช้พลังงานเมื่อใด?  ,"Dalam permainan ini, kapan pemain bisa mendeteksi Pokémon yang dapat ditangkap setelah mengonsumsi stamina?  ","Sa larong ito, kailan makakadetect ang mga manlalaro ng catchable Pokémon pagkatapos gumamit ng stamina?  ","Dalam permainan ini, kapan pemain dapat mendeteksi Pokémon yang bisa ditangkap setelah menghabiskan stamina?",36,36,36,36,36,36,36,30,30,30,30,30,30,30,35,35,35,35,35,35,35,40,40,40,40,40,40,40,,
72,2,20,206,"In this game, when can players unlock the achievement system?  ","Trong trò chơi này, khi nào người chơi có thể mở hệ thống thành tựu?","In this game, when can players unlock the achievement system?  ",ในเกมนี้ ผู้เล่นจะปลดล็อกระบบความสำเร็จเมื่อใด?  ,"Dalam permainan ini, kapan pemain bisa membuka sistem pencapaian?  ","Sa larong ito, kailan mabubuksan ng mga manlalaro ang achievement system?  ","Dalam permainan ini, kapan pemain dapat membuka sistem pencapaian?",50,50,50,50,50,50,50,45,45,45,45,45,45,45,40,40,40,40,40,40,40,60,60,60,60,60,60,60,,
73,2,20,206,"In this game, when can players unlock the fishing feature?  ","Trong trò chơi này, khi nào người chơi có thể mở tính năng câu cá?","In this game, when can players unlock the fishing feature?  ",ในเกมนี้ ผู้เล่นจะปลดล็อกฟีเจอร์ตกปลาเมื่อใด?  ,"Dalam permainan ini, kapan pemain bisa membuka fitur memancing?  ","Sa larong ito, kailan mabubuksan ng mga manlalaro ang fishing feature?  ","Dalam permainan ini, kapan pemain dapat membuka fitur memancing?",65,65,65,65,65,65,65,50,50,50,50,50,50,50,55,55,55,55,55,55,55,60,60,60,60,60,60,60,,
74,2,20,206,"In this game, when can players unlock the magic stone system?  ","Trong trò chơi này, khi nào người chơi có thể mở hệ thống đá phép?","In this game, when can players unlock the magic stone system?  ",ในเกมนี้ ผู้เล่นจะปลดล็อกระบบหินเวทย์มนตร์เมื่อใด?  ,"Dalam permainan ini, kapan pemain bisa membuka sistem batu sihir?  ","Sa larong ito, kailan mabubuksan ng mga manlalaro ang magic stone system?  ","Dalam permainan ini, kapan pemain dapat membuka sistem batu sihir?",66,66,66,66,66,66,66,56,56,56,56,56,56,56,60,60,60,60,60,60,60,70,70,70,70,70,70,70,,
75,2,20,206,"In this game, when can players unlock the mega evolution feature?  ","Trong trò chơi này, khi nào người chơi có thể mở tính năng siêu tiến hóa?","In this game, when can players unlock the mega evolution feature?  ",ในเกมนี้ ผู้เล่นจะปลดล็อกฟีเจอร์การวิวัฒนาการเมก้าเมื่อใด?  ,"Dalam permainan ini, kapan pemain bisa membuka fitur mega evolusi?  ","Sa larong ito, kailan mabubuksan ng mga manlalaro ang mega evolution feature?  ","Dalam permainan ini, kapan pemain dapat membuka fitur mega evolusi?",68,68,68,68,68,68,68,50,50,50,50,50,50,50,58,58,58,58,58,58,58,60,60,60,60,60,60,60,,
76,2,20,206,Which of the following Pokémon is a Dragon type?  ,Loại Pokémon nào sau đây thuộc hệ Rồng?,Which of the following Pokémon is a Dragon type?  ,โปเกมอนชนิดใดต่อไปนี้เป็นประเภทมังกร?  ,Pokémon tipe apa berikut ini yang termasuk jenis Naga?  ,Alin sa mga sumusunod na Pokémon ang Dragon-type?  ,Jenis Pokémon manakah yang tergolong dalam jenis Naga?,70,70,70,70,70,70,70,60,60,60,60,60,60,60,65,65,65,65,65,65,65,75,75,75,75,75,75,75,,
77,2,50,224,Which of the following Pokémon is a Dragon type?  ,Loại Pokémon nào sau đây thuộc hệ Rồng?,Which of the following Pokémon is a Dragon type?  ,โปเกมอนชนิดใดต่อไปนี้เป็นประเภทมังกร?  ,Pokémon tipe apa berikut ini yang termasuk jenis Naga?  ,Alin sa mga sumusunod na Pokémon ang Dragon-type?  ,Jenis Pokémon manakah yang tergolong dalam jenis Naga?,Whirlwind Dragon,Whirlwind Dragon,Whirlwind Dragon,Whirlwind Dragon,Whirlwind Dragon,Whirlwind Dragon,Naga Pusaran Angin  ,Tropical Dragon  ,Rồng Nhiệt Đới,Tropical Dragon  ,มังกรเขตร้อน  ,Naga Tropis  ,Tropikal na Dragon  ,Naga Tropika  ,Gyarados  ,Gyarados,Gyarados  ,เกียราโดส  ,Gyarados  ,Gyarados  ,Gyarados  ,Fossil Pterosaur  ,Hoá thạch Dực Long,Fossil Pterosaur  ,ฟอสซิลปักษุ Pterosaur  ,Fosil Pterosaur  ,Fossil Pterosaur  ,Fosil Pterosaur  ,,
78,2,50,207,Which of the following Pokémon has the greatest weight?  ,Loại Pokémon nào sau đây có trọng lượng lớn nhất?,Which of the following Pokémon has the greatest weight?  ,โปเกมอนตัวใดที่มีน้ำหนักมากที่สุด?  ,Pokémon mana yang memiliki berat terbesar?  ,Aling Pokémon ang may pinakamabigat na timbang?  ,Jenis Pokémon manakah yang paling berat?,Giratina,Giratina,Giratina,Giratina,Giratina,Giratina,Giratina  ,Palkia  ,Palkia,Palkia  ,พัลเกีย  ,Palkia  ,Palkia  ,Palkia  ,Dialga  ,Dialga,Dialga  ,ไดอัลก้า  ,Dialga  ,Dialga  ,Dialga  ,Thunder Sand Kaz  ,Lôi Cát kỳ Kaz,Thunder Sand Kaz  ,ทรายสายฟ้า Kaz  ,Pasir Petir Kaz  ,Thunder Sand Kaz  ,Pasir Petir Kaz  ,,
79,2,50,207,Which Pokémon has the greatest weight?  ,Loại Pokémon nào có trọng lượng lớn nhất?,Which Pokémon has the greatest weight?  ,โปเกมอนตัวใดที่มีน้ำหนักมากที่สุด?  ,Pokémon mana yang memiliki berat terbesar?  ,Aling Pokémon ang may pinakamabigat na timbang?  ,Jenis Pokémon manakah yang paling berat?,Flower Healing Ring,Flower Healing Ring,Flower Healing Ring,Flower Healing Ring,Flower Healing Ring,Flower Healing Ring,Cincin Penyembuh Bunga  ,Sword Dance Scroll  ,Giấy Múa Kiếm,Sword Dance Scroll  ,กระดาษระบำดาบ  ,Kertas Tarian Pedang  ,Scroll ng Sayaw ng Espada  ,Skrol Tarian Pedang  ,Flora  ,Flora,Flora  ,ฟลอร่า  ,Flora  ,Flora  ,Flora  ,Coase Old Neck  ,Coase chớ cổ,Coase Old Neck  ,คอเก่า Coase  ,Coase Leher Tua  ,Coase Old Neck  ,Coase Leher Lama  ,,
80,2,50,207,Which Pokémon has the smallest weight?  ,Loại Pokémon nào có trọng lượng nhỏ nhất?,Which Pokémon has the smallest weight?  ,โปเกมอนตัวใดที่มีน้ำหนักน้อยที่สุด?  ,Pokémon mana yang paling ringan?  ,Aling Pokémon ang may pinakamagaan na timbang?  ,Jenis Pokémon manakah yang paling ringan?,Gastly,Gastly,Gastly,Gastly,Gastly,Gastly,Gastly  ,Little Nail  ,Bé Đinh,Little Nail  ,ตะปูเล็ก  ,Paku Kecil  ,Munting Pako  ,Paku Kecil  ,Chimecho  ,Chimecho,Chimecho  ,ไชมิโช  ,Chimecho  ,Chimecho  ,Chimecho  ,Single Cell Spherical Egg  ,Đơn tế bào trứng cầu,Single Cell Spherical Egg  ,เซลล์เดี่ยวไข่ทรงกลม  ,Sel Telur Bulat Sel Tunggal  ,Single Cell Spherical Egg  ,Sel Telur Bulat Tunggal  ,,
81,2,50,207,Which Pokémon has the smallest weight?  ,Loại Pokémon nào có trọng lượng nhỏ nhất?,Which Pokémon has the smallest weight?  ,โปเกมอนตัวใดที่มีน้ำหนักน้อยที่สุด?  ,Pokémon mana yang paling ringan?  ,Aling Pokémon ang may pinakamagaan na timbang?  ,Jenis Pokémon manakah yang paling ringan?,Mewtwo,Mewtwo,Mewtwo,Mewtwo,Mewtwo,Mewtwo,Mewtwo  ,Lugia  ,Lugia,Lugia  ,ลูเกีย  ,Lugia  ,Lugia  ,Lugia  ,Rayquaza  ,Rayquaza,Rayquaza  ,เรควาซา  ,Rayquaza  ,Rayquaza  ,Rayquaza  ,Pull Hard  ,Cố kéo nhiều,Pull Hard  ,ดึงแรง  ,Tarik Keras  ,Pull Hard  ,Tarik Kuat  ,,
82,2,50,207,Which Pokémon is the tallest?  ,Loại Pokémon nào cao nhất?,Which Pokémon is the tallest?  ,โปเกมอนตัวใดที่สูงที่สุด?  ,Pokémon mana yang paling tinggi?  ,Aling Pokémon ang pinakamataas?  ,Jenis Pokémon manakah yang paling tinggi?,Whale King,Whale King,Whale King,Whale King,Whale King,Whale King,Raja Paus  ,Steel Serpent  ,Đại Thép Xà,Steel Serpent  ,งูเหล็กยักษ์  ,Ular Baja Besar  ,Higanteng Ahas na Bakal  ,Ular Besi Gergasi  ,Alolan Exeggutor  ,Exeggutor Alola,Alolan Exeggutor  ,เอกเซกกิวเตอร์อโลลา  ,Exeggutor Alola  ,Alolan Exeggutor  ,Exeggutor Alola  ,Close European Card  ,Đóng Âu thẻ,Close European Card  ,ปิดบัตรยุโรป  ,Tutup Kartu Eropa  ,Close European Card  ,Tutup Kartu Eropah  ,,
83,2,50,207,Which Pokémon is the tallest?  ,Loại Pokémon nào cao nhất?,Which Pokémon is the tallest?  ,โปเกมอนตัวใดที่สูงที่สุด?  ,Pokémon mana yang paling tinggi?  ,Aling Pokémon ang pinakamataas?  ,Jenis Pokémon manakah yang paling tinggi?,Xoxo Bird,Xoxo Bird,Xoxo Bird,Xoxo Bird,Xoxo Bird,Xoxo Bird,Burung Xoxo  ,Messenger Bird  ,Sứ Giả Điểu,Messenger Bird  ,นกผู้ส่งสาร  ,Burung Utusan  ,Ibon ng Mensahe  ,Burung Pengutus  ,Psyduck  ,Psyduck,Psyduck  ,ไซดั๊ก  ,Psyduck  ,Psyduck  ,Psyduck  ,Not Afraid of Kid  ,Không sợ tiểu tử,Not Afraid of Kid  ,ไม่กลัวเด็ก  ,Tak Takut Anak Kecil  ,Not Afraid of Kid  ,Tak Takut Kanak-kanak  ,,
84,2,50,207,Which Pokémon is the shortest?  ,Loại Pokémon nào thấp nhất?,Which Pokémon is the shortest?  ,โปเกมอนตัวใดที่เตี้ยที่สุด?  ,Pokémon mana yang paling pendek?  ,Aling Pokémon ang pinakamababa?  ,Jenis Pokémon manakah yang paling rendah?,Lurantis,Lurantis,Lurantis,Lurantis,Lurantis,Lurantis,Lurantis  ,Tiny Lata  ,Tiểu Lạt Đa,Tiny Lata  ,ลาต้าน้อย  ,Lata Kecil  ,Maliit na Lata  ,Tin Kecil  ,Froakie  ,Froakie,Froakie  ,โฟรกกี้  ,Froakie  ,Froakie  ,Froakie  ,Illusion  ,Mộng ảo,Illusion  ,ภาพลวงตา  ,Ilusi  ,Illusion  ,Ilusi  ,,
85,2,50,207,Which Pokémon is the shortest?  ,Loại Pokémon nào thấp nhất?,Which Pokémon is the shortest?  ,โปเกมอนตัวใดที่เตี้ยที่สุด?  ,Pokémon mana yang paling pendek?  ,Aling Pokémon ang pinakamababa?  ,Jenis Pokémon manakah yang paling rendah?,Serperior,Serperior,Serperior,Serperior,Serperior,Serperior,Serperior  ,Groudon  ,Groudon,Groudon  ,กรูดอน  ,Groudon  ,Groudon  ,Groudon  ,Ho-oh  ,Ho-oh,Ho-oh  ,โฮโอ  ,Ho-oh  ,Ho-oh  ,Ho-oh  ,A Hundred Monsters  ,A Bách quái,A Hundred Monsters  ,ร้อยปีศาจ  ,Seratus Setan  ,A Hundred Monsters  ,Seratus Syaitan  ,,
86,2,50,207,Which Pokémon cannot fly?  ,Loại Pokémon nào không thể bay?,Which Pokémon cannot fly?  ,โปเกมอนตัวใดที่บินไม่ได้?  ,Pokémon mana yang tidak bisa terbang?  ,Aling Pokémon ang hindi kayang lumipad?  ,Jenis Pokémon manakah yang tidak boleh terbang?,Natural Sparrow,Natural Sparrow,Natural Sparrow,Natural Sparrow,Natural Sparrow,Natural Sparrow,Burung Pipit Semula Jadi  ,Cresselia  ,Cresselia,Cresselia  ,เครสเซเลีย  ,Cresselia  ,Cresselia  ,Cresselia  ,Suicune  ,Suicune,Suicune  ,ซุยคูน  ,Suicune  ,Suicune  ,Suicune  ,Cloud Earth Spirit  ,Thổ địa mây,Cloud Earth Spirit  ,จิตวิญญาณแผ่นดินเมฆ  ,Roh Bumi Awan  ,Cloud Earth Spirit  ,Roh Tanah Awan  ,,
87,2,50,208,What happens if Rattata's front teeth grow too long?  ,"Nếu răng cửa của Rattata dài quá, sẽ gây ảnh hưởng gì?",What happens if Rattata's front teeth grow too long?  ,จะเกิดอะไรขึ้นถ้าฟันหน้าของ Rattata ยาวเกินไป?  ,Apa yang terjadi jika gigi depan Rattata tumbuh terlalu panjang?  ,Ano ang mangyayari kapag humaba nang sobra ang ngipin sa harap ni Rattata?  ,"Jika gigi depan Rattata terlalu panjang, apa kesannya?",Không thể ăn và chết đói,Không thể ăn và chết đói,Cannot eat and starves to death  ,ไม่สามารถกินได้และอดตาย  ,Tidak bisa makan dan mati kelaparan  ,Hindi makakain at namamatay sa gutom  ,Tidak dapat makan dan mati kelaparan  ,Attacks deal increased damage to the opponent  ,Tấn công đối phương gây sát thương cao hơn,Attacks deal increased damage to the opponent  ,การโจมตีสร้างความเสียหายสูงขึ้น  ,Serangan memberikan kerusakan lebih besar  ,Mas mataas ang pinsala ng atake sa kalaban  ,Serangan memberi lebih banyak kerosakan kepada musuh  ,Quick Dig  ,Nhanh chóng đào,Quick Dig  ,ขุดเร็ว  ,Gali Cepat  ,Mabilis Maghukay  ,Gali Cepat  ,Will Learn New Skills  ,Sẽ học được mới kỹ năng,Will Learn New Skills  ,จะเรียนรู้ทักษะใหม่  ,Akan Belajar Keterampilan Baru  ,Will Learn New Skills  ,Akan Belajar Kemahiran Baru  ,,
88,2,50,209,Which Pokémon has relatively weak territorial awareness?  ,Pokémon nào có ý thức lãnh thổ tương đối yếu?,Which Pokémon has relatively weak territorial awareness?  ,โปเกมอนตัวใดมีสัญชาตญาณปกป้องอาณาเขตอ่อนแอ?  ,Pokémon mana yang memiliki kesadaran wilayah yang lemah?  ,Aling Pokémon ang may mahinang kamalayang pang-teritoryo?  ,Pokémon manakah yang mempunyai kesedaran wilayah yang agak lemah?,Rattata,Rattata,Rattata  ,รัตตาต้า  ,Rattata  ,Rattata  ,Rattata  ,Big Mouth Flute  ,Đại Miệng Sáo,Big Mouth Flute  ,ขลุ่ยปากกว้าง  ,Seruling Mulut Besar  ,Flawta ng Malaking Bibig  ,Seruling Mulut Besar  ,Pidgey  ,Pidgey,Pidgey  ,พิดจีย์  ,Pidgey  ,Pidgey  ,Pidgey  ,Large Bee Sting  ,Lớn châm ong,Large Bee Sting  ,ต่อยผึ้งใหญ่  ,Tebas Lebah Besar  ,Large Bee Sting  ,Sengat Lebah Besar  ,,
89,2,50,210,Jirachi is a Pokémon that grants human wishes and awakens once every thousand years. How many days does it stay awake?  ,"Pokémon Jirachi là một Pokémon trao truyền và thực hiện những ước muốn của con người, mỗi ngàn năm nó thức dậy một lần, nhưng chỉ có thể thức dậy bao nhiêu ngày?",Jirachi is a Pokémon that grants human wishes and awakens once every thousand years. How many days does it stay awake?  ,Jirachi เป็นโปเกมอนที่ทำให้ความปรารถนาเป็นจริงและตื่นขึ้นทุกพันปี มันจะตื่นอยู่ได้กี่วัน?  ,Jirachi adalah Pokémon yang memenuhi keinginan manusia dan bangun setiap seribu tahun. Berapa hari ia tetap terbangun?  ,Si Jirachi ay Pokémon na tumutupad ng kahilingan at gumigising tuwing isang libong taon. Ilang araw ito nananatiling gising?  ,"Jirachi adalah Pokémon yang menyampaikan dan memenuhi hasrat manusia, ia bangun sekali setiap seribu tahun, tetapi hanya akan terjaga selama berapa hari?",7 ngày,7 ngày,7 days  ,7 วัน  ,7 hari  ,7 araw  ,7 hari  ,3 days  ,3 ngày,3 days  ,3 วัน  ,3 hari  ,3 araw  ,3 hari  ,5 days  ,5 ngày,5 days  ,5 วัน  ,5 hari  ,5 araw  ,5 hari  ,10 Skies  ,10 Trời,10 Skies  ,10 ฟ้า  ,10 Langit  ,10 Skies  ,10 Langit  ,,
90,2,50,211,Which Pokémon swims the fastest?  ,Pokémon nào có tốc độ bơi nhanh nhất?,Which Pokémon swims the fastest?  ,โปเกมอนตัวใดว่ายน้ำเร็วที่สุด?  ,Pokémon mana yang berenang paling cepat?  ,Aling Pokémon ang pinakamabilis lumangoy?  ,Pokémon manakah yang mempunyai kelajuan renang terpantas?,Golduck,Golduck,Golduck  ,โกลดั๊ก  ,Golduck  ,Golduck  ,Golduck  ,Golden Serpent Cannon  ,Súng Pháo Kim Xà,Golden Serpent Cannon  ,ปืนใหญ่ทองงู  ,Meriam Ular Emas  ,Kanyon ng Gintong Ahas  ,Meriam Ular Emas  ,Seal  ,Seal,Seal  ,ซีล  ,Seal  ,Seal  ,Seal  ,Golden Fish Horn  ,Sừng cá vàng,Golden Fish Horn  ,เขาปลาทอง  ,Tanduk Ikan Emas  ,Golden Fish Horn  ,Tanduk Ikan Emas  ,,
91,2,50,212,In what state can Unwavering Kid perform kicks as gracefully as a dance?  ,Trong trạng thái nào mà Unwavering Kid có thể thực hiện kỹ thuật đá một cách điệu nghệ như một điệu nhảy?,In what state can Unwavering Kid perform kicks as gracefully as a dance?  ,ในสถานะใด Unwavering Kid สามารถเตะได้อย่างสวยงามเหมือนการเต้นรำ?  ,Dalam kondisi apa Unwavering Kid bisa menendang dengan indah seperti tarian?  ,Sa anong kondisyon makakasipa si Unwavering Kid na parang sayaw?  ,Dalam keadaan apa Unwavering Kid boleh melakukan teknik tendangan dengan gaya seperti tarian?,Khi tiến hóa thành Battle Dance King,Khi tiến hóa thành Battle Dance King,When it evolves into Battle Dance King  ,เมื่อวิวัฒนาการเป็นราชันแห่งระบำต่อสู้  ,Saat berevolusi menjadi Raja Tarian Perang  ,Kapag nag-evolve bilang Hari ng Sayaw sa Laban  ,Apabila berevolusi sebagai Raja Tarian dalam Pertempuran  ,Not evolved  ,Chưa tiến hóa,Not evolved  ,ยังไม่วิวัฒนาการ  ,Belum berevolusi  ,Hindi pa nag-evolve  ,Belum berevolusi  ,When evolving into Hitmonlee  ,Khi tiến hóa thành Hitmonlee,When evolving into Hitmonlee  ,เมื่อวิวัฒนาการเป็นฮิตมอนลี  ,Saat berevolusi menjadi Hitmonlee  ,Kapag nag-evolve sa Hitmonlee  ,Apabila berevolusi menjadi Hitmonlee  ,Evolves into Swift Fist Wolf  ,Tiến hóa thành khoái quyền lang lúc,Evolves into Swift Fist Wolf  ,วิวัฒนาการเป็นหมาป่ากำปั้นเร็ว  ,Berevolusi menjadi Serigala Tinju Cepat  ,Evolves into Swift Fist Wolf  ,Berkembang Menjadi Serigala Tinju Cepat  ,,
92,2,50,213,What causes the formation of Doublé Do Do Ice?  ,Nguyên nhân hình thành Doublé Do Do Ice là gì?,What causes the formation of Doublé Do Do Ice?  ,อะไรคือสาเหตุของการก่อตัวของ Doublé Do Do Ice?  ,Apa penyebab terbentuknya Doublé Do Do Ice?  ,Ano ang sanhi ng pagkabuo ng Doublé Do Do Ice?  ,Apakah punca pembentukan Doublé Do Do Ice?,Được cho là khi hai bông tuyết tan chảy rồi đông lại tạo thành,Được cho là khi hai bông tuyết tan chảy rồi đông lại tạo thành,Said to be formed when two snowflakes melt and refreeze  ,กล่าวกันว่าเกิดขึ้นเมื่อเกล็ดหิมะสองอันละลายและแข็งตัวใหม่  ,Konon terbentuk saat dua keping salju mencair lalu membeku kembali  ,Sinasabing nabuo kapag dalawang snowflake ang natunaw at nagyelo muli  ,Dikatakan terbentuk apabila dua kepingan salji cair dan membeku semula  ,Formed from a repeatedly split and re-fused ice block  ,Hình thành từ một đoạn đông đá nhiều lần phân tách và tái kết hợp,Formed from a repeatedly split and re-fused ice block  ,ก่อตัวจากน้ำแข็งที่แยกตัวและรวมตัวซ้ำ  ,Terbentuk dari bongkahan es yang terus pecah dan menyatu kembali  ,Nabuo mula sa yelong paulit-ulit na naputol at nagsanib muli  ,Terbentuk daripada ais yang berulang kali pecah dan bercantum semula  ,"Because during the blizzard, many ices changed form  ","Vì trong bão tuyết, nhiều nhiều băng đã thay đổi hình dạng","Because during the blizzard, many ices changed form  ",เพราะในพายุหิมะ น้ำแข็งหลายก้อนเปลี่ยนรูป  ,"Karena selama badai salju, banyak es berubah bentuk  ","Dahil sa snowstorm, maraming yelo ang nagbago ng anyo  ","Kerana semasa ribut salji, banyak ais berubah bentuk  ",Because training the blacksmith finally formed  ,Bởi vì huấn luyện nhà rèn luyện cuối cùng hình thành,Because training the blacksmith finally formed  ,เพราะการฝึกฝนช่างเหล็กในที่สุดก่อตัวขึ้น  ,Karena pelatihan pandai besi akhirnya terbentuk  ,Because training the blacksmith finally formed  ,Kerana latihan pandai besi akhirnya terbentuk  ,,
93,2,50,214,Froakie has excellent jumping ability—what’s the highest jump it achieved in one minute?  ,"Froakie sở hữu khả năng nhảy cao tuyệt vời, kỷ lục cao nhất mà nó từng đạt được trong một phút là bao nhiêu?",Froakie has excellent jumping ability—what’s the highest jump it achieved in one minute?  ,Froakie กระโดดเก่งมาก — มันเคยกระโดดได้สูงสุดเท่าไหร่ในหนึ่งนาที?  ,Froakie sangat pandai melompat — seberapa tinggi rekor yang dicapai dalam satu menit?  ,Gaano kataas ang pinakamataas na talon ni Froakie sa loob ng isang minuto?  ,"Froakie mempunyai keupayaan melompat yang hebat, rekod tertinggi yang pernah dicapainya dalam satu minit adalah berapa?",600m,600m,600m,600m,600m,600m,600m  ,500m  ,500m,500m  ,500 เมตร  ,500m  ,500m  ,500m  ,800m  ,800m,800m  ,800 เมตร  ,800m  ,800m  ,800m  ,1000m  ,1000m,1000m  ,1000เมตร  ,1000m  ,1000m  ,1000m  ,,
94,2,50,215,How cold can Regice control temperature down to?  ,Regice có thể kiểm soát nhiệt độ lạnh đến bao nhiêu độ?,How cold can Regice control temperature down to?  ,Regice ควบคุมอุณหภูมิให้เย็นได้ถึงกี่องศา?  ,Seberapa dingin suhu yang bisa dikendalikan Regice?  ,Gaano kalamig ang kontrol ng temperatura ni Regice?  ,Regice boleh mengawal suhu sejuk hingga berapa darjah?,-200°C,-200°C,-200°C,-200°C,-200°C,-200°C,-200°C  ,-100° C  ,-100° C,-100° C  ,-100° C  ,-100° C  ,-100° C  ,-100° C  ,-300°  ,-300°,-300°  ,-300°  ,-300°  ,-300°  ,-300°  ,Negative 400°  ,Âm 400°,Negative 400°  ,ลบ 400°  ,Minus 400°  ,Negative 400°  ,Negatif 400°  ,,
95,2,50,216,How many legs does Super Evil Star have?  ,Siêu Xấu Star có bao nhiêu chân?,How many legs does Super Evil Star have?  ,Super Evil Star มีขากี่ขา?  ,Super Evil Star punya berapa kaki?  ,Ilang paa meron ang Super Evil Star?  ,Berapa kaki yang dimiliki oleh Siêu Xấu Star?,12 cái,12 cái,12 pieces  ,12 ชิ้น  ,12 buah  ,12 piraso  ,12 keping  ,10 units  ,10 con,10 units  ,10 ตัว  ,10 ekor  ,10 piraso  ,10 keping  ,8 creatures  ,8 con,8 creatures  ,8 ตัว  ,8 makhluk  ,8 nilalang  ,8 ekor  ,6 Fingers  ,6 Chỉ,6 Fingers  ,6 นิ้ว  ,6 Jari  ,6 Fingers  ,6 Jari  ,,
96,2,50,217,At what temperature (°C) can Ducklet Fire Beast spit fireballs?  ,Ducklet Fire Beast có thể phun ra quả cầu lửa có nhiệt độ bao nhiêu độ C?,At what temperature (°C) can Ducklet Fire Beast spit fireballs?  ,Ducklet Fire Beast พ่นลูกไฟที่อุณหภูมิเท่าไร (°C)?  ,Ducklet Fire Beast bisa menyemburkan bola api dengan suhu berapa derajat Celsius?  ,Gaano kainit ang apoy na ibinubuga ng Ducklet Fire Beast (sa °C)?  ,Ducklet Fire Beast boleh memuntahkan bola api dengan suhu berapa darjah Celsius?,2000°C,2000°C,2000°C,2000°C,2000°C,2000°C,2000°C  ,3000°C  ,3000°C,3000°C  ,3000°C  ,3000°C  ,3000°C  ,3000°C  ,5000°C  ,5000°C,5000°C  ,5000°C  ,5000°C  ,5000°C  ,5000°C  ,1000 Degrees Celsius  ,1000 Độ C,1000 Degrees Celsius  ,1000 องศาเซลเซียส  ,1000 Derajat Celsius  ,1000 Degrees Celsius  ,1000 Darjah Celsius  ,,
97,2,50,218,Which of the following Pokémon was not created by Regigigas?  ,"Dưới đây, Pokémon nào không được tạo ra bởi Regigigas?",Which of the following Pokémon was not created by Regigigas?  ,โปเกมอนตัวใดต่อไปนี้ไม่ถูกสร้างโดย Regigigas?  ,Pokémon mana di bawah ini yang bukan hasil ciptaan Regigigas?  ,Aling Pokémon sa ibaba ang hindi nilikha ni Regigigas?  ,"Antara Pokémon di bawah, yang manakah tidak dicipta oleh Regigigas?",Raikou,Raikou,Raikou  ,ไรโค  ,Raikou  ,Raikou  ,Raikou  ,Regirock  ,Regirock,Regirock  ,เรจิร็อค  ,Regirock  ,Regirock  ,Regirock  ,Regice  ,Regice,Regice  ,เรจิไอซ์  ,Regice  ,Regice  ,Regice  ,Thunder Sand Ace  ,Lôi Cát Ace,Thunder Sand Ace  ,ทรายสายฟ้า Ace  ,Pasir Petir Ace  ,Thunder Sand Ace  ,Pasir Petir Ace  ,,
98,2,50,219,"After Mega Evolution, how many spoons float around Alakazam?  ","Sau khi Mega Evolution, số lượng muỗng bay quanh Alakazam trở thành bao nhiêu cái?","After Mega Evolution, how many spoons float around Alakazam?  ",หลังการเมกาอีโวลูชัน มีช้อนลอยรอบ Alakazam กี่อัน?  ,"Setelah Mega Evolution, berapa banyak sendok yang mengelilingi Alakazam?  ","Pagkatapos ng Mega Evolution, ilang kutsara ang lumulutang sa paligid ni Alakazam?  ","Selepas Mega Evolution, berapa jumlah sudu yang terapung di sekitar Alakazam?",5 cái,5 cái,5 pieces  ,5 ชิ้น  ,5 buah  ,5 piraso  ,5 keping  ,4 pieces  ,4 cái,4 pieces  ,4 ชิ้น  ,4 buah  ,4 piraso  ,4 keping  ,6 creatures  ,6 con,6 creatures  ,6 ตัว  ,6 makhluk  ,6 nilalang  ,6 ekor  ,3 Pieces  ,3 Cái,3 Pieces  ,3 ชิ้น  ,3 Potong  ,3 Pieces  ,3 Keping  ,,
99,2,50,220,Which Pokémon has a body temperature hotter than the surface of the Sun?  ,Pokémon nào có nhiệt độ cơ thể cao hơn nhiệt độ bề mặt của Mặt trời?,Which Pokémon has a body temperature hotter than the surface of the Sun?  ,โปเกมอนตัวใดมีอุณหภูมิร่างกายสูงกว่าผิวของดวงอาทิตย์?  ,Pokémon mana yang memiliki suhu tubuh lebih panas dari permukaan Matahari?  ,Aling Pokémon ang may temperature ng katawan na mas mainit kaysa sa Araw?  ,Pokémon manakah yang mempunyai suhu badan lebih tinggi daripada permukaan Matahari?,Magma Snail,Magma Snail,Magma Snail  ,หอยทากแม็กมา  ,Siput Magma  ,Magma Snail  ,Siput Magma  ,Little Fire Dragon  ,Tiểu Hỏa Long,Little Fire Dragon  ,มังกรไฟน้อย  ,Naga Api Kecil  ,Munting Dragon ng Apoy  ,Naga Api Kecil  ,Solrock  ,Solrock,Solrock  ,โซลร็อก  ,Solrock  ,Solrock  ,Solrock  ,Blazing Horse  ,Liệt diễm ngựa,Blazing Horse  ,ม้าลุกโชน  ,Kuda Menyala  ,Blazing Horse  ,Kuda Membakar  ,,
100,2,50,221,Which Pokémon lays eggs that make people gentle and kind after eating them?  ,Pokémon nào có trứng sau khi con người ăn sẽ trở nên cực kỳ hiền lành và tử tế?,Which Pokémon lays eggs that make people gentle and kind after eating them?  ,โปเกมอนตัวใดมีไข่ที่เมื่อกินเข้าไปจะทำให้คนใจดี?  ,Pokémon mana yang telurnya bisa membuat orang menjadi sangat ramah dan lembut setelah dimakan?  ,Aling Pokémon ang may itlog na nagpapabait sa tao matapos kainin?  ,Pokémon manakah yang telurnya boleh menjadikan manusia sangat baik hati dan lemah lembut selepas memakannya?,Blissey,Blissey,Blissey  ,บลิสซี่  ,Blissey  ,Blissey  ,Blissey  ,Egg  ,Quả Trứng,Egg  ,ไข่  ,Telur  ,Itlog  ,Telur  ,Jigglypuff  ,Jigglypuff,Jigglypuff  ,จิกกลี้พัฟ  ,Jigglypuff  ,Jigglypuff  ,Jigglypuff  ,Coconut Egg Tree  ,Dừa trứng cây,Coconut Egg Tree  ,ต้นมะพร้าวไข่  ,Kelapa Telur Pohon  ,Coconut Egg Tree  ,Pokok Telur Kelapa  ,,
101,2,50,222,How many unknown Totem types are there?  ,Có bao nhiêu loại Totem chưa biết?,How many unknown Totem types are there?  ,มีโทเท็มที่ไม่รู้จักกี่ชนิด?  ,Ada berapa jenis Totem yang tidak diketahui?  ,Ilan ang hindi pa kilalang klase ng Totem?  ,Terdapat berapa jenis Totem yang tidak diketahui?,28 loại,28 loại,28 types  ,28 ประเภท  ,28 jenis  ,28 uri  ,28 jenis  ,26 types  ,26 loại,26 types  ,26 ชนิด  ,26 jenis  ,26 na uri  ,26 jenis  ,32 types  ,32 loại,32 types  ,32 ชนิด  ,32 jenis  ,32 uri  ,32 jenis  ,34 Types  ,34 Loại,34 Types  ,34 ชนิด  ,34 Jenis  ,34 Types  ,34 Jenis  ,,
102,2,50,222,What do the first 26 Totems represent?  ,26 Totem đầu tiên đại diện cho cái gì?,What do the first 26 Totems represent?  ,โทเท็ม 26 ตัวแรกแสดงถึงอะไร?  ,26 Totem pertama mewakili apa?  ,Ano ang kinakatawan ng unang 26 Totem?  ,26 Totem pertama mewakili apa?,Chữ cái tiếng Anh,Chữ cái tiếng Anh,English letters  ,ตัวอักษรภาษาอังกฤษ  ,Huruf Inggris  ,Mga titik sa Ingles  ,Huruf dalam Bahasa Inggeris  ,Roman numerals  ,Chữ số La Mã,Roman numerals  ,เลขโรมัน  ,Angka Romawi  ,Mga Romanong numero  ,Nombor Roman  ,Ruin inscriptions  ,Chữ khắc di tích,Ruin inscriptions  ,จารึกโบราณ  ,Prasasti reruntuhan  ,Mga inskripsiyon sa guho  ,Inskripsi tinggalan  ,Spirit Symbols  ,Tinh linh ký hiệu,Spirit Symbols  ,สัญลักษณ์จิตวิญญาณ  ,Simbol Roh  ,Spirit Symbols  ,Simbol Roh  ,,
103,2,50,222,What do the last two Totems represent?  ,Hai Totem cuối cùng đại diện cho hai biểu tượng nào?,What do the last two Totems represent?  ,โทเท็มสองตัวสุดท้ายแสดงถึงสัญลักษณ์อะไร?  ,Dua Totem terakhir mewakili simbol apa?  ,Ano ang kinakatawan ng dalawang huling Totem?  ,Dua Totem terakhir mewakili dua simbol apa?,"! và ""?","! và ""?","! and ""?  ","! และ ""?  ","! dan ""?  ","! at ""?  ","! dan ""?  ",","" and "".  ",","" và "".",","" and "".  ",","" และ "".  ",","" dan "".  ",","" at "".  ",", dan "".  ","< and ""> ""","< và "">""","< and "">""","< และ ""> ""","< dan ""> ""","< at ""> ""","< dan ""> ""","+ Together ""-""  ","+ Cùng""-""","+ Together ""-""  ","+ ร่วมกับ ""-""  ","+ Bersama ""-""  ","+ Together ""-""  ","+ Bersama ""-""  ",,
104,2,50,225,"Which Pokémon is inspired by Persian cats, African lions, American leopards, and a common store ornament?  ","Pokémon nào có hình tượng lấy cảm hứng từ mèo Ba Tư, sư tử châu Phi, báo Mỹ và một món đồ trang trí thường gặp trong cửa hàng?","Which Pokémon is inspired by Persian cats, African lions, American leopards, and a common store ornament?  ",โปเกมอนตัวใดได้แรงบันดาลใจจากแมวเปอร์เซีย สิงโตแอฟริกัน เสือดาวอเมริกัน และของตกแต่งร้านค้า?  ,"Pokémon mana yang terinspirasi oleh kucing Persia, singa Afrika, macan tutul Amerika, dan dekorasi toko umum?  ","Aling Pokémon ang may disenyo batay sa pusa ng Persia, leon sa Africa, leopard sa America, at palamuti ng tindahan?  ","Pokémon manakah yang diilhamkan daripada kucing Parsi, singa Afrika, harimau bintang Amerika dan hiasan yang sering dilihat di kedai?",Big Cat,Big Cat,Big Cat  ,แมวตัวใหญ่  ,Kucing Besar  ,Malaking Pusa  ,Kucing Besar  ,Meow Meow  ,Mèo Mèo,Meow Meow  ,แมวแมว  ,Meong Meong  ,Miyaw Miyaw  ,Miyaw Miyaw  ,East Cat  ,East Cat,East Cat  ,แมวตะวันออก  ,Kucing Timur  ,Pusang Silangan  ,Kucing Timur  ,Cat Theft  ,Ăn cắp mèo,Cat Theft  ,ขโมยแมว  ,Mencuri Kucing  ,Cat Theft  ,Mencuri Kucing  ,,
105,2,50,226,"In the Hoenn region, which legendary Pokémon represents the Iron Age?  ","Tại vùng Hoenn, có một Pokémon huyền thoại đại diện cho kỷ nguyên đồ sắt, đó là Pokémon nào?","In the Hoenn region, which legendary Pokémon represents the Iron Age?  ",ในภูมิภาค Hoenn โปเกมอนในตำนานตัวใดเป็นตัวแทนของยุคเหล็ก?  ,"Di wilayah Hoenn, Pokémon legendaris mana yang mewakili Zaman Besi?  ","Sa Hoenn region, aling legendary Pokémon ang kumakatawan sa Panahon ng Bakal?  ","Di rantau Hoenn, terdapat satu Pokémon lagenda yang mewakili zaman besi, Pokémon manakah itu?",Registeel,Registeel,Registeel  ,เรจิสตีล  ,Registeel  ,Registeel  ,Registeel  ,Regice  ,Regice,Regice  ,เรจิไอซ์  ,Regice  ,Regice  ,Regice  ,Latias  ,Latias,Latias  ,ลาเทียส  ,Latias  ,Latias  ,Latias  ,Thunder Sand Locke  ,Lôi Cát Locke,Thunder Sand Locke  ,ทรายสายฟ้า Locke  ,Pasir Petir Locke  ,Thunder Sand Locke  ,Pasir Petir Locke  ,,
106,2,50,227,What is the Little Craftsman holding?  ,Cái gì mà Little Craftsman đang cầm?,What is the Little Craftsman holding?  ,Little Craftsman ถืออะไรอยู่?  ,Apa yang dipegang oleh Little Craftsman?  ,Ano ang hawak ni Little Craftsman?  ,Apa yang sedang dipegang oleh Little Craftsman?,Wood,Wood,Wood  ,ไม้  ,Kayu  ,Kahoy  ,Kayu  ,Steel Plate  ,Tấm thép,Steel Plate  ,แผ่นเหล็ก  ,Pelat baja  ,Plakang Bakal  ,Plat Besi  ,Concrete pipe  ,Cống bê tông,Concrete pipe  ,ท่อปูน  ,Pipa beton  ,Tubong kongkreto  ,Paip konkrit  ,Rock Block  ,Tảng đá,Rock Block  ,ก้อนหิน  ,Bongkahan Batu  ,Rock Block  ,Bongkah Batu  ,,
107,2,50,228,Which Rotom form is NOT included below?  ,Hình thái nào của Rotom không bao gồm dưới đây?,Which Rotom form is NOT included below?  ,ร่างของ Rotom ใดที่ไม่รวมอยู่ในรายการนี้?  ,Bentuk Rotom mana yang tidak termasuk dalam daftar di bawah?  ,Aling Rotom form ang hindi kasama sa listahang ito?  ,Bentuk manakah dari Rotom yang tidak termasuk di bawah ini?,Purified Rotom,Purified Rotom,Purified Rotom  ,โรทอมบริสุทธิ์  ,Rotom Dimurnikan  ,Nalinis na Rotom  ,Rotom yang Dibersihkan  ,Clean Rotom  ,Làm sạch Rotom,Clean Rotom  ,ทำความสะอาดโรทอม  ,Membersihkan Rotom  ,Linisin si Rotom  ,Bersihkan Rotom  ,Rotating Rotom  ,Rotom xoay,Rotating Rotom  ,โรโตมหมุน  ,Rotom berputar  ,Umiikot na Rotom  ,Rotom berputar  ,Heat Lac Tom  ,Làm nóng Lạc Tom,Heat Lac Tom  ,ทำความร้อน Lac Tom  ,Memanaskan Lac Tom  ,Heat Lac Tom  ,Memanaskan Lac Tom  ,,
108,2,50,229,Which Pokémon does not change form based on weather or season?  ,Pokémon nào không thay đổi hình dạng theo thời tiết hoặc mùa trong năm?,Which Pokémon does not change form based on weather or season?  ,โปเกมอนตัวใดไม่เปลี่ยนรูปตามฤดูกาลหรือสภาพอากาศ?  ,Pokémon mana yang tidak berubah bentuk berdasarkan cuaca atau musim?  ,Aling Pokémon ang hindi nagbabago ng anyo ayon sa panahon o klima?  ,Pokémon manakah yang tidak berubah bentuk mengikut cuaca atau musim dalam setahun?,Shaymin,Shaymin,Shaymin  ,เชย์มิน  ,Shaymin  ,Shaymin  ,Shaymin  ,Foam Bubble  ,Bọt Nổi,Foam Bubble  ,ฟองฟู่  ,Busa Muncul  ,Lumilitaw na bula  ,Muncul buih  ,Cherry Blossom  ,Cherry Blossom,Cherry Blossom  ,ดอกซากุระ  ,Bunga Sakura  ,Cherry Blossom  ,Bunga Sakura  ,Spawn Deer  ,Nảy sinh hươu,Spawn Deer  ,กวางเกิด  ,Rusa Berkembang  ,Spawn Deer  ,Rusa Berkembang  ,,
109,3,50,301,"In the anime, what is Pikachu’s favorite food?  ","Trong anime, món ăn yêu thích của Pikachu là gì?","In the anime, what is Pikachu’s favorite food?  ",ในอนิเมะ อาหารโปรดของปิกาจูคืออะไร?  ,"Dalam anime, apa makanan favorit Pikachu?  ","Sa anime, ano ang paboritong pagkain ni Pikachu?  ","Dalam anime, apakah makanan kegemaran Pikachu?",Hot Pepper Fruit,Hot Pepper Fruit,Hot Pepper Fruit  ,ผลพริกร้อน  ,Buah Cabai Panas  ,Prutas ng Mainit na Sili  ,Buah Cili Panas  ,Orange Fruit  ,Trái Cam Cam,Orange Fruit  ,ส้มหวาน  ,Buah Jeruk  ,Kahel na Prutas  ,Buah Jingga  ,Peach Fruit  ,Peach Fruit,Peach Fruit  ,ผลพีช  ,Buah Persik  ,Peach Fruit  ,Buah Pic  ,Wood Son Fruit  ,Mộc Tử quả,Wood Son Fruit  ,ผลไม้ลูกไม้  ,Buah Moksu  ,Wood Son Fruit  ,Buah Moksu  ,,
110,3,50,301,"In the anime, which female Pokémon does Team Rocket’s Meowth like?  ","Trong anime, Pokémon nữ mà Meowth của Team Rocket yêu thích là gì?","In the anime, which female Pokémon does Team Rocket’s Meowth like?  ",ในอนิเมะ โปเกมอนเพศเมียที่ Meowth ของทีมร็อกเก็ตชอบคืออะไร?  ,"Dalam anime, Pokémon betina mana yang disukai Meowth dari Team Rocket?  ","Sa anime, alin sa mga babaeng Pokémon ang gusto ni Meowth ng Team Rocket?  ",Apakah Pokémon betina yang disukai oleh Meowth dari Team Rocket dalam anime?,Madonna,Madonna,Madonna  ,มาดอนน่า  ,Madonna  ,Madonna  ,Madonna  ,Madonna  ,Madonna,Madonna  ,Madonna  ,Madonna  ,Madonna  ,Madonna  ,Shina  ,Shina,Shina  ,ชินะ  ,Shina  ,Shina  ,Shina  ,Vũ Tàng  ,Vu Tang  ,Vũ Tàng  ,วู ถัง  ,Vu Tang  ,Vu Tang  ,Vu Tang  ,,
111,3,50,301,"In the anime, which three Pokémon did Team Rocket’s leader summon and plan to use to dominate the Unova region?  ","Trong anime, đội trưởng Team Rocket đã triệu hồi ba Pokémon nào và có kế hoạch dùng chúng để thống trị vùng Unova?","In the anime, which three Pokémon did Team Rocket’s leader summon and plan to use to dominate the Unova region?  ",ในอนิเมะ หัวหน้าทีมร็อกเก็ตเรียกโปเกมอน 3 ตัวใดมา และวางแผนใช้พวกมันเพื่อครองภูมิภาค Unova?  ,"Dalam anime, tiga Pokémon mana yang dipanggil oleh pemimpin Team Rocket dan rencananya akan digunakan untuk mendominasi wilayah Unova?  ","Sa anime, anong tatlong Pokémon ang tinawag ng lider ng Team Rocket at plano niyang gamitin upang dominahin ang rehiyon ng Unova?  ","Dalam anime, ketua Team Rocket telah memanggil tiga Pokémon apa dan merancang untuk menguasai wilayah Unova?","Land Cloud, Thunder Cloud, Tornado Cloud","Land Cloud, Thunder Cloud, Tornado Cloud","Land Cloud, Thunder Cloud, Tornado Cloud  ","เมฆแผ่นดิน, เมฆสายฟ้า, เมฆพายุ  ","Awan Darat, Awan Petir, Awan Tornado  ","Ulap ng Lupa, Ulap ng Kidlat, Ulap ng Ipo-ipo  ","Awan Tanah, Awan Petir, Awan Pusing  ","Moltres, Zapdos, Articuno  ","Phượng Hoàng Lửa, Điện Điểu, Cấp Đông Điểu","Moltres, Zapdos, Articuno  ","มอลเทรส, ซัปโดส, อาร์ติกูโน  ","Moltres, Zapdos, Articuno  ","Moltres, Zapdos, Articuno  ","Moltres, Zapdos, Articuno  ","Raikou, Entei, Suicune","Raikou, Entei, Suicune","Raikou, Entei, Suicune","ไรโค, เอนเต, ซุยคูน","Raikou, Entei, Suicune","Raikou, Entei, Suicune","Raikou, Entei, Suicune","Thunder Sand Locke, Régis Rare Hole, Thunder Sand Ace  ","Lôi Cát Locke, Régis Kỳ Lỗ, Lôi Cát Ace","Thunder Sand Locke, Régis Rare Hole, Thunder Sand Ace  ","ทรายสายฟ้า Locke, Régis Rare Hole, ทรายสายฟ้า Ace  ","Pasir Petir Locke, Régis Lubang Langka, Pasir Petir Ace  ","Thunder Sand Locke, Régis Rare Hole, Thunder Sand Ace  ","Pasir Petir Locke, Régis Lubang Rare, Pasir Petir Ace  ",,
112,3,30,302,"In the movie ""Pokémon: Celebi - Voice of the Forest,"" which mythical Pokémon helped Ash save Celebi?  ","Trong phim hoạt hình ""Pokémon: Celebi - Cuộc Gặp Gỡ Từ Thời Gian"", thần thú nào đã cùng Ash cứu Celebi?","In the movie ""Pokémon: Celebi - Voice of the Forest,"" which mythical Pokémon helped Ash save Celebi?  ","ในภาพยนตร์ ""โปเกมอน: Celebi - เสียงจากป่า"" โปเกมอนในตำนานตัวใดที่ช่วยแอชช่วย Celebi?  ","Dalam film ""Pokémon: Celebi - Voice of the Forest,"" Pokémon legendaris mana yang membantu Ash menyelamatkan Celebi?  ","Sa pelikula na ""Pokémon: Celebi - Voice of the Forest,"" anong mahiwagang Pokémon ang tumulong kay Ash na iligtas si Celebi?  ","Dalam filem animasi ""Pokémon: Celebi - Perjumpaan dari Masa Lalu"", makhluk legenda mana yang membantu Ash menyelamatkan Celebi?",Suicune,Suicune,Suicune  ,ซุยคูน  ,Suicune  ,Suicune  ,Suicune  ,Entei  ,Entei,Entei  ,Entei,Entei  ,Entei  ,Entei  ,Raikou  ,Raikou,Raikou  ,ไรโค  ,Raikou  ,Raikou  ,Raikou  ,Lost Rare á  ,Lạc Kỳ á,Lost Rare á  ,Lost Rare á  ,Lost Rare á  ,Lost Rare á  ,Lost Rare á  ,,
113,3,30,302,"In the movie ""Pokémon: Guardian of the Water Capital Latias and Latios,"" which legendary Pokémon was defeated and captured?  ","Trong phim hoạt hình ""Pokémon: Guardian of the Water Capital Latias và Latios"", thần thú huyền thoại nào đã bị đánh bại và bị bắt?","In the movie ""Pokémon: Guardian of the Water Capital Latias and Latios,"" which legendary Pokémon was defeated and captured?  ","ในภาพยนตร์ ""โปเกมอน: ผู้พิทักษ์นครน้ำ Latias และ Latios"" โปเกมอนในตำนานตัวใดถูกเอาชนะและจับได้?  ","Dalam film ""Pokémon: Guardian of the Water Capital Latias and Latios,"" Pokémon legendaris mana yang dikalahkan dan ditangkap?  ","Sa pelikula na ""Pokémon: Guardian of the Water Capital Latias and Latios,"" anong alamat na Pokémon ang natalo at nahuli?  ","Dalam filem animasi ""Pokémon: Penjaga Ibu Kota Air Latias dan Latios"", Pokémon legenda mana yang dikalahkan dan ditangkap?",Latios,Latios,Latios  ,ลาเทียส  ,Latios  ,Latios  ,Latios  ,Latias  ,Latias,Latias  ,Latias,Latias  ,Latias  ,Latias  ,Archeops  ,Archeops,Archeops  ,อาร์คีออปส์  ,Archeops  ,Archeops  ,Archeops  ,Spear Blade Cone Hat  ,Liêm đao nón trụ,Spear Blade Cone Hat  ,หมวกกรวยใบมีดหอก  ,Topi Kerucut Bilah Tombak  ,Spear Blade Cone Hat  ,Topi Bilah Tombak Kon  ,,
114,3,30,302,"In the movie ""Pokémon: Mewtwo Strikes Back - Evolution,"" which Pokémon protected the ""World Tree""?  ","Trong phim hoạt hình ""Pokémon: Mewtwo Strikes Back - Evolution"", Pokémon nào đã bảo vệ ""Cây Gốc Thế Giới""?","In the movie ""Pokémon: Mewtwo Strikes Back - Evolution,"" which Pokémon protected the ""World Tree""?  ","ในภาพยนตร์ ""โปเกมอน: Mewtwo Strikes Back - Evolution"" โปเกมอนตัวใดปกป้อง ""ต้นไม้โลก""?  ","Dalam film ""Pokémon: Mewtwo Strikes Back - Evolution,"" Pokémon mana yang melindungi ""World Tree""?  ","Sa pelikula na ""Pokémon: Mewtwo Strikes Back - Evolution,"" anong Pokémon ang nagprotekta sa ""World Tree""?  ","Dalam filem animasi ""Pokémon: Mewtwo Strikes Back - Evolution"", Pokémon mana yang melindungi ""Pokok Asal Dunia""?",Regice,Regice,Regice  ,เรจิไอซ์  ,Regice  ,Regice  ,Regice  ,Lucario  ,Lucario,Lucario  ,Lucario,Lucario  ,Lucario  ,Lucario  ,Mew  ,Mew,Mew  ,มิว  ,Mew  ,Mew  ,Mew  ,Super Dream  ,Siêu mộng,Super Dream  ,ฝันสุดยอด  ,Mimpi Super  ,Super Dream  ,Mimpi Super  ,,
115,3,30,302,"In the movie ""Pokémon: Kyurem vs the Sword of Justice,"" which Pokémon is the leader of the Swordsman trio?  ","Trong phim hoạt hình ""Pokémon: Kyurem vs the Sword of Justice"", Pokémon nào là lãnh đạo của bộ ba kiếm sĩ?","In the movie ""Pokémon: Kyurem vs the Sword of Justice,"" which Pokémon is the leader of the Swordsman trio?  ","ในภาพยนตร์ ""โปเกมอน: Kyurem vs the Sword of Justice"" โปเกมอนตัวใดเป็นผู้นำของสามนักดาบ?  ","Dalam film ""Pokémon: Kyurem vs the Sword of Justice,"" Pokémon mana yang merupakan pemimpin dari trio pendekar pedang?  ","Sa pelikula na ""Pokémon: Kyurem vs the Sword of Justice,"" anong Pokémon ang lider ng tatlong espada?  ","Dalam filem animasi ""Pokémon: Kyurem vs the Sword of Justice"", Pokémon manakah ketua kepada tiga pedang legenda?",Cobalion,Cobalion,Cobalion  ,โคบาเลียน  ,Cobalion  ,Cobalion  ,Cobalion  ,Terrakion  ,Terrakion,Terrakion  ,Terrakion,Terrakion  ,Terrakion  ,Terrakion  ,Biligion  ,Biligion,Biligion  ,บิลิเจียน  ,Biligion  ,Biligion  ,Biligion  ,Kai Road Enemy Europe  ,Khải đường Địch Âu,Kai Road Enemy Europe  ,ถนนไคศัตรูยุโรป  ,Jalan Kai Musuh Eropah  ,Kai Road Enemy Europe  ,Jalan Kai Musuh Eropah  ,,
116,3,30,302,"In the movie ""Pokémon: Kyurem vs the Sword of Justice,"" Kyurem can combine with the power of which Pokémon to change into another form?  ","Trong phim hoạt hình ""Pokémon: Kyurem vs the Sword of Justice"", Kyurem có thể kết hợp với sức mạnh của ai để chuyển hóa thành hình thái khác?","In the movie ""Pokémon: Kyurem vs the Sword of Justice,"" Kyurem can combine with the power of which Pokémon to change into another form?  ","ในภาพยนตร์ ""โปเกมอน: Kyurem vs the Sword of Justice"" Kyurem สามารถรวมพลังกับโปเกมอนตัวใดเพื่อเปลี่ยนรูปร่าง?  ","Dalam film ""Pokémon: Kyurem vs the Sword of Justice,"" Kyurem dapat bergabung dengan kekuatan Pokémon mana untuk berubah menjadi bentuk lain?  ","Sa pelikula na ""Pokémon: Kyurem vs the Sword of Justice,"" kayang pagsamahin ni Kyurem ang kapangyarihan ng anong Pokémon upang magbago ng anyo?  ","Dalam filem animasi ""Pokémon: Kyurem vs the Sword of Justice"", Kyurem boleh bergabung dengan kuasa siapa untuk berubah bentuk?","Zekrom, Reshiram","Zekrom, Reshiram","Zekrom, Reshiram  ","เซครอม, เรชิแรม  ","Zekrom, Reshiram  ","Zekrom, Reshiram  ","Zekrom, Reshiram  ","Palkia, Dialga  ","Palkia, Dialga","Palkia, Dialga  ","Palkia, Dialga","Palkia, Dialga  ","Palkia, Dialga  ","Palkia, Dialga  ","Groudon, Kyogre  ","Groudon, Kyogre","Groudon, Kyogre  ","กรูดอน, ไคออกเกอร์  ","Groudon, Kyogre  ","Groudon, Kyogre  ","Groudon, Kyogre  ","Illusion, Super Dream  ","Mộng ảo, siêu mộng","Illusion, Super Dream  ","ภาพลวงตา, ฝันสุดยอด  ","Ilusi, Mimpi Super  ","Illusion, Super Dream  ","Ilusi, Mimpi Super  ",,
117,3,30,302,"In the movie ""Pokémon: Volcanion and the Mechanical Marvel,"" which Mega Evolution Pokémon does not appear?  ","Trong phim hoạt hình ""Pokémon: Volcanion and the Mechanical Marvel"", Pokémon siêu tiến hóa nào không xuất hiện?","In the movie ""Pokémon: Volcanion and the Mechanical Marvel,"" which Mega Evolution Pokémon does not appear?  ","ในภาพยนตร์ ""โปเกมอน: Volcanion and the Mechanical Marvel"" โปเกมอน Mega Evolution ตัวใดที่ไม่ได้ปรากฏ?  ","Dalam film ""Pokémon: Volcanion and the Mechanical Marvel,"" Pokémon Mega Evolution mana yang tidak muncul?  ","Sa pelikula na ""Pokémon: Volcanion and the Mechanical Marvel,"" anong Mega Evolution Pokémon ang hindi lumabas?  ","Dalam filem animasi ""Pokémon: Volcanion and the Mechanical Marvel"", Pokémon mega evolusi mana yang tidak muncul?",Super Charizard Y,Super Charizard Y,Super Charizard Y  ,ซุปเปอร์ลิซาร์ดงาย Y  ,Super Charizard Y  ,Super Charizard Y  ,Super Charizard Y  ,Mega Gengar  ,Siêu Gengar,Mega Gengar  ,Mega Gengar  ,Mega Gengar  ,Mega Gengar  ,Mega Gengar  ,Mega Lucario  ,Mega Lucario,Mega Lucario  ,เมก้าลูคาริโอ  ,Mega Lucario  ,Mega Lucario  ,Mega Lucario  ,Super Level Chanay Flower  ,Siêu cấp Chanay đóa,Super Level Chanay Flower  ,ดอกชานายระดับซุปเปอร์  ,Bunga Chanay Tahap Super  ,Super Level Chanay Flower  ,Bunga Chanay Tahap Super  ,,
118,3,30,302,"In the movie ""Pokémon: Diancie and the Cocoon of Destruction,"" which mythical Pokémon does not appear?  ","Trong phim hoạt hình ""Pokémon: Diancie and the Cocoon of Destruction"", thần thú nào không xuất hiện?","In the movie ""Pokémon: Diancie and the Cocoon of Destruction,"" which mythical Pokémon does not appear?  ","ในภาพยนตร์ ""โปเกมอน: Diancie and the Cocoon of Destruction"" โปเกมอนในตำนานตัวใดที่ไม่ได้ปรากฏ?  ","Dalam film ""Pokémon: Diancie and the Cocoon of Destruction,"" Pokémon legendaris mana yang tidak muncul?  ","Sa pelikula na ""Pokémon: Diancie and the Cocoon of Destruction,"" anong mahiwagang Pokémon ang hindi lumabas?  ","Dalam filem animasi ""Pokémon: Diancie and the Cocoon of Destruction"", makhluk legenda mana yang tidak muncul?",Zygarde,Zygarde,Zygarde  ,ไซการ์ด  ,Zygarde  ,Zygarde  ,Zygarde  ,Mewtwo  ,Mewtwo,Mewtwo  ,Mewtwo,Mewtwo  ,Mewtwo  ,Mewtwo  ,Xerneas  ,Xerneas,Xerneas  ,เซอร์เนอัส  ,Xerneas  ,Xerneas  ,Xerneas  ,Doctor Bùi Thel  ,Y Bùi ngươi Thel,Doctor Bùi Thel  ,แพทย์บูอิ เธล  ,Doktor Bùi Thel  ,Doctor Bùi Thel  ,Doktor Bùi Thel  ,,
119,3,30,302,"In the movie ""Pokémon: Genesect and the Legend Awakened,"" does a different colored variant of Genesect appear?  ","Trong phim hoạt hình ""Pokémon: Genesect and the Legend Awakened"", có xuất hiện Genesect biến thể màu sắc khác không?","In the movie ""Pokémon: Genesect and the Legend Awakened,"" does a different colored variant of Genesect appear?  ","ในภาพยนตร์ ""โปเกมอน: Genesect and the Legend Awakened"" มี Genesect ที่มีสีสันแตกต่างกันปรากฏหรือไม่?  ","Dalam film ""Pokémon: Genesect and the Legend Awakened,"" apakah ada varian Genesect dengan warna berbeda yang muncul?  ","Sa pelikula na ""Pokémon: Genesect and the Legend Awakened,"" may lumabas bang Genesect na may ibang kulay?  ","Dalam filem animasi ""Pokémon: Genesect and the Legend Awakened"", adakah Genesect versi warna khas muncul?","Có, một cái dị sắc","Có, một cái dị sắc","Yes, a shiny one  ","ใช่, ตัวสีเงา  ","Ya, satu yang shiny  ","Oo, isang shiny  ","Ya, seekor shiny  ","Yes, five shiny ones  ","Có, năm con khác màu","Yes, five shiny ones  ",ใช่ มีห้าตัวสีพิเศษ  ,"Ya, lima yang shiny  ","Oo, lima ang shiny  ","Ya, lima yang shiny  ",None  ,Không có,None  ,ไม่มี  ,Tidak ada  ,Wala  ,Tiada  ,"Yes, two heterochromia  ","Có, hai con dị sắc","Yes, two heterochromia  ","ใช่, สองตาผิดสี  ","Ya, dua heterokromia  ","Yes, two heterochromia  ","Ya, dua heterokromia  ",,
120,3,30,302,"In the movies ""Pokémon: Victini and the Black Hero: Reshiram"" and ""Pokémon: Victini and the White Hero: Zekrom,"" are these two movies part of the same series?  ","Trong phim hoạt hình ""Pokémon: Victini and the Black Hero: Reshiram"" và ""Pokémon: Victini and the White Hero: Zekrom"", đây có phải là hai bộ phim cùng trong một chuỗi hay không?","In the movies ""Pokémon: Victini and the Black Hero: Reshiram"" and ""Pokémon: Victini and the White Hero: Zekrom,"" are these two movies part of the same series?  ","ในภาพยนตร์ ""โปเกมอน: Victini and the Black Hero: Reshiram"" และ ""โปเกมอน: Victini and the White Hero: Zekrom"" สองเรื่องนี้เป็นส่วนหนึ่งของชุดเดียวกันหรือไม่?  ","Dalam film ""Pokémon: Victini and the Black Hero: Reshiram"" dan ""Pokémon: Victini and the White Hero: Zekrom,"" apakah kedua film ini bagian dari seri yang sama?  ","Sa pelikula na ""Pokémon: Victini and the Black Hero: Reshiram"" at ""Pokémon: Victini and the White Hero: Zekrom,"" bahagi ba ang dalawang pelikula ng parehong serye?  ","Dalam filem animasi ""Pokémon: Victini and the Black Hero: Reshiram"" dan ""Pokémon: Victini and the White Hero: Zekrom"", adakah kedua-dua filem ini sebahagian daripada satu siri?","Sai, nên là tác phẩm thứ 14","Sai, nên là tác phẩm thứ 14","Wrong, it should be the 14th work  ","ผิด, ควรเป็นผลงานที่ 14  ","Salah, seharusnya karya ke-14  ","Mali, dapat ay gawa ika-14  ","Salah, sepatutnya dibuat pada 14 haribulan  ","Mistake, it should be part 16","Sai lầm, nên là phần 16","Mistake, it should be part 16",ข้อผิดพลาด ควรเป็นตอนที่ 16,"Kesalahan, seharusnya bagian ke-16","Mali, dapat ay bahagi 16","Salah, sepatutnya bahagian ke-16  ",Correct  ,Đúng,Correct  ,ถูกต้อง  ,Benar  ,Tama  ,Betul  ,No way to verify  ,Không cách nào khảo chứng,No way to verify  ,ไม่มีทางตรวจสอบ  ,Tiada cara mengesahkan  ,No way to verify  ,Tiada cara untuk mengesahkan  ,,
121,3,50,303,"In the game, when a player reaches level 40 and after how many days of server opening can they participate in the Quartz Tournament?","Trong trò chơi, người chơi đạt cấp 40 và sau bao nhiêu ngày mở cửa server có thể tham gia Quartz Tournament?","In the game, when a player reaches level 40 and after how many days of server opening can they participate in the Quartz Tournament?",ในเกม ผู้เล่นเมื่อถึงระดับ 40 และหลังจากเปิดเซิร์ฟเวอร์กี่วันถึงจะเข้าร่วมการแข่งขัน Quartz Tournament ได้?,"Dalam permainan, saat pemain mencapai level 40 dan setelah berapa hari server dibuka, mereka dapat mengikuti Quartz Tournament?","Sa laro, kapag umabot sa level 40 ang manlalaro at pagkatapos ng ilang araw mula nang magbukas ang server, maaari na ba silang sumali sa Quartz Tournament?","Dalam permainan, pemain perlu mencapai tahap 40 dan berapa hari selepas pelayan dibuka untuk menyertai Quartz Tournament?",9,9,9,9,9,9,9,7,7,7,7,7,7,7,8,8,8,8,8,8,8,10,10,10,10,10,10,10,,
122,3,50,304,"According to legend, what action when seeing Clefairy on a full moon night brings good luck?  ","Theo truyền thuyết, hành động nào khi nhìn thấy Clefairy vào đêm trăng tròn sẽ mang lại may mắn?","According to legend, what action when seeing Clefairy on a full moon night brings good luck?  ",ตามตำนาน การกระทำใดเมื่อเห็น Clefairy ในคืนพระจันทร์เต็มดวงจะนำโชคดี?  ,"Menurut legenda, tindakan apa yang membawa keberuntungan saat melihat Clefairy pada malam bulan purnama?  ","Ayon sa alamat, anong aksyon kapag nakita ang Clefairy sa gabi ng buong buwan ang nagdadala ng suwerte?  ","Menurut legenda, apakah tindakan yang membawa tuah jika melihat Clefairy pada malam bulan purnama?",Nhảy múa dưới ánh trăng tròn,Nhảy múa dưới ánh trăng tròn,Dancing under the full moon  ,เต้นรำใต้แสงจันทร์เต็มดวง  ,Menari di bawah bulan purnama  ,Sumasayaw sa ilalim ng bilog na buwan  ,Menari di bawah bulan bulat  ,Singing under the full moon  ,Hát dưới trăng tròn,Singing under the full moon  ,ร้องเพลงใต้แสงจันทร์เต็มดวง  ,Bernyanyi di bawah bulan purnama  ,Kumakanta sa ilalim ng bilog na buwan  ,Menyanyi di bawah bulan bulat  ,Eats vegetables under the full moon  ,Ăn rau quả dưới ánh trăng tròn,Eats vegetables under the full moon  ,กินผักใต้พระจันทร์เต็มดวง  ,Makan sayur di bawah bulan purnama  ,Kumakain ng gulay sa ilalim ng buong buwan  ,Makan sayur di bawah bulan penuh  ,At the full moon lower orbit  ,Tại trăng tròn hạ vòng quanh,At the full moon lower orbit  ,ที่ดวงจันทร์เต็มดวงวงโคจรต่ำ  ,Pada bulan purnama orbit rendah  ,At the full moon lower orbit  ,Pada bulan purnama orbit rendah  ,,
123,3,50,305,"Psyduck often suffers from headaches, causing it to forget things. When its headache is severe, what can happen?  ","Psyduck thường xuyên bị đau đầu, điều này khiến nó hay quên. Khi nó đau đầu nghiêm trọng, điều gì có thể xảy ra?","Psyduck often suffers from headaches, causing it to forget things. When its headache is severe, what can happen?  ",Psyduck มักมีอาการปวดหัวซึ่งทำให้มันมักลืม เมื่อมันปวดหัวอย่างรุนแรง อะไรอาจเกิดขึ้น?  ,"Psyduck sering mengalami sakit kepala yang menyebabkan ia mudah lupa. Ketika sakit kepalanya parah, apa yang bisa terjadi?  ","Madalas na may sakit ng ulo si Psyduck kaya madalas siyang nakakalimot. Kapag matindi ang sakit ng ulo niya, ano ang maaaring mangyari?  ",Psyduck sering sakit kepala dan mudah lupa. Apakah yang boleh berlaku apabila sakit kepalanya menjadi teruk?,Sẽ phát ra chiêu thức kỳ diệu,Sẽ phát ra chiêu thức kỳ diệu,Will unleash a magical move  ,จะปล่อยท่าพิเศษออกมา  ,Akan mengeluarkan jurus ajaib  ,Magpapakawala ng mahiwagang galaw  ,Akan melepaskan gerakan ajaib  ,Will quickly dive into the water  ,Sẽ nhanh chóng lặn xuống nước,Will quickly dive into the water  ,จะดำน้ำอย่างรวดเร็ว  ,Akan segera menyelam ke dalam air  ,Agad na sumisid sa tubig  ,Terus menyelam ke dalam air  ,Will leap and fly into the air  ,Sẽ nhảy lên và bay trong không trung,Will leap and fly into the air  ,จะกระโดดและบินขึ้นไปในอากาศ  ,Akan melompat dan terbang di udara  ,Tatalon at lilipad sa ere  ,Akan melompat dan terbang di udara  ,Will return inside Pokeball  ,Sẽ trở lại Pokeball bên trong,Will return inside Pokeball  ,จะกลับไปในโปเกบอล  ,Akan kembali ke dalam Pokeball  ,Will return inside Pokeball  ,Akan kembali ke dalam Pokeball  ,,
124,3,50,306,Which Pokémon is known to be homosexual?  ,Pokémon nào là loài đồng tính luyến ái?,Which Pokémon is known to be homosexual?  ,Pokémon ตัวใดที่เป็นที่รู้จักว่าเป็นรักร่วมเพศ?  ,Pokémon mana yang dikenal sebagai homoseksual?  ,Aling Pokémon ang kilala bilang homosekswal?  ,Pokémon manakah yang dikenali sebagai homoseksual?,Starfish,Starfish,Starfish  ,ปลาดาว  ,Bintang laut  ,Starfish  ,Tapak Sulaiman  ,Water Otter  ,Rái Cá Nước,Water Otter  ,นากน้ำ  ,Berang-berang air  ,Otter sa tubig  ,Memerang air  ,Magikarp  ,Magikarp,Magikarp  ,มากิคาร์ป  ,Magikarp  ,Magikarp  ,Magikarp  ,Western sea drinking  ,Tây sư biển nhâm,Western sea drinking  ,ดื่มทะเลตะวันตก  ,Minum laut barat  ,Western sea drinking  ,Minum laut barat  ,,
125,3,50,307,"Considered the ancestor of crustaceans and also turtles, which Pokémon is it?  ","Được cho là tổ tiên của loài giáp xác và cũng là tổ tiên của rùa, đó là Pokémon nào?","Considered the ancestor of crustaceans and also turtles, which Pokémon is it?  ",Pokémon ใดที่ถือว่าเป็นบรรพบุรุษของสัตว์ครึ่งบกครึ่งน้ำและเต่า?  ,Pokémon mana yang dianggap sebagai nenek moyang krustasea dan juga kura-kura?  ,Aling Pokémon ang itinuturing na ninuno ng mga crustacean at mga pagong?  ,"Dianggap sebagai nenek moyang kepada krustasea dan juga kura-kura, Pokémon apakah itu?",Omanyte,Omanyte,Omanyte  ,โอมะไนต์  ,Omanyte  ,Omanyte  ,Omanyte  ,Pteranodon Fossil  ,Pteranodon Hóa Thạch,Pteranodon Fossil  ,ฟอสซิลปเทอราโนดอน  ,Fosil Pteranodon  ,Fossil ng Pteranodon  ,Fosil Pteranodon  ,Geodude  ,Geodude,Geodude  ,จีโอดู๊ด  ,Geodude  ,Geodude  ,Geodude  ,Beast Button  ,Con cúc thú,Beast Button  ,สัตว์ปุ่ม  ,Haiwan Butang  ,Beast Button  ,Haiwan Butang  ,,
126,3,50,308,What is the truth about Sneezle’s runny nose?  ,Sự thật về dịch mũi của Sneezle là gì?,What is the truth about Sneezle’s runny nose?  ,เรื่องจริงเกี่ยวกับน้ำมูกของ Sneezle คืออะไร?  ,Apa fakta sebenarnya tentang ingus Sneezle?  ,Ano ang katotohanan tungkol sa sipon ni Sneezle?  ,Apakah fakta mengenai hingus Sneezle?,"Những chất nhầy càng dày, trạng thái cơ thể càng tốt","Những chất nhầy càng dày, trạng thái cơ thể càng tốt","The thicker the slime, the better the body condition  ",ยิ่งเมือกหนา สุขภาพก็ยิ่งดี  ,"Semakin tebal lendirnya, semakin baik kondisi tubuh  ","Mas makapal ang malagkit, mas maganda ang kalagayan ng katawan  ","Semakin pekat likatnya, semakin sihat tubuhnya  ","Slimy, indicating a healthy body  ","Chảy nhầy, biểu thị cơ thể khỏe mạnh","Slimy, indicating a healthy body  ",เหนียวหนึบ แสดงถึงร่างกายที่แข็งแรง  ,"Lendir, menandakan tubuh yang sehat  ","Malagkit, tanda ng malusog na katawan  ","Melekit, tanda badan yang sihat  ","Weak nasal mucus, better physical condition  ","Chất nhờn mũi yếu, tình trạng cơ thể càng tốt","Weak nasal mucus, better physical condition  ",น้ำมูกอ่อน แต่อาการร่างกายดีขึ้น  ,"Lendir hidung lemah, kondisi tubuh membaik  ","Mahinang sipon, mas mabuting kondisyon ng katawan  ","Lendir hidung lemah, keadaan badan lebih baik  ","The smaller the mucus, the better the body condition  ","Nước mũi càng nhỏ, đại biểu trạng thái thân thể tốt","The smaller the mucus, the better the body condition  ",น้ำมูกยิ่งน้อย ร่างกายยิ่งดี  ,"Semakin kecil lendir, semakin baik keadaan badan  ","The smaller the mucus, the better the body condition  ","Semakin kecil kahak, semakin baik keadaan badan  ",,
127,3,50,309,"Sweets Cold Beauty is good at strong rock moves, but has a fatal weakness: what is it?  ","Sweets Cold Beauty rất giỏi các chiêu đá mạnh, nhưng có một điểm yếu chí mạng: gì?","Sweets Cold Beauty is good at strong rock moves, but has a fatal weakness: what is it?  ",Sweets Cold Beauty เชี่ยวชาญท่าโจมตีหินรุนแรง แต่มีจุดอ่อนร้ายแรงคืออะไร?  ,"Sweets Cold Beauty sangat pandai dalam serangan batu yang kuat, tetapi memiliki kelemahan fatal: apa itu?  ","Magaling si Sweets Cold Beauty sa malalakas na atake ng bato, pero may isang malubhang kahinaan: ano iyon?  ","Sweets Cold Beauty hebat dalam serangan jenis batu, tetapi apakah kelemahan utamanya?","Khi vương miện trên đầu bị chạm vào, sức mạnh sẽ biến mất","Khi vương miện trên đầu bị chạm vào, sức mạnh sẽ biến mất","When the crown on its head is touched, its power disappears  ",เมื่อมงกุฎบนหัวถูกสัมผัส พลังจะหายไป  ,"Saat mahkota di kepalanya disentuh, kekuatannya menghilang  ","Kapag nahawakan ang korona sa ulo, nawawala ang lakas  ","Apabila mahkota di kepala disentuh, kuasanya hilang  ","Without white petals, the power fades  ","Khi thiếu cánh hoa trắng, sức mạnh mất đi","Without white petals, the power fades  ",เมื่อกลีบดอกสีขาวหายไป พลังจะหมด  ,"Saat kelopak putih hilang, kekuatan pun lenyap  ","Kapag nawawala ang puting talulot, nawawala rin ang lakas  ","Apabila kelopak putih hilang, kekuatan juga hilang  ","When ignored by others, its power weakens  ","Khi bị mọi người làm lơ, sức mạnh sẽ yếu đi","When ignored by others, its power weakens  ",เมื่อถูกเมิน พลังจะอ่อนลง  ,"Jika diabaikan orang lain, kekuatannya melemah  ","Kapag hindi pinapansin, humihina ang lakas  ","Apabila diabaikan, kekuatan jadi lemah  ","Short illumination time, force will weaken  ","Chiếu sáng thời gian ít, lực lượng sẽ biến yếu","Short illumination time, force will weaken  ",เวลาส่องสว่างสั้น กำลังจะอ่อนลง  ,"Masa pencahayaan pendek, kekuatan akan melemah  ","Short illumination time, force will weaken  ","Masa pencahayaan pendek, tenaga akan berkurangan  ",,
128,3,50,310,"Below, which description about gender is incorrect?  ","Dưới đây, mô tả về giới tính nào là sai?","Below, which description about gender is incorrect?  ",ด้านล่างนี้ คำอธิบายเกี่ยวกับเพศใดที่ไม่ถูกต้อง?  ,"Di bawah ini, deskripsi tentang jenis kelamin mana yang salah?  ","Sa ibaba, alin ang maling paglalarawan tungkol sa kasarian?  ","Antara pernyataan berikut, yang manakah salah tentang jantina?","Đực của Butterfree có màu xanh, cái cái có màu hồng","Đực của Butterfree có màu xanh, cái cái có màu hồng","Male Butterfree is blue, female is pink  ",บัตเตอร์ฟรีเพศผู้เป็นสีฟ้า เพศเมียเป็นสีชมพู  ,"Butterfree jantan berwarna biru, betina berwarna merah muda  ","Asul ang Butterfree na lalaki, pink naman ang babae  ","Butterfree jantan berwarna biru, betina pula berwarna merah jambu  ","Pikachu, female has a heart-shaped tail  ","Pikachu, đuôi của con cái có hình trái tim","Pikachu, female has a heart-shaped tail  ",พิคาชู ตัวเมียมีหางรูปหัวใจ  ,"Pikachu, betinanya berekor bentuk hati  ","Pikachu, ang buntot ng babae ay hugis puso  ","Pikachu, ekor betina berbentuk hati  ",Latios is male-only  ,Latios chỉ có đực,Latios is male-only  ,ลาเทียสมีแต่ตัวผู้  ,Latios hanya jantan  ,Lalaki lang si Latios  ,Latios hanya jantan  ,"Male gentle body is blue, female gentle body is red  ","Giống đực nhẹ nhàng thân thể là màu lam, giống cái nhẹ nhàng thân thể là màu đỏ","Male gentle body is blue, female gentle body is red  ",ตัวผู้ตัวนุ่มร่างกายสีน้ำเงิน ตัวเมียตัวนุ่มร่างกายสีแดง  ,"Lelaki lembut badan berwarna biru, perempuan lembut badan berwarna merah  ","Male gentle body is blue, female gentle body is red  ","Lelaki lembut berwarna biru, wanita lembut berwarna merah  ",,
129,3,50,311,Which Pokémon blooms at a specific temperature and is used as a thermometer?  ,Pokémon nào nở hoa ở một nhiệt độ cụ thể và được dùng làm nhiệt kế?,Which Pokémon blooms at a specific temperature and is used as a thermometer?  ,Pokémon ตัวใดที่ออกดอกในอุณหภูมิที่เจาะจงและใช้เป็นเครื่องวัดอุณหภูมิ?  ,Pokémon mana yang mekar pada suhu tertentu dan digunakan sebagai termometer?  ,Aling Pokémon ang namumulaklak sa isang tiyak na temperatura at ginagamit bilang thermometer?  ,Pokémon mana yang berkembang mekar pada suhu tertentu dan digunakan sebagai termometer?,Dewpider,Dewpider,Dewpider  ,ดิวไพเดอร์  ,Dewpider  ,Dewpider  ,Dewpider  ,Flower King  ,Vương Hoa,Flower King  ,ราชาดอกไม้  ,Raja Bunga  ,Hari ng Bulaklak  ,Raja Bunga  ,Budew  ,Budew,Budew  ,บูดิว  ,Budew  ,Budew  ,Budew  ,Seed Frog Miracle  ,Diệu con ếch hạt giống,Seed Frog Miracle  ,ปาฏิหาริย์ลูกกบเมล็ดพันธุ์  ,Keajaiban Anak Katak Benih  ,Seed Frog Miracle  ,Keajaiban Katak Benih  ,,
130,3,50,312,Which Pokémon has a glowing tail and is often used as a street lamp for lost travelers?  ,Pokémon nào có đuôi phát sáng và thường được dùng làm đèn đường cho người lạc đường?,Which Pokémon has a glowing tail and is often used as a street lamp for lost travelers?  ,Pokémon ตัวใดที่มีหางเรืองแสงและมักใช้เป็นไฟถนนสำหรับนักเดินทางที่หลงทาง?  ,Pokémon mana yang memiliki ekor yang menyala dan sering digunakan sebagai lampu jalan bagi orang yang tersesat?  ,Aling Pokémon ang may kumikislap na buntot at madalas ginagamit bilang ilaw sa daan para sa mga naliligaw?  ,Pokémon manakah yang ekornya bercahaya dan digunakan sebagai lampu untuk orang yang sesat?,Electrike,Electrike,Electrike  ,อิเล็กไตรก์  ,Electrike  ,Electrike  ,Electrike  ,Pikachu  ,Pikachu,Pikachu  ,พิคาชู  ,Pikachu  ,Pikachu  ,Pikachu  ,Chinchou  ,Chinchou,Chinchou  ,ชินเชา  ,Chinchou  ,Chinchou  ,Chinchou  ,Long Tail Monster Hand  ,Đuôi dài quái thủ,Long Tail Monster Hand  ,มือสัตว์หางยาว  ,Tangan Raksasa Ekor Panjang  ,Long Tail Monster Hand  ,Tangan Raksasa Ekor Panjang  ,,
131,1,50,113,When was the electronic computer invented?  ,Điện toán điện tử (máy tính điện tử) được phát minh vào năm nào?,When was the electronic computer invented?  ,คอมพิวเตอร์อิเล็กทรอนิกส์ถูกประดิษฐ์ขึ้นในปีใด?  ,Komputer elektronik ditemukan pada tahun berapa?  ,Kailan naimbento ang electronic computer?  ,Bilakah komputer elektronik pertama dicipta?,1946,1946,1946,1946,1946,1946,1946,Year 1948  ,Năm 1948,Year 1948  ,ปี 1948  ,Tahun 1948  ,Taong 1948  ,Tahun 1948  ,1951,1951,1951,1951,1951,1951,1951,1941 Year  ,1941 Năm,1941 Year  ,ปี 1941  ,Tahun 1941  ,1941 Year  ,Tahun 1941  ,,
132,1,50,113,In which month do penguins usually lay eggs?  ,Chim cánh cụt thường đẻ trứng vào tháng mấy?,In which month do penguins usually lay eggs?  ,นกเพนกวินมักวางไข่ในเดือนใด?  ,Pada bulan apa penguin biasanya bertelur?  ,Sa anong buwan kadalasang nangingitlog ang mga penguin?  ,Pada bulan apa biasanya penguin bertelur?,Tháng 5,Tháng 5,May  ,พฤษภาคม  ,Mei  ,Mayo  ,Mei  ,April  ,Tháng 4,April  ,เดือนเมษายน  ,April  ,Abril  ,April  ,November  ,Tháng 11,November  ,พฤศจิกายน  ,November  ,Nobyembre  ,November  ,12 Month  ,12 Nguyệt,12 Month  ,12 เดือน  ,12 Bulan  ,12 Month  ,12 Bulan  ,,
133,1,50,113,How old is the Earth?  ,Tuổi của trái đất là bao nhiêu?,How old is the Earth?  ,โลกมีอายุเท่าไร?  ,Berapa umur bumi?  ,Gaano katanda ang mundo?  ,Berapakah usia bumi?,46 tỷ năm,46 tỷ năm,46 billion years  ,46 พันล้านปี  ,46 miliar tahun  ,46 bilyong taon  ,46 bilion tahun  ,48 billion years  ,48 tỷ năm,48 billion years  ,48 พันล้านปี  ,48 miliar tahun  ,48 bilyong taon  ,48 bilion tahun  ,4.1 billion years  ,4.1 tỷ năm,4.1 billion years  ,4.1 พันล้านปี  ,4.1 miliar tahun  ,4.1 bilyong taon  ,4.1 bilion tahun  ,5.6 Billion Years  ,56 Ức năm,5.6 Billion Years  ,5.6 พันล้านปี  ,5.6 Bilion Tahun  ,5.6 Billion Years  ,5.6 Bilion Tahun  ,,
134,1,50,113,How long is the orbit of Halley’s Comet around the Sun?  ,Quỹ đạo của sao chổi Halley xung quanh mặt trời kéo dài bao lâu?,How long is the orbit of Halley’s Comet around the Sun?  ,วงโคจรของดาวหาง Halley รอบดวงอาทิตย์กินเวลานานเท่าไร?  ,Berapa lama orbit komet Halley mengelilingi matahari?  ,Gaano katagal ang orbit ng Halley’s Comet sa paligid ng araw?  ,Berapa lamakah orbit komet Halley mengelilingi matahari?,76 năm,76 năm,76 years  ,76 ปี  ,76 tahun  ,76 taon  ,76 tahun  ,72 years  ,72 năm,72 years  ,72 ปี  ,72 tahun  ,72 taon  ,72 tahun  ,74 years  ,74 năm,74 years  ,74 ปี  ,74 tahun  ,74 taon  ,74 tahun  ,78 Years  ,78 Năm,78 Years  ,78 ปี  ,78 Tahun  ,78 Years  ,78 Tahun  ,,
136,1,50,119,Which continent is the second largest by area in the world?  ,Lục địa nào có diện tích lớn thứ hai trên thế giới?,Which continent is the second largest by area in the world?  ,ทวีปใดมีพื้นที่ใหญ่เป็นอันดับสองของโลก?  ,Benua mana yang memiliki luas terbesar kedua di dunia?  ,Aling kontinente ang pangalawa sa pinakamalawak na sukat sa mundo?  ,Benua manakah yang kedua terbesar dari segi keluasan?,Châu Phi,Châu Phi,Africa  ,แอฟริกา  ,Afrika  ,Aprika  ,Afrika  ,Oceania,Châu Đại Dương,Oceania,โอเชียเนีย,Oseania,Oceania,Oceania  ,Antarctica  ,Nam Cực,Antarctica  ,แอนตาร์กติกา  ,Antartika  ,Antarctica  ,Antartika  ,Asia  ,Châu Á,Asia  ,เอเชีย  ,Asia  ,Asia  ,Asia  ,,
137,1,50,119,How many intersections are on a Go board?  ,Số điểm giao nhau trên bàn cờ vây là bao nhiêu?,How many intersections are on a Go board?  ,กระดานโกะมีจุดตัดกี่จุด?  ,Berapa banyak persimpangan pada papan Go?  ,Ilan ang mga intersection sa isang Go board?  ,Berapakah jumlah titik persilangan dalam papan permainan Go?,361,361,361,361,361,361,361,324,324,324,324,324,324,324,441,441,441,441,441,441,441,289,289,289,289,289,289,289,,
138,1,50,120,"Which city is called the ""Capital of International Conferences""?  ","Thành phố nào được gọi là ""Thủ đô của các cuộc hội nghị quốc tế""?","Which city is called the ""Capital of International Conferences""?  ","เมืองใดถูกขนานนามว่า ""เมืองหลวงของการประชุมระหว่างประเทศ""?  ","Kota mana yang disebut ""Ibu Kota Konferensi Internasional""?  ","Aling lungsod ang tinatawag na ""Kabisera ng mga Pandaigdigang Kumperensya""?  ","Bandar manakah digelar ""Ibu Kota Persidangan Antarabangsa""?",Geneva,Geneva,Geneva  ,เจนีวา  ,Jenewa  ,Geneva  ,Geneva  ,New York  ,New York,New York  ,นิวยอร์ก  ,นิวยอร์ก  ,New York  ,New York  ,Tehran  ,Teheran,Tehran  ,เตหะราน  ,Teheran  ,Teheran  ,Teheran  ,Rio de Janeiro  ,Rio de Janeiro,Rio de Janeiro  ,ริโอเดจาเนโร  ,Rio de Janeiro  ,Rio de Janeiro  ,Rio de Janeiro  ,,
139,1,50,120,Which is the longest river flowing directly into the Atlantic Ocean?  ,Con sông dài nhất chảy trực tiếp vào Đại Tây Dương là con sông nào?,Which is the longest river flowing directly into the Atlantic Ocean?  ,แม่น้ำที่ยาวที่สุดที่ไหลตรงสู่มหาสมุทรแอตแลนติกคือแม่น้ำใด?  ,Sungai terpanjang yang mengalir langsung ke Samudra Atlantik adalah sungai apa?  ,Aling ilog ang pinakamahaba na direktang dumadaloy sa Atlantic Ocean?  ,Sungai manakah yang terpanjang dan mengalir terus ke Lautan Atlantik?,Amazon River,Amazon River,Amazon River  ,แม่น้ำอเมซอน  ,Sungai Amazon  ,Ilog Amazon  ,Sungai Amazon  ,Nile River  ,Sông Nile,Nile River  ,แม่น้ำไนล์  ,แม่น้ำไนล์  ,Ilog Nile  ,Sungai Nil  ,Mississippi River  ,Sông Mississippi,Mississippi River  ,แม่น้ำมิสซิสซิปปี  ,Sungai Mississippi  ,Ilog Mississippi  ,Sungai Mississippi  ,Congo River  ,Công-gô sông,Congo River  ,แม่น้ำคองโก  ,Sungai Congo  ,Congo River  ,Sungai Congo  ,,
140,1,50,120,In which U.S. state is Hollywood located?  ,Hollywood nằm ở tiểu bang nào của Hoa Kỳ?,In which U.S. state is Hollywood located?  ,ฮอลลีวูดตั้งอยู่ในรัฐใดของสหรัฐอเมริกา?  ,Hollywood berada di negara bagian mana di AS?  ,Saang estado ng US matatagpuan ang Hollywood?  ,Hollywood terletak di negeri mana di Amerika Syarikat?,California,California,California  ,แคลิฟอร์เนีย  ,California  ,California  ,California  ,Colorado State  ,Bang Colorado,Colorado State  ,รัฐโคโลราโด  ,รัฐโคโลราโด  ,Estado ng Colorado  ,Negeri Colorado  ,Minnesota  ,Minnesota,Minnesota  ,มินนิโซตา  ,Minnesota  ,Minnesota  ,Minnesota  ,State of Alaska  ,Bang Alaska,State of Alaska  ,รัฐอลาสกา  ,Negeri Alaska  ,State of Alaska  ,Negeri Alaska  ,,
141,1,50,124,Which countries participated in the first ancient Olympics?  ,Các quốc gia tham gia Thế vận hội cổ đại lần đầu tiên là gì?,Which countries participated in the first ancient Olympics?  ,ประเทศใดเข้าร่วมการแข่งขันโอลิมปิกโบราณครั้งแรก?  ,Negara mana yang mengikuti Olimpiade kuno pertama kali?  ,Anong mga bansa ang lumahok sa unang sinaunang Olympics?  ,Negara-negara manakah yang menyertai Sukan Olimpik purba pertama kali?,3 cái,3 cái,3 items  ,3 ชิ้น  ,3 buah  ,3 piraso  ,3 keping  ,1 item  ,1 cái,1 item  ,1 ชิ้น  ,1 ชิ้น  ,1 piraso  ,1 keping  ,2 pieces  ,2 cái,2 pieces  ,2 ชิ้น  ,2 buah  ,2 piraso  ,2 keping  ,5 Pieces  ,5 Cái,5 Pieces  ,5 ชิ้น  ,5 Keping  ,5 Pieces  ,5 Keping  ,,
142,1,50,124,What percentage of an adult human’s body weight is blood?  ,Máu chiếm bao nhiêu phần trăm trọng lượng cơ thể người trưởng thành?,What percentage of an adult human’s body weight is blood?  ,เลือดมีสัดส่วนเท่าใดของน้ำหนักตัวผู้ใหญ่?  ,Berapa persentase darah dari berat badan orang dewasa?  ,Magkano ang porsyento ng dugo sa timbang ng katawan ng isang adultong tao?  ,Berapa peratus berat badan orang dewasa terdiri daripada darah?,7-8%,7-8%,7-8%  ,7-8%  ,7-8%  ,7-8%  ,7-8%  ,4-5%  ,4-5%,4-5%  ,4-5%  ,4-5%  ,4-5%  ,4-5%  ,10-15%  ,10-15%,10-15%  ,10-15%  ,10-15%  ,10-15%  ,10-15%  ,1-2%  ,1-2%,1-2%  ,1-2%  ,1-2%  ,1-2%  ,1-2%  ,,
143,1,50,124,Where is Microsoft’s headquarters?  ,Trụ sở chính của Microsoft ở đâu?,Where is Microsoft’s headquarters?  ,สำนักงานใหญ่ของ Microsoft อยู่ที่ไหน?  ,Dimana kantor pusat Microsoft?  ,Saan matatagpuan ang headquarters ng Microsoft?  ,Di manakah ibu pejabat Microsoft?,Mỹ Tây,Mỹ Tây,Southwest US  ,ตะวันตกเฉียงใต้ของสหรัฐฯ  ,Barat Daya Amerika Serikat  ,Timog-Kanluran ng U.S.  ,Barat Daya A.S.  ,Eastern U.S. region  ,Khu vực Đông Mỹ,Eastern U.S. region  ,พื้นที่ฝั่งตะวันออกของสหรัฐฯ  ,Wilayah Timur Amerika  ,Silangang rehiyon ng U.S.  ,Wilayah Timur A.S.  ,Central America  ,Trung Mỹ,Central America  ,อเมริกากลาง  ,Amerika Tengah  ,Gitnang Amerika  ,Amerika Tengah  ,Southern United States  ,Nước Mỹ nam bộ,Southern United States  ,สหรัฐอเมริกาใต้  ,Amerika Selatan  ,Southern United States  ,Amerika Selatan  ,,
144,1,50,124,Where is the best coffee in the world produced?  ,Cà phê tốt nhất trên thế giới sản xuất ở đâu?,Where is the best coffee in the world produced?  ,กาแฟที่ดีที่สุดในโลกผลิตที่ไหน?  ,Dimana kopi terbaik di dunia diproduksi?  ,Saan ginagawa ang pinakamagandang kape sa mundo?  ,Di manakah kopi terbaik dunia dihasilkan?,Jamaica,Jamaica,Jamaica  ,จาเมกา  ,Jamaika  ,Jamaica  ,Jamaica  ,Brazil  ,Brazil,Brazil  ,บราซิล  ,Brasil  ,Brazil  ,Brazil  ,Colombia  ,Colombia,Colombia  ,โคลอมเบีย  ,Kolombia  ,Colombia  ,Colombia  ,Ethiopia  ,Ethiopia,Ethiopia  ,เอธิโอเปีย  ,Ethiopia  ,Ethiopia  ,Ethiopia  ,,
145,2,50,230,What is the largest peninsula in Europe?  ,Bán đảo lớn nhất ở châu Âu là gì?,What is the largest peninsula in Europe?  ,คาบสมุทรที่ใหญ่ที่สุดในยุโรปคืออะไร?  ,Apa semenanjung terbesar di Eropa?  ,Ano ang pinakamalaking peninsula sa Europe?  ,Apakah semenanjung terbesar di Eropah?,Bắc Âu,Bắc Âu,Northern Europe  ,ยุโรปเหนือ  ,Eropa Utara  ,Hilagang Europa  ,Eropah Utara  ,Eastern Europe  ,Đông Âu,Eastern Europe  ,ยุโรปตะวันออก  ,Eropa Timur  ,Silangang Europa  ,Eropah Timur  ,Western Europe  ,Tây Âu,Western Europe  ,ยุโรปตะวันตก  ,Eropa Barat  ,Kanlurang Europa  ,Eropah Barat  ,Central Europe  ,Trung Âu,Central Europe  ,ยุโรปกลาง  ,Eropah Tengah  ,Central Europe  ,Eropah Tengah  ,,
146,2,50,230,Which continent does Hawaii belong to?  ,Hawaii thuộc châu lục nào?,Which continent does Hawaii belong to?  ,ฮาวายเป็นส่วนหนึ่งของทวีปใด?  ,Hawaii termasuk benua mana?  ,Aling kontinente ang sakop ng Hawaii?  ,Hawaii terletak di benua mana?,Oceania,Oceania,Oceania  ,โอเชียเนีย  ,Oseania  ,Oceania  ,Oceania  ,North America  ,Bắc Mỹ,North America  ,อเมริกาเหนือ  ,Amerika Utara  ,Hilagang Amerika  ,Amerika Utara  ,South America,Nam Mỹ,South America,อเมริกาใต้,Amerika Selatan,Timog Amerika,Amerika Selatan,Asia  ,Châu Á,Asia  ,เอเชีย  ,Asia  ,Asia  ,Asia  ,,
147,2,50,230,What is the distance of an international marathon race?  ,Khoảng cách chạy đua marathon quốc tế là bao nhiêu?,What is the distance of an international marathon race?  ,ระยะทางของการแข่งขันมาราธอนระดับนานาชาติคือเท่าไร?  ,Berapa jarak lomba marathon internasional?  ,Magkano ang distansya ng isang international marathon race?  ,Jarak perlumbaan maraton antarabangsa adalah berapa?,42195m,42195m,42195m  ,42195 เมตร  ,42195m  ,42195m  ,42195m  ,"42,000m  ",42000m,"42,000m  ","42,000 เมตร  ",42000m  ,"42,000m  ","42,000m  ","42,125m  ","42,125m","42,125m  ","42,125m  ",42.125m  ,"42,125m  ","42,125m  ",42105m  ,42105m,42105m  ,42105m  ,42105m  ,42105m  ,42105m  ,,
148,2,50,230,Where is the growth layer of grass plants located?  ,Tầng tăng trưởng của cây bò có ở đâu?,Where is the growth layer of grass plants located?  ,ชั้นเจริญเติบโตของต้นหญ้าอยู่ที่ไหน?  ,Dimana lapisan pertumbuhan tanaman rumput berada?  ,Saan matatagpuan ang growth layer ng mga damo?  ,Lapisan pertumbuhan pokok menjalar terletak di mana?,Răng,Răng,Teeth  ,ฟัน  ,Gigi  ,Ngipin  ,Gigi  ,On cow hooves  ,Trên móng bò,On cow hooves  ,บนกีบวัว  ,Di atas kuku sapi  ,Sa kuko ng baka  ,Di kuku lembu  ,Stomach  ,Bụng,Stomach  ,ท้อง  ,Perut  ,Tiyan  ,Perut  ,Buffalo horn above  ,Sừng trâu bên trên,Buffalo horn above  ,เขาสัตว์กระทิงด้านบน  ,Tanduk kerbau di atas  ,Buffalo horn above  ,Tanduk kerbau di atas  ,,
149,2,50,234,"Who is the author of ""Snow White""?  ","Tác giả của ""Snow White"" (Bạch Tuyết) là ai?","Who is the author of ""Snow White""?  ","ใครเป็นผู้แต่ง ""สโนว์ไวท์""?  ","Siapa penulis ""Snow White""?  ","Sino ang may akda ng ""Snow White""?  ","Siapakah penulis ""Snow White"" (Puteri Salji)?",Anh em Grimm,Anh em Grimm,Grimm Brothers  ,พี่น้องกริมม์  ,Saudara Grimm  ,Magkapatid na Grimm  ,Adik-beradik Grimm  ,Andersen  ,Andersen,Andersen  ,แอนเดอร์เซน  ,Andersen  ,Andersen  ,Andersen  ,Anonymous  ,Ẩn danh,Anonymous  ,ไม่ระบุชื่อ  ,Anonim  ,Hindi kilala  ,Tidak dikenali  ,Medicine work  ,Y tác,Medicine work  ,งานยา  ,Kerja ubat  ,Medicine work  ,Kerja ubat  ,,
150,2,50,234,Whose blood pressure was first measured using a blood pressure monitor?  ,Máy đo huyết áp đầu tiên được sử dụng để đo huyết áp của ai?,Whose blood pressure was first measured using a blood pressure monitor?  ,การวัดความดันเลือดครั้งแรกใช้กับใคร?  ,Tekanan darah siapa yang pertama kali diukur menggunakan alat pengukur tekanan darah?  ,Kanino unang ginamit ang blood pressure monitor upang sukatin ang presyon ng dugo?  ,Siapa orang pertama yang diukur tekanan darah menggunakan alat pengukur tekanan darah pertama?,Ngựa,Ngựa,Horse  ,ม้า  ,Kuda  ,Kabayo  ,Kuda  ,Cow  ,Bò,Cow  ,วัว  ,Sapi  ,Baka  ,Lembu  ,Pig  ,Lợn,Pig  ,หมู  ,Babi  ,Baboy  ,Babi  ,Goat  ,Dê,Goat  ,แพะ  ,Kambing  ,Goat  ,Kambing  ,,
151,2,50,234,What is the first university in the United States?  ,Trường đại học đầu tiên ở Mỹ là trường nào?,What is the first university in the United States?  ,มหาวิทยาลัยแห่งแรกในสหรัฐอเมริกาคือที่ไหน?  ,Universitas pertama di Amerika Serikat adalah universitas apa?  ,Ano ang unang unibersidad sa Estados Unidos?  ,Apakah universiti pertama di Amerika Syarikat?,Harvard,Harvard,Harvard  ,ฮาร์วาร์ด  ,Harvard  ,Harvard  ,Harvard  ,Stanford University  ,Đại học Stanford,Stanford University  ,มหาวิทยาลัยสแตนฟอร์ด  ,Universitas Stanford  ,Stanford University  ,Universiti Stanford  ,Julia Music Academy  ,Học viện âm nhạc Julia,Julia Music Academy  ,สถาบันดนตรีจูเลีย  ,Akademi Musik Julia  ,Julia Music Academy  ,Akademi Muzik Julia  ,New York University  ,New York đại học,New York University  ,มหาวิทยาลัยนิวยอร์ก  ,Universiti New York  ,New York University  ,Universiti New York  ,,
152,2,50,234,When was the first school song composed?  ,Bài hát trường đầu tiên được sáng tác khi nào?,When was the first school song composed?  ,เพลงประจำโรงเรียนเพลงแรกถูกแต่งขึ้นเมื่อใด?  ,Kapan lagu sekolah pertama kali diciptakan?  ,Kailan na-compose ang unang school song?  ,Bila lagu sekolah pertama kali digubah?,Nhật Bản,Nhật Bản,Japan  ,ญี่ปุ่น  ,Jepang  ,Hapon  ,Jepun  ,South Korea  ,Hàn Quốc,South Korea  ,เกาหลีใต้  ,Korea Selatan  ,South Korea  ,Korea Selatan  ,China  ,Trung Quốc,China  ,จีน  ,Cina  ,Tsina  ,China  ,United States  ,Nước Mỹ,United States  ,สหรัฐอเมริกา  ,Amerika Syarikat  ,United States  ,Amerika Syarikat  ,,
153,2,50,238,"Who is the author of ""Othello""?  ","Tác giả của ""Othello"" là ai?","Who is the author of ""Othello""?  ","ใครเป็นผู้แต่ง ""โอเทลโล""?  ","Siapa penulis ""Othello""?  ","Sino ang may akda ng ""Othello""?  ","Siapakah penulis karya ""Othello""?",Shakespeare,Shakespeare,Shakespeare  ,เชกสเปียร์  ,Shakespeare  ,Shakespeare  ,Shakespeare  ,Homer  ,Homer,Homer  ,โฮเมอร์  ,Homer  ,Homer  ,Homer  ,Dante  ,Dante,Dante  ,ดันเต้  ,Dante  ,Dante  ,Dante  ,Tolstoy  ,Tolstoy,Tolstoy  ,Tolstoy  ,Tolstoy  ,Tolstoy  ,Tolstoy  ,,
154,2,50,238,What color world do dogs see?  ,Màu sắc của thế giới mà chó nhìn thấy là gì?,What color world do dogs see?  ,โลกสีที่สุนัขมองเห็นคือสีอะไร?  ,Warna apa yang dilihat anjing?  ,Anong kulay ang nakikita ng mga aso?  ,Apakah warna dunia yang dilihat oleh anjing?,"Đen, trắng, xám","Đen, trắng, xám","Black, white, gray  ",ดำ ขาว เทา  ,"Hitam, putih, abu-abu  ","Itim, puti, abo  ","Hitam, putih, kelabu  ",Red and green  ,Đỏ và xanh lá,Red and green  ,สีแดงและเขียว  ,Merah dan hijau  ,Pula at berde  ,Merah dan hijau  ,Blue-orange  ,Xanh cam,Blue-orange  ,น้ำเงิน-ส้ม  ,Biru-jingga  ,Asul-kahel  ,Biru-jingga  ,Color discharge  ,Thải sắc,Color discharge  ,การปล่อยสี  ,Pelepasan warna  ,Color discharge  ,Pelepasan warna  ,,
155,2,50,238,Where was the world’s first postage stamp issued?,Tem bưu chính đầu tiên của thế giới được phát hành ở đâu?,Where was the world’s first postage stamp issued?,แสตมป์ไปรษณีย์แรกของโลกถูกออกในที่ใด?,Dimana perangko pos pertama di dunia diterbitkan?,Saan inilabas ang unang postage stamp sa mundo?,Setem pos pertama di dunia diterbitkan di mana?,Anh,Anh,England  ,อังกฤษ  ,Inggris  ,Inglatera  ,England  ,USA  ,Mỹ,USA  ,สหรัฐอเมริกา  ,AS  ,U.S.A.  ,A.S.  ,Germany  ,Đức,Germany  ,เยอรมนี  ,Jerman  ,Alemanya  ,Jerman  ,France  ,Nước Pháp,France  ,ประเทศฝรั่งเศส  ,Perancis  ,France  ,Perancis  ,,
156,2,50,238,What is the highest peak of the Alps?  ,Đỉnh cao nhất của dãy Alps là đỉnh nào?,What is the highest peak of the Alps?  ,ยอดเขาที่สูงที่สุดของเทือกเขาแอลป์คือยอดเขาอะไร?  ,Puncak tertinggi dari Pegunungan Alpen adalah puncak apa?  ,Ano ang pinakamataas na tuktok ng Alps?  ,Puncak tertinggi di Banjaran Alps ialah puncak apa?,Mont Blanc,Mont Blanc,Mont Blanc  ,มองต์บล็องก์  ,Mont Blanc  ,Mont Blanc  ,Mont Blanc  ,Matterhorn Mountain  ,Núi Matterhorn,Matterhorn Mountain  ,ภูเขาแมทเทอร์ฮอร์น  ,Gunung Matterhorn  ,Bundok Matterhorn  ,Gunung Matterhorn  ,Dufour Peak  ,Đỉnh Dufour,Dufour Peak  ,ยอดเขาดูฟูร์  ,Puncak Dufour  ,Dufour Peak  ,Puncak Dufour  ,Wise wind  ,Wise phong,Wise wind  ,ลมฉลาด  ,Angin bijak  ,Wise wind  ,Angin bijak  ,,
157,2,50,242,What bird has the record for the longest flight in history?  ,Loài chim có khả năng bay xa nhất trong lịch sử được ghi nhận là gì?,What bird has the record for the longest flight in history?  ,นกชนิดใดที่มีสถิติการบินไกลที่สุดในประวัติศาสตร์?  ,Burung apa yang memiliki rekor terbang terjauh dalam sejarah?  ,Anong ibon ang may rekord para sa pinakamahabang lipad sa kasaysayan?  ,Burung apakah yang direkodkan terbang paling jauh dalam sejarah?,Arctic Tern,Arctic Tern,Arctic Tern  ,นกอาร์กติกเทิร์น  ,Arctic Tern  ,Arctic Tern  ,Burung Dara Artik  ,Wild goose  ,Ngỗng trời,Wild goose  ,ห่านป่า  ,Angsa liar  ,Gansang ligaw  ,Angsa liar  ,Vulture  ,Vulture,Vulture  ,แร้ง  ,Burung nasar  ,Buwitre  ,Burung nasar  ,Silver-haired eagle  ,Đầu bạc ưng,Silver-haired eagle  ,นกอินทรีผมหงอก  ,Helang berambut perak  ,Silver-haired eagle  ,Helang berbulu perak  ,,
158,2,50,242,Is a fluorescent lamp a high-pressure mercury lamp?  ,Đèn huỳnh quang có phải là đèn thủy ngân áp suất cao không?,Is a fluorescent lamp a high-pressure mercury lamp?  ,หลอดไฟฟลูออเรสเซนต์เป็นหลอดไฟปรอทแรงดันสูงหรือไม่?  ,Apakah lampu fluoresen adalah lampu merkuri tekanan tinggi?  ,Ang fluorescent lamp ba ay isang high-pressure mercury lamp?  ,Adakah lampu pendarfluor lampu merkuri tekanan tinggi?,Không phải,Không phải,No  ,ไม่ใช่  ,Bukan  ,Hindi  ,Tidak  ,Correct  ,Đúng,Correct  ,ถูกต้อง  ,Benar  ,Tama  ,Betul  ,"Maybe yes, maybe no  ","Có thể có, có thể không","Maybe yes, maybe no  ",อาจจะใช่ อาจจะไม่  ,"Mungkin ya, mungkin tidak  ","Maaaring oo, maaaring hindi  ","Mungkin ya, mungkin tidak  ",No way to verify  ,Không cách nào khảo chứng,No way to verify  ,ไม่มีวิธีตรวจสอบ  ,Tiada cara mengesahkan  ,No way to verify  ,Tiada cara untuk mengesahkan  ,,
159,2,50,242,"Who are Domingo and Carreras in ""The Three Tenors""?  ","Domingo và Carreras trong ""Tam đại tenor"" đều là ai?","Who are Domingo and Carreras in ""The Three Tenors""?  ","Domingo และ Carreras ใน ""สามเทเนอร์"" คือใคร?  ","Siapa Domingo dan Carreras dalam ""The Three Tenors""?  ","Sino sina Domingo at Carreras sa ""The Three Tenors""?  ","Siapakah Domingo dan Carreras dalam ""Tiga Tenor Terhebat""?",Người Tây Ban Nha,Người Tây Ban Nha,Spanish  ,ชาวสเปน  ,Orang Spanyol  ,Espanyol  ,Sepanyol  ,Italians  ,Người Ý,Italians  ,ชาวอิตาลี  ,Orang Italia  ,Mga Italyano  ,Orang Itali  ,Argentinian  ,Người Argentina,Argentinian  ,ชาวอาร์เจนตินา  ,Orang Argentina  ,Argentinian  ,Orang Argentina  ,French people  ,Người Pháp,French people  ,ชาวฝรั่งเศส  ,Orang Perancis  ,French people  ,Orang Perancis  ,,
160,2,50,242,Where is the Moon Pyramid located?  ,Kim tự tháp mặt trăng tọa lạc ở đâu?,Where is the Moon Pyramid located?  ,พีระมิดพระจันทร์ตั้งอยู่ที่ไหน?  ,Di mana Piramida Bulan terletak?  ,Saan matatagpuan ang Moon Pyramid?  ,Di manakah terletaknya Piramid Bulan?,Mexico,Mexico,Mexico  ,เม็กซิโก  ,Meksiko  ,Mexico  ,Mexico  ,Toronto  ,Toronto,Toronto  ,โตรอนโต  ,Toronto  ,Toronto  ,Toronto  ,Vancouver  ,Vancouver,Vancouver  ,แวนคูเวอร์  ,Vancouver  ,Vancouver  ,Vancouver  ,Mundt Lier  ,Mundt Lier,Mundt Lier  ,Mundt Lier  ,Mundt Lier  ,Mundt Lier  ,Mundt Lier  ,,
161,2,50,246,"Which city is called the ""Smoke-free City""?  ","Thành phố được gọi là ""Thành phố không khói"" là gì?","Which city is called the ""Smoke-free City""?  ","เมืองใดที่ถูกเรียกว่า ""เมืองปลอดควัน""?  ","Kota mana yang disebut ""Kota Bebas Asap""?  ","Anong lungsod ang tinatawag na ""Smoke-free City""?  ","Bandar manakah digelar sebagai ""Bandar tanpa asap""?",Reykjavik,Reykjavik,Reykjavik  ,เรคยาวิก  ,Reykjavik  ,Reykjavik  ,Reykjavik  ,Aarhus  ,Aarhus,Aarhus  ,ออฮุส  ,Aarhus  ,Aarhus  ,Aarhus  ,Odense  ,Odense,Odense  ,โอดันเซ  ,Odense  ,Odense  ,Odense  ,Aure treasure  ,Aure bảo,Aure treasure  ,สมบัติเก่า  ,Harta Aure  ,Aure treasure  ,Harta Aure  ,,
162,2,50,246,"Which city has the ""Little Mermaid"" as its symbol?  ","""Nàng tiên cá"" là biểu tượng của thành phố nào?","Which city has the ""Little Mermaid"" as its symbol?  ","เมืองใดที่มี ""นางเงือกน้อย"" เป็นสัญลักษณ์?  ","Kota mana yang memiliki ""Putri Duyung Kecil"" sebagai simbolnya?  ","Aling lungsod ang may ""Little Mermaid"" bilang simbolo nito?  ",Puteri Duyung ialah simbol bagi bandar apa?,Copenhagen,Copenhagen,Copenhagen  ,โคเปนเฮเกน  ,Kopenhagen  ,Copenhagen  ,Copenhagen  ,Aarhus,Aarhus,Aarhus,ออฮุส,Aarhus,Aarhus,Aarhus  ,Switzerland  ,Thụy Sĩ,Switzerland  ,สวิตเซอร์แลนด์  ,Switzerland  ,Switzerland  ,Switzerland  ,Thunder Carved Elegant Endure  ,Lôi Khắc Nhã Mạt khắc,Thunder Carved Elegant Endure  ,สายฟ้าสลักงดงาม  ,Guruh Ukiran Anggun Tahan  ,Thunder Carved Elegant Endure  ,Guruh Ukiran Anggun Tahan  ,,
164,2,50,246,What is the lowest water level of the Dead Sea?  ,Mực nước thấp nhất của Biển Chết là bao nhiêu?,What is the lowest water level of the Dead Sea?  ,ระดับน้ำต่ำที่สุดของทะเลเดดซีคือเท่าไร?  ,Berapa tingkat air terendah dari Laut Mati?  ,Ano ang pinakamababang lebel ng tubig ng Dead Sea?  ,Paras air terendah Laut Mati ialah berapa?,-392m,-392m,-392m,-392m,-392m,-392m,-392m  ,-361m,-361m,-361m,-361ม.,-361m,-361m,-361m  ,-492m  ,-492m,-492m  ,-492m  ,-492m  ,-492m  ,-492m  ,-461m  ,-461m,-461m  ,-461m  ,-461m  ,-461m  ,-461m  ,,
165,2,50,246,Where was the world’s first subway line built in 1863?  ,Tuyến tàu điện ngầm đầu tiên trên thế giới được xây dựng vào năm 1863 tại đâu?,Where was the world’s first subway line built in 1863?  ,สายรถไฟฟ้าใต้ดินสายแรกของโลกสร้างขึ้นเมื่อปี 1863 ที่ไหน?  ,Di mana jalur kereta bawah tanah pertama di dunia dibangun pada tahun 1863?  ,Saan itinayo ang unang linya ng subway sa mundo noong 1863?  ,Jalur kereta api bawah tanah pertama di dunia dibina pada tahun 1863 di mana?,London,London,London  ,London  ,London  ,London  ,London  ,Berlin,Berlin,Berlin,เบอร์ลิน,Berlin,Berlin,Berlin  ,Paris  ,Paris,Paris  ,ปารีส  ,Paris  ,Paris  ,Paris  ,Latitude  ,Lý Ngang,Latitude  ,ละติจูด  ,Latitud  ,Latitude  ,Latitud  ,,
166,2,50,251,Where is the famous Louvre Museum located?  ,Bảo tàng Louvre nổi tiếng ở đâu?,Where is the famous Louvre Museum located?  ,พิพิธภัณฑ์ลูฟวร์ที่มีชื่อเสียงอยู่ที่ไหน?  ,Di mana Museum Louvre yang terkenal berada?  ,Saan matatagpuan ang sikat na Louvre Museum?  ,Muzium Louvre yang terkenal terletak di mana?,Paris,Paris,Paris  ,Paris  ,Paris  ,Paris  ,Paris  ,Berlin,Berlin,Berlin,เบอร์ลิน,Berlin,Berlin,Berlin  ,Lyon  ,Lyon,Lyon  ,ลียง  ,Lyon  ,Lyon  ,Lyon  ,London  ,Luân Đôn,London  ,ลอนดอน  ,London  ,London  ,London  ,,
167,2,50,251,"In which U.S. state is Silicon Valley, the world’s leading IT center?  ","Thung lũng Silicon, trung tâm công nghệ thông tin quan trọng nhất thế giới, nằm ở bang nào của Mỹ?","In which U.S. state is Silicon Valley, the world’s leading IT center?  ",ซิลิคอนแวลลีย์ ศูนย์กลางเทคโนโลยีสารสนเทศที่สำคัญที่สุดของโลก ตั้งอยู่ในรัฐใดของสหรัฐ?  ,"Di negara bagian AS mana Lembah Silikon, pusat teknologi informasi terbesar di dunia?  ","Saang estado sa US matatagpuan ang Silicon Valley, ang pinakamahalagang sentro ng IT sa mundo?  ","Lembah Silicon, pusat teknologi maklumat utama dunia, terletak di negeri mana di AS?",California,California,California  ,California  ,California  ,California  ,California  ,Bang Texas,Bang Texas,Bang Texas,บาง เท็กซัส,Bang Texas,Bang Texas,Negeri Texas  ,Alaska  ,Alaska,Alaska  ,อลาสกา  ,Alaska  ,Alaska  ,Alaska  ,Colorado State  ,Colorado châu,Colorado State  ,รัฐโคโลราโด  ,Negeri Colorado  ,Colorado State  ,Negeri Colorado  ,,
168,2,50,251,What is the longest river in Europe?  ,Con sông dài nhất châu Âu là gì?,What is the longest river in Europe?  ,แม่น้ำที่ยาวที่สุดในยุโรปคืออะไร?  ,Apa sungai terpanjang di Eropa?  ,Ano ang pinakamahabang ilog sa Europa?  ,Sungai terpanjang di Eropah ialah sungai apa?,Sông Volga,Sông Volga,Volga River  ,แม่น้ำโวลก้า  ,Sungai Volga  ,Ilog Volga  ,Sungai Volga  ,Rhine River,Sông Rhine,Rhine River,แม่น้ำไรน์,Sungai Rhine,Ilog Rhine,Sungai Rhine  ,Danube River  ,Sông Danube,Danube River  ,แม่น้ำดานูบ  ,Sungai Danube  ,Ilog Danube  ,Sungai Danube  ,Thames River  ,Sông Thames,Thames River  ,แม่น้ำเทมส์  ,Sungai Thames  ,Thames River  ,Sungai Thames  ,,
169,2,50,251,What is the growth cycle duration of eyebrows?  ,Chu kỳ mọc của lông mày là bao lâu?,What is the growth cycle duration of eyebrows?  ,รอบการเจริญเติบโตของคิ้วมีระยะเวลาเท่าไร?  ,Berapa lama siklus pertumbuhan alis?  ,Gaano katagal ang cycle ng paglago ng kilay?  ,Kitaran pertumbuhan kening mengambil masa berapa lama?,2 tháng,2 tháng,2 months  ,2 เดือน  ,2 bulan  ,2 buwan  ,2 bulan  ,1 month,1 tháng,1 month,1 เดือน,1 bulan,1 buwan,1 bulan  ,6 months  ,6 tháng,6 months  ,6 เดือน  ,6 bulan  ,6 buwan  ,6 bulan  ,15 Sky  ,15 Trời,15 Sky  ,15 ฟ้า  ,15 Langit  ,15 Sky  ,15 Langit  ,,
170,2,50,255,What is the oldest form of human drawing?  ,Hình thức vẽ cổ xưa nhất của con người là gì?,What is the oldest form of human drawing?  ,รูปแบบการวาดภาพที่เก่าแก่ที่สุดของมนุษย์คืออะไร?  ,Apa bentuk gambar manusia tertua?  ,Ano ang pinakamatandang anyo ng pagguhit ng tao?  ,Apakah bentuk lukisan manusia paling purba?,Bích họa,Bích họa,Mural  ,จิตรกรรมฝาผนัง  ,Lukisan dinding  ,Mural  ,Mural  ,Engraving,Khắc tranh,Engraving,การแกะสลัก,Ukiran,Ukit,Ukiran  ,Oil painting  ,Sơn dầu,Oil painting  ,สีน้ำมัน  ,Lukisan minyak  ,Oil painting  ,Lukisan minyak  ,Watercolor painting  ,Tranh màu nước,Watercolor painting  ,ภาพวาดสีน้ำ  ,Lukisan cat air  ,Watercolor painting  ,Lukisan cat air  ,,
171,2,50,255,How does the temperature at the North Pole compare to the South Pole?  ,Nhiệt độ ở Bắc Cực so với Nam Cực như thế nào?,How does the temperature at the North Pole compare to the South Pole?  ,อุณหภูมิที่ขั้วโลกเหนือเปรียบเทียบกับขั้วโลกใต้เป็นอย่างไร?  ,Bagaimana suhu Kutub Utara dibandingkan Kutub Selatan?  ,Paano ang temperatura sa North Pole kumpara sa South Pole?  ,Bagaimana suhu di Kutub Utara dibandingkan dengan Kutub Selatan?,Cao,Cao,Tall  ,สูง  ,Tinggi  ,Matangkad  ,Tinggi  ,Negligible difference,Khác nhau không đáng kể,Negligible difference,ความแตกต่างเล็กน้อย,Perbedaan tidak signifikan,Hindi gaanong magkaiba,Tidak begitu berbeza  ,Low  ,Thấp,Low  ,ต่ำ  ,Rendah  ,Mababa  ,Rendah  ,No way to verify  ,Không cách nào khảo chứng,No way to verify  ,ไม่มีวิธีตรวจสอบ  ,Tiada cara mengesahkan  ,No way to verify  ,Tiada cara untuk mengesahkan  ,,
172,2,50,255,"From which language does the word ""Montage"" originate?  ","Từ ""Montage"" (Montage) xuất phát từ ngôn ngữ nào?","From which language does the word ""Montage"" originate?  ","คำว่า ""Montage"" มาจากภาษาใด?  ","Dari bahasa apa kata ""Montage"" berasal?  ","Mula sa anong wika nagmula ang salitang ""Montage""?  ","Perkataan ""Montage"" berasal dari bahasa apa?",Pháp,Pháp,France  ,France  ,Prancis  ,Pransya  ,Perancis  ,Germany,Đức,Germany,เยอรมนี,Jerman,Germany,Jerman  ,Italy  ,Ý,Italy  ,อิตาลี  ,Itali  ,Italya  ,Itali  ,United States  ,Nước Mỹ,United States  ,สหรัฐอเมริกา  ,Amerika Syarikat  ,United States  ,Amerika Syarikat  ,,
173,2,50,255,Is Champagne considered wine?  ,Rượu Champagne có phải là rượu vang không?,Is Champagne considered wine?  ,แชมเปญถือเป็นไวน์หรือไม่?  ,Apakah Champagne dianggap sebagai anggur?  ,Ang Champagne ba ay itinuturing na alak?  ,Adakah Champagne sejenis wain?,Là,Là,Is  ,คือ  ,Adalah  ,Ay  ,Ya  ,No,Không phải,No,ไม่ใช่,Bukan,Hindi,Tidak  ,"Some have, some don't  ","Có cái có, có cái không","Some have, some don't  ",บางอย่างมี บางอย่างไม่มี  ,"Ada yang ada, ada yang tidak  ","Mayroon ang ilan, ang ilan wala  ","Ada yang ada, ada yang tiada  ",No way to verify  ,Không cách nào khảo chứng,No way to verify  ,ไม่มีวิธีตรวจสอบ  ,Tiada cara mengesahkan  ,No way to verify  ,Tiada cara untuk mengesahkan  ,,
175,2,50,260,"Which bridge appears in the famous movie ""The Blue Lagoon""?  ","Cây cầu trong bộ phim nổi tiếng ""Mối tình xanh"" là cầu nào?","Which bridge appears in the famous movie ""The Blue Lagoon""?  ","สะพานใดปรากฏในภาพยนตร์ชื่อดัง ""The Blue Lagoon""?  ","Jembatan mana yang muncul dalam film terkenal ""The Blue Lagoon""?  ","Anong tulay ang lumilitaw sa sikat na pelikulang ""The Blue Lagoon""?  ","Apakah jambatan dalam filem terkenal ""Love Story"" (Mối tình xanh)?",Cầu Waterloo,Cầu Waterloo,Waterloo Bridge  ,Waterloo Bridge  ,Jembatan Waterloo  ,Tulay ng Waterloo  ,Jambatan Waterloo  ,Fehmarn Bridge,Cầu Fehmarn,Fehmarn Bridge,สะพานเฟห์มาร์น,Jembatan Fehmarn,Fehmarn Bridge,Jambatan Fehmarn  ,London Bridge  ,Cầu London,London Bridge  ,สะพานลอนดอน  ,Jambatan London  ,Tulay ng London  ,Jambatan London  ,Yugoslavia Large Bridge  ,Nam Tư Lạp Phu cầu lớn,Yugoslavia Large Bridge  ,สะพานใหญ่ยูโกสลาเวีย  ,Jambatan Besar Yugoslavia  ,Yugoslavia Large Bridge  ,Jambatan Besar Yugoslavia  ,,
176,2,50,260,"Which country is called the ""Golden Coast""?  ","Quốc gia nào được gọi là ""Bờ biển vàng""?","Which country is called the ""Golden Coast""?  ","ประเทศใดถูกเรียกว่า ""ชายฝั่งทองคำ""?  ","Negara mana yang disebut ""Pantai Emas""?  ","Aling bansa ang tinatawag na ""Golden Coast""?  ","Negara manakah digelar ""Pantai Emas""?",Ghana,Ghana,Ghana  ,กานา  ,Ghana  ,Ghana  ,Ghana  ,Australia,Australia,Australia,ออสเตรเลีย,Australia,Australia,Australia  ,Mexico  ,Mexico,Mexico  ,เม็กซิโก  ,Mexico  ,Mexico  ,Mexico  ,United States  ,Nước Mỹ,United States  ,สหรัฐอเมริกา  ,Amerika Syarikat  ,United States  ,Amerika Syarikat  ,,
177,2,50,260,After whom is Halley’s Comet named?  ,Sao chổi Halley được đặt tên theo ai?,After whom is Halley’s Comet named?  ,ดาวหางฮัลเลย์ถูกตั้งชื่อตามใคร?  ,Komet Halley dinamai menurut siapa?  ,Sino ang pinangalanan sa Halley’s Comet?  ,Komet Halley dinamakan sempena siapa?,Tên người,Tên người,Person's name  ,ชื่อตัวบุคคล  ,Nama orang  ,Pangalan ng tao  ,Nama orang  ,Geographical name,Tên địa lý,Geographical name,ชื่อภูมิศาสตร์,Nama geografis,Pangalan ng heograpiya,Nama geografi  ,Event name  ,Tên sự kiện,Event name  ,ชื่องาน  ,Nama acara  ,Pangalan ng event  ,Nama acara  ,No way to verify  ,Không cách nào khảo chứng,No way to verify  ,ไม่มีวิธีตรวจสอบ  ,Tiada cara mengesahkan  ,No way to verify  ,Tiada cara untuk mengesahkan  ,,
178,2,50,260,Which country was the first to grow cotton in the world?  ,Quốc gia nào là nơi trồng bông đầu tiên trên thế giới?,Which country was the first to grow cotton in the world?  ,ประเทศใดเป็นประเทศแรกที่ปลูกฝ้ายในโลก?  ,Negara mana yang pertama kali menanam kapas di dunia?  ,Aling bansa ang unang nagtanim ng bulak sa mundo?  ,Negara manakah merupakan tempat pertama menanam kapas?,Ấn Độ,Ấn Độ,India  ,อินเดีย  ,India  ,India  ,India  ,China,Trung Quốc,China,จีน,Tiongkok,Tsina,China  ,Myanmar  ,Myanmar,Myanmar  ,เมียนมา  ,Myanmar  ,Myanmar  ,Myanmar  ,South Korea  ,Hàn Quốc,South Korea  ,เกาหลีใต้  ,Korea Selatan  ,South Korea  ,Korea Selatan  ,,
179,2,50,260,What causes the seasonal changes on Earth?  ,Sự thay đổi mùa trong năm trên Trái Đất xảy ra do đâu?,What causes the seasonal changes on Earth?  ,การเปลี่ยนแปลงของฤดูกาลในโลกเกิดจากอะไร?  ,Apa penyebab perubahan musim di Bumi?  ,Ano ang sanhi ng pagbabago ng mga panahon sa Earth?  ,Apakah yang menyebabkan perubahan musim di Bumi?,Quỹ đạo trái đất,Quỹ đạo trái đất,Earth orbit  ,วงโคจรของโลก  ,Orbit bumi  ,Orbit ng mundo  ,Orbit bumi  ,Earth's orbit,Quỹ đạo trái đất,Earth's orbit,วงโคจรของโลก,Orbit bumi,Orbit ng mundo,Orbit dunia  ,Sun rotation  ,Quay của mặt trời,Sun rotation  ,การหมุนของดวงอาทิตย์  ,Putaran matahari  ,Pag-ikot ng araw  ,Putaran matahari  ,Sun revolves  ,Mặt trời quay quanh,Sun revolves  ,ดวงอาทิตย์โคจร  ,Matahari mengelilingi  ,Sun revolves  ,Matahari mengelilingi  ,,
180,3,50,313,"Many people like to sunbathe at the Dead Sea, which is over 410 meters below sea level. Why?  ","Nhiều người thích tắm nắng ở Biển Chết, nơi có độ cao thấp hơn 410 mét so với mực nước biển, tại sao?","Many people like to sunbathe at the Dead Sea, which is over 410 meters below sea level. Why?  ",หลายคนชอบอาบแดดที่ทะเลเดดซีซึ่งอยู่ต่ำกว่าระดับน้ำทะเลกว่า 410 เมตร เพราะอะไร?  ,Banyak orang suka berjemur di Laut Mati yang berada lebih dari 410 meter di bawah permukaan laut. Kenapa?  ,"Maraming tao ang mahilig mag-sunbathe sa Dead Sea na higit sa 410 metro ang baba sa sea level, bakit?  ","Mengapa ramai orang suka berjemur di Laut Mati, yang terletak lebih 410 meter di bawah paras laut?",Tia cực tím yếu nhất,Tia cực tím yếu nhất,Weakest ultraviolet ray  ,รังสีอัลตราไวโอเลตที่อ่อนที่สุด  ,Sinar ultraviolet terlemah  ,Pinakahinang ultraviolet ray  ,Sinar ultraviolet paling lemah  ,Can be cured,Có thể chữa bệnh,Can be cured,สามารถรักษาได้,Dapat disembuhkan,Maaaring pagalingin,Boleh menyembuhkan  ,Beautiful environment  ,Môi trường đẹp,Beautiful environment  ,สิ่งแวดล้อมสวยงาม  ,Persekitaran indah  ,Magandang kapaligiran  ,Persekitaran indah  ,Best air  ,Không khí tốt nhất,Best air  ,อากาศดีที่สุด  ,Udara terbaik  ,Best air  ,Udara terbaik  ,,
181,3,50,313,"Like hands, faces also show left or right bias; which side is dominant?  ","Giống như tay, mặt người cũng có sự lệch về bên trái hay phải, vậy bên nào chiếm ưu thế?","Like hands, faces also show left or right bias; which side is dominant?  ",เหมือนมือ ใบหน้าก็มีความเอนเอียงด้านซ้ายหรือขวา ด้านใดมีอิทธิพลมากกว่า?  ,"Seperti tangan, wajah juga menunjukkan kecenderungan kiri atau kanan; sisi mana yang dominan?  ","Tulad ng kamay, ang mukha ay may bias sa kaliwa o kanan; aling panig ang nangingibabaw?  ","Sama seperti tangan, wajah manusia juga condong ke kiri atau kanan – sebelah mana lebih dominan?",Phía phải,Phía phải,Right side  ,ด้านขวา  ,Sisi kanan  ,Kanang bahagi  ,Bahagian kanan  ,Left-leaning,Lệch trái,Left-leaning,เอนซ้าย,Condong ke kiri,Kumakampi sa kaliwa,Menyokong kiri  ,Uncountable  ,Không thể thống kê,Uncountable  ,นับไม่ได้  ,Tidak dapat dikira  ,Hindi mabilang  ,Tidak boleh dikira  ,Neither deviated left nor right  ,Đã không lệch trái cũng không lệch phải,Neither deviated left nor right  ,ไม่เบี่ยงซ้ายหรือขวา  ,Tidak condong ke kiri atau kanan  ,Neither deviated left nor right  ,Tidak condong ke kiri atau kanan  ,,
182,3,50,315,What is the national bird of India?  ,Chim quốc gia của Ấn Độ là gì?,What is the national bird of India?  ,นกประจำชาติของอินเดียคืออะไร?  ,Apa burung nasional India?  ,Ano ang pambansang ibon ng India?  ,Apakah burung kebangsaan India?,Công (Peacock),Công (Peacock),Peacock  ,นกยูง  ,Merak  ,Peacock  ,Merak  ,Bald eagle,Đại bàng đầu trắng,Bald eagle,นกอินทรีหัวขาว,Elang botak,Bald eagle,Helang botak  ,Green pheasant  ,Green pheasant,Green pheasant  ,ไก่ฟ้าสีเขียว  ,Fesyen hijau  ,Berde na pheasant  ,Pegar hijau  ,White Crane  ,Bạch hạc,White Crane  ,นกกระเรียนขาว  ,Bangau Putih  ,White Crane  ,Bangau Putih  ,,
183,3,50,315,How many pieces are there in a standard international chess set?  ,Có bao nhiêu quân cờ trong một bộ cờ vua quốc tế?,How many pieces are there in a standard international chess set?  ,ในชุดหมากรุกนานาชาติ มีจำนวนหมากกี่ตัว?  ,Berapa banyak bidak dalam satu set catur internasional standar?  ,Ilang piraso ang nasa isang standard na set ng chess?  ,Berapa banyak buah catur dalam satu set catur antarabangsa?,32 quả,32 quả,32 fruits  ,32 ผล  ,32 buah  ,32 prutas  ,32 buah  ,36 pieces,36 viên,36 pieces,36 ชิ้น,36 buah,36 piraso,36 keping  ,30 pieces  ,30 viên,30 pieces  ,30 ชิ้น  ,30 biji  ,30 piraso  ,30 biji  ,28 Cloak  ,28 Khỏa,28 Cloak  ,28 ผ้าคลุม  ,28 Jubah  ,28 Cloak  ,28 Jubah  ,,
184,3,50,315,"Where does the phrase ""Winter is coming, is spring far behind?"" originate?  ","Câu ""Mùa đông đã đến, mùa xuân còn xa không?"" xuất phát từ đâu?","Where does the phrase ""Winter is coming, is spring far behind?"" originate?  ","ประโยค ""ฤดูหนาวมาแล้ว ฤดูใบไม้ผลิยังไกลไหม?"" มาจากไหน?  ","Dari mana kalimat ""Winter is coming, is spring far behind?"" berasal?  ","Saan nagmula ang pariralang ""Winter is coming, is spring far behind?""?  ","Ayat ""Musim sejuk telah datang, adakah musim bunga masih jauh?"" berasal dari mana?",Shelley,Shelley,Shelley  ,Shelley  ,Shelley  ,Shelley  ,Shelley  ,Byron,Byron,Byron,ไบรอน,Byron,Byron,Byron  ,Tagore,Tagore,Tagore,ฐากูร,Tagore,Tagore,Tagore,Hermann · Black Insert  ,Hermann · Đen nhét,Hermann · Black Insert  ,เฮอร์มานน์ · ดำแทรก  ,Hermann · Sisipan Hitam  ,Hermann · Black Insert  ,Hermann · Sisipan Hitam  ,,
185,3,50,319,"Internationally, ""K"" denotes gold purity. What is the gold content of 18K?  ","Quốc tế sử dụng ""K"" để biểu thị hàm lượng vàng, vậy 18K có nghĩa là hàm lượng vàng bao nhiêu?","Internationally, ""K"" denotes gold purity. What is the gold content of 18K?  ","ในระดับสากล ""K"" แสดงถึงความบริสุทธิ์ของทองคำ ดังนั้น 18K มีความบริสุทธิ์ทองคำเท่าไร?  ","Secara internasional, ""K"" menunjukkan kemurnian emas. Berapa kandungan emas dalam 18K?  ","Internasyonal, ang ""K"" ay nagpapahiwatig ng purity ng ginto, gaano karaming ginto ang nasa 18K?  ","Huruf ""K"" antarabangsa digunakan untuk mewakili kandungan emas, jadi apakah maksud 18K?",0.75,0.75,0.75,0.75,0.75,0.75,0.75,1,1,1,1,1,1,1,0.996,0.996,0.996,0.996,0.996,0.996,0.996,0.99,0.99,0.99,0.99,0.99,0.99,0.99,,
186,3,50,319,"What is the relationship between Strauss and Johann Strauss, the ""Father of the Waltz""?  ","Strauss và ""Cha đẻ của điệu vũ waltz"" Johann Strauss có mối quan hệ gì?","What is the relationship between Strauss and Johann Strauss, the ""Father of the Waltz""?  ","Strauss กับ Johann Strauss ผู้เป็น ""บิดาแห่งวอลซ์"" มีความสัมพันธ์กันอย่างไร?  ","Apa hubungan antara Strauss dan Johann Strauss, ""Bapak Waltz""?  ","Ano ang relasyon ni Strauss kay Johann Strauss, ang ""Ama ng Waltz""?  ","Apakah hubungan antara Strauss dan ""Bapa Waltz"" Johann Strauss?",Cha con,Cha con,Father and son  ,พ่อและลูก  ,Ayah dan anak  ,Ama at anak  ,Bapa dan anak  ,Brothers  ,Anh em,Brothers  ,พี่น้อง  ,พี่น้อง  ,Magkapatid  ,Adik-beradik  ,Friend  ,Bạn bè,Friend  ,เพื่อน  ,Teman  ,Kaibigan  ,Kawan  ,Unaware of each other  ,Lẫn nhau không biết,Unaware of each other  ,ไม่รู้จักกัน  ,Tidak saling mengenal  ,Unaware of each other  ,Tidak saling mengenal  ,,
187,3,50,319,"Currently, which element is observed to dominate outer space?  ","Hiện tại, theo quan sát, nguyên tố nào chiếm phần lớn trong không gian vũ trụ?","Currently, which element is observed to dominate outer space?  ",ปัจจุบัน จากการสังเกต ธาตุใดมีปริมาณมากที่สุดในอวกาศ?  ,"Saat ini, elemen apa yang mendominasi luar angkasa menurut pengamatan?  ","Sa kasalukuyan, aling elemento ang nangingibabaw sa kalawakan ayon sa obserbasyon?  ","Pada masa ini, unsur apa yang paling banyak diperhatikan dalam angkasa lepas?",Hydrogen,Hydrogen,Hydrogen  ,ไฮโดรเจน  ,Hidrogen  ,Hydrogen  ,Hidrogen  ,Oxygen  ,Oxy,Oxygen  ,ออกซิเจน  ,ออกซิเจน  ,Oxygen  ,Oksigen  ,Sodium  ,Natri,Sodium  ,โซเดียม  ,Natrium  ,Sodium  ,Natrium  ,Six Elements  ,Lục nguyên tố,Six Elements  ,หกธาตุ  ,Enam Elemen  ,Six Elements  ,Enam Elemen  ,,
188,3,50,322,Why does a snake move to the rhythm of the handler’s music during performance?  ,"Khi biểu diễn, tại sao con rắn sẽ di chuyển theo điệu nhạc của người điều khiển?",Why does a snake move to the rhythm of the handler’s music during performance?  ,ทำไมงูถึงเคลื่อนไหวตามจังหวะเพลงของผู้เล่นในระหว่างการแสดง?  ,Mengapa ular bergerak mengikuti irama musik saat pertunjukan?  ,Bakit gumagalaw ang ahas ayon sa ritmo ng musika ng tagakontrol sa pagtatanghal?  ,Mengapa ular bergerak mengikut muzik semasa pertunjukan?,Điệu múa của con rắn,Điệu múa của con rắn,Dance of the snake  ,ระบำของงู  ,Tarian ular  ,Sayaw ng ahas  ,Tarian ular  ,Sound made by snake charmer  ,Âm thanh do người nhảy rắn phát ra,Sound made by snake charmer  ,เสียงที่นักเชิดงูเป่าออกมา  ,เสียงที่นักเชิดงูเป่าออกมา  ,Tunog na ginagawa ng tagapagpaamo ng ahas  ,Bunyi yang dihasilkan oleh penjinak ular  ,Gaze of the dancer  ,Ánh mắt của dancer,Gaze of the dancer  ,สายตาของนักเต้น  ,Tatapan penari  ,Tingin ng mananayaw  ,Pandangan penari  ,Snake Dance Costume  ,Múa rắn người trang phục,Snake Dance Costume  ,เต้นรำงูชุด  ,Tarian Ular Kostum  ,Snake Dance Costume  ,Tarian Ular Kostum  ,,
189,3,50,322,Which part of the human brain controls body balance?  ,Phần nào trong não người kiểm soát khả năng cân bằng của cơ thể?,Which part of the human brain controls body balance?  ,ส่วนใดในสมองมนุษย์ควบคุมความสมดุลของร่างกาย?  ,Bagian mana dari otak manusia yang mengontrol keseimbangan tubuh?  ,Aling bahagi ng utak ng tao ang kumokontrol sa balanse ng katawan?  ,Bahagian otak manusia mana yang mengawal keseimbangan badan?,Tiểu não,Tiểu não,Cerebellum  ,สมองน้อย  ,Serebelum  ,Cerebellum  ,Serebelum  ,Brain  ,Não,Brain  ,สมอง  ,สมอง  ,Utak  ,Otak  ,Thalamus  ,Thalamus,Thalamus  ,ทาลามัส  ,Thalamus  ,Thalamus  ,Thalamus  ,Brain work  ,Não làm,Brain work  ,การทำงานของสมอง  ,Kerja Otak  ,Brain work  ,Kerja Otak  ,,
190,3,50,322,How are the roofs of observatories designed for easy celestial observation?  ,"Để thuận tiện cho việc quan sát các thiên thể, mái nhà của các đài thiên văn được thiết kế như thế nào?",How are the roofs of observatories designed for easy celestial observation?  ,หลังคาของหอดูดาวถูกออกแบบอย่างไรเพื่อให้สังเกตวัตถุท้องฟ้าได้สะดวก?  ,Bagaimana atap observatorium dirancang untuk memudahkan pengamatan benda langit?  ,Paano dinisenyo ang mga bubong ng mga observatoryo para madali ang pagmamasid sa mga bituin?  ,Bagaimanakah bumbung balai cerap direka bentuk untuk memudahkan pemerhatian bintang?,Mái vòm,Mái vòm,Dome  ,โดม  ,Kubah  ,Kuba  ,Bongkok  ,Dome  ,Mái vòm,Dome  ,โดม  ,โดม  ,Dome  ,Kubah  ,Outdoors  ,Ngoài trời,Outdoors  ,กลางแจ้ง  ,Luar ruangan  ,Labas  ,Di luar ruangan  ,Sealed state  ,Bịt kín trạng thái,Sealed state  ,สถานะปิดผนึก  ,Keadaan tersegel  ,Sealed state  ,Keadaan tersegel  ,,
191,1,50,150,"According to images, three Magnemite combine into a three-headed Magnemite; how many times heavier is the three-headed Magnemite compared to one Magnemite?  ","Theo hình ảnh, ba con Magnemite kết hợp lại thành Magnemite ba đầu, vậy trọng lượng của Magnemite ba đầu gấp bao nhiêu lần so với trọng lượng của một con Magnemite?","According to images, three Magnemite combine into a three-headed Magnemite; how many times heavier is the three-headed Magnemite compared to one Magnemite?  ",จากภาพ แม็กนีไมท์สามตัวรวมกันเป็นแม็กนีไมท์สามหัว น้ำหนักของแม็กนีไมท์สามหัวจะหนักกว่าหนึ่งตัวกี่เท่า?  ,"Menurut gambar, tiga Magnemite bergabung menjadi Magnemite berkepala tiga; berapa kali berat Magnemite berkepala tiga dibandingkan satu Magnemite?  ","Ayon sa larawan, tatlong Magnemite ang nagsanib upang maging three-headed Magnemite; ilang beses na mas mabigat ang three-headed Magnemite kumpara sa isang Magnemite?  ","Menurut gambar, tiga Magnemite bergabung menjadi satu Magneton – jadi berat Magneton adalah berapa kali ganda berat satu Magnemite?",10 lần,10 lần,10 times  ,10 ครั้ง  ,10 kali  ,10 beses  ,10 kali  ,5 times  ,5 lần,5 times  ,5 ครั้ง  ,5 ครั้ง  ,5 beses  ,5 kali  ,20 times  ,20 lần,20 times  ,20 ครั้ง  ,20 kali  ,20 beses  ,20 kali  ,3 Times  ,3 Lần,3 Times  ,3 ครั้ง  ,3 Kali  ,3 Times  ,3 Kali  ,,
192,1,50,151,Which Pokémon looks and colors similarly to a Poké Ball?  ,"Có một Pokémon có hình dạng và màu sắc giống với Poké Ball, đó là Pokémon nào?",Which Pokémon looks and colors similarly to a Poké Ball?  ,Pokémon ตัวใดมีรูปร่างและสีเหมือนกับ Poké Ball?  ,Pokémon mana yang memiliki bentuk dan warna mirip Poké Ball?  ,Aling Pokémon ang may anyo at kulay na kahawig ng Poké Ball?  ,Apakah Pokémon yang menyerupai Poké Ball dari segi bentuk dan warna?,Electrode,Electrode,Electrode  ,อิเล็กโทรด  ,Elektrode  ,Electrode  ,Electrode  ,Mischievous lightning  ,Ngọn sét nghịch ngợm,Mischievous lightning  ,สายฟ้าซุกซน  ,สายฟ้าซุกซน  ,Pilyong kidlat  ,Petir nakal  ,Egg  ,Egg,Egg  ,ไข่  ,Telur  ,Itlog  ,Telur  ,Happy egg  ,Hạnh phúc trứng,Happy egg  ,ไข่สุขสันต์  ,Telur Bahagia  ,Happy egg  ,Telur Bahagia  ,,
193,1,50,152,How many tails does Tauros have?,Tauros có bao nhiêu đuôi?,How many tails does Tauros have?,Tauros มีหางกี่เส้น?,Berapa ekor yang dimiliki Tauros?,Ilan ang buntot ng Tauros?,Tauros mempunyai berapa ekor?,3 chiếc,3 chiếc,3 pieces  ,3 ชิ้น  ,3 buah  ,3 piraso  ,3 keping  ,1 creature  ,1 con,1 creature  ,1 ตัว  ,1 ตัว  ,1 nilalang  ,1 makhluk  ,2 pieces  ,2 chiếc,2 pieces  ,2 ชิ้น  ,2 buah  ,2 piraso  ,2 keping  ,No  ,Không,No  ,ไม่  ,Tidak  ,No  ,Tidak  ,,
194,1,50,153,Which Pokémon is active mostly during the day and becomes immobile at night when the sun sets?  ,Pokémon nào hoạt động nhiều vào ban ngày và bất động vào ban đêm khi mặt trời lặn?,Which Pokémon is active mostly during the day and becomes immobile at night when the sun sets?  ,โปเกมอนตัวไหนที่ทำกิจกรรมมากในตอนกลางวันและอยู่นิ่งในตอนกลางคืนเมื่อพระอาทิตย์ตก?  ,Pokémon mana yang aktif lebih banyak di siang hari dan diam saat malam hari ketika matahari terbenam?  ,Aling Pokémon ang mas aktibo sa araw at hindi gumagalaw sa gabi kapag lumubog na ang araw?  ,Pokémon manakah yang aktif pada siang hari dan tidak bergerak apabila matahari terbenam?,Sunflora,Sunflora,Sunflora  ,ซันฟลอร่า  ,Sunflora  ,Sunflora  ,Sunflora  ,Dragonfly  ,Chuồn chuồn,Dragonfly  ,แมลงปอ  ,แมลงปอ  ,Tutubi  ,Pepatung  ,Wobbuffet  ,Wobbuffet,Wobbuffet  ,วอบบัฟเฟต  ,Wobbuffet  ,Wobbuffet  ,Wobbuffet  ,Sun Y Father  ,Mặt trời Y Bố,Sun Y Father  ,พระอาทิตย์ ยี บิดา  ,Matahari Y Bapa  ,Sun Y Father  ,Matahari Y Bapa  ,,
195,1,50,154,Which of the following Pokémon types does not have the Poison attribute?  ,Không có thuộc tính độc trong các Pokémon sau đây là gì?,Which of the following Pokémon types does not have the Poison attribute?  ,ในโปเกมอนต่อไปนี้ ตัวไหนไม่มีธาตุพิษ?  ,Jenis Pokémon mana yang tidak memiliki atribut racun dari yang berikut ini?  ,Aling uri ng Pokémon ang walang Poison na katangian sa mga sumusunod?  ,"Antara Pokémon berikut, yang manakah tidak mempunyai elemen racun?",Master Hypnotist Butterfree,Master Hypnotist Butterfree,Master Hypnotist Butterfree  ,บัตเตอร์ฟรีนักสะกดจิตชั้นครู  ,Butterfree Ahli Hipnotis  ,Master Hypnotist Butterfree  ,Butterfree Pakar Hipnosis  ,Smelly flower  ,Hoa hôi hám,Smelly flower  ,ดอกไม้เหม็น  ,ดอกไม้เหม็น  ,Bulaklak na mabaho  ,Bunga busuk  ,Bulbasaur with twist twist style  ,Bulbasaur với phong cách twist twist,Bulbasaur with twist twist style  ,บัลบาซอร์ในสไตล์ทวิสต์ ทวิสต์  ,Bulbasaur dengan gaya twist twist  ,Bulbasaur na may twist twist style  ,Bulbasaur dengan gaya twist twist  ,Vacant gaze speaker sprout  ,Ánh mắt đờ đẫn loa mầm,Vacant gaze speaker sprout  ,สายตาว่างเปล่าผู้พูดต้นอ่อน  ,Tatapan kosong pembicara tunas  ,Vacant gaze speaker sprout  ,Tatapan kosong pembicara tunas  ,,
196,1,50,155,Which Pokémon type has no regional form differences?  ,Loại Pokémon nào không có sự khác biệt về hình dạng khu vực?,Which Pokémon type has no regional form differences?  ,ประเภทโปเกมอนใดที่ไม่มีความแตกต่างของรูปร่างตามภูมิภาค?  ,Jenis Pokémon mana yang tidak memiliki perbedaan bentuk regional?  ,Aling uri ng Pokémon ang walang pagkakaiba sa regional forms?  ,Jenis Pokémon manakah yang tiada perbezaan bentuk mengikut wilayah?,Pikachu,Pikachu,Pikachu  ,พิคาชู  ,Pikachu  ,Pikachu  ,Pikachu  ,Rattata  ,Rattata,Rattata  ,Rattata  ,Rattata  ,Rattata  ,Rattata  ,Diglett  ,Diglett,Diglett  ,ดิกเล็ตต์  ,Diglett  ,Diglett  ,Diglett  ,Buzzing lava  ,Ù ù nham,Buzzing lava  ,เสียงดังบูมลาวา  ,Gema lava  ,Buzzing lava  ,Gema lava  ,,
197,1,50,156,The Dream Pokémon is an evolution of the Sleep Pokémon; both cause sleep. What do they eat?  ,"Pokémon Mơ mộng là tiến hóa của Pokémon Mơ, cả hai đều là Pokémon gây mê và chúng ăn gì?",The Dream Pokémon is an evolution of the Sleep Pokémon; both cause sleep. What do they eat?  ,โปเกมอน Mơ mộng เป็นการพัฒนาร่างของโปเกมอน Mơ ซึ่งทั้งคู่ทำให้หลับ พวกมันกินอะไร?  ,"Pokémon Dream adalah evolusi dari Pokémon Sleep, keduanya menyebabkan kantuk. Apa yang mereka makan?  ",Ang Dream Pokémon ay ebolusyon ng Sleep Pokémon; pareho silang nakakapagpatulog. Ano ang kanilang kinakain?  ,"Pokémon Mimpi ialah evolusi daripada Pokémon Mimpi Kecil, kedua-duanya adalah Pokémon tidur – apakah yang mereka makan?",Giấc mơ,Giấc mơ,Dream  ,ความฝัน  ,Mimpi  ,Pangarap  ,Impian  ,Soul  ,Linh hồn,Soul  ,วิญญาณ  ,วิญญาณ  ,Kaluluwa  ,Roh  ,Nectar  ,Nectar,Nectar  ,น้ำหวาน  ,Nektar  ,Nectar  ,Nektar  ,Fruit  ,Trái cây,Fruit  ,ผลไม้  ,Buah  ,Fruit  ,Buah  ,,
198,1,50,157,"In the fairy tale, the ugly duckling turns into a white swan. Which Pokémon has a similar evolution?  ","Trong câu chuyện cổ tích, có con vịt xấu xí biến thành thiên nga trắng, trong Pokémon cũng có sự tiến hóa tương tự. Pokémon nào là ví dụ?","In the fairy tale, the ugly duckling turns into a white swan. Which Pokémon has a similar evolution?  ",ในนิทานมีเป็ดขี้เหร่กลายเป็นหงส์ขาว ในโปเกมอนก็มีการวิวัฒนาการคล้ายกัน ตัวอย่างคือโปเกมอนตัวไหน?  ,"Dalam dongeng, itik buruk rupa berubah menjadi angsa putih. Pokémon mana yang memiliki evolusi serupa?  ","Sa isang kuwentong-bayan, ang pangit na pato ay naging puting swan; aling Pokémon ang may katulad na ebolusyon?  ","Dalam dongeng, seekor anak itik hodoh berubah menjadi angsa putih – Pokémon manakah yang mengalami evolusi serupa?",Chú vịt con,Chú vịt con,Little duck  ,ลูกเป็ด  ,Anak bebek  ,Batang bibe  ,Anak itik  ,Kadabra  ,Kadabra,Kadabra  ,Kadabra  ,Kadabra  ,Kadabra  ,Kadabra  ,Leek Duck  ,Leek Duck,Leek Duck  ,เป็ดต้นหอม  ,Bebek Leek  ,Leek Duck  ,Itik Leek  ,Bao Bao Duckbill  ,Vịt miệng Bảo Bảo,Bao Bao Duckbill  ,เป็ดปากเป่าเป่า  ,Paruh Bebek Bao Bao  ,Bao Bao Duckbill  ,Paruh Bebek Bao Bao  ,,
199,1,50,158,Which information about the Pokémon Snover is false?  ,Thông tin nào về Pokémon Tuyết Tinh là sai?,Which information about the Pokémon Snover is false?  ,ข้อมูลเกี่ยวกับโปเกมอน Tuyết Tinh ข้อใดไม่ถูกต้อง?  ,Informasi mana tentang Pokémon Snover yang salah?  ,Anong impormasyon tungkol sa Pokémon Snover ang mali?  ,Maklumat manakah tentang Pokémon Salji Kristal adalah salah?,Mọi người đều ghét sự xuất hiện của Snow Child vì nó mang lại cái lạnh,Mọi người đều ghét sự xuất hiện của Snow Child vì nó mang lại cái lạnh,Everyone hates the appearance of Snow Child because it brings cold  ,ทุกคนเกลียดการปรากฏตัวของเด็กหิมะเพราะมันนำความหนาว  ,Semua orang membenci kemunculan Anak Salju karena membawa dingin  ,Kinamumuhian ng lahat ang paglitaw ng Snow Child dahil ito'y nagdadala ng lamig  ,Semua orang membenci kemunculan Snow Child kerana ia membawa kesejukan  ,"Wherever Snow Kid passes, the temperature drops sharply  ","Nơi mà tuyết trẻ đi qua, nhiệt độ sẽ giảm mạnh","Wherever Snow Kid passes, the temperature drops sharply  ",ที่ที่เด็กหิมะเดินผ่าน อุณหภูมิจะลดลงอย่างมาก  ,ที่ที่เด็กหิมะเดินผ่าน อุณหภูมิจะลดลงอย่างมาก  ,"Kapag nadaanan ng Snow Kid, biglang bumababa ang temperatura  ","Apabila Snow Kid melintasi, suhu tiba-tiba turun  ",Snowy child living by eating snow and ice  ,Snowy child sống nhờ ăn tuyết và băng,Snowy child living by eating snow and ice  ,เด็กหิมะที่อยู่ได้ด้วยการกินหิมะและน้ำแข็ง  ,Anak salju hidup dengan makan salju dan es  ,Snowy child na nabubuhay sa pagkain ng niyebe at yelo  ,Anak salju hidup dengan makan salju dan ais  ,"Snow Child visits, prosperity will follow  ",Tuyết Đồng tử đến thăm qua nhà sẽ thế hệ phồn vinh,"Snow Child visits, prosperity will follow  ",เด็กหิมะมาเยี่ยม ช่วงเวลาความเจริญรุ่งเรืองจะตามมา  ,"Anak Salju berkunjung, kemakmuran akan mengikuti  ","Snow Child visits, prosperity will follow  ","Anak Salju berkunjung, kemakmuran akan mengikuti  ",,
200,1,50,159,What is the gender of the legendary Pokémon Latias?  ,Pokémon huyền thoại Latias có giới tính là gì?,What is the gender of the legendary Pokémon Latias?  ,โปเกมอนตำนาน Latias มีเพศอะไร?  ,Jenis kelamin Pokémon legendaris Latias apa?  ,Ano ang kasarian ng legendary Pokémon na si Latias?  ,Apakah jantina Pokémon legenda Latias?,Giống cái,Giống cái,Female  ,เพศเมีย  ,Betina  ,Babae  ,Perempuan  ,Male  ,Con đực,Male  ,เพศผู้  ,เพศผู้  ,Lalaki  ,Lelaki  ,Both male and female exist  ,Có cả đực và cái,Both male and female exist  ,มีทั้งตัวผู้และตัวเมีย  ,Ada jantan dan betina  ,May lalaki at babae  ,Ada jantan dan betina  ,Legend says but dream cannot verify  ,Truyền thuyết bảo nhưng mộng không cách nào xác nhận,Legend says but dream cannot verify  ,ตำนานกล่าวแต่ความฝันไม่สามารถยืนยันได้  ,Legenda berkata tapi mimpi tidak dapat diverifikasi  ,Legend says but dream cannot verify  ,Legenda berkata tapi mimpi tidak dapat diverifikasi  ,,
201,2,50,261,"Which part of Marill's body is called the ""sensor""?  ","Phần nào trên cơ thể Marill được gọi là ""cảm biến""?","Which part of Marill's body is called the ""sensor""?  ","ส่วนใดของร่างกาย Marill เรียกว่า ""เซ็นเซอร์""?  ","Bagian mana dari tubuh Marill yang disebut ""sensor""?  ","Aling bahagi ng katawan ni Marill ang tinatawag na ""sensor""?  ","Bahagian mana pada tubuh Marill yang disebut sebagai ""sensor""?",Tai,Tai,Ear  ,หู  ,Telinga  ,Tenga  ,Telinga  ,Tail  ,Đuôi,Tail  ,หาง  ,หาง  ,Buntot  ,Ekor  ,Nose  ,Mũi,Nose  ,จมูก  ,Hidung  ,Ilong  ,Hidung  ,Eye  ,Con mắt,Eye  ,ตา  ,Mata  ,Eye  ,Mata  ,,
202,2,50,262,At what temperature does the flower on the head of the Pokémon Budew bloom?  ,Hoa trên đầu của Pokémon Bật Biểu nở khi nhiệt độ vượt qua bao nhiêu độ?,At what temperature does the flower on the head of the Pokémon Budew bloom?  ,ดอกไม้บนหัวของโปเกมอน Bật Biểu จะบานเมื่ออุณหภูมิสูงกว่าเท่าไร?  ,Pada suhu berapa bunga di kepala Pokémon Budew mekar?  ,Sa anong temperatura namumulaklak ang bulaklak sa ulo ng Pokémon na si Budew?  ,Bunga di kepala Pokémon Lompat Ceria akan mekar apabila suhu melebihi berapa darjah?,18°,18°,18°  ,18°  ,18°  ,18°  ,18°  ,20°  ,20°,20°  ,20°  ,20°  ,20°  ,20°  ,10°  ,10°,10°  ,10°  ,10°  ,10°  ,10°  ,25°  ,25°,25°  ,25°  ,25°  ,25°  ,25°  ,,
203,2,50,263,How many liters of milk can the Pokémon Miltank produce daily?  ,Pokémon Bàn Đồ có thể sản xuất bao nhiêu lít sữa mỗi ngày?,How many liters of milk can the Pokémon Miltank produce daily?  ,โปเกมอน Bàn Đồ สามารถผลิตน้ำนมได้กี่ลิตรต่อวัน?  ,Berapa liter susu yang bisa diproduksi oleh Pokémon Miltank setiap hari?  ,Ilang litro ng gatas ang kayang gawin ng Pokémon na si Miltank bawat araw?  ,Pokémon Meja Susu boleh menghasilkan berapa liter susu setiap hari?,20 lít,20 lít,20 liters  ,20 ลิตร  ,20 liter  ,20 litro  ,20 liter  ,15 liters  ,15 lít,15 liters  ,15 ลิตร  ,15 ลิตร  ,15 litro  ,15 liter  ,30 liters  ,30 lít,30 liters  ,30 ลิตร  ,30 liter  ,30 litro  ,30 liter  ,40 Ascend  ,40 Thăng,40 Ascend  ,40 ขึ้น  ,40 Naik  ,40 Ascend  ,40 Naik  ,,
204,2,50,264,"The Sluggish Pokémon stays still, how long does it stay still at least every day?  ","Pokémon Lười Biếng nằm yên không động đậy, vậy ít nhất Pokémon này sẽ nằm bao lâu mỗi ngày?","The Sluggish Pokémon stays still, how long does it stay still at least every day?  ",โปเกมอน Lười Biếng นอนนิ่งไม่ขยับตัว น้อยที่สุดโปเกมอนนี้จะนอนนานเท่าไรในแต่ละวัน?  ,"Pokémon Sluggish diam tidak bergerak, berapa lama paling sedikit ia akan tetap diam setiap hari?  ",Ang Pokémon na Sluggish ay hindi gumagalaw; gaano katagal ito hindi gagalaw araw-araw?  ,Pokémon Malas berbaring tanpa bergerak – sekurang-kurangnya berapa lama ia akan berbaring setiap hari?,Ít nhất 20 giờ,Ít nhất 20 giờ,At least 20 hours  ,อย่างน้อย 20 ชั่วโมง  ,Setidaknya 20 jam  ,Hindi bababa sa 20 oras  ,Sekurang-kurangnya 20 jam  ,At least 15 hours  ,Ít nhất 15 giờ,At least 15 hours  ,อย่างน้อย 15 ชั่วโมง  ,อย่างน้อย 15 ชั่วโมง  ,Hindi bababa sa 15 oras  ,Tidak kurang dari 15 jam  ,Lying down for 24 hours  ,Nằm 24 giờ,Lying down for 24 hours  ,นอน 24 ชั่วโมง  ,Berbaring 24 jam  ,Nakahiga ng 24 oras  ,Berbaring 24 jam  ,At least lie prone 18 Hours  ,Chí ít nằm sấp 18 Giờ,At least lie prone 18 Hours  ,อย่างน้อยนอนคว่ำ 18 ชั่วโมง  ,Setidaknya berbaring tengkurap 18 Jam  ,At least lie prone 18 Hours  ,Setidaknya berbaring tengkurap 18 Jam  ,,
205,2,50,265,"Among the following Pokémon, who has the slowest movement speed?  ","Trong các Pokémon dưới đây, ai có tốc độ di chuyển chậm nhất?","Among the following Pokémon, who has the slowest movement speed?  ",ในโปเกมอนต่อไปนี้ ใครมีความเร็วเคลื่อนที่ช้าที่สุด?  ,"Di antara Pokémon berikut, siapa yang memiliki kecepatan bergerak paling lambat?  ",Sino sa mga sumusunod ang may pinakamababang bilis?  ,"Antara Pokémon berikut, yang manakah mempunyai kelajuan pergerakan paling perlahan?",Hướng về Bắc,Hướng về Bắc,Facing north  ,หันไปทางเหนือ  ,Menghadap utara  ,Nakaharap sa hilaga  ,Menghadap ke utara  ,Wrestler behind the curtain  ,Lực sĩ dưới màn,Wrestler behind the curtain  ,นักมวยปล้ำหลังม่าน  ,นักมวยปล้ำหลังม่าน  ,Wrestler sa likod ng kurtina  ,Ahli gusti di belakang tirai  ,Elegant Cat  ,Elegant Cat,Elegant Cat  ,แมวสง่างาม  ,Kucing Elegan  ,Elegant Cat  ,Kucing Anggun  ,Soul-catching eye  ,Câu hồn mắt,Soul-catching eye  ,ดักจับวิญญาณตา  ,Mata menangkap jiwa  ,Soul-catching eye  ,Mata menangkap jiwa  ,,
206,2,50,266,"The Sharpedo Pokémon is scared and does not hunt when alone, but how many companions change its behavior?  ","Pokémon Cá Răng khi ở một mình rất sợ hãi và không săn mồi, nhưng khi có bao nhiêu bạn đồng loại, chúng sẽ thay đổi tính cách?","The Sharpedo Pokémon is scared and does not hunt when alone, but how many companions change its behavior?  ",โปเกมอน Cá Răng กลัวและไม่ล่าสัตว์เมื่อตัวเดียว แต่เมื่อมีกี่ตัวเพื่อนจะเปลี่ยนพฤติกรรม?  ,"Pokémon Sharpedo sangat takut saat sendirian dan tidak berburu, tapi berapa banyak teman yang mengubah perilakunya?  ","Ang Sharpedo ay natatakot kapag nag-iisa at hindi nanghuhuli, ngunit ilang kasama ang kailangan para magbago ang ugali nito?  ",Pokémon Ikan Gigi berasa takut dan tidak memburu ketika bersendirian – mereka akan berubah sikap apabila mempunyai berapa rakan?,5 con,5 con,5 individuals  ,5 ตัว  ,5 ekor  ,5 hayop  ,5 haiwan  ,3 creatures  ,3 con,3 creatures  ,3 ตัว  ,3 ตัว  ,3 nilalang  ,3 makhluk  ,4 pieces  ,4 con,4 pieces  ,4 ตัว  ,4 ekor  ,4 na piraso  ,8 ekor  ,2 Units  ,2 Chỉ,2 Units  ,2 หน่วย  ,2 Unit  ,2 Units  ,2 Unit  ,,
207,2,50,267,Why does the Hoppip Pokémon keep jumping continuously?  ,"Pokémon Nhảy Nhót là Pokémon không ngừng nhảy, lý do chính xác khiến nó nhảy liên tục là gì?",Why does the Hoppip Pokémon keep jumping continuously?  ,โปเกมอน Nhảy Nhót กระโดดไม่หยุด เหตุผลที่แท้จริงที่ทำให้มันกระโดดคืออะไร?  ,Kenapa Pokémon Hoppip terus melompat tanpa henti?  ,Bakit tuloy-tuloy na tumatalon ang Pokémon na Hoppip?  ,Pokémon Melompat adalah Pokémon yang tidak pernah berhenti melompat – apakah sebab sebenar ia terus melompat?,Dùng rung động nhảy để khiến tim đập,Dùng rung động nhảy để khiến tim đập,Uses vibrating dance to make the heart beat  ,ใช้การเต้นสั่นเพื่อกระตุ้นหัวใจ  ,Gunakan tarian getar untuk membuat jantung berdetak  ,Ginagamit ang sayaw na may panginginig para mapasigla ang tibok ng puso  ,Menggunakan tarian bergegar untuk merangsang degupan jantung  ,Balances by hopping  ,Giữ thăng bằng bằng cách nhảy,Balances by hopping  ,ทรงตัวด้วยการกระโดด  ,ทรงตัวด้วยการกระโดด  ,Nagba-balanse sa pagtalon  ,Seimbang ketika melompat  ,Maintain fat balance by vibrations from dancing  ,Giữ thăng bằng mỡ nhờ những rung động từ nhảy,Maintain fat balance by vibrations from dancing  ,รักษาสมดุลไขมันด้วยการสั่นสะเทือนจากการเต้น  ,Menjaga keseimbangan lemak dengan getaran dari menari  ,Pinananatili ang balanse ng taba sa pamamagitan ng mga pagyanig mula sa pagsayaw  ,Menjaga keseimbangan lemak dengan getaran dari tarian  ,Using shock jump makes oneself stretchable  ,Dựa vào nhảy vọt chấn động làm mình trở nên có co dãn,Using shock jump makes oneself stretchable  ,ใช้กระโดดกระแทกทำให้ตัวเองยืดหยุ่น  ,Menggunakan lompatan guncangan membuat diri menjadi lentur  ,Using shock jump makes oneself stretchable  ,Menggunakan lompatan guncangan membuat diri menjadi lentur  ,,
208,2,50,268,Who is the natural enemy of the Meerkat Pokémon?  ,Kẻ thù bẩm sinh của Pokémon Meerkat là ai?,Who is the natural enemy of the Meerkat Pokémon?  ,ศัตรูโดยธรรมชาติของโปเกมอน Meerkat คือใคร?  ,Siapa musuh alami Pokémon Meerkat?  ,Sino ang likas na kalaban ng Pokémon na Meerkat?  ,Siapakah musuh semula jadi Pokémon Meerkat?,Chameleon,Chameleon,Chameleon  ,กิ้งก่าเปลี่ยนสี  ,Bunglon  ,Chameleon  ,Sesumpah  ,Mudkip  ,Mudkip,Mudkip  ,Mudkip  ,Mudkip  ,Mudkip  ,Mudkip  ,Ironclaw Lobster  ,Ironclaw Lobster,Ironclaw Lobster  ,ล็อบสเตอร์กรงเล็บเหล็ก  ,Lobster Cakar Besi  ,Ironclaw Lobster  ,Lobster Cakar Besi  ,Ancient armor  ,Thái Cổ khôi giáp,Ancient armor  ,ชุดเกราะโบราณ  ,Baju zirah kuno  ,Ancient armor  ,Baju zirah kuno  ,,
209,2,50,269,"Although the ""eyes"" of Regirock, Regice, and Registeel differ, how many eyes do they have in total?  ","Mặc dù ""mắt"" của các Pokémon Regirock, Regice và Registeel không giống nhau nhưng số lượng ""mắt"" là giống nhau. Tổng cộng có bao nhiêu mắt?","Although the ""eyes"" of Regirock, Regice, and Registeel differ, how many eyes do they have in total?  ","แม้ ""ตา"" ของโปเกมอน Regirock, Regice และ Registeel จะแตกต่างกัน แต่จำนวน ""ตา"" รวมกันทั้งหมดมีเท่าไร?  ","Meskipun ""mata"" Regirock, Regice, dan Registeel berbeda, berapa jumlah total ""mata"" mereka?  ","Bagamat magkaiba ang ""mga mata"" nina Regirock, Regice, at Registeel, ilan ang kabuuang bilang ng kanilang mga mata?  ","Walaupun ""mata"" Pokémon Regirock, Regice dan Registeel berbeza, jumlah ""mata"" mereka adalah sama – berapa jumlah mata semuanya?",7 chiếc,7 chiếc,7 pieces  ,7 ชิ้น  ,7 buah  ,7 piraso  ,7 keping  ,6 creatures  ,6 con,6 creatures  ,6 ตัว  ,6 ตัว  ,6 nilalang  ,6 makhluk  ,8 pieces  ,8 con,8 pieces  ,8 ตัว  ,8 ekor  ,8 piraso  ,8 ekor  ,9 Pieces  ,9 Cái,9 Pieces  ,9 ชิ้น  ,9 Potong  ,9 Pieces  ,9 Potong  ,,
210,2,50,270,The Leafeon Pokémon can use materials around it as part of its body; which Pokémon has not yet reached its current form?  ,"Pokémon Liên Cỏ có thể sử dụng các vật liệu xung quanh mình để trở thành một phần cơ thể, vậy Pokémon nào chưa có hình dạng hiện tại?",The Leafeon Pokémon can use materials around it as part of its body; which Pokémon has not yet reached its current form?  ,โปเกมอน Liên Cỏ ใช้วัสดุรอบตัวเป็นส่วนหนึ่งของร่างกาย ตัวไหนยังไม่มีรูปร่างปัจจุบัน?  ,Pokémon Leafeon bisa menggunakan bahan di sekitarnya sebagai bagian dari tubuhnya; Pokémon mana yang belum memiliki bentuk saat ini?  ,Ang Leafeon ay kayang gamitin ang mga materyales sa paligid bilang bahagi ng katawan; aling Pokémon ang wala pang kasalukuyang anyo?  ,Pokémon Rumput Sambung boleh menggunakan bahan di sekelilingnya sebagai sebahagian tubuh – jadi Pokémon manakah yang belum mempunyai bentuk semasa?,Flower Sea Poncho,Flower Sea Poncho,Flower Sea Poncho  ,เสื้อคลุมทะเลดอกไม้  ,Ponco Laut Bunga  ,Flower Sea Poncho  ,Ponco Lautan Bunga  ,Trash and trash cloak  ,Rác và áo choàng rác,Trash and trash cloak  ,ขยะและเสื้อคลุมขยะ  ,ขยะและเสื้อคลุมขยะ  ,Basura at kapa ng basura  ,Sampah dan jubah sampah  ,Sand Cloak  ,Sand Cloak,Sand Cloak  ,ผ้าคลุมทราย  ,Jubah Pasir  ,Sand Cloak  ,Jubah Pasir  ,Grass and cloak  ,Cỏ cây áo tơi,Grass and cloak  ,หญ้าและเสื้อคลุม  ,Rumput dan jubah  ,Grass and cloak  ,Rumput dan jubah  ,,
211,2,50,271,The tongue of the Lickitung Pokémon can stretch very far; what is the current longest record?  ,"Lưỡi của Pokémon Ngon Lưỡi có thể kéo dài rất lâu, vậy kỷ lục dài nhất hiện tại là bao nhiêu?",The tongue of the Lickitung Pokémon can stretch very far; what is the current longest record?  ,ลิ้นของโปเกมอน Ngon Lưỡi สามารถยืดได้ไกลที่สุด เท่าไหร่คือสถิติปัจจุบัน?  ,Lidah Pokémon Lickitung bisa meregang sangat jauh; berapa rekor terpanjang saat ini?  ,Ang dila ng Lickitung ay kayang humaba ng malayo; ano ang pinakamahabang record nito?  ,Lidah Pokémon Lidah Sedap boleh memanjang dengan sangat jauh – apakah rekod panjang maksimum setakat ini?,25m,25m,25m  ,25 เมตร  ,25m  ,25m  ,25m  ,20 meters  ,20 mét,20 meters  ,20 เมตร  ,20 เมตร  ,20 metro  ,20 meter  ,30m  ,30m,30m  ,30 เมตร  ,30m  ,30m  ,30m  ,35 Rice  ,35 Gạo,35 Rice  ,35 ข้าว  ,35 Beras  ,35 Rice  ,35 Beras  ,,
212,2,50,272,"Which Pokémon loses its legs after evolution, unlike the usual body changes?  ","Thông thường, tiến hóa Pokémon sẽ dẫn đến sự thay đổi về cơ thể, nhưng Pokémon nào mất chân sau khi tiến hóa?","Which Pokémon loses its legs after evolution, unlike the usual body changes?  ",ปกติการวิวัฒนาการจะเปลี่ยนร่างกาย แต่โปเกมอนตัวไหนเสียขาหลังหลังวิวัฒนาการ?  ,"Biasanya, evolusi Pokémon menyebabkan perubahan tubuh, tapi Pokémon mana yang kehilangan kakinya setelah berevolusi?  ",Aling Pokémon ang nawalan ng mga binti pagkatapos ng ebolusyon?  ,Biasanya evolusi Pokémon membawa perubahan bentuk badan – tetapi Pokémon manakah yang kehilangan kaki selepas evolusi?,Silicobra,Silicobra,Silicobra  ,ซิลิโคบรา  ,Silicobra  ,Silicobra  ,Silicobra  ,Pichu,Pichu,Pichu,Pichu,Pichu,Pichu,Pichu  ,Warm pig  ,Warm pig,Warm pig  ,หมูอบอุ่น  ,Babi hangat  ,Warm pig  ,Babi hangat  ,Otter water  ,Nước rái cá,Otter water  ,น้ำแรคคูน  ,Air berang-berang  ,Otter water  ,Air berang-berang  ,,
213,2,50,273,The Heatmor Pokémon breathes fire from its 5 horns; how hot can its flames get?  ,"Pokémon Cháy Sâu sẽ phun lửa từ 5 cái sừng của mình để chiến đấu, nhiệt độ của ngọn lửa có thể lên đến bao nhiêu độ?",The Heatmor Pokémon breathes fire from its 5 horns; how hot can its flames get?  ,โปเกมอน Cháy Sâu พ่นไฟจากเขาทั้ง 5 ข้าง การเผาไหม้สูงสุดของเปลวไฟคือเท่าไร?  ,Pokémon Heatmor mengeluarkan api dari 5 tanduknya; seberapa panas api tersebut?  ,Ang Heatmor ay humihinga ng apoy mula sa limang sungay nito; gaano kainit ang apoy?  ,Pokémon Api Dalam akan menyembur api dari lima tanduknya untuk bertempur – suhu apinya boleh mencapai berapa darjah?,3000°,3000°,3000°,3000°,3000°,3000°,3000°  ,4000°,4000°,4000°,4000°,4000°,4000°,4000°  ,5000°  ,5000°,5000°  ,5000°  ,5000°  ,5000°  ,5000°  ,6000°  ,6000°,6000°  ,6000°  ,6000°  ,6000°  ,6000°  ,,
214,2,50,274,"In the ""incarnation"" form of Thundurus, its lower body is covered by clouds; what changes when it transforms into its ""Therian"" form?  ","Trong hình thái ""hóa thân"" của Pokémon Thần Lôi, phần dưới cơ thể sẽ được bao phủ bởi mây, khi chuyển thành ""hình thái linh thú"", có gì thay đổi?","In the ""incarnation"" form of Thundurus, its lower body is covered by clouds; what changes when it transforms into its ""Therian"" form?  ","ในร่าง ""hóa thân"" ของโปเกมอน Thần Lôi ส่วนล่างของร่างถูกปกคลุมด้วยเมฆ เมื่อเปลี่ยนเป็น ""hình thái linh thú"" มีอะไรเปลี่ยนแปลง?  ","Dalam bentuk ""inkarnasi"" Thundurus, bagian bawah tubuhnya tertutup awan; apa yang berubah saat berubah ke bentuk ""Therian""?  ","Sa ""incarnation"" na anyo ni Thundurus, natatakpan ng ulap ang ilalim ng katawan; ano ang pagbabago sa ""Therian"" form?  ","Dalam bentuk ""inkarnasi"" Pokémon Dewa Guruh, bahagian bawah badannya diselubungi awan – apa yang berubah apabila ia berubah menjadi ""bentuk roh binatang""?",Đôi tay biến thành cánh,Đôi tay biến thành cánh,Hands turn into wings  ,Hands turn into wings  ,Tangan berubah menjadi sayap  ,Ang mga kamay ay naging pakpak  ,Tangan telah menjadi sayap  ,Transforms into a dragon form  ,Biến thành hình dạng rồng,Transforms into a dragon form  ,แปลงร่างเป็นรูปแบบมังกร  ,Berubah menjadi bentuk naga  ,Nagiging anyong dragon  ,Berubah menjadi bentuk naga  ,Can walk on land with 4 legs  ,Có thể đi bộ trên đất bằng 4 chân,Can walk on land with 4 legs  ,สามารถเดินบนบกด้วย 4 ขา  ,Bisa berjalan di darat dengan 4 kaki  ,Kayang maglakad sa lupa gamit ang 4 na paa  ,Boleh berjalan atas tanah dengan 4 kaki  ,Whole body turns into wind-like gas state  ,Toàn thân hóa thành như gió trạng thái khí,Whole body turns into wind-like gas state  ,ร่างกายทั้งหมดกลายเป็นสถานะก๊าซเหมือนลม  ,Seluruh tubuh berubah menjadi keadaan gas seperti angin  ,Whole body turns into wind-like gas state  ,Seluruh tubuh berubah menjadi keadaan gas seperti angin  ,,
215,2,50,275,Which information about the Meow Pokémon is false?  ,Thông tin nào về Pokémon Meow là sai?,Which information about the Meow Pokémon is false?  ,ข้อมูลเกี่ยวกับโปเกมอน Meow ข้อใดไม่ถูกต้อง?  ,Informasi mana tentang Pokémon Meow yang salah?  ,Aling impormasyon tungkol kay Meow ang mali?  ,Maklumat manakah tentang Pokémon Meow adalah salah?,"Meowth thường có biểu cảm phong phú, là niềm vui của huấn luyện viên","Meowth thường có biểu cảm phong phú, là niềm vui của huấn luyện viên","Meowth often shows rich expressions, bringing joy to trainers  ","Meowth often shows rich expressions, bringing joy to trainers  ","Meowth sering punya ekspresi kaya, jadi kebahagiaan pelatih  ","Madalas may masiglang ekspresyon si Meowth, tuwa ng tagasanay  ","Meowth sering mempunyai ekspresi ceria, kegembiraan para jurulatih  ",Meowth’s evolution form differs by gender  ,Hình dạng tiến hóa của Meowth có sự phân biệt giữa con đực và con cái,Meowth’s evolution form differs by gender  ,ร่างวิวัฒนาการของเมียวท์มีความแตกต่างระหว่างตัวผู้และตัวเมีย  ,Bentuk evolusi Meowth berbeda antara jantan dan betina  ,Ang evolution form ni Meowth ay naiiba sa lalaki at babae  ,Bentuk evolusi Meowth berbeza antara jantan dan betina  ,Meowth evolution only has white and blue colors  ,Evolution of Meowth chỉ có màu trắng và xanh dương,Meowth evolution only has white and blue colors  ,วิวัฒนาการของมีวอว์มีแต่สีขาวและสีน้ำเงิน  ,Evolusi Meowth hanya berwarna putih dan biru  ,Ebolusyon ng Meowth ay may puti at asul lang  ,Evolusi Meowth hanya ada warna putih dan biru  ,Miraculous Meow obtains strong spiritual power  ,Diệu meo có được cường đại tinh thần lực,Miraculous Meow obtains strong spiritual power  ,เหมียวมหัศจรรย์ได้รับพลังจิตวิญญาณที่แข็งแกร่ง  ,Meow ajaib memperoleh kekuatan spiritual kuat  ,Miraculous Meow obtains strong spiritual power  ,Meow ajaib memperoleh kekuatan spiritual kuat  ,,
216,2,50,276,The Florges Pokémon has many forms; which of the following forms is not a Florges form?  ,"Pokémon Hoa Vũ là một Pokémon có nhiều kiểu hình khác nhau, trong các hình thái dưới đây, hình thái nào không phải của Hoa Vũ?",The Florges Pokémon has many forms; which of the following forms is not a Florges form?  ,โปเกมอน Hoa Vũ มีหลายรูปร่าง แบบใดต่อไปนี้ไม่ใช่รูปร่างของ Hoa Vũ?  ,Pokémon Florges memiliki banyak bentuk; bentuk mana berikut ini bukan bentuk Florges?  ,Maraming anyo ang Pokémon na Florges; alin sa mga ito ang hindi anyo ng Florges?  ,"Pokémon Bunga Warna mempunyai pelbagai bentuk – antara bentuk berikut, yang manakah bukan bentuk Bunga Warna?",Phong cách nhẹ nhàng,Phong cách nhẹ nhàng,Gentle style  ,Gentle style  ,Gaya lembut  ,Magaan ang istilo  ,Gaya yang ringan  ,Hot style  ,Phong cách nóng bỏng,Hot style  ,สไตล์ร้อนแรง  ,Gaya panas  ,Mainit na istilo  ,Gaya panas  ,Pop Pop style  ,Pop Pop style,Pop Pop style  ,สไตล์ป๊อป ป๊อป  ,Gaya Pop Pop  ,Pop Pop style  ,Gaya Pop Pop  ,Ho pull ho style  ,Hô kéo hô phong cách cách,Ho pull ho style  ,สไตล์ดึงโฮ  ,Gaya tarik Ho  ,Ho pull ho style  ,Gaya tarik Ho  ,,
217,2,50,277,What does it mean if the curly fur on the head of the Whimsicott Pokémon gets longer and prettier?  ,Lông xoăn trên đầu của Pokémon Mũi Hương càng dài và đẹp thì có nghĩa là gì?,What does it mean if the curly fur on the head of the Whimsicott Pokémon gets longer and prettier?  ,ขนหยิกบนหัวของโปเกมอน Mũi Hương ยิ่งยาวและสวย หมายความว่าอะไร?  ,Apa arti jika bulu keriting di kepala Pokémon Whimsicott semakin panjang dan indah?  ,Ano ang ibig sabihin kapag lumaki at naging maganda ang kulot na balahibo sa ulo ni Whimsicott?  ,Bulu keriting di kepala Pokémon Hidung Harum – semakin panjang dan cantik bermakna apa?,"Là bằng chứng của nhà vô địch, được đồng đội kính trọng","Là bằng chứng của nhà vô địch, được đồng đội kính trọng","Proof of a champion, respected by teammates  ","Proof of a champion, respected by teammates  ","Bukti juara, dihormati rekan satu tim  ","Katibayan ng pagiging kampeon, iginagalang ng mga kakampi  ","Bukti kejuaraan, dihormati oleh sekutu  ",Attracts many of the opposite sex  ,Thu hút nhiều đối tượng khác giới,Attracts many of the opposite sex  ,ดึงดูดเพศตรงข้ามจำนวนมาก  ,Menarik banyak lawan jenis  ,Nakakaakit ng maraming kasalungat na kasarian  ,Menarik banyak jantina bertentangan  ,Singing under the moonlight with louder sound  ,Hát dưới ánh trăng với âm thanh lớn hơn,Singing under the moonlight with louder sound  ,ร้องเพลงใต้แสงจันทร์ด้วยเสียงที่ดังขึ้น  ,Bernyanyi di bawah sinar bulan dengan suara lebih keras  ,Kumakanta sa ilalim ng buwan na may mas malakas na tunog  ,Bernyanyi di bawah sinar bulan dengan suara yang lebih kuat  ,"Using skill, power grows stronger  ",Sử dụng kỹ năng năng lực càng mạnh,"Using skill, power grows stronger  ",ใช้ทักษะ พลังแข็งแกร่งขึ้น  ,"Menggunakan keterampilan, kekuatan semakin kuat  ","Using skill, power grows stronger  ","Menggunakan keterampilan, kekuatan semakin kuat  ",,
218,2,50,278,"The Machamp Pokémon has 4 strong arms; according to the Pokédex, how many punches can it throw in 2 seconds?  ","Pokémon Cường Lực có 4 cánh tay phát triển mạnh, theo từ điển, trong 2 giây, Pokémon này có thể đánh bao nhiêu cú đấm?","The Machamp Pokémon has 4 strong arms; according to the Pokédex, how many punches can it throw in 2 seconds?  ",โปเกมอน Cường Lực มีแขน 4 ข้างแข็งแรง ตามพจนานุกรม มันสามารถชกได้กี่ครั้งใน 2 วินาที?  ,"Pokémon Machamp memiliki 4 lengan yang kuat; menurut Pokédex, berapa pukulan yang bisa dilempar dalam 2 detik?  ",Ang Machamp ay may apat na malalakas na braso; ilang suntok ang kaya nitong itapon sa loob ng 2 segundo ayon sa Pokédex?  ,Berapa banyak tumbukan dapat dilakukan oleh Pokémon Kekuatan Hebat yang mempunyai 4 lengan dalam masa 2 saat menurut kamus?,1000 cú đấm,1000 cú đấm,1000 punches  ,1000 punches  ,1000 pukulan  ,1000 suntok  ,1000 tumbukan  ,500 punches  ,500 cú đấm,500 punches  ,หมัด 500 ครั้ง  ,500 pukulan  ,500 suntok  ,500 tumbukan  ,100 punches  ,100 đấm,100 punches  ,100 หมัด  ,100 pukulan  ,100 suntok  ,100 tumbukan  ,200 Fists  ,200 Quyền,200 Fists  ,200 หมัด  ,200 Tinju  ,200 Fists  ,200 Tinju  ,,
219,2,50,279,How many tentacles does the Medusa Pokémon have?  ,Pokémon Medusa có bao nhiêu xúc tu?,How many tentacles does the Medusa Pokémon have?  ,โปเกมอน Medusa มีหนวดกี่เส้น?  ,Berapa banyak tentakel yang dimiliki Pokémon Medusa?  ,Ilang tentacles ang mayroon ang Pokémon na Medusa?  ,Berapa tentakel yang dimiliki oleh Pokémon Medusa?,80 con,80 con,80 creatures  ,80 creatures  ,80 ekor  ,80 nilalang  ,80 makhluk  ,100 creatures  ,100 con,100 creatures  ,100 ตัว  ,100 ekor  ,100 nilalang  ,100 makhluk  ,50 pieces  ,50 con,50 pieces  ,50 ตัว  ,50 ekor  ,50 piraso  ,50 ekor  ,10 Units  ,10 Chỉ,10 Units  ,10 หน่วย  ,10 Unit  ,10 Units  ,10 Unit  ,,
220,2,50,280,The Spiky Amphibian Pokémon is endangered; what caused its extinction threat?  ,"Pokémon Spiky Amphibian là một Pokémon đang có nguy cơ tuyệt chủng, lý do nào đã dẫn đến sự tuyệt chủng của loài này?",The Spiky Amphibian Pokémon is endangered; what caused its extinction threat?  ,โปเกมอน Spiky Amphibian กำลังใกล้สูญพันธุ์ สาเหตุของการสูญพันธุ์คืออะไร?  ,Pokémon Spiky Amphibian terancam punah; apa penyebab ancaman punahnya?  ,Bakit nanganganib na mawala ang Spiky Amphibian?  ,Pokémon Amphibi Berduri adalah spesis yang terancam – apakah sebab kepupusan spesies ini?,"Vì vỏ quá nặng, rất khó bắt mồi","Vì vỏ quá nặng, rất khó bắt mồi",Too heavy a shell makes hunting difficult  ,Too heavy a shell makes hunting difficult  ,Cangkang terlalu berat membuat sulit berburu  ,"Dahil sobrang bigat ng shell, hirap manghuli  ","Kerana cengkerangnya terlalu berat, sukar untuk memburu  ",Because other Pokémon eat it  ,Bởi vì các Pokémon khác đều ăn nó,Because other Pokémon eat it  ,เพราะโปเกมอนตัวอื่นกินมัน  ,Karena Pokémon lain memakannya  ,Dahil kinakain ito ng ibang Pokémon  ,Kerana dimakan oleh Pokémon lain  ,"Because of volcanic eruptions, most turned into fossils","Vì núi lửa phun trào, hầu hết đều biến thành hóa thạch","Because of volcanic eruptions, most turned into fossils",เพราะภูเขาไฟปะทุ จึงส่วนใหญ่กลายเป็นฟอสซิล,"Karena letusan gunung berapi, sebagian besar menjadi fosil","Dahil sa pagsabog ng bulkan, karamihan ay naging fossil","Kerana letusan gunung berapi, kebanyakan menjadi fosil","Because the seawater recedes, unable to breathe, leading to extinction  ","Bởi vì nước biển giảm bớt, không thể thở nổi mà diệt tuyệt","Because the seawater recedes, unable to breathe, leading to extinction  ",เพราะน้ำทะเลลดลง หายใจไม่ออกจนสูญพันธุ์  ,"Karena air laut berkurang, tidak bisa bernapas sehingga punah  ","Because the seawater recedes, unable to breathe, leading to extinction  ","Karena air laut berkurang, tidak bisa bernapas sehingga punah  ",,
221,2,50,281,Which Pokémon is a rare species found in ancient ruins?  ,Pokémon nào là Pokémon quý hiếm có thể tìm thấy trong các di tích cổ?,Which Pokémon is a rare species found in ancient ruins?  ,โปเกมอนตัวไหนเป็นโปเกมอนหายากที่พบในซากปรักหักพังโบราณ?  ,Pokémon mana yang merupakan spesies langka yang ditemukan di reruntuhan kuno?  ,Aling Pokémon ang bihirang makita sa mga sinaunang labi?  ,Pokémon manakah yang dikategorikan sebagai Pokémon langka dan boleh ditemui di runtuhan kuno?,Balance偶,Balance偶,Balance Doll  ,Balance Doll  ,Boneka Seimbang  ,Balance Doll  ,Anak Patung Imbangan  ,Loving birds scene  ,Cảnh chim yêu thương,Loving birds scene  ,ภาพนกแห่งความรัก  ,Adegan burung penuh cinta  ,Eksena ng mga ibong nagmamahalan  ,Adegan burung yang sedang bercinta  ,Torkoal  ,Torkoal,Torkoal  ,Torkoal  ,Torkoal  ,Torkoal  ,Torkoal  ,Piggy hop  ,Nhảy nhót heo,Piggy hop  ,กระโดดหมู  ,Lompat babi  ,Piggy hop  ,Lompat babi  ,,
222,2,50,282,How many fingers does the Pokémon Tailman have on its hands?  ,Tay của Pokémon Tailman có bao nhiêu ngón tay?,How many fingers does the Pokémon Tailman have on its hands?  ,โปเกมอน Tailman มีนิ้วมือกี่นิ้ว?  ,Berapa jari yang dimiliki Pokémon Tailman di tangannya?  ,Ilang daliri ang mayroon ang Tailman?  ,Berapa jari ada pada tangan Pokémon Tailman?,6 cái,6 cái,6 pieces  ,6 pieces  ,6 buah  ,6 piraso  ,6 keping  ,3 pieces  ,3 cái,3 pieces  ,3 ชิ้น  ,3 buah  ,3 piraso  ,3 keping  ,8 pieces  ,8 chiếc,8 pieces  ,8 ชิ้น  ,8 buah  ,8 piraso  ,8 keping  ,10 Trees  ,10 Cây,10 Trees  ,10 ต้นไม้  ,10 Pohon  ,10 Trees  ,10 Pohon  ,,
223,2,50,283,"Which Pokémon sprays a foul-smelling liquid to repel enemies, with the smell spreading up to 2 km?  ","Pokémon nào khi ngửi thấy mùi của kẻ thù sẽ phun một chất lỏng rất hôi để xua đuổi kẻ thù, và mùi hôi này có thể lan tỏa bán kính 2 km?","Which Pokémon sprays a foul-smelling liquid to repel enemies, with the smell spreading up to 2 km?  ",โปเกมอนตัวไหนพ่นของเหลวเหม็นเพื่อขับไล่ศัตรูและกลิ่นสามารถกระจายได้รัศมี 2 กม.?  ,"Pokémon mana yang menyemprotkan cairan berbau busuk untuk mengusir musuh, dan baunya bisa menyebar hingga radius 2 km?  ","Aling Pokémon ang nagbubuga ng mabahong likido upang itaboy ang kalaban, at umaabot ang amoy ng 2 km?  ","Pokémon manakah yang akan menyembur cecair yang sangat busuk apabila menghidu bau musuh, dan bau ini boleh menjangkau radius 2 km?",Skuntank,Skuntank,Skuntank  ,Skuntank  ,Skuntank  ,Skuntank  ,Skuntank  ,Stinky flower  ,Hoa hôi,Stinky flower  ,ดอกไม้เหม็น  ,Bunga bau  ,Bulaklak na mabaho  ,Bunga busuk  ,Mud smell  ,Mùi bùn,Mud smell  ,กลิ่นโคลน  ,Bau lumpur  ,Baho ng putik  ,Bau lumpur  ,Tyrant Flower  ,Bá vương hoa,Tyrant Flower  ,ดอกไม้ราชันย์  ,Bunga Raja  ,Tyrant Flower  ,Bunga Raja  ,,
224,2,50,284,What does the Pokémon Happiny usually carry in its hands?  ,Pokémon Happiny thường ôm theo thứ gì trong tay?,What does the Pokémon Happiny usually carry in its hands?  ,โปเกมอน Happiny มักจะถืออะไรในมือ?  ,Pokémon Happiny biasanya membawa apa di tangannya?  ,Ano ang madalas dalhin ni Happiny?  ,Pokémon Happiny biasanya memegang apa di tangannya?,Đá,Đá,Rock  ,Rock  ,Batu  ,Bato  ,Batu  ,Egg  ,Trứng,Egg  ,ไข่  ,Telur  ,Itlog  ,Telur  ,Ball  ,Quả bóng,Ball  ,ลูกบอล  ,Bola  ,Bola  ,Bola  ,Ice block  ,Khối băng,Ice block  ,ก้อนน้ำแข็ง  ,Blok es  ,Ice block  ,Blok es  ,,
225,2,50,285,How does the Pokémon Poliwag signal danger to its group?  ,Pokémon Tadpole báo hiệu nguy hiểm cho đồng loại của mình bằng cách nào?,How does the Pokémon Poliwag signal danger to its group?  ,โปเกมอน Tadpole แจ้งเตือนอันตรายให้ฝูงอย่างไร?  ,Bagaimana Pokémon Poliwag memberi sinyal bahaya kepada kelompoknya?  ,Paano nagbababala ng panganib ang Pokémon na si Poliwag?  ,Bagaimana Pokémon Polliwag memberi isyarat bahaya kepada rakan sejenisnya?,Qua rung động gò má,Qua rung động gò má,Through cheek vibrations  ,Through cheek vibrations  ,Melalui getaran pipi  ,Sa pamamagitan ng panginginig ng pisngi  ,Melalui gegaran pipi  ,By wagging its tail  ,Bằng cách lắc đuôi,By wagging its tail  ,โดยการแกว่งหาง  ,Dengan menggoyangkan ekornya  ,Sa pamamagitan ng pag-ugoy ng buntot  ,Dengan menghayun ekor  ,Call loudly to give birth  ,Gọi lớn để sinh con,Call loudly to give birth  ,เรียกเสียงดังเพื่อให้กำเนิด  ,Berteriak keras untuk melahirkan  ,Malakas na tawag para manganak  ,Panggilan kuat untuk melahirkan  ,Reminds through water gun emission  ,Thông qua phát xạ súng bắn nước nhắc nhở,Reminds through water gun emission  ,เตือนผ่านการยิงปืนฉีดน้ำ  ,Mengingatkan melalui tembakan air  ,Reminds through water gun emission  ,Mengingatkan melalui tembakan air  ,,
226,2,50,286,The Shellder Pokémon has two color forms: red stripe and blue stripe; what happens when placed in the same tank?  ,"Pokémon Băng Cá có hai hình dạng: sọc đỏ và sọc xanh. Khi đặt chúng trong một bể cá, điều gì sẽ xảy ra?",The Shellder Pokémon has two color forms: red stripe and blue stripe; what happens when placed in the same tank?  ,โปเกมอน Băng Cá มีสองสีคือลายแดงและลายฟ้า เมื่อใส่ในตู้ปลาด้วยกันจะเกิดอะไรขึ้น?  ,Pokémon Shellder memiliki dua bentuk warna: garis merah dan garis biru; apa yang terjadi saat keduanya dimasukkan ke dalam akuarium?  ,May dalawang kulay si Shellder: pulang guhit at asul na guhit; ano ang mangyayari kapag pinagsama sila sa isang tangke?  ,Pokémon Beringin Ikan mempunyai dua rupa: jalur merah dan jalur biru. Apa yang berlaku jika anda letakkan mereka dalam akuarium?,Chơi đánh nhau,Chơi đánh nhau,Play fighting  ,Play fighting  ,Bermain bertarung  ,Naglalaban-laban  ,Berlawan antara satu sama lain  ,Nothing happens  ,Không có gì xảy ra,Nothing happens  ,ไม่มีอะไรเกิดขึ้น  ,Tidak terjadi apa-apa  ,Walang nangyayari  ,Tiada yang berlaku  ,1000 degrees  ,1000 độ,1000 degrees  ,1000 องศา  ,1000 derajat  ,1000 degrees  ,1000 derajat  ,Both fused into one head  ,Cả hai dung hợp làm một đầu,Both fused into one head  ,ทั้งสองผสานเป็นหัวเดียว  ,Keduanya menyatu menjadi satu kepala  ,Both fused into one head  ,Keduanya menyatu menjadi satu kepala  ,,
227,2,50,287,"When the Pokémon Slugma sleeps, it curls up and its body flame calms and dims; what is the usual flame temperature?  ","Khi Pokémon Bánh Nướng ngủ, chúng cuộn tròn lại và ngọn lửa trong cơ thể sẽ nhỏ lại và yên tĩnh hơn. Nhiệt độ của ngọn lửa trong cơ thể thường là bao nhiêu?","When the Pokémon Slugma sleeps, it curls up and its body flame calms and dims; what is the usual flame temperature?  ",เมื่อโปเกมอน Bánh Nướng นอน มันจะม้วนตัวและไฟในร่างกายจะลดลง อุณหภูมิไฟในร่างกายเท่าไหร่?  ,"Saat Pokémon Slugma tidur, ia menggulung tubuh dan apinya menjadi tenang; berapa suhu api biasanya?  ","Kapag natutulog ang Slugma, nagkukulong ito at humihina ang apoy; gaano kainit ang apoy?  ","Apabila Pokémon Bakar Roti tidur, ia menggulung tubuhnya dan api dalam badannya menjadi kecil dan stabil. Pada suhu berapa api tersebut?",600 độ,600 độ,600 degrees  ,600 degrees  ,600 derajat  ,600 degrees  ,600 darjah  ,400 degrees  ,400 độ,400 degrees  ,400 องศา  ,400 derajat  ,400 degrees  ,400 darjah  ,Flareon  ,Flareon,Flareon  ,Flareon  ,Flareon  ,Flareon  ,Flareon  ,720 Degrees  ,720 Độ,720 Degrees  ,720 องศา  ,720 Derajat  ,720 Degrees  ,720 Derajat  ,,
228,2,50,288,Which Pokémon is willing to sacrifice its life to protect its trusted trainer and can predict the future?  ,"Pokémon nào sẵn sàng hy sinh mạng sống để bảo vệ huấn luyện viên mà nó tin tưởng, và có khả năng tiên đoán tương lai?",Which Pokémon is willing to sacrifice its life to protect its trusted trainer and can predict the future?  ,โปเกมอนตัวไหนยอมสละชีวิตเพื่อปกป้องเทรนเนอร์และทำนายอนาคตได้?  ,Pokémon mana yang rela mengorbankan nyawanya untuk melindungi pelatih yang dipercayainya dan dapat meramalkan masa depan?  ,Aling Pokémon ang handang ialay ang buhay para protektahan ang trainer at may kakayahang hulaan ang hinaharap?  ,Pokémon manakah yang sanggup mengorbankan nyawanya untuk melindungi jurulatih yang dipercayainya dan mempunyai kebolehan meramal masa depan?,Gardevoir,Gardevoir,Gardevoir  ,Gardevoir  ,Gardevoir  ,Gardevoir  ,Gardevoir  ,Pikachu  ,Pikachu,Pikachu  ,Pikachu  ,Pikachu  ,Pikachu  ,Pikachu  ,Gloom  ,Gloom,Gloom  ,Gloom  ,Gloom  ,Gloom  ,Gloom  ,Y Father  ,Y Bố,Y Father  ,ยี บิดา  ,Y Bapa  ,Y Father  ,Y Bapa  ,,
229,2,50,289,"Which Pokémon is very proud, and each one thinks it is the greatest?","Pokémon nào rất kiêu ngạo, và mỗi con đều cho rằng mình là người tuyệt vời nhất?","Which Pokémon is very proud, and each one thinks it is the greatest?",โปเกมอนตัวไหนภูมิใจในตัวเองมาก และคิดว่าตัวเองดีที่สุด?,Pokémon mana yang sangat sombong dan masing-masing menganggap dirinya yang terbaik?,Aling Pokémon ang mayabang at iniisip na siya ang pinakamagaling?,Pokémon manakah yang sangat sombong sehingga setiap seekor menganggap dirinya yang terbaik?,Prinplup,Prinplup,Prinplup  ,Prinplup  ,Prinplup  ,Prinplup  ,Prinplup  ,Milotic  ,Milotic,Milotic  ,Milotic  ,Milotic  ,Milotic  ,Milotic  ,A yellow lightning bolt  ,Một tia sét vàng,A yellow lightning bolt  ,สายฟ้าสีเหลือง  ,Sambaran petir kuning  ,Isang dilaw na kidlat  ,Sebuah kilat kuning  ,Pikachu  ,Pikachu,Pikachu  ,ปิกาจู  ,Pikachu  ,Pikachu  ,Pikachu  ,,
230,2,50,290,What is the shape of the tip of the cute tail of the mischievous cat spirit?  ,"Nhóc mèo quái là một tinh linh điện dễ thương, đuôi của nó có hình dạng rất dễ thương, bạn có biết phần cuối của đuôi hình dạng như thế nào không?",What is the shape of the tip of the cute tail of the mischievous cat spirit?  ,รูปร่างปลายหางของจิ้งจอกจิ๋วที่น่ารักเป็นอย่างไร?  ,Apa bentuk ujung ekor lucu dari roh kucing nakal itu?  ,Ano ang hugis ng dulo ng cute na buntot ng mischievous na pusa na espiritu?  ,Kucing kecil elektrik yang comel – apakah bentuk hujung ekornya?,Một hình vuông màu vàng,Một hình vuông màu vàng,A yellow square  ,A yellow square  ,Sebuah kotak kuning  ,Dilaw na parisukat  ,Segi empat kuning  ,A golden heart  ,Một trái tim màu vàng,A golden heart  ,หัวใจสีทอง  ,Hati emas  ,Isang gintong puso  ,Hati emas  ,Arbok  ,Arbok,Arbok  ,Arbok  ,Arbok  ,Arbok  ,Arbok  ,A yellow five-pointed star  ,Một cái màu vàng ngôi sao năm cánh,A yellow five-pointed star  ,ดาวสีเหลืองห้าดวง  ,Bintang kuning lima titik  ,A yellow five-pointed star  ,Bintang kuning lima titik  ,,
231,2,50,291,"Among the spirits below, which spirit has Musashi never owned in the animated series?  ","Trong bộ phim hoạt hình, trong số các tinh linh dưới đây, tinh linh nào mà Musashi chưa từng sở hữu?","Among the spirits below, which spirit has Musashi never owned in the animated series?  ",ในบรรดาวิญญาณด้านล่างนี้ วิญญาณใดที่ Musashi ไม่เคยเป็นเจ้าของในซีรีส์แอนิเมชัน?  ,"Di antara roh-roh di bawah ini, roh mana yang belum pernah dimiliki Musashi dalam serial animasi?  ","Sa mga espiritu sa ibaba, alin sa mga espiritu ang hindi pa pag-aari ni Musashi sa animated na serye?  ","Dalam filem animasi, mana antara roh yang berikut yang Musashi belum pernah memiliki?",Super Bad Star,Super Bad Star,Super Bad Star  ,Super Bad Star  ,Bintang Super Buruk  ,Super Bad Star  ,Bintang Jahat Super  ,Indeedee  ,Indeedee,Indeedee  ,Indeedee  ,Indeedee  ,Indeedee  ,Indeedee  ,Oops Mushroom  ,Oops Mushroom,Oops Mushroom  ,เห็ดอุ๊ปส์  ,Jamur Oops  ,Oops Mushroom  ,Cendawan Oops  ,Refined pumpkin  ,Bí đỏ tinh,Refined pumpkin  ,ฟักทองกลั่น  ,Labu halus  ,Refined pumpkin  ,Labu halus  ,,
232,2,50,292,"Among the mushroom-type spirits below, which one has the Fairy attribute?  ","Trong số các tinh linh dạng nấm dưới đây, tinh linh nào có thuộc tính Tiên?","Among the mushroom-type spirits below, which one has the Fairy attribute?  ",ในบรรดาวิญญาณชนิดเห็ดด้านล่างนี้ วิญญาณใดที่มีธาตุเทพธิดา?  ,"Di antara roh-roh tipe jamur di bawah ini, yang mana yang memiliki atribut Peri?  ","Sa mga mushroom-type na espiritu sa ibaba, alin ang may Fairy na katangian?  ","Antara roh jenis kulat berikut, yang manakah mempunyai jenis Fairy?",Shroomish,Shroomish,Shroomish  ,Shroomish  ,Shroomish  ,Shroomish  ,Shroomish  ,Shroomish  ,Shroomish,Shroomish  ,Shroomish  ,Shroomish  ,Shroomish  ,Shroomish  ,Special weapon  ,Vũ khí đặc biệt,Special weapon  ,อาวุธพิเศษ  ,Senjata khusus  ,Espesyal na sandata  ,Senjata khas  ,Last Faction  ,Phái Last,Last Faction  ,ฝ่ายล่าสุด  ,Faksi Terakhir  ,Last Faction  ,Faksi Terakhir  ,,
233,2,50,293,"Shasabouy is a Soul and Earth type spirit, with a special red shovel on its head. Do you know what the shovel is used for?  ","Shasabouy là một tinh linh hệ Hồn và Đất, trên đầu của nó có một cái xẻng đỏ rất đặc biệt, bạn biết cái xẻng đó có tác dụng gì không?","Shasabouy is a Soul and Earth type spirit, with a special red shovel on its head. Do you know what the shovel is used for?  ",Shasabouy เป็นวิญญาณประเภทวิญญาณและดิน โดยมีพลั่วสีแดงพิเศษบนหัว คุณรู้ไหมว่าพลั่วนั้นมีไว้ทำอะไร?  ,"Shasabouy adalah roh tipe Jiwa dan Bumi, dengan sekop merah khusus di kepalanya. Apakah kamu tahu apa fungsi sekop itu?  ","Si Shasabouy ay isang Soul at Earth type na espiritu, na may espesyal na pulang pala sa ulo. Alam mo ba kung ano ang gamit ng pala na iyon?  ",Shasabouy ialah roh sistem Roh dan Tanah – sendok merah pada kepalanya ada fungsi apa?,Có chức năng radar,Có chức năng radar,Has radar function  ,Has radar function  ,Memiliki fungsi radar  ,May radar na kakayahan  ,Mempunyai keupayaan radar  ,"No effect, can be removed  ","Không có tác dụng, có thể tháo ra","No effect, can be removed  ",ไม่มีผล สามารถถอดออกได้  ,"Tidak berpengaruh, bisa dilepas  ","Walang epekto, puwedeng alisin  ","Tiada kesan, boleh disingkirkan  ",Mewtwo  ,Mewtwo,Mewtwo  ,Mewtwo  ,Mewtwo  ,Mewtwo  ,Mewtwo  ,Attracting little kids to play with  ,Hấp dẫn tiểu hài tử cùng mình chơi,Attracting little kids to play with  ,ดึงดูดเด็กเล็กมาเล่นด้วย  ,Menarik anak kecil untuk bermain bersama  ,Attracting little kids to play with  ,Menarik anak kecil untuk bermain bersama  ,,
234,2,50,294,"In the spirit world, there are many artificial spirits. Which spirit below is not an artificial spirit?  ","Trong thế giới tinh linh, có rất nhiều tinh linh nhân tạo, dưới đây tinh linh nào không phải là tinh linh nhân tạo?","In the spirit world, there are many artificial spirits. Which spirit below is not an artificial spirit?  ",ในโลกวิญญาณ มีวิญญาณที่สร้างขึ้นมากมาย วิญญาณใดด้านล่างนี้ไม่ใช่วิญญาณที่สร้างขึ้น?  ,"Di dunia roh, ada banyak roh buatan. Roh mana di bawah ini yang bukan roh buatan?  ","Sa mundo ng espiritu, maraming artipisyal na espiritu. Alin sa mga espiritu sa ibaba ang hindi artipisyal?  ",Dalam dunia roh wujud banyak roh buatan – yang manakah di bawah ini TIDAK termasuk roh buatan?,Mew,Mew,Mew  ,Mew  ,Mew  ,Mew  ,Mew  ,Polywhirl  ,Polywhirl,Polywhirl  ,Polywhirl  ,Polywhirl  ,Polywhirl  ,Polywhirl  ,Snorlax  ,Snorlax,Snorlax  ,Snorlax  ,Snorlax  ,Snorlax  ,Snorlax  ,Attribute: None  ,Thuộc tính: Không,Attribute: None  ,คุณสมบัติ: ไม่มี  ,Atribut: Tidak ada  ,Attribute: None  ,Atribut: Tidak ada  ,,
235,2,50,295,"There are many lazy spirits, but which spirit below is not lazy?  ","Có nhiều tinh linh rất lười biếng, nhưng tinh linh nào dưới đây không phải là một tinh linh lười biếng?","There are many lazy spirits, but which spirit below is not lazy?  ",มีวิญญาณที่ขี้เกียจมากมาย แต่วิญญาณใดด้านล่างนี้ไม่ขี้เกียจ?  ,"Ada banyak roh yang malas, tetapi roh mana di bawah ini yang tidak malas?  ","Maraming tamad na espiritu, ngunit alin sa mga espiritu sa ibaba ang hindi tamad?  ",Terdapat banyak roh yang malas – tetapi yang manakah di bawah ini bukan roh yang malas?,Pikachu,Pikachu,Pikachu  ,Pikachu  ,Pikachu  ,Pikachu  ,Pikachu  ,Koala Tree Pillow  ,Koala Tree Pillow,Koala Tree Pillow  ,หมอนต้นไม้โคอาล่า  ,Bantal Pohon Koala  ,Unan ng Puno ng Koala  ,Bantal Pokok Koala  ,Soul Catching Eyes  ,Soul Catching Eyes,Soul Catching Eyes  ,สายตาจับวิญญาณ  ,Mata Menangkap Jiwa  ,Mga Mata na Nakakahuli ng Kaluluwa  ,Mata Penangkap Jiwa  ,Requesting king’s leave  ,Xin phép nghỉ vương,Requesting king’s leave  ,ขอลาพระราชา  ,Memohon izin raja  ,Requesting king’s leave  ,Memohon izin raja  ,,
236,2,50,296,"In the animated series “Decision is You!”, which spirit hides in Ash’s shadow?  ","Trong bộ phim hoạt hình “Quyết định là bạn!”, tinh linh nào ẩn trong bóng của Ash?","In the animated series “Decision is You!”, which spirit hides in Ash’s shadow?  ",ในซีรีส์แอนิเมชัน “Decision is You!” วิญญาณใดซ่อนตัวอยู่ในเงาของ Ash?  ,"Dalam serial animasi ""Decision is You!"", roh mana yang bersembunyi di bayangan Ash?  ","Sa animated na serye na “Decision is You!”, aling espiritu ang nagtatago sa anino ni Ash?  ","Dalam filem animasi “Keputusan Adalah Kawan!”, roh manakah yang tersembunyi di bayang-bayang Ash?",Marschado,Marschado,Marshadow  ,Marshadow  ,Marshadow  ,Marshadow  ,Marshadow  ,Gengar  ,Gengar,Gengar  ,Gengar  ,Gengar  ,Gengar  ,Gengar  ,Dodu  ,Dodu,Dodu  ,Dodu  ,Dodu  ,Dodu  ,Dodu  ,Night week spirit  ,Đêm tuần linh,Night week spirit  ,คืนสัปดาห์วิญญาณ  ,Malam minggu roh  ,Night week spirit  ,Malam minggu roh  ,,
237,2,50,297,"Among the spirits below, which one can only fly?  ","Trong số các tinh linh dưới đây, tinh linh nào chỉ có thể bay?","Among the spirits below, which one can only fly?  ",ในบรรดาวิญญาณด้านล่างนี้ วิญญาณใดที่บินได้เท่านั้น?  ,"Di antara roh-roh di bawah ini, roh mana yang hanya bisa terbang?  ","Sa mga espiritu sa ibaba, alin ang kayang lumipad lamang?  ","Antara roh berikut, yang manakah hanya boleh terbang?",Ducks,Ducks,Ducks  ,Ducks  ,Bebek  ,Mga pato  ,Itik-itik  ,Archaeopteryx  ,Archaeopteryx,Archaeopteryx  ,Archaeopteryx  ,Archaeopteryx  ,Archaeopteryx  ,Archaeopteryx  ,800 degrees  ,800 độ,800 degrees  ,800 องศา  ,800 derajat  ,800 degrees  ,800 derajat  ,Nature’s earl  ,Thiên nhiên tước,Nature’s earl  ,ขุนนางธรรมชาติ  ,Bangsawan alam  ,Nature’s earl  ,Bangsawan alam  ,,
238,3,50,325,What is the temperature of the fire in Firechick’s mouth?  ,Lửa trong miệng của Firechick có thể đạt nhiệt độ bao nhiêu?,What is the temperature of the fire in Firechick’s mouth?  ,อุณหภูมิของไฟในปาก Firechick เท่าไหร่?  ,Berapa suhu api di mulut Firechick?  ,Anong temperatura ang apoy sa bibig ni Firechick?  ,Pada suhu berapa api di mulut Firechick boleh mencapai?,1000°,1000°,1000°  ,1000°  ,1000°  ,1000°  ,1000°  ,500°  ,500°,500°  ,500°  ,500°  ,500°  ,500°  ,Acnom  ,Acnom,Acnom  ,Acnom  ,Acnom  ,Acnom  ,Acnom  ,1300 Degrees  ,1300°,1300 Degrees  ,1300 องศา  ,1300 Derajat  ,1300 Degrees  ,1300 Derajat  ,,
239,3,50,326,"There are three legendary spirits called the “God of Will”, “God of Emotions”, and “God of Knowledge”. Who represents the “God of Knowledge”?  ","Có ba tinh linh huyền thoại lần lượt được gọi là “Thần của Ý chí”, “Thần của Cảm xúc”, “Thần của Kiến thức”, ai đại diện cho “Thần của Kiến thức”?","There are three legendary spirits called the “God of Will”, “God of Emotions”, and “God of Knowledge”. Who represents the “God of Knowledge”?  ","มีวิญญาณในตำนานสามตัวที่เรียกว่า “เทพเจ้าแห่งเจตจำนง”, “เทพเจ้าแห่งอารมณ์” และ “เทพเจ้าแห่งความรู้” ใครเป็นตัวแทนของ “เทพเจ้าแห่งความรู้”?  ","Ada tiga roh legendaris yang disebut ""Dewa Kehendak"", ""Dewa Emosi"", dan ""Dewa Pengetahuan"". Siapa yang mewakili ""Dewa Pengetahuan""?  ","Mayroong tatlong maalamat na espiritu na tinatawag na “Diyos ng Kalooban”, “Diyos ng Emosyon”, at “Diyos ng Kaalaman”. Sino ang kumakatawan sa “Diyos ng Kaalaman”?  ","Terdapat tiga roh legenda yang dipanggil “Dewa Kehendak”, “Dewa Emosi”, “Dewa Pengetahuan” – siapakah yang mewakili ""Dewa Pengetahuan""?",Do Cresselia,Do Cresselia,By Cresselia  ,By Cresselia  ,Oleh Cresselia  ,Mula kay Cresselia  ,Daripada Cresselia  ,Emolga  ,Emolga,Emolga  ,Emolga  ,Emolga  ,Emolga  ,Emolga  ,Octillery Bucket  ,Octillery Bucket,Octillery Bucket  ,ถัง Octillery  ,Ember Octillery  ,Octillery Bucket  ,Baldi Octillery  ,Luka’s tooth throne  ,Đế răng Luka,Luka’s tooth throne  ,บัลลังก์ฟันลูก้า  ,Tahta gigi Luka  ,Luka’s tooth throne  ,Tahta gigi Luka  ,,
240,3,50,327,Which spirit can sense time when the spirit egg hatches thanks to its tentacles?  ,Tinh linh nào có thể cảm nhận thời gian khi trứng tinh linh nở nhờ vào xúc tu của nó?,Which spirit can sense time when the spirit egg hatches thanks to its tentacles?  ,วิญญาณใดที่สามารถรับรู้เวลาขณะที่ไข่วิญญาณฟักตัวได้ด้วยหนวดของมัน?  ,Roh mana yang dapat merasakan waktu saat telur roh menetas berkat tentakelnya?  ,Aling espiritu ang nakakaramdam ng oras kapag nabubuo ang itlog ng espiritu dahil sa mga tentacles nito?  ,Roh manakah boleh merasai masa ketika telur roh menetas melalui tentakel mereka?,Cái Doll tương tự,Cái Doll tương tự,Similar Doll  ,Similar Doll  ,Boneka serupa  ,Katutulad na Doll  ,Anak patung yang serupa  ,Happiness Egg  ,Happiness Egg,Happiness Egg  ,ไข่แห่งความสุข  ,Telur Kebahagiaan  ,Itlog ng Kaligayahan  ,Telur Kebahagiaan  ,Needs a head massage trainer  ,Cần huấn luyện viên mát-xa đầu,Needs a head massage trainer  ,ต้องการเทรนเนอร์นวดศีรษะ  ,Perlu pelatih pijat kepala  ,Kailangan ng trainer na magmasahe ng ulo  ,Perlu jurulatih urut kepala  ,Bat heart  ,Tâm con dơi,Bat heart  ,หัวค้างคาว  ,Hati kelelawar  ,Bat heart  ,Hati kelelawar  ,,
241,3,50,328,Which method below can help prevent Wobbuffet from getting angry?  ,"Dưới đây, cách nào có thể giúp tránh cho Wobbuffet không cáu giận?",Which method below can help prevent Wobbuffet from getting angry?  ,วิธีใดด้านล่างนี้ช่วยป้องกันไม่ให้ Wobbuffet โกรธได้?  ,Metode mana di bawah ini yang dapat membantu mencegah Wobbuffet marah?  ,Aling pamamaraan sa ibaba ang makakatulong upang maiwasan si Wobbuffet na magalit?  ,"Antara cara berikut, yang manakah boleh mengelakkan Wobbuffet menjadi marah?",Cần ăn một lượng đường bằng trọng lượng cơ thể,Cần ăn một lượng đường bằng trọng lượng cơ thể,Needs to eat sugar equal to its body weight  ,Needs to eat sugar equal to its body weight  ,Harus makan gula sebanyak berat tubuhnya  ,Kailangang kumain ng asukal katumbas ng bigat ng katawan  ,Perlu makan gula seberat berat badan sendiri  ,Needs to eat a lot of fruit  ,Cần ăn nhiều trái cây,Needs to eat a lot of fruit  ,ต้องกินผลไม้เยอะๆ  ,Perlu makan banyak buah  ,Kailangang kumain ng maraming prutas  ,Perlu makan banyak buah  ,Haxorus  ,Haxorus,Haxorus  ,Haxorus  ,Haxorus  ,Haxorus  ,Haxorus  ,Needs to eat one cream puff spirit every day  ,Mỗi ngày đều cần ăn một cái tinh linh bánh su kem,Needs to eat one cream puff spirit every day  ,ต้องกินขนมปังครีมวิญญาณวันละหนึ่งชิ้น  ,Perlu makan satu kue krim roh setiap hari  ,Needs to eat one cream puff spirit every day  ,Perlu makan satu kue krim roh setiap hari  ,,
242,3,50,329,"There is a spirit living in cold lands since ancient times. When it cries out, the night sky shows the aurora. Which spirit is it?  ","Có một tinh linh sống ở những vùng đất lạnh từ thời cổ đại, khi nó kêu lên, bầu trời đêm sẽ xuất hiện cực quang. Nó là tinh linh nào?","There is a spirit living in cold lands since ancient times. When it cries out, the night sky shows the aurora. Which spirit is it?  ",มีวิญญาณตัวหนึ่งอาศัยอยู่ในดินแดนหนาวตั้งแต่โบราณ เมื่อมันร้อง เสียงของมันทำให้ท้องฟ้ายามค่ำคืนปรากฏแสงเหนือ วิญญาณตัวนั้นคือใคร?  ,"Ada roh yang tinggal di tanah dingin sejak zaman kuno. Saat ia menangis, langit malam menampilkan aurora. Roh apa itu?  ","May espiritu na naninirahan sa mga malamig na lugar mula pa noong sinaunang panahon. Kapag ito ay sumisigaw, lumilitaw ang aurora sa kalangitan sa gabi. Aling espiritu ito?  ","Terdapat satu roh yang tinggal di kawasan sejuk sejak zaman purba – apabila ia menjerit, aurora muncul di langit malam. Siapakah dia?",Frosmoth,Frosmoth,Frosmoth  ,Frosmoth  ,Frosmoth  ,Frosmoth  ,Frosmoth  ,Articuno  ,Articuno,Articuno  ,Articuno  ,Articuno  ,Articuno  ,Articuno  ,Year 2000  ,Năm 2000,Year 2000  ,ปี 2000  ,Tahun 2000  ,Taong 2000  ,Tahun 2000  ,Ice magma monster  ,Băng nham quái,Ice magma monster  ,มอนสเตอร์น้ำแข็งลาวา  ,Monster lava es  ,Ice magma monster  ,Monster lava es  ,,
243,3,50,330,"The legendary spirit Xerneas is said to share eternal life, and it sleeps in the form of a tree for a certain period before resurrection. How long does it sleep?","Tinh linh huyền thoại Xerneas được cho là có thể chia sẻ sự sống vĩnh cửu, và nó ngủ dưới dạng một cây trong một khoảng thời gian trước khi phục sinh, vậy nó ngủ bao lâu?","The legendary spirit Xerneas is said to share eternal life, and it sleeps in the form of a tree for a certain period before resurrection. How long does it sleep?",วิญญาณในตำนาน Xerneas กล่าวกันว่าสามารถแบ่งปันชีวิตนิรันดร์ได้ และมันนอนหลับในรูปแบบของต้นไม้เป็นระยะเวลาหนึ่งก่อนจะฟื้นคืนชีพ มันนอนหลับนานเท่าไร?  ,"Roh legendaris Xerneas dikatakan dapat membagikan kehidupan abadi, dan ia tidur dalam bentuk pohon untuk jangka waktu tertentu sebelum bangkit kembali. Berapa lama ia tidur?  ","Ang maalamat na espiritu na si Xerneas ay sinasabing maaaring magbahagi ng buhay na walang hanggan, at natutulog ito bilang isang puno sa loob ng isang tiyak na panahon bago muling mabuhay. Gaano katagal itong natutulog?  ","Roh legenda Xerneas dikatakan boleh berkongsi kehidupan abadi, dan ia tidur sebagai pohon sebelum bangkit semula – berapa lama ia tidur?",1000 năm,1000 năm,1000 years  ,1000 years  ,1000 tahun  ,1000 taon  ,1000 tahun  ,1500 years  ,1500 năm,1500 years  ,1500 ปี  ,1500 tahun  ,1500 taon  ,1500 tahun  ,4 pieces  ,4 cái,4 pieces  ,4 ชิ้น  ,4 buah  ,4 piraso  ,4 keping  ,3000 Years  ,3000 Năm,3000 Years  ,3000 ปี  ,3000 Tahun  ,3000 Years  ,3000 Tahun  ,,
244,3,50,331,Ancient insects moved in the ancient seas by rotating wings on their bodies. How many wings do they have on both sides of their body?  ,"Côn trùng cổ đại sẽ di chuyển trong biển cổ đại bằng cách xoay các cánh trên thân, vậy nó có bao nhiêu cánh ở hai bên thân?",Ancient insects moved in the ancient seas by rotating wings on their bodies. How many wings do they have on both sides of their body?  ,แมลงโบราณเคลื่อนที่ในทะเลโบราณโดยการหมุนปีกที่อยู่บนลำตัว มีกี่ปีกทั้งสองข้างของลำตัว?  ,Serangga purba bergerak di lautan kuno dengan memutar sayap di tubuhnya. Berapa banyak sayap yang mereka miliki di kedua sisi tubuh?  ,Ang mga sinaunang insekto ay kumikilos sa sinaunang dagat sa pamamagitan ng pag-ikot ng mga pakpak sa katawan. Ilang pakpak ang mayroon sila sa magkabilang gilid ng katawan?  ,Serangga purba bergerak dalam lautan purba dengan memutarkan sayap di perut – berapa sayap di setiap sisi badannya?,8 cái,8 cái,8 pieces  ,8 pieces  ,8 buah  ,8 piraso  ,8 keping  ,6 creatures  ,6 con,6 creatures  ,6 ตัว  ,6 ekor  ,6 nilalang  ,6 makhluk  ,136 pieces  ,136 cái,136 pieces  ,136 ชิ้น  ,136 buah  ,136 piraso  ,136 keping  ,10 Pieces  ,10 Cái,10 Pieces  ,10 ชิ้น  ,10 Potong  ,10 Pieces  ,10 Potong  ,,
245,3,50,332,"Because Rockmon did something bad 500 years ago, it was forced to stay in rock crevices and carry many souls. How many souls does it carry?  ","Hoa Rockmon vì đã làm điều xấu 500 năm trước mà bị buộc phải ở lại trong các khe đá và mang theo rất nhiều linh hồn, vậy nó mang bao nhiêu linh hồn?","Because Rockmon did something bad 500 years ago, it was forced to stay in rock crevices and carry many souls. How many souls does it carry?  ",Rockmon เพราะทำสิ่งไม่ดีเมื่อ 500 ปีก่อน จึงถูกบังคับให้อยู่ในรอยแยกของหินและพกพาวิญญาณจำนวนมาก มันพกพาวิญญาณกี่ดวง?  ,"Karena Rockmon melakukan kesalahan 500 tahun lalu, ia dipaksa tinggal di celah batu dan membawa banyak jiwa. Berapa banyak jiwa yang dibawanya?  ","Dahil gumawa ng masama si Rockmon 500 taon na ang nakararaan, pinilit siyang manatili sa mga bitak ng bato at nagdadala ng maraming kaluluwa. Ilan ang kanyang dinadala?  ","Rockmon Bunga telah melakukan kejahatan 500 tahun lalu, dipaksa tinggal di celah batu dengan banyak roh – berapa jumlah rohnya?",108 cái,108 cái,108 pieces  ,108 ชิ้น  ,108 buah  ,108 piraso  ,108 keping  ,112 creatures  ,112 con,112 creatures  ,112 ตัว  ,112 ekor  ,112 nilalang  ,112 makhluk  ,Two points  ,Hai điểm,Two points  ,สองจุด  ,Dua titik  ,Dalawang puntos  ,Dua titik  ,173 Pieces  ,173 Cái,173 Pieces  ,173 ชิ้น  ,173 Potong  ,173 Pieces  ,173 Potong  ,,
246,3,50,333,What kind of marks does the necklace of Batroll leave when it clings to a rock wall while sleeping?  ,Vòng cổ của Batroll sẽ để lại dấu vết gì khi nó bám vào vách đá trong khi ngủ?,What kind of marks does the necklace of Batroll leave when it clings to a rock wall while sleeping?  ,สร้อยคอของ Batroll ทิ้งรอยอะไรไว้เมื่อมันเกาะกำแพงหินขณะนอนหลับ?  ,Kalung Batroll meninggalkan jejak apa saat menempel di dinding batu saat tidur?  ,Ano ang bakas na iniiwan ng kwintas ng Batroll kapag ito ay kumakapit sa bato habang natutulog?  ,Kalung Batroll meninggalkan tanda apa apabila melekat pada tebing semasa tidur?,Hình trái tim,Hình trái tim,Heart-shaped  ,รูปหัวใจ  ,Berbentuk hati  ,Hugis puso  ,Bentuk hati  ,Circle shape  ,Hình tròn,Circle shape  ,รูปทรงกลม  ,Bentuk lingkaran  ,Hugis bilog  ,Bentuk bulat  ,Helps reduce body fatigue after use  ,Giúp giảm mệt mỏi cơ thể sau khi sử dụng,Helps reduce body fatigue after use  ,ช่วยลดความเมื่อยล้าของร่างกายหลังใช้  ,Membantu mengurangi kelelahan tubuh setelah digunakan  ,Tumutulong magbawas ng pagod ng katawan pagkatapos gamitin  ,Membantu mengurangkan keletihan badan selepas digunakan  ,Square  ,Hình vuông,Square  ,สี่เหลี่ยม  ,Persegi  ,Square  ,Persegi  ,,
247,3,50,334,"In the description below about Lilyroot’s leaf on its head, which sentence is incorrect?  ","Trong mô tả dưới đây về lá trên đầu của Lilyroot, câu nào không chính xác?","In the description below about Lilyroot’s leaf on its head, which sentence is incorrect?  ",ในคำอธิบายด้านล่างเกี่ยวกับใบไม้บนหัวของ Lilyroot ประโยคใดไม่ถูกต้อง?  ,"Dalam deskripsi tentang daun di kepala Lilyroot di bawah ini, kalimat mana yang tidak tepat?  ","Sa paglalarawan sa ibaba tungkol sa dahon sa ulo ni Lilyroot, alin ang hindi tama?  ","Daripada penerangan dibawah tentang daun di atas kepala Lilyroot, mana yang tidak tepat?",Cắn vào ngọt ngào và tươi,Cắn vào ngọt ngào và tươi,Bite into sweetness and freshness  ,กัดแล้วหวานและสดชื่น  ,Gigit terasa manis dan segar  ,Kagat ay matamis at sariwa  ,Gigitannya manis dan segar  ,Very bitter when bitten,Cắn vào rất đắng,Very bitter when bitten,ขมมากเมื่อกัดเข้าไป,Sangat pahit saat digigit,Napakapait kapag kinagat,Sangat pahit apabila digigit  ,Can sense the temperature of objects  ,Có thể cảm nhận nhiệt độ của vật thể,Can sense the temperature of objects  ,สามารถรับรู้ความร้อนของวัตถุ  ,Dapat merasakan suhu benda  ,Kayang maramdaman ang temperatura ng bagay  ,Boleh mengesan suhu objek  ,Used after spirit recovery  ,Sử dụng sau tinh thần khôi phục,Used after spirit recovery  ,ใช้หลังฟื้นฟูวิญญาณ  ,Digunakan setelah pemulihan roh  ,Used after spirit recovery  ,Digunakan setelah pemulihan roh  ,,
248,3,50,335,"In the description below about Crocodile’s eye membrane, which sentence is wrong?  ","Mô tả dưới đây về màng mắt của Crocodile, câu nào sai?","In the description below about Crocodile’s eye membrane, which sentence is wrong?  ",ในคำอธิบายด้านล่างเกี่ยวกับเยื่อตาของ Crocodile ประโยคใดผิด?  ,"Dalam deskripsi tentang membran mata Crocodile di bawah ini, kalimat mana yang salah?  ","Sa paglalarawan sa ibaba tungkol sa membrane ng mata ni Crocodile, alin ang mali?  ","Daripada penerangan tentang membran mata Buaya, yang manakah salah?",Phát sáng vào ban đêm,Phát sáng vào ban đêm,Glows at night  ,เรืองแสงในตอนกลางคืน  ,Bersinar di malam hari  ,Nagliliwanag sa gabi  ,Bersinar pada waktu malam  ,Effectively protects eyes in sandstorms  ,Bảo vệ mắt hiệu quả trong bão cát,Effectively protects eyes in sandstorms  ,ปกป้องดวงตาอย่างมีประสิทธิภาพในพายุทราย  ,Melindungi mata secara efektif saat badai pasir  ,Epektibong pinoprotektahan ang mata sa sandstorm  ,Melindungi mata dengan berkesan semasa ribut pasir  ,"No body, used for decoration  ","Không có cơ thể, dùng để trang trí","No body, used for decoration  ",ไม่มีร่างกาย ใช้สำหรับตกแต่ง  ,"Tidak memiliki tubuh, digunakan untuk dekorasi  ","Walang katawan, gamit pangdekorasyon  ","Tiada badan, digunakan untuk hiasan  ",Can see around even in the dark  ,Trong bóng đêm cũng có thể trông thấy chung quanh,Can see around even in the dark  ,แม้ในความมืดก็เห็นรอบๆ  ,Bisa melihat sekitar walau dalam gelap  ,Can see around even in the dark  ,Bisa melihat sekitar walau dalam gelap  ,,
249,3,50,336,"Crying Mask always carries a mask, what is the function of this mask?  ","Crying Mask lúc nào cũng mang theo một mặt nạ, bởi vì mặt nạ này có tác dụng gì?","Crying Mask always carries a mask, what is the function of this mask?  ",Crying Mask มักจะพกหน้ากากอยู่เสมอ หน้ากากนี้มีหน้าที่อะไร?  ,"Crying Mask selalu membawa topeng, apa fungsi topeng ini?  ","Palaging may dalang maskara si Crying Mask, ano ang gamit ng maskarang ito?  ",Crying Mask sentiasa memakai topeng – apa fungsi topeng tersebut?,Vẫn là khuôn mặt khi còn là con người,Vẫn là khuôn mặt khi còn là con người,Still the face from when it was human  ,ยังคงใบหน้าตอนเป็นมนุษย์  ,Masih wajah saat menjadi manusia  ,Mukha pa rin noong tao pa siya  ,Masih kelihatan seperti semasa menjadi manusia  ,Has great energy  ,Có năng lượng lớn,Has great energy  ,มีพลังงานสูง  ,Memiliki energi besar  ,May malaking enerhiya  ,Mengandungi tenaga yang besar  ,Swellow  ,Swellow,Swellow  ,Swellow  ,Swellow  ,Swellow  ,Swellow  ,"Stuck firmly on the body, impossible to remove  ",Dính sát vào trên thân không cách nào lấy xuống,"Stuck firmly on the body, impossible to remove  ",ติดแน่นบนตัวเอาออกไม่ได้  ,"Menempel erat pada tubuh, tidak bisa dilepas  ","Stuck firmly on the body, impossible to remove  ","Menempel erat pada tubuh, tidak bisa dilepas  ",,
250,3,50,337,"Which spirit is called the ancestor of bird spirits, has wings but cannot fly?  ","Tinh linh nào được gọi là tổ tiên của tinh linh chim, có cánh nhưng không thể bay?","Which spirit is called the ancestor of bird spirits, has wings but cannot fly?  ",วิญญาณใดที่ถูกเรียกว่าเป็นบรรพบุรุษของวิญญาณนก มีปีกแต่บินไม่ได้?  ,"Roh mana yang disebut nenek moyang roh burung, memiliki sayap tetapi tidak bisa terbang?  ","Aling espiritu ang tinatawag na ninuno ng mga espiritu ng ibon, may pakpak ngunit hindi makalipad?  ","Roh manakah dipanggil nenek moyang roh burung, mempunyai sayap tetapi tidak boleh terbang?",Ancient Bird,Ancient Bird,Ancient Bird  ,Ancient Bird  ,Burung Kuno  ,Sinaunang Ibon  ,Burung Purba  ,Pidgey  ,Pidgey,Pidgey  ,Pidgey  ,Pidgey  ,Pidgey  ,Pidgey  ,Flute  ,Sáo,Flute  ,ขลุ่ย  ,Seruling  ,Plawta  ,Seruling  ,Fossil Wing Dragon  ,Hoá thạch Dực Long,Fossil Wing Dragon  ,ฟอสซิลปีกมังกร  ,Fosil sayap naga  ,Fossil Wing Dragon  ,Fosil sayap naga  ,,
251,3,50,338,"Round Wizard is an insect spirit, it creates a pleasant sound by nodding and hitting its antennae. What musical instrument does this sound resemble?  ","Round Wizard là một tinh linh côn trùng, nó tạo ra âm thanh dễ chịu bằng cách gật đầu và đụng vào râu, âm thanh này giống với nhạc cụ nào?","Round Wizard is an insect spirit, it creates a pleasant sound by nodding and hitting its antennae. What musical instrument does this sound resemble?  ",Round Wizard เป็นวิญญาณแมลง มันสร้างเสียงที่ไพเราะด้วยการพยักหน้าและชนหนวด เสียงนี้คล้ายกับเครื่องดนตรีอะไร?  ,"Round Wizard adalah roh serangga, ia menciptakan suara yang menyenangkan dengan menganggukkan kepala dan menyentuh antenanya. Suara ini mirip dengan alat musik apa?  ","Si Round Wizard ay isang espiritu ng insekto, lumilikha ito ng maganda at kaaya-ayang tunog sa pamamagitan ng pag-iling ng ulo at pagtama sa mga antenna. Anong instrumento ang katulad ng tunog na ito?  ",Round Wizard ialah roh serangga – ia mengeluarkan bunyi menyenangkan dengan mengangguk dan mengetuk misainya – bunyi itu menyerupai alat muzik apa?,Xylophone,Xylophone,Xylophone  ,Xylophone  ,Xylophone  ,Xylophone  ,Xilofon  ,Bell  ,Chuông,Bell  ,ระฆัง  ,Lonceng  ,Kampana  ,Lonceng  ,Meteorite is rock and flying types  ,Meteorite là đá và bay thuộc hai hệ,Meteorite is rock and flying types  ,อุกกาบาตเป็นหินและบิน  ,Batuan Meteor dan terbang adalah dua jenis  ,Meteorite ay bato at lumilipad na dalawang uri  ,Meteor adalah batu dan terbang dua jenis  ,Angle steel  ,Thép góc,Angle steel  ,เหล็กมุม  ,Baja sudut  ,Angle steel  ,Baja sudut  ,,
252,3,50,339,Where is the description about Little Meteor wrong?  ,Mô tả dưới đây về Little Meteor là sai ở đâu?,Where is the description about Little Meteor wrong?  ,คำอธิบายเกี่ยวกับ Little Meteor ผิดตรงไหน?  ,Di mana deskripsi tentang Little Meteor salah?  ,Saan mali ang paglalarawan tungkol kay Little Meteor?  ,"Dalam penerangan tentang Little Meteor, di mana kesalahannya?",Một thiên thạch nhỏ vỡ vỏ trở nên nặng hơn,Một thiên thạch nhỏ vỡ vỏ trở nên nặng hơn,A small meteorite becomes heavier after breaking its shell  ,อุกกาบาตเล็กหนักขึ้นหลังเปลือกแตก  ,Meteorit kecil menjadi lebih berat setelah pecah  ,Maliit na meteorite ay bumigat matapos mabasag ang balat  ,Meteorit kecil menjadi berat selepas kulitnya pecah  ,Core of a small meteor with 7 colors  ,Lõi của thiên thạch nhỏ có 7 màu,Core of a small meteor with 7 colors  ,แกนกลางของอุกกาบาตเล็ก 7 สี  ,Inti dari meteorit kecil dengan 7 warna  ,Ubod ng maliit na meteorite na may 7 kulay  ,Teras meteorit kecil dengan 7 warna  ,Akala Island  ,Akala Island,Akala Island  ,เกาะ Akala  ,Pulau Akala  ,Isla ng Akala  ,Pulau Akala  ,Little meteorite corpse outside absorbs lots of dust particles to form  ,Nhỏ sao băng xác ngoài là hấp thụ rất nhiều bụi hạt hình thành,Little meteorite corpse outside absorbs lots of dust particles to form  ,ซากดาวตกเล็กนอกดูดฝุ่นจำนวนมากก่อตัว  ,Mayat meteor kecil di luar menyerap banyak debu membentuk  ,Little meteorite corpse outside absorbs lots of dust particles to form  ,Mayat meteor kecil di luar menyerap banyak debu membentuk  ,,
253,3,50,340,"In the animated series, the Alola region has many islands, each guarded by a spirit. Which island does Kapo-Moo-Moo protect?  ","Trong bộ phim hoạt hình, khu vực Alola có rất nhiều hòn đảo, mỗi hòn đảo đều có một tinh linh bảo vệ. Kapo-Moo-Moo bảo vệ hòn đảo nào?","In the animated series, the Alola region has many islands, each guarded by a spirit. Which island does Kapo-Moo-Moo protect?  ",ในซีรีส์แอนิเมชัน ภูมิภาคอะโลลามีหลายเกาะ แต่ละเกาะมีวิญญาณคอยปกป้อง เกาะไหนที่ Kapo-Moo-Moo ปกป้อง?  ,"Dalam serial animasi, wilayah Alola memiliki banyak pulau, masing-masing dijaga oleh roh. Pulau mana yang dijaga oleh Kapo-Moo-Moo?  ","Sa animated series, maraming mga isla sa Alola region, bawat isa ay pinangangalagaan ng isang espiritu. Aling isla ang pinoprotektahan ng Kapo-Moo-Moo?  ","Dalam filem animasi, di rantau Alola terdapat banyak pulau, setiap satu dijaga oleh roh. Pulau manakah dijaga oleh Kapo-Moo-Moo?",Ulura Island,Ulura Island,Ulura Island  ,Ulura Island  ,Pulau Ulura  ,Isla ng Ulura  ,Pulau Ulura  ,Poni Island  ,Poni Island,Poni Island  ,เกาะโพนี  ,Pulau Poni  ,Poni Island  ,Pulau Poni  ,Ash Ketchum  ,Ash Ketchum,Ash Ketchum  ,Ash Ketchum  ,Ash Ketchum  ,Ash Ketchum  ,Ash Ketchum  ,"Beautiful, happy, beautiful, happy island  ",Đẹp vui đẹp vui đảo,"Beautiful, happy, beautiful, happy island  ",สวยงาม สนุกสนาน สวยงาม สนุกสนาน เกาะ  ,"Indah, bahagia, indah, bahagia pulau  ","Beautiful, happy, beautiful, happy island  ","Indah, bahagia, indah, bahagia pulau  ",,
254,3,50,340,"In the animated movie “Seven Nights of Wish Star - Jirachi,” who awakens Jirachi with their pure heart?  ","Trong bộ phim hoạt hình “Seven Nights of Wish Star - Jirachi”, ai là người đánh thức Jirachi bằng trái tim thuần khiết của mình?","In the animated movie “Seven Nights of Wish Star - Jirachi,” who awakens Jirachi with their pure heart?  ",ในภาพยนตร์แอนิเมชัน “Seven Nights of Wish Star - Jirachi” ใครเป็นคนปลุก Jirachi ด้วยใจที่บริสุทธิ์?  ,"Dalam film animasi “Seven Nights of Wish Star - Jirachi,” siapa yang membangunkan Jirachi dengan hati murninya?  ","Sa animated movie na “Seven Nights of Wish Star - Jirachi,” sino ang nagising kay Jirachi gamit ang kanilang dalisay na puso?  ","Dalam filem animasi “Seven Nights of Wish Star - Jirachi”, siapakah yang membangunkan Jirachi dengan hati yang suci?",Little Win,Little Win,Little Win  ,ลิตเติ้ลวิน  ,Kemenangan Kecil  ,Maliit na Panalo  ,Kemenangan Kecil  ,Satoshi (Ash)  ,Satoshi (Ash),Satoshi (Ash)  ,ซาโตชิ (แอช)  ,Satoshi (Ash)  ,Satoshi (Ash)  ,Satoshi (Ash)  ,Quito Sharmas  ,Quito Sharmas,Quito Sharmas  ,Quito Sharmas  ,Quito Sharmas  ,Quito Sharmas  ,Quito Sharmas  ,Little Strong,Tiểu Cương,Little Strong,เล็กแข็งแกร่ง,Kecil Kuat,Maliit na Malakas,Kecil Kuat,,
255,3,50,340,"In the animated movie “Mewtwo and the Wave of Courage,” who is called the “Hero of the Wave Path” in the ancient spirit battle?  ","Trong bộ phim hoạt hình “Mewtwo and the Wave of Courage”, ai được gọi là “Anh hùng của sóng đạo” trong cuộc chiến tinh linh cổ xưa?","In the animated movie “Mewtwo and the Wave of Courage,” who is called the “Hero of the Wave Path” in the ancient spirit battle?  ",ในภาพยนตร์แอนิเมชัน “Mewtwo and the Wave of Courage” ใครถูกเรียกว่า “วีรบุรุษแห่งเส้นทางคลื่น” ในการต่อสู้ของวิญญาณโบราณ?  ,"Dalam film animasi “Mewtwo and the Wave of Courage,” siapa yang disebut “Pahlawan Jalur Gelombang” dalam pertempuran roh kuno?  ","Sa animated movie na “Mewtwo and the Wave of Courage,” sino ang tinatawag na “Bayani ng Daan ng Alon” sa sinaunang laban ng mga espiritu?  ","Dalam filem animasi “Mewtwo and the Wave of Courage”, siapakah yang dipanggil “Wira Gelombang Aura” dalam peperangan roh purba?",Aaron,Aaron,Aaron  ,Aaron  ,Aaron  ,Aaron  ,Aaron  ,May  ,May,May  ,เมย์  ,May  ,May  ,May  ,Meowth and Chimecho  ,Meowth và Chimecho,Meowth and Chimecho  ,Meowth และ Chimecho  ,Meowth dan Chimecho  ,Meowth at Chimecho  ,Meowth dan Chimecho  ,Ma Ni ni,Ma Ni ni,Ma Ni ni,มา นิ นิ,Ma Ni ni,Ma Ni ni,Ma Ni ni,,
256,3,50,340,"In the animated movie “Mewtwo and the Wave of Courage,” which two spirits did Mewtwo suddenly take away?  ","Trong bộ phim hoạt hình “Mewtwo and the Wave of Courage”, Mewtwo đột nhiên xuất hiện và đưa đi hai tinh linh nào?","In the animated movie “Mewtwo and the Wave of Courage,” which two spirits did Mewtwo suddenly take away?  ",ในภาพยนตร์แอนิเมชัน “Mewtwo and the Wave of Courage” วิญญาณสองตัวใดที่ Mewtwo พาไปอย่างกะทันหัน?  ,"Dalam film animasi “Mewtwo and the Wave of Courage,” roh mana dua yang tiba-tiba dibawa oleh Mewtwo?  ","Sa animated movie na “Mewtwo and the Wave of Courage,” anong dalawang espiritu ang biglang dinala ni Mewtwo?  ","Dalam filem animasi “Mewtwo and the Wave of Courage”, dua roh apakah yang tiba-tiba dibawa pergi oleh Mewtwo?",Pikachu và Meowth,Pikachu và Meowth,Pikachu and Meowth  ,พิคาชูและเมียวท์  ,Pikachu dan Meowth  ,Pikachu at Meowth  ,Pikachu dan Meowth  ,Pikachu and Treecko  ,Pikachu và Treecko,Pikachu and Treecko  ,Pikachu และ Treecko  ,Pikachu dan Treecko  ,Pikachu at Treecko  ,Pikachu dan Treecko  ,Palkia,Palkia,Palkia,Palkia,Palkia,Palkia,Palkia,"As expected, you and Pikachu",Quả nhiên ông cùng Pikachu,"As expected, you and Pikachu",อย่างที่คิด คุณกับปิกาจู,"Seperti yang diduga, kamu dan Pikachu","Tulad ng inaasahan, ikaw at si Pikachu","Seperti yang dijangka, kamu dan Pikachu",,
257,3,50,340,"In the animated movie “Battle in the Tower of Time,” which spirit appears causing nightmares and making other spirits faint?  ","Trong bộ phim hoạt hình “Battle in the Tower of Time”, tinh linh nào xuất hiện gây ra ác mộng và khiến các tinh linh ngất đi?","In the animated movie “Battle in the Tower of Time,” which spirit appears causing nightmares and making other spirits faint?  ",ในภาพยนตร์แอนิเมชัน “Battle in the Tower of Time” วิญญาณใดปรากฏตัวก่อให้เกิดฝันร้ายและทำให้วิญญาณตัวอื่นหมดสติ?  ,"Dalam film animasi “Battle in the Tower of Time,” roh mana yang muncul menyebabkan mimpi buruk dan membuat roh-roh lain pingsan?  ","Sa animated movie na “Battle in the Tower of Time,” aling espiritu ang lumitaw na nagdulot ng mga bangungot at nagpahina sa ibang mga espiritu?  ","Dalam filem animasi “Battle in the Tower of Time”, roh manakah yang muncul dan menyebabkan mimpi buruk hingga semua roh pengsan?",Darkrai,Darkrai,Darkrai  ,Darkrai  ,Darkrai  ,Darkrai  ,Darkrai  ,Dialga  ,Dialga,Dialga  ,Dialga  ,Dialga  ,Dialga  ,Dialga  ,Mew  ,Mew,Mew  ,Mew  ,Mew  ,Mew  ,Mew  ,Scarf,Hồ khăn,Scarf,ผ้าพันคอ,Syal,Panyo,Skaf,,
258,3,50,341,"In the animated movie “Arceus and the Jewel of Life,” which legendary spirit appears after Arceus, Dialga, Palkia, and Giratina?  ","Trong bộ phim hoạt hình “Arceus and the Jewel of Life”, tinh linh huyền thoại nào xuất hiện sau Arceus, Dialga, Palkia và Giratina?","In the animated movie “Arceus and the Jewel of Life,” which legendary spirit appears after Arceus, Dialga, Palkia, and Giratina?  ","ในภาพยนตร์แอนิเมชัน “Arceus and the Jewel of Life” วิญญาณในตำนานตัวใดปรากฏหลังจาก Arceus, Dialga, Palkia และ Giratina?  ","Dalam film animasi “Arceus and the Jewel of Life,” roh legendaris mana yang muncul setelah Arceus, Dialga, Palkia, dan Giratina?  ","Sa animated movie na “Arceus and the Jewel of Life,” anong maalamat na espiritu ang lumitaw pagkatapos nina Arceus, Dialga, Palkia, at Giratina?  ","Dalam filem animasi “Arceus and the Jewel of Life”, roh lagenda manakah yang muncul selepas Arceus, Dialga, Palkia dan Giratina?",Sidolyn,Sidolyn,Sidolyn  ,Sidolyn  ,Sidolyn  ,Sidolyn  ,Sidolyn  ,Mewtwo  ,Mewtwo,Mewtwo  ,Mewtwo  ,Mewtwo  ,Mewtwo  ,Mewtwo  ,May  ,May,May  ,May  ,May  ,May  ,May  ,Pull a lot,Cố kéo nhiều,Pull a lot,ดึงมาก,Tarik banyak,Hilahin nang marami,Tarik banyak,,
259,3,50,341,"In the animated movie “Pokémon Ranger and the Prince of the Sea,” who did Manaphy accept as its mother?  ","Trong bộ phim hoạt hình “Pokémon Ranger and the Prince of the Sea”, Manaphy đã nhận ai là mẹ của mình?","In the animated movie “Pokémon Ranger and the Prince of the Sea,” who did Manaphy accept as its mother?  ",ในภาพยนตร์แอนิเมชัน “Pokémon Ranger and the Prince of the Sea” ใครที่ Manaphy รับเป็นแม่ของมัน?  ,"Dalam film animasi “Pokémon Ranger and the Prince of the Sea,” siapa yang diterima Manaphy sebagai ibunya?  ","Sa animated movie na “Pokémon Ranger and the Prince of the Sea,” sino ang tinanggap ni Manaphy bilang kanyang ina?  ","Dalam filem animasi “Pokémon Ranger and the Prince of the Sea”, siapakah yang Manaphy anggap sebagai ibunya?",May,May,May  ,เมย์  ,May  ,May  ,May  ,Satoshi  ,Satoshi,Satoshi  ,ซาโตชิ  ,Satoshi  ,Satoshi  ,Satoshi  ,Kyogre  ,Kyogre,Kyogre  ,Kyogre  ,Kyogre  ,Kyogre  ,Kyogre  ,Small win,Nhỏ thắng,Small win,ชนะเล็ก,Kecil menang,Maliit na panalo,Kecil menang,,
260,3,50,341,"In the animated movie “Visitor from the Sky - Deoxys,” who is Deoxys' battle opponent?  ","Trong bộ phim hoạt hình “Visitor from the Sky - Deoxys”, đối thủ chiến đấu của Deoxys là ai?","In the animated movie “Visitor from the Sky - Deoxys,” who is Deoxys' battle opponent?  ",ในภาพยนตร์แอนิเมชัน “Visitor from the Sky - Deoxys” คู่ต่อสู้ของ Deoxys คือใคร?  ,"Dalam film animasi “Visitor from the Sky - Deoxys,” siapa lawan bertarung Deoxys?  ","Sa animated movie na “Visitor from the Sky - Deoxys,” sino ang kalaban ni Deoxys sa laban?  ","Dalam filem animasi “Visitor from the Sky - Deoxys”, siapakah lawan bertarung Deoxys?",Giratina,Giratina,Giratina  ,Giratina  ,Giratina  ,Giratina  ,Giratina  ,Groudon  ,Groudon,Groudon  ,Groudon  ,Groudon  ,Groudon  ,Groudon  ,"Regirock, Regice, Registeel  ","Regirock, Regice, Registeel","Regirock, Regice, Registeel  ","Regirock, Regice, Registeel  ","Regirock, Regice, Registeel  ","Regirock, Regice, Registeel  ","Regirock, Regice, Registeel  ",Phoenix King,Phượng vương,Phoenix King,ราชาไฟนิกซ์,Raja Phoenix,Hari ng Phoenix,Raja Phoenix,,
261,3,50,341,"In the animated movie “Phantom Ruler - Zoroark,” which divine spirits attacked on the streets?  ","Trong bộ phim hoạt hình “Phantom Ruler - Zoroark”, những tinh linh thần nào đã tấn công trên đường phố?","In the animated movie “Phantom Ruler - Zoroark,” which divine spirits attacked on the streets?  ",ในภาพยนตร์แอนิเมชัน “Phantom Ruler - Zoroark” วิญญาณศักดิ์สิทธิ์ตัวใดโจมตีบนถนน?  ,"Dalam film animasi “Phantom Ruler - Zoroark,” roh ilahi mana yang menyerang di jalanan?  ","Sa animated movie na “Phantom Ruler - Zoroark,” anong mga banal na espiritu ang umatake sa mga kalye?  ","Dalam filem animasi “Phantom Ruler - Zoroark”, roh legenda manakah yang menyerang di jalan raya?","Raikou, Entei, Suicune","Raikou, Entei, Suicune","Raikou, Entei, Suicune  ","Raikou, Entei, Suicune  ","Raikou, Entei, Suicune  ","Raikou, Entei, Suicune  ","Raikou, Entei, Suicune  ","Articuno, Zapdos, Moltres  ","Articuno, Zapdos, Moltres","Articuno, Zapdos, Moltres  ","Articuno, Zapdos, Moltres  ","Articuno, Zapdos, Moltres  ","Articuno, Zapdos, Moltres  ","Articuno, Zapdos, Moltres  ","Groudon, Kyogre  ","Groudon, Kyogre","Groudon, Kyogre  ","Groudon, Kyogre  ","Groudon, Kyogre  ","Groudon, Kyogre  ","Groudon, Kyogre  ","Emperor Fang Luka, Lucci scarf, ride and pull emperor payment","Đế răng Luka, khăn Lucci á, cưỡi kéo đế nạp","Emperor Fang Luka, Lucci scarf, ride and pull emperor payment","จักรพรรดิ ฟัน ลูคา, ผ้าพันคอ ลูชี, ขี่และดึงจักรพรรดิ","Gigi Kaisar Luka, syal Lucci, naik dan tarik pembayaran kaisar","Emperor Fang Luka, Lucci panyo, sakyan at hilahin ang bayad ng emperador","Gigi Maharaja Luka, skaf Lucci, tunggang dan tarik bayaran maharaja",,
262,3,50,341,"In the animated movie “Kyurem vs the Sacred Sword - Keldeo,” whose power can Kyurem combine with to transform?  ","Trong bộ phim hoạt hình “Kyurem vs the Sacred Sword - Keldeo”, Kyurem có thể kết hợp sức mạnh của ai để biến hình?","In the animated movie “Kyurem vs the Sacred Sword - Keldeo,” whose power can Kyurem combine with to transform?  ",ในภาพยนตร์แอนิเมชัน “Kyurem vs the Sacred Sword - Keldeo” Kyurem สามารถรวมพลังกับใครเพื่อเปลี่ยนรูปร่าง?  ,"Dalam film animasi “Kyurem vs the Sacred Sword - Keldeo,” kekuatan siapa yang dapat digabungkan Kyurem untuk bertransformasi?  ","Sa animated movie na “Kyurem vs the Sacred Sword - Keldeo,” kaninong kapangyarihan maaaring pagsamahin ni Kyurem upang magbago ng anyo?  ","Dalam filem animasi “Kyurem vs the Sacred Sword - Keldeo”, Kyurem boleh menggabungkan kuasa siapa untuk berubah bentuk?","Zekrom, Reshiram","Zekrom, Reshiram","Zekrom, Reshiram  ","Zekrom, Reshiram  ","Zekrom, Reshiram  ","Zekrom, Reshiram  ","Zekrom, Reshiram  ","Palkia, Dialga  ","Palkia, Dialga","Palkia, Dialga  ","Palkia, Dialga  ","Palkia, Dialga  ","Palkia, Dialga  ","Palkia, Dialga  ",Giratina  ,Giratina,Giratina  ,Giratina  ,Giratina  ,Giratina  ,Giratina  ,"Dream illusion, super dream","Mộng ảo, siêu mộng","Dream illusion, super dream","ฝันลวง, ฝันขั้นเทพ","Mimpi ilusi, mimpi super","Pangarap ilusyon, super pangarap","Mimpi ilusi, mimpi super",,
263,3,50,342,"In the animated movie “Arceus and the Jewel of Life,” who helped Ash and his friends travel through time?  ","Trong bộ phim hoạt hình “Arceus and the Jewel of Life”, ai đã giúp Ash và các bạn xuyên qua thời gian?","In the animated movie “Arceus and the Jewel of Life,” who helped Ash and his friends travel through time?  ",ในภาพยนตร์แอนิเมชัน “Arceus and the Jewel of Life” ใครช่วย Ash และเพื่อนๆ ข้ามเวลาหรือเดินทางผ่านเวลา?  ,"Dalam film animasi “Arceus and the Jewel of Life,” siapa yang membantu Ash dan teman-temannya melakukan perjalanan waktu?  ","Sa animated movie na “Arceus and the Jewel of Life,” sino ang tumulong kay Ash at sa kanyang mga kaibigan na maglakbay sa oras?  ","Dalam filem animasi “Arceus and the Jewel of Life”, siapakah yang membantu Ash dan rakan-rakannya menyeberangi masa?",Dialga,Dialga,Dialga  ,Dialga  ,Dialga  ,Dialga  ,Dialga  ,Palkia  ,Palkia,Palkia  ,Palkia  ,Palkia  ,Palkia  ,Palkia  ,Because of the ability to travel through time  ,Vì có khả năng du hành thời gian,Because of the ability to travel through time  ,เพราะมีความสามารถเดินทางข้ามกาลเวลา  ,Karena kemampuan untuk melakukan perjalanan waktu  ,Dahil sa kakayahang maglakbay sa oras  ,Kerana kemampuan melancong masa  ,Al Zeus,Al Zeus,Al Zeus,อัล ซีอุส,Al Zeus,Al Zeus,Al Zeus,,
264,3,50,342,"In the animated movie “Giratina and the Sky Bouquet,” why does Giratina chase Dialga?  ","Trong bộ phim hoạt hình “Giratina and the Sky Bouquet”, lý do gì khiến Giratina truy đuổi Dialga?","In the animated movie “Giratina and the Sky Bouquet,” why does Giratina chase Dialga?  ",ในภาพยนตร์แอนิเมชัน “Giratina and the Sky Bouquet” เหตุผลอะไรที่ทำให้ Giratina ไล่ตาม Dialga?  ,"Dalam film animasi “Giratina and the Sky Bouquet,” mengapa Giratina mengejar Dialga?  ","Sa animated movie na “Giratina and the Sky Bouquet,” bakit hinahabol ni Giratina si Dialga?  ","Dalam filem animasi “Giratina and the Sky Bouquet”, apakah sebab Giratina mengejar Dialga?",Vì thế giới đảo ngược bị ô nhiễm,Vì thế giới đảo ngược bị ô nhiễm,Because the Reverse World is polluted  ,เพราะโลกกลับด้านมีมลพิษ  ,Karena dunia terbalik tercemar  ,Dahil marumi ang Mundo ng Đảo ng Baliktad  ,Kerana Dunia Terbalik telah dicemari  ,Because of past conflicts  ,Vì những mâu thuẫn trong quá khứ,Because of past conflicts  ,เพราะความขัดแย้งในอดีต  ,Karena konflik di masa lalu  ,Dahil sa mga alitan noon  ,Disebabkan oleh konflik dahulu  ,Strawberry Cake  ,Strawberry Cake,Strawberry Cake  ,Strawberry Cake  ,Strawberry Cake  ,Strawberry Cake  ,Strawberry Cake  ,Take back Emperor Fang Luka on the body some items,Đoạt lại đế răng Luka trên thân một ít vật phẩm,Take back Emperor Fang Luka on the body some items,ยึดคืนจักรพรรดิ ฟัน ลูคาบนร่างด้วยของบางอย่าง,Mengambil kembali Gigi Kaisar Luka di tubuh dengan beberapa barang,Balikan ang Emperor Fang Luka sa katawan ng ilang bagay,Ambil kembali Gigi Maharaja Luka di tubuh beberapa barang,,
265,3,50,342,"In the animated movie “The Aura of the Super Magician,” what is Hoopa's favorite food?  ","Trong bộ phim hoạt hình “The Aura of the Super Magician”, món ăn yêu thích của Hoopa là gì?","In the animated movie “The Aura of the Super Magician,” what is Hoopa's favorite food?  ",ในภาพยนตร์แอนิเมชัน “The Aura of the Super Magician” อาหารโปรดของ Hoopa คืออะไร?  ,"Dalam film animasi “The Aura of the Super Magician,” apa makanan favorit Hoopa?  ","Sa animated movie na “The Aura of the Super Magician,” ano ang paboritong pagkain ni Hoopa?  ","Dalam filem animasi “The Aura of the Super Magician”, apakah makanan kegemaran Hoopa?",Donut,Donut,Donut  ,โดนัท  ,Donat  ,Donut  ,Donat  ,Macaron  ,Macaron,Macaron  ,มาการอง  ,Macaron  ,Macaron  ,Macaron  ,Positive Electric Clap  ,Positive Electric Clap,Positive Electric Clap  ,Positive Electric Clap  ,Positive Electric Clap  ,Positive Electric Clap  ,Positive Electric Clap  ,Bread shirt layer,Lớp đường áo bánh mì,Bread shirt layer,ชั้นเสื้อขนมปัง,Lapisan baju roti,Layer ng tinapay na damit,Lapisan baju roti,,
266,3,50,342,"In the animated movie “The Emperor of the Crystal Tower,” when Ash and Misty say goodbye and May receives a spirit, which spirit is it?  ","Trong bộ phim hoạt hình “The Emperor of the Crystal Tower”, khi Ash và Misty chia tay, và May nhận được một tinh linh, nó là tinh linh nào?","In the animated movie “The Emperor of the Crystal Tower,” when Ash and Misty say goodbye and May receives a spirit, which spirit is it?  ",ในภาพยนตร์แอนิเมชัน “The Emperor of the Crystal Tower” เมื่อ Ash และ Misty กล่าวอำลา และ May ได้รับวิญญาณ มันคือวิญญาณตัวใด?  ,"Dalam film animasi “The Emperor of the Crystal Tower,” saat Ash dan Misty berpisah dan May menerima roh, roh mana itu?  ","Sa animated movie na “The Emperor of the Crystal Tower,” nang magpaalam sina Ash at Misty at tumanggap ng espiritu si May, anong espiritu iyon?  ","Dalam filem animasi “The Emperor of the Crystal Tower”, semasa Ash dan Misty berpisah, dan May menerima satu roh, roh itu ialah roh apa?",Bear Baby,Bear Baby,Bear Baby  ,หมีน้อย  ,Bayi Beruang  ,Batang Oso  ,Anak Beruang  ,Pichu  ,Pichu,Pichu  ,Pichu  ,Pichu  ,Pichu  ,Pichu  ,Celebi  ,Celebi,Celebi  ,Celebi  ,Celebi  ,Celebi  ,Celebi  ,Three big butterflies,Ba lớn bướm,Three big butterflies,ผีเสื้อสามตัวใหญ่,Tiga kupu-kupu besar,Tatlong malalaking paru-paro,Tiga rama-rama besar,,
267,3,50,342,"In the animated movie “Mewtwo and the Wave of Courage - Lucario,” who saved Ash when he was swallowed by the Origin Tree?  ","Trong bộ phim hoạt hình “Mewtwo and the Wave of Courage - Lucario”, ai đã cứu Ash khi anh ấy bị nuốt vào Cây Khởi Nguyên?","In the animated movie “Mewtwo and the Wave of Courage - Lucario,” who saved Ash when he was swallowed by the Origin Tree?  ",ในภาพยนตร์แอนิเมชัน “Mewtwo and the Wave of Courage - Lucario” ใครช่วย Ash เมื่อเขาถูกกลืนโดยต้นกำเนิด?  ,"Dalam film animasi “Mewtwo and the Wave of Courage - Lucario,” siapa yang menyelamatkan Ash saat dia tertelan oleh Pohon Asal?  ","Sa animated movie na “Mewtwo and the Wave of Courage - Lucario,” sino ang sumagip kay Ash nang siya ay nilamon ng Origin Tree?  ","Dalam filem animasi “Mewtwo and the Wave of Courage - Lucario”, siapakah yang menyelamatkan Ash ketika dia ditelan oleh Pokok Asal?",Mew,Mew,Mew  ,Mew  ,Mew  ,Mew  ,Mew  ,Mewtwo  ,Mewtwo,Mewtwo  ,Mewtwo  ,Mewtwo  ,Mewtwo  ,Mewtwo  ,Earth's orbit time around the sun  ,Thời gian quay quanh mặt trời của Trái Đất,Earth's orbit time around the sun  ,เวลาที่โลกโคจรรอบดวงอาทิตย์  ,Waktu orbit bumi mengelilingi matahari  ,Oras ng pag-ikot ng mundo sa araw  ,Masa orbit Bumi mengelilingi matahari  ,Pikachu,Pikachu,Pikachu,ปิกาจู,Pikachu,Pikachu,Pikachu,,
268,1,50,160,<General knowledge> What does “one day” mean when we talk about it?  ,"<Kiến thức chung> Khi chúng ta nói về “một ngày”, điều đó có nghĩa là gì?",<General knowledge> What does “one day” mean when we talk about it?  ,<ความรู้ทั่วไป> เมื่อเราพูดถึง “หนึ่งวัน” หมายความว่าอย่างไร?  ,<Pengetahuan umum> Apa arti “satu hari” ketika kita membicarakannya?  ,<Pangunahing kaalaman> Ano ang ibig sabihin ng “isang araw” kapag pinag-uusapan natin ito?  ,"Apabila kita bercakap tentang “satu hari”, itu bermaksud apa?",Thời gian một vòng quay của trái đất,Thời gian một vòng quay của trái đất,Time for one rotation of the Earth  ,เวลาที่โลกหมุนรอบตัวเองหนึ่งรอบ  ,Waktu rotasi satu putaran bumi  ,Oras ng isang pag-ikot ng mundo  ,Masa untuk satu pusingan dunia  ,Time for Earth to orbit the Sun once  ,Thời gian Trái Đất quay một vòng quanh Mặt Trời,Time for Earth to orbit the Sun once  ,เวลาที่โลกหมุนรอบดวงอาทิตย์หนึ่งรอบ  ,Waktu yang dibutuhkan Bumi mengelilingi Matahari sekali  ,Panahon ng pag-ikot ng Earth sa paligid ng Araw  ,Tempoh putaran Bumi mengelilingi Matahari  ,NBA  ,NBA,NBA  ,NBA  ,NBA  ,NBA  ,NBA  ,Earth rotates half a week time,Địa Cầu tự quay nửa tuần thời gian,Earth rotates half a week time,โลกหมุนครึ่งสัปดาห์,Bumi berputar setengah minggu waktu,Bumabalik ang mundo ng kalahating linggo,Bumi berputar separuh minggu,,
269,1,50,161,<General knowledge> What does CPU stand for in computers?  ,<Kiến thức chung> CPU của máy tính viết tắt là gì?,<General knowledge> What does CPU stand for in computers?  ,<ความรู้ทั่วไป> CPU ในคอมพิวเตอร์ย่อมาจากอะไร?  ,<Pengetahuan umum> Apa kepanjangan CPU pada komputer?  ,<Pangunahing kaalaman> Ano ang ibig sabihin ng CPU sa computer?  ,CPU dalam komputer ialah singkatan bagi apa?,CPU,CPU,CPU  ,CPU  ,CPU  ,CPU  ,CPU  ,GDP  ,GDP,GDP  ,GDP  ,PDB  ,GDP  ,KDNK  ,Iron  ,Sắt,Iron  ,เหล็ก  ,Besi  ,Bakal  ,Zat besi  ,CPV,CPV,CPV,CPV,CPV,CPV,CPV,,
270,1,50,162,"<General knowledge> Which is heavier, one kilogram of iron or one kilogram of wood?  ",<Kiến thức chung> Một kilogram sắt và một kilogram gỗ cái nào nặng hơn?,"<General knowledge> Which is heavier, one kilogram of iron or one kilogram of wood?  ",<ความรู้ทั่วไป> หนึ่งกิโลกรัมของเหล็กกับหนึ่งกิโลกรัมของไม้ อันไหนหนักกว่ากัน?  ,"<Pengetahuan umum> Mana yang lebih berat, satu kilogram besi atau satu kilogram kayu?  ","<Pangunahing kaalaman> Alin ang mas mabigat, isang kilo ng bakal o isang kilo ng kahoy?  ","Antara satu kilogram besi dan satu kilogram kayu, mana lebih berat?",Cùng trọng lượng,Cùng trọng lượng,Same weight  ,น้ำหนักเท่ากัน  ,Bobot yang sama  ,Parehong timbang  ,Berat yang sama  ,Wood  ,Gỗ,Wood  ,ไม้  ,Kayu  ,Kahoy  ,Kayu  ,Protein  ,Protein,Protein  ,โปรตีน  ,Protein  ,Protina  ,Protein  ,Cannot compare,Không thể so sánh,Cannot compare,ไม่สามารถเปรียบเทียบ,Tidak bisa dibandingkan,Hindi maihahambing,Tidak boleh dibandingkan,,
271,2,50,346,<General knowledge> Which product in the photosynthesis process is not synthesized in the chloroplast?  ,<Kiến thức chung> Sản phẩm nào trong quá trình quang hợp không được tổng hợp trong lục lạp?,<General knowledge> Which product in the photosynthesis process is not synthesized in the chloroplast?  ,<ความรู้ทั่วไป> ผลิตภัณฑ์ใดในกระบวนการสังเคราะห์ด้วยแสงที่ไม่ได้ถูกสร้างขึ้นในคลอโรพลาสต์?  ,<Pengetahuan umum> Produk apa dalam proses fotosintesis yang tidak disintesis di kloroplas?  ,<Pangunahing kaalaman> Anong produkto sa proseso ng photosynthesis ang hindi ginawa sa chloroplast?  ,Apakah produk yang tidak disintesis dalam kloroplas semasa fotosintesis?,Saccarose,Saccarose,Sucrose  ,ซูโครส  ,Sukrosa  ,Sukrosa  ,Sukrosa  ,Starch  ,Tinh bột,Starch  ,แป้ง  ,Pati  ,Almirol  ,Kanji  ,"When an object falls freely, inertia is lost  ","Khi vật thể làm rơi tự do, quán tính mất đi","When an object falls freely, inertia is lost  ",เมื่อวัตถุร่วงอิสระ ความเฉื่อยจะสูญเสีย  ,"Ketika benda jatuh bebas, inersia hilang  ","Kapag ang bagay ay bumagsak ng malaya, nawawala ang inertia  ","Apabila objek jatuh bebas, inersia hilang  ",Pure quality,Son chất,Pure quality,คุณภาพบริสุทธิ์,Kualitas murni,Purong kalidad,Kualiti tulen,,
272,2,50,347,<General knowledge> Which statement about inertia is correct?  ,<Kiến thức chung> Câu nào đúng về quán tính?,<General knowledge> Which statement about inertia is correct?  ,<ความรู้ทั่วไป> ข้อใดถูกต้องเกี่ยวกับความเฉื่อย?  ,<Pengetahuan umum> Pernyataan mana yang benar tentang inersia?  ,<Pangunahing kaalaman> Alin sa mga pahayag tungkol sa inertia ang tama?  ,Pernyataan manakah yang betul mengenai inersia?,Vật thể có khối lượng càng lớn thì quán tính càng lớn,Vật thể có khối lượng càng lớn thì quán tính càng lớn,"The greater the mass, the greater the inertia  ",วัตถุยิ่งมีมวลมาก ความเฉื่อยยิ่งมาก  ,"Semakin besar massa, semakin besar inersia  ","Mas mabigat ang bagay, mas malaki ang inertia  ","Semakin berat sesuatu benda, semakin besar inersia  ",Greater force leads to greater inertia,"Lực tác động càng lớn, quán tính càng lớn",Greater force leads to greater inertia,แรงมาก อินมาก,"Semakin besar gaya, semakin besar inersia","Mas malakas ang puwersa, mas malaki ang inertia","Lebih kuat daya, lebih besar inersia  ",5,5,5,5,5,5,5,"The greater the speed of the object, the greater the inertia","Vật thể tốc độ càng lớn, quán tính càng lớn","The greater the speed of the object, the greater the inertia",วัตถุที่มีความเร็วสูง ยิ่งมีความเฉื่อยมากขึ้น,"Semakin besar kecepatan benda, semakin besar inersia","Mas mabilis ang bagay, mas malaki ang inertia","Semakin tinggi kelajuan objek, semakin tinggi inersia",,
273,2,50,349,<General knowledge> What is the 12th digit of pi?  ,<Kiến thức chung> Số pi có chữ số thứ 12 là bao nhiêu?,<General knowledge> What is the 12th digit of pi?  ,<ความรู้ทั่วไป> ตัวเลขตำแหน่งที่ 12 ของค่าพายคืออะไร?  ,<Pengetahuan umum> Apa digit ke-12 dari pi?  ,<Pangunahing kaalaman> Ano ang ika-12 na digit ng pi?  ,Apakah angka ke-12 dalam nombor pi?,9,9,9,9,9,9,9,9,8,9,10,11,12,12,MAC  ,MAC,MAC  ,MAC  ,MAC  ,MAC  ,MAC  ,4,4,4,4,4,4,4,,
274,2,50,354,<General knowledge> What does LAN stand for?  ,<Kiến thức chung> Mạng LAN viết tắt của từ gì?,<General knowledge> What does LAN stand for?  ,<ความรู้ทั่วไป> LAN ย่อมาจากอะไร?  ,<Pengetahuan umum> Apa kepanjangan LAN?  ,<Pangunahing kaalaman> Ano ang ibig sabihin ng LAN?  ,LAN ialah singkatan bagi apa?,LAN,LAN,LAN,LAN,LAN,LAN,LAN  ,ADSL,ADSL,ADSL,ADSL,ADSL,ADSL,ADSL  ,38,38,38,38,38,38,38,Internet,Internet,Internet,อินเทอร์เน็ต,Internet,Internet,Internet,,
275,2,50,357,<General knowledge> What is the maximum safe voltage for humans?  ,<Kiến thức chung> Điện áp an toàn tối đa đối với con người là bao nhiêu?,<General knowledge> What is the maximum safe voltage for humans?  ,<ความรู้ทั่วไป> แรงดันไฟฟ้าที่ปลอดภัยสูงสุดสำหรับมนุษย์คือเท่าใด?  ,<Pengetahuan umum> Berapa tegangan maksimum yang aman untuk manusia?  ,<Pangunahing kaalaman> Ano ang pinakamataas na ligtas na boltahe para sa tao?  ,Berapakah voltan maksimum yang selamat untuk manusia?,36,36,36,36,36,36,36,37,37,37,37,37,37,37,Calcium  ,Canxi,Calcium  ,แคลเซียม  ,Kalsium  ,Kaltsyum  ,Kalsium  ,40,40,40,40,40,40,40,,
276,3,50,351,<General knowledge> Which natural element is called the “intelligent element”?  ,<Kiến thức chung> Yếu tố nào trong tự nhiên được gọi là “yếu tố thông minh”?,<General knowledge> Which natural element is called the “intelligent element”?  ,<ความรู้ทั่วไป> ธาตุใดในธรรมชาติที่เรียกว่า “ธาตุฉลาด”?  ,<Pengetahuan umum> Unsur alami mana yang disebut “unsur cerdas”?  ,<Pangunahing kaalaman> Aling natural na elemento ang tinatawag na “intelligent element”?  ,Unsur semula jadi manakah yang digelar “unsur bijak”?,I-ốt,I-ốt,Iodine  ,ไอโอดีน  ,Yodium  ,Iodine  ,Iodin  ,Iron  ,Sắt,Iron  ,เหล็ก  ,Besi  ,Bakal  ,Besi  ,Generating electricity  ,Phát điện,Generating electricity  ,การผลิตไฟฟ้า  ,Menghasilkan listrik  ,Nagpapalabas ng kuryente  ,Menghasilkan elektrik  ,Zinc,Kẽm,Zinc,สังกะสี,Seng,Zinc,Zink,,
277,3,50,352,<General knowledge> What are windmills in the Netherlands mainly used for?  ,<Kiến thức chung> Quạt gió ở Hà Lan chủ yếu được sử dụng để làm gì?,<General knowledge> What are windmills in the Netherlands mainly used for?  ,<ความรู้ทั่วไป> กังหันลมในเนเธอร์แลนด์ใช้ทำอะไรเป็นหลัก?  ,<Pengetahuan umum> Untuk apa kincir angin di Belanda terutama digunakan?  ,<Pangunahing kaalaman> Para saan pangunahing ginagamit ang mga windmill sa Netherlands?  ,Kipas angin di Belanda kebanyakannya digunakan untuk apa?,Thoát nước,Thoát nước,Drainage  ,การระบายน้ำ  ,Drainase  ,Alisan ng tubig  ,Salirkan air  ,Travel  ,Du lịch,Travel  ,ท่องเที่ยว  ,Wisata  ,Paglalakbay  ,Pengembaraan  ,Pyramid of Egypt  ,Pyramid of Egypt,Pyramid of Egypt  ,พีระมิดแห่งอียิปต์  ,Piramida Mesir  ,Pyramid ng Egypt  ,Piramid Mesir  ,Generate wind,Sinh phong,Generate wind,สร้างลม,Menghasilkan angin,Lumilikha ng hangin,Menghasilkan angin,,
278,3,50,353,<General knowledge> Which one is NOT one of the seven wonders of the world?  ,<Kiến thức chung> Cái nào không phải là một trong bảy kỳ quan thế giới?,<General knowledge> Which one is NOT one of the seven wonders of the world?  ,<ความรู้ทั่วไป> อันใดไม่ใช่หนึ่งในเจ็ดสิ่งมหัศจรรย์ของโลก?  ,<Pengetahuan umum> Mana yang bukan salah satu dari tujuh keajaiban dunia?  ,<Pangunahing kaalaman> Alin ang HINDI kabilang sa pitong kababalaghan ng mundo?  ,Yang manakah bukan salah satu daripada tujuh keajaiban dunia?,Tượng thần Zeus,Tượng thần Zeus,Statue of Zeus  ,รูปปั้นเทพซูส  ,Patung Zeus  ,Estatwa ni Zeus  ,Patung Zeus  ,Hanging Gardens of Babylon  ,Vườn treo Babylon,Hanging Gardens of Babylon  ,สวนลอยแห่งบาบิโลน  ,Taman Gantung Babilonia  ,Hanging Gardens ng Babylon  ,Taman Tergantung Babylon  ,Sun God  ,Sun God,Sun God  ,เทพเจ้าแห่งดวงอาทิตย์  ,Dewa Matahari  ,Diyos ng Araw  ,Dewa Matahari  ,Qin Shi Huang mausoleum terracotta warriors,Tần Thủy Hoàng lăng tượng binh mã,Qin Shi Huang mausoleum terracotta warriors,สุสานทหารดินเผาของชินซีฮวงตี้,Makam Prajurit Terracotta Qin Shi Huang,Libingan ng mga terracotta warriors ni Qin Shi Huang,Makam tentera terracotta Qin Shi Huang,,
279,3,50,354,<General knowledge> What is Venus in Roman mythology?  ,<Kiến thức chung> Venus trong thần thoại La Mã là gì?,<General knowledge> What is Venus in Roman mythology?  ,<ความรู้ทั่วไป> วีนัสในเทพนิยายโรมันคืออะไร?  ,<Pengetahuan umum> Apa Venus dalam mitologi Romawi?  ,<Pangunahing kaalaman> Ano ang Venus sa Romanong mitolohiya?  ,Venus dalam mitologi Rom ialah siapa?,Thần tình yêu và sắc đẹp,Thần tình yêu và sắc đẹp,God of love and beauty  ,เทพแห่งความรักและความงาม  ,Dewa cinta dan kecantikan  ,Diyos ng pag-ibig at kagandahan  ,Tuhan cinta dan kecantikan  ,God of wisdom  ,Thần trí tuệ,God of wisdom  ,เทพเจ้าแห่งปัญญา  ,Dewa kebijaksanaan  ,Diyos ng karunungan  ,Tuhan kebijaksanaan  ,Shaba Bee  ,Shaba Bee,Shaba Bee  ,Shaba Bee  ,Shaba Bee  ,Shaba Bee  ,Shaba Bee  ,Bright King,Minh Vương,Bright King,ราชาสว่าง,Raja Terang,Maliwanag na Hari,Raja Cerah,,
280,3,50,355,<General knowledge> What is the most dangerous bee in the world?  ,<Kiến thức chung> Con ong nguy hiểm nhất thế giới là gì?,<General knowledge> What is the most dangerous bee in the world?  ,<ความรู้ทั่วไป> ผึ้งที่อันตรายที่สุดในโลกคืออะไร?  ,<Pengetahuan umum> Apa lebah paling berbahaya di dunia?  ,<Pangunahing kaalaman> Ano ang pinaka-mapanganib na bubuyog sa mundo?  ,Apakah lebah paling berbahaya di dunia?,Hornet,Hornet,Hornet  ,ต่อหัวเสือ  ,Tawon besar (Hornet)  ,Hornet  ,Tebuan  ,Black honeybee  ,Con ong mật đen,Black honeybee  ,ผึ้งน้ำผึ้งสีดำ  ,Lebah madu hitam  ,Itim na pukyutan  ,Lebah hitam  ,Benjamin Franklin  ,Benjamin Franklin,Benjamin Franklin  ,เบนจามิน แฟรงคลิน  ,Benjamin Franklin  ,Benjamin Franklin  ,Benjamin Franklin  ,Indian bee,Ấn Độ ong,Indian bee,ผึ้งอินเดีย,Lebah India,Bubuyog ng India,Lebah India,,
281,3,50,356,<General knowledge> Who was the first to invent the electric generator during the Second Industrial Revolution?  ,<Kiến thức chung> Ai là người đầu tiên chế tạo máy phát điện trong cuộc cách mạng công nghiệp thứ hai?,<General knowledge> Who was the first to invent the electric generator during the Second Industrial Revolution?  ,<ความรู้ทั่วไป> ใครเป็นคนแรกที่ประดิษฐ์เครื่องกำเนิดไฟฟ้าในยุคปฏิวัติอุตสาหกรรมครั้งที่สอง?  ,<Pengetahuan umum> Siapa yang pertama kali menciptakan generator listrik dalam Revolusi Industri Kedua?  ,<Pangunahing kaalaman> Sino ang unang gumawa ng electric generator sa Ikalawang Rebolusyong Industriyal?  ,Siapakah orang pertama yang mencipta penjana elektrik dalam Revolusi Perindustrian Kedua?,Faraday,Faraday,Faraday  ,ฟาราเดย์  ,Faraday  ,Faraday  ,Faraday  ,Stephenson  ,Stephenson,Stephenson  ,สตีเฟนสัน  ,Stephenson  ,Stephenson  ,Stephenson  ,Iraq  ,Iraq,Iraq  ,อิรัก  ,Irak  ,Iraq  ,Iraq  ,Carl Benz,Carl · Benz,Carl Benz,คาร์ล เบนซ์,Carl Benz,Carl Benz,Carl Benz,,
282,3,50,357,<General knowledge> Which country has the largest oil reserves in the world?  ,<Kiến thức chung> Quốc gia nào có trữ lượng dầu mỏ lớn nhất thế giới?,<General knowledge> Which country has the largest oil reserves in the world?  ,<ความรู้ทั่วไป> ประเทศใดมีปริมาณสำรองน้ำมันมากที่สุดในโลก?  ,<Pengetahuan umum> Negara mana yang memiliki cadangan minyak terbesar di dunia?  ,<Pangunahing kaalaman> Aling bansa ang may pinakamalaking reserba ng langis sa mundo?  ,Negara manakah yang mempunyai simpanan minyak terbesar di dunia?,Saudi Arabia,Saudi Arabia,Saudi Arabia  ,ซาอุดีอาระเบีย  ,Arab Saudi  ,Saudi Arabia  ,Arab Saudi  ,Iran  ,Iran,Iran  ,อิหร่าน  ,Iran  ,Iran  ,Iran  ,Eiffel Tower  ,Eiffel Tower,Eiffel Tower  ,หอไอเฟล  ,Menara Eiffel  ,Eiffel Tower  ,Menara Eiffel  ,Cambodia,Cam-pu-chia,Cambodia,กัมพูชา,Kamboja,Cambodia,Kemboja,,
283,3,50,358,<General knowledge> Which famous building is NOT located in France?  ,<Kiến thức chung> Tòa nhà nổi tiếng nào không thuộc Pháp?,<General knowledge> Which famous building is NOT located in France?  ,<ความรู้ทั่วไป> อาคารที่มีชื่อเสียงใดไม่ตั้งอยู่ในประเทศฝรั่งเศส?  ,<Pengetahuan umum> Bangunan terkenal mana yang tidak berada di Prancis?  ,<Pangunahing kaalaman> Aling kilalang gusali ang HINDI matatagpuan sa France?  ,Bangunan terkenal manakah yang tidak terletak di Perancis?,Tháp nghiêng Pisa,Tháp nghiêng Pisa,Leaning Tower of Pisa  ,หอเอนเมืองปิซา  ,Menara Miring Pisa  ,Leaning Tower ng Pisa  ,Menara Condong Pisa  ,Gate of glory  ,Cổng vinh quang,Gate of glory  ,ประตูแห่งเกียรติยศ  ,Gerbang kejayaan  ,Gate ng kaluwalhatian  ,Gerbang kemuliaan  ,Control lifting  ,Điều khiển nâng hạ,Control lifting  ,ควบคุมการยก  ,Kontrol pengangkatan  ,Kontrol sa pag-angat  ,Kawalan mengangkat  ,Paris holy mother hospital,Paris thánh mẫu viện,Paris holy mother hospital,โรงพยาบาลแม่ศักดิ์สิทธิ์ปารีส,Rumah Sakit Perawan Suci Paris,Paris banal na ospital ng ina,Hospital ibu suci Paris,,
284,3,50,359,<General knowledge> What is the purpose of an airplane wing?  ,<Kiến thức chung> Cánh máy bay được thiết kế để làm gì?,<General knowledge> What is the purpose of an airplane wing?  ,<ความรู้ทั่วไป> ปีกของเครื่องบินออกแบบมาเพื่ออะไร?  ,<Pengetahuan umum> Untuk apa sayap pesawat dirancang?  ,<Pangunahing kaalaman> Para saan idinisenyo ang pakpak ng eroplano?  ,Sayap pesawat direka untuk tujuan apa?,Tăng lực nâng,Tăng lực nâng,Increase lift force  ,เพิ่มแรงยก  ,Meningkatkan gaya angkat  ,Dagdagan ang puwersa ng pag-angat  ,Tambahkan daya angkat  ,Direction control,Điều khiển hướng,Direction control,ควบคุมทิศทาง,Kontrol arah,Kontrol ng direksyon,Kawalan arah  ,(NH)4CO3  ,(NH)4CO3,(NH)4CO3  ,(NH)4CO3  ,(NH)4CO3  ,(NH)4CO3  ,(NH)4CO3  ,Nothing has effect,Không có cái gì tác dụng,Nothing has effect,ไม่มีอะไรมีผล,Tidak ada yang berpengaruh,Walang epekto,Tiada apa yang berkesan,,
285,3,50,360,<General knowledge> What is the exact molecular formula of ethanol?  ,<Kiến thức chung> Công thức phân tử chính xác của ethanol là gì?,<General knowledge> What is the exact molecular formula of ethanol?  ,<ความรู้ทั่วไป> สูตรโมเลกุลที่ถูกต้องของเอทานอลคืออะไร?  ,<Pengetahuan umum> Apa rumus molekul tepat dari etanol?  ,<Pangunahing kaalaman> Ano ang tamang molekular na formula ng ethanol?  ,Apakah formula molekul yang tepat bagi etanol?,C2H5OH,C2H5OH,C2H5OH,C2H5OH,C2H5OH,C2H5OH,C2H5OH  ,CH3COH,CH3COH,CH3COH,CH3COH,CH3COH,CH3COH,CH3COH  ,Y  ,Y,Y  ,Y  ,Y  ,Y  ,Y  ,(NH)4HCO3,(NH)4HCO3,(NH)4HCO3,(NH)4HCO3,(NH)4HCO3,(NH)4HCO3,(NH)4HCO3,,
286,3,50,361,<General knowledge> Which key is to the left of the “T” key on a standard keyboard?  ,<Kiến thức chung> Phím “T” trên bàn phím chuẩn có phím gì bên trái?,<General knowledge> Which key is to the left of the “T” key on a standard keyboard?  ,<ความรู้ทั่วไป> ปุ่มใดอยู่ทางซ้ายของปุ่ม “T” บนแป้นพิมพ์มาตรฐาน?  ,<Pengetahuan umum> Tombol apa yang berada di sebelah kiri tombol “T” pada keyboard standar?  ,<Pangunahing kaalaman> Aling key ang nasa kaliwa ng “T” key sa standard keyboard?  ,Apakah kekunci di sebelah kiri kekunci “T” pada papan kekunci standard?,R,R,R,R,R,R,R  ,H,H,H,H,H,H,H  ,Affects short waves  ,Ảnh hưởng đến sóng ngắn,Affects short waves  ,มีผลต่อคลื่นสั้น  ,Mempengaruhi gelombang pendek  ,Nakakaapekto sa maikling alon  ,Mempengaruhi gelombang pendek  ,E,E,E,E,E,E,E,,
287,3,50,362,<General knowledge> Where is the description about the effect of solar activity on Earth inaccurate?  ,<Kiến thức chung> Mô tả về ảnh hưởng của hoạt động mặt trời lên trái đất là không chính xác ở đâu?,<General knowledge> Where is the description about the effect of solar activity on Earth inaccurate?  ,<ความรู้ทั่วไป> คำอธิบายเกี่ยวกับผลกระทบของกิจกรรมดวงอาทิตย์ต่อโลกที่ไม่ถูกต้องอยู่ตรงไหน?  ,<Pengetahuan umum> Di mana deskripsi tentang pengaruh aktivitas matahari terhadap bumi tidak akurat?  ,<Pangunahing kaalaman> Saan hindi tama ang paglalarawan tungkol sa epekto ng solar activity sa mundo?  ,Pernyataan manakah yang tidak tepat mengenai kesan aktiviti suria terhadap bumi?,Ảnh hưởng đến sóng dài,Ảnh hưởng đến sóng dài,Affects long waves  ,มีผลต่อคลื่นยาว  ,Mempengaruhi gelombang panjang  ,Nakaaapekto sa mahabang alon  ,Mempengaruhi gelombang panjang  ,Affects climate  ,Ảnh hưởng đến khí hậu,Affects climate  ,ส่งผลต่อสภาพอากาศ  ,Mempengaruhi iklim  ,Nakaaapekto sa klima  ,Mempengaruhi iklim  ,Iodine can be used for skin disinfection  ,I-ốt có thể dùng để khử trùng ngoài da,Iodine can be used for skin disinfection  ,ไอโอดีนสามารถใช้ฆ่าเชื้อผิวหนัง  ,Yodium dapat digunakan untuk disinfeksi kulit  ,Maaaring gamitin ang iodine para sa disinfection ng balat  ,Iodin boleh digunakan untuk disinfeksi kulit  ,Storm is born from phenomena,Sinh ra bão từ hiện tượng,Storm is born from phenomena,เกิดพายุจากปรากฏการณ์,Badai lahir dari fenomena,Bagyo ay ipinanganak mula sa mga pangyayari,Badai lahir daripada fenomena,,
288,3,50,363,<General knowledge> What is an incorrect description about chemistry in everyday life?  ,<Kiến thức chung> Mô tả sai về hóa học trong đời sống là gì?,<General knowledge> What is an incorrect description about chemistry in everyday life?  ,<ความรู้ทั่วไป> คำอธิบายผิดเกี่ยวกับเคมีในชีวิตประจำวันคืออะไร?  ,<Pengetahuan umum> Apa deskripsi yang salah tentang kimia dalam kehidupan sehari-hari?  ,<Pangunahing kaalaman> Ano ang maling paglalarawan tungkol sa kemistri sa pang-araw-araw na buhay?  ,Pernyataan manakah yang salah mengenai kimia dalam kehidupan seharian?,Than hoạt tính có tác dụng khử mùi và diệt khuẩn,Than hoạt tính có tác dụng khử mùi và diệt khuẩn,Activated carbon deodorizes and disinfects  ,ถ่านกัมมันต์ช่วยดับกลิ่นและฆ่าเชื้อ  ,Karbon aktif menghilangkan bau dan membunuh bakteri  ,Ang activated carbon ay nagtatanggal ng amoy at pumapatay ng mikrobyo  ,Karbon teraktif membuang bau dan membunuh kuman  ,Aluminum alloy is widely used in high-speed railway construction  ,Hợp kim nhôm được sử dụng nhiều trong xây dựng đường sắt cao tốc,Aluminum alloy is widely used in high-speed railway construction  ,โลหะผสมอลูมิเนียมถูกใช้กันอย่างแพร่หลายในรถไฟความเร็วสูง  ,Paduan aluminium banyak digunakan dalam konstruksi kereta cepat  ,Ginagamit nang malawakan ang aluminum alloy sa pagtatayo ng high-speed rail  ,Aloi aluminium digunakan secara meluas dalam pembinaan kereta api berkelajuan tinggi  ,Van Gogh  ,Van Gogh,Van Gogh  ,แวนโก๊ะ  ,Van Gogh  ,Van Gogh  ,Van Gogh  ,High purity can be used only with crafting that senses battery,Cao thuần tịch có thể dùng với chế tác chỉ riêng cảm giác pin,High purity can be used only with crafting that senses battery,ความบริสุทธิ์สูงสามารถใช้กับการสร้างที่รับรู้แบตเตอรี่เท่านั้น,Kemurnian tinggi hanya bisa digunakan dengan kerajinan yang mendeteksi baterai,Mataas na kadalisayan ay maaari lamang gamitin sa paggawa na nakakaramdam ng baterya,Kemurnian tinggi hanya boleh digunakan dengan kraftangan yang mengesan bateri,,
289,3,50,364,<General knowledge> Who is the painter representing Fauvism?  ,<Kiến thức chung> Ai là họa sĩ đại diện cho chủ nghĩa dã thú?,<General knowledge> Who is the painter representing Fauvism?  ,<ความรู้ทั่วไป> ใครคือนักวาดภาพที่เป็นตัวแทนของลัทธิฟอวิสม์?  ,<Pengetahuan umum> Siapa pelukis yang mewakili Fauvisme?  ,<Pangunahing kaalaman> Sino ang pintor na kumakatawan sa Fauvism?  ,Siapakah pelukis yang mewakili fahaman Fauvisme?,Matisse,Matisse,Matisse  ,Matisse  ,Matisse  ,Matisse  ,Matisse  ,Picasso  ,Picasso,Picasso  ,ปิกัสโซ  ,Picasso  ,Picasso  ,Picasso  ,Camel Thorn  ,Camel Thorn,Camel Thorn  ,Camel Thorn  ,Camel Thorn  ,Camel Thorn  ,Camel Thorn  ,Loi Nak a,Lôi Nặc a,Loi Nak a,ลอย นัค อา,Loi Nak a,Loi Nak a,Loi Nak a,,
290,3,50,365,<General knowledge> Which plant reflects the acidity of the soil?  ,<Kiến thức chung> Cây nào phản ánh tính axit của đất?,<General knowledge> Which plant reflects the acidity of the soil?  ,<ความรู้ทั่วไป> พืชชนิดใดสะท้อนความเป็นกรดของดิน?  ,<Pengetahuan umum> Tanaman apa yang mencerminkan keasaman tanah?  ,<Pangunahing kaalaman> Aling halaman ang nagpapakita ng acidity ng lupa?  ,Pokok manakah yang mencerminkan keasidan tanah?,Iron Lily,Iron Lily,Iron Lily  ,ลิลี่เหล็ก  ,Lili Besi  ,Iron Lily  ,Lili Besi  ,Alkali  ,Kiềm,Alkali  ,ด่าง  ,Alkali  ,Alkali  ,Alkali  ,Magnified three times  ,Phóng đại gấp ba lần,Magnified three times  ,ขยายสามเท่า  ,Diperbesar tiga kali  ,Pinapataas ng tatlong beses  ,Diperbesarkan tiga kali  ,Reed grass,Cỏ lau,Reed grass,หญ้าคันธนู,Rumput alang-alang,Damo ng tangkay,Rumput buluh,,
291,3,50,366,<General knowledge> How does the angle on a set square change when magnified three times?  ,"<Kiến thức chung> Khi phóng đại ba lần, góc của thước tam giác sẽ thay đổi như thế nào?",<General knowledge> How does the angle on a set square change when magnified three times?  ,<ความรู้ทั่วไป> เมื่อตัววัดมุมขยายสามเท่า มุมจะเปลี่ยนแปลงอย่างไร?  ,<Pengetahuan umum> Bagaimana sudut penggaris segitiga berubah ketika diperbesar tiga kali?  ,<Pangunahing kaalaman> Paano nagbabago ang anggulo ng set square kapag pinalaki ng tatlong beses?  ,"Apabila diperbesar tiga kali, bagaimana sudut pembaris segi tiga akan berubah?",Góc không thay đổi,Góc không thay đổi,Angle remains unchanged  ,มุมไม่เปลี่ยน  ,Sudut tidak berubah  ,Hindi nagbabago ang anggulo  ,Sudut tidak berubah  ,Double up  ,Tăng gấp đôi,Double up  ,เพิ่มเป็นสองเท่า  ,Melipatgandakan  ,Doblihin  ,Gandakan  ,Cheetah  ,Cheetah,Cheetah  ,Cheetah  ,Cheetah  ,Cheetah  ,Cheetah  ,Angle of transformation,Góc độ biến hóa,Angle of transformation,มุมการเปลี่ยนแปลง,Sudut transformasi,Anggulo ng pagbabago,Sudut transformasi,,
292,3,50,367,"<General knowledge> Among fierce animals, which has the smallest heart?  ","<Kiến thức chung> Trong số các loài động vật hung dữ, con nào có trái tim nhỏ nhất?","<General knowledge> Among fierce animals, which has the smallest heart?  ",<ความรู้ทั่วไป> ในบรรดาสัตว์ดุร้าย สัตว์ใดมีหัวใจที่เล็กที่สุด?  ,"<Pengetahuan umum> Di antara hewan-hewan ganas, mana yang memiliki jantung terkecil?  ","<Pangunahing kaalaman> Sa mga mabangis na hayop, alin ang may pinakamaliit na puso?  ","Antara haiwan yang garang, haiwan manakah yang mempunyai jantung paling kecil?",Lion,Lion,Lion  ,สิงโต  ,Singa  ,Leon  ,Leon  ,Tiger  ,Hổ,Tiger  ,เสือ  ,Harimau  ,Tigre  ,Harimau  ,Aluminum,Aluminum,Aluminum,อะลูมิเนียม,Aluminium,Aluminyo,Aluminium,Wild boar,Lợn rừng,Wild boar,หมูป่า,Babi hutan,Baboy ramo,Babi hutan,,
293,3,50,368,<General knowledge> Which element is most abundant in the Earth's crust?  ,<Kiến thức chung> Nguyên tố nào có nhiều nhất trong vỏ trái đất?,<General knowledge> Which element is most abundant in the Earth's crust?  ,<ความรู้ทั่วไป> ธาตุใดมีมากที่สุดในเปลือกโลก?  ,<Pengetahuan umum> Unsur apa yang paling banyak terdapat di kerak bumi?  ,<Pangunahing kaalaman> Anong elemento ang pinakamarami sa crust ng mundo?  ,Unsur manakah yang paling banyak dalam kerak bumi?,Oxygen,Oxygen,Oxygen  ,Oxygen  ,Oxygen  ,Oxygen  ,Oksigen  ,Nitrogen  ,Nitơ,Nitrogen  ,ไนโตรเจน  ,Nitrogen  ,Nitrogen  ,Nitrogen  ,Kerosene  ,Kerosene,Kerosene  ,Kerosene  ,Kerosene  ,Kerosene  ,Kerosene  ,Quiet,Tịch,Quiet,เงียบสงบ,Sunyi,Tahimik,Sunyi,,
294,3,50,369,<General knowledge> In which medium does sound travel the fastest?  ,<Kiến thức chung> Âm thanh truyền nhanh nhất trong chất gì?,<General knowledge> In which medium does sound travel the fastest?  ,<ความรู้ทั่วไป> เสียงเดินทางเร็วที่สุดในสื่อใด?  ,<Pengetahuan umum> Suara merambat paling cepat dalam medium apa?  ,<Pangunahing kaalaman> Sa anong medium pinakamabilis kumalat ang tunog?  ,Bunyi merambat paling laju dalam bahan apa?,Trong biển,Trong biển,In the sea  ,ในทะเล  ,Di laut  ,Sa dagat  ,Di laut  ,Distilled water  ,Nước cất,Distilled water  ,น้ำกลั่น  ,Air suling  ,Distilled water  ,Air suling  ,United Kingdom  ,Vương quốc Anh,United Kingdom  ,สหราชอาณาจักร  ,Inggris  ,Reino Unido  ,United Kingdom  ,Poor,Bần,Poor,ยากจน,Miskin,Mahina,Miskin,,
295,3,50,370,<General knowledge> Who sculpted the Statue of Liberty in the USA?  ,<Kiến thức chung> Tượng Nữ thần Tự do của Mỹ là tác phẩm của nhà điêu khắc nào?,<General knowledge> Who sculpted the Statue of Liberty in the USA?  ,<ความรู้ทั่วไป> ใครเป็นช่างแกะสลักรูปปั้นเทพีเสรีภาพในสหรัฐอเมริกา?  ,<Pengetahuan umum> Siapa pematung Patung Liberty di Amerika Serikat?  ,<Pangunahing kaalaman> Sino ang eskultor ng Statue of Liberty sa USA?  ,Patung Liberty di Amerika adalah hasil karya pemahat siapa?,Pháp,Pháp,France  ,France  ,Prancis  ,Pransya  ,Perancis  ,USA  ,Mỹ,USA  ,สหรัฐอเมริกา  ,AS  ,USA  ,USA  ,Wrestling  ,Wrestling,Wrestling  ,มวยปล้ำ  ,Gulat  ,Lucha libre  ,Gulat  ,Germany,Nước Đức,Germany,เยอรมนี,Jerman,Alemanya,Jerman,,
296,3,50,371,<General knowledge> Which sport is called “the mother of all sports”?  ,<Kiến thức chung> Môn thể thao nào được gọi là “mẹ của các môn thể thao”?,<General knowledge> Which sport is called “the mother of all sports”?  ,<ความรู้ทั่วไป> กีฬาใดที่เรียกว่า “แม่ของกีฬา”?  ,<Pengetahuan umum> Olahraga apa yang disebut “ibu dari semua olahraga”?  ,<Pangunahing kaalaman> Anong isport ang tinatawag na “ina ng lahat ng isport”?  ,Sukan apakah yang digelar sebagai “ibu kepada semua sukan”?,Điền kinh,Điền kinh,Athletics  ,กรีฑา  ,Atletik  ,Athletics  ,Atletik  ,Swimming  ,Bơi lội,Swimming  ,ว่ายน้ำ  ,Berenang  ,Paglangoy  ,Berenang  ,Zekrom  ,Zekrom,Zekrom  ,Zekrom  ,Zekrom  ,Zekrom  ,Zekrom  ,Raise inside,Nâng bên trong,Raise inside,ยกขึ้นภายใน,Angkat di dalam,Itinaas sa loob,Angkat di dalam,,
297,1,50,372,Which spirit below is NOT one of the “Three Dragons of the Way”?  ,Tinh linh nào dưới đây không phải là “Ba con rồng của Đạo”?,Which spirit below is NOT one of the “Three Dragons of the Way”?  ,ในบรรดาท tinh linh เหล่านี้ อันไหนไม่ใช่ “สามมังกรแห่งทาง”?  ,Spirit mana di bawah ini BUKAN “Tiga Naga Jalan”?  ,Alin sa mga sumusunod na espiritu ang HINDI kabilang sa “Tatlong Dragon ng Daan”?  ,Roh manakah di bawah ini bukan salah satu daripada “Tiga Naga Aura”?,Cosmog,Cosmog,Cosmog  ,Cosmog  ,Cosmog  ,Cosmog  ,Cosmog  ,Reshiram  ,Reshiram,Reshiram  ,Reshiram  ,Reshiram  ,Reshiram  ,Reshiram  ,Another Groudon  ,Một Groudon khác,Another Groudon  ,Groudon อีกตัว  ,Groudon lain  ,Otro Groudon  ,Satu Groudon yang lain  ,Rem prison,Tù Rem,Rem prison,คุกเรม,Penjara Rem,Bilangguan Rem,Penjara Rem,,
298,1,50,373,Who is the mortal enemy of Groudon?  ,Kẻ thù chết người của Groudon là ai?,Who is the mortal enemy of Groudon?  ,ศัตรูที่ร้ายกาจที่สุดของ Groudon คือใคร?  ,Siapa musuh mematikan Groudon?  ,Sino ang mortal na kaaway ni Groudon?  ,Siapakah musuh ketat maut kepada Groudon?,Groudon,Groudon,Groudon  ,Groudon  ,Groudon  ,Groudon  ,Groudon  ,Giratina,Giratina,Giratina,Giratina,Giratina,Giratina,Giratina  ,H  ,H,H  ,H  ,H  ,H  ,H  ,Humanity,Nhân loại,Humanity,มนุษยชาติ,Kemanusiaan,Sangkatauhan,Kemanusiaan,,
299,1,50,374,"In the Pokémon animated series, what letter is the symbol on Team Rocket’s outfit?  ","Trong bộ phim hoạt hình Pokémon, biểu tượng trên trang phục của đội Rocket là chữ cái nào?","In the Pokémon animated series, what letter is the symbol on Team Rocket’s outfit?  ",ในอนิเมะโปเกมอน สัญลักษณ์บนชุดของทีมร็อคเก็ตคืออักษรอะไร?  ,"Dalam serial animasi Pokémon, huruf apa yang menjadi simbol pada pakaian Tim Rocket?  ","Sa animated na palabas ng Pokémon, anong letra ang simbolo sa kasuotan ng Team Rocket?  ","Dalam siri animasi Pokémon, huruf apakah yang menjadi simbol pada pakaian Team Rocket?",R,R,R,R,R,R,R  ,P,P,P,P,P,P,P  ,Leek Duck  ,Leek Duck,Leek Duck  ,Leek Duck  ,Leek Duck  ,Leek Duck  ,Leek Duck  ,S,S,S,S,S,S,S,,
300,1,50,375,Which spirit holds a circle that can be used for hypnosis?  ,Tinh linh nào cầm một vòng tròn có thể dùng để thôi miên?,Which spirit holds a circle that can be used for hypnosis?  ,tinh linh ตัวไหนถือวงกลมที่ใช้สำหรับสะกดจิต?  ,Spirit mana yang memegang lingkaran yang dapat digunakan untuk hipnosis?  ,Aling espiritu ang may hawak na bilog na maaaring gamitin para sa hipnosis?  ,Roh manakah yang memegang cincin dan boleh menghipnosis?,Dream Eater,Dream Eater,Dream Eater  ,ผู้กินความฝัน  ,Pemakan Mimpi  ,Tagakain ng Panaginip  ,Pemakan Mimpi  ,Alakazam  ,Alakazam,Alakazam  ,อลาเซม  ,Alakazam  ,Alakazam  ,Alakazam  ,Great Wood City  ,Đại gỗ Thành cũng,Great Wood City  ,เมืองไม้ใหญ่  ,Kota Kayu Besar  ,Gran Ciudad de Madera  ,Kota Kayu Besar  ,But pull but pull,Nhưng kéo nhưng kéo,But pull but pull,แต่ดึง แต่ดึง,Tapi tarik tapi tarik,Ngunit hilahin ngunit hilahin,Tapi tarik tapi tarik,,
301,2,50,376,What is Professor Oak’s real name?  ,Tên thật của Giáo sư Oak là gì?,What is Professor Oak’s real name?  ,ชื่อจริงของศาสตราจารย์ Oak คืออะไร?  ,Siapa nama asli Profesor Oak?  ,Ano ang tunay na pangalan ni Professor Oak?  ,Apakah nama sebenar Profesor Oak?,Oak Snow,Oak Snow,Oak Snow  ,หิมะต้นโอ๊ก  ,Salju Oak  ,Snow ng Oak  ,Salji Oak  ,Oak  ,Oak,Oak  ,โอ๊ค  ,Oak  ,Oak  ,Oak  ,Like male  ,Giống như đực,Like male  ,เหมือนเพศผู้  ,Seperti jantan  ,Como macho  ,Seperti jantan  ,Great wood peach inside,Đại mộc đào bên trong,Great wood peach inside,พีชไม้ใหญ่ภายใน,Persik kayu besar di dalam,Malaking peach na kahoy sa loob,Pokok pic besar di dalam,,
302,2,50,377,What is the shape of a female Pikachu’s tail?  ,Đuôi của Pikachu cái nào có hình dạng gì?,What is the shape of a female Pikachu’s tail?  ,หางของ Pikachu ตัวเมียมีรูปร่างอย่างไร?  ,Bentuk ekor Pikachu betina seperti apa?  ,Ano ang hugis ng buntot ng babaeng Pikachu?  ,Ekor Pikachu betina berbentuk apa?,Heart,Heart,Heart  ,หัวใจ  ,Hati  ,Puso  ,Hati  ,Star-shaped  ,Hình sao,Star-shaped  ,รูปดาว  ,Bentuk bintang  ,Hugis bituin  ,Bentuk bintang  ,Because of its own evolution  ,Vì sự tiến hóa của chính nó,Because of its own evolution  ,เพราะการวิวัฒนาการของตัวเอง  ,Karena evolusinya sendiri  ,Debido a su propia evolución  ,Kerana evolusinya sendiri  ,The tail on top prints a flower,Cái đuôi bên trên in một đóa hoa,The tail on top prints a flower,หางด้านบนพิมพ์ดอกไม้,Ekor di atas mencetak bunga,Ang buntot sa itaas ay may print ng bulaklak,Ekor di atas mencetak bunga,,
303,2,50,378,Why did Ash’s Squirtle leave the group?  ,Tại sao Squirtle của Ash đã rời nhóm?,Why did Ash’s Squirtle leave the group?  ,ทำไม Squirtle ของ Ash ถึงออกจากกลุ่ม?  ,Mengapa Squirtle milik Ash meninggalkan kelompok?  ,Bakit umalis sa grupo si Ash’s Squirtle?  ,Mengapa Squirtle milik Ash meninggalkan kumpulan?,"Để dập lửa, trở thành lính cứu hỏa","Để dập lửa, trở thành lính cứu hỏa","To put out fires, becomes a firefighter  ",เพื่อดับไฟ กลายเป็นนักดับเพลิง  ,"Untuk memadamkan api, menjadi petugas pemadam kebakaran  ","Para patayin ang apoy, naging bumbero  ","Untuk memadamkan api, menjadi bomba  ",Searching for stronger trainers  ,Tìm kiếm huấn luyện viên mạnh mẽ hơn,Searching for stronger trainers  ,ค้นหาผู้ฝึกที่แข็งแกร่งกว่า  ,Mencari pelatih yang lebih kuat  ,Naghahanap ng mas malalakas na tagasanay  ,Sedang mencari jurulatih yang lebih kuat  ,Originally unable to evolve  ,Vốn dĩ không thể tiến hóa,Originally unable to evolve  ,เดิมไม่สามารถวิวัฒนาการได้  ,Aslinya tidak bisa berevolusi  ,Originalmente incapaz de evolucionar  ,Asalnya tidak boleh berkembang  ,Because resembling female Denis turtle,Vì giống cái Denis rùa,Because resembling female Denis turtle,เพราะคล้ายเต่าหญิงเดนิส,Karena mirip kura-kura betina Denis,Dahil kahawig ng babaeng pagong Denis,Kerana menyerupai kura-kura betina Denis,,
304,2,50,379,Why hasn’t Meowth from Team Rocket evolved?  ,Tại sao Meowth trong đội Rocket không tiến hóa?,Why hasn’t Meowth from Team Rocket evolved?  ,ทำไม Meowth ในทีมร็อคเก็ตถึงไม่วิวัฒนาการ?  ,Mengapa Meowth dari Tim Rocket tidak berevolusi?  ,Bakit hindi nag-evolve si Meowth ng Team Rocket?  ,Mengapa Meowth dalam Team Rocket tidak berevolusi?,Học nói tiêu tốn năng lượng,Học nói tiêu tốn năng lượng,Learning to speak consumes energy  ,การเรียนพูดใช้พลังงาน  ,Belajar bicara menghabiskan energi  ,Ang pagkatuto magsalita ay kumakain ng enerhiya  ,Belajar bercakap menggunakan tenaga  ,Dislikes evolution  ,Không thích tiến hóa,Dislikes evolution  ,ไม่ชอบวิวัฒนาการ  ,Tidak suka berevolusi  ,Ayaw mag-evolve  ,Tidak mahu berevolusi  ,Ear  ,Tai,Ear  ,หู  ,Telinga  ,Oreja  ,Telinga  ,Meow meow model dislikes,Mẫu meo meo không thích,Meow meow model dislikes,แบบเหมียวเหมียวไม่ชอบ,Model meow meow tidak suka,Hindi gusto ng modelong meow meow,Model meow meow tidak suka,,
305,2,50,380,From which part of its body does Pikachu discharge electricity?  ,Pikachu phóng điện từ bộ phận nào trên cơ thể?,From which part of its body does Pikachu discharge electricity?  ,Pikachu ปล่อยไฟฟ้าจากส่วนไหนของร่างกาย?  ,Dari bagian tubuh mana Pikachu mengeluarkan listrik?  ,Mula saang bahagi ng katawan naglalabas ng kuryente si Pikachu?  ,Pikachu melepaskan elektrik dari bahagian mana pada tubuhnya?,Gò má,Gò má,Cheeks  ,แก้ม  ,Pipi  ,Pisngi  ,Pipi  ,Two hands  ,Hai tay,Two hands  ,สองมือ  ,Dua tangan  ,Dalawang kamay  ,Dua tangan  ,9 types  ,9 loại,9 types  ,9 ชนิด  ,9 jenis  ,9 tipos  ,9 jenis  ,The tail,Cái đuôi,The tail,หาง,Ekor,Ang buntot,Ekor,,
306,2,50,381,How many evolutionary forms does Eevee have?  ,Eevee có bao nhiêu dạng tiến hóa?,How many evolutionary forms does Eevee have?  ,Eevee มีรูปแบบวิวัฒนาการกี่แบบ?  ,Berapa banyak bentuk evolusi Eevee?  ,Ilan ang mga porma ng ebolusyon ng Eevee?  ,Eevee mempunyai berapa bentuk evolusi?,8 loại,8 loại,8 types  ,8 ประเภท  ,8 jenis  ,8 uri  ,8 jenis  ,7 types  ,7 loại,7 types  ,7 ประเภท  ,7 jenis  ,7 uri  ,7 jenis  ,Aura gathers light energy and transforms into shape  ,Aura thu thập năng lượng ánh sáng chuyển thành hình dạng,Aura gathers light energy and transforms into shape  ,ออร่าสะสมพลังงานแสงและเปลี่ยนเป็นรูปร่าง  ,Aura mengumpulkan energi cahaya dan berubah bentuk  ,Aura recoge energía luminosa y se transforma en forma  ,Aura mengumpul tenaga cahaya dan berubah bentuk  ,6 types,6 Loại,6 types,6 ชนิด,6 jenis,6 na uri,6 jenis,,
307,2,50,382,"How did the spirit Arceus, called the “God of Creation,” create the world?  ","Tinh linh Arceus, được gọi là “Thần sáng tạo”, đã tạo ra thế giới như thế nào?","How did the spirit Arceus, called the “God of Creation,” create the world?  ",tinh linh Arceus ซึ่งเรียกว่า “เทพเจ้าแห่งการสร้าง” สร้างโลกอย่างไร?  ,Bagaimana spirit Arceus yang disebut “Dewa Pencipta” menciptakan dunia?  ,"Paano nilikha ng espiritu na si Arceus, na tinatawag na “Diyos ng Paglikha,” ang mundo?  ","Roh Arceus, digelar “Tuhan Pencipta”, mencipta dunia dengan cara bagaimana?",Sinh từ một quả trứng trong hư vô,Sinh từ một quả trứng trong hư vô,Born from an egg in the void  ,เกิดจากไข่ในความว่างเปล่า  ,Lahir dari telur dalam kekosongan  ,Ipinanganak mula sa itlog sa kawalan  ,Dilahirkan daripada telur dalam kehampaan  ,Gradually formed in the aurora  ,Dần dần hình thành trong cực quang,Gradually formed in the aurora  ,ค่อยๆ ก่อตัวในแสงเหนือ  ,Terbentuk perlahan dalam aurora  ,Unti-unting nabubuo sa aurora  ,Terbentuk perlahan-lahan dalam aurora  ,Sharp Fang Cage  ,Sharp Fang Cage,Sharp Fang Cage  ,กรงเขี้ยวแหลม  ,Kandang Taring Tajam  ,Jaula de Colmillos Afilados  ,Sangkar Taring Tajam  ,Created by humanity,Bị nhân loại sáng tạo mà thành,Created by humanity,ถูกสร้างโดยมนุษย์,Diciptakan oleh manusia,Nilikha ng sangkatauhan,Dicipta oleh manusia,,
308,2,50,383,Which spirit below is NOT one that Kasumi has caught?  ,Tinh linh nào dưới đây không phải là một trong những tinh linh mà Kasumi đã bắt?,Which spirit below is NOT one that Kasumi has caught?  ,ในบรรดา tinh linh เหล่านี้ อันไหนไม่ใช่ tinh linh ที่ Kasumi เคยจับ?  ,Spirit mana di bawah ini BUKAN salah satu yang pernah ditangkap Kasumi?  ,Aling espiritu sa ibaba ang HINDI nahuli ni Kasumi?  ,Roh manakah di bawah ini bukan antara roh yang pernah ditangkap oleh Kasumi?,Certainly,Certainly,Certainly  ,แน่นอน  ,Tentu saja  ,Tiyak  ,Pasti  ,Vulpix  ,Vulpix,Vulpix  ,วัลพิกซ์  ,Vulpix  ,Vulpix  ,Vulpix  ,Black  ,Màu đen,Black  ,สีดำ  ,Hitam  ,Negro  ,Hitam  ,Gas bullet,Gas đạn,Gas bullet,กระสุนแก๊ส,Peluru gas,Gas na bala,Peluru gas,,
309,2,50,384,What color are Ralts’s eyes?  ,Mắt của Ralts có màu gì?,What color are Ralts’s eyes?  ,ดวงตาของ Ralts มีสีอะไร?  ,Warna mata Ralts apa?  ,Anong kulay ang mga mata ni Ralts?  ,Apakah warna mata Ralts?,Đỏ,Đỏ,Red  ,สีแดง  ,Merah  ,Pula  ,Merah  ,Blue  ,Màu xanh,Blue  ,สีน้ำเงิน  ,Biru  ,Asul  ,Biru  ,6 strands  ,6 sợi,6 strands  ,6 เส้น  ,6 helai  ,6 mechones  ,6 helai  ,Six colors,Lục sắc,Six colors,หกสี,Enam warna,Anim na kulay,Enam warna,,
310,3,50,385,How many ribbons does Eevee Fairy have?  ,Eevee Fairy có bao nhiêu dải ruy băng?,How many ribbons does Eevee Fairy have?  ,Eevee Fairy มีริบบิ้นกี่เส้น?  ,Berapa banyak pita yang dimiliki Eevee Fairy?  ,Ilan ang mga ribbon ng Eevee Fairy?  ,Eevee jenis Fairy mempunyai berapa pita reben?,4 chiếc,4 chiếc,4 pieces  ,4 ชิ้น  ,4 buah  ,4 na piraso  ,4 keping  ,2 pieces  ,2 chiếc,2 pieces  ,2 ชิ้น  ,2 buah  ,2 piraso  ,2 keping  ,Ninja cloth band  ,Băng vải của ninja,Ninja cloth band  ,ผ้าผูกของนินจา  ,Kain ninja  ,Paño de ninja  ,Kain ninja  ,No ice brocade,Không băng gấm,No ice brocade,ไม่มีผ้าไหมน้ำแข็ง,Tidak ada brokat es,Walang yelo na brocade,Tiada brokat ais,,
311,3,50,386,What does Koga’s Ninja snake wrap around its neck?  ,Con rắn Ninja của Koga quấn gì quanh cổ?,What does Koga’s Ninja snake wrap around its neck?  ,งูนินจาของ Koga พันอะไรไว้ที่คอ?  ,Apa yang dililit ular Ninja Koga di lehernya?  ,Ano ang binalot ng ahas na Ninja ni Koga sa kanyang leeg?  ,Ular ninja milik Koga melilit apa di lehernya?,Lưỡi,Lưỡi,Tongue  ,ลิ้น  ,Lidah  ,Dila  ,Lidah  ,Red scarf  ,Khăn quàng cổ đỏ,Red scarf  ,ผ้าพันคอสีแดง  ,Syal merah  ,Pulang scarf  ,Selendang merah  ,Yellow  ,Màu vàng,Yellow  ,สีเหลือง  ,Kuning  ,Amarillo  ,Kuning  ,Little Zhi brings red silk ribbon,Tiểu Trí đưa màu đỏ dây lụa,Little Zhi brings red silk ribbon,เสี่ยวจื้อ นำผ้าซิ่นสีแดง,Zhi kecil membawa pita sutra merah,Munting Zhi nagdadala ng pulang laso ng seda,Zhi kecil membawa reben sutera merah,,
312,3,50,387,What is the color of the whiskers on the head of Green Caterpillar?  ,Cái màu của râu trên đầu Green Caterpillar là gì?,What is the color of the whiskers on the head of Green Caterpillar?  ,สีของหนวดที่หัวของหนอนใบเขียวคือสีอะไร?  ,Warna kumis di kepala Green Caterpillar apa?  ,Anong kulay ang mga bigote sa ulo ng Green Caterpillar?  ,Apakah warna misai pada kepala Green Caterpillar?,Đỏ,Đỏ,Red  ,สีแดง  ,Merah  ,Pula  ,Merah  ,Green  ,Màu xanh lá,Green  ,สีเขียว  ,Hijau  ,Berde  ,Hijau  ,Neck and left leg area  ,Vùng cổ và chân trái,Neck and left leg area  ,บริเวณคอและขาซ้าย  ,Daerah leher dan kaki kiri  ,Área del cuello y la pierna izquierda  ,Kawasan leher dan kaki kiri  ,Pale yellow,Vàng nhạt,Pale yellow,สีเหลืองอ่อน,Kuning pucat,Maputlang dilaw,Kuning pucat,,
313,3,50,388,"Eevee Fairy, one of the top 10 popular Pokémon, emits waves that can erase hostility from the ribbon-like whiskers; where is this ribbon located?  ","Eevee Tiên, là một trong những Pokémon có độ phổ biến cao trong top 10, sẽ phát ra sóng có thể xóa bỏ sự thù địch từ những sợi râu giống như chiếc nơ, xin hỏi chiếc nơ này nằm ở vị trí nào?","Eevee Fairy, one of the top 10 popular Pokémon, emits waves that can erase hostility from the ribbon-like whiskers; where is this ribbon located?  ",Eevee Fairy หนึ่งในโปเกมอนที่ได้รับความนิยมสูงสุดในท็อป 10 จะปล่อยคลื่นที่สามารถลบความเป็นศัตรูจากหนวดเหมือนโบว์ ริบบิ้นนี้อยู่ตำแหน่งไหน?  ,"Eevee Fairy, salah satu Pokémon paling populer di 10 besar, mengeluarkan gelombang yang dapat menghilangkan permusuhan dari kumis seperti pita; di mana posisi pita ini?  ","Ang Eevee Fairy, isa sa mga top 10 popular na Pokémon, ay naglalabas ng mga alon na maaaring tanggalin ang poot mula sa mga ribbon-like na bigote; saan matatagpuan ang ribbon na ito?  ","Eevee jenis Fairy, antara Pokémon paling popular dalam top 10, boleh memancarkan gelombang yang menghapuskan permusuhan melalui misainya yang menyerupai pita, jadi pita itu terletak di mana?",Cổ và tai trái,Cổ và tai trái,Left neck and ear  ,คอและหูซ้าย  ,Leher dan telinga kiri  ,Kaliwang leeg at tainga  ,Leher dan telinga kiri  ,Neck and right ear  ,Cổ và tai phải,Neck and right ear  ,คอและหูขวา  ,Leher dan telinga kanan  ,Leeg at kanang tainga  ,Leher dan telinga kanan  ,Boiling water  ,Nước đun sôi,Boiling water  ,น้ำเดือด  ,Air mendidih  ,Agua hirviendo  ,Air mendidih  ,Neck and right leg at the place,Cổ cùng chân phải chỗ,Neck and right leg at the place,คอและขาขวาที่จุดนั้น,Leher dan kaki kanan di tempat itu,Leeg at kanang paa sa lugar,Leher dan kaki kanan di tempat itu,,
314,1,50,389,"【General Knowledge】In summer, when working under the scorching sun or exercising heavily causing the body to sweat a lot, what should you drink to prevent heatstroke?","【Kiến thức chung】Vào mùa hè, khi làm việc dưới ánh nắng gay gắt hoặc vận động mạnh khiến cơ thể ra nhiều mồ hôi, để phòng tránh say nắng, nên uống gì?","【General Knowledge】In summer, when working under the scorching sun or exercising heavily causing the body to sweat a lot, what should you drink to prevent heatstroke?",【ความรู้ทั่วไป】ในฤดูร้อน เมื่อทำงานภายใต้แสงแดดจ้า หรือออกกำลังกายอย่างหนักจนเหงื่อออกมาก ควรดื่มอะไรเพื่อป้องกันโรคลมแดด?,"【Pengetahuan Umum】Pada musim panas, saat bekerja di bawah sinar matahari terik atau berolahraga berat hingga banyak berkeringat, apa yang harus diminum untuk mencegah heatstroke?","【Pangkalahatang Kaalaman】Sa tag-init, kapag nagtatrabaho sa ilalim ng matinding araw o malakas na ehersisyo na nagpapawis ng marami, ano ang dapat inumin upang maiwasan ang heatstroke?","【Pengetahuan Am】Pada musim panas, apabila bekerja di bawah cahaya matahari terik atau berpeluh banyak akibat aktiviti fizikal, untuk mengelakkan strok haba, kita harus minum apa?",Nước muối,Nước muối,Salt water  ,น้ำเกลือ  ,Air garam  ,Tubig-alat  ,Air masin  ,Syrup  ,Nước đường,Syrup  ,น้ำเชื่อม  ,Sirup  ,Syrup  ,Sirap  ,Very small size  ,Kích thước rất nhỏ,Very small size  ,ขนาดเล็กมาก  ,Ukuran sangat kecil  ,Tamaño muy pequeño  ,Saiz sangat kecil  ,Freeze water,Ướp lạnh nước,Freeze water,น้ำแช่แข็ง,Air beku,Nagyeyelong tubig,Air beku,,
315,1,50,390,【General Knowledge】What kind of aircraft is a stealth aircraft?,【Kiến thức chung】Máy bay tàng hình là loại máy bay như thế nào?,【General Knowledge】What kind of aircraft is a stealth aircraft?,【ความรู้ทั่วไป】เครื่องบินล่องหนคือเครื่องบินประเภทใด?,【Pengetahuan Umum】Pesawat siluman adalah jenis pesawat seperti apa?,【Pangkalahatang Kaalaman】Anong uri ng eroplano ang stealth aircraft?,【Pengetahuan Am】Apakah pesawat halimunan itu?,Không thể radar phát hiện,Không thể radar phát hiện,Undetectable by radar  ,ไม่สามารถถูกเรดาร์ตรวจจับได้  ,Tidak bisa dideteksi radar  ,Hindi nadedetek ng radar  ,Tidak dapat dikesan oleh radar  ,Invisible to the naked eye  ,Không thể nhìn thấy bằng mắt thường,Invisible to the naked eye  ,มองไม่เห็นด้วยตาเปล่า  ,Tak terlihat oleh mata telanjang  ,Hindi nakikita ng mata  ,Tidak dapat dilihat oleh mata  ,Amplitude of sound source  ,Biên độ của vật phát ra âm thanh,Amplitude of sound source  ,แอมพลิจูดของแหล่งเสียง  ,Amplitudo sumber suara  ,Amplitud de la fuente sonora  ,Amplitud sumber bunyi  ,Transparent material,Trong suốt chất liệu,Transparent material,วัสดุใส,Bahan transparan,Transparent na materyal,Bahan lutsinar,,
316,1,50,391,【General Knowledge】Is high or low sound determined by what factor?,【Kiến thức chung】Âm thanh cao hay thấp được quyết định bởi yếu tố nào?,【General Knowledge】Is high or low sound determined by what factor?,【ความรู้ทั่วไป】เสียงสูงหรือต่ำถูกกำหนดโดยปัจจัยใด?,【Pengetahuan Umum】Apakah suara tinggi atau rendah ditentukan oleh faktor apa?,【Pangkalahatang Kaalaman】Ano ang nagtatakda kung mataas o mababa ang tunog?,【Pengetahuan Am】Bunyi tinggi atau rendah ditentukan oleh faktor apa?,Tần số của sự rung động cơ thể,Tần số của sự rung động cơ thể,Frequency of body vibration  ,ความถี่ของการสั่นสะเทือนของร่างกาย  ,Frekuensi getaran tubuh  ,Dalasan ng panginginig ng katawan  ,Kerapkan gegaran badan  ,Material of the sound-producing object  ,Chất liệu của vật phát ra âm thanh,Material of the sound-producing object  ,วัสดุของวัตถุที่สร้างเสียง  ,Bahan dari benda penghasil suara  ,Materyal ng bagay na gumagawa ng tunog  ,Bahan objek yang menghasilkan bunyi  ,Water  ,Nước,Water  ,น้ำ  ,Air  ,Agua  ,Air  ,Emits sound of texture,Phát ra tiếng thể kết cấu,Emits sound of texture,ปล่อยเสียงของเนื้อผ้า,Mengeluarkan suara tekstur,Naglalabas ng tunog ng texture,Mengeluarkan bunyi tekstur,,
317,1,50,392,【General Knowledge】Light travels at different speeds through different media. In which medium does it travel fastest?,"【Kiến thức chung】Ánh sáng truyền qua các môi trường khác nhau với tốc độ khác nhau, vậy nó truyền nhanh nhất trong môi trường nào?",【General Knowledge】Light travels at different speeds through different media. In which medium does it travel fastest?,【ความรู้ทั่วไป】แสงเดินทางผ่านสื่อที่ต่างกันด้วยความเร็วที่ต่างกัน แสงเดินทางเร็วที่สุดในสื่อใด?,【Pengetahuan Umum】Cahaya merambat dengan kecepatan berbeda di berbagai media. Di media mana cahaya merambat paling cepat?,【Pangkalahatang Kaalaman】Ang ilaw ay naglalakbay sa iba't ibang mga medium na may iba't ibang bilis. Saang medium ito naglalakbay nang pinakamabilis?,"【Pengetahuan Am】Cahaya bergerak dengan kelajuan berbeza dalam pelbagai medium, jadi ia bergerak paling laju dalam medium apa?",Chân không,Chân không,Vacuum  ,สุญญากาศ  ,Hampa udara  ,Vacuum  ,Vakum  ,Metal  ,Kim loại,Metal  ,โลหะ  ,Logam  ,Metal  ,Logam  ,Root of tongue  ,Gốc lưỡi,Root of tongue  ,รากลิ้น  ,Akar lidah  ,Raíz de la lengua  ,Akar lidah  ,Air,Không khí,Air,อากาศ,Udara,Hangin,Udara,,
318,1,50,393,【General Knowledge】Which part of the tongue is most sensitive to sweet taste?,【Kiến thức chung】Vị trí nào trên lưỡi người nhạy cảm nhất với vị ngọt?,【General Knowledge】Which part of the tongue is most sensitive to sweet taste?,【ความรู้ทั่วไป】ส่วนใดของลิ้นที่ไวต่อรสหวานที่สุด?,【Pengetahuan Umum】Bagian lidah mana yang paling sensitif terhadap rasa manis?,【Pangkalahatang Kaalaman】Aling bahagi ng dila ang pinaka-sensitibo sa matamis na lasa?,【Pengetahuan Am】Bahagian lidah manusia yang paling sensitif terhadap rasa manis terletak di đâu?,Đầu lưỡi,Đầu lưỡi,Tip of the tongue  ,ปลายลิ้น  ,Ujung lidah  ,Dulo ng dila  ,Hujung lidah  ,Both sides of the tongue  ,Hai bên lưỡi,Both sides of the tongue  ,ทั้งสองข้างของลิ้น  ,Kedua sisi lidah  ,Magkabilang gilid ng dila  ,Kedua-dua belah lidah  ,Volume above 40 decibels  ,Âm lượng trên 40 decibel,Volume above 40 decibels  ,ระดับเสียงเกิน 40 เดซิเบล  ,Volume di atas 40 desibel  ,Volumen sobre 40 decibelios  ,Jumlah lebih 40 desibel  ,Blade in the middle,Lưỡi ở giữa,Blade in the middle,ใบมีดตรงกลาง,Bilahan di tengah,Talim sa gitna,Bilah di tengah,,
319,1,50,394,【General Knowledge】What do we usually mean by noise pollution?,【Kiến thức chung】Chúng ta thường nói ô nhiễm tiếng ồn là gì?,【General Knowledge】What do we usually mean by noise pollution?,【ความรู้ทั่วไป】เรามักหมายถึงมลพิษทางเสียงว่าอย่างไร?,【Pengetahuan Umum】Apa yang biasanya kita maksud dengan polusi suara?,【Pangkalahatang Kaalaman】Ano ang ibig sabihin ng polusyon sa ingay?,【Pengetahuan Am】Apakah yang dimaksudkan dengan pencemaran bunyi?,Trên 80 decibel,Trên 80 decibel,Above 80 decibels  ,มากกว่า 80 เดซิเบล  ,Di atas 80 desibel  ,Higit sa 80 decibel  ,Lebih daripada 80 desibel  ,Noise level above 90 dB,Độ ồn hơn 90 dB,Noise level above 90 dB,ระดับเสียงเกิน 90 เดซิเบล,Tingkat kebisingan lebih dari 90 dB,Ingles na ingay na lampas 90 dB,Bunyi bahasa Inggeris melebihi 90 dB  ,0.5,0.5,0.5,0.5,0.5,0.5,0.5,Volume exceeds 60,Âm lượng vượt qua 60,Volume exceeds 60,ระดับเสียงเกิน 60,Volume melebihi 60,Lumalampas ang dami ng 60,Isipadu melebihi 60,,
320,1,50,395,【General Knowledge】Water is an essential component of the human body. What percentage of an adult’s body weight does it make up to maintain normal physiological functions?,"【Kiến thức chung】Nước là thành phần không thể thiếu trong cơ thể người, chiếm bao nhiêu phần trăm trọng lượng cơ thể người trưởng thành để duy trì các hoạt động sinh lý bình thường?",【General Knowledge】Water is an essential component of the human body. What percentage of an adult’s body weight does it make up to maintain normal physiological functions?,【ความรู้ทั่วไป】น้ำเป็นส่วนประกอบที่จำเป็นในร่างกายมนุษย์ คิดเป็นกี่เปอร์เซ็นต์ของน้ำหนักตัวผู้ใหญ่เพื่อรักษาการทำงานทางสรีรวิทยาปกติ?,【Pengetahuan Umum】Air adalah komponen penting dalam tubuh manusia. Berapa persentase berat badan orang dewasa yang terdiri dari air untuk mempertahankan fungsi fisiologis normal?,【Pangkalahatang Kaalaman】Ang tubig ay isang mahalagang bahagi ng katawan ng tao. Ilan porsyento ng bigat ng katawan ng isang adulto ang tubig para mapanatili ang normal na pisyolohikal na gawain?,"【Pengetahuan Am】Air merupakan komponen penting dalam tubuh manusia, ia menyumbang berapa peratus daripada berat badan orang dewasa untuk mengekalkan fungsi fisiologi yang normal?",0.666666667,0.666666667,0.666666667,0.666666667,0.666666667,0.666666667,0.666666667,0.8,0.8,0.8,0.8,0.8,0.8,0.8,Eye  ,Mắt,Eye  ,ตา  ,Mata  ,Ojo  ,Mata  ,0.6,0.6,0.6,0.6,0.6,0.6,0.6,,
321,1,50,396,【General Knowledge】How do dogs usually cool themselves when they are hot?,"【Kiến thức chung】Khi chó nóng, chúng thường giải nhiệt bằng cách nào?",【General Knowledge】How do dogs usually cool themselves when they are hot?,【ความรู้ทั่วไป】สุนัขมักระบายความร้อนอย่างไรเมื่อรู้สึกร้อน?,【Pengetahuan Umum】Bagaimana biasanya anjing mendinginkan diri saat merasa panas?,【Pangkalahatang Kaalaman】Paano kadalasang nagpapalamig ang mga aso kapag mainit sila?,"【Pengetahuan Am】Apabila anjing kepanasan, bagaimana mereka menyejukkan badan?",Lưỡi,Lưỡi,Tongue,ลิ้น,Lidah,Dila,Lidah  ,Skin  ,Da,Skin  ,ผิวหนัง  ,Kulit  ,Balat  ,Kulit  ,1939,1939,1939,1939,1939,1939,1939,Ear hole,Lỗ tai,Ear hole,รูหู,Lubang telinga,Butas ng tainga,Lubang telinga,,
322,1,50,397,【General Knowledge】When did World War I start?,【Kiến thức chung】Chiến tranh thế giới lần thứ nhất bắt đầu vào thời gian nào?,【General Knowledge】When did World War I start?,【ความรู้ทั่วไป】สงครามโลกครั้งที่หนึ่งเริ่มเมื่อใด?,【Pengetahuan Umum】Kapan Perang Dunia I dimulai?,【Pangkalahatang Kaalaman】Kailan nagsimula ang Unang Digmaang Pandaigdig?,【Pengetahuan Am】Bila berlakunya Perang Dunia Pertama?,1914,1914,1914,1914,1914,1914,1914,1910,1910,1910,1910,1910,1910,1910,Vitamin B  ,Vitamin B,Vitamin B  ,วิตามินบี  ,Vitamin B  ,Vitamina B  ,Vitamin B  ,1940,1940,1940,1940,1940,1940,1940,,
323,2,50,398,"【General Knowledge】When the human skin is exposed to sunlight, what does the body produce?","【Kiến thức chung】Khi da người bị chiếu ánh sáng mặt trời, cơ thể sẽ sản sinh ra gì?","【General Knowledge】When the human skin is exposed to sunlight, what does the body produce?",【ความรู้ทั่วไป】เมื่อผิวหนังถูกแสงแดด ร่างกายจะสร้างอะไรขึ้น?,"【Pengetahuan Umum】Ketika kulit manusia terkena sinar matahari, apa yang diproduksi tubuh?","【Pangkalahatang Kaalaman】Kapag na-expose ang balat sa sikat ng araw, ano ang ginagawa ng katawan?","【Pengetahuan Am】Apabila kulit manusia terdedah kepada cahaya matahari, apakah yang dihasilkan oleh tubuh?",Vitamin D,Vitamin D,Vitamin D  ,วิตามินดี  ,Vitamin D  ,Vitamin D  ,Vitamin D  ,Vitamin C  ,Vitamin C,Vitamin C  ,วิตามินซี  ,Vitamin C  ,Bitamina C  ,Vitamin C  ,Stomach  ,Dạ dày,Stomach  ,กระเพาะอาหาร  ,Lambung  ,Estómago  ,Perut  ,Vitamin A,Vitamin A,Vitamin A,วิตามินเอ,Vitamin A,Bitamina A,Vitamin A,,
324,2,50,399,【General Knowledge】What is the main place in the body for absorbing and digesting nutrients?,【Kiến thức chung】Nơi chính để cơ thể hấp thụ và tiêu hóa các chất dinh dưỡng là đâu?,【General Knowledge】What is the main place in the body for absorbing and digesting nutrients?,【ความรู้ทั่วไป】ส่วนหลักที่ร่างกายดูดซึมและย่อยสารอาหารอยู่ที่ใด?,【Pengetahuan Umum】Dimana tempat utama dalam tubuh untuk menyerap dan mencerna nutrisi?,【Pangkalahatang Kaalaman】Saan ang pangunahing lugar sa katawan na nagsisipsip at nagtatunaw ng mga nutrisyon?,【Pengetahuan Am】Di manakah tempat utama tubuh menyerap dan mencerna nutrien?,Ruột non,Ruột non,Small intestine  ,ลำไส้เล็ก  ,Usus halus  ,Bituka (bahagiang maliit)  ,Usus kecil (bahagian)  ,Colon  ,Đại tràng,Colon  ,ลำไส้ใหญ่  ,Usus besar  ,Colon  ,Usus besar  ,Slightly sour  ,Chua nhẹ,Slightly sour  ,เปรี้ยวเล็กน้อย  ,Sedikit asam  ,Ligeramente ácido  ,Sedikit masam  ,Spleen,Tỳ,Spleen,ม้าม,Limpa,Lien,Limpa,,
325,2,50,400,"【General Knowledge】When bitten by mosquitoes, applying ammonia solution, baking soda, or soap helps reduce itching due to what effect?","【Kiến thức chung】Khi bị muỗi cắn, việc thoa dung dịch amoniac, baking soda hoặc xà phòng để giảm ngứa là nhờ vào tác dụng gì của chúng?","【General Knowledge】When bitten by mosquitoes, applying ammonia solution, baking soda, or soap helps reduce itching due to what effect?",【ความรู้ทั่วไป】เมื่อถูกยุงกัด การทาน้ำยาที่มีแอมโมเนีย เบกกิ้งโซดา หรือสบู่ช่วยลดอาการคันได้อย่างไร?,"【Pengetahuan Umum】Saat digigit nyamuk, mengoleskan larutan amonia, baking soda, atau sabun membantu mengurangi gatal karena efek apa?","【Pangkalahatang Kaalaman】Kapag na-kagat ng lamok, paano nakakatulong ang paglalagay ng ammonia solution, baking soda, o sabon upang mabawasan ang pangangati?","【Pengetahuan Am】Apabila digigit nyamuk, menyapu larutan ammoniak, baking soda, atau sabun dapat mengurangkan kegatalan disebabkan oleh kesan apa?",Kiềm yếu,Kiềm yếu,Weak alkali  ,ด่างอ่อน  ,Basa lemah  ,Mahinang alkali  ,Alkali lemah  ,Weak oxidizing property  ,Tính oxi hóa yếu,Weak oxidizing property  ,มีคุณสมบัติออกซิไดซ์อ่อน  ,Sifat pengoksidasi lemah  ,Mahinang katangian ng oxidizing  ,Ciri pengoksidaan yang lemah  ,"Rises with tailwind, falls with headwind  ","Đi lên khi có gió thuận, đi xuống khi có gió ngược","Rises with tailwind, falls with headwind  ",ขึ้นตามลมท้าย ลงตามลมหน้า  ,"Naik dengan angin belakang, turun dengan angin depan  ","Sube con viento a favor, baja con viento en contra  ","Naik dengan angin belakang, turun dengan angin hadapan  ",Outer active surface,Mặt ngoài hoạt tính,Outer active surface,ผิวด้านนอกที่มีการทำงาน,Permukaan aktif luar,Panlabas na aktibong ibabaw,Permukaan aktif luar,,
326,2,50,401,【General Knowledge】How to ensure the safest conditions when airplanes take off and land?,"【Kiến thức chung】Khi máy bay cất cánh và hạ cánh, làm thế nào để đảm bảo an toàn nhất?",【General Knowledge】How to ensure the safest conditions when airplanes take off and land?,【ความรู้ทั่วไป】เมื่อเครื่องบินขึ้นและลงอย่างไรจึงจะปลอดภัยที่สุด?,【Pengetahuan Umum】Bagaimana memastikan keamanan terbaik saat pesawat lepas landas dan mendarat?,【Pangkalahatang Kaalaman】Paano masisiguro ang pinakamaligtas na kalagayan kapag lumilipad o dumadapo ang eroplano?,【Pengetahuan Am】Apakah langkah paling selamat ketika pesawat berlepas dan mendarat?,"Cất cánh ngược gió, hạ cánh ngược gió","Cất cánh ngược gió, hạ cánh ngược gió",Take off and land against the wind  ,ขึ้นและลงจอดทวนลม  ,Lepas landas dan mendarat melawan angin  ,Lumipad at lumapag laban sa hangin  ,Terbang dan mendarat melawan angin  ,"Take off with the wind, land with the wind  ","Cất cánh thuận gió, hạ cánh thuận gió","Take off with the wind, land with the wind  ",บินขึ้นตามลม ลงจอดตามลม  ,"Lepas landas mengikuti arah angin, mendarat mengikuti arah angin  ","Lumipad kasabay ng hangin, lumapag kasabay ng hangin  ","Terbang bersama angin, mendarat bersama angin  ",Potassium chloride  ,Kali chloride,Potassium chloride  ,โพแทสเซียมคลอไรด์  ,Kalium klorida  ,Cloruro de potasio  ,Kalium klorida  ,"Against the wind takes off, with the wind lands","Ngược gió cất cánh, thuận gió hạ xuống","Against the wind takes off, with the wind lands",ขึ้นบินทวนลม ลงจอดตามลม,"Terbang melawan angin, turun mengikuti angin","Lumilipad laban sa hangin, bumababa kasabay ng hangin","Terbang melawan angin, mendarat mengikut angin",,
327,2,50,402,【General Knowledge】Why does seawater taste salty?,【Kiến thức chung】Nước biển có vị đắng vì nó chứa gì?,【General Knowledge】Why does seawater taste salty?,【ความรู้ทั่วไป】น้ำทะเลมีรสเค็มเพราะมีอะไร?,【Pengetahuan Umum】Mengapa air laut terasa asin?,【Pangkalahatang Kaalaman】Bakit maalat ang lasa ng tubig dagat?,【Pengetahuan Am】Air laut terasa pahit kerana mengandungi apa?,Magnesium Chloride,Magnesium Chloride,Magnesium Chloride  ,แมกนีเซียมคลอไรด์  ,Magnesium Klorida  ,Magnesium Chloride  ,Magnesium Klorida  ,Sodium chloride  ,Natri clorua,Sodium chloride  ,โซเดียมคลอไรด์  ,Natrium klorida  ,Sodium chloride  ,Natrium klorida  ,Kidney  ,Thận,Kidney  ,ไต  ,Ginjal  ,Riñón  ,Buah pinggang  ,Calcium carbonate,Lục hóa canxi,Calcium carbonate,แคลเซียมคาร์บอเนต,Kalsium karbonat,Kalsiyum karbonato,Kalsium karbonat,,
328,2,50,403,【General Knowledge】What is the detoxification organ in the human body?,【Kiến thức chung】Cơ quan giải độc trong cơ thể là gì?,【General Knowledge】What is the detoxification organ in the human body?,【ความรู้ทั่วไป】อวัยวะใดในร่างกายที่ทำหน้าที่ขจัดสารพิษ?,【Pengetahuan Umum】Apa organ detoksifikasi dalam tubuh manusia?,【Pangkalahatang Kaalaman】Ano ang organ na nagtatanggal ng mga lason sa katawan?,【Pengetahuan Am】Apakah organ detoks utama dalam badan manusia?,Gan,Gan,Liver  ,ตับ  ,Hati  ,Atay  ,Hati  ,Spleen  ,Lách,Spleen  ,ม้าม  ,Limpa  ,Léen  ,Léen  ,Kidney  ,Thận,Kidney  ,ไต  ,Ginjal  ,Riñón  ,Buah pinggang  ,Stomach,Dạ dày,Stomach,กระเพาะอาหาร,Lambung,Tiyan,Perut,,
329,2,50,404,【General Knowledge】Which of the following is NOT one of the three famous golden waterways of the world?,"【Kiến thức chung】Dưới đây, cái nào không phải là ba tuyến đường thủy vàng nổi tiếng của thế giới?",【General Knowledge】Which of the following is NOT one of the three famous golden waterways of the world?,【ความรู้ทั่วไป】ข้อใดต่อไปนี้ไม่ใช่เส้นทางน้ำทองคำที่มีชื่อเสียงของโลก?,【Pengetahuan Umum】Manakah dari berikut ini yang BUKAN salah satu dari tiga jalur air emas terkenal di dunia?,【Pangkalahatang Kaalaman】Alin sa mga sumusunod ang HINDI kabilang sa tatlong sikat na golden waterways sa mundo?,"【Pengetahuan Am】Antara berikut, yang manakah bukan salah satu daripada tiga laluan air utama terkenal dunia?",Eo biển Gibraltar,Eo biển Gibraltar,Strait of Gibraltar  ,ช่องแคบยิบรอลตา  ,Selat Gibraltar  ,Kipot ng Gibraltar  ,Selat Gibraltar  ,Panama Canal  ,Kênh Panama,Panama Canal  ,คลองปานามา  ,Terusan Panama  ,Panama Canal  ,Terusan Panama  ,Mississippi River,Sông Mississippi,Mississippi River,แม่น้ำมิสซิสซิปปี้,Sungai Mississippi,Río Mississippi,Sungai Mississippi,Suez Canal,Kênh đào Xuy-ê,Suez Canal,คลองสุเอซ,Terusan Suez,Suez Canal,Terusan Suez,,
330,2,50,405,【General Knowledge】Which famous palace is located in England?,"【Kiến thức chung】Dưới đây, cung điện nổi tiếng nào nằm ở Anh?",【General Knowledge】Which famous palace is located in England?,【ความรู้ทั่วไป】พระราชวังที่มีชื่อเสียงใดตั้งอยู่ในอังกฤษ?,【Pengetahuan Umum】Istana terkenal mana yang terletak di Inggris?,【Pangkalahatang Kaalaman】Aling kilalang palasyo ang matatagpuan sa Inglatera?,"【Pengetahuan Am】Antara berikut, istana terkenal manakah terletak di England?",Buckingham Palace,Buckingham Palace,Buckingham Palace  ,พระราชวังบัคกิงแฮม  ,Istana Buckingham  ,Palasyo ng Buckingham  ,Istana Buckingham  ,Kremlin  ,Kremlin,Kremlin  ,เครมลิน  ,Kremlin  ,Kremlin  ,Kremlin  ,Versailles Palace  ,Cung điện Versailles,Versailles Palace  ,พระราชวังแวร์ซาย  ,Istana Versailles  ,Palacio de Versalles  ,Istana Versailles  ,Forbidden City,Cố cung,Forbidden City,พระราชวังต้องห้าม,Kota Terlarang,Forbidden City,Kota Terlarang,,
331,2,50,406,【General Knowledge】What is the tallest tower in the world?,【Kiến thức chung】Tòa tháp cao nhất thế giới là tòa nào?,【General Knowledge】What is the tallest tower in the world?,【ความรู้ทั่วไป】ตึกที่สูงที่สุดในโลกคืออะไร?,【Pengetahuan Umum】Menara tertinggi di dunia adalah apa?,【Pangkalahatang Kaalaman】Ano ang pinakamataas na tore sa mundo?,【Pengetahuan Am】Apakah menara tertinggi di dunia?,Tháp Toronto,Tháp Toronto,CN Tower (Toronto)  ,หอคอย CN (โทรอนโต)  ,Menara CN  ,CN Tower (Toronto)  ,Menara CN (Toronto)  ,East Berlin Tower  ,Tháp Đông Berlin,East Berlin Tower  ,หอคอยเบอร์ลินตะวันออก  ,Menara Berlin Timur  ,East Berlin Tower  ,Menara Berlin Timur  ,Eiffel Tower  ,Tháp Eiffel,Eiffel Tower  ,หอไอเฟล  ,Menara Eiffel  ,Torre Eiffel  ,Menara Eiffel  ,Moscow tower,Mát-xcơ-va tháp,Moscow tower,หอคอยมอสโก,Menara Moskow,Moscow tower,Menara Moscow,,
332,3,50,407,【General Knowledge】Why do people often feel the air in forests is especially fresh?,【Kiến thức chung】Mọi người thường cảm thấy không khí trong rừng đặc biệt trong lành vì trong không khí có chứa nhiều gì?,【General Knowledge】Why do people often feel the air in forests is especially fresh?,【ความรู้ทั่วไป】ทำไมผู้คนมักรู้สึกว่าอากาศในป่าเป็นอากาศบริสุทธิ์เป็นพิเศษ?,【Pengetahuan Umum】Mengapa orang sering merasa udara di hutan sangat segar?,【Pangkalahatang Kaalaman】Bakit madalas maramdaman ng mga tao na napakalinis ng hangin sa kagubatan?,【Pengetahuan Am】Kenapa udara dalam hutan terasa lebih segar? Ia disebabkan oleh apa dalam udara?,Ion âm,Ion âm,Negative ion  ,ไอออนลบ  ,Ion negatif  ,Negatibong ion  ,Ion negatif  ,Helium ion  ,Ion heli,Helium ion  ,ไอออนฮีเลียม  ,Ion helium  ,Helium ion  ,Ion helium  ,Hydrogen Ion  ,Ion Hydro,Hydrogen Ion  ,ไอออนไฮโดรเจน  ,Ion Hidrogen  ,Ion de Hidrógeno  ,Ion Hidrogen  ,Nitrogen ion,Nitơ ion,Nitrogen ion,ไอออนไนโตรเจน,Ion nitrogen,Nitrogen ion,Ion nitrogen,,
333,3,50,408,【General Knowledge】Which of the following animals is NOT a mammal?,"【Kiến thức chung】Dưới đây, loài động vật nào không phải là động vật có vú?",【General Knowledge】Which of the following animals is NOT a mammal?,【ความรู้ทั่วไป】สัตว์ชนิดใดต่อไปนี้ไม่ใช่สัตว์เลี้ยงลูกด้วยนม?,【Pengetahuan Umum】Hewan mana dari berikut ini yang BUKAN mamalia?,【Pangkalahatang Kaalaman】Alin sa mga sumusunod na hayop ang HINDI mammal?,"【Pengetahuan Am】Antara berikut, haiwan manakah bukan mamalia?",Rùa biển,Rùa biển,Sea turtle  ,เต่าทะเล  ,Penyu laut  ,Pawikan  ,Penyu  ,Kangaroo  ,Kangaroo,Kangaroo  ,จิงโจ้  ,Kanguru  ,Kangaroo  ,Kanggaru  ,Bat  ,Dơi,Bat  ,ค้างคาว  ,Kelelawar  ,Murciélago  ,Kelawar  ,Whale,Cá voi,Whale,ปลาวาฬ,Paus,Balyena,Ikan paus,,
334,3,50,409,【General Knowledge】What luminous material can be used to make TV screens?,【Kiến thức chung】Chất liệu phát sáng có thể được sử dụng để chế tạo màn hình tivi là gì?,【General Knowledge】What luminous material can be used to make TV screens?,【ความรู้ทั่วไป】วัสดุเรืองแสงชนิดใดสามารถใช้ทำหน้าจอโทรทัศน์ได้?,【Pengetahuan Umum】Bahan bercahaya apa yang dapat digunakan untuk membuat layar TV?,【Pangkalahatang Kaalaman】Anong materyal na nagliliwanag ang maaaring gamitin para gumawa ng screen ng TV?,【Pengetahuan Am】Bahan bercahaya boleh digunakan untuk menghasilkan skrin TV ialah apa?,ZnS,ZnS,Zinc Sulfide (ZnS)  ,ซิงก์ซัลไฟด์  ,Seng Sulfida  ,Zinc Sulfide  ,Zink Sulfida  ,CuS  ,CuS,CuS  ,CuS  ,CuS  ,CuS  ,CuS  ,BaS  ,BaS,BaS  ,BaS  ,BaS  ,BaS  ,BaS  ,CaS,CaS,CaS,CaS,CaS,CaS,CaS,,
335,3,50,410,【General Knowledge】Who founded the international language Esperanto?,【Kiến thức chung】Người sáng lập ra ngôn ngữ quốc tế Esperanto là ai?,【General Knowledge】Who founded the international language Esperanto?,【ความรู้ทั่วไป】ใครเป็นผู้ก่อตั้งภาษาสากลเอสเปรันโต?,【Pengetahuan Umum】Siapa yang mendirikan bahasa internasional Esperanto?,【Pangkalahatang Kaalaman】Sino ang nagtatag ng internasyonal na wikang Esperanto?,【Pengetahuan Am】Siapakah pengasas bahasa antarabangsa Esperanto?,Schrödinger,Schrödinger,Schrodinger  ,Schrodinger  ,Schrodinger  ,Schrodinger  ,Schrödinger  ,Ellis  ,Ellis,Ellis  ,เอลลิส  ,Ellis  ,Ellis  ,Ellis  ,Bray  ,Bray,Bray  ,Bray  ,Bray  ,Bray  ,Bray  ,Auger climbs up,Auger trèo lên,Auger climbs up,เครื่องมือเจาะปีนขึ้น,Auger memanjat,Auger umaakyat,Auger memanjat,,
336,3,50,411,【General Knowledge】When is World Environment Day celebrated every year?,【Kiến thức chung】Ngày “Ngày Môi Trường Thế Giới” là vào ngày nào hàng năm?,【General Knowledge】When is World Environment Day celebrated every year?,【ความรู้ทั่วไป】วันสิ่งแวดล้อมโลกตรงกับวันไหนของทุกปี?,【Pengetahuan Umum】Kapan Hari Lingkungan Hidup Sedunia diperingati setiap tahun?,【Pangkalahatang Kaalaman】Kailan ipinagdiriwang ang Araw ng Kapaligiran sa buong mundo bawat taon?,【Pengetahuan Am】Hari “Hari Alam Sekitar Sedunia” disambut pada tarikh berapa setiap tahun?,Ngày 5 tháng 6,Ngày 5 tháng 6,5.Jun,วันที่ 5 มิถุนายน,Ika-5 ng Hunyo,Ika-5 ng Hunyo,5.Jun,4.June,Ngày 4 tháng 6,4.June,4 มิถุนายน,4 Juni,Ika-4 ng Hunyo,4.June,6.Jun,Ngày 6 tháng 6,6.Jun,วันที่ 6 มิถุนายน,Tanggal 6 Juni,6 de junio,6.Jun,6 months 8 days,6 Nguyệt 8 Nhật,6 months 8 days,6 เดือน 8 วัน,6 bulan 8 hari,6 buwan 8 araw,6 bulan 8 hari,,
