VariableName,_beizhu,cardID,desc,groupID,starUnlock,addAttributes,unlockdesc1,unlockdesc2,unlockType,unlockTarget,lock,rarity,level,star,advance,skillLevels,abilities,nvalue,fetters,equipAdvance,equipStar,equipLevel,equipAwake,zawake,hp,damage,specialDamage,defence,specialDefence,speed,strikeLevel,strikeDamage,strikeResistance,blockLevel,breakBlockLevel,blockPower,damageAdd,damageSub,mainSkillAdd,mainSkillSub,controlPer,immuneControl,suckBlood,rebound,languages
Defaults,,0,"""""",,<4;6;8;10;12>,<105%;115%;125%;135%;145%>,"""""","""""",0,0,0,1,90,12,17,<80;80;80;80;80;80>,{1=20;2=20;3=20;4=20;5=20;6=20;7=20;8=20;9=20;10=20},{hp=31;speed=31;damage=31;defence=31;specialDamage=31;specialDefence=31},TRUE,16,5,90,5,<0;0;0;0;0;0;0;0>,"""""","""""","""""","""""","""""","""""","""""","""""","""""","""""","""""","""""","""""","""""","""""","""""","""""","""""","""""","""""",<cn;in;vn;tw;kr;en;th;ma;ph>
ID,备注,卡牌ID,描述,分组,星级解锁档位,额外属性,未解锁条件描述,解锁达成描述,解锁方式(0-无条件;1-招募指定id卡牌;2-失败x轮解锁;3-获得指定id徽章;4-通关指定id的关卡  5根据周期内天数解锁),解锁目标,上锁标记,稀有度,等级,星级,突破阶数,技能等级,潜能等级,个体值,羁绊,饰品阶数,饰品星级,饰品等级,饰品觉醒等级,z觉醒等级,血量,物攻,特攻,物防,特防,速度,暴击等级,暴击伤害,暴击抗性,格挡等级,破格挡等级,格挡强度,伤害加成,伤害减免,大招伤害加成,大招伤害抗性,控制率,免控率,吸血率,反弹率,语言
10003,,13,Gru,1,,,,,,,,3,,,,,,,,,,,,,,,,,,,,,,,,,,,,,,,,,
10013,,53,Batman,1,,,,,,,,3,,,,,,,,,,,,,,,,,,,,,,,,,,,,,,,,,
10023,,13,Mario,1,,,,,,,,3,,,,,,,,,,,,,,,,,,,,,,,,,,,,,,,,,
10031,,13,Mario,1,,,,,,,,3,,,,,,,,,,,,,,,,,,,,,,,,,,,,,,,,,
10263,,13,Mario,1,,,,,,,,3,,,,,,,,,,,,,,,,,,,,,,,,,,,,,,,,,
10333,,44,Gru,1,,,,,,,,3,,,,,,,,,,,,,,,,,,,,,,,,,,,,,,,,,
10552,,53,Batman,1,,,,,,,,3,,,,,,,,,,,,,,,,,,,,,,,,,,,,,,,,,
10572,,44,Gru,1,,,,,,,,3,,,,,,,,,,,,,,,,,,,,,,,,,,,,,,,,,
10593,,53,Batman,1,,,,,,,,3,,,,,,,,,,,,,,,,,,,,,,,,,,,,,,,,,
10761,,53,Batman,2,,,,,,,,3,,,,,,,,,,,,,120%,120%,120%,120%,120%,120%,,,,,,,1000,1000,500,500,,,,,
10783,,53,Batman,1,,,,,,,,3,,,,,,,,,,,,,,,,,,,,,,,,,,,,,,,,,
10793,,13,Mario,1,,,,,,,,3,,,,,,,,,,,,,,,,,,,,,,,,,,,,,,,,,
10803,,44,Gru,1,,,,,,,,3,,,,,,,,,,,,,,,,,,,,,,,,,,,,,,,,,
10893,,53,Batman,1,,,,,,,,3,,,,,,,,,,,,,,,,,,,,,,,,,,,,,,,,,
11253,,13,Mario,1,,,,,,,,3,,,,,,,,,,,,,,,,,,,,,,,,,,,,,,,,,
11271,,13,Mario,2,,,,,,,,3,,,,,,,,,,,,,120%,120%,120%,120%,120%,120%,,,,,,,1000,1000,500,500,,,,,
11293,,13,Mario,1,,,,,,,,3,,,,,,,,,,,,,,,,,,,,,,,,,,,,,,,,,
11303,,13,Mario,1,,,,,,,,3,,,,,,,,,,,,,,,,,,,,,,,,,,,,,,,,,
11313,,44,Gru,1,,,,,,,,3,,,,,,,,,,,,,,,,,,,,,,,,,,,,,,,,,
11443,,44,Gru,1,,,,,,,,3,,,,,,,,,,,,,,,,,,,,,,,,,,,,,,,,,
11503,,13,Mario,1,,,,,,,,3,,,,,,,,,,,,,,,,,,,,,,,,,,,,,,,,,
11893,,53,Batman,1,,,,,,,,3,,,,,,,,,,,,,,,,,,,,,,,,,,,,,,,,,
11903,,13,Mario,1,,,,,,,,3,,,,,,,,,,,,,,,,,,,,,,,,,,,,,,,,,
11941,,13,Mario,2,,,,,,,,3,,,,,,,,,,,,,130%,130%,130%,130%,130%,130%,,,,,,,1500,1500,500,500,,,,,
11951,,44,Gru,2,,,,,,,,3,,,,,,,,,,,,,130%,130%,130%,130%,130%,130%,,,,,,,1500,1500,500,500,,,,,
11971,,44,Gru,2,,,,,,,,3,,,,,,,,,,,,,200%,200%,200%,200%,200%,200%,,,,,,,2000,2000,500,500,,,,,
11981,,53,Batman,2,,,,,,,,3,,,,,,,,,,,,,120%,120%,120%,120%,120%,120%,,,,,,,1000,1000,500,500,,,,,
12013,,13,Mario,1,,,,,,,,3,,,,,,,,,,,,,,,,,,,,,,,,,,,,,,,,,
12033,,53,Batman,1,,,,,,,,3,,,,,,,,,,,,,,,,,,,,,,,,,,,,,,,,,
12242,,44,Gru,1,,,,,,,,3,,,,,,,,,,,,,,,,,,,,,,,,,,,,,,,,,
12351,,53,Batman,2,,,,,,,,3,,,,,,,,,,,,,140%,140%,140%,140%,140%,140%,,,,,,,1000,1000,500,500,,,,,
12361,,13,Mario,2,,,,,,,,3,,,,,,,,,,,,,140%,140%,140%,140%,140%,140%,,,,,,,1000,1000,500,500,,,,,
12441,,44,Gru,2,,,,,,,,3,,,,,,,,,,,,,160%,160%,160%,160%,160%,160%,,,,,,,1500,1500,500,500,,,,,
12473,,44,Gru,1,,,,,,,,3,,,,,,,,,,,,,,,,,,,,,,,,,,,,,,,,,
12483,,44,Gru,1,,,,,,,,3,,,,,,,,,,,,,,,,,,,,,,,,,,,,,,,,,
13021,,44,Gru,1,,,,,,,,3,,,,,,,,,,,,,,,,,,,,,,,,,,,,,,,,,
13152,,44,Gru,1,,,,,,,,3,,,,,,,,,,,,,,,,,,,,,,,,,,,,,,,,,
13283,,44,Gru,1,,,,,,,,3,,,,,,,,,,,,,,,,,,,,,,,,,,,,,,,,,
13293,,53,Batman,1,,,,,,,,3,,,,,,,,,,,,,,,,,,,,,,,,,,,,,,,,,
13303,,53,Batman,1,,,,,,,,3,,,,,,,,,,,,,,,,,,,,,,,,,,,,,,,,,
13353,,53,Batman,1,,,,,,,,3,,,,,,,,,,,,,,,,,,,,,,,,,,,,,,,,,
13413,,13,Mario,1,,,,,,,,3,,,,,,,,,,,,,,,,,,,,,,,,,,,,,,,,,
13502,,13,Mario,1,,,,,,,,3,,,,,,,,,,,,,,,,,,,,,,,,,,,,,,,,,
13663,,53,Batman,1,,,,,,,,3,,,,,,,,,,,,,,,,,,,,,,,,,,,,,,,,,
13772,,53,Batman,1,,,,,,,,3,,,,,,,,,,,,,,,,,,,,,,,,,,,,,,,,,
20004,,13,Mario,3,,,,,,,,3,,,,,,,,,,,,,130%,130%,130%,130%,130%,130%,,,,,,,1500,1500,,,,,,,
20014,,44,Gru,3,,,,,,,,3,,,,,,,,,,,,,130%,130%,130%,130%,130%,130%,,,,,,,1500,1500,,,,,,,
20015,,53,Batman,3,,,,,,,,3,,,,,,,,,,,,,130%,130%,130%,130%,130%,130%,,,,,,,1500,1500,,,,,,,
20024,,13,Mario,3,,,,,,,,3,,,,,,,,,,,,,130%,130%,130%,130%,130%,130%,,,,,,,1500,1500,,,,,,,
20053,,44,Gru,3,,,,,,,,3,,10,,,,,,,,,,,130%,130%,130%,130%,130%,130%,,,,,,,1500,1500,,,,,,,
20093,,53,Batman,3,,,,,,,,3,,10,,,,,,,,,,,130%,130%,130%,130%,130%,130%,,,,,,,1500,1500,,,,,,,
20133,,13,Mario,3,,,,,,,,3,,10,,,,,,,,,,,130%,130%,130%,130%,130%,130%,,,,,,,1500,1500,,,,,,,
20153,,44,Gru,3,,,,,,,,3,,10,,,,,,,,,,,130%,130%,130%,130%,130%,130%,,,,,,,1500,1500,,,,,,,
20163,,53,Batman,3,,,,,,,,3,,10,,,,,,,,,,,130%,130%,130%,130%,130%,130%,,,,,,,1500,1500,,,,,,,
20264,,13,Mario,3,,,,,,,,3,,,,,,,,,,,,,130%,130%,130%,130%,130%,130%,,,,,,,1500,1500,,,,,,,
20273,,44,Gru,3,,,,,,,,3,,10,,,,,,,,,,,130%,130%,130%,130%,130%,130%,,,,,,,1500,1500,,,,,,,
20283,,53,Batman,3,,,,,,,,3,,10,,,,,,,,,,,130%,130%,130%,130%,130%,130%,,,,,,,1500,1500,,,,,,,
20303,,13,Mario,3,,,,,,,,3,,10,,,,,,,,,,,130%,130%,130%,130%,130%,130%,,,,,,,1500,1500,,,,,,,
20393,,44,Gru,3,,,,,,,,3,,10,,,,,,,,,,,130%,130%,130%,130%,130%,130%,,,,,,,1500,1500,,,,,,,
20394,,53,Batman,3,,,,,,,,3,,,,,,,,,,,,,130%,130%,130%,130%,130%,130%,,,,,,,1500,1500,,,,,,,
20493,,13,Mario,3,,,,,,,,3,,10,,,,,,,,,,,130%,130%,130%,130%,130%,130%,,,,,,,1500,1500,,,,,,,
20603,,44,Gru,3,,,,,,,,3,,10,,,,,,,,,,,130%,130%,130%,130%,130%,130%,,,,,,,1500,1500,,,,,,,
20721,,44,Gru,3,,,,,,,,3,,10,,,,,,,,,,,130%,130%,130%,130%,130%,130%,,,,,,,1500,1500,,,,,,,
20731,,53,Batman,3,,,,,,,,3,,,,,,,,,,,,,130%,130%,130%,130%,130%,130%,,,,,,,1500,1500,,,,,,,
20741,,13,Mario,3,,,,,,,,3,,,,,,,,,,,,,130%,130%,130%,130%,130%,130%,,,,,,,1500,1500,,,,,,,
20753,,53,Batman,3,,,,,,,,3,,,,<80;80;80;80;80;80;80>,,,,,,,,,130%,130%,130%,130%,130%,130%,,,,,,,1500,1500,,,,,,,
20771,,44,Gru,3,,,,,,,,3,,10,,,,,,,,,,,130%,130%,130%,130%,130%,130%,,,,,,,1500,1500,,,,,,,
20863,,13,Mario,3,,,,,,,,3,,,,,,,,,,,,,130%,130%,130%,130%,130%,130%,,,,,,,1500,1500,,,,,,,
20883,,44,Gru,3,,,,,,,,3,,10,,,,,,,,,,,130%,130%,130%,130%,130%,130%,,,,,,,1500,1500,,,,,,,
20884,,53,Batman,3,,,,,,,,3,,,,,,,,,,,,,130%,130%,130%,130%,130%,130%,,,,,,,1500,1500,,,,,,,
21071,,53,Batman,3,,,,,,,,3,,10,,,,,,,,,,,130%,130%,130%,130%,130%,130%,,,,,,,1500,1500,,,,,,,
21221,,13,Mario,3,,,,,,,,3,,,,,,,,,,,,,130%,130%,130%,130%,130%,130%,,,,,,,1500,1500,,,,,,,
21231,,44,Gru,3,,,,,,,,3,,,,,,,,,,,,,130%,130%,130%,130%,130%,130%,,,,,,,1500,1500,,,,,,,
21241,,53,Batman,3,,,,,,,,3,,,,,,,,,,,,,130%,130%,130%,130%,130%,130%,,,,,,,1500,1500,,,,,,,
21261,,53,Batman,3,,,,,,,,3,,,,,,,,,,,,,150%,150%,150%,150%,150%,150%,,,,,,,1500,1500,,,,,,,
21393,,13,Mario,3,,,,,,,,3,,,,,,,,,,,,,130%,130%,130%,130%,130%,130%,,,,,,,1500,1500,,,,,,,
21394,,44,Gru,3,,,,,,,,3,,10,,,,,,,,,,,130%,130%,130%,130%,130%,130%,,,,,,,1500,1500,,,,,,,
21423,,53,Batman,3,,,,,,,,3,,10,,,,,,,,,,,130%,130%,130%,130%,130%,130%,,,,,,,1500,1500,,,,,,,
21813,,13,Mario,3,,,,,,,,3,,,,,,,,,,,,,130%,130%,130%,130%,130%,130%,,,,,,,1500,1500,,,,,,,
21863,,44,Gru,3,,,,,,,,3,,10,,,,,,,,,,,130%,130%,130%,130%,130%,130%,,,,,,,1500,1500,,,,,,,
21911,,13,Mario,3,,,,,,,,3,,10,,,,,,,,,,,130%,130%,130%,130%,130%,130%,,,,,,,1500,1500,,,,,,,
21921,,44,Gru,3,,,,,,,,3,,10,,,,,,,,,,,130%,130%,130%,130%,130%,130%,,,,,,,1500,1500,,,,,,,
21931,,53,Batman,3,,,,,,,,3,,,,,,,,,,,,,130%,130%,130%,130%,130%,130%,,,,,,,1500,1500,,,,,,,
21961,,13,Mario,3,,,,,,,,3,,,,,,,,,,,,,150%,150%,150%,150%,150%,150%,,,,,,,1500,1500,,,,,,,
22073,,53,Batman,3,,,,,,,,3,,10,,,,,,,,,,,130%,130%,130%,130%,130%,130%,,,,,,,1500,1500,,,,,,,
22233,,13,Mario,3,,,,,,,,3,,,,,,,,,,,,,130%,130%,130%,130%,130%,130%,,,,,,,1500,1500,,,,,,,
22303,,44,Gru,3,,,,,,,,3,,10,,,,,,,,,,,130%,130%,130%,130%,130%,130%,,,,,,,1500,1500,,,,,,,
22351,,44,Gru,3,,,,,,,,3,,,,,,,,,,,,,150%,150%,150%,150%,150%,150%,,,,,,,1500,1500,,,,,,,
22361,,53,Batman,3,,,,,,,,3,,,,,,,,,,,,,150%,150%,150%,150%,150%,150%,,,,,,,1500,1500,,,,,,,
22381,,44,Gru,3,,,,,,,,3,,,,,,,,,,,,,150%,150%,150%,150%,150%,150%,,,,,,,1500,1500,,,,,,,
22391,,53,Batman,3,,,,,,,,3,,,,,,,,,,,,,150%,150%,150%,150%,150%,150%,,,,,,,1500,1500,,,,,,,
22401,,13,Mario,3,,,,,,,,3,,,,,,,,,,,,,130%,130%,130%,130%,130%,130%,,,,,,,1500,1500,,,,,,,
22431,,13,Mario,3,,,,,,,,3,,,,,,,,,,,,,150%,150%,150%,150%,150%,150%,,,,,,,1500,1500,,,,,,,
22442,,44,Gru,3,,,,,,,,3,,,,,,,,,,,,,150%,150%,150%,150%,150%,150%,,,,,,,1500,1500,,,,,,,
22593,,53,Batman,3,,,,,,,,3,,10,,,,,,,,,,,130%,130%,130%,130%,130%,130%,,,,,,,1500,1500,,,,,,,
22633,,13,Mario,3,,,,,,,,3,,10,,,,,,,,,,,130%,130%,130%,130%,130%,130%,,,,,,,1500,1500,,,,,,,
22683,,44,Gru,3,,,,,,,,3,,10,,,,,,,,,,,130%,130%,130%,130%,130%,130%,,,,,,,1500,1500,,,,,,,
22723,,53,Batman,3,,,,,,,,3,,10,,,,,,,,,,,130%,130%,130%,130%,130%,130%,,,,,,,1500,1500,,,,,,,
22843,,13,Mario,3,,,,,,,,3,,10,,,,,,,,,,,130%,130%,130%,130%,130%,130%,,,,,,,1500,1500,,,,,,,
22873,,44,Gru,3,,,,,,,,3,,10,,,,,,,,,,,130%,130%,130%,130%,130%,130%,,,,,,,1500,1500,,,,,,,
22963,,53,Batman,3,,,,,,,,3,,10,,,,,,,,,,,130%,130%,130%,130%,130%,130%,,,,,,,1500,1500,,,,,,,
22993,,13,Mario,3,,,,,,,,3,,,,,,,,,,,,,130%,130%,130%,130%,130%,130%,,,,,,,1500,1500,,,,,,,
23003,,44,Gru,3,,,,,,,,3,,,,,,,,,,,,,130%,130%,130%,130%,130%,130%,,,,,,,1500,1500,,,,,,,
23143,,53,Batman,3,,,,,,,,3,,10,,,,,,,,,,,130%,130%,130%,130%,130%,130%,,,,,,,1500,1500,,,,,,,
23211,,53,Batman,3,,,,,,,,3,,,,,,,,,,,,,150%,150%,150%,150%,150%,150%,,,,,,,1500,1500,,,,,,,
23221,,13,Mario,3,,,,,,,,3,,,,,,,,,,,,,150%,150%,150%,150%,150%,150%,,,,,,,1500,1500,,,,,,,
23241,,44,Gru,3,,,,,,,,3,,,,,,,,,,,,,150%,150%,150%,150%,150%,150%,,,,,,,1500,1500,,,,,,,
23251,,44,Gru,3,,,,,,,,3,,,,,,,,,,,,,130%,130%,130%,130%,130%,130%,,,,,,,1500,1500,,,,,,,
23543,,13,Mario,3,,,,,,,,3,,10,,,,,,,,,,,130%,130%,130%,130%,130%,130%,,,,,,,1500,1500,,,,,,,
23592,,53,Batman,3,,,,,,,,3,,10,,,,,,,,,,,130%,130%,130%,130%,130%,130%,,,,,,,1500,1500,,,,,,,
23631,,53,Batman,3,,,,,,,,3,,,,,,,,,,,,,150%,150%,150%,150%,150%,150%,,,,,,,1500,1500,,,,,,,
23641,,13,Mario,3,,,,,,,,3,,,,,,,,,,,,,150%,150%,150%,150%,150%,150%,,,,,,,1500,1500,,,,,,,
23843,,44,Gru,3,,,,,,,,3,,,,,,,,,,,,,130%,130%,130%,130%,130%,130%,,,,,,,1500,1500,,,,,,,
24132,,13,Mario,3,,,,,,,,3,,,,,,,,,,,,,130%,130%,130%,130%,130%,130%,,,,,,,1500,1500,,,,,,,
30003,,13,Mario,4,,,,,,,,3,,,,,,,,,,,,,,,,,,,,,,,,,,,,,,,,,
30013,,44,Gru,4,,,,,,,,3,,,,,,,,,,,,,,,,,,,,,,,,,,,,,,,,,
30023,,53,Batman,4,,,,,,,,3,,,,,,,,,,,,,,,,,,,,,,,,,,,,,,,,,
30031,,53,Batman,4,,,,,,,,3,,,,,,,,,,,,,,,,,,,,,,,,,,,,,,,,,
30263,,53,Batman,4,,,,,,,,3,,,,,,,,,,,,,,,,,,,,,,,,,,,,,,,,,
30333,,13,Mario,4,,,,,,,,3,,,,,,,,,,,,,,,,,,,,,,,,,,,,,,,,,
30552,,53,Batman,4,,,,,,,,3,,,,,,,,,,,,,,,,,,,,,,,,,,,,,,,,,
30572,,13,Mario,4,,,,,,,,3,,,,,,,,,,,,,,,,,,,,,,,,,,,,,,,,,
30593,,44,Gru,4,,,,,,,,3,,,,,,,,,,,,,,,,,,,,,,,,,,,,,,,,,
30761,,53,Batman,4,,,,,,,,3,,,,,,,,,,,,,120%,120%,120%,120%,120%,120%,,,,,,,1000,1000,500,500,,,,,
30783,,44,Gru,4,,,,,,,,3,,,,,,,,,,,,,,,,,,,,,,,,,,,,,,,,,
30793,,53,Batman,4,,,,,,,,3,,,,,,,,,,,,,,,,,,,,,,,,,,,,,,,,,
30803,,13,Mario,4,,,,,,,,3,,,,,,,,,,,,,,,,,,,,,,,,,,,,,,,,,
30893,,44,Gru,4,,,,,,,,3,,,,,,,,,,,,,,,,,,,,,,,,,,,,,,,,,
31253,,53,Batman,4,,,,,,,,3,,,,,,,,,,,,,,,,,,,,,,,,,,,,,,,,,
31271,,13,Mario,4,,,,,,,,3,,,,,,,,,,,,,120%,120%,120%,120%,120%,120%,,,,,,,1000,1000,500,500,,,,,
31293,,53,Batman,4,,,,,,,,3,,,,,,,,,,,,,,,,,,,,,,,,,,,,,,,,,
31303,,53,Batman,4,,,,,,,,3,,,,,,,,,,,,,,,,,,,,,,,,,,,,,,,,,
31313,,13,Mario,4,,,,,,,,3,,,,,,,,,,,,,,,,,,,,,,,,,,,,,,,,,
31443,,44,Gru,4,,,,,,,,3,,,,,,,,,,,,,,,,,,,,,,,,,,,,,,,,,
31503,,53,Batman,4,,,,,,,,3,,,,,,,,,,,,,,,,,,,,,,,,,,,,,,,,,
31893,,44,Gru,4,,,,,,,,3,,,,,,,,,,,,,,,,,,,,,,,,,,,,,,,,,
31903,,53,Batman,4,,,,,,,,3,,,,,,,,,,,,,,,,,,,,,,,,,,,,,,,,,
31941,,13,Mario,4,,,,,,,,3,,,,,,,,,,,,,130%,130%,130%,130%,130%,130%,,,,,,,1500,1500,500,500,,,,,
31951,,44,Gru,4,,,,,,,,3,,,,,,,,,,,,,130%,130%,130%,130%,130%,130%,,,,,,,1500,1500,500,500,,,,,
31971,,44,Gru,4,,,,,,,,3,,,,,,,,,,,,,200%,200%,200%,200%,200%,200%,,,,,,,2000,2000,500,500,,,,,
31981,,53,Batman,4,,,,,,,,3,,,,,,,,,,,,,120%,120%,120%,120%,120%,120%,,,,,,,1000,1000,500,500,,,,,
32013,,53,Batman,4,,,,,,,,3,,,,,,,,,,,,,,,,,,,,,,,,,,,,,,,,,
32033,,44,Gru,4,,,,,,,,3,,,,,,,,,,,,,,,,,,,,,,,,,,,,,,,,,
32242,,13,Mario,4,,,,,,,,3,,,,,,,,,,,,,,,,,,,,,,,,,,,,,,,,,
32351,,53,Batman,4,,,,,,,,3,,,,,,,,,,,,,140%,140%,140%,140%,140%,140%,,,,,,,1000,1000,500,500,,,,,
32361,,13,Mario,4,,,,,,,,3,,,,,,,,,,,,,140%,140%,140%,140%,140%,140%,,,,,,,1000,1000,500,500,,,,,
32441,,44,Gru,4,,,,,,,,3,,,,,,,,,,,,,160%,160%,160%,160%,160%,160%,,,,,,,1500,1500,500,500,,,,,
32473,,13,Mario,4,,,,,,,,3,,,,,,,,,,,,,,,,,,,,,,,,,,,,,,,,,
32483,,13,Mario,4,,,,,,,,3,,,,,,,,,,,,,,,,,,,,,,,,,,,,,,,,,
33021,,13,Mario,4,,,,,,,,3,,,,,,,,,,,,,,,,,,,,,,,,,,,,,,,,,
33152,,13,Mario,4,,,,,,,,3,,,,,,,,,,,,,,,,,,,,,,,,,,,,,,,,,
33283,,13,Mario,4,,,,,,,,3,,,,,,,,,,,,,,,,,,,,,,,,,,,,,,,,,
33293,,44,Gru,4,,,,,,,,3,,,,,,,,,,,,,,,,,,,,,,,,,,,,,,,,,
33303,,44,Gru,4,,,,,,,,3,,,,,,,,,,,,,,,,,,,,,,,,,,,,,,,,,
33353,,44,Gru,4,,,,,,,,3,,,,,,,,,,,,,,,,,,,,,,,,,,,,,,,,,
33413,,53,Batman,4,,,,,,,,3,,,,,,,,,,,,,,,,,,,,,,,,,,,,,,,,,
33502,,13,Mario,4,,,,,,,,3,,,,,,,,,,,,,,,,,,,,,,,,,,,,,,,,,
33663,,44,Gru,4,,,,,,,,3,,,,,,,,,,,,,,,,,,,,,,,,,,,,,,,,,
33772,,44,Gru,4,,,,,,,,3,,,,,,,,,,,,,,,,,,,,,,,,,,,,,,,,,
40004,,53,Batman,5,,,,,,,,3,,,,,,,,,,,,,130%,130%,130%,130%,130%,130%,,,,,,,1500,1500,,,,,,,
40014,,13,Mario,5,,,,,,,,3,,,,,,,,,,,,,130%,130%,130%,130%,130%,130%,,,,,,,1500,1500,,,,,,,
40015,,44,Gru,5,,,,,,,,3,,,,,,,,,,,,,130%,130%,130%,130%,130%,130%,,,,,,,1500,1500,,,,,,,
40024,,53,Batman,5,,,,,,,,3,,,,,,,,,,,,,130%,130%,130%,130%,130%,130%,,,,,,,1500,1500,,,,,,,
40053,,13,Mario,5,,,,,,,,3,,,,,,,,,,,,,130%,130%,130%,130%,130%,130%,,,,,,,1500,1500,,,,,,,
40093,,44,Gru,5,,,,,,,,3,,,,,,,,,,,,,130%,130%,130%,130%,130%,130%,,,,,,,1500,1500,,,,,,,
40133,,53,Batman,5,,,,,,,,3,,,,,,,,,,,,,130%,130%,130%,130%,130%,130%,,,,,,,1500,1500,,,,,,,
40153,,13,Mario,5,,,,,,,,3,,,,,,,,,,,,,130%,130%,130%,130%,130%,130%,,,,,,,1500,1500,,,,,,,
40163,,13,Mario,5,,,,,,,,3,,,,,,,,,,,,,130%,130%,130%,130%,130%,130%,,,,,,,1500,1500,,,,,,,
40222,,44,Gru,5,,,,,,,,3,,,,,,,,,,,,,130%,130%,130%,130%,130%,130%,,,,,,,1500,1500,,,,,,,
40242,,44,Gru,5,,,,,,,,3,,,,,,,,,,,,,130%,130%,130%,130%,130%,130%,,,,,,,1500,1500,,,,,,,
40264,,53,Batman,5,,,,,,,,3,,,,,,,,,,,,,130%,130%,130%,130%,130%,130%,,,,,,,1500,1500,,,,,,,
40273,,53,Batman,5,,,,,,,,3,,,,,,,,,,,,,130%,130%,130%,130%,130%,130%,,,,,,,1500,1500,,,,,,,
40283,,13,Mario,5,,,,,,,,3,,,,,,,,,,,,,130%,130%,130%,130%,130%,130%,,,,,,,1500,1500,,,,,,,
40303,,44,Gru,5,,,,,,,,3,,,,,,,,,,,,,130%,130%,130%,130%,130%,130%,,,,,,,1500,1500,,,,,,,
40341,,53,Batman,5,,,,,,,,3,,,,,,,,,,,,,130%,130%,130%,130%,130%,130%,,,,,,,1500,1500,,,,,,,
40372,,13,Mario,5,,,,,,,,3,,,,,,,,,,,,,130%,130%,130%,130%,130%,130%,,,,,,,1500,1500,,,,,,,
40382,,44,Gru,5,,,,,,,,3,,,,,,,,,,,,,130%,130%,130%,130%,130%,130%,,,,,,,1500,1500,,,,,,,
40393,,13,Mario,5,,,,,,,,3,,,,,,,,,,,,,130%,130%,130%,130%,130%,130%,,,,,,,1500,1500,,,,,,,
40394,,44,Gru,5,,,,,,,,3,,,,,,,,,,,,,130%,130%,130%,130%,130%,130%,,,,,,,1500,1500,,,,,,,
40402,,53,Batman,5,,,,,,,,3,,,,,,,,,,,,,130%,130%,130%,130%,130%,130%,,,,,,,1500,1500,,,,,,,
40462,,53,Batman,5,,,,,,,,3,,,,,,,,,,,,,130%,130%,130%,130%,130%,130%,,,,,,,1500,1500,,,,,,,
40463,,13,Mario,5,,,,,,,,3,,,,,,,,,,,,,130%,130%,130%,130%,130%,130%,,,,,,,1500,1500,,,,,,,
40464,,44,Gru,5,,,,,,,,3,,,,,,,,,,,,,130%,130%,130%,130%,130%,130%,,,,,,,1500,1500,,,,,,,
40472,,53,Batman,5,,,,,,,,3,,,,,,,,,,,,,130%,130%,130%,130%,130%,130%,,,,,,,1500,1500,,,,,,,
40482,,13,Mario,5,,,,,,,,3,,,,,,,,,,,,,130%,130%,130%,130%,130%,130%,,,,,,,1500,1500,,,,,,,
40493,,13,Mario,5,,,,,,,,3,,,,,,,,,,,,,130%,130%,130%,130%,130%,130%,,,,,,,1500,1500,,,,,,,
40503,,44,Gru,5,,,,,,,,3,,,,,,,,,,,,,130%,130%,130%,130%,130%,130%,,,,,,,1500,1500,,,,,,,
40574,,44,Gru,5,,,,,,,,3,,,,,,,,,,,,,130%,130%,130%,130%,130%,130%,,,,,,,1500,1500,,,,,,,
40603,,53,Batman,5,,,,,,,,3,,,,,,,,,,,,,130%,130%,130%,130%,130%,130%,,,,,,,1500,1500,,,,,,,
40631,,13,Mario,5,,,,,,,,3,,,,,,,,,,,,,130%,130%,130%,130%,130%,130%,,,,,,,1500,1500,,,,,,,
40641,,44,Gru,5,,,,,,,,3,,,,,,,,,,,,,130%,130%,130%,130%,130%,130%,,,,,,,1500,1500,,,,,,,
40692,,53,Batman,5,,,,,,,,3,,,,,,,,,,,,,130%,130%,130%,130%,130%,130%,,,,,,,1500,1500,,,,,,,
40701,,53,Batman,5,,,,,,,,3,,,,,,,,,,,,,130%,130%,130%,130%,130%,130%,,,,,,,1500,1500,,,,,,,
40712,,13,Mario,5,,,,,,,,3,,,,,,,,,,,,,130%,130%,130%,130%,130%,130%,,,,,,,1500,1500,,,,,,,
40721,,44,Gru,5,,,,,,,,3,,,,,,,,,,,,,130%,130%,130%,130%,130%,130%,,,,,,,1500,1500,,,,,,,
40731,,53,Batman,5,,,,,,,,3,,,,,,,,,,,,,130%,130%,130%,130%,130%,130%,,,,,,,1500,1500,,,,,,,
40741,,13,Mario,5,,,,,,,,3,,,,,,,,,,,,,130%,130%,130%,130%,130%,130%,,,,,,,1500,1500,,,,,,,
40753,,44,Gru,5,,,,,,,,3,,,,<80;80;80;80;80;80;80>,,,,,,,,,130%,130%,130%,130%,130%,130%,,,,,,,1500,1500,,,,,,,
40771,,53,Batman,5,,,,,,,,3,,,,,,,,,,,,,130%,130%,130%,130%,130%,130%,,,,,,,1500,1500,,,,,,,
40863,,13,Mario,5,,,,,,,,3,,,,,,,,,,,,,130%,130%,130%,130%,130%,130%,,,,,,,1500,1500,,,,,,,
40883,,44,Gru,5,,,,,,,,3,,,,,,,,,,,,,130%,130%,130%,130%,130%,130%,,,,,,,1500,1500,,,,,,,
40884,,53,Batman,5,,,,,,,,3,,,,,,,,,,,,,130%,130%,130%,130%,130%,130%,,,,,,,1500,1500,,,,,,,
41032,,13,Mario,5,,,,,,,,3,,,,,,,,,,,,,130%,130%,130%,130%,130%,130%,,,,,,,1500,1500,,,,,,,
41071,,44,Gru,5,,,,,,,,3,,,,,,,,,,,,,130%,130%,130%,130%,130%,130%,,,,,,,1500,1500,,,,,,,
41082,,53,Batman,5,,,,,,,,3,,,,,,,,,,,,,130%,130%,130%,130%,130%,130%,,,,,,,1500,1500,,,,,,,
41172,,13,Mario,5,,,,,,,,3,,,,,,,,,,,,,130%,130%,130%,130%,130%,130%,,,,,,,1500,1500,,,,,,,
41221,,44,Gru,5,,,,,,,,3,,,,,,,,,,,,,130%,130%,130%,130%,130%,130%,,,,,,,1500,1500,,,,,,,
41231,,53,Batman,5,,,,,,,,3,,,,,,,,,,,,,130%,130%,130%,130%,130%,130%,,,,,,,1500,1500,,,,,,,
41241,,13,Mario,5,,,,,,,,3,,,,,,,,,,,,,130%,130%,130%,130%,130%,130%,,,,,,,1500,1500,,,,,,,
41261,,53,Batman,5,,,,,,,,3,,,,,,,,,,,,,130%,130%,130%,130%,130%,130%,,,,,,,1500,1500,,,,,,,
41314,,44,Gru,5,,,,,,,,3,,,,,,,,,,,,,130%,130%,130%,130%,130%,130%,,,,,,,1500,1500,,,,,,,
41393,,53,Batman,5,,,,,,,,3,,,,,,,,,,,,,130%,130%,130%,130%,130%,130%,,,,,,,1500,1500,,,,,,,
41394,,13,Mario,5,,,,,,,,3,,,,,,,,,,,,,130%,130%,130%,130%,130%,130%,,,,,,,1500,1500,,,,,,,
41423,,44,Gru,5,,,,,,,,3,,,,,,,,,,,,,130%,130%,130%,130%,130%,130%,,,,,,,1500,1500,,,,,,,
41612,,13,Mario,5,,,,,,,,3,,,,,,,,,,,,,130%,130%,130%,130%,130%,130%,,,,,,,1500,1500,,,,,,,
41802,,44,Gru,5,,,,,,,,3,,,,,,,,,,,,,130%,130%,130%,130%,130%,130%,,,,,,,1500,1500,,,,,,,
41813,,53,Batman,5,,,,,,,,3,,,,,,,,,,,,,130%,130%,130%,130%,130%,130%,,,,,,,1500,1500,,,,,,,
41841,,13,Mario,5,,,,,,,,3,,,,,,,,,,,,,130%,130%,130%,130%,130%,130%,,,,,,,1500,1500,,,,,,,
41853,,53,Batman,5,,,,,,,,3,,,,,,,,,,,,,130%,130%,130%,130%,130%,130%,,,,,,,1500,1500,,,,,,,
41863,,13,Mario,5,,,,,,,,3,,,,,,,,,,,,,130%,130%,130%,130%,130%,130%,,,,,,,1500,1500,,,,,,,
41911,,44,Gru,5,,,,,,,,3,,,,,,,,,,,,,130%,130%,130%,130%,130%,130%,,,,,,,1500,1500,,,,,,,
41921,,53,Batman,5,,,,,,,,3,,,,,,,,,,,,,130%,130%,130%,130%,130%,130%,,,,,,,1500,1500,,,,,,,
41931,,13,Mario,5,,,,,,,,3,,,,,,,,,,,,,130%,130%,130%,130%,130%,130%,,,,,,,1500,1500,,,,,,,
41961,,13,Mario,5,,,,,,,,3,,,,,,,,,,,,,130%,130%,130%,130%,130%,130%,,,,,,,1500,1500,,,,,,,
41982,,44,Gru,5,,,,,,,,3,,,,,,,,,,,,,130%,130%,130%,130%,130%,130%,,,,,,,1500,1500,,,,,,,
41991,,53,Batman,5,,,,,,,,3,,,,,,,,,,,,,130%,130%,130%,130%,130%,130%,,,,,,,1500,1500,,,,,,,
42073,,44,Gru,5,,,,,,,,3,,,,,,,,,,,,,130%,130%,130%,130%,130%,130%,,,,,,,1500,1500,,,,,,,
42233,,44,Gru,5,,,,,,,,3,,,,,,,,,,,,,130%,130%,130%,130%,130%,130%,,,,,,,1500,1500,,,,,,,
42272,,53,Batman,5,,,,,,,,3,,,,,,,,,,,,,130%,130%,130%,130%,130%,130%,,,,,,,1500,1500,,,,,,,
42302,,13,Mario,5,,,,,,,,3,,,,,,,,,,,,,130%,130%,130%,130%,130%,130%,,,,,,,1500,1500,,,,,,,
42303,,44,Gru,5,,,,,,,,3,,,,,,,,,,,,,130%,130%,130%,130%,130%,130%,,,,,,,1500,1500,,,,,,,
42351,,44,Gru,5,,,,,,,,3,,,,,,,,,,,,,130%,130%,130%,130%,130%,130%,,,,,,,1500,1500,,,,,,,
42361,,53,Batman,5,,,,,,,,3,,,,,,,,,,,,,130%,130%,130%,130%,130%,130%,,,,,,,1500,1500,,,,,,,
42381,,13,Mario,5,,,,,,,,3,,,,,,,,,,,,,130%,130%,130%,130%,130%,130%,,,,,,,1500,1500,,,,,,,
42391,,44,Gru,5,,,,,,,,3,,,,,,,,,,,,,130%,130%,130%,130%,130%,130%,,,,,,,1500,1500,,,,,,,
42401,,53,Batman,5,,,,,,,,3,,,,,,,,,,,,,130%,130%,130%,130%,130%,130%,,,,,,,1500,1500,,,,,,,
42431,,53,Batman,5,,,,,,,,3,,,,,,,,,,,,,130%,130%,130%,130%,130%,130%,,,,,,,1500,1500,,,,,,,
42593,,53,Batman,5,,,,,,,,3,,,,,,,,,,,,,130%,130%,130%,130%,130%,130%,,,,,,,1500,1500,,,,,,,
42612,,13,Mario,5,,,,,,,,3,,,,,,,,,,,,,130%,130%,130%,130%,130%,130%,,,,,,,1500,1500,,,,,,,
42633,,44,Gru,5,,,,,,,,3,,,,,,,,,,,,,130%,130%,130%,130%,130%,130%,,,,,,,1500,1500,,,,,,,
42683,,53,Batman,5,,,,,,,,3,,,,,,,,,,,,,130%,130%,130%,130%,130%,130%,,,,,,,1500,1500,,,,,,,
42723,,13,Mario,5,,,,,,,,3,,,,,,,,,,,,,130%,130%,130%,130%,130%,130%,,,,,,,1500,1500,,,,,,,
42822,,44,Gru,5,,,,,,,,3,,,,,,,,,,,,,130%,130%,130%,130%,130%,130%,,,,,,,1500,1500,,,,,,,
42843,,13,Mario,5,,,,,,,,3,,,,,,,,,,,,,130%,130%,130%,130%,130%,130%,,,,,,,1500,1500,,,,,,,
42873,,44,Gru,5,,,,,,,,3,,,,,,,,,,,,,130%,130%,130%,130%,130%,130%,,,,,,,1500,1500,,,,,,,
42891,,53,Batman,5,,,,,,,,3,,,,,,,,,,,,,130%,130%,130%,130%,130%,130%,,,,,,,1500,1500,,,,,,,
42923,,13,Mario,5,,,,,,,,3,,,,,,,,,,,,,130%,130%,130%,130%,130%,130%,,,,,,,1500,1500,,,,,,,
42924,,44,Gru,5,,,,,,,,3,,,,,,,,,,,,,130%,130%,130%,130%,130%,130%,,,,,,,1500,1500,,,,,,,
42963,,53,Batman,5,,,,,,,,3,,,,,,,,,,,,,130%,130%,130%,130%,130%,130%,,,,,,,1500,1500,,,,,,,
42993,,53,Batman,5,,,,,,,,3,,,,,,,,,,,,,130%,130%,130%,130%,130%,130%,,,,,,,1500,1500,,,,,,,
43003,,13,Mario,5,,,,,,,,3,,,,,,,,,,,,,130%,130%,130%,130%,130%,130%,,,,,,,1500,1500,,,,,,,
43012,,13,Mario,5,,,,,,,,3,,,,,,,,,,,,,130%,130%,130%,130%,130%,130%,,,,,,,1500,1500,,,,,,,
43143,,44,Gru,5,,,,,,,,3,,,,,,,,,,,,,130%,130%,130%,130%,130%,130%,,,,,,,1500,1500,,,,,,,
43161,,53,Batman,5,,,,,,,,3,,,,,,,,,,,,,130%,130%,130%,130%,130%,130%,,,,,,,1500,1500,,,,,,,
43171,,13,Mario,5,,,,,,,,3,,,,,,,,,,,,,130%,130%,130%,130%,130%,130%,,,,,,,1500,1500,,,,,,,
43181,,44,Gru,5,,,,,,,,3,,,,,,,,,,,,,130%,130%,130%,130%,130%,130%,,,,,,,1500,1500,,,,,,,
43211,,13,Mario,5,,,,,,,,3,,,,,,,,,,,,,130%,130%,130%,130%,130%,130%,,,,,,,1500,1500,,,,,,,
43221,,44,Gru,5,,,,,,,,3,,,,,,,,,,,,,130%,130%,130%,130%,130%,130%,,,,,,,1500,1500,,,,,,,
43241,,53,Batman,5,,,,,,,,3,,,,,,,,,,,,,130%,130%,130%,130%,130%,130%,,,,,,,1500,1500,,,,,,,
43251,,53,Batman,5,,,,,,,,3,,,,,,,,,,,,,130%,130%,130%,130%,130%,130%,,,,,,,1500,1500,,,,,,,
43261,,13,Mario,5,,,,,,,,3,,,,,,,,,,,,,130%,130%,130%,130%,130%,130%,,,,,,,1500,1500,,,,,,,
43342,,44,Gru,5,,,,,,,,3,,,,,,,,,,,,,130%,130%,130%,130%,130%,130%,,,,,,,1500,1500,,,,,,,
43432,,53,Batman,5,,,,,,,,3,,,,,,,,,,,,,130%,130%,130%,130%,130%,130%,,,,,,,1500,1500,,,,,,,
43472,,13,Mario,5,,,,,,,,3,,,,,,,,,,,,,130%,130%,130%,130%,130%,130%,,,,,,,1500,1500,,,,,,,
43511,,44,Gru,5,,,,,,,,3,,,,,,,,,,,,,130%,130%,130%,130%,130%,130%,,,,,,,1500,1500,,,,,,,
43543,,13,Mario,5,,,,,,,,3,,,,,,,,,,,,,130%,130%,130%,130%,130%,130%,,,,,,,1500,1500,,,,,,,
43592,,44,Gru,5,,,,,,,,3,,,,,,,,,,,,,130%,130%,130%,130%,130%,130%,,,,,,,1500,1500,,,,,,,
43611,,44,Gru,5,,,,,,,,3,,,,,,,,,,,,,130%,130%,130%,130%,130%,130%,,,,,,,1500,1500,,,,,,,
43631,,53,Batman,5,,,,,,,,3,,,,,,,,,,,,,130%,130%,130%,130%,130%,130%,,,,,,,1500,1500,,,,,,,
43642,,13,Mario,5,,,,,,,,3,,,,,,,,,,,,,130%,130%,130%,130%,130%,130%,,,,,,,1500,1500,,,,,,,
43843,,53,Batman,5,,,,,,,,3,,,,,,,,,,,,,130%,130%,130%,130%,130%,130%,,,,,,,1500,1500,,,,,,,
44132,,13,Mario,5,,,,,,,,3,,,,,,,,,,,,,130%,130%,130%,130%,130%,130%,,,,,,,1500,1500,,,,,,,
47001,,44,Gru,5,,,,,,,,3,,,,,,,,,,,,,130%,130%,130%,130%,130%,130%,,,,,,,1500,1500,,,,,,,
50003,,13,Mario,6,,,,,,,,3,,,,,,,,,,,,,,,,,,,,,,,,,,,,,,,,,
50013,,44,Gru,6,,,,,,,,3,,,,,,,,,,,,,,,,,,,,,,,,,,,,,,,,,
50023,,53,Batman,6,,,,,,,,3,,,,,,,,,,,,,,,,,,,,,,,,,,,,,,,,,
50242,,13,Mario,6,,,,,,,,3,,,,,,,,,,,,,,,,,,,,,,,,,,,,,,,,,
50721,,53,Batman,6,,,,,,,,3,,,,,,,,,,,,,,,,,,,,,,,,,,,,,,,,,
50731,,13,Mario,6,,,,,,,,3,,,,,,,,,,,,,,,,,,,,,,,,,,,,,,,,,
50741,,44,Gru,6,,,,,,,,3,,,,,,,,,,,,,,,,,,,,,,,,,,,,,,,,,
50771,,44,Gru,6,,,,,,,,3,,,,,,,,,,,,,,,,,,,,,,,,,,,,,,,,,
50783,,44,Gru,6,,,,,,,,3,,,,,,,,,,,,,,,,,,,,,,,,,,,,,,,,,
50793,,53,Batman,6,,,,,,,,3,,,,,,,,,,,,,,,,,,,,,,,,,,,,,,,,,
50803,,13,Mario,6,,,,,,,,3,,,,,,,,,,,,,,,,,,,,,,,,,,,,,,,,,
51221,,53,Batman,6,,,,,,,,3,,,,,,,,,,,,,,,,,,,,,,,,,,,,,,,,,
51231,,13,Mario,6,,,,,,,,3,,,,,,,,,,,,,,,,,,,,,,,,,,,,,,,,,
51241,,44,Gru,6,,,,,,,,3,,,,,,,,,,,,,,,,,,,,,,,,,,,,,,,,,
51261,,53,Batman,6,,,,,,,,3,,,,,,,,,,,,,120%,120%,120%,120%,120%,120%,,,,,,,1000,1000,500,500,,,,,
51271,,44,Gru,6,,,,,,,,3,,,,,,,,,,,,,160%,160%,160%,160%,160%,160%,,,,,,,1500,1500,500,500,,,,,
51293,,53,Batman,6,,,,,,,,3,,,,,,,,,,,,,,,,,,,,,,,,,,,,,,,,,
51303,,53,Batman,6,,,,,,,,3,,,,,,,,,,,,,,,,,,,,,,,,,,,,,,,,,
51313,,13,Mario,6,,,,,,,,3,,,,,,,,,,,,,,,,,,,,,,,,,,,,,,,,,
51911,,53,Batman,6,,,,,,,,3,,,,,,,,,,,,,,,,,,,,,,,,,,,,,,,,,
51921,,13,Mario,6,,,,,,,,3,,,,,,,,,,,,,,,,,,,,,,,,,,,,,,,,,
51931,,44,Gru,6,,,,,,,,3,,,,,,,,,,,,,,,,,,,,,,,,,,,,,,,,,
51941,,53,Batman,6,,,,,,,,3,,,,,,,,,,,,,,,,,,,,,,,,,,,,,,,,,
51951,,13,Mario,6,,,,,,,,3,,,,,,,,,,,,,,,,,,,,,,,,,,,,,,,,,
51991,,13,Mario,6,,,,,,,,3,,,,,,,,,,,,,130%,130%,130%,130%,130%,130%,,,,,,,1500,1500,500,500,,,,,
52013,,53,Batman,6,,,,,,,,3,,,,,,,,,,,,,,,,,,,,,,,,,,,,,,,,,
52033,,44,Gru,6,,,,,,,,3,,,,,,,,,,,,,,,,,,,,,,,,,,,,,,,,,
52381,,44,Gru,6,,,,,,,,3,,,,,,,,,,,,,,,,,,,,,,,,,,,,,,,,,
52401,,53,Batman,6,,,,,,,,3,,,,,,,,,,,,,,,,,,,,,,,,,,,,,,,,,
52431,,13,Mario,6,,,,,,,,3,,,,,,,,,,,,,140%,140%,140%,140%,140%,140%,,,,,,,1000,1000,500,500,,,,,
52441,,44,Gru,6,,,,,,,,3,,,,,,,,,,,,,130%,130%,130%,130%,130%,130%,,,,,,,1500,1500,500,500,,,,,
52473,,13,Mario,6,,,,,,,,3,,,,,,,,,,,,,,,,,,,,,,,,,,,,,,,,,
52483,,13,Mario,6,,,,,,,,3,,,,,,,,,,,,,,,,,,,,,,,,,,,,,,,,,
53161,,13,Mario,6,,,,,,,,3,,,,,,,,,,,,,,,,,,,,,,,,,,,,,,,,,
53171,,44,Gru,6,,,,,,,,3,,,,,,,,,,,,,,,,,,,,,,,,,,,,,,,,,
53181,,53,Batman,6,,,,,,,,3,,,,,,,,,,,,,,,,,,,,,,,,,,,,,,,,,
53251,,53,Batman,6,,,,,,,,3,,,,,,,,,,,,,,,,,,,,,,,,,,,,,,,,,
53261,,53,Batman,6,,,,,,,,3,,,,,,,,,,,,,120%,120%,120%,120%,120%,120%,,,,,,,1000,1000,500,500,,,,,
53283,,13,Mario,6,,,,,,,,3,,,,,,,,,,,,,,,,,,,,,,,,,,,,,,,,,
53293,,44,Gru,6,,,,,,,,3,,,,,,,,,,,,,,,,,,,,,,,,,,,,,,,,,
53303,,44,Gru,6,,,,,,,,3,,,,,,,,,,,,,,,,,,,,,,,,,,,,,,,,,
53631,,13,Mario,6,,,,,,,,3,,,,,,,,,,,,,120%,120%,120%,120%,120%,120%,,,,,,,1000,1000,500,500,,,,,
53641,,44,Gru,6,,,,,,,,3,,,,,,,,,,,,,200%,200%,200%,200%,200%,200%,,,,,,,2000,2000,500,500,,,,,
53663,,44,Gru,6,,,,,,,,3,,,,,,,,,,,,,,,,,,,,,,,,,,,,,,,,,
54172,,53,Batman,6,,,,,,,,3,,,,,,,,,,,,,140%,140%,140%,140%,140%,140%,,,,,,,1000,1000,500,500,,,,,
60004,,53,Batman,7,,,,,,,,3,,,,,,,,,,,,,130%,130%,130%,130%,130%,130%,,,,,,,1500,1500,,,,,,,
60014,,13,Mario,7,,,,,,,,3,,,,,,,,,,,,,130%,130%,130%,130%,130%,130%,,,,,,,1500,1500,,,,,,,
60015,,44,Gru,7,,,,,,,,3,,,,,,,,,,,,,130%,130%,130%,130%,130%,130%,,,,,,,1500,1500,,,,,,,
60024,,53,Batman,7,,,,,,,,3,,,,,,,,,,,,,130%,130%,130%,130%,130%,130%,,,,,,,1500,1500,,,,,,,
60053,,13,Mario,7,,,,,,,,3,,,,,,,,,,,,,130%,130%,130%,130%,130%,130%,,,,,,,1500,1500,,,,,,,
60093,,44,Gru,7,,,,,,,,3,,,,,,,,,,,,,130%,130%,130%,130%,130%,130%,,,,,,,1500,1500,,,,,,,
60133,,53,Batman,7,,,,,,,,3,,,,,,,,,,,,,130%,130%,130%,130%,130%,130%,,,,,,,1500,1500,,,,,,,
60153,,13,Mario,7,,,,,,,,3,,,,,,,,,,,,,130%,130%,130%,130%,130%,130%,,,,,,,1500,1500,,,,,,,
60163,,13,Mario,7,,,,,,,,3,,,,,,,,,,,,,130%,130%,130%,130%,130%,130%,,,,,,,1500,1500,,,,,,,
60222,,44,Gru,7,,,,,,,,3,,,,,,,,,,,,,130%,130%,130%,130%,130%,130%,,,,,,,1500,1500,,,,,,,
60263,,44,Gru,7,,,,,,,,3,,,,,,,,,,,,,130%,130%,130%,130%,130%,130%,,,,,,,1500,1500,,,,,,,
60264,,53,Batman,7,,,,,,,,3,,,,,,,,,,,,,130%,130%,130%,130%,130%,130%,,,,,,,1500,1500,,,,,,,
60273,,53,Batman,7,,,,,,,,3,,,,,,,,,,,,,130%,130%,130%,130%,130%,130%,,,,,,,1500,1500,,,,,,,
60283,,13,Mario,7,,,,,,,,3,,,,,,,,,,,,,130%,130%,130%,130%,130%,130%,,,,,,,1500,1500,,,,,,,
60303,,44,Gru,7,,,,,,,,3,,,,,,,,,,,,,130%,130%,130%,130%,130%,130%,,,,,,,1500,1500,,,,,,,
60333,,13,Mario,7,,,,,,,,3,,,,,,,,,,,,,130%,130%,130%,130%,130%,130%,,,,,,,1500,1500,,,,,,,
60341,,53,Batman,7,,,,,,,,3,,,,,,,,,,,,,130%,130%,130%,130%,130%,130%,,,,,,,1500,1500,,,,,,,
60372,,13,Mario,7,,,,,,,,3,,,,,,,,,,,,,130%,130%,130%,130%,130%,130%,,,,,,,1500,1500,,,,,,,
60382,,44,Gru,7,,,,,,,,3,,,,,,,,,,,,,130%,130%,130%,130%,130%,130%,,,,,,,1500,1500,,,,,,,
60393,,44,Gru,7,,,,,,,,3,,,,,,,,,,,,,130%,130%,130%,130%,130%,130%,,,,,,,1500,1500,,,,,,,
60394,,53,Batman,7,,,,,,,,3,,,,,,,,,,,,,130%,130%,130%,130%,130%,130%,,,,,,,1500,1500,,,,,,,
60402,,13,Mario,7,,,,,,,,3,,,,,,,,,,,,,130%,130%,130%,130%,130%,130%,,,,,,,1500,1500,,,,,,,
60462,,53,Batman,7,,,,,,,,3,,,,,,,,,,,,,130%,130%,130%,130%,130%,130%,,,,,,,1500,1500,,,,,,,
60463,,13,Mario,7,,,,,,,,3,,,,,,,,,,,,,130%,130%,130%,130%,130%,130%,,,,,,,1500,1500,,,,,,,
60464,,44,Gru,7,,,,,,,,3,,,,,,,,,,,,,130%,130%,130%,130%,130%,130%,,,,,,,1500,1500,,,,,,,
60472,,53,Batman,7,,,,,,,,3,,,,,,,,,,,,,130%,130%,130%,130%,130%,130%,,,,,,,1500,1500,,,,,,,
60482,,13,Mario,7,,,,,,,,3,,,,,,,,,,,,,130%,130%,130%,130%,130%,130%,,,,,,,1500,1500,,,,,,,
60493,,44,Gru,7,,,,,,,,3,,,,,,,,,,,,,130%,130%,130%,130%,130%,130%,,,,,,,1500,1500,,,,,,,
60503,,44,Gru,7,,,,,,,,3,,,,,,,,,,,,,130%,130%,130%,130%,130%,130%,,,,,,,1500,1500,,,,,,,
60552,,53,Batman,7,,,,,,,,3,,,,,,,,,,,,,130%,130%,130%,130%,130%,130%,,,,,,,1500,1500,,,,,,,
60572,,53,Batman,7,,,,,,,,3,,,,,,,,,,,,,130%,130%,130%,130%,130%,130%,,,,,,,1500,1500,,,,,,,
60574,,13,Mario,7,,,,,,,,3,,,,,,,,,,,,,130%,130%,130%,130%,130%,130%,,,,,,,1500,1500,,,,,,,
60593,,44,Gru,7,,,,,,,,3,,,,,,,,,,,,,130%,130%,130%,130%,130%,130%,,,,,,,1500,1500,,,,,,,
60603,,53,Batman,7,,,,,,,,3,,,,,,,,,,,,,130%,130%,130%,130%,130%,130%,,,,,,,1500,1500,,,,,,,
60631,,13,Mario,7,,,,,,,,3,,,,,,,,,,,,,130%,130%,130%,130%,130%,130%,,,,,,,1500,1500,,,,,,,
60641,,44,Gru,7,,,,,,,,3,,,,,,,,,,,,,130%,130%,130%,130%,130%,130%,,,,,,,1500,1500,,,,,,,
60692,,13,Mario,7,,,,,,,,3,,,,,,,,,,,,,130%,130%,130%,130%,130%,130%,,,,,,,1500,1500,,,,,,,
60701,,53,Batman,7,,,,,,,,3,,,,,,,,,,,,,130%,130%,130%,130%,130%,130%,,,,,,,1500,1500,,,,,,,
60712,,13,Mario,7,,,,,,,,3,,,,,,,,,,,,,130%,130%,130%,130%,130%,130%,,,,,,,1500,1500,,,,,,,
60753,,44,Gru,7,,,,,,,,3,,,,<80;80;80;80;80;80;80>,,,,,,,,,130%,130%,130%,130%,130%,130%,,,,,,,1500,1500,,,,,,,
60761,,13,Mario,7,,,,,,,,3,,,,,,,,,,,,,130%,130%,130%,130%,130%,130%,,,,,,,1500,1500,,,,,,,
60863,,53,Batman,7,,,,,,,,3,,,,,,,,,,,,,130%,130%,130%,130%,130%,130%,,,,,,,1500,1500,,,,,,,
60883,,13,Mario,7,,,,,,,,3,,,,,,,,,,,,,130%,130%,130%,130%,130%,130%,,,,,,,1500,1500,,,,,,,
60884,,44,Gru,7,,,,,,,,3,,,,,,,,,,,,,130%,130%,130%,130%,130%,130%,,,,,,,1500,1500,,,,,,,
61032,,53,Batman,7,,,,,,,,3,,,,,,,,,,,,,130%,130%,130%,130%,130%,130%,,,,,,,1500,1500,,,,,,,
61071,,13,Mario,7,,,,,,,,3,,,,,,,,,,,,,130%,130%,130%,130%,130%,130%,,,,,,,1500,1500,,,,,,,
61082,,44,Gru,7,,,,,,,,3,,,,,,,,,,,,,130%,130%,130%,130%,130%,130%,,,,,,,1500,1500,,,,,,,
61172,,53,Batman,7,,,,,,,,3,,,,,,,,,,,,,130%,130%,130%,130%,130%,130%,,,,,,,1500,1500,,,,,,,
61253,,13,Mario,7,,,,,,,,3,,,,,,,,,,,,,130%,130%,130%,130%,130%,130%,,,,,,,1500,1500,,,,,,,
61314,,44,Gru,7,,,,,,,,3,,,,,,,,,,,,,130%,130%,130%,130%,130%,130%,,,,,,,1500,1500,,,,,,,
61393,,53,Batman,7,,,,,,,,3,,,,,,,,,,,,,130%,130%,130%,130%,130%,130%,,,,,,,1500,1500,,,,,,,
61394,,13,Mario,7,,,,,,,,3,,,,,,,,,,,,,130%,130%,130%,130%,130%,130%,,,,,,,1500,1500,,,,,,,
61423,,44,Gru,7,,,,,,,,3,,,,,,,,,,,,,130%,130%,130%,130%,130%,130%,,,,,,,1500,1500,,,,,,,
61443,,44,Gru,7,,,,,,,,3,,,,,,,,,,,,,130%,130%,130%,130%,130%,130%,,,,,,,1500,1500,,,,,,,
61503,,53,Batman,7,,,,,,,,3,,,,,,,,,,,,,130%,130%,130%,130%,130%,130%,,,,,,,1500,1500,,,,,,,
61612,,53,Batman,7,,,,,,,,3,,,,,,,,,,,,,130%,130%,130%,130%,130%,130%,,,,,,,1500,1500,,,,,,,
61802,,13,Mario,7,,,,,,,,3,,,,,,,,,,,,,130%,130%,130%,130%,130%,130%,,,,,,,1500,1500,,,,,,,
61813,,13,Mario,7,,,,,,,,3,,,,,,,,,,,,,130%,130%,130%,130%,130%,130%,,,,,,,1500,1500,,,,,,,
61841,,44,Gru,7,,,,,,,,3,,,,,,,,,,,,,130%,130%,130%,130%,130%,130%,,,,,,,1500,1500,,,,,,,
61853,,44,Gru,7,,,,,,,,3,,,,,,,,,,,,,130%,130%,130%,130%,130%,130%,,,,,,,1500,1500,,,,,,,
61863,,53,Batman,7,,,,,,,,3,,,,,,,,,,,,,130%,130%,130%,130%,130%,130%,,,,,,,1500,1500,,,,,,,
61893,,53,Batman,7,,,,,,,,3,,,,,,,,,,,,,130%,130%,130%,130%,130%,130%,,,,,,,1500,1500,,,,,,,
61903,,13,Mario,7,,,,,,,,3,,,,,,,,,,,,,130%,130%,130%,130%,130%,130%,,,,,,,1500,1500,,,,,,,
61961,,44,Gru,7,,,,,,,,3,,,,,,,,,,,,,130%,130%,130%,130%,130%,130%,,,,,,,1500,1500,,,,,,,
61971,,53,Batman,7,,,,,,,,3,,,,,,,,,,,,,130%,130%,130%,130%,130%,130%,,,,,,,1500,1500,,,,,,,
61981,,13,Mario,7,,,,,,,,3,,,,,,,,,,,,,130%,130%,130%,130%,130%,130%,,,,,,,1500,1500,,,,,,,
61982,,44,Gru,7,,,,,,,,3,,,,,,,,,,,,,,,,,,,,,,,,,,,,,,,,,
62073,,13,Mario,7,,,,,,,,3,,,,,,,,,,,,,130%,130%,130%,130%,130%,130%,,,,,,,1500,1500,,,,,,,
62233,,44,Gru,7,,,,,,,,3,,,,,,,,,,,,,130%,130%,130%,130%,130%,130%,,,,,,,1500,1500,,,,,,,
62242,,53,Batman,7,,,,,,,,3,,,,,,,,,,,,,130%,130%,130%,130%,130%,130%,,,,,,,1500,1500,,,,,,,
62272,,44,Gru,7,,,,,,,,3,,,,,,,,,,,,,130%,130%,130%,130%,130%,130%,,,,,,,1500,1500,,,,,,,
62302,,53,Batman,7,,,,,,,,3,,,,,,,,,,,,,130%,130%,130%,130%,130%,130%,,,,,,,1500,1500,,,,,,,
62303,,13,Mario,7,,,,,,,,3,,,,,,,,,,,,,130%,130%,130%,130%,130%,130%,,,,,,,1500,1500,,,,,,,
62351,,53,Batman,7,,,,,,,,3,,,,,,,,,,,,,130%,130%,130%,130%,130%,130%,,,,,,,1500,1500,,,,,,,
62361,,13,Mario,7,,,,,,,,3,,,,,,,,,,,,,130%,130%,130%,130%,130%,130%,,,,,,,1500,1500,,,,,,,
62391,,44,Gru,7,,,,,,,,3,,,,,,,,,,,,,130%,130%,130%,130%,130%,130%,,,,,,,1500,1500,,,,,,,
62431,,13,Mario,7,,,,,,,,3,,,,,,,,,,,,,130%,130%,130%,130%,130%,130%,,,,,,,1500,1500,,,,,,,
62593,,44,Gru,7,,,,,,,,3,,,,,,,,,,,,,130%,130%,130%,130%,130%,130%,,,,,,,1500,1500,,,,,,,
62612,,53,Batman,7,,,,,,,,3,,,,,,,,,,,,,130%,130%,130%,130%,130%,130%,,,,,,,1500,1500,,,,,,,
62633,,13,Mario,7,,,,,,,,3,,,,,,,,,,,,,130%,130%,130%,130%,130%,130%,,,,,,,1500,1500,,,,,,,
62683,,44,Gru,7,,,,,,,,3,,,,,,,,,,,,,130%,130%,130%,130%,130%,130%,,,,,,,1500,1500,,,,,,,
62723,,13,Mario,7,,,,,,,,3,,,,,,,,,,,,,130%,130%,130%,130%,130%,130%,,,,,,,1500,1500,,,,,,,
62822,,44,Gru,7,,,,,,,,3,,,,,,,,,,,,,130%,130%,130%,130%,130%,130%,,,,,,,1500,1500,,,,,,,
62843,,53,Batman,7,,,,,,,,3,,,,,,,,,,,,,130%,130%,130%,130%,130%,130%,,,,,,,1500,1500,,,,,,,
62873,,13,Mario,7,,,,,,,,3,,,,,,,,,,,,,130%,130%,130%,130%,130%,130%,,,,,,,1500,1500,,,,,,,
62891,,44,Gru,7,,,,,,,,3,,,,,,,,,,,,,130%,130%,130%,130%,130%,130%,,,,,,,1500,1500,,,,,,,
62923,,53,Batman,7,,,,,,,,3,,,,,,,,,,,,,130%,130%,130%,130%,130%,130%,,,,,,,1500,1500,,,,,,,
62924,,13,Mario,7,,,,,,,,3,,,,,,,,,,,,,130%,130%,130%,130%,130%,130%,,,,,,,1500,1500,,,,,,,
62963,,44,Gru,7,,,,,,,,3,,,,,,,,,,,,,130%,130%,130%,130%,130%,130%,,,,,,,1500,1500,,,,,,,
62993,,53,Batman,7,,,,,,,,3,,,,,,,,,,,,,130%,130%,130%,130%,130%,130%,,,,,,,1500,1500,,,,,,,
63003,,13,Mario,7,,,,,,,,3,,,,,,,,,,,,,130%,130%,130%,130%,130%,130%,,,,,,,1500,1500,,,,,,,
63012,,53,Batman,7,,,,,,,,3,,,,,,,,,,,,,130%,130%,130%,130%,130%,130%,,,,,,,1500,1500,,,,,,,
63021,,44,Gru,7,,,,,,,,3,,,,,,,,,,,,,130%,130%,130%,130%,130%,130%,,,,,,,1500,1500,,,,,,,
63143,,53,Batman,7,,,,,,,,3,,,,,,,,,,,,,130%,130%,130%,130%,130%,130%,,,,,,,1500,1500,,,,,,,
63152,,13,Mario,7,,,,,,,,3,,,,,,,,,,,,,130%,130%,130%,130%,130%,130%,,,,,,,1500,1500,,,,,,,
63211,,53,Batman,7,,,,,,,,3,,,,,,,,,,,,,130%,130%,130%,130%,130%,130%,,,,,,,1500,1500,,,,,,,
63221,,13,Mario,7,,,,,,,,3,,,,,,,,,,,,,130%,130%,130%,130%,130%,130%,,,,,,,1500,1500,,,,,,,
63241,,44,Gru,7,,,,,,,,3,,,,,,,,,,,,,130%,130%,130%,130%,130%,130%,,,,,,,1500,1500,,,,,,,
63261,,53,Batman,7,,,,,,,,3,,,,,,,,,,,,,130%,130%,130%,130%,130%,130%,,,,,,,1500,1500,,,,,,,
63342,,13,Mario,7,,,,,,,,3,,,,,,,,,,,,,130%,130%,130%,130%,130%,130%,,,,,,,1500,1500,,,,,,,
63353,,44,Gru,7,,,,,,,,3,,,,,,,,,,,,,130%,130%,130%,130%,130%,130%,,,,,,,1500,1500,,,,,,,
63413,,53,Batman,7,,,,,,,,3,,,,,,,,,,,,,130%,130%,130%,130%,130%,130%,,,,,,,1500,1500,,,,,,,
63432,,44,Gru,7,,,,,,,,3,,,,,,,,,,,,,130%,130%,130%,130%,130%,130%,,,,,,,1500,1500,,,,,,,
63472,,53,Batman,7,,,,,,,,3,,,,,,,,,,,,,130%,130%,130%,130%,130%,130%,,,,,,,1500,1500,,,,,,,
63502,,13,Mario,7,,,,,,,,3,,,,,,,,,,,,,130%,130%,130%,130%,130%,130%,,,,,,,1500,1500,,,,,,,
63511,,44,Gru,7,,,,,,,,3,,,,,,,,,,,,,130%,130%,130%,130%,130%,130%,,,,,,,1500,1500,,,,,,,
63543,,13,Mario,7,,,,,,,,3,,,,,,,,,,,,,130%,130%,130%,130%,130%,130%,,,,,,,1500,1500,,,,,,,
63592,,44,Gru,7,,,,,,,,3,,,,,,,,,,,,,130%,130%,130%,130%,130%,130%,,,,,,,1500,1500,,,,,,,
63611,,13,Mario,7,,,,,,,,3,,,,,,,,,,,,,,,,,,,,,,,,,,,,,,,,,
63642,,44,Gru,7,,,,,,,,3,,,,,,,,,,,,,130%,130%,130%,130%,130%,130%,,,,,,,1500,1500,,,,,,,
63772,,53,Batman,7,,,,,,,,3,,,,,,,,,,,,,130%,130%,130%,130%,130%,130%,,,,,,,1500,1500,,,,,,,
63843,,13,Mario,7,,,,,,,,3,,,,,,,,,,,,,130%,130%,130%,130%,130%,130%,,,,,,,1500,1500,,,,,,,
64132,,44,Gru,7,,,,,,,,3,,,,,,,,,,,,,130%,130%,130%,130%,130%,130%,,,,,,,1500,1500,,,,,,,
64171,,53,Batman,7,,,,,,,,3,,,,,,,,,,,,,130%,130%,130%,130%,130%,130%,,,,,,,1500,1500,,,,,,,
67001,,53,Batman,7,,,,,,,,3,,,,,,,,,,,,,130%,130%,130%,130%,130%,130%,,,,,,,1500,1500,,,,,,,
70003,,13,Mario,8,,,,,,,,3,,,,,,,,,,,,,,,,,,,,,,,,,,,,,,,,,
70013,,44,Gru,8,,,,,,,,3,,,,,,,,,,,,,,,,,,,,,,,,,,,,,,,,,
70023,,53,Batman,8,,,,,,,,3,,,,,,,,,,,,,,,,,,,,,,,,,,,,,,,,,
70031,,13,Mario,8,,,,,,,,3,,,,,,,,,,,,,,,,,,,,,,,,,,,,,,,,,
70402,,44,Gru,8,,,,,,,,3,,,,,,,,,,,,,,,,,,,,,,,,,,,,,,,,,
70631,,44,Gru,8,,,,,,,,3,,,,,,,,,,,,,,,,,,,,,,,,,,,,,,,,,
70641,,53,Batman,8,,,,,,,,3,,,,,,,,,,,,,,,,,,,,,,,,,,,,,,,,,
70701,,53,Batman,8,,,,,,,,3,,,,,,,,,,,,,,,,,,,,,,,,,,,,,,,,,
70753,,53,Batman,8,,,,,,,,3,,,,<80;80;80;80;80;80;80>,,,,,,,,,,,,,,,,,,,,,,,,,,,,,
70783,,44,Gru,8,,,,,,,,3,,,,,,,,,,,,,,,,,,,,,,,,,,,,,,,,,
70793,,53,Batman,8,,,,,,,,3,,,,,,,,,,,,,,,,,,,,,,,,,,,,,,,,,
70803,,13,Mario,8,,,,,,,,3,,,,,,,,,,,,,,,,,,,,,,,,,,,,,,,,,
70884,,13,Mario,8,,,,,,,,3,,,,,,,,,,,,,,,,,,,,,,,,,,,,,,,,,
70893,,13,Mario,8,,,,,,,,3,,,,,,,,,,,,,,,,,,,,,,,,,,,,,,,,,
71293,,53,Batman,8,,,,,,,,3,,,,,,,,,,,,,,,,,,,,,,,,,,,,,,,,,
71303,,53,Batman,8,,,,,,,,3,,,,,,,,,,,,,,,,,,,,,,,,,,,,,,,,,
71313,,13,Mario,8,,,,,,,,3,,,,,,,,,,,,,,,,,,,,,,,,,,,,,,,,,
71893,,44,Gru,8,,,,,,,,3,,,,,,,,,,,,,,,,,,,,,,,,,,,,,,,,,
71941,,53,Batman,8,,,,,,,,3,,,,,,,,,,,,,,,,,,,,,,,,,,,,,,,,,
71951,,13,Mario,8,,,,,,,,3,,,,,,,,,,,,,,,,,,,,,,,,,,,,,,,,,
71981,,13,Mario,8,,,,,,,,3,,,,,,,,,,,,,140%,140%,140%,140%,140%,140%,,,,,,,1000,1000,500,500,,,,,
71982,,44,Gru,8,,,,,,,,3,,,,,,,,,,,,,160%,160%,160%,160%,160%,160%,,,,,,,1500,1500,500,500,,,,,
72013,,53,Batman,8,,,,,,,,3,,,,,,,,,,,,,,,,,,,,,,,,,,,,,,,,,
72033,,44,Gru,8,,,,,,,,3,,,,,,,,,,,,,,,,,,,,,,,,,,,,,,,,,
72233,,53,Batman,8,,,,,,,,3,,,,,,,,,,,,,,,,,,,,,,,,,,,,,,,,,
72351,,13,Mario,8,,,,,,,,3,,,,,,,,,,,,,130%,130%,130%,130%,130%,130%,,,,,,,1500,1500,500,500,,,,,
72361,,44,Gru,8,,,,,,,,3,,,,,,,,,,,,,130%,130%,130%,130%,130%,130%,,,,,,,1500,1500,500,500,,,,,
72381,,53,Batman,8,,,,,,,,3,,,,,,,,,,,,,120%,120%,120%,120%,120%,120%,,,,,,,1000,1000,500,500,,,,,
72391,,53,Batman,8,,,,,,,,3,,,,,,,,,,,,,120%,120%,120%,120%,120%,120%,,,,,,,1000,1000,500,500,,,,,
72473,,13,Mario,8,,,,,,,,3,,,,,,,,,,,,,,,,,,,,,,,,,,,,,,,,,
72483,,13,Mario,8,,,,,,,,3,,,,,,,,,,,,,,,,,,,,,,,,,,,,,,,,,
72612,,53,Batman,8,,,,,,,,3,,,,,,,,,,,,,,,,,,,,,,,,,,,,,,,,,
73003,,13,Mario,8,,,,,,,,3,,,,,,,,,,,,,,,,,,,,,,,,,,,,,,,,,
73143,,44,Gru,8,,,,,,,,3,,,,,,,,,,,,,,,,,,,,,,,,,,,,,,,,,
73211,,44,Gru,8,,,,,,,,3,,,,,,,,,,,,,200%,200%,200%,200%,200%,200%,,,,,,,2000,2000,500,500,,,,,
73221,,13,Mario,8,,,,,,,,3,,,,,,,,,,,,,120%,120%,120%,120%,120%,120%,,,,,,,1000,1000,500,500,,,,,
73241,,53,Batman,8,,,,,,,,3,,,,,,,,,,,,,140%,140%,140%,140%,140%,140%,,,,,,,1000,1000,500,500,,,,,
73283,,13,Mario,8,,,,,,,,3,,,,,,,,,,,,,,,,,,,,,,,,,,,,,,,,,
73293,,44,Gru,8,,,,,,,,3,,,,,,,,,,,,,,,,,,,,,,,,,,,,,,,,,
73303,,44,Gru,8,,,,,,,,3,,,,,,,,,,,,,,,,,,,,,,,,,,,,,,,,,
73501,,44,Gru,8,,,,,,,,3,,,,,,,,,,,,,,,,,,,,,,,,,,,,,,,,,
73543,,44,Gru,8,,,,,,,,3,,,,,,,,,,,,,,,,,,,,,,,,,,,,,,,,,
73592,,53,Batman,8,,,,,,,,3,,,,,,,,,,,,,,,,,,,,,,,,,,,,,,,,,
73663,,44,Gru,8,,,,,,,,3,,,,,,,,,,,,,,,,,,,,,,,,,,,,,,,,,
74132,,13,Mario,8,,,,,,,,3,,,,,,,,,,,,,,,,,,,,,,,,,,,,,,,,,
80004,,44,Gru,9,,,,,,,,3,,,,,,,,,,,,,130%,130%,130%,130%,130%,130%,,,,,,,1500,1500,,,,,,,
80014,,53,Batman,9,,,,,,,,3,,,,,,,,,,,,,130%,130%,130%,130%,130%,130%,,,,,,,1500,1500,,,,,,,
80015,,13,Mario,9,,,,,,,,3,,,,,,,,,,,,,130%,130%,130%,130%,130%,130%,,,,,,,1500,1500,,,,,,,
80024,,44,Gru,9,,,,,,,,3,,,,,,,,,,,,,130%,130%,130%,130%,130%,130%,,,,,,,1500,1500,,,,,,,
80053,,13,Mario,9,,,,,,,,3,,,,,,,,,,,,,130%,130%,130%,130%,130%,130%,,,,,,,1500,1500,,,,,,,
80093,,44,Gru,9,,,,,,,,3,,,,,,,,,,,,,130%,130%,130%,130%,130%,130%,,,,,,,1500,1500,,,,,,,
80133,,53,Batman,9,,,,,,,,3,,,,,,,,,,,,,130%,130%,130%,130%,130%,130%,,,,,,,1500,1500,,,,,,,
80153,,13,Mario,9,,,,,,,,3,,,,,,,,,,,,,130%,130%,130%,130%,130%,130%,,,,,,,1500,1500,,,,,,,
80163,,53,Batman,9,,,,,,,,3,,,,,,,,,,,,,130%,130%,130%,130%,130%,130%,,,,,,,1500,1500,,,,,,,
80222,,44,Gru,9,,,,,,,,3,,,,,,,,,,,,,130%,130%,130%,130%,130%,130%,,,,,,,1500,1500,,,,,,,
80242,,13,Mario,9,,,,,,,,3,,,,,,,,,,,,,130%,130%,130%,130%,130%,130%,,,,,,,1500,1500,,,,,,,
80263,,44,Gru,9,,,,,,,,3,,,,,,,,,,,,,130%,130%,130%,130%,130%,130%,,,,,,,1500,1500,,,,,,,
80264,,53,Batman,9,,,,,,,,3,,,,,,,,,,,,,130%,130%,130%,130%,130%,130%,,,,,,,1500,1500,,,,,,,
80273,,53,Batman,9,,,,,,,,3,,,,,,,,,,,,,130%,130%,130%,130%,130%,130%,,,,,,,1500,1500,,,,,,,
80283,,13,Mario,9,,,,,,,,3,,,,,,,,,,,,,130%,130%,130%,130%,130%,130%,,,,,,,1500,1500,,,,,,,
80303,,44,Gru,9,,,,,,,,3,,,,,,,,,,,,,130%,130%,130%,130%,130%,130%,,,,,,,1500,1500,,,,,,,
80333,,13,Mario,9,,,,,,,,3,,,,,,,,,,,,,130%,130%,130%,130%,130%,130%,,,,,,,1500,1500,,,,,,,
80341,,53,Batman,9,,,,,,,,3,,,,,,,,,,,,,130%,130%,130%,130%,130%,130%,,,,,,,1500,1500,,,,,,,
80372,,13,Mario,9,,,,,,,,3,,,,,,,,,,,,,130%,130%,130%,130%,130%,130%,,,,,,,1500,1500,,,,,,,
80382,,44,Gru,9,,,,,,,,3,,,,,,,,,,,,,130%,130%,130%,130%,130%,130%,,,,,,,1500,1500,,,,,,,
80393,,44,Gru,9,,,,,,,,3,,,,,,,,,,,,,130%,130%,130%,130%,130%,130%,,,,,,,1500,1500,,,,,,,
80394,,53,Batman,9,,,,,,,,3,,,,,,,,,,,,,130%,130%,130%,130%,130%,130%,,,,,,,1500,1500,,,,,,,
80462,,53,Batman,9,,,,,,,,3,,,,,,,,,,,,,130%,130%,130%,130%,130%,130%,,,,,,,1500,1500,,,,,,,
80463,,13,Mario,9,,,,,,,,3,,,,,,,,,,,,,130%,130%,130%,130%,130%,130%,,,,,,,1500,1500,,,,,,,
80464,,44,Gru,9,,,,,,,,3,,,,,,,,,,,,,130%,130%,130%,130%,130%,130%,,,,,,,1500,1500,,,,,,,
80472,,53,Batman,9,,,,,,,,3,,,,,,,,,,,,,130%,130%,130%,130%,130%,130%,,,,,,,1500,1500,,,,,,,
80482,,13,Mario,9,,,,,,,,3,,,,,,,,,,,,,130%,130%,130%,130%,130%,130%,,,,,,,1500,1500,,,,,,,
80493,,13,Mario,9,,,,,,,,3,,,,,,,,,,,,,130%,130%,130%,130%,130%,130%,,,,,,,1500,1500,,,,,,,
80503,,44,Gru,9,,,,,,,,3,,,,,,,,,,,,,130%,130%,130%,130%,130%,130%,,,,,,,1500,1500,,,,,,,
80552,,53,Batman,9,,,,,,,,3,,,,,,,,,,,,,130%,130%,130%,130%,130%,130%,,,,,,,1500,1500,,,,,,,
80572,,44,Gru,9,,,,,,,,3,,,,,,,,,,,,,130%,130%,130%,130%,130%,130%,,,,,,,1500,1500,,,,,,,
80574,,53,Batman,9,,,,,,,,3,,,,,,,,,,,,,130%,130%,130%,130%,130%,130%,,,,,,,1500,1500,,,,,,,
80593,,13,Mario,9,,,,,,,,3,,,,,,,,,,,,,130%,130%,130%,130%,130%,130%,,,,,,,1500,1500,,,,,,,
80603,,44,Gru,9,,,,,,,,3,,,,,,,,,,,,,130%,130%,130%,130%,130%,130%,,,,,,,1500,1500,,,,,,,
80692,,13,Mario,9,,,,,,,,3,,,,,,,,,,,,,130%,130%,130%,130%,130%,130%,,,,,,,1500,1500,,,,,,,
80712,,53,Batman,9,,,,,,,,3,,,,,,,,,,,,,130%,130%,130%,130%,130%,130%,,,,,,,1500,1500,,,,,,,
80721,,13,Mario,9,,,,,,,,3,,,,,,,,,,,,,130%,130%,130%,130%,130%,130%,,,,,,,1500,1500,,,,,,,
80731,,44,Gru,9,,,,,,,,3,,,,,,,,,,,,,130%,130%,130%,130%,130%,130%,,,,,,,1500,1500,,,,,,,
80741,,53,Batman,9,,,,,,,,3,,,,,,,,,,,,,130%,130%,130%,130%,130%,130%,,,,,,,1500,1500,,,,,,,
80761,,53,Batman,9,,,,,,,,3,,,,,,,,,,,,,130%,130%,130%,130%,130%,130%,,,,,,,1500,1500,,,,,,,
80771,,13,Mario,9,,,,,,,,3,,,,,,,,,,,,,130%,130%,130%,130%,130%,130%,,,,,,,1500,1500,,,,,,,
80863,,44,Gru,9,,,,,,,,3,,,,,,,,,,,,,130%,130%,130%,130%,130%,130%,,,,,,,1500,1500,,,,,,,
80883,,53,Batman,9,,,,,,,,3,,,,,,,,,,,,,130%,130%,130%,130%,130%,130%,,,,,,,1500,1500,,,,,,,
81032,,13,Mario,9,,,,,,,,3,,,,,,,,,,,,,130%,130%,130%,130%,130%,130%,,,,,,,1500,1500,,,,,,,
81071,,44,Gru,9,,,,,,,,3,,,,,,,,,,,,,130%,130%,130%,130%,130%,130%,,,,,,,1500,1500,,,,,,,
81082,,53,Batman,9,,,,,,,,3,,,,,,,,,,,,,130%,130%,130%,130%,130%,130%,,,,,,,1500,1500,,,,,,,
81172,,13,Mario,9,,,,,,,,3,,,,,,,,,,,,,130%,130%,130%,130%,130%,130%,,,,,,,1500,1500,,,,,,,
81221,,44,Gru,9,,,,,,,,3,,,,,,,,,,,,,130%,130%,130%,130%,130%,130%,,,,,,,1500,1500,,,,,,,
81231,,53,Batman,9,,,,,,,,3,,,,,,,,,,,,,130%,130%,130%,130%,130%,130%,,,,,,,1500,1500,,,,,,,
81241,,13,Mario,9,,,,,,,,3,,,,,,,,,,,,,130%,130%,130%,130%,130%,130%,,,,,,,1500,1500,,,,,,,
81253,,44,Gru,9,,,,,,,,3,,,,,,,,,,,,,130%,130%,130%,130%,130%,130%,,,,,,,1500,1500,,,,,,,
81261,,13,Mario,9,,,,,,,,3,,,,,,,,,,,,,130%,130%,130%,130%,130%,130%,,,,,,,1500,1500,,,,,,,
81271,,44,Gru,9,,,,,,,,3,,,,,,,,,,,,,130%,130%,130%,130%,130%,130%,,,,,,,1500,1500,,,,,,,
81314,,53,Batman,9,,,,,,,,3,,,,,,,,,,,,,130%,130%,130%,130%,130%,130%,,,,,,,1500,1500,,,,,,,
81393,,13,Mario,9,,,,,,,,3,,,,,,,,,,,,,130%,130%,130%,130%,130%,130%,,,,,,,1500,1500,,,,,,,
81394,,44,Gru,9,,,,,,,,3,,,,,,,,,,,,,130%,130%,130%,130%,130%,130%,,,,,,,1500,1500,,,,,,,
81423,,53,Batman,9,,,,,,,,3,,,,,,,,,,,,,130%,130%,130%,130%,130%,130%,,,,,,,1500,1500,,,,,,,
81443,,44,Gru,9,,,,,,,,3,,,,,,,,,,,,,130%,130%,130%,130%,130%,130%,,,,,,,1500,1500,,,,,,,
81503,,13,Mario,9,,,,,,,,3,,,,,,,,,,,,,130%,130%,130%,130%,130%,130%,,,,,,,1500,1500,,,,,,,
81612,,53,Batman,9,,,,,,,,3,,,,,,,,,,,,,130%,130%,130%,130%,130%,130%,,,,,,,1500,1500,,,,,,,
81802,,13,Mario,9,,,,,,,,3,,,,,,,,,,,,,130%,130%,130%,130%,130%,130%,,,,,,,1500,1500,,,,,,,
81813,,44,Gru,9,,,,,,,,3,,,,,,,,,,,,,130%,130%,130%,130%,130%,130%,,,,,,,1500,1500,,,,,,,
81841,,53,Batman,9,,,,,,,,3,,,,,,,,,,,,,130%,130%,130%,130%,130%,130%,,,,,,,1500,1500,,,,,,,
81853,,44,Gru,9,,,,,,,,3,,,,,,,,,,,,,130%,130%,130%,130%,130%,130%,,,,,,,1500,1500,,,,,,,
81863,,53,Batman,9,,,,,,,,3,,,,,,,,,,,,,130%,130%,130%,130%,130%,130%,,,,,,,1500,1500,,,,,,,
81903,,13,Mario,9,,,,,,,,3,,,,,,,,,,,,,130%,130%,130%,130%,130%,130%,,,,,,,1500,1500,,,,,,,
81911,,44,Gru,9,,,,,,,,3,,,,,,,,,,,,,130%,130%,130%,130%,130%,130%,,,,,,,1500,1500,,,,,,,
81921,,53,Batman,9,,,,,,,,3,,,,,,,,,,,,,130%,130%,130%,130%,130%,130%,,,,,,,1500,1500,,,,,,,
81931,,13,Mario,9,,,,,,,,3,,,,,,,,,,,,,130%,130%,130%,130%,130%,130%,,,,,,,1500,1500,,,,,,,
81961,,53,Batman,9,,,,,,,,3,,,,,,,,,,,,,130%,130%,130%,130%,130%,130%,,,,,,,1500,1500,,,,,,,
81971,,13,Mario,9,,,,,,,,3,,,,,,,,,,,,,130%,130%,130%,130%,130%,130%,,,,,,,1500,1500,,,,,,,
81981,,44,Gru,9,,,,,,,,3,,,,,,,,,,,,,130%,130%,130%,130%,130%,130%,,,,,,,1500,1500,,,,,,,
81991,,44,Gru,9,,,,,,,,3,,,,,,,,,,,,,130%,130%,130%,130%,130%,130%,,,,,,,1500,1500,,,,,,,
82073,,13,Mario,9,,,,,,,,3,,,,,,,,,,,,,130%,130%,130%,130%,130%,130%,,,,,,,1500,1500,,,,,,,
82242,,44,Gru,9,,,,,,,,3,,,,,,,,,,,,,130%,130%,130%,130%,130%,130%,,,,,,,1500,1500,,,,,,,
82272,,44,Gru,9,,,,,,,,3,,,,,,,,,,,,,130%,130%,130%,130%,130%,130%,,,,,,,1500,1500,,,,,,,
82302,,53,Batman,9,,,,,,,,3,,,,,,,,,,,,,130%,130%,130%,130%,130%,130%,,,,,,,1500,1500,,,,,,,
82303,,13,Mario,9,,,,,,,,3,,,,,,,,,,,,,130%,130%,130%,130%,130%,130%,,,,,,,1500,1500,,,,,,,
82401,,53,Batman,9,,,,,,,,3,,,,,,,,,,,,,130%,130%,130%,130%,130%,130%,,,,,,,1500,1500,,,,,,,
82431,,53,Batman,9,,,,,,,,3,,,,,,,,,,,,,130%,130%,130%,130%,130%,130%,,,,,,,1500,1500,,,,,,,
82441,,13,Mario,9,,,,,,,,3,,,,,,,,,,,,,130%,130%,130%,130%,130%,130%,,,,,,,1500,1500,,,,,,,
82593,,44,Gru,9,,,,,,,,3,,,,,,,,,,,,,130%,130%,130%,130%,130%,130%,,,,,,,1500,1500,,,,,,,
82633,,53,Batman,9,,,,,,,,3,,,,,,,,,,,,,130%,130%,130%,130%,130%,130%,,,,,,,1500,1500,,,,,,,
82683,,13,Mario,9,,,,,,,,3,,,,,,,,,,,,,130%,130%,130%,130%,130%,130%,,,,,,,1500,1500,,,,,,,
82723,,13,Mario,9,,,,,,,,3,,,,,,,,,,,,,130%,130%,130%,130%,130%,130%,,,,,,,1500,1500,,,,,,,
82822,,44,Gru,9,,,,,,,,3,,,,,,,,,,,,,130%,130%,130%,130%,130%,130%,,,,,,,1500,1500,,,,,,,
82843,,44,Gru,9,,,,,,,,3,,,,,,,,,,,,,130%,130%,130%,130%,130%,130%,,,,,,,1500,1500,,,,,,,
82873,,53,Batman,9,,,,,,,,3,,,,,,,,,,,,,130%,130%,130%,130%,130%,130%,,,,,,,1500,1500,,,,,,,
82891,,13,Mario,9,,,,,,,,3,,,,,,,,,,,,,130%,130%,130%,130%,130%,130%,,,,,,,1500,1500,,,,,,,
82923,,44,Gru,9,,,,,,,,3,,,,,,,,,,,,,130%,130%,130%,130%,130%,130%,,,,,,,1500,1500,,,,,,,
82924,,53,Batman,9,,,,,,,,3,,,,,,,,,,,,,130%,130%,130%,130%,130%,130%,,,,,,,1500,1500,,,,,,,
82963,,13,Mario,9,,,,,,,,3,,,,,,,,,,,,,130%,130%,130%,130%,130%,130%,,,,,,,1500,1500,,,,,,,
82993,,53,Batman,9,,,,,,,,3,,,,,,,,,,,,,130%,130%,130%,130%,130%,130%,,,,,,,1500,1500,,,,,,,
83012,,44,Gru,9,,,,,,,,3,,,,,,,,,,,,,130%,130%,130%,130%,130%,130%,,,,,,,1500,1500,,,,,,,
83021,,13,Mario,9,,,,,,,,3,,,,,,,,,,,,,130%,130%,130%,130%,130%,130%,,,,,,,1500,1500,,,,,,,
83152,,44,Gru,9,,,,,,,,3,,,,,,,,,,,,,130%,130%,130%,130%,130%,130%,,,,,,,1500,1500,,,,,,,
83161,,53,Batman,9,,,,,,,,3,,,,,,,,,,,,,130%,130%,130%,130%,130%,130%,,,,,,,1500,1500,,,,,,,
83171,,13,Mario,9,,,,,,,,3,,,,,,,,,,,,,130%,130%,130%,130%,130%,130%,,,,,,,1500,1500,,,,,,,
83181,,44,Gru,9,,,,,,,,3,,,,,,,,,,,,,130%,130%,130%,130%,130%,130%,,,,,,,1500,1500,,,,,,,
83241,,13,Mario,9,,,,,,,,3,,,,,,,,,,,,,130%,130%,130%,130%,130%,130%,,,,,,,1500,1500,,,,,,,
83251,,53,Batman,9,,,,,,,,3,,,,,,,,,,,,,130%,130%,130%,130%,130%,130%,,,,,,,1500,1500,,,,,,,
83261,,44,Gru,9,,,,,,,,3,,,,,,,,,,,,,130%,130%,130%,130%,130%,130%,,,,,,,1500,1500,,,,,,,
83342,,53,Batman,9,,,,,,,,3,,,,,,,,,,,,,130%,130%,130%,130%,130%,130%,,,,,,,1500,1500,,,,,,,
83353,,13,Mario,9,,,,,,,,3,,,,,,,,,,,,,130%,130%,130%,130%,130%,130%,,,,,,,1500,1500,,,,,,,
83413,,44,Gru,9,,,,,,,,3,,,,,,,,,,,,,130%,130%,130%,130%,130%,130%,,,,,,,1500,1500,,,,,,,
83432,,13,Mario,9,,,,,,,,3,,,,,,,,,,,,,130%,130%,130%,130%,130%,130%,,,,,,,1500,1500,,,,,,,
83472,,44,Gru,9,,,,,,,,3,,,,,,,,,,,,,130%,130%,130%,130%,130%,130%,,,,,,,1500,1500,,,,,,,
83502,,53,Batman,9,,,,,,,,3,,,,,,,,,,,,,130%,130%,130%,130%,130%,130%,,,,,,,1500,1500,,,,,,,
83511,,13,Mario,9,,,,,,,,3,,,,,,,,,,,,,130%,130%,130%,130%,130%,130%,,,,,,,1500,1500,,,,,,,
83611,,53,Batman,9,,,,,,,,3,,,,,,,,,,,,,130%,130%,130%,130%,130%,130%,,,,,,,1500,1500,,,,,,,
83631,,13,Mario,9,,,,,,,,3,,,,,,,,,,,,,130%,130%,130%,130%,130%,130%,,,,,,,1500,1500,,,,,,,
83642,,44,Gru,9,,,,,,,,3,,,,,,,,,,,,,130%,130%,130%,130%,130%,130%,,,,,,,1500,1500,,,,,,,
83772,,53,Batman,9,,,,,,,,3,,,,,,,,,,,,,130%,130%,130%,130%,130%,130%,,,,,,,1500,1500,,,,,,,
83843,,13,Mario,9,,,,,,,,3,,,,,,,,,,,,,130%,130%,130%,130%,130%,130%,,,,,,,1500,1500,,,,,,,
84171,,53,Batman,9,,,,,,,,3,,,,,,,,,,,,,130%,130%,130%,130%,130%,130%,,,,,,,1500,1500,,,,,,,
87001,,44,Gru,9,,,,,,,,3,,,,,,,,,,,,,130%,130%,130%,130%,130%,130%,,,,,,,1500,1500,,,,,,,
90003,,13,Mario,10,,,,,,,,3,,,,,,,,,,,,,,,,,,,,,,,,,,,,,,,,,
90013,,44,Gru,10,,,,,,,,3,,,,,,,,,,,,,,,,,,,,,,,,,,,,,,,,,
90023,,53,Batman,10,,,,,,,,3,,,,,,,,,,,,,,,,,,,,,,,,,,,,,,,,,
90232,,53,Batman,10,,,,,,,,3,,,,,,,,,,,,,,,,,,,,,,,,,,,,,,,,,
90273,,44,Gru,10,,,,,,,,3,,,,,,,,,,,,,,,,,,,,,,,,,,,,,,,,,
90462,,44,Gru,10,,,,,,,,3,,,,,,,,,,,,,,,,,,,,,,,,,,,,,,,,,
90463,,13,Mario,10,,,,,,,,3,,,,,,,,,,,,,,,,,,,,,,,,,,,,,,,,,
90464,,53,Batman,10,,,,,,,,3,,,,,,,,,,,,,,,,,,,,,,,,,,,,,,,,,
90761,,13,Mario,10,,,,,,,,3,,,,,,,,,,,,,130%,130%,130%,130%,130%,130%,,,,,,,1500,1500,500,500,,,,,
90783,,44,Gru,10,,,,,,,,3,,,,,,,,,,,,,,,,,,,,,,,,,,,,,,,,,
90793,,53,Batman,10,,,,,,,,3,,,,,,,,,,,,,,,,,,,,,,,,,,,,,,,,,
90803,,13,Mario,10,,,,,,,,3,,,,,,,,,,,,,,,,,,,,,,,,,,,,,,,,,
91071,,53,Batman,10,,,,,,,,3,,,,,,,,,,,,,,,,,,,,,,,,,,,,,,,,,
91253,,44,Gru,10,,,,,,,,3,,,,,,,,,,,,,,,,,,,,,,,,,,,,,,,,,
91293,,53,Batman,10,,,,,,,,3,,,,,,,,,,,,,,,,,,,,,,,,,,,,,,,,,
91303,,53,Batman,10,,,,,,,,3,,,,,,,,,,,,,,,,,,,,,,,,,,,,,,,,,
91313,,13,Mario,10,,,,,,,,3,,,,,,,,,,,,,,,,,,,,,,,,,,,,,,,,,
91394,,13,Mario,10,,,,,,,,3,,,,,,,,,,,,,,,,,,,,,,,,,,,,,,,,,
91971,,44,Gru,10,,,,,,,,3,,,,,,,,,,,,,130%,130%,130%,130%,130%,130%,,,,,,,1500,1500,500,500,,,,,
91981,,53,Batman,10,,,,,,,,3,,,,,,,,,,,,,120%,120%,120%,120%,120%,120%,,,,,,,1000,1000,500,500,,,,,
92013,,53,Batman,10,,,,,,,,3,,,,,,,,,,,,,,,,,,,,,,,,,,,,,,,,,
92033,,44,Gru,10,,,,,,,,3,,,,,,,,,,,,,,,,,,,,,,,,,,,,,,,,,
92242,,44,Gru,10,,,,,,,,3,,,,,,,,,,,,,,,,,,,,,,,,,,,,,,,,,
92272,,53,Batman,10,,,,,,,,3,,,,,,,,,,,,,,,,,,,,,,,,,,,,,,,,,
92351,,44,Gru,10,,,,,,,,3,,,,,,,,,,,,,160%,160%,160%,160%,160%,160%,,,,,,,1500,1500,500,500,,,,,
92361,,53,Batman,10,,,,,,,,3,,,,,,,,,,,,,120%,120%,120%,120%,120%,120%,,,,,,,1000,1000,500,500,,,,,
92473,,13,Mario,10,,,,,,,,3,,,,,,,,,,,,,,,,,,,,,,,,,,,,,,,,,
92483,,13,Mario,10,,,,,,,,3,,,,,,,,,,,,,,,,,,,,,,,,,,,,,,,,,
92633,,13,Mario,10,,,,,,,,3,,,,,,,,,,,,,,,,,,,,,,,,,,,,,,,,,
93003,,13,Mario,10,,,,,,,,3,,,,,,,,,,,,,,,,,,,,,,,,,,,,,,,,,
93161,,44,Gru,10,,,,,,,,3,,,,,,,,,,,,,,,,,,,,,,,,,,,,,,,,,
93171,,13,Mario,10,,,,,,,,3,,,,,,,,,,,,,,,,,,,,,,,,,,,,,,,,,
93181,,53,Batman,10,,,,,,,,3,,,,,,,,,,,,,,,,,,,,,,,,,,,,,,,,,
93221,,13,Mario,10,,,,,,,,3,,,,,,,,,,,,,140%,140%,140%,140%,140%,140%,,,,,,,1000,1000,500,500,,,,,
93241,,44,Gru,10,,,,,,,,3,,,,,,,,,,,,,200%,200%,200%,200%,200%,200%,,,,,,,2000,2000,500,500,,,,,
93251,,53,Batman,10,,,,,,,,3,,,,,,,,,,,,,,,,,,,,,,,,,,,,,,,,,
93261,,53,Batman,10,,,,,,,,3,,,,,,,,,,,,,,,,,,,,,,,,,,,,,,,,,
93283,,13,Mario,10,,,,,,,,3,,,,,,,,,,,,,,,,,,,,,,,,,,,,,,,,,
93293,,44,Gru,10,,,,,,,,3,,,,,,,,,,,,,,,,,,,,,,,,,,,,,,,,,
93303,,44,Gru,10,,,,,,,,3,,,,,,,,,,,,,,,,,,,,,,,,,,,,,,,,,
93511,,44,Gru,10,,,,,,,,3,,,,,,,,,,,,,,,,,,,,,,,,,,,,,,,,,
93642,,13,Mario,10,,,,,,,,3,,,,,,,,,,,,,120%,120%,120%,120%,120%,120%,,,,,,,1000,1000,500,500,,,,,
93663,,44,Gru,10,,,,,,,,3,,,,,,,,,,,,,,,,,,,,,,,,,,,,,,,,,
94172,,53,Batman,10,,,,,,,,3,,,,,,,,,,,,,140%,140%,140%,140%,140%,140%,,,,,,,1000,1000,500,500,,,,,
97001,,13,Mario,10,,,,,,,,3,,,,,,,,,,,,,,,,,,,,,,,,,,,,,,,,,
100004,,44,Gru,11,,,,,,,,3,,,,,,,,,,,,,130%,130%,130%,130%,130%,130%,,,,,,,1500,1500,,,,,,,
100014,,53,Batman,11,,,,,,,,3,,,,,,,,,,,,,130%,130%,130%,130%,130%,130%,,,,,,,1500,1500,,,,,,,
100015,,13,Mario,11,,,,,,,,3,,,,,,,,,,,,,130%,130%,130%,130%,130%,130%,,,,,,,1500,1500,,,,,,,
100024,,44,Gru,11,,,,,,,,3,,,,,,,,,,,,,130%,130%,130%,130%,130%,130%,,,,,,,1500,1500,,,,,,,
100053,,13,Mario,11,,,,,,,,3,,,,,,,,,,,,,130%,130%,130%,130%,130%,130%,,,,,,,1500,1500,,,,,,,
100093,,44,Gru,11,,,,,,,,3,,,,,,,,,,,,,130%,130%,130%,130%,130%,130%,,,,,,,1500,1500,,,,,,,
100133,,53,Batman,11,,,,,,,,3,,,,,,,,,,,,,130%,130%,130%,130%,130%,130%,,,,,,,1500,1500,,,,,,,
100153,,13,Mario,11,,,,,,,,3,,,,,,,,,,,,,130%,130%,130%,130%,130%,130%,,,,,,,1500,1500,,,,,,,
100163,,53,Batman,11,,,,,,,,3,,,,,,,,,,,,,130%,130%,130%,130%,130%,130%,,,,,,,1500,1500,,,,,,,
100222,,44,Gru,11,,,,,,,,3,,,,,,,,,,,,,130%,130%,130%,130%,130%,130%,,,,,,,1500,1500,,,,,,,
100242,,13,Mario,11,,,,,,,,3,,,,,,,,,,,,,130%,130%,130%,130%,130%,130%,,,,,,,1500,1500,,,,,,,
100263,,44,Gru,11,,,,,,,,3,,,,,,,,,,,,,130%,130%,130%,130%,130%,130%,,,,,,,1500,1500,,,,,,,
100264,,53,Batman,11,,,,,,,,3,,,,,,,,,,,,,130%,130%,130%,130%,130%,130%,,,,,,,1500,1500,,,,,,,
100283,,53,Batman,11,,,,,,,,3,,,,,,,,,,,,,130%,130%,130%,130%,130%,130%,,,,,,,1500,1500,,,,,,,
100303,,13,Mario,11,,,,,,,,3,,,,,,,,,,,,,130%,130%,130%,130%,130%,130%,,,,,,,1500,1500,,,,,,,
100333,,13,Mario,11,,,,,,,,3,,,,,,,,,,,,,130%,130%,130%,130%,130%,130%,,,,,,,1500,1500,,,,,,,
100341,,44,Gru,11,,,,,,,,3,,,,,,,,,,,,,130%,130%,130%,130%,130%,130%,,,,,,,1500,1500,,,,,,,
100372,,53,Batman,11,,,,,,,,3,,,,,,,,,,,,,130%,130%,130%,130%,130%,130%,,,,,,,1500,1500,,,,,,,
100382,,13,Mario,11,,,,,,,,3,,,,,,,,,,,,,130%,130%,130%,130%,130%,130%,,,,,,,1500,1500,,,,,,,
100393,,44,Gru,11,,,,,,,,3,,,,,,,,,,,,,130%,130%,130%,130%,130%,130%,,,,,,,1500,1500,,,,,,,
100394,,53,Batman,11,,,,,,,,3,,,,,,,,,,,,,130%,130%,130%,130%,130%,130%,,,,,,,1500,1500,,,,,,,
100402,,13,Mario,11,,,,,,,,3,,,,,,,,,,,,,130%,130%,130%,130%,130%,130%,,,,,,,1500,1500,,,,,,,
100472,,44,Gru,11,,,,,,,,3,,,,,,,,,,,,,130%,130%,130%,130%,130%,130%,,,,,,,1500,1500,,,,,,,
100482,,53,Batman,11,,,,,,,,3,,,,,,,,,,,,,130%,130%,130%,130%,130%,130%,,,,,,,1500,1500,,,,,,,
100493,,44,Gru,11,,,,,,,,3,,,,,,,,,,,,,130%,130%,130%,130%,130%,130%,,,,,,,1500,1500,,,,,,,
100503,,13,Mario,11,,,,,,,,3,,,,,,,,,,,,,130%,130%,130%,130%,130%,130%,,,,,,,1500,1500,,,,,,,
100552,,44,Gru,11,,,,,,,,3,,,,,,,,,,,,,130%,130%,130%,130%,130%,130%,,,,,,,1500,1500,,,,,,,
100572,,53,Batman,11,,,,,,,,3,,,,,,,,,,,,,130%,130%,130%,130%,130%,130%,,,,,,,1500,1500,,,,,,,
100574,,13,Mario,11,,,,,,,,3,,,,,,,,,,,,,130%,130%,130%,130%,130%,130%,,,,,,,1500,1500,,,,,,,
100593,,44,Gru,11,,,,,,,,3,,,,,,,,,,,,,130%,130%,130%,130%,130%,130%,,,,,,,1500,1500,,,,,,,
100603,,53,Batman,11,,,,,,,,3,,,,,,,,,,,,,130%,130%,130%,130%,130%,130%,,,,,,,1500,1500,,,,,,,
100631,,13,Mario,11,,,,,,,,3,,,,,,,,,,,,,130%,130%,130%,130%,130%,130%,,,,,,,1500,1500,,,,,,,
100641,,44,Gru,11,,,,,,,,3,,,,,,,,,,,,,130%,130%,130%,130%,130%,130%,,,,,,,1500,1500,,,,,,,
100692,,53,Batman,11,,,,,,,,3,,,,,,,,,,,,,130%,130%,130%,130%,130%,130%,,,,,,,1500,1500,,,,,,,
100701,,53,Batman,11,,,,,,,,3,,,,,,,,,,,,,130%,130%,130%,130%,130%,130%,,,,,,,1500,1500,,,,,,,
100712,,13,Mario,11,,,,,,,,3,,,,,,,,,,,,,130%,130%,130%,130%,130%,130%,,,,,,,1500,1500,,,,,,,
100721,,44,Gru,11,,,,,,,,3,,,,,,,,,,,,,130%,130%,130%,130%,130%,130%,,,,,,,1500,1500,,,,,,,
100731,,53,Batman,11,,,,,,,,3,,,,,,,,,,,,,130%,130%,130%,130%,130%,130%,,,,,,,1500,1500,,,,,,,
100741,,13,Mario,11,,,,,,,,3,,,,,,,,,,,,,130%,130%,130%,130%,130%,130%,,,,,,,1500,1500,,,,,,,
100753,,44,Gru,11,,,,,,,,3,,,,<80;80;80;80;80;80;80>,,,,,,,,,130%,130%,130%,130%,130%,130%,,,,,,,1500,1500,,,,,,,
100771,,53,Batman,11,,,,,,,,3,,,,,,,,,,,,,130%,130%,130%,130%,130%,130%,,,,,,,1500,1500,,,,,,,
100863,,13,Mario,11,,,,,,,,3,,,,,,,,,,,,,130%,130%,130%,130%,130%,130%,,,,,,,1500,1500,,,,,,,
100883,,44,Gru,11,,,,,,,,3,,,,,,,,,,,,,130%,130%,130%,130%,130%,130%,,,,,,,1500,1500,,,,,,,
100884,,53,Batman,11,,,,,,,,3,,,,,,,,,,,,,130%,130%,130%,130%,130%,130%,,,,,,,1500,1500,,,,,,,
101032,,13,Mario,11,,,,,,,,3,,,,,,,,,,,,,130%,130%,130%,130%,130%,130%,,,,,,,1500,1500,,,,,,,
101082,,44,Gru,11,,,,,,,,3,,,,,,,,,,,,,130%,130%,130%,130%,130%,130%,,,,,,,1500,1500,,,,,,,
101172,,53,Batman,11,,,,,,,,3,,,,,,,,,,,,,130%,130%,130%,130%,130%,130%,,,,,,,1500,1500,,,,,,,
101221,,13,Mario,11,,,,,,,,3,,,,,,,,,,,,,130%,130%,130%,130%,130%,130%,,,,,,,1500,1500,,,,,,,
101231,,44,Gru,11,,,,,,,,3,,,,,,,,,,,,,130%,130%,130%,130%,130%,130%,,,,,,,1500,1500,,,,,,,
101241,,53,Batman,11,,,,,,,,3,,,,,,,,,,,,,130%,130%,130%,130%,130%,130%,,,,,,,1500,1500,,,,,,,
101253,,13,Mario,11,,,,,,,,3,,,,,,,,,,,,,130%,130%,130%,130%,130%,130%,,,,,,,1500,1500,,,,,,,
101261,,53,Batman,11,,,,,,,,3,,,,,,,,,,,,,130%,130%,130%,130%,130%,130%,,,,,,,1500,1500,,,,,,,
101271,,13,Mario,11,,,,,,,,3,,,,,,,,,,,,,130%,130%,130%,130%,130%,130%,,,,,,,1500,1500,,,,,,,
101314,,44,Gru,11,,,,,,,,3,,,,,,,,,,,,,130%,130%,130%,130%,130%,130%,,,,,,,1500,1500,,,,,,,
101393,,53,Batman,11,,,,,,,,3,,,,,,,,,,,,,130%,130%,130%,130%,130%,130%,,,,,,,1500,1500,,,,,,,
101423,,13,Mario,11,,,,,,,,3,,,,,,,,,,,,,130%,130%,130%,130%,130%,130%,,,,,,,1500,1500,,,,,,,
101443,,13,Mario,11,,,,,,,,3,,,,,,,,,,,,,130%,130%,130%,130%,130%,130%,,,,,,,1500,1500,,,,,,,
101503,,44,Gru,11,,,,,,,,3,,,,,,,,,,,,,130%,130%,130%,130%,130%,130%,,,,,,,1500,1500,,,,,,,
101612,,44,Gru,11,,,,,,,,3,,,,,,,,,,,,,130%,130%,130%,130%,130%,130%,,,,,,,1500,1500,,,,,,,
101802,,53,Batman,11,,,,,,,,3,,,,,,,,,,,,,130%,130%,130%,130%,130%,130%,,,,,,,1500,1500,,,,,,,
101813,,53,Batman,11,,,,,,,,3,,,,,,,,,,,,,130%,130%,130%,130%,130%,130%,,,,,,,1500,1500,,,,,,,
101841,,13,Mario,11,,,,,,,,3,,,,,,,,,,,,,130%,130%,130%,130%,130%,130%,,,,,,,1500,1500,,,,,,,
101853,,13,Mario,11,,,,,,,,3,,,,,,,,,,,,,130%,130%,130%,130%,130%,130%,,,,,,,1500,1500,,,,,,,
101863,,44,Gru,11,,,,,,,,3,,,,,,,,,,,,,130%,130%,130%,130%,130%,130%,,,,,,,1500,1500,,,,,,,
101893,,44,Gru,11,,,,,,,,3,,,,,,,,,,,,,130%,130%,130%,130%,130%,130%,,,,,,,1500,1500,,,,,,,
101903,,53,Batman,11,,,,,,,,3,,,,,,,,,,,,,130%,130%,130%,130%,130%,130%,,,,,,,1500,1500,,,,,,,
101911,,13,Mario,11,,,,,,,,3,,,,,,,,,,,,,130%,130%,130%,130%,130%,130%,,,,,,,1500,1500,,,,,,,
101921,,44,Gru,11,,,,,,,,3,,,,,,,,,,,,,130%,130%,130%,130%,130%,130%,,,,,,,1500,1500,,,,,,,
101931,,53,Batman,11,,,,,,,,3,,,,,,,,,,,,,130%,130%,130%,130%,130%,130%,,,,,,,1500,1500,,,,,,,
101941,,13,Mario,11,,,,,,,,3,,,,,,,,,,,,,130%,130%,130%,130%,130%,130%,,,,,,,1500,1500,,,,,,,
101951,,44,Gru,11,,,,,,,,3,,,,,,,,,,,,,130%,130%,130%,130%,130%,130%,,,,,,,1500,1500,,,,,,,
101961,,44,Gru,11,,,,,,,,3,,,,,,,,,,,,,130%,130%,130%,130%,130%,130%,,,,,,,1500,1500,,,,,,,
101982,,53,Batman,11,,,,,,,,3,,,,,,,,,,,,,130%,130%,130%,130%,130%,130%,,,,,,,1500,1500,,,,,,,
101991,,13,Mario,11,,,,,,,,3,,,,,,,,,,,,,130%,130%,130%,130%,130%,130%,,,,,,,1500,1500,,,,,,,
102073,,53,Batman,11,,,,,,,,3,,,,,,,,,,,,,130%,130%,130%,130%,130%,130%,,,,,,,1500,1500,,,,,,,
102233,,53,Batman,11,,,,,,,,3,,,,,,,,,,,,,130%,130%,130%,130%,130%,130%,,,,,,,1500,1500,,,,,,,
102302,,13,Mario,11,,,,,,,,3,,,,,,,,,,,,,130%,130%,130%,130%,130%,130%,,,,,,,1500,1500,,,,,,,
102303,,44,Gru,11,,,,,,,,3,,,,,,,,,,,,,130%,130%,130%,130%,130%,130%,,,,,,,1500,1500,,,,,,,
102381,,44,Gru,11,,,,,,,,3,,,,,,,,,,,,,130%,130%,130%,130%,130%,130%,,,,,,,1500,1500,,,,,,,
102391,,53,Batman,11,,,,,,,,3,,,,,,,,,,,,,130%,130%,130%,130%,130%,130%,,,,,,,1500,1500,,,,,,,
102401,,13,Mario,11,,,,,,,,3,,,,,,,,,,,,,130%,130%,130%,130%,130%,130%,,,,,,,1500,1500,,,,,,,
102431,,13,Mario,11,,,,,,,,3,,,,,,,,,,,,,130%,130%,130%,130%,130%,130%,,,,,,,1500,1500,,,,,,,
102441,,44,Gru,11,,,,,,,,3,,,,,,,,,,,,,130%,130%,130%,130%,130%,130%,,,,,,,1500,1500,,,,,,,
102593,,53,Batman,11,,,,,,,,3,,,,,,,,,,,,,130%,130%,130%,130%,130%,130%,,,,,,,1500,1500,,,,,,,
102612,,13,Mario,11,,,,,,,,3,,,,,,,,,,,,,130%,130%,130%,130%,130%,130%,,,,,,,1500,1500,,,,,,,
102683,,44,Gru,11,,,,,,,,3,,,,,,,,,,,,,130%,130%,130%,130%,130%,130%,,,,,,,1500,1500,,,,,,,
102723,,44,Gru,11,,,,,,,,3,,,,,,,,,,,,,130%,130%,130%,130%,130%,130%,,,,,,,1500,1500,,,,,,,
102822,,53,Batman,11,,,,,,,,3,,,,,,,,,,,,,130%,130%,130%,130%,130%,130%,,,,,,,1500,1500,,,,,,,
102843,,53,Batman,11,,,,,,,,3,,,,,,,,,,,,,130%,130%,130%,130%,130%,130%,,,,,,,1500,1500,,,,,,,
102873,,13,Mario,11,,,,,,,,3,,,,,,,,,,,,,130%,130%,130%,130%,130%,130%,,,,,,,1500,1500,,,,,,,
102891,,44,Gru,11,,,,,,,,3,,,,,,,,,,,,,130%,130%,130%,130%,130%,130%,,,,,,,1500,1500,,,,,,,
102923,,53,Batman,11,,,,,,,,3,,,,,,,,,,,,,130%,130%,130%,130%,130%,130%,,,,,,,1500,1500,,,,,,,
102924,,13,Mario,11,,,,,,,,3,,,,,,,,,,,,,130%,130%,130%,130%,130%,130%,,,,,,,1500,1500,,,,,,,
102963,,44,Gru,11,,,,,,,,3,,,,,,,,,,,,,130%,130%,130%,130%,130%,130%,,,,,,,1500,1500,,,,,,,
102993,,13,Mario,11,,,,,,,,3,,,,,,,,,,,,,130%,130%,130%,130%,130%,130%,,,,,,,1500,1500,,,,,,,
103012,,53,Batman,11,,,,,,,,3,,,,,,,,,,,,,130%,130%,130%,130%,130%,130%,,,,,,,1500,1500,,,,,,,
103021,,44,Gru,11,,,,,,,,3,,,,,,,,,,,,,130%,130%,130%,130%,130%,130%,,,,,,,1500,1500,,,,,,,
103143,,53,Batman,11,,,,,,,,3,,,,,,,,,,,,,130%,130%,130%,130%,130%,130%,,,,,,,1500,1500,,,,,,,
103152,,13,Mario,11,,,,,,,,3,,,,,,,,,,,,,130%,130%,130%,130%,130%,130%,,,,,,,1500,1500,,,,,,,
103211,,53,Batman,11,,,,,,,,3,,,,,,,,,,,,,130%,130%,130%,130%,130%,130%,,,,,,,1500,1500,,,,,,,
103221,,13,Mario,11,,,,,,,,3,,,,,,,,,,,,,130%,130%,130%,130%,130%,130%,,,,,,,1500,1500,,,,,,,
103261,,13,Mario,11,,,,,,,,3,,,,,,,,,,,,,130%,130%,130%,130%,130%,130%,,,,,,,1500,1500,,,,,,,
103342,,13,Mario,11,,,,,,,,3,,,,,,,,,,,,,130%,130%,130%,130%,130%,130%,,,,,,,1500,1500,,,,,,,
103353,,44,Gru,11,,,,,,,,3,,,,,,,,,,,,,130%,130%,130%,130%,130%,130%,,,,,,,1500,1500,,,,,,,
103413,,53,Batman,11,,,,,,,,3,,,,,,,,,,,,,130%,130%,130%,130%,130%,130%,,,,,,,1500,1500,,,,,,,
103432,,44,Gru,11,,,,,,,,3,,,,,,,,,,,,,130%,130%,130%,130%,130%,130%,,,,,,,1500,1500,,,,,,,
103472,,53,Batman,11,,,,,,,,3,,,,,,,,,,,,,130%,130%,130%,130%,130%,130%,,,,,,,1500,1500,,,,,,,
103502,,13,Mario,11,,,,,,,,3,,,,,,,,,,,,,130%,130%,130%,130%,130%,130%,,,,,,,1500,1500,,,,,,,
103543,,13,Mario,11,,,,,,,,3,,,,,,,,,,,,,130%,130%,130%,130%,130%,130%,,,,,,,1500,1500,,,,,,,
103592,,44,Gru,11,,,,,,,,3,,,,,,,,,,,,,130%,130%,130%,130%,130%,130%,,,,,,,1500,1500,,,,,,,
103611,,44,Gru,11,,,,,,,,3,,,,,,,,,,,,,130%,130%,130%,130%,130%,130%,,,,,,,1500,1500,,,,,,,
103631,,53,Batman,11,,,,,,,,3,,,,,,,,,,,,,130%,130%,130%,130%,130%,130%,,,,,,,1500,1500,,,,,,,
103772,,53,Batman,11,,,,,,,,3,,,,,,,,,,,,,130%,130%,130%,130%,130%,130%,,,,,,,1500,1500,,,,,,,
103843,,13,Mario,11,,,,,,,,3,,,,,,,,,,,,,130%,130%,130%,130%,130%,130%,,,,,,,1500,1500,,,,,,,
104132,,44,Gru,11,,,,,,,,3,,,,,,,,,,,,,130%,130%,130%,130%,130%,130%,,,,,,,1500,1500,,,,,,,
104171,,44,Gru,11,,,,,,,,3,,,,,,,,,,,,,130%,130%,130%,130%,130%,130%,,,,,,,1500,1500,,,,,,,
500001,,13,Mario,101,,,,,,,,3,,,,,,,,,,,,,,,,,,,,,,,,,,,,,,,,,
500002,,44,Gru,101,,,,,,,,3,,,,,,,,,,,,,,,,,,,,,,,,,,,,,,,,,
500003,,53,Batman,101,,,,,,,,3,,,,,,,,,,,,,,,,,,,,,,,,,,,,,,,,,
500004,,13,Mario,101,,,,,,,,3,,,,,,,,,,,,,,,,,,,,,,,,,,,,,,,,,
500011,,44,Gru,101,,,,,,,,3,,,,,,,,,,,,,,,,,,,,,,,,,,,,,,,,,
500012,,53,Batman,101,,,,,,,,3,,,,,,,,,,,,,,,,,,,,,,,,,,,,,,,,,
500013,,13,Mario,101,,,,,,,,3,,,,,,,,,,,,,,,,,,,,,,,,,,,,,,,,,
500014,,44,Gru,101,,,,,,,,3,,,,,,,,,,,,,,,,,,,,,,,,,,,,,,,,,
500015,,53,Batman,101,,,,,,,,3,,,,,,,,,,,,,,,,,,,,,,,,,,,,,,,,,
500021,,13,Mario,101,,,,,,,,3,,,,,,,,,,,,,,,,,,,,,,,,,,,,,,,,,
500022,,44,Gru,101,,,,,,,,3,,,,,,,,,,,,,,,,,,,,,,,,,,,,,,,,,
500023,,53,Batman,101,,,,,,,,3,,,,,,,,,,,,,,,,,,,,,,,,,,,,,,,,,
500024,,13,Mario,101,,,,,,,,3,,,,,,,,,,,,,,,,,,,,,,,,,,,,,,,,,
500031,,44,Gru,101,,,,,,,,3,,,,,,,,,,,,,,,,,,,,,,,,,,,,,,,,,
500033,,53,Batman,101,,,,,,,,3,,,,,,,,,,,,,,,,,,,,,,,,,,,,,,,,,
500041,,13,Mario,101,,,,,,,,3,,,,,,,,,,,,,,,,,,,,,,,,,,,,,,,,,
500044,,44,Gru,101,,,,,,,,3,,,,,,,,,,,,,,,,,,,,,,,,,,,,,,,,,
500051,,53,Batman,101,,,,,,,,3,,,,,,,,,,,,,,,,,,,,,,,,,,,,,,,,,
500052,,13,Mario,101,,,,,,,,3,,,,,,,,,,,,,,,,,,,,,,,,,,,,,,,,,
500053,,44,Gru,101,,,,,,,,3,,,,,,,,,,,,,,,,,,,,,,,,,,,,,,,,,
500061,,53,Batman,101,,,,,,,,3,,,,,,,,,,,,,,,,,,,,,,,,,,,,,,,,,
500062,,13,Mario,101,,,,,,,,3,,,,,,,,,,,,,,,,,,,,,,,,,,,,,,,,,
500071,,44,Gru,101,,,,,,,,3,,,,,,,,,,,,,,,,,,,,,,,,,,,,,,,,,
500072,,53,Batman,101,,,,,,,,3,,,,,,,,,,,,,,,,,,,,,,,,,,,,,,,,,
500081,,13,Mario,101,,,,,,,,3,,,,,,,,,,,,,,,,,,,,,,,,,,,,,,,,,
500082,,44,Gru,101,,,,,,,,3,,,,,,,,,,,,,,,,,,,,,,,,,,,,,,,,,
500091,,53,Batman,101,,,,,,,,3,,,,,,,,,,,,,,,,,,,,,,,,,,,,,,,,,
500092,,13,Mario,101,,,,,,,,3,,,,,,,,,,,,,,,,,,,,,,,,,,,,,,,,,
500093,,44,Gru,101,,,,,,,,3,,,,,,,,,,,,,,,,,,,,,,,,,,,,,,,,,
500101,,53,Batman,101,,,,,,,,3,,,,,,,,,,,,,,,,,,,,,,,,,,,,,,,,,
500102,,13,Mario,101,,,,,,,,3,,,,,,,,,,,,,,,,,,,,,,,,,,,,,,,,,
500111,,44,Gru,101,,,,,,,,3,,,,,,,,,,,,,,,,,,,,,,,,,,,,,,,,,
500112,,53,Batman,101,,,,,,,,3,,,,,,,,,,,,,,,,,,,,,,,,,,,,,,,,,
500113,,13,Mario,101,,,,,,,,3,,,,,,,,,,,,,,,,,,,,,,,,,,,,,,,,,
500121,,44,Gru,101,,,,,,,,3,,,,,,,,,,,,,,,,,,,,,,,,,,,,,,,,,
500122,,53,Batman,101,,,,,,,,3,,,,,,,,,,,,,,,,,,,,,,,,,,,,,,,,,
500123,,13,Mario,101,,,,,,,,3,,,,,,,,,,,,,,,,,,,,,,,,,,,,,,,,,
500131,,44,Gru,101,,,,,,,,3,,,,,,,,,,,,,,,,,,,,,,,,,,,,,,,,,
500132,,53,Batman,101,,,,,,,,3,,,,,,,,,,,,,,,,,,,,,,,,,,,,,,,,,
500133,,13,Mario,101,,,,,,,,3,,,,,,,,,,,,,,,,,,,,,,,,,,,,,,,,,
500151,,44,Gru,101,,,,,,,,3,,,,,,,,,,,,,,,,,,,,,,,,,,,,,,,,,
500152,,53,Batman,101,,,,,,,,3,,,,,,,,,,,,,,,,,,,,,,,,,,,,,,,,,
500153,,13,Mario,101,,,,,,,,3,,,,,,,,,,,,,,,,,,,,,,,,,,,,,,,,,
500161,,44,Gru,101,,,,,,,,3,,,,,,,,,,,,,,,,,,,,,,,,,,,,,,,,,
500162,,53,Batman,101,,,,,,,,3,,,,,,,,,,,,,,,,,,,,,,,,,,,,,,,,,
500163,,13,Mario,101,,,,,,,,3,,,,,,,,,,,,,,,,,,,,,,,,,,,,,,,,,
500171,,44,Gru,101,,,,,,,,3,,,,,,,,,,,,,,,,,,,,,,,,,,,,,,,,,
500172,,53,Batman,101,,,,,,,,3,,,,,,,,,,,,,,,,,,,,,,,,,,,,,,,,,
500173,,13,Mario,101,,,,,,,,3,,,,,,,,,,,,,,,,,,,,,,,,,,,,,,,,,
500191,,44,Gru,101,,,,,,,,3,,,,,,,,,,,,,,,,,,,,,,,,,,,,,,,,,
500192,,53,Batman,101,,,,,,,,3,,,,,,,,,,,,,,,,,,,,,,,,,,,,,,,,,
500221,,13,Mario,101,,,,,,,,3,,,,,,,,,,,,,,,,,,,,,,,,,,,,,,,,,
500222,,44,Gru,101,,,,,,,,3,,,,,,,,,,,,,,,,,,,,,,,,,,,,,,,,,
500231,,53,Batman,101,,,,,,,,3,,,,,,,,,,,,,,,,,,,,,,,,,,,,,,,,,
500232,,13,Mario,101,,,,,,,,3,,,,,,,,,,,,,,,,,,,,,,,,,,,,,,,,,
500241,,44,Gru,101,,,,,,,,3,,,,,,,,,,,,,,,,,,,,,,,,,,,,,,,,,
500242,,53,Batman,101,,,,,,,,3,,,,,,,,,,,,,,,,,,,,,,,,,,,,,,,,,
500261,,13,Mario,101,,,,,,,,3,,,,,,,,,,,,,,,,,,,,,,,,,,,,,,,,,
500262,,44,Gru,101,,,,,,,,3,,,,,,,,,,,,,,,,,,,,,,,,,,,,,,,,,
500263,,53,Batman,101,,,,,,,,3,,,,,,,,,,,,,,,,,,,,,,,,,,,,,,,,,
500264,,13,Mario,101,,,,,,,,3,,,,,,,,,,,,,,,,,,,,,,,,,,,,,,,,,
500271,,44,Gru,101,,,,,,,,3,,,,,,,,,,,,,,,,,,,,,,,,,,,,,,,,,
500272,,53,Batman,101,,,,,,,,3,,,,,,,,,,,,,,,,,,,,,,,,,,,,,,,,,
500273,,13,Mario,101,,,,,,,,3,,,,,,,,,,,,,,,,,,,,,,,,,,,,,,,,,
500281,,44,Gru,101,,,,,,,,3,,,,,,,,,,,,,,,,,,,,,,,,,,,,,,,,,
500282,,53,Batman,101,,,,,,,,3,,,,,,,,,,,,,,,,,,,,,,,,,,,,,,,,,
500283,,13,Mario,101,,,,,,,,3,,,,,,,,,,,,,,,,,,,,,,,,,,,,,,,,,
500301,,44,Gru,101,,,,,,,,3,,,,,,,,,,,,,,,,,,,,,,,,,,,,,,,,,
500302,,53,Batman,101,,,,,,,,3,,,,,,,,,,,,,,,,,,,,,,,,,,,,,,,,,
500303,,13,Mario,101,,,,,,,,3,,,,,,,,,,,,,,,,,,,,,,,,,,,,,,,,,
500331,,44,Gru,101,,,,,,,,3,,,,,,,,,,,,,,,,,,,,,,,,,,,,,,,,,
500332,,53,Batman,101,,,,,,,,3,,,,,,,,,,,,,,,,,,,,,,,,,,,,,,,,,
500333,,13,Mario,101,,,,,,,,3,,,,,,,,,,,,,,,,,,,,,,,,,,,,,,,,,
500341,,44,Gru,101,,,,,,,,3,,,,,,,,,,,,,,,,,,,,,,,,,,,,,,,,,
500351,,53,Batman,101,,,,,,,,3,,,,,,,,,,,,,,,,,,,,,,,,,,,,,,,,,
500352,,13,Mario,101,,,,,,,,3,,,,,,,,,,,,,,,,,,,,,,,,,,,,,,,,,
500371,,44,Gru,101,,,,,,,,3,,,,,,,,,,,,,,,,,,,,,,,,,,,,,,,,,
500372,,53,Batman,101,,,,,,,,3,,,,,,,,,,,,,,,,,,,,,,,,,,,,,,,,,
500381,,13,Mario,101,,,,,,,,3,,,,,,,,,,,,,,,,,,,,,,,,,,,,,,,,,
500382,,44,Gru,101,,,,,,,,3,,,,,,,,,,,,,,,,,,,,,,,,,,,,,,,,,
500391,,53,Batman,101,,,,,,,,3,,,,,,,,,,,,,,,,,,,,,,,,,,,,,,,,,
500392,,13,Mario,101,,,,,,,,3,,,,,,,,,,,,,,,,,,,,,,,,,,,,,,,,,
500393,,44,Gru,101,,,,,,,,3,,,,,,,,,,,,,,,,,,,,,,,,,,,,,,,,,
500394,,53,Batman,101,,,,,,,,3,,,,,,,,,,,,,,,,,,,,,,,,,,,,,,,,,
500401,,13,Mario,101,,,,,,,,3,,,,,,,,,,,,,,,,,,,,,,,,,,,,,,,,,
500402,,44,Gru,101,,,,,,,,3,,,,,,,,,,,,,,,,,,,,,,,,,,,,,,,,,
500451,,53,Batman,101,,,,,,,,3,,,,,,,,,,,,,,,,,,,,,,,,,,,,,,,,,
500452,,13,Mario,101,,,,,,,,3,,,,,,,,,,,,,,,,,,,,,,,,,,,,,,,,,
500461,,44,Gru,101,,,,,,,,3,,,,,,,,,,,,,,,,,,,,,,,,,,,,,,,,,
500462,,53,Batman,101,,,,,,,,3,,,,,,,,,,,,,,,,,,,,,,,,,,,,,,,,,
500463,,13,Mario,101,,,,,,,,3,,,,,,,,,,,,,,,,,,,,,,,,,,,,,,,,,
500464,,44,Gru,101,,,,,,,,3,,,,,,,,,,,,,,,,,,,,,,,,,,,,,,,,,
500471,,53,Batman,101,,,,,,,,3,,,,,,,,,,,,,,,,,,,,,,,,,,,,,,,,,
500472,,13,Mario,101,,,,,,,,3,,,,,,,,,,,,,,,,,,,,,,,,,,,,,,,,,
500481,,44,Gru,101,,,,,,,,3,,,,,,,,,,,,,,,,,,,,,,,,,,,,,,,,,
500482,,53,Batman,101,,,,,,,,3,,,,,,,,,,,,,,,,,,,,,,,,,,,,,,,,,
500491,,13,Mario,101,,,,,,,,3,,,,,,,,,,,,,,,,,,,,,,,,,,,,,,,,,
500492,,44,Gru,101,,,,,,,,3,,,,,,,,,,,,,,,,,,,,,,,,,,,,,,,,,
500493,,53,Batman,101,,,,,,,,3,,,,,,,,,,,,,,,,,,,,,,,,,,,,,,,,,
500501,,13,Mario,101,,,,,,,,3,,,,,,,,,,,,,,,,,,,,,,,,,,,,,,,,,
500502,,44,Gru,101,,,,,,,,3,,,,,,,,,,,,,,,,,,,,,,,,,,,,,,,,,
500503,,53,Batman,101,,,,,,,,3,,,,,,,,,,,,,,,,,,,,,,,,,,,,,,,,,
500541,,13,Mario,101,,,,,,,,3,,,,,,,,,,,,,,,,,,,,,,,,,,,,,,,,,
500542,,44,Gru,101,,,,,,,,3,,,,,,,,,,,,,,,,,,,,,,,,,,,,,,,,,
500551,,53,Batman,101,,,,,,,,3,,,,,,,,,,,,,,,,,,,,,,,,,,,,,,,,,
500552,,13,Mario,101,,,,,,,,3,,,,,,,,,,,,,,,,,,,,,,,,,,,,,,,,,
500571,,44,Gru,101,,,,,,,,3,,,,,,,,,,,,,,,,,,,,,,,,,,,,,,,,,
500572,,53,Batman,101,,,,,,,,3,,,,,,,,,,,,,,,,,,,,,,,,,,,,,,,,,
500574,,13,Mario,101,,,,,,,,3,,,,,,,,,,,,,,,,,,,,,,,,,,,,,,,,,
500591,,44,Gru,101,,,,,,,,3,,,,,,,,,,,,,,,,,,,,,,,,,,,,,,,,,
500592,,53,Batman,101,,,,,,,,3,,,,,,,,,,,,,,,,,,,,,,,,,,,,,,,,,
500593,,13,Mario,101,,,,,,,,3,,,,,,,,,,,,,,,,,,,,,,,,,,,,,,,,,
500601,,44,Gru,101,,,,,,,,3,,,,,,,,,,,,,,,,,,,,,,,,,,,,,,,,,
500602,,53,Batman,101,,,,,,,,3,,,,,,,,,,,,,,,,,,,,,,,,,,,,,,,,,
500603,,13,Mario,101,,,,,,,,3,,,,,,,,,,,,,,,,,,,,,,,,,,,,,,,,,
500631,,44,Gru,101,,,,,,,,3,,,,,,,,,,,,,,,,,,,,,,,,,,,,,,,,,
500641,,53,Batman,101,,,,,,,,3,,,,,,,,,,,,,,,,,,,,,,,,,,,,,,,,,
500691,,13,Mario,101,,,,,,,,3,,,,,,,,,,,,,,,,,,,,,,,,,,,,,,,,,
500692,,44,Gru,101,,,,,,,,3,,,,,,,,,,,,,,,,,,,,,,,,,,,,,,,,,
500701,,53,Batman,101,,,,,,,,3,,,,,,,,,,,,,,,,,,,,,,,,,,,,,,,,,
500711,,13,Mario,101,,,,,,,,3,,,,,,,,,,,,,,,,,,,,,,,,,,,,,,,,,
500712,,44,Gru,101,,,,,,,,3,,,,,,,,,,,,,,,,,,,,,,,,,,,,,,,,,
500721,,53,Batman,101,,,,,,,,3,,,,,,,,,,,,,,,,,,,,,,,,,,,,,,,,,
500731,,13,Mario,101,,,,,,,,3,,,,,,,,,,,,,,,,,,,,,,,,,,,,,,,,,
500741,,44,Gru,101,,,,,,,,3,,,,,,,,,,,,,,,,,,,,,,,,,,,,,,,,,
500751,,53,Batman,101,,,,,,,,3,,,,,,,,,,,,,,,,,,,,,,,,,,,,,,,,,
500752,,13,Mario,101,,,,,,,,3,,,,,,,,,,,,,,,,,,,,,,,,,,,,,,,,,
500753,,44,Gru,101,,,,,,,,3,,,,<80;80;80;80;80;80;80>,,,,,,,,,,,,,,,,,,,,,,,,,,,,,
500761,,53,Batman,101,,,,,,,,3,,,,,,,,,,,,,,,,,,,,,,,,,,,,,,,,,
500771,,13,Mario,101,,,,,,,,3,,,,,,,,,,,,,,,,,,,,,,,,,,,,,,,,,
500781,,44,Gru,101,,,,,,,,3,,,,,,,,,,,,,,,,,,,,,,,,,,,,,,,,,
500782,,53,Batman,101,,,,,,,,3,,,,,,,,,,,,,,,,,,,,,,,,,,,,,,,,,
500783,,13,Mario,101,,,,,,,,3,,,,,,,,,,,,,,,,,,,,,,,,,,,,,,,,,
500791,,44,Gru,101,,,,,,,,3,,,,,,,,,,,,,,,,,,,,,,,,,,,,,,,,,
500792,,53,Batman,101,,,,,,,,3,,,,,,,,,,,,,,,,,,,,,,,,,,,,,,,,,
500793,,13,Mario,101,,,,,,,,3,,,,,,,,,,,,,,,,,,,,,,,,,,,,,,,,,
500801,,44,Gru,101,,,,,,,,3,,,,,,,,,,,,,,,,,,,,,,,,,,,,,,,,,
500802,,53,Batman,101,,,,,,,,3,,,,,,,,,,,,,,,,,,,,,,,,,,,,,,,,,
500803,,13,Mario,101,,,,,,,,3,,,,,,,,,,,,,,,,,,,,,,,,,,,,,,,,,
500861,,44,Gru,101,,,,,,,,3,,,,,,,,,,,,,,,,,,,,,,,,,,,,,,,,,
500862,,53,Batman,101,,,,,,,,3,,,,,,,,,,,,,,,,,,,,,,,,,,,,,,,,,
500863,,13,Mario,101,,,,,,,,3,,,,,,,,,,,,,,,,,,,,,,,,,,,,,,,,,
500881,,44,Gru,101,,,,,,,,3,,,,,,,,,,,,,,,,,,,,,,,,,,,,,,,,,
500882,,53,Batman,101,,,,,,,,3,,,,,,,,,,,,,,,,,,,,,,,,,,,,,,,,,
500883,,13,Mario,101,,,,,,,,3,,,,,,,,,,,,,,,,,,,,,,,,,,,,,,,,,
500884,,44,Gru,101,,,,,,,,3,,,,,,,,,,,,,,,,,,,,,,,,,,,,,,,,,
500891,,53,Batman,101,,,,,,,,3,,,,,,,,,,,,,,,,,,,,,,,,,,,,,,,,,
500892,,13,Mario,101,,,,,,,,3,,,,,,,,,,,,,,,,,,,,,,,,,,,,,,,,,
500893,,44,Gru,101,,,,,,,,3,,,,,,,,,,,,,,,,,,,,,,,,,,,,,,,,,
501031,,53,Batman,101,,,,,,,,3,,,,,,,,,,,,,,,,,,,,,,,,,,,,,,,,,
501032,,13,Mario,101,,,,,,,,3,,,,,,,,,,,,,,,,,,,,,,,,,,,,,,,,,
501071,,44,Gru,101,,,,,,,,3,,,,,,,,,,,,,,,,,,,,,,,,,,,,,,,,,
501081,,53,Batman,101,,,,,,,,3,,,,,,,,,,,,,,,,,,,,,,,,,,,,,,,,,
501082,,13,Mario,101,,,,,,,,3,,,,,,,,,,,,,,,,,,,,,,,,,,,,,,,,,
501171,,44,Gru,101,,,,,,,,3,,,,,,,,,,,,,,,,,,,,,,,,,,,,,,,,,
501172,,53,Batman,101,,,,,,,,3,,,,,,,,,,,,,,,,,,,,,,,,,,,,,,,,,
501221,,13,Mario,101,,,,,,,,3,,,,,,,,,,,,,,,,,,,,,,,,,,,,,,,,,
501231,,44,Gru,101,,,,,,,,3,,,,,,,,,,,,,,,,,,,,,,,,,,,,,,,,,
501241,,53,Batman,101,,,,,,,,3,,,,,,,,,,,,,,,,,,,,,,,,,,,,,,,,,
501251,,13,Mario,101,,,,,,,,3,,,,,,,,,,,,,,,,,,,,,,,,,,,,,,,,,
501252,,44,Gru,101,,,,,,,,3,,,,,,,,,,,,,,,,,,,,,,,,,,,,,,,,,
501253,,53,Batman,101,,,,,,,,3,,,,,,,,,,,,,,,,,,,,,,,,,,,,,,,,,
501261,,13,Mario,101,,,,,,,,3,,,,,,,,,,,,,,,,,,,,,,,,,,,,,,,,,
501271,,44,Gru,101,,,,,,,,3,,,,,,,,,,,,,,,,,,,,,,,,,,,,,,,,,
501291,,53,Batman,101,,,,,,,,3,,,,,,,,,,,,,,,,,,,,,,,,,,,,,,,,,
501292,,13,Mario,101,,,,,,,,3,,,,,,,,,,,,,,,,,,,,,,,,,,,,,,,,,
501293,,44,Gru,101,,,,,,,,3,,,,,,,,,,,,,,,,,,,,,,,,,,,,,,,,,
501301,,53,Batman,101,,,,,,,,3,,,,,,,,,,,,,,,,,,,,,,,,,,,,,,,,,
501302,,13,Mario,101,,,,,,,,3,,,,,,,,,,,,,,,,,,,,,,,,,,,,,,,,,
501303,,44,Gru,101,,,,,,,,3,,,,,,,,,,,,,,,,,,,,,,,,,,,,,,,,,
501311,,53,Batman,101,,,,,,,,3,,,,,,,,,,,,,,,,,,,,,,,,,,,,,,,,,
501312,,13,Mario,101,,,,,,,,3,,,,,,,,,,,,,,,,,,,,,,,,,,,,,,,,,
501313,,44,Gru,101,,,,,,,,3,,,,,,,,,,,,,,,,,,,,,,,,,,,,,,,,,
501314,,53,Batman,101,,,,,,,,3,,,,,,,,,,,,,,,,,,,,,,,,,,,,,,,,,
501351,,13,Mario,101,,,,,,,,3,,,,,,,,,,,,,,,,,,,,,,,,,,,,,,,,,
501352,,44,Gru,101,,,,,,,,3,,,,,,,,,,,,,,,,,,,,,,,,,,,,,,,,,
501353,,53,Batman,101,,,,,,,,3,,,,,,,,,,,,,,,,,,,,,,,,,,,,,,,,,
501391,,13,Mario,101,,,,,,,,3,,,,,,,,,,,,,,,,,,,,,,,,,,,,,,,,,
501392,,44,Gru,101,,,,,,,,3,,,,,,,,,,,,,,,,,,,,,,,,,,,,,,,,,
501393,,53,Batman,101,,,,,,,,3,,,,,,,,,,,,,,,,,,,,,,,,,,,,,,,,,
501394,,13,Mario,101,,,,,,,,3,,,,,,,,,,,,,,,,,,,,,,,,,,,,,,,,,
501396,,44,Gru,101,,,,,,,,3,,,,,,,,,,,,,,,,,,,,,,,,,,,,,,,,,
501421,,53,Batman,101,,,,,,,,3,,,,,,,,,,,,,,,,,,,,,,,,,,,,,,,,,
501422,,13,Mario,101,,,,,,,,3,,,,,,,,,,,,,,,,,,,,,,,,,,,,,,,,,
501423,,44,Gru,101,,,,,,,,3,,,,,,,,,,,,,,,,,,,,,,,,,,,,,,,,,
501441,,53,Batman,101,,,,,,,,3,,,,,,,,,,,,,,,,,,,,,,,,,,,,,,,,,
501442,,13,Mario,101,,,,,,,,3,,,,,,,,,,,,,,,,,,,,,,,,,,,,,,,,,
501443,,44,Gru,101,,,,,,,,3,,,,,,,,,,,,,,,,,,,,,,,,,,,,,,,,,
501501,,53,Batman,101,,,,,,,,3,,,,,,,,,,,,,,,,,,,,,,,,,,,,,,,,,
501502,,13,Mario,101,,,,,,,,3,,,,,,,,,,,,,,,,,,,,,,,,,,,,,,,,,
501503,,44,Gru,101,,,,,,,,3,,,,,,,,,,,,,,,,,,,,,,,,,,,,,,,,,
501611,,53,Batman,101,,,,,,,,3,,,,,,,,,,,,,,,,,,,,,,,,,,,,,,,,,
501612,,13,Mario,101,,,,,,,,3,,,,,,,,,,,,,,,,,,,,,,,,,,,,,,,,,
501771,,44,Gru,101,,,,,,,,3,,,,,,,,,,,,,,,,,,,,,,,,,,,,,,,,,
501801,,53,Batman,101,,,,,,,,3,,,,,,,,,,,,,,,,,,,,,,,,,,,,,,,,,
501802,,13,Mario,101,,,,,,,,3,,,,,,,,,,,,,,,,,,,,,,,,,,,,,,,,,
501811,,44,Gru,101,,,,,,,,3,,,,,,,,,,,,,,,,,,,,,,,,,,,,,,,,,
501812,,53,Batman,101,,,,,,,,3,,,,,,,,,,,,,,,,,,,,,,,,,,,,,,,,,
501813,,13,Mario,101,,,,,,,,3,,,,,,,,,,,,,,,,,,,,,,,,,,,,,,,,,
501841,,44,Gru,101,,,,,,,,3,,,,,,,,,,,,,,,,,,,,,,,,,,,,,,,,,
501851,,53,Batman,101,,,,,,,,3,,,,,,,,,,,,,,,,,,,,,,,,,,,,,,,,,
501852,,13,Mario,101,,,,,,,,3,,,,,,,,,,,,,,,,,,,,,,,,,,,,,,,,,
501853,,44,Gru,101,,,,,,,,3,,,,,,,,,,,,,,,,,,,,,,,,,,,,,,,,,
501861,,53,Batman,101,,,,,,,,3,,,,,,,,,,,,,,,,,,,,,,,,,,,,,,,,,
501862,,13,Mario,101,,,,,,,,3,,,,,,,,,,,,,,,,,,,,,,,,,,,,,,,,,
501863,,44,Gru,101,,,,,,,,3,,,,,,,,,,,,,,,,,,,,,,,,,,,,,,,,,
501891,,53,Batman,101,,,,,,,,3,,,,,,,,,,,,,,,,,,,,,,,,,,,,,,,,,
501892,,13,Mario,101,,,,,,,,3,,,,,,,,,,,,,,,,,,,,,,,,,,,,,,,,,
501893,,44,Gru,101,,,,,,,,3,,,,,,,,,,,,,,,,,,,,,,,,,,,,,,,,,
501901,,53,Batman,101,,,,,,,,3,,,,,,,,,,,,,,,,,,,,,,,,,,,,,,,,,
501902,,13,Mario,101,,,,,,,,3,,,,,,,,,,,,,,,,,,,,,,,,,,,,,,,,,
501903,,44,Gru,101,,,,,,,,3,,,,,,,,,,,,,,,,,,,,,,,,,,,,,,,,,
501911,,53,Batman,101,,,,,,,,3,,,,,,,,,,,,,,,,,,,,,,,,,,,,,,,,,
501921,,13,Mario,101,,,,,,,,3,,,,,,,,,,,,,,,,,,,,,,,,,,,,,,,,,
501931,,44,Gru,101,,,,,,,,3,,,,,,,,,,,,,,,,,,,,,,,,,,,,,,,,,
501941,,53,Batman,101,,,,,,,,3,,,,,,,,,,,,,,,,,,,,,,,,,,,,,,,,,
501951,,13,Mario,101,,,,,,,,3,,,,,,,,,,,,,,,,,,,,,,,,,,,,,,,,,
501961,,44,Gru,101,,,,,,,,3,,,,,,,,,,,,,,,,,,,,,,,,,,,,,,,,,
501971,,53,Batman,101,,,,,,,,3,,,,,,,,,,,,,,,,,,,,,,,,,,,,,,,,,
501981,,13,Mario,101,,,,,,,,3,,,,,,,,,,,,,,,,,,,,,,,,,,,,,,,,,
501982,,44,Gru,101,,,,,,,,3,,,,,,,,,,,,,,,,,,,,,,,,,,,,,,,,,
501991,,53,Batman,101,,,,,,,,3,,,,,,,,,,,,,,,,,,,,,,,,,,,,,,,,,
502011,,13,Mario,101,,,,,,,,3,,,,,,,,,,,,,,,,,,,,,,,,,,,,,,,,,
502012,,44,Gru,101,,,,,,,,3,,,,,,,,,,,,,,,,,,,,,,,,,,,,,,,,,
502013,,53,Batman,101,,,,,,,,3,,,,,,,,,,,,,,,,,,,,,,,,,,,,,,,,,
502031,,13,Mario,101,,,,,,,,3,,,,,,,,,,,,,,,,,,,,,,,,,,,,,,,,,
502032,,44,Gru,101,,,,,,,,3,,,,,,,,,,,,,,,,,,,,,,,,,,,,,,,,,
502033,,53,Batman,101,,,,,,,,3,,,,,,,,,,,,,,,,,,,,,,,,,,,,,,,,,
502071,,13,Mario,101,,,,,,,,3,,,,,,,,,,,,,,,,,,,,,,,,,,,,,,,,,
502072,,44,Gru,101,,,,,,,,3,,,,,,,,,,,,,,,,,,,,,,,,,,,,,,,,,
502073,,53,Batman,101,,,,,,,,3,,,,,,,,,,,,,,,,,,,,,,,,,,,,,,,,,
502231,,13,Mario,101,,,,,,,,3,,,,,,,,,,,,,,,,,,,,,,,,,,,,,,,,,
502232,,44,Gru,101,,,,,,,,3,,,,,,,,,,,,,,,,,,,,,,,,,,,,,,,,,
502233,,53,Batman,101,,,,,,,,3,,,,,,,,,,,,,,,,,,,,,,,,,,,,,,,,,
502241,,13,Mario,101,,,,,,,,3,,,,,,,,,,,,,,,,,,,,,,,,,,,,,,,,,
502242,,44,Gru,101,,,,,,,,3,,,,,,,,,,,,,,,,,,,,,,,,,,,,,,,,,
502271,,53,Batman,101,,,,,,,,3,,,,,,,,,,,,,,,,,,,,,,,,,,,,,,,,,
502272,,13,Mario,101,,,,,,,,3,,,,,,,,,,,,,,,,,,,,,,,,,,,,,,,,,
502301,,44,Gru,101,,,,,,,,3,,,,,,,,,,,,,,,,,,,,,,,,,,,,,,,,,
502302,,53,Batman,101,,,,,,,,3,,,,,,,,,,,,,,,,,,,,,,,,,,,,,,,,,
502303,,13,Mario,101,,,,,,,,3,,,,,,,,,,,,,,,,,,,,,,,,,,,,,,,,,
502351,,44,Gru,101,,,,,,,,3,,,,,,,,,,,,,,,,,,,,,,,,,,,,,,,,,
502361,,53,Batman,101,,,,,,,,3,,,,,,,,,,,,,,,,,,,,,,,,,,,,,,,,,
502381,,13,Mario,101,,,,,,,,3,,,,,,,,,,,,,,,,,,,,,,,,,,,,,,,,,
502391,,44,Gru,101,,,,,,,,3,,,,,,,,,,,,,,,,,,,,,,,,,,,,,,,,,
502401,,53,Batman,101,,,,,,,,3,,,,,,,,,,,,,,,,,,,,,,,,,,,,,,,,,
502431,,13,Mario,101,,,,,,,,3,,,,,,,,,,,,,,,,,,,,,,,,,,,,,,,,,
502441,,44,Gru,101,,,,,,,,3,,,,,,,,,,,,,,,,,,,,,,,,,,,,,,,,,
502442,,53,Batman,101,,,,,,,,3,,,,,,,,,,,,,,,,,,,,,,,,,,,,,,,,,
502471,,13,Mario,101,,,,,,,,3,,,,,,,,,,,,,,,,,,,,,,,,,,,,,,,,,
502472,,44,Gru,101,,,,,,,,3,,,,,,,,,,,,,,,,,,,,,,,,,,,,,,,,,
502473,,53,Batman,101,,,,,,,,3,,,,,,,,,,,,,,,,,,,,,,,,,,,,,,,,,
502481,,13,Mario,101,,,,,,,,3,,,,,,,,,,,,,,,,,,,,,,,,,,,,,,,,,
502482,,44,Gru,101,,,,,,,,3,,,,,,,,,,,,,,,,,,,,,,,,,,,,,,,,,
502483,,53,Batman,101,,,,,,,,3,,,,,,,,,,,,,,,,,,,,,,,,,,,,,,,,,
502591,,13,Mario,101,,,,,,,,3,,,,,,,,,,,,,,,,,,,,,,,,,,,,,,,,,
502592,,44,Gru,101,,,,,,,,3,,,,,,,,,,,,,,,,,,,,,,,,,,,,,,,,,
502593,,53,Batman,101,,,,,,,,3,,,,,,,,,,,,,,,,,,,,,,,,,,,,,,,,,
502611,,13,Mario,101,,,,,,,,3,,,,,,,,,,,,,,,,,,,,,,,,,,,,,,,,,
502612,,44,Gru,101,,,,,,,,3,,,,,,,,,,,,,,,,,,,,,,,,,,,,,,,,,
502631,,53,Batman,101,,,,,,,,3,,,,,,,,,,,,,,,,,,,,,,,,,,,,,,,,,
502632,,13,Mario,101,,,,,,,,3,,,,,,,,,,,,,,,,,,,,,,,,,,,,,,,,,
502633,,44,Gru,101,,,,,,,,3,,,,,,,,,,,,,,,,,,,,,,,,,,,,,,,,,
502681,,53,Batman,101,,,,,,,,3,,,,,,,,,,,,,,,,,,,,,,,,,,,,,,,,,
502682,,13,Mario,101,,,,,,,,3,,,,,,,,,,,,,,,,,,,,,,,,,,,,,,,,,
502683,,44,Gru,101,,,,,,,,3,,,,,,,,,,,,,,,,,,,,,,,,,,,,,,,,,
502721,,53,Batman,101,,,,,,,,3,,,,,,,,,,,,,,,,,,,,,,,,,,,,,,,,,
502722,,13,Mario,101,,,,,,,,3,,,,,,,,,,,,,,,,,,,,,,,,,,,,,,,,,
502723,,44,Gru,101,,,,,,,,3,,,,,,,,,,,,,,,,,,,,,,,,,,,,,,,,,
502821,,53,Batman,101,,,,,,,,3,,,,,,,,,,,,,,,,,,,,,,,,,,,,,,,,,
502822,,13,Mario,101,,,,,,,,3,,,,,,,,,,,,,,,,,,,,,,,,,,,,,,,,,
502841,,44,Gru,101,,,,,,,,3,,,,,,,,,,,,,,,,,,,,,,,,,,,,,,,,,
502842,,53,Batman,101,,,,,,,,3,,,,,,,,,,,,,,,,,,,,,,,,,,,,,,,,,
502843,,13,Mario,101,,,,,,,,3,,,,,,,,,,,,,,,,,,,,,,,,,,,,,,,,,
502871,,44,Gru,101,,,,,,,,3,,,,,,,,,,,,,,,,,,,,,,,,,,,,,,,,,
502872,,53,Batman,101,,,,,,,,3,,,,,,,,,,,,,,,,,,,,,,,,,,,,,,,,,
502873,,13,Mario,101,,,,,,,,3,,,,,,,,,,,,,,,,,,,,,,,,,,,,,,,,,
502891,,44,Gru,101,,,,,,,,3,,,,,,,,,,,,,,,,,,,,,,,,,,,,,,,,,
502921,,53,Batman,101,,,,,,,,3,,,,,,,,,,,,,,,,,,,,,,,,,,,,,,,,,
502922,,13,Mario,101,,,,,,,,3,,,,,,,,,,,,,,,,,,,,,,,,,,,,,,,,,
502923,,44,Gru,101,,,,,,,,3,,,,,,,,,,,,,,,,,,,,,,,,,,,,,,,,,
502924,,53,Batman,101,,,,,,,,3,,,,,,,,,,,,,,,,,,,,,,,,,,,,,,,,,
502961,,13,Mario,101,,,,,,,,3,,,,,,,,,,,,,,,,,,,,,,,,,,,,,,,,,
502962,,44,Gru,101,,,,,,,,3,,,,,,,,,,,,,,,,,,,,,,,,,,,,,,,,,
502963,,53,Batman,101,,,,,,,,3,,,,,,,,,,,,,,,,,,,,,,,,,,,,,,,,,
502991,,13,Mario,101,,,,,,,,3,,,,,,,,,,,,,,,,,,,,,,,,,,,,,,,,,
502992,,44,Gru,101,,,,,,,,3,,,,,,,,,,,,,,,,,,,,,,,,,,,,,,,,,
502993,,53,Batman,101,,,,,,,,3,,,,,,,,,,,,,,,,,,,,,,,,,,,,,,,,,
503001,,13,Mario,101,,,,,,,,3,,,,,,,,,,,,,,,,,,,,,,,,,,,,,,,,,
503002,,44,Gru,101,,,,,,,,3,,,,,,,,,,,,,,,,,,,,,,,,,,,,,,,,,
503003,,53,Batman,101,,,,,,,,3,,,,,,,,,,,,,,,,,,,,,,,,,,,,,,,,,
503011,,13,Mario,101,,,,,,,,3,,,,,,,,,,,,,,,,,,,,,,,,,,,,,,,,,
503012,,44,Gru,101,,,,,,,,3,,,,,,,,,,,,,,,,,,,,,,,,,,,,,,,,,
503021,,53,Batman,101,,,,,,,,3,,,,,,,,,,,,,,,,,,,,,,,,,,,,,,,,,
503141,,13,Mario,101,,,,,,,,3,,,,,,,,,,,,,,,,,,,,,,,,,,,,,,,,,
503142,,44,Gru,101,,,,,,,,3,,,,,,,,,,,,,,,,,,,,,,,,,,,,,,,,,
503143,,53,Batman,101,,,,,,,,3,,,,,,,,,,,,,,,,,,,,,,,,,,,,,,,,,
503151,,13,Mario,101,,,,,,,,3,,,,,,,,,,,,,,,,,,,,,,,,,,,,,,,,,
503152,,44,Gru,101,,,,,,,,3,,,,,,,,,,,,,,,,,,,,,,,,,,,,,,,,,
503161,,53,Batman,101,,,,,,,,3,,,,,,,,,,,,,,,,,,,,,,,,,,,,,,,,,
503171,,13,Mario,101,,,,,,,,3,,,,,,,,,,,,,,,,,,,,,,,,,,,,,,,,,
503181,,44,Gru,101,,,,,,,,3,,,,,,,,,,,,,,,,,,,,,,,,,,,,,,,,,
503211,,53,Batman,101,,,,,,,,3,,,,,,,,,,,,,,,,,,,,,,,,,,,,,,,,,
503221,,13,Mario,101,,,,,,,,3,,,,,,,,,,,,,,,,,,,,,,,,,,,,,,,,,
503241,,44,Gru,101,,,,,,,,3,,,,,,,,,,,,,,,,,,,,,,,,,,,,,,,,,
503251,,53,Batman,101,,,,,,,,3,,,,,,,,,,,,,,,,,,,,,,,,,,,,,,,,,
503261,,13,Mario,101,,,,,,,,3,,,,,,,,,,,,,,,,,,,,,,,,,,,,,,,,,
503281,,44,Gru,101,,,,,,,,3,,,,,,,,,,,,,,,,,,,,,,,,,,,,,,,,,
503282,,53,Batman,101,,,,,,,,3,,,,,,,,,,,,,,,,,,,,,,,,,,,,,,,,,
503283,,13,Mario,101,,,,,,,,3,,,,,,,,,,,,,,,,,,,,,,,,,,,,,,,,,
503291,,44,Gru,101,,,,,,,,3,,,,,,,,,,,,,,,,,,,,,,,,,,,,,,,,,
503292,,53,Batman,101,,,,,,,,3,,,,,,,,,,,,,,,,,,,,,,,,,,,,,,,,,
503293,,13,Mario,101,,,,,,,,3,,,,,,,,,,,,,,,,,,,,,,,,,,,,,,,,,
503301,,44,Gru,101,,,,,,,,3,,,,,,,,,,,,,,,,,,,,,,,,,,,,,,,,,
503302,,53,Batman,101,,,,,,,,3,,,,,,,,,,,,,,,,,,,,,,,,,,,,,,,,,
503303,,13,Mario,101,,,,,,,,3,,,,,,,,,,,,,,,,,,,,,,,,,,,,,,,,,
503341,,44,Gru,101,,,,,,,,3,,,,,,,,,,,,,,,,,,,,,,,,,,,,,,,,,
503342,,53,Batman,101,,,,,,,,3,,,,,,,,,,,,,,,,,,,,,,,,,,,,,,,,,
503351,,13,Mario,101,,,,,,,,3,,,,,,,,,,,,,,,,,,,,,,,,,,,,,,,,,
503352,,44,Gru,101,,,,,,,,3,,,,,,,,,,,,,,,,,,,,,,,,,,,,,,,,,
503353,,53,Batman,101,,,,,,,,3,,,,,,,,,,,,,,,,,,,,,,,,,,,,,,,,,
503411,,13,Mario,101,,,,,,,,3,,,,,,,,,,,,,,,,,,,,,,,,,,,,,,,,,
503412,,44,Gru,101,,,,,,,,3,,,,,,,,,,,,,,,,,,,,,,,,,,,,,,,,,
503413,,53,Batman,101,,,,,,,,3,,,,,,,,,,,,,,,,,,,,,,,,,,,,,,,,,
503431,,13,Mario,101,,,,,,,,3,,,,,,,,,,,,,,,,,,,,,,,,,,,,,,,,,
503432,,44,Gru,101,,,,,,,,3,,,,,,,,,,,,,,,,,,,,,,,,,,,,,,,,,
503471,,53,Batman,101,,,,,,,,3,,,,,,,,,,,,,,,,,,,,,,,,,,,,,,,,,
503472,,13,Mario,101,,,,,,,,3,,,,,,,,,,,,,,,,,,,,,,,,,,,,,,,,,
503501,,44,Gru,101,,,,,,,,3,,,,,,,,,,,,,,,,,,,,,,,,,,,,,,,,,
503502,,53,Batman,101,,,,,,,,3,,,,,,,,,,,,,,,,,,,,,,,,,,,,,,,,,
503511,,13,Mario,101,,,,,,,,3,,,,,,,,,,,,,,,,,,,,,,,,,,,,,,,,,
503541,,44,Gru,101,,,,,,,,3,,,,,,,,,,,,,,,,,,,,,,,,,,,,,,,,,
503542,,53,Batman,101,,,,,,,,3,,,,,,,,,,,,,,,,,,,,,,,,,,,,,,,,,
503543,,13,Mario,101,,,,,,,,3,,,,,,,,,,,,,,,,,,,,,,,,,,,,,,,,,
503561,,44,Gru,101,,,,,,,,3,,,,,,,,,,,,,,,,,,,,,,,,,,,,,,,,,
503562,,53,Batman,101,,,,,,,,3,,,,,,,,,,,,,,,,,,,,,,,,,,,,,,,,,
503591,,13,Mario,101,,,,,,,,3,,,,,,,,,,,,,,,,,,,,,,,,,,,,,,,,,
503592,,44,Gru,101,,,,,,,,3,,,,,,,,,,,,,,,,,,,,,,,,,,,,,,,,,
503611,,53,Batman,101,,,,,,,,3,,,,,,,,,,,,,,,,,,,,,,,,,,,,,,,,,
503631,,13,Mario,101,,,,,,,,3,,,,,,,,,,,,,,,,,,,,,,,,,,,,,,,,,
503641,,44,Gru,101,,,,,,,,3,,,,,,,,,,,,,,,,,,,,,,,,,,,,,,,,,
503642,,53,Batman,101,,,,,,,,3,,,,,,,,,,,,,,,,,,,,,,,,,,,,,,,,,
503661,,13,Mario,101,,,,,,,,3,,,,,,,,,,,,,,,,,,,,,,,,,,,,,,,,,
503662,,44,Gru,101,,,,,,,,3,,,,,,,,,,,,,,,,,,,,,,,,,,,,,,,,,
503663,,53,Batman,101,,,,,,,,3,,,,,,,,,,,,,,,,,,,,,,,,,,,,,,,,,
503771,,13,Mario,101,,,,,,,,3,,,,,,,,,,,,,,,,,,,,,,,,,,,,,,,,,
503772,,44,Gru,101,,,,,,,,3,,,,,,,,,,,,,,,,,,,,,,,,,,,,,,,,,
503841,,53,Batman,101,,,,,,,,3,,,,,,,,,,,,,,,,,,,,,,,,,,,,,,,,,
503842,,13,Mario,101,,,,,,,,3,,,,,,,,,,,,,,,,,,,,,,,,,,,,,,,,,
503843,,44,Gru,101,,,,,,,,3,,,,,,,,,,,,,,,,,,,,,,,,,,,,,,,,,
504131,,53,Batman,101,,,,,,,,3,,,,,,,,,,,,,,,,,,,,,,,,,,,,,,,,,
504132,,13,Mario,101,,,,,,,,3,,,,,,,,,,,,,,,,,,,,,,,,,,,,,,,,,
507001,,44,Gru,101,,,,,,,,3,,,,,,,,,,,,,,,,,,,,,,,,,,,,,,,,,
509001,,53,Batman,101,,,,,,,,3,,2,,,,,,,,,,,,,,,,,,,,,,,,,,,,,,,
509002,,13,Mario,101,,,,,,,,3,,2,,,,,,,,,,,,,,,,,,,,,,,,,,,,,,,
509003,,44,Gru,101,,,,,,,,3,,2,,,,,,,,,,,,,,,,,,,,,,,,,,,,,,,
600001,,13,Mario,102,,,,,,,,3,,,,,,,,,,,,,115%,115%,115%,115%,115%,115%,,,,,,,,,,,,,,,
600002,,44,Gru,102,,,,,,,,3,,,,,,,,,,,,,115%,115%,115%,115%,115%,115%,,,,,,,,,,,,,,,
600003,,53,Batman,102,,,,,,,,3,,,,,,,,,,,,,115%,115%,115%,115%,115%,115%,,,,,,,,,,,,,,,
600004,,13,Mario,102,,,,,,,,3,,,,,,,,,,,,,115%,115%,115%,115%,115%,115%,,,,,,,,,,,,,,,
600011,,44,Gru,102,,,,,,,,3,,,,,,,,,,,,,115%,115%,115%,115%,115%,115%,,,,,,,,,,,,,,,
600012,,53,Batman,102,,,,,,,,3,,,,,,,,,,,,,115%,115%,115%,115%,115%,115%,,,,,,,,,,,,,,,
600013,,13,Mario,102,,,,,,,,3,,,,,,,,,,,,,115%,115%,115%,115%,115%,115%,,,,,,,,,,,,,,,
600014,,44,Gru,102,,,,,,,,3,,,,,,,,,,,,,115%,115%,115%,115%,115%,115%,,,,,,,,,,,,,,,
600015,,53,Batman,102,,,,,,,,3,,,,,,,,,,,,,115%,115%,115%,115%,115%,115%,,,,,,,,,,,,,,,
600021,,13,Mario,102,,,,,,,,3,,,,,,,,,,,,,115%,115%,115%,115%,115%,115%,,,,,,,,,,,,,,,
600022,,44,Gru,102,,,,,,,,3,,,,,,,,,,,,,115%,115%,115%,115%,115%,115%,,,,,,,,,,,,,,,
600023,,53,Batman,102,,,,,,,,3,,,,,,,,,,,,,115%,115%,115%,115%,115%,115%,,,,,,,,,,,,,,,
600024,,13,Mario,102,,,,,,,,3,,,,,,,,,,,,,115%,115%,115%,115%,115%,115%,,,,,,,,,,,,,,,
600031,,44,Gru,102,,,,,,,,3,,,,,,,,,,,,,115%,115%,115%,115%,115%,115%,,,,,,,,,,,,,,,
600033,,53,Batman,102,,,,,,,,3,,,,,,,,,,,,,115%,115%,115%,115%,115%,115%,,,,,,,,,,,,,,,
600041,,13,Mario,102,,,,,,,,3,,,,,,,,,,,,,115%,115%,115%,115%,115%,115%,,,,,,,,,,,,,,,
600044,,44,Gru,102,,,,,,,,3,,,,,,,,,,,,,115%,115%,115%,115%,115%,115%,,,,,,,,,,,,,,,
600051,,53,Batman,102,,,,,,,,3,,,,,,,,,,,,,115%,115%,115%,115%,115%,115%,,,,,,,,,,,,,,,
600052,,13,Mario,102,,,,,,,,3,,,,,,,,,,,,,115%,115%,115%,115%,115%,115%,,,,,,,,,,,,,,,
600053,,44,Gru,102,,,,,,,,3,,,,,,,,,,,,,115%,115%,115%,115%,115%,115%,,,,,,,,,,,,,,,
600061,,53,Batman,102,,,,,,,,3,,,,,,,,,,,,,115%,115%,115%,115%,115%,115%,,,,,,,,,,,,,,,
600062,,13,Mario,102,,,,,,,,3,,,,,,,,,,,,,115%,115%,115%,115%,115%,115%,,,,,,,,,,,,,,,
600071,,44,Gru,102,,,,,,,,3,,,,,,,,,,,,,115%,115%,115%,115%,115%,115%,,,,,,,,,,,,,,,
600072,,53,Batman,102,,,,,,,,3,,,,,,,,,,,,,115%,115%,115%,115%,115%,115%,,,,,,,,,,,,,,,
600081,,13,Mario,102,,,,,,,,3,,,,,,,,,,,,,115%,115%,115%,115%,115%,115%,,,,,,,,,,,,,,,
600082,,44,Gru,102,,,,,,,,3,,,,,,,,,,,,,115%,115%,115%,115%,115%,115%,,,,,,,,,,,,,,,
600091,,53,Batman,102,,,,,,,,3,,,,,,,,,,,,,115%,115%,115%,115%,115%,115%,,,,,,,,,,,,,,,
600092,,13,Mario,102,,,,,,,,3,,,,,,,,,,,,,115%,115%,115%,115%,115%,115%,,,,,,,,,,,,,,,
600093,,44,Gru,102,,,,,,,,3,,,,,,,,,,,,,115%,115%,115%,115%,115%,115%,,,,,,,,,,,,,,,
600101,,53,Batman,102,,,,,,,,3,,,,,,,,,,,,,115%,115%,115%,115%,115%,115%,,,,,,,,,,,,,,,
600102,,13,Mario,102,,,,,,,,3,,,,,,,,,,,,,115%,115%,115%,115%,115%,115%,,,,,,,,,,,,,,,
600111,,44,Gru,102,,,,,,,,3,,,,,,,,,,,,,115%,115%,115%,115%,115%,115%,,,,,,,,,,,,,,,
600112,,53,Batman,102,,,,,,,,3,,,,,,,,,,,,,115%,115%,115%,115%,115%,115%,,,,,,,,,,,,,,,
600113,,13,Mario,102,,,,,,,,3,,,,,,,,,,,,,115%,115%,115%,115%,115%,115%,,,,,,,,,,,,,,,
600121,,44,Gru,102,,,,,,,,3,,,,,,,,,,,,,115%,115%,115%,115%,115%,115%,,,,,,,,,,,,,,,
600122,,53,Batman,102,,,,,,,,3,,,,,,,,,,,,,115%,115%,115%,115%,115%,115%,,,,,,,,,,,,,,,
600123,,13,Mario,102,,,,,,,,3,,,,,,,,,,,,,115%,115%,115%,115%,115%,115%,,,,,,,,,,,,,,,
600131,,44,Gru,102,,,,,,,,3,,,,,,,,,,,,,115%,115%,115%,115%,115%,115%,,,,,,,,,,,,,,,
600132,,53,Batman,102,,,,,,,,3,,,,,,,,,,,,,115%,115%,115%,115%,115%,115%,,,,,,,,,,,,,,,
600133,,13,Mario,102,,,,,,,,3,,,,,,,,,,,,,115%,115%,115%,115%,115%,115%,,,,,,,,,,,,,,,
600151,,44,Gru,102,,,,,,,,3,,,,,,,,,,,,,115%,115%,115%,115%,115%,115%,,,,,,,,,,,,,,,
600152,,53,Batman,102,,,,,,,,3,,,,,,,,,,,,,115%,115%,115%,115%,115%,115%,,,,,,,,,,,,,,,
600153,,13,Mario,102,,,,,,,,3,,,,,,,,,,,,,115%,115%,115%,115%,115%,115%,,,,,,,,,,,,,,,
600161,,44,Gru,102,,,,,,,,3,,,,,,,,,,,,,115%,115%,115%,115%,115%,115%,,,,,,,,,,,,,,,
600162,,53,Batman,102,,,,,,,,3,,,,,,,,,,,,,115%,115%,115%,115%,115%,115%,,,,,,,,,,,,,,,
600163,,13,Mario,102,,,,,,,,3,,,,,,,,,,,,,115%,115%,115%,115%,115%,115%,,,,,,,,,,,,,,,
600171,,44,Gru,102,,,,,,,,3,,,,,,,,,,,,,115%,115%,115%,115%,115%,115%,,,,,,,,,,,,,,,
600172,,53,Batman,102,,,,,,,,3,,,,,,,,,,,,,115%,115%,115%,115%,115%,115%,,,,,,,,,,,,,,,
600173,,13,Mario,102,,,,,,,,3,,,,,,,,,,,,,115%,115%,115%,115%,115%,115%,,,,,,,,,,,,,,,
600191,,44,Gru,102,,,,,,,,3,,,,,,,,,,,,,115%,115%,115%,115%,115%,115%,,,,,,,,,,,,,,,
600192,,53,Batman,102,,,,,,,,3,,,,,,,,,,,,,115%,115%,115%,115%,115%,115%,,,,,,,,,,,,,,,
600221,,13,Mario,102,,,,,,,,3,,,,,,,,,,,,,115%,115%,115%,115%,115%,115%,,,,,,,,,,,,,,,
600222,,44,Gru,102,,,,,,,,3,,,,,,,,,,,,,115%,115%,115%,115%,115%,115%,,,,,,,,,,,,,,,
600231,,53,Batman,102,,,,,,,,3,,,,,,,,,,,,,115%,115%,115%,115%,115%,115%,,,,,,,,,,,,,,,
600232,,13,Mario,102,,,,,,,,3,,,,,,,,,,,,,115%,115%,115%,115%,115%,115%,,,,,,,,,,,,,,,
600241,,44,Gru,102,,,,,,,,3,,,,,,,,,,,,,115%,115%,115%,115%,115%,115%,,,,,,,,,,,,,,,
600242,,53,Batman,102,,,,,,,,3,,,,,,,,,,,,,115%,115%,115%,115%,115%,115%,,,,,,,,,,,,,,,
600261,,13,Mario,102,,,,,,,,3,,,,,,,,,,,,,115%,115%,115%,115%,115%,115%,,,,,,,,,,,,,,,
600262,,44,Gru,102,,,,,,,,3,,,,,,,,,,,,,115%,115%,115%,115%,115%,115%,,,,,,,,,,,,,,,
600263,,53,Batman,102,,,,,,,,3,,,,,,,,,,,,,115%,115%,115%,115%,115%,115%,,,,,,,,,,,,,,,
600264,,13,Mario,102,,,,,,,,3,,,,,,,,,,,,,115%,115%,115%,115%,115%,115%,,,,,,,,,,,,,,,
600271,,44,Gru,102,,,,,,,,3,,,,,,,,,,,,,115%,115%,115%,115%,115%,115%,,,,,,,,,,,,,,,
600272,,53,Batman,102,,,,,,,,3,,,,,,,,,,,,,115%,115%,115%,115%,115%,115%,,,,,,,,,,,,,,,
600273,,13,Mario,102,,,,,,,,3,,,,,,,,,,,,,115%,115%,115%,115%,115%,115%,,,,,,,,,,,,,,,
600281,,44,Gru,102,,,,,,,,3,,,,,,,,,,,,,115%,115%,115%,115%,115%,115%,,,,,,,,,,,,,,,
600282,,53,Batman,102,,,,,,,,3,,,,,,,,,,,,,115%,115%,115%,115%,115%,115%,,,,,,,,,,,,,,,
600283,,13,Mario,102,,,,,,,,3,,,,,,,,,,,,,115%,115%,115%,115%,115%,115%,,,,,,,,,,,,,,,
600301,,44,Gru,102,,,,,,,,3,,,,,,,,,,,,,115%,115%,115%,115%,115%,115%,,,,,,,,,,,,,,,
600302,,53,Batman,102,,,,,,,,3,,,,,,,,,,,,,115%,115%,115%,115%,115%,115%,,,,,,,,,,,,,,,
600303,,13,Mario,102,,,,,,,,3,,,,,,,,,,,,,115%,115%,115%,115%,115%,115%,,,,,,,,,,,,,,,
600331,,44,Gru,102,,,,,,,,3,,,,,,,,,,,,,115%,115%,115%,115%,115%,115%,,,,,,,,,,,,,,,
600332,,53,Batman,102,,,,,,,,3,,,,,,,,,,,,,115%,115%,115%,115%,115%,115%,,,,,,,,,,,,,,,
600333,,13,Mario,102,,,,,,,,3,,,,,,,,,,,,,115%,115%,115%,115%,115%,115%,,,,,,,,,,,,,,,
600341,,44,Gru,102,,,,,,,,3,,,,,,,,,,,,,115%,115%,115%,115%,115%,115%,,,,,,,,,,,,,,,
600351,,53,Batman,102,,,,,,,,3,,,,,,,,,,,,,115%,115%,115%,115%,115%,115%,,,,,,,,,,,,,,,
600352,,13,Mario,102,,,,,,,,3,,,,,,,,,,,,,115%,115%,115%,115%,115%,115%,,,,,,,,,,,,,,,
600371,,44,Gru,102,,,,,,,,3,,,,,,,,,,,,,115%,115%,115%,115%,115%,115%,,,,,,,,,,,,,,,
600372,,53,Batman,102,,,,,,,,3,,,,,,,,,,,,,115%,115%,115%,115%,115%,115%,,,,,,,,,,,,,,,
600381,,13,Mario,102,,,,,,,,3,,,,,,,,,,,,,115%,115%,115%,115%,115%,115%,,,,,,,,,,,,,,,
600382,,44,Gru,102,,,,,,,,3,,,,,,,,,,,,,115%,115%,115%,115%,115%,115%,,,,,,,,,,,,,,,
600391,,53,Batman,102,,,,,,,,3,,,,,,,,,,,,,115%,115%,115%,115%,115%,115%,,,,,,,,,,,,,,,
600392,,13,Mario,102,,,,,,,,3,,,,,,,,,,,,,115%,115%,115%,115%,115%,115%,,,,,,,,,,,,,,,
600393,,44,Gru,102,,,,,,,,3,,,,,,,,,,,,,115%,115%,115%,115%,115%,115%,,,,,,,,,,,,,,,
600394,,53,Batman,102,,,,,,,,3,,,,,,,,,,,,,115%,115%,115%,115%,115%,115%,,,,,,,,,,,,,,,
600401,,13,Mario,102,,,,,,,,3,,,,,,,,,,,,,115%,115%,115%,115%,115%,115%,,,,,,,,,,,,,,,
600402,,44,Gru,102,,,,,,,,3,,,,,,,,,,,,,115%,115%,115%,115%,115%,115%,,,,,,,,,,,,,,,
600451,,53,Batman,102,,,,,,,,3,,,,,,,,,,,,,115%,115%,115%,115%,115%,115%,,,,,,,,,,,,,,,
600452,,13,Mario,102,,,,,,,,3,,,,,,,,,,,,,115%,115%,115%,115%,115%,115%,,,,,,,,,,,,,,,
600461,,44,Gru,102,,,,,,,,3,,,,,,,,,,,,,115%,115%,115%,115%,115%,115%,,,,,,,,,,,,,,,
600462,,53,Batman,102,,,,,,,,3,,,,,,,,,,,,,115%,115%,115%,115%,115%,115%,,,,,,,,,,,,,,,
600463,,13,Mario,102,,,,,,,,3,,,,,,,,,,,,,115%,115%,115%,115%,115%,115%,,,,,,,,,,,,,,,
600464,,44,Gru,102,,,,,,,,3,,,,,,,,,,,,,115%,115%,115%,115%,115%,115%,,,,,,,,,,,,,,,
600471,,53,Batman,102,,,,,,,,3,,,,,,,,,,,,,115%,115%,115%,115%,115%,115%,,,,,,,,,,,,,,,
600472,,13,Mario,102,,,,,,,,3,,,,,,,,,,,,,115%,115%,115%,115%,115%,115%,,,,,,,,,,,,,,,
600481,,44,Gru,102,,,,,,,,3,,,,,,,,,,,,,115%,115%,115%,115%,115%,115%,,,,,,,,,,,,,,,
600482,,53,Batman,102,,,,,,,,3,,,,,,,,,,,,,115%,115%,115%,115%,115%,115%,,,,,,,,,,,,,,,
600491,,13,Mario,102,,,,,,,,3,,,,,,,,,,,,,115%,115%,115%,115%,115%,115%,,,,,,,,,,,,,,,
600492,,44,Gru,102,,,,,,,,3,,,,,,,,,,,,,115%,115%,115%,115%,115%,115%,,,,,,,,,,,,,,,
600493,,53,Batman,102,,,,,,,,3,,,,,,,,,,,,,115%,115%,115%,115%,115%,115%,,,,,,,,,,,,,,,
600501,,13,Mario,102,,,,,,,,3,,,,,,,,,,,,,115%,115%,115%,115%,115%,115%,,,,,,,,,,,,,,,
600502,,44,Gru,102,,,,,,,,3,,,,,,,,,,,,,115%,115%,115%,115%,115%,115%,,,,,,,,,,,,,,,
600503,,53,Batman,102,,,,,,,,3,,,,,,,,,,,,,115%,115%,115%,115%,115%,115%,,,,,,,,,,,,,,,
600541,,13,Mario,102,,,,,,,,3,,,,,,,,,,,,,115%,115%,115%,115%,115%,115%,,,,,,,,,,,,,,,
600542,,44,Gru,102,,,,,,,,3,,,,,,,,,,,,,115%,115%,115%,115%,115%,115%,,,,,,,,,,,,,,,
600551,,53,Batman,102,,,,,,,,3,,,,,,,,,,,,,115%,115%,115%,115%,115%,115%,,,,,,,,,,,,,,,
600552,,13,Mario,102,,,,,,,,3,,,,,,,,,,,,,115%,115%,115%,115%,115%,115%,,,,,,,,,,,,,,,
600571,,44,Gru,102,,,,,,,,3,,,,,,,,,,,,,115%,115%,115%,115%,115%,115%,,,,,,,,,,,,,,,
600572,,53,Batman,102,,,,,,,,3,,,,,,,,,,,,,115%,115%,115%,115%,115%,115%,,,,,,,,,,,,,,,
600574,,13,Mario,102,,,,,,,,3,,,,,,,,,,,,,115%,115%,115%,115%,115%,115%,,,,,,,,,,,,,,,
600591,,44,Gru,102,,,,,,,,3,,,,,,,,,,,,,115%,115%,115%,115%,115%,115%,,,,,,,,,,,,,,,
600592,,53,Batman,102,,,,,,,,3,,,,,,,,,,,,,115%,115%,115%,115%,115%,115%,,,,,,,,,,,,,,,
600593,,13,Mario,102,,,,,,,,3,,,,,,,,,,,,,115%,115%,115%,115%,115%,115%,,,,,,,,,,,,,,,
600601,,44,Gru,102,,,,,,,,3,,,,,,,,,,,,,115%,115%,115%,115%,115%,115%,,,,,,,,,,,,,,,
600602,,53,Batman,102,,,,,,,,3,,,,,,,,,,,,,115%,115%,115%,115%,115%,115%,,,,,,,,,,,,,,,
600603,,13,Mario,102,,,,,,,,3,,,,,,,,,,,,,115%,115%,115%,115%,115%,115%,,,,,,,,,,,,,,,
600631,,44,Gru,102,,,,,,,,3,,,,,,,,,,,,,115%,115%,115%,115%,115%,115%,,,,,,,,,,,,,,,
600641,,53,Batman,102,,,,,,,,3,,,,,,,,,,,,,115%,115%,115%,115%,115%,115%,,,,,,,,,,,,,,,
600691,,13,Mario,102,,,,,,,,3,,,,,,,,,,,,,115%,115%,115%,115%,115%,115%,,,,,,,,,,,,,,,
600692,,44,Gru,102,,,,,,,,3,,,,,,,,,,,,,115%,115%,115%,115%,115%,115%,,,,,,,,,,,,,,,
600701,,53,Batman,102,,,,,,,,3,,,,,,,,,,,,,115%,115%,115%,115%,115%,115%,,,,,,,,,,,,,,,
600711,,13,Mario,102,,,,,,,,3,,,,,,,,,,,,,115%,115%,115%,115%,115%,115%,,,,,,,,,,,,,,,
600712,,44,Gru,102,,,,,,,,3,,,,,,,,,,,,,115%,115%,115%,115%,115%,115%,,,,,,,,,,,,,,,
600721,,53,Batman,102,,,,,,,,3,,,,,,,,,,,,,115%,115%,115%,115%,115%,115%,,,,,,,,,,,,,,,
600731,,13,Mario,102,,,,,,,,3,,,,,,,,,,,,,115%,115%,115%,115%,115%,115%,,,,,,,,,,,,,,,
600741,,44,Gru,102,,,,,,,,3,,,,,,,,,,,,,115%,115%,115%,115%,115%,115%,,,,,,,,,,,,,,,
600751,,53,Batman,102,,,,,,,,3,,,,,,,,,,,,,115%,115%,115%,115%,115%,115%,,,,,,,,,,,,,,,
600752,,13,Mario,102,,,,,,,,3,,,,,,,,,,,,,115%,115%,115%,115%,115%,115%,,,,,,,,,,,,,,,
600753,,44,Gru,102,,,,,,,,3,,,,<80;80;80;80;80;80;80>,,,,,,,,,115%,115%,115%,115%,115%,115%,,,,,,,,,,,,,,,
600761,,53,Batman,102,,,,,,,,3,,,,,,,,,,,,,115%,115%,115%,115%,115%,115%,,,,,,,,,,,,,,,
600771,,13,Mario,102,,,,,,,,3,,,,,,,,,,,,,115%,115%,115%,115%,115%,115%,,,,,,,,,,,,,,,
600781,,44,Gru,102,,,,,,,,3,,,,,,,,,,,,,115%,115%,115%,115%,115%,115%,,,,,,,,,,,,,,,
600782,,53,Batman,102,,,,,,,,3,,,,,,,,,,,,,115%,115%,115%,115%,115%,115%,,,,,,,,,,,,,,,
600783,,13,Mario,102,,,,,,,,3,,,,,,,,,,,,,115%,115%,115%,115%,115%,115%,,,,,,,,,,,,,,,
600791,,44,Gru,102,,,,,,,,3,,,,,,,,,,,,,115%,115%,115%,115%,115%,115%,,,,,,,,,,,,,,,
600792,,53,Batman,102,,,,,,,,3,,,,,,,,,,,,,115%,115%,115%,115%,115%,115%,,,,,,,,,,,,,,,
600793,,13,Mario,102,,,,,,,,3,,,,,,,,,,,,,115%,115%,115%,115%,115%,115%,,,,,,,,,,,,,,,
600801,,44,Gru,102,,,,,,,,3,,,,,,,,,,,,,115%,115%,115%,115%,115%,115%,,,,,,,,,,,,,,,
600802,,53,Batman,102,,,,,,,,3,,,,,,,,,,,,,115%,115%,115%,115%,115%,115%,,,,,,,,,,,,,,,
600803,,13,Mario,102,,,,,,,,3,,,,,,,,,,,,,115%,115%,115%,115%,115%,115%,,,,,,,,,,,,,,,
600861,,44,Gru,102,,,,,,,,3,,,,,,,,,,,,,115%,115%,115%,115%,115%,115%,,,,,,,,,,,,,,,
600862,,53,Batman,102,,,,,,,,3,,,,,,,,,,,,,115%,115%,115%,115%,115%,115%,,,,,,,,,,,,,,,
600863,,13,Mario,102,,,,,,,,3,,,,,,,,,,,,,115%,115%,115%,115%,115%,115%,,,,,,,,,,,,,,,
600881,,44,Gru,102,,,,,,,,3,,,,,,,,,,,,,115%,115%,115%,115%,115%,115%,,,,,,,,,,,,,,,
600882,,53,Batman,102,,,,,,,,3,,,,,,,,,,,,,115%,115%,115%,115%,115%,115%,,,,,,,,,,,,,,,
600883,,13,Mario,102,,,,,,,,3,,,,,,,,,,,,,115%,115%,115%,115%,115%,115%,,,,,,,,,,,,,,,
600884,,44,Gru,102,,,,,,,,3,,,,,,,,,,,,,115%,115%,115%,115%,115%,115%,,,,,,,,,,,,,,,
600891,,53,Batman,102,,,,,,,,3,,,,,,,,,,,,,115%,115%,115%,115%,115%,115%,,,,,,,,,,,,,,,
600892,,13,Mario,102,,,,,,,,3,,,,,,,,,,,,,115%,115%,115%,115%,115%,115%,,,,,,,,,,,,,,,
600893,,44,Gru,102,,,,,,,,3,,,,,,,,,,,,,115%,115%,115%,115%,115%,115%,,,,,,,,,,,,,,,
601031,,53,Batman,102,,,,,,,,3,,,,,,,,,,,,,115%,115%,115%,115%,115%,115%,,,,,,,,,,,,,,,
601032,,13,Mario,102,,,,,,,,3,,,,,,,,,,,,,115%,115%,115%,115%,115%,115%,,,,,,,,,,,,,,,
601071,,44,Gru,102,,,,,,,,3,,,,,,,,,,,,,115%,115%,115%,115%,115%,115%,,,,,,,,,,,,,,,
601081,,53,Batman,102,,,,,,,,3,,,,,,,,,,,,,115%,115%,115%,115%,115%,115%,,,,,,,,,,,,,,,
601082,,13,Mario,102,,,,,,,,3,,,,,,,,,,,,,115%,115%,115%,115%,115%,115%,,,,,,,,,,,,,,,
601171,,44,Gru,102,,,,,,,,3,,,,,,,,,,,,,115%,115%,115%,115%,115%,115%,,,,,,,,,,,,,,,
601172,,53,Batman,102,,,,,,,,3,,,,,,,,,,,,,115%,115%,115%,115%,115%,115%,,,,,,,,,,,,,,,
601221,,13,Mario,102,,,,,,,,3,,,,,,,,,,,,,115%,115%,115%,115%,115%,115%,,,,,,,,,,,,,,,
601231,,44,Gru,102,,,,,,,,3,,,,,,,,,,,,,115%,115%,115%,115%,115%,115%,,,,,,,,,,,,,,,
601241,,53,Batman,102,,,,,,,,3,,,,,,,,,,,,,115%,115%,115%,115%,115%,115%,,,,,,,,,,,,,,,
601251,,13,Mario,102,,,,,,,,3,,,,,,,,,,,,,115%,115%,115%,115%,115%,115%,,,,,,,,,,,,,,,
601252,,44,Gru,102,,,,,,,,3,,,,,,,,,,,,,115%,115%,115%,115%,115%,115%,,,,,,,,,,,,,,,
601253,,53,Batman,102,,,,,,,,3,,,,,,,,,,,,,115%,115%,115%,115%,115%,115%,,,,,,,,,,,,,,,
601261,,13,Mario,102,,,,,,,,3,,,,,,,,,,,,,115%,115%,115%,115%,115%,115%,,,,,,,,,,,,,,,
601271,,44,Gru,102,,,,,,,,3,,,,,,,,,,,,,115%,115%,115%,115%,115%,115%,,,,,,,,,,,,,,,
601291,,53,Batman,102,,,,,,,,3,,,,,,,,,,,,,115%,115%,115%,115%,115%,115%,,,,,,,,,,,,,,,
601292,,13,Mario,102,,,,,,,,3,,,,,,,,,,,,,115%,115%,115%,115%,115%,115%,,,,,,,,,,,,,,,
601293,,44,Gru,102,,,,,,,,3,,,,,,,,,,,,,115%,115%,115%,115%,115%,115%,,,,,,,,,,,,,,,
601301,,53,Batman,102,,,,,,,,3,,,,,,,,,,,,,115%,115%,115%,115%,115%,115%,,,,,,,,,,,,,,,
601302,,13,Mario,102,,,,,,,,3,,,,,,,,,,,,,115%,115%,115%,115%,115%,115%,,,,,,,,,,,,,,,
601303,,44,Gru,102,,,,,,,,3,,,,,,,,,,,,,115%,115%,115%,115%,115%,115%,,,,,,,,,,,,,,,
601311,,53,Batman,102,,,,,,,,3,,,,,,,,,,,,,115%,115%,115%,115%,115%,115%,,,,,,,,,,,,,,,
601312,,13,Mario,102,,,,,,,,3,,,,,,,,,,,,,115%,115%,115%,115%,115%,115%,,,,,,,,,,,,,,,
601313,,44,Gru,102,,,,,,,,3,,,,,,,,,,,,,115%,115%,115%,115%,115%,115%,,,,,,,,,,,,,,,
601314,,53,Batman,102,,,,,,,,3,,,,,,,,,,,,,115%,115%,115%,115%,115%,115%,,,,,,,,,,,,,,,
601351,,13,Mario,102,,,,,,,,3,,,,,,,,,,,,,115%,115%,115%,115%,115%,115%,,,,,,,,,,,,,,,
601352,,44,Gru,102,,,,,,,,3,,,,,,,,,,,,,115%,115%,115%,115%,115%,115%,,,,,,,,,,,,,,,
601353,,53,Batman,102,,,,,,,,3,,,,,,,,,,,,,115%,115%,115%,115%,115%,115%,,,,,,,,,,,,,,,
601391,,13,Mario,102,,,,,,,,3,,,,,,,,,,,,,115%,115%,115%,115%,115%,115%,,,,,,,,,,,,,,,
601392,,44,Gru,102,,,,,,,,3,,,,,,,,,,,,,115%,115%,115%,115%,115%,115%,,,,,,,,,,,,,,,
601393,,53,Batman,102,,,,,,,,3,,,,,,,,,,,,,115%,115%,115%,115%,115%,115%,,,,,,,,,,,,,,,
601394,,13,Mario,102,,,,,,,,3,,,,,,,,,,,,,115%,115%,115%,115%,115%,115%,,,,,,,,,,,,,,,
601396,,44,Gru,102,,,,,,,,3,,,,,,,,,,,,,115%,115%,115%,115%,115%,115%,,,,,,,,,,,,,,,
601421,,53,Batman,102,,,,,,,,3,,,,,,,,,,,,,115%,115%,115%,115%,115%,115%,,,,,,,,,,,,,,,
601422,,13,Mario,102,,,,,,,,3,,,,,,,,,,,,,115%,115%,115%,115%,115%,115%,,,,,,,,,,,,,,,
601423,,44,Gru,102,,,,,,,,3,,,,,,,,,,,,,115%,115%,115%,115%,115%,115%,,,,,,,,,,,,,,,
601441,,53,Batman,102,,,,,,,,3,,,,,,,,,,,,,115%,115%,115%,115%,115%,115%,,,,,,,,,,,,,,,
601442,,13,Mario,102,,,,,,,,3,,,,,,,,,,,,,115%,115%,115%,115%,115%,115%,,,,,,,,,,,,,,,
601443,,44,Gru,102,,,,,,,,3,,,,,,,,,,,,,115%,115%,115%,115%,115%,115%,,,,,,,,,,,,,,,
601501,,53,Batman,102,,,,,,,,3,,,,,,,,,,,,,115%,115%,115%,115%,115%,115%,,,,,,,,,,,,,,,
601502,,13,Mario,102,,,,,,,,3,,,,,,,,,,,,,115%,115%,115%,115%,115%,115%,,,,,,,,,,,,,,,
601503,,44,Gru,102,,,,,,,,3,,,,,,,,,,,,,115%,115%,115%,115%,115%,115%,,,,,,,,,,,,,,,
601611,,53,Batman,102,,,,,,,,3,,,,,,,,,,,,,115%,115%,115%,115%,115%,115%,,,,,,,,,,,,,,,
601612,,13,Mario,102,,,,,,,,3,,,,,,,,,,,,,115%,115%,115%,115%,115%,115%,,,,,,,,,,,,,,,
601771,,44,Gru,102,,,,,,,,3,,,,,,,,,,,,,115%,115%,115%,115%,115%,115%,,,,,,,,,,,,,,,
601801,,53,Batman,102,,,,,,,,3,,,,,,,,,,,,,115%,115%,115%,115%,115%,115%,,,,,,,,,,,,,,,
601802,,13,Mario,102,,,,,,,,3,,,,,,,,,,,,,115%,115%,115%,115%,115%,115%,,,,,,,,,,,,,,,
601811,,44,Gru,102,,,,,,,,3,,,,,,,,,,,,,115%,115%,115%,115%,115%,115%,,,,,,,,,,,,,,,
601812,,53,Batman,102,,,,,,,,3,,,,,,,,,,,,,115%,115%,115%,115%,115%,115%,,,,,,,,,,,,,,,
601813,,13,Mario,102,,,,,,,,3,,,,,,,,,,,,,115%,115%,115%,115%,115%,115%,,,,,,,,,,,,,,,
601841,,44,Gru,102,,,,,,,,3,,,,,,,,,,,,,115%,115%,115%,115%,115%,115%,,,,,,,,,,,,,,,
601851,,53,Batman,102,,,,,,,,3,,,,,,,,,,,,,115%,115%,115%,115%,115%,115%,,,,,,,,,,,,,,,
601852,,13,Mario,102,,,,,,,,3,,,,,,,,,,,,,115%,115%,115%,115%,115%,115%,,,,,,,,,,,,,,,
601853,,44,Gru,102,,,,,,,,3,,,,,,,,,,,,,115%,115%,115%,115%,115%,115%,,,,,,,,,,,,,,,
601861,,53,Batman,102,,,,,,,,3,,,,,,,,,,,,,115%,115%,115%,115%,115%,115%,,,,,,,,,,,,,,,
601862,,13,Mario,102,,,,,,,,3,,,,,,,,,,,,,115%,115%,115%,115%,115%,115%,,,,,,,,,,,,,,,
601863,,44,Gru,102,,,,,,,,3,,,,,,,,,,,,,115%,115%,115%,115%,115%,115%,,,,,,,,,,,,,,,
601891,,53,Batman,102,,,,,,,,3,,,,,,,,,,,,,115%,115%,115%,115%,115%,115%,,,,,,,,,,,,,,,
601892,,13,Mario,102,,,,,,,,3,,,,,,,,,,,,,115%,115%,115%,115%,115%,115%,,,,,,,,,,,,,,,
601893,,44,Gru,102,,,,,,,,3,,,,,,,,,,,,,115%,115%,115%,115%,115%,115%,,,,,,,,,,,,,,,
601901,,53,Batman,102,,,,,,,,3,,,,,,,,,,,,,115%,115%,115%,115%,115%,115%,,,,,,,,,,,,,,,
601902,,13,Mario,102,,,,,,,,3,,,,,,,,,,,,,115%,115%,115%,115%,115%,115%,,,,,,,,,,,,,,,
601903,,44,Gru,102,,,,,,,,3,,,,,,,,,,,,,115%,115%,115%,115%,115%,115%,,,,,,,,,,,,,,,
601911,,53,Batman,102,,,,,,,,3,,,,,,,,,,,,,115%,115%,115%,115%,115%,115%,,,,,,,,,,,,,,,
601921,,13,Mario,102,,,,,,,,3,,,,,,,,,,,,,115%,115%,115%,115%,115%,115%,,,,,,,,,,,,,,,
601931,,44,Gru,102,,,,,,,,3,,,,,,,,,,,,,115%,115%,115%,115%,115%,115%,,,,,,,,,,,,,,,
601941,,53,Batman,102,,,,,,,,3,,,,,,,,,,,,,115%,115%,115%,115%,115%,115%,,,,,,,,,,,,,,,
601951,,13,Mario,102,,,,,,,,3,,,,,,,,,,,,,115%,115%,115%,115%,115%,115%,,,,,,,,,,,,,,,
601961,,44,Gru,102,,,,,,,,3,,,,,,,,,,,,,115%,115%,115%,115%,115%,115%,,,,,,,,,,,,,,,
601971,,53,Batman,102,,,,,,,,3,,,,,,,,,,,,,115%,115%,115%,115%,115%,115%,,,,,,,,,,,,,,,
601981,,13,Mario,102,,,,,,,,3,,,,,,,,,,,,,115%,115%,115%,115%,115%,115%,,,,,,,,,,,,,,,
601982,,44,Gru,102,,,,,,,,3,,,,,,,,,,,,,115%,115%,115%,115%,115%,115%,,,,,,,,,,,,,,,
601991,,53,Batman,102,,,,,,,,3,,,,,,,,,,,,,115%,115%,115%,115%,115%,115%,,,,,,,,,,,,,,,
602011,,13,Mario,102,,,,,,,,3,,,,,,,,,,,,,115%,115%,115%,115%,115%,115%,,,,,,,,,,,,,,,
602012,,44,Gru,102,,,,,,,,3,,,,,,,,,,,,,115%,115%,115%,115%,115%,115%,,,,,,,,,,,,,,,
602013,,53,Batman,102,,,,,,,,3,,,,,,,,,,,,,115%,115%,115%,115%,115%,115%,,,,,,,,,,,,,,,
602031,,13,Mario,102,,,,,,,,3,,,,,,,,,,,,,115%,115%,115%,115%,115%,115%,,,,,,,,,,,,,,,
602032,,44,Gru,102,,,,,,,,3,,,,,,,,,,,,,115%,115%,115%,115%,115%,115%,,,,,,,,,,,,,,,
602033,,53,Batman,102,,,,,,,,3,,,,,,,,,,,,,115%,115%,115%,115%,115%,115%,,,,,,,,,,,,,,,
602071,,13,Mario,102,,,,,,,,3,,,,,,,,,,,,,115%,115%,115%,115%,115%,115%,,,,,,,,,,,,,,,
602072,,44,Gru,102,,,,,,,,3,,,,,,,,,,,,,115%,115%,115%,115%,115%,115%,,,,,,,,,,,,,,,
602073,,53,Batman,102,,,,,,,,3,,,,,,,,,,,,,115%,115%,115%,115%,115%,115%,,,,,,,,,,,,,,,
602231,,13,Mario,102,,,,,,,,3,,,,,,,,,,,,,115%,115%,115%,115%,115%,115%,,,,,,,,,,,,,,,
602232,,44,Gru,102,,,,,,,,3,,,,,,,,,,,,,115%,115%,115%,115%,115%,115%,,,,,,,,,,,,,,,
602233,,53,Batman,102,,,,,,,,3,,,,,,,,,,,,,115%,115%,115%,115%,115%,115%,,,,,,,,,,,,,,,
602241,,13,Mario,102,,,,,,,,3,,,,,,,,,,,,,115%,115%,115%,115%,115%,115%,,,,,,,,,,,,,,,
602242,,44,Gru,102,,,,,,,,3,,,,,,,,,,,,,115%,115%,115%,115%,115%,115%,,,,,,,,,,,,,,,
602271,,53,Batman,102,,,,,,,,3,,,,,,,,,,,,,115%,115%,115%,115%,115%,115%,,,,,,,,,,,,,,,
602272,,13,Mario,102,,,,,,,,3,,,,,,,,,,,,,115%,115%,115%,115%,115%,115%,,,,,,,,,,,,,,,
602301,,44,Gru,102,,,,,,,,3,,,,,,,,,,,,,115%,115%,115%,115%,115%,115%,,,,,,,,,,,,,,,
602302,,53,Batman,102,,,,,,,,3,,,,,,,,,,,,,115%,115%,115%,115%,115%,115%,,,,,,,,,,,,,,,
602303,,13,Mario,102,,,,,,,,3,,,,,,,,,,,,,115%,115%,115%,115%,115%,115%,,,,,,,,,,,,,,,
602351,,44,Gru,102,,,,,,,,3,,,,,,,,,,,,,115%,115%,115%,115%,115%,115%,,,,,,,,,,,,,,,
602361,,53,Batman,102,,,,,,,,3,,,,,,,,,,,,,115%,115%,115%,115%,115%,115%,,,,,,,,,,,,,,,
602381,,13,Mario,102,,,,,,,,3,,,,,,,,,,,,,115%,115%,115%,115%,115%,115%,,,,,,,,,,,,,,,
602391,,44,Gru,102,,,,,,,,3,,,,,,,,,,,,,115%,115%,115%,115%,115%,115%,,,,,,,,,,,,,,,
602401,,53,Batman,102,,,,,,,,3,,,,,,,,,,,,,115%,115%,115%,115%,115%,115%,,,,,,,,,,,,,,,
602431,,13,Mario,102,,,,,,,,3,,,,,,,,,,,,,115%,115%,115%,115%,115%,115%,,,,,,,,,,,,,,,
602441,,44,Gru,102,,,,,,,,3,,,,,,,,,,,,,115%,115%,115%,115%,115%,115%,,,,,,,,,,,,,,,
602442,,53,Batman,102,,,,,,,,3,,,,,,,,,,,,,115%,115%,115%,115%,115%,115%,,,,,,,,,,,,,,,
602471,,13,Mario,102,,,,,,,,3,,,,,,,,,,,,,115%,115%,115%,115%,115%,115%,,,,,,,,,,,,,,,
602472,,44,Gru,102,,,,,,,,3,,,,,,,,,,,,,115%,115%,115%,115%,115%,115%,,,,,,,,,,,,,,,
602473,,53,Batman,102,,,,,,,,3,,,,,,,,,,,,,115%,115%,115%,115%,115%,115%,,,,,,,,,,,,,,,
602481,,13,Mario,102,,,,,,,,3,,,,,,,,,,,,,115%,115%,115%,115%,115%,115%,,,,,,,,,,,,,,,
602482,,44,Gru,102,,,,,,,,3,,,,,,,,,,,,,115%,115%,115%,115%,115%,115%,,,,,,,,,,,,,,,
602483,,53,Batman,102,,,,,,,,3,,,,,,,,,,,,,115%,115%,115%,115%,115%,115%,,,,,,,,,,,,,,,
602591,,13,Mario,102,,,,,,,,3,,,,,,,,,,,,,115%,115%,115%,115%,115%,115%,,,,,,,,,,,,,,,
602592,,44,Gru,102,,,,,,,,3,,,,,,,,,,,,,115%,115%,115%,115%,115%,115%,,,,,,,,,,,,,,,
602593,,53,Batman,102,,,,,,,,3,,,,,,,,,,,,,115%,115%,115%,115%,115%,115%,,,,,,,,,,,,,,,
602611,,13,Mario,102,,,,,,,,3,,,,,,,,,,,,,115%,115%,115%,115%,115%,115%,,,,,,,,,,,,,,,
602612,,44,Gru,102,,,,,,,,3,,,,,,,,,,,,,115%,115%,115%,115%,115%,115%,,,,,,,,,,,,,,,
602631,,53,Batman,102,,,,,,,,3,,,,,,,,,,,,,115%,115%,115%,115%,115%,115%,,,,,,,,,,,,,,,
602632,,13,Mario,102,,,,,,,,3,,,,,,,,,,,,,115%,115%,115%,115%,115%,115%,,,,,,,,,,,,,,,
602633,,44,Gru,102,,,,,,,,3,,,,,,,,,,,,,115%,115%,115%,115%,115%,115%,,,,,,,,,,,,,,,
602681,,53,Batman,102,,,,,,,,3,,,,,,,,,,,,,115%,115%,115%,115%,115%,115%,,,,,,,,,,,,,,,
602682,,13,Mario,102,,,,,,,,3,,,,,,,,,,,,,115%,115%,115%,115%,115%,115%,,,,,,,,,,,,,,,
602683,,44,Gru,102,,,,,,,,3,,,,,,,,,,,,,115%,115%,115%,115%,115%,115%,,,,,,,,,,,,,,,
602721,,53,Batman,102,,,,,,,,3,,,,,,,,,,,,,115%,115%,115%,115%,115%,115%,,,,,,,,,,,,,,,
602722,,13,Mario,102,,,,,,,,3,,,,,,,,,,,,,115%,115%,115%,115%,115%,115%,,,,,,,,,,,,,,,
602723,,44,Gru,102,,,,,,,,3,,,,,,,,,,,,,115%,115%,115%,115%,115%,115%,,,,,,,,,,,,,,,
602821,,53,Batman,102,,,,,,,,3,,,,,,,,,,,,,115%,115%,115%,115%,115%,115%,,,,,,,,,,,,,,,
602822,,13,Mario,102,,,,,,,,3,,,,,,,,,,,,,115%,115%,115%,115%,115%,115%,,,,,,,,,,,,,,,
602841,,44,Gru,102,,,,,,,,3,,,,,,,,,,,,,115%,115%,115%,115%,115%,115%,,,,,,,,,,,,,,,
602842,,53,Batman,102,,,,,,,,3,,,,,,,,,,,,,115%,115%,115%,115%,115%,115%,,,,,,,,,,,,,,,
602843,,13,Mario,102,,,,,,,,3,,,,,,,,,,,,,115%,115%,115%,115%,115%,115%,,,,,,,,,,,,,,,
602871,,44,Gru,102,,,,,,,,3,,,,,,,,,,,,,115%,115%,115%,115%,115%,115%,,,,,,,,,,,,,,,
602872,,53,Batman,102,,,,,,,,3,,,,,,,,,,,,,115%,115%,115%,115%,115%,115%,,,,,,,,,,,,,,,
602873,,13,Mario,102,,,,,,,,3,,,,,,,,,,,,,115%,115%,115%,115%,115%,115%,,,,,,,,,,,,,,,
602891,,44,Gru,102,,,,,,,,3,,,,,,,,,,,,,115%,115%,115%,115%,115%,115%,,,,,,,,,,,,,,,
602921,,53,Batman,102,,,,,,,,3,,,,,,,,,,,,,115%,115%,115%,115%,115%,115%,,,,,,,,,,,,,,,
602922,,13,Mario,102,,,,,,,,3,,,,,,,,,,,,,115%,115%,115%,115%,115%,115%,,,,,,,,,,,,,,,
602923,,44,Gru,102,,,,,,,,3,,,,,,,,,,,,,115%,115%,115%,115%,115%,115%,,,,,,,,,,,,,,,
602924,,53,Batman,102,,,,,,,,3,,,,,,,,,,,,,115%,115%,115%,115%,115%,115%,,,,,,,,,,,,,,,
602961,,13,Mario,102,,,,,,,,3,,,,,,,,,,,,,115%,115%,115%,115%,115%,115%,,,,,,,,,,,,,,,
602962,,44,Gru,102,,,,,,,,3,,,,,,,,,,,,,115%,115%,115%,115%,115%,115%,,,,,,,,,,,,,,,
602963,,53,Batman,102,,,,,,,,3,,,,,,,,,,,,,115%,115%,115%,115%,115%,115%,,,,,,,,,,,,,,,
602991,,13,Mario,102,,,,,,,,3,,,,,,,,,,,,,115%,115%,115%,115%,115%,115%,,,,,,,,,,,,,,,
602992,,44,Gru,102,,,,,,,,3,,,,,,,,,,,,,115%,115%,115%,115%,115%,115%,,,,,,,,,,,,,,,
602993,,53,Batman,102,,,,,,,,3,,,,,,,,,,,,,115%,115%,115%,115%,115%,115%,,,,,,,,,,,,,,,
603001,,13,Mario,102,,,,,,,,3,,,,,,,,,,,,,115%,115%,115%,115%,115%,115%,,,,,,,,,,,,,,,
603002,,44,Gru,102,,,,,,,,3,,,,,,,,,,,,,115%,115%,115%,115%,115%,115%,,,,,,,,,,,,,,,
603003,,53,Batman,102,,,,,,,,3,,,,,,,,,,,,,115%,115%,115%,115%,115%,115%,,,,,,,,,,,,,,,
603011,,13,Mario,102,,,,,,,,3,,,,,,,,,,,,,115%,115%,115%,115%,115%,115%,,,,,,,,,,,,,,,
603012,,44,Gru,102,,,,,,,,3,,,,,,,,,,,,,115%,115%,115%,115%,115%,115%,,,,,,,,,,,,,,,
603021,,53,Batman,102,,,,,,,,3,,,,,,,,,,,,,115%,115%,115%,115%,115%,115%,,,,,,,,,,,,,,,
603141,,13,Mario,102,,,,,,,,3,,,,,,,,,,,,,115%,115%,115%,115%,115%,115%,,,,,,,,,,,,,,,
603142,,44,Gru,102,,,,,,,,3,,,,,,,,,,,,,115%,115%,115%,115%,115%,115%,,,,,,,,,,,,,,,
603143,,53,Batman,102,,,,,,,,3,,,,,,,,,,,,,115%,115%,115%,115%,115%,115%,,,,,,,,,,,,,,,
603151,,13,Mario,102,,,,,,,,3,,,,,,,,,,,,,115%,115%,115%,115%,115%,115%,,,,,,,,,,,,,,,
603152,,44,Gru,102,,,,,,,,3,,,,,,,,,,,,,115%,115%,115%,115%,115%,115%,,,,,,,,,,,,,,,
603161,,53,Batman,102,,,,,,,,3,,,,,,,,,,,,,115%,115%,115%,115%,115%,115%,,,,,,,,,,,,,,,
603171,,13,Mario,102,,,,,,,,3,,,,,,,,,,,,,115%,115%,115%,115%,115%,115%,,,,,,,,,,,,,,,
603181,,44,Gru,102,,,,,,,,3,,,,,,,,,,,,,115%,115%,115%,115%,115%,115%,,,,,,,,,,,,,,,
603211,,53,Batman,102,,,,,,,,3,,,,,,,,,,,,,115%,115%,115%,115%,115%,115%,,,,,,,,,,,,,,,
603221,,13,Mario,102,,,,,,,,3,,,,,,,,,,,,,115%,115%,115%,115%,115%,115%,,,,,,,,,,,,,,,
603241,,44,Gru,102,,,,,,,,3,,,,,,,,,,,,,115%,115%,115%,115%,115%,115%,,,,,,,,,,,,,,,
603251,,53,Batman,102,,,,,,,,3,,,,,,,,,,,,,115%,115%,115%,115%,115%,115%,,,,,,,,,,,,,,,
603261,,13,Mario,102,,,,,,,,3,,,,,,,,,,,,,115%,115%,115%,115%,115%,115%,,,,,,,,,,,,,,,
603281,,44,Gru,102,,,,,,,,3,,,,,,,,,,,,,115%,115%,115%,115%,115%,115%,,,,,,,,,,,,,,,
603282,,53,Batman,102,,,,,,,,3,,,,,,,,,,,,,115%,115%,115%,115%,115%,115%,,,,,,,,,,,,,,,
603283,,13,Mario,102,,,,,,,,3,,,,,,,,,,,,,115%,115%,115%,115%,115%,115%,,,,,,,,,,,,,,,
603291,,44,Gru,102,,,,,,,,3,,,,,,,,,,,,,115%,115%,115%,115%,115%,115%,,,,,,,,,,,,,,,
603292,,53,Batman,102,,,,,,,,3,,,,,,,,,,,,,115%,115%,115%,115%,115%,115%,,,,,,,,,,,,,,,
603293,,13,Mario,102,,,,,,,,3,,,,,,,,,,,,,115%,115%,115%,115%,115%,115%,,,,,,,,,,,,,,,
603301,,44,Gru,102,,,,,,,,3,,,,,,,,,,,,,115%,115%,115%,115%,115%,115%,,,,,,,,,,,,,,,
603302,,53,Batman,102,,,,,,,,3,,,,,,,,,,,,,115%,115%,115%,115%,115%,115%,,,,,,,,,,,,,,,
603303,,13,Mario,102,,,,,,,,3,,,,,,,,,,,,,115%,115%,115%,115%,115%,115%,,,,,,,,,,,,,,,
603341,,44,Gru,102,,,,,,,,3,,,,,,,,,,,,,115%,115%,115%,115%,115%,115%,,,,,,,,,,,,,,,
603342,,53,Batman,102,,,,,,,,3,,,,,,,,,,,,,115%,115%,115%,115%,115%,115%,,,,,,,,,,,,,,,
603351,,13,Mario,102,,,,,,,,3,,,,,,,,,,,,,115%,115%,115%,115%,115%,115%,,,,,,,,,,,,,,,
603352,,44,Gru,102,,,,,,,,3,,,,,,,,,,,,,115%,115%,115%,115%,115%,115%,,,,,,,,,,,,,,,
603353,,53,Batman,102,,,,,,,,3,,,,,,,,,,,,,115%,115%,115%,115%,115%,115%,,,,,,,,,,,,,,,
603411,,13,Mario,102,,,,,,,,3,,,,,,,,,,,,,115%,115%,115%,115%,115%,115%,,,,,,,,,,,,,,,
603412,,44,Gru,102,,,,,,,,3,,,,,,,,,,,,,115%,115%,115%,115%,115%,115%,,,,,,,,,,,,,,,
603413,,53,Batman,102,,,,,,,,3,,,,,,,,,,,,,115%,115%,115%,115%,115%,115%,,,,,,,,,,,,,,,
603431,,13,Mario,102,,,,,,,,3,,,,,,,,,,,,,115%,115%,115%,115%,115%,115%,,,,,,,,,,,,,,,
603432,,44,Gru,102,,,,,,,,3,,,,,,,,,,,,,115%,115%,115%,115%,115%,115%,,,,,,,,,,,,,,,
603471,,53,Batman,102,,,,,,,,3,,,,,,,,,,,,,115%,115%,115%,115%,115%,115%,,,,,,,,,,,,,,,
603472,,13,Mario,102,,,,,,,,3,,,,,,,,,,,,,115%,115%,115%,115%,115%,115%,,,,,,,,,,,,,,,
603501,,44,Gru,102,,,,,,,,3,,,,,,,,,,,,,115%,115%,115%,115%,115%,115%,,,,,,,,,,,,,,,
603502,,53,Batman,102,,,,,,,,3,,,,,,,,,,,,,115%,115%,115%,115%,115%,115%,,,,,,,,,,,,,,,
603511,,13,Mario,102,,,,,,,,3,,,,,,,,,,,,,115%,115%,115%,115%,115%,115%,,,,,,,,,,,,,,,
603541,,44,Gru,102,,,,,,,,3,,,,,,,,,,,,,115%,115%,115%,115%,115%,115%,,,,,,,,,,,,,,,
603542,,53,Batman,102,,,,,,,,3,,,,,,,,,,,,,115%,115%,115%,115%,115%,115%,,,,,,,,,,,,,,,
603543,,13,Mario,102,,,,,,,,3,,,,,,,,,,,,,115%,115%,115%,115%,115%,115%,,,,,,,,,,,,,,,
603561,,44,Gru,102,,,,,,,,3,,,,,,,,,,,,,115%,115%,115%,115%,115%,115%,,,,,,,,,,,,,,,
603562,,53,Batman,102,,,,,,,,3,,,,,,,,,,,,,115%,115%,115%,115%,115%,115%,,,,,,,,,,,,,,,
603591,,13,Mario,102,,,,,,,,3,,,,,,,,,,,,,115%,115%,115%,115%,115%,115%,,,,,,,,,,,,,,,
603592,,44,Gru,102,,,,,,,,3,,,,,,,,,,,,,115%,115%,115%,115%,115%,115%,,,,,,,,,,,,,,,
603611,,53,Batman,102,,,,,,,,3,,,,,,,,,,,,,115%,115%,115%,115%,115%,115%,,,,,,,,,,,,,,,
603631,,13,Mario,102,,,,,,,,3,,,,,,,,,,,,,115%,115%,115%,115%,115%,115%,,,,,,,,,,,,,,,
603641,,44,Gru,102,,,,,,,,3,,,,,,,,,,,,,115%,115%,115%,115%,115%,115%,,,,,,,,,,,,,,,
603642,,53,Batman,102,,,,,,,,3,,,,,,,,,,,,,115%,115%,115%,115%,115%,115%,,,,,,,,,,,,,,,
603661,,13,Mario,102,,,,,,,,3,,,,,,,,,,,,,115%,115%,115%,115%,115%,115%,,,,,,,,,,,,,,,
603662,,44,Gru,102,,,,,,,,3,,,,,,,,,,,,,115%,115%,115%,115%,115%,115%,,,,,,,,,,,,,,,
603663,,53,Batman,102,,,,,,,,3,,,,,,,,,,,,,115%,115%,115%,115%,115%,115%,,,,,,,,,,,,,,,
603771,,13,Mario,102,,,,,,,,3,,,,,,,,,,,,,115%,115%,115%,115%,115%,115%,,,,,,,,,,,,,,,
603772,,44,Gru,102,,,,,,,,3,,,,,,,,,,,,,115%,115%,115%,115%,115%,115%,,,,,,,,,,,,,,,
603841,,53,Batman,102,,,,,,,,3,,,,,,,,,,,,,115%,115%,115%,115%,115%,115%,,,,,,,,,,,,,,,
603842,,13,Mario,102,,,,,,,,3,,,,,,,,,,,,,115%,115%,115%,115%,115%,115%,,,,,,,,,,,,,,,
603843,,44,Gru,102,,,,,,,,3,,,,,,,,,,,,,115%,115%,115%,115%,115%,115%,,,,,,,,,,,,,,,
604131,,53,Batman,102,,,,,,,,3,,,,,,,,,,,,,115%,115%,115%,115%,115%,115%,,,,,,,,,,,,,,,
604132,,13,Mario,102,,,,,,,,3,,,,,,,,,,,,,115%,115%,115%,115%,115%,115%,,,,,,,,,,,,,,,
607001,,44,Gru,102,,,,,,,,3,,,,,,,,,,,,,115%,115%,115%,115%,115%,115%,,,,,,,,,,,,,,,
609001,,53,Batman,102,,,,,,,,3,,2,,,,,,,,,,,115%,115%,115%,115%,115%,115%,,,,,,,,,,,,,,,
609002,,13,Mario,102,,,,,,,,3,,2,,,,,,,,,,,115%,115%,115%,115%,115%,115%,,,,,,,,,,,,,,,
609003,,44,Gru,102,,,,,,,,3,,2,,,,,,,,,,,115%,115%,115%,115%,115%,115%,,,,,,,,,,,,,,,
700001,,13,Mario,103,,,,,,,,3,,,,,,,,,,,,,135%,135%,135%,135%,135%,135%,,,,,,,,,,,,,,,
700002,,44,Gru,103,,,,,,,,3,,,,,,,,,,,,,135%,135%,135%,135%,135%,135%,,,,,,,,,,,,,,,
700003,,53,Batman,103,,,,,,,,3,,,,,,,,,,,,,135%,135%,135%,135%,135%,135%,,,,,,,,,,,,,,,
700004,,13,Mario,103,,,,,,,,3,,,,,,,,,,,,,135%,135%,135%,135%,135%,135%,,,,,,,,,,,,,,,
700011,,44,Gru,103,,,,,,,,3,,,,,,,,,,,,,135%,135%,135%,135%,135%,135%,,,,,,,,,,,,,,,
700012,,53,Batman,103,,,,,,,,3,,,,,,,,,,,,,135%,135%,135%,135%,135%,135%,,,,,,,,,,,,,,,
700013,,13,Mario,103,,,,,,,,3,,,,,,,,,,,,,135%,135%,135%,135%,135%,135%,,,,,,,,,,,,,,,
700014,,44,Gru,103,,,,,,,,3,,,,,,,,,,,,,135%,135%,135%,135%,135%,135%,,,,,,,,,,,,,,,
700015,,53,Batman,103,,,,,,,,3,,,,,,,,,,,,,135%,135%,135%,135%,135%,135%,,,,,,,,,,,,,,,
700021,,13,Mario,103,,,,,,,,3,,,,,,,,,,,,,135%,135%,135%,135%,135%,135%,,,,,,,,,,,,,,,
700022,,44,Gru,103,,,,,,,,3,,,,,,,,,,,,,135%,135%,135%,135%,135%,135%,,,,,,,,,,,,,,,
700023,,53,Batman,103,,,,,,,,3,,,,,,,,,,,,,135%,135%,135%,135%,135%,135%,,,,,,,,,,,,,,,
700024,,13,Mario,103,,,,,,,,3,,,,,,,,,,,,,135%,135%,135%,135%,135%,135%,,,,,,,,,,,,,,,
700031,,44,Gru,103,,,,,,,,3,,,,,,,,,,,,,135%,135%,135%,135%,135%,135%,,,,,,,,,,,,,,,
700033,,53,Batman,103,,,,,,,,3,,,,,,,,,,,,,135%,135%,135%,135%,135%,135%,,,,,,,,,,,,,,,
700041,,13,Mario,103,,,,,,,,3,,,,,,,,,,,,,135%,135%,135%,135%,135%,135%,,,,,,,,,,,,,,,
700044,,44,Gru,103,,,,,,,,3,,,,,,,,,,,,,135%,135%,135%,135%,135%,135%,,,,,,,,,,,,,,,
700051,,53,Batman,103,,,,,,,,3,,,,,,,,,,,,,135%,135%,135%,135%,135%,135%,,,,,,,,,,,,,,,
700052,,13,Mario,103,,,,,,,,3,,,,,,,,,,,,,135%,135%,135%,135%,135%,135%,,,,,,,,,,,,,,,
700053,,44,Gru,103,,,,,,,,3,,,,,,,,,,,,,135%,135%,135%,135%,135%,135%,,,,,,,,,,,,,,,
700061,,53,Batman,103,,,,,,,,3,,,,,,,,,,,,,135%,135%,135%,135%,135%,135%,,,,,,,,,,,,,,,
700062,,13,Mario,103,,,,,,,,3,,,,,,,,,,,,,135%,135%,135%,135%,135%,135%,,,,,,,,,,,,,,,
700071,,44,Gru,103,,,,,,,,3,,,,,,,,,,,,,135%,135%,135%,135%,135%,135%,,,,,,,,,,,,,,,
700072,,53,Batman,103,,,,,,,,3,,,,,,,,,,,,,135%,135%,135%,135%,135%,135%,,,,,,,,,,,,,,,
700081,,13,Mario,103,,,,,,,,3,,,,,,,,,,,,,135%,135%,135%,135%,135%,135%,,,,,,,,,,,,,,,
700082,,44,Gru,103,,,,,,,,3,,,,,,,,,,,,,135%,135%,135%,135%,135%,135%,,,,,,,,,,,,,,,
700091,,53,Batman,103,,,,,,,,3,,,,,,,,,,,,,135%,135%,135%,135%,135%,135%,,,,,,,,,,,,,,,
700092,,13,Mario,103,,,,,,,,3,,,,,,,,,,,,,135%,135%,135%,135%,135%,135%,,,,,,,,,,,,,,,
700093,,44,Gru,103,,,,,,,,3,,,,,,,,,,,,,135%,135%,135%,135%,135%,135%,,,,,,,,,,,,,,,
700101,,53,Batman,103,,,,,,,,3,,,,,,,,,,,,,135%,135%,135%,135%,135%,135%,,,,,,,,,,,,,,,
700102,,13,Mario,103,,,,,,,,3,,,,,,,,,,,,,135%,135%,135%,135%,135%,135%,,,,,,,,,,,,,,,
700111,,44,Gru,103,,,,,,,,3,,,,,,,,,,,,,135%,135%,135%,135%,135%,135%,,,,,,,,,,,,,,,
700112,,53,Batman,103,,,,,,,,3,,,,,,,,,,,,,135%,135%,135%,135%,135%,135%,,,,,,,,,,,,,,,
700113,,13,Mario,103,,,,,,,,3,,,,,,,,,,,,,135%,135%,135%,135%,135%,135%,,,,,,,,,,,,,,,
700121,,44,Gru,103,,,,,,,,3,,,,,,,,,,,,,135%,135%,135%,135%,135%,135%,,,,,,,,,,,,,,,
700122,,53,Batman,103,,,,,,,,3,,,,,,,,,,,,,135%,135%,135%,135%,135%,135%,,,,,,,,,,,,,,,
700123,,13,Mario,103,,,,,,,,3,,,,,,,,,,,,,135%,135%,135%,135%,135%,135%,,,,,,,,,,,,,,,
700131,,44,Gru,103,,,,,,,,3,,,,,,,,,,,,,135%,135%,135%,135%,135%,135%,,,,,,,,,,,,,,,
700132,,53,Batman,103,,,,,,,,3,,,,,,,,,,,,,135%,135%,135%,135%,135%,135%,,,,,,,,,,,,,,,
700133,,13,Mario,103,,,,,,,,3,,,,,,,,,,,,,135%,135%,135%,135%,135%,135%,,,,,,,,,,,,,,,
700151,,44,Gru,103,,,,,,,,3,,,,,,,,,,,,,135%,135%,135%,135%,135%,135%,,,,,,,,,,,,,,,
700152,,53,Batman,103,,,,,,,,3,,,,,,,,,,,,,135%,135%,135%,135%,135%,135%,,,,,,,,,,,,,,,
700153,,13,Mario,103,,,,,,,,3,,,,,,,,,,,,,135%,135%,135%,135%,135%,135%,,,,,,,,,,,,,,,
700161,,44,Gru,103,,,,,,,,3,,,,,,,,,,,,,135%,135%,135%,135%,135%,135%,,,,,,,,,,,,,,,
700162,,53,Batman,103,,,,,,,,3,,,,,,,,,,,,,135%,135%,135%,135%,135%,135%,,,,,,,,,,,,,,,
700163,,13,Mario,103,,,,,,,,3,,,,,,,,,,,,,135%,135%,135%,135%,135%,135%,,,,,,,,,,,,,,,
700171,,44,Gru,103,,,,,,,,3,,,,,,,,,,,,,135%,135%,135%,135%,135%,135%,,,,,,,,,,,,,,,
700172,,53,Batman,103,,,,,,,,3,,,,,,,,,,,,,135%,135%,135%,135%,135%,135%,,,,,,,,,,,,,,,
700173,,13,Mario,103,,,,,,,,3,,,,,,,,,,,,,135%,135%,135%,135%,135%,135%,,,,,,,,,,,,,,,
700191,,44,Gru,103,,,,,,,,3,,,,,,,,,,,,,135%,135%,135%,135%,135%,135%,,,,,,,,,,,,,,,
700192,,53,Batman,103,,,,,,,,3,,,,,,,,,,,,,135%,135%,135%,135%,135%,135%,,,,,,,,,,,,,,,
700221,,13,Mario,103,,,,,,,,3,,,,,,,,,,,,,135%,135%,135%,135%,135%,135%,,,,,,,,,,,,,,,
700222,,44,Gru,103,,,,,,,,3,,,,,,,,,,,,,135%,135%,135%,135%,135%,135%,,,,,,,,,,,,,,,
700231,,53,Batman,103,,,,,,,,3,,,,,,,,,,,,,135%,135%,135%,135%,135%,135%,,,,,,,,,,,,,,,
700232,,13,Mario,103,,,,,,,,3,,,,,,,,,,,,,135%,135%,135%,135%,135%,135%,,,,,,,,,,,,,,,
700241,,44,Gru,103,,,,,,,,3,,,,,,,,,,,,,135%,135%,135%,135%,135%,135%,,,,,,,,,,,,,,,
700242,,53,Batman,103,,,,,,,,3,,,,,,,,,,,,,135%,135%,135%,135%,135%,135%,,,,,,,,,,,,,,,
700261,,13,Mario,103,,,,,,,,3,,,,,,,,,,,,,135%,135%,135%,135%,135%,135%,,,,,,,,,,,,,,,
700262,,44,Gru,103,,,,,,,,3,,,,,,,,,,,,,135%,135%,135%,135%,135%,135%,,,,,,,,,,,,,,,
700263,,53,Batman,103,,,,,,,,3,,,,,,,,,,,,,135%,135%,135%,135%,135%,135%,,,,,,,,,,,,,,,
700264,,13,Mario,103,,,,,,,,3,,,,,,,,,,,,,135%,135%,135%,135%,135%,135%,,,,,,,,,,,,,,,
700271,,44,Gru,103,,,,,,,,3,,,,,,,,,,,,,135%,135%,135%,135%,135%,135%,,,,,,,,,,,,,,,
700272,,53,Batman,103,,,,,,,,3,,,,,,,,,,,,,135%,135%,135%,135%,135%,135%,,,,,,,,,,,,,,,
700273,,13,Mario,103,,,,,,,,3,,,,,,,,,,,,,135%,135%,135%,135%,135%,135%,,,,,,,,,,,,,,,
700281,,44,Gru,103,,,,,,,,3,,,,,,,,,,,,,135%,135%,135%,135%,135%,135%,,,,,,,,,,,,,,,
700282,,53,Batman,103,,,,,,,,3,,,,,,,,,,,,,135%,135%,135%,135%,135%,135%,,,,,,,,,,,,,,,
700283,,13,Mario,103,,,,,,,,3,,,,,,,,,,,,,135%,135%,135%,135%,135%,135%,,,,,,,,,,,,,,,
700301,,44,Gru,103,,,,,,,,3,,,,,,,,,,,,,135%,135%,135%,135%,135%,135%,,,,,,,,,,,,,,,
700302,,53,Batman,103,,,,,,,,3,,,,,,,,,,,,,135%,135%,135%,135%,135%,135%,,,,,,,,,,,,,,,
700303,,13,Mario,103,,,,,,,,3,,,,,,,,,,,,,135%,135%,135%,135%,135%,135%,,,,,,,,,,,,,,,
700331,,44,Gru,103,,,,,,,,3,,,,,,,,,,,,,135%,135%,135%,135%,135%,135%,,,,,,,,,,,,,,,
700332,,53,Batman,103,,,,,,,,3,,,,,,,,,,,,,135%,135%,135%,135%,135%,135%,,,,,,,,,,,,,,,
700333,,13,Mario,103,,,,,,,,3,,,,,,,,,,,,,135%,135%,135%,135%,135%,135%,,,,,,,,,,,,,,,
700341,,44,Gru,103,,,,,,,,3,,,,,,,,,,,,,135%,135%,135%,135%,135%,135%,,,,,,,,,,,,,,,
700351,,53,Batman,103,,,,,,,,3,,,,,,,,,,,,,135%,135%,135%,135%,135%,135%,,,,,,,,,,,,,,,
700352,,13,Mario,103,,,,,,,,3,,,,,,,,,,,,,135%,135%,135%,135%,135%,135%,,,,,,,,,,,,,,,
700371,,44,Gru,103,,,,,,,,3,,,,,,,,,,,,,135%,135%,135%,135%,135%,135%,,,,,,,,,,,,,,,
700372,,53,Batman,103,,,,,,,,3,,,,,,,,,,,,,135%,135%,135%,135%,135%,135%,,,,,,,,,,,,,,,
700381,,13,Mario,103,,,,,,,,3,,,,,,,,,,,,,135%,135%,135%,135%,135%,135%,,,,,,,,,,,,,,,
700382,,44,Gru,103,,,,,,,,3,,,,,,,,,,,,,135%,135%,135%,135%,135%,135%,,,,,,,,,,,,,,,
700391,,53,Batman,103,,,,,,,,3,,,,,,,,,,,,,135%,135%,135%,135%,135%,135%,,,,,,,,,,,,,,,
700392,,13,Mario,103,,,,,,,,3,,,,,,,,,,,,,135%,135%,135%,135%,135%,135%,,,,,,,,,,,,,,,
700393,,44,Gru,103,,,,,,,,3,,,,,,,,,,,,,135%,135%,135%,135%,135%,135%,,,,,,,,,,,,,,,
700394,,53,Batman,103,,,,,,,,3,,,,,,,,,,,,,135%,135%,135%,135%,135%,135%,,,,,,,,,,,,,,,
700401,,13,Mario,103,,,,,,,,3,,,,,,,,,,,,,135%,135%,135%,135%,135%,135%,,,,,,,,,,,,,,,
700402,,44,Gru,103,,,,,,,,3,,,,,,,,,,,,,135%,135%,135%,135%,135%,135%,,,,,,,,,,,,,,,
700451,,53,Batman,103,,,,,,,,3,,,,,,,,,,,,,135%,135%,135%,135%,135%,135%,,,,,,,,,,,,,,,
700452,,13,Mario,103,,,,,,,,3,,,,,,,,,,,,,135%,135%,135%,135%,135%,135%,,,,,,,,,,,,,,,
700461,,44,Gru,103,,,,,,,,3,,,,,,,,,,,,,135%,135%,135%,135%,135%,135%,,,,,,,,,,,,,,,
700462,,53,Batman,103,,,,,,,,3,,,,,,,,,,,,,135%,135%,135%,135%,135%,135%,,,,,,,,,,,,,,,
700463,,13,Mario,103,,,,,,,,3,,,,,,,,,,,,,135%,135%,135%,135%,135%,135%,,,,,,,,,,,,,,,
700464,,44,Gru,103,,,,,,,,3,,,,,,,,,,,,,135%,135%,135%,135%,135%,135%,,,,,,,,,,,,,,,
700471,,53,Batman,103,,,,,,,,3,,,,,,,,,,,,,135%,135%,135%,135%,135%,135%,,,,,,,,,,,,,,,
700472,,13,Mario,103,,,,,,,,3,,,,,,,,,,,,,135%,135%,135%,135%,135%,135%,,,,,,,,,,,,,,,
700481,,44,Gru,103,,,,,,,,3,,,,,,,,,,,,,135%,135%,135%,135%,135%,135%,,,,,,,,,,,,,,,
700482,,53,Batman,103,,,,,,,,3,,,,,,,,,,,,,135%,135%,135%,135%,135%,135%,,,,,,,,,,,,,,,
700491,,13,Mario,103,,,,,,,,3,,,,,,,,,,,,,135%,135%,135%,135%,135%,135%,,,,,,,,,,,,,,,
700492,,44,Gru,103,,,,,,,,3,,,,,,,,,,,,,135%,135%,135%,135%,135%,135%,,,,,,,,,,,,,,,
700493,,53,Batman,103,,,,,,,,3,,,,,,,,,,,,,135%,135%,135%,135%,135%,135%,,,,,,,,,,,,,,,
700501,,13,Mario,103,,,,,,,,3,,,,,,,,,,,,,135%,135%,135%,135%,135%,135%,,,,,,,,,,,,,,,
700502,,44,Gru,103,,,,,,,,3,,,,,,,,,,,,,135%,135%,135%,135%,135%,135%,,,,,,,,,,,,,,,
700503,,53,Batman,103,,,,,,,,3,,,,,,,,,,,,,135%,135%,135%,135%,135%,135%,,,,,,,,,,,,,,,
700541,,13,Mario,103,,,,,,,,3,,,,,,,,,,,,,135%,135%,135%,135%,135%,135%,,,,,,,,,,,,,,,
700542,,44,Gru,103,,,,,,,,3,,,,,,,,,,,,,135%,135%,135%,135%,135%,135%,,,,,,,,,,,,,,,
700551,,53,Batman,103,,,,,,,,3,,,,,,,,,,,,,135%,135%,135%,135%,135%,135%,,,,,,,,,,,,,,,
700552,,13,Mario,103,,,,,,,,3,,,,,,,,,,,,,135%,135%,135%,135%,135%,135%,,,,,,,,,,,,,,,
700571,,44,Gru,103,,,,,,,,3,,,,,,,,,,,,,135%,135%,135%,135%,135%,135%,,,,,,,,,,,,,,,
700572,,53,Batman,103,,,,,,,,3,,,,,,,,,,,,,135%,135%,135%,135%,135%,135%,,,,,,,,,,,,,,,
700574,,13,Mario,103,,,,,,,,3,,,,,,,,,,,,,135%,135%,135%,135%,135%,135%,,,,,,,,,,,,,,,
700591,,44,Gru,103,,,,,,,,3,,,,,,,,,,,,,135%,135%,135%,135%,135%,135%,,,,,,,,,,,,,,,
700592,,53,Batman,103,,,,,,,,3,,,,,,,,,,,,,135%,135%,135%,135%,135%,135%,,,,,,,,,,,,,,,
700593,,13,Mario,103,,,,,,,,3,,,,,,,,,,,,,135%,135%,135%,135%,135%,135%,,,,,,,,,,,,,,,
700601,,44,Gru,103,,,,,,,,3,,,,,,,,,,,,,135%,135%,135%,135%,135%,135%,,,,,,,,,,,,,,,
700602,,53,Batman,103,,,,,,,,3,,,,,,,,,,,,,135%,135%,135%,135%,135%,135%,,,,,,,,,,,,,,,
700603,,13,Mario,103,,,,,,,,3,,,,,,,,,,,,,135%,135%,135%,135%,135%,135%,,,,,,,,,,,,,,,
700631,,44,Gru,103,,,,,,,,3,,,,,,,,,,,,,135%,135%,135%,135%,135%,135%,,,,,,,,,,,,,,,
700641,,53,Batman,103,,,,,,,,3,,,,,,,,,,,,,135%,135%,135%,135%,135%,135%,,,,,,,,,,,,,,,
700691,,13,Mario,103,,,,,,,,3,,,,,,,,,,,,,135%,135%,135%,135%,135%,135%,,,,,,,,,,,,,,,
700692,,44,Gru,103,,,,,,,,3,,,,,,,,,,,,,135%,135%,135%,135%,135%,135%,,,,,,,,,,,,,,,
700701,,53,Batman,103,,,,,,,,3,,,,,,,,,,,,,135%,135%,135%,135%,135%,135%,,,,,,,,,,,,,,,
700711,,13,Mario,103,,,,,,,,3,,,,,,,,,,,,,135%,135%,135%,135%,135%,135%,,,,,,,,,,,,,,,
700712,,44,Gru,103,,,,,,,,3,,,,,,,,,,,,,135%,135%,135%,135%,135%,135%,,,,,,,,,,,,,,,
700721,,53,Batman,103,,,,,,,,3,,,,,,,,,,,,,135%,135%,135%,135%,135%,135%,,,,,,,,,,,,,,,
700731,,13,Mario,103,,,,,,,,3,,,,,,,,,,,,,135%,135%,135%,135%,135%,135%,,,,,,,,,,,,,,,
700741,,44,Gru,103,,,,,,,,3,,,,,,,,,,,,,135%,135%,135%,135%,135%,135%,,,,,,,,,,,,,,,
700751,,53,Batman,103,,,,,,,,3,,,,,,,,,,,,,135%,135%,135%,135%,135%,135%,,,,,,,,,,,,,,,
700752,,13,Mario,103,,,,,,,,3,,,,,,,,,,,,,135%,135%,135%,135%,135%,135%,,,,,,,,,,,,,,,
700753,,44,Gru,103,,,,,,,,3,,,,<80;80;80;80;80;80;80>,,,,,,,,,135%,135%,135%,135%,135%,135%,,,,,,,,,,,,,,,
700761,,53,Batman,103,,,,,,,,3,,,,,,,,,,,,,135%,135%,135%,135%,135%,135%,,,,,,,,,,,,,,,
700771,,13,Mario,103,,,,,,,,3,,,,,,,,,,,,,135%,135%,135%,135%,135%,135%,,,,,,,,,,,,,,,
700781,,44,Gru,103,,,,,,,,3,,,,,,,,,,,,,135%,135%,135%,135%,135%,135%,,,,,,,,,,,,,,,
700782,,53,Batman,103,,,,,,,,3,,,,,,,,,,,,,135%,135%,135%,135%,135%,135%,,,,,,,,,,,,,,,
700783,,13,Mario,103,,,,,,,,3,,,,,,,,,,,,,135%,135%,135%,135%,135%,135%,,,,,,,,,,,,,,,
700791,,44,Gru,103,,,,,,,,3,,,,,,,,,,,,,135%,135%,135%,135%,135%,135%,,,,,,,,,,,,,,,
700792,,53,Batman,103,,,,,,,,3,,,,,,,,,,,,,135%,135%,135%,135%,135%,135%,,,,,,,,,,,,,,,
700793,,13,Mario,103,,,,,,,,3,,,,,,,,,,,,,135%,135%,135%,135%,135%,135%,,,,,,,,,,,,,,,
700801,,44,Gru,103,,,,,,,,3,,,,,,,,,,,,,135%,135%,135%,135%,135%,135%,,,,,,,,,,,,,,,
700802,,53,Batman,103,,,,,,,,3,,,,,,,,,,,,,135%,135%,135%,135%,135%,135%,,,,,,,,,,,,,,,
700803,,13,Mario,103,,,,,,,,3,,,,,,,,,,,,,135%,135%,135%,135%,135%,135%,,,,,,,,,,,,,,,
700861,,44,Gru,103,,,,,,,,3,,,,,,,,,,,,,135%,135%,135%,135%,135%,135%,,,,,,,,,,,,,,,
700862,,53,Batman,103,,,,,,,,3,,,,,,,,,,,,,135%,135%,135%,135%,135%,135%,,,,,,,,,,,,,,,
700863,,13,Mario,103,,,,,,,,3,,,,,,,,,,,,,135%,135%,135%,135%,135%,135%,,,,,,,,,,,,,,,
700881,,44,Gru,103,,,,,,,,3,,,,,,,,,,,,,135%,135%,135%,135%,135%,135%,,,,,,,,,,,,,,,
700882,,53,Batman,103,,,,,,,,3,,,,,,,,,,,,,135%,135%,135%,135%,135%,135%,,,,,,,,,,,,,,,
700883,,13,Mario,103,,,,,,,,3,,,,,,,,,,,,,135%,135%,135%,135%,135%,135%,,,,,,,,,,,,,,,
700884,,44,Gru,103,,,,,,,,3,,,,,,,,,,,,,135%,135%,135%,135%,135%,135%,,,,,,,,,,,,,,,
700891,,53,Batman,103,,,,,,,,3,,,,,,,,,,,,,135%,135%,135%,135%,135%,135%,,,,,,,,,,,,,,,
700892,,13,Mario,103,,,,,,,,3,,,,,,,,,,,,,135%,135%,135%,135%,135%,135%,,,,,,,,,,,,,,,
700893,,44,Gru,103,,,,,,,,3,,,,,,,,,,,,,135%,135%,135%,135%,135%,135%,,,,,,,,,,,,,,,
701031,,53,Batman,103,,,,,,,,3,,,,,,,,,,,,,135%,135%,135%,135%,135%,135%,,,,,,,,,,,,,,,
701032,,13,Mario,103,,,,,,,,3,,,,,,,,,,,,,135%,135%,135%,135%,135%,135%,,,,,,,,,,,,,,,
701071,,44,Gru,103,,,,,,,,3,,,,,,,,,,,,,135%,135%,135%,135%,135%,135%,,,,,,,,,,,,,,,
701081,,53,Batman,103,,,,,,,,3,,,,,,,,,,,,,135%,135%,135%,135%,135%,135%,,,,,,,,,,,,,,,
701082,,13,Mario,103,,,,,,,,3,,,,,,,,,,,,,135%,135%,135%,135%,135%,135%,,,,,,,,,,,,,,,
701171,,44,Gru,103,,,,,,,,3,,,,,,,,,,,,,135%,135%,135%,135%,135%,135%,,,,,,,,,,,,,,,
701172,,53,Batman,103,,,,,,,,3,,,,,,,,,,,,,135%,135%,135%,135%,135%,135%,,,,,,,,,,,,,,,
701221,,13,Mario,103,,,,,,,,3,,,,,,,,,,,,,135%,135%,135%,135%,135%,135%,,,,,,,,,,,,,,,
701231,,44,Gru,103,,,,,,,,3,,,,,,,,,,,,,135%,135%,135%,135%,135%,135%,,,,,,,,,,,,,,,
701241,,53,Batman,103,,,,,,,,3,,,,,,,,,,,,,135%,135%,135%,135%,135%,135%,,,,,,,,,,,,,,,
701251,,13,Mario,103,,,,,,,,3,,,,,,,,,,,,,135%,135%,135%,135%,135%,135%,,,,,,,,,,,,,,,
701252,,44,Gru,103,,,,,,,,3,,,,,,,,,,,,,135%,135%,135%,135%,135%,135%,,,,,,,,,,,,,,,
701253,,53,Batman,103,,,,,,,,3,,,,,,,,,,,,,135%,135%,135%,135%,135%,135%,,,,,,,,,,,,,,,
701261,,13,Mario,103,,,,,,,,3,,,,,,,,,,,,,135%,135%,135%,135%,135%,135%,,,,,,,,,,,,,,,
701271,,44,Gru,103,,,,,,,,3,,,,,,,,,,,,,135%,135%,135%,135%,135%,135%,,,,,,,,,,,,,,,
701291,,53,Batman,103,,,,,,,,3,,,,,,,,,,,,,135%,135%,135%,135%,135%,135%,,,,,,,,,,,,,,,
701292,,13,Mario,103,,,,,,,,3,,,,,,,,,,,,,135%,135%,135%,135%,135%,135%,,,,,,,,,,,,,,,
701293,,44,Gru,103,,,,,,,,3,,,,,,,,,,,,,135%,135%,135%,135%,135%,135%,,,,,,,,,,,,,,,
701301,,53,Batman,103,,,,,,,,3,,,,,,,,,,,,,135%,135%,135%,135%,135%,135%,,,,,,,,,,,,,,,
701302,,13,Mario,103,,,,,,,,3,,,,,,,,,,,,,135%,135%,135%,135%,135%,135%,,,,,,,,,,,,,,,
701303,,44,Gru,103,,,,,,,,3,,,,,,,,,,,,,135%,135%,135%,135%,135%,135%,,,,,,,,,,,,,,,
701311,,53,Batman,103,,,,,,,,3,,,,,,,,,,,,,135%,135%,135%,135%,135%,135%,,,,,,,,,,,,,,,
701312,,13,Mario,103,,,,,,,,3,,,,,,,,,,,,,135%,135%,135%,135%,135%,135%,,,,,,,,,,,,,,,
701313,,44,Gru,103,,,,,,,,3,,,,,,,,,,,,,135%,135%,135%,135%,135%,135%,,,,,,,,,,,,,,,
701314,,53,Batman,103,,,,,,,,3,,,,,,,,,,,,,135%,135%,135%,135%,135%,135%,,,,,,,,,,,,,,,
701351,,13,Mario,103,,,,,,,,3,,,,,,,,,,,,,135%,135%,135%,135%,135%,135%,,,,,,,,,,,,,,,
701352,,44,Gru,103,,,,,,,,3,,,,,,,,,,,,,135%,135%,135%,135%,135%,135%,,,,,,,,,,,,,,,
701353,,53,Batman,103,,,,,,,,3,,,,,,,,,,,,,135%,135%,135%,135%,135%,135%,,,,,,,,,,,,,,,
701391,,13,Mario,103,,,,,,,,3,,,,,,,,,,,,,135%,135%,135%,135%,135%,135%,,,,,,,,,,,,,,,
701392,,44,Gru,103,,,,,,,,3,,,,,,,,,,,,,135%,135%,135%,135%,135%,135%,,,,,,,,,,,,,,,
701393,,53,Batman,103,,,,,,,,3,,,,,,,,,,,,,135%,135%,135%,135%,135%,135%,,,,,,,,,,,,,,,
701394,,13,Mario,103,,,,,,,,3,,,,,,,,,,,,,135%,135%,135%,135%,135%,135%,,,,,,,,,,,,,,,
701396,,44,Gru,103,,,,,,,,3,,,,,,,,,,,,,135%,135%,135%,135%,135%,135%,,,,,,,,,,,,,,,
701421,,53,Batman,103,,,,,,,,3,,,,,,,,,,,,,135%,135%,135%,135%,135%,135%,,,,,,,,,,,,,,,
701422,,13,Mario,103,,,,,,,,3,,,,,,,,,,,,,135%,135%,135%,135%,135%,135%,,,,,,,,,,,,,,,
701423,,44,Gru,103,,,,,,,,3,,,,,,,,,,,,,135%,135%,135%,135%,135%,135%,,,,,,,,,,,,,,,
701441,,53,Batman,103,,,,,,,,3,,,,,,,,,,,,,135%,135%,135%,135%,135%,135%,,,,,,,,,,,,,,,
701442,,13,Mario,103,,,,,,,,3,,,,,,,,,,,,,135%,135%,135%,135%,135%,135%,,,,,,,,,,,,,,,
701443,,44,Gru,103,,,,,,,,3,,,,,,,,,,,,,135%,135%,135%,135%,135%,135%,,,,,,,,,,,,,,,
701501,,53,Batman,103,,,,,,,,3,,,,,,,,,,,,,135%,135%,135%,135%,135%,135%,,,,,,,,,,,,,,,
701502,,13,Mario,103,,,,,,,,3,,,,,,,,,,,,,135%,135%,135%,135%,135%,135%,,,,,,,,,,,,,,,
701503,,44,Gru,103,,,,,,,,3,,,,,,,,,,,,,135%,135%,135%,135%,135%,135%,,,,,,,,,,,,,,,
701611,,53,Batman,103,,,,,,,,3,,,,,,,,,,,,,135%,135%,135%,135%,135%,135%,,,,,,,,,,,,,,,
701612,,13,Mario,103,,,,,,,,3,,,,,,,,,,,,,135%,135%,135%,135%,135%,135%,,,,,,,,,,,,,,,
701771,,44,Gru,103,,,,,,,,3,,,,,,,,,,,,,135%,135%,135%,135%,135%,135%,,,,,,,,,,,,,,,
701801,,53,Batman,103,,,,,,,,3,,,,,,,,,,,,,135%,135%,135%,135%,135%,135%,,,,,,,,,,,,,,,
701802,,13,Mario,103,,,,,,,,3,,,,,,,,,,,,,135%,135%,135%,135%,135%,135%,,,,,,,,,,,,,,,
701811,,44,Gru,103,,,,,,,,3,,,,,,,,,,,,,135%,135%,135%,135%,135%,135%,,,,,,,,,,,,,,,
701812,,53,Batman,103,,,,,,,,3,,,,,,,,,,,,,135%,135%,135%,135%,135%,135%,,,,,,,,,,,,,,,
701813,,13,Mario,103,,,,,,,,3,,,,,,,,,,,,,135%,135%,135%,135%,135%,135%,,,,,,,,,,,,,,,
701841,,44,Gru,103,,,,,,,,3,,,,,,,,,,,,,135%,135%,135%,135%,135%,135%,,,,,,,,,,,,,,,
701851,,53,Batman,103,,,,,,,,3,,,,,,,,,,,,,135%,135%,135%,135%,135%,135%,,,,,,,,,,,,,,,
701852,,13,Mario,103,,,,,,,,3,,,,,,,,,,,,,135%,135%,135%,135%,135%,135%,,,,,,,,,,,,,,,
701853,,44,Gru,103,,,,,,,,3,,,,,,,,,,,,,135%,135%,135%,135%,135%,135%,,,,,,,,,,,,,,,
701861,,53,Batman,103,,,,,,,,3,,,,,,,,,,,,,135%,135%,135%,135%,135%,135%,,,,,,,,,,,,,,,
701862,,13,Mario,103,,,,,,,,3,,,,,,,,,,,,,135%,135%,135%,135%,135%,135%,,,,,,,,,,,,,,,
701863,,44,Gru,103,,,,,,,,3,,,,,,,,,,,,,135%,135%,135%,135%,135%,135%,,,,,,,,,,,,,,,
701891,,53,Batman,103,,,,,,,,3,,,,,,,,,,,,,135%,135%,135%,135%,135%,135%,,,,,,,,,,,,,,,
701892,,13,Mario,103,,,,,,,,3,,,,,,,,,,,,,135%,135%,135%,135%,135%,135%,,,,,,,,,,,,,,,
701893,,44,Gru,103,,,,,,,,3,,,,,,,,,,,,,135%,135%,135%,135%,135%,135%,,,,,,,,,,,,,,,
701901,,53,Batman,103,,,,,,,,3,,,,,,,,,,,,,135%,135%,135%,135%,135%,135%,,,,,,,,,,,,,,,
701902,,13,Mario,103,,,,,,,,3,,,,,,,,,,,,,135%,135%,135%,135%,135%,135%,,,,,,,,,,,,,,,
701903,,44,Gru,103,,,,,,,,3,,,,,,,,,,,,,135%,135%,135%,135%,135%,135%,,,,,,,,,,,,,,,
701911,,53,Batman,103,,,,,,,,3,,,,,,,,,,,,,135%,135%,135%,135%,135%,135%,,,,,,,,,,,,,,,
701921,,13,Mario,103,,,,,,,,3,,,,,,,,,,,,,135%,135%,135%,135%,135%,135%,,,,,,,,,,,,,,,
701931,,44,Gru,103,,,,,,,,3,,,,,,,,,,,,,135%,135%,135%,135%,135%,135%,,,,,,,,,,,,,,,
701941,,53,Batman,103,,,,,,,,3,,,,,,,,,,,,,135%,135%,135%,135%,135%,135%,,,,,,,,,,,,,,,
701951,,13,Mario,103,,,,,,,,3,,,,,,,,,,,,,135%,135%,135%,135%,135%,135%,,,,,,,,,,,,,,,
701961,,44,Gru,103,,,,,,,,3,,,,,,,,,,,,,135%,135%,135%,135%,135%,135%,,,,,,,,,,,,,,,
701971,,53,Batman,103,,,,,,,,3,,,,,,,,,,,,,135%,135%,135%,135%,135%,135%,,,,,,,,,,,,,,,
701981,,13,Mario,103,,,,,,,,3,,,,,,,,,,,,,135%,135%,135%,135%,135%,135%,,,,,,,,,,,,,,,
701982,,44,Gru,103,,,,,,,,3,,,,,,,,,,,,,135%,135%,135%,135%,135%,135%,,,,,,,,,,,,,,,
701991,,53,Batman,103,,,,,,,,3,,,,,,,,,,,,,135%,135%,135%,135%,135%,135%,,,,,,,,,,,,,,,
702011,,13,Mario,103,,,,,,,,3,,,,,,,,,,,,,135%,135%,135%,135%,135%,135%,,,,,,,,,,,,,,,
702012,,44,Gru,103,,,,,,,,3,,,,,,,,,,,,,135%,135%,135%,135%,135%,135%,,,,,,,,,,,,,,,
702013,,53,Batman,103,,,,,,,,3,,,,,,,,,,,,,135%,135%,135%,135%,135%,135%,,,,,,,,,,,,,,,
702031,,13,Mario,103,,,,,,,,3,,,,,,,,,,,,,135%,135%,135%,135%,135%,135%,,,,,,,,,,,,,,,
702032,,44,Gru,103,,,,,,,,3,,,,,,,,,,,,,135%,135%,135%,135%,135%,135%,,,,,,,,,,,,,,,
702033,,53,Batman,103,,,,,,,,3,,,,,,,,,,,,,135%,135%,135%,135%,135%,135%,,,,,,,,,,,,,,,
702071,,13,Mario,103,,,,,,,,3,,,,,,,,,,,,,135%,135%,135%,135%,135%,135%,,,,,,,,,,,,,,,
702072,,44,Gru,103,,,,,,,,3,,,,,,,,,,,,,135%,135%,135%,135%,135%,135%,,,,,,,,,,,,,,,
702073,,53,Batman,103,,,,,,,,3,,,,,,,,,,,,,135%,135%,135%,135%,135%,135%,,,,,,,,,,,,,,,
702231,,13,Mario,103,,,,,,,,3,,,,,,,,,,,,,135%,135%,135%,135%,135%,135%,,,,,,,,,,,,,,,
702232,,44,Gru,103,,,,,,,,3,,,,,,,,,,,,,135%,135%,135%,135%,135%,135%,,,,,,,,,,,,,,,
702233,,53,Batman,103,,,,,,,,3,,,,,,,,,,,,,135%,135%,135%,135%,135%,135%,,,,,,,,,,,,,,,
702241,,13,Mario,103,,,,,,,,3,,,,,,,,,,,,,135%,135%,135%,135%,135%,135%,,,,,,,,,,,,,,,
702242,,44,Gru,103,,,,,,,,3,,,,,,,,,,,,,135%,135%,135%,135%,135%,135%,,,,,,,,,,,,,,,
702271,,53,Batman,103,,,,,,,,3,,,,,,,,,,,,,135%,135%,135%,135%,135%,135%,,,,,,,,,,,,,,,
702272,,13,Mario,103,,,,,,,,3,,,,,,,,,,,,,135%,135%,135%,135%,135%,135%,,,,,,,,,,,,,,,
702301,,44,Gru,103,,,,,,,,3,,,,,,,,,,,,,135%,135%,135%,135%,135%,135%,,,,,,,,,,,,,,,
702302,,53,Batman,103,,,,,,,,3,,,,,,,,,,,,,135%,135%,135%,135%,135%,135%,,,,,,,,,,,,,,,
702303,,13,Mario,103,,,,,,,,3,,,,,,,,,,,,,135%,135%,135%,135%,135%,135%,,,,,,,,,,,,,,,
702351,,44,Gru,103,,,,,,,,3,,,,,,,,,,,,,135%,135%,135%,135%,135%,135%,,,,,,,,,,,,,,,
702361,,53,Batman,103,,,,,,,,3,,,,,,,,,,,,,135%,135%,135%,135%,135%,135%,,,,,,,,,,,,,,,
702381,,13,Mario,103,,,,,,,,3,,,,,,,,,,,,,135%,135%,135%,135%,135%,135%,,,,,,,,,,,,,,,
702391,,44,Gru,103,,,,,,,,3,,,,,,,,,,,,,135%,135%,135%,135%,135%,135%,,,,,,,,,,,,,,,
702401,,53,Batman,103,,,,,,,,3,,,,,,,,,,,,,135%,135%,135%,135%,135%,135%,,,,,,,,,,,,,,,
702431,,13,Mario,103,,,,,,,,3,,,,,,,,,,,,,135%,135%,135%,135%,135%,135%,,,,,,,,,,,,,,,
702441,,44,Gru,103,,,,,,,,3,,,,,,,,,,,,,135%,135%,135%,135%,135%,135%,,,,,,,,,,,,,,,
702442,,53,Batman,103,,,,,,,,3,,,,,,,,,,,,,135%,135%,135%,135%,135%,135%,,,,,,,,,,,,,,,
702471,,13,Mario,103,,,,,,,,3,,,,,,,,,,,,,135%,135%,135%,135%,135%,135%,,,,,,,,,,,,,,,
702472,,44,Gru,103,,,,,,,,3,,,,,,,,,,,,,135%,135%,135%,135%,135%,135%,,,,,,,,,,,,,,,
702473,,53,Batman,103,,,,,,,,3,,,,,,,,,,,,,135%,135%,135%,135%,135%,135%,,,,,,,,,,,,,,,
702481,,13,Mario,103,,,,,,,,3,,,,,,,,,,,,,135%,135%,135%,135%,135%,135%,,,,,,,,,,,,,,,
702482,,44,Gru,103,,,,,,,,3,,,,,,,,,,,,,135%,135%,135%,135%,135%,135%,,,,,,,,,,,,,,,
702483,,53,Batman,103,,,,,,,,3,,,,,,,,,,,,,135%,135%,135%,135%,135%,135%,,,,,,,,,,,,,,,
702591,,13,Mario,103,,,,,,,,3,,,,,,,,,,,,,135%,135%,135%,135%,135%,135%,,,,,,,,,,,,,,,
702592,,44,Gru,103,,,,,,,,3,,,,,,,,,,,,,135%,135%,135%,135%,135%,135%,,,,,,,,,,,,,,,
702593,,53,Batman,103,,,,,,,,3,,,,,,,,,,,,,135%,135%,135%,135%,135%,135%,,,,,,,,,,,,,,,
702611,,13,Mario,103,,,,,,,,3,,,,,,,,,,,,,135%,135%,135%,135%,135%,135%,,,,,,,,,,,,,,,
702612,,44,Gru,103,,,,,,,,3,,,,,,,,,,,,,135%,135%,135%,135%,135%,135%,,,,,,,,,,,,,,,
702631,,53,Batman,103,,,,,,,,3,,,,,,,,,,,,,135%,135%,135%,135%,135%,135%,,,,,,,,,,,,,,,
702632,,13,Mario,103,,,,,,,,3,,,,,,,,,,,,,135%,135%,135%,135%,135%,135%,,,,,,,,,,,,,,,
702633,,44,Gru,103,,,,,,,,3,,,,,,,,,,,,,135%,135%,135%,135%,135%,135%,,,,,,,,,,,,,,,
702681,,53,Batman,103,,,,,,,,3,,,,,,,,,,,,,135%,135%,135%,135%,135%,135%,,,,,,,,,,,,,,,
702682,,13,Mario,103,,,,,,,,3,,,,,,,,,,,,,135%,135%,135%,135%,135%,135%,,,,,,,,,,,,,,,
702683,,44,Gru,103,,,,,,,,3,,,,,,,,,,,,,135%,135%,135%,135%,135%,135%,,,,,,,,,,,,,,,
702721,,53,Batman,103,,,,,,,,3,,,,,,,,,,,,,135%,135%,135%,135%,135%,135%,,,,,,,,,,,,,,,
702722,,13,Mario,103,,,,,,,,3,,,,,,,,,,,,,135%,135%,135%,135%,135%,135%,,,,,,,,,,,,,,,
702723,,44,Gru,103,,,,,,,,3,,,,,,,,,,,,,135%,135%,135%,135%,135%,135%,,,,,,,,,,,,,,,
702821,,53,Batman,103,,,,,,,,3,,,,,,,,,,,,,135%,135%,135%,135%,135%,135%,,,,,,,,,,,,,,,
702822,,13,Mario,103,,,,,,,,3,,,,,,,,,,,,,135%,135%,135%,135%,135%,135%,,,,,,,,,,,,,,,
702841,,44,Gru,103,,,,,,,,3,,,,,,,,,,,,,135%,135%,135%,135%,135%,135%,,,,,,,,,,,,,,,
702842,,53,Batman,103,,,,,,,,3,,,,,,,,,,,,,135%,135%,135%,135%,135%,135%,,,,,,,,,,,,,,,
702843,,13,Mario,103,,,,,,,,3,,,,,,,,,,,,,135%,135%,135%,135%,135%,135%,,,,,,,,,,,,,,,
702871,,44,Gru,103,,,,,,,,3,,,,,,,,,,,,,135%,135%,135%,135%,135%,135%,,,,,,,,,,,,,,,
702872,,53,Batman,103,,,,,,,,3,,,,,,,,,,,,,135%,135%,135%,135%,135%,135%,,,,,,,,,,,,,,,
702873,,13,Mario,103,,,,,,,,3,,,,,,,,,,,,,135%,135%,135%,135%,135%,135%,,,,,,,,,,,,,,,
702891,,44,Gru,103,,,,,,,,3,,,,,,,,,,,,,135%,135%,135%,135%,135%,135%,,,,,,,,,,,,,,,
702921,,53,Batman,103,,,,,,,,3,,,,,,,,,,,,,135%,135%,135%,135%,135%,135%,,,,,,,,,,,,,,,
702922,,13,Mario,103,,,,,,,,3,,,,,,,,,,,,,135%,135%,135%,135%,135%,135%,,,,,,,,,,,,,,,
702923,,44,Gru,103,,,,,,,,3,,,,,,,,,,,,,135%,135%,135%,135%,135%,135%,,,,,,,,,,,,,,,
702924,,53,Batman,103,,,,,,,,3,,,,,,,,,,,,,135%,135%,135%,135%,135%,135%,,,,,,,,,,,,,,,
702961,,13,Mario,103,,,,,,,,3,,,,,,,,,,,,,135%,135%,135%,135%,135%,135%,,,,,,,,,,,,,,,
702962,,44,Gru,103,,,,,,,,3,,,,,,,,,,,,,135%,135%,135%,135%,135%,135%,,,,,,,,,,,,,,,
702963,,53,Batman,103,,,,,,,,3,,,,,,,,,,,,,135%,135%,135%,135%,135%,135%,,,,,,,,,,,,,,,
702991,,13,Mario,103,,,,,,,,3,,,,,,,,,,,,,135%,135%,135%,135%,135%,135%,,,,,,,,,,,,,,,
702992,,44,Gru,103,,,,,,,,3,,,,,,,,,,,,,135%,135%,135%,135%,135%,135%,,,,,,,,,,,,,,,
702993,,53,Batman,103,,,,,,,,3,,,,,,,,,,,,,135%,135%,135%,135%,135%,135%,,,,,,,,,,,,,,,
703001,,13,Mario,103,,,,,,,,3,,,,,,,,,,,,,135%,135%,135%,135%,135%,135%,,,,,,,,,,,,,,,
703002,,44,Gru,103,,,,,,,,3,,,,,,,,,,,,,135%,135%,135%,135%,135%,135%,,,,,,,,,,,,,,,
703003,,53,Batman,103,,,,,,,,3,,,,,,,,,,,,,135%,135%,135%,135%,135%,135%,,,,,,,,,,,,,,,
703011,,13,Mario,103,,,,,,,,3,,,,,,,,,,,,,135%,135%,135%,135%,135%,135%,,,,,,,,,,,,,,,
703012,,44,Gru,103,,,,,,,,3,,,,,,,,,,,,,135%,135%,135%,135%,135%,135%,,,,,,,,,,,,,,,
703021,,53,Batman,103,,,,,,,,3,,,,,,,,,,,,,135%,135%,135%,135%,135%,135%,,,,,,,,,,,,,,,
703141,,13,Mario,103,,,,,,,,3,,,,,,,,,,,,,135%,135%,135%,135%,135%,135%,,,,,,,,,,,,,,,
703142,,44,Gru,103,,,,,,,,3,,,,,,,,,,,,,135%,135%,135%,135%,135%,135%,,,,,,,,,,,,,,,
703143,,53,Batman,103,,,,,,,,3,,,,,,,,,,,,,135%,135%,135%,135%,135%,135%,,,,,,,,,,,,,,,
703151,,13,Mario,103,,,,,,,,3,,,,,,,,,,,,,135%,135%,135%,135%,135%,135%,,,,,,,,,,,,,,,
703152,,44,Gru,103,,,,,,,,3,,,,,,,,,,,,,135%,135%,135%,135%,135%,135%,,,,,,,,,,,,,,,
703161,,53,Batman,103,,,,,,,,3,,,,,,,,,,,,,135%,135%,135%,135%,135%,135%,,,,,,,,,,,,,,,
703171,,13,Mario,103,,,,,,,,3,,,,,,,,,,,,,135%,135%,135%,135%,135%,135%,,,,,,,,,,,,,,,
703181,,44,Gru,103,,,,,,,,3,,,,,,,,,,,,,135%,135%,135%,135%,135%,135%,,,,,,,,,,,,,,,
703211,,53,Batman,103,,,,,,,,3,,,,,,,,,,,,,135%,135%,135%,135%,135%,135%,,,,,,,,,,,,,,,
703221,,13,Mario,103,,,,,,,,3,,,,,,,,,,,,,135%,135%,135%,135%,135%,135%,,,,,,,,,,,,,,,
703241,,44,Gru,103,,,,,,,,3,,,,,,,,,,,,,135%,135%,135%,135%,135%,135%,,,,,,,,,,,,,,,
703251,,53,Batman,103,,,,,,,,3,,,,,,,,,,,,,135%,135%,135%,135%,135%,135%,,,,,,,,,,,,,,,
703261,,13,Mario,103,,,,,,,,3,,,,,,,,,,,,,135%,135%,135%,135%,135%,135%,,,,,,,,,,,,,,,
703281,,44,Gru,103,,,,,,,,3,,,,,,,,,,,,,135%,135%,135%,135%,135%,135%,,,,,,,,,,,,,,,
703282,,53,Batman,103,,,,,,,,3,,,,,,,,,,,,,135%,135%,135%,135%,135%,135%,,,,,,,,,,,,,,,
703283,,13,Mario,103,,,,,,,,3,,,,,,,,,,,,,135%,135%,135%,135%,135%,135%,,,,,,,,,,,,,,,
703291,,44,Gru,103,,,,,,,,3,,,,,,,,,,,,,135%,135%,135%,135%,135%,135%,,,,,,,,,,,,,,,
703292,,53,Batman,103,,,,,,,,3,,,,,,,,,,,,,135%,135%,135%,135%,135%,135%,,,,,,,,,,,,,,,
703293,,13,Mario,103,,,,,,,,3,,,,,,,,,,,,,135%,135%,135%,135%,135%,135%,,,,,,,,,,,,,,,
703301,,44,Gru,103,,,,,,,,3,,,,,,,,,,,,,135%,135%,135%,135%,135%,135%,,,,,,,,,,,,,,,
703302,,53,Batman,103,,,,,,,,3,,,,,,,,,,,,,135%,135%,135%,135%,135%,135%,,,,,,,,,,,,,,,
703303,,13,Mario,103,,,,,,,,3,,,,,,,,,,,,,135%,135%,135%,135%,135%,135%,,,,,,,,,,,,,,,
703341,,44,Gru,103,,,,,,,,3,,,,,,,,,,,,,135%,135%,135%,135%,135%,135%,,,,,,,,,,,,,,,
703342,,53,Batman,103,,,,,,,,3,,,,,,,,,,,,,135%,135%,135%,135%,135%,135%,,,,,,,,,,,,,,,
703351,,13,Mario,103,,,,,,,,3,,,,,,,,,,,,,135%,135%,135%,135%,135%,135%,,,,,,,,,,,,,,,
703352,,44,Gru,103,,,,,,,,3,,,,,,,,,,,,,135%,135%,135%,135%,135%,135%,,,,,,,,,,,,,,,
703353,,53,Batman,103,,,,,,,,3,,,,,,,,,,,,,135%,135%,135%,135%,135%,135%,,,,,,,,,,,,,,,
703411,,13,Mario,103,,,,,,,,3,,,,,,,,,,,,,135%,135%,135%,135%,135%,135%,,,,,,,,,,,,,,,
703412,,44,Gru,103,,,,,,,,3,,,,,,,,,,,,,135%,135%,135%,135%,135%,135%,,,,,,,,,,,,,,,
703413,,53,Batman,103,,,,,,,,3,,,,,,,,,,,,,135%,135%,135%,135%,135%,135%,,,,,,,,,,,,,,,
703431,,13,Mario,103,,,,,,,,3,,,,,,,,,,,,,135%,135%,135%,135%,135%,135%,,,,,,,,,,,,,,,
703432,,44,Gru,103,,,,,,,,3,,,,,,,,,,,,,135%,135%,135%,135%,135%,135%,,,,,,,,,,,,,,,
703471,,53,Batman,103,,,,,,,,3,,,,,,,,,,,,,135%,135%,135%,135%,135%,135%,,,,,,,,,,,,,,,
703472,,13,Mario,103,,,,,,,,3,,,,,,,,,,,,,135%,135%,135%,135%,135%,135%,,,,,,,,,,,,,,,
703501,,44,Gru,103,,,,,,,,3,,,,,,,,,,,,,135%,135%,135%,135%,135%,135%,,,,,,,,,,,,,,,
703502,,53,Batman,103,,,,,,,,3,,,,,,,,,,,,,135%,135%,135%,135%,135%,135%,,,,,,,,,,,,,,,
703511,,13,Mario,103,,,,,,,,3,,,,,,,,,,,,,135%,135%,135%,135%,135%,135%,,,,,,,,,,,,,,,
703541,,44,Gru,103,,,,,,,,3,,,,,,,,,,,,,135%,135%,135%,135%,135%,135%,,,,,,,,,,,,,,,
703542,,53,Batman,103,,,,,,,,3,,,,,,,,,,,,,135%,135%,135%,135%,135%,135%,,,,,,,,,,,,,,,
703543,,13,Mario,103,,,,,,,,3,,,,,,,,,,,,,135%,135%,135%,135%,135%,135%,,,,,,,,,,,,,,,
703561,,44,Gru,103,,,,,,,,3,,,,,,,,,,,,,135%,135%,135%,135%,135%,135%,,,,,,,,,,,,,,,
703562,,53,Batman,103,,,,,,,,3,,,,,,,,,,,,,135%,135%,135%,135%,135%,135%,,,,,,,,,,,,,,,
703591,,13,Mario,103,,,,,,,,3,,,,,,,,,,,,,135%,135%,135%,135%,135%,135%,,,,,,,,,,,,,,,
703592,,44,Gru,103,,,,,,,,3,,,,,,,,,,,,,135%,135%,135%,135%,135%,135%,,,,,,,,,,,,,,,
703611,,53,Batman,103,,,,,,,,3,,,,,,,,,,,,,135%,135%,135%,135%,135%,135%,,,,,,,,,,,,,,,
703631,,13,Mario,103,,,,,,,,3,,,,,,,,,,,,,135%,135%,135%,135%,135%,135%,,,,,,,,,,,,,,,
703641,,44,Gru,103,,,,,,,,3,,,,,,,,,,,,,135%,135%,135%,135%,135%,135%,,,,,,,,,,,,,,,
703642,,53,Batman,103,,,,,,,,3,,,,,,,,,,,,,135%,135%,135%,135%,135%,135%,,,,,,,,,,,,,,,
703661,,13,Mario,103,,,,,,,,3,,,,,,,,,,,,,135%,135%,135%,135%,135%,135%,,,,,,,,,,,,,,,
703662,,44,Gru,103,,,,,,,,3,,,,,,,,,,,,,135%,135%,135%,135%,135%,135%,,,,,,,,,,,,,,,
703663,,53,Batman,103,,,,,,,,3,,,,,,,,,,,,,135%,135%,135%,135%,135%,135%,,,,,,,,,,,,,,,
703771,,13,Mario,103,,,,,,,,3,,,,,,,,,,,,,135%,135%,135%,135%,135%,135%,,,,,,,,,,,,,,,
703772,,44,Gru,103,,,,,,,,3,,,,,,,,,,,,,135%,135%,135%,135%,135%,135%,,,,,,,,,,,,,,,
703841,,53,Batman,103,,,,,,,,3,,,,,,,,,,,,,135%,135%,135%,135%,135%,135%,,,,,,,,,,,,,,,
703842,,13,Mario,103,,,,,,,,3,,,,,,,,,,,,,135%,135%,135%,135%,135%,135%,,,,,,,,,,,,,,,
703843,,44,Gru,103,,,,,,,,3,,,,,,,,,,,,,135%,135%,135%,135%,135%,135%,,,,,,,,,,,,,,,
704131,,53,Batman,103,,,,,,,,3,,,,,,,,,,,,,135%,135%,135%,135%,135%,135%,,,,,,,,,,,,,,,
704132,,13,Mario,103,,,,,,,,3,,,,,,,,,,,,,135%,135%,135%,135%,135%,135%,,,,,,,,,,,,,,,
707001,,44,Gru,103,,,,,,,,3,,,,,,,,,,,,,135%,135%,135%,135%,135%,135%,,,,,,,,,,,,,,,
709001,,53,Batman,103,,,,,,,,3,,2,,,,,,,,,,,135%,135%,135%,135%,135%,135%,,,,,,,,,,,,,,,
709002,,13,Mario,103,,,,,,,,3,,2,,,,,,,,,,,135%,135%,135%,135%,135%,135%,,,,,,,,,,,,,,,
709003,,44,Gru,103,,,,,,,,3,,2,,,,,,,,,,,135%,135%,135%,135%,135%,135%,,,,,,,,,,,,,,,
