VariableName,levelMax,card1,levelC1,star1,advance1,damageC1,specialDamageC1,defenceC1,specialDefenceC1,hpC1,card2,levelC2,star2,advance2,damageC2,specialDamageC2,defenceC2,specialDefenceC2,hpC2,card3,levelC3,star3,advance3,damageC3,specialDamageC3,defenceC3,specialDefenceC3,hpC3,card4,levelC4,star4,advance4,damageC4,specialDamageC4,defenceC4,specialDefenceC4,hpC4,card5,levelC5,star5,advance5,damageC5,specialDamageC5,defenceC5,specialDefenceC5,hpC5,card6,levelC6,star6,advance6,damageC6,specialDamageC6,defenceC6,specialDefenceC6,hpC6,card7,levelC7,star7,advance7,damageC7,specialDamageC7,defenceC7,specialDefenceC7,hpC7,card8,levelC8,star8,advance8,damageC8,specialDamageC8,defenceC8,specialDefenceC8,hpC8,card9,levelC9,star9,advance9,damageC9,specialDamageC9,defenceC9,specialDefenceC9,hpC9,card10,levelC10,star10,advance10,damageC10,specialDamageC10,defenceC10,specialDefenceC10,hpC10
Defaults,,,,,,,,,,,,,,,,,,,,,,,,,,,,,,,,,,,,,,,,,,,,,,,,,,,,,,,,,,,,,,,,,,,,,,,,,,,,,,,,,,,,,,,,,,,
ID,角色等级,卡牌id1,卡牌等级修正区间1,星级区间1,进阶区间1,物攻修正区间1,特攻修正区间1,物防修正区间1,特防修正区间1,血量修正区间1,卡牌id2,卡牌等级修正区间2,星级区间2,进阶区间2,物攻修正区间2,特攻修正区间2,物防修正区间2,特防修正区间2,血量修正区间2,卡牌id3,卡牌等级修正区间3,星级区间3,进阶区间3,物攻修正区间3,特攻修正区间3,物防修正区间3,特防修正区间3,血量修正区间3,卡牌id4,卡牌等级修正区间4,星级区间4,进阶区间4,物攻修正区间4,特攻修正区间4,物防修正区间4,特防修正区间4,血量修正区间4,卡牌id5,卡牌等级修正区间5,星级区间5,进阶区间5,物攻修正区间5,特攻修正区间5,物防修正区间5,特防修正区间5,血量修正区间5,卡牌id6,卡牌等级修正区间6,星级区间6,进阶区间6,物攻修正区间6,特攻修正区间6,物防修正区间6,特防修正区间6,血量修正区间6,卡牌id7,卡牌等级修正区间7,星级区间7,进阶区间7,物攻修正区间7,特攻修正区间7,物防修正区间7,特防修正区间7,血量修正区间7,卡牌id8,卡牌等级修正区间8,星级区间8,进阶区间8,物攻修正区间8,特攻修正区间8,物防修正区间8,特防修正区间8,血量修正区间8,卡牌id9,卡牌等级修正区间9,星级区间9,进阶区间9,物攻修正区间9,特攻修正区间9,物防修正区间9,特防修正区间9,血量修正区间9,卡牌id10,卡牌等级修正区间10,星级区间10,进阶区间10,物攻修正区间10,特攻修正区间10,物防修正区间10,特防修正区间10,血量修正区间10
1,35,44,<0.8;1>,<2;3>,<5;7>,<1.8;2.5>,<1.2;1.8>,<1.3;1.6>,<1;1.3>,<1.8;2.5>,3293,<0.7;0.9>,<2;3>,<5;7>,<1.5;2.2>,<1.2;1.8>,<1.2;1.5>,<1;1.3>,<1.5;2.2>,863,<0.7;0.9>,<2;3>,<5;7>,<1.5;2.2>,<1.2;1.8>,<1.2;1.5>,<1;1.3>,<1.5;2.2>,3171,<0.7;0.9>,<2;3>,<5;7>,<1.5;2.2>,<1.2;1.8>,<1.2;1.5>,<1;1.3>,<1.5;2.2>,731,<0.7;0.9>,<2;3>,<5;7>,<1.5;2.2>,<1.2;1.8>,<1.2;1.5>,<1;1.3>,<1.5;2.2>,1911,<0.7;0.9>,<2;3>,<5;7>,<1.5;2.2>,<1.2;1.8>,<1.2;1.5>,<1;1.3>,<1.5;2.2>,493,<0.6;0.8>,<2;3>,<4;6>,<1.2;2>,<1.2;1.8>,<1.2;1.5>,<1;1.3>,<1.2;2>,3293,<0.6;0.8>,<2;3>,<4;6>,<1.2;1.8>,<1.2;1.8>,<1;1.3>,<1;1.3>,<1.2;1.8>,972,<0.6;0.8>,<2;3>,<4;6>,<1.2;1.8>,<1.2;1.8>,<1;1.3>,<1;1.3>,<1.2;1.8>,3251,<0.6;0.8>,<2;3>,<4;6>,<1.2;1.8>,<1.2;1.8>,<1;1.3>,<1;1.3>,<1.2;1.8>
2,35,53,<0.8;1>,<2;3>,<5;7>,<1.8;2.5>,<1.2;1.8>,<1.3;1.6>,<1;1.3>,<1.8;2.5>,3342,<0.7;0.9>,<2;3>,<5;7>,<1.5;2.2>,<1.2;1.8>,<1.2;1.5>,<1;1.3>,<1.5;2.2>,883,<0.7;0.9>,<2;3>,<5;7>,<1.5;2.2>,<1.2;1.8>,<1.2;1.5>,<1;1.3>,<1.5;2.2>,3303,<0.7;0.9>,<2;3>,<5;7>,<1.5;2.2>,<1.2;1.8>,<1.2;1.5>,<1;1.3>,<1.5;2.2>,1221,<0.7;0.9>,<2;3>,<5;7>,<1.5;2.2>,<1.2;1.8>,<1.2;1.5>,<1;1.3>,<1.5;2.2>,2023,<0.7;0.9>,<2;3>,<5;7>,<1.5;2.2>,<1.2;1.8>,<1.2;1.5>,<1;1.3>,<1.5;2.2>,552,<0.6;0.8>,<2;3>,<4;6>,<1.2;2>,<1.2;1.8>,<1.2;1.5>,<1;1.3>,<1.2;2>,3342,<0.6;0.8>,<2;3>,<4;6>,<1.2;1.8>,<1.2;1.8>,<1;1.3>,<1;1.3>,<1.2;1.8>,1032,<0.6;0.8>,<2;3>,<4;6>,<1.2;1.8>,<1.2;1.8>,<1;1.3>,<1;1.3>,<1.2;1.8>,3592,<0.6;0.8>,<2;3>,<4;6>,<1.2;1.8>,<1.2;1.8>,<1;1.3>,<1;1.3>,<1.2;1.8>
3,35,82,<0.8;1>,<2;3>,<5;7>,<1.8;2.5>,<1.2;1.8>,<1.3;1.6>,<1;1.3>,<1.8;2.5>,3472,<0.7;0.9>,<2;3>,<5;7>,<1.5;2.2>,<1.2;1.8>,<1.2;1.5>,<1;1.3>,<1.5;2.2>,1082,<0.7;0.9>,<2;3>,<5;7>,<1.5;2.2>,<1.2;1.8>,<1.2;1.5>,<1;1.3>,<1.5;2.2>,3353,<0.7;0.9>,<2;3>,<5;7>,<1.5;2.2>,<1.2;1.8>,<1.2;1.5>,<1;1.3>,<1.5;2.2>,1903,<0.7;0.9>,<2;3>,<5;7>,<1.5;2.2>,<1.2;1.8>,<1.2;1.5>,<1;1.3>,<1.5;2.2>,2242,<0.7;0.9>,<2;3>,<5;7>,<1.5;2.2>,<1.2;1.8>,<1.2;1.5>,<1;1.3>,<1.5;2.2>,793,<0.6;0.8>,<2;3>,<4;6>,<1.2;2>,<1.2;1.8>,<1.2;1.5>,<1;1.3>,<1.2;2>,3472,<0.6;0.8>,<2;3>,<4;6>,<1.2;1.8>,<1.2;1.8>,<1;1.3>,<1;1.3>,<1.2;1.8>,1071,<0.6;0.8>,<2;3>,<4;6>,<1.2;1.8>,<1.2;1.8>,<1;1.3>,<1;1.3>,<1.2;1.8>,3663,<0.6;0.8>,<2;3>,<4;6>,<1.2;1.8>,<1.2;1.8>,<1;1.3>,<1;1.3>,<1.2;1.8>
4,35,692,<0.8;1>,<2;3>,<5;7>,<1.8;2.5>,<1.2;1.8>,<1.3;1.6>,<1;1.3>,<1.8;2.5>,3511,<0.7;0.9>,<2;3>,<5;7>,<1.5;2.2>,<1.2;1.8>,<1.2;1.5>,<1;1.3>,<1.5;2.2>,1293,<0.7;0.9>,<2;3>,<5;7>,<1.5;2.2>,<1.2;1.8>,<1.2;1.5>,<1;1.3>,<1.5;2.2>,3673,<0.7;0.9>,<2;3>,<5;7>,<1.5;2.2>,<1.2;1.8>,<1.2;1.5>,<1;1.3>,<1.5;2.2>,1931,<0.7;0.9>,<2;3>,<5;7>,<1.5;2.2>,<1.2;1.8>,<1.2;1.5>,<1;1.3>,<1.5;2.2>,2723,<0.7;0.9>,<2;3>,<5;7>,<1.5;2.2>,<1.2;1.8>,<1.2;1.5>,<1;1.3>,<1.5;2.2>,2013,<0.6;0.8>,<2;3>,<4;6>,<1.2;2>,<1.2;1.8>,<1.2;1.5>,<1;1.3>,<1.2;2>,3511,<0.6;0.8>,<2;3>,<4;6>,<1.2;1.8>,<1.2;1.8>,<1;1.3>,<1;1.3>,<1.2;1.8>,1253,<0.6;0.8>,<2;3>,<4;6>,<1.2;1.8>,<1.2;1.8>,<1;1.3>,<1;1.3>,<1.2;1.8>,263,<0.6;0.8>,<2;3>,<4;6>,<1.2;1.8>,<1.2;1.8>,<1;1.3>,<1;1.3>,<1.2;1.8>
5,35,2683,<0.8;1>,<2;3>,<5;7>,<1.8;2.5>,<1.2;1.8>,<1.3;1.6>,<1;1.3>,<1.8;2.5>,3683,<0.7;0.9>,<2;3>,<5;7>,<1.5;2.2>,<1.2;1.8>,<1.2;1.5>,<1;1.3>,<1.5;2.2>,1612,<0.7;0.9>,<2;3>,<5;7>,<1.5;2.2>,<1.2;1.8>,<1.2;1.5>,<1;1.3>,<1.5;2.2>,7001,<0.7;0.9>,<2;3>,<5;7>,<1.5;2.2>,<1.2;1.8>,<1.2;1.5>,<1;1.3>,<1.5;2.2>,3543,<0.7;0.9>,<2;3>,<5;7>,<1.5;2.2>,<1.2;1.8>,<1.2;1.5>,<1;1.3>,<1.5;2.2>,3003,<0.7;0.9>,<2;3>,<5;7>,<1.5;2.2>,<1.2;1.8>,<1.2;1.5>,<1;1.3>,<1.5;2.2>,2073,<0.6;0.8>,<2;3>,<4;6>,<1.2;2>,<1.2;1.8>,<1.2;1.5>,<1;1.3>,<1.2;2>,3683,<0.6;0.8>,<2;3>,<4;6>,<1.2;1.8>,<1.2;1.8>,<1;1.3>,<1;1.3>,<1.2;1.8>,1303,<0.6;0.8>,<2;3>,<4;6>,<1.2;1.8>,<1.2;1.8>,<1;1.3>,<1;1.3>,<1.2;1.8>,393,<0.6;0.8>,<2;3>,<4;6>,<1.2;1.8>,<1.2;1.8>,<1;1.3>,<1;1.3>,<1.2;1.8>
6,35,2843,<0.8;1>,<2;3>,<5;7>,<1.8;2.5>,<1.2;1.8>,<1.3;1.6>,<1;1.3>,<1.8;2.5>,731,<0.7;0.9>,<2;3>,<5;7>,<1.5;2.2>,<1.2;1.8>,<1.2;1.5>,<1;1.3>,<1.5;2.2>,2033,<0.7;0.9>,<2;3>,<5;7>,<1.5;2.2>,<1.2;1.8>,<1.2;1.5>,<1;1.3>,<1.5;2.2>,44,<0.7;0.9>,<2;3>,<5;7>,<1.5;2.2>,<1.2;1.8>,<1.2;1.5>,<1;1.3>,<1.5;2.2>,163,<0.7;0.9>,<2;3>,<5;7>,<1.5;2.2>,<1.2;1.8>,<1.2;1.5>,<1;1.3>,<1.5;2.2>,3152,<0.7;0.9>,<2;3>,<5;7>,<1.5;2.2>,<1.2;1.8>,<1.2;1.5>,<1;1.3>,<1.5;2.2>,2593,<0.6;0.8>,<2;3>,<4;6>,<1.2;2>,<1.2;1.8>,<1.2;1.5>,<1;1.3>,<1.2;2>,731,<0.6;0.8>,<2;3>,<4;6>,<1.2;1.8>,<1.2;1.8>,<1;1.3>,<1;1.3>,<1.2;1.8>,1381,<0.6;0.8>,<2;3>,<4;6>,<1.2;1.8>,<1.2;1.8>,<1;1.3>,<1;1.3>,<1.2;1.8>,572,<0.6;0.8>,<2;3>,<4;6>,<1.2;1.8>,<1.2;1.8>,<1;1.3>,<1;1.3>,<1.2;1.8>
7,35,3432,<0.8;1>,<2;3>,<5;7>,<1.8;2.5>,<1.2;1.8>,<1.3;1.6>,<1;1.3>,<1.8;2.5>,1221,<0.7;0.9>,<2;3>,<5;7>,<1.5;2.2>,<1.2;1.8>,<1.2;1.5>,<1;1.3>,<1.5;2.2>,972,<0.7;0.9>,<2;3>,<5;7>,<1.5;2.2>,<1.2;1.8>,<1.2;1.5>,<1;1.3>,<1.5;2.2>,53,<0.7;0.9>,<2;3>,<5;7>,<1.5;2.2>,<1.2;1.8>,<1.2;1.5>,<1;1.3>,<1.5;2.2>,242,<0.7;0.9>,<2;3>,<5;7>,<1.5;2.2>,<1.2;1.8>,<1.2;1.5>,<1;1.3>,<1.5;2.2>,3161,<0.7;0.9>,<2;3>,<5;7>,<1.5;2.2>,<1.2;1.8>,<1.2;1.5>,<1;1.3>,<1.5;2.2>,2612,<0.6;0.8>,<2;3>,<4;6>,<1.2;2>,<1.2;1.8>,<1.2;1.5>,<1;1.3>,<1.2;2>,1221,<0.6;0.8>,<2;3>,<4;6>,<1.2;1.8>,<1.2;1.8>,<1;1.3>,<1;1.3>,<1.2;1.8>,1772,<0.6;0.8>,<2;3>,<4;6>,<1.2;1.8>,<1.2;1.8>,<1;1.3>,<1;1.3>,<1.2;1.8>,701,<0.6;0.8>,<2;3>,<4;6>,<1.2;1.8>,<1.2;1.8>,<1;1.3>,<1;1.3>,<1.2;1.8>
8,35,3772,<0.8;1>,<2;3>,<5;7>,<1.8;2.5>,<1.2;1.8>,<1.3;1.6>,<1;1.3>,<1.8;2.5>,1903,<0.7;0.9>,<2;3>,<5;7>,<1.5;2.2>,<1.2;1.8>,<1.2;1.5>,<1;1.3>,<1.5;2.2>,1032,<0.7;0.9>,<2;3>,<5;7>,<1.5;2.2>,<1.2;1.8>,<1.2;1.5>,<1;1.3>,<1.5;2.2>,82,<0.7;0.9>,<2;3>,<5;7>,<1.5;2.2>,<1.2;1.8>,<1.2;1.5>,<1;1.3>,<1.5;2.2>,333,<0.7;0.9>,<2;3>,<5;7>,<1.5;2.2>,<1.2;1.8>,<1.2;1.5>,<1;1.3>,<1.5;2.2>,3181,<0.7;0.9>,<2;3>,<5;7>,<1.5;2.2>,<1.2;1.8>,<1.2;1.5>,<1;1.3>,<1.5;2.2>,2633,<0.6;0.8>,<2;3>,<4;6>,<1.2;2>,<1.2;1.8>,<1.2;1.5>,<1;1.3>,<1.2;2>,1903,<0.6;0.8>,<2;3>,<4;6>,<1.2;1.8>,<1.2;1.8>,<1;1.3>,<1;1.3>,<1.2;1.8>,1813,<0.6;0.8>,<2;3>,<4;6>,<1.2;1.8>,<1.2;1.8>,<1;1.3>,<1;1.3>,<1.2;1.8>,721,<0.6;0.8>,<2;3>,<4;6>,<1.2;1.8>,<1.2;1.8>,<1;1.3>,<1;1.3>,<1.2;1.8>
9,35,13,<0.8;1>,<2;3>,<5;7>,<1.8;2.5>,<1.2;1.8>,<1.3;1.6>,<1;1.3>,<1.8;2.5>,1931,<0.7;0.9>,<2;3>,<5;7>,<1.5;2.2>,<1.2;1.8>,<1.2;1.5>,<1;1.3>,<1.5;2.2>,1071,<0.7;0.9>,<2;3>,<5;7>,<1.5;2.2>,<1.2;1.8>,<1.2;1.5>,<1;1.3>,<1.5;2.2>,692,<0.7;0.9>,<2;3>,<5;7>,<1.5;2.2>,<1.2;1.8>,<1.2;1.5>,<1;1.3>,<1.5;2.2>,503,<0.7;0.9>,<2;3>,<5;7>,<1.5;2.2>,<1.2;1.8>,<1.2;1.5>,<1;1.3>,<1.5;2.2>,3251,<0.7;0.9>,<2;3>,<5;7>,<1.5;2.2>,<1.2;1.8>,<1.2;1.5>,<1;1.3>,<1.5;2.2>,2963,<0.6;0.8>,<2;3>,<4;6>,<1.2;2>,<1.2;1.8>,<1.2;1.5>,<1;1.3>,<1.2;2>,1931,<0.6;0.8>,<2;3>,<4;6>,<1.2;1.8>,<1.2;1.8>,<1;1.3>,<1;1.3>,<1.2;1.8>,1841,<0.6;0.8>,<2;3>,<4;6>,<1.2;1.8>,<1.2;1.8>,<1;1.3>,<1;1.3>,<1.2;1.8>,771,<0.6;0.8>,<2;3>,<4;6>,<1.2;1.8>,<1.2;1.8>,<1;1.3>,<1;1.3>,<1.2;1.8>
10,35,273,<0.8;1>,<2;3>,<5;7>,<1.8;2.5>,<1.2;1.8>,<1.3;1.6>,<1;1.3>,<1.8;2.5>,3543,<0.7;0.9>,<2;3>,<5;7>,<1.5;2.2>,<1.2;1.8>,<1.2;1.5>,<1;1.3>,<1.5;2.2>,1253,<0.7;0.9>,<2;3>,<5;7>,<1.5;2.2>,<1.2;1.8>,<1.2;1.5>,<1;1.3>,<1.5;2.2>,2683,<0.7;0.9>,<2;3>,<5;7>,<1.5;2.2>,<1.2;1.8>,<1.2;1.5>,<1;1.3>,<1.5;2.2>,593,<0.7;0.9>,<2;3>,<5;7>,<1.5;2.2>,<1.2;1.8>,<1.2;1.5>,<1;1.3>,<1.5;2.2>,3592,<0.7;0.9>,<2;3>,<5;7>,<1.5;2.2>,<1.2;1.8>,<1.2;1.5>,<1;1.3>,<1.5;2.2>,3283,<0.6;0.8>,<2;3>,<4;6>,<1.2;2>,<1.2;1.8>,<1.2;1.5>,<1;1.3>,<1.2;2>,3543,<0.6;0.8>,<2;3>,<4;6>,<1.2;1.8>,<1.2;1.8>,<1;1.3>,<1;1.3>,<1.2;1.8>,1911,<0.6;0.8>,<2;3>,<4;6>,<1.2;1.8>,<1.2;1.8>,<1;1.3>,<1;1.3>,<1.2;1.8>,1231,<0.6;0.8>,<2;3>,<4;6>,<1.2;1.8>,<1.2;1.8>,<1;1.3>,<1;1.3>,<1.2;1.8>
11,35,402,<0.8;1>,<2;3>,<5;7>,<1.8;2.5>,<1.2;1.8>,<1.3;1.6>,<1;1.3>,<1.8;2.5>,163,<0.7;0.9>,<2;3>,<5;7>,<1.5;2.2>,<1.2;1.8>,<1.2;1.5>,<1;1.3>,<1.5;2.2>,1303,<0.7;0.9>,<2;3>,<5;7>,<1.5;2.2>,<1.2;1.8>,<1.2;1.5>,<1;1.3>,<1.5;2.2>,2843,<0.7;0.9>,<2;3>,<5;7>,<1.5;2.2>,<1.2;1.8>,<1.2;1.5>,<1;1.3>,<1.5;2.2>,603,<0.7;0.9>,<2;3>,<5;7>,<1.5;2.2>,<1.2;1.8>,<1.2;1.5>,<1;1.3>,<1.5;2.2>,3663,<0.7;0.9>,<2;3>,<5;7>,<1.5;2.2>,<1.2;1.8>,<1.2;1.5>,<1;1.3>,<1.5;2.2>,3293,<0.6;0.8>,<2;3>,<4;6>,<1.2;2>,<1.2;1.8>,<1.2;1.5>,<1;1.3>,<1.2;2>,163,<0.6;0.8>,<2;3>,<4;6>,<1.2;1.8>,<1.2;1.8>,<1;1.3>,<1;1.3>,<1.2;1.8>,2023,<0.6;0.8>,<2;3>,<4;6>,<1.2;1.8>,<1.2;1.8>,<1;1.3>,<1;1.3>,<1.2;1.8>,1241,<0.6;0.8>,<2;3>,<4;6>,<1.2;1.8>,<1.2;1.8>,<1;1.3>,<1;1.3>,<1.2;1.8>
12,35,493,<0.8;1>,<2;3>,<5;7>,<1.8;2.5>,<1.2;1.8>,<1.3;1.6>,<1;1.3>,<1.8;2.5>,242,<0.7;0.9>,<2;3>,<5;7>,<1.5;2.2>,<1.2;1.8>,<1.2;1.5>,<1;1.3>,<1.5;2.2>,1381,<0.7;0.9>,<2;3>,<5;7>,<1.5;2.2>,<1.2;1.8>,<1.2;1.5>,<1;1.3>,<1.5;2.2>,3432,<0.7;0.9>,<2;3>,<5;7>,<1.5;2.2>,<1.2;1.8>,<1.2;1.5>,<1;1.3>,<1.5;2.2>,611,<0.7;0.9>,<2;3>,<5;7>,<1.5;2.2>,<1.2;1.8>,<1.2;1.5>,<1;1.3>,<1.5;2.2>,263,<0.7;0.9>,<2;3>,<5;7>,<1.5;2.2>,<1.2;1.8>,<1.2;1.5>,<1;1.3>,<1.5;2.2>,3342,<0.6;0.8>,<2;3>,<4;6>,<1.2;2>,<1.2;1.8>,<1.2;1.5>,<1;1.3>,<1.2;2>,242,<0.6;0.8>,<2;3>,<4;6>,<1.2;1.8>,<1.2;1.8>,<1;1.3>,<1;1.3>,<1.2;1.8>,2242,<0.6;0.8>,<2;3>,<4;6>,<1.2;1.8>,<1.2;1.8>,<1;1.3>,<1;1.3>,<1.2;1.8>,1313,<0.6;0.8>,<2;3>,<4;6>,<1.2;1.8>,<1.2;1.8>,<1;1.3>,<1;1.3>,<1.2;1.8>
13,35,552,<0.8;1>,<2;3>,<5;7>,<1.8;2.5>,<1.2;1.8>,<1.3;1.6>,<1;1.3>,<1.8;2.5>,333,<0.7;0.9>,<2;3>,<5;7>,<1.5;2.2>,<1.2;1.8>,<1.2;1.5>,<1;1.3>,<1.5;2.2>,1772,<0.7;0.9>,<2;3>,<5;7>,<1.5;2.2>,<1.2;1.8>,<1.2;1.5>,<1;1.3>,<1.5;2.2>,3772,<0.7;0.9>,<2;3>,<5;7>,<1.5;2.2>,<1.2;1.8>,<1.2;1.5>,<1;1.3>,<1.5;2.2>,631,<0.7;0.9>,<2;3>,<5;7>,<1.5;2.2>,<1.2;1.8>,<1.2;1.5>,<1;1.3>,<1.5;2.2>,393,<0.7;0.9>,<2;3>,<5;7>,<1.5;2.2>,<1.2;1.8>,<1.2;1.5>,<1;1.3>,<1.5;2.2>,3472,<0.6;0.8>,<2;3>,<4;6>,<1.2;2>,<1.2;1.8>,<1.2;1.5>,<1;1.3>,<1.2;2>,333,<0.6;0.8>,<2;3>,<4;6>,<1.2;1.8>,<1.2;1.8>,<1;1.3>,<1;1.3>,<1.2;1.8>,2723,<0.6;0.8>,<2;3>,<4;6>,<1.2;1.8>,<1.2;1.8>,<1;1.3>,<1;1.3>,<1.2;1.8>,1393,<0.6;0.8>,<2;3>,<4;6>,<1.2;1.8>,<1.2;1.8>,<1;1.3>,<1;1.3>,<1.2;1.8>
14,35,793,<0.8;1>,<2;3>,<5;7>,<1.8;2.5>,<1.2;1.8>,<1.3;1.6>,<1;1.3>,<1.8;2.5>,503,<0.7;0.9>,<2;3>,<5;7>,<1.5;2.2>,<1.2;1.8>,<1.2;1.5>,<1;1.3>,<1.5;2.2>,1813,<0.7;0.9>,<2;3>,<5;7>,<1.5;2.2>,<1.2;1.8>,<1.2;1.5>,<1;1.3>,<1.5;2.2>,13,<0.7;0.9>,<2;3>,<5;7>,<1.5;2.2>,<1.2;1.8>,<1.2;1.5>,<1;1.3>,<1.5;2.2>,641,<0.7;0.9>,<2;3>,<5;7>,<1.5;2.2>,<1.2;1.8>,<1.2;1.5>,<1;1.3>,<1.5;2.2>,572,<0.7;0.9>,<2;3>,<5;7>,<1.5;2.2>,<1.2;1.8>,<1.2;1.5>,<1;1.3>,<1.5;2.2>,3511,<0.6;0.8>,<2;3>,<4;6>,<1.2;2>,<1.2;1.8>,<1.2;1.5>,<1;1.3>,<1.2;2>,503,<0.6;0.8>,<2;3>,<4;6>,<1.2;1.8>,<1.2;1.8>,<1;1.3>,<1;1.3>,<1.2;1.8>,3003,<0.6;0.8>,<2;3>,<4;6>,<1.2;1.8>,<1.2;1.8>,<1;1.3>,<1;1.3>,<1.2;1.8>,1423,<0.6;0.8>,<2;3>,<4;6>,<1.2;1.8>,<1.2;1.8>,<1;1.3>,<1;1.3>,<1.2;1.8>
15,35,2013,<0.8;1>,<2;3>,<5;7>,<1.8;2.5>,<1.2;1.8>,<1.3;1.6>,<1;1.3>,<1.8;2.5>,593,<0.7;0.9>,<2;3>,<5;7>,<1.5;2.2>,<1.2;1.8>,<1.2;1.5>,<1;1.3>,<1.5;2.2>,1841,<0.7;0.9>,<2;3>,<5;7>,<1.5;2.2>,<1.2;1.8>,<1.2;1.5>,<1;1.3>,<1.5;2.2>,273,<0.7;0.9>,<2;3>,<5;7>,<1.5;2.2>,<1.2;1.8>,<1.2;1.5>,<1;1.3>,<1.5;2.2>,712,<0.7;0.9>,<2;3>,<5;7>,<1.5;2.2>,<1.2;1.8>,<1.2;1.5>,<1;1.3>,<1.5;2.2>,701,<0.7;0.9>,<2;3>,<5;7>,<1.5;2.2>,<1.2;1.8>,<1.2;1.5>,<1;1.3>,<1.5;2.2>,3683,<0.6;0.8>,<2;3>,<4;6>,<1.2;2>,<1.2;1.8>,<1.2;1.5>,<1;1.3>,<1.2;2>,593,<0.6;0.8>,<2;3>,<4;6>,<1.2;1.8>,<1.2;1.8>,<1;1.3>,<1;1.3>,<1.2;1.8>,3152,<0.6;0.8>,<2;3>,<4;6>,<1.2;1.8>,<1.2;1.8>,<1;1.3>,<1;1.3>,<1.2;1.8>,1503,<0.6;0.8>,<2;3>,<4;6>,<1.2;1.8>,<1.2;1.8>,<1;1.3>,<1;1.3>,<1.2;1.8>
16,35,2073,<0.8;1>,<2;3>,<5;7>,<1.8;2.5>,<1.2;1.8>,<1.3;1.6>,<1;1.3>,<1.8;2.5>,603,<0.7;0.9>,<2;3>,<5;7>,<1.5;2.2>,<1.2;1.8>,<1.2;1.5>,<1;1.3>,<1.5;2.2>,1911,<0.7;0.9>,<2;3>,<5;7>,<1.5;2.2>,<1.2;1.8>,<1.2;1.5>,<1;1.3>,<1.5;2.2>,402,<0.7;0.9>,<2;3>,<5;7>,<1.5;2.2>,<1.2;1.8>,<1.2;1.5>,<1;1.3>,<1.5;2.2>,741,<0.7;0.9>,<2;3>,<5;7>,<1.5;2.2>,<1.2;1.8>,<1.2;1.5>,<1;1.3>,<1.5;2.2>,721,<0.7;0.9>,<2;3>,<5;7>,<1.5;2.2>,<1.2;1.8>,<1.2;1.5>,<1;1.3>,<1.5;2.2>,731,<0.6;0.8>,<2;3>,<4;6>,<1.2;2>,<1.2;1.8>,<1.2;1.5>,<1;1.3>,<1.2;2>,603,<0.6;0.8>,<2;3>,<4;6>,<1.2;1.8>,<1.2;1.8>,<1;1.3>,<1;1.3>,<1.2;1.8>,3161,<0.6;0.8>,<2;3>,<4;6>,<1.2;1.8>,<1.2;1.8>,<1;1.3>,<1;1.3>,<1.2;1.8>,1893,<0.6;0.8>,<2;3>,<4;6>,<1.2;1.8>,<1.2;1.8>,<1;1.3>,<1;1.3>,<1.2;1.8>
17,35,2593,<0.8;1>,<2;3>,<5;7>,<1.8;2.5>,<1.2;1.8>,<1.3;1.6>,<1;1.3>,<1.8;2.5>,611,<0.7;0.9>,<2;3>,<5;7>,<1.5;2.2>,<1.2;1.8>,<1.2;1.5>,<1;1.3>,<1.5;2.2>,2023,<0.7;0.9>,<2;3>,<5;7>,<1.5;2.2>,<1.2;1.8>,<1.2;1.5>,<1;1.3>,<1.5;2.2>,493,<0.7;0.9>,<2;3>,<5;7>,<1.5;2.2>,<1.2;1.8>,<1.2;1.5>,<1;1.3>,<1.5;2.2>,863,<0.7;0.9>,<2;3>,<5;7>,<1.5;2.2>,<1.2;1.8>,<1.2;1.5>,<1;1.3>,<1.5;2.2>,771,<0.7;0.9>,<2;3>,<5;7>,<1.5;2.2>,<1.2;1.8>,<1.2;1.5>,<1;1.3>,<1.5;2.2>,1221,<0.6;0.8>,<2;3>,<4;6>,<1.2;2>,<1.2;1.8>,<1.2;1.5>,<1;1.3>,<1.2;2>,611,<0.6;0.8>,<2;3>,<4;6>,<1.2;1.8>,<1.2;1.8>,<1;1.3>,<1;1.3>,<1.2;1.8>,3181,<0.6;0.8>,<2;3>,<4;6>,<1.2;1.8>,<1.2;1.8>,<1;1.3>,<1;1.3>,<1.2;1.8>,1941,<0.6;0.8>,<2;3>,<4;6>,<1.2;1.8>,<1.2;1.8>,<1;1.3>,<1;1.3>,<1.2;1.8>
18,35,2612,<0.8;1>,<2;3>,<5;7>,<1.8;2.5>,<1.2;1.8>,<1.3;1.6>,<1;1.3>,<1.8;2.5>,631,<0.7;0.9>,<2;3>,<5;7>,<1.5;2.2>,<1.2;1.8>,<1.2;1.5>,<1;1.3>,<1.5;2.2>,2242,<0.7;0.9>,<2;3>,<5;7>,<1.5;2.2>,<1.2;1.8>,<1.2;1.5>,<1;1.3>,<1.5;2.2>,552,<0.7;0.9>,<2;3>,<5;7>,<1.5;2.2>,<1.2;1.8>,<1.2;1.5>,<1;1.3>,<1.5;2.2>,883,<0.7;0.9>,<2;3>,<5;7>,<1.5;2.2>,<1.2;1.8>,<1.2;1.5>,<1;1.3>,<1.5;2.2>,1231,<0.7;0.9>,<2;3>,<5;7>,<1.5;2.2>,<1.2;1.8>,<1.2;1.5>,<1;1.3>,<1.5;2.2>,1903,<0.6;0.8>,<2;3>,<4;6>,<1.2;2>,<1.2;1.8>,<1.2;1.5>,<1;1.3>,<1.2;2>,631,<0.6;0.8>,<2;3>,<4;6>,<1.2;1.8>,<1.2;1.8>,<1;1.3>,<1;1.3>,<1.2;1.8>,3251,<0.6;0.8>,<2;3>,<4;6>,<1.2;1.8>,<1.2;1.8>,<1;1.3>,<1;1.3>,<1.2;1.8>,1951,<0.6;0.8>,<2;3>,<4;6>,<1.2;1.8>,<1.2;1.8>,<1;1.3>,<1;1.3>,<1.2;1.8>
19,35,2633,<0.8;1>,<2;3>,<5;7>,<1.8;2.5>,<1.2;1.8>,<1.3;1.6>,<1;1.3>,<1.8;2.5>,641,<0.7;0.9>,<2;3>,<5;7>,<1.5;2.2>,<1.2;1.8>,<1.2;1.5>,<1;1.3>,<1.5;2.2>,2723,<0.7;0.9>,<2;3>,<5;7>,<1.5;2.2>,<1.2;1.8>,<1.2;1.5>,<1;1.3>,<1.5;2.2>,793,<0.7;0.9>,<2;3>,<5;7>,<1.5;2.2>,<1.2;1.8>,<1.2;1.5>,<1;1.3>,<1.5;2.2>,1082,<0.7;0.9>,<2;3>,<5;7>,<1.5;2.2>,<1.2;1.8>,<1.2;1.5>,<1;1.3>,<1.5;2.2>,1241,<0.7;0.9>,<2;3>,<5;7>,<1.5;2.2>,<1.2;1.8>,<1.2;1.5>,<1;1.3>,<1.5;2.2>,1931,<0.6;0.8>,<2;3>,<4;6>,<1.2;2>,<1.2;1.8>,<1.2;1.5>,<1;1.3>,<1.2;2>,641,<0.6;0.8>,<2;3>,<4;6>,<1.2;1.8>,<1.2;1.8>,<1;1.3>,<1;1.3>,<1.2;1.8>,3592,<0.6;0.8>,<2;3>,<4;6>,<1.2;1.8>,<1.2;1.8>,<1;1.3>,<1;1.3>,<1.2;1.8>,2233,<0.6;0.8>,<2;3>,<4;6>,<1.2;1.8>,<1.2;1.8>,<1;1.3>,<1;1.3>,<1.2;1.8>
20,35,2963,<0.8;1>,<2;3>,<5;7>,<1.8;2.5>,<1.2;1.8>,<1.3;1.6>,<1;1.3>,<1.8;2.5>,712,<0.7;0.9>,<2;3>,<5;7>,<1.5;2.2>,<1.2;1.8>,<1.2;1.5>,<1;1.3>,<1.5;2.2>,3003,<0.7;0.9>,<2;3>,<5;7>,<1.5;2.2>,<1.2;1.8>,<1.2;1.5>,<1;1.3>,<1.5;2.2>,2013,<0.7;0.9>,<2;3>,<5;7>,<1.5;2.2>,<1.2;1.8>,<1.2;1.5>,<1;1.3>,<1.5;2.2>,1293,<0.7;0.9>,<2;3>,<5;7>,<1.5;2.2>,<1.2;1.8>,<1.2;1.5>,<1;1.3>,<1.5;2.2>,1313,<0.7;0.9>,<2;3>,<5;7>,<1.5;2.2>,<1.2;1.8>,<1.2;1.5>,<1;1.3>,<1.5;2.2>,3543,<0.6;0.8>,<2;3>,<4;6>,<1.2;2>,<1.2;1.8>,<1.2;1.5>,<1;1.3>,<1.2;2>,712,<0.6;0.8>,<2;3>,<4;6>,<1.2;1.8>,<1.2;1.8>,<1;1.3>,<1;1.3>,<1.2;1.8>,3663,<0.6;0.8>,<2;3>,<4;6>,<1.2;1.8>,<1.2;1.8>,<1;1.3>,<1;1.3>,<1.2;1.8>,2401,<0.6;0.8>,<2;3>,<4;6>,<1.2;1.8>,<1.2;1.8>,<1;1.3>,<1;1.3>,<1.2;1.8>
21,40,3283,<0.8;1>,<2;3>,<5;7>,<1.8;2.5>,<1.2;1.8>,<1.3;1.6>,<1;1.3>,<1.8;2.5>,741,<0.7;0.9>,<2;3>,<5;7>,<1.5;2.2>,<1.2;1.8>,<1.2;1.5>,<1;1.3>,<1.5;2.2>,3152,<0.7;0.9>,<2;3>,<5;7>,<1.5;2.2>,<1.2;1.8>,<1.2;1.5>,<1;1.3>,<1.5;2.2>,2073,<0.7;0.9>,<2;3>,<5;7>,<1.5;2.2>,<1.2;1.8>,<1.2;1.5>,<1;1.3>,<1.5;2.2>,1612,<0.7;0.9>,<2;3>,<5;7>,<1.5;2.2>,<1.2;1.8>,<1.2;1.5>,<1;1.3>,<1.5;2.2>,1393,<0.7;0.9>,<2;3>,<5;7>,<1.5;2.2>,<1.2;1.8>,<1.2;1.5>,<1;1.3>,<1.5;2.2>,163,<0.6;0.8>,<2;3>,<4;6>,<1.2;2>,<1.2;1.8>,<1.2;1.5>,<1;1.3>,<1.2;2>,741,<0.6;0.8>,<2;3>,<4;6>,<1.2;1.8>,<1.2;1.8>,<1;1.3>,<1;1.3>,<1.2;1.8>,1911,<0.6;0.8>,<2;3>,<4;6>,<1.2;1.8>,<1.2;1.8>,<1;1.3>,<1;1.3>,<1.2;1.8>,2493,<0.6;0.8>,<2;3>,<4;6>,<1.2;1.8>,<1.2;1.8>,<1;1.3>,<1;1.3>,<1.2;1.8>
22,40,3293,<0.8;1>,<2;3>,<5;7>,<1.8;2.5>,<1.2;1.8>,<1.3;1.6>,<1;1.3>,<1.8;2.5>,863,<0.7;0.9>,<2;3>,<5;7>,<1.5;2.2>,<1.2;1.8>,<1.2;1.5>,<1;1.3>,<1.5;2.2>,3161,<0.7;0.9>,<2;3>,<5;7>,<1.5;2.2>,<1.2;1.8>,<1.2;1.5>,<1;1.3>,<1.5;2.2>,2593,<0.7;0.9>,<2;3>,<5;7>,<1.5;2.2>,<1.2;1.8>,<1.2;1.5>,<1;1.3>,<1.5;2.2>,2033,<0.7;0.9>,<2;3>,<5;7>,<1.5;2.2>,<1.2;1.8>,<1.2;1.5>,<1;1.3>,<1.5;2.2>,1423,<0.7;0.9>,<2;3>,<5;7>,<1.5;2.2>,<1.2;1.8>,<1.2;1.5>,<1;1.3>,<1.5;2.2>,242,<0.6;0.8>,<2;3>,<4;6>,<1.2;2>,<1.2;1.8>,<1.2;1.5>,<1;1.3>,<1.2;2>,863,<0.6;0.8>,<2;3>,<4;6>,<1.2;1.8>,<1.2;1.8>,<1;1.3>,<1;1.3>,<1.2;1.8>,2023,<0.6;0.8>,<2;3>,<4;6>,<1.2;1.8>,<1.2;1.8>,<1;1.3>,<1;1.3>,<1.2;1.8>,3021,<0.6;0.8>,<2;3>,<4;6>,<1.2;1.8>,<1.2;1.8>,<1;1.3>,<1;1.3>,<1.2;1.8>
23,40,3342,<0.8;1>,<2;3>,<5;7>,<1.8;2.5>,<1.2;1.8>,<1.3;1.6>,<1;1.3>,<1.8;2.5>,883,<0.7;0.9>,<2;3>,<5;7>,<1.5;2.2>,<1.2;1.8>,<1.2;1.5>,<1;1.3>,<1.5;2.2>,3181,<0.7;0.9>,<2;3>,<5;7>,<1.5;2.2>,<1.2;1.8>,<1.2;1.5>,<1;1.3>,<1.5;2.2>,2612,<0.7;0.9>,<2;3>,<5;7>,<1.5;2.2>,<1.2;1.8>,<1.2;1.5>,<1;1.3>,<1.5;2.2>,972,<0.7;0.9>,<2;3>,<5;7>,<1.5;2.2>,<1.2;1.8>,<1.2;1.5>,<1;1.3>,<1.5;2.2>,1503,<0.7;0.9>,<2;3>,<5;7>,<1.5;2.2>,<1.2;1.8>,<1.2;1.5>,<1;1.3>,<1.5;2.2>,333,<0.6;0.8>,<2;3>,<4;6>,<1.2;2>,<1.2;1.8>,<1.2;1.5>,<1;1.3>,<1.2;2>,883,<0.6;0.8>,<2;3>,<4;6>,<1.2;1.8>,<1.2;1.8>,<1;1.3>,<1;1.3>,<1.2;1.8>,2242,<0.6;0.8>,<2;3>,<4;6>,<1.2;1.8>,<1.2;1.8>,<1;1.3>,<1;1.3>,<1.2;1.8>,3143,<0.6;0.8>,<2;3>,<4;6>,<1.2;1.8>,<1.2;1.8>,<1;1.3>,<1;1.3>,<1.2;1.8>
24,40,3472,<0.8;1>,<2;3>,<5;7>,<1.8;2.5>,<1.2;1.8>,<1.3;1.6>,<1;1.3>,<1.8;2.5>,1082,<0.7;0.9>,<2;3>,<5;7>,<1.5;2.2>,<1.2;1.8>,<1.2;1.5>,<1;1.3>,<1.5;2.2>,3251,<0.7;0.9>,<2;3>,<5;7>,<1.5;2.2>,<1.2;1.8>,<1.2;1.5>,<1;1.3>,<1.5;2.2>,2633,<0.7;0.9>,<2;3>,<5;7>,<1.5;2.2>,<1.2;1.8>,<1.2;1.5>,<1;1.3>,<1.5;2.2>,1032,<0.7;0.9>,<2;3>,<5;7>,<1.5;2.2>,<1.2;1.8>,<1.2;1.5>,<1;1.3>,<1.5;2.2>,1893,<0.7;0.9>,<2;3>,<5;7>,<1.5;2.2>,<1.2;1.8>,<1.2;1.5>,<1;1.3>,<1.5;2.2>,503,<0.6;0.8>,<2;3>,<4;6>,<1.2;2>,<1.2;1.8>,<1.2;1.5>,<1;1.3>,<1.2;2>,1082,<0.6;0.8>,<2;3>,<4;6>,<1.2;1.8>,<1.2;1.8>,<1;1.3>,<1;1.3>,<1.2;1.8>,2723,<0.6;0.8>,<2;3>,<4;6>,<1.2;1.8>,<1.2;1.8>,<1;1.3>,<1;1.3>,<1.2;1.8>,3171,<0.6;0.8>,<2;3>,<4;6>,<1.2;1.8>,<1.2;1.8>,<1;1.3>,<1;1.3>,<1.2;1.8>
25,40,3511,<0.8;1>,<2;3>,<5;7>,<1.8;2.5>,<1.2;1.8>,<1.3;1.6>,<1;1.3>,<1.8;2.5>,1293,<0.7;0.9>,<2;3>,<5;7>,<1.5;2.2>,<1.2;1.8>,<1.2;1.5>,<1;1.3>,<1.5;2.2>,3592,<0.7;0.9>,<2;3>,<5;7>,<1.5;2.2>,<1.2;1.8>,<1.2;1.5>,<1;1.3>,<1.5;2.2>,2963,<0.7;0.9>,<2;3>,<5;7>,<1.5;2.2>,<1.2;1.8>,<1.2;1.5>,<1;1.3>,<1.5;2.2>,1071,<0.7;0.9>,<2;3>,<5;7>,<1.5;2.2>,<1.2;1.8>,<1.2;1.5>,<1;1.3>,<1.5;2.2>,1941,<0.7;0.9>,<2;3>,<5;7>,<1.5;2.2>,<1.2;1.8>,<1.2;1.5>,<1;1.3>,<1.5;2.2>,593,<0.6;0.8>,<2;3>,<4;6>,<1.2;2>,<1.2;1.8>,<1.2;1.5>,<1;1.3>,<1.2;2>,1293,<0.6;0.8>,<2;3>,<4;6>,<1.2;1.8>,<1.2;1.8>,<1;1.3>,<1;1.3>,<1.2;1.8>,3003,<0.6;0.8>,<2;3>,<4;6>,<1.2;1.8>,<1.2;1.8>,<1;1.3>,<1;1.3>,<1.2;1.8>,3303,<0.6;0.8>,<2;3>,<4;6>,<1.2;1.8>,<1.2;1.8>,<1;1.3>,<1;1.3>,<1.2;1.8>
26,40,3683,<0.8;1>,<2;3>,<5;7>,<1.8;2.5>,<1.2;1.8>,<1.3;1.6>,<1;1.3>,<1.8;2.5>,1612,<0.7;0.9>,<2;3>,<5;7>,<1.5;2.2>,<1.2;1.8>,<1.2;1.5>,<1;1.3>,<1.5;2.2>,3663,<0.7;0.9>,<2;3>,<5;7>,<1.5;2.2>,<1.2;1.8>,<1.2;1.5>,<1;1.3>,<1.5;2.2>,3283,<0.7;0.9>,<2;3>,<5;7>,<1.5;2.2>,<1.2;1.8>,<1.2;1.5>,<1;1.3>,<1.5;2.2>,1253,<0.7;0.9>,<2;3>,<5;7>,<1.5;2.2>,<1.2;1.8>,<1.2;1.5>,<1;1.3>,<1.5;2.2>,1951,<0.7;0.9>,<2;3>,<5;7>,<1.5;2.2>,<1.2;1.8>,<1.2;1.5>,<1;1.3>,<1.5;2.2>,603,<0.6;0.8>,<2;3>,<4;6>,<1.2;2>,<1.2;1.8>,<1.2;1.5>,<1;1.3>,<1.2;2>,1612,<0.6;0.8>,<2;3>,<4;6>,<1.2;1.8>,<1.2;1.8>,<1;1.3>,<1;1.3>,<1.2;1.8>,3152,<0.6;0.8>,<2;3>,<4;6>,<1.2;1.8>,<1.2;1.8>,<1;1.3>,<1;1.3>,<1.2;1.8>,3353,<0.6;0.8>,<2;3>,<4;6>,<1.2;1.8>,<1.2;1.8>,<1;1.3>,<1;1.3>,<1.2;1.8>
27,40,731,<0.8;1>,<2;3>,<5;7>,<1.8;2.5>,<1.2;1.8>,<1.3;1.6>,<1;1.3>,<1.8;2.5>,2033,<0.7;0.9>,<2;3>,<5;7>,<1.5;2.2>,<1.2;1.8>,<1.2;1.5>,<1;1.3>,<1.5;2.2>,44,<0.7;0.9>,<2;3>,<5;7>,<1.5;2.2>,<1.2;1.8>,<1.2;1.5>,<1;1.3>,<1.5;2.2>,3293,<0.7;0.9>,<2;3>,<5;7>,<1.5;2.2>,<1.2;1.8>,<1.2;1.5>,<1;1.3>,<1.5;2.2>,1303,<0.7;0.9>,<2;3>,<5;7>,<1.5;2.2>,<1.2;1.8>,<1.2;1.5>,<1;1.3>,<1.5;2.2>,2233,<0.7;0.9>,<2;3>,<5;7>,<1.5;2.2>,<1.2;1.8>,<1.2;1.5>,<1;1.3>,<1.5;2.2>,611,<0.6;0.8>,<2;3>,<4;6>,<1.2;2>,<1.2;1.8>,<1.2;1.5>,<1;1.3>,<1.2;2>,2033,<0.6;0.8>,<2;3>,<4;6>,<1.2;1.8>,<1.2;1.8>,<1;1.3>,<1;1.3>,<1.2;1.8>,3161,<0.6;0.8>,<2;3>,<4;6>,<1.2;1.8>,<1.2;1.8>,<1;1.3>,<1;1.3>,<1.2;1.8>,3673,<0.6;0.8>,<2;3>,<4;6>,<1.2;1.8>,<1.2;1.8>,<1;1.3>,<1;1.3>,<1.2;1.8>
28,40,1221,<0.8;1>,<2;3>,<5;7>,<1.8;2.5>,<1.2;1.8>,<1.3;1.6>,<1;1.3>,<1.8;2.5>,972,<0.7;0.9>,<2;3>,<5;7>,<1.5;2.2>,<1.2;1.8>,<1.2;1.5>,<1;1.3>,<1.5;2.2>,53,<0.7;0.9>,<2;3>,<5;7>,<1.5;2.2>,<1.2;1.8>,<1.2;1.5>,<1;1.3>,<1.5;2.2>,3342,<0.7;0.9>,<2;3>,<5;7>,<1.5;2.2>,<1.2;1.8>,<1.2;1.5>,<1;1.3>,<1.5;2.2>,1381,<0.7;0.9>,<2;3>,<5;7>,<1.5;2.2>,<1.2;1.8>,<1.2;1.5>,<1;1.3>,<1.5;2.2>,2401,<0.7;0.9>,<2;3>,<5;7>,<1.5;2.2>,<1.2;1.8>,<1.2;1.5>,<1;1.3>,<1.5;2.2>,631,<0.6;0.8>,<2;3>,<4;6>,<1.2;2>,<1.2;1.8>,<1.2;1.5>,<1;1.3>,<1.2;2>,972,<0.6;0.8>,<2;3>,<4;6>,<1.2;1.8>,<1.2;1.8>,<1;1.3>,<1;1.3>,<1.2;1.8>,3181,<0.6;0.8>,<2;3>,<4;6>,<1.2;1.8>,<1.2;1.8>,<1;1.3>,<1;1.3>,<1.2;1.8>,7001,<0.6;0.8>,<2;3>,<4;6>,<1.2;1.8>,<1.2;1.8>,<1;1.3>,<1;1.3>,<1.2;1.8>
29,40,1903,<0.8;1>,<2;3>,<5;7>,<1.8;2.5>,<1.2;1.8>,<1.3;1.6>,<1;1.3>,<1.8;2.5>,1032,<0.7;0.9>,<2;3>,<5;7>,<1.5;2.2>,<1.2;1.8>,<1.2;1.5>,<1;1.3>,<1.5;2.2>,82,<0.7;0.9>,<2;3>,<5;7>,<1.5;2.2>,<1.2;1.8>,<1.2;1.5>,<1;1.3>,<1.5;2.2>,3472,<0.7;0.9>,<2;3>,<5;7>,<1.5;2.2>,<1.2;1.8>,<1.2;1.5>,<1;1.3>,<1.5;2.2>,1772,<0.7;0.9>,<2;3>,<5;7>,<1.5;2.2>,<1.2;1.8>,<1.2;1.5>,<1;1.3>,<1.5;2.2>,2493,<0.7;0.9>,<2;3>,<5;7>,<1.5;2.2>,<1.2;1.8>,<1.2;1.5>,<1;1.3>,<1.5;2.2>,641,<0.6;0.8>,<2;3>,<4;6>,<1.2;2>,<1.2;1.8>,<1.2;1.5>,<1;1.3>,<1.2;2>,1032,<0.6;0.8>,<2;3>,<4;6>,<1.2;1.8>,<1.2;1.8>,<1;1.3>,<1;1.3>,<1.2;1.8>,3251,<0.6;0.8>,<2;3>,<4;6>,<1.2;1.8>,<1.2;1.8>,<1;1.3>,<1;1.3>,<1.2;1.8>,44,<0.6;0.8>,<2;3>,<4;6>,<1.2;1.8>,<1.2;1.8>,<1;1.3>,<1;1.3>,<1.2;1.8>
30,40,1931,<0.8;1>,<2;3>,<5;7>,<1.8;2.5>,<1.2;1.8>,<1.3;1.6>,<1;1.3>,<1.8;2.5>,1071,<0.7;0.9>,<2;3>,<5;7>,<1.5;2.2>,<1.2;1.8>,<1.2;1.5>,<1;1.3>,<1.5;2.2>,692,<0.7;0.9>,<2;3>,<5;7>,<1.5;2.2>,<1.2;1.8>,<1.2;1.5>,<1;1.3>,<1.5;2.2>,3511,<0.7;0.9>,<2;3>,<5;7>,<1.5;2.2>,<1.2;1.8>,<1.2;1.5>,<1;1.3>,<1.5;2.2>,1813,<0.7;0.9>,<2;3>,<5;7>,<1.5;2.2>,<1.2;1.8>,<1.2;1.5>,<1;1.3>,<1.5;2.2>,3021,<0.7;0.9>,<2;3>,<5;7>,<1.5;2.2>,<1.2;1.8>,<1.2;1.5>,<1;1.3>,<1.5;2.2>,712,<0.6;0.8>,<2;3>,<4;6>,<1.2;2>,<1.2;1.8>,<1.2;1.5>,<1;1.3>,<1.2;2>,1071,<0.6;0.8>,<2;3>,<4;6>,<1.2;1.8>,<1.2;1.8>,<1;1.3>,<1;1.3>,<1.2;1.8>,3592,<0.6;0.8>,<2;3>,<4;6>,<1.2;1.8>,<1.2;1.8>,<1;1.3>,<1;1.3>,<1.2;1.8>,53,<0.6;0.8>,<2;3>,<4;6>,<1.2;1.8>,<1.2;1.8>,<1;1.3>,<1;1.3>,<1.2;1.8>
31,40,3543,<0.8;1>,<2;3>,<5;7>,<1.8;2.5>,<1.2;1.8>,<1.3;1.6>,<1;1.3>,<1.8;2.5>,1253,<0.7;0.9>,<2;3>,<5;7>,<1.5;2.2>,<1.2;1.8>,<1.2;1.5>,<1;1.3>,<1.5;2.2>,2683,<0.7;0.9>,<2;3>,<5;7>,<1.5;2.2>,<1.2;1.8>,<1.2;1.5>,<1;1.3>,<1.5;2.2>,3683,<0.7;0.9>,<2;3>,<5;7>,<1.5;2.2>,<1.2;1.8>,<1.2;1.5>,<1;1.3>,<1.5;2.2>,1841,<0.7;0.9>,<2;3>,<5;7>,<1.5;2.2>,<1.2;1.8>,<1.2;1.5>,<1;1.3>,<1.5;2.2>,3143,<0.7;0.9>,<2;3>,<5;7>,<1.5;2.2>,<1.2;1.8>,<1.2;1.5>,<1;1.3>,<1.5;2.2>,741,<0.6;0.8>,<2;3>,<4;6>,<1.2;2>,<1.2;1.8>,<1.2;1.5>,<1;1.3>,<1.2;2>,1253,<0.6;0.8>,<2;3>,<4;6>,<1.2;1.8>,<1.2;1.8>,<1;1.3>,<1;1.3>,<1.2;1.8>,3663,<0.6;0.8>,<2;3>,<4;6>,<1.2;1.8>,<1.2;1.8>,<1;1.3>,<1;1.3>,<1.2;1.8>,82,<0.6;0.8>,<2;3>,<4;6>,<1.2;1.8>,<1.2;1.8>,<1;1.3>,<1;1.3>,<1.2;1.8>
32,40,163,<0.8;1>,<2;3>,<5;7>,<1.8;2.5>,<1.2;1.8>,<1.3;1.6>,<1;1.3>,<1.8;2.5>,1303,<0.7;0.9>,<2;3>,<5;7>,<1.5;2.2>,<1.2;1.8>,<1.2;1.5>,<1;1.3>,<1.5;2.2>,2843,<0.7;0.9>,<2;3>,<5;7>,<1.5;2.2>,<1.2;1.8>,<1.2;1.5>,<1;1.3>,<1.5;2.2>,731,<0.7;0.9>,<2;3>,<5;7>,<1.5;2.2>,<1.2;1.8>,<1.2;1.5>,<1;1.3>,<1.5;2.2>,1911,<0.7;0.9>,<2;3>,<5;7>,<1.5;2.2>,<1.2;1.8>,<1.2;1.5>,<1;1.3>,<1.5;2.2>,3171,<0.7;0.9>,<2;3>,<5;7>,<1.5;2.2>,<1.2;1.8>,<1.2;1.5>,<1;1.3>,<1.5;2.2>,863,<0.6;0.8>,<2;3>,<4;6>,<1.2;2>,<1.2;1.8>,<1.2;1.5>,<1;1.3>,<1.2;2>,1303,<0.6;0.8>,<2;3>,<4;6>,<1.2;1.8>,<1.2;1.8>,<1;1.3>,<1;1.3>,<1.2;1.8>,263,<0.6;0.8>,<2;3>,<4;6>,<1.2;1.8>,<1.2;1.8>,<1;1.3>,<1;1.3>,<1.2;1.8>,692,<0.6;0.8>,<2;3>,<4;6>,<1.2;1.8>,<1.2;1.8>,<1;1.3>,<1;1.3>,<1.2;1.8>
33,40,242,<0.8;1>,<2;3>,<5;7>,<1.8;2.5>,<1.2;1.8>,<1.3;1.6>,<1;1.3>,<1.8;2.5>,1381,<0.7;0.9>,<2;3>,<5;7>,<1.5;2.2>,<1.2;1.8>,<1.2;1.5>,<1;1.3>,<1.5;2.2>,3432,<0.7;0.9>,<2;3>,<5;7>,<1.5;2.2>,<1.2;1.8>,<1.2;1.5>,<1;1.3>,<1.5;2.2>,1221,<0.7;0.9>,<2;3>,<5;7>,<1.5;2.2>,<1.2;1.8>,<1.2;1.5>,<1;1.3>,<1.5;2.2>,2023,<0.7;0.9>,<2;3>,<5;7>,<1.5;2.2>,<1.2;1.8>,<1.2;1.5>,<1;1.3>,<1.5;2.2>,3303,<0.7;0.9>,<2;3>,<5;7>,<1.5;2.2>,<1.2;1.8>,<1.2;1.5>,<1;1.3>,<1.5;2.2>,883,<0.7;0.9>,<2;3>,<5;7>,<1.5;2.2>,<1.2;1.8>,<1.2;1.5>,<1;1.3>,<1.5;2.2>,1381,<0.6;0.8>,<2;3>,<4;6>,<1.2;2>,<1.2;1.8>,<1.2;1.5>,<1;1.3>,<1.2;2>,393,<0.6;0.8>,<2;3>,<4;6>,<1.2;1.8>,<1.2;1.8>,<1;1.3>,<1;1.3>,<1.2;1.8>,2683,<0.6;0.8>,<2;3>,<4;6>,<1.2;1.8>,<1.2;1.8>,<1;1.3>,<1;1.3>,<1.2;1.8>
34,40,333,<0.8;1>,<2;3>,<5;7>,<1.8;2.5>,<1.2;1.8>,<1.3;1.6>,<1;1.3>,<1.8;2.5>,1772,<0.7;0.9>,<2;3>,<5;7>,<1.5;2.2>,<1.2;1.8>,<1.2;1.5>,<1;1.3>,<1.5;2.2>,3772,<0.7;0.9>,<2;3>,<5;7>,<1.5;2.2>,<1.2;1.8>,<1.2;1.5>,<1;1.3>,<1.5;2.2>,1903,<0.7;0.9>,<2;3>,<5;7>,<1.5;2.2>,<1.2;1.8>,<1.2;1.5>,<1;1.3>,<1.5;2.2>,2242,<0.7;0.9>,<2;3>,<5;7>,<1.5;2.2>,<1.2;1.8>,<1.2;1.5>,<1;1.3>,<1.5;2.2>,3353,<0.7;0.9>,<2;3>,<5;7>,<1.5;2.2>,<1.2;1.8>,<1.2;1.5>,<1;1.3>,<1.5;2.2>,1082,<0.6;0.8>,<2;3>,<4;6>,<1.2;2>,<1.2;1.8>,<1.2;1.5>,<1;1.3>,<1.2;2>,1772,<0.6;0.8>,<2;3>,<4;6>,<1.2;1.8>,<1.2;1.8>,<1;1.3>,<1;1.3>,<1.2;1.8>,572,<0.6;0.8>,<2;3>,<4;6>,<1.2;1.8>,<1.2;1.8>,<1;1.3>,<1;1.3>,<1.2;1.8>,2843,<0.6;0.8>,<2;3>,<4;6>,<1.2;1.8>,<1.2;1.8>,<1;1.3>,<1;1.3>,<1.2;1.8>
35,40,503,<0.8;1>,<2;3>,<5;7>,<1.8;2.5>,<1.2;1.8>,<1.3;1.6>,<1;1.3>,<1.8;2.5>,1813,<0.7;0.9>,<2;3>,<5;7>,<1.5;2.2>,<1.2;1.8>,<1.2;1.5>,<1;1.3>,<1.5;2.2>,13,<0.7;0.9>,<2;3>,<5;7>,<1.5;2.2>,<1.2;1.8>,<1.2;1.5>,<1;1.3>,<1.5;2.2>,1931,<0.7;0.9>,<2;3>,<5;7>,<1.5;2.2>,<1.2;1.8>,<1.2;1.5>,<1;1.3>,<1.5;2.2>,2723,<0.7;0.9>,<2;3>,<5;7>,<1.5;2.2>,<1.2;1.8>,<1.2;1.5>,<1;1.3>,<1.5;2.2>,3673,<0.7;0.9>,<2;3>,<5;7>,<1.5;2.2>,<1.2;1.8>,<1.2;1.5>,<1;1.3>,<1.5;2.2>,1293,<0.6;0.8>,<2;3>,<4;6>,<1.2;2>,<1.2;1.8>,<1.2;1.5>,<1;1.3>,<1.2;2>,1813,<0.6;0.8>,<2;3>,<4;6>,<1.2;1.8>,<1.2;1.8>,<1;1.3>,<1;1.3>,<1.2;1.8>,701,<0.6;0.8>,<2;3>,<4;6>,<1.2;1.8>,<1.2;1.8>,<1;1.3>,<1;1.3>,<1.2;1.8>,3432,<0.6;0.8>,<2;3>,<4;6>,<1.2;1.8>,<1.2;1.8>,<1;1.3>,<1;1.3>,<1.2;1.8>
36,40,593,<0.8;1>,<2;3>,<5;7>,<1.8;2.5>,<1.2;1.8>,<1.3;1.6>,<1;1.3>,<1.8;2.5>,1841,<0.7;0.9>,<2;3>,<5;7>,<1.5;2.2>,<1.2;1.8>,<1.2;1.5>,<1;1.3>,<1.5;2.2>,273,<0.7;0.9>,<2;3>,<5;7>,<1.5;2.2>,<1.2;1.8>,<1.2;1.5>,<1;1.3>,<1.5;2.2>,3543,<0.7;0.9>,<2;3>,<5;7>,<1.5;2.2>,<1.2;1.8>,<1.2;1.5>,<1;1.3>,<1.5;2.2>,3003,<0.7;0.9>,<2;3>,<5;7>,<1.5;2.2>,<1.2;1.8>,<1.2;1.5>,<1;1.3>,<1.5;2.2>,7001,<0.7;0.9>,<2;3>,<5;7>,<1.5;2.2>,<1.2;1.8>,<1.2;1.5>,<1;1.3>,<1.5;2.2>,1612,<0.6;0.8>,<2;3>,<4;6>,<1.2;2>,<1.2;1.8>,<1.2;1.5>,<1;1.3>,<1.2;2>,1841,<0.6;0.8>,<2;3>,<4;6>,<1.2;1.8>,<1.2;1.8>,<1;1.3>,<1;1.3>,<1.2;1.8>,721,<0.6;0.8>,<2;3>,<4;6>,<1.2;1.8>,<1.2;1.8>,<1;1.3>,<1;1.3>,<1.2;1.8>,3772,<0.6;0.8>,<2;3>,<4;6>,<1.2;1.8>,<1.2;1.8>,<1;1.3>,<1;1.3>,<1.2;1.8>
37,40,603,<0.8;1>,<2;3>,<5;7>,<1.8;2.5>,<1.2;1.8>,<1.3;1.6>,<1;1.3>,<1.8;2.5>,1911,<0.7;0.9>,<2;3>,<5;7>,<1.5;2.2>,<1.2;1.8>,<1.2;1.5>,<1;1.3>,<1.5;2.2>,402,<0.7;0.9>,<2;3>,<5;7>,<1.5;2.2>,<1.2;1.8>,<1.2;1.5>,<1;1.3>,<1.5;2.2>,163,<0.7;0.9>,<2;3>,<5;7>,<1.5;2.2>,<1.2;1.8>,<1.2;1.5>,<1;1.3>,<1.5;2.2>,3152,<0.7;0.9>,<2;3>,<5;7>,<1.5;2.2>,<1.2;1.8>,<1.2;1.5>,<1;1.3>,<1.5;2.2>,44,<0.7;0.9>,<2;3>,<5;7>,<1.5;2.2>,<1.2;1.8>,<1.2;1.5>,<1;1.3>,<1.5;2.2>,2033,<0.6;0.8>,<2;3>,<4;6>,<1.2;2>,<1.2;1.8>,<1.2;1.5>,<1;1.3>,<1.2;2>,1911,<0.6;0.8>,<2;3>,<4;6>,<1.2;1.8>,<1.2;1.8>,<1;1.3>,<1;1.3>,<1.2;1.8>,771,<0.6;0.8>,<2;3>,<4;6>,<1.2;1.8>,<1.2;1.8>,<1;1.3>,<1;1.3>,<1.2;1.8>,13,<0.6;0.8>,<2;3>,<4;6>,<1.2;1.8>,<1.2;1.8>,<1;1.3>,<1;1.3>,<1.2;1.8>
38,40,611,<0.8;1>,<2;3>,<5;7>,<1.8;2.5>,<1.2;1.8>,<1.3;1.6>,<1;1.3>,<1.8;2.5>,2023,<0.7;0.9>,<2;3>,<5;7>,<1.5;2.2>,<1.2;1.8>,<1.2;1.5>,<1;1.3>,<1.5;2.2>,493,<0.7;0.9>,<2;3>,<5;7>,<1.5;2.2>,<1.2;1.8>,<1.2;1.5>,<1;1.3>,<1.5;2.2>,242,<0.7;0.9>,<2;3>,<5;7>,<1.5;2.2>,<1.2;1.8>,<1.2;1.5>,<1;1.3>,<1.5;2.2>,3161,<0.7;0.9>,<2;3>,<5;7>,<1.5;2.2>,<1.2;1.8>,<1.2;1.5>,<1;1.3>,<1.5;2.2>,53,<0.7;0.9>,<2;3>,<5;7>,<1.5;2.2>,<1.2;1.8>,<1.2;1.5>,<1;1.3>,<1.5;2.2>,972,<0.6;0.8>,<2;3>,<4;6>,<1.2;2>,<1.2;1.8>,<1.2;1.5>,<1;1.3>,<1.2;2>,2023,<0.6;0.8>,<2;3>,<4;6>,<1.2;1.8>,<1.2;1.8>,<1;1.3>,<1;1.3>,<1.2;1.8>,1231,<0.6;0.8>,<2;3>,<4;6>,<1.2;1.8>,<1.2;1.8>,<1;1.3>,<1;1.3>,<1.2;1.8>,273,<0.6;0.8>,<2;3>,<4;6>,<1.2;1.8>,<1.2;1.8>,<1;1.3>,<1;1.3>,<1.2;1.8>
39,40,631,<0.8;1>,<2;3>,<5;7>,<1.8;2.5>,<1.2;1.8>,<1.3;1.6>,<1;1.3>,<1.8;2.5>,2242,<0.7;0.9>,<2;3>,<5;7>,<1.5;2.2>,<1.2;1.8>,<1.2;1.5>,<1;1.3>,<1.5;2.2>,552,<0.7;0.9>,<2;3>,<5;7>,<1.5;2.2>,<1.2;1.8>,<1.2;1.5>,<1;1.3>,<1.5;2.2>,333,<0.7;0.9>,<2;3>,<5;7>,<1.5;2.2>,<1.2;1.8>,<1.2;1.5>,<1;1.3>,<1.5;2.2>,3181,<0.7;0.9>,<2;3>,<5;7>,<1.5;2.2>,<1.2;1.8>,<1.2;1.5>,<1;1.3>,<1.5;2.2>,82,<0.7;0.9>,<2;3>,<5;7>,<1.5;2.2>,<1.2;1.8>,<1.2;1.5>,<1;1.3>,<1.5;2.2>,1032,<0.6;0.8>,<2;3>,<4;6>,<1.2;2>,<1.2;1.8>,<1.2;1.5>,<1;1.3>,<1.2;2>,2242,<0.6;0.8>,<2;3>,<4;6>,<1.2;1.8>,<1.2;1.8>,<1;1.3>,<1;1.3>,<1.2;1.8>,1241,<0.6;0.8>,<2;3>,<4;6>,<1.2;1.8>,<1.2;1.8>,<1;1.3>,<1;1.3>,<1.2;1.8>,402,<0.6;0.8>,<2;3>,<4;6>,<1.2;1.8>,<1.2;1.8>,<1;1.3>,<1;1.3>,<1.2;1.8>
40,40,641,<0.8;1>,<2;3>,<5;7>,<1.8;2.5>,<1.2;1.8>,<1.3;1.6>,<1;1.3>,<1.8;2.5>,2723,<0.7;0.9>,<2;3>,<5;7>,<1.5;2.2>,<1.2;1.8>,<1.2;1.5>,<1;1.3>,<1.5;2.2>,793,<0.7;0.9>,<2;3>,<5;7>,<1.5;2.2>,<1.2;1.8>,<1.2;1.5>,<1;1.3>,<1.5;2.2>,503,<0.7;0.9>,<2;3>,<5;7>,<1.5;2.2>,<1.2;1.8>,<1.2;1.5>,<1;1.3>,<1.5;2.2>,3251,<0.7;0.9>,<2;3>,<5;7>,<1.5;2.2>,<1.2;1.8>,<1.2;1.5>,<1;1.3>,<1.5;2.2>,692,<0.7;0.9>,<2;3>,<5;7>,<1.5;2.2>,<1.2;1.8>,<1.2;1.5>,<1;1.3>,<1.5;2.2>,1071,<0.6;0.8>,<2;3>,<4;6>,<1.2;2>,<1.2;1.8>,<1.2;1.5>,<1;1.3>,<1.2;2>,2723,<0.6;0.8>,<2;3>,<4;6>,<1.2;1.8>,<1.2;1.8>,<1;1.3>,<1;1.3>,<1.2;1.8>,1313,<0.6;0.8>,<2;3>,<4;6>,<1.2;1.8>,<1.2;1.8>,<1;1.3>,<1;1.3>,<1.2;1.8>,493,<0.6;0.8>,<2;3>,<4;6>,<1.2;1.8>,<1.2;1.8>,<1;1.3>,<1;1.3>,<1.2;1.8>
41,45,712,<0.8;1>,<2;3>,<6;8>,<1.8;2.5>,<1.2;1.8>,<1.3;1.6>,<1;1.3>,<1.8;2.5>,3003,<0.7;0.9>,<2;3>,<5;7>,<1.5;2.2>,<1.2;1.8>,<1.2;1.5>,<1;1.3>,<1.5;2.2>,2013,<0.7;0.9>,<2;3>,<5;7>,<1.5;2.2>,<1.2;1.8>,<1.2;1.5>,<1;1.3>,<1.5;2.2>,593,<0.7;0.9>,<2;3>,<5;7>,<1.5;2.2>,<1.2;1.8>,<1.2;1.5>,<1;1.3>,<1.5;2.2>,3592,<0.7;0.9>,<2;3>,<5;7>,<1.5;2.2>,<1.2;1.8>,<1.2;1.5>,<1;1.3>,<1.5;2.2>,2683,<0.7;0.9>,<2;3>,<5;7>,<1.5;2.2>,<1.2;1.8>,<1.2;1.5>,<1;1.3>,<1.5;2.2>,1253,<0.6;0.8>,<2;3>,<4;6>,<1.2;2>,<1.2;1.8>,<1.2;1.5>,<1;1.3>,<1.2;2>,3003,<0.6;0.8>,<2;3>,<4;6>,<1.2;1.8>,<1.2;1.8>,<1;1.3>,<1;1.3>,<1.2;1.8>,1393,<0.6;0.8>,<2;3>,<4;6>,<1.2;1.8>,<1.2;1.8>,<1;1.3>,<1;1.3>,<1.2;1.8>,552,<0.6;0.8>,<2;3>,<4;6>,<1.2;1.8>,<1.2;1.8>,<1;1.3>,<1;1.3>,<1.2;1.8>
42,45,741,<0.8;1>,<2;3>,<6;8>,<1.8;2.5>,<1.2;1.8>,<1.3;1.6>,<1;1.3>,<1.8;2.5>,3152,<0.7;0.9>,<2;3>,<5;7>,<1.5;2.2>,<1.2;1.8>,<1.2;1.5>,<1;1.3>,<1.5;2.2>,2073,<0.7;0.9>,<2;3>,<5;7>,<1.5;2.2>,<1.2;1.8>,<1.2;1.5>,<1;1.3>,<1.5;2.2>,603,<0.7;0.9>,<2;3>,<5;7>,<1.5;2.2>,<1.2;1.8>,<1.2;1.5>,<1;1.3>,<1.5;2.2>,3663,<0.7;0.9>,<2;3>,<5;7>,<1.5;2.2>,<1.2;1.8>,<1.2;1.5>,<1;1.3>,<1.5;2.2>,2843,<0.7;0.9>,<2;3>,<5;7>,<1.5;2.2>,<1.2;1.8>,<1.2;1.5>,<1;1.3>,<1.5;2.2>,1303,<0.6;0.8>,<2;3>,<4;6>,<1.2;2>,<1.2;1.8>,<1.2;1.5>,<1;1.3>,<1.2;2>,3152,<0.6;0.8>,<2;3>,<4;6>,<1.2;1.8>,<1.2;1.8>,<1;1.3>,<1;1.3>,<1.2;1.8>,1423,<0.6;0.8>,<2;3>,<4;6>,<1.2;1.8>,<1.2;1.8>,<1;1.3>,<1;1.3>,<1.2;1.8>,793,<0.6;0.8>,<2;3>,<4;6>,<1.2;1.8>,<1.2;1.8>,<1;1.3>,<1;1.3>,<1.2;1.8>
43,45,863,<0.8;1>,<2;3>,<6;8>,<1.8;2.5>,<1.2;1.8>,<1.3;1.6>,<1;1.3>,<1.8;2.5>,3161,<0.7;0.9>,<2;3>,<5;7>,<1.5;2.2>,<1.2;1.8>,<1.2;1.5>,<1;1.3>,<1.5;2.2>,2593,<0.7;0.9>,<2;3>,<5;7>,<1.5;2.2>,<1.2;1.8>,<1.2;1.5>,<1;1.3>,<1.5;2.2>,611,<0.7;0.9>,<2;3>,<5;7>,<1.5;2.2>,<1.2;1.8>,<1.2;1.5>,<1;1.3>,<1.5;2.2>,263,<0.7;0.9>,<2;3>,<5;7>,<1.5;2.2>,<1.2;1.8>,<1.2;1.5>,<1;1.3>,<1.5;2.2>,3432,<0.7;0.9>,<2;3>,<5;7>,<1.5;2.2>,<1.2;1.8>,<1.2;1.5>,<1;1.3>,<1.5;2.2>,1381,<0.6;0.8>,<2;3>,<4;6>,<1.2;2>,<1.2;1.8>,<1.2;1.5>,<1;1.3>,<1.2;2>,3161,<0.6;0.8>,<2;3>,<4;6>,<1.2;1.8>,<1.2;1.8>,<1;1.3>,<1;1.3>,<1.2;1.8>,1503,<0.6;0.8>,<2;3>,<4;6>,<1.2;1.8>,<1.2;1.8>,<1;1.3>,<1;1.3>,<1.2;1.8>,2013,<0.6;0.8>,<2;3>,<4;6>,<1.2;1.8>,<1.2;1.8>,<1;1.3>,<1;1.3>,<1.2;1.8>
44,45,883,<0.8;1>,<2;3>,<6;8>,<1.8;2.5>,<1.2;1.8>,<1.3;1.6>,<1;1.3>,<1.8;2.5>,3181,<0.7;0.9>,<2;3>,<5;7>,<1.5;2.2>,<1.2;1.8>,<1.2;1.5>,<1;1.3>,<1.5;2.2>,2612,<0.7;0.9>,<2;3>,<5;7>,<1.5;2.2>,<1.2;1.8>,<1.2;1.5>,<1;1.3>,<1.5;2.2>,631,<0.7;0.9>,<2;3>,<5;7>,<1.5;2.2>,<1.2;1.8>,<1.2;1.5>,<1;1.3>,<1.5;2.2>,393,<0.7;0.9>,<2;3>,<5;7>,<1.5;2.2>,<1.2;1.8>,<1.2;1.5>,<1;1.3>,<1.5;2.2>,3772,<0.7;0.9>,<2;3>,<5;7>,<1.5;2.2>,<1.2;1.8>,<1.2;1.5>,<1;1.3>,<1.5;2.2>,1772,<0.6;0.8>,<2;3>,<4;6>,<1.2;2>,<1.2;1.8>,<1.2;1.5>,<1;1.3>,<1.2;2>,3181,<0.6;0.8>,<2;3>,<4;6>,<1.2;1.8>,<1.2;1.8>,<1;1.3>,<1;1.3>,<1.2;1.8>,1893,<0.6;0.8>,<2;3>,<4;6>,<1.2;1.8>,<1.2;1.8>,<1;1.3>,<1;1.3>,<1.2;1.8>,2073,<0.6;0.8>,<2;3>,<4;6>,<1.2;1.8>,<1.2;1.8>,<1;1.3>,<1;1.3>,<1.2;1.8>
45,45,1082,<0.8;1>,<2;3>,<6;8>,<1.8;2.5>,<1.2;1.8>,<1.3;1.6>,<1;1.3>,<1.8;2.5>,3251,<0.7;0.9>,<2;3>,<5;7>,<1.5;2.2>,<1.2;1.8>,<1.2;1.5>,<1;1.3>,<1.5;2.2>,2633,<0.7;0.9>,<2;3>,<5;7>,<1.5;2.2>,<1.2;1.8>,<1.2;1.5>,<1;1.3>,<1.5;2.2>,641,<0.7;0.9>,<2;3>,<5;7>,<1.5;2.2>,<1.2;1.8>,<1.2;1.5>,<1;1.3>,<1.5;2.2>,572,<0.7;0.9>,<2;3>,<5;7>,<1.5;2.2>,<1.2;1.8>,<1.2;1.5>,<1;1.3>,<1.5;2.2>,13,<0.7;0.9>,<2;3>,<5;7>,<1.5;2.2>,<1.2;1.8>,<1.2;1.5>,<1;1.3>,<1.5;2.2>,1813,<0.6;0.8>,<2;3>,<4;6>,<1.2;2>,<1.2;1.8>,<1.2;1.5>,<1;1.3>,<1.2;2>,3251,<0.6;0.8>,<2;3>,<4;6>,<1.2;1.8>,<1.2;1.8>,<1;1.3>,<1;1.3>,<1.2;1.8>,1941,<0.6;0.8>,<2;3>,<4;6>,<1.2;1.8>,<1.2;1.8>,<1;1.3>,<1;1.3>,<1.2;1.8>,2593,<0.6;0.8>,<2;3>,<4;6>,<1.2;1.8>,<1.2;1.8>,<1;1.3>,<1;1.3>,<1.2;1.8>
46,45,1293,<0.8;1>,<2;3>,<6;8>,<1.8;2.5>,<1.2;1.8>,<1.3;1.6>,<1;1.3>,<1.8;2.5>,3592,<0.7;0.9>,<2;3>,<5;7>,<1.5;2.2>,<1.2;1.8>,<1.2;1.5>,<1;1.3>,<1.5;2.2>,2963,<0.7;0.9>,<2;3>,<5;7>,<1.5;2.2>,<1.2;1.8>,<1.2;1.5>,<1;1.3>,<1.5;2.2>,712,<0.7;0.9>,<2;3>,<5;7>,<1.5;2.2>,<1.2;1.8>,<1.2;1.5>,<1;1.3>,<1.5;2.2>,701,<0.7;0.9>,<2;3>,<5;7>,<1.5;2.2>,<1.2;1.8>,<1.2;1.5>,<1;1.3>,<1.5;2.2>,273,<0.7;0.9>,<2;3>,<5;7>,<1.5;2.2>,<1.2;1.8>,<1.2;1.5>,<1;1.3>,<1.5;2.2>,1841,<0.6;0.8>,<2;3>,<4;6>,<1.2;2>,<1.2;1.8>,<1.2;1.5>,<1;1.3>,<1.2;2>,3592,<0.6;0.8>,<2;3>,<4;6>,<1.2;1.8>,<1.2;1.8>,<1;1.3>,<1;1.3>,<1.2;1.8>,1951,<0.6;0.8>,<2;3>,<4;6>,<1.2;1.8>,<1.2;1.8>,<1;1.3>,<1;1.3>,<1.2;1.8>,2612,<0.6;0.8>,<2;3>,<4;6>,<1.2;1.8>,<1.2;1.8>,<1;1.3>,<1;1.3>,<1.2;1.8>
47,45,1612,<0.8;1>,<2;3>,<6;8>,<1.8;2.5>,<1.2;1.8>,<1.3;1.6>,<1;1.3>,<1.8;2.5>,3663,<0.7;0.9>,<2;3>,<5;7>,<1.5;2.2>,<1.2;1.8>,<1.2;1.5>,<1;1.3>,<1.5;2.2>,3283,<0.7;0.9>,<2;3>,<5;7>,<1.5;2.2>,<1.2;1.8>,<1.2;1.5>,<1;1.3>,<1.5;2.2>,741,<0.7;0.9>,<2;3>,<5;7>,<1.5;2.2>,<1.2;1.8>,<1.2;1.5>,<1;1.3>,<1.5;2.2>,721,<0.7;0.9>,<2;3>,<5;7>,<1.5;2.2>,<1.2;1.8>,<1.2;1.5>,<1;1.3>,<1.5;2.2>,402,<0.7;0.9>,<2;3>,<5;7>,<1.5;2.2>,<1.2;1.8>,<1.2;1.5>,<1;1.3>,<1.5;2.2>,1911,<0.6;0.8>,<2;3>,<4;6>,<1.2;2>,<1.2;1.8>,<1.2;1.5>,<1;1.3>,<1.2;2>,3663,<0.6;0.8>,<2;3>,<4;6>,<1.2;1.8>,<1.2;1.8>,<1;1.3>,<1;1.3>,<1.2;1.8>,2233,<0.6;0.8>,<2;3>,<4;6>,<1.2;1.8>,<1.2;1.8>,<1;1.3>,<1;1.3>,<1.2;1.8>,2633,<0.6;0.8>,<2;3>,<4;6>,<1.2;1.8>,<1.2;1.8>,<1;1.3>,<1;1.3>,<1.2;1.8>
48,45,2033,<0.8;1>,<2;3>,<6;8>,<1.8;2.5>,<1.2;1.8>,<1.3;1.6>,<1;1.3>,<1.8;2.5>,263,<0.7;0.9>,<2;3>,<5;7>,<1.5;2.2>,<1.2;1.8>,<1.2;1.5>,<1;1.3>,<1.5;2.2>,3293,<0.7;0.9>,<2;3>,<5;7>,<1.5;2.2>,<1.2;1.8>,<1.2;1.5>,<1;1.3>,<1.5;2.2>,863,<0.7;0.9>,<2;3>,<5;7>,<1.5;2.2>,<1.2;1.8>,<1.2;1.5>,<1;1.3>,<1.5;2.2>,771,<0.7;0.9>,<2;3>,<5;7>,<1.5;2.2>,<1.2;1.8>,<1.2;1.5>,<1;1.3>,<1.5;2.2>,493,<0.7;0.9>,<2;3>,<5;7>,<1.5;2.2>,<1.2;1.8>,<1.2;1.5>,<1;1.3>,<1.5;2.2>,2023,<0.6;0.8>,<2;3>,<4;6>,<1.2;2>,<1.2;1.8>,<1.2;1.5>,<1;1.3>,<1.2;2>,263,<0.6;0.8>,<2;3>,<4;6>,<1.2;1.8>,<1.2;1.8>,<1;1.3>,<1;1.3>,<1.2;1.8>,2401,<0.6;0.8>,<2;3>,<4;6>,<1.2;1.8>,<1.2;1.8>,<1;1.3>,<1;1.3>,<1.2;1.8>,2963,<0.6;0.8>,<2;3>,<4;6>,<1.2;1.8>,<1.2;1.8>,<1;1.3>,<1;1.3>,<1.2;1.8>
49,45,972,<0.8;1>,<2;3>,<6;8>,<1.8;2.5>,<1.2;1.8>,<1.3;1.6>,<1;1.3>,<1.8;2.5>,393,<0.7;0.9>,<2;3>,<5;7>,<1.5;2.2>,<1.2;1.8>,<1.2;1.5>,<1;1.3>,<1.5;2.2>,3342,<0.7;0.9>,<2;3>,<5;7>,<1.5;2.2>,<1.2;1.8>,<1.2;1.5>,<1;1.3>,<1.5;2.2>,883,<0.7;0.9>,<2;3>,<5;7>,<1.5;2.2>,<1.2;1.8>,<1.2;1.5>,<1;1.3>,<1.5;2.2>,1231,<0.7;0.9>,<2;3>,<5;7>,<1.5;2.2>,<1.2;1.8>,<1.2;1.5>,<1;1.3>,<1.5;2.2>,552,<0.7;0.9>,<2;3>,<5;7>,<1.5;2.2>,<1.2;1.8>,<1.2;1.5>,<1;1.3>,<1.5;2.2>,2242,<0.6;0.8>,<2;3>,<4;6>,<1.2;2>,<1.2;1.8>,<1.2;1.5>,<1;1.3>,<1.2;2>,393,<0.6;0.8>,<2;3>,<4;6>,<1.2;1.8>,<1.2;1.8>,<1;1.3>,<1;1.3>,<1.2;1.8>,2493,<0.6;0.8>,<2;3>,<4;6>,<1.2;1.8>,<1.2;1.8>,<1;1.3>,<1;1.3>,<1.2;1.8>,3283,<0.6;0.8>,<2;3>,<4;6>,<1.2;1.8>,<1.2;1.8>,<1;1.3>,<1;1.3>,<1.2;1.8>
50,45,1032,<0.8;1>,<2;3>,<6;8>,<1.8;2.5>,<1.2;1.8>,<1.3;1.6>,<1;1.3>,<1.8;2.5>,572,<0.7;0.9>,<2;3>,<5;7>,<1.5;2.2>,<1.2;1.8>,<1.2;1.5>,<1;1.3>,<1.5;2.2>,3472,<0.7;0.9>,<2;3>,<5;7>,<1.5;2.2>,<1.2;1.8>,<1.2;1.5>,<1;1.3>,<1.5;2.2>,1082,<0.7;0.9>,<2;3>,<5;7>,<1.5;2.2>,<1.2;1.8>,<1.2;1.5>,<1;1.3>,<1.5;2.2>,1241,<0.7;0.9>,<2;3>,<5;7>,<1.5;2.2>,<1.2;1.8>,<1.2;1.5>,<1;1.3>,<1.5;2.2>,793,<0.7;0.9>,<2;3>,<5;7>,<1.5;2.2>,<1.2;1.8>,<1.2;1.5>,<1;1.3>,<1.5;2.2>,2723,<0.6;0.8>,<2;3>,<4;6>,<1.2;2>,<1.2;1.8>,<1.2;1.5>,<1;1.3>,<1.2;2>,572,<0.6;0.8>,<2;3>,<4;6>,<1.2;1.8>,<1.2;1.8>,<1;1.3>,<1;1.3>,<1.2;1.8>,3021,<0.6;0.8>,<2;3>,<4;6>,<1.2;1.8>,<1.2;1.8>,<1;1.3>,<1;1.3>,<1.2;1.8>,3293,<0.6;0.8>,<2;3>,<4;6>,<1.2;1.8>,<1.2;1.8>,<1;1.3>,<1;1.3>,<1.2;1.8>
51,45,1071,<0.8;1>,<2;3>,<6;8>,<1.8;2.5>,<1.2;1.8>,<1.3;1.6>,<1;1.3>,<1.8;2.5>,701,<0.7;0.9>,<2;3>,<5;7>,<1.5;2.2>,<1.2;1.8>,<1.2;1.5>,<1;1.3>,<1.5;2.2>,3511,<0.7;0.9>,<2;3>,<5;7>,<1.5;2.2>,<1.2;1.8>,<1.2;1.5>,<1;1.3>,<1.5;2.2>,1293,<0.7;0.9>,<2;3>,<5;7>,<1.5;2.2>,<1.2;1.8>,<1.2;1.5>,<1;1.3>,<1.5;2.2>,1313,<0.7;0.9>,<2;3>,<5;7>,<1.5;2.2>,<1.2;1.8>,<1.2;1.5>,<1;1.3>,<1.5;2.2>,2013,<0.7;0.9>,<2;3>,<5;7>,<1.5;2.2>,<1.2;1.8>,<1.2;1.5>,<1;1.3>,<1.5;2.2>,3003,<0.6;0.8>,<2;3>,<4;6>,<1.2;2>,<1.2;1.8>,<1.2;1.5>,<1;1.3>,<1.2;2>,701,<0.6;0.8>,<2;3>,<4;6>,<1.2;1.8>,<1.2;1.8>,<1;1.3>,<1;1.3>,<1.2;1.8>,3143,<0.6;0.8>,<2;3>,<4;6>,<1.2;1.8>,<1.2;1.8>,<1;1.3>,<1;1.3>,<1.2;1.8>,3342,<0.6;0.8>,<2;3>,<4;6>,<1.2;1.8>,<1.2;1.8>,<1;1.3>,<1;1.3>,<1.2;1.8>
52,45,1253,<0.8;1>,<2;3>,<6;8>,<1.8;2.5>,<1.2;1.8>,<1.3;1.6>,<1;1.3>,<1.8;2.5>,721,<0.7;0.9>,<2;3>,<5;7>,<1.5;2.2>,<1.2;1.8>,<1.2;1.5>,<1;1.3>,<1.5;2.2>,3683,<0.7;0.9>,<2;3>,<5;7>,<1.5;2.2>,<1.2;1.8>,<1.2;1.5>,<1;1.3>,<1.5;2.2>,1612,<0.7;0.9>,<2;3>,<5;7>,<1.5;2.2>,<1.2;1.8>,<1.2;1.5>,<1;1.3>,<1.5;2.2>,1393,<0.7;0.9>,<2;3>,<5;7>,<1.5;2.2>,<1.2;1.8>,<1.2;1.5>,<1;1.3>,<1.5;2.2>,2073,<0.7;0.9>,<2;3>,<5;7>,<1.5;2.2>,<1.2;1.8>,<1.2;1.5>,<1;1.3>,<1.5;2.2>,3152,<0.6;0.8>,<2;3>,<4;6>,<1.2;2>,<1.2;1.8>,<1.2;1.5>,<1;1.3>,<1.2;2>,721,<0.6;0.8>,<2;3>,<4;6>,<1.2;1.8>,<1.2;1.8>,<1;1.3>,<1;1.3>,<1.2;1.8>,3171,<0.6;0.8>,<2;3>,<4;6>,<1.2;1.8>,<1.2;1.8>,<1;1.3>,<1;1.3>,<1.2;1.8>,3472,<0.6;0.8>,<2;3>,<4;6>,<1.2;1.8>,<1.2;1.8>,<1;1.3>,<1;1.3>,<1.2;1.8>
53,45,1303,<0.8;1>,<2;3>,<6;8>,<1.8;2.5>,<1.2;1.8>,<1.3;1.6>,<1;1.3>,<1.8;2.5>,771,<0.7;0.9>,<2;3>,<5;7>,<1.5;2.2>,<1.2;1.8>,<1.2;1.5>,<1;1.3>,<1.5;2.2>,731,<0.7;0.9>,<2;3>,<5;7>,<1.5;2.2>,<1.2;1.8>,<1.2;1.5>,<1;1.3>,<1.5;2.2>,2033,<0.7;0.9>,<2;3>,<5;7>,<1.5;2.2>,<1.2;1.8>,<1.2;1.5>,<1;1.3>,<1.5;2.2>,1423,<0.7;0.9>,<2;3>,<5;7>,<1.5;2.2>,<1.2;1.8>,<1.2;1.5>,<1;1.3>,<1.5;2.2>,2593,<0.7;0.9>,<2;3>,<5;7>,<1.5;2.2>,<1.2;1.8>,<1.2;1.5>,<1;1.3>,<1.5;2.2>,3161,<0.6;0.8>,<2;3>,<4;6>,<1.2;2>,<1.2;1.8>,<1.2;1.5>,<1;1.3>,<1.2;2>,771,<0.6;0.8>,<2;3>,<4;6>,<1.2;1.8>,<1.2;1.8>,<1;1.3>,<1;1.3>,<1.2;1.8>,3303,<0.6;0.8>,<2;3>,<4;6>,<1.2;1.8>,<1.2;1.8>,<1;1.3>,<1;1.3>,<1.2;1.8>,3511,<0.6;0.8>,<2;3>,<4;6>,<1.2;1.8>,<1.2;1.8>,<1;1.3>,<1;1.3>,<1.2;1.8>
54,45,1381,<0.8;1>,<2;3>,<6;8>,<1.8;2.5>,<1.2;1.8>,<1.3;1.6>,<1;1.3>,<1.8;2.5>,1231,<0.7;0.9>,<2;3>,<5;7>,<1.5;2.2>,<1.2;1.8>,<1.2;1.5>,<1;1.3>,<1.5;2.2>,1221,<0.7;0.9>,<2;3>,<5;7>,<1.5;2.2>,<1.2;1.8>,<1.2;1.5>,<1;1.3>,<1.5;2.2>,972,<0.7;0.9>,<2;3>,<5;7>,<1.5;2.2>,<1.2;1.8>,<1.2;1.5>,<1;1.3>,<1.5;2.2>,1503,<0.7;0.9>,<2;3>,<5;7>,<1.5;2.2>,<1.2;1.8>,<1.2;1.5>,<1;1.3>,<1.5;2.2>,2612,<0.7;0.9>,<2;3>,<5;7>,<1.5;2.2>,<1.2;1.8>,<1.2;1.5>,<1;1.3>,<1.5;2.2>,3181,<0.6;0.8>,<2;3>,<4;6>,<1.2;2>,<1.2;1.8>,<1.2;1.5>,<1;1.3>,<1.2;2>,1231,<0.6;0.8>,<2;3>,<4;6>,<1.2;1.8>,<1.2;1.8>,<1;1.3>,<1;1.3>,<1.2;1.8>,3353,<0.6;0.8>,<2;3>,<4;6>,<1.2;1.8>,<1.2;1.8>,<1;1.3>,<1;1.3>,<1.2;1.8>,3683,<0.6;0.8>,<2;3>,<4;6>,<1.2;1.8>,<1.2;1.8>,<1;1.3>,<1;1.3>,<1.2;1.8>
55,45,1772,<0.8;1>,<2;3>,<6;8>,<1.8;2.5>,<1.2;1.8>,<1.3;1.6>,<1;1.3>,<1.8;2.5>,1241,<0.7;0.9>,<2;3>,<5;7>,<1.5;2.2>,<1.2;1.8>,<1.2;1.5>,<1;1.3>,<1.5;2.2>,1903,<0.7;0.9>,<2;3>,<5;7>,<1.5;2.2>,<1.2;1.8>,<1.2;1.5>,<1;1.3>,<1.5;2.2>,1032,<0.7;0.9>,<2;3>,<5;7>,<1.5;2.2>,<1.2;1.8>,<1.2;1.5>,<1;1.3>,<1.5;2.2>,1893,<0.7;0.9>,<2;3>,<5;7>,<1.5;2.2>,<1.2;1.8>,<1.2;1.5>,<1;1.3>,<1.5;2.2>,2633,<0.7;0.9>,<2;3>,<5;7>,<1.5;2.2>,<1.2;1.8>,<1.2;1.5>,<1;1.3>,<1.5;2.2>,3251,<0.6;0.8>,<2;3>,<4;6>,<1.2;2>,<1.2;1.8>,<1.2;1.5>,<1;1.3>,<1.2;2>,1241,<0.6;0.8>,<2;3>,<4;6>,<1.2;1.8>,<1.2;1.8>,<1;1.3>,<1;1.3>,<1.2;1.8>,3673,<0.6;0.8>,<2;3>,<4;6>,<1.2;1.8>,<1.2;1.8>,<1;1.3>,<1;1.3>,<1.2;1.8>,731,<0.6;0.8>,<2;3>,<4;6>,<1.2;1.8>,<1.2;1.8>,<1;1.3>,<1;1.3>,<1.2;1.8>
56,45,1813,<0.8;1>,<2;3>,<6;8>,<1.8;2.5>,<1.2;1.8>,<1.3;1.6>,<1;1.3>,<1.8;2.5>,1313,<0.7;0.9>,<2;3>,<5;7>,<1.5;2.2>,<1.2;1.8>,<1.2;1.5>,<1;1.3>,<1.5;2.2>,1931,<0.7;0.9>,<2;3>,<5;7>,<1.5;2.2>,<1.2;1.8>,<1.2;1.5>,<1;1.3>,<1.5;2.2>,1071,<0.7;0.9>,<2;3>,<5;7>,<1.5;2.2>,<1.2;1.8>,<1.2;1.5>,<1;1.3>,<1.5;2.2>,1941,<0.7;0.9>,<2;3>,<5;7>,<1.5;2.2>,<1.2;1.8>,<1.2;1.5>,<1;1.3>,<1.5;2.2>,2963,<0.7;0.9>,<2;3>,<5;7>,<1.5;2.2>,<1.2;1.8>,<1.2;1.5>,<1;1.3>,<1.5;2.2>,3592,<0.6;0.8>,<2;3>,<4;6>,<1.2;2>,<1.2;1.8>,<1.2;1.5>,<1;1.3>,<1.2;2>,1313,<0.6;0.8>,<2;3>,<4;6>,<1.2;1.8>,<1.2;1.8>,<1;1.3>,<1;1.3>,<1.2;1.8>,7001,<0.6;0.8>,<2;3>,<4;6>,<1.2;1.8>,<1.2;1.8>,<1;1.3>,<1;1.3>,<1.2;1.8>,1221,<0.6;0.8>,<2;3>,<4;6>,<1.2;1.8>,<1.2;1.8>,<1;1.3>,<1;1.3>,<1.2;1.8>
57,45,1841,<0.8;1>,<2;3>,<6;8>,<1.8;2.5>,<1.2;1.8>,<1.3;1.6>,<1;1.3>,<1.8;2.5>,1393,<0.7;0.9>,<2;3>,<5;7>,<1.5;2.2>,<1.2;1.8>,<1.2;1.5>,<1;1.3>,<1.5;2.2>,3543,<0.7;0.9>,<2;3>,<5;7>,<1.5;2.2>,<1.2;1.8>,<1.2;1.5>,<1;1.3>,<1.5;2.2>,1253,<0.7;0.9>,<2;3>,<5;7>,<1.5;2.2>,<1.2;1.8>,<1.2;1.5>,<1;1.3>,<1.5;2.2>,1951,<0.7;0.9>,<2;3>,<5;7>,<1.5;2.2>,<1.2;1.8>,<1.2;1.5>,<1;1.3>,<1.5;2.2>,3283,<0.7;0.9>,<2;3>,<5;7>,<1.5;2.2>,<1.2;1.8>,<1.2;1.5>,<1;1.3>,<1.5;2.2>,3663,<0.6;0.8>,<2;3>,<4;6>,<1.2;2>,<1.2;1.8>,<1.2;1.5>,<1;1.3>,<1.2;2>,1393,<0.6;0.8>,<2;3>,<4;6>,<1.2;1.8>,<1.2;1.8>,<1;1.3>,<1;1.3>,<1.2;1.8>,2633,<0.6;0.8>,<2;3>,<4;6>,<1.2;1.8>,<1.2;1.8>,<1;1.3>,<1;1.3>,<1.2;1.8>,1903,<0.6;0.8>,<2;3>,<4;6>,<1.2;1.8>,<1.2;1.8>,<1;1.3>,<1;1.3>,<1.2;1.8>
58,45,1911,<0.8;1>,<2;3>,<6;8>,<1.8;2.5>,<1.2;1.8>,<1.3;1.6>,<1;1.3>,<1.8;2.5>,1423,<0.7;0.9>,<2;3>,<5;7>,<1.5;2.2>,<1.2;1.8>,<1.2;1.5>,<1;1.3>,<1.5;2.2>,163,<0.7;0.9>,<2;3>,<5;7>,<1.5;2.2>,<1.2;1.8>,<1.2;1.5>,<1;1.3>,<1.5;2.2>,1303,<0.7;0.9>,<2;3>,<5;7>,<1.5;2.2>,<1.2;1.8>,<1.2;1.5>,<1;1.3>,<1.5;2.2>,2233,<0.7;0.9>,<2;3>,<5;7>,<1.5;2.2>,<1.2;1.8>,<1.2;1.5>,<1;1.3>,<1.5;2.2>,3293,<0.7;0.9>,<2;3>,<5;7>,<1.5;2.2>,<1.2;1.8>,<1.2;1.5>,<1;1.3>,<1.5;2.2>,263,<0.6;0.8>,<2;3>,<4;6>,<1.2;2>,<1.2;1.8>,<1.2;1.5>,<1;1.3>,<1.2;2>,1423,<0.6;0.8>,<2;3>,<4;6>,<1.2;1.8>,<1.2;1.8>,<1;1.3>,<1;1.3>,<1.2;1.8>,2963,<0.6;0.8>,<2;3>,<4;6>,<1.2;1.8>,<1.2;1.8>,<1;1.3>,<1;1.3>,<1.2;1.8>,1931,<0.6;0.8>,<2;3>,<4;6>,<1.2;1.8>,<1.2;1.8>,<1;1.3>,<1;1.3>,<1.2;1.8>
59,45,2023,<0.8;1>,<2;3>,<6;8>,<1.8;2.5>,<1.2;1.8>,<1.3;1.6>,<1;1.3>,<1.8;2.5>,1503,<0.7;0.9>,<2;3>,<5;7>,<1.5;2.2>,<1.2;1.8>,<1.2;1.5>,<1;1.3>,<1.5;2.2>,242,<0.7;0.9>,<2;3>,<5;7>,<1.5;2.2>,<1.2;1.8>,<1.2;1.5>,<1;1.3>,<1.5;2.2>,1381,<0.7;0.9>,<2;3>,<5;7>,<1.5;2.2>,<1.2;1.8>,<1.2;1.5>,<1;1.3>,<1.5;2.2>,2401,<0.7;0.9>,<2;3>,<5;7>,<1.5;2.2>,<1.2;1.8>,<1.2;1.5>,<1;1.3>,<1.5;2.2>,3342,<0.7;0.9>,<2;3>,<5;7>,<1.5;2.2>,<1.2;1.8>,<1.2;1.5>,<1;1.3>,<1.5;2.2>,393,<0.6;0.8>,<2;3>,<4;6>,<1.2;2>,<1.2;1.8>,<1.2;1.5>,<1;1.3>,<1.2;2>,1503,<0.6;0.8>,<2;3>,<4;6>,<1.2;1.8>,<1.2;1.8>,<1;1.3>,<1;1.3>,<1.2;1.8>,3283,<0.6;0.8>,<2;3>,<4;6>,<1.2;1.8>,<1.2;1.8>,<1;1.3>,<1;1.3>,<1.2;1.8>,3543,<0.6;0.8>,<2;3>,<4;6>,<1.2;1.8>,<1.2;1.8>,<1;1.3>,<1;1.3>,<1.2;1.8>
60,45,2242,<0.8;1>,<2;3>,<6;8>,<1.8;2.5>,<1.2;1.8>,<1.3;1.6>,<1;1.3>,<1.8;2.5>,1893,<0.7;0.9>,<2;3>,<5;7>,<1.5;2.2>,<1.2;1.8>,<1.2;1.5>,<1;1.3>,<1.5;2.2>,333,<0.7;0.9>,<2;3>,<5;7>,<1.5;2.2>,<1.2;1.8>,<1.2;1.5>,<1;1.3>,<1.5;2.2>,1772,<0.7;0.9>,<2;3>,<5;7>,<1.5;2.2>,<1.2;1.8>,<1.2;1.5>,<1;1.3>,<1.5;2.2>,2493,<0.7;0.9>,<2;3>,<5;7>,<1.5;2.2>,<1.2;1.8>,<1.2;1.5>,<1;1.3>,<1.5;2.2>,3472,<0.7;0.9>,<2;3>,<5;7>,<1.5;2.2>,<1.2;1.8>,<1.2;1.5>,<1;1.3>,<1.5;2.2>,572,<0.6;0.8>,<2;3>,<4;6>,<1.2;2>,<1.2;1.8>,<1.2;1.5>,<1;1.3>,<1.2;2>,1893,<0.6;0.8>,<2;3>,<4;6>,<1.2;1.8>,<1.2;1.8>,<1;1.3>,<1;1.3>,<1.2;1.8>,3293,<0.6;0.8>,<2;3>,<4;6>,<1.2;1.8>,<1.2;1.8>,<1;1.3>,<1;1.3>,<1.2;1.8>,163,<0.6;0.8>,<2;3>,<4;6>,<1.2;1.8>,<1.2;1.8>,<1;1.3>,<1;1.3>,<1.2;1.8>
61,50,2723,<0.8;1>,<3;4>,<6;8>,<1.8;2.5>,<1.2;1.8>,<1.3;1.6>,<1;1.3>,<1.8;2.5>,1941,<0.7;0.9>,<3;4>,<6;8>,<1.5;2.2>,<1.2;1.8>,<1.2;1.5>,<1;1.3>,<1.5;2.2>,503,<0.7;0.9>,<3;4>,<6;8>,<1.5;2.2>,<1.2;1.8>,<1.2;1.5>,<1;1.3>,<1.5;2.2>,1813,<0.7;0.9>,<3;4>,<6;8>,<1.5;2.2>,<1.2;1.8>,<1.2;1.5>,<1;1.3>,<1.5;2.2>,3021,<0.7;0.9>,<3;4>,<6;8>,<1.5;2.2>,<1.2;1.8>,<1.2;1.5>,<1;1.3>,<1.5;2.2>,3511,<0.7;0.9>,<3;4>,<6;8>,<1.5;2.2>,<1.2;1.8>,<1.2;1.5>,<1;1.3>,<1.5;2.2>,701,<0.6;0.8>,<2;3>,<5;7>,<1.2;2>,<1.2;1.8>,<1.2;1.5>,<1;1.3>,<1.2;2>,1941,<0.6;0.8>,<2;3>,<5;7>,<1.2;1.8>,<1.2;1.8>,<1;1.3>,<1;1.3>,<1.2;1.8>,3342,<0.6;0.8>,<2;3>,<5;7>,<1.2;1.8>,<1.2;1.8>,<1;1.3>,<1;1.3>,<1.2;1.8>,242,<0.6;0.8>,<2;3>,<5;7>,<1.2;1.8>,<1.2;1.8>,<1;1.3>,<1;1.3>,<1.2;1.8>
62,50,3003,<0.8;1>,<3;4>,<6;8>,<1.8;2.5>,<1.2;1.8>,<1.3;1.6>,<1;1.3>,<1.8;2.5>,1951,<0.7;0.9>,<3;4>,<6;8>,<1.5;2.2>,<1.2;1.8>,<1.2;1.5>,<1;1.3>,<1.5;2.2>,593,<0.7;0.9>,<3;4>,<6;8>,<1.5;2.2>,<1.2;1.8>,<1.2;1.5>,<1;1.3>,<1.5;2.2>,1841,<0.7;0.9>,<3;4>,<6;8>,<1.5;2.2>,<1.2;1.8>,<1.2;1.5>,<1;1.3>,<1.5;2.2>,3143,<0.7;0.9>,<3;4>,<6;8>,<1.5;2.2>,<1.2;1.8>,<1.2;1.5>,<1;1.3>,<1.5;2.2>,3683,<0.7;0.9>,<3;4>,<6;8>,<1.5;2.2>,<1.2;1.8>,<1.2;1.5>,<1;1.3>,<1.5;2.2>,721,<0.6;0.8>,<2;3>,<5;7>,<1.2;2>,<1.2;1.8>,<1.2;1.5>,<1;1.3>,<1.2;2>,1951,<0.6;0.8>,<2;3>,<5;7>,<1.2;1.8>,<1.2;1.8>,<1;1.3>,<1;1.3>,<1.2;1.8>,3472,<0.6;0.8>,<2;3>,<5;7>,<1.2;1.8>,<1.2;1.8>,<1;1.3>,<1;1.3>,<1.2;1.8>,333,<0.6;0.8>,<2;3>,<5;7>,<1.2;1.8>,<1.2;1.8>,<1;1.3>,<1;1.3>,<1.2;1.8>
63,50,3152,<0.8;1>,<3;4>,<6;8>,<1.8;2.5>,<1.2;1.8>,<1.3;1.6>,<1;1.3>,<1.8;2.5>,2233,<0.7;0.9>,<3;4>,<6;8>,<1.5;2.2>,<1.2;1.8>,<1.2;1.5>,<1;1.3>,<1.5;2.2>,603,<0.7;0.9>,<3;4>,<6;8>,<1.5;2.2>,<1.2;1.8>,<1.2;1.5>,<1;1.3>,<1.5;2.2>,1911,<0.7;0.9>,<3;4>,<6;8>,<1.5;2.2>,<1.2;1.8>,<1.2;1.5>,<1;1.3>,<1.5;2.2>,3171,<0.7;0.9>,<3;4>,<6;8>,<1.5;2.2>,<1.2;1.8>,<1.2;1.5>,<1;1.3>,<1.5;2.2>,731,<0.7;0.9>,<3;4>,<6;8>,<1.5;2.2>,<1.2;1.8>,<1.2;1.5>,<1;1.3>,<1.5;2.2>,771,<0.6;0.8>,<2;3>,<5;7>,<1.2;2>,<1.2;1.8>,<1.2;1.5>,<1;1.3>,<1.2;2>,2233,<0.6;0.8>,<2;3>,<5;7>,<1.2;1.8>,<1.2;1.8>,<1;1.3>,<1;1.3>,<1.2;1.8>,3511,<0.6;0.8>,<2;3>,<5;7>,<1.2;1.8>,<1.2;1.8>,<1;1.3>,<1;1.3>,<1.2;1.8>,503,<0.6;0.8>,<2;3>,<5;7>,<1.2;1.8>,<1.2;1.8>,<1;1.3>,<1;1.3>,<1.2;1.8>
64,50,3161,<0.8;1>,<3;4>,<6;8>,<1.8;2.5>,<1.2;1.8>,<1.3;1.6>,<1;1.3>,<1.8;2.5>,2401,<0.7;0.9>,<3;4>,<6;8>,<1.5;2.2>,<1.2;1.8>,<1.2;1.5>,<1;1.3>,<1.5;2.2>,611,<0.7;0.9>,<3;4>,<6;8>,<1.5;2.2>,<1.2;1.8>,<1.2;1.5>,<1;1.3>,<1.5;2.2>,2023,<0.7;0.9>,<3;4>,<6;8>,<1.5;2.2>,<1.2;1.8>,<1.2;1.5>,<1;1.3>,<1.5;2.2>,3303,<0.7;0.9>,<3;4>,<6;8>,<1.5;2.2>,<1.2;1.8>,<1.2;1.5>,<1;1.3>,<1.5;2.2>,1221,<0.7;0.9>,<3;4>,<6;8>,<1.5;2.2>,<1.2;1.8>,<1.2;1.5>,<1;1.3>,<1.5;2.2>,1231,<0.6;0.8>,<2;3>,<5;7>,<1.2;2>,<1.2;1.8>,<1.2;1.5>,<1;1.3>,<1.2;2>,2401,<0.6;0.8>,<2;3>,<5;7>,<1.2;1.8>,<1.2;1.8>,<1;1.3>,<1;1.3>,<1.2;1.8>,3683,<0.6;0.8>,<2;3>,<5;7>,<1.2;1.8>,<1.2;1.8>,<1;1.3>,<1;1.3>,<1.2;1.8>,593,<0.6;0.8>,<2;3>,<5;7>,<1.2;1.8>,<1.2;1.8>,<1;1.3>,<1;1.3>,<1.2;1.8>
65,50,3181,<0.8;1>,<3;4>,<6;8>,<1.8;2.5>,<1.2;1.8>,<1.3;1.6>,<1;1.3>,<1.8;2.5>,2493,<0.7;0.9>,<3;4>,<6;8>,<1.5;2.2>,<1.2;1.8>,<1.2;1.5>,<1;1.3>,<1.5;2.2>,631,<0.7;0.9>,<3;4>,<6;8>,<1.5;2.2>,<1.2;1.8>,<1.2;1.5>,<1;1.3>,<1.5;2.2>,2242,<0.7;0.9>,<3;4>,<6;8>,<1.5;2.2>,<1.2;1.8>,<1.2;1.5>,<1;1.3>,<1.5;2.2>,3353,<0.7;0.9>,<3;4>,<6;8>,<1.5;2.2>,<1.2;1.8>,<1.2;1.5>,<1;1.3>,<1.5;2.2>,1903,<0.7;0.9>,<3;4>,<6;8>,<1.5;2.2>,<1.2;1.8>,<1.2;1.5>,<1;1.3>,<1.5;2.2>,1241,<0.6;0.8>,<2;3>,<5;7>,<1.2;2>,<1.2;1.8>,<1.2;1.5>,<1;1.3>,<1.2;2>,2493,<0.6;0.8>,<2;3>,<5;7>,<1.2;1.8>,<1.2;1.8>,<1;1.3>,<1;1.3>,<1.2;1.8>,731,<0.6;0.8>,<2;3>,<5;7>,<1.2;1.8>,<1.2;1.8>,<1;1.3>,<1;1.3>,<1.2;1.8>,603,<0.6;0.8>,<2;3>,<5;7>,<1.2;1.8>,<1.2;1.8>,<1;1.3>,<1;1.3>,<1.2;1.8>
66,50,3251,<0.8;1>,<3;4>,<6;8>,<1.8;2.5>,<1.2;1.8>,<1.3;1.6>,<1;1.3>,<1.8;2.5>,3021,<0.7;0.9>,<3;4>,<6;8>,<1.5;2.2>,<1.2;1.8>,<1.2;1.5>,<1;1.3>,<1.5;2.2>,641,<0.7;0.9>,<3;4>,<6;8>,<1.5;2.2>,<1.2;1.8>,<1.2;1.5>,<1;1.3>,<1.5;2.2>,2723,<0.7;0.9>,<3;4>,<6;8>,<1.5;2.2>,<1.2;1.8>,<1.2;1.5>,<1;1.3>,<1.5;2.2>,3673,<0.7;0.9>,<3;4>,<6;8>,<1.5;2.2>,<1.2;1.8>,<1.2;1.5>,<1;1.3>,<1.5;2.2>,1931,<0.7;0.9>,<3;4>,<6;8>,<1.5;2.2>,<1.2;1.8>,<1.2;1.5>,<1;1.3>,<1.5;2.2>,1313,<0.6;0.8>,<2;3>,<5;7>,<1.2;2>,<1.2;1.8>,<1.2;1.5>,<1;1.3>,<1.2;2>,3021,<0.6;0.8>,<2;3>,<5;7>,<1.2;1.8>,<1.2;1.8>,<1;1.3>,<1;1.3>,<1.2;1.8>,1221,<0.6;0.8>,<2;3>,<5;7>,<1.2;1.8>,<1.2;1.8>,<1;1.3>,<1;1.3>,<1.2;1.8>,611,<0.6;0.8>,<2;3>,<5;7>,<1.2;1.8>,<1.2;1.8>,<1;1.3>,<1;1.3>,<1.2;1.8>
67,50,3592,<0.8;1>,<3;4>,<6;8>,<1.8;2.5>,<1.2;1.8>,<1.3;1.6>,<1;1.3>,<1.8;2.5>,3143,<0.7;0.9>,<3;4>,<6;8>,<1.5;2.2>,<1.2;1.8>,<1.2;1.5>,<1;1.3>,<1.5;2.2>,712,<0.7;0.9>,<3;4>,<6;8>,<1.5;2.2>,<1.2;1.8>,<1.2;1.5>,<1;1.3>,<1.5;2.2>,3003,<0.7;0.9>,<3;4>,<6;8>,<1.5;2.2>,<1.2;1.8>,<1.2;1.5>,<1;1.3>,<1.5;2.2>,7001,<0.7;0.9>,<3;4>,<6;8>,<1.5;2.2>,<1.2;1.8>,<1.2;1.5>,<1;1.3>,<1.5;2.2>,3543,<0.7;0.9>,<3;4>,<6;8>,<1.5;2.2>,<1.2;1.8>,<1.2;1.5>,<1;1.3>,<1.5;2.2>,1393,<0.6;0.8>,<2;3>,<5;7>,<1.2;2>,<1.2;1.8>,<1.2;1.5>,<1;1.3>,<1.2;2>,3143,<0.6;0.8>,<2;3>,<5;7>,<1.2;1.8>,<1.2;1.8>,<1;1.3>,<1;1.3>,<1.2;1.8>,1903,<0.6;0.8>,<2;3>,<5;7>,<1.2;1.8>,<1.2;1.8>,<1;1.3>,<1;1.3>,<1.2;1.8>,631,<0.6;0.8>,<2;3>,<5;7>,<1.2;1.8>,<1.2;1.8>,<1;1.3>,<1;1.3>,<1.2;1.8>
68,50,3663,<0.8;1>,<3;4>,<6;8>,<1.8;2.5>,<1.2;1.8>,<1.3;1.6>,<1;1.3>,<1.8;2.5>,3171,<0.7;0.9>,<3;4>,<6;8>,<1.5;2.2>,<1.2;1.8>,<1.2;1.5>,<1;1.3>,<1.5;2.2>,741,<0.7;0.9>,<3;4>,<6;8>,<1.5;2.2>,<1.2;1.8>,<1.2;1.5>,<1;1.3>,<1.5;2.2>,3152,<0.7;0.9>,<3;4>,<6;8>,<1.5;2.2>,<1.2;1.8>,<1.2;1.5>,<1;1.3>,<1.5;2.2>,44,<0.7;0.9>,<3;4>,<6;8>,<1.5;2.2>,<1.2;1.8>,<1.2;1.5>,<1;1.3>,<1.5;2.2>,163,<0.7;0.9>,<3;4>,<6;8>,<1.5;2.2>,<1.2;1.8>,<1.2;1.5>,<1;1.3>,<1.5;2.2>,1423,<0.6;0.8>,<2;3>,<5;7>,<1.2;2>,<1.2;1.8>,<1.2;1.5>,<1;1.3>,<1.2;2>,3171,<0.6;0.8>,<2;3>,<5;7>,<1.2;1.8>,<1.2;1.8>,<1;1.3>,<1;1.3>,<1.2;1.8>,1931,<0.6;0.8>,<2;3>,<5;7>,<1.2;1.8>,<1.2;1.8>,<1;1.3>,<1;1.3>,<1.2;1.8>,641,<0.6;0.8>,<2;3>,<5;7>,<1.2;1.8>,<1.2;1.8>,<1;1.3>,<1;1.3>,<1.2;1.8>
69,50,263,<0.8;1>,<3;4>,<6;8>,<1.8;2.5>,<1.2;1.8>,<1.3;1.6>,<1;1.3>,<1.8;2.5>,3303,<0.7;0.9>,<3;4>,<6;8>,<1.5;2.2>,<1.2;1.8>,<1.2;1.5>,<1;1.3>,<1.5;2.2>,863,<0.7;0.9>,<3;4>,<6;8>,<1.5;2.2>,<1.2;1.8>,<1.2;1.5>,<1;1.3>,<1.5;2.2>,3161,<0.7;0.9>,<3;4>,<6;8>,<1.5;2.2>,<1.2;1.8>,<1.2;1.5>,<1;1.3>,<1.5;2.2>,53,<0.7;0.9>,<3;4>,<6;8>,<1.5;2.2>,<1.2;1.8>,<1.2;1.5>,<1;1.3>,<1.5;2.2>,242,<0.7;0.9>,<3;4>,<6;8>,<1.5;2.2>,<1.2;1.8>,<1.2;1.5>,<1;1.3>,<1.5;2.2>,1503,<0.6;0.8>,<2;3>,<5;7>,<1.2;2>,<1.2;1.8>,<1.2;1.5>,<1;1.3>,<1.2;2>,3303,<0.6;0.8>,<2;3>,<5;7>,<1.2;1.8>,<1.2;1.8>,<1;1.3>,<1;1.3>,<1.2;1.8>,3543,<0.6;0.8>,<2;3>,<5;7>,<1.2;1.8>,<1.2;1.8>,<1;1.3>,<1;1.3>,<1.2;1.8>,712,<0.6;0.8>,<2;3>,<5;7>,<1.2;1.8>,<1.2;1.8>,<1;1.3>,<1;1.3>,<1.2;1.8>
70,50,393,<0.8;1>,<3;4>,<6;8>,<1.8;2.5>,<1.2;1.8>,<1.3;1.6>,<1;1.3>,<1.8;2.5>,3353,<0.7;0.9>,<3;4>,<6;8>,<1.5;2.2>,<1.2;1.8>,<1.2;1.5>,<1;1.3>,<1.5;2.2>,883,<0.7;0.9>,<3;4>,<6;8>,<1.5;2.2>,<1.2;1.8>,<1.2;1.5>,<1;1.3>,<1.5;2.2>,3181,<0.7;0.9>,<3;4>,<6;8>,<1.5;2.2>,<1.2;1.8>,<1.2;1.5>,<1;1.3>,<1.5;2.2>,82,<0.7;0.9>,<3;4>,<6;8>,<1.5;2.2>,<1.2;1.8>,<1.2;1.5>,<1;1.3>,<1.5;2.2>,333,<0.7;0.9>,<3;4>,<6;8>,<1.5;2.2>,<1.2;1.8>,<1.2;1.5>,<1;1.3>,<1.5;2.2>,1893,<0.6;0.8>,<2;3>,<5;7>,<1.2;2>,<1.2;1.8>,<1.2;1.5>,<1;1.3>,<1.2;2>,3353,<0.6;0.8>,<2;3>,<5;7>,<1.2;1.8>,<1.2;1.8>,<1;1.3>,<1;1.3>,<1.2;1.8>,163,<0.6;0.8>,<2;3>,<5;7>,<1.2;1.8>,<1.2;1.8>,<1;1.3>,<1;1.3>,<1.2;1.8>,741,<0.6;0.8>,<2;3>,<5;7>,<1.2;1.8>,<1.2;1.8>,<1;1.3>,<1;1.3>,<1.2;1.8>
71,50,572,<0.8;1>,<3;4>,<6;8>,<1.8;2.5>,<1.2;1.8>,<1.3;1.6>,<1;1.3>,<1.8;2.5>,3673,<0.7;0.9>,<3;4>,<6;8>,<1.5;2.2>,<1.2;1.8>,<1.2;1.5>,<1;1.3>,<1.5;2.2>,1082,<0.7;0.9>,<3;4>,<6;8>,<1.5;2.2>,<1.2;1.8>,<1.2;1.5>,<1;1.3>,<1.5;2.2>,3251,<0.7;0.9>,<3;4>,<6;8>,<1.5;2.2>,<1.2;1.8>,<1.2;1.5>,<1;1.3>,<1.5;2.2>,692,<0.7;0.9>,<3;4>,<6;8>,<1.5;2.2>,<1.2;1.8>,<1.2;1.5>,<1;1.3>,<1.5;2.2>,503,<0.7;0.9>,<3;4>,<6;8>,<1.5;2.2>,<1.2;1.8>,<1.2;1.5>,<1;1.3>,<1.5;2.2>,1941,<0.6;0.8>,<2;3>,<5;7>,<1.2;2>,<1.2;1.8>,<1.2;1.5>,<1;1.3>,<1.2;2>,3673,<0.6;0.8>,<2;3>,<5;7>,<1.2;1.8>,<1.2;1.8>,<1;1.3>,<1;1.3>,<1.2;1.8>,242,<0.6;0.8>,<2;3>,<5;7>,<1.2;1.8>,<1.2;1.8>,<1;1.3>,<1;1.3>,<1.2;1.8>,863,<0.6;0.8>,<2;3>,<5;7>,<1.2;1.8>,<1.2;1.8>,<1;1.3>,<1;1.3>,<1.2;1.8>
72,50,701,<0.8;1>,<3;4>,<6;8>,<1.8;2.5>,<1.2;1.8>,<1.3;1.6>,<1;1.3>,<1.8;2.5>,7001,<0.7;0.9>,<3;4>,<6;8>,<1.5;2.2>,<1.2;1.8>,<1.2;1.5>,<1;1.3>,<1.5;2.2>,1293,<0.7;0.9>,<3;4>,<6;8>,<1.5;2.2>,<1.2;1.8>,<1.2;1.5>,<1;1.3>,<1.5;2.2>,3592,<0.7;0.9>,<3;4>,<6;8>,<1.5;2.2>,<1.2;1.8>,<1.2;1.5>,<1;1.3>,<1.5;2.2>,2683,<0.7;0.9>,<3;4>,<6;8>,<1.5;2.2>,<1.2;1.8>,<1.2;1.5>,<1;1.3>,<1.5;2.2>,593,<0.7;0.9>,<3;4>,<6;8>,<1.5;2.2>,<1.2;1.8>,<1.2;1.5>,<1;1.3>,<1.5;2.2>,1951,<0.6;0.8>,<2;3>,<5;7>,<1.2;2>,<1.2;1.8>,<1.2;1.5>,<1;1.3>,<1.2;2>,7001,<0.6;0.8>,<2;3>,<5;7>,<1.2;1.8>,<1.2;1.8>,<1;1.3>,<1;1.3>,<1.2;1.8>,333,<0.6;0.8>,<2;3>,<5;7>,<1.2;1.8>,<1.2;1.8>,<1;1.3>,<1;1.3>,<1.2;1.8>,883,<0.6;0.8>,<2;3>,<5;7>,<1.2;1.8>,<1.2;1.8>,<1;1.3>,<1;1.3>,<1.2;1.8>
73,50,721,<0.8;1>,<3;4>,<6;8>,<1.8;2.5>,<1.2;1.8>,<1.3;1.6>,<1;1.3>,<1.8;2.5>,44,<0.7;0.9>,<3;4>,<6;8>,<1.5;2.2>,<1.2;1.8>,<1.2;1.5>,<1;1.3>,<1.5;2.2>,1612,<0.7;0.9>,<3;4>,<6;8>,<1.5;2.2>,<1.2;1.8>,<1.2;1.5>,<1;1.3>,<1.5;2.2>,3663,<0.7;0.9>,<3;4>,<6;8>,<1.5;2.2>,<1.2;1.8>,<1.2;1.5>,<1;1.3>,<1.5;2.2>,2843,<0.7;0.9>,<3;4>,<6;8>,<1.5;2.2>,<1.2;1.8>,<1.2;1.5>,<1;1.3>,<1.5;2.2>,603,<0.7;0.9>,<3;4>,<6;8>,<1.5;2.2>,<1.2;1.8>,<1.2;1.5>,<1;1.3>,<1.5;2.2>,2233,<0.6;0.8>,<2;3>,<5;7>,<1.2;2>,<1.2;1.8>,<1.2;1.5>,<1;1.3>,<1.2;2>,731,<0.6;0.8>,<2;3>,<5;7>,<1.2;1.8>,<1.2;1.8>,<1;1.3>,<1;1.3>,<1.2;1.8>,503,<0.6;0.8>,<2;3>,<5;7>,<1.2;1.8>,<1.2;1.8>,<1;1.3>,<1;1.3>,<1.2;1.8>,1082,<0.6;0.8>,<2;3>,<5;7>,<1.2;1.8>,<1.2;1.8>,<1;1.3>,<1;1.3>,<1.2;1.8>
74,50,771,<0.8;1>,<3;4>,<6;8>,<1.8;2.5>,<1.2;1.8>,<1.3;1.6>,<1;1.3>,<1.8;2.5>,53,<0.7;0.9>,<3;4>,<6;8>,<1.5;2.2>,<1.2;1.8>,<1.2;1.5>,<1;1.3>,<1.5;2.2>,2033,<0.7;0.9>,<3;4>,<6;8>,<1.5;2.2>,<1.2;1.8>,<1.2;1.5>,<1;1.3>,<1.5;2.2>,263,<0.7;0.9>,<3;4>,<6;8>,<1.5;2.2>,<1.2;1.8>,<1.2;1.5>,<1;1.3>,<1.5;2.2>,3432,<0.7;0.9>,<3;4>,<6;8>,<1.5;2.2>,<1.2;1.8>,<1.2;1.5>,<1;1.3>,<1.5;2.2>,611,<0.7;0.9>,<3;4>,<6;8>,<1.5;2.2>,<1.2;1.8>,<1.2;1.5>,<1;1.3>,<1.5;2.2>,2401,<0.6;0.8>,<2;3>,<5;7>,<1.2;2>,<1.2;1.8>,<1.2;1.5>,<1;1.3>,<1.2;2>,1221,<0.6;0.8>,<2;3>,<5;7>,<1.2;1.8>,<1.2;1.8>,<1;1.3>,<1;1.3>,<1.2;1.8>,593,<0.6;0.8>,<2;3>,<5;7>,<1.2;1.8>,<1.2;1.8>,<1;1.3>,<1;1.3>,<1.2;1.8>,1293,<0.6;0.8>,<2;3>,<5;7>,<1.2;1.8>,<1.2;1.8>,<1;1.3>,<1;1.3>,<1.2;1.8>
75,50,1231,<0.8;1>,<3;4>,<6;8>,<1.8;2.5>,<1.2;1.8>,<1.3;1.6>,<1;1.3>,<1.8;2.5>,82,<0.7;0.9>,<3;4>,<6;8>,<1.5;2.2>,<1.2;1.8>,<1.2;1.5>,<1;1.3>,<1.5;2.2>,972,<0.7;0.9>,<3;4>,<6;8>,<1.5;2.2>,<1.2;1.8>,<1.2;1.5>,<1;1.3>,<1.5;2.2>,393,<0.7;0.9>,<3;4>,<6;8>,<1.5;2.2>,<1.2;1.8>,<1.2;1.5>,<1;1.3>,<1.5;2.2>,3772,<0.7;0.9>,<3;4>,<6;8>,<1.5;2.2>,<1.2;1.8>,<1.2;1.5>,<1;1.3>,<1.5;2.2>,631,<0.7;0.9>,<3;4>,<6;8>,<1.5;2.2>,<1.2;1.8>,<1.2;1.5>,<1;1.3>,<1.5;2.2>,2493,<0.6;0.8>,<2;3>,<5;7>,<1.2;2>,<1.2;1.8>,<1.2;1.5>,<1;1.3>,<1.2;2>,1903,<0.6;0.8>,<2;3>,<5;7>,<1.2;1.8>,<1.2;1.8>,<1;1.3>,<1;1.3>,<1.2;1.8>,603,<0.6;0.8>,<2;3>,<5;7>,<1.2;1.8>,<1.2;1.8>,<1;1.3>,<1;1.3>,<1.2;1.8>,1612,<0.6;0.8>,<2;3>,<5;7>,<1.2;1.8>,<1.2;1.8>,<1;1.3>,<1;1.3>,<1.2;1.8>
76,50,1241,<0.8;1>,<3;4>,<6;8>,<1.8;2.5>,<1.2;1.8>,<1.3;1.6>,<1;1.3>,<1.8;2.5>,692,<0.7;0.9>,<3;4>,<6;8>,<1.5;2.2>,<1.2;1.8>,<1.2;1.5>,<1;1.3>,<1.5;2.2>,1032,<0.7;0.9>,<3;4>,<6;8>,<1.5;2.2>,<1.2;1.8>,<1.2;1.5>,<1;1.3>,<1.5;2.2>,572,<0.7;0.9>,<3;4>,<6;8>,<1.5;2.2>,<1.2;1.8>,<1.2;1.5>,<1;1.3>,<1.5;2.2>,13,<0.7;0.9>,<3;4>,<6;8>,<1.5;2.2>,<1.2;1.8>,<1.2;1.5>,<1;1.3>,<1.5;2.2>,641,<0.7;0.9>,<3;4>,<6;8>,<1.5;2.2>,<1.2;1.8>,<1.2;1.5>,<1;1.3>,<1.5;2.2>,3021,<0.6;0.8>,<2;3>,<5;7>,<1.2;2>,<1.2;1.8>,<1.2;1.5>,<1;1.3>,<1.2;2>,1931,<0.6;0.8>,<2;3>,<5;7>,<1.2;1.8>,<1.2;1.8>,<1;1.3>,<1;1.3>,<1.2;1.8>,611,<0.6;0.8>,<2;3>,<5;7>,<1.2;1.8>,<1.2;1.8>,<1;1.3>,<1;1.3>,<1.2;1.8>,2033,<0.6;0.8>,<2;3>,<5;7>,<1.2;1.8>,<1.2;1.8>,<1;1.3>,<1;1.3>,<1.2;1.8>
77,50,1313,<0.8;1>,<3;4>,<6;8>,<1.8;2.5>,<1.2;1.8>,<1.3;1.6>,<1;1.3>,<1.8;2.5>,2683,<0.7;0.9>,<3;4>,<6;8>,<1.5;2.2>,<1.2;1.8>,<1.2;1.5>,<1;1.3>,<1.5;2.2>,1071,<0.7;0.9>,<3;4>,<6;8>,<1.5;2.2>,<1.2;1.8>,<1.2;1.5>,<1;1.3>,<1.5;2.2>,701,<0.7;0.9>,<3;4>,<6;8>,<1.5;2.2>,<1.2;1.8>,<1.2;1.5>,<1;1.3>,<1.5;2.2>,273,<0.7;0.9>,<3;4>,<6;8>,<1.5;2.2>,<1.2;1.8>,<1.2;1.5>,<1;1.3>,<1.5;2.2>,712,<0.7;0.9>,<3;4>,<6;8>,<1.5;2.2>,<1.2;1.8>,<1.2;1.5>,<1;1.3>,<1.5;2.2>,3143,<0.6;0.8>,<2;3>,<5;7>,<1.2;2>,<1.2;1.8>,<1.2;1.5>,<1;1.3>,<1.2;2>,3543,<0.6;0.8>,<2;3>,<5;7>,<1.2;1.8>,<1.2;1.8>,<1;1.3>,<1;1.3>,<1.2;1.8>,631,<0.6;0.8>,<2;3>,<5;7>,<1.2;1.8>,<1.2;1.8>,<1;1.3>,<1;1.3>,<1.2;1.8>,972,<0.6;0.8>,<2;3>,<5;7>,<1.2;1.8>,<1.2;1.8>,<1;1.3>,<1;1.3>,<1.2;1.8>
78,50,1393,<0.8;1>,<3;4>,<6;8>,<1.8;2.5>,<1.2;1.8>,<1.3;1.6>,<1;1.3>,<1.8;2.5>,2843,<0.7;0.9>,<3;4>,<6;8>,<1.5;2.2>,<1.2;1.8>,<1.2;1.5>,<1;1.3>,<1.5;2.2>,1253,<0.7;0.9>,<3;4>,<6;8>,<1.5;2.2>,<1.2;1.8>,<1.2;1.5>,<1;1.3>,<1.5;2.2>,721,<0.7;0.9>,<3;4>,<6;8>,<1.5;2.2>,<1.2;1.8>,<1.2;1.5>,<1;1.3>,<1.5;2.2>,402,<0.7;0.9>,<3;4>,<6;8>,<1.5;2.2>,<1.2;1.8>,<1.2;1.5>,<1;1.3>,<1.5;2.2>,741,<0.7;0.9>,<3;4>,<6;8>,<1.5;2.2>,<1.2;1.8>,<1.2;1.5>,<1;1.3>,<1.5;2.2>,3171,<0.6;0.8>,<2;3>,<5;7>,<1.2;2>,<1.2;1.8>,<1.2;1.5>,<1;1.3>,<1.2;2>,163,<0.6;0.8>,<2;3>,<5;7>,<1.2;1.8>,<1.2;1.8>,<1;1.3>,<1;1.3>,<1.2;1.8>,641,<0.6;0.8>,<2;3>,<5;7>,<1.2;1.8>,<1.2;1.8>,<1;1.3>,<1;1.3>,<1.2;1.8>,1032,<0.6;0.8>,<2;3>,<5;7>,<1.2;1.8>,<1.2;1.8>,<1;1.3>,<1;1.3>,<1.2;1.8>
79,50,1423,<0.8;1>,<3;4>,<6;8>,<1.8;2.5>,<1.2;1.8>,<1.3;1.6>,<1;1.3>,<1.8;2.5>,3432,<0.7;0.9>,<3;4>,<6;8>,<1.5;2.2>,<1.2;1.8>,<1.2;1.5>,<1;1.3>,<1.5;2.2>,1303,<0.7;0.9>,<3;4>,<6;8>,<1.5;2.2>,<1.2;1.8>,<1.2;1.5>,<1;1.3>,<1.5;2.2>,771,<0.7;0.9>,<3;4>,<6;8>,<1.5;2.2>,<1.2;1.8>,<1.2;1.5>,<1;1.3>,<1.5;2.2>,493,<0.7;0.9>,<3;4>,<6;8>,<1.5;2.2>,<1.2;1.8>,<1.2;1.5>,<1;1.3>,<1.5;2.2>,863,<0.7;0.9>,<3;4>,<6;8>,<1.5;2.2>,<1.2;1.8>,<1.2;1.5>,<1;1.3>,<1.5;2.2>,3303,<0.6;0.8>,<2;3>,<5;7>,<1.2;2>,<1.2;1.8>,<1.2;1.5>,<1;1.3>,<1.2;2>,242,<0.6;0.8>,<2;3>,<5;7>,<1.2;1.8>,<1.2;1.8>,<1;1.3>,<1;1.3>,<1.2;1.8>,712,<0.6;0.8>,<2;3>,<5;7>,<1.2;1.8>,<1.2;1.8>,<1;1.3>,<1;1.3>,<1.2;1.8>,1071,<0.6;0.8>,<2;3>,<5;7>,<1.2;1.8>,<1.2;1.8>,<1;1.3>,<1;1.3>,<1.2;1.8>
80,50,1503,<0.8;1>,<3;4>,<6;8>,<1.8;2.5>,<1.2;1.8>,<1.3;1.6>,<1;1.3>,<1.8;2.5>,3772,<0.7;0.9>,<3;4>,<6;8>,<1.5;2.2>,<1.2;1.8>,<1.2;1.5>,<1;1.3>,<1.5;2.2>,1381,<0.7;0.9>,<3;4>,<6;8>,<1.5;2.2>,<1.2;1.8>,<1.2;1.5>,<1;1.3>,<1.5;2.2>,1231,<0.7;0.9>,<3;4>,<6;8>,<1.5;2.2>,<1.2;1.8>,<1.2;1.5>,<1;1.3>,<1.5;2.2>,552,<0.7;0.9>,<3;4>,<6;8>,<1.5;2.2>,<1.2;1.8>,<1.2;1.5>,<1;1.3>,<1.5;2.2>,883,<0.7;0.9>,<3;4>,<6;8>,<1.5;2.2>,<1.2;1.8>,<1.2;1.5>,<1;1.3>,<1.5;2.2>,3353,<0.6;0.8>,<2;3>,<5;7>,<1.2;2>,<1.2;1.8>,<1.2;1.5>,<1;1.3>,<1.2;2>,333,<0.6;0.8>,<2;3>,<5;7>,<1.2;1.8>,<1.2;1.8>,<1;1.3>,<1;1.3>,<1.2;1.8>,741,<0.6;0.8>,<2;3>,<5;7>,<1.2;1.8>,<1.2;1.8>,<1;1.3>,<1;1.3>,<1.2;1.8>,1253,<0.6;0.8>,<2;3>,<5;7>,<1.2;1.8>,<1.2;1.8>,<1;1.3>,<1;1.3>,<1.2;1.8>
81,55,1893,<0.8;1>,<3;4>,<7;9>,<1.8;2.5>,<1.2;1.8>,<1.3;1.6>,<1;1.3>,<1.8;2.5>,13,<0.7;0.9>,<3;4>,<6;8>,<1.5;2.2>,<1.2;1.8>,<1.2;1.5>,<1;1.3>,<1.5;2.2>,1772,<0.7;0.9>,<3;4>,<6;8>,<1.5;2.2>,<1.2;1.8>,<1.2;1.5>,<1;1.3>,<1.5;2.2>,1241,<0.7;0.9>,<3;4>,<6;8>,<1.5;2.2>,<1.2;1.8>,<1.2;1.5>,<1;1.3>,<1.5;2.2>,793,<0.7;0.9>,<3;4>,<6;8>,<1.5;2.2>,<1.2;1.8>,<1.2;1.5>,<1;1.3>,<1.5;2.2>,1082,<0.7;0.9>,<3;4>,<6;8>,<1.5;2.2>,<1.2;1.8>,<1.2;1.5>,<1;1.3>,<1.5;2.2>,3673,<0.6;0.8>,<3;4>,<5;7>,<1.2;2>,<1.2;1.8>,<1.2;1.5>,<1;1.3>,<1.2;2>,503,<0.6;0.8>,<3;4>,<5;7>,<1.2;1.8>,<1.2;1.8>,<1;1.3>,<1;1.3>,<1.2;1.8>,863,<0.6;0.8>,<3;4>,<5;7>,<1.2;1.8>,<1.2;1.8>,<1;1.3>,<1;1.3>,<1.2;1.8>,1303,<0.6;0.8>,<3;4>,<5;7>,<1.2;1.8>,<1.2;1.8>,<1;1.3>,<1;1.3>,<1.2;1.8>
82,55,1941,<0.8;1>,<3;4>,<7;9>,<1.8;2.5>,<1.2;1.8>,<1.3;1.6>,<1;1.3>,<1.8;2.5>,273,<0.7;0.9>,<3;4>,<6;8>,<1.5;2.2>,<1.2;1.8>,<1.2;1.5>,<1;1.3>,<1.5;2.2>,1813,<0.7;0.9>,<3;4>,<6;8>,<1.5;2.2>,<1.2;1.8>,<1.2;1.5>,<1;1.3>,<1.5;2.2>,1313,<0.7;0.9>,<3;4>,<6;8>,<1.5;2.2>,<1.2;1.8>,<1.2;1.5>,<1;1.3>,<1.5;2.2>,2013,<0.7;0.9>,<3;4>,<6;8>,<1.5;2.2>,<1.2;1.8>,<1.2;1.5>,<1;1.3>,<1.5;2.2>,1293,<0.7;0.9>,<3;4>,<6;8>,<1.5;2.2>,<1.2;1.8>,<1.2;1.5>,<1;1.3>,<1.5;2.2>,7001,<0.6;0.8>,<3;4>,<5;7>,<1.2;2>,<1.2;1.8>,<1.2;1.5>,<1;1.3>,<1.2;2>,593,<0.6;0.8>,<3;4>,<5;7>,<1.2;1.8>,<1.2;1.8>,<1;1.3>,<1;1.3>,<1.2;1.8>,883,<0.6;0.8>,<3;4>,<5;7>,<1.2;1.8>,<1.2;1.8>,<1;1.3>,<1;1.3>,<1.2;1.8>,1381,<0.6;0.8>,<3;4>,<5;7>,<1.2;1.8>,<1.2;1.8>,<1;1.3>,<1;1.3>,<1.2;1.8>
83,55,1951,<0.8;1>,<3;4>,<7;9>,<1.8;2.5>,<1.2;1.8>,<1.3;1.6>,<1;1.3>,<1.8;2.5>,402,<0.7;0.9>,<3;4>,<6;8>,<1.5;2.2>,<1.2;1.8>,<1.2;1.5>,<1;1.3>,<1.5;2.2>,1841,<0.7;0.9>,<3;4>,<6;8>,<1.5;2.2>,<1.2;1.8>,<1.2;1.5>,<1;1.3>,<1.5;2.2>,1393,<0.7;0.9>,<3;4>,<6;8>,<1.5;2.2>,<1.2;1.8>,<1.2;1.5>,<1;1.3>,<1.5;2.2>,2073,<0.7;0.9>,<3;4>,<6;8>,<1.5;2.2>,<1.2;1.8>,<1.2;1.5>,<1;1.3>,<1.5;2.2>,1612,<0.7;0.9>,<3;4>,<6;8>,<1.5;2.2>,<1.2;1.8>,<1.2;1.5>,<1;1.3>,<1.5;2.2>,44,<0.6;0.8>,<3;4>,<5;7>,<1.2;2>,<1.2;1.8>,<1.2;1.5>,<1;1.3>,<1.2;2>,603,<0.6;0.8>,<3;4>,<5;7>,<1.2;1.8>,<1.2;1.8>,<1;1.3>,<1;1.3>,<1.2;1.8>,1082,<0.6;0.8>,<3;4>,<5;7>,<1.2;1.8>,<1.2;1.8>,<1;1.3>,<1;1.3>,<1.2;1.8>,1772,<0.6;0.8>,<3;4>,<5;7>,<1.2;1.8>,<1.2;1.8>,<1;1.3>,<1;1.3>,<1.2;1.8>
84,55,2233,<0.8;1>,<3;4>,<7;9>,<1.8;2.5>,<1.2;1.8>,<1.3;1.6>,<1;1.3>,<1.8;2.5>,493,<0.7;0.9>,<3;4>,<6;8>,<1.5;2.2>,<1.2;1.8>,<1.2;1.5>,<1;1.3>,<1.5;2.2>,1911,<0.7;0.9>,<3;4>,<6;8>,<1.5;2.2>,<1.2;1.8>,<1.2;1.5>,<1;1.3>,<1.5;2.2>,1423,<0.7;0.9>,<3;4>,<6;8>,<1.5;2.2>,<1.2;1.8>,<1.2;1.5>,<1;1.3>,<1.5;2.2>,2593,<0.7;0.9>,<3;4>,<6;8>,<1.5;2.2>,<1.2;1.8>,<1.2;1.5>,<1;1.3>,<1.5;2.2>,2033,<0.7;0.9>,<3;4>,<6;8>,<1.5;2.2>,<1.2;1.8>,<1.2;1.5>,<1;1.3>,<1.5;2.2>,53,<0.6;0.8>,<3;4>,<5;7>,<1.2;2>,<1.2;1.8>,<1.2;1.5>,<1;1.3>,<1.2;2>,611,<0.6;0.8>,<3;4>,<5;7>,<1.2;1.8>,<1.2;1.8>,<1;1.3>,<1;1.3>,<1.2;1.8>,1293,<0.6;0.8>,<3;4>,<5;7>,<1.2;1.8>,<1.2;1.8>,<1;1.3>,<1;1.3>,<1.2;1.8>,1813,<0.6;0.8>,<3;4>,<5;7>,<1.2;1.8>,<1.2;1.8>,<1;1.3>,<1;1.3>,<1.2;1.8>
85,55,2401,<0.8;1>,<3;4>,<7;9>,<1.8;2.5>,<1.2;1.8>,<1.3;1.6>,<1;1.3>,<1.8;2.5>,552,<0.7;0.9>,<3;4>,<6;8>,<1.5;2.2>,<1.2;1.8>,<1.2;1.5>,<1;1.3>,<1.5;2.2>,2023,<0.7;0.9>,<3;4>,<6;8>,<1.5;2.2>,<1.2;1.8>,<1.2;1.5>,<1;1.3>,<1.5;2.2>,1503,<0.7;0.9>,<3;4>,<6;8>,<1.5;2.2>,<1.2;1.8>,<1.2;1.5>,<1;1.3>,<1.5;2.2>,2612,<0.7;0.9>,<3;4>,<6;8>,<1.5;2.2>,<1.2;1.8>,<1.2;1.5>,<1;1.3>,<1.5;2.2>,972,<0.7;0.9>,<3;4>,<6;8>,<1.5;2.2>,<1.2;1.8>,<1.2;1.5>,<1;1.3>,<1.5;2.2>,82,<0.6;0.8>,<3;4>,<5;7>,<1.2;2>,<1.2;1.8>,<1.2;1.5>,<1;1.3>,<1.2;2>,631,<0.6;0.8>,<3;4>,<5;7>,<1.2;1.8>,<1.2;1.8>,<1;1.3>,<1;1.3>,<1.2;1.8>,1612,<0.6;0.8>,<3;4>,<5;7>,<1.2;1.8>,<1.2;1.8>,<1;1.3>,<1;1.3>,<1.2;1.8>,1841,<0.6;0.8>,<3;4>,<5;7>,<1.2;1.8>,<1.2;1.8>,<1;1.3>,<1;1.3>,<1.2;1.8>
86,55,2493,<0.8;1>,<3;4>,<7;9>,<1.8;2.5>,<1.2;1.8>,<1.3;1.6>,<1;1.3>,<1.8;2.5>,793,<0.7;0.9>,<3;4>,<6;8>,<1.5;2.2>,<1.2;1.8>,<1.2;1.5>,<1;1.3>,<1.5;2.2>,2242,<0.7;0.9>,<3;4>,<6;8>,<1.5;2.2>,<1.2;1.8>,<1.2;1.5>,<1;1.3>,<1.5;2.2>,1893,<0.7;0.9>,<3;4>,<6;8>,<1.5;2.2>,<1.2;1.8>,<1.2;1.5>,<1;1.3>,<1.5;2.2>,2633,<0.7;0.9>,<3;4>,<6;8>,<1.5;2.2>,<1.2;1.8>,<1.2;1.5>,<1;1.3>,<1.5;2.2>,1032,<0.7;0.9>,<3;4>,<6;8>,<1.5;2.2>,<1.2;1.8>,<1.2;1.5>,<1;1.3>,<1.5;2.2>,692,<0.6;0.8>,<3;4>,<5;7>,<1.2;2>,<1.2;1.8>,<1.2;1.5>,<1;1.3>,<1.2;2>,641,<0.6;0.8>,<3;4>,<5;7>,<1.2;1.8>,<1.2;1.8>,<1;1.3>,<1;1.3>,<1.2;1.8>,2033,<0.6;0.8>,<3;4>,<5;7>,<1.2;1.8>,<1.2;1.8>,<1;1.3>,<1;1.3>,<1.2;1.8>,1911,<0.6;0.8>,<3;4>,<5;7>,<1.2;1.8>,<1.2;1.8>,<1;1.3>,<1;1.3>,<1.2;1.8>
87,55,3021,<0.8;1>,<3;4>,<7;9>,<1.8;2.5>,<1.2;1.8>,<1.3;1.6>,<1;1.3>,<1.8;2.5>,2013,<0.7;0.9>,<3;4>,<6;8>,<1.5;2.2>,<1.2;1.8>,<1.2;1.5>,<1;1.3>,<1.5;2.2>,2723,<0.7;0.9>,<3;4>,<6;8>,<1.5;2.2>,<1.2;1.8>,<1.2;1.5>,<1;1.3>,<1.5;2.2>,1941,<0.7;0.9>,<3;4>,<6;8>,<1.5;2.2>,<1.2;1.8>,<1.2;1.5>,<1;1.3>,<1.5;2.2>,2963,<0.7;0.9>,<3;4>,<6;8>,<1.5;2.2>,<1.2;1.8>,<1.2;1.5>,<1;1.3>,<1.5;2.2>,1071,<0.7;0.9>,<3;4>,<6;8>,<1.5;2.2>,<1.2;1.8>,<1.2;1.5>,<1;1.3>,<1.5;2.2>,2683,<0.6;0.8>,<3;4>,<5;7>,<1.2;2>,<1.2;1.8>,<1.2;1.5>,<1;1.3>,<1.2;2>,712,<0.6;0.8>,<3;4>,<5;7>,<1.2;1.8>,<1.2;1.8>,<1;1.3>,<1;1.3>,<1.2;1.8>,972,<0.6;0.8>,<3;4>,<5;7>,<1.2;1.8>,<1.2;1.8>,<1;1.3>,<1;1.3>,<1.2;1.8>,2023,<0.6;0.8>,<3;4>,<5;7>,<1.2;1.8>,<1.2;1.8>,<1;1.3>,<1;1.3>,<1.2;1.8>
88,55,3143,<0.8;1>,<3;4>,<7;9>,<1.8;2.5>,<1.2;1.8>,<1.3;1.6>,<1;1.3>,<1.8;2.5>,2073,<0.7;0.9>,<3;4>,<6;8>,<1.5;2.2>,<1.2;1.8>,<1.2;1.5>,<1;1.3>,<1.5;2.2>,3003,<0.7;0.9>,<3;4>,<6;8>,<1.5;2.2>,<1.2;1.8>,<1.2;1.5>,<1;1.3>,<1.5;2.2>,1951,<0.7;0.9>,<3;4>,<6;8>,<1.5;2.2>,<1.2;1.8>,<1.2;1.5>,<1;1.3>,<1.5;2.2>,3283,<0.7;0.9>,<3;4>,<6;8>,<1.5;2.2>,<1.2;1.8>,<1.2;1.5>,<1;1.3>,<1.5;2.2>,1253,<0.7;0.9>,<3;4>,<6;8>,<1.5;2.2>,<1.2;1.8>,<1.2;1.5>,<1;1.3>,<1.5;2.2>,2843,<0.6;0.8>,<3;4>,<5;7>,<1.2;2>,<1.2;1.8>,<1.2;1.5>,<1;1.3>,<1.2;2>,741,<0.6;0.8>,<3;4>,<5;7>,<1.2;1.8>,<1.2;1.8>,<1;1.3>,<1;1.3>,<1.2;1.8>,1032,<0.6;0.8>,<3;4>,<5;7>,<1.2;1.8>,<1.2;1.8>,<1;1.3>,<1;1.3>,<1.2;1.8>,2242,<0.6;0.8>,<3;4>,<5;7>,<1.2;1.8>,<1.2;1.8>,<1;1.3>,<1;1.3>,<1.2;1.8>
89,55,3171,<0.8;1>,<3;4>,<7;9>,<1.8;2.5>,<1.2;1.8>,<1.3;1.6>,<1;1.3>,<1.8;2.5>,2593,<0.7;0.9>,<3;4>,<6;8>,<1.5;2.2>,<1.2;1.8>,<1.2;1.5>,<1;1.3>,<1.5;2.2>,3152,<0.7;0.9>,<3;4>,<6;8>,<1.5;2.2>,<1.2;1.8>,<1.2;1.5>,<1;1.3>,<1.5;2.2>,2233,<0.7;0.9>,<3;4>,<6;8>,<1.5;2.2>,<1.2;1.8>,<1.2;1.5>,<1;1.3>,<1.5;2.2>,3293,<0.7;0.9>,<3;4>,<6;8>,<1.5;2.2>,<1.2;1.8>,<1.2;1.5>,<1;1.3>,<1.5;2.2>,1303,<0.7;0.9>,<3;4>,<6;8>,<1.5;2.2>,<1.2;1.8>,<1.2;1.5>,<1;1.3>,<1.5;2.2>,3432,<0.6;0.8>,<3;4>,<5;7>,<1.2;2>,<1.2;1.8>,<1.2;1.5>,<1;1.3>,<1.2;2>,863,<0.6;0.8>,<3;4>,<5;7>,<1.2;1.8>,<1.2;1.8>,<1;1.3>,<1;1.3>,<1.2;1.8>,1071,<0.6;0.8>,<3;4>,<5;7>,<1.2;1.8>,<1.2;1.8>,<1;1.3>,<1;1.3>,<1.2;1.8>,2723,<0.6;0.8>,<3;4>,<5;7>,<1.2;1.8>,<1.2;1.8>,<1;1.3>,<1;1.3>,<1.2;1.8>
90,55,3303,<0.8;1>,<3;4>,<7;9>,<1.8;2.5>,<1.2;1.8>,<1.3;1.6>,<1;1.3>,<1.8;2.5>,2612,<0.7;0.9>,<3;4>,<6;8>,<1.5;2.2>,<1.2;1.8>,<1.2;1.5>,<1;1.3>,<1.5;2.2>,3161,<0.7;0.9>,<3;4>,<6;8>,<1.5;2.2>,<1.2;1.8>,<1.2;1.5>,<1;1.3>,<1.5;2.2>,2401,<0.7;0.9>,<3;4>,<6;8>,<1.5;2.2>,<1.2;1.8>,<1.2;1.5>,<1;1.3>,<1.5;2.2>,3342,<0.7;0.9>,<3;4>,<6;8>,<1.5;2.2>,<1.2;1.8>,<1.2;1.5>,<1;1.3>,<1.5;2.2>,1381,<0.7;0.9>,<3;4>,<6;8>,<1.5;2.2>,<1.2;1.8>,<1.2;1.5>,<1;1.3>,<1.5;2.2>,3772,<0.6;0.8>,<3;4>,<5;7>,<1.2;2>,<1.2;1.8>,<1.2;1.5>,<1;1.3>,<1.2;2>,883,<0.6;0.8>,<3;4>,<5;7>,<1.2;1.8>,<1.2;1.8>,<1;1.3>,<1;1.3>,<1.2;1.8>,1253,<0.6;0.8>,<3;4>,<5;7>,<1.2;1.8>,<1.2;1.8>,<1;1.3>,<1;1.3>,<1.2;1.8>,3003,<0.6;0.8>,<3;4>,<5;7>,<1.2;1.8>,<1.2;1.8>,<1;1.3>,<1;1.3>,<1.2;1.8>
91,55,3353,<0.8;1>,<3;4>,<7;9>,<1.8;2.5>,<1.2;1.8>,<1.3;1.6>,<1;1.3>,<1.8;2.5>,2633,<0.7;0.9>,<3;4>,<6;8>,<1.5;2.2>,<1.2;1.8>,<1.2;1.5>,<1;1.3>,<1.5;2.2>,3181,<0.7;0.9>,<3;4>,<6;8>,<1.5;2.2>,<1.2;1.8>,<1.2;1.5>,<1;1.3>,<1.5;2.2>,2493,<0.7;0.9>,<3;4>,<6;8>,<1.5;2.2>,<1.2;1.8>,<1.2;1.5>,<1;1.3>,<1.5;2.2>,3472,<0.7;0.9>,<3;4>,<6;8>,<1.5;2.2>,<1.2;1.8>,<1.2;1.5>,<1;1.3>,<1.5;2.2>,1772,<0.7;0.9>,<3;4>,<6;8>,<1.5;2.2>,<1.2;1.8>,<1.2;1.5>,<1;1.3>,<1.5;2.2>,13,<0.6;0.8>,<3;4>,<5;7>,<1.2;2>,<1.2;1.8>,<1.2;1.5>,<1;1.3>,<1.2;2>,1082,<0.6;0.8>,<3;4>,<5;7>,<1.2;1.8>,<1.2;1.8>,<1;1.3>,<1;1.3>,<1.2;1.8>,1303,<0.6;0.8>,<3;4>,<5;7>,<1.2;1.8>,<1.2;1.8>,<1;1.3>,<1;1.3>,<1.2;1.8>,3152,<0.6;0.8>,<3;4>,<5;7>,<1.2;1.8>,<1.2;1.8>,<1;1.3>,<1;1.3>,<1.2;1.8>
92,55,3673,<0.8;1>,<3;4>,<7;9>,<1.8;2.5>,<1.2;1.8>,<1.3;1.6>,<1;1.3>,<1.8;2.5>,2963,<0.7;0.9>,<3;4>,<6;8>,<1.5;2.2>,<1.2;1.8>,<1.2;1.5>,<1;1.3>,<1.5;2.2>,3251,<0.7;0.9>,<3;4>,<6;8>,<1.5;2.2>,<1.2;1.8>,<1.2;1.5>,<1;1.3>,<1.5;2.2>,3021,<0.7;0.9>,<3;4>,<6;8>,<1.5;2.2>,<1.2;1.8>,<1.2;1.5>,<1;1.3>,<1.5;2.2>,3511,<0.7;0.9>,<3;4>,<6;8>,<1.5;2.2>,<1.2;1.8>,<1.2;1.5>,<1;1.3>,<1.5;2.2>,1813,<0.7;0.9>,<3;4>,<6;8>,<1.5;2.2>,<1.2;1.8>,<1.2;1.5>,<1;1.3>,<1.5;2.2>,273,<0.6;0.8>,<3;4>,<5;7>,<1.2;2>,<1.2;1.8>,<1.2;1.5>,<1;1.3>,<1.2;2>,1293,<0.6;0.8>,<3;4>,<5;7>,<1.2;1.8>,<1.2;1.8>,<1;1.3>,<1;1.3>,<1.2;1.8>,1381,<0.6;0.8>,<3;4>,<5;7>,<1.2;1.8>,<1.2;1.8>,<1;1.3>,<1;1.3>,<1.2;1.8>,3161,<0.6;0.8>,<3;4>,<5;7>,<1.2;1.8>,<1.2;1.8>,<1;1.3>,<1;1.3>,<1.2;1.8>
93,55,7001,<0.8;1>,<3;4>,<7;9>,<1.8;2.5>,<1.2;1.8>,<1.3;1.6>,<1;1.3>,<1.8;2.5>,3283,<0.7;0.9>,<3;4>,<6;8>,<1.5;2.2>,<1.2;1.8>,<1.2;1.5>,<1;1.3>,<1.5;2.2>,3592,<0.7;0.9>,<3;4>,<6;8>,<1.5;2.2>,<1.2;1.8>,<1.2;1.5>,<1;1.3>,<1.5;2.2>,3143,<0.7;0.9>,<3;4>,<6;8>,<1.5;2.2>,<1.2;1.8>,<1.2;1.5>,<1;1.3>,<1.5;2.2>,3683,<0.7;0.9>,<3;4>,<6;8>,<1.5;2.2>,<1.2;1.8>,<1.2;1.5>,<1;1.3>,<1.5;2.2>,1841,<0.7;0.9>,<3;4>,<6;8>,<1.5;2.2>,<1.2;1.8>,<1.2;1.5>,<1;1.3>,<1.5;2.2>,402,<0.6;0.8>,<3;4>,<5;7>,<1.2;2>,<1.2;1.8>,<1.2;1.5>,<1;1.3>,<1.2;2>,1612,<0.6;0.8>,<3;4>,<5;7>,<1.2;1.8>,<1.2;1.8>,<1;1.3>,<1;1.3>,<1.2;1.8>,1772,<0.6;0.8>,<3;4>,<5;7>,<1.2;1.8>,<1.2;1.8>,<1;1.3>,<1;1.3>,<1.2;1.8>,3181,<0.6;0.8>,<3;4>,<5;7>,<1.2;1.8>,<1.2;1.8>,<1;1.3>,<1;1.3>,<1.2;1.8>
94,55,44,<0.8;1>,<3;4>,<7;9>,<1.8;2.5>,<1.2;1.8>,<1.3;1.6>,<1;1.3>,<1.8;2.5>,3293,<0.7;0.9>,<3;4>,<6;8>,<1.5;2.2>,<1.2;1.8>,<1.2;1.5>,<1;1.3>,<1.5;2.2>,3663,<0.7;0.9>,<3;4>,<6;8>,<1.5;2.2>,<1.2;1.8>,<1.2;1.5>,<1;1.3>,<1.5;2.2>,3171,<0.7;0.9>,<3;4>,<6;8>,<1.5;2.2>,<1.2;1.8>,<1.2;1.5>,<1;1.3>,<1.5;2.2>,731,<0.7;0.9>,<3;4>,<6;8>,<1.5;2.2>,<1.2;1.8>,<1.2;1.5>,<1;1.3>,<1.5;2.2>,1911,<0.7;0.9>,<3;4>,<6;8>,<1.5;2.2>,<1.2;1.8>,<1.2;1.5>,<1;1.3>,<1.5;2.2>,493,<0.6;0.8>,<3;4>,<5;7>,<1.2;2>,<1.2;1.8>,<1.2;1.5>,<1;1.3>,<1.2;2>,2033,<0.6;0.8>,<3;4>,<5;7>,<1.2;1.8>,<1.2;1.8>,<1;1.3>,<1;1.3>,<1.2;1.8>,1813,<0.6;0.8>,<3;4>,<5;7>,<1.2;1.8>,<1.2;1.8>,<1;1.3>,<1;1.3>,<1.2;1.8>,3251,<0.6;0.8>,<3;4>,<5;7>,<1.2;1.8>,<1.2;1.8>,<1;1.3>,<1;1.3>,<1.2;1.8>
95,55,53,<0.8;1>,<3;4>,<7;9>,<1.8;2.5>,<1.2;1.8>,<1.3;1.6>,<1;1.3>,<1.8;2.5>,3342,<0.7;0.9>,<3;4>,<6;8>,<1.5;2.2>,<1.2;1.8>,<1.2;1.5>,<1;1.3>,<1.5;2.2>,263,<0.7;0.9>,<3;4>,<6;8>,<1.5;2.2>,<1.2;1.8>,<1.2;1.5>,<1;1.3>,<1.5;2.2>,3303,<0.7;0.9>,<3;4>,<6;8>,<1.5;2.2>,<1.2;1.8>,<1.2;1.5>,<1;1.3>,<1.5;2.2>,1221,<0.7;0.9>,<3;4>,<6;8>,<1.5;2.2>,<1.2;1.8>,<1.2;1.5>,<1;1.3>,<1.5;2.2>,2023,<0.7;0.9>,<3;4>,<6;8>,<1.5;2.2>,<1.2;1.8>,<1.2;1.5>,<1;1.3>,<1.5;2.2>,552,<0.6;0.8>,<3;4>,<5;7>,<1.2;2>,<1.2;1.8>,<1.2;1.5>,<1;1.3>,<1.2;2>,972,<0.6;0.8>,<3;4>,<5;7>,<1.2;1.8>,<1.2;1.8>,<1;1.3>,<1;1.3>,<1.2;1.8>,1841,<0.6;0.8>,<3;4>,<5;7>,<1.2;1.8>,<1.2;1.8>,<1;1.3>,<1;1.3>,<1.2;1.8>,3592,<0.6;0.8>,<3;4>,<5;7>,<1.2;1.8>,<1.2;1.8>,<1;1.3>,<1;1.3>,<1.2;1.8>
96,55,82,<0.8;1>,<3;4>,<7;9>,<1.8;2.5>,<1.2;1.8>,<1.3;1.6>,<1;1.3>,<1.8;2.5>,3472,<0.7;0.9>,<3;4>,<6;8>,<1.5;2.2>,<1.2;1.8>,<1.2;1.5>,<1;1.3>,<1.5;2.2>,393,<0.7;0.9>,<3;4>,<6;8>,<1.5;2.2>,<1.2;1.8>,<1.2;1.5>,<1;1.3>,<1.5;2.2>,3353,<0.7;0.9>,<3;4>,<6;8>,<1.5;2.2>,<1.2;1.8>,<1.2;1.5>,<1;1.3>,<1.5;2.2>,1903,<0.7;0.9>,<3;4>,<6;8>,<1.5;2.2>,<1.2;1.8>,<1.2;1.5>,<1;1.3>,<1.5;2.2>,2242,<0.7;0.9>,<3;4>,<6;8>,<1.5;2.2>,<1.2;1.8>,<1.2;1.5>,<1;1.3>,<1.5;2.2>,793,<0.6;0.8>,<3;4>,<5;7>,<1.2;2>,<1.2;1.8>,<1.2;1.5>,<1;1.3>,<1.2;2>,1032,<0.6;0.8>,<3;4>,<5;7>,<1.2;1.8>,<1.2;1.8>,<1;1.3>,<1;1.3>,<1.2;1.8>,1911,<0.6;0.8>,<3;4>,<5;7>,<1.2;1.8>,<1.2;1.8>,<1;1.3>,<1;1.3>,<1.2;1.8>,3663,<0.6;0.8>,<3;4>,<5;7>,<1.2;1.8>,<1.2;1.8>,<1;1.3>,<1;1.3>,<1.2;1.8>
97,55,692,<0.8;1>,<3;4>,<7;9>,<1.8;2.5>,<1.2;1.8>,<1.3;1.6>,<1;1.3>,<1.8;2.5>,3511,<0.7;0.9>,<3;4>,<6;8>,<1.5;2.2>,<1.2;1.8>,<1.2;1.5>,<1;1.3>,<1.5;2.2>,572,<0.7;0.9>,<3;4>,<6;8>,<1.5;2.2>,<1.2;1.8>,<1.2;1.5>,<1;1.3>,<1.5;2.2>,3673,<0.7;0.9>,<3;4>,<6;8>,<1.5;2.2>,<1.2;1.8>,<1.2;1.5>,<1;1.3>,<1.5;2.2>,1931,<0.7;0.9>,<3;4>,<6;8>,<1.5;2.2>,<1.2;1.8>,<1.2;1.5>,<1;1.3>,<1.5;2.2>,2723,<0.7;0.9>,<3;4>,<6;8>,<1.5;2.2>,<1.2;1.8>,<1.2;1.5>,<1;1.3>,<1.5;2.2>,2013,<0.6;0.8>,<3;4>,<5;7>,<1.2;2>,<1.2;1.8>,<1.2;1.5>,<1;1.3>,<1.2;2>,1071,<0.6;0.8>,<3;4>,<5;7>,<1.2;1.8>,<1.2;1.8>,<1;1.3>,<1;1.3>,<1.2;1.8>,2023,<0.6;0.8>,<3;4>,<5;7>,<1.2;1.8>,<1.2;1.8>,<1;1.3>,<1;1.3>,<1.2;1.8>,263,<0.6;0.8>,<3;4>,<5;7>,<1.2;1.8>,<1.2;1.8>,<1;1.3>,<1;1.3>,<1.2;1.8>
98,55,2683,<0.8;1>,<3;4>,<7;9>,<1.8;2.5>,<1.2;1.8>,<1.3;1.6>,<1;1.3>,<1.8;2.5>,3683,<0.7;0.9>,<3;4>,<6;8>,<1.5;2.2>,<1.2;1.8>,<1.2;1.5>,<1;1.3>,<1.5;2.2>,701,<0.7;0.9>,<3;4>,<6;8>,<1.5;2.2>,<1.2;1.8>,<1.2;1.5>,<1;1.3>,<1.5;2.2>,7001,<0.7;0.9>,<3;4>,<6;8>,<1.5;2.2>,<1.2;1.8>,<1.2;1.5>,<1;1.3>,<1.5;2.2>,3543,<0.7;0.9>,<3;4>,<6;8>,<1.5;2.2>,<1.2;1.8>,<1.2;1.5>,<1;1.3>,<1.5;2.2>,3003,<0.7;0.9>,<3;4>,<6;8>,<1.5;2.2>,<1.2;1.8>,<1.2;1.5>,<1;1.3>,<1.5;2.2>,2073,<0.6;0.8>,<3;4>,<5;7>,<1.2;2>,<1.2;1.8>,<1.2;1.5>,<1;1.3>,<1.2;2>,1253,<0.6;0.8>,<3;4>,<5;7>,<1.2;1.8>,<1.2;1.8>,<1;1.3>,<1;1.3>,<1.2;1.8>,2242,<0.6;0.8>,<3;4>,<5;7>,<1.2;1.8>,<1.2;1.8>,<1;1.3>,<1;1.3>,<1.2;1.8>,393,<0.6;0.8>,<3;4>,<5;7>,<1.2;1.8>,<1.2;1.8>,<1;1.3>,<1;1.3>,<1.2;1.8>
99,55,2843,<0.8;1>,<3;4>,<7;9>,<1.8;2.5>,<1.2;1.8>,<1.3;1.6>,<1;1.3>,<1.8;2.5>,731,<0.7;0.9>,<3;4>,<6;8>,<1.5;2.2>,<1.2;1.8>,<1.2;1.5>,<1;1.3>,<1.5;2.2>,721,<0.7;0.9>,<3;4>,<6;8>,<1.5;2.2>,<1.2;1.8>,<1.2;1.5>,<1;1.3>,<1.5;2.2>,44,<0.7;0.9>,<3;4>,<6;8>,<1.5;2.2>,<1.2;1.8>,<1.2;1.5>,<1;1.3>,<1.5;2.2>,163,<0.7;0.9>,<3;4>,<6;8>,<1.5;2.2>,<1.2;1.8>,<1.2;1.5>,<1;1.3>,<1.5;2.2>,3152,<0.7;0.9>,<3;4>,<6;8>,<1.5;2.2>,<1.2;1.8>,<1.2;1.5>,<1;1.3>,<1.5;2.2>,2593,<0.6;0.8>,<3;4>,<5;7>,<1.2;2>,<1.2;1.8>,<1.2;1.5>,<1;1.3>,<1.2;2>,1303,<0.6;0.8>,<3;4>,<5;7>,<1.2;1.8>,<1.2;1.8>,<1;1.3>,<1;1.3>,<1.2;1.8>,2723,<0.6;0.8>,<3;4>,<5;7>,<1.2;1.8>,<1.2;1.8>,<1;1.3>,<1;1.3>,<1.2;1.8>,572,<0.6;0.8>,<3;4>,<5;7>,<1.2;1.8>,<1.2;1.8>,<1;1.3>,<1;1.3>,<1.2;1.8>
100,55,3432,<0.8;1>,<3;4>,<7;9>,<1.8;2.5>,<1.2;1.8>,<1.3;1.6>,<1;1.3>,<1.8;2.5>,1221,<0.7;0.9>,<3;4>,<6;8>,<1.5;2.2>,<1.2;1.8>,<1.2;1.5>,<1;1.3>,<1.5;2.2>,771,<0.7;0.9>,<3;4>,<6;8>,<1.5;2.2>,<1.2;1.8>,<1.2;1.5>,<1;1.3>,<1.5;2.2>,53,<0.7;0.9>,<3;4>,<6;8>,<1.5;2.2>,<1.2;1.8>,<1.2;1.5>,<1;1.3>,<1.5;2.2>,242,<0.7;0.9>,<3;4>,<6;8>,<1.5;2.2>,<1.2;1.8>,<1.2;1.5>,<1;1.3>,<1.5;2.2>,3161,<0.7;0.9>,<3;4>,<6;8>,<1.5;2.2>,<1.2;1.8>,<1.2;1.5>,<1;1.3>,<1.5;2.2>,2612,<0.6;0.8>,<3;4>,<5;7>,<1.2;2>,<1.2;1.8>,<1.2;1.5>,<1;1.3>,<1.2;2>,1381,<0.6;0.8>,<3;4>,<5;7>,<1.2;1.8>,<1.2;1.8>,<1;1.3>,<1;1.3>,<1.2;1.8>,3003,<0.6;0.8>,<3;4>,<5;7>,<1.2;1.8>,<1.2;1.8>,<1;1.3>,<1;1.3>,<1.2;1.8>,701,<0.6;0.8>,<3;4>,<5;7>,<1.2;1.8>,<1.2;1.8>,<1;1.3>,<1;1.3>,<1.2;1.8>
101,60,3772,<0.8;1>,<3;4>,<7;9>,<1.8;2.5>,<1.2;1.8>,<1.3;1.6>,<1;1.3>,<1.8;2.5>,1903,<0.7;0.9>,<3;4>,<6;8>,<1.5;2.2>,<1.2;1.8>,<1.2;1.5>,<1;1.3>,<1.5;2.2>,1231,<0.7;0.9>,<3;4>,<6;8>,<1.5;2.2>,<1.2;1.8>,<1.2;1.5>,<1;1.3>,<1.5;2.2>,82,<0.7;0.9>,<3;4>,<6;8>,<1.5;2.2>,<1.2;1.8>,<1.2;1.5>,<1;1.3>,<1.5;2.2>,333,<0.7;0.9>,<3;4>,<6;8>,<1.5;2.2>,<1.2;1.8>,<1.2;1.5>,<1;1.3>,<1.5;2.2>,3181,<0.7;0.9>,<3;4>,<6;8>,<1.5;2.2>,<1.2;1.8>,<1.2;1.5>,<1;1.3>,<1.5;2.2>,2633,<0.6;0.8>,<3;4>,<5;7>,<1.2;2>,<1.2;1.8>,<1.2;1.5>,<1;1.3>,<1.2;2>,1772,<0.6;0.8>,<3;4>,<5;7>,<1.2;1.8>,<1.2;1.8>,<1;1.3>,<1;1.3>,<1.2;1.8>,3152,<0.6;0.8>,<3;4>,<5;7>,<1.2;1.8>,<1.2;1.8>,<1;1.3>,<1;1.3>,<1.2;1.8>,721,<0.6;0.8>,<3;4>,<5;7>,<1.2;1.8>,<1.2;1.8>,<1;1.3>,<1;1.3>,<1.2;1.8>
102,60,13,<0.8;1>,<3;4>,<7;9>,<1.8;2.5>,<1.2;1.8>,<1.3;1.6>,<1;1.3>,<1.8;2.5>,1931,<0.7;0.9>,<3;4>,<6;8>,<1.5;2.2>,<1.2;1.8>,<1.2;1.5>,<1;1.3>,<1.5;2.2>,1241,<0.7;0.9>,<3;4>,<6;8>,<1.5;2.2>,<1.2;1.8>,<1.2;1.5>,<1;1.3>,<1.5;2.2>,692,<0.7;0.9>,<3;4>,<6;8>,<1.5;2.2>,<1.2;1.8>,<1.2;1.5>,<1;1.3>,<1.5;2.2>,503,<0.7;0.9>,<3;4>,<6;8>,<1.5;2.2>,<1.2;1.8>,<1.2;1.5>,<1;1.3>,<1.5;2.2>,3251,<0.7;0.9>,<3;4>,<6;8>,<1.5;2.2>,<1.2;1.8>,<1.2;1.5>,<1;1.3>,<1.5;2.2>,2963,<0.6;0.8>,<3;4>,<5;7>,<1.2;2>,<1.2;1.8>,<1.2;1.5>,<1;1.3>,<1.2;2>,1813,<0.6;0.8>,<3;4>,<5;7>,<1.2;1.8>,<1.2;1.8>,<1;1.3>,<1;1.3>,<1.2;1.8>,3161,<0.6;0.8>,<3;4>,<5;7>,<1.2;1.8>,<1.2;1.8>,<1;1.3>,<1;1.3>,<1.2;1.8>,771,<0.6;0.8>,<3;4>,<5;7>,<1.2;1.8>,<1.2;1.8>,<1;1.3>,<1;1.3>,<1.2;1.8>
103,60,273,<0.8;1>,<3;4>,<7;9>,<1.8;2.5>,<1.2;1.8>,<1.3;1.6>,<1;1.3>,<1.8;2.5>,3543,<0.7;0.9>,<3;4>,<6;8>,<1.5;2.2>,<1.2;1.8>,<1.2;1.5>,<1;1.3>,<1.5;2.2>,1313,<0.7;0.9>,<3;4>,<6;8>,<1.5;2.2>,<1.2;1.8>,<1.2;1.5>,<1;1.3>,<1.5;2.2>,2683,<0.7;0.9>,<3;4>,<6;8>,<1.5;2.2>,<1.2;1.8>,<1.2;1.5>,<1;1.3>,<1.5;2.2>,593,<0.7;0.9>,<3;4>,<6;8>,<1.5;2.2>,<1.2;1.8>,<1.2;1.5>,<1;1.3>,<1.5;2.2>,3592,<0.7;0.9>,<3;4>,<6;8>,<1.5;2.2>,<1.2;1.8>,<1.2;1.5>,<1;1.3>,<1.5;2.2>,3283,<0.6;0.8>,<3;4>,<5;7>,<1.2;2>,<1.2;1.8>,<1.2;1.5>,<1;1.3>,<1.2;2>,1841,<0.6;0.8>,<3;4>,<5;7>,<1.2;1.8>,<1.2;1.8>,<1;1.3>,<1;1.3>,<1.2;1.8>,3181,<0.6;0.8>,<3;4>,<5;7>,<1.2;1.8>,<1.2;1.8>,<1;1.3>,<1;1.3>,<1.2;1.8>,1231,<0.6;0.8>,<3;4>,<5;7>,<1.2;1.8>,<1.2;1.8>,<1;1.3>,<1;1.3>,<1.2;1.8>
104,60,402,<0.8;1>,<3;4>,<7;9>,<1.8;2.5>,<1.2;1.8>,<1.3;1.6>,<1;1.3>,<1.8;2.5>,163,<0.7;0.9>,<3;4>,<6;8>,<1.5;2.2>,<1.2;1.8>,<1.2;1.5>,<1;1.3>,<1.5;2.2>,1393,<0.7;0.9>,<3;4>,<6;8>,<1.5;2.2>,<1.2;1.8>,<1.2;1.5>,<1;1.3>,<1.5;2.2>,2843,<0.7;0.9>,<3;4>,<6;8>,<1.5;2.2>,<1.2;1.8>,<1.2;1.5>,<1;1.3>,<1.5;2.2>,603,<0.7;0.9>,<3;4>,<6;8>,<1.5;2.2>,<1.2;1.8>,<1.2;1.5>,<1;1.3>,<1.5;2.2>,3663,<0.7;0.9>,<3;4>,<6;8>,<1.5;2.2>,<1.2;1.8>,<1.2;1.5>,<1;1.3>,<1.5;2.2>,3293,<0.6;0.8>,<3;4>,<5;7>,<1.2;2>,<1.2;1.8>,<1.2;1.5>,<1;1.3>,<1.2;2>,1911,<0.6;0.8>,<3;4>,<5;7>,<1.2;1.8>,<1.2;1.8>,<1;1.3>,<1;1.3>,<1.2;1.8>,3251,<0.6;0.8>,<3;4>,<5;7>,<1.2;1.8>,<1.2;1.8>,<1;1.3>,<1;1.3>,<1.2;1.8>,1241,<0.6;0.8>,<3;4>,<5;7>,<1.2;1.8>,<1.2;1.8>,<1;1.3>,<1;1.3>,<1.2;1.8>
105,60,493,<0.8;1>,<3;4>,<7;9>,<1.8;2.5>,<1.2;1.8>,<1.3;1.6>,<1;1.3>,<1.8;2.5>,242,<0.7;0.9>,<3;4>,<6;8>,<1.5;2.2>,<1.2;1.8>,<1.2;1.5>,<1;1.3>,<1.5;2.2>,1423,<0.7;0.9>,<3;4>,<6;8>,<1.5;2.2>,<1.2;1.8>,<1.2;1.5>,<1;1.3>,<1.5;2.2>,3432,<0.7;0.9>,<3;4>,<6;8>,<1.5;2.2>,<1.2;1.8>,<1.2;1.5>,<1;1.3>,<1.5;2.2>,611,<0.7;0.9>,<3;4>,<6;8>,<1.5;2.2>,<1.2;1.8>,<1.2;1.5>,<1;1.3>,<1.5;2.2>,263,<0.7;0.9>,<3;4>,<6;8>,<1.5;2.2>,<1.2;1.8>,<1.2;1.5>,<1;1.3>,<1.5;2.2>,3342,<0.6;0.8>,<3;4>,<5;7>,<1.2;2>,<1.2;1.8>,<1.2;1.5>,<1;1.3>,<1.2;2>,2023,<0.6;0.8>,<3;4>,<5;7>,<1.2;1.8>,<1.2;1.8>,<1;1.3>,<1;1.3>,<1.2;1.8>,3592,<0.6;0.8>,<3;4>,<5;7>,<1.2;1.8>,<1.2;1.8>,<1;1.3>,<1;1.3>,<1.2;1.8>,1313,<0.6;0.8>,<3;4>,<5;7>,<1.2;1.8>,<1.2;1.8>,<1;1.3>,<1;1.3>,<1.2;1.8>
106,60,552,<0.8;1>,<3;4>,<7;9>,<1.8;2.5>,<1.2;1.8>,<1.3;1.6>,<1;1.3>,<1.8;2.5>,333,<0.7;0.9>,<3;4>,<6;8>,<1.5;2.2>,<1.2;1.8>,<1.2;1.5>,<1;1.3>,<1.5;2.2>,1503,<0.7;0.9>,<3;4>,<6;8>,<1.5;2.2>,<1.2;1.8>,<1.2;1.5>,<1;1.3>,<1.5;2.2>,3772,<0.7;0.9>,<3;4>,<6;8>,<1.5;2.2>,<1.2;1.8>,<1.2;1.5>,<1;1.3>,<1.5;2.2>,631,<0.7;0.9>,<3;4>,<6;8>,<1.5;2.2>,<1.2;1.8>,<1.2;1.5>,<1;1.3>,<1.5;2.2>,393,<0.7;0.9>,<3;4>,<6;8>,<1.5;2.2>,<1.2;1.8>,<1.2;1.5>,<1;1.3>,<1.5;2.2>,3472,<0.6;0.8>,<3;4>,<5;7>,<1.2;2>,<1.2;1.8>,<1.2;1.5>,<1;1.3>,<1.2;2>,2242,<0.6;0.8>,<3;4>,<5;7>,<1.2;1.8>,<1.2;1.8>,<1;1.3>,<1;1.3>,<1.2;1.8>,3663,<0.6;0.8>,<3;4>,<5;7>,<1.2;1.8>,<1.2;1.8>,<1;1.3>,<1;1.3>,<1.2;1.8>,1393,<0.6;0.8>,<3;4>,<5;7>,<1.2;1.8>,<1.2;1.8>,<1;1.3>,<1;1.3>,<1.2;1.8>
107,60,793,<0.8;1>,<3;4>,<7;9>,<1.8;2.5>,<1.2;1.8>,<1.3;1.6>,<1;1.3>,<1.8;2.5>,503,<0.7;0.9>,<3;4>,<6;8>,<1.5;2.2>,<1.2;1.8>,<1.2;1.5>,<1;1.3>,<1.5;2.2>,1893,<0.7;0.9>,<3;4>,<6;8>,<1.5;2.2>,<1.2;1.8>,<1.2;1.5>,<1;1.3>,<1.5;2.2>,13,<0.7;0.9>,<3;4>,<6;8>,<1.5;2.2>,<1.2;1.8>,<1.2;1.5>,<1;1.3>,<1.5;2.2>,641,<0.7;0.9>,<3;4>,<6;8>,<1.5;2.2>,<1.2;1.8>,<1.2;1.5>,<1;1.3>,<1.5;2.2>,572,<0.7;0.9>,<3;4>,<6;8>,<1.5;2.2>,<1.2;1.8>,<1.2;1.5>,<1;1.3>,<1.5;2.2>,3511,<0.6;0.8>,<3;4>,<5;7>,<1.2;2>,<1.2;1.8>,<1.2;1.5>,<1;1.3>,<1.2;2>,2723,<0.6;0.8>,<3;4>,<5;7>,<1.2;1.8>,<1.2;1.8>,<1;1.3>,<1;1.3>,<1.2;1.8>,263,<0.6;0.8>,<3;4>,<5;7>,<1.2;1.8>,<1.2;1.8>,<1;1.3>,<1;1.3>,<1.2;1.8>,1423,<0.6;0.8>,<3;4>,<5;7>,<1.2;1.8>,<1.2;1.8>,<1;1.3>,<1;1.3>,<1.2;1.8>
108,60,2013,<0.8;1>,<3;4>,<7;9>,<1.8;2.5>,<1.2;1.8>,<1.3;1.6>,<1;1.3>,<1.8;2.5>,593,<0.7;0.9>,<3;4>,<6;8>,<1.5;2.2>,<1.2;1.8>,<1.2;1.5>,<1;1.3>,<1.5;2.2>,1941,<0.7;0.9>,<3;4>,<6;8>,<1.5;2.2>,<1.2;1.8>,<1.2;1.5>,<1;1.3>,<1.5;2.2>,273,<0.7;0.9>,<3;4>,<6;8>,<1.5;2.2>,<1.2;1.8>,<1.2;1.5>,<1;1.3>,<1.5;2.2>,712,<0.7;0.9>,<3;4>,<6;8>,<1.5;2.2>,<1.2;1.8>,<1.2;1.5>,<1;1.3>,<1.5;2.2>,701,<0.7;0.9>,<3;4>,<6;8>,<1.5;2.2>,<1.2;1.8>,<1.2;1.5>,<1;1.3>,<1.5;2.2>,3683,<0.6;0.8>,<3;4>,<5;7>,<1.2;2>,<1.2;1.8>,<1.2;1.5>,<1;1.3>,<1.2;2>,3003,<0.6;0.8>,<3;4>,<5;7>,<1.2;1.8>,<1.2;1.8>,<1;1.3>,<1;1.3>,<1.2;1.8>,393,<0.6;0.8>,<3;4>,<5;7>,<1.2;1.8>,<1.2;1.8>,<1;1.3>,<1;1.3>,<1.2;1.8>,1503,<0.6;0.8>,<3;4>,<5;7>,<1.2;1.8>,<1.2;1.8>,<1;1.3>,<1;1.3>,<1.2;1.8>
109,60,2073,<0.8;1>,<3;4>,<7;9>,<1.8;2.5>,<1.2;1.8>,<1.3;1.6>,<1;1.3>,<1.8;2.5>,603,<0.7;0.9>,<3;4>,<6;8>,<1.5;2.2>,<1.2;1.8>,<1.2;1.5>,<1;1.3>,<1.5;2.2>,1951,<0.7;0.9>,<3;4>,<6;8>,<1.5;2.2>,<1.2;1.8>,<1.2;1.5>,<1;1.3>,<1.5;2.2>,402,<0.7;0.9>,<3;4>,<6;8>,<1.5;2.2>,<1.2;1.8>,<1.2;1.5>,<1;1.3>,<1.5;2.2>,741,<0.7;0.9>,<3;4>,<6;8>,<1.5;2.2>,<1.2;1.8>,<1.2;1.5>,<1;1.3>,<1.5;2.2>,721,<0.7;0.9>,<3;4>,<6;8>,<1.5;2.2>,<1.2;1.8>,<1.2;1.5>,<1;1.3>,<1.5;2.2>,731,<0.6;0.8>,<3;4>,<5;7>,<1.2;2>,<1.2;1.8>,<1.2;1.5>,<1;1.3>,<1.2;2>,3152,<0.6;0.8>,<3;4>,<5;7>,<1.2;1.8>,<1.2;1.8>,<1;1.3>,<1;1.3>,<1.2;1.8>,572,<0.6;0.8>,<3;4>,<5;7>,<1.2;1.8>,<1.2;1.8>,<1;1.3>,<1;1.3>,<1.2;1.8>,1893,<0.6;0.8>,<3;4>,<5;7>,<1.2;1.8>,<1.2;1.8>,<1;1.3>,<1;1.3>,<1.2;1.8>
110,60,2593,<0.8;1>,<3;4>,<7;9>,<1.8;2.5>,<1.2;1.8>,<1.3;1.6>,<1;1.3>,<1.8;2.5>,611,<0.7;0.9>,<3;4>,<6;8>,<1.5;2.2>,<1.2;1.8>,<1.2;1.5>,<1;1.3>,<1.5;2.2>,2233,<0.7;0.9>,<3;4>,<6;8>,<1.5;2.2>,<1.2;1.8>,<1.2;1.5>,<1;1.3>,<1.5;2.2>,493,<0.7;0.9>,<3;4>,<6;8>,<1.5;2.2>,<1.2;1.8>,<1.2;1.5>,<1;1.3>,<1.5;2.2>,863,<0.7;0.9>,<3;4>,<6;8>,<1.5;2.2>,<1.2;1.8>,<1.2;1.5>,<1;1.3>,<1.5;2.2>,771,<0.7;0.9>,<3;4>,<6;8>,<1.5;2.2>,<1.2;1.8>,<1.2;1.5>,<1;1.3>,<1.5;2.2>,1221,<0.6;0.8>,<3;4>,<5;7>,<1.2;2>,<1.2;1.8>,<1.2;1.5>,<1;1.3>,<1.2;2>,3161,<0.6;0.8>,<3;4>,<5;7>,<1.2;1.8>,<1.2;1.8>,<1;1.3>,<1;1.3>,<1.2;1.8>,701,<0.6;0.8>,<3;4>,<5;7>,<1.2;1.8>,<1.2;1.8>,<1;1.3>,<1;1.3>,<1.2;1.8>,1941,<0.6;0.8>,<3;4>,<5;7>,<1.2;1.8>,<1.2;1.8>,<1;1.3>,<1;1.3>,<1.2;1.8>
111,60,2612,<0.8;1>,<3;4>,<7;9>,<1.8;2.5>,<1.2;1.8>,<1.3;1.6>,<1;1.3>,<1.8;2.5>,631,<0.7;0.9>,<3;4>,<6;8>,<1.5;2.2>,<1.2;1.8>,<1.2;1.5>,<1;1.3>,<1.5;2.2>,2401,<0.7;0.9>,<3;4>,<6;8>,<1.5;2.2>,<1.2;1.8>,<1.2;1.5>,<1;1.3>,<1.5;2.2>,552,<0.7;0.9>,<3;4>,<6;8>,<1.5;2.2>,<1.2;1.8>,<1.2;1.5>,<1;1.3>,<1.5;2.2>,883,<0.7;0.9>,<3;4>,<6;8>,<1.5;2.2>,<1.2;1.8>,<1.2;1.5>,<1;1.3>,<1.5;2.2>,1231,<0.7;0.9>,<3;4>,<6;8>,<1.5;2.2>,<1.2;1.8>,<1.2;1.5>,<1;1.3>,<1.5;2.2>,1903,<0.6;0.8>,<3;4>,<5;7>,<1.2;2>,<1.2;1.8>,<1.2;1.5>,<1;1.3>,<1.2;2>,3181,<0.6;0.8>,<3;4>,<5;7>,<1.2;1.8>,<1.2;1.8>,<1;1.3>,<1;1.3>,<1.2;1.8>,721,<0.6;0.8>,<3;4>,<5;7>,<1.2;1.8>,<1.2;1.8>,<1;1.3>,<1;1.3>,<1.2;1.8>,1951,<0.6;0.8>,<3;4>,<5;7>,<1.2;1.8>,<1.2;1.8>,<1;1.3>,<1;1.3>,<1.2;1.8>
112,60,2633,<0.8;1>,<3;4>,<7;9>,<1.8;2.5>,<1.2;1.8>,<1.3;1.6>,<1;1.3>,<1.8;2.5>,641,<0.7;0.9>,<3;4>,<6;8>,<1.5;2.2>,<1.2;1.8>,<1.2;1.5>,<1;1.3>,<1.5;2.2>,2493,<0.7;0.9>,<3;4>,<6;8>,<1.5;2.2>,<1.2;1.8>,<1.2;1.5>,<1;1.3>,<1.5;2.2>,793,<0.7;0.9>,<3;4>,<6;8>,<1.5;2.2>,<1.2;1.8>,<1.2;1.5>,<1;1.3>,<1.5;2.2>,1082,<0.7;0.9>,<3;4>,<6;8>,<1.5;2.2>,<1.2;1.8>,<1.2;1.5>,<1;1.3>,<1.5;2.2>,1241,<0.7;0.9>,<3;4>,<6;8>,<1.5;2.2>,<1.2;1.8>,<1.2;1.5>,<1;1.3>,<1.5;2.2>,1931,<0.6;0.8>,<3;4>,<5;7>,<1.2;2>,<1.2;1.8>,<1.2;1.5>,<1;1.3>,<1.2;2>,3251,<0.6;0.8>,<3;4>,<5;7>,<1.2;1.8>,<1.2;1.8>,<1;1.3>,<1;1.3>,<1.2;1.8>,771,<0.6;0.8>,<3;4>,<5;7>,<1.2;1.8>,<1.2;1.8>,<1;1.3>,<1;1.3>,<1.2;1.8>,2233,<0.6;0.8>,<3;4>,<5;7>,<1.2;1.8>,<1.2;1.8>,<1;1.3>,<1;1.3>,<1.2;1.8>
113,60,2963,<0.8;1>,<3;4>,<7;9>,<1.8;2.5>,<1.2;1.8>,<1.3;1.6>,<1;1.3>,<1.8;2.5>,712,<0.7;0.9>,<3;4>,<6;8>,<1.5;2.2>,<1.2;1.8>,<1.2;1.5>,<1;1.3>,<1.5;2.2>,3021,<0.7;0.9>,<3;4>,<6;8>,<1.5;2.2>,<1.2;1.8>,<1.2;1.5>,<1;1.3>,<1.5;2.2>,2013,<0.7;0.9>,<3;4>,<6;8>,<1.5;2.2>,<1.2;1.8>,<1.2;1.5>,<1;1.3>,<1.5;2.2>,1293,<0.7;0.9>,<3;4>,<6;8>,<1.5;2.2>,<1.2;1.8>,<1.2;1.5>,<1;1.3>,<1.5;2.2>,1313,<0.7;0.9>,<3;4>,<6;8>,<1.5;2.2>,<1.2;1.8>,<1.2;1.5>,<1;1.3>,<1.5;2.2>,3543,<0.6;0.8>,<3;4>,<5;7>,<1.2;2>,<1.2;1.8>,<1.2;1.5>,<1;1.3>,<1.2;2>,3592,<0.6;0.8>,<3;4>,<5;7>,<1.2;1.8>,<1.2;1.8>,<1;1.3>,<1;1.3>,<1.2;1.8>,1231,<0.6;0.8>,<3;4>,<5;7>,<1.2;1.8>,<1.2;1.8>,<1;1.3>,<1;1.3>,<1.2;1.8>,2401,<0.6;0.8>,<3;4>,<5;7>,<1.2;1.8>,<1.2;1.8>,<1;1.3>,<1;1.3>,<1.2;1.8>
114,60,3283,<0.8;1>,<3;4>,<7;9>,<1.8;2.5>,<1.2;1.8>,<1.3;1.6>,<1;1.3>,<1.8;2.5>,741,<0.7;0.9>,<3;4>,<6;8>,<1.5;2.2>,<1.2;1.8>,<1.2;1.5>,<1;1.3>,<1.5;2.2>,3143,<0.7;0.9>,<3;4>,<6;8>,<1.5;2.2>,<1.2;1.8>,<1.2;1.5>,<1;1.3>,<1.5;2.2>,2073,<0.7;0.9>,<3;4>,<6;8>,<1.5;2.2>,<1.2;1.8>,<1.2;1.5>,<1;1.3>,<1.5;2.2>,1612,<0.7;0.9>,<3;4>,<6;8>,<1.5;2.2>,<1.2;1.8>,<1.2;1.5>,<1;1.3>,<1.5;2.2>,1393,<0.7;0.9>,<3;4>,<6;8>,<1.5;2.2>,<1.2;1.8>,<1.2;1.5>,<1;1.3>,<1.5;2.2>,163,<0.6;0.8>,<3;4>,<5;7>,<1.2;2>,<1.2;1.8>,<1.2;1.5>,<1;1.3>,<1.2;2>,3663,<0.6;0.8>,<3;4>,<5;7>,<1.2;1.8>,<1.2;1.8>,<1;1.3>,<1;1.3>,<1.2;1.8>,1241,<0.6;0.8>,<3;4>,<5;7>,<1.2;1.8>,<1.2;1.8>,<1;1.3>,<1;1.3>,<1.2;1.8>,2493,<0.6;0.8>,<3;4>,<5;7>,<1.2;1.8>,<1.2;1.8>,<1;1.3>,<1;1.3>,<1.2;1.8>
115,60,3293,<0.8;1>,<3;4>,<7;9>,<1.8;2.5>,<1.2;1.8>,<1.3;1.6>,<1;1.3>,<1.8;2.5>,863,<0.7;0.9>,<3;4>,<6;8>,<1.5;2.2>,<1.2;1.8>,<1.2;1.5>,<1;1.3>,<1.5;2.2>,3171,<0.7;0.9>,<3;4>,<6;8>,<1.5;2.2>,<1.2;1.8>,<1.2;1.5>,<1;1.3>,<1.5;2.2>,2593,<0.7;0.9>,<3;4>,<6;8>,<1.5;2.2>,<1.2;1.8>,<1.2;1.5>,<1;1.3>,<1.5;2.2>,2033,<0.7;0.9>,<3;4>,<6;8>,<1.5;2.2>,<1.2;1.8>,<1.2;1.5>,<1;1.3>,<1.5;2.2>,1423,<0.7;0.9>,<3;4>,<6;8>,<1.5;2.2>,<1.2;1.8>,<1.2;1.5>,<1;1.3>,<1.5;2.2>,242,<0.6;0.8>,<3;4>,<5;7>,<1.2;2>,<1.2;1.8>,<1.2;1.5>,<1;1.3>,<1.2;2>,263,<0.6;0.8>,<3;4>,<5;7>,<1.2;1.8>,<1.2;1.8>,<1;1.3>,<1;1.3>,<1.2;1.8>,1313,<0.6;0.8>,<3;4>,<5;7>,<1.2;1.8>,<1.2;1.8>,<1;1.3>,<1;1.3>,<1.2;1.8>,3021,<0.6;0.8>,<3;4>,<5;7>,<1.2;1.8>,<1.2;1.8>,<1;1.3>,<1;1.3>,<1.2;1.8>
116,60,3342,<0.8;1>,<3;4>,<7;9>,<1.8;2.5>,<1.2;1.8>,<1.3;1.6>,<1;1.3>,<1.8;2.5>,883,<0.7;0.9>,<3;4>,<6;8>,<1.5;2.2>,<1.2;1.8>,<1.2;1.5>,<1;1.3>,<1.5;2.2>,3303,<0.7;0.9>,<3;4>,<6;8>,<1.5;2.2>,<1.2;1.8>,<1.2;1.5>,<1;1.3>,<1.5;2.2>,2612,<0.7;0.9>,<3;4>,<6;8>,<1.5;2.2>,<1.2;1.8>,<1.2;1.5>,<1;1.3>,<1.5;2.2>,972,<0.7;0.9>,<3;4>,<6;8>,<1.5;2.2>,<1.2;1.8>,<1.2;1.5>,<1;1.3>,<1.5;2.2>,1503,<0.7;0.9>,<3;4>,<6;8>,<1.5;2.2>,<1.2;1.8>,<1.2;1.5>,<1;1.3>,<1.5;2.2>,333,<0.6;0.8>,<3;4>,<5;7>,<1.2;2>,<1.2;1.8>,<1.2;1.5>,<1;1.3>,<1.2;2>,393,<0.6;0.8>,<3;4>,<5;7>,<1.2;1.8>,<1.2;1.8>,<1;1.3>,<1;1.3>,<1.2;1.8>,1393,<0.6;0.8>,<3;4>,<5;7>,<1.2;1.8>,<1.2;1.8>,<1;1.3>,<1;1.3>,<1.2;1.8>,3143,<0.6;0.8>,<3;4>,<5;7>,<1.2;1.8>,<1.2;1.8>,<1;1.3>,<1;1.3>,<1.2;1.8>
117,60,3472,<0.8;1>,<3;4>,<7;9>,<1.8;2.5>,<1.2;1.8>,<1.3;1.6>,<1;1.3>,<1.8;2.5>,1082,<0.7;0.9>,<3;4>,<6;8>,<1.5;2.2>,<1.2;1.8>,<1.2;1.5>,<1;1.3>,<1.5;2.2>,3353,<0.7;0.9>,<3;4>,<6;8>,<1.5;2.2>,<1.2;1.8>,<1.2;1.5>,<1;1.3>,<1.5;2.2>,2633,<0.7;0.9>,<3;4>,<6;8>,<1.5;2.2>,<1.2;1.8>,<1.2;1.5>,<1;1.3>,<1.5;2.2>,1032,<0.7;0.9>,<3;4>,<6;8>,<1.5;2.2>,<1.2;1.8>,<1.2;1.5>,<1;1.3>,<1.5;2.2>,1893,<0.7;0.9>,<3;4>,<6;8>,<1.5;2.2>,<1.2;1.8>,<1.2;1.5>,<1;1.3>,<1.5;2.2>,503,<0.6;0.8>,<3;4>,<5;7>,<1.2;2>,<1.2;1.8>,<1.2;1.5>,<1;1.3>,<1.2;2>,572,<0.6;0.8>,<3;4>,<5;7>,<1.2;1.8>,<1.2;1.8>,<1;1.3>,<1;1.3>,<1.2;1.8>,1423,<0.6;0.8>,<3;4>,<5;7>,<1.2;1.8>,<1.2;1.8>,<1;1.3>,<1;1.3>,<1.2;1.8>,3171,<0.6;0.8>,<3;4>,<5;7>,<1.2;1.8>,<1.2;1.8>,<1;1.3>,<1;1.3>,<1.2;1.8>
118,60,3511,<0.8;1>,<3;4>,<7;9>,<1.8;2.5>,<1.2;1.8>,<1.3;1.6>,<1;1.3>,<1.8;2.5>,1293,<0.7;0.9>,<3;4>,<6;8>,<1.5;2.2>,<1.2;1.8>,<1.2;1.5>,<1;1.3>,<1.5;2.2>,3673,<0.7;0.9>,<3;4>,<6;8>,<1.5;2.2>,<1.2;1.8>,<1.2;1.5>,<1;1.3>,<1.5;2.2>,2963,<0.7;0.9>,<3;4>,<6;8>,<1.5;2.2>,<1.2;1.8>,<1.2;1.5>,<1;1.3>,<1.5;2.2>,1071,<0.7;0.9>,<3;4>,<6;8>,<1.5;2.2>,<1.2;1.8>,<1.2;1.5>,<1;1.3>,<1.5;2.2>,1941,<0.7;0.9>,<3;4>,<6;8>,<1.5;2.2>,<1.2;1.8>,<1.2;1.5>,<1;1.3>,<1.5;2.2>,593,<0.6;0.8>,<3;4>,<5;7>,<1.2;2>,<1.2;1.8>,<1.2;1.5>,<1;1.3>,<1.2;2>,701,<0.6;0.8>,<3;4>,<5;7>,<1.2;1.8>,<1.2;1.8>,<1;1.3>,<1;1.3>,<1.2;1.8>,1503,<0.6;0.8>,<3;4>,<5;7>,<1.2;1.8>,<1.2;1.8>,<1;1.3>,<1;1.3>,<1.2;1.8>,3303,<0.6;0.8>,<3;4>,<5;7>,<1.2;1.8>,<1.2;1.8>,<1;1.3>,<1;1.3>,<1.2;1.8>
119,60,3683,<0.8;1>,<3;4>,<7;9>,<1.8;2.5>,<1.2;1.8>,<1.3;1.6>,<1;1.3>,<1.8;2.5>,1612,<0.7;0.9>,<3;4>,<6;8>,<1.5;2.2>,<1.2;1.8>,<1.2;1.5>,<1;1.3>,<1.5;2.2>,7001,<0.7;0.9>,<3;4>,<6;8>,<1.5;2.2>,<1.2;1.8>,<1.2;1.5>,<1;1.3>,<1.5;2.2>,3283,<0.7;0.9>,<3;4>,<6;8>,<1.5;2.2>,<1.2;1.8>,<1.2;1.5>,<1;1.3>,<1.5;2.2>,1253,<0.7;0.9>,<3;4>,<6;8>,<1.5;2.2>,<1.2;1.8>,<1.2;1.5>,<1;1.3>,<1.5;2.2>,1951,<0.7;0.9>,<3;4>,<6;8>,<1.5;2.2>,<1.2;1.8>,<1.2;1.5>,<1;1.3>,<1.5;2.2>,603,<0.6;0.8>,<3;4>,<5;7>,<1.2;2>,<1.2;1.8>,<1.2;1.5>,<1;1.3>,<1.2;2>,721,<0.6;0.8>,<3;4>,<5;7>,<1.2;1.8>,<1.2;1.8>,<1;1.3>,<1;1.3>,<1.2;1.8>,1893,<0.6;0.8>,<3;4>,<5;7>,<1.2;1.8>,<1.2;1.8>,<1;1.3>,<1;1.3>,<1.2;1.8>,3353,<0.6;0.8>,<3;4>,<5;7>,<1.2;1.8>,<1.2;1.8>,<1;1.3>,<1;1.3>,<1.2;1.8>
120,60,731,<0.8;1>,<3;4>,<7;9>,<1.8;2.5>,<1.2;1.8>,<1.3;1.6>,<1;1.3>,<1.8;2.5>,2033,<0.7;0.9>,<3;4>,<6;8>,<1.5;2.2>,<1.2;1.8>,<1.2;1.5>,<1;1.3>,<1.5;2.2>,44,<0.7;0.9>,<3;4>,<6;8>,<1.5;2.2>,<1.2;1.8>,<1.2;1.5>,<1;1.3>,<1.5;2.2>,3293,<0.7;0.9>,<3;4>,<6;8>,<1.5;2.2>,<1.2;1.8>,<1.2;1.5>,<1;1.3>,<1.5;2.2>,1303,<0.7;0.9>,<3;4>,<6;8>,<1.5;2.2>,<1.2;1.8>,<1.2;1.5>,<1;1.3>,<1.5;2.2>,2233,<0.7;0.9>,<3;4>,<6;8>,<1.5;2.2>,<1.2;1.8>,<1.2;1.5>,<1;1.3>,<1.5;2.2>,611,<0.6;0.8>,<3;4>,<5;7>,<1.2;2>,<1.2;1.8>,<1.2;1.5>,<1;1.3>,<1.2;2>,771,<0.6;0.8>,<3;4>,<5;7>,<1.2;1.8>,<1.2;1.8>,<1;1.3>,<1;1.3>,<1.2;1.8>,1941,<0.6;0.8>,<3;4>,<5;7>,<1.2;1.8>,<1.2;1.8>,<1;1.3>,<1;1.3>,<1.2;1.8>,3673,<0.6;0.8>,<3;4>,<5;7>,<1.2;1.8>,<1.2;1.8>,<1;1.3>,<1;1.3>,<1.2;1.8>
121,65,1221,<0.8;1>,<3;4>,<7;10>,<1.8;2.5>,<1.2;1.8>,<1.3;1.6>,<1;1.3>,<1.8;2.5>,972,<0.7;0.9>,<3;4>,<7;9>,<1.5;2.2>,<1.2;1.8>,<1.2;1.5>,<1;1.3>,<1.5;2.2>,53,<0.7;0.9>,<3;4>,<7;9>,<1.5;2.2>,<1.2;1.8>,<1.2;1.5>,<1;1.3>,<1.5;2.2>,3342,<0.7;0.9>,<3;4>,<7;9>,<1.5;2.2>,<1.2;1.8>,<1.2;1.5>,<1;1.3>,<1.5;2.2>,1381,<0.7;0.9>,<3;4>,<7;9>,<1.5;2.2>,<1.2;1.8>,<1.2;1.5>,<1;1.3>,<1.5;2.2>,2401,<0.7;0.9>,<3;4>,<7;9>,<1.5;2.2>,<1.2;1.8>,<1.2;1.5>,<1;1.3>,<1.5;2.2>,631,<0.6;0.8>,<3;4>,<6;8>,<1.2;2>,<1.2;1.8>,<1.2;1.5>,<1;1.3>,<1.2;2>,1231,<0.6;0.8>,<3;4>,<6;8>,<1.2;1.8>,<1.2;1.8>,<1;1.3>,<1;1.3>,<1.2;1.8>,1951,<0.6;0.8>,<3;4>,<6;8>,<1.2;1.8>,<1.2;1.8>,<1;1.3>,<1;1.3>,<1.2;1.8>,7001,<0.6;0.8>,<3;4>,<6;8>,<1.2;1.8>,<1.2;1.8>,<1;1.3>,<1;1.3>,<1.2;1.8>
122,65,1903,<0.8;1>,<3;4>,<7;10>,<1.8;2.5>,<1.2;1.8>,<1.3;1.6>,<1;1.3>,<1.8;2.5>,1032,<0.7;0.9>,<3;4>,<7;9>,<1.5;2.2>,<1.2;1.8>,<1.2;1.5>,<1;1.3>,<1.5;2.2>,82,<0.7;0.9>,<3;4>,<7;9>,<1.5;2.2>,<1.2;1.8>,<1.2;1.5>,<1;1.3>,<1.5;2.2>,3472,<0.7;0.9>,<3;4>,<7;9>,<1.5;2.2>,<1.2;1.8>,<1.2;1.5>,<1;1.3>,<1.5;2.2>,1772,<0.7;0.9>,<3;4>,<7;9>,<1.5;2.2>,<1.2;1.8>,<1.2;1.5>,<1;1.3>,<1.5;2.2>,2493,<0.7;0.9>,<3;4>,<7;9>,<1.5;2.2>,<1.2;1.8>,<1.2;1.5>,<1;1.3>,<1.5;2.2>,641,<0.6;0.8>,<3;4>,<6;8>,<1.2;2>,<1.2;1.8>,<1.2;1.5>,<1;1.3>,<1.2;2>,1241,<0.6;0.8>,<3;4>,<6;8>,<1.2;1.8>,<1.2;1.8>,<1;1.3>,<1;1.3>,<1.2;1.8>,2233,<0.6;0.8>,<3;4>,<6;8>,<1.2;1.8>,<1.2;1.8>,<1;1.3>,<1;1.3>,<1.2;1.8>,731,<0.6;0.8>,<3;4>,<6;8>,<1.2;1.8>,<1.2;1.8>,<1;1.3>,<1;1.3>,<1.2;1.8>
123,65,1931,<0.8;1>,<3;4>,<7;10>,<1.8;2.5>,<1.2;1.8>,<1.3;1.6>,<1;1.3>,<1.8;2.5>,1071,<0.7;0.9>,<3;4>,<7;9>,<1.5;2.2>,<1.2;1.8>,<1.2;1.5>,<1;1.3>,<1.5;2.2>,692,<0.7;0.9>,<3;4>,<7;9>,<1.5;2.2>,<1.2;1.8>,<1.2;1.5>,<1;1.3>,<1.5;2.2>,3511,<0.7;0.9>,<3;4>,<7;9>,<1.5;2.2>,<1.2;1.8>,<1.2;1.5>,<1;1.3>,<1.5;2.2>,1813,<0.7;0.9>,<3;4>,<7;9>,<1.5;2.2>,<1.2;1.8>,<1.2;1.5>,<1;1.3>,<1.5;2.2>,3021,<0.7;0.9>,<3;4>,<7;9>,<1.5;2.2>,<1.2;1.8>,<1.2;1.5>,<1;1.3>,<1.5;2.2>,712,<0.6;0.8>,<3;4>,<6;8>,<1.2;2>,<1.2;1.8>,<1.2;1.5>,<1;1.3>,<1.2;2>,1313,<0.6;0.8>,<3;4>,<6;8>,<1.2;1.8>,<1.2;1.8>,<1;1.3>,<1;1.3>,<1.2;1.8>,2401,<0.6;0.8>,<3;4>,<6;8>,<1.2;1.8>,<1.2;1.8>,<1;1.3>,<1;1.3>,<1.2;1.8>,1221,<0.6;0.8>,<3;4>,<6;8>,<1.2;1.8>,<1.2;1.8>,<1;1.3>,<1;1.3>,<1.2;1.8>
124,65,3543,<0.8;1>,<3;4>,<7;10>,<1.8;2.5>,<1.2;1.8>,<1.3;1.6>,<1;1.3>,<1.8;2.5>,1253,<0.7;0.9>,<3;4>,<7;9>,<1.5;2.2>,<1.2;1.8>,<1.2;1.5>,<1;1.3>,<1.5;2.2>,2683,<0.7;0.9>,<3;4>,<7;9>,<1.5;2.2>,<1.2;1.8>,<1.2;1.5>,<1;1.3>,<1.5;2.2>,3683,<0.7;0.9>,<3;4>,<7;9>,<1.5;2.2>,<1.2;1.8>,<1.2;1.5>,<1;1.3>,<1.5;2.2>,1841,<0.7;0.9>,<3;4>,<7;9>,<1.5;2.2>,<1.2;1.8>,<1.2;1.5>,<1;1.3>,<1.5;2.2>,3143,<0.7;0.9>,<3;4>,<7;9>,<1.5;2.2>,<1.2;1.8>,<1.2;1.5>,<1;1.3>,<1.5;2.2>,741,<0.6;0.8>,<3;4>,<6;8>,<1.2;2>,<1.2;1.8>,<1.2;1.5>,<1;1.3>,<1.2;2>,1393,<0.6;0.8>,<3;4>,<6;8>,<1.2;1.8>,<1.2;1.8>,<1;1.3>,<1;1.3>,<1.2;1.8>,2493,<0.6;0.8>,<3;4>,<6;8>,<1.2;1.8>,<1.2;1.8>,<1;1.3>,<1;1.3>,<1.2;1.8>,1903,<0.6;0.8>,<3;4>,<6;8>,<1.2;1.8>,<1.2;1.8>,<1;1.3>,<1;1.3>,<1.2;1.8>
125,65,163,<0.8;1>,<3;4>,<7;10>,<1.8;2.5>,<1.2;1.8>,<1.3;1.6>,<1;1.3>,<1.8;2.5>,1303,<0.7;0.9>,<3;4>,<7;9>,<1.5;2.2>,<1.2;1.8>,<1.2;1.5>,<1;1.3>,<1.5;2.2>,2843,<0.7;0.9>,<3;4>,<7;9>,<1.5;2.2>,<1.2;1.8>,<1.2;1.5>,<1;1.3>,<1.5;2.2>,731,<0.7;0.9>,<3;4>,<7;9>,<1.5;2.2>,<1.2;1.8>,<1.2;1.5>,<1;1.3>,<1.5;2.2>,1911,<0.7;0.9>,<3;4>,<7;9>,<1.5;2.2>,<1.2;1.8>,<1.2;1.5>,<1;1.3>,<1.5;2.2>,3171,<0.7;0.9>,<3;4>,<7;9>,<1.5;2.2>,<1.2;1.8>,<1.2;1.5>,<1;1.3>,<1.5;2.2>,863,<0.6;0.8>,<3;4>,<6;8>,<1.2;2>,<1.2;1.8>,<1.2;1.5>,<1;1.3>,<1.2;2>,1423,<0.6;0.8>,<3;4>,<6;8>,<1.2;1.8>,<1.2;1.8>,<1;1.3>,<1;1.3>,<1.2;1.8>,3021,<0.6;0.8>,<3;4>,<6;8>,<1.2;1.8>,<1.2;1.8>,<1;1.3>,<1;1.3>,<1.2;1.8>,1931,<0.6;0.8>,<3;4>,<6;8>,<1.2;1.8>,<1.2;1.8>,<1;1.3>,<1;1.3>,<1.2;1.8>
126,65,242,<0.8;1>,<3;4>,<7;10>,<1.8;2.5>,<1.2;1.8>,<1.3;1.6>,<1;1.3>,<1.8;2.5>,1381,<0.7;0.9>,<3;4>,<7;9>,<1.5;2.2>,<1.2;1.8>,<1.2;1.5>,<1;1.3>,<1.5;2.2>,3432,<0.7;0.9>,<3;4>,<7;9>,<1.5;2.2>,<1.2;1.8>,<1.2;1.5>,<1;1.3>,<1.5;2.2>,1221,<0.7;0.9>,<3;4>,<7;9>,<1.5;2.2>,<1.2;1.8>,<1.2;1.5>,<1;1.3>,<1.5;2.2>,2023,<0.7;0.9>,<3;4>,<7;9>,<1.5;2.2>,<1.2;1.8>,<1.2;1.5>,<1;1.3>,<1.5;2.2>,3303,<0.7;0.9>,<3;4>,<7;9>,<1.5;2.2>,<1.2;1.8>,<1.2;1.5>,<1;1.3>,<1.5;2.2>,883,<0.6;0.8>,<3;4>,<6;8>,<1.2;2>,<1.2;1.8>,<1.2;1.5>,<1;1.3>,<1.2;2>,1503,<0.6;0.8>,<3;4>,<6;8>,<1.2;1.8>,<1.2;1.8>,<1;1.3>,<1;1.3>,<1.2;1.8>,3143,<0.6;0.8>,<3;4>,<6;8>,<1.2;1.8>,<1.2;1.8>,<1;1.3>,<1;1.3>,<1.2;1.8>,3543,<0.6;0.8>,<3;4>,<6;8>,<1.2;1.8>,<1.2;1.8>,<1;1.3>,<1;1.3>,<1.2;1.8>
127,65,333,<0.8;1>,<3;4>,<7;10>,<1.8;2.5>,<1.2;1.8>,<1.3;1.6>,<1;1.3>,<1.8;2.5>,1772,<0.7;0.9>,<3;4>,<7;9>,<1.5;2.2>,<1.2;1.8>,<1.2;1.5>,<1;1.3>,<1.5;2.2>,3772,<0.7;0.9>,<3;4>,<7;9>,<1.5;2.2>,<1.2;1.8>,<1.2;1.5>,<1;1.3>,<1.5;2.2>,1903,<0.7;0.9>,<3;4>,<7;9>,<1.5;2.2>,<1.2;1.8>,<1.2;1.5>,<1;1.3>,<1.5;2.2>,2242,<0.7;0.9>,<3;4>,<7;9>,<1.5;2.2>,<1.2;1.8>,<1.2;1.5>,<1;1.3>,<1.5;2.2>,3353,<0.7;0.9>,<3;4>,<7;9>,<1.5;2.2>,<1.2;1.8>,<1.2;1.5>,<1;1.3>,<1.5;2.2>,1082,<0.6;0.8>,<3;4>,<6;8>,<1.2;2>,<1.2;1.8>,<1.2;1.5>,<1;1.3>,<1.2;2>,1893,<0.6;0.8>,<3;4>,<6;8>,<1.2;1.8>,<1.2;1.8>,<1;1.3>,<1;1.3>,<1.2;1.8>,3171,<0.6;0.8>,<3;4>,<6;8>,<1.2;1.8>,<1.2;1.8>,<1;1.3>,<1;1.3>,<1.2;1.8>,163,<0.6;0.8>,<3;4>,<6;8>,<1.2;1.8>,<1.2;1.8>,<1;1.3>,<1;1.3>,<1.2;1.8>
128,65,503,<0.8;1>,<3;4>,<7;10>,<1.8;2.5>,<1.2;1.8>,<1.3;1.6>,<1;1.3>,<1.8;2.5>,1813,<0.7;0.9>,<3;4>,<7;9>,<1.5;2.2>,<1.2;1.8>,<1.2;1.5>,<1;1.3>,<1.5;2.2>,13,<0.7;0.9>,<3;4>,<7;9>,<1.5;2.2>,<1.2;1.8>,<1.2;1.5>,<1;1.3>,<1.5;2.2>,1931,<0.7;0.9>,<3;4>,<7;9>,<1.5;2.2>,<1.2;1.8>,<1.2;1.5>,<1;1.3>,<1.5;2.2>,2723,<0.7;0.9>,<3;4>,<7;9>,<1.5;2.2>,<1.2;1.8>,<1.2;1.5>,<1;1.3>,<1.5;2.2>,3673,<0.7;0.9>,<3;4>,<7;9>,<1.5;2.2>,<1.2;1.8>,<1.2;1.5>,<1;1.3>,<1.5;2.2>,1293,<0.6;0.8>,<3;4>,<6;8>,<1.2;2>,<1.2;1.8>,<1.2;1.5>,<1;1.3>,<1.2;2>,1941,<0.6;0.8>,<3;4>,<6;8>,<1.2;1.8>,<1.2;1.8>,<1;1.3>,<1;1.3>,<1.2;1.8>,3303,<0.6;0.8>,<3;4>,<6;8>,<1.2;1.8>,<1.2;1.8>,<1;1.3>,<1;1.3>,<1.2;1.8>,242,<0.6;0.8>,<3;4>,<6;8>,<1.2;1.8>,<1.2;1.8>,<1;1.3>,<1;1.3>,<1.2;1.8>
129,65,593,<0.8;1>,<3;4>,<7;10>,<1.8;2.5>,<1.2;1.8>,<1.3;1.6>,<1;1.3>,<1.8;2.5>,1841,<0.7;0.9>,<3;4>,<7;9>,<1.5;2.2>,<1.2;1.8>,<1.2;1.5>,<1;1.3>,<1.5;2.2>,273,<0.7;0.9>,<3;4>,<7;9>,<1.5;2.2>,<1.2;1.8>,<1.2;1.5>,<1;1.3>,<1.5;2.2>,3543,<0.7;0.9>,<3;4>,<7;9>,<1.5;2.2>,<1.2;1.8>,<1.2;1.5>,<1;1.3>,<1.5;2.2>,3003,<0.7;0.9>,<3;4>,<7;9>,<1.5;2.2>,<1.2;1.8>,<1.2;1.5>,<1;1.3>,<1.5;2.2>,7001,<0.7;0.9>,<3;4>,<7;9>,<1.5;2.2>,<1.2;1.8>,<1.2;1.5>,<1;1.3>,<1.5;2.2>,1612,<0.6;0.8>,<3;4>,<6;8>,<1.2;2>,<1.2;1.8>,<1.2;1.5>,<1;1.3>,<1.2;2>,1951,<0.6;0.8>,<3;4>,<6;8>,<1.2;1.8>,<1.2;1.8>,<1;1.3>,<1;1.3>,<1.2;1.8>,3353,<0.6;0.8>,<3;4>,<6;8>,<1.2;1.8>,<1.2;1.8>,<1;1.3>,<1;1.3>,<1.2;1.8>,333,<0.6;0.8>,<3;4>,<6;8>,<1.2;1.8>,<1.2;1.8>,<1;1.3>,<1;1.3>,<1.2;1.8>
130,65,603,<0.8;1>,<3;4>,<7;10>,<1.8;2.5>,<1.2;1.8>,<1.3;1.6>,<1;1.3>,<1.8;2.5>,1911,<0.7;0.9>,<3;4>,<7;9>,<1.5;2.2>,<1.2;1.8>,<1.2;1.5>,<1;1.3>,<1.5;2.2>,402,<0.7;0.9>,<3;4>,<7;9>,<1.5;2.2>,<1.2;1.8>,<1.2;1.5>,<1;1.3>,<1.5;2.2>,163,<0.7;0.9>,<3;4>,<7;9>,<1.5;2.2>,<1.2;1.8>,<1.2;1.5>,<1;1.3>,<1.5;2.2>,3152,<0.7;0.9>,<3;4>,<7;9>,<1.5;2.2>,<1.2;1.8>,<1.2;1.5>,<1;1.3>,<1.5;2.2>,44,<0.7;0.9>,<3;4>,<7;9>,<1.5;2.2>,<1.2;1.8>,<1.2;1.5>,<1;1.3>,<1.5;2.2>,2033,<0.6;0.8>,<3;4>,<6;8>,<1.2;2>,<1.2;1.8>,<1.2;1.5>,<1;1.3>,<1.2;2>,2233,<0.6;0.8>,<3;4>,<6;8>,<1.2;1.8>,<1.2;1.8>,<1;1.3>,<1;1.3>,<1.2;1.8>,3673,<0.6;0.8>,<3;4>,<6;8>,<1.2;1.8>,<1.2;1.8>,<1;1.3>,<1;1.3>,<1.2;1.8>,503,<0.6;0.8>,<3;4>,<6;8>,<1.2;1.8>,<1.2;1.8>,<1;1.3>,<1;1.3>,<1.2;1.8>
131,65,611,<0.8;1>,<3;4>,<7;10>,<1.8;2.5>,<1.2;1.8>,<1.3;1.6>,<1;1.3>,<1.8;2.5>,2023,<0.7;0.9>,<3;4>,<7;9>,<1.5;2.2>,<1.2;1.8>,<1.2;1.5>,<1;1.3>,<1.5;2.2>,493,<0.7;0.9>,<3;4>,<7;9>,<1.5;2.2>,<1.2;1.8>,<1.2;1.5>,<1;1.3>,<1.5;2.2>,242,<0.7;0.9>,<3;4>,<7;9>,<1.5;2.2>,<1.2;1.8>,<1.2;1.5>,<1;1.3>,<1.5;2.2>,3161,<0.7;0.9>,<3;4>,<7;9>,<1.5;2.2>,<1.2;1.8>,<1.2;1.5>,<1;1.3>,<1.5;2.2>,53,<0.7;0.9>,<3;4>,<7;9>,<1.5;2.2>,<1.2;1.8>,<1.2;1.5>,<1;1.3>,<1.5;2.2>,972,<0.6;0.8>,<3;4>,<6;8>,<1.2;2>,<1.2;1.8>,<1.2;1.5>,<1;1.3>,<1.2;2>,2401,<0.6;0.8>,<3;4>,<6;8>,<1.2;1.8>,<1.2;1.8>,<1;1.3>,<1;1.3>,<1.2;1.8>,7001,<0.6;0.8>,<3;4>,<6;8>,<1.2;1.8>,<1.2;1.8>,<1;1.3>,<1;1.3>,<1.2;1.8>,593,<0.6;0.8>,<3;4>,<6;8>,<1.2;1.8>,<1.2;1.8>,<1;1.3>,<1;1.3>,<1.2;1.8>
132,65,631,<0.8;1>,<3;4>,<7;10>,<1.8;2.5>,<1.2;1.8>,<1.3;1.6>,<1;1.3>,<1.8;2.5>,2242,<0.7;0.9>,<3;4>,<7;9>,<1.5;2.2>,<1.2;1.8>,<1.2;1.5>,<1;1.3>,<1.5;2.2>,552,<0.7;0.9>,<3;4>,<7;9>,<1.5;2.2>,<1.2;1.8>,<1.2;1.5>,<1;1.3>,<1.5;2.2>,333,<0.7;0.9>,<3;4>,<7;9>,<1.5;2.2>,<1.2;1.8>,<1.2;1.5>,<1;1.3>,<1.5;2.2>,3181,<0.7;0.9>,<3;4>,<7;9>,<1.5;2.2>,<1.2;1.8>,<1.2;1.5>,<1;1.3>,<1.5;2.2>,82,<0.7;0.9>,<3;4>,<7;9>,<1.5;2.2>,<1.2;1.8>,<1.2;1.5>,<1;1.3>,<1.5;2.2>,1032,<0.6;0.8>,<3;4>,<6;8>,<1.2;2>,<1.2;1.8>,<1.2;1.5>,<1;1.3>,<1.2;2>,2493,<0.6;0.8>,<3;4>,<6;8>,<1.2;1.8>,<1.2;1.8>,<1;1.3>,<1;1.3>,<1.2;1.8>,44,<0.6;0.8>,<3;4>,<6;8>,<1.2;1.8>,<1.2;1.8>,<1;1.3>,<1;1.3>,<1.2;1.8>,603,<0.6;0.8>,<3;4>,<6;8>,<1.2;1.8>,<1.2;1.8>,<1;1.3>,<1;1.3>,<1.2;1.8>
133,65,641,<0.8;1>,<3;4>,<7;10>,<1.8;2.5>,<1.2;1.8>,<1.3;1.6>,<1;1.3>,<1.8;2.5>,2723,<0.7;0.9>,<3;4>,<7;9>,<1.5;2.2>,<1.2;1.8>,<1.2;1.5>,<1;1.3>,<1.5;2.2>,793,<0.7;0.9>,<3;4>,<7;9>,<1.5;2.2>,<1.2;1.8>,<1.2;1.5>,<1;1.3>,<1.5;2.2>,503,<0.7;0.9>,<3;4>,<7;9>,<1.5;2.2>,<1.2;1.8>,<1.2;1.5>,<1;1.3>,<1.5;2.2>,3251,<0.7;0.9>,<3;4>,<7;9>,<1.5;2.2>,<1.2;1.8>,<1.2;1.5>,<1;1.3>,<1.5;2.2>,692,<0.7;0.9>,<3;4>,<7;9>,<1.5;2.2>,<1.2;1.8>,<1.2;1.5>,<1;1.3>,<1.5;2.2>,1071,<0.6;0.8>,<3;4>,<6;8>,<1.2;2>,<1.2;1.8>,<1.2;1.5>,<1;1.3>,<1.2;2>,3021,<0.6;0.8>,<3;4>,<6;8>,<1.2;1.8>,<1.2;1.8>,<1;1.3>,<1;1.3>,<1.2;1.8>,53,<0.6;0.8>,<3;4>,<6;8>,<1.2;1.8>,<1.2;1.8>,<1;1.3>,<1;1.3>,<1.2;1.8>,611,<0.6;0.8>,<3;4>,<6;8>,<1.2;1.8>,<1.2;1.8>,<1;1.3>,<1;1.3>,<1.2;1.8>
134,65,712,<0.8;1>,<3;4>,<7;10>,<1.8;2.5>,<1.2;1.8>,<1.3;1.6>,<1;1.3>,<1.8;2.5>,3003,<0.7;0.9>,<3;4>,<7;9>,<1.5;2.2>,<1.2;1.8>,<1.2;1.5>,<1;1.3>,<1.5;2.2>,2013,<0.7;0.9>,<3;4>,<7;9>,<1.5;2.2>,<1.2;1.8>,<1.2;1.5>,<1;1.3>,<1.5;2.2>,593,<0.7;0.9>,<3;4>,<7;9>,<1.5;2.2>,<1.2;1.8>,<1.2;1.5>,<1;1.3>,<1.5;2.2>,3592,<0.7;0.9>,<3;4>,<7;9>,<1.5;2.2>,<1.2;1.8>,<1.2;1.5>,<1;1.3>,<1.5;2.2>,2683,<0.7;0.9>,<3;4>,<7;9>,<1.5;2.2>,<1.2;1.8>,<1.2;1.5>,<1;1.3>,<1.5;2.2>,1253,<0.6;0.8>,<3;4>,<6;8>,<1.2;2>,<1.2;1.8>,<1.2;1.5>,<1;1.3>,<1.2;2>,3143,<0.6;0.8>,<3;4>,<6;8>,<1.2;1.8>,<1.2;1.8>,<1;1.3>,<1;1.3>,<1.2;1.8>,82,<0.6;0.8>,<3;4>,<6;8>,<1.2;1.8>,<1.2;1.8>,<1;1.3>,<1;1.3>,<1.2;1.8>,631,<0.6;0.8>,<3;4>,<6;8>,<1.2;1.8>,<1.2;1.8>,<1;1.3>,<1;1.3>,<1.2;1.8>
135,65,741,<0.8;1>,<3;4>,<7;10>,<1.8;2.5>,<1.2;1.8>,<1.3;1.6>,<1;1.3>,<1.8;2.5>,3152,<0.7;0.9>,<3;4>,<7;9>,<1.5;2.2>,<1.2;1.8>,<1.2;1.5>,<1;1.3>,<1.5;2.2>,2073,<0.7;0.9>,<3;4>,<7;9>,<1.5;2.2>,<1.2;1.8>,<1.2;1.5>,<1;1.3>,<1.5;2.2>,603,<0.7;0.9>,<3;4>,<7;9>,<1.5;2.2>,<1.2;1.8>,<1.2;1.5>,<1;1.3>,<1.5;2.2>,3663,<0.7;0.9>,<3;4>,<7;9>,<1.5;2.2>,<1.2;1.8>,<1.2;1.5>,<1;1.3>,<1.5;2.2>,2843,<0.7;0.9>,<3;4>,<7;9>,<1.5;2.2>,<1.2;1.8>,<1.2;1.5>,<1;1.3>,<1.5;2.2>,1303,<0.6;0.8>,<3;4>,<6;8>,<1.2;2>,<1.2;1.8>,<1.2;1.5>,<1;1.3>,<1.2;2>,3171,<0.6;0.8>,<3;4>,<6;8>,<1.2;1.8>,<1.2;1.8>,<1;1.3>,<1;1.3>,<1.2;1.8>,692,<0.6;0.8>,<3;4>,<6;8>,<1.2;1.8>,<1.2;1.8>,<1;1.3>,<1;1.3>,<1.2;1.8>,641,<0.6;0.8>,<3;4>,<6;8>,<1.2;1.8>,<1.2;1.8>,<1;1.3>,<1;1.3>,<1.2;1.8>
136,65,863,<0.8;1>,<3;4>,<7;10>,<1.8;2.5>,<1.2;1.8>,<1.3;1.6>,<1;1.3>,<1.8;2.5>,3161,<0.7;0.9>,<3;4>,<7;9>,<1.5;2.2>,<1.2;1.8>,<1.2;1.5>,<1;1.3>,<1.5;2.2>,2593,<0.7;0.9>,<3;4>,<7;9>,<1.5;2.2>,<1.2;1.8>,<1.2;1.5>,<1;1.3>,<1.5;2.2>,611,<0.7;0.9>,<3;4>,<7;9>,<1.5;2.2>,<1.2;1.8>,<1.2;1.5>,<1;1.3>,<1.5;2.2>,263,<0.7;0.9>,<3;4>,<7;9>,<1.5;2.2>,<1.2;1.8>,<1.2;1.5>,<1;1.3>,<1.5;2.2>,3432,<0.7;0.9>,<3;4>,<7;9>,<1.5;2.2>,<1.2;1.8>,<1.2;1.5>,<1;1.3>,<1.5;2.2>,1381,<0.6;0.8>,<3;4>,<6;8>,<1.2;2>,<1.2;1.8>,<1.2;1.5>,<1;1.3>,<1.2;2>,3303,<0.6;0.8>,<3;4>,<6;8>,<1.2;1.8>,<1.2;1.8>,<1;1.3>,<1;1.3>,<1.2;1.8>,2683,<0.6;0.8>,<3;4>,<6;8>,<1.2;1.8>,<1.2;1.8>,<1;1.3>,<1;1.3>,<1.2;1.8>,712,<0.6;0.8>,<3;4>,<6;8>,<1.2;1.8>,<1.2;1.8>,<1;1.3>,<1;1.3>,<1.2;1.8>
137,65,883,<0.8;1>,<3;4>,<7;10>,<1.8;2.5>,<1.2;1.8>,<1.3;1.6>,<1;1.3>,<1.8;2.5>,3181,<0.7;0.9>,<3;4>,<7;9>,<1.5;2.2>,<1.2;1.8>,<1.2;1.5>,<1;1.3>,<1.5;2.2>,2612,<0.7;0.9>,<3;4>,<7;9>,<1.5;2.2>,<1.2;1.8>,<1.2;1.5>,<1;1.3>,<1.5;2.2>,631,<0.7;0.9>,<3;4>,<7;9>,<1.5;2.2>,<1.2;1.8>,<1.2;1.5>,<1;1.3>,<1.5;2.2>,393,<0.7;0.9>,<3;4>,<7;9>,<1.5;2.2>,<1.2;1.8>,<1.2;1.5>,<1;1.3>,<1.5;2.2>,3772,<0.7;0.9>,<3;4>,<7;9>,<1.5;2.2>,<1.2;1.8>,<1.2;1.5>,<1;1.3>,<1.5;2.2>,1772,<0.6;0.8>,<3;4>,<6;8>,<1.2;2>,<1.2;1.8>,<1.2;1.5>,<1;1.3>,<1.2;2>,3353,<0.6;0.8>,<3;4>,<6;8>,<1.2;1.8>,<1.2;1.8>,<1;1.3>,<1;1.3>,<1.2;1.8>,2843,<0.6;0.8>,<3;4>,<6;8>,<1.2;1.8>,<1.2;1.8>,<1;1.3>,<1;1.3>,<1.2;1.8>,741,<0.6;0.8>,<3;4>,<6;8>,<1.2;1.8>,<1.2;1.8>,<1;1.3>,<1;1.3>,<1.2;1.8>
138,65,1082,<0.8;1>,<3;4>,<7;10>,<1.8;2.5>,<1.2;1.8>,<1.3;1.6>,<1;1.3>,<1.8;2.5>,3251,<0.7;0.9>,<3;4>,<7;9>,<1.5;2.2>,<1.2;1.8>,<1.2;1.5>,<1;1.3>,<1.5;2.2>,2633,<0.7;0.9>,<3;4>,<7;9>,<1.5;2.2>,<1.2;1.8>,<1.2;1.5>,<1;1.3>,<1.5;2.2>,641,<0.7;0.9>,<3;4>,<7;9>,<1.5;2.2>,<1.2;1.8>,<1.2;1.5>,<1;1.3>,<1.5;2.2>,572,<0.7;0.9>,<3;4>,<7;9>,<1.5;2.2>,<1.2;1.8>,<1.2;1.5>,<1;1.3>,<1.5;2.2>,13,<0.7;0.9>,<3;4>,<7;9>,<1.5;2.2>,<1.2;1.8>,<1.2;1.5>,<1;1.3>,<1.5;2.2>,1813,<0.6;0.8>,<3;4>,<6;8>,<1.2;2>,<1.2;1.8>,<1.2;1.5>,<1;1.3>,<1.2;2>,3673,<0.6;0.8>,<3;4>,<6;8>,<1.2;1.8>,<1.2;1.8>,<1;1.3>,<1;1.3>,<1.2;1.8>,3432,<0.6;0.8>,<3;4>,<6;8>,<1.2;1.8>,<1.2;1.8>,<1;1.3>,<1;1.3>,<1.2;1.8>,863,<0.6;0.8>,<3;4>,<6;8>,<1.2;1.8>,<1.2;1.8>,<1;1.3>,<1;1.3>,<1.2;1.8>
139,65,1293,<0.8;1>,<3;4>,<7;10>,<1.8;2.5>,<1.2;1.8>,<1.3;1.6>,<1;1.3>,<1.8;2.5>,3592,<0.7;0.9>,<3;4>,<7;9>,<1.5;2.2>,<1.2;1.8>,<1.2;1.5>,<1;1.3>,<1.5;2.2>,2963,<0.7;0.9>,<3;4>,<7;9>,<1.5;2.2>,<1.2;1.8>,<1.2;1.5>,<1;1.3>,<1.5;2.2>,712,<0.7;0.9>,<3;4>,<7;9>,<1.5;2.2>,<1.2;1.8>,<1.2;1.5>,<1;1.3>,<1.5;2.2>,701,<0.7;0.9>,<3;4>,<7;9>,<1.5;2.2>,<1.2;1.8>,<1.2;1.5>,<1;1.3>,<1.5;2.2>,273,<0.7;0.9>,<3;4>,<7;9>,<1.5;2.2>,<1.2;1.8>,<1.2;1.5>,<1;1.3>,<1.5;2.2>,1841,<0.6;0.8>,<3;4>,<6;8>,<1.2;2>,<1.2;1.8>,<1.2;1.5>,<1;1.3>,<1.2;2>,7001,<0.6;0.8>,<3;4>,<6;8>,<1.2;1.8>,<1.2;1.8>,<1;1.3>,<1;1.3>,<1.2;1.8>,3772,<0.6;0.8>,<3;4>,<6;8>,<1.2;1.8>,<1.2;1.8>,<1;1.3>,<1;1.3>,<1.2;1.8>,883,<0.6;0.8>,<3;4>,<6;8>,<1.2;1.8>,<1.2;1.8>,<1;1.3>,<1;1.3>,<1.2;1.8>
140,65,1612,<0.8;1>,<3;4>,<7;10>,<1.8;2.5>,<1.2;1.8>,<1.3;1.6>,<1;1.3>,<1.8;2.5>,3663,<0.7;0.9>,<3;4>,<7;9>,<1.5;2.2>,<1.2;1.8>,<1.2;1.5>,<1;1.3>,<1.5;2.2>,3283,<0.7;0.9>,<3;4>,<7;9>,<1.5;2.2>,<1.2;1.8>,<1.2;1.5>,<1;1.3>,<1.5;2.2>,741,<0.7;0.9>,<3;4>,<7;9>,<1.5;2.2>,<1.2;1.8>,<1.2;1.5>,<1;1.3>,<1.5;2.2>,721,<0.7;0.9>,<3;4>,<7;9>,<1.5;2.2>,<1.2;1.8>,<1.2;1.5>,<1;1.3>,<1.5;2.2>,402,<0.7;0.9>,<3;4>,<7;9>,<1.5;2.2>,<1.2;1.8>,<1.2;1.5>,<1;1.3>,<1.5;2.2>,1911,<0.6;0.8>,<3;4>,<6;8>,<1.2;2>,<1.2;1.8>,<1.2;1.5>,<1;1.3>,<1.2;2>,44,<0.6;0.8>,<3;4>,<6;8>,<1.2;1.8>,<1.2;1.8>,<1;1.3>,<1;1.3>,<1.2;1.8>,13,<0.6;0.8>,<3;4>,<6;8>,<1.2;1.8>,<1.2;1.8>,<1;1.3>,<1;1.3>,<1.2;1.8>,1082,<0.6;0.8>,<3;4>,<6;8>,<1.2;1.8>,<1.2;1.8>,<1;1.3>,<1;1.3>,<1.2;1.8>
141,70,2033,<0.8;1>,<4;5>,<7;10>,<1.8;2.5>,<1.2;1.8>,<1.3;1.6>,<1;1.3>,<1.8;2.5>,263,<0.7;0.9>,<4;5>,<7;9>,<1.5;2.2>,<1.2;1.8>,<1.2;1.5>,<1;1.3>,<1.5;2.2>,3293,<0.7;0.9>,<4;5>,<7;9>,<1.5;2.2>,<1.2;1.8>,<1.2;1.5>,<1;1.3>,<1.5;2.2>,863,<0.7;0.9>,<4;5>,<7;9>,<1.5;2.2>,<1.2;1.8>,<1.2;1.5>,<1;1.3>,<1.5;2.2>,771,<0.7;0.9>,<4;5>,<7;9>,<1.5;2.2>,<1.2;1.8>,<1.2;1.5>,<1;1.3>,<1.5;2.2>,493,<0.7;0.9>,<4;5>,<7;9>,<1.5;2.2>,<1.2;1.8>,<1.2;1.5>,<1;1.3>,<1.5;2.2>,2023,<0.6;0.8>,<3;4>,<6;8>,<1.2;2>,<1.2;1.8>,<1.2;1.5>,<1;1.3>,<1.2;2>,53,<0.6;0.8>,<3;4>,<6;8>,<1.2;1.8>,<1.2;1.8>,<1;1.3>,<1;1.3>,<1.2;1.8>,273,<0.6;0.8>,<3;4>,<6;8>,<1.2;1.8>,<1.2;1.8>,<1;1.3>,<1;1.3>,<1.2;1.8>,1293,<0.6;0.8>,<3;4>,<6;8>,<1.2;1.8>,<1.2;1.8>,<1;1.3>,<1;1.3>,<1.2;1.8>
142,70,972,<0.8;1>,<4;5>,<7;10>,<1.8;2.5>,<1.2;1.8>,<1.3;1.6>,<1;1.3>,<1.8;2.5>,393,<0.7;0.9>,<4;5>,<7;9>,<1.5;2.2>,<1.2;1.8>,<1.2;1.5>,<1;1.3>,<1.5;2.2>,3342,<0.7;0.9>,<4;5>,<7;9>,<1.5;2.2>,<1.2;1.8>,<1.2;1.5>,<1;1.3>,<1.5;2.2>,883,<0.7;0.9>,<4;5>,<7;9>,<1.5;2.2>,<1.2;1.8>,<1.2;1.5>,<1;1.3>,<1.5;2.2>,1231,<0.7;0.9>,<4;5>,<7;9>,<1.5;2.2>,<1.2;1.8>,<1.2;1.5>,<1;1.3>,<1.5;2.2>,552,<0.7;0.9>,<4;5>,<7;9>,<1.5;2.2>,<1.2;1.8>,<1.2;1.5>,<1;1.3>,<1.5;2.2>,2242,<0.6;0.8>,<3;4>,<6;8>,<1.2;2>,<1.2;1.8>,<1.2;1.5>,<1;1.3>,<1.2;2>,82,<0.6;0.8>,<3;4>,<6;8>,<1.2;1.8>,<1.2;1.8>,<1;1.3>,<1;1.3>,<1.2;1.8>,402,<0.6;0.8>,<3;4>,<6;8>,<1.2;1.8>,<1.2;1.8>,<1;1.3>,<1;1.3>,<1.2;1.8>,1612,<0.6;0.8>,<3;4>,<6;8>,<1.2;1.8>,<1.2;1.8>,<1;1.3>,<1;1.3>,<1.2;1.8>
143,70,1032,<0.8;1>,<4;5>,<7;10>,<1.8;2.5>,<1.2;1.8>,<1.3;1.6>,<1;1.3>,<1.8;2.5>,572,<0.7;0.9>,<4;5>,<7;9>,<1.5;2.2>,<1.2;1.8>,<1.2;1.5>,<1;1.3>,<1.5;2.2>,3472,<0.7;0.9>,<4;5>,<7;9>,<1.5;2.2>,<1.2;1.8>,<1.2;1.5>,<1;1.3>,<1.5;2.2>,1082,<0.7;0.9>,<4;5>,<7;9>,<1.5;2.2>,<1.2;1.8>,<1.2;1.5>,<1;1.3>,<1.5;2.2>,1241,<0.7;0.9>,<4;5>,<7;9>,<1.5;2.2>,<1.2;1.8>,<1.2;1.5>,<1;1.3>,<1.5;2.2>,793,<0.7;0.9>,<4;5>,<7;9>,<1.5;2.2>,<1.2;1.8>,<1.2;1.5>,<1;1.3>,<1.5;2.2>,2723,<0.6;0.8>,<3;4>,<6;8>,<1.2;2>,<1.2;1.8>,<1.2;1.5>,<1;1.3>,<1.2;2>,692,<0.6;0.8>,<3;4>,<6;8>,<1.2;1.8>,<1.2;1.8>,<1;1.3>,<1;1.3>,<1.2;1.8>,493,<0.6;0.8>,<3;4>,<6;8>,<1.2;1.8>,<1.2;1.8>,<1;1.3>,<1;1.3>,<1.2;1.8>,2033,<0.6;0.8>,<3;4>,<6;8>,<1.2;1.8>,<1.2;1.8>,<1;1.3>,<1;1.3>,<1.2;1.8>
144,70,1071,<0.8;1>,<4;5>,<7;10>,<1.8;2.5>,<1.2;1.8>,<1.3;1.6>,<1;1.3>,<1.8;2.5>,701,<0.7;0.9>,<4;5>,<7;9>,<1.5;2.2>,<1.2;1.8>,<1.2;1.5>,<1;1.3>,<1.5;2.2>,3511,<0.7;0.9>,<4;5>,<7;9>,<1.5;2.2>,<1.2;1.8>,<1.2;1.5>,<1;1.3>,<1.5;2.2>,1293,<0.7;0.9>,<4;5>,<7;9>,<1.5;2.2>,<1.2;1.8>,<1.2;1.5>,<1;1.3>,<1.5;2.2>,1313,<0.7;0.9>,<4;5>,<7;9>,<1.5;2.2>,<1.2;1.8>,<1.2;1.5>,<1;1.3>,<1.5;2.2>,2013,<0.7;0.9>,<4;5>,<7;9>,<1.5;2.2>,<1.2;1.8>,<1.2;1.5>,<1;1.3>,<1.5;2.2>,3003,<0.6;0.8>,<3;4>,<6;8>,<1.2;2>,<1.2;1.8>,<1.2;1.5>,<1;1.3>,<1.2;2>,2683,<0.6;0.8>,<3;4>,<6;8>,<1.2;1.8>,<1.2;1.8>,<1;1.3>,<1;1.3>,<1.2;1.8>,552,<0.6;0.8>,<3;4>,<6;8>,<1.2;1.8>,<1.2;1.8>,<1;1.3>,<1;1.3>,<1.2;1.8>,972,<0.6;0.8>,<3;4>,<6;8>,<1.2;1.8>,<1.2;1.8>,<1;1.3>,<1;1.3>,<1.2;1.8>
145,70,1253,<0.8;1>,<4;5>,<7;10>,<1.8;2.5>,<1.2;1.8>,<1.3;1.6>,<1;1.3>,<1.8;2.5>,721,<0.7;0.9>,<4;5>,<7;9>,<1.5;2.2>,<1.2;1.8>,<1.2;1.5>,<1;1.3>,<1.5;2.2>,3683,<0.7;0.9>,<4;5>,<7;9>,<1.5;2.2>,<1.2;1.8>,<1.2;1.5>,<1;1.3>,<1.5;2.2>,1612,<0.7;0.9>,<4;5>,<7;9>,<1.5;2.2>,<1.2;1.8>,<1.2;1.5>,<1;1.3>,<1.5;2.2>,1393,<0.7;0.9>,<4;5>,<7;9>,<1.5;2.2>,<1.2;1.8>,<1.2;1.5>,<1;1.3>,<1.5;2.2>,2073,<0.7;0.9>,<4;5>,<7;9>,<1.5;2.2>,<1.2;1.8>,<1.2;1.5>,<1;1.3>,<1.5;2.2>,3152,<0.6;0.8>,<3;4>,<6;8>,<1.2;2>,<1.2;1.8>,<1.2;1.5>,<1;1.3>,<1.2;2>,2843,<0.6;0.8>,<3;4>,<6;8>,<1.2;1.8>,<1.2;1.8>,<1;1.3>,<1;1.3>,<1.2;1.8>,793,<0.6;0.8>,<3;4>,<6;8>,<1.2;1.8>,<1.2;1.8>,<1;1.3>,<1;1.3>,<1.2;1.8>,1032,<0.6;0.8>,<3;4>,<6;8>,<1.2;1.8>,<1.2;1.8>,<1;1.3>,<1;1.3>,<1.2;1.8>
146,70,1303,<0.8;1>,<4;5>,<7;10>,<1.8;2.5>,<1.2;1.8>,<1.3;1.6>,<1;1.3>,<1.8;2.5>,771,<0.7;0.9>,<4;5>,<7;9>,<1.5;2.2>,<1.2;1.8>,<1.2;1.5>,<1;1.3>,<1.5;2.2>,731,<0.7;0.9>,<4;5>,<7;9>,<1.5;2.2>,<1.2;1.8>,<1.2;1.5>,<1;1.3>,<1.5;2.2>,2033,<0.7;0.9>,<4;5>,<7;9>,<1.5;2.2>,<1.2;1.8>,<1.2;1.5>,<1;1.3>,<1.5;2.2>,1423,<0.7;0.9>,<4;5>,<7;9>,<1.5;2.2>,<1.2;1.8>,<1.2;1.5>,<1;1.3>,<1.5;2.2>,2593,<0.7;0.9>,<4;5>,<7;9>,<1.5;2.2>,<1.2;1.8>,<1.2;1.5>,<1;1.3>,<1.5;2.2>,3161,<0.6;0.8>,<3;4>,<6;8>,<1.2;2>,<1.2;1.8>,<1.2;1.5>,<1;1.3>,<1.2;2>,3432,<0.6;0.8>,<3;4>,<6;8>,<1.2;1.8>,<1.2;1.8>,<1;1.3>,<1;1.3>,<1.2;1.8>,2013,<0.6;0.8>,<3;4>,<6;8>,<1.2;1.8>,<1.2;1.8>,<1;1.3>,<1;1.3>,<1.2;1.8>,1071,<0.6;0.8>,<3;4>,<6;8>,<1.2;1.8>,<1.2;1.8>,<1;1.3>,<1;1.3>,<1.2;1.8>
147,70,1381,<0.8;1>,<4;5>,<7;10>,<1.8;2.5>,<1.2;1.8>,<1.3;1.6>,<1;1.3>,<1.8;2.5>,1231,<0.7;0.9>,<4;5>,<7;9>,<1.5;2.2>,<1.2;1.8>,<1.2;1.5>,<1;1.3>,<1.5;2.2>,1221,<0.7;0.9>,<4;5>,<7;9>,<1.5;2.2>,<1.2;1.8>,<1.2;1.5>,<1;1.3>,<1.5;2.2>,972,<0.7;0.9>,<4;5>,<7;9>,<1.5;2.2>,<1.2;1.8>,<1.2;1.5>,<1;1.3>,<1.5;2.2>,1503,<0.7;0.9>,<4;5>,<7;9>,<1.5;2.2>,<1.2;1.8>,<1.2;1.5>,<1;1.3>,<1.5;2.2>,2612,<0.7;0.9>,<4;5>,<7;9>,<1.5;2.2>,<1.2;1.8>,<1.2;1.5>,<1;1.3>,<1.5;2.2>,3181,<0.6;0.8>,<3;4>,<6;8>,<1.2;2>,<1.2;1.8>,<1.2;1.5>,<1;1.3>,<1.2;2>,3772,<0.6;0.8>,<3;4>,<6;8>,<1.2;1.8>,<1.2;1.8>,<1;1.3>,<1;1.3>,<1.2;1.8>,2073,<0.6;0.8>,<3;4>,<6;8>,<1.2;1.8>,<1.2;1.8>,<1;1.3>,<1;1.3>,<1.2;1.8>,1253,<0.6;0.8>,<3;4>,<6;8>,<1.2;1.8>,<1.2;1.8>,<1;1.3>,<1;1.3>,<1.2;1.8>
148,70,1772,<0.8;1>,<4;5>,<7;10>,<1.8;2.5>,<1.2;1.8>,<1.3;1.6>,<1;1.3>,<1.8;2.5>,1241,<0.7;0.9>,<4;5>,<7;9>,<1.5;2.2>,<1.2;1.8>,<1.2;1.5>,<1;1.3>,<1.5;2.2>,1903,<0.7;0.9>,<4;5>,<7;9>,<1.5;2.2>,<1.2;1.8>,<1.2;1.5>,<1;1.3>,<1.5;2.2>,1032,<0.7;0.9>,<4;5>,<7;9>,<1.5;2.2>,<1.2;1.8>,<1.2;1.5>,<1;1.3>,<1.5;2.2>,1893,<0.7;0.9>,<4;5>,<7;9>,<1.5;2.2>,<1.2;1.8>,<1.2;1.5>,<1;1.3>,<1.5;2.2>,2633,<0.7;0.9>,<4;5>,<7;9>,<1.5;2.2>,<1.2;1.8>,<1.2;1.5>,<1;1.3>,<1.5;2.2>,3251,<0.6;0.8>,<3;4>,<6;8>,<1.2;2>,<1.2;1.8>,<1.2;1.5>,<1;1.3>,<1.2;2>,13,<0.6;0.8>,<3;4>,<6;8>,<1.2;1.8>,<1.2;1.8>,<1;1.3>,<1;1.3>,<1.2;1.8>,2593,<0.6;0.8>,<3;4>,<6;8>,<1.2;1.8>,<1.2;1.8>,<1;1.3>,<1;1.3>,<1.2;1.8>,1303,<0.6;0.8>,<3;4>,<6;8>,<1.2;1.8>,<1.2;1.8>,<1;1.3>,<1;1.3>,<1.2;1.8>
149,70,1813,<0.8;1>,<4;5>,<7;10>,<1.8;2.5>,<1.2;1.8>,<1.3;1.6>,<1;1.3>,<1.8;2.5>,1313,<0.7;0.9>,<4;5>,<7;9>,<1.5;2.2>,<1.2;1.8>,<1.2;1.5>,<1;1.3>,<1.5;2.2>,1931,<0.7;0.9>,<4;5>,<7;9>,<1.5;2.2>,<1.2;1.8>,<1.2;1.5>,<1;1.3>,<1.5;2.2>,1071,<0.7;0.9>,<4;5>,<7;9>,<1.5;2.2>,<1.2;1.8>,<1.2;1.5>,<1;1.3>,<1.5;2.2>,1941,<0.7;0.9>,<4;5>,<7;9>,<1.5;2.2>,<1.2;1.8>,<1.2;1.5>,<1;1.3>,<1.5;2.2>,2963,<0.7;0.9>,<4;5>,<7;9>,<1.5;2.2>,<1.2;1.8>,<1.2;1.5>,<1;1.3>,<1.5;2.2>,3592,<0.6;0.8>,<3;4>,<6;8>,<1.2;2>,<1.2;1.8>,<1.2;1.5>,<1;1.3>,<1.2;2>,273,<0.6;0.8>,<3;4>,<6;8>,<1.2;1.8>,<1.2;1.8>,<1;1.3>,<1;1.3>,<1.2;1.8>,2612,<0.6;0.8>,<3;4>,<6;8>,<1.2;1.8>,<1.2;1.8>,<1;1.3>,<1;1.3>,<1.2;1.8>,1381,<0.6;0.8>,<3;4>,<6;8>,<1.2;1.8>,<1.2;1.8>,<1;1.3>,<1;1.3>,<1.2;1.8>
150,70,1841,<0.8;1>,<4;5>,<7;10>,<1.8;2.5>,<1.2;1.8>,<1.3;1.6>,<1;1.3>,<1.8;2.5>,1393,<0.7;0.9>,<4;5>,<7;9>,<1.5;2.2>,<1.2;1.8>,<1.2;1.5>,<1;1.3>,<1.5;2.2>,3543,<0.7;0.9>,<4;5>,<7;9>,<1.5;2.2>,<1.2;1.8>,<1.2;1.5>,<1;1.3>,<1.5;2.2>,1253,<0.7;0.9>,<4;5>,<7;9>,<1.5;2.2>,<1.2;1.8>,<1.2;1.5>,<1;1.3>,<1.5;2.2>,1951,<0.7;0.9>,<4;5>,<7;9>,<1.5;2.2>,<1.2;1.8>,<1.2;1.5>,<1;1.3>,<1.5;2.2>,3283,<0.7;0.9>,<4;5>,<7;9>,<1.5;2.2>,<1.2;1.8>,<1.2;1.5>,<1;1.3>,<1.5;2.2>,3663,<0.6;0.8>,<3;4>,<6;8>,<1.2;2>,<1.2;1.8>,<1.2;1.5>,<1;1.3>,<1.2;2>,402,<0.6;0.8>,<3;4>,<6;8>,<1.2;1.8>,<1.2;1.8>,<1;1.3>,<1;1.3>,<1.2;1.8>,2633,<0.6;0.8>,<3;4>,<6;8>,<1.2;1.8>,<1.2;1.8>,<1;1.3>,<1;1.3>,<1.2;1.8>,1772,<0.6;0.8>,<3;4>,<6;8>,<1.2;1.8>,<1.2;1.8>,<1;1.3>,<1;1.3>,<1.2;1.8>
151,70,1911,<0.8;1>,<4;5>,<7;10>,<1.8;2.5>,<1.2;1.8>,<1.3;1.6>,<1;1.3>,<1.8;2.5>,1423,<0.7;0.9>,<4;5>,<7;9>,<1.5;2.2>,<1.2;1.8>,<1.2;1.5>,<1;1.3>,<1.5;2.2>,163,<0.7;0.9>,<4;5>,<7;9>,<1.5;2.2>,<1.2;1.8>,<1.2;1.5>,<1;1.3>,<1.5;2.2>,1303,<0.7;0.9>,<4;5>,<7;9>,<1.5;2.2>,<1.2;1.8>,<1.2;1.5>,<1;1.3>,<1.5;2.2>,2233,<0.7;0.9>,<4;5>,<7;9>,<1.5;2.2>,<1.2;1.8>,<1.2;1.5>,<1;1.3>,<1.5;2.2>,3293,<0.7;0.9>,<4;5>,<7;9>,<1.5;2.2>,<1.2;1.8>,<1.2;1.5>,<1;1.3>,<1.5;2.2>,1911,<0.6;0.8>,<3;4>,<6;8>,<1.2;2>,<1.2;1.8>,<1.2;1.5>,<1;1.3>,<1.2;2>,972,<0.6;0.8>,<3;4>,<6;8>,<1.2;1.8>,<1.2;1.8>,<1;1.3>,<1;1.3>,<1.2;1.8>,2963,<0.6;0.8>,<3;4>,<6;8>,<1.2;1.8>,<1.2;1.8>,<1;1.3>,<1;1.3>,<1.2;1.8>,1813,<0.6;0.8>,<3;4>,<6;8>,<1.2;1.8>,<1.2;1.8>,<1;1.3>,<1;1.3>,<1.2;1.8>
152,70,2023,<0.8;1>,<4;5>,<7;10>,<1.8;2.5>,<1.2;1.8>,<1.3;1.6>,<1;1.3>,<1.8;2.5>,1503,<0.7;0.9>,<4;5>,<7;9>,<1.5;2.2>,<1.2;1.8>,<1.2;1.5>,<1;1.3>,<1.5;2.2>,242,<0.7;0.9>,<4;5>,<7;9>,<1.5;2.2>,<1.2;1.8>,<1.2;1.5>,<1;1.3>,<1.5;2.2>,1381,<0.7;0.9>,<4;5>,<7;9>,<1.5;2.2>,<1.2;1.8>,<1.2;1.5>,<1;1.3>,<1.5;2.2>,2401,<0.7;0.9>,<4;5>,<7;9>,<1.5;2.2>,<1.2;1.8>,<1.2;1.5>,<1;1.3>,<1.5;2.2>,3342,<0.7;0.9>,<4;5>,<7;9>,<1.5;2.2>,<1.2;1.8>,<1.2;1.5>,<1;1.3>,<1.5;2.2>,2023,<0.6;0.8>,<3;4>,<6;8>,<1.2;2>,<1.2;1.8>,<1.2;1.5>,<1;1.3>,<1.2;2>,1032,<0.6;0.8>,<3;4>,<6;8>,<1.2;1.8>,<1.2;1.8>,<1;1.3>,<1;1.3>,<1.2;1.8>,3283,<0.6;0.8>,<3;4>,<6;8>,<1.2;1.8>,<1.2;1.8>,<1;1.3>,<1;1.3>,<1.2;1.8>,1841,<0.6;0.8>,<3;4>,<6;8>,<1.2;1.8>,<1.2;1.8>,<1;1.3>,<1;1.3>,<1.2;1.8>
153,70,2242,<0.8;1>,<4;5>,<7;10>,<1.8;2.5>,<1.2;1.8>,<1.3;1.6>,<1;1.3>,<1.8;2.5>,1893,<0.7;0.9>,<4;5>,<7;9>,<1.5;2.2>,<1.2;1.8>,<1.2;1.5>,<1;1.3>,<1.5;2.2>,333,<0.7;0.9>,<4;5>,<7;9>,<1.5;2.2>,<1.2;1.8>,<1.2;1.5>,<1;1.3>,<1.5;2.2>,1772,<0.7;0.9>,<4;5>,<7;9>,<1.5;2.2>,<1.2;1.8>,<1.2;1.5>,<1;1.3>,<1.5;2.2>,2493,<0.7;0.9>,<4;5>,<7;9>,<1.5;2.2>,<1.2;1.8>,<1.2;1.5>,<1;1.3>,<1.5;2.2>,3472,<0.7;0.9>,<4;5>,<7;9>,<1.5;2.2>,<1.2;1.8>,<1.2;1.5>,<1;1.3>,<1.5;2.2>,2242,<0.6;0.8>,<3;4>,<6;8>,<1.2;2>,<1.2;1.8>,<1.2;1.5>,<1;1.3>,<1.2;2>,1071,<0.6;0.8>,<3;4>,<6;8>,<1.2;1.8>,<1.2;1.8>,<1;1.3>,<1;1.3>,<1.2;1.8>,3293,<0.6;0.8>,<3;4>,<6;8>,<1.2;1.8>,<1.2;1.8>,<1;1.3>,<1;1.3>,<1.2;1.8>,1911,<0.6;0.8>,<3;4>,<6;8>,<1.2;1.8>,<1.2;1.8>,<1;1.3>,<1;1.3>,<1.2;1.8>
154,70,2723,<0.8;1>,<4;5>,<7;10>,<1.8;2.5>,<1.2;1.8>,<1.3;1.6>,<1;1.3>,<1.8;2.5>,1941,<0.7;0.9>,<4;5>,<7;9>,<1.5;2.2>,<1.2;1.8>,<1.2;1.5>,<1;1.3>,<1.5;2.2>,503,<0.7;0.9>,<4;5>,<7;9>,<1.5;2.2>,<1.2;1.8>,<1.2;1.5>,<1;1.3>,<1.5;2.2>,1813,<0.7;0.9>,<4;5>,<7;9>,<1.5;2.2>,<1.2;1.8>,<1.2;1.5>,<1;1.3>,<1.5;2.2>,3021,<0.7;0.9>,<4;5>,<7;9>,<1.5;2.2>,<1.2;1.8>,<1.2;1.5>,<1;1.3>,<1.5;2.2>,3511,<0.7;0.9>,<4;5>,<7;9>,<1.5;2.2>,<1.2;1.8>,<1.2;1.5>,<1;1.3>,<1.5;2.2>,2723,<0.6;0.8>,<3;4>,<6;8>,<1.2;2>,<1.2;1.8>,<1.2;1.5>,<1;1.3>,<1.2;2>,1253,<0.6;0.8>,<3;4>,<6;8>,<1.2;1.8>,<1.2;1.8>,<1;1.3>,<1;1.3>,<1.2;1.8>,3342,<0.6;0.8>,<3;4>,<6;8>,<1.2;1.8>,<1.2;1.8>,<1;1.3>,<1;1.3>,<1.2;1.8>,2023,<0.6;0.8>,<3;4>,<6;8>,<1.2;1.8>,<1.2;1.8>,<1;1.3>,<1;1.3>,<1.2;1.8>
155,70,3003,<0.8;1>,<4;5>,<7;10>,<1.8;2.5>,<1.2;1.8>,<1.3;1.6>,<1;1.3>,<1.8;2.5>,1951,<0.7;0.9>,<4;5>,<7;9>,<1.5;2.2>,<1.2;1.8>,<1.2;1.5>,<1;1.3>,<1.5;2.2>,593,<0.7;0.9>,<4;5>,<7;9>,<1.5;2.2>,<1.2;1.8>,<1.2;1.5>,<1;1.3>,<1.5;2.2>,1841,<0.7;0.9>,<4;5>,<7;9>,<1.5;2.2>,<1.2;1.8>,<1.2;1.5>,<1;1.3>,<1.5;2.2>,3143,<0.7;0.9>,<4;5>,<7;9>,<1.5;2.2>,<1.2;1.8>,<1.2;1.5>,<1;1.3>,<1.5;2.2>,3683,<0.7;0.9>,<4;5>,<7;9>,<1.5;2.2>,<1.2;1.8>,<1.2;1.5>,<1;1.3>,<1.5;2.2>,3003,<0.6;0.8>,<3;4>,<6;8>,<1.2;2>,<1.2;1.8>,<1.2;1.5>,<1;1.3>,<1.2;2>,1303,<0.6;0.8>,<3;4>,<6;8>,<1.2;1.8>,<1.2;1.8>,<1;1.3>,<1;1.3>,<1.2;1.8>,3472,<0.6;0.8>,<3;4>,<6;8>,<1.2;1.8>,<1.2;1.8>,<1;1.3>,<1;1.3>,<1.2;1.8>,2242,<0.6;0.8>,<3;4>,<6;8>,<1.2;1.8>,<1.2;1.8>,<1;1.3>,<1;1.3>,<1.2;1.8>
156,70,3152,<0.8;1>,<4;5>,<7;10>,<1.8;2.5>,<1.2;1.8>,<1.3;1.6>,<1;1.3>,<1.8;2.5>,2233,<0.7;0.9>,<4;5>,<7;9>,<1.5;2.2>,<1.2;1.8>,<1.2;1.5>,<1;1.3>,<1.5;2.2>,603,<0.7;0.9>,<4;5>,<7;9>,<1.5;2.2>,<1.2;1.8>,<1.2;1.5>,<1;1.3>,<1.5;2.2>,1911,<0.7;0.9>,<4;5>,<7;9>,<1.5;2.2>,<1.2;1.8>,<1.2;1.5>,<1;1.3>,<1.5;2.2>,3171,<0.7;0.9>,<4;5>,<7;9>,<1.5;2.2>,<1.2;1.8>,<1.2;1.5>,<1;1.3>,<1.5;2.2>,731,<0.7;0.9>,<4;5>,<7;9>,<1.5;2.2>,<1.2;1.8>,<1.2;1.5>,<1;1.3>,<1.5;2.2>,3152,<0.6;0.8>,<3;4>,<6;8>,<1.2;2>,<1.2;1.8>,<1.2;1.5>,<1;1.3>,<1.2;2>,1381,<0.6;0.8>,<3;4>,<6;8>,<1.2;1.8>,<1.2;1.8>,<1;1.3>,<1;1.3>,<1.2;1.8>,3511,<0.6;0.8>,<3;4>,<6;8>,<1.2;1.8>,<1.2;1.8>,<1;1.3>,<1;1.3>,<1.2;1.8>,2723,<0.6;0.8>,<3;4>,<6;8>,<1.2;1.8>,<1.2;1.8>,<1;1.3>,<1;1.3>,<1.2;1.8>
157,70,3161,<0.8;1>,<4;5>,<7;10>,<1.8;2.5>,<1.2;1.8>,<1.3;1.6>,<1;1.3>,<1.8;2.5>,2401,<0.7;0.9>,<4;5>,<7;9>,<1.5;2.2>,<1.2;1.8>,<1.2;1.5>,<1;1.3>,<1.5;2.2>,611,<0.7;0.9>,<4;5>,<7;9>,<1.5;2.2>,<1.2;1.8>,<1.2;1.5>,<1;1.3>,<1.5;2.2>,2023,<0.7;0.9>,<4;5>,<7;9>,<1.5;2.2>,<1.2;1.8>,<1.2;1.5>,<1;1.3>,<1.5;2.2>,3303,<0.7;0.9>,<4;5>,<7;9>,<1.5;2.2>,<1.2;1.8>,<1.2;1.5>,<1;1.3>,<1.5;2.2>,1221,<0.7;0.9>,<4;5>,<7;9>,<1.5;2.2>,<1.2;1.8>,<1.2;1.5>,<1;1.3>,<1.5;2.2>,3161,<0.6;0.8>,<3;4>,<6;8>,<1.2;2>,<1.2;1.8>,<1.2;1.5>,<1;1.3>,<1.2;2>,1772,<0.6;0.8>,<3;4>,<6;8>,<1.2;1.8>,<1.2;1.8>,<1;1.3>,<1;1.3>,<1.2;1.8>,3683,<0.6;0.8>,<3;4>,<6;8>,<1.2;1.8>,<1.2;1.8>,<1;1.3>,<1;1.3>,<1.2;1.8>,3003,<0.6;0.8>,<3;4>,<6;8>,<1.2;1.8>,<1.2;1.8>,<1;1.3>,<1;1.3>,<1.2;1.8>
158,70,3181,<0.8;1>,<4;5>,<7;10>,<1.8;2.5>,<1.2;1.8>,<1.3;1.6>,<1;1.3>,<1.8;2.5>,2493,<0.7;0.9>,<4;5>,<7;9>,<1.5;2.2>,<1.2;1.8>,<1.2;1.5>,<1;1.3>,<1.5;2.2>,631,<0.7;0.9>,<4;5>,<7;9>,<1.5;2.2>,<1.2;1.8>,<1.2;1.5>,<1;1.3>,<1.5;2.2>,2242,<0.7;0.9>,<4;5>,<7;9>,<1.5;2.2>,<1.2;1.8>,<1.2;1.5>,<1;1.3>,<1.5;2.2>,3353,<0.7;0.9>,<4;5>,<7;9>,<1.5;2.2>,<1.2;1.8>,<1.2;1.5>,<1;1.3>,<1.5;2.2>,1903,<0.7;0.9>,<4;5>,<7;9>,<1.5;2.2>,<1.2;1.8>,<1.2;1.5>,<1;1.3>,<1.5;2.2>,3181,<0.6;0.8>,<3;4>,<6;8>,<1.2;2>,<1.2;1.8>,<1.2;1.5>,<1;1.3>,<1.2;2>,1813,<0.6;0.8>,<3;4>,<6;8>,<1.2;1.8>,<1.2;1.8>,<1;1.3>,<1;1.3>,<1.2;1.8>,731,<0.6;0.8>,<3;4>,<6;8>,<1.2;1.8>,<1.2;1.8>,<1;1.3>,<1;1.3>,<1.2;1.8>,3152,<0.6;0.8>,<3;4>,<6;8>,<1.2;1.8>,<1.2;1.8>,<1;1.3>,<1;1.3>,<1.2;1.8>
159,70,3251,<0.8;1>,<4;5>,<7;10>,<1.8;2.5>,<1.2;1.8>,<1.3;1.6>,<1;1.3>,<1.8;2.5>,3021,<0.7;0.9>,<4;5>,<7;9>,<1.5;2.2>,<1.2;1.8>,<1.2;1.5>,<1;1.3>,<1.5;2.2>,641,<0.7;0.9>,<4;5>,<7;9>,<1.5;2.2>,<1.2;1.8>,<1.2;1.5>,<1;1.3>,<1.5;2.2>,2723,<0.7;0.9>,<4;5>,<7;9>,<1.5;2.2>,<1.2;1.8>,<1.2;1.5>,<1;1.3>,<1.5;2.2>,3673,<0.7;0.9>,<4;5>,<7;9>,<1.5;2.2>,<1.2;1.8>,<1.2;1.5>,<1;1.3>,<1.5;2.2>,1931,<0.7;0.9>,<4;5>,<7;9>,<1.5;2.2>,<1.2;1.8>,<1.2;1.5>,<1;1.3>,<1.5;2.2>,3251,<0.6;0.8>,<3;4>,<6;8>,<1.2;2>,<1.2;1.8>,<1.2;1.5>,<1;1.3>,<1.2;2>,1841,<0.6;0.8>,<3;4>,<6;8>,<1.2;1.8>,<1.2;1.8>,<1;1.3>,<1;1.3>,<1.2;1.8>,1221,<0.6;0.8>,<3;4>,<6;8>,<1.2;1.8>,<1.2;1.8>,<1;1.3>,<1;1.3>,<1.2;1.8>,3161,<0.6;0.8>,<3;4>,<6;8>,<1.2;1.8>,<1.2;1.8>,<1;1.3>,<1;1.3>,<1.2;1.8>
160,70,3592,<0.8;1>,<4;5>,<7;10>,<1.8;2.5>,<1.2;1.8>,<1.3;1.6>,<1;1.3>,<1.8;2.5>,3143,<0.7;0.9>,<4;5>,<7;9>,<1.5;2.2>,<1.2;1.8>,<1.2;1.5>,<1;1.3>,<1.5;2.2>,712,<0.7;0.9>,<4;5>,<7;9>,<1.5;2.2>,<1.2;1.8>,<1.2;1.5>,<1;1.3>,<1.5;2.2>,3003,<0.7;0.9>,<4;5>,<7;9>,<1.5;2.2>,<1.2;1.8>,<1.2;1.5>,<1;1.3>,<1.5;2.2>,7001,<0.7;0.9>,<4;5>,<7;9>,<1.5;2.2>,<1.2;1.8>,<1.2;1.5>,<1;1.3>,<1.5;2.2>,3543,<0.7;0.9>,<4;5>,<7;9>,<1.5;2.2>,<1.2;1.8>,<1.2;1.5>,<1;1.3>,<1.5;2.2>,3592,<0.6;0.8>,<3;4>,<6;8>,<1.2;2>,<1.2;1.8>,<1.2;1.5>,<1;1.3>,<1.2;2>,1911,<0.6;0.8>,<3;4>,<6;8>,<1.2;1.8>,<1.2;1.8>,<1;1.3>,<1;1.3>,<1.2;1.8>,1903,<0.6;0.8>,<3;4>,<6;8>,<1.2;1.8>,<1.2;1.8>,<1;1.3>,<1;1.3>,<1.2;1.8>,3181,<0.6;0.8>,<3;4>,<6;8>,<1.2;1.8>,<1.2;1.8>,<1;1.3>,<1;1.3>,<1.2;1.8>
161,75,3663,<0.8;1>,<4;5>,<8;11>,<1.8;2.5>,<1.2;1.8>,<1.3;1.6>,<1;1.3>,<1.8;2.5>,3171,<0.7;0.9>,<4;5>,<7;9>,<1.5;2.2>,<1.2;1.8>,<1.2;1.5>,<1;1.3>,<1.5;2.2>,741,<0.7;0.9>,<4;5>,<7;9>,<1.5;2.2>,<1.2;1.8>,<1.2;1.5>,<1;1.3>,<1.5;2.2>,3152,<0.7;0.9>,<4;5>,<7;9>,<1.5;2.2>,<1.2;1.8>,<1.2;1.5>,<1;1.3>,<1.5;2.2>,44,<0.7;0.9>,<4;5>,<7;9>,<1.5;2.2>,<1.2;1.8>,<1.2;1.5>,<1;1.3>,<1.5;2.2>,163,<0.7;0.9>,<4;5>,<7;9>,<1.5;2.2>,<1.2;1.8>,<1.2;1.5>,<1;1.3>,<1.5;2.2>,3663,<0.6;0.8>,<4;5>,<6;8>,<1.2;2>,<1.2;1.8>,<1.2;1.5>,<1;1.3>,<1.2;2>,2023,<0.6;0.8>,<4;5>,<6;8>,<1.2;1.8>,<1.2;1.8>,<1;1.3>,<1;1.3>,<1.2;1.8>,1931,<0.6;0.8>,<4;5>,<6;8>,<1.2;1.8>,<1.2;1.8>,<1;1.3>,<1;1.3>,<1.2;1.8>,3251,<0.6;0.8>,<4;5>,<6;8>,<1.2;1.8>,<1.2;1.8>,<1;1.3>,<1;1.3>,<1.2;1.8>
162,75,263,<0.8;1>,<4;5>,<8;11>,<1.8;2.5>,<1.2;1.8>,<1.3;1.6>,<1;1.3>,<1.8;2.5>,3303,<0.7;0.9>,<4;5>,<7;9>,<1.5;2.2>,<1.2;1.8>,<1.2;1.5>,<1;1.3>,<1.5;2.2>,863,<0.7;0.9>,<4;5>,<7;9>,<1.5;2.2>,<1.2;1.8>,<1.2;1.5>,<1;1.3>,<1.5;2.2>,3161,<0.7;0.9>,<4;5>,<7;9>,<1.5;2.2>,<1.2;1.8>,<1.2;1.5>,<1;1.3>,<1.5;2.2>,53,<0.7;0.9>,<4;5>,<7;9>,<1.5;2.2>,<1.2;1.8>,<1.2;1.5>,<1;1.3>,<1.5;2.2>,242,<0.7;0.9>,<4;5>,<7;9>,<1.5;2.2>,<1.2;1.8>,<1.2;1.5>,<1;1.3>,<1.5;2.2>,263,<0.6;0.8>,<4;5>,<6;8>,<1.2;2>,<1.2;1.8>,<1.2;1.5>,<1;1.3>,<1.2;2>,2242,<0.6;0.8>,<4;5>,<6;8>,<1.2;1.8>,<1.2;1.8>,<1;1.3>,<1;1.3>,<1.2;1.8>,3543,<0.6;0.8>,<4;5>,<6;8>,<1.2;1.8>,<1.2;1.8>,<1;1.3>,<1;1.3>,<1.2;1.8>,3592,<0.6;0.8>,<4;5>,<6;8>,<1.2;1.8>,<1.2;1.8>,<1;1.3>,<1;1.3>,<1.2;1.8>
163,75,393,<0.8;1>,<4;5>,<8;11>,<1.8;2.5>,<1.2;1.8>,<1.3;1.6>,<1;1.3>,<1.8;2.5>,3353,<0.7;0.9>,<4;5>,<7;9>,<1.5;2.2>,<1.2;1.8>,<1.2;1.5>,<1;1.3>,<1.5;2.2>,883,<0.7;0.9>,<4;5>,<7;9>,<1.5;2.2>,<1.2;1.8>,<1.2;1.5>,<1;1.3>,<1.5;2.2>,3181,<0.7;0.9>,<4;5>,<7;9>,<1.5;2.2>,<1.2;1.8>,<1.2;1.5>,<1;1.3>,<1.5;2.2>,82,<0.7;0.9>,<4;5>,<7;9>,<1.5;2.2>,<1.2;1.8>,<1.2;1.5>,<1;1.3>,<1.5;2.2>,333,<0.7;0.9>,<4;5>,<7;9>,<1.5;2.2>,<1.2;1.8>,<1.2;1.5>,<1;1.3>,<1.5;2.2>,393,<0.6;0.8>,<4;5>,<6;8>,<1.2;2>,<1.2;1.8>,<1.2;1.5>,<1;1.3>,<1.2;2>,2723,<0.6;0.8>,<4;5>,<6;8>,<1.2;1.8>,<1.2;1.8>,<1;1.3>,<1;1.3>,<1.2;1.8>,163,<0.6;0.8>,<4;5>,<6;8>,<1.2;1.8>,<1.2;1.8>,<1;1.3>,<1;1.3>,<1.2;1.8>,3663,<0.6;0.8>,<4;5>,<6;8>,<1.2;1.8>,<1.2;1.8>,<1;1.3>,<1;1.3>,<1.2;1.8>
164,75,572,<0.8;1>,<4;5>,<8;11>,<1.8;2.5>,<1.2;1.8>,<1.3;1.6>,<1;1.3>,<1.8;2.5>,3673,<0.7;0.9>,<4;5>,<7;9>,<1.5;2.2>,<1.2;1.8>,<1.2;1.5>,<1;1.3>,<1.5;2.2>,1082,<0.7;0.9>,<4;5>,<7;9>,<1.5;2.2>,<1.2;1.8>,<1.2;1.5>,<1;1.3>,<1.5;2.2>,3251,<0.7;0.9>,<4;5>,<7;9>,<1.5;2.2>,<1.2;1.8>,<1.2;1.5>,<1;1.3>,<1.5;2.2>,692,<0.7;0.9>,<4;5>,<7;9>,<1.5;2.2>,<1.2;1.8>,<1.2;1.5>,<1;1.3>,<1.5;2.2>,503,<0.7;0.9>,<4;5>,<7;9>,<1.5;2.2>,<1.2;1.8>,<1.2;1.5>,<1;1.3>,<1.5;2.2>,572,<0.6;0.8>,<4;5>,<6;8>,<1.2;2>,<1.2;1.8>,<1.2;1.5>,<1;1.3>,<1.2;2>,3003,<0.6;0.8>,<4;5>,<6;8>,<1.2;1.8>,<1.2;1.8>,<1;1.3>,<1;1.3>,<1.2;1.8>,242,<0.6;0.8>,<4;5>,<6;8>,<1.2;1.8>,<1.2;1.8>,<1;1.3>,<1;1.3>,<1.2;1.8>,263,<0.6;0.8>,<4;5>,<6;8>,<1.2;1.8>,<1.2;1.8>,<1;1.3>,<1;1.3>,<1.2;1.8>
165,75,701,<0.8;1>,<4;5>,<8;11>,<1.8;2.5>,<1.2;1.8>,<1.3;1.6>,<1;1.3>,<1.8;2.5>,7001,<0.7;0.9>,<4;5>,<7;9>,<1.5;2.2>,<1.2;1.8>,<1.2;1.5>,<1;1.3>,<1.5;2.2>,1293,<0.7;0.9>,<4;5>,<7;9>,<1.5;2.2>,<1.2;1.8>,<1.2;1.5>,<1;1.3>,<1.5;2.2>,3592,<0.7;0.9>,<4;5>,<7;9>,<1.5;2.2>,<1.2;1.8>,<1.2;1.5>,<1;1.3>,<1.5;2.2>,2683,<0.7;0.9>,<4;5>,<7;9>,<1.5;2.2>,<1.2;1.8>,<1.2;1.5>,<1;1.3>,<1.5;2.2>,593,<0.7;0.9>,<4;5>,<7;9>,<1.5;2.2>,<1.2;1.8>,<1.2;1.5>,<1;1.3>,<1.5;2.2>,701,<0.6;0.8>,<4;5>,<6;8>,<1.2;2>,<1.2;1.8>,<1.2;1.5>,<1;1.3>,<1.2;2>,3152,<0.6;0.8>,<4;5>,<6;8>,<1.2;1.8>,<1.2;1.8>,<1;1.3>,<1;1.3>,<1.2;1.8>,333,<0.6;0.8>,<4;5>,<6;8>,<1.2;1.8>,<1.2;1.8>,<1;1.3>,<1;1.3>,<1.2;1.8>,393,<0.6;0.8>,<4;5>,<6;8>,<1.2;1.8>,<1.2;1.8>,<1;1.3>,<1;1.3>,<1.2;1.8>
166,75,721,<0.8;1>,<4;5>,<8;11>,<1.8;2.5>,<1.2;1.8>,<1.3;1.6>,<1;1.3>,<1.8;2.5>,44,<0.7;0.9>,<4;5>,<7;9>,<1.5;2.2>,<1.2;1.8>,<1.2;1.5>,<1;1.3>,<1.5;2.2>,1612,<0.7;0.9>,<4;5>,<7;9>,<1.5;2.2>,<1.2;1.8>,<1.2;1.5>,<1;1.3>,<1.5;2.2>,3663,<0.7;0.9>,<4;5>,<7;9>,<1.5;2.2>,<1.2;1.8>,<1.2;1.5>,<1;1.3>,<1.5;2.2>,2843,<0.7;0.9>,<4;5>,<7;9>,<1.5;2.2>,<1.2;1.8>,<1.2;1.5>,<1;1.3>,<1.5;2.2>,603,<0.7;0.9>,<4;5>,<7;9>,<1.5;2.2>,<1.2;1.8>,<1.2;1.5>,<1;1.3>,<1.5;2.2>,721,<0.6;0.8>,<4;5>,<6;8>,<1.2;2>,<1.2;1.8>,<1.2;1.5>,<1;1.3>,<1.2;2>,3161,<0.6;0.8>,<4;5>,<6;8>,<1.2;1.8>,<1.2;1.8>,<1;1.3>,<1;1.3>,<1.2;1.8>,503,<0.6;0.8>,<4;5>,<6;8>,<1.2;1.8>,<1.2;1.8>,<1;1.3>,<1;1.3>,<1.2;1.8>,572,<0.6;0.8>,<4;5>,<6;8>,<1.2;1.8>,<1.2;1.8>,<1;1.3>,<1;1.3>,<1.2;1.8>
167,75,771,<0.8;1>,<4;5>,<8;11>,<1.8;2.5>,<1.2;1.8>,<1.3;1.6>,<1;1.3>,<1.8;2.5>,53,<0.7;0.9>,<4;5>,<7;9>,<1.5;2.2>,<1.2;1.8>,<1.2;1.5>,<1;1.3>,<1.5;2.2>,2033,<0.7;0.9>,<4;5>,<7;9>,<1.5;2.2>,<1.2;1.8>,<1.2;1.5>,<1;1.3>,<1.5;2.2>,263,<0.7;0.9>,<4;5>,<7;9>,<1.5;2.2>,<1.2;1.8>,<1.2;1.5>,<1;1.3>,<1.5;2.2>,3432,<0.7;0.9>,<4;5>,<7;9>,<1.5;2.2>,<1.2;1.8>,<1.2;1.5>,<1;1.3>,<1.5;2.2>,611,<0.7;0.9>,<4;5>,<7;9>,<1.5;2.2>,<1.2;1.8>,<1.2;1.5>,<1;1.3>,<1.5;2.2>,771,<0.6;0.8>,<4;5>,<6;8>,<1.2;2>,<1.2;1.8>,<1.2;1.5>,<1;1.3>,<1.2;2>,3181,<0.6;0.8>,<4;5>,<6;8>,<1.2;1.8>,<1.2;1.8>,<1;1.3>,<1;1.3>,<1.2;1.8>,593,<0.6;0.8>,<4;5>,<6;8>,<1.2;1.8>,<1.2;1.8>,<1;1.3>,<1;1.3>,<1.2;1.8>,701,<0.6;0.8>,<4;5>,<6;8>,<1.2;1.8>,<1.2;1.8>,<1;1.3>,<1;1.3>,<1.2;1.8>
168,75,1231,<0.8;1>,<4;5>,<8;11>,<1.8;2.5>,<1.2;1.8>,<1.3;1.6>,<1;1.3>,<1.8;2.5>,82,<0.7;0.9>,<4;5>,<7;9>,<1.5;2.2>,<1.2;1.8>,<1.2;1.5>,<1;1.3>,<1.5;2.2>,972,<0.7;0.9>,<4;5>,<7;9>,<1.5;2.2>,<1.2;1.8>,<1.2;1.5>,<1;1.3>,<1.5;2.2>,393,<0.7;0.9>,<4;5>,<7;9>,<1.5;2.2>,<1.2;1.8>,<1.2;1.5>,<1;1.3>,<1.5;2.2>,3772,<0.7;0.9>,<4;5>,<7;9>,<1.5;2.2>,<1.2;1.8>,<1.2;1.5>,<1;1.3>,<1.5;2.2>,631,<0.7;0.9>,<4;5>,<7;9>,<1.5;2.2>,<1.2;1.8>,<1.2;1.5>,<1;1.3>,<1.5;2.2>,1231,<0.6;0.8>,<4;5>,<6;8>,<1.2;2>,<1.2;1.8>,<1.2;1.5>,<1;1.3>,<1.2;2>,3251,<0.6;0.8>,<4;5>,<6;8>,<1.2;1.8>,<1.2;1.8>,<1;1.3>,<1;1.3>,<1.2;1.8>,603,<0.6;0.8>,<4;5>,<6;8>,<1.2;1.8>,<1.2;1.8>,<1;1.3>,<1;1.3>,<1.2;1.8>,721,<0.6;0.8>,<4;5>,<6;8>,<1.2;1.8>,<1.2;1.8>,<1;1.3>,<1;1.3>,<1.2;1.8>
169,75,1241,<0.8;1>,<4;5>,<8;11>,<1.8;2.5>,<1.2;1.8>,<1.3;1.6>,<1;1.3>,<1.8;2.5>,692,<0.7;0.9>,<4;5>,<7;9>,<1.5;2.2>,<1.2;1.8>,<1.2;1.5>,<1;1.3>,<1.5;2.2>,1032,<0.7;0.9>,<4;5>,<7;9>,<1.5;2.2>,<1.2;1.8>,<1.2;1.5>,<1;1.3>,<1.5;2.2>,572,<0.7;0.9>,<4;5>,<7;9>,<1.5;2.2>,<1.2;1.8>,<1.2;1.5>,<1;1.3>,<1.5;2.2>,13,<0.7;0.9>,<4;5>,<7;9>,<1.5;2.2>,<1.2;1.8>,<1.2;1.5>,<1;1.3>,<1.5;2.2>,641,<0.7;0.9>,<4;5>,<7;9>,<1.5;2.2>,<1.2;1.8>,<1.2;1.5>,<1;1.3>,<1.5;2.2>,1241,<0.6;0.8>,<4;5>,<6;8>,<1.2;2>,<1.2;1.8>,<1.2;1.5>,<1;1.3>,<1.2;2>,3592,<0.6;0.8>,<4;5>,<6;8>,<1.2;1.8>,<1.2;1.8>,<1;1.3>,<1;1.3>,<1.2;1.8>,611,<0.6;0.8>,<4;5>,<6;8>,<1.2;1.8>,<1.2;1.8>,<1;1.3>,<1;1.3>,<1.2;1.8>,771,<0.6;0.8>,<4;5>,<6;8>,<1.2;1.8>,<1.2;1.8>,<1;1.3>,<1;1.3>,<1.2;1.8>
170,75,1313,<0.8;1>,<4;5>,<8;11>,<1.8;2.5>,<1.2;1.8>,<1.3;1.6>,<1;1.3>,<1.8;2.5>,2683,<0.7;0.9>,<4;5>,<7;9>,<1.5;2.2>,<1.2;1.8>,<1.2;1.5>,<1;1.3>,<1.5;2.2>,1071,<0.7;0.9>,<4;5>,<7;9>,<1.5;2.2>,<1.2;1.8>,<1.2;1.5>,<1;1.3>,<1.5;2.2>,701,<0.7;0.9>,<4;5>,<7;9>,<1.5;2.2>,<1.2;1.8>,<1.2;1.5>,<1;1.3>,<1.5;2.2>,273,<0.7;0.9>,<4;5>,<7;9>,<1.5;2.2>,<1.2;1.8>,<1.2;1.5>,<1;1.3>,<1.5;2.2>,712,<0.7;0.9>,<4;5>,<7;9>,<1.5;2.2>,<1.2;1.8>,<1.2;1.5>,<1;1.3>,<1.5;2.2>,1313,<0.6;0.8>,<4;5>,<6;8>,<1.2;2>,<1.2;1.8>,<1.2;1.5>,<1;1.3>,<1.2;2>,3663,<0.6;0.8>,<4;5>,<6;8>,<1.2;1.8>,<1.2;1.8>,<1;1.3>,<1;1.3>,<1.2;1.8>,631,<0.6;0.8>,<4;5>,<6;8>,<1.2;1.8>,<1.2;1.8>,<1;1.3>,<1;1.3>,<1.2;1.8>,1231,<0.6;0.8>,<4;5>,<6;8>,<1.2;1.8>,<1.2;1.8>,<1;1.3>,<1;1.3>,<1.2;1.8>
171,75,1393,<0.8;1>,<4;5>,<8;11>,<1.8;2.5>,<1.2;1.8>,<1.3;1.6>,<1;1.3>,<1.8;2.5>,2843,<0.7;0.9>,<4;5>,<7;9>,<1.5;2.2>,<1.2;1.8>,<1.2;1.5>,<1;1.3>,<1.5;2.2>,1253,<0.7;0.9>,<4;5>,<7;9>,<1.5;2.2>,<1.2;1.8>,<1.2;1.5>,<1;1.3>,<1.5;2.2>,721,<0.7;0.9>,<4;5>,<7;9>,<1.5;2.2>,<1.2;1.8>,<1.2;1.5>,<1;1.3>,<1.5;2.2>,402,<0.7;0.9>,<4;5>,<7;9>,<1.5;2.2>,<1.2;1.8>,<1.2;1.5>,<1;1.3>,<1.5;2.2>,741,<0.7;0.9>,<4;5>,<7;9>,<1.5;2.2>,<1.2;1.8>,<1.2;1.5>,<1;1.3>,<1.5;2.2>,1393,<0.6;0.8>,<4;5>,<6;8>,<1.2;2>,<1.2;1.8>,<1.2;1.5>,<1;1.3>,<1.2;2>,1911,<0.6;0.8>,<4;5>,<6;8>,<1.2;1.8>,<1.2;1.8>,<1;1.3>,<1;1.3>,<1.2;1.8>,641,<0.6;0.8>,<4;5>,<6;8>,<1.2;1.8>,<1.2;1.8>,<1;1.3>,<1;1.3>,<1.2;1.8>,1241,<0.6;0.8>,<4;5>,<6;8>,<1.2;1.8>,<1.2;1.8>,<1;1.3>,<1;1.3>,<1.2;1.8>
172,75,1423,<0.8;1>,<4;5>,<8;11>,<1.8;2.5>,<1.2;1.8>,<1.3;1.6>,<1;1.3>,<1.8;2.5>,3432,<0.7;0.9>,<4;5>,<7;9>,<1.5;2.2>,<1.2;1.8>,<1.2;1.5>,<1;1.3>,<1.5;2.2>,1303,<0.7;0.9>,<4;5>,<7;9>,<1.5;2.2>,<1.2;1.8>,<1.2;1.5>,<1;1.3>,<1.5;2.2>,771,<0.7;0.9>,<4;5>,<7;9>,<1.5;2.2>,<1.2;1.8>,<1.2;1.5>,<1;1.3>,<1.5;2.2>,493,<0.7;0.9>,<4;5>,<7;9>,<1.5;2.2>,<1.2;1.8>,<1.2;1.5>,<1;1.3>,<1.5;2.2>,863,<0.7;0.9>,<4;5>,<7;9>,<1.5;2.2>,<1.2;1.8>,<1.2;1.5>,<1;1.3>,<1.5;2.2>,1423,<0.6;0.8>,<4;5>,<6;8>,<1.2;2>,<1.2;1.8>,<1.2;1.5>,<1;1.3>,<1.2;2>,2023,<0.6;0.8>,<4;5>,<6;8>,<1.2;1.8>,<1.2;1.8>,<1;1.3>,<1;1.3>,<1.2;1.8>,712,<0.6;0.8>,<4;5>,<6;8>,<1.2;1.8>,<1.2;1.8>,<1;1.3>,<1;1.3>,<1.2;1.8>,1313,<0.6;0.8>,<4;5>,<6;8>,<1.2;1.8>,<1.2;1.8>,<1;1.3>,<1;1.3>,<1.2;1.8>
173,75,1503,<0.8;1>,<4;5>,<8;11>,<1.8;2.5>,<1.2;1.8>,<1.3;1.6>,<1;1.3>,<1.8;2.5>,3772,<0.7;0.9>,<4;5>,<7;9>,<1.5;2.2>,<1.2;1.8>,<1.2;1.5>,<1;1.3>,<1.5;2.2>,1381,<0.7;0.9>,<4;5>,<7;9>,<1.5;2.2>,<1.2;1.8>,<1.2;1.5>,<1;1.3>,<1.5;2.2>,1231,<0.7;0.9>,<4;5>,<7;9>,<1.5;2.2>,<1.2;1.8>,<1.2;1.5>,<1;1.3>,<1.5;2.2>,552,<0.7;0.9>,<4;5>,<7;9>,<1.5;2.2>,<1.2;1.8>,<1.2;1.5>,<1;1.3>,<1.5;2.2>,883,<0.7;0.9>,<4;5>,<7;9>,<1.5;2.2>,<1.2;1.8>,<1.2;1.5>,<1;1.3>,<1.5;2.2>,1503,<0.6;0.8>,<4;5>,<6;8>,<1.2;2>,<1.2;1.8>,<1.2;1.5>,<1;1.3>,<1.2;2>,2242,<0.6;0.8>,<4;5>,<6;8>,<1.2;1.8>,<1.2;1.8>,<1;1.3>,<1;1.3>,<1.2;1.8>,741,<0.6;0.8>,<4;5>,<6;8>,<1.2;1.8>,<1.2;1.8>,<1;1.3>,<1;1.3>,<1.2;1.8>,1393,<0.6;0.8>,<4;5>,<6;8>,<1.2;1.8>,<1.2;1.8>,<1;1.3>,<1;1.3>,<1.2;1.8>
174,75,1893,<0.8;1>,<4;5>,<8;11>,<1.8;2.5>,<1.2;1.8>,<1.3;1.6>,<1;1.3>,<1.8;2.5>,13,<0.7;0.9>,<4;5>,<7;9>,<1.5;2.2>,<1.2;1.8>,<1.2;1.5>,<1;1.3>,<1.5;2.2>,1772,<0.7;0.9>,<4;5>,<7;9>,<1.5;2.2>,<1.2;1.8>,<1.2;1.5>,<1;1.3>,<1.5;2.2>,1241,<0.7;0.9>,<4;5>,<7;9>,<1.5;2.2>,<1.2;1.8>,<1.2;1.5>,<1;1.3>,<1.5;2.2>,793,<0.7;0.9>,<4;5>,<7;9>,<1.5;2.2>,<1.2;1.8>,<1.2;1.5>,<1;1.3>,<1.5;2.2>,1082,<0.7;0.9>,<4;5>,<7;9>,<1.5;2.2>,<1.2;1.8>,<1.2;1.5>,<1;1.3>,<1.5;2.2>,1893,<0.6;0.8>,<4;5>,<6;8>,<1.2;2>,<1.2;1.8>,<1.2;1.5>,<1;1.3>,<1.2;2>,2723,<0.6;0.8>,<4;5>,<6;8>,<1.2;1.8>,<1.2;1.8>,<1;1.3>,<1;1.3>,<1.2;1.8>,863,<0.6;0.8>,<4;5>,<6;8>,<1.2;1.8>,<1.2;1.8>,<1;1.3>,<1;1.3>,<1.2;1.8>,1423,<0.6;0.8>,<4;5>,<6;8>,<1.2;1.8>,<1.2;1.8>,<1;1.3>,<1;1.3>,<1.2;1.8>
175,75,1941,<0.8;1>,<4;5>,<8;11>,<1.8;2.5>,<1.2;1.8>,<1.3;1.6>,<1;1.3>,<1.8;2.5>,273,<0.7;0.9>,<4;5>,<7;9>,<1.5;2.2>,<1.2;1.8>,<1.2;1.5>,<1;1.3>,<1.5;2.2>,1813,<0.7;0.9>,<4;5>,<7;9>,<1.5;2.2>,<1.2;1.8>,<1.2;1.5>,<1;1.3>,<1.5;2.2>,1313,<0.7;0.9>,<4;5>,<7;9>,<1.5;2.2>,<1.2;1.8>,<1.2;1.5>,<1;1.3>,<1.5;2.2>,2013,<0.7;0.9>,<4;5>,<7;9>,<1.5;2.2>,<1.2;1.8>,<1.2;1.5>,<1;1.3>,<1.5;2.2>,1293,<0.7;0.9>,<4;5>,<7;9>,<1.5;2.2>,<1.2;1.8>,<1.2;1.5>,<1;1.3>,<1.5;2.2>,1941,<0.6;0.8>,<4;5>,<6;8>,<1.2;2>,<1.2;1.8>,<1.2;1.5>,<1;1.3>,<1.2;2>,3003,<0.6;0.8>,<4;5>,<6;8>,<1.2;1.8>,<1.2;1.8>,<1;1.3>,<1;1.3>,<1.2;1.8>,883,<0.6;0.8>,<4;5>,<6;8>,<1.2;1.8>,<1.2;1.8>,<1;1.3>,<1;1.3>,<1.2;1.8>,1503,<0.6;0.8>,<4;5>,<6;8>,<1.2;1.8>,<1.2;1.8>,<1;1.3>,<1;1.3>,<1.2;1.8>
176,75,1951,<0.8;1>,<4;5>,<8;11>,<1.8;2.5>,<1.2;1.8>,<1.3;1.6>,<1;1.3>,<1.8;2.5>,402,<0.7;0.9>,<4;5>,<7;9>,<1.5;2.2>,<1.2;1.8>,<1.2;1.5>,<1;1.3>,<1.5;2.2>,1841,<0.7;0.9>,<4;5>,<7;9>,<1.5;2.2>,<1.2;1.8>,<1.2;1.5>,<1;1.3>,<1.5;2.2>,1393,<0.7;0.9>,<4;5>,<7;9>,<1.5;2.2>,<1.2;1.8>,<1.2;1.5>,<1;1.3>,<1.5;2.2>,2073,<0.7;0.9>,<4;5>,<7;9>,<1.5;2.2>,<1.2;1.8>,<1.2;1.5>,<1;1.3>,<1.5;2.2>,1612,<0.7;0.9>,<4;5>,<7;9>,<1.5;2.2>,<1.2;1.8>,<1.2;1.5>,<1;1.3>,<1.5;2.2>,1951,<0.6;0.8>,<4;5>,<6;8>,<1.2;2>,<1.2;1.8>,<1.2;1.5>,<1;1.3>,<1.2;2>,3152,<0.6;0.8>,<4;5>,<6;8>,<1.2;1.8>,<1.2;1.8>,<1;1.3>,<1;1.3>,<1.2;1.8>,1082,<0.6;0.8>,<4;5>,<6;8>,<1.2;1.8>,<1.2;1.8>,<1;1.3>,<1;1.3>,<1.2;1.8>,1893,<0.6;0.8>,<4;5>,<6;8>,<1.2;1.8>,<1.2;1.8>,<1;1.3>,<1;1.3>,<1.2;1.8>
177,75,2233,<0.8;1>,<4;5>,<8;11>,<1.8;2.5>,<1.2;1.8>,<1.3;1.6>,<1;1.3>,<1.8;2.5>,493,<0.7;0.9>,<4;5>,<7;9>,<1.5;2.2>,<1.2;1.8>,<1.2;1.5>,<1;1.3>,<1.5;2.2>,1911,<0.7;0.9>,<4;5>,<7;9>,<1.5;2.2>,<1.2;1.8>,<1.2;1.5>,<1;1.3>,<1.5;2.2>,1423,<0.7;0.9>,<4;5>,<7;9>,<1.5;2.2>,<1.2;1.8>,<1.2;1.5>,<1;1.3>,<1.5;2.2>,2593,<0.7;0.9>,<4;5>,<7;9>,<1.5;2.2>,<1.2;1.8>,<1.2;1.5>,<1;1.3>,<1.5;2.2>,2033,<0.7;0.9>,<4;5>,<7;9>,<1.5;2.2>,<1.2;1.8>,<1.2;1.5>,<1;1.3>,<1.5;2.2>,2233,<0.6;0.8>,<4;5>,<6;8>,<1.2;2>,<1.2;1.8>,<1.2;1.5>,<1;1.3>,<1.2;2>,3161,<0.6;0.8>,<4;5>,<6;8>,<1.2;1.8>,<1.2;1.8>,<1;1.3>,<1;1.3>,<1.2;1.8>,1293,<0.6;0.8>,<4;5>,<6;8>,<1.2;1.8>,<1.2;1.8>,<1;1.3>,<1;1.3>,<1.2;1.8>,1941,<0.6;0.8>,<4;5>,<6;8>,<1.2;1.8>,<1.2;1.8>,<1;1.3>,<1;1.3>,<1.2;1.8>
178,75,2401,<0.8;1>,<4;5>,<8;11>,<1.8;2.5>,<1.2;1.8>,<1.3;1.6>,<1;1.3>,<1.8;2.5>,552,<0.7;0.9>,<4;5>,<7;9>,<1.5;2.2>,<1.2;1.8>,<1.2;1.5>,<1;1.3>,<1.5;2.2>,2023,<0.7;0.9>,<4;5>,<7;9>,<1.5;2.2>,<1.2;1.8>,<1.2;1.5>,<1;1.3>,<1.5;2.2>,1503,<0.7;0.9>,<4;5>,<7;9>,<1.5;2.2>,<1.2;1.8>,<1.2;1.5>,<1;1.3>,<1.5;2.2>,2612,<0.7;0.9>,<4;5>,<7;9>,<1.5;2.2>,<1.2;1.8>,<1.2;1.5>,<1;1.3>,<1.5;2.2>,972,<0.7;0.9>,<4;5>,<7;9>,<1.5;2.2>,<1.2;1.8>,<1.2;1.5>,<1;1.3>,<1.5;2.2>,2401,<0.6;0.8>,<4;5>,<6;8>,<1.2;2>,<1.2;1.8>,<1.2;1.5>,<1;1.3>,<1.2;2>,3181,<0.6;0.8>,<4;5>,<6;8>,<1.2;1.8>,<1.2;1.8>,<1;1.3>,<1;1.3>,<1.2;1.8>,1612,<0.6;0.8>,<4;5>,<6;8>,<1.2;1.8>,<1.2;1.8>,<1;1.3>,<1;1.3>,<1.2;1.8>,1951,<0.6;0.8>,<4;5>,<6;8>,<1.2;1.8>,<1.2;1.8>,<1;1.3>,<1;1.3>,<1.2;1.8>
179,75,2493,<0.8;1>,<4;5>,<8;11>,<1.8;2.5>,<1.2;1.8>,<1.3;1.6>,<1;1.3>,<1.8;2.5>,793,<0.7;0.9>,<4;5>,<7;9>,<1.5;2.2>,<1.2;1.8>,<1.2;1.5>,<1;1.3>,<1.5;2.2>,2242,<0.7;0.9>,<4;5>,<7;9>,<1.5;2.2>,<1.2;1.8>,<1.2;1.5>,<1;1.3>,<1.5;2.2>,1893,<0.7;0.9>,<4;5>,<7;9>,<1.5;2.2>,<1.2;1.8>,<1.2;1.5>,<1;1.3>,<1.5;2.2>,2633,<0.7;0.9>,<4;5>,<7;9>,<1.5;2.2>,<1.2;1.8>,<1.2;1.5>,<1;1.3>,<1.5;2.2>,1032,<0.7;0.9>,<4;5>,<7;9>,<1.5;2.2>,<1.2;1.8>,<1.2;1.5>,<1;1.3>,<1.5;2.2>,2493,<0.6;0.8>,<4;5>,<6;8>,<1.2;2>,<1.2;1.8>,<1.2;1.5>,<1;1.3>,<1.2;2>,3251,<0.6;0.8>,<4;5>,<6;8>,<1.2;1.8>,<1.2;1.8>,<1;1.3>,<1;1.3>,<1.2;1.8>,2033,<0.6;0.8>,<4;5>,<6;8>,<1.2;1.8>,<1.2;1.8>,<1;1.3>,<1;1.3>,<1.2;1.8>,2233,<0.6;0.8>,<4;5>,<6;8>,<1.2;1.8>,<1.2;1.8>,<1;1.3>,<1;1.3>,<1.2;1.8>
180,75,3021,<0.8;1>,<4;5>,<8;11>,<1.8;2.5>,<1.2;1.8>,<1.3;1.6>,<1;1.3>,<1.8;2.5>,2013,<0.7;0.9>,<4;5>,<7;9>,<1.5;2.2>,<1.2;1.8>,<1.2;1.5>,<1;1.3>,<1.5;2.2>,2723,<0.7;0.9>,<4;5>,<7;9>,<1.5;2.2>,<1.2;1.8>,<1.2;1.5>,<1;1.3>,<1.5;2.2>,1941,<0.7;0.9>,<4;5>,<7;9>,<1.5;2.2>,<1.2;1.8>,<1.2;1.5>,<1;1.3>,<1.5;2.2>,2963,<0.7;0.9>,<4;5>,<7;9>,<1.5;2.2>,<1.2;1.8>,<1.2;1.5>,<1;1.3>,<1.5;2.2>,1071,<0.7;0.9>,<4;5>,<7;9>,<1.5;2.2>,<1.2;1.8>,<1.2;1.5>,<1;1.3>,<1.5;2.2>,3021,<0.6;0.8>,<4;5>,<6;8>,<1.2;2>,<1.2;1.8>,<1.2;1.5>,<1;1.3>,<1.2;2>,3592,<0.6;0.8>,<4;5>,<6;8>,<1.2;1.8>,<1.2;1.8>,<1;1.3>,<1;1.3>,<1.2;1.8>,972,<0.6;0.8>,<4;5>,<6;8>,<1.2;1.8>,<1.2;1.8>,<1;1.3>,<1;1.3>,<1.2;1.8>,2401,<0.6;0.8>,<4;5>,<6;8>,<1.2;1.8>,<1.2;1.8>,<1;1.3>,<1;1.3>,<1.2;1.8>
181,80,3143,<0.8;1>,<4;5>,<8;11>,<1.8;2.5>,<1.2;1.8>,<1.3;1.6>,<1;1.3>,<1.8;2.5>,2073,<0.7;0.9>,<4;5>,<7;10>,<1.5;2.2>,<1.2;1.8>,<1.2;1.5>,<1;1.3>,<1.5;2.2>,3003,<0.7;0.9>,<4;5>,<7;10>,<1.5;2.2>,<1.2;1.8>,<1.2;1.5>,<1;1.3>,<1.5;2.2>,1951,<0.7;0.9>,<4;5>,<7;10>,<1.5;2.2>,<1.2;1.8>,<1.2;1.5>,<1;1.3>,<1.5;2.2>,3283,<0.7;0.9>,<4;5>,<7;10>,<1.5;2.2>,<1.2;1.8>,<1.2;1.5>,<1;1.3>,<1.5;2.2>,1253,<0.7;0.9>,<4;5>,<7;10>,<1.5;2.2>,<1.2;1.8>,<1.2;1.5>,<1;1.3>,<1.5;2.2>,3143,<0.6;0.8>,<4;5>,<6;9>,<1.2;2>,<1.2;1.8>,<1.2;1.5>,<1;1.3>,<1.2;2>,3663,<0.6;0.8>,<4;5>,<6;9>,<1.2;1.8>,<1.2;1.8>,<1;1.3>,<1;1.3>,<1.2;1.8>,1032,<0.6;0.8>,<4;5>,<6;9>,<1.2;1.8>,<1.2;1.8>,<1;1.3>,<1;1.3>,<1.2;1.8>,2493,<0.6;0.8>,<4;5>,<6;9>,<1.2;1.8>,<1.2;1.8>,<1;1.3>,<1;1.3>,<1.2;1.8>
182,80,3171,<0.8;1>,<4;5>,<8;11>,<1.8;2.5>,<1.2;1.8>,<1.3;1.6>,<1;1.3>,<1.8;2.5>,2593,<0.7;0.9>,<4;5>,<7;10>,<1.5;2.2>,<1.2;1.8>,<1.2;1.5>,<1;1.3>,<1.5;2.2>,3152,<0.7;0.9>,<4;5>,<7;10>,<1.5;2.2>,<1.2;1.8>,<1.2;1.5>,<1;1.3>,<1.5;2.2>,2233,<0.7;0.9>,<4;5>,<7;10>,<1.5;2.2>,<1.2;1.8>,<1.2;1.5>,<1;1.3>,<1.5;2.2>,3293,<0.7;0.9>,<4;5>,<7;10>,<1.5;2.2>,<1.2;1.8>,<1.2;1.5>,<1;1.3>,<1.5;2.2>,1303,<0.7;0.9>,<4;5>,<7;10>,<1.5;2.2>,<1.2;1.8>,<1.2;1.5>,<1;1.3>,<1.5;2.2>,3171,<0.6;0.8>,<4;5>,<6;9>,<1.2;2>,<1.2;1.8>,<1.2;1.5>,<1;1.3>,<1.2;2>,263,<0.6;0.8>,<4;5>,<6;9>,<1.2;1.8>,<1.2;1.8>,<1;1.3>,<1;1.3>,<1.2;1.8>,1071,<0.6;0.8>,<4;5>,<6;9>,<1.2;1.8>,<1.2;1.8>,<1;1.3>,<1;1.3>,<1.2;1.8>,3021,<0.6;0.8>,<4;5>,<6;9>,<1.2;1.8>,<1.2;1.8>,<1;1.3>,<1;1.3>,<1.2;1.8>
183,80,3303,<0.8;1>,<4;5>,<8;11>,<1.8;2.5>,<1.2;1.8>,<1.3;1.6>,<1;1.3>,<1.8;2.5>,2612,<0.7;0.9>,<4;5>,<7;10>,<1.5;2.2>,<1.2;1.8>,<1.2;1.5>,<1;1.3>,<1.5;2.2>,3161,<0.7;0.9>,<4;5>,<7;10>,<1.5;2.2>,<1.2;1.8>,<1.2;1.5>,<1;1.3>,<1.5;2.2>,2401,<0.7;0.9>,<4;5>,<7;10>,<1.5;2.2>,<1.2;1.8>,<1.2;1.5>,<1;1.3>,<1.5;2.2>,3342,<0.7;0.9>,<4;5>,<7;10>,<1.5;2.2>,<1.2;1.8>,<1.2;1.5>,<1;1.3>,<1.5;2.2>,1381,<0.7;0.9>,<4;5>,<7;10>,<1.5;2.2>,<1.2;1.8>,<1.2;1.5>,<1;1.3>,<1.5;2.2>,3303,<0.6;0.8>,<4;5>,<6;9>,<1.2;2>,<1.2;1.8>,<1.2;1.5>,<1;1.3>,<1.2;2>,393,<0.6;0.8>,<4;5>,<6;9>,<1.2;1.8>,<1.2;1.8>,<1;1.3>,<1;1.3>,<1.2;1.8>,1253,<0.6;0.8>,<4;5>,<6;9>,<1.2;1.8>,<1.2;1.8>,<1;1.3>,<1;1.3>,<1.2;1.8>,3143,<0.6;0.8>,<4;5>,<6;9>,<1.2;1.8>,<1.2;1.8>,<1;1.3>,<1;1.3>,<1.2;1.8>
184,80,3353,<0.8;1>,<4;5>,<8;11>,<1.8;2.5>,<1.2;1.8>,<1.3;1.6>,<1;1.3>,<1.8;2.5>,2633,<0.7;0.9>,<4;5>,<7;10>,<1.5;2.2>,<1.2;1.8>,<1.2;1.5>,<1;1.3>,<1.5;2.2>,3181,<0.7;0.9>,<4;5>,<7;10>,<1.5;2.2>,<1.2;1.8>,<1.2;1.5>,<1;1.3>,<1.5;2.2>,2493,<0.7;0.9>,<4;5>,<7;10>,<1.5;2.2>,<1.2;1.8>,<1.2;1.5>,<1;1.3>,<1.5;2.2>,3472,<0.7;0.9>,<4;5>,<7;10>,<1.5;2.2>,<1.2;1.8>,<1.2;1.5>,<1;1.3>,<1.5;2.2>,1772,<0.7;0.9>,<4;5>,<7;10>,<1.5;2.2>,<1.2;1.8>,<1.2;1.5>,<1;1.3>,<1.5;2.2>,3353,<0.6;0.8>,<4;5>,<6;9>,<1.2;2>,<1.2;1.8>,<1.2;1.5>,<1;1.3>,<1.2;2>,572,<0.6;0.8>,<4;5>,<6;9>,<1.2;1.8>,<1.2;1.8>,<1;1.3>,<1;1.3>,<1.2;1.8>,1303,<0.6;0.8>,<4;5>,<6;9>,<1.2;1.8>,<1.2;1.8>,<1;1.3>,<1;1.3>,<1.2;1.8>,3171,<0.6;0.8>,<4;5>,<6;9>,<1.2;1.8>,<1.2;1.8>,<1;1.3>,<1;1.3>,<1.2;1.8>
185,80,3673,<0.8;1>,<4;5>,<8;11>,<1.8;2.5>,<1.2;1.8>,<1.3;1.6>,<1;1.3>,<1.8;2.5>,2963,<0.7;0.9>,<4;5>,<7;10>,<1.5;2.2>,<1.2;1.8>,<1.2;1.5>,<1;1.3>,<1.5;2.2>,3251,<0.7;0.9>,<4;5>,<7;10>,<1.5;2.2>,<1.2;1.8>,<1.2;1.5>,<1;1.3>,<1.5;2.2>,3021,<0.7;0.9>,<4;5>,<7;10>,<1.5;2.2>,<1.2;1.8>,<1.2;1.5>,<1;1.3>,<1.5;2.2>,3511,<0.7;0.9>,<4;5>,<7;10>,<1.5;2.2>,<1.2;1.8>,<1.2;1.5>,<1;1.3>,<1.5;2.2>,1813,<0.7;0.9>,<4;5>,<7;10>,<1.5;2.2>,<1.2;1.8>,<1.2;1.5>,<1;1.3>,<1.5;2.2>,3673,<0.6;0.8>,<4;5>,<6;9>,<1.2;2>,<1.2;1.8>,<1.2;1.5>,<1;1.3>,<1.2;2>,701,<0.6;0.8>,<4;5>,<6;9>,<1.2;1.8>,<1.2;1.8>,<1;1.3>,<1;1.3>,<1.2;1.8>,1381,<0.6;0.8>,<4;5>,<6;9>,<1.2;1.8>,<1.2;1.8>,<1;1.3>,<1;1.3>,<1.2;1.8>,3303,<0.6;0.8>,<4;5>,<6;9>,<1.2;1.8>,<1.2;1.8>,<1;1.3>,<1;1.3>,<1.2;1.8>
186,80,7001,<0.8;1>,<4;5>,<8;11>,<1.8;2.5>,<1.2;1.8>,<1.3;1.6>,<1;1.3>,<1.8;2.5>,3283,<0.7;0.9>,<4;5>,<7;10>,<1.5;2.2>,<1.2;1.8>,<1.2;1.5>,<1;1.3>,<1.5;2.2>,3592,<0.7;0.9>,<4;5>,<7;10>,<1.5;2.2>,<1.2;1.8>,<1.2;1.5>,<1;1.3>,<1.5;2.2>,3143,<0.7;0.9>,<4;5>,<7;10>,<1.5;2.2>,<1.2;1.8>,<1.2;1.5>,<1;1.3>,<1.5;2.2>,3683,<0.7;0.9>,<4;5>,<7;10>,<1.5;2.2>,<1.2;1.8>,<1.2;1.5>,<1;1.3>,<1.5;2.2>,1841,<0.7;0.9>,<4;5>,<7;10>,<1.5;2.2>,<1.2;1.8>,<1.2;1.5>,<1;1.3>,<1.5;2.2>,7001,<0.6;0.8>,<4;5>,<6;9>,<1.2;2>,<1.2;1.8>,<1.2;1.5>,<1;1.3>,<1.2;2>,721,<0.6;0.8>,<4;5>,<6;9>,<1.2;1.8>,<1.2;1.8>,<1;1.3>,<1;1.3>,<1.2;1.8>,1772,<0.6;0.8>,<4;5>,<6;9>,<1.2;1.8>,<1.2;1.8>,<1;1.3>,<1;1.3>,<1.2;1.8>,3353,<0.6;0.8>,<4;5>,<6;9>,<1.2;1.8>,<1.2;1.8>,<1;1.3>,<1;1.3>,<1.2;1.8>
187,80,44,<0.8;1>,<4;5>,<8;11>,<1.8;2.5>,<1.2;1.8>,<1.3;1.6>,<1;1.3>,<1.8;2.5>,3293,<0.7;0.9>,<4;5>,<7;10>,<1.5;2.2>,<1.2;1.8>,<1.2;1.5>,<1;1.3>,<1.5;2.2>,3663,<0.7;0.9>,<4;5>,<7;10>,<1.5;2.2>,<1.2;1.8>,<1.2;1.5>,<1;1.3>,<1.5;2.2>,3171,<0.7;0.9>,<4;5>,<7;10>,<1.5;2.2>,<1.2;1.8>,<1.2;1.5>,<1;1.3>,<1.5;2.2>,731,<0.7;0.9>,<4;5>,<7;10>,<1.5;2.2>,<1.2;1.8>,<1.2;1.5>,<1;1.3>,<1.5;2.2>,1911,<0.7;0.9>,<4;5>,<7;10>,<1.5;2.2>,<1.2;1.8>,<1.2;1.5>,<1;1.3>,<1.5;2.2>,44,<0.6;0.8>,<4;5>,<6;9>,<1.2;2>,<1.2;1.8>,<1.2;1.5>,<1;1.3>,<1.2;2>,771,<0.6;0.8>,<4;5>,<6;9>,<1.2;1.8>,<1.2;1.8>,<1;1.3>,<1;1.3>,<1.2;1.8>,1813,<0.6;0.8>,<4;5>,<6;9>,<1.2;1.8>,<1.2;1.8>,<1;1.3>,<1;1.3>,<1.2;1.8>,3673,<0.6;0.8>,<4;5>,<6;9>,<1.2;1.8>,<1.2;1.8>,<1;1.3>,<1;1.3>,<1.2;1.8>
188,80,53,<0.8;1>,<4;5>,<8;11>,<1.8;2.5>,<1.2;1.8>,<1.3;1.6>,<1;1.3>,<1.8;2.5>,3342,<0.7;0.9>,<4;5>,<7;10>,<1.5;2.2>,<1.2;1.8>,<1.2;1.5>,<1;1.3>,<1.5;2.2>,263,<0.7;0.9>,<4;5>,<7;10>,<1.5;2.2>,<1.2;1.8>,<1.2;1.5>,<1;1.3>,<1.5;2.2>,3303,<0.7;0.9>,<4;5>,<7;10>,<1.5;2.2>,<1.2;1.8>,<1.2;1.5>,<1;1.3>,<1.5;2.2>,1221,<0.7;0.9>,<4;5>,<7;10>,<1.5;2.2>,<1.2;1.8>,<1.2;1.5>,<1;1.3>,<1.5;2.2>,2023,<0.7;0.9>,<4;5>,<7;10>,<1.5;2.2>,<1.2;1.8>,<1.2;1.5>,<1;1.3>,<1.5;2.2>,53,<0.6;0.8>,<4;5>,<6;9>,<1.2;2>,<1.2;1.8>,<1.2;1.5>,<1;1.3>,<1.2;2>,1231,<0.6;0.8>,<4;5>,<6;9>,<1.2;1.8>,<1.2;1.8>,<1;1.3>,<1;1.3>,<1.2;1.8>,1841,<0.6;0.8>,<4;5>,<6;9>,<1.2;1.8>,<1.2;1.8>,<1;1.3>,<1;1.3>,<1.2;1.8>,7001,<0.6;0.8>,<4;5>,<6;9>,<1.2;1.8>,<1.2;1.8>,<1;1.3>,<1;1.3>,<1.2;1.8>
189,80,82,<0.8;1>,<4;5>,<8;11>,<1.8;2.5>,<1.2;1.8>,<1.3;1.6>,<1;1.3>,<1.8;2.5>,3472,<0.7;0.9>,<4;5>,<7;10>,<1.5;2.2>,<1.2;1.8>,<1.2;1.5>,<1;1.3>,<1.5;2.2>,393,<0.7;0.9>,<4;5>,<7;10>,<1.5;2.2>,<1.2;1.8>,<1.2;1.5>,<1;1.3>,<1.5;2.2>,3353,<0.7;0.9>,<4;5>,<7;10>,<1.5;2.2>,<1.2;1.8>,<1.2;1.5>,<1;1.3>,<1.5;2.2>,1903,<0.7;0.9>,<4;5>,<7;10>,<1.5;2.2>,<1.2;1.8>,<1.2;1.5>,<1;1.3>,<1.5;2.2>,2242,<0.7;0.9>,<4;5>,<7;10>,<1.5;2.2>,<1.2;1.8>,<1.2;1.5>,<1;1.3>,<1.5;2.2>,82,<0.6;0.8>,<4;5>,<6;9>,<1.2;2>,<1.2;1.8>,<1.2;1.5>,<1;1.3>,<1.2;2>,1241,<0.6;0.8>,<4;5>,<6;9>,<1.2;1.8>,<1.2;1.8>,<1;1.3>,<1;1.3>,<1.2;1.8>,1911,<0.6;0.8>,<4;5>,<6;9>,<1.2;1.8>,<1.2;1.8>,<1;1.3>,<1;1.3>,<1.2;1.8>,44,<0.6;0.8>,<4;5>,<6;9>,<1.2;1.8>,<1.2;1.8>,<1;1.3>,<1;1.3>,<1.2;1.8>
190,80,692,<0.8;1>,<4;5>,<8;11>,<1.8;2.5>,<1.2;1.8>,<1.3;1.6>,<1;1.3>,<1.8;2.5>,3511,<0.7;0.9>,<4;5>,<7;10>,<1.5;2.2>,<1.2;1.8>,<1.2;1.5>,<1;1.3>,<1.5;2.2>,572,<0.7;0.9>,<4;5>,<7;10>,<1.5;2.2>,<1.2;1.8>,<1.2;1.5>,<1;1.3>,<1.5;2.2>,3673,<0.7;0.9>,<4;5>,<7;10>,<1.5;2.2>,<1.2;1.8>,<1.2;1.5>,<1;1.3>,<1.5;2.2>,1931,<0.7;0.9>,<4;5>,<7;10>,<1.5;2.2>,<1.2;1.8>,<1.2;1.5>,<1;1.3>,<1.5;2.2>,2723,<0.7;0.9>,<4;5>,<7;10>,<1.5;2.2>,<1.2;1.8>,<1.2;1.5>,<1;1.3>,<1.5;2.2>,692,<0.6;0.8>,<4;5>,<6;9>,<1.2;2>,<1.2;1.8>,<1.2;1.5>,<1;1.3>,<1.2;2>,1313,<0.6;0.8>,<4;5>,<6;9>,<1.2;1.8>,<1.2;1.8>,<1;1.3>,<1;1.3>,<1.2;1.8>,2023,<0.6;0.8>,<4;5>,<6;9>,<1.2;1.8>,<1.2;1.8>,<1;1.3>,<1;1.3>,<1.2;1.8>,53,<0.6;0.8>,<4;5>,<6;9>,<1.2;1.8>,<1.2;1.8>,<1;1.3>,<1;1.3>,<1.2;1.8>
191,80,2683,<0.8;1>,<4;5>,<8;11>,<1.8;2.5>,<1.2;1.8>,<1.3;1.6>,<1;1.3>,<1.8;2.5>,3683,<0.7;0.9>,<4;5>,<7;10>,<1.5;2.2>,<1.2;1.8>,<1.2;1.5>,<1;1.3>,<1.5;2.2>,701,<0.7;0.9>,<4;5>,<7;10>,<1.5;2.2>,<1.2;1.8>,<1.2;1.5>,<1;1.3>,<1.5;2.2>,7001,<0.7;0.9>,<4;5>,<7;10>,<1.5;2.2>,<1.2;1.8>,<1.2;1.5>,<1;1.3>,<1.5;2.2>,3543,<0.7;0.9>,<4;5>,<7;10>,<1.5;2.2>,<1.2;1.8>,<1.2;1.5>,<1;1.3>,<1.5;2.2>,3003,<0.7;0.9>,<4;5>,<7;10>,<1.5;2.2>,<1.2;1.8>,<1.2;1.5>,<1;1.3>,<1.5;2.2>,2683,<0.6;0.8>,<4;5>,<6;9>,<1.2;2>,<1.2;1.8>,<1.2;1.5>,<1;1.3>,<1.2;2>,1393,<0.6;0.8>,<4;5>,<6;9>,<1.2;1.8>,<1.2;1.8>,<1;1.3>,<1;1.3>,<1.2;1.8>,2242,<0.6;0.8>,<4;5>,<6;9>,<1.2;1.8>,<1.2;1.8>,<1;1.3>,<1;1.3>,<1.2;1.8>,82,<0.6;0.8>,<4;5>,<6;9>,<1.2;1.8>,<1.2;1.8>,<1;1.3>,<1;1.3>,<1.2;1.8>
192,80,2843,<0.8;1>,<4;5>,<8;11>,<1.8;2.5>,<1.2;1.8>,<1.3;1.6>,<1;1.3>,<1.8;2.5>,731,<0.7;0.9>,<4;5>,<7;10>,<1.5;2.2>,<1.2;1.8>,<1.2;1.5>,<1;1.3>,<1.5;2.2>,721,<0.7;0.9>,<4;5>,<7;10>,<1.5;2.2>,<1.2;1.8>,<1.2;1.5>,<1;1.3>,<1.5;2.2>,44,<0.7;0.9>,<4;5>,<7;10>,<1.5;2.2>,<1.2;1.8>,<1.2;1.5>,<1;1.3>,<1.5;2.2>,163,<0.7;0.9>,<4;5>,<7;10>,<1.5;2.2>,<1.2;1.8>,<1.2;1.5>,<1;1.3>,<1.5;2.2>,3152,<0.7;0.9>,<4;5>,<7;10>,<1.5;2.2>,<1.2;1.8>,<1.2;1.5>,<1;1.3>,<1.5;2.2>,2843,<0.6;0.8>,<4;5>,<6;9>,<1.2;2>,<1.2;1.8>,<1.2;1.5>,<1;1.3>,<1.2;2>,1423,<0.6;0.8>,<4;5>,<6;9>,<1.2;1.8>,<1.2;1.8>,<1;1.3>,<1;1.3>,<1.2;1.8>,2723,<0.6;0.8>,<4;5>,<6;9>,<1.2;1.8>,<1.2;1.8>,<1;1.3>,<1;1.3>,<1.2;1.8>,692,<0.6;0.8>,<4;5>,<6;9>,<1.2;1.8>,<1.2;1.8>,<1;1.3>,<1;1.3>,<1.2;1.8>
193,80,3432,<0.8;1>,<4;5>,<8;11>,<1.8;2.5>,<1.2;1.8>,<1.3;1.6>,<1;1.3>,<1.8;2.5>,1221,<0.7;0.9>,<4;5>,<7;10>,<1.5;2.2>,<1.2;1.8>,<1.2;1.5>,<1;1.3>,<1.5;2.2>,771,<0.7;0.9>,<4;5>,<7;10>,<1.5;2.2>,<1.2;1.8>,<1.2;1.5>,<1;1.3>,<1.5;2.2>,53,<0.7;0.9>,<4;5>,<7;10>,<1.5;2.2>,<1.2;1.8>,<1.2;1.5>,<1;1.3>,<1.5;2.2>,242,<0.7;0.9>,<4;5>,<7;10>,<1.5;2.2>,<1.2;1.8>,<1.2;1.5>,<1;1.3>,<1.5;2.2>,3161,<0.7;0.9>,<4;5>,<7;10>,<1.5;2.2>,<1.2;1.8>,<1.2;1.5>,<1;1.3>,<1.5;2.2>,3432,<0.6;0.8>,<4;5>,<6;9>,<1.2;2>,<1.2;1.8>,<1.2;1.5>,<1;1.3>,<1.2;2>,1503,<0.6;0.8>,<4;5>,<6;9>,<1.2;1.8>,<1.2;1.8>,<1;1.3>,<1;1.3>,<1.2;1.8>,3003,<0.6;0.8>,<4;5>,<6;9>,<1.2;1.8>,<1.2;1.8>,<1;1.3>,<1;1.3>,<1.2;1.8>,2683,<0.6;0.8>,<4;5>,<6;9>,<1.2;1.8>,<1.2;1.8>,<1;1.3>,<1;1.3>,<1.2;1.8>
194,80,3772,<0.8;1>,<4;5>,<8;11>,<1.8;2.5>,<1.2;1.8>,<1.3;1.6>,<1;1.3>,<1.8;2.5>,1903,<0.7;0.9>,<4;5>,<7;10>,<1.5;2.2>,<1.2;1.8>,<1.2;1.5>,<1;1.3>,<1.5;2.2>,1231,<0.7;0.9>,<4;5>,<7;10>,<1.5;2.2>,<1.2;1.8>,<1.2;1.5>,<1;1.3>,<1.5;2.2>,82,<0.7;0.9>,<4;5>,<7;10>,<1.5;2.2>,<1.2;1.8>,<1.2;1.5>,<1;1.3>,<1.5;2.2>,333,<0.7;0.9>,<4;5>,<7;10>,<1.5;2.2>,<1.2;1.8>,<1.2;1.5>,<1;1.3>,<1.5;2.2>,3181,<0.7;0.9>,<4;5>,<7;10>,<1.5;2.2>,<1.2;1.8>,<1.2;1.5>,<1;1.3>,<1.5;2.2>,3772,<0.6;0.8>,<4;5>,<6;9>,<1.2;2>,<1.2;1.8>,<1.2;1.5>,<1;1.3>,<1.2;2>,1893,<0.6;0.8>,<4;5>,<6;9>,<1.2;1.8>,<1.2;1.8>,<1;1.3>,<1;1.3>,<1.2;1.8>,3152,<0.6;0.8>,<4;5>,<6;9>,<1.2;1.8>,<1.2;1.8>,<1;1.3>,<1;1.3>,<1.2;1.8>,2843,<0.6;0.8>,<4;5>,<6;9>,<1.2;1.8>,<1.2;1.8>,<1;1.3>,<1;1.3>,<1.2;1.8>
195,80,13,<0.8;1>,<4;5>,<8;11>,<1.8;2.5>,<1.2;1.8>,<1.3;1.6>,<1;1.3>,<1.8;2.5>,1931,<0.7;0.9>,<4;5>,<7;10>,<1.5;2.2>,<1.2;1.8>,<1.2;1.5>,<1;1.3>,<1.5;2.2>,1241,<0.7;0.9>,<4;5>,<7;10>,<1.5;2.2>,<1.2;1.8>,<1.2;1.5>,<1;1.3>,<1.5;2.2>,692,<0.7;0.9>,<4;5>,<7;10>,<1.5;2.2>,<1.2;1.8>,<1.2;1.5>,<1;1.3>,<1.5;2.2>,503,<0.7;0.9>,<4;5>,<7;10>,<1.5;2.2>,<1.2;1.8>,<1.2;1.5>,<1;1.3>,<1.5;2.2>,3251,<0.7;0.9>,<4;5>,<7;10>,<1.5;2.2>,<1.2;1.8>,<1.2;1.5>,<1;1.3>,<1.5;2.2>,13,<0.6;0.8>,<4;5>,<6;9>,<1.2;2>,<1.2;1.8>,<1.2;1.5>,<1;1.3>,<1.2;2>,1941,<0.6;0.8>,<4;5>,<6;9>,<1.2;1.8>,<1.2;1.8>,<1;1.3>,<1;1.3>,<1.2;1.8>,3161,<0.6;0.8>,<4;5>,<6;9>,<1.2;1.8>,<1.2;1.8>,<1;1.3>,<1;1.3>,<1.2;1.8>,3432,<0.6;0.8>,<4;5>,<6;9>,<1.2;1.8>,<1.2;1.8>,<1;1.3>,<1;1.3>,<1.2;1.8>
196,80,273,<0.8;1>,<4;5>,<8;11>,<1.8;2.5>,<1.2;1.8>,<1.3;1.6>,<1;1.3>,<1.8;2.5>,3543,<0.7;0.9>,<4;5>,<7;10>,<1.5;2.2>,<1.2;1.8>,<1.2;1.5>,<1;1.3>,<1.5;2.2>,1313,<0.7;0.9>,<4;5>,<7;10>,<1.5;2.2>,<1.2;1.8>,<1.2;1.5>,<1;1.3>,<1.5;2.2>,2683,<0.7;0.9>,<4;5>,<7;10>,<1.5;2.2>,<1.2;1.8>,<1.2;1.5>,<1;1.3>,<1.5;2.2>,593,<0.7;0.9>,<4;5>,<7;10>,<1.5;2.2>,<1.2;1.8>,<1.2;1.5>,<1;1.3>,<1.5;2.2>,3592,<0.7;0.9>,<4;5>,<7;10>,<1.5;2.2>,<1.2;1.8>,<1.2;1.5>,<1;1.3>,<1.5;2.2>,273,<0.6;0.8>,<4;5>,<6;9>,<1.2;2>,<1.2;1.8>,<1.2;1.5>,<1;1.3>,<1.2;2>,1951,<0.6;0.8>,<4;5>,<6;9>,<1.2;1.8>,<1.2;1.8>,<1;1.3>,<1;1.3>,<1.2;1.8>,3181,<0.6;0.8>,<4;5>,<6;9>,<1.2;1.8>,<1.2;1.8>,<1;1.3>,<1;1.3>,<1.2;1.8>,3772,<0.6;0.8>,<4;5>,<6;9>,<1.2;1.8>,<1.2;1.8>,<1;1.3>,<1;1.3>,<1.2;1.8>
197,80,402,<0.8;1>,<4;5>,<8;11>,<1.8;2.5>,<1.2;1.8>,<1.3;1.6>,<1;1.3>,<1.8;2.5>,163,<0.7;0.9>,<4;5>,<7;10>,<1.5;2.2>,<1.2;1.8>,<1.2;1.5>,<1;1.3>,<1.5;2.2>,1393,<0.7;0.9>,<4;5>,<7;10>,<1.5;2.2>,<1.2;1.8>,<1.2;1.5>,<1;1.3>,<1.5;2.2>,2843,<0.7;0.9>,<4;5>,<7;10>,<1.5;2.2>,<1.2;1.8>,<1.2;1.5>,<1;1.3>,<1.5;2.2>,603,<0.7;0.9>,<4;5>,<7;10>,<1.5;2.2>,<1.2;1.8>,<1.2;1.5>,<1;1.3>,<1.5;2.2>,3663,<0.7;0.9>,<4;5>,<7;10>,<1.5;2.2>,<1.2;1.8>,<1.2;1.5>,<1;1.3>,<1.5;2.2>,402,<0.6;0.8>,<4;5>,<6;9>,<1.2;2>,<1.2;1.8>,<1.2;1.5>,<1;1.3>,<1.2;2>,2233,<0.6;0.8>,<4;5>,<6;9>,<1.2;1.8>,<1.2;1.8>,<1;1.3>,<1;1.3>,<1.2;1.8>,3251,<0.6;0.8>,<4;5>,<6;9>,<1.2;1.8>,<1.2;1.8>,<1;1.3>,<1;1.3>,<1.2;1.8>,13,<0.6;0.8>,<4;5>,<6;9>,<1.2;1.8>,<1.2;1.8>,<1;1.3>,<1;1.3>,<1.2;1.8>
198,80,493,<0.8;1>,<4;5>,<8;11>,<1.8;2.5>,<1.2;1.8>,<1.3;1.6>,<1;1.3>,<1.8;2.5>,242,<0.7;0.9>,<4;5>,<7;10>,<1.5;2.2>,<1.2;1.8>,<1.2;1.5>,<1;1.3>,<1.5;2.2>,1423,<0.7;0.9>,<4;5>,<7;10>,<1.5;2.2>,<1.2;1.8>,<1.2;1.5>,<1;1.3>,<1.5;2.2>,3432,<0.7;0.9>,<4;5>,<7;10>,<1.5;2.2>,<1.2;1.8>,<1.2;1.5>,<1;1.3>,<1.5;2.2>,611,<0.7;0.9>,<4;5>,<7;10>,<1.5;2.2>,<1.2;1.8>,<1.2;1.5>,<1;1.3>,<1.5;2.2>,263,<0.7;0.9>,<4;5>,<7;10>,<1.5;2.2>,<1.2;1.8>,<1.2;1.5>,<1;1.3>,<1.5;2.2>,493,<0.6;0.8>,<4;5>,<6;9>,<1.2;2>,<1.2;1.8>,<1.2;1.5>,<1;1.3>,<1.2;2>,2401,<0.6;0.8>,<4;5>,<6;9>,<1.2;1.8>,<1.2;1.8>,<1;1.3>,<1;1.3>,<1.2;1.8>,3592,<0.6;0.8>,<4;5>,<6;9>,<1.2;1.8>,<1.2;1.8>,<1;1.3>,<1;1.3>,<1.2;1.8>,273,<0.6;0.8>,<4;5>,<6;9>,<1.2;1.8>,<1.2;1.8>,<1;1.3>,<1;1.3>,<1.2;1.8>
199,80,552,<0.8;1>,<4;5>,<8;11>,<1.8;2.5>,<1.2;1.8>,<1.3;1.6>,<1;1.3>,<1.8;2.5>,333,<0.7;0.9>,<4;5>,<7;10>,<1.5;2.2>,<1.2;1.8>,<1.2;1.5>,<1;1.3>,<1.5;2.2>,1503,<0.7;0.9>,<4;5>,<7;10>,<1.5;2.2>,<1.2;1.8>,<1.2;1.5>,<1;1.3>,<1.5;2.2>,3772,<0.7;0.9>,<4;5>,<7;10>,<1.5;2.2>,<1.2;1.8>,<1.2;1.5>,<1;1.3>,<1.5;2.2>,631,<0.7;0.9>,<4;5>,<7;10>,<1.5;2.2>,<1.2;1.8>,<1.2;1.5>,<1;1.3>,<1.5;2.2>,393,<0.7;0.9>,<4;5>,<7;10>,<1.5;2.2>,<1.2;1.8>,<1.2;1.5>,<1;1.3>,<1.5;2.2>,552,<0.6;0.8>,<4;5>,<6;9>,<1.2;2>,<1.2;1.8>,<1.2;1.5>,<1;1.3>,<1.2;2>,2493,<0.6;0.8>,<4;5>,<6;9>,<1.2;1.8>,<1.2;1.8>,<1;1.3>,<1;1.3>,<1.2;1.8>,3663,<0.6;0.8>,<4;5>,<6;9>,<1.2;1.8>,<1.2;1.8>,<1;1.3>,<1;1.3>,<1.2;1.8>,402,<0.6;0.8>,<4;5>,<6;9>,<1.2;1.8>,<1.2;1.8>,<1;1.3>,<1;1.3>,<1.2;1.8>
200,80,793,<0.8;1>,<4;5>,<8;11>,<1.8;2.5>,<1.2;1.8>,<1.3;1.6>,<1;1.3>,<1.8;2.5>,503,<0.7;0.9>,<4;5>,<7;10>,<1.5;2.2>,<1.2;1.8>,<1.2;1.5>,<1;1.3>,<1.5;2.2>,1893,<0.7;0.9>,<4;5>,<7;10>,<1.5;2.2>,<1.2;1.8>,<1.2;1.5>,<1;1.3>,<1.5;2.2>,13,<0.7;0.9>,<4;5>,<7;10>,<1.5;2.2>,<1.2;1.8>,<1.2;1.5>,<1;1.3>,<1.5;2.2>,641,<0.7;0.9>,<4;5>,<7;10>,<1.5;2.2>,<1.2;1.8>,<1.2;1.5>,<1;1.3>,<1.5;2.2>,572,<0.7;0.9>,<4;5>,<7;10>,<1.5;2.2>,<1.2;1.8>,<1.2;1.5>,<1;1.3>,<1.5;2.2>,793,<0.6;0.8>,<4;5>,<6;9>,<1.2;2>,<1.2;1.8>,<1.2;1.5>,<1;1.3>,<1.2;2>,3021,<0.6;0.8>,<4;5>,<6;9>,<1.2;1.8>,<1.2;1.8>,<1;1.3>,<1;1.3>,<1.2;1.8>,1911,<0.6;0.8>,<4;5>,<6;9>,<1.2;1.8>,<1.2;1.8>,<1;1.3>,<1;1.3>,<1.2;1.8>,53,<0.6;0.8>,<4;5>,<6;9>,<1.2;1.8>,<1.2;1.8>,<1;1.3>,<1;1.3>,<1.2;1.8>
201,85,2013,<0.8;1>,<4;5>,<8;11>,<1.8;2.5>,<1.2;1.8>,<1.3;1.6>,<1;1.3>,<1.8;2.5>,593,<0.7;0.9>,<4;5>,<7;10>,<1.5;2.2>,<1.2;1.8>,<1.2;1.5>,<1;1.3>,<1.5;2.2>,1941,<0.7;0.9>,<4;5>,<7;10>,<1.5;2.2>,<1.2;1.8>,<1.2;1.5>,<1;1.3>,<1.5;2.2>,273,<0.7;0.9>,<4;5>,<7;10>,<1.5;2.2>,<1.2;1.8>,<1.2;1.5>,<1;1.3>,<1.5;2.2>,712,<0.7;0.9>,<4;5>,<7;10>,<1.5;2.2>,<1.2;1.8>,<1.2;1.5>,<1;1.3>,<1.5;2.2>,701,<0.7;0.9>,<4;5>,<7;10>,<1.5;2.2>,<1.2;1.8>,<1.2;1.5>,<1;1.3>,<1.5;2.2>,2013,<0.6;0.8>,<4;5>,<6;9>,<1.2;2>,<1.2;1.8>,<1.2;1.5>,<1;1.3>,<1.2;2>,3143,<0.6;0.8>,<4;5>,<6;9>,<1.2;1.8>,<1.2;1.8>,<1;1.3>,<1;1.3>,<1.2;1.8>,2023,<0.6;0.8>,<4;5>,<6;9>,<1.2;1.8>,<1.2;1.8>,<1;1.3>,<1;1.3>,<1.2;1.8>,82,<0.6;0.8>,<4;5>,<6;9>,<1.2;1.8>,<1.2;1.8>,<1;1.3>,<1;1.3>,<1.2;1.8>
202,85,2073,<0.8;1>,<4;5>,<8;11>,<1.8;2.5>,<1.2;1.8>,<1.3;1.6>,<1;1.3>,<1.8;2.5>,603,<0.7;0.9>,<4;5>,<7;10>,<1.5;2.2>,<1.2;1.8>,<1.2;1.5>,<1;1.3>,<1.5;2.2>,1951,<0.7;0.9>,<4;5>,<7;10>,<1.5;2.2>,<1.2;1.8>,<1.2;1.5>,<1;1.3>,<1.5;2.2>,402,<0.7;0.9>,<4;5>,<7;10>,<1.5;2.2>,<1.2;1.8>,<1.2;1.5>,<1;1.3>,<1.5;2.2>,741,<0.7;0.9>,<4;5>,<7;10>,<1.5;2.2>,<1.2;1.8>,<1.2;1.5>,<1;1.3>,<1.5;2.2>,721,<0.7;0.9>,<4;5>,<7;10>,<1.5;2.2>,<1.2;1.8>,<1.2;1.5>,<1;1.3>,<1.5;2.2>,2073,<0.6;0.8>,<4;5>,<6;9>,<1.2;2>,<1.2;1.8>,<1.2;1.5>,<1;1.3>,<1.2;2>,3171,<0.6;0.8>,<4;5>,<6;9>,<1.2;1.8>,<1.2;1.8>,<1;1.3>,<1;1.3>,<1.2;1.8>,2242,<0.6;0.8>,<4;5>,<6;9>,<1.2;1.8>,<1.2;1.8>,<1;1.3>,<1;1.3>,<1.2;1.8>,692,<0.6;0.8>,<4;5>,<6;9>,<1.2;1.8>,<1.2;1.8>,<1;1.3>,<1;1.3>,<1.2;1.8>
203,85,2593,<0.8;1>,<4;5>,<8;11>,<1.8;2.5>,<1.2;1.8>,<1.3;1.6>,<1;1.3>,<1.8;2.5>,611,<0.7;0.9>,<4;5>,<7;10>,<1.5;2.2>,<1.2;1.8>,<1.2;1.5>,<1;1.3>,<1.5;2.2>,2233,<0.7;0.9>,<4;5>,<7;10>,<1.5;2.2>,<1.2;1.8>,<1.2;1.5>,<1;1.3>,<1.5;2.2>,493,<0.7;0.9>,<4;5>,<7;10>,<1.5;2.2>,<1.2;1.8>,<1.2;1.5>,<1;1.3>,<1.5;2.2>,863,<0.7;0.9>,<4;5>,<7;10>,<1.5;2.2>,<1.2;1.8>,<1.2;1.5>,<1;1.3>,<1.5;2.2>,771,<0.7;0.9>,<4;5>,<7;10>,<1.5;2.2>,<1.2;1.8>,<1.2;1.5>,<1;1.3>,<1.5;2.2>,2593,<0.6;0.8>,<4;5>,<6;9>,<1.2;2>,<1.2;1.8>,<1.2;1.5>,<1;1.3>,<1.2;2>,3303,<0.6;0.8>,<4;5>,<6;9>,<1.2;1.8>,<1.2;1.8>,<1;1.3>,<1;1.3>,<1.2;1.8>,2723,<0.6;0.8>,<4;5>,<6;9>,<1.2;1.8>,<1.2;1.8>,<1;1.3>,<1;1.3>,<1.2;1.8>,2683,<0.6;0.8>,<4;5>,<6;9>,<1.2;1.8>,<1.2;1.8>,<1;1.3>,<1;1.3>,<1.2;1.8>
204,85,2612,<0.8;1>,<4;5>,<8;11>,<1.8;2.5>,<1.2;1.8>,<1.3;1.6>,<1;1.3>,<1.8;2.5>,631,<0.7;0.9>,<4;5>,<7;10>,<1.5;2.2>,<1.2;1.8>,<1.2;1.5>,<1;1.3>,<1.5;2.2>,2401,<0.7;0.9>,<4;5>,<7;10>,<1.5;2.2>,<1.2;1.8>,<1.2;1.5>,<1;1.3>,<1.5;2.2>,552,<0.7;0.9>,<4;5>,<7;10>,<1.5;2.2>,<1.2;1.8>,<1.2;1.5>,<1;1.3>,<1.5;2.2>,883,<0.7;0.9>,<4;5>,<7;10>,<1.5;2.2>,<1.2;1.8>,<1.2;1.5>,<1;1.3>,<1.5;2.2>,1231,<0.7;0.9>,<4;5>,<7;10>,<1.5;2.2>,<1.2;1.8>,<1.2;1.5>,<1;1.3>,<1.5;2.2>,2612,<0.6;0.8>,<4;5>,<6;9>,<1.2;2>,<1.2;1.8>,<1.2;1.5>,<1;1.3>,<1.2;2>,3353,<0.6;0.8>,<4;5>,<6;9>,<1.2;1.8>,<1.2;1.8>,<1;1.3>,<1;1.3>,<1.2;1.8>,3003,<0.6;0.8>,<4;5>,<6;9>,<1.2;1.8>,<1.2;1.8>,<1;1.3>,<1;1.3>,<1.2;1.8>,2843,<0.6;0.8>,<4;5>,<6;9>,<1.2;1.8>,<1.2;1.8>,<1;1.3>,<1;1.3>,<1.2;1.8>
205,85,2633,<0.8;1>,<4;5>,<8;11>,<1.8;2.5>,<1.2;1.8>,<1.3;1.6>,<1;1.3>,<1.8;2.5>,641,<0.7;0.9>,<4;5>,<7;10>,<1.5;2.2>,<1.2;1.8>,<1.2;1.5>,<1;1.3>,<1.5;2.2>,2493,<0.7;0.9>,<4;5>,<7;10>,<1.5;2.2>,<1.2;1.8>,<1.2;1.5>,<1;1.3>,<1.5;2.2>,793,<0.7;0.9>,<4;5>,<7;10>,<1.5;2.2>,<1.2;1.8>,<1.2;1.5>,<1;1.3>,<1.5;2.2>,1082,<0.7;0.9>,<4;5>,<7;10>,<1.5;2.2>,<1.2;1.8>,<1.2;1.5>,<1;1.3>,<1.5;2.2>,1241,<0.7;0.9>,<4;5>,<7;10>,<1.5;2.2>,<1.2;1.8>,<1.2;1.5>,<1;1.3>,<1.5;2.2>,2633,<0.6;0.8>,<4;5>,<6;9>,<1.2;2>,<1.2;1.8>,<1.2;1.5>,<1;1.3>,<1.2;2>,3673,<0.6;0.8>,<4;5>,<6;9>,<1.2;1.8>,<1.2;1.8>,<1;1.3>,<1;1.3>,<1.2;1.8>,3152,<0.6;0.8>,<4;5>,<6;9>,<1.2;1.8>,<1.2;1.8>,<1;1.3>,<1;1.3>,<1.2;1.8>,3432,<0.6;0.8>,<4;5>,<6;9>,<1.2;1.8>,<1.2;1.8>,<1;1.3>,<1;1.3>,<1.2;1.8>
206,85,2963,<0.8;1>,<4;5>,<8;11>,<1.8;2.5>,<1.2;1.8>,<1.3;1.6>,<1;1.3>,<1.8;2.5>,712,<0.7;0.9>,<4;5>,<7;10>,<1.5;2.2>,<1.2;1.8>,<1.2;1.5>,<1;1.3>,<1.5;2.2>,3021,<0.7;0.9>,<4;5>,<7;10>,<1.5;2.2>,<1.2;1.8>,<1.2;1.5>,<1;1.3>,<1.5;2.2>,2013,<0.7;0.9>,<4;5>,<7;10>,<1.5;2.2>,<1.2;1.8>,<1.2;1.5>,<1;1.3>,<1.5;2.2>,1293,<0.7;0.9>,<4;5>,<7;10>,<1.5;2.2>,<1.2;1.8>,<1.2;1.5>,<1;1.3>,<1.5;2.2>,1313,<0.7;0.9>,<4;5>,<7;10>,<1.5;2.2>,<1.2;1.8>,<1.2;1.5>,<1;1.3>,<1.5;2.2>,2963,<0.6;0.8>,<4;5>,<6;9>,<1.2;2>,<1.2;1.8>,<1.2;1.5>,<1;1.3>,<1.2;2>,7001,<0.6;0.8>,<4;5>,<6;9>,<1.2;1.8>,<1.2;1.8>,<1;1.3>,<1;1.3>,<1.2;1.8>,3161,<0.6;0.8>,<4;5>,<6;9>,<1.2;1.8>,<1.2;1.8>,<1;1.3>,<1;1.3>,<1.2;1.8>,3772,<0.6;0.8>,<4;5>,<6;9>,<1.2;1.8>,<1.2;1.8>,<1;1.3>,<1;1.3>,<1.2;1.8>
207,85,3283,<0.8;1>,<4;5>,<8;11>,<1.8;2.5>,<1.2;1.8>,<1.3;1.6>,<1;1.3>,<1.8;2.5>,741,<0.7;0.9>,<4;5>,<7;10>,<1.5;2.2>,<1.2;1.8>,<1.2;1.5>,<1;1.3>,<1.5;2.2>,3143,<0.7;0.9>,<4;5>,<7;10>,<1.5;2.2>,<1.2;1.8>,<1.2;1.5>,<1;1.3>,<1.5;2.2>,2073,<0.7;0.9>,<4;5>,<7;10>,<1.5;2.2>,<1.2;1.8>,<1.2;1.5>,<1;1.3>,<1.5;2.2>,1612,<0.7;0.9>,<4;5>,<7;10>,<1.5;2.2>,<1.2;1.8>,<1.2;1.5>,<1;1.3>,<1.5;2.2>,1393,<0.7;0.9>,<4;5>,<7;10>,<1.5;2.2>,<1.2;1.8>,<1.2;1.5>,<1;1.3>,<1.5;2.2>,3283,<0.6;0.8>,<4;5>,<6;9>,<1.2;2>,<1.2;1.8>,<1.2;1.5>,<1;1.3>,<1.2;2>,44,<0.6;0.8>,<4;5>,<6;9>,<1.2;1.8>,<1.2;1.8>,<1;1.3>,<1;1.3>,<1.2;1.8>,3181,<0.6;0.8>,<4;5>,<6;9>,<1.2;1.8>,<1.2;1.8>,<1;1.3>,<1;1.3>,<1.2;1.8>,13,<0.6;0.8>,<4;5>,<6;9>,<1.2;1.8>,<1.2;1.8>,<1;1.3>,<1;1.3>,<1.2;1.8>
208,85,3293,<0.8;1>,<4;5>,<8;11>,<1.8;2.5>,<1.2;1.8>,<1.3;1.6>,<1;1.3>,<1.8;2.5>,863,<0.7;0.9>,<4;5>,<7;10>,<1.5;2.2>,<1.2;1.8>,<1.2;1.5>,<1;1.3>,<1.5;2.2>,3171,<0.7;0.9>,<4;5>,<7;10>,<1.5;2.2>,<1.2;1.8>,<1.2;1.5>,<1;1.3>,<1.5;2.2>,2593,<0.7;0.9>,<4;5>,<7;10>,<1.5;2.2>,<1.2;1.8>,<1.2;1.5>,<1;1.3>,<1.5;2.2>,2033,<0.7;0.9>,<4;5>,<7;10>,<1.5;2.2>,<1.2;1.8>,<1.2;1.5>,<1;1.3>,<1.5;2.2>,1423,<0.7;0.9>,<4;5>,<7;10>,<1.5;2.2>,<1.2;1.8>,<1.2;1.5>,<1;1.3>,<1.5;2.2>,3293,<0.6;0.8>,<4;5>,<6;9>,<1.2;2>,<1.2;1.8>,<1.2;1.5>,<1;1.3>,<1.2;2>,53,<0.6;0.8>,<4;5>,<6;9>,<1.2;1.8>,<1.2;1.8>,<1;1.3>,<1;1.3>,<1.2;1.8>,3251,<0.6;0.8>,<4;5>,<6;9>,<1.2;1.8>,<1.2;1.8>,<1;1.3>,<1;1.3>,<1.2;1.8>,273,<0.6;0.8>,<4;5>,<6;9>,<1.2;1.8>,<1.2;1.8>,<1;1.3>,<1;1.3>,<1.2;1.8>
209,85,3342,<0.8;1>,<4;5>,<8;11>,<1.8;2.5>,<1.2;1.8>,<1.3;1.6>,<1;1.3>,<1.8;2.5>,883,<0.7;0.9>,<4;5>,<7;10>,<1.5;2.2>,<1.2;1.8>,<1.2;1.5>,<1;1.3>,<1.5;2.2>,3303,<0.7;0.9>,<4;5>,<7;10>,<1.5;2.2>,<1.2;1.8>,<1.2;1.5>,<1;1.3>,<1.5;2.2>,2612,<0.7;0.9>,<4;5>,<7;10>,<1.5;2.2>,<1.2;1.8>,<1.2;1.5>,<1;1.3>,<1.5;2.2>,972,<0.7;0.9>,<4;5>,<7;10>,<1.5;2.2>,<1.2;1.8>,<1.2;1.5>,<1;1.3>,<1.5;2.2>,1503,<0.7;0.9>,<4;5>,<7;10>,<1.5;2.2>,<1.2;1.8>,<1.2;1.5>,<1;1.3>,<1.5;2.2>,3342,<0.6;0.8>,<4;5>,<6;9>,<1.2;2>,<1.2;1.8>,<1.2;1.5>,<1;1.3>,<1.2;2>,82,<0.6;0.8>,<4;5>,<6;9>,<1.2;1.8>,<1.2;1.8>,<1;1.3>,<1;1.3>,<1.2;1.8>,3592,<0.6;0.8>,<4;5>,<6;9>,<1.2;1.8>,<1.2;1.8>,<1;1.3>,<1;1.3>,<1.2;1.8>,402,<0.6;0.8>,<4;5>,<6;9>,<1.2;1.8>,<1.2;1.8>,<1;1.3>,<1;1.3>,<1.2;1.8>
210,85,3472,<0.8;1>,<4;5>,<8;11>,<1.8;2.5>,<1.2;1.8>,<1.3;1.6>,<1;1.3>,<1.8;2.5>,1082,<0.7;0.9>,<4;5>,<7;10>,<1.5;2.2>,<1.2;1.8>,<1.2;1.5>,<1;1.3>,<1.5;2.2>,3353,<0.7;0.9>,<4;5>,<7;10>,<1.5;2.2>,<1.2;1.8>,<1.2;1.5>,<1;1.3>,<1.5;2.2>,2633,<0.7;0.9>,<4;5>,<7;10>,<1.5;2.2>,<1.2;1.8>,<1.2;1.5>,<1;1.3>,<1.5;2.2>,1032,<0.7;0.9>,<4;5>,<7;10>,<1.5;2.2>,<1.2;1.8>,<1.2;1.5>,<1;1.3>,<1.5;2.2>,1893,<0.7;0.9>,<4;5>,<7;10>,<1.5;2.2>,<1.2;1.8>,<1.2;1.5>,<1;1.3>,<1.5;2.2>,3472,<0.6;0.8>,<4;5>,<6;9>,<1.2;2>,<1.2;1.8>,<1.2;1.5>,<1;1.3>,<1.2;2>,692,<0.6;0.8>,<4;5>,<6;9>,<1.2;1.8>,<1.2;1.8>,<1;1.3>,<1;1.3>,<1.2;1.8>,3663,<0.6;0.8>,<4;5>,<6;9>,<1.2;1.8>,<1.2;1.8>,<1;1.3>,<1;1.3>,<1.2;1.8>,493,<0.6;0.8>,<4;5>,<6;9>,<1.2;1.8>,<1.2;1.8>,<1;1.3>,<1;1.3>,<1.2;1.8>
211,85,3511,<0.8;1>,<4;5>,<8;11>,<1.8;2.5>,<1.2;1.8>,<1.3;1.6>,<1;1.3>,<1.8;2.5>,1293,<0.7;0.9>,<4;5>,<7;10>,<1.5;2.2>,<1.2;1.8>,<1.2;1.5>,<1;1.3>,<1.5;2.2>,3673,<0.7;0.9>,<4;5>,<7;10>,<1.5;2.2>,<1.2;1.8>,<1.2;1.5>,<1;1.3>,<1.5;2.2>,2963,<0.7;0.9>,<4;5>,<7;10>,<1.5;2.2>,<1.2;1.8>,<1.2;1.5>,<1;1.3>,<1.5;2.2>,1071,<0.7;0.9>,<4;5>,<7;10>,<1.5;2.2>,<1.2;1.8>,<1.2;1.5>,<1;1.3>,<1.5;2.2>,1941,<0.7;0.9>,<4;5>,<7;10>,<1.5;2.2>,<1.2;1.8>,<1.2;1.5>,<1;1.3>,<1.5;2.2>,3511,<0.6;0.8>,<4;5>,<6;9>,<1.2;2>,<1.2;1.8>,<1.2;1.5>,<1;1.3>,<1.2;2>,2683,<0.6;0.8>,<4;5>,<6;9>,<1.2;1.8>,<1.2;1.8>,<1;1.3>,<1;1.3>,<1.2;1.8>,263,<0.6;0.8>,<4;5>,<6;9>,<1.2;1.8>,<1.2;1.8>,<1;1.3>,<1;1.3>,<1.2;1.8>,552,<0.6;0.8>,<4;5>,<6;9>,<1.2;1.8>,<1.2;1.8>,<1;1.3>,<1;1.3>,<1.2;1.8>
212,85,3683,<0.8;1>,<4;5>,<8;11>,<1.8;2.5>,<1.2;1.8>,<1.3;1.6>,<1;1.3>,<1.8;2.5>,1612,<0.7;0.9>,<4;5>,<7;10>,<1.5;2.2>,<1.2;1.8>,<1.2;1.5>,<1;1.3>,<1.5;2.2>,7001,<0.7;0.9>,<4;5>,<7;10>,<1.5;2.2>,<1.2;1.8>,<1.2;1.5>,<1;1.3>,<1.5;2.2>,3283,<0.7;0.9>,<4;5>,<7;10>,<1.5;2.2>,<1.2;1.8>,<1.2;1.5>,<1;1.3>,<1.5;2.2>,1253,<0.7;0.9>,<4;5>,<7;10>,<1.5;2.2>,<1.2;1.8>,<1.2;1.5>,<1;1.3>,<1.5;2.2>,1951,<0.7;0.9>,<4;5>,<7;10>,<1.5;2.2>,<1.2;1.8>,<1.2;1.5>,<1;1.3>,<1.5;2.2>,3683,<0.6;0.8>,<4;5>,<6;9>,<1.2;2>,<1.2;1.8>,<1.2;1.5>,<1;1.3>,<1.2;2>,2843,<0.6;0.8>,<4;5>,<6;9>,<1.2;1.8>,<1.2;1.8>,<1;1.3>,<1;1.3>,<1.2;1.8>,393,<0.6;0.8>,<4;5>,<6;9>,<1.2;1.8>,<1.2;1.8>,<1;1.3>,<1;1.3>,<1.2;1.8>,793,<0.6;0.8>,<4;5>,<6;9>,<1.2;1.8>,<1.2;1.8>,<1;1.3>,<1;1.3>,<1.2;1.8>
213,85,731,<0.8;1>,<4;5>,<8;11>,<1.8;2.5>,<1.2;1.8>,<1.3;1.6>,<1;1.3>,<1.8;2.5>,2033,<0.7;0.9>,<4;5>,<7;10>,<1.5;2.2>,<1.2;1.8>,<1.2;1.5>,<1;1.3>,<1.5;2.2>,44,<0.7;0.9>,<4;5>,<7;10>,<1.5;2.2>,<1.2;1.8>,<1.2;1.5>,<1;1.3>,<1.5;2.2>,3293,<0.7;0.9>,<4;5>,<7;10>,<1.5;2.2>,<1.2;1.8>,<1.2;1.5>,<1;1.3>,<1.5;2.2>,1303,<0.7;0.9>,<4;5>,<7;10>,<1.5;2.2>,<1.2;1.8>,<1.2;1.5>,<1;1.3>,<1.5;2.2>,2233,<0.7;0.9>,<4;5>,<7;10>,<1.5;2.2>,<1.2;1.8>,<1.2;1.5>,<1;1.3>,<1.5;2.2>,731,<0.6;0.8>,<4;5>,<6;9>,<1.2;2>,<1.2;1.8>,<1.2;1.5>,<1;1.3>,<1.2;2>,3432,<0.6;0.8>,<4;5>,<6;9>,<1.2;1.8>,<1.2;1.8>,<1;1.3>,<1;1.3>,<1.2;1.8>,572,<0.6;0.8>,<4;5>,<6;9>,<1.2;1.8>,<1.2;1.8>,<1;1.3>,<1;1.3>,<1.2;1.8>,2013,<0.6;0.8>,<4;5>,<6;9>,<1.2;1.8>,<1.2;1.8>,<1;1.3>,<1;1.3>,<1.2;1.8>
214,85,1221,<0.8;1>,<4;5>,<8;11>,<1.8;2.5>,<1.2;1.8>,<1.3;1.6>,<1;1.3>,<1.8;2.5>,972,<0.7;0.9>,<4;5>,<7;10>,<1.5;2.2>,<1.2;1.8>,<1.2;1.5>,<1;1.3>,<1.5;2.2>,53,<0.7;0.9>,<4;5>,<7;10>,<1.5;2.2>,<1.2;1.8>,<1.2;1.5>,<1;1.3>,<1.5;2.2>,3342,<0.7;0.9>,<4;5>,<7;10>,<1.5;2.2>,<1.2;1.8>,<1.2;1.5>,<1;1.3>,<1.5;2.2>,1381,<0.7;0.9>,<4;5>,<7;10>,<1.5;2.2>,<1.2;1.8>,<1.2;1.5>,<1;1.3>,<1.5;2.2>,2401,<0.7;0.9>,<4;5>,<7;10>,<1.5;2.2>,<1.2;1.8>,<1.2;1.5>,<1;1.3>,<1.5;2.2>,1221,<0.6;0.8>,<4;5>,<6;9>,<1.2;2>,<1.2;1.8>,<1.2;1.5>,<1;1.3>,<1.2;2>,3772,<0.6;0.8>,<4;5>,<6;9>,<1.2;1.8>,<1.2;1.8>,<1;1.3>,<1;1.3>,<1.2;1.8>,701,<0.6;0.8>,<4;5>,<6;9>,<1.2;1.8>,<1.2;1.8>,<1;1.3>,<1;1.3>,<1.2;1.8>,2073,<0.6;0.8>,<4;5>,<6;9>,<1.2;1.8>,<1.2;1.8>,<1;1.3>,<1;1.3>,<1.2;1.8>
215,85,1903,<0.8;1>,<4;5>,<8;11>,<1.8;2.5>,<1.2;1.8>,<1.3;1.6>,<1;1.3>,<1.8;2.5>,1032,<0.7;0.9>,<4;5>,<7;10>,<1.5;2.2>,<1.2;1.8>,<1.2;1.5>,<1;1.3>,<1.5;2.2>,82,<0.7;0.9>,<4;5>,<7;10>,<1.5;2.2>,<1.2;1.8>,<1.2;1.5>,<1;1.3>,<1.5;2.2>,3472,<0.7;0.9>,<4;5>,<7;10>,<1.5;2.2>,<1.2;1.8>,<1.2;1.5>,<1;1.3>,<1.5;2.2>,1772,<0.7;0.9>,<4;5>,<7;10>,<1.5;2.2>,<1.2;1.8>,<1.2;1.5>,<1;1.3>,<1.5;2.2>,2493,<0.7;0.9>,<4;5>,<7;10>,<1.5;2.2>,<1.2;1.8>,<1.2;1.5>,<1;1.3>,<1.5;2.2>,1903,<0.6;0.8>,<4;5>,<6;9>,<1.2;2>,<1.2;1.8>,<1.2;1.5>,<1;1.3>,<1.2;2>,13,<0.6;0.8>,<4;5>,<6;9>,<1.2;1.8>,<1.2;1.8>,<1;1.3>,<1;1.3>,<1.2;1.8>,721,<0.6;0.8>,<4;5>,<6;9>,<1.2;1.8>,<1.2;1.8>,<1;1.3>,<1;1.3>,<1.2;1.8>,2593,<0.6;0.8>,<4;5>,<6;9>,<1.2;1.8>,<1.2;1.8>,<1;1.3>,<1;1.3>,<1.2;1.8>
216,85,1931,<0.8;1>,<4;5>,<8;11>,<1.8;2.5>,<1.2;1.8>,<1.3;1.6>,<1;1.3>,<1.8;2.5>,1071,<0.7;0.9>,<4;5>,<7;10>,<1.5;2.2>,<1.2;1.8>,<1.2;1.5>,<1;1.3>,<1.5;2.2>,692,<0.7;0.9>,<4;5>,<7;10>,<1.5;2.2>,<1.2;1.8>,<1.2;1.5>,<1;1.3>,<1.5;2.2>,3511,<0.7;0.9>,<4;5>,<7;10>,<1.5;2.2>,<1.2;1.8>,<1.2;1.5>,<1;1.3>,<1.5;2.2>,1813,<0.7;0.9>,<4;5>,<7;10>,<1.5;2.2>,<1.2;1.8>,<1.2;1.5>,<1;1.3>,<1.5;2.2>,3021,<0.7;0.9>,<4;5>,<7;10>,<1.5;2.2>,<1.2;1.8>,<1.2;1.5>,<1;1.3>,<1.5;2.2>,1931,<0.6;0.8>,<4;5>,<6;9>,<1.2;2>,<1.2;1.8>,<1.2;1.5>,<1;1.3>,<1.2;2>,273,<0.6;0.8>,<4;5>,<6;9>,<1.2;1.8>,<1.2;1.8>,<1;1.3>,<1;1.3>,<1.2;1.8>,771,<0.6;0.8>,<4;5>,<6;9>,<1.2;1.8>,<1.2;1.8>,<1;1.3>,<1;1.3>,<1.2;1.8>,2612,<0.6;0.8>,<4;5>,<6;9>,<1.2;1.8>,<1.2;1.8>,<1;1.3>,<1;1.3>,<1.2;1.8>
217,85,3543,<0.8;1>,<4;5>,<8;11>,<1.8;2.5>,<1.2;1.8>,<1.3;1.6>,<1;1.3>,<1.8;2.5>,1253,<0.7;0.9>,<4;5>,<7;10>,<1.5;2.2>,<1.2;1.8>,<1.2;1.5>,<1;1.3>,<1.5;2.2>,2683,<0.7;0.9>,<4;5>,<7;10>,<1.5;2.2>,<1.2;1.8>,<1.2;1.5>,<1;1.3>,<1.5;2.2>,3683,<0.7;0.9>,<4;5>,<7;10>,<1.5;2.2>,<1.2;1.8>,<1.2;1.5>,<1;1.3>,<1.5;2.2>,1841,<0.7;0.9>,<4;5>,<7;10>,<1.5;2.2>,<1.2;1.8>,<1.2;1.5>,<1;1.3>,<1.5;2.2>,3143,<0.7;0.9>,<4;5>,<7;10>,<1.5;2.2>,<1.2;1.8>,<1.2;1.5>,<1;1.3>,<1.5;2.2>,3543,<0.6;0.8>,<4;5>,<6;9>,<1.2;2>,<1.2;1.8>,<1.2;1.5>,<1;1.3>,<1.2;2>,402,<0.6;0.8>,<4;5>,<6;9>,<1.2;1.8>,<1.2;1.8>,<1;1.3>,<1;1.3>,<1.2;1.8>,1231,<0.6;0.8>,<4;5>,<6;9>,<1.2;1.8>,<1.2;1.8>,<1;1.3>,<1;1.3>,<1.2;1.8>,2633,<0.6;0.8>,<4;5>,<6;9>,<1.2;1.8>,<1.2;1.8>,<1;1.3>,<1;1.3>,<1.2;1.8>
218,85,163,<0.8;1>,<4;5>,<8;11>,<1.8;2.5>,<1.2;1.8>,<1.3;1.6>,<1;1.3>,<1.8;2.5>,1303,<0.7;0.9>,<4;5>,<7;10>,<1.5;2.2>,<1.2;1.8>,<1.2;1.5>,<1;1.3>,<1.5;2.2>,2843,<0.7;0.9>,<4;5>,<7;10>,<1.5;2.2>,<1.2;1.8>,<1.2;1.5>,<1;1.3>,<1.5;2.2>,731,<0.7;0.9>,<4;5>,<7;10>,<1.5;2.2>,<1.2;1.8>,<1.2;1.5>,<1;1.3>,<1.5;2.2>,1911,<0.7;0.9>,<4;5>,<7;10>,<1.5;2.2>,<1.2;1.8>,<1.2;1.5>,<1;1.3>,<1.5;2.2>,3171,<0.7;0.9>,<4;5>,<7;10>,<1.5;2.2>,<1.2;1.8>,<1.2;1.5>,<1;1.3>,<1.5;2.2>,163,<0.6;0.8>,<4;5>,<6;9>,<1.2;2>,<1.2;1.8>,<1.2;1.5>,<1;1.3>,<1.2;2>,493,<0.6;0.8>,<4;5>,<6;9>,<1.2;1.8>,<1.2;1.8>,<1;1.3>,<1;1.3>,<1.2;1.8>,1241,<0.6;0.8>,<4;5>,<6;9>,<1.2;1.8>,<1.2;1.8>,<1;1.3>,<1;1.3>,<1.2;1.8>,2963,<0.6;0.8>,<4;5>,<6;9>,<1.2;1.8>,<1.2;1.8>,<1;1.3>,<1;1.3>,<1.2;1.8>
219,85,242,<0.8;1>,<4;5>,<8;11>,<1.8;2.5>,<1.2;1.8>,<1.3;1.6>,<1;1.3>,<1.8;2.5>,1381,<0.7;0.9>,<4;5>,<7;10>,<1.5;2.2>,<1.2;1.8>,<1.2;1.5>,<1;1.3>,<1.5;2.2>,3432,<0.7;0.9>,<4;5>,<7;10>,<1.5;2.2>,<1.2;1.8>,<1.2;1.5>,<1;1.3>,<1.5;2.2>,1221,<0.7;0.9>,<4;5>,<7;10>,<1.5;2.2>,<1.2;1.8>,<1.2;1.5>,<1;1.3>,<1.5;2.2>,2023,<0.7;0.9>,<4;5>,<7;10>,<1.5;2.2>,<1.2;1.8>,<1.2;1.5>,<1;1.3>,<1.5;2.2>,3303,<0.7;0.9>,<4;5>,<7;10>,<1.5;2.2>,<1.2;1.8>,<1.2;1.5>,<1;1.3>,<1.5;2.2>,242,<0.6;0.8>,<4;5>,<6;9>,<1.2;2>,<1.2;1.8>,<1.2;1.5>,<1;1.3>,<1.2;2>,552,<0.6;0.8>,<4;5>,<6;9>,<1.2;1.8>,<1.2;1.8>,<1;1.3>,<1;1.3>,<1.2;1.8>,1313,<0.6;0.8>,<4;5>,<6;9>,<1.2;1.8>,<1.2;1.8>,<1;1.3>,<1;1.3>,<1.2;1.8>,3283,<0.6;0.8>,<4;5>,<6;9>,<1.2;1.8>,<1.2;1.8>,<1;1.3>,<1;1.3>,<1.2;1.8>
220,85,333,<0.8;1>,<4;5>,<8;11>,<1.8;2.5>,<1.2;1.8>,<1.3;1.6>,<1;1.3>,<1.8;2.5>,1772,<0.7;0.9>,<4;5>,<7;10>,<1.5;2.2>,<1.2;1.8>,<1.2;1.5>,<1;1.3>,<1.5;2.2>,3772,<0.7;0.9>,<4;5>,<7;10>,<1.5;2.2>,<1.2;1.8>,<1.2;1.5>,<1;1.3>,<1.5;2.2>,1903,<0.7;0.9>,<4;5>,<7;10>,<1.5;2.2>,<1.2;1.8>,<1.2;1.5>,<1;1.3>,<1.5;2.2>,2242,<0.7;0.9>,<4;5>,<7;10>,<1.5;2.2>,<1.2;1.8>,<1.2;1.5>,<1;1.3>,<1.5;2.2>,3353,<0.7;0.9>,<4;5>,<7;10>,<1.5;2.2>,<1.2;1.8>,<1.2;1.5>,<1;1.3>,<1.5;2.2>,333,<0.6;0.8>,<4;5>,<6;9>,<1.2;2>,<1.2;1.8>,<1.2;1.5>,<1;1.3>,<1.2;2>,793,<0.6;0.8>,<4;5>,<6;9>,<1.2;1.8>,<1.2;1.8>,<1;1.3>,<1;1.3>,<1.2;1.8>,1393,<0.6;0.8>,<4;5>,<6;9>,<1.2;1.8>,<1.2;1.8>,<1;1.3>,<1;1.3>,<1.2;1.8>,3293,<0.6;0.8>,<4;5>,<6;9>,<1.2;1.8>,<1.2;1.8>,<1;1.3>,<1;1.3>,<1.2;1.8>
221,90,503,<0.8;1>,<5;6>,<9;12>,<1.8;2.5>,<1.2;1.8>,<1.3;1.6>,<1;1.3>,<1.8;2.5>,1813,<0.7;0.9>,<5;6>,<8;11>,<1.5;2.2>,<1.2;1.8>,<1.2;1.5>,<1;1.3>,<1.5;2.2>,13,<0.7;0.9>,<5;6>,<8;11>,<1.5;2.2>,<1.2;1.8>,<1.2;1.5>,<1;1.3>,<1.5;2.2>,1931,<0.7;0.9>,<5;6>,<8;11>,<1.5;2.2>,<1.2;1.8>,<1.2;1.5>,<1;1.3>,<1.5;2.2>,2723,<0.7;0.9>,<5;6>,<8;11>,<1.5;2.2>,<1.2;1.8>,<1.2;1.5>,<1;1.3>,<1.5;2.2>,3673,<0.7;0.9>,<5;6>,<8;11>,<1.5;2.2>,<1.2;1.8>,<1.2;1.5>,<1;1.3>,<1.5;2.2>,503,<0.6;0.8>,<4;5>,<7;10>,<1.2;2>,<1.2;1.8>,<1.2;1.5>,<1;1.3>,<1.2;2>,2013,<0.6;0.8>,<4;5>,<7;10>,<1.2;1.8>,<1.2;1.8>,<1;1.3>,<1;1.3>,<1.2;1.8>,1423,<0.6;0.8>,<4;5>,<7;10>,<1.2;1.8>,<1.2;1.8>,<1;1.3>,<1;1.3>,<1.2;1.8>,3342,<0.6;0.8>,<4;5>,<7;10>,<1.2;1.8>,<1.2;1.8>,<1;1.3>,<1;1.3>,<1.2;1.8>
222,90,593,<0.8;1>,<5;6>,<9;12>,<1.8;2.5>,<1.2;1.8>,<1.3;1.6>,<1;1.3>,<1.8;2.5>,1841,<0.7;0.9>,<5;6>,<8;11>,<1.5;2.2>,<1.2;1.8>,<1.2;1.5>,<1;1.3>,<1.5;2.2>,273,<0.7;0.9>,<5;6>,<8;11>,<1.5;2.2>,<1.2;1.8>,<1.2;1.5>,<1;1.3>,<1.5;2.2>,3543,<0.7;0.9>,<5;6>,<8;11>,<1.5;2.2>,<1.2;1.8>,<1.2;1.5>,<1;1.3>,<1.5;2.2>,3003,<0.7;0.9>,<5;6>,<8;11>,<1.5;2.2>,<1.2;1.8>,<1.2;1.5>,<1;1.3>,<1.5;2.2>,7001,<0.7;0.9>,<5;6>,<8;11>,<1.5;2.2>,<1.2;1.8>,<1.2;1.5>,<1;1.3>,<1.5;2.2>,593,<0.6;0.8>,<4;5>,<7;10>,<1.2;2>,<1.2;1.8>,<1.2;1.5>,<1;1.3>,<1.2;2>,2073,<0.6;0.8>,<4;5>,<7;10>,<1.2;1.8>,<1.2;1.8>,<1;1.3>,<1;1.3>,<1.2;1.8>,1503,<0.6;0.8>,<4;5>,<7;10>,<1.2;1.8>,<1.2;1.8>,<1;1.3>,<1;1.3>,<1.2;1.8>,3472,<0.6;0.8>,<4;5>,<7;10>,<1.2;1.8>,<1.2;1.8>,<1;1.3>,<1;1.3>,<1.2;1.8>
223,90,603,<0.8;1>,<5;6>,<9;12>,<1.8;2.5>,<1.2;1.8>,<1.3;1.6>,<1;1.3>,<1.8;2.5>,1911,<0.7;0.9>,<5;6>,<8;11>,<1.5;2.2>,<1.2;1.8>,<1.2;1.5>,<1;1.3>,<1.5;2.2>,402,<0.7;0.9>,<5;6>,<8;11>,<1.5;2.2>,<1.2;1.8>,<1.2;1.5>,<1;1.3>,<1.5;2.2>,163,<0.7;0.9>,<5;6>,<8;11>,<1.5;2.2>,<1.2;1.8>,<1.2;1.5>,<1;1.3>,<1.5;2.2>,3152,<0.7;0.9>,<5;6>,<8;11>,<1.5;2.2>,<1.2;1.8>,<1.2;1.5>,<1;1.3>,<1.5;2.2>,731,<0.7;0.9>,<5;6>,<8;11>,<1.5;2.2>,<1.2;1.8>,<1.2;1.5>,<1;1.3>,<1.5;2.2>,603,<0.6;0.8>,<4;5>,<7;10>,<1.2;2>,<1.2;1.8>,<1.2;1.5>,<1;1.3>,<1.2;2>,2593,<0.6;0.8>,<4;5>,<7;10>,<1.2;1.8>,<1.2;1.8>,<1;1.3>,<1;1.3>,<1.2;1.8>,1893,<0.6;0.8>,<4;5>,<7;10>,<1.2;1.8>,<1.2;1.8>,<1;1.3>,<1;1.3>,<1.2;1.8>,3511,<0.6;0.8>,<4;5>,<7;10>,<1.2;1.8>,<1.2;1.8>,<1;1.3>,<1;1.3>,<1.2;1.8>
224,90,611,<0.8;1>,<5;6>,<9;12>,<1.8;2.5>,<1.2;1.8>,<1.3;1.6>,<1;1.3>,<1.8;2.5>,2023,<0.7;0.9>,<5;6>,<8;11>,<1.5;2.2>,<1.2;1.8>,<1.2;1.5>,<1;1.3>,<1.5;2.2>,493,<0.7;0.9>,<5;6>,<8;11>,<1.5;2.2>,<1.2;1.8>,<1.2;1.5>,<1;1.3>,<1.5;2.2>,242,<0.7;0.9>,<5;6>,<8;11>,<1.5;2.2>,<1.2;1.8>,<1.2;1.5>,<1;1.3>,<1.5;2.2>,3161,<0.7;0.9>,<5;6>,<8;11>,<1.5;2.2>,<1.2;1.8>,<1.2;1.5>,<1;1.3>,<1.5;2.2>,1221,<0.7;0.9>,<5;6>,<8;11>,<1.5;2.2>,<1.2;1.8>,<1.2;1.5>,<1;1.3>,<1.5;2.2>,611,<0.6;0.8>,<4;5>,<7;10>,<1.2;2>,<1.2;1.8>,<1.2;1.5>,<1;1.3>,<1.2;2>,2612,<0.6;0.8>,<4;5>,<7;10>,<1.2;1.8>,<1.2;1.8>,<1;1.3>,<1;1.3>,<1.2;1.8>,1941,<0.6;0.8>,<4;5>,<7;10>,<1.2;1.8>,<1.2;1.8>,<1;1.3>,<1;1.3>,<1.2;1.8>,3683,<0.6;0.8>,<4;5>,<7;10>,<1.2;1.8>,<1.2;1.8>,<1;1.3>,<1;1.3>,<1.2;1.8>
225,90,631,<0.8;1>,<5;6>,<9;12>,<1.8;2.5>,<1.2;1.8>,<1.3;1.6>,<1;1.3>,<1.8;2.5>,2242,<0.7;0.9>,<5;6>,<8;11>,<1.5;2.2>,<1.2;1.8>,<1.2;1.5>,<1;1.3>,<1.5;2.2>,552,<0.7;0.9>,<5;6>,<8;11>,<1.5;2.2>,<1.2;1.8>,<1.2;1.5>,<1;1.3>,<1.5;2.2>,333,<0.7;0.9>,<5;6>,<8;11>,<1.5;2.2>,<1.2;1.8>,<1.2;1.5>,<1;1.3>,<1.5;2.2>,3181,<0.7;0.9>,<5;6>,<8;11>,<1.5;2.2>,<1.2;1.8>,<1.2;1.5>,<1;1.3>,<1.5;2.2>,1903,<0.7;0.9>,<5;6>,<8;11>,<1.5;2.2>,<1.2;1.8>,<1.2;1.5>,<1;1.3>,<1.5;2.2>,631,<0.6;0.8>,<4;5>,<7;10>,<1.2;2>,<1.2;1.8>,<1.2;1.5>,<1;1.3>,<1.2;2>,2633,<0.6;0.8>,<4;5>,<7;10>,<1.2;1.8>,<1.2;1.8>,<1;1.3>,<1;1.3>,<1.2;1.8>,1951,<0.6;0.8>,<4;5>,<7;10>,<1.2;1.8>,<1.2;1.8>,<1;1.3>,<1;1.3>,<1.2;1.8>,731,<0.6;0.8>,<4;5>,<7;10>,<1.2;1.8>,<1.2;1.8>,<1;1.3>,<1;1.3>,<1.2;1.8>
226,90,641,<0.8;1>,<5;6>,<9;12>,<1.8;2.5>,<1.2;1.8>,<1.3;1.6>,<1;1.3>,<1.8;2.5>,2723,<0.7;0.9>,<5;6>,<8;11>,<1.5;2.2>,<1.2;1.8>,<1.2;1.5>,<1;1.3>,<1.5;2.2>,793,<0.7;0.9>,<5;6>,<8;11>,<1.5;2.2>,<1.2;1.8>,<1.2;1.5>,<1;1.3>,<1.5;2.2>,503,<0.7;0.9>,<5;6>,<8;11>,<1.5;2.2>,<1.2;1.8>,<1.2;1.5>,<1;1.3>,<1.5;2.2>,3251,<0.7;0.9>,<5;6>,<8;11>,<1.5;2.2>,<1.2;1.8>,<1.2;1.5>,<1;1.3>,<1.5;2.2>,1931,<0.7;0.9>,<5;6>,<8;11>,<1.5;2.2>,<1.2;1.8>,<1.2;1.5>,<1;1.3>,<1.5;2.2>,641,<0.6;0.8>,<4;5>,<7;10>,<1.2;2>,<1.2;1.8>,<1.2;1.5>,<1;1.3>,<1.2;2>,2963,<0.6;0.8>,<4;5>,<7;10>,<1.2;1.8>,<1.2;1.8>,<1;1.3>,<1;1.3>,<1.2;1.8>,2233,<0.6;0.8>,<4;5>,<7;10>,<1.2;1.8>,<1.2;1.8>,<1;1.3>,<1;1.3>,<1.2;1.8>,1221,<0.6;0.8>,<4;5>,<7;10>,<1.2;1.8>,<1.2;1.8>,<1;1.3>,<1;1.3>,<1.2;1.8>
227,90,712,<0.8;1>,<5;6>,<9;12>,<1.8;2.5>,<1.2;1.8>,<1.3;1.6>,<1;1.3>,<1.8;2.5>,3003,<0.7;0.9>,<5;6>,<8;11>,<1.5;2.2>,<1.2;1.8>,<1.2;1.5>,<1;1.3>,<1.5;2.2>,2013,<0.7;0.9>,<5;6>,<8;11>,<1.5;2.2>,<1.2;1.8>,<1.2;1.5>,<1;1.3>,<1.5;2.2>,593,<0.7;0.9>,<5;6>,<8;11>,<1.5;2.2>,<1.2;1.8>,<1.2;1.5>,<1;1.3>,<1.5;2.2>,3592,<0.7;0.9>,<5;6>,<8;11>,<1.5;2.2>,<1.2;1.8>,<1.2;1.5>,<1;1.3>,<1.5;2.2>,3543,<0.7;0.9>,<5;6>,<8;11>,<1.5;2.2>,<1.2;1.8>,<1.2;1.5>,<1;1.3>,<1.5;2.2>,712,<0.6;0.8>,<4;5>,<7;10>,<1.2;2>,<1.2;1.8>,<1.2;1.5>,<1;1.3>,<1.2;2>,3283,<0.6;0.8>,<4;5>,<7;10>,<1.2;1.8>,<1.2;1.8>,<1;1.3>,<1;1.3>,<1.2;1.8>,2401,<0.6;0.8>,<4;5>,<7;10>,<1.2;1.8>,<1.2;1.8>,<1;1.3>,<1;1.3>,<1.2;1.8>,1903,<0.6;0.8>,<4;5>,<7;10>,<1.2;1.8>,<1.2;1.8>,<1;1.3>,<1;1.3>,<1.2;1.8>
228,90,741,<0.8;1>,<5;6>,<9;12>,<1.8;2.5>,<1.2;1.8>,<1.3;1.6>,<1;1.3>,<1.8;2.5>,3152,<0.7;0.9>,<5;6>,<8;11>,<1.5;2.2>,<1.2;1.8>,<1.2;1.5>,<1;1.3>,<1.5;2.2>,2073,<0.7;0.9>,<5;6>,<8;11>,<1.5;2.2>,<1.2;1.8>,<1.2;1.5>,<1;1.3>,<1.5;2.2>,603,<0.7;0.9>,<5;6>,<8;11>,<1.5;2.2>,<1.2;1.8>,<1.2;1.5>,<1;1.3>,<1.5;2.2>,3663,<0.7;0.9>,<5;6>,<8;11>,<1.5;2.2>,<1.2;1.8>,<1.2;1.5>,<1;1.3>,<1.5;2.2>,163,<0.7;0.9>,<5;6>,<8;11>,<1.5;2.2>,<1.2;1.8>,<1.2;1.5>,<1;1.3>,<1.5;2.2>,741,<0.6;0.8>,<4;5>,<7;10>,<1.2;2>,<1.2;1.8>,<1.2;1.5>,<1;1.3>,<1.2;2>,3293,<0.6;0.8>,<4;5>,<7;10>,<1.2;1.8>,<1.2;1.8>,<1;1.3>,<1;1.3>,<1.2;1.8>,2493,<0.6;0.8>,<4;5>,<7;10>,<1.2;1.8>,<1.2;1.8>,<1;1.3>,<1;1.3>,<1.2;1.8>,1931,<0.6;0.8>,<4;5>,<7;10>,<1.2;1.8>,<1.2;1.8>,<1;1.3>,<1;1.3>,<1.2;1.8>
229,90,863,<0.8;1>,<5;6>,<9;12>,<1.8;2.5>,<1.2;1.8>,<1.3;1.6>,<1;1.3>,<1.8;2.5>,3161,<0.7;0.9>,<5;6>,<8;11>,<1.5;2.2>,<1.2;1.8>,<1.2;1.5>,<1;1.3>,<1.5;2.2>,2593,<0.7;0.9>,<5;6>,<8;11>,<1.5;2.2>,<1.2;1.8>,<1.2;1.5>,<1;1.3>,<1.5;2.2>,611,<0.7;0.9>,<5;6>,<8;11>,<1.5;2.2>,<1.2;1.8>,<1.2;1.5>,<1;1.3>,<1.5;2.2>,263,<0.7;0.9>,<5;6>,<8;11>,<1.5;2.2>,<1.2;1.8>,<1.2;1.5>,<1;1.3>,<1.5;2.2>,242,<0.7;0.9>,<5;6>,<8;11>,<1.5;2.2>,<1.2;1.8>,<1.2;1.5>,<1;1.3>,<1.5;2.2>,863,<0.6;0.8>,<4;5>,<7;10>,<1.2;2>,<1.2;1.8>,<1.2;1.5>,<1;1.3>,<1.2;2>,3342,<0.6;0.8>,<4;5>,<7;10>,<1.2;1.8>,<1.2;1.8>,<1;1.3>,<1;1.3>,<1.2;1.8>,3021,<0.6;0.8>,<4;5>,<7;10>,<1.2;1.8>,<1.2;1.8>,<1;1.3>,<1;1.3>,<1.2;1.8>,3543,<0.6;0.8>,<4;5>,<7;10>,<1.2;1.8>,<1.2;1.8>,<1;1.3>,<1;1.3>,<1.2;1.8>
230,90,883,<0.8;1>,<5;6>,<9;12>,<1.8;2.5>,<1.2;1.8>,<1.3;1.6>,<1;1.3>,<1.8;2.5>,3181,<0.7;0.9>,<5;6>,<8;11>,<1.5;2.2>,<1.2;1.8>,<1.2;1.5>,<1;1.3>,<1.5;2.2>,2612,<0.7;0.9>,<5;6>,<8;11>,<1.5;2.2>,<1.2;1.8>,<1.2;1.5>,<1;1.3>,<1.5;2.2>,631,<0.7;0.9>,<5;6>,<8;11>,<1.5;2.2>,<1.2;1.8>,<1.2;1.5>,<1;1.3>,<1.5;2.2>,393,<0.7;0.9>,<5;6>,<8;11>,<1.5;2.2>,<1.2;1.8>,<1.2;1.5>,<1;1.3>,<1.5;2.2>,333,<0.7;0.9>,<5;6>,<8;11>,<1.5;2.2>,<1.2;1.8>,<1.2;1.5>,<1;1.3>,<1.5;2.2>,883,<0.6;0.8>,<4;5>,<7;10>,<1.2;2>,<1.2;1.8>,<1.2;1.5>,<1;1.3>,<1.2;2>,3472,<0.6;0.8>,<4;5>,<7;10>,<1.2;1.8>,<1.2;1.8>,<1;1.3>,<1;1.3>,<1.2;1.8>,3143,<0.6;0.8>,<4;5>,<7;10>,<1.2;1.8>,<1.2;1.8>,<1;1.3>,<1;1.3>,<1.2;1.8>,163,<0.6;0.8>,<4;5>,<7;10>,<1.2;1.8>,<1.2;1.8>,<1;1.3>,<1;1.3>,<1.2;1.8>
231,90,1082,<0.8;1>,<5;6>,<9;12>,<1.8;2.5>,<1.2;1.8>,<1.3;1.6>,<1;1.3>,<1.8;2.5>,3251,<0.7;0.9>,<5;6>,<8;11>,<1.5;2.2>,<1.2;1.8>,<1.2;1.5>,<1;1.3>,<1.5;2.2>,2633,<0.7;0.9>,<5;6>,<8;11>,<1.5;2.2>,<1.2;1.8>,<1.2;1.5>,<1;1.3>,<1.5;2.2>,641,<0.7;0.9>,<5;6>,<8;11>,<1.5;2.2>,<1.2;1.8>,<1.2;1.5>,<1;1.3>,<1.5;2.2>,572,<0.7;0.9>,<5;6>,<8;11>,<1.5;2.2>,<1.2;1.8>,<1.2;1.5>,<1;1.3>,<1.5;2.2>,503,<0.7;0.9>,<5;6>,<8;11>,<1.5;2.2>,<1.2;1.8>,<1.2;1.5>,<1;1.3>,<1.5;2.2>,1082,<0.6;0.8>,<4;5>,<7;10>,<1.2;2>,<1.2;1.8>,<1.2;1.5>,<1;1.3>,<1.2;2>,3511,<0.6;0.8>,<4;5>,<7;10>,<1.2;1.8>,<1.2;1.8>,<1;1.3>,<1;1.3>,<1.2;1.8>,3171,<0.6;0.8>,<4;5>,<7;10>,<1.2;1.8>,<1.2;1.8>,<1;1.3>,<1;1.3>,<1.2;1.8>,242,<0.6;0.8>,<4;5>,<7;10>,<1.2;1.8>,<1.2;1.8>,<1;1.3>,<1;1.3>,<1.2;1.8>
232,90,1293,<0.8;1>,<5;6>,<9;12>,<1.8;2.5>,<1.2;1.8>,<1.3;1.6>,<1;1.3>,<1.8;2.5>,3592,<0.7;0.9>,<5;6>,<8;11>,<1.5;2.2>,<1.2;1.8>,<1.2;1.5>,<1;1.3>,<1.5;2.2>,2963,<0.7;0.9>,<5;6>,<8;11>,<1.5;2.2>,<1.2;1.8>,<1.2;1.5>,<1;1.3>,<1.5;2.2>,712,<0.7;0.9>,<5;6>,<8;11>,<1.5;2.2>,<1.2;1.8>,<1.2;1.5>,<1;1.3>,<1.5;2.2>,701,<0.7;0.9>,<5;6>,<8;11>,<1.5;2.2>,<1.2;1.8>,<1.2;1.5>,<1;1.3>,<1.5;2.2>,593,<0.7;0.9>,<5;6>,<8;11>,<1.5;2.2>,<1.2;1.8>,<1.2;1.5>,<1;1.3>,<1.5;2.2>,1293,<0.6;0.8>,<4;5>,<7;10>,<1.2;2>,<1.2;1.8>,<1.2;1.5>,<1;1.3>,<1.2;2>,3683,<0.6;0.8>,<4;5>,<7;10>,<1.2;1.8>,<1.2;1.8>,<1;1.3>,<1;1.3>,<1.2;1.8>,3303,<0.6;0.8>,<4;5>,<7;10>,<1.2;1.8>,<1.2;1.8>,<1;1.3>,<1;1.3>,<1.2;1.8>,333,<0.6;0.8>,<4;5>,<7;10>,<1.2;1.8>,<1.2;1.8>,<1;1.3>,<1;1.3>,<1.2;1.8>
233,90,1612,<0.8;1>,<5;6>,<9;12>,<1.8;2.5>,<1.2;1.8>,<1.3;1.6>,<1;1.3>,<1.8;2.5>,3663,<0.7;0.9>,<5;6>,<8;11>,<1.5;2.2>,<1.2;1.8>,<1.2;1.5>,<1;1.3>,<1.5;2.2>,3283,<0.7;0.9>,<5;6>,<8;11>,<1.5;2.2>,<1.2;1.8>,<1.2;1.5>,<1;1.3>,<1.5;2.2>,741,<0.7;0.9>,<5;6>,<8;11>,<1.5;2.2>,<1.2;1.8>,<1.2;1.5>,<1;1.3>,<1.5;2.2>,721,<0.7;0.9>,<5;6>,<8;11>,<1.5;2.2>,<1.2;1.8>,<1.2;1.5>,<1;1.3>,<1.5;2.2>,603,<0.7;0.9>,<5;6>,<8;11>,<1.5;2.2>,<1.2;1.8>,<1.2;1.5>,<1;1.3>,<1.5;2.2>,1612,<0.6;0.8>,<4;5>,<7;10>,<1.2;2>,<1.2;1.8>,<1.2;1.5>,<1;1.3>,<1.2;2>,731,<0.6;0.8>,<4;5>,<7;10>,<1.2;1.8>,<1.2;1.8>,<1;1.3>,<1;1.3>,<1.2;1.8>,3353,<0.6;0.8>,<4;5>,<7;10>,<1.2;1.8>,<1.2;1.8>,<1;1.3>,<1;1.3>,<1.2;1.8>,503,<0.6;0.8>,<4;5>,<7;10>,<1.2;1.8>,<1.2;1.8>,<1;1.3>,<1;1.3>,<1.2;1.8>
234,90,2033,<0.8;1>,<5;6>,<9;12>,<1.8;2.5>,<1.2;1.8>,<1.3;1.6>,<1;1.3>,<1.8;2.5>,263,<0.7;0.9>,<5;6>,<8;11>,<1.5;2.2>,<1.2;1.8>,<1.2;1.5>,<1;1.3>,<1.5;2.2>,3293,<0.7;0.9>,<5;6>,<8;11>,<1.5;2.2>,<1.2;1.8>,<1.2;1.5>,<1;1.3>,<1.5;2.2>,863,<0.7;0.9>,<5;6>,<8;11>,<1.5;2.2>,<1.2;1.8>,<1.2;1.5>,<1;1.3>,<1.5;2.2>,771,<0.7;0.9>,<5;6>,<8;11>,<1.5;2.2>,<1.2;1.8>,<1.2;1.5>,<1;1.3>,<1.5;2.2>,611,<0.7;0.9>,<5;6>,<8;11>,<1.5;2.2>,<1.2;1.8>,<1.2;1.5>,<1;1.3>,<1.5;2.2>,2033,<0.6;0.8>,<4;5>,<7;10>,<1.2;2>,<1.2;1.8>,<1.2;1.5>,<1;1.3>,<1.2;2>,1221,<0.6;0.8>,<4;5>,<7;10>,<1.2;1.8>,<1.2;1.8>,<1;1.3>,<1;1.3>,<1.2;1.8>,3673,<0.6;0.8>,<4;5>,<7;10>,<1.2;1.8>,<1.2;1.8>,<1;1.3>,<1;1.3>,<1.2;1.8>,593,<0.6;0.8>,<4;5>,<7;10>,<1.2;1.8>,<1.2;1.8>,<1;1.3>,<1;1.3>,<1.2;1.8>
235,90,972,<0.8;1>,<5;6>,<9;12>,<1.8;2.5>,<1.2;1.8>,<1.3;1.6>,<1;1.3>,<1.8;2.5>,393,<0.7;0.9>,<5;6>,<8;11>,<1.5;2.2>,<1.2;1.8>,<1.2;1.5>,<1;1.3>,<1.5;2.2>,3342,<0.7;0.9>,<5;6>,<8;11>,<1.5;2.2>,<1.2;1.8>,<1.2;1.5>,<1;1.3>,<1.5;2.2>,883,<0.7;0.9>,<5;6>,<8;11>,<1.5;2.2>,<1.2;1.8>,<1.2;1.5>,<1;1.3>,<1.5;2.2>,1231,<0.7;0.9>,<5;6>,<8;11>,<1.5;2.2>,<1.2;1.8>,<1.2;1.5>,<1;1.3>,<1.5;2.2>,631,<0.7;0.9>,<5;6>,<8;11>,<1.5;2.2>,<1.2;1.8>,<1.2;1.5>,<1;1.3>,<1.5;2.2>,972,<0.6;0.8>,<4;5>,<7;10>,<1.2;2>,<1.2;1.8>,<1.2;1.5>,<1;1.3>,<1.2;2>,1903,<0.6;0.8>,<4;5>,<7;10>,<1.2;1.8>,<1.2;1.8>,<1;1.3>,<1;1.3>,<1.2;1.8>,7001,<0.6;0.8>,<4;5>,<7;10>,<1.2;1.8>,<1.2;1.8>,<1;1.3>,<1;1.3>,<1.2;1.8>,603,<0.6;0.8>,<4;5>,<7;10>,<1.2;1.8>,<1.2;1.8>,<1;1.3>,<1;1.3>,<1.2;1.8>
236,90,1032,<0.8;1>,<5;6>,<9;12>,<1.8;2.5>,<1.2;1.8>,<1.3;1.6>,<1;1.3>,<1.8;2.5>,572,<0.7;0.9>,<5;6>,<8;11>,<1.5;2.2>,<1.2;1.8>,<1.2;1.5>,<1;1.3>,<1.5;2.2>,3472,<0.7;0.9>,<5;6>,<8;11>,<1.5;2.2>,<1.2;1.8>,<1.2;1.5>,<1;1.3>,<1.5;2.2>,1082,<0.7;0.9>,<5;6>,<8;11>,<1.5;2.2>,<1.2;1.8>,<1.2;1.5>,<1;1.3>,<1.5;2.2>,1241,<0.7;0.9>,<5;6>,<8;11>,<1.5;2.2>,<1.2;1.8>,<1.2;1.5>,<1;1.3>,<1.5;2.2>,641,<0.7;0.9>,<5;6>,<8;11>,<1.5;2.2>,<1.2;1.8>,<1.2;1.5>,<1;1.3>,<1.5;2.2>,1032,<0.6;0.8>,<4;5>,<7;10>,<1.2;2>,<1.2;1.8>,<1.2;1.5>,<1;1.3>,<1.2;2>,1931,<0.6;0.8>,<4;5>,<7;10>,<1.2;1.8>,<1.2;1.8>,<1;1.3>,<1;1.3>,<1.2;1.8>,44,<0.6;0.8>,<4;5>,<7;10>,<1.2;1.8>,<1.2;1.8>,<1;1.3>,<1;1.3>,<1.2;1.8>,611,<0.6;0.8>,<4;5>,<7;10>,<1.2;1.8>,<1.2;1.8>,<1;1.3>,<1;1.3>,<1.2;1.8>
237,90,1071,<0.8;1>,<5;6>,<9;12>,<1.8;2.5>,<1.2;1.8>,<1.3;1.6>,<1;1.3>,<1.8;2.5>,701,<0.7;0.9>,<5;6>,<8;11>,<1.5;2.2>,<1.2;1.8>,<1.2;1.5>,<1;1.3>,<1.5;2.2>,3511,<0.7;0.9>,<5;6>,<8;11>,<1.5;2.2>,<1.2;1.8>,<1.2;1.5>,<1;1.3>,<1.5;2.2>,1293,<0.7;0.9>,<5;6>,<8;11>,<1.5;2.2>,<1.2;1.8>,<1.2;1.5>,<1;1.3>,<1.5;2.2>,1313,<0.7;0.9>,<5;6>,<8;11>,<1.5;2.2>,<1.2;1.8>,<1.2;1.5>,<1;1.3>,<1.5;2.2>,712,<0.7;0.9>,<5;6>,<8;11>,<1.5;2.2>,<1.2;1.8>,<1.2;1.5>,<1;1.3>,<1.5;2.2>,1071,<0.6;0.8>,<4;5>,<7;10>,<1.2;2>,<1.2;1.8>,<1.2;1.5>,<1;1.3>,<1.2;2>,3543,<0.6;0.8>,<4;5>,<7;10>,<1.2;1.8>,<1.2;1.8>,<1;1.3>,<1;1.3>,<1.2;1.8>,53,<0.6;0.8>,<4;5>,<7;10>,<1.2;1.8>,<1.2;1.8>,<1;1.3>,<1;1.3>,<1.2;1.8>,631,<0.6;0.8>,<4;5>,<7;10>,<1.2;1.8>,<1.2;1.8>,<1;1.3>,<1;1.3>,<1.2;1.8>
238,90,1253,<0.8;1>,<5;6>,<9;12>,<1.8;2.5>,<1.2;1.8>,<1.3;1.6>,<1;1.3>,<1.8;2.5>,721,<0.7;0.9>,<5;6>,<8;11>,<1.5;2.2>,<1.2;1.8>,<1.2;1.5>,<1;1.3>,<1.5;2.2>,3683,<0.7;0.9>,<5;6>,<8;11>,<1.5;2.2>,<1.2;1.8>,<1.2;1.5>,<1;1.3>,<1.5;2.2>,1612,<0.7;0.9>,<5;6>,<8;11>,<1.5;2.2>,<1.2;1.8>,<1.2;1.5>,<1;1.3>,<1.5;2.2>,1393,<0.7;0.9>,<5;6>,<8;11>,<1.5;2.2>,<1.2;1.8>,<1.2;1.5>,<1;1.3>,<1.5;2.2>,741,<0.7;0.9>,<5;6>,<8;11>,<1.5;2.2>,<1.2;1.8>,<1.2;1.5>,<1;1.3>,<1.5;2.2>,1253,<0.6;0.8>,<4;5>,<7;10>,<1.2;2>,<1.2;1.8>,<1.2;1.5>,<1;1.3>,<1.2;2>,163,<0.6;0.8>,<4;5>,<7;10>,<1.2;1.8>,<1.2;1.8>,<1;1.3>,<1;1.3>,<1.2;1.8>,82,<0.6;0.8>,<4;5>,<7;10>,<1.2;1.8>,<1.2;1.8>,<1;1.3>,<1;1.3>,<1.2;1.8>,641,<0.6;0.8>,<4;5>,<7;10>,<1.2;1.8>,<1.2;1.8>,<1;1.3>,<1;1.3>,<1.2;1.8>
239,90,1303,<0.8;1>,<5;6>,<9;12>,<1.8;2.5>,<1.2;1.8>,<1.3;1.6>,<1;1.3>,<1.8;2.5>,771,<0.7;0.9>,<5;6>,<8;11>,<1.5;2.2>,<1.2;1.8>,<1.2;1.5>,<1;1.3>,<1.5;2.2>,731,<0.7;0.9>,<5;6>,<8;11>,<1.5;2.2>,<1.2;1.8>,<1.2;1.5>,<1;1.3>,<1.5;2.2>,2033,<0.7;0.9>,<5;6>,<8;11>,<1.5;2.2>,<1.2;1.8>,<1.2;1.5>,<1;1.3>,<1.5;2.2>,1423,<0.7;0.9>,<5;6>,<8;11>,<1.5;2.2>,<1.2;1.8>,<1.2;1.5>,<1;1.3>,<1.5;2.2>,863,<0.7;0.9>,<5;6>,<8;11>,<1.5;2.2>,<1.2;1.8>,<1.2;1.5>,<1;1.3>,<1.5;2.2>,1303,<0.6;0.8>,<4;5>,<7;10>,<1.2;2>,<1.2;1.8>,<1.2;1.5>,<1;1.3>,<1.2;2>,242,<0.6;0.8>,<4;5>,<7;10>,<1.2;1.8>,<1.2;1.8>,<1;1.3>,<1;1.3>,<1.2;1.8>,692,<0.6;0.8>,<4;5>,<7;10>,<1.2;1.8>,<1.2;1.8>,<1;1.3>,<1;1.3>,<1.2;1.8>,712,<0.6;0.8>,<4;5>,<7;10>,<1.2;1.8>,<1.2;1.8>,<1;1.3>,<1;1.3>,<1.2;1.8>
240,90,1381,<0.8;1>,<5;6>,<9;12>,<1.8;2.5>,<1.2;1.8>,<1.3;1.6>,<1;1.3>,<1.8;2.5>,1231,<0.7;0.9>,<5;6>,<8;11>,<1.5;2.2>,<1.2;1.8>,<1.2;1.5>,<1;1.3>,<1.5;2.2>,1221,<0.7;0.9>,<5;6>,<8;11>,<1.5;2.2>,<1.2;1.8>,<1.2;1.5>,<1;1.3>,<1.5;2.2>,972,<0.7;0.9>,<5;6>,<8;11>,<1.5;2.2>,<1.2;1.8>,<1.2;1.5>,<1;1.3>,<1.5;2.2>,1503,<0.7;0.9>,<5;6>,<8;11>,<1.5;2.2>,<1.2;1.8>,<1.2;1.5>,<1;1.3>,<1.5;2.2>,883,<0.7;0.9>,<5;6>,<8;11>,<1.5;2.2>,<1.2;1.8>,<1.2;1.5>,<1;1.3>,<1.5;2.2>,1381,<0.6;0.8>,<4;5>,<7;10>,<1.2;2>,<1.2;1.8>,<1.2;1.5>,<1;1.3>,<1.2;2>,333,<0.6;0.8>,<4;5>,<7;10>,<1.2;1.8>,<1.2;1.8>,<1;1.3>,<1;1.3>,<1.2;1.8>,2683,<0.6;0.8>,<4;5>,<7;10>,<1.2;1.8>,<1.2;1.8>,<1;1.3>,<1;1.3>,<1.2;1.8>,741,<0.6;0.8>,<4;5>,<7;10>,<1.2;1.8>,<1.2;1.8>,<1;1.3>,<1;1.3>,<1.2;1.8>
241,95,1772,<0.8;1>,<5;6>,<9;12>,<1.8;2.5>,<1.2;1.8>,<1.3;1.6>,<1;1.3>,<1.8;2.5>,1241,<0.7;0.9>,<5;6>,<8;11>,<1.5;2.2>,<1.2;1.8>,<1.2;1.5>,<1;1.3>,<1.5;2.2>,1903,<0.7;0.9>,<5;6>,<8;11>,<1.5;2.2>,<1.2;1.8>,<1.2;1.5>,<1;1.3>,<1.5;2.2>,1032,<0.7;0.9>,<5;6>,<8;11>,<1.5;2.2>,<1.2;1.8>,<1.2;1.5>,<1;1.3>,<1.5;2.2>,1893,<0.7;0.9>,<5;6>,<8;11>,<1.5;2.2>,<1.2;1.8>,<1.2;1.5>,<1;1.3>,<1.5;2.2>,1082,<0.7;0.9>,<5;6>,<8;11>,<1.5;2.2>,<1.2;1.8>,<1.2;1.5>,<1;1.3>,<1.5;2.2>,1772,<0.6;0.8>,<5;6>,<7;10>,<1.2;2>,<1.2;1.8>,<1.2;1.5>,<1;1.3>,<1.2;2>,503,<0.6;0.8>,<5;6>,<7;10>,<1.2;1.8>,<1.2;1.8>,<1;1.3>,<1;1.3>,<1.2;1.8>,2843,<0.6;0.8>,<5;6>,<7;10>,<1.2;1.8>,<1.2;1.8>,<1;1.3>,<1;1.3>,<1.2;1.8>,863,<0.6;0.8>,<5;6>,<7;10>,<1.2;1.8>,<1.2;1.8>,<1;1.3>,<1;1.3>,<1.2;1.8>
242,95,1813,<0.8;1>,<5;6>,<9;12>,<1.8;2.5>,<1.2;1.8>,<1.3;1.6>,<1;1.3>,<1.8;2.5>,1313,<0.7;0.9>,<5;6>,<8;11>,<1.5;2.2>,<1.2;1.8>,<1.2;1.5>,<1;1.3>,<1.5;2.2>,1931,<0.7;0.9>,<5;6>,<8;11>,<1.5;2.2>,<1.2;1.8>,<1.2;1.5>,<1;1.3>,<1.5;2.2>,1071,<0.7;0.9>,<5;6>,<8;11>,<1.5;2.2>,<1.2;1.8>,<1.2;1.5>,<1;1.3>,<1.5;2.2>,1941,<0.7;0.9>,<5;6>,<8;11>,<1.5;2.2>,<1.2;1.8>,<1.2;1.5>,<1;1.3>,<1.5;2.2>,1293,<0.7;0.9>,<5;6>,<8;11>,<1.5;2.2>,<1.2;1.8>,<1.2;1.5>,<1;1.3>,<1.5;2.2>,1813,<0.6;0.8>,<5;6>,<7;10>,<1.2;2>,<1.2;1.8>,<1.2;1.5>,<1;1.3>,<1.2;2>,593,<0.6;0.8>,<5;6>,<7;10>,<1.2;1.8>,<1.2;1.8>,<1;1.3>,<1;1.3>,<1.2;1.8>,3432,<0.6;0.8>,<5;6>,<7;10>,<1.2;1.8>,<1.2;1.8>,<1;1.3>,<1;1.3>,<1.2;1.8>,883,<0.6;0.8>,<5;6>,<7;10>,<1.2;1.8>,<1.2;1.8>,<1;1.3>,<1;1.3>,<1.2;1.8>
243,95,1841,<0.8;1>,<5;6>,<9;12>,<1.8;2.5>,<1.2;1.8>,<1.3;1.6>,<1;1.3>,<1.8;2.5>,1393,<0.7;0.9>,<5;6>,<8;11>,<1.5;2.2>,<1.2;1.8>,<1.2;1.5>,<1;1.3>,<1.5;2.2>,3543,<0.7;0.9>,<5;6>,<8;11>,<1.5;2.2>,<1.2;1.8>,<1.2;1.5>,<1;1.3>,<1.5;2.2>,1253,<0.7;0.9>,<5;6>,<8;11>,<1.5;2.2>,<1.2;1.8>,<1.2;1.5>,<1;1.3>,<1.5;2.2>,1951,<0.7;0.9>,<5;6>,<8;11>,<1.5;2.2>,<1.2;1.8>,<1.2;1.5>,<1;1.3>,<1.5;2.2>,1612,<0.7;0.9>,<5;6>,<8;11>,<1.5;2.2>,<1.2;1.8>,<1.2;1.5>,<1;1.3>,<1.5;2.2>,1841,<0.6;0.8>,<5;6>,<7;10>,<1.2;2>,<1.2;1.8>,<1.2;1.5>,<1;1.3>,<1.2;2>,603,<0.6;0.8>,<5;6>,<7;10>,<1.2;1.8>,<1.2;1.8>,<1;1.3>,<1;1.3>,<1.2;1.8>,3772,<0.6;0.8>,<5;6>,<7;10>,<1.2;1.8>,<1.2;1.8>,<1;1.3>,<1;1.3>,<1.2;1.8>,1082,<0.6;0.8>,<5;6>,<7;10>,<1.2;1.8>,<1.2;1.8>,<1;1.3>,<1;1.3>,<1.2;1.8>
244,95,1911,<0.8;1>,<5;6>,<9;12>,<1.8;2.5>,<1.2;1.8>,<1.3;1.6>,<1;1.3>,<1.8;2.5>,1423,<0.7;0.9>,<5;6>,<8;11>,<1.5;2.2>,<1.2;1.8>,<1.2;1.5>,<1;1.3>,<1.5;2.2>,163,<0.7;0.9>,<5;6>,<8;11>,<1.5;2.2>,<1.2;1.8>,<1.2;1.5>,<1;1.3>,<1.5;2.2>,1303,<0.7;0.9>,<5;6>,<8;11>,<1.5;2.2>,<1.2;1.8>,<1.2;1.5>,<1;1.3>,<1.5;2.2>,2233,<0.7;0.9>,<5;6>,<8;11>,<1.5;2.2>,<1.2;1.8>,<1.2;1.5>,<1;1.3>,<1.5;2.2>,2033,<0.7;0.9>,<5;6>,<8;11>,<1.5;2.2>,<1.2;1.8>,<1.2;1.5>,<1;1.3>,<1.5;2.2>,1911,<0.6;0.8>,<5;6>,<7;10>,<1.2;2>,<1.2;1.8>,<1.2;1.5>,<1;1.3>,<1.2;2>,611,<0.6;0.8>,<5;6>,<7;10>,<1.2;1.8>,<1.2;1.8>,<1;1.3>,<1;1.3>,<1.2;1.8>,13,<0.6;0.8>,<5;6>,<7;10>,<1.2;1.8>,<1.2;1.8>,<1;1.3>,<1;1.3>,<1.2;1.8>,1293,<0.6;0.8>,<5;6>,<7;10>,<1.2;1.8>,<1.2;1.8>,<1;1.3>,<1;1.3>,<1.2;1.8>
245,95,2023,<0.8;1>,<5;6>,<9;12>,<1.8;2.5>,<1.2;1.8>,<1.3;1.6>,<1;1.3>,<1.8;2.5>,1503,<0.7;0.9>,<5;6>,<8;11>,<1.5;2.2>,<1.2;1.8>,<1.2;1.5>,<1;1.3>,<1.5;2.2>,242,<0.7;0.9>,<5;6>,<8;11>,<1.5;2.2>,<1.2;1.8>,<1.2;1.5>,<1;1.3>,<1.5;2.2>,1381,<0.7;0.9>,<5;6>,<8;11>,<1.5;2.2>,<1.2;1.8>,<1.2;1.5>,<1;1.3>,<1.5;2.2>,2401,<0.7;0.9>,<5;6>,<8;11>,<1.5;2.2>,<1.2;1.8>,<1.2;1.5>,<1;1.3>,<1.5;2.2>,972,<0.7;0.9>,<5;6>,<8;11>,<1.5;2.2>,<1.2;1.8>,<1.2;1.5>,<1;1.3>,<1.5;2.2>,2023,<0.6;0.8>,<5;6>,<7;10>,<1.2;2>,<1.2;1.8>,<1.2;1.5>,<1;1.3>,<1.2;2>,631,<0.6;0.8>,<5;6>,<7;10>,<1.2;1.8>,<1.2;1.8>,<1;1.3>,<1;1.3>,<1.2;1.8>,273,<0.6;0.8>,<5;6>,<7;10>,<1.2;1.8>,<1.2;1.8>,<1;1.3>,<1;1.3>,<1.2;1.8>,1612,<0.6;0.8>,<5;6>,<7;10>,<1.2;1.8>,<1.2;1.8>,<1;1.3>,<1;1.3>,<1.2;1.8>
246,95,2242,<0.8;1>,<5;6>,<9;12>,<1.8;2.5>,<1.2;1.8>,<1.3;1.6>,<1;1.3>,<1.8;2.5>,1893,<0.7;0.9>,<5;6>,<8;11>,<1.5;2.2>,<1.2;1.8>,<1.2;1.5>,<1;1.3>,<1.5;2.2>,333,<0.7;0.9>,<5;6>,<8;11>,<1.5;2.2>,<1.2;1.8>,<1.2;1.5>,<1;1.3>,<1.5;2.2>,1772,<0.7;0.9>,<5;6>,<8;11>,<1.5;2.2>,<1.2;1.8>,<1.2;1.5>,<1;1.3>,<1.5;2.2>,2493,<0.7;0.9>,<5;6>,<8;11>,<1.5;2.2>,<1.2;1.8>,<1.2;1.5>,<1;1.3>,<1.5;2.2>,1032,<0.7;0.9>,<5;6>,<8;11>,<1.5;2.2>,<1.2;1.8>,<1.2;1.5>,<1;1.3>,<1.5;2.2>,2242,<0.6;0.8>,<5;6>,<7;10>,<1.2;2>,<1.2;1.8>,<1.2;1.5>,<1;1.3>,<1.2;2>,641,<0.6;0.8>,<5;6>,<7;10>,<1.2;1.8>,<1.2;1.8>,<1;1.3>,<1;1.3>,<1.2;1.8>,402,<0.6;0.8>,<5;6>,<7;10>,<1.2;1.8>,<1.2;1.8>,<1;1.3>,<1;1.3>,<1.2;1.8>,2033,<0.6;0.8>,<5;6>,<7;10>,<1.2;1.8>,<1.2;1.8>,<1;1.3>,<1;1.3>,<1.2;1.8>
247,95,2723,<0.8;1>,<5;6>,<9;12>,<1.8;2.5>,<1.2;1.8>,<1.3;1.6>,<1;1.3>,<1.8;2.5>,1941,<0.7;0.9>,<5;6>,<8;11>,<1.5;2.2>,<1.2;1.8>,<1.2;1.5>,<1;1.3>,<1.5;2.2>,503,<0.7;0.9>,<5;6>,<8;11>,<1.5;2.2>,<1.2;1.8>,<1.2;1.5>,<1;1.3>,<1.5;2.2>,1813,<0.7;0.9>,<5;6>,<8;11>,<1.5;2.2>,<1.2;1.8>,<1.2;1.5>,<1;1.3>,<1.5;2.2>,3021,<0.7;0.9>,<5;6>,<8;11>,<1.5;2.2>,<1.2;1.8>,<1.2;1.5>,<1;1.3>,<1.5;2.2>,1071,<0.7;0.9>,<5;6>,<8;11>,<1.5;2.2>,<1.2;1.8>,<1.2;1.5>,<1;1.3>,<1.5;2.2>,2723,<0.6;0.8>,<5;6>,<7;10>,<1.2;2>,<1.2;1.8>,<1.2;1.5>,<1;1.3>,<1.2;2>,712,<0.6;0.8>,<5;6>,<7;10>,<1.2;1.8>,<1.2;1.8>,<1;1.3>,<1;1.3>,<1.2;1.8>,493,<0.6;0.8>,<5;6>,<7;10>,<1.2;1.8>,<1.2;1.8>,<1;1.3>,<1;1.3>,<1.2;1.8>,972,<0.6;0.8>,<5;6>,<7;10>,<1.2;1.8>,<1.2;1.8>,<1;1.3>,<1;1.3>,<1.2;1.8>
248,95,3003,<0.8;1>,<5;6>,<9;12>,<1.8;2.5>,<1.2;1.8>,<1.3;1.6>,<1;1.3>,<1.8;2.5>,1951,<0.7;0.9>,<5;6>,<8;11>,<1.5;2.2>,<1.2;1.8>,<1.2;1.5>,<1;1.3>,<1.5;2.2>,593,<0.7;0.9>,<5;6>,<8;11>,<1.5;2.2>,<1.2;1.8>,<1.2;1.5>,<1;1.3>,<1.5;2.2>,1841,<0.7;0.9>,<5;6>,<8;11>,<1.5;2.2>,<1.2;1.8>,<1.2;1.5>,<1;1.3>,<1.5;2.2>,3143,<0.7;0.9>,<5;6>,<8;11>,<1.5;2.2>,<1.2;1.8>,<1.2;1.5>,<1;1.3>,<1.5;2.2>,1253,<0.7;0.9>,<5;6>,<8;11>,<1.5;2.2>,<1.2;1.8>,<1.2;1.5>,<1;1.3>,<1.5;2.2>,3003,<0.6;0.8>,<5;6>,<7;10>,<1.2;2>,<1.2;1.8>,<1.2;1.5>,<1;1.3>,<1.2;2>,741,<0.6;0.8>,<5;6>,<7;10>,<1.2;1.8>,<1.2;1.8>,<1;1.3>,<1;1.3>,<1.2;1.8>,552,<0.6;0.8>,<5;6>,<7;10>,<1.2;1.8>,<1.2;1.8>,<1;1.3>,<1;1.3>,<1.2;1.8>,1032,<0.6;0.8>,<5;6>,<7;10>,<1.2;1.8>,<1.2;1.8>,<1;1.3>,<1;1.3>,<1.2;1.8>
249,95,3152,<0.8;1>,<5;6>,<9;12>,<1.8;2.5>,<1.2;1.8>,<1.3;1.6>,<1;1.3>,<1.8;2.5>,2233,<0.7;0.9>,<5;6>,<8;11>,<1.5;2.2>,<1.2;1.8>,<1.2;1.5>,<1;1.3>,<1.5;2.2>,603,<0.7;0.9>,<5;6>,<8;11>,<1.5;2.2>,<1.2;1.8>,<1.2;1.5>,<1;1.3>,<1.5;2.2>,1911,<0.7;0.9>,<5;6>,<8;11>,<1.5;2.2>,<1.2;1.8>,<1.2;1.5>,<1;1.3>,<1.5;2.2>,3171,<0.7;0.9>,<5;6>,<8;11>,<1.5;2.2>,<1.2;1.8>,<1.2;1.5>,<1;1.3>,<1.5;2.2>,1303,<0.7;0.9>,<5;6>,<8;11>,<1.5;2.2>,<1.2;1.8>,<1.2;1.5>,<1;1.3>,<1.5;2.2>,3152,<0.6;0.8>,<5;6>,<7;10>,<1.2;2>,<1.2;1.8>,<1.2;1.5>,<1;1.3>,<1.2;2>,863,<0.6;0.8>,<5;6>,<7;10>,<1.2;1.8>,<1.2;1.8>,<1;1.3>,<1;1.3>,<1.2;1.8>,793,<0.6;0.8>,<5;6>,<7;10>,<1.2;1.8>,<1.2;1.8>,<1;1.3>,<1;1.3>,<1.2;1.8>,1071,<0.6;0.8>,<5;6>,<7;10>,<1.2;1.8>,<1.2;1.8>,<1;1.3>,<1;1.3>,<1.2;1.8>
250,95,3161,<0.8;1>,<5;6>,<9;12>,<1.8;2.5>,<1.2;1.8>,<1.3;1.6>,<1;1.3>,<1.8;2.5>,2401,<0.7;0.9>,<5;6>,<8;11>,<1.5;2.2>,<1.2;1.8>,<1.2;1.5>,<1;1.3>,<1.5;2.2>,611,<0.7;0.9>,<5;6>,<8;11>,<1.5;2.2>,<1.2;1.8>,<1.2;1.5>,<1;1.3>,<1.5;2.2>,2023,<0.7;0.9>,<5;6>,<8;11>,<1.5;2.2>,<1.2;1.8>,<1.2;1.5>,<1;1.3>,<1.5;2.2>,3303,<0.7;0.9>,<5;6>,<8;11>,<1.5;2.2>,<1.2;1.8>,<1.2;1.5>,<1;1.3>,<1.5;2.2>,1381,<0.7;0.9>,<5;6>,<8;11>,<1.5;2.2>,<1.2;1.8>,<1.2;1.5>,<1;1.3>,<1.5;2.2>,3161,<0.6;0.8>,<5;6>,<7;10>,<1.2;2>,<1.2;1.8>,<1.2;1.5>,<1;1.3>,<1.2;2>,883,<0.6;0.8>,<5;6>,<7;10>,<1.2;1.8>,<1.2;1.8>,<1;1.3>,<1;1.3>,<1.2;1.8>,2013,<0.6;0.8>,<5;6>,<7;10>,<1.2;1.8>,<1.2;1.8>,<1;1.3>,<1;1.3>,<1.2;1.8>,1253,<0.6;0.8>,<5;6>,<7;10>,<1.2;1.8>,<1.2;1.8>,<1;1.3>,<1;1.3>,<1.2;1.8>
251,95,3181,<0.8;1>,<5;6>,<9;12>,<1.8;2.5>,<1.2;1.8>,<1.3;1.6>,<1;1.3>,<1.8;2.5>,2493,<0.7;0.9>,<5;6>,<8;11>,<1.5;2.2>,<1.2;1.8>,<1.2;1.5>,<1;1.3>,<1.5;2.2>,631,<0.7;0.9>,<5;6>,<8;11>,<1.5;2.2>,<1.2;1.8>,<1.2;1.5>,<1;1.3>,<1.5;2.2>,2242,<0.7;0.9>,<5;6>,<8;11>,<1.5;2.2>,<1.2;1.8>,<1.2;1.5>,<1;1.3>,<1.5;2.2>,3353,<0.7;0.9>,<5;6>,<8;11>,<1.5;2.2>,<1.2;1.8>,<1.2;1.5>,<1;1.3>,<1.5;2.2>,1772,<0.7;0.9>,<5;6>,<8;11>,<1.5;2.2>,<1.2;1.8>,<1.2;1.5>,<1;1.3>,<1.5;2.2>,3181,<0.6;0.8>,<5;6>,<7;10>,<1.2;2>,<1.2;1.8>,<1.2;1.5>,<1;1.3>,<1.2;2>,1082,<0.6;0.8>,<5;6>,<7;10>,<1.2;1.8>,<1.2;1.8>,<1;1.3>,<1;1.3>,<1.2;1.8>,2073,<0.6;0.8>,<5;6>,<7;10>,<1.2;1.8>,<1.2;1.8>,<1;1.3>,<1;1.3>,<1.2;1.8>,1303,<0.6;0.8>,<5;6>,<7;10>,<1.2;1.8>,<1.2;1.8>,<1;1.3>,<1;1.3>,<1.2;1.8>
252,95,3251,<0.8;1>,<5;6>,<9;12>,<1.8;2.5>,<1.2;1.8>,<1.3;1.6>,<1;1.3>,<1.8;2.5>,3021,<0.7;0.9>,<5;6>,<8;11>,<1.5;2.2>,<1.2;1.8>,<1.2;1.5>,<1;1.3>,<1.5;2.2>,641,<0.7;0.9>,<5;6>,<8;11>,<1.5;2.2>,<1.2;1.8>,<1.2;1.5>,<1;1.3>,<1.5;2.2>,2723,<0.7;0.9>,<5;6>,<8;11>,<1.5;2.2>,<1.2;1.8>,<1.2;1.5>,<1;1.3>,<1.5;2.2>,3673,<0.7;0.9>,<5;6>,<8;11>,<1.5;2.2>,<1.2;1.8>,<1.2;1.5>,<1;1.3>,<1.5;2.2>,1813,<0.7;0.9>,<5;6>,<8;11>,<1.5;2.2>,<1.2;1.8>,<1.2;1.5>,<1;1.3>,<1.5;2.2>,3251,<0.6;0.8>,<5;6>,<7;10>,<1.2;2>,<1.2;1.8>,<1.2;1.5>,<1;1.3>,<1.2;2>,1293,<0.6;0.8>,<5;6>,<7;10>,<1.2;1.8>,<1.2;1.8>,<1;1.3>,<1;1.3>,<1.2;1.8>,2593,<0.6;0.8>,<5;6>,<7;10>,<1.2;1.8>,<1.2;1.8>,<1;1.3>,<1;1.3>,<1.2;1.8>,1381,<0.6;0.8>,<5;6>,<7;10>,<1.2;1.8>,<1.2;1.8>,<1;1.3>,<1;1.3>,<1.2;1.8>
253,95,3592,<0.8;1>,<5;6>,<9;12>,<1.8;2.5>,<1.2;1.8>,<1.3;1.6>,<1;1.3>,<1.8;2.5>,3143,<0.7;0.9>,<5;6>,<8;11>,<1.5;2.2>,<1.2;1.8>,<1.2;1.5>,<1;1.3>,<1.5;2.2>,712,<0.7;0.9>,<5;6>,<8;11>,<1.5;2.2>,<1.2;1.8>,<1.2;1.5>,<1;1.3>,<1.5;2.2>,3003,<0.7;0.9>,<5;6>,<8;11>,<1.5;2.2>,<1.2;1.8>,<1.2;1.5>,<1;1.3>,<1.5;2.2>,7001,<0.7;0.9>,<5;6>,<8;11>,<1.5;2.2>,<1.2;1.8>,<1.2;1.5>,<1;1.3>,<1.5;2.2>,1841,<0.7;0.9>,<5;6>,<8;11>,<1.5;2.2>,<1.2;1.8>,<1.2;1.5>,<1;1.3>,<1.5;2.2>,3592,<0.6;0.8>,<5;6>,<7;10>,<1.2;2>,<1.2;1.8>,<1.2;1.5>,<1;1.3>,<1.2;2>,1612,<0.6;0.8>,<5;6>,<7;10>,<1.2;1.8>,<1.2;1.8>,<1;1.3>,<1;1.3>,<1.2;1.8>,2612,<0.6;0.8>,<5;6>,<7;10>,<1.2;1.8>,<1.2;1.8>,<1;1.3>,<1;1.3>,<1.2;1.8>,1772,<0.6;0.8>,<5;6>,<7;10>,<1.2;1.8>,<1.2;1.8>,<1;1.3>,<1;1.3>,<1.2;1.8>
254,95,3663,<0.8;1>,<5;6>,<9;12>,<1.8;2.5>,<1.2;1.8>,<1.3;1.6>,<1;1.3>,<1.8;2.5>,3171,<0.7;0.9>,<5;6>,<8;11>,<1.5;2.2>,<1.2;1.8>,<1.2;1.5>,<1;1.3>,<1.5;2.2>,741,<0.7;0.9>,<5;6>,<8;11>,<1.5;2.2>,<1.2;1.8>,<1.2;1.5>,<1;1.3>,<1.5;2.2>,3152,<0.7;0.9>,<5;6>,<8;11>,<1.5;2.2>,<1.2;1.8>,<1.2;1.5>,<1;1.3>,<1.5;2.2>,44,<0.7;0.9>,<5;6>,<8;11>,<1.5;2.2>,<1.2;1.8>,<1.2;1.5>,<1;1.3>,<1.5;2.2>,1911,<0.7;0.9>,<5;6>,<8;11>,<1.5;2.2>,<1.2;1.8>,<1.2;1.5>,<1;1.3>,<1.5;2.2>,3663,<0.6;0.8>,<5;6>,<7;10>,<1.2;2>,<1.2;1.8>,<1.2;1.5>,<1;1.3>,<1.2;2>,2033,<0.6;0.8>,<5;6>,<7;10>,<1.2;1.8>,<1.2;1.8>,<1;1.3>,<1;1.3>,<1.2;1.8>,2633,<0.6;0.8>,<5;6>,<7;10>,<1.2;1.8>,<1.2;1.8>,<1;1.3>,<1;1.3>,<1.2;1.8>,1813,<0.6;0.8>,<5;6>,<7;10>,<1.2;1.8>,<1.2;1.8>,<1;1.3>,<1;1.3>,<1.2;1.8>
255,95,263,<0.8;1>,<5;6>,<9;12>,<1.8;2.5>,<1.2;1.8>,<1.3;1.6>,<1;1.3>,<1.8;2.5>,3303,<0.7;0.9>,<5;6>,<8;11>,<1.5;2.2>,<1.2;1.8>,<1.2;1.5>,<1;1.3>,<1.5;2.2>,863,<0.7;0.9>,<5;6>,<8;11>,<1.5;2.2>,<1.2;1.8>,<1.2;1.5>,<1;1.3>,<1.5;2.2>,3161,<0.7;0.9>,<5;6>,<8;11>,<1.5;2.2>,<1.2;1.8>,<1.2;1.5>,<1;1.3>,<1.5;2.2>,53,<0.7;0.9>,<5;6>,<8;11>,<1.5;2.2>,<1.2;1.8>,<1.2;1.5>,<1;1.3>,<1.5;2.2>,2023,<0.7;0.9>,<5;6>,<8;11>,<1.5;2.2>,<1.2;1.8>,<1.2;1.5>,<1;1.3>,<1.5;2.2>,263,<0.6;0.8>,<5;6>,<7;10>,<1.2;2>,<1.2;1.8>,<1.2;1.5>,<1;1.3>,<1.2;2>,972,<0.6;0.8>,<5;6>,<7;10>,<1.2;1.8>,<1.2;1.8>,<1;1.3>,<1;1.3>,<1.2;1.8>,2963,<0.6;0.8>,<5;6>,<7;10>,<1.2;1.8>,<1.2;1.8>,<1;1.3>,<1;1.3>,<1.2;1.8>,1841,<0.6;0.8>,<5;6>,<7;10>,<1.2;1.8>,<1.2;1.8>,<1;1.3>,<1;1.3>,<1.2;1.8>
256,95,393,<0.8;1>,<5;6>,<9;12>,<1.8;2.5>,<1.2;1.8>,<1.3;1.6>,<1;1.3>,<1.8;2.5>,3353,<0.7;0.9>,<5;6>,<8;11>,<1.5;2.2>,<1.2;1.8>,<1.2;1.5>,<1;1.3>,<1.5;2.2>,883,<0.7;0.9>,<5;6>,<8;11>,<1.5;2.2>,<1.2;1.8>,<1.2;1.5>,<1;1.3>,<1.5;2.2>,3181,<0.7;0.9>,<5;6>,<8;11>,<1.5;2.2>,<1.2;1.8>,<1.2;1.5>,<1;1.3>,<1.5;2.2>,82,<0.7;0.9>,<5;6>,<8;11>,<1.5;2.2>,<1.2;1.8>,<1.2;1.5>,<1;1.3>,<1.5;2.2>,2242,<0.7;0.9>,<5;6>,<8;11>,<1.5;2.2>,<1.2;1.8>,<1.2;1.5>,<1;1.3>,<1.5;2.2>,393,<0.6;0.8>,<5;6>,<7;10>,<1.2;2>,<1.2;1.8>,<1.2;1.5>,<1;1.3>,<1.2;2>,1032,<0.6;0.8>,<5;6>,<7;10>,<1.2;1.8>,<1.2;1.8>,<1;1.3>,<1;1.3>,<1.2;1.8>,3283,<0.6;0.8>,<5;6>,<7;10>,<1.2;1.8>,<1.2;1.8>,<1;1.3>,<1;1.3>,<1.2;1.8>,1911,<0.6;0.8>,<5;6>,<7;10>,<1.2;1.8>,<1.2;1.8>,<1;1.3>,<1;1.3>,<1.2;1.8>
257,95,572,<0.8;1>,<5;6>,<9;12>,<1.8;2.5>,<1.2;1.8>,<1.3;1.6>,<1;1.3>,<1.8;2.5>,3673,<0.7;0.9>,<5;6>,<8;11>,<1.5;2.2>,<1.2;1.8>,<1.2;1.5>,<1;1.3>,<1.5;2.2>,1082,<0.7;0.9>,<5;6>,<8;11>,<1.5;2.2>,<1.2;1.8>,<1.2;1.5>,<1;1.3>,<1.5;2.2>,3251,<0.7;0.9>,<5;6>,<8;11>,<1.5;2.2>,<1.2;1.8>,<1.2;1.5>,<1;1.3>,<1.5;2.2>,692,<0.7;0.9>,<5;6>,<8;11>,<1.5;2.2>,<1.2;1.8>,<1.2;1.5>,<1;1.3>,<1.5;2.2>,2723,<0.7;0.9>,<5;6>,<8;11>,<1.5;2.2>,<1.2;1.8>,<1.2;1.5>,<1;1.3>,<1.5;2.2>,572,<0.6;0.8>,<5;6>,<7;10>,<1.2;2>,<1.2;1.8>,<1.2;1.5>,<1;1.3>,<1.2;2>,1071,<0.6;0.8>,<5;6>,<7;10>,<1.2;1.8>,<1.2;1.8>,<1;1.3>,<1;1.3>,<1.2;1.8>,3293,<0.6;0.8>,<5;6>,<7;10>,<1.2;1.8>,<1.2;1.8>,<1;1.3>,<1;1.3>,<1.2;1.8>,2023,<0.6;0.8>,<5;6>,<7;10>,<1.2;1.8>,<1.2;1.8>,<1;1.3>,<1;1.3>,<1.2;1.8>
258,95,701,<0.8;1>,<5;6>,<9;12>,<1.8;2.5>,<1.2;1.8>,<1.3;1.6>,<1;1.3>,<1.8;2.5>,7001,<0.7;0.9>,<5;6>,<8;11>,<1.5;2.2>,<1.2;1.8>,<1.2;1.5>,<1;1.3>,<1.5;2.2>,1293,<0.7;0.9>,<5;6>,<8;11>,<1.5;2.2>,<1.2;1.8>,<1.2;1.5>,<1;1.3>,<1.5;2.2>,3592,<0.7;0.9>,<5;6>,<8;11>,<1.5;2.2>,<1.2;1.8>,<1.2;1.5>,<1;1.3>,<1.5;2.2>,2683,<0.7;0.9>,<5;6>,<8;11>,<1.5;2.2>,<1.2;1.8>,<1.2;1.5>,<1;1.3>,<1.5;2.2>,3003,<0.7;0.9>,<5;6>,<8;11>,<1.5;2.2>,<1.2;1.8>,<1.2;1.5>,<1;1.3>,<1.5;2.2>,701,<0.6;0.8>,<5;6>,<7;10>,<1.2;2>,<1.2;1.8>,<1.2;1.5>,<1;1.3>,<1.2;2>,1253,<0.6;0.8>,<5;6>,<7;10>,<1.2;1.8>,<1.2;1.8>,<1;1.3>,<1;1.3>,<1.2;1.8>,3342,<0.6;0.8>,<5;6>,<7;10>,<1.2;1.8>,<1.2;1.8>,<1;1.3>,<1;1.3>,<1.2;1.8>,2242,<0.6;0.8>,<5;6>,<7;10>,<1.2;1.8>,<1.2;1.8>,<1;1.3>,<1;1.3>,<1.2;1.8>
259,95,721,<0.8;1>,<5;6>,<9;12>,<1.8;2.5>,<1.2;1.8>,<1.3;1.6>,<1;1.3>,<1.8;2.5>,44,<0.7;0.9>,<5;6>,<8;11>,<1.5;2.2>,<1.2;1.8>,<1.2;1.5>,<1;1.3>,<1.5;2.2>,1612,<0.7;0.9>,<5;6>,<8;11>,<1.5;2.2>,<1.2;1.8>,<1.2;1.5>,<1;1.3>,<1.5;2.2>,3663,<0.7;0.9>,<5;6>,<8;11>,<1.5;2.2>,<1.2;1.8>,<1.2;1.5>,<1;1.3>,<1.5;2.2>,2843,<0.7;0.9>,<5;6>,<8;11>,<1.5;2.2>,<1.2;1.8>,<1.2;1.5>,<1;1.3>,<1.5;2.2>,3152,<0.7;0.9>,<5;6>,<8;11>,<1.5;2.2>,<1.2;1.8>,<1.2;1.5>,<1;1.3>,<1.5;2.2>,721,<0.6;0.8>,<5;6>,<7;10>,<1.2;2>,<1.2;1.8>,<1.2;1.5>,<1;1.3>,<1.2;2>,1303,<0.6;0.8>,<5;6>,<7;10>,<1.2;1.8>,<1.2;1.8>,<1;1.3>,<1;1.3>,<1.2;1.8>,3472,<0.6;0.8>,<5;6>,<7;10>,<1.2;1.8>,<1.2;1.8>,<1;1.3>,<1;1.3>,<1.2;1.8>,2723,<0.6;0.8>,<5;6>,<7;10>,<1.2;1.8>,<1.2;1.8>,<1;1.3>,<1;1.3>,<1.2;1.8>
260,95,771,<0.8;1>,<5;6>,<9;12>,<1.8;2.5>,<1.2;1.8>,<1.3;1.6>,<1;1.3>,<1.8;2.5>,53,<0.7;0.9>,<5;6>,<8;11>,<1.5;2.2>,<1.2;1.8>,<1.2;1.5>,<1;1.3>,<1.5;2.2>,2033,<0.7;0.9>,<5;6>,<8;11>,<1.5;2.2>,<1.2;1.8>,<1.2;1.5>,<1;1.3>,<1.5;2.2>,263,<0.7;0.9>,<5;6>,<8;11>,<1.5;2.2>,<1.2;1.8>,<1.2;1.5>,<1;1.3>,<1.5;2.2>,3432,<0.7;0.9>,<5;6>,<8;11>,<1.5;2.2>,<1.2;1.8>,<1.2;1.5>,<1;1.3>,<1.5;2.2>,3161,<0.7;0.9>,<5;6>,<8;11>,<1.5;2.2>,<1.2;1.8>,<1.2;1.5>,<1;1.3>,<1.5;2.2>,771,<0.6;0.8>,<5;6>,<7;10>,<1.2;2>,<1.2;1.8>,<1.2;1.5>,<1;1.3>,<1.2;2>,1381,<0.6;0.8>,<5;6>,<7;10>,<1.2;1.8>,<1.2;1.8>,<1;1.3>,<1;1.3>,<1.2;1.8>,3511,<0.6;0.8>,<5;6>,<7;10>,<1.2;1.8>,<1.2;1.8>,<1;1.3>,<1;1.3>,<1.2;1.8>,3003,<0.6;0.8>,<5;6>,<7;10>,<1.2;1.8>,<1.2;1.8>,<1;1.3>,<1;1.3>,<1.2;1.8>
261,100,1231,<0.8;1>,<5;6>,<9;12>,<1.8;2.5>,<1.2;1.8>,<1.3;1.6>,<1;1.3>,<1.8;2.5>,82,<0.7;0.9>,<5;6>,<8;11>,<1.5;2.2>,<1.2;1.8>,<1.2;1.5>,<1;1.3>,<1.5;2.2>,972,<0.7;0.9>,<5;6>,<8;11>,<1.5;2.2>,<1.2;1.8>,<1.2;1.5>,<1;1.3>,<1.5;2.2>,393,<0.7;0.9>,<5;6>,<8;11>,<1.5;2.2>,<1.2;1.8>,<1.2;1.5>,<1;1.3>,<1.5;2.2>,3772,<0.7;0.9>,<5;6>,<8;11>,<1.5;2.2>,<1.2;1.8>,<1.2;1.5>,<1;1.3>,<1.5;2.2>,3181,<0.7;0.9>,<5;6>,<8;11>,<1.5;2.2>,<1.2;1.8>,<1.2;1.5>,<1;1.3>,<1.5;2.2>,1231,<0.6;0.8>,<5;6>,<7;10>,<1.2;2>,<1.2;1.8>,<1.2;1.5>,<1;1.3>,<1.2;2>,1772,<0.6;0.8>,<5;6>,<7;10>,<1.2;1.8>,<1.2;1.8>,<1;1.3>,<1;1.3>,<1.2;1.8>,3683,<0.6;0.8>,<5;6>,<7;10>,<1.2;1.8>,<1.2;1.8>,<1;1.3>,<1;1.3>,<1.2;1.8>,3152,<0.6;0.8>,<5;6>,<7;10>,<1.2;1.8>,<1.2;1.8>,<1;1.3>,<1;1.3>,<1.2;1.8>
262,100,1241,<0.8;1>,<5;6>,<9;12>,<1.8;2.5>,<1.2;1.8>,<1.3;1.6>,<1;1.3>,<1.8;2.5>,692,<0.7;0.9>,<5;6>,<8;11>,<1.5;2.2>,<1.2;1.8>,<1.2;1.5>,<1;1.3>,<1.5;2.2>,1032,<0.7;0.9>,<5;6>,<8;11>,<1.5;2.2>,<1.2;1.8>,<1.2;1.5>,<1;1.3>,<1.5;2.2>,572,<0.7;0.9>,<5;6>,<8;11>,<1.5;2.2>,<1.2;1.8>,<1.2;1.5>,<1;1.3>,<1.5;2.2>,13,<0.7;0.9>,<5;6>,<8;11>,<1.5;2.2>,<1.2;1.8>,<1.2;1.5>,<1;1.3>,<1.5;2.2>,3251,<0.7;0.9>,<5;6>,<8;11>,<1.5;2.2>,<1.2;1.8>,<1.2;1.5>,<1;1.3>,<1.5;2.2>,1241,<0.6;0.8>,<5;6>,<7;10>,<1.2;2>,<1.2;1.8>,<1.2;1.5>,<1;1.3>,<1.2;2>,1813,<0.6;0.8>,<5;6>,<7;10>,<1.2;1.8>,<1.2;1.8>,<1;1.3>,<1;1.3>,<1.2;1.8>,731,<0.6;0.8>,<5;6>,<7;10>,<1.2;1.8>,<1.2;1.8>,<1;1.3>,<1;1.3>,<1.2;1.8>,3161,<0.6;0.8>,<5;6>,<7;10>,<1.2;1.8>,<1.2;1.8>,<1;1.3>,<1;1.3>,<1.2;1.8>
263,100,1313,<0.8;1>,<5;6>,<9;12>,<1.8;2.5>,<1.2;1.8>,<1.3;1.6>,<1;1.3>,<1.8;2.5>,2683,<0.7;0.9>,<5;6>,<8;11>,<1.5;2.2>,<1.2;1.8>,<1.2;1.5>,<1;1.3>,<1.5;2.2>,1071,<0.7;0.9>,<5;6>,<8;11>,<1.5;2.2>,<1.2;1.8>,<1.2;1.5>,<1;1.3>,<1.5;2.2>,701,<0.7;0.9>,<5;6>,<8;11>,<1.5;2.2>,<1.2;1.8>,<1.2;1.5>,<1;1.3>,<1.5;2.2>,273,<0.7;0.9>,<5;6>,<8;11>,<1.5;2.2>,<1.2;1.8>,<1.2;1.5>,<1;1.3>,<1.5;2.2>,3592,<0.7;0.9>,<5;6>,<8;11>,<1.5;2.2>,<1.2;1.8>,<1.2;1.5>,<1;1.3>,<1.5;2.2>,1313,<0.6;0.8>,<5;6>,<7;10>,<1.2;2>,<1.2;1.8>,<1.2;1.5>,<1;1.3>,<1.2;2>,1841,<0.6;0.8>,<5;6>,<7;10>,<1.2;1.8>,<1.2;1.8>,<1;1.3>,<1;1.3>,<1.2;1.8>,1221,<0.6;0.8>,<5;6>,<7;10>,<1.2;1.8>,<1.2;1.8>,<1;1.3>,<1;1.3>,<1.2;1.8>,3181,<0.6;0.8>,<5;6>,<7;10>,<1.2;1.8>,<1.2;1.8>,<1;1.3>,<1;1.3>,<1.2;1.8>
264,100,1393,<0.8;1>,<5;6>,<9;12>,<1.8;2.5>,<1.2;1.8>,<1.3;1.6>,<1;1.3>,<1.8;2.5>,2843,<0.7;0.9>,<5;6>,<8;11>,<1.5;2.2>,<1.2;1.8>,<1.2;1.5>,<1;1.3>,<1.5;2.2>,1253,<0.7;0.9>,<5;6>,<8;11>,<1.5;2.2>,<1.2;1.8>,<1.2;1.5>,<1;1.3>,<1.5;2.2>,721,<0.7;0.9>,<5;6>,<8;11>,<1.5;2.2>,<1.2;1.8>,<1.2;1.5>,<1;1.3>,<1.5;2.2>,402,<0.7;0.9>,<5;6>,<8;11>,<1.5;2.2>,<1.2;1.8>,<1.2;1.5>,<1;1.3>,<1.5;2.2>,3663,<0.7;0.9>,<5;6>,<8;11>,<1.5;2.2>,<1.2;1.8>,<1.2;1.5>,<1;1.3>,<1.5;2.2>,1393,<0.6;0.8>,<5;6>,<7;10>,<1.2;2>,<1.2;1.8>,<1.2;1.5>,<1;1.3>,<1.2;2>,1911,<0.6;0.8>,<5;6>,<7;10>,<1.2;1.8>,<1.2;1.8>,<1;1.3>,<1;1.3>,<1.2;1.8>,1903,<0.6;0.8>,<5;6>,<7;10>,<1.2;1.8>,<1.2;1.8>,<1;1.3>,<1;1.3>,<1.2;1.8>,3251,<0.6;0.8>,<5;6>,<7;10>,<1.2;1.8>,<1.2;1.8>,<1;1.3>,<1;1.3>,<1.2;1.8>
265,100,1423,<0.8;1>,<5;6>,<9;12>,<1.8;2.5>,<1.2;1.8>,<1.3;1.6>,<1;1.3>,<1.8;2.5>,3432,<0.7;0.9>,<5;6>,<8;11>,<1.5;2.2>,<1.2;1.8>,<1.2;1.5>,<1;1.3>,<1.5;2.2>,1303,<0.7;0.9>,<5;6>,<8;11>,<1.5;2.2>,<1.2;1.8>,<1.2;1.5>,<1;1.3>,<1.5;2.2>,771,<0.7;0.9>,<5;6>,<8;11>,<1.5;2.2>,<1.2;1.8>,<1.2;1.5>,<1;1.3>,<1.5;2.2>,493,<0.7;0.9>,<5;6>,<8;11>,<1.5;2.2>,<1.2;1.8>,<1.2;1.5>,<1;1.3>,<1.5;2.2>,263,<0.7;0.9>,<5;6>,<8;11>,<1.5;2.2>,<1.2;1.8>,<1.2;1.5>,<1;1.3>,<1.5;2.2>,1423,<0.6;0.8>,<5;6>,<7;10>,<1.2;2>,<1.2;1.8>,<1.2;1.5>,<1;1.3>,<1.2;2>,2023,<0.6;0.8>,<5;6>,<7;10>,<1.2;1.8>,<1.2;1.8>,<1;1.3>,<1;1.3>,<1.2;1.8>,1931,<0.6;0.8>,<5;6>,<7;10>,<1.2;1.8>,<1.2;1.8>,<1;1.3>,<1;1.3>,<1.2;1.8>,3592,<0.6;0.8>,<5;6>,<7;10>,<1.2;1.8>,<1.2;1.8>,<1;1.3>,<1;1.3>,<1.2;1.8>
266,100,1503,<0.8;1>,<5;6>,<9;12>,<1.8;2.5>,<1.2;1.8>,<1.3;1.6>,<1;1.3>,<1.8;2.5>,3772,<0.7;0.9>,<5;6>,<8;11>,<1.5;2.2>,<1.2;1.8>,<1.2;1.5>,<1;1.3>,<1.5;2.2>,1381,<0.7;0.9>,<5;6>,<8;11>,<1.5;2.2>,<1.2;1.8>,<1.2;1.5>,<1;1.3>,<1.5;2.2>,1231,<0.7;0.9>,<5;6>,<8;11>,<1.5;2.2>,<1.2;1.8>,<1.2;1.5>,<1;1.3>,<1.5;2.2>,552,<0.7;0.9>,<5;6>,<8;11>,<1.5;2.2>,<1.2;1.8>,<1.2;1.5>,<1;1.3>,<1.5;2.2>,393,<0.7;0.9>,<5;6>,<8;11>,<1.5;2.2>,<1.2;1.8>,<1.2;1.5>,<1;1.3>,<1.5;2.2>,1503,<0.6;0.8>,<5;6>,<7;10>,<1.2;2>,<1.2;1.8>,<1.2;1.5>,<1;1.3>,<1.2;2>,2242,<0.6;0.8>,<5;6>,<7;10>,<1.2;1.8>,<1.2;1.8>,<1;1.3>,<1;1.3>,<1.2;1.8>,3543,<0.6;0.8>,<5;6>,<7;10>,<1.2;1.8>,<1.2;1.8>,<1;1.3>,<1;1.3>,<1.2;1.8>,3663,<0.6;0.8>,<5;6>,<7;10>,<1.2;1.8>,<1.2;1.8>,<1;1.3>,<1;1.3>,<1.2;1.8>
267,100,1893,<0.8;1>,<5;6>,<9;12>,<1.8;2.5>,<1.2;1.8>,<1.3;1.6>,<1;1.3>,<1.8;2.5>,13,<0.7;0.9>,<5;6>,<8;11>,<1.5;2.2>,<1.2;1.8>,<1.2;1.5>,<1;1.3>,<1.5;2.2>,1772,<0.7;0.9>,<5;6>,<8;11>,<1.5;2.2>,<1.2;1.8>,<1.2;1.5>,<1;1.3>,<1.5;2.2>,1241,<0.7;0.9>,<5;6>,<8;11>,<1.5;2.2>,<1.2;1.8>,<1.2;1.5>,<1;1.3>,<1.5;2.2>,793,<0.7;0.9>,<5;6>,<8;11>,<1.5;2.2>,<1.2;1.8>,<1.2;1.5>,<1;1.3>,<1.5;2.2>,572,<0.7;0.9>,<5;6>,<8;11>,<1.5;2.2>,<1.2;1.8>,<1.2;1.5>,<1;1.3>,<1.5;2.2>,1893,<0.6;0.8>,<5;6>,<7;10>,<1.2;2>,<1.2;1.8>,<1.2;1.5>,<1;1.3>,<1.2;2>,2723,<0.6;0.8>,<5;6>,<7;10>,<1.2;1.8>,<1.2;1.8>,<1;1.3>,<1;1.3>,<1.2;1.8>,163,<0.6;0.8>,<5;6>,<7;10>,<1.2;1.8>,<1.2;1.8>,<1;1.3>,<1;1.3>,<1.2;1.8>,263,<0.6;0.8>,<5;6>,<7;10>,<1.2;1.8>,<1.2;1.8>,<1;1.3>,<1;1.3>,<1.2;1.8>
268,100,1941,<0.8;1>,<5;6>,<9;12>,<1.8;2.5>,<1.2;1.8>,<1.3;1.6>,<1;1.3>,<1.8;2.5>,273,<0.7;0.9>,<5;6>,<8;11>,<1.5;2.2>,<1.2;1.8>,<1.2;1.5>,<1;1.3>,<1.5;2.2>,1813,<0.7;0.9>,<5;6>,<8;11>,<1.5;2.2>,<1.2;1.8>,<1.2;1.5>,<1;1.3>,<1.5;2.2>,1313,<0.7;0.9>,<5;6>,<8;11>,<1.5;2.2>,<1.2;1.8>,<1.2;1.5>,<1;1.3>,<1.5;2.2>,2013,<0.7;0.9>,<5;6>,<8;11>,<1.5;2.2>,<1.2;1.8>,<1.2;1.5>,<1;1.3>,<1.5;2.2>,701,<0.7;0.9>,<5;6>,<8;11>,<1.5;2.2>,<1.2;1.8>,<1.2;1.5>,<1;1.3>,<1.5;2.2>,1941,<0.6;0.8>,<5;6>,<7;10>,<1.2;2>,<1.2;1.8>,<1.2;1.5>,<1;1.3>,<1.2;2>,3003,<0.6;0.8>,<5;6>,<7;10>,<1.2;1.8>,<1.2;1.8>,<1;1.3>,<1;1.3>,<1.2;1.8>,242,<0.6;0.8>,<5;6>,<7;10>,<1.2;1.8>,<1.2;1.8>,<1;1.3>,<1;1.3>,<1.2;1.8>,393,<0.6;0.8>,<5;6>,<7;10>,<1.2;1.8>,<1.2;1.8>,<1;1.3>,<1;1.3>,<1.2;1.8>
269,100,1951,<0.8;1>,<5;6>,<9;12>,<1.8;2.5>,<1.2;1.8>,<1.3;1.6>,<1;1.3>,<1.8;2.5>,402,<0.7;0.9>,<5;6>,<8;11>,<1.5;2.2>,<1.2;1.8>,<1.2;1.5>,<1;1.3>,<1.5;2.2>,1841,<0.7;0.9>,<5;6>,<8;11>,<1.5;2.2>,<1.2;1.8>,<1.2;1.5>,<1;1.3>,<1.5;2.2>,1393,<0.7;0.9>,<5;6>,<8;11>,<1.5;2.2>,<1.2;1.8>,<1.2;1.5>,<1;1.3>,<1.5;2.2>,2073,<0.7;0.9>,<5;6>,<8;11>,<1.5;2.2>,<1.2;1.8>,<1.2;1.5>,<1;1.3>,<1.5;2.2>,721,<0.7;0.9>,<5;6>,<8;11>,<1.5;2.2>,<1.2;1.8>,<1.2;1.5>,<1;1.3>,<1.5;2.2>,1951,<0.6;0.8>,<5;6>,<7;10>,<1.2;2>,<1.2;1.8>,<1.2;1.5>,<1;1.3>,<1.2;2>,3152,<0.6;0.8>,<5;6>,<7;10>,<1.2;1.8>,<1.2;1.8>,<1;1.3>,<1;1.3>,<1.2;1.8>,333,<0.6;0.8>,<5;6>,<7;10>,<1.2;1.8>,<1.2;1.8>,<1;1.3>,<1;1.3>,<1.2;1.8>,572,<0.6;0.8>,<5;6>,<7;10>,<1.2;1.8>,<1.2;1.8>,<1;1.3>,<1;1.3>,<1.2;1.8>
270,100,2233,<0.8;1>,<5;6>,<9;12>,<1.8;2.5>,<1.2;1.8>,<1.3;1.6>,<1;1.3>,<1.8;2.5>,493,<0.7;0.9>,<5;6>,<8;11>,<1.5;2.2>,<1.2;1.8>,<1.2;1.5>,<1;1.3>,<1.5;2.2>,1911,<0.7;0.9>,<5;6>,<8;11>,<1.5;2.2>,<1.2;1.8>,<1.2;1.5>,<1;1.3>,<1.5;2.2>,1423,<0.7;0.9>,<5;6>,<8;11>,<1.5;2.2>,<1.2;1.8>,<1.2;1.5>,<1;1.3>,<1.5;2.2>,731,<0.7;0.9>,<5;6>,<8;11>,<1.5;2.2>,<1.2;1.8>,<1.2;1.5>,<1;1.3>,<1.5;2.2>,771,<0.7;0.9>,<5;6>,<8;11>,<1.5;2.2>,<1.2;1.8>,<1.2;1.5>,<1;1.3>,<1.5;2.2>,2233,<0.6;0.8>,<5;6>,<7;10>,<1.2;2>,<1.2;1.8>,<1.2;1.5>,<1;1.3>,<1.2;2>,3161,<0.6;0.8>,<5;6>,<7;10>,<1.2;1.8>,<1.2;1.8>,<1;1.3>,<1;1.3>,<1.2;1.8>,503,<0.6;0.8>,<5;6>,<7;10>,<1.2;1.8>,<1.2;1.8>,<1;1.3>,<1;1.3>,<1.2;1.8>,701,<0.6;0.8>,<5;6>,<7;10>,<1.2;1.8>,<1.2;1.8>,<1;1.3>,<1;1.3>,<1.2;1.8>
271,100,2401,<0.8;1>,<5;6>,<9;12>,<1.8;2.5>,<1.2;1.8>,<1.3;1.6>,<1;1.3>,<1.8;2.5>,552,<0.7;0.9>,<5;6>,<8;11>,<1.5;2.2>,<1.2;1.8>,<1.2;1.5>,<1;1.3>,<1.5;2.2>,2023,<0.7;0.9>,<5;6>,<8;11>,<1.5;2.2>,<1.2;1.8>,<1.2;1.5>,<1;1.3>,<1.5;2.2>,1503,<0.7;0.9>,<5;6>,<8;11>,<1.5;2.2>,<1.2;1.8>,<1.2;1.5>,<1;1.3>,<1.5;2.2>,1221,<0.7;0.9>,<5;6>,<8;11>,<1.5;2.2>,<1.2;1.8>,<1.2;1.5>,<1;1.3>,<1.5;2.2>,1231,<0.7;0.9>,<5;6>,<8;11>,<1.5;2.2>,<1.2;1.8>,<1.2;1.5>,<1;1.3>,<1.5;2.2>,2401,<0.6;0.8>,<5;6>,<7;10>,<1.2;2>,<1.2;1.8>,<1.2;1.5>,<1;1.3>,<1.2;2>,3181,<0.6;0.8>,<5;6>,<7;10>,<1.2;1.8>,<1.2;1.8>,<1;1.3>,<1;1.3>,<1.2;1.8>,593,<0.6;0.8>,<5;6>,<7;10>,<1.2;1.8>,<1.2;1.8>,<1;1.3>,<1;1.3>,<1.2;1.8>,721,<0.6;0.8>,<5;6>,<7;10>,<1.2;1.8>,<1.2;1.8>,<1;1.3>,<1;1.3>,<1.2;1.8>
272,100,2493,<0.8;1>,<5;6>,<9;12>,<1.8;2.5>,<1.2;1.8>,<1.3;1.6>,<1;1.3>,<1.8;2.5>,793,<0.7;0.9>,<5;6>,<8;11>,<1.5;2.2>,<1.2;1.8>,<1.2;1.5>,<1;1.3>,<1.5;2.2>,2242,<0.7;0.9>,<5;6>,<8;11>,<1.5;2.2>,<1.2;1.8>,<1.2;1.5>,<1;1.3>,<1.5;2.2>,1893,<0.7;0.9>,<5;6>,<8;11>,<1.5;2.2>,<1.2;1.8>,<1.2;1.5>,<1;1.3>,<1.5;2.2>,1903,<0.7;0.9>,<5;6>,<8;11>,<1.5;2.2>,<1.2;1.8>,<1.2;1.5>,<1;1.3>,<1.5;2.2>,1241,<0.7;0.9>,<5;6>,<8;11>,<1.5;2.2>,<1.2;1.8>,<1.2;1.5>,<1;1.3>,<1.5;2.2>,2493,<0.6;0.8>,<5;6>,<7;10>,<1.2;2>,<1.2;1.8>,<1.2;1.5>,<1;1.3>,<1.2;2>,3251,<0.6;0.8>,<5;6>,<7;10>,<1.2;1.8>,<1.2;1.8>,<1;1.3>,<1;1.3>,<1.2;1.8>,603,<0.6;0.8>,<5;6>,<7;10>,<1.2;1.8>,<1.2;1.8>,<1;1.3>,<1;1.3>,<1.2;1.8>,771,<0.6;0.8>,<5;6>,<7;10>,<1.2;1.8>,<1.2;1.8>,<1;1.3>,<1;1.3>,<1.2;1.8>
273,100,3021,<0.8;1>,<5;6>,<9;12>,<1.8;2.5>,<1.2;1.8>,<1.3;1.6>,<1;1.3>,<1.8;2.5>,2013,<0.7;0.9>,<5;6>,<8;11>,<1.5;2.2>,<1.2;1.8>,<1.2;1.5>,<1;1.3>,<1.5;2.2>,2723,<0.7;0.9>,<5;6>,<8;11>,<1.5;2.2>,<1.2;1.8>,<1.2;1.5>,<1;1.3>,<1.5;2.2>,1941,<0.7;0.9>,<5;6>,<8;11>,<1.5;2.2>,<1.2;1.8>,<1.2;1.5>,<1;1.3>,<1.5;2.2>,1931,<0.7;0.9>,<5;6>,<8;11>,<1.5;2.2>,<1.2;1.8>,<1.2;1.5>,<1;1.3>,<1.5;2.2>,1313,<0.7;0.9>,<5;6>,<8;11>,<1.5;2.2>,<1.2;1.8>,<1.2;1.5>,<1;1.3>,<1.5;2.2>,3021,<0.6;0.8>,<5;6>,<7;10>,<1.2;2>,<1.2;1.8>,<1.2;1.5>,<1;1.3>,<1.2;2>,3592,<0.6;0.8>,<5;6>,<7;10>,<1.2;1.8>,<1.2;1.8>,<1;1.3>,<1;1.3>,<1.2;1.8>,611,<0.6;0.8>,<5;6>,<7;10>,<1.2;1.8>,<1.2;1.8>,<1;1.3>,<1;1.3>,<1.2;1.8>,1231,<0.6;0.8>,<5;6>,<7;10>,<1.2;1.8>,<1.2;1.8>,<1;1.3>,<1;1.3>,<1.2;1.8>
274,100,3143,<0.8;1>,<5;6>,<9;12>,<1.8;2.5>,<1.2;1.8>,<1.3;1.6>,<1;1.3>,<1.8;2.5>,2073,<0.7;0.9>,<5;6>,<8;11>,<1.5;2.2>,<1.2;1.8>,<1.2;1.5>,<1;1.3>,<1.5;2.2>,3003,<0.7;0.9>,<5;6>,<8;11>,<1.5;2.2>,<1.2;1.8>,<1.2;1.5>,<1;1.3>,<1.5;2.2>,1951,<0.7;0.9>,<5;6>,<8;11>,<1.5;2.2>,<1.2;1.8>,<1.2;1.5>,<1;1.3>,<1.5;2.2>,3543,<0.7;0.9>,<5;6>,<8;11>,<1.5;2.2>,<1.2;1.8>,<1.2;1.5>,<1;1.3>,<1.5;2.2>,1393,<0.7;0.9>,<5;6>,<8;11>,<1.5;2.2>,<1.2;1.8>,<1.2;1.5>,<1;1.3>,<1.5;2.2>,3143,<0.6;0.8>,<5;6>,<7;10>,<1.2;2>,<1.2;1.8>,<1.2;1.5>,<1;1.3>,<1.2;2>,3663,<0.6;0.8>,<5;6>,<7;10>,<1.2;1.8>,<1.2;1.8>,<1;1.3>,<1;1.3>,<1.2;1.8>,631,<0.6;0.8>,<5;6>,<7;10>,<1.2;1.8>,<1.2;1.8>,<1;1.3>,<1;1.3>,<1.2;1.8>,1241,<0.6;0.8>,<5;6>,<7;10>,<1.2;1.8>,<1.2;1.8>,<1;1.3>,<1;1.3>,<1.2;1.8>
275,100,3171,<0.8;1>,<5;6>,<9;12>,<1.8;2.5>,<1.2;1.8>,<1.3;1.6>,<1;1.3>,<1.8;2.5>,2593,<0.7;0.9>,<5;6>,<8;11>,<1.5;2.2>,<1.2;1.8>,<1.2;1.5>,<1;1.3>,<1.5;2.2>,3152,<0.7;0.9>,<5;6>,<8;11>,<1.5;2.2>,<1.2;1.8>,<1.2;1.5>,<1;1.3>,<1.5;2.2>,2233,<0.7;0.9>,<5;6>,<8;11>,<1.5;2.2>,<1.2;1.8>,<1.2;1.5>,<1;1.3>,<1.5;2.2>,163,<0.7;0.9>,<5;6>,<8;11>,<1.5;2.2>,<1.2;1.8>,<1.2;1.5>,<1;1.3>,<1.5;2.2>,1423,<0.7;0.9>,<5;6>,<8;11>,<1.5;2.2>,<1.2;1.8>,<1.2;1.5>,<1;1.3>,<1.5;2.2>,3171,<0.6;0.8>,<5;6>,<7;10>,<1.2;2>,<1.2;1.8>,<1.2;1.5>,<1;1.3>,<1.2;2>,263,<0.6;0.8>,<5;6>,<7;10>,<1.2;1.8>,<1.2;1.8>,<1;1.3>,<1;1.3>,<1.2;1.8>,641,<0.6;0.8>,<5;6>,<7;10>,<1.2;1.8>,<1.2;1.8>,<1;1.3>,<1;1.3>,<1.2;1.8>,1313,<0.6;0.8>,<5;6>,<7;10>,<1.2;1.8>,<1.2;1.8>,<1;1.3>,<1;1.3>,<1.2;1.8>
276,100,3303,<0.8;1>,<5;6>,<9;12>,<1.8;2.5>,<1.2;1.8>,<1.3;1.6>,<1;1.3>,<1.8;2.5>,2612,<0.7;0.9>,<5;6>,<8;11>,<1.5;2.2>,<1.2;1.8>,<1.2;1.5>,<1;1.3>,<1.5;2.2>,3161,<0.7;0.9>,<5;6>,<8;11>,<1.5;2.2>,<1.2;1.8>,<1.2;1.5>,<1;1.3>,<1.5;2.2>,2401,<0.7;0.9>,<5;6>,<8;11>,<1.5;2.2>,<1.2;1.8>,<1.2;1.5>,<1;1.3>,<1.5;2.2>,242,<0.7;0.9>,<5;6>,<8;11>,<1.5;2.2>,<1.2;1.8>,<1.2;1.5>,<1;1.3>,<1.5;2.2>,1503,<0.7;0.9>,<5;6>,<8;11>,<1.5;2.2>,<1.2;1.8>,<1.2;1.5>,<1;1.3>,<1.5;2.2>,3303,<0.6;0.8>,<5;6>,<7;10>,<1.2;2>,<1.2;1.8>,<1.2;1.5>,<1;1.3>,<1.2;2>,393,<0.6;0.8>,<5;6>,<7;10>,<1.2;1.8>,<1.2;1.8>,<1;1.3>,<1;1.3>,<1.2;1.8>,712,<0.6;0.8>,<5;6>,<7;10>,<1.2;1.8>,<1.2;1.8>,<1;1.3>,<1;1.3>,<1.2;1.8>,1393,<0.6;0.8>,<5;6>,<7;10>,<1.2;1.8>,<1.2;1.8>,<1;1.3>,<1;1.3>,<1.2;1.8>
277,100,3353,<0.8;1>,<5;6>,<9;12>,<1.8;2.5>,<1.2;1.8>,<1.3;1.6>,<1;1.3>,<1.8;2.5>,2633,<0.7;0.9>,<5;6>,<8;11>,<1.5;2.2>,<1.2;1.8>,<1.2;1.5>,<1;1.3>,<1.5;2.2>,3181,<0.7;0.9>,<5;6>,<8;11>,<1.5;2.2>,<1.2;1.8>,<1.2;1.5>,<1;1.3>,<1.5;2.2>,2493,<0.7;0.9>,<5;6>,<8;11>,<1.5;2.2>,<1.2;1.8>,<1.2;1.5>,<1;1.3>,<1.5;2.2>,333,<0.7;0.9>,<5;6>,<8;11>,<1.5;2.2>,<1.2;1.8>,<1.2;1.5>,<1;1.3>,<1.5;2.2>,1893,<0.7;0.9>,<5;6>,<8;11>,<1.5;2.2>,<1.2;1.8>,<1.2;1.5>,<1;1.3>,<1.5;2.2>,3353,<0.6;0.8>,<5;6>,<7;10>,<1.2;2>,<1.2;1.8>,<1.2;1.5>,<1;1.3>,<1.2;2>,572,<0.6;0.8>,<5;6>,<7;10>,<1.2;1.8>,<1.2;1.8>,<1;1.3>,<1;1.3>,<1.2;1.8>,741,<0.6;0.8>,<5;6>,<7;10>,<1.2;1.8>,<1.2;1.8>,<1;1.3>,<1;1.3>,<1.2;1.8>,1423,<0.6;0.8>,<5;6>,<7;10>,<1.2;1.8>,<1.2;1.8>,<1;1.3>,<1;1.3>,<1.2;1.8>
278,100,3673,<0.8;1>,<5;6>,<9;12>,<1.8;2.5>,<1.2;1.8>,<1.3;1.6>,<1;1.3>,<1.8;2.5>,2963,<0.7;0.9>,<5;6>,<8;11>,<1.5;2.2>,<1.2;1.8>,<1.2;1.5>,<1;1.3>,<1.5;2.2>,3251,<0.7;0.9>,<5;6>,<8;11>,<1.5;2.2>,<1.2;1.8>,<1.2;1.5>,<1;1.3>,<1.5;2.2>,3021,<0.7;0.9>,<5;6>,<8;11>,<1.5;2.2>,<1.2;1.8>,<1.2;1.5>,<1;1.3>,<1.5;2.2>,503,<0.7;0.9>,<5;6>,<8;11>,<1.5;2.2>,<1.2;1.8>,<1.2;1.5>,<1;1.3>,<1.5;2.2>,1941,<0.7;0.9>,<5;6>,<8;11>,<1.5;2.2>,<1.2;1.8>,<1.2;1.5>,<1;1.3>,<1.5;2.2>,3673,<0.6;0.8>,<5;6>,<7;10>,<1.2;2>,<1.2;1.8>,<1.2;1.5>,<1;1.3>,<1.2;2>,701,<0.6;0.8>,<5;6>,<7;10>,<1.2;1.8>,<1.2;1.8>,<1;1.3>,<1;1.3>,<1.2;1.8>,863,<0.6;0.8>,<5;6>,<7;10>,<1.2;1.8>,<1.2;1.8>,<1;1.3>,<1;1.3>,<1.2;1.8>,1503,<0.6;0.8>,<5;6>,<7;10>,<1.2;1.8>,<1.2;1.8>,<1;1.3>,<1;1.3>,<1.2;1.8>
279,100,7001,<0.8;1>,<5;6>,<9;12>,<1.8;2.5>,<1.2;1.8>,<1.3;1.6>,<1;1.3>,<1.8;2.5>,3283,<0.7;0.9>,<5;6>,<8;11>,<1.5;2.2>,<1.2;1.8>,<1.2;1.5>,<1;1.3>,<1.5;2.2>,3592,<0.7;0.9>,<5;6>,<8;11>,<1.5;2.2>,<1.2;1.8>,<1.2;1.5>,<1;1.3>,<1.5;2.2>,3143,<0.7;0.9>,<5;6>,<8;11>,<1.5;2.2>,<1.2;1.8>,<1.2;1.5>,<1;1.3>,<1.5;2.2>,593,<0.7;0.9>,<5;6>,<8;11>,<1.5;2.2>,<1.2;1.8>,<1.2;1.5>,<1;1.3>,<1.5;2.2>,1951,<0.7;0.9>,<5;6>,<8;11>,<1.5;2.2>,<1.2;1.8>,<1.2;1.5>,<1;1.3>,<1.5;2.2>,7001,<0.6;0.8>,<5;6>,<7;10>,<1.2;2>,<1.2;1.8>,<1.2;1.5>,<1;1.3>,<1.2;2>,721,<0.6;0.8>,<5;6>,<7;10>,<1.2;1.8>,<1.2;1.8>,<1;1.3>,<1;1.3>,<1.2;1.8>,883,<0.6;0.8>,<5;6>,<7;10>,<1.2;1.8>,<1.2;1.8>,<1;1.3>,<1;1.3>,<1.2;1.8>,1893,<0.6;0.8>,<5;6>,<7;10>,<1.2;1.8>,<1.2;1.8>,<1;1.3>,<1;1.3>,<1.2;1.8>
280,100,44,<0.8;1>,<5;6>,<9;12>,<1.8;2.5>,<1.2;1.8>,<1.3;1.6>,<1;1.3>,<1.8;2.5>,3293,<0.7;0.9>,<5;6>,<8;11>,<1.5;2.2>,<1.2;1.8>,<1.2;1.5>,<1;1.3>,<1.5;2.2>,3663,<0.7;0.9>,<5;6>,<8;11>,<1.5;2.2>,<1.2;1.8>,<1.2;1.5>,<1;1.3>,<1.5;2.2>,3171,<0.7;0.9>,<5;6>,<8;11>,<1.5;2.2>,<1.2;1.8>,<1.2;1.5>,<1;1.3>,<1.5;2.2>,603,<0.7;0.9>,<5;6>,<8;11>,<1.5;2.2>,<1.2;1.8>,<1.2;1.5>,<1;1.3>,<1.5;2.2>,2233,<0.7;0.9>,<5;6>,<8;11>,<1.5;2.2>,<1.2;1.8>,<1.2;1.5>,<1;1.3>,<1.5;2.2>,44,<0.6;0.8>,<5;6>,<7;10>,<1.2;2>,<1.2;1.8>,<1.2;1.5>,<1;1.3>,<1.2;2>,771,<0.6;0.8>,<5;6>,<7;10>,<1.2;1.8>,<1.2;1.8>,<1;1.3>,<1;1.3>,<1.2;1.8>,1082,<0.6;0.8>,<5;6>,<7;10>,<1.2;1.8>,<1.2;1.8>,<1;1.3>,<1;1.3>,<1.2;1.8>,1941,<0.6;0.8>,<5;6>,<7;10>,<1.2;1.8>,<1.2;1.8>,<1;1.3>,<1;1.3>,<1.2;1.8>
281,100,53,<0.8;1>,<5;6>,<9;12>,<1.8;2.5>,<1.2;1.8>,<1.3;1.6>,<1;1.3>,<1.8;2.5>,3342,<0.7;0.9>,<5;6>,<8;11>,<1.5;2.2>,<1.2;1.8>,<1.2;1.5>,<1;1.3>,<1.5;2.2>,263,<0.7;0.9>,<5;6>,<8;11>,<1.5;2.2>,<1.2;1.8>,<1.2;1.5>,<1;1.3>,<1.5;2.2>,3303,<0.7;0.9>,<5;6>,<8;11>,<1.5;2.2>,<1.2;1.8>,<1.2;1.5>,<1;1.3>,<1.5;2.2>,611,<0.7;0.9>,<5;6>,<8;11>,<1.5;2.2>,<1.2;1.8>,<1.2;1.5>,<1;1.3>,<1.5;2.2>,2401,<0.7;0.9>,<5;6>,<8;11>,<1.5;2.2>,<1.2;1.8>,<1.2;1.5>,<1;1.3>,<1.5;2.2>,53,<0.6;0.8>,<5;6>,<7;10>,<1.2;2>,<1.2;1.8>,<1.2;1.5>,<1;1.3>,<1.2;2>,1231,<0.6;0.8>,<5;6>,<7;10>,<1.2;1.8>,<1.2;1.8>,<1;1.3>,<1;1.3>,<1.2;1.8>,1293,<0.6;0.8>,<5;6>,<7;10>,<1.2;1.8>,<1.2;1.8>,<1;1.3>,<1;1.3>,<1.2;1.8>,1951,<0.6;0.8>,<5;6>,<7;10>,<1.2;1.8>,<1.2;1.8>,<1;1.3>,<1;1.3>,<1.2;1.8>
282,100,82,<0.8;1>,<5;6>,<9;12>,<1.8;2.5>,<1.2;1.8>,<1.3;1.6>,<1;1.3>,<1.8;2.5>,3472,<0.7;0.9>,<5;6>,<8;11>,<1.5;2.2>,<1.2;1.8>,<1.2;1.5>,<1;1.3>,<1.5;2.2>,393,<0.7;0.9>,<5;6>,<8;11>,<1.5;2.2>,<1.2;1.8>,<1.2;1.5>,<1;1.3>,<1.5;2.2>,3353,<0.7;0.9>,<5;6>,<8;11>,<1.5;2.2>,<1.2;1.8>,<1.2;1.5>,<1;1.3>,<1.5;2.2>,631,<0.7;0.9>,<5;6>,<8;11>,<1.5;2.2>,<1.2;1.8>,<1.2;1.5>,<1;1.3>,<1.5;2.2>,2493,<0.7;0.9>,<5;6>,<8;11>,<1.5;2.2>,<1.2;1.8>,<1.2;1.5>,<1;1.3>,<1.5;2.2>,82,<0.6;0.8>,<5;6>,<7;10>,<1.2;2>,<1.2;1.8>,<1.2;1.5>,<1;1.3>,<1.2;2>,1241,<0.6;0.8>,<5;6>,<7;10>,<1.2;1.8>,<1.2;1.8>,<1;1.3>,<1;1.3>,<1.2;1.8>,1612,<0.6;0.8>,<5;6>,<7;10>,<1.2;1.8>,<1.2;1.8>,<1;1.3>,<1;1.3>,<1.2;1.8>,2233,<0.6;0.8>,<5;6>,<7;10>,<1.2;1.8>,<1.2;1.8>,<1;1.3>,<1;1.3>,<1.2;1.8>
283,100,692,<0.8;1>,<5;6>,<9;12>,<1.8;2.5>,<1.2;1.8>,<1.3;1.6>,<1;1.3>,<1.8;2.5>,3511,<0.7;0.9>,<5;6>,<8;11>,<1.5;2.2>,<1.2;1.8>,<1.2;1.5>,<1;1.3>,<1.5;2.2>,572,<0.7;0.9>,<5;6>,<8;11>,<1.5;2.2>,<1.2;1.8>,<1.2;1.5>,<1;1.3>,<1.5;2.2>,3673,<0.7;0.9>,<5;6>,<8;11>,<1.5;2.2>,<1.2;1.8>,<1.2;1.5>,<1;1.3>,<1.5;2.2>,641,<0.7;0.9>,<5;6>,<8;11>,<1.5;2.2>,<1.2;1.8>,<1.2;1.5>,<1;1.3>,<1.5;2.2>,3021,<0.7;0.9>,<5;6>,<8;11>,<1.5;2.2>,<1.2;1.8>,<1.2;1.5>,<1;1.3>,<1.5;2.2>,692,<0.6;0.8>,<5;6>,<7;10>,<1.2;2>,<1.2;1.8>,<1.2;1.5>,<1;1.3>,<1.2;2>,1313,<0.6;0.8>,<5;6>,<7;10>,<1.2;1.8>,<1.2;1.8>,<1;1.3>,<1;1.3>,<1.2;1.8>,2033,<0.6;0.8>,<5;6>,<7;10>,<1.2;1.8>,<1.2;1.8>,<1;1.3>,<1;1.3>,<1.2;1.8>,2401,<0.6;0.8>,<5;6>,<7;10>,<1.2;1.8>,<1.2;1.8>,<1;1.3>,<1;1.3>,<1.2;1.8>
284,100,2683,<0.8;1>,<5;6>,<9;12>,<1.8;2.5>,<1.2;1.8>,<1.3;1.6>,<1;1.3>,<1.8;2.5>,3683,<0.7;0.9>,<5;6>,<8;11>,<1.5;2.2>,<1.2;1.8>,<1.2;1.5>,<1;1.3>,<1.5;2.2>,701,<0.7;0.9>,<5;6>,<8;11>,<1.5;2.2>,<1.2;1.8>,<1.2;1.5>,<1;1.3>,<1.5;2.2>,7001,<0.7;0.9>,<5;6>,<8;11>,<1.5;2.2>,<1.2;1.8>,<1.2;1.5>,<1;1.3>,<1.5;2.2>,712,<0.7;0.9>,<5;6>,<8;11>,<1.5;2.2>,<1.2;1.8>,<1.2;1.5>,<1;1.3>,<1.5;2.2>,3143,<0.7;0.9>,<5;6>,<8;11>,<1.5;2.2>,<1.2;1.8>,<1.2;1.5>,<1;1.3>,<1.5;2.2>,2683,<0.6;0.8>,<5;6>,<7;10>,<1.2;2>,<1.2;1.8>,<1.2;1.5>,<1;1.3>,<1.2;2>,1393,<0.6;0.8>,<5;6>,<7;10>,<1.2;1.8>,<1.2;1.8>,<1;1.3>,<1;1.3>,<1.2;1.8>,972,<0.6;0.8>,<5;6>,<7;10>,<1.2;1.8>,<1.2;1.8>,<1;1.3>,<1;1.3>,<1.2;1.8>,2493,<0.6;0.8>,<5;6>,<7;10>,<1.2;1.8>,<1.2;1.8>,<1;1.3>,<1;1.3>,<1.2;1.8>
285,100,2843,<0.8;1>,<5;6>,<9;12>,<1.8;2.5>,<1.2;1.8>,<1.3;1.6>,<1;1.3>,<1.8;2.5>,731,<0.7;0.9>,<5;6>,<8;11>,<1.5;2.2>,<1.2;1.8>,<1.2;1.5>,<1;1.3>,<1.5;2.2>,721,<0.7;0.9>,<5;6>,<8;11>,<1.5;2.2>,<1.2;1.8>,<1.2;1.5>,<1;1.3>,<1.5;2.2>,44,<0.7;0.9>,<5;6>,<8;11>,<1.5;2.2>,<1.2;1.8>,<1.2;1.5>,<1;1.3>,<1.5;2.2>,741,<0.7;0.9>,<5;6>,<8;11>,<1.5;2.2>,<1.2;1.8>,<1.2;1.5>,<1;1.3>,<1.5;2.2>,3171,<0.7;0.9>,<5;6>,<8;11>,<1.5;2.2>,<1.2;1.8>,<1.2;1.5>,<1;1.3>,<1.5;2.2>,2843,<0.6;0.8>,<5;6>,<7;10>,<1.2;2>,<1.2;1.8>,<1.2;1.5>,<1;1.3>,<1.2;2>,1423,<0.6;0.8>,<5;6>,<7;10>,<1.2;1.8>,<1.2;1.8>,<1;1.3>,<1;1.3>,<1.2;1.8>,1032,<0.6;0.8>,<5;6>,<7;10>,<1.2;1.8>,<1.2;1.8>,<1;1.3>,<1;1.3>,<1.2;1.8>,3021,<0.6;0.8>,<5;6>,<7;10>,<1.2;1.8>,<1.2;1.8>,<1;1.3>,<1;1.3>,<1.2;1.8>
286,100,3432,<0.8;1>,<5;6>,<9;12>,<1.8;2.5>,<1.2;1.8>,<1.3;1.6>,<1;1.3>,<1.8;2.5>,1221,<0.7;0.9>,<5;6>,<8;11>,<1.5;2.2>,<1.2;1.8>,<1.2;1.5>,<1;1.3>,<1.5;2.2>,771,<0.7;0.9>,<5;6>,<8;11>,<1.5;2.2>,<1.2;1.8>,<1.2;1.5>,<1;1.3>,<1.5;2.2>,53,<0.7;0.9>,<5;6>,<8;11>,<1.5;2.2>,<1.2;1.8>,<1.2;1.5>,<1;1.3>,<1.5;2.2>,863,<0.7;0.9>,<5;6>,<8;11>,<1.5;2.2>,<1.2;1.8>,<1.2;1.5>,<1;1.3>,<1.5;2.2>,3303,<0.7;0.9>,<5;6>,<8;11>,<1.5;2.2>,<1.2;1.8>,<1.2;1.5>,<1;1.3>,<1.5;2.2>,3432,<0.6;0.8>,<5;6>,<7;10>,<1.2;2>,<1.2;1.8>,<1.2;1.5>,<1;1.3>,<1.2;2>,1503,<0.6;0.8>,<5;6>,<7;10>,<1.2;1.8>,<1.2;1.8>,<1;1.3>,<1;1.3>,<1.2;1.8>,1071,<0.6;0.8>,<5;6>,<7;10>,<1.2;1.8>,<1.2;1.8>,<1;1.3>,<1;1.3>,<1.2;1.8>,3143,<0.6;0.8>,<5;6>,<7;10>,<1.2;1.8>,<1.2;1.8>,<1;1.3>,<1;1.3>,<1.2;1.8>
287,100,3772,<0.8;1>,<5;6>,<9;12>,<1.8;2.5>,<1.2;1.8>,<1.3;1.6>,<1;1.3>,<1.8;2.5>,1903,<0.7;0.9>,<5;6>,<8;11>,<1.5;2.2>,<1.2;1.8>,<1.2;1.5>,<1;1.3>,<1.5;2.2>,1231,<0.7;0.9>,<5;6>,<8;11>,<1.5;2.2>,<1.2;1.8>,<1.2;1.5>,<1;1.3>,<1.5;2.2>,82,<0.7;0.9>,<5;6>,<8;11>,<1.5;2.2>,<1.2;1.8>,<1.2;1.5>,<1;1.3>,<1.5;2.2>,883,<0.7;0.9>,<5;6>,<8;11>,<1.5;2.2>,<1.2;1.8>,<1.2;1.5>,<1;1.3>,<1.5;2.2>,3353,<0.7;0.9>,<5;6>,<8;11>,<1.5;2.2>,<1.2;1.8>,<1.2;1.5>,<1;1.3>,<1.5;2.2>,3772,<0.6;0.8>,<5;6>,<7;10>,<1.2;2>,<1.2;1.8>,<1.2;1.5>,<1;1.3>,<1.2;2>,1893,<0.6;0.8>,<5;6>,<7;10>,<1.2;1.8>,<1.2;1.8>,<1;1.3>,<1;1.3>,<1.2;1.8>,1253,<0.6;0.8>,<5;6>,<7;10>,<1.2;1.8>,<1.2;1.8>,<1;1.3>,<1;1.3>,<1.2;1.8>,3171,<0.6;0.8>,<5;6>,<7;10>,<1.2;1.8>,<1.2;1.8>,<1;1.3>,<1;1.3>,<1.2;1.8>
288,100,13,<0.8;1>,<5;6>,<9;12>,<1.8;2.5>,<1.2;1.8>,<1.3;1.6>,<1;1.3>,<1.8;2.5>,1931,<0.7;0.9>,<5;6>,<8;11>,<1.5;2.2>,<1.2;1.8>,<1.2;1.5>,<1;1.3>,<1.5;2.2>,1241,<0.7;0.9>,<5;6>,<8;11>,<1.5;2.2>,<1.2;1.8>,<1.2;1.5>,<1;1.3>,<1.5;2.2>,692,<0.7;0.9>,<5;6>,<8;11>,<1.5;2.2>,<1.2;1.8>,<1.2;1.5>,<1;1.3>,<1.5;2.2>,1082,<0.7;0.9>,<5;6>,<8;11>,<1.5;2.2>,<1.2;1.8>,<1.2;1.5>,<1;1.3>,<1.5;2.2>,3673,<0.7;0.9>,<5;6>,<8;11>,<1.5;2.2>,<1.2;1.8>,<1.2;1.5>,<1;1.3>,<1.5;2.2>,13,<0.6;0.8>,<5;6>,<7;10>,<1.2;2>,<1.2;1.8>,<1.2;1.5>,<1;1.3>,<1.2;2>,1941,<0.6;0.8>,<5;6>,<7;10>,<1.2;1.8>,<1.2;1.8>,<1;1.3>,<1;1.3>,<1.2;1.8>,1303,<0.6;0.8>,<5;6>,<7;10>,<1.2;1.8>,<1.2;1.8>,<1;1.3>,<1;1.3>,<1.2;1.8>,3303,<0.6;0.8>,<5;6>,<7;10>,<1.2;1.8>,<1.2;1.8>,<1;1.3>,<1;1.3>,<1.2;1.8>
289,100,273,<0.8;1>,<5;6>,<9;12>,<1.8;2.5>,<1.2;1.8>,<1.3;1.6>,<1;1.3>,<1.8;2.5>,3543,<0.7;0.9>,<5;6>,<8;11>,<1.5;2.2>,<1.2;1.8>,<1.2;1.5>,<1;1.3>,<1.5;2.2>,1313,<0.7;0.9>,<5;6>,<8;11>,<1.5;2.2>,<1.2;1.8>,<1.2;1.5>,<1;1.3>,<1.5;2.2>,2683,<0.7;0.9>,<5;6>,<8;11>,<1.5;2.2>,<1.2;1.8>,<1.2;1.5>,<1;1.3>,<1.5;2.2>,1293,<0.7;0.9>,<5;6>,<8;11>,<1.5;2.2>,<1.2;1.8>,<1.2;1.5>,<1;1.3>,<1.5;2.2>,7001,<0.7;0.9>,<5;6>,<8;11>,<1.5;2.2>,<1.2;1.8>,<1.2;1.5>,<1;1.3>,<1.5;2.2>,273,<0.6;0.8>,<5;6>,<7;10>,<1.2;2>,<1.2;1.8>,<1.2;1.5>,<1;1.3>,<1.2;2>,1951,<0.6;0.8>,<5;6>,<7;10>,<1.2;1.8>,<1.2;1.8>,<1;1.3>,<1;1.3>,<1.2;1.8>,1381,<0.6;0.8>,<5;6>,<7;10>,<1.2;1.8>,<1.2;1.8>,<1;1.3>,<1;1.3>,<1.2;1.8>,3353,<0.6;0.8>,<5;6>,<7;10>,<1.2;1.8>,<1.2;1.8>,<1;1.3>,<1;1.3>,<1.2;1.8>
290,100,402,<0.8;1>,<5;6>,<9;12>,<1.8;2.5>,<1.2;1.8>,<1.3;1.6>,<1;1.3>,<1.8;2.5>,163,<0.7;0.9>,<5;6>,<8;11>,<1.5;2.2>,<1.2;1.8>,<1.2;1.5>,<1;1.3>,<1.5;2.2>,1393,<0.7;0.9>,<5;6>,<8;11>,<1.5;2.2>,<1.2;1.8>,<1.2;1.5>,<1;1.3>,<1.5;2.2>,2843,<0.7;0.9>,<5;6>,<8;11>,<1.5;2.2>,<1.2;1.8>,<1.2;1.5>,<1;1.3>,<1.5;2.2>,1612,<0.7;0.9>,<5;6>,<8;11>,<1.5;2.2>,<1.2;1.8>,<1.2;1.5>,<1;1.3>,<1.5;2.2>,44,<0.7;0.9>,<5;6>,<8;11>,<1.5;2.2>,<1.2;1.8>,<1.2;1.5>,<1;1.3>,<1.5;2.2>,402,<0.6;0.8>,<5;6>,<7;10>,<1.2;2>,<1.2;1.8>,<1.2;1.5>,<1;1.3>,<1.2;2>,2233,<0.6;0.8>,<5;6>,<7;10>,<1.2;1.8>,<1.2;1.8>,<1;1.3>,<1;1.3>,<1.2;1.8>,1772,<0.6;0.8>,<5;6>,<7;10>,<1.2;1.8>,<1.2;1.8>,<1;1.3>,<1;1.3>,<1.2;1.8>,3673,<0.6;0.8>,<5;6>,<7;10>,<1.2;1.8>,<1.2;1.8>,<1;1.3>,<1;1.3>,<1.2;1.8>
291,100,493,<0.8;1>,<5;6>,<9;12>,<1.8;2.5>,<1.2;1.8>,<1.3;1.6>,<1;1.3>,<1.8;2.5>,242,<0.7;0.9>,<5;6>,<8;11>,<1.5;2.2>,<1.2;1.8>,<1.2;1.5>,<1;1.3>,<1.5;2.2>,1423,<0.7;0.9>,<5;6>,<8;11>,<1.5;2.2>,<1.2;1.8>,<1.2;1.5>,<1;1.3>,<1.5;2.2>,3432,<0.7;0.9>,<5;6>,<8;11>,<1.5;2.2>,<1.2;1.8>,<1.2;1.5>,<1;1.3>,<1.5;2.2>,2033,<0.7;0.9>,<5;6>,<8;11>,<1.5;2.2>,<1.2;1.8>,<1.2;1.5>,<1;1.3>,<1.5;2.2>,53,<0.7;0.9>,<5;6>,<8;11>,<1.5;2.2>,<1.2;1.8>,<1.2;1.5>,<1;1.3>,<1.5;2.2>,493,<0.6;0.8>,<5;6>,<7;10>,<1.2;2>,<1.2;1.8>,<1.2;1.5>,<1;1.3>,<1.2;2>,2401,<0.6;0.8>,<5;6>,<7;10>,<1.2;1.8>,<1.2;1.8>,<1;1.3>,<1;1.3>,<1.2;1.8>,1813,<0.6;0.8>,<5;6>,<7;10>,<1.2;1.8>,<1.2;1.8>,<1;1.3>,<1;1.3>,<1.2;1.8>,7001,<0.6;0.8>,<5;6>,<7;10>,<1.2;1.8>,<1.2;1.8>,<1;1.3>,<1;1.3>,<1.2;1.8>
292,100,552,<0.8;1>,<5;6>,<9;12>,<1.8;2.5>,<1.2;1.8>,<1.3;1.6>,<1;1.3>,<1.8;2.5>,333,<0.7;0.9>,<5;6>,<8;11>,<1.5;2.2>,<1.2;1.8>,<1.2;1.5>,<1;1.3>,<1.5;2.2>,1503,<0.7;0.9>,<5;6>,<8;11>,<1.5;2.2>,<1.2;1.8>,<1.2;1.5>,<1;1.3>,<1.5;2.2>,3772,<0.7;0.9>,<5;6>,<8;11>,<1.5;2.2>,<1.2;1.8>,<1.2;1.5>,<1;1.3>,<1.5;2.2>,972,<0.7;0.9>,<5;6>,<8;11>,<1.5;2.2>,<1.2;1.8>,<1.2;1.5>,<1;1.3>,<1.5;2.2>,82,<0.7;0.9>,<5;6>,<8;11>,<1.5;2.2>,<1.2;1.8>,<1.2;1.5>,<1;1.3>,<1.5;2.2>,552,<0.6;0.8>,<5;6>,<7;10>,<1.2;2>,<1.2;1.8>,<1.2;1.5>,<1;1.3>,<1.2;2>,2493,<0.6;0.8>,<5;6>,<7;10>,<1.2;1.8>,<1.2;1.8>,<1;1.3>,<1;1.3>,<1.2;1.8>,1841,<0.6;0.8>,<5;6>,<7;10>,<1.2;1.8>,<1.2;1.8>,<1;1.3>,<1;1.3>,<1.2;1.8>,731,<0.6;0.8>,<5;6>,<7;10>,<1.2;1.8>,<1.2;1.8>,<1;1.3>,<1;1.3>,<1.2;1.8>
293,100,793,<0.8;1>,<5;6>,<9;12>,<1.8;2.5>,<1.2;1.8>,<1.3;1.6>,<1;1.3>,<1.8;2.5>,503,<0.7;0.9>,<5;6>,<8;11>,<1.5;2.2>,<1.2;1.8>,<1.2;1.5>,<1;1.3>,<1.5;2.2>,1893,<0.7;0.9>,<5;6>,<8;11>,<1.5;2.2>,<1.2;1.8>,<1.2;1.5>,<1;1.3>,<1.5;2.2>,13,<0.7;0.9>,<5;6>,<8;11>,<1.5;2.2>,<1.2;1.8>,<1.2;1.5>,<1;1.3>,<1.5;2.2>,1032,<0.7;0.9>,<5;6>,<8;11>,<1.5;2.2>,<1.2;1.8>,<1.2;1.5>,<1;1.3>,<1.5;2.2>,692,<0.7;0.9>,<5;6>,<8;11>,<1.5;2.2>,<1.2;1.8>,<1.2;1.5>,<1;1.3>,<1.5;2.2>,793,<0.6;0.8>,<5;6>,<7;10>,<1.2;2>,<1.2;1.8>,<1.2;1.5>,<1;1.3>,<1.2;2>,3021,<0.6;0.8>,<5;6>,<7;10>,<1.2;1.8>,<1.2;1.8>,<1;1.3>,<1;1.3>,<1.2;1.8>,1911,<0.6;0.8>,<5;6>,<7;10>,<1.2;1.8>,<1.2;1.8>,<1;1.3>,<1;1.3>,<1.2;1.8>,1221,<0.6;0.8>,<5;6>,<7;10>,<1.2;1.8>,<1.2;1.8>,<1;1.3>,<1;1.3>,<1.2;1.8>
294,100,2013,<0.8;1>,<5;6>,<9;12>,<1.8;2.5>,<1.2;1.8>,<1.3;1.6>,<1;1.3>,<1.8;2.5>,593,<0.7;0.9>,<5;6>,<8;11>,<1.5;2.2>,<1.2;1.8>,<1.2;1.5>,<1;1.3>,<1.5;2.2>,1941,<0.7;0.9>,<5;6>,<8;11>,<1.5;2.2>,<1.2;1.8>,<1.2;1.5>,<1;1.3>,<1.5;2.2>,273,<0.7;0.9>,<5;6>,<8;11>,<1.5;2.2>,<1.2;1.8>,<1.2;1.5>,<1;1.3>,<1.5;2.2>,1071,<0.7;0.9>,<5;6>,<8;11>,<1.5;2.2>,<1.2;1.8>,<1.2;1.5>,<1;1.3>,<1.5;2.2>,2683,<0.7;0.9>,<5;6>,<8;11>,<1.5;2.2>,<1.2;1.8>,<1.2;1.5>,<1;1.3>,<1.5;2.2>,2013,<0.6;0.8>,<5;6>,<7;10>,<1.2;2>,<1.2;1.8>,<1.2;1.5>,<1;1.3>,<1.2;2>,3143,<0.6;0.8>,<5;6>,<7;10>,<1.2;1.8>,<1.2;1.8>,<1;1.3>,<1;1.3>,<1.2;1.8>,2023,<0.6;0.8>,<5;6>,<7;10>,<1.2;1.8>,<1.2;1.8>,<1;1.3>,<1;1.3>,<1.2;1.8>,1903,<0.6;0.8>,<5;6>,<7;10>,<1.2;1.8>,<1.2;1.8>,<1;1.3>,<1;1.3>,<1.2;1.8>
295,100,2073,<0.8;1>,<5;6>,<9;12>,<1.8;2.5>,<1.2;1.8>,<1.3;1.6>,<1;1.3>,<1.8;2.5>,603,<0.7;0.9>,<5;6>,<8;11>,<1.5;2.2>,<1.2;1.8>,<1.2;1.5>,<1;1.3>,<1.5;2.2>,1951,<0.7;0.9>,<5;6>,<8;11>,<1.5;2.2>,<1.2;1.8>,<1.2;1.5>,<1;1.3>,<1.5;2.2>,402,<0.7;0.9>,<5;6>,<8;11>,<1.5;2.2>,<1.2;1.8>,<1.2;1.5>,<1;1.3>,<1.5;2.2>,1253,<0.7;0.9>,<5;6>,<8;11>,<1.5;2.2>,<1.2;1.8>,<1.2;1.5>,<1;1.3>,<1.5;2.2>,2843,<0.7;0.9>,<5;6>,<8;11>,<1.5;2.2>,<1.2;1.8>,<1.2;1.5>,<1;1.3>,<1.5;2.2>,2073,<0.6;0.8>,<5;6>,<7;10>,<1.2;2>,<1.2;1.8>,<1.2;1.5>,<1;1.3>,<1.2;2>,3171,<0.6;0.8>,<5;6>,<7;10>,<1.2;1.8>,<1.2;1.8>,<1;1.3>,<1;1.3>,<1.2;1.8>,2242,<0.6;0.8>,<5;6>,<7;10>,<1.2;1.8>,<1.2;1.8>,<1;1.3>,<1;1.3>,<1.2;1.8>,1931,<0.6;0.8>,<5;6>,<7;10>,<1.2;1.8>,<1.2;1.8>,<1;1.3>,<1;1.3>,<1.2;1.8>
296,100,2593,<0.8;1>,<5;6>,<9;12>,<1.8;2.5>,<1.2;1.8>,<1.3;1.6>,<1;1.3>,<1.8;2.5>,611,<0.7;0.9>,<5;6>,<8;11>,<1.5;2.2>,<1.2;1.8>,<1.2;1.5>,<1;1.3>,<1.5;2.2>,2233,<0.7;0.9>,<5;6>,<8;11>,<1.5;2.2>,<1.2;1.8>,<1.2;1.5>,<1;1.3>,<1.5;2.2>,493,<0.7;0.9>,<5;6>,<8;11>,<1.5;2.2>,<1.2;1.8>,<1.2;1.5>,<1;1.3>,<1.5;2.2>,1303,<0.7;0.9>,<5;6>,<8;11>,<1.5;2.2>,<1.2;1.8>,<1.2;1.5>,<1;1.3>,<1.5;2.2>,3432,<0.7;0.9>,<5;6>,<8;11>,<1.5;2.2>,<1.2;1.8>,<1.2;1.5>,<1;1.3>,<1.5;2.2>,2593,<0.6;0.8>,<5;6>,<7;10>,<1.2;2>,<1.2;1.8>,<1.2;1.5>,<1;1.3>,<1.2;2>,3303,<0.6;0.8>,<5;6>,<7;10>,<1.2;1.8>,<1.2;1.8>,<1;1.3>,<1;1.3>,<1.2;1.8>,2723,<0.6;0.8>,<5;6>,<7;10>,<1.2;1.8>,<1.2;1.8>,<1;1.3>,<1;1.3>,<1.2;1.8>,3543,<0.6;0.8>,<5;6>,<7;10>,<1.2;1.8>,<1.2;1.8>,<1;1.3>,<1;1.3>,<1.2;1.8>
297,100,2612,<0.8;1>,<5;6>,<9;12>,<1.8;2.5>,<1.2;1.8>,<1.3;1.6>,<1;1.3>,<1.8;2.5>,631,<0.7;0.9>,<5;6>,<8;11>,<1.5;2.2>,<1.2;1.8>,<1.2;1.5>,<1;1.3>,<1.5;2.2>,2401,<0.7;0.9>,<5;6>,<8;11>,<1.5;2.2>,<1.2;1.8>,<1.2;1.5>,<1;1.3>,<1.5;2.2>,552,<0.7;0.9>,<5;6>,<8;11>,<1.5;2.2>,<1.2;1.8>,<1.2;1.5>,<1;1.3>,<1.5;2.2>,1381,<0.7;0.9>,<5;6>,<8;11>,<1.5;2.2>,<1.2;1.8>,<1.2;1.5>,<1;1.3>,<1.5;2.2>,3772,<0.7;0.9>,<5;6>,<8;11>,<1.5;2.2>,<1.2;1.8>,<1.2;1.5>,<1;1.3>,<1.5;2.2>,2612,<0.6;0.8>,<5;6>,<7;10>,<1.2;2>,<1.2;1.8>,<1.2;1.5>,<1;1.3>,<1.2;2>,3353,<0.6;0.8>,<5;6>,<7;10>,<1.2;1.8>,<1.2;1.8>,<1;1.3>,<1;1.3>,<1.2;1.8>,3003,<0.6;0.8>,<5;6>,<7;10>,<1.2;1.8>,<1.2;1.8>,<1;1.3>,<1;1.3>,<1.2;1.8>,163,<0.6;0.8>,<5;6>,<7;10>,<1.2;1.8>,<1.2;1.8>,<1;1.3>,<1;1.3>,<1.2;1.8>
298,100,2633,<0.8;1>,<5;6>,<9;12>,<1.8;2.5>,<1.2;1.8>,<1.3;1.6>,<1;1.3>,<1.8;2.5>,641,<0.7;0.9>,<5;6>,<8;11>,<1.5;2.2>,<1.2;1.8>,<1.2;1.5>,<1;1.3>,<1.5;2.2>,2493,<0.7;0.9>,<5;6>,<8;11>,<1.5;2.2>,<1.2;1.8>,<1.2;1.5>,<1;1.3>,<1.5;2.2>,793,<0.7;0.9>,<5;6>,<8;11>,<1.5;2.2>,<1.2;1.8>,<1.2;1.5>,<1;1.3>,<1.5;2.2>,1772,<0.7;0.9>,<5;6>,<8;11>,<1.5;2.2>,<1.2;1.8>,<1.2;1.5>,<1;1.3>,<1.5;2.2>,13,<0.7;0.9>,<5;6>,<8;11>,<1.5;2.2>,<1.2;1.8>,<1.2;1.5>,<1;1.3>,<1.5;2.2>,2633,<0.6;0.8>,<5;6>,<7;10>,<1.2;2>,<1.2;1.8>,<1.2;1.5>,<1;1.3>,<1.2;2>,3673,<0.6;0.8>,<5;6>,<7;10>,<1.2;1.8>,<1.2;1.8>,<1;1.3>,<1;1.3>,<1.2;1.8>,3152,<0.6;0.8>,<5;6>,<7;10>,<1.2;1.8>,<1.2;1.8>,<1;1.3>,<1;1.3>,<1.2;1.8>,242,<0.6;0.8>,<5;6>,<7;10>,<1.2;1.8>,<1.2;1.8>,<1;1.3>,<1;1.3>,<1.2;1.8>
299,100,2963,<0.8;1>,<5;6>,<9;12>,<1.8;2.5>,<1.2;1.8>,<1.3;1.6>,<1;1.3>,<1.8;2.5>,712,<0.7;0.9>,<5;6>,<8;11>,<1.5;2.2>,<1.2;1.8>,<1.2;1.5>,<1;1.3>,<1.5;2.2>,3021,<0.7;0.9>,<5;6>,<8;11>,<1.5;2.2>,<1.2;1.8>,<1.2;1.5>,<1;1.3>,<1.5;2.2>,2013,<0.7;0.9>,<5;6>,<8;11>,<1.5;2.2>,<1.2;1.8>,<1.2;1.5>,<1;1.3>,<1.5;2.2>,1813,<0.7;0.9>,<5;6>,<8;11>,<1.5;2.2>,<1.2;1.8>,<1.2;1.5>,<1;1.3>,<1.5;2.2>,273,<0.7;0.9>,<5;6>,<8;11>,<1.5;2.2>,<1.2;1.8>,<1.2;1.5>,<1;1.3>,<1.5;2.2>,2963,<0.6;0.8>,<5;6>,<7;10>,<1.2;2>,<1.2;1.8>,<1.2;1.5>,<1;1.3>,<1.2;2>,7001,<0.6;0.8>,<5;6>,<7;10>,<1.2;1.8>,<1.2;1.8>,<1;1.3>,<1;1.3>,<1.2;1.8>,3161,<0.6;0.8>,<5;6>,<7;10>,<1.2;1.8>,<1.2;1.8>,<1;1.3>,<1;1.3>,<1.2;1.8>,333,<0.6;0.8>,<5;6>,<7;10>,<1.2;1.8>,<1.2;1.8>,<1;1.3>,<1;1.3>,<1.2;1.8>
300,100,3283,<0.8;1>,<5;6>,<9;12>,<1.8;2.5>,<1.2;1.8>,<1.3;1.6>,<1;1.3>,<1.8;2.5>,741,<0.7;0.9>,<5;6>,<8;11>,<1.5;2.2>,<1.2;1.8>,<1.2;1.5>,<1;1.3>,<1.5;2.2>,3143,<0.7;0.9>,<5;6>,<8;11>,<1.5;2.2>,<1.2;1.8>,<1.2;1.5>,<1;1.3>,<1.5;2.2>,2073,<0.7;0.9>,<5;6>,<8;11>,<1.5;2.2>,<1.2;1.8>,<1.2;1.5>,<1;1.3>,<1.5;2.2>,1841,<0.7;0.9>,<5;6>,<8;11>,<1.5;2.2>,<1.2;1.8>,<1.2;1.5>,<1;1.3>,<1.5;2.2>,402,<0.7;0.9>,<5;6>,<8;11>,<1.5;2.2>,<1.2;1.8>,<1.2;1.5>,<1;1.3>,<1.5;2.2>,3283,<0.6;0.8>,<5;6>,<7;10>,<1.2;2>,<1.2;1.8>,<1.2;1.5>,<1;1.3>,<1.2;2>,44,<0.6;0.8>,<5;6>,<7;10>,<1.2;1.8>,<1.2;1.8>,<1;1.3>,<1;1.3>,<1.2;1.8>,3181,<0.6;0.8>,<5;6>,<7;10>,<1.2;1.8>,<1.2;1.8>,<1;1.3>,<1;1.3>,<1.2;1.8>,503,<0.6;0.8>,<5;6>,<7;10>,<1.2;1.8>,<1.2;1.8>,<1;1.3>,<1;1.3>,<1.2;1.8>
