2026-02-01 07:17:08.786000
Namespace(flag='y', inplace=True, onebyone=True, src_path='E:\\cnkdjx\\Client\\MyLuaGame\\frameworks\\pokemon_proj_tc_qd\\proj.android\\app\\build\\intermediates\\assets\\androidpack\\x64\\src')
PACKINPUTFLAG: y
SRC_PATH: E:\cnkdjx\Client\MyLuaGame\frameworks\pokemon_proj_tc_qd\proj.android\app\build\intermediates\assets\androidpack\x64\src
ABS_SRC_PATH: E:\cnkdjx\Client\MyLuaGame\frameworks\pokemon_proj_tc_qd\proj.android\app\build\intermediates\assets\androidpack\x64\src
INPLACE: True
ONEBYONE: True
begin compile E:\cnkdjx\Client\MyLuaGame\frameworks\pokemon_proj_tc_qd\proj.android\app\build\intermediates\assets\androidpack\x64\src
XXTEA_KEY 3db4cd9c55f0ccdf38174d8d81bcad07
E:\cnkdjx\Client\MyLuaGame\frameworks\pokemon_proj_tc_qd\proj.android\app\build\intermediates\assets\androidpack\x64\src\battle_report.lua compile ok
E:\cnkdjx\Client\MyLuaGame\frameworks\pokemon_proj_tc_qd\proj.android\app\build\intermediates\assets\androidpack\x64\src\defines.lua compile ok
E:\cnkdjx\Client\MyLuaGame\frameworks\pokemon_proj_tc_qd\proj.android\app\build\intermediates\assets\androidpack\x64\src\exception_handler.lua compile ok
E:\cnkdjx\Client\MyLuaGame\frameworks\pokemon_proj_tc_qd\proj.android\app\build\intermediates\assets\androidpack\x64\src\lib.lua compile ok
E:\cnkdjx\Client\MyLuaGame\frameworks\pokemon_proj_tc_qd\proj.android\app\build\intermediates\assets\androidpack\x64\src\main.lua compile ok
E:\cnkdjx\Client\MyLuaGame\frameworks\pokemon_proj_tc_qd\proj.android\app\build\intermediates\assets\androidpack\x64\src\3rd\base64.lua compile ok
E:\cnkdjx\Client\MyLuaGame\frameworks\pokemon_proj_tc_qd\proj.android\app\build\intermediates\assets\androidpack\x64\src\3rd\CRC32.lua compile ok
E:\cnkdjx\Client\MyLuaGame\frameworks\pokemon_proj_tc_qd\proj.android\app\build\intermediates\assets\androidpack\x64\src\3rd\lua-callgrind.lua compile ok
E:\cnkdjx\Client\MyLuaGame\frameworks\pokemon_proj_tc_qd\proj.android\app\build\intermediates\assets\androidpack\x64\src\3rd\MD5.lua compile ok
E:\cnkdjx\Client\MyLuaGame\frameworks\pokemon_proj_tc_qd\proj.android\app\build\intermediates\assets\androidpack\x64\src\3rd\memutils.lua compile ok
E:\cnkdjx\Client\MyLuaGame\frameworks\pokemon_proj_tc_qd\proj.android\app\build\intermediates\assets\androidpack\x64\src\3rd\msgpack.lua compile ok
E:\cnkdjx\Client\MyLuaGame\frameworks\pokemon_proj_tc_qd\proj.android\app\build\intermediates\assets\androidpack\x64\src\3rd\ProFi.lua compile ok
E:\cnkdjx\Client\MyLuaGame\frameworks\pokemon_proj_tc_qd\proj.android\app\build\intermediates\assets\androidpack\x64\src\3rd\stringzutils.lua compile ok
E:\cnkdjx\Client\MyLuaGame\frameworks\pokemon_proj_tc_qd\proj.android\app\build\intermediates\assets\androidpack\x64\src\3rd\url.lua compile ok
E:\cnkdjx\Client\MyLuaGame\frameworks\pokemon_proj_tc_qd\proj.android\app\build\intermediates\assets\androidpack\x64\src\3rd\utf.lua compile ok
E:\cnkdjx\Client\MyLuaGame\frameworks\pokemon_proj_tc_qd\proj.android\app\build\intermediates\assets\androidpack\x64\src\3rd\zlib2.lua compile ok
E:\cnkdjx\Client\MyLuaGame\frameworks\pokemon_proj_tc_qd\proj.android\app\build\intermediates\assets\androidpack\x64\src\app\config.lua compile ok
E:\cnkdjx\Client\MyLuaGame\frameworks\pokemon_proj_tc_qd\proj.android\app\build\intermediates\assets\androidpack\x64\src\app\config_api.lua compile ok
E:\cnkdjx\Client\MyLuaGame\frameworks\pokemon_proj_tc_qd\proj.android\app\build\intermediates\assets\androidpack\x64\src\app\game_app.lua compile ok
E:\cnkdjx\Client\MyLuaGame\frameworks\pokemon_proj_tc_qd\proj.android\app\build\intermediates\assets\androidpack\x64\src\app\game_net.lua compile ok
E:\cnkdjx\Client\MyLuaGame\frameworks\pokemon_proj_tc_qd\proj.android\app\build\intermediates\assets\androidpack\x64\src\app\game_protocol.lua compile ok
E:\cnkdjx\Client\MyLuaGame\frameworks\pokemon_proj_tc_qd\proj.android\app\build\intermediates\assets\androidpack\x64\src\app\game_ui.lua compile ok
E:\cnkdjx\Client\MyLuaGame\frameworks\pokemon_proj_tc_qd\proj.android\app\build\intermediates\assets\androidpack\x64\src\app\include.lua compile ok
E:\cnkdjx\Client\MyLuaGame\frameworks\pokemon_proj_tc_qd\proj.android\app\build\intermediates\assets\androidpack\x64\src\app\subpackage.lua compile ok
E:\cnkdjx\Client\MyLuaGame\frameworks\pokemon_proj_tc_qd\proj.android\app\build\intermediates\assets\androidpack\x64\src\app\defines\app_defines.lua compile ok
E:\cnkdjx\Client\MyLuaGame\frameworks\pokemon_proj_tc_qd\proj.android\app\build\intermediates\assets\androidpack\x64\src\app\defines\config_defines.lua compile ok
E:\cnkdjx\Client\MyLuaGame\frameworks\pokemon_proj_tc_qd\proj.android\app\build\intermediates\assets\androidpack\x64\src\app\defines\dev_defines.lua compile ok
E:\cnkdjx\Client\MyLuaGame\frameworks\pokemon_proj_tc_qd\proj.android\app\build\intermediates\assets\androidpack\x64\src\app\defines\game_defines.lua compile ok
E:\cnkdjx\Client\MyLuaGame\frameworks\pokemon_proj_tc_qd\proj.android\app\build\intermediates\assets\androidpack\x64\src\app\defines\include.lua compile ok
E:\cnkdjx\Client\MyLuaGame\frameworks\pokemon_proj_tc_qd\proj.android\app\build\intermediates\assets\androidpack\x64\src\app\defines\ui_defines.lua compile ok
E:\cnkdjx\Client\MyLuaGame\frameworks\pokemon_proj_tc_qd\proj.android\app\build\intermediates\assets\androidpack\x64\src\app\defines\adapter\cn.lua compile ok
E:\cnkdjx\Client\MyLuaGame\frameworks\pokemon_proj_tc_qd\proj.android\app\build\intermediates\assets\androidpack\x64\src\app\defines\adapter\en.lua compile ok
E:\cnkdjx\Client\MyLuaGame\frameworks\pokemon_proj_tc_qd\proj.android\app\build\intermediates\assets\androidpack\x64\src\app\defines\adapter\in.lua compile ok
E:\cnkdjx\Client\MyLuaGame\frameworks\pokemon_proj_tc_qd\proj.android\app\build\intermediates\assets\androidpack\x64\src\app\defines\adapter\kr.lua compile ok
E:\cnkdjx\Client\MyLuaGame\frameworks\pokemon_proj_tc_qd\proj.android\app\build\intermediates\assets\androidpack\x64\src\app\defines\adapter\ma.lua compile ok
E:\cnkdjx\Client\MyLuaGame\frameworks\pokemon_proj_tc_qd\proj.android\app\build\intermediates\assets\androidpack\x64\src\app\defines\adapter\th.lua compile ok
E:\cnkdjx\Client\MyLuaGame\frameworks\pokemon_proj_tc_qd\proj.android\app\build\intermediates\assets\androidpack\x64\src\app\defines\adapter\tw.lua compile ok
E:\cnkdjx\Client\MyLuaGame\frameworks\pokemon_proj_tc_qd\proj.android\app\build\intermediates\assets\androidpack\x64\src\app\defines\adapter\vn.lua compile ok
E:\cnkdjx\Client\MyLuaGame\frameworks\pokemon_proj_tc_qd\proj.android\app\build\intermediates\assets\androidpack\x64\src\app\defines\blacklist\cn.lua compile ok
E:\cnkdjx\Client\MyLuaGame\frameworks\pokemon_proj_tc_qd\proj.android\app\build\intermediates\assets\androidpack\x64\src\app\defines\blacklist\en.lua compile ok
E:\cnkdjx\Client\MyLuaGame\frameworks\pokemon_proj_tc_qd\proj.android\app\build\intermediates\assets\androidpack\x64\src\app\defines\blacklist\kr.lua compile ok
E:\cnkdjx\Client\MyLuaGame\frameworks\pokemon_proj_tc_qd\proj.android\app\build\intermediates\assets\androidpack\x64\src\app\defines\blacklist\vn.lua compile ok
E:\cnkdjx\Client\MyLuaGame\frameworks\pokemon_proj_tc_qd\proj.android\app\build\intermediates\assets\androidpack\x64\src\app\defines\config\csv.lua compile ok
E:\cnkdjx\Client\MyLuaGame\frameworks\pokemon_proj_tc_qd\proj.android\app\build\intermediates\assets\androidpack\x64\src\app\defines\l10n\cnx.lua compile ok
E:\cnkdjx\Client\MyLuaGame\frameworks\pokemon_proj_tc_qd\proj.android\app\build\intermediates\assets\androidpack\x64\src\app\defines\l10n\en.lua compile ok
E:\cnkdjx\Client\MyLuaGame\frameworks\pokemon_proj_tc_qd\proj.android\app\build\intermediates\assets\androidpack\x64\src\app\defines\l10n\in.lua compile ok
E:\cnkdjx\Client\MyLuaGame\frameworks\pokemon_proj_tc_qd\proj.android\app\build\intermediates\assets\androidpack\x64\src\app\defines\l10n\kr.lua compile ok
E:\cnkdjx\Client\MyLuaGame\frameworks\pokemon_proj_tc_qd\proj.android\app\build\intermediates\assets\androidpack\x64\src\app\defines\l10n\ma.lua compile ok
E:\cnkdjx\Client\MyLuaGame\frameworks\pokemon_proj_tc_qd\proj.android\app\build\intermediates\assets\androidpack\x64\src\app\defines\l10n\ph.lua compile ok
E:\cnkdjx\Client\MyLuaGame\frameworks\pokemon_proj_tc_qd\proj.android\app\build\intermediates\assets\androidpack\x64\src\app\defines\l10n\th.lua compile ok
E:\cnkdjx\Client\MyLuaGame\frameworks\pokemon_proj_tc_qd\proj.android\app\build\intermediates\assets\androidpack\x64\src\app\defines\l10n\tw.lua compile ok
E:\cnkdjx\Client\MyLuaGame\frameworks\pokemon_proj_tc_qd\proj.android\app\build\intermediates\assets\androidpack\x64\src\app\defines\l10n\vn.lua compile ok
E:\cnkdjx\Client\MyLuaGame\frameworks\pokemon_proj_tc_qd\proj.android\app\build\intermediates\assets\androidpack\x64\src\app\defines\randname\cn.lua compile ok
E:\cnkdjx\Client\MyLuaGame\frameworks\pokemon_proj_tc_qd\proj.android\app\build\intermediates\assets\androidpack\x64\src\app\defines\randname\en.lua compile ok
E:\cnkdjx\Client\MyLuaGame\frameworks\pokemon_proj_tc_qd\proj.android\app\build\intermediates\assets\androidpack\x64\src\app\defines\randname\kr.lua compile ok
E:\cnkdjx\Client\MyLuaGame\frameworks\pokemon_proj_tc_qd\proj.android\app\build\intermediates\assets\androidpack\x64\src\app\defines\randname\tw.lua compile ok
E:\cnkdjx\Client\MyLuaGame\frameworks\pokemon_proj_tc_qd\proj.android\app\build\intermediates\assets\androidpack\x64\src\app\defines\randname\vn.lua compile ok
E:\cnkdjx\Client\MyLuaGame\frameworks\pokemon_proj_tc_qd\proj.android\app\build\intermediates\assets\androidpack\x64\src\app\easy\audio.lua compile ok
E:\cnkdjx\Client\MyLuaGame\frameworks\pokemon_proj_tc_qd\proj.android\app\build\intermediates\assets\androidpack\x64\src\app\easy\data.lua compile ok
E:\cnkdjx\Client\MyLuaGame\frameworks\pokemon_proj_tc_qd\proj.android\app\build\intermediates\assets\androidpack\x64\src\app\easy\include.lua compile ok
E:\cnkdjx\Client\MyLuaGame\frameworks\pokemon_proj_tc_qd\proj.android\app\build\intermediates\assets\androidpack\x64\src\app\easy\jump.lua compile ok
E:\cnkdjx\Client\MyLuaGame\frameworks\pokemon_proj_tc_qd\proj.android\app\build\intermediates\assets\androidpack\x64\src\app\easy\math.lua compile ok
E:\cnkdjx\Client\MyLuaGame\frameworks\pokemon_proj_tc_qd\proj.android\app\build\intermediates\assets\androidpack\x64\src\app\easy\ui.lua compile ok
E:\cnkdjx\Client\MyLuaGame\frameworks\pokemon_proj_tc_qd\proj.android\app\build\intermediates\assets\androidpack\x64\src\app\easy\bind\effect.lua compile ok
E:\cnkdjx\Client\MyLuaGame\frameworks\pokemon_proj_tc_qd\proj.android\app\build\intermediates\assets\androidpack\x64\src\app\easy\bind\include.lua compile ok
E:\cnkdjx\Client\MyLuaGame\frameworks\pokemon_proj_tc_qd\proj.android\app\build\intermediates\assets\androidpack\x64\src\app\easy\bind\scroll.lua compile ok
E:\cnkdjx\Client\MyLuaGame\frameworks\pokemon_proj_tc_qd\proj.android\app\build\intermediates\assets\androidpack\x64\src\app\easy\bind\extend\card_icon.lua compile ok
E:\cnkdjx\Client\MyLuaGame\frameworks\pokemon_proj_tc_qd\proj.android\app\build\intermediates\assets\androidpack\x64\src\app\easy\bind\extend\card_level.lua compile ok
E:\cnkdjx\Client\MyLuaGame\frameworks\pokemon_proj_tc_qd\proj.android\app\build\intermediates\assets\androidpack\x64\src\app\easy\bind\extend\chips_panel.lua compile ok
E:\cnkdjx\Client\MyLuaGame\frameworks\pokemon_proj_tc_qd\proj.android\app\build\intermediates\assets\androidpack\x64\src\app\easy\bind\extend\cutdown_label.lua compile ok
E:\cnkdjx\Client\MyLuaGame\frameworks\pokemon_proj_tc_qd\proj.android\app\build\intermediates\assets\androidpack\x64\src\app\easy\bind\extend\draw_attr.lua compile ok
E:\cnkdjx\Client\MyLuaGame\frameworks\pokemon_proj_tc_qd\proj.android\app\build\intermediates\assets\androidpack\x64\src\app\easy\bind\extend\equip_icon.lua compile ok
E:\cnkdjx\Client\MyLuaGame\frameworks\pokemon_proj_tc_qd\proj.android\app\build\intermediates\assets\androidpack\x64\src\app\easy\bind\extend\explore_icon.lua compile ok
E:\cnkdjx\Client\MyLuaGame\frameworks\pokemon_proj_tc_qd\proj.android\app\build\intermediates\assets\androidpack\x64\src\app\easy\bind\extend\fishtools_icon.lua compile ok
E:\cnkdjx\Client\MyLuaGame\frameworks\pokemon_proj_tc_qd\proj.android\app\build\intermediates\assets\androidpack\x64\src\app\easy\bind\extend\fish_icon.lua compile ok
E:\cnkdjx\Client\MyLuaGame\frameworks\pokemon_proj_tc_qd\proj.android\app\build\intermediates\assets\androidpack\x64\src\app\easy\bind\extend\icon_key.lua compile ok
E:\cnkdjx\Client\MyLuaGame\frameworks\pokemon_proj_tc_qd\proj.android\app\build\intermediates\assets\androidpack\x64\src\app\easy\bind\extend\marquee.lua compile ok
E:\cnkdjx\Client\MyLuaGame\frameworks\pokemon_proj_tc_qd\proj.android\app\build\intermediates\assets\androidpack\x64\src\app\easy\bind\extend\multi_text_effect.lua compile ok
E:\cnkdjx\Client\MyLuaGame\frameworks\pokemon_proj_tc_qd\proj.android\app\build\intermediates\assets\androidpack\x64\src\app\easy\bind\extend\red_hint.lua compile ok
E:\cnkdjx\Client\MyLuaGame\frameworks\pokemon_proj_tc_qd\proj.android\app\build\intermediates\assets\androidpack\x64\src\app\easy\bind\extend\role_figure.lua compile ok
E:\cnkdjx\Client\MyLuaGame\frameworks\pokemon_proj_tc_qd\proj.android\app\build\intermediates\assets\androidpack\x64\src\app\easy\bind\extend\role_logo.lua compile ok
E:\cnkdjx\Client\MyLuaGame\frameworks\pokemon_proj_tc_qd\proj.android\app\build\intermediates\assets\androidpack\x64\src\app\easy\bind\extend\role_title.lua compile ok
E:\cnkdjx\Client\MyLuaGame\frameworks\pokemon_proj_tc_qd\proj.android\app\build\intermediates\assets\androidpack\x64\src\app\easy\bind\extend\rotation_spine.lua compile ok
E:\cnkdjx\Client\MyLuaGame\frameworks\pokemon_proj_tc_qd\proj.android\app\build\intermediates\assets\androidpack\x64\src\app\easy\bind\extend\scale9_sprite.lua compile ok
E:\cnkdjx\Client\MyLuaGame\frameworks\pokemon_proj_tc_qd\proj.android\app\build\intermediates\assets\androidpack\x64\src\app\easy\bind\extend\sort_menus.lua compile ok
E:\cnkdjx\Client\MyLuaGame\frameworks\pokemon_proj_tc_qd\proj.android\app\build\intermediates\assets\androidpack\x64\src\app\easy\bind\extend\stage_icon.lua compile ok
E:\cnkdjx\Client\MyLuaGame\frameworks\pokemon_proj_tc_qd\proj.android\app\build\intermediates\assets\androidpack\x64\src\app\easy\bind\extend\supremacy_stage_icon.lua compile ok
E:\cnkdjx\Client\MyLuaGame\frameworks\pokemon_proj_tc_qd\proj.android\app\build\intermediates\assets\androidpack\x64\src\app\easy\bind\extend\text_atlas.lua compile ok
E:\cnkdjx\Client\MyLuaGame\frameworks\pokemon_proj_tc_qd\proj.android\app\build\intermediates\assets\androidpack\x64\src\app\easy\bind\helper\red_hint.lua compile ok
E:\cnkdjx\Client\MyLuaGame\frameworks\pokemon_proj_tc_qd\proj.android\app\build\intermediates\assets\androidpack\x64\src\app\easy\bind\helper\red_hint_tags.lua compile ok
E:\cnkdjx\Client\MyLuaGame\frameworks\pokemon_proj_tc_qd\proj.android\app\build\intermediates\assets\androidpack\x64\src\app\easy\bind\helper\text_atlas.lua compile ok
E:\cnkdjx\Client\MyLuaGame\frameworks\pokemon_proj_tc_qd\proj.android\app\build\intermediates\assets\androidpack\x64\src\app\editor\cheat_request_files.lua compile ok
E:\cnkdjx\Client\MyLuaGame\frameworks\pokemon_proj_tc_qd\proj.android\app\build\intermediates\assets\androidpack\x64\src\app\guarder\init.lua compile ok
E:\cnkdjx\Client\MyLuaGame\frameworks\pokemon_proj_tc_qd\proj.android\app\build\intermediates\assets\androidpack\x64\src\app\models\account.lua compile ok
E:\cnkdjx\Client\MyLuaGame\frameworks\pokemon_proj_tc_qd\proj.android\app\build\intermediates\assets\androidpack\x64\src\app\models\arena.lua compile ok
E:\cnkdjx\Client\MyLuaGame\frameworks\pokemon_proj_tc_qd\proj.android\app\build\intermediates\assets\androidpack\x64\src\app\models\arena_battle.lua compile ok
E:\cnkdjx\Client\MyLuaGame\frameworks\pokemon_proj_tc_qd\proj.android\app\build\intermediates\assets\androidpack\x64\src\app\models\base.lua compile ok
E:\cnkdjx\Client\MyLuaGame\frameworks\pokemon_proj_tc_qd\proj.android\app\build\intermediates\assets\androidpack\x64\src\app\models\bases.lua compile ok
E:\cnkdjx\Client\MyLuaGame\frameworks\pokemon_proj_tc_qd\proj.android\app\build\intermediates\assets\androidpack\x64\src\app\models\battle.lua compile ok
E:\cnkdjx\Client\MyLuaGame\frameworks\pokemon_proj_tc_qd\proj.android\app\build\intermediates\assets\androidpack\x64\src\app\models\brave_challenge.lua compile ok
E:\cnkdjx\Client\MyLuaGame\frameworks\pokemon_proj_tc_qd\proj.android\app\build\intermediates\assets\androidpack\x64\src\app\models\brave_challenge_battle.lua compile ok
E:\cnkdjx\Client\MyLuaGame\frameworks\pokemon_proj_tc_qd\proj.android\app\build\intermediates\assets\androidpack\x64\src\app\models\capture.lua compile ok
E:\cnkdjx\Client\MyLuaGame\frameworks\pokemon_proj_tc_qd\proj.android\app\build\intermediates\assets\androidpack\x64\src\app\models\cards.lua compile ok
E:\cnkdjx\Client\MyLuaGame\frameworks\pokemon_proj_tc_qd\proj.android\app\build\intermediates\assets\androidpack\x64\src\app\models\chips.lua compile ok
E:\cnkdjx\Client\MyLuaGame\frameworks\pokemon_proj_tc_qd\proj.android\app\build\intermediates\assets\androidpack\x64\src\app\models\clone_battle.lua compile ok
E:\cnkdjx\Client\MyLuaGame\frameworks\pokemon_proj_tc_qd\proj.android\app\build\intermediates\assets\androidpack\x64\src\app\models\clone_room.lua compile ok
E:\cnkdjx\Client\MyLuaGame\frameworks\pokemon_proj_tc_qd\proj.android\app\build\intermediates\assets\androidpack\x64\src\app\models\craft.lua compile ok
E:\cnkdjx\Client\MyLuaGame\frameworks\pokemon_proj_tc_qd\proj.android\app\build\intermediates\assets\androidpack\x64\src\app\models\craft_battle.lua compile ok
E:\cnkdjx\Client\MyLuaGame\frameworks\pokemon_proj_tc_qd\proj.android\app\build\intermediates\assets\androidpack\x64\src\app\models\cross_arena.lua compile ok
E:\cnkdjx\Client\MyLuaGame\frameworks\pokemon_proj_tc_qd\proj.android\app\build\intermediates\assets\androidpack\x64\src\app\models\cross_arena_battle.lua compile ok
E:\cnkdjx\Client\MyLuaGame\frameworks\pokemon_proj_tc_qd\proj.android\app\build\intermediates\assets\androidpack\x64\src\app\models\cross_craft.lua compile ok
E:\cnkdjx\Client\MyLuaGame\frameworks\pokemon_proj_tc_qd\proj.android\app\build\intermediates\assets\androidpack\x64\src\app\models\cross_craft_battle.lua compile ok
E:\cnkdjx\Client\MyLuaGame\frameworks\pokemon_proj_tc_qd\proj.android\app\build\intermediates\assets\androidpack\x64\src\app\models\cross_gym_battle.lua compile ok
E:\cnkdjx\Client\MyLuaGame\frameworks\pokemon_proj_tc_qd\proj.android\app\build\intermediates\assets\androidpack\x64\src\app\models\cross_mine.lua compile ok
E:\cnkdjx\Client\MyLuaGame\frameworks\pokemon_proj_tc_qd\proj.android\app\build\intermediates\assets\androidpack\x64\src\app\models\cross_mine_battle.lua compile ok
E:\cnkdjx\Client\MyLuaGame\frameworks\pokemon_proj_tc_qd\proj.android\app\build\intermediates\assets\androidpack\x64\src\app\models\cross_mine_boss_battle.lua compile ok
E:\cnkdjx\Client\MyLuaGame\frameworks\pokemon_proj_tc_qd\proj.android\app\build\intermediates\assets\androidpack\x64\src\app\models\cross_online_fight.lua compile ok
E:\cnkdjx\Client\MyLuaGame\frameworks\pokemon_proj_tc_qd\proj.android\app\build\intermediates\assets\androidpack\x64\src\app\models\cross_online_fight_banpick.lua compile ok
E:\cnkdjx\Client\MyLuaGame\frameworks\pokemon_proj_tc_qd\proj.android\app\build\intermediates\assets\androidpack\x64\src\app\models\cross_online_fight_battle.lua compile ok
E:\cnkdjx\Client\MyLuaGame\frameworks\pokemon_proj_tc_qd\proj.android\app\build\intermediates\assets\androidpack\x64\src\app\models\cross_union_fight.lua compile ok
E:\cnkdjx\Client\MyLuaGame\frameworks\pokemon_proj_tc_qd\proj.android\app\build\intermediates\assets\androidpack\x64\src\app\models\cross_union_fight_battle.lua compile ok
E:\cnkdjx\Client\MyLuaGame\frameworks\pokemon_proj_tc_qd\proj.android\app\build\intermediates\assets\androidpack\x64\src\app\models\currday_dispatch.lua compile ok
E:\cnkdjx\Client\MyLuaGame\frameworks\pokemon_proj_tc_qd\proj.android\app\build\intermediates\assets\androidpack\x64\src\app\models\currlogin_dispatch.lua compile ok
E:\cnkdjx\Client\MyLuaGame\frameworks\pokemon_proj_tc_qd\proj.android\app\build\intermediates\assets\androidpack\x64\src\app\models\endless_battle.lua compile ok
E:\cnkdjx\Client\MyLuaGame\frameworks\pokemon_proj_tc_qd\proj.android\app\build\intermediates\assets\androidpack\x64\src\app\models\fishing.lua compile ok
E:\cnkdjx\Client\MyLuaGame\frameworks\pokemon_proj_tc_qd\proj.android\app\build\intermediates\assets\androidpack\x64\src\app\models\forever_dispatch.lua compile ok
E:\cnkdjx\Client\MyLuaGame\frameworks\pokemon_proj_tc_qd\proj.android\app\build\intermediates\assets\androidpack\x64\src\app\models\friend_battle.lua compile ok
E:\cnkdjx\Client\MyLuaGame\frameworks\pokemon_proj_tc_qd\proj.android\app\build\intermediates\assets\androidpack\x64\src\app\models\game.lua compile ok
E:\cnkdjx\Client\MyLuaGame\frameworks\pokemon_proj_tc_qd\proj.android\app\build\intermediates\assets\androidpack\x64\src\app\models\gems.lua compile ok
E:\cnkdjx\Client\MyLuaGame\frameworks\pokemon_proj_tc_qd\proj.android\app\build\intermediates\assets\androidpack\x64\src\app\models\global_record.lua compile ok
E:\cnkdjx\Client\MyLuaGame\frameworks\pokemon_proj_tc_qd\proj.android\app\build\intermediates\assets\androidpack\x64\src\app\models\gym.lua compile ok
E:\cnkdjx\Client\MyLuaGame\frameworks\pokemon_proj_tc_qd\proj.android\app\build\intermediates\assets\androidpack\x64\src\app\models\gym_battle.lua compile ok
E:\cnkdjx\Client\MyLuaGame\frameworks\pokemon_proj_tc_qd\proj.android\app\build\intermediates\assets\androidpack\x64\src\app\models\gym_leader_battle.lua compile ok
E:\cnkdjx\Client\MyLuaGame\frameworks\pokemon_proj_tc_qd\proj.android\app\build\intermediates\assets\androidpack\x64\src\app\models\handbook.lua compile ok
E:\cnkdjx\Client\MyLuaGame\frameworks\pokemon_proj_tc_qd\proj.android\app\build\intermediates\assets\androidpack\x64\src\app\models\held_items.lua compile ok
E:\cnkdjx\Client\MyLuaGame\frameworks\pokemon_proj_tc_qd\proj.android\app\build\intermediates\assets\androidpack\x64\src\app\models\hunting.lua compile ok
E:\cnkdjx\Client\MyLuaGame\frameworks\pokemon_proj_tc_qd\proj.android\app\build\intermediates\assets\androidpack\x64\src\app\models\hunting_battle.lua compile ok
E:\cnkdjx\Client\MyLuaGame\frameworks\pokemon_proj_tc_qd\proj.android\app\build\intermediates\assets\androidpack\x64\src\app\models\huodongboss_battle.lua compile ok
E:\cnkdjx\Client\MyLuaGame\frameworks\pokemon_proj_tc_qd\proj.android\app\build\intermediates\assets\androidpack\x64\src\app\models\message.lua compile ok
E:\cnkdjx\Client\MyLuaGame\frameworks\pokemon_proj_tc_qd\proj.android\app\build\intermediates\assets\androidpack\x64\src\app\models\qiecuo.lua compile ok
E:\cnkdjx\Client\MyLuaGame\frameworks\pokemon_proj_tc_qd\proj.android\app\build\intermediates\assets\androidpack\x64\src\app\models\random_tower.lua compile ok
E:\cnkdjx\Client\MyLuaGame\frameworks\pokemon_proj_tc_qd\proj.android\app\build\intermediates\assets\androidpack\x64\src\app\models\random_tower_battle.lua compile ok
E:\cnkdjx\Client\MyLuaGame\frameworks\pokemon_proj_tc_qd\proj.android\app\build\intermediates\assets\androidpack\x64\src\app\models\record.lua compile ok
E:\cnkdjx\Client\MyLuaGame\frameworks\pokemon_proj_tc_qd\proj.android\app\build\intermediates\assets\androidpack\x64\src\app\models\reunion_record.lua compile ok
E:\cnkdjx\Client\MyLuaGame\frameworks\pokemon_proj_tc_qd\proj.android\app\build\intermediates\assets\androidpack\x64\src\app\models\role.lua compile ok
E:\cnkdjx\Client\MyLuaGame\frameworks\pokemon_proj_tc_qd\proj.android\app\build\intermediates\assets\androidpack\x64\src\app\models\shop.lua compile ok
E:\cnkdjx\Client\MyLuaGame\frameworks\pokemon_proj_tc_qd\proj.android\app\build\intermediates\assets\androidpack\x64\src\app\models\society.lua compile ok
E:\cnkdjx\Client\MyLuaGame\frameworks\pokemon_proj_tc_qd\proj.android\app\build\intermediates\assets\androidpack\x64\src\app\models\summer_challenge_battle.lua compile ok
E:\cnkdjx\Client\MyLuaGame\frameworks\pokemon_proj_tc_qd\proj.android\app\build\intermediates\assets\androidpack\x64\src\app\models\tasks.lua compile ok
E:\cnkdjx\Client\MyLuaGame\frameworks\pokemon_proj_tc_qd\proj.android\app\build\intermediates\assets\androidpack\x64\src\app\models\town.lua compile ok
E:\cnkdjx\Client\MyLuaGame\frameworks\pokemon_proj_tc_qd\proj.android\app\build\intermediates\assets\androidpack\x64\src\app\models\union.lua compile ok
E:\cnkdjx\Client\MyLuaGame\frameworks\pokemon_proj_tc_qd\proj.android\app\build\intermediates\assets\androidpack\x64\src\app\models\union_fight.lua compile ok
E:\cnkdjx\Client\MyLuaGame\frameworks\pokemon_proj_tc_qd\proj.android\app\build\intermediates\assets\androidpack\x64\src\app\models\union_fight_battle.lua compile ok
E:\cnkdjx\Client\MyLuaGame\frameworks\pokemon_proj_tc_qd\proj.android\app\build\intermediates\assets\androidpack\x64\src\app\models\union_fuben.lua compile ok
E:\cnkdjx\Client\MyLuaGame\frameworks\pokemon_proj_tc_qd\proj.android\app\build\intermediates\assets\androidpack\x64\src\app\models\union_fuben_battle.lua compile ok
E:\cnkdjx\Client\MyLuaGame\frameworks\pokemon_proj_tc_qd\proj.android\app\build\intermediates\assets\androidpack\x64\src\app\models\union_training.lua compile ok
E:\cnkdjx\Client\MyLuaGame\frameworks\pokemon_proj_tc_qd\proj.android\app\build\intermediates\assets\androidpack\x64\src\app\models\world_boss_battle.lua compile ok
E:\cnkdjx\Client\MyLuaGame\frameworks\pokemon_proj_tc_qd\proj.android\app\build\intermediates\assets\androidpack\x64\src\app\sdk\base.lua compile ok
E:\cnkdjx\Client\MyLuaGame\frameworks\pokemon_proj_tc_qd\proj.android\app\build\intermediates\assets\androidpack\x64\src\app\sdk\helper.lua compile ok
E:\cnkdjx\Client\MyLuaGame\frameworks\pokemon_proj_tc_qd\proj.android\app\build\intermediates\assets\androidpack\x64\src\app\sdk\init.lua compile ok
E:\cnkdjx\Client\MyLuaGame\frameworks\pokemon_proj_tc_qd\proj.android\app\build\intermediates\assets\androidpack\x64\src\app\sdk\lp.lua compile ok
E:\cnkdjx\Client\MyLuaGame\frameworks\pokemon_proj_tc_qd\proj.android\app\build\intermediates\assets\androidpack\x64\src\app\sdk\lp_en.lua compile ok
E:\cnkdjx\Client\MyLuaGame\frameworks\pokemon_proj_tc_qd\proj.android\app\build\intermediates\assets\androidpack\x64\src\app\sdk\lp_vn.lua compile ok
E:\cnkdjx\Client\MyLuaGame\frameworks\pokemon_proj_tc_qd\proj.android\app\build\intermediates\assets\androidpack\x64\src\app\sdk\luo.lua compile ok
E:\cnkdjx\Client\MyLuaGame\frameworks\pokemon_proj_tc_qd\proj.android\app\build\intermediates\assets\androidpack\x64\src\app\sdk\none.lua compile ok
E:\cnkdjx\Client\MyLuaGame\frameworks\pokemon_proj_tc_qd\proj.android\app\build\intermediates\assets\androidpack\x64\src\app\sdk\tc.lua compile ok
E:\cnkdjx\Client\MyLuaGame\frameworks\pokemon_proj_tc_qd\proj.android\app\build\intermediates\assets\androidpack\x64\src\app\sdk\vn.lua compile ok
E:\cnkdjx\Client\MyLuaGame\frameworks\pokemon_proj_tc_qd\proj.android\app\build\intermediates\assets\androidpack\x64\src\app\servers\include.lua compile ok
E:\cnkdjx\Client\MyLuaGame\frameworks\pokemon_proj_tc_qd\proj.android\app\build\intermediates\assets\androidpack\x64\src\app\servers\game\session.lua compile ok
E:\cnkdjx\Client\MyLuaGame\frameworks\pokemon_proj_tc_qd\proj.android\app\build\intermediates\assets\androidpack\x64\src\app\servers\game\task.lua compile ok
E:\cnkdjx\Client\MyLuaGame\frameworks\pokemon_proj_tc_qd\proj.android\app\build\intermediates\assets\androidpack\x64\src\app\servers\login\session.lua compile ok
E:\cnkdjx\Client\MyLuaGame\frameworks\pokemon_proj_tc_qd\proj.android\app\build\intermediates\assets\androidpack\x64\src\app\servers\login\task.lua compile ok
E:\cnkdjx\Client\MyLuaGame\frameworks\pokemon_proj_tc_qd\proj.android\app\build\intermediates\assets\androidpack\x64\src\app\servers\onlinefight\session.lua compile ok
E:\cnkdjx\Client\MyLuaGame\frameworks\pokemon_proj_tc_qd\proj.android\app\build\intermediates\assets\androidpack\x64\src\app\servers\onlinefight\task.lua compile ok
E:\cnkdjx\Client\MyLuaGame\frameworks\pokemon_proj_tc_qd\proj.android\app\build\intermediates\assets\androidpack\x64\src\app\views\uiHelper.lua compile ok
E:\cnkdjx\Client\MyLuaGame\frameworks\pokemon_proj_tc_qd\proj.android\app\build\intermediates\assets\androidpack\x64\src\app\views\city\achievement.lua compile ok
E:\cnkdjx\Client\MyLuaGame\frameworks\pokemon_proj_tc_qd\proj.android\app\build\intermediates\assets\androidpack\x64\src\app\views\city\achievement_rank.lua compile ok
E:\cnkdjx\Client\MyLuaGame\frameworks\pokemon_proj_tc_qd\proj.android\app\build\intermediates\assets\androidpack\x64\src\app\views\city\bag.lua compile ok
E:\cnkdjx\Client\MyLuaGame\frameworks\pokemon_proj_tc_qd\proj.android\app\build\intermediates\assets\androidpack\x64\src\app\views\city\friend.lua compile ok
E:\cnkdjx\Client\MyLuaGame\frameworks\pokemon_proj_tc_qd\proj.android\app\build\intermediates\assets\androidpack\x64\src\app\views\city\gift_choose.lua compile ok
E:\cnkdjx\Client\MyLuaGame\frameworks\pokemon_proj_tc_qd\proj.android\app\build\intermediates\assets\androidpack\x64\src\app\views\city\grow_guide.lua compile ok
E:\cnkdjx\Client\MyLuaGame\frameworks\pokemon_proj_tc_qd\proj.android\app\build\intermediates\assets\androidpack\x64\src\app\views\city\kr_gift_link_view.lua compile ok
E:\cnkdjx\Client\MyLuaGame\frameworks\pokemon_proj_tc_qd\proj.android\app\build\intermediates\assets\androidpack\x64\src\app\views\city\mail.lua compile ok
E:\cnkdjx\Client\MyLuaGame\frameworks\pokemon_proj_tc_qd\proj.android\app\build\intermediates\assets\androidpack\x64\src\app\views\city\online_gift.lua compile ok
E:\cnkdjx\Client\MyLuaGame\frameworks\pokemon_proj_tc_qd\proj.android\app\build\intermediates\assets\androidpack\x64\src\app\views\city\online_gift_gain.lua compile ok
E:\cnkdjx\Client\MyLuaGame\frameworks\pokemon_proj_tc_qd\proj.android\app\build\intermediates\assets\androidpack\x64\src\app\views\city\rank.lua compile ok
E:\cnkdjx\Client\MyLuaGame\frameworks\pokemon_proj_tc_qd\proj.android\app\build\intermediates\assets\androidpack\x64\src\app\views\city\recharge.lua compile ok
E:\cnkdjx\Client\MyLuaGame\frameworks\pokemon_proj_tc_qd\proj.android\app\build\intermediates\assets\androidpack\x64\src\app\views\city\recharge_vip.lua compile ok
E:\cnkdjx\Client\MyLuaGame\frameworks\pokemon_proj_tc_qd\proj.android\app\build\intermediates\assets\androidpack\x64\src\app\views\city\shop.lua compile ok
E:\cnkdjx\Client\MyLuaGame\frameworks\pokemon_proj_tc_qd\proj.android\app\build\intermediates\assets\androidpack\x64\src\app\views\city\shop_sell.lua compile ok
E:\cnkdjx\Client\MyLuaGame\frameworks\pokemon_proj_tc_qd\proj.android\app\build\intermediates\assets\androidpack\x64\src\app\views\city\sign_in.lua compile ok
E:\cnkdjx\Client\MyLuaGame\frameworks\pokemon_proj_tc_qd\proj.android\app\build\intermediates\assets\androidpack\x64\src\app\views\city\task.lua compile ok
E:\cnkdjx\Client\MyLuaGame\frameworks\pokemon_proj_tc_qd\proj.android\app\build\intermediates\assets\androidpack\x64\src\app\views\city\view.lua compile ok
E:\cnkdjx\Client\MyLuaGame\frameworks\pokemon_proj_tc_qd\proj.android\app\build\intermediates\assets\androidpack\x64\src\app\views\city\view_action.lua compile ok
E:\cnkdjx\Client\MyLuaGame\frameworks\pokemon_proj_tc_qd\proj.android\app\build\intermediates\assets\androidpack\x64\src\app\views\city\view_activity.lua compile ok
E:\cnkdjx\Client\MyLuaGame\frameworks\pokemon_proj_tc_qd\proj.android\app\build\intermediates\assets\androidpack\x64\src\app\views\city\view_scene.lua compile ok
E:\cnkdjx\Client\MyLuaGame\frameworks\pokemon_proj_tc_qd\proj.android\app\build\intermediates\assets\androidpack\x64\src\app\views\city\vip_distinguished.lua compile ok
E:\cnkdjx\Client\MyLuaGame\frameworks\pokemon_proj_tc_qd\proj.android\app\build\intermediates\assets\androidpack\x64\src\app\views\city\activity\activity_fight_rank.lua compile ok
E:\cnkdjx\Client\MyLuaGame\frameworks\pokemon_proj_tc_qd\proj.android\app\build\intermediates\assets\androidpack\x64\src\app\views\city\activity\anniversary.lua compile ok
E:\cnkdjx\Client\MyLuaGame\frameworks\pokemon_proj_tc_qd\proj.android\app\build\intermediates\assets\androidpack\x64\src\app\views\city\activity\anniversary_login_gift.lua compile ok
E:\cnkdjx\Client\MyLuaGame\frameworks\pokemon_proj_tc_qd\proj.android\app\build\intermediates\assets\androidpack\x64\src\app\views\city\activity\buy_festival_info.lua compile ok
E:\cnkdjx\Client\MyLuaGame\frameworks\pokemon_proj_tc_qd\proj.android\app\build\intermediates\assets\androidpack\x64\src\app\views\city\activity\buy_gift.lua compile ok
E:\cnkdjx\Client\MyLuaGame\frameworks\pokemon_proj_tc_qd\proj.android\app\build\intermediates\assets\androidpack\x64\src\app\views\city\activity\chinese_new_year.lua compile ok
E:\cnkdjx\Client\MyLuaGame\frameworks\pokemon_proj_tc_qd\proj.android\app\build\intermediates\assets\androidpack\x64\src\app\views\city\activity\client_show.lua compile ok
E:\cnkdjx\Client\MyLuaGame\frameworks\pokemon_proj_tc_qd\proj.android\app\build\intermediates\assets\androidpack\x64\src\app\views\city\activity\coupon_shop.lua compile ok
E:\cnkdjx\Client\MyLuaGame\frameworks\pokemon_proj_tc_qd\proj.android\app\build\intermediates\assets\androidpack\x64\src\app\views\city\activity\customize_gift.lua compile ok
E:\cnkdjx\Client\MyLuaGame\frameworks\pokemon_proj_tc_qd\proj.android\app\build\intermediates\assets\androidpack\x64\src\app\views\city\activity\customize_gift_select.lua compile ok
E:\cnkdjx\Client\MyLuaGame\frameworks\pokemon_proj_tc_qd\proj.android\app\build\intermediates\assets\androidpack\x64\src\app\views\city\activity\day_found_gift.lua compile ok
E:\cnkdjx\Client\MyLuaGame\frameworks\pokemon_proj_tc_qd\proj.android\app\build\intermediates\assets\androidpack\x64\src\app\views\city\activity\day_found_gift2.lua compile ok
E:\cnkdjx\Client\MyLuaGame\frameworks\pokemon_proj_tc_qd\proj.android\app\build\intermediates\assets\androidpack\x64\src\app\views\city\activity\direct_buy_gift.lua compile ok
E:\cnkdjx\Client\MyLuaGame\frameworks\pokemon_proj_tc_qd\proj.android\app\build\intermediates\assets\androidpack\x64\src\app\views\city\activity\draw_day_gift.lua compile ok
E:\cnkdjx\Client\MyLuaGame\frameworks\pokemon_proj_tc_qd\proj.android\app\build\intermediates\assets\androidpack\x64\src\app\views\city\activity\exclusive_limit.lua compile ok
E:\cnkdjx\Client\MyLuaGame\frameworks\pokemon_proj_tc_qd\proj.android\app\build\intermediates\assets\androidpack\x64\src\app\views\city\activity\first_recharge.lua compile ok
E:\cnkdjx\Client\MyLuaGame\frameworks\pokemon_proj_tc_qd\proj.android\app\build\intermediates\assets\androidpack\x64\src\app\views\city\activity\first_recharge_daily.lua compile ok
E:\cnkdjx\Client\MyLuaGame\frameworks\pokemon_proj_tc_qd\proj.android\app\build\intermediates\assets\androidpack\x64\src\app\views\city\activity\flip_card.lua compile ok
E:\cnkdjx\Client\MyLuaGame\frameworks\pokemon_proj_tc_qd\proj.android\app\build\intermediates\assets\androidpack\x64\src\app\views\city\activity\general_task.lua compile ok
E:\cnkdjx\Client\MyLuaGame\frameworks\pokemon_proj_tc_qd\proj.android\app\build\intermediates\assets\androidpack\x64\src\app\views\city\activity\gold_lucky_cat.lua compile ok
E:\cnkdjx\Client\MyLuaGame\frameworks\pokemon_proj_tc_qd\proj.android\app\build\intermediates\assets\androidpack\x64\src\app\views\city\activity\guide_gift.lua compile ok
E:\cnkdjx\Client\MyLuaGame\frameworks\pokemon_proj_tc_qd\proj.android\app\build\intermediates\assets\androidpack\x64\src\app\views\city\activity\item_buy.lua compile ok
E:\cnkdjx\Client\MyLuaGame\frameworks\pokemon_proj_tc_qd\proj.android\app\build\intermediates\assets\androidpack\x64\src\app\views\city\activity\item_exchange.lua compile ok
E:\cnkdjx\Client\MyLuaGame\frameworks\pokemon_proj_tc_qd\proj.android\app\build\intermediates\assets\androidpack\x64\src\app\views\city\activity\level_fund.lua compile ok
E:\cnkdjx\Client\MyLuaGame\frameworks\pokemon_proj_tc_qd\proj.android\app\build\intermediates\assets\androidpack\x64\src\app\views\city\activity\limit_buy_gift.lua compile ok
E:\cnkdjx\Client\MyLuaGame\frameworks\pokemon_proj_tc_qd\proj.android\app\build\intermediates\assets\androidpack\x64\src\app\views\city\activity\limit_sprite.lua compile ok
E:\cnkdjx\Client\MyLuaGame\frameworks\pokemon_proj_tc_qd\proj.android\app\build\intermediates\assets\androidpack\x64\src\app\views\city\activity\liveness_wheel.lua compile ok
E:\cnkdjx\Client\MyLuaGame\frameworks\pokemon_proj_tc_qd\proj.android\app\build\intermediates\assets\androidpack\x64\src\app\views\city\activity\lucky_cat.lua compile ok
E:\cnkdjx\Client\MyLuaGame\frameworks\pokemon_proj_tc_qd\proj.android\app\build\intermediates\assets\androidpack\x64\src\app\views\city\activity\lucky_cat_gold.lua compile ok
E:\cnkdjx\Client\MyLuaGame\frameworks\pokemon_proj_tc_qd\proj.android\app\build\intermediates\assets\androidpack\x64\src\app\views\city\activity\mid_autumn_draw.lua compile ok
E:\cnkdjx\Client\MyLuaGame\frameworks\pokemon_proj_tc_qd\proj.android\app\build\intermediates\assets\androidpack\x64\src\app\views\city\activity\mid_autumn_draw_mask.lua compile ok
E:\cnkdjx\Client\MyLuaGame\frameworks\pokemon_proj_tc_qd\proj.android\app\build\intermediates\assets\androidpack\x64\src\app\views\city\activity\mid_autumn_draw_task.lua compile ok
E:\cnkdjx\Client\MyLuaGame\frameworks\pokemon_proj_tc_qd\proj.android\app\build\intermediates\assets\androidpack\x64\src\app\views\city\activity\miix_gift.lua compile ok
E:\cnkdjx\Client\MyLuaGame\frameworks\pokemon_proj_tc_qd\proj.android\app\build\intermediates\assets\androidpack\x64\src\app\views\city\activity\month_card.lua compile ok
E:\cnkdjx\Client\MyLuaGame\frameworks\pokemon_proj_tc_qd\proj.android\app\build\intermediates\assets\androidpack\x64\src\app\views\city\activity\month_card_privilege.lua compile ok
E:\cnkdjx\Client\MyLuaGame\frameworks\pokemon_proj_tc_qd\proj.android\app\build\intermediates\assets\androidpack\x64\src\app\views\city\activity\new_year_flip_card.lua compile ok
E:\cnkdjx\Client\MyLuaGame\frameworks\pokemon_proj_tc_qd\proj.android\app\build\intermediates\assets\androidpack\x64\src\app\views\city\activity\once_recharge_award.lua compile ok
E:\cnkdjx\Client\MyLuaGame\frameworks\pokemon_proj_tc_qd\proj.android\app\build\intermediates\assets\androidpack\x64\src\app\views\city\activity\payment_method.lua compile ok
E:\cnkdjx\Client\MyLuaGame\frameworks\pokemon_proj_tc_qd\proj.android\app\build\intermediates\assets\androidpack\x64\src\app\views\city\activity\pop_up_recharge.lua compile ok
E:\cnkdjx\Client\MyLuaGame\frameworks\pokemon_proj_tc_qd\proj.android\app\build\intermediates\assets\androidpack\x64\src\app\views\city\activity\poster.lua compile ok
E:\cnkdjx\Client\MyLuaGame\frameworks\pokemon_proj_tc_qd\proj.android\app\build\intermediates\assets\androidpack\x64\src\app\views\city\activity\quality_exchange_fragment.lua compile ok
E:\cnkdjx\Client\MyLuaGame\frameworks\pokemon_proj_tc_qd\proj.android\app\build\intermediates\assets\androidpack\x64\src\app\views\city\activity\quality_exchange_fragment_select.lua compile ok
E:\cnkdjx\Client\MyLuaGame\frameworks\pokemon_proj_tc_qd\proj.android\app\build\intermediates\assets\androidpack\x64\src\app\views\city\activity\quality_exchange_helditem.lua compile ok
E:\cnkdjx\Client\MyLuaGame\frameworks\pokemon_proj_tc_qd\proj.android\app\build\intermediates\assets\androidpack\x64\src\app\views\city\activity\quality_exchange_helditem_select.lua compile ok
E:\cnkdjx\Client\MyLuaGame\frameworks\pokemon_proj_tc_qd\proj.android\app\build\intermediates\assets\androidpack\x64\src\app\views\city\activity\recharge_gift.lua compile ok
E:\cnkdjx\Client\MyLuaGame\frameworks\pokemon_proj_tc_qd\proj.android\app\build\intermediates\assets\androidpack\x64\src\app\views\city\activity\recharge_wheel.lua compile ok
E:\cnkdjx\Client\MyLuaGame\frameworks\pokemon_proj_tc_qd\proj.android\app\build\intermediates\assets\androidpack\x64\src\app\views\city\activity\red_packet_info.lua compile ok
E:\cnkdjx\Client\MyLuaGame\frameworks\pokemon_proj_tc_qd\proj.android\app\build\intermediates\assets\androidpack\x64\src\app\views\city\activity\regain_stamina.lua compile ok
E:\cnkdjx\Client\MyLuaGame\frameworks\pokemon_proj_tc_qd\proj.android\app\build\intermediates\assets\androidpack\x64\src\app\views\city\activity\resource_retrieve.lua compile ok
E:\cnkdjx\Client\MyLuaGame\frameworks\pokemon_proj_tc_qd\proj.android\app\build\intermediates\assets\androidpack\x64\src\app\views\city\activity\rmbgold_reward.lua compile ok
E:\cnkdjx\Client\MyLuaGame\frameworks\pokemon_proj_tc_qd\proj.android\app\build\intermediates\assets\androidpack\x64\src\app\views\city\activity\session_gift.lua compile ok
E:\cnkdjx\Client\MyLuaGame\frameworks\pokemon_proj_tc_qd\proj.android\app\build\intermediates\assets\androidpack\x64\src\app\views\city\activity\session_gift_zhoumo.lua compile ok
E:\cnkdjx\Client\MyLuaGame\frameworks\pokemon_proj_tc_qd\proj.android\app\build\intermediates\assets\androidpack\x64\src\app\views\city\activity\snowman.lua compile ok
E:\cnkdjx\Client\MyLuaGame\frameworks\pokemon_proj_tc_qd\proj.android\app\build\intermediates\assets\androidpack\x64\src\app\views\city\activity\snowman_reward.lua compile ok
E:\cnkdjx\Client\MyLuaGame\frameworks\pokemon_proj_tc_qd\proj.android\app\build\intermediates\assets\androidpack\x64\src\app\views\city\activity\summer_offering.lua compile ok
E:\cnkdjx\Client\MyLuaGame\frameworks\pokemon_proj_tc_qd\proj.android\app\build\intermediates\assets\androidpack\x64\src\app\views\city\activity\summer_shop.lua compile ok
E:\cnkdjx\Client\MyLuaGame\frameworks\pokemon_proj_tc_qd\proj.android\app\build\intermediates\assets\androidpack\x64\src\app\views\city\activity\supreme_card.lua compile ok
E:\cnkdjx\Client\MyLuaGame\frameworks\pokemon_proj_tc_qd\proj.android\app\build\intermediates\assets\androidpack\x64\src\app\views\city\activity\surprise_gift.lua compile ok
E:\cnkdjx\Client\MyLuaGame\frameworks\pokemon_proj_tc_qd\proj.android\app\build\intermediates\assets\androidpack\x64\src\app\views\city\activity\view.lua compile ok
E:\cnkdjx\Client\MyLuaGame\frameworks\pokemon_proj_tc_qd\proj.android\app\build\intermediates\assets\androidpack\x64\src\app\views\city\activity\weekly_card.lua compile ok
E:\cnkdjx\Client\MyLuaGame\frameworks\pokemon_proj_tc_qd\proj.android\app\build\intermediates\assets\androidpack\x64\src\app\views\city\activity\weekly_card_fr.lua compile ok
E:\cnkdjx\Client\MyLuaGame\frameworks\pokemon_proj_tc_qd\proj.android\app\build\intermediates\assets\androidpack\x64\src\app\views\city\activity\weekly_view.lua compile ok
E:\cnkdjx\Client\MyLuaGame\frameworks\pokemon_proj_tc_qd\proj.android\app\build\intermediates\assets\androidpack\x64\src\app\views\city\activity\activity_boss\clearance.lua compile ok
E:\cnkdjx\Client\MyLuaGame\frameworks\pokemon_proj_tc_qd\proj.android\app\build\intermediates\assets\androidpack\x64\src\app\views\city\activity\activity_boss\embattle.lua compile ok
E:\cnkdjx\Client\MyLuaGame\frameworks\pokemon_proj_tc_qd\proj.android\app\build\intermediates\assets\androidpack\x64\src\app\views\city\activity\activity_boss\show.lua compile ok
E:\cnkdjx\Client\MyLuaGame\frameworks\pokemon_proj_tc_qd\proj.android\app\build\intermediates\assets\androidpack\x64\src\app\views\city\activity\activity_boss\view.lua compile ok
E:\cnkdjx\Client\MyLuaGame\frameworks\pokemon_proj_tc_qd\proj.android\app\build\intermediates\assets\androidpack\x64\src\app\views\city\activity\beach_ice\check.lua compile ok
E:\cnkdjx\Client\MyLuaGame\frameworks\pokemon_proj_tc_qd\proj.android\app\build\intermediates\assets\androidpack\x64\src\app\views\city\activity\beach_ice\game_over.lua compile ok
E:\cnkdjx\Client\MyLuaGame\frameworks\pokemon_proj_tc_qd\proj.android\app\build\intermediates\assets\androidpack\x64\src\app\views\city\activity\beach_ice\rank.lua compile ok
E:\cnkdjx\Client\MyLuaGame\frameworks\pokemon_proj_tc_qd\proj.android\app\build\intermediates\assets\androidpack\x64\src\app\views\city\activity\beach_ice\tips.lua compile ok
E:\cnkdjx\Client\MyLuaGame\frameworks\pokemon_proj_tc_qd\proj.android\app\build\intermediates\assets\androidpack\x64\src\app\views\city\activity\beach_ice\view.lua compile ok
E:\cnkdjx\Client\MyLuaGame\frameworks\pokemon_proj_tc_qd\proj.android\app\build\intermediates\assets\androidpack\x64\src\app\views\city\activity\brave_challenge\achievement.lua compile ok
E:\cnkdjx\Client\MyLuaGame\frameworks\pokemon_proj_tc_qd\proj.android\app\build\intermediates\assets\androidpack\x64\src\app\views\city\activity\brave_challenge\adapt.lua compile ok
E:\cnkdjx\Client\MyLuaGame\frameworks\pokemon_proj_tc_qd\proj.android\app\build\intermediates\assets\androidpack\x64\src\app\views\city\activity\brave_challenge\badge.lua compile ok
E:\cnkdjx\Client\MyLuaGame\frameworks\pokemon_proj_tc_qd\proj.android\app\build\intermediates\assets\androidpack\x64\src\app\views\city\activity\brave_challenge\badge_detail.lua compile ok
E:\cnkdjx\Client\MyLuaGame\frameworks\pokemon_proj_tc_qd\proj.android\app\build\intermediates\assets\androidpack\x64\src\app\views\city\activity\brave_challenge\challenge_gate.lua compile ok
E:\cnkdjx\Client\MyLuaGame\frameworks\pokemon_proj_tc_qd\proj.android\app\build\intermediates\assets\androidpack\x64\src\app\views\city\activity\brave_challenge\embattle.lua compile ok
E:\cnkdjx\Client\MyLuaGame\frameworks\pokemon_proj_tc_qd\proj.android\app\build\intermediates\assets\androidpack\x64\src\app\views\city\activity\brave_challenge\gain_achievement.lua compile ok
E:\cnkdjx\Client\MyLuaGame\frameworks\pokemon_proj_tc_qd\proj.android\app\build\intermediates\assets\androidpack\x64\src\app\views\city\activity\brave_challenge\gain_card.lua compile ok
E:\cnkdjx\Client\MyLuaGame\frameworks\pokemon_proj_tc_qd\proj.android\app\build\intermediates\assets\androidpack\x64\src\app\views\city\activity\brave_challenge\main.lua compile ok
E:\cnkdjx\Client\MyLuaGame\frameworks\pokemon_proj_tc_qd\proj.android\app\build\intermediates\assets\androidpack\x64\src\app\views\city\activity\brave_challenge\rank.lua compile ok
E:\cnkdjx\Client\MyLuaGame\frameworks\pokemon_proj_tc_qd\proj.android\app\build\intermediates\assets\androidpack\x64\src\app\views\city\activity\brave_challenge\rank_detail.lua compile ok
E:\cnkdjx\Client\MyLuaGame\frameworks\pokemon_proj_tc_qd\proj.android\app\build\intermediates\assets\androidpack\x64\src\app\views\city\activity\brave_challenge\select_badge.lua compile ok
E:\cnkdjx\Client\MyLuaGame\frameworks\pokemon_proj_tc_qd\proj.android\app\build\intermediates\assets\androidpack\x64\src\app\views\city\activity\brave_challenge\select_card.lua compile ok
E:\cnkdjx\Client\MyLuaGame\frameworks\pokemon_proj_tc_qd\proj.android\app\build\intermediates\assets\androidpack\x64\src\app\views\city\activity\brave_challenge\tip.lua compile ok
E:\cnkdjx\Client\MyLuaGame\frameworks\pokemon_proj_tc_qd\proj.android\app\build\intermediates\assets\androidpack\x64\src\app\views\city\activity\brave_challenge\view.lua compile ok
E:\cnkdjx\Client\MyLuaGame\frameworks\pokemon_proj_tc_qd\proj.android\app\build\intermediates\assets\androidpack\x64\src\app\views\city\activity\christmas\award.lua compile ok
E:\cnkdjx\Client\MyLuaGame\frameworks\pokemon_proj_tc_qd\proj.android\app\build\intermediates\assets\androidpack\x64\src\app\views\city\activity\christmas\gift.lua compile ok
E:\cnkdjx\Client\MyLuaGame\frameworks\pokemon_proj_tc_qd\proj.android\app\build\intermediates\assets\androidpack\x64\src\app\views\city\activity\christmas\view.lua compile ok
E:\cnkdjx\Client\MyLuaGame\frameworks\pokemon_proj_tc_qd\proj.android\app\build\intermediates\assets\androidpack\x64\src\app\views\city\activity\dispatch\sprite_select.lua compile ok
E:\cnkdjx\Client\MyLuaGame\frameworks\pokemon_proj_tc_qd\proj.android\app\build\intermediates\assets\androidpack\x64\src\app\views\city\activity\dispatch\suc.lua compile ok
E:\cnkdjx\Client\MyLuaGame\frameworks\pokemon_proj_tc_qd\proj.android\app\build\intermediates\assets\androidpack\x64\src\app\views\city\activity\dispatch\task.lua compile ok
E:\cnkdjx\Client\MyLuaGame\frameworks\pokemon_proj_tc_qd\proj.android\app\build\intermediates\assets\androidpack\x64\src\app\views\city\activity\dispatch\view.lua compile ok
E:\cnkdjx\Client\MyLuaGame\frameworks\pokemon_proj_tc_qd\proj.android\app\build\intermediates\assets\androidpack\x64\src\app\views\city\activity\double11\game.lua compile ok
E:\cnkdjx\Client\MyLuaGame\frameworks\pokemon_proj_tc_qd\proj.android\app\build\intermediates\assets\androidpack\x64\src\app\views\city\activity\double11\lottery.lua compile ok
E:\cnkdjx\Client\MyLuaGame\frameworks\pokemon_proj_tc_qd\proj.android\app\build\intermediates\assets\androidpack\x64\src\app\views\city\activity\double11\scratch.lua compile ok
E:\cnkdjx\Client\MyLuaGame\frameworks\pokemon_proj_tc_qd\proj.android\app\build\intermediates\assets\androidpack\x64\src\app\views\city\activity\double11\shop.lua compile ok
E:\cnkdjx\Client\MyLuaGame\frameworks\pokemon_proj_tc_qd\proj.android\app\build\intermediates\assets\androidpack\x64\src\app\views\city\activity\double11\view.lua compile ok
E:\cnkdjx\Client\MyLuaGame\frameworks\pokemon_proj_tc_qd\proj.android\app\build\intermediates\assets\androidpack\x64\src\app\views\city\activity\draw_active\exchange.lua compile ok
E:\cnkdjx\Client\MyLuaGame\frameworks\pokemon_proj_tc_qd\proj.android\app\build\intermediates\assets\androidpack\x64\src\app\views\city\activity\draw_active\explor.lua compile ok
E:\cnkdjx\Client\MyLuaGame\frameworks\pokemon_proj_tc_qd\proj.android\app\build\intermediates\assets\androidpack\x64\src\app\views\city\activity\draw_active\gift.lua compile ok
E:\cnkdjx\Client\MyLuaGame\frameworks\pokemon_proj_tc_qd\proj.android\app\build\intermediates\assets\androidpack\x64\src\app\views\city\activity\draw_active\helditem.lua compile ok
E:\cnkdjx\Client\MyLuaGame\frameworks\pokemon_proj_tc_qd\proj.android\app\build\intermediates\assets\androidpack\x64\src\app\views\city\activity\draw_active\item.lua compile ok
E:\cnkdjx\Client\MyLuaGame\frameworks\pokemon_proj_tc_qd\proj.android\app\build\intermediates\assets\androidpack\x64\src\app\views\city\activity\draw_active\task.lua compile ok
E:\cnkdjx\Client\MyLuaGame\frameworks\pokemon_proj_tc_qd\proj.android\app\build\intermediates\assets\androidpack\x64\src\app\views\city\activity\duan_wu_festival\proficiency_award.lua compile ok
E:\cnkdjx\Client\MyLuaGame\frameworks\pokemon_proj_tc_qd\proj.android\app\build\intermediates\assets\androidpack\x64\src\app\views\city\activity\duan_wu_festival\speed_fabrication.lua compile ok
E:\cnkdjx\Client\MyLuaGame\frameworks\pokemon_proj_tc_qd\proj.android\app\build\intermediates\assets\androidpack\x64\src\app\views\city\activity\duan_wu_festival\view.lua compile ok
E:\cnkdjx\Client\MyLuaGame\frameworks\pokemon_proj_tc_qd\proj.android\app\build\intermediates\assets\androidpack\x64\src\app\views\city\activity\duan_wu_festival\zongzi_bag.lua compile ok
E:\cnkdjx\Client\MyLuaGame\frameworks\pokemon_proj_tc_qd\proj.android\app\build\intermediates\assets\androidpack\x64\src\app\views\city\activity\duan_wu_festival\zongzi_select.lua compile ok
E:\cnkdjx\Client\MyLuaGame\frameworks\pokemon_proj_tc_qd\proj.android\app\build\intermediates\assets\androidpack\x64\src\app\views\city\activity\gem_up\gem_details.lua compile ok
E:\cnkdjx\Client\MyLuaGame\frameworks\pokemon_proj_tc_qd\proj.android\app\build\intermediates\assets\androidpack\x64\src\app\views\city\activity\gem_up\gem_replacement.lua compile ok
E:\cnkdjx\Client\MyLuaGame\frameworks\pokemon_proj_tc_qd\proj.android\app\build\intermediates\assets\androidpack\x64\src\app\views\city\activity\gem_up\view.lua compile ok
E:\cnkdjx\Client\MyLuaGame\frameworks\pokemon_proj_tc_qd\proj.android\app\build\intermediates\assets\androidpack\x64\src\app\views\city\activity\grid_walk\bag.lua compile ok
E:\cnkdjx\Client\MyLuaGame\frameworks\pokemon_proj_tc_qd\proj.android\app\build\intermediates\assets\androidpack\x64\src\app\views\city\activity\grid_walk\confirmation_use_card.lua compile ok
E:\cnkdjx\Client\MyLuaGame\frameworks\pokemon_proj_tc_qd\proj.android\app\build\intermediates\assets\androidpack\x64\src\app\views\city\activity\grid_walk\scratch.lua compile ok
E:\cnkdjx\Client\MyLuaGame\frameworks\pokemon_proj_tc_qd\proj.android\app\build\intermediates\assets\androidpack\x64\src\app\views\city\activity\grid_walk\shop.lua compile ok
E:\cnkdjx\Client\MyLuaGame\frameworks\pokemon_proj_tc_qd\proj.android\app\build\intermediates\assets\androidpack\x64\src\app\views\city\activity\grid_walk\task.lua compile ok
E:\cnkdjx\Client\MyLuaGame\frameworks\pokemon_proj_tc_qd\proj.android\app\build\intermediates\assets\androidpack\x64\src\app\views\city\activity\grid_walk\tools.lua compile ok
E:\cnkdjx\Client\MyLuaGame\frameworks\pokemon_proj_tc_qd\proj.android\app\build\intermediates\assets\androidpack\x64\src\app\views\city\activity\grid_walk\view.lua compile ok
E:\cnkdjx\Client\MyLuaGame\frameworks\pokemon_proj_tc_qd\proj.android\app\build\intermediates\assets\androidpack\x64\src\app\views\city\activity\grid_walk\wheel.lua compile ok
E:\cnkdjx\Client\MyLuaGame\frameworks\pokemon_proj_tc_qd\proj.android\app\build\intermediates\assets\androidpack\x64\src\app\views\city\activity\horse_race\bet.lua compile ok
E:\cnkdjx\Client\MyLuaGame\frameworks\pokemon_proj_tc_qd\proj.android\app\build\intermediates\assets\androidpack\x64\src\app\views\city\activity\horse_race\end.lua compile ok
E:\cnkdjx\Client\MyLuaGame\frameworks\pokemon_proj_tc_qd\proj.android\app\build\intermediates\assets\androidpack\x64\src\app\views\city\activity\horse_race\match.lua compile ok
E:\cnkdjx\Client\MyLuaGame\frameworks\pokemon_proj_tc_qd\proj.android\app\build\intermediates\assets\androidpack\x64\src\app\views\city\activity\horse_race\point_reward.lua compile ok
E:\cnkdjx\Client\MyLuaGame\frameworks\pokemon_proj_tc_qd\proj.android\app\build\intermediates\assets\androidpack\x64\src\app\views\city\activity\horse_race\race_record.lua compile ok
E:\cnkdjx\Client\MyLuaGame\frameworks\pokemon_proj_tc_qd\proj.android\app\build\intermediates\assets\androidpack\x64\src\app\views\city\activity\horse_race\rank.lua compile ok
E:\cnkdjx\Client\MyLuaGame\frameworks\pokemon_proj_tc_qd\proj.android\app\build\intermediates\assets\androidpack\x64\src\app\views\city\activity\horse_race\view.lua compile ok
E:\cnkdjx\Client\MyLuaGame\frameworks\pokemon_proj_tc_qd\proj.android\app\build\intermediates\assets\androidpack\x64\src\app\views\city\activity\jiu_wei\exchange.lua compile ok
E:\cnkdjx\Client\MyLuaGame\frameworks\pokemon_proj_tc_qd\proj.android\app\build\intermediates\assets\androidpack\x64\src\app\views\city\activity\jiu_wei\gift.lua compile ok
E:\cnkdjx\Client\MyLuaGame\frameworks\pokemon_proj_tc_qd\proj.android\app\build\intermediates\assets\androidpack\x64\src\app\views\city\activity\jiu_wei\passport.lua compile ok
E:\cnkdjx\Client\MyLuaGame\frameworks\pokemon_proj_tc_qd\proj.android\app\build\intermediates\assets\androidpack\x64\src\app\views\city\activity\jiu_wei\passport_buy.lua compile ok
E:\cnkdjx\Client\MyLuaGame\frameworks\pokemon_proj_tc_qd\proj.android\app\build\intermediates\assets\androidpack\x64\src\app\views\city\activity\jiu_wei\sign_in.lua compile ok
E:\cnkdjx\Client\MyLuaGame\frameworks\pokemon_proj_tc_qd\proj.android\app\build\intermediates\assets\androidpack\x64\src\app\views\city\activity\jiu_wei\view.lua compile ok
E:\cnkdjx\Client\MyLuaGame\frameworks\pokemon_proj_tc_qd\proj.android\app\build\intermediates\assets\androidpack\x64\src\app\views\city\activity\monopoly\exchange.lua compile ok
E:\cnkdjx\Client\MyLuaGame\frameworks\pokemon_proj_tc_qd\proj.android\app\build\intermediates\assets\androidpack\x64\src\app\views\city\activity\monopoly\gift.lua compile ok
E:\cnkdjx\Client\MyLuaGame\frameworks\pokemon_proj_tc_qd\proj.android\app\build\intermediates\assets\androidpack\x64\src\app\views\city\activity\monopoly\task.lua compile ok
E:\cnkdjx\Client\MyLuaGame\frameworks\pokemon_proj_tc_qd\proj.android\app\build\intermediates\assets\androidpack\x64\src\app\views\city\activity\monopoly\view.lua compile ok
E:\cnkdjx\Client\MyLuaGame\frameworks\pokemon_proj_tc_qd\proj.android\app\build\intermediates\assets\androidpack\x64\src\app\views\city\activity\passport\buy.lua compile ok
E:\cnkdjx\Client\MyLuaGame\frameworks\pokemon_proj_tc_qd\proj.android\app\build\intermediates\assets\androidpack\x64\src\app\views\city\activity\passport\buy_exp.lua compile ok
E:\cnkdjx\Client\MyLuaGame\frameworks\pokemon_proj_tc_qd\proj.android\app\build\intermediates\assets\androidpack\x64\src\app\views\city\activity\passport\game_buy.lua compile ok
E:\cnkdjx\Client\MyLuaGame\frameworks\pokemon_proj_tc_qd\proj.android\app\build\intermediates\assets\androidpack\x64\src\app\views\city\activity\passport\game_buy_exp.lua compile ok
E:\cnkdjx\Client\MyLuaGame\frameworks\pokemon_proj_tc_qd\proj.android\app\build\intermediates\assets\androidpack\x64\src\app\views\city\activity\passport\game_view.lua compile ok
E:\cnkdjx\Client\MyLuaGame\frameworks\pokemon_proj_tc_qd\proj.android\app\build\intermediates\assets\androidpack\x64\src\app\views\city\activity\passport\record_game_view.lua compile ok
E:\cnkdjx\Client\MyLuaGame\frameworks\pokemon_proj_tc_qd\proj.android\app\build\intermediates\assets\androidpack\x64\src\app\views\city\activity\passport\view.lua compile ok
E:\cnkdjx\Client\MyLuaGame\frameworks\pokemon_proj_tc_qd\proj.android\app\build\intermediates\assets\androidpack\x64\src\app\views\city\activity\recharge_feedback\activity_lucky_egg.lua compile ok
E:\cnkdjx\Client\MyLuaGame\frameworks\pokemon_proj_tc_qd\proj.android\app\build\intermediates\assets\androidpack\x64\src\app\views\city\activity\recharge_feedback\activity_lucky_egg_shop.lua compile ok
E:\cnkdjx\Client\MyLuaGame\frameworks\pokemon_proj_tc_qd\proj.android\app\build\intermediates\assets\androidpack\x64\src\app\views\city\activity\recharge_feedback\new_player_welfare.lua compile ok
E:\cnkdjx\Client\MyLuaGame\frameworks\pokemon_proj_tc_qd\proj.android\app\build\intermediates\assets\androidpack\x64\src\app\views\city\activity\recharge_feedback\normal_view.lua compile ok
E:\cnkdjx\Client\MyLuaGame\frameworks\pokemon_proj_tc_qd\proj.android\app\build\intermediates\assets\androidpack\x64\src\app\views\city\activity\recharge_feedback\seven_day_login.lua compile ok
E:\cnkdjx\Client\MyLuaGame\frameworks\pokemon_proj_tc_qd\proj.android\app\build\intermediates\assets\androidpack\x64\src\app\views\city\activity\recharge_feedback\spring_festival_view.lua compile ok
E:\cnkdjx\Client\MyLuaGame\frameworks\pokemon_proj_tc_qd\proj.android\app\build\intermediates\assets\androidpack\x64\src\app\views\city\activity\reunion\bind_player.lua compile ok
E:\cnkdjx\Client\MyLuaGame\frameworks\pokemon_proj_tc_qd\proj.android\app\build\intermediates\assets\androidpack\x64\src\app\views\city\activity\reunion\catchup.lua compile ok
E:\cnkdjx\Client\MyLuaGame\frameworks\pokemon_proj_tc_qd\proj.android\app\build\intermediates\assets\androidpack\x64\src\app\views\city\activity\reunion\gift.lua compile ok
E:\cnkdjx\Client\MyLuaGame\frameworks\pokemon_proj_tc_qd\proj.android\app\build\intermediates\assets\androidpack\x64\src\app\views\city\activity\reunion\invite.lua compile ok
E:\cnkdjx\Client\MyLuaGame\frameworks\pokemon_proj_tc_qd\proj.android\app\build\intermediates\assets\androidpack\x64\src\app\views\city\activity\reunion\recharge.lua compile ok
E:\cnkdjx\Client\MyLuaGame\frameworks\pokemon_proj_tc_qd\proj.android\app\build\intermediates\assets\androidpack\x64\src\app\views\city\activity\reunion\reunion.lua compile ok
E:\cnkdjx\Client\MyLuaGame\frameworks\pokemon_proj_tc_qd\proj.android\app\build\intermediates\assets\androidpack\x64\src\app\views\city\activity\reunion\sign.lua compile ok
E:\cnkdjx\Client\MyLuaGame\frameworks\pokemon_proj_tc_qd\proj.android\app\build\intermediates\assets\androidpack\x64\src\app\views\city\activity\reunion\task.lua compile ok
E:\cnkdjx\Client\MyLuaGame\frameworks\pokemon_proj_tc_qd\proj.android\app\build\intermediates\assets\androidpack\x64\src\app\views\city\activity\reunion\view.lua compile ok
E:\cnkdjx\Client\MyLuaGame\frameworks\pokemon_proj_tc_qd\proj.android\app\build\intermediates\assets\androidpack\x64\src\app\views\city\activity\server_open\discount.lua compile ok
E:\cnkdjx\Client\MyLuaGame\frameworks\pokemon_proj_tc_qd\proj.android\app\build\intermediates\assets\androidpack\x64\src\app\views\city\activity\server_open\get.lua compile ok
E:\cnkdjx\Client\MyLuaGame\frameworks\pokemon_proj_tc_qd\proj.android\app\build\intermediates\assets\androidpack\x64\src\app\views\city\activity\server_open\placard.lua compile ok
E:\cnkdjx\Client\MyLuaGame\frameworks\pokemon_proj_tc_qd\proj.android\app\build\intermediates\assets\androidpack\x64\src\app\views\city\activity\server_open\placard_anniversary.lua compile ok
E:\cnkdjx\Client\MyLuaGame\frameworks\pokemon_proj_tc_qd\proj.android\app\build\intermediates\assets\androidpack\x64\src\app\views\city\activity\server_open\placard_double_years_day.lua compile ok
E:\cnkdjx\Client\MyLuaGame\frameworks\pokemon_proj_tc_qd\proj.android\app\build\intermediates\assets\androidpack\x64\src\app\views\city\activity\server_open\placard_may_day.lua compile ok
E:\cnkdjx\Client\MyLuaGame\frameworks\pokemon_proj_tc_qd\proj.android\app\build\intermediates\assets\androidpack\x64\src\app\views\city\activity\server_open\placard_national_mid_autumn.lua compile ok
E:\cnkdjx\Client\MyLuaGame\frameworks\pokemon_proj_tc_qd\proj.android\app\build\intermediates\assets\androidpack\x64\src\app\views\city\activity\server_open\placard_spring_festival.lua compile ok
E:\cnkdjx\Client\MyLuaGame\frameworks\pokemon_proj_tc_qd\proj.android\app\build\intermediates\assets\androidpack\x64\src\app\views\city\activity\server_open\view.lua compile ok
E:\cnkdjx\Client\MyLuaGame\frameworks\pokemon_proj_tc_qd\proj.android\app\build\intermediates\assets\androidpack\x64\src\app\views\city\activity\server_open\view_anniversary.lua compile ok
E:\cnkdjx\Client\MyLuaGame\frameworks\pokemon_proj_tc_qd\proj.android\app\build\intermediates\assets\androidpack\x64\src\app\views\city\activity\server_open\view_double_years_day.lua compile ok
E:\cnkdjx\Client\MyLuaGame\frameworks\pokemon_proj_tc_qd\proj.android\app\build\intermediates\assets\androidpack\x64\src\app\views\city\activity\server_open\view_may_day.lua compile ok
E:\cnkdjx\Client\MyLuaGame\frameworks\pokemon_proj_tc_qd\proj.android\app\build\intermediates\assets\androidpack\x64\src\app\views\city\activity\server_open\view_spring_festival.lua compile ok
E:\cnkdjx\Client\MyLuaGame\frameworks\pokemon_proj_tc_qd\proj.android\app\build\intermediates\assets\androidpack\x64\src\app\views\city\activity\sky_scraper\game.lua compile ok
E:\cnkdjx\Client\MyLuaGame\frameworks\pokemon_proj_tc_qd\proj.android\app\build\intermediates\assets\androidpack\x64\src\app\views\city\activity\sky_scraper\game2.lua compile ok
E:\cnkdjx\Client\MyLuaGame\frameworks\pokemon_proj_tc_qd\proj.android\app\build\intermediates\assets\androidpack\x64\src\app\views\city\activity\sky_scraper\game_over.lua compile ok
E:\cnkdjx\Client\MyLuaGame\frameworks\pokemon_proj_tc_qd\proj.android\app\build\intermediates\assets\androidpack\x64\src\app\views\city\activity\sky_scraper\rank.lua compile ok
E:\cnkdjx\Client\MyLuaGame\frameworks\pokemon_proj_tc_qd\proj.android\app\build\intermediates\assets\androidpack\x64\src\app\views\city\activity\sky_scraper\reward.lua compile ok
E:\cnkdjx\Client\MyLuaGame\frameworks\pokemon_proj_tc_qd\proj.android\app\build\intermediates\assets\androidpack\x64\src\app\views\city\activity\sky_scraper\view.lua compile ok
E:\cnkdjx\Client\MyLuaGame\frameworks\pokemon_proj_tc_qd\proj.android\app\build\intermediates\assets\androidpack\x64\src\app\views\city\activity\snow_ball\choose_role.lua compile ok
E:\cnkdjx\Client\MyLuaGame\frameworks\pokemon_proj_tc_qd\proj.android\app\build\intermediates\assets\androidpack\x64\src\app\views\city\activity\snow_ball\game.lua compile ok
E:\cnkdjx\Client\MyLuaGame\frameworks\pokemon_proj_tc_qd\proj.android\app\build\intermediates\assets\androidpack\x64\src\app\views\city\activity\snow_ball\game_over.lua compile ok
E:\cnkdjx\Client\MyLuaGame\frameworks\pokemon_proj_tc_qd\proj.android\app\build\intermediates\assets\androidpack\x64\src\app\views\city\activity\snow_ball\rank.lua compile ok
E:\cnkdjx\Client\MyLuaGame\frameworks\pokemon_proj_tc_qd\proj.android\app\build\intermediates\assets\androidpack\x64\src\app\views\city\activity\snow_ball\reward.lua compile ok
E:\cnkdjx\Client\MyLuaGame\frameworks\pokemon_proj_tc_qd\proj.android\app\build\intermediates\assets\androidpack\x64\src\app\views\city\activity\snow_ball\view.lua compile ok
E:\cnkdjx\Client\MyLuaGame\frameworks\pokemon_proj_tc_qd\proj.android\app\build\intermediates\assets\androidpack\x64\src\app\views\city\activity\star_upgrade\customize_sprite.lua compile ok
E:\cnkdjx\Client\MyLuaGame\frameworks\pokemon_proj_tc_qd\proj.android\app\build\intermediates\assets\androidpack\x64\src\app\views\city\activity\star_upgrade\view.lua compile ok
E:\cnkdjx\Client\MyLuaGame\frameworks\pokemon_proj_tc_qd\proj.android\app\build\intermediates\assets\androidpack\x64\src\app\views\city\activity\summer_challenge\embattle.lua compile ok
E:\cnkdjx\Client\MyLuaGame\frameworks\pokemon_proj_tc_qd\proj.android\app\build\intermediates\assets\androidpack\x64\src\app\views\city\activity\summer_challenge\gain_achievement.lua compile ok
E:\cnkdjx\Client\MyLuaGame\frameworks\pokemon_proj_tc_qd\proj.android\app\build\intermediates\assets\androidpack\x64\src\app\views\city\activity\summer_challenge\gate_detail.lua compile ok
E:\cnkdjx\Client\MyLuaGame\frameworks\pokemon_proj_tc_qd\proj.android\app\build\intermediates\assets\androidpack\x64\src\app\views\city\activity\summer_challenge\view.lua compile ok
E:\cnkdjx\Client\MyLuaGame\frameworks\pokemon_proj_tc_qd\proj.android\app\build\intermediates\assets\androidpack\x64\src\app\views\city\activity\theme_skin\exchange.lua compile ok
E:\cnkdjx\Client\MyLuaGame\frameworks\pokemon_proj_tc_qd\proj.android\app\build\intermediates\assets\androidpack\x64\src\app\views\city\activity\theme_skin\gift.lua compile ok
E:\cnkdjx\Client\MyLuaGame\frameworks\pokemon_proj_tc_qd\proj.android\app\build\intermediates\assets\androidpack\x64\src\app\views\city\activity\theme_skin\give.lua compile ok
E:\cnkdjx\Client\MyLuaGame\frameworks\pokemon_proj_tc_qd\proj.android\app\build\intermediates\assets\androidpack\x64\src\app\views\city\activity\theme_skin\sign_in.lua compile ok
E:\cnkdjx\Client\MyLuaGame\frameworks\pokemon_proj_tc_qd\proj.android\app\build\intermediates\assets\androidpack\x64\src\app\views\city\activity\theme_skin\view.lua compile ok
E:\cnkdjx\Client\MyLuaGame\frameworks\pokemon_proj_tc_qd\proj.android\app\build\intermediates\assets\androidpack\x64\src\app\views\city\activity\throne_draw\exchange.lua compile ok
E:\cnkdjx\Client\MyLuaGame\frameworks\pokemon_proj_tc_qd\proj.android\app\build\intermediates\assets\androidpack\x64\src\app\views\city\activity\throne_draw\passport.lua compile ok
E:\cnkdjx\Client\MyLuaGame\frameworks\pokemon_proj_tc_qd\proj.android\app\build\intermediates\assets\androidpack\x64\src\app\views\city\activity\throne_draw\rank.lua compile ok
E:\cnkdjx\Client\MyLuaGame\frameworks\pokemon_proj_tc_qd\proj.android\app\build\intermediates\assets\androidpack\x64\src\app\views\city\activity\throne_draw\shop.lua compile ok
E:\cnkdjx\Client\MyLuaGame\frameworks\pokemon_proj_tc_qd\proj.android\app\build\intermediates\assets\androidpack\x64\src\app\views\city\activity\throne_draw\sign_in.lua compile ok
E:\cnkdjx\Client\MyLuaGame\frameworks\pokemon_proj_tc_qd\proj.android\app\build\intermediates\assets\androidpack\x64\src\app\views\city\activity\throne_draw\view.lua compile ok
E:\cnkdjx\Client\MyLuaGame\frameworks\pokemon_proj_tc_qd\proj.android\app\build\intermediates\assets\androidpack\x64\src\app\views\city\activity\volleyball\ball.lua compile ok
E:\cnkdjx\Client\MyLuaGame\frameworks\pokemon_proj_tc_qd\proj.android\app\build\intermediates\assets\androidpack\x64\src\app\views\city\activity\volleyball\game.lua compile ok
E:\cnkdjx\Client\MyLuaGame\frameworks\pokemon_proj_tc_qd\proj.android\app\build\intermediates\assets\androidpack\x64\src\app\views\city\activity\volleyball\game_over.lua compile ok
E:\cnkdjx\Client\MyLuaGame\frameworks\pokemon_proj_tc_qd\proj.android\app\build\intermediates\assets\androidpack\x64\src\app\views\city\activity\volleyball\rank.lua compile ok
E:\cnkdjx\Client\MyLuaGame\frameworks\pokemon_proj_tc_qd\proj.android\app\build\intermediates\assets\androidpack\x64\src\app\views\city\activity\volleyball\reward.lua compile ok
E:\cnkdjx\Client\MyLuaGame\frameworks\pokemon_proj_tc_qd\proj.android\app\build\intermediates\assets\androidpack\x64\src\app\views\city\activity\volleyball\sprite.lua compile ok
E:\cnkdjx\Client\MyLuaGame\frameworks\pokemon_proj_tc_qd\proj.android\app\build\intermediates\assets\androidpack\x64\src\app\views\city\activity\volleyball\view.lua compile ok
E:\cnkdjx\Client\MyLuaGame\frameworks\pokemon_proj_tc_qd\proj.android\app\build\intermediates\assets\androidpack\x64\src\app\views\city\activity\world_boss\rank.lua compile ok
E:\cnkdjx\Client\MyLuaGame\frameworks\pokemon_proj_tc_qd\proj.android\app\build\intermediates\assets\androidpack\x64\src\app\views\city\activity\world_boss\reward.lua compile ok
E:\cnkdjx\Client\MyLuaGame\frameworks\pokemon_proj_tc_qd\proj.android\app\build\intermediates\assets\androidpack\x64\src\app\views\city\activity\world_boss\view.lua compile ok
E:\cnkdjx\Client\MyLuaGame\frameworks\pokemon_proj_tc_qd\proj.android\app\build\intermediates\assets\androidpack\x64\src\app\views\city\activity\zhuti_yingxiong\passport.lua compile ok
E:\cnkdjx\Client\MyLuaGame\frameworks\pokemon_proj_tc_qd\proj.android\app\build\intermediates\assets\androidpack\x64\src\app\views\city\activity\zhuti_yingxiong\passport_buy.lua compile ok
E:\cnkdjx\Client\MyLuaGame\frameworks\pokemon_proj_tc_qd\proj.android\app\build\intermediates\assets\androidpack\x64\src\app\views\city\activity\zhuti_yingxiong\shop.lua compile ok
E:\cnkdjx\Client\MyLuaGame\frameworks\pokemon_proj_tc_qd\proj.android\app\build\intermediates\assets\androidpack\x64\src\app\views\city\activity\zhuti_yingxiong\sign_in.lua compile ok
E:\cnkdjx\Client\MyLuaGame\frameworks\pokemon_proj_tc_qd\proj.android\app\build\intermediates\assets\androidpack\x64\src\app\views\city\activity\zhuti_yingxiong\view.lua compile ok
E:\cnkdjx\Client\MyLuaGame\frameworks\pokemon_proj_tc_qd\proj.android\app\build\intermediates\assets\androidpack\x64\src\app\views\city\adventure\pve.lua compile ok
E:\cnkdjx\Client\MyLuaGame\frameworks\pokemon_proj_tc_qd\proj.android\app\build\intermediates\assets\androidpack\x64\src\app\views\city\adventure\pvp.lua compile ok
E:\cnkdjx\Client\MyLuaGame\frameworks\pokemon_proj_tc_qd\proj.android\app\build\intermediates\assets\androidpack\x64\src\app\views\city\adventure\view.lua compile ok
E:\cnkdjx\Client\MyLuaGame\frameworks\pokemon_proj_tc_qd\proj.android\app\build\intermediates\assets\androidpack\x64\src\app\views\city\adventure\clone_battle\base.lua compile ok
E:\cnkdjx\Client\MyLuaGame\frameworks\pokemon_proj_tc_qd\proj.android\app\build\intermediates\assets\androidpack\x64\src\app\views\city\adventure\clone_battle\choose.lua compile ok
E:\cnkdjx\Client\MyLuaGame\frameworks\pokemon_proj_tc_qd\proj.android\app\build\intermediates\assets\androidpack\x64\src\app\views\city\adventure\clone_battle\history.lua compile ok
E:\cnkdjx\Client\MyLuaGame\frameworks\pokemon_proj_tc_qd\proj.android\app\build\intermediates\assets\androidpack\x64\src\app\views\city\adventure\clone_battle\invite.lua compile ok
E:\cnkdjx\Client\MyLuaGame\frameworks\pokemon_proj_tc_qd\proj.android\app\build\intermediates\assets\androidpack\x64\src\app\views\city\adventure\clone_battle\room.lua compile ok
E:\cnkdjx\Client\MyLuaGame\frameworks\pokemon_proj_tc_qd\proj.android\app\build\intermediates\assets\androidpack\x64\src\app\views\city\adventure\clone_battle\spr_list.lua compile ok
E:\cnkdjx\Client\MyLuaGame\frameworks\pokemon_proj_tc_qd\proj.android\app\build\intermediates\assets\androidpack\x64\src\app\views\city\adventure\clone_battle\view.lua compile ok
E:\cnkdjx\Client\MyLuaGame\frameworks\pokemon_proj_tc_qd\proj.android\app\build\intermediates\assets\androidpack\x64\src\app\views\city\adventure\clone_battle\vote.lua compile ok
E:\cnkdjx\Client\MyLuaGame\frameworks\pokemon_proj_tc_qd\proj.android\app\build\intermediates\assets\androidpack\x64\src\app\views\city\adventure\daily_activity\gate_select.lua compile ok
E:\cnkdjx\Client\MyLuaGame\frameworks\pokemon_proj_tc_qd\proj.android\app\build\intermediates\assets\androidpack\x64\src\app\views\city\adventure\daily_activity\rank.lua compile ok
E:\cnkdjx\Client\MyLuaGame\frameworks\pokemon_proj_tc_qd\proj.android\app\build\intermediates\assets\androidpack\x64\src\app\views\city\adventure\daily_activity\view.lua compile ok
E:\cnkdjx\Client\MyLuaGame\frameworks\pokemon_proj_tc_qd\proj.android\app\build\intermediates\assets\androidpack\x64\src\app\views\city\adventure\dispatch_task\sprite_select.lua compile ok
E:\cnkdjx\Client\MyLuaGame\frameworks\pokemon_proj_tc_qd\proj.android\app\build\intermediates\assets\androidpack\x64\src\app\views\city\adventure\dispatch_task\tools.lua compile ok
E:\cnkdjx\Client\MyLuaGame\frameworks\pokemon_proj_tc_qd\proj.android\app\build\intermediates\assets\androidpack\x64\src\app\views\city\adventure\dispatch_task\view.lua compile ok
E:\cnkdjx\Client\MyLuaGame\frameworks\pokemon_proj_tc_qd\proj.android\app\build\intermediates\assets\androidpack\x64\src\app\views\city\adventure\endless_tower\battle_video.lua compile ok
E:\cnkdjx\Client\MyLuaGame\frameworks\pokemon_proj_tc_qd\proj.android\app\build\intermediates\assets\androidpack\x64\src\app\views\city\adventure\endless_tower\gate_detail.lua compile ok
E:\cnkdjx\Client\MyLuaGame\frameworks\pokemon_proj_tc_qd\proj.android\app\build\intermediates\assets\androidpack\x64\src\app\views\city\adventure\endless_tower\rank.lua compile ok
E:\cnkdjx\Client\MyLuaGame\frameworks\pokemon_proj_tc_qd\proj.android\app\build\intermediates\assets\androidpack\x64\src\app\views\city\adventure\endless_tower\view.lua compile ok
E:\cnkdjx\Client\MyLuaGame\frameworks\pokemon_proj_tc_qd\proj.android\app\build\intermediates\assets\androidpack\x64\src\app\views\city\adventure\fishing\auto.lua compile ok
E:\cnkdjx\Client\MyLuaGame\frameworks\pokemon_proj_tc_qd\proj.android\app\build\intermediates\assets\androidpack\x64\src\app\views\city\adventure\fishing\award.lua compile ok
E:\cnkdjx\Client\MyLuaGame\frameworks\pokemon_proj_tc_qd\proj.android\app\build\intermediates\assets\androidpack\x64\src\app\views\city\adventure\fishing\bag.lua compile ok
E:\cnkdjx\Client\MyLuaGame\frameworks\pokemon_proj_tc_qd\proj.android\app\build\intermediates\assets\androidpack\x64\src\app\views\city\adventure\fishing\book.lua compile ok
E:\cnkdjx\Client\MyLuaGame\frameworks\pokemon_proj_tc_qd\proj.android\app\build\intermediates\assets\androidpack\x64\src\app\views\city\adventure\fishing\level.lua compile ok
E:\cnkdjx\Client\MyLuaGame\frameworks\pokemon_proj_tc_qd\proj.android\app\build\intermediates\assets\androidpack\x64\src\app\views\city\adventure\fishing\rank.lua compile ok
E:\cnkdjx\Client\MyLuaGame\frameworks\pokemon_proj_tc_qd\proj.android\app\build\intermediates\assets\androidpack\x64\src\app\views\city\adventure\fishing\result.lua compile ok
E:\cnkdjx\Client\MyLuaGame\frameworks\pokemon_proj_tc_qd\proj.android\app\build\intermediates\assets\androidpack\x64\src\app\views\city\adventure\fishing\sence_select.lua compile ok
E:\cnkdjx\Client\MyLuaGame\frameworks\pokemon_proj_tc_qd\proj.android\app\build\intermediates\assets\androidpack\x64\src\app\views\city\adventure\fishing\tools.lua compile ok
E:\cnkdjx\Client\MyLuaGame\frameworks\pokemon_proj_tc_qd\proj.android\app\build\intermediates\assets\androidpack\x64\src\app\views\city\adventure\fishing\upgrade.lua compile ok
E:\cnkdjx\Client\MyLuaGame\frameworks\pokemon_proj_tc_qd\proj.android\app\build\intermediates\assets\androidpack\x64\src\app\views\city\adventure\fishing\view.lua compile ok
E:\cnkdjx\Client\MyLuaGame\frameworks\pokemon_proj_tc_qd\proj.android\app\build\intermediates\assets\androidpack\x64\src\app\views\city\adventure\gym_challenge\battle_detail.lua compile ok
E:\cnkdjx\Client\MyLuaGame\frameworks\pokemon_proj_tc_qd\proj.android\app\build\intermediates\assets\androidpack\x64\src\app\views\city\adventure\gym_challenge\buff.lua compile ok
E:\cnkdjx\Client\MyLuaGame\frameworks\pokemon_proj_tc_qd\proj.android\app\build\intermediates\assets\androidpack\x64\src\app\views\city\adventure\gym_challenge\buff_detail.lua compile ok
E:\cnkdjx\Client\MyLuaGame\frameworks\pokemon_proj_tc_qd\proj.android\app\build\intermediates\assets\androidpack\x64\src\app\views\city\adventure\gym_challenge\card_list3.lua compile ok
E:\cnkdjx\Client\MyLuaGame\frameworks\pokemon_proj_tc_qd\proj.android\app\build\intermediates\assets\androidpack\x64\src\app\views\city\adventure\gym_challenge\cross_gate.lua compile ok
E:\cnkdjx\Client\MyLuaGame\frameworks\pokemon_proj_tc_qd\proj.android\app\build\intermediates\assets\androidpack\x64\src\app\views\city\adventure\gym_challenge\embattle1.lua compile ok
E:\cnkdjx\Client\MyLuaGame\frameworks\pokemon_proj_tc_qd\proj.android\app\build\intermediates\assets\androidpack\x64\src\app\views\city\adventure\gym_challenge\embattle2.lua compile ok
E:\cnkdjx\Client\MyLuaGame\frameworks\pokemon_proj_tc_qd\proj.android\app\build\intermediates\assets\androidpack\x64\src\app\views\city\adventure\gym_challenge\embattle3.lua compile ok
E:\cnkdjx\Client\MyLuaGame\frameworks\pokemon_proj_tc_qd\proj.android\app\build\intermediates\assets\androidpack\x64\src\app\views\city\adventure\gym_challenge\gate.lua compile ok
E:\cnkdjx\Client\MyLuaGame\frameworks\pokemon_proj_tc_qd\proj.android\app\build\intermediates\assets\androidpack\x64\src\app\views\city\adventure\gym_challenge\gate_detail.lua compile ok
E:\cnkdjx\Client\MyLuaGame\frameworks\pokemon_proj_tc_qd\proj.android\app\build\intermediates\assets\androidpack\x64\src\app\views\city\adventure\gym_challenge\log.lua compile ok
E:\cnkdjx\Client\MyLuaGame\frameworks\pokemon_proj_tc_qd\proj.android\app\build\intermediates\assets\androidpack\x64\src\app\views\city\adventure\gym_challenge\master_info.lua compile ok
E:\cnkdjx\Client\MyLuaGame\frameworks\pokemon_proj_tc_qd\proj.android\app\build\intermediates\assets\androidpack\x64\src\app\views\city\adventure\gym_challenge\npc_info.lua compile ok
E:\cnkdjx\Client\MyLuaGame\frameworks\pokemon_proj_tc_qd\proj.android\app\build\intermediates\assets\androidpack\x64\src\app\views\city\adventure\gym_challenge\view.lua compile ok
E:\cnkdjx\Client\MyLuaGame\frameworks\pokemon_proj_tc_qd\proj.android\app\build\intermediates\assets\androidpack\x64\src\app\views\city\adventure\hunting\buff_detail.lua compile ok
E:\cnkdjx\Client\MyLuaGame\frameworks\pokemon_proj_tc_qd\proj.android\app\build\intermediates\assets\androidpack\x64\src\app\views\city\adventure\hunting\gate_detail.lua compile ok
E:\cnkdjx\Client\MyLuaGame\frameworks\pokemon_proj_tc_qd\proj.android\app\build\intermediates\assets\androidpack\x64\src\app\views\city\adventure\hunting\open_box.lua compile ok
E:\cnkdjx\Client\MyLuaGame\frameworks\pokemon_proj_tc_qd\proj.android\app\build\intermediates\assets\androidpack\x64\src\app\views\city\adventure\hunting\route.lua compile ok
E:\cnkdjx\Client\MyLuaGame\frameworks\pokemon_proj_tc_qd\proj.android\app\build\intermediates\assets\androidpack\x64\src\app\views\city\adventure\hunting\select_buff.lua compile ok
E:\cnkdjx\Client\MyLuaGame\frameworks\pokemon_proj_tc_qd\proj.android\app\build\intermediates\assets\androidpack\x64\src\app\views\city\adventure\hunting\select_event.lua compile ok
E:\cnkdjx\Client\MyLuaGame\frameworks\pokemon_proj_tc_qd\proj.android\app\build\intermediates\assets\androidpack\x64\src\app\views\city\adventure\hunting\supply.lua compile ok
E:\cnkdjx\Client\MyLuaGame\frameworks\pokemon_proj_tc_qd\proj.android\app\build\intermediates\assets\androidpack\x64\src\app\views\city\adventure\hunting\supply_detail.lua compile ok
E:\cnkdjx\Client\MyLuaGame\frameworks\pokemon_proj_tc_qd\proj.android\app\build\intermediates\assets\androidpack\x64\src\app\views\city\adventure\hunting\view.lua compile ok
E:\cnkdjx\Client\MyLuaGame\frameworks\pokemon_proj_tc_qd\proj.android\app\build\intermediates\assets\androidpack\x64\src\app\views\city\adventure\random_tower\buff_detail.lua compile ok
E:\cnkdjx\Client\MyLuaGame\frameworks\pokemon_proj_tc_qd\proj.android\app\build\intermediates\assets\androidpack\x64\src\app\views\city\adventure\random_tower\event_reward.lua compile ok
E:\cnkdjx\Client\MyLuaGame\frameworks\pokemon_proj_tc_qd\proj.android\app\build\intermediates\assets\androidpack\x64\src\app\views\city\adventure\random_tower\gate_detail.lua compile ok
E:\cnkdjx\Client\MyLuaGame\frameworks\pokemon_proj_tc_qd\proj.android\app\build\intermediates\assets\androidpack\x64\src\app\views\city\adventure\random_tower\jump.lua compile ok
E:\cnkdjx\Client\MyLuaGame\frameworks\pokemon_proj_tc_qd\proj.android\app\build\intermediates\assets\androidpack\x64\src\app\views\city\adventure\random_tower\look_buff.lua compile ok
E:\cnkdjx\Client\MyLuaGame\frameworks\pokemon_proj_tc_qd\proj.android\app\build\intermediates\assets\androidpack\x64\src\app\views\city\adventure\random_tower\open_box.lua compile ok
E:\cnkdjx\Client\MyLuaGame\frameworks\pokemon_proj_tc_qd\proj.android\app\build\intermediates\assets\androidpack\x64\src\app\views\city\adventure\random_tower\point_reward.lua compile ok
E:\cnkdjx\Client\MyLuaGame\frameworks\pokemon_proj_tc_qd\proj.android\app\build\intermediates\assets\androidpack\x64\src\app\views\city\adventure\random_tower\rank.lua compile ok
E:\cnkdjx\Client\MyLuaGame\frameworks\pokemon_proj_tc_qd\proj.android\app\build\intermediates\assets\androidpack\x64\src\app\views\city\adventure\random_tower\select_event.lua compile ok
E:\cnkdjx\Client\MyLuaGame\frameworks\pokemon_proj_tc_qd\proj.android\app\build\intermediates\assets\androidpack\x64\src\app\views\city\adventure\random_tower\tools.lua compile ok
E:\cnkdjx\Client\MyLuaGame\frameworks\pokemon_proj_tc_qd\proj.android\app\build\intermediates\assets\androidpack\x64\src\app\views\city\adventure\random_tower\use_buff.lua compile ok
E:\cnkdjx\Client\MyLuaGame\frameworks\pokemon_proj_tc_qd\proj.android\app\build\intermediates\assets\androidpack\x64\src\app\views\city\adventure\random_tower\view.lua compile ok
E:\cnkdjx\Client\MyLuaGame\frameworks\pokemon_proj_tc_qd\proj.android\app\build\intermediates\assets\androidpack\x64\src\app\views\city\capture\capture_entrace.lua compile ok
E:\cnkdjx\Client\MyLuaGame\frameworks\pokemon_proj_tc_qd\proj.android\app\build\intermediates\assets\androidpack\x64\src\app\views\city\capture\capture_handbook.lua compile ok
E:\cnkdjx\Client\MyLuaGame\frameworks\pokemon_proj_tc_qd\proj.android\app\build\intermediates\assets\androidpack\x64\src\app\views\city\capture\capture_limit.lua compile ok
E:\cnkdjx\Client\MyLuaGame\frameworks\pokemon_proj_tc_qd\proj.android\app\build\intermediates\assets\androidpack\x64\src\app\views\city\capture\capture_over.lua compile ok
E:\cnkdjx\Client\MyLuaGame\frameworks\pokemon_proj_tc_qd\proj.android\app\build\intermediates\assets\androidpack\x64\src\app\views\city\capture\capture_sprite.lua compile ok
E:\cnkdjx\Client\MyLuaGame\frameworks\pokemon_proj_tc_qd\proj.android\app\build\intermediates\assets\androidpack\x64\src\app\views\city\card\advance.lua compile ok
E:\cnkdjx\Client\MyLuaGame\frameworks\pokemon_proj_tc_qd\proj.android\app\build\intermediates\assets\androidpack\x64\src\app\views\city\card\advance_onekey.lua compile ok
E:\cnkdjx\Client\MyLuaGame\frameworks\pokemon_proj_tc_qd\proj.android\app\build\intermediates\assets\androidpack\x64\src\app\views\city\card\attrdetail.lua compile ok
E:\cnkdjx\Client\MyLuaGame\frameworks\pokemon_proj_tc_qd\proj.android\app\build\intermediates\assets\androidpack\x64\src\app\views\city\card\attribute.lua compile ok
E:\cnkdjx\Client\MyLuaGame\frameworks\pokemon_proj_tc_qd\proj.android\app\build\intermediates\assets\androidpack\x64\src\app\views\city\card\bag.lua compile ok
E:\cnkdjx\Client\MyLuaGame\frameworks\pokemon_proj_tc_qd\proj.android\app\build\intermediates\assets\androidpack\x64\src\app\views\city\card\bag_filter.lua compile ok
E:\cnkdjx\Client\MyLuaGame\frameworks\pokemon_proj_tc_qd\proj.android\app\build\intermediates\assets\androidpack\x64\src\app\views\city\card\battle_detail.lua compile ok
E:\cnkdjx\Client\MyLuaGame\frameworks\pokemon_proj_tc_qd\proj.android\app\build\intermediates\assets\androidpack\x64\src\app\views\city\card\battle_recommend.lua compile ok
E:\cnkdjx\Client\MyLuaGame\frameworks\pokemon_proj_tc_qd\proj.android\app\build\intermediates\assets\androidpack\x64\src\app\views\city\card\buy_capacity.lua compile ok
E:\cnkdjx\Client\MyLuaGame\frameworks\pokemon_proj_tc_qd\proj.android\app\build\intermediates\assets\androidpack\x64\src\app\views\city\card\changename.lua compile ok
E:\cnkdjx\Client\MyLuaGame\frameworks\pokemon_proj_tc_qd\proj.android\app\build\intermediates\assets\androidpack\x64\src\app\views\city\card\character.lua compile ok
E:\cnkdjx\Client\MyLuaGame\frameworks\pokemon_proj_tc_qd\proj.android\app\build\intermediates\assets\androidpack\x64\src\app\views\city\card\chip.lua compile ok
E:\cnkdjx\Client\MyLuaGame\frameworks\pokemon_proj_tc_qd\proj.android\app\build\intermediates\assets\androidpack\x64\src\app\views\city\card\comment.lua compile ok
E:\cnkdjx\Client\MyLuaGame\frameworks\pokemon_proj_tc_qd\proj.android\app\build\intermediates\assets\androidpack\x64\src\app\views\city\card\comment_rank.lua compile ok
E:\cnkdjx\Client\MyLuaGame\frameworks\pokemon_proj_tc_qd\proj.android\app\build\intermediates\assets\androidpack\x64\src\app\views\city\card\common_success.lua compile ok
E:\cnkdjx\Client\MyLuaGame\frameworks\pokemon_proj_tc_qd\proj.android\app\build\intermediates\assets\androidpack\x64\src\app\views\city\card\detailed_attribute.lua compile ok
E:\cnkdjx\Client\MyLuaGame\frameworks\pokemon_proj_tc_qd\proj.android\app\build\intermediates\assets\androidpack\x64\src\app\views\city\card\develop.lua compile ok
E:\cnkdjx\Client\MyLuaGame\frameworks\pokemon_proj_tc_qd\proj.android\app\build\intermediates\assets\androidpack\x64\src\app\views\city\card\effortvalue.lua compile ok
E:\cnkdjx\Client\MyLuaGame\frameworks\pokemon_proj_tc_qd\proj.android\app\build\intermediates\assets\androidpack\x64\src\app\views\city\card\effortvalue_custom.lua compile ok
E:\cnkdjx\Client\MyLuaGame\frameworks\pokemon_proj_tc_qd\proj.android\app\build\intermediates\assets\androidpack\x64\src\app\views\city\card\effortvalue_detail.lua compile ok
E:\cnkdjx\Client\MyLuaGame\frameworks\pokemon_proj_tc_qd\proj.android\app\build\intermediates\assets\androidpack\x64\src\app\views\city\card\evolution_base.lua compile ok
E:\cnkdjx\Client\MyLuaGame\frameworks\pokemon_proj_tc_qd\proj.android\app\build\intermediates\assets\androidpack\x64\src\app\views\city\card\evolution_branch.lua compile ok
E:\cnkdjx\Client\MyLuaGame\frameworks\pokemon_proj_tc_qd\proj.android\app\build\intermediates\assets\androidpack\x64\src\app\views\city\card\evolution_change_shape.lua compile ok
E:\cnkdjx\Client\MyLuaGame\frameworks\pokemon_proj_tc_qd\proj.android\app\build\intermediates\assets\androidpack\x64\src\app\views\city\card\fetter.lua compile ok
E:\cnkdjx\Client\MyLuaGame\frameworks\pokemon_proj_tc_qd\proj.android\app\build\intermediates\assets\androidpack\x64\src\app\views\city\card\info.lua compile ok
E:\cnkdjx\Client\MyLuaGame\frameworks\pokemon_proj_tc_qd\proj.android\app\build\intermediates\assets\androidpack\x64\src\app\views\city\card\nature_attr_info.lua compile ok
E:\cnkdjx\Client\MyLuaGame\frameworks\pokemon_proj_tc_qd\proj.android\app\build\intermediates\assets\androidpack\x64\src\app\views\city\card\nvalue.lua compile ok
E:\cnkdjx\Client\MyLuaGame\frameworks\pokemon_proj_tc_qd\proj.android\app\build\intermediates\assets\androidpack\x64\src\app\views\city\card\share_tip.lua compile ok
E:\cnkdjx\Client\MyLuaGame\frameworks\pokemon_proj_tc_qd\proj.android\app\build\intermediates\assets\androidpack\x64\src\app\views\city\card\skill.lua compile ok
E:\cnkdjx\Client\MyLuaGame\frameworks\pokemon_proj_tc_qd\proj.android\app\build\intermediates\assets\androidpack\x64\src\app\views\city\card\skill_buypoint.lua compile ok
E:\cnkdjx\Client\MyLuaGame\frameworks\pokemon_proj_tc_qd\proj.android\app\build\intermediates\assets\androidpack\x64\src\app\views\city\card\star.lua compile ok
E:\cnkdjx\Client\MyLuaGame\frameworks\pokemon_proj_tc_qd\proj.android\app\build\intermediates\assets\androidpack\x64\src\app\views\city\card\star_changefrags.lua compile ok
E:\cnkdjx\Client\MyLuaGame\frameworks\pokemon_proj_tc_qd\proj.android\app\build\intermediates\assets\androidpack\x64\src\app\views\city\card\star_changestarskill.lua compile ok
E:\cnkdjx\Client\MyLuaGame\frameworks\pokemon_proj_tc_qd\proj.android\app\build\intermediates\assets\androidpack\x64\src\app\views\city\card\star_combfrags.lua compile ok
E:\cnkdjx\Client\MyLuaGame\frameworks\pokemon_proj_tc_qd\proj.android\app\build\intermediates\assets\androidpack\x64\src\app\views\city\card\star_selectfrag.lua compile ok
E:\cnkdjx\Client\MyLuaGame\frameworks\pokemon_proj_tc_qd\proj.android\app\build\intermediates\assets\androidpack\x64\src\app\views\city\card\strengthen.lua compile ok
E:\cnkdjx\Client\MyLuaGame\frameworks\pokemon_proj_tc_qd\proj.android\app\build\intermediates\assets\androidpack\x64\src\app\views\city\card\upgrade.lua compile ok
E:\cnkdjx\Client\MyLuaGame\frameworks\pokemon_proj_tc_qd\proj.android\app\build\intermediates\assets\androidpack\x64\src\app\views\city\card\ability\strengthen.lua compile ok
E:\cnkdjx\Client\MyLuaGame\frameworks\pokemon_proj_tc_qd\proj.android\app\build\intermediates\assets\androidpack\x64\src\app\views\city\card\ability\strengthen_onekey.lua compile ok
E:\cnkdjx\Client\MyLuaGame\frameworks\pokemon_proj_tc_qd\proj.android\app\build\intermediates\assets\androidpack\x64\src\app\views\city\card\ability\tools.lua compile ok
E:\cnkdjx\Client\MyLuaGame\frameworks\pokemon_proj_tc_qd\proj.android\app\build\intermediates\assets\androidpack\x64\src\app\views\city\card\ability\view.lua compile ok
E:\cnkdjx\Client\MyLuaGame\frameworks\pokemon_proj_tc_qd\proj.android\app\build\intermediates\assets\androidpack\x64\src\app\views\city\card\chip\advance.lua compile ok
E:\cnkdjx\Client\MyLuaGame\frameworks\pokemon_proj_tc_qd\proj.android\app\build\intermediates\assets\androidpack\x64\src\app\views\city\card\chip\advance_reset.lua compile ok
E:\cnkdjx\Client\MyLuaGame\frameworks\pokemon_proj_tc_qd\proj.android\app\build\intermediates\assets\androidpack\x64\src\app\views\city\card\chip\bag.lua compile ok
E:\cnkdjx\Client\MyLuaGame\frameworks\pokemon_proj_tc_qd\proj.android\app\build\intermediates\assets\androidpack\x64\src\app\views\city\card\chip\details.lua compile ok
E:\cnkdjx\Client\MyLuaGame\frameworks\pokemon_proj_tc_qd\proj.android\app\build\intermediates\assets\androidpack\x64\src\app\views\city\card\chip\draw.lua compile ok
E:\cnkdjx\Client\MyLuaGame\frameworks\pokemon_proj_tc_qd\proj.android\app\build\intermediates\assets\androidpack\x64\src\app\views\city\card\chip\item_details.lua compile ok
E:\cnkdjx\Client\MyLuaGame\frameworks\pokemon_proj_tc_qd\proj.android\app\build\intermediates\assets\androidpack\x64\src\app\views\city\card\chip\plan.lua compile ok
E:\cnkdjx\Client\MyLuaGame\frameworks\pokemon_proj_tc_qd\proj.android\app\build\intermediates\assets\androidpack\x64\src\app\views\city\card\chip\plan_equip_tip.lua compile ok
E:\cnkdjx\Client\MyLuaGame\frameworks\pokemon_proj_tc_qd\proj.android\app\build\intermediates\assets\androidpack\x64\src\app\views\city\card\chip\plan_mask.lua compile ok
E:\cnkdjx\Client\MyLuaGame\frameworks\pokemon_proj_tc_qd\proj.android\app\build\intermediates\assets\androidpack\x64\src\app\views\city\card\chip\rate_preview.lua compile ok
E:\cnkdjx\Client\MyLuaGame\frameworks\pokemon_proj_tc_qd\proj.android\app\build\intermediates\assets\androidpack\x64\src\app\views\city\card\chip\resonance_preview.lua compile ok
E:\cnkdjx\Client\MyLuaGame\frameworks\pokemon_proj_tc_qd\proj.android\app\build\intermediates\assets\androidpack\x64\src\app\views\city\card\chip\result.lua compile ok
E:\cnkdjx\Client\MyLuaGame\frameworks\pokemon_proj_tc_qd\proj.android\app\build\intermediates\assets\androidpack\x64\src\app\views\city\card\chip\select_sprite.lua compile ok
E:\cnkdjx\Client\MyLuaGame\frameworks\pokemon_proj_tc_qd\proj.android\app\build\intermediates\assets\androidpack\x64\src\app\views\city\card\chip\select_suit.lua compile ok
E:\cnkdjx\Client\MyLuaGame\frameworks\pokemon_proj_tc_qd\proj.android\app\build\intermediates\assets\androidpack\x64\src\app\views\city\card\chip\suit_detail.lua compile ok
E:\cnkdjx\Client\MyLuaGame\frameworks\pokemon_proj_tc_qd\proj.android\app\build\intermediates\assets\androidpack\x64\src\app\views\city\card\chip\suit_preview.lua compile ok
E:\cnkdjx\Client\MyLuaGame\frameworks\pokemon_proj_tc_qd\proj.android\app\build\intermediates\assets\androidpack\x64\src\app\views\city\card\chip\tools.lua compile ok
E:\cnkdjx\Client\MyLuaGame\frameworks\pokemon_proj_tc_qd\proj.android\app\build\intermediates\assets\androidpack\x64\src\app\views\city\card\chip\total_detail.lua compile ok
E:\cnkdjx\Client\MyLuaGame\frameworks\pokemon_proj_tc_qd\proj.android\app\build\intermediates\assets\androidpack\x64\src\app\views\city\card\embattle\arena.lua compile ok
E:\cnkdjx\Client\MyLuaGame\frameworks\pokemon_proj_tc_qd\proj.android\app\build\intermediates\assets\androidpack\x64\src\app\views\city\card\embattle\attr_dialog.lua compile ok
E:\cnkdjx\Client\MyLuaGame\frameworks\pokemon_proj_tc_qd\proj.android\app\build\intermediates\assets\androidpack\x64\src\app\views\city\card\embattle\base.lua compile ok
E:\cnkdjx\Client\MyLuaGame\frameworks\pokemon_proj_tc_qd\proj.android\app\build\intermediates\assets\androidpack\x64\src\app\views\city\card\embattle\brave_challenge_card_list.lua compile ok
E:\cnkdjx\Client\MyLuaGame\frameworks\pokemon_proj_tc_qd\proj.android\app\build\intermediates\assets\androidpack\x64\src\app\views\city\card\embattle\clone_battle.lua compile ok
E:\cnkdjx\Client\MyLuaGame\frameworks\pokemon_proj_tc_qd\proj.android\app\build\intermediates\assets\androidpack\x64\src\app\views\city\card\embattle\cross_arena_card_list.lua compile ok
E:\cnkdjx\Client\MyLuaGame\frameworks\pokemon_proj_tc_qd\proj.android\app\build\intermediates\assets\androidpack\x64\src\app\views\city\card\embattle\cross_mine_card_list.lua compile ok
E:\cnkdjx\Client\MyLuaGame\frameworks\pokemon_proj_tc_qd\proj.android\app\build\intermediates\assets\androidpack\x64\src\app\views\city\card\embattle\cross_union_fight_card_list.lua compile ok
E:\cnkdjx\Client\MyLuaGame\frameworks\pokemon_proj_tc_qd\proj.android\app\build\intermediates\assets\androidpack\x64\src\app\views\city\card\embattle\embattle_card_list.lua compile ok
E:\cnkdjx\Client\MyLuaGame\frameworks\pokemon_proj_tc_qd\proj.android\app\build\intermediates\assets\androidpack\x64\src\app\views\city\card\embattle\endless.lua compile ok
E:\cnkdjx\Client\MyLuaGame\frameworks\pokemon_proj_tc_qd\proj.android\app\build\intermediates\assets\androidpack\x64\src\app\views\city\card\embattle\hunting.lua compile ok
E:\cnkdjx\Client\MyLuaGame\frameworks\pokemon_proj_tc_qd\proj.android\app\build\intermediates\assets\androidpack\x64\src\app\views\city\card\embattle\hunting_card_list.lua compile ok
E:\cnkdjx\Client\MyLuaGame\frameworks\pokemon_proj_tc_qd\proj.android\app\build\intermediates\assets\androidpack\x64\src\app\views\city\card\embattle\online_fight.lua compile ok
E:\cnkdjx\Client\MyLuaGame\frameworks\pokemon_proj_tc_qd\proj.android\app\build\intermediates\assets\androidpack\x64\src\app\views\city\card\embattle\random.lua compile ok
E:\cnkdjx\Client\MyLuaGame\frameworks\pokemon_proj_tc_qd\proj.android\app\build\intermediates\assets\androidpack\x64\src\app\views\city\card\embattle\random_card_list.lua compile ok
E:\cnkdjx\Client\MyLuaGame\frameworks\pokemon_proj_tc_qd\proj.android\app\build\intermediates\assets\androidpack\x64\src\app\views\city\card\embattle\ready.lua compile ok
E:\cnkdjx\Client\MyLuaGame\frameworks\pokemon_proj_tc_qd\proj.android\app\build\intermediates\assets\androidpack\x64\src\app\views\city\card\embattle\summer_challenge_card_list.lua compile ok
E:\cnkdjx\Client\MyLuaGame\frameworks\pokemon_proj_tc_qd\proj.android\app\build\intermediates\assets\androidpack\x64\src\app\views\city\card\embattle\union_fight_card_list.lua compile ok
E:\cnkdjx\Client\MyLuaGame\frameworks\pokemon_proj_tc_qd\proj.android\app\build\intermediates\assets\androidpack\x64\src\app\views\city\card\equip\advance_success.lua compile ok
E:\cnkdjx\Client\MyLuaGame\frameworks\pokemon_proj_tc_qd\proj.android\app\build\intermediates\assets\androidpack\x64\src\app\views\city\card\equip\awake.lua compile ok
E:\cnkdjx\Client\MyLuaGame\frameworks\pokemon_proj_tc_qd\proj.android\app\build\intermediates\assets\androidpack\x64\src\app\views\city\card\equip\fast_awake.lua compile ok
E:\cnkdjx\Client\MyLuaGame\frameworks\pokemon_proj_tc_qd\proj.android\app\build\intermediates\assets\androidpack\x64\src\app\views\city\card\equip\fast_signet.lua compile ok
E:\cnkdjx\Client\MyLuaGame\frameworks\pokemon_proj_tc_qd\proj.android\app\build\intermediates\assets\androidpack\x64\src\app\views\city\card\equip\fast_star.lua compile ok
E:\cnkdjx\Client\MyLuaGame\frameworks\pokemon_proj_tc_qd\proj.android\app\build\intermediates\assets\androidpack\x64\src\app\views\city\card\equip\fast_strengthen.lua compile ok
E:\cnkdjx\Client\MyLuaGame\frameworks\pokemon_proj_tc_qd\proj.android\app\build\intermediates\assets\androidpack\x64\src\app\views\city\card\equip\signet.lua compile ok
E:\cnkdjx\Client\MyLuaGame\frameworks\pokemon_proj_tc_qd\proj.android\app\build\intermediates\assets\androidpack\x64\src\app\views\city\card\equip\singnet_info.lua compile ok
E:\cnkdjx\Client\MyLuaGame\frameworks\pokemon_proj_tc_qd\proj.android\app\build\intermediates\assets\androidpack\x64\src\app\views\city\card\equip\star.lua compile ok
E:\cnkdjx\Client\MyLuaGame\frameworks\pokemon_proj_tc_qd\proj.android\app\build\intermediates\assets\androidpack\x64\src\app\views\city\card\equip\strengthen.lua compile ok
E:\cnkdjx\Client\MyLuaGame\frameworks\pokemon_proj_tc_qd\proj.android\app\build\intermediates\assets\androidpack\x64\src\app\views\city\card\equip\success.lua compile ok
E:\cnkdjx\Client\MyLuaGame\frameworks\pokemon_proj_tc_qd\proj.android\app\build\intermediates\assets\androidpack\x64\src\app\views\city\card\equip\view.lua compile ok
E:\cnkdjx\Client\MyLuaGame\frameworks\pokemon_proj_tc_qd\proj.android\app\build\intermediates\assets\androidpack\x64\src\app\views\city\card\feel\upgrade.lua compile ok
E:\cnkdjx\Client\MyLuaGame\frameworks\pokemon_proj_tc_qd\proj.android\app\build\intermediates\assets\androidpack\x64\src\app\views\city\card\feel\view.lua compile ok
E:\cnkdjx\Client\MyLuaGame\frameworks\pokemon_proj_tc_qd\proj.android\app\build\intermediates\assets\androidpack\x64\src\app\views\city\card\gem\add_effect.lua compile ok
E:\cnkdjx\Client\MyLuaGame\frameworks\pokemon_proj_tc_qd\proj.android\app\build\intermediates\assets\androidpack\x64\src\app\views\city\card\gem\decompose.lua compile ok
E:\cnkdjx\Client\MyLuaGame\frameworks\pokemon_proj_tc_qd\proj.android\app\build\intermediates\assets\androidpack\x64\src\app\views\city\card\gem\details.lua compile ok
E:\cnkdjx\Client\MyLuaGame\frameworks\pokemon_proj_tc_qd\proj.android\app\build\intermediates\assets\androidpack\x64\src\app\views\city\card\gem\draw.lua compile ok
E:\cnkdjx\Client\MyLuaGame\frameworks\pokemon_proj_tc_qd\proj.android\app\build\intermediates\assets\androidpack\x64\src\app\views\city\card\gem\filter.lua compile ok
E:\cnkdjx\Client\MyLuaGame\frameworks\pokemon_proj_tc_qd\proj.android\app\build\intermediates\assets\androidpack\x64\src\app\views\city\card\gem\onekey_strengthen.lua compile ok
E:\cnkdjx\Client\MyLuaGame\frameworks\pokemon_proj_tc_qd\proj.android\app\build\intermediates\assets\androidpack\x64\src\app\views\city\card\gem\preview.lua compile ok
E:\cnkdjx\Client\MyLuaGame\frameworks\pokemon_proj_tc_qd\proj.android\app\build\intermediates\assets\androidpack\x64\src\app\views\city\card\gem\quality_index.lua compile ok
E:\cnkdjx\Client\MyLuaGame\frameworks\pokemon_proj_tc_qd\proj.android\app\build\intermediates\assets\androidpack\x64\src\app\views\city\card\gem\rate_preview.lua compile ok
E:\cnkdjx\Client\MyLuaGame\frameworks\pokemon_proj_tc_qd\proj.android\app\build\intermediates\assets\androidpack\x64\src\app\views\city\card\gem\resonance.lua compile ok
E:\cnkdjx\Client\MyLuaGame\frameworks\pokemon_proj_tc_qd\proj.android\app\build\intermediates\assets\androidpack\x64\src\app\views\city\card\gem\result.lua compile ok
E:\cnkdjx\Client\MyLuaGame\frameworks\pokemon_proj_tc_qd\proj.android\app\build\intermediates\assets\androidpack\x64\src\app\views\city\card\gem\select_sprite.lua compile ok
E:\cnkdjx\Client\MyLuaGame\frameworks\pokemon_proj_tc_qd\proj.android\app\build\intermediates\assets\androidpack\x64\src\app\views\city\card\gem\strengthen.lua compile ok
E:\cnkdjx\Client\MyLuaGame\frameworks\pokemon_proj_tc_qd\proj.android\app\build\intermediates\assets\androidpack\x64\src\app\views\city\card\gem\tools.lua compile ok
E:\cnkdjx\Client\MyLuaGame\frameworks\pokemon_proj_tc_qd\proj.android\app\build\intermediates\assets\androidpack\x64\src\app\views\city\card\gem\view.lua compile ok
E:\cnkdjx\Client\MyLuaGame\frameworks\pokemon_proj_tc_qd\proj.android\app\build\intermediates\assets\androidpack\x64\src\app\views\city\card\helditem\advance.lua compile ok
E:\cnkdjx\Client\MyLuaGame\frameworks\pokemon_proj_tc_qd\proj.android\app\build\intermediates\assets\androidpack\x64\src\app\views\city\card\helditem\advance_detail.lua compile ok
E:\cnkdjx\Client\MyLuaGame\frameworks\pokemon_proj_tc_qd\proj.android\app\build\intermediates\assets\androidpack\x64\src\app\views\city\card\helditem\advance_select.lua compile ok
E:\cnkdjx\Client\MyLuaGame\frameworks\pokemon_proj_tc_qd\proj.android\app\build\intermediates\assets\androidpack\x64\src\app\views\city\card\helditem\bag.lua compile ok
E:\cnkdjx\Client\MyLuaGame\frameworks\pokemon_proj_tc_qd\proj.android\app\build\intermediates\assets\androidpack\x64\src\app\views\city\card\helditem\bag_handbook.lua compile ok
E:\cnkdjx\Client\MyLuaGame\frameworks\pokemon_proj_tc_qd\proj.android\app\build\intermediates\assets\androidpack\x64\src\app\views\city\card\helditem\battle_manuals.lua compile ok
E:\cnkdjx\Client\MyLuaGame\frameworks\pokemon_proj_tc_qd\proj.android\app\build\intermediates\assets\androidpack\x64\src\app\views\city\card\helditem\common_success.lua compile ok
E:\cnkdjx\Client\MyLuaGame\frameworks\pokemon_proj_tc_qd\proj.android\app\build\intermediates\assets\androidpack\x64\src\app\views\city\card\helditem\tools.lua compile ok
E:\cnkdjx\Client\MyLuaGame\frameworks\pokemon_proj_tc_qd\proj.android\app\build\intermediates\assets\androidpack\x64\src\app\views\city\card\mega\choose_card.lua compile ok
E:\cnkdjx\Client\MyLuaGame\frameworks\pokemon_proj_tc_qd\proj.android\app\build\intermediates\assets\androidpack\x64\src\app\views\city\card\mega\conversion.lua compile ok
E:\cnkdjx\Client\MyLuaGame\frameworks\pokemon_proj_tc_qd\proj.android\app\build\intermediates\assets\androidpack\x64\src\app\views\city\card\mega\fragment_select.lua compile ok
E:\cnkdjx\Client\MyLuaGame\frameworks\pokemon_proj_tc_qd\proj.android\app\build\intermediates\assets\androidpack\x64\src\app\views\city\card\mega\view.lua compile ok
E:\cnkdjx\Client\MyLuaGame\frameworks\pokemon_proj_tc_qd\proj.android\app\build\intermediates\assets\androidpack\x64\src\app\views\city\card\property_swap\choose.lua compile ok
E:\cnkdjx\Client\MyLuaGame\frameworks\pokemon_proj_tc_qd\proj.android\app\build\intermediates\assets\androidpack\x64\src\app\views\city\card\property_swap\choose_item.lua compile ok
E:\cnkdjx\Client\MyLuaGame\frameworks\pokemon_proj_tc_qd\proj.android\app\build\intermediates\assets\androidpack\x64\src\app\views\city\card\property_swap\view.lua compile ok
E:\cnkdjx\Client\MyLuaGame\frameworks\pokemon_proj_tc_qd\proj.android\app\build\intermediates\assets\androidpack\x64\src\app\views\city\card\rebirth\choose_helditem.lua compile ok
E:\cnkdjx\Client\MyLuaGame\frameworks\pokemon_proj_tc_qd\proj.android\app\build\intermediates\assets\androidpack\x64\src\app\views\city\card\rebirth\choose_role.lua compile ok
E:\cnkdjx\Client\MyLuaGame\frameworks\pokemon_proj_tc_qd\proj.android\app\build\intermediates\assets\androidpack\x64\src\app\views\city\card\rebirth\gem_rebirth.lua compile ok
E:\cnkdjx\Client\MyLuaGame\frameworks\pokemon_proj_tc_qd\proj.android\app\build\intermediates\assets\androidpack\x64\src\app\views\city\card\rebirth\tools.lua compile ok
E:\cnkdjx\Client\MyLuaGame\frameworks\pokemon_proj_tc_qd\proj.android\app\build\intermediates\assets\androidpack\x64\src\app\views\city\card\rebirth\view.lua compile ok
E:\cnkdjx\Client\MyLuaGame\frameworks\pokemon_proj_tc_qd\proj.android\app\build\intermediates\assets\androidpack\x64\src\app\views\city\card\skin\award.lua compile ok
E:\cnkdjx\Client\MyLuaGame\frameworks\pokemon_proj_tc_qd\proj.android\app\build\intermediates\assets\androidpack\x64\src\app\views\city\card\skin\view.lua compile ok
E:\cnkdjx\Client\MyLuaGame\frameworks\pokemon_proj_tc_qd\proj.android\app\build\intermediates\assets\androidpack\x64\src\app\views\city\card\star_swap\choose_card.lua compile ok
E:\cnkdjx\Client\MyLuaGame\frameworks\pokemon_proj_tc_qd\proj.android\app\build\intermediates\assets\androidpack\x64\src\app\views\city\card\star_swap\preview.lua compile ok
E:\cnkdjx\Client\MyLuaGame\frameworks\pokemon_proj_tc_qd\proj.android\app\build\intermediates\assets\androidpack\x64\src\app\views\city\card\star_swap\receive_box.lua compile ok
E:\cnkdjx\Client\MyLuaGame\frameworks\pokemon_proj_tc_qd\proj.android\app\build\intermediates\assets\androidpack\x64\src\app\views\city\card\star_swap\swap_over.lua compile ok
E:\cnkdjx\Client\MyLuaGame\frameworks\pokemon_proj_tc_qd\proj.android\app\build\intermediates\assets\androidpack\x64\src\app\views\city\card\star_swap\tools.lua compile ok
E:\cnkdjx\Client\MyLuaGame\frameworks\pokemon_proj_tc_qd\proj.android\app\build\intermediates\assets\androidpack\x64\src\app\views\city\card\star_swap\view.lua compile ok
E:\cnkdjx\Client\MyLuaGame\frameworks\pokemon_proj_tc_qd\proj.android\app\build\intermediates\assets\androidpack\x64\src\app\views\city\chat\emoji.lua compile ok
E:\cnkdjx\Client\MyLuaGame\frameworks\pokemon_proj_tc_qd\proj.android\app\build\intermediates\assets\androidpack\x64\src\app\views\city\chat\personal_info.lua compile ok
E:\cnkdjx\Client\MyLuaGame\frameworks\pokemon_proj_tc_qd\proj.android\app\build\intermediates\assets\androidpack\x64\src\app\views\city\chat\poster.lua compile ok
E:\cnkdjx\Client\MyLuaGame\frameworks\pokemon_proj_tc_qd\proj.android\app\build\intermediates\assets\androidpack\x64\src\app\views\city\chat\privataly.lua compile ok
E:\cnkdjx\Client\MyLuaGame\frameworks\pokemon_proj_tc_qd\proj.android\app\build\intermediates\assets\androidpack\x64\src\app\views\city\chat\view.lua compile ok
E:\cnkdjx\Client\MyLuaGame\frameworks\pokemon_proj_tc_qd\proj.android\app\build\intermediates\assets\androidpack\x64\src\app\views\city\daily_assistant\fishing_select.lua compile ok
E:\cnkdjx\Client\MyLuaGame\frameworks\pokemon_proj_tc_qd\proj.android\app\build\intermediates\assets\androidpack\x64\src\app\views\city\daily_assistant\tools.lua compile ok
E:\cnkdjx\Client\MyLuaGame\frameworks\pokemon_proj_tc_qd\proj.android\app\build\intermediates\assets\androidpack\x64\src\app\views\city\daily_assistant\union_contribute.lua compile ok
E:\cnkdjx\Client\MyLuaGame\frameworks\pokemon_proj_tc_qd\proj.android\app\build\intermediates\assets\androidpack\x64\src\app\views\city\daily_assistant\view.lua compile ok
E:\cnkdjx\Client\MyLuaGame\frameworks\pokemon_proj_tc_qd\proj.android\app\build\intermediates\assets\androidpack\x64\src\app\views\city\develop\explorer\component_success.lua compile ok
E:\cnkdjx\Client\MyLuaGame\frameworks\pokemon_proj_tc_qd\proj.android\app\build\intermediates\assets\androidpack\x64\src\app\views\city\develop\explorer\decompose.lua compile ok
E:\cnkdjx\Client\MyLuaGame\frameworks\pokemon_proj_tc_qd\proj.android\app\build\intermediates\assets\androidpack\x64\src\app\views\city\develop\explorer\detail.lua compile ok
E:\cnkdjx\Client\MyLuaGame\frameworks\pokemon_proj_tc_qd\proj.android\app\build\intermediates\assets\androidpack\x64\src\app\views\city\develop\explorer\success.lua compile ok
E:\cnkdjx\Client\MyLuaGame\frameworks\pokemon_proj_tc_qd\proj.android\app\build\intermediates\assets\androidpack\x64\src\app\views\city\develop\explorer\tools.lua compile ok
E:\cnkdjx\Client\MyLuaGame\frameworks\pokemon_proj_tc_qd\proj.android\app\build\intermediates\assets\androidpack\x64\src\app\views\city\develop\explorer\view.lua compile ok
E:\cnkdjx\Client\MyLuaGame\frameworks\pokemon_proj_tc_qd\proj.android\app\build\intermediates\assets\androidpack\x64\src\app\views\city\develop\explorer\ability\strengthen.lua compile ok
E:\cnkdjx\Client\MyLuaGame\frameworks\pokemon_proj_tc_qd\proj.android\app\build\intermediates\assets\androidpack\x64\src\app\views\city\develop\explorer\ability\view.lua compile ok
E:\cnkdjx\Client\MyLuaGame\frameworks\pokemon_proj_tc_qd\proj.android\app\build\intermediates\assets\androidpack\x64\src\app\views\city\develop\explorer\draw_item\success.lua compile ok
E:\cnkdjx\Client\MyLuaGame\frameworks\pokemon_proj_tc_qd\proj.android\app\build\intermediates\assets\androidpack\x64\src\app\views\city\develop\explorer\draw_item\view.lua compile ok
E:\cnkdjx\Client\MyLuaGame\frameworks\pokemon_proj_tc_qd\proj.android\app\build\intermediates\assets\androidpack\x64\src\app\views\city\develop\gym_badge\awake_success.lua compile ok
E:\cnkdjx\Client\MyLuaGame\frameworks\pokemon_proj_tc_qd\proj.android\app\build\intermediates\assets\androidpack\x64\src\app\views\city\develop\gym_badge\badge_awake.lua compile ok
E:\cnkdjx\Client\MyLuaGame\frameworks\pokemon_proj_tc_qd\proj.android\app\build\intermediates\assets\androidpack\x64\src\app\views\city\develop\gym_badge\guard.lua compile ok
E:\cnkdjx\Client\MyLuaGame\frameworks\pokemon_proj_tc_qd\proj.android\app\build\intermediates\assets\androidpack\x64\src\app\views\city\develop\gym_badge\guard_choose.lua compile ok
E:\cnkdjx\Client\MyLuaGame\frameworks\pokemon_proj_tc_qd\proj.android\app\build\intermediates\assets\androidpack\x64\src\app\views\city\develop\gym_badge\guard_detail.lua compile ok
E:\cnkdjx\Client\MyLuaGame\frameworks\pokemon_proj_tc_qd\proj.android\app\build\intermediates\assets\androidpack\x64\src\app\views\city\develop\gym_badge\guard_filter.lua compile ok
E:\cnkdjx\Client\MyLuaGame\frameworks\pokemon_proj_tc_qd\proj.android\app\build\intermediates\assets\androidpack\x64\src\app\views\city\develop\gym_badge\talent.lua compile ok
E:\cnkdjx\Client\MyLuaGame\frameworks\pokemon_proj_tc_qd\proj.android\app\build\intermediates\assets\androidpack\x64\src\app\views\city\develop\gym_badge\view.lua compile ok
E:\cnkdjx\Client\MyLuaGame\frameworks\pokemon_proj_tc_qd\proj.android\app\build\intermediates\assets\androidpack\x64\src\app\views\city\develop\talent\detail.lua compile ok
E:\cnkdjx\Client\MyLuaGame\frameworks\pokemon_proj_tc_qd\proj.android\app\build\intermediates\assets\androidpack\x64\src\app\views\city\develop\talent\reset.lua compile ok
E:\cnkdjx\Client\MyLuaGame\frameworks\pokemon_proj_tc_qd\proj.android\app\build\intermediates\assets\androidpack\x64\src\app\views\city\develop\talent\view.lua compile ok
E:\cnkdjx\Client\MyLuaGame\frameworks\pokemon_proj_tc_qd\proj.android\app\build\intermediates\assets\androidpack\x64\src\app\views\city\develop\title_book\view.lua compile ok
E:\cnkdjx\Client\MyLuaGame\frameworks\pokemon_proj_tc_qd\proj.android\app\build\intermediates\assets\androidpack\x64\src\app\views\city\develop\trainer\attr.lua compile ok
E:\cnkdjx\Client\MyLuaGame\frameworks\pokemon_proj_tc_qd\proj.android\app\build\intermediates\assets\androidpack\x64\src\app\views\city\develop\trainer\attr_skills.lua compile ok
E:\cnkdjx\Client\MyLuaGame\frameworks\pokemon_proj_tc_qd\proj.android\app\build\intermediates\assets\androidpack\x64\src\app\views\city\develop\trainer\skill_upgrade.lua compile ok
E:\cnkdjx\Client\MyLuaGame\frameworks\pokemon_proj_tc_qd\proj.android\app\build\intermediates\assets\androidpack\x64\src\app\views\city\develop\trainer\success.lua compile ok
E:\cnkdjx\Client\MyLuaGame\frameworks\pokemon_proj_tc_qd\proj.android\app\build\intermediates\assets\androidpack\x64\src\app\views\city\develop\trainer\view.lua compile ok
E:\cnkdjx\Client\MyLuaGame\frameworks\pokemon_proj_tc_qd\proj.android\app\build\intermediates\assets\androidpack\x64\src\app\views\city\drawcard\choose.lua compile ok
E:\cnkdjx\Client\MyLuaGame\frameworks\pokemon_proj_tc_qd\proj.android\app\build\intermediates\assets\androidpack\x64\src\app\views\city\drawcard\diamond.lua compile ok
E:\cnkdjx\Client\MyLuaGame\frameworks\pokemon_proj_tc_qd\proj.android\app\build\intermediates\assets\androidpack\x64\src\app\views\city\drawcard\diamond_up.lua compile ok
E:\cnkdjx\Client\MyLuaGame\frameworks\pokemon_proj_tc_qd\proj.android\app\build\intermediates\assets\androidpack\x64\src\app\views\city\drawcard\equip.lua compile ok
E:\cnkdjx\Client\MyLuaGame\frameworks\pokemon_proj_tc_qd\proj.android\app\build\intermediates\assets\androidpack\x64\src\app\views\city\drawcard\gold.lua compile ok
E:\cnkdjx\Client\MyLuaGame\frameworks\pokemon_proj_tc_qd\proj.android\app\build\intermediates\assets\androidpack\x64\src\app\views\city\drawcard\limit.lua compile ok
E:\cnkdjx\Client\MyLuaGame\frameworks\pokemon_proj_tc_qd\proj.android\app\build\intermediates\assets\androidpack\x64\src\app\views\city\drawcard\preview.lua compile ok
E:\cnkdjx\Client\MyLuaGame\frameworks\pokemon_proj_tc_qd\proj.android\app\build\intermediates\assets\androidpack\x64\src\app\views\city\drawcard\result.lua compile ok
E:\cnkdjx\Client\MyLuaGame\frameworks\pokemon_proj_tc_qd\proj.android\app\build\intermediates\assets\androidpack\x64\src\app\views\city\drawcard\select_property.lua compile ok
E:\cnkdjx\Client\MyLuaGame\frameworks\pokemon_proj_tc_qd\proj.android\app\build\intermediates\assets\androidpack\x64\src\app\views\city\drawcard\select_property_detail.lua compile ok
E:\cnkdjx\Client\MyLuaGame\frameworks\pokemon_proj_tc_qd\proj.android\app\build\intermediates\assets\androidpack\x64\src\app\views\city\drawcard\self_choose.lua compile ok
E:\cnkdjx\Client\MyLuaGame\frameworks\pokemon_proj_tc_qd\proj.android\app\build\intermediates\assets\androidpack\x64\src\app\views\city\drawcard\tools.lua compile ok
E:\cnkdjx\Client\MyLuaGame\frameworks\pokemon_proj_tc_qd\proj.android\app\build\intermediates\assets\androidpack\x64\src\app\views\city\drawcard\view.lua compile ok
E:\cnkdjx\Client\MyLuaGame\frameworks\pokemon_proj_tc_qd\proj.android\app\build\intermediates\assets\androidpack\x64\src\app\views\city\gate\quick_like.lua compile ok
E:\cnkdjx\Client\MyLuaGame\frameworks\pokemon_proj_tc_qd\proj.android\app\build\intermediates\assets\androidpack\x64\src\app\views\city\gate\sweep.lua compile ok
E:\cnkdjx\Client\MyLuaGame\frameworks\pokemon_proj_tc_qd\proj.android\app\build\intermediates\assets\androidpack\x64\src\app\views\city\gate\view.lua compile ok
E:\cnkdjx\Client\MyLuaGame\frameworks\pokemon_proj_tc_qd\proj.android\app\build\intermediates\assets\androidpack\x64\src\app\views\city\gate\section_detail\box.lua compile ok
E:\cnkdjx\Client\MyLuaGame\frameworks\pokemon_proj_tc_qd\proj.android\app\build\intermediates\assets\androidpack\x64\src\app\views\city\gate\section_detail\hard.lua compile ok
E:\cnkdjx\Client\MyLuaGame\frameworks\pokemon_proj_tc_qd\proj.android\app\build\intermediates\assets\androidpack\x64\src\app\views\city\gate\section_detail\nightmare.lua compile ok
E:\cnkdjx\Client\MyLuaGame\frameworks\pokemon_proj_tc_qd\proj.android\app\build\intermediates\assets\androidpack\x64\src\app\views\city\gate\section_detail\normal.lua compile ok
E:\cnkdjx\Client\MyLuaGame\frameworks\pokemon_proj_tc_qd\proj.android\app\build\intermediates\assets\androidpack\x64\src\app\views\city\gate\section_detail\view.lua compile ok
E:\cnkdjx\Client\MyLuaGame\frameworks\pokemon_proj_tc_qd\proj.android\app\build\intermediates\assets\androidpack\x64\src\app\views\city\handbook\add_attr.lua compile ok
E:\cnkdjx\Client\MyLuaGame\frameworks\pokemon_proj_tc_qd\proj.android\app\build\intermediates\assets\androidpack\x64\src\app\views\city\handbook\break.lua compile ok
E:\cnkdjx\Client\MyLuaGame\frameworks\pokemon_proj_tc_qd\proj.android\app\build\intermediates\assets\androidpack\x64\src\app\views\city\handbook\detail.lua compile ok
E:\cnkdjx\Client\MyLuaGame\frameworks\pokemon_proj_tc_qd\proj.android\app\build\intermediates\assets\androidpack\x64\src\app\views\city\handbook\fetter.lua compile ok
E:\cnkdjx\Client\MyLuaGame\frameworks\pokemon_proj_tc_qd\proj.android\app\build\intermediates\assets\androidpack\x64\src\app\views\city\handbook\gain_way.lua compile ok
E:\cnkdjx\Client\MyLuaGame\frameworks\pokemon_proj_tc_qd\proj.android\app\build\intermediates\assets\androidpack\x64\src\app\views\city\handbook\skill.lua compile ok
E:\cnkdjx\Client\MyLuaGame\frameworks\pokemon_proj_tc_qd\proj.android\app\build\intermediates\assets\androidpack\x64\src\app\views\city\handbook\tools.lua compile ok
E:\cnkdjx\Client\MyLuaGame\frameworks\pokemon_proj_tc_qd\proj.android\app\build\intermediates\assets\androidpack\x64\src\app\views\city\handbook\view.lua compile ok
E:\cnkdjx\Client\MyLuaGame\frameworks\pokemon_proj_tc_qd\proj.android\app\build\intermediates\assets\androidpack\x64\src\app\views\city\house\fereDown.lua compile ok
E:\cnkdjx\Client\MyLuaGame\frameworks\pokemon_proj_tc_qd\proj.android\app\build\intermediates\assets\androidpack\x64\src\app\views\city\house\fereEnhance.lua compile ok
E:\cnkdjx\Client\MyLuaGame\frameworks\pokemon_proj_tc_qd\proj.android\app\build\intermediates\assets\androidpack\x64\src\app\views\city\house\fereHouse.lua compile ok
E:\cnkdjx\Client\MyLuaGame\frameworks\pokemon_proj_tc_qd\proj.android\app\build\intermediates\assets\androidpack\x64\src\app\views\city\house\fereUnlock.lua compile ok
E:\cnkdjx\Client\MyLuaGame\frameworks\pokemon_proj_tc_qd\proj.android\app\build\intermediates\assets\androidpack\x64\src\app\views\city\house\fereVideo.lua compile ok
E:\cnkdjx\Client\MyLuaGame\frameworks\pokemon_proj_tc_qd\proj.android\app\build\intermediates\assets\androidpack\x64\src\app\views\city\mystery_shop\show.lua compile ok
E:\cnkdjx\Client\MyLuaGame\frameworks\pokemon_proj_tc_qd\proj.android\app\build\intermediates\assets\androidpack\x64\src\app\views\city\mystery_shop\view.lua compile ok
E:\cnkdjx\Client\MyLuaGame\frameworks\pokemon_proj_tc_qd\proj.android\app\build\intermediates\assets\androidpack\x64\src\app\views\city\personal\figure.lua compile ok
E:\cnkdjx\Client\MyLuaGame\frameworks\pokemon_proj_tc_qd\proj.android\app\build\intermediates\assets\androidpack\x64\src\app\views\city\personal\info.lua compile ok
E:\cnkdjx\Client\MyLuaGame\frameworks\pokemon_proj_tc_qd\proj.android\app\build\intermediates\assets\androidpack\x64\src\app\views\city\personal\other.lua compile ok
E:\cnkdjx\Client\MyLuaGame\frameworks\pokemon_proj_tc_qd\proj.android\app\build\intermediates\assets\androidpack\x64\src\app\views\city\personal\overflow_exp.lua compile ok
E:\cnkdjx\Client\MyLuaGame\frameworks\pokemon_proj_tc_qd\proj.android\app\build\intermediates\assets\androidpack\x64\src\app\views\city\personal\role_logo.lua compile ok
E:\cnkdjx\Client\MyLuaGame\frameworks\pokemon_proj_tc_qd\proj.android\app\build\intermediates\assets\androidpack\x64\src\app\views\city\personal\skill_choose.lua compile ok
E:\cnkdjx\Client\MyLuaGame\frameworks\pokemon_proj_tc_qd\proj.android\app\build\intermediates\assets\androidpack\x64\src\app\views\city\pvp\arena\combat_record.lua compile ok
E:\cnkdjx\Client\MyLuaGame\frameworks\pokemon_proj_tc_qd\proj.android\app\build\intermediates\assets\androidpack\x64\src\app\views\city\pvp\arena\head_icon.lua compile ok
E:\cnkdjx\Client\MyLuaGame\frameworks\pokemon_proj_tc_qd\proj.android\app\build\intermediates\assets\androidpack\x64\src\app\views\city\pvp\arena\pass_reward.lua compile ok
E:\cnkdjx\Client\MyLuaGame\frameworks\pokemon_proj_tc_qd\proj.android\app\build\intermediates\assets\androidpack\x64\src\app\views\city\pvp\arena\personal_info.lua compile ok
E:\cnkdjx\Client\MyLuaGame\frameworks\pokemon_proj_tc_qd\proj.android\app\build\intermediates\assets\androidpack\x64\src\app\views\city\pvp\arena\point_reward.lua compile ok
E:\cnkdjx\Client\MyLuaGame\frameworks\pokemon_proj_tc_qd\proj.android\app\build\intermediates\assets\androidpack\x64\src\app\views\city\pvp\arena\rank.lua compile ok
E:\cnkdjx\Client\MyLuaGame\frameworks\pokemon_proj_tc_qd\proj.android\app\build\intermediates\assets\androidpack\x64\src\app\views\city\pvp\arena\rank_reward.lua compile ok
E:\cnkdjx\Client\MyLuaGame\frameworks\pokemon_proj_tc_qd\proj.android\app\build\intermediates\assets\androidpack\x64\src\app\views\city\pvp\arena\view.lua compile ok
E:\cnkdjx\Client\MyLuaGame\frameworks\pokemon_proj_tc_qd\proj.android\app\build\intermediates\assets\androidpack\x64\src\app\views\city\pvp\craft\battle_messages.lua compile ok
E:\cnkdjx\Client\MyLuaGame\frameworks\pokemon_proj_tc_qd\proj.android\app\build\intermediates\assets\androidpack\x64\src\app\views\city\pvp\craft\bet.lua compile ok
E:\cnkdjx\Client\MyLuaGame\frameworks\pokemon_proj_tc_qd\proj.android\app\build\intermediates\assets\androidpack\x64\src\app\views\city\pvp\craft\embattle.lua compile ok
E:\cnkdjx\Client\MyLuaGame\frameworks\pokemon_proj_tc_qd\proj.android\app\build\intermediates\assets\androidpack\x64\src\app\views\city\pvp\craft\enemy_embattle.lua compile ok
E:\cnkdjx\Client\MyLuaGame\frameworks\pokemon_proj_tc_qd\proj.android\app\build\intermediates\assets\androidpack\x64\src\app\views\city\pvp\craft\mainschedule.lua compile ok
E:\cnkdjx\Client\MyLuaGame\frameworks\pokemon_proj_tc_qd\proj.android\app\build\intermediates\assets\androidpack\x64\src\app\views\city\pvp\craft\mainschedule_eight.lua compile ok
E:\cnkdjx\Client\MyLuaGame\frameworks\pokemon_proj_tc_qd\proj.android\app\build\intermediates\assets\androidpack\x64\src\app\views\city\pvp\craft\myschedule.lua compile ok
E:\cnkdjx\Client\MyLuaGame\frameworks\pokemon_proj_tc_qd\proj.android\app\build\intermediates\assets\androidpack\x64\src\app\views\city\pvp\craft\rank.lua compile ok
E:\cnkdjx\Client\MyLuaGame\frameworks\pokemon_proj_tc_qd\proj.android\app\build\intermediates\assets\androidpack\x64\src\app\views\city\pvp\craft\view.lua compile ok
E:\cnkdjx\Client\MyLuaGame\frameworks\pokemon_proj_tc_qd\proj.android\app\build\intermediates\assets\androidpack\x64\src\app\views\city\pvp\cross_arena\combat_record.lua compile ok
E:\cnkdjx\Client\MyLuaGame\frameworks\pokemon_proj_tc_qd\proj.android\app\build\intermediates\assets\androidpack\x64\src\app\views\city\pvp\cross_arena\embattle.lua compile ok
E:\cnkdjx\Client\MyLuaGame\frameworks\pokemon_proj_tc_qd\proj.android\app\build\intermediates\assets\androidpack\x64\src\app\views\city\pvp\cross_arena\head_icon.lua compile ok
E:\cnkdjx\Client\MyLuaGame\frameworks\pokemon_proj_tc_qd\proj.android\app\build\intermediates\assets\androidpack\x64\src\app\views\city\pvp\cross_arena\over.lua compile ok
E:\cnkdjx\Client\MyLuaGame\frameworks\pokemon_proj_tc_qd\proj.android\app\build\intermediates\assets\androidpack\x64\src\app\views\city\pvp\cross_arena\pass.lua compile ok
E:\cnkdjx\Client\MyLuaGame\frameworks\pokemon_proj_tc_qd\proj.android\app\build\intermediates\assets\androidpack\x64\src\app\views\city\pvp\cross_arena\personal_info.lua compile ok
E:\cnkdjx\Client\MyLuaGame\frameworks\pokemon_proj_tc_qd\proj.android\app\build\intermediates\assets\androidpack\x64\src\app\views\city\pvp\cross_arena\point_reward.lua compile ok
E:\cnkdjx\Client\MyLuaGame\frameworks\pokemon_proj_tc_qd\proj.android\app\build\intermediates\assets\androidpack\x64\src\app\views\city\pvp\cross_arena\rank.lua compile ok
E:\cnkdjx\Client\MyLuaGame\frameworks\pokemon_proj_tc_qd\proj.android\app\build\intermediates\assets\androidpack\x64\src\app\views\city\pvp\cross_arena\record_info.lua compile ok
E:\cnkdjx\Client\MyLuaGame\frameworks\pokemon_proj_tc_qd\proj.android\app\build\intermediates\assets\androidpack\x64\src\app\views\city\pvp\cross_arena\select_enemy.lua compile ok
E:\cnkdjx\Client\MyLuaGame\frameworks\pokemon_proj_tc_qd\proj.android\app\build\intermediates\assets\androidpack\x64\src\app\views\city\pvp\cross_arena\seven_info.lua compile ok
E:\cnkdjx\Client\MyLuaGame\frameworks\pokemon_proj_tc_qd\proj.android\app\build\intermediates\assets\androidpack\x64\src\app\views\city\pvp\cross_arena\view.lua compile ok
E:\cnkdjx\Client\MyLuaGame\frameworks\pokemon_proj_tc_qd\proj.android\app\build\intermediates\assets\androidpack\x64\src\app\views\city\pvp\cross_craft\array_info.lua compile ok
E:\cnkdjx\Client\MyLuaGame\frameworks\pokemon_proj_tc_qd\proj.android\app\build\intermediates\assets\androidpack\x64\src\app\views\city\pvp\cross_craft\battle_messages.lua compile ok
E:\cnkdjx\Client\MyLuaGame\frameworks\pokemon_proj_tc_qd\proj.android\app\build\intermediates\assets\androidpack\x64\src\app\views\city\pvp\cross_craft\bet.lua compile ok
E:\cnkdjx\Client\MyLuaGame\frameworks\pokemon_proj_tc_qd\proj.android\app\build\intermediates\assets\androidpack\x64\src\app\views\city\pvp\cross_craft\embattle.lua compile ok
E:\cnkdjx\Client\MyLuaGame\frameworks\pokemon_proj_tc_qd\proj.android\app\build\intermediates\assets\androidpack\x64\src\app\views\city\pvp\cross_craft\extra_award.lua compile ok
E:\cnkdjx\Client\MyLuaGame\frameworks\pokemon_proj_tc_qd\proj.android\app\build\intermediates\assets\androidpack\x64\src\app\views\city\pvp\cross_craft\main_schedule_final.lua compile ok
E:\cnkdjx\Client\MyLuaGame\frameworks\pokemon_proj_tc_qd\proj.android\app\build\intermediates\assets\androidpack\x64\src\app\views\city\pvp\cross_craft\myschedule.lua compile ok
E:\cnkdjx\Client\MyLuaGame\frameworks\pokemon_proj_tc_qd\proj.android\app\build\intermediates\assets\androidpack\x64\src\app\views\city\pvp\cross_craft\rank.lua compile ok
E:\cnkdjx\Client\MyLuaGame\frameworks\pokemon_proj_tc_qd\proj.android\app\build\intermediates\assets\androidpack\x64\src\app\views\city\pvp\cross_craft\view.lua compile ok
E:\cnkdjx\Client\MyLuaGame\frameworks\pokemon_proj_tc_qd\proj.android\app\build\intermediates\assets\androidpack\x64\src\app\views\city\pvp\cross_mine\boss_challenge.lua compile ok
E:\cnkdjx\Client\MyLuaGame\frameworks\pokemon_proj_tc_qd\proj.android\app\build\intermediates\assets\androidpack\x64\src\app\views\city\pvp\cross_mine\buff_info.lua compile ok
E:\cnkdjx\Client\MyLuaGame\frameworks\pokemon_proj_tc_qd\proj.android\app\build\intermediates\assets\androidpack\x64\src\app\views\city\pvp\cross_mine\combat_record.lua compile ok
E:\cnkdjx\Client\MyLuaGame\frameworks\pokemon_proj_tc_qd\proj.android\app\build\intermediates\assets\androidpack\x64\src\app\views\city\pvp\cross_mine\embattle.lua compile ok
E:\cnkdjx\Client\MyLuaGame\frameworks\pokemon_proj_tc_qd\proj.android\app\build\intermediates\assets\androidpack\x64\src\app\views\city\pvp\cross_mine\lineup_adjust.lua compile ok
E:\cnkdjx\Client\MyLuaGame\frameworks\pokemon_proj_tc_qd\proj.android\app\build\intermediates\assets\androidpack\x64\src\app\views\city\pvp\cross_mine\personal_info.lua compile ok
E:\cnkdjx\Client\MyLuaGame\frameworks\pokemon_proj_tc_qd\proj.android\app\build\intermediates\assets\androidpack\x64\src\app\views\city\pvp\cross_mine\rank.lua compile ok
E:\cnkdjx\Client\MyLuaGame\frameworks\pokemon_proj_tc_qd\proj.android\app\build\intermediates\assets\androidpack\x64\src\app\views\city\pvp\cross_mine\record_info.lua compile ok
E:\cnkdjx\Client\MyLuaGame\frameworks\pokemon_proj_tc_qd\proj.android\app\build\intermediates\assets\androidpack\x64\src\app\views\city\pvp\cross_mine\server_rank.lua compile ok
E:\cnkdjx\Client\MyLuaGame\frameworks\pokemon_proj_tc_qd\proj.android\app\build\intermediates\assets\androidpack\x64\src\app\views\city\pvp\cross_mine\view.lua compile ok
E:\cnkdjx\Client\MyLuaGame\frameworks\pokemon_proj_tc_qd\proj.android\app\build\intermediates\assets\androidpack\x64\src\app\views\city\pvp\cross_mine\wish.lua compile ok
E:\cnkdjx\Client\MyLuaGame\frameworks\pokemon_proj_tc_qd\proj.android\app\build\intermediates\assets\androidpack\x64\src\app\views\city\pvp\cross_supremacy\view.lua compile ok
E:\cnkdjx\Client\MyLuaGame\frameworks\pokemon_proj_tc_qd\proj.android\app\build\intermediates\assets\androidpack\x64\src\app\views\city\pvp\online_fight\ban_embattle.lua compile ok
E:\cnkdjx\Client\MyLuaGame\frameworks\pokemon_proj_tc_qd\proj.android\app\build\intermediates\assets\androidpack\x64\src\app\views\city\pvp\online_fight\limited_embattle.lua compile ok
E:\cnkdjx\Client\MyLuaGame\frameworks\pokemon_proj_tc_qd\proj.android\app\build\intermediates\assets\androidpack\x64\src\app\views\city\pvp\online_fight\rank.lua compile ok
E:\cnkdjx\Client\MyLuaGame\frameworks\pokemon_proj_tc_qd\proj.android\app\build\intermediates\assets\androidpack\x64\src\app\views\city\pvp\online_fight\record.lua compile ok
E:\cnkdjx\Client\MyLuaGame\frameworks\pokemon_proj_tc_qd\proj.android\app\build\intermediates\assets\androidpack\x64\src\app\views\city\pvp\online_fight\record_info.lua compile ok
E:\cnkdjx\Client\MyLuaGame\frameworks\pokemon_proj_tc_qd\proj.android\app\build\intermediates\assets\androidpack\x64\src\app\views\city\pvp\online_fight\reward.lua compile ok
E:\cnkdjx\Client\MyLuaGame\frameworks\pokemon_proj_tc_qd\proj.android\app\build\intermediates\assets\androidpack\x64\src\app\views\city\pvp\online_fight\theme.lua compile ok
E:\cnkdjx\Client\MyLuaGame\frameworks\pokemon_proj_tc_qd\proj.android\app\build\intermediates\assets\androidpack\x64\src\app\views\city\pvp\online_fight\view.lua compile ok
E:\cnkdjx\Client\MyLuaGame\frameworks\pokemon_proj_tc_qd\proj.android\app\build\intermediates\assets\androidpack\x64\src\app\views\city\setting\feed_back.lua compile ok
E:\cnkdjx\Client\MyLuaGame\frameworks\pokemon_proj_tc_qd\proj.android\app\build\intermediates\assets\androidpack\x64\src\app\views\city\setting\normal.lua compile ok
E:\cnkdjx\Client\MyLuaGame\frameworks\pokemon_proj_tc_qd\proj.android\app\build\intermediates\assets\androidpack\x64\src\app\views\city\setting\redeem_code.lua compile ok
E:\cnkdjx\Client\MyLuaGame\frameworks\pokemon_proj_tc_qd\proj.android\app\build\intermediates\assets\androidpack\x64\src\app\views\city\setting\view.lua compile ok
E:\cnkdjx\Client\MyLuaGame\frameworks\pokemon_proj_tc_qd\proj.android\app\build\intermediates\assets\androidpack\x64\src\app\views\city\setting\voice.lua compile ok
E:\cnkdjx\Client\MyLuaGame\frameworks\pokemon_proj_tc_qd\proj.android\app\build\intermediates\assets\androidpack\x64\src\app\views\city\test\choose_card.lua compile ok
E:\cnkdjx\Client\MyLuaGame\frameworks\pokemon_proj_tc_qd\proj.android\app\build\intermediates\assets\androidpack\x64\src\app\views\city\test\easy_view.lua compile ok
E:\cnkdjx\Client\MyLuaGame\frameworks\pokemon_proj_tc_qd\proj.android\app\build\intermediates\assets\androidpack\x64\src\app\views\city\test\multi_force.lua compile ok
E:\cnkdjx\Client\MyLuaGame\frameworks\pokemon_proj_tc_qd\proj.android\app\build\intermediates\assets\androidpack\x64\src\app\views\city\test\test_battle_data_display.lua compile ok
E:\cnkdjx\Client\MyLuaGame\frameworks\pokemon_proj_tc_qd\proj.android\app\build\intermediates\assets\androidpack\x64\src\app\views\city\test\test_ch_protocol.lua compile ok
E:\cnkdjx\Client\MyLuaGame\frameworks\pokemon_proj_tc_qd\proj.android\app\build\intermediates\assets\androidpack\x64\src\app\views\city\test\test_define.lua compile ok
E:\cnkdjx\Client\MyLuaGame\frameworks\pokemon_proj_tc_qd\proj.android\app\build\intermediates\assets\androidpack\x64\src\app\views\city\test\test_easy.lua compile ok
E:\cnkdjx\Client\MyLuaGame\frameworks\pokemon_proj_tc_qd\proj.android\app\build\intermediates\assets\androidpack\x64\src\app\views\city\test\test_protocol.lua compile ok
E:\cnkdjx\Client\MyLuaGame\frameworks\pokemon_proj_tc_qd\proj.android\app\build\intermediates\assets\androidpack\x64\src\app\views\city\test\gate\brave_challenge_gate.lua compile ok
E:\cnkdjx\Client\MyLuaGame\frameworks\pokemon_proj_tc_qd\proj.android\app\build\intermediates\assets\androidpack\x64\src\app\views\city\test\gate\chaos_gate.lua compile ok
E:\cnkdjx\Client\MyLuaGame\frameworks\pokemon_proj_tc_qd\proj.android\app\build\intermediates\assets\androidpack\x64\src\app\views\city\test\gate\craft_gate.lua compile ok
E:\cnkdjx\Client\MyLuaGame\frameworks\pokemon_proj_tc_qd\proj.android\app\build\intermediates\assets\androidpack\x64\src\app\views\city\test\gate\cross_arena_gate.lua compile ok
E:\cnkdjx\Client\MyLuaGame\frameworks\pokemon_proj_tc_qd\proj.android\app\build\intermediates\assets\androidpack\x64\src\app\views\city\test\gate\cross_mine_gate.lua compile ok
E:\cnkdjx\Client\MyLuaGame\frameworks\pokemon_proj_tc_qd\proj.android\app\build\intermediates\assets\androidpack\x64\src\app\views\city\test\gate\gate.lua compile ok
E:\cnkdjx\Client\MyLuaGame\frameworks\pokemon_proj_tc_qd\proj.android\app\build\intermediates\assets\androidpack\x64\src\app\views\city\test\gate\normal_gate.lua compile ok
E:\cnkdjx\Client\MyLuaGame\frameworks\pokemon_proj_tc_qd\proj.android\app\build\intermediates\assets\androidpack\x64\src\app\views\city\test\gate\pve_gate.lua compile ok
E:\cnkdjx\Client\MyLuaGame\frameworks\pokemon_proj_tc_qd\proj.android\app\build\intermediates\assets\androidpack\x64\src\app\views\city\test\gate\single_gate.lua compile ok
E:\cnkdjx\Client\MyLuaGame\frameworks\pokemon_proj_tc_qd\proj.android\app\build\intermediates\assets\androidpack\x64\src\app\views\city\test\model\gameobject.lua compile ok
E:\cnkdjx\Client\MyLuaGame\frameworks\pokemon_proj_tc_qd\proj.android\app\build\intermediates\assets\androidpack\x64\src\app\views\city\test\model\prefab.lua compile ok
E:\cnkdjx\Client\MyLuaGame\frameworks\pokemon_proj_tc_qd\proj.android\app\build\intermediates\assets\androidpack\x64\src\app\views\city\union\tools.lua compile ok
E:\cnkdjx\Client\MyLuaGame\frameworks\pokemon_proj_tc_qd\proj.android\app\build\intermediates\assets\androidpack\x64\src\app\views\city\union\view.lua compile ok
E:\cnkdjx\Client\MyLuaGame\frameworks\pokemon_proj_tc_qd\proj.android\app\build\intermediates\assets\androidpack\x64\src\app\views\city\union\answer\problem.lua compile ok
E:\cnkdjx\Client\MyLuaGame\frameworks\pokemon_proj_tc_qd\proj.android\app\build\intermediates\assets\androidpack\x64\src\app\views\city\union\answer\rank.lua compile ok
E:\cnkdjx\Client\MyLuaGame\frameworks\pokemon_proj_tc_qd\proj.android\app\build\intermediates\assets\androidpack\x64\src\app\views\city\union\answer\tips.lua compile ok
E:\cnkdjx\Client\MyLuaGame\frameworks\pokemon_proj_tc_qd\proj.android\app\build\intermediates\assets\androidpack\x64\src\app\views\city\union\answer\view.lua compile ok
E:\cnkdjx\Client\MyLuaGame\frameworks\pokemon_proj_tc_qd\proj.android\app\build\intermediates\assets\androidpack\x64\src\app\views\city\union\contrib\contrib_info.lua compile ok
E:\cnkdjx\Client\MyLuaGame\frameworks\pokemon_proj_tc_qd\proj.android\app\build\intermediates\assets\androidpack\x64\src\app\views\city\union\contrib\view.lua compile ok
E:\cnkdjx\Client\MyLuaGame\frameworks\pokemon_proj_tc_qd\proj.android\app\build\intermediates\assets\androidpack\x64\src\app\views\city\union\cross_unionfight\bet.lua compile ok
E:\cnkdjx\Client\MyLuaGame\frameworks\pokemon_proj_tc_qd\proj.android\app\build\intermediates\assets\androidpack\x64\src\app\views\city\union\cross_unionfight\bet_result.lua compile ok
E:\cnkdjx\Client\MyLuaGame\frameworks\pokemon_proj_tc_qd\proj.android\app\build\intermediates\assets\androidpack\x64\src\app\views\city\union\cross_unionfight\competition.lua compile ok
E:\cnkdjx\Client\MyLuaGame\frameworks\pokemon_proj_tc_qd\proj.android\app\build\intermediates\assets\androidpack\x64\src\app\views\city\union\cross_unionfight\distributed.lua compile ok
E:\cnkdjx\Client\MyLuaGame\frameworks\pokemon_proj_tc_qd\proj.android\app\build\intermediates\assets\androidpack\x64\src\app\views\city\union\cross_unionfight\embattle.lua compile ok
E:\cnkdjx\Client\MyLuaGame\frameworks\pokemon_proj_tc_qd\proj.android\app\build\intermediates\assets\androidpack\x64\src\app\views\city\union\cross_unionfight\fight_messages.lua compile ok
E:\cnkdjx\Client\MyLuaGame\frameworks\pokemon_proj_tc_qd\proj.android\app\build\intermediates\assets\androidpack\x64\src\app\views\city\union\cross_unionfight\fight_playback.lua compile ok
E:\cnkdjx\Client\MyLuaGame\frameworks\pokemon_proj_tc_qd\proj.android\app\build\intermediates\assets\androidpack\x64\src\app\views\city\union\cross_unionfight\model.lua compile ok
E:\cnkdjx\Client\MyLuaGame\frameworks\pokemon_proj_tc_qd\proj.android\app\build\intermediates\assets\androidpack\x64\src\app\views\city\union\cross_unionfight\rank.lua compile ok
E:\cnkdjx\Client\MyLuaGame\frameworks\pokemon_proj_tc_qd\proj.android\app\build\intermediates\assets\androidpack\x64\src\app\views\city\union\cross_unionfight\record.lua compile ok
E:\cnkdjx\Client\MyLuaGame\frameworks\pokemon_proj_tc_qd\proj.android\app\build\intermediates\assets\androidpack\x64\src\app\views\city\union\cross_unionfight\score.lua compile ok
E:\cnkdjx\Client\MyLuaGame\frameworks\pokemon_proj_tc_qd\proj.android\app\build\intermediates\assets\androidpack\x64\src\app\views\city\union\cross_unionfight\tools.lua compile ok
E:\cnkdjx\Client\MyLuaGame\frameworks\pokemon_proj_tc_qd\proj.android\app\build\intermediates\assets\androidpack\x64\src\app\views\city\union\cross_unionfight\view.lua compile ok
E:\cnkdjx\Client\MyLuaGame\frameworks\pokemon_proj_tc_qd\proj.android\app\build\intermediates\assets\androidpack\x64\src\app\views\city\union\frag_donate\record.lua compile ok
E:\cnkdjx\Client\MyLuaGame\frameworks\pokemon_proj_tc_qd\proj.android\app\build\intermediates\assets\androidpack\x64\src\app\views\city\union\frag_donate\view.lua compile ok
E:\cnkdjx\Client\MyLuaGame\frameworks\pokemon_proj_tc_qd\proj.android\app\build\intermediates\assets\androidpack\x64\src\app\views\city\union\frag_donate\wish.lua compile ok
E:\cnkdjx\Client\MyLuaGame\frameworks\pokemon_proj_tc_qd\proj.android\app\build\intermediates\assets\androidpack\x64\src\app\views\city\union\gate\progress.lua compile ok
E:\cnkdjx\Client\MyLuaGame\frameworks\pokemon_proj_tc_qd\proj.android\app\build\intermediates\assets\androidpack\x64\src\app\views\city\union\gate\rank.lua compile ok
E:\cnkdjx\Client\MyLuaGame\frameworks\pokemon_proj_tc_qd\proj.android\app\build\intermediates\assets\androidpack\x64\src\app\views\city\union\gate\reward.lua compile ok
E:\cnkdjx\Client\MyLuaGame\frameworks\pokemon_proj_tc_qd\proj.android\app\build\intermediates\assets\androidpack\x64\src\app\views\city\union\gate\view.lua compile ok
E:\cnkdjx\Client\MyLuaGame\frameworks\pokemon_proj_tc_qd\proj.android\app\build\intermediates\assets\androidpack\x64\src\app\views\city\union\join\create.lua compile ok
E:\cnkdjx\Client\MyLuaGame\frameworks\pokemon_proj_tc_qd\proj.android\app\build\intermediates\assets\androidpack\x64\src\app\views\city\union\join\detail.lua compile ok
E:\cnkdjx\Client\MyLuaGame\frameworks\pokemon_proj_tc_qd\proj.android\app\build\intermediates\assets\androidpack\x64\src\app\views\city\union\join\join.lua compile ok
E:\cnkdjx\Client\MyLuaGame\frameworks\pokemon_proj_tc_qd\proj.android\app\build\intermediates\assets\androidpack\x64\src\app\views\city\union\lobby\change_notice.lua compile ok
E:\cnkdjx\Client\MyLuaGame\frameworks\pokemon_proj_tc_qd\proj.android\app\build\intermediates\assets\androidpack\x64\src\app\views\city\union\lobby\current_state.lua compile ok
E:\cnkdjx\Client\MyLuaGame\frameworks\pokemon_proj_tc_qd\proj.android\app\build\intermediates\assets\androidpack\x64\src\app\views\city\union\lobby\group_email.lua compile ok
E:\cnkdjx\Client\MyLuaGame\frameworks\pokemon_proj_tc_qd\proj.android\app\build\intermediates\assets\androidpack\x64\src\app\views\city\union\lobby\member_info.lua compile ok
E:\cnkdjx\Client\MyLuaGame\frameworks\pokemon_proj_tc_qd\proj.android\app\build\intermediates\assets\androidpack\x64\src\app\views\city\union\lobby\prompt.lua compile ok
E:\cnkdjx\Client\MyLuaGame\frameworks\pokemon_proj_tc_qd\proj.android\app\build\intermediates\assets\androidpack\x64\src\app\views\city\union\lobby\select_logo.lua compile ok
E:\cnkdjx\Client\MyLuaGame\frameworks\pokemon_proj_tc_qd\proj.android\app\build\intermediates\assets\androidpack\x64\src\app\views\city\union\lobby\view.lua compile ok
E:\cnkdjx\Client\MyLuaGame\frameworks\pokemon_proj_tc_qd\proj.android\app\build\intermediates\assets\androidpack\x64\src\app\views\city\union\redpack\detail.lua compile ok
E:\cnkdjx\Client\MyLuaGame\frameworks\pokemon_proj_tc_qd\proj.android\app\build\intermediates\assets\androidpack\x64\src\app\views\city\union\redpack\send.lua compile ok
E:\cnkdjx\Client\MyLuaGame\frameworks\pokemon_proj_tc_qd\proj.android\app\build\intermediates\assets\androidpack\x64\src\app\views\city\union\redpack\view.lua compile ok
E:\cnkdjx\Client\MyLuaGame\frameworks\pokemon_proj_tc_qd\proj.android\app\build\intermediates\assets\androidpack\x64\src\app\views\city\union\skill\view.lua compile ok
E:\cnkdjx\Client\MyLuaGame\frameworks\pokemon_proj_tc_qd\proj.android\app\build\intermediates\assets\androidpack\x64\src\app\views\city\union\train\select_sprite.lua compile ok
E:\cnkdjx\Client\MyLuaGame\frameworks\pokemon_proj_tc_qd\proj.android\app\build\intermediates\assets\androidpack\x64\src\app\views\city\union\train\view.lua compile ok
E:\cnkdjx\Client\MyLuaGame\frameworks\pokemon_proj_tc_qd\proj.android\app\build\intermediates\assets\androidpack\x64\src\app\views\city\union\union_fight\assign.lua compile ok
E:\cnkdjx\Client\MyLuaGame\frameworks\pokemon_proj_tc_qd\proj.android\app\build\intermediates\assets\androidpack\x64\src\app\views\city\union\union_fight\closed_view.lua compile ok
E:\cnkdjx\Client\MyLuaGame\frameworks\pokemon_proj_tc_qd\proj.android\app\build\intermediates\assets\androidpack\x64\src\app\views\city\union\union_fight\daily_over.lua compile ok
E:\cnkdjx\Client\MyLuaGame\frameworks\pokemon_proj_tc_qd\proj.android\app\build\intermediates\assets\androidpack\x64\src\app\views\city\union\union_fight\embattle.lua compile ok
E:\cnkdjx\Client\MyLuaGame\frameworks\pokemon_proj_tc_qd\proj.android\app\build\intermediates\assets\androidpack\x64\src\app\views\city\union\union_fight\finals_view.lua compile ok
E:\cnkdjx\Client\MyLuaGame\frameworks\pokemon_proj_tc_qd\proj.android\app\build\intermediates\assets\androidpack\x64\src\app\views\city\union\union_fight\final_over.lua compile ok
E:\cnkdjx\Client\MyLuaGame\frameworks\pokemon_proj_tc_qd\proj.android\app\build\intermediates\assets\androidpack\x64\src\app\views\city\union\union_fight\top8_info_view.lua compile ok
E:\cnkdjx\Client\MyLuaGame\frameworks\pokemon_proj_tc_qd\proj.android\app\build\intermediates\assets\androidpack\x64\src\app\views\city\union\union_fight\union_apply.lua compile ok
E:\cnkdjx\Client\MyLuaGame\frameworks\pokemon_proj_tc_qd\proj.android\app\build\intermediates\assets\androidpack\x64\src\app\views\city\union\union_fight\union_bet.lua compile ok
E:\cnkdjx\Client\MyLuaGame\frameworks\pokemon_proj_tc_qd\proj.android\app\build\intermediates\assets\androidpack\x64\src\app\views\city\union\union_fight\union_combat_star.lua compile ok
E:\cnkdjx\Client\MyLuaGame\frameworks\pokemon_proj_tc_qd\proj.android\app\build\intermediates\assets\androidpack\x64\src\app\views\city\union\union_fight\union_rank.lua compile ok
E:\cnkdjx\Client\MyLuaGame\frameworks\pokemon_proj_tc_qd\proj.android\app\build\intermediates\assets\androidpack\x64\src\app\views\city\union\union_fight\view.lua compile ok
E:\cnkdjx\Client\MyLuaGame\frameworks\pokemon_proj_tc_qd\proj.android\app\build\intermediates\assets\androidpack\x64\src\app\views\city\union\union_fight\fighting_list\battle_review.lua compile ok
E:\cnkdjx\Client\MyLuaGame\frameworks\pokemon_proj_tc_qd\proj.android\app\build\intermediates\assets\androidpack\x64\src\app\views\city\union\union_fight\fighting_list\js.lua compile ok
E:\cnkdjx\Client\MyLuaGame\frameworks\pokemon_proj_tc_qd\proj.android\app\build\intermediates\assets\androidpack\x64\src\app\views\city\union\union_fight\fighting_list\yxs.lua compile ok
E:\cnkdjx\Client\MyLuaGame\frameworks\pokemon_proj_tc_qd\proj.android\app\build\intermediates\assets\androidpack\x64\src\app\views\city\zawake\awake_success.lua compile ok
E:\cnkdjx\Client\MyLuaGame\frameworks\pokemon_proj_tc_qd\proj.android\app\build\intermediates\assets\androidpack\x64\src\app\views\city\zawake\choose_card.lua compile ok
E:\cnkdjx\Client\MyLuaGame\frameworks\pokemon_proj_tc_qd\proj.android\app\build\intermediates\assets\androidpack\x64\src\app\views\city\zawake\choose_fragment.lua compile ok
E:\cnkdjx\Client\MyLuaGame\frameworks\pokemon_proj_tc_qd\proj.android\app\build\intermediates\assets\androidpack\x64\src\app\views\city\zawake\debris.lua compile ok
E:\cnkdjx\Client\MyLuaGame\frameworks\pokemon_proj_tc_qd\proj.android\app\build\intermediates\assets\androidpack\x64\src\app\views\city\zawake\force.lua compile ok
E:\cnkdjx\Client\MyLuaGame\frameworks\pokemon_proj_tc_qd\proj.android\app\build\intermediates\assets\androidpack\x64\src\app\views\city\zawake\preview.lua compile ok
E:\cnkdjx\Client\MyLuaGame\frameworks\pokemon_proj_tc_qd\proj.android\app\build\intermediates\assets\androidpack\x64\src\app\views\city\zawake\replace.lua compile ok
E:\cnkdjx\Client\MyLuaGame\frameworks\pokemon_proj_tc_qd\proj.android\app\build\intermediates\assets\androidpack\x64\src\app\views\city\zawake\reset.lua compile ok
E:\cnkdjx\Client\MyLuaGame\frameworks\pokemon_proj_tc_qd\proj.android\app\build\intermediates\assets\androidpack\x64\src\app\views\city\zawake\stage.lua compile ok
E:\cnkdjx\Client\MyLuaGame\frameworks\pokemon_proj_tc_qd\proj.android\app\build\intermediates\assets\androidpack\x64\src\app\views\city\zawake\tools.lua compile ok
E:\cnkdjx\Client\MyLuaGame\frameworks\pokemon_proj_tc_qd\proj.android\app\build\intermediates\assets\androidpack\x64\src\app\views\city\zawake\unlock_tips.lua compile ok
E:\cnkdjx\Client\MyLuaGame\frameworks\pokemon_proj_tc_qd\proj.android\app\build\intermediates\assets\androidpack\x64\src\app\views\city\zawake\view.lua compile ok
E:\cnkdjx\Client\MyLuaGame\frameworks\pokemon_proj_tc_qd\proj.android\app\build\intermediates\assets\androidpack\x64\src\app\views\common\achievement_tip.lua compile ok
E:\cnkdjx\Client\MyLuaGame\frameworks\pokemon_proj_tc_qd\proj.android\app\build\intermediates\assets\androidpack\x64\src\app\views\common\attribute_filter.lua compile ok
E:\cnkdjx\Client\MyLuaGame\frameworks\pokemon_proj_tc_qd\proj.android\app\build\intermediates\assets\androidpack\x64\src\app\views\common\attr_filter.lua compile ok
E:\cnkdjx\Client\MyLuaGame\frameworks\pokemon_proj_tc_qd\proj.android\app\build\intermediates\assets\androidpack\x64\src\app\views\common\box_detail.lua compile ok
E:\cnkdjx\Client\MyLuaGame\frameworks\pokemon_proj_tc_qd\proj.android\app\build\intermediates\assets\androidpack\x64\src\app\views\common\buy_info.lua compile ok
E:\cnkdjx\Client\MyLuaGame\frameworks\pokemon_proj_tc_qd\proj.android\app\build\intermediates\assets\androidpack\x64\src\app\views\common\buy_number.lua compile ok
E:\cnkdjx\Client\MyLuaGame\frameworks\pokemon_proj_tc_qd\proj.android\app\build\intermediates\assets\androidpack\x64\src\app\views\common\capture_tips.lua compile ok
E:\cnkdjx\Client\MyLuaGame\frameworks\pokemon_proj_tc_qd\proj.android\app\build\intermediates\assets\androidpack\x64\src\app\views\common\card_detail.lua compile ok
E:\cnkdjx\Client\MyLuaGame\frameworks\pokemon_proj_tc_qd\proj.android\app\build\intermediates\assets\androidpack\x64\src\app\views\common\chip_details.lua compile ok
E:\cnkdjx\Client\MyLuaGame\frameworks\pokemon_proj_tc_qd\proj.android\app\build\intermediates\assets\androidpack\x64\src\app\views\common\choose_detail.lua compile ok
E:\cnkdjx\Client\MyLuaGame\frameworks\pokemon_proj_tc_qd\proj.android\app\build\intermediates\assets\androidpack\x64\src\app\views\common\fish_detail.lua compile ok
E:\cnkdjx\Client\MyLuaGame\frameworks\pokemon_proj_tc_qd\proj.android\app\build\intermediates\assets\androidpack\x64\src\app\views\common\gain_display.lua compile ok
E:\cnkdjx\Client\MyLuaGame\frameworks\pokemon_proj_tc_qd\proj.android\app\build\intermediates\assets\androidpack\x64\src\app\views\common\gain_gold.lua compile ok
E:\cnkdjx\Client\MyLuaGame\frameworks\pokemon_proj_tc_qd\proj.android\app\build\intermediates\assets\androidpack\x64\src\app\views\common\gain_gold_display.lua compile ok
E:\cnkdjx\Client\MyLuaGame\frameworks\pokemon_proj_tc_qd\proj.android\app\build\intermediates\assets\androidpack\x64\src\app\views\common\gain_sprite.lua compile ok
E:\cnkdjx\Client\MyLuaGame\frameworks\pokemon_proj_tc_qd\proj.android\app\build\intermediates\assets\androidpack\x64\src\app\views\common\gain_stamina.lua compile ok
E:\cnkdjx\Client\MyLuaGame\frameworks\pokemon_proj_tc_qd\proj.android\app\build\intermediates\assets\androidpack\x64\src\app\views\common\gain_way.lua compile ok
E:\cnkdjx\Client\MyLuaGame\frameworks\pokemon_proj_tc_qd\proj.android\app\build\intermediates\assets\androidpack\x64\src\app\views\common\gem_details.lua compile ok
E:\cnkdjx\Client\MyLuaGame\frameworks\pokemon_proj_tc_qd\proj.android\app\build\intermediates\assets\androidpack\x64\src\app\views\common\held_item_detail.lua compile ok
E:\cnkdjx\Client\MyLuaGame\frameworks\pokemon_proj_tc_qd\proj.android\app\build\intermediates\assets\androidpack\x64\src\app\views\common\item_detail.lua compile ok
E:\cnkdjx\Client\MyLuaGame\frameworks\pokemon_proj_tc_qd\proj.android\app\build\intermediates\assets\androidpack\x64\src\app\views\common\prompt_box.lua compile ok
E:\cnkdjx\Client\MyLuaGame\frameworks\pokemon_proj_tc_qd\proj.android\app\build\intermediates\assets\androidpack\x64\src\app\views\common\rule.lua compile ok
E:\cnkdjx\Client\MyLuaGame\frameworks\pokemon_proj_tc_qd\proj.android\app\build\intermediates\assets\androidpack\x64\src\app\views\common\skill_detail.lua compile ok
E:\cnkdjx\Client\MyLuaGame\frameworks\pokemon_proj_tc_qd\proj.android\app\build\intermediates\assets\androidpack\x64\src\app\views\common\skill_text.lua compile ok
E:\cnkdjx\Client\MyLuaGame\frameworks\pokemon_proj_tc_qd\proj.android\app\build\intermediates\assets\androidpack\x64\src\app\views\common\text.lua compile ok
E:\cnkdjx\Client\MyLuaGame\frameworks\pokemon_proj_tc_qd\proj.android\app\build\intermediates\assets\androidpack\x64\src\app\views\common\tip.lua compile ok
E:\cnkdjx\Client\MyLuaGame\frameworks\pokemon_proj_tc_qd\proj.android\app\build\intermediates\assets\androidpack\x64\src\app\views\common\upgrade_notice.lua compile ok
E:\cnkdjx\Client\MyLuaGame\frameworks\pokemon_proj_tc_qd\proj.android\app\build\intermediates\assets\androidpack\x64\src\app\views\guide\manager.lua compile ok
E:\cnkdjx\Client\MyLuaGame\frameworks\pokemon_proj_tc_qd\proj.android\app\build\intermediates\assets\androidpack\x64\src\app\views\guide\manager_local.lua compile ok
E:\cnkdjx\Client\MyLuaGame\frameworks\pokemon_proj_tc_qd\proj.android\app\build\intermediates\assets\androidpack\x64\src\app\views\login\language.lua compile ok
E:\cnkdjx\Client\MyLuaGame\frameworks\pokemon_proj_tc_qd\proj.android\app\build\intermediates\assets\androidpack\x64\src\app\views\login\placard.lua compile ok
E:\cnkdjx\Client\MyLuaGame\frameworks\pokemon_proj_tc_qd\proj.android\app\build\intermediates\assets\androidpack\x64\src\app\views\login\protocol.lua compile ok
E:\cnkdjx\Client\MyLuaGame\frameworks\pokemon_proj_tc_qd\proj.android\app\build\intermediates\assets\androidpack\x64\src\app\views\login\server.lua compile ok
E:\cnkdjx\Client\MyLuaGame\frameworks\pokemon_proj_tc_qd\proj.android\app\build\intermediates\assets\androidpack\x64\src\app\views\login\test.lua compile ok
E:\cnkdjx\Client\MyLuaGame\frameworks\pokemon_proj_tc_qd\proj.android\app\build\intermediates\assets\androidpack\x64\src\app\views\login\view.lua compile ok
E:\cnkdjx\Client\MyLuaGame\frameworks\pokemon_proj_tc_qd\proj.android\app\build\intermediates\assets\androidpack\x64\src\app\views\login\view_.lua compile ok
E:\cnkdjx\Client\MyLuaGame\frameworks\pokemon_proj_tc_qd\proj.android\app\build\intermediates\assets\androidpack\x64\src\app\views\new_character\gain_sprite.lua compile ok
E:\cnkdjx\Client\MyLuaGame\frameworks\pokemon_proj_tc_qd\proj.android\app\build\intermediates\assets\androidpack\x64\src\app\views\new_character\rotation_card.lua compile ok
E:\cnkdjx\Client\MyLuaGame\frameworks\pokemon_proj_tc_qd\proj.android\app\build\intermediates\assets\androidpack\x64\src\app\views\new_character\select_card.lua compile ok
E:\cnkdjx\Client\MyLuaGame\frameworks\pokemon_proj_tc_qd\proj.android\app\build\intermediates\assets\androidpack\x64\src\app\views\new_character\select_figure.lua compile ok
E:\cnkdjx\Client\MyLuaGame\frameworks\pokemon_proj_tc_qd\proj.android\app\build\intermediates\assets\androidpack\x64\src\app\views\new_character\view.lua compile ok
E:\cnkdjx\Client\MyLuaGame\frameworks\pokemon_proj_tc_qd\proj.android\app\build\intermediates\assets\androidpack\x64\src\app\views\pay\pay_history.lua compile ok
E:\cnkdjx\Client\MyLuaGame\frameworks\pokemon_proj_tc_qd\proj.android\app\build\intermediates\assets\androidpack\x64\src\app\views\topui\base.lua compile ok
E:\cnkdjx\Client\MyLuaGame\frameworks\pokemon_proj_tc_qd\proj.android\app\build\intermediates\assets\androidpack\x64\src\app\views\topui\config.lua compile ok
E:\cnkdjx\Client\MyLuaGame\frameworks\pokemon_proj_tc_qd\proj.android\app\build\intermediates\assets\androidpack\x64\src\app\views\topui\manager.lua compile ok
E:\cnkdjx\Client\MyLuaGame\frameworks\pokemon_proj_tc_qd\proj.android\app\build\intermediates\assets\androidpack\x64\src\app\views\topui\views\activity_dispatch.lua compile ok
E:\cnkdjx\Client\MyLuaGame\frameworks\pokemon_proj_tc_qd\proj.android\app\build\intermediates\assets\androidpack\x64\src\app\views\topui\views\arena.lua compile ok
E:\cnkdjx\Client\MyLuaGame\frameworks\pokemon_proj_tc_qd\proj.android\app\build\intermediates\assets\androidpack\x64\src\app\views\topui\views\capture.lua compile ok
E:\cnkdjx\Client\MyLuaGame\frameworks\pokemon_proj_tc_qd\proj.android\app\build\intermediates\assets\androidpack\x64\src\app\views\topui\views\card_skin.lua compile ok
E:\cnkdjx\Client\MyLuaGame\frameworks\pokemon_proj_tc_qd\proj.android\app\build\intermediates\assets\androidpack\x64\src\app\views\topui\views\chip.lua compile ok
E:\cnkdjx\Client\MyLuaGame\frameworks\pokemon_proj_tc_qd\proj.android\app\build\intermediates\assets\androidpack\x64\src\app\views\topui\views\christmas.lua compile ok
E:\cnkdjx\Client\MyLuaGame\frameworks\pokemon_proj_tc_qd\proj.android\app\build\intermediates\assets\androidpack\x64\src\app\views\topui\views\city.lua compile ok
E:\cnkdjx\Client\MyLuaGame\frameworks\pokemon_proj_tc_qd\proj.android\app\build\intermediates\assets\androidpack\x64\src\app\views\topui\views\craft.lua compile ok
E:\cnkdjx\Client\MyLuaGame\frameworks\pokemon_proj_tc_qd\proj.android\app\build\intermediates\assets\androidpack\x64\src\app\views\topui\views\cross_arena.lua compile ok
E:\cnkdjx\Client\MyLuaGame\frameworks\pokemon_proj_tc_qd\proj.android\app\build\intermediates\assets\androidpack\x64\src\app\views\topui\views\cross_craft.lua compile ok
E:\cnkdjx\Client\MyLuaGame\frameworks\pokemon_proj_tc_qd\proj.android\app\build\intermediates\assets\androidpack\x64\src\app\views\topui\views\cross_mine.lua compile ok
E:\cnkdjx\Client\MyLuaGame\frameworks\pokemon_proj_tc_qd\proj.android\app\build\intermediates\assets\androidpack\x64\src\app\views\topui\views\default.lua compile ok
E:\cnkdjx\Client\MyLuaGame\frameworks\pokemon_proj_tc_qd\proj.android\app\build\intermediates\assets\androidpack\x64\src\app\views\topui\views\diamond_up_card.lua compile ok
E:\cnkdjx\Client\MyLuaGame\frameworks\pokemon_proj_tc_qd\proj.android\app\build\intermediates\assets\androidpack\x64\src\app\views\topui\views\drawcard.lua compile ok
E:\cnkdjx\Client\MyLuaGame\frameworks\pokemon_proj_tc_qd\proj.android\app\build\intermediates\assets\androidpack\x64\src\app\views\topui\views\draw_explor.lua compile ok
E:\cnkdjx\Client\MyLuaGame\frameworks\pokemon_proj_tc_qd\proj.android\app\build\intermediates\assets\androidpack\x64\src\app\views\topui\views\draw_helditem.lua compile ok
E:\cnkdjx\Client\MyLuaGame\frameworks\pokemon_proj_tc_qd\proj.android\app\build\intermediates\assets\androidpack\x64\src\app\views\topui\views\equip_card.lua compile ok
E:\cnkdjx\Client\MyLuaGame\frameworks\pokemon_proj_tc_qd\proj.android\app\build\intermediates\assets\androidpack\x64\src\app\views\topui\views\explorer.lua compile ok
E:\cnkdjx\Client\MyLuaGame\frameworks\pokemon_proj_tc_qd\proj.android\app\build\intermediates\assets\androidpack\x64\src\app\views\topui\views\fere_house.lua compile ok
E:\cnkdjx\Client\MyLuaGame\frameworks\pokemon_proj_tc_qd\proj.android\app\build\intermediates\assets\androidpack\x64\src\app\views\topui\views\fishing.lua compile ok
E:\cnkdjx\Client\MyLuaGame\frameworks\pokemon_proj_tc_qd\proj.android\app\build\intermediates\assets\androidpack\x64\src\app\views\topui\views\fragment.lua compile ok
E:\cnkdjx\Client\MyLuaGame\frameworks\pokemon_proj_tc_qd\proj.android\app\build\intermediates\assets\androidpack\x64\src\app\views\topui\views\gem_draw.lua compile ok
E:\cnkdjx\Client\MyLuaGame\frameworks\pokemon_proj_tc_qd\proj.android\app\build\intermediates\assets\androidpack\x64\src\app\views\topui\views\gold_card.lua compile ok
E:\cnkdjx\Client\MyLuaGame\frameworks\pokemon_proj_tc_qd\proj.android\app\build\intermediates\assets\androidpack\x64\src\app\views\topui\views\grid_walk.lua compile ok
E:\cnkdjx\Client\MyLuaGame\frameworks\pokemon_proj_tc_qd\proj.android\app\build\intermediates\assets\androidpack\x64\src\app\views\topui\views\held.lua compile ok
E:\cnkdjx\Client\MyLuaGame\frameworks\pokemon_proj_tc_qd\proj.android\app\build\intermediates\assets\androidpack\x64\src\app\views\topui\views\hunting.lua compile ok
E:\cnkdjx\Client\MyLuaGame\frameworks\pokemon_proj_tc_qd\proj.android\app\build\intermediates\assets\androidpack\x64\src\app\views\topui\views\jiuwei.lua compile ok
E:\cnkdjx\Client\MyLuaGame\frameworks\pokemon_proj_tc_qd\proj.android\app\build\intermediates\assets\androidpack\x64\src\app\views\topui\views\limit_card.lua compile ok
E:\cnkdjx\Client\MyLuaGame\frameworks\pokemon_proj_tc_qd\proj.android\app\build\intermediates\assets\androidpack\x64\src\app\views\topui\views\lucky_egg.lua compile ok
E:\cnkdjx\Client\MyLuaGame\frameworks\pokemon_proj_tc_qd\proj.android\app\build\intermediates\assets\androidpack\x64\src\app\views\topui\views\monopoly.lua compile ok
E:\cnkdjx\Client\MyLuaGame\frameworks\pokemon_proj_tc_qd\proj.android\app\build\intermediates\assets\androidpack\x64\src\app\views\topui\views\online_fight.lua compile ok
E:\cnkdjx\Client\MyLuaGame\frameworks\pokemon_proj_tc_qd\proj.android\app\build\intermediates\assets\androidpack\x64\src\app\views\topui\views\passport.lua compile ok
E:\cnkdjx\Client\MyLuaGame\frameworks\pokemon_proj_tc_qd\proj.android\app\build\intermediates\assets\androidpack\x64\src\app\views\topui\views\random_tower.lua compile ok
E:\cnkdjx\Client\MyLuaGame\frameworks\pokemon_proj_tc_qd\proj.android\app\build\intermediates\assets\androidpack\x64\src\app\views\topui\views\recharge.lua compile ok
E:\cnkdjx\Client\MyLuaGame\frameworks\pokemon_proj_tc_qd\proj.android\app\build\intermediates\assets\androidpack\x64\src\app\views\topui\views\rmb_card.lua compile ok
E:\cnkdjx\Client\MyLuaGame\frameworks\pokemon_proj_tc_qd\proj.android\app\build\intermediates\assets\androidpack\x64\src\app\views\topui\views\theme_skin.lua compile ok
E:\cnkdjx\Client\MyLuaGame\frameworks\pokemon_proj_tc_qd\proj.android\app\build\intermediates\assets\androidpack\x64\src\app\views\topui\views\throne.lua compile ok
E:\cnkdjx\Client\MyLuaGame\frameworks\pokemon_proj_tc_qd\proj.android\app\build\intermediates\assets\androidpack\x64\src\app\views\topui\views\title.lua compile ok
E:\cnkdjx\Client\MyLuaGame\frameworks\pokemon_proj_tc_qd\proj.android\app\build\intermediates\assets\androidpack\x64\src\app\views\topui\views\union.lua compile ok
E:\cnkdjx\Client\MyLuaGame\frameworks\pokemon_proj_tc_qd\proj.android\app\build\intermediates\assets\androidpack\x64\src\app\views\topui\views\union_answer.lua compile ok
E:\cnkdjx\Client\MyLuaGame\frameworks\pokemon_proj_tc_qd\proj.android\app\build\intermediates\assets\androidpack\x64\src\app\views\topui\views\union_combet.lua compile ok
E:\cnkdjx\Client\MyLuaGame\frameworks\pokemon_proj_tc_qd\proj.android\app\build\intermediates\assets\androidpack\x64\src\app\views\topui\views\zhuti_yingxiong.lua compile ok
E:\cnkdjx\Client\MyLuaGame\frameworks\pokemon_proj_tc_qd\proj.android\app\build\intermediates\assets\androidpack\x64\src\battle\battle_config_defines.lua compile ok
E:\cnkdjx\Client\MyLuaGame\frameworks\pokemon_proj_tc_qd\proj.android\app\build\intermediates\assets\androidpack\x64\src\battle\battle_defines.lua compile ok
E:\cnkdjx\Client\MyLuaGame\frameworks\pokemon_proj_tc_qd\proj.android\app\build\intermediates\assets\androidpack\x64\src\battle\app_views\battle\attr_panel.lua compile ok
E:\cnkdjx\Client\MyLuaGame\frameworks\pokemon_proj_tc_qd\proj.android\app\build\intermediates\assets\androidpack\x64\src\battle\app_views\battle\boss_info.lua compile ok
E:\cnkdjx\Client\MyLuaGame\frameworks\pokemon_proj_tc_qd\proj.android\app\build\intermediates\assets\androidpack\x64\src\battle\app_views\battle\guide.lua compile ok
E:\cnkdjx\Client\MyLuaGame\frameworks\pokemon_proj_tc_qd\proj.android\app\build\intermediates\assets\androidpack\x64\src\battle\app_views\battle\loading.lua compile ok
E:\cnkdjx\Client\MyLuaGame\frameworks\pokemon_proj_tc_qd\proj.android\app\build\intermediates\assets\androidpack\x64\src\battle\app_views\battle\model.lua compile ok
E:\cnkdjx\Client\MyLuaGame\frameworks\pokemon_proj_tc_qd\proj.android\app\build\intermediates\assets\androidpack\x64\src\battle\app_views\battle\pause.lua compile ok
E:\cnkdjx\Client\MyLuaGame\frameworks\pokemon_proj_tc_qd\proj.android\app\build\intermediates\assets\androidpack\x64\src\battle\app_views\battle\preload_res.lua compile ok
E:\cnkdjx\Client\MyLuaGame\frameworks\pokemon_proj_tc_qd\proj.android\app\build\intermediates\assets\androidpack\x64\src\battle\app_views\battle\stage.lua compile ok
E:\cnkdjx\Client\MyLuaGame\frameworks\pokemon_proj_tc_qd\proj.android\app\build\intermediates\assets\androidpack\x64\src\battle\app_views\battle\stage_layer.lua compile ok
E:\cnkdjx\Client\MyLuaGame\frameworks\pokemon_proj_tc_qd\proj.android\app\build\intermediates\assets\androidpack\x64\src\battle\app_views\battle\view.lua compile ok
E:\cnkdjx\Client\MyLuaGame\frameworks\pokemon_proj_tc_qd\proj.android\app\build\intermediates\assets\androidpack\x64\src\battle\app_views\battle\view_effect.lua compile ok
E:\cnkdjx\Client\MyLuaGame\frameworks\pokemon_proj_tc_qd\proj.android\app\build\intermediates\assets\androidpack\x64\src\battle\app_views\battle\view_proxy.lua compile ok
E:\cnkdjx\Client\MyLuaGame\frameworks\pokemon_proj_tc_qd\proj.android\app\build\intermediates\assets\androidpack\x64\src\battle\app_views\battle\battle_end\activity_challenge_win.lua compile ok
E:\cnkdjx\Client\MyLuaGame\frameworks\pokemon_proj_tc_qd\proj.android\app\build\intermediates\assets\androidpack\x64\src\battle\app_views\battle\battle_end\brave_challenge_win.lua compile ok
E:\cnkdjx\Client\MyLuaGame\frameworks\pokemon_proj_tc_qd\proj.android\app\build\intermediates\assets\androidpack\x64\src\battle\app_views\battle\battle_end\clone_win.lua compile ok
E:\cnkdjx\Client\MyLuaGame\frameworks\pokemon_proj_tc_qd\proj.android\app\build\intermediates\assets\androidpack\x64\src\battle\app_views\battle\battle_end\daily_activity.lua compile ok
E:\cnkdjx\Client\MyLuaGame\frameworks\pokemon_proj_tc_qd\proj.android\app\build\intermediates\assets\androidpack\x64\src\battle\app_views\battle\battle_end\endless_fail.lua compile ok
E:\cnkdjx\Client\MyLuaGame\frameworks\pokemon_proj_tc_qd\proj.android\app\build\intermediates\assets\androidpack\x64\src\battle\app_views\battle\battle_end\endless_win.lua compile ok
E:\cnkdjx\Client\MyLuaGame\frameworks\pokemon_proj_tc_qd\proj.android\app\build\intermediates\assets\androidpack\x64\src\battle\app_views\battle\battle_end\hunting_win.lua compile ok
E:\cnkdjx\Client\MyLuaGame\frameworks\pokemon_proj_tc_qd\proj.android\app\build\intermediates\assets\androidpack\x64\src\battle\app_views\battle\battle_end\jf.lua compile ok
E:\cnkdjx\Client\MyLuaGame\frameworks\pokemon_proj_tc_qd\proj.android\app\build\intermediates\assets\androidpack\x64\src\battle\app_views\battle\battle_end\pve_fail.lua compile ok
E:\cnkdjx\Client\MyLuaGame\frameworks\pokemon_proj_tc_qd\proj.android\app\build\intermediates\assets\androidpack\x64\src\battle\app_views\battle\battle_end\pvp_fail.lua compile ok
E:\cnkdjx\Client\MyLuaGame\frameworks\pokemon_proj_tc_qd\proj.android\app\build\intermediates\assets\androidpack\x64\src\battle\app_views\battle\battle_end\pvp_reward.lua compile ok
E:\cnkdjx\Client\MyLuaGame\frameworks\pokemon_proj_tc_qd\proj.android\app\build\intermediates\assets\androidpack\x64\src\battle\app_views\battle\battle_end\pvp_stage_up.lua compile ok
E:\cnkdjx\Client\MyLuaGame\frameworks\pokemon_proj_tc_qd\proj.android\app\build\intermediates\assets\androidpack\x64\src\battle\app_views\battle\battle_end\pvp_win.lua compile ok
E:\cnkdjx\Client\MyLuaGame\frameworks\pokemon_proj_tc_qd\proj.android\app\build\intermediates\assets\androidpack\x64\src\battle\app_views\battle\battle_end\random_win.lua compile ok
E:\cnkdjx\Client\MyLuaGame\frameworks\pokemon_proj_tc_qd\proj.android\app\build\intermediates\assets\androidpack\x64\src\battle\app_views\battle\battle_end\reward.lua compile ok
E:\cnkdjx\Client\MyLuaGame\frameworks\pokemon_proj_tc_qd\proj.android\app\build\intermediates\assets\androidpack\x64\src\battle\app_views\battle\battle_end\simple_activity_win.lua compile ok
E:\cnkdjx\Client\MyLuaGame\frameworks\pokemon_proj_tc_qd\proj.android\app\build\intermediates\assets\androidpack\x64\src\battle\app_views\battle\battle_end\win.lua compile ok
E:\cnkdjx\Client\MyLuaGame\frameworks\pokemon_proj_tc_qd\proj.android\app\build\intermediates\assets\androidpack\x64\src\battle\app_views\battle\battle_end\world_boss_win.lua compile ok
E:\cnkdjx\Client\MyLuaGame\frameworks\pokemon_proj_tc_qd\proj.android\app\build\intermediates\assets\androidpack\x64\src\battle\app_views\battle\battle_entrance\config.lua compile ok
E:\cnkdjx\Client\MyLuaGame\frameworks\pokemon_proj_tc_qd\proj.android\app\build\intermediates\assets\androidpack\x64\src\battle\app_views\battle\battle_entrance\include.lua compile ok
E:\cnkdjx\Client\MyLuaGame\frameworks\pokemon_proj_tc_qd\proj.android\app\build\intermediates\assets\androidpack\x64\src\battle\app_views\battle\battle_entrance\local.lua compile ok
E:\cnkdjx\Client\MyLuaGame\frameworks\pokemon_proj_tc_qd\proj.android\app\build\intermediates\assets\androidpack\x64\src\battle\app_views\battle\battle_entrance\remote.lua compile ok
E:\cnkdjx\Client\MyLuaGame\frameworks\pokemon_proj_tc_qd\proj.android\app\build\intermediates\assets\androidpack\x64\src\battle\app_views\battle\module\base.lua compile ok
E:\cnkdjx\Client\MyLuaGame\frameworks\pokemon_proj_tc_qd\proj.android\app\build\intermediates\assets\androidpack\x64\src\battle\app_views\battle\module\bufficon.lua compile ok
E:\cnkdjx\Client\MyLuaGame\frameworks\pokemon_proj_tc_qd\proj.android\app\build\intermediates\assets\androidpack\x64\src\battle\app_views\battle\module\debugarea.lua compile ok
E:\cnkdjx\Client\MyLuaGame\frameworks\pokemon_proj_tc_qd\proj.android\app\build\intermediates\assets\androidpack\x64\src\battle\app_views\battle\module\frame.lua compile ok
E:\cnkdjx\Client\MyLuaGame\frameworks\pokemon_proj_tc_qd\proj.android\app\build\intermediates\assets\androidpack\x64\src\battle\app_views\battle\module\headnum.lua compile ok
E:\cnkdjx\Client\MyLuaGame\frameworks\pokemon_proj_tc_qd\proj.android\app\build\intermediates\assets\androidpack\x64\src\battle\app_views\battle\module\include.lua compile ok
E:\cnkdjx\Client\MyLuaGame\frameworks\pokemon_proj_tc_qd\proj.android\app\build\intermediates\assets\androidpack\x64\src\battle\app_views\battle\module\linkeffect.lua compile ok
E:\cnkdjx\Client\MyLuaGame\frameworks\pokemon_proj_tc_qd\proj.android\app\build\intermediates\assets\androidpack\x64\src\battle\app_views\battle\module\mainarea.lua compile ok
E:\cnkdjx\Client\MyLuaGame\frameworks\pokemon_proj_tc_qd\proj.android\app\build\intermediates\assets\androidpack\x64\src\battle\app_views\battle\module\notify.lua compile ok
E:\cnkdjx\Client\MyLuaGame\frameworks\pokemon_proj_tc_qd\proj.android\app\build\intermediates\assets\androidpack\x64\src\battle\app_views\battle\module\objmanager.lua compile ok
E:\cnkdjx\Client\MyLuaGame\frameworks\pokemon_proj_tc_qd\proj.android\app\build\intermediates\assets\androidpack\x64\src\battle\app_views\battle\module\skillinfo.lua compile ok
E:\cnkdjx\Client\MyLuaGame\frameworks\pokemon_proj_tc_qd\proj.android\app\build\intermediates\assets\androidpack\x64\src\battle\app_views\battle\module\speedrank.lua compile ok
E:\cnkdjx\Client\MyLuaGame\frameworks\pokemon_proj_tc_qd\proj.android\app\build\intermediates\assets\androidpack\x64\src\battle\app_views\battle\module\stage.lua compile ok
E:\cnkdjx\Client\MyLuaGame\frameworks\pokemon_proj_tc_qd\proj.android\app\build\intermediates\assets\androidpack\x64\src\battle\app_views\battle\module\sys.lua compile ok
E:\cnkdjx\Client\MyLuaGame\frameworks\pokemon_proj_tc_qd\proj.android\app\build\intermediates\assets\androidpack\x64\src\battle\app_views\battle\module\vsinfo.lua compile ok
E:\cnkdjx\Client\MyLuaGame\frameworks\pokemon_proj_tc_qd\proj.android\app\build\intermediates\assets\androidpack\x64\src\battle\app_views\battle\module\weather.lua compile ok
E:\cnkdjx\Client\MyLuaGame\frameworks\pokemon_proj_tc_qd\proj.android\app\build\intermediates\assets\androidpack\x64\src\battle\app_views\battle\module\spec\craft.lua compile ok
E:\cnkdjx\Client\MyLuaGame\frameworks\pokemon_proj_tc_qd\proj.android\app\build\intermediates\assets\androidpack\x64\src\battle\app_views\battle\module\spec\cross_mine.lua compile ok
E:\cnkdjx\Client\MyLuaGame\frameworks\pokemon_proj_tc_qd\proj.android\app\build\intermediates\assets\androidpack\x64\src\battle\app_views\battle\module\spec\daily_activity.lua compile ok
E:\cnkdjx\Client\MyLuaGame\frameworks\pokemon_proj_tc_qd\proj.android\app\build\intermediates\assets\androidpack\x64\src\battle\app_views\battle\module\spec\gym.lua compile ok
E:\cnkdjx\Client\MyLuaGame\frameworks\pokemon_proj_tc_qd\proj.android\app\build\intermediates\assets\androidpack\x64\src\battle\app_views\battle\module\spec\online_fight.lua compile ok
E:\cnkdjx\Client\MyLuaGame\frameworks\pokemon_proj_tc_qd\proj.android\app\build\intermediates\assets\androidpack\x64\src\battle\app_views\battle\module\spec\world_boss.lua compile ok
E:\cnkdjx\Client\MyLuaGame\frameworks\pokemon_proj_tc_qd\proj.android\app\build\intermediates\assets\androidpack\x64\src\battle\csv\buff.lua compile ok
E:\cnkdjx\Client\MyLuaGame\frameworks\pokemon_proj_tc_qd\proj.android\app\build\intermediates\assets\androidpack\x64\src\battle\csv\data.lua compile ok
E:\cnkdjx\Client\MyLuaGame\frameworks\pokemon_proj_tc_qd\proj.android\app\build\intermediates\assets\androidpack\x64\src\battle\csv\export.lua compile ok
E:\cnkdjx\Client\MyLuaGame\frameworks\pokemon_proj_tc_qd\proj.android\app\build\intermediates\assets\androidpack\x64\src\battle\csv\include.lua compile ok
E:\cnkdjx\Client\MyLuaGame\frameworks\pokemon_proj_tc_qd\proj.android\app\build\intermediates\assets\androidpack\x64\src\battle\csv\object.lua compile ok
E:\cnkdjx\Client\MyLuaGame\frameworks\pokemon_proj_tc_qd\proj.android\app\build\intermediates\assets\androidpack\x64\src\battle\csv\scene.lua compile ok
E:\cnkdjx\Client\MyLuaGame\frameworks\pokemon_proj_tc_qd\proj.android\app\build\intermediates\assets\androidpack\x64\src\battle\csv\skill.lua compile ok
E:\cnkdjx\Client\MyLuaGame\frameworks\pokemon_proj_tc_qd\proj.android\app\build\intermediates\assets\androidpack\x64\src\battle\easy\damage.lua compile ok
E:\cnkdjx\Client\MyLuaGame\frameworks\pokemon_proj_tc_qd\proj.android\app\build\intermediates\assets\androidpack\x64\src\battle\easy\effect.lua compile ok
E:\cnkdjx\Client\MyLuaGame\frameworks\pokemon_proj_tc_qd\proj.android\app\build\intermediates\assets\androidpack\x64\src\battle\easy\func.lua compile ok
E:\cnkdjx\Client\MyLuaGame\frameworks\pokemon_proj_tc_qd\proj.android\app\build\intermediates\assets\androidpack\x64\src\battle\easy\include.lua compile ok
E:\cnkdjx\Client\MyLuaGame\frameworks\pokemon_proj_tc_qd\proj.android\app\build\intermediates\assets\androidpack\x64\src\battle\easy\log.lua compile ok
E:\cnkdjx\Client\MyLuaGame\frameworks\pokemon_proj_tc_qd\proj.android\app\build\intermediates\assets\androidpack\x64\src\battle\easy\pos.lua compile ok
E:\cnkdjx\Client\MyLuaGame\frameworks\pokemon_proj_tc_qd\proj.android\app\build\intermediates\assets\androidpack\x64\src\battle\models\attribute.lua compile ok
E:\cnkdjx\Client\MyLuaGame\frameworks\pokemon_proj_tc_qd\proj.android\app\build\intermediates\assets\androidpack\x64\src\battle\models\cow_proxy.lua compile ok
E:\cnkdjx\Client\MyLuaGame\frameworks\pokemon_proj_tc_qd\proj.android\app\build\intermediates\assets\androidpack\x64\src\battle\models\extra_record.lua compile ok
E:\cnkdjx\Client\MyLuaGame\frameworks\pokemon_proj_tc_qd\proj.android\app\build\intermediates\assets\androidpack\x64\src\battle\models\guide.lua compile ok
E:\cnkdjx\Client\MyLuaGame\frameworks\pokemon_proj_tc_qd\proj.android\app\build\intermediates\assets\androidpack\x64\src\battle\models\include.lua compile ok
E:\cnkdjx\Client\MyLuaGame\frameworks\pokemon_proj_tc_qd\proj.android\app\build\intermediates\assets\androidpack\x64\src\battle\models\object.lua compile ok
E:\cnkdjx\Client\MyLuaGame\frameworks\pokemon_proj_tc_qd\proj.android\app\build\intermediates\assets\androidpack\x64\src\battle\models\object_buff.lua compile ok
E:\cnkdjx\Client\MyLuaGame\frameworks\pokemon_proj_tc_qd\proj.android\app\build\intermediates\assets\androidpack\x64\src\battle\models\object_extra.lua compile ok
E:\cnkdjx\Client\MyLuaGame\frameworks\pokemon_proj_tc_qd\proj.android\app\build\intermediates\assets\androidpack\x64\src\battle\models\object_group.lua compile ok
E:\cnkdjx\Client\MyLuaGame\frameworks\pokemon_proj_tc_qd\proj.android\app\build\intermediates\assets\androidpack\x64\src\battle\models\scene.lua compile ok
E:\cnkdjx\Client\MyLuaGame\frameworks\pokemon_proj_tc_qd\proj.android\app\build\intermediates\assets\androidpack\x64\src\battle\models\buff\buff.lua compile ok
E:\cnkdjx\Client\MyLuaGame\frameworks\pokemon_proj_tc_qd\proj.android\app\build\intermediates\assets\androidpack\x64\src\battle\models\buff\buff_args.lua compile ok
E:\cnkdjx\Client\MyLuaGame\frameworks\pokemon_proj_tc_qd\proj.android\app\build\intermediates\assets\androidpack\x64\src\battle\models\buff\buff_effect.lua compile ok
E:\cnkdjx\Client\MyLuaGame\frameworks\pokemon_proj_tc_qd\proj.android\app\build\intermediates\assets\androidpack\x64\src\battle\models\buff\buff_global.lua compile ok
E:\cnkdjx\Client\MyLuaGame\frameworks\pokemon_proj_tc_qd\proj.android\app\build\intermediates\assets\androidpack\x64\src\battle\models\buff\buff_node.lua compile ok
E:\cnkdjx\Client\MyLuaGame\frameworks\pokemon_proj_tc_qd\proj.android\app\build\intermediates\assets\androidpack\x64\src\battle\models\buff\include.lua compile ok
E:\cnkdjx\Client\MyLuaGame\frameworks\pokemon_proj_tc_qd\proj.android\app\build\intermediates\assets\androidpack\x64\src\battle\models\buff\spec\aura_buff.lua compile ok
E:\cnkdjx\Client\MyLuaGame\frameworks\pokemon_proj_tc_qd\proj.android\app\build\intermediates\assets\androidpack\x64\src\battle\models\components\init.lua compile ok
E:\cnkdjx\Client\MyLuaGame\frameworks\pokemon_proj_tc_qd\proj.android\app\build\intermediates\assets\androidpack\x64\src\battle\models\components\event\init.lua compile ok
E:\cnkdjx\Client\MyLuaGame\frameworks\pokemon_proj_tc_qd\proj.android\app\build\intermediates\assets\androidpack\x64\src\battle\models\monster\boss.lua compile ok
E:\cnkdjx\Client\MyLuaGame\frameworks\pokemon_proj_tc_qd\proj.android\app\build\intermediates\assets\androidpack\x64\src\battle\models\monster\monster.lua compile ok
E:\cnkdjx\Client\MyLuaGame\frameworks\pokemon_proj_tc_qd\proj.android\app\build\intermediates\assets\androidpack\x64\src\battle\models\play\activity_challenge_gate.lua compile ok
E:\cnkdjx\Client\MyLuaGame\frameworks\pokemon_proj_tc_qd\proj.android\app\build\intermediates\assets\androidpack\x64\src\battle\models\play\arena_gate.lua compile ok
E:\cnkdjx\Client\MyLuaGame\frameworks\pokemon_proj_tc_qd\proj.android\app\build\intermediates\assets\androidpack\x64\src\battle\models\play\brave_challenge_gate.lua compile ok
E:\cnkdjx\Client\MyLuaGame\frameworks\pokemon_proj_tc_qd\proj.android\app\build\intermediates\assets\androidpack\x64\src\battle\models\play\clone_gate.lua compile ok
E:\cnkdjx\Client\MyLuaGame\frameworks\pokemon_proj_tc_qd\proj.android\app\build\intermediates\assets\androidpack\x64\src\battle\models\play\craft_gate.lua compile ok
E:\cnkdjx\Client\MyLuaGame\frameworks\pokemon_proj_tc_qd\proj.android\app\build\intermediates\assets\androidpack\x64\src\battle\models\play\cross_arena_gate.lua compile ok
E:\cnkdjx\Client\MyLuaGame\frameworks\pokemon_proj_tc_qd\proj.android\app\build\intermediates\assets\androidpack\x64\src\battle\models\play\cross_craft_gate.lua compile ok
E:\cnkdjx\Client\MyLuaGame\frameworks\pokemon_proj_tc_qd\proj.android\app\build\intermediates\assets\androidpack\x64\src\battle\models\play\cross_mine_boss_gate.lua compile ok
E:\cnkdjx\Client\MyLuaGame\frameworks\pokemon_proj_tc_qd\proj.android\app\build\intermediates\assets\androidpack\x64\src\battle\models\play\cross_mine_gate.lua compile ok
E:\cnkdjx\Client\MyLuaGame\frameworks\pokemon_proj_tc_qd\proj.android\app\build\intermediates\assets\androidpack\x64\src\battle\models\play\cross_union_fight_gate.lua compile ok
E:\cnkdjx\Client\MyLuaGame\frameworks\pokemon_proj_tc_qd\proj.android\app\build\intermediates\assets\androidpack\x64\src\battle\models\play\daily_activity_gate.lua compile ok
E:\cnkdjx\Client\MyLuaGame\frameworks\pokemon_proj_tc_qd\proj.android\app\build\intermediates\assets\androidpack\x64\src\battle\models\play\endless_gate.lua compile ok
E:\cnkdjx\Client\MyLuaGame\frameworks\pokemon_proj_tc_qd\proj.android\app\build\intermediates\assets\androidpack\x64\src\battle\models\play\friend_gate.lua compile ok
E:\cnkdjx\Client\MyLuaGame\frameworks\pokemon_proj_tc_qd\proj.android\app\build\intermediates\assets\androidpack\x64\src\battle\models\play\gate.lua compile ok
E:\cnkdjx\Client\MyLuaGame\frameworks\pokemon_proj_tc_qd\proj.android\app\build\intermediates\assets\androidpack\x64\src\battle\models\play\gym_gate.lua compile ok
E:\cnkdjx\Client\MyLuaGame\frameworks\pokemon_proj_tc_qd\proj.android\app\build\intermediates\assets\androidpack\x64\src\battle\models\play\hunting_gate.lua compile ok
E:\cnkdjx\Client\MyLuaGame\frameworks\pokemon_proj_tc_qd\proj.android\app\build\intermediates\assets\androidpack\x64\src\battle\models\play\huodong_boss_gate.lua compile ok
E:\cnkdjx\Client\MyLuaGame\frameworks\pokemon_proj_tc_qd\proj.android\app\build\intermediates\assets\androidpack\x64\src\battle\models\play\include.lua compile ok
E:\cnkdjx\Client\MyLuaGame\frameworks\pokemon_proj_tc_qd\proj.android\app\build\intermediates\assets\androidpack\x64\src\battle\models\play\newbie_gate.lua compile ok
E:\cnkdjx\Client\MyLuaGame\frameworks\pokemon_proj_tc_qd\proj.android\app\build\intermediates\assets\androidpack\x64\src\battle\models\play\normal_gate.lua compile ok
E:\cnkdjx\Client\MyLuaGame\frameworks\pokemon_proj_tc_qd\proj.android\app\build\intermediates\assets\androidpack\x64\src\battle\models\play\random_gate.lua compile ok
E:\cnkdjx\Client\MyLuaGame\frameworks\pokemon_proj_tc_qd\proj.android\app\build\intermediates\assets\androidpack\x64\src\battle\models\play\simple_activity_gate.lua compile ok
E:\cnkdjx\Client\MyLuaGame\frameworks\pokemon_proj_tc_qd\proj.android\app\build\intermediates\assets\androidpack\x64\src\battle\models\play\skill_test_gate.lua compile ok
E:\cnkdjx\Client\MyLuaGame\frameworks\pokemon_proj_tc_qd\proj.android\app\build\intermediates\assets\androidpack\x64\src\battle\models\play\sync_fight_gate.lua compile ok
E:\cnkdjx\Client\MyLuaGame\frameworks\pokemon_proj_tc_qd\proj.android\app\build\intermediates\assets\androidpack\x64\src\battle\models\play\test_gate.lua compile ok
E:\cnkdjx\Client\MyLuaGame\frameworks\pokemon_proj_tc_qd\proj.android\app\build\intermediates\assets\androidpack\x64\src\battle\models\play\union_fight_gate.lua compile ok
E:\cnkdjx\Client\MyLuaGame\frameworks\pokemon_proj_tc_qd\proj.android\app\build\intermediates\assets\androidpack\x64\src\battle\models\play\union_raid_gate.lua compile ok
E:\cnkdjx\Client\MyLuaGame\frameworks\pokemon_proj_tc_qd\proj.android\app\build\intermediates\assets\androidpack\x64\src\battle\models\play\world_boss_gate.lua compile ok
E:\cnkdjx\Client\MyLuaGame\frameworks\pokemon_proj_tc_qd\proj.android\app\build\intermediates\assets\androidpack\x64\src\battle\models\skill\combine_skill.lua compile ok
E:\cnkdjx\Client\MyLuaGame\frameworks\pokemon_proj_tc_qd\proj.android\app\build\intermediates\assets\androidpack\x64\src\battle\models\skill\helper.lua compile ok
E:\cnkdjx\Client\MyLuaGame\frameworks\pokemon_proj_tc_qd\proj.android\app\build\intermediates\assets\androidpack\x64\src\battle\models\skill\immediate_skill.lua compile ok
E:\cnkdjx\Client\MyLuaGame\frameworks\pokemon_proj_tc_qd\proj.android\app\build\intermediates\assets\androidpack\x64\src\battle\models\skill\include.lua compile ok
E:\cnkdjx\Client\MyLuaGame\frameworks\pokemon_proj_tc_qd\proj.android\app\build\intermediates\assets\androidpack\x64\src\battle\models\skill\passive_skill.lua compile ok
E:\cnkdjx\Client\MyLuaGame\frameworks\pokemon_proj_tc_qd\proj.android\app\build\intermediates\assets\androidpack\x64\src\battle\models\skill\skill.lua compile ok
E:\cnkdjx\Client\MyLuaGame\frameworks\pokemon_proj_tc_qd\proj.android\app\build\intermediates\assets\androidpack\x64\src\battle\models\skill\summon_skill.lua compile ok
E:\cnkdjx\Client\MyLuaGame\frameworks\pokemon_proj_tc_qd\proj.android\app\build\intermediates\assets\androidpack\x64\src\battle\models\target\include.lua compile ok
E:\cnkdjx\Client\MyLuaGame\frameworks\pokemon_proj_tc_qd\proj.android\app\build\intermediates\assets\androidpack\x64\src\battle\models\target\target.lua compile ok
E:\cnkdjx\Client\MyLuaGame\frameworks\pokemon_proj_tc_qd\proj.android\app\build\intermediates\assets\androidpack\x64\src\battle\models\target\target2.lua compile ok
E:\cnkdjx\Client\MyLuaGame\frameworks\pokemon_proj_tc_qd\proj.android\app\build\intermediates\assets\androidpack\x64\src\battle\views\lifebar.lua compile ok
E:\cnkdjx\Client\MyLuaGame\frameworks\pokemon_proj_tc_qd\proj.android\app\build\intermediates\assets\androidpack\x64\src\battle\views\manage_cd.lua compile ok
E:\cnkdjx\Client\MyLuaGame\frameworks\pokemon_proj_tc_qd\proj.android\app\build\intermediates\assets\androidpack\x64\src\battle\views\perform_delay_func.lua compile ok
E:\cnkdjx\Client\MyLuaGame\frameworks\pokemon_proj_tc_qd\proj.android\app\build\intermediates\assets\androidpack\x64\src\battle\views\sprite.lua compile ok
E:\cnkdjx\Client\MyLuaGame\frameworks\pokemon_proj_tc_qd\proj.android\app\build\intermediates\assets\androidpack\x64\src\battle\views\sprite_debug.lua compile ok
E:\cnkdjx\Client\MyLuaGame\frameworks\pokemon_proj_tc_qd\proj.android\app\build\intermediates\assets\androidpack\x64\src\battle\views\sprite_effect.lua compile ok
E:\cnkdjx\Client\MyLuaGame\frameworks\pokemon_proj_tc_qd\proj.android\app\build\intermediates\assets\androidpack\x64\src\battle\views\sprite_follower.lua compile ok
E:\cnkdjx\Client\MyLuaGame\frameworks\pokemon_proj_tc_qd\proj.android\app\build\intermediates\assets\androidpack\x64\src\battle\views\sprite_normal.lua compile ok
E:\cnkdjx\Client\MyLuaGame\frameworks\pokemon_proj_tc_qd\proj.android\app\build\intermediates\assets\androidpack\x64\src\battle\views\sprite_possess.lua compile ok
E:\cnkdjx\Client\MyLuaGame\frameworks\pokemon_proj_tc_qd\proj.android\app\build\intermediates\assets\androidpack\x64\src\battle\views\sprite_proxy.lua compile ok
E:\cnkdjx\Client\MyLuaGame\frameworks\pokemon_proj_tc_qd\proj.android\app\build\intermediates\assets\androidpack\x64\src\battle\views\event_effect\callback_debug.lua compile ok
E:\cnkdjx\Client\MyLuaGame\frameworks\pokemon_proj_tc_qd\proj.android\app\build\intermediates\assets\androidpack\x64\src\battle\views\event_effect\effect.lua compile ok
E:\cnkdjx\Client\MyLuaGame\frameworks\pokemon_proj_tc_qd\proj.android\app\build\intermediates\assets\androidpack\x64\src\battle\views\event_effect\effect1.lua compile ok
E:\cnkdjx\Client\MyLuaGame\frameworks\pokemon_proj_tc_qd\proj.android\app\build\intermediates\assets\androidpack\x64\src\battle\views\event_effect\effect2.lua compile ok
E:\cnkdjx\Client\MyLuaGame\frameworks\pokemon_proj_tc_qd\proj.android\app\build\intermediates\assets\androidpack\x64\src\battle\views\event_effect\include.lua compile ok
E:\cnkdjx\Client\MyLuaGame\frameworks\pokemon_proj_tc_qd\proj.android\app\build\intermediates\assets\androidpack\x64\src\cache\include.lua compile ok
E:\cnkdjx\Client\MyLuaGame\frameworks\pokemon_proj_tc_qd\proj.android\app\build\intermediates\assets\androidpack\x64\src\cache\kv.lua compile ok
E:\cnkdjx\Client\MyLuaGame\frameworks\pokemon_proj_tc_qd\proj.android\app\build\intermediates\assets\androidpack\x64\src\cache\red_hint.lua compile ok
E:\cnkdjx\Client\MyLuaGame\frameworks\pokemon_proj_tc_qd\proj.android\app\build\intermediates\assets\androidpack\x64\src\cache\shader.lua compile ok
E:\cnkdjx\Client\MyLuaGame\frameworks\pokemon_proj_tc_qd\proj.android\app\build\intermediates\assets\androidpack\x64\src\cache\sprite.lua compile ok
E:\cnkdjx\Client\MyLuaGame\frameworks\pokemon_proj_tc_qd\proj.android\app\build\intermediates\assets\androidpack\x64\src\cache\texture.lua compile ok
E:\cnkdjx\Client\MyLuaGame\frameworks\pokemon_proj_tc_qd\proj.android\app\build\intermediates\assets\androidpack\x64\src\cache\user_default.lua compile ok
E:\cnkdjx\Client\MyLuaGame\frameworks\pokemon_proj_tc_qd\proj.android\app\build\intermediates\assets\androidpack\x64\src\cache\widget.lua compile ok
E:\cnkdjx\Client\MyLuaGame\frameworks\pokemon_proj_tc_qd\proj.android\app\build\intermediates\assets\androidpack\x64\src\config\banlvxiaowu.lua luajit 64 ok
E:\cnkdjx\Client\MyLuaGame\frameworks\pokemon_proj_tc_qd\proj.android\app\build\intermediates\assets\androidpack\x64\src\config\banlvxiaowu.lua compile ok
E:\cnkdjx\Client\MyLuaGame\frameworks\pokemon_proj_tc_qd\proj.android\app\build\intermediates\assets\androidpack\x64\src\config\battle_card_halo.lua luajit 64 ok
E:\cnkdjx\Client\MyLuaGame\frameworks\pokemon_proj_tc_qd\proj.android\app\build\intermediates\assets\androidpack\x64\src\config\battle_card_halo.lua compile ok
E:\cnkdjx\Client\MyLuaGame\frameworks\pokemon_proj_tc_qd\proj.android\app\build\intermediates\assets\androidpack\x64\src\config\bossaward.lua luajit 64 ok
E:\cnkdjx\Client\MyLuaGame\frameworks\pokemon_proj_tc_qd\proj.android\app\build\intermediates\assets\androidpack\x64\src\config\bossaward.lua compile ok
E:\cnkdjx\Client\MyLuaGame\frameworks\pokemon_proj_tc_qd\proj.android\app\build\intermediates\assets\androidpack\x64\src\config\buff.lua luajit 64 ok
E:\cnkdjx\Client\MyLuaGame\frameworks\pokemon_proj_tc_qd\proj.android\app\build\intermediates\assets\androidpack\x64\src\config\buff.lua compile ok
E:\cnkdjx\Client\MyLuaGame\frameworks\pokemon_proj_tc_qd\proj.android\app\build\intermediates\assets\androidpack\x64\src\config\buff_effect.lua luajit 64 ok
E:\cnkdjx\Client\MyLuaGame\frameworks\pokemon_proj_tc_qd\proj.android\app\build\intermediates\assets\androidpack\x64\src\config\buff_effect.lua compile ok
E:\cnkdjx\Client\MyLuaGame\frameworks\pokemon_proj_tc_qd\proj.android\app\build\intermediates\assets\androidpack\x64\src\config\buff_group_power.lua luajit 64 ok
E:\cnkdjx\Client\MyLuaGame\frameworks\pokemon_proj_tc_qd\proj.android\app\build\intermediates\assets\androidpack\x64\src\config\buff_group_power.lua compile ok
E:\cnkdjx\Client\MyLuaGame\frameworks\pokemon_proj_tc_qd\proj.android\app\build\intermediates\assets\androidpack\x64\src\config\buff_group_relation.lua luajit 64 ok
E:\cnkdjx\Client\MyLuaGame\frameworks\pokemon_proj_tc_qd\proj.android\app\build\intermediates\assets\androidpack\x64\src\config\buff_group_relation.lua compile ok
E:\cnkdjx\Client\MyLuaGame\frameworks\pokemon_proj_tc_qd\proj.android\app\build\intermediates\assets\androidpack\x64\src\config\buff_level_correct.lua luajit 64 ok
E:\cnkdjx\Client\MyLuaGame\frameworks\pokemon_proj_tc_qd\proj.android\app\build\intermediates\assets\androidpack\x64\src\config\buff_level_correct.lua compile ok
E:\cnkdjx\Client\MyLuaGame\frameworks\pokemon_proj_tc_qd\proj.android\app\build\intermediates\assets\androidpack\x64\src\config\cards.lua luajit 64 ok
E:\cnkdjx\Client\MyLuaGame\frameworks\pokemon_proj_tc_qd\proj.android\app\build\intermediates\assets\androidpack\x64\src\config\cards.lua compile ok
E:\cnkdjx\Client\MyLuaGame\frameworks\pokemon_proj_tc_qd\proj.android\app\build\intermediates\assets\androidpack\x64\src\config\cards_branch_cost.lua luajit 64 ok
E:\cnkdjx\Client\MyLuaGame\frameworks\pokemon_proj_tc_qd\proj.android\app\build\intermediates\assets\androidpack\x64\src\config\cards_branch_cost.lua compile ok
E:\cnkdjx\Client\MyLuaGame\frameworks\pokemon_proj_tc_qd\proj.android\app\build\intermediates\assets\androidpack\x64\src\config\card_ability.lua luajit 64 ok
E:\cnkdjx\Client\MyLuaGame\frameworks\pokemon_proj_tc_qd\proj.android\app\build\intermediates\assets\androidpack\x64\src\config\card_ability.lua compile ok
E:\cnkdjx\Client\MyLuaGame\frameworks\pokemon_proj_tc_qd\proj.android\app\build\intermediates\assets\androidpack\x64\src\config\card_ability_cost.lua luajit 64 ok
E:\cnkdjx\Client\MyLuaGame\frameworks\pokemon_proj_tc_qd\proj.android\app\build\intermediates\assets\androidpack\x64\src\config\card_ability_cost.lua compile ok
E:\cnkdjx\Client\MyLuaGame\frameworks\pokemon_proj_tc_qd\proj.android\app\build\intermediates\assets\androidpack\x64\src\config\card_bag.lua luajit 64 ok
E:\cnkdjx\Client\MyLuaGame\frameworks\pokemon_proj_tc_qd\proj.android\app\build\intermediates\assets\androidpack\x64\src\config\card_bag.lua compile ok
E:\cnkdjx\Client\MyLuaGame\frameworks\pokemon_proj_tc_qd\proj.android\app\build\intermediates\assets\androidpack\x64\src\config\card_battle_recommend.lua luajit 64 ok
E:\cnkdjx\Client\MyLuaGame\frameworks\pokemon_proj_tc_qd\proj.android\app\build\intermediates\assets\androidpack\x64\src\config\card_battle_recommend.lua compile ok
E:\cnkdjx\Client\MyLuaGame\frameworks\pokemon_proj_tc_qd\proj.android\app\build\intermediates\assets\androidpack\x64\src\config\card_effort.lua luajit 64 ok
E:\cnkdjx\Client\MyLuaGame\frameworks\pokemon_proj_tc_qd\proj.android\app\build\intermediates\assets\androidpack\x64\src\config\card_effort.lua compile ok
E:\cnkdjx\Client\MyLuaGame\frameworks\pokemon_proj_tc_qd\proj.android\app\build\intermediates\assets\androidpack\x64\src\config\card_effort_advance.lua luajit 64 ok
E:\cnkdjx\Client\MyLuaGame\frameworks\pokemon_proj_tc_qd\proj.android\app\build\intermediates\assets\androidpack\x64\src\config\card_effort_advance.lua compile ok
E:\cnkdjx\Client\MyLuaGame\frameworks\pokemon_proj_tc_qd\proj.android\app\build\intermediates\assets\androidpack\x64\src\config\card_mega.lua luajit 64 ok
E:\cnkdjx\Client\MyLuaGame\frameworks\pokemon_proj_tc_qd\proj.android\app\build\intermediates\assets\androidpack\x64\src\config\card_mega.lua compile ok
E:\cnkdjx\Client\MyLuaGame\frameworks\pokemon_proj_tc_qd\proj.android\app\build\intermediates\assets\androidpack\x64\src\config\card_mega_convert.lua luajit 64 ok
E:\cnkdjx\Client\MyLuaGame\frameworks\pokemon_proj_tc_qd\proj.android\app\build\intermediates\assets\androidpack\x64\src\config\card_mega_convert.lua compile ok
E:\cnkdjx\Client\MyLuaGame\frameworks\pokemon_proj_tc_qd\proj.android\app\build\intermediates\assets\androidpack\x64\src\config\card_recast.lua luajit 64 ok
E:\cnkdjx\Client\MyLuaGame\frameworks\pokemon_proj_tc_qd\proj.android\app\build\intermediates\assets\androidpack\x64\src\config\card_recast.lua compile ok
E:\cnkdjx\Client\MyLuaGame\frameworks\pokemon_proj_tc_qd\proj.android\app\build\intermediates\assets\androidpack\x64\src\config\card_skin.lua luajit 64 ok
E:\cnkdjx\Client\MyLuaGame\frameworks\pokemon_proj_tc_qd\proj.android\app\build\intermediates\assets\androidpack\x64\src\config\card_skin.lua compile ok
E:\cnkdjx\Client\MyLuaGame\frameworks\pokemon_proj_tc_qd\proj.android\app\build\intermediates\assets\androidpack\x64\src\config\card_skin_shop.lua luajit 64 ok
E:\cnkdjx\Client\MyLuaGame\frameworks\pokemon_proj_tc_qd\proj.android\app\build\intermediates\assets\androidpack\x64\src\config\card_skin_shop.lua compile ok
E:\cnkdjx\Client\MyLuaGame\frameworks\pokemon_proj_tc_qd\proj.android\app\build\intermediates\assets\androidpack\x64\src\config\card_star.lua luajit 64 ok
E:\cnkdjx\Client\MyLuaGame\frameworks\pokemon_proj_tc_qd\proj.android\app\build\intermediates\assets\androidpack\x64\src\config\card_star.lua compile ok
E:\cnkdjx\Client\MyLuaGame\frameworks\pokemon_proj_tc_qd\proj.android\app\build\intermediates\assets\androidpack\x64\src\config\card_star2frag.lua luajit 64 ok
E:\cnkdjx\Client\MyLuaGame\frameworks\pokemon_proj_tc_qd\proj.android\app\build\intermediates\assets\androidpack\x64\src\config\card_star2frag.lua compile ok
E:\cnkdjx\Client\MyLuaGame\frameworks\pokemon_proj_tc_qd\proj.android\app\build\intermediates\assets\androidpack\x64\src\config\card_star_effect.lua luajit 64 ok
E:\cnkdjx\Client\MyLuaGame\frameworks\pokemon_proj_tc_qd\proj.android\app\build\intermediates\assets\androidpack\x64\src\config\card_star_effect.lua compile ok
E:\cnkdjx\Client\MyLuaGame\frameworks\pokemon_proj_tc_qd\proj.android\app\build\intermediates\assets\androidpack\x64\src\config\card_star_skill.lua luajit 64 ok
E:\cnkdjx\Client\MyLuaGame\frameworks\pokemon_proj_tc_qd\proj.android\app\build\intermediates\assets\androidpack\x64\src\config\card_star_skill.lua compile ok
E:\cnkdjx\Client\MyLuaGame\frameworks\pokemon_proj_tc_qd\proj.android\app\build\intermediates\assets\androidpack\x64\src\config\character.lua luajit 64 ok
E:\cnkdjx\Client\MyLuaGame\frameworks\pokemon_proj_tc_qd\proj.android\app\build\intermediates\assets\androidpack\x64\src\config\character.lua compile ok
E:\cnkdjx\Client\MyLuaGame\frameworks\pokemon_proj_tc_qd\proj.android\app\build\intermediates\assets\androidpack\x64\src\config\character_random.lua luajit 64 ok
E:\cnkdjx\Client\MyLuaGame\frameworks\pokemon_proj_tc_qd\proj.android\app\build\intermediates\assets\androidpack\x64\src\config\character_random.lua compile ok
E:\cnkdjx\Client\MyLuaGame\frameworks\pokemon_proj_tc_qd\proj.android\app\build\intermediates\assets\androidpack\x64\src\config\chat_emoji.lua luajit 64 ok
E:\cnkdjx\Client\MyLuaGame\frameworks\pokemon_proj_tc_qd\proj.android\app\build\intermediates\assets\androidpack\x64\src\config\chat_emoji.lua compile ok
E:\cnkdjx\Client\MyLuaGame\frameworks\pokemon_proj_tc_qd\proj.android\app\build\intermediates\assets\androidpack\x64\src\config\chat_limit.lua luajit 64 ok
E:\cnkdjx\Client\MyLuaGame\frameworks\pokemon_proj_tc_qd\proj.android\app\build\intermediates\assets\androidpack\x64\src\config\chat_limit.lua compile ok
E:\cnkdjx\Client\MyLuaGame\frameworks\pokemon_proj_tc_qd\proj.android\app\build\intermediates\assets\androidpack\x64\src\config\cityscene.lua luajit 64 ok
E:\cnkdjx\Client\MyLuaGame\frameworks\pokemon_proj_tc_qd\proj.android\app\build\intermediates\assets\androidpack\x64\src\config\cityscene.lua compile ok
E:\cnkdjx\Client\MyLuaGame\frameworks\pokemon_proj_tc_qd\proj.android\app\build\intermediates\assets\androidpack\x64\src\config\citysound.lua luajit 64 ok
E:\cnkdjx\Client\MyLuaGame\frameworks\pokemon_proj_tc_qd\proj.android\app\build\intermediates\assets\androidpack\x64\src\config\citysound.lua compile ok
E:\cnkdjx\Client\MyLuaGame\frameworks\pokemon_proj_tc_qd\proj.android\app\build\intermediates\assets\androidpack\x64\src\config\city_sprites.lua luajit 64 ok
E:\cnkdjx\Client\MyLuaGame\frameworks\pokemon_proj_tc_qd\proj.android\app\build\intermediates\assets\androidpack\x64\src\config\city_sprites.lua compile ok
E:\cnkdjx\Client\MyLuaGame\frameworks\pokemon_proj_tc_qd\proj.android\app\build\intermediates\assets\androidpack\x64\src\config\color.lua luajit 64 ok
E:\cnkdjx\Client\MyLuaGame\frameworks\pokemon_proj_tc_qd\proj.android\app\build\intermediates\assets\androidpack\x64\src\config\color.lua compile ok
E:\cnkdjx\Client\MyLuaGame\frameworks\pokemon_proj_tc_qd\proj.android\app\build\intermediates\assets\androidpack\x64\src\config\combat_manual.lua luajit 64 ok
E:\cnkdjx\Client\MyLuaGame\frameworks\pokemon_proj_tc_qd\proj.android\app\build\intermediates\assets\androidpack\x64\src\config\combat_manual.lua compile ok
E:\cnkdjx\Client\MyLuaGame\frameworks\pokemon_proj_tc_qd\proj.android\app\build\intermediates\assets\androidpack\x64\src\config\combat_power_correction.lua luajit 64 ok
E:\cnkdjx\Client\MyLuaGame\frameworks\pokemon_proj_tc_qd\proj.android\app\build\intermediates\assets\androidpack\x64\src\config\combat_power_correction.lua compile ok
E:\cnkdjx\Client\MyLuaGame\frameworks\pokemon_proj_tc_qd\proj.android\app\build\intermediates\assets\androidpack\x64\src\config\common_config.lua luajit 64 ok
E:\cnkdjx\Client\MyLuaGame\frameworks\pokemon_proj_tc_qd\proj.android\app\build\intermediates\assets\androidpack\x64\src\config\common_config.lua compile ok
E:\cnkdjx\Client\MyLuaGame\frameworks\pokemon_proj_tc_qd\proj.android\app\build\intermediates\assets\androidpack\x64\src\config\cost.lua luajit 64 ok
E:\cnkdjx\Client\MyLuaGame\frameworks\pokemon_proj_tc_qd\proj.android\app\build\intermediates\assets\androidpack\x64\src\config\cost.lua compile ok
E:\cnkdjx\Client\MyLuaGame\frameworks\pokemon_proj_tc_qd\proj.android\app\build\intermediates\assets\androidpack\x64\src\config\csv.lua luajit 64 ok
E:\cnkdjx\Client\MyLuaGame\frameworks\pokemon_proj_tc_qd\proj.android\app\build\intermediates\assets\androidpack\x64\src\config\csv.lua compile ok
E:\cnkdjx\Client\MyLuaGame\frameworks\pokemon_proj_tc_qd\proj.android\app\build\intermediates\assets\androidpack\x64\src\config\daily_assistant.lua luajit 64 ok
E:\cnkdjx\Client\MyLuaGame\frameworks\pokemon_proj_tc_qd\proj.android\app\build\intermediates\assets\androidpack\x64\src\config\daily_assistant.lua compile ok
E:\cnkdjx\Client\MyLuaGame\frameworks\pokemon_proj_tc_qd\proj.android\app\build\intermediates\assets\androidpack\x64\src\config\damage_process.lua luajit 64 ok
E:\cnkdjx\Client\MyLuaGame\frameworks\pokemon_proj_tc_qd\proj.android\app\build\intermediates\assets\androidpack\x64\src\config\damage_process.lua compile ok
E:\cnkdjx\Client\MyLuaGame\frameworks\pokemon_proj_tc_qd\proj.android\app\build\intermediates\assets\androidpack\x64\src\config\draw_card.lua luajit 64 ok
E:\cnkdjx\Client\MyLuaGame\frameworks\pokemon_proj_tc_qd\proj.android\app\build\intermediates\assets\androidpack\x64\src\config\draw_card.lua compile ok
E:\cnkdjx\Client\MyLuaGame\frameworks\pokemon_proj_tc_qd\proj.android\app\build\intermediates\assets\androidpack\x64\src\config\draw_card_up_group.lua luajit 64 ok
E:\cnkdjx\Client\MyLuaGame\frameworks\pokemon_proj_tc_qd\proj.android\app\build\intermediates\assets\androidpack\x64\src\config\draw_card_up_group.lua compile ok
E:\cnkdjx\Client\MyLuaGame\frameworks\pokemon_proj_tc_qd\proj.android\app\build\intermediates\assets\androidpack\x64\src\config\draw_chip.lua luajit 64 ok
E:\cnkdjx\Client\MyLuaGame\frameworks\pokemon_proj_tc_qd\proj.android\app\build\intermediates\assets\androidpack\x64\src\config\draw_chip.lua compile ok
E:\cnkdjx\Client\MyLuaGame\frameworks\pokemon_proj_tc_qd\proj.android\app\build\intermediates\assets\androidpack\x64\src\config\draw_chip_dynamic.lua luajit 64 ok
E:\cnkdjx\Client\MyLuaGame\frameworks\pokemon_proj_tc_qd\proj.android\app\build\intermediates\assets\androidpack\x64\src\config\draw_chip_dynamic.lua compile ok
E:\cnkdjx\Client\MyLuaGame\frameworks\pokemon_proj_tc_qd\proj.android\app\build\intermediates\assets\androidpack\x64\src\config\draw_count.lua luajit 64 ok
E:\cnkdjx\Client\MyLuaGame\frameworks\pokemon_proj_tc_qd\proj.android\app\build\intermediates\assets\androidpack\x64\src\config\draw_count.lua compile ok
E:\cnkdjx\Client\MyLuaGame\frameworks\pokemon_proj_tc_qd\proj.android\app\build\intermediates\assets\androidpack\x64\src\config\draw_equip.lua luajit 64 ok
E:\cnkdjx\Client\MyLuaGame\frameworks\pokemon_proj_tc_qd\proj.android\app\build\intermediates\assets\androidpack\x64\src\config\draw_equip.lua compile ok
E:\cnkdjx\Client\MyLuaGame\frameworks\pokemon_proj_tc_qd\proj.android\app\build\intermediates\assets\androidpack\x64\src\config\draw_gem.lua luajit 64 ok
E:\cnkdjx\Client\MyLuaGame\frameworks\pokemon_proj_tc_qd\proj.android\app\build\intermediates\assets\androidpack\x64\src\config\draw_gem.lua compile ok
E:\cnkdjx\Client\MyLuaGame\frameworks\pokemon_proj_tc_qd\proj.android\app\build\intermediates\assets\androidpack\x64\src\config\draw_item.lua luajit 64 ok
E:\cnkdjx\Client\MyLuaGame\frameworks\pokemon_proj_tc_qd\proj.android\app\build\intermediates\assets\androidpack\x64\src\config\draw_item.lua compile ok
E:\cnkdjx\Client\MyLuaGame\frameworks\pokemon_proj_tc_qd\proj.android\app\build\intermediates\assets\androidpack\x64\src\config\draw_items_lib.lua luajit 64 ok
E:\cnkdjx\Client\MyLuaGame\frameworks\pokemon_proj_tc_qd\proj.android\app\build\intermediates\assets\androidpack\x64\src\config\draw_items_lib.lua compile ok
E:\cnkdjx\Client\MyLuaGame\frameworks\pokemon_proj_tc_qd\proj.android\app\build\intermediates\assets\androidpack\x64\src\config\draw_metal.lua luajit 64 ok
E:\cnkdjx\Client\MyLuaGame\frameworks\pokemon_proj_tc_qd\proj.android\app\build\intermediates\assets\androidpack\x64\src\config\draw_metal.lua compile ok
E:\cnkdjx\Client\MyLuaGame\frameworks\pokemon_proj_tc_qd\proj.android\app\build\intermediates\assets\androidpack\x64\src\config\draw_preview.lua luajit 64 ok
E:\cnkdjx\Client\MyLuaGame\frameworks\pokemon_proj_tc_qd\proj.android\app\build\intermediates\assets\androidpack\x64\src\config\draw_preview.lua compile ok
E:\cnkdjx\Client\MyLuaGame\frameworks\pokemon_proj_tc_qd\proj.android\app\build\intermediates\assets\androidpack\x64\src\config\effect_event.lua luajit 64 ok
E:\cnkdjx\Client\MyLuaGame\frameworks\pokemon_proj_tc_qd\proj.android\app\build\intermediates\assets\androidpack\x64\src\config\effect_event.lua compile ok
E:\cnkdjx\Client\MyLuaGame\frameworks\pokemon_proj_tc_qd\proj.android\app\build\intermediates\assets\androidpack\x64\src\config\effect_option.lua luajit 64 ok
E:\cnkdjx\Client\MyLuaGame\frameworks\pokemon_proj_tc_qd\proj.android\app\build\intermediates\assets\androidpack\x64\src\config\effect_option.lua compile ok
E:\cnkdjx\Client\MyLuaGame\frameworks\pokemon_proj_tc_qd\proj.android\app\build\intermediates\assets\androidpack\x64\src\config\effect_power.lua luajit 64 ok
E:\cnkdjx\Client\MyLuaGame\frameworks\pokemon_proj_tc_qd\proj.android\app\build\intermediates\assets\androidpack\x64\src\config\effect_power.lua compile ok
E:\cnkdjx\Client\MyLuaGame\frameworks\pokemon_proj_tc_qd\proj.android\app\build\intermediates\assets\androidpack\x64\src\config\endless_tower_scene.lua luajit 64 ok
E:\cnkdjx\Client\MyLuaGame\frameworks\pokemon_proj_tc_qd\proj.android\app\build\intermediates\assets\androidpack\x64\src\config\endless_tower_scene.lua compile ok
E:\cnkdjx\Client\MyLuaGame\frameworks\pokemon_proj_tc_qd\proj.android\app\build\intermediates\assets\androidpack\x64\src\config\equips.lua luajit 64 ok
E:\cnkdjx\Client\MyLuaGame\frameworks\pokemon_proj_tc_qd\proj.android\app\build\intermediates\assets\androidpack\x64\src\config\equips.lua compile ok
E:\cnkdjx\Client\MyLuaGame\frameworks\pokemon_proj_tc_qd\proj.android\app\build\intermediates\assets\androidpack\x64\src\config\equip_shop.lua luajit 64 ok
E:\cnkdjx\Client\MyLuaGame\frameworks\pokemon_proj_tc_qd\proj.android\app\build\intermediates\assets\androidpack\x64\src\config\equip_shop.lua compile ok
E:\cnkdjx\Client\MyLuaGame\frameworks\pokemon_proj_tc_qd\proj.android\app\build\intermediates\assets\androidpack\x64\src\config\extra_object.lua luajit 64 ok
E:\cnkdjx\Client\MyLuaGame\frameworks\pokemon_proj_tc_qd\proj.android\app\build\intermediates\assets\androidpack\x64\src\config\extra_object.lua compile ok
E:\cnkdjx\Client\MyLuaGame\frameworks\pokemon_proj_tc_qd\proj.android\app\build\intermediates\assets\androidpack\x64\src\config\extra_round_trigger.lua luajit 64 ok
E:\cnkdjx\Client\MyLuaGame\frameworks\pokemon_proj_tc_qd\proj.android\app\build\intermediates\assets\androidpack\x64\src\config\extra_round_trigger.lua compile ok
E:\cnkdjx\Client\MyLuaGame\frameworks\pokemon_proj_tc_qd\proj.android\app\build\intermediates\assets\androidpack\x64\src\config\fetter.lua luajit 64 ok
E:\cnkdjx\Client\MyLuaGame\frameworks\pokemon_proj_tc_qd\proj.android\app\build\intermediates\assets\androidpack\x64\src\config\fetter.lua compile ok
E:\cnkdjx\Client\MyLuaGame\frameworks\pokemon_proj_tc_qd\proj.android\app\build\intermediates\assets\androidpack\x64\src\config\fighting_weight.lua luajit 64 ok
E:\cnkdjx\Client\MyLuaGame\frameworks\pokemon_proj_tc_qd\proj.android\app\build\intermediates\assets\androidpack\x64\src\config\fighting_weight.lua compile ok
E:\cnkdjx\Client\MyLuaGame\frameworks\pokemon_proj_tc_qd\proj.android\app\build\intermediates\assets\androidpack\x64\src\config\fix_shop.lua luajit 64 ok
E:\cnkdjx\Client\MyLuaGame\frameworks\pokemon_proj_tc_qd\proj.android\app\build\intermediates\assets\androidpack\x64\src\config\fix_shop.lua compile ok
E:\cnkdjx\Client\MyLuaGame\frameworks\pokemon_proj_tc_qd\proj.android\app\build\intermediates\assets\androidpack\x64\src\config\fragments.lua luajit 64 ok
E:\cnkdjx\Client\MyLuaGame\frameworks\pokemon_proj_tc_qd\proj.android\app\build\intermediates\assets\androidpack\x64\src\config\fragments.lua compile ok
E:\cnkdjx\Client\MyLuaGame\frameworks\pokemon_proj_tc_qd\proj.android\app\build\intermediates\assets\androidpack\x64\src\config\frag_shop.lua luajit 64 ok
E:\cnkdjx\Client\MyLuaGame\frameworks\pokemon_proj_tc_qd\proj.android\app\build\intermediates\assets\androidpack\x64\src\config\frag_shop.lua compile ok
E:\cnkdjx\Client\MyLuaGame\frameworks\pokemon_proj_tc_qd\proj.android\app\build\intermediates\assets\androidpack\x64\src\config\game_end_special_rule.lua luajit 64 ok
E:\cnkdjx\Client\MyLuaGame\frameworks\pokemon_proj_tc_qd\proj.android\app\build\intermediates\assets\androidpack\x64\src\config\game_end_special_rule.lua compile ok
E:\cnkdjx\Client\MyLuaGame\frameworks\pokemon_proj_tc_qd\proj.android\app\build\intermediates\assets\androidpack\x64\src\config\gift.lua luajit 64 ok
E:\cnkdjx\Client\MyLuaGame\frameworks\pokemon_proj_tc_qd\proj.android\app\build\intermediates\assets\androidpack\x64\src\config\gift.lua compile ok
E:\cnkdjx\Client\MyLuaGame\frameworks\pokemon_proj_tc_qd\proj.android\app\build\intermediates\assets\androidpack\x64\src\config\good_feel.lua luajit 64 ok
E:\cnkdjx\Client\MyLuaGame\frameworks\pokemon_proj_tc_qd\proj.android\app\build\intermediates\assets\androidpack\x64\src\config\good_feel.lua compile ok
E:\cnkdjx\Client\MyLuaGame\frameworks\pokemon_proj_tc_qd\proj.android\app\build\intermediates\assets\androidpack\x64\src\config\good_feel_effect.lua luajit 64 ok
E:\cnkdjx\Client\MyLuaGame\frameworks\pokemon_proj_tc_qd\proj.android\app\build\intermediates\assets\androidpack\x64\src\config\good_feel_effect.lua compile ok
E:\cnkdjx\Client\MyLuaGame\frameworks\pokemon_proj_tc_qd\proj.android\app\build\intermediates\assets\androidpack\x64\src\config\grow_guide.lua luajit 64 ok
E:\cnkdjx\Client\MyLuaGame\frameworks\pokemon_proj_tc_qd\proj.android\app\build\intermediates\assets\androidpack\x64\src\config\grow_guide.lua compile ok
E:\cnkdjx\Client\MyLuaGame\frameworks\pokemon_proj_tc_qd\proj.android\app\build\intermediates\assets\androidpack\x64\src\config\huodong.lua luajit 64 ok
E:\cnkdjx\Client\MyLuaGame\frameworks\pokemon_proj_tc_qd\proj.android\app\build\intermediates\assets\androidpack\x64\src\config\huodong.lua compile ok
E:\cnkdjx\Client\MyLuaGame\frameworks\pokemon_proj_tc_qd\proj.android\app\build\intermediates\assets\androidpack\x64\src\config\huodong_display_replace.lua luajit 64 ok
E:\cnkdjx\Client\MyLuaGame\frameworks\pokemon_proj_tc_qd\proj.android\app\build\intermediates\assets\androidpack\x64\src\config\huodong_display_replace.lua compile ok
E:\cnkdjx\Client\MyLuaGame\frameworks\pokemon_proj_tc_qd\proj.android\app\build\intermediates\assets\androidpack\x64\src\config\huodong_drop.lua luajit 64 ok
E:\cnkdjx\Client\MyLuaGame\frameworks\pokemon_proj_tc_qd\proj.android\app\build\intermediates\assets\androidpack\x64\src\config\huodong_drop.lua compile ok
E:\cnkdjx\Client\MyLuaGame\frameworks\pokemon_proj_tc_qd\proj.android\app\build\intermediates\assets\androidpack\x64\src\config\huodong_gate_fragment.lua luajit 64 ok
E:\cnkdjx\Client\MyLuaGame\frameworks\pokemon_proj_tc_qd\proj.android\app\build\intermediates\assets\androidpack\x64\src\config\huodong_gate_fragment.lua compile ok
E:\cnkdjx\Client\MyLuaGame\frameworks\pokemon_proj_tc_qd\proj.android\app\build\intermediates\assets\androidpack\x64\src\config\huodong_huanxiang.lua luajit 64 ok
E:\cnkdjx\Client\MyLuaGame\frameworks\pokemon_proj_tc_qd\proj.android\app\build\intermediates\assets\androidpack\x64\src\config\huodong_huanxiang.lua compile ok
E:\cnkdjx\Client\MyLuaGame\frameworks\pokemon_proj_tc_qd\proj.android\app\build\intermediates\assets\androidpack\x64\src\config\items.lua luajit 64 ok
E:\cnkdjx\Client\MyLuaGame\frameworks\pokemon_proj_tc_qd\proj.android\app\build\intermediates\assets\androidpack\x64\src\config\items.lua compile ok
E:\cnkdjx\Client\MyLuaGame\frameworks\pokemon_proj_tc_qd\proj.android\app\build\intermediates\assets\androidpack\x64\src\config\language.lua luajit 64 ok
E:\cnkdjx\Client\MyLuaGame\frameworks\pokemon_proj_tc_qd\proj.android\app\build\intermediates\assets\androidpack\x64\src\config\language.lua compile ok
E:\cnkdjx\Client\MyLuaGame\frameworks\pokemon_proj_tc_qd\proj.android\app\build\intermediates\assets\androidpack\x64\src\config\livenessaward.lua luajit 64 ok
E:\cnkdjx\Client\MyLuaGame\frameworks\pokemon_proj_tc_qd\proj.android\app\build\intermediates\assets\androidpack\x64\src\config\livenessaward.lua compile ok
E:\cnkdjx\Client\MyLuaGame\frameworks\pokemon_proj_tc_qd\proj.android\app\build\intermediates\assets\androidpack\x64\src\config\loading_tips.lua luajit 64 ok
E:\cnkdjx\Client\MyLuaGame\frameworks\pokemon_proj_tc_qd\proj.android\app\build\intermediates\assets\androidpack\x64\src\config\loading_tips.lua compile ok
E:\cnkdjx\Client\MyLuaGame\frameworks\pokemon_proj_tc_qd\proj.android\app\build\intermediates\assets\androidpack\x64\src\config\mail.lua luajit 64 ok
E:\cnkdjx\Client\MyLuaGame\frameworks\pokemon_proj_tc_qd\proj.android\app\build\intermediates\assets\androidpack\x64\src\config\mail.lua compile ok
E:\cnkdjx\Client\MyLuaGame\frameworks\pokemon_proj_tc_qd\proj.android\app\build\intermediates\assets\androidpack\x64\src\config\marquee.lua luajit 64 ok
E:\cnkdjx\Client\MyLuaGame\frameworks\pokemon_proj_tc_qd\proj.android\app\build\intermediates\assets\androidpack\x64\src\config\marquee.lua compile ok
E:\cnkdjx\Client\MyLuaGame\frameworks\pokemon_proj_tc_qd\proj.android\app\build\intermediates\assets\androidpack\x64\src\config\monster_scenes.lua luajit 64 ok
E:\cnkdjx\Client\MyLuaGame\frameworks\pokemon_proj_tc_qd\proj.android\app\build\intermediates\assets\androidpack\x64\src\config\monster_scenes.lua compile ok
E:\cnkdjx\Client\MyLuaGame\frameworks\pokemon_proj_tc_qd\proj.android\app\build\intermediates\assets\androidpack\x64\src\config\month_card_privilege.lua luajit 64 ok
E:\cnkdjx\Client\MyLuaGame\frameworks\pokemon_proj_tc_qd\proj.android\app\build\intermediates\assets\androidpack\x64\src\config\month_card_privilege.lua compile ok
E:\cnkdjx\Client\MyLuaGame\frameworks\pokemon_proj_tc_qd\proj.android\app\build\intermediates\assets\androidpack\x64\src\config\mystery_shop.lua luajit 64 ok
E:\cnkdjx\Client\MyLuaGame\frameworks\pokemon_proj_tc_qd\proj.android\app\build\intermediates\assets\androidpack\x64\src\config\mystery_shop.lua compile ok
E:\cnkdjx\Client\MyLuaGame\frameworks\pokemon_proj_tc_qd\proj.android\app\build\intermediates\assets\androidpack\x64\src\config\mystery_shop_config.lua luajit 64 ok
E:\cnkdjx\Client\MyLuaGame\frameworks\pokemon_proj_tc_qd\proj.android\app\build\intermediates\assets\androidpack\x64\src\config\mystery_shop_config.lua compile ok
E:\cnkdjx\Client\MyLuaGame\frameworks\pokemon_proj_tc_qd\proj.android\app\build\intermediates\assets\androidpack\x64\src\config\newbie_init.lua luajit 64 ok
E:\cnkdjx\Client\MyLuaGame\frameworks\pokemon_proj_tc_qd\proj.android\app\build\intermediates\assets\androidpack\x64\src\config\newbie_init.lua compile ok
E:\cnkdjx\Client\MyLuaGame\frameworks\pokemon_proj_tc_qd\proj.android\app\build\intermediates\assets\androidpack\x64\src\config\new_guide.lua luajit 64 ok
E:\cnkdjx\Client\MyLuaGame\frameworks\pokemon_proj_tc_qd\proj.android\app\build\intermediates\assets\androidpack\x64\src\config\new_guide.lua compile ok
E:\cnkdjx\Client\MyLuaGame\frameworks\pokemon_proj_tc_qd\proj.android\app\build\intermediates\assets\androidpack\x64\src\config\new_guide_local.lua luajit 64 ok
E:\cnkdjx\Client\MyLuaGame\frameworks\pokemon_proj_tc_qd\proj.android\app\build\intermediates\assets\androidpack\x64\src\config\new_guide_local.lua compile ok
E:\cnkdjx\Client\MyLuaGame\frameworks\pokemon_proj_tc_qd\proj.android\app\build\intermediates\assets\androidpack\x64\src\config\note.lua luajit 64 ok
E:\cnkdjx\Client\MyLuaGame\frameworks\pokemon_proj_tc_qd\proj.android\app\build\intermediates\assets\androidpack\x64\src\config\note.lua compile ok
E:\cnkdjx\Client\MyLuaGame\frameworks\pokemon_proj_tc_qd\proj.android\app\build\intermediates\assets\androidpack\x64\src\config\notice.lua luajit 64 ok
E:\cnkdjx\Client\MyLuaGame\frameworks\pokemon_proj_tc_qd\proj.android\app\build\intermediates\assets\androidpack\x64\src\config\notice.lua compile ok
E:\cnkdjx\Client\MyLuaGame\frameworks\pokemon_proj_tc_qd\proj.android\app\build\intermediates\assets\androidpack\x64\src\config\notify_message.lua luajit 64 ok
E:\cnkdjx\Client\MyLuaGame\frameworks\pokemon_proj_tc_qd\proj.android\app\build\intermediates\assets\androidpack\x64\src\config\notify_message.lua compile ok
E:\cnkdjx\Client\MyLuaGame\frameworks\pokemon_proj_tc_qd\proj.android\app\build\intermediates\assets\androidpack\x64\src\config\nvalue_min_value.lua luajit 64 ok
E:\cnkdjx\Client\MyLuaGame\frameworks\pokemon_proj_tc_qd\proj.android\app\build\intermediates\assets\androidpack\x64\src\config\nvalue_min_value.lua compile ok
E:\cnkdjx\Client\MyLuaGame\frameworks\pokemon_proj_tc_qd\proj.android\app\build\intermediates\assets\androidpack\x64\src\config\nvalue_random.lua luajit 64 ok
E:\cnkdjx\Client\MyLuaGame\frameworks\pokemon_proj_tc_qd\proj.android\app\build\intermediates\assets\androidpack\x64\src\config\nvalue_random.lua compile ok
E:\cnkdjx\Client\MyLuaGame\frameworks\pokemon_proj_tc_qd\proj.android\app\build\intermediates\assets\androidpack\x64\src\config\nvalue_random_lib.lua luajit 64 ok
E:\cnkdjx\Client\MyLuaGame\frameworks\pokemon_proj_tc_qd\proj.android\app\build\intermediates\assets\androidpack\x64\src\config\nvalue_random_lib.lua compile ok
E:\cnkdjx\Client\MyLuaGame\frameworks\pokemon_proj_tc_qd\proj.android\app\build\intermediates\assets\androidpack\x64\src\config\nvalue_rmb.lua luajit 64 ok
E:\cnkdjx\Client\MyLuaGame\frameworks\pokemon_proj_tc_qd\proj.android\app\build\intermediates\assets\androidpack\x64\src\config\nvalue_rmb.lua compile ok
E:\cnkdjx\Client\MyLuaGame\frameworks\pokemon_proj_tc_qd\proj.android\app\build\intermediates\assets\androidpack\x64\src\config\online_gift.lua luajit 64 ok
E:\cnkdjx\Client\MyLuaGame\frameworks\pokemon_proj_tc_qd\proj.android\app\build\intermediates\assets\androidpack\x64\src\config\online_gift.lua compile ok
E:\cnkdjx\Client\MyLuaGame\frameworks\pokemon_proj_tc_qd\proj.android\app\build\intermediates\assets\androidpack\x64\src\config\overflow_exp_exchange.lua luajit 64 ok
E:\cnkdjx\Client\MyLuaGame\frameworks\pokemon_proj_tc_qd\proj.android\app\build\intermediates\assets\androidpack\x64\src\config\overflow_exp_exchange.lua compile ok
E:\cnkdjx\Client\MyLuaGame\frameworks\pokemon_proj_tc_qd\proj.android\app\build\intermediates\assets\androidpack\x64\src\config\pokedex.lua luajit 64 ok
E:\cnkdjx\Client\MyLuaGame\frameworks\pokemon_proj_tc_qd\proj.android\app\build\intermediates\assets\androidpack\x64\src\config\pokedex.lua compile ok
E:\cnkdjx\Client\MyLuaGame\frameworks\pokemon_proj_tc_qd\proj.android\app\build\intermediates\assets\androidpack\x64\src\config\pokedex_advance.lua luajit 64 ok
E:\cnkdjx\Client\MyLuaGame\frameworks\pokemon_proj_tc_qd\proj.android\app\build\intermediates\assets\androidpack\x64\src\config\pokedex_advance.lua compile ok
E:\cnkdjx\Client\MyLuaGame\frameworks\pokemon_proj_tc_qd\proj.android\app\build\intermediates\assets\androidpack\x64\src\config\pokedex_develop.lua luajit 64 ok
E:\cnkdjx\Client\MyLuaGame\frameworks\pokemon_proj_tc_qd\proj.android\app\build\intermediates\assets\androidpack\x64\src\config\pokedex_develop.lua compile ok
E:\cnkdjx\Client\MyLuaGame\frameworks\pokemon_proj_tc_qd\proj.android\app\build\intermediates\assets\androidpack\x64\src\config\pvpandpve.lua luajit 64 ok
E:\cnkdjx\Client\MyLuaGame\frameworks\pokemon_proj_tc_qd\proj.android\app\build\intermediates\assets\androidpack\x64\src\config\pvpandpve.lua compile ok
E:\cnkdjx\Client\MyLuaGame\frameworks\pokemon_proj_tc_qd\proj.android\app\build\intermediates\assets\androidpack\x64\src\config\pwaward.lua luajit 64 ok
E:\cnkdjx\Client\MyLuaGame\frameworks\pokemon_proj_tc_qd\proj.android\app\build\intermediates\assets\androidpack\x64\src\config\pwaward.lua compile ok
E:\cnkdjx\Client\MyLuaGame\frameworks\pokemon_proj_tc_qd\proj.android\app\build\intermediates\assets\androidpack\x64\src\config\pwbattle.lua luajit 64 ok
E:\cnkdjx\Client\MyLuaGame\frameworks\pokemon_proj_tc_qd\proj.android\app\build\intermediates\assets\androidpack\x64\src\config\pwbattle.lua compile ok
E:\cnkdjx\Client\MyLuaGame\frameworks\pokemon_proj_tc_qd\proj.android\app\build\intermediates\assets\androidpack\x64\src\config\pwflop_award.lua luajit 64 ok
E:\cnkdjx\Client\MyLuaGame\frameworks\pokemon_proj_tc_qd\proj.android\app\build\intermediates\assets\androidpack\x64\src\config\pwflop_award.lua compile ok
E:\cnkdjx\Client\MyLuaGame\frameworks\pokemon_proj_tc_qd\proj.android\app\build\intermediates\assets\androidpack\x64\src\config\pwpoint_award.lua luajit 64 ok
E:\cnkdjx\Client\MyLuaGame\frameworks\pokemon_proj_tc_qd\proj.android\app\build\intermediates\assets\androidpack\x64\src\config\pwpoint_award.lua compile ok
E:\cnkdjx\Client\MyLuaGame\frameworks\pokemon_proj_tc_qd\proj.android\app\build\intermediates\assets\androidpack\x64\src\config\pwrank_award.lua luajit 64 ok
E:\cnkdjx\Client\MyLuaGame\frameworks\pokemon_proj_tc_qd\proj.android\app\build\intermediates\assets\androidpack\x64\src\config\pwrank_award.lua compile ok
E:\cnkdjx\Client\MyLuaGame\frameworks\pokemon_proj_tc_qd\proj.android\app\build\intermediates\assets\androidpack\x64\src\config\pwshop.lua luajit 64 ok
E:\cnkdjx\Client\MyLuaGame\frameworks\pokemon_proj_tc_qd\proj.android\app\build\intermediates\assets\androidpack\x64\src\config\pwshop.lua compile ok
E:\cnkdjx\Client\MyLuaGame\frameworks\pokemon_proj_tc_qd\proj.android\app\build\intermediates\assets\androidpack\x64\src\config\random_drops.lua luajit 64 ok
E:\cnkdjx\Client\MyLuaGame\frameworks\pokemon_proj_tc_qd\proj.android\app\build\intermediates\assets\androidpack\x64\src\config\random_drops.lua compile ok
E:\cnkdjx\Client\MyLuaGame\frameworks\pokemon_proj_tc_qd\proj.android\app\build\intermediates\assets\androidpack\x64\src\config\rebirth_rmb_cost.lua luajit 64 ok
E:\cnkdjx\Client\MyLuaGame\frameworks\pokemon_proj_tc_qd\proj.android\app\build\intermediates\assets\androidpack\x64\src\config\rebirth_rmb_cost.lua compile ok
E:\cnkdjx\Client\MyLuaGame\frameworks\pokemon_proj_tc_qd\proj.android\app\build\intermediates\assets\androidpack\x64\src\config\recharges.lua luajit 64 ok
E:\cnkdjx\Client\MyLuaGame\frameworks\pokemon_proj_tc_qd\proj.android\app\build\intermediates\assets\androidpack\x64\src\config\recharges.lua compile ok
E:\cnkdjx\Client\MyLuaGame\frameworks\pokemon_proj_tc_qd\proj.android\app\build\intermediates\assets\androidpack\x64\src\config\role_figure.lua luajit 64 ok
E:\cnkdjx\Client\MyLuaGame\frameworks\pokemon_proj_tc_qd\proj.android\app\build\intermediates\assets\androidpack\x64\src\config\role_figure.lua compile ok
E:\cnkdjx\Client\MyLuaGame\frameworks\pokemon_proj_tc_qd\proj.android\app\build\intermediates\assets\androidpack\x64\src\config\role_frame.lua luajit 64 ok
E:\cnkdjx\Client\MyLuaGame\frameworks\pokemon_proj_tc_qd\proj.android\app\build\intermediates\assets\androidpack\x64\src\config\role_frame.lua compile ok
E:\cnkdjx\Client\MyLuaGame\frameworks\pokemon_proj_tc_qd\proj.android\app\build\intermediates\assets\androidpack\x64\src\config\role_logo.lua luajit 64 ok
E:\cnkdjx\Client\MyLuaGame\frameworks\pokemon_proj_tc_qd\proj.android\app\build\intermediates\assets\androidpack\x64\src\config\role_logo.lua compile ok
E:\cnkdjx\Client\MyLuaGame\frameworks\pokemon_proj_tc_qd\proj.android\app\build\intermediates\assets\androidpack\x64\src\config\role_out.lua luajit 64 ok
E:\cnkdjx\Client\MyLuaGame\frameworks\pokemon_proj_tc_qd\proj.android\app\build\intermediates\assets\androidpack\x64\src\config\role_out.lua compile ok
E:\cnkdjx\Client\MyLuaGame\frameworks\pokemon_proj_tc_qd\proj.android\app\build\intermediates\assets\androidpack\x64\src\config\role_out_init.lua luajit 64 ok
E:\cnkdjx\Client\MyLuaGame\frameworks\pokemon_proj_tc_qd\proj.android\app\build\intermediates\assets\androidpack\x64\src\config\role_out_init.lua compile ok
E:\cnkdjx\Client\MyLuaGame\frameworks\pokemon_proj_tc_qd\proj.android\app\build\intermediates\assets\androidpack\x64\src\config\scene_conf.lua luajit 64 ok
E:\cnkdjx\Client\MyLuaGame\frameworks\pokemon_proj_tc_qd\proj.android\app\build\intermediates\assets\androidpack\x64\src\config\scene_conf.lua compile ok
E:\cnkdjx\Client\MyLuaGame\frameworks\pokemon_proj_tc_qd\proj.android\app\build\intermediates\assets\androidpack\x64\src\config\scene_demon_correct.lua luajit 64 ok
E:\cnkdjx\Client\MyLuaGame\frameworks\pokemon_proj_tc_qd\proj.android\app\build\intermediates\assets\androidpack\x64\src\config\scene_demon_correct.lua compile ok
E:\cnkdjx\Client\MyLuaGame\frameworks\pokemon_proj_tc_qd\proj.android\app\build\intermediates\assets\androidpack\x64\src\config\scene_level_correct.lua luajit 64 ok
E:\cnkdjx\Client\MyLuaGame\frameworks\pokemon_proj_tc_qd\proj.android\app\build\intermediates\assets\androidpack\x64\src\config\scene_level_correct.lua compile ok
E:\cnkdjx\Client\MyLuaGame\frameworks\pokemon_proj_tc_qd\proj.android\app\build\intermediates\assets\androidpack\x64\src\config\scene_monster_story.lua luajit 64 ok
E:\cnkdjx\Client\MyLuaGame\frameworks\pokemon_proj_tc_qd\proj.android\app\build\intermediates\assets\androidpack\x64\src\config\scene_monster_story.lua compile ok
E:\cnkdjx\Client\MyLuaGame\frameworks\pokemon_proj_tc_qd\proj.android\app\build\intermediates\assets\androidpack\x64\src\config\scene_story_choices.lua luajit 64 ok
E:\cnkdjx\Client\MyLuaGame\frameworks\pokemon_proj_tc_qd\proj.android\app\build\intermediates\assets\androidpack\x64\src\config\scene_story_choices.lua compile ok
E:\cnkdjx\Client\MyLuaGame\frameworks\pokemon_proj_tc_qd\proj.android\app\build\intermediates\assets\androidpack\x64\src\config\shop.lua luajit 64 ok
E:\cnkdjx\Client\MyLuaGame\frameworks\pokemon_proj_tc_qd\proj.android\app\build\intermediates\assets\androidpack\x64\src\config\shop.lua compile ok
E:\cnkdjx\Client\MyLuaGame\frameworks\pokemon_proj_tc_qd\proj.android\app\build\intermediates\assets\androidpack\x64\src\config\sighingift.lua luajit 64 ok
E:\cnkdjx\Client\MyLuaGame\frameworks\pokemon_proj_tc_qd\proj.android\app\build\intermediates\assets\androidpack\x64\src\config\sighingift.lua compile ok
E:\cnkdjx\Client\MyLuaGame\frameworks\pokemon_proj_tc_qd\proj.android\app\build\intermediates\assets\androidpack\x64\src\config\signin.lua luajit 64 ok
E:\cnkdjx\Client\MyLuaGame\frameworks\pokemon_proj_tc_qd\proj.android\app\build\intermediates\assets\androidpack\x64\src\config\signin.lua compile ok
E:\cnkdjx\Client\MyLuaGame\frameworks\pokemon_proj_tc_qd\proj.android\app\build\intermediates\assets\androidpack\x64\src\config\skill.lua luajit 64 ok
E:\cnkdjx\Client\MyLuaGame\frameworks\pokemon_proj_tc_qd\proj.android\app\build\intermediates\assets\androidpack\x64\src\config\skill.lua compile ok
E:\cnkdjx\Client\MyLuaGame\frameworks\pokemon_proj_tc_qd\proj.android\app\build\intermediates\assets\androidpack\x64\src\config\skill_auto_test.lua luajit 64 ok
E:\cnkdjx\Client\MyLuaGame\frameworks\pokemon_proj_tc_qd\proj.android\app\build\intermediates\assets\androidpack\x64\src\config\skill_auto_test.lua compile ok
E:\cnkdjx\Client\MyLuaGame\frameworks\pokemon_proj_tc_qd\proj.android\app\build\intermediates\assets\androidpack\x64\src\config\skill_process.lua luajit 64 ok
E:\cnkdjx\Client\MyLuaGame\frameworks\pokemon_proj_tc_qd\proj.android\app\build\intermediates\assets\androidpack\x64\src\config\skill_process.lua compile ok
E:\cnkdjx\Client\MyLuaGame\frameworks\pokemon_proj_tc_qd\proj.android\app\build\intermediates\assets\androidpack\x64\src\config\sound_config.lua luajit 64 ok
E:\cnkdjx\Client\MyLuaGame\frameworks\pokemon_proj_tc_qd\proj.android\app\build\intermediates\assets\androidpack\x64\src\config\sound_config.lua compile ok
E:\cnkdjx\Client\MyLuaGame\frameworks\pokemon_proj_tc_qd\proj.android\app\build\intermediates\assets\androidpack\x64\src\config\stable_drops.lua luajit 64 ok
E:\cnkdjx\Client\MyLuaGame\frameworks\pokemon_proj_tc_qd\proj.android\app\build\intermediates\assets\androidpack\x64\src\config\stable_drops.lua compile ok
E:\cnkdjx\Client\MyLuaGame\frameworks\pokemon_proj_tc_qd\proj.android\app\build\intermediates\assets\androidpack\x64\src\config\sysopen.lua luajit 64 ok
E:\cnkdjx\Client\MyLuaGame\frameworks\pokemon_proj_tc_qd\proj.android\app\build\intermediates\assets\androidpack\x64\src\config\sysopen.lua compile ok
E:\cnkdjx\Client\MyLuaGame\frameworks\pokemon_proj_tc_qd\proj.android\app\build\intermediates\assets\androidpack\x64\src\config\talent.lua luajit 64 ok
E:\cnkdjx\Client\MyLuaGame\frameworks\pokemon_proj_tc_qd\proj.android\app\build\intermediates\assets\androidpack\x64\src\config\talent.lua compile ok
E:\cnkdjx\Client\MyLuaGame\frameworks\pokemon_proj_tc_qd\proj.android\app\build\intermediates\assets\androidpack\x64\src\config\talent_cost.lua luajit 64 ok
E:\cnkdjx\Client\MyLuaGame\frameworks\pokemon_proj_tc_qd\proj.android\app\build\intermediates\assets\androidpack\x64\src\config\talent_cost.lua compile ok
E:\cnkdjx\Client\MyLuaGame\frameworks\pokemon_proj_tc_qd\proj.android\app\build\intermediates\assets\androidpack\x64\src\config\talent_tree.lua luajit 64 ok
E:\cnkdjx\Client\MyLuaGame\frameworks\pokemon_proj_tc_qd\proj.android\app\build\intermediates\assets\androidpack\x64\src\config\talent_tree.lua compile ok
E:\cnkdjx\Client\MyLuaGame\frameworks\pokemon_proj_tc_qd\proj.android\app\build\intermediates\assets\androidpack\x64\src\config\tasks.lua luajit 64 ok
E:\cnkdjx\Client\MyLuaGame\frameworks\pokemon_proj_tc_qd\proj.android\app\build\intermediates\assets\androidpack\x64\src\config\tasks.lua compile ok
E:\cnkdjx\Client\MyLuaGame\frameworks\pokemon_proj_tc_qd\proj.android\app\build\intermediates\assets\androidpack\x64\src\config\test_battle.lua luajit 64 ok
E:\cnkdjx\Client\MyLuaGame\frameworks\pokemon_proj_tc_qd\proj.android\app\build\intermediates\assets\androidpack\x64\src\config\test_battle.lua compile ok
E:\cnkdjx\Client\MyLuaGame\frameworks\pokemon_proj_tc_qd\proj.android\app\build\intermediates\assets\androidpack\x64\src\config\test_force.lua luajit 64 ok
E:\cnkdjx\Client\MyLuaGame\frameworks\pokemon_proj_tc_qd\proj.android\app\build\intermediates\assets\androidpack\x64\src\config\test_force.lua compile ok
E:\cnkdjx\Client\MyLuaGame\frameworks\pokemon_proj_tc_qd\proj.android\app\build\intermediates\assets\androidpack\x64\src\config\title.lua luajit 64 ok
E:\cnkdjx\Client\MyLuaGame\frameworks\pokemon_proj_tc_qd\proj.android\app\build\intermediates\assets\androidpack\x64\src\config\title.lua compile ok
E:\cnkdjx\Client\MyLuaGame\frameworks\pokemon_proj_tc_qd\proj.android\app\build\intermediates\assets\androidpack\x64\src\config\title_type.lua luajit 64 ok
E:\cnkdjx\Client\MyLuaGame\frameworks\pokemon_proj_tc_qd\proj.android\app\build\intermediates\assets\androidpack\x64\src\config\title_type.lua compile ok
E:\cnkdjx\Client\MyLuaGame\frameworks\pokemon_proj_tc_qd\proj.android\app\build\intermediates\assets\androidpack\x64\src\config\try_play_battle.lua luajit 64 ok
E:\cnkdjx\Client\MyLuaGame\frameworks\pokemon_proj_tc_qd\proj.android\app\build\intermediates\assets\androidpack\x64\src\config\try_play_battle.lua compile ok
E:\cnkdjx\Client\MyLuaGame\frameworks\pokemon_proj_tc_qd\proj.android\app\build\intermediates\assets\androidpack\x64\src\config\unit.lua luajit 64 ok
E:\cnkdjx\Client\MyLuaGame\frameworks\pokemon_proj_tc_qd\proj.android\app\build\intermediates\assets\androidpack\x64\src\config\unit.lua compile ok
E:\cnkdjx\Client\MyLuaGame\frameworks\pokemon_proj_tc_qd\proj.android\app\build\intermediates\assets\androidpack\x64\src\config\unit_csv_test.lua luajit 64 ok
E:\cnkdjx\Client\MyLuaGame\frameworks\pokemon_proj_tc_qd\proj.android\app\build\intermediates\assets\androidpack\x64\src\config\unit_csv_test.lua compile ok
E:\cnkdjx\Client\MyLuaGame\frameworks\pokemon_proj_tc_qd\proj.android\app\build\intermediates\assets\androidpack\x64\src\config\unlock.lua luajit 64 ok
E:\cnkdjx\Client\MyLuaGame\frameworks\pokemon_proj_tc_qd\proj.android\app\build\intermediates\assets\androidpack\x64\src\config\unlock.lua compile ok
E:\cnkdjx\Client\MyLuaGame\frameworks\pokemon_proj_tc_qd\proj.android\app\build\intermediates\assets\androidpack\x64\src\config\vip.lua luajit 64 ok
E:\cnkdjx\Client\MyLuaGame\frameworks\pokemon_proj_tc_qd\proj.android\app\build\intermediates\assets\androidpack\x64\src\config\vip.lua compile ok
E:\cnkdjx\Client\MyLuaGame\frameworks\pokemon_proj_tc_qd\proj.android\app\build\intermediates\assets\androidpack\x64\src\config\vip_desc.lua luajit 64 ok
E:\cnkdjx\Client\MyLuaGame\frameworks\pokemon_proj_tc_qd\proj.android\app\build\intermediates\assets\androidpack\x64\src\config\vip_desc.lua compile ok
E:\cnkdjx\Client\MyLuaGame\frameworks\pokemon_proj_tc_qd\proj.android\app\build\intermediates\assets\androidpack\x64\src\config\volleyball_unit.lua luajit 64 ok
E:\cnkdjx\Client\MyLuaGame\frameworks\pokemon_proj_tc_qd\proj.android\app\build\intermediates\assets\androidpack\x64\src\config\volleyball_unit.lua compile ok
E:\cnkdjx\Client\MyLuaGame\frameworks\pokemon_proj_tc_qd\proj.android\app\build\intermediates\assets\androidpack\x64\src\config\weather.lua luajit 64 ok
E:\cnkdjx\Client\MyLuaGame\frameworks\pokemon_proj_tc_qd\proj.android\app\build\intermediates\assets\androidpack\x64\src\config\weather.lua compile ok
E:\cnkdjx\Client\MyLuaGame\frameworks\pokemon_proj_tc_qd\proj.android\app\build\intermediates\assets\androidpack\x64\src\config\weather_buff.lua luajit 64 ok
E:\cnkdjx\Client\MyLuaGame\frameworks\pokemon_proj_tc_qd\proj.android\app\build\intermediates\assets\androidpack\x64\src\config\weather_buff.lua compile ok
E:\cnkdjx\Client\MyLuaGame\frameworks\pokemon_proj_tc_qd\proj.android\app\build\intermediates\assets\androidpack\x64\src\config\weather_skill.lua luajit 64 ok
E:\cnkdjx\Client\MyLuaGame\frameworks\pokemon_proj_tc_qd\proj.android\app\build\intermediates\assets\androidpack\x64\src\config\weather_skill.lua compile ok
E:\cnkdjx\Client\MyLuaGame\frameworks\pokemon_proj_tc_qd\proj.android\app\build\intermediates\assets\androidpack\x64\src\config\world_map.lua luajit 64 ok
E:\cnkdjx\Client\MyLuaGame\frameworks\pokemon_proj_tc_qd\proj.android\app\build\intermediates\assets\androidpack\x64\src\config\world_map.lua compile ok
E:\cnkdjx\Client\MyLuaGame\frameworks\pokemon_proj_tc_qd\proj.android\app\build\intermediates\assets\androidpack\x64\src\config\achievement\achievement.lua luajit 64 ok
E:\cnkdjx\Client\MyLuaGame\frameworks\pokemon_proj_tc_qd\proj.android\app\build\intermediates\assets\androidpack\x64\src\config\achievement\achievement.lua compile ok
E:\cnkdjx\Client\MyLuaGame\frameworks\pokemon_proj_tc_qd\proj.android\app\build\intermediates\assets\androidpack\x64\src\config\achievement\achievement_level.lua luajit 64 ok
E:\cnkdjx\Client\MyLuaGame\frameworks\pokemon_proj_tc_qd\proj.android\app\build\intermediates\assets\androidpack\x64\src\config\achievement\achievement_level.lua compile ok
E:\cnkdjx\Client\MyLuaGame\frameworks\pokemon_proj_tc_qd\proj.android\app\build\intermediates\assets\androidpack\x64\src\config\achievement\achievement_task.lua luajit 64 ok
E:\cnkdjx\Client\MyLuaGame\frameworks\pokemon_proj_tc_qd\proj.android\app\build\intermediates\assets\androidpack\x64\src\config\achievement\achievement_task.lua compile ok
E:\cnkdjx\Client\MyLuaGame\frameworks\pokemon_proj_tc_qd\proj.android\app\build\intermediates\assets\androidpack\x64\src\config\base_attribute\advance_level.lua luajit 64 ok
E:\cnkdjx\Client\MyLuaGame\frameworks\pokemon_proj_tc_qd\proj.android\app\build\intermediates\assets\androidpack\x64\src\config\base_attribute\advance_level.lua compile ok
E:\cnkdjx\Client\MyLuaGame\frameworks\pokemon_proj_tc_qd\proj.android\app\build\intermediates\assets\androidpack\x64\src\config\base_attribute\card_level.lua luajit 64 ok
E:\cnkdjx\Client\MyLuaGame\frameworks\pokemon_proj_tc_qd\proj.android\app\build\intermediates\assets\androidpack\x64\src\config\base_attribute\card_level.lua compile ok
E:\cnkdjx\Client\MyLuaGame\frameworks\pokemon_proj_tc_qd\proj.android\app\build\intermediates\assets\androidpack\x64\src\config\base_attribute\controllbufftype.lua luajit 64 ok
E:\cnkdjx\Client\MyLuaGame\frameworks\pokemon_proj_tc_qd\proj.android\app\build\intermediates\assets\androidpack\x64\src\config\base_attribute\controllbufftype.lua compile ok
E:\cnkdjx\Client\MyLuaGame\frameworks\pokemon_proj_tc_qd\proj.android\app\build\intermediates\assets\androidpack\x64\src\config\base_attribute\develop_level.lua luajit 64 ok
E:\cnkdjx\Client\MyLuaGame\frameworks\pokemon_proj_tc_qd\proj.android\app\build\intermediates\assets\androidpack\x64\src\config\base_attribute\develop_level.lua compile ok
E:\cnkdjx\Client\MyLuaGame\frameworks\pokemon_proj_tc_qd\proj.android\app\build\intermediates\assets\androidpack\x64\src\config\base_attribute\equip_ability.lua luajit 64 ok
E:\cnkdjx\Client\MyLuaGame\frameworks\pokemon_proj_tc_qd\proj.android\app\build\intermediates\assets\androidpack\x64\src\config\base_attribute\equip_ability.lua compile ok
E:\cnkdjx\Client\MyLuaGame\frameworks\pokemon_proj_tc_qd\proj.android\app\build\intermediates\assets\androidpack\x64\src\config\base_attribute\equip_advance.lua luajit 64 ok
E:\cnkdjx\Client\MyLuaGame\frameworks\pokemon_proj_tc_qd\proj.android\app\build\intermediates\assets\androidpack\x64\src\config\base_attribute\equip_advance.lua compile ok
E:\cnkdjx\Client\MyLuaGame\frameworks\pokemon_proj_tc_qd\proj.android\app\build\intermediates\assets\androidpack\x64\src\config\base_attribute\equip_awake.lua luajit 64 ok
E:\cnkdjx\Client\MyLuaGame\frameworks\pokemon_proj_tc_qd\proj.android\app\build\intermediates\assets\androidpack\x64\src\config\base_attribute\equip_awake.lua compile ok
E:\cnkdjx\Client\MyLuaGame\frameworks\pokemon_proj_tc_qd\proj.android\app\build\intermediates\assets\androidpack\x64\src\config\base_attribute\equip_awake_ability.lua luajit 64 ok
E:\cnkdjx\Client\MyLuaGame\frameworks\pokemon_proj_tc_qd\proj.android\app\build\intermediates\assets\androidpack\x64\src\config\base_attribute\equip_awake_ability.lua compile ok
E:\cnkdjx\Client\MyLuaGame\frameworks\pokemon_proj_tc_qd\proj.android\app\build\intermediates\assets\androidpack\x64\src\config\base_attribute\equip_signet.lua luajit 64 ok
E:\cnkdjx\Client\MyLuaGame\frameworks\pokemon_proj_tc_qd\proj.android\app\build\intermediates\assets\androidpack\x64\src\config\base_attribute\equip_signet.lua compile ok
E:\cnkdjx\Client\MyLuaGame\frameworks\pokemon_proj_tc_qd\proj.android\app\build\intermediates\assets\androidpack\x64\src\config\base_attribute\equip_signet_advance.lua luajit 64 ok
E:\cnkdjx\Client\MyLuaGame\frameworks\pokemon_proj_tc_qd\proj.android\app\build\intermediates\assets\androidpack\x64\src\config\base_attribute\equip_signet_advance.lua compile ok
E:\cnkdjx\Client\MyLuaGame\frameworks\pokemon_proj_tc_qd\proj.android\app\build\intermediates\assets\androidpack\x64\src\config\base_attribute\equip_signet_advance_cost.lua luajit 64 ok
E:\cnkdjx\Client\MyLuaGame\frameworks\pokemon_proj_tc_qd\proj.android\app\build\intermediates\assets\androidpack\x64\src\config\base_attribute\equip_signet_advance_cost.lua compile ok
E:\cnkdjx\Client\MyLuaGame\frameworks\pokemon_proj_tc_qd\proj.android\app\build\intermediates\assets\androidpack\x64\src\config\base_attribute\equip_star.lua luajit 64 ok
E:\cnkdjx\Client\MyLuaGame\frameworks\pokemon_proj_tc_qd\proj.android\app\build\intermediates\assets\androidpack\x64\src\config\base_attribute\equip_star.lua compile ok
E:\cnkdjx\Client\MyLuaGame\frameworks\pokemon_proj_tc_qd\proj.android\app\build\intermediates\assets\androidpack\x64\src\config\base_attribute\equip_strength.lua luajit 64 ok
E:\cnkdjx\Client\MyLuaGame\frameworks\pokemon_proj_tc_qd\proj.android\app\build\intermediates\assets\androidpack\x64\src\config\base_attribute\equip_strength.lua compile ok
E:\cnkdjx\Client\MyLuaGame\frameworks\pokemon_proj_tc_qd\proj.android\app\build\intermediates\assets\androidpack\x64\src\config\base_attribute\fight_soul_level.lua luajit 64 ok
E:\cnkdjx\Client\MyLuaGame\frameworks\pokemon_proj_tc_qd\proj.android\app\build\intermediates\assets\androidpack\x64\src\config\base_attribute\fight_soul_level.lua compile ok
E:\cnkdjx\Client\MyLuaGame\frameworks\pokemon_proj_tc_qd\proj.android\app\build\intermediates\assets\androidpack\x64\src\config\base_attribute\formula_const.lua luajit 64 ok
E:\cnkdjx\Client\MyLuaGame\frameworks\pokemon_proj_tc_qd\proj.android\app\build\intermediates\assets\androidpack\x64\src\config\base_attribute\formula_const.lua compile ok
E:\cnkdjx\Client\MyLuaGame\frameworks\pokemon_proj_tc_qd\proj.android\app\build\intermediates\assets\androidpack\x64\src\config\base_attribute\hero_level.lua luajit 64 ok
E:\cnkdjx\Client\MyLuaGame\frameworks\pokemon_proj_tc_qd\proj.android\app\build\intermediates\assets\androidpack\x64\src\config\base_attribute\hero_level.lua compile ok
E:\cnkdjx\Client\MyLuaGame\frameworks\pokemon_proj_tc_qd\proj.android\app\build\intermediates\assets\androidpack\x64\src\config\base_attribute\nature_matrix.lua luajit 64 ok
E:\cnkdjx\Client\MyLuaGame\frameworks\pokemon_proj_tc_qd\proj.android\app\build\intermediates\assets\androidpack\x64\src\config\base_attribute\nature_matrix.lua compile ok
E:\cnkdjx\Client\MyLuaGame\frameworks\pokemon_proj_tc_qd\proj.android\app\build\intermediates\assets\androidpack\x64\src\config\base_attribute\role_level.lua luajit 64 ok
E:\cnkdjx\Client\MyLuaGame\frameworks\pokemon_proj_tc_qd\proj.android\app\build\intermediates\assets\androidpack\x64\src\config\base_attribute\role_level.lua compile ok
E:\cnkdjx\Client\MyLuaGame\frameworks\pokemon_proj_tc_qd\proj.android\app\build\intermediates\assets\androidpack\x64\src\config\base_attribute\scene_attr_correct.lua luajit 64 ok
E:\cnkdjx\Client\MyLuaGame\frameworks\pokemon_proj_tc_qd\proj.android\app\build\intermediates\assets\androidpack\x64\src\config\base_attribute\scene_attr_correct.lua compile ok
E:\cnkdjx\Client\MyLuaGame\frameworks\pokemon_proj_tc_qd\proj.android\app\build\intermediates\assets\androidpack\x64\src\config\base_attribute\skill_level.lua luajit 64 ok
E:\cnkdjx\Client\MyLuaGame\frameworks\pokemon_proj_tc_qd\proj.android\app\build\intermediates\assets\androidpack\x64\src\config\base_attribute\skill_level.lua compile ok
E:\cnkdjx\Client\MyLuaGame\frameworks\pokemon_proj_tc_qd\proj.android\app\build\intermediates\assets\androidpack\x64\src\config\base_attribute\base\base_attribute.lua luajit 64 ok
E:\cnkdjx\Client\MyLuaGame\frameworks\pokemon_proj_tc_qd\proj.android\app\build\intermediates\assets\androidpack\x64\src\config\base_attribute\base\base_attribute.lua compile ok
E:\cnkdjx\Client\MyLuaGame\frameworks\pokemon_proj_tc_qd\proj.android\app\build\intermediates\assets\androidpack\x64\src\config\base_attribute\bossmonster\base_attribute.lua luajit 64 ok
E:\cnkdjx\Client\MyLuaGame\frameworks\pokemon_proj_tc_qd\proj.android\app\build\intermediates\assets\androidpack\x64\src\config\base_attribute\bossmonster\base_attribute.lua compile ok
E:\cnkdjx\Client\MyLuaGame\frameworks\pokemon_proj_tc_qd\proj.android\app\build\intermediates\assets\androidpack\x64\src\config\base_attribute\bossmonster2\base_attribute.lua luajit 64 ok
E:\cnkdjx\Client\MyLuaGame\frameworks\pokemon_proj_tc_qd\proj.android\app\build\intermediates\assets\androidpack\x64\src\config\base_attribute\bossmonster2\base_attribute.lua compile ok
E:\cnkdjx\Client\MyLuaGame\frameworks\pokemon_proj_tc_qd\proj.android\app\build\intermediates\assets\androidpack\x64\src\config\base_attribute\common\base_attribute.lua luajit 64 ok
E:\cnkdjx\Client\MyLuaGame\frameworks\pokemon_proj_tc_qd\proj.android\app\build\intermediates\assets\androidpack\x64\src\config\base_attribute\common\base_attribute.lua compile ok
E:\cnkdjx\Client\MyLuaGame\frameworks\pokemon_proj_tc_qd\proj.android\app\build\intermediates\assets\androidpack\x64\src\config\base_attribute\elites\base_attribute.lua luajit 64 ok
E:\cnkdjx\Client\MyLuaGame\frameworks\pokemon_proj_tc_qd\proj.android\app\build\intermediates\assets\androidpack\x64\src\config\base_attribute\elites\base_attribute.lua compile ok
E:\cnkdjx\Client\MyLuaGame\frameworks\pokemon_proj_tc_qd\proj.android\app\build\intermediates\assets\androidpack\x64\src\config\base_attribute\elitesmonster\base_attribute.lua luajit 64 ok
E:\cnkdjx\Client\MyLuaGame\frameworks\pokemon_proj_tc_qd\proj.android\app\build\intermediates\assets\androidpack\x64\src\config\base_attribute\elitesmonster\base_attribute.lua compile ok
E:\cnkdjx\Client\MyLuaGame\frameworks\pokemon_proj_tc_qd\proj.android\app\build\intermediates\assets\androidpack\x64\src\config\base_attribute\monster\base_attribute.lua luajit 64 ok
E:\cnkdjx\Client\MyLuaGame\frameworks\pokemon_proj_tc_qd\proj.android\app\build\intermediates\assets\androidpack\x64\src\config\base_attribute\monster\base_attribute.lua compile ok
E:\cnkdjx\Client\MyLuaGame\frameworks\pokemon_proj_tc_qd\proj.android\app\build\intermediates\assets\androidpack\x64\src\config\base_attribute\monster_gym\base_attribute.lua luajit 64 ok
E:\cnkdjx\Client\MyLuaGame\frameworks\pokemon_proj_tc_qd\proj.android\app\build\intermediates\assets\androidpack\x64\src\config\base_attribute\monster_gym\base_attribute.lua compile ok
E:\cnkdjx\Client\MyLuaGame\frameworks\pokemon_proj_tc_qd\proj.android\app\build\intermediates\assets\androidpack\x64\src\config\brave_challenge\achievement.lua luajit 64 ok
E:\cnkdjx\Client\MyLuaGame\frameworks\pokemon_proj_tc_qd\proj.android\app\build\intermediates\assets\androidpack\x64\src\config\brave_challenge\achievement.lua compile ok
E:\cnkdjx\Client\MyLuaGame\frameworks\pokemon_proj_tc_qd\proj.android\app\build\intermediates\assets\androidpack\x64\src\config\brave_challenge\badge.lua luajit 64 ok
E:\cnkdjx\Client\MyLuaGame\frameworks\pokemon_proj_tc_qd\proj.android\app\build\intermediates\assets\androidpack\x64\src\config\brave_challenge\badge.lua compile ok
E:\cnkdjx\Client\MyLuaGame\frameworks\pokemon_proj_tc_qd\proj.android\app\build\intermediates\assets\androidpack\x64\src\config\brave_challenge\badge_gen.lua luajit 64 ok
E:\cnkdjx\Client\MyLuaGame\frameworks\pokemon_proj_tc_qd\proj.android\app\build\intermediates\assets\androidpack\x64\src\config\brave_challenge\badge_gen.lua compile ok
E:\cnkdjx\Client\MyLuaGame\frameworks\pokemon_proj_tc_qd\proj.android\app\build\intermediates\assets\androidpack\x64\src\config\brave_challenge\base.lua luajit 64 ok
E:\cnkdjx\Client\MyLuaGame\frameworks\pokemon_proj_tc_qd\proj.android\app\build\intermediates\assets\androidpack\x64\src\config\brave_challenge\base.lua compile ok
E:\cnkdjx\Client\MyLuaGame\frameworks\pokemon_proj_tc_qd\proj.android\app\build\intermediates\assets\androidpack\x64\src\config\brave_challenge\cards.lua luajit 64 ok
E:\cnkdjx\Client\MyLuaGame\frameworks\pokemon_proj_tc_qd\proj.android\app\build\intermediates\assets\androidpack\x64\src\config\brave_challenge\cards.lua compile ok
E:\cnkdjx\Client\MyLuaGame\frameworks\pokemon_proj_tc_qd\proj.android\app\build\intermediates\assets\androidpack\x64\src\config\brave_challenge\floor.lua luajit 64 ok
E:\cnkdjx\Client\MyLuaGame\frameworks\pokemon_proj_tc_qd\proj.android\app\build\intermediates\assets\androidpack\x64\src\config\brave_challenge\floor.lua compile ok
E:\cnkdjx\Client\MyLuaGame\frameworks\pokemon_proj_tc_qd\proj.android\app\build\intermediates\assets\androidpack\x64\src\config\brave_challenge\monster.lua luajit 64 ok
E:\cnkdjx\Client\MyLuaGame\frameworks\pokemon_proj_tc_qd\proj.android\app\build\intermediates\assets\androidpack\x64\src\config\brave_challenge\monster.lua compile ok
E:\cnkdjx\Client\MyLuaGame\frameworks\pokemon_proj_tc_qd\proj.android\app\build\intermediates\assets\androidpack\x64\src\config\brave_challenge\open.lua luajit 64 ok
E:\cnkdjx\Client\MyLuaGame\frameworks\pokemon_proj_tc_qd\proj.android\app\build\intermediates\assets\androidpack\x64\src\config\brave_challenge\open.lua compile ok
E:\cnkdjx\Client\MyLuaGame\frameworks\pokemon_proj_tc_qd\proj.android\app\build\intermediates\assets\androidpack\x64\src\config\brave_challenge\team.lua luajit 64 ok
E:\cnkdjx\Client\MyLuaGame\frameworks\pokemon_proj_tc_qd\proj.android\app\build\intermediates\assets\androidpack\x64\src\config\brave_challenge\team.lua compile ok
E:\cnkdjx\Client\MyLuaGame\frameworks\pokemon_proj_tc_qd\proj.android\app\build\intermediates\assets\androidpack\x64\src\config\capture\base.lua luajit 64 ok
E:\cnkdjx\Client\MyLuaGame\frameworks\pokemon_proj_tc_qd\proj.android\app\build\intermediates\assets\androidpack\x64\src\config\capture\base.lua compile ok
E:\cnkdjx\Client\MyLuaGame\frameworks\pokemon_proj_tc_qd\proj.android\app\build\intermediates\assets\androidpack\x64\src\config\capture\level.lua luajit 64 ok
E:\cnkdjx\Client\MyLuaGame\frameworks\pokemon_proj_tc_qd\proj.android\app\build\intermediates\assets\androidpack\x64\src\config\capture\level.lua compile ok
E:\cnkdjx\Client\MyLuaGame\frameworks\pokemon_proj_tc_qd\proj.android\app\build\intermediates\assets\androidpack\x64\src\config\capture\probability.lua luajit 64 ok
E:\cnkdjx\Client\MyLuaGame\frameworks\pokemon_proj_tc_qd\proj.android\app\build\intermediates\assets\androidpack\x64\src\config\capture\probability.lua compile ok
E:\cnkdjx\Client\MyLuaGame\frameworks\pokemon_proj_tc_qd\proj.android\app\build\intermediates\assets\androidpack\x64\src\config\capture\random.lua luajit 64 ok
E:\cnkdjx\Client\MyLuaGame\frameworks\pokemon_proj_tc_qd\proj.android\app\build\intermediates\assets\androidpack\x64\src\config\capture\random.lua compile ok
E:\cnkdjx\Client\MyLuaGame\frameworks\pokemon_proj_tc_qd\proj.android\app\build\intermediates\assets\androidpack\x64\src\config\capture\sprite.lua luajit 64 ok
E:\cnkdjx\Client\MyLuaGame\frameworks\pokemon_proj_tc_qd\proj.android\app\build\intermediates\assets\androidpack\x64\src\config\capture\sprite.lua compile ok
E:\cnkdjx\Client\MyLuaGame\frameworks\pokemon_proj_tc_qd\proj.android\app\build\intermediates\assets\androidpack\x64\src\config\chip\chips.lua luajit 64 ok
E:\cnkdjx\Client\MyLuaGame\frameworks\pokemon_proj_tc_qd\proj.android\app\build\intermediates\assets\androidpack\x64\src\config\chip\chips.lua compile ok
E:\cnkdjx\Client\MyLuaGame\frameworks\pokemon_proj_tc_qd\proj.android\app\build\intermediates\assets\androidpack\x64\src\config\chip\libs.lua luajit 64 ok
E:\cnkdjx\Client\MyLuaGame\frameworks\pokemon_proj_tc_qd\proj.android\app\build\intermediates\assets\androidpack\x64\src\config\chip\libs.lua compile ok
E:\cnkdjx\Client\MyLuaGame\frameworks\pokemon_proj_tc_qd\proj.android\app\build\intermediates\assets\androidpack\x64\src\config\chip\main_attr.lua luajit 64 ok
E:\cnkdjx\Client\MyLuaGame\frameworks\pokemon_proj_tc_qd\proj.android\app\build\intermediates\assets\androidpack\x64\src\config\chip\main_attr.lua compile ok
E:\cnkdjx\Client\MyLuaGame\frameworks\pokemon_proj_tc_qd\proj.android\app\build\intermediates\assets\androidpack\x64\src\config\chip\recast_cost.lua luajit 64 ok
E:\cnkdjx\Client\MyLuaGame\frameworks\pokemon_proj_tc_qd\proj.android\app\build\intermediates\assets\androidpack\x64\src\config\chip\recast_cost.lua compile ok
E:\cnkdjx\Client\MyLuaGame\frameworks\pokemon_proj_tc_qd\proj.android\app\build\intermediates\assets\androidpack\x64\src\config\chip\resonance.lua luajit 64 ok
E:\cnkdjx\Client\MyLuaGame\frameworks\pokemon_proj_tc_qd\proj.android\app\build\intermediates\assets\androidpack\x64\src\config\chip\resonance.lua compile ok
E:\cnkdjx\Client\MyLuaGame\frameworks\pokemon_proj_tc_qd\proj.android\app\build\intermediates\assets\androidpack\x64\src\config\chip\strength_cost.lua luajit 64 ok
E:\cnkdjx\Client\MyLuaGame\frameworks\pokemon_proj_tc_qd\proj.android\app\build\intermediates\assets\androidpack\x64\src\config\chip\strength_cost.lua compile ok
E:\cnkdjx\Client\MyLuaGame\frameworks\pokemon_proj_tc_qd\proj.android\app\build\intermediates\assets\androidpack\x64\src\config\chip\suits.lua luajit 64 ok
E:\cnkdjx\Client\MyLuaGame\frameworks\pokemon_proj_tc_qd\proj.android\app\build\intermediates\assets\androidpack\x64\src\config\chip\suits.lua compile ok
E:\cnkdjx\Client\MyLuaGame\frameworks\pokemon_proj_tc_qd\proj.android\app\build\intermediates\assets\androidpack\x64\src\config\clone\award.lua luajit 64 ok
E:\cnkdjx\Client\MyLuaGame\frameworks\pokemon_proj_tc_qd\proj.android\app\build\intermediates\assets\androidpack\x64\src\config\clone\award.lua compile ok
E:\cnkdjx\Client\MyLuaGame\frameworks\pokemon_proj_tc_qd\proj.android\app\build\intermediates\assets\androidpack\x64\src\config\clone\battle.lua luajit 64 ok
E:\cnkdjx\Client\MyLuaGame\frameworks\pokemon_proj_tc_qd\proj.android\app\build\intermediates\assets\androidpack\x64\src\config\clone\battle.lua compile ok
E:\cnkdjx\Client\MyLuaGame\frameworks\pokemon_proj_tc_qd\proj.android\app\build\intermediates\assets\androidpack\x64\src\config\clone\draw_box_cost.lua luajit 64 ok
E:\cnkdjx\Client\MyLuaGame\frameworks\pokemon_proj_tc_qd\proj.android\app\build\intermediates\assets\androidpack\x64\src\config\clone\draw_box_cost.lua compile ok
E:\cnkdjx\Client\MyLuaGame\frameworks\pokemon_proj_tc_qd\proj.android\app\build\intermediates\assets\androidpack\x64\src\config\clone\monster.lua luajit 64 ok
E:\cnkdjx\Client\MyLuaGame\frameworks\pokemon_proj_tc_qd\proj.android\app\build\intermediates\assets\androidpack\x64\src\config\clone\monster.lua compile ok
E:\cnkdjx\Client\MyLuaGame\frameworks\pokemon_proj_tc_qd\proj.android\app\build\intermediates\assets\androidpack\x64\src\config\clone\nature.lua luajit 64 ok
E:\cnkdjx\Client\MyLuaGame\frameworks\pokemon_proj_tc_qd\proj.android\app\build\intermediates\assets\androidpack\x64\src\config\clone\nature.lua compile ok
E:\cnkdjx\Client\MyLuaGame\frameworks\pokemon_proj_tc_qd\proj.android\app\build\intermediates\assets\androidpack\x64\src\config\clone\rarity.lua luajit 64 ok
E:\cnkdjx\Client\MyLuaGame\frameworks\pokemon_proj_tc_qd\proj.android\app\build\intermediates\assets\androidpack\x64\src\config\clone\rarity.lua compile ok
E:\cnkdjx\Client\MyLuaGame\frameworks\pokemon_proj_tc_qd\proj.android\app\build\intermediates\assets\androidpack\x64\src\config\craft\base.lua luajit 64 ok
E:\cnkdjx\Client\MyLuaGame\frameworks\pokemon_proj_tc_qd\proj.android\app\build\intermediates\assets\androidpack\x64\src\config\craft\base.lua compile ok
E:\cnkdjx\Client\MyLuaGame\frameworks\pokemon_proj_tc_qd\proj.android\app\build\intermediates\assets\androidpack\x64\src\config\craft\buffs.lua luajit 64 ok
E:\cnkdjx\Client\MyLuaGame\frameworks\pokemon_proj_tc_qd\proj.android\app\build\intermediates\assets\androidpack\x64\src\config\craft\buffs.lua compile ok
E:\cnkdjx\Client\MyLuaGame\frameworks\pokemon_proj_tc_qd\proj.android\app\build\intermediates\assets\androidpack\x64\src\config\craft\craft_special_rule.lua luajit 64 ok
E:\cnkdjx\Client\MyLuaGame\frameworks\pokemon_proj_tc_qd\proj.android\app\build\intermediates\assets\androidpack\x64\src\config\craft\craft_special_rule.lua compile ok
E:\cnkdjx\Client\MyLuaGame\frameworks\pokemon_proj_tc_qd\proj.android\app\build\intermediates\assets\androidpack\x64\src\config\craft\rank.lua luajit 64 ok
E:\cnkdjx\Client\MyLuaGame\frameworks\pokemon_proj_tc_qd\proj.android\app\build\intermediates\assets\androidpack\x64\src\config\craft\rank.lua compile ok
E:\cnkdjx\Client\MyLuaGame\frameworks\pokemon_proj_tc_qd\proj.android\app\build\intermediates\assets\androidpack\x64\src\config\craft\robot_card.lua luajit 64 ok
E:\cnkdjx\Client\MyLuaGame\frameworks\pokemon_proj_tc_qd\proj.android\app\build\intermediates\assets\androidpack\x64\src\config\craft\robot_card.lua compile ok
E:\cnkdjx\Client\MyLuaGame\frameworks\pokemon_proj_tc_qd\proj.android\app\build\intermediates\assets\androidpack\x64\src\config\craft\robot_level.lua luajit 64 ok
E:\cnkdjx\Client\MyLuaGame\frameworks\pokemon_proj_tc_qd\proj.android\app\build\intermediates\assets\androidpack\x64\src\config\craft\robot_level.lua compile ok
E:\cnkdjx\Client\MyLuaGame\frameworks\pokemon_proj_tc_qd\proj.android\app\build\intermediates\assets\androidpack\x64\src\config\craft\robot_num.lua luajit 64 ok
E:\cnkdjx\Client\MyLuaGame\frameworks\pokemon_proj_tc_qd\proj.android\app\build\intermediates\assets\androidpack\x64\src\config\craft\robot_num.lua compile ok
E:\cnkdjx\Client\MyLuaGame\frameworks\pokemon_proj_tc_qd\proj.android\app\build\intermediates\assets\androidpack\x64\src\config\craft\shop.lua luajit 64 ok
E:\cnkdjx\Client\MyLuaGame\frameworks\pokemon_proj_tc_qd\proj.android\app\build\intermediates\assets\androidpack\x64\src\config\craft\shop.lua compile ok
E:\cnkdjx\Client\MyLuaGame\frameworks\pokemon_proj_tc_qd\proj.android\app\build\intermediates\assets\androidpack\x64\src\config\cross\chat_service.lua luajit 64 ok
E:\cnkdjx\Client\MyLuaGame\frameworks\pokemon_proj_tc_qd\proj.android\app\build\intermediates\assets\androidpack\x64\src\config\cross\chat_service.lua compile ok
E:\cnkdjx\Client\MyLuaGame\frameworks\pokemon_proj_tc_qd\proj.android\app\build\intermediates\assets\androidpack\x64\src\config\cross\service.lua luajit 64 ok
E:\cnkdjx\Client\MyLuaGame\frameworks\pokemon_proj_tc_qd\proj.android\app\build\intermediates\assets\androidpack\x64\src\config\cross\service.lua compile ok
E:\cnkdjx\Client\MyLuaGame\frameworks\pokemon_proj_tc_qd\proj.android\app\build\intermediates\assets\androidpack\x64\src\config\cross\arena\base.lua luajit 64 ok
E:\cnkdjx\Client\MyLuaGame\frameworks\pokemon_proj_tc_qd\proj.android\app\build\intermediates\assets\androidpack\x64\src\config\cross\arena\base.lua compile ok
E:\cnkdjx\Client\MyLuaGame\frameworks\pokemon_proj_tc_qd\proj.android\app\build\intermediates\assets\androidpack\x64\src\config\cross\arena\cross_arena_battle_fix.lua luajit 64 ok
E:\cnkdjx\Client\MyLuaGame\frameworks\pokemon_proj_tc_qd\proj.android\app\build\intermediates\assets\androidpack\x64\src\config\cross\arena\cross_arena_battle_fix.lua compile ok
E:\cnkdjx\Client\MyLuaGame\frameworks\pokemon_proj_tc_qd\proj.android\app\build\intermediates\assets\androidpack\x64\src\config\cross\arena\daily_award.lua luajit 64 ok
E:\cnkdjx\Client\MyLuaGame\frameworks\pokemon_proj_tc_qd\proj.android\app\build\intermediates\assets\androidpack\x64\src\config\cross\arena\daily_award.lua compile ok
E:\cnkdjx\Client\MyLuaGame\frameworks\pokemon_proj_tc_qd\proj.android\app\build\intermediates\assets\androidpack\x64\src\config\cross\arena\pw_matching.lua luajit 64 ok
E:\cnkdjx\Client\MyLuaGame\frameworks\pokemon_proj_tc_qd\proj.android\app\build\intermediates\assets\androidpack\x64\src\config\cross\arena\pw_matching.lua compile ok
E:\cnkdjx\Client\MyLuaGame\frameworks\pokemon_proj_tc_qd\proj.android\app\build\intermediates\assets\androidpack\x64\src\config\cross\arena\robot.lua luajit 64 ok
E:\cnkdjx\Client\MyLuaGame\frameworks\pokemon_proj_tc_qd\proj.android\app\build\intermediates\assets\androidpack\x64\src\config\cross\arena\robot.lua compile ok
E:\cnkdjx\Client\MyLuaGame\frameworks\pokemon_proj_tc_qd\proj.android\app\build\intermediates\assets\androidpack\x64\src\config\cross\arena\robot_fix.lua luajit 64 ok
E:\cnkdjx\Client\MyLuaGame\frameworks\pokemon_proj_tc_qd\proj.android\app\build\intermediates\assets\androidpack\x64\src\config\cross\arena\robot_fix.lua compile ok
E:\cnkdjx\Client\MyLuaGame\frameworks\pokemon_proj_tc_qd\proj.android\app\build\intermediates\assets\androidpack\x64\src\config\cross\arena\robot_monsters.lua luajit 64 ok
E:\cnkdjx\Client\MyLuaGame\frameworks\pokemon_proj_tc_qd\proj.android\app\build\intermediates\assets\androidpack\x64\src\config\cross\arena\robot_monsters.lua compile ok
E:\cnkdjx\Client\MyLuaGame\frameworks\pokemon_proj_tc_qd\proj.android\app\build\intermediates\assets\androidpack\x64\src\config\cross\arena\robot_monster_level.lua luajit 64 ok
E:\cnkdjx\Client\MyLuaGame\frameworks\pokemon_proj_tc_qd\proj.android\app\build\intermediates\assets\androidpack\x64\src\config\cross\arena\robot_monster_level.lua compile ok
E:\cnkdjx\Client\MyLuaGame\frameworks\pokemon_proj_tc_qd\proj.android\app\build\intermediates\assets\androidpack\x64\src\config\cross\arena\shop.lua luajit 64 ok
E:\cnkdjx\Client\MyLuaGame\frameworks\pokemon_proj_tc_qd\proj.android\app\build\intermediates\assets\androidpack\x64\src\config\cross\arena\shop.lua compile ok
E:\cnkdjx\Client\MyLuaGame\frameworks\pokemon_proj_tc_qd\proj.android\app\build\intermediates\assets\androidpack\x64\src\config\cross\arena\stage.lua luajit 64 ok
E:\cnkdjx\Client\MyLuaGame\frameworks\pokemon_proj_tc_qd\proj.android\app\build\intermediates\assets\androidpack\x64\src\config\cross\arena\stage.lua compile ok
E:\cnkdjx\Client\MyLuaGame\frameworks\pokemon_proj_tc_qd\proj.android\app\build\intermediates\assets\androidpack\x64\src\config\cross\craft\base.lua luajit 64 ok
E:\cnkdjx\Client\MyLuaGame\frameworks\pokemon_proj_tc_qd\proj.android\app\build\intermediates\assets\androidpack\x64\src\config\cross\craft\base.lua compile ok
E:\cnkdjx\Client\MyLuaGame\frameworks\pokemon_proj_tc_qd\proj.android\app\build\intermediates\assets\androidpack\x64\src\config\cross\craft\buffs.lua luajit 64 ok
E:\cnkdjx\Client\MyLuaGame\frameworks\pokemon_proj_tc_qd\proj.android\app\build\intermediates\assets\androidpack\x64\src\config\cross\craft\buffs.lua compile ok
E:\cnkdjx\Client\MyLuaGame\frameworks\pokemon_proj_tc_qd\proj.android\app\build\intermediates\assets\androidpack\x64\src\config\cross\craft\halo_fix.lua luajit 64 ok
E:\cnkdjx\Client\MyLuaGame\frameworks\pokemon_proj_tc_qd\proj.android\app\build\intermediates\assets\androidpack\x64\src\config\cross\craft\halo_fix.lua compile ok
E:\cnkdjx\Client\MyLuaGame\frameworks\pokemon_proj_tc_qd\proj.android\app\build\intermediates\assets\androidpack\x64\src\config\cross\craft\rank.lua luajit 64 ok
E:\cnkdjx\Client\MyLuaGame\frameworks\pokemon_proj_tc_qd\proj.android\app\build\intermediates\assets\androidpack\x64\src\config\cross\craft\rank.lua compile ok
E:\cnkdjx\Client\MyLuaGame\frameworks\pokemon_proj_tc_qd\proj.android\app\build\intermediates\assets\androidpack\x64\src\config\cross\craft\robot.lua luajit 64 ok
E:\cnkdjx\Client\MyLuaGame\frameworks\pokemon_proj_tc_qd\proj.android\app\build\intermediates\assets\androidpack\x64\src\config\cross\craft\robot.lua compile ok
E:\cnkdjx\Client\MyLuaGame\frameworks\pokemon_proj_tc_qd\proj.android\app\build\intermediates\assets\androidpack\x64\src\config\cross\craft\robot_num.lua luajit 64 ok
E:\cnkdjx\Client\MyLuaGame\frameworks\pokemon_proj_tc_qd\proj.android\app\build\intermediates\assets\androidpack\x64\src\config\cross\craft\robot_num.lua compile ok
E:\cnkdjx\Client\MyLuaGame\frameworks\pokemon_proj_tc_qd\proj.android\app\build\intermediates\assets\androidpack\x64\src\config\cross\craft\shop.lua luajit 64 ok
E:\cnkdjx\Client\MyLuaGame\frameworks\pokemon_proj_tc_qd\proj.android\app\build\intermediates\assets\androidpack\x64\src\config\cross\craft\shop.lua compile ok
E:\cnkdjx\Client\MyLuaGame\frameworks\pokemon_proj_tc_qd\proj.android\app\build\intermediates\assets\androidpack\x64\src\config\cross\fishing\base.lua luajit 64 ok
E:\cnkdjx\Client\MyLuaGame\frameworks\pokemon_proj_tc_qd\proj.android\app\build\intermediates\assets\androidpack\x64\src\config\cross\fishing\base.lua compile ok
E:\cnkdjx\Client\MyLuaGame\frameworks\pokemon_proj_tc_qd\proj.android\app\build\intermediates\assets\androidpack\x64\src\config\cross\fishing\rank.lua luajit 64 ok
E:\cnkdjx\Client\MyLuaGame\frameworks\pokemon_proj_tc_qd\proj.android\app\build\intermediates\assets\androidpack\x64\src\config\cross\fishing\rank.lua compile ok
E:\cnkdjx\Client\MyLuaGame\frameworks\pokemon_proj_tc_qd\proj.android\app\build\intermediates\assets\androidpack\x64\src\config\cross\gym\base.lua luajit 64 ok
E:\cnkdjx\Client\MyLuaGame\frameworks\pokemon_proj_tc_qd\proj.android\app\build\intermediates\assets\androidpack\x64\src\config\cross\gym\base.lua compile ok
E:\cnkdjx\Client\MyLuaGame\frameworks\pokemon_proj_tc_qd\proj.android\app\build\intermediates\assets\androidpack\x64\src\config\cross\horse_race\base.lua luajit 64 ok
E:\cnkdjx\Client\MyLuaGame\frameworks\pokemon_proj_tc_qd\proj.android\app\build\intermediates\assets\androidpack\x64\src\config\cross\horse_race\base.lua compile ok
E:\cnkdjx\Client\MyLuaGame\frameworks\pokemon_proj_tc_qd\proj.android\app\build\intermediates\assets\androidpack\x64\src\config\cross\horse_race\horse_race_card.lua luajit 64 ok
E:\cnkdjx\Client\MyLuaGame\frameworks\pokemon_proj_tc_qd\proj.android\app\build\intermediates\assets\androidpack\x64\src\config\cross\horse_race\horse_race_card.lua compile ok
E:\cnkdjx\Client\MyLuaGame\frameworks\pokemon_proj_tc_qd\proj.android\app\build\intermediates\assets\androidpack\x64\src\config\cross\hunting\base.lua luajit 64 ok
E:\cnkdjx\Client\MyLuaGame\frameworks\pokemon_proj_tc_qd\proj.android\app\build\intermediates\assets\androidpack\x64\src\config\cross\hunting\base.lua compile ok
E:\cnkdjx\Client\MyLuaGame\frameworks\pokemon_proj_tc_qd\proj.android\app\build\intermediates\assets\androidpack\x64\src\config\cross\hunting\battle_cards.lua luajit 64 ok
E:\cnkdjx\Client\MyLuaGame\frameworks\pokemon_proj_tc_qd\proj.android\app\build\intermediates\assets\androidpack\x64\src\config\cross\hunting\battle_cards.lua compile ok
E:\cnkdjx\Client\MyLuaGame\frameworks\pokemon_proj_tc_qd\proj.android\app\build\intermediates\assets\androidpack\x64\src\config\cross\hunting\battle_fix.lua luajit 64 ok
E:\cnkdjx\Client\MyLuaGame\frameworks\pokemon_proj_tc_qd\proj.android\app\build\intermediates\assets\androidpack\x64\src\config\cross\hunting\battle_fix.lua compile ok
E:\cnkdjx\Client\MyLuaGame\frameworks\pokemon_proj_tc_qd\proj.android\app\build\intermediates\assets\androidpack\x64\src\config\cross\hunting\buffs.lua luajit 64 ok
E:\cnkdjx\Client\MyLuaGame\frameworks\pokemon_proj_tc_qd\proj.android\app\build\intermediates\assets\androidpack\x64\src\config\cross\hunting\buffs.lua compile ok
E:\cnkdjx\Client\MyLuaGame\frameworks\pokemon_proj_tc_qd\proj.android\app\build\intermediates\assets\androidpack\x64\src\config\cross\hunting\defence_num.lua luajit 64 ok
E:\cnkdjx\Client\MyLuaGame\frameworks\pokemon_proj_tc_qd\proj.android\app\build\intermediates\assets\androidpack\x64\src\config\cross\hunting\defence_num.lua compile ok
E:\cnkdjx\Client\MyLuaGame\frameworks\pokemon_proj_tc_qd\proj.android\app\build\intermediates\assets\androidpack\x64\src\config\cross\hunting\gate.lua luajit 64 ok
E:\cnkdjx\Client\MyLuaGame\frameworks\pokemon_proj_tc_qd\proj.android\app\build\intermediates\assets\androidpack\x64\src\config\cross\hunting\gate.lua compile ok
E:\cnkdjx\Client\MyLuaGame\frameworks\pokemon_proj_tc_qd\proj.android\app\build\intermediates\assets\androidpack\x64\src\config\cross\hunting\route.lua luajit 64 ok
E:\cnkdjx\Client\MyLuaGame\frameworks\pokemon_proj_tc_qd\proj.android\app\build\intermediates\assets\androidpack\x64\src\config\cross\hunting\route.lua compile ok
E:\cnkdjx\Client\MyLuaGame\frameworks\pokemon_proj_tc_qd\proj.android\app\build\intermediates\assets\androidpack\x64\src\config\cross\hunting\shop.lua luajit 64 ok
E:\cnkdjx\Client\MyLuaGame\frameworks\pokemon_proj_tc_qd\proj.android\app\build\intermediates\assets\androidpack\x64\src\config\cross\hunting\shop.lua compile ok
E:\cnkdjx\Client\MyLuaGame\frameworks\pokemon_proj_tc_qd\proj.android\app\build\intermediates\assets\androidpack\x64\src\config\cross\hunting\supply.lua luajit 64 ok
E:\cnkdjx\Client\MyLuaGame\frameworks\pokemon_proj_tc_qd\proj.android\app\build\intermediates\assets\androidpack\x64\src\config\cross\hunting\supply.lua compile ok
E:\cnkdjx\Client\MyLuaGame\frameworks\pokemon_proj_tc_qd\proj.android\app\build\intermediates\assets\androidpack\x64\src\config\cross\mine\base.lua luajit 64 ok
E:\cnkdjx\Client\MyLuaGame\frameworks\pokemon_proj_tc_qd\proj.android\app\build\intermediates\assets\androidpack\x64\src\config\cross\mine\base.lua compile ok
E:\cnkdjx\Client\MyLuaGame\frameworks\pokemon_proj_tc_qd\proj.android\app\build\intermediates\assets\androidpack\x64\src\config\cross\mine\boss.lua luajit 64 ok
E:\cnkdjx\Client\MyLuaGame\frameworks\pokemon_proj_tc_qd\proj.android\app\build\intermediates\assets\androidpack\x64\src\config\cross\mine\boss.lua compile ok
E:\cnkdjx\Client\MyLuaGame\frameworks\pokemon_proj_tc_qd\proj.android\app\build\intermediates\assets\androidpack\x64\src\config\cross\mine\boss_figure.lua luajit 64 ok
E:\cnkdjx\Client\MyLuaGame\frameworks\pokemon_proj_tc_qd\proj.android\app\build\intermediates\assets\androidpack\x64\src\config\cross\mine\boss_figure.lua compile ok
E:\cnkdjx\Client\MyLuaGame\frameworks\pokemon_proj_tc_qd\proj.android\app\build\intermediates\assets\androidpack\x64\src\config\cross\mine\boss_hp_fix.lua luajit 64 ok
E:\cnkdjx\Client\MyLuaGame\frameworks\pokemon_proj_tc_qd\proj.android\app\build\intermediates\assets\androidpack\x64\src\config\cross\mine\boss_hp_fix.lua compile ok
E:\cnkdjx\Client\MyLuaGame\frameworks\pokemon_proj_tc_qd\proj.android\app\build\intermediates\assets\androidpack\x64\src\config\cross\mine\boss_rank_award.lua luajit 64 ok
E:\cnkdjx\Client\MyLuaGame\frameworks\pokemon_proj_tc_qd\proj.android\app\build\intermediates\assets\androidpack\x64\src\config\cross\mine\boss_rank_award.lua compile ok
E:\cnkdjx\Client\MyLuaGame\frameworks\pokemon_proj_tc_qd\proj.android\app\build\intermediates\assets\androidpack\x64\src\config\cross\mine\buff_add.lua luajit 64 ok
E:\cnkdjx\Client\MyLuaGame\frameworks\pokemon_proj_tc_qd\proj.android\app\build\intermediates\assets\androidpack\x64\src\config\cross\mine\buff_add.lua compile ok
E:\cnkdjx\Client\MyLuaGame\frameworks\pokemon_proj_tc_qd\proj.android\app\build\intermediates\assets\androidpack\x64\src\config\cross\mine\buff_feed.lua luajit 64 ok
E:\cnkdjx\Client\MyLuaGame\frameworks\pokemon_proj_tc_qd\proj.android\app\build\intermediates\assets\androidpack\x64\src\config\cross\mine\buff_feed.lua compile ok
E:\cnkdjx\Client\MyLuaGame\frameworks\pokemon_proj_tc_qd\proj.android\app\build\intermediates\assets\androidpack\x64\src\config\cross\mine\building.lua luajit 64 ok
E:\cnkdjx\Client\MyLuaGame\frameworks\pokemon_proj_tc_qd\proj.android\app\build\intermediates\assets\androidpack\x64\src\config\cross\mine\building.lua compile ok
E:\cnkdjx\Client\MyLuaGame\frameworks\pokemon_proj_tc_qd\proj.android\app\build\intermediates\assets\androidpack\x64\src\config\cross\mine\event_lib.lua luajit 64 ok
E:\cnkdjx\Client\MyLuaGame\frameworks\pokemon_proj_tc_qd\proj.android\app\build\intermediates\assets\androidpack\x64\src\config\cross\mine\event_lib.lua compile ok
E:\cnkdjx\Client\MyLuaGame\frameworks\pokemon_proj_tc_qd\proj.android\app\build\intermediates\assets\androidpack\x64\src\config\cross\mine\event_times.lua luajit 64 ok
E:\cnkdjx\Client\MyLuaGame\frameworks\pokemon_proj_tc_qd\proj.android\app\build\intermediates\assets\androidpack\x64\src\config\cross\mine\event_times.lua compile ok
E:\cnkdjx\Client\MyLuaGame\frameworks\pokemon_proj_tc_qd\proj.android\app\build\intermediates\assets\androidpack\x64\src\config\cross\mine\match.lua luajit 64 ok
E:\cnkdjx\Client\MyLuaGame\frameworks\pokemon_proj_tc_qd\proj.android\app\build\intermediates\assets\androidpack\x64\src\config\cross\mine\match.lua compile ok
E:\cnkdjx\Client\MyLuaGame\frameworks\pokemon_proj_tc_qd\proj.android\app\build\intermediates\assets\androidpack\x64\src\config\cross\mine\npc.lua luajit 64 ok
E:\cnkdjx\Client\MyLuaGame\frameworks\pokemon_proj_tc_qd\proj.android\app\build\intermediates\assets\androidpack\x64\src\config\cross\mine\npc.lua compile ok
E:\cnkdjx\Client\MyLuaGame\frameworks\pokemon_proj_tc_qd\proj.android\app\build\intermediates\assets\androidpack\x64\src\config\cross\mine\patrol.lua luajit 64 ok
E:\cnkdjx\Client\MyLuaGame\frameworks\pokemon_proj_tc_qd\proj.android\app\build\intermediates\assets\androidpack\x64\src\config\cross\mine\patrol.lua compile ok
E:\cnkdjx\Client\MyLuaGame\frameworks\pokemon_proj_tc_qd\proj.android\app\build\intermediates\assets\androidpack\x64\src\config\cross\mine\rank.lua luajit 64 ok
E:\cnkdjx\Client\MyLuaGame\frameworks\pokemon_proj_tc_qd\proj.android\app\build\intermediates\assets\androidpack\x64\src\config\cross\mine\rank.lua compile ok
E:\cnkdjx\Client\MyLuaGame\frameworks\pokemon_proj_tc_qd\proj.android\app\build\intermediates\assets\androidpack\x64\src\config\cross\mine\rob.lua luajit 64 ok
E:\cnkdjx\Client\MyLuaGame\frameworks\pokemon_proj_tc_qd\proj.android\app\build\intermediates\assets\androidpack\x64\src\config\cross\mine\rob.lua compile ok
E:\cnkdjx\Client\MyLuaGame\frameworks\pokemon_proj_tc_qd\proj.android\app\build\intermediates\assets\androidpack\x64\src\config\cross\mine\role_award.lua luajit 64 ok
E:\cnkdjx\Client\MyLuaGame\frameworks\pokemon_proj_tc_qd\proj.android\app\build\intermediates\assets\androidpack\x64\src\config\cross\mine\role_award.lua compile ok
E:\cnkdjx\Client\MyLuaGame\frameworks\pokemon_proj_tc_qd\proj.android\app\build\intermediates\assets\androidpack\x64\src\config\cross\mine\shop.lua luajit 64 ok
E:\cnkdjx\Client\MyLuaGame\frameworks\pokemon_proj_tc_qd\proj.android\app\build\intermediates\assets\androidpack\x64\src\config\cross\mine\shop.lua compile ok
E:\cnkdjx\Client\MyLuaGame\frameworks\pokemon_proj_tc_qd\proj.android\app\build\intermediates\assets\androidpack\x64\src\config\cross\online_fight\banpick.lua luajit 64 ok
E:\cnkdjx\Client\MyLuaGame\frameworks\pokemon_proj_tc_qd\proj.android\app\build\intermediates\assets\androidpack\x64\src\config\cross\online_fight\banpick.lua compile ok
E:\cnkdjx\Client\MyLuaGame\frameworks\pokemon_proj_tc_qd\proj.android\app\build\intermediates\assets\androidpack\x64\src\config\cross\online_fight\base.lua luajit 64 ok
E:\cnkdjx\Client\MyLuaGame\frameworks\pokemon_proj_tc_qd\proj.android\app\build\intermediates\assets\androidpack\x64\src\config\cross\online_fight\base.lua compile ok
E:\cnkdjx\Client\MyLuaGame\frameworks\pokemon_proj_tc_qd\proj.android\app\build\intermediates\assets\androidpack\x64\src\config\cross\online_fight\cards.lua luajit 64 ok
E:\cnkdjx\Client\MyLuaGame\frameworks\pokemon_proj_tc_qd\proj.android\app\build\intermediates\assets\androidpack\x64\src\config\cross\online_fight\cards.lua compile ok
E:\cnkdjx\Client\MyLuaGame\frameworks\pokemon_proj_tc_qd\proj.android\app\build\intermediates\assets\androidpack\x64\src\config\cross\online_fight\expand_servers.lua luajit 64 ok
E:\cnkdjx\Client\MyLuaGame\frameworks\pokemon_proj_tc_qd\proj.android\app\build\intermediates\assets\androidpack\x64\src\config\cross\online_fight\expand_servers.lua compile ok
E:\cnkdjx\Client\MyLuaGame\frameworks\pokemon_proj_tc_qd\proj.android\app\build\intermediates\assets\androidpack\x64\src\config\cross\online_fight\final_award.lua luajit 64 ok
E:\cnkdjx\Client\MyLuaGame\frameworks\pokemon_proj_tc_qd\proj.android\app\build\intermediates\assets\androidpack\x64\src\config\cross\online_fight\final_award.lua compile ok
E:\cnkdjx\Client\MyLuaGame\frameworks\pokemon_proj_tc_qd\proj.android\app\build\intermediates\assets\androidpack\x64\src\config\cross\online_fight\match.lua luajit 64 ok
E:\cnkdjx\Client\MyLuaGame\frameworks\pokemon_proj_tc_qd\proj.android\app\build\intermediates\assets\androidpack\x64\src\config\cross\online_fight\match.lua compile ok
E:\cnkdjx\Client\MyLuaGame\frameworks\pokemon_proj_tc_qd\proj.android\app\build\intermediates\assets\androidpack\x64\src\config\cross\online_fight\newbie_protect.lua luajit 64 ok
E:\cnkdjx\Client\MyLuaGame\frameworks\pokemon_proj_tc_qd\proj.android\app\build\intermediates\assets\androidpack\x64\src\config\cross\online_fight\newbie_protect.lua compile ok
E:\cnkdjx\Client\MyLuaGame\frameworks\pokemon_proj_tc_qd\proj.android\app\build\intermediates\assets\androidpack\x64\src\config\cross\online_fight\shop.lua luajit 64 ok
E:\cnkdjx\Client\MyLuaGame\frameworks\pokemon_proj_tc_qd\proj.android\app\build\intermediates\assets\androidpack\x64\src\config\cross\online_fight\shop.lua compile ok
E:\cnkdjx\Client\MyLuaGame\frameworks\pokemon_proj_tc_qd\proj.android\app\build\intermediates\assets\androidpack\x64\src\config\cross\online_fight\talent.lua luajit 64 ok
E:\cnkdjx\Client\MyLuaGame\frameworks\pokemon_proj_tc_qd\proj.android\app\build\intermediates\assets\androidpack\x64\src\config\cross\online_fight\talent.lua compile ok
E:\cnkdjx\Client\MyLuaGame\frameworks\pokemon_proj_tc_qd\proj.android\app\build\intermediates\assets\androidpack\x64\src\config\cross\online_fight\team.lua luajit 64 ok
E:\cnkdjx\Client\MyLuaGame\frameworks\pokemon_proj_tc_qd\proj.android\app\build\intermediates\assets\androidpack\x64\src\config\cross\online_fight\team.lua compile ok
E:\cnkdjx\Client\MyLuaGame\frameworks\pokemon_proj_tc_qd\proj.android\app\build\intermediates\assets\androidpack\x64\src\config\cross\online_fight\theme.lua luajit 64 ok
E:\cnkdjx\Client\MyLuaGame\frameworks\pokemon_proj_tc_qd\proj.android\app\build\intermediates\assets\androidpack\x64\src\config\cross\online_fight\theme.lua compile ok
E:\cnkdjx\Client\MyLuaGame\frameworks\pokemon_proj_tc_qd\proj.android\app\build\intermediates\assets\androidpack\x64\src\config\cross\online_fight\theme_open.lua luajit 64 ok
E:\cnkdjx\Client\MyLuaGame\frameworks\pokemon_proj_tc_qd\proj.android\app\build\intermediates\assets\androidpack\x64\src\config\cross\online_fight\theme_open.lua compile ok
E:\cnkdjx\Client\MyLuaGame\frameworks\pokemon_proj_tc_qd\proj.android\app\build\intermediates\assets\androidpack\x64\src\config\cross\online_fight\weekly_award.lua luajit 64 ok
E:\cnkdjx\Client\MyLuaGame\frameworks\pokemon_proj_tc_qd\proj.android\app\build\intermediates\assets\androidpack\x64\src\config\cross\online_fight\weekly_award.lua compile ok
E:\cnkdjx\Client\MyLuaGame\frameworks\pokemon_proj_tc_qd\proj.android\app\build\intermediates\assets\androidpack\x64\src\config\cross\online_fight\weekly_target.lua luajit 64 ok
E:\cnkdjx\Client\MyLuaGame\frameworks\pokemon_proj_tc_qd\proj.android\app\build\intermediates\assets\androidpack\x64\src\config\cross\online_fight\weekly_target.lua compile ok
E:\cnkdjx\Client\MyLuaGame\frameworks\pokemon_proj_tc_qd\proj.android\app\build\intermediates\assets\androidpack\x64\src\config\cross\supremacy\barrage.lua luajit 64 ok
E:\cnkdjx\Client\MyLuaGame\frameworks\pokemon_proj_tc_qd\proj.android\app\build\intermediates\assets\androidpack\x64\src\config\cross\supremacy\barrage.lua compile ok
E:\cnkdjx\Client\MyLuaGame\frameworks\pokemon_proj_tc_qd\proj.android\app\build\intermediates\assets\androidpack\x64\src\config\cross\supremacy\base.lua luajit 64 ok
E:\cnkdjx\Client\MyLuaGame\frameworks\pokemon_proj_tc_qd\proj.android\app\build\intermediates\assets\androidpack\x64\src\config\cross\supremacy\base.lua compile ok
E:\cnkdjx\Client\MyLuaGame\frameworks\pokemon_proj_tc_qd\proj.android\app\build\intermediates\assets\androidpack\x64\src\config\cross\supremacy\division.lua luajit 64 ok
E:\cnkdjx\Client\MyLuaGame\frameworks\pokemon_proj_tc_qd\proj.android\app\build\intermediates\assets\androidpack\x64\src\config\cross\supremacy\division.lua compile ok
E:\cnkdjx\Client\MyLuaGame\frameworks\pokemon_proj_tc_qd\proj.android\app\build\intermediates\assets\androidpack\x64\src\config\cross\supremacy\elite.lua luajit 64 ok
E:\cnkdjx\Client\MyLuaGame\frameworks\pokemon_proj_tc_qd\proj.android\app\build\intermediates\assets\androidpack\x64\src\config\cross\supremacy\elite.lua compile ok
E:\cnkdjx\Client\MyLuaGame\frameworks\pokemon_proj_tc_qd\proj.android\app\build\intermediates\assets\androidpack\x64\src\config\cross\supremacy\grade.lua luajit 64 ok
E:\cnkdjx\Client\MyLuaGame\frameworks\pokemon_proj_tc_qd\proj.android\app\build\intermediates\assets\androidpack\x64\src\config\cross\supremacy\grade.lua compile ok
E:\cnkdjx\Client\MyLuaGame\frameworks\pokemon_proj_tc_qd\proj.android\app\build\intermediates\assets\androidpack\x64\src\config\cross\supremacy\match.lua luajit 64 ok
E:\cnkdjx\Client\MyLuaGame\frameworks\pokemon_proj_tc_qd\proj.android\app\build\intermediates\assets\androidpack\x64\src\config\cross\supremacy\match.lua compile ok
E:\cnkdjx\Client\MyLuaGame\frameworks\pokemon_proj_tc_qd\proj.android\app\build\intermediates\assets\androidpack\x64\src\config\cross\supremacy\rank.lua luajit 64 ok
E:\cnkdjx\Client\MyLuaGame\frameworks\pokemon_proj_tc_qd\proj.android\app\build\intermediates\assets\androidpack\x64\src\config\cross\supremacy\rank.lua compile ok
E:\cnkdjx\Client\MyLuaGame\frameworks\pokemon_proj_tc_qd\proj.android\app\build\intermediates\assets\androidpack\x64\src\config\cross\supremacy\robots.lua luajit 64 ok
E:\cnkdjx\Client\MyLuaGame\frameworks\pokemon_proj_tc_qd\proj.android\app\build\intermediates\assets\androidpack\x64\src\config\cross\supremacy\robots.lua compile ok
E:\cnkdjx\Client\MyLuaGame\frameworks\pokemon_proj_tc_qd\proj.android\app\build\intermediates\assets\androidpack\x64\src\config\cross\supremacy\robot_level.lua luajit 64 ok
E:\cnkdjx\Client\MyLuaGame\frameworks\pokemon_proj_tc_qd\proj.android\app\build\intermediates\assets\androidpack\x64\src\config\cross\supremacy\robot_level.lua compile ok
E:\cnkdjx\Client\MyLuaGame\frameworks\pokemon_proj_tc_qd\proj.android\app\build\intermediates\assets\androidpack\x64\src\config\cross\supremacy\shop.lua luajit 64 ok
E:\cnkdjx\Client\MyLuaGame\frameworks\pokemon_proj_tc_qd\proj.android\app\build\intermediates\assets\androidpack\x64\src\config\cross\supremacy\shop.lua compile ok
E:\cnkdjx\Client\MyLuaGame\frameworks\pokemon_proj_tc_qd\proj.android\app\build\intermediates\assets\androidpack\x64\src\config\cross\supremacy\week_award.lua luajit 64 ok
E:\cnkdjx\Client\MyLuaGame\frameworks\pokemon_proj_tc_qd\proj.android\app\build\intermediates\assets\androidpack\x64\src\config\cross\supremacy\week_award.lua compile ok
E:\cnkdjx\Client\MyLuaGame\frameworks\pokemon_proj_tc_qd\proj.android\app\build\intermediates\assets\androidpack\x64\src\config\cross\union_fight\base.lua luajit 64 ok
E:\cnkdjx\Client\MyLuaGame\frameworks\pokemon_proj_tc_qd\proj.android\app\build\intermediates\assets\androidpack\x64\src\config\cross\union_fight\base.lua compile ok
E:\cnkdjx\Client\MyLuaGame\frameworks\pokemon_proj_tc_qd\proj.android\app\build\intermediates\assets\androidpack\x64\src\config\cross\union_fight\battle_fix.lua luajit 64 ok
E:\cnkdjx\Client\MyLuaGame\frameworks\pokemon_proj_tc_qd\proj.android\app\build\intermediates\assets\androidpack\x64\src\config\cross\union_fight\battle_fix.lua compile ok
E:\cnkdjx\Client\MyLuaGame\frameworks\pokemon_proj_tc_qd\proj.android\app\build\intermediates\assets\androidpack\x64\src\config\cross\union_fight\play_point.lua luajit 64 ok
E:\cnkdjx\Client\MyLuaGame\frameworks\pokemon_proj_tc_qd\proj.android\app\build\intermediates\assets\androidpack\x64\src\config\cross\union_fight\play_point.lua compile ok
E:\cnkdjx\Client\MyLuaGame\frameworks\pokemon_proj_tc_qd\proj.android\app\build\intermediates\assets\androidpack\x64\src\config\cross\union_fight\rank_award.lua luajit 64 ok
E:\cnkdjx\Client\MyLuaGame\frameworks\pokemon_proj_tc_qd\proj.android\app\build\intermediates\assets\androidpack\x64\src\config\cross\union_fight\rank_award.lua compile ok
E:\cnkdjx\Client\MyLuaGame\frameworks\pokemon_proj_tc_qd\proj.android\app\build\intermediates\assets\androidpack\x64\src\config\cross\union_qa\base.lua luajit 64 ok
E:\cnkdjx\Client\MyLuaGame\frameworks\pokemon_proj_tc_qd\proj.android\app\build\intermediates\assets\androidpack\x64\src\config\cross\union_qa\base.lua compile ok
E:\cnkdjx\Client\MyLuaGame\frameworks\pokemon_proj_tc_qd\proj.android\app\build\intermediates\assets\androidpack\x64\src\config\cross\union_qa\role_rank.lua luajit 64 ok
E:\cnkdjx\Client\MyLuaGame\frameworks\pokemon_proj_tc_qd\proj.android\app\build\intermediates\assets\androidpack\x64\src\config\cross\union_qa\role_rank.lua compile ok
E:\cnkdjx\Client\MyLuaGame\frameworks\pokemon_proj_tc_qd\proj.android\app\build\intermediates\assets\androidpack\x64\src\config\cross\union_qa\union_rank.lua luajit 64 ok
E:\cnkdjx\Client\MyLuaGame\frameworks\pokemon_proj_tc_qd\proj.android\app\build\intermediates\assets\androidpack\x64\src\config\cross\union_qa\union_rank.lua compile ok
E:\cnkdjx\Client\MyLuaGame\frameworks\pokemon_proj_tc_qd\proj.android\app\build\intermediates\assets\androidpack\x64\src\config\dispatch_task\fighting_point.lua luajit 64 ok
E:\cnkdjx\Client\MyLuaGame\frameworks\pokemon_proj_tc_qd\proj.android\app\build\intermediates\assets\androidpack\x64\src\config\dispatch_task\fighting_point.lua compile ok
E:\cnkdjx\Client\MyLuaGame\frameworks\pokemon_proj_tc_qd\proj.android\app\build\intermediates\assets\androidpack\x64\src\config\dispatch_task\rankdom.lua luajit 64 ok
E:\cnkdjx\Client\MyLuaGame\frameworks\pokemon_proj_tc_qd\proj.android\app\build\intermediates\assets\androidpack\x64\src\config\dispatch_task\rankdom.lua compile ok
E:\cnkdjx\Client\MyLuaGame\frameworks\pokemon_proj_tc_qd\proj.android\app\build\intermediates\assets\androidpack\x64\src\config\dispatch_task\tasks.lua luajit 64 ok
E:\cnkdjx\Client\MyLuaGame\frameworks\pokemon_proj_tc_qd\proj.android\app\build\intermediates\assets\androidpack\x64\src\config\dispatch_task\tasks.lua compile ok
E:\cnkdjx\Client\MyLuaGame\frameworks\pokemon_proj_tc_qd\proj.android\app\build\intermediates\assets\androidpack\x64\src\config\explorer\ability.lua luajit 64 ok
E:\cnkdjx\Client\MyLuaGame\frameworks\pokemon_proj_tc_qd\proj.android\app\build\intermediates\assets\androidpack\x64\src\config\explorer\ability.lua compile ok
E:\cnkdjx\Client\MyLuaGame\frameworks\pokemon_proj_tc_qd\proj.android\app\build\intermediates\assets\androidpack\x64\src\config\explorer\component.lua luajit 64 ok
E:\cnkdjx\Client\MyLuaGame\frameworks\pokemon_proj_tc_qd\proj.android\app\build\intermediates\assets\androidpack\x64\src\config\explorer\component.lua compile ok
E:\cnkdjx\Client\MyLuaGame\frameworks\pokemon_proj_tc_qd\proj.android\app\build\intermediates\assets\androidpack\x64\src\config\explorer\component_level.lua luajit 64 ok
E:\cnkdjx\Client\MyLuaGame\frameworks\pokemon_proj_tc_qd\proj.android\app\build\intermediates\assets\androidpack\x64\src\config\explorer\component_level.lua compile ok
E:\cnkdjx\Client\MyLuaGame\frameworks\pokemon_proj_tc_qd\proj.android\app\build\intermediates\assets\androidpack\x64\src\config\explorer\explorer.lua luajit 64 ok
E:\cnkdjx\Client\MyLuaGame\frameworks\pokemon_proj_tc_qd\proj.android\app\build\intermediates\assets\androidpack\x64\src\config\explorer\explorer.lua compile ok
E:\cnkdjx\Client\MyLuaGame\frameworks\pokemon_proj_tc_qd\proj.android\app\build\intermediates\assets\androidpack\x64\src\config\explorer\explorer_advance.lua luajit 64 ok
E:\cnkdjx\Client\MyLuaGame\frameworks\pokemon_proj_tc_qd\proj.android\app\build\intermediates\assets\androidpack\x64\src\config\explorer\explorer_advance.lua compile ok
E:\cnkdjx\Client\MyLuaGame\frameworks\pokemon_proj_tc_qd\proj.android\app\build\intermediates\assets\androidpack\x64\src\config\explorer\explorer_effect.lua luajit 64 ok
E:\cnkdjx\Client\MyLuaGame\frameworks\pokemon_proj_tc_qd\proj.android\app\build\intermediates\assets\androidpack\x64\src\config\explorer\explorer_effect.lua compile ok
E:\cnkdjx\Client\MyLuaGame\frameworks\pokemon_proj_tc_qd\proj.android\app\build\intermediates\assets\androidpack\x64\src\config\explorer\explorer_shop.lua luajit 64 ok
E:\cnkdjx\Client\MyLuaGame\frameworks\pokemon_proj_tc_qd\proj.android\app\build\intermediates\assets\androidpack\x64\src\config\explorer\explorer_shop.lua compile ok
E:\cnkdjx\Client\MyLuaGame\frameworks\pokemon_proj_tc_qd\proj.android\app\build\intermediates\assets\androidpack\x64\src\config\fishing\bait.lua luajit 64 ok
E:\cnkdjx\Client\MyLuaGame\frameworks\pokemon_proj_tc_qd\proj.android\app\build\intermediates\assets\androidpack\x64\src\config\fishing\bait.lua compile ok
E:\cnkdjx\Client\MyLuaGame\frameworks\pokemon_proj_tc_qd\proj.android\app\build\intermediates\assets\androidpack\x64\src\config\fishing\fish.lua luajit 64 ok
E:\cnkdjx\Client\MyLuaGame\frameworks\pokemon_proj_tc_qd\proj.android\app\build\intermediates\assets\androidpack\x64\src\config\fishing\fish.lua compile ok
E:\cnkdjx\Client\MyLuaGame\frameworks\pokemon_proj_tc_qd\proj.android\app\build\intermediates\assets\androidpack\x64\src\config\fishing\level.lua luajit 64 ok
E:\cnkdjx\Client\MyLuaGame\frameworks\pokemon_proj_tc_qd\proj.android\app\build\intermediates\assets\androidpack\x64\src\config\fishing\level.lua compile ok
E:\cnkdjx\Client\MyLuaGame\frameworks\pokemon_proj_tc_qd\proj.android\app\build\intermediates\assets\androidpack\x64\src\config\fishing\partner.lua luajit 64 ok
E:\cnkdjx\Client\MyLuaGame\frameworks\pokemon_proj_tc_qd\proj.android\app\build\intermediates\assets\androidpack\x64\src\config\fishing\partner.lua compile ok
E:\cnkdjx\Client\MyLuaGame\frameworks\pokemon_proj_tc_qd\proj.android\app\build\intermediates\assets\androidpack\x64\src\config\fishing\rod.lua luajit 64 ok
E:\cnkdjx\Client\MyLuaGame\frameworks\pokemon_proj_tc_qd\proj.android\app\build\intermediates\assets\androidpack\x64\src\config\fishing\rod.lua compile ok
E:\cnkdjx\Client\MyLuaGame\frameworks\pokemon_proj_tc_qd\proj.android\app\build\intermediates\assets\androidpack\x64\src\config\fishing\scene.lua luajit 64 ok
E:\cnkdjx\Client\MyLuaGame\frameworks\pokemon_proj_tc_qd\proj.android\app\build\intermediates\assets\androidpack\x64\src\config\fishing\scene.lua compile ok
E:\cnkdjx\Client\MyLuaGame\frameworks\pokemon_proj_tc_qd\proj.android\app\build\intermediates\assets\androidpack\x64\src\config\fishing\shop.lua luajit 64 ok
E:\cnkdjx\Client\MyLuaGame\frameworks\pokemon_proj_tc_qd\proj.android\app\build\intermediates\assets\androidpack\x64\src\config\fishing\shop.lua compile ok
E:\cnkdjx\Client\MyLuaGame\frameworks\pokemon_proj_tc_qd\proj.android\app\build\intermediates\assets\androidpack\x64\src\config\gem\cost.lua luajit 64 ok
E:\cnkdjx\Client\MyLuaGame\frameworks\pokemon_proj_tc_qd\proj.android\app\build\intermediates\assets\androidpack\x64\src\config\gem\cost.lua compile ok
E:\cnkdjx\Client\MyLuaGame\frameworks\pokemon_proj_tc_qd\proj.android\app\build\intermediates\assets\androidpack\x64\src\config\gem\gem.lua luajit 64 ok
E:\cnkdjx\Client\MyLuaGame\frameworks\pokemon_proj_tc_qd\proj.android\app\build\intermediates\assets\androidpack\x64\src\config\gem\gem.lua compile ok
E:\cnkdjx\Client\MyLuaGame\frameworks\pokemon_proj_tc_qd\proj.android\app\build\intermediates\assets\androidpack\x64\src\config\gem\pos.lua luajit 64 ok
E:\cnkdjx\Client\MyLuaGame\frameworks\pokemon_proj_tc_qd\proj.android\app\build\intermediates\assets\androidpack\x64\src\config\gem\pos.lua compile ok
E:\cnkdjx\Client\MyLuaGame\frameworks\pokemon_proj_tc_qd\proj.android\app\build\intermediates\assets\androidpack\x64\src\config\gem\quality.lua luajit 64 ok
E:\cnkdjx\Client\MyLuaGame\frameworks\pokemon_proj_tc_qd\proj.android\app\build\intermediates\assets\androidpack\x64\src\config\gem\quality.lua compile ok
E:\cnkdjx\Client\MyLuaGame\frameworks\pokemon_proj_tc_qd\proj.android\app\build\intermediates\assets\androidpack\x64\src\config\gem\quality_attrs.lua luajit 64 ok
E:\cnkdjx\Client\MyLuaGame\frameworks\pokemon_proj_tc_qd\proj.android\app\build\intermediates\assets\androidpack\x64\src\config\gem\quality_attrs.lua compile ok
E:\cnkdjx\Client\MyLuaGame\frameworks\pokemon_proj_tc_qd\proj.android\app\build\intermediates\assets\androidpack\x64\src\config\gem\suit.lua luajit 64 ok
E:\cnkdjx\Client\MyLuaGame\frameworks\pokemon_proj_tc_qd\proj.android\app\build\intermediates\assets\androidpack\x64\src\config\gem\suit.lua compile ok
E:\cnkdjx\Client\MyLuaGame\frameworks\pokemon_proj_tc_qd\proj.android\app\build\intermediates\assets\androidpack\x64\src\config\gym\gate.lua luajit 64 ok
E:\cnkdjx\Client\MyLuaGame\frameworks\pokemon_proj_tc_qd\proj.android\app\build\intermediates\assets\androidpack\x64\src\config\gym\gate.lua compile ok
E:\cnkdjx\Client\MyLuaGame\frameworks\pokemon_proj_tc_qd\proj.android\app\build\intermediates\assets\androidpack\x64\src\config\gym\gym.lua luajit 64 ok
E:\cnkdjx\Client\MyLuaGame\frameworks\pokemon_proj_tc_qd\proj.android\app\build\intermediates\assets\androidpack\x64\src\config\gym\gym.lua compile ok
E:\cnkdjx\Client\MyLuaGame\frameworks\pokemon_proj_tc_qd\proj.android\app\build\intermediates\assets\androidpack\x64\src\config\gym\npc.lua luajit 64 ok
E:\cnkdjx\Client\MyLuaGame\frameworks\pokemon_proj_tc_qd\proj.android\app\build\intermediates\assets\androidpack\x64\src\config\gym\npc.lua compile ok
E:\cnkdjx\Client\MyLuaGame\frameworks\pokemon_proj_tc_qd\proj.android\app\build\intermediates\assets\androidpack\x64\src\config\gym\talent_buff.lua luajit 64 ok
E:\cnkdjx\Client\MyLuaGame\frameworks\pokemon_proj_tc_qd\proj.android\app\build\intermediates\assets\androidpack\x64\src\config\gym\talent_buff.lua compile ok
E:\cnkdjx\Client\MyLuaGame\frameworks\pokemon_proj_tc_qd\proj.android\app\build\intermediates\assets\androidpack\x64\src\config\gym\talent_cost.lua luajit 64 ok
E:\cnkdjx\Client\MyLuaGame\frameworks\pokemon_proj_tc_qd\proj.android\app\build\intermediates\assets\androidpack\x64\src\config\gym\talent_cost.lua compile ok
E:\cnkdjx\Client\MyLuaGame\frameworks\pokemon_proj_tc_qd\proj.android\app\build\intermediates\assets\androidpack\x64\src\config\gym\talent_tree.lua luajit 64 ok
E:\cnkdjx\Client\MyLuaGame\frameworks\pokemon_proj_tc_qd\proj.android\app\build\intermediates\assets\androidpack\x64\src\config\gym\talent_tree.lua compile ok
E:\cnkdjx\Client\MyLuaGame\frameworks\pokemon_proj_tc_qd\proj.android\app\build\intermediates\assets\androidpack\x64\src\config\gym_badge\awake_cost.lua luajit 64 ok
E:\cnkdjx\Client\MyLuaGame\frameworks\pokemon_proj_tc_qd\proj.android\app\build\intermediates\assets\androidpack\x64\src\config\gym_badge\awake_cost.lua compile ok
E:\cnkdjx\Client\MyLuaGame\frameworks\pokemon_proj_tc_qd\proj.android\app\build\intermediates\assets\androidpack\x64\src\config\gym_badge\badge.lua luajit 64 ok
E:\cnkdjx\Client\MyLuaGame\frameworks\pokemon_proj_tc_qd\proj.android\app\build\intermediates\assets\androidpack\x64\src\config\gym_badge\badge.lua compile ok
E:\cnkdjx\Client\MyLuaGame\frameworks\pokemon_proj_tc_qd\proj.android\app\build\intermediates\assets\androidpack\x64\src\config\gym_badge\guard.lua luajit 64 ok
E:\cnkdjx\Client\MyLuaGame\frameworks\pokemon_proj_tc_qd\proj.android\app\build\intermediates\assets\androidpack\x64\src\config\gym_badge\guard.lua compile ok
E:\cnkdjx\Client\MyLuaGame\frameworks\pokemon_proj_tc_qd\proj.android\app\build\intermediates\assets\androidpack\x64\src\config\gym_badge\guard_effect.lua luajit 64 ok
E:\cnkdjx\Client\MyLuaGame\frameworks\pokemon_proj_tc_qd\proj.android\app\build\intermediates\assets\androidpack\x64\src\config\gym_badge\guard_effect.lua compile ok
E:\cnkdjx\Client\MyLuaGame\frameworks\pokemon_proj_tc_qd\proj.android\app\build\intermediates\assets\androidpack\x64\src\config\gym_badge\talent.lua luajit 64 ok
E:\cnkdjx\Client\MyLuaGame\frameworks\pokemon_proj_tc_qd\proj.android\app\build\intermediates\assets\androidpack\x64\src\config\gym_badge\talent.lua compile ok
E:\cnkdjx\Client\MyLuaGame\frameworks\pokemon_proj_tc_qd\proj.android\app\build\intermediates\assets\androidpack\x64\src\config\gym_badge\talent_cost.lua luajit 64 ok
E:\cnkdjx\Client\MyLuaGame\frameworks\pokemon_proj_tc_qd\proj.android\app\build\intermediates\assets\androidpack\x64\src\config\gym_badge\talent_cost.lua compile ok
E:\cnkdjx\Client\MyLuaGame\frameworks\pokemon_proj_tc_qd\proj.android\app\build\intermediates\assets\androidpack\x64\src\config\held_item\advance.lua luajit 64 ok
E:\cnkdjx\Client\MyLuaGame\frameworks\pokemon_proj_tc_qd\proj.android\app\build\intermediates\assets\androidpack\x64\src\config\held_item\advance.lua compile ok
E:\cnkdjx\Client\MyLuaGame\frameworks\pokemon_proj_tc_qd\proj.android\app\build\intermediates\assets\androidpack\x64\src\config\held_item\advance_attrs.lua luajit 64 ok
E:\cnkdjx\Client\MyLuaGame\frameworks\pokemon_proj_tc_qd\proj.android\app\build\intermediates\assets\androidpack\x64\src\config\held_item\advance_attrs.lua compile ok
E:\cnkdjx\Client\MyLuaGame\frameworks\pokemon_proj_tc_qd\proj.android\app\build\intermediates\assets\androidpack\x64\src\config\held_item\effect.lua luajit 64 ok
E:\cnkdjx\Client\MyLuaGame\frameworks\pokemon_proj_tc_qd\proj.android\app\build\intermediates\assets\androidpack\x64\src\config\held_item\effect.lua compile ok
E:\cnkdjx\Client\MyLuaGame\frameworks\pokemon_proj_tc_qd\proj.android\app\build\intermediates\assets\androidpack\x64\src\config\held_item\items.lua luajit 64 ok
E:\cnkdjx\Client\MyLuaGame\frameworks\pokemon_proj_tc_qd\proj.android\app\build\intermediates\assets\androidpack\x64\src\config\held_item\items.lua compile ok
E:\cnkdjx\Client\MyLuaGame\frameworks\pokemon_proj_tc_qd\proj.android\app\build\intermediates\assets\androidpack\x64\src\config\held_item\level.lua luajit 64 ok
E:\cnkdjx\Client\MyLuaGame\frameworks\pokemon_proj_tc_qd\proj.android\app\build\intermediates\assets\androidpack\x64\src\config\held_item\level.lua compile ok
E:\cnkdjx\Client\MyLuaGame\frameworks\pokemon_proj_tc_qd\proj.android\app\build\intermediates\assets\androidpack\x64\src\config\held_item\level_attrs.lua luajit 64 ok
E:\cnkdjx\Client\MyLuaGame\frameworks\pokemon_proj_tc_qd\proj.android\app\build\intermediates\assets\androidpack\x64\src\config\held_item\level_attrs.lua compile ok
E:\cnkdjx\Client\MyLuaGame\frameworks\pokemon_proj_tc_qd\proj.android\app\build\intermediates\assets\androidpack\x64\src\config\held_item\shop.lua luajit 64 ok
E:\cnkdjx\Client\MyLuaGame\frameworks\pokemon_proj_tc_qd\proj.android\app\build\intermediates\assets\androidpack\x64\src\config\held_item\shop.lua compile ok
E:\cnkdjx\Client\MyLuaGame\frameworks\pokemon_proj_tc_qd\proj.android\app\build\intermediates\assets\androidpack\x64\src\config\homeland\furniture.lua luajit 64 ok
E:\cnkdjx\Client\MyLuaGame\frameworks\pokemon_proj_tc_qd\proj.android\app\build\intermediates\assets\androidpack\x64\src\config\homeland\furniture.lua compile ok
E:\cnkdjx\Client\MyLuaGame\frameworks\pokemon_proj_tc_qd\proj.android\app\build\intermediates\assets\androidpack\x64\src\config\homeland\home.lua luajit 64 ok
E:\cnkdjx\Client\MyLuaGame\frameworks\pokemon_proj_tc_qd\proj.android\app\build\intermediates\assets\androidpack\x64\src\config\homeland\home.lua compile ok
E:\cnkdjx\Client\MyLuaGame\frameworks\pokemon_proj_tc_qd\proj.android\app\build\intermediates\assets\androidpack\x64\src\config\homeland\home_default.lua luajit 64 ok
E:\cnkdjx\Client\MyLuaGame\frameworks\pokemon_proj_tc_qd\proj.android\app\build\intermediates\assets\androidpack\x64\src\config\homeland\home_default.lua compile ok
E:\cnkdjx\Client\MyLuaGame\frameworks\pokemon_proj_tc_qd\proj.android\app\build\intermediates\assets\androidpack\x64\src\config\homeland\wall_floor.lua luajit 64 ok
E:\cnkdjx\Client\MyLuaGame\frameworks\pokemon_proj_tc_qd\proj.android\app\build\intermediates\assets\androidpack\x64\src\config\homeland\wall_floor.lua compile ok
E:\cnkdjx\Client\MyLuaGame\frameworks\pokemon_proj_tc_qd\proj.android\app\build\intermediates\assets\androidpack\x64\src\config\limit_drops\random_drops.lua luajit 64 ok
E:\cnkdjx\Client\MyLuaGame\frameworks\pokemon_proj_tc_qd\proj.android\app\build\intermediates\assets\androidpack\x64\src\config\limit_drops\random_drops.lua compile ok
E:\cnkdjx\Client\MyLuaGame\frameworks\pokemon_proj_tc_qd\proj.android\app\build\intermediates\assets\androidpack\x64\src\config\limit_drops\stable_drops.lua luajit 64 ok
E:\cnkdjx\Client\MyLuaGame\frameworks\pokemon_proj_tc_qd\proj.android\app\build\intermediates\assets\androidpack\x64\src\config\limit_drops\stable_drops.lua compile ok
E:\cnkdjx\Client\MyLuaGame\frameworks\pokemon_proj_tc_qd\proj.android\app\build\intermediates\assets\androidpack\x64\src\config\random_tower\board.lua luajit 64 ok
E:\cnkdjx\Client\MyLuaGame\frameworks\pokemon_proj_tc_qd\proj.android\app\build\intermediates\assets\androidpack\x64\src\config\random_tower\board.lua compile ok
E:\cnkdjx\Client\MyLuaGame\frameworks\pokemon_proj_tc_qd\proj.android\app\build\intermediates\assets\androidpack\x64\src\config\random_tower\buffs.lua luajit 64 ok
E:\cnkdjx\Client\MyLuaGame\frameworks\pokemon_proj_tc_qd\proj.android\app\build\intermediates\assets\androidpack\x64\src\config\random_tower\buffs.lua compile ok
E:\cnkdjx\Client\MyLuaGame\frameworks\pokemon_proj_tc_qd\proj.android\app\build\intermediates\assets\androidpack\x64\src\config\random_tower\can_jump.lua luajit 64 ok
E:\cnkdjx\Client\MyLuaGame\frameworks\pokemon_proj_tc_qd\proj.android\app\build\intermediates\assets\androidpack\x64\src\config\random_tower\can_jump.lua compile ok
E:\cnkdjx\Client\MyLuaGame\frameworks\pokemon_proj_tc_qd\proj.android\app\build\intermediates\assets\androidpack\x64\src\config\random_tower\can_pass.lua luajit 64 ok
E:\cnkdjx\Client\MyLuaGame\frameworks\pokemon_proj_tc_qd\proj.android\app\build\intermediates\assets\androidpack\x64\src\config\random_tower\can_pass.lua compile ok
E:\cnkdjx\Client\MyLuaGame\frameworks\pokemon_proj_tc_qd\proj.android\app\build\intermediates\assets\androidpack\x64\src\config\random_tower\event.lua luajit 64 ok
E:\cnkdjx\Client\MyLuaGame\frameworks\pokemon_proj_tc_qd\proj.android\app\build\intermediates\assets\androidpack\x64\src\config\random_tower\event.lua compile ok
E:\cnkdjx\Client\MyLuaGame\frameworks\pokemon_proj_tc_qd\proj.android\app\build\intermediates\assets\androidpack\x64\src\config\random_tower\monsters.lua luajit 64 ok
E:\cnkdjx\Client\MyLuaGame\frameworks\pokemon_proj_tc_qd\proj.android\app\build\intermediates\assets\androidpack\x64\src\config\random_tower\monsters.lua compile ok
E:\cnkdjx\Client\MyLuaGame\frameworks\pokemon_proj_tc_qd\proj.android\app\build\intermediates\assets\androidpack\x64\src\config\random_tower\monster_level.lua luajit 64 ok
E:\cnkdjx\Client\MyLuaGame\frameworks\pokemon_proj_tc_qd\proj.android\app\build\intermediates\assets\androidpack\x64\src\config\random_tower\monster_level.lua compile ok
E:\cnkdjx\Client\MyLuaGame\frameworks\pokemon_proj_tc_qd\proj.android\app\build\intermediates\assets\androidpack\x64\src\config\random_tower\point.lua luajit 64 ok
E:\cnkdjx\Client\MyLuaGame\frameworks\pokemon_proj_tc_qd\proj.android\app\build\intermediates\assets\androidpack\x64\src\config\random_tower\point.lua compile ok
E:\cnkdjx\Client\MyLuaGame\frameworks\pokemon_proj_tc_qd\proj.android\app\build\intermediates\assets\androidpack\x64\src\config\random_tower\point_award.lua luajit 64 ok
E:\cnkdjx\Client\MyLuaGame\frameworks\pokemon_proj_tc_qd\proj.android\app\build\intermediates\assets\androidpack\x64\src\config\random_tower\point_award.lua compile ok
E:\cnkdjx\Client\MyLuaGame\frameworks\pokemon_proj_tc_qd\proj.android\app\build\intermediates\assets\androidpack\x64\src\config\random_tower\point_award_version.lua luajit 64 ok
E:\cnkdjx\Client\MyLuaGame\frameworks\pokemon_proj_tc_qd\proj.android\app\build\intermediates\assets\androidpack\x64\src\config\random_tower\point_award_version.lua compile ok
E:\cnkdjx\Client\MyLuaGame\frameworks\pokemon_proj_tc_qd\proj.android\app\build\intermediates\assets\androidpack\x64\src\config\random_tower\rank_award.lua luajit 64 ok
E:\cnkdjx\Client\MyLuaGame\frameworks\pokemon_proj_tc_qd\proj.android\app\build\intermediates\assets\androidpack\x64\src\config\random_tower\rank_award.lua compile ok
E:\cnkdjx\Client\MyLuaGame\frameworks\pokemon_proj_tc_qd\proj.android\app\build\intermediates\assets\androidpack\x64\src\config\random_tower\shop.lua luajit 64 ok
E:\cnkdjx\Client\MyLuaGame\frameworks\pokemon_proj_tc_qd\proj.android\app\build\intermediates\assets\androidpack\x64\src\config\random_tower\shop.lua compile ok
E:\cnkdjx\Client\MyLuaGame\frameworks\pokemon_proj_tc_qd\proj.android\app\build\intermediates\assets\androidpack\x64\src\config\random_tower\tower.lua luajit 64 ok
E:\cnkdjx\Client\MyLuaGame\frameworks\pokemon_proj_tc_qd\proj.android\app\build\intermediates\assets\androidpack\x64\src\config\random_tower\tower.lua compile ok
E:\cnkdjx\Client\MyLuaGame\frameworks\pokemon_proj_tc_qd\proj.android\app\build\intermediates\assets\androidpack\x64\src\config\sdk\sdk_activity.lua luajit 64 ok
E:\cnkdjx\Client\MyLuaGame\frameworks\pokemon_proj_tc_qd\proj.android\app\build\intermediates\assets\androidpack\x64\src\config\sdk\sdk_activity.lua compile ok
E:\cnkdjx\Client\MyLuaGame\frameworks\pokemon_proj_tc_qd\proj.android\app\build\intermediates\assets\androidpack\x64\src\config\sdk\sdk_gift.lua luajit 64 ok
E:\cnkdjx\Client\MyLuaGame\frameworks\pokemon_proj_tc_qd\proj.android\app\build\intermediates\assets\androidpack\x64\src\config\sdk\sdk_gift.lua compile ok
E:\cnkdjx\Client\MyLuaGame\frameworks\pokemon_proj_tc_qd\proj.android\app\build\intermediates\assets\androidpack\x64\src\config\server\merge.lua luajit 64 ok
E:\cnkdjx\Client\MyLuaGame\frameworks\pokemon_proj_tc_qd\proj.android\app\build\intermediates\assets\androidpack\x64\src\config\server\merge.lua compile ok
E:\cnkdjx\Client\MyLuaGame\frameworks\pokemon_proj_tc_qd\proj.android\app\build\intermediates\assets\androidpack\x64\src\config\server\robot.lua luajit 64 ok
E:\cnkdjx\Client\MyLuaGame\frameworks\pokemon_proj_tc_qd\proj.android\app\build\intermediates\assets\androidpack\x64\src\config\server\robot.lua compile ok
E:\cnkdjx\Client\MyLuaGame\frameworks\pokemon_proj_tc_qd\proj.android\app\build\intermediates\assets\androidpack\x64\src\config\server\robot_lib.lua luajit 64 ok
E:\cnkdjx\Client\MyLuaGame\frameworks\pokemon_proj_tc_qd\proj.android\app\build\intermediates\assets\androidpack\x64\src\config\server\robot_lib.lua compile ok
E:\cnkdjx\Client\MyLuaGame\frameworks\pokemon_proj_tc_qd\proj.android\app\build\intermediates\assets\androidpack\x64\src\config\server\version.lua luajit 64 ok
E:\cnkdjx\Client\MyLuaGame\frameworks\pokemon_proj_tc_qd\proj.android\app\build\intermediates\assets\androidpack\x64\src\config\server\version.lua compile ok
E:\cnkdjx\Client\MyLuaGame\frameworks\pokemon_proj_tc_qd\proj.android\app\build\intermediates\assets\androidpack\x64\src\config\stage\aml.lua luajit 64 ok
E:\cnkdjx\Client\MyLuaGame\frameworks\pokemon_proj_tc_qd\proj.android\app\build\intermediates\assets\androidpack\x64\src\config\stage\aml.lua compile ok
E:\cnkdjx\Client\MyLuaGame\frameworks\pokemon_proj_tc_qd\proj.android\app\build\intermediates\assets\androidpack\x64\src\config\stage\beach.lua luajit 64 ok
E:\cnkdjx\Client\MyLuaGame\frameworks\pokemon_proj_tc_qd\proj.android\app\build\intermediates\assets\androidpack\x64\src\config\stage\beach.lua compile ok
E:\cnkdjx\Client\MyLuaGame\frameworks\pokemon_proj_tc_qd\proj.android\app\build\intermediates\assets\androidpack\x64\src\config\stage\bkgd.lua luajit 64 ok
E:\cnkdjx\Client\MyLuaGame\frameworks\pokemon_proj_tc_qd\proj.android\app\build\intermediates\assets\androidpack\x64\src\config\stage\bkgd.lua compile ok
E:\cnkdjx\Client\MyLuaGame\frameworks\pokemon_proj_tc_qd\proj.android\app\build\intermediates\assets\androidpack\x64\src\config\stage\city.lua luajit 64 ok
E:\cnkdjx\Client\MyLuaGame\frameworks\pokemon_proj_tc_qd\proj.android\app\build\intermediates\assets\androidpack\x64\src\config\stage\city.lua compile ok
E:\cnkdjx\Client\MyLuaGame\frameworks\pokemon_proj_tc_qd\proj.android\app\build\intermediates\assets\androidpack\x64\src\config\stage\dg.lua luajit 64 ok
E:\cnkdjx\Client\MyLuaGame\frameworks\pokemon_proj_tc_qd\proj.android\app\build\intermediates\assets\androidpack\x64\src\config\stage\dg.lua compile ok
E:\cnkdjx\Client\MyLuaGame\frameworks\pokemon_proj_tc_qd\proj.android\app\build\intermediates\assets\androidpack\x64\src\config\stage\djd.lua luajit 64 ok
E:\cnkdjx\Client\MyLuaGame\frameworks\pokemon_proj_tc_qd\proj.android\app\build\intermediates\assets\androidpack\x64\src\config\stage\djd.lua compile ok
E:\cnkdjx\Client\MyLuaGame\frameworks\pokemon_proj_tc_qd\proj.android\app\build\intermediates\assets\androidpack\x64\src\config\stage\dzjjc.lua luajit 64 ok
E:\cnkdjx\Client\MyLuaGame\frameworks\pokemon_proj_tc_qd\proj.android\app\build\intermediates\assets\androidpack\x64\src\config\stage\dzjjc.lua compile ok
E:\cnkdjx\Client\MyLuaGame\frameworks\pokemon_proj_tc_qd\proj.android\app\build\intermediates\assets\androidpack\x64\src\config\stage\emeng.lua luajit 64 ok
E:\cnkdjx\Client\MyLuaGame\frameworks\pokemon_proj_tc_qd\proj.android\app\build\intermediates\assets\androidpack\x64\src\config\stage\emeng.lua compile ok
E:\cnkdjx\Client\MyLuaGame\frameworks\pokemon_proj_tc_qd\proj.android\app\build\intermediates\assets\androidpack\x64\src\config\stage\ghfb.lua luajit 64 ok
E:\cnkdjx\Client\MyLuaGame\frameworks\pokemon_proj_tc_qd\proj.android\app\build\intermediates\assets\androidpack\x64\src\config\stage\ghfb.lua compile ok
E:\cnkdjx\Client\MyLuaGame\frameworks\pokemon_proj_tc_qd\proj.android\app\build\intermediates\assets\androidpack\x64\src\config\stage\ghz.lua luajit 64 ok
E:\cnkdjx\Client\MyLuaGame\frameworks\pokemon_proj_tc_qd\proj.android\app\build\intermediates\assets\androidpack\x64\src\config\stage\ghz.lua compile ok
E:\cnkdjx\Client\MyLuaGame\frameworks\pokemon_proj_tc_qd\proj.android\app\build\intermediates\assets\androidpack\x64\src\config\stage\golden.lua luajit 64 ok
E:\cnkdjx\Client\MyLuaGame\frameworks\pokemon_proj_tc_qd\proj.android\app\build\intermediates\assets\androidpack\x64\src\config\stage\golden.lua compile ok
E:\cnkdjx\Client\MyLuaGame\frameworks\pokemon_proj_tc_qd\proj.android\app\build\intermediates\assets\androidpack\x64\src\config\stage\grass.lua luajit 64 ok
E:\cnkdjx\Client\MyLuaGame\frameworks\pokemon_proj_tc_qd\proj.android\app\build\intermediates\assets\androidpack\x64\src\config\stage\grass.lua compile ok
E:\cnkdjx\Client\MyLuaGame\frameworks\pokemon_proj_tc_qd\proj.android\app\build\intermediates\assets\androidpack\x64\src\config\stage\green.lua luajit 64 ok
E:\cnkdjx\Client\MyLuaGame\frameworks\pokemon_proj_tc_qd\proj.android\app\build\intermediates\assets\androidpack\x64\src\config\stage\green.lua compile ok
E:\cnkdjx\Client\MyLuaGame\frameworks\pokemon_proj_tc_qd\proj.android\app\build\intermediates\assets\androidpack\x64\src\config\stage\hg.lua luajit 64 ok
E:\cnkdjx\Client\MyLuaGame\frameworks\pokemon_proj_tc_qd\proj.android\app\build\intermediates\assets\androidpack\x64\src\config\stage\hg.lua compile ok
E:\cnkdjx\Client\MyLuaGame\frameworks\pokemon_proj_tc_qd\proj.android\app\build\intermediates\assets\androidpack\x64\src\config\stage\ice.lua luajit 64 ok
E:\cnkdjx\Client\MyLuaGame\frameworks\pokemon_proj_tc_qd\proj.android\app\build\intermediates\assets\androidpack\x64\src\config\stage\ice.lua compile ok
E:\cnkdjx\Client\MyLuaGame\frameworks\pokemon_proj_tc_qd\proj.android\app\build\intermediates\assets\androidpack\x64\src\config\stage\jbfb.lua luajit 64 ok
E:\cnkdjx\Client\MyLuaGame\frameworks\pokemon_proj_tc_qd\proj.android\app\build\intermediates\assets\androidpack\x64\src\config\stage\jbfb.lua compile ok
E:\cnkdjx\Client\MyLuaGame\frameworks\pokemon_proj_tc_qd\proj.android\app\build\intermediates\assets\androidpack\x64\src\config\stage\jjc.lua luajit 64 ok
E:\cnkdjx\Client\MyLuaGame\frameworks\pokemon_proj_tc_qd\proj.android\app\build\intermediates\assets\androidpack\x64\src\config\stage\jjc.lua compile ok
E:\cnkdjx\Client\MyLuaGame\frameworks\pokemon_proj_tc_qd\proj.android\app\build\intermediates\assets\androidpack\x64\src\config\stage\juexing.lua luajit 64 ok
E:\cnkdjx\Client\MyLuaGame\frameworks\pokemon_proj_tc_qd\proj.android\app\build\intermediates\assets\androidpack\x64\src\config\stage\juexing.lua compile ok
E:\cnkdjx\Client\MyLuaGame\frameworks\pokemon_proj_tc_qd\proj.android\app\build\intermediates\assets\androidpack\x64\src\config\stage\jyfb.lua luajit 64 ok
E:\cnkdjx\Client\MyLuaGame\frameworks\pokemon_proj_tc_qd\proj.android\app\build\intermediates\assets\androidpack\x64\src\config\stage\jyfb.lua compile ok
E:\cnkdjx\Client\MyLuaGame\frameworks\pokemon_proj_tc_qd\proj.android\app\build\intermediates\assets\androidpack\x64\src\config\stage\kfghz.lua luajit 64 ok
E:\cnkdjx\Client\MyLuaGame\frameworks\pokemon_proj_tc_qd\proj.android\app\build\intermediates\assets\androidpack\x64\src\config\stage\kfghz.lua compile ok
E:\cnkdjx\Client\MyLuaGame\frameworks\pokemon_proj_tc_qd\proj.android\app\build\intermediates\assets\androidpack\x64\src\config\stage\kfjjc.lua luajit 64 ok
E:\cnkdjx\Client\MyLuaGame\frameworks\pokemon_proj_tc_qd\proj.android\app\build\intermediates\assets\androidpack\x64\src\config\stage\kfjjc.lua compile ok
E:\cnkdjx\Client\MyLuaGame\frameworks\pokemon_proj_tc_qd\proj.android\app\build\intermediates\assets\androidpack\x64\src\config\stage\lightred.lua luajit 64 ok
E:\cnkdjx\Client\MyLuaGame\frameworks\pokemon_proj_tc_qd\proj.android\app\build\intermediates\assets\androidpack\x64\src\config\stage\lightred.lua compile ok
E:\cnkdjx\Client\MyLuaGame\frameworks\pokemon_proj_tc_qd\proj.android\app\build\intermediates\assets\androidpack\x64\src\config\stage\mgcb.lua luajit 64 ok
E:\cnkdjx\Client\MyLuaGame\frameworks\pokemon_proj_tc_qd\proj.android\app\build\intermediates\assets\androidpack\x64\src\config\stage\mgcb.lua compile ok
E:\cnkdjx\Client\MyLuaGame\frameworks\pokemon_proj_tc_qd\proj.android\app\build\intermediates\assets\androidpack\x64\src\config\stage\naruto_fb_1_1.lua luajit 64 ok
E:\cnkdjx\Client\MyLuaGame\frameworks\pokemon_proj_tc_qd\proj.android\app\build\intermediates\assets\androidpack\x64\src\config\stage\naruto_fb_1_1.lua compile ok
E:\cnkdjx\Client\MyLuaGame\frameworks\pokemon_proj_tc_qd\proj.android\app\build\intermediates\assets\androidpack\x64\src\config\stage\nbcity.lua luajit 64 ok
E:\cnkdjx\Client\MyLuaGame\frameworks\pokemon_proj_tc_qd\proj.android\app\build\intermediates\assets\androidpack\x64\src\config\stage\nbcity.lua compile ok
E:\cnkdjx\Client\MyLuaGame\frameworks\pokemon_proj_tc_qd\proj.android\app\build\intermediates\assets\androidpack\x64\src\config\stage\night.lua luajit 64 ok
E:\cnkdjx\Client\MyLuaGame\frameworks\pokemon_proj_tc_qd\proj.android\app\build\intermediates\assets\androidpack\x64\src\config\stage\night.lua compile ok
E:\cnkdjx\Client\MyLuaGame\frameworks\pokemon_proj_tc_qd\proj.android\app\build\intermediates\assets\androidpack\x64\src\config\stage\qf.lua luajit 64 ok
E:\cnkdjx\Client\MyLuaGame\frameworks\pokemon_proj_tc_qd\proj.android\app\build\intermediates\assets\androidpack\x64\src\config\stage\qf.lua compile ok
E:\cnkdjx\Client\MyLuaGame\frameworks\pokemon_proj_tc_qd\proj.android\app\build\intermediates\assets\androidpack\x64\src\config\stage\qlmbing.lua luajit 64 ok
E:\cnkdjx\Client\MyLuaGame\frameworks\pokemon_proj_tc_qd\proj.android\app\build\intermediates\assets\androidpack\x64\src\config\stage\qlmbing.lua compile ok
E:\cnkdjx\Client\MyLuaGame\frameworks\pokemon_proj_tc_qd\proj.android\app\build\intermediates\assets\androidpack\x64\src\config\stage\red.lua luajit 64 ok
E:\cnkdjx\Client\MyLuaGame\frameworks\pokemon_proj_tc_qd\proj.android\app\build\intermediates\assets\androidpack\x64\src\config\stage\red.lua compile ok
E:\cnkdjx\Client\MyLuaGame\frameworks\pokemon_proj_tc_qd\proj.android\app\build\intermediates\assets\androidpack\x64\src\config\stage\river.lua luajit 64 ok
E:\cnkdjx\Client\MyLuaGame\frameworks\pokemon_proj_tc_qd\proj.android\app\build\intermediates\assets\androidpack\x64\src\config\stage\river.lua compile ok
E:\cnkdjx\Client\MyLuaGame\frameworks\pokemon_proj_tc_qd\proj.android\app\build\intermediates\assets\androidpack\x64\src\config\stage\s.lua luajit 64 ok
E:\cnkdjx\Client\MyLuaGame\frameworks\pokemon_proj_tc_qd\proj.android\app\build\intermediates\assets\androidpack\x64\src\config\stage\s.lua compile ok
E:\cnkdjx\Client\MyLuaGame\frameworks\pokemon_proj_tc_qd\proj.android\app\build\intermediates\assets\androidpack\x64\src\config\stage\sd.lua luajit 64 ok
E:\cnkdjx\Client\MyLuaGame\frameworks\pokemon_proj_tc_qd\proj.android\app\build\intermediates\assets\androidpack\x64\src\config\stage\sd.lua compile ok
E:\cnkdjx\Client\MyLuaGame\frameworks\pokemon_proj_tc_qd\proj.android\app\build\intermediates\assets\androidpack\x64\src\config\stage\sg.lua luajit 64 ok
E:\cnkdjx\Client\MyLuaGame\frameworks\pokemon_proj_tc_qd\proj.android\app\build\intermediates\assets\androidpack\x64\src\config\stage\sg.lua compile ok
E:\cnkdjx\Client\MyLuaGame\frameworks\pokemon_proj_tc_qd\proj.android\app\build\intermediates\assets\androidpack\x64\src\config\stage\sg2.lua luajit 64 ok
E:\cnkdjx\Client\MyLuaGame\frameworks\pokemon_proj_tc_qd\proj.android\app\build\intermediates\assets\androidpack\x64\src\config\stage\sg2.lua compile ok
E:\cnkdjx\Client\MyLuaGame\frameworks\pokemon_proj_tc_qd\proj.android\app\build\intermediates\assets\androidpack\x64\src\config\stage\shm.lua luajit 64 ok
E:\cnkdjx\Client\MyLuaGame\frameworks\pokemon_proj_tc_qd\proj.android\app\build\intermediates\assets\androidpack\x64\src\config\stage\shm.lua compile ok
E:\cnkdjx\Client\MyLuaGame\frameworks\pokemon_proj_tc_qd\proj.android\app\build\intermediates\assets\androidpack\x64\src\config\stage\sl.lua luajit 64 ok
E:\cnkdjx\Client\MyLuaGame\frameworks\pokemon_proj_tc_qd\proj.android\app\build\intermediates\assets\androidpack\x64\src\config\stage\sl.lua compile ok
E:\cnkdjx\Client\MyLuaGame\frameworks\pokemon_proj_tc_qd\proj.android\app\build\intermediates\assets\androidpack\x64\src\config\stage\sm.lua luajit 64 ok
E:\cnkdjx\Client\MyLuaGame\frameworks\pokemon_proj_tc_qd\proj.android\app\build\intermediates\assets\androidpack\x64\src\config\stage\sm.lua compile ok
E:\cnkdjx\Client\MyLuaGame\frameworks\pokemon_proj_tc_qd\proj.android\app\build\intermediates\assets\androidpack\x64\src\config\stage\smxy.lua luajit 64 ok
E:\cnkdjx\Client\MyLuaGame\frameworks\pokemon_proj_tc_qd\proj.android\app\build\intermediates\assets\androidpack\x64\src\config\stage\smxy.lua compile ok
E:\cnkdjx\Client\MyLuaGame\frameworks\pokemon_proj_tc_qd\proj.android\app\build\intermediates\assets\androidpack\x64\src\config\stage\sss.lua luajit 64 ok
E:\cnkdjx\Client\MyLuaGame\frameworks\pokemon_proj_tc_qd\proj.android\app\build\intermediates\assets\androidpack\x64\src\config\stage\sss.lua compile ok
E:\cnkdjx\Client\MyLuaGame\frameworks\pokemon_proj_tc_qd\proj.android\app\build\intermediates\assets\androidpack\x64\src\config\stage\summer.lua luajit 64 ok
E:\cnkdjx\Client\MyLuaGame\frameworks\pokemon_proj_tc_qd\proj.android\app\build\intermediates\assets\androidpack\x64\src\config\stage\summer.lua compile ok
E:\cnkdjx\Client\MyLuaGame\frameworks\pokemon_proj_tc_qd\proj.android\app\build\intermediates\assets\androidpack\x64\src\config\stage\sydh.lua luajit 64 ok
E:\cnkdjx\Client\MyLuaGame\frameworks\pokemon_proj_tc_qd\proj.android\app\build\intermediates\assets\androidpack\x64\src\config\stage\sydh.lua compile ok
E:\cnkdjx\Client\MyLuaGame\frameworks\pokemon_proj_tc_qd\proj.android\app\build\intermediates\assets\androidpack\x64\src\config\stage\tower.lua luajit 64 ok
E:\cnkdjx\Client\MyLuaGame\frameworks\pokemon_proj_tc_qd\proj.android\app\build\intermediates\assets\androidpack\x64\src\config\stage\tower.lua compile ok
E:\cnkdjx\Client\MyLuaGame\frameworks\pokemon_proj_tc_qd\proj.android\app\build\intermediates\assets\androidpack\x64\src\config\stage\ty.lua luajit 64 ok
E:\cnkdjx\Client\MyLuaGame\frameworks\pokemon_proj_tc_qd\proj.android\app\build\intermediates\assets\androidpack\x64\src\config\stage\ty.lua compile ok
E:\cnkdjx\Client\MyLuaGame\frameworks\pokemon_proj_tc_qd\proj.android\app\build\intermediates\assets\androidpack\x64\src\config\stage\wjt.lua luajit 64 ok
E:\cnkdjx\Client\MyLuaGame\frameworks\pokemon_proj_tc_qd\proj.android\app\build\intermediates\assets\androidpack\x64\src\config\stage\wjt.lua compile ok
E:\cnkdjx\Client\MyLuaGame\frameworks\pokemon_proj_tc_qd\proj.android\app\build\intermediates\assets\androidpack\x64\src\config\stage\worldboss.lua luajit 64 ok
E:\cnkdjx\Client\MyLuaGame\frameworks\pokemon_proj_tc_qd\proj.android\app\build\intermediates\assets\androidpack\x64\src\config\stage\worldboss.lua compile ok
E:\cnkdjx\Client\MyLuaGame\frameworks\pokemon_proj_tc_qd\proj.android\app\build\intermediates\assets\androidpack\x64\src\config\stage\wsj.lua luajit 64 ok
E:\cnkdjx\Client\MyLuaGame\frameworks\pokemon_proj_tc_qd\proj.android\app\build\intermediates\assets\androidpack\x64\src\config\stage\wsj.lua compile ok
E:\cnkdjx\Client\MyLuaGame\frameworks\pokemon_proj_tc_qd\proj.android\app\build\intermediates\assets\androidpack\x64\src\config\stage\xcdg.lua luajit 64 ok
E:\cnkdjx\Client\MyLuaGame\frameworks\pokemon_proj_tc_qd\proj.android\app\build\intermediates\assets\androidpack\x64\src\config\stage\xcdg.lua compile ok
E:\cnkdjx\Client\MyLuaGame\frameworks\pokemon_proj_tc_qd\proj.android\app\build\intermediates\assets\androidpack\x64\src\config\stage\xdsdj.lua luajit 64 ok
E:\cnkdjx\Client\MyLuaGame\frameworks\pokemon_proj_tc_qd\proj.android\app\build\intermediates\assets\androidpack\x64\src\config\stage\xdsdj.lua compile ok
E:\cnkdjx\Client\MyLuaGame\frameworks\pokemon_proj_tc_qd\proj.android\app\build\intermediates\assets\androidpack\x64\src\config\stage\xdsdj2.lua luajit 64 ok
E:\cnkdjx\Client\MyLuaGame\frameworks\pokemon_proj_tc_qd\proj.android\app\build\intermediates\assets\androidpack\x64\src\config\stage\xdsdj2.lua compile ok
E:\cnkdjx\Client\MyLuaGame\frameworks\pokemon_proj_tc_qd\proj.android\app\build\intermediates\assets\androidpack\x64\src\config\stage\xszd.lua luajit 64 ok
E:\cnkdjx\Client\MyLuaGame\frameworks\pokemon_proj_tc_qd\proj.android\app\build\intermediates\assets\androidpack\x64\src\config\stage\xszd.lua compile ok
E:\cnkdjx\Client\MyLuaGame\frameworks\pokemon_proj_tc_qd\proj.android\app\build\intermediates\assets\androidpack\x64\src\config\stage\xxdg.lua luajit 64 ok
E:\cnkdjx\Client\MyLuaGame\frameworks\pokemon_proj_tc_qd\proj.android\app\build\intermediates\assets\androidpack\x64\src\config\stage\xxdg.lua compile ok
E:\cnkdjx\Client\MyLuaGame\frameworks\pokemon_proj_tc_qd\proj.android\app\build\intermediates\assets\androidpack\x64\src\config\stage\ystz.lua luajit 64 ok
E:\cnkdjx\Client\MyLuaGame\frameworks\pokemon_proj_tc_qd\proj.android\app\build\intermediates\assets\androidpack\x64\src\config\stage\ystz.lua compile ok
E:\cnkdjx\Client\MyLuaGame\frameworks\pokemon_proj_tc_qd\proj.android\app\build\intermediates\assets\androidpack\x64\src\config\stage\ytly.lua luajit 64 ok
E:\cnkdjx\Client\MyLuaGame\frameworks\pokemon_proj_tc_qd\proj.android\app\build\intermediates\assets\androidpack\x64\src\config\stage\ytly.lua compile ok
E:\cnkdjx\Client\MyLuaGame\frameworks\pokemon_proj_tc_qd\proj.android\app\build\intermediates\assets\androidpack\x64\src\config\stage\zl.lua luajit 64 ok
E:\cnkdjx\Client\MyLuaGame\frameworks\pokemon_proj_tc_qd\proj.android\app\build\intermediates\assets\androidpack\x64\src\config\stage\zl.lua compile ok
E:\cnkdjx\Client\MyLuaGame\frameworks\pokemon_proj_tc_qd\proj.android\app\build\intermediates\assets\androidpack\x64\src\config\stage\znq.lua luajit 64 ok
E:\cnkdjx\Client\MyLuaGame\frameworks\pokemon_proj_tc_qd\proj.android\app\build\intermediates\assets\androidpack\x64\src\config\stage\znq.lua compile ok
E:\cnkdjx\Client\MyLuaGame\frameworks\pokemon_proj_tc_qd\proj.android\app\build\intermediates\assets\androidpack\x64\src\config\stage\zz.lua luajit 64 ok
E:\cnkdjx\Client\MyLuaGame\frameworks\pokemon_proj_tc_qd\proj.android\app\build\intermediates\assets\androidpack\x64\src\config\stage\zz.lua compile ok
E:\cnkdjx\Client\MyLuaGame\frameworks\pokemon_proj_tc_qd\proj.android\app\build\intermediates\assets\androidpack\x64\src\config\stage\fb\emengfuben\naruto_emfb_10_1.lua luajit 64 ok
E:\cnkdjx\Client\MyLuaGame\frameworks\pokemon_proj_tc_qd\proj.android\app\build\intermediates\assets\androidpack\x64\src\config\stage\fb\emengfuben\naruto_emfb_10_1.lua compile ok
E:\cnkdjx\Client\MyLuaGame\frameworks\pokemon_proj_tc_qd\proj.android\app\build\intermediates\assets\androidpack\x64\src\config\stage\fb\emengfuben\naruto_emfb_10_2.lua luajit 64 ok
E:\cnkdjx\Client\MyLuaGame\frameworks\pokemon_proj_tc_qd\proj.android\app\build\intermediates\assets\androidpack\x64\src\config\stage\fb\emengfuben\naruto_emfb_10_2.lua compile ok
E:\cnkdjx\Client\MyLuaGame\frameworks\pokemon_proj_tc_qd\proj.android\app\build\intermediates\assets\androidpack\x64\src\config\stage\fb\emengfuben\naruto_emfb_10_3.lua luajit 64 ok
E:\cnkdjx\Client\MyLuaGame\frameworks\pokemon_proj_tc_qd\proj.android\app\build\intermediates\assets\androidpack\x64\src\config\stage\fb\emengfuben\naruto_emfb_10_3.lua compile ok
E:\cnkdjx\Client\MyLuaGame\frameworks\pokemon_proj_tc_qd\proj.android\app\build\intermediates\assets\androidpack\x64\src\config\stage\fb\emengfuben\naruto_emfb_11_1.lua luajit 64 ok
E:\cnkdjx\Client\MyLuaGame\frameworks\pokemon_proj_tc_qd\proj.android\app\build\intermediates\assets\androidpack\x64\src\config\stage\fb\emengfuben\naruto_emfb_11_1.lua compile ok
E:\cnkdjx\Client\MyLuaGame\frameworks\pokemon_proj_tc_qd\proj.android\app\build\intermediates\assets\androidpack\x64\src\config\stage\fb\emengfuben\naruto_emfb_11_2.lua luajit 64 ok
E:\cnkdjx\Client\MyLuaGame\frameworks\pokemon_proj_tc_qd\proj.android\app\build\intermediates\assets\androidpack\x64\src\config\stage\fb\emengfuben\naruto_emfb_11_2.lua compile ok
E:\cnkdjx\Client\MyLuaGame\frameworks\pokemon_proj_tc_qd\proj.android\app\build\intermediates\assets\androidpack\x64\src\config\stage\fb\emengfuben\naruto_emfb_11_3.lua luajit 64 ok
E:\cnkdjx\Client\MyLuaGame\frameworks\pokemon_proj_tc_qd\proj.android\app\build\intermediates\assets\androidpack\x64\src\config\stage\fb\emengfuben\naruto_emfb_11_3.lua compile ok
E:\cnkdjx\Client\MyLuaGame\frameworks\pokemon_proj_tc_qd\proj.android\app\build\intermediates\assets\androidpack\x64\src\config\stage\fb\emengfuben\naruto_emfb_11_4.lua luajit 64 ok
E:\cnkdjx\Client\MyLuaGame\frameworks\pokemon_proj_tc_qd\proj.android\app\build\intermediates\assets\androidpack\x64\src\config\stage\fb\emengfuben\naruto_emfb_11_4.lua compile ok
E:\cnkdjx\Client\MyLuaGame\frameworks\pokemon_proj_tc_qd\proj.android\app\build\intermediates\assets\androidpack\x64\src\config\stage\fb\emengfuben\naruto_emfb_12_1.lua luajit 64 ok
E:\cnkdjx\Client\MyLuaGame\frameworks\pokemon_proj_tc_qd\proj.android\app\build\intermediates\assets\androidpack\x64\src\config\stage\fb\emengfuben\naruto_emfb_12_1.lua compile ok
E:\cnkdjx\Client\MyLuaGame\frameworks\pokemon_proj_tc_qd\proj.android\app\build\intermediates\assets\androidpack\x64\src\config\stage\fb\emengfuben\naruto_emfb_12_2.lua luajit 64 ok
E:\cnkdjx\Client\MyLuaGame\frameworks\pokemon_proj_tc_qd\proj.android\app\build\intermediates\assets\androidpack\x64\src\config\stage\fb\emengfuben\naruto_emfb_12_2.lua compile ok
E:\cnkdjx\Client\MyLuaGame\frameworks\pokemon_proj_tc_qd\proj.android\app\build\intermediates\assets\androidpack\x64\src\config\stage\fb\emengfuben\naruto_emfb_12_3.lua luajit 64 ok
E:\cnkdjx\Client\MyLuaGame\frameworks\pokemon_proj_tc_qd\proj.android\app\build\intermediates\assets\androidpack\x64\src\config\stage\fb\emengfuben\naruto_emfb_12_3.lua compile ok
E:\cnkdjx\Client\MyLuaGame\frameworks\pokemon_proj_tc_qd\proj.android\app\build\intermediates\assets\androidpack\x64\src\config\stage\fb\emengfuben\naruto_emfb_12_4.lua luajit 64 ok
E:\cnkdjx\Client\MyLuaGame\frameworks\pokemon_proj_tc_qd\proj.android\app\build\intermediates\assets\androidpack\x64\src\config\stage\fb\emengfuben\naruto_emfb_12_4.lua compile ok
E:\cnkdjx\Client\MyLuaGame\frameworks\pokemon_proj_tc_qd\proj.android\app\build\intermediates\assets\androidpack\x64\src\config\stage\fb\emengfuben\naruto_emfb_13_1.lua luajit 64 ok
E:\cnkdjx\Client\MyLuaGame\frameworks\pokemon_proj_tc_qd\proj.android\app\build\intermediates\assets\androidpack\x64\src\config\stage\fb\emengfuben\naruto_emfb_13_1.lua compile ok
E:\cnkdjx\Client\MyLuaGame\frameworks\pokemon_proj_tc_qd\proj.android\app\build\intermediates\assets\androidpack\x64\src\config\stage\fb\emengfuben\naruto_emfb_13_2.lua luajit 64 ok
E:\cnkdjx\Client\MyLuaGame\frameworks\pokemon_proj_tc_qd\proj.android\app\build\intermediates\assets\androidpack\x64\src\config\stage\fb\emengfuben\naruto_emfb_13_2.lua compile ok
E:\cnkdjx\Client\MyLuaGame\frameworks\pokemon_proj_tc_qd\proj.android\app\build\intermediates\assets\androidpack\x64\src\config\stage\fb\emengfuben\naruto_emfb_13_3.lua luajit 64 ok
E:\cnkdjx\Client\MyLuaGame\frameworks\pokemon_proj_tc_qd\proj.android\app\build\intermediates\assets\androidpack\x64\src\config\stage\fb\emengfuben\naruto_emfb_13_3.lua compile ok
E:\cnkdjx\Client\MyLuaGame\frameworks\pokemon_proj_tc_qd\proj.android\app\build\intermediates\assets\androidpack\x64\src\config\stage\fb\emengfuben\naruto_emfb_13_4.lua luajit 64 ok
E:\cnkdjx\Client\MyLuaGame\frameworks\pokemon_proj_tc_qd\proj.android\app\build\intermediates\assets\androidpack\x64\src\config\stage\fb\emengfuben\naruto_emfb_13_4.lua compile ok
E:\cnkdjx\Client\MyLuaGame\frameworks\pokemon_proj_tc_qd\proj.android\app\build\intermediates\assets\androidpack\x64\src\config\stage\fb\emengfuben\naruto_emfb_14_1.lua luajit 64 ok
E:\cnkdjx\Client\MyLuaGame\frameworks\pokemon_proj_tc_qd\proj.android\app\build\intermediates\assets\androidpack\x64\src\config\stage\fb\emengfuben\naruto_emfb_14_1.lua compile ok
E:\cnkdjx\Client\MyLuaGame\frameworks\pokemon_proj_tc_qd\proj.android\app\build\intermediates\assets\androidpack\x64\src\config\stage\fb\emengfuben\naruto_emfb_14_2.lua luajit 64 ok
E:\cnkdjx\Client\MyLuaGame\frameworks\pokemon_proj_tc_qd\proj.android\app\build\intermediates\assets\androidpack\x64\src\config\stage\fb\emengfuben\naruto_emfb_14_2.lua compile ok
E:\cnkdjx\Client\MyLuaGame\frameworks\pokemon_proj_tc_qd\proj.android\app\build\intermediates\assets\androidpack\x64\src\config\stage\fb\emengfuben\naruto_emfb_14_3.lua luajit 64 ok
E:\cnkdjx\Client\MyLuaGame\frameworks\pokemon_proj_tc_qd\proj.android\app\build\intermediates\assets\androidpack\x64\src\config\stage\fb\emengfuben\naruto_emfb_14_3.lua compile ok
E:\cnkdjx\Client\MyLuaGame\frameworks\pokemon_proj_tc_qd\proj.android\app\build\intermediates\assets\androidpack\x64\src\config\stage\fb\emengfuben\naruto_emfb_14_4.lua luajit 64 ok
E:\cnkdjx\Client\MyLuaGame\frameworks\pokemon_proj_tc_qd\proj.android\app\build\intermediates\assets\androidpack\x64\src\config\stage\fb\emengfuben\naruto_emfb_14_4.lua compile ok
E:\cnkdjx\Client\MyLuaGame\frameworks\pokemon_proj_tc_qd\proj.android\app\build\intermediates\assets\androidpack\x64\src\config\stage\fb\emengfuben\naruto_emfb_15_1.lua luajit 64 ok
E:\cnkdjx\Client\MyLuaGame\frameworks\pokemon_proj_tc_qd\proj.android\app\build\intermediates\assets\androidpack\x64\src\config\stage\fb\emengfuben\naruto_emfb_15_1.lua compile ok
E:\cnkdjx\Client\MyLuaGame\frameworks\pokemon_proj_tc_qd\proj.android\app\build\intermediates\assets\androidpack\x64\src\config\stage\fb\emengfuben\naruto_emfb_15_2.lua luajit 64 ok
E:\cnkdjx\Client\MyLuaGame\frameworks\pokemon_proj_tc_qd\proj.android\app\build\intermediates\assets\androidpack\x64\src\config\stage\fb\emengfuben\naruto_emfb_15_2.lua compile ok
E:\cnkdjx\Client\MyLuaGame\frameworks\pokemon_proj_tc_qd\proj.android\app\build\intermediates\assets\androidpack\x64\src\config\stage\fb\emengfuben\naruto_emfb_15_3.lua luajit 64 ok
E:\cnkdjx\Client\MyLuaGame\frameworks\pokemon_proj_tc_qd\proj.android\app\build\intermediates\assets\androidpack\x64\src\config\stage\fb\emengfuben\naruto_emfb_15_3.lua compile ok
E:\cnkdjx\Client\MyLuaGame\frameworks\pokemon_proj_tc_qd\proj.android\app\build\intermediates\assets\androidpack\x64\src\config\stage\fb\emengfuben\naruto_emfb_15_4.lua luajit 64 ok
E:\cnkdjx\Client\MyLuaGame\frameworks\pokemon_proj_tc_qd\proj.android\app\build\intermediates\assets\androidpack\x64\src\config\stage\fb\emengfuben\naruto_emfb_15_4.lua compile ok
E:\cnkdjx\Client\MyLuaGame\frameworks\pokemon_proj_tc_qd\proj.android\app\build\intermediates\assets\androidpack\x64\src\config\stage\fb\emengfuben\naruto_emfb_16_1.lua luajit 64 ok
E:\cnkdjx\Client\MyLuaGame\frameworks\pokemon_proj_tc_qd\proj.android\app\build\intermediates\assets\androidpack\x64\src\config\stage\fb\emengfuben\naruto_emfb_16_1.lua compile ok
E:\cnkdjx\Client\MyLuaGame\frameworks\pokemon_proj_tc_qd\proj.android\app\build\intermediates\assets\androidpack\x64\src\config\stage\fb\emengfuben\naruto_emfb_16_2.lua luajit 64 ok
E:\cnkdjx\Client\MyLuaGame\frameworks\pokemon_proj_tc_qd\proj.android\app\build\intermediates\assets\androidpack\x64\src\config\stage\fb\emengfuben\naruto_emfb_16_2.lua compile ok
E:\cnkdjx\Client\MyLuaGame\frameworks\pokemon_proj_tc_qd\proj.android\app\build\intermediates\assets\androidpack\x64\src\config\stage\fb\emengfuben\naruto_emfb_16_3.lua luajit 64 ok
E:\cnkdjx\Client\MyLuaGame\frameworks\pokemon_proj_tc_qd\proj.android\app\build\intermediates\assets\androidpack\x64\src\config\stage\fb\emengfuben\naruto_emfb_16_3.lua compile ok
E:\cnkdjx\Client\MyLuaGame\frameworks\pokemon_proj_tc_qd\proj.android\app\build\intermediates\assets\androidpack\x64\src\config\stage\fb\emengfuben\naruto_emfb_16_4.lua luajit 64 ok
E:\cnkdjx\Client\MyLuaGame\frameworks\pokemon_proj_tc_qd\proj.android\app\build\intermediates\assets\androidpack\x64\src\config\stage\fb\emengfuben\naruto_emfb_16_4.lua compile ok
E:\cnkdjx\Client\MyLuaGame\frameworks\pokemon_proj_tc_qd\proj.android\app\build\intermediates\assets\androidpack\x64\src\config\stage\fb\emengfuben\naruto_emfb_17_1.lua luajit 64 ok
E:\cnkdjx\Client\MyLuaGame\frameworks\pokemon_proj_tc_qd\proj.android\app\build\intermediates\assets\androidpack\x64\src\config\stage\fb\emengfuben\naruto_emfb_17_1.lua compile ok
E:\cnkdjx\Client\MyLuaGame\frameworks\pokemon_proj_tc_qd\proj.android\app\build\intermediates\assets\androidpack\x64\src\config\stage\fb\emengfuben\naruto_emfb_17_2.lua luajit 64 ok
E:\cnkdjx\Client\MyLuaGame\frameworks\pokemon_proj_tc_qd\proj.android\app\build\intermediates\assets\androidpack\x64\src\config\stage\fb\emengfuben\naruto_emfb_17_2.lua compile ok
E:\cnkdjx\Client\MyLuaGame\frameworks\pokemon_proj_tc_qd\proj.android\app\build\intermediates\assets\androidpack\x64\src\config\stage\fb\emengfuben\naruto_emfb_17_3.lua luajit 64 ok
E:\cnkdjx\Client\MyLuaGame\frameworks\pokemon_proj_tc_qd\proj.android\app\build\intermediates\assets\androidpack\x64\src\config\stage\fb\emengfuben\naruto_emfb_17_3.lua compile ok
E:\cnkdjx\Client\MyLuaGame\frameworks\pokemon_proj_tc_qd\proj.android\app\build\intermediates\assets\androidpack\x64\src\config\stage\fb\emengfuben\naruto_emfb_17_4.lua luajit 64 ok
E:\cnkdjx\Client\MyLuaGame\frameworks\pokemon_proj_tc_qd\proj.android\app\build\intermediates\assets\androidpack\x64\src\config\stage\fb\emengfuben\naruto_emfb_17_4.lua compile ok
E:\cnkdjx\Client\MyLuaGame\frameworks\pokemon_proj_tc_qd\proj.android\app\build\intermediates\assets\androidpack\x64\src\config\stage\fb\emengfuben\naruto_emfb_18_1.lua luajit 64 ok
E:\cnkdjx\Client\MyLuaGame\frameworks\pokemon_proj_tc_qd\proj.android\app\build\intermediates\assets\androidpack\x64\src\config\stage\fb\emengfuben\naruto_emfb_18_1.lua compile ok
E:\cnkdjx\Client\MyLuaGame\frameworks\pokemon_proj_tc_qd\proj.android\app\build\intermediates\assets\androidpack\x64\src\config\stage\fb\emengfuben\naruto_emfb_18_2.lua luajit 64 ok
E:\cnkdjx\Client\MyLuaGame\frameworks\pokemon_proj_tc_qd\proj.android\app\build\intermediates\assets\androidpack\x64\src\config\stage\fb\emengfuben\naruto_emfb_18_2.lua compile ok
E:\cnkdjx\Client\MyLuaGame\frameworks\pokemon_proj_tc_qd\proj.android\app\build\intermediates\assets\androidpack\x64\src\config\stage\fb\emengfuben\naruto_emfb_18_3.lua luajit 64 ok
E:\cnkdjx\Client\MyLuaGame\frameworks\pokemon_proj_tc_qd\proj.android\app\build\intermediates\assets\androidpack\x64\src\config\stage\fb\emengfuben\naruto_emfb_18_3.lua compile ok
E:\cnkdjx\Client\MyLuaGame\frameworks\pokemon_proj_tc_qd\proj.android\app\build\intermediates\assets\androidpack\x64\src\config\stage\fb\emengfuben\naruto_emfb_18_4.lua luajit 64 ok
E:\cnkdjx\Client\MyLuaGame\frameworks\pokemon_proj_tc_qd\proj.android\app\build\intermediates\assets\androidpack\x64\src\config\stage\fb\emengfuben\naruto_emfb_18_4.lua compile ok
E:\cnkdjx\Client\MyLuaGame\frameworks\pokemon_proj_tc_qd\proj.android\app\build\intermediates\assets\androidpack\x64\src\config\stage\fb\emengfuben\naruto_emfb_18_5.lua luajit 64 ok
E:\cnkdjx\Client\MyLuaGame\frameworks\pokemon_proj_tc_qd\proj.android\app\build\intermediates\assets\androidpack\x64\src\config\stage\fb\emengfuben\naruto_emfb_18_5.lua compile ok
E:\cnkdjx\Client\MyLuaGame\frameworks\pokemon_proj_tc_qd\proj.android\app\build\intermediates\assets\androidpack\x64\src\config\stage\fb\emengfuben\naruto_emfb_19_1.lua luajit 64 ok
E:\cnkdjx\Client\MyLuaGame\frameworks\pokemon_proj_tc_qd\proj.android\app\build\intermediates\assets\androidpack\x64\src\config\stage\fb\emengfuben\naruto_emfb_19_1.lua compile ok
E:\cnkdjx\Client\MyLuaGame\frameworks\pokemon_proj_tc_qd\proj.android\app\build\intermediates\assets\androidpack\x64\src\config\stage\fb\emengfuben\naruto_emfb_19_2.lua luajit 64 ok
E:\cnkdjx\Client\MyLuaGame\frameworks\pokemon_proj_tc_qd\proj.android\app\build\intermediates\assets\androidpack\x64\src\config\stage\fb\emengfuben\naruto_emfb_19_2.lua compile ok
E:\cnkdjx\Client\MyLuaGame\frameworks\pokemon_proj_tc_qd\proj.android\app\build\intermediates\assets\androidpack\x64\src\config\stage\fb\emengfuben\naruto_emfb_19_3.lua luajit 64 ok
E:\cnkdjx\Client\MyLuaGame\frameworks\pokemon_proj_tc_qd\proj.android\app\build\intermediates\assets\androidpack\x64\src\config\stage\fb\emengfuben\naruto_emfb_19_3.lua compile ok
E:\cnkdjx\Client\MyLuaGame\frameworks\pokemon_proj_tc_qd\proj.android\app\build\intermediates\assets\androidpack\x64\src\config\stage\fb\emengfuben\naruto_emfb_19_4.lua luajit 64 ok
E:\cnkdjx\Client\MyLuaGame\frameworks\pokemon_proj_tc_qd\proj.android\app\build\intermediates\assets\androidpack\x64\src\config\stage\fb\emengfuben\naruto_emfb_19_4.lua compile ok
E:\cnkdjx\Client\MyLuaGame\frameworks\pokemon_proj_tc_qd\proj.android\app\build\intermediates\assets\androidpack\x64\src\config\stage\fb\emengfuben\naruto_emfb_19_5.lua luajit 64 ok
E:\cnkdjx\Client\MyLuaGame\frameworks\pokemon_proj_tc_qd\proj.android\app\build\intermediates\assets\androidpack\x64\src\config\stage\fb\emengfuben\naruto_emfb_19_5.lua compile ok
E:\cnkdjx\Client\MyLuaGame\frameworks\pokemon_proj_tc_qd\proj.android\app\build\intermediates\assets\androidpack\x64\src\config\stage\fb\emengfuben\naruto_emfb_1_1.lua luajit 64 ok
E:\cnkdjx\Client\MyLuaGame\frameworks\pokemon_proj_tc_qd\proj.android\app\build\intermediates\assets\androidpack\x64\src\config\stage\fb\emengfuben\naruto_emfb_1_1.lua compile ok
E:\cnkdjx\Client\MyLuaGame\frameworks\pokemon_proj_tc_qd\proj.android\app\build\intermediates\assets\androidpack\x64\src\config\stage\fb\emengfuben\naruto_emfb_1_2.lua luajit 64 ok
E:\cnkdjx\Client\MyLuaGame\frameworks\pokemon_proj_tc_qd\proj.android\app\build\intermediates\assets\androidpack\x64\src\config\stage\fb\emengfuben\naruto_emfb_1_2.lua compile ok
E:\cnkdjx\Client\MyLuaGame\frameworks\pokemon_proj_tc_qd\proj.android\app\build\intermediates\assets\androidpack\x64\src\config\stage\fb\emengfuben\naruto_emfb_20_1.lua luajit 64 ok
E:\cnkdjx\Client\MyLuaGame\frameworks\pokemon_proj_tc_qd\proj.android\app\build\intermediates\assets\androidpack\x64\src\config\stage\fb\emengfuben\naruto_emfb_20_1.lua compile ok
E:\cnkdjx\Client\MyLuaGame\frameworks\pokemon_proj_tc_qd\proj.android\app\build\intermediates\assets\androidpack\x64\src\config\stage\fb\emengfuben\naruto_emfb_20_2.lua luajit 64 ok
E:\cnkdjx\Client\MyLuaGame\frameworks\pokemon_proj_tc_qd\proj.android\app\build\intermediates\assets\androidpack\x64\src\config\stage\fb\emengfuben\naruto_emfb_20_2.lua compile ok
E:\cnkdjx\Client\MyLuaGame\frameworks\pokemon_proj_tc_qd\proj.android\app\build\intermediates\assets\androidpack\x64\src\config\stage\fb\emengfuben\naruto_emfb_20_3.lua luajit 64 ok
E:\cnkdjx\Client\MyLuaGame\frameworks\pokemon_proj_tc_qd\proj.android\app\build\intermediates\assets\androidpack\x64\src\config\stage\fb\emengfuben\naruto_emfb_20_3.lua compile ok
E:\cnkdjx\Client\MyLuaGame\frameworks\pokemon_proj_tc_qd\proj.android\app\build\intermediates\assets\androidpack\x64\src\config\stage\fb\emengfuben\naruto_emfb_20_4.lua luajit 64 ok
E:\cnkdjx\Client\MyLuaGame\frameworks\pokemon_proj_tc_qd\proj.android\app\build\intermediates\assets\androidpack\x64\src\config\stage\fb\emengfuben\naruto_emfb_20_4.lua compile ok
E:\cnkdjx\Client\MyLuaGame\frameworks\pokemon_proj_tc_qd\proj.android\app\build\intermediates\assets\androidpack\x64\src\config\stage\fb\emengfuben\naruto_emfb_20_5.lua luajit 64 ok
E:\cnkdjx\Client\MyLuaGame\frameworks\pokemon_proj_tc_qd\proj.android\app\build\intermediates\assets\androidpack\x64\src\config\stage\fb\emengfuben\naruto_emfb_20_5.lua compile ok
E:\cnkdjx\Client\MyLuaGame\frameworks\pokemon_proj_tc_qd\proj.android\app\build\intermediates\assets\androidpack\x64\src\config\stage\fb\emengfuben\naruto_emfb_21_1.lua luajit 64 ok
E:\cnkdjx\Client\MyLuaGame\frameworks\pokemon_proj_tc_qd\proj.android\app\build\intermediates\assets\androidpack\x64\src\config\stage\fb\emengfuben\naruto_emfb_21_1.lua compile ok
E:\cnkdjx\Client\MyLuaGame\frameworks\pokemon_proj_tc_qd\proj.android\app\build\intermediates\assets\androidpack\x64\src\config\stage\fb\emengfuben\naruto_emfb_21_2.lua luajit 64 ok
E:\cnkdjx\Client\MyLuaGame\frameworks\pokemon_proj_tc_qd\proj.android\app\build\intermediates\assets\androidpack\x64\src\config\stage\fb\emengfuben\naruto_emfb_21_2.lua compile ok
E:\cnkdjx\Client\MyLuaGame\frameworks\pokemon_proj_tc_qd\proj.android\app\build\intermediates\assets\androidpack\x64\src\config\stage\fb\emengfuben\naruto_emfb_21_3.lua luajit 64 ok
E:\cnkdjx\Client\MyLuaGame\frameworks\pokemon_proj_tc_qd\proj.android\app\build\intermediates\assets\androidpack\x64\src\config\stage\fb\emengfuben\naruto_emfb_21_3.lua compile ok
E:\cnkdjx\Client\MyLuaGame\frameworks\pokemon_proj_tc_qd\proj.android\app\build\intermediates\assets\androidpack\x64\src\config\stage\fb\emengfuben\naruto_emfb_21_4.lua luajit 64 ok
E:\cnkdjx\Client\MyLuaGame\frameworks\pokemon_proj_tc_qd\proj.android\app\build\intermediates\assets\androidpack\x64\src\config\stage\fb\emengfuben\naruto_emfb_21_4.lua compile ok
E:\cnkdjx\Client\MyLuaGame\frameworks\pokemon_proj_tc_qd\proj.android\app\build\intermediates\assets\androidpack\x64\src\config\stage\fb\emengfuben\naruto_emfb_21_5.lua luajit 64 ok
E:\cnkdjx\Client\MyLuaGame\frameworks\pokemon_proj_tc_qd\proj.android\app\build\intermediates\assets\androidpack\x64\src\config\stage\fb\emengfuben\naruto_emfb_21_5.lua compile ok
E:\cnkdjx\Client\MyLuaGame\frameworks\pokemon_proj_tc_qd\proj.android\app\build\intermediates\assets\androidpack\x64\src\config\stage\fb\emengfuben\naruto_emfb_22_1.lua luajit 64 ok
E:\cnkdjx\Client\MyLuaGame\frameworks\pokemon_proj_tc_qd\proj.android\app\build\intermediates\assets\androidpack\x64\src\config\stage\fb\emengfuben\naruto_emfb_22_1.lua compile ok
E:\cnkdjx\Client\MyLuaGame\frameworks\pokemon_proj_tc_qd\proj.android\app\build\intermediates\assets\androidpack\x64\src\config\stage\fb\emengfuben\naruto_emfb_22_2.lua luajit 64 ok
E:\cnkdjx\Client\MyLuaGame\frameworks\pokemon_proj_tc_qd\proj.android\app\build\intermediates\assets\androidpack\x64\src\config\stage\fb\emengfuben\naruto_emfb_22_2.lua compile ok
E:\cnkdjx\Client\MyLuaGame\frameworks\pokemon_proj_tc_qd\proj.android\app\build\intermediates\assets\androidpack\x64\src\config\stage\fb\emengfuben\naruto_emfb_22_3.lua luajit 64 ok
E:\cnkdjx\Client\MyLuaGame\frameworks\pokemon_proj_tc_qd\proj.android\app\build\intermediates\assets\androidpack\x64\src\config\stage\fb\emengfuben\naruto_emfb_22_3.lua compile ok
E:\cnkdjx\Client\MyLuaGame\frameworks\pokemon_proj_tc_qd\proj.android\app\build\intermediates\assets\androidpack\x64\src\config\stage\fb\emengfuben\naruto_emfb_22_4.lua luajit 64 ok
E:\cnkdjx\Client\MyLuaGame\frameworks\pokemon_proj_tc_qd\proj.android\app\build\intermediates\assets\androidpack\x64\src\config\stage\fb\emengfuben\naruto_emfb_22_4.lua compile ok
E:\cnkdjx\Client\MyLuaGame\frameworks\pokemon_proj_tc_qd\proj.android\app\build\intermediates\assets\androidpack\x64\src\config\stage\fb\emengfuben\naruto_emfb_22_5.lua luajit 64 ok
E:\cnkdjx\Client\MyLuaGame\frameworks\pokemon_proj_tc_qd\proj.android\app\build\intermediates\assets\androidpack\x64\src\config\stage\fb\emengfuben\naruto_emfb_22_5.lua compile ok
E:\cnkdjx\Client\MyLuaGame\frameworks\pokemon_proj_tc_qd\proj.android\app\build\intermediates\assets\androidpack\x64\src\config\stage\fb\emengfuben\naruto_emfb_2_1.lua luajit 64 ok
E:\cnkdjx\Client\MyLuaGame\frameworks\pokemon_proj_tc_qd\proj.android\app\build\intermediates\assets\androidpack\x64\src\config\stage\fb\emengfuben\naruto_emfb_2_1.lua compile ok
E:\cnkdjx\Client\MyLuaGame\frameworks\pokemon_proj_tc_qd\proj.android\app\build\intermediates\assets\androidpack\x64\src\config\stage\fb\emengfuben\naruto_emfb_2_2.lua luajit 64 ok
E:\cnkdjx\Client\MyLuaGame\frameworks\pokemon_proj_tc_qd\proj.android\app\build\intermediates\assets\androidpack\x64\src\config\stage\fb\emengfuben\naruto_emfb_2_2.lua compile ok
E:\cnkdjx\Client\MyLuaGame\frameworks\pokemon_proj_tc_qd\proj.android\app\build\intermediates\assets\androidpack\x64\src\config\stage\fb\emengfuben\naruto_emfb_3_1.lua luajit 64 ok
E:\cnkdjx\Client\MyLuaGame\frameworks\pokemon_proj_tc_qd\proj.android\app\build\intermediates\assets\androidpack\x64\src\config\stage\fb\emengfuben\naruto_emfb_3_1.lua compile ok
E:\cnkdjx\Client\MyLuaGame\frameworks\pokemon_proj_tc_qd\proj.android\app\build\intermediates\assets\androidpack\x64\src\config\stage\fb\emengfuben\naruto_emfb_3_2.lua luajit 64 ok
E:\cnkdjx\Client\MyLuaGame\frameworks\pokemon_proj_tc_qd\proj.android\app\build\intermediates\assets\androidpack\x64\src\config\stage\fb\emengfuben\naruto_emfb_3_2.lua compile ok
E:\cnkdjx\Client\MyLuaGame\frameworks\pokemon_proj_tc_qd\proj.android\app\build\intermediates\assets\androidpack\x64\src\config\stage\fb\emengfuben\naruto_emfb_4_1.lua luajit 64 ok
E:\cnkdjx\Client\MyLuaGame\frameworks\pokemon_proj_tc_qd\proj.android\app\build\intermediates\assets\androidpack\x64\src\config\stage\fb\emengfuben\naruto_emfb_4_1.lua compile ok
E:\cnkdjx\Client\MyLuaGame\frameworks\pokemon_proj_tc_qd\proj.android\app\build\intermediates\assets\androidpack\x64\src\config\stage\fb\emengfuben\naruto_emfb_4_2.lua luajit 64 ok
E:\cnkdjx\Client\MyLuaGame\frameworks\pokemon_proj_tc_qd\proj.android\app\build\intermediates\assets\androidpack\x64\src\config\stage\fb\emengfuben\naruto_emfb_4_2.lua compile ok
E:\cnkdjx\Client\MyLuaGame\frameworks\pokemon_proj_tc_qd\proj.android\app\build\intermediates\assets\androidpack\x64\src\config\stage\fb\emengfuben\naruto_emfb_5_1.lua luajit 64 ok
E:\cnkdjx\Client\MyLuaGame\frameworks\pokemon_proj_tc_qd\proj.android\app\build\intermediates\assets\androidpack\x64\src\config\stage\fb\emengfuben\naruto_emfb_5_1.lua compile ok
E:\cnkdjx\Client\MyLuaGame\frameworks\pokemon_proj_tc_qd\proj.android\app\build\intermediates\assets\androidpack\x64\src\config\stage\fb\emengfuben\naruto_emfb_5_2.lua luajit 64 ok
E:\cnkdjx\Client\MyLuaGame\frameworks\pokemon_proj_tc_qd\proj.android\app\build\intermediates\assets\androidpack\x64\src\config\stage\fb\emengfuben\naruto_emfb_5_2.lua compile ok
E:\cnkdjx\Client\MyLuaGame\frameworks\pokemon_proj_tc_qd\proj.android\app\build\intermediates\assets\androidpack\x64\src\config\stage\fb\emengfuben\naruto_emfb_6_1.lua luajit 64 ok
E:\cnkdjx\Client\MyLuaGame\frameworks\pokemon_proj_tc_qd\proj.android\app\build\intermediates\assets\androidpack\x64\src\config\stage\fb\emengfuben\naruto_emfb_6_1.lua compile ok
E:\cnkdjx\Client\MyLuaGame\frameworks\pokemon_proj_tc_qd\proj.android\app\build\intermediates\assets\androidpack\x64\src\config\stage\fb\emengfuben\naruto_emfb_6_2.lua luajit 64 ok
E:\cnkdjx\Client\MyLuaGame\frameworks\pokemon_proj_tc_qd\proj.android\app\build\intermediates\assets\androidpack\x64\src\config\stage\fb\emengfuben\naruto_emfb_6_2.lua compile ok
E:\cnkdjx\Client\MyLuaGame\frameworks\pokemon_proj_tc_qd\proj.android\app\build\intermediates\assets\androidpack\x64\src\config\stage\fb\emengfuben\naruto_emfb_6_3.lua luajit 64 ok
E:\cnkdjx\Client\MyLuaGame\frameworks\pokemon_proj_tc_qd\proj.android\app\build\intermediates\assets\androidpack\x64\src\config\stage\fb\emengfuben\naruto_emfb_6_3.lua compile ok
E:\cnkdjx\Client\MyLuaGame\frameworks\pokemon_proj_tc_qd\proj.android\app\build\intermediates\assets\androidpack\x64\src\config\stage\fb\emengfuben\naruto_emfb_7_1.lua luajit 64 ok
E:\cnkdjx\Client\MyLuaGame\frameworks\pokemon_proj_tc_qd\proj.android\app\build\intermediates\assets\androidpack\x64\src\config\stage\fb\emengfuben\naruto_emfb_7_1.lua compile ok
E:\cnkdjx\Client\MyLuaGame\frameworks\pokemon_proj_tc_qd\proj.android\app\build\intermediates\assets\androidpack\x64\src\config\stage\fb\emengfuben\naruto_emfb_7_2.lua luajit 64 ok
E:\cnkdjx\Client\MyLuaGame\frameworks\pokemon_proj_tc_qd\proj.android\app\build\intermediates\assets\androidpack\x64\src\config\stage\fb\emengfuben\naruto_emfb_7_2.lua compile ok
E:\cnkdjx\Client\MyLuaGame\frameworks\pokemon_proj_tc_qd\proj.android\app\build\intermediates\assets\androidpack\x64\src\config\stage\fb\emengfuben\naruto_emfb_7_3.lua luajit 64 ok
E:\cnkdjx\Client\MyLuaGame\frameworks\pokemon_proj_tc_qd\proj.android\app\build\intermediates\assets\androidpack\x64\src\config\stage\fb\emengfuben\naruto_emfb_7_3.lua compile ok
E:\cnkdjx\Client\MyLuaGame\frameworks\pokemon_proj_tc_qd\proj.android\app\build\intermediates\assets\androidpack\x64\src\config\stage\fb\emengfuben\naruto_emfb_8_1.lua luajit 64 ok
E:\cnkdjx\Client\MyLuaGame\frameworks\pokemon_proj_tc_qd\proj.android\app\build\intermediates\assets\androidpack\x64\src\config\stage\fb\emengfuben\naruto_emfb_8_1.lua compile ok
E:\cnkdjx\Client\MyLuaGame\frameworks\pokemon_proj_tc_qd\proj.android\app\build\intermediates\assets\androidpack\x64\src\config\stage\fb\emengfuben\naruto_emfb_8_2.lua luajit 64 ok
E:\cnkdjx\Client\MyLuaGame\frameworks\pokemon_proj_tc_qd\proj.android\app\build\intermediates\assets\androidpack\x64\src\config\stage\fb\emengfuben\naruto_emfb_8_2.lua compile ok
E:\cnkdjx\Client\MyLuaGame\frameworks\pokemon_proj_tc_qd\proj.android\app\build\intermediates\assets\androidpack\x64\src\config\stage\fb\emengfuben\naruto_emfb_8_3.lua luajit 64 ok
E:\cnkdjx\Client\MyLuaGame\frameworks\pokemon_proj_tc_qd\proj.android\app\build\intermediates\assets\androidpack\x64\src\config\stage\fb\emengfuben\naruto_emfb_8_3.lua compile ok
E:\cnkdjx\Client\MyLuaGame\frameworks\pokemon_proj_tc_qd\proj.android\app\build\intermediates\assets\androidpack\x64\src\config\stage\fb\emengfuben\naruto_emfb_9_1.lua luajit 64 ok
E:\cnkdjx\Client\MyLuaGame\frameworks\pokemon_proj_tc_qd\proj.android\app\build\intermediates\assets\androidpack\x64\src\config\stage\fb\emengfuben\naruto_emfb_9_1.lua compile ok
E:\cnkdjx\Client\MyLuaGame\frameworks\pokemon_proj_tc_qd\proj.android\app\build\intermediates\assets\androidpack\x64\src\config\stage\fb\emengfuben\naruto_emfb_9_2.lua luajit 64 ok
E:\cnkdjx\Client\MyLuaGame\frameworks\pokemon_proj_tc_qd\proj.android\app\build\intermediates\assets\androidpack\x64\src\config\stage\fb\emengfuben\naruto_emfb_9_2.lua compile ok
E:\cnkdjx\Client\MyLuaGame\frameworks\pokemon_proj_tc_qd\proj.android\app\build\intermediates\assets\androidpack\x64\src\config\stage\fb\emengfuben\naruto_emfb_9_3.lua luajit 64 ok
E:\cnkdjx\Client\MyLuaGame\frameworks\pokemon_proj_tc_qd\proj.android\app\build\intermediates\assets\androidpack\x64\src\config\stage\fb\emengfuben\naruto_emfb_9_3.lua compile ok
E:\cnkdjx\Client\MyLuaGame\frameworks\pokemon_proj_tc_qd\proj.android\app\build\intermediates\assets\androidpack\x64\src\config\stage\fb\kunnanfuben\naruto_knfb_10_1.lua luajit 64 ok
E:\cnkdjx\Client\MyLuaGame\frameworks\pokemon_proj_tc_qd\proj.android\app\build\intermediates\assets\androidpack\x64\src\config\stage\fb\kunnanfuben\naruto_knfb_10_1.lua compile ok
E:\cnkdjx\Client\MyLuaGame\frameworks\pokemon_proj_tc_qd\proj.android\app\build\intermediates\assets\androidpack\x64\src\config\stage\fb\kunnanfuben\naruto_knfb_10_2.lua luajit 64 ok
E:\cnkdjx\Client\MyLuaGame\frameworks\pokemon_proj_tc_qd\proj.android\app\build\intermediates\assets\androidpack\x64\src\config\stage\fb\kunnanfuben\naruto_knfb_10_2.lua compile ok
E:\cnkdjx\Client\MyLuaGame\frameworks\pokemon_proj_tc_qd\proj.android\app\build\intermediates\assets\androidpack\x64\src\config\stage\fb\kunnanfuben\naruto_knfb_10_3.lua luajit 64 ok
E:\cnkdjx\Client\MyLuaGame\frameworks\pokemon_proj_tc_qd\proj.android\app\build\intermediates\assets\androidpack\x64\src\config\stage\fb\kunnanfuben\naruto_knfb_10_3.lua compile ok
E:\cnkdjx\Client\MyLuaGame\frameworks\pokemon_proj_tc_qd\proj.android\app\build\intermediates\assets\androidpack\x64\src\config\stage\fb\kunnanfuben\naruto_knfb_10_4.lua luajit 64 ok
E:\cnkdjx\Client\MyLuaGame\frameworks\pokemon_proj_tc_qd\proj.android\app\build\intermediates\assets\androidpack\x64\src\config\stage\fb\kunnanfuben\naruto_knfb_10_4.lua compile ok
E:\cnkdjx\Client\MyLuaGame\frameworks\pokemon_proj_tc_qd\proj.android\app\build\intermediates\assets\androidpack\x64\src\config\stage\fb\kunnanfuben\naruto_knfb_10_5.lua luajit 64 ok
E:\cnkdjx\Client\MyLuaGame\frameworks\pokemon_proj_tc_qd\proj.android\app\build\intermediates\assets\androidpack\x64\src\config\stage\fb\kunnanfuben\naruto_knfb_10_5.lua compile ok
E:\cnkdjx\Client\MyLuaGame\frameworks\pokemon_proj_tc_qd\proj.android\app\build\intermediates\assets\androidpack\x64\src\config\stage\fb\kunnanfuben\naruto_knfb_11_1.lua luajit 64 ok
E:\cnkdjx\Client\MyLuaGame\frameworks\pokemon_proj_tc_qd\proj.android\app\build\intermediates\assets\androidpack\x64\src\config\stage\fb\kunnanfuben\naruto_knfb_11_1.lua compile ok
E:\cnkdjx\Client\MyLuaGame\frameworks\pokemon_proj_tc_qd\proj.android\app\build\intermediates\assets\androidpack\x64\src\config\stage\fb\kunnanfuben\naruto_knfb_11_2.lua luajit 64 ok
E:\cnkdjx\Client\MyLuaGame\frameworks\pokemon_proj_tc_qd\proj.android\app\build\intermediates\assets\androidpack\x64\src\config\stage\fb\kunnanfuben\naruto_knfb_11_2.lua compile ok
E:\cnkdjx\Client\MyLuaGame\frameworks\pokemon_proj_tc_qd\proj.android\app\build\intermediates\assets\androidpack\x64\src\config\stage\fb\kunnanfuben\naruto_knfb_11_3.lua luajit 64 ok
E:\cnkdjx\Client\MyLuaGame\frameworks\pokemon_proj_tc_qd\proj.android\app\build\intermediates\assets\androidpack\x64\src\config\stage\fb\kunnanfuben\naruto_knfb_11_3.lua compile ok
E:\cnkdjx\Client\MyLuaGame\frameworks\pokemon_proj_tc_qd\proj.android\app\build\intermediates\assets\androidpack\x64\src\config\stage\fb\kunnanfuben\naruto_knfb_11_4.lua luajit 64 ok
E:\cnkdjx\Client\MyLuaGame\frameworks\pokemon_proj_tc_qd\proj.android\app\build\intermediates\assets\androidpack\x64\src\config\stage\fb\kunnanfuben\naruto_knfb_11_4.lua compile ok
E:\cnkdjx\Client\MyLuaGame\frameworks\pokemon_proj_tc_qd\proj.android\app\build\intermediates\assets\androidpack\x64\src\config\stage\fb\kunnanfuben\naruto_knfb_11_5.lua luajit 64 ok
E:\cnkdjx\Client\MyLuaGame\frameworks\pokemon_proj_tc_qd\proj.android\app\build\intermediates\assets\androidpack\x64\src\config\stage\fb\kunnanfuben\naruto_knfb_11_5.lua compile ok
E:\cnkdjx\Client\MyLuaGame\frameworks\pokemon_proj_tc_qd\proj.android\app\build\intermediates\assets\androidpack\x64\src\config\stage\fb\kunnanfuben\naruto_knfb_12_1.lua luajit 64 ok
E:\cnkdjx\Client\MyLuaGame\frameworks\pokemon_proj_tc_qd\proj.android\app\build\intermediates\assets\androidpack\x64\src\config\stage\fb\kunnanfuben\naruto_knfb_12_1.lua compile ok
E:\cnkdjx\Client\MyLuaGame\frameworks\pokemon_proj_tc_qd\proj.android\app\build\intermediates\assets\androidpack\x64\src\config\stage\fb\kunnanfuben\naruto_knfb_12_2.lua luajit 64 ok
E:\cnkdjx\Client\MyLuaGame\frameworks\pokemon_proj_tc_qd\proj.android\app\build\intermediates\assets\androidpack\x64\src\config\stage\fb\kunnanfuben\naruto_knfb_12_2.lua compile ok
E:\cnkdjx\Client\MyLuaGame\frameworks\pokemon_proj_tc_qd\proj.android\app\build\intermediates\assets\androidpack\x64\src\config\stage\fb\kunnanfuben\naruto_knfb_12_3.lua luajit 64 ok
E:\cnkdjx\Client\MyLuaGame\frameworks\pokemon_proj_tc_qd\proj.android\app\build\intermediates\assets\androidpack\x64\src\config\stage\fb\kunnanfuben\naruto_knfb_12_3.lua compile ok
E:\cnkdjx\Client\MyLuaGame\frameworks\pokemon_proj_tc_qd\proj.android\app\build\intermediates\assets\androidpack\x64\src\config\stage\fb\kunnanfuben\naruto_knfb_12_4.lua luajit 64 ok
E:\cnkdjx\Client\MyLuaGame\frameworks\pokemon_proj_tc_qd\proj.android\app\build\intermediates\assets\androidpack\x64\src\config\stage\fb\kunnanfuben\naruto_knfb_12_4.lua compile ok
E:\cnkdjx\Client\MyLuaGame\frameworks\pokemon_proj_tc_qd\proj.android\app\build\intermediates\assets\androidpack\x64\src\config\stage\fb\kunnanfuben\naruto_knfb_12_5.lua luajit 64 ok
E:\cnkdjx\Client\MyLuaGame\frameworks\pokemon_proj_tc_qd\proj.android\app\build\intermediates\assets\androidpack\x64\src\config\stage\fb\kunnanfuben\naruto_knfb_12_5.lua compile ok
E:\cnkdjx\Client\MyLuaGame\frameworks\pokemon_proj_tc_qd\proj.android\app\build\intermediates\assets\androidpack\x64\src\config\stage\fb\kunnanfuben\naruto_knfb_13_1.lua luajit 64 ok
E:\cnkdjx\Client\MyLuaGame\frameworks\pokemon_proj_tc_qd\proj.android\app\build\intermediates\assets\androidpack\x64\src\config\stage\fb\kunnanfuben\naruto_knfb_13_1.lua compile ok
E:\cnkdjx\Client\MyLuaGame\frameworks\pokemon_proj_tc_qd\proj.android\app\build\intermediates\assets\androidpack\x64\src\config\stage\fb\kunnanfuben\naruto_knfb_13_2.lua luajit 64 ok
E:\cnkdjx\Client\MyLuaGame\frameworks\pokemon_proj_tc_qd\proj.android\app\build\intermediates\assets\androidpack\x64\src\config\stage\fb\kunnanfuben\naruto_knfb_13_2.lua compile ok
E:\cnkdjx\Client\MyLuaGame\frameworks\pokemon_proj_tc_qd\proj.android\app\build\intermediates\assets\androidpack\x64\src\config\stage\fb\kunnanfuben\naruto_knfb_13_3.lua luajit 64 ok
E:\cnkdjx\Client\MyLuaGame\frameworks\pokemon_proj_tc_qd\proj.android\app\build\intermediates\assets\androidpack\x64\src\config\stage\fb\kunnanfuben\naruto_knfb_13_3.lua compile ok
E:\cnkdjx\Client\MyLuaGame\frameworks\pokemon_proj_tc_qd\proj.android\app\build\intermediates\assets\androidpack\x64\src\config\stage\fb\kunnanfuben\naruto_knfb_13_4.lua luajit 64 ok
E:\cnkdjx\Client\MyLuaGame\frameworks\pokemon_proj_tc_qd\proj.android\app\build\intermediates\assets\androidpack\x64\src\config\stage\fb\kunnanfuben\naruto_knfb_13_4.lua compile ok
E:\cnkdjx\Client\MyLuaGame\frameworks\pokemon_proj_tc_qd\proj.android\app\build\intermediates\assets\androidpack\x64\src\config\stage\fb\kunnanfuben\naruto_knfb_13_5.lua luajit 64 ok
E:\cnkdjx\Client\MyLuaGame\frameworks\pokemon_proj_tc_qd\proj.android\app\build\intermediates\assets\androidpack\x64\src\config\stage\fb\kunnanfuben\naruto_knfb_13_5.lua compile ok
E:\cnkdjx\Client\MyLuaGame\frameworks\pokemon_proj_tc_qd\proj.android\app\build\intermediates\assets\androidpack\x64\src\config\stage\fb\kunnanfuben\naruto_knfb_14_1.lua luajit 64 ok
E:\cnkdjx\Client\MyLuaGame\frameworks\pokemon_proj_tc_qd\proj.android\app\build\intermediates\assets\androidpack\x64\src\config\stage\fb\kunnanfuben\naruto_knfb_14_1.lua compile ok
E:\cnkdjx\Client\MyLuaGame\frameworks\pokemon_proj_tc_qd\proj.android\app\build\intermediates\assets\androidpack\x64\src\config\stage\fb\kunnanfuben\naruto_knfb_14_2.lua luajit 64 ok
E:\cnkdjx\Client\MyLuaGame\frameworks\pokemon_proj_tc_qd\proj.android\app\build\intermediates\assets\androidpack\x64\src\config\stage\fb\kunnanfuben\naruto_knfb_14_2.lua compile ok
E:\cnkdjx\Client\MyLuaGame\frameworks\pokemon_proj_tc_qd\proj.android\app\build\intermediates\assets\androidpack\x64\src\config\stage\fb\kunnanfuben\naruto_knfb_14_3.lua luajit 64 ok
E:\cnkdjx\Client\MyLuaGame\frameworks\pokemon_proj_tc_qd\proj.android\app\build\intermediates\assets\androidpack\x64\src\config\stage\fb\kunnanfuben\naruto_knfb_14_3.lua compile ok
E:\cnkdjx\Client\MyLuaGame\frameworks\pokemon_proj_tc_qd\proj.android\app\build\intermediates\assets\androidpack\x64\src\config\stage\fb\kunnanfuben\naruto_knfb_14_4.lua luajit 64 ok
E:\cnkdjx\Client\MyLuaGame\frameworks\pokemon_proj_tc_qd\proj.android\app\build\intermediates\assets\androidpack\x64\src\config\stage\fb\kunnanfuben\naruto_knfb_14_4.lua compile ok
E:\cnkdjx\Client\MyLuaGame\frameworks\pokemon_proj_tc_qd\proj.android\app\build\intermediates\assets\androidpack\x64\src\config\stage\fb\kunnanfuben\naruto_knfb_14_5.lua luajit 64 ok
E:\cnkdjx\Client\MyLuaGame\frameworks\pokemon_proj_tc_qd\proj.android\app\build\intermediates\assets\androidpack\x64\src\config\stage\fb\kunnanfuben\naruto_knfb_14_5.lua compile ok
E:\cnkdjx\Client\MyLuaGame\frameworks\pokemon_proj_tc_qd\proj.android\app\build\intermediates\assets\androidpack\x64\src\config\stage\fb\kunnanfuben\naruto_knfb_15_1.lua luajit 64 ok
E:\cnkdjx\Client\MyLuaGame\frameworks\pokemon_proj_tc_qd\proj.android\app\build\intermediates\assets\androidpack\x64\src\config\stage\fb\kunnanfuben\naruto_knfb_15_1.lua compile ok
E:\cnkdjx\Client\MyLuaGame\frameworks\pokemon_proj_tc_qd\proj.android\app\build\intermediates\assets\androidpack\x64\src\config\stage\fb\kunnanfuben\naruto_knfb_15_2.lua luajit 64 ok
E:\cnkdjx\Client\MyLuaGame\frameworks\pokemon_proj_tc_qd\proj.android\app\build\intermediates\assets\androidpack\x64\src\config\stage\fb\kunnanfuben\naruto_knfb_15_2.lua compile ok
E:\cnkdjx\Client\MyLuaGame\frameworks\pokemon_proj_tc_qd\proj.android\app\build\intermediates\assets\androidpack\x64\src\config\stage\fb\kunnanfuben\naruto_knfb_15_3.lua luajit 64 ok
E:\cnkdjx\Client\MyLuaGame\frameworks\pokemon_proj_tc_qd\proj.android\app\build\intermediates\assets\androidpack\x64\src\config\stage\fb\kunnanfuben\naruto_knfb_15_3.lua compile ok
E:\cnkdjx\Client\MyLuaGame\frameworks\pokemon_proj_tc_qd\proj.android\app\build\intermediates\assets\androidpack\x64\src\config\stage\fb\kunnanfuben\naruto_knfb_15_4.lua luajit 64 ok
E:\cnkdjx\Client\MyLuaGame\frameworks\pokemon_proj_tc_qd\proj.android\app\build\intermediates\assets\androidpack\x64\src\config\stage\fb\kunnanfuben\naruto_knfb_15_4.lua compile ok
E:\cnkdjx\Client\MyLuaGame\frameworks\pokemon_proj_tc_qd\proj.android\app\build\intermediates\assets\androidpack\x64\src\config\stage\fb\kunnanfuben\naruto_knfb_15_5.lua luajit 64 ok
E:\cnkdjx\Client\MyLuaGame\frameworks\pokemon_proj_tc_qd\proj.android\app\build\intermediates\assets\androidpack\x64\src\config\stage\fb\kunnanfuben\naruto_knfb_15_5.lua compile ok
E:\cnkdjx\Client\MyLuaGame\frameworks\pokemon_proj_tc_qd\proj.android\app\build\intermediates\assets\androidpack\x64\src\config\stage\fb\kunnanfuben\naruto_knfb_16_1.lua luajit 64 ok
E:\cnkdjx\Client\MyLuaGame\frameworks\pokemon_proj_tc_qd\proj.android\app\build\intermediates\assets\androidpack\x64\src\config\stage\fb\kunnanfuben\naruto_knfb_16_1.lua compile ok
E:\cnkdjx\Client\MyLuaGame\frameworks\pokemon_proj_tc_qd\proj.android\app\build\intermediates\assets\androidpack\x64\src\config\stage\fb\kunnanfuben\naruto_knfb_16_2.lua luajit 64 ok
E:\cnkdjx\Client\MyLuaGame\frameworks\pokemon_proj_tc_qd\proj.android\app\build\intermediates\assets\androidpack\x64\src\config\stage\fb\kunnanfuben\naruto_knfb_16_2.lua compile ok
E:\cnkdjx\Client\MyLuaGame\frameworks\pokemon_proj_tc_qd\proj.android\app\build\intermediates\assets\androidpack\x64\src\config\stage\fb\kunnanfuben\naruto_knfb_16_3.lua luajit 64 ok
E:\cnkdjx\Client\MyLuaGame\frameworks\pokemon_proj_tc_qd\proj.android\app\build\intermediates\assets\androidpack\x64\src\config\stage\fb\kunnanfuben\naruto_knfb_16_3.lua compile ok
E:\cnkdjx\Client\MyLuaGame\frameworks\pokemon_proj_tc_qd\proj.android\app\build\intermediates\assets\androidpack\x64\src\config\stage\fb\kunnanfuben\naruto_knfb_16_4.lua luajit 64 ok
E:\cnkdjx\Client\MyLuaGame\frameworks\pokemon_proj_tc_qd\proj.android\app\build\intermediates\assets\androidpack\x64\src\config\stage\fb\kunnanfuben\naruto_knfb_16_4.lua compile ok
E:\cnkdjx\Client\MyLuaGame\frameworks\pokemon_proj_tc_qd\proj.android\app\build\intermediates\assets\androidpack\x64\src\config\stage\fb\kunnanfuben\naruto_knfb_16_5.lua luajit 64 ok
E:\cnkdjx\Client\MyLuaGame\frameworks\pokemon_proj_tc_qd\proj.android\app\build\intermediates\assets\androidpack\x64\src\config\stage\fb\kunnanfuben\naruto_knfb_16_5.lua compile ok
E:\cnkdjx\Client\MyLuaGame\frameworks\pokemon_proj_tc_qd\proj.android\app\build\intermediates\assets\androidpack\x64\src\config\stage\fb\kunnanfuben\naruto_knfb_17_1.lua luajit 64 ok
E:\cnkdjx\Client\MyLuaGame\frameworks\pokemon_proj_tc_qd\proj.android\app\build\intermediates\assets\androidpack\x64\src\config\stage\fb\kunnanfuben\naruto_knfb_17_1.lua compile ok
E:\cnkdjx\Client\MyLuaGame\frameworks\pokemon_proj_tc_qd\proj.android\app\build\intermediates\assets\androidpack\x64\src\config\stage\fb\kunnanfuben\naruto_knfb_17_2.lua luajit 64 ok
E:\cnkdjx\Client\MyLuaGame\frameworks\pokemon_proj_tc_qd\proj.android\app\build\intermediates\assets\androidpack\x64\src\config\stage\fb\kunnanfuben\naruto_knfb_17_2.lua compile ok
E:\cnkdjx\Client\MyLuaGame\frameworks\pokemon_proj_tc_qd\proj.android\app\build\intermediates\assets\androidpack\x64\src\config\stage\fb\kunnanfuben\naruto_knfb_17_3.lua luajit 64 ok
E:\cnkdjx\Client\MyLuaGame\frameworks\pokemon_proj_tc_qd\proj.android\app\build\intermediates\assets\androidpack\x64\src\config\stage\fb\kunnanfuben\naruto_knfb_17_3.lua compile ok
E:\cnkdjx\Client\MyLuaGame\frameworks\pokemon_proj_tc_qd\proj.android\app\build\intermediates\assets\androidpack\x64\src\config\stage\fb\kunnanfuben\naruto_knfb_17_4.lua luajit 64 ok
E:\cnkdjx\Client\MyLuaGame\frameworks\pokemon_proj_tc_qd\proj.android\app\build\intermediates\assets\androidpack\x64\src\config\stage\fb\kunnanfuben\naruto_knfb_17_4.lua compile ok
E:\cnkdjx\Client\MyLuaGame\frameworks\pokemon_proj_tc_qd\proj.android\app\build\intermediates\assets\androidpack\x64\src\config\stage\fb\kunnanfuben\naruto_knfb_17_5.lua luajit 64 ok
E:\cnkdjx\Client\MyLuaGame\frameworks\pokemon_proj_tc_qd\proj.android\app\build\intermediates\assets\androidpack\x64\src\config\stage\fb\kunnanfuben\naruto_knfb_17_5.lua compile ok
E:\cnkdjx\Client\MyLuaGame\frameworks\pokemon_proj_tc_qd\proj.android\app\build\intermediates\assets\androidpack\x64\src\config\stage\fb\kunnanfuben\naruto_knfb_18_1.lua luajit 64 ok
E:\cnkdjx\Client\MyLuaGame\frameworks\pokemon_proj_tc_qd\proj.android\app\build\intermediates\assets\androidpack\x64\src\config\stage\fb\kunnanfuben\naruto_knfb_18_1.lua compile ok
E:\cnkdjx\Client\MyLuaGame\frameworks\pokemon_proj_tc_qd\proj.android\app\build\intermediates\assets\androidpack\x64\src\config\stage\fb\kunnanfuben\naruto_knfb_18_2.lua luajit 64 ok
E:\cnkdjx\Client\MyLuaGame\frameworks\pokemon_proj_tc_qd\proj.android\app\build\intermediates\assets\androidpack\x64\src\config\stage\fb\kunnanfuben\naruto_knfb_18_2.lua compile ok
E:\cnkdjx\Client\MyLuaGame\frameworks\pokemon_proj_tc_qd\proj.android\app\build\intermediates\assets\androidpack\x64\src\config\stage\fb\kunnanfuben\naruto_knfb_18_3.lua luajit 64 ok
E:\cnkdjx\Client\MyLuaGame\frameworks\pokemon_proj_tc_qd\proj.android\app\build\intermediates\assets\androidpack\x64\src\config\stage\fb\kunnanfuben\naruto_knfb_18_3.lua compile ok
E:\cnkdjx\Client\MyLuaGame\frameworks\pokemon_proj_tc_qd\proj.android\app\build\intermediates\assets\androidpack\x64\src\config\stage\fb\kunnanfuben\naruto_knfb_18_4.lua luajit 64 ok
E:\cnkdjx\Client\MyLuaGame\frameworks\pokemon_proj_tc_qd\proj.android\app\build\intermediates\assets\androidpack\x64\src\config\stage\fb\kunnanfuben\naruto_knfb_18_4.lua compile ok
E:\cnkdjx\Client\MyLuaGame\frameworks\pokemon_proj_tc_qd\proj.android\app\build\intermediates\assets\androidpack\x64\src\config\stage\fb\kunnanfuben\naruto_knfb_18_5.lua luajit 64 ok
E:\cnkdjx\Client\MyLuaGame\frameworks\pokemon_proj_tc_qd\proj.android\app\build\intermediates\assets\androidpack\x64\src\config\stage\fb\kunnanfuben\naruto_knfb_18_5.lua compile ok
E:\cnkdjx\Client\MyLuaGame\frameworks\pokemon_proj_tc_qd\proj.android\app\build\intermediates\assets\androidpack\x64\src\config\stage\fb\kunnanfuben\naruto_knfb_19_1.lua luajit 64 ok
E:\cnkdjx\Client\MyLuaGame\frameworks\pokemon_proj_tc_qd\proj.android\app\build\intermediates\assets\androidpack\x64\src\config\stage\fb\kunnanfuben\naruto_knfb_19_1.lua compile ok
E:\cnkdjx\Client\MyLuaGame\frameworks\pokemon_proj_tc_qd\proj.android\app\build\intermediates\assets\androidpack\x64\src\config\stage\fb\kunnanfuben\naruto_knfb_19_2.lua luajit 64 ok
E:\cnkdjx\Client\MyLuaGame\frameworks\pokemon_proj_tc_qd\proj.android\app\build\intermediates\assets\androidpack\x64\src\config\stage\fb\kunnanfuben\naruto_knfb_19_2.lua compile ok
E:\cnkdjx\Client\MyLuaGame\frameworks\pokemon_proj_tc_qd\proj.android\app\build\intermediates\assets\androidpack\x64\src\config\stage\fb\kunnanfuben\naruto_knfb_19_3.lua luajit 64 ok
E:\cnkdjx\Client\MyLuaGame\frameworks\pokemon_proj_tc_qd\proj.android\app\build\intermediates\assets\androidpack\x64\src\config\stage\fb\kunnanfuben\naruto_knfb_19_3.lua compile ok
E:\cnkdjx\Client\MyLuaGame\frameworks\pokemon_proj_tc_qd\proj.android\app\build\intermediates\assets\androidpack\x64\src\config\stage\fb\kunnanfuben\naruto_knfb_19_4.lua luajit 64 ok
E:\cnkdjx\Client\MyLuaGame\frameworks\pokemon_proj_tc_qd\proj.android\app\build\intermediates\assets\androidpack\x64\src\config\stage\fb\kunnanfuben\naruto_knfb_19_4.lua compile ok
E:\cnkdjx\Client\MyLuaGame\frameworks\pokemon_proj_tc_qd\proj.android\app\build\intermediates\assets\androidpack\x64\src\config\stage\fb\kunnanfuben\naruto_knfb_19_5.lua luajit 64 ok
E:\cnkdjx\Client\MyLuaGame\frameworks\pokemon_proj_tc_qd\proj.android\app\build\intermediates\assets\androidpack\x64\src\config\stage\fb\kunnanfuben\naruto_knfb_19_5.lua compile ok
E:\cnkdjx\Client\MyLuaGame\frameworks\pokemon_proj_tc_qd\proj.android\app\build\intermediates\assets\androidpack\x64\src\config\stage\fb\kunnanfuben\naruto_knfb_1_1.lua luajit 64 ok
E:\cnkdjx\Client\MyLuaGame\frameworks\pokemon_proj_tc_qd\proj.android\app\build\intermediates\assets\androidpack\x64\src\config\stage\fb\kunnanfuben\naruto_knfb_1_1.lua compile ok
E:\cnkdjx\Client\MyLuaGame\frameworks\pokemon_proj_tc_qd\proj.android\app\build\intermediates\assets\androidpack\x64\src\config\stage\fb\kunnanfuben\naruto_knfb_1_2.lua luajit 64 ok
E:\cnkdjx\Client\MyLuaGame\frameworks\pokemon_proj_tc_qd\proj.android\app\build\intermediates\assets\androidpack\x64\src\config\stage\fb\kunnanfuben\naruto_knfb_1_2.lua compile ok
E:\cnkdjx\Client\MyLuaGame\frameworks\pokemon_proj_tc_qd\proj.android\app\build\intermediates\assets\androidpack\x64\src\config\stage\fb\kunnanfuben\naruto_knfb_1_3.lua luajit 64 ok
E:\cnkdjx\Client\MyLuaGame\frameworks\pokemon_proj_tc_qd\proj.android\app\build\intermediates\assets\androidpack\x64\src\config\stage\fb\kunnanfuben\naruto_knfb_1_3.lua compile ok
E:\cnkdjx\Client\MyLuaGame\frameworks\pokemon_proj_tc_qd\proj.android\app\build\intermediates\assets\androidpack\x64\src\config\stage\fb\kunnanfuben\naruto_knfb_20_1.lua luajit 64 ok
E:\cnkdjx\Client\MyLuaGame\frameworks\pokemon_proj_tc_qd\proj.android\app\build\intermediates\assets\androidpack\x64\src\config\stage\fb\kunnanfuben\naruto_knfb_20_1.lua compile ok
E:\cnkdjx\Client\MyLuaGame\frameworks\pokemon_proj_tc_qd\proj.android\app\build\intermediates\assets\androidpack\x64\src\config\stage\fb\kunnanfuben\naruto_knfb_20_2.lua luajit 64 ok
E:\cnkdjx\Client\MyLuaGame\frameworks\pokemon_proj_tc_qd\proj.android\app\build\intermediates\assets\androidpack\x64\src\config\stage\fb\kunnanfuben\naruto_knfb_20_2.lua compile ok
E:\cnkdjx\Client\MyLuaGame\frameworks\pokemon_proj_tc_qd\proj.android\app\build\intermediates\assets\androidpack\x64\src\config\stage\fb\kunnanfuben\naruto_knfb_20_3.lua luajit 64 ok
E:\cnkdjx\Client\MyLuaGame\frameworks\pokemon_proj_tc_qd\proj.android\app\build\intermediates\assets\androidpack\x64\src\config\stage\fb\kunnanfuben\naruto_knfb_20_3.lua compile ok
E:\cnkdjx\Client\MyLuaGame\frameworks\pokemon_proj_tc_qd\proj.android\app\build\intermediates\assets\androidpack\x64\src\config\stage\fb\kunnanfuben\naruto_knfb_20_4.lua luajit 64 ok
E:\cnkdjx\Client\MyLuaGame\frameworks\pokemon_proj_tc_qd\proj.android\app\build\intermediates\assets\androidpack\x64\src\config\stage\fb\kunnanfuben\naruto_knfb_20_4.lua compile ok
E:\cnkdjx\Client\MyLuaGame\frameworks\pokemon_proj_tc_qd\proj.android\app\build\intermediates\assets\androidpack\x64\src\config\stage\fb\kunnanfuben\naruto_knfb_20_5.lua luajit 64 ok
E:\cnkdjx\Client\MyLuaGame\frameworks\pokemon_proj_tc_qd\proj.android\app\build\intermediates\assets\androidpack\x64\src\config\stage\fb\kunnanfuben\naruto_knfb_20_5.lua compile ok
E:\cnkdjx\Client\MyLuaGame\frameworks\pokemon_proj_tc_qd\proj.android\app\build\intermediates\assets\androidpack\x64\src\config\stage\fb\kunnanfuben\naruto_knfb_21_1.lua luajit 64 ok
E:\cnkdjx\Client\MyLuaGame\frameworks\pokemon_proj_tc_qd\proj.android\app\build\intermediates\assets\androidpack\x64\src\config\stage\fb\kunnanfuben\naruto_knfb_21_1.lua compile ok
E:\cnkdjx\Client\MyLuaGame\frameworks\pokemon_proj_tc_qd\proj.android\app\build\intermediates\assets\androidpack\x64\src\config\stage\fb\kunnanfuben\naruto_knfb_21_2.lua luajit 64 ok
E:\cnkdjx\Client\MyLuaGame\frameworks\pokemon_proj_tc_qd\proj.android\app\build\intermediates\assets\androidpack\x64\src\config\stage\fb\kunnanfuben\naruto_knfb_21_2.lua compile ok
E:\cnkdjx\Client\MyLuaGame\frameworks\pokemon_proj_tc_qd\proj.android\app\build\intermediates\assets\androidpack\x64\src\config\stage\fb\kunnanfuben\naruto_knfb_21_3.lua luajit 64 ok
E:\cnkdjx\Client\MyLuaGame\frameworks\pokemon_proj_tc_qd\proj.android\app\build\intermediates\assets\androidpack\x64\src\config\stage\fb\kunnanfuben\naruto_knfb_21_3.lua compile ok
E:\cnkdjx\Client\MyLuaGame\frameworks\pokemon_proj_tc_qd\proj.android\app\build\intermediates\assets\androidpack\x64\src\config\stage\fb\kunnanfuben\naruto_knfb_21_4.lua luajit 64 ok
E:\cnkdjx\Client\MyLuaGame\frameworks\pokemon_proj_tc_qd\proj.android\app\build\intermediates\assets\androidpack\x64\src\config\stage\fb\kunnanfuben\naruto_knfb_21_4.lua compile ok
E:\cnkdjx\Client\MyLuaGame\frameworks\pokemon_proj_tc_qd\proj.android\app\build\intermediates\assets\androidpack\x64\src\config\stage\fb\kunnanfuben\naruto_knfb_21_5.lua luajit 64 ok
E:\cnkdjx\Client\MyLuaGame\frameworks\pokemon_proj_tc_qd\proj.android\app\build\intermediates\assets\androidpack\x64\src\config\stage\fb\kunnanfuben\naruto_knfb_21_5.lua compile ok
E:\cnkdjx\Client\MyLuaGame\frameworks\pokemon_proj_tc_qd\proj.android\app\build\intermediates\assets\androidpack\x64\src\config\stage\fb\kunnanfuben\naruto_knfb_22_1.lua luajit 64 ok
E:\cnkdjx\Client\MyLuaGame\frameworks\pokemon_proj_tc_qd\proj.android\app\build\intermediates\assets\androidpack\x64\src\config\stage\fb\kunnanfuben\naruto_knfb_22_1.lua compile ok
E:\cnkdjx\Client\MyLuaGame\frameworks\pokemon_proj_tc_qd\proj.android\app\build\intermediates\assets\androidpack\x64\src\config\stage\fb\kunnanfuben\naruto_knfb_22_2.lua luajit 64 ok
E:\cnkdjx\Client\MyLuaGame\frameworks\pokemon_proj_tc_qd\proj.android\app\build\intermediates\assets\androidpack\x64\src\config\stage\fb\kunnanfuben\naruto_knfb_22_2.lua compile ok
E:\cnkdjx\Client\MyLuaGame\frameworks\pokemon_proj_tc_qd\proj.android\app\build\intermediates\assets\androidpack\x64\src\config\stage\fb\kunnanfuben\naruto_knfb_22_3.lua luajit 64 ok
E:\cnkdjx\Client\MyLuaGame\frameworks\pokemon_proj_tc_qd\proj.android\app\build\intermediates\assets\androidpack\x64\src\config\stage\fb\kunnanfuben\naruto_knfb_22_3.lua compile ok
E:\cnkdjx\Client\MyLuaGame\frameworks\pokemon_proj_tc_qd\proj.android\app\build\intermediates\assets\androidpack\x64\src\config\stage\fb\kunnanfuben\naruto_knfb_22_4.lua luajit 64 ok
E:\cnkdjx\Client\MyLuaGame\frameworks\pokemon_proj_tc_qd\proj.android\app\build\intermediates\assets\androidpack\x64\src\config\stage\fb\kunnanfuben\naruto_knfb_22_4.lua compile ok
E:\cnkdjx\Client\MyLuaGame\frameworks\pokemon_proj_tc_qd\proj.android\app\build\intermediates\assets\androidpack\x64\src\config\stage\fb\kunnanfuben\naruto_knfb_22_5.lua luajit 64 ok
E:\cnkdjx\Client\MyLuaGame\frameworks\pokemon_proj_tc_qd\proj.android\app\build\intermediates\assets\androidpack\x64\src\config\stage\fb\kunnanfuben\naruto_knfb_22_5.lua compile ok
E:\cnkdjx\Client\MyLuaGame\frameworks\pokemon_proj_tc_qd\proj.android\app\build\intermediates\assets\androidpack\x64\src\config\stage\fb\kunnanfuben\naruto_knfb_2_1.lua luajit 64 ok
E:\cnkdjx\Client\MyLuaGame\frameworks\pokemon_proj_tc_qd\proj.android\app\build\intermediates\assets\androidpack\x64\src\config\stage\fb\kunnanfuben\naruto_knfb_2_1.lua compile ok
E:\cnkdjx\Client\MyLuaGame\frameworks\pokemon_proj_tc_qd\proj.android\app\build\intermediates\assets\androidpack\x64\src\config\stage\fb\kunnanfuben\naruto_knfb_2_2.lua luajit 64 ok
E:\cnkdjx\Client\MyLuaGame\frameworks\pokemon_proj_tc_qd\proj.android\app\build\intermediates\assets\androidpack\x64\src\config\stage\fb\kunnanfuben\naruto_knfb_2_2.lua compile ok
E:\cnkdjx\Client\MyLuaGame\frameworks\pokemon_proj_tc_qd\proj.android\app\build\intermediates\assets\androidpack\x64\src\config\stage\fb\kunnanfuben\naruto_knfb_2_3.lua luajit 64 ok
E:\cnkdjx\Client\MyLuaGame\frameworks\pokemon_proj_tc_qd\proj.android\app\build\intermediates\assets\androidpack\x64\src\config\stage\fb\kunnanfuben\naruto_knfb_2_3.lua compile ok
E:\cnkdjx\Client\MyLuaGame\frameworks\pokemon_proj_tc_qd\proj.android\app\build\intermediates\assets\androidpack\x64\src\config\stage\fb\kunnanfuben\naruto_knfb_3_1.lua luajit 64 ok
E:\cnkdjx\Client\MyLuaGame\frameworks\pokemon_proj_tc_qd\proj.android\app\build\intermediates\assets\androidpack\x64\src\config\stage\fb\kunnanfuben\naruto_knfb_3_1.lua compile ok
E:\cnkdjx\Client\MyLuaGame\frameworks\pokemon_proj_tc_qd\proj.android\app\build\intermediates\assets\androidpack\x64\src\config\stage\fb\kunnanfuben\naruto_knfb_3_2.lua luajit 64 ok
E:\cnkdjx\Client\MyLuaGame\frameworks\pokemon_proj_tc_qd\proj.android\app\build\intermediates\assets\androidpack\x64\src\config\stage\fb\kunnanfuben\naruto_knfb_3_2.lua compile ok
E:\cnkdjx\Client\MyLuaGame\frameworks\pokemon_proj_tc_qd\proj.android\app\build\intermediates\assets\androidpack\x64\src\config\stage\fb\kunnanfuben\naruto_knfb_3_3.lua luajit 64 ok
E:\cnkdjx\Client\MyLuaGame\frameworks\pokemon_proj_tc_qd\proj.android\app\build\intermediates\assets\androidpack\x64\src\config\stage\fb\kunnanfuben\naruto_knfb_3_3.lua compile ok
E:\cnkdjx\Client\MyLuaGame\frameworks\pokemon_proj_tc_qd\proj.android\app\build\intermediates\assets\androidpack\x64\src\config\stage\fb\kunnanfuben\naruto_knfb_3_4.lua luajit 64 ok
E:\cnkdjx\Client\MyLuaGame\frameworks\pokemon_proj_tc_qd\proj.android\app\build\intermediates\assets\androidpack\x64\src\config\stage\fb\kunnanfuben\naruto_knfb_3_4.lua compile ok
E:\cnkdjx\Client\MyLuaGame\frameworks\pokemon_proj_tc_qd\proj.android\app\build\intermediates\assets\androidpack\x64\src\config\stage\fb\kunnanfuben\naruto_knfb_4_1.lua luajit 64 ok
E:\cnkdjx\Client\MyLuaGame\frameworks\pokemon_proj_tc_qd\proj.android\app\build\intermediates\assets\androidpack\x64\src\config\stage\fb\kunnanfuben\naruto_knfb_4_1.lua compile ok
E:\cnkdjx\Client\MyLuaGame\frameworks\pokemon_proj_tc_qd\proj.android\app\build\intermediates\assets\androidpack\x64\src\config\stage\fb\kunnanfuben\naruto_knfb_4_2.lua luajit 64 ok
E:\cnkdjx\Client\MyLuaGame\frameworks\pokemon_proj_tc_qd\proj.android\app\build\intermediates\assets\androidpack\x64\src\config\stage\fb\kunnanfuben\naruto_knfb_4_2.lua compile ok
E:\cnkdjx\Client\MyLuaGame\frameworks\pokemon_proj_tc_qd\proj.android\app\build\intermediates\assets\androidpack\x64\src\config\stage\fb\kunnanfuben\naruto_knfb_4_3.lua luajit 64 ok
E:\cnkdjx\Client\MyLuaGame\frameworks\pokemon_proj_tc_qd\proj.android\app\build\intermediates\assets\androidpack\x64\src\config\stage\fb\kunnanfuben\naruto_knfb_4_3.lua compile ok
E:\cnkdjx\Client\MyLuaGame\frameworks\pokemon_proj_tc_qd\proj.android\app\build\intermediates\assets\androidpack\x64\src\config\stage\fb\kunnanfuben\naruto_knfb_4_4.lua luajit 64 ok
E:\cnkdjx\Client\MyLuaGame\frameworks\pokemon_proj_tc_qd\proj.android\app\build\intermediates\assets\androidpack\x64\src\config\stage\fb\kunnanfuben\naruto_knfb_4_4.lua compile ok
E:\cnkdjx\Client\MyLuaGame\frameworks\pokemon_proj_tc_qd\proj.android\app\build\intermediates\assets\androidpack\x64\src\config\stage\fb\kunnanfuben\naruto_knfb_5_1.lua luajit 64 ok
E:\cnkdjx\Client\MyLuaGame\frameworks\pokemon_proj_tc_qd\proj.android\app\build\intermediates\assets\androidpack\x64\src\config\stage\fb\kunnanfuben\naruto_knfb_5_1.lua compile ok
E:\cnkdjx\Client\MyLuaGame\frameworks\pokemon_proj_tc_qd\proj.android\app\build\intermediates\assets\androidpack\x64\src\config\stage\fb\kunnanfuben\naruto_knfb_5_2.lua luajit 64 ok
E:\cnkdjx\Client\MyLuaGame\frameworks\pokemon_proj_tc_qd\proj.android\app\build\intermediates\assets\androidpack\x64\src\config\stage\fb\kunnanfuben\naruto_knfb_5_2.lua compile ok
E:\cnkdjx\Client\MyLuaGame\frameworks\pokemon_proj_tc_qd\proj.android\app\build\intermediates\assets\androidpack\x64\src\config\stage\fb\kunnanfuben\naruto_knfb_5_3.lua luajit 64 ok
E:\cnkdjx\Client\MyLuaGame\frameworks\pokemon_proj_tc_qd\proj.android\app\build\intermediates\assets\androidpack\x64\src\config\stage\fb\kunnanfuben\naruto_knfb_5_3.lua compile ok
E:\cnkdjx\Client\MyLuaGame\frameworks\pokemon_proj_tc_qd\proj.android\app\build\intermediates\assets\androidpack\x64\src\config\stage\fb\kunnanfuben\naruto_knfb_5_4.lua luajit 64 ok
E:\cnkdjx\Client\MyLuaGame\frameworks\pokemon_proj_tc_qd\proj.android\app\build\intermediates\assets\androidpack\x64\src\config\stage\fb\kunnanfuben\naruto_knfb_5_4.lua compile ok
E:\cnkdjx\Client\MyLuaGame\frameworks\pokemon_proj_tc_qd\proj.android\app\build\intermediates\assets\androidpack\x64\src\config\stage\fb\kunnanfuben\naruto_knfb_5_5.lua luajit 64 ok
E:\cnkdjx\Client\MyLuaGame\frameworks\pokemon_proj_tc_qd\proj.android\app\build\intermediates\assets\androidpack\x64\src\config\stage\fb\kunnanfuben\naruto_knfb_5_5.lua compile ok
E:\cnkdjx\Client\MyLuaGame\frameworks\pokemon_proj_tc_qd\proj.android\app\build\intermediates\assets\androidpack\x64\src\config\stage\fb\kunnanfuben\naruto_knfb_6_1.lua luajit 64 ok
E:\cnkdjx\Client\MyLuaGame\frameworks\pokemon_proj_tc_qd\proj.android\app\build\intermediates\assets\androidpack\x64\src\config\stage\fb\kunnanfuben\naruto_knfb_6_1.lua compile ok
E:\cnkdjx\Client\MyLuaGame\frameworks\pokemon_proj_tc_qd\proj.android\app\build\intermediates\assets\androidpack\x64\src\config\stage\fb\kunnanfuben\naruto_knfb_6_2.lua luajit 64 ok
E:\cnkdjx\Client\MyLuaGame\frameworks\pokemon_proj_tc_qd\proj.android\app\build\intermediates\assets\androidpack\x64\src\config\stage\fb\kunnanfuben\naruto_knfb_6_2.lua compile ok
E:\cnkdjx\Client\MyLuaGame\frameworks\pokemon_proj_tc_qd\proj.android\app\build\intermediates\assets\androidpack\x64\src\config\stage\fb\kunnanfuben\naruto_knfb_6_3.lua luajit 64 ok
E:\cnkdjx\Client\MyLuaGame\frameworks\pokemon_proj_tc_qd\proj.android\app\build\intermediates\assets\androidpack\x64\src\config\stage\fb\kunnanfuben\naruto_knfb_6_3.lua compile ok
E:\cnkdjx\Client\MyLuaGame\frameworks\pokemon_proj_tc_qd\proj.android\app\build\intermediates\assets\androidpack\x64\src\config\stage\fb\kunnanfuben\naruto_knfb_6_4.lua luajit 64 ok
E:\cnkdjx\Client\MyLuaGame\frameworks\pokemon_proj_tc_qd\proj.android\app\build\intermediates\assets\androidpack\x64\src\config\stage\fb\kunnanfuben\naruto_knfb_6_4.lua compile ok
E:\cnkdjx\Client\MyLuaGame\frameworks\pokemon_proj_tc_qd\proj.android\app\build\intermediates\assets\androidpack\x64\src\config\stage\fb\kunnanfuben\naruto_knfb_6_5.lua luajit 64 ok
E:\cnkdjx\Client\MyLuaGame\frameworks\pokemon_proj_tc_qd\proj.android\app\build\intermediates\assets\androidpack\x64\src\config\stage\fb\kunnanfuben\naruto_knfb_6_5.lua compile ok
E:\cnkdjx\Client\MyLuaGame\frameworks\pokemon_proj_tc_qd\proj.android\app\build\intermediates\assets\androidpack\x64\src\config\stage\fb\kunnanfuben\naruto_knfb_7_1.lua luajit 64 ok
E:\cnkdjx\Client\MyLuaGame\frameworks\pokemon_proj_tc_qd\proj.android\app\build\intermediates\assets\androidpack\x64\src\config\stage\fb\kunnanfuben\naruto_knfb_7_1.lua compile ok
E:\cnkdjx\Client\MyLuaGame\frameworks\pokemon_proj_tc_qd\proj.android\app\build\intermediates\assets\androidpack\x64\src\config\stage\fb\kunnanfuben\naruto_knfb_7_2.lua luajit 64 ok
E:\cnkdjx\Client\MyLuaGame\frameworks\pokemon_proj_tc_qd\proj.android\app\build\intermediates\assets\androidpack\x64\src\config\stage\fb\kunnanfuben\naruto_knfb_7_2.lua compile ok
E:\cnkdjx\Client\MyLuaGame\frameworks\pokemon_proj_tc_qd\proj.android\app\build\intermediates\assets\androidpack\x64\src\config\stage\fb\kunnanfuben\naruto_knfb_7_3.lua luajit 64 ok
E:\cnkdjx\Client\MyLuaGame\frameworks\pokemon_proj_tc_qd\proj.android\app\build\intermediates\assets\androidpack\x64\src\config\stage\fb\kunnanfuben\naruto_knfb_7_3.lua compile ok
E:\cnkdjx\Client\MyLuaGame\frameworks\pokemon_proj_tc_qd\proj.android\app\build\intermediates\assets\androidpack\x64\src\config\stage\fb\kunnanfuben\naruto_knfb_7_4.lua luajit 64 ok
E:\cnkdjx\Client\MyLuaGame\frameworks\pokemon_proj_tc_qd\proj.android\app\build\intermediates\assets\androidpack\x64\src\config\stage\fb\kunnanfuben\naruto_knfb_7_4.lua compile ok
E:\cnkdjx\Client\MyLuaGame\frameworks\pokemon_proj_tc_qd\proj.android\app\build\intermediates\assets\androidpack\x64\src\config\stage\fb\kunnanfuben\naruto_knfb_7_5.lua luajit 64 ok
E:\cnkdjx\Client\MyLuaGame\frameworks\pokemon_proj_tc_qd\proj.android\app\build\intermediates\assets\androidpack\x64\src\config\stage\fb\kunnanfuben\naruto_knfb_7_5.lua compile ok
E:\cnkdjx\Client\MyLuaGame\frameworks\pokemon_proj_tc_qd\proj.android\app\build\intermediates\assets\androidpack\x64\src\config\stage\fb\kunnanfuben\naruto_knfb_8_1.lua luajit 64 ok
E:\cnkdjx\Client\MyLuaGame\frameworks\pokemon_proj_tc_qd\proj.android\app\build\intermediates\assets\androidpack\x64\src\config\stage\fb\kunnanfuben\naruto_knfb_8_1.lua compile ok
E:\cnkdjx\Client\MyLuaGame\frameworks\pokemon_proj_tc_qd\proj.android\app\build\intermediates\assets\androidpack\x64\src\config\stage\fb\kunnanfuben\naruto_knfb_8_2.lua luajit 64 ok
E:\cnkdjx\Client\MyLuaGame\frameworks\pokemon_proj_tc_qd\proj.android\app\build\intermediates\assets\androidpack\x64\src\config\stage\fb\kunnanfuben\naruto_knfb_8_2.lua compile ok
E:\cnkdjx\Client\MyLuaGame\frameworks\pokemon_proj_tc_qd\proj.android\app\build\intermediates\assets\androidpack\x64\src\config\stage\fb\kunnanfuben\naruto_knfb_8_3.lua luajit 64 ok
E:\cnkdjx\Client\MyLuaGame\frameworks\pokemon_proj_tc_qd\proj.android\app\build\intermediates\assets\androidpack\x64\src\config\stage\fb\kunnanfuben\naruto_knfb_8_3.lua compile ok
E:\cnkdjx\Client\MyLuaGame\frameworks\pokemon_proj_tc_qd\proj.android\app\build\intermediates\assets\androidpack\x64\src\config\stage\fb\kunnanfuben\naruto_knfb_8_4.lua luajit 64 ok
E:\cnkdjx\Client\MyLuaGame\frameworks\pokemon_proj_tc_qd\proj.android\app\build\intermediates\assets\androidpack\x64\src\config\stage\fb\kunnanfuben\naruto_knfb_8_4.lua compile ok
E:\cnkdjx\Client\MyLuaGame\frameworks\pokemon_proj_tc_qd\proj.android\app\build\intermediates\assets\androidpack\x64\src\config\stage\fb\kunnanfuben\naruto_knfb_8_5.lua luajit 64 ok
E:\cnkdjx\Client\MyLuaGame\frameworks\pokemon_proj_tc_qd\proj.android\app\build\intermediates\assets\androidpack\x64\src\config\stage\fb\kunnanfuben\naruto_knfb_8_5.lua compile ok
E:\cnkdjx\Client\MyLuaGame\frameworks\pokemon_proj_tc_qd\proj.android\app\build\intermediates\assets\androidpack\x64\src\config\stage\fb\kunnanfuben\naruto_knfb_9_1.lua luajit 64 ok
E:\cnkdjx\Client\MyLuaGame\frameworks\pokemon_proj_tc_qd\proj.android\app\build\intermediates\assets\androidpack\x64\src\config\stage\fb\kunnanfuben\naruto_knfb_9_1.lua compile ok
E:\cnkdjx\Client\MyLuaGame\frameworks\pokemon_proj_tc_qd\proj.android\app\build\intermediates\assets\androidpack\x64\src\config\stage\fb\kunnanfuben\naruto_knfb_9_2.lua luajit 64 ok
E:\cnkdjx\Client\MyLuaGame\frameworks\pokemon_proj_tc_qd\proj.android\app\build\intermediates\assets\androidpack\x64\src\config\stage\fb\kunnanfuben\naruto_knfb_9_2.lua compile ok
E:\cnkdjx\Client\MyLuaGame\frameworks\pokemon_proj_tc_qd\proj.android\app\build\intermediates\assets\androidpack\x64\src\config\stage\fb\kunnanfuben\naruto_knfb_9_3.lua luajit 64 ok
E:\cnkdjx\Client\MyLuaGame\frameworks\pokemon_proj_tc_qd\proj.android\app\build\intermediates\assets\androidpack\x64\src\config\stage\fb\kunnanfuben\naruto_knfb_9_3.lua compile ok
E:\cnkdjx\Client\MyLuaGame\frameworks\pokemon_proj_tc_qd\proj.android\app\build\intermediates\assets\androidpack\x64\src\config\stage\fb\kunnanfuben\naruto_knfb_9_4.lua luajit 64 ok
E:\cnkdjx\Client\MyLuaGame\frameworks\pokemon_proj_tc_qd\proj.android\app\build\intermediates\assets\androidpack\x64\src\config\stage\fb\kunnanfuben\naruto_knfb_9_4.lua compile ok
E:\cnkdjx\Client\MyLuaGame\frameworks\pokemon_proj_tc_qd\proj.android\app\build\intermediates\assets\androidpack\x64\src\config\stage\fb\kunnanfuben\naruto_knfb_9_5.lua luajit 64 ok
E:\cnkdjx\Client\MyLuaGame\frameworks\pokemon_proj_tc_qd\proj.android\app\build\intermediates\assets\androidpack\x64\src\config\stage\fb\kunnanfuben\naruto_knfb_9_5.lua compile ok
E:\cnkdjx\Client\MyLuaGame\frameworks\pokemon_proj_tc_qd\proj.android\app\build\intermediates\assets\androidpack\x64\src\config\stage\fb\putongfuben\naruto_fb_10_1.lua luajit 64 ok
E:\cnkdjx\Client\MyLuaGame\frameworks\pokemon_proj_tc_qd\proj.android\app\build\intermediates\assets\androidpack\x64\src\config\stage\fb\putongfuben\naruto_fb_10_1.lua compile ok
E:\cnkdjx\Client\MyLuaGame\frameworks\pokemon_proj_tc_qd\proj.android\app\build\intermediates\assets\androidpack\x64\src\config\stage\fb\putongfuben\naruto_fb_10_10.lua luajit 64 ok
E:\cnkdjx\Client\MyLuaGame\frameworks\pokemon_proj_tc_qd\proj.android\app\build\intermediates\assets\androidpack\x64\src\config\stage\fb\putongfuben\naruto_fb_10_10.lua compile ok
E:\cnkdjx\Client\MyLuaGame\frameworks\pokemon_proj_tc_qd\proj.android\app\build\intermediates\assets\androidpack\x64\src\config\stage\fb\putongfuben\naruto_fb_10_2.lua luajit 64 ok
E:\cnkdjx\Client\MyLuaGame\frameworks\pokemon_proj_tc_qd\proj.android\app\build\intermediates\assets\androidpack\x64\src\config\stage\fb\putongfuben\naruto_fb_10_2.lua compile ok
E:\cnkdjx\Client\MyLuaGame\frameworks\pokemon_proj_tc_qd\proj.android\app\build\intermediates\assets\androidpack\x64\src\config\stage\fb\putongfuben\naruto_fb_10_3.lua luajit 64 ok
E:\cnkdjx\Client\MyLuaGame\frameworks\pokemon_proj_tc_qd\proj.android\app\build\intermediates\assets\androidpack\x64\src\config\stage\fb\putongfuben\naruto_fb_10_3.lua compile ok
E:\cnkdjx\Client\MyLuaGame\frameworks\pokemon_proj_tc_qd\proj.android\app\build\intermediates\assets\androidpack\x64\src\config\stage\fb\putongfuben\naruto_fb_10_4.lua luajit 64 ok
E:\cnkdjx\Client\MyLuaGame\frameworks\pokemon_proj_tc_qd\proj.android\app\build\intermediates\assets\androidpack\x64\src\config\stage\fb\putongfuben\naruto_fb_10_4.lua compile ok
E:\cnkdjx\Client\MyLuaGame\frameworks\pokemon_proj_tc_qd\proj.android\app\build\intermediates\assets\androidpack\x64\src\config\stage\fb\putongfuben\naruto_fb_10_5.lua luajit 64 ok
E:\cnkdjx\Client\MyLuaGame\frameworks\pokemon_proj_tc_qd\proj.android\app\build\intermediates\assets\androidpack\x64\src\config\stage\fb\putongfuben\naruto_fb_10_5.lua compile ok
E:\cnkdjx\Client\MyLuaGame\frameworks\pokemon_proj_tc_qd\proj.android\app\build\intermediates\assets\androidpack\x64\src\config\stage\fb\putongfuben\naruto_fb_10_6.lua luajit 64 ok
E:\cnkdjx\Client\MyLuaGame\frameworks\pokemon_proj_tc_qd\proj.android\app\build\intermediates\assets\androidpack\x64\src\config\stage\fb\putongfuben\naruto_fb_10_6.lua compile ok
E:\cnkdjx\Client\MyLuaGame\frameworks\pokemon_proj_tc_qd\proj.android\app\build\intermediates\assets\androidpack\x64\src\config\stage\fb\putongfuben\naruto_fb_10_7.lua luajit 64 ok
E:\cnkdjx\Client\MyLuaGame\frameworks\pokemon_proj_tc_qd\proj.android\app\build\intermediates\assets\androidpack\x64\src\config\stage\fb\putongfuben\naruto_fb_10_7.lua compile ok
E:\cnkdjx\Client\MyLuaGame\frameworks\pokemon_proj_tc_qd\proj.android\app\build\intermediates\assets\androidpack\x64\src\config\stage\fb\putongfuben\naruto_fb_10_8.lua luajit 64 ok
E:\cnkdjx\Client\MyLuaGame\frameworks\pokemon_proj_tc_qd\proj.android\app\build\intermediates\assets\androidpack\x64\src\config\stage\fb\putongfuben\naruto_fb_10_8.lua compile ok
E:\cnkdjx\Client\MyLuaGame\frameworks\pokemon_proj_tc_qd\proj.android\app\build\intermediates\assets\androidpack\x64\src\config\stage\fb\putongfuben\naruto_fb_10_9.lua luajit 64 ok
E:\cnkdjx\Client\MyLuaGame\frameworks\pokemon_proj_tc_qd\proj.android\app\build\intermediates\assets\androidpack\x64\src\config\stage\fb\putongfuben\naruto_fb_10_9.lua compile ok
E:\cnkdjx\Client\MyLuaGame\frameworks\pokemon_proj_tc_qd\proj.android\app\build\intermediates\assets\androidpack\x64\src\config\stage\fb\putongfuben\naruto_fb_11_1.lua luajit 64 ok
E:\cnkdjx\Client\MyLuaGame\frameworks\pokemon_proj_tc_qd\proj.android\app\build\intermediates\assets\androidpack\x64\src\config\stage\fb\putongfuben\naruto_fb_11_1.lua compile ok
E:\cnkdjx\Client\MyLuaGame\frameworks\pokemon_proj_tc_qd\proj.android\app\build\intermediates\assets\androidpack\x64\src\config\stage\fb\putongfuben\naruto_fb_11_10.lua luajit 64 ok
E:\cnkdjx\Client\MyLuaGame\frameworks\pokemon_proj_tc_qd\proj.android\app\build\intermediates\assets\androidpack\x64\src\config\stage\fb\putongfuben\naruto_fb_11_10.lua compile ok
E:\cnkdjx\Client\MyLuaGame\frameworks\pokemon_proj_tc_qd\proj.android\app\build\intermediates\assets\androidpack\x64\src\config\stage\fb\putongfuben\naruto_fb_11_2.lua luajit 64 ok
E:\cnkdjx\Client\MyLuaGame\frameworks\pokemon_proj_tc_qd\proj.android\app\build\intermediates\assets\androidpack\x64\src\config\stage\fb\putongfuben\naruto_fb_11_2.lua compile ok
E:\cnkdjx\Client\MyLuaGame\frameworks\pokemon_proj_tc_qd\proj.android\app\build\intermediates\assets\androidpack\x64\src\config\stage\fb\putongfuben\naruto_fb_11_3.lua luajit 64 ok
E:\cnkdjx\Client\MyLuaGame\frameworks\pokemon_proj_tc_qd\proj.android\app\build\intermediates\assets\androidpack\x64\src\config\stage\fb\putongfuben\naruto_fb_11_3.lua compile ok
E:\cnkdjx\Client\MyLuaGame\frameworks\pokemon_proj_tc_qd\proj.android\app\build\intermediates\assets\androidpack\x64\src\config\stage\fb\putongfuben\naruto_fb_11_4.lua luajit 64 ok
E:\cnkdjx\Client\MyLuaGame\frameworks\pokemon_proj_tc_qd\proj.android\app\build\intermediates\assets\androidpack\x64\src\config\stage\fb\putongfuben\naruto_fb_11_4.lua compile ok
E:\cnkdjx\Client\MyLuaGame\frameworks\pokemon_proj_tc_qd\proj.android\app\build\intermediates\assets\androidpack\x64\src\config\stage\fb\putongfuben\naruto_fb_11_5.lua luajit 64 ok
E:\cnkdjx\Client\MyLuaGame\frameworks\pokemon_proj_tc_qd\proj.android\app\build\intermediates\assets\androidpack\x64\src\config\stage\fb\putongfuben\naruto_fb_11_5.lua compile ok
E:\cnkdjx\Client\MyLuaGame\frameworks\pokemon_proj_tc_qd\proj.android\app\build\intermediates\assets\androidpack\x64\src\config\stage\fb\putongfuben\naruto_fb_11_6.lua luajit 64 ok
E:\cnkdjx\Client\MyLuaGame\frameworks\pokemon_proj_tc_qd\proj.android\app\build\intermediates\assets\androidpack\x64\src\config\stage\fb\putongfuben\naruto_fb_11_6.lua compile ok
E:\cnkdjx\Client\MyLuaGame\frameworks\pokemon_proj_tc_qd\proj.android\app\build\intermediates\assets\androidpack\x64\src\config\stage\fb\putongfuben\naruto_fb_11_7.lua luajit 64 ok
E:\cnkdjx\Client\MyLuaGame\frameworks\pokemon_proj_tc_qd\proj.android\app\build\intermediates\assets\androidpack\x64\src\config\stage\fb\putongfuben\naruto_fb_11_7.lua compile ok
E:\cnkdjx\Client\MyLuaGame\frameworks\pokemon_proj_tc_qd\proj.android\app\build\intermediates\assets\androidpack\x64\src\config\stage\fb\putongfuben\naruto_fb_11_8.lua luajit 64 ok
E:\cnkdjx\Client\MyLuaGame\frameworks\pokemon_proj_tc_qd\proj.android\app\build\intermediates\assets\androidpack\x64\src\config\stage\fb\putongfuben\naruto_fb_11_8.lua compile ok
E:\cnkdjx\Client\MyLuaGame\frameworks\pokemon_proj_tc_qd\proj.android\app\build\intermediates\assets\androidpack\x64\src\config\stage\fb\putongfuben\naruto_fb_11_9.lua luajit 64 ok
E:\cnkdjx\Client\MyLuaGame\frameworks\pokemon_proj_tc_qd\proj.android\app\build\intermediates\assets\androidpack\x64\src\config\stage\fb\putongfuben\naruto_fb_11_9.lua compile ok
E:\cnkdjx\Client\MyLuaGame\frameworks\pokemon_proj_tc_qd\proj.android\app\build\intermediates\assets\androidpack\x64\src\config\stage\fb\putongfuben\naruto_fb_12_1.lua luajit 64 ok
E:\cnkdjx\Client\MyLuaGame\frameworks\pokemon_proj_tc_qd\proj.android\app\build\intermediates\assets\androidpack\x64\src\config\stage\fb\putongfuben\naruto_fb_12_1.lua compile ok
E:\cnkdjx\Client\MyLuaGame\frameworks\pokemon_proj_tc_qd\proj.android\app\build\intermediates\assets\androidpack\x64\src\config\stage\fb\putongfuben\naruto_fb_12_10.lua luajit 64 ok
E:\cnkdjx\Client\MyLuaGame\frameworks\pokemon_proj_tc_qd\proj.android\app\build\intermediates\assets\androidpack\x64\src\config\stage\fb\putongfuben\naruto_fb_12_10.lua compile ok
E:\cnkdjx\Client\MyLuaGame\frameworks\pokemon_proj_tc_qd\proj.android\app\build\intermediates\assets\androidpack\x64\src\config\stage\fb\putongfuben\naruto_fb_12_2.lua luajit 64 ok
E:\cnkdjx\Client\MyLuaGame\frameworks\pokemon_proj_tc_qd\proj.android\app\build\intermediates\assets\androidpack\x64\src\config\stage\fb\putongfuben\naruto_fb_12_2.lua compile ok
E:\cnkdjx\Client\MyLuaGame\frameworks\pokemon_proj_tc_qd\proj.android\app\build\intermediates\assets\androidpack\x64\src\config\stage\fb\putongfuben\naruto_fb_12_3.lua luajit 64 ok
E:\cnkdjx\Client\MyLuaGame\frameworks\pokemon_proj_tc_qd\proj.android\app\build\intermediates\assets\androidpack\x64\src\config\stage\fb\putongfuben\naruto_fb_12_3.lua compile ok
E:\cnkdjx\Client\MyLuaGame\frameworks\pokemon_proj_tc_qd\proj.android\app\build\intermediates\assets\androidpack\x64\src\config\stage\fb\putongfuben\naruto_fb_12_4.lua luajit 64 ok
E:\cnkdjx\Client\MyLuaGame\frameworks\pokemon_proj_tc_qd\proj.android\app\build\intermediates\assets\androidpack\x64\src\config\stage\fb\putongfuben\naruto_fb_12_4.lua compile ok
E:\cnkdjx\Client\MyLuaGame\frameworks\pokemon_proj_tc_qd\proj.android\app\build\intermediates\assets\androidpack\x64\src\config\stage\fb\putongfuben\naruto_fb_12_5.lua luajit 64 ok
E:\cnkdjx\Client\MyLuaGame\frameworks\pokemon_proj_tc_qd\proj.android\app\build\intermediates\assets\androidpack\x64\src\config\stage\fb\putongfuben\naruto_fb_12_5.lua compile ok
E:\cnkdjx\Client\MyLuaGame\frameworks\pokemon_proj_tc_qd\proj.android\app\build\intermediates\assets\androidpack\x64\src\config\stage\fb\putongfuben\naruto_fb_12_6.lua luajit 64 ok
E:\cnkdjx\Client\MyLuaGame\frameworks\pokemon_proj_tc_qd\proj.android\app\build\intermediates\assets\androidpack\x64\src\config\stage\fb\putongfuben\naruto_fb_12_6.lua compile ok
E:\cnkdjx\Client\MyLuaGame\frameworks\pokemon_proj_tc_qd\proj.android\app\build\intermediates\assets\androidpack\x64\src\config\stage\fb\putongfuben\naruto_fb_12_7.lua luajit 64 ok
E:\cnkdjx\Client\MyLuaGame\frameworks\pokemon_proj_tc_qd\proj.android\app\build\intermediates\assets\androidpack\x64\src\config\stage\fb\putongfuben\naruto_fb_12_7.lua compile ok
E:\cnkdjx\Client\MyLuaGame\frameworks\pokemon_proj_tc_qd\proj.android\app\build\intermediates\assets\androidpack\x64\src\config\stage\fb\putongfuben\naruto_fb_12_8.lua luajit 64 ok
E:\cnkdjx\Client\MyLuaGame\frameworks\pokemon_proj_tc_qd\proj.android\app\build\intermediates\assets\androidpack\x64\src\config\stage\fb\putongfuben\naruto_fb_12_8.lua compile ok
E:\cnkdjx\Client\MyLuaGame\frameworks\pokemon_proj_tc_qd\proj.android\app\build\intermediates\assets\androidpack\x64\src\config\stage\fb\putongfuben\naruto_fb_12_9.lua luajit 64 ok
E:\cnkdjx\Client\MyLuaGame\frameworks\pokemon_proj_tc_qd\proj.android\app\build\intermediates\assets\androidpack\x64\src\config\stage\fb\putongfuben\naruto_fb_12_9.lua compile ok
E:\cnkdjx\Client\MyLuaGame\frameworks\pokemon_proj_tc_qd\proj.android\app\build\intermediates\assets\androidpack\x64\src\config\stage\fb\putongfuben\naruto_fb_13_1.lua luajit 64 ok
E:\cnkdjx\Client\MyLuaGame\frameworks\pokemon_proj_tc_qd\proj.android\app\build\intermediates\assets\androidpack\x64\src\config\stage\fb\putongfuben\naruto_fb_13_1.lua compile ok
E:\cnkdjx\Client\MyLuaGame\frameworks\pokemon_proj_tc_qd\proj.android\app\build\intermediates\assets\androidpack\x64\src\config\stage\fb\putongfuben\naruto_fb_13_10.lua luajit 64 ok
E:\cnkdjx\Client\MyLuaGame\frameworks\pokemon_proj_tc_qd\proj.android\app\build\intermediates\assets\androidpack\x64\src\config\stage\fb\putongfuben\naruto_fb_13_10.lua compile ok
E:\cnkdjx\Client\MyLuaGame\frameworks\pokemon_proj_tc_qd\proj.android\app\build\intermediates\assets\androidpack\x64\src\config\stage\fb\putongfuben\naruto_fb_13_2.lua luajit 64 ok
E:\cnkdjx\Client\MyLuaGame\frameworks\pokemon_proj_tc_qd\proj.android\app\build\intermediates\assets\androidpack\x64\src\config\stage\fb\putongfuben\naruto_fb_13_2.lua compile ok
E:\cnkdjx\Client\MyLuaGame\frameworks\pokemon_proj_tc_qd\proj.android\app\build\intermediates\assets\androidpack\x64\src\config\stage\fb\putongfuben\naruto_fb_13_3.lua luajit 64 ok
E:\cnkdjx\Client\MyLuaGame\frameworks\pokemon_proj_tc_qd\proj.android\app\build\intermediates\assets\androidpack\x64\src\config\stage\fb\putongfuben\naruto_fb_13_3.lua compile ok
E:\cnkdjx\Client\MyLuaGame\frameworks\pokemon_proj_tc_qd\proj.android\app\build\intermediates\assets\androidpack\x64\src\config\stage\fb\putongfuben\naruto_fb_13_4.lua luajit 64 ok
E:\cnkdjx\Client\MyLuaGame\frameworks\pokemon_proj_tc_qd\proj.android\app\build\intermediates\assets\androidpack\x64\src\config\stage\fb\putongfuben\naruto_fb_13_4.lua compile ok
E:\cnkdjx\Client\MyLuaGame\frameworks\pokemon_proj_tc_qd\proj.android\app\build\intermediates\assets\androidpack\x64\src\config\stage\fb\putongfuben\naruto_fb_13_5.lua luajit 64 ok
E:\cnkdjx\Client\MyLuaGame\frameworks\pokemon_proj_tc_qd\proj.android\app\build\intermediates\assets\androidpack\x64\src\config\stage\fb\putongfuben\naruto_fb_13_5.lua compile ok
E:\cnkdjx\Client\MyLuaGame\frameworks\pokemon_proj_tc_qd\proj.android\app\build\intermediates\assets\androidpack\x64\src\config\stage\fb\putongfuben\naruto_fb_13_6.lua luajit 64 ok
E:\cnkdjx\Client\MyLuaGame\frameworks\pokemon_proj_tc_qd\proj.android\app\build\intermediates\assets\androidpack\x64\src\config\stage\fb\putongfuben\naruto_fb_13_6.lua compile ok
E:\cnkdjx\Client\MyLuaGame\frameworks\pokemon_proj_tc_qd\proj.android\app\build\intermediates\assets\androidpack\x64\src\config\stage\fb\putongfuben\naruto_fb_13_7.lua luajit 64 ok
E:\cnkdjx\Client\MyLuaGame\frameworks\pokemon_proj_tc_qd\proj.android\app\build\intermediates\assets\androidpack\x64\src\config\stage\fb\putongfuben\naruto_fb_13_7.lua compile ok
E:\cnkdjx\Client\MyLuaGame\frameworks\pokemon_proj_tc_qd\proj.android\app\build\intermediates\assets\androidpack\x64\src\config\stage\fb\putongfuben\naruto_fb_13_8.lua luajit 64 ok
E:\cnkdjx\Client\MyLuaGame\frameworks\pokemon_proj_tc_qd\proj.android\app\build\intermediates\assets\androidpack\x64\src\config\stage\fb\putongfuben\naruto_fb_13_8.lua compile ok
E:\cnkdjx\Client\MyLuaGame\frameworks\pokemon_proj_tc_qd\proj.android\app\build\intermediates\assets\androidpack\x64\src\config\stage\fb\putongfuben\naruto_fb_13_9.lua luajit 64 ok
E:\cnkdjx\Client\MyLuaGame\frameworks\pokemon_proj_tc_qd\proj.android\app\build\intermediates\assets\androidpack\x64\src\config\stage\fb\putongfuben\naruto_fb_13_9.lua compile ok
E:\cnkdjx\Client\MyLuaGame\frameworks\pokemon_proj_tc_qd\proj.android\app\build\intermediates\assets\androidpack\x64\src\config\stage\fb\putongfuben\naruto_fb_14_1.lua luajit 64 ok
E:\cnkdjx\Client\MyLuaGame\frameworks\pokemon_proj_tc_qd\proj.android\app\build\intermediates\assets\androidpack\x64\src\config\stage\fb\putongfuben\naruto_fb_14_1.lua compile ok
E:\cnkdjx\Client\MyLuaGame\frameworks\pokemon_proj_tc_qd\proj.android\app\build\intermediates\assets\androidpack\x64\src\config\stage\fb\putongfuben\naruto_fb_14_10.lua luajit 64 ok
E:\cnkdjx\Client\MyLuaGame\frameworks\pokemon_proj_tc_qd\proj.android\app\build\intermediates\assets\androidpack\x64\src\config\stage\fb\putongfuben\naruto_fb_14_10.lua compile ok
E:\cnkdjx\Client\MyLuaGame\frameworks\pokemon_proj_tc_qd\proj.android\app\build\intermediates\assets\androidpack\x64\src\config\stage\fb\putongfuben\naruto_fb_14_2.lua luajit 64 ok
E:\cnkdjx\Client\MyLuaGame\frameworks\pokemon_proj_tc_qd\proj.android\app\build\intermediates\assets\androidpack\x64\src\config\stage\fb\putongfuben\naruto_fb_14_2.lua compile ok
E:\cnkdjx\Client\MyLuaGame\frameworks\pokemon_proj_tc_qd\proj.android\app\build\intermediates\assets\androidpack\x64\src\config\stage\fb\putongfuben\naruto_fb_14_3.lua luajit 64 ok
E:\cnkdjx\Client\MyLuaGame\frameworks\pokemon_proj_tc_qd\proj.android\app\build\intermediates\assets\androidpack\x64\src\config\stage\fb\putongfuben\naruto_fb_14_3.lua compile ok
E:\cnkdjx\Client\MyLuaGame\frameworks\pokemon_proj_tc_qd\proj.android\app\build\intermediates\assets\androidpack\x64\src\config\stage\fb\putongfuben\naruto_fb_14_4.lua luajit 64 ok
E:\cnkdjx\Client\MyLuaGame\frameworks\pokemon_proj_tc_qd\proj.android\app\build\intermediates\assets\androidpack\x64\src\config\stage\fb\putongfuben\naruto_fb_14_4.lua compile ok
E:\cnkdjx\Client\MyLuaGame\frameworks\pokemon_proj_tc_qd\proj.android\app\build\intermediates\assets\androidpack\x64\src\config\stage\fb\putongfuben\naruto_fb_14_5.lua luajit 64 ok
E:\cnkdjx\Client\MyLuaGame\frameworks\pokemon_proj_tc_qd\proj.android\app\build\intermediates\assets\androidpack\x64\src\config\stage\fb\putongfuben\naruto_fb_14_5.lua compile ok
E:\cnkdjx\Client\MyLuaGame\frameworks\pokemon_proj_tc_qd\proj.android\app\build\intermediates\assets\androidpack\x64\src\config\stage\fb\putongfuben\naruto_fb_14_6.lua luajit 64 ok
E:\cnkdjx\Client\MyLuaGame\frameworks\pokemon_proj_tc_qd\proj.android\app\build\intermediates\assets\androidpack\x64\src\config\stage\fb\putongfuben\naruto_fb_14_6.lua compile ok
E:\cnkdjx\Client\MyLuaGame\frameworks\pokemon_proj_tc_qd\proj.android\app\build\intermediates\assets\androidpack\x64\src\config\stage\fb\putongfuben\naruto_fb_14_7.lua luajit 64 ok
E:\cnkdjx\Client\MyLuaGame\frameworks\pokemon_proj_tc_qd\proj.android\app\build\intermediates\assets\androidpack\x64\src\config\stage\fb\putongfuben\naruto_fb_14_7.lua compile ok
E:\cnkdjx\Client\MyLuaGame\frameworks\pokemon_proj_tc_qd\proj.android\app\build\intermediates\assets\androidpack\x64\src\config\stage\fb\putongfuben\naruto_fb_14_8.lua luajit 64 ok
E:\cnkdjx\Client\MyLuaGame\frameworks\pokemon_proj_tc_qd\proj.android\app\build\intermediates\assets\androidpack\x64\src\config\stage\fb\putongfuben\naruto_fb_14_8.lua compile ok
E:\cnkdjx\Client\MyLuaGame\frameworks\pokemon_proj_tc_qd\proj.android\app\build\intermediates\assets\androidpack\x64\src\config\stage\fb\putongfuben\naruto_fb_14_9.lua luajit 64 ok
E:\cnkdjx\Client\MyLuaGame\frameworks\pokemon_proj_tc_qd\proj.android\app\build\intermediates\assets\androidpack\x64\src\config\stage\fb\putongfuben\naruto_fb_14_9.lua compile ok
E:\cnkdjx\Client\MyLuaGame\frameworks\pokemon_proj_tc_qd\proj.android\app\build\intermediates\assets\androidpack\x64\src\config\stage\fb\putongfuben\naruto_fb_15_1.lua luajit 64 ok
E:\cnkdjx\Client\MyLuaGame\frameworks\pokemon_proj_tc_qd\proj.android\app\build\intermediates\assets\androidpack\x64\src\config\stage\fb\putongfuben\naruto_fb_15_1.lua compile ok
E:\cnkdjx\Client\MyLuaGame\frameworks\pokemon_proj_tc_qd\proj.android\app\build\intermediates\assets\androidpack\x64\src\config\stage\fb\putongfuben\naruto_fb_15_10.lua luajit 64 ok
E:\cnkdjx\Client\MyLuaGame\frameworks\pokemon_proj_tc_qd\proj.android\app\build\intermediates\assets\androidpack\x64\src\config\stage\fb\putongfuben\naruto_fb_15_10.lua compile ok
E:\cnkdjx\Client\MyLuaGame\frameworks\pokemon_proj_tc_qd\proj.android\app\build\intermediates\assets\androidpack\x64\src\config\stage\fb\putongfuben\naruto_fb_15_2.lua luajit 64 ok
E:\cnkdjx\Client\MyLuaGame\frameworks\pokemon_proj_tc_qd\proj.android\app\build\intermediates\assets\androidpack\x64\src\config\stage\fb\putongfuben\naruto_fb_15_2.lua compile ok
E:\cnkdjx\Client\MyLuaGame\frameworks\pokemon_proj_tc_qd\proj.android\app\build\intermediates\assets\androidpack\x64\src\config\stage\fb\putongfuben\naruto_fb_15_3.lua luajit 64 ok
E:\cnkdjx\Client\MyLuaGame\frameworks\pokemon_proj_tc_qd\proj.android\app\build\intermediates\assets\androidpack\x64\src\config\stage\fb\putongfuben\naruto_fb_15_3.lua compile ok
E:\cnkdjx\Client\MyLuaGame\frameworks\pokemon_proj_tc_qd\proj.android\app\build\intermediates\assets\androidpack\x64\src\config\stage\fb\putongfuben\naruto_fb_15_4.lua luajit 64 ok
E:\cnkdjx\Client\MyLuaGame\frameworks\pokemon_proj_tc_qd\proj.android\app\build\intermediates\assets\androidpack\x64\src\config\stage\fb\putongfuben\naruto_fb_15_4.lua compile ok
E:\cnkdjx\Client\MyLuaGame\frameworks\pokemon_proj_tc_qd\proj.android\app\build\intermediates\assets\androidpack\x64\src\config\stage\fb\putongfuben\naruto_fb_15_5.lua luajit 64 ok
E:\cnkdjx\Client\MyLuaGame\frameworks\pokemon_proj_tc_qd\proj.android\app\build\intermediates\assets\androidpack\x64\src\config\stage\fb\putongfuben\naruto_fb_15_5.lua compile ok
E:\cnkdjx\Client\MyLuaGame\frameworks\pokemon_proj_tc_qd\proj.android\app\build\intermediates\assets\androidpack\x64\src\config\stage\fb\putongfuben\naruto_fb_15_6.lua luajit 64 ok
E:\cnkdjx\Client\MyLuaGame\frameworks\pokemon_proj_tc_qd\proj.android\app\build\intermediates\assets\androidpack\x64\src\config\stage\fb\putongfuben\naruto_fb_15_6.lua compile ok
E:\cnkdjx\Client\MyLuaGame\frameworks\pokemon_proj_tc_qd\proj.android\app\build\intermediates\assets\androidpack\x64\src\config\stage\fb\putongfuben\naruto_fb_15_7.lua luajit 64 ok
E:\cnkdjx\Client\MyLuaGame\frameworks\pokemon_proj_tc_qd\proj.android\app\build\intermediates\assets\androidpack\x64\src\config\stage\fb\putongfuben\naruto_fb_15_7.lua compile ok
E:\cnkdjx\Client\MyLuaGame\frameworks\pokemon_proj_tc_qd\proj.android\app\build\intermediates\assets\androidpack\x64\src\config\stage\fb\putongfuben\naruto_fb_15_8.lua luajit 64 ok
E:\cnkdjx\Client\MyLuaGame\frameworks\pokemon_proj_tc_qd\proj.android\app\build\intermediates\assets\androidpack\x64\src\config\stage\fb\putongfuben\naruto_fb_15_8.lua compile ok
E:\cnkdjx\Client\MyLuaGame\frameworks\pokemon_proj_tc_qd\proj.android\app\build\intermediates\assets\androidpack\x64\src\config\stage\fb\putongfuben\naruto_fb_15_9.lua luajit 64 ok
E:\cnkdjx\Client\MyLuaGame\frameworks\pokemon_proj_tc_qd\proj.android\app\build\intermediates\assets\androidpack\x64\src\config\stage\fb\putongfuben\naruto_fb_15_9.lua compile ok
E:\cnkdjx\Client\MyLuaGame\frameworks\pokemon_proj_tc_qd\proj.android\app\build\intermediates\assets\androidpack\x64\src\config\stage\fb\putongfuben\naruto_fb_16_1.lua luajit 64 ok
E:\cnkdjx\Client\MyLuaGame\frameworks\pokemon_proj_tc_qd\proj.android\app\build\intermediates\assets\androidpack\x64\src\config\stage\fb\putongfuben\naruto_fb_16_1.lua compile ok
E:\cnkdjx\Client\MyLuaGame\frameworks\pokemon_proj_tc_qd\proj.android\app\build\intermediates\assets\androidpack\x64\src\config\stage\fb\putongfuben\naruto_fb_16_10.lua luajit 64 ok
E:\cnkdjx\Client\MyLuaGame\frameworks\pokemon_proj_tc_qd\proj.android\app\build\intermediates\assets\androidpack\x64\src\config\stage\fb\putongfuben\naruto_fb_16_10.lua compile ok
E:\cnkdjx\Client\MyLuaGame\frameworks\pokemon_proj_tc_qd\proj.android\app\build\intermediates\assets\androidpack\x64\src\config\stage\fb\putongfuben\naruto_fb_16_2.lua luajit 64 ok
E:\cnkdjx\Client\MyLuaGame\frameworks\pokemon_proj_tc_qd\proj.android\app\build\intermediates\assets\androidpack\x64\src\config\stage\fb\putongfuben\naruto_fb_16_2.lua compile ok
E:\cnkdjx\Client\MyLuaGame\frameworks\pokemon_proj_tc_qd\proj.android\app\build\intermediates\assets\androidpack\x64\src\config\stage\fb\putongfuben\naruto_fb_16_3.lua luajit 64 ok
E:\cnkdjx\Client\MyLuaGame\frameworks\pokemon_proj_tc_qd\proj.android\app\build\intermediates\assets\androidpack\x64\src\config\stage\fb\putongfuben\naruto_fb_16_3.lua compile ok
E:\cnkdjx\Client\MyLuaGame\frameworks\pokemon_proj_tc_qd\proj.android\app\build\intermediates\assets\androidpack\x64\src\config\stage\fb\putongfuben\naruto_fb_16_4.lua luajit 64 ok
E:\cnkdjx\Client\MyLuaGame\frameworks\pokemon_proj_tc_qd\proj.android\app\build\intermediates\assets\androidpack\x64\src\config\stage\fb\putongfuben\naruto_fb_16_4.lua compile ok
E:\cnkdjx\Client\MyLuaGame\frameworks\pokemon_proj_tc_qd\proj.android\app\build\intermediates\assets\androidpack\x64\src\config\stage\fb\putongfuben\naruto_fb_16_5.lua luajit 64 ok
E:\cnkdjx\Client\MyLuaGame\frameworks\pokemon_proj_tc_qd\proj.android\app\build\intermediates\assets\androidpack\x64\src\config\stage\fb\putongfuben\naruto_fb_16_5.lua compile ok
E:\cnkdjx\Client\MyLuaGame\frameworks\pokemon_proj_tc_qd\proj.android\app\build\intermediates\assets\androidpack\x64\src\config\stage\fb\putongfuben\naruto_fb_16_6.lua luajit 64 ok
E:\cnkdjx\Client\MyLuaGame\frameworks\pokemon_proj_tc_qd\proj.android\app\build\intermediates\assets\androidpack\x64\src\config\stage\fb\putongfuben\naruto_fb_16_6.lua compile ok
E:\cnkdjx\Client\MyLuaGame\frameworks\pokemon_proj_tc_qd\proj.android\app\build\intermediates\assets\androidpack\x64\src\config\stage\fb\putongfuben\naruto_fb_16_7.lua luajit 64 ok
E:\cnkdjx\Client\MyLuaGame\frameworks\pokemon_proj_tc_qd\proj.android\app\build\intermediates\assets\androidpack\x64\src\config\stage\fb\putongfuben\naruto_fb_16_7.lua compile ok
E:\cnkdjx\Client\MyLuaGame\frameworks\pokemon_proj_tc_qd\proj.android\app\build\intermediates\assets\androidpack\x64\src\config\stage\fb\putongfuben\naruto_fb_16_8.lua luajit 64 ok
E:\cnkdjx\Client\MyLuaGame\frameworks\pokemon_proj_tc_qd\proj.android\app\build\intermediates\assets\androidpack\x64\src\config\stage\fb\putongfuben\naruto_fb_16_8.lua compile ok
E:\cnkdjx\Client\MyLuaGame\frameworks\pokemon_proj_tc_qd\proj.android\app\build\intermediates\assets\androidpack\x64\src\config\stage\fb\putongfuben\naruto_fb_16_9.lua luajit 64 ok
E:\cnkdjx\Client\MyLuaGame\frameworks\pokemon_proj_tc_qd\proj.android\app\build\intermediates\assets\androidpack\x64\src\config\stage\fb\putongfuben\naruto_fb_16_9.lua compile ok
E:\cnkdjx\Client\MyLuaGame\frameworks\pokemon_proj_tc_qd\proj.android\app\build\intermediates\assets\androidpack\x64\src\config\stage\fb\putongfuben\naruto_fb_17_1.lua luajit 64 ok
E:\cnkdjx\Client\MyLuaGame\frameworks\pokemon_proj_tc_qd\proj.android\app\build\intermediates\assets\androidpack\x64\src\config\stage\fb\putongfuben\naruto_fb_17_1.lua compile ok
E:\cnkdjx\Client\MyLuaGame\frameworks\pokemon_proj_tc_qd\proj.android\app\build\intermediates\assets\androidpack\x64\src\config\stage\fb\putongfuben\naruto_fb_17_10.lua luajit 64 ok
E:\cnkdjx\Client\MyLuaGame\frameworks\pokemon_proj_tc_qd\proj.android\app\build\intermediates\assets\androidpack\x64\src\config\stage\fb\putongfuben\naruto_fb_17_10.lua compile ok
E:\cnkdjx\Client\MyLuaGame\frameworks\pokemon_proj_tc_qd\proj.android\app\build\intermediates\assets\androidpack\x64\src\config\stage\fb\putongfuben\naruto_fb_17_2.lua luajit 64 ok
E:\cnkdjx\Client\MyLuaGame\frameworks\pokemon_proj_tc_qd\proj.android\app\build\intermediates\assets\androidpack\x64\src\config\stage\fb\putongfuben\naruto_fb_17_2.lua compile ok
E:\cnkdjx\Client\MyLuaGame\frameworks\pokemon_proj_tc_qd\proj.android\app\build\intermediates\assets\androidpack\x64\src\config\stage\fb\putongfuben\naruto_fb_17_3.lua luajit 64 ok
E:\cnkdjx\Client\MyLuaGame\frameworks\pokemon_proj_tc_qd\proj.android\app\build\intermediates\assets\androidpack\x64\src\config\stage\fb\putongfuben\naruto_fb_17_3.lua compile ok
E:\cnkdjx\Client\MyLuaGame\frameworks\pokemon_proj_tc_qd\proj.android\app\build\intermediates\assets\androidpack\x64\src\config\stage\fb\putongfuben\naruto_fb_17_4.lua luajit 64 ok
E:\cnkdjx\Client\MyLuaGame\frameworks\pokemon_proj_tc_qd\proj.android\app\build\intermediates\assets\androidpack\x64\src\config\stage\fb\putongfuben\naruto_fb_17_4.lua compile ok
E:\cnkdjx\Client\MyLuaGame\frameworks\pokemon_proj_tc_qd\proj.android\app\build\intermediates\assets\androidpack\x64\src\config\stage\fb\putongfuben\naruto_fb_17_5.lua luajit 64 ok
E:\cnkdjx\Client\MyLuaGame\frameworks\pokemon_proj_tc_qd\proj.android\app\build\intermediates\assets\androidpack\x64\src\config\stage\fb\putongfuben\naruto_fb_17_5.lua compile ok
E:\cnkdjx\Client\MyLuaGame\frameworks\pokemon_proj_tc_qd\proj.android\app\build\intermediates\assets\androidpack\x64\src\config\stage\fb\putongfuben\naruto_fb_17_6.lua luajit 64 ok
E:\cnkdjx\Client\MyLuaGame\frameworks\pokemon_proj_tc_qd\proj.android\app\build\intermediates\assets\androidpack\x64\src\config\stage\fb\putongfuben\naruto_fb_17_6.lua compile ok
E:\cnkdjx\Client\MyLuaGame\frameworks\pokemon_proj_tc_qd\proj.android\app\build\intermediates\assets\androidpack\x64\src\config\stage\fb\putongfuben\naruto_fb_17_7.lua luajit 64 ok
E:\cnkdjx\Client\MyLuaGame\frameworks\pokemon_proj_tc_qd\proj.android\app\build\intermediates\assets\androidpack\x64\src\config\stage\fb\putongfuben\naruto_fb_17_7.lua compile ok
E:\cnkdjx\Client\MyLuaGame\frameworks\pokemon_proj_tc_qd\proj.android\app\build\intermediates\assets\androidpack\x64\src\config\stage\fb\putongfuben\naruto_fb_17_8.lua luajit 64 ok
E:\cnkdjx\Client\MyLuaGame\frameworks\pokemon_proj_tc_qd\proj.android\app\build\intermediates\assets\androidpack\x64\src\config\stage\fb\putongfuben\naruto_fb_17_8.lua compile ok
E:\cnkdjx\Client\MyLuaGame\frameworks\pokemon_proj_tc_qd\proj.android\app\build\intermediates\assets\androidpack\x64\src\config\stage\fb\putongfuben\naruto_fb_17_9.lua luajit 64 ok
E:\cnkdjx\Client\MyLuaGame\frameworks\pokemon_proj_tc_qd\proj.android\app\build\intermediates\assets\androidpack\x64\src\config\stage\fb\putongfuben\naruto_fb_17_9.lua compile ok
E:\cnkdjx\Client\MyLuaGame\frameworks\pokemon_proj_tc_qd\proj.android\app\build\intermediates\assets\androidpack\x64\src\config\stage\fb\putongfuben\naruto_fb_18_1.lua luajit 64 ok
E:\cnkdjx\Client\MyLuaGame\frameworks\pokemon_proj_tc_qd\proj.android\app\build\intermediates\assets\androidpack\x64\src\config\stage\fb\putongfuben\naruto_fb_18_1.lua compile ok
E:\cnkdjx\Client\MyLuaGame\frameworks\pokemon_proj_tc_qd\proj.android\app\build\intermediates\assets\androidpack\x64\src\config\stage\fb\putongfuben\naruto_fb_18_10.lua luajit 64 ok
E:\cnkdjx\Client\MyLuaGame\frameworks\pokemon_proj_tc_qd\proj.android\app\build\intermediates\assets\androidpack\x64\src\config\stage\fb\putongfuben\naruto_fb_18_10.lua compile ok
E:\cnkdjx\Client\MyLuaGame\frameworks\pokemon_proj_tc_qd\proj.android\app\build\intermediates\assets\androidpack\x64\src\config\stage\fb\putongfuben\naruto_fb_18_2.lua luajit 64 ok
E:\cnkdjx\Client\MyLuaGame\frameworks\pokemon_proj_tc_qd\proj.android\app\build\intermediates\assets\androidpack\x64\src\config\stage\fb\putongfuben\naruto_fb_18_2.lua compile ok
E:\cnkdjx\Client\MyLuaGame\frameworks\pokemon_proj_tc_qd\proj.android\app\build\intermediates\assets\androidpack\x64\src\config\stage\fb\putongfuben\naruto_fb_18_3.lua luajit 64 ok
E:\cnkdjx\Client\MyLuaGame\frameworks\pokemon_proj_tc_qd\proj.android\app\build\intermediates\assets\androidpack\x64\src\config\stage\fb\putongfuben\naruto_fb_18_3.lua compile ok
E:\cnkdjx\Client\MyLuaGame\frameworks\pokemon_proj_tc_qd\proj.android\app\build\intermediates\assets\androidpack\x64\src\config\stage\fb\putongfuben\naruto_fb_18_4.lua luajit 64 ok
E:\cnkdjx\Client\MyLuaGame\frameworks\pokemon_proj_tc_qd\proj.android\app\build\intermediates\assets\androidpack\x64\src\config\stage\fb\putongfuben\naruto_fb_18_4.lua compile ok
E:\cnkdjx\Client\MyLuaGame\frameworks\pokemon_proj_tc_qd\proj.android\app\build\intermediates\assets\androidpack\x64\src\config\stage\fb\putongfuben\naruto_fb_18_5.lua luajit 64 ok
E:\cnkdjx\Client\MyLuaGame\frameworks\pokemon_proj_tc_qd\proj.android\app\build\intermediates\assets\androidpack\x64\src\config\stage\fb\putongfuben\naruto_fb_18_5.lua compile ok
E:\cnkdjx\Client\MyLuaGame\frameworks\pokemon_proj_tc_qd\proj.android\app\build\intermediates\assets\androidpack\x64\src\config\stage\fb\putongfuben\naruto_fb_18_6.lua luajit 64 ok
E:\cnkdjx\Client\MyLuaGame\frameworks\pokemon_proj_tc_qd\proj.android\app\build\intermediates\assets\androidpack\x64\src\config\stage\fb\putongfuben\naruto_fb_18_6.lua compile ok
E:\cnkdjx\Client\MyLuaGame\frameworks\pokemon_proj_tc_qd\proj.android\app\build\intermediates\assets\androidpack\x64\src\config\stage\fb\putongfuben\naruto_fb_18_7.lua luajit 64 ok
E:\cnkdjx\Client\MyLuaGame\frameworks\pokemon_proj_tc_qd\proj.android\app\build\intermediates\assets\androidpack\x64\src\config\stage\fb\putongfuben\naruto_fb_18_7.lua compile ok
E:\cnkdjx\Client\MyLuaGame\frameworks\pokemon_proj_tc_qd\proj.android\app\build\intermediates\assets\androidpack\x64\src\config\stage\fb\putongfuben\naruto_fb_18_8.lua luajit 64 ok
E:\cnkdjx\Client\MyLuaGame\frameworks\pokemon_proj_tc_qd\proj.android\app\build\intermediates\assets\androidpack\x64\src\config\stage\fb\putongfuben\naruto_fb_18_8.lua compile ok
E:\cnkdjx\Client\MyLuaGame\frameworks\pokemon_proj_tc_qd\proj.android\app\build\intermediates\assets\androidpack\x64\src\config\stage\fb\putongfuben\naruto_fb_18_9.lua luajit 64 ok
E:\cnkdjx\Client\MyLuaGame\frameworks\pokemon_proj_tc_qd\proj.android\app\build\intermediates\assets\androidpack\x64\src\config\stage\fb\putongfuben\naruto_fb_18_9.lua compile ok
E:\cnkdjx\Client\MyLuaGame\frameworks\pokemon_proj_tc_qd\proj.android\app\build\intermediates\assets\androidpack\x64\src\config\stage\fb\putongfuben\naruto_fb_19_1.lua luajit 64 ok
E:\cnkdjx\Client\MyLuaGame\frameworks\pokemon_proj_tc_qd\proj.android\app\build\intermediates\assets\androidpack\x64\src\config\stage\fb\putongfuben\naruto_fb_19_1.lua compile ok
E:\cnkdjx\Client\MyLuaGame\frameworks\pokemon_proj_tc_qd\proj.android\app\build\intermediates\assets\androidpack\x64\src\config\stage\fb\putongfuben\naruto_fb_19_10.lua luajit 64 ok
E:\cnkdjx\Client\MyLuaGame\frameworks\pokemon_proj_tc_qd\proj.android\app\build\intermediates\assets\androidpack\x64\src\config\stage\fb\putongfuben\naruto_fb_19_10.lua compile ok
E:\cnkdjx\Client\MyLuaGame\frameworks\pokemon_proj_tc_qd\proj.android\app\build\intermediates\assets\androidpack\x64\src\config\stage\fb\putongfuben\naruto_fb_19_2.lua luajit 64 ok
E:\cnkdjx\Client\MyLuaGame\frameworks\pokemon_proj_tc_qd\proj.android\app\build\intermediates\assets\androidpack\x64\src\config\stage\fb\putongfuben\naruto_fb_19_2.lua compile ok
E:\cnkdjx\Client\MyLuaGame\frameworks\pokemon_proj_tc_qd\proj.android\app\build\intermediates\assets\androidpack\x64\src\config\stage\fb\putongfuben\naruto_fb_19_3.lua luajit 64 ok
E:\cnkdjx\Client\MyLuaGame\frameworks\pokemon_proj_tc_qd\proj.android\app\build\intermediates\assets\androidpack\x64\src\config\stage\fb\putongfuben\naruto_fb_19_3.lua compile ok
E:\cnkdjx\Client\MyLuaGame\frameworks\pokemon_proj_tc_qd\proj.android\app\build\intermediates\assets\androidpack\x64\src\config\stage\fb\putongfuben\naruto_fb_19_4.lua luajit 64 ok
E:\cnkdjx\Client\MyLuaGame\frameworks\pokemon_proj_tc_qd\proj.android\app\build\intermediates\assets\androidpack\x64\src\config\stage\fb\putongfuben\naruto_fb_19_4.lua compile ok
E:\cnkdjx\Client\MyLuaGame\frameworks\pokemon_proj_tc_qd\proj.android\app\build\intermediates\assets\androidpack\x64\src\config\stage\fb\putongfuben\naruto_fb_19_5.lua luajit 64 ok
E:\cnkdjx\Client\MyLuaGame\frameworks\pokemon_proj_tc_qd\proj.android\app\build\intermediates\assets\androidpack\x64\src\config\stage\fb\putongfuben\naruto_fb_19_5.lua compile ok
E:\cnkdjx\Client\MyLuaGame\frameworks\pokemon_proj_tc_qd\proj.android\app\build\intermediates\assets\androidpack\x64\src\config\stage\fb\putongfuben\naruto_fb_19_6.lua luajit 64 ok
E:\cnkdjx\Client\MyLuaGame\frameworks\pokemon_proj_tc_qd\proj.android\app\build\intermediates\assets\androidpack\x64\src\config\stage\fb\putongfuben\naruto_fb_19_6.lua compile ok
E:\cnkdjx\Client\MyLuaGame\frameworks\pokemon_proj_tc_qd\proj.android\app\build\intermediates\assets\androidpack\x64\src\config\stage\fb\putongfuben\naruto_fb_19_7.lua luajit 64 ok
E:\cnkdjx\Client\MyLuaGame\frameworks\pokemon_proj_tc_qd\proj.android\app\build\intermediates\assets\androidpack\x64\src\config\stage\fb\putongfuben\naruto_fb_19_7.lua compile ok
E:\cnkdjx\Client\MyLuaGame\frameworks\pokemon_proj_tc_qd\proj.android\app\build\intermediates\assets\androidpack\x64\src\config\stage\fb\putongfuben\naruto_fb_19_8.lua luajit 64 ok
E:\cnkdjx\Client\MyLuaGame\frameworks\pokemon_proj_tc_qd\proj.android\app\build\intermediates\assets\androidpack\x64\src\config\stage\fb\putongfuben\naruto_fb_19_8.lua compile ok
E:\cnkdjx\Client\MyLuaGame\frameworks\pokemon_proj_tc_qd\proj.android\app\build\intermediates\assets\androidpack\x64\src\config\stage\fb\putongfuben\naruto_fb_19_9.lua luajit 64 ok
E:\cnkdjx\Client\MyLuaGame\frameworks\pokemon_proj_tc_qd\proj.android\app\build\intermediates\assets\androidpack\x64\src\config\stage\fb\putongfuben\naruto_fb_19_9.lua compile ok
E:\cnkdjx\Client\MyLuaGame\frameworks\pokemon_proj_tc_qd\proj.android\app\build\intermediates\assets\androidpack\x64\src\config\stage\fb\putongfuben\naruto_fb_1_1.lua luajit 64 ok
E:\cnkdjx\Client\MyLuaGame\frameworks\pokemon_proj_tc_qd\proj.android\app\build\intermediates\assets\androidpack\x64\src\config\stage\fb\putongfuben\naruto_fb_1_1.lua compile ok
E:\cnkdjx\Client\MyLuaGame\frameworks\pokemon_proj_tc_qd\proj.android\app\build\intermediates\assets\androidpack\x64\src\config\stage\fb\putongfuben\naruto_fb_1_2.lua luajit 64 ok
E:\cnkdjx\Client\MyLuaGame\frameworks\pokemon_proj_tc_qd\proj.android\app\build\intermediates\assets\androidpack\x64\src\config\stage\fb\putongfuben\naruto_fb_1_2.lua compile ok
E:\cnkdjx\Client\MyLuaGame\frameworks\pokemon_proj_tc_qd\proj.android\app\build\intermediates\assets\androidpack\x64\src\config\stage\fb\putongfuben\naruto_fb_1_3.lua luajit 64 ok
E:\cnkdjx\Client\MyLuaGame\frameworks\pokemon_proj_tc_qd\proj.android\app\build\intermediates\assets\androidpack\x64\src\config\stage\fb\putongfuben\naruto_fb_1_3.lua compile ok
E:\cnkdjx\Client\MyLuaGame\frameworks\pokemon_proj_tc_qd\proj.android\app\build\intermediates\assets\androidpack\x64\src\config\stage\fb\putongfuben\naruto_fb_1_4.lua luajit 64 ok
E:\cnkdjx\Client\MyLuaGame\frameworks\pokemon_proj_tc_qd\proj.android\app\build\intermediates\assets\androidpack\x64\src\config\stage\fb\putongfuben\naruto_fb_1_4.lua compile ok
E:\cnkdjx\Client\MyLuaGame\frameworks\pokemon_proj_tc_qd\proj.android\app\build\intermediates\assets\androidpack\x64\src\config\stage\fb\putongfuben\naruto_fb_1_5.lua luajit 64 ok
E:\cnkdjx\Client\MyLuaGame\frameworks\pokemon_proj_tc_qd\proj.android\app\build\intermediates\assets\androidpack\x64\src\config\stage\fb\putongfuben\naruto_fb_1_5.lua compile ok
E:\cnkdjx\Client\MyLuaGame\frameworks\pokemon_proj_tc_qd\proj.android\app\build\intermediates\assets\androidpack\x64\src\config\stage\fb\putongfuben\naruto_fb_1_6.lua luajit 64 ok
E:\cnkdjx\Client\MyLuaGame\frameworks\pokemon_proj_tc_qd\proj.android\app\build\intermediates\assets\androidpack\x64\src\config\stage\fb\putongfuben\naruto_fb_1_6.lua compile ok
E:\cnkdjx\Client\MyLuaGame\frameworks\pokemon_proj_tc_qd\proj.android\app\build\intermediates\assets\androidpack\x64\src\config\stage\fb\putongfuben\naruto_fb_20_1.lua luajit 64 ok
E:\cnkdjx\Client\MyLuaGame\frameworks\pokemon_proj_tc_qd\proj.android\app\build\intermediates\assets\androidpack\x64\src\config\stage\fb\putongfuben\naruto_fb_20_1.lua compile ok
E:\cnkdjx\Client\MyLuaGame\frameworks\pokemon_proj_tc_qd\proj.android\app\build\intermediates\assets\androidpack\x64\src\config\stage\fb\putongfuben\naruto_fb_20_10.lua luajit 64 ok
E:\cnkdjx\Client\MyLuaGame\frameworks\pokemon_proj_tc_qd\proj.android\app\build\intermediates\assets\androidpack\x64\src\config\stage\fb\putongfuben\naruto_fb_20_10.lua compile ok
E:\cnkdjx\Client\MyLuaGame\frameworks\pokemon_proj_tc_qd\proj.android\app\build\intermediates\assets\androidpack\x64\src\config\stage\fb\putongfuben\naruto_fb_20_2.lua luajit 64 ok
E:\cnkdjx\Client\MyLuaGame\frameworks\pokemon_proj_tc_qd\proj.android\app\build\intermediates\assets\androidpack\x64\src\config\stage\fb\putongfuben\naruto_fb_20_2.lua compile ok
E:\cnkdjx\Client\MyLuaGame\frameworks\pokemon_proj_tc_qd\proj.android\app\build\intermediates\assets\androidpack\x64\src\config\stage\fb\putongfuben\naruto_fb_20_3.lua luajit 64 ok
E:\cnkdjx\Client\MyLuaGame\frameworks\pokemon_proj_tc_qd\proj.android\app\build\intermediates\assets\androidpack\x64\src\config\stage\fb\putongfuben\naruto_fb_20_3.lua compile ok
E:\cnkdjx\Client\MyLuaGame\frameworks\pokemon_proj_tc_qd\proj.android\app\build\intermediates\assets\androidpack\x64\src\config\stage\fb\putongfuben\naruto_fb_20_4.lua luajit 64 ok
E:\cnkdjx\Client\MyLuaGame\frameworks\pokemon_proj_tc_qd\proj.android\app\build\intermediates\assets\androidpack\x64\src\config\stage\fb\putongfuben\naruto_fb_20_4.lua compile ok
E:\cnkdjx\Client\MyLuaGame\frameworks\pokemon_proj_tc_qd\proj.android\app\build\intermediates\assets\androidpack\x64\src\config\stage\fb\putongfuben\naruto_fb_20_5.lua luajit 64 ok
E:\cnkdjx\Client\MyLuaGame\frameworks\pokemon_proj_tc_qd\proj.android\app\build\intermediates\assets\androidpack\x64\src\config\stage\fb\putongfuben\naruto_fb_20_5.lua compile ok
E:\cnkdjx\Client\MyLuaGame\frameworks\pokemon_proj_tc_qd\proj.android\app\build\intermediates\assets\androidpack\x64\src\config\stage\fb\putongfuben\naruto_fb_20_6.lua luajit 64 ok
E:\cnkdjx\Client\MyLuaGame\frameworks\pokemon_proj_tc_qd\proj.android\app\build\intermediates\assets\androidpack\x64\src\config\stage\fb\putongfuben\naruto_fb_20_6.lua compile ok
E:\cnkdjx\Client\MyLuaGame\frameworks\pokemon_proj_tc_qd\proj.android\app\build\intermediates\assets\androidpack\x64\src\config\stage\fb\putongfuben\naruto_fb_20_7.lua luajit 64 ok
E:\cnkdjx\Client\MyLuaGame\frameworks\pokemon_proj_tc_qd\proj.android\app\build\intermediates\assets\androidpack\x64\src\config\stage\fb\putongfuben\naruto_fb_20_7.lua compile ok
E:\cnkdjx\Client\MyLuaGame\frameworks\pokemon_proj_tc_qd\proj.android\app\build\intermediates\assets\androidpack\x64\src\config\stage\fb\putongfuben\naruto_fb_20_8.lua luajit 64 ok
E:\cnkdjx\Client\MyLuaGame\frameworks\pokemon_proj_tc_qd\proj.android\app\build\intermediates\assets\androidpack\x64\src\config\stage\fb\putongfuben\naruto_fb_20_8.lua compile ok
E:\cnkdjx\Client\MyLuaGame\frameworks\pokemon_proj_tc_qd\proj.android\app\build\intermediates\assets\androidpack\x64\src\config\stage\fb\putongfuben\naruto_fb_20_9.lua luajit 64 ok
E:\cnkdjx\Client\MyLuaGame\frameworks\pokemon_proj_tc_qd\proj.android\app\build\intermediates\assets\androidpack\x64\src\config\stage\fb\putongfuben\naruto_fb_20_9.lua compile ok
E:\cnkdjx\Client\MyLuaGame\frameworks\pokemon_proj_tc_qd\proj.android\app\build\intermediates\assets\androidpack\x64\src\config\stage\fb\putongfuben\naruto_fb_21_1.lua luajit 64 ok
E:\cnkdjx\Client\MyLuaGame\frameworks\pokemon_proj_tc_qd\proj.android\app\build\intermediates\assets\androidpack\x64\src\config\stage\fb\putongfuben\naruto_fb_21_1.lua compile ok
E:\cnkdjx\Client\MyLuaGame\frameworks\pokemon_proj_tc_qd\proj.android\app\build\intermediates\assets\androidpack\x64\src\config\stage\fb\putongfuben\naruto_fb_21_10.lua luajit 64 ok
E:\cnkdjx\Client\MyLuaGame\frameworks\pokemon_proj_tc_qd\proj.android\app\build\intermediates\assets\androidpack\x64\src\config\stage\fb\putongfuben\naruto_fb_21_10.lua compile ok
E:\cnkdjx\Client\MyLuaGame\frameworks\pokemon_proj_tc_qd\proj.android\app\build\intermediates\assets\androidpack\x64\src\config\stage\fb\putongfuben\naruto_fb_21_2.lua luajit 64 ok
E:\cnkdjx\Client\MyLuaGame\frameworks\pokemon_proj_tc_qd\proj.android\app\build\intermediates\assets\androidpack\x64\src\config\stage\fb\putongfuben\naruto_fb_21_2.lua compile ok
E:\cnkdjx\Client\MyLuaGame\frameworks\pokemon_proj_tc_qd\proj.android\app\build\intermediates\assets\androidpack\x64\src\config\stage\fb\putongfuben\naruto_fb_21_3.lua luajit 64 ok
E:\cnkdjx\Client\MyLuaGame\frameworks\pokemon_proj_tc_qd\proj.android\app\build\intermediates\assets\androidpack\x64\src\config\stage\fb\putongfuben\naruto_fb_21_3.lua compile ok
E:\cnkdjx\Client\MyLuaGame\frameworks\pokemon_proj_tc_qd\proj.android\app\build\intermediates\assets\androidpack\x64\src\config\stage\fb\putongfuben\naruto_fb_21_4.lua luajit 64 ok
E:\cnkdjx\Client\MyLuaGame\frameworks\pokemon_proj_tc_qd\proj.android\app\build\intermediates\assets\androidpack\x64\src\config\stage\fb\putongfuben\naruto_fb_21_4.lua compile ok
E:\cnkdjx\Client\MyLuaGame\frameworks\pokemon_proj_tc_qd\proj.android\app\build\intermediates\assets\androidpack\x64\src\config\stage\fb\putongfuben\naruto_fb_21_5.lua luajit 64 ok
E:\cnkdjx\Client\MyLuaGame\frameworks\pokemon_proj_tc_qd\proj.android\app\build\intermediates\assets\androidpack\x64\src\config\stage\fb\putongfuben\naruto_fb_21_5.lua compile ok
E:\cnkdjx\Client\MyLuaGame\frameworks\pokemon_proj_tc_qd\proj.android\app\build\intermediates\assets\androidpack\x64\src\config\stage\fb\putongfuben\naruto_fb_21_6.lua luajit 64 ok
E:\cnkdjx\Client\MyLuaGame\frameworks\pokemon_proj_tc_qd\proj.android\app\build\intermediates\assets\androidpack\x64\src\config\stage\fb\putongfuben\naruto_fb_21_6.lua compile ok
E:\cnkdjx\Client\MyLuaGame\frameworks\pokemon_proj_tc_qd\proj.android\app\build\intermediates\assets\androidpack\x64\src\config\stage\fb\putongfuben\naruto_fb_21_7.lua luajit 64 ok
E:\cnkdjx\Client\MyLuaGame\frameworks\pokemon_proj_tc_qd\proj.android\app\build\intermediates\assets\androidpack\x64\src\config\stage\fb\putongfuben\naruto_fb_21_7.lua compile ok
E:\cnkdjx\Client\MyLuaGame\frameworks\pokemon_proj_tc_qd\proj.android\app\build\intermediates\assets\androidpack\x64\src\config\stage\fb\putongfuben\naruto_fb_21_8.lua luajit 64 ok
E:\cnkdjx\Client\MyLuaGame\frameworks\pokemon_proj_tc_qd\proj.android\app\build\intermediates\assets\androidpack\x64\src\config\stage\fb\putongfuben\naruto_fb_21_8.lua compile ok
E:\cnkdjx\Client\MyLuaGame\frameworks\pokemon_proj_tc_qd\proj.android\app\build\intermediates\assets\androidpack\x64\src\config\stage\fb\putongfuben\naruto_fb_21_9.lua luajit 64 ok
E:\cnkdjx\Client\MyLuaGame\frameworks\pokemon_proj_tc_qd\proj.android\app\build\intermediates\assets\androidpack\x64\src\config\stage\fb\putongfuben\naruto_fb_21_9.lua compile ok
E:\cnkdjx\Client\MyLuaGame\frameworks\pokemon_proj_tc_qd\proj.android\app\build\intermediates\assets\androidpack\x64\src\config\stage\fb\putongfuben\naruto_fb_22_1.lua luajit 64 ok
E:\cnkdjx\Client\MyLuaGame\frameworks\pokemon_proj_tc_qd\proj.android\app\build\intermediates\assets\androidpack\x64\src\config\stage\fb\putongfuben\naruto_fb_22_1.lua compile ok
E:\cnkdjx\Client\MyLuaGame\frameworks\pokemon_proj_tc_qd\proj.android\app\build\intermediates\assets\androidpack\x64\src\config\stage\fb\putongfuben\naruto_fb_22_10.lua luajit 64 ok
E:\cnkdjx\Client\MyLuaGame\frameworks\pokemon_proj_tc_qd\proj.android\app\build\intermediates\assets\androidpack\x64\src\config\stage\fb\putongfuben\naruto_fb_22_10.lua compile ok
E:\cnkdjx\Client\MyLuaGame\frameworks\pokemon_proj_tc_qd\proj.android\app\build\intermediates\assets\androidpack\x64\src\config\stage\fb\putongfuben\naruto_fb_22_2.lua luajit 64 ok
E:\cnkdjx\Client\MyLuaGame\frameworks\pokemon_proj_tc_qd\proj.android\app\build\intermediates\assets\androidpack\x64\src\config\stage\fb\putongfuben\naruto_fb_22_2.lua compile ok
E:\cnkdjx\Client\MyLuaGame\frameworks\pokemon_proj_tc_qd\proj.android\app\build\intermediates\assets\androidpack\x64\src\config\stage\fb\putongfuben\naruto_fb_22_3.lua luajit 64 ok
E:\cnkdjx\Client\MyLuaGame\frameworks\pokemon_proj_tc_qd\proj.android\app\build\intermediates\assets\androidpack\x64\src\config\stage\fb\putongfuben\naruto_fb_22_3.lua compile ok
E:\cnkdjx\Client\MyLuaGame\frameworks\pokemon_proj_tc_qd\proj.android\app\build\intermediates\assets\androidpack\x64\src\config\stage\fb\putongfuben\naruto_fb_22_4.lua luajit 64 ok
E:\cnkdjx\Client\MyLuaGame\frameworks\pokemon_proj_tc_qd\proj.android\app\build\intermediates\assets\androidpack\x64\src\config\stage\fb\putongfuben\naruto_fb_22_4.lua compile ok
E:\cnkdjx\Client\MyLuaGame\frameworks\pokemon_proj_tc_qd\proj.android\app\build\intermediates\assets\androidpack\x64\src\config\stage\fb\putongfuben\naruto_fb_22_5.lua luajit 64 ok
E:\cnkdjx\Client\MyLuaGame\frameworks\pokemon_proj_tc_qd\proj.android\app\build\intermediates\assets\androidpack\x64\src\config\stage\fb\putongfuben\naruto_fb_22_5.lua compile ok
E:\cnkdjx\Client\MyLuaGame\frameworks\pokemon_proj_tc_qd\proj.android\app\build\intermediates\assets\androidpack\x64\src\config\stage\fb\putongfuben\naruto_fb_22_6.lua luajit 64 ok
E:\cnkdjx\Client\MyLuaGame\frameworks\pokemon_proj_tc_qd\proj.android\app\build\intermediates\assets\androidpack\x64\src\config\stage\fb\putongfuben\naruto_fb_22_6.lua compile ok
E:\cnkdjx\Client\MyLuaGame\frameworks\pokemon_proj_tc_qd\proj.android\app\build\intermediates\assets\androidpack\x64\src\config\stage\fb\putongfuben\naruto_fb_22_7.lua luajit 64 ok
E:\cnkdjx\Client\MyLuaGame\frameworks\pokemon_proj_tc_qd\proj.android\app\build\intermediates\assets\androidpack\x64\src\config\stage\fb\putongfuben\naruto_fb_22_7.lua compile ok
E:\cnkdjx\Client\MyLuaGame\frameworks\pokemon_proj_tc_qd\proj.android\app\build\intermediates\assets\androidpack\x64\src\config\stage\fb\putongfuben\naruto_fb_22_8.lua luajit 64 ok
E:\cnkdjx\Client\MyLuaGame\frameworks\pokemon_proj_tc_qd\proj.android\app\build\intermediates\assets\androidpack\x64\src\config\stage\fb\putongfuben\naruto_fb_22_8.lua compile ok
E:\cnkdjx\Client\MyLuaGame\frameworks\pokemon_proj_tc_qd\proj.android\app\build\intermediates\assets\androidpack\x64\src\config\stage\fb\putongfuben\naruto_fb_22_9.lua luajit 64 ok
E:\cnkdjx\Client\MyLuaGame\frameworks\pokemon_proj_tc_qd\proj.android\app\build\intermediates\assets\androidpack\x64\src\config\stage\fb\putongfuben\naruto_fb_22_9.lua compile ok
E:\cnkdjx\Client\MyLuaGame\frameworks\pokemon_proj_tc_qd\proj.android\app\build\intermediates\assets\androidpack\x64\src\config\stage\fb\putongfuben\naruto_fb_2_1.lua luajit 64 ok
E:\cnkdjx\Client\MyLuaGame\frameworks\pokemon_proj_tc_qd\proj.android\app\build\intermediates\assets\androidpack\x64\src\config\stage\fb\putongfuben\naruto_fb_2_1.lua compile ok
E:\cnkdjx\Client\MyLuaGame\frameworks\pokemon_proj_tc_qd\proj.android\app\build\intermediates\assets\androidpack\x64\src\config\stage\fb\putongfuben\naruto_fb_2_2.lua luajit 64 ok
E:\cnkdjx\Client\MyLuaGame\frameworks\pokemon_proj_tc_qd\proj.android\app\build\intermediates\assets\androidpack\x64\src\config\stage\fb\putongfuben\naruto_fb_2_2.lua compile ok
E:\cnkdjx\Client\MyLuaGame\frameworks\pokemon_proj_tc_qd\proj.android\app\build\intermediates\assets\androidpack\x64\src\config\stage\fb\putongfuben\naruto_fb_2_3.lua luajit 64 ok
E:\cnkdjx\Client\MyLuaGame\frameworks\pokemon_proj_tc_qd\proj.android\app\build\intermediates\assets\androidpack\x64\src\config\stage\fb\putongfuben\naruto_fb_2_3.lua compile ok
E:\cnkdjx\Client\MyLuaGame\frameworks\pokemon_proj_tc_qd\proj.android\app\build\intermediates\assets\androidpack\x64\src\config\stage\fb\putongfuben\naruto_fb_2_4.lua luajit 64 ok
E:\cnkdjx\Client\MyLuaGame\frameworks\pokemon_proj_tc_qd\proj.android\app\build\intermediates\assets\androidpack\x64\src\config\stage\fb\putongfuben\naruto_fb_2_4.lua compile ok
E:\cnkdjx\Client\MyLuaGame\frameworks\pokemon_proj_tc_qd\proj.android\app\build\intermediates\assets\androidpack\x64\src\config\stage\fb\putongfuben\naruto_fb_2_5.lua luajit 64 ok
E:\cnkdjx\Client\MyLuaGame\frameworks\pokemon_proj_tc_qd\proj.android\app\build\intermediates\assets\androidpack\x64\src\config\stage\fb\putongfuben\naruto_fb_2_5.lua compile ok
E:\cnkdjx\Client\MyLuaGame\frameworks\pokemon_proj_tc_qd\proj.android\app\build\intermediates\assets\androidpack\x64\src\config\stage\fb\putongfuben\naruto_fb_2_6.lua luajit 64 ok
E:\cnkdjx\Client\MyLuaGame\frameworks\pokemon_proj_tc_qd\proj.android\app\build\intermediates\assets\androidpack\x64\src\config\stage\fb\putongfuben\naruto_fb_2_6.lua compile ok
E:\cnkdjx\Client\MyLuaGame\frameworks\pokemon_proj_tc_qd\proj.android\app\build\intermediates\assets\androidpack\x64\src\config\stage\fb\putongfuben\naruto_fb_3_1.lua luajit 64 ok
E:\cnkdjx\Client\MyLuaGame\frameworks\pokemon_proj_tc_qd\proj.android\app\build\intermediates\assets\androidpack\x64\src\config\stage\fb\putongfuben\naruto_fb_3_1.lua compile ok
E:\cnkdjx\Client\MyLuaGame\frameworks\pokemon_proj_tc_qd\proj.android\app\build\intermediates\assets\androidpack\x64\src\config\stage\fb\putongfuben\naruto_fb_3_2.lua luajit 64 ok
E:\cnkdjx\Client\MyLuaGame\frameworks\pokemon_proj_tc_qd\proj.android\app\build\intermediates\assets\androidpack\x64\src\config\stage\fb\putongfuben\naruto_fb_3_2.lua compile ok
E:\cnkdjx\Client\MyLuaGame\frameworks\pokemon_proj_tc_qd\proj.android\app\build\intermediates\assets\androidpack\x64\src\config\stage\fb\putongfuben\naruto_fb_3_3.lua luajit 64 ok
E:\cnkdjx\Client\MyLuaGame\frameworks\pokemon_proj_tc_qd\proj.android\app\build\intermediates\assets\androidpack\x64\src\config\stage\fb\putongfuben\naruto_fb_3_3.lua compile ok
E:\cnkdjx\Client\MyLuaGame\frameworks\pokemon_proj_tc_qd\proj.android\app\build\intermediates\assets\androidpack\x64\src\config\stage\fb\putongfuben\naruto_fb_3_4.lua luajit 64 ok
E:\cnkdjx\Client\MyLuaGame\frameworks\pokemon_proj_tc_qd\proj.android\app\build\intermediates\assets\androidpack\x64\src\config\stage\fb\putongfuben\naruto_fb_3_4.lua compile ok
E:\cnkdjx\Client\MyLuaGame\frameworks\pokemon_proj_tc_qd\proj.android\app\build\intermediates\assets\androidpack\x64\src\config\stage\fb\putongfuben\naruto_fb_3_5.lua luajit 64 ok
E:\cnkdjx\Client\MyLuaGame\frameworks\pokemon_proj_tc_qd\proj.android\app\build\intermediates\assets\androidpack\x64\src\config\stage\fb\putongfuben\naruto_fb_3_5.lua compile ok
E:\cnkdjx\Client\MyLuaGame\frameworks\pokemon_proj_tc_qd\proj.android\app\build\intermediates\assets\androidpack\x64\src\config\stage\fb\putongfuben\naruto_fb_3_6.lua luajit 64 ok
E:\cnkdjx\Client\MyLuaGame\frameworks\pokemon_proj_tc_qd\proj.android\app\build\intermediates\assets\androidpack\x64\src\config\stage\fb\putongfuben\naruto_fb_3_6.lua compile ok
E:\cnkdjx\Client\MyLuaGame\frameworks\pokemon_proj_tc_qd\proj.android\app\build\intermediates\assets\androidpack\x64\src\config\stage\fb\putongfuben\naruto_fb_3_7.lua luajit 64 ok
E:\cnkdjx\Client\MyLuaGame\frameworks\pokemon_proj_tc_qd\proj.android\app\build\intermediates\assets\androidpack\x64\src\config\stage\fb\putongfuben\naruto_fb_3_7.lua compile ok
E:\cnkdjx\Client\MyLuaGame\frameworks\pokemon_proj_tc_qd\proj.android\app\build\intermediates\assets\androidpack\x64\src\config\stage\fb\putongfuben\naruto_fb_3_8.lua luajit 64 ok
E:\cnkdjx\Client\MyLuaGame\frameworks\pokemon_proj_tc_qd\proj.android\app\build\intermediates\assets\androidpack\x64\src\config\stage\fb\putongfuben\naruto_fb_3_8.lua compile ok
E:\cnkdjx\Client\MyLuaGame\frameworks\pokemon_proj_tc_qd\proj.android\app\build\intermediates\assets\androidpack\x64\src\config\stage\fb\putongfuben\naruto_fb_4_1.lua luajit 64 ok
E:\cnkdjx\Client\MyLuaGame\frameworks\pokemon_proj_tc_qd\proj.android\app\build\intermediates\assets\androidpack\x64\src\config\stage\fb\putongfuben\naruto_fb_4_1.lua compile ok
E:\cnkdjx\Client\MyLuaGame\frameworks\pokemon_proj_tc_qd\proj.android\app\build\intermediates\assets\androidpack\x64\src\config\stage\fb\putongfuben\naruto_fb_4_2.lua luajit 64 ok
E:\cnkdjx\Client\MyLuaGame\frameworks\pokemon_proj_tc_qd\proj.android\app\build\intermediates\assets\androidpack\x64\src\config\stage\fb\putongfuben\naruto_fb_4_2.lua compile ok
E:\cnkdjx\Client\MyLuaGame\frameworks\pokemon_proj_tc_qd\proj.android\app\build\intermediates\assets\androidpack\x64\src\config\stage\fb\putongfuben\naruto_fb_4_3.lua luajit 64 ok
E:\cnkdjx\Client\MyLuaGame\frameworks\pokemon_proj_tc_qd\proj.android\app\build\intermediates\assets\androidpack\x64\src\config\stage\fb\putongfuben\naruto_fb_4_3.lua compile ok
E:\cnkdjx\Client\MyLuaGame\frameworks\pokemon_proj_tc_qd\proj.android\app\build\intermediates\assets\androidpack\x64\src\config\stage\fb\putongfuben\naruto_fb_4_4.lua luajit 64 ok
E:\cnkdjx\Client\MyLuaGame\frameworks\pokemon_proj_tc_qd\proj.android\app\build\intermediates\assets\androidpack\x64\src\config\stage\fb\putongfuben\naruto_fb_4_4.lua compile ok
E:\cnkdjx\Client\MyLuaGame\frameworks\pokemon_proj_tc_qd\proj.android\app\build\intermediates\assets\androidpack\x64\src\config\stage\fb\putongfuben\naruto_fb_4_5.lua luajit 64 ok
E:\cnkdjx\Client\MyLuaGame\frameworks\pokemon_proj_tc_qd\proj.android\app\build\intermediates\assets\androidpack\x64\src\config\stage\fb\putongfuben\naruto_fb_4_5.lua compile ok
E:\cnkdjx\Client\MyLuaGame\frameworks\pokemon_proj_tc_qd\proj.android\app\build\intermediates\assets\androidpack\x64\src\config\stage\fb\putongfuben\naruto_fb_4_6.lua luajit 64 ok
E:\cnkdjx\Client\MyLuaGame\frameworks\pokemon_proj_tc_qd\proj.android\app\build\intermediates\assets\androidpack\x64\src\config\stage\fb\putongfuben\naruto_fb_4_6.lua compile ok
E:\cnkdjx\Client\MyLuaGame\frameworks\pokemon_proj_tc_qd\proj.android\app\build\intermediates\assets\androidpack\x64\src\config\stage\fb\putongfuben\naruto_fb_4_7.lua luajit 64 ok
E:\cnkdjx\Client\MyLuaGame\frameworks\pokemon_proj_tc_qd\proj.android\app\build\intermediates\assets\androidpack\x64\src\config\stage\fb\putongfuben\naruto_fb_4_7.lua compile ok
E:\cnkdjx\Client\MyLuaGame\frameworks\pokemon_proj_tc_qd\proj.android\app\build\intermediates\assets\androidpack\x64\src\config\stage\fb\putongfuben\naruto_fb_4_8.lua luajit 64 ok
E:\cnkdjx\Client\MyLuaGame\frameworks\pokemon_proj_tc_qd\proj.android\app\build\intermediates\assets\androidpack\x64\src\config\stage\fb\putongfuben\naruto_fb_4_8.lua compile ok
E:\cnkdjx\Client\MyLuaGame\frameworks\pokemon_proj_tc_qd\proj.android\app\build\intermediates\assets\androidpack\x64\src\config\stage\fb\putongfuben\naruto_fb_5_1.lua luajit 64 ok
E:\cnkdjx\Client\MyLuaGame\frameworks\pokemon_proj_tc_qd\proj.android\app\build\intermediates\assets\androidpack\x64\src\config\stage\fb\putongfuben\naruto_fb_5_1.lua compile ok
E:\cnkdjx\Client\MyLuaGame\frameworks\pokemon_proj_tc_qd\proj.android\app\build\intermediates\assets\androidpack\x64\src\config\stage\fb\putongfuben\naruto_fb_5_10.lua luajit 64 ok
E:\cnkdjx\Client\MyLuaGame\frameworks\pokemon_proj_tc_qd\proj.android\app\build\intermediates\assets\androidpack\x64\src\config\stage\fb\putongfuben\naruto_fb_5_10.lua compile ok
E:\cnkdjx\Client\MyLuaGame\frameworks\pokemon_proj_tc_qd\proj.android\app\build\intermediates\assets\androidpack\x64\src\config\stage\fb\putongfuben\naruto_fb_5_2.lua luajit 64 ok
E:\cnkdjx\Client\MyLuaGame\frameworks\pokemon_proj_tc_qd\proj.android\app\build\intermediates\assets\androidpack\x64\src\config\stage\fb\putongfuben\naruto_fb_5_2.lua compile ok
E:\cnkdjx\Client\MyLuaGame\frameworks\pokemon_proj_tc_qd\proj.android\app\build\intermediates\assets\androidpack\x64\src\config\stage\fb\putongfuben\naruto_fb_5_3.lua luajit 64 ok
E:\cnkdjx\Client\MyLuaGame\frameworks\pokemon_proj_tc_qd\proj.android\app\build\intermediates\assets\androidpack\x64\src\config\stage\fb\putongfuben\naruto_fb_5_3.lua compile ok
E:\cnkdjx\Client\MyLuaGame\frameworks\pokemon_proj_tc_qd\proj.android\app\build\intermediates\assets\androidpack\x64\src\config\stage\fb\putongfuben\naruto_fb_5_4.lua luajit 64 ok
E:\cnkdjx\Client\MyLuaGame\frameworks\pokemon_proj_tc_qd\proj.android\app\build\intermediates\assets\androidpack\x64\src\config\stage\fb\putongfuben\naruto_fb_5_4.lua compile ok
E:\cnkdjx\Client\MyLuaGame\frameworks\pokemon_proj_tc_qd\proj.android\app\build\intermediates\assets\androidpack\x64\src\config\stage\fb\putongfuben\naruto_fb_5_5.lua luajit 64 ok
E:\cnkdjx\Client\MyLuaGame\frameworks\pokemon_proj_tc_qd\proj.android\app\build\intermediates\assets\androidpack\x64\src\config\stage\fb\putongfuben\naruto_fb_5_5.lua compile ok
E:\cnkdjx\Client\MyLuaGame\frameworks\pokemon_proj_tc_qd\proj.android\app\build\intermediates\assets\androidpack\x64\src\config\stage\fb\putongfuben\naruto_fb_5_6.lua luajit 64 ok
E:\cnkdjx\Client\MyLuaGame\frameworks\pokemon_proj_tc_qd\proj.android\app\build\intermediates\assets\androidpack\x64\src\config\stage\fb\putongfuben\naruto_fb_5_6.lua compile ok
E:\cnkdjx\Client\MyLuaGame\frameworks\pokemon_proj_tc_qd\proj.android\app\build\intermediates\assets\androidpack\x64\src\config\stage\fb\putongfuben\naruto_fb_5_7.lua luajit 64 ok
E:\cnkdjx\Client\MyLuaGame\frameworks\pokemon_proj_tc_qd\proj.android\app\build\intermediates\assets\androidpack\x64\src\config\stage\fb\putongfuben\naruto_fb_5_7.lua compile ok
E:\cnkdjx\Client\MyLuaGame\frameworks\pokemon_proj_tc_qd\proj.android\app\build\intermediates\assets\androidpack\x64\src\config\stage\fb\putongfuben\naruto_fb_5_8.lua luajit 64 ok
E:\cnkdjx\Client\MyLuaGame\frameworks\pokemon_proj_tc_qd\proj.android\app\build\intermediates\assets\androidpack\x64\src\config\stage\fb\putongfuben\naruto_fb_5_8.lua compile ok
E:\cnkdjx\Client\MyLuaGame\frameworks\pokemon_proj_tc_qd\proj.android\app\build\intermediates\assets\androidpack\x64\src\config\stage\fb\putongfuben\naruto_fb_5_9.lua luajit 64 ok
E:\cnkdjx\Client\MyLuaGame\frameworks\pokemon_proj_tc_qd\proj.android\app\build\intermediates\assets\androidpack\x64\src\config\stage\fb\putongfuben\naruto_fb_5_9.lua compile ok
E:\cnkdjx\Client\MyLuaGame\frameworks\pokemon_proj_tc_qd\proj.android\app\build\intermediates\assets\androidpack\x64\src\config\stage\fb\putongfuben\naruto_fb_6_1.lua luajit 64 ok
E:\cnkdjx\Client\MyLuaGame\frameworks\pokemon_proj_tc_qd\proj.android\app\build\intermediates\assets\androidpack\x64\src\config\stage\fb\putongfuben\naruto_fb_6_1.lua compile ok
E:\cnkdjx\Client\MyLuaGame\frameworks\pokemon_proj_tc_qd\proj.android\app\build\intermediates\assets\androidpack\x64\src\config\stage\fb\putongfuben\naruto_fb_6_10.lua luajit 64 ok
E:\cnkdjx\Client\MyLuaGame\frameworks\pokemon_proj_tc_qd\proj.android\app\build\intermediates\assets\androidpack\x64\src\config\stage\fb\putongfuben\naruto_fb_6_10.lua compile ok
E:\cnkdjx\Client\MyLuaGame\frameworks\pokemon_proj_tc_qd\proj.android\app\build\intermediates\assets\androidpack\x64\src\config\stage\fb\putongfuben\naruto_fb_6_2.lua luajit 64 ok
E:\cnkdjx\Client\MyLuaGame\frameworks\pokemon_proj_tc_qd\proj.android\app\build\intermediates\assets\androidpack\x64\src\config\stage\fb\putongfuben\naruto_fb_6_2.lua compile ok
E:\cnkdjx\Client\MyLuaGame\frameworks\pokemon_proj_tc_qd\proj.android\app\build\intermediates\assets\androidpack\x64\src\config\stage\fb\putongfuben\naruto_fb_6_3.lua luajit 64 ok
E:\cnkdjx\Client\MyLuaGame\frameworks\pokemon_proj_tc_qd\proj.android\app\build\intermediates\assets\androidpack\x64\src\config\stage\fb\putongfuben\naruto_fb_6_3.lua compile ok
E:\cnkdjx\Client\MyLuaGame\frameworks\pokemon_proj_tc_qd\proj.android\app\build\intermediates\assets\androidpack\x64\src\config\stage\fb\putongfuben\naruto_fb_6_4.lua luajit 64 ok
E:\cnkdjx\Client\MyLuaGame\frameworks\pokemon_proj_tc_qd\proj.android\app\build\intermediates\assets\androidpack\x64\src\config\stage\fb\putongfuben\naruto_fb_6_4.lua compile ok
E:\cnkdjx\Client\MyLuaGame\frameworks\pokemon_proj_tc_qd\proj.android\app\build\intermediates\assets\androidpack\x64\src\config\stage\fb\putongfuben\naruto_fb_6_5.lua luajit 64 ok
E:\cnkdjx\Client\MyLuaGame\frameworks\pokemon_proj_tc_qd\proj.android\app\build\intermediates\assets\androidpack\x64\src\config\stage\fb\putongfuben\naruto_fb_6_5.lua compile ok
E:\cnkdjx\Client\MyLuaGame\frameworks\pokemon_proj_tc_qd\proj.android\app\build\intermediates\assets\androidpack\x64\src\config\stage\fb\putongfuben\naruto_fb_6_6.lua luajit 64 ok
E:\cnkdjx\Client\MyLuaGame\frameworks\pokemon_proj_tc_qd\proj.android\app\build\intermediates\assets\androidpack\x64\src\config\stage\fb\putongfuben\naruto_fb_6_6.lua compile ok
E:\cnkdjx\Client\MyLuaGame\frameworks\pokemon_proj_tc_qd\proj.android\app\build\intermediates\assets\androidpack\x64\src\config\stage\fb\putongfuben\naruto_fb_6_7.lua luajit 64 ok
E:\cnkdjx\Client\MyLuaGame\frameworks\pokemon_proj_tc_qd\proj.android\app\build\intermediates\assets\androidpack\x64\src\config\stage\fb\putongfuben\naruto_fb_6_7.lua compile ok
E:\cnkdjx\Client\MyLuaGame\frameworks\pokemon_proj_tc_qd\proj.android\app\build\intermediates\assets\androidpack\x64\src\config\stage\fb\putongfuben\naruto_fb_6_8.lua luajit 64 ok
E:\cnkdjx\Client\MyLuaGame\frameworks\pokemon_proj_tc_qd\proj.android\app\build\intermediates\assets\androidpack\x64\src\config\stage\fb\putongfuben\naruto_fb_6_8.lua compile ok
E:\cnkdjx\Client\MyLuaGame\frameworks\pokemon_proj_tc_qd\proj.android\app\build\intermediates\assets\androidpack\x64\src\config\stage\fb\putongfuben\naruto_fb_6_9.lua luajit 64 ok
E:\cnkdjx\Client\MyLuaGame\frameworks\pokemon_proj_tc_qd\proj.android\app\build\intermediates\assets\androidpack\x64\src\config\stage\fb\putongfuben\naruto_fb_6_9.lua compile ok
E:\cnkdjx\Client\MyLuaGame\frameworks\pokemon_proj_tc_qd\proj.android\app\build\intermediates\assets\androidpack\x64\src\config\stage\fb\putongfuben\naruto_fb_7_1.lua luajit 64 ok
E:\cnkdjx\Client\MyLuaGame\frameworks\pokemon_proj_tc_qd\proj.android\app\build\intermediates\assets\androidpack\x64\src\config\stage\fb\putongfuben\naruto_fb_7_1.lua compile ok
E:\cnkdjx\Client\MyLuaGame\frameworks\pokemon_proj_tc_qd\proj.android\app\build\intermediates\assets\androidpack\x64\src\config\stage\fb\putongfuben\naruto_fb_7_10.lua luajit 64 ok
E:\cnkdjx\Client\MyLuaGame\frameworks\pokemon_proj_tc_qd\proj.android\app\build\intermediates\assets\androidpack\x64\src\config\stage\fb\putongfuben\naruto_fb_7_10.lua compile ok
E:\cnkdjx\Client\MyLuaGame\frameworks\pokemon_proj_tc_qd\proj.android\app\build\intermediates\assets\androidpack\x64\src\config\stage\fb\putongfuben\naruto_fb_7_2.lua luajit 64 ok
E:\cnkdjx\Client\MyLuaGame\frameworks\pokemon_proj_tc_qd\proj.android\app\build\intermediates\assets\androidpack\x64\src\config\stage\fb\putongfuben\naruto_fb_7_2.lua compile ok
E:\cnkdjx\Client\MyLuaGame\frameworks\pokemon_proj_tc_qd\proj.android\app\build\intermediates\assets\androidpack\x64\src\config\stage\fb\putongfuben\naruto_fb_7_3.lua luajit 64 ok
E:\cnkdjx\Client\MyLuaGame\frameworks\pokemon_proj_tc_qd\proj.android\app\build\intermediates\assets\androidpack\x64\src\config\stage\fb\putongfuben\naruto_fb_7_3.lua compile ok
E:\cnkdjx\Client\MyLuaGame\frameworks\pokemon_proj_tc_qd\proj.android\app\build\intermediates\assets\androidpack\x64\src\config\stage\fb\putongfuben\naruto_fb_7_4.lua luajit 64 ok
E:\cnkdjx\Client\MyLuaGame\frameworks\pokemon_proj_tc_qd\proj.android\app\build\intermediates\assets\androidpack\x64\src\config\stage\fb\putongfuben\naruto_fb_7_4.lua compile ok
E:\cnkdjx\Client\MyLuaGame\frameworks\pokemon_proj_tc_qd\proj.android\app\build\intermediates\assets\androidpack\x64\src\config\stage\fb\putongfuben\naruto_fb_7_5.lua luajit 64 ok
E:\cnkdjx\Client\MyLuaGame\frameworks\pokemon_proj_tc_qd\proj.android\app\build\intermediates\assets\androidpack\x64\src\config\stage\fb\putongfuben\naruto_fb_7_5.lua compile ok
E:\cnkdjx\Client\MyLuaGame\frameworks\pokemon_proj_tc_qd\proj.android\app\build\intermediates\assets\androidpack\x64\src\config\stage\fb\putongfuben\naruto_fb_7_6.lua luajit 64 ok
E:\cnkdjx\Client\MyLuaGame\frameworks\pokemon_proj_tc_qd\proj.android\app\build\intermediates\assets\androidpack\x64\src\config\stage\fb\putongfuben\naruto_fb_7_6.lua compile ok
E:\cnkdjx\Client\MyLuaGame\frameworks\pokemon_proj_tc_qd\proj.android\app\build\intermediates\assets\androidpack\x64\src\config\stage\fb\putongfuben\naruto_fb_7_7.lua luajit 64 ok
E:\cnkdjx\Client\MyLuaGame\frameworks\pokemon_proj_tc_qd\proj.android\app\build\intermediates\assets\androidpack\x64\src\config\stage\fb\putongfuben\naruto_fb_7_7.lua compile ok
E:\cnkdjx\Client\MyLuaGame\frameworks\pokemon_proj_tc_qd\proj.android\app\build\intermediates\assets\androidpack\x64\src\config\stage\fb\putongfuben\naruto_fb_7_8.lua luajit 64 ok
E:\cnkdjx\Client\MyLuaGame\frameworks\pokemon_proj_tc_qd\proj.android\app\build\intermediates\assets\androidpack\x64\src\config\stage\fb\putongfuben\naruto_fb_7_8.lua compile ok
E:\cnkdjx\Client\MyLuaGame\frameworks\pokemon_proj_tc_qd\proj.android\app\build\intermediates\assets\androidpack\x64\src\config\stage\fb\putongfuben\naruto_fb_7_9.lua luajit 64 ok
E:\cnkdjx\Client\MyLuaGame\frameworks\pokemon_proj_tc_qd\proj.android\app\build\intermediates\assets\androidpack\x64\src\config\stage\fb\putongfuben\naruto_fb_7_9.lua compile ok
E:\cnkdjx\Client\MyLuaGame\frameworks\pokemon_proj_tc_qd\proj.android\app\build\intermediates\assets\androidpack\x64\src\config\stage\fb\putongfuben\naruto_fb_8_1.lua luajit 64 ok
E:\cnkdjx\Client\MyLuaGame\frameworks\pokemon_proj_tc_qd\proj.android\app\build\intermediates\assets\androidpack\x64\src\config\stage\fb\putongfuben\naruto_fb_8_1.lua compile ok
E:\cnkdjx\Client\MyLuaGame\frameworks\pokemon_proj_tc_qd\proj.android\app\build\intermediates\assets\androidpack\x64\src\config\stage\fb\putongfuben\naruto_fb_8_10.lua luajit 64 ok
E:\cnkdjx\Client\MyLuaGame\frameworks\pokemon_proj_tc_qd\proj.android\app\build\intermediates\assets\androidpack\x64\src\config\stage\fb\putongfuben\naruto_fb_8_10.lua compile ok
E:\cnkdjx\Client\MyLuaGame\frameworks\pokemon_proj_tc_qd\proj.android\app\build\intermediates\assets\androidpack\x64\src\config\stage\fb\putongfuben\naruto_fb_8_2.lua luajit 64 ok
E:\cnkdjx\Client\MyLuaGame\frameworks\pokemon_proj_tc_qd\proj.android\app\build\intermediates\assets\androidpack\x64\src\config\stage\fb\putongfuben\naruto_fb_8_2.lua compile ok
E:\cnkdjx\Client\MyLuaGame\frameworks\pokemon_proj_tc_qd\proj.android\app\build\intermediates\assets\androidpack\x64\src\config\stage\fb\putongfuben\naruto_fb_8_3.lua luajit 64 ok
E:\cnkdjx\Client\MyLuaGame\frameworks\pokemon_proj_tc_qd\proj.android\app\build\intermediates\assets\androidpack\x64\src\config\stage\fb\putongfuben\naruto_fb_8_3.lua compile ok
E:\cnkdjx\Client\MyLuaGame\frameworks\pokemon_proj_tc_qd\proj.android\app\build\intermediates\assets\androidpack\x64\src\config\stage\fb\putongfuben\naruto_fb_8_4.lua luajit 64 ok
E:\cnkdjx\Client\MyLuaGame\frameworks\pokemon_proj_tc_qd\proj.android\app\build\intermediates\assets\androidpack\x64\src\config\stage\fb\putongfuben\naruto_fb_8_4.lua compile ok
E:\cnkdjx\Client\MyLuaGame\frameworks\pokemon_proj_tc_qd\proj.android\app\build\intermediates\assets\androidpack\x64\src\config\stage\fb\putongfuben\naruto_fb_8_5.lua luajit 64 ok
E:\cnkdjx\Client\MyLuaGame\frameworks\pokemon_proj_tc_qd\proj.android\app\build\intermediates\assets\androidpack\x64\src\config\stage\fb\putongfuben\naruto_fb_8_5.lua compile ok
E:\cnkdjx\Client\MyLuaGame\frameworks\pokemon_proj_tc_qd\proj.android\app\build\intermediates\assets\androidpack\x64\src\config\stage\fb\putongfuben\naruto_fb_8_6.lua luajit 64 ok
E:\cnkdjx\Client\MyLuaGame\frameworks\pokemon_proj_tc_qd\proj.android\app\build\intermediates\assets\androidpack\x64\src\config\stage\fb\putongfuben\naruto_fb_8_6.lua compile ok
E:\cnkdjx\Client\MyLuaGame\frameworks\pokemon_proj_tc_qd\proj.android\app\build\intermediates\assets\androidpack\x64\src\config\stage\fb\putongfuben\naruto_fb_8_7.lua luajit 64 ok
E:\cnkdjx\Client\MyLuaGame\frameworks\pokemon_proj_tc_qd\proj.android\app\build\intermediates\assets\androidpack\x64\src\config\stage\fb\putongfuben\naruto_fb_8_7.lua compile ok
E:\cnkdjx\Client\MyLuaGame\frameworks\pokemon_proj_tc_qd\proj.android\app\build\intermediates\assets\androidpack\x64\src\config\stage\fb\putongfuben\naruto_fb_8_8.lua luajit 64 ok
E:\cnkdjx\Client\MyLuaGame\frameworks\pokemon_proj_tc_qd\proj.android\app\build\intermediates\assets\androidpack\x64\src\config\stage\fb\putongfuben\naruto_fb_8_8.lua compile ok
E:\cnkdjx\Client\MyLuaGame\frameworks\pokemon_proj_tc_qd\proj.android\app\build\intermediates\assets\androidpack\x64\src\config\stage\fb\putongfuben\naruto_fb_8_9.lua luajit 64 ok
E:\cnkdjx\Client\MyLuaGame\frameworks\pokemon_proj_tc_qd\proj.android\app\build\intermediates\assets\androidpack\x64\src\config\stage\fb\putongfuben\naruto_fb_8_9.lua compile ok
E:\cnkdjx\Client\MyLuaGame\frameworks\pokemon_proj_tc_qd\proj.android\app\build\intermediates\assets\androidpack\x64\src\config\stage\fb\putongfuben\naruto_fb_9_1.lua luajit 64 ok
E:\cnkdjx\Client\MyLuaGame\frameworks\pokemon_proj_tc_qd\proj.android\app\build\intermediates\assets\androidpack\x64\src\config\stage\fb\putongfuben\naruto_fb_9_1.lua compile ok
E:\cnkdjx\Client\MyLuaGame\frameworks\pokemon_proj_tc_qd\proj.android\app\build\intermediates\assets\androidpack\x64\src\config\stage\fb\putongfuben\naruto_fb_9_10.lua luajit 64 ok
E:\cnkdjx\Client\MyLuaGame\frameworks\pokemon_proj_tc_qd\proj.android\app\build\intermediates\assets\androidpack\x64\src\config\stage\fb\putongfuben\naruto_fb_9_10.lua compile ok
E:\cnkdjx\Client\MyLuaGame\frameworks\pokemon_proj_tc_qd\proj.android\app\build\intermediates\assets\androidpack\x64\src\config\stage\fb\putongfuben\naruto_fb_9_2.lua luajit 64 ok
E:\cnkdjx\Client\MyLuaGame\frameworks\pokemon_proj_tc_qd\proj.android\app\build\intermediates\assets\androidpack\x64\src\config\stage\fb\putongfuben\naruto_fb_9_2.lua compile ok
E:\cnkdjx\Client\MyLuaGame\frameworks\pokemon_proj_tc_qd\proj.android\app\build\intermediates\assets\androidpack\x64\src\config\stage\fb\putongfuben\naruto_fb_9_3.lua luajit 64 ok
E:\cnkdjx\Client\MyLuaGame\frameworks\pokemon_proj_tc_qd\proj.android\app\build\intermediates\assets\androidpack\x64\src\config\stage\fb\putongfuben\naruto_fb_9_3.lua compile ok
E:\cnkdjx\Client\MyLuaGame\frameworks\pokemon_proj_tc_qd\proj.android\app\build\intermediates\assets\androidpack\x64\src\config\stage\fb\putongfuben\naruto_fb_9_4.lua luajit 64 ok
E:\cnkdjx\Client\MyLuaGame\frameworks\pokemon_proj_tc_qd\proj.android\app\build\intermediates\assets\androidpack\x64\src\config\stage\fb\putongfuben\naruto_fb_9_4.lua compile ok
E:\cnkdjx\Client\MyLuaGame\frameworks\pokemon_proj_tc_qd\proj.android\app\build\intermediates\assets\androidpack\x64\src\config\stage\fb\putongfuben\naruto_fb_9_5.lua luajit 64 ok
E:\cnkdjx\Client\MyLuaGame\frameworks\pokemon_proj_tc_qd\proj.android\app\build\intermediates\assets\androidpack\x64\src\config\stage\fb\putongfuben\naruto_fb_9_5.lua compile ok
E:\cnkdjx\Client\MyLuaGame\frameworks\pokemon_proj_tc_qd\proj.android\app\build\intermediates\assets\androidpack\x64\src\config\stage\fb\putongfuben\naruto_fb_9_6.lua luajit 64 ok
E:\cnkdjx\Client\MyLuaGame\frameworks\pokemon_proj_tc_qd\proj.android\app\build\intermediates\assets\androidpack\x64\src\config\stage\fb\putongfuben\naruto_fb_9_6.lua compile ok
E:\cnkdjx\Client\MyLuaGame\frameworks\pokemon_proj_tc_qd\proj.android\app\build\intermediates\assets\androidpack\x64\src\config\stage\fb\putongfuben\naruto_fb_9_7.lua luajit 64 ok
E:\cnkdjx\Client\MyLuaGame\frameworks\pokemon_proj_tc_qd\proj.android\app\build\intermediates\assets\androidpack\x64\src\config\stage\fb\putongfuben\naruto_fb_9_7.lua compile ok
E:\cnkdjx\Client\MyLuaGame\frameworks\pokemon_proj_tc_qd\proj.android\app\build\intermediates\assets\androidpack\x64\src\config\stage\fb\putongfuben\naruto_fb_9_8.lua luajit 64 ok
E:\cnkdjx\Client\MyLuaGame\frameworks\pokemon_proj_tc_qd\proj.android\app\build\intermediates\assets\androidpack\x64\src\config\stage\fb\putongfuben\naruto_fb_9_8.lua compile ok
E:\cnkdjx\Client\MyLuaGame\frameworks\pokemon_proj_tc_qd\proj.android\app\build\intermediates\assets\androidpack\x64\src\config\stage\fb\putongfuben\naruto_fb_9_9.lua luajit 64 ok
E:\cnkdjx\Client\MyLuaGame\frameworks\pokemon_proj_tc_qd\proj.android\app\build\intermediates\assets\androidpack\x64\src\config\stage\fb\putongfuben\naruto_fb_9_9.lua compile ok
E:\cnkdjx\Client\MyLuaGame\frameworks\pokemon_proj_tc_qd\proj.android\app\build\intermediates\assets\androidpack\x64\src\config\summer_challenge\base.lua luajit 64 ok
E:\cnkdjx\Client\MyLuaGame\frameworks\pokemon_proj_tc_qd\proj.android\app\build\intermediates\assets\androidpack\x64\src\config\summer_challenge\base.lua compile ok
E:\cnkdjx\Client\MyLuaGame\frameworks\pokemon_proj_tc_qd\proj.android\app\build\intermediates\assets\androidpack\x64\src\config\summer_challenge\cards.lua luajit 64 ok
E:\cnkdjx\Client\MyLuaGame\frameworks\pokemon_proj_tc_qd\proj.android\app\build\intermediates\assets\androidpack\x64\src\config\summer_challenge\cards.lua compile ok
E:\cnkdjx\Client\MyLuaGame\frameworks\pokemon_proj_tc_qd\proj.android\app\build\intermediates\assets\androidpack\x64\src\config\summer_challenge\gates.lua luajit 64 ok
E:\cnkdjx\Client\MyLuaGame\frameworks\pokemon_proj_tc_qd\proj.android\app\build\intermediates\assets\androidpack\x64\src\config\summer_challenge\gates.lua compile ok
E:\cnkdjx\Client\MyLuaGame\frameworks\pokemon_proj_tc_qd\proj.android\app\build\intermediates\assets\androidpack\x64\src\config\summer_challenge\monsters.lua luajit 64 ok
E:\cnkdjx\Client\MyLuaGame\frameworks\pokemon_proj_tc_qd\proj.android\app\build\intermediates\assets\androidpack\x64\src\config\summer_challenge\monsters.lua compile ok
E:\cnkdjx\Client\MyLuaGame\frameworks\pokemon_proj_tc_qd\proj.android\app\build\intermediates\assets\androidpack\x64\src\config\summer_challenge\team.lua luajit 64 ok
E:\cnkdjx\Client\MyLuaGame\frameworks\pokemon_proj_tc_qd\proj.android\app\build\intermediates\assets\androidpack\x64\src\config\summer_challenge\team.lua compile ok
E:\cnkdjx\Client\MyLuaGame\frameworks\pokemon_proj_tc_qd\proj.android\app\build\intermediates\assets\androidpack\x64\src\config\town\adventure.lua luajit 64 ok
E:\cnkdjx\Client\MyLuaGame\frameworks\pokemon_proj_tc_qd\proj.android\app\build\intermediates\assets\androidpack\x64\src\config\town\adventure.lua compile ok
E:\cnkdjx\Client\MyLuaGame\frameworks\pokemon_proj_tc_qd\proj.android\app\build\intermediates\assets\androidpack\x64\src\config\town\adventure_award.lua luajit 64 ok
E:\cnkdjx\Client\MyLuaGame\frameworks\pokemon_proj_tc_qd\proj.android\app\build\intermediates\assets\androidpack\x64\src\config\town\adventure_award.lua compile ok
E:\cnkdjx\Client\MyLuaGame\frameworks\pokemon_proj_tc_qd\proj.android\app\build\intermediates\assets\androidpack\x64\src\config\town\adventure_text.lua luajit 64 ok
E:\cnkdjx\Client\MyLuaGame\frameworks\pokemon_proj_tc_qd\proj.android\app\build\intermediates\assets\androidpack\x64\src\config\town\adventure_text.lua compile ok
E:\cnkdjx\Client\MyLuaGame\frameworks\pokemon_proj_tc_qd\proj.android\app\build\intermediates\assets\androidpack\x64\src\config\town\building.lua luajit 64 ok
E:\cnkdjx\Client\MyLuaGame\frameworks\pokemon_proj_tc_qd\proj.android\app\build\intermediates\assets\androidpack\x64\src\config\town\building.lua compile ok
E:\cnkdjx\Client\MyLuaGame\frameworks\pokemon_proj_tc_qd\proj.android\app\build\intermediates\assets\androidpack\x64\src\config\town\condition.lua luajit 64 ok
E:\cnkdjx\Client\MyLuaGame\frameworks\pokemon_proj_tc_qd\proj.android\app\build\intermediates\assets\androidpack\x64\src\config\town\condition.lua compile ok
E:\cnkdjx\Client\MyLuaGame\frameworks\pokemon_proj_tc_qd\proj.android\app\build\intermediates\assets\androidpack\x64\src\config\town\energy.lua luajit 64 ok
E:\cnkdjx\Client\MyLuaGame\frameworks\pokemon_proj_tc_qd\proj.android\app\build\intermediates\assets\androidpack\x64\src\config\town\energy.lua compile ok
E:\cnkdjx\Client\MyLuaGame\frameworks\pokemon_proj_tc_qd\proj.android\app\build\intermediates\assets\androidpack\x64\src\config\town\home.lua luajit 64 ok
E:\cnkdjx\Client\MyLuaGame\frameworks\pokemon_proj_tc_qd\proj.android\app\build\intermediates\assets\androidpack\x64\src\config\town\home.lua compile ok
E:\cnkdjx\Client\MyLuaGame\frameworks\pokemon_proj_tc_qd\proj.android\app\build\intermediates\assets\androidpack\x64\src\config\town\home_collection.lua luajit 64 ok
E:\cnkdjx\Client\MyLuaGame\frameworks\pokemon_proj_tc_qd\proj.android\app\build\intermediates\assets\androidpack\x64\src\config\town\home_collection.lua compile ok
E:\cnkdjx\Client\MyLuaGame\frameworks\pokemon_proj_tc_qd\proj.android\app\build\intermediates\assets\androidpack\x64\src\config\town\home_furniture.lua luajit 64 ok
E:\cnkdjx\Client\MyLuaGame\frameworks\pokemon_proj_tc_qd\proj.android\app\build\intermediates\assets\androidpack\x64\src\config\town\home_furniture.lua compile ok
E:\cnkdjx\Client\MyLuaGame\frameworks\pokemon_proj_tc_qd\proj.android\app\build\intermediates\assets\androidpack\x64\src\config\town\home_furniture_series.lua luajit 64 ok
E:\cnkdjx\Client\MyLuaGame\frameworks\pokemon_proj_tc_qd\proj.android\app\build\intermediates\assets\androidpack\x64\src\config\town\home_furniture_series.lua compile ok
E:\cnkdjx\Client\MyLuaGame\frameworks\pokemon_proj_tc_qd\proj.android\app\build\intermediates\assets\androidpack\x64\src\config\town\home_furniture_type.lua luajit 64 ok
E:\cnkdjx\Client\MyLuaGame\frameworks\pokemon_proj_tc_qd\proj.android\app\build\intermediates\assets\androidpack\x64\src\config\town\home_furniture_type.lua compile ok
E:\cnkdjx\Client\MyLuaGame\frameworks\pokemon_proj_tc_qd\proj.android\app\build\intermediates\assets\androidpack\x64\src\config\town\home_shop.lua luajit 64 ok
E:\cnkdjx\Client\MyLuaGame\frameworks\pokemon_proj_tc_qd\proj.android\app\build\intermediates\assets\androidpack\x64\src\config\town\home_shop.lua compile ok
E:\cnkdjx\Client\MyLuaGame\frameworks\pokemon_proj_tc_qd\proj.android\app\build\intermediates\assets\androidpack\x64\src\config\town\production_base.lua luajit 64 ok
E:\cnkdjx\Client\MyLuaGame\frameworks\pokemon_proj_tc_qd\proj.android\app\build\intermediates\assets\androidpack\x64\src\config\town\production_base.lua compile ok
E:\cnkdjx\Client\MyLuaGame\frameworks\pokemon_proj_tc_qd\proj.android\app\build\intermediates\assets\androidpack\x64\src\config\town\skill.lua luajit 64 ok
E:\cnkdjx\Client\MyLuaGame\frameworks\pokemon_proj_tc_qd\proj.android\app\build\intermediates\assets\androidpack\x64\src\config\town\skill.lua compile ok
E:\cnkdjx\Client\MyLuaGame\frameworks\pokemon_proj_tc_qd\proj.android\app\build\intermediates\assets\androidpack\x64\src\config\town\skill_effect.lua luajit 64 ok
E:\cnkdjx\Client\MyLuaGame\frameworks\pokemon_proj_tc_qd\proj.android\app\build\intermediates\assets\androidpack\x64\src\config\town\skill_effect.lua compile ok
E:\cnkdjx\Client\MyLuaGame\frameworks\pokemon_proj_tc_qd\proj.android\app\build\intermediates\assets\androidpack\x64\src\config\town\wall_floor.lua luajit 64 ok
E:\cnkdjx\Client\MyLuaGame\frameworks\pokemon_proj_tc_qd\proj.android\app\build\intermediates\assets\androidpack\x64\src\config\town\wall_floor.lua compile ok
E:\cnkdjx\Client\MyLuaGame\frameworks\pokemon_proj_tc_qd\proj.android\app\build\intermediates\assets\androidpack\x64\src\config\trainer\attr_skills.lua luajit 64 ok
E:\cnkdjx\Client\MyLuaGame\frameworks\pokemon_proj_tc_qd\proj.android\app\build\intermediates\assets\androidpack\x64\src\config\trainer\attr_skills.lua compile ok
E:\cnkdjx\Client\MyLuaGame\frameworks\pokemon_proj_tc_qd\proj.android\app\build\intermediates\assets\androidpack\x64\src\config\trainer\skills.lua luajit 64 ok
E:\cnkdjx\Client\MyLuaGame\frameworks\pokemon_proj_tc_qd\proj.android\app\build\intermediates\assets\androidpack\x64\src\config\trainer\skills.lua compile ok
E:\cnkdjx\Client\MyLuaGame\frameworks\pokemon_proj_tc_qd\proj.android\app\build\intermediates\assets\androidpack\x64\src\config\trainer\trainer_level.lua luajit 64 ok
E:\cnkdjx\Client\MyLuaGame\frameworks\pokemon_proj_tc_qd\proj.android\app\build\intermediates\assets\androidpack\x64\src\config\trainer\trainer_level.lua compile ok
E:\cnkdjx\Client\MyLuaGame\frameworks\pokemon_proj_tc_qd\proj.android\app\build\intermediates\assets\androidpack\x64\src\config\union\contrib.lua luajit 64 ok
E:\cnkdjx\Client\MyLuaGame\frameworks\pokemon_proj_tc_qd\proj.android\app\build\intermediates\assets\androidpack\x64\src\config\union\contrib.lua compile ok
E:\cnkdjx\Client\MyLuaGame\frameworks\pokemon_proj_tc_qd\proj.android\app\build\intermediates\assets\androidpack\x64\src\config\union\daily_notice.lua luajit 64 ok
E:\cnkdjx\Client\MyLuaGame\frameworks\pokemon_proj_tc_qd\proj.android\app\build\intermediates\assets\androidpack\x64\src\config\union\daily_notice.lua compile ok
E:\cnkdjx\Client\MyLuaGame\frameworks\pokemon_proj_tc_qd\proj.android\app\build\intermediates\assets\androidpack\x64\src\config\union\history.lua luajit 64 ok
E:\cnkdjx\Client\MyLuaGame\frameworks\pokemon_proj_tc_qd\proj.android\app\build\intermediates\assets\androidpack\x64\src\config\union\history.lua compile ok
E:\cnkdjx\Client\MyLuaGame\frameworks\pokemon_proj_tc_qd\proj.android\app\build\intermediates\assets\androidpack\x64\src\config\union\red_packet.lua luajit 64 ok
E:\cnkdjx\Client\MyLuaGame\frameworks\pokemon_proj_tc_qd\proj.android\app\build\intermediates\assets\androidpack\x64\src\config\union\red_packet.lua compile ok
E:\cnkdjx\Client\MyLuaGame\frameworks\pokemon_proj_tc_qd\proj.android\app\build\intermediates\assets\androidpack\x64\src\config\union\training.lua luajit 64 ok
E:\cnkdjx\Client\MyLuaGame\frameworks\pokemon_proj_tc_qd\proj.android\app\build\intermediates\assets\androidpack\x64\src\config\union\training.lua compile ok
E:\cnkdjx\Client\MyLuaGame\frameworks\pokemon_proj_tc_qd\proj.android\app\build\intermediates\assets\androidpack\x64\src\config\union\union_frag_donate.lua luajit 64 ok
E:\cnkdjx\Client\MyLuaGame\frameworks\pokemon_proj_tc_qd\proj.android\app\build\intermediates\assets\androidpack\x64\src\config\union\union_frag_donate.lua compile ok
E:\cnkdjx\Client\MyLuaGame\frameworks\pokemon_proj_tc_qd\proj.android\app\build\intermediates\assets\androidpack\x64\src\config\union\union_frag_donate_award.lua luajit 64 ok
E:\cnkdjx\Client\MyLuaGame\frameworks\pokemon_proj_tc_qd\proj.android\app\build\intermediates\assets\androidpack\x64\src\config\union\union_frag_donate_award.lua compile ok
E:\cnkdjx\Client\MyLuaGame\frameworks\pokemon_proj_tc_qd\proj.android\app\build\intermediates\assets\androidpack\x64\src\config\union\union_fuben.lua luajit 64 ok
E:\cnkdjx\Client\MyLuaGame\frameworks\pokemon_proj_tc_qd\proj.android\app\build\intermediates\assets\androidpack\x64\src\config\union\union_fuben.lua compile ok
E:\cnkdjx\Client\MyLuaGame\frameworks\pokemon_proj_tc_qd\proj.android\app\build\intermediates\assets\androidpack\x64\src\config\union\union_fuben_buff.lua luajit 64 ok
E:\cnkdjx\Client\MyLuaGame\frameworks\pokemon_proj_tc_qd\proj.android\app\build\intermediates\assets\androidpack\x64\src\config\union\union_fuben_buff.lua compile ok
E:\cnkdjx\Client\MyLuaGame\frameworks\pokemon_proj_tc_qd\proj.android\app\build\intermediates\assets\androidpack\x64\src\config\union\union_fuben_rank.lua luajit 64 ok
E:\cnkdjx\Client\MyLuaGame\frameworks\pokemon_proj_tc_qd\proj.android\app\build\intermediates\assets\androidpack\x64\src\config\union\union_fuben_rank.lua compile ok
E:\cnkdjx\Client\MyLuaGame\frameworks\pokemon_proj_tc_qd\proj.android\app\build\intermediates\assets\androidpack\x64\src\config\union\union_level.lua luajit 64 ok
E:\cnkdjx\Client\MyLuaGame\frameworks\pokemon_proj_tc_qd\proj.android\app\build\intermediates\assets\androidpack\x64\src\config\union\union_level.lua compile ok
E:\cnkdjx\Client\MyLuaGame\frameworks\pokemon_proj_tc_qd\proj.android\app\build\intermediates\assets\androidpack\x64\src\config\union\union_logo.lua luajit 64 ok
E:\cnkdjx\Client\MyLuaGame\frameworks\pokemon_proj_tc_qd\proj.android\app\build\intermediates\assets\androidpack\x64\src\config\union\union_logo.lua compile ok
E:\cnkdjx\Client\MyLuaGame\frameworks\pokemon_proj_tc_qd\proj.android\app\build\intermediates\assets\androidpack\x64\src\config\union\union_shop.lua luajit 64 ok
E:\cnkdjx\Client\MyLuaGame\frameworks\pokemon_proj_tc_qd\proj.android\app\build\intermediates\assets\androidpack\x64\src\config\union\union_shop.lua compile ok
E:\cnkdjx\Client\MyLuaGame\frameworks\pokemon_proj_tc_qd\proj.android\app\build\intermediates\assets\androidpack\x64\src\config\union\union_skill.lua luajit 64 ok
E:\cnkdjx\Client\MyLuaGame\frameworks\pokemon_proj_tc_qd\proj.android\app\build\intermediates\assets\androidpack\x64\src\config\union\union_skill.lua compile ok
E:\cnkdjx\Client\MyLuaGame\frameworks\pokemon_proj_tc_qd\proj.android\app\build\intermediates\assets\androidpack\x64\src\config\union\union_skill_level.lua luajit 64 ok
E:\cnkdjx\Client\MyLuaGame\frameworks\pokemon_proj_tc_qd\proj.android\app\build\intermediates\assets\androidpack\x64\src\config\union\union_skill_level.lua compile ok
E:\cnkdjx\Client\MyLuaGame\frameworks\pokemon_proj_tc_qd\proj.android\app\build\intermediates\assets\androidpack\x64\src\config\union\union_task.lua luajit 64 ok
E:\cnkdjx\Client\MyLuaGame\frameworks\pokemon_proj_tc_qd\proj.android\app\build\intermediates\assets\androidpack\x64\src\config\union\union_task.lua compile ok
E:\cnkdjx\Client\MyLuaGame\frameworks\pokemon_proj_tc_qd\proj.android\app\build\intermediates\assets\androidpack\x64\src\config\union_fight\base.lua luajit 64 ok
E:\cnkdjx\Client\MyLuaGame\frameworks\pokemon_proj_tc_qd\proj.android\app\build\intermediates\assets\androidpack\x64\src\config\union_fight\base.lua compile ok
E:\cnkdjx\Client\MyLuaGame\frameworks\pokemon_proj_tc_qd\proj.android\app\build\intermediates\assets\androidpack\x64\src\config\union_fight\battle_fix.lua luajit 64 ok
E:\cnkdjx\Client\MyLuaGame\frameworks\pokemon_proj_tc_qd\proj.android\app\build\intermediates\assets\androidpack\x64\src\config\union_fight\battle_fix.lua compile ok
E:\cnkdjx\Client\MyLuaGame\frameworks\pokemon_proj_tc_qd\proj.android\app\build\intermediates\assets\androidpack\x64\src\config\union_fight\finalrank.lua luajit 64 ok
E:\cnkdjx\Client\MyLuaGame\frameworks\pokemon_proj_tc_qd\proj.android\app\build\intermediates\assets\androidpack\x64\src\config\union_fight\finalrank.lua compile ok
E:\cnkdjx\Client\MyLuaGame\frameworks\pokemon_proj_tc_qd\proj.android\app\build\intermediates\assets\androidpack\x64\src\config\union_fight\nature_limit.lua luajit 64 ok
E:\cnkdjx\Client\MyLuaGame\frameworks\pokemon_proj_tc_qd\proj.android\app\build\intermediates\assets\androidpack\x64\src\config\union_fight\nature_limit.lua compile ok
E:\cnkdjx\Client\MyLuaGame\frameworks\pokemon_proj_tc_qd\proj.android\app\build\intermediates\assets\androidpack\x64\src\config\union_fight\point_fix.lua luajit 64 ok
E:\cnkdjx\Client\MyLuaGame\frameworks\pokemon_proj_tc_qd\proj.android\app\build\intermediates\assets\androidpack\x64\src\config\union_fight\point_fix.lua compile ok
E:\cnkdjx\Client\MyLuaGame\frameworks\pokemon_proj_tc_qd\proj.android\app\build\intermediates\assets\androidpack\x64\src\config\union_fight\prerank.lua luajit 64 ok
E:\cnkdjx\Client\MyLuaGame\frameworks\pokemon_proj_tc_qd\proj.android\app\build\intermediates\assets\androidpack\x64\src\config\union_fight\prerank.lua compile ok
E:\cnkdjx\Client\MyLuaGame\frameworks\pokemon_proj_tc_qd\proj.android\app\build\intermediates\assets\androidpack\x64\src\config\union_fight\rank_point.lua luajit 64 ok
E:\cnkdjx\Client\MyLuaGame\frameworks\pokemon_proj_tc_qd\proj.android\app\build\intermediates\assets\androidpack\x64\src\config\union_fight\rank_point.lua compile ok
E:\cnkdjx\Client\MyLuaGame\frameworks\pokemon_proj_tc_qd\proj.android\app\build\intermediates\assets\androidpack\x64\src\config\union_fight\shop.lua luajit 64 ok
E:\cnkdjx\Client\MyLuaGame\frameworks\pokemon_proj_tc_qd\proj.android\app\build\intermediates\assets\androidpack\x64\src\config\union_fight\shop.lua compile ok
E:\cnkdjx\Client\MyLuaGame\frameworks\pokemon_proj_tc_qd\proj.android\app\build\intermediates\assets\androidpack\x64\src\config\union_qa\qa_base.lua luajit 64 ok
E:\cnkdjx\Client\MyLuaGame\frameworks\pokemon_proj_tc_qd\proj.android\app\build\intermediates\assets\androidpack\x64\src\config\union_qa\qa_base.lua compile ok
E:\cnkdjx\Client\MyLuaGame\frameworks\pokemon_proj_tc_qd\proj.android\app\build\intermediates\assets\androidpack\x64\src\config\union_qa\qa_game.lua luajit 64 ok
E:\cnkdjx\Client\MyLuaGame\frameworks\pokemon_proj_tc_qd\proj.android\app\build\intermediates\assets\androidpack\x64\src\config\union_qa\qa_game.lua compile ok
E:\cnkdjx\Client\MyLuaGame\frameworks\pokemon_proj_tc_qd\proj.android\app\build\intermediates\assets\androidpack\x64\src\config\union_qa\qa_game1.lua luajit 64 ok
E:\cnkdjx\Client\MyLuaGame\frameworks\pokemon_proj_tc_qd\proj.android\app\build\intermediates\assets\androidpack\x64\src\config\union_qa\qa_game1.lua compile ok
E:\cnkdjx\Client\MyLuaGame\frameworks\pokemon_proj_tc_qd\proj.android\app\build\intermediates\assets\androidpack\x64\src\config\union_qa\qa_img.lua luajit 64 ok
E:\cnkdjx\Client\MyLuaGame\frameworks\pokemon_proj_tc_qd\proj.android\app\build\intermediates\assets\androidpack\x64\src\config\union_qa\qa_img.lua compile ok
E:\cnkdjx\Client\MyLuaGame\frameworks\pokemon_proj_tc_qd\proj.android\app\build\intermediates\assets\androidpack\x64\src\config\union_qa\qa_question.lua luajit 64 ok
E:\cnkdjx\Client\MyLuaGame\frameworks\pokemon_proj_tc_qd\proj.android\app\build\intermediates\assets\androidpack\x64\src\config\union_qa\qa_question.lua compile ok
E:\cnkdjx\Client\MyLuaGame\frameworks\pokemon_proj_tc_qd\proj.android\app\build\intermediates\assets\androidpack\x64\src\config\union_qa\qa_type.lua luajit 64 ok
E:\cnkdjx\Client\MyLuaGame\frameworks\pokemon_proj_tc_qd\proj.android\app\build\intermediates\assets\androidpack\x64\src\config\union_qa\qa_type.lua compile ok
E:\cnkdjx\Client\MyLuaGame\frameworks\pokemon_proj_tc_qd\proj.android\app\build\intermediates\assets\androidpack\x64\src\config\world_boss\base.lua luajit 64 ok
E:\cnkdjx\Client\MyLuaGame\frameworks\pokemon_proj_tc_qd\proj.android\app\build\intermediates\assets\androidpack\x64\src\config\world_boss\base.lua compile ok
E:\cnkdjx\Client\MyLuaGame\frameworks\pokemon_proj_tc_qd\proj.android\app\build\intermediates\assets\androidpack\x64\src\config\world_boss\damage_award.lua luajit 64 ok
E:\cnkdjx\Client\MyLuaGame\frameworks\pokemon_proj_tc_qd\proj.android\app\build\intermediates\assets\androidpack\x64\src\config\world_boss\damage_award.lua compile ok
E:\cnkdjx\Client\MyLuaGame\frameworks\pokemon_proj_tc_qd\proj.android\app\build\intermediates\assets\androidpack\x64\src\config\world_boss\hp_fix.lua luajit 64 ok
E:\cnkdjx\Client\MyLuaGame\frameworks\pokemon_proj_tc_qd\proj.android\app\build\intermediates\assets\androidpack\x64\src\config\world_boss\hp_fix.lua compile ok
E:\cnkdjx\Client\MyLuaGame\frameworks\pokemon_proj_tc_qd\proj.android\app\build\intermediates\assets\androidpack\x64\src\config\world_boss\role_rank_award.lua luajit 64 ok
E:\cnkdjx\Client\MyLuaGame\frameworks\pokemon_proj_tc_qd\proj.android\app\build\intermediates\assets\androidpack\x64\src\config\world_boss\role_rank_award.lua compile ok
E:\cnkdjx\Client\MyLuaGame\frameworks\pokemon_proj_tc_qd\proj.android\app\build\intermediates\assets\androidpack\x64\src\config\world_boss\union_rank_award.lua luajit 64 ok
E:\cnkdjx\Client\MyLuaGame\frameworks\pokemon_proj_tc_qd\proj.android\app\build\intermediates\assets\androidpack\x64\src\config\world_boss\union_rank_award.lua compile ok
E:\cnkdjx\Client\MyLuaGame\frameworks\pokemon_proj_tc_qd\proj.android\app\build\intermediates\assets\androidpack\x64\src\config\world_level\base.lua luajit 64 ok
E:\cnkdjx\Client\MyLuaGame\frameworks\pokemon_proj_tc_qd\proj.android\app\build\intermediates\assets\androidpack\x64\src\config\world_level\base.lua compile ok
E:\cnkdjx\Client\MyLuaGame\frameworks\pokemon_proj_tc_qd\proj.android\app\build\intermediates\assets\androidpack\x64\src\config\world_level\bonus.lua luajit 64 ok
E:\cnkdjx\Client\MyLuaGame\frameworks\pokemon_proj_tc_qd\proj.android\app\build\intermediates\assets\androidpack\x64\src\config\world_level\bonus.lua compile ok
E:\cnkdjx\Client\MyLuaGame\frameworks\pokemon_proj_tc_qd\proj.android\app\build\intermediates\assets\androidpack\x64\src\config\yunying\bao_zongzi_recipe.lua luajit 64 ok
E:\cnkdjx\Client\MyLuaGame\frameworks\pokemon_proj_tc_qd\proj.android\app\build\intermediates\assets\androidpack\x64\src\config\yunying\bao_zongzi_recipe.lua compile ok
E:\cnkdjx\Client\MyLuaGame\frameworks\pokemon_proj_tc_qd\proj.android\app\build\intermediates\assets\androidpack\x64\src\config\yunying\bao_zongzi_task.lua luajit 64 ok
E:\cnkdjx\Client\MyLuaGame\frameworks\pokemon_proj_tc_qd\proj.android\app\build\intermediates\assets\androidpack\x64\src\config\yunying\bao_zongzi_task.lua compile ok
E:\cnkdjx\Client\MyLuaGame\frameworks\pokemon_proj_tc_qd\proj.android\app\build\intermediates\assets\androidpack\x64\src\config\yunying\card_award.lua luajit 64 ok
E:\cnkdjx\Client\MyLuaGame\frameworks\pokemon_proj_tc_qd\proj.android\app\build\intermediates\assets\androidpack\x64\src\config\yunying\card_award.lua compile ok
E:\cnkdjx\Client\MyLuaGame\frameworks\pokemon_proj_tc_qd\proj.android\app\build\intermediates\assets\androidpack\x64\src\config\yunying\collectcard.lua luajit 64 ok
E:\cnkdjx\Client\MyLuaGame\frameworks\pokemon_proj_tc_qd\proj.android\app\build\intermediates\assets\androidpack\x64\src\config\yunying\collectcard.lua compile ok
E:\cnkdjx\Client\MyLuaGame\frameworks\pokemon_proj_tc_qd\proj.android\app\build\intermediates\assets\androidpack\x64\src\config\yunying\customize_gift.lua luajit 64 ok
E:\cnkdjx\Client\MyLuaGame\frameworks\pokemon_proj_tc_qd\proj.android\app\build\intermediates\assets\androidpack\x64\src\config\yunying\customize_gift.lua compile ok
E:\cnkdjx\Client\MyLuaGame\frameworks\pokemon_proj_tc_qd\proj.android\app\build\intermediates\assets\androidpack\x64\src\config\yunying\dailybuy.lua luajit 64 ok
E:\cnkdjx\Client\MyLuaGame\frameworks\pokemon_proj_tc_qd\proj.android\app\build\intermediates\assets\androidpack\x64\src\config\yunying\dailybuy.lua compile ok
E:\cnkdjx\Client\MyLuaGame\frameworks\pokemon_proj_tc_qd\proj.android\app\build\intermediates\assets\androidpack\x64\src\config\yunying\directbuygift.lua luajit 64 ok
E:\cnkdjx\Client\MyLuaGame\frameworks\pokemon_proj_tc_qd\proj.android\app\build\intermediates\assets\androidpack\x64\src\config\yunying\directbuygift.lua compile ok
E:\cnkdjx\Client\MyLuaGame\frameworks\pokemon_proj_tc_qd\proj.android\app\build\intermediates\assets\androidpack\x64\src\config\yunying\dispatch.lua luajit 64 ok
E:\cnkdjx\Client\MyLuaGame\frameworks\pokemon_proj_tc_qd\proj.android\app\build\intermediates\assets\androidpack\x64\src\config\yunying\dispatch.lua compile ok
E:\cnkdjx\Client\MyLuaGame\frameworks\pokemon_proj_tc_qd\proj.android\app\build\intermediates\assets\androidpack\x64\src\config\yunying\dispatch_task.lua luajit 64 ok
E:\cnkdjx\Client\MyLuaGame\frameworks\pokemon_proj_tc_qd\proj.android\app\build\intermediates\assets\androidpack\x64\src\config\yunying\dispatch_task.lua compile ok
E:\cnkdjx\Client\MyLuaGame\frameworks\pokemon_proj_tc_qd\proj.android\app\build\intermediates\assets\androidpack\x64\src\config\yunying\double11_game.lua luajit 64 ok
E:\cnkdjx\Client\MyLuaGame\frameworks\pokemon_proj_tc_qd\proj.android\app\build\intermediates\assets\androidpack\x64\src\config\yunying\double11_game.lua compile ok
E:\cnkdjx\Client\MyLuaGame\frameworks\pokemon_proj_tc_qd\proj.android\app\build\intermediates\assets\androidpack\x64\src\config\yunying\double11_lottery.lua luajit 64 ok
E:\cnkdjx\Client\MyLuaGame\frameworks\pokemon_proj_tc_qd\proj.android\app\build\intermediates\assets\androidpack\x64\src\config\yunying\double11_lottery.lua compile ok
E:\cnkdjx\Client\MyLuaGame\frameworks\pokemon_proj_tc_qd\proj.android\app\build\intermediates\assets\androidpack\x64\src\config\yunying\draw_limit.lua luajit 64 ok
E:\cnkdjx\Client\MyLuaGame\frameworks\pokemon_proj_tc_qd\proj.android\app\build\intermediates\assets\androidpack\x64\src\config\yunying\draw_limit.lua compile ok
E:\cnkdjx\Client\MyLuaGame\frameworks\pokemon_proj_tc_qd\proj.android\app\build\intermediates\assets\androidpack\x64\src\config\yunying\fightpointaward.lua luajit 64 ok
E:\cnkdjx\Client\MyLuaGame\frameworks\pokemon_proj_tc_qd\proj.android\app\build\intermediates\assets\androidpack\x64\src\config\yunying\fightpointaward.lua compile ok
E:\cnkdjx\Client\MyLuaGame\frameworks\pokemon_proj_tc_qd\proj.android\app\build\intermediates\assets\androidpack\x64\src\config\yunying\fightrankaward.lua luajit 64 ok
E:\cnkdjx\Client\MyLuaGame\frameworks\pokemon_proj_tc_qd\proj.android\app\build\intermediates\assets\androidpack\x64\src\config\yunying\fightrankaward.lua compile ok
E:\cnkdjx\Client\MyLuaGame\frameworks\pokemon_proj_tc_qd\proj.android\app\build\intermediates\assets\androidpack\x64\src\config\yunying\flop_rounds.lua luajit 64 ok
E:\cnkdjx\Client\MyLuaGame\frameworks\pokemon_proj_tc_qd\proj.android\app\build\intermediates\assets\androidpack\x64\src\config\yunying\flop_rounds.lua compile ok
E:\cnkdjx\Client\MyLuaGame\frameworks\pokemon_proj_tc_qd\proj.android\app\build\intermediates\assets\androidpack\x64\src\config\yunying\flop_task.lua luajit 64 ok
E:\cnkdjx\Client\MyLuaGame\frameworks\pokemon_proj_tc_qd\proj.android\app\build\intermediates\assets\androidpack\x64\src\config\yunying\flop_task.lua compile ok
E:\cnkdjx\Client\MyLuaGame\frameworks\pokemon_proj_tc_qd\proj.android\app\build\intermediates\assets\androidpack\x64\src\config\yunying\gateaward.lua luajit 64 ok
E:\cnkdjx\Client\MyLuaGame\frameworks\pokemon_proj_tc_qd\proj.android\app\build\intermediates\assets\androidpack\x64\src\config\yunying\gateaward.lua compile ok
E:\cnkdjx\Client\MyLuaGame\frameworks\pokemon_proj_tc_qd\proj.android\app\build\intermediates\assets\androidpack\x64\src\config\yunying\gem_exchange.lua luajit 64 ok
E:\cnkdjx\Client\MyLuaGame\frameworks\pokemon_proj_tc_qd\proj.android\app\build\intermediates\assets\androidpack\x64\src\config\yunying\gem_exchange.lua compile ok
E:\cnkdjx\Client\MyLuaGame\frameworks\pokemon_proj_tc_qd\proj.android\app\build\intermediates\assets\androidpack\x64\src\config\yunying\generaltask.lua luajit 64 ok
E:\cnkdjx\Client\MyLuaGame\frameworks\pokemon_proj_tc_qd\proj.android\app\build\intermediates\assets\androidpack\x64\src\config\yunying\generaltask.lua compile ok
E:\cnkdjx\Client\MyLuaGame\frameworks\pokemon_proj_tc_qd\proj.android\app\build\intermediates\assets\androidpack\x64\src\config\yunying\grid_walk_events.lua luajit 64 ok
E:\cnkdjx\Client\MyLuaGame\frameworks\pokemon_proj_tc_qd\proj.android\app\build\intermediates\assets\androidpack\x64\src\config\yunying\grid_walk_events.lua compile ok
E:\cnkdjx\Client\MyLuaGame\frameworks\pokemon_proj_tc_qd\proj.android\app\build\intermediates\assets\androidpack\x64\src\config\yunying\grid_walk_map.lua luajit 64 ok
E:\cnkdjx\Client\MyLuaGame\frameworks\pokemon_proj_tc_qd\proj.android\app\build\intermediates\assets\androidpack\x64\src\config\yunying\grid_walk_map.lua compile ok
E:\cnkdjx\Client\MyLuaGame\frameworks\pokemon_proj_tc_qd\proj.android\app\build\intermediates\assets\androidpack\x64\src\config\yunying\grid_walk_shop.lua luajit 64 ok
E:\cnkdjx\Client\MyLuaGame\frameworks\pokemon_proj_tc_qd\proj.android\app\build\intermediates\assets\androidpack\x64\src\config\yunying\grid_walk_shop.lua compile ok
E:\cnkdjx\Client\MyLuaGame\frameworks\pokemon_proj_tc_qd\proj.android\app\build\intermediates\assets\androidpack\x64\src\config\yunying\grid_walk_tasks.lua luajit 64 ok
E:\cnkdjx\Client\MyLuaGame\frameworks\pokemon_proj_tc_qd\proj.android\app\build\intermediates\assets\androidpack\x64\src\config\yunying\grid_walk_tasks.lua compile ok
E:\cnkdjx\Client\MyLuaGame\frameworks\pokemon_proj_tc_qd\proj.android\app\build\intermediates\assets\androidpack\x64\src\config\yunying\guidegift.lua luajit 64 ok
E:\cnkdjx\Client\MyLuaGame\frameworks\pokemon_proj_tc_qd\proj.android\app\build\intermediates\assets\androidpack\x64\src\config\yunying\guidegift.lua compile ok
E:\cnkdjx\Client\MyLuaGame\frameworks\pokemon_proj_tc_qd\proj.android\app\build\intermediates\assets\androidpack\x64\src\config\yunying\halloween_sprites.lua luajit 64 ok
E:\cnkdjx\Client\MyLuaGame\frameworks\pokemon_proj_tc_qd\proj.android\app\build\intermediates\assets\androidpack\x64\src\config\yunying\halloween_sprites.lua compile ok
E:\cnkdjx\Client\MyLuaGame\frameworks\pokemon_proj_tc_qd\proj.android\app\build\intermediates\assets\androidpack\x64\src\config\yunying\horse_race_bet_award.lua luajit 64 ok
E:\cnkdjx\Client\MyLuaGame\frameworks\pokemon_proj_tc_qd\proj.android\app\build\intermediates\assets\androidpack\x64\src\config\yunying\horse_race_bet_award.lua compile ok
E:\cnkdjx\Client\MyLuaGame\frameworks\pokemon_proj_tc_qd\proj.android\app\build\intermediates\assets\androidpack\x64\src\config\yunying\horse_race_point_award.lua luajit 64 ok
E:\cnkdjx\Client\MyLuaGame\frameworks\pokemon_proj_tc_qd\proj.android\app\build\intermediates\assets\androidpack\x64\src\config\yunying\horse_race_point_award.lua compile ok
E:\cnkdjx\Client\MyLuaGame\frameworks\pokemon_proj_tc_qd\proj.android\app\build\intermediates\assets\androidpack\x64\src\config\yunying\huodongboss.lua luajit 64 ok
E:\cnkdjx\Client\MyLuaGame\frameworks\pokemon_proj_tc_qd\proj.android\app\build\intermediates\assets\androidpack\x64\src\config\yunying\huodongboss.lua compile ok
E:\cnkdjx\Client\MyLuaGame\frameworks\pokemon_proj_tc_qd\proj.android\app\build\intermediates\assets\androidpack\x64\src\config\yunying\huodongboss_config.lua luajit 64 ok
E:\cnkdjx\Client\MyLuaGame\frameworks\pokemon_proj_tc_qd\proj.android\app\build\intermediates\assets\androidpack\x64\src\config\yunying\huodongboss_config.lua compile ok
E:\cnkdjx\Client\MyLuaGame\frameworks\pokemon_proj_tc_qd\proj.android\app\build\intermediates\assets\androidpack\x64\src\config\yunying\huodongcloth_level.lua luajit 64 ok
E:\cnkdjx\Client\MyLuaGame\frameworks\pokemon_proj_tc_qd\proj.android\app\build\intermediates\assets\androidpack\x64\src\config\yunying\huodongcloth_level.lua compile ok
E:\cnkdjx\Client\MyLuaGame\frameworks\pokemon_proj_tc_qd\proj.android\app\build\intermediates\assets\androidpack\x64\src\config\yunying\huodongcloth_part.lua luajit 64 ok
E:\cnkdjx\Client\MyLuaGame\frameworks\pokemon_proj_tc_qd\proj.android\app\build\intermediates\assets\androidpack\x64\src\config\yunying\huodongcloth_part.lua compile ok
E:\cnkdjx\Client\MyLuaGame\frameworks\pokemon_proj_tc_qd\proj.android\app\build\intermediates\assets\androidpack\x64\src\config\yunying\itembuy.lua luajit 64 ok
E:\cnkdjx\Client\MyLuaGame\frameworks\pokemon_proj_tc_qd\proj.android\app\build\intermediates\assets\androidpack\x64\src\config\yunying\itembuy.lua compile ok
E:\cnkdjx\Client\MyLuaGame\frameworks\pokemon_proj_tc_qd\proj.android\app\build\intermediates\assets\androidpack\x64\src\config\yunying\itembuy2.lua luajit 64 ok
E:\cnkdjx\Client\MyLuaGame\frameworks\pokemon_proj_tc_qd\proj.android\app\build\intermediates\assets\androidpack\x64\src\config\yunying\itembuy2.lua compile ok
E:\cnkdjx\Client\MyLuaGame\frameworks\pokemon_proj_tc_qd\proj.android\app\build\intermediates\assets\androidpack\x64\src\config\yunying\itemexchange.lua luajit 64 ok
E:\cnkdjx\Client\MyLuaGame\frameworks\pokemon_proj_tc_qd\proj.android\app\build\intermediates\assets\androidpack\x64\src\config\yunying\itemexchange.lua compile ok
E:\cnkdjx\Client\MyLuaGame\frameworks\pokemon_proj_tc_qd\proj.android\app\build\intermediates\assets\androidpack\x64\src\config\yunying\jifu_award.lua luajit 64 ok
E:\cnkdjx\Client\MyLuaGame\frameworks\pokemon_proj_tc_qd\proj.android\app\build\intermediates\assets\androidpack\x64\src\config\yunying\jifu_award.lua compile ok
E:\cnkdjx\Client\MyLuaGame\frameworks\pokemon_proj_tc_qd\proj.android\app\build\intermediates\assets\androidpack\x64\src\config\yunying\jifu_task.lua luajit 64 ok
E:\cnkdjx\Client\MyLuaGame\frameworks\pokemon_proj_tc_qd\proj.android\app\build\intermediates\assets\androidpack\x64\src\config\yunying\jifu_task.lua compile ok
E:\cnkdjx\Client\MyLuaGame\frameworks\pokemon_proj_tc_qd\proj.android\app\build\intermediates\assets\androidpack\x64\src\config\yunying\levelaward.lua luajit 64 ok
E:\cnkdjx\Client\MyLuaGame\frameworks\pokemon_proj_tc_qd\proj.android\app\build\intermediates\assets\androidpack\x64\src\config\yunying\levelaward.lua compile ok
E:\cnkdjx\Client\MyLuaGame\frameworks\pokemon_proj_tc_qd\proj.android\app\build\intermediates\assets\androidpack\x64\src\config\yunying\levelfund.lua luajit 64 ok
E:\cnkdjx\Client\MyLuaGame\frameworks\pokemon_proj_tc_qd\proj.android\app\build\intermediates\assets\androidpack\x64\src\config\yunying\levelfund.lua compile ok
E:\cnkdjx\Client\MyLuaGame\frameworks\pokemon_proj_tc_qd\proj.android\app\build\intermediates\assets\androidpack\x64\src\config\yunying\limitboxpointaward.lua luajit 64 ok
E:\cnkdjx\Client\MyLuaGame\frameworks\pokemon_proj_tc_qd\proj.android\app\build\intermediates\assets\androidpack\x64\src\config\yunying\limitboxpointaward.lua compile ok
E:\cnkdjx\Client\MyLuaGame\frameworks\pokemon_proj_tc_qd\proj.android\app\build\intermediates\assets\androidpack\x64\src\config\yunying\limitboxqualify.lua luajit 64 ok
E:\cnkdjx\Client\MyLuaGame\frameworks\pokemon_proj_tc_qd\proj.android\app\build\intermediates\assets\androidpack\x64\src\config\yunying\limitboxqualify.lua compile ok
E:\cnkdjx\Client\MyLuaGame\frameworks\pokemon_proj_tc_qd\proj.android\app\build\intermediates\assets\androidpack\x64\src\config\yunying\limitboxrankaward.lua luajit 64 ok
E:\cnkdjx\Client\MyLuaGame\frameworks\pokemon_proj_tc_qd\proj.android\app\build\intermediates\assets\androidpack\x64\src\config\yunying\limitboxrankaward.lua compile ok
E:\cnkdjx\Client\MyLuaGame\frameworks\pokemon_proj_tc_qd\proj.android\app\build\intermediates\assets\androidpack\x64\src\config\yunying\limitbuygift.lua luajit 64 ok
E:\cnkdjx\Client\MyLuaGame\frameworks\pokemon_proj_tc_qd\proj.android\app\build\intermediates\assets\androidpack\x64\src\config\yunying\limitbuygift.lua compile ok
E:\cnkdjx\Client\MyLuaGame\frameworks\pokemon_proj_tc_qd\proj.android\app\build\intermediates\assets\androidpack\x64\src\config\yunying\loginweal.lua luajit 64 ok
E:\cnkdjx\Client\MyLuaGame\frameworks\pokemon_proj_tc_qd\proj.android\app\build\intermediates\assets\androidpack\x64\src\config\yunying\loginweal.lua compile ok
E:\cnkdjx\Client\MyLuaGame\frameworks\pokemon_proj_tc_qd\proj.android\app\build\intermediates\assets\androidpack\x64\src\config\yunying\luckycat.lua luajit 64 ok
E:\cnkdjx\Client\MyLuaGame\frameworks\pokemon_proj_tc_qd\proj.android\app\build\intermediates\assets\androidpack\x64\src\config\yunying\luckycat.lua compile ok
E:\cnkdjx\Client\MyLuaGame\frameworks\pokemon_proj_tc_qd\proj.android\app\build\intermediates\assets\androidpack\x64\src\config\yunying\luxurydirectbuygift.lua luajit 64 ok
E:\cnkdjx\Client\MyLuaGame\frameworks\pokemon_proj_tc_qd\proj.android\app\build\intermediates\assets\androidpack\x64\src\config\yunying\luxurydirectbuygift.lua compile ok
E:\cnkdjx\Client\MyLuaGame\frameworks\pokemon_proj_tc_qd\proj.android\app\build\intermediates\assets\androidpack\x64\src\config\yunying\mid_autumn_draw.lua luajit 64 ok
E:\cnkdjx\Client\MyLuaGame\frameworks\pokemon_proj_tc_qd\proj.android\app\build\intermediates\assets\androidpack\x64\src\config\yunying\mid_autumn_draw.lua compile ok
E:\cnkdjx\Client\MyLuaGame\frameworks\pokemon_proj_tc_qd\proj.android\app\build\intermediates\assets\androidpack\x64\src\config\yunying\mid_autumn_draw_tasks.lua luajit 64 ok
E:\cnkdjx\Client\MyLuaGame\frameworks\pokemon_proj_tc_qd\proj.android\app\build\intermediates\assets\androidpack\x64\src\config\yunying\mid_autumn_draw_tasks.lua compile ok
E:\cnkdjx\Client\MyLuaGame\frameworks\pokemon_proj_tc_qd\proj.android\app\build\intermediates\assets\androidpack\x64\src\config\yunying\oncerechage.lua luajit 64 ok
E:\cnkdjx\Client\MyLuaGame\frameworks\pokemon_proj_tc_qd\proj.android\app\build\intermediates\assets\androidpack\x64\src\config\yunying\oncerechage.lua compile ok
E:\cnkdjx\Client\MyLuaGame\frameworks\pokemon_proj_tc_qd\proj.android\app\build\intermediates\assets\androidpack\x64\src\config\yunying\passport_award.lua luajit 64 ok
E:\cnkdjx\Client\MyLuaGame\frameworks\pokemon_proj_tc_qd\proj.android\app\build\intermediates\assets\androidpack\x64\src\config\yunying\passport_award.lua compile ok
E:\cnkdjx\Client\MyLuaGame\frameworks\pokemon_proj_tc_qd\proj.android\app\build\intermediates\assets\androidpack\x64\src\config\yunying\passport_recharge.lua luajit 64 ok
E:\cnkdjx\Client\MyLuaGame\frameworks\pokemon_proj_tc_qd\proj.android\app\build\intermediates\assets\androidpack\x64\src\config\yunying\passport_recharge.lua compile ok
E:\cnkdjx\Client\MyLuaGame\frameworks\pokemon_proj_tc_qd\proj.android\app\build\intermediates\assets\androidpack\x64\src\config\yunying\passport_shop.lua luajit 64 ok
E:\cnkdjx\Client\MyLuaGame\frameworks\pokemon_proj_tc_qd\proj.android\app\build\intermediates\assets\androidpack\x64\src\config\yunying\passport_shop.lua compile ok
E:\cnkdjx\Client\MyLuaGame\frameworks\pokemon_proj_tc_qd\proj.android\app\build\intermediates\assets\androidpack\x64\src\config\yunying\passport_task.lua luajit 64 ok
E:\cnkdjx\Client\MyLuaGame\frameworks\pokemon_proj_tc_qd\proj.android\app\build\intermediates\assets\androidpack\x64\src\config\yunying\passport_task.lua compile ok
E:\cnkdjx\Client\MyLuaGame\frameworks\pokemon_proj_tc_qd\proj.android\app\build\intermediates\assets\androidpack\x64\src\config\yunying\placard.lua luajit 64 ok
E:\cnkdjx\Client\MyLuaGame\frameworks\pokemon_proj_tc_qd\proj.android\app\build\intermediates\assets\androidpack\x64\src\config\yunying\placard.lua compile ok
E:\cnkdjx\Client\MyLuaGame\frameworks\pokemon_proj_tc_qd\proj.android\app\build\intermediates\assets\androidpack\x64\src\config\yunying\playpassport_award.lua luajit 64 ok
E:\cnkdjx\Client\MyLuaGame\frameworks\pokemon_proj_tc_qd\proj.android\app\build\intermediates\assets\androidpack\x64\src\config\yunying\playpassport_award.lua compile ok
E:\cnkdjx\Client\MyLuaGame\frameworks\pokemon_proj_tc_qd\proj.android\app\build\intermediates\assets\androidpack\x64\src\config\yunying\playpassport_recharge.lua luajit 64 ok
E:\cnkdjx\Client\MyLuaGame\frameworks\pokemon_proj_tc_qd\proj.android\app\build\intermediates\assets\androidpack\x64\src\config\yunying\playpassport_recharge.lua compile ok
E:\cnkdjx\Client\MyLuaGame\frameworks\pokemon_proj_tc_qd\proj.android\app\build\intermediates\assets\androidpack\x64\src\config\yunying\qualityexchange.lua luajit 64 ok
E:\cnkdjx\Client\MyLuaGame\frameworks\pokemon_proj_tc_qd\proj.android\app\build\intermediates\assets\androidpack\x64\src\config\yunying\qualityexchange.lua compile ok
E:\cnkdjx\Client\MyLuaGame\frameworks\pokemon_proj_tc_qd\proj.android\app\build\intermediates\assets\androidpack\x64\src\config\yunying\rechargegift.lua luajit 64 ok
E:\cnkdjx\Client\MyLuaGame\frameworks\pokemon_proj_tc_qd\proj.android\app\build\intermediates\assets\androidpack\x64\src\config\yunying\rechargegift.lua compile ok
E:\cnkdjx\Client\MyLuaGame\frameworks\pokemon_proj_tc_qd\proj.android\app\build\intermediates\assets\androidpack\x64\src\config\yunying\rechargegift_huodongid.lua luajit 64 ok
E:\cnkdjx\Client\MyLuaGame\frameworks\pokemon_proj_tc_qd\proj.android\app\build\intermediates\assets\androidpack\x64\src\config\yunying\rechargegift_huodongid.lua compile ok
E:\cnkdjx\Client\MyLuaGame\frameworks\pokemon_proj_tc_qd\proj.android\app\build\intermediates\assets\androidpack\x64\src\config\yunying\retrieve.lua luajit 64 ok
E:\cnkdjx\Client\MyLuaGame\frameworks\pokemon_proj_tc_qd\proj.android\app\build\intermediates\assets\androidpack\x64\src\config\yunying\retrieve.lua compile ok
E:\cnkdjx\Client\MyLuaGame\frameworks\pokemon_proj_tc_qd\proj.android\app\build\intermediates\assets\androidpack\x64\src\config\yunying\reunion_catchup.lua luajit 64 ok
E:\cnkdjx\Client\MyLuaGame\frameworks\pokemon_proj_tc_qd\proj.android\app\build\intermediates\assets\androidpack\x64\src\config\yunying\reunion_catchup.lua compile ok
E:\cnkdjx\Client\MyLuaGame\frameworks\pokemon_proj_tc_qd\proj.android\app\build\intermediates\assets\androidpack\x64\src\config\yunying\reunion_gift.lua luajit 64 ok
E:\cnkdjx\Client\MyLuaGame\frameworks\pokemon_proj_tc_qd\proj.android\app\build\intermediates\assets\androidpack\x64\src\config\yunying\reunion_gift.lua compile ok
E:\cnkdjx\Client\MyLuaGame\frameworks\pokemon_proj_tc_qd\proj.android\app\build\intermediates\assets\androidpack\x64\src\config\yunying\reunion_point_box.lua luajit 64 ok
E:\cnkdjx\Client\MyLuaGame\frameworks\pokemon_proj_tc_qd\proj.android\app\build\intermediates\assets\androidpack\x64\src\config\yunying\reunion_point_box.lua compile ok
E:\cnkdjx\Client\MyLuaGame\frameworks\pokemon_proj_tc_qd\proj.android\app\build\intermediates\assets\androidpack\x64\src\config\yunying\reunion_recharge.lua luajit 64 ok
E:\cnkdjx\Client\MyLuaGame\frameworks\pokemon_proj_tc_qd\proj.android\app\build\intermediates\assets\androidpack\x64\src\config\yunying\reunion_recharge.lua compile ok
E:\cnkdjx\Client\MyLuaGame\frameworks\pokemon_proj_tc_qd\proj.android\app\build\intermediates\assets\androidpack\x64\src\config\yunying\reunion_task.lua luajit 64 ok
E:\cnkdjx\Client\MyLuaGame\frameworks\pokemon_proj_tc_qd\proj.android\app\build\intermediates\assets\androidpack\x64\src\config\yunying\reunion_task.lua compile ok
E:\cnkdjx\Client\MyLuaGame\frameworks\pokemon_proj_tc_qd\proj.android\app\build\intermediates\assets\androidpack\x64\src\config\yunying\rmbcost.lua luajit 64 ok
E:\cnkdjx\Client\MyLuaGame\frameworks\pokemon_proj_tc_qd\proj.android\app\build\intermediates\assets\androidpack\x64\src\config\yunying\rmbcost.lua compile ok
E:\cnkdjx\Client\MyLuaGame\frameworks\pokemon_proj_tc_qd\proj.android\app\build\intermediates\assets\androidpack\x64\src\config\yunying\rmbgoldreturn_award.lua luajit 64 ok
E:\cnkdjx\Client\MyLuaGame\frameworks\pokemon_proj_tc_qd\proj.android\app\build\intermediates\assets\androidpack\x64\src\config\yunying\rmbgoldreturn_award.lua compile ok
E:\cnkdjx\Client\MyLuaGame\frameworks\pokemon_proj_tc_qd\proj.android\app\build\intermediates\assets\androidpack\x64\src\config\yunying\rmbgoldreturn_rate.lua luajit 64 ok
E:\cnkdjx\Client\MyLuaGame\frameworks\pokemon_proj_tc_qd\proj.android\app\build\intermediates\assets\androidpack\x64\src\config\yunying\rmbgoldreturn_rate.lua compile ok
E:\cnkdjx\Client\MyLuaGame\frameworks\pokemon_proj_tc_qd\proj.android\app\build\intermediates\assets\androidpack\x64\src\config\yunying\serveropen.lua luajit 64 ok
E:\cnkdjx\Client\MyLuaGame\frameworks\pokemon_proj_tc_qd\proj.android\app\build\intermediates\assets\androidpack\x64\src\config\yunying\serveropen.lua compile ok
E:\cnkdjx\Client\MyLuaGame\frameworks\pokemon_proj_tc_qd\proj.android\app\build\intermediates\assets\androidpack\x64\src\config\yunying\shaved_ice_base.lua luajit 64 ok
E:\cnkdjx\Client\MyLuaGame\frameworks\pokemon_proj_tc_qd\proj.android\app\build\intermediates\assets\androidpack\x64\src\config\yunying\shaved_ice_base.lua compile ok
E:\cnkdjx\Client\MyLuaGame\frameworks\pokemon_proj_tc_qd\proj.android\app\build\intermediates\assets\androidpack\x64\src\config\yunying\shaved_ice_cards.lua luajit 64 ok
E:\cnkdjx\Client\MyLuaGame\frameworks\pokemon_proj_tc_qd\proj.android\app\build\intermediates\assets\androidpack\x64\src\config\yunying\shaved_ice_cards.lua compile ok
E:\cnkdjx\Client\MyLuaGame\frameworks\pokemon_proj_tc_qd\proj.android\app\build\intermediates\assets\androidpack\x64\src\config\yunying\shaved_ice_demand.lua luajit 64 ok
E:\cnkdjx\Client\MyLuaGame\frameworks\pokemon_proj_tc_qd\proj.android\app\build\intermediates\assets\androidpack\x64\src\config\yunying\shaved_ice_demand.lua compile ok
E:\cnkdjx\Client\MyLuaGame\frameworks\pokemon_proj_tc_qd\proj.android\app\build\intermediates\assets\androidpack\x64\src\config\yunying\shaved_ice_items.lua luajit 64 ok
E:\cnkdjx\Client\MyLuaGame\frameworks\pokemon_proj_tc_qd\proj.android\app\build\intermediates\assets\androidpack\x64\src\config\yunying\shaved_ice_items.lua compile ok
E:\cnkdjx\Client\MyLuaGame\frameworks\pokemon_proj_tc_qd\proj.android\app\build\intermediates\assets\androidpack\x64\src\config\yunying\shaved_ice_stage_award.lua luajit 64 ok
E:\cnkdjx\Client\MyLuaGame\frameworks\pokemon_proj_tc_qd\proj.android\app\build\intermediates\assets\androidpack\x64\src\config\yunying\shaved_ice_stage_award.lua compile ok
E:\cnkdjx\Client\MyLuaGame\frameworks\pokemon_proj_tc_qd\proj.android\app\build\intermediates\assets\androidpack\x64\src\config\yunying\skyscraper_accessment.lua luajit 64 ok
E:\cnkdjx\Client\MyLuaGame\frameworks\pokemon_proj_tc_qd\proj.android\app\build\intermediates\assets\androidpack\x64\src\config\yunying\skyscraper_accessment.lua compile ok
E:\cnkdjx\Client\MyLuaGame\frameworks\pokemon_proj_tc_qd\proj.android\app\build\intermediates\assets\androidpack\x64\src\config\yunying\skyscraper_floors.lua luajit 64 ok
E:\cnkdjx\Client\MyLuaGame\frameworks\pokemon_proj_tc_qd\proj.android\app\build\intermediates\assets\androidpack\x64\src\config\yunying\skyscraper_floors.lua compile ok
E:\cnkdjx\Client\MyLuaGame\frameworks\pokemon_proj_tc_qd\proj.android\app\build\intermediates\assets\androidpack\x64\src\config\yunying\skyscraper_medals.lua luajit 64 ok
E:\cnkdjx\Client\MyLuaGame\frameworks\pokemon_proj_tc_qd\proj.android\app\build\intermediates\assets\androidpack\x64\src\config\yunying\skyscraper_medals.lua compile ok
E:\cnkdjx\Client\MyLuaGame\frameworks\pokemon_proj_tc_qd\proj.android\app\build\intermediates\assets\androidpack\x64\src\config\yunying\skyscraper_resources.lua luajit 64 ok
E:\cnkdjx\Client\MyLuaGame\frameworks\pokemon_proj_tc_qd\proj.android\app\build\intermediates\assets\androidpack\x64\src\config\yunying\skyscraper_resources.lua compile ok
E:\cnkdjx\Client\MyLuaGame\frameworks\pokemon_proj_tc_qd\proj.android\app\build\intermediates\assets\androidpack\x64\src\config\yunying\skyscraper_tasks.lua luajit 64 ok
E:\cnkdjx\Client\MyLuaGame\frameworks\pokemon_proj_tc_qd\proj.android\app\build\intermediates\assets\androidpack\x64\src\config\yunying\skyscraper_tasks.lua compile ok
E:\cnkdjx\Client\MyLuaGame\frameworks\pokemon_proj_tc_qd\proj.android\app\build\intermediates\assets\androidpack\x64\src\config\yunying\snowball_award.lua luajit 64 ok
E:\cnkdjx\Client\MyLuaGame\frameworks\pokemon_proj_tc_qd\proj.android\app\build\intermediates\assets\androidpack\x64\src\config\yunying\snowball_award.lua compile ok
E:\cnkdjx\Client\MyLuaGame\frameworks\pokemon_proj_tc_qd\proj.android\app\build\intermediates\assets\androidpack\x64\src\config\yunying\snowball_element.lua luajit 64 ok
E:\cnkdjx\Client\MyLuaGame\frameworks\pokemon_proj_tc_qd\proj.android\app\build\intermediates\assets\androidpack\x64\src\config\yunying\snowball_element.lua compile ok
E:\cnkdjx\Client\MyLuaGame\frameworks\pokemon_proj_tc_qd\proj.android\app\build\intermediates\assets\androidpack\x64\src\config\yunying\snowball_stage.lua luajit 64 ok
E:\cnkdjx\Client\MyLuaGame\frameworks\pokemon_proj_tc_qd\proj.android\app\build\intermediates\assets\androidpack\x64\src\config\yunying\snowball_stage.lua compile ok
E:\cnkdjx\Client\MyLuaGame\frameworks\pokemon_proj_tc_qd\proj.android\app\build\intermediates\assets\androidpack\x64\src\config\yunying\vipaward.lua luajit 64 ok
E:\cnkdjx\Client\MyLuaGame\frameworks\pokemon_proj_tc_qd\proj.android\app\build\intermediates\assets\androidpack\x64\src\config\yunying\vipaward.lua compile ok
E:\cnkdjx\Client\MyLuaGame\frameworks\pokemon_proj_tc_qd\proj.android\app\build\intermediates\assets\androidpack\x64\src\config\yunying\vipbuy.lua luajit 64 ok
E:\cnkdjx\Client\MyLuaGame\frameworks\pokemon_proj_tc_qd\proj.android\app\build\intermediates\assets\androidpack\x64\src\config\yunying\vipbuy.lua compile ok
E:\cnkdjx\Client\MyLuaGame\frameworks\pokemon_proj_tc_qd\proj.android\app\build\intermediates\assets\androidpack\x64\src\config\yunying\volleyball_tasks.lua luajit 64 ok
E:\cnkdjx\Client\MyLuaGame\frameworks\pokemon_proj_tc_qd\proj.android\app\build\intermediates\assets\androidpack\x64\src\config\yunying\volleyball_tasks.lua compile ok
E:\cnkdjx\Client\MyLuaGame\frameworks\pokemon_proj_tc_qd\proj.android\app\build\intermediates\assets\androidpack\x64\src\config\yunying\weeklycard.lua luajit 64 ok
E:\cnkdjx\Client\MyLuaGame\frameworks\pokemon_proj_tc_qd\proj.android\app\build\intermediates\assets\androidpack\x64\src\config\yunying\weeklycard.lua compile ok
E:\cnkdjx\Client\MyLuaGame\frameworks\pokemon_proj_tc_qd\proj.android\app\build\intermediates\assets\androidpack\x64\src\config\yunying\yyhuodong.lua luajit 64 ok
E:\cnkdjx\Client\MyLuaGame\frameworks\pokemon_proj_tc_qd\proj.android\app\build\intermediates\assets\androidpack\x64\src\config\yunying\yyhuodong.lua compile ok
E:\cnkdjx\Client\MyLuaGame\frameworks\pokemon_proj_tc_qd\proj.android\app\build\intermediates\assets\androidpack\x64\src\config\zawake\bonus.lua luajit 64 ok
E:\cnkdjx\Client\MyLuaGame\frameworks\pokemon_proj_tc_qd\proj.android\app\build\intermediates\assets\androidpack\x64\src\config\zawake\bonus.lua compile ok
E:\cnkdjx\Client\MyLuaGame\frameworks\pokemon_proj_tc_qd\proj.android\app\build\intermediates\assets\androidpack\x64\src\config\zawake\exchange.lua luajit 64 ok
E:\cnkdjx\Client\MyLuaGame\frameworks\pokemon_proj_tc_qd\proj.android\app\build\intermediates\assets\androidpack\x64\src\config\zawake\exchange.lua compile ok
E:\cnkdjx\Client\MyLuaGame\frameworks\pokemon_proj_tc_qd\proj.android\app\build\intermediates\assets\androidpack\x64\src\config\zawake\levels.lua luajit 64 ok
E:\cnkdjx\Client\MyLuaGame\frameworks\pokemon_proj_tc_qd\proj.android\app\build\intermediates\assets\androidpack\x64\src\config\zawake\levels.lua compile ok
E:\cnkdjx\Client\MyLuaGame\frameworks\pokemon_proj_tc_qd\proj.android\app\build\intermediates\assets\androidpack\x64\src\config\zawake\stages.lua luajit 64 ok
E:\cnkdjx\Client\MyLuaGame\frameworks\pokemon_proj_tc_qd\proj.android\app\build\intermediates\assets\androidpack\x64\src\config\zawake\stages.lua compile ok
E:\cnkdjx\Client\MyLuaGame\frameworks\pokemon_proj_tc_qd\proj.android\app\build\intermediates\assets\androidpack\x64\src\config\zawake\zawake_fragments.lua luajit 64 ok
E:\cnkdjx\Client\MyLuaGame\frameworks\pokemon_proj_tc_qd\proj.android\app\build\intermediates\assets\androidpack\x64\src\config\zawake\zawake_fragments.lua compile ok
E:\cnkdjx\Client\MyLuaGame\frameworks\pokemon_proj_tc_qd\proj.android\app\build\intermediates\assets\androidpack\x64\src\easy\beauty.lua compile ok
E:\cnkdjx\Client\MyLuaGame\frameworks\pokemon_proj_tc_qd\proj.android\app\build\intermediates\assets\androidpack\x64\src\easy\blacklist.lua compile ok
E:\cnkdjx\Client\MyLuaGame\frameworks\pokemon_proj_tc_qd\proj.android\app\build\intermediates\assets\androidpack\x64\src\easy\dialog.lua compile ok
E:\cnkdjx\Client\MyLuaGame\frameworks\pokemon_proj_tc_qd\proj.android\app\build\intermediates\assets\androidpack\x64\src\easy\effect.lua compile ok
E:\cnkdjx\Client\MyLuaGame\frameworks\pokemon_proj_tc_qd\proj.android\app\build\intermediates\assets\androidpack\x64\src\easy\idler.lua compile ok
E:\cnkdjx\Client\MyLuaGame\frameworks\pokemon_proj_tc_qd\proj.android\app\build\intermediates\assets\androidpack\x64\src\easy\idlercomputer.lua compile ok
E:\cnkdjx\Client\MyLuaGame\frameworks\pokemon_proj_tc_qd\proj.android\app\build\intermediates\assets\androidpack\x64\src\easy\idlerdebug.lua compile ok
E:\cnkdjx\Client\MyLuaGame\frameworks\pokemon_proj_tc_qd\proj.android\app\build\intermediates\assets\androidpack\x64\src\easy\idlereasy.lua compile ok
E:\cnkdjx\Client\MyLuaGame\frameworks\pokemon_proj_tc_qd\proj.android\app\build\intermediates\assets\androidpack\x64\src\easy\idlersystem.lua compile ok
E:\cnkdjx\Client\MyLuaGame\frameworks\pokemon_proj_tc_qd\proj.android\app\build\intermediates\assets\androidpack\x64\src\easy\label.lua compile ok
E:\cnkdjx\Client\MyLuaGame\frameworks\pokemon_proj_tc_qd\proj.android\app\build\intermediates\assets\androidpack\x64\src\easy\render_target.lua compile ok
E:\cnkdjx\Client\MyLuaGame\frameworks\pokemon_proj_tc_qd\proj.android\app\build\intermediates\assets\androidpack\x64\src\easy\richtext.lua compile ok
E:\cnkdjx\Client\MyLuaGame\frameworks\pokemon_proj_tc_qd\proj.android\app\build\intermediates\assets\androidpack\x64\src\easy\sprite.lua compile ok
E:\cnkdjx\Client\MyLuaGame\frameworks\pokemon_proj_tc_qd\proj.android\app\build\intermediates\assets\androidpack\x64\src\easy\stream_richtext.lua compile ok
E:\cnkdjx\Client\MyLuaGame\frameworks\pokemon_proj_tc_qd\proj.android\app\build\intermediates\assets\androidpack\x64\src\easy\table.lua compile ok
E:\cnkdjx\Client\MyLuaGame\frameworks\pokemon_proj_tc_qd\proj.android\app\build\intermediates\assets\androidpack\x64\src\easy\table_override.lua compile ok
E:\cnkdjx\Client\MyLuaGame\frameworks\pokemon_proj_tc_qd\proj.android\app\build\intermediates\assets\androidpack\x64\src\easy\text.lua compile ok
E:\cnkdjx\Client\MyLuaGame\frameworks\pokemon_proj_tc_qd\proj.android\app\build\intermediates\assets\androidpack\x64\src\easy\touchtip.lua compile ok
E:\cnkdjx\Client\MyLuaGame\frameworks\pokemon_proj_tc_qd\proj.android\app\build\intermediates\assets\androidpack\x64\src\easy\transition.lua compile ok
E:\cnkdjx\Client\MyLuaGame\frameworks\pokemon_proj_tc_qd\proj.android\app\build\intermediates\assets\androidpack\x64\src\easy\ui_adapter.lua compile ok
E:\cnkdjx\Client\MyLuaGame\frameworks\pokemon_proj_tc_qd\proj.android\app\build\intermediates\assets\androidpack\x64\src\easy\ui_bind.lua compile ok
E:\cnkdjx\Client\MyLuaGame\frameworks\pokemon_proj_tc_qd\proj.android\app\build\intermediates\assets\androidpack\x64\src\easy\ui_l10n.lua compile ok
E:\cnkdjx\Client\MyLuaGame\frameworks\pokemon_proj_tc_qd\proj.android\app\build\intermediates\assets\androidpack\x64\src\easy\user_default.lua compile ok
E:\cnkdjx\Client\MyLuaGame\frameworks\pokemon_proj_tc_qd\proj.android\app\build\intermediates\assets\androidpack\x64\src\easy\vmproxy.lua compile ok
E:\cnkdjx\Client\MyLuaGame\frameworks\pokemon_proj_tc_qd\proj.android\app\build\intermediates\assets\androidpack\x64\src\easy\widget.lua compile ok
E:\cnkdjx\Client\MyLuaGame\frameworks\pokemon_proj_tc_qd\proj.android\app\build\intermediates\assets\androidpack\x64\src\easy\bind\extend.lua compile ok
E:\cnkdjx\Client\MyLuaGame\frameworks\pokemon_proj_tc_qd\proj.android\app\build\intermediates\assets\androidpack\x64\src\easy\bind\helper.lua compile ok
E:\cnkdjx\Client\MyLuaGame\frameworks\pokemon_proj_tc_qd\proj.android\app\build\intermediates\assets\androidpack\x64\src\easy\bind\listen.lua compile ok
E:\cnkdjx\Client\MyLuaGame\frameworks\pokemon_proj_tc_qd\proj.android\app\build\intermediates\assets\androidpack\x64\src\easy\bind\progress.lua compile ok
E:\cnkdjx\Client\MyLuaGame\frameworks\pokemon_proj_tc_qd\proj.android\app\build\intermediates\assets\androidpack\x64\src\easy\bind\text.lua compile ok
E:\cnkdjx\Client\MyLuaGame\frameworks\pokemon_proj_tc_qd\proj.android\app\build\intermediates\assets\androidpack\x64\src\easy\bind\texture.lua compile ok
E:\cnkdjx\Client\MyLuaGame\frameworks\pokemon_proj_tc_qd\proj.android\app\build\intermediates\assets\androidpack\x64\src\easy\bind\touch.lua compile ok
E:\cnkdjx\Client\MyLuaGame\frameworks\pokemon_proj_tc_qd\proj.android\app\build\intermediates\assets\androidpack\x64\src\easy\bind\extend\inject.lua compile ok
E:\cnkdjx\Client\MyLuaGame\frameworks\pokemon_proj_tc_qd\proj.android\app\build\intermediates\assets\androidpack\x64\src\easy\bind\extend\listview.lua compile ok
E:\cnkdjx\Client\MyLuaGame\frameworks\pokemon_proj_tc_qd\proj.android\app\build\intermediates\assets\androidpack\x64\src\easy\bind\extend\loadingbar.lua compile ok
E:\cnkdjx\Client\MyLuaGame\frameworks\pokemon_proj_tc_qd\proj.android\app\build\intermediates\assets\androidpack\x64\src\easy\bind\extend\pageview.lua compile ok
E:\cnkdjx\Client\MyLuaGame\frameworks\pokemon_proj_tc_qd\proj.android\app\build\intermediates\assets\androidpack\x64\src\easy\bind\extend\tableview.lua compile ok
E:\cnkdjx\Client\MyLuaGame\frameworks\pokemon_proj_tc_qd\proj.android\app\build\intermediates\assets\androidpack\x64\src\easy\extends\Director.lua compile ok
E:\cnkdjx\Client\MyLuaGame\frameworks\pokemon_proj_tc_qd\proj.android\app\build\intermediates\assets\androidpack\x64\src\easy\extends\Node.lua compile ok
E:\cnkdjx\Client\MyLuaGame\frameworks\pokemon_proj_tc_qd\proj.android\app\build\intermediates\assets\androidpack\x64\src\easy\extends\ParticleSystemQuad.lua compile ok
E:\cnkdjx\Client\MyLuaGame\frameworks\pokemon_proj_tc_qd\proj.android\app\build\intermediates\assets\androidpack\x64\src\easy\extends\UIButton.lua compile ok
E:\cnkdjx\Client\MyLuaGame\frameworks\pokemon_proj_tc_qd\proj.android\app\build\intermediates\assets\androidpack\x64\src\easy\extends\UIImageView.lua compile ok
E:\cnkdjx\Client\MyLuaGame\frameworks\pokemon_proj_tc_qd\proj.android\app\build\intermediates\assets\androidpack\x64\src\easy\extends\UIListView.lua compile ok
E:\cnkdjx\Client\MyLuaGame\frameworks\pokemon_proj_tc_qd\proj.android\app\build\intermediates\assets\androidpack\x64\src\easy\extends\UILoadingBar.lua compile ok
E:\cnkdjx\Client\MyLuaGame\frameworks\pokemon_proj_tc_qd\proj.android\app\build\intermediates\assets\androidpack\x64\src\easy\extends\UISlider.lua compile ok
E:\cnkdjx\Client\MyLuaGame\frameworks\pokemon_proj_tc_qd\proj.android\app\build\intermediates\assets\androidpack\x64\src\editor\battle.lua compile ok
E:\cnkdjx\Client\MyLuaGame\frameworks\pokemon_proj_tc_qd\proj.android\app\build\intermediates\assets\androidpack\x64\src\editor\builder.lua compile ok
E:\cnkdjx\Client\MyLuaGame\frameworks\pokemon_proj_tc_qd\proj.android\app\build\intermediates\assets\androidpack\x64\src\editor\fs.lua compile ok
E:\cnkdjx\Client\MyLuaGame\frameworks\pokemon_proj_tc_qd\proj.android\app\build\intermediates\assets\androidpack\x64\src\editor\run.lua compile ok
E:\cnkdjx\Client\MyLuaGame\frameworks\pokemon_proj_tc_qd\proj.android\app\build\intermediates\assets\androidpack\x64\src\editor\stats.lua compile ok
E:\cnkdjx\Client\MyLuaGame\frameworks\pokemon_proj_tc_qd\proj.android\app\build\intermediates\assets\androidpack\x64\src\editor\poco\ClientConnection.lua compile ok
E:\cnkdjx\Client\MyLuaGame\frameworks\pokemon_proj_tc_qd\proj.android\app\build\intermediates\assets\androidpack\x64\src\editor\poco\Cocos2dxDumper.lua compile ok
E:\cnkdjx\Client\MyLuaGame\frameworks\pokemon_proj_tc_qd\proj.android\app\build\intermediates\assets\androidpack\x64\src\editor\poco\Cocos2dxFrozenDumper.lua compile ok
E:\cnkdjx\Client\MyLuaGame\frameworks\pokemon_proj_tc_qd\proj.android\app\build\intermediates\assets\androidpack\x64\src\editor\poco\Cocos2dxFrozenNode.lua compile ok
E:\cnkdjx\Client\MyLuaGame\frameworks\pokemon_proj_tc_qd\proj.android\app\build\intermediates\assets\androidpack\x64\src\editor\poco\Cocos2dxNode.lua compile ok
E:\cnkdjx\Client\MyLuaGame\frameworks\pokemon_proj_tc_qd\proj.android\app\build\intermediates\assets\androidpack\x64\src\editor\poco\Cocos2dxScreen.lua compile ok
E:\cnkdjx\Client\MyLuaGame\frameworks\pokemon_proj_tc_qd\proj.android\app\build\intermediates\assets\androidpack\x64\src\editor\poco\poco_manager.lua compile ok
E:\cnkdjx\Client\MyLuaGame\frameworks\pokemon_proj_tc_qd\proj.android\app\build\intermediates\assets\androidpack\x64\src\editor\poco\POCO_SDK_VERSION.lua compile ok
E:\cnkdjx\Client\MyLuaGame\frameworks\pokemon_proj_tc_qd\proj.android\app\build\intermediates\assets\androidpack\x64\src\editor\poco\sdk\AbstractDumper.lua compile ok
E:\cnkdjx\Client\MyLuaGame\frameworks\pokemon_proj_tc_qd\proj.android\app\build\intermediates\assets\androidpack\x64\src\editor\poco\sdk\AbstractNode.lua compile ok
E:\cnkdjx\Client\MyLuaGame\frameworks\pokemon_proj_tc_qd\proj.android\app\build\intermediates\assets\androidpack\x64\src\editor\poco\sdk\Attributor.lua compile ok
E:\cnkdjx\Client\MyLuaGame\frameworks\pokemon_proj_tc_qd\proj.android\app\build\intermediates\assets\androidpack\x64\src\editor\poco\sdk\DefaultMatcher.lua compile ok
E:\cnkdjx\Client\MyLuaGame\frameworks\pokemon_proj_tc_qd\proj.android\app\build\intermediates\assets\androidpack\x64\src\editor\poco\sdk\IScreen.lua compile ok
E:\cnkdjx\Client\MyLuaGame\frameworks\pokemon_proj_tc_qd\proj.android\app\build\intermediates\assets\androidpack\x64\src\editor\poco\sdk\Selector.lua compile ok
E:\cnkdjx\Client\MyLuaGame\frameworks\pokemon_proj_tc_qd\proj.android\app\build\intermediates\assets\androidpack\x64\src\editor\poco\support\base64.lua compile ok
E:\cnkdjx\Client\MyLuaGame\frameworks\pokemon_proj_tc_qd\proj.android\app\build\intermediates\assets\androidpack\x64\src\editor\poco\support\dkjson.lua compile ok
E:\cnkdjx\Client\MyLuaGame\frameworks\pokemon_proj_tc_qd\proj.android\app\build\intermediates\assets\androidpack\x64\src\editor\poco\support\struct.lua compile ok
E:\cnkdjx\Client\MyLuaGame\frameworks\pokemon_proj_tc_qd\proj.android\app\build\intermediates\assets\androidpack\x64\src\editor\win32\ansi2unicode.lua compile ok
E:\cnkdjx\Client\MyLuaGame\frameworks\pokemon_proj_tc_qd\proj.android\app\build\intermediates\assets\androidpack\x64\src\editor\win32\battlestack.lua compile ok
E:\cnkdjx\Client\MyLuaGame\frameworks\pokemon_proj_tc_qd\proj.android\app\build\intermediates\assets\androidpack\x64\src\editor\win32\builder.lua compile ok
E:\cnkdjx\Client\MyLuaGame\frameworks\pokemon_proj_tc_qd\proj.android\app\build\intermediates\assets\androidpack\x64\src\editor\win32\nodestack.lua compile ok
E:\cnkdjx\Client\MyLuaGame\frameworks\pokemon_proj_tc_qd\proj.android\app\build\intermediates\assets\androidpack\x64\src\luacov\defaults.lua compile ok
E:\cnkdjx\Client\MyLuaGame\frameworks\pokemon_proj_tc_qd\proj.android\app\build\intermediates\assets\androidpack\x64\src\luacov\hook.lua compile ok
E:\cnkdjx\Client\MyLuaGame\frameworks\pokemon_proj_tc_qd\proj.android\app\build\intermediates\assets\androidpack\x64\src\luacov\reporter.lua compile ok
E:\cnkdjx\Client\MyLuaGame\frameworks\pokemon_proj_tc_qd\proj.android\app\build\intermediates\assets\androidpack\x64\src\luacov\runner.lua compile ok
E:\cnkdjx\Client\MyLuaGame\frameworks\pokemon_proj_tc_qd\proj.android\app\build\intermediates\assets\androidpack\x64\src\luacov\stats.lua compile ok
E:\cnkdjx\Client\MyLuaGame\frameworks\pokemon_proj_tc_qd\proj.android\app\build\intermediates\assets\androidpack\x64\src\luacov\tick.lua compile ok
E:\cnkdjx\Client\MyLuaGame\frameworks\pokemon_proj_tc_qd\proj.android\app\build\intermediates\assets\androidpack\x64\src\luacov\util.lua compile ok
E:\cnkdjx\Client\MyLuaGame\frameworks\pokemon_proj_tc_qd\proj.android\app\build\intermediates\assets\androidpack\x64\src\luacov\reporter\default.lua compile ok
E:\cnkdjx\Client\MyLuaGame\frameworks\pokemon_proj_tc_qd\proj.android\app\build\intermediates\assets\androidpack\x64\src\luaide\cocos2dx3Api.lua compile ok
E:\cnkdjx\Client\MyLuaGame\frameworks\pokemon_proj_tc_qd\proj.android\app\build\intermediates\assets\androidpack\x64\src\luaide\LuaDebug.lua compile ok
E:\cnkdjx\Client\MyLuaGame\frameworks\pokemon_proj_tc_qd\proj.android\app\build\intermediates\assets\androidpack\x64\src\luastl\collection.lua compile ok
E:\cnkdjx\Client\MyLuaGame\frameworks\pokemon_proj_tc_qd\proj.android\app\build\intermediates\assets\androidpack\x64\src\luastl\collection_index.lua compile ok
E:\cnkdjx\Client\MyLuaGame\frameworks\pokemon_proj_tc_qd\proj.android\app\build\intermediates\assets\androidpack\x64\src\luastl\collection_query.lua compile ok
E:\cnkdjx\Client\MyLuaGame\frameworks\pokemon_proj_tc_qd\proj.android\app\build\intermediates\assets\androidpack\x64\src\luastl\collection_result.lua compile ok
E:\cnkdjx\Client\MyLuaGame\frameworks\pokemon_proj_tc_qd\proj.android\app\build\intermediates\assets\androidpack\x64\src\luastl\list.lua compile ok
E:\cnkdjx\Client\MyLuaGame\frameworks\pokemon_proj_tc_qd\proj.android\app\build\intermediates\assets\androidpack\x64\src\luastl\map.lua compile ok
E:\cnkdjx\Client\MyLuaGame\frameworks\pokemon_proj_tc_qd\proj.android\app\build\intermediates\assets\androidpack\x64\src\luastl\set.lua compile ok
E:\cnkdjx\Client\MyLuaGame\frameworks\pokemon_proj_tc_qd\proj.android\app\build\intermediates\assets\androidpack\x64\src\luastl\stlbase.lua compile ok
E:\cnkdjx\Client\MyLuaGame\frameworks\pokemon_proj_tc_qd\proj.android\app\build\intermediates\assets\androidpack\x64\src\luastl\vector.lua compile ok
E:\cnkdjx\Client\MyLuaGame\frameworks\pokemon_proj_tc_qd\proj.android\app\build\intermediates\assets\androidpack\x64\src\net\lnconv.lua compile ok
E:\cnkdjx\Client\MyLuaGame\frameworks\pokemon_proj_tc_qd\proj.android\app\build\intermediates\assets\androidpack\x64\src\net\manager.lua compile ok
E:\cnkdjx\Client\MyLuaGame\frameworks\pokemon_proj_tc_qd\proj.android\app\build\intermediates\assets\androidpack\x64\src\net\rudpsession.lua compile ok
E:\cnkdjx\Client\MyLuaGame\frameworks\pokemon_proj_tc_qd\proj.android\app\build\intermediates\assets\androidpack\x64\src\net\tcpacket.lua compile ok
E:\cnkdjx\Client\MyLuaGame\frameworks\pokemon_proj_tc_qd\proj.android\app\build\intermediates\assets\androidpack\x64\src\net\tcpsession.lua compile ok
E:\cnkdjx\Client\MyLuaGame\frameworks\pokemon_proj_tc_qd\proj.android\app\build\intermediates\assets\androidpack\x64\src\net\tcptask.lua compile ok
E:\cnkdjx\Client\MyLuaGame\frameworks\pokemon_proj_tc_qd\proj.android\app\build\intermediates\assets\androidpack\x64\src\net\rudp\connection.lua compile ok
E:\cnkdjx\Client\MyLuaGame\frameworks\pokemon_proj_tc_qd\proj.android\app\build\intermediates\assets\androidpack\x64\src\net\rudp\rudp.lua compile ok
E:\cnkdjx\Client\MyLuaGame\frameworks\pokemon_proj_tc_qd\proj.android\app\build\intermediates\assets\androidpack\x64\src\packages\components\asyncload.lua compile ok
E:\cnkdjx\Client\MyLuaGame\frameworks\pokemon_proj_tc_qd\proj.android\app\build\intermediates\assets\androidpack\x64\src\packages\components\init.lua compile ok
E:\cnkdjx\Client\MyLuaGame\frameworks\pokemon_proj_tc_qd\proj.android\app\build\intermediates\assets\androidpack\x64\src\packages\components\message.lua compile ok
E:\cnkdjx\Client\MyLuaGame\frameworks\pokemon_proj_tc_qd\proj.android\app\build\intermediates\assets\androidpack\x64\src\packages\components\schedule.lua compile ok
E:\cnkdjx\Client\MyLuaGame\frameworks\pokemon_proj_tc_qd\proj.android\app\build\intermediates\assets\androidpack\x64\src\packages\mvc\AppBase.lua compile ok
E:\cnkdjx\Client\MyLuaGame\frameworks\pokemon_proj_tc_qd\proj.android\app\build\intermediates\assets\androidpack\x64\src\packages\mvc\init.lua compile ok
E:\cnkdjx\Client\MyLuaGame\frameworks\pokemon_proj_tc_qd\proj.android\app\build\intermediates\assets\androidpack\x64\src\packages\mvc\ViewBase.lua compile ok
E:\cnkdjx\Client\MyLuaGame\frameworks\pokemon_proj_tc_qd\proj.android\app\build\intermediates\assets\androidpack\x64\src\util\arraytools.lua compile ok
E:\cnkdjx\Client\MyLuaGame\frameworks\pokemon_proj_tc_qd\proj.android\app\build\intermediates\assets\androidpack\x64\src\util\callbacks.lua compile ok
E:\cnkdjx\Client\MyLuaGame\frameworks\pokemon_proj_tc_qd\proj.android\app\build\intermediates\assets\androidpack\x64\src\util\config.lua compile ok
E:\cnkdjx\Client\MyLuaGame\frameworks\pokemon_proj_tc_qd\proj.android\app\build\intermediates\assets\androidpack\x64\src\util\csv.lua compile ok
E:\cnkdjx\Client\MyLuaGame\frameworks\pokemon_proj_tc_qd\proj.android\app\build\intermediates\assets\androidpack\x64\src\util\debug.lua compile ok
E:\cnkdjx\Client\MyLuaGame\frameworks\pokemon_proj_tc_qd\proj.android\app\build\intermediates\assets\androidpack\x64\src\util\debug_ui.lua compile ok
E:\cnkdjx\Client\MyLuaGame\frameworks\pokemon_proj_tc_qd\proj.android\app\build\intermediates\assets\androidpack\x64\src\util\env.lua compile ok
E:\cnkdjx\Client\MyLuaGame\frameworks\pokemon_proj_tc_qd\proj.android\app\build\intermediates\assets\androidpack\x64\src\util\eval.lua compile ok
E:\cnkdjx\Client\MyLuaGame\frameworks\pokemon_proj_tc_qd\proj.android\app\build\intermediates\assets\androidpack\x64\src\util\functools.lua compile ok
E:\cnkdjx\Client\MyLuaGame\frameworks\pokemon_proj_tc_qd\proj.android\app\build\intermediates\assets\androidpack\x64\src\util\guarder.lua compile ok
E:\cnkdjx\Client\MyLuaGame\frameworks\pokemon_proj_tc_qd\proj.android\app\build\intermediates\assets\androidpack\x64\src\util\helper.lua compile ok
E:\cnkdjx\Client\MyLuaGame\frameworks\pokemon_proj_tc_qd\proj.android\app\build\intermediates\assets\androidpack\x64\src\util\itertools.lua compile ok
E:\cnkdjx\Client\MyLuaGame\frameworks\pokemon_proj_tc_qd\proj.android\app\build\intermediates\assets\androidpack\x64\src\util\language.lua compile ok
E:\cnkdjx\Client\MyLuaGame\frameworks\pokemon_proj_tc_qd\proj.android\app\build\intermediates\assets\androidpack\x64\src\util\lazy_require.lua compile ok
E:\cnkdjx\Client\MyLuaGame\frameworks\pokemon_proj_tc_qd\proj.android\app\build\intermediates\assets\androidpack\x64\src\util\log.lua compile ok
E:\cnkdjx\Client\MyLuaGame\frameworks\pokemon_proj_tc_qd\proj.android\app\build\intermediates\assets\androidpack\x64\src\util\lz4.lua compile ok
E:\cnkdjx\Client\MyLuaGame\frameworks\pokemon_proj_tc_qd\proj.android\app\build\intermediates\assets\androidpack\x64\src\util\maptools.lua compile ok
E:\cnkdjx\Client\MyLuaGame\frameworks\pokemon_proj_tc_qd\proj.android\app\build\intermediates\assets\androidpack\x64\src\util\meminfo.lua compile ok
E:\cnkdjx\Client\MyLuaGame\frameworks\pokemon_proj_tc_qd\proj.android\app\build\intermediates\assets\androidpack\x64\src\util\nodetools.lua compile ok
E:\cnkdjx\Client\MyLuaGame\frameworks\pokemon_proj_tc_qd\proj.android\app\build\intermediates\assets\androidpack\x64\src\util\print_r.lua compile ok
E:\cnkdjx\Client\MyLuaGame\frameworks\pokemon_proj_tc_qd\proj.android\app\build\intermediates\assets\androidpack\x64\src\util\randname.lua compile ok
E:\cnkdjx\Client\MyLuaGame\frameworks\pokemon_proj_tc_qd\proj.android\app\build\intermediates\assets\androidpack\x64\src\util\random.lua compile ok
E:\cnkdjx\Client\MyLuaGame\frameworks\pokemon_proj_tc_qd\proj.android\app\build\intermediates\assets\androidpack\x64\src\util\reload.lua compile ok
E:\cnkdjx\Client\MyLuaGame\frameworks\pokemon_proj_tc_qd\proj.android\app\build\intermediates\assets\androidpack\x64\src\util\saltnumber.lua compile ok
E:\cnkdjx\Client\MyLuaGame\frameworks\pokemon_proj_tc_qd\proj.android\app\build\intermediates\assets\androidpack\x64\src\util\stat.lua compile ok
E:\cnkdjx\Client\MyLuaGame\frameworks\pokemon_proj_tc_qd\proj.android\app\build\intermediates\assets\androidpack\x64\src\util\str.lua compile ok
E:\cnkdjx\Client\MyLuaGame\frameworks\pokemon_proj_tc_qd\proj.android\app\build\intermediates\assets\androidpack\x64\src\util\time.lua compile ok
E:\cnkdjx\Client\MyLuaGame\frameworks\pokemon_proj_tc_qd\proj.android\app\build\intermediates\assets\androidpack\x64\src\util\zlib.lua compile ok
src_mapping.json gen ok
