VariableName,room,_roomType,_beizhu,icon,weight,group,name,name_vn,name_en,name_th,name_in,name_ph,name_ma,monsterType,type,desc,desc_vn,desc_tw,desc_en,desc_th,desc_in,desc_ph,desc_ma,monster,fightC,pointC,drops,buff,event,boxType,gold,coin,randomLibs,randomLibs2
Defaults,0,,,"""""",100,1,"""""","""""","""""","""""","""""","""""","""""",1,0,"""""","""""","""""","""""","""""","""""","""""","""""",1,1,1,{},<>,<>,1,0,0,{},{}
ID,房间,房间设定,备注,图标,权值（-1表示必定会随机到）,组ID,name,name_vn,name_en,name_th,name_in,name_ph,name_ma,怪物类型,类型（1-怪物；2-加成buff；3-宝箱；4-随机事件event）,描述文本,desc_vn,描述文本,desc_en,desc_th,desc_in,desc_ph,desc_ma,怪物组id,战力修正系数,积分修正,掉落预览,加成组（<<group;weight>; <group;weight>>）,随机事件（<<group;weight>; <group;weight>>）,宝箱类型（1普通，2豪华）,金币产出,试炼币产出,首次开启随机奖励,加开随机奖励
1,2,,,city/adventure/random_tower/icon/icon_wz.png,,,Combat Enhancement,Tăng Cường Chiến Đấu,Combat Enhancement,การเสริมพลังการต่อสู้,Peningkatan Pertempuran,Pagpapalakas ng Laban,Peningkatan Pertempuran,,2,,,,,,,,,,,,,<<101;100>>,,,,,,
2,2,,,city/adventure/random_tower/icon/icon_wz.png,,,Combat Enhancement,Tăng Cường Chiến Đấu,Combat Enhancement,การเสริมพลังการต่อสู้,Peningkatan Pertempuran,Pagpapalakas ng Laban,Peningkatan Pertempuran,,2,,,,,,,,,,,,,<<102;100>>,,,,,,
3,2,,,city/adventure/random_tower/icon/icon_wz.png,,,Combat Enhancement,Tăng Cường Chiến Đấu,Combat Enhancement,การเสริมพลังการต่อสู้,Peningkatan Pertempuran,Pagpapalakas ng Laban,Peningkatan Pertempuran,,2,,,,,,,,,,,,,<<12223;100>>,,,,,,
4,3,,,city/adventure/random_tower/icon/img_jddr@.png,,,Simple Enemy,Kẻ Địch Đơn Giản,Simple Enemy,ศัตรูง่าย,Musuh Sederhana,Simpleng Kaaway,Musuh Mudah,,1,It seems the opponent can be easily defeated,Có vẻ là đối thủ có thể dễ dàng bị đánh bại,,It seems the opponent can be easily defeated,ดูเหมือนว่าศัตรูจะถูกโจมตีได้ง่าย,Sepertinya lawan bisa dengan mudah dikalahkan,Mukhang madaling talunin ang kalaban,Nampaknya lawan boleh dikalahkan dengan mudah,,,,,,,,,,,
5,3,,,city/adventure/random_tower/icon/img_jddr@.png,,,Simple Enemy,Kẻ Địch Đơn Giản,Simple Enemy,ศัตรูง่าย,Musuh Sederhana,Simpleng Kaaway,Musuh Mudah,,1,It seems the opponent can be easily defeated,Có vẻ là đối thủ có thể dễ dàng bị đánh bại,,It seems the opponent can be easily defeated,ดูเหมือนว่าศัตรูจะถูกโจมตีได้ง่าย,Sepertinya lawan bisa dengan mudah dikalahkan,Mukhang madaling talunin ang kalaban,Nampaknya lawan boleh dikalahkan dengan mudah,,,,,,,,,,,
6,3,,,city/adventure/random_tower/icon/img_ptdr@.png,,,Normal Enemy,Kẻ Địch Thông Thường,Normal Enemy,ศัตรูปกติ,Musuh Normal,Karaniwang Kaaway,Musuh Biasa,2,1,"Has some strength, but not a concern","Có chút sức mạnh, nhưng không đáng lo ngại",,"Has some strength, but not a concern",มีพลังบ้าง แต่ไม่ใช่เรื่องน่ากังวล,"Memiliki sedikit kekuatan, tapi tidak perlu dikhawatirkan","May kaunting lakas, ngunit hindi dapat alalahanin","Ada sedikit kekuatan, tetapi tidak membimbangkan",2,,,,,,,,,,
7,3,,,city/adventure/random_tower/icon/img_ptdr@.png,,,Normal Enemy,Kẻ Địch Thông Thường,Normal Enemy,ศัตรูปกติ,Musuh Normal,Karaniwang Kaaway,Musuh Biasa,2,1,"Has some strength, but not a concern","Có chút sức mạnh, nhưng không đáng lo ngại",,"Has some strength, but not a concern",มีพลังบ้าง แต่ไม่ใช่เรื่องน่ากังวล,"Memiliki sedikit kekuatan, tapi tidak perlu dikhawatirkan","May kaunting lakas, ngunit hindi dapat alalahanin","Ada sedikit kekuatan, tetapi tidak membimbangkan",2,,,,,,,,,,
8,3,,,city/adventure/random_tower/icon/img_kndr@.png,,,Hard Enemy,Kẻ Địch Khó,Hard Enemy,ศัตรูยาก,Musuh Sulit,Mahirap na Kaaway,Musuh Sukar,3,1,Be careful when choosing the opponent,Hãy cẩn thận khi chọn đối thủ,,Be careful when choosing the opponent,ระวังเมื่อเลือกศัตรู,Berhati-hatilah saat memilih lawan,Mag-ingat sa pagpili ng kalaban,Berhati-hati ketika memilih lawan,3,,,,,,,,,,
9,3,,,city/adventure/random_tower/icon/img_kndr@.png,,,Hard Enemy,Kẻ Địch Khó,Hard Enemy,ศัตรูยาก,Musuh Sulit,Mahirap na Kaaway,Musuh Sukar,3,1,Be careful when choosing the opponent,Hãy cẩn thận khi chọn đối thủ,,Be careful when choosing the opponent,ระวังเมื่อเลือกศัตรู,Berhati-hatilah saat memilih lawan,Mag-ingat sa pagpili ng kalaban,Berhati-hati ketika memilih lawan,3,,,,,,,,,,
10,4,,,city/adventure/random_tower/icon/icon_wz.png,,,Attribute Enhancement,Tăng Cường Thuộc Tính,Attribute Enhancement,การเสริมคุณสมบัติ,Peningkatan Atribut,Pagpapalakas ng Katangian,Peningkatan Atribut,,2,,,,,,,,,,,,,<<1;100>>,,,,,,
11,4,,,city/adventure/random_tower/icon/icon_wz.png,,,Combat Supply,Tiếp Tế Chiến Đấu,Combat Supply,การส่งเสบียงการต่อสู้,Pasokan Pertempuran,Suplay ng Laban,Bekalan Pertempuran,,2,,,,,,,,,,,,,<<5;100>>,,,,,,
12,4,,,city/adventure/random_tower/icon/icon_wz.png,,,Attribute Enhancement,Tăng Cường Thuộc Tính,Attribute Enhancement,การเสริมคุณสมบัติ,Peningkatan Atribut,Pagpapalakas ng Katangian,Peningkatan Atribut,,2,,,,,,,,,,,,,<<1;100>;<2;20>>,,,,,,
13,4,,,city/adventure/random_tower/icon/icon_wz.png,,,Attribute Enhancement,Tăng Cường Thuộc Tính,Attribute Enhancement,การเสริมคุณสมบัติ,Peningkatan Atribut,Pagpapalakas ng Katangian,Peningkatan Atribut,,2,,,,,,,,,,,,,<<1;100>;<2;20>>,,,,,,
14,4,,,city/adventure/random_tower/icon/icon_sj.png,0,,Event,Sự Kiện,Event,เหตุการณ์,Acara,Kaganapan,Acara,,4,No one knows what will happen,Không ai biết chuyện gì sẽ xảy ra,,No one knows what will happen,ไม่มีใครรู้ว่าจะเกิดอะไรขึ้น,Tidak ada yang tahu apa yang akan terjadi,Walang nakakaalam kung ano ang mangyayari,Tiada siapa yang tahu apa yang akan berlaku,,,,,,<<1;100>;<2;10>>,,,,,
15,4,,,city/adventure/random_tower/icon/icon_sj.png,0,,Event,Sự Kiện,Event,เหตุการณ์,Acara,Kaganapan,Acara,,4,"Your choice may bring luck, but it can also bring disaster","Lựa chọn của bạn có thể mang lại may mắn, nhưng cũng có thể mang đến tai họa",,"Your choice may bring luck, but it can also bring disaster",การเลือกของคุณอาจนำโชคดี แต่ก็อาจนำหายนะมาเช่นกัน,"Pilihanmu bisa membawa keberuntungan, tapi juga bisa membawa bencana","Ang iyong pagpili ay maaaring magdala ng suwerte, ngunit maaari ring magdala ng sakuna","Pilihan anda mungkin membawa tuah, tetapi juga boleh membawa malapetaka",,,,,,<<2;100>;<3;10>>,,,,,
16,4,,,city/adventure/random_tower/icon_bx.png,-1,,Treasure Chest,Rương Báu,Treasure Chest,หีบสมบัติ,Petasan Harta Karun,Dibdib ng Kayamanan,Peti Harta Karun,,3,Treasure chest accidentally discovered,Hòm báu tình cờ phát hiện,,Treasure chest accidentally discovered,พบกล่องสมบัติโดยบังเอิญ,Petik harta yang ditemukan secara tidak sengaja,Nadiskubreng kayamanang baul,Petak harta yang ditemui secara kebetulan,,,,,,,,10000,20,{libs=<504;504>},
17,4,,,city/adventure/random_tower/icon/img_jddr@.png,,,Simple Enemy,Kẻ Địch Đơn Giản,Simple Enemy,ศัตรูง่าย,Musuh Sederhana,Simpleng Kaaway,Musuh Mudah,,1,It seems the opponent can be easily defeated,Có vẻ là đối thủ có thể dễ dàng bị đánh bại,,It seems the opponent can be easily defeated,ดูเหมือนว่าศัตรูจะถูกโจมตีได้ง่าย,Sepertinya lawan bisa dengan mudah dikalahkan,Mukhang madaling talunin ang kalaban,Nampaknya lawan boleh dikalahkan dengan mudah,,,0.6,,,,,,,,
18,4,,,city/adventure/random_tower/icon/img_ptdr@.png,,,Normal Enemy,Kẻ Địch Thông Thường,Normal Enemy,ศัตรูปกติ,Musuh Normal,Karaniwang Kaaway,Musuh Biasa,2,1,"Has some strength, but not a concern","Có chút sức mạnh, nhưng không đáng lo ngại",,"Has some strength, but not a concern",มีพลังบ้าง แต่ไม่ใช่เรื่องน่ากังวล,"Memiliki sedikit kekuatan, tapi tidak perlu dikhawatirkan","May kaunting lakas, ngunit hindi dapat alalahanin","Ada sedikit kekuatan, tetapi tidak membimbangkan",2,,0.6,,,,,,,,
19,4,,,city/adventure/random_tower/icon/img_kndr@.png,,,Hard Enemy,Kẻ Địch Khó,Hard Enemy,ศัตรูยาก,Musuh Sulit,Mahirap na Kaaway,Musuh Sukar,3,1,Be careful when choosing the opponent,Hãy cẩn thận khi chọn đối thủ,,Be careful when choosing the opponent,ระวังเมื่อเลือกศัตรู,Berhati-hatilah saat memilih lawan,Mag-ingat sa pagpili ng kalaban,Berhati-hati ketika memilih lawan,3,,0.6,,,,,,,,
20,5,,,city/adventure/random_tower/icon/icon_wz.png,,,Attribute Enhancement,Tăng Cường Thuộc Tính,Attribute Enhancement,การเสริมคุณสมบัติ,Peningkatan Atribut,Pagpapalakas ng Katangian,Peningkatan Atribut,,2,,,,,,,,,,,,,<<1;100>>,,,,,,
21,5,,,city/adventure/random_tower/icon/icon_wz.png,,,Combat Supply,Tiếp Tế Chiến Đấu,Combat Supply,การส่งเสบียงการต่อสู้,Pasokan Pertempuran,Suplay ng Laban,Bekalan Pertempuran,,2,,,,,,,,,,,,,<<5;100>>,,,,,,
22,5,,,city/adventure/random_tower/icon/icon_wz.png,,,Attribute Enhancement,Tăng Cường Thuộc Tính,Attribute Enhancement,การเสริมคุณสมบัติ,Peningkatan Atribut,Pagpapalakas ng Katangian,Peningkatan Atribut,,2,,,,,,,,,,,,,<<1;100>;<2;30>>,,,,,,
23,5,,,city/adventure/random_tower/icon/icon_wz.png,0,,Attribute Enhancement,Tăng Cường Thuộc Tính,Attribute Enhancement,การเสริมคุณสมบัติ,Peningkatan Atribut,Pagpapalakas ng Katangian,Peningkatan Atribut,,2,,,,,,,,,,,,,<<1;100>;<2;20>>,,,,,,
24,5,,,city/adventure/random_tower/icon/icon_sj.png,0,,Event,Sự Kiện,Event,เหตุการณ์,Acara,Kaganapan,Acara,,4,No one knows what will happen  ,Không ai biết chuyện gì sẽ xảy ra,,No one knows what will happen  ,ไม่มีใครรู้ว่าจะเกิดอะไรขึ้น  ,Tidak ada yang tahu apa yang akan terjadi  ,Walang nakakaalam kung ano ang mangyayari  ,Tiada siapa yang tahu apa yang akan berlaku  ,,,,,,<<1;100>;<2;10>>,,,,,
25,5,,,city/adventure/random_tower/icon/icon_sj.png,0,,Event,Sự Kiện,Event,เหตุการณ์,Acara,Kaganapan,Acara,,4,"Your choice may bring luck, but it can also bring disaster  ","Lựa chọn của bạn có thể mang lại may mắn, nhưng cũng có thể mang đến tai họa",,"Your choice may bring luck, but it can also bring disaster  ",การเลือกของคุณอาจนำโชคดี แต่ก็อาจนำหายนะมาเช่นกัน  ,"Pilihanmu bisa membawa keberuntungan, tapi juga bisa membawa bencana  ","Ang iyong pagpili ay maaaring magdala ng suwerte, ngunit maaari ring magdala ng sakuna  ","Pilihan anda mungkin membawa tuah, tetapi juga boleh membawa malapetaka  ",,,,,,<<2;100>;<3;10>>,,,,,
26,5,,,city/adventure/random_tower/icon_bx.png,-1,,Treasure Chest,Rương Báu,Treasure Chest,หีบสมบัติ,Petasan Harta Karun,Dibdib ng Kayamanan,Peti Harta Karun,,3,Treasure chest accidentally discovered  ,Hòm báu tình cờ phát hiện,,Treasure chest accidentally discovered  ,พบกล่องสมบัติโดยบังเอิญ  ,Petik harta yang ditemukan secara tidak sengaja  ,Nadiskubreng kayamanang baul  ,Petak harta yang ditemui secara kebetulan  ,,,,,,,,10000,20,{libs=<504;504>},
27,5,,,city/adventure/random_tower/icon/img_jddr@.png,,,Simple Enemy,Kẻ Địch Đơn Giản,Simple Enemy,ศัตรูง่าย,Musuh Sederhana,Simpleng Kaaway,Musuh Mudah,,1,It seems the opponent can be easily defeated  ,Có vẻ là đối thủ có thể dễ dàng bị đánh bại,,It seems the opponent can be easily defeated  ,ดูเหมือนว่าศัตรูจะถูกโจมตีได้ง่าย  ,Sepertinya lawan bisa dengan mudah dikalahkan  ,Mukhang madaling talunin ang kalaban  ,Nampaknya lawan boleh dikalahkan dengan mudah  ,,,0.6,,,,,,,,
28,5,,,city/adventure/random_tower/icon/img_ptdr@.png,,,Normal Enemy,Kẻ Địch Thông Thường,Normal Enemy,ศัตรูปกติ,Musuh Normal,Karaniwang Kaaway,Musuh Biasa,2,1,"Has some strength, but not a concern  ","Có chút sức mạnh, nhưng không đáng lo ngại",,"Has some strength, but not a concern  ",มีพลังบ้าง แต่ไม่ใช่เรื่องน่ากังวล  ,"Memiliki sedikit kekuatan, tapi tidak perlu dikhawatirkan  ","May kaunting lakas, ngunit hindi dapat alalahanin  ","Ada sedikit kekuatan, tetapi tidak membimbangkan  ",2,,0.6,,,,,,,,
29,5,,,city/adventure/random_tower/icon/img_kndr@.png,,,Hard Enemy,Kẻ Địch Khó,Hard Enemy,ศัตรูยาก,Musuh Sulit,Mahirap na Kaaway,Musuh Sukar,3,1,Be careful when choosing the opponent  ,Hãy cẩn thận khi chọn đối thủ,,Be careful when choosing the opponent  ,ระวังเมื่อเลือกศัตรู  ,Berhati-hatilah saat memilih lawan  ,Mag-ingat sa pagpili ng kalaban  ,Berhati-hati ketika memilih lawan  ,3,,0.6,,,,,,,,
30,6,,,city/adventure/random_tower/icon/icon_wz.png,,,Attribute Enhancement,Tăng Cường Thuộc Tính,Attribute Enhancement,การเสริมคุณสมบัติ,Peningkatan Atribut,Pagpapalakas ng Katangian,Peningkatan Atribut,,2,,,,,,,,,,,,,<<1;100>>,,,,,,
31,6,,,city/adventure/random_tower/icon/icon_wz.png,,,Combat Supply,Tiếp Tế Chiến Đấu,Combat Supply,การส่งเสบียงการต่อสู้,Pasokan Pertempuran,Suplay ng Laban,Bekalan Pertempuran,,2,,,,,,,,,,,,,<<5;100>>,,,,,,
32,6,,,city/adventure/random_tower/icon/icon_wz.png,,,Attribute Enhancement,Tăng Cường Thuộc Tính,Attribute Enhancement,การเสริมคุณสมบัติ,Peningkatan Atribut,Pagpapalakas ng Katangian,Peningkatan Atribut,,2,,,,,,,,,,,,,<<1;100>;<2;40>>,,,,,,
33,6,,,city/adventure/random_tower/icon/icon_wz.png,0,,Attribute Enhancement,Tăng Cường Thuộc Tính,Attribute Enhancement,การเสริมคุณสมบัติ,Peningkatan Atribut,Pagpapalakas ng Katangian,Peningkatan Atribut,,2,,,,,,,,,,,,,<<1;100>;<2;20>>,,,,,,
34,6,,,city/adventure/random_tower/icon/icon_sj.png,,,Event,Sự Kiện,Event,เหตุการณ์,Acara,Kaganapan,Acara,,4,No one knows what will happen  ,Không ai biết chuyện gì sẽ xảy ra,,No one knows what will happen  ,ไม่มีใครรู้ว่าจะเกิดอะไรขึ้น  ,Tidak ada yang tahu apa yang akan terjadi  ,Walang nakakaalam kung ano ang mangyayari  ,Tiada siapa yang tahu apa yang akan berlaku  ,,,,,,<<1;100>;<2;10>>,,,,,
35,6,,,city/adventure/random_tower/icon/icon_sj.png,,,Event,Sự Kiện,Event,เหตุการณ์,Acara,Kaganapan,Acara,,4,"Your choice may bring luck, but it can also bring disaster  ","Lựa chọn của bạn có thể mang lại may mắn, nhưng cũng có thể mang đến tai họa",,"Your choice may bring luck, but it can also bring disaster  ",การเลือกของคุณอาจนำโชคดี แต่ก็อาจนำหายนะมาเช่นกัน  ,"Pilihanmu bisa membawa keberuntungan, tapi juga bisa membawa bencana  ","Ang iyong pagpili ay maaaring magdala ng suwerte, ngunit maaari ring magdala ng sakuna  ","Pilihan anda mungkin membawa tuah, tetapi juga boleh membawa malapetaka  ",,,,,,<<2;100>;<3;10>>,,,,,
36,6,,,city/adventure/random_tower/icon_bx.png,,,Treasure Chest,Rương Báu,Treasure Chest,หีบสมบัติ,Petasan Harta Karun,Dibdib ng Kayamanan,Peti Harta Karun,,3,Treasure chest accidentally discovered  ,Hòm báu tình cờ phát hiện,,Treasure chest accidentally discovered  ,พบกล่องสมบัติโดยบังเอิญ  ,Petik harta yang ditemukan secara tidak sengaja  ,Nadiskubreng kayamanang baul  ,Petak harta yang ditemui secara kebetulan  ,,,,,,,,10000,20,{libs=<504;504>},
37,6,,,city/adventure/random_tower/icon/img_jddr@.png,,,Simple Enemy,Kẻ Địch Đơn Giản,Simple Enemy,ศัตรูง่าย,Musuh Sederhana,Simpleng Kaaway,Musuh Mudah,,1,It seems the opponent can be easily defeated  ,Có vẻ là đối thủ có thể dễ dàng bị đánh bại,,It seems the opponent can be easily defeated  ,ดูเหมือนว่าศัตรูจะถูกโจมตีได้ง่าย  ,Sepertinya lawan bisa dengan mudah dikalahkan  ,Mukhang madaling talunin ang kalaban  ,Nampaknya lawan boleh dikalahkan dengan mudah  ,,,0.6,,,,,,,,
38,6,,,city/adventure/random_tower/icon/img_ptdr@.png,-1,,Normal Enemy,Kẻ Địch Thông Thường,Normal Enemy,ศัตรูปกติ,Musuh Normal,Karaniwang Kaaway,Musuh Biasa,2,1,"Has some strength, but not a concern  ","Có chút sức mạnh, nhưng không đáng lo ngại",,"Has some strength, but not a concern  ",มีพลังบ้าง แต่ไม่ใช่เรื่องน่ากังวล  ,"Memiliki sedikit kekuatan, tapi tidak perlu dikhawatirkan  ","May kaunting lakas, ngunit hindi dapat alalahanin  ","Ada sedikit kekuatan, tetapi tidak membimbangkan  ",2,,0.6,,,,,,,,
39,6,,,city/adventure/random_tower/icon/img_kndr@.png,,,Hard Enemy,Kẻ Địch Khó,Hard Enemy,ศัตรูยาก,Musuh Sulit,Mahirap na Kaaway,Musuh Sukar,3,1,Be careful when choosing the opponent  ,Hãy cẩn thận khi chọn đối thủ,,Be careful when choosing the opponent  ,ระวังเมื่อเลือกศัตรู  ,Berhati-hatilah saat memilih lawan  ,Mag-ingat sa pagpili ng kalaban  ,Berhati-hati ketika memilih lawan  ,3,,0.6,,,,,,,,
40,7,,,city/adventure/random_tower/icon/icon_wz.png,,,Combat Supply,Chiến đấu tiếp tế,Combat Supply,การส่งเสบียงการต่อสู้,Pasokan Pertempuran,Suplay ng Laban,Bekalan Pertempuran,,2,,,,,,,,,,,,,<<5;100>>,,,,,,
41,7,,,city/adventure/random_tower/icon/icon_wz.png,,,Attribute Enhancement,Thuộc tính tăng thêm,Attribute Enhancement,การเสริมคุณสมบัติ,Peningkatan Atribut,Pagpapalakas ng Katangian,Peningkatan Atribut,,2,,,,,,,,,,,,,<<2;100>>,,,,,,
42,7,,,city/adventure/random_tower/icon/icon_wz.png,,,Attribute Enhancement,Thuộc tính tăng thêm,Attribute Enhancement,การเสริมคุณสมบัติ,Peningkatan Atribut,Pagpapalakas ng Katangian,Peningkatan Atribut,,2,,,,,,,,,,,,,<<2;100>>,,,,,,
43,7,,,city/adventure/random_tower/icon/icon_wz.png,,,Attribute Enhancement,Thuộc tính tăng thêm,Attribute Enhancement,การเสริมคุณสมบัติ,Peningkatan Atribut,Pagpapalakas ng Katangian,Peningkatan Atribut,,2,,,,,,,,,,,,,<<3;100>>,,,,,,
44,7,,,city/adventure/random_tower/icon/icon_wz.png,,,Attribute Enhancement,Thuộc tính tăng thêm,Attribute Enhancement,การเสริมคุณสมบัติ,Peningkatan Atribut,Pagpapalakas ng Katangian,Peningkatan Atribut,,2,,,,,,,,,,,,,<<3;100>>,,,,,,
45,7,,,city/adventure/random_tower/icon/icon_sj.png,,,Event,Sự kiện,Event,เหตุการณ์,Acara,Kaganapan,Acara,,4,"Your choice may bring luck, but it can also bring disaster  ","Lựa chọn của bạn có thể mang lại may mắn, nhưng cũng có thể mang đến tai họa",,"Your choice may bring luck, but it can also bring disaster  ",การเลือกของคุณอาจนำโชคดี แต่ก็อาจนำหายนะมาเช่นกัน  ,"Pilihanmu bisa membawa keberuntungan, tapi juga bisa membawa bencana  ","Ang iyong pagpili ay maaaring magdala ng suwerte, ngunit maaari ring magdala ng sakuna  ","Pilihan anda mungkin membawa tuah, tetapi juga boleh membawa malapetaka  ",,,,,,<<2;100>;<3;10>>,,,,,
46,8,,,city/adventure/random_tower/icon/img_boss@.png,,,Overlord,Bá chủ,Overlord,ผู้ปกครอง,Penguasa,Pinuno,Penguasa,4,1,Extremely difficult forces lie ahead  ,Lực lượng cực kỳ khó khăn ở phía trước,,Extremely difficult forces lie ahead  ,มีกำลังที่ยากลำบากอย่างมากอยู่ข้างหน้า  ,Pasukan yang sangat sulit ada di depan  ,Napakahirap na mga pwersa ang nasa unahan  ,Kekuatan yang sangat sukar di hadapan  ,4,0.8,0.8,,,,,,,,
47,8,,,city/adventure/random_tower/icon/img_boss@.png,,,Overlord,Bá chủ,Overlord,ผู้ปกครอง,Penguasa,Pinuno,Penguasa,4,1,The most difficult forces are ahead  ,Lực lượng khó khăn nhất ở phía trước,,The most difficult forces are ahead  ,มีกำลังที่ยากลำบากที่สุดอยู่ข้างหน้า  ,Pasukan tersulit ada di depan  ,Ang pinakamahirap na mga pwersa ay nasa unahan  ,Kekuatan yang paling sukar di hadapan  ,4,,,,,,,,,,
48,9,,,city/adventure/random_tower/icon_hhbx.png,,,Luxurious Treasure Chest,Xa hoa bảo rương,Luxurious Treasure Chest,หีบสมบัติหรูหรา,Petasan Harta Karun Mewah,Mararangyang Dibdib ng Kayamanan,Peti Harta Karun Mewah,,3,Only after overcoming great challenges are you worthy of this reward  ,Chỉ sau khi vượt qua thử thách lớn mới xứng đáng nhận được phần thưởng này,,Only after overcoming great challenges are you worthy of this reward  ,เฉพาะเมื่อผ่านความท้าทายที่ยิ่งใหญ่เท่านั้นจึงสมควรได้รับรางวัลนี้  ,Hanya setelah melewati tantangan besar kamu layak mendapatkan hadiah ini  ,"Kapag nalampasan mo ang malaking hamon, karapat-dapat ka lamang sa gantimpalang ito  ",Hanya selepas mengatasi cabaran besar anda layak menerima ganjaran ini  ,,,,,,,2,50000,200,{libs=<500;504>},{libs=<506;505>}
49,10,,,,,,,,,,,,,,,,,,,,,,,,,,,,,,,,,
50,11,,,city/adventure/random_tower/icon/icon_wz.png,,,Combat Enhancement,Chiến đấu tăng thêm,Combat Enhancement,การเสริมพลังการต่อสู้,Peningkatan Pertempuran,Pagpapalakas ng Laban,Peningkatan Pertempuran,,2,,,,,,,,,,,,,<<101;100>>,,,,,,
51,11,,,city/adventure/random_tower/icon/icon_wz.png,,,Combat Enhancement,Chiến đấu tăng thêm,Combat Enhancement,การเสริมพลังการต่อสู้,Peningkatan Pertempuran,Pagpapalakas ng Laban,Peningkatan Pertempuran,,2,,,,,,,,,,,,,<<102;100>>,,,,,,
52,11,,,city/adventure/random_tower/icon/icon_wz.png,,,Combat Enhancement,Chiến đấu tăng thêm,Combat Enhancement,การเสริมพลังการต่อสู้,Peningkatan Pertempuran,Pagpapalakas ng Laban,Peningkatan Pertempuran,,2,,,,,,,,,,,,,<<200;100>;<1000;90>;<2223;100>>,,,,,,
53,12,,,city/adventure/random_tower/icon/img_jddr@.png,,,Simple Enemy,Đơn giản địch nhân,Simple Enemy,ศัตรูง่าย,Musuh Sederhana,Simpleng Kaaway,Musuh Mudah,,1,It seems the opponent can be easily defeated  ,Có vẻ là đối thủ có thể dễ dàng bị đánh bại,,It seems the opponent can be easily defeated  ,ดูเหมือนว่าศัตรูจะถูกเอาชนะได้ง่าย  ,Sepertinya lawan bisa dengan mudah dikalahkan  ,Mukhang madaling talunin ang kalaban  ,Nampaknya musuh boleh dikalahkan dengan mudah  ,,,,,,,,,,,
54,12,,,city/adventure/random_tower/icon/img_jddr@.png,,,Simple Enemy,Đơn giản địch nhân,Simple Enemy,ศัตรูง่าย,Musuh Sederhana,Simpleng Kaaway,Musuh Mudah,,1,It seems the opponent can be easily defeated  ,Có vẻ là đối thủ có thể dễ dàng bị đánh bại,,It seems the opponent can be easily defeated  ,ดูเหมือนว่าศัตรูจะถูกเอาชนะได้ง่าย  ,Sepertinya lawan bisa dengan mudah dikalahkan  ,Mukhang madaling talunin ang kalaban  ,Nampaknya musuh boleh dikalahkan dengan mudah  ,,,,,,,,,,,
55,12,,,city/adventure/random_tower/icon/img_ptdr@.png,,,Normal Enemy,Phổ thông địch nhân,Normal Enemy,ศัตรูปกติ,Musuh Normal,Karaniwang Kaaway,Musuh Biasa,2,1,"Some strength, but not worrying  ","Có chút sức mạnh, nhưng không đáng lo ngại",,"Some strength, but not worrying  ",มีพลังบ้าง แต่ไม่ต้องกังวล  ,"Sedikit kekuatan, tapi tidak perlu dikhawatirkan  ","May konting lakas, ngunit hindi dapat ikabahala  ","Sedikit kekuatan, tetapi tidak membimbangkan  ",2,,,,,,,,,,
56,12,,,city/adventure/random_tower/icon/img_ptdr@.png,,,Normal Enemy,Phổ thông địch nhân,Normal Enemy,ศัตรูปกติ,Musuh Normal,Karaniwang Kaaway,Musuh Biasa,2,1,"Some strength, but not worrying  ","Có chút sức mạnh, nhưng không đáng lo ngại",,"Some strength, but not worrying  ",มีพลังบ้าง แต่ไม่ต้องกังวล  ,"Sedikit kekuatan, tapi tidak perlu dikhawatirkan  ","May konting lakas, ngunit hindi dapat ikabahala  ","Sedikit kekuatan, tetapi tidak membimbangkan  ",2,,,,,,,,,,
57,12,,,city/adventure/random_tower/icon/img_kndr@.png,,,Hard Enemy,Khó khăn địch nhân,Hard Enemy,ศัตรูยาก,Musuh Sulit,Mahirap na Kaaway,Musuh Sukar,3,1,Be careful when choosing your opponent  ,Hãy cẩn thận khi chọn đối thủ,,Be careful when choosing your opponent  ,ระวังในการเลือกศัตรู  ,Hati-hati saat memilih lawan  ,Mag-ingat sa pagpili ng kalaban  ,Berhati-hati ketika memilih musuh  ,3,,,,,,,,,,
58,12,,,city/adventure/random_tower/icon/img_kndr@.png,,,Hard Enemy,Khó khăn địch nhân,Hard Enemy,ศัตรูยาก,Musuh Sulit,Mahirap na Kaaway,Musuh Sukar,3,1,Be careful when choosing your opponent  ,Hãy cẩn thận khi chọn đối thủ,,Be careful when choosing your opponent  ,ระวังในการเลือกศัตรู  ,Hati-hati saat memilih lawan  ,Mag-ingat sa pagpili ng kalaban  ,Berhati-hati ketika memilih musuh  ,3,,,,,,,,,,
59,13,,,city/adventure/random_tower/icon/icon_wz.png,,,Attribute Enhancement,Thuộc tính tăng thêm,Attribute Enhancement,การเสริมคุณสมบัติ,Peningkatan Atribut,Pagpapalakas ng Katangian,Peningkatan Atribut,,2,,,,,,,,,,,,,<<1;100>>,,,,,,
60,13,,,city/adventure/random_tower/icon/icon_wz.png,,,Combat Supply,Chiến đấu tiếp tế,Combat Supply,การส่งเสบียงการต่อสู้,Pasokan Pertempuran,Suplay ng Laban,Bekalan Pertempuran,,2,,,,,,,,,,,,,<<5;100>>,,,,,,
61,13,,,city/adventure/random_tower/icon/icon_wz.png,,,Attribute Enhancement,Thuộc tính tăng thêm,Attribute Enhancement,การเสริมคุณสมบัติ,Peningkatan Atribut,Pagpapalakas ng Katangian,Peningkatan Atribut,,2,,,,,,,,,,,,,<<1;100>;<2;20>>,,,,,,
62,13,,,city/adventure/random_tower/icon/icon_wz.png,,,Attribute Enhancement,Thuộc tính tăng thêm,Attribute Enhancement,การเสริมคุณสมบัติ,Peningkatan Atribut,Pagpapalakas ng Katangian,Peningkatan Atribut,,2,,,,,,,,,,,,,<<1;100>;<2;20>>,,,,,,
63,13,,,city/adventure/random_tower/icon/icon_sj.png,,,Event,Sự kiện,Event,เหตุการณ์,Acara,Kaganapan,Acara,,4,No one knows what will happen  ,Không ai biết chuyện gì sẽ xảy ra,,No one knows what will happen  ,ไม่มีใครรู้ว่าจะเกิดอะไรขึ้น  ,Tidak ada yang tahu apa yang akan terjadi  ,Walang nakakaalam kung ano ang mangyayari  ,Tiada siapa yang tahu apa yang akan berlaku  ,,,,,,<<1;100>;<2;10>>,,,,,
64,13,,,city/adventure/random_tower/icon/icon_sj.png,0,,Event,Sự kiện,Event,เหตุการณ์,Acara,Kaganapan,Acara,,4,"Your choice may bring luck, but it can also bring disaster  ","Lựa chọn của bạn có thể mang lại may mắn, nhưng cũng có thể mang đến tai họa",,"Your choice may bring luck, but it can also bring disaster  ",การเลือกของคุณอาจนำโชคมา แต่ก็อาจนำความหายนะมาเช่นกัน  ,"Pilihan Anda mungkin membawa keberuntungan, tapi juga bisa membawa bencana  ","Ang iyong pagpili ay maaaring magdala ng swerte, ngunit maaari rin itong magdala ng kapahamakan  ","Pilihan anda mungkin membawa nasib baik, tetapi ia juga boleh membawa malapetaka  ",,,,,,<<2;100>;<3;10>>,,,,,
65,13,,,city/adventure/random_tower/icon_bx.png,-1,,Treasure Chest,Bảo rương,Treasure Chest,หีบสมบัติ,Petasan Harta Karun,Dibdib ng Kayamanan,Peti Harta Karun,,3,Treasure chest accidentally discovered  ,Hòm báu tình cờ phát hiện,,Treasure chest accidentally discovered  ,ค้นพบหีบสมบัติโดยบังเอิญ  ,Petinya ditemukan secara kebetulan  ,Natuklasan ang treasure chest nang hindi sinasadya  ,Peti harta karun ditemui secara tidak sengaja  ,,,,,,,,12000,20,{libs=<504;504>},
66,13,,,city/adventure/random_tower/icon/img_jddr@.png,,,Simple Enemy,Đơn giản địch nhân,Simple Enemy,ศัตรูง่าย,Musuh Sederhana,Simpleng Kaaway,Musuh Mudah,,1,It seems the opponent can be easily defeated  ,Có vẻ là đối thủ có thể dễ dàng bị đánh bại,,It seems the opponent can be easily defeated  ,ดูเหมือนว่าศัตรูจะถูกเอาชนะได้ง่าย  ,Sepertinya lawan bisa dengan mudah dikalahkan  ,Mukhang madaling talunin ang kalaban  ,Nampaknya musuh boleh dikalahkan dengan mudah  ,,,0.6,,,,,,,,
67,13,,,city/adventure/random_tower/icon/img_ptdr@.png,,,Normal Enemy,Phổ thông địch nhân,Normal Enemy,ศัตรูปกติ,Musuh Normal,Karaniwang Kaaway,Musuh Biasa,2,1,"Some strength, but not worrying  ","Có chút sức mạnh, nhưng không đáng lo ngại",,"Some strength, but not worrying  ",มีพลังบ้าง แต่ไม่ต้องกังวล  ,"Sedikit kekuatan, tapi tidak perlu dikhawatirkan  ","May konting lakas, ngunit hindi dapat ikabahala  ","Sedikit kekuatan, tetapi tidak membimbangkan  ",2,,0.6,,,,,,,,
68,13,,,city/adventure/random_tower/icon/img_kndr@.png,,,Hard Enemy,Khó khăn địch nhân,Hard Enemy,ศัตรูยาก,Musuh Sulit,Mahirap na Kaaway,Musuh Sukar,3,1,Be careful when choosing your opponent  ,Hãy cẩn thận khi chọn đối thủ,,Be careful when choosing your opponent  ,ระวังในการเลือกศัตรู  ,Hati-hati saat memilih lawan  ,Mag-ingat sa pagpili ng kalaban  ,Berhati-hati ketika memilih musuh  ,3,,0.6,,,,,,,,
69,14,,,city/adventure/random_tower/icon/icon_wz.png,,,Attribute Enhancement,Thuộc tính tăng thêm,Attribute Enhancement,การเสริมคุณสมบัติ,Peningkatan Atribut,Pagpapalakas ng Katangian,Peningkatan Atribut,,2,,,,,,,,,,,,,<<1;100>>,,,,,,
70,14,,,city/adventure/random_tower/icon/icon_wz.png,,,Combat Supply,Chiến đấu tiếp tế,Combat Supply,การส่งเสบียงการต่อสู้,Pasokan Pertempuran,Suplay ng Laban,Bekalan Pertempuran,,2,,,,,,,,,,,,,<<5;100>>,,,,,,
71,14,,,city/adventure/random_tower/icon/icon_wz.png,,,Attribute Enhancement,Thuộc tính tăng thêm,Attribute Enhancement,การเสริมคุณสมบัติ,Peningkatan Atribut,Pagpapalakas ng Katangian,Peningkatan Atribut,,2,,,,,,,,,,,,,<<1;100>;<2;20>>,,,,,,
72,14,,,city/adventure/random_tower/icon/icon_wz.png,,,Attribute Enhancement,Thuộc tính tăng thêm,Attribute Enhancement,การเสริมคุณสมบัติ,Peningkatan Atribut,Pagpapalakas ng Katangian,Peningkatan Atribut,,2,,,,,,,,,,,,,<<1;100>;<2;20>>,,,,,,
73,14,,,city/adventure/random_tower/icon/icon_sj.png,,,Event,Sự kiện,Event,เหตุการณ์,Acara,Kaganapan,Acara,,4,No one knows what will happen  ,Không ai biết chuyện gì sẽ xảy ra,,No one knows what will happen  ,ไม่มีใครรู้ว่าจะเกิดอะไรขึ้น  ,Tidak ada yang tahu apa yang akan terjadi  ,Walang nakakaalam kung ano ang mangyayari  ,Tiada siapa yang tahu apa yang akan berlaku  ,,,,,,<<1;100>;<2;10>>,,,,,
74,14,,,city/adventure/random_tower/icon/icon_sj.png,0,,Event,Sự kiện,Event,เหตุการณ์,Acara,Kaganapan,Acara,,4,"Your choice may bring luck, but it can also bring disaster  ","Lựa chọn của bạn có thể mang lại may mắn, nhưng cũng có thể mang đến tai họa",,"Your choice may bring luck, but it can also bring disaster  ",การเลือกของคุณอาจนำโชคมา แต่ก็อาจนำความหายนะมาเช่นกัน  ,"Pilihan Anda mungkin membawa keberuntungan, tapi juga bisa membawa bencana  ","Ang iyong pagpili ay maaaring magdala ng swerte, ngunit maaari rin itong magdala ng kapahamakan  ","Pilihan anda mungkin membawa nasib baik, tetapi ia juga boleh membawa malapetaka  ",,,,,,<<2;100>;<3;10>>,,,,,
75,14,,,city/adventure/random_tower/icon_bx.png,,,Treasure Chest,Bảo rương,Treasure Chest,หีบสมบัติ,Petasan Harta Karun,Dibdib ng Kayamanan,Peti Harta Karun,,3,Treasure chest accidentally discovered  ,Hòm báu tình cờ phát hiện,,Treasure chest accidentally discovered  ,ค้นพบหีบสมบัติโดยบังเอิญ  ,Petinya ditemukan secara kebetulan  ,Natuklasan ang treasure chest nang hindi sinasadya  ,Peti harta karun ditemui secara tidak sengaja  ,,,,,,,,12000,20,{libs=<504;504>},
76,14,,,city/adventure/random_tower/icon/img_jddr@.png,,,Simple Enemy,Đơn giản địch nhân,Simple Enemy,ศัตรูง่าย,Musuh Sederhana,Simpleng Kaaway,Musuh Mudah,,1,It seems the opponent can be easily defeated  ,Có vẻ là đối thủ có thể dễ dàng bị đánh bại,,It seems the opponent can be easily defeated  ,ดูเหมือนว่าศัตรูจะถูกเอาชนะได้ง่าย  ,Sepertinya lawan bisa dengan mudah dikalahkan  ,Mukhang madaling talunin ang kalaban  ,Nampaknya musuh boleh dikalahkan dengan mudah  ,,,0.6,,,,,,,,
77,14,,,city/adventure/random_tower/icon/img_ptdr@.png,-1,,Normal Enemy,Phổ thông địch nhân,Normal Enemy,ศัตรูปกติ,Musuh Normal,Karaniwang Kaaway,Musuh Biasa,2,1,"Some strength, but not worrying  ","Có chút sức mạnh, nhưng không đáng lo ngại",,"Some strength, but not worrying  ",มีพลังบ้าง แต่ไม่ต้องกังวล  ,"Sedikit kekuatan, tapi tidak perlu dikhawatirkan  ","May konting lakas, ngunit hindi dapat ikabahala  ","Sedikit kekuatan, tetapi tidak membimbangkan  ",2,,0.6,,,,,,,,
78,14,,,city/adventure/random_tower/icon/img_kndr@.png,,,Hard Enemy,Khó khăn địch nhân,Hard Enemy,ศัตรูยาก,Musuh Sulit,Mahirap na Kaaway,Musuh Sukar,3,1,Be careful when choosing your opponent  ,Hãy cẩn thận khi chọn đối thủ,,Be careful when choosing your opponent  ,ระวังในการเลือกศัตรู  ,Hati-hati saat memilih lawan  ,Mag-ingat sa pagpili ng kalaban  ,Berhati-hati ketika memilih musuh  ,3,,0.6,,,,,,,,
79,15,,,city/adventure/random_tower/icon/icon_wz.png,-1,,Attribute Enhancement,Thuộc tính tăng thêm,Attribute Enhancement,การเสริมคุณสมบัติ,Peningkatan Atribut,Pagpapalakas ng Katangian,Peningkatan Atribut,,2,,,,,,,,,,,,,<<1;100>>,,,,,,
80,15,,,city/adventure/random_tower/icon/icon_wz.png,-1,,Combat Supply,Chiến đấu tiếp tế,Combat Supply,การส่งเสบียงการต่อสู้,Pasokan Pertempuran,Suplay ng Laban,Bekalan Pertempuran,,2,,,,,,,,,,,,,<<5;100>>,,,,,,
81,15,,,city/adventure/random_tower/icon/icon_wz.png,0,,Attribute Enhancement,Thuộc tính tăng thêm,Attribute Enhancement,การเสริมคุณสมบัติ,Peningkatan Atribut,Pagpapalakas ng Katangian,Peningkatan Atribut,,2,,,,,,,,,,,,,<<1;100>;<2;20>>,,,,,,
82,15,,,city/adventure/random_tower/icon/icon_wz.png,,,Attribute Enhancement,Thuộc tính tăng thêm,Attribute Enhancement,การเสริมคุณสมบัติ,Peningkatan Atribut,Pagpapalakas ng Katangian,Peningkatan Atribut,,2,,,,,,,,,,,,,<<1;100>;<2;40>>,,,,,,
83,15,,,city/adventure/random_tower/icon/icon_sj.png,0,,Event,Sự kiện,Event,เหตุการณ์,Acara,Kaganapan,Acara,,4,No one knows what will happen  ,Không ai biết chuyện gì sẽ xảy ra,,No one knows what will happen  ,ไม่มีใครรู้ว่าจะเกิดอะไรขึ้น  ,Tidak ada yang tahu apa yang akan terjadi  ,Walang nakakaalam kung ano ang mangyayari  ,Tiada siapa yang tahu apa yang akan berlaku  ,,,,,,<<1;100>;<2;10>>,,,,,
84,15,,,city/adventure/random_tower/icon/icon_sj.png,0,,Event,Sự kiện,Event,เหตุการณ์,Acara,Kaganapan,Acara,,4,"Your choice may bring luck, but it can also bring disaster  ","Lựa chọn của bạn có thể mang lại may mắn, nhưng cũng có thể mang đến tai họa",,"Your choice may bring luck, but it can also bring disaster  ",การเลือกของคุณอาจนำโชคมา แต่ก็อาจนำความหายนะมาเช่นกัน  ,"Pilihan Anda mungkin membawa keberuntungan, tapi juga bisa membawa bencana  ","Ang iyong pagpili ay maaaring magdala ng swerte, ngunit maaari rin itong magdala ng kapahamakan  ","Pilihan anda mungkin membawa nasib baik, tetapi ia juga boleh membawa malapetaka  ",,,,,,<<2;100>;<3;10>>,,,,,
85,15,,,city/adventure/random_tower/icon_bx.png,,,Treasure Chest,Bảo rương,Treasure Chest,หีบสมบัติ,Petasan Harta Karun,Dibdib ng Kayamanan,Peti Harta Karun,,3,Treasure chest accidentally discovered  ,Hòm báu tình cờ phát hiện,,Treasure chest accidentally discovered  ,ค้นพบหีบสมบัติโดยบังเอิญ  ,Petinya ditemukan secara kebetulan  ,Natuklasan ang treasure chest nang hindi sinasadya  ,Peti harta karun ditemui secara tidak sengaja  ,,,,,,,,12000,20,{libs=<504;504>},
86,15,,,city/adventure/random_tower/icon/img_jddr@.png,,,Simple Enemy,Đơn giản địch nhân,Simple Enemy,ศัตรูง่าย,Musuh Sederhana,Simpleng Kaaway,Musuh Mudah,,1,It seems the opponent can be easily defeated  ,Có vẻ là đối thủ có thể dễ dàng bị đánh bại,,It seems the opponent can be easily defeated  ,ดูเหมือนว่าศัตรูจะถูกเอาชนะได้ง่าย  ,Sepertinya lawan bisa dengan mudah dikalahkan  ,Mukhang madaling talunin ang kalaban  ,Nampaknya musuh boleh dikalahkan dengan mudah  ,,,0.6,,,,,,,,
87,15,,,city/adventure/random_tower/icon/img_ptdr@.png,,,Normal Enemy,Phổ thông địch nhân,Normal Enemy,ศัตรูปกติ,Musuh Normal,Karaniwang Kaaway,Musuh Biasa,2,1,"Some strength, but not worrying  ","Có chút sức mạnh, nhưng không đáng lo ngại",,"Some strength, but not worrying  ",มีพลังบ้าง แต่ไม่ต้องกังวล  ,"Sedikit kekuatan, tapi tidak perlu dikhawatirkan  ","May konting lakas, ngunit hindi dapat ikabahala  ","Sedikit kekuatan, tetapi tidak membimbangkan  ",2,,0.6,,,,,,,,
88,15,,,city/adventure/random_tower/icon/img_kndr@.png,,,Hard Enemy,Khó khăn địch nhân,Hard Enemy,ศัตรูยาก,Musuh Sulit,Mahirap na Kaaway,Musuh Sukar,3,1,Be careful when choosing your opponent  ,Hãy cẩn thận khi chọn đối thủ,,Be careful when choosing your opponent  ,ระวังในการเลือกศัตรู  ,Hati-hati saat memilih lawan  ,Mag-ingat sa pagpili ng kalaban  ,Berhati-hati ketika memilih musuh  ,3,,0.6,,,,,,,,
89,16,,,city/adventure/random_tower/icon/icon_wz.png,,,Attribute Enhancement,Thuộc tính tăng thêm,Attribute Enhancement,การเสริมคุณสมบัติ,Peningkatan Atribut,Pagpapalakas ng Katangian,Peningkatan Atribut,,2,,,,,,,,,,,,,<<1;100>>,,,,,,
90,16,,,city/adventure/random_tower/icon/icon_wz.png,,,Combat Supply,Chiến đấu tiếp tế,Combat Supply,การส่งเสบียงการต่อสู้,Pasokan Pertempuran,Suplay ng Laban,Bekalan Pertempuran,,2,,,,,,,,,,,,,<<5;100>>,,,,,,
91,16,,,city/adventure/random_tower/icon/icon_wz.png,,,Attribute Enhancement,Thuộc tính tăng thêm,Attribute Enhancement,การเสริมคุณสมบัติ,Peningkatan Atribut,Pagpapalakas ng Katangian,Peningkatan Atribut,,2,,,,,,,,,,,,,<<1;100>;<2;20>>,,,,,,
92,16,,,city/adventure/random_tower/icon/icon_wz.png,,,Attribute Enhancement,Thuộc tính tăng thêm,Attribute Enhancement,การเสริมคุณสมบัติ,Peningkatan Atribut,Pagpapalakas ng Katangian,Peningkatan Atribut,,2,,,,,,,,,,,,,<<1;100>;<2;20>>,,,,,,
93,16,,,city/adventure/random_tower/icon/icon_sj.png,-1,,Event,Sự kiện,Event,เหตุการณ์,Acara,Kaganapan,Acara,,4,No one knows what will happen  ,Không ai biết chuyện gì sẽ xảy ra,,No one knows what will happen  ,ไม่มีใครรู้ว่าจะเกิดอะไรขึ้น  ,Tidak ada yang tahu apa yang akan terjadi  ,Walang nakakaalam kung ano ang mangyayari  ,Tiada siapa yang tahu apa yang akan berlaku  ,,,,,,<<1;100>;<2;10>>,,,,,
94,16,,,city/adventure/random_tower/icon/icon_sj.png,,,Event,Sự kiện,Event,เหตุการณ์,Acara,Kaganapan,Acara,,4,"Your choice may bring luck, but it can also bring disaster  ","Lựa chọn của bạn có thể mang lại may mắn, nhưng cũng có thể mang đến tai họa",,"Your choice may bring luck, but it can also bring disaster  ",การเลือกของคุณอาจนำโชคมา แต่ก็อาจนำความหายนะมาเช่นกัน  ,"Pilihan Anda mungkin membawa keberuntungan, tapi juga bisa membawa bencana  ","Ang iyong pagpili ay maaaring magdala ng swerte, ngunit maaari rin itong magdala ng kapahamakan  ","Pilihan anda mungkin membawa nasib baik, tetapi ia juga boleh membawa malapetaka  ",,,,,,<<2;100>;<3;10>>,,,,,
95,16,,,city/adventure/random_tower/icon_bx.png,,,Treasure Chest,Bảo rương,Treasure Chest,หีบสมบัติ,Petasan Harta Karun,Dibdib ng Kayamanan,Peti Harta Karun,,3,Treasure chest accidentally discovered  ,Hòm báu tình cờ phát hiện,,Treasure chest accidentally discovered  ,ค้นพบหีบสมบัติโดยบังเอิญ  ,Petinya ditemukan secara kebetulan  ,Natuklasan ang treasure chest nang hindi sinasadya  ,Peti harta karun ditemui secara tidak sengaja  ,,,,,,,,12000,20,{libs=<504;504>},
96,16,,,city/adventure/random_tower/icon/img_jddr@.png,,,Simple Enemy,Đơn giản địch nhân,Simple Enemy,ศัตรูง่าย,Musuh Sederhana,Simpleng Kaaway,Musuh Mudah,,1,It seems the opponent can be easily defeated  ,Có vẻ là đối thủ có thể dễ dàng bị đánh bại,,It seems the opponent can be easily defeated  ,ดูเหมือนว่าศัตรูจะถูกเอาชนะได้ง่าย  ,Sepertinya lawan bisa dengan mudah dikalahkan  ,Mukhang madaling talunin ang kalaban  ,Nampaknya musuh boleh dikalahkan dengan mudah  ,,,0.6,,,,,,,,
97,16,,,city/adventure/random_tower/icon/img_ptdr@.png,,,Normal Enemy,Phổ thông địch nhân,Normal Enemy,ศัตรูปกติ,Musuh Normal,Karaniwang Kaaway,Musuh Biasa,2,1,"Some strength, but not worrying  ","Có chút sức mạnh, nhưng không đáng lo ngại",,"Some strength, but not worrying  ",มีพลังบ้าง แต่ไม่ต้องกังวล  ,"Sedikit kekuatan, tapi tidak perlu dikhawatirkan  ","May konting lakas, ngunit hindi dapat ikabahala  ","Sedikit kekuatan, tetapi tidak membimbangkan  ",2,,0.6,,,,,,,,
98,16,,,city/adventure/random_tower/icon/img_kndr@.png,,,Hard Enemy,Khó khăn địch nhân,Hard Enemy,ศัตรูยาก,Musuh Sulit,Mahirap na Kaaway,Musuh Sukar,3,1,Be careful when choosing your opponent  ,Hãy cẩn thận khi chọn đối thủ,,Be careful when choosing your opponent  ,ระวังในการเลือกศัตรู  ,Hati-hati saat memilih lawan  ,Mag-ingat sa pagpili ng kalaban  ,Berhati-hati ketika memilih musuh  ,3,,0.6,,,,,,,,
99,17,,,city/adventure/random_tower/icon/img_jddr@.png,,,Simple Enemy,Đơn giản địch nhân,Simple Enemy,ศัตรูง่าย,Musuh Sederhana,Simpleng Kaaway,Musuh Mudah,,1,It seems the opponent can be easily defeated  ,Có vẻ là đối thủ có thể dễ dàng bị đánh bại,,It seems the opponent can be easily defeated  ,ดูเหมือนว่าศัตรูจะถูกเอาชนะได้ง่าย  ,Sepertinya lawan bisa dengan mudah dikalahkan  ,Mukhang madaling talunin ang kalaban  ,Nampaknya musuh boleh dikalahkan dengan mudah  ,,,,,,,,,,,
100,17,,,city/adventure/random_tower/icon/img_jddr@.png,,,Simple Enemy,Đơn giản địch nhân,Simple Enemy,ศัตรูง่าย,Musuh Sederhana,Simpleng Kaaway,Musuh Mudah,,1,It seems the opponent can be easily defeated  ,Có vẻ là đối thủ có thể dễ dàng bị đánh bại,,It seems the opponent can be easily defeated  ,ดูเหมือนว่าศัตรูจะถูกเอาชนะได้ง่าย  ,Sepertinya lawan bisa dengan mudah dikalahkan  ,Mukhang madaling talunin ang kalaban  ,Nampaknya musuh boleh dikalahkan dengan mudah  ,,,,,,,,,,,
101,17,,,city/adventure/random_tower/icon/img_ptdr@.png,,,Normal Enemy,Phổ thông địch nhân,Normal Enemy,ศัตรูปกติ,Musuh Normal,Karaniwang Kaaway,Musuh Biasa,2,1,"Some strength, but not worrying  ","Có chút sức mạnh, nhưng không đáng lo ngại",,"Some strength, but not worrying  ",มีพลังบ้าง แต่ไม่ต้องกังวล  ,"Sedikit kekuatan, tapi tidak perlu dikhawatirkan  ","May konting lakas, ngunit hindi dapat ikabahala  ","Sedikit kekuatan, tetapi tidak membimbangkan  ",2,,,,,,,,,,
102,17,,,city/adventure/random_tower/icon/img_ptdr@.png,,,Normal Enemy,Phổ thông địch nhân,Normal Enemy,ศัตรูปกติ,Musuh Normal,Karaniwang Kaaway,Musuh Biasa,2,1,"Some strength, but not worrying  ","Có chút sức mạnh, nhưng không đáng lo ngại",,"Some strength, but not worrying  ",มีพลังบ้าง แต่ไม่ต้องกังวล  ,"Sedikit kekuatan, tapi tidak perlu dikhawatirkan  ","May konting lakas, ngunit hindi dapat ikabahala  ","Sedikit kekuatan, tetapi tidak membimbangkan  ",2,,,,,,,,,,
103,17,,,city/adventure/random_tower/icon/img_kndr@.png,,,Hard Enemy,Khó khăn địch nhân,Hard Enemy,ศัตรูยาก,Musuh Sulit,Mahirap na Kaaway,Musuh Sukar,3,1,Be careful when choosing your opponent  ,Hãy cẩn thận khi chọn đối thủ,,Be careful when choosing your opponent  ,ระวังในการเลือกศัตรู  ,Hati-hati saat memilih lawan  ,Mag-ingat sa pagpili ng kalaban  ,Berhati-hati ketika memilih musuh  ,3,,,,,,,,,,
104,17,,,city/adventure/random_tower/icon/img_kndr@.png,,,Hard Enemy,Khó khăn địch nhân,Hard Enemy,ศัตรูยาก,Musuh Sulit,Mahirap na Kaaway,Musuh Sukar,3,1,Be careful when choosing your opponent  ,Hãy cẩn thận khi chọn đối thủ,,Be careful when choosing your opponent  ,ระวังในการเลือกศัตรู  ,Hati-hati saat memilih lawan  ,Mag-ingat sa pagpili ng kalaban  ,Berhati-hati ketika memilih musuh  ,3,,,,,,,,,,
105,18,,,city/adventure/random_tower/icon/icon_wz.png,,,Combat Supply,Chiến đấu tiếp tế,Combat Supply,การส่งเสบียงการต่อสู้,Pasokan Pertempuran,Suplay ng Laban,Bekalan Pertempuran,,2,,,,,,,,,,,,,<<5;100>>,,,,,,
106,18,,,city/adventure/random_tower/icon/icon_wz.png,,,Attribute Enhancement,Thuộc tính tăng thêm,Attribute Enhancement,การเสริมคุณสมบัติ,Peningkatan Atribut,Pagpapalakas ng Katangian,Peningkatan Atribut,,2,,,,,,,,,,,,,<<2;100>>,,,,,,
107,18,,,city/adventure/random_tower/icon/icon_wz.png,,,Attribute Enhancement,Thuộc tính tăng thêm,Attribute Enhancement,การเสริมคุณสมบัติ,Peningkatan Atribut,Pagpapalakas ng Katangian,Peningkatan Atribut,,2,,,,,,,,,,,,,<<2;100>>,,,,,,
108,18,,,city/adventure/random_tower/icon/icon_wz.png,,,Attribute Enhancement,Thuộc tính tăng thêm,Attribute Enhancement,การเสริมคุณสมบัติ,Peningkatan Atribut,Pagpapalakas ng Katangian,Peningkatan Atribut,,2,,,,,,,,,,,,,<<3;100>>,,,,,,
109,18,,,city/adventure/random_tower/icon/icon_wz.png,,,Attribute Enhancement,Thuộc tính tăng thêm,Attribute Enhancement,การเสริมคุณสมบัติ,Peningkatan Atribut,Pagpapalakas ng Katangian,Peningkatan Atribut,,2,,,,,,,,,,,,,<<3;100>>,,,,,,
110,18,,,city/adventure/random_tower/icon/icon_sj.png,,,Event,Sự kiện,Event,เหตุการณ์,Acara,Kaganapan,Acara,,4,"Your choice may bring luck, but it can also bring disaster  ","Lựa chọn của bạn có thể mang lại may mắn, nhưng cũng có thể mang đến tai họa",,"Your choice may bring luck, but it can also bring disaster  ",การเลือกของคุณอาจนำโชคมา แต่ก็อาจนำความหายนะมาเช่นกัน  ,"Pilihan Anda mungkin membawa keberuntungan, tapi juga bisa membawa bencana  ","Ang iyong pagpili ay maaaring magdala ng swerte, ngunit maaari rin itong magdala ng kapahamakan  ","Pilihan anda mungkin membawa nasib baik, tetapi ia juga boleh membawa malapetaka  ",,,,,,<<2;100>;<3;10>>,,,,,
111,19,,,city/adventure/random_tower/icon/img_boss@.png,,,Overlord,Bá chủ,Overlord,ผู้ปกครอง,Penguasa,Pinuno,Tuan,4,1,The force ahead is extremely difficult  ,Lực lượng cực kỳ khó khăn ở phía trước,,The force ahead is extremely difficult  ,กองกำลังข้างหน้าท้าทายอย่างมาก  ,Pasukan di depan sangat sulit  ,Napakahirap ng pwersa sa harap  ,Kekuatan di hadapan sangat sukar  ,4,0.8,0.8,,,,,,,,
112,19,,,city/adventure/random_tower/icon/img_boss@.png,,,Overlord,Bá chủ,Overlord,ผู้ปกครอง,Penguasa,Pinuno,Tuan,4,1,The most difficult force lies ahead  ,Lực lượng khó khăn nhất ở phía trước,,The most difficult force lies ahead  ,กองกำลังที่ยากที่สุดอยู่ข้างหน้า  ,Pasukan tersulit ada di depan  ,Ang pinakamahirap na pwersa ay nasa harap  ,Kekuatan yang paling sukar berada di hadapan  ,4,,,,,,,,,,
113,20,,,city/adventure/random_tower/icon_hhbx.png,,,Luxurious Treasure Chest,Xa hoa bảo rương,Luxurious Treasure Chest,หีบสมบัติหรูหรา,Petasan Harta Karun Mewah,Makulay na Dibdib ng Kayamanan,Peti Harta Karun Mewah,,3,Only after overcoming great challenges are you worthy of this reward  ,Chỉ sau khi vượt qua thử thách lớn mới xứng đáng nhận được phần thưởng này,,Only after overcoming great challenges are you worthy of this reward  ,ก็ต่อเมื่อผ่านความท้าทายครั้งใหญ่เท่านั้นถึงจะคู่ควรกับรางวัลนี้  ,Hanya setelah melewati tantangan besar Anda layak mendapatkan hadiah ini  ,Pagkatapos malampasan ang malalaking hamon ka lang karapat-dapat sa gantimpalang ito  ,Hanya selepas mengatasi cabaran besar anda layak mendapat ganjaran ini  ,,,,,,,2,60000,200,{libs=<501;503;504>},{libs=<506;505>}
114,21,,,,,,,,,,,,,,,,,,,,,,,,,,,,,,,,,
115,22,,,city/adventure/random_tower/icon/icon_wz.png,,,Combat Enhancement,Chiến đấu tăng thêm,Combat Enhancement,การเพิ่มพูนการต่อสู้,Peningkatan Pertempuran,Pagpapalakas ng Laban,Peningkatan Pertempuran,,2,,,,,,,,,,,,,<<101;20>;<102;20>;<103;20>;<200;300>;<1000;90>>,,,,,,
116,22,,,city/adventure/random_tower/icon/icon_wz.png,,,Combat Enhancement,Chiến đấu tăng thêm,Combat Enhancement,การเพิ่มพูนการต่อสู้,Peningkatan Pertempuran,Pagpapalakas ng Laban,Peningkatan Pertempuran,,2,,,,,,,,,,,,,<<101;20>;<102;20>;<103;20>;<200;300>;<1000;90>>,,,,,,
117,22,,,city/adventure/random_tower/icon/icon_wz.png,,,Combat Enhancement,Chiến đấu tăng thêm,Combat Enhancement,การเพิ่มพูนการต่อสู้,Peningkatan Pertempuran,Pagpapalakas ng Laban,Peningkatan Pertempuran,,2,,,,,,,,,,,,,<<2221;40>;<2222;40>;<2223;100>;<2224;100>>,,,,,,
118,23,,,city/adventure/random_tower/icon/img_jddr@.png,,,Simple Enemy,Đơn giản địch nhân,Simple Enemy,ศัตรูง่าย,Musuh Sederhana,Simpleng Kaaway,Musuh Mudah,,1,It seems the opponent can be easily defeated  ,Có vẻ là đối thủ có thể dễ dàng bị đánh bại,,It seems the opponent can be easily defeated  ,ดูเหมือนคู่ต่อสู้จะถูกเอาชนะได้ง่าย  ,Tampaknya lawan bisa dengan mudah dikalahkan  ,Mukhang madaling talunin ang kalaban  ,Nampaknya lawan boleh dikalahkan dengan mudah  ,,,,,,,,,,,
119,23,,,city/adventure/random_tower/icon/img_jddr@.png,,,Simple Enemy,Đơn giản địch nhân,Simple Enemy,ศัตรูง่าย,Musuh Sederhana,Simpleng Kaaway,Musuh Mudah,,1,It seems the opponent can be easily defeated  ,Có vẻ là đối thủ có thể dễ dàng bị đánh bại,,It seems the opponent can be easily defeated  ,ดูเหมือนคู่ต่อสู้จะถูกเอาชนะได้ง่าย  ,Tampaknya lawan bisa dengan mudah dikalahkan  ,Mukhang madaling talunin ang kalaban  ,Nampaknya lawan boleh dikalahkan dengan mudah  ,,,,,,,,,,,
120,23,,,city/adventure/random_tower/icon/img_ptdr@.png,,,Normal Enemy,Phổ thông địch nhân,Normal Enemy,ศัตรูปกติ,Musuh Normal,Karaniwang Kaaway,Musuh Biasa,2,1,"They have some strength, but it’s not a concern  ","Có chút sức mạnh, nhưng không đáng lo ngại",,"They have some strength, but it’s not a concern  ",พวกเขามีพลังบ้าง แต่ไม่ต้องกังวล  ,"Mereka memiliki sedikit kekuatan, tapi tidak perlu khawatir  ","May konting lakas sila, pero hindi ito dapat ikabahala  ","Mereka mempunyai sedikit kekuatan, tetapi tidak perlu risau  ",2,,,,,,,,,,
121,23,,,city/adventure/random_tower/icon/img_ptdr@.png,,,Normal Enemy,Phổ thông địch nhân,Normal Enemy,ศัตรูปกติ,Musuh Normal,Karaniwang Kaaway,Musuh Biasa,2,1,"They have some strength, but it’s not a concern  ","Có chút sức mạnh, nhưng không đáng lo ngại",,"They have some strength, but it’s not a concern  ",พวกเขามีพลังบ้าง แต่ไม่ต้องกังวล  ,"Mereka memiliki sedikit kekuatan, tapi tidak perlu khawatir  ","May konting lakas sila, pero hindi ito dapat ikabahala  ","Mereka mempunyai sedikit kekuatan, tetapi tidak perlu risau  ",2,,,,,,,,,,
122,23,,,city/adventure/random_tower/icon/img_kndr@.png,,,Hard Enemy,Khó khăn địch nhân,Hard Enemy,ศัตรูยาก,Musuh Sulit,Mahirap na Kaaway,Musuh Sukar,3,1,Be careful when choosing your opponent  ,Hãy cẩn thận khi chọn đối thủ,,Be careful when choosing your opponent  ,ระวังในการเลือกคู่ต่อสู้  ,Berhati-hatilah saat memilih lawan  ,Mag-ingat sa pagpili ng kalaban  ,Berhati-hati ketika memilih lawan  ,3,,,,,,,,,,
123,23,,,city/adventure/random_tower/icon/img_kndr@.png,,,Hard Enemy,Khó khăn địch nhân,Hard Enemy,ศัตรูยาก,Musuh Sulit,Mahirap na Kaaway,Musuh Sukar,3,1,Be careful when choosing your opponent  ,Hãy cẩn thận khi chọn đối thủ,,Be careful when choosing your opponent  ,ระวังในการเลือกคู่ต่อสู้  ,Berhati-hatilah saat memilih lawan  ,Mag-ingat sa pagpili ng kalaban  ,Berhati-hati ketika memilih lawan  ,3,,,,,,,,,,
124,24,,,city/adventure/random_tower/icon/icon_wz.png,,,Attribute Enhancement,Thuộc tính tăng thêm,Attribute Enhancement,การเสริมคุณสมบัติ,Peningkatan Atribut,Pagpapalakas ng Katangian,Peningkatan Atribut,,2,,,,,,,,,,,,,<<1;100>>,,,,,,
125,24,,,city/adventure/random_tower/icon/icon_wz.png,,,Combat Supply,Chiến đấu tiếp tế,Combat Supply,การส่งเสบียงการต่อสู้,Pasokan Pertempuran,Suplay ng Laban,Bekalan Pertempuran,,2,,,,,,,,,,,,,<<5;100>>,,,,,,
126,24,,,city/adventure/random_tower/icon/icon_wz.png,,,Attribute Enhancement,Thuộc tính tăng thêm,Attribute Enhancement,การเสริมคุณสมบัติ,Peningkatan Atribut,Pagpapalakas ng Katangian,Peningkatan Atribut,,2,,,,,,,,,,,,,<<1;100>;<2;40>>,,,,,,
127,24,,,city/adventure/random_tower/icon/icon_wz.png,0,,Attribute Enhancement,Thuộc tính tăng thêm,Attribute Enhancement,การเสริมคุณสมบัติ,Peningkatan Atribut,Pagpapalakas ng Katangian,Peningkatan Atribut,,2,,,,,,,,,,,,,<<1;100>;<2;20>>,,,,,,
128,24,,,city/adventure/random_tower/icon/icon_sj.png,0,,Event,Sự kiện,Event,เหตุการณ์,Acara,Kaganapan,Acara,,4,No one knows what will happen  ,Không ai biết chuyện gì sẽ xảy ra,,No one knows what will happen  ,ไม่มีใครรู้ว่าจะเกิดอะไรขึ้น  ,Tidak ada yang tahu apa yang akan terjadi  ,Walang nakakaalam kung ano ang mangyayari  ,Tiada siapa yang tahu apa yang akan berlaku  ,,,,,,<<1;100>;<2;10>>,,,,,
129,24,,,city/adventure/random_tower/icon/icon_sj.png,0,,Event,Sự kiện,Event,เหตุการณ์,Acara,Kaganapan,Acara,,4,"Your choice may bring luck, but it can also bring disaster  ","Lựa chọn của bạn có thể mang lại may mắn, nhưng cũng có thể mang đến tai họa",,"Your choice may bring luck, but it can also bring disaster  ",การเลือกของคุณอาจนำโชคดีมาให้ แต่ก็อาจนำหายนะมาเช่นกัน  ,"Pilihanmu bisa membawa keberuntungan, tapi juga bisa membawa bencana  ","Ang iyong pagpili ay maaaring magdala ng suwerte, ngunit maaari rin magdala ng kapahamakan  ","Pilihan anda mungkin membawa nasib baik, tetapi juga boleh membawa malapetaka  ",,,,,,<<2;100>;<3;10>>,,,,,
130,24,,,city/adventure/random_tower/icon_bx.png,,,Treasure Chest,Bảo rương,Treasure Chest,หีบสมบัติ,Petasan Harta Karun,Dibdib ng Kayamanan,Peti Harta Karun,,3,A treasure chest accidentally discovered  ,Hòm báu tình cờ phát hiện,,A treasure chest accidentally discovered  ,พบหีบสมบัติโดยบังเอิญ  ,Petinya ditemukan secara kebetulan  ,Isang kayamanang nahukay nang hindi sinasadya  ,Petinya ditemui secara kebetulan  ,,,,,,,,14000,20,{libs=<504;504>},
131,24,,,city/adventure/random_tower/icon/img_jddr@.png,,,Simple Enemy,Đơn giản địch nhân,Simple Enemy,ศัตรูง่าย,Musuh Sederhana,Simpleng Kaaway,Musuh Mudah,,1,It seems the opponent can be easily defeated  ,Có vẻ là đối thủ có thể dễ dàng bị đánh bại,,It seems the opponent can be easily defeated  ,ดูเหมือนคู่ต่อสู้จะถูกเอาชนะได้ง่าย  ,Tampaknya lawan bisa dengan mudah dikalahkan  ,Mukhang madaling talunin ang kalaban  ,Nampaknya lawan boleh dikalahkan dengan mudah  ,,,0.6,,,,,,,,
132,24,,,city/adventure/random_tower/icon/img_ptdr@.png,,,Normal Enemy,Phổ thông địch nhân,Normal Enemy,ศัตรูปกติ,Musuh Normal,Karaniwang Kaaway,Musuh Biasa,2,1,"They have some strength, but it’s not a concern  ","Có chút sức mạnh, nhưng không đáng lo ngại",,"They have some strength, but it’s not a concern  ",พวกเขามีพลังบ้าง แต่ไม่ต้องกังวล  ,"Mereka memiliki sedikit kekuatan, tapi tidak perlu khawatir  ","May konting lakas sila, pero hindi ito dapat ikabahala  ","Mereka mempunyai sedikit kekuatan, tetapi tidak perlu risau  ",2,,0.6,,,,,,,,
133,24,,,city/adventure/random_tower/icon/img_kndr@.png,,,Hard Enemy,Khó khăn địch nhân,Hard Enemy,ศัตรูยาก,Musuh Sulit,Mahirap na Kaaway,Musuh Sukar,3,1,Be careful when choosing your opponent  ,Hãy cẩn thận khi chọn đối thủ,,Be careful when choosing your opponent  ,ระวังในการเลือกคู่ต่อสู้  ,Berhati-hatilah saat memilih lawan  ,Mag-ingat sa pagpili ng kalaban  ,Berhati-hati ketika memilih lawan  ,3,,0.6,,,,,,,,
134,25,,,city/adventure/random_tower/icon/icon_wz.png,,,Attribute Enhancement,Thuộc tính tăng thêm,Attribute Enhancement,การเสริมคุณสมบัติ,Peningkatan Atribut,Pagpapalakas ng Katangian,Peningkatan Atribut,,2,,,,,,,,,,,,,<<1;100>>,,,,,,
135,25,,,city/adventure/random_tower/icon/icon_wz.png,,,Combat Supply,Chiến đấu tiếp tế,Combat Supply,การส่งเสบียงการต่อสู้,Pasokan Pertempuran,Suplay ng Laban,Bekalan Pertempuran,,2,,,,,,,,,,,,,<<5;100>>,,,,,,
136,25,,,city/adventure/random_tower/icon/icon_wz.png,,,Attribute Enhancement,Thuộc tính tăng thêm,Attribute Enhancement,การเสริมคุณสมบัติ,Peningkatan Atribut,Pagpapalakas ng Katangian,Peningkatan Atribut,,2,,,,,,,,,,,,,<<1;100>;<2;20>>,,,,,,
137,25,,,city/adventure/random_tower/icon/icon_wz.png,,,Attribute Enhancement,Thuộc tính tăng thêm,Attribute Enhancement,การเสริมคุณสมบัติ,Peningkatan Atribut,Pagpapalakas ng Katangian,Peningkatan Atribut,,2,,,,,,,,,,,,,<<1;100>;<2;20>>,,,,,,
138,25,,,city/adventure/random_tower/icon/icon_sj.png,,,Event,Sự kiện,Event,เหตุการณ์,Acara,Kaganapan,Acara,,4,No one knows what will happen  ,Không ai biết chuyện gì sẽ xảy ra,,No one knows what will happen  ,ไม่มีใครรู้ว่าจะเกิดอะไรขึ้น  ,Tidak ada yang tahu apa yang akan terjadi  ,Walang nakakaalam kung ano ang mangyayari  ,Tiada siapa yang tahu apa yang akan berlaku  ,,,,,,<<1;100>;<2;10>>,,,,,
139,25,,,city/adventure/random_tower/icon/icon_sj.png,0,,Event,Sự kiện,Event,เหตุการณ์,Acara,Kaganapan,Acara,,4,"Your choice may bring luck, but it can also bring disaster  ","Lựa chọn của bạn có thể mang lại may mắn, nhưng cũng có thể mang đến tai họa",,"Your choice may bring luck, but it can also bring disaster  ",การเลือกของคุณอาจนำโชคดีมาให้ แต่ก็อาจนำหายนะมาเช่นกัน  ,"Pilihanmu bisa membawa keberuntungan, tapi juga bisa membawa bencana  ","Ang iyong pagpili ay maaaring magdala ng suwerte, ngunit maaari rin magdala ng kapahamakan  ","Pilihan anda mungkin membawa nasib baik, tetapi juga boleh membawa malapetaka  ",,,,,,<<2;100>;<3;10>>,,,,,
140,25,,,city/adventure/random_tower/icon_bx.png,,,Treasure Chest,Bảo rương,Treasure Chest,หีบสมบัติ,Petasan Harta Karun,Dibdib ng Kayamanan,Peti Harta Karun,,3,A treasure chest accidentally discovered  ,Hòm báu tình cờ phát hiện,,A treasure chest accidentally discovered  ,พบหีบสมบัติโดยบังเอิญ  ,Petinya ditemukan secara kebetulan  ,Isang kayamanang nahukay nang hindi sinasadya  ,Petinya ditemui secara kebetulan  ,,,,,,,,14000,20,{libs=<504;504>},
141,25,,,city/adventure/random_tower/icon/img_jddr@.png,,,Simple Enemy,Đơn giản địch nhân,Simple Enemy,ศัตรูง่าย,Musuh Sederhana,Simpleng Kaaway,Musuh Mudah,,1,It seems the opponent can be easily defeated  ,Có vẻ là đối thủ có thể dễ dàng bị đánh bại,,It seems the opponent can be easily defeated  ,ดูเหมือนคู่ต่อสู้จะถูกเอาชนะได้ง่าย  ,Tampaknya lawan bisa dengan mudah dikalahkan  ,Mukhang madaling talunin ang kalaban  ,Nampaknya lawan boleh dikalahkan dengan mudah  ,,,0.6,,,,,,,,
142,25,,,city/adventure/random_tower/icon/img_ptdr@.png,-1,,Normal Enemy,Phổ thông địch nhân,Normal Enemy,ศัตรูปกติ,Musuh Normal,Karaniwang Kaaway,Musuh Biasa,2,1,"They have some strength, but it’s not a concern  ","Có chút sức mạnh, nhưng không đáng lo ngại",,"They have some strength, but it’s not a concern  ",พวกเขามีพลังบ้าง แต่ไม่ต้องกังวล  ,"Mereka memiliki sedikit kekuatan, tapi tidak perlu khawatir  ","May konting lakas sila, pero hindi ito dapat ikabahala  ","Mereka mempunyai sedikit kekuatan, tetapi tidak perlu risau  ",2,,0.6,,,,,,,,
143,25,,,city/adventure/random_tower/icon/img_kndr@.png,,,Hard Enemy,Khó khăn địch nhân,Hard Enemy,ศัตรูยาก,Musuh Sulit,Mahirap na Kaaway,Musuh Sukar,3,1,Be careful when choosing your opponent  ,Hãy cẩn thận khi chọn đối thủ,,Be careful when choosing your opponent  ,ระวังในการเลือกคู่ต่อสู้  ,Berhati-hatilah saat memilih lawan  ,Mag-ingat sa pagpili ng kalaban  ,Berhati-hati ketika memilih lawan  ,3,,0.6,,,,,,,,
144,26,,,city/adventure/random_tower/icon/icon_wz.png,-1,,Attribute Enhancement,Thuộc tính tăng thêm,Attribute Enhancement,การเสริมคุณสมบัติ,Peningkatan Atribut,Pagpapalakas ng Katangian,Peningkatan Atribut,,2,,,,,,,,,,,,,<<1;100>>,,,,,,
145,26,,,city/adventure/random_tower/icon/icon_wz.png,-1,,Combat Supply,Chiến đấu tiếp tế,Combat Supply,การส่งเสบียงการต่อสู้,Pasokan Pertempuran,Suplay ng Laban,Bekalan Pertempuran,,2,,,,,,,,,,,,,<<5;100>>,,,,,,
146,26,,,city/adventure/random_tower/icon/icon_wz.png,,,Attribute Enhancement,Thuộc tính tăng thêm,Attribute Enhancement,การเสริมคุณสมบัติ,Peningkatan Atribut,Pagpapalakas ng Katangian,Peningkatan Atribut,,2,,,,,,,,,,,,,<<1;100>;<2;20>>,,,,,,
147,26,,,city/adventure/random_tower/icon/icon_wz.png,,,Attribute Enhancement,Thuộc tính tăng thêm,Attribute Enhancement,การเสริมคุณสมบัติ,Peningkatan Atribut,Pagpapalakas ng Katangian,Peningkatan Atribut,,2,,,,,,,,,,,,,<<1;100>;<2;20>>,,,,,,
148,26,,,city/adventure/random_tower/icon/icon_sj.png,0,,Event,Sự kiện,Event,เหตุการณ์,Acara,Kaganapan,Acara,,4,No one knows what will happen  ,Không ai biết chuyện gì sẽ xảy ra,,No one knows what will happen  ,ไม่มีใครรู้ว่าจะเกิดอะไรขึ้น  ,Tidak ada yang tahu apa yang akan terjadi  ,Walang nakakaalam kung ano ang mangyayari  ,Tiada siapa yang tahu apa yang akan berlaku  ,,,,,,<<1;100>;<2;10>>,,,,,
149,26,,,city/adventure/random_tower/icon/icon_sj.png,0,,Event,Sự kiện,Event,เหตุการณ์,Acara,Kaganapan,Acara,,4,"Your choice may bring luck, but it can also bring disaster  ","Lựa chọn của bạn có thể mang lại may mắn, nhưng cũng có thể mang đến tai họa",,"Your choice may bring luck, but it can also bring disaster  ",การเลือกของคุณอาจนำโชคดีมาให้ แต่ก็อาจนำหายนะมาเช่นกัน  ,"Pilihanmu bisa membawa keberuntungan, tapi juga bisa membawa bencana  ","Ang iyong pagpili ay maaaring magdala ng suwerte, ngunit maaari rin magdala ng kapahamakan  ","Pilihan anda mungkin membawa nasib baik, tetapi juga boleh membawa malapetaka  ",,,,,,<<2;100>;<3;10>>,,,,,
150,26,,,city/adventure/random_tower/icon_bx.png,,,Treasure Chest,Bảo rương,Treasure Chest,หีบสมบัติ,Petasan Harta Karun,Dibdib ng Kayamanan,Peti Harta Karun,,3,A treasure chest accidentally discovered  ,Hòm báu tình cờ phát hiện,,A treasure chest accidentally discovered  ,พบหีบสมบัติโดยบังเอิญ  ,Petinya ditemukan secara kebetulan  ,Isang kayamanang nahukay nang hindi sinasadya  ,Petinya ditemui secara kebetulan  ,,,,,,,,14000,20,{libs=<504;504>},
151,26,,,city/adventure/random_tower/icon/img_jddr@.png,,,Simple Enemy,Đơn giản địch nhân,Simple Enemy,ศัตรูง่าย,Musuh Sederhana,Simpleng Kaaway,Musuh Mudah,,1,It seems the opponent can be easily defeated  ,Có vẻ là đối thủ có thể dễ dàng bị đánh bại,,It seems the opponent can be easily defeated  ,ดูเหมือนคู่ต่อสู้จะถูกเอาชนะได้ง่าย  ,Tampaknya lawan bisa dengan mudah dikalahkan  ,Mukhang madaling talunin ang kalaban  ,Nampaknya lawan boleh dikalahkan dengan mudah  ,,,0.6,,,,,,,,
152,26,,,city/adventure/random_tower/icon/img_ptdr@.png,,,Normal Enemy,Phổ thông địch nhân,Normal Enemy,ศัตรูปกติ,Musuh Normal,Karaniwang Kaaway,Musuh Biasa,2,1,"They have some strength, but it’s not a concern  ","Có chút sức mạnh, nhưng không đáng lo ngại",,"They have some strength, but it’s not a concern  ",พวกเขามีพลังบ้าง แต่ไม่ต้องกังวล  ,"Mereka memiliki sedikit kekuatan, tapi tidak perlu khawatir  ","May konting lakas sila, pero hindi ito dapat ikabahala  ","Mereka mempunyai sedikit kekuatan, tetapi tidak perlu risau  ",2,,0.6,,,,,,,,
153,26,,,city/adventure/random_tower/icon/img_kndr@.png,,,Hard Enemy,Khó khăn địch nhân,Hard Enemy,ศัตรูยาก,Musuh Sulit,Mahirap na Kaaway,Musuh Sukar,3,1,Be careful when choosing your opponent  ,Hãy cẩn thận khi chọn đối thủ,,Be careful when choosing your opponent  ,ระวังในการเลือกคู่ต่อสู้  ,Berhati-hatilah saat memilih lawan  ,Mag-ingat sa pagpili ng kalaban  ,Berhati-hati ketika memilih lawan  ,3,,0.6,,,,,,,,
154,27,,,city/adventure/random_tower/icon/icon_wz.png,,,Attribute Enhancement,Thuộc tính tăng thêm,Attribute Enhancement,การเสริมคุณสมบัติ,Peningkatan Atribut,Pagpapalakas ng Katangian,Peningkatan Atribut,,2,,,,,,,,,,,,,<<1;100>>,,,,,,
155,27,,,city/adventure/random_tower/icon/icon_wz.png,,,Combat Supply,Chiến đấu tiếp tế,Combat Supply,การส่งเสบียงการต่อสู้,Pasokan Pertempuran,Suplay ng Laban,Bekalan Pertempuran,,2,,,,,,,,,,,,,<<5;100>>,,,,,,
156,27,,,city/adventure/random_tower/icon/icon_wz.png,,,Attribute Enhancement,Thuộc tính tăng thêm,Attribute Enhancement,การเสริมคุณสมบัติ,Peningkatan Atribut,Pagpapalakas ng Katangian,Peningkatan Atribut,,2,,,,,,,,,,,,,<<1;100>;<2;40>>,,,,,,
157,27,,,city/adventure/random_tower/icon/icon_wz.png,0,,Attribute Enhancement,Thuộc tính tăng thêm,Attribute Enhancement,การเสริมคุณสมบัติ,Peningkatan Atribut,Pagpapalakas ng Katangian,Peningkatan Atribut,,2,,,,,,,,,,,,,<<1;100>;<2;20>>,,,,,,
158,27,,,city/adventure/random_tower/icon/icon_sj.png,-1,,Event,Sự kiện,Event,เหตุการณ์,Acara,Kaganapan,Acara,,4,No one knows what will happen  ,Không ai biết chuyện gì sẽ xảy ra,,No one knows what will happen  ,ไม่มีใครรู้ว่าจะเกิดอะไรขึ้น  ,Tidak ada yang tahu apa yang akan terjadi  ,Walang nakakaalam kung ano ang mangyayari  ,Tiada siapa yang tahu apa yang akan berlaku  ,,,,,,<<1;100>;<2;10>>,,,,,
159,27,,,city/adventure/random_tower/icon/icon_sj.png,-1,,Event,Sự kiện,Event,เหตุการณ์,Acara,Kaganapan,Acara,,4,"Your choice may bring luck, but it can also bring disaster  ","Lựa chọn của bạn có thể mang lại may mắn, nhưng cũng có thể mang đến tai họa",,"Your choice may bring luck, but it can also bring disaster  ",การเลือกของคุณอาจนำโชคดีมาให้ แต่ก็อาจนำหายนะมาเช่นกัน  ,"Pilihanmu bisa membawa keberuntungan, tapi juga bisa membawa bencana  ","Ang iyong pagpili ay maaaring magdala ng suwerte, ngunit maaari rin magdala ng kapahamakan  ","Pilihan anda mungkin membawa nasib baik, tetapi juga boleh membawa malapetaka  ",,,,,,<<2;100>;<3;10>>,,,,,
160,27,,,city/adventure/random_tower/icon_bx.png,,,Treasure Chest,Bảo rương,Treasure Chest,หีบสมบัติ,Petasan Harta Karun,Dibdib ng Kayamanan,Peti Harta Karun,,3,A treasure chest accidentally discovered  ,Hòm báu tình cờ phát hiện,,A treasure chest accidentally discovered  ,พบหีบสมบัติโดยบังเอิญ  ,Petinya ditemukan secara kebetulan  ,Isang kayamanang nahukay nang hindi sinasadya  ,Petinya ditemui secara kebetulan  ,,,,,,,,14000,20,{libs=<504;504>},
161,27,,,city/adventure/random_tower/icon/img_jddr@.png,,,Simple Enemy,Đơn giản địch nhân,Simple Enemy,ศัตรูง่าย,Musuh Sederhana,Simpleng Kaaway,Musuh Mudah,,1,It seems the opponent can be easily defeated  ,Có vẻ là đối thủ có thể dễ dàng bị đánh bại,,It seems the opponent can be easily defeated  ,ดูเหมือนคู่ต่อสู้จะถูกเอาชนะได้ง่าย  ,Tampaknya lawan bisa dengan mudah dikalahkan  ,Mukhang madaling talunin ang kalaban  ,Nampaknya lawan boleh dikalahkan dengan mudah  ,,,0.6,,,,,,,,
162,27,,,city/adventure/random_tower/icon/img_ptdr@.png,,,Normal Enemy,Phổ thông địch nhân,Normal Enemy,ศัตรูปกติ,Musuh Normal,Karaniwang Kaaway,Musuh Biasa,2,1,"They have some strength, but it’s not a concern  ","Có chút sức mạnh, nhưng không đáng lo ngại",,"They have some strength, but it’s not a concern  ",พวกเขามีพลังบ้าง แต่ไม่ต้องกังวล  ,"Mereka memiliki sedikit kekuatan, tapi tidak perlu khawatir  ","May konting lakas sila, pero hindi ito dapat ikabahala  ","Mereka mempunyai sedikit kekuatan, tetapi tidak perlu risau  ",2,,0.6,,,,,,,,
163,27,,,city/adventure/random_tower/icon/img_kndr@.png,,,Hard Enemy,Khó khăn địch nhân,Hard Enemy,ศัตรูยาก,Musuh Sulit,Mahirap na Kaaway,Musuh Sukar,3,1,Be careful when choosing your opponent  ,Hãy cẩn thận khi chọn đối thủ,,Be careful when choosing your opponent  ,ระวังในการเลือกคู่ต่อสู้  ,Berhati-hatilah saat memilih lawan  ,Mag-ingat sa pagpili ng kalaban  ,Berhati-hati ketika memilih lawan  ,3,,0.6,,,,,,,,
164,28,,,city/adventure/random_tower/icon/img_jddr@.png,,,Simple Enemy,Đơn giản địch nhân,Simple Enemy,ศัตรูง่าย,Musuh Sederhana,Simpleng Kaaway,Musuh Mudah,,1,It seems the opponent can be easily defeated  ,Có vẻ là đối thủ có thể dễ dàng bị đánh bại,,It seems the opponent can be easily defeated  ,ดูเหมือนคู่ต่อสู้จะถูกเอาชนะได้ง่าย  ,Tampaknya lawan bisa dengan mudah dikalahkan  ,Mukhang madaling talunin ang kalaban  ,Nampaknya lawan boleh dikalahkan dengan mudah  ,,,,,,,,,,,
165,28,,,city/adventure/random_tower/icon/img_kndr@.png,,,Hard Enemy,Khó khăn địch nhân,Hard Enemy,ศัตรูยาก,Musuh Sulit,Mahirap na Kaaway,Musuh Sukar,3,1,Be careful when choosing your opponent  ,Hãy cẩn thận khi chọn đối thủ,,Be careful when choosing your opponent  ,ระวังในการเลือกคู่ต่อสู้  ,Berhati-hatilah saat memilih lawan  ,Mag-ingat sa pagpili ng kalaban  ,Berhati-hati ketika memilih lawan  ,3,,,,,,,,,,
166,28,,,city/adventure/random_tower/icon/img_ptdr@.png,,,Normal Enemy,Phổ thông địch nhân,Normal Enemy,ศัตรูปกติ,Musuh Normal,Karaniwang Kaaway,Musuh Biasa,2,1,"They have some strength, but it’s not a concern  ","Có chút sức mạnh, nhưng không đáng lo ngại",,"They have some strength, but it’s not a concern  ",พวกเขามีพลังบ้าง แต่ไม่ต้องกังวล  ,"Mereka memiliki sedikit kekuatan, tapi tidak perlu khawatir  ","May konting lakas sila, pero hindi ito dapat ikabahala  ","Mereka mempunyai sedikit kekuatan, tetapi tidak perlu risau  ",2,,,,,,,,,,
167,28,,,city/adventure/random_tower/icon/img_ptdr@.png,,,Normal Enemy,Phổ thông địch nhân,Normal Enemy,ศัตรูปกติ,Musuh Normal,Karaniwang Kaaway,Musuh Biasa,2,1,"They have some strength, but it’s not a concern  ","Có chút sức mạnh, nhưng không đáng lo ngại",,"They have some strength, but it’s not a concern  ",พวกเขามีพลังบ้าง แต่ไม่ต้องกังวล  ,"Mereka memiliki sedikit kekuatan, tapi tidak perlu khawatir  ","May konting lakas sila, pero hindi ito dapat ikabahala  ","Mereka mempunyai sedikit kekuatan, tetapi tidak perlu risau  ",2,,,,,,,,,,
168,28,,,city/adventure/random_tower/icon/img_kndr@.png,,,Hard Enemy,Khó khăn địch nhân,Hard Enemy,ศัตรูยาก,Musuh Sulit,Mahirap na Kaaway,Musuh Sukar,3,1,Be careful when choosing your opponent  ,Hãy cẩn thận khi chọn đối thủ,,Be careful when choosing your opponent  ,ระวังในการเลือกคู่ต่อสู้  ,Berhati-hatilah saat memilih lawan  ,Mag-ingat sa pagpili ng kalaban  ,Berhati-hati ketika memilih lawan  ,3,,,,,,,,,,
169,28,,,city/adventure/random_tower/icon/img_kndr@.png,,,Hard Enemy,Khó khăn địch nhân,Hard Enemy,ศัตรูยาก,Musuh Sulit,Mahirap na Kaaway,Musuh Sukar,3,1,Be careful when choosing your opponent  ,Hãy cẩn thận khi chọn đối thủ,,Be careful when choosing your opponent  ,ระวังในการเลือกคู่ต่อสู้  ,Berhati-hatilah saat memilih lawan  ,Mag-ingat sa pagpili ng kalaban  ,Berhati-hati ketika memilih lawan  ,3,,,,,,,,,,
170,29,,,city/adventure/random_tower/icon/icon_wz.png,,,Combat Supply,Chiến đấu tiếp tế,Combat Supply,การส่งเสบียงการต่อสู้,Pasokan Pertempuran,Suplay ng Laban,Bekalan Pertempuran,,2,,,,,,,,,,,,,<<5;100>>,,,,,,
171,29,,,city/adventure/random_tower/icon/icon_wz.png,,,Attribute Enhancement,Thuộc tính tăng thêm,Attribute Enhancement,การเสริมคุณสมบัติ,Peningkatan Atribut,Pagpapalakas ng Katangian,Peningkatan Atribut,,2,,,,,,,,,,,,,<<2;100>>,,,,,,
172,29,,,city/adventure/random_tower/icon/icon_wz.png,,,Attribute Enhancement,Thuộc tính tăng thêm,Attribute Enhancement,การเสริมคุณสมบัติ,Peningkatan Atribut,Pagpapalakas ng Katangian,Peningkatan Atribut,,2,,,,,,,,,,,,,<<2;100>>,,,,,,
173,29,,,city/adventure/random_tower/icon/icon_wz.png,,,Attribute Boost,Tăng cường thuộc tính,Attribute Boost,การเพิ่มคุณสมบัติ,Peningkatan Atribut,Pagpapalakas ng Katangian,Peningkatan Atribut,,2,,,,,,,,,,,,,<<3;100>>,,,,,,
174,29,,,city/adventure/random_tower/icon/icon_wz.png,,,Attribute Boost,Tăng cường thuộc tính,Attribute Boost,การเพิ่มคุณสมบัติ,Peningkatan Atribut,Pagpapalakas ng Katangian,Peningkatan Atribut,,2,,,,,,,,,,,,,<<3;100>>,,,,,,
175,29,,,city/adventure/random_tower/icon/icon_sj.png,,,Event,Sự kiện,Event,เหตุการณ์,Acara,Kaganapan,Acara,,4,"Your choice may bring luck, but it can also bring disaster  ","Lựa chọn của bạn có thể mang lại may mắn, nhưng cũng có thể mang đến tai họa",,"Your choice may bring luck, but it can also bring disaster  ",การเลือกของคุณอาจนำโชคดีมาให้ แต่ก็อาจนำหายนะมาเช่นกัน  ,"Pilihanmu bisa membawa keberuntungan, tapi juga bisa membawa bencana  ","Ang iyong pagpili ay maaaring magdala ng suwerte, ngunit maaari rin magdala ng kapahamakan  ","Pilihan anda mungkin membawa nasib baik, tetapi juga boleh membawa malapetaka  ",,,,,,<<2;100>;<3;10>>,,,,,
176,30,,,city/adventure/random_tower/icon/img_boss@.png,,,Overlord,Chúa tể,Overlord,ผู้ปกครอง,Penguasa,Panginoon,Tuan Besar,4,1,An extremely difficult force lies ahead  ,Lực lượng cực kỳ khó khăn ở phía trước,,An extremely difficult force lies ahead  ,มีกำลังที่ยากลำบากอย่างยิ่งอยู่ข้างหน้า  ,Kekuatan yang sangat sulit ada di depan  ,Isang napakahirap na pwersa ang nasa harapan  ,Kekuatan yang sangat sukar berada di hadapan  ,4,0.8,0.8,,,,,,,,
177,30,,,city/adventure/random_tower/icon/img_boss@.png,,,Overlord,Chúa tể,Overlord,ผู้ปกครอง,Penguasa,Panginoon,Tuan Besar,4,1,The toughest force is ahead  ,Lực lượng khó khăn nhất ở phía trước,,The toughest force is ahead  ,กำลังที่ยากที่สุดอยู่ข้างหน้า  ,Kekuatan tersulit ada di depan  ,Ang pinakamahirap na pwersa ay nasa harapan  ,Kekuatan yang paling sukar berada di hadapan  ,4,,,,,,,,,,
178,31,,,city/adventure/random_tower/icon_hhbx.png,,,Luxury Treasure Chest,Hòm báu sang trọng,Luxury Treasure Chest,หีบสมบัติหรูหรา,Petasan Harta Karun Mewah,Mamahaling Dibdib ng Kayamanan,Peti Harta Karun Mewah,,3,Only after overcoming great challenges will you deserve this reward  ,Chỉ sau khi vượt qua thử thách lớn mới xứng đáng nhận được phần thưởng này,,Only after overcoming great challenges will you deserve this reward  ,ก็ต่อเมื่อผ่านความท้าทายใหญ่จึงจะคู่ควรกับรางวัลนี้  ,Hanya setelah melewati tantangan besar kamu pantas mendapatkan hadiah ini  ,Pagkatapos malampasan ang malaking hamon lang ka karapat-dapat sa gantimpalang ito  ,Hanya selepas mengatasi cabaran besar anda layak menerima ganjaran ini  ,,,,,,,2,60000,250,{libs=<502;504>},{libs=<506;505>}
179,32,,,,,,,,,,,,,,,,,,,,,,,,,,,,,,,,,
180,33,,,city/adventure/random_tower/icon/icon_wz.png,,,Combat Boost,Tăng cường chiến đấu,Combat Boost,การเพิ่มพลังการต่อสู้,Peningkatan Pertempuran,Pagpapalakas ng Laban,Peningkatan Pertempuran,,2,,,,,,,,,,,,,<<200;150>;<1000;90>>,,,,,,
181,33,,,city/adventure/random_tower/icon/icon_wz.png,,,Combat Boost,Tăng cường chiến đấu,Combat Boost,การเพิ่มพลังการต่อสู้,Peningkatan Pertempuran,Pagpapalakas ng Laban,Peningkatan Pertempuran,,2,,,,,,,,,,,,,<<200;150>;<1000;90>>,,,,,,
182,33,,,city/adventure/random_tower/icon/icon_wz.png,,,Combat Boost,Tăng cường chiến đấu,Combat Boost,การเพิ่มพลังการต่อสู้,Peningkatan Pertempuran,Pagpapalakas ng Laban,Peningkatan Pertempuran,,2,,,,,,,,,,,,,<<2221;40>;<2222;40>;<2223;100>;<2224;100>>,,,,,,
183,34,,,city/adventure/random_tower/icon/img_jddr@.png,,,Simple Enemy,Kẻ thù đơn giản,Simple Enemy,ศัตรูง่าย,Musuh Sederhana,Simpleng Kaaway,Musuh Mudah,,1,,,,,,,,,,,,,,,,,,,
184,34,,,city/adventure/random_tower/icon/img_jddr@.png,,,Simple Enemy,Kẻ thù đơn giản,Simple Enemy,ศัตรูง่าย,Musuh Sederhana,Simpleng Kaaway,Musuh Mudah,,1,The opponent seems easy to defeat  ,Có vẻ là đối thủ có thể dễ dàng bị đánh bại,,The opponent seems easy to defeat  ,ดูเหมือนว่าศัตรูจะเอาชนะได้ง่าย  ,Musuh tampaknya mudah dikalahkan  ,Mukhang madaling talunin ang kalaban  ,Nampaknya lawan mudah dikalahkan  ,,,,,,,,,,,
185,34,,,city/adventure/random_tower/icon/img_ptdr@.png,,,Normal Enemy,Kẻ thù bình thường,Normal Enemy,ศัตรูปกติ,Musuh Normal,Karaniwang Kaaway,Musuh Biasa,2,1,"Has some strength, but not worrisome  ","Có chút sức mạnh, nhưng không đáng lo ngại",,"Has some strength, but not worrisome  ",มีพลังบางอย่าง แต่ไม่ต้องกังวล  ,"Memiliki sedikit kekuatan, tapi tidak perlu dikhawatirkan  ","May kaunting lakas, pero hindi dapat ikabahala  ","Ada sedikit kekuatan, tapi tidak perlu risau  ",2,,,,,,,,,,
186,34,,,city/adventure/random_tower/icon/img_ptdr@.png,,,Normal Enemy,Kẻ thù bình thường,Normal Enemy,ศัตรูปกติ,Musuh Normal,Karaniwang Kaaway,Musuh Biasa,2,1,"Has some strength, but not worrisome  ","Có chút sức mạnh, nhưng không đáng lo ngại",,"Has some strength, but not worrisome  ",มีพลังบางอย่าง แต่ไม่ต้องกังวล  ,"Memiliki sedikit kekuatan, tapi tidak perlu dikhawatirkan  ","May kaunting lakas, pero hindi dapat ikabahala  ","Ada sedikit kekuatan, tapi tidak perlu risau  ",2,,,,,,,,,,
187,34,,,city/adventure/random_tower/icon/img_kndr@.png,,,Hard Enemy,Kẻ thù khó,Hard Enemy,ศัตรูยาก,Musuh Sulit,Mahirap na Kaaway,Musuh Sukar,3,1,Be careful when choosing your opponent  ,Hãy cẩn thận khi chọn đối thủ,,Be careful when choosing your opponent  ,ระวังในการเลือกศัตรู  ,Berhati-hatilah saat memilih musuh  ,Mag-ingat sa pagpili ng kalaban  ,Berhati-hati dalam memilih lawan  ,3,,,,,,,,,,
188,34,,,city/adventure/random_tower/icon/img_kndr@.png,,,Hard Enemy,Kẻ thù khó,Hard Enemy,ศัตรูยาก,Musuh Sulit,Mahirap na Kaaway,Musuh Sukar,3,1,Be careful when choosing your opponent  ,Hãy cẩn thận khi chọn đối thủ,,Be careful when choosing your opponent  ,ระวังในการเลือกศัตรู  ,Berhati-hatilah saat memilih musuh  ,Mag-ingat sa pagpili ng kalaban  ,Berhati-hati dalam memilih lawan  ,3,,,,,,,,,,
189,35,,,city/adventure/random_tower/icon/icon_wz.png,,,Attribute Enhancement,Tăng cường thuộc tính,Attribute Enhancement,การเสริมคุณสมบัติ,Peningkatan Atribut,Pagpapalakas ng Katangian,Peningkatan Atribut,,2,,,,,,,,,,,,,<<1;100>>,,,,,,
190,35,,,city/adventure/random_tower/icon/icon_wz.png,,,Combat Supply,Tiếp tế chiến đấu,Combat Supply,การส่งเสบียงการต่อสู้,Pasokan Pertempuran,Suplay ng Laban,Bekalan Pertempuran,,2,,,,,,,,,,,,,<<5;100>>,,,,,,
191,35,,,city/adventure/random_tower/icon/icon_wz.png,,,Attribute Enhancement,Tăng cường thuộc tính,Attribute Enhancement,การเสริมคุณสมบัติ,Peningkatan Atribut,Pagpapalakas ng Katangian,Peningkatan Atribut,,2,,,,,,,,,,,,,<<1;100>;<2;20>>,,,,,,
192,35,,,city/adventure/random_tower/icon/icon_wz.png,,,Attribute Enhancement,Tăng cường thuộc tính,Attribute Enhancement,การเสริมคุณสมบัติ,Peningkatan Atribut,Pagpapalakas ng Katangian,Peningkatan Atribut,,2,,,,,,,,,,,,,<<1;100>;<2;20>>,,,,,,
193,35,,,city/adventure/random_tower/icon/icon_sj.png,0,,Event,Sự kiện,Event,เหตุการณ์,Acara,Kaganapan,Acara,,4,No one knows what will happen  ,Không ai biết chuyện gì sẽ xảy ra,,No one knows what will happen  ,ไม่มีใครรู้ว่าจะเกิดอะไรขึ้น  ,Tidak ada yang tahu apa yang akan terjadi  ,Walang nakakaalam kung ano ang mangyayari  ,Tiada siapa yang tahu apa yang akan berlaku  ,,,,,,<<1;100>;<2;10>>,,,,,
194,35,,,city/adventure/random_tower/icon/icon_sj.png,0,,Event,Sự kiện,Event,เหตุการณ์,Acara,Kaganapan,Acara,,4,"Your choice may bring luck, but it can also bring disaster  ","Lựa chọn của bạn có thể mang lại may mắn, nhưng cũng có thể mang đến tai họa",,"Your choice may bring luck, but it can also bring disaster  ",การเลือกของคุณอาจนำโชคดีมา แต่ก็อาจนำหายนะมาได้  ,"Pilihanmu bisa membawa keberuntungan, tapi juga bisa membawa bencana  ","Ang iyong pagpili ay maaaring magdala ng swerte, ngunit maaari rin itong magdala ng kapahamakan  ","Pilihan anda mungkin membawa tuah, tetapi juga boleh membawa malapetaka  ",,,,,,<<2;100>;<3;10>>,,,,,
195,35,,,city/adventure/random_tower/icon_bx.png,,,Treasure Chest,Hòm báu,Treasure Chest,หีบสมบัติ,Petasan Harta Karun,Dibdib ng Kayamanan,Peti Harta Karun,,3,A treasure chest discovered by chance  ,Hòm báu tình cờ phát hiện,,A treasure chest discovered by chance  ,พบหีบสมบัติโดยบังเอิญ  ,Petinya ditemukan secara kebetulan  ,Isang treasure chest na natuklasan nang hindi sinasadya  ,Peti harta yang dijumpai secara kebetulan  ,,,,,,,,16000,30,{libs=<504;504>},
196,35,,,city/adventure/random_tower/icon/img_jddr@.png,,,Simple Enemy,Kẻ thù đơn giản,Simple Enemy,ศัตรูง่าย,Musuh Sederhana,Simpleng Kaaway,Musuh Mudah,,1,The opponent seems easy to defeat  ,Có vẻ là đối thủ có thể dễ dàng bị đánh bại,,The opponent seems easy to defeat  ,ดูเหมือนว่าศัตรูจะเอาชนะได้ง่าย  ,Musuh tampaknya mudah dikalahkan  ,Mukhang madaling talunin ang kalaban  ,Nampaknya lawan mudah dikalahkan  ,,,0.6,,,,,,,,
197,35,,,city/adventure/random_tower/icon/img_ptdr@.png,,,Normal Enemy,Kẻ thù bình thường,Normal Enemy,ศัตรูปกติ,Musuh Normal,Karaniwang Kaaway,Musuh Biasa,2,1,"Has some strength, but not worrisome  ","Có chút sức mạnh, nhưng không đáng lo ngại",,"Has some strength, but not worrisome  ",มีพลังบางอย่าง แต่ไม่ต้องกังวล  ,"Memiliki sedikit kekuatan, tapi tidak perlu dikhawatirkan  ","May kaunting lakas, pero hindi dapat ikabahala  ","Ada sedikit kekuatan, tapi tidak perlu risau  ",2,,0.6,,,,,,,,
198,35,,,city/adventure/random_tower/icon/img_kndr@.png,,,Hard Enemy,Kẻ thù khó,Hard Enemy,ศัตรูยาก,Musuh Sulit,Mahirap na Kaaway,Musuh Sukar,3,1,Be careful when choosing your opponent  ,Hãy cẩn thận khi chọn đối thủ,,Be careful when choosing your opponent  ,ระวังในการเลือกศัตรู  ,Berhati-hatilah saat memilih musuh  ,Mag-ingat sa pagpili ng kalaban  ,Berhati-hati dalam memilih lawan  ,3,,0.6,,,,,,,,
199,36,,,city/adventure/random_tower/icon/icon_wz.png,,,Attribute Enhancement,Tăng cường thuộc tính,Attribute Enhancement,การเสริมคุณสมบัติ,Peningkatan Atribut,Pagpapalakas ng Katangian,Peningkatan Atribut,,2,,,,,,,,,,,,,<<1;100>>,,,,,,
200,36,,,city/adventure/random_tower/icon/icon_wz.png,,,Combat Supply,Tiếp tế chiến đấu,Combat Supply,การส่งเสบียงการต่อสู้,Pasokan Pertempuran,Suplay ng Laban,Bekalan Pertempuran,,2,,,,,,,,,,,,,<<5;100>>,,,,,,
201,36,,,city/adventure/random_tower/icon/icon_wz.png,,,Attribute Enhancement,Tăng cường thuộc tính,Attribute Enhancement,การเสริมคุณสมบัติ,Peningkatan Atribut,Pagpapalakas ng Katangian,Peningkatan Atribut,,2,,,,,,,,,,,,,<<1;100>;<2;20>>,,,,,,
202,36,,,city/adventure/random_tower/icon/icon_wz.png,,,Attribute Enhancement,Tăng cường thuộc tính,Attribute Enhancement,การเสริมคุณสมบัติ,Peningkatan Atribut,Pagpapalakas ng Katangian,Peningkatan Atribut,,2,,,,,,,,,,,,,<<1;100>;<2;20>>,,,,,,
203,36,,,city/adventure/random_tower/icon/icon_sj.png,,,Event,Sự kiện,Event,เหตุการณ์,Acara,Kaganapan,Acara,,4,No one knows what will happen  ,Không ai biết chuyện gì sẽ xảy ra,,No one knows what will happen  ,ไม่มีใครรู้ว่าจะเกิดอะไรขึ้น  ,Tidak ada yang tahu apa yang akan terjadi  ,Walang nakakaalam kung ano ang mangyayari  ,Tiada siapa yang tahu apa yang akan berlaku  ,,,,,,<<1;100>;<2;10>>,,,,,
204,36,,,city/adventure/random_tower/icon/icon_sj.png,0,,Event,Sự kiện,Event,เหตุการณ์,Acara,Kaganapan,Acara,,4,"Your choice may bring luck, but it can also bring disaster  ","Lựa chọn của bạn có thể mang lại may mắn, nhưng cũng có thể mang đến tai họa",,"Your choice may bring luck, but it can also bring disaster  ",ตัวเลือกของคุณอาจนำโชคมาให้ แต่ก็อาจนำหายนะมาเช่นกัน  ,"Pilihan Anda mungkin membawa keberuntungan, tetapi juga bisa membawa bencana  ","Ang iyong pagpili ay maaaring magdala ng swerte, ngunit maaari rin itong magdala ng kapahamakan  ","Pilihan anda mungkin membawa tuah, tetapi juga boleh membawa malapetaka  ",,,,,,<<2;100>;<3;10>>,,,,,
205,36,,,city/adventure/random_tower/icon_bx.png,,,Treasure Chest,Hòm báu,Treasure Chest,หีบสมบัติ,Petasan Harta Karun,Dibdib ng Kayamanan,Peti Harta Karun,,3,Treasure chest accidentally discovered  ,Hòm báu tình cờ phát hiện,,Treasure chest accidentally discovered  ,พบหีบสมบัติโดยบังเอิญ  ,Petinya harta karun ditemukan secara tidak sengaja  ,Nadiskubre nang hindi sinasadya ang baul ng kayamanan  ,Petinya harta karun ditemui secara kebetulan  ,,,,,,,,16000,30,{libs=<504;504>},
206,36,,,city/adventure/random_tower/icon/img_jddr@.png,,,Simple Enemy,Kẻ thù đơn giản,Simple Enemy,ศัตรูง่าย,Musuh Sederhana,Simpleng Kaaway,Musuh Mudah,,1,It seems the opponent can be easily defeated  ,Có vẻ là đối thủ có thể dễ dàng bị đánh bại,,It seems the opponent can be easily defeated  ,ดูเหมือนว่าศัตรูจะถูกเอาชนะได้ง่าย  ,Tampaknya lawan dapat dengan mudah dikalahkan  ,Mukhang madaliang matalo ang kalaban  ,Nampaknya lawan boleh dikalahkan dengan mudah  ,,,0.6,,,,,,,,
207,36,,,city/adventure/random_tower/icon/img_ptdr@.png,-1,,Normal Enemy,Kẻ thù bình thường,Normal Enemy,ศัตรูปกติ,Musuh Normal,Karaniwang Kaaway,Musuh Biasa,2,1,"Has some strength, but nothing to worry about  ","Có chút sức mạnh, nhưng không đáng lo ngại",,"Has some strength, but nothing to worry about  ",มีพลังบางอย่าง แต่ไม่ต้องกังวล  ,"Memiliki sedikit kekuatan, tapi tidak perlu khawatir  ","May kaunting lakas, ngunit hindi dapat ikabahala  ","Mempunyai sedikit kekuatan, tetapi tidak perlu risau  ",2,,0.6,,,,,,,,
208,36,,,city/adventure/random_tower/icon/img_kndr@.png,,,Hard Enemy,Kẻ thù khó,Hard Enemy,ศัตรูยาก,Musuh Sulit,Mahirap na Kaaway,Musuh Sukar,3,1,Be careful when choosing your opponent,Hãy cẩn thận khi chọn đối thủ,,Be careful when choosing your opponent,ระวังเมื่อเลือกศัตรูของคุณ,Hati-hati saat memilih lawan Anda,Mag-ingat sa pagpili ng iyong kalaban,Berhati-hati ketika memilih lawan anda,3,,0.6,,,,,,,,
209,37,,,city/adventure/random_tower/icon/icon_wz.png,-1,,Attribute Enhancement,Tăng cường thuộc tính,Attribute Enhancement,การเสริมคุณสมบัติ,Peningkatan Atribut,Pagpapalakas ng Katangian,Peningkatan Atribut,,2,,,,,,,,,,,,,<<1;100>>,,,,,,
210,37,,,city/adventure/random_tower/icon/icon_wz.png,-1,,Combat Supply,Tiếp tế chiến đấu,Combat Supply,การส่งเสบียงการต่อสู้,Pasokan Pertempuran,Suplay ng Laban,Bekalan Pertempuran,,2,,,,,,,,,,,,,<<5;100>>,,,,,,
211,37,,,city/adventure/random_tower/icon/icon_wz.png,,,Attribute Enhancement,Tăng cường thuộc tính,Attribute Enhancement,การเสริมคุณสมบัติ,Peningkatan Atribut,Pagpapalakas ng Katangian,Peningkatan Atribut,,2,,,,,,,,,,,,,<<1;100>;<2;20>>,,,,,,
212,37,,,city/adventure/random_tower/icon/icon_wz.png,,,Attribute Enhancement,Tăng cường thuộc tính,Attribute Enhancement,การเสริมคุณสมบัติ,Peningkatan Atribut,Pagpapalakas ng Katangian,Peningkatan Atribut,,2,,,,,,,,,,,,,<<1;100>;<2;20>>,,,,,,
213,37,,,city/adventure/random_tower/icon/icon_sj.png,0,,Event,Sự kiện,Event,เหตุการณ์,Acara,Kaganapan,Acara,,4,No one knows what will happen  ,Không ai biết chuyện gì sẽ xảy ra,,No one knows what will happen  ,ไม่มีใครรู้ว่าจะเกิดอะไรขึ้น  ,Tidak ada yang tahu apa yang akan terjadi  ,Walang nakakaalam kung ano ang mangyayari  ,Tiada siapa yang tahu apa yang akan berlaku  ,,,,,,<<1;100>;<2;10>>,,,,,
214,37,,,city/adventure/random_tower/icon/icon_sj.png,0,,Event,Sự kiện,Event,เหตุการณ์,Acara,Kaganapan,Acara,,4,"Your choice may bring luck, but it can also bring disaster  ","Lựa chọn của bạn có thể mang lại may mắn, nhưng cũng có thể mang đến tai họa",,"Your choice may bring luck, but it can also bring disaster  ",ตัวเลือกของคุณอาจนำโชคมาให้ แต่ก็อาจนำหายนะมาด้วย  ,"Pilihan Anda bisa membawa keberuntungan, tapi juga bisa membawa bencana  ","Maaaring magdala ng swerte ang iyong pagpili, ngunit maaari rin itong magdala ng kapahamakan  ","Pilihan anda mungkin membawa tuah, tetapi ia juga boleh membawa malapetaka  ",,,,,,<<2;100>;<3;10>>,,,,,
215,37,,,city/adventure/random_tower/icon_bx.png,,,Treasure Chest,Hòm báu,Treasure Chest,หีบสมบัติ,Petasan Harta Karun,Dibdib ng Kayamanan,Peti Harta Karun,,3,Treasure chest accidentally discovered  ,Hòm báu tình cờ phát hiện,,Treasure chest accidentally discovered  ,พบหีบสมบัติโดยบังเอิญ  ,Petinya harta ditemukan secara kebetulan  ,Nadiskubre ang kayamanan nang hindi sinasadya  ,Petinya harta ditemui secara kebetulan  ,,,,,,,,16000,30,{libs=<504;504>},
216,37,,,city/adventure/random_tower/icon/img_jddr@.png,,,Simple Enemy,Kẻ thù đơn giản,Simple Enemy,ศัตรูง่าย,Musuh Sederhana,Simpleng Kaaway,Musuh Mudah,,1,It seems the opponent can be easily defeated  ,Có vẻ là đối thủ có thể dễ dàng bị đánh bại,,It seems the opponent can be easily defeated  ,ดูเหมือนคู่ต่อสู้จะถูกเอาชนะได้ง่าย  ,Sepertinya lawan bisa dengan mudah dikalahkan  ,Mukhang madaling talunin ang kalaban  ,Nampaknya lawan mudah untuk dikalahkan  ,,,0.6,,,,,,,,
217,37,,,city/adventure/random_tower/icon/img_ptdr@.png,,,Normal Enemy,Kẻ thù bình thường,Normal Enemy,ศัตรูปกติ,Musuh Normal,Karaniwang Kaaway,Musuh Biasa,2,1,"Has some strength, but nothing to worry about  ","Có chút sức mạnh, nhưng không đáng lo ngại",,"Has some strength, but nothing to worry about  ",มีพลังบางอย่าง แต่ไม่ต้องกังวล  ,"Memiliki sedikit kekuatan, tapi tidak perlu khawatir  ","May konting lakas, ngunit walang dapat ikabahala  ","Mempunyai sedikit kekuatan, tetapi tidak perlu risau  ",2,,0.6,,,,,,,,
218,37,,,city/adventure/random_tower/icon/img_kndr@.png,,,Hard Enemy,Kẻ thù khó,Hard Enemy,ศัตรูยาก,Musuh Sulit,Mahirap na Kaaway,Musuh Sukar,3,1,Be careful when choosing your opponent  ,Hãy cẩn thận khi chọn đối thủ,,Be careful when choosing your opponent  ,ระวังในการเลือกคู่ต่อสู้ของคุณ  ,Hati-hati saat memilih lawan Anda  ,Mag-ingat sa pagpili ng kalaban  ,Berhati-hati ketika memilih lawan anda  ,3,,0.6,,,,,,,,
219,38,,,city/adventure/random_tower/icon/icon_wz.png,,,Attribute Enhancement,Tăng cường thuộc tính,Attribute Enhancement,การเสริมคุณสมบัติ,Peningkatan Atribut,Pagpapalakas ng Katangian,Peningkatan Atribut,,2,,,,,,,,,,,,,<<1;100>>,,,,,,
220,38,,,city/adventure/random_tower/icon/icon_wz.png,,,Combat Supply,Tiếp tế chiến đấu,Combat Supply,การส่งเสบียงการต่อสู้,Pasokan Pertempuran,Suplay ng Laban,Bekalan Pertempuran,,2,,,,,,,,,,,,,<<5;100>>,,,,,,
221,38,,,city/adventure/random_tower/icon/icon_wz.png,0,,Attribute Enhancement,Tăng cường thuộc tính,Attribute Enhancement,การเสริมคุณสมบัติ,Peningkatan Atribut,Pagpapalakas ng Katangian,Peningkatan Atribut,,2,,,,,,,,,,,,,<<1;100>;<2;20>>,,,,,,
222,38,,,city/adventure/random_tower/icon/icon_wz.png,,,Attribute Enhancement,Tăng cường thuộc tính,Attribute Enhancement,การเสริมคุณสมบัติ,Peningkatan Atribut,Pagpapalakas ng Katangian,Peningkatan Atribut,,2,,,,,,,,,,,,,<<1;100>;<2;40>>,,,,,,
223,38,,,city/adventure/random_tower/icon/icon_sj.png,-1,,Event,Sự kiện,Event,เหตุการณ์,Acara,Kaganapan,Acara,,4,No one knows what will happen  ,Không ai biết chuyện gì sẽ xảy ra,,No one knows what will happen  ,ไม่มีใครรู้ว่าจะเกิดอะไรขึ้น  ,Tidak ada yang tahu apa yang akan terjadi  ,Walang nakakaalam kung ano ang mangyayari  ,Tiada siapa yang tahu apa yang akan berlaku  ,,,,,,<<1;100>;<2;10>>,,,,,
224,38,,,city/adventure/random_tower/icon/icon_sj.png,-1,,Event,Sự kiện,Event,เหตุการณ์,Acara,Kaganapan,Acara,,4,"Your choice may bring luck, but it can also bring disaster  ","Lựa chọn của bạn có thể mang lại may mắn, nhưng cũng có thể mang đến tai họa",,"Your choice may bring luck, but it can also bring disaster  ",ตัวเลือกของคุณอาจนำโชคมาให้ แต่ก็อาจนำหายนะมาด้วย  ,"Pilihan Anda bisa membawa keberuntungan, tapi juga bisa membawa bencana  ","Maaaring magdala ng swerte ang iyong pagpili, ngunit maaari rin itong magdala ng kapahamakan  ","Pilihan anda mungkin membawa tuah, tetapi ia juga boleh membawa malapetaka  ",,,,,,<<2;100>;<3;10>>,,,,,
225,38,,,city/adventure/random_tower/icon_bx.png,,,Treasure Chest,Hòm báu,Treasure Chest,หีบสมบัติ,Petasan Harta Karun,Dibdib ng Kayamanan,Peti Harta Karun,,3,Treasure chest accidentally discovered  ,Hòm báu tình cờ phát hiện,,Treasure chest accidentally discovered  ,พบหีบสมบัติโดยบังเอิญ  ,Petinya harta ditemukan secara kebetulan  ,Nadiskubre ang kayamanan nang hindi sinasadya  ,Petinya harta ditemui secara kebetulan  ,,,,,,,,16000,30,{libs=<504;504>},
226,38,,,city/adventure/random_tower/icon/img_jddr@.png,,,Simple Enemy,Kẻ thù đơn giản,Simple Enemy,ศัตรูง่าย,Musuh Sederhana,Simpleng Kaaway,Musuh Mudah,,1,It seems the opponent can be easily defeated  ,Có vẻ là đối thủ có thể dễ dàng bị đánh bại,,It seems the opponent can be easily defeated  ,ดูเหมือนคู่ต่อสู้จะถูกเอาชนะได้ง่าย  ,Sepertinya lawan bisa dengan mudah dikalahkan  ,Mukhang madaling talunin ang kalaban  ,Nampaknya lawan mudah untuk dikalahkan  ,,,0.6,,,,,,,,
227,38,,,city/adventure/random_tower/icon/img_ptdr@.png,,,Normal Enemy,Kẻ thù bình thường,Normal Enemy,ศัตรูปกติ,Musuh Normal,Karaniwang Kaaway,Musuh Biasa,2,1,"Has some strength, but nothing to worry about  ","Có chút sức mạnh, nhưng không đáng lo ngại",,"Has some strength, but nothing to worry about  ",มีพลังบางอย่าง แต่ไม่ต้องกังวล  ,"Memiliki sedikit kekuatan, tapi tidak perlu khawatir  ","May konting lakas, ngunit walang dapat ikabahala  ","Mempunyai sedikit kekuatan, tetapi tidak perlu risau  ",2,,0.6,,,,,,,,
228,38,,,city/adventure/random_tower/icon/img_kndr@.png,,,Hard Enemy,Kẻ thù khó,Hard Enemy,ศัตรูยาก,Musuh Sulit,Mahirap na Kaaway,Musuh Sukar,3,1,Be careful when choosing your opponent  ,Hãy cẩn thận khi chọn đối thủ,,Be careful when choosing your opponent  ,ระวังในการเลือกคู่ต่อสู้ของคุณ  ,Hati-hati saat memilih lawan Anda  ,Mag-ingat sa pagpili ng kalaban  ,Berhati-hati ketika memilih lawan anda  ,3,,0.6,,,,,,,,
229,39,,,city/adventure/random_tower/icon/img_jddr@.png,,,Simple Enemy,Kẻ thù đơn giản,Simple Enemy,ศัตรูง่าย,Musuh Sederhana,Simpleng Kaaway,Musuh Mudah,,1,It seems the opponent can be easily defeated  ,Có vẻ là đối thủ có thể dễ dàng bị đánh bại,,It seems the opponent can be easily defeated  ,ดูเหมือนคู่ต่อสู้จะถูกเอาชนะได้ง่าย  ,Sepertinya lawan bisa dengan mudah dikalahkan  ,Mukhang madaling talunin ang kalaban  ,Nampaknya lawan mudah untuk dikalahkan  ,,,,,,,,,,,
230,39,,,city/adventure/random_tower/icon/img_jddr@.png,,,Simple Enemy,Kẻ thù đơn giản,Simple Enemy,ศัตรูง่าย,Musuh Sederhana,Simpleng Kaaway,Musuh Mudah,,1,It seems the opponent can be easily defeated  ,Có vẻ là đối thủ có thể dễ dàng bị đánh bại,,It seems the opponent can be easily defeated  ,ดูเหมือนคู่ต่อสู้จะถูกเอาชนะได้ง่าย  ,Sepertinya lawan bisa dengan mudah dikalahkan  ,Mukhang madaling talunin ang kalaban  ,Nampaknya lawan mudah untuk dikalahkan  ,,,,,,,,,,,
231,39,,,city/adventure/random_tower/icon/img_ptdr@.png,,,Normal Enemy,Kẻ thù bình thường,Normal Enemy,ศัตรูปกติ,Musuh Normal,Karaniwang Kaaway,Musuh Biasa,2,1,"Has some strength, but nothing to worry about  ","Có chút sức mạnh, nhưng không đáng lo ngại",,"Has some strength, but nothing to worry about  ",มีพลังบางอย่าง แต่ไม่ต้องกังวล  ,"Memiliki sedikit kekuatan, tapi tidak perlu khawatir  ","May konting lakas, ngunit walang dapat ikabahala  ","Mempunyai sedikit kekuatan, tetapi tidak perlu risau  ",2,,,,,,,,,,
232,39,,,city/adventure/random_tower/icon/img_ptdr@.png,,,Normal Enemy,Kẻ thù bình thường,Normal Enemy,ศัตรูปกติ,Musuh Normal,Karaniwang Kaaway,Musuh Biasa,2,1,"Has some strength, but nothing to worry about  ","Có chút sức mạnh, nhưng không đáng lo ngại",,"Has some strength, but nothing to worry about  ",มีพลังบางอย่าง แต่ไม่ต้องกังวล  ,"Memiliki sedikit kekuatan, tapi tidak perlu khawatir  ","May konting lakas, ngunit walang dapat ikabahala  ","Mempunyai sedikit kekuatan, tetapi tidak perlu risau  ",2,,,,,,,,,,
233,39,,,city/adventure/random_tower/icon/img_kndr@.png,,,Hard Enemy,Kẻ thù khó,Hard Enemy,ศัตรูยาก,Musuh Sulit,Mahirap na Kaaway,Musuh Sukar,3,1,Be careful when choosing your opponent  ,Hãy cẩn thận khi chọn đối thủ,,Be careful when choosing your opponent  ,ระวังในการเลือกคู่ต่อสู้ของคุณ  ,Hati-hati saat memilih lawan Anda  ,Mag-ingat sa pagpili ng kalaban  ,Berhati-hati ketika memilih lawan anda  ,3,,,,,,,,,,
234,39,,,city/adventure/random_tower/icon/img_kndr@.png,,,Hard Enemy,Kẻ thù khó,Hard Enemy,ศัตรูยาก,Musuh Sulit,Mahirap na Kaaway,Musuh Sukar,3,1,Be careful when choosing your opponent  ,Hãy cẩn thận khi chọn đối thủ,,Be careful when choosing your opponent  ,ระวังในการเลือกคู่ต่อสู้ของคุณ  ,Hati-hati saat memilih lawan Anda  ,Mag-ingat sa pagpili ng kalaban  ,Berhati-hati ketika memilih lawan anda  ,3,,,,,,,,,,
235,40,,,city/adventure/random_tower/icon/icon_wz.png,,,Combat Supply,Tiếp tế chiến đấu,Combat Supply,การส่งเสบียงการต่อสู้,Pasokan Pertempuran,Suplay ng Laban,Bekalan Pertempuran,,2,,,,,,,,,,,,,<<5;100>>,,,,,,
236,40,,,city/adventure/random_tower/icon/icon_wz.png,,,Attribute Enhancement,Tăng cường thuộc tính,Attribute Enhancement,การเสริมคุณสมบัติ,Peningkatan Atribut,Pagpapalakas ng Katangian,Peningkatan Atribut,,2,,,,,,,,,,,,,<<2;100>>,,,,,,
237,40,,,city/adventure/random_tower/icon/icon_wz.png,,,Attribute Enhancement,Tăng cường thuộc tính,Attribute Enhancement,การเสริมคุณสมบัติ,Peningkatan Atribut,Pagpapalakas ng Katangian,Peningkatan Atribut,,2,,,,,,,,,,,,,<<2;100>>,,,,,,
238,40,,,city/adventure/random_tower/icon/icon_wz.png,,,Attribute Enhancement,Tăng cường thuộc tính,Attribute Enhancement,การเสริมคุณสมบัติ,Peningkatan Atribut,Pagpapalakas ng Katangian,Peningkatan Atribut,,2,,,,,,,,,,,,,<<3;100>>,,,,,,
239,40,,,city/adventure/random_tower/icon/icon_wz.png,,,Attribute Enhancement,Tăng cường thuộc tính,Attribute Enhancement,การเสริมคุณสมบัติ,Peningkatan Atribut,Pagpapalakas ng Katangian,Peningkatan Atribut,,2,,,,,,,,,,,,,<<3;100>>,,,,,,
240,40,,,city/adventure/random_tower/icon/icon_sj.png,,,Event,Sự kiện,Event,เหตุการณ์,Acara,Kaganapan,Acara,,4,"Your choice may bring luck, but it can also bring disaster  ","Lựa chọn của bạn có thể mang lại may mắn, nhưng cũng có thể mang đến tai họa",,"Your choice may bring luck, but it can also bring disaster  ",ตัวเลือกของคุณอาจนำโชคมาให้ แต่ก็อาจนำหายนะมาด้วย  ,"Pilihan Anda bisa membawa keberuntungan, tapi juga bisa membawa bencana  ","Maaaring magdala ng swerte ang iyong pagpili, ngunit maaari rin itong magdala ng kapahamakan  ","Pilihan anda mungkin membawa tuah, tetapi ia juga boleh membawa malapetaka  ",,,,,,<<2;100>;<3;10>>,,,,,
241,41,,,city/adventure/random_tower/icon/img_boss@.png,,,Overlord,Chúa tể,Overlord,เจ้าแห่ง,Penguasa,Panginoon,Tuan,4,1,Extremely difficult forces lie ahead  ,Lực lượng cực kỳ khó khăn ở phía trước,,Extremely difficult forces lie ahead  ,มีกองกำลังที่ยากลำบากอย่างมากอยู่ข้างหน้า  ,Kekuatan yang sangat sulit ada di depan  ,Napakahirap na pwersa ang nasa unahan  ,Kekuatan yang sangat sukar di hadapan  ,4,0.8,0.8,,,,,,,,
242,41,,,city/adventure/random_tower/icon/img_boss@.png,,,Overlord,Chúa tể,Overlord,เจ้าแห่ง,Penguasa,Panginoon,Tuan,4,1,The most difficult forces lie ahead  ,Lực lượng khó khăn nhất ở phía trước,,The most difficult forces lie ahead  ,มีกองกำลังที่ยากที่สุดอยู่ข้างหน้า  ,Kekuatan yang paling sulit ada di depan  ,Ang pinakamahirap na pwersa ay nasa unahan  ,Kekuatan yang paling sukar di hadapan  ,4,,,,,,,,,,
243,42,,,city/adventure/random_tower/icon_hhbx.png,,,Luxurious Treasure Chest,Hòm báu sang trọng,Luxurious Treasure Chest,หีบสมบัติหรูหรา,Petasan Harta Karun Mewah,Marangyang Dibdib ng Kayamanan,Peti Harta Karun Mewah,,3,Only after overcoming great challenges are you worthy of this reward  ,Chỉ sau khi vượt qua thử thách lớn mới xứng đáng nhận được phần thưởng này,,Only after overcoming great challenges are you worthy of this reward  ,ก็ต่อเมื่อผ่านความท้าทายครั้งใหญ่เท่านั้นจึงจะคู่ควรกับรางวัลนี้  ,Hanya setelah melewati tantangan besar Anda layak mendapatkan hadiah ini  ,Pagkatapos malampasan ang malaking hamon ka lang karapat-dapat sa gantimpalang ito  ,Hanya selepas mengatasi cabaran besar anda layak menerima ganjaran ini  ,,,,,,,2,70000,300,{libs=<503;504>},{libs=<506;505>}
244,43,,,,,,,,,,,,,,,,,,,,,,,,,,,,,,,,,
245,44,,,city/adventure/random_tower/icon/icon_wz.png,,,Combat Enhancement,Tăng cường chiến đấu,Combat Enhancement,การเพิ่มประสิทธิภาพการต่อสู้,Peningkatan Pertempuran,Pagpapalakas ng Laban,Peningkatan Pertempuran,,2,,,,,,,,,,,,,<<200;150>;<1000;90>>,,,,,,
246,44,,,city/adventure/random_tower/icon/icon_wz.png,,,Combat Enhancement,Tăng cường chiến đấu,Combat Enhancement,การเพิ่มประสิทธิภาพการต่อสู้,Peningkatan Pertempuran,Pagpapalakas ng Laban,Peningkatan Pertempuran,,2,,,,,,,,,,,,,<<200;150>;<1000;90>>,,,,,,
247,44,,,city/adventure/random_tower/icon/icon_wz.png,,,Combat Enhancement,Tăng cường chiến đấu,Combat Enhancement,การเพิ่มประสิทธิภาพการต่อสู้,Peningkatan Pertempuran,Pagpapalakas ng Laban,Peningkatan Pertempuran,,2,,,,,,,,,,,,,<<2223;100>;<2224;100>;<200;150>;<1000;90>>,,,,,,
248,45,,,city/adventure/random_tower/icon/img_jddr@.png,,,Simple Enemy,Kẻ thù đơn giản,Simple Enemy,ศัตรูง่าย,Musuh Sederhana,Simpleng Kaaway,Musuh Mudah,,1,It seems the opponent can be easily defeated  ,Có vẻ là đối thủ có thể dễ dàng bị đánh bại,,It seems the opponent can be easily defeated  ,ดูเหมือนว่าคู่ต่อสู้จะถูกเอาชนะได้ง่าย  ,Sepertinya lawan dapat dengan mudah dikalahkan  ,Mukhang madali lang talunin ang kalaban  ,Nampaknya lawan boleh dikalahkan dengan mudah  ,,,,,,,,,,,
249,45,,,city/adventure/random_tower/icon/img_jddr@.png,,,Simple Enemy,Kẻ thù đơn giản,Simple Enemy,ศัตรูง่าย,Musuh Sederhana,Simpleng Kaaway,Musuh Mudah,,1,It seems the opponent can be easily defeated  ,Có vẻ là đối thủ có thể dễ dàng bị đánh bại,,It seems the opponent can be easily defeated  ,ดูเหมือนว่าคู่ต่อสู้จะถูกเอาชนะได้ง่าย  ,Sepertinya lawan dapat dengan mudah dikalahkan  ,Mukhang madali lang talunin ang kalaban  ,Nampaknya lawan boleh dikalahkan dengan mudah  ,,,,,,,,,,,
250,45,,,city/adventure/random_tower/icon/img_ptdr@.png,,,Normal Enemy,Kẻ thù bình thường,Normal Enemy,ศัตรูปกติ,Musuh Normal,Karaniwang Kaaway,Musuh Biasa,2,1,"Has some strength, but nothing to worry about  ","Có chút sức mạnh, nhưng không đáng lo ngại",,"Has some strength, but nothing to worry about  ",มีพลังบ้างเล็กน้อย แต่ไม่ต้องกังวล  ,"Memiliki sedikit kekuatan, tapi tidak perlu khawatir  ","May kaunting lakas, pero hindi dapat ikabahala  ","Mempunyai sedikit kekuatan, tetapi tidak perlu risau  ",2,,,,,,,,,,
251,45,,,city/adventure/random_tower/icon/img_ptdr@.png,,,Normal Enemy,Kẻ thù bình thường,Normal Enemy,ศัตรูปกติ,Musuh Normal,Karaniwang Kaaway,Musuh Biasa,2,1,"Has some strength, but nothing to worry about  ","Có chút sức mạnh, nhưng không đáng lo ngại",,"Has some strength, but nothing to worry about  ",มีพลังบ้างเล็กน้อย แต่ไม่ต้องกังวล  ,"Memiliki sedikit kekuatan, tapi tidak perlu khawatir  ","May kaunting lakas, pero hindi dapat ikabahala  ","Mempunyai sedikit kekuatan, tetapi tidak perlu risau  ",2,,,,,,,,,,
252,45,,,city/adventure/random_tower/icon/img_kndr@.png,,,Hard Enemy,Kẻ thù khó,Hard Enemy,ศัตรูยาก,Musuh Sulit,Mahirap na Kaaway,Musuh Sukar,3,1,Be careful when choosing your opponent  ,Hãy cẩn thận khi chọn đối thủ,,Be careful when choosing your opponent  ,ระวังเมื่อเลือกคู่ต่อสู้  ,Berhati-hatilah saat memilih lawanmu  ,Mag-ingat sa pagpili ng kalaban  ,Berhati-hati ketika memilih lawan anda  ,3,,,,,,,,,,
253,45,,,city/adventure/random_tower/icon/img_kndr@.png,,,Hard Enemy,Kẻ thù khó,Hard Enemy,ศัตรูยาก,Musuh Sulit,Mahirap na Kaaway,Musuh Sukar,3,1,Be careful when choosing your opponent  ,Hãy cẩn thận khi chọn đối thủ,,Be careful when choosing your opponent  ,ระวังเมื่อเลือกคู่ต่อสู้  ,Berhati-hatilah saat memilih lawanmu  ,Mag-ingat sa pagpili ng kalaban  ,Berhati-hati ketika memilih lawan anda  ,3,,,,,,,,,,
254,46,,,city/adventure/random_tower/icon/icon_wz.png,,,Attribute Enhancement,Tăng cường thuộc tính,Attribute Enhancement,การเสริมคุณสมบัติ,Peningkatan Atribut,Pagpapalakas ng Katangian,Peningkatan Atribut,,2,,,,,,,,,,,,,<<1;100>>,,,,,,
255,46,,,city/adventure/random_tower/icon/icon_wz.png,,,Combat Supply,Tiếp tế chiến đấu,Combat Supply,การส่งเสบียงการต่อสู้,Pasokan Pertempuran,Suplay ng Laban,Bekalan Pertempuran,,2,,,,,,,,,,,,,<<5;100>>,,,,,,
256,46,,,city/adventure/random_tower/icon/icon_wz.png,,,Attribute Enhancement,Tăng cường thuộc tính,Attribute Enhancement,การเสริมคุณสมบัติ,Peningkatan Atribut,Pagpapalakas ng Katangian,Peningkatan Atribut,,2,,,,,,,,,,,,,<<1;100>;<2;20>>,,,,,,
257,46,,,city/adventure/random_tower/icon/icon_wz.png,,,Attribute Enhancement,Tăng cường thuộc tính,Attribute Enhancement,การเสริมคุณสมบัติ,Peningkatan Atribut,Pagpapalakas ng Katangian,Peningkatan Atribut,,2,,,,,,,,,,,,,<<1;100>;<2;20>>,,,,,,
258,46,,,city/adventure/random_tower/icon/icon_sj.png,0,,Event,Sự kiện,Event,เหตุการณ์,Acara,Kaganapan,Acara,,4,No one knows what will happen  ,Không ai biết chuyện gì sẽ xảy ra,,No one knows what will happen  ,ไม่มีใครรู้ว่าจะเกิดอะไรขึ้น  ,Tidak ada yang tahu apa yang akan terjadi  ,Walang nakakaalam kung ano ang mangyayari  ,Tiada siapa yang tahu apa yang akan berlaku  ,,,,,,<<1;100>;<2;10>>,,,,,
259,46,,,city/adventure/random_tower/icon/icon_sj.png,0,,Event,Sự kiện,Event,เหตุการณ์,Acara,Kaganapan,Acara,,4,"Your choice may bring luck, but it can also bring disaster  ","Lựa chọn của bạn có thể mang lại may mắn, nhưng cũng có thể mang đến tai họa",,"Your choice may bring luck, but it can also bring disaster  ",การเลือกของคุณอาจนำโชคมาให้ แต่ก็อาจนำภัยพิบัติมาด้วย  ,"Pilihan Anda mungkin membawa keberuntungan, tapi juga bisa membawa bencana  ","Ang iyong pagpili ay maaaring magdala ng suwerte, ngunit maaari rin magdala ng sakuna  ","Pilihan anda mungkin membawa nasib baik, tetapi juga boleh membawa malapetaka  ",,,,,,<<2;100>;<3;10>>,,,,,
260,46,,,city/adventure/random_tower/icon_bx.png,,,Treasure Chest,Hòm báu,Treasure Chest,หีบสมบัติ,Petasan Harta Karun,Dibdib ng Kayamanan,Peti Harta Karun,,3,Treasure chest accidentally discovered  ,Hòm báu tình cờ phát hiện,,Treasure chest accidentally discovered  ,ค้นพบหีบสมบัติโดยบังเอิญ  ,Petik harta ditemukan secara tidak sengaja  ,Aksidenteng natuklasan ang baul ng kayamanan  ,Peti harta ditemui secara tidak sengaja  ,,,,,,,,18000,30,{libs=<504;504>},
261,46,,,city/adventure/random_tower/icon/img_jddr@.png,,,Simple Enemy,Kẻ thù đơn giản,Simple Enemy,ศัตรูง่าย,Musuh Sederhana,Simpleng Kaaway,Musuh Mudah,,1,It seems the opponent can be easily defeated  ,Có vẻ là đối thủ có thể dễ dàng bị đánh bại,,It seems the opponent can be easily defeated  ,ดูเหมือนว่าคู่ต่อสู้จะถูกเอาชนะได้ง่าย  ,Sepertinya lawan dapat dengan mudah dikalahkan  ,Mukhang madali lang talunin ang kalaban  ,Nampaknya lawan boleh dikalahkan dengan mudah  ,,,0.6,,,,,,,,
262,46,,,city/adventure/random_tower/icon/img_ptdr@.png,,,Normal Enemy,Kẻ thù bình thường,Normal Enemy,ศัตรูปกติ,Musuh Normal,Karaniwang Kaaway,Musuh Biasa,2,1,"Has some strength, but nothing to worry about  ","Có chút sức mạnh, nhưng không đáng lo ngại",,"Has some strength, but nothing to worry about  ",มีพลังบางส่วน แต่ไม่ต้องกังวล  ,"Memiliki sedikit kekuatan, tapi tidak perlu khawatir  ","May kaunting lakas, pero hindi dapat ikabahala  ","Mempunyai sedikit kekuatan, tetapi tidak perlu risau  ",2,,0.6,,,,,,,,
263,46,,,city/adventure/random_tower/icon/img_kndr@.png,,,Hard Enemy,Kẻ thù khó,Hard Enemy,ศัตรูยาก,Musuh Sulit,Mahirap na Kaaway,Musuh Sukar,3,1,Be careful when choosing your opponent  ,Hãy cẩn thận khi chọn đối thủ,,Be careful when choosing your opponent  ,ระวังเมื่อเลือกคู่ต่อสู้  ,Berhati-hatilah saat memilih lawanmu  ,Mag-ingat sa pagpili ng kalaban  ,Berhati-hati ketika memilih lawan anda  ,3,,0.6,,,,,,,,
264,47,,,city/adventure/random_tower/icon/icon_wz.png,,,Attribute Enhancement,Tăng cường thuộc tính,Attribute Enhancement,การเสริมคุณสมบัติ,Peningkatan Atribut,Pagpapalakas ng Katangian,Peningkatan Atribut,,2,,,,,,,,,,,,,<<1;100>>,,,,,,
265,47,,,city/adventure/random_tower/icon/icon_wz.png,,,Combat Supply,Tiếp tế chiến đấu,Combat Supply,การส่งเสบียงการต่อสู้,Pasokan Pertempuran,Suplay ng Laban,Bekalan Pertempuran,,2,,,,,,,,,,,,,<<5;100>>,,,,,,
266,47,,,city/adventure/random_tower/icon/icon_wz.png,,,Attribute Enhancement,Tăng cường thuộc tính,Attribute Enhancement,การเสริมคุณสมบัติ,Peningkatan Atribut,Pagpapalakas ng Katangian,Peningkatan Atribut,,2,,,,,,,,,,,,,<<1;100>;<2;20>>,,,,,,
267,47,,,city/adventure/random_tower/icon/icon_wz.png,,,Attribute Enhancement,Tăng cường thuộc tính,Attribute Enhancement,การเสริมคุณสมบัติ,Peningkatan Atribut,Pagpapalakas ng Katangian,Peningkatan Atribut,,2,,,,,,,,,,,,,<<1;100>;<2;20>>,,,,,,
268,47,,,city/adventure/random_tower/icon/icon_sj.png,,,Event,Sự kiện,Event,เหตุการณ์,Acara,Kaganapan,Acara,,4,No one knows what will happen  ,Không ai biết chuyện gì sẽ xảy ra,,No one knows what will happen  ,ไม่มีใครรู้ว่าจะเกิดอะไรขึ้น  ,Tidak ada yang tahu apa yang akan terjadi  ,Walang nakakaalam kung ano ang mangyayari  ,Tiada siapa yang tahu apa yang akan berlaku  ,,,,,,<<1;100>;<2;10>>,,,,,
269,47,,,city/adventure/random_tower/icon/icon_sj.png,0,,Event,Sự kiện,Event,เหตุการณ์,Acara,Kaganapan,Acara,,4,"Your choice may bring luck, but it can also bring disaster  ","Lựa chọn của bạn có thể mang lại may mắn, nhưng cũng có thể mang đến tai họa",,"Your choice may bring luck, but it can also bring disaster  ",การเลือกของคุณอาจนำโชคมาให้ แต่ก็อาจนำภัยพิบัติมาด้วย  ,"Pilihan Anda mungkin membawa keberuntungan, tapi juga bisa membawa bencana  ","Ang iyong pagpili ay maaaring magdala ng suwerte, ngunit maaari rin magdala ng sakuna  ","Pilihan anda mungkin membawa nasib baik, tetapi juga boleh membawa malapetaka  ",,,,,,<<2;100>;<3;10>>,,,,,
270,47,,,city/adventure/random_tower/icon_bx.png,,,Treasure Chest,Hòm báu,Treasure Chest,หีบสมบัติ,Petasan Harta Karun,Dibdib ng Kayamanan,Peti Harta Karun,,3,Treasure chest accidentally discovered  ,Hòm báu tình cờ phát hiện,,Treasure chest accidentally discovered  ,ค้นพบหีบสมบัติโดยบังเอิญ  ,Petik harta ditemukan secara tidak sengaja  ,Aksidenteng natuklasan ang baul ng kayamanan  ,Peti harta ditemui secara tidak sengaja  ,,,,,,,,18000,30,{libs=<504;504>},
271,47,,,city/adventure/random_tower/icon/img_jddr@.png,,,Simple Enemy,Kẻ thù đơn giản,Simple Enemy,ศัตรูง่าย,Musuh Sederhana,Simpleng Kaaway,Musuh Mudah,,1,It seems the opponent can be easily defeated  ,Có vẻ là đối thủ có thể dễ dàng bị đánh bại,,It seems the opponent can be easily defeated  ,ดูเหมือนว่าคู่ต่อสู้จะถูกเอาชนะได้ง่าย  ,Sepertinya lawan dapat dengan mudah dikalahkan  ,Mukhang madali lang talunin ang kalaban  ,Nampaknya lawan boleh dikalahkan dengan mudah  ,,,0.6,,,,,,,,
272,47,,,city/adventure/random_tower/icon/img_ptdr@.png,-1,,Normal Enemy,Kẻ thù bình thường,Normal Enemy,ศัตรูปกติ,Musuh Normal,Karaniwang Kaaway,Musuh Biasa,2,1,"Has some strength, but nothing to worry about  ","Có chút sức mạnh, nhưng không đáng lo ngại",,"Has some strength, but nothing to worry about  ",มีพลังบางส่วน แต่ไม่ต้องกังวล  ,"Memiliki sedikit kekuatan, tapi tidak perlu khawatir  ","May kaunting lakas, pero hindi dapat ikabahala  ","Mempunyai sedikit kekuatan, tetapi tidak perlu risau  ",2,,0.6,,,,,,,,
273,47,,,city/adventure/random_tower/icon/img_kndr@.png,,,Hard Enemy,Kẻ thù khó,Hard Enemy,ศัตรูยาก,Musuh Sulit,Mahirap na Kaaway,Musuh Sukar,3,1,Be careful when choosing your opponent  ,Hãy cẩn thận khi chọn đối thủ,,Be careful when choosing your opponent  ,ระวังเมื่อเลือกคู่ต่อสู้  ,Berhati-hatilah saat memilih lawanmu  ,Mag-ingat sa pagpili ng kalaban  ,Berhati-hati ketika memilih lawan anda  ,3,,0.6,,,,,,,,
274,48,,,city/adventure/random_tower/icon/icon_wz.png,-1,,Attribute Enhancement,Tăng cường thuộc tính,Attribute Enhancement,การเสริมคุณสมบัติ,Peningkatan Atribut,Pagpapalakas ng Katangian,Peningkatan Atribut,,2,,,,,,,,,,,,,<<1;100>>,,,,,,
275,48,,,city/adventure/random_tower/icon/icon_wz.png,-1,,Combat Supply,Tiếp tế chiến đấu,Combat Supply,การส่งเสบียงการต่อสู้,Pasokan Pertempuran,Suplay ng Laban,Bekalan Pertempuran,,2,,,,,,,,,,,,,<<5;100>>,,,,,,
276,48,,,city/adventure/random_tower/icon/icon_wz.png,,,Attribute Enhancement,Tăng cường thuộc tính,Attribute Enhancement,การเสริมคุณสมบัติ,Peningkatan Atribut,Pagpapalakas ng Katangian,Peningkatan Atribut,,2,,,,,,,,,,,,,<<1;100>;<2;50>>,,,,,,
277,48,,,city/adventure/random_tower/icon/icon_wz.png,0,,Attribute Enhancement,Tăng cường thuộc tính,Attribute Enhancement,การเสริมคุณสมบัติ,Peningkatan Atribut,Pagpapalakas ng Katangian,Peningkatan Atribut,,2,,,,,,,,,,,,,<<1;100>;<2;20>>,,,,,,
278,48,,,city/adventure/random_tower/icon/icon_sj.png,0,,Event,Sự kiện,Event,เหตุการณ์,Acara,Kaganapan,Acara,,4,No one knows what will happen  ,Không ai biết chuyện gì sẽ xảy ra,,No one knows what will happen  ,ไม่มีใครรู้ว่าจะเกิดอะไรขึ้น  ,Tidak ada yang tahu apa yang akan terjadi  ,Walang nakakaalam kung ano ang mangyayari  ,Tiada siapa yang tahu apa yang akan berlaku  ,,,,,,<<1;100>;<2;10>>,,,,,
279,48,,,city/adventure/random_tower/icon/icon_sj.png,0,,Event,Sự kiện,Event,เหตุการณ์,Acara,Kaganapan,Acara,,4,"Your choice may bring luck, but it can also bring disaster  ","Lựa chọn của bạn có thể mang lại may mắn, nhưng cũng có thể mang đến tai họa",,"Your choice may bring luck, but it can also bring disaster  ",การเลือกของคุณอาจนำโชคมาให้ แต่ก็อาจนำภัยพิบัติมาด้วย  ,"Pilihan Anda mungkin membawa keberuntungan, tapi juga bisa membawa bencana  ","Ang iyong pagpili ay maaaring magdala ng suwerte, ngunit maaari rin magdala ng sakuna  ","Pilihan anda mungkin membawa nasib baik, tetapi juga boleh membawa malapetaka  ",,,,,,<<2;100>;<3;10>>,,,,,
280,48,,,city/adventure/random_tower/icon_bx.png,,,Treasure Chest,Hòm báu,Treasure Chest,หีบสมบัติ,Petasan Harta Karun,Dibdib ng Kayamanan,Peti Harta Karun,,3,Treasure chest accidentally discovered  ,Hòm báu tình cờ phát hiện,,Treasure chest accidentally discovered  ,ค้นพบหีบสมบัติโดยบังเอิญ  ,Petik harta ditemukan secara tidak sengaja  ,Aksidenteng natuklasan ang baul ng kayamanan  ,Peti harta ditemui secara tidak sengaja  ,,,,,,,,18000,30,{libs=<504;504>},
281,48,,,city/adventure/random_tower/icon/img_jddr@.png,,,Simple Enemy,Kẻ thù đơn giản,Simple Enemy,ศัตรูง่าย,Musuh Sederhana,Simpleng Kaaway,Musuh Mudah,,1,It seems the opponent can be easily defeated  ,Có vẻ là đối thủ có thể dễ dàng bị đánh bại,,It seems the opponent can be easily defeated  ,ดูเหมือนว่าคู่ต่อสู้จะถูกเอาชนะได้ง่าย  ,Sepertinya lawan dapat dengan mudah dikalahkan  ,Mukhang madali lang talunin ang kalaban  ,Nampaknya lawan boleh dikalahkan dengan mudah  ,,,0.6,,,,,,,,
282,48,,,city/adventure/random_tower/icon/img_ptdr@.png,,,Normal Enemy,Kẻ thù bình thường,Normal Enemy,ศัตรูปกติ,Musuh Normal,Karaniwang Kaaway,Musuh Biasa,2,1,"Has some strength, but nothing to worry about  ","Có chút sức mạnh, nhưng không đáng lo ngại",,"Has some strength, but nothing to worry about  ",มีพลังบางส่วน แต่ไม่ต้องกังวล  ,"Memiliki sedikit kekuatan, tapi tidak perlu khawatir  ","May kaunting lakas, pero hindi dapat ikabahala  ","Mempunyai sedikit kekuatan, tetapi tidak perlu risau  ",2,,0.6,,,,,,,,
283,48,,,city/adventure/random_tower/icon/img_kndr@.png,,,Hard Enemy,Kẻ thù khó,Hard Enemy,ศัตรูยาก,Musuh Sulit,Mahirap na Kaaway,Musuh Sukar,3,1,Be careful when choosing your opponent  ,Hãy cẩn thận khi chọn đối thủ,,Be careful when choosing your opponent  ,ระวังเมื่อเลือกคู่ต่อสู้  ,Berhati-hatilah saat memilih lawanmu  ,Mag-ingat sa pagpili ng kalaban  ,Berhati-hati ketika memilih lawan anda  ,3,,0.6,,,,,,,,
284,49,,,city/adventure/random_tower/icon/icon_wz.png,,,Attribute Enhancement,Tăng cường thuộc tính,Attribute Enhancement,การเสริมคุณสมบัติ,Peningkatan Atribut,Pagpapalakas ng Katangian,Peningkatan Atribut,,2,,,,,,,,,,,,,<<1;100>>,,,,,,
285,49,,,city/adventure/random_tower/icon/icon_wz.png,,,Combat Supply,Tiếp tế chiến đấu,Combat Supply,การส่งเสบียงการต่อสู้,Pasokan Pertempuran,Suplay ng Laban,Bekalan Pertempuran,,2,,,,,,,,,,,,,<<5;100>>,,,,,,
286,49,,,city/adventure/random_tower/icon/icon_wz.png,,,Attribute Enhancement,Tăng cường thuộc tính,Attribute Enhancement,การเสริมคุณสมบัติ,Peningkatan Atribut,Pagpapalakas ng Katangian,Peningkatan Atribut,,2,,,,,,,,,,,,,<<1;100>;<2;20>>,,,,,,
287,49,,,city/adventure/random_tower/icon/icon_wz.png,,,Attribute Enhancement,Tăng cường thuộc tính,Attribute Enhancement,การเสริมคุณสมบัติ,Peningkatan Atribut,Pagpapalakas ng Katangian,Peningkatan Atribut,,2,,,,,,,,,,,,,<<1;100>;<2;20>>,,,,,,
288,49,,,city/adventure/random_tower/icon/icon_sj.png,-1,,Event,Sự kiện,Event,เหตุการณ์,Acara,Kaganapan,Acara,,4,No one knows what will happen  ,Không ai biết chuyện gì sẽ xảy ra,,No one knows what will happen  ,ไม่มีใครรู้ว่าจะเกิดอะไรขึ้น  ,Tidak ada yang tahu apa yang akan terjadi  ,Walang nakakaalam kung ano ang mangyayari  ,Tiada siapa yang tahu apa yang akan berlaku  ,,,,,,<<1;100>;<2;10>>,,,,,
289,49,,,city/adventure/random_tower/icon/icon_sj.png,-1,,Event,Sự kiện,Event,เหตุการณ์,Acara,Kaganapan,Acara,,4,"Your choice may bring luck, but it can also bring disaster  ","Lựa chọn của bạn có thể mang lại may mắn, nhưng cũng có thể mang đến tai họa",,"Your choice may bring luck, but it can also bring disaster  ",การเลือกของคุณอาจนำโชคมาให้ แต่ก็อาจนำภัยพิบัติมาด้วย  ,"Pilihan Anda mungkin membawa keberuntungan, tapi juga bisa membawa bencana  ","Ang iyong pagpili ay maaaring magdala ng suwerte, ngunit maaari rin magdala ng sakuna  ","Pilihan anda mungkin membawa nasib baik, tetapi juga boleh membawa malapetaka  ",,,,,,<<2;100>;<3;10>>,,,,,
290,49,,,city/adventure/random_tower/icon_bx.png,,,Treasure Chest,Hòm báu,Treasure Chest,หีบสมบัติ,Petasan Harta Karun,Dibdib ng Kayamanan,Peti Harta Karun,,3,Treasure chest accidentally discovered  ,Hòm báu tình cờ phát hiện,,Treasure chest accidentally discovered  ,ค้นพบหีบสมบัติโดยบังเอิญ  ,Petik harta ditemukan secara tidak sengaja  ,Aksidenteng natuklasan ang baul ng kayamanan  ,Peti harta ditemui secara tidak sengaja  ,,,,,,,,18000,30,{libs=<504;504>},
291,49,,,city/adventure/random_tower/icon/img_jddr@.png,,,Simple Enemy,Kẻ thù đơn giản,Simple Enemy,ศัตรูง่าย,Musuh Sederhana,Simpleng Kaaway,Musuh Mudah,,1,It seems the opponent can be easily defeated  ,Có vẻ là đối thủ có thể dễ dàng bị đánh bại,,It seems the opponent can be easily defeated  ,ดูเหมือนว่าคู่ต่อสู้จะถูกเอาชนะได้ง่าย  ,Sepertinya lawan dapat dengan mudah dikalahkan  ,Mukhang madali lang talunin ang kalaban  ,Nampaknya lawan boleh dikalahkan dengan mudah  ,,,0.6,,,,,,,,
292,49,,,city/adventure/random_tower/icon/img_ptdr@.png,,,Normal Enemy,Kẻ thù bình thường,Normal Enemy,ศัตรูปกติ,Musuh Normal,Karaniwang Kaaway,Musuh Biasa,2,1,"Has some strength, but nothing to worry about  ","Có chút sức mạnh, nhưng không đáng lo ngại",,"Has some strength, but nothing to worry about  ",มีพลังบางส่วน แต่ไม่ต้องกังวล  ,"Memiliki sedikit kekuatan, tapi tidak perlu khawatir  ","May kaunting lakas, pero hindi dapat ikabahala  ","Mempunyai sedikit kekuatan, tetapi tidak perlu risau  ",2,,0.6,,,,,,,,
293,49,,,city/adventure/random_tower/icon/img_kndr@.png,,,Hard Enemy,Kẻ thù khó,Hard Enemy,ศัตรูยาก,Musuh Sulit,Mahirap na Kaaway,Musuh Sukar,3,1,Be careful when choosing your opponent  ,Hãy cẩn thận khi chọn đối thủ,,Be careful when choosing your opponent  ,ระวังเมื่อเลือกคู่ต่อสู้  ,Berhati-hatilah saat memilih lawanmu  ,Mag-ingat sa pagpili ng kalaban  ,Berhati-hati ketika memilih lawan anda  ,3,,0.6,,,,,,,,
294,50,,,city/adventure/random_tower/icon/img_jddr@.png,,,Simple Enemy,Kẻ thù đơn giản,Simple Enemy,ศัตรูง่าย,Musuh Sederhana,Simpleng Kaaway,Musuh Mudah,,1,It seems the opponent can be easily defeated  ,Có vẻ là đối thủ có thể dễ dàng bị đánh bại,,It seems the opponent can be easily defeated  ,ดูเหมือนว่าคู่ต่อสู้จะถูกเอาชนะได้ง่าย  ,Sepertinya lawan dapat dengan mudah dikalahkan  ,Mukhang madali lang talunin ang kalaban  ,Nampaknya lawan boleh dikalahkan dengan mudah  ,,,,,,,,,,,
295,50,,,city/adventure/random_tower/icon/img_jddr@.png,,,Simple Enemy,Kẻ thù đơn giản,Simple Enemy,ศัตรูง่าย,Musuh Sederhana,Simpleng Kaaway,Musuh Mudah,,1,It seems the opponent can be easily defeated  ,Có vẻ là đối thủ có thể dễ dàng bị đánh bại,,It seems the opponent can be easily defeated  ,ดูเหมือนว่าคู่ต่อสู้จะถูกเอาชนะได้ง่าย  ,Sepertinya lawan dapat dengan mudah dikalahkan  ,Mukhang madali lang talunin ang kalaban  ,Nampaknya lawan boleh dikalahkan dengan mudah  ,,,,,,,,,,,
296,50,,,city/adventure/random_tower/icon/img_ptdr@.png,,,Normal Enemy,Kẻ thù bình thường,Normal Enemy,ศัตรูปกติ,Musuh Normal,Karaniwang Kaaway,Musuh Biasa,2,1,"Has some strength, but nothing to worry about  ","Có chút sức mạnh, nhưng không đáng lo ngại",,"Has some strength, but nothing to worry about  ",มีพลังบางส่วน แต่ไม่ต้องกังวล  ,"Memiliki sedikit kekuatan, tapi tidak perlu khawatir  ","May kaunting lakas, pero hindi dapat ikabahala  ","Mempunyai sedikit kekuatan, tetapi tidak perlu risau  ",2,,,,,,,,,,
297,50,,,city/adventure/random_tower/icon/img_ptdr@.png,,,Normal Enemy,Kẻ thù bình thường,Normal Enemy,ศัตรูปกติ,Musuh Normal,Karaniwang Kaaway,Musuh Biasa,2,1,"Has some strength, but nothing to worry about  ","Có chút sức mạnh, nhưng không đáng lo ngại",,"Has some strength, but nothing to worry about  ",มีพลังบางส่วน แต่ไม่ต้องกังวล  ,"Memiliki sedikit kekuatan, tapi tidak perlu khawatir  ","May kaunting lakas, pero hindi dapat ikabahala  ","Mempunyai sedikit kekuatan, tetapi tidak perlu risau  ",2,,,,,,,,,,
298,50,,,city/adventure/random_tower/icon/img_kndr@.png,,,Hard Enemy,Kẻ thù khó,Hard Enemy,ศัตรูยาก,Musuh Sulit,Mahirap na Kaaway,Musuh Sukar,3,1,Be careful when choosing your opponent  ,Hãy cẩn thận khi chọn đối thủ,,Be careful when choosing your opponent  ,ระวังเมื่อเลือกคู่ต่อสู้  ,Berhati-hatilah saat memilih lawanmu  ,Mag-ingat sa pagpili ng kalaban  ,Berhati-hati ketika memilih lawan anda  ,3,,,,,,,,,,
299,50,,,city/adventure/random_tower/icon/img_kndr@.png,,,Hard Enemy,Kẻ thù khó,Hard Enemy,ศัตรูยาก,Musuh Sulit,Mahirap na Kaaway,Musuh Sukar,3,1,Be careful when choosing your opponent  ,Hãy cẩn thận khi chọn đối thủ,,Be careful when choosing your opponent  ,ระวังเมื่อเลือกคู่ต่อสู้  ,Berhati-hatilah saat memilih lawanmu  ,Mag-ingat sa pagpili ng kalaban  ,Berhati-hati ketika memilih lawan anda  ,3,,,,,,,,,,
300,51,,,city/adventure/random_tower/icon/icon_wz.png,,,Combat Supply,Tiếp tế chiến đấu,Combat Supply,การส่งเสบียงการต่อสู้,Pasokan Pertempuran,Suplay ng Laban,Bekalan Pertempuran,,2,,,,,,,,,,,,,<<5;100>>,,,,,,
301,51,,,city/adventure/random_tower/icon/icon_wz.png,,,Attribute Enhancement,Tăng cường thuộc tính,Attribute Enhancement,การเสริมคุณสมบัติ,Peningkatan Atribut,Pagpapalakas ng Katangian,Peningkatan Atribut,,2,,,,,,,,,,,,,<<2;100>>,,,,,,
302,51,,,city/adventure/random_tower/icon/icon_wz.png,,,Attribute Enhancement,Tăng cường thuộc tính,Attribute Enhancement,การเสริมคุณสมบัติ,Peningkatan Atribut,Pagpapalakas ng Katangian,Peningkatan Atribut,,2,,,,,,,,,,,,,<<2;100>>,,,,,,
303,51,,,city/adventure/random_tower/icon/icon_wz.png,,,Attribute Enhancement,Tăng cường thuộc tính,Attribute Enhancement,การเสริมคุณสมบัติ,Peningkatan Atribut,Pagpapalakas ng Katangian,Peningkatan Atribut,,2,,,,,,,,,,,,,<<3;100>>,,,,,,
304,51,,,city/adventure/random_tower/icon/icon_wz.png,,,Attribute Enhancement,Tăng cường thuộc tính,Attribute Enhancement,การเสริมคุณสมบัติ,Peningkatan Atribut,Pagpapalakas ng Katangian,Peningkatan Atribut,,2,,,,,,,,,,,,,<<3;100>>,,,,,,
305,51,,,city/adventure/random_tower/icon/icon_sj.png,,,Event,Sự kiện,Event,เหตุการณ์,Acara,Kaganapan,Acara,,4,"Your choice may bring luck, but it can also bring disaster  ","Lựa chọn của bạn có thể mang lại may mắn, nhưng cũng có thể mang đến tai họa",,"Your choice may bring luck, but it can also bring disaster  ",การเลือกของคุณอาจนำโชคมาให้ แต่ก็อาจนำภัยพิบัติมาด้วย  ,"Pilihan Anda mungkin membawa keberuntungan, tapi juga bisa membawa bencana  ","Ang iyong pagpili ay maaaring magdala ng suwerte, ngunit maaari rin magdala ng sakuna  ","Pilihan anda mungkin membawa nasib baik, tetapi juga boleh membawa malapetaka  ",,,,,,<<2;100>;<3;10>>,,,,,
306,52,,,city/adventure/random_tower/icon/img_boss@.png,,,Overlord,Chúa tể,Overlord,เจ้าแห่ง,Penguasa,Pinuno,Tuan Besar,4,1,Extremely difficult forces lie ahead  ,Sức mạnh vô cùng khó khăn đang ở phía trước,,Extremely difficult forces lie ahead  ,มีกำลังที่ยากลำบากอย่างยิ่งรออยู่ข้างหน้า  ,Kekuatan yang sangat sulit menanti di depan  ,Napakahirap na lakas ang nasa unahan  ,Kekuatan yang sangat sukar sedang di hadapan  ,4,0.8,0.8,,,,,,,,
307,52,,,city/adventure/random_tower/icon/img_boss@.png,,,Overlord,Chúa tể,Overlord,เจ้าแห่ง,Penguasa,Pinuno,Tuan Besar,4,1,The toughest forces lie ahead  ,Sức mạnh khó khăn nhất đang ở phía trước,,The toughest forces lie ahead  ,มีกำลังที่ยากที่สุดรออยู่ข้างหน้า  ,Kekuatan tersulit menanti di depan  ,Ang pinakamahirap na lakas ay nasa unahan  ,Kekuatan yang paling sukar sedang di hadapan  ,4,,,,,,,,,,
308,53,,,city/adventure/random_tower/icon_hhbx.png,,,Luxury Treasure Chest,Hòm báu sang trọng,Luxury Treasure Chest,หีบสมบัติหรูหรา,Petasan Harta Karun Mewah,Mahal na Dibdib ng Kayamanan,Peti Harta Karun Mewah,,3,Only after overcoming great challenges can this reward be earned  ,Chỉ sau khi vượt qua thử thách lớn mới có thể nhận được phần thưởng này,,Only after overcoming great challenges can this reward be earned  ,มีเพียงเมื่อผ่านความท้าทายครั้งใหญ่เท่านั้นจึงจะได้รับรางวัลนี้  ,Hanya setelah melewati tantangan besarlah hadiah ini bisa didapatkan  ,Pagkatapos lamang malampasan ang malaking hamon ay maaaring matanggap ang gantimpalang ito  ,Hanya selepas mengatasi cabaran besar sahaja ganjaran ini boleh diterima  ,,,,,,,2,80000,350,{libs=<501;504>},{libs=<506;505>}
309,54,,,,,,,,,,,,,,,,,,,,,,,,,,,,,,,,,
310,55,,,city/adventure/random_tower/icon/img_jddr@.png,,,Simple Enemy,Kẻ thù đơn giản,Simple Enemy,ศัตรูง่าย,Musuh Sederhana,Simpleng Kaaway,Musuh Mudah,,1,It seems the opponent can be easily defeated  ,Có vẻ là đối thủ có thể dễ dàng bị đánh bại,,It seems the opponent can be easily defeated  ,ดูเหมือนว่าศัตรูสามารถเอาชนะได้ง่าย  ,Kelihatannya musuh dapat dengan mudah dikalahkan  ,Mukhang madaling talunin ang kalaban  ,Nampaknya lawan boleh dikalahkan dengan mudah  ,,,0.6,,,,,,,,
311,55,,,city/adventure/random_tower/icon/img_ptdr@.png,,,Normal Enemy,Kẻ thù bình thường,Normal Enemy,ศัตรูปกติ,Musuh Normal,Karaniwang Kaaway,Musuh Biasa,2,1,"Has some strength, but nothing to worry about  ","Có chút sức mạnh, nhưng không đáng lo ngại",,"Has some strength, but nothing to worry about  ",มีพลังบางส่วน แต่ไม่ต้องกังวล  ,"Memiliki sedikit kekuatan, tapi tidak perlu dikhawatirkan  ","May kaunting lakas, ngunit hindi dapat ikabahala  ","Ada sedikit kekuatan, tetapi tidak perlu risau  ",2,,0.6,,,,,,,,
312,55,,,city/adventure/random_tower/icon/icon_wz.png,,,Combat Enhancement,Tăng cường chiến đấu,Combat Enhancement,การเพิ่มประสิทธิภาพการต่อสู้,Peningkatan Pertempuran,Pagpapalakas ng Laban,Peningkatan Pertempuran,,2,,,,,,,,,,,,,<<101;20>;<102;20>;<103;20>;<200;300>;<1000;90>>,,,,,,
313,55,,,city/adventure/random_tower/icon/icon_wz.png,,,Combat Supply,Tiếp tế chiến đấu,Combat Supply,การส่งเสบียงการต่อสู้,Pasokan Pertempuran,Suplay ng Laban,Bekalan Pertempuran,,2,,,,,,,,,,,,,<<4;100>>,,,,,,
314,55,,,city/adventure/random_tower/icon/icon_wz.png,,,Attribute Enhancement,Tăng cường thuộc tính,Attribute Enhancement,การเสริมคุณสมบัติ,Peningkatan Atribut,Pagpapalakas ng Katangian,Peningkatan Atribut,,2,,,,,,,,,,,,,<<2;100>>,,,,,,
315,56,,,city/adventure/random_tower/icon/img_kndr@.png,,,Hard Enemy,Kẻ thù khó,Hard Enemy,ศัตรูยาก,Musuh Sulit,Mahirap na Kaaway,Musuh Sukar,3,1,Be careful when choosing your opponent  ,Hãy cẩn thận khi chọn đối thủ,,Be careful when choosing your opponent  ,โปรดระวังเมื่อต้องเลือกคู่ต่อสู้  ,Berhati-hatilah ketika memilih lawanmu  ,Mag-ingat sa pagpili ng kalaban mo  ,Berhati-hatilah ketika memilih lawanmu  ,3,,,,,,,,,,
316,56,,,city/adventure/random_tower/icon/img_kndr@.png,,,Hard Enemy,Kẻ thù khó,Hard Enemy,ศัตรูยาก,Musuh Sulit,Mahirap na Kaaway,Musuh Sukar,3,1,Be careful when choosing your opponent  ,Hãy cẩn thận khi chọn đối thủ,,Be careful when choosing your opponent  ,โปรดระวังเมื่อต้องเลือกคู่ต่อสู้  ,Berhati-hatilah ketika memilih lawanmu  ,Mag-ingat sa pagpili ng kalaban mo  ,Berhati-hatilah ketika memilih lawanmu  ,3,,,,,,,,,,
317,56,,,city/adventure/random_tower/icon/img_ptdr@.png,,,Normal Enemy,Kẻ thù bình thường,Normal Enemy,ศัตรูปกติ,Musuh Normal,Karaniwang Kaaway,Musuh Biasa,2,1,"Has some strength, but nothing to worry about  ","Có chút sức mạnh, nhưng không đáng lo ngại",,"Has some strength, but nothing to worry about  ",มีพลังบางส่วน แต่ไม่ต้องกังวล  ,"Memiliki sedikit kekuatan, tapi tidak perlu dikhawatirkan  ","May kaunting lakas, ngunit hindi dapat ikabahala  ","Ada sedikit kekuatan, tetapi tidak perlu risau  ",2,,,,,,,,,,
318,56,,,city/adventure/random_tower/icon/img_ptdr@.png,,,Normal Enemy,Kẻ thù bình thường,Normal Enemy,ศัตรูปกติ,Musuh Normal,Karaniwang Kaaway,Musuh Biasa,2,1,"Has some strength, but nothing to worry about  ","Có chút sức mạnh, nhưng không đáng lo ngại",,"Has some strength, but nothing to worry about  ",มีพลังบางส่วน แต่ไม่ต้องกังวล  ,"Memiliki sedikit kekuatan, tapi tidak perlu dikhawatirkan  ","May kaunting lakas, ngunit hindi dapat ikabahala  ","Ada sedikit kekuatan, tetapi tidak perlu risau  ",2,,,,,,,,,,
319,56,,,city/adventure/random_tower/icon/img_kndr@.png,,,Hard Enemy,Kẻ thù khó,Hard Enemy,ศัตรูยาก,Musuh Sulit,Mahirap na Kaaway,Musuh Sukar,3,1,Be careful when choosing your opponent  ,Hãy cẩn thận khi chọn đối thủ,,Be careful when choosing your opponent  ,โปรดระวังเมื่อต้องเลือกคู่ต่อสู้  ,Berhati-hatilah ketika memilih lawanmu  ,Mag-ingat sa pagpili ng kalaban mo  ,Berhati-hatilah ketika memilih lawanmu  ,3,,,,,,,,,,
320,56,,,city/adventure/random_tower/icon/img_kndr@.png,,,Hard Enemy,Kẻ thù khó,Hard Enemy,ศัตรูยาก,Musuh Sulit,Mahirap na Kaaway,Musuh Sukar,3,1,Be careful when choosing your opponent  ,Hãy cẩn thận khi chọn đối thủ,,Be careful when choosing your opponent  ,โปรดระวังเมื่อต้องเลือกคู่ต่อสู้  ,Berhati-hatilah ketika memilih lawanmu  ,Mag-ingat sa pagpili ng kalaban mo  ,Berhati-hatilah ketika memilih lawanmu  ,3,,,,,,,,,,
321,57,,,city/adventure/random_tower/icon/icon_wz.png,,,Attribute Enhancement,Tăng cường thuộc tính,Attribute Enhancement,การเสริมคุณสมบัติ,Peningkatan Atribut,Pagpapalakas ng Katangian,Peningkatan Atribut,,2,,,,,,,,,,,,,<<1;100>>,,,,,,
322,57,,,city/adventure/random_tower/icon/icon_wz.png,,,Combat Supply,Tiếp tế chiến đấu,Combat Supply,การส่งเสบียงการต่อสู้,Pasokan Pertempuran,Suplay ng Laban,Bekalan Pertempuran,,2,,,,,,,,,,,,,<<5;100>>,,,,,,
323,57,,,city/adventure/random_tower/icon/icon_wz.png,,,Attribute Enhancement,Tăng cường thuộc tính,Attribute Enhancement,การเสริมคุณสมบัติ,Peningkatan Atribut,Pagpapalakas ng Katangian,Peningkatan Atribut,,2,,,,,,,,,,,,,<<1;100>;<2;20>>,,,,,,
324,57,,,city/adventure/random_tower/icon/icon_wz.png,,,Attribute Enhancement,Tăng cường thuộc tính,Attribute Enhancement,การเสริมคุณสมบัติ,Peningkatan Atribut,Pagpapalakas ng Katangian,Peningkatan Atribut,,2,,,,,,,,,,,,,<<1;100>;<2;20>>,,,,,,
325,57,,,city/adventure/random_tower/icon/icon_sj.png,0,,Event,Sự kiện,Event,เหตุการณ์,Acara,Kaganapan,Acara,,4,No one knows what will happen  ,Không ai biết chuyện gì sẽ xảy ra,,No one knows what will happen  ,ไม่มีใครรู้ว่าจะเกิดอะไรขึ้น  ,Tidak ada yang tahu apa yang akan terjadi  ,Walang nakakaalam kung ano ang mangyayari  ,Tiada siapa yang tahu apa yang akan berlaku  ,,,,,,<<1;100>;<2;10>>,,,,,
326,57,,,city/adventure/random_tower/icon/icon_sj.png,0,,Event,Sự kiện,Event,เหตุการณ์,Acara,Kaganapan,Acara,,4,"Your choice may bring luck, but it can also bring disaster  ","Lựa chọn của bạn có thể mang lại may mắn, nhưng cũng có thể mang đến tai họa",,"Your choice may bring luck, but it can also bring disaster  ",การเลือกของคุณอาจนำโชคดีมาให้ แต่ก็อาจนำหายนะมาเช่นกัน  ,"Pilihanmu bisa membawa keberuntungan, tapi juga bisa membawa bencana  ","Ang iyong pagpili ay maaaring magdala ng swerte, ngunit maaari ring magdala ng sakuna  ","Pilihan anda mungkin membawa nasib baik, tetapi juga boleh membawa malapetaka  ",,,,,,<<2;100>;<3;10>>,,,,,
327,57,,,city/adventure/random_tower/icon_bx.png,,,Treasure Chest,Hòm báu,Treasure Chest,หีบสมบัติ,Petasan Harta Karun,Dibdib ng Kayamanan,Peti Harta Karun,,3,Treasure chest accidentally discovered  ,Hòm báu tình cờ phát hiện,,Treasure chest accidentally discovered  ,พบหีบสมบัติโดยบังเอิญ  ,Petinya ditemukan secara kebetulan  ,Nadiskubre ang kahon ng kayamanan nang hindi inaasahan  ,Petinya harta karun ditemui secara kebetulan  ,,,,,,,,20000,30,{libs=<504;504>},
328,57,,,city/adventure/random_tower/icon/img_jddr@.png,,,Simple Enemy,Kẻ thù đơn giản,Simple Enemy,ศัตรูง่าย,Musuh Sederhana,Simpleng Kaaway,Musuh Mudah,,1,It seems the opponent can be easily defeated  ,Có vẻ là đối thủ có thể dễ dàng bị đánh bại,,It seems the opponent can be easily defeated  ,ดูเหมือนว่าคู่ต่อสู้จะถูกกำจัดได้ง่าย  ,Sepertinya lawan bisa dengan mudah dikalahkan  ,Mukhang madali talunin ang kalaban  ,Nampaknya lawan boleh dikalahkan dengan mudah  ,,,0.6,,,,,,,,
329,57,,,city/adventure/random_tower/icon/img_ptdr@.png,,,Normal Enemy,Kẻ thù bình thường,Normal Enemy,ศัตรูปกติ,Musuh Normal,Karaniwang Kaaway,Musuh Biasa,2,1,"Has some strength, but nothing to worry about  ","Có chút sức mạnh, nhưng không đáng lo ngại",,"Has some strength, but nothing to worry about  ",มีพลังบางส่วน แต่ไม่ต้องกังวล  ,"Memiliki sedikit kekuatan, tapi tidak perlu dikhawatirkan  ","May kaunting lakas, ngunit hindi dapat ikabahala  ","Ada sedikit kekuatan, tetapi tidak perlu risau  ",2,,0.6,,,,,,,,
330,57,,,city/adventure/random_tower/icon/img_kndr@.png,,,Hard Enemy,Kẻ thù khó,Hard Enemy,ศัตรูยาก,Musuh Sulit,Mahirap na Kaaway,Musuh Sukar,3,1,Be careful when choosing your opponent  ,Hãy cẩn thận khi chọn đối thủ,,Be careful when choosing your opponent  ,โปรดระวังเมื่อต้องเลือกคู่ต่อสู้  ,Berhati-hatilah saat memilih lawanmu  ,Mag-ingat sa pagpili ng kalaban mo  ,Berhati-hatilah ketika memilih lawan  ,3,,0.6,,,,,,,,
331,58,,,city/adventure/random_tower/icon/icon_wz.png,,,Attribute Enhancement,Tăng cường thuộc tính,Attribute Enhancement,การเสริมคุณสมบัติ,Peningkatan Atribut,Pagpapalakas ng Katangian,Peningkatan Atribut,,2,,,,,,,,,,,,,<<1;100>>,,,,,,
332,58,,,city/adventure/random_tower/icon/icon_wz.png,,,Combat Supply,Tiếp tế chiến đấu,Combat Supply,การส่งเสบียงการต่อสู้,Pasokan Pertempuran,Suplay ng Laban,Bekalan Pertempuran,,2,,,,,,,,,,,,,<<5;100>>,,,,,,
333,58,,,city/adventure/random_tower/icon/icon_wz.png,,,Attribute Enhancement,Tăng cường thuộc tính,Attribute Enhancement,การเสริมคุณสมบัติ,Peningkatan Atribut,Pagpapalakas ng Katangian,Peningkatan Atribut,,2,,,,,,,,,,,,,<<1;100>;<2;50>>,,,,,,
334,58,,,city/adventure/random_tower/icon/icon_wz.png,0,,Attribute Enhancement,Tăng cường thuộc tính,Attribute Enhancement,การเสริมคุณสมบัติ,Peningkatan Atribut,Pagpapalakas ng Katangian,Peningkatan Atribut,,2,,,,,,,,,,,,,<<1;100>;<2;20>>,,,,,,
335,58,,,city/adventure/random_tower/icon/icon_sj.png,,,Event,Sự kiện,Event,เหตุการณ์,Acara,Kaganapan,Acara,,4,No one knows what will happen  ,Không ai biết chuyện gì sẽ xảy ra,,No one knows what will happen  ,ไม่มีใครรู้ว่าจะเกิดอะไรขึ้น  ,Tidak ada yang tahu apa yang akan terjadi  ,Walang nakakaalam kung ano ang mangyayari  ,Tiada siapa yang tahu apa yang akan berlaku  ,,,,,,<<1;100>;<2;10>>,,,,,
336,58,,,city/adventure/random_tower/icon/icon_sj.png,0,,Event,Sự kiện,Event,เหตุการณ์,Acara,Kaganapan,Acara,,4,"Your choice may bring luck, but it can also bring disaster  ","Lựa chọn của bạn có thể mang lại may mắn, nhưng cũng có thể mang đến tai họa",,"Your choice may bring luck, but it can also bring disaster  ",การเลือกของคุณอาจนำโชคดีมาให้ แต่ก็อาจนำหายนะมาเช่นกัน  ,"Pilihanmu bisa membawa keberuntungan, tapi juga bisa membawa bencana  ","Ang iyong pagpili ay maaaring magdala ng swerte, ngunit maaari ring magdala ng sakuna  ","Pilihan anda mungkin membawa nasib baik, tetapi juga boleh membawa malapetaka  ",,,,,,<<2;100>;<3;10>>,,,,,
337,58,,,city/adventure/random_tower/icon_bx.png,,,Treasure Chest,Hòm báu,Treasure Chest,หีบสมบัติ,Petasan Harta Karun,Dibdib ng Kayamanan,Peti Harta Karun,,3,Treasure chest accidentally discovered  ,Hòm báu tình cờ phát hiện,,Treasure chest accidentally discovered  ,พบหีบสมบัติโดยบังเอิญ  ,Petinya ditemukan secara kebetulan  ,Nadiskubre ang kahon ng kayamanan nang hindi inaasahan  ,Petinya harta karun ditemui secara kebetulan  ,,,,,,,,20000,30,{libs=<504;504>},
338,58,,,city/adventure/random_tower/icon/img_jddr@.png,,,Simple Enemy,Kẻ thù đơn giản,Simple Enemy,ศัตรูง่าย,Musuh Sederhana,Simpleng Kaaway,Musuh Mudah,,1,It seems the opponent can be easily defeated  ,Có vẻ là đối thủ có thể dễ dàng bị đánh bại,,It seems the opponent can be easily defeated  ,ดูเหมือนว่าคู่ต่อสู้จะถูกกำจัดได้ง่าย  ,Sepertinya lawan bisa dengan mudah dikalahkan  ,Mukhang madali talunin ang kalaban  ,Nampaknya lawan boleh dikalahkan dengan mudah  ,,,0.6,,,,,,,,
339,58,,,city/adventure/random_tower/icon/img_ptdr@.png,-1,,Normal Enemy,Kẻ thù bình thường,Normal Enemy,ศัตรูปกติ,Musuh Normal,Karaniwang Kaaway,Musuh Biasa,2,1,"Has some strength, but nothing to worry about  ","Có chút sức mạnh, nhưng không đáng lo ngại",,"Has some strength, but nothing to worry about  ",มีพลังบางส่วน แต่ไม่ต้องกังวล  ,"Memiliki sedikit kekuatan, tapi tidak perlu dikhawatirkan  ","May kaunting lakas, ngunit hindi dapat ikabahala  ","Ada sedikit kekuatan, tetapi tidak perlu risau  ",2,,0.6,,,,,,,,
340,58,,,city/adventure/random_tower/icon/img_kndr@.png,,,Hard Enemy,Kẻ thù khó,Hard Enemy,ศัตรูยาก,Musuh Sulit,Mahirap na Kaaway,Musuh Sukar,3,1,Be careful when choosing your opponent  ,Hãy cẩn thận khi chọn đối thủ,,Be careful when choosing your opponent  ,โปรดระวังเมื่อต้องเลือกคู่ต่อสู้  ,Berhati-hatilah saat memilih lawanmu  ,Mag-ingat sa pagpili ng kalaban mo  ,Berhati-hatilah ketika memilih lawan  ,3,,0.6,,,,,,,,
341,59,,,city/adventure/random_tower/icon/icon_wz.png,-1,,Attribute Enhancement,Tăng cường thuộc tính,Attribute Enhancement,การเสริมคุณสมบัติ,Peningkatan Atribut,Pagpapalakas ng Katangian,Peningkatan Atribut,,2,,,,,,,,,,,,,<<1;100>>,,,,,,
342,59,,,city/adventure/random_tower/icon/icon_wz.png,-1,,Combat Supply,Tiếp tế chiến đấu,Combat Supply,การส่งเสบียงการต่อสู้,Pasokan Pertempuran,Suplay ng Laban,Bekalan Pertempuran,,2,,,,,,,,,,,,,<<5;100>>,,,,,,
343,59,,,city/adventure/random_tower/icon/icon_wz.png,,,Attribute Enhancement,Tăng cường thuộc tính,Attribute Enhancement,การเสริมคุณสมบัติ,Peningkatan Atribut,Pagpapalakas ng Katangian,Peningkatan Atribut,,2,,,,,,,,,,,,,<<1;100>;<2;20>>,,,,,,
344,59,,,city/adventure/random_tower/icon/icon_wz.png,,,Attribute Enhancement,Tăng cường thuộc tính,Attribute Enhancement,การเสริมคุณสมบัติ,Peningkatan Atribut,Pagpapalakas ng Katangian,Peningkatan Atribut,,2,,,,,,,,,,,,,<<1;100>;<2;20>>,,,,,,
345,59,,,city/adventure/random_tower/icon/icon_sj.png,0,,Event,Sự kiện,Event,เหตุการณ์,Acara,Kaganapan,Acara,,4,No one knows what will happen  ,Không ai biết chuyện gì sẽ xảy ra,,No one knows what will happen  ,ไม่มีใครรู้ว่าจะเกิดอะไรขึ้น  ,Tidak ada yang tahu apa yang akan terjadi  ,Walang nakakaalam kung ano ang mangyayari  ,Tiada siapa yang tahu apa yang akan berlaku  ,,,,,,<<1;100>;<2;10>>,,,,,
346,59,,,city/adventure/random_tower/icon/icon_sj.png,0,,Event,Sự kiện,Event,เหตุการณ์,Acara,Kaganapan,Acara,,4,"Your choice may bring luck, but it can also bring disaster  ","Lựa chọn của bạn có thể mang lại may mắn, nhưng cũng có thể mang đến tai họa",,"Your choice may bring luck, but it can also bring disaster  ",การเลือกของคุณอาจนำโชคดีมาให้ แต่ก็อาจนำหายนะมาเช่นกัน  ,"Pilihanmu bisa membawa keberuntungan, tapi juga bisa membawa bencana  ","Ang iyong pagpili ay maaaring magdala ng swerte, ngunit maaari ring magdala ng sakuna  ","Pilihan anda mungkin membawa nasib baik, tetapi juga boleh membawa malapetaka  ",,,,,,<<2;100>;<3;10>>,,,,,
347,59,,,city/adventure/random_tower/icon_bx.png,,,Treasure Chest,Hòm báu,Treasure Chest,หีบสมบัติ,Petasan Harta Karun,Dibdib ng Kayamanan,Peti Harta Karun,,3,Treasure chest accidentally discovered  ,Hòm báu tình cờ phát hiện,,Treasure chest accidentally discovered  ,พบหีบสมบัติโดยบังเอิญ  ,Petinya ditemukan secara kebetulan  ,Nadiskubre ang kahon ng kayamanan nang hindi inaasahan  ,Petinya harta karun ditemui secara kebetulan  ,,,,,,,,20000,30,{libs=<504;504>},
348,59,,,city/adventure/random_tower/icon/img_jddr@.png,,,Simple Enemy,Kẻ thù đơn giản,Simple Enemy,ศัตรูง่าย,Musuh Sederhana,Simpleng Kaaway,Musuh Mudah,,1,It seems the opponent can be easily defeated  ,Có vẻ là đối thủ có thể dễ dàng bị đánh bại,,It seems the opponent can be easily defeated  ,ดูเหมือนว่าคู่ต่อสู้จะถูกกำจัดได้ง่าย  ,Sepertinya lawan bisa dengan mudah dikalahkan  ,Mukhang madali talunin ang kalaban  ,Nampaknya lawan boleh dikalahkan dengan mudah  ,,,0.6,,,,,,,,
349,59,,,city/adventure/random_tower/icon/img_ptdr@.png,,,Normal Enemy,Kẻ thù bình thường,Normal Enemy,ศัตรูปกติ,Musuh Normal,Karaniwang Kaaway,Musuh Biasa,2,1,"Has some strength, but nothing to worry about  ","Có chút sức mạnh, nhưng không đáng lo ngại",,"Has some strength, but nothing to worry about  ",มีพลังบางส่วน แต่ไม่ต้องกังวล  ,"Memiliki sedikit kekuatan, tapi tidak perlu dikhawatirkan  ","May kaunting lakas, ngunit hindi dapat ikabahala  ","Ada sedikit kekuatan, tetapi tidak perlu risau  ",2,,0.6,,,,,,,,
350,59,,,city/adventure/random_tower/icon/img_kndr@.png,,,Hard Enemy,Kẻ thù khó,Hard Enemy,ศัตรูยาก,Musuh Sulit,Mahirap na Kaaway,Musuh Sukar,3,1,Be careful when choosing your opponent  ,Hãy cẩn thận khi chọn đối thủ,,Be careful when choosing your opponent  ,โปรดระวังเมื่อต้องเลือกคู่ต่อสู้  ,Berhati-hatilah saat memilih lawanmu  ,Mag-ingat sa pagpili ng kalaban mo  ,Berhati-hatilah ketika memilih lawan  ,3,,0.6,,,,,,,,
351,60,,,city/adventure/random_tower/icon/icon_wz.png,,,Attribute Enhancement,Tăng cường thuộc tính,Attribute Enhancement,การเสริมคุณสมบัติ,Peningkatan Atribut,Pagpapalakas ng Katangian,Peningkatan Atribut,,2,,,,,,,,,,,,,<<1;100>>,,,,,,
352,60,,,city/adventure/random_tower/icon/icon_wz.png,,,Combat Supply,Tiếp tế chiến đấu,Combat Supply,การส่งเสบียงการต่อสู้,Pasokan Pertempuran,Suplay ng Laban,Bekalan Pertempuran,,2,,,,,,,,,,,,,<<5;100>>,,,,,,
353,60,,,city/adventure/random_tower/icon/icon_wz.png,,,Attribute Enhancement,Tăng cường thuộc tính,Attribute Enhancement,การเสริมคุณสมบัติ,Peningkatan Atribut,Pagpapalakas ng Katangian,Peningkatan Atribut,,2,,,,,,,,,,,,,<<1;100>;<2;20>>,,,,,,
354,60,,,city/adventure/random_tower/icon/icon_wz.png,,,Attribute Enhancement,Tăng cường thuộc tính,Attribute Enhancement,การเสริมคุณสมบัติ,Peningkatan Atribut,Pagpapalakas ng Katangian,Peningkatan Atribut,,2,,,,,,,,,,,,,<<1;100>;<2;20>>,,,,,,
355,60,,,city/adventure/random_tower/icon/icon_sj.png,-1,,Event,Sự kiện,Event,เหตุการณ์,Acara,Kaganapan,Acara,,4,No one knows what will happen  ,Không ai biết chuyện gì sẽ xảy ra,,No one knows what will happen  ,ไม่มีใครรู้ว่าจะเกิดอะไรขึ้น  ,Tidak ada yang tahu apa yang akan terjadi  ,Walang nakakaalam kung ano ang mangyayari  ,Tiada siapa yang tahu apa yang akan berlaku  ,,,,,,<<1;100>;<2;10>>,,,,,
356,60,,,city/adventure/random_tower/icon/icon_sj.png,-1,,Event,Sự kiện,Event,เหตุการณ์,Acara,Kaganapan,Acara,,4,"Your choice may bring luck, but it can also bring disaster  ","Lựa chọn của bạn có thể mang lại may mắn, nhưng cũng có thể mang đến tai họa",,"Your choice may bring luck, but it can also bring disaster  ",การเลือกของคุณอาจนำโชคดีมาให้ แต่ก็อาจนำหายนะมาเช่นกัน  ,"Pilihanmu bisa membawa keberuntungan, tapi juga bisa membawa bencana  ","Ang iyong pagpili ay maaaring magdala ng swerte, ngunit maaari ring magdala ng sakuna  ","Pilihan anda mungkin membawa nasib baik, tetapi juga boleh membawa malapetaka  ",,,,,,<<2;100>;<3;10>>,,,,,
357,60,,,city/adventure/random_tower/icon_bx.png,,,Treasure Chest,Hòm báu,Treasure Chest,หีบสมบัติ,Petasan Harta Karun,Dibdib ng Kayamanan,Peti Harta Karun,,3,Treasure chest accidentally discovered  ,Hòm báu tình cờ phát hiện,,Treasure chest accidentally discovered  ,พบหีบสมบัติโดยบังเอิญ  ,Petinya ditemukan secara kebetulan  ,Nadiskubre ang kahon ng kayamanan nang hindi inaasahan  ,Petinya harta karun ditemui secara kebetulan  ,,,,,,,,20000,30,{libs=<504;504>},
358,60,,,city/adventure/random_tower/icon/img_jddr@.png,,,Simple Enemy,Kẻ thù đơn giản,Simple Enemy,ศัตรูง่าย,Musuh Sederhana,Simpleng Kaaway,Musuh Mudah,,1,It seems the opponent can be easily defeated  ,Có vẻ là đối thủ có thể dễ dàng bị đánh bại,,It seems the opponent can be easily defeated  ,ดูเหมือนว่าคู่ต่อสู้จะถูกกำจัดได้ง่าย  ,Sepertinya lawan bisa dengan mudah dikalahkan  ,Mukhang madali talunin ang kalaban  ,Nampaknya lawan boleh dikalahkan dengan mudah  ,,,0.6,,,,,,,,
359,60,,,city/adventure/random_tower/icon/img_ptdr@.png,,,Normal Enemy,Kẻ thù bình thường,Normal Enemy,ศัตรูปกติ,Musuh Normal,Karaniwang Kaaway,Musuh Biasa,2,1,"Has some strength, but nothing to worry about  ","Có chút sức mạnh, nhưng không đáng lo ngại",,"Has some strength, but nothing to worry about  ",มีพลังบางส่วน แต่ไม่ต้องกังวล  ,"Memiliki sedikit kekuatan, tapi tidak perlu dikhawatirkan  ","May kaunting lakas, ngunit hindi dapat ikabahala  ","Ada sedikit kekuatan, tetapi tidak perlu risau  ",2,,0.6,,,,,,,,
360,60,,,city/adventure/random_tower/icon/img_kndr@.png,,,Hard Enemy,Kẻ thù khó,Hard Enemy,ศัตรูยาก,Musuh Sulit,Mahirap na Kaaway,Musuh Sukar,3,1,Be careful when choosing your opponent  ,Hãy cẩn thận khi chọn đối thủ,,Be careful when choosing your opponent  ,โปรดระวังเมื่อต้องเลือกคู่ต่อสู้  ,Berhati-hatilah saat memilih lawanmu  ,Mag-ingat sa pagpili ng kalaban mo  ,Berhati-hatilah ketika memilih lawan  ,3,,0.6,,,,,,,,
361,61,,,city/adventure/random_tower/icon/img_jddr@.png,,,Simple Enemy,Kẻ thù đơn giản,Simple Enemy,ศัตรูง่าย,Musuh Sederhana,Simpleng Kaaway,Musuh Mudah,,1,It seems the opponent can be easily defeated  ,Có vẻ là đối thủ có thể dễ dàng bị đánh bại,,It seems the opponent can be easily defeated  ,ดูเหมือนว่าคู่ต่อสู้จะถูกกำจัดได้ง่าย  ,Sepertinya lawan bisa dengan mudah dikalahkan  ,Mukhang madali talunin ang kalaban  ,Nampaknya lawan boleh dikalahkan dengan mudah  ,,,,,,,,,,,
362,61,,,city/adventure/random_tower/icon/img_jddr@.png,,,Simple Enemy,Kẻ thù đơn giản,Simple Enemy,ศัตรูง่าย,Musuh Sederhana,Simpleng Kaaway,Musuh Mudah,,1,It seems the opponent can be easily defeated  ,Có vẻ là đối thủ có thể dễ dàng bị đánh bại,,It seems the opponent can be easily defeated  ,ดูเหมือนว่าคู่ต่อสู้จะถูกกำจัดได้ง่าย  ,Sepertinya lawan bisa dengan mudah dikalahkan  ,Mukhang madali talunin ang kalaban  ,Nampaknya lawan boleh dikalahkan dengan mudah  ,,,,,,,,,,,
363,61,,,city/adventure/random_tower/icon/img_ptdr@.png,,,Normal Enemy,Kẻ thù bình thường,Normal Enemy,ศัตรูปกติ,Musuh Normal,Karaniwang Kaaway,Musuh Biasa,2,1,"Has some strength, but nothing to worry about  ","Có chút sức mạnh, nhưng không đáng lo ngại",,"Has some strength, but nothing to worry about  ",มีพลังบางส่วน แต่ไม่ต้องกังวล  ,"Memiliki sedikit kekuatan, tapi tidak perlu dikhawatirkan  ","May kaunting lakas, ngunit hindi dapat ikabahala  ","Ada sedikit kekuatan, tetapi tidak perlu risau  ",2,,,,,,,,,,
364,61,,,city/adventure/random_tower/icon/img_ptdr@.png,,,Normal Enemy,Kẻ thù bình thường,Normal Enemy,ศัตรูปกติ,Musuh Normal,Karaniwang Kaaway,Musuh Biasa,2,1,"Has some strength, but nothing to worry about  ","Có chút sức mạnh, nhưng không đáng lo ngại",,"Has some strength, but nothing to worry about  ",มีพลังบางส่วน แต่ไม่ต้องกังวล  ,"Memiliki sedikit kekuatan, tapi tidak perlu dikhawatirkan  ","May kaunting lakas, ngunit hindi dapat ikabahala  ","Ada sedikit kekuatan, tetapi tidak perlu risau  ",2,,,,,,,,,,
365,61,,,city/adventure/random_tower/icon/img_kndr@.png,,,Hard Enemy,Kẻ thù khó,Hard Enemy,ศัตรูยาก,Musuh Sulit,Mahirap na Kaaway,Musuh Sukar,3,1,Be careful when choosing your opponent  ,Hãy cẩn thận khi chọn đối thủ,,Be careful when choosing your opponent  ,โปรดระวังเมื่อต้องเลือกคู่ต่อสู้  ,Berhati-hatilah saat memilih lawanmu  ,Mag-ingat sa pagpili ng kalaban mo  ,Berhati-hatilah ketika memilih lawan  ,3,,,,,,,,,,
366,61,,,city/adventure/random_tower/icon/img_kndr@.png,,,Hard Enemy,Kẻ thù khó,Hard Enemy,ศัตรูยาก,Musuh Sulit,Mahirap na Kaaway,Musuh Sukar,3,1,Be careful when choosing your opponent  ,Hãy cẩn thận khi chọn đối thủ,,Be careful when choosing your opponent  ,โปรดระวังเมื่อต้องเลือกคู่ต่อสู้  ,Berhati-hatilah saat memilih lawanmu  ,Mag-ingat sa pagpili ng kalaban mo  ,Berhati-hatilah ketika memilih lawan  ,3,,,,,,,,,,
367,62,,,city/adventure/random_tower/icon/icon_wz.png,,,Combat Supply,Tiếp tế chiến đấu,Combat Supply,การส่งเสบียงการต่อสู้,Pasokan Pertempuran,Suplay ng Laban,Bekalan Pertempuran,,2,,,,,,,,,,,,,<<5;100>>,,,,,,
368,62,,,city/adventure/random_tower/icon/icon_wz.png,,,Attribute Enhancement,Tăng cường thuộc tính,Attribute Enhancement,การเสริมคุณสมบัติ,Peningkatan Atribut,Pagpapalakas ng Katangian,Peningkatan Atribut,,2,,,,,,,,,,,,,<<2;100>>,,,,,,
369,62,,,city/adventure/random_tower/icon/icon_wz.png,,,Attribute Enhancement,Tăng cường thuộc tính,Attribute Enhancement,การเสริมคุณสมบัติ,Peningkatan Atribut,Pagpapalakas ng Katangian,Peningkatan Atribut,,2,,,,,,,,,,,,,<<2;100>>,,,,,,
370,62,,,city/adventure/random_tower/icon/icon_wz.png,,,Attribute Enhancement,Tăng cường thuộc tính,Attribute Enhancement,การเสริมคุณสมบัติ,Peningkatan Atribut,Pagpapalakas ng Katangian,Peningkatan Atribut,,2,,,,,,,,,,,,,<<3;100>>,,,,,,
371,62,,,city/adventure/random_tower/icon/icon_wz.png,,,Attribute Enhancement,Tăng cường thuộc tính,Attribute Enhancement,การเสริมคุณสมบัติ,Peningkatan Atribut,Pagpapalakas ng Katangian,Peningkatan Atribut,,2,,,,,,,,,,,,,<<3;100>>,,,,,,
372,62,,,city/adventure/random_tower/icon/icon_sj.png,,,Event,Sự kiện,Event,เหตุการณ์,Acara,Kaganapan,Acara,,4,Good things may happen  ,Có thể sẽ có những điều tốt đẹp xảy ra,,Good things may happen  ,อาจมีสิ่งดีๆ เกิดขึ้น  ,Hal-hal baik mungkin akan terjadi  ,Maaaring may magagandang bagay na mangyari  ,Mungkin akan ada perkara baik yang berlaku  ,,,,,,<<3;100>>,,,,,
373,63,,,city/adventure/random_tower/icon/img_boss@.png,,,Overlord,Chúa tể,Overlord,จ้าวแห่งยุทธ,Penguasa,Panginoon,Penguasa,4,1,An extremely difficult power awaits ahead  ,Một sức mạnh vô cùng khó khăn đang chờ phía trước,,An extremely difficult power awaits ahead  ,พลังที่ยากลำบากอย่างยิ่งกำลังรออยู่ข้างหน้า  ,Sebuah kekuatan yang sangat sulit menunggu di depan  ,Isang napakahirap na lakas ang naghihintay sa unahan  ,Satu kekuatan yang sangat sukar menanti di hadapan  ,4,0.8,0.8,,,,,,,,
374,63,,,city/adventure/random_tower/icon/img_boss@.png,,,Overlord,Chúa tể,Overlord,จ้าวแห่งยุทธ,Penguasa,Panginoon,Penguasa,4,1,The toughest power is ahead  ,Sức mạnh khó khăn nhất đang ở phía trước,,The toughest power is ahead  ,พลังที่ยากที่สุดอยู่ข้างหน้า  ,Kekuatan tersulit ada di depan  ,Ang pinakamahirap na lakas ay nasa unahan  ,Kekuatan yang paling sukar ada di hadapan  ,4,,,,,,,,,,
375,64,,,city/adventure/random_tower/icon_hhbx.png,,,Luxury Treasure Chest,Hòm báu sang trọng,Luxury Treasure Chest,หีบสมบัติหรูหรา,Petasan Harta Karun Mewah,Luho na Dibdib ng Kayamanan,Peti Harta Karun Mewah,,3,Only after overcoming great challenges can you deserve this reward  ,Chỉ sau khi vượt qua thử thách lớn mới có thể xứng đáng với phần thưởng này,,Only after overcoming great challenges can you deserve this reward  ,ก็ต่อเมื่อผ่านความท้าทายที่ยิ่งใหญ่จึงจะสมควรได้รับรางวัลนี้  ,Hanya setelah melewati tantangan besar Anda layak mendapatkan hadiah ini  ,Tanging pagkatapos malampasan ang malalaking hamon ka lamang karapat-dapat sa gantimpalang ito  ,Hanya selepas berjaya mengatasi cabaran besar anda layak mendapat ganjaran ini  ,,,,,,,2,80000,400,{libs=<503;504>},{libs=<506;505>}
376,65,,,,,,,,,,,,,,,,,,,,,,,,,,,,,,,,,
377,66,,,city/adventure/random_tower/icon/img_jddr@.png,,,Simple Enemy,Kẻ thù đơn giản,Simple Enemy,ศัตรูง่าย,Musuh Sederhana,Simpleng Kaaway,Musuh Mudah,,1,It seems the opponent can be easily defeated  ,Có vẻ là đối thủ có thể dễ dàng bị đánh bại,,It seems the opponent can be easily defeated  ,ดูเหมือนว่าคู่ต่อสู้จะถูกเอาชนะได้ง่าย  ,Sepertinya lawan bisa dengan mudah dikalahkan  ,Mukhang madaling talunin ang kalaban  ,Nampaknya lawan boleh dikalahkan dengan mudah  ,,0.8,0.6,,,,,,,,
378,66,,,city/adventure/random_tower/icon/img_ptdr@.png,,,Normal Enemy,Kẻ thù bình thường,Normal Enemy,ศัตรูปกติ,Musuh Normal,Karaniwang Kaaway,Musuh Biasa,2,1,"Has some strength, but nothing to worry about  ","Có chút sức mạnh, nhưng không đáng lo ngại",,"Has some strength, but nothing to worry about  ",มีพลังบางส่วน แต่ไม่ต้องกังวล  ,"Memiliki sedikit kekuatan, tapi tidak perlu dikhawatirkan  ","May kaunting lakas, pero hindi dapat ikabahala  ","Ada sedikit kekuatan, tetapi tidak perlu risau  ",2,0.8,0.6,,,,,,,,
379,66,,,city/adventure/random_tower/icon/icon_wz.png,,,Combat Enhancement,Tăng cường chiến đấu,Combat Enhancement,การเสริมยุทธ,Peningkatan Pertempuran,Pagpapalakas ng Laban,Peningkatan Pertempuran,,2,,,,,,,,,,,,,<<101;20>;<102;20>;<103;20>;<200;300>;<1000;90>>,,,,,,
380,66,,,city/adventure/random_tower/icon/icon_wz.png,,,Combat Supply,Tiếp tế chiến đấu,Combat Supply,การส่งเสบียงการต่อสู้,Pasokan Pertempuran,Suplay ng Laban,Bekalan Pertempuran,,2,,,,,,,,,,,,,<<4;100>>,,,,,,
381,67,,,city/adventure/random_tower/icon/img_jddr@.png,,,Simple Enemy,Kẻ thù đơn giản,Simple Enemy,ศัตรูง่าย,Musuh Sederhana,Simpleng Kaaway,Musuh Mudah,,1,Seems like the opponent can be easily defeated  ,Có vẻ là đối thủ có thể dễ dàng bị đánh bại,,Seems like the opponent can be easily defeated  ,ดูเหมือนว่าคู่ต่อสู้น่าจะถูกจัดการได้อย่างง่ายดาย  ,Sepertinya lawan bisa dikalahkan dengan mudah  ,Mukhang madaling matalo ang kalaban  ,Nampaknya lawan boleh dikalahkan dengan mudah  ,,,,,,,,,,,
382,67,,,city/adventure/random_tower/icon/img_jddr@.png,,,Simple Enemy,Kẻ thù đơn giản,Simple Enemy,ศัตรูง่าย,Musuh Sederhana,Simpleng Kaaway,Musuh Mudah,,1,Seems like the opponent can be easily defeated  ,Có vẻ là đối thủ có thể dễ dàng bị đánh bại,,Seems like the opponent can be easily defeated  ,ดูเหมือนว่าคู่ต่อสู้น่าจะถูกจัดการได้อย่างง่ายดาย  ,Sepertinya lawan bisa dikalahkan dengan mudah  ,Mukhang madaling matalo ang kalaban  ,Nampaknya lawan boleh dikalahkan dengan mudah  ,,,,,,,,,,,
383,67,,,city/adventure/random_tower/icon/img_ptdr@.png,,,Normal Enemy,Kẻ thù bình thường,Normal Enemy,ศัตรูปกติ,Musuh Normal,Karaniwang Kaaway,Musuh Biasa,2,1,"Has some strength, but not a concern  ","Có chút sức mạnh, nhưng không đáng lo ngại",,"Has some strength, but not a concern  ",มีพลังอยู่บ้าง แต่ไม่ต้องกังวล  ,"Memiliki sedikit kekuatan, tapi tidak perlu dikhawatirkan  ","May konting lakas, pero hindi dapat ikabahala  ","Ada sedikit kekuatan, tapi tidak membimbangkan  ",2,,,,,,,,,,
384,67,,,city/adventure/random_tower/icon/img_ptdr@.png,,,Normal Enemy,Kẻ thù bình thường,Normal Enemy,ศัตรูปกติ,Musuh Normal,Karaniwang Kaaway,Musuh Biasa,2,1,"Has some strength, but not a concern  ","Có chút sức mạnh, nhưng không đáng lo ngại",,"Has some strength, but not a concern  ",มีพลังอยู่บ้าง แต่ไม่ต้องกังวล  ,"Memiliki sedikit kekuatan, tapi tidak perlu dikhawatirkan  ","May konting lakas, pero hindi dapat ikabahala  ","Ada sedikit kekuatan, tapi tidak membimbangkan  ",2,,,,,,,,,,
385,67,,,city/adventure/random_tower/icon/img_kndr@.png,,,Hard Enemy,Kẻ thù khó,Hard Enemy,ศัตรูยาก,Musuh Sulit,Mahirap na Kaaway,Musuh Sukar,3,1,Be careful when choosing your opponent  ,Hãy cẩn thận khi chọn đối thủ,,Be careful when choosing your opponent  ,โปรดระวังในการเลือกคู่ต่อสู้  ,Berhati-hatilah saat memilih lawan  ,Mag-ingat sa pagpili ng kalaban  ,Berhati-hati ketika memilih lawan  ,3,,,,,,,,,,
386,67,,,city/adventure/random_tower/icon/img_kndr@.png,,,Hard Enemy,Kẻ thù khó,Hard Enemy,ศัตรูยาก,Musuh Sulit,Mahirap na Kaaway,Musuh Sukar,3,1,Be careful when choosing your opponent  ,Hãy cẩn thận khi chọn đối thủ,,Be careful when choosing your opponent  ,โปรดระวังในการเลือกคู่ต่อสู้  ,Berhati-hatilah saat memilih lawan  ,Mag-ingat sa pagpili ng kalaban  ,Berhati-hati ketika memilih lawan  ,3,,,,,,,,,,
387,68,,,city/adventure/random_tower/icon/icon_wz.png,,,Attribute Enhancement,Tăng cường thuộc tính,Attribute Enhancement,การเสริมคุณสมบัติ,Peningkatan Atribut,Pagpapalakas ng Katangian,Peningkatan Atribut,,2,,,,,,,,,,,,,<<1;100>>,,,,,,
388,68,,,city/adventure/random_tower/icon/icon_wz.png,,,Combat Supply,Tiếp tế chiến đấu,Combat Supply,การส่งเสบียงการต่อสู้,Pasokan Pertempuran,Suplay ng Laban,Bekalan Pertempuran,,2,,,,,,,,,,,,,<<5;100>>,,,,,,
389,68,,,city/adventure/random_tower/icon/icon_wz.png,,,Attribute Enhancement,Tăng cường thuộc tính,Attribute Enhancement,การเสริมคุณสมบัติ,Peningkatan Atribut,Pagpapalakas ng Katangian,Peningkatan Atribut,,2,,,,,,,,,,,,,<<1;100>;<2;50>>,,,,,,
390,68,,,city/adventure/random_tower/icon/icon_wz.png,0,,Attribute Enhancement,Tăng cường thuộc tính,Attribute Enhancement,การเสริมคุณสมบัติ,Peningkatan Atribut,Pagpapalakas ng Katangian,Peningkatan Atribut,,2,,,,,,,,,,,,,<<1;100>;<2;20>>,,,,,,
391,68,,,city/adventure/random_tower/icon/icon_sj.png,0,,Event,Sự kiện,Event,เหตุการณ์,Acara,Kaganapan,Acara,,4,No one knows what will happen  ,Không ai biết chuyện gì sẽ xảy ra,,No one knows what will happen  ,ไม่มีใครรู้ว่าจะเกิดอะไรขึ้น  ,Tidak ada yang tahu apa yang akan terjadi  ,Walang nakakaalam kung ano ang mangyayari  ,Tiada siapa tahu apa yang akan berlaku  ,,,,,,<<1;100>;<2;10>>,,,,,
392,68,,,city/adventure/random_tower/icon/icon_sj.png,0,,Event,Sự kiện,Event,เหตุการณ์,Acara,Kaganapan,Acara,,4,"Your choice may bring luck, but it may also bring disaster  ","Lựa chọn của bạn có thể mang lại may mắn, nhưng cũng có thể mang đến tai họa",,"Your choice may bring luck, but it may also bring disaster  ",ทางเลือกของคุณอาจนำโชคมาให้ แต่อาจนำหายนะมาด้วย  ,"Pilihanmu mungkin membawa keberuntungan, tapi juga bisa membawa bencana  ","Ang iyong pagpili ay maaaring magdala ng swerte, ngunit maaari ring magdala ng kapahamakan  ","Pilihan anda mungkin membawa tuah, tetapi juga boleh membawa malapetaka  ",,,,,,<<2;100>;<3;10>>,,,,,
393,68,,,city/adventure/random_tower/icon_bx.png,,,Treasure Chest,Hòm báu,Treasure Chest,หีบสมบัติ,Petasan Harta Karun,Dibdib ng Kayamanan,Peti Harta Karun,,3,A treasure chest was discovered by chance  ,Hòm báu tình cờ phát hiện,,A treasure chest was discovered by chance  ,พบหีบสมบัติโดยบังเอิญ  ,Peti harta karun ditemukan secara kebetulan  ,Kahong kayamanan na natagpuan nang hindi inaasahan  ,Peti harta karun ditemui secara kebetulan  ,,,,,,,,25000,30,{libs=<504;504>},
394,68,,,city/adventure/random_tower/icon/img_jddr@.png,,,Simple Enemy,Kẻ thù đơn giản,Simple Enemy,ศัตรูง่าย,Musuh Sederhana,Simpleng Kaaway,Musuh Mudah,,1,Seems like the opponent can be easily defeated  ,Có vẻ là đối thủ có thể dễ dàng bị đánh bại,,Seems like the opponent can be easily defeated  ,ดูเหมือนว่าคู่ต่อสู้น่าจะถูกจัดการได้อย่างง่ายดาย  ,Sepertinya lawan bisa dikalahkan dengan mudah  ,Mukhang madaling matalo ang kalaban  ,Nampaknya lawan boleh dikalahkan dengan mudah  ,,,0.6,,,,,,,,
395,68,,,city/adventure/random_tower/icon/img_ptdr@.png,,,Normal Enemy,Kẻ thù bình thường,Normal Enemy,ศัตรูปกติ,Musuh Normal,Karaniwang Kaaway,Musuh Biasa,2,1,"Has some strength, but not a concern  ","Có chút sức mạnh, nhưng không đáng lo ngại",,"Has some strength, but not a concern  ",มีพลังอยู่บ้าง แต่ไม่ต้องกังวล  ,"Memiliki sedikit kekuatan, tapi tidak perlu dikhawatirkan  ","May konting lakas, pero hindi dapat ikabahala  ","Ada sedikit kekuatan, tapi tidak membimbangkan  ",2,,0.6,,,,,,,,
396,68,,,city/adventure/random_tower/icon/img_kndr@.png,,,Hard Enemy,Kẻ thù khó,Hard Enemy,ศัตรูยาก,Musuh Sulit,Mahirap na Kaaway,Musuh Sukar,3,1,Be careful when choosing your opponent  ,Hãy cẩn thận khi chọn đối thủ,,Be careful when choosing your opponent  ,โปรดระวังในการเลือกคู่ต่อสู้  ,Berhati-hatilah saat memilih lawan  ,Mag-ingat sa pagpili ng kalaban  ,Berhati-hati ketika memilih lawan  ,3,,0.6,,,,,,,,
397,69,,,city/adventure/random_tower/icon/icon_wz.png,,,Attribute Enhancement,Tăng cường thuộc tính,Attribute Enhancement,การเสริมคุณสมบัติ,Peningkatan Atribut,Pagpapalakas ng Katangian,Peningkatan Atribut,,2,,,,,,,,,,,,,<<1;100>>,,,,,,
398,69,,,city/adventure/random_tower/icon/icon_wz.png,,,Combat Supply,Tiếp tế chiến đấu,Combat Supply,การส่งเสบียงการต่อสู้,Pasokan Pertempuran,Suplay ng Laban,Bekalan Pertempuran,,2,,,,,,,,,,,,,<<5;100>>,,,,,,
399,69,,,city/adventure/random_tower/icon/icon_wz.png,,,Attribute Enhancement,Tăng cường thuộc tính,Attribute Enhancement,การเสริมคุณสมบัติ,Peningkatan Atribut,Pagpapalakas ng Katangian,Peningkatan Atribut,,2,,,,,,,,,,,,,<<1;100>;<2;20>>,,,,,,
400,69,,,city/adventure/random_tower/icon/icon_wz.png,,,Attribute Enhancement,Tăng cường thuộc tính,Attribute Enhancement,การเสริมคุณสมบัติ,Peningkatan Atribut,Pagpapalakas ng Katangian,Peningkatan Atribut,,2,,,,,,,,,,,,,<<1;100>;<2;20>>,,,,,,
401,69,,,city/adventure/random_tower/icon/icon_sj.png,,,Event,Sự kiện,Event,เหตุการณ์,Acara,Kaganapan,Acara,,4,No one knows what will happen  ,Không ai biết chuyện gì sẽ xảy ra,,No one knows what will happen  ,ไม่มีใครรู้ว่าจะเกิดอะไรขึ้น  ,Tidak ada yang tahu apa yang akan terjadi  ,Walang nakakaalam kung ano ang mangyayari  ,Tiada siapa tahu apa yang akan berlaku  ,,,,,,<<1;100>;<2;10>>,,,,,
402,69,,,city/adventure/random_tower/icon/icon_sj.png,0,,Event,Sự kiện,Event,เหตุการณ์,Acara,Kaganapan,Acara,,4,"Your choice may bring luck, but it may also bring disaster  ","Lựa chọn của bạn có thể mang lại may mắn, nhưng cũng có thể mang đến tai họa",,"Your choice may bring luck, but it may also bring disaster  ",ทางเลือกของคุณอาจนำโชคมาให้ แต่อาจนำหายนะมาด้วย  ,"Pilihanmu mungkin membawa keberuntungan, tapi juga bisa membawa bencana  ","Ang iyong pagpili ay maaaring magdala ng swerte, ngunit maaari ring magdala ng kapahamakan  ","Pilihan anda mungkin membawa tuah, tetapi juga boleh membawa malapetaka  ",,,,,,<<2;100>;<3;10>>,,,,,
403,69,,,city/adventure/random_tower/icon_bx.png,,,Treasure Chest,Hòm báu,Treasure Chest,หีบสมบัติ,Petasan Harta Karun,Dibdib ng Kayamanan,Peti Harta Karun,,3,A treasure chest was discovered by chance  ,Hòm báu tình cờ phát hiện,,A treasure chest was discovered by chance  ,พบหีบสมบัติโดยบังเอิญ  ,Peti harta karun ditemukan secara kebetulan  ,Kahong kayamanan na natagpuan nang hindi inaasahan  ,Peti harta karun ditemui secara kebetulan  ,,,,,,,,25000,30,{libs=<504;504>},
404,69,,,city/adventure/random_tower/icon/img_jddr@.png,,,Simple Enemy,Kẻ thù đơn giản,Simple Enemy,ศัตรูง่าย,Musuh Sederhana,Simpleng Kaaway,Musuh Mudah,,1,Seems like the opponent can be easily defeated  ,Có vẻ là đối thủ có thể dễ dàng bị đánh bại,,Seems like the opponent can be easily defeated  ,ดูเหมือนว่าคู่ต่อสู้น่าจะถูกจัดการได้อย่างง่ายดาย  ,Sepertinya lawan bisa dikalahkan dengan mudah  ,Mukhang madaling matalo ang kalaban  ,Nampaknya lawan boleh dikalahkan dengan mudah  ,,,0.6,,,,,,,,
405,69,,,city/adventure/random_tower/icon/img_ptdr@.png,-1,,Normal Enemy,Kẻ thù bình thường,Normal Enemy,ศัตรูปกติ,Musuh Normal,Karaniwang Kaaway,Musuh Biasa,2,1,"Has some strength, but not a concern  ","Có chút sức mạnh, nhưng không đáng lo ngại",,"Has some strength, but not a concern  ",มีพลังอยู่บ้าง แต่ไม่ต้องกังวล  ,"Memiliki sedikit kekuatan, tapi tidak perlu dikhawatirkan  ","May konting lakas, pero hindi dapat ikabahala  ","Ada sedikit kekuatan, tapi tidak membimbangkan  ",2,,0.6,,,,,,,,
406,69,,,city/adventure/random_tower/icon/img_kndr@.png,,,Hard Enemy,Kẻ thù khó,Hard Enemy,ศัตรูยาก,Musuh Sulit,Mahirap na Kaaway,Musuh Sukar,3,1,Be careful when choosing your opponent  ,Hãy cẩn thận khi chọn đối thủ,,Be careful when choosing your opponent  ,โปรดระวังในการเลือกคู่ต่อสู้  ,Berhati-hatilah saat memilih lawan  ,Mag-ingat sa pagpili ng kalaban  ,Berhati-hati ketika memilih lawan  ,3,,0.6,,,,,,,,
407,70,,,city/adventure/random_tower/icon/icon_wz.png,-1,,Attribute Enhancement,Tăng cường thuộc tính,Attribute Enhancement,การเสริมคุณสมบัติ,Peningkatan Atribut,Pagpapalakas ng Katangian,Peningkatan Atribut,,2,,,,,,,,,,,,,<<1;100>>,,,,,,
408,70,,,city/adventure/random_tower/icon/icon_wz.png,-1,,Combat Supply,Tiếp tế chiến đấu,Combat Supply,การส่งเสบียงการต่อสู้,Pasokan Pertempuran,Suplay ng Laban,Bekalan Pertempuran,,2,,,,,,,,,,,,,<<5;100>>,,,,,,
409,70,,,city/adventure/random_tower/icon/icon_wz.png,,,Attribute Enhancement,Tăng cường thuộc tính,Attribute Enhancement,การเสริมคุณสมบัติ,Peningkatan Atribut,Pagpapalakas ng Katangian,Peningkatan Atribut,,2,,,,,,,,,,,,,<<1;100>;<2;50>>,,,,,,
410,70,,,city/adventure/random_tower/icon/icon_wz.png,0,,Attribute Enhancement,Tăng cường thuộc tính,Attribute Enhancement,การเสริมคุณสมบัติ,Peningkatan Atribut,Pagpapalakas ng Katangian,Peningkatan Atribut,,2,,,,,,,,,,,,,<<1;100>;<2;20>>,,,,,,
411,70,,,city/adventure/random_tower/icon/icon_sj.png,0,,Event,Sự kiện,Event,เหตุการณ์,Acara,Kaganapan,Acara,,4,No one knows what will happen  ,Không ai biết chuyện gì sẽ xảy ra,,No one knows what will happen  ,ไม่มีใครรู้ว่าจะเกิดอะไรขึ้น  ,Tidak ada yang tahu apa yang akan terjadi  ,Walang nakakaalam kung ano ang mangyayari  ,Tiada siapa tahu apa yang akan berlaku  ,,,,,,<<1;100>;<2;10>>,,,,,
412,70,,,city/adventure/random_tower/icon/icon_sj.png,0,,Event,Sự kiện,Event,เหตุการณ์,Acara,Kaganapan,Acara,,4,"Your choice may bring luck, but it may also bring disaster  ","Lựa chọn của bạn có thể mang lại may mắn, nhưng cũng có thể mang đến tai họa",,"Your choice may bring luck, but it may also bring disaster  ",ทางเลือกของคุณอาจนำโชคมาให้ แต่อาจนำหายนะมาด้วย  ,"Pilihanmu mungkin membawa keberuntungan, tapi juga bisa membawa bencana  ","Ang iyong pagpili ay maaaring magdala ng swerte, ngunit maaari ring magdala ng kapahamakan  ","Pilihan anda mungkin membawa tuah, tetapi juga boleh membawa malapetaka  ",,,,,,<<2;100>;<3;10>>,,,,,
413,70,,,city/adventure/random_tower/icon_bx.png,,,Treasure Chest,Hòm báu,Treasure Chest,หีบสมบัติ,Petasan Harta Karun,Dibdib ng Kayamanan,Peti Harta Karun,,3,A treasure chest was discovered by chance  ,Hòm báu tình cờ phát hiện,,A treasure chest was discovered by chance  ,พบหีบสมบัติโดยบังเอิญ  ,Peti harta karun ditemukan secara kebetulan  ,Kahong kayamanan na natagpuan nang hindi inaasahan  ,Peti harta karun ditemui secara kebetulan  ,,,,,,,,25000,30,{libs=<504;504>},
414,70,,,city/adventure/random_tower/icon/img_jddr@.png,,,Simple Enemy,Kẻ thù đơn giản,Simple Enemy,ศัตรูง่าย,Musuh Sederhana,Simpleng Kaaway,Musuh Mudah,,1,Seems like the opponent can be easily defeated  ,Có vẻ là đối thủ có thể dễ dàng bị đánh bại,,Seems like the opponent can be easily defeated  ,ดูเหมือนว่าคู่ต่อสู้น่าจะถูกจัดการได้อย่างง่ายดาย  ,Sepertinya lawan bisa dikalahkan dengan mudah  ,Mukhang madaling matalo ang kalaban  ,Nampaknya lawan boleh dikalahkan dengan mudah  ,,,0.6,,,,,,,,
415,70,,,city/adventure/random_tower/icon/img_ptdr@.png,,,Normal Enemy,Kẻ thù bình thường,Normal Enemy,ศัตรูปกติ,Musuh Normal,Karaniwang Kaaway,Musuh Biasa,2,1,"Has some strength, but not a concern  ","Có chút sức mạnh, nhưng không đáng lo ngại",,"Has some strength, but not a concern  ",มีพลังอยู่บ้าง แต่ไม่ต้องกังวล  ,"Memiliki sedikit kekuatan, tapi tidak perlu dikhawatirkan  ","May konting lakas, pero hindi dapat ikabahala  ","Ada sedikit kekuatan, tapi tidak membimbangkan  ",2,,0.6,,,,,,,,
416,70,,,city/adventure/random_tower/icon/img_kndr@.png,,,Hard Enemy,Kẻ thù khó,Hard Enemy,ศัตรูยาก,Musuh Sulit,Mahirap na Kaaway,Musuh Sukar,3,1,Be careful when choosing your opponent  ,Hãy cẩn thận khi chọn đối thủ,,Be careful when choosing your opponent  ,โปรดระวังในการเลือกคู่ต่อสู้  ,Berhati-hatilah saat memilih lawan  ,Mag-ingat sa pagpili ng kalaban  ,Berhati-hati ketika memilih lawan  ,3,,0.6,,,,,,,,
417,71,,,city/adventure/random_tower/icon/icon_wz.png,,,Attribute Enhancement,Tăng cường thuộc tính,Attribute Enhancement,การเสริมคุณสมบัติ,Peningkatan Atribut,Pagpapalakas ng Katangian,Peningkatan Atribut,,2,,,,,,,,,,,,,<<1;100>>,,,,,,
418,71,,,city/adventure/random_tower/icon/icon_wz.png,,,Combat Supply,Tiếp tế chiến đấu,Combat Supply,การส่งเสบียงการต่อสู้,Pasokan Pertempuran,Suplay ng Laban,Bekalan Pertempuran,,2,,,,,,,,,,,,,<<5;100>>,,,,,,
419,71,,,city/adventure/random_tower/icon/icon_wz.png,,,Attribute Enhancement,Tăng cường thuộc tính,Attribute Enhancement,การเสริมคุณสมบัติ,Peningkatan Atribut,Pagpapalakas ng Katangian,Peningkatan Atribut,,2,,,,,,,,,,,,,<<1;100>;<2;20>>,,,,,,
420,71,,,city/adventure/random_tower/icon/icon_wz.png,,,Attribute Enhancement,Tăng cường thuộc tính,Attribute Enhancement,การเสริมคุณสมบัติ,Peningkatan Atribut,Pagpapalakas ng Katangian,Peningkatan Atribut,,2,,,,,,,,,,,,,<<1;100>;<2;20>>,,,,,,
421,71,,,city/adventure/random_tower/icon/icon_sj.png,-1,,Event,Sự kiện,Event,เหตุการณ์,Acara,Kaganapan,Acara,,4,No one knows what will happen  ,Không ai biết chuyện gì sẽ xảy ra,,No one knows what will happen  ,ไม่มีใครรู้ว่าจะเกิดอะไรขึ้น  ,Tidak ada yang tahu apa yang akan terjadi  ,Walang nakakaalam kung ano ang mangyayari  ,Tiada siapa tahu apa yang akan berlaku  ,,,,,,<<1;100>;<2;10>>,,,,,
422,71,,,city/adventure/random_tower/icon/icon_sj.png,-1,,Event,Sự kiện,Event,เหตุการณ์,Acara,Kaganapan,Acara,,4,"Your choice may bring luck, but it may also bring disaster  ","Lựa chọn của bạn có thể mang lại may mắn, nhưng cũng có thể mang đến tai họa",,"Your choice may bring luck, but it may also bring disaster  ",ทางเลือกของคุณอาจนำโชคมาให้ แต่อาจนำหายนะมาด้วย  ,"Pilihanmu mungkin membawa keberuntungan, tapi juga bisa membawa bencana  ","Ang iyong pagpili ay maaaring magdala ng swerte, ngunit maaari ring magdala ng kapahamakan  ","Pilihan anda mungkin membawa tuah, tetapi juga boleh membawa malapetaka  ",,,,,,<<2;100>;<3;10>>,,,,,
423,71,,,city/adventure/random_tower/icon_bx.png,,,Treasure Chest,Hòm báu,Treasure Chest,หีบสมบัติ,Petasan Harta Karun,Dibdib ng Kayamanan,Peti Harta Karun,,3,A treasure chest was discovered by chance  ,Hòm báu tình cờ phát hiện,,A treasure chest was discovered by chance  ,พบหีบสมบัติโดยบังเอิญ  ,Peti harta karun ditemukan secara kebetulan  ,Kahong kayamanan na natagpuan nang hindi inaasahan  ,Peti harta karun ditemui secara kebetulan  ,,,,,,,,25000,30,{libs=<504;504>},
424,71,,,city/adventure/random_tower/icon/img_jddr@.png,,,Simple Enemy,Kẻ thù đơn giản,Simple Enemy,ศัตรูง่าย,Musuh Sederhana,Simpleng Kaaway,Musuh Mudah,,1,Seems like the opponent can be easily defeated  ,Có vẻ là đối thủ có thể dễ dàng bị đánh bại,,Seems like the opponent can be easily defeated  ,ดูเหมือนว่าคู่ต่อสู้น่าจะถูกจัดการได้อย่างง่ายดาย  ,Sepertinya lawan bisa dikalahkan dengan mudah  ,Mukhang madaling matalo ang kalaban  ,Nampaknya lawan boleh dikalahkan dengan mudah  ,,,0.6,,,,,,,,
425,71,,,city/adventure/random_tower/icon/img_ptdr@.png,,,Normal Enemy,Kẻ thù bình thường,Normal Enemy,ศัตรูปกติ,Musuh Normal,Karaniwang Kaaway,Musuh Biasa,2,1,"Has some strength, but not a concern  ","Có chút sức mạnh, nhưng không đáng lo ngại",,"Has some strength, but not a concern  ",มีพลังอยู่บ้าง แต่ไม่ต้องกังวล  ,"Memiliki sedikit kekuatan, tapi tidak perlu dikhawatirkan  ","May konting lakas, pero hindi dapat ikabahala  ","Ada sedikit kekuatan, tapi tidak membimbangkan  ",2,,0.6,,,,,,,,
426,71,,,city/adventure/random_tower/icon/img_kndr@.png,,,Hard Enemy,Kẻ thù khó,Hard Enemy,ศัตรูยาก,Musuh Sulit,Mahirap na Kaaway,Musuh Sukar,3,1,Be careful when choosing your opponent  ,Hãy cẩn thận khi chọn đối thủ,,Be careful when choosing your opponent  ,โปรดระวังในการเลือกคู่ต่อสู้  ,Berhati-hatilah saat memilih lawan  ,Mag-ingat sa pagpili ng kalaban  ,Berhati-hati ketika memilih lawan  ,3,,0.6,,,,,,,,
427,72,,,city/adventure/random_tower/icon/img_jddr@.png,,,Simple Enemy,Kẻ thù đơn giản,Simple Enemy,ศัตรูง่าย,Musuh Sederhana,Simpleng Kaaway,Musuh Mudah,,1,Seems like the opponent can be easily defeated  ,Có vẻ là đối thủ có thể dễ dàng bị đánh bại,,Seems like the opponent can be easily defeated  ,ดูเหมือนว่าคู่ต่อสู้น่าจะถูกจัดการได้อย่างง่ายดาย  ,Sepertinya lawan bisa dikalahkan dengan mudah  ,Mukhang madaling matalo ang kalaban  ,Nampaknya lawan boleh dikalahkan dengan mudah  ,,,,,,,,,,,
428,72,,,city/adventure/random_tower/icon/img_jddr@.png,,,Simple Enemy,Kẻ thù đơn giản,Simple Enemy,ศัตรูง่าย,Musuh Sederhana,Simpleng Kaaway,Musuh Mudah,,1,Seems like the opponent can be easily defeated  ,Có vẻ là đối thủ có thể dễ dàng bị đánh bại,,Seems like the opponent can be easily defeated  ,ดูเหมือนว่าคู่ต่อสู้น่าจะถูกจัดการได้อย่างง่ายดาย  ,Sepertinya lawan bisa dikalahkan dengan mudah  ,Mukhang madaling matalo ang kalaban  ,Nampaknya lawan boleh dikalahkan dengan mudah  ,,,,,,,,,,,
429,72,,,city/adventure/random_tower/icon/img_ptdr@.png,,,Normal Enemy,Kẻ thù bình thường,Normal Enemy,ศัตรูปกติ,Musuh Normal,Karaniwang Kaaway,Musuh Biasa,2,1,"Has some strength, but not a concern  ","Có chút sức mạnh, nhưng không đáng lo ngại",,"Has some strength, but not a concern  ",มีพลังอยู่บ้าง แต่ไม่ต้องกังวล  ,"Memiliki sedikit kekuatan, tapi tidak perlu dikhawatirkan  ","May konting lakas, pero hindi dapat ikabahala  ","Ada sedikit kekuatan, tapi tidak membimbangkan  ",2,,,,,,,,,,
430,72,,,city/adventure/random_tower/icon/img_ptdr@.png,,,Normal Enemy,Kẻ thù bình thường,Normal Enemy,ศัตรูปกติ,Musuh Normal,Karaniwang Kaaway,Musuh Biasa,2,1,"Has some strength, but not a concern  ","Có chút sức mạnh, nhưng không đáng lo ngại",,"Has some strength, but not a concern  ",มีพลังอยู่บ้าง แต่ไม่ต้องกังวล  ,"Memiliki sedikit kekuatan, tapi tidak perlu dikhawatirkan  ","May konting lakas, pero hindi dapat ikabahala  ","Ada sedikit kekuatan, tapi tidak membimbangkan  ",2,,,,,,,,,,
431,72,,,city/adventure/random_tower/icon/img_kndr@.png,,,Hard Enemy,Kẻ thù khó,Hard Enemy,ศัตรูยาก,Musuh Sulit,Mahirap na Kaaway,Musuh Sukar,3,1,Be careful when choosing your opponent  ,Hãy cẩn thận khi chọn đối thủ,,Be careful when choosing your opponent  ,โปรดระวังในการเลือกคู่ต่อสู้  ,Berhati-hatilah saat memilih lawan  ,Mag-ingat sa pagpili ng kalaban  ,Berhati-hati ketika memilih lawan  ,3,,,,,,,,,,
432,72,,,city/adventure/random_tower/icon/img_kndr@.png,,,Hard Enemy,Kẻ thù khó,Hard Enemy,ศัตรูยาก,Musuh Sulit,Mahirap na Kaaway,Musuh Sukar,3,1,Be careful when choosing your opponent  ,Hãy cẩn thận khi chọn đối thủ,,Be careful when choosing your opponent  ,โปรดระวังในการเลือกคู่ต่อสู้  ,Berhati-hatilah saat memilih lawan  ,Mag-ingat sa pagpili ng kalaban  ,Berhati-hati ketika memilih lawan  ,3,,,,,,,,,,
433,73,,,city/adventure/random_tower/icon/icon_wz.png,,,Combat Supply,Tiếp tế chiến đấu,Combat Supply,การส่งเสบียงการต่อสู้,Pasokan Pertempuran,Suplay ng Laban,Bekalan Pertempuran,,2,,,,,,,,,,,,,<<5;100>>,,,,,,
434,73,,,city/adventure/random_tower/icon/icon_wz.png,,,Attribute Enhancement,Tăng cường thuộc tính,Attribute Enhancement,การเสริมคุณสมบัติ,Peningkatan Atribut,Pagpapalakas ng Katangian,Peningkatan Atribut,,2,,,,,,,,,,,,,<<2;100>>,,,,,,
435,73,,,city/adventure/random_tower/icon/icon_wz.png,,,Attribute Enhancement,Tăng cường thuộc tính,Attribute Enhancement,การเสริมคุณสมบัติ,Peningkatan Atribut,Pagpapalakas ng Katangian,Peningkatan Atribut,,2,,,,,,,,,,,,,<<2;100>>,,,,,,
436,73,,,city/adventure/random_tower/icon/icon_wz.png,,,Attribute Enhancement,Tăng cường thuộc tính,Attribute Enhancement,การเสริมคุณสมบัติ,Peningkatan Atribut,Pagpapalakas ng Katangian,Peningkatan Atribut,,2,,,,,,,,,,,,,<<3;100>>,,,,,,
437,73,,,city/adventure/random_tower/icon/icon_wz.png,,,Attribute Enhancement,Tăng cường thuộc tính,Attribute Enhancement,การเสริมคุณสมบัติ,Peningkatan Atribut,Pagpapalakas ng Katangian,Peningkatan Atribut,,2,,,,,,,,,,,,,<<3;100>>,,,,,,
438,73,,,city/adventure/random_tower/icon/icon_sj.png,,,Event,Sự kiện,Event,เหตุการณ์,Acara,Kaganapan,Acara,,4,Good things may happen  ,Có thể sẽ có những điều tốt đẹp xảy ra,,Good things may happen  ,อาจมีสิ่งดี ๆ เกิดขึ้น  ,Mungkin hal-hal baik akan terjadi  ,Maaaring may magagandang mangyari  ,Mungkin perkara baik akan berlaku  ,,,,,,<<3;100>>,,,,,
439,74,,,city/adventure/random_tower/icon/img_boss@.png,,,Lord,Chúa tể,Lord,เจ้าแห่ง,Penguasa,Panginoon,Tuan,4,1,A tremendously difficult power lies ahead  ,Một sức mạnh vô cùng khó khăn đang chờ phía trước,,A tremendously difficult power lies ahead  ,พลังที่ยากลำบากอย่างยิ่งกำลังรออยู่ข้างหน้า  ,Kekuatan yang sangat sulit menanti di depan  ,Isang napakahirap na lakas ang naghihintay sa unahan  ,Satu kuasa yang amat sukar menanti di hadapan  ,4,0.8,0.8,,,,,,,,
440,74,,,city/adventure/random_tower/icon/img_boss@.png,,,Lord,Chúa tể,Lord,เจ้าแห่ง,Penguasa,Panginoon,Tuan,4,1,The most difficult power is up ahead  ,Sức mạnh khó khăn nhất đang ở phía trước,,The most difficult power is up ahead  ,พลังที่ยากที่สุดกำลังรออยู่ข้างหน้า  ,Kekuatan tersulit ada di depan  ,Ang pinakamahirap na lakas ay nasa unahan  ,Kuasa yang paling sukar berada di hadapan  ,4,,,,,,,,,,
441,75,,,city/adventure/random_tower/icon_hhbx.png,,,Luxury Treasure Chest,Hòm báu sang trọng,Luxury Treasure Chest,หีบสมบัติหรูหรา,Petasan Harta Karun Mewah,Mararangyang Dibdib ng Kayamanan,Peti Harta Karun Mewah,,3,Only after overcoming great challenges will this reward be well deserved  ,Chỉ sau khi vượt qua thử thách lớn mới có thể xứng đáng với phần thưởng này,,Only after overcoming great challenges will this reward be well deserved  ,มีเพียงการฝ่าฟันบททดสอบอันยิ่งใหญ่เท่านั้น จึงจะคู่ควรกับรางวัลนี้  ,"Hanya setelah melewati tantangan besar, barulah hadiah ini pantas diterima  ",Tanging sa pagdaig sa matitinding pagsubok lamang magiging karapat-dapat sa gantimpalang ito  ,"Hanya selepas mengatasi cabaran besar, ganjaran ini barulah layak diterima  ",,,,,,,2,90000,400,{libs=<502;504;503>},{libs=<506;505>}
10003,2,,,city/adventure/random_tower/icon/icon_wz.png,,,Combat Enhancement,Tăng cường chiến đấu,Combat Enhancement,การเพิ่มพลังการต่อสู้,Peningkatan Pertempuran,Pagpapalakas ng Laban,Peningkatan Pertempuran,,2,,,,,,,,,,,,,<<12224;100>>,,,,,,
10030,6,,,city/adventure/random_tower/icon/icon_wz.png,,,Combat Enhancement,Tăng cường chiến đấu,Combat Enhancement,การเพิ่มพลังการต่อสู้,Peningkatan Pertempuran,Pagpapalakas ng Laban,Peningkatan Pertempuran,,2,,,,,,,,,,,,,<<1;100>;<12223;20>;<12224;20>>,,,,,,
10032,6,,,city/adventure/random_tower/icon/icon_wz.png,,,Combat Enhancement,Tăng cường chiến đấu,Combat Enhancement,การเพิ่มพลังการต่อสู้,Peningkatan Pertempuran,Pagpapalakas ng Laban,Peningkatan Pertempuran,,2,,,,,,,,,,,,,<<1;100>;<2;40>;<2223;50>;<2224;50>>,,,,,,
10052,11,,,city/adventure/random_tower/icon/icon_wz.png,,,Combat Enhancement,Tăng cường chiến đấu,Combat Enhancement,การเพิ่มพลังการต่อสู้,Peningkatan Pertempuran,Pagpapalakas ng Laban,Peningkatan Pertempuran,,2,,,,,,,,,,,,,<<200;100>;<1000;90>;<2224;100>>,,,,,,
10059,13,,,city/adventure/random_tower/icon/icon_wz.png,0,,Attribute Enhancement,Tăng cường thuộc tính,Attribute Enhancement,การเสริมคุณสมบัติ,Peningkatan Atribut,Pagpapalakas ng Katangian,Peningkatan Atribut,,2,,,,,,,,,,,,,<<1;100>>,,,,,,
10061,13,,,city/adventure/random_tower/icon/icon_wz.png,0,,Attribute Enhancement,Tăng cường thuộc tính,Attribute Enhancement,การเสริมคุณสมบัติ,Peningkatan Atribut,Pagpapalakas ng Katangian,Peningkatan Atribut,,2,,,,,,,,,,,,,<<1;100>;<2;20>>,,,,,,
10069,14,,,city/adventure/random_tower/icon/icon_wz.png,0,,Attribute Enhancement,Tăng cường thuộc tính,Attribute Enhancement,การเสริมคุณสมบัติ,Peningkatan Atribut,Pagpapalakas ng Katangian,Peningkatan Atribut,,2,,,,,,,,,,,,,<<1;100>>,,,,,,
10071,14,,,city/adventure/random_tower/icon/icon_wz.png,0,,Attribute Enhancement,Tăng cường thuộc tính,Attribute Enhancement,การเสริมคุณสมบัติ,Peningkatan Atribut,Pagpapalakas ng Katangian,Peningkatan Atribut,,2,,,,,,,,,,,,,<<1;100>;<2;20>>,,,,,,
10079,15,,,city/adventure/random_tower/icon/icon_wz.png,0,,Attribute Enhancement,Tăng cường thuộc tính,Attribute Enhancement,การเสริมคุณสมบัติ,Peningkatan Atribut,Pagpapalakas ng Katangian,Peningkatan Atribut,,2,,,,,,,,,,,,,<<1;100>>,,,,,,
10080,15,,,city/adventure/random_tower/icon/icon_wz.png,0,,Attribute Enhancement,Tăng cường thuộc tính,Attribute Enhancement,การเสริมคุณสมบัติ,Peningkatan Atribut,Pagpapalakas ng Katangian,Peningkatan Atribut,,2,,,,,,,,,,,,,<<1;100>>,,,,,,
10081,15,,,city/adventure/random_tower/icon/icon_wz.png,0,,Attribute Enhancement,Tăng cường thuộc tính,Attribute Enhancement,การเสริมคุณสมบัติ,Peningkatan Atribut,Pagpapalakas ng Katangian,Peningkatan Atribut,,2,,,,,,,,,,,,,<<1;100>>,,,,,,
10082,15,,,city/adventure/random_tower/icon/icon_wz.png,0,,Attribute Enhancement,Tăng cường thuộc tính,Attribute Enhancement,การเสริมคุณสมบัติ,Peningkatan Atribut,Pagpapalakas ng Katangian,Peningkatan Atribut,,2,,,,,,,,,,,,,<<1;100>;<2;40>>,,,,,,
10117,22,,,city/adventure/random_tower/icon/icon_wz.png,,,Combat Enhancement,Tăng cường chiến đấu,Combat Enhancement,การเพิ่มพลังการต่อสู้,Peningkatan Pertempuran,Pagpapalakas ng Laban,Peningkatan Pertempuran,,2,,,,,,,,,,,,,<<2221;40>;<2222;40>;<2223;100>;<2224;100>>,,,,,,
10124,24,,,city/adventure/random_tower/icon/icon_wz.png,0,,Attribute Enhancement,Tăng cường thuộc tính,Attribute Enhancement,การเสริมคุณสมบัติ,Peningkatan Atribut,Pagpapalakas ng Katangian,Peningkatan Atribut,,2,,,,,,,,,,,,,<<1;100>>,,,,,,
10182,33,,,city/adventure/random_tower/icon/icon_wz.png,,,Combat Enhancement,Tăng cường chiến đấu,Combat Enhancement,การเพิ่มพลังการต่อสู้,Peningkatan Pertempuran,Pagpapalakas ng Laban,Peningkatan Pertempuran,,2,,,,,,,,,,,,,<<2228;10>;<2231;10>;<2223;100>;<2224;100>>,,,,,,
10199,36,,,city/adventure/random_tower/icon/icon_wz.png,0,,Attribute Enhancement,Tăng cường thuộc tính,Attribute Enhancement,การเสริมคุณสมบัติ,Peningkatan Atribut,Pagpapalakas ng Katangian,Peningkatan Atribut,,2,,,,,,,,,,,,,<<1;100>>,,,,,,
10201,36,,,city/adventure/random_tower/icon/icon_wz.png,0,,Attribute Enhancement,Tăng cường thuộc tính,Attribute Enhancement,การเสริมคุณสมบัติ,Peningkatan Atribut,Pagpapalakas ng Katangian,Peningkatan Atribut,,2,,,,,,,,,,,,,<<1;100>;<2;20>>,,,,,,
10209,37,,,city/adventure/random_tower/icon/icon_wz.png,0,,Attribute Enhancement,Tăng cường thuộc tính,Attribute Enhancement,การเสริมคุณสมบัติ,Peningkatan Atribut,Pagpapalakas ng Katangian,Peningkatan Atribut,,2,,,,,,,,,,,,,<<1;100>>,,,,,,
10247,44,,,city/adventure/random_tower/icon/icon_wz.png,,,Combat Enhancement,Tăng cường chiến đấu,Combat Enhancement,การเพิ่มพลังการต่อสู้,Peningkatan Pertempuran,Pagpapalakas ng Laban,Peningkatan Pertempuran,,2,,,,,,,,,,,,,<<2223;100>;<2224;100>;<200;150>;<1000;90>>,,,,,,
10314,55,,,city/adventure/random_tower/icon/icon_wz.png,,,Attribute Enhancement,Tăng cường thuộc tính,Attribute Enhancement,การเสริมคุณสมบัติ,Peningkatan Atribut,Pagpapalakas ng Katangian,Peningkatan Atribut,,2,,,,,,,,,,,,,<<1;100>>,,,,,,
10324,57,,,city/adventure/random_tower/icon/icon_wz.png,,,Combat Enhancement,Tăng cường chiến đấu,Combat Enhancement,การเพิ่มพลังการต่อสู้,Peningkatan Pertempuran,Pagpapalakas ng Laban,Peningkatan Pertempuran,,2,,,,,,,,,,,,,<<200;20>;<1000;20>;<2223;20>;<2224;20>;<2228;5>;<2231;20>>,,,,,,
10371,62,,,city/adventure/random_tower/icon/icon_wz.png,,,Attribute Enhancement,Tăng cường thuộc tính,Attribute Enhancement,การเสริมคุณสมบัติ,Peningkatan Atribut,Pagpapalakas ng Katangian,Peningkatan Atribut,,2,,,,,,,,,,,,,<<2221;20>;<2223;20>;<2224;20>;<2228;20>;<2231;20>>,,,,,,
10416,70,,,city/adventure/random_tower/icon/icon_wz.png,,,Attribute Enhancement,Tăng cường thuộc tính,Attribute Enhancement,การเสริมคุณสมบัติ,Peningkatan Atribut,Pagpapalakas ng Katangian,Peningkatan Atribut,,2,,,,,,,,,,,,,<<2223;20>;<2224;20>;<2227;5>>,,,,,,
10437,73,,,city/adventure/random_tower/icon/icon_wz.png,,,Attribute Enhancement,Tăng cường thuộc tính,Attribute Enhancement,การเสริมคุณสมบัติ,Peningkatan Atribut,Pagpapalakas ng Katangian,Peningkatan Atribut,,2,,,,,,,,,,,,,<<3;200>;<9999;10>;<2227;10>>,,,,,,
