VariableName,group,desc_cn,desc,desc_vn,desc_en,desc_th,desc_in,desc_ph,desc_ma,weight,icon,iconBg,buffColor,buffType,attrNatureType1,attrType1,attrNum1,attrType2,attrNum2,attrNatureType3,attrType3,attrNum3,supplyType,supplyTarget,supplyNum,pointType,pointValue,passiveSkill,effectTimes,skillgroup,onlyOne,limit,changeLib,belongLib,condition
Defaults,1,"""""","""""","""""","""""","""""","""""","""""","""""",999,"""""","""""","""""",1,0,0,"""""",0,"""""",0,0,"""""",0,0,0,0,0,0,0,<>,FALSE,99,0,0,0
buffID,buff组别,描述,desc,desc_vn,desc_en,desc_th,desc_in,desc_ph,desc_ma,buff权重,图标,图标背景,特效颜色,buff类型（1=属性加成;2=补给;3=积分加成;4=被动技能）,加成自然属性类型（0表示全体）,属性类型,属性加成数值,属性类型,属性加层数值,加成自然属性类型（0表示全体）,属性类型,属性加层数值,补给类型（1-回血；2-回怒；3-复活；4-扣血；5-扣怒）,补给对象（1-选择一只；2-上阵精灵；3-全体符合条件精灵）,回/扣血 回/扣怒百分比（以100为分母）,积分加成类型（1.剩余回合数  2.存活精灵数  3.当前层数）,积分加成系数,特殊被动技能,被动技能可用于几次战斗,被动技能组<group; 数值>， 同group数值大的会覆盖小的<1;1>,今日是否唯一,限制出现的次数,更换随机库,所属随机库,补给 前置条件（1-有精灵残血；2-有精灵没满怒；3-有精灵死亡）
1,,,Our hero's physical attack +10%  ,Tấn công vật lý của anh hùng của chúng tôi +10%,Our hero's physical attack +10%  ,การโจมตีทางกายภาพของฮีโร่ฝ่ายเรา +10%  ,Serangan fisik pahlawan kami +10%  ,Pagsalakay ng pisikal ng aming bayani +10%  ,Serangan fizikal wira kami +10%  ,100,city/develop/talent/icon_wg.png,city/adventure/random_tower/icon/box_yellow.png,effect,,,7,10%,,,,,,,,,,,,,,,,,,
2,2,,Our hero's physical attack +15%  ,Tấn công vật lý của anh hùng của chúng tôi +15%,Our hero's physical attack +15%  ,การโจมตีทางกายภาพของฮีโร่ฝ่ายเรา +15%  ,Serangan fisik pahlawan kami +15%  ,Pagsalakay ng pisikal ng aming bayani +15%  ,Serangan fizikal wira kami +15%  ,100,city/develop/talent/icon_wg.png,city/adventure/random_tower/icon/box_yellow.png,effect,,,7,15%,,,,,,,,,,,,,,,3,,,
3,3,,Our hero's physical attack +20%  ,Tấn công vật lý của anh hùng của chúng tôi +20%,Our hero's physical attack +20%  ,การโจมตีทางกายภาพของฮีโร่ฝ่ายเรา +20%  ,Serangan fisik pahlawan kami +20%  ,Pagsalakay ng pisikal ng aming bayani +20%  ,Serangan fizikal wira kami +20%  ,100,city/develop/talent/icon_wg.png,city/adventure/random_tower/icon/box_yellow.png,effect,,,7,20%,,,,,,,,,,,,,,TRUE,1,,,
4,,,Our hero's magic attack +10%  ,Tấn công phép của anh hùng của chúng tôi +10%,Our hero's magic attack +10%  ,การโจมตีเวทของฮีโร่ฝ่ายเรา +10%  ,Serangan sihir pahlawan kami +10%  ,Pagsalakay ng mahika ng aming bayani +10%  ,Serangan magik wira kami +10%  ,100,city/develop/talent/icon_tg.png,city/adventure/random_tower/icon/box_blue.png,effect,,,8,10%,,,,,,,,,,,,,,,,,,
5,2,,Our hero's magic attack +15%  ,Tấn công phép của anh hùng của chúng tôi +15%,Our hero's magic attack +15%  ,การโจมตีเวทของฮีโร่ฝ่ายเรา +15%  ,Serangan sihir pahlawan kami +15%  ,Pagsalakay ng mahika ng aming bayani +15%  ,Serangan magik wira kami +15%  ,100,city/develop/talent/icon_tg.png,city/adventure/random_tower/icon/box_blue.png,effect,,,8,15%,,,,,,,,,,,,,,,3,,,
6,3,,Our hero's magic attack +20%  ,Tấn công phép của anh hùng của chúng tôi +20%,Our hero's magic attack +20%  ,การโจมตีเวทของฮีโร่ฝ่ายเรา +20%  ,Serangan sihir pahlawan kami +20%  ,Pagsalakay ng mahika ng aming bayani +20%  ,Serangan magik wira kami +20%  ,100,city/develop/talent/icon_tg.png,city/adventure/random_tower/icon/box_blue.png,effect,,,8,20%,,,,,,,,,,,,,,TRUE,1,,,
7,,,Our hero's physical and magic attack +5%  ,Tấn công vật lý và phép của anh hùng của chúng tôi +5%,Our hero's physical and magic attack +5%  ,การโจมตีทางกายภาพและเวทของฮีโร่ฝ่ายเรา +5%  ,Serangan fisik dan sihir pahlawan kami +5%  ,Pagsalakay ng pisikal at mahika ng aming bayani +5%  ,Serangan fizikal dan magik wira kami +5%  ,150,city/adventure/random_tower/icon/icon_xingxiangskill_4.png,city/adventure/random_tower/icon/box_red.png,effect,,,8,5%,7,5%,,,,,,,,,,,,,,,,
8,2,,Our hero's physical and magic attack +10%  ,Tấn công vật lý và phép của anh hùng của chúng tôi +10%,Our hero's physical and magic attack +10%  ,การโจมตีทางกายภาพและเวทของฮีโร่ฝ่ายเรา +10%  ,Serangan fisik dan sihir pahlawan kami +10%  ,Pagsalakay ng pisikal at mahika ng aming bayani +10%  ,Serangan fizikal dan magik wira kami +10%  ,150,city/adventure/random_tower/icon/icon_xingxiangskill_4.png,city/adventure/random_tower/icon/box_red.png,effect,,,8,10%,7,10%,,,,,,,,,,,,,3,,,
9,3,,Our hero's physical and magic attack +15%  ,Tấn công vật lý và phép của anh hùng của chúng tôi +15%,Our hero's physical and magic attack +15%  ,การโจมตีทางกายภาพและเวทของฮีโร่ฝ่ายเรา +15%  ,Serangan fisik dan sihir pahlawan kami +15%  ,Pagsalakay ng pisikal at mahika ng aming bayani +15%  ,Serangan fizikal dan magik wira kami +15%  ,150,city/adventure/random_tower/icon/icon_xingxiangskill_4.png,city/adventure/random_tower/icon/box_red.png,effect,,,8,15%,7,15%,,,,,,,,,,,,,2,,,
10,,,Our hero's damage increase +5%  ,Tăng sát thương của anh hùng của chúng tôi +5%,Our hero's damage increase +5%  ,เพิ่มความเสียหายของฮีโร่ฝ่ายเรา +5%  ,Peningkatan kerusakan pahlawan kami +5%  ,Pagtaas ng pinsala ng aming bayani +5%  ,Peningkatan kerosakan wira kami +5%  ,100,city/develop/talent/icon_shjc.png,city/adventure/random_tower/icon/box_yellow.png,effect,,,22,500,,,,,,,,,,,,,,,,,,
11,2,,Our hero's damage increase +10%  ,Tăng sát thương của anh hùng của chúng tôi +10%,Our hero's damage increase +10%  ,เพิ่มความเสียหายของฮีโร่ฝ่ายเรา +10%  ,Peningkatan kerusakan pahlawan kami +10%  ,Pagtaas ng pinsala ng aming bayani +10%  ,Peningkatan kerosakan wira kami +10%  ,120,city/develop/talent/icon_shjc.png,city/adventure/random_tower/icon/box_yellow.png,effect,,,22,1000,,,,,,,,,,,,,,,3,,,
12,3,,Our hero's damage increase +15%  ,Tăng sát thương của anh hùng của chúng tôi +15%,Our hero's damage increase +15%  ,เพิ่มความเสียหายของฮีโร่ฝ่ายเรา +15%  ,Peningkatan kerusakan pahlawan kami +15%  ,Pagtaas ng pinsala ng aming bayani +15%  ,Peningkatan kerosakan wira kami +15%  ,150,city/develop/talent/icon_shjc.png,city/adventure/random_tower/icon/box_yellow.png,effect,,,22,1500,,,,,,,,,,,,,,TRUE,1,,,
13,,,Our hero's critical rate +5%  ,Tỷ lệ chí mạng của anh hùng của chúng tôi +5%,Our hero's critical rate +5%  ,อัตราคริติคอลของฮีโร่ฝ่ายเรา +5%  ,Tingkat kritis pahlawan kami +5%  ,Tasa ng kritikal ng aming bayani +5%  ,Kadar kritikal wira kami +5%  ,100,city/develop/talent/icon_bj.png,city/adventure/random_tower/icon/box_yellow.png,effect,,,14,500,,,,,,,,,,,,,,,,,,
14,2,,Our hero's critical rate +10%  ,Tỷ lệ chí mạng của anh hùng của chúng tôi +10%,Our hero's critical rate +10%  ,อัตราคริติคอลของฮีโร่ฝ่ายเรา +10%  ,Tingkat kritis pahlawan kami +10%  ,Tasa ng kritikal ng aming bayani +10%  ,Kadar kritikal wira kami +10%  ,120,city/develop/talent/icon_bj.png,city/adventure/random_tower/icon/box_yellow.png,effect,,,14,1000,,,,,,,,,,,,,,,3,,,
15,3,,Our hero's critical rate +15%  ,Tỷ lệ chí mạng của anh hùng của chúng tôi +15%,Our hero's critical rate +15%  ,อัตราคริติคอลของฮีโร่ฝ่ายเรา +15%  ,Tingkat kritis pahlawan kami +15%  ,Tasa ng kritikal ng aming bayani +15%  ,Kadar kritikal wira kami +15%  ,150,city/develop/talent/icon_bj.png,city/adventure/random_tower/icon/box_yellow.png,effect,,,14,1500,,,,,,,,,,,,,,TRUE,1,,,
16,,,Our hero's critical damage +10%  ,Sát thương chí mạng của anh hùng của chúng tôi +10%,Our hero's critical damage +10%  ,ความเสียหายคริติคอลของฮีโร่ฝ่ายเรา +10%  ,Kerusakan kritis pahlawan kami +10%  ,Pinsalang kritikal ng aming bayani +10%  ,Kerosakan kritikal wira kami +10%  ,50,city/develop/talent/icon_bjsh.png,city/adventure/random_tower/icon/box_orange.png,effect,,,15,1000,,,,,,,,,,,,,,,,,,
17,2,,Our hero's critical damage +15%  ,Sát thương chí mạng của anh hùng của chúng tôi +15%,Our hero's critical damage +15%  ,ความเสียหายคริติคอลของฮีโร่ฝ่ายเรา +15%  ,Kerusakan kritis pahlawan kami +15%  ,Pinsalang kritikal ng aming bayani +15%  ,Kerosakan kritikal wira kami +15%  ,50,city/develop/talent/icon_bjsh.png,city/adventure/random_tower/icon/box_orange.png,effect,,,15,1500,,,,,,,,,,,,,,,3,,,
18,3,,Our hero's critical damage +20%  ,Sát thương chí mạng của anh hùng của chúng tôi +20%,Our hero's critical damage +20%  ,ความเสียหายคริติคอลของฮีโร่ฝ่ายเรา +20%  ,Kerusakan kritis pahlawan kami +20%  ,Pinsalang kritikal ng aming bayani +20%  ,Kerosakan kritikal wira kami +20%  ,50,city/develop/talent/icon_bjsh.png,city/adventure/random_tower/icon/box_orange.png,effect,,,15,2000,,,,,,,,,,,,,,TRUE,1,,,
19,1111,,Our hero's physical defense +15%  ,Phòng thủ vật lý của anh hùng của chúng tôi +15%,Our hero's physical defense +15%  ,การป้องกันทางกายภาพของฮีโร่ฝ่ายเรา +15%  ,Pertahanan fisik pahlawan kami +15%  ,Depensa sa pisikal ng aming bayani +15%  ,Pertahanan fizikal wira kami +15%  ,20,city/develop/talent/icon_wf.png,city/adventure/random_tower/icon/box_green.png,effect_lan,,,9,15%,,,,,,,,,,,,,,,,,,
20,1111,,Our hero's physical defense +20%  ,Phòng thủ vật lý của anh hùng của chúng tôi +20%,Our hero's physical defense +20%  ,การป้องกันทางกายภาพของฮีโร่ฝ่ายเรา +20%  ,Pertahanan fisik pahlawan kami +20%  ,Depensa sa pisikal ng aming bayani +20%  ,Pertahanan fizikal wira kami +20%  ,50,city/develop/talent/icon_wf.png,city/adventure/random_tower/icon/box_green.png,effect_lan,,,9,20%,,,,,,,,,,,,,,,3,,,
21,1111,,Our hero's physical defense +25%  ,Phòng thủ vật lý của anh hùng của chúng tôi +25%,Our hero's physical defense +25%  ,การป้องกันทางกายภาพของฮีโร่ฝ่ายเรา +25%  ,Pertahanan fisik pahlawan kami +25%  ,Depensa sa pisikal ng aming bayani +25%  ,Pertahanan fizikal wira kami +25%  ,10,city/develop/talent/icon_wf.png,city/adventure/random_tower/icon/box_green.png,effect_lan,,,9,25%,,,,,,,,,,,,,,TRUE,1,,,
22,1111,,Our hero's magic defense +15%  ,Phòng thủ phép của anh hùng của chúng tôi +15%,Our hero's magic defense +15%  ,การป้องกันเวทของฮีโร่ฝ่ายเรา +15%  ,Pertahanan sihir pahlawan kami +15%  ,Depensa sa mahika ng aming bayani +15%  ,Pertahanan magik wira kami +15%  ,20,city/develop/talent/icon_tf.png,city/adventure/random_tower/icon/box_purple.png,effect_lan,,,10,15%,,,,,,,,,,,,,,,,,,
23,1111,,Our hero's magic defense +20%  ,Phòng thủ phép của anh hùng của chúng tôi +20%,Our hero's magic defense +20%  ,การป้องกันเวทของฮีโร่ฝ่ายเรา +20%  ,Pertahanan sihir pahlawan kami +20%  ,Depensa sa mahika ng aming bayani +20%  ,Pertahanan magik wira kami +20%  ,50,city/develop/talent/icon_tf.png,city/adventure/random_tower/icon/box_purple.png,effect_lan,,,10,20%,,,,,,,,,,,,,,,3,,,
24,1111,,Our hero's magic defense +25%  ,Phòng thủ phép của anh hùng của chúng tôi +25%,Our hero's magic defense +25%  ,การป้องกันเวทของฮีโร่ฝ่ายเรา +25%  ,Pertahanan sihir pahlawan kami +25%  ,Depensa sa mahika ng aming bayani +25%  ,Pertahanan magik wira kami +25%  ,10,city/develop/talent/icon_tf.png,city/adventure/random_tower/icon/box_purple.png,effect_lan,,,10,25%,,,,,,,,,,,,,,TRUE,1,,,
25,,,Our hero's physical and magic defense +10%  ,Phòng thủ vật lý và phép của anh hùng của chúng tôi +10%,Our hero's physical and magic defense +10%  ,การป้องกันทางกายภาพและเวทของฮีโร่ฝ่ายเรา +10%  ,Pertahanan fisik dan sihir pahlawan kami +10%  ,Depensa sa pisikal at mahika ng aming bayani +10%  ,Pertahanan fizikal dan magik wira kami +10%  ,200,city/adventure/random_tower/icon/icon_xingxiangskill_5.png,city/adventure/random_tower/icon/box_blue.png,effect_lan,,,10,10%,9,10%,,,,,,,,,,,,,,,,
26,2,,Our hero's physical and magic defense +15%  ,Phòng thủ vật lý và phép của anh hùng của chúng tôi +15%,Our hero's physical and magic defense +15%  ,การป้องกันทางกายภาพและเวทของฮีโร่ฝ่ายเรา +15%  ,Pertahanan fisik dan sihir pahlawan kami +15%  ,Depensa sa pisikal at mahika ng aming bayani +15%  ,Pertahanan fizikal dan magik wira kami +15%  ,200,city/adventure/random_tower/icon/icon_xingxiangskill_5.png,city/adventure/random_tower/icon/box_blue.png,effect_lan,,,10,15%,9,15%,,,,,,,,,,,,,3,,,
27,3,,Our hero's physical and magic defense +20%  ,Phòng thủ vật lý và phép của anh hùng của chúng tôi +20%,Our hero's physical and magic defense +20%  ,การป้องกันทางกายภาพและเวทของฮีโร่ฝ่ายเรา +20%  ,Pertahanan fisik dan sihir pahlawan kami +20%  ,Depensa sa pisikal at mahika ng aming bayani +20%  ,Pertahanan fizikal dan magik wira kami +20%  ,200,city/adventure/random_tower/icon/icon_xingxiangskill_5.png,city/adventure/random_tower/icon/box_blue.png,effect_lan,,,10,20%,9,20%,,,,,,,,,,,,,2,,,
28,,,Our hero's damage reduction +5%  ,Giảm sát thương của anh hùng của chúng tôi +5%,Our hero's damage reduction +5%  ,การลดความเสียหายของฮีโร่ฝ่ายเรา +5%  ,Pengurangan kerusakan pahlawan kami +5%  ,Pagbawas ng pinsala ng aming bayani +5%  ,Pengurangan kerosakan wira kami +5%  ,100,city/develop/talent/icon_shjm.png,city/adventure/random_tower/icon/box_yellow.png,effect_lan,,,23,500,,,,,,,,,,,,,,,,,,
29,2,,Our hero's damage reduction +10%  ,Giảm sát thương của anh hùng của chúng tôi +10%,Our hero's damage reduction +10%  ,การลดความเสียหายของฮีโร่ฝ่ายเรา +10%  ,Pengurangan kerusakan pahlawan kami +10%  ,Pagbawas ng pinsala ng aming bayani +10%  ,Pengurangan kerosakan wira kami +10%  ,100,city/develop/talent/icon_shjm.png,city/adventure/random_tower/icon/box_yellow.png,effect_lan,,,23,1000,,,,,,,,,,,,,,,3,,,
30,3,,Our hero's damage reduction +15%  ,Giảm sát thương của anh hùng của chúng tôi +15%,Our hero's damage reduction +15%  ,การลดความเสียหายของฮีโร่ฝ่ายเรา +15%  ,Pengurangan kerusakan pahlawan kami +15%  ,Pagbawas ng pinsala ng aming bayani +15%  ,Pengurangan kerosakan wira kami +15%  ,50,city/develop/talent/icon_shjm.png,city/adventure/random_tower/icon/box_yellow.png,effect_lan,,,23,1500,,,,,,,,,,,,,,TRUE,1,,,
31,,,Our hero's resistance +10%  ,Kháng cự của anh hùng của chúng tôi +10%,Our hero's resistance +10%  ,ความต้านทานของฮีโร่ฝ่ายเรา +10%  ,Perlawanan pahlawan kami +10%  ,Paglaban ng aming bayani +10%  ,Rintangan wira kami +10%  ,50,city/adventure/random_tower/icon/icon_xingxiangskill_5.png,city/adventure/random_tower/icon/box_blue.png,effect_lan,,,17,1000,,,,,,,,,,,,,,,,,,
32,2,,Our hero's resistance +15%  ,Kháng cự của anh hùng của chúng tôi +15%,Our hero's resistance +15%  ,ความต้านทานของฮีโร่ฝ่ายเรา +15%  ,Perlawanan pahlawan kami +15%  ,Paglaban ng aming bayani +15%  ,Rintangan wira kami +15%  ,50,city/adventure/random_tower/icon/icon_xingxiangskill_5.png,city/adventure/random_tower/icon/box_blue.png,effect_lan,,,17,1500,,,,,,,,,,,,,,,,,,
33,3,,Our hero's resistance +20%  ,Kháng cự của anh hùng của chúng tôi +20%,Our hero's resistance +20%  ,ความต้านทานของฮีโร่ฝ่ายเรา +20%  ,Perlawanan pahlawan kami +20%  ,Paglaban ng aming bayani +20%  ,Rintangan wira kami +20%  ,50,city/adventure/random_tower/icon/icon_xingxiangskill_5.png,city/adventure/random_tower/icon/box_blue.png,effect_lan,,,17,2000,,,,,,,,,,,,,,,,,,
34,,,Our hero's lifesteal +4%  ,Hút máu của anh hùng của chúng tôi +4%,Our hero's lifesteal +4%  ,ดูดเลือดของฮีโร่ฝ่ายเรา +4%  ,Penghisapan darah pahlawan kami +4%  ,Pag-absorb ng dugo ng aming bayani +4%  ,Penyedutan darah wira kami +4%  ,50,city/adventure/random_tower/icon/icon_xingxiangskill_8.png,city/adventure/random_tower/icon/box_pink.png,effect_lan,,,26,400,,,,,,,,,,,,,,,,,,
35,2,,Our hero's lifesteal +8%  ,Hút máu của anh hùng của chúng tôi +8%,Our hero's lifesteal +8%  ,ดูดเลือดของฮีโร่ฝ่ายเรา +8%  ,Penghisapan darah pahlawan kami +8%  ,Pag-absorb ng dugo ng aming bayani +8%  ,Penyedutan darah wira kami +8%  ,40,city/adventure/random_tower/icon/icon_xingxiangskill_8.png,city/adventure/random_tower/icon/box_pink.png,effect_lan,,,26,800,,,,,,,,,,,,,,,,,,
36,3,,Our hero's lifesteal +10%  ,Hút máu của anh hùng của chúng tôi +10%,Our hero's lifesteal +10%  ,ดูดเลือดของฮีโร่ฝ่ายเรา +10%  ,Penghisapan darah pahlawan kami +10%  ,Pag-absorb ng dugo ng aming bayani +10%  ,Penyedutan darah wira kami +10%  ,30,city/adventure/random_tower/icon/icon_xingxiangskill_8.png,city/adventure/random_tower/icon/box_pink.png,effect_lan,,,26,1000,,,,,,,,,,,,,,,,,,
37,4,,Heal 25% HP for one hero  ,Hồi phục 25% máu cho một anh hùng,Heal 25% HP for one hero  ,ฟื้นฟู HP 25% ให้ฮีโร่หนึ่งตัว  ,Memulihkan 25% HP untuk satu pahlawan  ,Pagpapagaling ng 25% HP para sa isang bayani  ,Pulihkan 25% HP untuk seorang wira  ,20,city/adventure/random_tower/icon/icon_xingxiangskill_1.png,city/adventure/random_tower/icon/box_pink.png,,2,,,,,,,,,1,1,25,,,,,,,,,,1
38,5,,Heal 50% HP for one hero  ,Hồi phục 50% máu cho một anh hùng,Heal 50% HP for one hero  ,ฟื้นฟู HP 50% ให้ฮีโร่หนึ่งตัว  ,Memulihkan 50% HP untuk satu pahlawan  ,Pagpapagaling ng 50% HP para sa isang bayani  ,Pulihkan 50% HP untuk seorang wira  ,50,city/adventure/random_tower/icon/icon_xingxiangskill_1.png,city/adventure/random_tower/icon/box_pink.png,,2,,,,,,,,,1,1,50,,,,,,,,,,1
39,5,,Heal 100% HP for one hero  ,Hồi phục 100% máu cho một anh hùng,Heal 100% HP for one hero  ,ฟื้นฟู HP 100% ให้ฮีโร่หนึ่งตัว  ,Memulihkan 100% HP untuk satu pahlawan  ,Pagpapagaling ng 100% HP para sa isang bayani  ,Pulihkan 100% HP untuk seorang wira  ,10,city/adventure/random_tower/icon/icon_xingxiangskill_1.png,city/adventure/random_tower/icon/box_pink.png,,2,,,,,,,,,1,1,100,,,,,,,,,,1
40,4,,Heal 25% HP for one hero  ,Hồi phục 25% máu cho một anh hùng,Heal 25% HP for one hero  ,ฟื้นฟู HP 25% ให้ฮีโร่หนึ่งตัว  ,Memulihkan 25% HP untuk satu pahlawan  ,Pagpapagaling ng 25% HP para sa isang bayani  ,Pulihkan 25% HP untuk seorang wira  ,1,city/adventure/random_tower/icon/icon_xingxiangskill_1.png,city/adventure/random_tower/icon/box_pink.png,,2,,,,,,,,,1,1,25,,,,,,,,,,1
41,4,,Heal 200 energy points for one hero  ,Hồi phục 200 điểm tức cho một anh hùng,Heal 200 energy points for one hero  ,ฟื้นฟูพลังงาน 200 คะแนนให้ฮีโร่หนึ่งตัว  ,Memulihkan 200 poin energi untuk satu pahlawan  ,Pagpapagaling ng 200 puntos ng enerhiya para sa isang bayani  ,Pulihkan 200 mata tenaga untuk seorang wira  ,20,city/adventure/random_tower/icon/icon_xingxiangskill_6.png,city/adventure/random_tower/icon/box_yellow.png,,2,,,,,,,,,2,1,25,,,,,,,,,,2
42,5,,Heal 500 energy points for one hero  ,Hồi phục 500 điểm tức cho một anh hùng,Heal 500 energy points for one hero  ,ฟื้นฟูพลังงาน 500 คะแนนให้ฮีโร่หนึ่งตัว  ,Memulihkan 500 poin energi untuk satu pahlawan  ,Pagpapagaling ng 500 puntos ng enerhiya para sa isang bayani  ,Pulihkan 500 mata tenaga untuk seorang wira  ,50,city/adventure/random_tower/icon/icon_xingxiangskill_6.png,city/adventure/random_tower/icon/box_yellow.png,,2,,,,,,,,,2,1,50,,,,,,,,,,2
43,5,,Heal 1000 energy points for one hero  ,Hồi phục 1000 điểm tức cho một anh hùng,Heal 1000 energy points for one hero  ,ฟื้นฟูพลังงาน 1000 คะแนนให้ฮีโร่หนึ่งตัว  ,Memulihkan 1000 poin energi untuk satu pahlawan  ,Pagpapagaling ng 1000 puntos ng enerhiya para sa isang bayani  ,Pulihkan 1000 mata tenaga untuk seorang wira  ,10,city/adventure/random_tower/icon/icon_xingxiangskill_6.png,city/adventure/random_tower/icon/box_yellow.png,,2,,,,,,,,,2,1,100,,,,,,,,,,2
44,5,,Heal 1000 energy points for one hero  ,Hồi phục 1000 điểm tức cho một anh hùng,Heal 1000 energy points for one hero  ,ฟื้นฟูพลังงาน 1000 คะแนนให้ฮีโร่หนึ่งตัว  ,Memulihkan 1000 poin energi untuk satu pahlawan  ,Pagpapagaling ng 1000 puntos ng enerhiya para sa isang bayani  ,Pulihkan 1000 mata tenaga untuk seorang wira  ,1,city/adventure/random_tower/icon/icon_xingxiangskill_6.png,city/adventure/random_tower/icon/box_yellow.png,,2,,,,,,,,,2,1,100,,,,,,,,,,2
45,4,,Revive one hero  ,Hồi sinh một anh hùng,Revive one hero  ,ชุบชีวิตฮีโร่หนึ่งตัว  ,Menghidupkan kembali satu pahlawan  ,Pagbuhay muli ng isang bayani  ,Hidupkan kembali seorang wira  ,20,city/adventure/random_tower/icon/icon_xingxiangskill_10.png,city/adventure/random_tower/icon/box_yellow.png,,2,,,,,,,,,3,1,,,,,,,,,,,3
46,5,,Revive one hero  ,Hồi sinh một anh hùng,Revive one hero  ,ชุบชีวิตฮีโร่หนึ่งตัว  ,Menghidupkan kembali satu pahlawan  ,Pagbuhay muli ng isang bayani  ,Hidupkan kembali seorang wira  ,20,city/adventure/random_tower/icon/icon_xingxiangskill_10.png,city/adventure/random_tower/icon/box_yellow.png,,2,,,,,,,,,3,1,,,,,,,,,,,3
47,4,,Revive one hero  ,Hồi sinh một anh hùng,Revive one hero  ,ชุบชีวิตฮีโร่หนึ่งตัว  ,Menghidupkan kembali satu pahlawan  ,Pagbuhay muli ng isang bayani  ,Hidupkan kembali seorang wira  ,1,city/adventure/random_tower/icon/icon_xingxiangskill_10.png,city/adventure/random_tower/icon/box_yellow.png,,2,,,,,,,,,3,1,,,,,,,,,,,3
48,5,,Revive one hero  ,Hồi sinh một anh hùng,Revive one hero  ,ชุบชีวิตฮีโร่หนึ่งตัว  ,Menghidupkan kembali satu pahlawan  ,Pagbuhay muli ng isang bayani  ,Hidupkan kembali seorang wira  ,1,city/adventure/random_tower/icon/icon_xingxiangskill_10.png,city/adventure/random_tower/icon/box_yellow.png,,2,,,,,,,,,3,1,,,,,,,,,,,3
49,6,,Fully heal all heroes' HP in the team  ,Hồi phục toàn bộ máu của anh hùng trong đội,Fully heal all heroes' HP in the team  ,ฟื้นฟู HP เต็มของฮีโร่ทั้งหมดในทีม  ,Memulihkan seluruh HP pahlawan dalam tim  ,Buong paggaling ng HP ng mga bayani sa koponan  ,Pulihkan semua HP wira dalam pasukan  ,20,city/adventure/random_tower/icon/icon_xingxiangskill_1.png,city/adventure/random_tower/icon/box_pink.png,,2,,,,,,,,,1,2,100,,,,,,,,,,1
50,6,,Fully restore all heroes' energy in the team  ,Hồi phục toàn bộ tức của anh hùng trong đội,Fully restore all heroes' energy in the team  ,ฟื้นฟูพลังงานเต็มของฮีโร่ทั้งหมดในทีม  ,Memulihkan seluruh energi pahlawan dalam tim  ,Buong paggaling ng enerhiya ng mga bayani sa koponan  ,Pulihkan semua tenaga wira dalam pasukan  ,20,city/adventure/random_tower/icon/icon_xingxiangskill_6.png,city/adventure/random_tower/icon/box_yellow.png,,2,,,,,,,,,2,2,100,,,,,,,,,,2
51,6,,Revive one hero  ,Hồi sinh một anh hùng,Revive one hero  ,ชุบชีวิตฮีโร่หนึ่งตัว  ,Menghidupkan kembali satu pahlawan  ,Pagbuhay muli ng isang bayani  ,Hidupkan kembali seorang wira  ,1,city/adventure/random_tower/icon/icon_xingxiangskill_10.png,city/adventure/random_tower/icon/box_yellow.png,,2,,,,,,,,,3,1,,,,,,,,,,,3
52,99,,"At battle end, gain additional points = remaining turns * 2  ","Khi kết thúc trận đấu, có thể nhận thêm điểm = số lượt còn lại * 2","At battle end, gain additional points = remaining turns * 2  ",เมื่อจบการต่อสู้ รับคะแนนเพิ่ม = จำนวนรอบที่เหลือ * 2  ,"Di akhir pertempuran, dapatkan poin tambahan = giliran tersisa * 2  ","Sa pagtatapos ng laban, makakakuha ng karagdagang puntos = natitirang mga turn * 2  ","Pada akhir pertempuran, dapatkan mata tambahan = giliran tinggal * 2  ",,city/adventure/random_tower/icon_jf.png,city/adventure/random_tower/icon/box_yellow.png,effect_huang,3,,,,,,,,,,,,1,2,,,,TRUE,,,,
53,99,,"At battle end, gain additional points = number of surviving heroes * 1  ","Khi kết thúc trận đấu, có thể nhận thêm điểm = số anh hùng còn sống * 1","At battle end, gain additional points = number of surviving heroes * 1  ",เมื่อจบการต่อสู้ รับคะแนนเพิ่ม = จำนวนฮีโร่ที่รอดชีวิต * 1  ,"Di akhir pertempuran, dapatkan poin tambahan = jumlah pahlawan yang masih hidup * 1  ","Sa pagtatapos ng laban, makakakuha ng karagdagang puntos = bilang ng mga bayani na buhay pa * 1  ","Pada akhir pertempuran, dapatkan mata tambahan = bilangan wira yang hidup * 1  ",10,city/adventure/random_tower/icon_jf.png,city/adventure/random_tower/icon/box_yellow.png,effect_huang,3,,,,,,,,,,,,2,1,,,,TRUE,,,,
54,99,,"At battle end, gain additional points = number of surviving heroes * 2  ","Khi kết thúc trận đấu, có thể nhận thêm điểm = số anh hùng còn sống * 2","At battle end, gain additional points = number of surviving heroes * 2  ",เมื่อจบการต่อสู้ รับคะแนนเพิ่ม = จำนวนฮีโร่ที่รอดชีวิต * 2  ,"Di akhir pertempuran, dapatkan poin tambahan = jumlah pahlawan yang masih hidup * 2  ","Sa pagtatapos ng laban, makakakuha ng karagdagang puntos = bilang ng mga bayani na buhay pa * 2  ","Pada akhir pertempuran, dapatkan mata tambahan = bilangan wira yang hidup * 2  ",,city/adventure/random_tower/icon_jf.png,city/adventure/random_tower/icon/box_yellow.png,effect_huang,3,,,,,,,,,,,,2,2,,,,TRUE,,,,
55,99,,"At battle end, gain additional points = current floor * 2  ","Khi kết thúc trận đấu, có thể nhận thêm điểm = tầng hiện tại * 2","At battle end, gain additional points = current floor * 2  ",เมื่อจบการต่อสู้ รับคะแนนเพิ่ม = ชั้นปัจจุบัน * 2  ,"Di akhir pertempuran, dapatkan poin tambahan = lantai saat ini * 2  ","Sa pagtatapos ng laban, makakakuha ng karagdagang puntos = kasalukuyang palapag * 2  ","Pada akhir pertempuran, dapatkan mata tambahan = tingkat sekarang * 2  ",,city/adventure/random_tower/icon_jf.png,city/adventure/random_tower/icon/box_yellow.png,effect_huang,3,,,,,,,,,,,,3,2,,,,TRUE,,,,
56,99,,Our hero's physical and magic attack +5%  ,Tấn công vật lý và phép của anh hùng của chúng tôi +5%,Our hero's physical and magic attack +5%  ,การโจมตีทางกายภาพและเวทของฮีโร่ฝ่ายเรา +5%  ,Serangan fisik dan sihir pahlawan kami +5%  ,Pag-atake ng pisikal at mahiwaga ng aming bayani +5%  ,Serangan fizikal dan magik wira kami +5%  ,1,city/adventure/random_tower/icon/icon_xingxiangskill_4.png,city/adventure/random_tower/icon/box_red.png,effect,,,8,5%,7,5%,,,,,,,,,,,,,,,,
101,21,,Our hero's physical attack +20%  ,Tấn công vật lý của anh hùng của chúng tôi +20%,Our hero's physical attack +20%  ,การโจมตีทางกายภาพของฮีโร่ฝ่ายเรา +20%  ,Serangan fisik pahlawan kami +20%  ,Pag-atake ng pisikal ng aming bayani +20%  ,Serangan fizikal wira kami +20%  ,,city/develop/talent/icon_wg.png,city/adventure/random_tower/icon/box_yellow.png,effect,,,7,20%,,,,,,,,,,,,,,TRUE,1,,,
102,21,,Our hero's magic attack +20%  ,Tấn công phép của anh hùng của chúng tôi +20%,Our hero's magic attack +20%  ,การโจมตีเวทของฮีโร่ฝ่ายเรา +20%  ,Serangan sihir pahlawan kami +20%  ,Pag-atake ng mahiwaga ng aming bayani +20%  ,Serangan magik wira kami +20%  ,,city/develop/talent/icon_tg.png,city/adventure/random_tower/icon/box_blue.png,effect,,,8,20%,,,,,,,,,,,,,,TRUE,1,,,
103,21,,Our hero's physical and magic attack +15%  ,Tấn công vật lý và phép của anh hùng của chúng tôi +15%,Our hero's physical and magic attack +15%  ,การโจมตีทางกายภาพและเวทของฮีโร่ฝ่ายเรา +15%  ,Serangan fisik dan sihir pahlawan kami +15%  ,Pag-atake ng pisikal at mahiwaga ng aming bayani +15%  ,Serangan fizikal dan magik wira kami +15%  ,,city/adventure/random_tower/icon/icon_xingxiangskill_4.png,city/adventure/random_tower/icon/box_red.png,effect,,,8,15%,7,15%,,,,,,,,,,,,,2,,,
104,21,,Our hero's damage increase +20%  ,Tăng sát thương của anh hùng của chúng tôi +20%,Our hero's damage increase +20%  ,เพิ่มความเสียหายของฮีโร่ฝ่ายเรา +20%  ,Peningkatan kerusakan pahlawan kami +20%  ,Pagtaas ng pinsala ng aming bayani +20%  ,Peningkatan kerosakan wira kami +20%  ,,city/develop/talent/icon_shjc.png,city/adventure/random_tower/icon/box_yellow.png,effect,,,22,2000,,,,,,,,,,,,,,TRUE,1,,,
105,21,,Our hero's critical rate +20%  ,Tỷ lệ chí mạng của anh hùng của chúng tôi +20%,Our hero's critical rate +20%  ,อัตราคริติคอลของฮีโร่ฝ่ายเรา +20%  ,Tingkat kritis pahlawan kami +20%  ,Tasa ng kritikal ng aming bayani +20%  ,Kadar kritikal wira kami +20%  ,,city/develop/talent/icon_bj.png,city/adventure/random_tower/icon/box_yellow.png,effect,,,14,2000,,,,,,,,,,,,,,TRUE,1,,,
106,21,,Our hero's critical damage +30%  ,Sát thương chí mạng của anh hùng của chúng tôi +30%,Our hero's critical damage +30%  ,ความเสียหายคริติคอลของฮีโร่ฝ่ายเรา +30%  ,Kerusakan kritis pahlawan kami +30%  ,Pinsalang kritikal ng aming bayani +30%  ,Kerosakan kritikal wira kami +30%  ,,city/develop/talent/icon_bjsh.png,city/adventure/random_tower/icon/box_orange.png,effect,,,15,30%,,,,,,,,,,,,,,TRUE,1,,,
121,22,,Our hero's physical defense +30%  ,Phòng thủ vật lý của anh hùng của chúng tôi +30%,Our hero's physical defense +30%  ,การป้องกันทางกายภาพของฮีโร่ฝ่ายเรา +30%  ,Pertahanan fisik pahlawan kami +30%  ,Depensa sa pisikal ng aming bayani +30%  ,Pertahanan fizikal wira kami +30%  ,,city/develop/talent/icon_wf.png,city/adventure/random_tower/icon/box_green.png,effect_lan,,,9,30%,,,,,,,,,,,,,,TRUE,1,,,
122,22,,Our hero's magic defense +30%  ,Phòng thủ phép của anh hùng của chúng tôi +30%,Our hero's magic defense +30%  ,การป้องกันเวทของฮีโร่ฝ่ายเรา +30%  ,Pertahanan sihir pahlawan kami +30%  ,Depensa sa mahiwaga ng aming bayani +30%  ,Pertahanan magik wira kami +30%  ,,city/develop/talent/icon_tf.png,city/adventure/random_tower/icon/box_purple.png,effect_lan,,,10,30%,,,,,,,,,,,,,,TRUE,1,,,
123,22,,Our hero's physical and magic defense +25%  ,Phòng thủ vật lý và phép của anh hùng của chúng tôi +25%,Our hero's physical and magic defense +25%  ,การป้องกันทางกายภาพและเวทของฮีโร่ฝ่ายเรา +25%  ,Pertahanan fisik dan sihir pahlawan kami +25%  ,Depensa sa pisikal at mahiwaga ng aming bayani +25%  ,Pertahanan fizikal dan magik wira kami +25%  ,,city/adventure/random_tower/icon/icon_xingxiangskill_5.png,city/adventure/random_tower/icon/box_blue.png,effect_lan,,,10,25%,9,25%,,,,,,,,,,,,,2,,,
124,22,,Reduce damage of our hero by 20%,Giảm sát thương của anh hùng của chúng tôi +20%,Reduce damage of our hero by 20%,ลดความเสียหายของฮีโร่ของเรา 20%,Kurangi damage pahlawan kita sebesar 20%,Bawasan ang pinsala ng aming bayani ng 20%,Kurangkan kerosakan wira kita sebanyak 20%,,city/develop/talent/icon_shjm.png,city/adventure/random_tower/icon/box_yellow.png,effect_lan,,,23,2000,,,,,,,,,,,,,,TRUE,1,,,
200,1111,,Lose 10% current HP,Mất 10% máu hiện tại,Lose 10% current HP,เสียเลือดปัจจุบัน 10%,Kehilangan 10% HP saat ini,Mawalan ng 10% kasalukuyang HP,Hilang 10% HP semasa,,,,,2,,,,,,,,,4,2,10,,,,,,,,,,
201,1111,,Lose 20% current HP,Mất 20% máu hiện tại,Lose 20% current HP,เสียเลือดปัจจุบัน 20%,Kehilangan 20% HP saat ini,Mawalan ng 20% kasalukuyang HP,Hilang 20% HP semasa,,,,,2,,,,,,,,,4,2,20,,,,,,,,,,
202,1111,,Lose 30% current HP,Mất 30% máu hiện tại,Lose 30% current HP,เสียเลือดปัจจุบัน 30%,Kehilangan 30% HP saat ini,Mawalan ng 30% kasalukuyang HP,Hilang 30% HP semasa,,,,,2,,,,,,,,,4,2,30,,,,,,,,,,
203,1111,,Reduce 200 current rage points,Giảm 200 điểm tức hiện tại,Reduce 200 current rage points,ลดพลังโกรธปัจจุบัน 200 แต้ม,Kurangi 200 poin amarah saat ini,Bawasan ng 200 kasalukuyang puntos ng galit,Kurangkan 200 mata kemarahan semasa,,,,,2,,,,,,,,,5,2,20,,,,,,,,,,
204,1111,,Reduce 500 current rage points,Giảm 500 điểm tức hiện tại,Reduce 500 current rage points,ลดพลังโกรธปัจจุบัน 500 แต้ม,Kurangi 500 poin amarah saat ini,Bawasan ng 500 kasalukuyang puntos ng galit,Kurangkan 500 mata kemarahan semasa,,,,,2,,,,,,,,,5,2,50,,,,,,,,,,
205,1111,,Reduce 1000 current rage points,Giảm 1000 điểm tức hiện tại,Reduce 1000 current rage points,ลดพลังโกรธปัจจุบัน 1000 แต้ม,Kurangi 1000 poin amarah saat ini,Bawasan ng 1000 kasalukuyang puntos ng galit,Kurangkan 1000 mata kemarahan semasa,,,,,2,,,,,,,,,5,2,100,,,,,,,,,,
206,1111,,Increase 500 current rage points,Tăng 500 điểm tức hiện tại,Increase 500 current rage points,เพิ่มพลังโกรธปัจจุบัน 500 แต้ม,Tambahkan 500 poin amarah saat ini,Dagdagan ng 500 kasalukuyang puntos ng galit,Tambah 500 mata kemarahan semasa,,,,,2,,,,,,,,,2,2,50,,,,,,,,,,
207,1111,,Our hero's speed -20%,Tốc độ của anh hùng của chúng tôi -20%,Our hero's speed -20%,ความเร็วของฮีโร่ของเราลดลง 20%,Kecepatan pahlawan kita berkurang 20%,Bilis ng aming bayani bumaba ng 20%,Kelajuan wira kita berkurangan 20%,,city/adventure/random_tower/icon/icon_xingxiangskill_6.png,,effect_lan,,,13,-20%,,,,,,,,,,,,,,,,,,
208,1111,,Our hero's speed -40%,Tốc độ của anh hùng của chúng tôi -40%,Our hero's speed -40%,ความเร็วของฮีโร่ของเราลดลง 40%,Kecepatan pahlawan kita berkurang 40%,Bilis ng aming bayani bumaba ng 40%,Kelajuan wira kita berkurangan 40%,,city/adventure/random_tower/icon/icon_xingxiangskill_6.png,,effect_lan,,,13,-40%,,,,,,,,,,,,,,,,,,
210,1111,,Fully restore HP of heroes in the team,Hồi phục toàn bộ máu của anh hùng trong đội,Fully restore HP of heroes in the team,ฟื้นฟูเลือดเต็มของฮีโร่ในทีม,Pulihkan seluruh HP pahlawan dalam tim,Ganap na pagalingin ang HP ng mga bayani sa koponan,Pulihkan semua HP wira dalam pasukan,,,,,2,,,,,,,,,1,2,100,,,,,,,,,,
211,1111,,Fully restore rage of heroes in the team,Hồi phục toàn bộ tức của anh hùng trong đội,Fully restore rage of heroes in the team,ฟื้นฟูพลังโกรธเต็มของฮีโร่ในทีม,Pulihkan seluruh amarah pahlawan dalam tim,Ganap na pagalingin ang galit ng mga bayani sa koponan,Pulihkan semua kemarahan wira dalam pasukan,,,,,2,,,,,,,,,2,2,100,,,,,,,,,,
212,1111,,Physical attack of our hero -5%,Tấn công vật lý của anh hùng của chúng tôi -5%,Physical attack of our hero -5%,พลังโจมตีทางกายภาพของฮีโร่ของเราลดลง 5%,Serangan fisik pahlawan kita berkurang 5%,Physical attack ng aming bayani bumaba ng 5%,Serangan fizikal wira kita berkurangan 5%,,city/adventure/random_tower/icon/icon_xingxiangskill_4.png,,effect,,,7,-5%,,,,,,,,,,,,,,,,,,
213,1111,,Magic attack of our hero -5%,Tấn công phép của anh hùng của chúng tôi -5%,Magic attack of our hero -5%,พลังโจมตีเวทมนตร์ของฮีโร่ของเราลดลง 5%,Serangan sihir pahlawan kita berkurang 5%,Magic attack ng aming bayani bumaba ng 5%,Serangan sihir wira kita berkurangan 5%,,city/adventure/random_tower/icon/icon_xingxiangskill_4.png,,effect,,,8,-5%,,,,,,,,,,,,,,,,,,
214,1111,,Restore 20% HP of heroes in the team,Hồi phục 20% máu của anh hùng trong đội,Restore 20% HP of heroes in the team,ฟื้นฟูเลือด 20% ของฮีโร่ในทีม,Pulihkan 20% HP pahlawan dalam tim,Pagalingin ang 20% HP ng mga bayani sa koponan,Pulihkan 20% HP wira dalam pasukan,,,,,2,,,,,,,,,1,2,20,,,,,,,,,,
215,1111,,Increase 200 rage points for heroes in the team,Tăng 200 điểm tức cho anh hùng trong đội,Increase 200 rage points for heroes in the team,เพิ่มพลังโกรธ 200 แต้มให้ฮีโร่ในทีม,Tambahkan 200 poin amarah untuk pahlawan dalam tim,Dagdagan ng 200 puntos ng galit para sa mga bayani sa koponan,Tambah 200 mata kemarahan untuk wira dalam pasukan,,,,,2,,,,,,,,,2,2,20,,,,,,,,,,
1001,103,,"When our hero's HP is below 40%, each attack increases damage by 10% (can stack).","Khi máu của anh hùng của chúng tôi dưới 40%, mỗi lần tấn công sẽ tăng 10% sát thương (có thể chồng chất).","When our hero's HP is below 40%, each attack increases damage by 10% (can stack).",เมื่อเลือดของฮีโร่ของเราต่ำกว่า 40% ทุกการโจมตีจะเพิ่มความเสียหาย 10% (สามารถซ้อนทับได้),"Ketika HP pahlawan kita di bawah 40%, setiap serangan meningkatkan damage sebesar 10% (dapat menumpuk).","Kapag ang HP ng aming bayani ay mas mababa sa 40%, bawat atake ay nagdaragdag ng 10% pinsala (pwedeng mag-stack).","Apabila HP wira kita di bawah 40%, setiap serangan meningkatkan kerosakan sebanyak 10% (boleh bertindih).",,city/adventure/random_tower/icon/icon_xingxiangskill_6.png,city/adventure/random_tower/icon/box_yellow.png,effect_huang,4,,,,,,,,,,,,,,80001,,,TRUE,1,5,,
1002,200,,"Each time our hero loses 10% HP, damage increases by 8%.","Mỗi khi anh hùng của chúng tôi mất 10% máu, sát thương sẽ tăng 8%.","Each time our hero loses 10% HP, damage increases by 8%.",ทุกครั้งที่ฮีโร่ของเราเสียเลือด 10% ความเสียหายจะเพิ่มขึ้น 8%,"Setiap kali pahlawan kita kehilangan 10% HP, damage meningkat 8%.","Tuwing mawawala ang 10% HP ng aming bayani, tumataas ang pinsala ng 8%.","Setiap kali wira kita kehilangan 10% HP, kerosakan meningkat 8%.",,city/adventure/random_tower/icon/icon_xingxiangskill_6.png,city/adventure/random_tower/icon/box_red.png,effect,4,,,,,,,,,,,,,,80002,,,TRUE,,,5,
1003,200,,"Each time damage is dealt to an enemy, add 8% true damage based on our hero's lost HP.","Mỗi lần gây sát thương cho kẻ địch, sẽ thêm 8% sát thương thật từ lượng máu đã mất của anh hùng.","Each time damage is dealt to an enemy, add 8% true damage based on our hero's lost HP.",ทุกครั้งที่ทำความเสียหายกับศัตรู จะเพิ่มความเสียหายจริง 8% จากเลือดที่เสียไปของฮีโร่ของเรา,"Setiap kali memberikan damage ke musuh, tambahkan 8% damage sejati berdasarkan HP yang hilang pahlawan kita.","Tuwing nakakasakit sa kalaban, dagdagan ng 8% totoong pinsala mula sa nawalang HP ng aming bayani.","Setiap kali memberi kerosakan kepada musuh, tambah 8% kerosakan benar berdasarkan HP yang hilang oleh wira kita.",,city/adventure/random_tower/icon/icon_xingxiangskill_6.png,city/adventure/random_tower/icon/box_yellow.png,effect_huang,4,,,,,,,,,,,,,,80003,,,TRUE,,,5,
1004,200,,"Each time damage is dealt to an enemy, add 5% true damage based on the enemy's lost HP.","Mỗi lần gây sát thương cho kẻ địch, sẽ thêm 5% sát thương thật từ lượng máu đã mất của kẻ địch.","Each time damage is dealt to an enemy, add 5% true damage based on the enemy's lost HP.",ทุกครั้งที่ทำความเสียหายกับศัตรู จะเพิ่มความเสียหายจริง 5% จากเลือดที่เสียไปของศัตรู,"Setiap kali memberikan damage ke musuh, tambahkan 5% damage sejati berdasarkan HP yang hilang musuh.","Tuwing nakakasakit sa kalaban, dagdagan ng 5% totoong pinsala mula sa nawalang HP ng kalaban.","Setiap kali memberi kerosakan kepada musuh, tambah 5% kerosakan benar berdasarkan HP yang hilang oleh musuh.",,city/adventure/random_tower/icon/icon_xingxiangskill_6.png,city/adventure/random_tower/icon/box_yellow.png,effect_huang,4,,,,,,,,,,,,,,80004,,,TRUE,,,2,
1005,101,,Increase own attack by 30% of current defense.,"Tăng sức tấn công của bản thân, giá trị tăng là 30% phòng thủ hiện tại.",Increase own attack by 30% of current defense.,เพิ่มพลังโจมตีของตัวเองเป็น 30% ของพลังป้องกันปัจจุบัน,Tingkatkan serangan sendiri sebesar 30% dari pertahanan saat ini.,Dagdagan ang sariling atake ng 30% ng kasalukuyang depensa.,Tingkatkan serangan sendiri sebanyak 30% daripada pertahanan semasa.,,city/adventure/random_tower/icon/icon_xingxiangskill_6.png,city/adventure/random_tower/icon/box_red.png,effect,4,,,,,,,,,,,,,,80005,,,TRUE,1,7,,
1006,999,,"When using ultimate skill for the first time in battle, increase critical rate by 50%.","Khi sử dụng tuyệt chiêu lần đầu trong trận chiến, sẽ thêm 50% tỷ lệ chí mạng.","When using ultimate skill for the first time in battle, increase critical rate by 50%.",เมื่อใช้สกิลอัลติเมทครั้งแรกในสงคราม เพิ่มอัตราคริติคอล 50%,"Saat menggunakan skill ultimate pertama kali dalam pertarungan, tingkat kritis bertambah 50%.","Kapag ginamit ang ultimate skill sa unang pagkakataon sa laban, dagdagan ng 50% ang critical rate.","Apabila menggunakan kemahiran ultimate kali pertama dalam pertempuran, tingkatkan kadar kritikal sebanyak 50%.",,city/adventure/random_tower/icon/icon_xingxiangskill_6.png,city/adventure/random_tower/icon/box_yellow.png,effect_huang,4,,,,,,,,,,,,,,80006,1,,TRUE,,,,
1007,200,,"Each time ultimate skill is used, damage increases by 10%, effect lasts until the end of battle.","Mỗi lần sử dụng tuyệt chiêu, sát thương sẽ tăng 10%, hiệu quả kéo dài đến khi trận chiến kết thúc.","Each time ultimate skill is used, damage increases by 10%, effect lasts until the end of battle.",ทุกครั้งที่ใช้สกิลอัลติเมท ความเสียหายจะเพิ่มขึ้น 10% มีผลจนจบการต่อสู้,"Setiap kali menggunakan skill ultimate, damage meningkat 10%, efek bertahan hingga akhir pertarungan.","Tuwing ginagamit ang ultimate skill, tumataas ang pinsala ng 10%, tumatagal hanggang matapos ang laban.","Setiap kali menggunakan kemahiran ultimate, kerosakan meningkat 10%, kesan bertahan sehingga tamat pertempuran.",,city/adventure/random_tower/icon/icon_xingxiangskill_6.png,city/adventure/random_tower/icon/box_yellow.png,effect_huang,4,,,,,,,,,,,,,,80007,,,TRUE,,,2,
1008,200,,"Each time a basic attack or small skill is used, the next ultimate skill damage increases by 10%, this increase is lost after using ultimate skill.","Mỗi lần sử dụng đòn đánh cơ bản hoặc kỹ năng nhỏ, lần sử dụng tuyệt chiêu tiếp theo sẽ tăng 10% sát thương, khi sử dụng tuyệt chiêu, phần tăng này sẽ mất đi.","Each time a basic attack or small skill is used, the next ultimate skill damage increases by 10%, this increase is lost after using ultimate skill.",ทุกครั้งที่ใช้การโจมตีปกติหรือสกิลเล็ก สกิลอัลติเมทครั้งต่อไปจะเพิ่มความเสียหาย 10% และส่วนนี้จะหายไปเมื่อใช้สกิลอัลติเมท,"Setiap kali menggunakan serangan dasar atau skill kecil, penggunaan skill ultimate berikutnya meningkat 10% damage, peningkatan ini hilang setelah menggunakan skill ultimate.","Tuwing gumagamit ng basic attack o maliit na skill, ang susunod na ultimate skill ay tataas ng 10% pinsala, mawawala ang dagdag na ito pagkatapos gamitin ang ultimate.","Setiap kali menggunakan serangan asas atau kemahiran kecil, kemahiran ultimate seterusnya meningkat 10% kerosakan, peningkatan ini hilang selepas menggunakan kemahiran ultimate.",,city/adventure/random_tower/icon/icon_xingxiangskill_6.png,city/adventure/random_tower/icon/box_yellow.png,effect_huang,4,,,,,,,,,,,,,,80008,,,TRUE,,,2,
1009,200,,"When our hero's HP is below 50%, receive 20% damage reduction until the end of battle.","Khi máu của anh hùng của chúng tôi dưới 50%, nhận thêm 20% giảm sát thương cho đến khi trận chiến kết thúc.","When our hero's HP is below 50%, receive 20% damage reduction until the end of battle.",เมื่อเลือดของฮีโร่ของเราต่ำกว่า 50% รับการลดความเสียหายเพิ่ม 20% จนจบการต่อสู้,"Ketika HP pahlawan kita di bawah 50%, terima pengurangan damage tambahan 20% hingga akhir pertarungan.","Kapag ang HP ng aming bayani ay mas mababa sa 50%, makatanggap ng dagdag na 20% bawas pinsala hanggang matapos ang laban.","Apabila HP wira kita di bawah 50%, terima pengurangan kerosakan tambahan 20% sehingga tamat pertempuran.",,city/adventure/random_tower/icon/icon_xingxiangskill_5.png,city/adventure/random_tower/icon/box_blue.png,effect_blue,4,,,,,,,,,,,,,,80009,,,TRUE,,,5,
1010,200,,"When our hero's HP is below 30%, increase lifesteal by 30% until the end of battle.","Khi máu của anh hùng của chúng tôi dưới 30%, tăng thêm 30% hút máu cho đến khi trận chiến kết thúc.","When our hero's HP is below 30%, increase lifesteal by 30% until the end of battle.",เมื่อเลือดของฮีโร่ของเราต่ำกว่า 30% เพิ่มการดูดเลือด 30% จนจบการต่อสู้,"Ketika HP pahlawan kita di bawah 30%, tingkatkan lifesteal sebesar 30% hingga akhir pertarungan.","Kapag ang HP ng aming bayani ay mas mababa sa 30%, dagdagan ang lifesteal ng 30% hanggang matapos ang laban.","Apabila HP wira kita di bawah 30%, tingkatkan lifesteal sebanyak 30% sehingga tamat pertempuran.",,city/adventure/random_tower/icon/icon_xingxiangskill_6.png,city/adventure/random_tower/icon/box_yellow.png,effect_huang,4,,,,,,,,,,,,,,80010,,,TRUE,,,5,
1011,200,,"Each time damage is received, increase physical and magical defense by 15%, stacks up to 3 times, lasts 2 turns.","Mỗi lần nhận sát thương, tăng 15% phòng thủ vật lý và pháp thuật, tối đa cộng dồn 3 lần, kéo dài 2 lượt.","Each time damage is received, increase physical and magical defense by 15%, stacks up to 3 times, lasts 2 turns.",ทุกครั้งที่ได้รับความเสียหาย เพิ่มพลังป้องกันกายภาพและเวทมนตร์ 15% ซ้อนกันได้สูงสุด 3 ครั้ง มีผล 2 เทิร์น,"Setiap kali menerima damage, tingkatkan pertahanan fisik dan sihir sebesar 15%, maksimal 3 kali bertumpuk, bertahan selama 2 giliran.","Tuwing nakakatanggap ng pinsala, dagdagan ang physical at magical defense ng 15%, pwedeng mag-stack ng hanggang 3 beses, tumatagal ng 2 turn.","Setiap kali menerima kerosakan, tingkatkan pertahanan fizikal dan magik sebanyak 15%, bertindih sehingga 3 kali, bertahan 2 giliran.",,city/adventure/random_tower/icon/icon_xingxiangskill_5.png,city/adventure/random_tower/icon/box_blue.png,effect_blue,4,,,,,,,,,,,,,,80011,,,TRUE,,,7,
1012,200,,"Each time our hero's HP decreases by 10%, increase lifesteal by 5%.","Mỗi khi máu của anh hùng giảm 10%, tăng 5% hút máu.","Each time our hero's HP decreases by 10%, increase lifesteal by 5%.",ทุกครั้งที่เลือดของฮีโร่ลดลง 10% เพิ่มการดูดเลือด 5%,"Setiap kali HP pahlawan berkurang 10%, tingkatkan lifesteal sebesar 5%.","Tuwing bumababa ang HP ng aming bayani ng 10%, dagdagan ang lifesteal ng 5%.","Setiap kali HP wira berkurang 10%, tingkatkan lifesteal sebanyak 5%.",,city/adventure/random_tower/icon/icon_xingxiangskill_8.png,city/adventure/random_tower/icon/box_red.png,effect,4,,,,,,,,,,,,,,80012,,,TRUE,,,5,
1013,102,,"Convert all lifesteal components into a shield layer (shield = max HP * lifesteal rate * 1.5), shield lasts 2 turns.","Chuyển tất cả các thành phần hút máu thành lớp khiên (lớp khiên = giới hạn máu * tỷ lệ hút máu * 1.5), khiên duy trì 2 lượt.","Convert all lifesteal components into a shield layer (shield = max HP * lifesteal rate * 1.5), shield lasts 2 turns.",เปลี่ยนส่วนประกอบการดูดเลือดทั้งหมดเป็นเกราะ (เกราะ = พลังชีวิตสูงสุด * อัตราการดูดเลือด * 1.5) เกราะมีผล 2 เทิร์น,"Ubah semua komponen lifesteal menjadi lapisan perisai (perisai = HP maksimal * tingkat lifesteal * 1.5), perisai bertahan 2 giliran.","I-convert lahat ng lifesteal components sa shield layer (shield = max HP * lifesteal rate * 1.5), tumatagal ang shield ng 2 turn.","Tukar semua komponen lifesteal kepada lapisan perisai (perisai = HP maksimum * kadar lifesteal * 1.5), perisai bertahan 2 giliran.",,city/adventure/random_tower/icon/icon_xingxiangskill_6.png,city/adventure/random_tower/icon/box_yellow.png,effect_huang,4,,,,,,,,,,,,,,80013,,,TRUE,1,9,,
1014,200,,"When having shield, immune to control effects.","Khi có khiên, miễn nhiễm hiệu ứng kiểm soát.","When having shield, immune to control effects.",เมื่อมีเกราะ ป้องกันสถานะควบคุม,"Saat memiliki perisai, kebal terhadap efek kontrol.","Kapag may shield, immune sa control effects.","Apabila mempunyai perisai, kebal terhadap kesan kawalan.",,city/adventure/random_tower/icon/icon_xingxiangskill_6.png,city/adventure/random_tower/icon/box_yellow.png,effect_huang,4,,,,,,,,,,,,,,80014,,,TRUE,,,9,
1015,200,,"When receiving damage, 5% chance to silence the attacker for 1 turn.","Khi nhận sát thương, có 5% tỷ lệ gây im lặng đối với kẻ tấn công trong 1 lượt.","When receiving damage, 5% chance to silence the attacker for 1 turn.",เมื่อได้รับความเสียหาย มีโอกาส 5% ที่จะทำให้ศัตรูเงียบเป็นเวลา 1 เทิร์น,"Saat menerima damage, ada peluang 5% untuk membungkam penyerang selama 1 giliran.","Kapag nakakatanggap ng pinsala, may 5% chance na ma-silence ang attacker ng 1 turn.","Apabila menerima kerosakan, ada peluang 5% untuk menyenyapkan penyerang selama 1 giliran.",,city/adventure/random_tower/icon/icon_xingxiangskill_6.png,city/adventure/random_tower/icon/box_green.png,effect_huang,4,,,,,,,,,,,,,,80015,,,TRUE,,,7,
1016,1000,,"At the start of the battle, gain 100 rage points.","Khi bắt đầu trận đấu, nhận thêm 100 điểm tức.","At the start of the battle, gain 100 rage points.",เมื่อเริ่มการต่อสู้ รับพลังโกรธ 100 แต้ม,"Saat mulai pertarungan, dapatkan 100 poin amarah.","Sa simula ng laban, tumanggap ng 100 puntos ng galit.","Pada permulaan pertempuran, dapatkan 100 mata kemarahan.",,city/adventure/random_tower/icon/icon_xingxiangskill_6.png,city/adventure/random_tower/icon/box_yellow.png,effect_huang,4,,,,,,,,,,,,,,80016,,,TRUE,,,,
1017,1000,,"When defeating an enemy, gain 100 rage points.","Khi đánh bại kẻ địch, nhận thêm 100 điểm tức.","When defeating an enemy, gain 100 rage points.",เมื่อฆ่าศัตรู รับพลังโกรธ 100 แต้ม,"Saat mengalahkan musuh, dapatkan 100 poin amarah.","Kapag napatay ang kalaban, tumanggap ng 100 puntos ng galit.","Apabila mengalahkan musuh, dapatkan 100 mata kemarahan.",,city/adventure/random_tower/icon/icon_xingxiangskill_6.png,city/adventure/random_tower/icon/box_yellow.png,effect_huang,4,,,,,,,,,,,,,,80017,,,TRUE,,,,
1018,1000,,"When receiving damage, gain 100 rage points.","Khi nhận sát thương, nhận thêm 100 điểm tức.","When receiving damage, gain 100 rage points.",เมื่อได้รับความเสียหาย รับพลังโกรธ 100 แต้ม,"Saat menerima damage, dapatkan 100 poin amarah.","Kapag nakatanggap ng pinsala, tumanggap ng 100 puntos ng galit.","Apabila menerima kerosakan, dapatkan 100 mata kemarahan.",,city/adventure/random_tower/icon/icon_xingxiangskill_6.png,city/adventure/random_tower/icon/box_yellow.png,effect_huang,4,,,,,,,,,,,,,,80018,,,TRUE,,,,
1019,101,,Provide all present heroes with current attribute * 5% (only main attribute) physical and magic attack.,Cung cấp cho tất cả anh hùng có mặt thuộc tính hiện tại * 5% (chỉ tính thuộc tính chính) tấn công vật lý và phép thuật.,Provide all present heroes with current attribute * 5% (only main attribute) physical and magic attack.,มอบพลังโจมตีทางกายภาพและเวทมนตร์ให้ฮีโร่ทุกคนที่อยู่ในสนาม เท่ากับ 5% ของค่าสถานะหลักปัจจุบัน,Berikan semua pahlawan yang hadir atribut saat ini * 5% (hanya atribut utama) serangan fisik dan sihir.,Bigyan lahat ng bayani sa laban ng kasalukuyang attribute * 5% (pangunahing attribute lang) physical at magic attack.,Berikan semua wira yang hadir atribut semasa * 5% (hanya atribut utama) serangan fizikal dan magik.,,city/adventure/random_tower/icon/icon_xingxiangskill_4.png,city/adventure/random_tower/icon/box_red.png,effect,4,,,,,,,,,,,,,,80019,,,TRUE,1,1,,
1020,1111,,"Each battle, a random hero gains an additional 20% physical and magic attack.","Mỗi trận chiến, ngẫu nhiên một anh hùng nhận thêm 20% tấn công vật lý và phép thuật.","Each battle, a random hero gains an additional 20% physical and magic attack.",ในแต่ละการต่อสู้ ฮีโร่สุ่มหนึ่งคนจะได้รับพลังโจมตีทางกายภาพและเวทมนตร์เพิ่มขึ้น 20%,"Setiap pertarungan, satu pahlawan acak mendapat tambahan 20% serangan fisik dan sihir.","Bawat laban, random na isang bayani ang tumatanggap ng dagdag na 20% physical at magic attack.","Setiap pertempuran, seorang wira rawak mendapat tambahan 20% serangan fizikal dan magik.",,city/adventure/random_tower/icon/icon_xingxiangskill_4.png,city/adventure/random_tower/icon/box_red.png,effect,4,,,,,,,,,,,,,,80020,,,TRUE,,,2,
1021,102,,Calculate the main attribute of all heroes in battle. The hero with the highest attribute count gains 5% Physical and Magic Attack.,"Tính toán thuộc tính của các anh hùng tham chiến (chỉ tính thuộc tính chính), tăng thêm số lượng * 5% tấn công vật lý và phép thuật cho anh hùng sử dụng nhiều thuộc tính nhất.",Calculate the main attribute of all heroes in battle. The hero with the highest attribute count gains 5% Physical and Magic Attack.,คำนวณค่าสถานะหลักของฮีโร่ทุกตัวที่เข้าร่วมการต่อสู้ ฮีโร่ที่มีค่าสถานะมากที่สุดจะได้รับพลังโจมตีกายภาพและเวทมนตร์เพิ่มขึ้น 5%,Hitung atribut utama dari semua pahlawan yang ikut bertarung. Pahlawan dengan jumlah atribut terbanyak mendapatkan 5% Serangan Fisik dan Sihir.,Kalkulahin ang pangunahing attribute ng lahat ng bayani sa labanan. Ang bayani na may pinakamaraming attribute ay makakakuha ng 5% Physical at Magic Attack.,Kira atribut utama semua wira yang bertempur. Wira dengan jumlah atribut tertinggi mendapat 5% Serangan Fizikal dan Ajaib.,,city/adventure/random_tower/icon/icon_xingxiangskill_4.png,city/adventure/random_tower/icon/box_red.png,effect,4,,,,,,,,,,,,,,80021,,,TRUE,1,2,,
1022,1000,,"When dealing magic damage, gain 5% Critical Rate for 2 turns. Can stack up to 4 times. Stacking refreshes duration.","Khi gây sát thương phép thuật, tỷ lệ chí mạng tăng 5%, kéo dài 2 lượt, có thể cộng dồn tối đa 4 lần, cộng dồn sẽ làm mới thời gian kéo dài.","When dealing magic damage, gain 5% Critical Rate for 2 turns. Can stack up to 4 times. Stacking refreshes duration.",เมื่อสร้างความเสียหายเวทมนตร์ จะได้รับอัตราคริติคอลเพิ่มขึ้น 5% เป็นเวลา 2 เทิร์น สามารถสะสมได้สูงสุด 4 ครั้ง การสะสมจะรีเฟรชระยะเวลา,"Saat memberikan damage sihir, dapatkan 5% Peluang Kritis selama 2 giliran. Dapat ditumpuk hingga 4 kali. Penumpukan memperbarui durasi.","Kapag nagdulot ng magic damage, makakakuha ng 5% Critical Rate sa loob ng 2 turns. Pwedeng i-stack hanggang 4 na beses. Ang pag-stack ay nire-reset ang tagal.","Apabila menyebabkan kerosakan sihir, dapatkan 5% Kadar Kritikal selama 2 giliran. Boleh ditumpuk sehingga 4 kali. Penumpukan menyegar semula tempoh.",,city/adventure/random_tower/icon/icon_xingxiangskill_6.png,city/adventure/random_tower/icon/box_orange.png,effect,4,,,,,,,,,,,,,,80022,,,TRUE,,,,
1023,1000,,Every 20% Magic Attack increase grants an additional 10% Physical Attack.,"Mỗi khi nhận được 20% tăng pháp thuật, có thể nhận thêm 10% tấn công vật lý.",Every 20% Magic Attack increase grants an additional 10% Physical Attack.,ทุกการเพิ่มพลังเวทมนตร์ 20% จะได้รับพลังโจมตีกายภาพเพิ่มขึ้น 10%,Setiap peningkatan 20% Serangan Sihir memberikan tambahan 10% Serangan Fisik.,Bawat 20% dagdag sa Magic Attack ay nagbibigay ng dagdag na 10% Physical Attack.,Setiap kenaikan 20% Serangan Ajaib memberikan tambahan 10% Serangan Fizikal.,,city/adventure/random_tower/icon/icon_xingxiangskill_6.png,city/adventure/random_tower/icon/box_yellow.png,effect_huang,4,,,,,,,,,,,,,,80023,,,TRUE,1,,,
1024,1000,,"Increase Critical Damage by 20%. When landing a critical hit, restore 10% of max HP.","Tăng 20% sát thương chí mạng, khi gây chí mạng sẽ hồi phục 10% máu tối đa.","Increase Critical Damage by 20%. When landing a critical hit, restore 10% of max HP.",เพิ่มความเสียหายคริติคอล 20% เมื่อติดคริติคอลจะฟื้นฟู HP สูงสุด 10%,"Tingkatkan Kerusakan Kritis sebesar 20%. Saat mengenai kritis, pulihkan 10% HP maksimum.","Dagdagan ang Critical Damage ng 20%. Kapag nag-critical, magre-regen ng 10% ng max HP.","Tingkatkan Kerosakan Kritikal sebanyak 20%. Apabila mengenai kritikal, pulihkan 10% HP maksimum.",,city/adventure/random_tower/icon/icon_xingxiangskill_6.png,city/adventure/random_tower/icon/box_orange.png,effect_huang,4,,,,,,,,,,,,,,80024,,,TRUE,,,,
1025,1000,,Every 20% Physical Attack increase grants an additional 10% Magic Attack.,"Mỗi khi nhận được 20% tấn công vật lý, có thể nhận thêm 10% tấn công phép thuật.",Every 20% Physical Attack increase grants an additional 10% Magic Attack.,ทุกการเพิ่มพลังโจมตีกายภาพ 20% จะได้รับพลังโจมตีเวทเพิ่มขึ้น 10%,Setiap peningkatan 20% Serangan Fisik memberikan tambahan 10% Serangan Sihir.,Bawat 20% Physical Attack ay nagbibigay ng dagdag na 10% Magic Attack.,Setiap kenaikan 20% Serangan Fizikal memberikan tambahan 10% Serangan Ajaib.,,city/adventure/random_tower/icon/icon_xingxiangskill_6.png,city/adventure/random_tower/icon/box_orange.png,effect_huang,4,,,,,,,,,,,,,,80025,,,TRUE,,,,
1026,200,,"When dealing damage to a controlled enemy, remove their control effect and deal damage equal to 20% of their current HP.","Khi gây sát thương cho kẻ địch bị kiểm soát, sẽ giải trừ hiệu ứng kiểm soát của chúng và gây sát thương bằng 20% máu hiện tại của chúng.","When dealing damage to a controlled enemy, remove their control effect and deal damage equal to 20% of their current HP.",เมื่อสร้างความเสียหายต่อศัตรูที่ถูกควบคุม จะลบสถานะควบคุมและสร้างความเสียหายเท่ากับ 20% ของ HP ปัจจุบันของพวกเขา,"Saat memberikan damage kepada musuh yang terkena kontrol, hilangkan efek kontrol mereka dan berikan damage sebesar 20% dari HP saat ini mereka.","Kapag nakadamage sa kontroladong kalaban, aalisin ang kontrol at magdudulot ng damage na katumbas ng 20% ng kanilang kasalukuyang HP.","Apabila menyebabkan kerosakan kepada musuh yang dikawal, nyah kawalan mereka dan kenakan kerosakan sebanyak 20% daripada HP semasa mereka.",,city/adventure/random_tower/icon/icon_xingxiangskill_6.png,city/adventure/random_tower/icon/box_yellow.png,effect_huang,4,,,,,,,,,,,,,,80026,,,TRUE,1,,6,
1027,1000,,"When dealing magic critical hit, increase this critical damage by 20% and heal 5% of the damage dealt.","Khi gây sát thương chí mạng phép, tăng thêm 20% sát thương chí mạng lần này và hồi phục 5% giá trị sát thương đó dưới dạng máu.","When dealing magic critical hit, increase this critical damage by 20% and heal 5% of the damage dealt.",เมื่อคริติคอลเวท จะเพิ่มความเสียหายคริติคอลครั้งนี้ 20% และฟื้นฟู 5% ของความเสียหายนั้นเป็น HP,"Saat menghasilkan critical damage sihir, tingkatkan kerusakan kritis tersebut sebesar 20% dan pulihkan 5% dari damage sebagai HP.","Kapag magic critical ang attack, dadagdagan ng 20% ang critical damage at mag-heal ng 5% ng damage bilang HP.","Apabila menghasilkan serangan kritikal ajaib, tingkatkan kerosakan kritikal itu sebanyak 20% dan pulihkan 5% daripada jumlah kerosakan sebagai HP.",,city/adventure/random_tower/icon/icon_xingxiangskill_6.png,city/adventure/random_tower/icon/box_orange.png,effect_huang,4,,,,,,,,,,,,,,80027,,,TRUE,,,,
1028,1000,,"At the end of each round, remove one random control effect from all our heroes.","Mỗi khi kết thúc một vòng lớn, giải trừ một hiệu ứng kiểm soát ngẫu nhiên trên tất cả anh hùng của chúng tôi.","At the end of each round, remove one random control effect from all our heroes.",เมื่อจบรอบ จะลบสถานะควบคุมแบบสุ่ม 1 อย่างจากฮีโร่ฝ่ายเรา,"Di akhir setiap ronde, hilangkan satu efek kontrol secara acak dari semua pahlawan kita.","Tuwing matapos ang isang round, aalisin ang isang random control effect sa lahat ng ating bayani.","Pada akhir setiap pusingan, buang satu kesan kawalan rawak dari semua wira kami.",,city/adventure/random_tower/icon/icon_xingxiangskill_6.png,city/adventure/random_tower/icon/box_yellow.png,effect_huang,4,,,,,,,,,,,,,,80028,,,TRUE,1,,,
1029,1111,,"When attacking, all remaining DoT effects on the target take effect instantly.","Khi tấn công, tính toán tất cả sát thương liên tục trên mục tiêu, khiến tất cả sát thương liên tục còn lại trên mục tiêu có hiệu lực ngay lập tức.","When attacking, all remaining DoT effects on the target take effect instantly.",เมื่อโจมตี สถานะความเสียหายต่อเนื่องทั้งหมดที่เหลืออยู่บนเป้าหมายจะมีผลทันที,"Saat menyerang, semua efek damage terus-menerus yang tersisa pada target langsung berlaku.","Kapag umatake, lahat ng natitirang DoT sa target ay magkakaroon ng epekto agad.","Apabila menyerang, semua kesan kerosakan berterusan yang tinggal pada sasaran akan berlaku serta-merta.",,city/adventure/random_tower/icon/icon_xingxiangskill_6.png,city/adventure/random_tower/icon/box_yellow.png,effect_huang,4,,,,,,,,,,,,,,80029,,,TRUE,,6,,
1030,200,,"At the start of each turn, remove one negative effect from self. Each removal grants 5% increased damage and 5% damage reduction for the turn. Can stack up to 4 times.","Mỗi khi bắt đầu một lượt, giải trừ một hiệu ứng tiêu cực trên bản thân, mỗi lần giải trừ, sẽ nhận thêm 5% tăng sát thương và 5% giảm sát thương trong lượt đó, tối đa có thể cộng dồn 4 lần.","At the start of each turn, remove one negative effect from self. Each removal grants 5% increased damage and 5% damage reduction for the turn. Can stack up to 4 times.",เมื่อเริ่มเทิร์น จะลบสถานะลบ 1 อย่างจากตัวเอง ทุกครั้งที่ลบจะเพิ่มความเสียหาย 5% และลดความเสียหายที่ได้รับ 5% สำหรับเทิร์นนั้น สะสมได้สูงสุด 4 ครั้ง,"Saat memulai giliran, hilangkan satu efek negatif dari diri sendiri. Setiap penghapusan memberikan 5% peningkatan damage dan 5% pengurangan damage selama giliran itu. Dapat ditumpuk hingga 4 kali.","Sa simula ng bawat turn, alisin ang isang negative effect sa sarili. Kada tanggal ay makakakuha ng 5% bonus damage at 5% damage reduction sa turn na iyon, hanggang 4 stacks.","Pada permulaan setiap giliran, buang satu kesan negatif daripada diri sendiri. Setiap penghapusan memberikan 5% peningkatan serangan dan 5% pengurangan kerosakan untuk giliran itu. Boleh ditumpuk sehingga 4 kali.",,city/adventure/random_tower/icon/icon_xingxiangskill_6.png,city/adventure/random_tower/icon/box_yellow.png,effect_huang,4,,,,,,,,,,,,,,80030,,,TRUE,,,6,
1031,103,,"When attacked, reduce the attacker’s Physical and Magic Attack by 5%. Can stack up to 6 times.","Khi bị tấn công, giảm 5% tấn công vật lý và phép của mục tiêu, tối đa có thể cộng dồn 6 lần.","When attacked, reduce the attacker’s Physical and Magic Attack by 5%. Can stack up to 6 times.",เมื่อถูกโจมตี จะลดพลังโจมตีกายภาพและเวทของศัตรูลง 5% สูงสุดสะสม 6 ครั้ง,"Saat diserang, kurangi Serangan Fisik dan Sihir penyerang sebesar 5%. Dapat ditumpuk hingga 6 kali.","Kapag inatake, babawasan ng 5% ang Physical at Magic Attack ng kalaban. Pwedeng i-stack hanggang 6 na beses.","Apabila diserang, kurangkan Serangan Fizikal dan Ajaib musuh sebanyak 5%. Boleh ditumpuk sehingga 6 kali.",,city/adventure/random_tower/icon/icon_xingxiangskill_6.png,city/adventure/random_tower/icon/box_yellow.png,effect_huang,4,,,,,,,,,,,,,,80031,,,TRUE,,6,,
1032,200,,Every 2% Lifesteal bonus increases damage by 1%.,"Mỗi 2% hút máu cộng thêm, sẽ tăng 1% sát thương.",Every 2% Lifesteal bonus increases damage by 1%.,ทุกค่าการดูดเลือดเพิ่มขึ้น 2% จะเพิ่มความเสียหาย 1%,Setiap tambahan 2% Lifesteal meningkatkan damage sebesar 1%.,Bawat dagdag na 2% Lifesteal ay nagbibigay ng 1% dagdag na damage.,Setiap 2% penyerapan nyawa tambahan memberikan 1% kerosakan tambahan.,,city/adventure/random_tower/icon/icon_xingxiangskill_6.png,city/adventure/random_tower/icon/box_yellow.png,effect_huang,4,,,,,,,,,,,,,,80032,,,TRUE,,,6,
1033,9999,,Each attack permanently reduces the enemy’s Physical and Magic Attack by 10% for 2 turns. Can stack up to 4 times.,"Mỗi lần tấn công, sẽ giảm vĩnh viễn 10% tấn công vật lý và phép của kẻ địch, kéo dài 2 lượt, tối đa có thể cộng dồn 4 lần.",Each attack permanently reduces the enemy’s Physical and Magic Attack by 10% for 2 turns. Can stack up to 4 times.,แต่ละครั้งที่โจมตี จะลดพลังโจมตีกายภาพและเวทของศัตรูถาวร 10% เป็นเวลา 2 เทิร์น สูงสุดสะสม 4 ครั้ง,Setiap serangan mengurangi Serangan Fisik dan Sihir musuh secara permanen sebesar 10% selama 2 giliran. Dapat ditumpuk hingga 4 kali.,Bawat atake ay permanenteng bumabawas ng 10% Physical at Magic Attack ng kalaban sa loob ng 2 turns. Hanggang 4 na stack.,Setiap serangan mengurangkan Serangan Fizikal dan Ajaib musuh sebanyak 10% secara kekal selama 2 giliran. Boleh ditumpuk sehingga 4 kali.,,city/adventure/random_tower/icon/icon_xingxiangskill_6.png,city/adventure/random_tower/icon/box_red.png,effect,4,,,,,,,,,,,,,,80033,,,TRUE,,,7,
1034,200,,Every 2% Lifesteal bonus increases damage by 1%.,"Mỗi 2% hút máu cộng thêm, sẽ tăng 1% sát thương.",Every 2% Lifesteal bonus increases damage by 1%.,ทุกค่าการดูดเลือดเพิ่มขึ้น 2% จะเพิ่มความเสียหาย 1%,Setiap tambahan 2% Lifesteal meningkatkan damage sebesar 1%.,Bawat dagdag na 2% Lifesteal ay nagbibigay ng 1% dagdag na damage.,Setiap 2% penyerapan nyawa tambahan memberikan 1% kerosakan tambahan.,,city/adventure/random_tower/icon/icon_xingxiangskill_6.png,city/adventure/random_tower/icon/box_yellow.png,effect_huang,4,,,,,,,,,,,,,,80034,,,TRUE,,,8,
1035,1111,,"After dealing damage, heal for 15% of the damage dealt.","Sau khi gây sát thương, nhận lại 15% lượng sát thương đã gây ra dưới dạng hồi phục.","After dealing damage, heal for 15% of the damage dealt.",หลังจากสร้างความเสียหาย จะฟื้นฟู HP เท่ากับ 15% ของความเสียหายที่สร้าง,"Setelah memberikan damage, pulihkan 15% dari damage yang diberikan sebagai HP.","Pagkatapos makadamage, mag-heal ng 15% ng damage bilang HP.","Selepas menyebabkan kerosakan, pulihkan 15% daripada kerosakan sebagai HP.",,city/adventure/random_tower/icon/icon_xingxiangskill_4.png,city/adventure/random_tower/icon/box_red.png,effect,4,,,,,,,,,,,,,,80035,,,TRUE,,8,,
1036,200,,"Each time damage is dealt, additional damage equal to the hero's shield value is added.","Mỗi lần gây sát thương, sẽ thêm sát thương bằng với giá trị khiên của bản thân.","Each time damage is dealt, additional damage equal to the hero's shield value is added.",ทุกครั้งที่สร้างความเสียหาย จะเพิ่มความเสียหายเท่ากับค่าบาเรียของตนเอง,"Setiap kali memberikan damage, tambahkan damage tambahan sebesar nilai perisai hero.","Tuwing may damage, may karagdagang damage batay sa halaga ng sariling shield.","Setiap kali menyebabkan kerosakan, tambah kerosakan tambahan bersamaan dengan nilai perisai diri sendiri.",,city/adventure/random_tower/icon/icon_xingxiangskill_6.png,city/adventure/random_tower/icon/box_yellow.png,effect_huang,4,,,,,,,,,,,,,,80036,,,TRUE,,,9,
1037,200,,"When dealing damage, increase damage based on the current ratio of shield to current HP.","Khi gây sát thương, tăng thêm sát thương bằng tỷ lệ hiện tại của khiên/và máu hiện tại.","When dealing damage, increase damage based on the current ratio of shield to current HP.",เมื่อสร้างความเสียหาย จะเพิ่มความเสียหายตามอัตราส่วนระหว่างค่าบาเรียกับ HP ปัจจุบัน,"Saat memberikan damage, tingkatkan damage berdasarkan rasio perisai saat ini terhadap HP saat ini.","Kapag nagdulot ng damage, tataas ang damage base sa ratio ng kasalukuyang shield sa kasalukuyang HP.","Apabila menyebabkan kerosakan, tingkatkan kerosakan berdasarkan nisbah perisai semasa berbanding HP semasa.",,city/adventure/random_tower/icon/icon_xingxiangskill_6.png,city/adventure/random_tower/icon/box_yellow.png,effect_huang,4,,,,,,,,,,,,,,80037,,,TRUE,,,9,
1038,999,,"In the next battle, when our hero kills an enemy, gain 100% Physical Attack for 2 turns.","Trong trận chiến tiếp theo, khi anh hùng của chúng tôi tiêu diệt kẻ địch, sẽ nhận được 100% tấn công vật lý, kéo dài 2 lượt.","In the next battle, when our hero kills an enemy, gain 100% Physical Attack for 2 turns.",ในการต่อสู้ถัดไป เมื่อฮีโร่ของเรากำจัดศัตรู จะได้รับพลังโจมตีกายภาพเพิ่ม 100% เป็นเวลา 2 เทิร์น,"Dalam pertempuran berikutnya, ketika pahlawan kita membunuh musuh, dapatkan 100% Serangan Fisik selama 2 giliran.","Sa susunod na laban, kapag nakapatay ang ating bayani, makakakuha ng 100% Physical Attack sa loob ng 2 turns.","Dalam pertempuran seterusnya, apabila wira kita membunuh musuh, dapatkan 100% Serangan Fizikal selama 2 giliran.",,city/adventure/random_tower/icon/icon_xingxiangskill_4.png,city/adventure/random_tower/icon/box_red.png,effect,4,,,,,,,,,,,,,,80038,1,,,,,,
1039,999,,"At the start of the next battle, our first hero will deal double damage.","Khi trận chiến tiếp theo bắt đầu, anh hùng đầu tiên của chúng tôi sẽ gây sát thương gấp đôi.","At the start of the next battle, our first hero will deal double damage.",เมื่อเริ่มการต่อสู้ถัดไป ฮีโร่ตัวแรกของเราจะสร้างความเสียหายเป็น 2 เท่า,"Saat pertempuran berikutnya dimulai, pahlawan pertama kita akan memberikan damage dua kali lipat.","Sa simula ng susunod na laban, ang una nating bayani ay magdudulot ng double damage.","Apabila pertempuran seterusnya bermula, wira pertama kita akan menyebabkan dua kali ganda kerosakan.",,city/adventure/random_tower/icon/icon_xingxiangskill_4.png,city/adventure/random_tower/icon/box_red.png,effect_huang,4,,,,,,,,,,,,,,80039,1,,,,,,
1040,9999,,"At the start of the next battle, there is a 15% chance to halve the current HP of an enemy. This can only trigger in the first challenge attempt and will not activate in subsequent attempts.","Khi trận chiến tiếp theo bắt đầu, có 15% cơ hội làm giảm nửa máu hiện tại của kẻ địch, chỉ có thể kích hoạt khi thách đấu lần đầu tiên, lần thách đấu sau sẽ không kích hoạt.","At the start of the next battle, there is a 15% chance to halve the current HP of an enemy. This can only trigger in the first challenge attempt and will not activate in subsequent attempts.",เมื่อเริ่มการต่อสู้ถัดไป มีโอกาส 15% ที่จะลด HP ปัจจุบันของศัตรูลงครึ่งหนึ่ง ใช้ได้เฉพาะในการท้าทายครั้งแรกเท่านั้น ครั้งต่อไปจะไม่ทำงาน,"Saat pertempuran berikutnya dimulai, ada 15% peluang untuk mengurangi separuh HP musuh. Hanya aktif pada tantangan pertama, tidak berlaku untuk tantangan berikutnya.","Sa simula ng susunod na laban, may 15% tsansa na bawasan ng kalahati ang kasalukuyang HP ng kalaban. Gagana lang ito sa unang hamon, hindi na uulit sa mga susunod.","Apabila pertempuran seterusnya bermula, ada 15% peluang untuk mengurangkan separuh HP semasa musuh. Hanya boleh dicetuskan pada cubaan cabaran pertama.",,city/adventure/random_tower/icon/icon_xingxiangskill_6.png,city/adventure/random_tower/icon/box_yellow.png,effect,4,,,,,,,,,,,,,,80040,1,,,,,,
1041,9999,,"At the start of the next battle, there is a 50% chance for enemies to instantly die (each enemy calculated independently).","Khi trận chiến tiếp theo bắt đầu, có 50% xác suất kẻ địch trực tiếp chết (mỗi kẻ địch tính riêng xác suất).","At the start of the next battle, there is a 50% chance for enemies to instantly die (each enemy calculated independently).",เมื่อเริ่มการต่อสู้ถัดไป มีโอกาส 50% ที่ศัตรูจะตายทันที (คำนวณแยกแต่ละศัตรู),"Saat pertempuran berikutnya dimulai, ada 50% kemungkinan musuh mati langsung (masing-masing musuh dihitung secara terpisah).","Sa simula ng susunod na laban, may 50% na posibilidad na mamatay agad ang kalaban (hiwalay ang tsansa kada kalaban).","Apabila pertempuran seterusnya bermula, ada 50% peluang untuk musuh mati serta-merta (setiap musuh dikira berasingan).",,city/adventure/random_tower/icon/icon_xingxiangskill_6.png,city/adventure/random_tower/icon/box_yellow.png,effect_huang,4,,,,,,,,,,,,,,80041,1,,,,,,
1042,200,,"Each time a hero of one attribute is used, gain 2% damage reduction.","Mỗi khi sử dụng anh hùng thuộc một thuộc tính, sẽ nhận thêm 2% giảm sát thương.","Each time a hero of one attribute is used, gain 2% damage reduction.",ทุกครั้งที่ใช้ฮีโร่ที่มีเพียงหนึ่งธาตุ จะได้รับลดความเสียหายเพิ่ม 2%,"Setiap kali menggunakan pahlawan dengan satu atribut, dapatkan pengurangan damage 2%.","Tuwing gumagamit ng bayani na may isang attribute lang, makakakuha ng 2% damage reduction.","Setiap kali menggunakan wira dengan satu atribut, dapatkan 2% pengurangan kerosakan.",,city/adventure/random_tower/icon/icon_xingxiangskill_5.png,city/adventure/random_tower/icon/box_blue.png,effect_huang,4,,,,,,,,,,,,,,80042,,,TRUE,,,1,
1043,1111,,Increase control immunity rate by 30% for all our heroes.,Tăng 30% tỷ lệ miễn nhiễm kiểm soát cho tất cả anh hùng của chúng tôi.,Increase control immunity rate by 30% for all our heroes.,เพิ่มอัตราต้านทานการควบคุมของฮีโร่ทั้งหมดของเรา 30%,Tingkatkan tingkat kekebalan terhadap kontrol sebesar 30% untuk semua pahlawan kita.,Dagdagan ng 30% control immunity ang lahat ng ating bayani.,Tingkatkan kadar imun terhadap kawalan sebanyak 30% untuk semua wira kita.,,city/adventure/random_tower/icon/icon_xingxiangskill_6.png,city/adventure/random_tower/icon/box_green.png,effect_huang,4,,,,,,,,,,,,,,80043,,,TRUE,,,6,
1044,1000,,"Every 5% extra Defense (including from Mythic World, special combat bonuses, buffs) increases damage reflection by 5%.","Mỗi 5% phòng thủ thêm (bao gồm gia tăng từ Thế Giới Thần Thoại, tăng từ chiến đấu đặc biệt, buff) sẽ tăng 5% phản sát thương.","Every 5% extra Defense (including from Mythic World, special combat bonuses, buffs) increases damage reflection by 5%.",ทุกการเพิ่มพลังป้องกัน 5% (รวมจากโลกเทพเจ้า โบนัสการต่อสู้ บัฟ) จะเพิ่มการสะท้อนความเสียหาย 5%,"Setiap tambahan 5% Pertahanan (termasuk dari Dunia Mitos, bonus pertempuran khusus, buff) meningkatkan pantulan damage sebesar 5%.","Bawat dagdag na 5% defense (kasama ang mula sa Mythic World, espesyal na bonus, buff) ay magpapataas ng 5% damage reflect.","Setiap tambahan 5% Pertahanan (termasuk dari Dunia Mitos, bonus pertempuran khas, buff) meningkatkan pantulan kerosakan sebanyak 5%.",,city/adventure/random_tower/icon/icon_xingxiangskill_6.png,city/adventure/random_tower/icon/box_yellow.png,effect_huang,4,,,,,,,,,,,,,,80044,,,TRUE,,,,
1045,200,,"Each time damage is dealt, gain a shield equal to 5% of the damage dealt.","Mỗi lần gây sát thương, sẽ nhận thêm khiên bằng 5% sát thương đã gây ra.","Each time damage is dealt, gain a shield equal to 5% of the damage dealt.",ทุกครั้งที่สร้างความเสียหาย จะได้รับบาเรียเท่ากับ 5% ของความเสียหายที่ทำได้,"Setiap kali memberikan damage, dapatkan perisai sebesar 5% dari damage yang diberikan.","Tuwing may damage, makakakuha ng shield na katumbas ng 5% ng nagawang damage.","Setiap kali menyebabkan kerosakan, terima perisai bersamaan dengan 5% daripada kerosakan tersebut.",,city/adventure/random_tower/icon/icon_xingxiangskill_6.png,city/adventure/random_tower/icon/box_yellow.png,effect_huang,4,,,,,,,,,,,,,,80045,,,TRUE,,,9,
1046,200,,Each point of overhealing is converted into 2 shield points.,Mỗi điểm hồi phục máu dư thừa sẽ được chuyển thành 2 điểm khiên.,Each point of overhealing is converted into 2 shield points.,ทุกจุดการฟื้นฟู HP เกินพิกัด จะเปลี่ยนเป็นบาเรีย 2 แต้ม,Setiap poin penyembuhan yang berlebih akan diubah menjadi 2 poin perisai.,Bawat sobra sa healing ay magiging 2 shield points.,Setiap titik pemulihan HP berlebihan akan ditukar kepada 2 mata perisai.,,city/adventure/random_tower/icon/icon_xingxiangskill_6.png,city/adventure/random_tower/icon/box_yellow.png,effect_huang,4,,,,,,,,,,,,,,80046,,,TRUE,,,9,
1047,9999,,"When our first hero dies, they revive before the next action phase, restoring 50% HP and 100% energy. This effect can only occur once per battle.","Khi anh hùng đầu tiên của chúng tôi tử trận, sẽ hồi sinh trước khi bắt đầu lượt hành động tiếp theo, hồi phục 50% máu và 100% tức, hiệu ứng này chỉ có thể áp dụng trong một trận chiến.","When our first hero dies, they revive before the next action phase, restoring 50% HP and 100% energy. This effect can only occur once per battle.",เมื่อฮีโร่ตัวแรกของเราตาย จะฟื้นคืนชีพก่อนรอบถัดไป พร้อมฟื้น HP 50% และพลังงาน 100% เอฟเฟกต์นี้ใช้ได้เพียงหนึ่งครั้งต่อการต่อสู้,"Ketika pahlawan pertama kita mati, dia akan bangkit kembali sebelum giliran berikutnya, memulihkan 50% HP dan 100% energi. Efek ini hanya berlaku satu kali per pertempuran.","Kapag namatay ang una nating bayani, siya ay magre-resurrect bago magsimula ang susunod na aksyon, may 50% HP at 100% energy. Isang beses lang ito kada laban.","Apabila wira pertama kita mati, mereka akan hidup semula sebelum giliran tindakan seterusnya, memulihkan 50% HP dan 100% tenaga. Kesan ini hanya berlaku sekali setiap pertempuran.",,city/adventure/random_tower/icon/icon_xingxiangskill_6.png,city/adventure/random_tower/icon/box_yellow.png,effect_huang,4,,,,,,,,,,,,,,80047,1,,,,,,
1048,1111,,"At the start of each turn, there is a 20% chance to randomly stun an enemy.","Mỗi lượt bắt đầu, có 20% cơ hội khiến ngẫu nhiên một kẻ địch bị choáng.","At the start of each turn, there is a 20% chance to randomly stun an enemy.",เมื่อเริ่มแต่ละรอบ มีโอกาส 20% ที่จะทำให้ศัตรูหนึ่งตัวติดสถานะสตันแบบสุ่ม,"Pada awal setiap giliran, ada peluang 20% untuk membuat musuh acak terkena stun.","Sa simula ng bawat turn, may 20% tsansa na mag-stun ng isang random na kalaban.","Setiap permulaan giliran, ada 20% peluang menyebabkan satu musuh rawak terkena stun.",,city/adventure/random_tower/icon/icon_xingxiangskill_6.png,city/adventure/random_tower/icon/box_red.png,effect,4,,,,,,,,,,,,,,80048,,,TRUE,,,6,
1049,200,,Increase control effect rate by 20% for our heroes.,Tăng 20% tỷ lệ kiểm soát cho anh hùng của chúng tôi.,Increase control effect rate by 20% for our heroes.,เพิ่มอัตราการควบคุมของฮีโร่ของเรา 20%,Tingkatkan tingkat efek kontrol sebesar 20% untuk pahlawan kita.,Dagdagan ng 20% ang control chance ng ating bayani.,Tingkatkan kadar kawalan sebanyak 20% untuk wira kita.,,city/adventure/random_tower/icon/icon_xingxiangskill_6.png,city/adventure/random_tower/icon/box_yellow.png,effect_huang,4,,,,,,,,,,,,,,80049,,,TRUE,,,6,
1050,1111,,"During the first 2 turns of battle, if the hero with the highest Physical Attack attacks, there is a 50% chance to gain an extra action.","Trong 2 lượt đầu trận, nếu anh hùng có tấn công vật lý cao nhất tấn công, có 50% xác suất sẽ được thêm lượt hành động.","During the first 2 turns of battle, if the hero with the highest Physical Attack attacks, there is a 50% chance to gain an extra action.",ใน 2 เทิร์นแรกของการต่อสู้ หากฮีโร่ที่มีพลังโจมตีกายภาพสูงสุดโจมตี จะมีโอกาส 50% ได้รับรอบการกระทำเพิ่มเติม,"Selama 2 giliran pertama, jika pahlawan dengan Serangan Fisik tertinggi menyerang, ada 50% peluang untuk mendapat giliran tambahan.","Sa unang 2 turn ng laban, kapag umatake ang bayani na may pinakamataas na Physical Attack, may 50% tsansa na makakuha ng dagdag na aksyon.","Dalam 2 giliran pertama pertempuran, jika wira dengan Serangan Fizikal tertinggi menyerang, ada 50% peluang untuk mendapat giliran tambahan.",,city/adventure/random_tower/icon/icon_xingxiangskill_6.png,city/adventure/random_tower/icon/box_red.png,effect,4,,,,,,,,,,,,,,80050,,,TRUE,,,6,
1051,200,,"Increase damage from poison, bleeding, and burning by 10%.  ","Tăng 10% sát thương từ đầu độc, chảy máu và đốt cháy.","Increase damage from poison, bleeding, and burning by 10%.  ",เพิ่มความเสียหายจากพิษ เลือดออก และการเผาไหม้ 10%  ,"Tingkatkan kerusakan dari racun, pendarahan, dan terbakar sebesar 10%.  ","Dagdagan ang damage mula sa poison, bleeding, at burning ng 10%.  ","Tingkatkan kerosakan daripada racun, pendarahan dan pembakaran sebanyak 10%.  ",,city/adventure/random_tower/icon/icon_xingxiangskill_6.png,city/adventure/random_tower/icon/box_red.png,effect_huang,4,,,,,,,,,,,,,,80051,,,TRUE,,,6,
1052,999,,"At the start of the next battle, silence all enemies for 1 turn.  ","Khi trận chiến tiếp theo bắt đầu, sẽ làm im lặng tất cả kẻ địch trong 1 lượt.","At the start of the next battle, silence all enemies for 1 turn.  ",เมื่อเริ่มการต่อสู้ถัดไป จะทำให้ศัตรูทั้งหมดเงียบ 1 เทิร์น  ,"Saat pertempuran berikutnya dimulai, diamkan semua musuh selama 1 giliran.  ","Sa simula ng susunod na laban, paihinto ang lahat ng kalaban ng 1 turn.  ","Apabila pertempuran seterusnya bermula, senyapkan semua musuh selama 1 giliran.  ",,city/adventure/random_tower/icon/icon_xingxiangskill_6.png,city/adventure/random_tower/icon/box_green.png,effect_huang,4,,,,,,,,,,,,,,80052,1,,,,,,
1053,999,,"At the start of the next battle, all enemies will be asleep for 1 turn.  ","Khi trận chiến tiếp theo bắt đầu, tất cả kẻ địch sẽ ngủ trong 1 lượt.","At the start of the next battle, all enemies will be asleep for 1 turn.  ",เมื่อเริ่มการต่อสู้ถัดไป ศัตรูทั้งหมดจะหลับ 1 เทิร์น  ,"Saat pertempuran berikutnya dimulai, semua musuh akan tertidur selama 1 giliran.  ","Sa simula ng susunod na laban, lahat ng kalaban ay matutulog ng 1 turn.  ","Apabila pertempuran seterusnya bermula, semua musuh akan tidur selama 1 giliran.  ",,city/adventure/random_tower/icon/icon_xingxiangskill_6.png,city/adventure/random_tower/icon/box_green.png,effect_huang,4,,,,,,,,,,,,,,80053,1,,,,,,
1054,200,,"Upon entering battle, all heroes gain energy equal to the number of main attributes * 50.  ","Khi vào trận, tất cả anh hùng sẽ nhận thêm tức bằng số lượng thuộc tính hiện tại (chỉ tính thuộc tính chính) * 50.","Upon entering battle, all heroes gain energy equal to the number of main attributes * 50.  ",เมื่อเข้าสู่การต่อสู้ ฮีโร่ทั้งหมดจะได้รับพลังงานเท่ากับจำนวนธาตุหลัก * 50  ,"Saat memasuki pertempuran, semua pahlawan menerima energi sama dengan jumlah atribut utama * 50.  ","Pagpasok sa laban, lahat ng bayani ay makakatanggap ng energy base sa bilang ng pangunahing attribute * 50.  ","Apabila memasuki pertempuran, semua wira menerima tenaga bersamaan bilangan atribut utama * 50.  ",,city/adventure/random_tower/icon/icon_xingxiangskill_6.png,city/adventure/random_tower/icon/box_yellow.png,effect_huang,4,,,,,,,,,,,,,,80054,,,TRUE,,,1,
1055,200,,"If the team has more than 4 heroes sharing the same main attribute, at the start of battle those heroes gain an additional 500 energy.  ","Nếu trong đội hình có hơn 4 anh hùng cùng thuộc tính chính, khi bắt đầu trận chiến, anh hùng có thuộc tính đó sẽ nhận thêm 500 tức.","If the team has more than 4 heroes sharing the same main attribute, at the start of battle those heroes gain an additional 500 energy.  ",หากทีมมีฮีโร่มากกว่า 4 ตัวที่มีธาตุหลักเหมือนกัน เมื่อเริ่มการต่อสู้ ฮีโร่ที่มีธาตุนั้นจะได้รับพลังงานเพิ่ม 500  ,"Jika dalam tim ada lebih dari 4 pahlawan dengan atribut utama yang sama, pada awal pertempuran pahlawan dengan atribut itu menerima tambahan energi 500.  ","Kung may higit sa 4 na bayani sa team na may parehong pangunahing attribute, sa simula ng laban ang mga bayani na iyon ay makakatanggap ng dagdag na 500 energy.  ","Jika pasukan mempunyai lebih daripada 4 wira dengan atribut utama yang sama, pada permulaan pertempuran wira dengan atribut tersebut akan menerima tambahan 500 tenaga.  ",,city/adventure/random_tower/icon/icon_xingxiangskill_6.png,city/adventure/random_tower/icon/box_yellow.png,effect_huang,4,,,,,,,,,,,,,,80055,,,TRUE,,,2,
1056,200,,"When HP falls below 40%, energy recovery effects are doubled.  ","Khi máu giảm xuống dưới 40%, hiệu quả hồi phục tức sẽ được nhân đôi.","When HP falls below 40%, energy recovery effects are doubled.  ",เมื่อ HP ต่ำกว่า 40% ผลฟื้นฟูพลังงานจะเพิ่มเป็นสองเท่า  ,"Saat HP turun di bawah 40%, efek pemulihan energi digandakan.  ","Kapag bumaba ang HP ng bayani sa ilalim ng 40%, ang energy recovery effect ay dodoble.  ","Apabila HP jatuh di bawah 40%, kesan pemulihan tenaga berganda.  ",,city/adventure/random_tower/icon/icon_xingxiangskill_6.png,city/adventure/random_tower/icon/box_yellow.png,effect_huang,4,,,,,,,,,,,,,,80056,,,TRUE,,,5,
1057,999,,"In the next battle, our heroes start with 1000 energy.  ","Trong trận chiến tiếp theo, anh hùng của chúng tôi sẽ nhận 1000 tức ban đầu.","In the next battle, our heroes start with 1000 energy.  ",ในการต่อสู้ถัดไป ฮีโร่ของเราจะเริ่มต้นด้วยพลังงาน 1000  ,"Dalam pertempuran berikutnya, pahlawan kita memulai dengan 1000 energi.  ","Sa susunod na laban, magsisimula ang mga bayani natin na may 1000 energy.  ","Dalam pertempuran seterusnya, wira kita bermula dengan 1000 tenaga.  ",,city/adventure/random_tower/icon/icon_xingxiangskill_6.png,city/adventure/random_tower/icon/box_yellow.png,effect_huang,4,,,,,,,,,,,,,,80057,1,,,,,,
1100,200,,"At the start of the battle, our heroes gain a shield equal to the amount of lost HP, lasting 2 turns.  ","Khi trận đấu bắt đầu, anh hùng của chúng tôi sẽ nhận một lớp khiên bằng với lượng máu đã mất, kéo dài 2 lượt.","At the start of the battle, our heroes gain a shield equal to the amount of lost HP, lasting 2 turns.  ",เมื่อเริ่มการต่อสู้ ฮีโร่ของเราจะได้รับบาเรียเท่ากับจำนวน HP ที่เสียไป เป็นเวลา 2 เทิร์น  ,"Saat pertempuran dimulai, pahlawan kita mendapatkan perisai sebesar jumlah HP yang hilang, bertahan 2 giliran.  ","Sa simula ng laban, magkakaroon ang mga bayani ng shield na katumbas ng nawalang HP, tatagal ng 2 turns.  ","Pada permulaan pertempuran, wira kita menerima perisai bersamaan dengan jumlah HP yang hilang, bertahan 2 giliran.  ",,city/adventure/random_tower/icon/icon_xingxiangskill_5.png,city/adventure/random_tower/icon/box_blue.png,effect_lan,4,,,,,,,,,,,,,,80058,,,TRUE,,,5,
1101,200,,"Each time our heroes lose 10% HP, they gain 8% damage reduction, effective only for the first turn.  ","Mỗi khi anh hùng của chúng tôi mất 10% máu, sẽ nhận thêm 8% giảm sát thương, hiệu ứng này chỉ có hiệu lực trong lượt đầu tiên.","Each time our heroes lose 10% HP, they gain 8% damage reduction, effective only for the first turn.  ",ทุกครั้งที่ฮีโร่ของเราเสีย HP 10% จะได้รับการลดความเสียหาย 8% โดยมีผลเฉพาะเทิร์นแรกเท่านั้น  ,"Setiap kali pahlawan kita kehilangan 10% HP, mereka mendapatkan 8% pengurangan kerusakan, hanya berlaku pada giliran pertama.  ","Tuwing mawawala ang 10% HP ng bayani, makakakuha siya ng 8% damage reduction na epektibo lamang sa unang turn.  ","Setiap kali wira kita kehilangan 10% HP, mereka mendapat pengurangan kerosakan sebanyak 8%, hanya berkesan untuk giliran pertama.  ",,city/adventure/random_tower/icon/icon_xingxiangskill_5.png,city/adventure/random_tower/icon/box_blue.png,effect_lan,4,,,,,,,,,,,,,,80059,,,TRUE,,,5,
1102,9999,,"On the second turn of the battle, all enemy energy is cleared.  ","Vào lượt thứ hai của trận đấu, sẽ xóa toàn bộ tức của tất cả kẻ địch.","On the second turn of the battle, all enemy energy is cleared.  ",ในเทิร์นที่สองของการต่อสู้ พลังงานของศัตรูทั้งหมดจะถูกล้าง  ,"Pada giliran kedua pertempuran, semua energi musuh dibersihkan.  ","Sa ikalawang turn ng laban, mawawala ang lahat ng energy ng kalaban.  ","Pada giliran kedua pertempuran, semua tenaga musuh dibersihkan.  ",,city/adventure/random_tower/icon/icon_xingxiangskill_6.png,city/adventure/random_tower/icon/box_yellow.png,,4,,,,,,,,,,,,,,80060,,,TRUE,1,,,
1103,1000,,"When a hero in our team dies, the remaining heroes recover 20% max HP and gain 500 energy.  ","Khi một anh hùng trong đội chúng tôi tử trận, các anh hùng còn lại sẽ hồi phục 20% máu tối đa và nhận 500 tức.","When a hero in our team dies, the remaining heroes recover 20% max HP and gain 500 energy.  ",เมื่อฮีโร่ในทีมเราตาย ฮีโร่ที่เหลือจะฟื้นฟู HP สูงสุด 20% และได้รับพลังงาน 500  ,"Ketika seorang pahlawan dalam tim kita mati, pahlawan yang tersisa memulihkan 20% HP maksimum dan mendapat 500 energi.  ","Kapag namatay ang isang bayani sa team, ang natitirang bayani ay magre-recover ng 20% max HP at makakakuha ng 500 energy.  ","Apabila seorang wira dalam pasukan kita mati, wira yang tinggal akan pulih 20% HP maksimum dan menerima 500 tenaga.  ",,city/adventure/random_tower/icon/icon_xingxiangskill_6.png,city/adventure/random_tower/icon/box_green.png,effect_huang,4,,,,,,,,,,,,,,80061,,,TRUE,,,,
1104,1000,,"At the end of our heroes’ turns, recover 15% of lost HP.  ","Cuối lượt của anh hùng trong đội chúng tôi, sẽ hồi phục 15% lượng máu đã mất.","At the end of our heroes’ turns, recover 15% of lost HP.  ",เมื่อจบเทิร์นของฮีโร่ในทีม เราจะฟื้นฟู HP ที่เสียไป 15%  ,"Di akhir giliran pahlawan kita, pulihkan 15% HP yang hilang.  ","Sa pagtatapos ng turn ng mga bayani natin, magre-recover ng 15% ng nawalang HP.  ","Pada akhir giliran wira kita, pulihkan 15% HP yang hilang.  ",,city/adventure/random_tower/icon/icon_xingxiangskill_1.png,city/adventure/random_tower/icon/box_pink.png,,4,,,,,,,,,,,,,,80062,,,TRUE,,,,
1105,1000,,"When using ultimate skill, our heroes have a 10% chance to instantly recover 100% energy.  ","Khi sử dụng tuyệt chiêu, anh hùng của chúng tôi có 10% xác suất hồi phục ngay lập tức 100% tức.","When using ultimate skill, our heroes have a 10% chance to instantly recover 100% energy.  ",เมื่อใช้สกิลอัลติเมท ฮีโร่ของเรามีโอกาส 10% ฟื้นฟูพลังงานทันที 100%  ,"Saat menggunakan skill ultimate, pahlawan kita memiliki peluang 10% untuk langsung memulihkan 100% energi.  ","Kapag gumamit ng ultimate skill, may 10% chance ang bayani natin na makakuha agad ng 100% energy.  ","Apabila menggunakan kemahiran ultimate, wira kita mempunyai peluang 10% untuk pulih serta-merta 100% tenaga.  ",,city/adventure/random_tower/icon/icon_xingxiangskill_6.png,city/adventure/random_tower/icon/box_yellow.png,effect_huang,4,,,,,,,,,,,,,,80063,,,TRUE,,,,
1106,1000,,"At the start of each turn, randomly mark one enemy to receive 50% increased damage.  ","Mỗi lượt bắt đầu, đánh dấu ngẫu nhiên một kẻ địch, khiến nó nhận thêm 50% sát thương.","At the start of each turn, randomly mark one enemy to receive 50% increased damage.  ",เมื่อเริ่มแต่ละเทิร์น จะสุ่มทำเครื่องหมายศัตรูหนึ่งตัวให้ได้รับความเสียหายเพิ่มขึ้น 50%  ,"Pada awal setiap giliran, tandai satu musuh secara acak untuk menerima 50% kerusakan tambahan.  ","Sa simula ng bawat turn, random na mamarkahan ang isang kalaban para makatanggap ng 50% dagdag damage.  ","Pada permulaan setiap giliran, tandakan secara rawak seorang musuh untuk menerima peningkatan kerosakan sebanyak 50%.  ",,city/adventure/random_tower/icon/icon_xingxiangskill_6.png,city/adventure/random_tower/icon/box_red.png,effect,4,,,,,,,,,,,,,,80064,,,TRUE,,,,
1107,1000,,"After using ultimate skill, our heroes gain 20% speed and 200 energy.  ","Sau khi sử dụng tuyệt chiêu, anh hùng của chúng tôi sẽ tăng 20% tốc độ và nhận thêm 200 tức.","After using ultimate skill, our heroes gain 20% speed and 200 energy.  ",หลังจากใช้สกิลอัลติเมท ฮีโร่ของเราจะได้รับความเร็วเพิ่ม 20% และได้รับพลังงาน 200  ,"Setelah menggunakan skill ultimate, pahlawan kita mendapat tambahan 20% kecepatan dan 200 energi.  ","Pagkatapos gumamit ng ultimate skill, tataas ng 20% ang speed ng bayani at makakakuha ng 200 energy.  ","Selepas menggunakan kemahiran ultimate, wira kita menerima peningkatan kelajuan sebanyak 20% dan tambahan 200 tenaga.  ",,city/adventure/random_tower/icon/icon_xingxiangskill_6.png,city/adventure/random_tower/icon/box_yellow.png,effect_huang,4,,,,,,,,,,,,,,80065,,,TRUE,,,,
1108,1000,,"Our heroes’ attribute counter effects are strengthened, dealing 20% additional damage to heroes with countered attributes.  ","Hiệu quả khắc chế thuộc tính của anh hùng của chúng tôi được tăng cường, gây thêm 20% sát thương đối với các anh hùng thuộc thuộc tính bị khắc chế.","Our heroes’ attribute counter effects are strengthened, dealing 20% additional damage to heroes with countered attributes.  ",ผลกระทบการชนะธาตุของฮีโร่เราได้รับการเสริมแรง ทำความเสียหายเพิ่มเติม 20% ต่อฮีโร่ที่ถูกชนะธาตุ  ,"Efek counter atribut pahlawan kita diperkuat, memberikan tambahan 20% kerusakan pada pahlawan dengan atribut yang terkena counter.  ","Pinatibay ang counter attribute effect ng bayani natin, magdudulot ng 20% dagdag damage laban sa mga bayani na na-counter ang attribute.  ","Kesan counter atribut wira kita dipertingkatkan, menyebabkan 20% kerosakan tambahan kepada wira dengan atribut yang di-counter.  ",,city/adventure/random_tower/icon/icon_xingxiangskill_6.png,city/adventure/random_tower/icon/box_red.png,effect,4,,,,,,,,,,,,,,80066,,,TRUE,,,,
1109,1000,,"When our hero defeats an enemy, they recover 10% HP and gain 200 energy.  ","Khi anh hùng của chúng tôi tiêu diệt một kẻ địch, sẽ hồi phục 10% máu và 200 tức.","When our hero defeats an enemy, they recover 10% HP and gain 200 energy.  ",เมื่อฮีโร่ของเรากำจัดศัตรู จะฟื้นฟู HP 10% และได้รับพลังงาน 200  ,"Saat pahlawan kita mengalahkan musuh, mereka memulihkan 10% HP dan mendapatkan 200 energi  ","Kapag nakapatay ang bayani natin ng kalaban, magre-recover siya ng 10% HP at makakakuha ng 200 energy  ","Apabila wira kita membunuh musuh, mereka akan memulihkan 10% HP dan menerima 200 tenaga  ",,city/adventure/random_tower/icon/icon_xingxiangskill_1.png,city/adventure/random_tower/icon/box_pink.png,,4,,,,,,,,,,,,,,80067,,,TRUE,,,,
1110,9999,,"At the end of each full round, enemies with less than 10% HP will be reaped by the death god Yveltal and instantly removed from battle.  ","Cuối mỗi lượt lớn, các kẻ địch có máu dưới 10% sẽ bị thần chết Yveltal thu thập, trực tiếp bị loại bỏ khỏi trận đấu.","At the end of each full round, enemies with less than 10% HP will be reaped by the death god Yveltal and instantly removed from battle.  ",เมื่อสิ้นสุดแต่ละรอบใหญ่ ศัตรูที่มี HP ต่ำกว่า 10% จะถูกยมทูต Yveltal เก็บเกี่ยวและถูกกำจัดออกจากการต่อสู้ทันที  ,"Di akhir setiap ronde penuh, musuh dengan kurang dari 10% HP akan dikumpulkan oleh dewa kematian Yveltal dan langsung dikeluarkan dari pertempuran  ","Sa pagtatapos ng bawat buong round, ang mga kalaban na may HP na mas mababa sa 10% ay kukunin ni kamatayan Yveltal at agad na matatanggal sa laban  ","Pada akhir setiap pusingan penuh, musuh yang mempunyai kurang daripada 10% HP akan dikutip oleh dewa kematian Yveltal dan terus disingkirkan dari pertempuran  ",,city/adventure/random_tower/icon/icon_xingxiangskill_6.png,city/adventure/random_tower/icon/box_red.png,effect,4,,,,,,,,,,,,,,80068,,,TRUE,1,,,
1111,1000,,"In the first turn of battle, our entire team gains 20% speed.  ","Trong lượt đầu tiên của trận đấu, toàn đội chúng tôi được tăng 20% tốc độ.","In the first turn of battle, our entire team gains 20% speed.  ",ในเทิร์นแรกของการต่อสู้ ทีมของเราจะได้รับความเร็วเพิ่มขึ้น 20%  ,"Pada giliran pertama pertempuran, seluruh tim kita mendapatkan 20% kecepatan  ","Sa unang turn ng laban, ang buong team natin ay makakakuha ng 20% dagdag speed  ","Dalam giliran pertama pertempuran, seluruh pasukan kita mendapat 20% kelajuan  ",,city/adventure/random_tower/icon/icon_xingxiangskill_6.png,city/adventure/random_tower/icon/box_yellow.png,effect_huang,4,,,,,,,,,,,,,,80069,,,TRUE,,,,
1112,200,,Increase our heroes' speed by 4% for each main attribute present.  ,Tăng 4% tốc độ cho anh hùng của chúng tôi theo số lượng thuộc tính (chỉ tính thuộc tính chính).,Increase our heroes' speed by 4% for each main attribute present.  ,เพิ่มความเร็วของฮีโร่ของเราขึ้น 4% ตามจำนวนธาตุหลักที่มีอยู่  ,Tingkatkan kecepatan pahlawan kita sebesar 4% untuk setiap atribut utama yang ada  ,Tumataas ang speed ng mga bayani natin ng 4% depende sa bilang ng pangunahing attribute  ,Tingkatkan kelajuan wira kita sebanyak 4% berdasarkan jumlah atribut utama yang ada  ,,city/adventure/random_tower/icon/icon_xingxiangskill_6.png,city/adventure/random_tower/icon/box_yellow.png,effect_huang,4,,,,,,,,,,,,,,80070,,,TRUE,,,1,
1113,200,,Frontline heroes have a 50% chance to be immune to control effects.  ,Anh hùng ở tuyến trước của chúng tôi có 50% xác suất miễn nhiễm với các hiệu ứng kiểm soát.,Frontline heroes have a 50% chance to be immune to control effects.  ,ฮีโร่แนวหน้ามีโอกาส 50% ที่จะต้านทานเอฟเฟกต์ควบคุม  ,Pahlawan di garis depan memiliki 50% peluang kebal terhadap efek kontrol  ,May 50% chance ang mga bayani sa frontline na immune sa control effects  ,Wira barisan hadapan mempunyai 50% peluang untuk kebal daripada kesan kawalan  ,,city/adventure/random_tower/icon/icon_xingxiangskill_5.png,city/adventure/random_tower/icon/box_blue.png,effect_lan,4,,,,,,,,,,,,,,80071,,,TRUE,,,7,
1114,9999,,Enemies permanently lose 10% of their max HP.  ,Kẻ địch sẽ giảm vĩnh viễn 10% máu tối đa.,Enemies permanently lose 10% of their max HP.  ,ศัตรูจะสูญเสีย HP สูงสุดถาวร 10%  ,Musuh akan kehilangan 10% HP maksimum secara permanen  ,Ang mga kalaban ay permanenteng mababawasan ng 10% max HP  ,Musuh akan kehilangan 10% HP maksimum secara kekal  ,,city/adventure/random_tower/icon/icon_xingxiangskill_6.png,city/adventure/random_tower/icon/box_red.png,effect,4,,,,,,,,,,,,,,80072,,,TRUE,1,,,
1115,1000,,"When our hero is defeated, the attacker takes damage equal to the damage dealt by our hero.  ","Khi anh hùng của chúng tôi bị đánh bại, kẻ gây sát thương sẽ nhận sát thương bằng lượng sát thương mà anh hùng của chúng tôi gây ra.","When our hero is defeated, the attacker takes damage equal to the damage dealt by our hero.  ",เมื่อฮีโร่ของเราถูกสังหาร ศัตรูที่โจมตีจะได้รับความเสียหายเท่ากับความเสียหายที่ฮีโร่ของเราสร้างไว้  ,"Saat pahlawan kita terbunuh, penyerang akan menerima kerusakan setara dengan jumlah kerusakan yang telah ditimbulkan oleh pahlawan tersebut  ","Kapag namatay ang bayani natin, ang kalabang pumatay ay tatanggap ng damage na katumbas ng damage na nagawa ng bayani natin  ","Apabila wira kita dikalahkan, penyerang akan menerima kerosakan bersamaan dengan jumlah kerosakan yang telah dilakukan oleh wira tersebut  ",,city/adventure/random_tower/icon/icon_xingxiangskill_6.png,city/adventure/random_tower/icon/box_red.png,effect,4,,,,,,,,,,,,,,80073,,,TRUE,,,,
1116,9999,,"When killing an enemy, deal an additional 40% of that damage to surrounding heroes.  ","Khi tiêu diệt kẻ địch, sẽ gây thêm 40% sát thương của sát thương đó lên các anh hùng xung quanh.","When killing an enemy, deal an additional 40% of that damage to surrounding heroes.  ",เมื่อกำจัดศัตรู จะสร้างความเสียหายเพิ่มเติม 40% ของความเสียหายนั้นแก่ฮีโร่รอบข้าง  ,"Saat membunuh musuh, berikan tambahan 40% dari kerusakan itu ke pahlawan musuh di sekitarnya  ","Kapag nakapatay ng kalaban, magdudulot ng karagdagang 40% damage ng orihinal na damage sa mga kalabang nasa paligid  ","Apabila membunuh musuh, akan menyebabkan 40% kerosakan tambahan daripada kerosakan asal kepada wira musuh berdekatan  ",,city/adventure/random_tower/icon/icon_xingxiangskill_6.png,city/adventure/random_tower/icon/box_red.png,effect,4,,,,,,,,,,,,,,80074,,,TRUE,,,,
1117,1000,,"When attacking, our heroes have a 20% chance to steal 50 energy from the target.  ","Khi tấn công, anh hùng của chúng tôi có 20% xác suất cướp 50 tức của mục tiêu.","When attacking, our heroes have a 20% chance to steal 50 energy from the target.  ",เมื่อโจมตี ฮีโร่ของเรามีโอกาส 20% ขโมยพลังงาน 50 จากเป้าหมาย  ,"Saat menyerang, pahlawan kita memiliki peluang 20% mencuri 50 energi dari target  ","Kapag umatake, may 20% chance ang bayani natin na manakaw ang 50 energy ng target  ","Apabila menyerang, wira kita mempunyai 20% peluang untuk mencuri 50 tenaga daripada sasaran  ",,city/adventure/random_tower/icon/icon_xingxiangskill_6.png,city/adventure/random_tower/icon/box_yellow.png,effect_huang,4,,,,,,,,,,,,,,80075,,,TRUE,,,,
1118,1000,,Our heroes’ healing effect is increased by 30%.  ,Tỷ lệ hồi phục của anh hùng của chúng tôi được tăng 30%.,Our heroes’ healing effect is increased by 30%.  ,อัตราการฟื้นฟูของฮีโร่ของเราเพิ่มขึ้น 30%  ,Efek penyembuhan pahlawan kita meningkat 30%  ,Tumaas ng 30% ang healing effect ng bayani natin  ,Kesan pemulihan wira kita meningkat sebanyak 30%  ,,city/adventure/random_tower/icon/icon_xingxiangskill_6.png,city/adventure/random_tower/icon/box_green.png,effect_huang,4,,,,,,,,,,,,,,80076,,,TRUE,,,,
1119,9999,,"When using ultimate skill, our hero will remove all buffs from the target.  ","Khi sử dụng tuyệt chiêu, anh hùng của chúng tôi sẽ xóa tất cả các hiệu ứng buff trên mục tiêu.","When using ultimate skill, our hero will remove all buffs from the target.  ",เมื่อใช้สกิลอัลติเมท ฮีโร่ของเราจะลบทุกบัฟของเป้าหมาย  ,"Saat menggunakan skill ultimate, pahlawan kita akan menghapus semua buff dari target  ","Kapag gumamit ng ultimate skill, aalisin ng bayani natin ang lahat ng buff ng kalaban  ","Apabila menggunakan kemahiran ultimate, wira kita akan menghapuskan semua buff pada sasaran  ",,city/adventure/random_tower/icon/icon_xingxiangskill_6.png,city/adventure/random_tower/icon/box_yellow.png,effect_huang,4,,,,,,,,,,,,,,80077,,,TRUE,,,,
1120,1000,,"On odd-numbered turns, our heroes deal 30% more ultimate damage; on even-numbered turns, ultimate damage is reduced by 15%.  ","Trong các lượt lẻ, anh hùng của chúng tôi sẽ tăng 30% sát thương tuyệt chiêu, trong các lượt chẵn, giảm 15% sát thương tuyệt chiêu.","On odd-numbered turns, our heroes deal 30% more ultimate damage; on even-numbered turns, ultimate damage is reduced by 15%.  ",ในเทิร์นเลขคี่ ฮีโร่ของเราจะเพิ่มความเสียหายของสกิลอัลติเมท 30% ในเทิร์นเลขคู่ จะลดลง 15%  ,"Pada giliran ganjil, pahlawan kita memberikan 30% lebih banyak kerusakan ultimate; pada giliran genap, kerusakan ultimate berkurang 15%  ","Sa mga odd-numbered turns, tataas ng 30% ang ultimate damage ng bayani natin; sa even-numbered turns, bababa ng 15%  ","Pada giliran ganjil, wira kita akan meningkatkan 30% kerosakan ultimate; pada giliran genap, kerosakan ultimate dikurangkan sebanyak 15%  ",,city/adventure/random_tower/icon/icon_xingxiangskill_6.png,city/adventure/random_tower/icon/box_yellow.png,effect_huang,4,,,,,,,,,,,,,,80078,,,TRUE,,,,
1121,9999,,"At the end of each full round, deal true damage equal to 20% of the highest damage dealt by a hero on our team to all enemies.  ","Cuối mỗi lượt lớn, sẽ gây sát thương thật bằng 20% sát thương cao nhất của anh hùng trong đội chúng tôi lên tất cả kẻ địch.","At the end of each full round, deal true damage equal to 20% of the highest damage dealt by a hero on our team to all enemies.  ",เมื่อสิ้นสุดแต่ละรอบใหญ่ จะสร้างความเสียหายจริงเท่ากับ 20% ของความเสียหายสูงสุดจากฮีโร่ในทีมเราต่อศัตรูทั้งหมด  ,"Di akhir setiap ronde penuh, berikan true damage sebesar 20% dari kerusakan tertinggi yang dihasilkan oleh pahlawan tim kita kepada semua musuh  ","Sa pagtatapos ng bawat buong round, magdudulot ng totoong damage na katumbas ng 20% ng pinakamataas na damage ng isang bayani natin sa lahat ng kalaban  ","Pada akhir setiap pusingan penuh, berikan kerosakan sebenar sebanyak 20% daripada kerosakan tertinggi oleh wira kita kepada semua musuh  ",,city/adventure/random_tower/icon/icon_xingxiangskill_6.png,city/adventure/random_tower/icon/box_red.png,effect,4,,,,,,,,,,,,,,80079,,,TRUE,,,,
1122,9999,,"At the start of battle, all heroes gain a team-wide shield that absorbs all incoming damage, with the value equal to the max HP of the hero with the highest HP.  ","Khi vào trận, tất cả anh hùng sẽ nhận một lớp khiên toàn đội, lớp khiên này có thể hấp thụ tất cả sát thương nhận vào, giá trị hấp thụ bằng máu tối đa của anh hùng có máu cao nhất.","At the start of battle, all heroes gain a team-wide shield that absorbs all incoming damage, with the value equal to the max HP of the hero with the highest HP.  ",เมื่อเข้าสู่การต่อสู้ ฮีโร่ทั้งหมดจะได้รับโล่ทีมที่สามารถดูดซับความเสียหายทั้งหมด โดยมูลค่าโล่เท่ากับ HP สูงสุดของฮีโร่ที่มี HP สูงสุด  ,"Saat pertempuran dimulai, semua pahlawan mendapatkan perisai tim yang menyerap semua kerusakan, bernilai sama dengan HP maksimum dari pahlawan dengan HP tertinggi  ","Sa simula ng laban, ang lahat ng bayani natin ay makakatanggap ng team shield na kayang sumalo ng lahat ng damage, na may halaga katumbas ng max HP ng bayani na may pinakamataas na HP  ","Apabila pertempuran bermula, semua wira akan menerima perisai pasukan yang boleh menyerap semua kerosakan, dengan nilai bersamaan HP maksimum wira yang mempunyai HP tertinggi  ",,city/adventure/random_tower/icon/icon_xingxiangskill_5.png,city/adventure/random_tower/icon/box_blue.png,effect_lan,4,,,,,,,,,,,,,,80080,,,TRUE,,,,
1123,200,,Damage-over-time effects dealt by our heroes are doubled.  ,Sát thương duy trì mà anh hùng của chúng tôi gây ra sẽ được tăng gấp đôi.,Damage-over-time effects dealt by our heroes are doubled.  ,เอฟเฟกต์ความเสียหายต่อเนื่องจากฮีโร่ของเราจะเพิ่มเป็นสองเท่า  ,Efek damage over time dari pahlawan kita menjadi dua kali lipat  ,Ang lahat ng damage-over-time ng bayani natin ay dodoble  ,Kesan kerosakan berterusan daripada wira kita akan digandakan  ,,city/adventure/random_tower/icon/icon_xingxiangskill_6.png,city/adventure/random_tower/icon/box_red.png,effect,4,,,,,,,,,,,,,,80081,,,TRUE,,,6,
1124,1000,,"In the first turn of battle, our heroes start with full energy, but ultimate skill damage is reduced by 20% during that turn.  ","Trong lượt đầu tiên của trận đấu, anh hùng của chúng tôi sẽ có đầy đủ tức, nhưng sát thương tuyệt chiêu sẽ giảm 20% trong lượt đó.","In the first turn of battle, our heroes start with full energy, but ultimate skill damage is reduced by 20% during that turn.  ",ในเทิร์นแรกของการต่อสู้ ฮีโร่ของเราจะเริ่มด้วยพลังงานเต็ม แต่ความเสียหายจากสกิลอัลติเมทจะลดลง 20% ในเทิร์นนั้น  ,"Pada giliran pertama pertempuran, pahlawan kita mulai dengan energi penuh, namun damage ultimate akan berkurang 20% pada giliran itu  ","Sa unang turn ng laban, magsisimula ang bayani natin na may full energy, ngunit bababa ng 20% ang ultimate damage sa turn na iyon  ","Dalam giliran pertama pertempuran, wira kita akan bermula dengan tenaga penuh tetapi kerosakan ultimate dikurangkan sebanyak 20% dalam giliran itu  ",,city/adventure/random_tower/icon/icon_xingxiangskill_6.png,city/adventure/random_tower/icon/box_yellow.png,effect_huang,4,,,,,,,,,,,,,,80082,,,TRUE,,,,
2001,101,,Our heroes' physical and magic attack +10%  ,Tấn công vật lý và phép của anh hùng của chúng tôi +10%,Our heroes' physical and magic attack +10%  ,พลังโจมตีกายภาพและเวทของฮีโร่ของเราจะเพิ่มขึ้น 10%  ,Serangan fisik dan sihir pahlawan kita +10%  ,Pisikal at magic na atake ng mga bayani natin +10%  ,Serangan fizikal dan sihir wira kami +10%  ,1,city/adventure/random_tower/icon/icon_xingxiangskill_4.png,city/adventure/random_tower/icon/box_red.png,effect,,,8,10%,7,10%,,,,,,,,,,,,,,,,
2002,102,,Our heroes' physical and magic attack +10%  ,Tấn công vật lý và phép của anh hùng của chúng tôi +10%,Our heroes' physical and magic attack +10%  ,พลังโจมตีกายภาพและเวทของฮีโร่ของเราจะเพิ่มขึ้น 10%  ,Serangan fisik dan sihir pahlawan kita +10%  ,Pisikal at magic na atake ng mga bayani natin +10%  ,Serangan fizikal dan sihir wira kami +10%  ,1,city/adventure/random_tower/icon/icon_xingxiangskill_4.png,city/adventure/random_tower/icon/box_red.png,effect,,,8,10%,7,10%,,,,,,,,,,,,,,,,
2003,103,,Our heroes' physical and magic attack +10%  ,Tấn công vật lý và phép của anh hùng của chúng tôi +10%,Our heroes' physical and magic attack +10%  ,พลังโจมตีกายภาพและเวทของฮีโร่ของเราจะเพิ่มขึ้น 10%  ,Serangan fisik dan sihir pahlawan kita +10%  ,Pisikal at magic na atake ng mga bayani natin +10%  ,Serangan fizikal dan sihir wira kami +10%  ,1,city/adventure/random_tower/icon/icon_xingxiangskill_4.png,city/adventure/random_tower/icon/box_red.png,effect,,,8,10%,7,10%,,,,,,,,,,,,,,,,
2004,104,,Our heroes' physical and magic attack +5%  ,Tấn công vật lý và phép của anh hùng của chúng tôi +5%,Our heroes' physical and magic attack +5%  ,พลังโจมตีกายภาพและเวทของฮีโร่ของเราจะเพิ่มขึ้น 5%  ,Serangan fisik dan sihir pahlawan kita +5%  ,Pisikal at magic na atake ng mga bayani natin +5%  ,Serangan fizikal dan sihir wira kami +5%  ,1,city/adventure/random_tower/icon/icon_xingxiangskill_4.png,city/adventure/random_tower/icon/box_red.png,effect,,,8,5%,7,5%,,,,,,,,,,,,,,,,
2005,105,,Our heroes' physical and magic attack +5%  ,Tấn công vật lý và phép của anh hùng của chúng tôi +5%,Our heroes' physical and magic attack +5%  ,พลังโจมตีกายภาพและเวทของฮีโร่ของเราจะเพิ่มขึ้น 5%  ,Serangan fisik dan sihir pahlawan kita +5%  ,Pisikal at magic na atake ng mga bayani natin +5%  ,Serangan fizikal dan sihir wira kami +5%  ,1,city/adventure/random_tower/icon/icon_xingxiangskill_4.png,city/adventure/random_tower/icon/box_red.png,effect,,,8,5%,7,5%,,,,,,,,,,,,,,,,
2006,106,,Our heroes' physical and magic attack +5%  ,Tấn công vật lý và phép của anh hùng của chúng tôi +5%,Our heroes' physical and magic attack +5%  ,พลังโจมตีกายภาพและเวทของฮีโร่ของเราจะเพิ่มขึ้น 5%  ,Serangan fisik dan sihir pahlawan kita +5%  ,Pisikal at magic na atake ng mga bayani natin +5%  ,Serangan fizikal dan sihir wira kami +5%  ,1,city/adventure/random_tower/icon/icon_xingxiangskill_4.png,city/adventure/random_tower/icon/box_red.png,effect,,,8,5%,7,5%,,,,,,,,,,,,,,,,
2007,107,,Our heroes' physical and magic attack +5%  ,Tấn công vật lý và phép của anh hùng của chúng tôi +5%,Our heroes' physical and magic attack +5%  ,พลังโจมตีกายภาพและเวทของฮีโร่ของเราจะเพิ่มขึ้น 5%  ,Serangan fisik dan sihir pahlawan kita +5%  ,Pisikal at magic na atake ng mga bayani natin +5%  ,Serangan fizikal dan sihir wira kami +5%  ,1,city/adventure/random_tower/icon/icon_xingxiangskill_4.png,city/adventure/random_tower/icon/box_red.png,effect,,,8,5%,7,5%,,,,,,,,,,,,,,,,
2008,108,,Our heroes' physical and magic attack +5%  ,Tấn công vật lý và phép của anh hùng của chúng tôi +5%,Our heroes' physical and magic attack +5%  ,พลังโจมตีกายภาพและเวทของฮีโร่ของเราจะเพิ่มขึ้น 5%  ,Serangan fisik dan sihir pahlawan kita +5%  ,Pisikal at magic na atake ng mga bayani natin +5%  ,Serangan fizikal dan sihir wira kami +5%  ,1,city/adventure/random_tower/icon/icon_xingxiangskill_4.png,city/adventure/random_tower/icon/box_red.png,effect,,,8,5%,7,5%,,,,,,,,,,,,,,,,
2009,109,,Our heroes' physical and magic attack +5%  ,Tấn công vật lý và phép của anh hùng của chúng tôi +5%,Our heroes' physical and magic attack +5%  ,พลังโจมตีกายภาพและเวทของฮีโร่ของเราจะเพิ่มขึ้น 5%  ,Serangan fisik dan sihir pahlawan kita +5%  ,Pisikal at magic na atake ng mga bayani natin +5%  ,Serangan fizikal dan sihir wira kami +5%  ,1,city/adventure/random_tower/icon/icon_xingxiangskill_4.png,city/adventure/random_tower/icon/box_red.png,effect,,,8,5%,7,5%,,,,,,,,,,,,,,,,
2010,110,,Our heroes' physical and magic attack +5%  ,Tấn công vật lý và phép của anh hùng của chúng tôi +5%,Our heroes' physical and magic attack +5%  ,พลังโจมตีกายภาพและเวทของฮีโร่ของเราจะเพิ่มขึ้น 5%  ,Serangan fisik dan sihir pahlawan kita +5%  ,Pisikal at magic na atake ng mga bayani natin +5%  ,Serangan fizikal dan sihir wira kami +5%  ,1,city/adventure/random_tower/icon/icon_xingxiangskill_4.png,city/adventure/random_tower/icon/box_red.png,effect,,,8,5%,7,5%,,,,,,,,,,,,,,,,
2011,200,,Our heroes' physical and magic attack +5%  ,Tấn công vật lý và phép của anh hùng của chúng tôi +5%,Our heroes' physical and magic attack +5%  ,พลังโจมตีกายภาพและเวทของฮีโร่ของเราจะเพิ่มขึ้น 5%  ,Serangan fisik dan sihir pahlawan kita +5%  ,Pisikal at magic na atake ng mga bayani natin +5%  ,Serangan fizikal dan sihir wira kami +5%  ,1,city/adventure/random_tower/icon/icon_xingxiangskill_4.png,city/adventure/random_tower/icon/box_red.png,effect,,,8,5%,7,5%,,,,,,,,,,,,,,,,
2012,1111,,Our heroes' physical and magic attack +5%  ,Tấn công vật lý và phép của anh hùng của chúng tôi +5%,Our heroes' physical and magic attack +5%  ,พลังโจมตีกายภาพและเวทของฮีโร่ของเราจะเพิ่มขึ้น 5%  ,Serangan fisik dan sihir pahlawan kita +5%  ,Pisikal at magic na atake ng mga bayani natin +5%  ,Serangan fizikal dan sihir wira kami +5%  ,1,city/adventure/random_tower/icon/icon_xingxiangskill_4.png,city/adventure/random_tower/icon/box_red.png,effect,,,8,5%,7,5%,,,,,,,,,,,,,,,,
2013,1000,,Our heroes' physical and magic attack +5%  ,Tấn công vật lý và phép của anh hùng của chúng tôi +5%,Our heroes' physical and magic attack +5%  ,พลังโจมตีกายภาพและเวทของฮีโร่ของเราจะเพิ่มขึ้น 5%  ,Serangan fisik dan sihir pahlawan kita +5%  ,Pisikal at magic na atake ng mga bayani natin +5%  ,Serangan fizikal dan sihir wira kami +5%  ,1,city/adventure/random_tower/icon/icon_xingxiangskill_4.png,city/adventure/random_tower/icon/box_red.png,effect,,,8,5%,7,5%,,,,,,,,,,,,,,,,
2014,9999,,Our heroes' physical and magic attack +5%  ,Tấn công vật lý và phép của anh hùng của chúng tôi +5%,Our heroes' physical and magic attack +5%  ,พลังโจมตีกายภาพและเวทของฮีโร่ของเราจะเพิ่มขึ้น 5%  ,Serangan fisik dan sihir pahlawan kita +5%  ,Pisikal at magic na atake ng mga bayani natin +5%  ,Serangan fizikal dan sihir wira kami +5%  ,1,city/adventure/random_tower/icon/icon_xingxiangskill_4.png,city/adventure/random_tower/icon/box_red.png,effect,,,8,5%,7,5%,,,,,,,,,,,,,,,,
2015,999,,Our heroes' physical and magic attack +5%  ,Tấn công vật lý và phép của anh hùng của chúng tôi +5%,Our heroes' physical and magic attack +5%  ,พลังโจมตีกายภาพและเวทของฮีโร่ของเราจะเพิ่มขึ้น 5%  ,Serangan fisik dan sihir pahlawan kita +5%  ,Pisikal at magic na atake ng mga bayani natin +5%  ,Serangan fizikal dan sihir wira kami +5%  ,1,city/adventure/random_tower/icon/icon_xingxiangskill_4.png,city/adventure/random_tower/icon/box_red.png,effect,,,8,5%,7,5%,,,,,,,,,,,,,,,,
2221,12221,,"<Fire Force>: Each time dealing damage to an enemy, reduce their double damage by 8%, up to a maximum of 10% of the user's own value (<Dark Force> enhances this effect)  ","<Hỏa chi lực>: Mỗi lần gây sát thương cho kẻ địch, giảm 8% sát thương đôi của nó, tối đa không quá 10% của bản thân (<Ác chi lực> sẽ tăng cường hiệu ứng bổ sung)","<Fire Force>: Each time dealing damage to an enemy, reduce their double damage by 8%, up to a maximum of 10% of the user's own value (<Dark Force> enhances this effect)  ",<พลังไฟ>: ทุกครั้งที่สร้างความเสียหายให้ศัตรู ลดความเสียหายคู่ของศัตรูลง 8% สูงสุดไม่เกิน 10% ของค่าของตัวเอง (<พลังมืด> จะเพิ่มประสิทธิภาพเพิ่มเติม)  ,"<Kekuatan Api>: Setiap kali menyerang musuh, kurangi 8% damage ganda musuh, maksimal tidak lebih dari 10% dari nilai pengguna (<Kekuatan Gelap> meningkatkan efek ini)  ","<Lakas ng Apoy>: Sa bawat pag-atake sa kalaban, bawasan ang kanilang double damage ng 8%, hanggang sa maximum na 10% ng sariling halaga (<Lakas ng Kadiliman> nagpapahusay sa epektong ito)  ","<Kekuatan Api>: Setiap kali menyerang musuh, kurangkan 8% kerosakan berganda mereka, maksimum tidak melebihi 10% nilai sendiri (<Kekuatan Gelap> meningkatkan kesan ini)  ",,city/adventure/random_tower/icon/icon_xingxiangskill_6.png,city/adventure/random_tower/icon/box_red.png,effect,4,,,,,,,,,,,,,,80083,,,,,,,
2222,2221,,"<Water Force>: Each time dealing damage to an enemy, reduce their double defense by 8%, up to a maximum of 10% of the user's own value (<Dark Force> enhances this effect)  ","<Thủy chi lực>: Mỗi lần gây sát thương cho kẻ địch, giảm 8% phòng thủ đôi của nó, tối đa không quá 10% của bản thân (<Ác chi lực> sẽ tăng cường hiệu ứng bổ sung)","<Water Force>: Each time dealing damage to an enemy, reduce their double defense by 8%, up to a maximum of 10% of the user's own value (<Dark Force> enhances this effect)  ",<พลังน้ำ>: ทุกครั้งที่สร้างความเสียหายให้ศัตรู ลดการป้องกันคู่ของศัตรูลง 8% สูงสุดไม่เกิน 10% ของค่าของตัวเอง (<พลังมืด> จะเพิ่มประสิทธิภาพเพิ่มเติม)  ,"<Kekuatan Air>: Setiap kali menyerang musuh, kurangi 8% pertahanan ganda musuh, maksimal tidak lebih dari 10% dari nilai pengguna (<Kekuatan Gelap> meningkatkan efek ini)  ","<Lakas ng Tubig>: Sa bawat pag-atake sa kalaban, bawasan ang kanilang double defense ng 8%, hanggang sa maximum na 10% ng sariling halaga (<Lakas ng Kadiliman> nagpapahusay sa epektong ito)  ","<Kekuatan Air>: Setiap kali menyerang musuh, kurangkan 8% pertahanan berganda musuh, maksimum tidak melebihi 10% nilai sendiri (<Kekuatan Gelap> meningkatkan kesan ini)  ",,city/adventure/random_tower/icon/icon_xingxiangskill_4.png,city/adventure/random_tower/icon/box_red.png,effect,4,,,,,,,,,,,,,,80084,,,,,,,
2223,2221,,"<Dark Force>: Enhances <Fire Force> and <Water Force>: When attacking and reducing double damage and double defense of the target, converts corresponding attribute amounts to the attacker; also with <Dark Force>, <Fire Force>, <Water Force>, the whole team gains 10% lifesteal  ","<Ác chi lực>: Tăng cường hiệu quả của <Hỏa chi lực><Thủy chi lực>: Khi tấn công và giảm sát thương đôi và phòng thủ đôi của mục tiêu, sẽ chuyển đổi số lượng thuộc tính tương ứng cho người tấn công, đồng thời có <Ác chi lực><Hỏa chi lực><Thủy chi lực>, toàn bộ đội ngũ của chúng tôi nhận thêm 10% hút máu","<Dark Force>: Enhances <Fire Force> and <Water Force>: When attacking and reducing double damage and double defense of the target, converts corresponding attribute amounts to the attacker; also with <Dark Force>, <Fire Force>, <Water Force>, the whole team gains 10% lifesteal  ",<พลังมืด>: เพิ่มประสิทธิภาพของ <พลังไฟ> และ <พลังน้ำ>: เมื่อโจมตีและลดความเสียหายคู่และการป้องกันคู่ของเป้าหมาย จะเปลี่ยนแปลงจำนวนค่าคุณลักษณะที่เกี่ยวข้องให้ผู้โจมตี และด้วย <พลังมืด><พลังไฟ><พลังน้ำ> ทีมทั้งหมดจะได้รับการดูดเลือดเพิ่ม 10%  ,"<Kekuatan Gelap>: Meningkatkan <Kekuatan Api> dan <Kekuatan Air>: Saat menyerang dan mengurangi damage ganda dan pertahanan ganda target, mengubah atribut yang sesuai ke penyerang; juga dengan <Kekuatan Gelap>, <Kekuatan Api>, <Kekuatan Air>, seluruh tim mendapat lifesteal 10%  ","<Lakas ng Kadiliman>: Pinapalakas ang <Lakas ng Apoy> at <Lakas ng Tubig>: Kapag umaatake at nagpapababa ng double damage at double defense ng target, kinokonvert ang kaukulang katangian sa umaatake; pati na rin sa <Lakas ng Kadiliman>, <Lakas ng Apoy>, <Lakas ng Tubig>, buong koponan ay nakakakuha ng 10% lifesteal  ","<Kekuatan Gelap>: Meningkatkan <Kekuatan Api> dan <Kekuatan Air>: Apabila menyerang dan mengurangkan kerosakan berganda dan pertahanan berganda sasaran, menukarkan atribut yang sepadan kepada penyerang; juga dengan <Kekuatan Gelap>, <Kekuatan Api>, <Kekuatan Air>, seluruh pasukan mendapat 10% lifesteal  ",,city/adventure/random_tower/icon/icon_xingxiangskill_8.png,city/adventure/random_tower/icon/box_red.png,effect_huang,4,,,,,,,,,,,,,,80085,,,,,,,
2224,12222,,"<Sunstone>: Before starting the action turn, recover 200 energy points (If combined with <Moonstone>, energy recovery speed increases by 30%)  ","<Nhật chi thạch>: Trước khi bắt đầu lượt hành động, hồi phục 200 điểm tức (Nếu có <Nhật Nguyệt chi thạch>, tốc độ hồi tức tăng 30%)","<Sunstone>: Before starting the action turn, recover 200 energy points (If combined with <Moonstone>, energy recovery speed increases by 30%)  ",<หินพระอาทิตย์>: ก่อนเริ่มต้นรอบการกระทำ ฟื้นฟูพลังงาน 200 จุด (ถ้ามี <หินพระจันทร์> จะเพิ่มความเร็วฟื้นฟูพลังงานขึ้น 30%)  ,"<Batu Matahari>: Sebelum memulai giliran aksi, pulihkan 200 poin energi (Jika digabung dengan <Batu Bulan>, kecepatan pemulihan energi meningkat 30%)  ","<Bato ng Araw>: Bago magsimula ang turn ng aksyon, bumalik ng 200 energy points (Kung may <Bato ng Buwan>, bumibilis ang pag-recover ng energy ng 30%)  ","<Batu Matahari>: Sebelum memulakan giliran tindakan, pulihkan 200 mata tenaga (Jika digabungkan dengan <Batu Bulan>, kelajuan pemulihan tenaga meningkat 30%)  ",,city/adventure/random_tower/icon/icon_xingxiangskill_6.png,city/adventure/random_tower/icon/box_green.png,effect_huang,4,,,,,,,,,,,,,,80086,,,,,,,
2225,2222,,"<Moonstone>: After finishing the big turn, recover 10% of lost health (If combined with <Sunstone>, energy recovery speed increases by 30%)  ","<Nguyệt chi thạch>: Sau khi kết thúc lượt lớn, hồi phục 10% máu đã mất của bản thân (Nếu có <Nhật Nguyệt chi thạch>, tốc độ hồi tức tăng 30%)","<Moonstone>: After finishing the big turn, recover 10% of lost health (If combined with <Sunstone>, energy recovery speed increases by 30%)  ",<หินพระจันทร์>: หลังจากจบรอบใหญ่ ฟื้นฟูเลือดที่หายไป 10% ของตัวเอง (ถ้ามี <หินพระอาทิตย์> จะเพิ่มความเร็วฟื้นฟูพลังงานขึ้น 30%)  ,"<Batu Bulan>: Setelah menyelesaikan giliran besar, pulihkan 10% HP yang hilang (Jika digabung dengan <Batu Matahari>, kecepatan pemulihan energi meningkat 30%)  ","<Bato ng Buwan>: Pagkatapos ng malaking turn, mag-recover ng 10% ng nawalang HP (Kung may <Bato ng Araw>, bumibilis ang pag-recover ng energy ng 30%)  ","<Batu Bulan>: Selepas tamat giliran besar, pulihkan 10% HP yang hilang (Jika digabungkan dengan <Batu Matahari>, kelajuan pemulihan tenaga meningkat 30%)  ",,city/adventure/random_tower/icon/icon_xingxiangskill_6.png,city/adventure/random_tower/icon/box_green.png,effect_huang,4,,,,,,,,,,,,,,80087,,,,,,,
2226,12223,,"<Rage Fire>: At the start of battle, all allies receive 100 energy points (Other effects like <Enrage, Fury, Rage Level, Rage Trigger, Berserk> each increase energy by 100 points)  ","<Nộ hỏa>: Khi bắt đầu trận đấu, toàn bộ đồng minh sẽ nhận 100 điểm tức (Các hiệu ứng khác như <Diễn nộ, Nộ kích, Cấp nộ, Kích nộ, Bạo nộ> mỗi hiệu ứng sẽ nâng cao 100 điểm tức)","<Rage Fire>: At the start of battle, all allies receive 100 energy points (Other effects like <Enrage, Fury, Rage Level, Rage Trigger, Berserk> each increase energy by 100 points)  ","<ไฟโกรธ>: เมื่อเริ่มต้นการต่อสู้ เพื่อนร่วมทีมทั้งหมดได้รับพลังงาน 100 จุด (ผลอื่น ๆ เช่น <โกรธจัด, โกรธรุนแรง, ระดับโกรธ, จุดกระตุ้นโกรธ, บ้าคลั่ง> แต่ละอย่างจะเพิ่มพลังงานอีก 100 จุด)  ","<Amarah Api>: Pada awal pertempuran, seluruh sekutu mendapat 100 poin energi (Efek lain seperti <Marah, Amarah, Level Amarah, Pemicu Amarah, Kegilaan> masing-masing menambah 100 poin energi)  ","<Galit ng Apoy>: Sa simula ng laban, lahat ng kakampi ay nakakakuha ng 100 energy points (Ibang epekto tulad ng <Galit, Poot, Antas ng Galit, Trigger ng Galit, Berserk> bawat isa ay nagdadagdag ng 100 energy points)  ","<Amarah Api>: Pada permulaan pertempuran, semua sekutu mendapat 100 mata tenaga (Kesan lain seperti <Amarah, Kemarahan, Tahap Amarah, Pencetus Amarah, Kegilaan> masing-masing menambah 100 mata tenaga)  ",,city/adventure/random_tower/icon/icon_xingxiangskill_6.png,city/adventure/random_tower/icon/box_yellow.png,effect_huang,4,,,,,,,,,,,,,,80088,,,,,,,
2227,2223,,"<Enrage>: When receiving damage, gain 100 energy points (Can increase energy for <Rage Fire>)  ","<Diễn nộ>: Khi nhận sát thương, nhận 100 điểm tức (Có thể nâng cao điểm tức cho <Nộ hỏa>)","<Enrage>: When receiving damage, gain 100 energy points (Can increase energy for <Rage Fire>)  ",<โกรธจัด>: เมื่อได้รับความเสียหาย จะได้รับพลังงาน 100 จุด (สามารถเพิ่มพลังงานสำหรับ <ไฟโกรธ>)  ,"<Marah>: Saat menerima damage, dapatkan 100 poin energi (Dapat meningkatkan energi untuk <Amarah Api>)  ","<Galit>: Kapag tumanggap ng damage, makakakuha ng 100 energy points (Puwedeng magdagdag ng energy para sa <Galit ng Apoy>)  ","<Amarah>: Apabila menerima kerosakan, dapatkan 100 mata tenaga (Boleh meningkatkan tenaga untuk <Amarah Api>)  ",,city/adventure/random_tower/icon/icon_xingxiangskill_6.png,city/adventure/random_tower/icon/box_yellow.png,effect,4,,,,,,,,,,,,,,80089,,,TRUE,,,,
2228,2223,,"<Fury>: When our hero kills an enemy, recover 10% of own health and 200 energy points (Can increase energy for <Rage Fire>)  ","<Nộ kích>: Khi anh hùng của chúng tôi tiêu diệt kẻ địch, hồi phục 10% máu bản thân và 200 điểm tức (Có thể nâng cao điểm tức cho <Nộ hỏa>)","<Fury>: When our hero kills an enemy, recover 10% of own health and 200 energy points (Can increase energy for <Rage Fire>)  ",<โกรธรุนแรง>: เมื่อฮีโร่ของเราฆ่าศัตรู ฟื้นฟูเลือด 10% ของตัวเองและพลังงาน 200 จุด (สามารถเพิ่มพลังงานสำหรับ <ไฟโกรธ>)  ,"<Amarah>: Saat pahlawan kami membunuh musuh, pulihkan 10% HP dan 200 poin energi (Dapat meningkatkan energi untuk <Amarah Api>)  ","<Poot>: Kapag ang aming bayani ay pumatay ng kalaban, mag-recover ng 10% ng sariling HP at 200 energy points (Puwedeng magdagdag ng energy para sa <Galit ng Apoy>)  ","<Kemarahan>: Apabila wira kami membunuh musuh, pulihkan 10% HP dan 200 mata tenaga (Boleh meningkatkan tenaga untuk <Amarah Api>)  ",,city/adventure/random_tower/icon/icon_xingxiangskill_6.png,city/adventure/random_tower/icon/box_yellow.png,effect,4,,,,,,,,,,,,,,80090,,,TRUE,,,,
2229,2223,,"<Rage Level>: When our hero attacks, 30% chance to steal 100 energy points from the target (Can increase energy for <Rage Fire>)  ","<Cấp nộ>: Khi anh hùng của chúng tôi tấn công, có 30% khả năng cướp đi 100 điểm tức từ mục tiêu (Có thể nâng cao điểm tức cho <Nộ hỏa>)","<Rage Level>: When our hero attacks, 30% chance to steal 100 energy points from the target (Can increase energy for <Rage Fire>)  ",<ระดับโกรธ>: เมื่อฮีโร่ของเราโจมตี มีโอกาส 30% ที่จะขโมยพลังงาน 100 จุดจากเป้าหมาย (สามารถเพิ่มพลังงานสำหรับ <ไฟโกรธ>)  ,"<Tingkat Amarah>: Saat pahlawan kami menyerang, ada 30% peluang mencuri 100 poin energi dari target (Dapat meningkatkan energi untuk <Amarah Api>)  ","<Antas ng Galit>: Kapag ang aming bayani ay umaatake, may 30% chance na manakaw ng 100 energy points mula sa target (Puwedeng magdagdag ng energy para sa <Galit ng Apoy>)  ","<Tahap Amarah>: Apabila wira kami menyerang, ada 30% peluang mencuri 100 mata tenaga daripada sasaran (Boleh meningkatkan tenaga untuk <Amarah Api>)  ",,city/adventure/random_tower/icon/icon_xingxiangskill_6.png,city/adventure/random_tower/icon/box_yellow.png,effect_huang,4,,,,,,,,,,,,,,80091,,,TRUE,,,,
2230,2223,,<Rage Trigger>: Using small skills or normal attacks gain extra 100 energy points (Can increase energy for <Rage Fire>)  ,<Kích nộ>: Sử dụng kỹ năng nhỏ hoặc đánh thường nhận thêm 100 điểm tức (Có thể nâng cao điểm tức cho <Nộ hỏa>),<Rage Trigger>: Using small skills or normal attacks gain extra 100 energy points (Can increase energy for <Rage Fire>)  ,<จุดกระตุ้นโกรธ>: ใช้สกิลเล็กหรือโจมตีปกติจะได้รับพลังงานเพิ่ม 100 จุด (สามารถเพิ่มพลังงานสำหรับ <ไฟโกรธ>)  ,<Pemicu Amarah>: Menggunakan skill kecil atau serangan normal mendapat tambahan 100 poin energi (Dapat meningkatkan energi untuk <Amarah Api>)  ,<Trigger ng Galit>: Gumamit ng maliit na skill o normal attack upang makatanggap ng dagdag na 100 energy points (Puwedeng magdagdag ng energy para sa <Galit ng Apoy>)  ,<Pencetus Amarah>: Menggunakan skill kecil atau serangan biasa mendapat tambahan 100 mata tenaga (Boleh meningkatkan tenaga untuk <Amarah Api>)  ,,city/adventure/random_tower/icon/icon_xingxiangskill_6.png,city/adventure/random_tower/icon/box_yellow.png,effect_huang,4,,,,,,,,,,,,,,80092,,,TRUE,,,,
2231,2223,,"<Berserk>: Using non-ultimate skills, each 1% energy provides 1% increased damage (Can increase energy for <Rage Fire>)  ","<Bạo nộ>: Sử dụng kỹ năng không phải là tuyệt kỹ, mỗi 1% tức sẽ cung cấp 1% tăng sát thương gây ra (Có thể nâng cao điểm tức cho <Nộ hỏa>)","<Berserk>: Using non-ultimate skills, each 1% energy provides 1% increased damage (Can increase energy for <Rage Fire>)  ",<บ้าคลั่ง>: ใช้สกิลที่ไม่ใช่สกิลสุดยอด แต่ละ 1% ของพลังงานจะเพิ่มความเสียหายที่สร้างขึ้น 1% (สามารถเพิ่มพลังงานสำหรับ <ไฟโกรธ>)  ,"<Kegilaan>: Menggunakan skill bukan ultimate, setiap 1% energi memberi 1% peningkatan damage (Dapat meningkatkan energi untuk <Amarah Api>)  ","<Berserk>: Gumamit ng skill na hindi ultimate, bawat 1% energy ay nagbibigay ng 1% dagdag na damage (Puwedeng magdagdag ng energy para sa <Galit ng Apoy>)  ","<Kegilaan>: Menggunakan skill yang bukan ultimate, setiap 1% tenaga memberikan 1% peningkatan kerosakan (Boleh meningkatkan tenaga untuk <Amarah Api>)  ",,city/adventure/random_tower/icon/icon_xingxiangskill_6.png,city/adventure/random_tower/icon/box_yellow.png,effect_huang,4,,,,,,,,,,,,,,80093,,,TRUE,,,,
2232,12224,,"<Life Shield>: At battle start, creates a shield that absorbs 10% damage based on the user's health for all allies (Effects like <Armor Shield, Immunity Shield, Nourishing Shield, Trigger Shield, Break Shield, Guard Shield> each can increase the shield by 4%)  ","<Thuẫn sinh>: Khi bắt đầu trận đấu, tạo một lớp khiên hấp thụ 10% sát thương bằng máu của bản thân cho toàn bộ đồng minh (Các hiệu ứng như <Thuẫn giáp, Thuẫn miễn, Thuẫn dưỡng, Thuẫn kích, Thuẫn phá, Thuẫn thủ> mỗi cái có thể nâng cao lớp khiên thêm 4%)","<Life Shield>: At battle start, creates a shield that absorbs 10% damage based on the user's health for all allies (Effects like <Armor Shield, Immunity Shield, Nourishing Shield, Trigger Shield, Break Shield, Guard Shield> each can increase the shield by 4%)  ","<โล่ชีวิต>: เมื่อต้นการต่อสู้ สร้างโล่ดูดซับความเสียหาย 10% ของเลือดตัวเองให้กับเพื่อนร่วมทีมทั้งหมด (ผลเช่น <โล่เกราะ, โล่ป้องกัน, โล่ฟื้นฟู, โล่กระตุ้น, โล่แตก, โล่ป้องกันตัว> แต่ละอย่างสามารถเพิ่มโล่อีก 4%)  ","<Perisai Hidup>: Saat mulai pertempuran, menciptakan perisai menyerap 10% damage dari HP pengguna untuk seluruh sekutu (Efek seperti <Perisai Armor, Perisai Imun, Perisai Penyembuh, Perisai Pemicu, Perisai Pecah, Perisai Pelindung> masing-masing dapat menambah perisai 4%)  ","<Shield ng Buhay>: Sa simula ng laban, gumagawa ng shield na sumisipsip ng 10% damage mula sa HP ng gumagamit para sa lahat ng kakampi (Mga epekto tulad ng <Shield ng Armor, Shield ng Immunity, Shield ng Pagpapagaling, Shield ng Trigger, Shield ng Pagputol, Shield ng Depensa> bawat isa ay maaaring magpataas ng shield ng 4%)  ","<Perisai Hidup>: Pada permulaan pertempuran, mencipta perisai yang menyerap 10% kerosakan berdasarkan HP pengguna untuk semua sekutu (Kesan seperti <Perisai Zirah, Perisai Imun, Perisai Penyembuh, Perisai Pencetus, Perisai Pecah, Perisai Pelindung> masing-masing boleh meningkatkan perisai sebanyak 4%)  ",,city/adventure/random_tower/icon/icon_xingxiangskill_5.png,city/adventure/random_tower/icon/box_blue.png,effect_huang,4,,,,,,,,,,,,,,80094,,,,,,,
2233,2224,,"<Armor Shield>: While shield exists, provides 20% double defense for it (Can enhance <Life Shield>)  ","<Thuẫn giáp>: Khi lớp khiên tồn tại, cung cấp 20% phòng thủ đôi cho nó (Có thể nâng cao lớp khiên cho <Thuẫn sinh>)","<Armor Shield>: While shield exists, provides 20% double defense for it (Can enhance <Life Shield>)  ",<โล่เกราะ>: ขณะที่โล่อยู่ จะเพิ่มการป้องกันคู่ 20% ให้กับโล่ (สามารถเพิ่ม <โล่ชีวิต>)  ,"<Perisai Armor>: Saat perisai ada, memberikan 20% pertahanan ganda untuk perisai tersebut (Dapat meningkatkan <Perisai Hidup>)  ","<Shield ng Armor>: Habang may shield, nagbibigay ng 20% double defense dito (Puwedeng pataasin ang <Shield ng Buhay>)  ","<Perisai Zirah>: Semasa perisai wujud, memberikan 20% pertahanan berganda kepadanya (Boleh meningkatkan <Perisai Hidup>)  ",,city/adventure/random_tower/icon/icon_xingxiangskill_5.png,city/adventure/random_tower/icon/box_blue.png,effect,4,,,,,,,,,,,,,,80095,,,TRUE,,,,
2234,2224,,"<Immunity Shield>: While shield exists, immune to control and negative effects (Can enhance <Life Shield>)  ","<Thuẫn miễn>: Khi lớp khiên tồn tại, miễn dịch kiểm soát và hiệu ứng tiêu cực (Có thể nâng cao lớp khiên cho <Thuẫn sinh>)","<Immunity Shield>: While shield exists, immune to control and negative effects (Can enhance <Life Shield>)  ",<โล่ป้องกัน>: ขณะที่โล่อยู่ จะป้องกันการควบคุมและผลลบ (สามารถเพิ่ม <โล่ชีวิต>)  ,"<Perisai Imun>: Saat perisai ada, kebal terhadap kontrol dan efek negatif (Dapat meningkatkan <Perisai Hidup>)  ","<Shield ng Immunity>: Habang may shield, immune sa control at negatibong epekto (Puwedeng pataasin ang <Shield ng Buhay>)  ","<Perisai Imun>: Semasa perisai wujud, imun terhadap kawalan dan kesan negatif (Boleh meningkatkan <Perisai Hidup>)  ",,city/adventure/random_tower/icon/icon_xingxiangskill_5.png,city/adventure/random_tower/icon/box_blue.png,effect,4,,,,,,,,,,,,,,80096,,,TRUE,,,,
2235,2224,,<Trigger Shield>: Each attack adds 20% true damage based on current shield value (Can enhance <Life Shield>)  ,<Thuẫn kích>: Mỗi lần tấn công thêm 20% sát thương thật từ giá trị lớp khiên hiện tại (Có thể nâng cao lớp khiên cho <Thuẫn sinh>),<Trigger Shield>: Each attack adds 20% true damage based on current shield value (Can enhance <Life Shield>)  ,<โล่กระตุ้น>: แต่ละครั้งที่โจมตี จะเพิ่มความเสียหายจริง 20% จากค่าปัจจุบันของโล่ (สามารถเพิ่ม <โล่ชีวิต>)  ,<Perisai Pemicu>: Setiap kali menyerang menambah 20% damage nyata dari nilai perisai saat ini (Dapat meningkatkan <Perisai Hidup>)  ,<Shield ng Trigger>: Bawat pag-atake ay nagbibigay ng 20% true damage batay sa kasalukuyang halaga ng shield (Puwedeng pataasin ang <Shield ng Buhay>)  ,<Perisai Pencetus>: Setiap kali menyerang menambah 20% kerosakan benar berdasarkan nilai perisai semasa (Boleh meningkatkan <Perisai Hidup>)  ,,city/adventure/random_tower/icon/icon_xingxiangskill_5.png,city/adventure/random_tower/icon/box_blue.png,effect_huang,4,,,,,,,,,,,,,,80097,,,TRUE,,,,
2236,2224,,"<Guard Shield>: When hit by a critical strike, all allies receive a shield equal to 10% max health of the user (Can enhance <Life Shield>)  ","<Thuẫn thủ>: Khi bị đánh bạo kích, tất cả đồng minh nhận một lớp khiên bằng 10% máu tối đa của bản thân (Có thể nâng cao lớp khiên cho <Thuẫn sinh>)","<Guard Shield>: When hit by a critical strike, all allies receive a shield equal to 10% max health of the user (Can enhance <Life Shield>)  ",<โล่ป้องกันตัว>: เมื่อติดคริติคอล จะให้เพื่อนร่วมทีมทั้งหมดได้รับโล่เท่ากับ 10% ของเลือดสูงสุดของตัวเอง (สามารถเพิ่ม <โล่ชีวิต>)  ,"<Perisai Pelindung>: Saat terkena serangan kritikal, semua sekutu mendapat perisai sebesar 10% HP maksimum pengguna (Dapat meningkatkan <Perisai Hidup>)  ","<Shield ng Depensa>: Kapag tinamaan ng critical hit, lahat ng kakampi ay nakakakuha ng shield na katumbas ng 10% max HP ng gumagamit (Puwedeng pataasin ang <Shield ng Buhay>)  ","<Perisai Pelindung>: Apabila terkena serangan kritikal, semua sekutu mendapat perisai sebanyak 10% HP maksimum pengguna (Boleh meningkatkan <Perisai Hidup>)  ",,city/adventure/random_tower/icon/icon_xingxiangskill_5.png,city/adventure/random_tower/icon/box_blue.png,effect_huang,4,,,,,,,,,,,,,,80098,,,TRUE,,,,
2237,2224,,"<Break Shield>: When shield breaks, deals damage to all enemies equal to 6% max health (Can enhance <Life Shield>)  ","<Thuẫn phá>: Khi lớp khiên vỡ, gây sát thương cho toàn bộ kẻ địch bằng 6% máu tối đa (Có thể nâng cao lớp khiên cho <Thuẫn sinh>)","<Break Shield>: When shield breaks, deals damage to all enemies equal to 6% max health (Can enhance <Life Shield>)  ",<โล่แตก>: เมื่โล่แตก จะสร้างความเสียหายแก่ศัตรูทั้งหมด เท่ากับ 6% ของเลือดสูงสุด (สามารถเพิ่ม <โล่ชีวิต>)  ,"<Perisai Pecah>: Saat perisai hancur, memberikan damage kepada semua musuh sebesar 6% HP maksimum (Dapat meningkatkan <Perisai Hidup>)  ","<Shield ng Pagputol>: Kapag nawasak ang shield, nagbibigay ng damage sa lahat ng kalaban na katumbas ng 6% max HP (Puwedeng pataasin ang <Shield ng Buhay>)  ","<Perisai Pecah>: Apabila perisai hancur, memberikan kerosakan kepada semua musuh sebanyak 6% HP maksimum (Boleh meningkatkan <Perisai Hidup>)  ",,city/adventure/random_tower/icon/icon_xingxiangskill_5.png,city/adventure/random_tower/icon/box_blue.png,effect_huang,4,,,,,,,,,,,,,,80099,,,TRUE,,,,
2238,2224,,"<Nourishing Shield>: When shield breaks, recovers 5% max health of user (Can enhance <Life Shield>)  ","<Thuẫn dưỡng>: Khi lớp khiên vỡ, hồi phục 5% máu tối đa của bản thân (Có thể nâng cao lớp khiên cho <Thuẫn sinh>)","<Nourishing Shield>: When shield breaks, recovers 5% max health of user (Can enhance <Life Shield>)  ",<โล่ฟื้นฟู>: เมื่โล่แตก จะฟื้นฟูเลือด 5% ของตัวเอง (สามารถเพิ่ม <โล่ชีวิต>)  ,"<Perisai Penyembuh>: Saat perisai hancur, memulihkan 5% HP maksimum pengguna (Dapat meningkatkan <Perisai Hidup>)  ","<Shield ng Pagpapagaling>: Kapag nawasak ang shield, nagpapagaling ng 5% max HP ng gumagamit (Puwedeng pataasin ang <Shield ng Buhay>)  ","<Perisai Penyembuh>: Apabila perisai hancur, memulihkan 5% HP maksimum pengguna (Boleh meningkatkan <Perisai Hidup>)  ",,city/adventure/random_tower/icon/icon_xingxiangskill_5.png,city/adventure/random_tower/icon/box_blue.png,effect_huang,4,,,,,,,,,,,,,,80100,,,TRUE,,,,
2241,2227,,"<Bamboo Break>: Deals extra 30% damage to units with health above 70% (If combined with <Leaf Sweep>, adds 20% crit rate)  ","<Thế như phá trúc>: Gây thêm 30% sát thương cho đơn vị có máu trên 70% (Nếu có cả <Thế như phá trúc> và <Thu phong quét lá>, thêm 20% tỷ lệ bạo kích)","<Bamboo Break>: Deals extra 30% damage to units with health above 70% (If combined with <Leaf Sweep>, adds 20% crit rate)  ",<ไม้ไผ่แตก>: สร้างความเสียหายเพิ่ม 30% กับยูนิตที่มีเลือดมากกว่า 70% (ถ้ามีทั้ง <ไม้ไผ่แตก> และ <ใบไม้ปัด> เพิ่มอัตราคริติคอลอีก 20%)  ,"<Serangan Bambu>: Memberi tambahan 30% damage pada unit dengan HP di atas 70% (Jika digabung dengan <Sapuan Daun>, menambah 20% chance kritikal)  ","<Pagsira ng Kawayan>: Nagdudulot ng dagdag na 30% damage sa unit na may HP higit sa 70% (Kung may <Pagsira ng Kawayan> at <Hampas Dahon>, dagdagan ng 20% crit rate)  ","<Serangan Buluh>: Memberikan tambahan 30% kerosakan kepada unit dengan HP lebih dari 70% (Jika mempunyai <Serangan Buluh> dan <Sapuan Daun>, menambah 20% kadar kritikal)  ",,city/adventure/random_tower/icon/icon_xingxiangskill_6.png,city/adventure/random_tower/icon/box_red.png,effect,4,,,,,,,,,,,,,,80102,,,TRUE,,,,
2242,2227,,"<Leaf Sweep>: Deals extra 40% damage to units with health below 30% (If combined with <Bamboo Break>, adds 20% crit rate)  ","<Thu phong quét lá>: Gây thêm 40% sát thương cho đơn vị có máu dưới 30% (Nếu có cả <Thế như phá trúc> và <Thu phong quét lá>, thêm 20% tỷ lệ bạo kích)","<Leaf Sweep>: Deals extra 40% damage to units with health below 30% (If combined with <Bamboo Break>, adds 20% crit rate)  ",<ใบไม้ปัด>: สร้างความเสียหายเพิ่ม 40% กับยูนิตที่มีเลือดต่ำกว่า 30% (ถ้ามีทั้ง <ไม้ไผ่แตก> และ <ใบไม้ปัด> เพิ่มอัตราคริติคอลอีก 20%)  ,"<Sapuan Daun>: Memberi tambahan 40% damage pada unit dengan HP di bawah 30% (Jika digabung dengan <Serangan Bambu>, menambah 20% chance kritikal)  ","<Hampas Dahon>: Nagdudulot ng dagdag na 40% damage sa unit na may HP mababa sa 30% (Kung may <Pagsira ng Kawayan> at <Hampas Dahon>, dagdagan ng 20% crit rate)  ","<Sapuan Daun>: Memberikan tambahan 40% kerosakan kepada unit dengan HP kurang dari 30% (Jika mempunyai <Serangan Buluh> dan <Sapuan Daun>, menambah 20% kadar kritikal)  ",,city/adventure/random_tower/icon/icon_xingxiangskill_6.png,city/adventure/random_tower/icon/box_red.png,effect,4,,,,,,,,,,,,,,80103,,,TRUE,,,,
2243,2228,,"<Blood Invasion>: Each 1% lifesteal increases damage by 5% (If combined with <Wing Spread>, each 1% lifesteal steals 1% double defense from target)  ","<Huyết xâm>: Mỗi 1% hút máu của anh hùng tăng 5% tăng sát thương (Nếu có cả <Huyết xâm> và <Dực vĩ>, mỗi 1% hút máu của anh hùng sẽ ăn cắp 1% phòng thủ đôi của mục tiêu)","<Blood Invasion>: Each 1% lifesteal increases damage by 5% (If combined with <Wing Spread>, each 1% lifesteal steals 1% double defense from target)  ",<การบุกรุกเลือด>: ทุก ๆ 1% ดูดเลือดจะเพิ่มความเสียหาย 5% (ถ้ามีทั้ง <การบุกรุกเลือด> และ <ปีกกาง> ทุก ๆ 1% ดูดเลือดจะขโมย 1% การป้องกันคู่ของเป้าหมาย)  ,"<Invasi Darah>: Setiap 1% lifesteal meningkatkan damage sebesar 5% (Jika digabung dengan <Sayap Terbuka>, setiap 1% lifesteal mencuri 1% pertahanan ganda musuh)  ","<Pag-atake ng Dugo>: Bawat 1% lifesteal ay nagdaragdag ng 5% damage (Kung may <Pag-atake ng Dugo> at <Pagpakpak>, bawat 1% lifesteal ay nagnanakaw ng 1% double defense ng target)  ","<Serangan Darah>: Setiap 1% lifesteal meningkatkan kerosakan sebanyak 5% (Jika mempunyai <Serangan Darah> dan <Sayap Terbuka>, setiap 1% lifesteal mencuri 1% pertahanan berganda musuh)  ",,city/adventure/random_tower/icon/icon_xingxiangskill_8.png,city/adventure/random_tower/icon/box_red.png,effect_huang,4,,,,,,,,,,,,,,80104,,,TRUE,,,,
2244,2228,,"<Wing Spread>: Each 1% lifesteal increases speed by 5% (If combined with <Blood Invasion>, each 1% lifesteal steals 1% double defense from target)  ","<Dực vĩ>: Mỗi 1% hút máu của anh hùng tăng 5% tốc độ (Nếu có cả <Huyết xâm> và <Dực vĩ>, mỗi 1% hút máu của anh hùng sẽ ăn cắp 1% phòng thủ đôi của mục tiêu)","<Wing Spread>: Each 1% lifesteal increases speed by 5% (If combined with <Blood Invasion>, each 1% lifesteal steals 1% double defense from target)  ",<ปีกกาง>: ทุก ๆ 1% ดูดเลือดจะเพิ่มความเร็ว 5% (ถ้ามีทั้ง <การบุกรุกเลือด> และ <ปีกกาง> ทุก ๆ 1% ดูดเลือดจะขโมย 1% การป้องกันคู่ของเป้าหมาย)  ,"<Sayap Terbuka>: Setiap 1% lifesteal meningkatkan kecepatan sebesar 5% (Jika digabung dengan <Invasi Darah>, setiap 1% lifesteal mencuri 1% pertahanan ganda musuh)  ","<Pagpakpak>: Bawat 1% lifesteal ay nagdaragdag ng 5% bilis (Kung may <Pag-atake ng Dugo> at <Pagpakpak>, bawat 1% lifesteal ay nagnanakaw ng 1% double defense ng target)  ","<Sayap Terbuka>: Setiap 1% lifesteal meningkatkan kelajuan sebanyak 5% (Jika mempunyai <Serangan Darah> dan <Sayap Terbuka>, setiap 1% lifesteal mencuri 1% pertahanan berganda musuh)  ",,city/adventure/random_tower/icon/icon_xingxiangskill_8.png,city/adventure/random_tower/icon/box_red.png,effect_huang,4,,,,,,,,,,,,,,80105,,,TRUE,,,,
2245,2231,,"<Poison Invasion>: When attacking, 50% chance to cause poison effect (Stacks up to 5 layers; if combined with <Poison Invasion>, <Blood Infection>, <Fire Lead>, allies' continuous damage doubles)  ","<Độc xâm>: Khi tấn công có 50% xác suất gây hiệu ứng trúng độc (Có thể tích lũy tối đa 5 tầng, nếu có <Độc xâm><Nhiễm huyết><Dẫn hỏa>, sát thương liên tục của đồng minh tăng 100%)","<Poison Invasion>: When attacking, 50% chance to cause poison effect (Stacks up to 5 layers; if combined with <Poison Invasion>, <Blood Infection>, <Fire Lead>, allies' continuous damage doubles)  ","<พิษบุกรุก>: เมื่อโจมตี มีโอกาส 50% ที่จะก่อให้เกิดพิษ (สะสมได้สูงสุด 5 ชั้น หากมี <พิษบุกรุก><การติดเลือด><ไฟนำ>, ความเสียหายต่อเนื่องของเพื่อนร่วมทีมจะเพิ่มเป็นสองเท่า)  ","<Invasi Racun>: Saat menyerang, ada 50% peluang menyebabkan efek racun (Bisa menumpuk sampai 5 lapisan; jika digabung dengan <Invasi Racun>, <Infeksi Darah>, <Api Pimpinan>, damage terus menerus sekutu meningkat 100%)  ","<Pagkalat ng Lason>: Kapag umaatake, 50% chance na magdulot ng poison effect (Pwedeng mag-stack hanggang 5 layers; kung may <Pagkalat ng Lason>, <Impeksyon ng Dugo>, <Pangangasiwa ng Apoy>, doble ang continuous damage ng allies)  ","<Serangan Racun>: Ketika menyerang ada 50% peluang menyebabkan efek racun (Boleh bertumpuk hingga 5 lapisan; jika mempunyai <Serangan Racun>, <Jangkitan Darah>, <Api Panduan>, kerosakan berterusan sekutu meningkat 100%)  ",,city/adventure/random_tower/icon/icon_xingxiangskill_6.png,city/adventure/random_tower/icon/box_red.png,effect_huang,4,,,,,,,,,,,,,,80106,,,TRUE,,,,
2246,2231,,"<Blood Infection>: When attacking, 50% chance to cause bleeding effect (Stacks up to 5 layers; if combined with <Poison Invasion>, <Blood Infection>, <Fire Lead>, allies' continuous damage doubles)  ","<Nhiễm huyết>: Khi tấn công có 50% xác suất gây hiệu ứng chảy máu (Có thể tích lũy tối đa 5 tầng, nếu có <Độc xâm><Nhiễm huyết><Dẫn hỏa>, sát thương liên tục của đồng minh tăng 100%)","<Blood Infection>: When attacking, 50% chance to cause bleeding effect (Stacks up to 5 layers; if combined with <Poison Invasion>, <Blood Infection>, <Fire Lead>, allies' continuous damage doubles)  ","<การติดเลือด>: เมื่อโจมตี มีโอกาส 50% ที่จะก่อให้เกิดการไหลเลือด (สะสมได้สูงสุด 5 ชั้น หากมี <พิษบุกรุก><การติดเลือด><ไฟนำ>, ความเสียหายต่อเนื่องของเพื่อนร่วมทีมจะเพิ่มเป็นสองเท่า)  ","<Infeksi Darah>: Saat menyerang, ada 50% peluang menyebabkan efek berdarah (Bisa menumpuk sampai 5 lapisan; jika digabung dengan <Invasi Racun>, <Infeksi Darah>, <Api Pimpinan>, damage terus menerus sekutu meningkat 100%)  ","<Impeksyon ng Dugo>: Kapag umaatake, 50% chance na magdulot ng bleeding effect (Pwedeng mag-stack hanggang 5 layers; kung may <Pagkalat ng Lason>, <Impeksyon ng Dugo>, <Pangangasiwa ng Apoy>, doble ang continuous damage ng allies)  ","<Jangkitan Darah>: Ketika menyerang ada 50% peluang menyebabkan efek berdarah (Boleh bertumpuk hingga 5 lapisan; jika mempunyai <Serangan Racun>, <Jangkitan Darah>, <Api Panduan>, kerosakan berterusan sekutu meningkat 100%)  ",,city/adventure/random_tower/icon/icon_xingxiangskill_6.png,city/adventure/random_tower/icon/box_red.png,effect_huang,4,,,,,,,,,,,,,,80107,,,TRUE,,,,
2247,2231,,"<Fire Lead>: When attacking, 50% chance to cause burning effect (Stacks up to 5 layers; if combined with <Poison Invasion>, <Blood Infection>, <Fire Lead>, allies' continuous damage doubles)","<Dẫn hỏa>: Khi tấn công có 50% xác suất gây hiệu ứng đốt cháy (Có thể tích lũy tối đa 5 tầng, nếu có <Độc xâm><Nhiễm huyết><Dẫn hỏa>, sát thương liên tục của đồng minh tăng 100%)","<Fire Lead>: When attacking, 50% chance to cause burning effect (Stacks up to 5 layers; if combined with <Poison Invasion>, <Blood Infection>, <Fire Lead>, allies' continuous damage doubles)","<ไฟนำ>: เมื่อโจมตี มีโอกาส 50% ที่จะก่อให้เกิดไฟไหม้ (สะสมได้สูงสุด 5 ชั้น หากมี <พิษบุกรุก><การติดเลือด><ไฟนำ>, ความเสียหายต่อเนื่องของเพื่อนร่วมทีมจะเพิ่มเป็นสองเท่า)","<Api Pimpinan>: Saat menyerang, ada 50% peluang menyebabkan efek terbakar (Bisa menumpuk sampai 5 lapisan; jika digabung dengan <Invasi Racun>, <Infeksi Darah>, <Api Pimpinan>, damage terus menerus sekutu meningkat 100%)","<Pangangasiwa ng Apoy>: Kapag umaatake, 50% chance na magdulot ng burning effect (Pwedeng mag-stack hanggang 5 layers; kung may <Pagkalat ng Lason>, <Impeksyon ng Dugo>, <Pangangasiwa ng Apoy>, doble ang continuous damage ng allies)","<Api Panduan>: Ketika menyerang ada 50% peluang menyebabkan efek terbakar (Boleh bertumpuk hingga 5 lapisan; jika mempunyai <Serangan Racun>, <Jangkitan Darah>, <Api Panduan>, kerosakan berterusan sekutu meningkat 100%)",,city/adventure/random_tower/icon/icon_xingxiangskill_6.png,city/adventure/random_tower/icon/box_red.png,effect_huang,4,,,,,,,,,,,,,,80108,,,TRUE,,,,
2249,2221,,My physical and magical attack increase by 10%,Tấn công vật lý và pháp thuật của tôi tăng 10%,My physical and magical attack increase by 10%,การโจมตีทางกายภาพและเวทมนตร์ของฉันเพิ่มขึ้น 10%,Serangan fisik dan sihir saya meningkat 10%,Ang aking pisikal at mahiwagang pag-atake ay tumataas ng 10%,Serangan fizikal dan sihir saya meningkat sebanyak 10%,1,city/adventure/random_tower/icon/icon_xingxiangskill_4.png,city/adventure/random_tower/icon/box_red.png,effect,,,8,10%,7,10%,,,,,,,,,,,,,,,,
2250,2222,,My physical and magical attack increase by 10%,Tấn công vật lý và pháp thuật của tôi tăng 10%,My physical and magical attack increase by 10%,การโจมตีทางกายภาพและเวทมนตร์ของฉันเพิ่มขึ้น 10%,Serangan fisik dan sihir saya meningkat 10%,Ang aking pisikal at mahiwagang pag-atake ay tumataas ng 10%,Serangan fizikal dan sihir saya meningkat sebanyak 10%,1,city/adventure/random_tower/icon/icon_xingxiangskill_4.png,city/adventure/random_tower/icon/box_red.png,effect,,,8,10%,7,10%,,,,,,,,,,,,,,,,
2251,2223,,My physical and magical attack increase by 10%,Tấn công vật lý và pháp thuật của tôi tăng 10%,My physical and magical attack increase by 10%,การโจมตีทางกายภาพและเวทมนตร์ของฉันเพิ่มขึ้น 10%,Serangan fisik dan sihir saya meningkat 10%,Ang aking pisikal at mahiwagang pag-atake ay tumataas ng 10%,Serangan fizikal dan sihir saya meningkat sebanyak 10%,1,city/adventure/random_tower/icon/icon_xingxiangskill_4.png,city/adventure/random_tower/icon/box_red.png,effect,,,8,5%,7,5%,,,,,,,,,,,,,,,,
2252,2224,,My physical and magical attack increase by 10%,Tấn công vật lý và pháp thuật của tôi tăng 10%,My physical and magical attack increase by 10%,การโจมตีทางกายภาพและเวทมนตร์ของฉันเพิ่มขึ้น 10%,Serangan fisik dan sihir saya meningkat 10%,Ang aking pisikal at mahiwagang pag-atake ay tumataas ng 10%,Serangan fizikal dan sihir saya meningkat sebanyak 10%,1,city/adventure/random_tower/icon/icon_xingxiangskill_4.png,city/adventure/random_tower/icon/box_red.png,effect,,,8,5%,7,5%,,,,,,,,,,,,,,,,
2253,2227,,My physical and magical attack increase by 10%,Tấn công vật lý và pháp thuật của tôi tăng 10%,My physical and magical attack increase by 10%,การโจมตีทางกายภาพและเวทมนตร์ของฉันเพิ่มขึ้น 10%,Serangan fisik dan sihir saya meningkat 10%,Ang aking pisikal at mahiwagang pag-atake ay tumataas ng 10%,Serangan fizikal dan sihir saya meningkat sebanyak 10%,1,city/adventure/random_tower/icon/icon_xingxiangskill_4.png,city/adventure/random_tower/icon/box_red.png,effect,,,8,10%,7,10%,,,,,,,,,,,,,,,,
2254,2228,,My physical and magical attack increase by 10%,Tấn công vật lý và pháp thuật của tôi tăng 10%,My physical and magical attack increase by 10%,การโจมตีทางกายภาพและเวทมนตร์ของฉันเพิ่มขึ้น 10%,Serangan fisik dan sihir saya meningkat 10%,Ang aking pisikal at mahiwagang pag-atake ay tumataas ng 10%,Serangan fizikal dan sihir saya meningkat sebanyak 10%,1,city/adventure/random_tower/icon/icon_xingxiangskill_4.png,city/adventure/random_tower/icon/box_red.png,effect,,,8,10%,7,10%,,,,,,,,,,,,,,,,
2255,2231,,My physical and magical attack increase by 10%,Tấn công vật lý và pháp thuật của tôi tăng 10%,My physical and magical attack increase by 10%,การโจมตีทางกายภาพและเวทมนตร์ของฉันเพิ่มขึ้น 10%,Serangan fisik dan sihir saya meningkat 10%,Ang aking pisikal at mahiwagang pag-atake ay tumataas ng 10%,Serangan fizikal dan sihir saya meningkat sebanyak 10%,1,city/adventure/random_tower/icon/icon_xingxiangskill_4.png,city/adventure/random_tower/icon/box_red.png,effect,,,8,10%,7,10%,,,,,,,,,,,,,,,,
