VariableName,typeID,star,attrTarget,attrNatureType,attrNum,effectDesc_cn,effectDesc_tw,effectDesc,effectDesc_my,effectDesc_in,effectDesc_th,effectDesc_en,effectDesc_ph
Defaults,,1,0,0,{},"""""","""""","""""","""""","""""","""""","""""",""""""
ID,索引类型ID,星级,属性加成目标 0-本体 1-指定属性精灵,属性加成类型,属性加成值,效果描述（attrNatureType字段描述手动配置加，属性部分描述通过%s索引）,效果描述（attrNatureType字段描述手动配置加，属性部分描述通过%s索引）,效果描述（attrNatureType字段描述手动配置加，属性部分描述通过%s索引）,效果描述（attrNatureType字段描述手动配置加，属性部分描述通过%s索引）,效果描述（attrNatureType字段描述手动配置加，属性部分描述通过%s索引）,效果描述（attrNatureType字段描述手动配置加，属性部分描述通过%s索引）,效果描述（attrNatureType字段描述手动配置加，属性部分描述通过%s索引）,效果描述（attrNatureType字段描述手动配置加，属性部分描述通过%s索引）
2,1,2,,,{7=80;8=80},,,,,,,,
3,1,3,,,{25=200},,,,,,,,
4,1,4,,,{7=5%;8=5%},,,,,,,,
5,1,5,,,{1=5%},,,,,,,,
6,1,6,,,{10=5%;9=5%},,,,,,,,
7,1,7,,,{28=300},,,\nMở khóa kỹ năng bị động giảm sát thương PVP,\nBuka kunci kemahiran pasif untuk mengurangkan kerosakan PVP,\nBuka skill pasif untuk mengurangi damage PVP,\nปลดล็อกสกิลพาสซีฟเพื่อลดความเสียหายในการต่อสู้ PVP,\nUnlock passive skill to reduce PVP damage,\nI-unlock ang passive skill na nagpapababa ng PVP damage
8,1,8,,,{1=10%},,,,,,,,
9,1,9,,,{7=10%;8=10%},,,,,,,,
10,1,10,,,{28=600},,,\nMở khóa kỹ năng bị động tăng sát thương PVP,\nBuka kunci kemahiran pasif untuk meningkatkan kerosakan PVP,\nBuka skill pasif untuk meningkatkan damage PVP,\nปลดล็อกสกิลพาสซีฟเพื่อเพิ่มความเสียหายในการต่อสู้ PVP,\nUnlock passive skill to increase PVP damage,\nI-unlock ang passive skill na nagpapataas ng PVP damage
11,1,11,,,{22=1000},,,,,,,,
12,1,12,,,{23=1000},,,,,,,,
13,1,13,,,{10=20%;9=20%},,,,,,,,
14,1,14,,,{28=10%;12=15%},,,,,,,,
15,1,15,,,{14=1500;25=1000},,,,,,,,
16,1,16,,,{17=1500;19=1000},,,,,,,,
17,1,17,,,{14=1000;21=1500},,,,,,,,
18,1,18,,,{1=20%;30=2000},,,,,,,,
19,1,19,,,{7=20%;8=20%},,,,,,,,
20,1,20,,,{10=30%;9=30%},,,,,,,,
21,1,21,,,{28=1500;12=2000},,,,,,,,
22,1,22,,,{14=1000;25=2000},,,,,,,,
23,1,23,,,{17=2000;19=2000},,,,,,,,
24,1,24,,,{15=2000;21=3000},,,,,,,,
1002,11,2,,,{7=80;8=80},,,,,,,,
1003,11,3,,,{24=200},,,,,,,,
1004,11,4,,,{7=5%;8=5%},,,,,,,,
1005,11,5,,,{1=5%},,,,,,,,
1006,11,6,,,{7=5%;8=5%},,,,,,,,
1007,11,7,,,{14=300},,,\nMở khóa kỹ năng bị động tăng sát thương PVP,\nBuka kunci kemahiran pasif untuk meningkatkan kerosakan PVP,\nBuka skill pasif untuk meningkatkan damage PVP,\nปลดล็อกสกิลพาสซีฟเพื่อเพิ่มความเสียหายในการต่อสู้ PVP,\nUnlock passive skill to increase PVP damage,\nI-unlock ang passive skill na nagpapataas ng PVP damage
1008,11,8,,,{1=10%},,,,,,,,
1009,11,9,,,{7=10%;8=10%},,,,,,,,
1010,11,10,,,{14=600},,,\nMở khóa kỹ năng bị động giảm sát thương PVP,\nBuka kunci kemahiran pasif untuk mengurangkan kerosakan PVP,\nBuka skill pasif untuk mengurangi damage PVP,\nปลดล็อกสกิลพาสซีฟเพื่อลดความเสียหายในการต่อสู้ PVP,\nUnlock passive skill to reduce PVP damage,\nI-unlock ang passive skill na nagpapababa ng PVP damage
1011,11,11,,,{22=1000},,,,,,,,
1012,11,12,,,{23=1000},,,,,,,,
1013,11,13,,,{10=20%;9=20%},,,,,,,,
1014,11,14,,,{28=10%;12=15%},,,,,,,,
1015,11,15,,,{14=1500;25=1000},,,,,,,,
1016,11,16,,,{17=1500;19=1000},,,,,,,,
1017,11,17,,,{14=1000;21=1500},,,,,,,,
1018,11,18,,,{1=20%;30=2000},,,,,,,,
1019,11,19,,,{7=20%;8=20%},,,,,,,,
1020,11,20,,,{10=30%;9=30%},,,,,,,,
1021,11,21,,,{28=1500;12=2000},,,,,,,,
1022,11,22,,,{14=1000;25=2000},,,,,,,,
1023,11,23,,,{17=2000;19=2000},,,,,,,,
1024,11,24,,,{15=2000;21=3000},,,,,,,,
2002,21,2,,,{10=80;9=80},,,,,,,,
2003,21,3,,,{25=200},,,,,,,,
2004,21,4,,,{10=5%;9=5%},,,,,,,,
2005,21,5,,,{1=5%},,,,,,,,
2006,21,6,,,{10=5%;9=5%},,,,,,,,
2007,21,7,,,{17=300},,,\nMở khóa kỹ năng bị động giảm sát thương PVP,\nBuka kunci kemahiran pasif untuk mengurangkan kerosakan PVP,\nBuka skill pasif untuk mengurangi damage PVP,\nปลดล็อกสกิลพาสซีฟเพื่อลดความเสียหายในการต่อสู้ PVP,\nUnlock passive skill to reduce PVP damage,\nI-unlock ang passive skill na nagpapababa ng PVP damage
2008,21,8,,,{1=10%},,,,,,,,
2009,21,9,,,{10=10%;9=10%},,,,,,,,
2010,21,10,,,{17=600},,,\nMở khóa kỹ năng bị động tăng sát thương PVP,\nBuka kunci kemahiran pasif untuk meningkatkan kerosakan PVP,\nBuka skill pasif untuk meningkatkan damage PVP,\nปลดล็อกสกิลพาสซีฟเพื่อเพิ่มความเสียหายในการต่อสู้ PVP,\nUnlock passive skill to increase PVP damage,\nI-unlock ang passive skill na nagpapataas ng PVP damage
2011,21,11,,,{22=1000},,,,,,,,
2012,21,12,,,{23=1000},,,,,,,,
2013,21,13,,,{10=20%;9=20%},,,,,,,,
2014,21,14,,,{28=10%;12=15%},,,,,,,,
2015,21,15,,,{14=1500;25=1000},,,,,,,,
2016,21,16,,,{17=1500;19=1000},,,,,,,,
2017,21,17,,,{14=1000;21=1500},,,,,,,,
2018,21,18,,,{1=20%;30=2000},,,,,,,,
2019,21,19,,,{7=20%;8=20%},,,,,,,,
2020,21,20,,,{10=30%;9=30%},,,,,,,,
2021,21,21,,,{28=1500;12=2000},,,,,,,,
2022,21,22,,,{14=1000;25=2000},,,,,,,,
2023,21,23,,,{17=2000;19=2000},,,,,,,,
2024,21,24,,,{15=2000;21=3000},,,,,,,,
3002,31,2,,,{7=80;8=80},,,,,,,,
3003,31,3,,,{24=200},,,,,,,,
3004,31,4,,,{7=5%;8=5%},,,,,,,,
3005,31,5,,,{1=5%},,,,,,,,
3006,31,6,,,{10=5%;9=5%},,,,,,,,
3007,31,7,,,{90=300},,,\nMở khóa kỹ năng bị động tăng sát thương PVP,\nBuka kunci kemahiran pasif untuk meningkatkan kerosakan PVP,\nBuka skill pasif untuk meningkatkan damage PVP,\nปลดล็อกสกิลพาสซีฟเพื่อเพิ่มความเสียหายในการต่อสู้ PVP,\nUnlock passive skill to increase PVP damage,\nI-unlock ang passive skill na nagpapataas ng PVP damage
3008,31,8,,,{1=10%},,,,,,,,
3009,31,9,,,{7=10%;8=10%},,,,,,,,
3010,31,10,,,{90=600},,,\nMở khóa kỹ năng bị động giảm sát thương PVP,\nBuka kunci kemahiran pasif untuk mengurangkan kerosakan PVP,\nBuka skill pasif untuk mengurangi damage PVP,\nปลดล็อกสกิลพาสซีฟเพื่อลดความเสียหายในการต่อสู้ PVP,\nUnlock passive skill to reduce PVP damage,\nI-unlock ang passive skill na nagpapababa ng PVP damage
3011,31,11,,,{22=1000},,,,,,,,
3012,31,12,,,{23=1000},,,,,,,,
3013,31,13,,,{10=20%;9=20%},,,,,,,,
3014,31,14,,,{28=10%;12=15%},,,,,,,,
3015,31,15,,,{14=1500;25=1000},,,,,,,,
3016,31,16,,,{17=1500;19=1000},,,,,,,,
3017,31,17,,,{14=1000;21=1500},,,,,,,,
3018,31,18,,,{1=20%;30=2000},,,,,,,,
3019,31,19,,,{7=20%;8=20%},,,,,,,,
3020,31,20,,,{10=30%;9=30%},,,,,,,,
3021,31,21,,,{28=1500;12=2000},,,,,,,,
3022,31,22,,,{14=1000;25=2000},,,,,,,,
3023,31,23,,,{17=2000;19=2000},,,,,,,,
3024,31,24,,,{15=2000;21=3000},,,,,,,,
4002,41,2,,,{7=80;8=80},,,,,,,,
4003,41,3,,,{24=200},,,,,,,,
4004,41,4,,,{7=5%;8=5%},,,,,,,,
4005,41,5,,,{1=5%},,,,,,,,
4006,41,6,,,{7=5%;8=5%},,,,,,,,
4007,41,7,,,{24=300},,,\nMở khóa kỹ năng bị động tăng sát thương PVP,\nBuka kunci kemahiran pasif untuk meningkatkan kerosakan PVP,\nBuka skill pasif untuk meningkatkan damage PVP,\nปลดล็อกสกิลพาสซีฟเพื่อเพิ่มความเสียหายในการต่อสู้ PVP,\nUnlock passive skill to increase PVP damage,\nI-unlock ang passive skill na nagpapataas ng PVP damage
4008,41,8,,,{1=10%},,,,,,,,
4009,41,9,,,{7=10%;8=10%},,,,,,,,
4010,41,10,,,{24=600},,,\nMở khóa kỹ năng bị động giảm sát thương PVP,\nBuka kunci kemahiran pasif untuk mengurangkan kerosakan PVP,\nBuka skill pasif untuk mengurangi damage PVP,\nปลดล็อกสกิลพาสซีฟเพื่อลดความเสียหายในการต่อสู้ PVP,\nUnlock passive skill to reduce PVP damage,\nI-unlock ang passive skill na nagpapababa ng PVP damage
4011,41,11,,,{22=1000},,,,,,,,
4012,41,12,,,{23=1000},,,,,,,,
4013,41,13,,,{10=20%;9=20%},,,,,,,,
4014,41,14,,,{28=10%;12=15%},,,,,,,,
4015,41,15,,,{14=1500;25=1000},,,,,,,,
4016,41,16,,,{17=1500;19=1000},,,,,,,,
4017,41,17,,,{14=1000;21=1500},,,,,,,,
4018,41,18,,,{1=20%;30=2000},,,,,,,,
4019,41,19,,,{7=20%;8=20%},,,,,,,,
4020,41,20,,,{10=30%;9=30%},,,,,,,,
4021,41,21,,,{28=1500;12=2000},,,,,,,,
4022,41,22,,,{14=1000;25=2000},,,,,,,,
4023,41,23,,,{17=2000;19=2000},,,,,,,,
4024,41,24,,,{15=2000;21=3000},,,,,,,,
5002,51,2,,,{7=80;8=80},,,,,,,,
5003,51,3,,,{24=200},,,,,,,,
5004,51,4,,,{7=5%;8=5%},,,,,,,,
5005,51,5,,,{1=5%},,,,,,,,
5006,51,6,,,{7=5%;8=5%},,,,,,,,
5007,51,7,,,{24=300},,,\nMở khóa kỹ năng bị động tăng sát thương PVP,\nBuka kunci kemahiran pasif untuk meningkatkan kerosakan PVP,\nBuka skill pasif untuk meningkatkan damage PVP,\nปลดล็อกสกิลพาสซีฟเพื่อเพิ่มความเสียหายในการต่อสู้ PVP,\nUnlock passive skill to increase PVP damage,\nI-unlock ang passive skill na nagpapataas ng PVP damage
5008,51,8,,,{1=10%},,,,,,,,
5009,51,9,,,{7=10%;8=10%},,,,,,,,
5010,51,10,,,{24=600},,,\nMở khóa kỹ năng bị động giảm sát thương PVP,\nBuka kunci kemahiran pasif untuk mengurangkan kerosakan PVP,\nBuka skill pasif untuk mengurangi damage PVP,\nปลดล็อกสกิลพาสซีฟเพื่อลดความเสียหายในการต่อสู้ PVP,\nUnlock passive skill to reduce PVP damage,\nI-unlock ang passive skill na nagpapababa ng PVP damage
5011,51,11,,,{22=1000},,,,,,,,
5012,51,12,,,{23=1000},,,,,,,,
5013,51,13,,,{10=20%;9=20%},,,,,,,,
5014,51,14,,,{28=10%;12=15%},,,,,,,,
5015,51,15,,,{14=1500;25=1000},,,,,,,,
5016,51,16,,,{17=1500;19=1000},,,,,,,,
5017,51,17,,,{14=1000;21=1500},,,,,,,,
5018,51,18,,,{1=20%;30=2000},,,,,,,,
5019,51,19,,,{7=20%;8=20%},,,,,,,,
5020,51,20,,,{10=30%;9=30%},,,,,,,,
5021,51,21,,,{28=1500;12=2000},,,,,,,,
5022,51,22,,,{14=1000;25=2000},,,,,,,,
5023,51,23,,,{17=2000;19=2000},,,,,,,,
5024,51,24,,,{15=2000;21=3000},,,,,,,,
6002,61,2,,,{7=80;8=80},,,,,,,,
6003,61,3,,,{24=200},,,,,,,,
6004,61,4,,,{7=5%;8=5%},,,,,,,,
6005,61,5,,,{1=5%},,,,,,,,
6006,61,6,,,{7=5%;8=5%},,,,,,,,
6007,61,7,,,{15=450},,,\nMở khóa kỹ năng bị động tăng sát thương PVP,\nBuka kunci kemahiran pasif untuk meningkatkan kerosakan PVP,\nBuka skill pasif untuk meningkatkan damage PVP,\nปลดล็อกสกิลพาสซีฟเพื่อเพิ่มความเสียหายในการต่อสู้ PVP,\nUnlock passive skill to increase PVP damage,\nI-unlock ang passive skill na nagpapataas ng PVP damage
6008,61,8,,,{1=10%},,,,,,,,
6009,61,9,,,{7=10%;8=10%},,,,,,,,
6010,61,10,,,{15=900},,,\nMở khóa kỹ năng bị động giảm sát thương PVP,\nBuka kunci kemahiran pasif untuk mengurangkan kerosakan PVP,\nBuka skill pasif untuk mengurangi damage PVP,\nปลดล็อกสกิลพาสซีฟเพื่อลดความเสียหายในการต่อสู้ PVP,\nUnlock passive skill to reduce PVP damage,\nI-unlock ang passive skill na nagpapababa ng PVP damage
6011,61,11,,,{22=1000},,,,,,,,
6012,61,12,,,{23=1000},,,,,,,,
6013,61,13,,,{10=20%;9=20%},,,,,,,,
6014,61,14,,,{28=10%;12=15%},,,,,,,,
6015,61,15,,,{14=1500;25=1000},,,,,,,,
6016,61,16,,,{17=1500;19=1000},,,,,,,,
6017,61,17,,,{14=1000;21=1500},,,,,,,,
6018,61,18,,,{1=20%;30=2000},,,,,,,,
6019,61,19,,,{7=20%;8=20%},,,,,,,,
6020,61,20,,,{10=30%;9=30%},,,,,,,,
6021,61,21,,,{28=1500;12=2000},,,,,,,,
6022,61,22,,,{14=1000;25=2000},,,,,,,,
6023,61,23,,,{17=2000;19=2000},,,,,,,,
6024,61,24,,,{15=2000;21=3000},,,,,,,,
7002,71,2,,,{7=80;8=80},,,,,,,,
7003,71,3,,,{24=200},,,,,,,,
7004,71,4,,,{7=5%;8=5%},,,,,,,,
7005,71,5,,,{1=5%},,,,,,,,
7006,71,6,,,{7=5%;8=5%},,,,,,,,
7007,71,7,,,{5=300},,,\nMở khóa kỹ năng bị động tăng sát thương PVP,\nBuka kunci kemahiran pasif untuk meningkatkan kerosakan PVP,\nBuka skill pasif untuk meningkatkan damage PVP,\nปลดล็อกสกิลพาสซีฟเพื่อเพิ่มความเสียหายในการต่อสู้ PVP,\nUnlock passive skill to increase PVP damage,\nI-unlock ang passive skill na nagpapataas ng PVP damage
7008,71,8,,,{1=10%},,,,,,,,
7009,71,9,,,{7=10%;8=10%},,,,,,,,
7010,71,10,,,{5=600},,,\nMở khóa kỹ năng bị động giảm sát thương PVP,\nBuka kunci kemahiran pasif untuk mengurangkan kerosakan PVP,\nBuka skill pasif untuk mengurangi damage PVP,\nปลดล็อกสกิลพาสซีฟเพื่อลดความเสียหายในการต่อสู้ PVP,\nUnlock passive skill to reduce PVP damage,\nI-unlock ang passive skill na nagpapababa ng PVP damage
7011,71,11,,,{22=1000},,,,,,,,
7012,71,12,,,{23=1000},,,,,,,,
7013,71,13,,,{10=20%;9=20%},,,,,,,,
7014,71,14,,,{28=10%;12=15%},,,,,,,,
7015,71,15,,,{14=1500;25=1000},,,,,,,,
7016,71,16,,,{17=1500;19=1000},,,,,,,,
7017,71,17,,,{14=1000;21=1500},,,,,,,,
7018,71,18,,,{1=20%;30=2000},,,,,,,,
7019,71,19,,,{7=20%;8=20%},,,,,,,,
7020,71,20,,,{10=30%;9=30%},,,,,,,,
7021,71,21,,,{28=1500;12=2000},,,,,,,,
7022,71,22,,,{14=1000;25=2000},,,,,,,,
7023,71,23,,,{17=2000;19=2000},,,,,,,,
7024,71,24,,,{15=2000;21=3000},,,,,,,,
8002,81,2,,,{7=80;8=80},,,,,,,,
8003,81,3,,,{24=200},,,,,,,,
8004,81,4,,,{7=5%;8=5%},,,,,,,,
8005,81,5,,,{1=5%},,,,,,,,
8006,81,6,,,{7=5%;8=5%},,,,,,,,
8007,81,7,,,{11=300},,,\nMở khóa kỹ năng bị động tăng sát thương PVP,\nBuka kunci kemahiran pasif untuk meningkatkan kerosakan PVP,\nBuka skill pasif untuk meningkatkan damage PVP,\nปลดล็อกสกิลพาสซีฟเพื่อเพิ่มความเสียหายในการต่อสู้ PVP,\nUnlock passive skill to increase PVP damage,\nI-unlock ang passive skill na nagpapataas ng PVP damage
8008,81,8,,,{1=10%},,,,,,,,
8009,81,9,,,{7=10%;8=10%},,,,,,,,
8010,81,10,,,{11=600},,,\nMở khóa kỹ năng bị động giảm sát thương PVP,\nBuka kunci kemahiran pasif untuk mengurangkan kerosakan PVP,\nBuka skill pasif untuk mengurangi damage PVP,\nปลดล็อกสกิลพาสซีฟเพื่อลดความเสียหายในการต่อสู้ PVP,\nUnlock passive skill to reduce PVP damage,\nI-unlock ang passive skill na nagpapababa ng PVP damage
8011,81,11,,,{22=1000},,,,,,,,
8012,81,12,,,{23=1000},,,,,,,,
8013,81,13,,,{10=20%;9=20%},,,,,,,,
8014,81,14,,,{28=10%;12=15%},,,,,,,,
8015,81,15,,,{14=1500;25=1000},,,,,,,,
8016,81,16,,,{17=1500;19=1000},,,,,,,,
8017,81,17,,,{14=1000;21=1500},,,,,,,,
8018,81,18,,,{1=20%;30=2000},,,,,,,,
8019,81,19,,,{7=20%;8=20%},,,,,,,,
8020,81,20,,,{10=30%;9=30%},,,,,,,,
8021,81,21,,,{28=1500;12=2000},,,,,,,,
8022,81,22,,,{14=1000;25=2000},,,,,,,,
8023,81,23,,,{17=2000;19=2000},,,,,,,,
8024,81,24,,,{15=2000;21=3000},,,,,,,,
9002,91,2,,,{7=80;8=80},,,,,,,,
9003,91,3,,,{24=200},,,,,,,,
9004,91,4,,,{7=5%;8=5%},,,,,,,,
9005,91,5,,,{1=5%},,,,,,,,
9006,91,6,,,{10=5%;9=5%},,,,,,,,
9007,91,7,,,{90=300},,,\nMở khóa kỹ năng bị động tăng sát thương PVP,\nBuka kunci kemahiran pasif untuk meningkatkan kerosakan PVP,\nBuka skill pasif untuk meningkatkan damage PVP,\nปลดล็อกสกิลพาสซีฟเพื่อเพิ่มความเสียหายในการต่อสู้ PVP,\nUnlock passive skill to increase PVP damage,\nI-unlock ang passive skill na nagpapataas ng PVP damage
9008,91,8,,,{1=10%},,,,,,,,
9009,91,9,,,{7=10%;8=10%},,,,,,,,
9010,91,10,,,{90=600},,,\nMở khóa kỹ năng bị động giảm sát thương PVP,\nBuka kunci kemahiran pasif untuk mengurangkan kerosakan PVP,\nBuka skill pasif untuk mengurangi damage PVP,\nปลดล็อกสกิลพาสซีฟเพื่อลดความเสียหายในการต่อสู้ PVP,\nUnlock passive skill to reduce PVP damage,\nI-unlock ang passive skill na nagpapababa ng PVP damage
9011,91,11,,,{22=1000},,,,,,,,
9012,91,12,,,{23=1000},,,,,,,,
9013,91,13,,,{10=20%;9=20%},,,,,,,,
9014,91,14,,,{28=10%;12=15%},,,,,,,,
9015,91,15,,,{14=1500;25=1000},,,,,,,,
9016,91,16,,,{17=1500;19=1000},,,,,,,,
9017,91,17,,,{14=1000;21=1500},,,,,,,,
9018,91,18,,,{1=20%;30=2000},,,,,,,,
9019,91,19,,,{7=20%;8=20%},,,,,,,,
9020,91,20,,,{10=30%;9=30%},,,,,,,,
9021,91,21,,,{28=1500;12=2000},,,,,,,,
9022,91,22,,,{14=1000;25=2000},,,,,,,,
9023,91,23,,,{17=2000;19=2000},,,,,,,,
9024,91,24,,,{15=2000;21=3000},,,,,,,,
10002,101,2,,,{10=80;9=80},,,,,,,,
10003,101,3,,,{25=200},,,,,,,,
10004,101,4,,,{10=5%;9=5%},,,,,,,,
10005,101,5,,,{1=5%},,,,,,,,
10006,101,6,,,{10=5%;9=5%},,,,,,,,
10007,101,7,,,{25=300},,,\nMở khóa kỹ năng bị động giảm sát thương PVP,Buka kunci kemahiran pasif untuk mengurangkan kerosakan PVP,Buka skill pasif untuk mengurangi damage PVP,ปลดล็อกสกิลพาสซีฟเพื่อลดความเสียหายในการต่อสู้ PVP,Unlock passive skill to reduce PVP damage,I-unlock ang passive skill na nagpapababa ng PVP damage
10008,101,8,,,{1=10%},,,,,,,,
10009,101,9,,,{10=10%;9=10%},,,,,,,,
10010,101,10,,,{25=600},,,\nMở khóa kỹ năng bị động tăng sát thương PVP,Buka kunci kemahiran pasif untuk meningkatkan kerosakan PVP,Buka skill pasif untuk meningkatkan damage PVP,ปลดล็อกสกิลพาสซีฟเพื่อเพิ่มความเสียหายในการต่อสู้ PVP,Unlock passive skill to increase PVP damage,I-unlock ang passive skill na nagpapataas ng PVP damage
10011,101,11,,,{22=1000},,,,,,,,
10012,101,12,,,{23=1000},,,,,,,,
10013,101,13,,,{10=20%;9=20%},,,,,,,,
10014,101,14,,,{28=10%;12=15%},,,,,,,,
10015,101,15,,,{14=1500;25=1000},,,,,,,,
10016,101,16,,,{17=1500;19=1000},,,,,,,,
10017,101,17,,,{14=1000;21=1500},,,,,,,,
10018,101,18,,,{1=20%;30=2000},,,,,,,,
10019,101,19,,,{7=20%;8=20%},,,,,,,,
10020,101,20,,,{10=30%;9=30%},,,,,,,,
10021,101,21,,,{28=1500;12=2000},,,,,,,,
10022,101,22,,,{14=1000;25=2000},,,,,,,,
10023,101,23,,,{17=2000;19=2000},,,,,,,,
10024,101,24,,,{15=2000;21=3000},,,,,,,,
11002,111,2,,,{1=300},,,,,,,,
11003,111,3,,,{25=200},,,,,,,,
11004,111,4,,,{10=5%;9=5%},,,,,,,,
11005,111,5,,,{1=5%},,,,,,,,
11006,111,6,,,{7=5%;8=5%},,,,,,,,
11007,111,7,,,{27=300},,,\nMở khóa kỹ năng bị động giảm sát thương PVP,Buka kunci kemahiran pasif untuk mengurangkan kerosakan PVP,Buka skill pasif untuk mengurangi damage PVP,ปลดล็อกสกิลพาสซีฟเพื่อลดความเสียหายในการต่อสู้ PVP,Unlock passive skill to reduce PVP damage,I-unlock ang passive skill na nagpapababa ng PVP damage
11008,111,8,,,{1=10%},,,,,,,,
11009,111,9,,,{10=10%;9=10%},,,,,,,,
11010,111,10,,,{27=600},,,\nMở khóa kỹ năng bị động tăng sát thương PVP,Buka kunci kemahiran pasif untuk meningkatkan kerosakan PVP,Buka skill pasif untuk meningkatkan damage PVP,ปลดล็อกสกิลพาสซีฟเพื่อเพิ่มความเสียหายในการต่อสู้ PVP,Unlock passive skill to increase PVP damage,I-unlock ang passive skill na nagpapataas ng PVP damage
11011,111,11,,,{22=1000},,,,,,,,
11012,111,12,,,{23=1000},,,,,,,,
11013,111,13,,,{10=20%;9=20%},,,,,,,,
11014,111,14,,,{28=10%;12=15%},,,,,,,,
11015,111,15,,,{14=1500;25=1000},,,,,,,,
11016,111,16,,,{17=1500;19=1000},,,,,,,,
11017,111,17,,,{14=1000;21=1500},,,,,,,,
11018,111,18,,,{1=20%;30=2000},,,,,,,,
11019,111,19,,,{7=20%;8=20%},,,,,,,,
11020,111,20,,,{10=30%;9=30%},,,,,,,,
11021,111,21,,,{28=1500;12=2000},,,,,,,,
11022,111,22,,,{14=1000;25=2000},,,,,,,,
11023,111,23,,,{17=2000;19=2000},,,,,,,,
11024,111,24,,,{15=2000;21=3000},,,,,,,,
12002,121,2,,,{7=80;8=80},,,,,,,,
12003,121,3,,,{24=200},,,,,,,,
12004,121,4,,,{7=5%;8=5%},,,,,,,,
12005,121,5,,,{1=5%},,,,,,,,
12006,121,6,,,{7=5%;8=5%},,,,,,,,
12007,121,7,,,{11=300},,,\nMở khóa kỹ năng bị động tăng sát thương PVP,Buka kunci kemahiran pasif untuk meningkatkan kerosakan PVP,Buka skill pasif untuk meningkatkan damage PVP,ปลดล็อกสกิลพาสซีฟเพื่อเพิ่มความเสียหายในการต่อสู้ PVP,Unlock passive skill to increase PVP damage,I-unlock ang passive skill na nagpapataas ng PVP damage
12008,121,8,,,{1=10%},,,,,,,,
12009,121,9,,,{7=10%;8=10%},,,,,,,,
12010,121,10,,,{11=600},,,\nMở khóa kỹ năng bị động giảm sát thương PVP,Buka kunci kemahiran pasif untuk mengurangkan kerosakan PVP,Buka skill pasif untuk mengurangi damage PVP,ปลดล็อกสกิลพาสซีฟเพื่อลดความเสียหายในการต่อสู้ PVP,Unlock passive skill to reduce PVP damage,I-unlock ang passive skill na nagpapababa ng PVP damage
12011,121,11,,,{22=1000},,,,,,,,
12012,121,12,,,{23=1000},,,,,,,,
12013,121,13,,,{10=20%;9=20%},,,,,,,,
12014,121,14,,,{28=10%;12=15%},,,,,,,,
12015,121,15,,,{14=1500;25=1000},,,,,,,,
12016,121,16,,,{17=1500;19=1000},,,,,,,,
12017,121,17,,,{14=1000;21=1500},,,,,,,,
12018,121,18,,,{1=20%;30=2000},,,,,,,,
12019,121,19,,,{7=20%;8=20%},,,,,,,,
12020,121,20,,,{10=30%;9=30%},,,,,,,,
12021,121,21,,,{28=1500;12=2000},,,,,,,,
12022,121,22,,,{14=1000;25=2000},,,,,,,,
12023,121,23,,,{17=2000;19=2000},,,,,,,,
12024,121,24,,,{15=2000;21=3000},,,,,,,,
13002,131,2,,,{1=300},,,,,,,,
13003,131,3,,,{25=200},,,,,,,,
13004,131,4,,,{10=5%;9=5%},,,,,,,,
13005,131,5,,,{1=5%},,,,,,,,
13006,131,6,,,{7=5%;8=5%},,,,,,,,
13007,131,7,,,{25=300},,,\nMở khóa kỹ năng bị động giảm sát thương PVP,Buka kunci kemahiran pasif untuk mengurangkan kerosakan PVP,Buka skill pasif untuk mengurangi damage PVP,ปลดล็อกสกิลพาสซีฟเพื่อลดความเสียหายในการต่อสู้ PVP,Unlock passive skill to reduce PVP damage,I-unlock ang passive skill na nagpapababa ng PVP damage
13008,131,8,,,{1=10%},,,,,,,,
13009,131,9,,,{10=10%;9=10%},,,,,,,,
13010,131,10,,,{25=600},,,\nMở khóa kỹ năng bị động tăng sát thương PVP,Buka kunci kemahiran pasif untuk meningkatkan kerosakan PVP,Buka skill pasif untuk meningkatkan damage PVP,ปลดล็อกสกิลพาสซีฟเพื่อเพิ่มความเสียหายในการต่อสู้ PVP,Unlock passive skill to increase PVP damage,I-unlock ang passive skill na nagpapataas ng PVP damage
13011,131,11,,,{22=1000},,,,,,,,
13012,131,12,,,{23=1000},,,,,,,,
13013,131,13,,,{10=20%;9=20%},,,,,,,,
13014,131,14,,,{28=10%;12=15%},,,,,,,,
13015,131,15,,,{14=1500;25=1000},,,,,,,,
13016,131,16,,,{17=1500;19=1000},,,,,,,,
13017,131,17,,,{14=1000;21=1500},,,,,,,,
13018,131,18,,,{1=20%;30=2000},,,,,,,,
13019,131,19,,,{7=20%;8=20%},,,,,,,,
13020,131,20,,,{10=30%;9=30%},,,,,,,,
13021,131,21,,,{28=1500;12=2000},,,,,,,,
13022,131,22,,,{14=1000;25=2000},,,,,,,,
13023,131,23,,,{17=2000;19=2000},,,,,,,,
13024,131,24,,,{15=2000;21=3000},,,,,,,,
15002,151,2,,,{7=80;8=80},,,,,,,,
15003,151,3,,,{24=200},,,,,,,,
15004,151,4,,,{7=5%;8=5%},,,,,,,,
15005,151,5,,,{1=5%},,,,,,,,
15006,151,6,,,{10=5%;9=5%},,,,,,,,
15007,151,7,,,{25=300},,,\nMở khóa kỹ năng bị động tăng sát thương PVP,Buka kunci kemahiran pasif untuk meningkatkan kerosakan PVP,Buka skill pasif untuk meningkatkan damage PVP,ปลดล็อกสกิลพาสซีฟเพื่อเพิ่มความเสียหายในการต่อสู้ PVP,Unlock passive skill to increase PVP damage,I-unlock ang passive skill na nagpapataas ng PVP damage
15008,151,8,,,{1=10%},,,,,,,,
15009,151,9,,,{7=10%;8=10%},,,,,,,,
15010,151,10,,,{25=600},,,\nMở khóa kỹ năng bị động giảm sát thương PVP,Buka kunci kemahiran pasif untuk mengurangkan kerosakan PVP,Buka skill pasif untuk mengurangi damage PVP,ปลดล็อกสกิลพาสซีฟเพื่อลดความเสียหายในการต่อสู้ PVP,Unlock passive skill to reduce PVP damage,I-unlock ang passive skill na nagpapababa ng PVP damage
15011,151,11,,,{22=1000},,,,,,,,
15012,151,12,,,{23=1000},,,,,,,,
15013,151,13,,,{10=20%;9=20%},,,,,,,,
15014,151,14,,,{28=10%;12=15%},,,,,,,,
15015,151,15,,,{14=1500;25=1000},,,,,,,,
15016,151,16,,,{17=1500;19=1000},,,,,,,,
15017,151,17,,,{14=1000;21=1500},,,,,,,,
15018,151,18,,,{1=20%;30=2000},,,,,,,,
15019,151,19,,,{7=20%;8=20%},,,,,,,,
15020,151,20,,,{10=30%;9=30%},,,,,,,,
15021,151,21,,,{28=1500;12=2000},,,,,,,,
15022,151,22,,,{14=1000;25=2000},,,,,,,,
15023,151,23,,,{17=2000;19=2000},,,,,,,,
15024,151,24,,,{15=2000;21=3000},,,,,,,,
16002,161,2,,,{1=300},,,,,,,,
16003,161,3,,,{25=200},,,,,,,,
16004,161,4,,,{10=6%;9=6%},,,,,,,,
16005,161,5,,,{1=6%},,,,,,,,
16006,161,6,,,{7=6%;8=6%},,,,,,,,
16007,161,7,,,{25=400},,,\nMở khóa kỹ năng bị động tăng sát thương PVP,Buka kunci kemahiran pasif untuk meningkatkan kerosakan PVP,Buka skill pasif untuk meningkatkan damage PVP,ปลดล็อกสกิลพาสซีฟเพื่อเพิ่มความเสียหายในการต่อสู้ PVP,Unlock passive skill to increase PVP damage,I-unlock ang passive skill na nagpapataas ng PVP damage
16008,161,8,,,{1=12%},,,,,,,,
16009,161,9,,,{10=12%;9=12%},,,,,,,,
16010,161,10,,,{25=800},,,\nMở khóa kỹ năng bị động giảm sát thương PVP,Buka kunci kemahiran pasif untuk mengurangkan kerosakan PVP,Buka skill pasif untuk mengurangi damage PVP,ปลดล็อกสกิลพาสซีฟเพื่อลดความเสียหายในการต่อสู้ PVP,Unlock passive skill to reduce PVP damage,I-unlock ang passive skill na nagpapababa ng PVP damage
16011,161,11,,,{22=1200},,,,,,,,
16012,161,12,,,{23=1200},,,,,,,,
16013,161,13,,,{10=20%;9=20%},,,,,,,,
16014,161,14,,,{28=10%;12=15%},,,,,,,,
16015,161,15,,,{14=1500;25=1000},,,,,,,,
16016,161,16,,,{17=1500;19=1000},,,,,,,,
16017,161,17,,,{14=1000;21=1500},,,,,,,,
16018,161,18,,,{1=20%;30=2000},,,,,,,,
16019,161,19,,,{7=20%;8=20%},,,,,,,,
16020,161,20,,,{10=30%;9=30%},,,,,,,,
16021,161,21,,,{28=1500;12=2000},,,,,,,,
16022,161,22,,,{14=1000;25=2000},,,,,,,,
16023,161,23,,,{17=2000;19=2000},,,,,,,,
16024,161,24,,,{15=2000;21=3000},,,,,,,,
17002,171,2,,,{7=80;8=80},,,,,,,,
17003,171,3,,,{25=200},,,,,,,,
17004,171,4,,,{7=5%;8=5%},,,,,,,,
17005,171,5,,,{1=5%},,,,,,,,
17006,171,6,,,{10=5%;9=5%},,,,,,,,
17007,171,7,,,{91=300},,,\nMở khóa kỹ năng bị động giảm sát thương PVP,Buka kunci kemahiran pasif untuk mengurangkan kerosakan PVP,Buka skill pasif untuk mengurangi damage PVP,ปลดล็อกสกิลพาสซีฟเพื่อลดความเสียหายในการต่อสู้ PVP,Unlock passive skill to reduce PVP damage,I-unlock ang passive skill na nagpapababa ng PVP damage
17008,171,8,,,{1=10%},,,,,,,,
17009,171,9,,,{7=10%;8=10%},,,,,,,,
17010,171,10,,,{91=600},,,\nMở khóa kỹ năng bị động tăng sát thương PVP,Buka kunci kemahiran pasif untuk meningkatkan kerosakan PVP,Buka skill pasif untuk meningkatkan damage PVP,ปลดล็อกสกิลพาสซีฟเพื่อเพิ่มความเสียหายในการต่อสู้ PVP,Unlock passive skill to increase PVP damage,I-unlock ang passive skill na nagpapataas ng PVP damage
17011,171,11,,,{22=1000},,,,,,,,
17012,171,12,,,{23=1000},,,,,,,,
17013,171,13,,,{10=20%;9=20%},,,,,,,,
17014,171,14,,,{28=10%;12=15%},,,,,,,,
17015,171,15,,,{14=1500;25=1000},,,,,,,,
17016,171,16,,,{17=1500;19=1000},,,,,,,,
17017,171,17,,,{14=1000;21=1500},,,,,,,,
17018,171,18,,,{1=20%;30=2000},,,,,,,,
17019,171,19,,,{7=20%;8=20%},,,,,,,,
17020,171,20,,,{10=30%;9=30%},,,,,,,,
17021,171,21,,,{28=1500;12=2000},,,,,,,,
17022,171,22,,,{14=1000;25=2000},,,,,,,,
17023,171,23,,,{17=2000;19=2000},,,,,,,,
17024,171,24,,,{15=2000;21=3000},,,,,,,,
19002,191,2,,,{7=80;8=80},,,,,,,,
19003,191,3,,,{24=200},,,,,,,,
19004,191,4,,,{7=5%;8=5%},,,,,,,,
19005,191,5,,,{1=5%},,,,,,,,
19006,191,6,,,{7=5%;8=5%},,,,,,,,
19007,191,7,,,{26=300},,,\nMở khóa kỹ năng bị động tăng sát thương PVP,Buka kunci kemahiran pasif untuk meningkatkan kerosakan PVP,Buka skill pasif untuk meningkatkan damage PVP,ปลดล็อกสกิลพาสซีฟเพื่อเพิ่มความเสียหายในการต่อสู้ PVP,Unlock passive skill to increase PVP damage,I-unlock ang passive skill na nagpapataas ng PVP damage
19008,191,8,,,{1=10%},,,,,,,,
19009,191,9,,,{7=10%;8=10%},,,,,,,,
19010,191,10,,,{26=600},,,\nMở khóa kỹ năng bị động giảm sát thương PVP,Buka kunci kemahiran pasif untuk mengurangkan kerosakan PVP,Buka skill pasif untuk mengurangi damage PVP,ปลดล็อกสกิลพาสซีฟเพื่อลดความเสียหายในการต่อสู้ PVP,Unlock passive skill to reduce PVP damage,I-unlock ang passive skill na nagpapababa ng PVP damage
19011,191,11,,,{22=1000},,,,,,,,
19012,191,12,,,{23=1000},,,,,,,,
19013,191,13,,,{10=20%;9=20%},,,,,,,,
19014,191,14,,,{28=10%;12=15%},,,,,,,,
19015,191,15,,,{14=1500;25=1000},,,,,,,,
19016,191,16,,,{17=1500;19=1000},,,,,,,,
19017,191,17,,,{14=1000;21=1500},,,,,,,,
19018,191,18,,,{1=20%;30=2000},,,,,,,,
19019,191,19,,,{7=20%;8=20%},,,,,,,,
19020,191,20,,,{10=30%;9=30%},,,,,,,,
19021,191,21,,,{28=1500;12=2000},,,,,,,,
19022,191,22,,,{14=1000;25=2000},,,,,,,,
19023,191,23,,,{17=2000;19=2000},,,,,,,,
19024,191,24,,,{15=2000;21=3000},,,,,,,,
22002,221,2,,,{7=80;8=80},,,,,,,,
22003,221,3,,,{24=200},,,,,,,,
22004,221,4,,,{7=5%;8=5%},,,,,,,,
22005,221,5,,,{1=5%},,,,,,,,
22006,221,6,,,{7=5%;8=5%},,,,,,,,
22007,221,7,,,{24=300},,,\nMở khóa kỹ năng bị động tăng sát thương PVP,Buka kunci kemahiran pasif untuk meningkatkan kerosakan PVP,Buka skill pasif untuk meningkatkan damage PVP,ปลดล็อกสกิลพาสซีฟเพื่อเพิ่มความเสียหายในการต่อสู้ PVP,Unlock passive skill to increase PVP damage,I-unlock ang passive skill na nagpapataas ng PVP damage
22008,221,8,,,{1=10%},,,,,,,,
22009,221,9,,,{7=10%;8=10%},,,,,,,,
22010,221,10,,,{24=600},,,\nMở khóa kỹ năng bị động giảm sát thương PVP,Buka kunci kemahiran pasif untuk mengurangkan kerosakan PVP,Buka skill pasif untuk mengurangi damage PVP,ปลดล็อกสกิลพาสซีฟเพื่อลดความเสียหายในการต่อสู้ PVP,Unlock passive skill to reduce PVP damage,I-unlock ang passive skill na nagpapababa ng PVP damage
22011,221,11,,,{22=1000},,,,,,,,
22012,221,12,,,{23=1000},,,,,,,,
22013,221,13,,,{10=20%;9=20%},,,,,,,,
22014,221,14,,,{28=10%;12=15%},,,,,,,,
22015,221,15,,,{14=1500;25=1000},,,,,,,,
22016,221,16,,,{17=1500;19=1000},,,,,,,,
22017,221,17,,,{14=1000;21=1500},,,,,,,,
22018,221,18,,,{1=20%;30=2000},,,,,,,,
22019,221,19,,,{7=20%;8=20%},,,,,,,,
22020,221,20,,,{10=30%;9=30%},,,,,,,,
22021,221,21,,,{28=1500;12=2000},,,,,,,,
22022,221,22,,,{14=1000;25=2000},,,,,,,,
22023,221,23,,,{17=2000;19=2000},,,,,,,,
22024,221,24,,,{15=2000;21=3000},,,,,,,,
23002,231,2,,,{7=80;8=80},,,,,,,,
23003,231,3,,,{24=200},,,,,,,,
23004,231,4,,,{7=5%;8=5%},,,,,,,,
23005,231,5,,,{1=5%},,,,,,,,
23006,231,6,,,{7=5%;8=5%},,,,,,,,
23007,231,7,,,{14=300},,,\nMở khóa kỹ năng bị động tăng sát thương PVP,Buka kunci kemahiran pasif untuk meningkatkan kerosakan PVP,Buka skill pasif untuk meningkatkan damage PVP,ปลดล็อกสกิลพาสซีฟเพื่อเพิ่มความเสียหายในการต่อสู้ PVP,Unlock passive skill to increase PVP damage,I-unlock ang passive skill na nagpapataas ng PVP damage
23008,231,8,,,{1=10%},,,,,,,,
23009,231,9,,,{7=10%;8=10%},,,,,,,,
23010,231,10,,,{14=600},,,\nMở khóa kỹ năng bị động giảm sát thương PVP,Buka kunci kemahiran pasif untuk mengurangkan kerosakan PVP,Buka skill pasif untuk mengurangi damage PVP,ปลดล็อกสกิลพาสซีฟเพื่อลดความเสียหายในการต่อสู้ PVP,Unlock passive skill to reduce PVP damage,I-unlock ang passive skill na nagpapababa ng PVP damage
23011,231,11,,,{22=1000},,,,,,,,
23012,231,12,,,{23=1000},,,,,,,,
23013,231,13,,,{10=20%;9=20%},,,,,,,,
23014,231,14,,,{28=10%;12=15%},,,,,,,,
23015,231,15,,,{14=1500;25=1000},,,,,,,,
23016,231,16,,,{17=1500;19=1000},,,,,,,,
23017,231,17,,,{14=1000;21=1500},,,,,,,,
23018,231,18,,,{1=20%;30=2000},,,,,,,,
23019,231,19,,,{7=20%;8=20%},,,,,,,,
23020,231,20,,,{10=30%;9=30%},,,,,,,,
23021,231,21,,,{28=1500;12=2000},,,,,,,,
23022,231,22,,,{14=1000;25=2000},,,,,,,,
23023,231,23,,,{17=2000;19=2000},,,,,,,,
23024,231,24,,,{15=2000;21=3000},,,,,,,,
24002,241,2,,,{7=80;8=80},,,,,,,,
24003,241,3,,,{24=200},,,,,,,,
24004,241,4,,,{7=6%;8=6%},,,,,,,,
24005,241,5,,,{1=6%},,,,,,,,
24006,241,6,,,{7=6%;8=6%},,,,,,,,
24007,241,7,,,{15=600},,,\nMở khóa kỹ năng bị động tăng sát thương PVP,Buka kunci kemahiran pasif untuk meningkatkan kerosakan PVP,Buka skill pasif untuk meningkatkan damage PVP,ปลดล็อกสกิลพาสซีฟเพื่อเพิ่มความเสียหายในการต่อสู้ PVP,Unlock passive skill to increase PVP damage,I-unlock ang passive skill na nagpapataas ng PVP damage
24008,241,8,,,{1=12%},,,,,,,,
24009,241,9,,,{7=12%;8=12%},,,,,,,,
24010,241,10,,,{15=1200},,,\nMở khóa kỹ năng bị động giảm sát thương PVP,Buka kunci kemahiran pasif untuk mengurangkan kerosakan PVP,Buka skill pasif untuk mengurangi damage PVP,ปลดล็อกสกิลพาสซีฟเพื่อลดความเสียหายในการต่อสู้ PVP,Unlock passive skill to reduce PVP damage,I-unlock ang passive skill na nagpapababa ng PVP damage
24011,241,11,,,{22=1200},,,,,,,,
24012,241,12,,,{23=1200},,,,,,,,
24013,241,13,,,{10=20%;9=20%},,,,,,,,
24014,241,14,,,{28=10%;12=15%},,,,,,,,
24015,241,15,,,{14=1500;25=1000},,,,,,,,
24016,241,16,,,{17=1500;19=1000},,,,,,,,
24017,241,17,,,{14=1000;21=1500},,,,,,,,
24018,241,18,,,{1=20%;30=2000},,,,,,,,
24019,241,19,,,{7=20%;8=20%},,,,,,,,
24020,241,20,,,{10=30%;9=30%},,,,,,,,
24021,241,21,,,{28=1500;12=2000},,,,,,,,
24022,241,22,,,{14=1000;25=2000},,,,,,,,
24023,241,23,,,{17=2000;19=2000},,,,,,,,
24024,241,24,,,{15=2000;21=3000},,,,,,,,
26002,261,2,,,{7=120;8=120},,,,,,,,
26003,261,3,,,{24=300},,,,,,,,
26004,261,4,,,{7=8%;8=8%},,,,,,,,
26005,261,5,,,{1=8%},,,,,,,,
26006,261,6,,,{10=8%;9=8%},,,,,,,,
26007,261,7,,,{16=500},,,\nMở khóa kỹ năng bị động tăng sát thương PVP,Buka kunci kemahiran pasif untuk meningkatkan kerosakan PVP,Buka skill pasif untuk meningkatkan damage PVP,ปลดล็อกสกิลพาสซีฟเพื่อเพิ่มความเสียหายในการต่อสู้ PVP,Unlock passive skill to increase PVP damage,I-unlock ang passive skill na nagpapataas ng PVP damage
26008,261,8,,,{1=15%},,,,,,,,
26009,261,9,,,{7=15%;8=15%},,,,,,,,
26010,261,10,,,{16=1000},,,\nMở khóa kỹ năng bị động giảm sát thương PVP,Buka kunci kemahiran pasif untuk mengurangkan kerosakan PVP,Buka skill pasif untuk mengurangi damage PVP,ปลดล็อกสกิลพาสซีฟเพื่อลดความเสียหายในการต่อสู้ PVP,Unlock passive skill to reduce PVP damage,I-unlock ang passive skill na nagpapababa ng PVP damage
26011,261,11,,,{22=1500},,,,,,,,
26012,261,12,,,{23=1500},,,,,,,,
26013,261,13,,,{10=20%;9=20%},,,,,,,,
26014,261,14,,,{28=10%;12=15%},,,,,,,,
26015,261,15,,,{14=1500;25=1000},,,,,,,,
26016,261,16,,,{17=1500;19=1000},,,,,,,,
26017,261,17,,,{14=1000;21=1500},,,,,,,,
26018,261,18,,,{1=20%;30=2000},,,,,,,,
26019,261,19,,,{7=20%;8=20%},,,,,,,,
26020,261,20,,,{10=30%;9=30%},,,,,,,,
26021,261,21,,,{28=1500;12=2000},,,,,,,,
26022,261,22,,,{14=1000;25=2000},,,,,,,,
26023,261,23,,,{17=2000;19=2000},,,,,,,,
26024,261,24,,,{15=2000;21=3000},,,,,,,,
27002,271,2,,,{7=80;8=80},,,,,,,,
27003,271,3,,,{24=200},,,,,,,,
27004,271,4,,,{7=5%;8=5%},,,,,,,,
27005,271,5,,,{1=5%},,,,,,,,
27006,271,6,,,{7=5%;8=5%},,,,,,,,
27007,271,7,,,{11=300},,,\nMở khóa kỹ năng bị động tăng sát thương PVP,Buka kunci kemahiran pasif untuk meningkatkan kerosakan PVP,Buka skill pasif untuk meningkatkan damage PVP,ปลดล็อกสกิลพาสซีฟเพื่อเพิ่มความเสียหายในการต่อสู้ PVP,Unlock passive skill to increase PVP damage,I-unlock ang passive skill na nagpapataas ng PVP damage
27008,271,8,,,{1=10%},,,,,,,,
27009,271,9,,,{7=10%;8=10%},,,,,,,,
27010,271,10,,,{11=600},,,\nMở khóa kỹ năng bị động giảm sát thương PVP,Buka kunci kemahiran pasif untuk mengurangkan kerosakan PVP,Buka skill pasif untuk mengurangi damage PVP,ปลดล็อกสกิลพาสซีฟเพื่อลดความเสียหายในการต่อสู้ PVP,Unlock passive skill to reduce PVP damage,I-unlock ang passive skill na nagpapababa ng PVP damage
27011,271,11,,,{22=1000},,,,,,,,
27012,271,12,,,{23=1000},,,,,,,,
27013,271,13,,,{10=20%;9=20%},,,,,,,,
27014,271,14,,,{28=10%;12=15%},,,,,,,,
27015,271,15,,,{14=1500;25=1000},,,,,,,,
27016,271,16,,,{17=1500;19=1000},,,,,,,,
27017,271,17,,,{14=1000;21=1500},,,,,,,,
27018,271,18,,,{1=20%;30=2000},,,,,,,,
27019,271,19,,,{7=20%;8=20%},,,,,,,,
27020,271,20,,,{10=30%;9=30%},,,,,,,,
27021,271,21,,,{28=1500;12=2000},,,,,,,,
27022,271,22,,,{14=1000;25=2000},,,,,,,,
27023,271,23,,,{17=2000;19=2000},,,,,,,,
27024,271,24,,,{15=2000;21=3000},,,,,,,,
28002,281,2,,,{1=300},,,,,,,,
28003,281,3,,,{25=200},,,,,,,,
28004,281,4,,,{10=5%;9=5%},,,,,,,,
28005,281,5,,,{1=5%},,,,,,,,
28006,281,6,,,{7=5%;8=5%},,,,,,,,
28007,281,7,,,{26=300},,,\nMở khóa kỹ năng bị động giảm sát thương PVP,Buka kunci kemahiran pasif untuk mengurangkan kerosakan PVP,Buka skill pasif untuk mengurangi damage PVP,ปลดล็อกสกิลพาสซีฟเพื่อลดความเสียหายในการต่อสู้ PVP,Unlock passive skill to reduce PVP damage,I-unlock ang passive skill na nagpapababa ng PVP damage
28008,281,8,,,{1=10%},,,,,,,,
28009,281,9,,,{10=10%;9=10%},,,,,,,,
28010,281,10,,,{26=600},,,\nMở khóa kỹ năng bị động tăng sát thương PVP,Buka kunci kemahiran pasif untuk meningkatkan kerosakan PVP,Buka skill pasif untuk meningkatkan damage PVP,ปลดล็อกสกิลพาสซีฟเพื่อเพิ่มความเสียหายในการต่อสู้ PVP,Unlock passive skill to increase PVP damage,I-unlock ang passive skill na nagpapataas ng PVP damage
28011,281,11,,,{22=1000},,,,,,,,
28012,281,12,,,{23=1000},,,,,,,,
28013,281,13,,,{10=20%;9=20%},,,,,,,,
28014,281,14,,,{28=10%;12=15%},,,,,,,,
28015,281,15,,,{14=1500;25=1000},,,,,,,,
28016,281,16,,,{17=1500;19=1000},,,,,,,,
28017,281,17,,,{14=1000;21=1500},,,,,,,,
28018,281,18,,,{1=20%;30=2000},,,,,,,,
28019,281,19,,,{7=20%;8=20%},,,,,,,,
28020,281,20,,,{10=30%;9=30%},,,,,,,,
28021,281,21,,,{28=1500;12=2000},,,,,,,,
28022,281,22,,,{14=1000;25=2000},,,,,,,,
28023,281,23,,,{17=2000;19=2000},,,,,,,,
28024,281,24,,,{15=2000;21=3000},,,,,,,,
30002,301,2,,,{10=80;9=80},,,,,,,,
30003,301,3,,,{25=200},,,,,,,,
30004,301,4,,,{10=5%;9=5%},,,,,,,,
30005,301,5,,,{1=5%},,,,,,,,
30006,301,6,,,{10=5%;9=5%},,,,,,,,
30007,301,7,,,{17=300},,,\nMở khóa kỹ năng bị động giảm sát thương PVP,Buka kunci kemahiran pasif untuk mengurangkan kerosakan PVP,Buka skill pasif untuk mengurangi damage PVP,ปลดล็อกสกิลพาสซีฟเพื่อลดความเสียหายในการต่อสู้ PVP,Unlock passive skill to reduce PVP damage,I-unlock ang passive skill na nagpapababa ng PVP damage
30008,301,8,,,{1=10%},,,,,,,,
30009,301,9,,,{10=10%;9=10%},,,,,,,,
30010,301,10,,,{17=600},,,\nMở khóa kỹ năng bị động tăng sát thương PVP,Buka kunci kemahiran pasif untuk meningkatkan kerosakan PVP,Buka skill pasif untuk meningkatkan damage PVP,ปลดล็อกสกิลพาสซีฟเพื่อเพิ่มความเสียหายในการต่อสู้ PVP,Unlock passive skill to increase PVP damage,I-unlock ang passive skill na nagpapataas ng PVP damage
30011,301,11,,,{22=1000},,,,,,,,
30012,301,12,,,{23=1000},,,,,,,,
30013,301,13,,,{10=20%;9=20%},,,,,,,,
30014,301,14,,,{28=10%;12=15%},,,,,,,,
30015,301,15,,,{14=1500;25=1000},,,,,,,,
30016,301,16,,,{17=1500;19=1000},,,,,,,,
30017,301,17,,,{14=1000;21=1500},,,,,,,,
30018,301,18,,,{1=20%;30=2000},,,,,,,,
30019,301,19,,,{7=20%;8=20%},,,,,,,,
30020,301,20,,,{10=30%;9=30%},,,,,,,,
30021,301,21,,,{28=1500;12=2000},,,,,,,,
30022,301,22,,,{14=1000;25=2000},,,,,,,,
30023,301,23,,,{17=2000;19=2000},,,,,,,,
30024,301,24,,,{15=2000;21=3000},,,,,,,,
33002,331,2,,,{7=80;8=80},,,,,,,,
33003,331,3,,,{24=200},,,,,,,,
33004,331,4,,,{7=6%;8=6%},,,,,,,,
33005,331,5,,,{1=6%},,,,,,,,
33006,331,6,,,{7=6%;8=6%},,,,,,,,
33007,331,7,,,{5=400},,,\nMở khóa kỹ năng bị động tăng sát thương PVP,Buka kunci kemahiran pasif untuk meningkatkan kerosakan PVP,Buka skill pasif untuk meningkatkan damage PVP,ปลดล็อกสกิลพาสซีฟเพื่อเพิ่มความเสียหายในการต่อสู้ PVP,Unlock passive skill to increase PVP damage,I-unlock ang passive skill na nagpapataas ng PVP damage
33008,331,8,,,{1=12%},,,,,,,,
33009,331,9,,,{7=12%;8=12%},,,,,,,,
33010,331,10,,,{5=800},,,\nMở khóa kỹ năng bị động giảm sát thương PVP,Buka kunci kemahiran pasif untuk mengurangkan kerosakan PVP,Buka skill pasif untuk mengurangi damage PVP,ปลดล็อกสกิลพาสซีฟเพื่อลดความเสียหายในการต่อสู้ PVP,Unlock passive skill to reduce PVP damage,I-unlock ang passive skill na nagpapababa ng PVP damage
33011,331,11,,,{22=1200},,,,,,,,
33012,331,12,,,{23=1200},,,,,,,,
33013,331,13,,,{10=20%;9=20%},,,,,,,,
33014,331,14,,,{28=10%;12=15%},,,,,,,,
33015,331,15,,,{14=1500;25=1000},,,,,,,,
33016,331,16,,,{17=1500;19=1000},,,,,,,,
33017,331,17,,,{14=1000;21=1500},,,,,,,,
33018,331,18,,,{1=20%;30=2000},,,,,,,,
33019,331,19,,,{7=20%;8=20%},,,,,,,,
33020,331,20,,,{10=30%;9=30%},,,,,,,,
33021,331,21,,,{28=1500;12=2000},,,,,,,,
33022,331,22,,,{14=1000;25=2000},,,,,,,,
33023,331,23,,,{17=2000;19=2000},,,,,,,,
33024,331,24,,,{15=2000;21=3000},,,,,,,,
34002,341,2,,,{7=80;8=80},,,,,,,,
34003,341,3,,,{24=200},,,,,,,,
34004,341,4,,,{7=5%;8=5%},,,,,,,,
34005,341,5,,,{1=5%},,,,,,,,
34006,341,6,,,{7=5%;8=5%},,,,,,,,
34007,341,7,,,{11=300},,,\nMở khóa kỹ năng bị động tăng sát thương PVP,Buka kunci kemahiran pasif untuk meningkatkan kerosakan PVP,Buka skill pasif untuk meningkatkan damage PVP,ปลดล็อกสกิลพาสซีฟเพื่อเพิ่มความเสียหายในการต่อสู้ PVP,Unlock passive skill to increase PVP damage,I-unlock ang passive skill na nagpapataas ng PVP damage
34008,341,8,,,{1=10%},,,,,,,,
34009,341,9,,,{7=10%;8=10%},,,,,,,,
34010,341,10,,,{11=600},,,\nMở khóa kỹ năng bị động giảm sát thương PVP,Buka kunci kemahiran pasif untuk mengurangkan kerosakan PVP,Buka skill pasif untuk mengurangi damage PVP,ปลดล็อกสกิลพาสซีฟเพื่อลดความเสียหายในการต่อสู้ PVP,Unlock passive skill to reduce PVP damage,I-unlock ang passive skill na nagpapababa ng PVP damage
34011,341,11,,,{22=1000},,,,,,,,
34012,341,12,,,{23=1000},,,,,,,,
34013,341,13,,,{10=20%;9=20%},,,,,,,,
34014,341,14,,,{28=10%;12=15%},,,,,,,,
34015,341,15,,,{14=1500;25=1000},,,,,,,,
34016,341,16,,,{17=1500;19=1000},,,,,,,,
34017,341,17,,,{14=1000;21=1500},,,,,,,,
34018,341,18,,,{1=20%;30=2000},,,,,,,,
34019,341,19,,,{7=20%;8=20%},,,,,,,,
34020,341,20,,,{10=30%;9=30%},,,,,,,,
34021,341,21,,,{28=1500;12=2000},,,,,,,,
34022,341,22,,,{14=1000;25=2000},,,,,,,,
34023,341,23,,,{17=2000;19=2000},,,,,,,,
34024,341,24,,,{15=2000;21=3000},,,,,,,,
35002,351,2,,,{7=80;8=80},,,,,,,,
35003,351,3,,,{24=200},,,,,,,,
35004,351,4,,,{7=5%;8=5%},,,,,,,,
35005,351,5,,,{1=5%},,,,,,,,
35006,351,6,,,{7=5%;8=5%},,,,,,,,
35007,351,7,,,{14=300},,,\nMở khóa kỹ năng bị động tăng sát thương PVP,Buka kunci kemahiran pasif untuk meningkatkan kerosakan PVP,Buka skill pasif untuk meningkatkan damage PVP,ปลดล็อกสกิลพาสซีฟเพื่อเพิ่มความเสียหายในการต่อสู้ PVP,Unlock passive skill to increase PVP damage,I-unlock ang passive skill na nagpapataas ng PVP damage
35008,351,8,,,{1=10%},,,,,,,,
35009,351,9,,,{7=10%;8=10%},,,,,,,,
35010,351,10,,,{14=600},,,\nMở khóa kỹ năng bị động giảm sát thương PVP,Buka kunci kemahiran pasif untuk mengurangkan kerosakan PVP,Buka skill pasif untuk mengurangi damage PVP,ปลดล็อกสกิลพาสซีฟเพื่อลดความเสียหายในการต่อสู้ PVP,Unlock passive skill to reduce PVP damage,I-unlock ang passive skill na nagpapababa ng PVP damage
35011,351,11,,,{22=1000},,,,,,,,
35012,351,12,,,{23=1000},,,,,,,,
35013,351,13,,,{10=20%;9=20%},,,,,,,,
35014,351,14,,,{28=10%;12=15%},,,,,,,,
35015,351,15,,,{14=1500;25=1000},,,,,,,,
35016,351,16,,,{17=1500;19=1000},,,,,,,,
35017,351,17,,,{14=1000;21=1500},,,,,,,,
35018,351,18,,,{1=20%;30=2000},,,,,,,,
35019,351,19,,,{7=20%;8=20%},,,,,,,,
35020,351,20,,,{10=30%;9=30%},,,,,,,,
35021,351,21,,,{28=1500;12=2000},,,,,,,,
35022,351,22,,,{14=1000;25=2000},,,,,,,,
35023,351,23,,,{17=2000;19=2000},,,,,,,,
35024,351,24,,,{15=2000;21=3000},,,,,,,,
37002,371,2,,,{1=300},,,,,,,,
37003,371,3,,,{25=200},,,,,,,,
37004,371,4,,,{10=5%;9=5%},,,,,,,,
37005,371,5,,,{1=5%},,,,,,,,
37006,371,6,,,{7=5%;8=5%},,,,,,,,
37007,371,7,,,{27=300},,,\nMở khóa kỹ năng bị động giảm sát thương PVP,Buka kunci kemahiran pasif untuk mengurangkan kerosakan PVP,Buka skill pasif untuk mengurangi damage PVP,ปลดล็อกสกิลพาสซีฟเพื่อลดความเสียหายในการต่อสู้ PVP,Unlock passive skill to reduce PVP damage,I-unlock ang passive skill na nagpapababa ng PVP damage
37008,371,8,,,{1=10%},,,,,,,,
37009,371,9,,,{10=10%;9=10%},,,,,,,,
37010,371,10,,,{27=600},,,\nMở khóa kỹ năng bị động tăng sát thương PVP,Buka kunci kemahiran pasif untuk meningkatkan kerosakan PVP,Buka skill pasif untuk meningkatkan damage PVP,ปลดล็อกสกิลพาสซีฟเพื่อเพิ่มความเสียหายในการต่อสู้ PVP,Unlock passive skill to increase PVP damage,I-unlock ang passive skill na nagpapataas ng PVP damage
37011,371,11,,,{22=1000},,,,,,,,
37012,371,12,,,{23=1000},,,,,,,,
37013,371,13,,,{10=20%;9=20%},,,,,,,,
37014,371,14,,,{28=10%;12=15%},,,,,,,,
37015,371,15,,,{14=1500;25=1000},,,,,,,,
37016,371,16,,,{17=1500;19=1000},,,,,,,,
37017,371,17,,,{14=1000;21=1500},,,,,,,,
37018,371,18,,,{1=20%;30=2000},,,,,,,,
37019,371,19,,,{7=20%;8=20%},,,,,,,,
37020,371,20,,,{10=30%;9=30%},,,,,,,,
37021,371,21,,,{28=1500;12=2000},,,,,,,,
37022,371,22,,,{14=1000;25=2000},,,,,,,,
37023,371,23,,,{17=2000;19=2000},,,,,,,,
37024,371,24,,,{15=2000;21=3000},,,,,,,,
38002,381,2,,,{10=80;9=80},,,,,,,,
38003,381,3,,,{25=200},,,,,,,,
38004,381,4,,,{10=6%;9=6%},,,,,,,,
38005,381,5,,,{1=6%},,,,,,,,
38006,381,6,,,{10=6%;9=6%},,,,,,,,
38007,381,7,,,{27=400},,,\nMở khóa kỹ năng bị động giảm sát thương PVP,Buka kunci kemahiran pasif untuk mengurangkan kerosakan PVP,Buka skill pasif untuk mengurangi damage PVP,ปลดล็อกสกิลพาสซีฟเพื่อลดความเสียหายในการต่อสู้ PVP,Unlock passive skill to reduce PVP damage,I-unlock ang passive skill na nagpapababa ng PVP damage
38008,381,8,,,{1=12%},,,,,,,,
38009,381,9,,,{10=12%;9=12%},,,,,,,,
38010,381,10,,,{27=800},,,\nMở khóa kỹ năng bị động tăng sát thương PVP,Buka kunci kemahiran pasif untuk meningkatkan kerosakan PVP,Buka skill pasif untuk meningkatkan damage PVP,ปลดล็อกสกิลพาสซีฟเพื่อเพิ่มความเสียหายในการต่อสู้ PVP,Unlock passive skill to increase PVP damage,I-unlock ang passive skill na nagpapataas ng PVP damage
38011,381,11,,,{22=1200},,,,,,,,
38012,381,12,,,{23=1200},,,,,,,,
38013,381,13,,,{10=20%;9=20%},,,,,,,,
38014,381,14,,,{28=10%;12=15%},,,,,,,,
38015,381,15,,,{14=1500;25=1000},,,,,,,,
38016,381,16,,,{17=1500;19=1000},,,,,,,,
38017,381,17,,,{14=1000;21=1500},,,,,,,,
38018,381,18,,,{1=20%;30=2000},,,,,,,,
38019,381,19,,,{7=20%;8=20%},,,,,,,,
38020,381,20,,,{10=30%;9=30%},,,,,,,,
38021,381,21,,,{28=1500;12=2000},,,,,,,,
38022,381,22,,,{14=1000;25=2000},,,,,,,,
38023,381,23,,,{17=2000;19=2000},,,,,,,,
38024,381,24,,,{15=2000;21=3000},,,,,,,,
39002,391,2,,,{7=120;8=120},,,,,,,,
39003,391,3,,,{24=300},,,,,,,,
39004,391,4,,,{7=8%;8=8%},,,,,,,,
39005,391,5,,,{1=8%},,,,,,,,
39006,391,6,,,{10=8%;9=8%},,,,,,,,
39007,391,7,,,{16=500},,,\nMở khóa kỹ năng bị động tăng sát thương PVP,Buka kunci kemahiran pasif untuk meningkatkan kerosakan PVP,Buka skill pasif untuk meningkatkan damage PVP,ปลดล็อกสกิลพาสซีฟเพื่อเพิ่มความเสียหายในการต่อสู้ PVP,Unlock passive skill to increase PVP damage,I-unlock ang passive skill na nagpapataas ng PVP damage
39008,391,8,,,{1=15%},,,,,,,,
39009,391,9,,,{7=15%;8=15%},,,,,,,,
39010,391,10,,,{16=1000},,,\nMở khóa kỹ năng bị động giảm sát thương PVP,Buka kunci kemahiran pasif untuk mengurangkan kerosakan PVP,Buka skill pasif untuk mengurangi damage PVP,ปลดล็อกสกิลพาสซีฟเพื่อลดความเสียหายในการต่อสู้ PVP,Unlock passive skill to reduce PVP damage,I-unlock ang passive skill na nagpapababa ng PVP damage
39011,391,11,,,{22=1500},,,,,,,,
39012,391,12,,,{23=1500},,,,,,,,
39013,391,13,,,{10=20%;9=20%},,,,,,,,
39014,391,14,,,{28=10%;12=15%},,,,,,,,
39015,391,15,,,{14=1500;25=1000},,,,,,,,
39016,391,16,,,{17=1500;19=1000},,,,,,,,
39017,391,17,,,{14=1000;21=1500},,,,,,,,
39018,391,18,,,{1=20%;30=2000},,,,,,,,
39019,391,19,,,{7=20%;8=20%},,,,,,,,
39020,391,20,,,{10=30%;9=30%},,,,,,,,
39021,391,21,,,{28=1500;12=2000},,,,,,,,
39022,391,22,,,{14=1000;25=2000},,,,,,,,
39023,391,23,,,{17=2000;19=2000},,,,,,,,
39024,391,24,,,{15=2000;21=3000},,,,,,,,
40002,401,2,,,{10=80;9=80},,,,,,,,
40003,401,3,,,{25=200},,,,,,,,
40004,401,4,,,{10=6%;9=6%},,,,,,,,
40005,401,5,,,{1=6%},,,,,,,,
40006,401,6,,,{10=6%;9=6%},,,,,,,,
40007,401,7,,,{25=400},,,\nMở khóa kỹ năng bị động giảm sát thương PVP,Buka kunci kemahiran pasif untuk mengurangkan kerosakan PVP,Buka skill pasif untuk mengurangi damage PVP,ปลดล็อกสกิลพาสซีฟเพื่อลดความเสียหายในการต่อสู้ PVP,Unlock passive skill to reduce PVP damage,I-unlock ang passive skill na nagpapababa ng PVP damage
40008,401,8,,,{1=12%},,,,,,,,
40009,401,9,,,{10=12%;9=12%},,,,,,,,
40010,401,10,,,{25=800},,,\nMở khóa kỹ năng bị động tăng sát thương PVP,Buka kunci kemahiran pasif untuk meningkatkan kerosakan PVP,Buka skill pasif untuk meningkatkan damage PVP,ปลดล็อกสกิลพาสซีฟเพื่อเพิ่มความเสียหายในการต่อสู้ PVP,Unlock passive skill to increase PVP damage,I-unlock ang passive skill na nagpapataas ng PVP damage
40011,401,11,,,{22=1200},,,,,,,,
40012,401,12,,,{23=1200},,,,,,,,
40013,401,13,,,{10=20%;9=20%},,,,,,,,
40014,401,14,,,{28=10%;12=15%},,,,,,,,
40015,401,15,,,{14=1500;25=1000},,,,,,,,
40016,401,16,,,{17=1500;19=1000},,,,,,,,
40017,401,17,,,{14=1000;21=1500},,,,,,,,
40018,401,18,,,{1=20%;30=2000},,,,,,,,
40019,401,19,,,{7=20%;8=20%},,,,,,,,
40020,401,20,,,{10=30%;9=30%},,,,,,,,
40021,401,21,,,{28=1500;12=2000},,,,,,,,
40022,401,22,,,{14=1000;25=2000},,,,,,,,
40023,401,23,,,{17=2000;19=2000},,,,,,,,
40024,401,24,,,{15=2000;21=3000},,,,,,,,
45002,451,2,,,{7=80;8=80},,,,,,,,
45003,451,3,,,{24=200},,,,,,,,
45004,451,4,,,{7=5%;8=5%},,,,,,,,
45005,451,5,,,{1=5%},,,,,,,,
45006,451,6,,,{10=5%;9=5%},,,,,,,,
45007,451,7,,,{90=300},,,\nMở khóa kỹ năng bị động tăng sát thương PVP,Buka kunci kemahiran pasif untuk meningkatkan kerosakan PVP,Buka skill pasif untuk meningkatkan damage PVP,ปลดล็อกสกิลพาสซีฟเพื่อเพิ่มความเสียหายในการต่อสู้ PVP,Unlock passive skill to increase PVP damage,I-unlock ang passive skill na nagpapataas ng PVP damage
45008,451,8,,,{1=10%},,,,,,,,
45009,451,9,,,{7=10%;8=10%},,,,,,,,
45010,451,10,,,{90=600},,,\nMở khóa kỹ năng bị động giảm sát thương PVP,Buka kunci kemahiran pasif untuk mengurangkan kerosakan PVP,Buka skill pasif untuk mengurangi damage PVP,ปลดล็อกสกิลพาสซีฟเพื่อลดความเสียหายในการต่อสู้ PVP,Unlock passive skill to reduce PVP damage,I-unlock ang passive skill na nagpapababa ng PVP damage
45011,451,11,,,{22=1000},,,,,,,,
45012,451,12,,,{23=1000},,,,,,,,
45013,451,13,,,{10=20%;9=20%},,,,,,,,
45014,451,14,,,{28=10%;12=15%},,,,,,,,
45015,451,15,,,{14=1500;25=1000},,,,,,,,
45016,451,16,,,{17=1500;19=1000},,,,,,,,
45017,451,17,,,{14=1000;21=1500},,,,,,,,
45018,451,18,,,{1=20%;30=2000},,,,,,,,
45019,451,19,,,{7=20%;8=20%},,,,,,,,
45020,451,20,,,{10=30%;9=30%},,,,,,,,
45021,451,21,,,{28=1500;12=2000},,,,,,,,
45022,451,22,,,{14=1000;25=2000},,,,,,,,
45023,451,23,,,{17=2000;19=2000},,,,,,,,
45024,451,24,,,{15=2000;21=3000},,,,,,,,
46002,461,2,,,{7=80;8=80},,,,,,,,
46003,461,3,,,{24=200},,,,,,,,
46004,461,4,,,{7=5%;8=5%},,,,,,,,
46005,461,5,,,{1=5%},,,,,,,,
46006,461,6,,,{7=5%;8=5%},,,,,,,,
46007,461,7,,,{11=300},,,\nMở khóa kỹ năng bị động tăng sát thương PVP,Buka kunci kemahiran pasif untuk meningkatkan kerosakan PVP,Buka skill pasif untuk meningkatkan damage PVP,ปลดล็อกสกิลพาสซีฟเพื่อเพิ่มความเสียหายในการต่อสู้ PVP,Unlock passive skill to increase PVP damage,I-unlock ang passive skill na nagpapataas ng PVP damage
46008,461,8,,,{1=10%},,,,,,,,
46009,461,9,,,{7=10%;8=10%},,,,,,,,
46010,461,10,,,{11=600},,,\nMở khóa kỹ năng bị động giảm sát thương PVP,Buka kunci kemahiran pasif untuk mengurangkan kerosakan PVP,Buka skill pasif untuk mengurangi damage PVP,ปลดล็อกสกิลพาสซีฟเพื่อลดความเสียหายในการต่อสู้ PVP,Unlock passive skill to reduce PVP damage,I-unlock ang passive skill na nagpapababa ng PVP damage
46011,461,11,,,{22=1000},,,,,,,,
46012,461,12,,,{23=1000},,,,,,,,
46013,461,13,,,{10=20%;9=20%},,,,,,,,
46014,461,14,,,{28=10%;12=15%},,,,,,,,
46015,461,15,,,{14=1500;25=1000},,,,,,,,
46016,461,16,,,{17=1500;19=1000},,,,,,,,
46017,461,17,,,{14=1000;21=1500},,,,,,,,
46018,461,18,,,{1=20%;30=2000},,,,,,,,
46019,461,19,,,{7=20%;8=20%},,,,,,,,
46020,461,20,,,{10=30%;9=30%},,,,,,,,
46021,461,21,,,{28=1500;12=2000},,,,,,,,
46022,461,22,,,{14=1000;25=2000},,,,,,,,
46023,461,23,,,{17=2000;19=2000},,,,,,,,
46024,461,24,,,{15=2000;21=3000},,,,,,,,
47002,471,2,,,{10=80;9=80},,,,,,,,
47003,471,3,,,{25=200},,,,,,,,
47004,471,4,,,{10=5%;9=5%},,,,,,,,
47005,471,5,,,{1=5%},,,,,,,,
47006,471,6,,,{10=5%;9=5%},,,,,,,,
47007,471,7,,,{27=300},,,\nMở khóa kỹ năng bị động giảm sát thương PVP,Buka kunci kemahiran pasif untuk mengurangkan kerosakan PVP,Buka skill pasif untuk mengurangi damage PVP,ปลดล็อกสกิลพาสซีฟเพื่อลดความเสียหายในการต่อสู้ PVP,Unlock passive skill to reduce PVP damage,I-unlock ang passive skill na nagpapababa ng PVP damage
47008,471,8,,,{1=10%},,,,,,,,
47009,471,9,,,{10=10%;9=10%},,,,,,,,
47010,471,10,,,{27=600},,,\nMở khóa kỹ năng bị động tăng sát thương PVP,Buka kunci kemahiran pasif untuk meningkatkan kerosakan PVP,Buka skill pasif untuk meningkatkan damage PVP,ปลดล็อกสกิลพาสซีฟเพื่อเพิ่มความเสียหายในการต่อสู้ PVP,Unlock passive skill to increase PVP damage,I-unlock ang passive skill na nagpapataas ng PVP damage
47011,471,11,,,{22=1000},,,,,,,,
47012,471,12,,,{23=1000},,,,,,,,
47013,471,13,,,{10=20%;9=20%},,,,,,,,
47014,471,14,,,{28=10%;12=15%},,,,,,,,
47015,471,15,,,{14=1500;25=1000},,,,,,,,
47016,471,16,,,{17=1500;19=1000},,,,,,,,
47017,471,17,,,{14=1000;21=1500},,,,,,,,
47018,471,18,,,{1=20%;30=2000},,,,,,,,
47019,471,19,,,{7=20%;8=20%},,,,,,,,
47020,471,20,,,{10=30%;9=30%},,,,,,,,
47021,471,21,,,{28=1500;12=2000},,,,,,,,
47022,471,22,,,{14=1000;25=2000},,,,,,,,
47023,471,23,,,{17=2000;19=2000},,,,,,,,
47024,471,24,,,{15=2000;21=3000},,,,,,,,
48002,481,2,,,{1=300},,,,,,,,
48003,481,3,,,{25=200},,,,,,,,
48004,481,4,,,{10=5%;9=5%},,,,,,,,
48005,481,5,,,{1=5%},,,,,,,,
48006,481,6,,,{7=5%;8=5%},,,,,,,,
48007,481,7,,,{27=300},,,\nMở khóa kỹ năng bị động giảm sát thương PVP,Buka kunci kemahiran pasif untuk mengurangkan kerosakan PVP,Buka skill pasif untuk mengurangi damage PVP,ปลดล็อกสกิลพาสซีฟเพื่อลดความเสียหายในการต่อสู้ PVP,Unlock passive skill to reduce PVP damage,I-unlock ang passive skill na nagpapababa ng PVP damage
48008,481,8,,,{1=10%},,,,,,,,
48009,481,9,,,{10=10%;9=10%},,,,,,,,
48010,481,10,,,{27=600},,,\nMở khóa kỹ năng bị động tăng sát thương PVP,Buka kunci kemahiran pasif untuk meningkatkan kerosakan PVP,Buka skill pasif untuk meningkatkan damage PVP,ปลดล็อกสกิลพาสซีฟเพื่อเพิ่มความเสียหายในการต่อสู้ PVP,Unlock passive skill to increase PVP damage,I-unlock ang passive skill na nagpapataas ng PVP damage
48011,481,11,,,{22=1000},,,,,,,,
48012,481,12,,,{23=1000},,,,,,,,
48013,481,13,,,{10=20%;9=20%},,,,,,,,
48014,481,14,,,{28=10%;12=15%},,,,,,,,
48015,481,15,,,{14=1500;25=1000},,,,,,,,
48016,481,16,,,{17=1500;19=1000},,,,,,,,
48017,481,17,,,{14=1000;21=1500},,,,,,,,
48018,481,18,,,{1=20%;30=2000},,,,,,,,
48019,481,19,,,{7=20%;8=20%},,,,,,,,
48020,481,20,,,{10=30%;9=30%},,,,,,,,
48021,481,21,,,{28=1500;12=2000},,,,,,,,
48022,481,22,,,{14=1000;25=2000},,,,,,,,
48023,481,23,,,{17=2000;19=2000},,,,,,,,
48024,481,24,,,{15=2000;21=3000},,,,,,,,
49002,491,2,,,{10=80;9=80},,,,,,,,
49003,491,3,,,{25=200},,,,,,,,
49004,491,4,,,{10=6%;9=6%},,,,,,,,
49005,491,5,,,{1=6%},,,,,,,,
49006,491,6,,,{10=6%;9=6%},,,,,,,,
49007,491,7,,,{16=400},,,\nMở khóa kỹ năng bị động giảm sát thương PVP,Buka kunci kemahiran pasif untuk mengurangkan kerosakan PVP,Buka skill pasif untuk mengurangi damage PVP,ปลดล็อกสกิลพาสซีฟเพื่อลดความเสียหายในการต่อสู้ PVP,Unlock passive skill to reduce PVP damage,I-unlock ang passive skill na nagpapababa ng PVP damage
49008,491,8,,,{1=12%},,,,,,,,
49009,491,9,,,{10=12%;9=12%},,,,,,,,
49010,491,10,,,{16=800},,,\nMở khóa kỹ năng bị động tăng sát thương PVP,Buka kunci kemahiran pasif untuk meningkatkan kerosakan PVP,Buka skill pasif untuk meningkatkan damage PVP,ปลดล็อกสกิลพาสซีฟเพื่อเพิ่มความเสียหายในการต่อสู้ PVP,Unlock passive skill to increase PVP damage,I-unlock ang passive skill na nagpapataas ng PVP damage
49011,491,11,,,{22=1200},,,,,,,,
49012,491,12,,,{23=1200},,,,,,,,
49013,491,13,,,{10=20%;9=20%},,,,,,,,
49014,491,14,,,{28=10%;12=15%},,,,,,,,
49015,491,15,,,{14=1500;25=1000},,,,,,,,
49016,491,16,,,{17=1500;19=1000},,,,,,,,
49017,491,17,,,{14=1000;21=1500},,,,,,,,
49018,491,18,,,{1=20%;30=2000},,,,,,,,
49019,491,19,,,{7=20%;8=20%},,,,,,,,
49020,491,20,,,{10=30%;9=30%},,,,,,,,
49021,491,21,,,{28=1500;12=2000},,,,,,,,
49022,491,22,,,{14=1000;25=2000},,,,,,,,
49023,491,23,,,{17=2000;19=2000},,,,,,,,
49024,491,24,,,{15=2000;21=3000},,,,,,,,
50002,501,2,,,{7=80;8=80},,,,,,,,
50003,501,3,,,{25=200},,,,,,,,
50004,501,4,,,{7=6%;8=6%},,,,,,,,
50005,501,5,,,{1=6%},,,,,,,,
50006,501,6,,,{10=6%;9=6%},,,,,,,,
50007,501,7,,,{28=400},,,\nMở khóa kỹ năng bị động giảm sát thương PVP,Buka kunci kemahiran pasif untuk mengurangkan kerosakan PVP,Buka skill pasif untuk mengurangi damage PVP,ปลดล็อกสกิลพาสซีฟเพื่อลดความเสียหายในการต่อสู้ PVP,Unlock passive skill to reduce PVP damage,I-unlock ang passive skill na nagpapababa ng PVP damage
50008,501,8,,,{1=12%},,,,,,,,
50009,501,9,,,{7=12%;8=12%},,,,,,,,
50010,501,10,,,{28=800},,,\nMở khóa kỹ năng bị động tăng sát thương PVP,Buka kunci kemahiran pasif untuk meningkatkan kerosakan PVP,Buka skill pasif untuk meningkatkan damage PVP,ปลดล็อกสกิลพาสซีฟเพื่อเพิ่มความเสียหายในการต่อสู้ PVP,Unlock passive skill to increase PVP damage,I-unlock ang passive skill na nagpapataas ng PVP damage
50011,501,11,,,{22=1200},,,,,,,,
50012,501,12,,,{23=1200},,,,,,,,
50013,501,13,,,{10=20%;9=20%},,,,,,,,
50014,501,14,,,{28=10%;12=15%},,,,,,,,
50015,501,15,,,{14=1500;25=1000},,,,,,,,
50016,501,16,,,{17=1500;19=1000},,,,,,,,
50017,501,17,,,{14=1000;21=1500},,,,,,,,
50018,501,18,,,{1=20%;30=2000},,,,,,,,
50019,501,19,,,{7=20%;8=20%},,,,,,,,
50020,501,20,,,{10=30%;9=30%},,,,,,,,
50021,501,21,,,{28=1500;12=2000},,,,,,,,
50022,501,22,,,{14=1000;25=2000},,,,,,,,
50023,501,23,,,{17=2000;19=2000},,,,,,,,
50024,501,24,,,{15=2000;21=3000},,,,,,,,
54002,541,2,,,{1=300},,,,,,,,
54003,541,3,,,{25=200},,,,,,,,
54004,541,4,,,{10=5%;9=5%},,,,,,,,
54005,541,5,,,{1=5%},,,,,,,,
54006,541,6,,,{7=5%;8=5%},,,,,,,,
54007,541,7,,,{91=300},,,\nMở khóa kỹ năng bị động giảm sát thương PVP,Buka kunci kemahiran pasif untuk mengurangkan kerosakan PVP,Buka skill pasif untuk mengurangi damage PVP,ปลดล็อกสกิลพาสซีฟเพื่อลดความเสียหายในการต่อสู้ PVP,Unlock passive skill to reduce PVP damage,I-unlock ang passive skill na nagpapababa ng PVP damage
54008,541,8,,,{1=10%},,,,,,,,
54009,541,9,,,{10=10%;9=10%},,,,,,,,
54010,541,10,,,{91=600},,,\nMở khóa kỹ năng bị động tăng sát thương PVP,Buka kunci kemahiran pasif untuk meningkatkan kerosakan PVP,Buka skill pasif untuk meningkatkan damage PVP,ปลดล็อกสกิลพาสซีฟเพื่อเพิ่มความเสียหายในการต่อสู้ PVP,Unlock passive skill to increase PVP damage,I-unlock ang passive skill na nagpapataas ng PVP damage
54011,541,11,,,{22=1000},,,,,,,,
54012,541,12,,,{23=1000},,,,,,,,
54013,541,13,,,{10=20%;9=20%},,,,,,,,
54014,541,14,,,{28=10%;12=15%},,,,,,,,
54015,541,15,,,{14=1500;25=1000},,,,,,,,
54016,541,16,,,{17=1500;19=1000},,,,,,,,
54017,541,17,,,{14=1000;21=1500},,,,,,,,
54018,541,18,,,{1=20%;30=2000},,,,,,,,
54019,541,19,,,{7=20%;8=20%},,,,,,,,
54020,541,20,,,{10=30%;9=30%},,,,,,,,
54021,541,21,,,{28=1500;12=2000},,,,,,,,
54022,541,22,,,{14=1000;25=2000},,,,,,,,
54023,541,23,,,{17=2000;19=2000},,,,,,,,
54024,541,24,,,{15=2000;21=3000},,,,,,,,
55002,551,2,,,{1=300},,,,,,,,
55003,551,3,,,{25=200},,,,,,,,
55004,551,4,,,{10=5%;9=5%},,,,,,,,
55005,551,5,,,{1=5%},,,,,,,,
55006,551,6,,,{7=5%;8=5%},,,,,,,,
55007,551,7,,,{91=300},,,\nMở khóa kỹ năng bị động giảm sát thương PVP,Buka kunci kemahiran pasif untuk mengurangkan kerosakan PVP,Buka skill pasif untuk mengurangi damage PVP,ปลดล็อกสกิลพาสซีฟเพื่อลดความเสียหายในการต่อสู้ PVP,Unlock passive skill to reduce PVP damage,I-unlock ang passive skill na nagpapababa ng PVP damage
55008,551,8,,,{1=10%},,,,,,,,
55009,551,9,,,{10=10%;9=10%},,,,,,,,
55010,551,10,,,{91=600},,,\nMở khóa kỹ năng bị động tăng sát thương PVP,Buka kunci kemahiran pasif untuk meningkatkan kerosakan PVP,Buka skill pasif untuk meningkatkan damage PVP,ปลดล็อกสกิลพาสซีฟเพื่อเพิ่มความเสียหายในการต่อสู้ PVP,Unlock passive skill to increase PVP damage,I-unlock ang passive skill na nagpapataas ng PVP damage
55011,551,11,,,{22=1000},,,,,,,,
55012,551,12,,,{23=1000},,,,,,,,
55013,551,13,,,{10=20%;9=20%},,,,,,,,
55014,551,14,,,{28=10%;12=15%},,,,,,,,
55015,551,15,,,{14=1500;25=1000},,,,,,,,
55016,551,16,,,{17=1500;19=1000},,,,,,,,
55017,551,17,,,{14=1000;21=1500},,,,,,,,
55018,551,18,,,{1=20%;30=2000},,,,,,,,
55019,551,19,,,{7=20%;8=20%},,,,,,,,
55020,551,20,,,{10=30%;9=30%},,,,,,,,
55021,551,21,,,{28=1500;12=2000},,,,,,,,
55022,551,22,,,{14=1000;25=2000},,,,,,,,
55023,551,23,,,{17=2000;19=2000},,,,,,,,
55024,551,24,,,{15=2000;21=3000},,,,,,,,
57002,571,2,,,{7=120;8=120},,,,,,,,
57003,571,3,,,{24=300},,,,,,,,
57004,571,4,,,{7=8%;8=8%},,,,,,,,
57005,571,5,,,{1=8%},,,,,,,,
57006,571,6,,,{10=8%;9=8%},,,,,,,,
57007,571,7,,,{16=500},,,\nMở khóa kỹ năng bị động tăng sát thương PVP,Buka kunci kemahiran pasif untuk meningkatkan kerosakan PVP,Buka skill pasif untuk meningkatkan damage PVP,ปลดล็อกสกิลพาสซีฟเพื่อเพิ่มความเสียหายในการต่อสู้ PVP,Unlock passive skill to increase PVP damage,I-unlock ang passive skill na nagpapataas ng PVP damage
57008,571,8,,,{1=15%},,,,,,,,
57009,571,9,,,{7=15%;8=15%},,,,,,,,
57010,571,10,,,{16=1000},,,\nMở khóa kỹ năng bị động giảm sát thương PVP,Buka kunci kemahiran pasif untuk mengurangkan kerosakan PVP,Buka skill pasif untuk mengurangi damage PVP,ปลดล็อกสกิลพาสซีฟเพื่อลดความเสียหายในการต่อสู้ PVP,Unlock passive skill to reduce PVP damage,I-unlock ang passive skill na nagpapababa ng PVP damage
57011,571,11,,,{22=1500},,,,,,,,
57012,571,12,,,{23=1500},,,,,,,,
57013,571,13,,,{10=20%;9=20%},,,,,,,,
57014,571,14,,,{28=10%;12=15%},,,,,,,,
57015,571,15,,,{14=1500;25=1000},,,,,,,,
57016,571,16,,,{17=1500;19=1000},,,,,,,,
57017,571,17,,,{14=1000;21=1500},,,,,,,,
57018,571,18,,,{1=20%;30=2000},,,,,,,,
57019,571,19,,,{7=20%;8=20%},,,,,,,,
57020,571,20,,,{10=30%;9=30%},,,,,,,,
57021,571,21,,,{28=1500;12=2000},,,,,,,,
57022,571,22,,,{14=1000;25=2000},,,,,,,,
57023,571,23,,,{17=2000;19=2000},,,,,,,,
57024,571,24,,,{15=2000;21=3000},,,,,,,,
59002,591,2,,,{7=80;8=80},,,,,,,,
59003,591,3,,,{24=200},,,,,,,,
59004,591,4,,,{7=6%;8=6%},,,,,,,,
59005,591,5,,,{1=6%},,,,,,,,
59006,591,6,,,{7=6%;8=6%},,,,,,,,
59007,591,7,,,{24=400},,,\nMở khóa kỹ năng bị động tăng sát thương PVP,Buka kunci kemahiran pasif untuk meningkatkan kerosakan PVP,Buka skill pasif untuk meningkatkan damage PVP,ปลดล็อกสกิลพาสซีฟเพื่อเพิ่มความเสียหายในการต่อสู้ PVP,Unlock passive skill to increase PVP damage,I-unlock ang passive skill na nagpapataas ng PVP damage
59008,591,8,,,{1=12%},,,,,,,,
59009,591,9,,,{7=12%;8=12%},,,,,,,,
59010,591,10,,,{24=800},,,\nMở khóa kỹ năng bị động giảm sát thương PVP,Buka kunci kemahiran pasif untuk mengurangkan kerosakan PVP,Buka skill pasif untuk mengurangi damage PVP,ปลดล็อกสกิลพาสซีฟเพื่อลดความเสียหายในการต่อสู้ PVP,Unlock passive skill to reduce PVP damage,I-unlock ang passive skill na nagpapababa ng PVP damage
59011,591,11,,,{22=1200},,,,,,,,
59012,591,12,,,{23=1200},,,,,,,,
59013,591,13,,,{10=20%;9=20%},,,,,,,,
59014,591,14,,,{28=10%;12=15%},,,,,,,,
59015,591,15,,,{14=1500;25=1000},,,,,,,,
59016,591,16,,,{17=1500;19=1000},,,,,,,,
59017,591,17,,,{14=1000;21=1500},,,,,,,,
59018,591,18,,,{1=20%;30=2000},,,,,,,,
59019,591,19,,,{7=20%;8=20%},,,,,,,,
59020,591,20,,,{10=30%;9=30%},,,,,,,,
59021,591,21,,,{28=1500;12=2000},,,,,,,,
59022,591,22,,,{14=1000;25=2000},,,,,,,,
59023,591,23,,,{17=2000;19=2000},,,,,,,,
59024,591,24,,,{15=2000;21=3000},,,,,,,,
60002,601,2,,,{7=80;8=80},,,,,,,,
60003,601,3,,,{24=200},,,,,,,,
60004,601,4,,,{7=6%;8=6%},,,,,,,,
60005,601,5,,,{1=6%},,,,,,,,
60006,601,6,,,{7=6%;8=6%},,,,,,,,
60007,601,7,,,{14=400},,,\nMở khóa kỹ năng bị động tăng sát thương PVP,Buka kunci kemahiran pasif untuk meningkatkan kerosakan PVP,Buka skill pasif untuk meningkatkan damage PVP,ปลดล็อกสกิลพาสซีฟเพื่อเพิ่มความเสียหายในการต่อสู้ PVP,Unlock passive skill to increase PVP damage,I-unlock ang passive skill na nagpapataas ng PVP damage
60008,601,8,,,{1=12%},,,,,,,,
60009,601,9,,,{7=12%;8=12%},,,,,,,,
60010,601,10,,,{14=800},,,\nMở khóa kỹ năng bị động giảm sát thương PVP,Buka kunci kemahiran pasif untuk mengurangkan kerosakan PVP,Buka skill pasif untuk mengurangi damage PVP,ปลดล็อกสกิลพาสซีฟเพื่อลดความเสียหายในการต่อสู้ PVP,Unlock passive skill to reduce PVP damage,I-unlock ang passive skill na nagpapababa ng PVP damage
60011,601,11,,,{22=1200},,,,,,,,
60012,601,12,,,{23=1200},,,,,,,,
60013,601,13,,,{10=20%;9=20%},,,,,,,,
60014,601,14,,,{28=10%;12=15%},,,,,,,,
60015,601,15,,,{14=1500;25=1000},,,,,,,,
60016,601,16,,,{17=1500;19=1000},,,,,,,,
60017,601,17,,,{14=1000;21=1500},,,,,,,,
60018,601,18,,,{1=20%;30=2000},,,,,,,,
60019,601,19,,,{7=20%;8=20%},,,,,,,,
60020,601,20,,,{10=30%;9=30%},,,,,,,,
60021,601,21,,,{28=1500;12=2000},,,,,,,,
60022,601,22,,,{14=1000;25=2000},,,,,,,,
60023,601,23,,,{17=2000;19=2000},,,,,,,,
60024,601,24,,,{15=2000;21=3000},,,,,,,,
61002,611,2,,,{7=80;8=80},,,,,,,,
61003,611,3,,,{24=200},,,,,,,,
61004,611,4,,,{7=6%;8=6%},,,,,,,,
61005,611,5,,,{1=6%},,,,,,,,
61006,611,6,,,{7=6%;8=6%},,,,,,,,
61007,611,7,,,{24=400},,,\nMở khóa kỹ năng bị động tăng sát thương PVP,Buka kunci kemahiran pasif untuk meningkatkan kerosakan PVP,Buka skill pasif untuk meningkatkan damage PVP,ปลดล็อกสกิลพาสซีฟเพื่อเพิ่มความเสียหายในการต่อสู้ PVP,Unlock passive skill to increase PVP damage,I-unlock ang passive skill na nagpapataas ng PVP damage
61008,611,8,,,{1=12%},,,,,,,,
61009,611,9,,,{7=12%;8=12%},,,,,,,,
61010,611,10,,,{24=800},,,\nMở khóa kỹ năng bị động giảm sát thương PVP,Buka kunci kemahiran pasif untuk mengurangkan kerosakan PVP,Buka skill pasif untuk mengurangi damage PVP,ปลดล็อกสกิลพาสซีฟเพื่อลดความเสียหายในการต่อสู้ PVP,Unlock passive skill to reduce PVP damage,I-unlock ang passive skill na nagpapababa ng PVP damage
61011,611,11,,,{22=1200},,,,,,,,
61012,611,12,,,{23=1200},,,,,,,,
61013,611,13,,,{10=20%;9=20%},,,,,,,,
61014,611,14,,,{28=10%;12=15%},,,,,,,,
61015,611,15,,,{14=1500;25=1000},,,,,,,,
61016,611,16,,,{17=1500;19=1000},,,,,,,,
61017,611,17,,,{14=1000;21=1500},,,,,,,,
61018,611,18,,,{1=20%;30=2000},,,,,,,,
61019,611,19,,,{7=20%;8=20%},,,,,,,,
61020,611,20,,,{10=30%;9=30%},,,,,,,,
61021,611,21,,,{28=1500;12=2000},,,,,,,,
61022,611,22,,,{14=1000;25=2000},,,,,,,,
61023,611,23,,,{17=2000;19=2000},,,,,,,,
61024,611,24,,,{15=2000;21=3000},,,,,,,,
63002,631,2,,,{7=80;8=80},,,,,,,,
63003,631,3,,,{24=200},,,,,,,,
63004,631,4,,,{7=6%;8=6%},,,,,,,,
63005,631,5,,,{1=6%},,,,,,,,
63006,631,6,,,{7=6%;8=6%},,,,,,,,
63007,631,7,,,{15=600},,,\nMở khóa kỹ năng bị động tăng sát thương PVP,Buka kunci kemahiran pasif untuk meningkatkan kerosakan PVP,Buka skill pasif untuk meningkatkan damage PVP,ปลดล็อกสกิลพาสซีฟเพื่อเพิ่มความเสียหายในการต่อสู้ PVP,Unlock passive skill to increase PVP damage,I-unlock ang passive skill na nagpapataas ng PVP damage
63008,631,8,,,{1=12%},,,,,,,,
63009,631,9,,,{7=12%;8=12%},,,,,,,,
63010,631,10,,,{15=1200},,,\nMở khóa kỹ năng bị động giảm sát thương PVP,Buka kunci kemahiran pasif untuk mengurangkan kerosakan PVP,Buka skill pasif untuk mengurangi damage PVP,ปลดล็อกสกิลพาสซีฟเพื่อลดความเสียหายในการต่อสู้ PVP,Unlock passive skill to reduce PVP damage,I-unlock ang passive skill na nagpapababa ng PVP damage
63011,631,11,,,{22=1200},,,,,,,,
63012,631,12,,,{23=1200},,,,,,,,
63013,631,13,,,{10=20%;9=20%},,,,,,,,
63014,631,14,,,{28=10%;12=15%},,,,,,,,
63015,631,15,,,{14=1500;25=1000},,,,,,,,
63016,631,16,,,{17=1500;19=1000},,,,,,,,
63017,631,17,,,{14=1000;21=1500},,,,,,,,
63018,631,18,,,{1=20%;30=2000},,,,,,,,
63019,631,19,,,{7=20%;8=20%},,,,,,,,
63020,631,20,,,{10=30%;9=30%},,,,,,,,
63021,631,21,,,{28=1500;12=2000},,,,,,,,
63022,631,22,,,{14=1000;25=2000},,,,,,,,
63023,631,23,,,{17=2000;19=2000},,,,,,,,
63024,631,24,,,{15=2000;21=3000},,,,,,,,
64002,641,2,,,{10=80;9=80},,,,,,,,
64003,641,3,,,{25=200},,,,,,,,
64004,641,4,,,{10=6%;9=6%},,,,,,,,
64005,641,5,,,{1=6%},,,,,,,,
64006,641,6,,,{10=6%;9=6%},,,,,,,,
64007,641,7,,,{25=400},,,\nMở khóa kỹ năng bị động giảm sát thương PVP,Buka kunci kemahiran pasif untuk mengurangkan kerosakan PVP,Buka skill pasif untuk mengurangi damage PVP,ปลดล็อกสกิลพาสซีฟเพื่อลดความเสียหายในการต่อสู้ PVP,Unlock passive skill to reduce PVP damage,I-unlock ang passive skill na nagpapababa ng PVP damage
64008,641,8,,,{1=12%},,,,,,,,
64009,641,9,,,{10=12%;9=12%},,,,,,,,
64010,641,10,,,{25=800},,,\nMở khóa kỹ năng bị động tăng sát thương PVP,Buka kunci kemahiran pasif untuk meningkatkan kerosakan PVP,Buka skill pasif untuk meningkatkan damage PVP,ปลดล็อกสกิลพาสซีฟเพื่อเพิ่มความเสียหายในการต่อสู้ PVP,Unlock passive skill to increase PVP damage,I-unlock ang passive skill na nagpapataas ng PVP damage
64011,641,11,,,{22=1200},,,,,,,,
64012,641,12,,,{23=1200},,,,,,,,
64013,641,13,,,{10=20%;9=20%},,,,,,,,
64014,641,14,,,{28=10%;12=15%},,,,,,,,
64015,641,15,,,{14=1500;25=1000},,,,,,,,
64016,641,16,,,{17=1500;19=1000},,,,,,,,
64017,641,17,,,{14=1000;21=1500},,,,,,,,
64018,641,18,,,{1=20%;30=2000},,,,,,,,
64019,641,19,,,{7=20%;8=20%},,,,,,,,
64020,641,20,,,{10=30%;9=30%},,,,,,,,
64021,641,21,,,{28=1500;12=2000},,,,,,,,
64022,641,22,,,{14=1000;25=2000},,,,,,,,
64023,641,23,,,{17=2000;19=2000},,,,,,,,
64024,641,24,,,{15=2000;21=3000},,,,,,,,
69002,691,2,,,{10=80;9=80},,,,,,,,
69003,691,3,,,{25=200},,,,,,,,
69004,691,4,,,{10=5%;9=5%},,,,,,,,
69005,691,5,,,{1=5%},,,,,,,,
69006,691,6,,,{10=5%;9=5%},,,,,,,,
69007,691,7,,,{11=300},,,\nMở khóa kỹ năng bị động giảm sát thương PVP,Buka kunci kemahiran pasif untuk mengurangkan kerosakan PVP,Buka skill pasif untuk mengurangi damage PVP,ปลดล็อกสกิลพาสซีฟเพื่อลดความเสียหายในการต่อสู้ PVP,Unlock passive skill to reduce PVP damage,I-unlock ang passive skill na nagpapababa ng PVP damage
69008,691,8,,,{1=10%},,,,,,,,
69009,691,9,,,{10=10%;9=10%},,,,,,,,
69010,691,10,,,{11=600},,,\nMở khóa kỹ năng bị động tăng sát thương PVP,Buka kunci kemahiran pasif untuk meningkatkan kerosakan PVP,Buka skill pasif untuk meningkatkan damage PVP,ปลดล็อกสกิลพาสซีฟเพื่อเพิ่มความเสียหายในการต่อสู้ PVP,Unlock passive skill to increase PVP damage,I-unlock ang passive skill na nagpapataas ng PVP damage
69011,691,11,,,{22=1000},,,,,,,,
69012,691,12,,,{23=1000},,,,,,,,
69013,691,13,,,{10=20%;9=20%},,,,,,,,
69014,691,14,,,{28=10%;12=15%},,,,,,,,
69015,691,15,,,{14=1500;25=1000},,,,,,,,
69016,691,16,,,{17=1500;19=1000},,,,,,,,
69017,691,17,,,{14=1000;21=1500},,,,,,,,
69018,691,18,,,{1=20%;30=2000},,,,,,,,
69019,691,19,,,{7=20%;8=20%},,,,,,,,
69020,691,20,,,{10=30%;9=30%},,,,,,,,
69021,691,21,,,{28=1500;12=2000},,,,,,,,
69022,691,22,,,{14=1000;25=2000},,,,,,,,
69023,691,23,,,{17=2000;19=2000},,,,,,,,
69024,691,24,,,{15=2000;21=3000},,,,,,,,
70002,701,2,,,{7=120;8=120},,,,,,,,
70003,701,3,,,{24=300},,,,,,,,
70004,701,4,,,{7=8%;8=8%},,,,,,,,
70005,701,5,,,{1=8%},,,,,,,,
70006,701,6,,,{10=8%;9=8%},,,,,,,,
70007,701,7,,,{16=500},,,\nMở khóa kỹ năng bị động tăng sát thương PVP,Buka kunci kemahiran pasif untuk meningkatkan kerosakan PVP,Buka skill pasif untuk meningkatkan damage PVP,ปลดล็อกสกิลพาสซีฟเพื่อเพิ่มความเสียหายในการต่อสู้ PVP,Unlock passive skill to increase PVP damage,I-unlock ang passive skill na nagpapataas ng PVP damage
70008,701,8,,,{1=15%},,,,,,,,
70009,701,9,,,{7=15%;8=15%},,,,,,,,
70010,701,10,,,{16=1000},,,\nMở khóa kỹ năng bị động giảm sát thương PVP,Buka kunci kemahiran pasif untuk mengurangkan kerosakan PVP,Buka skill pasif untuk mengurangi damage PVP,ปลดล็อกสกิลพาสซีฟเพื่อลดความเสียหายในการต่อสู้ PVP,Unlock passive skill to reduce PVP damage,I-unlock ang passive skill na nagpapababa ng PVP damage
70011,701,11,,,{22=1500},,,,,,,,
70012,701,12,,,{23=1500},,,,,,,,
70013,701,13,,,{10=20%;9=20%},,,,,,,,
70014,701,14,,,{28=10%;12=15%},,,,,,,,
70015,701,15,,,{14=1500;25=1000},,,,,,,,
70016,701,16,,,{17=1500;19=1000},,,,,,,,
70017,701,17,,,{14=1000;21=1500},,,,,,,,
70018,701,18,,,{1=20%;30=2000},,,,,,,,
70019,701,19,,,{7=20%;8=20%},,,,,,,,
70020,701,20,,,{10=30%;9=30%},,,,,,,,
70021,701,21,,,{28=1500;12=2000},,,,,,,,
70022,701,22,,,{14=1000;25=2000},,,,,,,,
70023,701,23,,,{17=2000;19=2000},,,,,,,,
70024,701,24,,,{15=2000;21=3000},,,,,,,,
71002,711,2,,,{10=80;9=80},,,,,,,,
71003,711,3,,,{25=200},,,,,,,,
71004,711,4,,,{10=6%;9=6%},,,,,,,,
71005,711,5,,,{1=6%},,,,,,,,
71006,711,6,,,{10=6%;9=6%},,,,,,,,
71007,711,7,,,{27=400},,,\nMở khóa kỹ năng bị động giảm sát thương PVP,Buka kunci kemahiran pasif untuk mengurangkan kerosakan PVP,Buka skill pasif untuk mengurangi damage PVP,ปลดล็อกสกิลพาสซีฟเพื่อลดความเสียหายในการต่อสู้ PVP,Unlock passive skill to reduce PVP damage,I-unlock ang passive skill na nagpapababa ng PVP damage
71008,711,8,,,{1=12%},,,,,,,,
71009,711,9,,,{10=12%;9=12%},,,,,,,,
71010,711,10,,,{27=800},,,\nMở khóa kỹ năng bị động tăng sát thương PVP,Buka kunci kemahiran pasif untuk meningkatkan kerosakan PVP,Buka skill pasif untuk meningkatkan damage PVP,ปลดล็อกสกิลพาสซีฟเพื่อเพิ่มความเสียหายในการต่อสู้ PVP,Unlock passive skill to increase PVP damage,I-unlock ang passive skill na nagpapataas ng PVP damage
71011,711,11,,,{22=1200},,,,,,,,
71012,711,12,,,{23=1200},,,,,,,,
71013,711,13,,,{10=20%;9=20%},,,,,,,,
71014,711,14,,,{28=10%;12=15%},,,,,,,,
71015,711,15,,,{14=1500;25=1000},,,,,,,,
71016,711,16,,,{17=1500;19=1000},,,,,,,,
71017,711,17,,,{14=1000;21=1500},,,,,,,,
71018,711,18,,,{1=20%;30=2000},,,,,,,,
71019,711,19,,,{7=20%;8=20%},,,,,,,,
71020,711,20,,,{10=30%;9=30%},,,,,,,,
71021,711,21,,,{28=1500;12=2000},,,,,,,,
71022,711,22,,,{14=1000;25=2000},,,,,,,,
71023,711,23,,,{17=2000;19=2000},,,,,,,,
71024,711,24,,,{15=2000;21=3000},,,,,,,,
72002,721,2,,,{7=120;8=120},,,,,,,,
72003,721,3,,,{24=300},,,,,,,,
72004,721,4,,,{7=8%;8=8%},,,,,,,,
72005,721,5,,,{1=8%},,,,,,,,
72006,721,6,,,{7=8%;8=8%},,,,,,,,
72007,721,7,,,{24=500},,,\nMở khóa kỹ năng bị động tăng sát thương PVP,Buka kunci kemahiran pasif untuk meningkatkan kerosakan PVP,Buka skill pasif untuk meningkatkan damage PVP,ปลดล็อกสกิลพาสซีฟเพื่อเพิ่มความเสียหายในการต่อสู้ PVP,Unlock passive skill to increase PVP damage,I-unlock ang passive skill na nagpapataas ng PVP damage
72008,721,8,,,{1=15%},,,,,,,,
72009,721,9,,,{7=15%;8=15%},,,,,,,,
72010,721,10,,,{24=1000},,,\nMở khóa kỹ năng bị động giảm sát thương PVP,Buka kunci kemahiran pasif untuk mengurangkan kerosakan PVP,Buka skill pasif untuk mengurangi damage PVP,ปลดล็อกสกิลพาสซีฟเพื่อลดความเสียหายในการต่อสู้ PVP,Unlock passive skill to reduce PVP damage,I-unlock ang passive skill na nagpapababa ng PVP damage
72011,721,11,,,{22=1500},,,,,,,,
72012,721,12,,,{23=1500},,,,,,,,
72013,721,13,,,{10=20%;9=20%},,,,,,,,
72014,721,14,,,{28=10%;12=15%},,,,,,,,
72015,721,15,,,{14=1500;25=1000},,,,,,,,
72016,721,16,,,{17=1500;19=1000},,,,,,,,
72017,721,17,,,{14=1000;21=1500},,,,,,,,
72018,721,18,,,{1=20%;30=2000},,,,,,,,
72019,721,19,,,{7=20%;8=20%},,,,,,,,
72020,721,20,,,{10=30%;9=30%},,,,,,,,
72021,721,21,,,{28=1500;12=2000},,,,,,,,
72022,721,22,,,{14=1000;25=2000},,,,,,,,
72023,721,23,,,{17=2000;19=2000},,,,,,,,
72024,721,24,,,{15=2000;21=3000},,,,,,,,
73002,731,2,,,{7=80;8=80},,,,,,,,
73003,731,3,,,{24=200},,,,,,,,
73004,731,4,,,{7=6%;8=6%},,,,,,,,
73005,731,5,,,{1=6%},,,,,,,,
73006,731,6,,,{7=6%;8=6%},,,,,,,,
73007,731,7,,,{5=400},,,\nMở khóa kỹ năng bị động tăng sát thương PVP,Buka kunci kemahiran pasif untuk meningkatkan kerosakan PVP,Buka skill pasif untuk meningkatkan damage PVP,ปลดล็อกสกิลพาสซีฟเพื่อเพิ่มความเสียหายในการต่อสู้ PVP,Unlock passive skill to increase PVP damage,I-unlock ang passive skill na nagpapataas ng PVP damage
73008,731,8,,,{1=12%},,,,,,,,
73009,731,9,,,{7=12%;8=12%},,,,,,,,
73010,731,10,,,{5=800},,,\nMở khóa kỹ năng bị động giảm sát thương PVP,Buka kunci kemahiran pasif untuk mengurangkan kerosakan PVP,Buka skill pasif untuk mengurangi damage PVP,ปลดล็อกสกิลพาสซีฟเพื่อลดความเสียหายในการต่อสู้ PVP,Unlock passive skill to reduce PVP damage,I-unlock ang passive skill na nagpapababa ng PVP damage
73011,731,11,,,{22=1200},,,,,,,,
73012,731,12,,,{23=1200},,,,,,,,
73013,731,13,,,{10=20%;9=20%},,,,,,,,
73014,731,14,,,{28=10%;12=15%},,,,,,,,
73015,731,15,,,{14=1500;25=1000},,,,,,,,
73016,731,16,,,{17=1500;19=1000},,,,,,,,
73017,731,17,,,{14=1000;21=1500},,,,,,,,
73018,731,18,,,{1=20%;30=2000},,,,,,,,
73019,731,19,,,{7=20%;8=20%},,,,,,,,
73020,731,20,,,{10=30%;9=30%},,,,,,,,
73021,731,21,,,{28=1500;12=2000},,,,,,,,
73022,731,22,,,{14=1000;25=2000},,,,,,,,
73023,731,23,,,{17=2000;19=2000},,,,,,,,
73024,731,24,,,{15=2000;21=3000},,,,,,,,
74002,741,2,,,{7=80;8=80},,,,,,,,
74003,741,3,,,{24=200},,,,,,,,
74004,741,4,,,{7=6%;8=6%},,,,,,,,
74005,741,5,,,{1=6%},,,,,,,,
74006,741,6,,,{7=6%;8=6%},,,,,,,,
74007,741,7,,,{14=400},,,\nMở khóa kỹ năng bị động tăng sát thương PVP,Buka kunci kemahiran pasif untuk meningkatkan kerosakan PVP,Buka skill pasif untuk meningkatkan damage PVP,ปลดล็อกสกิลพาสซีฟเพื่อเพิ่มความเสียหายในการต่อสู้ PVP,Unlock passive skill to increase PVP damage,I-unlock ang passive skill na nagpapataas ng PVP damage
74008,741,8,,,{1=12%},,,,,,,,
74009,741,9,,,{7=12%;8=12%},,,,,,,,
74010,741,10,,,{14=800},,,\nMở khóa kỹ năng bị động giảm sát thương PVP,Buka kunci kemahiran pasif untuk mengurangkan kerosakan PVP,Buka skill pasif untuk mengurangi damage PVP,ปลดล็อกสกิลพาสซีฟเพื่อลดความเสียหายในการต่อสู้ PVP,Unlock passive skill to reduce PVP damage,I-unlock ang passive skill na nagpapababa ng PVP damage
74011,741,11,,,{22=1200},,,,,,,,
74012,741,12,,,{23=1200},,,,,,,,
74013,741,13,,,{10=20%;9=20%},,,,,,,,
74014,741,14,,,{28=10%;12=15%},,,,,,,,
74015,741,15,,,{14=1500;25=1000},,,,,,,,
74016,741,16,,,{17=1500;19=1000},,,,,,,,
74017,741,17,,,{14=1000;21=1500},,,,,,,,
74018,741,18,,,{1=20%;30=2000},,,,,,,,
74019,741,19,,,{7=20%;8=20%},,,,,,,,
74020,741,20,,,{10=30%;9=30%},,,,,,,,
74021,741,21,,,{28=1500;12=2000},,,,,,,,
74022,741,22,,,{14=1000;25=2000},,,,,,,,
74023,741,23,,,{17=2000;19=2000},,,,,,,,
74024,741,24,,,{15=2000;21=3000},,,,,,,,
75002,751,2,,,{7=80;8=80},,,,,,,,
75003,751,3,,,{24=200},,,,,,,,
75004,751,4,,,{7=6%;8=6%},,,,,,,,
75005,751,5,,,{1=6%},,,,,,,,
75006,751,6,,,{7=6%;8=6%},,,,,,,,
75007,751,7,,,{11=400},,,\nMở khóa kỹ năng bị động tăng sát thương PVP,Buka kunci kemahiran pasif untuk meningkatkan kerosakan PVP,Buka skill pasif untuk meningkatkan damage PVP,ปลดล็อกสกิลพาสซีฟเพื่อเพิ่มความเสียหายในการต่อสู้ PVP,Unlock passive skill to increase PVP damage,I-unlock ang passive skill na nagpapataas ng PVP damage
75008,751,8,,,{1=12%},,,,,,,,
75009,751,9,,,{7=12%;8=12%},,,,,,,,
75010,751,10,,,{11=800},,,\nMở khóa kỹ năng bị động giảm sát thương PVP,Buka kunci kemahiran pasif untuk mengurangkan kerosakan PVP,Buka skill pasif untuk mengurangi damage PVP,ปลดล็อกสกิลพาสซีฟเพื่อลดความเสียหายในการต่อสู้ PVP,Unlock passive skill to reduce PVP damage,I-unlock ang passive skill na nagpapababa ng PVP damage
75011,751,11,,,{22=1200},,,,,,,,
75012,751,12,,,{23=1200},,,,,,,,
75013,751,13,,,{10=20%;9=20%},,,,,,,,
75014,751,14,,,{28=10%;12=15%},,,,,,,,
75015,751,15,,,{14=1500;25=1000},,,,,,,,
75016,751,16,,,{17=1500;19=1000},,,,,,,,
75017,751,17,,,{14=1000;21=1500},,,,,,,,
75018,751,18,,,{1=20%;30=2000},,,,,,,,
75019,751,19,,,{7=20%;8=20%},,,,,,,,
75020,751,20,,,{10=30%;9=30%},,,,,,,,
75021,751,21,,,{28=1500;12=2000},,,,,,,,
75022,751,22,,,{14=1000;25=2000},,,,,,,,
75023,751,23,,,{17=2000;19=2000},,,,,,,,
75024,751,24,,,{15=2000;21=3000},,,,,,,,
76002,761,2,,,{7=120;8=120},,,,,,,,
76003,761,3,,,{24=300},,,,,,,,
76004,761,4,,,{7=8%;8=8%},,,,,,,,
76005,761,5,,,{1=8%},,,,,,,,
76006,761,6,,,{7=8%;8=8%},,,,,,,,
76007,761,7,,,{14=500},,,\nMở khóa kỹ năng bị động tăng sát thương PVP,Buka kunci kemahiran pasif untuk meningkatkan kerosakan PVP,Buka skill pasif untuk meningkatkan damage PVP,ปลดล็อกสกิลพาสซีฟเพื่อเพิ่มความเสียหายในการต่อสู้ PVP,Unlock passive skill to increase PVP damage,I-unlock ang passive skill na nagpapataas ng PVP damage
76008,761,8,,,{1=15%},,,,,,,,
76009,761,9,,,{7=15%;8=15%},,,,,,,,
76010,761,10,,,{14=1000},,,\nMở khóa kỹ năng bị động giảm sát thương PVP,Buka kunci kemahiran pasif untuk mengurangkan kerosakan PVP,Buka skill pasif untuk mengurangi damage PVP,ปลดล็อกสกิลพาสซีฟเพื่อลดความเสียหายในการต่อสู้ PVP,Unlock passive skill to reduce PVP damage,I-unlock ang passive skill na nagpapababa ng PVP damage
76011,761,11,,,{22=1500},,,,,,,,
76012,761,12,,,{23=1500},,,,,,,,
76013,761,13,,,{10=20%;9=20%},,,,,,,,
76014,761,14,,,{28=10%;12=15%},,,,,,,,
76015,761,15,,,{14=1500;25=1000},,,,,,,,
76016,761,16,,,{17=1500;19=1000},,,,,,,,
76017,761,17,,,{14=1000;21=1500},,,,,,,,
76018,761,18,,,{1=20%;30=2000},,,,,,,,
76019,761,19,,,{7=20%;8=20%},,,,,,,,
76020,761,20,,,{10=30%;9=30%},,,,,,,,
76021,761,21,,,{28=1500;12=2000},,,,,,,,
76022,761,22,,,{14=1000;25=2000},,,,,,,,
76023,761,23,,,{17=2000;19=2000},,,,,,,,
76024,761,24,,,{15=2000;21=3000},,,,,,,,
77002,771,2,,,{10=120;9=120},,,,,,,,
77003,771,3,,,{25=300},,,,,,,,
77004,771,4,,,{10=8%;9=8%},,,,,,,,
77005,771,5,,,{1=8%},,,,,,,,
77006,771,6,,,{10=8%;9=8%},,,,,,,,
77007,771,7,,,{17=500},,,\nMở khóa kỹ năng bị động tăng sát thương PVP,Buka kunci kemahiran pasif untuk meningkatkan kerosakan PVP,Buka skill pasif untuk meningkatkan damage PVP,ปลดล็อกสกิลพาสซีฟเพื่อเพิ่มความเสียหายในการต่อสู้ PVP,Unlock passive skill to increase PVP damage,I-unlock ang passive skill na nagpapataas ng PVP damage
77008,771,8,,,{1=15%},,,,,,,,
77009,771,9,,,{10=15%;9=15%},,,,,,,,
77010,771,10,,,{17=1000},,,\nMở khóa kỹ năng bị động giảm sát thương PVP,Buka kunci kemahiran pasif untuk mengurangkan kerosakan PVP,Buka skill pasif untuk mengurangi damage PVP,ปลดล็อกสกิลพาสซีฟเพื่อลดความเสียหายในการต่อสู้ PVP,Unlock passive skill to reduce PVP damage,I-unlock ang passive skill na nagpapababa ng PVP damage
77011,771,11,,,{22=1500},,,,,,,,
77012,771,12,,,{23=1500},,,,,,,,
77013,771,13,,,{10=20%;9=20%},,,,,,,,
77014,771,14,,,{28=10%;12=15%},,,,,,,,
77015,771,15,,,{14=1500;25=1000},,,,,,,,
77016,771,16,,,{17=1500;19=1000},,,,,,,,
77017,771,17,,,{14=1000;21=1500},,,,,,,,
77018,771,18,,,{1=20%;30=2000},,,,,,,,
77019,771,19,,,{7=20%;8=20%},,,,,,,,
77020,771,20,,,{10=30%;9=30%},,,,,,,,
77021,771,21,,,{28=1500;12=2000},,,,,,,,
77022,771,22,,,{14=1000;25=2000},,,,,,,,
77023,771,23,,,{17=2000;19=2000},,,,,,,,
77024,771,24,,,{15=2000;21=3000},,,,,,,,
78002,781,2,,,{7=80;8=80},,,,,,,,
78003,781,3,,,{25=200},,,,,,,,
78004,781,4,,,{7=5%;8=5%},,,,,,,,
78005,781,5,,,{1=5%},,,,,,,,
78006,781,6,,,{10=5%;9=5%},,,,,,,,
78007,781,7,,,{28=300},,,\nMở khóa kỹ năng bị động giảm sát thương PVP,Buka kunci kemahiran pasif untuk mengurangkan kerosakan PVP,Buka skill pasif untuk mengurangi damage PVP,ปลดล็อกสกิลพาสซีฟเพื่อลดความเสียหายในการต่อสู้ PVP,Unlock passive skill to reduce PVP damage,I-unlock ang passive skill na nagpapababa ng PVP damage
78008,781,8,,,{1=10%},,,,,,,,
78009,781,9,,,{7=10%;8=10%},,,,,,,,
78010,781,10,,,{28=600},,,\nMở khóa kỹ năng bị động tăng sát thương PVP,Buka kunci kemahiran pasif untuk meningkatkan kerosakan PVP,Buka skill pasif untuk meningkatkan damage PVP,ปลดล็อกสกิลพาสซีฟเพื่อเพิ่มความเสียหายในการต่อสู้ PVP,Unlock passive skill to increase PVP damage,I-unlock ang passive skill na nagpapataas ng PVP damage
78011,781,11,,,{22=1000},,,,,,,,
78012,781,12,,,{23=1000},,,,,,,,
78013,781,13,,,{10=20%;9=20%},,,,,,,,
78014,781,14,,,{28=10%;12=15%},,,,,,,,
78015,781,15,,,{14=1500;25=1000},,,,,,,,
78016,781,16,,,{17=1500;19=1000},,,,,,,,
78017,781,17,,,{14=1000;21=1500},,,,,,,,
78018,781,18,,,{1=20%;30=2000},,,,,,,,
78019,781,19,,,{7=20%;8=20%},,,,,,,,
78020,781,20,,,{10=30%;9=30%},,,,,,,,
78021,781,21,,,{28=1500;12=2000},,,,,,,,
78022,781,22,,,{14=1000;25=2000},,,,,,,,
78023,781,23,,,{17=2000;19=2000},,,,,,,,
78024,781,24,,,{15=2000;21=3000},,,,,,,,
79002,791,2,,,{7=80;8=80},,,,,,,,
79003,791,3,,,{24=200},,,,,,,,
79004,791,4,,,{7=5%;8=5%},,,,,,,,
79005,791,5,,,{1=5%},,,,,,,,
79006,791,6,,,{7=5%;8=5%},,,,,,,,
79007,791,7,,,{14=300},,,\nMở khóa kỹ năng bị động tăng sát thương PVP,Buka kunci kemahiran pasif untuk meningkatkan kerosakan PVP,Buka skill pasif untuk meningkatkan damage PVP,ปลดล็อกสกิลพาสซีฟเพื่อเพิ่มความเสียหายในการต่อสู้ PVP,Unlock passive skill to increase PVP damage,I-unlock ang passive skill na nagpapataas ng PVP damage
79008,791,8,,,{1=10%},,,,,,,,
79009,791,9,,,{7=10%;8=10%},,,,,,,,
79010,791,10,,,{14=600},,,\nMở khóa kỹ năng bị động giảm sát thương PVP,Buka kunci kemahiran pasif untuk mengurangkan kerosakan PVP,Buka skill pasif untuk mengurangi damage PVP,ปลดล็อกสกิลพาสซีฟเพื่อลดความเสียหายในการต่อสู้ PVP,Unlock passive skill to reduce PVP damage,I-unlock ang passive skill na nagpapababa ng PVP damage
79011,791,11,,,{22=1000},,,,,,,,
79012,791,12,,,{23=1000},,,,,,,,
79013,791,13,,,{10=20%;9=20%},,,,,,,,
79014,791,14,,,{28=10%;12=15%},,,,,,,,
79015,791,15,,,{14=1500;25=1000},,,,,,,,
79016,791,16,,,{17=1500;19=1000},,,,,,,,
79017,791,17,,,{14=1000;21=1500},,,,,,,,
79018,791,18,,,{1=20%;30=2000},,,,,,,,
79019,791,19,,,{7=20%;8=20%},,,,,,,,
79020,791,20,,,{10=30%;9=30%},,,,,,,,
79021,791,21,,,{28=1500;12=2000},,,,,,,,
79022,791,22,,,{14=1000;25=2000},,,,,,,,
79023,791,23,,,{17=2000;19=2000},,,,,,,,
79024,791,24,,,{15=2000;21=3000},,,,,,,,
80002,801,2,,,{7=80;8=80},,,,,,,,
80003,801,3,,,{24=200},,,,,,,,
80004,801,4,,,{7=5%;8=5%},,,,,,,,
80005,801,5,,,{1=5%},,,,,,,,
80006,801,6,,,{7=5%;8=5%},,,,,,,,
80007,801,7,,,{15=450},,,\nMở khóa kỹ năng bị động tăng sát thương PVP,Buka kunci kemahiran pasif untuk meningkatkan kerosakan PVP,Buka skill pasif untuk meningkatkan damage PVP,ปลดล็อกสกิลพาสซีฟเพื่อเพิ่มความเสียหายในการต่อสู้ PVP,Unlock passive skill to increase PVP damage,I-unlock ang passive skill na nagpapataas ng PVP damage
80008,801,8,,,{1=10%},,,,,,,,
80009,801,9,,,{7=10%;8=10%},,,,,,,,
80010,801,10,,,{15=900},,,\nMở khóa kỹ năng bị động giảm sát thương PVP,Buka kunci kemahiran pasif untuk mengurangkan kerosakan PVP,Buka skill pasif untuk mengurangi damage PVP,ปลดล็อกสกิลพาสซีฟเพื่อลดความเสียหายในการต่อสู้ PVP,Unlock passive skill to reduce PVP damage,I-unlock ang passive skill na nagpapababa ng PVP damage
80011,801,11,,,{22=1000},,,,,,,,
80012,801,12,,,{23=1000},,,,,,,,
80013,801,13,,,{10=20%;9=20%},,,,,,,,
80014,801,14,,,{28=10%;12=15%},,,,,,,,
80015,801,15,,,{14=1500;25=1000},,,,,,,,
80016,801,16,,,{17=1500;19=1000},,,,,,,,
80017,801,17,,,{14=1000;21=1500},,,,,,,,
80018,801,18,,,{1=20%;30=2000},,,,,,,,
80019,801,19,,,{7=20%;8=20%},,,,,,,,
80020,801,20,,,{10=30%;9=30%},,,,,,,,
80021,801,21,,,{28=1500;12=2000},,,,,,,,
80022,801,22,,,{14=1000;25=2000},,,,,,,,
80023,801,23,,,{17=2000;19=2000},,,,,,,,
80024,801,24,,,{15=2000;21=3000},,,,,,,,
86002,861,2,,,{7=80;8=80},,,,,,,,
86003,861,3,,,{24=200},,,,,,,,
86004,861,4,,,{7=6%;8=6%},,,,,,,,
86005,861,5,,,{1=6%},,,,,,,,
86006,861,6,,,{7=6%;8=6%},,,,,,,,
86007,861,7,,,{16=400},,,\nMở khóa kỹ năng bị động tăng sát thương PVP,Buka kunci kemahiran pasif untuk meningkatkan kerosakan PVP,Buka skill pasif untuk meningkatkan damage PVP,ปลดล็อกสกิลพาสซีฟเพื่อเพิ่มความเสียหายในการต่อสู้ PVP,Unlock passive skill to increase PVP damage,I-unlock ang passive skill na nagpapataas ng PVP damage
86008,861,8,,,{1=12%},,,,,,,,
86009,861,9,,,{7=12%;8=12%},,,,,,,,
86010,861,10,,,{16=800},,,\nMở khóa kỹ năng bị động giảm sát thương PVP,Buka kunci kemahiran pasif untuk mengurangkan kerosakan PVP,Buka skill pasif untuk mengurangi damage PVP,ปลดล็อกสกิลพาสซีฟเพื่อลดความเสียหายในการต่อสู้ PVP,Unlock passive skill to reduce PVP damage,I-unlock ang passive skill na nagpapababa ng PVP damage
86011,861,11,,,{22=1200},,,,,,,,
86012,861,12,,,{23=1200},,,,,,,,
86013,861,13,,,{10=20%;9=20%},,,,,,,,
86014,861,14,,,{28=10%;12=15%},,,,,,,,
86015,861,15,,,{14=1500;25=1000},,,,,,,,
86016,861,16,,,{17=1500;19=1000},,,,,,,,
86017,861,17,,,{14=1000;21=1500},,,,,,,,
86018,861,18,,,{1=20%;30=2000},,,,,,,,
86019,861,19,,,{7=20%;8=20%},,,,,,,,
86020,861,20,,,{10=30%;9=30%},,,,,,,,
86021,861,21,,,{28=1500;12=2000},,,,,,,,
86022,861,22,,,{14=1000;25=2000},,,,,,,,
86023,861,23,,,{17=2000;19=2000},,,,,,,,
86024,861,24,,,{15=2000;21=3000},,,,,,,,
88002,881,2,,,{1=300},,,,,,,,
88003,881,3,,,{25=200},,,,,,,,
88004,881,4,,,{10=6%;9=6%},,,,,,,,
88005,881,5,,,{1=6%},,,,,,,,
88006,881,6,,,{7=6%;8=6%},,,,,,,,
88007,881,7,,,{5=400},,,\nMở khóa kỹ năng bị động giảm sát thương PVP,Buka kunci kemahiran pasif untuk mengurangkan kerosakan PVP,Buka skill pasif untuk mengurangi damage PVP,ปลดล็อกสกิลพาสซีฟเพื่อลดความเสียหายในการต่อสู้ PVP,Unlock passive skill to reduce PVP damage,I-unlock ang passive skill na nagpapababa ng PVP damage
88008,881,8,,,{1=12%},,,,,,,,
88009,881,9,,,{10=12%;9=12%},,,,,,,,
88010,881,10,,,{5=800},,,\nMở khóa kỹ năng bị động tăng sát thương PVP,Buka kunci kemahiran pasif untuk meningkatkan kerosakan PVP,Buka skill pasif untuk meningkatkan damage PVP,ปลดล็อกสกิลพาสซีฟเพื่อเพิ่มความเสียหายในการต่อสู้ PVP,Unlock passive skill to increase PVP damage,I-unlock ang passive skill na nagpapataas ng PVP damage
88011,881,11,,,{22=1200},,,,,,,,
88012,881,12,,,{23=1200},,,,,,,,
88013,881,13,,,{10=20%;9=20%},,,,,,,,
88014,881,14,,,{28=10%;12=15%},,,,,,,,
88015,881,15,,,{14=1500;25=1000},,,,,,,,
88016,881,16,,,{17=1500;19=1000},,,,,,,,
88017,881,17,,,{14=1000;21=1500},,,,,,,,
88018,881,18,,,{1=20%;30=2000},,,,,,,,
88019,881,19,,,{7=20%;8=20%},,,,,,,,
88020,881,20,,,{10=30%;9=30%},,,,,,,,
88021,881,21,,,{28=1500;12=2000},,,,,,,,
88022,881,22,,,{14=1000;25=2000},,,,,,,,
88023,881,23,,,{17=2000;19=2000},,,,,,,,
88024,881,24,,,{15=2000;21=3000},,,,,,,,
89002,891,2,,,{1=300},,,,,,,,
89003,891,3,,,{25=200},,,,,,,,
89004,891,4,,,{10=5%;9=5%},,,,,,,,
89005,891,5,,,{1=5%},,,,,,,,
89006,891,6,,,{7=5%;8=5%},,,,,,,,
89007,891,7,,,{16=300},,,\nMở khóa kỹ năng bị động giảm sát thương PVP,Buka kunci kemahiran pasif untuk mengurangkan kerosakan PVP,Buka skill pasif untuk mengurangi damage PVP,ปลดล็อกสกิลพาสซีฟเพื่อลดความเสียหายในการต่อสู้ PVP,Unlock passive skill to reduce PVP damage,I-unlock ang passive skill na nagpapababa ng PVP damage
89008,891,8,,,{1=10%},,,,,,,,
89009,891,9,,,{10=10%;9=10%},,,,,,,,
89010,891,10,,,{16=600},,,\nMở khóa kỹ năng bị động tăng sát thương PVP,Buka kunci kemahiran pasif untuk meningkatkan kerosakan PVP,Buka skill pasif untuk meningkatkan damage PVP,ปลดล็อกสกิลพาสซีฟเพื่อเพิ่มความเสียหายในการต่อสู้ PVP,Unlock passive skill to increase PVP damage,I-unlock ang passive skill na nagpapataas ng PVP damage
89011,891,11,,,{22=1000},,,,,,,,
89012,891,12,,,{23=1000},,,,,,,,
89013,891,13,,,{10=20%;9=20%},,,,,,,,
89014,891,14,,,{28=10%;12=15%},,,,,,,,
89015,891,15,,,{14=1500;25=1000},,,,,,,,
89016,891,16,,,{17=1500;19=1000},,,,,,,,
89017,891,17,,,{14=1000;21=1500},,,,,,,,
89018,891,18,,,{1=20%;30=2000},,,,,,,,
89019,891,19,,,{7=20%;8=20%},,,,,,,,
89020,891,20,,,{10=30%;9=30%},,,,,,,,
89021,891,21,,,{28=1500;12=2000},,,,,,,,
89022,891,22,,,{14=1000;25=2000},,,,,,,,
89023,891,23,,,{17=2000;19=2000},,,,,,,,
89024,891,24,,,{15=2000;21=3000},,,,,,,,
97002,971,2,,,{7=80;8=80},,,,,,,,
97003,971,3,,,{24=200},,,,,,,,
97004,971,4,,,{7=6%;8=6%},,,,,,,,
97005,971,5,,,{1=6%},,,,,,,,
97006,971,6,,,{10=6%;9=6%},,,,,,,,
97007,971,7,,,{90=400},,,\nMở khóa kỹ năng bị động tăng sát thương PVP,Buka kunci kemahiran pasif untuk meningkatkan kerosakan PVP,Buka skill pasif untuk meningkatkan damage PVP,ปลดล็อกสกิลพาสซีฟเพื่อเพิ่มความเสียหายในการต่อสู้ PVP,Unlock passive skill to increase PVP damage,I-unlock ang passive skill na nagpapataas ng PVP damage
97008,971,8,,,{1=12%},,,,,,,,
97009,971,9,,,{7=12%;8=12%},,,,,,,,
97010,971,10,,,{90=800},,,\nMở khóa kỹ năng bị động giảm sát thương PVP,Buka kunci kemahiran pasif untuk mengurangkan kerosakan PVP,Buka skill pasif untuk mengurangi damage PVP,ปลดล็อกสกิลพาสซีฟเพื่อลดความเสียหายในการต่อสู้ PVP,Unlock passive skill to reduce PVP damage,I-unlock ang passive skill na nagpapababa ng PVP damage
97011,971,11,,,{22=1200},,,,,,,,
97012,971,12,,,{23=1200},,,,,,,,
97013,971,13,,,{10=20%;9=20%},,,,,,,,
97014,971,14,,,{28=10%;12=15%},,,,,,,,
97015,971,15,,,{14=1500;25=1000},,,,,,,,
97016,971,16,,,{17=1500;19=1000},,,,,,,,
97017,971,17,,,{14=1000;21=1500},,,,,,,,
97018,971,18,,,{1=20%;30=2000},,,,,,,,
97019,971,19,,,{7=20%;8=20%},,,,,,,,
97020,971,20,,,{10=30%;9=30%},,,,,,,,
97021,971,21,,,{28=1500;12=2000},,,,,,,,
97022,971,22,,,{14=1000;25=2000},,,,,,,,
97023,971,23,,,{17=2000;19=2000},,,,,,,,
97024,971,24,,,{15=2000;21=3000},,,,,,,,
103002,1031,2,,,{10=80;9=80},,,,,,,,
103003,1031,3,,,{25=200},,,,,,,,
103004,1031,4,,,{10=6%;9=6%},,,,,,,,
103005,1031,5,,,{1=6%},,,,,,,,
103006,1031,6,,,{10=6%;9=6%},,,,,,,,
103007,1031,7,,,{25=400},,,\nMở khóa kỹ năng bị động giảm sát thương PVP,Buka kunci kemahiran pasif untuk mengurangkan kerosakan PVP,Buka skill pasif untuk mengurangi damage PVP,ปลดล็อกสกิลพาสซีฟเพื่อลดความเสียหายในการต่อสู้ PVP,Unlock passive skill to reduce PVP damage,I-unlock ang passive skill na nagpapababa ng PVP damage
103008,1031,8,,,{1=12%},,,,,,,,
103009,1031,9,,,{10=12%;9=12%},,,,,,,,
103010,1031,10,,,{25=800},,,\nMở khóa kỹ năng bị động tăng sát thương PVP,Buka kunci kemahiran pasif untuk meningkatkan kerosakan PVP,Buka skill pasif untuk meningkatkan damage PVP,ปลดล็อกสกิลพาสซีฟเพื่อเพิ่มความเสียหายในการต่อสู้ PVP,Unlock passive skill to increase PVP damage,I-unlock ang passive skill na nagpapataas ng PVP damage
103011,1031,11,,,{22=1200},,,,,,,,
103012,1031,12,,,{23=1200},,,,,,,,
103013,1031,13,,,{10=20%;9=20%},,,,,,,,
103014,1031,14,,,{28=10%;12=15%},,,,,,,,
103015,1031,15,,,{14=1500;25=1000},,,,,,,,
103016,1031,16,,,{17=1500;19=1000},,,,,,,,
103017,1031,17,,,{14=1000;21=1500},,,,,,,,
103018,1031,18,,,{1=20%;30=2000},,,,,,,,
103019,1031,19,,,{7=20%;8=20%},,,,,,,,
103020,1031,20,,,{10=30%;9=30%},,,,,,,,
103021,1031,21,,,{28=1500;12=2000},,,,,,,,
103022,1031,22,,,{14=1000;25=2000},,,,,,,,
103023,1031,23,,,{17=2000;19=2000},,,,,,,,
103024,1031,24,,,{15=2000;21=3000},,,,,,,,
107002,1071,2,,,{7=80;8=80},,,,,,,,
107003,1071,3,,,{24=200},,,,,,,,
107004,1071,4,,,{7=6%;8=6%},,,,,,,,
107005,1071,5,,,{1=6%},,,,,,,,
107006,1071,6,,,{7=6%;8=6%},,,,,,,,
107007,1071,7,,,{24=400},,,\nMở khóa kỹ năng bị động tăng sát thương PVP,Buka kunci kemahiran pasif untuk meningkatkan kerosakan PVP,Buka skill pasif untuk meningkatkan damage PVP,ปลดล็อกสกิลพาสซีฟเพื่อเพิ่มความเสียหายในการต่อสู้ PVP,Unlock passive skill to increase PVP damage,I-unlock ang passive skill na nagpapataas ng PVP damage
107008,1071,8,,,{1=12%},,,,,,,,
107009,1071,9,,,{7=12%;8=12%},,,,,,,,
107010,1071,10,,,{24=800},,,\nMở khóa kỹ năng bị động giảm sát thương PVP,Buka kunci kemahiran pasif untuk mengurangkan kerosakan PVP,Buka skill pasif untuk mengurangi damage PVP,ปลดล็อกสกิลพาสซีฟเพื่อลดความเสียหายในการต่อสู้ PVP,Unlock passive skill to reduce PVP damage,I-unlock ang passive skill na nagpapababa ng PVP damage
107011,1071,11,,,{22=1200},,,,,,,,
107012,1071,12,,,{23=1200},,,,,,,,
107013,1071,13,,,{10=20%;9=20%},,,,,,,,
107014,1071,14,,,{28=10%;12=15%},,,,,,,,
107015,1071,15,,,{14=1500;25=1000},,,,,,,,
107016,1071,16,,,{17=1500;19=1000},,,,,,,,
107017,1071,17,,,{14=1000;21=1500},,,,,,,,
107018,1071,18,,,{1=20%;30=2000},,,,,,,,
107019,1071,19,,,{7=20%;8=20%},,,,,,,,
107020,1071,20,,,{10=30%;9=30%},,,,,,,,
107021,1071,21,,,{28=1500;12=2000},,,,,,,,
107022,1071,22,,,{14=1000;25=2000},,,,,,,,
107023,1071,23,,,{17=2000;19=2000},,,,,,,,
107024,1071,24,,,{15=2000;21=3000},,,,,,,,
108002,1081,2,,,{7=80;8=80},,,,,,,,
108003,1081,3,,,{24=200},,,,,,,,
108004,1081,4,,,{7=6%;8=6%},,,,,,,,
108005,1081,5,,,{1=6%},,,,,,,,
108006,1081,6,,,{7=6%;8=6%},,,,,,,,
108007,1081,7,,,{24=400},,,\nMở khóa kỹ năng bị động tăng sát thương PVP,Buka kunci kemahiran pasif untuk meningkatkan kerosakan PVP,Buka skill pasif untuk meningkatkan damage PVP,ปลดล็อกสกิลพาสซีฟเพื่อเพิ่มความเสียหายในการต่อสู้ PVP,Unlock passive skill to increase PVP damage,I-unlock ang passive skill na nagpapataas ng PVP damage
108008,1081,8,,,{1=12%},,,,,,,,
108009,1081,9,,,{7=12%;8=12%},,,,,,,,
108010,1081,10,,,{24=800},,,\nMở khóa kỹ năng bị động giảm sát thương PVP,Buka kunci kemahiran pasif untuk mengurangkan kerosakan PVP,Buka skill pasif untuk mengurangi damage PVP,ปลดล็อกสกิลพาสซีฟเพื่อลดความเสียหายในการต่อสู้ PVP,Unlock passive skill to reduce PVP damage,I-unlock ang passive skill na nagpapababa ng PVP damage
108011,1081,11,,,{22=1200},,,,,,,,
108012,1081,12,,,{23=1200},,,,,,,,
108013,1081,13,,,{10=20%;9=20%},,,,,,,,
108014,1081,14,,,{28=10%;12=15%},,,,,,,,
108015,1081,15,,,{14=1500;25=1000},,,,,,,,
108016,1081,16,,,{17=1500;19=1000},,,,,,,,
108017,1081,17,,,{14=1000;21=1500},,,,,,,,
108018,1081,18,,,{1=20%;30=2000},,,,,,,,
108019,1081,19,,,{7=20%;8=20%},,,,,,,,
108020,1081,20,,,{10=30%;9=30%},,,,,,,,
108021,1081,21,,,{28=1500;12=2000},,,,,,,,
108022,1081,22,,,{14=1000;25=2000},,,,,,,,
108023,1081,23,,,{17=2000;19=2000},,,,,,,,
108024,1081,24,,,{15=2000;21=3000},,,,,,,,
117002,1171,2,,,{7=120;8=120},,,,,,,,
117003,1171,3,,,{24=300},,,,,,,,
117004,1171,4,,,{7=8%;8=8%},,,,,,,,
117005,1171,5,,,{1=8%},,,,,,,,
117006,1171,6,,,{7=8%;8=8%},,,,,,,,
117007,1171,7,,,{24=500},,,\nMở khóa kỹ năng bị động giảm sát thương PVP,Buka kunci kemahiran pasif untuk mengurangkan kerosakan PVP,Buka skill pasif untuk mengurangi damage PVP,ปลดล็อกสกิลพาสซีฟเพื่อลดความเสียหายในการต่อสู้ PVP,Unlock passive skill to reduce PVP damage,I-unlock ang passive skill na nagpapababa ng PVP damage
117008,1171,8,,,{1=15%},,,,,,,,
117009,1171,9,,,{7=15%;8=15%},,,,,,,,
117010,1171,10,,,{24=1000},,,\nMở khóa kỹ năng bị động tăng sát thương PVP,Buka kunci kemahiran pasif untuk meningkatkan kerosakan PVP,Buka skill pasif untuk meningkatkan damage PVP,ปลดล็อกสกิลพาสซีฟเพื่อเพิ่มความเสียหายในการต่อสู้ PVP,Unlock passive skill to increase PVP damage,I-unlock ang passive skill na nagpapataas ng PVP damage
117011,1171,11,,,{22=1500},,,,,,,,
117012,1171,12,,,{23=1500},,,,,,,,
117013,1171,13,,,{10=20%;9=20%},,,,,,,,
117014,1171,14,,,{28=10%;12=15%},,,,,,,,
117015,1171,15,,,{14=1500;25=1000},,,,,,,,
117016,1171,16,,,{17=1500;19=1000},,,,,,,,
117017,1171,17,,,{14=1000;21=1500},,,,,,,,
117018,1171,18,,,{1=20%;30=2000},,,,,,,,
117019,1171,19,,,{7=20%;8=20%},,,,,,,,
117020,1171,20,,,{10=30%;9=30%},,,,,,,,
117021,1171,21,,,{28=1500;12=2000},,,,,,,,
117022,1171,22,,,{14=1000;25=2000},,,,,,,,
117023,1171,23,,,{17=2000;19=2000},,,,,,,,
117024,1171,24,,,{15=2000;21=3000},,,,,,,,
122002,1221,2,,,{7=80;8=80},,,,,,,,
122003,1221,3,,,{24=200},,,,,,,,
122004,1221,4,,,{7=6%;8=6%},,,,,,,,
122005,1221,5,,,{1=6%},,,,,,,,
122006,1221,6,,,{10=6%;9=6%},,,,,,,,
122007,1221,7,,,{90=400},,,\nMở khóa kỹ năng bị động tăng sát thương PVP,Buka kunci kemahiran pasif untuk meningkatkan kerosakan PVP,Buka skill pasif untuk meningkatkan damage PVP,ปลดล็อกสกิลพาสซีฟเพื่อเพิ่มความเสียหายในการต่อสู้ PVP,Unlock passive skill to increase PVP damage,I-unlock ang passive skill na nagpapataas ng PVP damage
122008,1221,8,,,{1=12%},,,,,,,,
122009,1221,9,,,{7=12%;8=12%},,,,,,,,
122010,1221,10,,,{90=800},,,\nMở khóa kỹ năng bị động giảm sát thương PVP,Buka kunci kemahiran pasif untuk mengurangkan kerosakan PVP,Buka skill pasif untuk mengurangi damage PVP,ปลดล็อกสกิลพาสซีฟเพื่อลดความเสียหายในการต่อสู้ PVP,Unlock passive skill to reduce PVP damage,I-unlock ang passive skill na nagpapababa ng PVP damage
122011,1221,11,,,{22=1200},,,,,,,,
122012,1221,12,,,{23=1200},,,,,,,,
122013,1221,13,,,{10=20%;9=20%},,,,,,,,
122014,1221,14,,,{28=10%;12=15%},,,,,,,,
122015,1221,15,,,{14=1500;25=1000},,,,,,,,
122016,1221,16,,,{17=1500;19=1000},,,,,,,,
122017,1221,17,,,{14=1000;21=1500},,,,,,,,
122018,1221,18,,,{1=20%;30=2000},,,,,,,,
122019,1221,19,,,{7=20%;8=20%},,,,,,,,
122020,1221,20,,,{10=30%;9=30%},,,,,,,,
122021,1221,21,,,{28=1500;12=2000},,,,,,,,
122022,1221,22,,,{14=1000;25=2000},,,,,,,,
122023,1221,23,,,{17=2000;19=2000},,,,,,,,
122024,1221,24,,,{15=2000;21=3000},,,,,,,,
123002,1231,2,,,{7=120;8=120},,,,,,,,
123003,1231,3,,,{24=300},,,,,,,,
123004,1231,4,,,{7=8%;8=8%},,,,,,,,
123005,1231,5,,,{1=8%},,,,,,,,
123006,1231,6,,,{7=8%;8=8%},,,,,,,,
123007,1231,7,,,{24=500},,,\nMở khóa kỹ năng bị động giảm sát thương PVP,Buka kunci kemahiran pasif untuk mengurangkan kerosakan PVP,Buka skill pasif untuk mengurangi damage PVP,ปลดล็อกสกิลพาสซีฟเพื่อลดความเสียหายในการต่อสู้ PVP,Unlock passive skill to reduce PVP damage,I-unlock ang passive skill na nagpapababa ng PVP damage
123008,1231,8,,,{1=15%},,,,,,,,
123009,1231,9,,,{7=15%;8=15%},,,,,,,,
123010,1231,10,,,{24=1000},,,\nMở khóa kỹ năng bị động tăng sát thương PVP,Buka kunci kemahiran pasif untuk meningkatkan kerosakan PVP,Buka skill pasif untuk meningkatkan damage PVP,ปลดล็อกสกิลพาสซีฟเพื่อเพิ่มความเสียหายในการต่อสู้ PVP,Unlock passive skill to increase PVP damage,I-unlock ang passive skill na nagpapataas ng PVP damage
123011,1231,11,,,{22=1500},,,,,,,,
123012,1231,12,,,{23=1500},,,,,,,,
123013,1231,13,,,{10=20%;9=20%},,,,,,,,
123014,1231,14,,,{28=10%;12=15%},,,,,,,,
123015,1231,15,,,{14=1500;25=1000},,,,,,,,
123016,1231,16,,,{17=1500;19=1000},,,,,,,,
123017,1231,17,,,{14=1000;21=1500},,,,,,,,
123018,1231,18,,,{1=20%;30=2000},,,,,,,,
123019,1231,19,,,{7=20%;8=20%},,,,,,,,
123020,1231,20,,,{10=30%;9=30%},,,,,,,,
123021,1231,21,,,{28=1500;12=2000},,,,,,,,
123022,1231,22,,,{14=1000;25=2000},,,,,,,,
123023,1231,23,,,{17=2000;19=2000},,,,,,,,
123024,1231,24,,,{15=2000;21=3000},,,,,,,,
124002,1241,2,,,{1=500},,,,,,,,
124003,1241,3,,,{25=300},,,,,,,,
124004,1241,4,,,{10=8%;9=8%},,,,,,,,
124005,1241,5,,,{1=8%},,,,,,,,
124006,1241,6,,,{7=8%;8=8%},,,,,,,,
124007,1241,7,,,{5=500},,,\nMở khóa kỹ năng bị động giảm sát thương PVP,Buka kunci kemahiran pasif untuk mengurangkan kerosakan PVP,Buka skill pasif untuk mengurangi damage PVP,ปลดล็อกสกิลพาสซีฟเพื่อลดความเสียหายในการต่อสู้ PVP,Unlock passive skill to reduce PVP damage,I-unlock ang passive skill na nagpapababa ng PVP damage
124008,1241,8,,,{1=15%},,,,,,,,
124009,1241,9,,,{10=15%;9=15%},,,,,,,,
124010,1241,10,,,{5=1000},,,\nMở khóa kỹ năng bị động tăng sát thương PVP,Buka kunci kemahiran pasif untuk meningkatkan kerosakan PVP,Buka skill pasif untuk meningkatkan damage PVP,ปลดล็อกสกิลพาสซีฟเพื่อเพิ่มความเสียหายในการต่อสู้ PVP,Unlock passive skill to increase PVP damage,I-unlock ang passive skill na nagpapataas ng PVP damage
124011,1241,11,,,{22=1500},,,,,,,,
124012,1241,12,,,{23=1500},,,,,,,,
124013,1241,13,,,{10=20%;9=20%},,,,,,,,
124014,1241,14,,,{28=10%;12=15%},,,,,,,,
124015,1241,15,,,{14=1500;25=1000},,,,,,,,
124016,1241,16,,,{17=1500;19=1000},,,,,,,,
124017,1241,17,,,{14=1000;21=1500},,,,,,,,
124018,1241,18,,,{1=20%;30=2000},,,,,,,,
124019,1241,19,,,{7=20%;8=20%},,,,,,,,
124020,1241,20,,,{10=30%;9=30%},,,,,,,,
124021,1241,21,,,{28=1500;12=2000},,,,,,,,
124022,1241,22,,,{14=1000;25=2000},,,,,,,,
124023,1241,23,,,{17=2000;19=2000},,,,,,,,
124024,1241,24,,,{15=2000;21=3000},,,,,,,,
125002,1251,2,,,{10=80;9=80},,,,,,,,
125003,1251,3,,,{25=200},,,,,,,,
125004,1251,4,,,{10=6%;9=6%},,,,,,,,
125005,1251,5,,,{1=6%},,,,,,,,
125006,1251,6,,,{10=6%;9=6%},,,,,,,,
125007,1251,7,,,{11=400},,,\nMở khóa kỹ năng bị động giảm sát thương PVP,Buka kunci kemahiran pasif untuk mengurangkan kerosakan PVP,Buka skill pasif untuk mengurangi damage PVP,ปลดล็อกสกิลพาสซีฟเพื่อลดความเสียหายในการต่อสู้ PVP,Unlock passive skill to reduce PVP damage,I-unlock ang passive skill na nagpapababa ng PVP damage
125008,1251,8,,,{1=12%},,,,,,,,
125009,1251,9,,,{10=12%;9=12%},,,,,,,,
125010,1251,10,,,{11=800},,,\nMở khóa kỹ năng bị động tăng sát thương PVP,Buka kunci kemahiran pasif untuk meningkatkan kerosakan PVP,Buka skill pasif untuk meningkatkan damage PVP,ปลดล็อกสกิลพาสซีฟเพื่อเพิ่มความเสียหายในการต่อสู้ PVP,Unlock passive skill to increase PVP damage,I-unlock ang passive skill na nagpapataas ng PVP damage
125011,1251,11,,,{22=1200},,,,,,,,
125012,1251,12,,,{23=1200},,,,,,,,
125013,1251,13,,,{10=20%;9=20%},,,,,,,,
125014,1251,14,,,{28=10%;12=15%},,,,,,,,
125015,1251,15,,,{14=1500;25=1000},,,,,,,,
125016,1251,16,,,{17=1500;19=1000},,,,,,,,
125017,1251,17,,,{14=1000;21=1500},,,,,,,,
125018,1251,18,,,{1=20%;30=2000},,,,,,,,
125019,1251,19,,,{7=20%;8=20%},,,,,,,,
125020,1251,20,,,{10=30%;9=30%},,,,,,,,
125021,1251,21,,,{28=1500;12=2000},,,,,,,,
125022,1251,22,,,{14=1000;25=2000},,,,,,,,
125023,1251,23,,,{17=2000;19=2000},,,,,,,,
125024,1251,24,,,{15=2000;21=3000},,,,,,,,
126002,1261,2,,,{1=500},,,,,,,,
126003,1261,3,,,{25=300},,,,,,,,
126004,1261,4,,,{10=8%;9=8%},,,,,,,,
126005,1261,5,,,{1=8%},,,,,,,,
126006,1261,6,,,{7=8%;8=8%},,,,,,,,
126007,1261,7,,,{25=500},,,\nMở khóa kỹ năng bị động giảm sát thương PVP,Buka kunci kemahiran pasif untuk mengurangkan kerosakan PVP,Buka skill pasif untuk mengurangi damage PVP,ปลดล็อกสกิลพาสซีฟเพื่อลดความเสียหายในการต่อสู้ PVP,Unlock passive skill to reduce PVP damage,I-unlock ang passive skill na nagpapababa ng PVP damage
126008,1261,8,,,{1=15%},,,,,,,,
126009,1261,9,,,{10=15%;9=15%},,,,,,,,
126010,1261,10,,,{25=1000},,,\nMở khóa kỹ năng bị động tăng sát thương PVP,Buka kunci kemahiran pasif untuk meningkatkan kerosakan PVP,Buka skill pasif untuk meningkatkan damage PVP,ปลดล็อกสกิลพาสซีฟเพื่อเพิ่มความเสียหายในการต่อสู้ PVP,Unlock passive skill to increase PVP damage,I-unlock ang passive skill na nagpapataas ng PVP damage
126011,1261,11,,,{22=1500},,,,,,,,
126012,1261,12,,,{23=1500},,,,,,,,
126013,1261,13,,,{10=20%;9=20%},,,,,,,,
126014,1261,14,,,{28=10%;12=15%},,,,,,,,
126015,1261,15,,,{14=1500;25=1000},,,,,,,,
126016,1261,16,,,{17=1500;19=1000},,,,,,,,
126017,1261,17,,,{14=1000;21=1500},,,,,,,,
126018,1261,18,,,{1=20%;30=2000},,,,,,,,
126019,1261,19,,,{7=20%;8=20%},,,,,,,,
126020,1261,20,,,{10=30%;9=30%},,,,,,,,
126021,1261,21,,,{28=1500;12=2000},,,,,,,,
126022,1261,22,,,{14=1000;25=2000},,,,,,,,
126023,1261,23,,,{17=2000;19=2000},,,,,,,,
126024,1261,24,,,{15=2000;21=3000},,,,,,,,
127002,1271,2,,,{1=500},,,,,,,,
127003,1271,3,,,{25=300},,,,,,,,
127004,1271,4,,,{10=8%;9=8%},,,,,,,,
127005,1271,5,,,{1=8%},,,,,,,,
127006,1271,6,,,{7=8%;8=8%},,,,,,,,
127007,1271,7,,,{25=500},,,\nMở khóa kỹ năng bị động giảm sát thương PVP,Buka kunci kemahiran pasif untuk mengurangkan kerosakan PVP,Buka skill pasif untuk mengurangi damage PVP,ปลดล็อกสกิลพาสซีฟเพื่อลดความเสียหายในการต่อสู้ PVP,Unlock passive skill to reduce PVP damage,I-unlock ang passive skill na nagpapababa ng PVP damage
127008,1271,8,,,{1=15%},,,,,,,,
127009,1271,9,,,{10=15%;9=15%},,,,,,,,
127010,1271,10,,,{25=1000},,,\nMở khóa kỹ năng bị động tăng sát thương PVP,Buka kunci kemahiran pasif untuk meningkatkan kerosakan PVP,Buka skill pasif untuk meningkatkan damage PVP,ปลดล็อกสกิลพาสซีฟเพื่อเพิ่มความเสียหายในการต่อสู้ PVP,Unlock passive skill to increase PVP damage,I-unlock ang passive skill na nagpapataas ng PVP damage
127011,1271,11,,,{22=1500},,,,,,,,
127012,1271,12,,,{23=1500},,,,,,,,
127013,1271,13,,,{10=20%;9=20%},,,,,,,,
127014,1271,14,,,{28=10%;12=15%},,,,,,,,
127015,1271,15,,,{14=1500;25=1000},,,,,,,,
127016,1271,16,,,{17=1500;19=1000},,,,,,,,
127017,1271,17,,,{14=1000;21=1500},,,,,,,,
127018,1271,18,,,{1=20%;30=2000},,,,,,,,
127019,1271,19,,,{7=20%;8=20%},,,,,,,,
127020,1271,20,,,{10=30%;9=30%},,,,,,,,
127021,1271,21,,,{28=1500;12=2000},,,,,,,,
127022,1271,22,,,{14=1000;25=2000},,,,,,,,
127023,1271,23,,,{17=2000;19=2000},,,,,,,,
127024,1271,24,,,{15=2000;21=3000},,,,,,,,
128002,1281,2,,,{1=500},,,,,,,,
128003,1281,3,,,{25=300},,,,,,,,
128004,1281,4,,,{10=8%;9=8%},,,,,,,,
128005,1281,5,,,{1=8%},,,,,,,,
128006,1281,6,,,{7=8%;8=8%},,,,,,,,
128007,1281,7,,,{25=500},,,\nMở khóa kỹ năng bị động giảm sát thương PVP,Buka kunci kemahiran pasif untuk mengurangkan kerosakan PVP,Buka skill pasif untuk mengurangi damage PVP,ปลดล็อกสกิลพาสซีฟเพื่อลดความเสียหายในการต่อสู้ PVP,Unlock passive skill to reduce PVP damage,I-unlock ang passive skill na nagpapababa ng PVP damage
128008,1281,8,,,{1=15%},,,,,,,,
128009,1281,9,,,{10=15%;9=15%},,,,,,,,
128010,1281,10,,,{25=1000},,,\nMở khóa kỹ năng bị động tăng sát thương PVP,Buka kunci kemahiran pasif untuk meningkatkan kerosakan PVP,Buka skill pasif untuk meningkatkan damage PVP,ปลดล็อกสกิลพาสซีฟเพื่อเพิ่มความเสียหายในการต่อสู้ PVP,Unlock passive skill to increase PVP damage,I-unlock ang passive skill na nagpapataas ng PVP damage
128011,1281,11,,,{22=1500},,,,,,,,
128012,1281,12,,,{23=1500},,,,,,,,
128013,1281,13,,,{10=20%;9=20%},,,,,,,,
128014,1281,14,,,{28=10%;12=15%},,,,,,,,
128015,1281,15,,,{14=1500;25=1000},,,,,,,,
128016,1281,16,,,{17=1500;19=1000},,,,,,,,
128017,1281,17,,,{14=1000;21=1500},,,,,,,,
128018,1281,18,,,{1=20%;30=2000},,,,,,,,
128019,1281,19,,,{7=20%;8=20%},,,,,,,,
128020,1281,20,,,{10=30%;9=30%},,,,,,,,
128021,1281,21,,,{28=1500;12=2000},,,,,,,,
128022,1281,22,,,{14=1000;25=2000},,,,,,,,
128023,1281,23,,,{17=2000;19=2000},,,,,,,,
128024,1281,24,,,{15=2000;21=3000},,,,,,,,
129002,1291,2,,,{7=80;8=80},,,,,,,,
129003,1291,3,,,{24=200},,,,,,,,
129004,1291,4,,,{7=6%;8=6%},,,,,,,,
129005,1291,5,,,{1=6%},,,,,,,,
129006,1291,6,,,{7=6%;8=6%},,,,,,,,
129007,1291,7,,,{15=600},,,\nMở khóa kỹ năng bị động tăng sát thương PVP,Buka kunci kemahiran pasif untuk meningkatkan kerosakan PVP,Buka skill pasif untuk meningkatkan damage PVP,ปลดล็อกสกิลพาสซีฟเพื่อเพิ่มความเสียหายในการต่อสู้ PVP,Unlock passive skill to increase PVP damage,I-unlock ang passive skill na nagpapataas ng PVP damage
129008,1291,8,,,{1=12%},,,,,,,,
129009,1291,9,,,{7=12%;8=12%},,,,,,,,
129010,1291,10,,,{15=1200},,,\nMở khóa kỹ năng bị động giảm sát thương PVP,Buka kunci kemahiran pasif untuk mengurangkan kerosakan PVP,Buka skill pasif untuk mengurangi damage PVP,ปลดล็อกสกิลพาสซีฟเพื่อลดความเสียหายในการต่อสู้ PVP,Unlock passive skill to reduce PVP damage,I-unlock ang passive skill na nagpapababa ng PVP damage
129011,1291,11,,,{22=1200},,,,,,,,
129012,1291,12,,,{23=1200},,,,,,,,
129013,1291,13,,,{10=20%;9=20%},,,,,,,,
129014,1291,14,,,{28=10%;12=15%},,,,,,,,
129015,1291,15,,,{14=1500;25=1000},,,,,,,,
129016,1291,16,,,{17=1500;19=1000},,,,,,,,
129017,1291,17,,,{14=1000;21=1500},,,,,,,,
129018,1291,18,,,{1=20%;30=2000},,,,,,,,
129019,1291,19,,,{7=20%;8=20%},,,,,,,,
129020,1291,20,,,{10=30%;9=30%},,,,,,,,
129021,1291,21,,,{28=1500;12=2000},,,,,,,,
129022,1291,22,,,{14=1000;25=2000},,,,,,,,
129023,1291,23,,,{17=2000;19=2000},,,,,,,,
129024,1291,24,,,{15=2000;21=3000},,,,,,,,
130002,1301,2,,,{7=80;8=80},,,,,,,,
130003,1301,3,,,{24=200},,,,,,,,
130004,1301,4,,,{7=6%;8=6%},,,,,,,,
130005,1301,5,,,{1=6%},,,,,,,,
130006,1301,6,,,{7=6%;8=6%},,,,,,,,
130007,1301,7,,,{14=400},,,\nMở khóa kỹ năng bị động tăng sát thương PVP,Buka kunci kemahiran pasif untuk meningkatkan kerosakan PVP,Buka skill pasif untuk meningkatkan damage PVP,ปลดล็อกสกิลพาสซีฟเพื่อเพิ่มความเสียหายในการต่อสู้ PVP,Unlock passive skill to increase PVP damage,I-unlock ang passive skill na nagpapataas ng PVP damage
130008,1301,8,,,{1=12%},,,,,,,,
130009,1301,9,,,{7=12%;8=12%},,,,,,,,
130010,1301,10,,,{14=800},,,\nMở khóa kỹ năng bị động giảm sát thương PVP,Buka kunci kemahiran pasif untuk mengurangkan kerosakan PVP,Buka skill pasif untuk mengurangi damage PVP,ปลดล็อกสกิลพาสซีฟเพื่อลดความเสียหายในการต่อสู้ PVP,Unlock passive skill to reduce PVP damage,I-unlock ang passive skill na nagpapababa ng PVP damage
130011,1301,11,,,{22=1200},,,,,,,,
130012,1301,12,,,{23=1200},,,,,,,,
130013,1301,13,,,{10=20%;9=20%},,,,,,,,
130014,1301,14,,,{28=10%;12=15%},,,,,,,,
130015,1301,15,,,{14=1500;25=1000},,,,,,,,
130016,1301,16,,,{17=1500;19=1000},,,,,,,,
130017,1301,17,,,{14=1000;21=1500},,,,,,,,
130018,1301,18,,,{1=20%;30=2000},,,,,,,,
130019,1301,19,,,{7=20%;8=20%},,,,,,,,
130020,1301,20,,,{10=30%;9=30%},,,,,,,,
130021,1301,21,,,{28=1500;12=2000},,,,,,,,
130022,1301,22,,,{14=1000;25=2000},,,,,,,,
130023,1301,23,,,{17=2000;19=2000},,,,,,,,
130024,1301,24,,,{15=2000;21=3000},,,,,,,,
131002,1311,2,,,{1=500},,,,,,,,
131003,1311,3,,,{25=300},,,,,,,,
131004,1311,4,,,{10=8%;9=8%},,,,,,,,
131005,1311,5,,,{1=8%},,,,,,,,
131006,1311,6,,,{7=8%;8=8%},,,,,,,,
131007,1311,7,,,{5=500},,,\nMở khóa kỹ năng bị động giảm sát thương PVP,Buka kunci kemahiran pasif untuk mengurangkan kerosakan PVP,Buka skill pasif untuk mengurangi damage PVP,ปลดล็อกสกิลพาสซีฟเพื่อลดความเสียหายในการต่อสู้ PVP,Unlock passive skill to reduce PVP damage,I-unlock ang passive skill na nagpapababa ng PVP damage
131008,1311,8,,,{1=15%},,,,,,,,
131009,1311,9,,,{10=15%;9=15%},,,,,,,,
131010,1311,10,,,{5=1000},,,\nMở khóa kỹ năng bị động tăng sát thương PVP,Buka kunci kemahiran pasif untuk meningkatkan kerosakan PVP,Buka skill pasif untuk meningkatkan damage PVP,ปลดล็อกสกิลพาสซีฟเพื่อเพิ่มความเสียหายในการต่อสู้ PVP,Unlock passive skill to increase PVP damage,I-unlock ang passive skill na nagpapataas ng PVP damage
131011,1311,11,,,{22=1500},,,,,,,,
131012,1311,12,,,{23=1500},,,,,,,,
131013,1311,13,,,{10=20%;9=20%},,,,,,,,
131014,1311,14,,,{28=10%;12=15%},,,,,,,,
131015,1311,15,,,{14=1500;25=1000},,,,,,,,
131016,1311,16,,,{17=1500;19=1000},,,,,,,,
131017,1311,17,,,{14=1000;21=1500},,,,,,,,
131018,1311,18,,,{1=20%;30=2000},,,,,,,,
131019,1311,19,,,{7=20%;8=20%},,,,,,,,
131020,1311,20,,,{10=30%;9=30%},,,,,,,,
131021,1311,21,,,{28=1500;12=2000},,,,,,,,
131022,1311,22,,,{14=1000;25=2000},,,,,,,,
131023,1311,23,,,{17=2000;19=2000},,,,,,,,
131024,1311,24,,,{15=2000;21=3000},,,,,,,,
135002,1351,2,,,{7=80;8=80},,,,,,,,
135003,1351,3,,,{25=200},,,,,,,,
135004,1351,4,,,{7=5%;8=5%},,,,,,,,
135005,1351,5,,,{1=5%},,,,,,,,
135006,1351,6,,,{10=5%;9=5%},,,,,,,,
135007,1351,7,,,{28=300},,,\nMở khóa kỹ năng bị động giảm sát thương PVP,Buka kunci kemahiran pasif untuk mengurangkan kerosakan PVP,Buka skill pasif untuk mengurangi damage PVP,ปลดล็อกสกิลพาสซีฟเพื่อลดความเสียหายในการต่อสู้ PVP,Unlock passive skill to reduce PVP damage,I-unlock ang passive skill na nagpapababa ng PVP damage
135008,1351,8,,,{1=10%},,,,,,,,
135009,1351,9,,,{7=10%;8=10%},,,,,,,,
135010,1351,10,,,{28=600},,,\nMở khóa kỹ năng bị động tăng sát thương PVP,Buka kunci kemahiran pasif untuk meningkatkan kerosakan PVP,Buka skill pasif untuk meningkatkan damage PVP,ปลดล็อกสกิลพาสซีฟเพื่อเพิ่มความเสียหายในการต่อสู้ PVP,Unlock passive skill to increase PVP damage,I-unlock ang passive skill na nagpapataas ng PVP damage
135011,1351,11,,,{22=1000},,,,,,,,
135012,1351,12,,,{23=1000},,,,,,,,
135013,1351,13,,,{10=20%;9=20%},,,,,,,,
135014,1351,14,,,{28=10%;12=15%},,,,,,,,
135015,1351,15,,,{14=1500;25=1000},,,,,,,,
135016,1351,16,,,{17=1500;19=1000},,,,,,,,
135017,1351,17,,,{14=1000;21=1500},,,,,,,,
135018,1351,18,,,{1=20%;30=2000},,,,,,,,
135019,1351,19,,,{7=20%;8=20%},,,,,,,,
135020,1351,20,,,{10=30%;9=30%},,,,,,,,
135021,1351,21,,,{28=1500;12=2000},,,,,,,,
135022,1351,22,,,{14=1000;25=2000},,,,,,,,
135023,1351,23,,,{17=2000;19=2000},,,,,,,,
135024,1351,24,,,{15=2000;21=3000},,,,,,,,
138002,1381,2,,,{7=80;8=80},,,,,,,,
138003,1381,3,,,{24=200},,,,,,,,
138004,1381,4,,,{7=6%;8=6%},,,,,,,,
138005,1381,5,,,{1=6%},,,,,,,,
138006,1381,6,,,{10=6%;9=6%},,,,,,,,
138007,1381,7,,,{90=400},,,\nMở khóa kỹ năng bị động tăng sát thương PVP,Buka kunci kemahiran pasif untuk meningkatkan kerosakan PVP,Buka skill pasif untuk meningkatkan damage PVP,ปลดล็อกสกิลพาสซีฟเพื่อเพิ่มความเสียหายในการต่อสู้ PVP,Unlock passive skill to increase PVP damage,I-unlock ang passive skill na nagpapataas ng PVP damage
138008,1381,8,,,{1=12%},,,,,,,,
138009,1381,9,,,{7=12%;8=12%},,,,,,,,
138010,1381,10,,,{90=800},,,\nMở khóa kỹ năng bị động giảm sát thương PVP,Buka kunci kemahiran pasif untuk mengurangkan kerosakan PVP,Buka skill pasif untuk mengurangi damage PVP,ปลดล็อกสกิลพาสซีฟเพื่อลดความเสียหายในการต่อสู้ PVP,Unlock passive skill to reduce PVP damage,I-unlock ang passive skill na nagpapababa ng PVP damage
138011,1381,11,,,{22=1200},,,,,,,,
138012,1381,12,,,{23=1200},,,,,,,,
138013,1381,13,,,{10=20%;9=20%},,,,,,,,
138014,1381,14,,,{28=10%;12=15%},,,,,,,,
138015,1381,15,,,{14=1500;25=1000},,,,,,,,
138016,1381,16,,,{17=1500;19=1000},,,,,,,,
138017,1381,17,,,{14=1000;21=1500},,,,,,,,
138018,1381,18,,,{1=20%;30=2000},,,,,,,,
138019,1381,19,,,{7=20%;8=20%},,,,,,,,
138020,1381,20,,,{10=30%;9=30%},,,,,,,,
138021,1381,21,,,{28=1500;12=2000},,,,,,,,
138022,1381,22,,,{14=1000;25=2000},,,,,,,,
138023,1381,23,,,{17=2000;19=2000},,,,,,,,
138024,1381,24,,,{15=2000;21=3000},,,,,,,,
139002,1391,2,,,{7=120;8=120},,,,,,,,
139003,1391,3,,,{24=300},,,,,,,,
139004,1391,4,,,{7=8%;8=8%},,,,,,,,
139005,1391,5,,,{1=8%},,,,,,,,
139006,1391,6,,,{7=8%;8=8%},,,,,,,,
139007,1391,7,,,{24=500},,,\nMở khóa kỹ năng bị động tăng sát thương PVP,Buka kunci kemahiran pasif untuk meningkatkan kerosakan PVP,Buka skill pasif untuk meningkatkan damage PVP,ปลดล็อกสกิลพาสซีฟเพื่อเพิ่มความเสียหายในการต่อสู้ PVP,Unlock passive skill to increase PVP damage,I-unlock ang passive skill na nagpapataas ng PVP damage
139008,1391,8,,,{1=15%},,,,,,,,
139009,1391,9,,,{7=15%;8=15%},,,,,,,,
139010,1391,10,,,{24=1000},,,\nMở khóa kỹ năng bị động giảm sát thương PVP,Buka kunci kemahiran pasif untuk mengurangkan kerosakan PVP,Buka skill pasif untuk mengurangi damage PVP,ปลดล็อกสกิลพาสซีฟเพื่อลดความเสียหายในการต่อสู้ PVP,Unlock passive skill to reduce PVP damage,I-unlock ang passive skill na nagpapababa ng PVP damage
139011,1391,11,,,{22=1500},,,,,,,,
139012,1391,12,,,{23=1500},,,,,,,,
139013,1391,13,,,{10=20%;9=20%},,,,,,,,
139014,1391,14,,,{28=10%;12=15%},,,,,,,,
139015,1391,15,,,{14=1500;25=1000},,,,,,,,
139016,1391,16,,,{17=1500;19=1000},,,,,,,,
139017,1391,17,,,{14=1000;21=1500},,,,,,,,
139018,1391,18,,,{1=20%;30=2000},,,,,,,,
139019,1391,19,,,{7=20%;8=20%},,,,,,,,
139020,1391,20,,,{10=30%;9=30%},,,,,,,,
139021,1391,21,,,{28=1500;12=2000},,,,,,,,
139022,1391,22,,,{14=1000;25=2000},,,,,,,,
139023,1391,23,,,{17=2000;19=2000},,,,,,,,
139024,1391,24,,,{15=2000;21=3000},,,,,,,,
142002,1421,2,,,{7=120;8=120},,,,,,,,
142003,1421,3,,,{24=300},,,,,,,,
142004,1421,4,,,{7=8%;8=8%},,,,,,,,
142005,1421,5,,,{1=8%},,,,,,,,
142006,1421,6,,,{7=8%;8=8%},,,,,,,,
142007,1421,7,,,{24=500},,,\nMở khóa kỹ năng bị động tăng sát thương PVP,Buka kunci kemahiran pasif untuk meningkatkan kerosakan PVP,Buka skill pasif untuk meningkatkan damage PVP,ปลดล็อกสกิลพาสซีฟเพื่อเพิ่มความเสียหายในการต่อสู้ PVP,Unlock passive skill to increase PVP damage,I-unlock ang passive skill na nagpapataas ng PVP damage
142008,1421,8,,,{1=15%},,,,,,,,
142009,1421,9,,,{7=15%;8=15%},,,,,,,,
142010,1421,10,,,{24=1000},,,\nMở khóa kỹ năng bị động giảm sát thương PVP,Buka kunci kemahiran pasif untuk mengurangkan kerosakan PVP,Buka skill pasif untuk mengurangi damage PVP,ปลดล็อกสกิลพาสซีฟเพื่อลดความเสียหายในการต่อสู้ PVP,Unlock passive skill to reduce PVP damage,I-unlock ang passive skill na nagpapababa ng PVP damage
142011,1421,11,,,{22=1500},,,,,,,,
142012,1421,12,,,{23=1500},,,,,,,,
142013,1421,13,,,{10=20%;9=20%},,,,,,,,
142014,1421,14,,,{28=10%;12=15%},,,,,,,,
142015,1421,15,,,{14=1500;25=1000},,,,,,,,
142016,1421,16,,,{17=1500;19=1000},,,,,,,,
142017,1421,17,,,{14=1000;21=1500},,,,,,,,
142018,1421,18,,,{1=20%;30=2000},,,,,,,,
142019,1421,19,,,{7=20%;8=20%},,,,,,,,
142020,1421,20,,,{10=30%;9=30%},,,,,,,,
142021,1421,21,,,{28=1500;12=2000},,,,,,,,
142022,1421,22,,,{14=1000;25=2000},,,,,,,,
142023,1421,23,,,{17=2000;19=2000},,,,,,,,
142024,1421,24,,,{15=2000;21=3000},,,,,,,,
144002,1441,2,,,{7=80;8=80},,,,,,,,
144003,1441,3,,,{24=200},,,,,,,,
144004,1441,4,,,{7=5%;8=5%},,,,,,,,
144005,1441,5,,,{1=5%},,,,,,,,
144006,1441,6,,,{10=5%;9=5%},,,,,,,,
144007,1441,7,,,{90=300},,,\nMở khóa kỹ năng bị động tăng sát thương PVP,Buka kunci kemahiran pasif untuk meningkatkan kerosakan PVP,Buka skill pasif untuk meningkatkan damage PVP,ปลดล็อกสกิลพาสซีฟเพื่อเพิ่มความเสียหายในการต่อสู้ PVP,Unlock passive skill to increase PVP damage,I-unlock ang passive skill na nagpapataas ng PVP damage
144008,1441,8,,,{1=10%},,,,,,,,
144009,1441,9,,,{7=10%;8=10%},,,,,,,,
144010,1441,10,,,{90=600},,,\nMở khóa kỹ năng bị động giảm sát thương PVP,Buka kunci kemahiran pasif untuk mengurangkan kerosakan PVP,Buka skill pasif untuk mengurangi damage PVP,ปลดล็อกสกิลพาสซีฟเพื่อลดความเสียหายในการต่อสู้ PVP,Unlock passive skill to reduce PVP damage,I-unlock ang passive skill na nagpapababa ng PVP damage
144011,1441,11,,,{22=1000},,,,,,,,
144012,1441,12,,,{23=1000},,,,,,,,
144013,1441,13,,,{10=20%;9=20%},,,,,,,,
144014,1441,14,,,{28=10%;12=15%},,,,,,,,
144015,1441,15,,,{14=1500;25=1000},,,,,,,,
144016,1441,16,,,{17=1500;19=1000},,,,,,,,
144017,1441,17,,,{14=1000;21=1500},,,,,,,,
144018,1441,18,,,{1=20%;30=2000},,,,,,,,
144019,1441,19,,,{7=20%;8=20%},,,,,,,,
144020,1441,20,,,{10=30%;9=30%},,,,,,,,
144021,1441,21,,,{28=1500;12=2000},,,,,,,,
144022,1441,22,,,{14=1000;25=2000},,,,,,,,
144023,1441,23,,,{17=2000;19=2000},,,,,,,,
144024,1441,24,,,{15=2000;21=3000},,,,,,,,
150002,1501,2,,,{10=120;9=120},,,,,,,,
150003,1501,3,,,{25=300},,,,,,,,
150004,1501,4,,,{10=8%;9=8%},,,,,,,,
150005,1501,5,,,{1=8%},,,,,,,,
150006,1501,6,,,{10=8%;9=8%},,,,,,,,
150007,1501,7,,,{17=500},,,\nMở khóa kỹ năng bị động giảm sát thương PVP,Buka kunci kemahiran pasif untuk mengurangkan kerosakan PVP,Buka skill pasif untuk mengurangi damage PVP,ปลดล็อกสกิลพาสซีฟเพื่อลดความเสียหายในการต่อสู้ PVP,Unlock passive skill to reduce PVP damage,I-unlock ang passive skill na nagpapababa ng PVP damage
150008,1501,8,,,{1=15%},,,,,,,,
150009,1501,9,,,{10=15%;9=15%},,,,,,,,
150010,1501,10,,,{17=1000},,,\nMở khóa kỹ năng bị động tăng sát thương PVP,Buka kunci kemahiran pasif untuk meningkatkan kerosakan PVP,Buka skill pasif untuk meningkatkan damage PVP,ปลดล็อกสกิลพาสซีฟเพื่อเพิ่มความเสียหายในการต่อสู้ PVP,Unlock passive skill to increase PVP damage,I-unlock ang passive skill na nagpapataas ng PVP damage
150011,1501,11,,,{22=1500},,,,,,,,
150012,1501,12,,,{23=1500},,,,,,,,
150013,1501,13,,,{10=20%;9=20%},,,,,,,,
150014,1501,14,,,{28=10%;12=15%},,,,,,,,
150015,1501,15,,,{14=1500;25=1000},,,,,,,,
150016,1501,16,,,{17=1500;19=1000},,,,,,,,
150017,1501,17,,,{14=1000;21=1500},,,,,,,,
150018,1501,18,,,{1=20%;30=2000},,,,,,,,
150019,1501,19,,,{7=20%;8=20%},,,,,,,,
150020,1501,20,,,{10=30%;9=30%},,,,,,,,
150021,1501,21,,,{28=1500;12=2000},,,,,,,,
150022,1501,22,,,{14=1000;25=2000},,,,,,,,
150023,1501,23,,,{17=2000;19=2000},,,,,,,,
150024,1501,24,,,{15=2000;21=3000},,,,,,,,
161002,1611,2,,,{10=80;9=80},,,,,,,,
161003,1611,3,,,{25=200},,,,,,,,
161004,1611,4,,,{10=5%;9=5%},,,,,,,,
161005,1611,5,,,{1=5%},,,,,,,,
161006,1611,6,,,{10=5%;9=5%},,,,,,,,
161007,1611,7,,,{14=300},,,\nMở khóa kỹ năng bị động giảm sát thương PVP,Buka kunci kemahiran pasif untuk mengurangkan kerosakan PVP,Buka skill pasif untuk mengurangi damage PVP,ปลดล็อกสกิลพาสซีฟเพื่อลดความเสียหายในการต่อสู้ PVP,Unlock passive skill to reduce PVP damage,I-unlock ang passive skill na nagpapababa ng PVP damage
161008,1611,8,,,{1=10%},,,,,,,,
161009,1611,9,,,{10=10%;9=10%},,,,,,,,
161010,1611,10,,,{14=600},,,\nMở khóa kỹ năng bị động tăng sát thương PVP,Buka kunci kemahiran pasif untuk meningkatkan kerosakan PVP,Buka skill pasif untuk meningkatkan damage PVP,ปลดล็อกสกิลพาสซีฟเพื่อเพิ่มความเสียหายในการต่อสู้ PVP,Unlock passive skill to increase PVP damage,I-unlock ang passive skill na nagpapataas ng PVP damage
161011,1611,11,,,{22=1000},,,,,,,,
161012,1611,12,,,{23=1000},,,,,,,,
161013,1611,13,,,{10=20%;9=20%},,,,,,,,
161014,1611,14,,,{28=10%;12=15%},,,,,,,,
161015,1611,15,,,{14=1500;25=1000},,,,,,,,
161016,1611,16,,,{17=1500;19=1000},,,,,,,,
161017,1611,17,,,{14=1000;21=1500},,,,,,,,
161018,1611,18,,,{1=20%;30=2000},,,,,,,,
161019,1611,19,,,{7=20%;8=20%},,,,,,,,
161020,1611,20,,,{10=30%;9=30%},,,,,,,,
161021,1611,21,,,{28=1500;12=2000},,,,,,,,
161022,1611,22,,,{14=1000;25=2000},,,,,,,,
161023,1611,23,,,{17=2000;19=2000},,,,,,,,
161024,1611,24,,,{15=2000;21=3000},,,,,,,,
177002,1771,2,,,{1=300},,,,,,,,
177003,1771,3,,,{25=200},,,,,,,,
177004,1771,4,,,{10=6%;9=6%},,,,,,,,
177005,1771,5,,,{1=6%},,,,,,,,
177006,1771,6,,,{7=6%;8=6%},,,,,,,,
177007,1771,7,,,{16=400},,,\nMở khóa kỹ năng bị động giảm sát thương PVP,Buka kunci kemahiran pasif untuk mengurangkan kerosakan PVP,Buka skill pasif untuk mengurangi damage PVP,ปลดล็อกสกิลพาสซีฟเพื่อลดความเสียหายในการต่อสู้ PVP,Unlock passive skill to reduce PVP damage,I-unlock ang passive skill na nagpapababa ng PVP damage
177008,1771,8,,,{1=12%},,,,,,,,
177009,1771,9,,,{10=12%;9=12%},,,,,,,,
177010,1771,10,,,{16=800},,,\nMở khóa kỹ năng bị động tăng sát thương PVP,Buka kunci kemahiran pasif untuk meningkatkan kerosakan PVP,Buka skill pasif untuk meningkatkan damage PVP,ปลดล็อกสกิลพาสซีฟเพื่อเพิ่มความเสียหายในการต่อสู้ PVP,Unlock passive skill to increase PVP damage,I-unlock ang passive skill na nagpapataas ng PVP damage
177011,1771,11,,,{22=1200},,,,,,,,
177012,1771,12,,,{23=1200},,,,,,,,
177013,1771,13,,,{10=20%;9=20%},,,,,,,,
177014,1771,14,,,{28=10%;12=15%},,,,,,,,
177015,1771,15,,,{14=1500;25=1000},,,,,,,,
177016,1771,16,,,{17=1500;19=1000},,,,,,,,
177017,1771,17,,,{14=1000;21=1500},,,,,,,,
177018,1771,18,,,{1=20%;30=2000},,,,,,,,
177019,1771,19,,,{7=20%;8=20%},,,,,,,,
177020,1771,20,,,{10=30%;9=30%},,,,,,,,
177021,1771,21,,,{28=1500;12=2000},,,,,,,,
177022,1771,22,,,{14=1000;25=2000},,,,,,,,
177023,1771,23,,,{17=2000;19=2000},,,,,,,,
177024,1771,24,,,{15=2000;21=3000},,,,,,,,
180002,1801,2,,,{7=80;8=80},,,,,,,,
180003,1801,3,,,{24=200},,,,,,,,
180004,1801,4,,,{7=5%;8=5%},,,,,,,,
180005,1801,5,,,{1=5%},,,,,,,,
180006,1801,6,,,{10=5%;9=5%},,,,,,,,
180007,1801,7,,,{90=300},,,\nMở khóa kỹ năng bị động tăng sát thương PVP,Buka kunci kemahiran pasif untuk meningkatkan kerosakan PVP,Buka skill pasif untuk meningkatkan damage PVP,ปลดล็อกสกิลพาสซีฟเพื่อเพิ่มความเสียหายในการต่อสู้ PVP,Unlock passive skill to increase PVP damage,I-unlock ang passive skill na nagpapataas ng PVP damage
180008,1801,8,,,{1=10%},,,,,,,,
180009,1801,9,,,{7=10%;8=10%},,,,,,,,
180010,1801,10,,,{90=600},,,\nMở khóa kỹ năng bị động giảm sát thương PVP,Buka kunci kemahiran pasif untuk mengurangkan kerosakan PVP,Buka skill pasif untuk mengurangi damage PVP,ปลดล็อกสกิลพาสซีฟเพื่อลดความเสียหายในการต่อสู้ PVP,Unlock passive skill to reduce PVP damage,I-unlock ang passive skill na nagpapababa ng PVP damage
180011,1801,11,,,{22=1000},,,,,,,,
180012,1801,12,,,{23=1000},,,,,,,,
180013,1801,13,,,{10=20%;9=20%},,,,,,,,
180014,1801,14,,,{28=10%;12=15%},,,,,,,,
180015,1801,15,,,{14=1500;25=1000},,,,,,,,
180016,1801,16,,,{17=1500;19=1000},,,,,,,,
180017,1801,17,,,{14=1000;21=1500},,,,,,,,
180018,1801,18,,,{1=20%;30=2000},,,,,,,,
180019,1801,19,,,{7=20%;8=20%},,,,,,,,
180020,1801,20,,,{10=30%;9=30%},,,,,,,,
180021,1801,21,,,{28=1500;12=2000},,,,,,,,
180022,1801,22,,,{14=1000;25=2000},,,,,,,,
180023,1801,23,,,{17=2000;19=2000},,,,,,,,
180024,1801,24,,,{15=2000;21=3000},,,,,,,,
181002,1811,2,,,{7=80;8=80},,,,,,,,
181003,1811,3,,,{24=200},,,,,,,,
181004,1811,4,,,{7=6%;8=6%},,,,,,,,
181005,1811,5,,,{1=6%},,,,,,,,
181006,1811,6,,,{10=6%;9=6%},,,,,,,,
181007,1811,7,,,{90=400},,,\nMở khóa kỹ năng bị động tăng sát thương PVP,Buka kunci kemahiran pasif untuk meningkatkan kerosakan PVP,Buka skill pasif untuk meningkatkan damage PVP,ปลดล็อกสกิลพาสซีฟเพื่อเพิ่มความเสียหายในการต่อสู้ PVP,Unlock passive skill to increase PVP damage,I-unlock ang passive skill na nagpapataas ng PVP damage
181008,1811,8,,,{1=12%},,,,,,,,
181009,1811,9,,,{7=12%;8=12%},,,,,,,,
181010,1811,10,,,{90=800},,,\nMở khóa kỹ năng bị động giảm sát thương PVP,Buka kunci kemahiran pasif untuk mengurangkan kerosakan PVP,Buka skill pasif untuk mengurangi damage PVP,ปลดล็อกสกิลพาสซีฟเพื่อลดความเสียหายในการต่อสู้ PVP,Unlock passive skill to reduce PVP damage,I-unlock ang passive skill na nagpapababa ng PVP damage
181011,1811,11,,,{22=1200},,,,,,,,
181012,1811,12,,,{23=1200},,,,,,,,
181013,1811,13,,,{10=20%;9=20%},,,,,,,,
181014,1811,14,,,{28=10%;12=15%},,,,,,,,
181015,1811,15,,,{14=1500;25=1000},,,,,,,,
181016,1811,16,,,{17=1500;19=1000},,,,,,,,
181017,1811,17,,,{14=1000;21=1500},,,,,,,,
181018,1811,18,,,{1=20%;30=2000},,,,,,,,
181019,1811,19,,,{7=20%;8=20%},,,,,,,,
181020,1811,20,,,{10=30%;9=30%},,,,,,,,
181021,1811,21,,,{28=1500;12=2000},,,,,,,,
181022,1811,22,,,{14=1000;25=2000},,,,,,,,
181023,1811,23,,,{17=2000;19=2000},,,,,,,,
181024,1811,24,,,{15=2000;21=3000},,,,,,,,
184002,1841,2,,,{1=300},,,,,,,,
184003,1841,3,,,{25=200},,,,,,,,
184004,1841,4,,,{10=6%;9=6%},,,,,,,,
184005,1841,5,,,{1=6%},,,,,,,,
184006,1841,6,,,{7=6%;8=6%},,,,,,,,
184007,1841,7,,,{25=400},,,\nMở khóa kỹ năng bị động giảm sát thương PVP,Buka kunci kemahiran pasif untuk mengurangkan kerosakan PVP,Buka skill pasif untuk mengurangi damage PVP,ปลดล็อกสกิลพาสซีฟเพื่อลดความเสียหายในการต่อสู้ PVP,Unlock passive skill to reduce PVP damage,I-unlock ang passive skill na nagpapababa ng PVP damage
184008,1841,8,,,{1=12%},,,,,,,,
184009,1841,9,,,{10=12%;9=12%},,,,,,,,
184010,1841,10,,,{25=800},,,\nMở khóa kỹ năng bị động tăng sát thương PVP,Buka kunci kemahiran pasif untuk meningkatkan kerosakan PVP,Buka skill pasif untuk meningkatkan damage PVP,ปลดล็อกสกิลพาสซีฟเพื่อเพิ่มความเสียหายในการต่อสู้ PVP,Unlock passive skill to increase PVP damage,I-unlock ang passive skill na nagpapataas ng PVP damage
184011,1841,11,,,{22=1200},,,,,,,,
184012,1841,12,,,{23=1200},,,,,,,,
184013,1841,13,,,{10=20%;9=20%},,,,,,,,
184014,1841,14,,,{28=10%;12=15%},,,,,,,,
184015,1841,15,,,{14=1500;25=1000},,,,,,,,
184016,1841,16,,,{17=1500;19=1000},,,,,,,,
184017,1841,17,,,{14=1000;21=1500},,,,,,,,
184018,1841,18,,,{1=20%;30=2000},,,,,,,,
184019,1841,19,,,{7=20%;8=20%},,,,,,,,
184020,1841,20,,,{10=30%;9=30%},,,,,,,,
184021,1841,21,,,{28=1500;12=2000},,,,,,,,
184022,1841,22,,,{14=1000;25=2000},,,,,,,,
184023,1841,23,,,{17=2000;19=2000},,,,,,,,
184024,1841,24,,,{15=2000;21=3000},,,,,,,,
185002,1851,2,,,{7=80;8=80},,,,,,,,
185003,1851,3,,,{24=200},,,,,,,,
185004,1851,4,,,{7=5%;8=5%},,,,,,,,
185005,1851,5,,,{1=5%},,,,,,,,
185006,1851,6,,,{10=5%;9=5%},,,,,,,,
185007,1851,7,,,{91=300},,,\nMở khóa kỹ năng bị động tăng sát thương PVP,Buka kunci kemahiran pasif untuk meningkatkan kerosakan PVP,Buka skill pasif untuk meningkatkan damage PVP,ปลดล็อกสกิลพาสซีฟเพื่อเพิ่มความเสียหายในการต่อสู้ PVP,Unlock passive skill to increase PVP damage,I-unlock ang passive skill na nagpapataas ng PVP damage
185008,1851,8,,,{1=10%},,,,,,,,
185009,1851,9,,,{7=10%;8=10%},,,,,,,,
185010,1851,10,,,{91=600},,,\nMở khóa kỹ năng bị động giảm sát thương PVP,Buka kunci kemahiran pasif untuk mengurangkan kerosakan PVP,Buka skill pasif untuk mengurangi damage PVP,ปลดล็อกสกิลพาสซีฟเพื่อลดความเสียหายในการต่อสู้ PVP,Unlock passive skill to reduce PVP damage,I-unlock ang passive skill na nagpapababa ng PVP damage
185011,1851,11,,,{22=1000},,,,,,,,
185012,1851,12,,,{23=1000},,,,,,,,
185013,1851,13,,,{10=20%;9=20%},,,,,,,,
185014,1851,14,,,{28=10%;12=15%},,,,,,,,
185015,1851,15,,,{14=1500;25=1000},,,,,,,,
185016,1851,16,,,{17=1500;19=1000},,,,,,,,
185017,1851,17,,,{14=1000;21=1500},,,,,,,,
185018,1851,18,,,{1=20%;30=2000},,,,,,,,
185019,1851,19,,,{7=20%;8=20%},,,,,,,,
185020,1851,20,,,{10=30%;9=30%},,,,,,,,
185021,1851,21,,,{28=1500;12=2000},,,,,,,,
185022,1851,22,,,{14=1000;25=2000},,,,,,,,
185023,1851,23,,,{17=2000;19=2000},,,,,,,,
185024,1851,24,,,{15=2000;21=3000},,,,,,,,
186002,1861,2,,,{10=80;9=80},,,,,,,,
186003,1861,3,,,{25=200},,,,,,,,
186004,1861,4,,,{10=5%;9=5%},,,,,,,,
186005,1861,5,,,{1=5%},,,,,,,,
186006,1861,6,,,{10=5%;9=5%},,,,,,,,
186007,1861,7,,,{27=300},,,\nMở khóa kỹ năng bị động giảm sát thương PVP,Buka kunci kemahiran pasif untuk mengurangkan kerosakan PVP,Buka skill pasif untuk mengurangi damage PVP,ปลดล็อกสกิลพาสซีฟเพื่อลดความเสียหายในการต่อสู้ PVP,Unlock passive skill to reduce PVP damage,I-unlock ang passive skill na nagpapababa ng PVP damage
186008,1861,8,,,{1=10%},,,,,,,,
186009,1861,9,,,{10=10%;9=10%},,,,,,,,
186010,1861,10,,,{27=600},,,\nMở khóa kỹ năng bị động tăng sát thương PVP,Buka kunci kemahiran pasif untuk meningkatkan kerosakan PVP,Buka skill pasif untuk meningkatkan damage PVP,ปลดล็อกสกิลพาสซีฟเพื่อเพิ่มความเสียหายในการต่อสู้ PVP,Unlock passive skill to increase PVP damage,I-unlock ang passive skill na nagpapataas ng PVP damage
186011,1861,11,,,{22=1000},,,,,,,,
186012,1861,12,,,{23=1000},,,,,,,,
186013,1861,13,,,{10=20%;9=20%},,,,,,,,
186014,1861,14,,,{28=10%;12=15%},,,,,,,,
186015,1861,15,,,{14=1500;25=1000},,,,,,,,
186016,1861,16,,,{17=1500;19=1000},,,,,,,,
186017,1861,17,,,{14=1000;21=1500},,,,,,,,
186018,1861,18,,,{1=20%;30=2000},,,,,,,,
186019,1861,19,,,{7=20%;8=20%},,,,,,,,
186020,1861,20,,,{10=30%;9=30%},,,,,,,,
186021,1861,21,,,{28=1500;12=2000},,,,,,,,
186022,1861,22,,,{14=1000;25=2000},,,,,,,,
186023,1861,23,,,{17=2000;19=2000},,,,,,,,
186024,1861,24,,,{15=2000;21=3000},,,,,,,,
189002,1891,2,,,{7=120;8=120},,,,,,,,
189003,1891,3,,,{24=300},,,,,,,,
189004,1891,4,,,{7=8%;8=8%},,,,,,,,
189005,1891,5,,,{1=8%},,,,,,,,
189006,1891,6,,,{7=8%;8=8%},,,,,,,,
189007,1891,7,,,{24=500},,,\nMở khóa kỹ năng bị động tăng sát thương PVP,Buka kunci kemahiran pasif untuk meningkatkan kerosakan PVP,Buka skill pasif untuk meningkatkan damage PVP,ปลดล็อกสกิลพาสซีฟเพื่อเพิ่มความเสียหายในการต่อสู้ PVP,Unlock passive skill to increase PVP damage,I-unlock ang passive skill na nagpapataas ng PVP damage
189008,1891,8,,,{1=15%},,,,,,,,
189009,1891,9,,,{7=15%;8=15%},,,,,,,,
189010,1891,10,,,{24=1000},,,\nMở khóa kỹ năng bị động giảm sát thương PVP,Buka kunci kemahiran pasif untuk mengurangkan kerosakan PVP,Buka skill pasif untuk mengurangi damage PVP,ปลดล็อกสกิลพาสซีฟเพื่อลดความเสียหายในการต่อสู้ PVP,Unlock passive skill to reduce PVP damage,I-unlock ang passive skill na nagpapababa ng PVP damage
189011,1891,11,,,{22=1500},,,,,,,,
189012,1891,12,,,{23=1500},,,,,,,,
189013,1891,13,,,{10=20%;9=20%},,,,,,,,
189014,1891,14,,,{28=10%;12=15%},,,,,,,,
189015,1891,15,,,{14=1500;25=1000},,,,,,,,
189016,1891,16,,,{17=1500;19=1000},,,,,,,,
189017,1891,17,,,{14=1000;21=1500},,,,,,,,
189018,1891,18,,,{1=20%;30=2000},,,,,,,,
189019,1891,19,,,{7=20%;8=20%},,,,,,,,
189020,1891,20,,,{10=30%;9=30%},,,,,,,,
189021,1891,21,,,{28=1500;12=2000},,,,,,,,
189022,1891,22,,,{14=1000;25=2000},,,,,,,,
189023,1891,23,,,{17=2000;19=2000},,,,,,,,
189024,1891,24,,,{15=2000;21=3000},,,,,,,,
190002,1901,2,,,{10=80;9=80},,,,,,,,
190003,1901,3,,,{25=200},,,,,,,,
190004,1901,4,,,{10=6%;9=6%},,,,,,,,
190005,1901,5,,,{1=6%},,,,,,,,
190006,1901,6,,,{10=6%;9=6%},,,,,,,,
190007,1901,7,,,{27=400},,,\nMở khóa kỹ năng bị động giảm sát thương PVP,Buka kunci kemahiran pasif untuk mengurangkan kerosakan PVP,Buka skill pasif untuk mengurangi damage PVP,ปลดล็อกสกิลพาสซีฟเพื่อลดความเสียหายในการต่อสู้ PVP,Unlock passive skill to reduce PVP damage,I-unlock ang passive skill na nagpapababa ng PVP damage
190008,1901,8,,,{1=12%},,,,,,,,
190009,1901,9,,,{10=12%;9=12%},,,,,,,,
190010,1901,10,,,{27=800},,,\nMở khóa kỹ năng bị động tăng sát thương PVP,Buka kunci kemahiran pasif untuk meningkatkan kerosakan PVP,Buka skill pasif untuk meningkatkan damage PVP,ปลดล็อกสกิลพาสซีฟเพื่อเพิ่มความเสียหายในการต่อสู้ PVP,Unlock passive skill to increase PVP damage,I-unlock ang passive skill na nagpapataas ng PVP damage
190011,1901,11,,,{22=1200},,,,,,,,
190012,1901,12,,,{23=1200},,,,,,,,
190013,1901,13,,,{10=20%;9=20%},,,,,,,,
190014,1901,14,,,{28=10%;12=15%},,,,,,,,
190015,1901,15,,,{14=1500;25=1000},,,,,,,,
190016,1901,16,,,{17=1500;19=1000},,,,,,,,
190017,1901,17,,,{14=1000;21=1500},,,,,,,,
190018,1901,18,,,{1=20%;30=2000},,,,,,,,
190019,1901,19,,,{7=20%;8=20%},,,,,,,,
190020,1901,20,,,{10=30%;9=30%},,,,,,,,
190021,1901,21,,,{28=1500;12=2000},,,,,,,,
190022,1901,22,,,{14=1000;25=2000},,,,,,,,
190023,1901,23,,,{17=2000;19=2000},,,,,,,,
190024,1901,24,,,{15=2000;21=3000},,,,,,,,
191002,1911,2,,,{10=80;9=80},,,,,,,,
191003,1911,3,,,{25=200},,,,,,,,
191004,1911,4,,,{10=6%;9=6%},,,,,,,,
191005,1911,5,,,{1=6%},,,,,,,,
191006,1911,6,,,{10=6%;9=6%},,,,,,,,
191007,1911,7,,,{17=400},,,\nMở khóa kỹ năng bị động tăng sát thương PVP,Buka kunci kemahiran pasif untuk meningkatkan kerosakan PVP,Buka skill pasif untuk meningkatkan damage PVP,ปลดล็อกสกิลพาสซีฟเพื่อเพิ่มความเสียหายในการต่อสู้ PVP,Unlock passive skill to increase PVP damage,I-unlock ang passive skill na nagpapataas ng PVP damage
191008,1911,8,,,{1=12%},,,,,,,,
191009,1911,9,,,{10=12%;9=12%},,,,,,,,
191010,1911,10,,,{17=800},,,\nMở khóa kỹ năng bị động giảm sát thương PVP,Buka kunci kemahiran pasif untuk mengurangkan kerosakan PVP,Buka skill pasif untuk mengurangi damage PVP,ปลดล็อกสกิลพาสซีฟเพื่อลดความเสียหายในการต่อสู้ PVP,Unlock passive skill to reduce PVP damage,I-unlock ang passive skill na nagpapababa ng PVP damage
191011,1911,11,,,{22=1200},,,,,,,,
191012,1911,12,,,{23=1200},,,,,,,,
191013,1911,13,,,{10=20%;9=20%},,,,,,,,
191014,1911,14,,,{28=10%;12=15%},,,,,,,,
191015,1911,15,,,{14=1500;25=1000},,,,,,,,
191016,1911,16,,,{17=1500;19=1000},,,,,,,,
191017,1911,17,,,{14=1000;21=1500},,,,,,,,
191018,1911,18,,,{1=20%;30=2000},,,,,,,,
191019,1911,19,,,{7=20%;8=20%},,,,,,,,
191020,1911,20,,,{10=30%;9=30%},,,,,,,,
191021,1911,21,,,{28=1500;12=2000},,,,,,,,
191022,1911,22,,,{14=1000;25=2000},,,,,,,,
191023,1911,23,,,{17=2000;19=2000},,,,,,,,
191024,1911,24,,,{15=2000;21=3000},,,,,,,,
192002,1921,2,,,{10=80;9=80},,,,,,,,
192003,1921,3,,,{25=200},,,,,,,,
192004,1921,4,,,{10=6%;9=6%},,,,,,,,
192005,1921,5,,,{1=6%},,,,,,,,
192006,1921,6,,,{10=6%;9=6%},,,,,,,,
192007,1921,7,,,{25=400},,,\nMở khóa kỹ năng bị động giảm sát thương PVP,Buka kunci kemahiran pasif untuk mengurangkan kerosakan PVP,Buka skill pasif untuk mengurangi damage PVP,ปลดล็อกสกิลพาสซีฟเพื่อลดความเสียหายในการต่อสู้ PVP,Unlock passive skill to reduce PVP damage,I-unlock ang passive skill na nagpapababa ng PVP damage
192008,1921,8,,,{1=12%},,,,,,,,
192009,1921,9,,,{10=12%;9=12%},,,,,,,,
192010,1921,10,,,{25=800},,,\nMở khóa kỹ năng bị động tăng sát thương PVP,Buka kunci kemahiran pasif untuk meningkatkan kerosakan PVP,Buka skill pasif untuk meningkatkan damage PVP,ปลดล็อกสกิลพาสซีฟเพื่อเพิ่มความเสียหายในการต่อสู้ PVP,Unlock passive skill to increase PVP damage,I-unlock ang passive skill na nagpapataas ng PVP damage
192011,1921,11,,,{22=1200},,,,,,,,
192012,1921,12,,,{23=1200},,,,,,,,
192013,1921,13,,,{10=20%;9=20%},,,,,,,,
192014,1921,14,,,{28=10%;12=15%},,,,,,,,
192015,1921,15,,,{14=1500;25=1000},,,,,,,,
192016,1921,16,,,{17=1500;19=1000},,,,,,,,
192017,1921,17,,,{14=1000;21=1500},,,,,,,,
192018,1921,18,,,{1=20%;30=2000},,,,,,,,
192019,1921,19,,,{7=20%;8=20%},,,,,,,,
192020,1921,20,,,{10=30%;9=30%},,,,,,,,
192021,1921,21,,,{28=1500;12=2000},,,,,,,,
192022,1921,22,,,{14=1000;25=2000},,,,,,,,
192023,1921,23,,,{17=2000;19=2000},,,,,,,,
192024,1921,24,,,{15=2000;21=3000},,,,,,,,
193002,1931,2,,,{1=300},,,,,,,,
193003,1931,3,,,{25=200},,,,,,,,
193004,1931,4,,,{10=6%;9=6%},,,,,,,,
193005,1931,5,,,{1=6%},,,,,,,,
193006,1931,6,,,{7=6%;8=6%},,,,,,,,
193007,1931,7,,,{91=400},,,\nMở khóa kỹ năng bị động giảm sát thương PVP,Buka kunci kemahiran pasif untuk mengurangkan kerosakan PVP,Buka skill pasif untuk mengurangi damage PVP,ปลดล็อกสกิลพาสซีฟเพื่อลดความเสียหายในการต่อสู้ PVP,Unlock passive skill to reduce PVP damage,I-unlock ang passive skill na nagpapababa ng PVP damage
193008,1931,8,,,{1=12%},,,,,,,,
193009,1931,9,,,{10=12%;9=12%},,,,,,,,
193010,1931,10,,,{91=800},,,\nMở khóa kỹ năng bị động tăng sát thương PVP,Buka kunci kemahiran pasif untuk meningkatkan kerosakan PVP,Buka skill pasif untuk meningkatkan damage PVP,ปลดล็อกสกิลพาสซีฟเพื่อเพิ่มความเสียหายในการต่อสู้ PVP,Unlock passive skill to increase PVP damage,I-unlock ang passive skill na nagpapataas ng PVP damage
193011,1931,11,,,{22=1200},,,,,,,,
193012,1931,12,,,{23=1200},,,,,,,,
193013,1931,13,,,{10=20%;9=20%},,,,,,,,
193014,1931,14,,,{28=10%;12=15%},,,,,,,,
193015,1931,15,,,{14=1500;25=1000},,,,,,,,
193016,1931,16,,,{17=1500;19=1000},,,,,,,,
193017,1931,17,,,{14=1000;21=1500},,,,,,,,
193018,1931,18,,,{1=20%;30=2000},,,,,,,,
193019,1931,19,,,{7=20%;8=20%},,,,,,,,
193020,1931,20,,,{10=30%;9=30%},,,,,,,,
193021,1931,21,,,{28=1500;12=2000},,,,,,,,
193022,1931,22,,,{14=1000;25=2000},,,,,,,,
193023,1931,23,,,{17=2000;19=2000},,,,,,,,
193024,1931,24,,,{15=2000;21=3000},,,,,,,,
194002,1941,2,,,{1=500},,,,,,,,
194003,1941,3,,,{25=300},,,,,,,,
194004,1941,4,,,{10=8%;9=8%},,,,,,,,
194005,1941,5,,,{1=8%},,,,,,,,
194006,1941,6,,,{7=8%;8=8%},,,,,,,,
194007,1941,7,,,{5=500},,,\nMở khóa kỹ năng bị động giảm sát thương PVP,Buka kunci kemahiran pasif untuk mengurangkan kerosakan PVP,Buka skill pasif untuk mengurangi damage PVP,ปลดล็อกสกิลพาสซีฟเพื่อลดความเสียหายในการต่อสู้ PVP,Unlock passive skill to reduce PVP damage,I-unlock ang passive skill na nagpapababa ng PVP damage
194008,1941,8,,,{1=15%},,,,,,,,
194009,1941,9,,,{10=15%;9=15%},,,,,,,,
194010,1941,10,,,{5=1000},,,\nMở khóa kỹ năng bị động tăng sát thương PVP,Buka kunci kemahiran pasif untuk meningkatkan kerosakan PVP,Buka skill pasif untuk meningkatkan damage PVP,ปลดล็อกสกิลพาสซีฟเพื่อเพิ่มความเสียหายในการต่อสู้ PVP,Unlock passive skill to increase PVP damage,I-unlock ang passive skill na nagpapataas ng PVP damage
194011,1941,11,,,{22=1500},,,,,,,,
194012,1941,12,,,{23=1500},,,,,,,,
194013,1941,13,,,{10=20%;9=20%},,,,,,,,
194014,1941,14,,,{28=10%;12=15%},,,,,,,,
194015,1941,15,,,{14=1500;25=1000},,,,,,,,
194016,1941,16,,,{17=1500;19=1000},,,,,,,,
194017,1941,17,,,{14=1000;21=1500},,,,,,,,
194018,1941,18,,,{1=20%;30=2000},,,,,,,,
194019,1941,19,,,{7=20%;8=20%},,,,,,,,
194020,1941,20,,,{10=30%;9=30%},,,,,,,,
194021,1941,21,,,{28=1500;12=2000},,,,,,,,
194022,1941,22,,,{14=1000;25=2000},,,,,,,,
194023,1941,23,,,{17=2000;19=2000},,,,,,,,
194024,1941,24,,,{15=2000;21=3000},,,,,,,,
195002,1951,2,,,{1=500},,,,,,,,
195003,1951,3,,,{25=300},,,,,,,,
195004,1951,4,,,{10=8%;9=8%},,,,,,,,
195005,1951,5,,,{1=8%},,,,,,,,
195006,1951,6,,,{7=8%;8=8%},,,,,,,,
195007,1951,7,,,{5=500},,,\nMở khóa kỹ năng bị động tăng sát thương PVP,Buka kunci kemahiran pasif untuk meningkatkan kerosakan PVP,Buka skill pasif untuk meningkatkan damage PVP,ปลดล็อกสกิลพาสซีฟเพื่อเพิ่มความเสียหายในการต่อสู้ PVP,Unlock passive skill to increase PVP damage,I-unlock ang passive skill na nagpapataas ng PVP damage
195008,1951,8,,,{1=15%},,,,,,,,
195009,1951,9,,,{10=15%;9=15%},,,,,,,,
195010,1951,10,,,{5=1000},,,\nMở khóa kỹ năng bị động giảm sát thương PVP,Buka kunci kemahiran pasif untuk mengurangkan kerosakan PVP,Buka skill pasif untuk mengurangi damage PVP,ปลดล็อกสกิลพาสซีฟเพื่อลดความเสียหายในการต่อสู้ PVP,Unlock passive skill to reduce PVP damage,I-unlock ang passive skill na nagpapababa ng PVP damage
195011,1951,11,,,{22=1500},,,,,,,,
195012,1951,12,,,{23=1500},,,,,,,,
195013,1951,13,,,{10=20%;9=20%},,,,,,,,
195014,1951,14,,,{28=10%;12=15%},,,,,,,,
195015,1951,15,,,{14=1500;25=1000},,,,,,,,
195016,1951,16,,,{17=1500;19=1000},,,,,,,,
195017,1951,17,,,{14=1000;21=1500},,,,,,,,
195018,1951,18,,,{1=20%;30=2000},,,,,,,,
195019,1951,19,,,{7=20%;8=20%},,,,,,,,
195020,1951,20,,,{10=30%;9=30%},,,,,,,,
195021,1951,21,,,{28=1500;12=2000},,,,,,,,
195022,1951,22,,,{14=1000;25=2000},,,,,,,,
195023,1951,23,,,{17=2000;19=2000},,,,,,,,
195024,1951,24,,,{15=2000;21=3000},,,,,,,,
196002,1961,2,,,{1=500},,,,,,,,
196003,1961,3,,,{25=300},,,,,,,,
196004,1961,4,,,{10=8%;9=8%},,,,,,,,
196005,1961,5,,,{1=8%},,,,,,,,
196006,1961,6,,,{7=8%;8=8%},,,,,,,,
196007,1961,7,,,{16=500},,,\nMở khóa kỹ năng bị động giảm sát thương PVP,Buka kunci kemahiran pasif untuk mengurangkan kerosakan PVP,Buka skill pasif untuk mengurangi damage PVP,ปลดล็อกสกิลพาสซีฟเพื่อลดความเสียหายในการต่อสู้ PVP,Unlock passive skill to reduce PVP damage,I-unlock ang passive skill na nagpapababa ng PVP damage
196008,1961,8,,,{1=15%},,,,,,,,
196009,1961,9,,,{10=15%;9=15%},,,,,,,,
196010,1961,10,,,{16=1000},,,\nMở khóa kỹ năng bị động tăng sát thương PVP,Buka kunci kemahiran pasif untuk meningkatkan kerosakan PVP,Buka skill pasif untuk meningkatkan damage PVP,ปลดล็อกสกิลพาสซีฟเพื่อเพิ่มความเสียหายในการต่อสู้ PVP,Unlock passive skill to increase PVP damage,I-unlock ang passive skill na nagpapataas ng PVP damage
196011,1961,11,,,{22=1500},,,,,,,,
196012,1961,12,,,{23=1500},,,,,,,,
196013,1961,13,,,{10=20%;9=20%},,,,,,,,
196014,1961,14,,,{28=10%;12=15%},,,,,,,,
196015,1961,15,,,{14=1500;25=1000},,,,,,,,
196016,1961,16,,,{17=1500;19=1000},,,,,,,,
196017,1961,17,,,{14=1000;21=1500},,,,,,,,
196018,1961,18,,,{1=20%;30=2000},,,,,,,,
196019,1961,19,,,{7=20%;8=20%},,,,,,,,
196020,1961,20,,,{10=30%;9=30%},,,,,,,,
196021,1961,21,,,{28=1500;12=2000},,,,,,,,
196022,1961,22,,,{14=1000;25=2000},,,,,,,,
196023,1961,23,,,{17=2000;19=2000},,,,,,,,
196024,1961,24,,,{15=2000;21=3000},,,,,,,,
197002,1971,2,,,{10=120;9=120},,,,,,,,
197003,1971,3,,,{25=300},,,,,,,,
197004,1971,4,,,{10=8%;9=8%},,,,,,,,
197005,1971,5,,,{1=8%},,,,,,,,
197006,1971,6,,,{10=8%;9=8%},,,,,,,,
197007,1971,7,,,{16=500},,,\nMở khóa kỹ năng bị động giảm sát thương PVP,Buka kunci kemahiran pasif untuk mengurangkan kerosakan PVP,Buka skill pasif untuk mengurangi damage PVP,ปลดล็อกสกิลพาสซีฟเพื่อลดความเสียหายในการต่อสู้ PVP,Unlock passive skill to reduce PVP damage,I-unlock ang passive skill na nagpapababa ng PVP damage
197008,1971,8,,,{1=15%},,,,,,,,
197009,1971,9,,,{10=15%;9=15%},,,,,,,,
197010,1971,10,,,{16=1000},,,\nMở khóa kỹ năng bị động tăng sát thương PVP,Buka kunci kemahiran pasif untuk meningkatkan kerosakan PVP,Buka skill pasif untuk meningkatkan damage PVP,ปลดล็อกสกิลพาสซีฟเพื่อเพิ่มความเสียหายในการต่อสู้ PVP,Unlock passive skill to increase PVP damage,I-unlock ang passive skill na nagpapataas ng PVP damage
197011,1971,11,,,{22=1500},,,,,,,,
197012,1971,12,,,{23=1500},,,,,,,,
197013,1971,13,,,{10=20%;9=20%},,,,,,,,
197014,1971,14,,,{28=10%;12=15%},,,,,,,,
197015,1971,15,,,{14=1500;25=1000},,,,,,,,
197016,1971,16,,,{17=1500;19=1000},,,,,,,,
197017,1971,17,,,{14=1000;21=1500},,,,,,,,
197018,1971,18,,,{1=20%;30=2000},,,,,,,,
197019,1971,19,,,{7=20%;8=20%},,,,,,,,
197020,1971,20,,,{10=30%;9=30%},,,,,,,,
197021,1971,21,,,{28=1500;12=2000},,,,,,,,
197022,1971,22,,,{14=1000;25=2000},,,,,,,,
197023,1971,23,,,{17=2000;19=2000},,,,,,,,
197024,1971,24,,,{15=2000;21=3000},,,,,,,,
198002,1981,2,,,{7=120;8=120},,,,,,,,
198003,1981,3,,,{24=300},,,,,,,,
198004,1981,4,,,{7=8%;8=8%},,,,,,,,
198005,1981,5,,,{1=8%},,,,,,,,
198006,1981,6,,,{7=8%;8=8%},,,,,,,,
198007,1981,7,,,{24=500},,,\nMở khóa kỹ năng bị động tăng sát thương PVP,Buka kunci kemahiran pasif untuk meningkatkan kerosakan PVP,Buka skill pasif untuk meningkatkan damage PVP,ปลดล็อกสกิลพาสซีฟเพื่อเพิ่มความเสียหายในการต่อสู้ PVP,Unlock passive skill to increase PVP damage,I-unlock ang passive skill na nagpapataas ng PVP damage
198008,1981,8,,,{1=15%},,,,,,,,
198009,1981,9,,,{7=15%;8=15%},,,,,,,,
198010,1981,10,,,{24=1000},,,\nMở khóa kỹ năng bị động giảm sát thương PVP,Buka kunci kemahiran pasif untuk mengurangkan kerosakan PVP,Buka skill pasif untuk mengurangi damage PVP,ปลดล็อกสกิลพาสซีฟเพื่อลดความเสียหายในการต่อสู้ PVP,Unlock passive skill to reduce PVP damage,I-unlock ang passive skill na nagpapababa ng PVP damage
198011,1981,11,,,{22=1500},,,,,,,,
198012,1981,12,,,{23=1500},,,,,,,,
198013,1981,13,,,{10=20%;9=20%},,,,,,,,
198014,1981,14,,,{28=10%;12=15%},,,,,,,,
198015,1981,15,,,{14=1500;25=1000},,,,,,,,
198016,1981,16,,,{17=1500;19=1000},,,,,,,,
198017,1981,17,,,{14=1000;21=1500},,,,,,,,
198018,1981,18,,,{1=20%;30=2000},,,,,,,,
198019,1981,19,,,{7=20%;8=20%},,,,,,,,
198020,1981,20,,,{10=30%;9=30%},,,,,,,,
198021,1981,21,,,{28=1500;12=2000},,,,,,,,
198022,1981,22,,,{14=1000;25=2000},,,,,,,,
198023,1981,23,,,{17=2000;19=2000},,,,,,,,
198024,1981,24,,,{15=2000;21=3000},,,,,,,,
199002,1991,2,,,{1=500},,,,,,,,
199003,1991,3,,,{25=300},,,,,,,,
199004,1991,4,,,{10=8%;9=8%},,,,,,,,
199005,1991,5,,,{1=8%},,,,,,,,
199006,1991,6,,,{7=8%;8=8%},,,,,,,,
199007,1991,7,,,{17=500},,,\nMở khóa kỹ năng bị động giảm sát thương PVP,Buka kunci kemahiran pasif untuk mengurangkan kerosakan PVP,Buka skill pasif untuk mengurangi damage PVP,ปลดล็อกสกิลพาสซีฟเพื่อลดความเสียหายในการต่อสู้ PVP,Unlock passive skill to reduce PVP damage,I-unlock ang passive skill na nagpapababa ng PVP damage
199008,1991,8,,,{1=15%},,,,,,,,
199009,1991,9,,,{10=15%;9=15%},,,,,,,,
199010,1991,10,,,{17=1000},,,\nMở khóa kỹ năng bị động tăng sát thương PVP,Buka kunci kemahiran pasif untuk meningkatkan kerosakan PVP,Buka skill pasif untuk meningkatkan damage PVP,ปลดล็อกสกิลพาสซีฟเพื่อเพิ่มความเสียหายในการต่อสู้ PVP,Unlock passive skill to increase PVP damage,I-unlock ang passive skill na nagpapataas ng PVP damage
199011,1991,11,,,{22=1500},,,,,,,,
199012,1991,12,,,{23=1500},,,,,,,,
199013,1991,13,,,{10=20%;9=20%},,,,,,,,
199014,1991,14,,,{28=10%;12=15%},,,,,,,,
199015,1991,15,,,{14=1500;25=1000},,,,,,,,
199016,1991,16,,,{17=1500;19=1000},,,,,,,,
199017,1991,17,,,{14=1000;21=1500},,,,,,,,
199018,1991,18,,,{1=20%;30=2000},,,,,,,,
199019,1991,19,,,{7=20%;8=20%},,,,,,,,
199020,1991,20,,,{10=30%;9=30%},,,,,,,,
199021,1991,21,,,{28=1500;12=2000},,,,,,,,
199022,1991,22,,,{14=1000;25=2000},,,,,,,,
199023,1991,23,,,{17=2000;19=2000},,,,,,,,
199024,1991,24,,,{15=2000;21=3000},,,,,,,,
201002,2011,2,,,{7=80;8=80},,,,,,,,
201003,2011,3,,,{25=200},,,,,,,,
201004,2011,4,,,{7=5%;8=5%},,,,,,,,
201005,2011,5,,,{1=5%},,,,,,,,
201006,2011,6,,,{10=5%;9=5%},,,,,,,,
201007,2011,7,,,{28=300},,,\nMở khóa kỹ năng bị động giảm sát thương PVP,Buka kunci kemahiran pasif untuk mengurangkan kerosakan PVP,Buka skill pasif untuk mengurangi damage PVP,ปลดล็อกสกิลพาสซีฟเพื่อลดความเสียหายในการต่อสู้ PVP,Unlock passive skill to reduce PVP damage,I-unlock ang passive skill na nagpapababa ng PVP damage
201008,2011,8,,,{1=10%},,,,,,,,
201009,2011,9,,,{7=10%;8=10%},,,,,,,,
201010,2011,10,,,{28=600},,,\nMở khóa kỹ năng bị động tăng sát thương PVP,Buka kunci kemahiran pasif untuk meningkatkan kerosakan PVP,Buka skill pasif untuk meningkatkan damage PVP,ปลดล็อกสกิลพาสซีฟเพื่อเพิ่มความเสียหายในการต่อสู้ PVP,Unlock passive skill to increase PVP damage,I-unlock ang passive skill na nagpapataas ng PVP damage
201011,2011,11,,,{22=1000},,,,,,,,
201012,2011,12,,,{23=1000},,,,,,,,
201013,2011,13,,,{10=20%;9=20%},,,,,,,,
201014,2011,14,,,{28=10%;12=15%},,,,,,,,
201015,2011,15,,,{14=1500;25=1000},,,,,,,,
201016,2011,16,,,{17=1500;19=1000},,,,,,,,
201017,2011,17,,,{14=1000;21=1500},,,,,,,,
201018,2011,18,,,{1=20%;30=2000},,,,,,,,
201019,2011,19,,,{7=20%;8=20%},,,,,,,,
201020,2011,20,,,{10=30%;9=30%},,,,,,,,
201021,2011,21,,,{28=1500;12=2000},,,,,,,,
201022,2011,22,,,{14=1000;25=2000},,,,,,,,
201023,2011,23,,,{17=2000;19=2000},,,,,,,,
201024,2011,24,,,{15=2000;21=3000},,,,,,,,
202002,2021,2,,,{7=80;8=80},,,,,,,,
202003,2021,3,,,{24=200},,,,,,,,
202004,2021,4,,,{7=6%;8=6%},,,,,,,,
202005,2021,5,,,{1=6%},,,,,,,,
202006,2021,6,,,{7=6%;8=6%},,,,,,,,
202007,2021,7,,,{14=400},,,\nMở khóa kỹ năng bị động tăng sát thương PVP,Buka kunci kemahiran pasif untuk meningkatkan kerosakan PVP,Buka skill pasif untuk meningkatkan damage PVP,ปลดล็อกสกิลพาสซีฟเพื่อเพิ่มความเสียหายในการต่อสู้ PVP,Unlock passive skill to increase PVP damage,I-unlock ang passive skill na nagpapataas ng PVP damage
202008,2021,8,,,{1=12%},,,,,,,,
202009,2021,9,,,{7=12%;8=12%},,,,,,,,
202010,2021,10,,,{14=800},,,\nMở khóa kỹ năng bị động giảm sát thương PVP,Buka kunci kemahiran pasif untuk mengurangkan kerosakan PVP,Buka skill pasif untuk mengurangi damage PVP,ปลดล็อกสกิลพาสซีฟเพื่อลดความเสียหายในการต่อสู้ PVP,Unlock passive skill to reduce PVP damage,I-unlock ang passive skill na nagpapababa ng PVP damage
202011,2021,11,,,{22=1200},,,,,,,,
202012,2021,12,,,{23=1200},,,,,,,,
202013,2021,13,,,{10=20%;9=20%},,,,,,,,
202014,2021,14,,,{28=10%;12=15%},,,,,,,,
202015,2021,15,,,{14=1500;25=1000},,,,,,,,
202016,2021,16,,,{17=1500;19=1000},,,,,,,,
202017,2021,17,,,{14=1000;21=1500},,,,,,,,
202018,2021,18,,,{1=20%;30=2000},,,,,,,,
202019,2021,19,,,{7=20%;8=20%},,,,,,,,
202020,2021,20,,,{10=30%;9=30%},,,,,,,,
202021,2021,21,,,{28=1500;12=2000},,,,,,,,
202022,2021,22,,,{14=1000;25=2000},,,,,,,,
202023,2021,23,,,{17=2000;19=2000},,,,,,,,
202024,2021,24,,,{15=2000;21=3000},,,,,,,,
203002,2031,2,,,{7=80;8=80},,,,,,,,
203003,2031,3,,,{24=200},,,,,,,,
203004,2031,4,,,{7=6%;8=6%},,,,,,,,
203005,2031,5,,,{1=6%},,,,,,,,
203006,2031,6,,,{7=6%;8=6%},,,,,,,,
203007,2031,7,,,{24=400},,,\nMở khóa kỹ năng bị động giảm sát thương PVP,Buka kunci kemahiran pasif untuk mengurangkan kerosakan PVP,Buka skill pasif untuk mengurangi damage PVP,ปลดล็อกสกิลพาสซีฟเพื่อลดความเสียหายในการต่อสู้ PVP,Unlock passive skill to reduce PVP damage,I-unlock ang passive skill na nagpapababa ng PVP damage
203008,2031,8,,,{1=12%},,,,,,,,
203009,2031,9,,,{7=12%;8=12%},,,,,,,,
203010,2031,10,,,{24=800},,,\nMở khóa kỹ năng bị động tăng sát thương PVP,Buka kunci kemahiran pasif untuk meningkatkan kerosakan PVP,Buka skill pasif untuk meningkatkan damage PVP,ปลดล็อกสกิลพาสซีฟเพื่อเพิ่มความเสียหายในการต่อสู้ PVP,Unlock passive skill to increase PVP damage,I-unlock ang passive skill na nagpapataas ng PVP damage
203011,2031,11,,,{22=1200},,,,,,,,
203012,2031,12,,,{23=1200},,,,,,,,
203013,2031,13,,,{10=20%;9=20%},,,,,,,,
203014,2031,14,,,{28=10%;12=15%},,,,,,,,
203015,2031,15,,,{14=1500;25=1000},,,,,,,,
203016,2031,16,,,{17=1500;19=1000},,,,,,,,
203017,2031,17,,,{14=1000;21=1500},,,,,,,,
203018,2031,18,,,{1=20%;30=2000},,,,,,,,
203019,2031,19,,,{7=20%;8=20%},,,,,,,,
203020,2031,20,,,{10=30%;9=30%},,,,,,,,
203021,2031,21,,,{28=1500;12=2000},,,,,,,,
203022,2031,22,,,{14=1000;25=2000},,,,,,,,
203023,2031,23,,,{17=2000;19=2000},,,,,,,,
203024,2031,24,,,{15=2000;21=3000},,,,,,,,
207002,2071,2,,,{7=80;8=80},,,,,,,,
207003,2071,3,,,{24=200},,,,,,,,
207004,2071,4,,,{7=5%;8=5%},,,,,,,,
207005,2071,5,,,{1=5%},,,,,,,,
207006,2071,6,,,{7=5%;8=5%},,,,,,,,
207007,2071,7,,,{24=300},,,\nMở khóa kỹ năng bị động tăng sát thương PVP,Buka kunci kemahiran pasif untuk meningkatkan kerosakan PVP,Buka skill pasif untuk meningkatkan damage PVP,ปลดล็อกสกิลพาสซีฟเพื่อเพิ่มความเสียหายในการต่อสู้ PVP,Unlock passive skill to increase PVP damage,I-unlock ang passive skill na nagpapataas ng PVP damage
207008,2071,8,,,{1=10%},,,,,,,,
207009,2071,9,,,{7=10%;8=10%},,,,,,,,
207010,2071,10,,,{24=600},,,\nMở khóa kỹ năng bị động giảm sát thương PVP,Buka kunci kemahiran pasif untuk mengurangkan kerosakan PVP,Buka skill pasif untuk mengurangi damage PVP,ปลดล็อกสกิลพาสซีฟเพื่อลดความเสียหายในการต่อสู้ PVP,Unlock passive skill to reduce PVP damage,I-unlock ang passive skill na nagpapababa ng PVP damage
207011,2071,11,,,{22=1000},,,,,,,,
207012,2071,12,,,{23=1000},,,,,,,,
207013,2071,13,,,{10=20%;9=20%},,,,,,,,
207014,2071,14,,,{28=10%;12=15%},,,,,,,,
207015,2071,15,,,{14=1500;25=1000},,,,,,,,
207016,2071,16,,,{17=1500;19=1000},,,,,,,,
207017,2071,17,,,{14=1000;21=1500},,,,,,,,
207018,2071,18,,,{1=20%;30=2000},,,,,,,,
207019,2071,19,,,{7=20%;8=20%},,,,,,,,
207020,2071,20,,,{10=30%;9=30%},,,,,,,,
207021,2071,21,,,{28=1500;12=2000},,,,,,,,
207022,2071,22,,,{14=1000;25=2000},,,,,,,,
207023,2071,23,,,{17=2000;19=2000},,,,,,,,
207024,2071,24,,,{15=2000;21=3000},,,,,,,,
223002,2231,2,,,{7=120;8=120},,,,,,,,
223003,2231,3,,,{24=300},,,,,,,,
223004,2231,4,,,{7=8%;8=8%},,,,,,,,
223005,2231,5,,,{1=8%},,,,,,,,
223006,2231,6,,,{7=8%;8=8%},,,,,,,,
223007,2231,7,,,{24=500},,,\nMở khóa kỹ năng bị động tăng sát thương PVP,Buka kunci kemahiran pasif untuk meningkatkan kerosakan PVP,Buka skill pasif untuk meningkatkan damage PVP,ปลดล็อกสกิลพาสซีฟเพื่อเพิ่มความเสียหายในการต่อสู้ PVP,Unlock passive skill to increase PVP damage,I-unlock ang passive skill na nagpapataas ng PVP damage
223008,2231,8,,,{1=15%},,,,,,,,
223009,2231,9,,,{7=15%;8=15%},,,,,,,,
223010,2231,10,,,{24=1000},,,\nMở khóa kỹ năng bị động giảm sát thương PVP,Buka kunci kemahiran pasif untuk mengurangkan kerosakan PVP,Buka skill pasif untuk mengurangi damage PVP,ปลดล็อกสกิลพาสซีฟเพื่อลดความเสียหายในการต่อสู้ PVP,Unlock passive skill to reduce PVP damage,I-unlock ang passive skill na nagpapababa ng PVP damage
223011,2231,11,,,{22=1500},,,,,,,,
223012,2231,12,,,{23=1500},,,,,,,,
223013,2231,13,,,{10=20%;9=20%},,,,,,,,
223014,2231,14,,,{28=10%;12=15%},,,,,,,,
223015,2231,15,,,{14=1500;25=1000},,,,,,,,
223016,2231,16,,,{17=1500;19=1000},,,,,,,,
223017,2231,17,,,{14=1000;21=1500},,,,,,,,
223018,2231,18,,,{1=20%;30=2000},,,,,,,,
223019,2231,19,,,{7=20%;8=20%},,,,,,,,
223020,2231,20,,,{10=30%;9=30%},,,,,,,,
223021,2231,21,,,{28=1500;12=2000},,,,,,,,
223022,2231,22,,,{14=1000;25=2000},,,,,,,,
223023,2231,23,,,{17=2000;19=2000},,,,,,,,
223024,2231,24,,,{15=2000;21=3000},,,,,,,,
224002,2241,2,,,{7=80;8=80},,,,,,,,
224003,2241,3,,,{24=200},,,,,,,,
224004,2241,4,,,{7=6%;8=6%},,,,,,,,
224005,2241,5,,,{1=6%},,,,,,,,
224006,2241,6,,,{7=6%;8=6%},,,,,,,,
224007,2241,7,,,{24=400},,,\nMở khóa kỹ năng bị động tăng sát thương PVP,Buka kunci kemahiran pasif untuk meningkatkan kerosakan PVP,Buka skill pasif untuk meningkatkan damage PVP,ปลดล็อกสกิลพาสซีฟเพื่อเพิ่มความเสียหายในการต่อสู้ PVP,Unlock passive skill to increase PVP damage,I-unlock ang passive skill na nagpapataas ng PVP damage
224008,2241,8,,,{1=12%},,,,,,,,
224009,2241,9,,,{7=12%;8=12%},,,,,,,,
224010,2241,10,,,{24=800},,,\nMở khóa kỹ năng bị động giảm sát thương PVP,Buka kunci kemahiran pasif untuk mengurangkan kerosakan PVP,Buka skill pasif untuk mengurangi damage PVP,ปลดล็อกสกิลพาสซีฟเพื่อลดความเสียหายในการต่อสู้ PVP,Unlock passive skill to reduce PVP damage,I-unlock ang passive skill na nagpapababa ng PVP damage
224011,2241,11,,,{22=1200},,,,,,,,
224012,2241,12,,,{23=1200},,,,,,,,
224013,2241,13,,,{10=20%;9=20%},,,,,,,,
224014,2241,14,,,{28=10%;12=15%},,,,,,,,
224015,2241,15,,,{14=1500;25=1000},,,,,,,,
224016,2241,16,,,{17=1500;19=1000},,,,,,,,
224017,2241,17,,,{14=1000;21=1500},,,,,,,,
224018,2241,18,,,{1=20%;30=2000},,,,,,,,
224019,2241,19,,,{7=20%;8=20%},,,,,,,,
224020,2241,20,,,{10=30%;9=30%},,,,,,,,
224021,2241,21,,,{28=1500;12=2000},,,,,,,,
224022,2241,22,,,{14=1000;25=2000},,,,,,,,
224023,2241,23,,,{17=2000;19=2000},,,,,,,,
224024,2241,24,,,{15=2000;21=3000},,,,,,,,
227002,2271,2,,,{7=80;8=80},,,,,,,,
227003,2271,3,,,{24=200},,,,,,,,
227004,2271,4,,,{7=5%;8=5%},,,,,,,,
227005,2271,5,,,{1=5%},,,,,,,,
227006,2271,6,,,{7=5%;8=5%},,,,,,,,
227007,2271,7,,,{24=300},,,\nMở khóa kỹ năng bị động tăng sát thương PVP,Buka kunci kemahiran pasif untuk meningkatkan kerosakan PVP,Buka skill pasif untuk meningkatkan damage PVP,ปลดล็อกสกิลพาสซีฟเพื่อเพิ่มความเสียหายในการต่อสู้ PVP,Unlock passive skill to increase PVP damage,I-unlock ang passive skill na nagpapataas ng PVP damage
227008,2271,8,,,{1=10%},,,,,,,,
227009,2271,9,,,{7=10%;8=10%},,,,,,,,
227010,2271,10,,,{24=600},,,\nMở khóa kỹ năng bị động giảm sát thương PVP,Buka kunci kemahiran pasif untuk mengurangkan kerosakan PVP,Buka skill pasif untuk mengurangi damage PVP,ปลดล็อกสกิลพาสซีฟเพื่อลดความเสียหายในการต่อสู้ PVP,Unlock passive skill to reduce PVP damage,I-unlock ang passive skill na nagpapababa ng PVP damage
227011,2271,11,,,{22=1000},,,,,,,,
227012,2271,12,,,{23=1000},,,,,,,,
227013,2271,13,,,{10=20%;9=20%},,,,,,,,
227014,2271,14,,,{28=10%;12=15%},,,,,,,,
227015,2271,15,,,{14=1500;25=1000},,,,,,,,
227016,2271,16,,,{17=1500;19=1000},,,,,,,,
227017,2271,17,,,{14=1000;21=1500},,,,,,,,
227018,2271,18,,,{1=20%;30=2000},,,,,,,,
227019,2271,19,,,{7=20%;8=20%},,,,,,,,
227020,2271,20,,,{10=30%;9=30%},,,,,,,,
227021,2271,21,,,{28=1500;12=2000},,,,,,,,
227022,2271,22,,,{14=1000;25=2000},,,,,,,,
227023,2271,23,,,{17=2000;19=2000},,,,,,,,
227024,2271,24,,,{15=2000;21=3000},,,,,,,,
230002,2301,2,,,{7=80;8=80},,,,,,,,
230003,2301,3,,,{24=200},,,,,,,,
230004,2301,4,,,{7=5%;8=5%},,,,,,,,
230005,2301,5,,,{1=5%},,,,,,,,
230006,2301,6,,,{10=5%;9=5%},,,,,,,,
230007,2301,7,,,{90=300},,,\nMở khóa kỹ năng bị động tăng sát thương PVP,Buka kunci kemahiran pasif untuk meningkatkan kerosakan PVP,Buka skill pasif untuk meningkatkan damage PVP,ปลดล็อกสกิลพาสซีฟเพื่อเพิ่มความเสียหายในการต่อสู้ PVP,Unlock passive skill to increase PVP damage,I-unlock ang passive skill na nagpapataas ng PVP damage
230008,2301,8,,,{1=10%},,,,,,,,
230009,2301,9,,,{7=10%;8=10%},,,,,,,,
230010,2301,10,,,{90=600},,,\nMở khóa kỹ năng bị động giảm sát thương PVP,Buka kunci kemahiran pasif untuk mengurangkan kerosakan PVP,Buka skill pasif untuk mengurangi damage PVP,ปลดล็อกสกิลพาสซีฟเพื่อลดความเสียหายในการต่อสู้ PVP,Unlock passive skill to reduce PVP damage,I-unlock ang passive skill na nagpapababa ng PVP damage
230011,2301,11,,,{22=1000},,,,,,,,
230012,2301,12,,,{23=1000},,,,,,,,
230013,2301,13,,,{10=20%;9=20%},,,,,,,,
230014,2301,14,,,{28=10%;12=15%},,,,,,,,
230015,2301,15,,,{14=1500;25=1000},,,,,,,,
230016,2301,16,,,{17=1500;19=1000},,,,,,,,
230017,2301,17,,,{14=1000;21=1500},,,,,,,,
230018,2301,18,,,{1=20%;30=2000},,,,,,,,
230019,2301,19,,,{7=20%;8=20%},,,,,,,,
230020,2301,20,,,{10=30%;9=30%},,,,,,,,
230021,2301,21,,,{28=1500;12=2000},,,,,,,,
230022,2301,22,,,{14=1000;25=2000},,,,,,,,
230023,2301,23,,,{17=2000;19=2000},,,,,,,,
230024,2301,24,,,{15=2000;21=3000},,,,,,,,
235002,2351,2,,,{7=120;8=120},,,,,,,,
235003,2351,3,,,{24=300},,,,,,,,
235004,2351,4,,,{7=8%;8=8%},,,,,,,,
235005,2351,5,,,{1=8%},,,,,,,,
235006,2351,6,,,{7=8%;8=8%},,,,,,,,
235007,2351,7,,,{5=500},,,\nMở khóa kỹ năng bị động tăng sát thương PVP,Buka kunci kemahiran pasif untuk meningkatkan kerosakan PVP,Buka skill pasif untuk meningkatkan damage PVP,ปลดล็อกสกิลพาสซีฟเพื่อเพิ่มความเสียหายในการต่อสู้ PVP,Unlock passive skill to increase PVP damage,I-unlock ang passive skill na nagpapataas ng PVP damage
235008,2351,8,,,{1=15%},,,,,,,,
235009,2351,9,,,{7=15%;8=15%},,,,,,,,
235010,2351,10,,,{5=1000},,,\nMở khóa kỹ năng bị động giảm sát thương PVP,Buka kunci kemahiran pasif untuk mengurangkan kerosakan PVP,Buka skill pasif untuk mengurangi damage PVP,ปลดล็อกสกิลพาสซีฟเพื่อลดความเสียหายในการต่อสู้ PVP,Unlock passive skill to reduce PVP damage,I-unlock ang passive skill na nagpapababa ng PVP damage
235011,2351,11,,,{22=1500},,,,,,,,
235012,2351,12,,,{23=1500},,,,,,,,
235013,2351,13,,,{10=20%;9=20%},,,,,,,,
235014,2351,14,,,{28=10%;12=15%},,,,,,,,
235015,2351,15,,,{14=1500;25=1000},,,,,,,,
235016,2351,16,,,{17=1500;19=1000},,,,,,,,
235017,2351,17,,,{14=1000;21=1500},,,,,,,,
235018,2351,18,,,{1=20%;30=2000},,,,,,,,
235019,2351,19,,,{7=20%;8=20%},,,,,,,,
235020,2351,20,,,{10=30%;9=30%},,,,,,,,
235021,2351,21,,,{28=1500;12=2000},,,,,,,,
235022,2351,22,,,{14=1000;25=2000},,,,,,,,
235023,2351,23,,,{17=2000;19=2000},,,,,,,,
235024,2351,24,,,{15=2000;21=3000},,,,,,,,
236002,2361,2,,,{7=120;8=120},,,,,,,,
236003,2361,3,,,{24=300},,,,,,,,
236004,2361,4,,,{7=8%;8=8%},,,,,,,,
236005,2361,5,,,{1=8%},,,,,,,,
236006,2361,6,,,{7=8%;8=8%},,,,,,,,
236007,2361,7,,,{15=750},,,\nMở khóa kỹ năng bị động tăng sát thương PVP,Buka kunci kemahiran pasif untuk meningkatkan kerosakan PVP,Buka skill pasif untuk meningkatkan damage PVP,ปลดล็อกสกิลพาสซีฟเพื่อเพิ่มความเสียหายในการต่อสู้ PVP,Unlock passive skill to increase PVP damage,I-unlock ang passive skill na nagpapataas ng PVP damage
236008,2361,8,,,{1=15%},,,,,,,,
236009,2361,9,,,{7=15%;8=15%},,,,,,,,
236010,2361,10,,,{15=1500},,,\nMở khóa kỹ năng bị động giảm sát thương PVP,Buka kunci kemahiran pasif untuk mengurangkan kerosakan PVP,Buka skill pasif untuk mengurangi damage PVP,ปลดล็อกสกิลพาสซีฟเพื่อลดความเสียหายในการต่อสู้ PVP,Unlock passive skill to reduce PVP damage,I-unlock ang passive skill na nagpapababa ng PVP damage
236011,2361,11,,,{22=1500},,,,,,,,
236012,2361,12,,,{23=1500},,,,,,,,
236013,2361,13,,,{10=20%;9=20%},,,,,,,,
236014,2361,14,,,{28=10%;12=15%},,,,,,,,
236015,2361,15,,,{14=1500;25=1000},,,,,,,,
236016,2361,16,,,{17=1500;19=1000},,,,,,,,
236017,2361,17,,,{14=1000;21=1500},,,,,,,,
236018,2361,18,,,{1=20%;30=2000},,,,,,,,
236019,2361,19,,,{7=20%;8=20%},,,,,,,,
236020,2361,20,,,{10=30%;9=30%},,,,,,,,
236021,2361,21,,,{28=1500;12=2000},,,,,,,,
236022,2361,22,,,{14=1000;25=2000},,,,,,,,
236023,2361,23,,,{17=2000;19=2000},,,,,,,,
236024,2361,24,,,{15=2000;21=3000},,,,,,,,
238002,2381,2,,,{7=120;8=120},,,,,,,,
238003,2381,3,,,{24=300},,,,,,,,
238004,2381,4,,,{7=8%;8=8%},,,,,,,,
238005,2381,5,,,{1=8%},,,,,,,,
238006,2381,6,,,{7=8%;8=8%},,,,,,,,
238007,2381,7,,,{24=500},,,\nMở khóa kỹ năng bị động tăng sát thương PVP,Buka kunci kemahiran pasif untuk meningkatkan kerosakan PVP,Buka skill pasif untuk meningkatkan damage PVP,ปลดล็อกสกิลพาสซีฟเพื่อเพิ่มความเสียหายในการต่อสู้ PVP,Unlock passive skill to increase PVP damage,I-unlock ang passive skill na nagpapataas ng PVP damage
238008,2381,8,,,{1=15%},,,,,,,,
238009,2381,9,,,{7=15%;8=15%},,,,,,,,
238010,2381,10,,,{24=1000},,,\nMở khóa kỹ năng bị động giảm sát thương PVP,Buka kunci kemahiran pasif untuk mengurangkan kerosakan PVP,Buka skill pasif untuk mengurangi damage PVP,ปลดล็อกสกิลพาสซีฟเพื่อลดความเสียหายในการต่อสู้ PVP,Unlock passive skill to reduce PVP damage,I-unlock ang passive skill na nagpapababa ng PVP damage
238011,2381,11,,,{22=1500},,,,,,,,
238012,2381,12,,,{23=1500},,,,,,,,
238013,2381,13,,,{10=20%;9=20%},,,,,,,,
238014,2381,14,,,{28=10%;12=15%},,,,,,,,
238015,2381,15,,,{14=1500;25=1000},,,,,,,,
238016,2381,16,,,{17=1500;19=1000},,,,,,,,
238017,2381,17,,,{14=1000;21=1500},,,,,,,,
238018,2381,18,,,{1=20%;30=2000},,,,,,,,
238019,2381,19,,,{7=20%;8=20%},,,,,,,,
238020,2381,20,,,{10=30%;9=30%},,,,,,,,
238021,2381,21,,,{28=1500;12=2000},,,,,,,,
238022,2381,22,,,{14=1000;25=2000},,,,,,,,
238023,2381,23,,,{17=2000;19=2000},,,,,,,,
238024,2381,24,,,{15=2000;21=3000},,,,,,,,
239002,2391,2,,,{10=120;9=120},,,,,,,,
239003,2391,3,,,{25=300},,,,,,,,
239004,2391,4,,,{10=8%;9=8%},,,,,,,,
239005,2391,5,,,{1=8%},,,,,,,,
239006,2391,6,,,{10=8%;9=8%},,,,,,,,
239007,2391,7,,,{25=500},,,\nMở khóa kỹ năng bị động giảm sát thương PVP,Buka kunci kemahiran pasif untuk mengurangkan kerosakan PVP,Buka skill pasif untuk mengurangi damage PVP,ปลดล็อกสกิลพาสซีฟเพื่อลดความเสียหายในการต่อสู้ PVP,Unlock passive skill to reduce PVP damage,I-unlock ang passive skill na nagpapababa ng PVP damage
239008,2391,8,,,{1=15%},,,,,,,,
239009,2391,9,,,{10=15%;9=15%},,,,,,,,
239010,2391,10,,,{25=1000},,,\nMở khóa kỹ năng bị động tăng sát thương PVP,Buka kunci kemahiran pasif untuk meningkatkan kerosakan PVP,Buka skill pasif untuk meningkatkan damage PVP,ปลดล็อกสกิลพาสซีฟเพื่อเพิ่มความเสียหายในการต่อสู้ PVP,Unlock passive skill to increase PVP damage,I-unlock ang passive skill na nagpapataas ng PVP damage
239011,2391,11,,,{22=1500},,,,,,,,
239012,2391,12,,,{23=1500},,,,,,,,
239013,2391,13,,,{10=20%;9=20%},,,,,,,,
239014,2391,14,,,{28=10%;12=15%},,,,,,,,
239015,2391,15,,,{14=1500;25=1000},,,,,,,,
239016,2391,16,,,{17=1500;19=1000},,,,,,,,
239017,2391,17,,,{14=1000;21=1500},,,,,,,,
239018,2391,18,,,{1=20%;30=2000},,,,,,,,
239019,2391,19,,,{7=20%;8=20%},,,,,,,,
239020,2391,20,,,{10=30%;9=30%},,,,,,,,
239021,2391,21,,,{28=1500;12=2000},,,,,,,,
239022,2391,22,,,{14=1000;25=2000},,,,,,,,
239023,2391,23,,,{17=2000;19=2000},,,,,,,,
239024,2391,24,,,{15=2000;21=3000},,,,,,,,
240002,2401,2,,,{1=500},,,,,,,,
240003,2401,3,,,{25=300},,,,,,,,
240004,2401,4,,,{10=8%;9=8%},,,,,,,,
240005,2401,5,,,{1=8%},,,,,,,,
240006,2401,6,,,{7=8%;8=8%},,,,,,,,
240007,2401,7,,,{5=500},,,\nMở khóa kỹ năng bị động giảm sát thương PVP,Buka kunci kemahiran pasif untuk mengurangkan kerosakan PVP,Buka skill pasif untuk mengurangi damage PVP,ปลดล็อกสกิลพาสซีฟเพื่อลดความเสียหายในการต่อสู้ PVP,Unlock passive skill to reduce PVP damage,I-unlock ang passive skill na nagpapababa ng PVP damage
240008,2401,8,,,{1=15%},,,,,,,,
240009,2401,9,,,{10=15%;9=15%},,,,,,,,
240010,2401,10,,,{5=1000},,,\nMở khóa kỹ năng bị động tăng sát thương PVP,Buka kunci kemahiran pasif untuk meningkatkan kerosakan PVP,Buka skill pasif untuk meningkatkan damage PVP,ปลดล็อกสกิลพาสซีฟเพื่อเพิ่มความเสียหายในการต่อสู้ PVP,Unlock passive skill to increase PVP damage,I-unlock ang passive skill na nagpapataas ng PVP damage
240011,2401,11,,,{22=1500},,,,,,,,
240012,2401,12,,,{23=1500},,,,,,,,
240013,2401,13,,,{10=20%;9=20%},,,,,,,,
240014,2401,14,,,{28=10%;12=15%},,,,,,,,
240015,2401,15,,,{14=1500;25=1000},,,,,,,,
240016,2401,16,,,{17=1500;19=1000},,,,,,,,
240017,2401,17,,,{14=1000;21=1500},,,,,,,,
240018,2401,18,,,{1=20%;30=2000},,,,,,,,
240019,2401,19,,,{7=20%;8=20%},,,,,,,,
240020,2401,20,,,{10=30%;9=30%},,,,,,,,
240021,2401,21,,,{28=1500;12=2000},,,,,,,,
240022,2401,22,,,{14=1000;25=2000},,,,,,,,
240023,2401,23,,,{17=2000;19=2000},,,,,,,,
240024,2401,24,,,{15=2000;21=3000},,,,,,,,
243002,2431,2,,,{7=120;8=120},,,,,,,,
243003,2431,3,,,{24=300},,,,,,,,
243004,2431,4,,,{7=8%;8=8%},,,,,,,,
243005,2431,5,,,{1=8%},,,,,,,,
243006,2431,6,,,{10=8%;9=8%},,,,,,,,
243007,2431,7,,,{90=500},,,\nMở khóa kỹ năng bị động tăng sát thương PVP,Buka kunci kemahiran pasif untuk meningkatkan kerosakan PVP,Buka skill pasif untuk meningkatkan damage PVP,ปลดล็อกสกิลพาสซีฟเพื่อเพิ่มความเสียหายในการต่อสู้ PVP,Unlock passive skill to increase PVP damage,I-unlock ang passive skill na nagpapataas ng PVP damage
243008,2431,8,,,{1=15%},,,,,,,,
243009,2431,9,,,{7=15%;8=15%},,,,,,,,
243010,2431,10,,,{90=1000},,,\nMở khóa kỹ năng bị động giảm sát thương PVP,Buka kunci kemahiran pasif untuk mengurangkan kerosakan PVP,Buka skill pasif untuk mengurangi damage PVP,ปลดล็อกสกิลพาสซีฟเพื่อลดความเสียหายในการต่อสู้ PVP,Unlock passive skill to reduce PVP damage,I-unlock ang passive skill na nagpapababa ng PVP damage
243011,2431,11,,,{22=1500},,,,,,,,
243012,2431,12,,,{23=1500},,,,,,,,
243013,2431,13,,,{10=20%;9=20%},,,,,,,,
243014,2431,14,,,{28=10%;12=15%},,,,,,,,
243015,2431,15,,,{14=1500;25=1000},,,,,,,,
243016,2431,16,,,{17=1500;19=1000},,,,,,,,
243017,2431,17,,,{14=1000;21=1500},,,,,,,,
243018,2431,18,,,{1=20%;30=2000},,,,,,,,
243019,2431,19,,,{7=20%;8=20%},,,,,,,,
243020,2431,20,,,{10=30%;9=30%},,,,,,,,
243021,2431,21,,,{28=1500;12=2000},,,,,,,,
243022,2431,22,,,{14=1000;25=2000},,,,,,,,
243023,2431,23,,,{17=2000;19=2000},,,,,,,,
243024,2431,24,,,{15=2000;21=3000},,,,,,,,
244002,2441,2,,,{7=120;8=120},,,,,,,,
244003,2441,3,,,{24=300},,,,,,,,
244004,2441,4,,,{7=8%;8=8%},,,,,,,,
244005,2441,5,,,{1=8%},,,,,,,,
244006,2441,6,,,{10=8%;9=8%},,,,,,,,
244007,2441,7,,,{28=500},,,\nMở khóa kỹ năng bị động tăng sát thương PVP,Buka kunci kemahiran pasif untuk meningkatkan kerosakan PVP,Buka skill pasif untuk meningkatkan damage PVP,ปลดล็อกสกิลพาสซีฟเพื่อเพิ่มความเสียหายในการต่อสู้ PVP,Unlock passive skill to increase PVP damage,I-unlock ang passive skill na nagpapataas ng PVP damage
244008,2441,8,,,{1=15%},,,,,,,,
244009,2441,9,,,{7=15%;8=15%},,,,,,,,
244010,2441,10,,,{28=1000},,,\nMở khóa kỹ năng bị động giảm sát thương PVP,Buka kunci kemahiran pasif untuk mengurangkan kerosakan PVP,Buka skill pasif untuk mengurangi damage PVP,ปลดล็อกสกิลพาสซีฟเพื่อลดความเสียหายในการต่อสู้ PVP,Unlock passive skill to reduce PVP damage,I-unlock ang passive skill na nagpapababa ng PVP damage
244011,2441,11,,,{22=1500},,,,,,,,
244012,2441,12,,,{23=1500},,,,,,,,
244013,2441,13,,,{10=20%;9=20%},,,,,,,,
244014,2441,14,,,{28=10%;12=15%},,,,,,,,
244015,2441,15,,,{14=1500;25=1000},,,,,,,,
244016,2441,16,,,{17=1500;19=1000},,,,,,,,
244017,2441,17,,,{14=1000;21=1500},,,,,,,,
244018,2441,18,,,{1=20%;30=2000},,,,,,,,
244019,2441,19,,,{7=20%;8=20%},,,,,,,,
244020,2441,20,,,{10=30%;9=30%},,,,,,,,
244021,2441,21,,,{28=1500;12=2000},,,,,,,,
244022,2441,22,,,{14=1000;25=2000},,,,,,,,
244023,2441,23,,,{17=2000;19=2000},,,,,,,,
244024,2441,24,,,{15=2000;21=3000},,,,,,,,
246002,2461,2,,,{7=120;8=120},,,,,,,,
246003,2461,3,,,{24=300},,,,,,,,
246004,2461,4,,,{7=8%;8=8%},,,,,,,,
246005,2461,5,,,{1=8%},,,,,,,,
246006,2461,6,,,{10=8%;9=8%},,,,,,,,
246007,2461,7,,,{16=500},,,Mở khóa kỹ năng bị động tăng sát thương PVP,Mở khóa kỹ năng bị động tăng sát thương PVP,Mở khóa kỹ năng bị động tăng sát thương PVP,Mở khóa kỹ năng bị động tăng sát thương PVP,Mở khóa kỹ năng bị động tăng sát thương PVP,Mở khóa kỹ năng bị động tăng sát thương PVP
246008,2461,8,,,{1=15%},,,,,,,,
246009,2461,9,,,{7=15%;8=15%},,,,,,,,
246010,2461,10,,,{16=1000},,,Mở khóa kỹ năng bị động giảm sát thương PVP,Mở khóa kỹ năng bị động giảm sát thương PVP,Mở khóa kỹ năng bị động giảm sát thương PVP,Mở khóa kỹ năng bị động giảm sát thương PVP,Mở khóa kỹ năng bị động giảm sát thương PVP,Mở khóa kỹ năng bị động giảm sát thương PVP
246011,2461,11,,,{22=1500},,,,,,,,
246012,2461,12,,,{23=1500},,,,,,,,
246013,2461,13,,,{10=20%;9=20%},,,,,,,,
246014,2461,14,,,{28=10%;12=15%},,,,,,,,
246015,2461,15,,,{14=1500;25=1000},,,,,,,,
246016,2461,16,,,{17=1500;19=1000},,,,,,,,
246017,2461,17,,,{14=1000;21=1500},,,,,,,,
246018,2461,18,,,{1=20%;30=2000},,,,,,,,
246019,2461,19,,,{7=20%;8=20%},,,,,,,,
246020,2461,20,,,{10=30%;9=30%},,,,,,,,
246021,2461,21,,,{28=1500;12=2000},,,,,,,,
246022,2461,22,,,{14=1000;25=2000},,,,,,,,
246023,2461,23,,,{17=2000;19=2000},,,,,,,,
246024,2461,24,,,{15=2000;21=3000},,,,,,,,
247002,2471,2,,,{7=80;8=80},,,,,,,,
247003,2471,3,,,{24=200},,,,,,,,
247004,2471,4,,,{7=6%;8=6%},,,,,,,,
247005,2471,5,,,{1=6%},,,,,,,,
247006,2471,6,,,{7=6%;8=6%},,,,,,,,
247007,2471,7,,,{90=400},,,\nMở khóa kỹ năng bị động tăng sát thương PVP,Buka kunci kemahiran pasif untuk meningkatkan kerosakan PVP,Buka skill pasif untuk meningkatkan damage PVP,ปลดล็อกสกิลพาสซีฟเพื่อเพิ่มความเสียหายในการต่อสู้ PVP,Unlock passive skill to increase PVP damage,I-unlock ang passive skill na nagpapataas ng PVP damage
247008,2471,8,,,{1=12%},,,,,,,,
247009,2471,9,,,{7=12%;8=12%},,,,,,,,
247010,2471,10,,,{90=800},,,\nMở khóa kỹ năng bị động giảm sát thương PVP,Buka kunci kemahiran pasif untuk mengurangkan kerosakan PVP,Buka skill pasif untuk mengurangi damage PVP,ปลดล็อกสกิลพาสซีฟเพื่อลดความเสียหายในการต่อสู้ PVP,Unlock passive skill to reduce PVP damage,I-unlock ang passive skill na nagpapababa ng PVP damage
247011,2471,11,,,{22=1200},,,,,,,,
247012,2471,12,,,{23=1200},,,,,,,,
247013,2471,13,,,{10=20%;9=20%},,,,,,,,
247014,2471,14,,,{28=10%;12=15%},,,,,,,,
247015,2471,15,,,{14=1500;25=1000},,,,,,,,
247016,2471,16,,,{17=1500;19=1000},,,,,,,,
247017,2471,17,,,{14=1000;21=1500},,,,,,,,
247018,2471,18,,,{1=20%;30=2000},,,,,,,,
247019,2471,19,,,{7=20%;8=20%},,,,,,,,
247020,2471,20,,,{10=30%;9=30%},,,,,,,,
247021,2471,21,,,{28=1500;12=2000},,,,,,,,
247022,2471,22,,,{14=1000;25=2000},,,,,,,,
247023,2471,23,,,{17=2000;19=2000},,,,,,,,
247024,2471,24,,,{15=2000;21=3000},,,,,,,,
248002,2481,2,,,{7=80;8=80},,,,,,,,
248003,2481,3,,,{24=200},,,,,,,,
248004,2481,4,,,{7=5%;8=5%},,,,,,,,
248005,2481,5,,,{1=5%},,,,,,,,
248006,2481,6,,,{7=5%;8=5%},,,,,,,,
248007,2481,7,,,{11=300},,,\nMở khóa kỹ năng bị động tăng sát thương PVP,Buka kunci kemahiran pasif untuk meningkatkan kerosakan PVP,Buka skill pasif untuk meningkatkan damage PVP,ปลดล็อกสกิลพาสซีฟเพื่อเพิ่มความเสียหายในการต่อสู้ PVP,Unlock passive skill to increase PVP damage,I-unlock ang passive skill na nagpapataas ng PVP damage
248008,2481,8,,,{1=10%},,,,,,,,
248009,2481,9,,,{7=10%;8=10%},,,,,,,,
248010,2481,10,,,{11=600},,,\nMở khóa kỹ năng bị động giảm sát thương PVP,Buka kunci kemahiran pasif untuk mengurangkan kerosakan PVP,Buka skill pasif untuk mengurangi damage PVP,ปลดล็อกสกิลพาสซีฟเพื่อลดความเสียหายในการต่อสู้ PVP,Unlock passive skill to reduce PVP damage,I-unlock ang passive skill na nagpapababa ng PVP damage
248011,2481,11,,,{22=1000},,,,,,,,
248012,2481,12,,,{23=1000},,,,,,,,
248013,2481,13,,,{10=20%;9=20%},,,,,,,,
248014,2481,14,,,{28=10%;12=15%},,,,,,,,
248015,2481,15,,,{14=1500;25=1000},,,,,,,,
248016,2481,16,,,{17=1500;19=1000},,,,,,,,
248017,2481,17,,,{14=1000;21=1500},,,,,,,,
248018,2481,18,,,{1=20%;30=2000},,,,,,,,
248019,2481,19,,,{7=20%;8=20%},,,,,,,,
248020,2481,20,,,{10=30%;9=30%},,,,,,,,
248021,2481,21,,,{28=1500;12=2000},,,,,,,,
248022,2481,22,,,{14=1000;25=2000},,,,,,,,
248023,2481,23,,,{17=2000;19=2000},,,,,,,,
248024,2481,24,,,{15=2000;21=3000},,,,,,,,
249001,2491,2,,,{7=120;8=120},,,,,,,,
249002,2491,3,,,{24=300},,,,,,,,
249003,2491,4,,,{7=8%;8=8%},,,,,,,,
249004,2491,5,,,{1=8%},,,,,,,,
249005,2491,6,,,{10=8%;9=8%},,,,,,,,
249006,2491,7,,,{16=500},,,\nMở khóa kỹ năng bị động tăng sát thương PVP,Buka kunci kemahiran pasif untuk meningkatkan kerosakan PVP,Buka skill pasif untuk meningkatkan damage PVP,ปลดล็อกสกิลพาสซีฟเพื่อเพิ่มความเสียหายในการต่อสู้ PVP,Unlock passive skill to increase PVP damage,I-unlock ang passive skill na nagpapataas ng PVP damage
249007,2491,8,,,{1=15%},,,,,,,,
249008,2491,9,,,{7=15%;8=15%},,,,,,,,
249009,2491,10,,,{16=1000},,,\nMở khóa kỹ năng bị động giảm sát thương PVP,Buka kunci kemahiran pasif untuk mengurangkan kerosakan PVP,Buka skill pasif untuk mengurangi damage PVP,ปลดล็อกสกิลพาสซีฟเพื่อลดความเสียหายในการต่อสู้ PVP,Unlock passive skill to reduce PVP damage,I-unlock ang passive skill na nagpapababa ng PVP damage
249010,2491,11,,,{22=1500},,,,,,,,
249011,2491,12,,,{23=1500},,,,,,,,
249012,2491,13,,,{10=20%;9=20%},,,,,,,,
249013,2491,14,,,{28=10%;12=15%},,,,,,,,
249014,2491,15,,,{14=1500;25=1000},,,,,,,,
249015,2491,16,,,{17=1500;19=1000},,,,,,,,
249016,2491,17,,,{14=1000;21=1500},,,,,,,,
249017,2491,18,,,{1=20%;30=2000},,,,,,,,
249018,2491,19,,,{7=20%;8=20%},,,,,,,,
249019,2491,20,,,{10=30%;9=30%},,,,,,,,
249020,2491,21,,,{28=1500;12=2000},,,,,,,,
249021,2491,22,,,{14=1000;25=2000},,,,,,,,
249022,2491,23,,,{17=2000;19=2000},,,,,,,,
249023,2491,24,,,{15=2000;21=3000},,,,,,,,
259002,2591,2,,,{10=80;9=80},,,,,,,,
259003,2591,3,,,{25=200},,,,,,,,
259004,2591,4,,,{10=5%;9=5%},,,,,,,,
259005,2591,5,,,{1=5%},,,,,,,,
259006,2591,6,,,{10=5%;9=5%},,,,,,,,
259007,2591,7,,,{25=300},,,\nMở khóa kỹ năng bị động giảm sát thương PVP,Buka kunci kemahiran pasif untuk mengurangkan kerosakan PVP,Buka skill pasif untuk mengurangi damage PVP,ปลดล็อกสกิลพาสซีฟเพื่อลดความเสียหายในการต่อสู้ PVP,Unlock passive skill to reduce PVP damage,I-unlock ang passive skill na nagpapababa ng PVP damage
259008,2591,8,,,{1=10%},,,,,,,,
259009,2591,9,,,{10=10%;9=10%},,,,,,,,
259010,2591,10,,,{25=600},,,\nMở khóa kỹ năng bị động tăng sát thương PVP,Buka kunci kemahiran pasif untuk meningkatkan kerosakan PVP,Buka skill pasif untuk meningkatkan damage PVP,ปลดล็อกสกิลพาสซีฟเพื่อเพิ่มความเสียหายในการต่อสู้ PVP,Unlock passive skill to increase PVP damage,I-unlock ang passive skill na nagpapataas ng PVP damage
259011,2591,11,,,{22=1000},,,,,,,,
259012,2591,12,,,{23=1000},,,,,,,,
259013,2591,13,,,{10=20%;9=20%},,,,,,,,
259014,2591,14,,,{28=10%;12=15%},,,,,,,,
259015,2591,15,,,{14=1500;25=1000},,,,,,,,
259016,2591,16,,,{17=1500;19=1000},,,,,,,,
259017,2591,17,,,{14=1000;21=1500},,,,,,,,
259018,2591,18,,,{1=20%;30=2000},,,,,,,,
259019,2591,19,,,{7=20%;8=20%},,,,,,,,
259020,2591,20,,,{10=30%;9=30%},,,,,,,,
259021,2591,21,,,{28=1500;12=2000},,,,,,,,
259022,2591,22,,,{14=1000;25=2000},,,,,,,,
259023,2591,23,,,{17=2000;19=2000},,,,,,,,
259024,2591,24,,,{15=2000;21=3000},,,,,,,,
261002,2611,2,,,{7=80;8=80},,,,,,,,
261003,2611,3,,,{24=200},,,,,,,,
261004,2611,4,,,{7=5%;8=5%},,,,,,,,
261005,2611,5,,,{1=5%},,,,,,,,
261006,2611,6,,,{7=5%;8=5%},,,,,,,,
261007,2611,7,,,{24=300},,,\nMở khóa kỹ năng bị động tăng sát thương PVP,Buka kunci kemahiran pasif untuk meningkatkan kerosakan PVP,Buka skill pasif untuk meningkatkan damage PVP,ปลดล็อกสกิลพาสซีฟเพื่อเพิ่มความเสียหายในการต่อสู้ PVP,Unlock passive skill to increase PVP damage,I-unlock ang passive skill na nagpapataas ng PVP damage
261008,2611,8,,,{1=10%},,,,,,,,
261009,2611,9,,,{7=10%;8=10%},,,,,,,,
261010,2611,10,,,{24=600},,,\nMở khóa kỹ năng bị động giảm sát thương PVP,Buka kunci kemahiran pasif untuk mengurangkan kerosakan PVP,Buka skill pasif untuk mengurangi damage PVP,ปลดล็อกสกิลพาสซีฟเพื่อลดความเสียหายในการต่อสู้ PVP,Unlock passive skill to reduce PVP damage,I-unlock ang passive skill na nagpapababa ng PVP damage
261011,2611,11,,,{22=1000},,,,,,,,
261012,2611,12,,,{23=1000},,,,,,,,
261013,2611,13,,,{10=20%;9=20%},,,,,,,,
261014,2611,14,,,{28=10%;12=15%},,,,,,,,
261015,2611,15,,,{14=1500;25=1000},,,,,,,,
261016,2611,16,,,{17=1500;19=1000},,,,,,,,
261017,2611,17,,,{14=1000;21=1500},,,,,,,,
261018,2611,18,,,{1=20%;30=2000},,,,,,,,
261019,2611,19,,,{7=20%;8=20%},,,,,,,,
261020,2611,20,,,{10=30%;9=30%},,,,,,,,
261021,2611,21,,,{28=1500;12=2000},,,,,,,,
261022,2611,22,,,{14=1000;25=2000},,,,,,,,
261023,2611,23,,,{17=2000;19=2000},,,,,,,,
261024,2611,24,,,{15=2000;21=3000},,,,,,,,
263002,2631,2,,,{1=300},,,,,,,,
263003,2631,3,,,{25=200},,,,,,,,
263004,2631,4,,,{10=5%;9=5%},,,,,,,,
263005,2631,5,,,{1=5%},,,,,,,,
263006,2631,6,,,{7=5%;8=5%},,,,,,,,
263007,2631,7,,,{91=300},,,\nMở khóa kỹ năng bị động giảm sát thương PVP,Buka kunci kemahiran pasif untuk mengurangkan kerosakan PVP,Buka skill pasif untuk mengurangi damage PVP,ปลดล็อกสกิลพาสซีฟเพื่อลดความเสียหายในการต่อสู้ PVP,Unlock passive skill to reduce PVP damage,I-unlock ang passive skill na nagpapababa ng PVP damage
263008,2631,8,,,{1=10%},,,,,,,,
263009,2631,9,,,{10=10%;9=10%},,,,,,,,
263010,2631,10,,,{91=600},,,\nMở khóa kỹ năng bị động tăng sát thương PVP,Buka kunci kemahiran pasif untuk meningkatkan kerosakan PVP,Buka skill pasif untuk meningkatkan damage PVP,ปลดล็อกสกิลพาสซีฟเพื่อเพิ่มความเสียหายในการต่อสู้ PVP,Unlock passive skill to increase PVP damage,I-unlock ang passive skill na nagpapataas ng PVP damage
263011,2631,11,,,{22=1000},,,,,,,,
263012,2631,12,,,{23=1000},,,,,,,,
263013,2631,13,,,{10=20%;9=20%},,,,,,,,
263014,2631,14,,,{28=10%;12=15%},,,,,,,,
263015,2631,15,,,{14=1500;25=1000},,,,,,,,
263016,2631,16,,,{17=1500;19=1000},,,,,,,,
263017,2631,17,,,{14=1000;21=1500},,,,,,,,
263018,2631,18,,,{1=20%;30=2000},,,,,,,,
263019,2631,19,,,{7=20%;8=20%},,,,,,,,
263020,2631,20,,,{10=30%;9=30%},,,,,,,,
263021,2631,21,,,{28=1500;12=2000},,,,,,,,
263022,2631,22,,,{14=1000;25=2000},,,,,,,,
263023,2631,23,,,{17=2000;19=2000},,,,,,,,
263024,2631,24,,,{15=2000;21=3000},,,,,,,,
268002,2681,2,,,{7=80;8=80},,,,,,,,
268003,2681,3,,,{24=200},,,,,,,,
268004,2681,4,,,{7=5%;8=5%},,,,,,,,
268005,2681,5,,,{1=5%},,,,,,,,
268006,2681,6,,,{7=5%;8=5%},,,,,,,,
268007,2681,7,,,{24=300},,,\nMở khóa kỹ năng bị động tăng sát thương PVP,Buka kunci kemahiran pasif untuk meningkatkan kerosakan PVP,Buka skill pasif untuk meningkatkan damage PVP,ปลดล็อกสกิลพาสซีฟเพื่อเพิ่มความเสียหายในการต่อสู้ PVP,Unlock passive skill to increase PVP damage,I-unlock ang passive skill na nagpapataas ng PVP damage
268008,2681,8,,,{1=10%},,,,,,,,
268009,2681,9,,,{7=10%;8=10%},,,,,,,,
268010,2681,10,,,{24=600},,,\nMở khóa kỹ năng bị động giảm sát thương PVP,Buka kunci kemahiran pasif untuk mengurangkan kerosakan PVP,Buka skill pasif untuk mengurangi damage PVP,ปลดล็อกสกิลพาสซีฟเพื่อลดความเสียหายในการต่อสู้ PVP,Unlock passive skill to reduce PVP damage,I-unlock ang passive skill na nagpapababa ng PVP damage
268011,2681,11,,,{22=1000},,,,,,,,
268012,2681,12,,,{23=1000},,,,,,,,
268013,2681,13,,,{10=20%;9=20%},,,,,,,,
268014,2681,14,,,{28=10%;12=15%},,,,,,,,
268015,2681,15,,,{14=1500;25=1000},,,,,,,,
268016,2681,16,,,{17=1500;19=1000},,,,,,,,
268017,2681,17,,,{14=1000;21=1500},,,,,,,,
268018,2681,18,,,{1=20%;30=2000},,,,,,,,
268019,2681,19,,,{7=20%;8=20%},,,,,,,,
268020,2681,20,,,{10=30%;9=30%},,,,,,,,
268021,2681,21,,,{28=1500;12=2000},,,,,,,,
268022,2681,22,,,{14=1000;25=2000},,,,,,,,
268023,2681,23,,,{17=2000;19=2000},,,,,,,,
268024,2681,24,,,{15=2000;21=3000},,,,,,,,
272002,2721,2,,,{7=80;8=80},,,,,,,,
272003,2721,3,,,{24=200},,,,,,,,
272004,2721,4,,,{7=6%;8=6%},,,,,,,,
272005,2721,5,,,{1=6%},,,,,,,,
272006,2721,6,,,{7=6%;8=6%},,,,,,,,
272007,2721,7,,,{11=400},,,\nMở khóa kỹ năng bị động tăng sát thương PVP,Buka kunci kemahiran pasif untuk meningkatkan kerosakan PVP,Buka skill pasif untuk meningkatkan damage PVP,ปลดล็อกสกิลพาสซีฟเพื่อเพิ่มความเสียหายในการต่อสู้ PVP,Unlock passive skill to increase PVP damage,I-unlock ang passive skill na nagpapataas ng PVP damage
272008,2721,8,,,{1=12%},,,,,,,,
272009,2721,9,,,{7=12%;8=12%},,,,,,,,
272010,2721,10,,,{11=800},,,\nMở khóa kỹ năng bị động giảm sát thương PVP,Buka kunci kemahiran pasif untuk mengurangkan kerosakan PVP,Buka skill pasif untuk mengurangi damage PVP,ปลดล็อกสกิลพาสซีฟเพื่อลดความเสียหายในการต่อสู้ PVP,Unlock passive skill to reduce PVP damage,I-unlock ang passive skill na nagpapababa ng PVP damage
272011,2721,11,,,{22=1200},,,,,,,,
272012,2721,12,,,{23=1200},,,,,,,,
272013,2721,13,,,{10=20%;9=20%},,,,,,,,
272014,2721,14,,,{28=10%;12=15%},,,,,,,,
272015,2721,15,,,{14=1500;25=1000},,,,,,,,
272016,2721,16,,,{17=1500;19=1000},,,,,,,,
272017,2721,17,,,{14=1000;21=1500},,,,,,,,
272018,2721,18,,,{1=20%;30=2000},,,,,,,,
272019,2721,19,,,{7=20%;8=20%},,,,,,,,
272020,2721,20,,,{10=30%;9=30%},,,,,,,,
272021,2721,21,,,{28=1500;12=2000},,,,,,,,
272022,2721,22,,,{14=1000;25=2000},,,,,,,,
272023,2721,23,,,{17=2000;19=2000},,,,,,,,
272024,2721,24,,,{15=2000;21=3000},,,,,,,,
282002,2821,2,,,{7=80;8=80},,,,,,,,
282003,2821,3,,,{24=200},,,,,,,,
282004,2821,4,,,{7=6%;8=6%},,,,,,,,
282005,2821,5,,,{1=6%},,,,,,,,
282006,2821,6,,,{7=6%;8=6%},,,,,,,,
282007,2821,7,,,{24=400},,,\nMở khóa kỹ năng bị động tăng sát thương PVP,Buka kunci kemahiran pasif untuk meningkatkan kerosakan PVP,Buka skill pasif untuk meningkatkan damage PVP,ปลดล็อกสกิลพาสซีฟเพื่อเพิ่มความเสียหายในการต่อสู้ PVP,Unlock passive skill to increase PVP damage,I-unlock ang passive skill na nagpapataas ng PVP damage
282008,2821,8,,,{1=12%},,,,,,,,
282009,2821,9,,,{7=12%;8=12%},,,,,,,,
282010,2821,10,,,{24=800},,,\nMở khóa kỹ năng bị động giảm sát thương PVP,Buka kunci kemahiran pasif untuk mengurangkan kerosakan PVP,Buka skill pasif untuk mengurangi damage PVP,ปลดล็อกสกิลพาสซีฟเพื่อลดความเสียหายในการต่อสู้ PVP,Unlock passive skill to reduce PVP damage,I-unlock ang passive skill na nagpapababa ng PVP damage
282011,2821,11,,,{22=1200},,,,,,,,
282012,2821,12,,,{23=1200},,,,,,,,
282013,2821,13,,,{10=20%;9=20%},,,,,,,,
282014,2821,14,,,{28=10%;12=15%},,,,,,,,
282015,2821,15,,,{14=1500;25=1000},,,,,,,,
282016,2821,16,,,{17=1500;19=1000},,,,,,,,
282017,2821,17,,,{14=1000;21=1500},,,,,,,,
282018,2821,18,,,{1=20%;30=2000},,,,,,,,
282019,2821,19,,,{7=20%;8=20%},,,,,,,,
282020,2821,20,,,{10=30%;9=30%},,,,,,,,
282021,2821,21,,,{28=1500;12=2000},,,,,,,,
282022,2821,22,,,{14=1000;25=2000},,,,,,,,
282023,2821,23,,,{17=2000;19=2000},,,,,,,,
282024,2821,24,,,{15=2000;21=3000},,,,,,,,
284002,2841,2,,,{10=80;9=80},,,,,,,,
284003,2841,3,,,{25=200},,,,,,,,
284004,2841,4,,,{10=5%;9=5%},,,,,,,,
284005,2841,5,,,{1=5%},,,,,,,,
284006,2841,6,,,{10=5%;9=5%},,,,,,,,
284007,2841,7,,,{25=300},,,\nMở khóa kỹ năng bị động giảm sát thương PVP,Buka kunci kemahiran pasif untuk mengurangkan kerosakan PVP,Buka skill pasif untuk mengurangi damage PVP,ปลดล็อกสกิลพาสซีฟเพื่อลดความเสียหายในการต่อสู้ PVP,Unlock passive skill to reduce PVP damage,I-unlock ang passive skill na nagpapababa ng PVP damage
284008,2841,8,,,{1=10%},,,,,,,,
284009,2841,9,,,{10=10%;9=10%},,,,,,,,
284010,2841,10,,,{25=600},,,\nMở khóa kỹ năng bị động tăng sát thương PVP,Buka kunci kemahiran pasif untuk meningkatkan kerosakan PVP,Buka skill pasif untuk meningkatkan damage PVP,ปลดล็อกสกิลพาสซีฟเพื่อเพิ่มความเสียหายในการต่อสู้ PVP,Unlock passive skill to increase PVP damage,I-unlock ang passive skill na nagpapataas ng PVP damage
284011,2841,11,,,{22=1000},,,,,,,,
284012,2841,12,,,{23=1000},,,,,,,,
284013,2841,13,,,{10=20%;9=20%},,,,,,,,
284014,2841,14,,,{28=10%;12=15%},,,,,,,,
284015,2841,15,,,{14=1500;25=1000},,,,,,,,
284016,2841,16,,,{17=1500;19=1000},,,,,,,,
284017,2841,17,,,{14=1000;21=1500},,,,,,,,
284018,2841,18,,,{1=20%;30=2000},,,,,,,,
284019,2841,19,,,{7=20%;8=20%},,,,,,,,
284020,2841,20,,,{10=30%;9=30%},,,,,,,,
284021,2841,21,,,{28=1500;12=2000},,,,,,,,
284022,2841,22,,,{14=1000;25=2000},,,,,,,,
284023,2841,23,,,{17=2000;19=2000},,,,,,,,
284024,2841,24,,,{15=2000;21=3000},,,,,,,,
287002,2871,2,,,{7=80;8=80},,,,,,,,
287003,2871,3,,,{24=200},,,,,,,,
287004,2871,4,,,{7=5%;8=5%},,,,,,,,
287005,2871,5,,,{1=5%},,,,,,,,
287006,2871,6,,,{10=5%;9=5%},,,,,,,,
287007,2871,7,,,{25=300},,,\nMở khóa kỹ năng bị động tăng sát thương PVP,Buka kunci kemahiran pasif untuk meningkatkan kerosakan PVP,Buka skill pasif untuk meningkatkan damage PVP,ปลดล็อกสกิลพาสซีฟเพื่อเพิ่มความเสียหายในการต่อสู้ PVP,Unlock passive skill to increase PVP damage,I-unlock ang passive skill na nagpapataas ng PVP damage
287008,2871,8,,,{1=10%},,,,,,,,
287009,2871,9,,,{7=10%;8=10%},,,,,,,,
287010,2871,10,,,{25=600},,,\nMở khóa kỹ năng bị động giảm sát thương PVP,Buka kunci kemahiran pasif untuk mengurangkan kerosakan PVP,Buka skill pasif untuk mengurangi damage PVP,ปลดล็อกสกิลพาสซีฟเพื่อลดความเสียหายในการต่อสู้ PVP,Unlock passive skill to reduce PVP damage,I-unlock ang passive skill na nagpapababa ng PVP damage
287011,2871,11,,,{22=1000},,,,,,,,
287012,2871,12,,,{23=1000},,,,,,,,
287013,2871,13,,,{10=20%;9=20%},,,,,,,,
287014,2871,14,,,{28=10%;12=15%},,,,,,,,
287015,2871,15,,,{14=1500;25=1000},,,,,,,,
287016,2871,16,,,{17=1500;19=1000},,,,,,,,
287017,2871,17,,,{14=1000;21=1500},,,,,,,,
287018,2871,18,,,{1=20%;30=2000},,,,,,,,
287019,2871,19,,,{7=20%;8=20%},,,,,,,,
287020,2871,20,,,{10=30%;9=30%},,,,,,,,
287021,2871,21,,,{28=1500;12=2000},,,,,,,,
287022,2871,22,,,{14=1000;25=2000},,,,,,,,
287023,2871,23,,,{17=2000;19=2000},,,,,,,,
287024,2871,24,,,{15=2000;21=3000},,,,,,,,
289002,2891,2,,,{7=80;8=80},,,,,,,,
289003,2891,3,,,{24=200},,,,,,,,
289004,2891,4,,,{7=5%;8=5%},,,,,,,,
289005,2891,5,,,{1=5%},,,,,,,,
289006,2891,6,,,{10=5%;9=5%},,,,,,,,
289007,2891,7,,,{90=300},,,\nMở khóa kỹ năng bị động tăng sát thương PVP,Buka kunci kemahiran pasif untuk meningkatkan kerosakan PVP,Buka skill pasif untuk meningkatkan damage PVP,ปลดล็อกสกิลพาสซีฟเพื่อเพิ่มความเสียหายในการต่อสู้ PVP,Unlock passive skill to increase PVP damage,I-unlock ang passive skill na nagpapataas ng PVP damage
289008,2891,8,,,{1=10%},,,,,,,,
289009,2891,9,,,{7=10%;8=10%},,,,,,,,
289010,2891,10,,,{90=600},,,\nMở khóa kỹ năng bị động giảm sát thương PVP,Buka kunci kemahiran pasif untuk mengurangkan kerosakan PVP,Buka skill pasif untuk mengurangi damage PVP,ปลดล็อกสกิลพาสซีฟเพื่อลดความเสียหายในการต่อสู้ PVP,Unlock passive skill to reduce PVP damage,I-unlock ang passive skill na nagpapababa ng PVP damage
289011,2891,11,,,{22=1000},,,,,,,,
289012,2891,12,,,{23=1000},,,,,,,,
289013,2891,13,,,{10=20%;9=20%},,,,,,,,
289014,2891,14,,,{28=10%;12=15%},,,,,,,,
289015,2891,15,,,{14=1500;25=1000},,,,,,,,
289016,2891,16,,,{17=1500;19=1000},,,,,,,,
289017,2891,17,,,{14=1000;21=1500},,,,,,,,
289018,2891,18,,,{1=20%;30=2000},,,,,,,,
289019,2891,19,,,{7=20%;8=20%},,,,,,,,
289020,2891,20,,,{10=30%;9=30%},,,,,,,,
289021,2891,21,,,{28=1500;12=2000},,,,,,,,
289022,2891,22,,,{14=1000;25=2000},,,,,,,,
289023,2891,23,,,{17=2000;19=2000},,,,,,,,
289024,2891,24,,,{15=2000;21=3000},,,,,,,,
292002,2921,2,,,{7=80;8=80},,,,,,,,
292003,2921,3,,,{25=200},,,,,,,,
292004,2921,4,,,{7=5%;8=5%},,,,,,,,
292005,2921,5,,,{1=5%},,,,,,,,
292006,2921,6,,,{10=5%;9=5%},,,,,,,,
292007,2921,7,,,{28=300},,,\nMở khóa kỹ năng bị động giảm sát thương PVP,Buka kunci kemahiran pasif untuk mengurangkan kerosakan PVP,Buka skill pasif untuk mengurangi damage PVP,ปลดล็อกสกิลพาสซีฟเพื่อลดความเสียหายในการต่อสู้ PVP,Unlock passive skill to reduce PVP damage,I-unlock ang passive skill na nagpapababa ng PVP damage
292008,2921,8,,,{1=10%},,,,,,,,
292009,2921,9,,,{7=10%;8=10%},,,,,,,,
292010,2921,10,,,{28=600},,,\nMở khóa kỹ năng bị động tăng sát thương PVP,Buka kunci kemahiran pasif untuk meningkatkan kerosakan PVP,Buka skill pasif untuk meningkatkan damage PVP,ปลดล็อกสกิลพาสซีฟเพื่อเพิ่มความเสียหายในการต่อสู้ PVP,Unlock passive skill to increase PVP damage,I-unlock ang passive skill na nagpapataas ng PVP damage
292011,2921,11,,,{22=1000},,,,,,,,
292012,2921,12,,,{23=1000},,,,,,,,
292013,2921,13,,,{10=20%;9=20%},,,,,,,,
292014,2921,14,,,{28=10%;12=15%},,,,,,,,
292015,2921,15,,,{14=1500;25=1000},,,,,,,,
292016,2921,16,,,{17=1500;19=1000},,,,,,,,
292017,2921,17,,,{14=1000;21=1500},,,,,,,,
292018,2921,18,,,{1=20%;30=2000},,,,,,,,
292019,2921,19,,,{7=20%;8=20%},,,,,,,,
292020,2921,20,,,{10=30%;9=30%},,,,,,,,
292021,2921,21,,,{28=1500;12=2000},,,,,,,,
292022,2921,22,,,{14=1000;25=2000},,,,,,,,
292023,2921,23,,,{17=2000;19=2000},,,,,,,,
292024,2921,24,,,{15=2000;21=3000},,,,,,,,
292102,2922,2,,,{7=80;8=80},,,,,,,,
292103,2922,3,,,{25=200},,,,,,,,
292104,2922,4,,,{7=5%;8=5%},,,,,,,,
292105,2922,5,,,{1=5%},,,,,,,,
292106,2922,6,,,{10=5%;9=5%},,,,,,,,
292107,2922,7,,,{16=300},,,\nMở khóa kỹ năng bị động giảm sát thương PVP,Buka kunci kemahiran pasif untuk mengurangkan kerosakan PVP,Buka skill pasif untuk mengurangi damage PVP,ปลดล็อกสกิลพาสซีฟเพื่อลดความเสียหายในการต่อสู้ PVP,Unlock passive skill to reduce PVP damage,I-unlock ang passive skill na nagpapababa ng PVP damage
292108,2922,8,,,{1=10%},,,,,,,,
292109,2922,9,,,{7=10%;8=10%},,,,,,,,
292110,2922,10,,,{16=600},,,\nMở khóa kỹ năng bị động tăng sát thương PVP,Buka kunci kemahiran pasif untuk meningkatkan kerosakan PVP,Buka skill pasif untuk meningkatkan damage PVP,ปลดล็อกสกิลพาสซีฟเพื่อเพิ่มความเสียหายในการต่อสู้ PVP,Unlock passive skill to increase PVP damage,I-unlock ang passive skill na nagpapataas ng PVP damage
292111,2922,11,,,{22=1000},,,,,,,,
292112,2922,12,,,{23=1000},,,,,,,,
292113,2922,13,,,{10=20%;9=20%},,,,,,,,
292114,2922,14,,,{28=10%;12=15%},,,,,,,,
292115,2922,15,,,{14=1500;25=1000},,,,,,,,
292116,2922,16,,,{17=1500;19=1000},,,,,,,,
292117,2922,17,,,{14=1000;21=1500},,,,,,,,
292118,2922,18,,,{1=20%;30=2000},,,,,,,,
292119,2922,19,,,{7=20%;8=20%},,,,,,,,
292120,2922,20,,,{10=30%;9=30%},,,,,,,,
292121,2922,21,,,{28=1500;12=2000},,,,,,,,
292122,2922,22,,,{14=1000;25=2000},,,,,,,,
292123,2922,23,,,{17=2000;19=2000},,,,,,,,
292124,2922,24,,,{15=2000;21=3000},,,,,,,,
296002,2961,2,,,{10=80;9=80},,,,,,,,
296003,2961,3,,,{25=200},,,,,,,,
296004,2961,4,,,{10=5%;9=5%},,,,,,,,
296005,2961,5,,,{1=5%},,,,,,,,
296006,2961,6,,,{10=5%;9=5%},,,,,,,,
296007,2961,7,,,{5=300},,,\nMở khóa kỹ năng bị động giảm sát thương PVP,Buka kunci kemahiran pasif untuk mengurangkan kerosakan PVP,Buka skill pasif untuk mengurangi damage PVP,ปลดล็อกสกิลพาสซีฟเพื่อลดความเสียหายในการต่อสู้ PVP,Unlock passive skill to reduce PVP damage,I-unlock ang passive skill na nagpapababa ng PVP damage
296008,2961,8,,,{1=10%},,,,,,,,
296009,2961,9,,,{10=10%;9=10%},,,,,,,,
296010,2961,10,,,{5=600},,,\nMở khóa kỹ năng bị động tăng sát thương PVP,Buka kunci kemahiran pasif untuk meningkatkan kerosakan PVP,Buka skill pasif untuk meningkatkan damage PVP,ปลดล็อกสกิลพาสซีฟเพื่อเพิ่มความเสียหายในการต่อสู้ PVP,Unlock passive skill to increase PVP damage,I-unlock ang passive skill na nagpapataas ng PVP damage
296011,2961,11,,,{22=1000},,,,,,,,
296012,2961,12,,,{23=1000},,,,,,,,
296013,2961,13,,,{10=20%;9=20%},,,,,,,,
296014,2961,14,,,{28=10%;12=15%},,,,,,,,
296015,2961,15,,,{14=1500;25=1000},,,,,,,,
296016,2961,16,,,{17=1500;19=1000},,,,,,,,
296017,2961,17,,,{14=1000;21=1500},,,,,,,,
296018,2961,18,,,{1=20%;30=2000},,,,,,,,
296019,2961,19,,,{7=20%;8=20%},,,,,,,,
296020,2961,20,,,{10=30%;9=30%},,,,,,,,
296021,2961,21,,,{28=1500;12=2000},,,,,,,,
296022,2961,22,,,{14=1000;25=2000},,,,,,,,
296023,2961,23,,,{17=2000;19=2000},,,,,,,,
296024,2961,24,,,{15=2000;21=3000},,,,,,,,
299002,2991,2,,,{7=80;8=80},,,,,,,,
299003,2991,3,,,{24=200},,,,,,,,
299004,2991,4,,,{7=6%;8=6%},,,,,,,,
299005,2991,5,,,{1=6%},,,,,,,,
299006,2991,6,,,{7=6%;8=6%},,,,,,,,
299007,2991,7,,,{24=400},,,\nMở khóa kỹ năng bị động tăng sát thương PVP,Buka kunci kemahiran pasif untuk meningkatkan kerosakan PVP,Buka skill pasif untuk meningkatkan damage PVP,ปลดล็อกสกิลพาสซีฟเพื่อเพิ่มความเสียหายในการต่อสู้ PVP,Unlock passive skill to increase PVP damage,I-unlock ang passive skill na nagpapataas ng PVP damage
299008,2991,8,,,{1=12%},,,,,,,,
299009,2991,9,,,{7=12%;8=12%},,,,,,,,
299010,2991,10,,,{24=800},,,\nMở khóa kỹ năng bị động giảm sát thương PVP,Buka kunci kemahiran pasif untuk mengurangkan kerosakan PVP,Buka skill pasif untuk mengurangi damage PVP,ปลดล็อกสกิลพาสซีฟเพื่อลดความเสียหายในการต่อสู้ PVP,Unlock passive skill to reduce PVP damage,I-unlock ang passive skill na nagpapababa ng PVP damage
299011,2991,11,,,{22=1200},,,,,,,,
299012,2991,12,,,{23=1200},,,,,,,,
299013,2991,13,,,{10=20%;9=20%},,,,,,,,
299014,2991,14,,,{28=10%;12=15%},,,,,,,,
299015,2991,15,,,{14=1500;25=1000},,,,,,,,
299016,2991,16,,,{17=1500;19=1000},,,,,,,,
299017,2991,17,,,{14=1000;21=1500},,,,,,,,
299018,2991,18,,,{1=20%;30=2000},,,,,,,,
299019,2991,19,,,{7=20%;8=20%},,,,,,,,
299020,2991,20,,,{10=30%;9=30%},,,,,,,,
299021,2991,21,,,{28=1500;12=2000},,,,,,,,
299022,2991,22,,,{14=1000;25=2000},,,,,,,,
299023,2991,23,,,{17=2000;19=2000},,,,,,,,
299024,2991,24,,,{15=2000;21=3000},,,,,,,,
300002,3001,2,,,{7=80;8=80},,,,,,,,
300003,3001,3,,,{24=200},,,,,,,,
300004,3001,4,,,{7=6%;8=6%},,,,,,,,
300005,3001,5,,,{1=6%},,,,,,,,
300006,3001,6,,,{7=6%;8=6%},,,,,,,,
300007,3001,7,,,{14=400},,,\nMở khóa kỹ năng bị động tăng sát thương PVP,Buka kunci kemahiran pasif untuk meningkatkan kerosakan PVP,Buka skill pasif untuk meningkatkan damage PVP,ปลดล็อกสกิลพาสซีฟเพื่อเพิ่มความเสียหายในการต่อสู้ PVP,Unlock passive skill to increase PVP damage,I-unlock ang passive skill na nagpapataas ng PVP damage
300008,3001,8,,,{1=12%},,,,,,,,
300009,3001,9,,,{7=12%;8=12%},,,,,,,,
300010,3001,10,,,{14=800},,,\nMở khóa kỹ năng bị động giảm sát thương PVP,Buka kunci kemahiran pasif untuk mengurangkan kerosakan PVP,Buka skill pasif untuk mengurangi damage PVP,ปลดล็อกสกิลพาสซีฟเพื่อลดความเสียหายในการต่อสู้ PVP,Unlock passive skill to reduce PVP damage,I-unlock ang passive skill na nagpapababa ng PVP damage
300011,3001,11,,,{22=1200},,,,,,,,
300012,3001,12,,,{23=1200},,,,,,,,
300013,3001,13,,,{10=20%;9=20%},,,,,,,,
300014,3001,14,,,{28=10%;12=15%},,,,,,,,
300015,3001,15,,,{14=1500;25=1000},,,,,,,,
300016,3001,16,,,{17=1500;19=1000},,,,,,,,
300017,3001,17,,,{14=1000;21=1500},,,,,,,,
300018,3001,18,,,{1=20%;30=2000},,,,,,,,
300019,3001,19,,,{7=20%;8=20%},,,,,,,,
300020,3001,20,,,{10=30%;9=30%},,,,,,,,
300021,3001,21,,,{28=1500;12=2000},,,,,,,,
300022,3001,22,,,{14=1000;25=2000},,,,,,,,
300023,3001,23,,,{17=2000;19=2000},,,,,,,,
300024,3001,24,,,{15=2000;21=3000},,,,,,,,
301002,3011,2,,,{7=80;8=80},,,,,,,,
301003,3011,3,,,{24=200},,,,,,,,
301004,3011,4,,,{7=5%;8=5%},,,,,,,,
301005,3011,5,,,{1=5%},,,,,,,,
301006,3011,6,,,{10=5%;9=5%},,,,,,,,
301007,3011,7,,,{25=300},,,\nMở khóa kỹ năng bị động tăng sát thương PVP,Buka kunci kemahiran pasif untuk meningkatkan kerosakan PVP,Buka skill pasif untuk meningkatkan damage PVP,ปลดล็อกสกิลพาสซีฟเพื่อเพิ่มความเสียหายในการต่อสู้ PVP,Unlock passive skill to increase PVP damage,I-unlock ang passive skill na nagpapataas ng PVP damage
301008,3011,8,,,{1=10%},,,,,,,,
301009,3011,9,,,{7=10%;8=10%},,,,,,,,
301010,3011,10,,,{25=600},,,\nMở khóa kỹ năng bị động giảm sát thương PVP,Buka kunci kemahiran pasif untuk mengurangkan kerosakan PVP,Buka skill pasif untuk mengurangi damage PVP,ปลดล็อกสกิลพาสซีฟเพื่อลดความเสียหายในการต่อสู้ PVP,Unlock passive skill to reduce PVP damage,I-unlock ang passive skill na nagpapababa ng PVP damage
301011,3011,11,,,{22=1000},,,,,,,,
301012,3011,12,,,{23=1000},,,,,,,,
301013,3011,13,,,{10=20%;9=20%},,,,,,,,
301014,3011,14,,,{28=10%;12=15%},,,,,,,,
301015,3011,15,,,{14=1500;25=1000},,,,,,,,
301016,3011,16,,,{17=1500;19=1000},,,,,,,,
301017,3011,17,,,{14=1000;21=1500},,,,,,,,
301018,3011,18,,,{1=20%;30=2000},,,,,,,,
301019,3011,19,,,{7=20%;8=20%},,,,,,,,
301020,3011,20,,,{10=30%;9=30%},,,,,,,,
301021,3011,21,,,{28=1500;12=2000},,,,,,,,
301022,3011,22,,,{14=1000;25=2000},,,,,,,,
301023,3011,23,,,{17=2000;19=2000},,,,,,,,
301024,3011,24,,,{15=2000;21=3000},,,,,,,,
302002,3021,2,,,{10=120;9=120},,,,,,,,
302003,3021,3,,,{25=300},,,,,,,,
302004,3021,4,,,{10=8%;9=8%},,,,,,,,
302005,3021,5,,,{1=8%},,,,,,,,
302006,3021,6,,,{10=8%;9=8%},,,,,,,,
302007,3021,7,,,{17=500},,,\nMở khóa kỹ năng bị động giảm sát thương PVP,Buka kunci kemahiran pasif untuk mengurangkan kerosakan PVP,Buka skill pasif untuk mengurangi damage PVP,ปลดล็อกสกิลพาสซีฟเพื่อลดความเสียหายในการต่อสู้ PVP,Unlock passive skill to reduce PVP damage,I-unlock ang passive skill na nagpapababa ng PVP damage
302008,3021,8,,,{1=15%},,,,,,,,
302009,3021,9,,,{10=15%;9=15%},,,,,,,,
302010,3021,10,,,{17=1000},,,\nMở khóa kỹ năng bị động tăng sát thương PVP,Buka kunci kemahiran pasif untuk meningkatkan kerosakan PVP,Buka skill pasif untuk meningkatkan damage PVP,ปลดล็อกสกิลพาสซีฟเพื่อเพิ่มความเสียหายในการต่อสู้ PVP,Unlock passive skill to increase PVP damage,I-unlock ang passive skill na nagpapataas ng PVP damage
302011,3021,11,,,{22=1500},,,,,,,,
302012,3021,12,,,{23=1500},,,,,,,,
302013,3021,13,,,{10=20%;9=20%},,,,,,,,
302014,3021,14,,,{28=10%;12=15%},,,,,,,,
302015,3021,15,,,{14=1500;25=1000},,,,,,,,
302016,3021,16,,,{17=1500;19=1000},,,,,,,,
302017,3021,17,,,{14=1000;21=1500},,,,,,,,
302018,3021,18,,,{1=20%;30=2000},,,,,,,,
302019,3021,19,,,{7=20%;8=20%},,,,,,,,
302020,3021,20,,,{10=30%;9=30%},,,,,,,,
302021,3021,21,,,{28=1500;12=2000},,,,,,,,
302022,3021,22,,,{14=1000;25=2000},,,,,,,,
302023,3021,23,,,{17=2000;19=2000},,,,,,,,
302024,3021,24,,,{15=2000;21=3000},,,,,,,,
314002,3141,2,,,{7=120;8=120},,,,,,,,
314003,3141,3,,,{24=300},,,,,,,,
314004,3141,4,,,{7=8%;8=8%},,,,,,,,
314005,3141,5,,,{1=8%},,,,,,,,
314006,3141,6,,,{7=8%;8=8%},,,,,,,,
314007,3141,7,,,{24=500},,,\nMở khóa kỹ năng bị động tăng sát thương PVP,Buka kunci kemahiran pasif untuk meningkatkan kerosakan PVP,Buka skill pasif untuk meningkatkan damage PVP,ปลดล็อกสกิลพาสซีฟเพื่อเพิ่มความเสียหายในการต่อสู้ PVP,Unlock passive skill to increase PVP damage,I-unlock ang passive skill na nagpapataas ng PVP damage
314008,3141,8,,,{1=15%},,,,,,,,
314009,3141,9,,,{7=15%;8=15%},,,,,,,,
314010,3141,10,,,{24=1000},,,\nMở khóa kỹ năng bị động giảm sát thương PVP,Buka kunci kemahiran pasif untuk mengurangkan kerosakan PVP,Buka skill pasif untuk mengurangi damage PVP,ปลดล็อกสกิลพาสซีฟเพื่อลดความเสียหายในการต่อสู้ PVP,Unlock passive skill to reduce PVP damage,I-unlock ang passive skill na nagpapababa ng PVP damage
314011,3141,11,,,{22=1500},,,,,,,,
314012,3141,12,,,{23=1500},,,,,,,,
314013,3141,13,,,{10=20%;9=20%},,,,,,,,
314014,3141,14,,,{28=10%;12=15%},,,,,,,,
314015,3141,15,,,{14=1500;25=1000},,,,,,,,
314016,3141,16,,,{17=1500;19=1000},,,,,,,,
314017,3141,17,,,{14=1000;21=1500},,,,,,,,
314018,3141,18,,,{1=20%;30=2000},,,,,,,,
314019,3141,19,,,{7=20%;8=20%},,,,,,,,
314020,3141,20,,,{10=30%;9=30%},,,,,,,,
314021,3141,21,,,{28=1500;12=2000},,,,,,,,
314022,3141,22,,,{14=1000;25=2000},,,,,,,,
314023,3141,23,,,{17=2000;19=2000},,,,,,,,
314024,3141,24,,,{15=2000;21=3000},,,,,,,,
315002,3151,2,,,{7=80;8=80},,,,,,,,
315003,3151,3,,,{24=200},,,,,,,,
315004,3151,4,,,{7=6%;8=6%},,,,,,,,
315005,3151,5,,,{1=6%},,,,,,,,
315006,3151,6,,,{7=6%;8=6%},,,,,,,,
315007,3151,7,,,{24=400},,,\nMở khóa kỹ năng bị động tăng sát thương PVP,\nBuka kunci kemahiran pasif untuk meningkatkan kerosakan PVP,\nBuka skill pasif untuk meningkatkan damage PVP,\nปลดล็อกสกิลพาสซีฟเพื่อเพิ่มความเสียหายในการต่อสู้ PVP,\nUnlock passive skill to increase PVP damage,\nI-unlock ang passive skill na nagpapataas ng PVP damage
315008,3151,8,,,{1=12%},,,,,,,,
315009,3151,9,,,{7=12%;8=12%},,,,,,,,
315010,3151,10,,,{24=800},,,\nMở khóa kỹ năng bị động giảm sát thương PVP,\nBuka kunci kemahiran pasif untuk mengurangkan kerosakan PVP,\nBuka skill pasif untuk mengurangi damage PVP,\nปลดล็อกสกิลพาสซีฟเพื่อลดความเสียหายในการต่อสู้ PVP,\nUnlock passive skill to reduce PVP damage,\nI-unlock ang passive skill na nagpapababa ng PVP damage
315011,3151,11,,,{22=1200},,,,,,,,
315012,3151,12,,,{23=1200},,,,,,,,
315013,3151,13,,,{10=20%;9=20%},,,,,,,,
315014,3151,14,,,{28=10%;12=15%},,,,,,,,
315015,3151,15,,,{14=1500;25=1000},,,,,,,,
315016,3151,16,,,{17=1500;19=1000},,,,,,,,
315017,3151,17,,,{14=1000;21=1500},,,,,,,,
315018,3151,18,,,{1=20%;30=2000},,,,,,,,
315019,3151,19,,,{7=20%;8=20%},,,,,,,,
315020,3151,20,,,{10=30%;9=30%},,,,,,,,
315021,3151,21,,,{28=1500;12=2000},,,,,,,,
315022,3151,22,,,{14=1000;25=2000},,,,,,,,
315023,3151,23,,,{17=2000;19=2000},,,,,,,,
315024,3151,24,,,{15=2000;21=3000},,,,,,,,
316002,3161,2,,,{7=80;8=80},,,,,,,,
316003,3161,3,,,{24=200},,,,,,,,
316004,3161,4,,,{7=6%;8=6%},,,,,,,,
316005,3161,5,,,{1=6%},,,,,,,,
316006,3161,6,,,{7=6%;8=6%},,,,,,,,
316007,3161,7,,,{27=400},,,\nMở khóa kỹ năng bị động tăng sát thương PVP,\nBuka kunci kemahiran pasif untuk meningkatkan kerosakan PVP,\nBuka skill pasif untuk meningkatkan damage PVP,\nปลดล็อกสกิลพาสซีฟเพื่อเพิ่มความเสียหายในการต่อสู้ PVP,\nUnlock passive skill to increase PVP damage,\nI-unlock ang passive skill na nagpapataas ng PVP damage
316008,3161,8,,,{1=12%},,,,,,,,
316009,3161,9,,,{7=12%;8=12%},,,,,,,,
316010,3161,10,,,{27=800},,,\nMở khóa kỹ năng bị động giảm sát thương PVP,\nBuka kunci kemahiran pasif untuk mengurangkan kerosakan PVP,\nBuka skill pasif untuk mengurangi damage PVP,\nปลดล็อกสกิลพาสซีฟเพื่อลดความเสียหายในการต่อสู้ PVP,\nUnlock passive skill to reduce PVP damage,\nI-unlock ang passive skill na nagpapababa ng PVP damage
316011,3161,11,,,{22=1200},,,,,,,,
316012,3161,12,,,{23=1200},,,,,,,,
316013,3161,13,,,{10=20%;9=20%},,,,,,,,
316014,3161,14,,,{28=10%;12=15%},,,,,,,,
316015,3161,15,,,{14=1500;25=1000},,,,,,,,
316016,3161,16,,,{17=1500;19=1000},,,,,,,,
316017,3161,17,,,{14=1000;21=1500},,,,,,,,
316018,3161,18,,,{1=20%;30=2000},,,,,,,,
316019,3161,19,,,{7=20%;8=20%},,,,,,,,
316020,3161,20,,,{10=30%;9=30%},,,,,,,,
316021,3161,21,,,{28=1500;12=2000},,,,,,,,
316022,3161,22,,,{14=1000;25=2000},,,,,,,,
316023,3161,23,,,{17=2000;19=2000},,,,,,,,
316024,3161,24,,,{15=2000;21=3000},,,,,,,,
317002,3171,2,,,{7=120;8=120},,,,,,,,
317003,3171,3,,,{24=300},,,,,,,,
317004,3171,4,,,{7=8%;8=8%},,,,,,,,
317005,3171,5,,,{1=8%},,,,,,,,
317006,3171,6,,,{10=8%;9=8%},,,,,,,,
317007,3171,7,,,{16=500},,,\nMở khóa kỹ năng bị động tăng sát thương PVP,\nBuka kunci kemahiran pasif untuk meningkatkan kerosakan PVP,\nBuka skill pasif untuk meningkatkan damage PVP,\nปลดล็อกสกิลพาสซีฟเพื่อเพิ่มความเสียหายในการต่อสู้ PVP,\nUnlock passive skill to increase PVP damage,\nI-unlock ang passive skill na nagpapataas ng PVP damage
317008,3171,8,,,{1=15%},,,,,,,,
317009,3171,9,,,{7=15%;8=15%},,,,,,,,
317010,3171,10,,,{16=1000},,,\nMở khóa kỹ năng bị động giảm sát thương PVP,\nBuka kunci kemahiran pasif untuk mengurangkan kerosakan PVP,\nBuka skill pasif untuk mengurangi damage PVP,\nปลดล็อกสกิลพาสซีฟเพื่อลดความเสียหายในการต่อสู้ PVP,\nUnlock passive skill to reduce PVP damage,\nI-unlock ang passive skill na nagpapababa ng PVP damage
317011,3171,11,,,{22=1500},,,,,,,,
317012,3171,12,,,{23=1500},,,,,,,,
317013,3171,13,,,{10=20%;9=20%},,,,,,,,
317014,3171,14,,,{28=10%;12=15%},,,,,,,,
317015,3171,15,,,{14=1500;25=1000},,,,,,,,
317016,3171,16,,,{17=1500;19=1000},,,,,,,,
317017,3171,17,,,{14=1000;21=1500},,,,,,,,
317018,3171,18,,,{1=20%;30=2000},,,,,,,,
317019,3171,19,,,{7=20%;8=20%},,,,,,,,
317020,3171,20,,,{10=30%;9=30%},,,,,,,,
317021,3171,21,,,{28=1500;12=2000},,,,,,,,
317022,3171,22,,,{14=1000;25=2000},,,,,,,,
317023,3171,23,,,{17=2000;19=2000},,,,,,,,
317024,3171,24,,,{15=2000;21=3000},,,,,,,,
318002,3181,2,,,{1=300},,,,,,,,
318003,3181,3,,,{25=200},,,,,,,,
318004,3181,4,,,{10=6%;9=6%},,,,,,,,
318005,3181,5,,,{1=6%},,,,,,,,
318006,3181,6,,,{7=6%;8=6%},,,,,,,,
318007,3181,7,,,{25=400},,,\nMở khóa kỹ năng bị động giảm sát thương PVP,\nBuka kunci kemahiran pasif untuk mengurangkan kerosakan PVP,\nBuka skill pasif untuk mengurangi damage PVP,\nปลดล็อกสกิลพาสซีฟเพื่อลดความเสียหายในการต่อสู้ PVP,\nUnlock passive skill to reduce PVP damage,\nI-unlock ang passive skill na nagpapababa ng PVP damage
318008,3181,8,,,{1=12%},,,,,,,,
318009,3181,9,,,{10=12%;9=12%},,,,,,,,
318010,3181,10,,,{25=800},,,\nMở khóa kỹ năng bị động tăng sát thương PVP,\nBuka kunci kemahiran pasif untuk meningkatkan kerosakan PVP,\nBuka skill pasif untuk meningkatkan damage PVP,\nปลดล็อกสกิลพาสซีฟเพื่อเพิ่มความเสียหายในการต่อสู้ PVP,\nUnlock passive skill to increase PVP damage,\nI-unlock ang passive skill na nagpapataas ng PVP damage
318011,3181,11,,,{22=1200},,,,,,,,
318012,3181,12,,,{23=1200},,,,,,,,
318013,3181,13,,,{10=20%;9=20%},,,,,,,,
318014,3181,14,,,{28=10%;12=15%},,,,,,,,
318015,3181,15,,,{14=1500;25=1000},,,,,,,,
318016,3181,16,,,{17=1500;19=1000},,,,,,,,
318017,3181,17,,,{14=1000;21=1500},,,,,,,,
318018,3181,18,,,{1=20%;30=2000},,,,,,,,
318019,3181,19,,,{7=20%;8=20%},,,,,,,,
318020,3181,20,,,{10=30%;9=30%},,,,,,,,
318021,3181,21,,,{28=1500;12=2000},,,,,,,,
318022,3181,22,,,{14=1000;25=2000},,,,,,,,
318023,3181,23,,,{17=2000;19=2000},,,,,,,,
318024,3181,24,,,{15=2000;21=3000},,,,,,,,
320002,3201,2,,,{7=80;8=80},,,,,,,,
320003,3201,3,,,{24=200},,,,,,,,
320004,3201,4,,,{7=6%;8=6%},,,,,,,,
320005,3201,5,,,{1=6%},,,,,,,,
320006,3201,6,,,{7=6%;8=6%},,,,,,,,
320007,3201,7,,,{24=400},,,\nMở khóa kỹ năng bị động tăng sát thương PVP,\nBuka kunci kemahiran pasif untuk meningkatkan kerosakan PVP,\nBuka skill pasif untuk meningkatkan damage PVP,\nปลดล็อกสกิลพาสซีฟเพื่อเพิ่มความเสียหายในการต่อสู้ PVP,\nUnlock passive skill to increase PVP damage,\nI-unlock ang passive skill na nagpapataas ng PVP damage
320008,3201,8,,,{1=12%},,,,,,,,
320009,3201,9,,,{7=12%;8=12%},,,,,,,,
320010,3201,10,,,{24=800},,,\nMở khóa kỹ năng bị động giảm sát thương PVP,\nBuka kunci kemahiran pasif untuk mengurangkan kerosakan PVP,\nBuka skill pasif untuk mengurangi damage PVP,\nปลดล็อกสกิลพาสซีฟเพื่อลดความเสียหายในการต่อสู้ PVP,\nUnlock passive skill to reduce PVP damage,\nI-unlock ang passive skill na nagpapababa ng PVP damage
320011,3201,11,,,{22=1200},,,,,,,,
320012,3201,12,,,{23=1200},,,,,,,,
320013,3201,13,,,{10=20%;9=20%},,,,,,,,
320014,3201,14,,,{28=10%;12=15%},,,,,,,,
320015,3201,15,,,{14=1500;25=1000},,,,,,,,
320016,3201,16,,,{17=1500;19=1000},,,,,,,,
320017,3201,17,,,{14=1000;21=1500},,,,,,,,
320018,3201,18,,,{1=20%;30=2000},,,,,,,,
320019,3201,19,,,{7=20%;8=20%},,,,,,,,
320020,3201,20,,,{10=30%;9=30%},,,,,,,,
320021,3201,21,,,{28=1500;12=2000},,,,,,,,
320022,3201,22,,,{14=1000;25=2000},,,,,,,,
320023,3201,23,,,{17=2000;19=2000},,,,,,,,
320024,3201,24,,,{15=2000;21=3000},,,,,,,,
321002,3211,2,,,{10=120;9=120},,,,,,,,
321003,3211,3,,,{25=300},,,,,,,,
321004,3211,4,,,{10=8%;9=8%},,,,,,,,
321005,3211,5,,,{1=8%},,,,,,,,
321006,3211,6,,,{10=8%;9=8%},,,,,,,,
321007,3211,7,,,{25=500},,,\nMở khóa kỹ năng bị động giảm sát thương PVP,\nBuka kunci kemahiran pasif untuk mengurangkan kerosakan PVP,\nBuka skill pasif untuk mengurangi damage PVP,\nปลดล็อกสกิลพาสซีฟเพื่อลดความเสียหายในการต่อสู้ PVP,\nUnlock passive skill to reduce PVP damage,\nI-unlock ang passive skill na nagpapababa ng PVP damage
321008,3211,8,,,{1=15%},,,,,,,,
321009,3211,9,,,{10=15%;9=15%},,,,,,,,
321010,3211,10,,,{25=1000},,,\nMở khóa kỹ năng bị động tăng sát thương PVP,\nBuka kunci kemahiran pasif untuk meningkatkan kerosakan PVP,\nBuka skill pasif untuk meningkatkan damage PVP,\nปลดล็อกสกิลพาสซีฟเพื่อเพิ่มความเสียหายในการต่อสู้ PVP,\nUnlock passive skill to increase PVP damage,\nI-unlock ang passive skill na nagpapataas ng PVP damage
321011,3211,11,,,{22=1500},,,,,,,,
321012,3211,12,,,{23=1500},,,,,,,,
321013,3211,13,,,{10=20%;9=20%},,,,,,,,
321014,3211,14,,,{28=10%;12=15%},,,,,,,,
321015,3211,15,,,{14=1500;25=1000},,,,,,,,
321016,3211,16,,,{17=1500;19=1000},,,,,,,,
321017,3211,17,,,{14=1000;21=1500},,,,,,,,
321018,3211,18,,,{1=20%;30=2000},,,,,,,,
321019,3211,19,,,{7=20%;8=20%},,,,,,,,
321020,3211,20,,,{10=30%;9=30%},,,,,,,,
321021,3211,21,,,{28=1500;12=2000},,,,,,,,
321022,3211,22,,,{14=1000;25=2000},,,,,,,,
321023,3211,23,,,{17=2000;19=2000},,,,,,,,
321024,3211,24,,,{15=2000;21=3000},,,,,,,,
322002,3221,2,,,{7=120;8=120},,,,,,,,
322003,3221,3,,,{24=300},,,,,,,,
322004,3221,4,,,{7=8%;8=8%},,,,,,,,
322005,3221,5,,,{1=8%},,,,,,,,
322006,3221,6,,,{7=8%;8=8%},,,,,,,,
322007,3221,7,,,{5=500},,,\nMở khóa kỹ năng bị động tăng sát thương PVP,\nBuka kunci kemahiran pasif untuk meningkatkan kerosakan PVP,\nBuka skill pasif untuk meningkatkan damage PVP,\nปลดล็อกสกิลพาสซีฟเพื่อเพิ่มความเสียหายในการต่อสู้ PVP,\nUnlock passive skill to increase PVP damage,\nI-unlock ang passive skill na nagpapataas ng PVP damage
322008,3221,8,,,{1=15%},,,,,,,,
322009,3221,9,,,{7=15%;8=15%},,,,,,,,
322010,3221,10,,,{5=1000},,,\nMở khóa kỹ năng bị động giảm sát thương PVP,\nBuka kunci kemahiran pasif untuk mengurangkan kerosakan PVP,\nBuka skill pasif untuk mengurangi damage PVP,\nปลดล็อกสกิลพาสซีฟเพื่อลดความเสียหายในการต่อสู้ PVP,\nUnlock passive skill to reduce PVP damage,\nI-unlock ang passive skill na nagpapababa ng PVP damage
322011,3221,11,,,{22=1500},,,,,,,,
322012,3221,12,,,{23=1500},,,,,,,,
322013,3221,13,,,{10=20%;9=20%},,,,,,,,
322014,3221,14,,,{28=10%;12=15%},,,,,,,,
322015,3221,15,,,{14=1500;25=1000},,,,,,,,
322016,3221,16,,,{17=1500;19=1000},,,,,,,,
322017,3221,17,,,{14=1000;21=1500},,,,,,,,
322018,3221,18,,,{1=20%;30=2000},,,,,,,,
322019,3221,19,,,{7=20%;8=20%},,,,,,,,
322020,3221,20,,,{10=30%;9=30%},,,,,,,,
322021,3221,21,,,{28=1500;12=2000},,,,,,,,
322022,3221,22,,,{14=1000;25=2000},,,,,,,,
322023,3221,23,,,{17=2000;19=2000},,,,,,,,
322024,3221,24,,,{15=2000;21=3000},,,,,,,,
324002,3241,2,,,{1=500},,,,,,,,
324003,3241,3,,,{25=300},,,,,,,,
324004,3241,4,,,{10=8%;9=8%},,,,,,,,
324005,3241,5,,,{1=8%},,,,,,,,
324006,3241,6,,,{7=8%;8=8%},,,,,,,,
324007,3241,7,,,{5=500},,,\nMở khóa kỹ năng bị động giảm sát thương PVP,\nBuka kunci kemahiran pasif untuk mengurangkan kerosakan PVP,\nBuka skill pasif untuk mengurangi damage PVP,\nปลดล็อกสกิลพาสซีฟเพื่อลดความเสียหายในการต่อสู้ PVP,\nUnlock passive skill to reduce PVP damage,\nI-unlock ang passive skill na nagpapababa ng PVP damage
324008,3241,8,,,{1=15%},,,,,,,,
324009,3241,9,,,{10=15%;9=15%},,,,,,,,
324010,3241,10,,,{5=1000},,,\nMở khóa kỹ năng bị động tăng sát thương PVP,\nBuka kunci kemahiran pasif untuk meningkatkan kerosakan PVP,\nBuka skill pasif untuk meningkatkan damage PVP,\nปลดล็อกสกิลพาสซีฟเพื่อเพิ่มความเสียหายในการต่อสู้ PVP,\nUnlock passive skill to increase PVP damage,\nI-unlock ang passive skill na nagpapataas ng PVP damage
324011,3241,11,,,{22=1500},,,,,,,,
324012,3241,12,,,{23=1500},,,,,,,,
324013,3241,13,,,{10=20%;9=20%},,,,,,,,
324014,3241,14,,,{28=10%;12=15%},,,,,,,,
324015,3241,15,,,{14=1500;25=1000},,,,,,,,
324016,3241,16,,,{17=1500;19=1000},,,,,,,,
324017,3241,17,,,{14=1000;21=1500},,,,,,,,
324018,3241,18,,,{1=20%;30=2000},,,,,,,,
324019,3241,19,,,{7=20%;8=20%},,,,,,,,
324020,3241,20,,,{10=30%;9=30%},,,,,,,,
324021,3241,21,,,{28=1500;12=2000},,,,,,,,
324022,3241,22,,,{14=1000;25=2000},,,,,,,,
324023,3241,23,,,{17=2000;19=2000},,,,,,,,
324024,3241,24,,,{15=2000;21=3000},,,,,,,,
325002,3251,2,,,{7=80;8=80},,,,,,,,
325003,3251,3,,,{24=200},,,,,,,,
325004,3251,4,,,{7=6%;8=6%},,,,,,,,
325005,3251,5,,,{1=6%},,,,,,,,
325006,3251,6,,,{7=6%;8=6%},,,,,,,,
325007,3251,7,,,{24=400},,,\nMở khóa kỹ năng bị động tăng sát thương PVP,\nBuka kunci kemahiran pasif untuk meningkatkan kerosakan PVP,\nBuka skill pasif untuk meningkatkan damage PVP,\nปลดล็อกสกิลพาสซีฟเพื่อเพิ่มความเสียหายในการต่อสู้ PVP,\nUnlock passive skill to increase PVP damage,\nI-unlock ang passive skill na nagpapataas ng PVP damage
325008,3251,8,,,{1=12%},,,,,,,,
325009,3251,9,,,{7=12%;8=12%},,,,,,,,
325010,3251,10,,,{24=800},,,\nMở khóa kỹ năng bị động giảm sát thương PVP,\nBuka kunci kemahiran pasif untuk mengurangkan kerosakan PVP,\nBuka skill pasif untuk mengurangi damage PVP,\nปลดล็อกสกิลพาสซีฟเพื่อลดความเสียหายในการต่อสู้ PVP,\nUnlock passive skill to reduce PVP damage,\nI-unlock ang passive skill na nagpapababa ng PVP damage
325011,3251,11,,,{22=1200},,,,,,,,
325012,3251,12,,,{23=1200},,,,,,,,
325013,3251,13,,,{10=20%;9=20%},,,,,,,,
325014,3251,14,,,{28=10%;12=15%},,,,,,,,
325015,3251,15,,,{14=1500;25=1000},,,,,,,,
325016,3251,16,,,{17=1500;19=1000},,,,,,,,
325017,3251,17,,,{14=1000;21=1500},,,,,,,,
325018,3251,18,,,{1=20%;30=2000},,,,,,,,
325019,3251,19,,,{7=20%;8=20%},,,,,,,,
325020,3251,20,,,{10=30%;9=30%},,,,,,,,
325021,3251,21,,,{28=1500;12=2000},,,,,,,,
325022,3251,22,,,{14=1000;25=2000},,,,,,,,
325023,3251,23,,,{17=2000;19=2000},,,,,,,,
325024,3251,24,,,{15=2000;21=3000},,,,,,,,
326002,3261,2,,,{7=120;8=120},,,,,,,,
326003,3261,3,,,{24=300},,,,,,,,
326004,3261,4,,,{7=8%;8=8%},,,,,,,,
326005,3261,5,,,{1=8%},,,,,,,,
326006,3261,6,,,{10=8%;9=8%},,,,,,,,
326007,3261,7,,,{5=500},,,\nMở khóa kỹ năng bị động tăng sát thương PVP,\nBuka kunci kemahiran pasif untuk meningkatkan kerosakan PVP,\nBuka skill pasif untuk meningkatkan damage PVP,\nปลดล็อกสกิลพาสซีฟเพื่อเพิ่มความเสียหายในการต่อสู้ PVP,\nUnlock passive skill to increase PVP damage,\nI-unlock ang passive skill na nagpapataas ng PVP damage
326008,3261,8,,,{1=15%},,,,,,,,
326009,3261,9,,,{7=15%;8=15%},,,,,,,,
326010,3261,10,,,{5=1000},,,\nMở khóa kỹ năng bị động giảm sát thương PVP,\nBuka kunci kemahiran pasif untuk mengurangkan kerosakan PVP,\nBuka skill pasif untuk mengurangi damage PVP,\nปลดล็อกสกิลพาสซีฟเพื่อลดความเสียหายในการต่อสู้ PVP,\nUnlock passive skill to reduce PVP damage,\nI-unlock ang passive skill na nagpapababa ng PVP damage
326011,3261,11,,,{22=1500},,,,,,,,
326012,3261,12,,,{23=1500},,,,,,,,
326013,3261,13,,,{10=20%;9=20%},,,,,,,,
326014,3261,14,,,{28=10%;12=15%},,,,,,,,
326015,3261,15,,,{14=1500;25=1000},,,,,,,,
326016,3261,16,,,{17=1500;19=1000},,,,,,,,
326017,3261,17,,,{14=1000;21=1500},,,,,,,,
326018,3261,18,,,{1=20%;30=2000},,,,,,,,
326019,3261,19,,,{7=20%;8=20%},,,,,,,,
326020,3261,20,,,{10=30%;9=30%},,,,,,,,
326021,3261,21,,,{28=1500;12=2000},,,,,,,,
326022,3261,22,,,{14=1000;25=2000},,,,,,,,
326023,3261,23,,,{17=2000;19=2000},,,,,,,,
326024,3261,24,,,{15=2000;21=3000},,,,,,,,
327002,3271,2,,,{7=120;8=120},,,,,,,,
327003,3271,3,,,{24=300},,,,,,,,
327004,3271,4,,,{7=8%;8=8%},,,,,,,,
327005,3271,5,,,{1=8%},,,,,,,,
327006,3271,6,,,{7=8%;8=8%},,,,,,,,
327007,3271,7,,,{24=500},,,\nMở khóa kỹ năng bị động tăng sát thương PVP,\nBuka kunci kemahiran pasif untuk meningkatkan kerosakan PVP,\nBuka skill pasif untuk meningkatkan damage PVP,\nปลดล็อกสกิลพาสซีฟเพื่อเพิ่มความเสียหายในการต่อสู้ PVP,\nUnlock passive skill to increase PVP damage,\nI-unlock ang passive skill na nagpapataas ng PVP damage
327008,3271,8,,,{1=15%},,,,,,,,
327009,3271,9,,,{7=15%;8=15%},,,,,,,,
327010,3271,10,,,{24=1000},,,\nMở khóa kỹ năng bị động giảm sát thương PVP,\nBuka kunci kemahiran pasif untuk mengurangkan kerosakan PVP,\nBuka skill pasif untuk mengurangi damage PVP,\nปลดล็อกสกิลพาสซีฟเพื่อลดความเสียหายในการต่อสู้ PVP,\nUnlock passive skill to reduce PVP damage,\nI-unlock ang passive skill na nagpapababa ng PVP damage
327011,3271,11,,,{22=1500},,,,,,,,
327012,3271,12,,,{23=1500},,,,,,,,
327013,3271,13,,,{10=20%;9=20%},,,,,,,,
327014,3271,14,,,{28=10%;12=15%},,,,,,,,
327015,3271,15,,,{14=1500;25=1000},,,,,,,,
327016,3271,16,,,{17=1500;19=1000},,,,,,,,
327017,3271,17,,,{14=1000;21=1500},,,,,,,,
327018,3271,18,,,{1=20%;30=2000},,,,,,,,
327019,3271,19,,,{7=20%;8=20%},,,,,,,,
327020,3271,20,,,{10=30%;9=30%},,,,,,,,
327021,3271,21,,,{28=1500;12=2000},,,,,,,,
327022,3271,22,,,{14=1000;25=2000},,,,,,,,
327023,3271,23,,,{17=2000;19=2000},,,,,,,,
327024,3271,24,,,{15=2000;21=3000},,,,,,,,
328002,3281,2,,,{7=80;8=80},,,,,,,,
328003,3281,3,,,{25=200},,,,,,,,
328004,3281,4,,,{7=5%;8=5%},,,,,,,,
328005,3281,5,,,{1=5%},,,,,,,,
328006,3281,6,,,{10=5%;9=5%},,,,,,,,
328007,3281,7,,,{17=300},,,\nMở khóa kỹ năng bị động giảm sát thương PVP,\nBuka kunci kemahiran pasif untuk mengurangkan kerosakan PVP,\nBuka skill pasif untuk mengurangi damage PVP,\nปลดล็อกสกิลพาสซีฟเพื่อลดความเสียหายในการต่อสู้ PVP,\nUnlock passive skill to reduce PVP damage,\nI-unlock ang passive skill na nagpapababa ng PVP damage
328008,3281,8,,,{1=10%},,,,,,,,
328009,3281,9,,,{7=10%;8=10%},,,,,,,,
328010,3281,10,,,{17=600},,,\nMở khóa kỹ năng bị động tăng sát thương PVP,\nBuka kunci kemahiran pasif untuk meningkatkan kerosakan PVP,\nBuka skill pasif untuk meningkatkan damage PVP,\nปลดล็อกสกิลพาสซีฟเพื่อเพิ่มความเสียหายในการต่อสู้ PVP,\nUnlock passive skill to increase PVP damage,\nI-unlock ang passive skill na nagpapataas ng PVP damage
328011,3281,11,,,{22=1000},,,,,,,,
328012,3281,12,,,{23=1000},,,,,,,,
328013,3281,13,,,{10=20%;9=20%},,,,,,,,
328014,3281,14,,,{28=10%;12=15%},,,,,,,,
328015,3281,15,,,{14=1500;25=1000},,,,,,,,
328016,3281,16,,,{17=1500;19=1000},,,,,,,,
328017,3281,17,,,{14=1000;21=1500},,,,,,,,
328018,3281,18,,,{1=20%;30=2000},,,,,,,,
328019,3281,19,,,{7=20%;8=20%},,,,,,,,
328020,3281,20,,,{10=30%;9=30%},,,,,,,,
328021,3281,21,,,{28=1500;12=2000},,,,,,,,
328022,3281,22,,,{14=1000;25=2000},,,,,,,,
328023,3281,23,,,{17=2000;19=2000},,,,,,,,
328024,3281,24,,,{15=2000;21=3000},,,,,,,,
329002,3291,2,,,{7=80;8=80},,,,,,,,
329003,3291,3,,,{24=200},,,,,,,,
329004,3291,4,,,{7=5%;8=5%},,,,,,,,
329005,3291,5,,,{1=5%},,,,,,,,
329006,3291,6,,,{7=5%;8=5%},,,,,,,,
329007,3291,7,,,{14=300},,,\nMở khóa kỹ năng bị động tăng sát thương PVP,\nBuka kunci kemahiran pasif untuk meningkatkan kerosakan PVP,\nBuka skill pasif untuk meningkatkan damage PVP,\nปลดล็อกสกิลพาสซีฟเพื่อเพิ่มความเสียหายในการต่อสู้ PVP,\nUnlock passive skill to increase PVP damage,\nI-unlock ang passive skill na nagpapataas ng PVP damage
329008,3291,8,,,{1=10%},,,,,,,,
329009,3291,9,,,{7=10%;8=10%},,,,,,,,
329010,3291,10,,,{14=600},,,\nMở khóa kỹ năng bị động giảm sát thương PVP,\nBuka kunci kemahiran pasif untuk mengurangkan kerosakan PVP,\nBuka skill pasif untuk mengurangi damage PVP,\nปลดล็อกสกิลพาสซีฟเพื่อลดความเสียหายในการต่อสู้ PVP,\nUnlock passive skill to reduce PVP damage,\nI-unlock ang passive skill na nagpapababa ng PVP damage
329011,3291,11,,,{22=1000},,,,,,,,
329012,3291,12,,,{23=1000},,,,,,,,
329013,3291,13,,,{10=20%;9=20%},,,,,,,,
329014,3291,14,,,{28=10%;12=15%},,,,,,,,
329015,3291,15,,,{14=1500;25=1000},,,,,,,,
329016,3291,16,,,{17=1500;19=1000},,,,,,,,
329017,3291,17,,,{14=1000;21=1500},,,,,,,,
329018,3291,18,,,{1=20%;30=2000},,,,,,,,
329019,3291,19,,,{7=20%;8=20%},,,,,,,,
329020,3291,20,,,{10=30%;9=30%},,,,,,,,
329021,3291,21,,,{28=1500;12=2000},,,,,,,,
329022,3291,22,,,{14=1000;25=2000},,,,,,,,
329023,3291,23,,,{17=2000;19=2000},,,,,,,,
329024,3291,24,,,{15=2000;21=3000},,,,,,,,
330002,3301,2,,,{7=120;8=120},,,,,,,,
330003,3301,3,,,{24=300},,,,,,,,
330004,3301,4,,,{7=8%;8=8%},,,,,,,,
330005,3301,5,,,{1=8%},,,,,,,,
330006,3301,6,,,{7=8%;8=8%},,,,,,,,
330007,3301,7,,,{24=500},,,\nMở khóa kỹ năng bị động tăng sát thương PVP,\nBuka kunci kemahiran pasif untuk meningkatkan kerosakan PVP,\nBuka skill pasif untuk meningkatkan damage PVP,\nปลดล็อกสกิลพาสซีฟเพื่อเพิ่มความเสียหายในการต่อสู้ PVP,\nUnlock passive skill to increase PVP damage,\nI-unlock ang passive skill na nagpapataas ng PVP damage
330008,3301,8,,,{1=15%},,,,,,,,
330009,3301,9,,,{7=15%;8=15%},,,,,,,,
330010,3301,10,,,{24=1000},,,\nMở khóa kỹ năng bị động giảm sát thương PVP,\nBuka kunci kemahiran pasif untuk mengurangkan kerosakan PVP,\nBuka skill pasif untuk mengurangi damage PVP,\nปลดล็อกสกิลพาสซีฟเพื่อลดความเสียหายในการต่อสู้ PVP,\nUnlock passive skill to reduce PVP damage,\nI-unlock ang passive skill na nagpapababa ng PVP damage
330011,3301,11,,,{22=1500},,,,,,,,
330012,3301,12,,,{23=1500},,,,,,,,
330013,3301,13,,,{10=20%;9=20%},,,,,,,,
330014,3301,14,,,{28=10%;12=15%},,,,,,,,
330015,3301,15,,,{14=1500;25=1000},,,,,,,,
330016,3301,16,,,{17=1500;19=1000},,,,,,,,
330017,3301,17,,,{14=1000;21=1500},,,,,,,,
330018,3301,18,,,{1=20%;30=2000},,,,,,,,
330019,3301,19,,,{7=20%;8=20%},,,,,,,,
330020,3301,20,,,{10=30%;9=30%},,,,,,,,
330021,3301,21,,,{28=1500;12=2000},,,,,,,,
330022,3301,22,,,{14=1000;25=2000},,,,,,,,
330023,3301,23,,,{17=2000;19=2000},,,,,,,,
330024,3301,24,,,{15=2000;21=3000},,,,,,,,
334002,3341,2,,,{1=300},,,,,,,,
334003,3341,3,,,{25=200},,,,,,,,
334004,3341,4,,,{10=5%;9=5%},,,,,,,,
334005,3341,5,,,{1=5%},,,,,,,,
334006,3341,6,,,{7=5%;8=5%},,,,,,,,
334007,3341,7,,,{14=300},,,\nMở khóa kỹ năng bị động giảm sát thương PVP,\nBuka kunci kemahiran pasif untuk mengurangkan kerosakan PVP,\nBuka skill pasif untuk mengurangi damage PVP,\nปลดล็อกสกิลพาสซีฟเพื่อลดความเสียหายในการต่อสู้ PVP,\nUnlock passive skill to reduce PVP damage,\nI-unlock ang passive skill na nagpapababa ng PVP damage
334008,3341,8,,,{1=10%},,,,,,,,
334009,3341,9,,,{10=10%;9=10%},,,,,,,,
334010,3341,10,,,{14=600},,,\nMở khóa kỹ năng bị động tăng sát thương PVP,\nBuka kunci kemahiran pasif untuk meningkatkan kerosakan PVP,\nBuka skill pasif untuk meningkatkan damage PVP,\nปลดล็อกสกิลพาสซีฟเพื่อเพิ่มความเสียหายในการต่อสู้ PVP,\nUnlock passive skill to increase PVP damage,\nI-unlock ang passive skill na nagpapataas ng PVP damage
334011,3341,11,,,{22=1000},,,,,,,,
334012,3341,12,,,{23=1000},,,,,,,,
334013,3341,13,,,{10=20%;9=20%},,,,,,,,
334014,3341,14,,,{28=10%;12=15%},,,,,,,,
334015,3341,15,,,{14=1500;25=1000},,,,,,,,
334016,3341,16,,,{17=1500;19=1000},,,,,,,,
334017,3341,17,,,{14=1000;21=1500},,,,,,,,
334018,3341,18,,,{1=20%;30=2000},,,,,,,,
334019,3341,19,,,{7=20%;8=20%},,,,,,,,
334020,3341,20,,,{10=30%;9=30%},,,,,,,,
334021,3341,21,,,{28=1500;12=2000},,,,,,,,
334022,3341,22,,,{14=1000;25=2000},,,,,,,,
334023,3341,23,,,{17=2000;19=2000},,,,,,,,
334024,3341,24,,,{15=2000;21=3000},,,,,,,,
335002,3351,2,,,{7=120;8=120},,,,,,,,
335003,3351,3,,,{24=300},,,,,,,,
335004,3351,4,,,{7=8%;8=8%},,,,,,,,
335005,3351,5,,,{1=8%},,,,,,,,
335006,3351,6,,,{7=8%;8=8%},,,,,,,,
335007,3351,7,,,{24=500},,,\nMở khóa kỹ năng bị động giảm sát thương PVP,\nBuka kunci kemahiran pasif untuk mengurangkan kerosakan PVP,\nBuka skill pasif untuk mengurangi damage PVP,\nปลดล็อกสกิลพาสซีฟเพื่อลดความเสียหายในการต่อสู้ PVP,\nUnlock passive skill to reduce PVP damage,\nI-unlock ang passive skill na nagpapababa ng PVP damage
335008,3351,8,,,{1=15%},,,,,,,,
335009,3351,9,,,{7=15%;8=15%},,,,,,,,
335010,3351,10,,,{24=1000},,,\nMở khóa kỹ năng bị động tăng sát thương PVP,\nBuka kunci kemahiran pasif untuk meningkatkan kerosakan PVP,\nBuka skill pasif untuk meningkatkan damage PVP,\nปลดล็อกสกิลพาสซีฟเพื่อเพิ่มความเสียหายในการต่อสู้ PVP,\nUnlock passive skill to increase PVP damage,\nI-unlock ang passive skill na nagpapataas ng PVP damage
335011,3351,11,,,{22=1500},,,,,,,,
335012,3351,12,,,{23=1500},,,,,,,,
335013,3351,13,,,{10=20%;9=20%},,,,,,,,
335014,3351,14,,,{28=10%;12=15%},,,,,,,,
335015,3351,15,,,{14=1500;25=1000},,,,,,,,
335016,3351,16,,,{17=1500;19=1000},,,,,,,,
335017,3351,17,,,{14=1000;21=1500},,,,,,,,
335018,3351,18,,,{1=20%;30=2000},,,,,,,,
335019,3351,19,,,{7=20%;8=20%},,,,,,,,
335020,3351,20,,,{10=30%;9=30%},,,,,,,,
335021,3351,21,,,{28=1500;12=2000},,,,,,,,
335022,3351,22,,,{14=1000;25=2000},,,,,,,,
335023,3351,23,,,{17=2000;19=2000},,,,,,,,
335024,3351,24,,,{15=2000;21=3000},,,,,,,,
341002,3411,2,,,{10=80;9=80},,,,,,,,
341003,3411,3,,,{25=200},,,,,,,,
341004,3411,4,,,{10=6%;9=6%},,,,,,,,
341005,3411,5,,,{1=6%},,,,,,,,
341006,3411,6,,,{10=6%;9=6%},,,,,,,,
341007,3411,7,,,{17=400},,,\nMở khóa kỹ năng bị động giảm sát thương PVP,\nBuka kunci kemahiran pasif untuk mengurangkan kerosakan PVP,\nBuka skill pasif untuk mengurangi damage PVP,\nปลดล็อกสกิลพาสซีฟเพื่อลดความเสียหายในการต่อสู้ PVP,\nUnlock passive skill to reduce PVP damage,\nI-unlock ang passive skill na nagpapababa ng PVP damage
341008,3411,8,,,{1=12%},,,,,,,,
341009,3411,9,,,{10=12%;9=12%},,,,,,,,
341010,3411,10,,,{17=800},,,\nMở khóa kỹ năng bị động tăng sát thương PVP,\nBuka kunci kemahiran pasif untuk meningkatkan kerosakan PVP,\nBuka skill pasif untuk meningkatkan damage PVP,\nปลดล็อกสกิลพาสซีฟเพื่อเพิ่มความเสียหายในการต่อสู้ PVP,\nUnlock passive skill to increase PVP damage,\nI-unlock ang passive skill na nagpapataas ng PVP damage
341011,3411,11,,,{22=1200},,,,,,,,
341012,3411,12,,,{23=1200},,,,,,,,
341013,3411,13,,,{10=20%;9=20%},,,,,,,,
341014,3411,14,,,{28=10%;12=15%},,,,,,,,
341015,3411,15,,,{14=1500;25=1000},,,,,,,,
341016,3411,16,,,{17=1500;19=1000},,,,,,,,
341017,3411,17,,,{14=1000;21=1500},,,,,,,,
341018,3411,18,,,{1=20%;30=2000},,,,,,,,
341019,3411,19,,,{7=20%;8=20%},,,,,,,,
341020,3411,20,,,{10=30%;9=30%},,,,,,,,
341021,3411,21,,,{28=1500;12=2000},,,,,,,,
341022,3411,22,,,{14=1000;25=2000},,,,,,,,
341023,3411,23,,,{17=2000;19=2000},,,,,,,,
341024,3411,24,,,{15=2000;21=3000},,,,,,,,
343002,3431,2,,,{1=300},,,,,,,,
343003,3431,3,,,{25=200},,,,,,,,
343004,3431,4,,,{10=5%;9=5%},,,,,,,,
343005,3431,5,,,{1=5%},,,,,,,,
343006,3431,6,,,{7=5%;8=5%},,,,,,,,
343007,3431,7,,,{16=300},,,\nMở khóa kỹ năng bị động giảm sát thương PVP,\nBuka kunci kemahiran pasif untuk mengurangkan kerosakan PVP,\nBuka skill pasif untuk mengurangi damage PVP,\nปลดล็อกสกิลพาสซีฟเพื่อลดความเสียหายในการต่อสู้ PVP,\nUnlock passive skill to reduce PVP damage,\nI-unlock ang passive skill na nagpapababa ng PVP damage
343008,3431,8,,,{1=10%},,,,,,,,
343009,3431,9,,,{10=10%;9=10%},,,,,,,,
343010,3431,10,,,{16=600},,,\nMở khóa kỹ năng bị động tăng sát thương PVP,\nBuka kunci kemahiran pasif untuk meningkatkan kerosakan PVP,\nBuka skill pasif untuk meningkatkan damage PVP,\nปลดล็อกสกิลพาสซีฟเพื่อเพิ่มความเสียหายในการต่อสู้ PVP,\nUnlock passive skill to increase PVP damage,\nI-unlock ang passive skill na nagpapataas ng PVP damage
343011,3431,11,,,{22=1000},,,,,,,,
343012,3431,12,,,{23=1000},,,,,,,,
343013,3431,13,,,{10=20%;9=20%},,,,,,,,
343014,3431,14,,,{28=10%;12=15%},,,,,,,,
343015,3431,15,,,{14=1500;25=1000},,,,,,,,
343016,3431,16,,,{17=1500;19=1000},,,,,,,,
343017,3431,17,,,{14=1000;21=1500},,,,,,,,
343018,3431,18,,,{1=20%;30=2000},,,,,,,,
343019,3431,19,,,{7=20%;8=20%},,,,,,,,
343020,3431,20,,,{10=30%;9=30%},,,,,,,,
343021,3431,21,,,{28=1500;12=2000},,,,,,,,
343022,3431,22,,,{14=1000;25=2000},,,,,,,,
343023,3431,23,,,{17=2000;19=2000},,,,,,,,
343024,3431,24,,,{15=2000;21=3000},,,,,,,,
347002,3471,2,,,{7=80;8=80},,,,,,,,
347003,3471,3,,,{24=200},,,,,,,,
347004,3471,4,,,{7=5%;8=5%},,,,,,,,
347005,3471,5,,,{1=5%},,,,,,,,
347006,3471,6,,,{7=5%;8=5%},,,,,,,,
347007,3471,7,,,{12=300},,,\nMở khóa kỹ năng bị động tăng sát thương PVP,\nBuka kunci kemahiran pasif untuk meningkatkan kerosakan PVP,\nBuka skill pasif untuk meningkatkan damage PVP,\nปลดล็อกสกิลพาสซีฟเพื่อเพิ่มความเสียหายในการต่อสู้ PVP,\nUnlock passive skill to increase PVP damage,\nI-unlock ang passive skill na nagpapataas ng PVP damage
347008,3471,8,,,{1=10%},,,,,,,,
347009,3471,9,,,{7=10%;8=10%},,,,,,,,
347010,3471,10,,,{12=600},,,\nMở khóa kỹ năng bị động giảm sát thương PVP,\nBuka kunci kemahiran pasif untuk mengurangkan kerosakan PVP,\nBuka skill pasif untuk mengurangi damage PVP,\nปลดล็อกสกิลพาสซีฟเพื่อลดความเสียหายในการต่อสู้ PVP,\nUnlock passive skill to reduce PVP damage,\nI-unlock ang passive skill na nagpapababa ng PVP damage
347011,3471,11,,,{22=1000},,,,,,,,
347012,3471,12,,,{23=1000},,,,,,,,
347013,3471,13,,,{10=20%;9=20%},,,,,,,,
347014,3471,14,,,{28=10%;12=15%},,,,,,,,
347015,3471,15,,,{14=1500;25=1000},,,,,,,,
347016,3471,16,,,{17=1500;19=1000},,,,,,,,
347017,3471,17,,,{14=1000;21=1500},,,,,,,,
347018,3471,18,,,{1=20%;30=2000},,,,,,,,
347019,3471,19,,,{7=20%;8=20%},,,,,,,,
347020,3471,20,,,{10=30%;9=30%},,,,,,,,
347021,3471,21,,,{28=1500;12=2000},,,,,,,,
347022,3471,22,,,{14=1000;25=2000},,,,,,,,
347023,3471,23,,,{17=2000;19=2000},,,,,,,,
347024,3471,24,,,{15=2000;21=3000},,,,,,,,
350002,3501,2,,,{10=80;9=80},,,,,,,,
350003,3501,3,,,{25=200},,,,,,,,
350004,3501,4,,,{10=5%;9=5%},,,,,,,,
350005,3501,5,,,{1=5%},,,,,,,,
350006,3501,6,,,{10=5%;9=5%},,,,,,,,
350007,3501,7,,,{16=300},,,\nMở khóa kỹ năng bị động giảm sát thương PVP,\nBuka kunci kemahiran pasif untuk mengurangkan kerosakan PVP,\nBuka skill pasif untuk mengurangi damage PVP,\nปลดล็อกสกิลพาสซีฟเพื่อลดความเสียหายในการต่อสู้ PVP,\nUnlock passive skill to reduce PVP damage,\nI-unlock ang passive skill na nagpapababa ng PVP damage
350008,3501,8,,,{1=10%},,,,,,,,
350009,3501,9,,,{10=10%;9=10%},,,,,,,,
350010,3501,10,,,{16=600},,,\nMở khóa kỹ năng bị động tăng sát thương PVP,\nBuka kunci kemahiran pasif untuk meningkatkan kerosakan PVP,\nBuka skill pasif untuk meningkatkan damage PVP,\nปลดล็อกสกิลพาสซีฟเพื่อเพิ่มความเสียหายในการต่อสู้ PVP,\nUnlock passive skill to increase PVP damage,\nI-unlock ang passive skill na nagpapataas ng PVP damage
350011,3501,11,,,{22=1000},,,,,,,,
350012,3501,12,,,{23=1000},,,,,,,,
350013,3501,13,,,{10=20%;9=20%},,,,,,,,
350014,3501,14,,,{28=10%;12=15%},,,,,,,,
350015,3501,15,,,{14=1500;25=1000},,,,,,,,
350016,3501,16,,,{17=1500;19=1000},,,,,,,,
350017,3501,17,,,{14=1000;21=1500},,,,,,,,
350018,3501,18,,,{1=20%;30=2000},,,,,,,,
350019,3501,19,,,{7=20%;8=20%},,,,,,,,
350020,3501,20,,,{10=30%;9=30%},,,,,,,,
350021,3501,21,,,{28=1500;12=2000},,,,,,,,
350022,3501,22,,,{14=1000;25=2000},,,,,,,,
350023,3501,23,,,{17=2000;19=2000},,,,,,,,
350024,3501,24,,,{15=2000;21=3000},,,,,,,,
351002,3511,2,,,{7=80;8=80},,,,,,,,
351003,3511,3,,,{24=200},,,,,,,,
351004,3511,4,,,{7=5%;8=5%},,,,,,,,
351005,3511,5,,,{1=5%},,,,,,,,
351006,3511,6,,,{7=5%;8=5%},,,,,,,,
351007,3511,7,,,{24=300},,,\nMở khóa kỹ năng bị động tăng sát thương PVP,\nBuka kunci kemahiran pasif untuk meningkatkan kerosakan PVP,\nBuka skill pasif untuk meningkatkan damage PVP,\nปลดล็อกสกิลพาสซีฟเพื่อเพิ่มความเสียหายในการต่อสู้ PVP,\nUnlock passive skill to increase PVP damage,\nI-unlock ang passive skill na nagpapataas ng PVP damage
351008,3511,8,,,{1=10%},,,,,,,,
351009,3511,9,,,{7=10%;8=10%},,,,,,,,
351010,3511,10,,,{24=600},,,\nMở khóa kỹ năng bị động giảm sát thương PVP,\nBuka kunci kemahiran pasif untuk mengurangkan kerosakan PVP,\nBuka skill pasif untuk mengurangi damage PVP,\nปลดล็อกสกิลพาสซีฟเพื่อลดความเสียหายในการต่อสู้ PVP,\nUnlock passive skill to reduce PVP damage,\nI-unlock ang passive skill na nagpapababa ng PVP damage
351011,3511,11,,,{22=1000},,,,,,,,
351012,3511,12,,,{23=1000},,,,,,,,
351013,3511,13,,,{10=20%;9=20%},,,,,,,,
351014,3511,14,,,{28=10%;12=15%},,,,,,,,
351015,3511,15,,,{14=1500;25=1000},,,,,,,,
351016,3511,16,,,{17=1500;19=1000},,,,,,,,
351017,3511,17,,,{14=1000;21=1500},,,,,,,,
351018,3511,18,,,{1=20%;30=2000},,,,,,,,
351019,3511,19,,,{7=20%;8=20%},,,,,,,,
351020,3511,20,,,{10=30%;9=30%},,,,,,,,
351021,3511,21,,,{28=1500;12=2000},,,,,,,,
351022,3511,22,,,{14=1000;25=2000},,,,,,,,
351023,3511,23,,,{17=2000;19=2000},,,,,,,,
351024,3511,24,,,{15=2000;21=3000},,,,,,,,
354002,3541,2,,,{1=300},,,,,,,,
354003,3541,3,,,{25=200},,,,,,,,
354004,3541,4,,,{10=6%;9=6%},,,,,,,,
354005,3541,5,,,{1=6%},,,,,,,,
354006,3541,6,,,{7=6%;8=6%},,,,,,,,
354007,3541,7,,,{91=400},,,\nMở khóa kỹ năng bị động giảm sát thương PVP,\nBuka kunci kemahiran pasif untuk mengurangkan kerosakan PVP,\nBuka skill pasif untuk mengurangi damage PVP,\nปลดล็อกสกิลพาสซีฟเพื่อลดความเสียหายในการต่อสู้ PVP,\nUnlock passive skill to reduce PVP damage,\nI-unlock ang passive skill na nagpapababa ng PVP damage
354008,3541,8,,,{1=12%},,,,,,,,
354009,3541,9,,,{10=12%;9=12%},,,,,,,,
354010,3541,10,,,{91=800},,,\nMở khóa kỹ năng bị động tăng sát thương PVP,\nBuka kunci kemahiran pasif untuk meningkatkan kerosakan PVP,\nBuka skill pasif untuk meningkatkan damage PVP,\nปลดล็อกสกิลพาสซีฟเพื่อเพิ่มความเสียหายในการต่อสู้ PVP,\nUnlock passive skill to increase PVP damage,\nI-unlock ang passive skill na nagpapataas ng PVP damage
354011,3541,11,,,{22=1200},,,,,,,,
354012,3541,12,,,{23=1200},,,,,,,,
354013,3541,13,,,{10=20%;9=20%},,,,,,,,
354014,3541,14,,,{28=10%;12=15%},,,,,,,,
354015,3541,15,,,{14=1500;25=1000},,,,,,,,
354016,3541,16,,,{17=1500;19=1000},,,,,,,,
354017,3541,17,,,{14=1000;21=1500},,,,,,,,
354018,3541,18,,,{1=20%;30=2000},,,,,,,,
354019,3541,19,,,{7=20%;8=20%},,,,,,,,
354020,3541,20,,,{10=30%;9=30%},,,,,,,,
354021,3541,21,,,{28=1500;12=2000},,,,,,,,
354022,3541,22,,,{14=1000;25=2000},,,,,,,,
354023,3541,23,,,{17=2000;19=2000},,,,,,,,
354024,3541,24,,,{15=2000;21=3000},,,,,,,,
356002,3561,2,,,{7=80;8=80},,,,,,,,
356003,3561,3,,,{24=200},,,,,,,,
356004,3561,4,,,{7=5%;8=5%},,,,,,,,
356005,3561,5,,,{1=5%},,,,,,,,
356006,3561,6,,,{10=5%;9=5%},,,,,,,,
356007,3561,7,,,{25=300},,,\nMở khóa kỹ năng bị động tăng sát thương PVP,\nBuka kunci kemahiran pasif untuk meningkatkan kerosakan PVP,\nBuka skill pasif untuk meningkatkan damage PVP,\nปลดล็อกสกิลพาสซีฟเพื่อเพิ่มความเสียหายในการต่อสู้ PVP,\nUnlock passive skill to increase PVP damage,\nI-unlock ang passive skill na nagpapataas ng PVP damage
356008,3561,8,,,{1=10%},,,,,,,,
356009,3561,9,,,{7=10%;8=10%},,,,,,,,
356010,3561,10,,,{25=600},,,\nMở khóa kỹ năng bị động giảm sát thương PVP,\nBuka kunci kemahiran pasif untuk mengurangkan kerosakan PVP,\nBuka skill pasif untuk mengurangi damage PVP,\nปลดล็อกสกิลพาสซีฟเพื่อลดความเสียหายในการต่อสู้ PVP,\nUnlock passive skill to reduce PVP damage,\nI-unlock ang passive skill na nagpapababa ng PVP damage
356011,3561,11,,,{22=1000},,,,,,,,
356012,3561,12,,,{23=1000},,,,,,,,
356013,3561,13,,,{10=20%;9=20%},,,,,,,,
356014,3561,14,,,{28=10%;12=15%},,,,,,,,
356015,3561,15,,,{14=1500;25=1000},,,,,,,,
356016,3561,16,,,{17=1500;19=1000},,,,,,,,
356017,3561,17,,,{14=1000;21=1500},,,,,,,,
356018,3561,18,,,{1=20%;30=2000},,,,,,,,
356019,3561,19,,,{7=20%;8=20%},,,,,,,,
356020,3561,20,,,{10=30%;9=30%},,,,,,,,
356021,3561,21,,,{28=1500;12=2000},,,,,,,,
356022,3561,22,,,{14=1000;25=2000},,,,,,,,
356023,3561,23,,,{17=2000;19=2000},,,,,,,,
356024,3561,24,,,{15=2000;21=3000},,,,,,,,
359002,3591,2,,,{7=80;8=80},,,,,,,,
359003,3591,3,,,{24=200},,,,,,,,
359004,3591,4,,,{7=6%;8=6%},,,,,,,,
359005,3591,5,,,{1=6%},,,,,,,,
359006,3591,6,,,{10=6%;9=6%},,,,,,,,
359007,3591,7,,,{90=400},,,\nMở khóa kỹ năng bị động tăng sát thương PVP,\nBuka kunci kemahiran pasif untuk meningkatkan kerosakan PVP,\nBuka skill pasif untuk meningkatkan damage PVP,\nปลดล็อกสกิลพาสซีฟเพื่อเพิ่มความเสียหายในการต่อสู้ PVP,\nUnlock passive skill to increase PVP damage,\nI-unlock ang passive skill na nagpapataas ng PVP damage
359008,3591,8,,,{1=12%},,,,,,,,
359009,3591,9,,,{7=12%;8=12%},,,,,,,,
359010,3591,10,,,{90=800},,,\nMở khóa kỹ năng bị động giảm sát thương PVP,\nBuka kunci kemahiran pasif untuk mengurangkan kerosakan PVP,\nBuka skill pasif untuk mengurangi damage PVP,\nปลดล็อกสกิลพาสซีฟเพื่อลดความเสียหายในการต่อสู้ PVP,\nUnlock passive skill to reduce PVP damage,\nI-unlock ang passive skill na nagpapababa ng PVP damage
359011,3591,11,,,{22=1200},,,,,,,,
359012,3591,12,,,{23=1200},,,,,,,,
359013,3591,13,,,{10=20%;9=20%},,,,,,,,
359014,3591,14,,,{28=10%;12=15%},,,,,,,,
359015,3591,15,,,{14=1500;25=1000},,,,,,,,
359016,3591,16,,,{17=1500;19=1000},,,,,,,,
359017,3591,17,,,{14=1000;21=1500},,,,,,,,
359018,3591,18,,,{1=20%;30=2000},,,,,,,,
359019,3591,19,,,{7=20%;8=20%},,,,,,,,
359020,3591,20,,,{10=30%;9=30%},,,,,,,,
359021,3591,21,,,{28=1500;12=2000},,,,,,,,
359022,3591,22,,,{14=1000;25=2000},,,,,,,,
359023,3591,23,,,{17=2000;19=2000},,,,,,,,
359024,3591,24,,,{15=2000;21=3000},,,,,,,,
360002,3601,2,,,{1=500},,,,,,,,
360003,3601,3,,,{25=300},,,,,,,,
360004,3601,4,,,{10=8%;9=8%},,,,,,,,
360005,3601,5,,,{1=8%},,,,,,,,
360006,3601,6,,,{7=8%;8=8%},,,,,,,,
360007,3601,7,,,{25=500},,,\nMở khóa kỹ năng bị động giảm sát thương PVP,\nBuka kunci kemahiran pasif untuk mengurangkan kerosakan PVP,\nBuka skill pasif untuk mengurangi damage PVP,\nปลดล็อกสกิลพาสซีฟเพื่อลดความเสียหายในการต่อสู้ PVP,\nUnlock passive skill to reduce PVP damage,\nI-unlock ang passive skill na nagpapababa ng PVP damage
360008,3601,8,,,{1=15%},,,,,,,,
360009,3601,9,,,{10=15%;9=15%},,,,,,,,
360010,3601,10,,,{25=1000},,,\nMở khóa kỹ năng bị động tăng sát thương PVP,\nBuka kunci kemahiran pasif untuk meningkatkan kerosakan PVP,\nBuka skill pasif untuk meningkatkan damage PVP,\nปลดล็อกสกิลพาสซีฟเพื่อเพิ่มความเสียหายในการต่อสู้ PVP,\nUnlock passive skill to increase PVP damage,\nI-unlock ang passive skill na nagpapataas ng PVP damage
360011,3601,11,,,{22=1500},,,,,,,,
360012,3601,12,,,{23=1500},,,,,,,,
360013,3601,13,,,{10=20%;9=20%},,,,,,,,
360014,3601,14,,,{28=10%;12=15%},,,,,,,,
360015,3601,15,,,{14=1500;25=1000},,,,,,,,
360016,3601,16,,,{17=1500;19=1000},,,,,,,,
360017,3601,17,,,{14=1000;21=1500},,,,,,,,
360018,3601,18,,,{1=20%;30=2000},,,,,,,,
360019,3601,19,,,{7=20%;8=20%},,,,,,,,
360020,3601,20,,,{10=30%;9=30%},,,,,,,,
360021,3601,21,,,{28=1500;12=2000},,,,,,,,
360022,3601,22,,,{14=1000;25=2000},,,,,,,,
360023,3601,23,,,{17=2000;19=2000},,,,,,,,
360024,3601,24,,,{15=2000;21=3000},,,,,,,,
361002,3611,2,,,{7=120;8=120},,,,,,,,
361003,3611,3,,,{24=300},,,,,,,,
361004,3611,4,,,{7=8%;8=8%},,,,,,,,
361005,3611,5,,,{1=8%},,,,,,,,
361006,3611,6,,,{7=8%;8=8%},,,,,,,,
361007,3611,7,,,{24=500},,,\nMở khóa kỹ năng bị động tăng sát thương PVP,\nBuka kunci kemahiran pasif untuk meningkatkan kerosakan PVP,\nBuka skill pasif untuk meningkatkan damage PVP,\nปลดล็อกสกิลพาสซีฟเพื่อเพิ่มความเสียหายในการต่อสู้ PVP,\nUnlock passive skill to increase PVP damage,\nI-unlock ang passive skill na nagpapataas ng PVP damage
361008,3611,8,,,{1=15%},,,,,,,,
361009,3611,9,,,{7=15%;8=15%},,,,,,,,
361010,3611,10,,,{24=1000},,,\nMở khóa kỹ năng bị động giảm sát thương PVP,\nBuka kunci kemahiran pasif untuk mengurangkan kerosakan PVP,\nBuka skill pasif untuk mengurangi damage PVP,\nปลดล็อกสกิลพาสซีฟเพื่อลดความเสียหายในการต่อสู้ PVP,\nUnlock passive skill to reduce PVP damage,\nI-unlock ang passive skill na nagpapababa ng PVP damage
361011,3611,11,,,{22=1500},,,,,,,,
361012,3611,12,,,{23=1500},,,,,,,,
361013,3611,13,,,{10=20%;9=20%},,,,,,,,
361014,3611,14,,,{28=10%;12=15%},,,,,,,,
361015,3611,15,,,{14=1500;25=1000},,,,,,,,
361016,3611,16,,,{17=1500;19=1000},,,,,,,,
361017,3611,17,,,{14=1000;21=1500},,,,,,,,
361018,3611,18,,,{1=20%;30=2000},,,,,,,,
361019,3611,19,,,{7=20%;8=20%},,,,,,,,
361020,3611,20,,,{10=30%;9=30%},,,,,,,,
361021,3611,21,,,{28=1500;12=2000},,,,,,,,
361022,3611,22,,,{14=1000;25=2000},,,,,,,,
361023,3611,23,,,{17=2000;19=2000},,,,,,,,
361024,3611,24,,,{15=2000;21=3000},,,,,,,,
363002,3631,2,,,{1=500},,,,,,,,
363003,3631,3,,,{25=300},,,,,,,,
363004,3631,4,,,{10=8%;9=8%},,,,,,,,
363005,3631,5,,,{1=8%},,,,,,,,
363006,3631,6,,,{7=8%;8=8%},,,,,,,,
363007,3631,7,,,{28=500},,,\nMở khóa kỹ năng bị động giảm sát thương PVP,\nBuka kunci kemahiran pasif untuk mengurangkan kerosakan PVP,\nBuka skill pasif untuk mengurangi damage PVP,\nปลดล็อกสกิลพาสซีฟเพื่อลดความเสียหายในการต่อสู้ PVP,\nUnlock passive skill to reduce PVP damage,\nI-unlock ang passive skill na nagpapababa ng PVP damage
363008,3631,8,,,{1=15%},,,,,,,,
363009,3631,9,,,{10=15%;9=15%},,,,,,,,
363010,3631,10,,,{28=1000},,,\nMở khóa kỹ năng bị động tăng sát thương PVP,\nBuka kunci kemahiran pasif untuk meningkatkan kerosakan PVP,\nBuka skill pasif untuk meningkatkan damage PVP,\nปลดล็อกสกิลพาสซีฟเพื่อเพิ่มความเสียหายในการต่อสู้ PVP,\nUnlock passive skill to increase PVP damage,\nI-unlock ang passive skill na nagpapataas ng PVP damage
363011,3631,11,,,{22=1500},,,,,,,,
363012,3631,12,,,{23=1500},,,,,,,,
363013,3631,13,,,{10=20%;9=20%},,,,,,,,
363014,3631,14,,,{28=10%;12=15%},,,,,,,,
363015,3631,15,,,{14=1500;25=1000},,,,,,,,
363016,3631,16,,,{17=1500;19=1000},,,,,,,,
363017,3631,17,,,{14=1000;21=1500},,,,,,,,
363018,3631,18,,,{1=20%;30=2000},,,,,,,,
363019,3631,19,,,{7=20%;8=20%},,,,,,,,
363020,3631,20,,,{10=30%;9=30%},,,,,,,,
363021,3631,21,,,{28=1500;12=2000},,,,,,,,
363022,3631,22,,,{14=1000;25=2000},,,,,,,,
363023,3631,23,,,{17=2000;19=2000},,,,,,,,
363024,3631,24,,,{15=2000;21=3000},,,,,,,,
364002,3641,2,,,{7=120;8=120},,,,,,,,
364003,3641,3,,,{24=300},,,,,,,,
364004,3641,4,,,{7=8%;8=8%},,,,,,,,
364005,3641,5,,,{1=8%},,,,,,,,
364006,3641,6,,,{7=8%;8=8%},,,,,,,,
364007,3641,7,,,{24=500},,,\nMở khóa kỹ năng bị động tăng sát thương PVP,\nBuka kunci kemahiran pasif untuk meningkatkan kerosakan PVP,\nBuka skill pasif untuk meningkatkan damage PVP,\nปลดล็อกสกิลพาสซีฟเพื่อเพิ่มความเสียหายในการต่อสู้ PVP,\nUnlock passive skill to increase PVP damage,\nI-unlock ang passive skill na nagpapataas ng PVP damage
364008,3641,8,,,{1=15%},,,,,,,,
364009,3641,9,,,{7=15%;8=15%},,,,,,,,
364010,3641,10,,,{24=1000},,,\nMở khóa kỹ năng bị động giảm sát thương PVP,\nBuka kunci kemahiran pasif untuk mengurangkan kerosakan PVP,\nBuka skill pasif untuk mengurangi damage PVP,\nปลดล็อกสกิลพาสซีฟเพื่อลดความเสียหายในการต่อสู้ PVP,\nUnlock passive skill to reduce PVP damage,\nI-unlock ang passive skill na nagpapababa ng PVP damage
364011,3641,11,,,{22=1500},,,,,,,,
364012,3641,12,,,{23=1500},,,,,,,,
364013,3641,13,,,{10=20%;9=20%},,,,,,,,
364014,3641,14,,,{28=10%;12=15%},,,,,,,,
364015,3641,15,,,{14=1500;25=1000},,,,,,,,
364016,3641,16,,,{17=1500;19=1000},,,,,,,,
364017,3641,17,,,{14=1000;21=1500},,,,,,,,
364018,3641,18,,,{1=20%;30=2000},,,,,,,,
364019,3641,19,,,{7=20%;8=20%},,,,,,,,
364020,3641,20,,,{10=30%;9=30%},,,,,,,,
364021,3641,21,,,{28=1500;12=2000},,,,,,,,
364022,3641,22,,,{14=1000;25=2000},,,,,,,,
364023,3641,23,,,{17=2000;19=2000},,,,,,,,
364024,3641,24,,,{15=2000;21=3000},,,,,,,,
366002,3661,2,,,{7=80;8=80},,,,,,,,
366003,3661,3,,,{24=200},,,,,,,,
366004,3661,4,,,{7=6%;8=6%},,,,,,,,
366005,3661,5,,,{1=6%},,,,,,,,
366006,3661,6,,,{7=6%;8=6%},,,,,,,,
366007,3661,7,,,{24=400},,,\nMở khóa kỹ năng bị động tăng sát thương PVP,\nBuka kunci kemahiran pasif untuk meningkatkan kerosakan PVP,\nBuka skill pasif untuk meningkatkan damage PVP,\nปลดล็อกสกิลพาสซีฟเพื่อเพิ่มความเสียหายในการต่อสู้ PVP,\nUnlock passive skill to increase PVP damage,\nI-unlock ang passive skill na nagpapataas ng PVP damage
366008,3661,8,,,{1=12%},,,,,,,,
366009,3661,9,,,{7=12%;8=12%},,,,,,,,
366010,3661,10,,,{24=800},,,\nMở khóa kỹ năng bị động giảm sát thương PVP,\nBuka kunci kemahiran pasif untuk mengurangkan kerosakan PVP,\nBuka skill pasif untuk mengurangi damage PVP,\nปลดล็อกสกิลพาสซีฟเพื่อลดความเสียหายในการต่อสู้ PVP,\nUnlock passive skill to reduce PVP damage,\nI-unlock ang passive skill na nagpapababa ng PVP damage
366011,3661,11,,,{22=1200},,,,,,,,
366012,3661,12,,,{23=1200},,,,,,,,
366013,3661,13,,,{10=20%;9=20%},,,,,,,,
366014,3661,14,,,{28=10%;12=15%},,,,,,,,
366015,3661,15,,,{14=1500;25=1000},,,,,,,,
366016,3661,16,,,{17=1500;19=1000},,,,,,,,
366017,3661,17,,,{14=1000;21=1500},,,,,,,,
366018,3661,18,,,{1=20%;30=2000},,,,,,,,
366019,3661,19,,,{7=20%;8=20%},,,,,,,,
366020,3661,20,,,{10=30%;9=30%},,,,,,,,
366021,3661,21,,,{28=1500;12=2000},,,,,,,,
366022,3661,22,,,{14=1000;25=2000},,,,,,,,
366023,3661,23,,,{17=2000;19=2000},,,,,,,,
366024,3661,24,,,{15=2000;21=3000},,,,,,,,
367002,3671,2,,,{7=120;8=120},,,,,,,,
367003,3671,3,,,{24=300},,,,,,,,
367004,3671,4,,,{7=8%;8=8%},,,,,,,,
367005,3671,5,,,{1=8%},,,,,,,,
367006,3671,6,,,{7=8%;8=8%},,,,,,,,
367007,3671,7,,,{24=500},,,\nMở khóa kỹ năng bị động tăng sát thương PVP,\nBuka kunci kemahiran pasif untuk meningkatkan kerosakan PVP,\nBuka skill pasif untuk meningkatkan damage PVP,\nปลดล็อกสกิลพาสซีฟเพื่อเพิ่มความเสียหายในการต่อสู้ PVP,\nUnlock passive skill to increase PVP damage,\nI-unlock ang passive skill na nagpapataas ng PVP damage
367008,3671,8,,,{1=15%},,,,,,,,
367009,3671,9,,,{7=15%;8=15%},,,,,,,,
367010,3671,10,,,{24=1000},,,\nMở khóa kỹ năng bị động giảm sát thương PVP,\nBuka kunci kemahiran pasif untuk mengurangkan kerosakan PVP,\nBuka skill pasif untuk mengurangi damage PVP,\nปลดล็อกสกิลพาสซีฟเพื่อลดความเสียหายในการต่อสู้ PVP,\nUnlock passive skill to reduce PVP damage,\nI-unlock ang passive skill na nagpapababa ng PVP damage
367011,3671,11,,,{22=1500},,,,,,,,
367012,3671,12,,,{23=1500},,,,,,,,
367013,3671,13,,,{10=20%;9=20%},,,,,,,,
367014,3671,14,,,{28=10%;12=15%},,,,,,,,
367015,3671,15,,,{14=1500;25=1000},,,,,,,,
367016,3671,16,,,{17=1500;19=1000},,,,,,,,
367017,3671,17,,,{14=1000;21=1500},,,,,,,,
367018,3671,18,,,{1=20%;30=2000},,,,,,,,
367019,3671,19,,,{7=20%;8=20%},,,,,,,,
367020,3671,20,,,{10=30%;9=30%},,,,,,,,
367021,3671,21,,,{28=1500;12=2000},,,,,,,,
367022,3671,22,,,{14=1000;25=2000},,,,,,,,
367023,3671,23,,,{17=2000;19=2000},,,,,,,,
367024,3671,24,,,{15=2000;21=3000},,,,,,,,
368002,3681,2,,,{1=300},,,,,,,,
368003,3681,3,,,{25=200},,,,,,,,
368004,3681,4,,,{10=6%;9=6%},,,,,,,,
368005,3681,5,,,{1=6%},,,,,,,,
368006,3681,6,,,{7=6%;8=6%},,,,,,,,
368007,3681,7,,,{25=400},,,\nMở khóa kỹ năng bị động giảm sát thương PVP,\nBuka kunci kemahiran pasif untuk mengurangkan kerosakan PVP,\nBuka skill pasif untuk mengurangi damage PVP,\nปลดล็อกสกิลพาสซีฟเพื่อลดความเสียหายในการต่อสู้ PVP,\nUnlock passive skill to reduce PVP damage,\nI-unlock ang passive skill na nagpapababa ng PVP damage
368008,3681,8,,,{1=12%},,,,,,,,
368009,3681,9,,,{10=12%;9=12%},,,,,,,,
368010,3681,10,,,{25=800},,,\nMở khóa kỹ năng bị động tăng sát thương PVP,\nBuka kunci kemahiran pasif untuk meningkatkan kerosakan PVP,\nBuka skill pasif untuk meningkatkan damage PVP,\nปลดล็อกสกิลพาสซีฟเพื่อเพิ่มความเสียหายในการต่อสู้ PVP,\nUnlock passive skill to increase PVP damage,\nI-unlock ang passive skill na nagpapataas ng PVP damage
368011,3681,11,,,{22=1200},,,,,,,,
368012,3681,12,,,{23=1200},,,,,,,,
368013,3681,13,,,{10=20%;9=20%},,,,,,,,
368014,3681,14,,,{28=10%;12=15%},,,,,,,,
368015,3681,15,,,{14=1500;25=1000},,,,,,,,
368016,3681,16,,,{17=1500;19=1000},,,,,,,,
368017,3681,17,,,{14=1000;21=1500},,,,,,,,
368018,3681,18,,,{1=20%;30=2000},,,,,,,,
368019,3681,19,,,{7=20%;8=20%},,,,,,,,
368020,3681,20,,,{10=30%;9=30%},,,,,,,,
368021,3681,21,,,{28=1500;12=2000},,,,,,,,
368022,3681,22,,,{14=1000;25=2000},,,,,,,,
368023,3681,23,,,{17=2000;19=2000},,,,,,,,
368024,3681,24,,,{15=2000;21=3000},,,,,,,,
377002,3771,2,,,{10=80;9=80},,,,,,,,
377003,3771,3,,,{25=200},,,,,,,,
377004,3771,4,,,{10=6%;9=6%},,,,,,,,
377005,3771,5,,,{1=6%},,,,,,,,
377006,3771,6,,,{10=6%;9=6%},,,,,,,,
377007,3771,7,,,{25=400},,,\nMở khóa kỹ năng bị động tăng sát thương PVP,\nBuka kunci kemahiran pasif untuk meningkatkan kerosakan PVP,\nBuka skill pasif untuk meningkatkan damage PVP,\nปลดล็อกสกิลพาสซีฟเพื่อเพิ่มความเสียหายในการต่อสู้ PVP,\nUnlock passive skill to increase PVP damage,\nI-unlock ang passive skill na nagpapataas ng PVP damage
377008,3771,8,,,{1=12%},,,,,,,,
377009,3771,9,,,{10=12%;9=12%},,,,,,,,
377010,3771,10,,,{25=800},,,\nMở khóa kỹ năng bị động giảm sát thương PVP,\nBuka kunci kemahiran pasif untuk mengurangkan kerosakan PVP,\nBuka skill pasif untuk mengurangi damage PVP,\nปลดล็อกสกิลพาสซีฟเพื่อลดความเสียหายในการต่อสู้ PVP,\nUnlock passive skill to reduce PVP damage,\nI-unlock ang passive skill na nagpapababa ng PVP damage
377011,3771,11,,,{22=1200},,,,,,,,
377012,3771,12,,,{23=1200},,,,,,,,
377013,3771,13,,,{10=20%;9=20%},,,,,,,,
377014,3771,14,,,{28=10%;12=15%},,,,,,,,
377015,3771,15,,,{14=1500;25=1000},,,,,,,,
377016,3771,16,,,{17=1500;19=1000},,,,,,,,
377017,3771,17,,,{14=1000;21=1500},,,,,,,,
377018,3771,18,,,{1=20%;30=2000},,,,,,,,
377019,3771,19,,,{7=20%;8=20%},,,,,,,,
377020,3771,20,,,{10=30%;9=30%},,,,,,,,
377021,3771,21,,,{28=1500;12=2000},,,,,,,,
377022,3771,22,,,{14=1000;25=2000},,,,,,,,
377023,3771,23,,,{17=2000;19=2000},,,,,,,,
377024,3771,24,,,{15=2000;21=3000},,,,,,,,
384002,3841,2,,,{7=80;8=80},,,,,,,,
384003,3841,3,,,{24=200},,,,,,,,
384004,3841,4,,,{7=6%;8=6%},,,,,,,,
384005,3841,5,,,{1=6%},,,,,,,,
384006,3841,6,,,{7=6%;8=6%},,,,,,,,
384007,3841,7,,,{24=400},,,\nMở khóa kỹ năng bị động tăng sát thương PVP,\nBuka kunci kemahiran pasif untuk meningkatkan kerosakan PVP,\nBuka skill pasif untuk meningkatkan damage PVP,\nปลดล็อกสกิลพาสซีฟเพื่อเพิ่มความเสียหายในการต่อสู้ PVP,\nUnlock passive skill to increase PVP damage,\nI-unlock ang passive skill na nagpapataas ng PVP damage
384008,3841,8,,,{1=12%},,,,,,,,
384009,3841,9,,,{7=12%;8=12%},,,,,,,,
384010,3841,10,,,{24=800},,,\nMở khóa kỹ năng bị động giảm sát thương PVP,\nBuka kunci kemahiran pasif untuk mengurangkan kerosakan PVP,\nBuka skill pasif untuk mengurangi damage PVP,\nปลดล็อกสกิลพาสซีฟเพื่อลดความเสียหายในการต่อสู้ PVP,\nUnlock passive skill to reduce PVP damage,\nI-unlock ang passive skill na nagpapababa ng PVP damage
384011,3841,11,,,{22=1200},,,,,,,,
384012,3841,12,,,{23=1200},,,,,,,,
384013,3841,13,,,{10=20%;9=20%},,,,,,,,
384014,3841,14,,,{28=10%;12=15%},,,,,,,,
384015,3841,15,,,{14=1500;25=1000},,,,,,,,
384016,3841,16,,,{17=1500;19=1000},,,,,,,,
384017,3841,17,,,{14=1000;21=1500},,,,,,,,
384018,3841,18,,,{1=20%;30=2000},,,,,,,,
384019,3841,19,,,{7=20%;8=20%},,,,,,,,
384020,3841,20,,,{10=30%;9=30%},,,,,,,,
384021,3841,21,,,{28=1500;12=2000},,,,,,,,
384022,3841,22,,,{14=1000;25=2000},,,,,,,,
384023,3841,23,,,{17=2000;19=2000},,,,,,,,
384024,3841,24,,,{15=2000;21=3000},,,,,,,,
413002,4131,2,,,{7=80;8=80},,,,,,,,
413003,4131,3,,,{24=200},,,,,,,,
413004,4131,4,,,{7=6%;8=6%},,,,,,,,
413005,4131,5,,,{1=6%},,,,,,,,
413006,4131,6,,,{7=6%;8=6%},,,,,,,,
413007,4131,7,,,{14=400},,,\nMở khóa kỹ năng bị động tăng sát thương PVP,\nBuka kunci kemahiran pasif untuk meningkatkan kerosakan PVP,\nBuka skill pasif untuk meningkatkan damage PVP,\nปลดล็อกสกิลพาสซีฟเพื่อเพิ่มความเสียหายในการต่อสู้ PVP,\nUnlock passive skill to increase PVP damage,\nI-unlock ang passive skill na nagpapataas ng PVP damage
413008,4131,8,,,{1=12%},,,,,,,,
413009,4131,9,,,{7=12%;8=12%},,,,,,,,
413010,4131,10,,,{14=800},,,\nMở khóa kỹ năng bị động giảm sát thương PVP,\nBuka kunci kemahiran pasif untuk mengurangkan kerosakan PVP,\nBuka skill pasif untuk mengurangi damage PVP,\nปลดล็อกสกิลพาสซีฟเพื่อลดความเสียหายในการต่อสู้ PVP,\nUnlock passive skill to reduce PVP damage,\nI-unlock ang passive skill na nagpapababa ng PVP damage
413011,4131,11,,,{22=1200},,,,,,,,
413012,4131,12,,,{23=1200},,,,,,,,
413013,4131,13,,,{10=20%;9=20%},,,,,,,,
413014,4131,14,,,{28=10%;12=15%},,,,,,,,
413015,4131,15,,,{14=1500;25=1000},,,,,,,,
413016,4131,16,,,{17=1500;19=1000},,,,,,,,
413017,4131,17,,,{14=1000;21=1500},,,,,,,,
413018,4131,18,,,{1=20%;30=2000},,,,,,,,
413019,4131,19,,,{7=20%;8=20%},,,,,,,,
413020,4131,20,,,{10=30%;9=30%},,,,,,,,
413021,4131,21,,,{28=1500;12=2000},,,,,,,,
413022,4131,22,,,{14=1000;25=2000},,,,,,,,
413023,4131,23,,,{17=2000;19=2000},,,,,,,,
413024,4131,24,,,{15=2000;21=3000},,,,,,,,
416002,4161,2,,,{7=120;8=120},,,,,,,,
416003,4161,3,,,{24=300},,,,,,,,
416004,4161,4,,,{7=8%;8=8%},,,,,,,,
416005,4161,5,,,{1=8%},,,,,,,,
416006,4161,6,,,{7=8%;8=8%},,,,,,,,
416007,4161,7,,,{24=500},,,\nMở khóa kỹ năng bị động tăng sát thương PVP,\nBuka kunci kemahiran pasif untuk meningkatkan kerosakan PVP,\nBuka skill pasif untuk meningkatkan damage PVP,\nปลดล็อกสกิลพาสซีฟเพื่อเพิ่มความเสียหายในการต่อสู้ PVP,\nUnlock passive skill to increase PVP damage,\nI-unlock ang passive skill na nagpapataas ng PVP damage
416008,4161,8,,,{1=15%},,,,,,,,
416009,4161,9,,,{7=15%;8=15%},,,,,,,,
416010,4161,10,,,{24=1000},,,\nMở khóa kỹ năng bị động giảm sát thương PVP,\nBuka kunci kemahiran pasif untuk mengurangkan kerosakan PVP,\nBuka skill pasif untuk mengurangi damage PVP,\nปลดล็อกสกิลพาสซีฟเพื่อลดความเสียหายในการต่อสู้ PVP,\nUnlock passive skill to reduce PVP damage,\nI-unlock ang passive skill na nagpapababa ng PVP damage
416011,4161,11,,,{22=1500},,,,,,,,
416012,4161,12,,,{23=1500},,,,,,,,
416013,4161,13,,,{10=20%;9=20%},,,,,,,,
416014,4161,14,,,{28=10%;12=15%},,,,,,,,
416015,4161,15,,,{14=1500;25=1000},,,,,,,,
416016,4161,16,,,{17=1500;19=1000},,,,,,,,
416017,4161,17,,,{14=1000;21=1500},,,,,,,,
416018,4161,18,,,{1=20%;30=2000},,,,,,,,
416019,4161,19,,,{7=20%;8=20%},,,,,,,,
416020,4161,20,,,{10=30%;9=30%},,,,,,,,
416021,4161,21,,,{28=1500;12=2000},,,,,,,,
416022,4161,22,,,{14=1000;25=2000},,,,,,,,
416023,4161,23,,,{17=2000;19=2000},,,,,,,,
416024,4161,24,,,{15=2000;21=3000},,,,,,,,
417002,4171,2,,,{10=120;9=120},,,,,,,,
417003,4171,3,,,{25=300},,,,,,,,
417004,4171,4,,,{10=8%;9=8%},,,,,,,,
417005,4171,5,,,{1=8%},,,,,,,,
417006,4171,6,,,{10=8%;9=8%},,,,,,,,
417007,4171,7,,,{17=500},,,\nMở khóa kỹ năng bị động giảm sát thương PVP,\nBuka kunci kemahiran pasif untuk mengurangkan kerosakan PVP,\nBuka skill pasif untuk mengurangi damage PVP,\nปลดล็อกสกิลพาสซีฟเพื่อลดความเสียหายในการต่อสู้ PVP,\nUnlock passive skill to reduce PVP damage,\nI-unlock ang passive skill na nagpapababa ng PVP damage
417008,4171,8,,,{1=15%},,,,,,,,
417009,4171,9,,,{10=15%;9=15%},,,,,,,,
417010,4171,10,,,{17=1000},,,\nMở khóa kỹ năng bị động tăng sát thương PVP,\nBuka kunci kemahiran pasif untuk meningkatkan kerosakan PVP,\nBuka skill pasif untuk meningkatkan damage PVP,\nปลดล็อกสกิลพาสซีฟเพื่อเพิ่มความเสียหายในการต่อสู้ PVP,\nUnlock passive skill to increase PVP damage,\nI-unlock ang passive skill na nagpapataas ng PVP damage
417011,4171,11,,,{22=1500},,,,,,,,
417012,4171,12,,,{23=1500},,,,,,,,
417013,4171,13,,,{10=20%;9=20%},,,,,,,,
417014,4171,14,,,{28=10%;12=15%},,,,,,,,
417015,4171,15,,,{14=1500;25=1000},,,,,,,,
417016,4171,16,,,{17=1500;19=1000},,,,,,,,
417017,4171,17,,,{14=1000;21=1500},,,,,,,,
417018,4171,18,,,{1=20%;30=2000},,,,,,,,
417019,4171,19,,,{7=20%;8=20%},,,,,,,,
417020,4171,20,,,{10=30%;9=30%},,,,,,,,
417021,4171,21,,,{28=1500;12=2000},,,,,,,,
417022,4171,22,,,{14=1000;25=2000},,,,,,,,
417023,4171,23,,,{17=2000;19=2000},,,,,,,,
417024,4171,24,,,{15=2000;21=3000},,,,,,,,
700002,7001,2,,,{7=120;8=120},,,,,,,,
700003,7001,3,,,{24=300},,,,,,,,
700004,7001,4,,,{7=8%;8=8%},,,,,,,,
700005,7001,5,,,{1=8%},,,,,,,,
700006,7001,6,,,{7=8%;8=8%},,,,,,,,
700007,7001,7,,,{24=500},,,\nMở khóa kỹ năng bị động tăng sát thương PVP,\nBuka kunci kemahiran pasif untuk meningkatkan kerosakan PVP,\nBuka skill pasif untuk meningkatkan damage PVP,\nปลดล็อกสกิลพาสซีฟเพื่อเพิ่มความเสียหายในการต่อสู้ PVP,\nUnlock passive skill to increase PVP damage,\nI-unlock ang passive skill na nagpapataas ng PVP damage
700008,7001,8,,,{1=15%},,,,,,,,
700009,7001,9,,,{7=15%;8=15%},,,,,,,,
700010,7001,10,,,{24=1000},,,\nMở khóa kỹ năng bị động giảm sát thương PVP,\nBuka kunci kemahiran pasif untuk mengurangkan kerosakan PVP,\nBuka skill pasif untuk mengurangi damage PVP,\nปลดล็อกสกิลพาสซีฟเพื่อลดความเสียหายในการต่อสู้ PVP,\nUnlock passive skill to reduce PVP damage,\nI-unlock ang passive skill na nagpapababa ng PVP damage
700011,7001,11,,,{22=1500},,,,,,,,
700012,7001,12,,,{23=1500},,,,,,,,
700013,7001,13,,,{10=20%;9=20%},,,,,,,,
700014,7001,14,,,{28=10%;12=15%},,,,,,,,
700015,7001,15,,,{14=1500;25=1000},,,,,,,,
700016,7001,16,,,{17=1500;19=1000},,,,,,,,
700017,7001,17,,,{14=1000;21=1500},,,,,,,,
700018,7001,18,,,{1=20%;30=2000},,,,,,,,
700019,7001,19,,,{7=20%;8=20%},,,,,,,,
700020,7001,20,,,{10=30%;9=30%},,,,,,,,
700021,7001,21,,,{28=1500;12=2000},,,,,,,,
700022,7001,22,,,{14=1000;25=2000},,,,,,,,
700023,7001,23,,,{17=2000;19=2000},,,,,,,,
700024,7001,24,,,{15=2000;21=3000},,,,,,,,
701002,7011,2,,,{7=120;8=120},,,,,,,,
701003,7011,3,,,{24=300},,,,,,,,
701004,7011,4,,,{7=8%;8=8%},,,,,,,,
701005,7011,5,,,{1=8%},,,,,,,,
701006,7011,6,,,{7=8%;8=8%},,,,,,,,
701007,7011,7,,,{14=500},,,,,,,,
701008,7011,8,,,{1=15%},,,,,,,,
701009,7011,9,,,{7=15%;8=15%},,,,,,,,
701010,7011,10,,,{14=1000},,,\nMở khóa kỹ năng bị động tăng sát thương PVP,\nBuka kunci kemahiran pasif untuk meningkatkan kerosakan PVP,\nBuka skill pasif untuk meningkatkan damage PVP,\nปลดล็อกสกิลพาสซีฟเพื่อเพิ่มความเสียหายในการต่อสู้ PVP,\nUnlock passive skill to increase PVP damage,\nI-unlock ang passive skill na nagpapataas ng PVP damage
701011,7011,11,,,{22=1500},,,,,,,,
701012,7011,12,,,{23=1500},,,,,,,,
701013,7011,13,,,{10=20%;9=20%},,,,,,,,
701014,7011,14,,,{28=10%;12=15%},,,,,,,,
701015,7011,15,,,{14=1500;25=1000},,,,,,,,
701016,7011,16,,,{17=1500;19=1000},,,,,,,,
701017,7011,17,,,{14=1000;21=1500},,,,,,,,
701018,7011,18,,,{1=20%;30=2000},,,,,,,,
701019,7011,19,,,{7=20%;8=20%},,,,,,,,
701020,7011,20,,,{10=30%;9=30%},,,,,,,,
701021,7011,21,,,{28=1500;12=2000},,,,,,,,
701022,7011,22,,,{14=1000;25=2000},,,,,,,,
701023,7011,23,,,{17=2000;19=2000},,,,,,,,
701024,7011,24,,,{15=2000;21=3000},,,,,,,,
704102,7041,2,,,{1=500},,,\nMở khóa kỹ năng bị động tăng sát thương PVP,\nBuka kunci kemahiran pasif untuk meningkatkan kerosakan PVP,\nBuka skill pasif untuk meningkatkan damage PVP,\nปลดล็อกสกิลพาสซีฟเพื่อเพิ่มความเสียหายในการต่อสู้ PVP,\nUnlock passive skill to increase PVP damage,\nI-unlock ang passive skill na nagpapataas ng PVP damage
704103,7041,3,,,{25=300},,,,,,,,
704104,7041,4,,,{10=8%;9=8%},,,,,,,,
704105,7041,5,,,{1=8%},,,,,,,,
704106,7041,6,,,{7=8%;8=8%},,,,,,,,
704107,7041,7,,,{25=500},,,,,,,,
704108,7041,8,,,{1=15%},,,,,,,,
704109,7041,9,,,{10=15%;9=15%},,,,,,,,
704110,7041,10,,,{25=1000},,,\nMở khóa kỹ năng bị động tăng sát thương PVP,\nBuka kunci kemahiran pasif untuk meningkatkan kerosakan PVP,\nBuka skill pasif untuk meningkatkan damage PVP,\nปลดล็อกสกิลพาสซีฟเพื่อเพิ่มความเสียหายในการต่อสู้ PVP,\nUnlock passive skill to increase PVP damage,\nI-unlock ang passive skill na nagpapataas ng PVP damage
704111,7041,11,,,{22=1500},,,,,,,,
704112,7041,12,,,{23=1500},,,,,,,,
704113,7041,13,,,{10=20%;9=20%},,,,,,,,
704114,7041,14,,,{28=10%;12=15%},,,,,,,,
704115,7041,15,,,{14=1500;25=1000},,,,,,,,
704116,7041,16,,,{17=1500;19=1000},,,,,,,,
704117,7041,17,,,{14=1000;21=1500},,,,,,,,
704118,7041,18,,,{1=20%;30=2000},,,,,,,,
704119,7041,19,,,{7=20%;8=20%},,,,,,,,
704120,7041,20,,,{10=30%;9=30%},,,,,,,,
704121,7041,21,,,{28=1500;12=2000},,,,,,,,
704122,7041,22,,,{14=1000;25=2000},,,,,,,,
704123,7041,23,,,{17=2000;19=2000},,,,,,,,
704124,7041,24,,,{15=2000;21=3000},,,,,,,,
705102,7051,2,,,{7=120;8=120},,,\nMở khóa kỹ năng bị động tăng sát thương PVP,\nBuka kunci kemahiran pasif untuk meningkatkan kerosakan PVP,\nBuka skill pasif untuk meningkatkan damage PVP,\nปลดล็อกสกิลพาสซีฟเพื่อเพิ่มความเสียหายในการต่อสู้ PVP,\nUnlock passive skill to increase PVP damage,\nI-unlock ang passive skill na nagpapataas ng PVP damage
705103,7051,3,,,{24=300},,,,,,,,
705104,7051,4,,,{7=8%;8=8%},,,,,,,,
705105,7051,5,,,{1=8%},,,,,,,,
705106,7051,6,,,{7=8%;8=8%},,,,,,,,
705107,7051,7,,,{24=500},,,,,,,,
705108,7051,8,,,{1=15%},,,,,,,,
705109,7051,9,,,{7=15%;8=15%},,,,,,,,
705110,7051,10,,,{24=1000},,,\nMở khóa kỹ năng bị động tăng sát thương PVP,\nBuka kunci kemahiran pasif untuk meningkatkan kerosakan PVP,\nBuka skill pasif untuk meningkatkan damage PVP,\nปลดล็อกสกิลพาสซีฟเพื่อเพิ่มความเสียหายในการต่อสู้ PVP,\nUnlock passive skill to increase PVP damage,\nI-unlock ang passive skill na nagpapataas ng PVP damage
705111,7051,11,,,{22=1500},,,,,,,,
705112,7051,12,,,{23=1500},,,,,,,,
705113,7051,13,,,{10=20%;9=20%},,,,,,,,
705114,7051,14,,,{28=10%;12=15%},,,,,,,,
705115,7051,15,,,{14=1500;25=1000},,,,,,,,
705116,7051,16,,,{17=1500;19=1000},,,,,,,,
705117,7051,17,,,{14=1000;21=1500},,,,,,,,
705118,7051,18,,,{1=20%;30=2000},,,,,,,,
705119,7051,19,,,{7=20%;8=20%},,,,,,,,
705120,7051,20,,,{10=30%;9=30%},,,,,,,,
705121,7051,21,,,{28=1500;12=2000},,,,,,,,
705122,7051,22,,,{14=1000;25=2000},,,,,,,,
705123,7051,23,,,{17=2000;19=2000},,,,,,,,
705124,7051,24,,,{15=2000;21=3000},,,,,,,,
900101,9001,,,,,,,\nMở khóa kỹ năng bị động tăng sát thương PVP,\nBuka kunci kemahiran pasif untuk meningkatkan kerosakan PVP,\nBuka skill pasif untuk meningkatkan damage PVP,\nปลดล็อกสกิลพาสซีฟเพื่อเพิ่มความเสียหายในการต่อสู้ PVP,\nUnlock passive skill to increase PVP damage,\nI-unlock ang passive skill na nagpapataas ng PVP damage
900102,9002,,,,,,,,,,,,
900103,9003,,,,,,,,,,,,
410102,4101,2,,,{7=80;8=80},,,,,,,,
410103,4101,3,,,{24=200},,,,,,,,
410104,4101,4,,,{7=6%;8=6%},,,,,,,,
410105,4101,5,,,{1=6%},,,,,,,,
410106,4101,6,,,{10=6%;9=6%},,,,,,,,
410107,4101,7,,,{90=400},,,\nMở khóa kỹ năng bị động giảm sát thương PVP,\nBuka kunci kemahiran pasif untuk mengurangkan kerosakan PVP,\nBuka skill pasif untuk mengurangi damage PVP,\nปลดล็อกสกิลพาสซีฟเพื่อลดความเสียหายในการต่อสู้ PVP,\nUnlock passive skill to reduce PVP damage,\nI-unlock ang passive skill na nagpapababa ng PVP damage
410108,4101,8,,,{1=12%},,,,,,,,
410109,4101,9,,,{7=12%;8=12%},,,,,,,,
410110,4101,10,,,{90=800},,,,,,,,
410111,4101,11,,,{22=1200},,,,,,,,
410112,4101,12,,,{23=1200},,,,,,,,
410113,4101,13,,,{10=20%;9=20%},,,,,,,,
410114,4101,14,,,{28=10%;12=15%},,,,,,,,
410115,4101,15,,,{14=1500;25=1000},,,,,,,,
410116,4101,16,,,{17=1500;19=1000},,,,,,,,
410117,4101,17,,,{14=1000;21=1500},,,,,,,,
410118,4101,18,,,{1=20%;30=2000},,,,,,,,
410119,4101,19,,,{7=20%;8=20%},,,,,,,,
410120,4101,20,,,{10=30%;9=30%},,,,,,,,
410121,4101,21,,,{28=1500;12=2000},,,,,,,,
410122,4101,22,,,{14=1000;25=2000},,,,,,,,
410123,4101,23,,,{17=2000;19=2000},,,,,,,,
410124,4101,24,,,{15=2000;21=3000},,,,,,,,
362302,3623,2,,,{7=80;8=80},,,,,,,,
362303,3623,3,,,{24=200},,,,,,,,
362304,3623,4,,,{7=6%;8=6%},,,,,,,,
362305,3623,5,,,{1=6%},,,,,,,,
362306,3623,6,,,{10=6%;9=6%},,,,,,,,
362307,3623,7,,,{90=400},,,\nMở khóa kỹ năng bị động giảm sát thương PVP,\nBuka kunci kemahiran pasif untuk mengurangkan kerosakan PVP,\nBuka skill pasif untuk mengurangi damage PVP,\nปลดล็อกสกิลพาสซีฟเพื่อลดความเสียหายในการต่อสู้ PVP,\nUnlock passive skill to reduce PVP damage,\nI-unlock ang passive skill na nagpapababa ng PVP damage
362308,3623,8,,,{1=12%},,,,,,,,
362309,3623,9,,,{7=12%;8=12%},,,,,,,,
362310,3623,10,,,{90=800},,,,,,,,
362311,3623,11,,,{22=1200},,,,,,,,
362312,3623,12,,,{23=1200},,,,,,,,
362313,3623,13,,,{10=20%;9=20%},,,,,,,,
362314,3623,14,,,{28=10%;12=15%},,,,,,,,
362315,3623,15,,,{14=1500;25=1000},,,,,,,,
362316,3623,16,,,{17=1500;19=1000},,,,,,,,
362317,3623,17,,,{14=1000;21=1500},,,,,,,,
362318,3623,18,,,{1=20%;30=2000},,,,,,,,
362319,3623,19,,,{7=20%;8=20%},,,,,,,,
362320,3623,20,,,{10=30%;9=30%},,,,,,,,
362321,3623,21,,,{28=1500;12=2000},,,,,,,,
362322,3623,22,,,{14=1000;25=2000},,,,,,,,
362323,3623,23,,,{17=2000;19=2000},,,,,,,,
362324,3623,24,,,{15=2000;21=3000},,,,,,,,
402402,4024,2,,,{7=80;8=80},,,,,,,,
402403,4024,3,,,{24=200},,,,,,,,
402404,4024,4,,,{7=6%;8=6%},,,,,,,,
402405,4024,5,,,{1=6%},,,,,,,,
402406,4024,6,,,{10=6%;9=6%},,,,,,,,
402407,4024,7,,,{90=400},,,\nMở khóa kỹ năng bị động giảm sát thương PVP,\nBuka kunci kemahiran pasif untuk mengurangkan kerosakan PVP,\nBuka skill pasif untuk mengurangi damage PVP,\nปลดล็อกสกิลพาสซีฟเพื่อลดความเสียหายในการต่อสู้ PVP,\nUnlock passive skill to reduce PVP damage,\nI-unlock ang passive skill na nagpapababa ng PVP damage
402408,4024,8,,,{1=12%},,,,,,,,
402409,4024,9,,,{7=12%;8=12%},,,,,,,,
402410,4024,10,,,{90=800},,,,,,,,
402411,4024,11,,,{22=1200},,,,,,,,
402412,4024,12,,,{23=1200},,,,,,,,
402413,4024,13,,,{10=20%;9=20%},,,,,,,,
402414,4024,14,,,{28=10%;12=15%},,,,,,,,
402415,4024,15,,,{14=1500;25=1000},,,,,,,,
402416,4024,16,,,{17=1500;19=1000},,,,,,,,
402417,4024,17,,,{14=1000;21=1500},,,,,,,,
402418,4024,18,,,{1=20%;30=2000},,,,,,,,
402419,4024,19,,,{7=20%;8=20%},,,,,,,,
402420,4024,20,,,{10=30%;9=30%},,,,,,,,
402421,4024,21,,,{28=1500;12=2000},,,,,,,,
402422,4024,22,,,{14=1000;25=2000},,,,,,,,
402423,4024,23,,,{17=2000;19=2000},,,,,,,,
402424,4024,24,,,{15=2000;21=3000},,,,,,,,
412102,4121,2,,,{7=80;8=80},,,,,,,,
412103,4121,3,,,{24=200},,,,,,,,
412104,4121,4,,,{7=6%;8=6%},,,,,,,,
412105,4121,5,,,{1=6%},,,,,,,,
412106,4121,6,,,{10=6%;9=6%},,,,,,,,
412107,4121,7,,,{90=400},,,\nMở khóa kỹ năng bị động giảm sát thương PVP,\nBuka kunci kemahiran pasif untuk mengurangkan kerosakan PVP,\nBuka skill pasif untuk mengurangi damage PVP,\nปลดล็อกสกิลพาสซีฟเพื่อลดความเสียหายในการต่อสู้ PVP,\nUnlock passive skill to reduce PVP damage,\nI-unlock ang passive skill na nagpapababa ng PVP damage
412108,4121,8,,,{1=12%},,,,,,,,
412109,4121,9,,,{7=12%;8=12%},,,,,,,,
412110,4121,10,,,{90=800},,,,,,,,
412111,4121,11,,,{22=1200},,,,,,,,
412112,4121,12,,,{23=1200},,,,,,,,
412113,4121,13,,,{10=20%;9=20%},,,,,,,,
412114,4121,14,,,{28=10%;12=15%},,,,,,,,
412115,4121,15,,,{14=1500;25=1000},,,,,,,,
412116,4121,16,,,{17=1500;19=1000},,,,,,,,
412117,4121,17,,,{14=1000;21=1500},,,,,,,,
412118,4121,18,,,{1=20%;30=2000},,,,,,,,
412119,4121,19,,,{7=20%;8=20%},,,,,,,,
412120,4121,20,,,{10=30%;9=30%},,,,,,,,
412121,4121,21,,,{28=1500;12=2000},,,,,,,,
412122,4121,22,,,{14=1000;25=2000},,,,,,,,
412123,4121,23,,,{17=2000;19=2000},,,,,,,,
412124,4121,24,,,{15=2000;21=3000},,,,,,,,
411102,4111,2,,,{7=80;8=80},,,,,,,,
411103,4111,3,,,{24=200},,,,,,,,
411104,4111,4,,,{7=6%;8=6%},,,,,,,,
411105,4111,5,,,{1=6%},,,,,,,,
411106,4111,6,,,{10=6%;9=6%},,,,,,,,
411107,4111,7,,,{90=400},,,\nMở khóa kỹ năng bị động giảm sát thương PVP,\nBuka kunci kemahiran pasif untuk mengurangkan kerosakan PVP,\nBuka skill pasif untuk mengurangi damage PVP,\nปลดล็อกสกิลพาสซีฟเพื่อลดความเสียหายในการต่อสู้ PVP,\nUnlock passive skill to reduce PVP damage,\nI-unlock ang passive skill na nagpapababa ng PVP damage
411108,4111,8,,,{1=12%},,,,,,,,
411109,4111,9,,,{7=12%;8=12%},,,,,,,,
411110,4111,10,,,{90=800},,,,,,,,
411111,4111,11,,,{22=1200},,,,,,,,
411112,4111,12,,,{23=1200},,,,,,,,
411113,4111,13,,,{10=20%;9=20%},,,,,,,,
411114,4111,14,,,{28=10%;12=15%},,,,,,,,
411115,4111,15,,,{14=1500;25=1000},,,,,,,,
411116,4111,16,,,{17=1500;19=1000},,,,,,,,
411117,4111,17,,,{14=1000;21=1500},,,,,,,,
411118,4111,18,,,{1=20%;30=2000},,,,,,,,
411119,4111,19,,,{7=20%;8=20%},,,,,,,,
411120,4111,20,,,{10=30%;9=30%},,,,,,,,
411121,4111,21,,,{28=1500;12=2000},,,,,,,,
411122,4111,22,,,{14=1000;25=2000},,,,,,,,
411123,4111,23,,,{17=2000;19=2000},,,,,,,,
411124,4111,24,,,{15=2000;21=3000},,,,,,,,
703102,7031,2,,,{7=80;8=80},,,,,,,,
703103,7031,3,,,{24=200},,,,,,,,
703104,7031,4,,,{7=6%;8=6%},,,,,,,,
703105,7031,5,,,{1=6%},,,,,,,,
703106,7031,6,,,{10=6%;9=6%},,,,,,,,
703107,7031,7,,,{90=400},,,\nMở khóa kỹ năng bị động giảm sát thương PVP,\nBuka kunci kemahiran pasif untuk mengurangkan kerosakan PVP,\nBuka skill pasif untuk mengurangi damage PVP,\nปลดล็อกสกิลพาสซีฟเพื่อลดความเสียหายในการต่อสู้ PVP,\nUnlock passive skill to reduce PVP damage,\nI-unlock ang passive skill na nagpapababa ng PVP damage
703108,7031,8,,,{1=12%},,,,,,,,
703109,7031,9,,,{7=12%;8=12%},,,,,,,,
703110,7031,10,,,{90=800},,,,,,,,
703111,7031,11,,,{22=1200},,,,,,,,
703112,7031,12,,,{23=1200},,,,,,,,
703113,7031,13,,,{10=20%;9=20%},,,,,,,,
703114,7031,14,,,{28=10%;12=15%},,,,,,,,
703115,7031,15,,,{14=1500;25=1000},,,,,,,,
703116,7031,16,,,{17=1500;19=1000},,,,,,,,
703117,7031,17,,,{14=1000;21=1500},,,,,,,,
703118,7031,18,,,{1=20%;30=2000},,,,,,,,
703119,7031,19,,,{7=20%;8=20%},,,,,,,,
703120,7031,20,,,{10=30%;9=30%},,,,,,,,
703121,7031,21,,,{28=1500;12=2000},,,,,,,,
703122,7031,22,,,{14=1000;25=2000},,,,,,,,
703123,7031,23,,,{17=2000;19=2000},,,,,,,,
703124,7031,24,,,{15=2000;21=3000},,,,,,,,
702102,7021,2,,,{7=80;8=80},,,,,,,,
702103,7021,3,,,{24=200},,,,,,,,
702104,7021,4,,,{7=6%;8=6%},,,,,,,,
702105,7021,5,,,{1=6%},,,,,,,,
702106,7021,6,,,{10=6%;9=6%},,,,,,,,
702107,7021,7,,,{90=400},,,\nMở khóa kỹ năng bị động giảm sát thương PVP,\nBuka kunci kemahiran pasif untuk mengurangkan kerosakan PVP,\nBuka skill pasif untuk mengurangi damage PVP,\nปลดล็อกสกิลพาสซีฟเพื่อลดความเสียหายในการต่อสู้ PVP,\nUnlock passive skill to reduce PVP damage,\nI-unlock ang passive skill na nagpapababa ng PVP damage
702108,7021,8,,,{1=12%},,,,,,,,
702109,7021,9,,,{7=12%;8=12%},,,,,,,,
702110,7021,10,,,{90=800},,,,,,,,
702111,7021,11,,,{22=1200},,,,,,,,
702112,7021,12,,,{23=1200},,,,,,,,
702113,7021,13,,,{10=20%;9=20%},,,,,,,,
702114,7021,14,,,{28=10%;12=15%},,,,,,,,
702115,7021,15,,,{14=1500;25=1000},,,,,,,,
702116,7021,16,,,{17=1500;19=1000},,,,,,,,
702117,7021,17,,,{14=1000;21=1500},,,,,,,,
702118,7021,18,,,{1=20%;30=2000},,,,,,,,
702119,7021,19,,,{7=20%;8=20%},,,,,,,,
702120,7021,20,,,{10=30%;9=30%},,,,,,,,
702121,7021,21,,,{28=1500;12=2000},,,,,,,,
702122,7021,22,,,{14=1000;25=2000},,,,,,,,
702123,7021,23,,,{17=2000;19=2000},,,,,,,,
702124,7021,24,,,{15=2000;21=3000},,,,,,,,
700202,7002,2,,,{7=80;8=80},,,,,,,,
700203,7002,3,,,{24=200},,,,,,,,
700204,7002,4,,,{7=6%;8=6%},,,,,,,,
700205,7002,5,,,{1=6%},,,,,,,,
700206,7002,6,,,{10=6%;9=6%},,,,,,,,
700207,7002,7,,,{90=400},,,\nMở khóa kỹ năng bị động giảm sát thương PVP,\nBuka kunci kemahiran pasif untuk mengurangkan kerosakan PVP,\nBuka skill pasif untuk mengurangi damage PVP,\nปลดล็อกสกิลพาสซีฟเพื่อลดความเสียหายในการต่อสู้ PVP,\nUnlock passive skill to reduce PVP damage,\nI-unlock ang passive skill na nagpapababa ng PVP damage
700208,7002,8,,,{1=12%},,,,,,,,
700209,7002,9,,,{7=12%;8=12%},,,,,,,,
700210,7002,10,,,{90=800},,,,,,,,
700211,7002,11,,,{22=1200},,,,,,,,
700212,7002,12,,,{23=1200},,,,,,,,
700213,7002,13,,,{10=20%;9=20%},,,,,,,,
700214,7002,14,,,{28=10%;12=15%},,,,,,,,
700215,7002,15,,,{14=1500;25=1000},,,,,,,,
700216,7002,16,,,{17=1500;19=1000},,,,,,,,
700217,7002,17,,,{14=1000;21=1500},,,,,,,,
700218,7002,18,,,{1=20%;30=2000},,,,,,,,
700219,7002,19,,,{7=20%;8=20%},,,,,,,,
700220,7002,20,,,{10=30%;9=30%},,,,,,,,
700221,7002,21,,,{28=1500;12=2000},,,,,,,,
700222,7002,22,,,{14=1000;25=2000},,,,,,,,
700223,7002,23,,,{17=2000;19=2000},,,,,,,,
700224,7002,24,,,{15=2000;21=3000},,,,,,,,
700302,7003,2,,,{7=80;8=80},,,,,,,,
700303,7003,3,,,{24=200},,,,,,,,
700304,7003,4,,,{7=6%;8=6%},,,,,,,,
700305,7003,5,,,{1=6%},,,,,,,,
700306,7003,6,,,{10=6%;9=6%},,,,,,,,
700307,7003,7,,,{90=400},,,\nMở khóa kỹ năng bị động giảm sát thương PVP,\nBuka kunci kemahiran pasif untuk mengurangkan kerosakan PVP,\nBuka skill pasif untuk mengurangi damage PVP,\nปลดล็อกสกิลพาสซีฟเพื่อลดความเสียหายในการต่อสู้ PVP,\nUnlock passive skill to reduce PVP damage,\nI-unlock ang passive skill na nagpapababa ng PVP damage
700308,7003,8,,,{1=12%},,,,,,,,
700309,7003,9,,,{7=12%;8=12%},,,,,,,,
700310,7003,10,,,{90=800},,,,,,,,
700311,7003,11,,,{22=1200},,,,,,,,
700312,7003,12,,,{23=1200},,,,,,,,
700313,7003,13,,,{10=20%;9=20%},,,,,,,,
700314,7003,14,,,{28=10%;12=15%},,,,,,,,
700315,7003,15,,,{14=1500;25=1000},,,,,,,,
700316,7003,16,,,{17=1500;19=1000},,,,,,,,
700317,7003,17,,,{14=1000;21=1500},,,,,,,,
700318,7003,18,,,{1=20%;30=2000},,,,,,,,
700319,7003,19,,,{7=20%;8=20%},,,,,,,,
700320,7003,20,,,{10=30%;9=30%},,,,,,,,
700321,7003,21,,,{28=1500;12=2000},,,,,,,,
700322,7003,22,,,{14=1000;25=2000},,,,,,,,
700323,7003,23,,,{17=2000;19=2000},,,,,,,,
700324,7003,24,,,{15=2000;21=3000},,,,,,,,
402302,4023,2,,,{7=80;8=80},,,,,,,,
402303,4023,3,,,{24=200},,,,,,,,
402304,4023,4,,,{7=6%;8=6%},,,,,,,,
402305,4023,5,,,{1=6%},,,,,,,,
402306,4023,6,,,{10=6%;9=6%},,,,,,,,
402307,4023,7,,,{90=400},,,\nMở khóa kỹ năng bị động giảm sát thương PVP,\nBuka kunci kemahiran pasif untuk mengurangkan kerosakan PVP,\nBuka skill pasif untuk mengurangi damage PVP,\nปลดล็อกสกิลพาสซีฟเพื่อลดความเสียหายในการต่อสู้ PVP,\nUnlock passive skill to reduce PVP damage,\nI-unlock ang passive skill na nagpapababa ng PVP damage
402308,4023,8,,,{1=12%},,,,,,,,
402309,4023,9,,,{7=12%;8=12%},,,,,,,,
402310,4023,10,,,{90=800},,,,,,,,
402311,4023,11,,,{22=1200},,,,,,,,
402312,4023,12,,,{23=1200},,,,,,,,
402313,4023,13,,,{10=20%;9=20%},,,,,,,,
402314,4023,14,,,{28=10%;12=15%},,,,,,,,
402315,4023,15,,,{14=1500;25=1000},,,,,,,,
402316,4023,16,,,{17=1500;19=1000},,,,,,,,
402317,4023,17,,,{14=1000;21=1500},,,,,,,,
402318,4023,18,,,{1=20%;30=2000},,,,,,,,
402319,4023,19,,,{7=20%;8=20%},,,,,,,,
402320,4023,20,,,{10=30%;9=30%},,,,,,,,
402321,4023,21,,,{28=1500;12=2000},,,,,,,,
402322,4023,22,,,{14=1000;25=2000},,,,,,,,
402323,4023,23,,,{17=2000;19=2000},,,,,,,,
402324,4023,24,,,{15=2000;21=3000},,,,,,,,
700402,7004,2,,,{7=80;8=80},,,,,,,,
700403,7004,3,,,{24=200},,,,,,,,
700404,7004,4,,,{7=6%;8=6%},,,,,,,,
700405,7004,5,,,{1=6%},,,,,,,,
700406,7004,6,,,{10=6%;9=6%},,,,,,,,
700407,7004,7,,,{90=400},,,\nMở khóa kỹ năng bị động giảm sát thương PVP,\nBuka kunci kemahiran pasif untuk mengurangkan kerosakan PVP,\nBuka skill pasif untuk mengurangi damage PVP,\nปลดล็อกสกิลพาสซีฟเพื่อลดความเสียหายในการต่อสู้ PVP,\nUnlock passive skill to reduce PVP damage,\nI-unlock ang passive skill na nagpapababa ng PVP damage
700408,7004,8,,,{1=12%},,,,,,,,
700409,7004,9,,,{7=12%;8=12%},,,,,,,,
700410,7004,10,,,{90=800},,,,,,,,
700411,7004,11,,,{22=1200},,,,,,,,
700412,7004,12,,,{23=1200},,,,,,,,
700413,7004,13,,,{10=20%;9=20%},,,,,,,,
700414,7004,14,,,{28=10%;12=15%},,,,,,,,
700415,7004,15,,,{14=1500;25=1000},,,,,,,,
700416,7004,16,,,{17=1500;19=1000},,,,,,,,
700417,7004,17,,,{14=1000;21=1500},,,,,,,,
700418,7004,18,,,{1=20%;30=2000},,,,,,,,
700419,7004,19,,,{7=20%;8=20%},,,,,,,,
700420,7004,20,,,{10=30%;9=30%},,,,,,,,
700421,7004,21,,,{28=1500;12=2000},,,,,,,,
700422,7004,22,,,{14=1000;25=2000},,,,,,,,
700423,7004,23,,,{17=2000;19=2000},,,,,,,,
700424,7004,24,,,{15=2000;21=3000},,,,,,,,
700502,7005,2,,,{7=80;8=80},,,,,,,,
700503,7005,3,,,{24=200},,,,,,,,
700504,7005,4,,,{7=6%;8=6%},,,,,,,,
700505,7005,5,,,{1=6%},,,,,,,,
700506,7005,6,,,{10=6%;9=6%},,,,,,,,
700507,7005,7,,,{90=400},,,\nMở khóa kỹ năng bị động giảm sát thương PVP,\nBuka kunci kemahiran pasif untuk mengurangkan kerosakan PVP,\nBuka skill pasif untuk mengurangi damage PVP,\nปลดล็อกสกิลพาสซีฟเพื่อลดความเสียหายในการต่อสู้ PVP,\nUnlock passive skill to reduce PVP damage,\nI-unlock ang passive skill na nagpapababa ng PVP damage
700508,7005,8,,,{1=12%},,,,,,,,
700509,7005,9,,,{7=12%;8=12%},,,,,,,,
700510,7005,10,,,{90=800},,,,,,,,
700511,7005,11,,,{22=1200},,,,,,,,
700512,7005,12,,,{23=1200},,,,,,,,
700513,7005,13,,,{10=20%;9=20%},,,,,,,,
700514,7005,14,,,{28=10%;12=15%},,,,,,,,
700515,7005,15,,,{14=1500;25=1000},,,,,,,,
700516,7005,16,,,{17=1500;19=1000},,,,,,,,
700517,7005,17,,,{14=1000;21=1500},,,,,,,,
700518,7005,18,,,{1=20%;30=2000},,,,,,,,
700519,7005,19,,,{7=20%;8=20%},,,,,,,,
700520,7005,20,,,{10=30%;9=30%},,,,,,,,
700521,7005,21,,,{28=1500;12=2000},,,,,,,,
700522,7005,22,,,{14=1000;25=2000},,,,,,,,
700523,7005,23,,,{17=2000;19=2000},,,,,,,,
700524,7005,24,,,{15=2000;21=3000},,,,,,,,
700602,7006,2,,,{7=80;8=80},,,,,,,,
700603,7006,3,,,{24=200},,,,,,,,
700604,7006,4,,,{7=6%;8=6%},,,,,,,,
700605,7006,5,,,{1=6%},,,,,,,,
700606,7006,6,,,{10=6%;9=6%},,,,,,,,
700607,7006,7,,,{90=400},,,\nMở khóa kỹ năng bị động giảm sát thương PVP,\nBuka kunci kemahiran pasif untuk mengurangkan kerosakan PVP,\nBuka skill pasif untuk mengurangi damage PVP,\nปลดล็อกสกิลพาสซีฟเพื่อลดความเสียหายในการต่อสู้ PVP,\nUnlock passive skill to reduce PVP damage,\nI-unlock ang passive skill na nagpapababa ng PVP damage
700608,7006,8,,,{1=12%},,,,,,,,
700609,7006,9,,,{7=12%;8=12%},,,,,,,,
700610,7006,10,,,{90=800},,,,,,,,
700611,7006,11,,,{22=1200},,,,,,,,
700612,7006,12,,,{23=1200},,,,,,,,
700613,7006,13,,,{10=20%;9=20%},,,,,,,,
700614,7006,14,,,{28=10%;12=15%},,,,,,,,
700615,7006,15,,,{14=1500;25=1000},,,,,,,,
700616,7006,16,,,{17=1500;19=1000},,,,,,,,
700617,7006,17,,,{14=1000;21=1500},,,,,,,,
700618,7006,18,,,{1=20%;30=2000},,,,,,,,
700619,7006,19,,,{7=20%;8=20%},,,,,,,,
700620,7006,20,,,{10=30%;9=30%},,,,,,,,
700621,7006,21,,,{28=1500;12=2000},,,,,,,,
700622,7006,22,,,{14=1000;25=2000},,,,,,,,
700623,7006,23,,,{17=2000;19=2000},,,,,,,,
700624,7006,24,,,{15=2000;21=3000},,,,,,,,
700702,7007,2,,,{7=80;8=80},,,,,,,,
700703,7007,3,,,{24=200},,,,,,,,
700704,7007,4,,,{7=6%;8=6%},,,,,,,,
700705,7007,5,,,{1=6%},,,,,,,,
700706,7007,6,,,{10=6%;9=6%},,,,,,,,
700707,7007,7,,,{90=400},,,\nMở khóa kỹ năng bị động giảm sát thương PVP,\nBuka kunci kemahiran pasif untuk mengurangkan kerosakan PVP,\nBuka skill pasif untuk mengurangi damage PVP,\nปลดล็อกสกิลพาสซีฟเพื่อลดความเสียหายในการต่อสู้ PVP,\nUnlock passive skill to reduce PVP damage,\nI-unlock ang passive skill na nagpapababa ng PVP damage
700708,7007,8,,,{1=12%},,,,,,,,
700709,7007,9,,,{7=12%;8=12%},,,,,,,,
700710,7007,10,,,{90=800},,,,,,,,
700711,7007,11,,,{22=1200},,,,,,,,
700712,7007,12,,,{23=1200},,,,,,,,
700713,7007,13,,,{10=20%;9=20%},,,,,,,,
700714,7007,14,,,{28=10%;12=15%},,,,,,,,
700715,7007,15,,,{14=1500;25=1000},,,,,,,,
700716,7007,16,,,{17=1500;19=1000},,,,,,,,
700717,7007,17,,,{14=1000;21=1500},,,,,,,,
700718,7007,18,,,{1=20%;30=2000},,,,,,,,
700719,7007,19,,,{7=20%;8=20%},,,,,,,,
700720,7007,20,,,{10=30%;9=30%},,,,,,,,
700721,7007,21,,,{28=1500;12=2000},,,,,,,,
700722,7007,22,,,{14=1000;25=2000},,,,,,,,
700723,7007,23,,,{17=2000;19=2000},,,,,,,,
700724,7007,24,,,{15=2000;21=3000},,,,,,,,
700802,7008,2,,,{7=80;8=80},,,,,,,,
700803,7008,3,,,{24=200},,,,,,,,
700804,7008,4,,,{7=6%;8=6%},,,,,,,,
700805,7008,5,,,{1=6%},,,,,,,,
700806,7008,6,,,{10=6%;9=6%},,,,,,,,
700807,7008,7,,,{90=400},,,\nMở khóa kỹ năng bị động giảm sát thương PVP,\nBuka kunci kemahiran pasif untuk mengurangkan kerosakan PVP,\nBuka skill pasif untuk mengurangi damage PVP,\nปลดล็อกสกิลพาสซีฟเพื่อลดความเสียหายในการต่อสู้ PVP,\nUnlock passive skill to reduce PVP damage,\nI-unlock ang passive skill na nagpapababa ng PVP damage
700808,7008,8,,,{1=12%},,,,,,,,
700809,7008,9,,,{7=12%;8=12%},,,,,,,,
700810,7008,10,,,{90=800},,,,,,,,
700811,7008,11,,,{22=1200},,,,,,,,
700812,7008,12,,,{23=1200},,,,,,,,
700813,7008,13,,,{10=20%;9=20%},,,,,,,,
700814,7008,14,,,{28=10%;12=15%},,,,,,,,
700815,7008,15,,,{14=1500;25=1000},,,,,,,,
700816,7008,16,,,{17=1500;19=1000},,,,,,,,
700817,7008,17,,,{14=1000;21=1500},,,,,,,,
700818,7008,18,,,{1=20%;30=2000},,,,,,,,
700819,7008,19,,,{7=20%;8=20%},,,,,,,,
700820,7008,20,,,{10=30%;9=30%},,,,,,,,
700821,7008,21,,,{28=1500;12=2000},,,,,,,,
700822,7008,22,,,{14=1000;25=2000},,,,,,,,
700823,7008,23,,,{17=2000;19=2000},,,,,,,,
700824,7008,24,,,{15=2000;21=3000},,,,,,,,
800502,8005,2,,,{7=150;8=150},,,,,,,,
800503,8005,3,,,{24=500},,,,,,,,
800504,8005,4,,,{7=8%;8=8%},,,,,,,,
800505,8005,5,,,{1=8%},,,,,,,,
800506,8005,6,,,{10=8%;9=8%},,,,,,,,
800507,8005,7,,,{90=500},,,,,,,,
800508,8005,8,,,{1=15%},,,,,,,,
800509,8005,9,,,{7=15%;8=15%},,,,,,,,
800510,8005,10,,,{90=1000},,,,,,,,
800511,8005,11,,,{22=1500},,,,,,,,
800512,8005,12,,,{23=1500},,,,,,,,
800513,8005,13,,,{10=20%;9=20%},,,,,,,,
800514,8005,14,,,{28=10%;12=15%},,,,,,,,
800515,8005,15,,,{14=1500;25=1000},,,,,,,,
800516,8005,16,,,{17=1500;19=1000},,,,,,,,
800517,8005,17,,,{14=1000;21=1500},,,,,,,,
800518,8005,18,,,{1=20%;30=2000},,,,,,,,
800519,8005,19,,,{7=20%;8=20%},,,,,,,,
800520,8005,20,,,{10=30%;9=30%},,,,,,,,
800521,8005,21,,,{28=1500;12=2000},,,,,,,,
800522,8005,22,,,{14=1000;25=2000},,,,,,,,
800523,8005,23,,,{17=2000;19=2000},,,,,,,,
800524,8005,24,,,{15=2000;21=3000},,,,,,,,
800602,8006,2,,,{7=150;8=150},,,,,,,,
800603,8006,3,,,{24=500},,,,,,,,
800604,8006,4,,,{7=8%;8=8%},,,,,,,,
800605,8006,5,,,{1=8%},,,,,,,,
800606,8006,6,,,{10=8%;9=8%},,,,,,,,
800607,8006,7,,,{90=500},,,,,,,,
800608,8006,8,,,{1=15%},,,,,,,,
800609,8006,9,,,{7=15%;8=15%},,,,,,,,
800610,8006,10,,,{90=1000},,,,,,,,
800611,8006,11,,,{22=1500},,,,,,,,
800612,8006,12,,,{23=1500},,,,,,,,
800613,8006,13,,,{10=20%;9=20%},,,,,,,,
800614,8006,14,,,{28=10%;12=15%},,,,,,,,
800615,8006,15,,,{14=1500;25=1000},,,,,,,,
800616,8006,16,,,{17=1500;19=1000},,,,,,,,
800617,8006,17,,,{14=1000;21=1500},,,,,,,,
800618,8006,18,,,{1=20%;30=2000},,,,,,,,
800619,8006,19,,,{7=20%;8=20%},,,,,,,,
800620,8006,20,,,{10=30%;9=30%},,,,,,,,
800621,8006,21,,,{28=1500;12=2000},,,,,,,,
800622,8006,22,,,{14=1000;25=2000},,,,,,,,
800623,8006,23,,,{17=2000;19=2000},,,,,,,,
800624,8006,24,,,{15=2000;21=3000},,,,,,,,
800302,8003,2,,,{7=150;8=150},,,,,,,,
800303,8003,3,,,{24=500},,,,,,,,
800304,8003,4,,,{7=8%;8=8%},,,,,,,,
800305,8003,5,,,{1=8%},,,,,,,,
800306,8003,6,,,{10=8%;9=8%},,,,,,,,
800307,8003,7,,,{90=500},,,,,,,,
800308,8003,8,,,{1=15%},,,,,,,,
800309,8003,9,,,{7=15%;8=15%},,,,,,,,
800310,8003,10,,,{90=1000},,,,,,,,
800311,8003,11,,,{22=1500},,,,,,,,
800312,8003,12,,,{23=1500},,,,,,,,
800313,8003,13,,,{10=20%;9=20%},,,,,,,,
800314,8003,14,,,{28=10%;12=15%},,,,,,,,
800315,8003,15,,,{14=1500;25=1000},,,,,,,,
800316,8003,16,,,{17=1500;19=1000},,,,,,,,
800317,8003,17,,,{14=1000;21=1500},,,,,,,,
800318,8003,18,,,{1=20%;30=2000},,,,,,,,
800319,8003,19,,,{7=20%;8=20%},,,,,,,,
800320,8003,20,,,{10=30%;9=30%},,,,,,,,
800321,8003,21,,,{28=1500;12=2000},,,,,,,,
800322,8003,22,,,{14=1000;25=2000},,,,,,,,
800323,8003,23,,,{17=2000;19=2000},,,,,,,,
800324,8003,24,,,{15=2000;21=3000},,,,,,,,
800402,8004,2,,,{7=120;8=120},,,,,,,,
800403,8004,3,,,{24=300},,,,,,,,
800404,8004,4,,,{7=8%;8=8%},,,,,,,,
800405,8004,5,,,{1=8%},,,,,,,,
800406,8004,6,,,{10=8%;9=8%},,,,,,,,
800407,8004,7,,,{16=500},,,,,,,,
800408,8004,8,,,{1=15%},,,,,,,,
800409,8004,9,,,{7=15%;8=15%},,,,,,,,
800410,8004,10,,,{16=1000},,,,,,,,
800411,8004,11,,,{22=1500},,,,,,,,
800412,8004,12,,,{23=1500},,,,,,,,
800413,8004,13,,,{10=20%;9=20%},,,,,,,,
800414,8004,14,,,{28=10%;12=15%},,,,,,,,
800415,8004,15,,,{14=1500;25=1000},,,,,,,,
800416,8004,16,,,{17=1500;19=1000},,,,,,,,
800417,8004,17,,,{14=1000;21=1500},,,,,,,,
800418,8004,18,,,{1=20%;30=2000},,,,,,,,
800419,8004,19,,,{7=20%;8=20%},,,,,,,,
800420,8004,20,,,{10=30%;9=30%},,,,,,,,
800421,8004,21,,,{28=1500;12=2000},,,,,,,,
800422,8004,22,,,{14=1000;25=2000},,,,,,,,
800423,8004,23,,,{17=2000;19=2000},,,,,,,,
800424,8004,24,,,{15=2000;21=3000},,,,,,,,
800702,8007,2,,,{7=80;8=80},,,,,,,,
800703,8007,3,,,{24=200},,,,,,,,
800704,8007,4,,,{7=6%;8=6%},,,,,,,,
800705,8007,5,,,{1=6%},,,,,,,,
800706,8007,6,,,{10=6%;9=6%},,,,,,,,
800707,8007,7,,,{90=400},,,,,,,,
800708,8007,8,,,{1=12%},,,,,,,,
800709,8007,9,,,{7=12%;8=12%},,,,,,,,
800710,8007,10,,,{90=800},,,,,,,,
800711,8007,11,,,{22=1200},,,,,,,,
800712,8007,12,,,{23=1200},,,,,,,,
800713,8007,13,,,{10=20%;9=20%},,,,,,,,
800714,8007,14,,,{28=10%;12=15%},,,,,,,,
800715,8007,15,,,{14=1500;25=1000},,,,,,,,
800716,8007,16,,,{17=1500;19=1000},,,,,,,,
800717,8007,17,,,{14=1000;21=1500},,,,,,,,
800718,8007,18,,,{1=20%;30=2000},,,,,,,,
800719,8007,19,,,{7=20%;8=20%},,,,,,,,
800720,8007,20,,,{10=30%;9=30%},,,,,,,,
800721,8007,21,,,{28=1500;12=2000},,,,,,,,
800722,8007,22,,,{14=1000;25=2000},,,,,,,,
800723,8007,23,,,{17=2000;19=2000},,,,,,,,
800724,8007,24,,,{15=2000;21=3000},,,,,,,,
800802,8008,2,,,{7=80;8=80},,,,,,,,
800803,8008,3,,,{24=200},,,,,,,,
800804,8008,4,,,{7=6%;8=6%},,,,,,,,
800805,8008,5,,,{1=6%},,,,,,,,
800806,8008,6,,,{10=6%;9=6%},,,,,,,,
800807,8008,7,,,{90=400},,,,,,,,
800808,8008,8,,,{1=12%},,,,,,,,
800809,8008,9,,,{7=12%;8=12%},,,,,,,,
800810,8008,10,,,{90=800},,,,,,,,
800811,8008,11,,,{22=1200},,,,,,,,
800812,8008,12,,,{23=1200},,,,,,,,
800813,8008,13,,,{10=20%;9=20%},,,,,,,,
800814,8008,14,,,{28=10%;12=15%},,,,,,,,
800815,8008,15,,,{14=1500;25=1000},,,,,,,,
800816,8008,16,,,{17=1500;19=1000},,,,,,,,
800817,8008,17,,,{14=1000;21=1500},,,,,,,,
800818,8008,18,,,{1=20%;30=2000},,,,,,,,
800819,8008,19,,,{7=20%;8=20%},,,,,,,,
800820,8008,20,,,{10=30%;9=30%},,,,,,,,
800821,8008,21,,,{28=1500;12=2000},,,,,,,,
800822,8008,22,,,{14=1000;25=2000},,,,,,,,
800823,8008,23,,,{17=2000;19=2000},,,,,,,,
800824,8008,24,,,{15=2000;21=3000},,,,,,,,
800102,8001,2,,,{7=150;8=150},,,,,,,,
800103,8001,3,,,{24=500},,,,,,,,
800104,8001,4,,,{7=8%;8=8%},,,,,,,,
800105,8001,5,,,{1=8%},,,,,,,,
800106,8001,6,,,{10=8%;9=8%},,,,,,,,
800107,8001,7,,,{90=500},,,,,,,,
800108,8001,8,,,{1=15%},,,,,,,,
800109,8001,9,,,{7=15%;8=15%},,,,,,,,
800110,8001,10,,,{90=1000},,,,,,,,
800111,8001,11,,,{22=1500},,,,,,,,
800112,8001,12,,,{23=1500},,,,,,,,
800113,8001,13,,,{10=20%;9=20%},,,,,,,,
800114,8001,14,,,{28=10%;12=15%},,,,,,,,
800115,8001,15,,,{14=1500;25=1000},,,,,,,,
800116,8001,16,,,{17=1500;19=1000},,,,,,,,
800117,8001,17,,,{14=1000;21=1500},,,,,,,,
800118,8001,18,,,{1=20%;30=2000},,,,,,,,
800119,8001,19,,,{7=20%;8=20%},,,,,,,,
800120,8001,20,,,{10=30%;9=30%},,,,,,,,
800121,8001,21,,,{28=1500;12=2000},,,,,,,,
800122,8001,22,,,{14=1000;25=2000},,,,,,,,
800123,8001,23,,,{17=2000;19=2000},,,,,,,,
800124,8001,24,,,{15=2000;21=3000},,,,,,,,
800202,8002,2,,,{7=150;8=150},,,,,,,,
800203,8002,3,,,{24=500},,,,,,,,
800204,8002,4,,,{7=8%;8=8%},,,,,,,,
800205,8002,5,,,{1=8%},,,,,,,,
800206,8002,6,,,{10=8%;9=8%},,,,,,,,
800207,8002,7,,,{90=500},,,,,,,,
800208,8002,8,,,{1=15%},,,,,,,,
800209,8002,9,,,{7=15%;8=15%},,,,,,,,
800210,8002,10,,,{90=1000},,,,,,,,
800211,8002,11,,,{22=1500},,,,,,,,
800212,8002,12,,,{23=1500},,,,,,,,
800213,8002,13,,,{10=20%;9=20%},,,,,,,,
800214,8002,14,,,{28=10%;12=15%},,,,,,,,
800215,8002,15,,,{14=1500;25=1000},,,,,,,,
800216,8002,16,,,{17=1500;19=1000},,,,,,,,
800217,8002,17,,,{14=1000;21=1500},,,,,,,,
800218,8002,18,,,{1=20%;30=2000},,,,,,,,
800219,8002,19,,,{7=20%;8=20%},,,,,,,,
800220,8002,20,,,{10=30%;9=30%},,,,,,,,
800221,8002,21,,,{28=1500;12=2000},,,,,,,,
800222,8002,22,,,{14=1000;25=2000},,,,,,,,
800223,8002,23,,,{17=2000;19=2000},,,,,,,,
800224,8002,24,,,{15=2000;21=3000},,,,,,,,
800902,8009,2,,,{7=80;8=80},,,,,,,,
800903,8009,3,,,{24=200},,,,,,,,
800904,8009,4,,,{7=5%;8=5%},,,,,,,,
800905,8009,5,,,{1=5%},,,,,,,,
800906,8009,6,,,{7=5%;8=5%},,,,,,,,
800907,8009,7,,,{14=300},,,,,,,,
800908,8009,8,,,{1=10%},,,,,,,,
800909,8009,9,,,{7=10%;8=10%},,,,,,,,
800910,8009,10,,,{14=600},,,,,,,,
800911,8009,11,,,{22=1000},,,,,,,,
800912,8009,12,,,{23=1000},,,,,,,,
800913,8009,13,,,{10=20%;9=20%},,,,,,,,
800914,8009,14,,,{28=10%;12=15%},,,,,,,,
800915,8009,15,,,{14=1500;25=1000},,,,,,,,
800916,8009,16,,,{17=1500;19=1000},,,,,,,,
800917,8009,17,,,{14=1000;21=1500},,,,,,,,
800918,8009,18,,,{1=20%;30=2000},,,,,,,,
800919,8009,19,,,{7=20%;8=20%},,,,,,,,
800920,8009,20,,,{10=30%;9=30%},,,,,,,,
800921,8009,21,,,{28=1500;12=2000},,,,,,,,
800922,8009,22,,,{14=1000;25=2000},,,,,,,,
800923,8009,23,,,{17=2000;19=2000},,,,,,,,
800924,8009,24,,,{15=2000;21=3000},,,,,,,,
801002,8010,2,,,{7=80;8=80},,,,,,,,
801003,8010,3,,,{24=200},,,,,,,,
801004,8010,4,,,{7=6%;8=6%},,,,,,,,
801005,8010,5,,,{1=6%},,,,,,,,
801006,8010,6,,,{10=6%;9=6%},,,,,,,,
801007,8010,7,,,{90=400},,,,,,,,
801008,8010,8,,,{1=12%},,,,,,,,
801009,8010,9,,,{7=12%;8=12%},,,,,,,,
801010,8010,10,,,{90=800},,,,,,,,
801011,8010,11,,,{22=1200},,,,,,,,
801012,8010,12,,,{23=1200},,,,,,,,
801013,8010,13,,,{10=20%;9=20%},,,,,,,,
801014,8010,14,,,{28=10%;12=15%},,,,,,,,
801015,8010,15,,,{14=1500;25=1000},,,,,,,,
801016,8010,16,,,{17=1500;19=1000},,,,,,,,
801017,8010,17,,,{14=1000;21=1500},,,,,,,,
801018,8010,18,,,{1=20%;30=2000},,,,,,,,
801019,8010,19,,,{7=20%;8=20%},,,,,,,,
801020,8010,20,,,{10=30%;9=30%},,,,,,,,
801021,8010,21,,,{28=1500;12=2000},,,,,,,,
801022,8010,22,,,{14=1000;25=2000},,,,,,,,
801023,8010,23,,,{17=2000;19=2000},,,,,,,,
801024,8010,24,,,{15=2000;21=3000},,,,,,,,
810102,8101,2,,,{7=80;8=80},,,,,,,,
810103,8101,3,,,{24=200},,,,,,,,
810104,8101,4,,,{7=6%;8=6%},,,,,,,,
810105,8101,5,,,{1=6%},,,,,,,,
810106,8101,6,,,{10=6%;9=6%},,,,,,,,
810107,8101,7,,,{90=400},,,,,,,,
810108,8101,8,,,{1=12%},,,,,,,,
810109,8101,9,,,{7=12%;8=12%},,,,,,,,
810110,8101,10,,,{90=800},,,,,,,,
810111,8101,11,,,{22=1200},,,,,,,,
810112,8101,12,,,{23=1200},,,,,,,,
810113,8101,13,,,{10=20%;9=20%},,,,,,,,
810114,8101,14,,,{28=10%;12=15%},,,,,,,,
810115,8101,15,,,{14=1500;25=1000},,,,,,,,
810116,8101,16,,,{17=1500;19=1000},,,,,,,,
810117,8101,17,,,{14=1000;21=1500},,,,,,,,
810118,8101,18,,,{1=20%;30=2000},,,,,,,,
810119,8101,19,,,{7=20%;8=20%},,,,,,,,
810120,8101,20,,,{10=30%;9=30%},,,,,,,,
810121,8101,21,,,{28=1500;12=2000},,,,,,,,
810122,8101,22,,,{14=1000;25=2000},,,,,,,,
810123,8101,23,,,{17=2000;19=2000},,,,,,,,
810124,8101,24,,,{15=2000;21=3000},,,,,,,,
890102,8901,2,,,{7=80;8=80},,,,,,,,
890103,8901,3,,,{24=200},,,,,,,,
890104,8901,4,,,{7=6%;8=6%},,,,,,,,
890105,8901,5,,,{1=6%},,,,,,,,
890106,8901,6,,,{10=6%;9=6%},,,,,,,,
890107,8901,7,,,{90=400},,,,,,,,
890108,8901,8,,,{1=12%},,,,,,,,
890109,8901,9,,,{7=12%;8=12%},,,,,,,,
890110,8901,10,,,{90=800},,,,,,,,
890111,8901,11,,,{22=1200},,,,,,,,
890112,8901,12,,,{23=1200},,,,,,,,
890113,8901,13,,,{10=20%;9=20%},,,,,,,,
890114,8901,14,,,{28=10%;12=15%},,,,,,,,
890115,8901,15,,,{14=1500;25=1000},,,,,,,,
890116,8901,16,,,{17=1500;19=1000},,,,,,,,
890117,8901,17,,,{14=1000;21=1500},,,,,,,,
890118,8901,18,,,{1=20%;30=2000},,,,,,,,
890119,8901,19,,,{7=20%;8=20%},,,,,,,,
890120,8901,20,,,{10=30%;9=30%},,,,,,,,
890121,8901,21,,,{28=1500;12=2000},,,,,,,,
890122,8901,22,,,{14=1000;25=2000},,,,,,,,
890123,8901,23,,,{17=2000;19=2000},,,,,,,,
890124,8901,24,,,{15=2000;21=3000},,,,,,,,
890202,8902,2,,,{7=80;8=80},,,,,,,,
890203,8902,3,,,{24=200},,,,,,,,
890204,8902,4,,,{7=6%;8=6%},,,,,,,,
890205,8902,5,,,{1=6%},,,,,,,,
890206,8902,6,,,{10=6%;9=6%},,,,,,,,
890207,8902,7,,,{90=400},,,,,,,,
890208,8902,8,,,{1=12%},,,,,,,,
890209,8902,9,,,{7=12%;8=12%},,,,,,,,
890210,8902,10,,,{90=800},,,,,,,,
890211,8902,11,,,{22=1200},,,,,,,,
890212,8902,12,,,{23=1200},,,,,,,,
890213,8902,13,,,{10=20%;9=20%},,,,,,,,
890214,8902,14,,,{28=10%;12=15%},,,,,,,,
890215,8902,15,,,{14=1500;25=1000},,,,,,,,
890216,8902,16,,,{17=1500;19=1000},,,,,,,,
890217,8902,17,,,{14=1000;21=1500},,,,,,,,
890218,8902,18,,,{1=20%;30=2000},,,,,,,,
890219,8902,19,,,{7=20%;8=20%},,,,,,,,
890220,8902,20,,,{10=30%;9=30%},,,,,,,,
890221,8902,21,,,{28=1500;12=2000},,,,,,,,
890222,8902,22,,,{14=1000;25=2000},,,,,,,,
890223,8902,23,,,{17=2000;19=2000},,,,,,,,
890224,8902,24,,,{15=2000;21=3000},,,,,,,,
890302,8903,2,,,{7=80;8=80},,,,,,,,
890303,8903,3,,,{24=200},,,,,,,,
890304,8903,4,,,{7=6%;8=6%},,,,,,,,
890305,8903,5,,,{1=6%},,,,,,,,
890306,8903,6,,,{10=6%;9=6%},,,,,,,,
890307,8903,7,,,{90=400},,,,,,,,
890308,8903,8,,,{1=12%},,,,,,,,
890309,8903,9,,,{7=12%;8=12%},,,,,,,,
890310,8903,10,,,{90=800},,,,,,,,
890311,8903,11,,,{22=1200},,,,,,,,
890312,8903,12,,,{23=1200},,,,,,,,
890313,8903,13,,,{10=20%;9=20%},,,,,,,,
890314,8903,14,,,{28=10%;12=15%},,,,,,,,
890315,8903,15,,,{14=1500;25=1000},,,,,,,,
890316,8903,16,,,{17=1500;19=1000},,,,,,,,
890317,8903,17,,,{14=1000;21=1500},,,,,,,,
890318,8903,18,,,{1=20%;30=2000},,,,,,,,
890319,8903,19,,,{7=20%;8=20%},,,,,,,,
890320,8903,20,,,{10=30%;9=30%},,,,,,,,
890321,8903,21,,,{28=1500;12=2000},,,,,,,,
890322,8903,22,,,{14=1000;25=2000},,,,,,,,
890323,8903,23,,,{17=2000;19=2000},,,,,,,,
890324,8903,24,,,{15=2000;21=3000},,,,,,,,
890325,4121,2,,,{7=80;8=80},,,,,,,,
890326,4121,3,,,{24=200},,,,,,,,
890327,4121,4,,,{7=6%;8=6%},,,,,,,,
890328,4121,5,,,{1=6%},,,,,,,,
890329,4121,6,,,{10=6%;9=6%},,,,,,,,
890330,4121,7,,,{90=400},,,,,,,,
890331,4121,8,,,{1=12%},,,,,,,,
890332,4121,9,,,{7=12%;8=12%},,,,,,,,
890333,4121,10,,,{90=800},,,,,,,,
890334,4121,11,,,{22=1200},,,,,,,,
890335,4121,12,,,{23=1200},,,,,,,,
890336,4121,13,,,{10=20%;9=20%},,,,,,,,
890337,4121,14,,,{28=10%;12=15%},,,,,,,,
890338,4121,15,,,{14=1500;25=1000},,,,,,,,
890339,4121,16,,,{17=1500;19=1000},,,,,,,,
890340,4121,17,,,{14=1000;21=1500},,,,,,,,
890341,4121,18,,,{1=20%;30=2000},,,,,,,,
890342,4121,19,,,{7=20%;8=20%},,,,,,,,
890343,4121,20,,,{10=30%;9=30%},,,,,,,,
890344,4121,21,,,{28=1500;12=2000},,,,,,,,
890345,4121,22,,,{14=1000;25=2000},,,,,,,,
890346,4121,23,,,{17=2000;19=2000},,,,,,,,
890347,4121,24,,,{15=2000;21=3000},,,,,,,,
890348,8012,2,,,{7=80;8=80},,,,,,,,
890349,8012,3,,,{24=200},,,,,,,,
890350,8012,4,,,{7=6%;8=6%},,,,,,,,
890351,8012,5,,,{1=6%},,,,,,,,
890352,8012,6,,,{10=6%;9=6%},,,,,,,,
890353,8012,7,,,{90=400},,,,,,,,
890354,8012,8,,,{1=12%},,,,,,,,
890355,8012,9,,,{7=12%;8=12%},,,,,,,,
890356,8012,10,,,{90=800},,,,,,,,
890357,8012,11,,,{22=1200},,,,,,,,
890358,8012,12,,,{23=1200},,,,,,,,
890359,8012,13,,,{10=20%;9=20%},,,,,,,,
890360,8012,14,,,{28=10%;12=15%},,,,,,,,
890361,8012,15,,,{14=1500;25=1000},,,,,,,,
890362,8012,16,,,{17=1500;19=1000},,,,,,,,
890363,8012,17,,,{14=1000;21=1500},,,,,,,,
890364,8012,18,,,{1=20%;30=2000},,,,,,,,
890365,8012,19,,,{7=20%;8=20%},,,,,,,,
890366,8012,20,,,{10=30%;9=30%},,,,,,,,
890367,8012,21,,,{28=1500;12=2000},,,,,,,,
890368,8012,22,,,{14=1000;25=2000},,,,,,,,
890369,8012,23,,,{17=2000;19=2000},,,,,,,,
890370,8012,24,,,{15=2000;21=3000},,,,,,,,
890371,8013,2,,,{7=80;8=80},,,,,,,,
890372,8013,3,,,{24=200},,,,,,,,
890373,8013,4,,,{7=6%;8=6%},,,,,,,,
890374,8013,5,,,{1=6%},,,,,,,,
890375,8013,6,,,{10=6%;9=6%},,,,,,,,
890376,8013,7,,,{90=400},,,,,,,,
890377,8013,8,,,{1=12%},,,,,,,,
890378,8013,9,,,{7=12%;8=12%},,,,,,,,
890379,8013,10,,,{90=800},,,,,,,,
890380,8013,11,,,{22=1200},,,,,,,,
890381,8013,12,,,{23=1200},,,,,,,,
890382,8013,13,,,{10=20%;9=20%},,,,,,,,
890383,8013,14,,,{28=10%;12=15%},,,,,,,,
890384,8013,15,,,{14=1500;25=1000},,,,,,,,
890385,8013,16,,,{17=1500;19=1000},,,,,,,,
890386,8013,17,,,{14=1000;21=1500},,,,,,,,
890387,8013,18,,,{1=20%;30=2000},,,,,,,,
890388,8013,19,,,{7=20%;8=20%},,,,,,,,
890389,8013,20,,,{10=30%;9=30%},,,,,,,,
890390,8013,21,,,{28=1500;12=2000},,,,,,,,
890391,8013,22,,,{14=1000;25=2000},,,,,,,,
890392,8013,23,,,{17=2000;19=2000},,,,,,,,
890393,8013,24,,,{15=2000;21=3000},,,,,,,,
890394,8103,2,,,{7=80;8=80},,,,,,,,
890395,8103,3,,,{24=200},,,,,,,,
890396,8103,4,,,{7=6%;8=6%},,,,,,,,
890397,8103,5,,,{1=6%},,,,,,,,
890398,8103,6,,,{10=6%;9=6%},,,,,,,,
890399,8103,7,,,{90=400},,,,,,,,
890400,8103,8,,,{1=12%},,,,,,,,
890401,8103,9,,,{7=12%;8=12%},,,,,,,,
890402,8103,10,,,{90=800},,,,,,,,
890403,8103,11,,,{22=1200},,,,,,,,
890404,8103,12,,,{23=1200},,,,,,,,
890405,8103,13,,,{10=20%;9=20%},,,,,,,,
890406,8103,14,,,{28=10%;12=15%},,,,,,,,
890407,8103,15,,,{14=1500;25=1000},,,,,,,,
890408,8103,16,,,{17=1500;19=1000},,,,,,,,
890409,8103,17,,,{14=1000;21=1500},,,,,,,,
890410,8103,18,,,{1=20%;30=2000},,,,,,,,
890411,8103,19,,,{7=20%;8=20%},,,,,,,,
890412,8103,20,,,{10=30%;9=30%},,,,,,,,
890413,8103,21,,,{28=1500;12=2000},,,,,,,,
890414,8103,22,,,{14=1000;25=2000},,,,,,,,
890415,8103,23,,,{17=2000;19=2000},,,,,,,,
890416,8103,24,,,{15=2000;21=3000},,,,,,,,
890417,8104,2,,,{7=80;8=80},,,,,,,,
890418,8104,3,,,{24=200},,,,,,,,
890419,8104,4,,,{7=6%;8=6%},,,,,,,,
890420,8104,5,,,{1=6%},,,,,,,,
890421,8104,6,,,{10=6%;9=6%},,,,,,,,
890422,8104,7,,,{90=400},,,,,,,,
890423,8104,8,,,{1=12%},,,,,,,,
890424,8104,9,,,{7=12%;8=12%},,,,,,,,
890425,8104,10,,,{90=800},,,,,,,,
890426,8104,11,,,{22=1200},,,,,,,,
890427,8104,12,,,{23=1200},,,,,,,,
890428,8104,13,,,{10=20%;9=20%},,,,,,,,
890429,8104,14,,,{28=10%;12=15%},,,,,,,,
890430,8104,15,,,{14=1500;25=1000},,,,,,,,
890431,8104,16,,,{17=1500;19=1000},,,,,,,,
890432,8104,17,,,{14=1000;21=1500},,,,,,,,
890433,8104,18,,,{1=20%;30=2000},,,,,,,,
890434,8104,19,,,{7=20%;8=20%},,,,,,,,
890435,8104,20,,,{10=30%;9=30%},,,,,,,,
890436,8104,21,,,{28=1500;12=2000},,,,,,,,
890437,8104,22,,,{14=1000;25=2000},,,,,,,,
890438,8104,23,,,{17=2000;19=2000},,,,,,,,
890439,8104,24,,,{15=2000;21=3000},,,,,,,,
890440,8105,2,,,{7=80;8=80},,,,,,,,
890441,8105,3,,,{24=200},,,,,,,,
890442,8105,4,,,{7=6%;8=6%},,,,,,,,
890443,8105,5,,,{1=6%},,,,,,,,
890444,8105,6,,,{10=6%;9=6%},,,,,,,,
890445,8105,7,,,{90=400},,,,,,,,
890446,8105,8,,,{1=12%},,,,,,,,
890447,8105,9,,,{7=12%;8=12%},,,,,,,,
890448,8105,10,,,{90=800},,,,,,,,
890449,8105,11,,,{22=1200},,,,,,,,
890450,8105,12,,,{23=1200},,,,,,,,
890451,8105,13,,,{10=20%;9=20%},,,,,,,,
890452,8105,14,,,{28=10%;12=15%},,,,,,,,
890453,8105,15,,,{14=1500;25=1000},,,,,,,,
890454,8105,16,,,{17=1500;19=1000},,,,,,,,
890455,8105,17,,,{14=1000;21=1500},,,,,,,,
890456,8105,18,,,{1=20%;30=2000},,,,,,,,
890457,8105,19,,,{7=20%;8=20%},,,,,,,,
890458,8105,20,,,{10=30%;9=30%},,,,,,,,
890459,8105,21,,,{28=1500;12=2000},,,,,,,,
890460,8105,22,,,{14=1000;25=2000},,,,,,,,
890461,8105,23,,,{17=2000;19=2000},,,,,,,,
890462,8105,24,,,{15=2000;21=3000},,,,,,,,
890463,8106,2,,,{7=80;8=80},,,,,,,,
890464,8106,3,,,{24=200},,,,,,,,
890465,8106,4,,,{7=6%;8=6%},,,,,,,,
890466,8106,5,,,{1=6%},,,,,,,,
890467,8106,6,,,{10=6%;9=6%},,,,,,,,
890468,8106,7,,,{90=400},,,,,,,,
890469,8106,8,,,{1=12%},,,,,,,,
890470,8106,9,,,{7=12%;8=12%},,,,,,,,
890471,8106,10,,,{90=800},,,,,,,,
890472,8106,11,,,{22=1200},,,,,,,,
890473,8106,12,,,{23=1200},,,,,,,,
890474,8106,13,,,{10=20%;9=20%},,,,,,,,
890475,8106,14,,,{28=10%;12=15%},,,,,,,,
890476,8106,15,,,{14=1500;25=1000},,,,,,,,
890477,8106,16,,,{17=1500;19=1000},,,,,,,,
890478,8106,17,,,{14=1000;21=1500},,,,,,,,
890479,8106,18,,,{1=20%;30=2000},,,,,,,,
890480,8106,19,,,{7=20%;8=20%},,,,,,,,
890481,8106,20,,,{10=30%;9=30%},,,,,,,,
890482,8106,21,,,{28=1500;12=2000},,,,,,,,
890483,8106,22,,,{14=1000;25=2000},,,,,,,,
890484,8106,23,,,{17=2000;19=2000},,,,,,,,
890485,8106,24,,,{15=2000;21=3000},,,,,,,,
890486,8107,2,,,{7=80;8=80},,,,,,,,
890487,8107,3,,,{24=200},,,,,,,,
890488,8107,4,,,{7=6%;8=6%},,,,,,,,
890489,8107,5,,,{1=6%},,,,,,,,
890490,8107,6,,,{10=6%;9=6%},,,,,,,,
890491,8107,7,,,{90=400},,,,,,,,
890492,8107,8,,,{1=12%},,,,,,,,
890493,8107,9,,,{7=12%;8=12%},,,,,,,,
890494,8107,10,,,{90=800},,,,,,,,
890495,8107,11,,,{22=1200},,,,,,,,
890496,8107,12,,,{23=1200},,,,,,,,
890497,8107,13,,,{10=20%;9=20%},,,,,,,,
890498,8107,14,,,{28=10%;12=15%},,,,,,,,
890499,8107,15,,,{14=1500;25=1000},,,,,,,,
890500,8107,16,,,{17=1500;19=1000},,,,,,,,
890501,8107,17,,,{14=1000;21=1500},,,,,,,,
890502,8107,18,,,{1=20%;30=2000},,,,,,,,
890503,8107,19,,,{7=20%;8=20%},,,,,,,,
890504,8107,20,,,{10=30%;9=30%},,,,,,,,
890505,8107,21,,,{28=1500;12=2000},,,,,,,,
890506,8107,22,,,{14=1000;25=2000},,,,,,,,
890507,8107,23,,,{17=2000;19=2000},,,,,,,,
890508,8107,24,,,{15=2000;21=3000},,,,,,,,
890509,8200,2,,,{7=80;8=80},,,,,,,,
890510,8200,3,,,{24=200},,,,,,,,
890511,8200,4,,,{7=6%;8=6%},,,,,,,,
890512,8200,5,,,{1=6%},,,,,,,,
890513,8200,6,,,{10=6%;9=6%},,,,,,,,
890514,8200,7,,,{90=400},,,,,,,,
890515,8200,8,,,{1=12%},,,,,,,,
890516,8200,9,,,{7=12%;8=12%},,,,,,,,
890517,8200,10,,,{90=800},,,,,,,,
890518,8200,11,,,{22=1200},,,,,,,,
890519,8200,12,,,{23=1200},,,,,,,,
890520,8200,13,,,{10=20%;9=20%},,,,,,,,
890521,8200,14,,,{28=10%;12=15%},,,,,,,,
890522,8200,15,,,{14=1500;25=1000},,,,,,,,
890523,8200,16,,,{17=1500;19=1000},,,,,,,,
890524,8200,17,,,{14=1000;21=1500},,,,,,,,
890525,8200,18,,,{1=20%;30=2000},,,,,,,,
890526,8200,19,,,{7=20%;8=20%},,,,,,,,
890527,8200,20,,,{10=30%;9=30%},,,,,,,,
890528,8200,21,,,{28=1500;12=2000},,,,,,,,
890529,8200,22,,,{14=1000;25=2000},,,,,,,,
890530,8200,23,,,{17=2000;19=2000},,,,,,,,
890531,8200,24,,,{15=2000;21=3000},,,,,,,,
890532,8201,2,,,{7=80;8=80},,,,,,,,
890533,8201,3,,,{24=200},,,,,,,,
890534,8201,4,,,{7=6%;8=6%},,,,,,,,
890535,8201,5,,,{1=6%},,,,,,,,
890536,8201,6,,,{10=6%;9=6%},,,,,,,,
890537,8201,7,,,{90=400},,,,,,,,
890538,8201,8,,,{1=12%},,,,,,,,
890539,8201,9,,,{7=12%;8=12%},,,,,,,,
890540,8201,10,,,{90=800},,,,,,,,
890541,8201,11,,,{22=1200},,,,,,,,
890542,8201,12,,,{23=1200},,,,,,,,
890543,8201,13,,,{10=20%;9=20%},,,,,,,,
890544,8201,14,,,{28=10%;12=15%},,,,,,,,
890545,8201,15,,,{14=1500;25=1000},,,,,,,,
890546,8201,16,,,{17=1500;19=1000},,,,,,,,
890547,8201,17,,,{14=1000;21=1500},,,,,,,,
890548,8201,18,,,{1=20%;30=2000},,,,,,,,
890549,8201,19,,,{7=20%;8=20%},,,,,,,,
890550,8201,20,,,{10=30%;9=30%},,,,,,,,
890551,8201,21,,,{28=1500;12=2000},,,,,,,,
890552,8201,22,,,{14=1000;25=2000},,,,,,,,
890553,8201,23,,,{17=2000;19=2000},,,,,,,,
890554,8201,24,,,{15=2000;21=3000},,,,,,,,
890555,8202,2,,,{7=80;8=80},,,,,,,,
890556,8202,3,,,{24=200},,,,,,,,
890557,8202,4,,,{7=6%;8=6%},,,,,,,,
890558,8202,5,,,{1=6%},,,,,,,,
890559,8202,6,,,{10=6%;9=6%},,,,,,,,
890560,8202,7,,,{90=400},,,,,,,,
890561,8202,8,,,{1=12%},,,,,,,,
890562,8202,9,,,{7=12%;8=12%},,,,,,,,
890563,8202,10,,,{90=800},,,,,,,,
890564,8202,11,,,{22=1200},,,,,,,,
890565,8202,12,,,{23=1200},,,,,,,,
890566,8202,13,,,{10=20%;9=20%},,,,,,,,
890567,8202,14,,,{28=10%;12=15%},,,,,,,,
890568,8202,15,,,{14=1500;25=1000},,,,,,,,
890569,8202,16,,,{17=1500;19=1000},,,,,,,,
890570,8202,17,,,{14=1000;21=1500},,,,,,,,
890571,8202,18,,,{1=20%;30=2000},,,,,,,,
890572,8202,19,,,{7=20%;8=20%},,,,,,,,
890573,8202,20,,,{10=30%;9=30%},,,,,,,,
890574,8202,21,,,{28=1500;12=2000},,,,,,,,
890575,8202,22,,,{14=1000;25=2000},,,,,,,,
890576,8202,23,,,{17=2000;19=2000},,,,,,,,
890577,8202,24,,,{15=2000;21=3000},,,,,,,,
890578,8203,2,,,{7=80;8=80},,,,,,,,
890579,8203,3,,,{24=200},,,,,,,,
890580,8203,4,,,{7=6%;8=6%},,,,,,,,
890581,8203,5,,,{1=6%},,,,,,,,
890582,8203,6,,,{10=6%;9=6%},,,,,,,,
890583,8203,7,,,{90=400},,,,,,,,
890584,8203,8,,,{1=12%},,,,,,,,
890585,8203,9,,,{7=12%;8=12%},,,,,,,,
890586,8203,10,,,{90=800},,,,,,,,
890587,8203,11,,,{22=1200},,,,,,,,
890588,8203,12,,,{23=1200},,,,,,,,
890589,8203,13,,,{10=20%;9=20%},,,,,,,,
890590,8203,14,,,{28=10%;12=15%},,,,,,,,
890591,8203,15,,,{14=1500;25=1000},,,,,,,,
890592,8203,16,,,{17=1500;19=1000},,,,,,,,
890593,8203,17,,,{14=1000;21=1500},,,,,,,,
890594,8203,18,,,{1=20%;30=2000},,,,,,,,
890595,8203,19,,,{7=20%;8=20%},,,,,,,,
890596,8203,20,,,{10=30%;9=30%},,,,,,,,
890597,8203,21,,,{28=1500;12=2000},,,,,,,,
890598,8203,22,,,{14=1000;25=2000},,,,,,,,
890599,8203,23,,,{17=2000;19=2000},,,,,,,,
890600,8203,24,,,{15=2000;21=3000},,,,,,,,
