VariableName,drawType,_comment,drawTriggerType,drawTriggerTimes,weightStart,weightEnd,effectLimit,startCount,probInit,probStep,probLimit,probMiniTimes,probEffectInterval,lotteryType1,lotteryWeight1,lotteryType2,lotteryWeight2,lotteryType3,lotteryWeight3,lotteryType4,lotteryWeight4,lotteryType5,lotteryWeight5,lotteryType6,lotteryWeight6,lotteryType7,lotteryWeight7,lotteryType8,lotteryWeight8,lotteryType9,lotteryWeight9,lotteryType10,lotteryWeight10
Defaults,,,2,0,0,0,0,0,0,0.01,0.2,30,50,{},0,{},0,{},0,{},0,{},0,{},0,{},0,{},0,{},0,{},0
ID,抽取类型,类型注释,抽取触发类型(0从X次开始;1权值累加;2概率触发;3每X次;4第X次),抽取次数条件,权值上限,权值下限,生效次数上限,开始次数,概率初值,概率递增,概率上限,概率保底次数,概率生效间隔,产出类型1,产出类型1权重,产出类型2,产出类型2权重,产出类型3,产出类型3权重,产出类型4,产出类型4权重,产出类型5,产出类型5权重,产出类型6,产出类型6权重,产出类型7,产出类型7权重,产出类型8,产出类型8权重,产出类型9,产出类型9权重,产出类型10,产出类型10权重
1,gold1,,0,1,,,,,,,,,,{220=1},45,{221=1},25,{222=1},30,,,,,,,,,,,,,,
2,gold10,,0,1,,,,,,,,,,{222=3;220=4;221=3},100,{222=4;220=3;221=3},80,{222=2;220=5;221=3},120,{222=3;220=5;221=2},120,{222=4;220=4;221=2},100,{222=3;220=5;221=2},120,,,,,,,,
11,rmb1,,4,1,,,,,,,,,,{203=1},100,,,,,,,,,,,,,,,,,,
12,rmb1,,4,5,,,,,,,,,,{207=1},100,,,,,,,,,,,,,,,,,,
13,rmb1,,,6,,,,10,0.05,0.02,0.3,15,20,{201=1},100,,,,,,,,,,,,,,,,,,
14,rmb1,,0,2,,,,,,,,,,{205=1},50,{206=1},50,,,,,,,,,,,,,,,,
15,rmb1,,4,2,,,,,,,,,,{204=1},100,,,,,,,,,,,,,,,,,,
16,rmb1,,,6,,,,30,0.02,0.006,0.5,,80,{207=1},100,,,,,,,,,,,,,,,,,,
17,rmb1,,,60,,,1,55,0.1,0.006,0.5,,99999,{200=1},100,,,,,,,,,,,,,,,,,,
18,rmb1,,,149,,,99999,139,0.1,0.006,0.5,,90,{200=1},100,,,,,,,,,,,,,,,,,,
21,rmb10,,4,1,,,,,,,,,,{205=3;207=1;206=6},100,{205=4;207=1;206=5},100,,,,,,,,,,,,,,,,
22,rmb10,,,2,,,1,4,0.5,0.5,1,2,999999,{201=1;205=3;206=6},,{201=1;205=4;206=5},,{201=1;205=5;206=4},,{201=2;205=3;206=5},20,{201=2;205=4;206=4},20,{201=2;205=5;206=3},20,{201=3;205=2;206=5},,{201=3;205=3;206=4},,{201=3;205=4;206=3},,,
23,rmb10,,,2,,,1,10,0.01,0.005,0.5,40,,{201=1;205=3;206=6},,{201=1;205=4;206=5},,{201=1;205=5;206=4},,{201=2;205=3;206=5},,{201=2;205=4;206=4},,{201=2;205=5;206=3},,{201=3;205=2;206=5},20,{201=3;205=3;206=4},20,{201=3;205=4;206=3},20,,
24,rmb10,,0,2,,,,,,,,,,{201=1;205=3;206=6},150,{201=1;205=4;206=5},100,{201=1;205=5;206=4},50,{201=2;205=3;206=5},30,{201=2;205=4;206=4},20,{201=2;205=5;206=3},10,{201=3;205=2;206=5},,{201=3;205=3;206=4},,{201=3;205=4;206=3},,,
25,rmb10,,,4,,,1,5,0.1,0.05,0.4,2,99999,{200=1;205=3;206=6},1,,,,,,,,,,,,,,,,,,
26,rmb10,,,4,,,99999,13,0.1,0.05,0.4,3,9,{200=1;205=3;206=6},1,,,,,,,,,,,,,,,,,,
51,limit_up_rmb1_81,,0,2,,,,,,,,,,{205=1},50,{206=1},50,,,,,,,,,,,,,,,,
52,limit_up_rmb1_81,,4,1,,,,,,,,,,{204=1},100,,,,,,,,,,,,,,,,,,
53,limit_up_rmb1_81,,,5,,,1,5,0.17,0.06,0.5,6,999999,{1204=1},100,,,,,,,,,,,,,,,,,,
54,limit_up_rmb1_81,,,6,,,10,10,0.05,0.015,0.5,15,15,{1204=1},100,,,,,,,,,,,,,,,,,,
55,limit_up_rmb1_81,,,160,,,,160,0.05,0.015,0.5,15,15,{1204=1},100,,,,,,,,,,,,,,,,,,
61,limit_up_rmb10_81,,4,1,,,,,,,,,,{205=3;206=6;1204=1},100,{205=4;206=5;1204=1},100,,,,,,,,,,,,,,,,
62,limit_up_rmb10_81,,0,2,,,20,,,,,,,{205=3;206=6;1204=1},150,{205=4;206=5;1204=1},100,{205=5;206=4;1204=1},50,{205=3;206=5;1204=2},30,{205=4;206=4;1204=2},20,{205=5;206=3;1204=2},10,{205=2;206=5;1204=3},,{205=3;206=4;1204=3},,{205=4;206=3;1204=3},,,
63,limit_up_rmb10_81,,0,22,,,,,,,,,,{205=3;206=6;1205=1},150,{205=4;206=5;1205=1},100,{205=5;206=4;1205=1},50,{205=3;206=5;1205=2},30,{205=4;206=4;1205=2},20,{205=5;206=3;1205=2},10,{205=2;206=5;1205=3},,{205=3;206=4;1205=3},,{205=4;206=3;1205=3},,,
101,limit_up_rmb1_111,,0,2,,,,,,,,,,{205=1},50,{206=1},50,,,,,,,,,,,,,,,,
102,limit_up_rmb1_111,,4,1,,,,,,,,,,{204=1},100,,,,,,,,,,,,,,,,,,
103,limit_up_rmb1_111,,,5,,,1,5,0.17,0.06,0.5,6,999999,{1206=1},100,,,,,,,,,,,,,,,,,,
104,limit_up_rmb1_111,,,6,,,10,10,0.05,0.015,0.5,15,15,{1206=1},100,,,,,,,,,,,,,,,,,,
105,limit_up_rmb1_111,,,160,,,,160,0.05,0.015,0.5,15,15,{1206=1},100,,,,,,,,,,,,,,,,,,
111,limit_up_rmb10_111,,4,1,,,,,,,,,,{205=3;206=6;1206=1},100,{205=4;206=5;1206=1},100,,,,,,,,,,,,,,,,
112,limit_up_rmb10_111,,0,2,,,20,,,,,,,{205=3;206=6;1206=1},150,{205=4;206=5;1206=1},100,{205=5;206=4;1206=1},50,{205=3;206=5;1206=2},30,{205=4;206=4;1206=2},20,{205=5;206=3;1206=2},10,{205=2;206=5;1206=3},,{205=3;206=4;1206=3},,{205=4;206=3;1206=3},,,
113,limit_up_rmb10_111,,0,22,,,,,,,,,,{205=3;206=6;1207=1},150,{205=4;206=5;1207=1},100,{205=5;206=4;1207=1},50,{205=3;206=5;1207=2},30,{205=4;206=4;1207=2},20,{205=5;206=3;1207=2},10,{205=2;206=5;1207=3},,{205=3;206=4;1207=3},,{205=4;206=3;1207=3},,,
121,limit_up_rmb1_116,,0,2,,,,,,,,,,{205=1},50,{206=1},50,,,,,,,,,,,,,,,,
122,limit_up_rmb1_116,,4,1,,,,,,,,,,{204=1},100,,,,,,,,,,,,,,,,,,
123,limit_up_rmb1_116,,,5,,,1,5,0.17,0.06,0.5,6,999999,{1208=1},100,,,,,,,,,,,,,,,,,,
124,limit_up_rmb1_116,,,6,,,10,10,0.05,0.015,0.5,15,15,{1208=1},100,,,,,,,,,,,,,,,,,,
125,limit_up_rmb1_116,,,160,,,,160,0.05,0.015,0.5,15,15,{1208=1},100,,,,,,,,,,,,,,,,,,
131,limit_up_rmb10_116,,4,1,,,,,,,,,,{205=3;1208=1;206=6},100,{205=4;1208=1;206=5},100,,,,,,,,,,,,,,,,
132,limit_up_rmb10_116,,0,2,,,20,,,,,,,{205=3;1208=1;206=6},150,{205=4;1208=1;206=5},100,{205=5;1208=1;206=4},50,{205=3;1208=2;206=5},30,{205=4;1208=2;206=4},20,{205=5;1208=2;206=3},10,{205=2;1208=3;206=5},,{205=3;1208=3;206=4},,{205=4;1208=3;206=3},,,
133,limit_up_rmb10_116,,0,22,,,,,,,,,,{205=3;1209=1;206=6},150,{205=4;1209=1;206=5},100,{205=5;1209=1;206=4},50,{205=3;1209=2;206=5},30,{205=4;1209=2;206=4},20,{205=5;1209=2;206=3},10,{205=2;1209=3;206=5},,{205=3;1209=3;206=4},,{205=4;1209=3;206=3},,,
141,limit_up_rmb1_121,,0,2,,,,,,,,,,{205=1},50,{206=1},50,,,,,,,,,,,,,,,,
142,limit_up_rmb1_121,,4,1,,,,,,,,,,{204=1},100,,,,,,,,,,,,,,,,,,
143,limit_up_rmb1_121,,,5,,,1,5,0.17,0.06,0.5,6,999999,{1210=1},100,,,,,,,,,,,,,,,,,,
144,limit_up_rmb1_121,,,6,,,10,10,0.05,0.015,0.5,15,15,{1210=1},100,,,,,,,,,,,,,,,,,,
145,limit_up_rmb1_121,,,160,,,,160,0.05,0.015,0.5,15,15,{1210=1},100,,,,,,,,,,,,,,,,,,
151,limit_up_rmb10_121,,4,1,,,,,,,,,,{205=3;1210=1;206=6},100,{205=4;1210=1;206=5},100,,,,,,,,,,,,,,,,
152,limit_up_rmb10_121,,0,2,,,20,,,,,,,{205=3;1210=1;206=6},150,{205=4;1210=1;206=5},100,{205=5;1210=1;206=4},50,{205=3;1210=2;206=5},30,{205=4;1210=2;206=4},20,{205=5;1210=2;206=3},10,{205=2;1210=3;206=5},,{205=3;1210=3;206=4},,{205=4;1210=3;206=3},,,
153,limit_up_rmb10_121,,0,22,,,,,,,,,,{205=3;1211=1;206=6},150,{205=4;1211=1;206=5},100,{205=5;1211=1;206=4},50,{205=3;1211=2;206=5},30,{205=4;1211=2;206=4},20,{205=5;1211=2;206=3},10,{205=2;1211=3;206=5},,{205=3;1211=3;206=4},,{205=4;1211=3;206=3},,,
170,limit_rmb1_100012,,0,1,,,,,,,,,,{201=1},,{1105=1},200,{1107=1},625,{1111=1},150,,,,,,,,,,,,
171,limit_rmb1_100012,,,1,,,,3,0.15,0.05,0.4,5,10,{201=1},1,,,,,,,,,,,,,,,,,,
172,limit_rmb1_100012,,,80,,,1,73,0.1,0.05,0.4,9,99999,{1113=1},1,,,,,,,,,,,,,,,,,,
173,limit_rmb1_100012,,,155,,,999,144,0.1,0.05,0.4,9,71,{1113=1},1,,,,,,,,,,,,,,,,,,
180,limit_rmb1_100022,,0,1,,,,,,,,,,{201=1},,{1105=1},200,{1107=1},625,{1151=1},150,,,,,,,,,,,,
181,limit_rmb1_100022,,,1,,,,3,0.15,0.05,0.4,5,10,{201=1},1,,,,,,,,,,,,,,,,,,
182,limit_rmb1_100022,,,80,,,1,73,0.1,0.05,0.4,9,99999,{1150=1},1,,,,,,,,,,,,,,,,,,
183,limit_rmb1_100022,,,155,,,999,144,0.1,0.05,0.4,9,71,{1150=1},1,,,,,,,,,,,,,,,,,,
201,limit_box_rmb1_100032,,0,1,,,,,,,,,,{3002=1},100,,,,,,,,,,,,,,,,,,
202,limit_box_rmb1_100032,,3,10,,,,,,,,,,{3001=1},100,,,,,,,,,,,,,,,,,,
203,limit_box_rmb10_100032,,0,1,,,,,,,,,,{3001=1;3003=5;3002=4},100,,,,,,,,,,,,,,,,,,
300,limit_up_rmb1_100037,,0,1,,,,,,,,,,{30=1},5,{31=1},95,,,,,,,,,,,,,,,,
301,limit_up_rmb10_100037,,0,1,,,,,,,,,,{30=1;31=9},100,,,,,,,,,,,,,,,,,,
310,limit_up_rmb1_100038,,0,1,,,,,,,,,,{32=1},5,{33=1},95,,,,,,,,,,,,,,,,
311,limit_up_rmb10_100038,,0,1,,,,,,,,,,{33=9;32=1},100,,,,,,,,,,,,,,,,,,
320,limit_up_rmb1_100039,,0,1,,,,,,,,,,{34=1},5,{35=1},95,,,,,,,,,,,,,,,,
321,limit_up_rmb10_100039,,0,1,,,,,,,,,,{35=9;34=1},100,,,,,,,,,,,,,,,,,,
1001,limit_box_rmb1_1031,,4,1,,,,,,,,,,{205=1},50,,,,,,,,,,,,,,,,,,
1002,limit_box_rmb1_1031,,,2,,,,2,0.05,0.02,0.3,15,15,{201=1},100,,,,,,,,,,,,,,,,,,
1003,limit_box_rmb1_1031,,0,2,,,,,,,,,,{201=1},,{205=1},250,{1101=1},200,{1103=1},400,{1111=1},100,{1112=1},100,,,,,,,,
1012,limit_box_rmb10_1031,,0,1,,,,,,,,,,{1111=1;1112=1;201=1;1101=2;205=2;1103=3},150,{1111=1;1112=1;201=1;1101=2;205=2;1103=3},100,{1111=1;1112=1;201=1;1101=2;205=2;1103=3},50,{1111=1;1112=1;201=2;1101=2;205=1;1103=3},30,{1111=1;1112=1;201=2;1101=2;205=1;1103=3},20,{1111=1;1112=1;201=2;1101=2;205=1;1103=3},10,,,,,,,,
1021,limit_box_rmb1_1112,,3,10,,,,,,,,,,{150=1},100,,,,,,,,,,,,,,,,,,
1022,limit_box_rmb1_1112,,0,1,,,,,,,,,,{152=1},45,{153=1},15,{154=1},15,{160=1},15,{161=1},5,,,,,,,,,,
1031,limit_box_rmb10_1112,,1,10,0.04,0.09,,19,,,,,,{162=1;150=1;154=2;1101=1;153=1;160=1;152=3},100,{162=1;150=1;154=1;1101=1;153=2;160=1;152=3},100,{162=1;150=1;154=1;1101=1;153=1;160=1;152=4},100,,,,,,,,,,,,,,
1032,limit_box_rmb10_1112,,1,10,0.08,0.15,1,11,,,,,,{162=1;150=1;154=2;1101=1;153=1;160=1;152=3},100,{162=1;150=1;154=1;1101=1;153=2;160=1;152=3},100,{162=1;150=1;154=1;1101=1;153=1;160=1;152=4},100,,,,,,,,,,,,,,
1033,limit_box_rmb10_1112,,1,10,0.2,0.3,1,5,,,,,,{162=1;150=1;154=2;1101=1;153=1;160=1;152=3},100,{162=1;150=1;154=1;1101=1;153=2;160=1;152=3},100,{162=1;150=1;154=1;1101=1;153=1;160=1;152=4},100,,,,,,,,,,,,,,
1034,limit_box_rmb10_1112,,1,10,0.06,0.12,,6,,,,,,{151=1;154=2;150=1;1101=1;153=1;160=1;152=3},100,{151=1;154=1;150=1;1101=1;153=2;160=1;152=3},100,{151=1;154=1;150=1;1101=1;153=1;160=1;152=4},100,,,,,,,,,,,,,,
1035,limit_box_rmb10_1112,,1,10,0.2,0.3,1,2,,,,,,{151=1;154=2;150=1;1101=1;153=1;160=1;152=3},100,{151=1;154=1;150=1;1101=1;153=2;160=1;152=3},100,{151=1;154=1;150=1;1101=1;153=1;160=1;152=4},100,,,,,,,,,,,,,,
1036,limit_box_rmb10_1112,,0,1,,,,,,,,,,{150=1;154=2;1101=1;153=2;160=1;152=3},100,{161=1;150=1;154=2;1101=1;153=1;160=1;152=3},100,{150=1;154=3;1101=1;153=1;160=1;152=3},100,{150=1;154=2;1101=1;153=1;160=1;152=4},100,{150=1;154=1;1101=1;153=2;160=1;152=4},100,{161=1;150=1;154=1;1101=1;153=1;160=1;152=4},100,{161=1;154=2;1101=1;153=1;150=1;152=4},100,{150=1;154=3;1101=1;153=1;160=1;152=3},,,,,
1041,limit_box_rmb1_1212,,3,10,,,,,,,,,,{150=1},100,,,,,,,,,,,,,,,,,,
1042,limit_box_rmb1_1212,,0,1,,,,,,,,,,{152=1},45,{153=1},15,{154=1},15,{160=1},15,{161=1},5,,,,,,,,,,
1051,limit_box_rmb10_1212,,1,10,0.04,0.09,,19,,,,,,{162=1;150=1;154=2;1101=1;153=1;160=1;152=3},100,{162=1;150=1;154=1;1101=1;153=2;160=1;152=3},100,{162=1;150=1;154=1;1101=1;153=1;160=1;152=4},100,,,,,,,,,,,,,,
1052,limit_box_rmb10_1212,,1,10,0.08,0.15,1,11,,,,,,{162=1;150=1;154=2;1101=1;153=1;160=1;152=3},100,{162=1;150=1;154=1;1101=1;153=2;160=1;152=3},100,{162=1;150=1;154=1;1101=1;153=1;160=1;152=4},100,,,,,,,,,,,,,,
1053,limit_box_rmb10_1212,,1,10,0.2,0.3,1,5,,,,,,{162=1;150=1;154=2;1101=1;153=1;160=1;152=3},100,{162=1;150=1;154=1;1101=1;153=2;160=1;152=3},100,{162=1;150=1;154=1;1101=1;153=1;160=1;152=4},100,,,,,,,,,,,,,,
1054,limit_box_rmb10_1212,,1,10,0.06,0.12,,6,,,,,,{151=1;154=2;150=1;1101=1;153=1;160=1;152=3},100,{151=1;154=1;150=1;1101=1;153=2;160=1;152=3},100,{151=1;154=1;150=1;1101=1;153=1;160=1;152=4},100,,,,,,,,,,,,,,
1055,limit_box_rmb10_1212,,1,10,0.2,0.3,1,2,,,,,,{151=1;154=2;150=1;1101=1;153=1;160=1;152=3},100,{151=1;154=1;150=1;1101=1;153=2;160=1;152=3},100,{151=1;154=1;150=1;1101=1;153=1;160=1;152=4},100,,,,,,,,,,,,,,
1056,limit_box_rmb10_1212,,0,1,,,,,,,,,,{150=1;154=2;1101=1;153=2;160=1;152=3},100,{161=1;150=1;154=2;1101=1;153=1;160=1;152=3},100,{150=1;154=3;1101=1;153=1;160=1;152=3},100,{150=1;154=2;1101=1;153=1;160=1;152=4},100,{150=1;154=1;1101=1;153=2;160=1;152=4},100,{161=1;150=1;154=1;1101=1;153=1;160=1;152=4},100,{161=1;154=2;1101=1;153=1;150=1;152=4},100,{150=1;154=3;1101=1;153=1;160=1;152=3},,,,,
1061,limit_box_rmb1_1291,,3,10,,,,,,,,,,{150=1},100,,,,,,,,,,,,,,,,,,
1062,limit_box_rmb1_1291,,0,1,,,,,,,,,,{152=1},45,{153=1},15,{154=1},15,{160=1},15,{161=1},5,,,,,,,,,,
1071,limit_box_rmb10_1291,,1,10,0.04,0.09,,19,,,,,,{162=1;150=1;154=2;1101=1;153=1;160=1;152=3},100,{162=1;150=1;154=1;1101=1;153=2;160=1;152=3},100,{162=1;150=1;154=1;1101=1;153=1;160=1;152=4},100,,,,,,,,,,,,,,
1072,limit_box_rmb10_1291,,1,10,0.08,0.15,1,11,,,,,,{162=1;150=1;154=2;1101=1;153=1;160=1;152=3},100,{162=1;150=1;154=1;1101=1;153=2;160=1;152=3},100,{162=1;150=1;154=1;1101=1;153=1;160=1;152=4},100,,,,,,,,,,,,,,
1073,limit_box_rmb10_1291,,1,10,0.2,0.3,1,5,,,,,,{162=1;150=1;154=2;1101=1;153=1;160=1;152=3},100,{162=1;150=1;154=1;1101=1;153=2;160=1;152=3},100,{162=1;150=1;154=1;1101=1;153=1;160=1;152=4},100,,,,,,,,,,,,,,
1074,limit_box_rmb10_1291,,1,10,0.06,0.12,,6,,,,,,{151=1;154=2;150=1;1101=1;153=1;160=1;152=3},100,{151=1;154=1;150=1;1101=1;153=2;160=1;152=3},100,{151=1;154=1;150=1;1101=1;153=1;160=1;152=4},100,,,,,,,,,,,,,,
1075,limit_box_rmb10_1291,,1,10,0.2,0.3,1,2,,,,,,{151=1;154=2;150=1;1101=1;153=1;160=1;152=3},100,{151=1;154=1;150=1;1101=1;153=2;160=1;152=3},100,{151=1;154=1;150=1;1101=1;153=1;160=1;152=4},100,,,,,,,,,,,,,,
1076,limit_box_rmb10_1291,,0,1,,,,,,,,,,{150=1;154=2;1101=1;153=2;160=1;152=3},100,{161=1;150=1;154=2;1101=1;153=1;160=1;152=3},100,{150=1;154=3;1101=1;153=1;160=1;152=3},100,{150=1;154=2;1101=1;153=1;160=1;152=4},100,{150=1;154=1;1101=1;153=2;160=1;152=4},100,{161=1;150=1;154=1;1101=1;153=1;160=1;152=4},100,{161=1;154=2;1101=1;153=1;150=1;152=4},100,{150=1;154=3;1101=1;153=1;160=1;152=3},,,,,
1081,limit_box_rmb1_1381,,3,10,,,,,,,,,,{150=1},100,,,,,,,,,,,,,,,,,,
1082,limit_box_rmb1_1381,,0,1,,,,,,,,,,{152=1},45,{153=1},15,{154=1},15,{160=1},15,{161=1},5,,,,,,,,,,
1091,limit_box_rmb10_1381,,1,10,0.04,0.09,,19,,,,,,{162=1;150=1;154=2;1101=1;153=1;160=1;152=3},100,{162=1;150=1;154=1;1101=1;153=2;160=1;152=3},100,{162=1;150=1;154=1;1101=1;153=1;160=1;152=4},100,,,,,,,,,,,,,,
1092,limit_box_rmb10_1381,,1,10,0.08,0.15,1,11,,,,,,{162=1;150=1;154=2;1101=1;153=1;160=1;152=3},100,{162=1;150=1;154=1;1101=1;153=2;160=1;152=3},100,{162=1;150=1;154=1;1101=1;153=1;160=1;152=4},100,,,,,,,,,,,,,,
1093,limit_box_rmb10_1381,,1,10,0.2,0.3,1,5,,,,,,{162=1;150=1;154=2;1101=1;153=1;160=1;152=3},100,{162=1;150=1;154=1;1101=1;153=2;160=1;152=3},100,{162=1;150=1;154=1;1101=1;153=1;160=1;152=4},100,,,,,,,,,,,,,,
1094,limit_box_rmb10_1381,,1,10,0.06,0.12,,6,,,,,,{151=1;154=2;150=1;1101=1;153=1;160=1;152=3},100,{151=1;154=1;150=1;1101=1;153=2;160=1;152=3},100,{151=1;154=1;150=1;1101=1;153=1;160=1;152=4},100,,,,,,,,,,,,,,
1095,limit_box_rmb10_1381,,1,10,0.2,0.3,1,2,,,,,,{151=1;154=2;150=1;1101=1;153=1;160=1;152=3},100,{151=1;154=1;150=1;1101=1;153=2;160=1;152=3},100,{151=1;154=1;150=1;1101=1;153=1;160=1;152=4},100,,,,,,,,,,,,,,
1096,limit_box_rmb10_1381,,0,1,,,,,,,,,,{150=1;154=2;1101=1;153=2;160=1;152=3},100,{161=1;150=1;154=2;1101=1;153=1;160=1;152=3},100,{150=1;154=3;1101=1;153=1;160=1;152=3},100,{150=1;154=2;1101=1;153=1;160=1;152=4},100,{150=1;154=1;1101=1;153=2;160=1;152=4},100,{161=1;150=1;154=1;1101=1;153=1;160=1;152=4},100,{161=1;154=2;1101=1;153=1;150=1;152=4},100,{150=1;154=3;1101=1;153=1;160=1;152=3},,,,,
1101,limit_box_rmb1_1512,,3,10,,,,,,,,,,{150=1},100,,,,,,,,,,,,,,,,,,
1102,limit_box_rmb1_1512,,0,1,,,,,,,,,,{152=1},45,{153=1},15,{154=1},15,{160=1},15,{161=1},5,,,,,,,,,,
1111,limit_box_rmb10_1512,,1,10,0.04,0.09,,19,,,,,,{162=1;150=1;154=2;1101=1;153=1;160=1;152=3},100,{162=1;150=1;154=1;1101=1;153=2;160=1;152=3},100,{162=1;150=1;154=1;1101=1;153=1;160=1;152=4},100,,,,,,,,,,,,,,
1112,limit_box_rmb10_1512,,1,10,0.08,0.15,1,11,,,,,,{162=1;150=1;154=2;1101=1;153=1;160=1;152=3},100,{162=1;150=1;154=1;1101=1;153=2;160=1;152=3},100,{162=1;150=1;154=1;1101=1;153=1;160=1;152=4},100,,,,,,,,,,,,,,
1113,limit_box_rmb10_1512,,1,10,0.2,0.3,1,5,,,,,,{162=1;150=1;154=2;1101=1;153=1;160=1;152=3},100,{162=1;150=1;154=1;1101=1;153=2;160=1;152=3},100,{162=1;150=1;154=1;1101=1;153=1;160=1;152=4},100,,,,,,,,,,,,,,
1114,limit_box_rmb10_1512,,1,10,0.06,0.12,,6,,,,,,{151=1;154=2;150=1;1101=1;153=1;160=1;152=3},100,{151=1;154=1;150=1;1101=1;153=2;160=1;152=3},100,{151=1;154=1;150=1;1101=1;153=1;160=1;152=4},100,,,,,,,,,,,,,,
1115,limit_box_rmb10_1512,,1,10,0.2,0.3,1,2,,,,,,{151=1;154=2;150=1;1101=1;153=1;160=1;152=3},100,{151=1;154=1;150=1;1101=1;153=2;160=1;152=3},100,{151=1;154=1;150=1;1101=1;153=1;160=1;152=4},100,,,,,,,,,,,,,,
1116,limit_box_rmb10_1512,,0,1,,,,,,,,,,{150=1;154=2;1101=1;153=2;160=1;152=3},100,{161=1;150=1;154=2;1101=1;153=1;160=1;152=3},100,{150=1;154=3;1101=1;153=1;160=1;152=3},100,{150=1;154=2;1101=1;153=1;160=1;152=4},100,{150=1;154=1;1101=1;153=2;160=1;152=4},100,{161=1;150=1;154=1;1101=1;153=1;160=1;152=4},100,{161=1;154=2;1101=1;153=1;150=1;152=4},100,{150=1;154=3;1101=1;153=1;160=1;152=3},,,,,
1121,limit_box_rmb1_1642,,3,10,,,,,,,,,,{150=1},100,,,,,,,,,,,,,,,,,,
1122,limit_box_rmb1_1642,,0,1,,,,,,,,,,{152=1},45,{153=1},15,{154=1},15,{160=1},15,{161=1},5,,,,,,,,,,
1131,limit_box_rmb10_1642,,1,10,0.04,0.09,,19,,,,,,{162=1;150=1;154=2;1101=1;153=1;160=1;152=3},100,{162=1;150=1;154=1;1101=1;153=2;160=1;152=3},100,{162=1;150=1;154=1;1101=1;153=1;160=1;152=4},100,,,,,,,,,,,,,,
1132,limit_box_rmb10_1642,,1,10,0.08,0.15,1,11,,,,,,{162=1;150=1;154=2;1101=1;153=1;160=1;152=3},100,{162=1;150=1;154=1;1101=1;153=2;160=1;152=3},100,{162=1;150=1;154=1;1101=1;153=1;160=1;152=4},100,,,,,,,,,,,,,,
1133,limit_box_rmb10_1642,,1,10,0.2,0.3,1,5,,,,,,{162=1;150=1;154=2;1101=1;153=1;160=1;152=3},100,{162=1;150=1;154=1;1101=1;153=2;160=1;152=3},100,{162=1;150=1;154=1;1101=1;153=1;160=1;152=4},100,,,,,,,,,,,,,,
1134,limit_box_rmb10_1642,,1,10,0.06,0.12,,6,,,,,,{151=1;154=2;150=1;1101=1;153=1;160=1;152=3},100,{151=1;154=1;150=1;1101=1;153=2;160=1;152=3},100,{151=1;154=1;150=1;1101=1;153=1;160=1;152=4},100,,,,,,,,,,,,,,
1135,limit_box_rmb10_1642,,1,10,0.2,0.3,1,2,,,,,,{151=1;154=2;150=1;1101=1;153=1;160=1;152=3},100,{151=1;154=1;150=1;1101=1;153=2;160=1;152=3},100,{151=1;154=1;150=1;1101=1;153=1;160=1;152=4},100,,,,,,,,,,,,,,
1136,limit_box_rmb10_1642,,0,1,,,,,,,,,,{150=1;154=2;1101=1;153=2;160=1;152=3},100,{161=1;150=1;154=2;1101=1;153=1;160=1;152=3},100,{150=1;154=3;1101=1;153=1;160=1;152=3},100,{150=1;154=2;1101=1;153=1;160=1;152=4},100,{150=1;154=1;1101=1;153=2;160=1;152=4},100,{161=1;150=1;154=1;1101=1;153=1;160=1;152=4},100,{161=1;154=2;1101=1;153=1;150=1;152=4},100,{150=1;154=3;1101=1;153=1;160=1;152=3},,,,,
1141,limit_box_rmb1_1772,,3,10,,,,,,,,,,{150=1},100,,,,,,,,,,,,,,,,,,
1142,limit_box_rmb1_1772,,0,1,,,,,,,,,,{152=1},45,{153=1},15,{154=1},15,{160=1},15,{161=1},5,,,,,,,,,,
1151,limit_box_rmb10_1772,,1,10,0.04,0.09,,19,,,,,,{162=1;150=1;154=2;1101=1;153=1;160=1;152=3},100,{162=1;150=1;154=1;1101=1;153=2;160=1;152=3},100,{162=1;150=1;154=1;1101=1;153=1;160=1;152=4},100,,,,,,,,,,,,,,
1152,limit_box_rmb10_1772,,1,10,0.08,0.15,1,11,,,,,,{162=1;150=1;154=2;1101=1;153=1;160=1;152=3},100,{162=1;150=1;154=1;1101=1;153=2;160=1;152=3},100,{162=1;150=1;154=1;1101=1;153=1;160=1;152=4},100,,,,,,,,,,,,,,
1153,limit_box_rmb10_1772,,1,10,0.2,0.3,1,5,,,,,,{162=1;150=1;154=2;1101=1;153=1;160=1;152=3},100,{162=1;150=1;154=1;1101=1;153=2;160=1;152=3},100,{162=1;150=1;154=1;1101=1;153=1;160=1;152=4},100,,,,,,,,,,,,,,
1154,limit_box_rmb10_1772,,1,10,0.06,0.12,,6,,,,,,{151=1;154=2;150=1;1101=1;153=1;160=1;152=3},100,{151=1;154=1;150=1;1101=1;153=2;160=1;152=3},100,{151=1;154=1;150=1;1101=1;153=1;160=1;152=4},100,,,,,,,,,,,,,,
1155,limit_box_rmb10_1772,,1,10,0.2,0.3,1,2,,,,,,{151=1;154=2;150=1;1101=1;153=1;160=1;152=3},100,{151=1;154=1;150=1;1101=1;153=2;160=1;152=3},100,{151=1;154=1;150=1;1101=1;153=1;160=1;152=4},100,,,,,,,,,,,,,,
1156,limit_box_rmb10_1772,,0,1,,,,,,,,,,{150=1;154=2;1101=1;153=2;160=1;152=3},100,{161=1;150=1;154=2;1101=1;153=1;160=1;152=3},100,{150=1;154=3;1101=1;153=1;160=1;152=3},100,{150=1;154=2;1101=1;153=1;160=1;152=4},100,{150=1;154=1;1101=1;153=2;160=1;152=4},100,{161=1;150=1;154=1;1101=1;153=1;160=1;152=4},100,{161=1;154=2;1101=1;153=1;150=1;152=4},100,{150=1;154=3;1101=1;153=1;160=1;152=3},,,,,
1161,limit_box_rmb1_1851,,3,10,,,,,,,,,,{150=1},100,,,,,,,,,,,,,,,,,,
1162,limit_box_rmb1_1851,,0,1,,,,,,,,,,{152=1},45,{153=1},15,{154=1},15,{160=1},15,{161=1},5,,,,,,,,,,
1171,limit_box_rmb10_1851,,1,10,0.04,0.09,,19,,,,,,{162=1;150=1;154=2;1101=1;153=1;160=1;152=3},100,{162=1;150=1;154=1;1101=1;153=2;160=1;152=3},100,{162=1;150=1;154=1;1101=1;153=1;160=1;152=4},100,,,,,,,,,,,,,,
1172,limit_box_rmb10_1851,,1,10,0.08,0.15,1,11,,,,,,{162=1;150=1;154=2;1101=1;153=1;160=1;152=3},100,{162=1;150=1;154=1;1101=1;153=2;160=1;152=3},100,{162=1;150=1;154=1;1101=1;153=1;160=1;152=4},100,,,,,,,,,,,,,,
1173,limit_box_rmb10_1851,,1,10,0.2,0.3,1,5,,,,,,{162=1;150=1;154=2;1101=1;153=1;160=1;152=3},100,{162=1;150=1;154=1;1101=1;153=2;160=1;152=3},100,{162=1;150=1;154=1;1101=1;153=1;160=1;152=4},100,,,,,,,,,,,,,,
1174,limit_box_rmb10_1851,,1,10,0.06,0.12,,6,,,,,,{151=1;154=2;150=1;1101=1;153=1;160=1;152=3},100,{151=1;154=1;150=1;1101=1;153=2;160=1;152=3},100,{151=1;154=1;150=1;1101=1;153=1;160=1;152=4},100,,,,,,,,,,,,,,
1175,limit_box_rmb10_1851,,1,10,0.2,0.3,1,2,,,,,,{151=1;154=2;150=1;1101=1;153=1;160=1;152=3},100,{151=1;154=1;150=1;1101=1;153=2;160=1;152=3},100,{151=1;154=1;150=1;1101=1;153=1;160=1;152=4},100,,,,,,,,,,,,,,
1176,limit_box_rmb10_1851,,0,1,,,,,,,,,,{150=1;154=2;1101=1;153=2;160=1;152=3},100,{161=1;150=1;154=2;1101=1;153=1;160=1;152=3},100,{150=1;154=3;1101=1;153=1;160=1;152=3},100,{150=1;154=2;1101=1;153=1;160=1;152=4},100,{150=1;154=1;1101=1;153=2;160=1;152=4},100,{161=1;150=1;154=1;1101=1;153=1;160=1;152=4},100,{161=1;154=2;1101=1;153=1;150=1;152=4},100,{150=1;154=3;1101=1;153=1;160=1;152=3},,,,,
1181,limit_box_rmb1_1941,,3,10,,,,,,,,,,{150=1},100,,,,,,,,,,,,,,,,,,
1182,limit_box_rmb1_1941,,0,1,,,,,,,,,,{152=1},45,{153=1},15,{154=1},15,{160=1},15,{161=1},5,,,,,,,,,,
1191,limit_box_rmb10_1941,,1,10,0.04,0.09,,19,,,,,,{162=1;150=1;154=2;1101=1;153=1;160=1;152=3},100,{162=1;150=1;154=1;1101=1;153=2;160=1;152=3},100,{162=1;150=1;154=1;1101=1;153=1;160=1;152=4},100,,,,,,,,,,,,,,
1192,limit_box_rmb10_1941,,1,10,0.08,0.15,1,11,,,,,,{162=1;150=1;154=2;1101=1;153=1;160=1;152=3},100,{162=1;150=1;154=1;1101=1;153=2;160=1;152=3},100,{162=1;150=1;154=1;1101=1;153=1;160=1;152=4},100,,,,,,,,,,,,,,
1193,limit_box_rmb10_1941,,1,10,0.2,0.3,1,5,,,,,,{162=1;150=1;154=2;1101=1;153=1;160=1;152=3},100,{162=1;150=1;154=1;1101=1;153=2;160=1;152=3},100,{162=1;150=1;154=1;1101=1;153=1;160=1;152=4},100,,,,,,,,,,,,,,
1194,limit_box_rmb10_1941,,1,10,0.06,0.12,,6,,,,,,{151=1;154=2;150=1;1101=1;153=1;160=1;152=3},100,{151=1;154=1;150=1;1101=1;153=2;160=1;152=3},100,{151=1;154=1;150=1;1101=1;153=1;160=1;152=4},100,,,,,,,,,,,,,,
1195,limit_box_rmb10_1941,,1,10,0.2,0.3,1,2,,,,,,{151=1;154=2;150=1;1101=1;153=1;160=1;152=3},100,{151=1;154=1;150=1;1101=1;153=2;160=1;152=3},100,{151=1;154=1;150=1;1101=1;153=1;160=1;152=4},100,,,,,,,,,,,,,,
1196,limit_box_rmb10_1941,,0,1,,,,,,,,,,{150=1;154=2;1101=1;153=2;160=1;152=3},100,{161=1;150=1;154=2;1101=1;153=1;160=1;152=3},100,{150=1;154=3;1101=1;153=1;160=1;152=3},100,{150=1;154=2;1101=1;153=1;160=1;152=4},100,{150=1;154=1;1101=1;153=2;160=1;152=4},100,{161=1;150=1;154=1;1101=1;153=1;160=1;152=4},100,{161=1;154=2;1101=1;153=1;150=1;152=4},100,{150=1;154=3;1101=1;153=1;160=1;152=3},,,,,
1201,limit_box_rmb1_2031,,3,10,,,,,,,,,,{150=1},100,,,,,,,,,,,,,,,,,,
1202,limit_box_rmb1_2031,,0,1,,,,,,,,,,{152=1},45,{153=1},15,{154=1},15,{160=1},15,{161=1},5,,,,,,,,,,
1211,limit_box_rmb10_2031,,1,10,0.04,0.09,,19,,,,,,{162=1;150=1;154=2;1101=1;153=1;160=1;152=3},100,{162=1;150=1;154=1;1101=1;153=2;160=1;152=3},100,{162=1;150=1;154=1;1101=1;153=1;160=1;152=4},100,,,,,,,,,,,,,,
1212,limit_box_rmb10_2031,,1,10,0.08,0.15,1,11,,,,,,{162=1;150=1;154=2;1101=1;153=1;160=1;152=3},100,{162=1;150=1;154=1;1101=1;153=2;160=1;152=3},100,{162=1;150=1;154=1;1101=1;153=1;160=1;152=4},100,,,,,,,,,,,,,,
1213,limit_box_rmb10_2031,,1,10,0.2,0.3,1,5,,,,,,{162=1;150=1;154=2;1101=1;153=1;160=1;152=3},100,{162=1;150=1;154=1;1101=1;153=2;160=1;152=3},100,{162=1;150=1;154=1;1101=1;153=1;160=1;152=4},100,,,,,,,,,,,,,,
1214,limit_box_rmb10_2031,,1,10,0.06,0.12,,6,,,,,,{151=1;154=2;150=1;1101=1;153=1;160=1;152=3},100,{151=1;154=1;150=1;1101=1;153=2;160=1;152=3},100,{151=1;154=1;150=1;1101=1;153=1;160=1;152=4},100,,,,,,,,,,,,,,
1215,limit_box_rmb10_2031,,1,10,0.2,0.3,1,2,,,,,,{151=1;154=2;150=1;1101=1;153=1;160=1;152=3},100,{151=1;154=1;150=1;1101=1;153=2;160=1;152=3},100,{151=1;154=1;150=1;1101=1;153=1;160=1;152=4},100,,,,,,,,,,,,,,
1216,limit_box_rmb10_2031,,0,1,,,,,,,,,,{150=1;154=2;1101=1;153=2;160=1;152=3},100,{161=1;150=1;154=2;1101=1;153=1;160=1;152=3},100,{150=1;154=3;1101=1;153=1;160=1;152=3},100,{150=1;154=2;1101=1;153=1;160=1;152=4},100,{150=1;154=1;1101=1;153=2;160=1;152=4},100,{161=1;150=1;154=1;1101=1;153=1;160=1;152=4},100,{161=1;154=2;1101=1;153=1;150=1;152=4},100,{150=1;154=3;1101=1;153=1;160=1;152=3},,,,,
1221,limit_box_rmb1_4001,,3,10,,,,,,,,,,{150=1},100,,,,,,,,,,,,,,,,,,
1222,limit_box_rmb1_4001,,0,1,,,,,,,,,,{152=1},45,{153=1},15,{154=1},15,{160=1},15,{161=1},5,,,,,,,,,,
1231,limit_box_rmb10_4001,,1,10,0.04,0.09,,19,,,,,,{162=1;150=1;154=2;1101=1;153=1;160=1;152=3},100,{162=1;150=1;154=1;1101=1;153=2;160=1;152=3},100,{162=1;150=1;154=1;1101=1;153=1;160=1;152=4},100,,,,,,,,,,,,,,
1232,limit_box_rmb10_4001,,1,10,0.08,0.15,1,11,,,,,,{162=1;150=1;154=2;1101=1;153=1;160=1;152=3},100,{162=1;150=1;154=1;1101=1;153=2;160=1;152=3},100,{162=1;150=1;154=1;1101=1;153=1;160=1;152=4},100,,,,,,,,,,,,,,
1233,limit_box_rmb10_4001,,1,10,0.2,0.3,1,5,,,,,,{162=1;150=1;154=2;1101=1;153=1;160=1;152=3},100,{162=1;150=1;154=1;1101=1;153=2;160=1;152=3},100,{162=1;150=1;154=1;1101=1;153=1;160=1;152=4},100,,,,,,,,,,,,,,
1234,limit_box_rmb10_4001,,1,10,0.06,0.12,,6,,,,,,{151=1;154=2;150=1;1101=1;153=1;160=1;152=3},100,{151=1;154=1;150=1;1101=1;153=2;160=1;152=3},100,{151=1;154=1;150=1;1101=1;153=1;160=1;152=4},100,,,,,,,,,,,,,,
1235,limit_box_rmb10_4001,,1,10,0.2,0.3,1,2,,,,,,{151=1;154=2;150=1;1101=1;153=1;160=1;152=3},100,{151=1;154=1;150=1;1101=1;153=2;160=1;152=3},100,{151=1;154=1;150=1;1101=1;153=1;160=1;152=4},100,,,,,,,,,,,,,,
1236,limit_box_rmb10_4001,,0,1,,,,,,,,,,{150=1;154=2;1101=1;153=2;160=1;152=3},100,{161=1;150=1;154=2;1101=1;153=1;160=1;152=3},100,{150=1;154=3;1101=1;153=1;160=1;152=3},100,{150=1;154=2;1101=1;153=1;160=1;152=4},100,{150=1;154=1;1101=1;153=2;160=1;152=4},100,{161=1;150=1;154=1;1101=1;153=1;160=1;152=4},100,{161=1;154=2;1101=1;153=1;150=1;152=4},100,{150=1;154=3;1101=1;153=1;160=1;152=3},,,,,
1241,limit_box_rmb1_2231,,3,10,,,,,,,,,,{150=1},100,,,,,,,,,,,,,,,,,,
1242,limit_box_rmb1_2231,,0,1,,,,,,,,,,{152=1},45,{153=1},15,{154=1},15,{160=1},15,{161=1},5,,,,,,,,,,
1251,limit_box_rmb10_2231,,1,10,0.04,0.09,,19,,,,,,{162=1;150=1;154=2;1101=1;153=1;160=1;152=3},100,{162=1;150=1;154=1;1101=1;153=2;160=1;152=3},100,{162=1;150=1;154=1;1101=1;153=1;160=1;152=4},100,,,,,,,,,,,,,,
1252,limit_box_rmb10_2231,,1,10,0.08,0.15,1,11,,,,,,{162=1;150=1;154=2;1101=1;153=1;160=1;152=3},100,{162=1;150=1;154=1;1101=1;153=2;160=1;152=3},100,{162=1;150=1;154=1;1101=1;153=1;160=1;152=4},100,,,,,,,,,,,,,,
1253,limit_box_rmb10_2231,,1,10,0.2,0.3,1,5,,,,,,{162=1;150=1;154=2;1101=1;153=1;160=1;152=3},100,{162=1;150=1;154=1;1101=1;153=2;160=1;152=3},100,{162=1;150=1;154=1;1101=1;153=1;160=1;152=4},100,,,,,,,,,,,,,,
1254,limit_box_rmb10_2231,,1,10,0.06,0.12,,6,,,,,,{151=1;154=2;150=1;1101=1;153=1;160=1;152=3},100,{151=1;154=1;150=1;1101=1;153=2;160=1;152=3},100,{151=1;154=1;150=1;1101=1;153=1;160=1;152=4},100,,,,,,,,,,,,,,
1255,limit_box_rmb10_2231,,1,10,0.2,0.3,1,2,,,,,,{151=1;154=2;150=1;1101=1;153=1;160=1;152=3},100,{151=1;154=1;150=1;1101=1;153=2;160=1;152=3},100,{151=1;154=1;150=1;1101=1;153=1;160=1;152=4},100,,,,,,,,,,,,,,
1256,limit_box_rmb10_2231,,0,1,,,,,,,,,,{150=1;154=2;1101=1;153=2;160=1;152=3},100,{161=1;150=1;154=2;1101=1;153=1;160=1;152=3},100,{150=1;154=3;1101=1;153=1;160=1;152=3},100,{150=1;154=2;1101=1;153=1;160=1;152=4},100,{150=1;154=1;1101=1;153=2;160=1;152=4},100,{161=1;150=1;154=1;1101=1;153=1;160=1;152=4},100,{161=1;154=2;1101=1;153=1;150=1;152=4},100,{150=1;154=3;1101=1;153=1;160=1;152=3},,,,,
1261,limit_box_rmb1_2301,,3,10,,,,,,,,,,{150=1},100,,,,,,,,,,,,,,,,,,
1262,limit_box_rmb1_2301,,0,1,,,,,,,,,,{152=1},45,{153=1},15,{154=1},15,{160=1},15,{161=1},5,,,,,,,,,,
1271,limit_box_rmb10_2301,,1,10,0.04,0.09,,19,,,,,,{162=1;150=1;154=2;1101=1;153=1;160=1;152=3},100,{162=1;150=1;154=1;1101=1;153=2;160=1;152=3},100,{162=1;150=1;154=1;1101=1;153=1;160=1;152=4},100,,,,,,,,,,,,,,
1272,limit_box_rmb10_2301,,1,10,0.08,0.15,1,11,,,,,,{162=1;150=1;154=2;1101=1;153=1;160=1;152=3},100,{162=1;150=1;154=1;1101=1;153=2;160=1;152=3},100,{162=1;150=1;154=1;1101=1;153=1;160=1;152=4},100,,,,,,,,,,,,,,
1273,limit_box_rmb10_2301,,1,10,0.2,0.3,1,5,,,,,,{162=1;150=1;154=2;1101=1;153=1;160=1;152=3},100,{162=1;150=1;154=1;1101=1;153=2;160=1;152=3},100,{162=1;150=1;154=1;1101=1;153=1;160=1;152=4},100,,,,,,,,,,,,,,
1274,limit_box_rmb10_2301,,1,10,0.06,0.12,,6,,,,,,{151=1;154=2;150=1;1101=1;153=1;160=1;152=3},100,{151=1;154=1;150=1;1101=1;153=2;160=1;152=3},100,{151=1;154=1;150=1;1101=1;153=1;160=1;152=4},100,,,,,,,,,,,,,,
1275,limit_box_rmb10_2301,,1,10,0.2,0.3,1,2,,,,,,{151=1;154=2;150=1;1101=1;153=1;160=1;152=3},100,{151=1;154=1;150=1;1101=1;153=2;160=1;152=3},100,{151=1;154=1;150=1;1101=1;153=1;160=1;152=4},100,,,,,,,,,,,,,,
1276,limit_box_rmb10_2301,,0,1,,,,,,,,,,{150=1;154=2;1101=1;153=2;160=1;152=3},100,{161=1;150=1;154=2;1101=1;153=1;160=1;152=3},100,{150=1;154=3;1101=1;153=1;160=1;152=3},100,{150=1;154=2;1101=1;153=1;160=1;152=4},100,{150=1;154=1;1101=1;153=2;160=1;152=4},100,{161=1;150=1;154=1;1101=1;153=1;160=1;152=4},100,{161=1;154=2;1101=1;153=1;150=1;152=4},100,{150=1;154=3;1101=1;153=1;160=1;152=3},,,,,
1281,limit_box_rmb1_2391,,3,10,,,,,,,,,,{150=1},100,,,,,,,,,,,,,,,,,,
1282,limit_box_rmb1_2391,,0,1,,,,,,,,,,{152=1},45,{153=1},15,{154=1},15,{160=1},15,{161=1},5,,,,,,,,,,
1291,limit_box_rmb10_2391,,1,10,0.04,0.09,,19,,,,,,{162=1;150=1;154=2;1101=1;153=1;160=1;152=3},100,{162=1;150=1;154=1;1101=1;153=2;160=1;152=3},100,{162=1;150=1;154=1;1101=1;153=1;160=1;152=4},100,,,,,,,,,,,,,,
1292,limit_box_rmb10_2391,,1,10,0.08,0.15,1,11,,,,,,{162=1;150=1;154=2;1101=1;153=1;160=1;152=3},100,{162=1;150=1;154=1;1101=1;153=2;160=1;152=3},100,{162=1;150=1;154=1;1101=1;153=1;160=1;152=4},100,,,,,,,,,,,,,,
1293,limit_box_rmb10_2391,,1,10,0.2,0.3,1,5,,,,,,{162=1;150=1;154=2;1101=1;153=1;160=1;152=3},100,{162=1;150=1;154=1;1101=1;153=2;160=1;152=3},100,{162=1;150=1;154=1;1101=1;153=1;160=1;152=4},100,,,,,,,,,,,,,,
1294,limit_box_rmb10_2391,,1,10,0.06,0.12,,6,,,,,,{151=1;154=2;150=1;1101=1;153=1;160=1;152=3},100,{151=1;154=1;150=1;1101=1;153=2;160=1;152=3},100,{151=1;154=1;150=1;1101=1;153=1;160=1;152=4},100,,,,,,,,,,,,,,
1295,limit_box_rmb10_2391,,1,10,0.2,0.3,1,2,,,,,,{151=1;154=2;150=1;1101=1;153=1;160=1;152=3},100,{151=1;154=1;150=1;1101=1;153=2;160=1;152=3},100,{151=1;154=1;150=1;1101=1;153=1;160=1;152=4},100,,,,,,,,,,,,,,
1296,limit_box_rmb10_2391,,0,1,,,,,,,,,,{150=1;154=2;1101=1;153=2;160=1;152=3},100,{161=1;150=1;154=2;1101=1;153=1;160=1;152=3},100,{150=1;154=3;1101=1;153=1;160=1;152=3},100,{150=1;154=2;1101=1;153=1;160=1;152=4},100,{150=1;154=1;1101=1;153=2;160=1;152=4},100,{161=1;150=1;154=1;1101=1;153=1;160=1;152=4},100,{161=1;154=2;1101=1;153=1;150=1;152=4},100,{150=1;154=3;1101=1;153=1;160=1;152=3},,,,,
1301,limit_box_rmb1_2491,,3,10,,,,,,,,,,{150=1},100,,,,,,,,,,,,,,,,,,
1302,limit_box_rmb1_2491,,0,1,,,,,,,,,,{152=1},45,{153=1},15,{154=1},15,{160=1},15,{161=1},5,,,,,,,,,,
1311,limit_box_rmb10_2491,,1,10,0.04,0.09,,19,,,,,,{162=1;150=1;154=2;1101=1;153=1;160=1;152=3},100,{162=1;150=1;154=1;1101=1;153=2;160=1;152=3},100,{162=1;150=1;154=1;1101=1;153=1;160=1;152=4},100,,,,,,,,,,,,,,
1312,limit_box_rmb10_2491,,1,10,0.08,0.15,1,11,,,,,,{162=1;150=1;154=2;1101=1;153=1;160=1;152=3},100,{162=1;150=1;154=1;1101=1;153=2;160=1;152=3},100,{162=1;150=1;154=1;1101=1;153=1;160=1;152=4},100,,,,,,,,,,,,,,
1313,limit_box_rmb10_2491,,1,10,0.2,0.3,1,5,,,,,,{162=1;150=1;154=2;1101=1;153=1;160=1;152=3},100,{162=1;150=1;154=1;1101=1;153=2;160=1;152=3},100,{162=1;150=1;154=1;1101=1;153=1;160=1;152=4},100,,,,,,,,,,,,,,
1314,limit_box_rmb10_2491,,1,10,0.06,0.12,,6,,,,,,{151=1;154=2;150=1;1101=1;153=1;160=1;152=3},100,{151=1;154=1;150=1;1101=1;153=2;160=1;152=3},100,{151=1;154=1;150=1;1101=1;153=1;160=1;152=4},100,,,,,,,,,,,,,,
1315,limit_box_rmb10_2491,,1,10,0.2,0.3,1,2,,,,,,{151=1;154=2;150=1;1101=1;153=1;160=1;152=3},100,{151=1;154=1;150=1;1101=1;153=2;160=1;152=3},100,{151=1;154=1;150=1;1101=1;153=1;160=1;152=4},100,,,,,,,,,,,,,,
1316,limit_box_rmb10_2491,,0,1,,,,,,,,,,{150=1;154=2;1101=1;153=2;160=1;152=3},100,{161=1;150=1;154=2;1101=1;153=1;160=1;152=3},100,{150=1;154=3;1101=1;153=1;160=1;152=3},100,{150=1;154=2;1101=1;153=1;160=1;152=4},100,{150=1;154=1;1101=1;153=2;160=1;152=4},100,{161=1;150=1;154=1;1101=1;153=1;160=1;152=4},100,{161=1;154=2;1101=1;153=1;150=1;152=4},100,{150=1;154=3;1101=1;153=1;160=1;152=3},,,,,
1321,limit_box_rmb1_2591,,3,10,,,,,,,,,,{150=1},100,,,,,,,,,,,,,,,,,,
1322,limit_box_rmb1_2591,,0,1,,,,,,,,,,{152=1},45,{153=1},15,{154=1},15,{160=1},15,{161=1},5,,,,,,,,,,
1331,limit_box_rmb10_2591,,1,10,0.04,0.09,,19,,,,,,{162=1;150=1;154=2;1101=1;153=1;160=1;152=3},100,{162=1;150=1;154=1;1101=1;153=2;160=1;152=3},100,{162=1;150=1;154=1;1101=1;153=1;160=1;152=4},100,,,,,,,,,,,,,,
1332,limit_box_rmb10_2591,,1,10,0.08,0.15,1,11,,,,,,{162=1;150=1;154=2;1101=1;153=1;160=1;152=3},100,{162=1;150=1;154=1;1101=1;153=2;160=1;152=3},100,{162=1;150=1;154=1;1101=1;153=1;160=1;152=4},100,,,,,,,,,,,,,,
1333,limit_box_rmb10_2591,,1,10,0.2,0.3,1,5,,,,,,{162=1;150=1;154=2;1101=1;153=1;160=1;152=3},100,{162=1;150=1;154=1;1101=1;153=2;160=1;152=3},100,{162=1;150=1;154=1;1101=1;153=1;160=1;152=4},100,,,,,,,,,,,,,,
1334,limit_box_rmb10_2591,,1,10,0.06,0.12,,6,,,,,,{151=1;154=2;150=1;1101=1;153=1;160=1;152=3},100,{151=1;154=1;150=1;1101=1;153=2;160=1;152=3},100,{151=1;154=1;150=1;1101=1;153=1;160=1;152=4},100,,,,,,,,,,,,,,
1335,limit_box_rmb10_2591,,1,10,0.2,0.3,1,2,,,,,,{151=1;154=2;150=1;1101=1;153=1;160=1;152=3},100,{151=1;154=1;150=1;1101=1;153=2;160=1;152=3},100,{151=1;154=1;150=1;1101=1;153=1;160=1;152=4},100,,,,,,,,,,,,,,
1336,limit_box_rmb10_2591,,0,1,,,,,,,,,,{150=1;154=2;1101=1;153=2;160=1;152=3},100,{161=1;150=1;154=2;1101=1;153=1;160=1;152=3},100,{150=1;154=3;1101=1;153=1;160=1;152=3},100,{150=1;154=2;1101=1;153=1;160=1;152=4},100,{150=1;154=1;1101=1;153=2;160=1;152=4},100,{161=1;150=1;154=1;1101=1;153=1;160=1;152=4},100,{161=1;154=2;1101=1;153=1;150=1;152=4},100,{150=1;154=3;1101=1;153=1;160=1;152=3},,,,,
1341,limit_box_rmb1_2681,,3,10,,,,,,,,,,{150=1},100,,,,,,,,,,,,,,,,,,
1342,limit_box_rmb1_2681,,0,1,,,,,,,,,,{152=1},45,{153=1},15,{154=1},15,{160=1},15,{161=1},5,,,,,,,,,,
1351,limit_box_rmb10_2681,,1,10,0.04,0.09,,19,,,,,,{162=1;150=1;154=2;1101=1;153=1;160=1;152=3},100,{162=1;150=1;154=1;1101=1;153=2;160=1;152=3},100,{162=1;150=1;154=1;1101=1;153=1;160=1;152=4},100,,,,,,,,,,,,,,
1352,limit_box_rmb10_2681,,1,10,0.08,0.15,1,11,,,,,,{162=1;150=1;154=2;1101=1;153=1;160=1;152=3},100,{162=1;150=1;154=1;1101=1;153=2;160=1;152=3},100,{162=1;150=1;154=1;1101=1;153=1;160=1;152=4},100,,,,,,,,,,,,,,
1353,limit_box_rmb10_2681,,1,10,0.2,0.3,1,5,,,,,,{162=1;150=1;154=2;1101=1;153=1;160=1;152=3},100,{162=1;150=1;154=1;1101=1;153=2;160=1;152=3},100,{162=1;150=1;154=1;1101=1;153=1;160=1;152=4},100,,,,,,,,,,,,,,
1354,limit_box_rmb10_2681,,1,10,0.06,0.12,,6,,,,,,{151=1;154=2;150=1;1101=1;153=1;160=1;152=3},100,{151=1;154=1;150=1;1101=1;153=2;160=1;152=3},100,{151=1;154=1;150=1;1101=1;153=1;160=1;152=4},100,,,,,,,,,,,,,,
1355,limit_box_rmb10_2681,,1,10,0.2,0.3,1,2,,,,,,{151=1;154=2;150=1;1101=1;153=1;160=1;152=3},100,{151=1;154=1;150=1;1101=1;153=2;160=1;152=3},100,{151=1;154=1;150=1;1101=1;153=1;160=1;152=4},100,,,,,,,,,,,,,,
1356,limit_box_rmb10_2681,,0,1,,,,,,,,,,{150=1;154=2;1101=1;153=2;160=1;152=3},100,{161=1;150=1;154=2;1101=1;153=1;160=1;152=3},100,{150=1;154=3;1101=1;153=1;160=1;152=3},100,{150=1;154=2;1101=1;153=1;160=1;152=4},100,{150=1;154=1;1101=1;153=2;160=1;152=4},100,{161=1;150=1;154=1;1101=1;153=1;160=1;152=4},100,{161=1;154=2;1101=1;153=1;150=1;152=4},100,{150=1;154=3;1101=1;153=1;160=1;152=3},,,,,
1361,limit_box_rmb1_2741,,3,10,,,,,,,,,,{150=1},100,,,,,,,,,,,,,,,,,,
1362,limit_box_rmb1_2741,,0,1,,,,,,,,,,{152=1},45,{153=1},15,{154=1},15,{160=1},15,{161=1},5,,,,,,,,,,
1371,limit_box_rmb10_2741,,1,10,0.04,0.09,,19,,,,,,{162=1;150=1;154=2;1101=1;153=1;160=1;152=3},100,{162=1;150=1;154=1;1101=1;153=2;160=1;152=3},100,{162=1;150=1;154=1;1101=1;153=1;160=1;152=4},100,,,,,,,,,,,,,,
1372,limit_box_rmb10_2741,,1,10,0.08,0.15,1,11,,,,,,{162=1;150=1;154=2;1101=1;153=1;160=1;152=3},100,{162=1;150=1;154=1;1101=1;153=2;160=1;152=3},100,{162=1;150=1;154=1;1101=1;153=1;160=1;152=4},100,,,,,,,,,,,,,,
1373,limit_box_rmb10_2741,,1,10,0.2,0.3,1,5,,,,,,{162=1;150=1;154=2;1101=1;153=1;160=1;152=3},100,{162=1;150=1;154=1;1101=1;153=2;160=1;152=3},100,{162=1;150=1;154=1;1101=1;153=1;160=1;152=4},100,,,,,,,,,,,,,,
1374,limit_box_rmb10_2741,,1,10,0.06,0.12,,6,,,,,,{151=1;154=2;150=1;1101=1;153=1;160=1;152=3},100,{151=1;154=1;150=1;1101=1;153=2;160=1;152=3},100,{151=1;154=1;150=1;1101=1;153=1;160=1;152=4},100,,,,,,,,,,,,,,
1375,limit_box_rmb10_2741,,1,10,0.2,0.3,1,2,,,,,,{151=1;154=2;150=1;1101=1;153=1;160=1;152=3},100,{151=1;154=1;150=1;1101=1;153=2;160=1;152=3},100,{151=1;154=1;150=1;1101=1;153=1;160=1;152=4},100,,,,,,,,,,,,,,
1376,limit_box_rmb10_2741,,0,1,,,,,,,,,,{150=1;154=2;1101=1;153=2;160=1;152=3},100,{161=1;150=1;154=2;1101=1;153=1;160=1;152=3},100,{150=1;154=3;1101=1;153=1;160=1;152=3},100,{150=1;154=2;1101=1;153=1;160=1;152=4},100,{150=1;154=1;1101=1;153=2;160=1;152=4},100,{161=1;150=1;154=1;1101=1;153=1;160=1;152=4},100,{161=1;154=2;1101=1;153=1;150=1;152=4},100,{150=1;154=3;1101=1;153=1;160=1;152=3},,,,,
1381,limit_box_rmb1_2861,,3,10,,,,,,,,,,{150=1},100,,,,,,,,,,,,,,,,,,
1382,limit_box_rmb1_2861,,0,1,,,,,,,,,,{152=1},45,{153=1},15,{154=1},15,{160=1},15,{161=1},5,,,,,,,,,,
1391,limit_box_rmb10_2861,,1,10,0.04,0.09,,19,,,,,,{162=1;150=1;154=2;1101=1;153=1;160=1;152=3},100,{162=1;150=1;154=1;1101=1;153=2;160=1;152=3},100,{162=1;150=1;154=1;1101=1;153=1;160=1;152=4},100,,,,,,,,,,,,,,
1392,limit_box_rmb10_2861,,1,10,0.08,0.15,1,11,,,,,,{162=1;150=1;154=2;1101=1;153=1;160=1;152=3},100,{162=1;150=1;154=1;1101=1;153=2;160=1;152=3},100,{162=1;150=1;154=1;1101=1;153=1;160=1;152=4},100,,,,,,,,,,,,,,
1393,limit_box_rmb10_2861,,1,10,0.2,0.3,1,5,,,,,,{162=1;150=1;154=2;1101=1;153=1;160=1;152=3},100,{162=1;150=1;154=1;1101=1;153=2;160=1;152=3},100,{162=1;150=1;154=1;1101=1;153=1;160=1;152=4},100,,,,,,,,,,,,,,
1394,limit_box_rmb10_2861,,1,10,0.06,0.12,,6,,,,,,{151=1;154=2;150=1;1101=1;153=1;160=1;152=3},100,{151=1;154=1;150=1;1101=1;153=2;160=1;152=3},100,{151=1;154=1;150=1;1101=1;153=1;160=1;152=4},100,,,,,,,,,,,,,,
1395,limit_box_rmb10_2861,,1,10,0.2,0.3,1,2,,,,,,{151=1;154=2;150=1;1101=1;153=1;160=1;152=3},100,{151=1;154=1;150=1;1101=1;153=2;160=1;152=3},100,{151=1;154=1;150=1;1101=1;153=1;160=1;152=4},100,,,,,,,,,,,,,,
1396,limit_box_rmb10_2861,,0,1,,,,,,,,,,{150=1;154=2;1101=1;153=2;160=1;152=3},100,{161=1;150=1;154=2;1101=1;153=1;160=1;152=3},100,{150=1;154=3;1101=1;153=1;160=1;152=3},100,{150=1;154=2;1101=1;153=1;160=1;152=4},100,{150=1;154=1;1101=1;153=2;160=1;152=4},100,{161=1;150=1;154=1;1101=1;153=1;160=1;152=4},100,{161=1;154=2;1101=1;153=1;150=1;152=4},100,{150=1;154=3;1101=1;153=1;160=1;152=3},,,,,
1400,limit_box_rmb1_2951,,3,10,,,,,,,,,,{150=1},100,,,,,,,,,,,,,,,,,,
1401,limit_box_rmb1_2951,,0,1,,,,,,,,,,{152=1},45,{153=1},15,{154=1},15,{160=1},15,{161=1},5,,,,,,,,,,
1411,limit_box_rmb10_2951,,1,10,0.04,0.09,,19,,,,,,{162=1;150=1;154=2;1101=1;153=1;160=1;152=3},100,{162=1;150=1;154=1;1101=1;153=2;160=1;152=3},100,{162=1;150=1;154=1;1101=1;153=1;160=1;152=4},100,,,,,,,,,,,,,,
1412,limit_box_rmb10_2951,,1,10,0.08,0.15,1,11,,,,,,{162=1;150=1;154=2;1101=1;153=1;160=1;152=3},100,{162=1;150=1;154=1;1101=1;153=2;160=1;152=3},100,{162=1;150=1;154=1;1101=1;153=1;160=1;152=4},100,,,,,,,,,,,,,,
1413,limit_box_rmb10_2951,,1,10,0.2,0.3,1,5,,,,,,{162=1;150=1;154=2;1101=1;153=1;160=1;152=3},100,{162=1;150=1;154=1;1101=1;153=2;160=1;152=3},100,{162=1;150=1;154=1;1101=1;153=1;160=1;152=4},100,,,,,,,,,,,,,,
1414,limit_box_rmb10_2951,,1,10,0.06,0.12,,6,,,,,,{151=1;154=2;150=1;1101=1;153=1;160=1;152=3},100,{151=1;154=1;150=1;1101=1;153=2;160=1;152=3},100,{151=1;154=1;150=1;1101=1;153=1;160=1;152=4},100,,,,,,,,,,,,,,
1415,limit_box_rmb10_2951,,1,10,0.2,0.3,1,2,,,,,,{151=1;154=2;150=1;1101=1;153=1;160=1;152=3},100,{151=1;154=1;150=1;1101=1;153=2;160=1;152=3},100,{151=1;154=1;150=1;1101=1;153=1;160=1;152=4},100,,,,,,,,,,,,,,
1416,limit_box_rmb10_2951,,0,1,,,,,,,,,,{150=1;154=2;1101=1;153=2;160=1;152=3},100,{161=1;150=1;154=2;1101=1;153=1;160=1;152=3},100,{150=1;154=3;1101=1;153=1;160=1;152=3},100,{150=1;154=2;1101=1;153=1;160=1;152=4},100,{150=1;154=1;1101=1;153=2;160=1;152=4},100,{161=1;150=1;154=1;1101=1;153=1;160=1;152=4},100,{161=1;154=2;1101=1;153=1;150=1;152=4},100,{150=1;154=3;1101=1;153=1;160=1;152=3},,,,,
1420,limit_box_rmb1_3051,,3,10,,,,,,,,,,{150=1},100,,,,,,,,,,,,,,,,,,
1421,limit_box_rmb1_3051,,0,1,,,,,,,,,,{152=1},45,{153=1},15,{154=1},15,{160=1},15,{161=1},5,,,,,,,,,,
1431,limit_box_rmb10_3051,,1,10,0.04,0.09,,19,,,,,,{162=1;150=1;154=2;1101=1;153=1;160=1;152=3},100,{162=1;150=1;154=1;1101=1;153=2;160=1;152=3},100,{162=1;150=1;154=1;1101=1;153=1;160=1;152=4},100,,,,,,,,,,,,,,
1432,limit_box_rmb10_3051,,1,10,0.08,0.15,1,11,,,,,,{162=1;150=1;154=2;1101=1;153=1;160=1;152=3},100,{162=1;150=1;154=1;1101=1;153=2;160=1;152=3},100,{162=1;150=1;154=1;1101=1;153=1;160=1;152=4},100,,,,,,,,,,,,,,
1433,limit_box_rmb10_3051,,1,10,0.2,0.3,1,5,,,,,,{162=1;150=1;154=2;1101=1;153=1;160=1;152=3},100,{162=1;150=1;154=1;1101=1;153=2;160=1;152=3},100,{162=1;150=1;154=1;1101=1;153=1;160=1;152=4},100,,,,,,,,,,,,,,
1434,limit_box_rmb10_3051,,1,10,0.06,0.12,,6,,,,,,{151=1;154=2;150=1;1101=1;153=1;160=1;152=3},100,{151=1;154=1;150=1;1101=1;153=2;160=1;152=3},100,{151=1;154=1;150=1;1101=1;153=1;160=1;152=4},100,,,,,,,,,,,,,,
1435,limit_box_rmb10_3051,,1,10,0.2,0.3,1,2,,,,,,{151=1;154=2;150=1;1101=1;153=1;160=1;152=3},100,{151=1;154=1;150=1;1101=1;153=2;160=1;152=3},100,{151=1;154=1;150=1;1101=1;153=1;160=1;152=4},100,,,,,,,,,,,,,,
1436,limit_box_rmb10_3051,,0,1,,,,,,,,,,{150=1;154=2;1101=1;153=2;160=1;152=3},100,{161=1;150=1;154=2;1101=1;153=1;160=1;152=3},100,{150=1;154=3;1101=1;153=1;160=1;152=3},100,{150=1;154=2;1101=1;153=1;160=1;152=4},100,{150=1;154=1;1101=1;153=2;160=1;152=4},100,{161=1;150=1;154=1;1101=1;153=1;160=1;152=4},100,{161=1;154=2;1101=1;153=1;150=1;152=4},100,{150=1;154=3;1101=1;153=1;160=1;152=3},,,,,
1440,limit_box_rmb1_3121,,3,10,,,,,,,,,,{150=1},100,,,,,,,,,,,,,,,,,,
1441,limit_box_rmb1_3121,,0,1,,,,,,,,,,{152=1},45,{153=1},15,{154=1},15,{160=1},15,{161=1},5,,,,,,,,,,
1451,limit_box_rmb10_3121,,1,10,0.04,0.09,,19,,,,,,{162=1;150=1;154=2;1101=1;153=1;160=1;152=3},100,{162=1;150=1;154=1;1101=1;153=2;160=1;152=3},100,{162=1;150=1;154=1;1101=1;153=1;160=1;152=4},100,,,,,,,,,,,,,,
1452,limit_box_rmb10_3121,,1,10,0.08,0.15,1,11,,,,,,{162=1;150=1;154=2;1101=1;153=1;160=1;152=3},100,{162=1;150=1;154=1;1101=1;153=2;160=1;152=3},100,{162=1;150=1;154=1;1101=1;153=1;160=1;152=4},100,,,,,,,,,,,,,,
1453,limit_box_rmb10_3121,,1,10,0.2,0.3,1,5,,,,,,{162=1;150=1;154=2;1101=1;153=1;160=1;152=3},100,{162=1;150=1;154=1;1101=1;153=2;160=1;152=3},100,{162=1;150=1;154=1;1101=1;153=1;160=1;152=4},100,,,,,,,,,,,,,,
1454,limit_box_rmb10_3121,,1,10,0.06,0.12,,6,,,,,,{151=1;154=2;150=1;1101=1;153=1;160=1;152=3},100,{151=1;154=1;150=1;1101=1;153=2;160=1;152=3},100,{151=1;154=1;150=1;1101=1;153=1;160=1;152=4},100,,,,,,,,,,,,,,
1455,limit_box_rmb10_3121,,1,10,0.2,0.3,1,2,,,,,,{151=1;154=2;150=1;1101=1;153=1;160=1;152=3},100,{151=1;154=1;150=1;1101=1;153=2;160=1;152=3},100,{151=1;154=1;150=1;1101=1;153=1;160=1;152=4},100,,,,,,,,,,,,,,
1456,limit_box_rmb10_3121,,0,1,,,,,,,,,,{150=1;154=2;1101=1;153=2;160=1;152=3},100,{161=1;150=1;154=2;1101=1;153=1;160=1;152=3},100,{150=1;154=3;1101=1;153=1;160=1;152=3},100,{150=1;154=2;1101=1;153=1;160=1;152=4},100,{150=1;154=1;1101=1;153=2;160=1;152=4},100,{161=1;150=1;154=1;1101=1;153=1;160=1;152=4},100,{161=1;154=2;1101=1;153=1;150=1;152=4},100,{150=1;154=3;1101=1;153=1;160=1;152=3},,,,,
1460,limit_box_rmb1_3211,,3,10,,,,,,,,,,{150=1},100,,,,,,,,,,,,,,,,,,
1461,limit_box_rmb1_3211,,0,1,,,,,,,,,,{152=1},45,{153=1},15,{154=1},15,{160=1},15,{161=1},5,,,,,,,,,,
1471,limit_box_rmb10_3211,,1,10,0.04,0.09,,19,,,,,,{162=1;150=1;154=2;1101=1;153=1;160=1;152=3},100,{162=1;150=1;154=1;1101=1;153=2;160=1;152=3},100,{162=1;150=1;154=1;1101=1;153=1;160=1;152=4},100,,,,,,,,,,,,,,
1472,limit_box_rmb10_3211,,1,10,0.08,0.15,1,11,,,,,,{162=1;150=1;154=2;1101=1;153=1;160=1;152=3},100,{162=1;150=1;154=1;1101=1;153=2;160=1;152=3},100,{162=1;150=1;154=1;1101=1;153=1;160=1;152=4},100,,,,,,,,,,,,,,
1473,limit_box_rmb10_3211,,1,10,0.2,0.3,1,5,,,,,,{162=1;150=1;154=2;1101=1;153=1;160=1;152=3},100,{162=1;150=1;154=1;1101=1;153=2;160=1;152=3},100,{162=1;150=1;154=1;1101=1;153=1;160=1;152=4},100,,,,,,,,,,,,,,
1474,limit_box_rmb10_3211,,1,10,0.06,0.12,,6,,,,,,{151=1;154=2;150=1;1101=1;153=1;160=1;152=3},100,{151=1;154=1;150=1;1101=1;153=2;160=1;152=3},100,{151=1;154=1;150=1;1101=1;153=1;160=1;152=4},100,,,,,,,,,,,,,,
1475,limit_box_rmb10_3211,,1,10,0.2,0.3,1,2,,,,,,{151=1;154=2;150=1;1101=1;153=1;160=1;152=3},100,{151=1;154=1;150=1;1101=1;153=2;160=1;152=3},100,{151=1;154=1;150=1;1101=1;153=1;160=1;152=4},100,,,,,,,,,,,,,,
1476,limit_box_rmb10_3211,,0,1,,,,,,,,,,{150=1;154=2;1101=1;153=2;160=1;152=3},100,{161=1;150=1;154=2;1101=1;153=1;160=1;152=3},100,{150=1;154=3;1101=1;153=1;160=1;152=3},100,{150=1;154=2;1101=1;153=1;160=1;152=4},100,{150=1;154=1;1101=1;153=2;160=1;152=4},100,{161=1;150=1;154=1;1101=1;153=1;160=1;152=4},100,{161=1;154=2;1101=1;153=1;150=1;152=4},100,{150=1;154=3;1101=1;153=1;160=1;152=3},,,,,
1480,limit_box_rmb1_3361,,3,10,,,,,,,,,,{150=1},100,,,,,,,,,,,,,,,,,,
1481,limit_box_rmb1_3361,,0,1,,,,,,,,,,{152=1},45,{153=1},15,{154=1},15,{160=1},15,{161=1},5,,,,,,,,,,
1491,limit_box_rmb10_3361,,1,10,0.04,0.09,,19,,,,,,{162=1;150=1;154=2;1101=1;153=1;160=1;152=3},100,{162=1;150=1;154=1;1101=1;153=2;160=1;152=3},100,{162=1;150=1;154=1;1101=1;153=1;160=1;152=4},100,,,,,,,,,,,,,,
1492,limit_box_rmb10_3361,,1,10,0.08,0.15,1,11,,,,,,{162=1;150=1;154=2;1101=1;153=1;160=1;152=3},100,{162=1;150=1;154=1;1101=1;153=2;160=1;152=3},100,{162=1;150=1;154=1;1101=1;153=1;160=1;152=4},100,,,,,,,,,,,,,,
1493,limit_box_rmb10_3361,,1,10,0.2,0.3,1,5,,,,,,{162=1;150=1;154=2;1101=1;153=1;160=1;152=3},100,{162=1;150=1;154=1;1101=1;153=2;160=1;152=3},100,{162=1;150=1;154=1;1101=1;153=1;160=1;152=4},100,,,,,,,,,,,,,,
1494,limit_box_rmb10_3361,,1,10,0.06,0.12,,6,,,,,,{151=1;154=2;150=1;1101=1;153=1;160=1;152=3},100,{151=1;154=1;150=1;1101=1;153=2;160=1;152=3},100,{151=1;154=1;150=1;1101=1;153=1;160=1;152=4},100,,,,,,,,,,,,,,
1495,limit_box_rmb10_3361,,1,10,0.2,0.3,1,2,,,,,,{151=1;154=2;150=1;1101=1;153=1;160=1;152=3},100,{151=1;154=1;150=1;1101=1;153=2;160=1;152=3},100,{151=1;154=1;150=1;1101=1;153=1;160=1;152=4},100,,,,,,,,,,,,,,
1496,limit_box_rmb10_3361,,0,1,,,,,,,,,,{150=1;154=2;1101=1;153=2;160=1;152=3},100,{161=1;150=1;154=2;1101=1;153=1;160=1;152=3},100,{150=1;154=3;1101=1;153=1;160=1;152=3},100,{150=1;154=2;1101=1;153=1;160=1;152=4},100,{150=1;154=1;1101=1;153=2;160=1;152=4},100,{161=1;150=1;154=1;1101=1;153=1;160=1;152=4},100,{161=1;154=2;1101=1;153=1;150=1;152=4},100,{150=1;154=3;1101=1;153=1;160=1;152=3},,,,,
2001,limit_up_rmb1_1071,,0,2,,,,,,,,,,{205=1},50,{206=1},50,,,,,,,,,,,,,,,,
2002,limit_up_rmb1_1071,,4,1,,,,,,,,,,{204=1},100,,,,,,,,,,,,,,,,,,
2003,limit_up_rmb1_1071,,,5,,,1,5,0.17,0.06,0.5,6,999999,{1200=1},100,,,,,,,,,,,,,,,,,,
2004,limit_up_rmb1_1071,,,6,,,10,10,0.05,0.015,0.5,15,15,{1200=1},100,,,,,,,,,,,,,,,,,,
2005,limit_up_rmb1_1071,,,160,,,,160,0.05,0.015,0.5,15,15,{1200=1},100,,,,,,,,,,,,,,,,,,
2011,limit_up_rmb10_1071,,4,1,,,,,,,,,,{205=3;206=6;1200=1},100,{205=4;206=5;1200=1},100,,,,,,,,,,,,,,,,
2012,limit_up_rmb10_1071,,0,2,,,20,,,,,,,{205=3;206=6;1200=1},150,{205=4;206=5;1200=1},100,{205=5;206=4;1200=1},50,{205=3;206=5;1200=2},30,{205=4;206=4;1200=2},20,{205=5;206=3;1200=2},10,{205=2;206=5;1200=3},,{205=3;206=4;1200=3},,{205=4;206=3;1200=3},,,
2013,limit_up_rmb10_1071,,0,22,,,,,,,,,,{205=3;206=6;1201=1},150,{205=4;206=5;1201=1},100,{205=5;206=4;1201=1},50,{205=3;206=5;1201=2},30,{205=4;206=4;1201=2},20,{205=5;206=3;1201=2},10,{205=2;206=5;1201=3},,{205=3;206=4;1201=3},,{205=4;206=3;1201=3},,,
2021,limit_up_rmb1_1161,,0,2,,,,,,,,,,{205=1},50,{206=1},50,,,,,,,,,,,,,,,,
2022,limit_up_rmb1_1161,,4,1,,,,,,,,,,{204=1},100,,,,,,,,,,,,,,,,,,
2023,limit_up_rmb1_1161,,,5,,,1,5,0.17,0.06,0.5,6,999999,{1202=1},100,,,,,,,,,,,,,,,,,,
2024,limit_up_rmb1_1161,,,6,,,10,10,0.05,0.015,0.5,15,15,{1202=1},100,,,,,,,,,,,,,,,,,,
2025,limit_up_rmb1_1161,,,160,,,,160,0.05,0.015,0.5,15,15,{1202=1},100,,,,,,,,,,,,,,,,,,
2031,limit_up_rmb10_1161,,4,1,,,,,,,,,,{205=3;206=6;1202=1},100,{205=4;206=5;1202=1},100,,,,,,,,,,,,,,,,
2032,limit_up_rmb10_1161,,0,2,,,20,,,,,,,{205=3;206=6;1202=1},150,{205=4;206=5;1202=1},100,{205=5;206=4;1202=1},50,{205=3;206=5;1202=2},30,{205=4;206=4;1202=2},20,{205=5;206=3;1202=2},10,{205=2;206=5;1202=3},,{205=3;206=4;1202=3},,{205=4;206=3;1202=3},,,
2033,limit_up_rmb10_1161,,0,22,,,,,,,,,,{205=3;206=6;1203=1},150,{205=4;206=5;1203=1},100,{205=5;206=4;1203=1},50,{205=3;206=5;1203=2},30,{205=4;206=4;1203=2},20,{205=5;206=3;1203=2},10,{205=2;206=5;1203=3},,{205=3;206=4;1203=3},,{205=4;206=3;1203=3},,,
2041,limit_up_rmb1_1251,,0,2,,,,,,,,,,{205=1},50,{206=1},50,,,,,,,,,,,,,,,,
2042,limit_up_rmb1_1251,,4,1,,,,,,,,,,{204=1},100,,,,,,,,,,,,,,,,,,
2043,limit_up_rmb1_1251,,,5,,,1,5,0.17,0.06,0.5,6,999999,{1204=1},100,,,,,,,,,,,,,,,,,,
2044,limit_up_rmb1_1251,,,6,,,10,10,0.05,0.015,0.5,15,15,{1204=1},100,,,,,,,,,,,,,,,,,,
2045,limit_up_rmb1_1251,,,160,,,,160,0.05,0.015,0.5,15,15,{1204=1},100,,,,,,,,,,,,,,,,,,
2051,limit_up_rmb10_1251,,4,1,,,,,,,,,,{205=3;206=6;1204=1},100,{205=4;206=5;1204=1},100,,,,,,,,,,,,,,,,
2052,limit_up_rmb10_1251,,0,2,,,20,,,,,,,{205=3;206=6;1204=1},150,{205=4;206=5;1204=1},100,{205=5;206=4;1204=1},50,{205=3;206=5;1204=2},30,{205=4;206=4;1204=2},20,{205=5;206=3;1204=2},10,{205=2;206=5;1204=3},,{205=3;206=4;1204=3},,{205=4;206=3;1204=3},,,
2053,limit_up_rmb10_1251,,0,22,,,,,,,,,,{205=3;206=6;1205=1},150,{205=4;206=5;1205=1},100,{205=5;206=4;1205=1},50,{205=3;206=5;1205=2},30,{205=4;206=4;1205=2},20,{205=5;206=3;1205=2},10,{205=2;206=5;1205=3},,{205=3;206=4;1205=3},,{205=4;206=3;1205=3},,,
2061,limit_up_rmb1_1330,,0,2,,,,,,,,,,{205=1},50,{206=1},50,,,,,,,,,,,,,,,,
2062,limit_up_rmb1_1330,,4,1,,,,,,,,,,{204=1},100,,,,,,,,,,,,,,,,,,
2063,limit_up_rmb1_1330,,,5,,,1,5,0.17,0.06,0.5,6,999999,{1200=1},100,,,,,,,,,,,,,,,,,,
2064,limit_up_rmb1_1330,,,6,,,10,10,0.05,0.015,0.5,15,15,{1200=1},100,,,,,,,,,,,,,,,,,,
2065,limit_up_rmb1_1330,,,160,,,,160,0.05,0.015,0.5,15,15,{1200=1},100,,,,,,,,,,,,,,,,,,
2071,limit_up_rmb10_1330,,4,1,,,,,,,,,,{205=3;206=6;1200=1},100,{205=4;206=5;1200=1},100,,,,,,,,,,,,,,,,
2072,limit_up_rmb10_1330,,0,2,,,20,,,,,,,{205=3;206=6;1200=1},150,{205=4;206=5;1200=1},100,{205=5;206=4;1200=1},50,{205=3;206=5;1200=2},30,{205=4;206=4;1200=2},20,{205=5;206=3;1200=2},10,{205=2;206=5;1200=3},,{205=3;206=4;1200=3},,{205=4;206=3;1200=3},,,
2073,limit_up_rmb10_1330,,0,22,,,,,,,,,,{205=3;206=6;1201=1},150,{205=4;206=5;1201=1},100,{205=5;206=4;1201=1},50,{205=3;206=5;1201=2},30,{205=4;206=4;1201=2},20,{205=5;206=3;1201=2},10,{205=2;206=5;1201=3},,{205=3;206=4;1201=3},,{205=4;206=3;1201=3},,,
5001,limit_rmb1_1256,,0,1,,,,,,,,,,{201=1},,{1105=1},200,{1107=1},625,{1111=1},150,,,,,,,,,,,,
5002,limit_rmb1_1256,,,1,,,,3,0.15,0.05,0.4,5,10,{201=1},1,,,,,,,,,,,,,,,,,,
5003,limit_rmb1_1256,,,70,,,1,63,0.1,0.05,0.4,9,99999,{1113=1},1,,,,,,,,,,,,,,,,,,
5004,limit_rmb1_1256,,,135,,,999,123,0.1,0.05,0.4,9,70,{1113=1},1,,,,,,,,,,,,,,,,,,
5011,limit_rmb1_1335,,0,1,,,,,,,,,,{201=1},,{1105=1},200,{1107=1},625,{1115=1},150,,,,,,,,,,,,
5012,limit_rmb1_1335,,,1,,,,3,0.15,0.05,0.4,5,10,{201=1},1,,,,,,,,,,,,,,,,,,
5013,limit_rmb1_1335,,,80,,,1,73,0.1,0.05,0.4,9,99999,{1114=1},1,,,,,,,,,,,,,,,,,,
5014,limit_rmb1_1335,,,155,,,999,144,0.1,0.05,0.4,9,71,{1114=1},1,,,,,,,,,,,,,,,,,,
5021,limit_rmb1_1385,,0,1,,,,,,,,,,{201=1},,{1105=1},200,{1107=1},625,{1117=1},150,,,,,,,,,,,,
5022,limit_rmb1_1385,,,1,,,,3,0.15,0.05,0.4,5,10,{201=1},1,,,,,,,,,,,,,,,,,,
5023,limit_rmb1_1385,,,80,,,1,73,0.1,0.05,0.4,9,99999,{1116=1},1,,,,,,,,,,,,,,,,,,
5024,limit_rmb1_1385,,,155,,,999,141,0.1,0.05,0.4,9,68,{1116=1},1,,,,,,,,,,,,,,,,,,
5031,limit_rmb1_1431,,0,1,,,,,,,,,,{201=1},,{1105=1},200,{1107=1},625,{1111=1},150,,,,,,,,,,,,
5032,limit_rmb1_1431,,,1,,,,3,0.15,0.05,0.4,5,10,{201=1},1,,,,,,,,,,,,,,,,,,
5033,limit_rmb1_1431,,,80,,,1,73,0.1,0.05,0.4,9,99999,{1113=1},1,,,,,,,,,,,,,,,,,,
5034,limit_rmb1_1431,,,155,,,999,144,0.1,0.05,0.4,9,71,{1113=1},1,,,,,,,,,,,,,,,,,,
5041,limit_rmb1_1516,,0,1,,,,,,,,,,{201=1},,{1105=1},200,{1107=1},625,{1115=1},150,,,,,,,,,,,,
5042,limit_rmb1_1516,,,1,,,,3,0.15,0.05,0.4,5,10,{201=1},1,,,,,,,,,,,,,,,,,,
5043,limit_rmb1_1516,,,70,,,1,73,0.1,0.05,0.4,9,99999,{1114=1},1,,,,,,,,,,,,,,,,,,
5044,limit_rmb1_1516,,,140,,,999,146,0.1,0.05,0.4,9,73,{1114=1},1,,,,,,,,,,,,,,,,,,
5051,limit_rmb1_1571,,0,1,,,,,,,,,,{201=1},,{1105=1},200,{1107=1},625,{1117=1},150,,,,,,,,,,,,
5052,limit_rmb1_1571,,,1,,,,3,0.15,0.05,0.4,5,10,{201=1},1,,,,,,,,,,,,,,,,,,
5053,limit_rmb1_1571,,,80,,,1,73,0.1,0.05,0.4,9,99999,{1116=1},1,,,,,,,,,,,,,,,,,,
5054,limit_rmb1_1571,,,155,,,999,144,0.1,0.05,0.4,9,71,{1116=1},1,,,,,,,,,,,,,,,,,,
5061,limit_rmb1_1581,,0,1,,,,,,,,,,{201=1},,{1105=1},200,{1107=1},625,{1119=1},150,,,,,,,,,,,,
5062,limit_rmb1_1581,,,1,,,,3,0.15,0.05,0.4,5,10,{201=1},1,,,,,,,,,,,,,,,,,,
5063,limit_rmb1_1581,,,80,,,1,73,0.1,0.05,0.4,9,99999,{1118=1},1,,,,,,,,,,,,,,,,,,
5064,limit_rmb1_1581,,,155,,,999,144,0.1,0.05,0.4,9,71,{1118=1},1,,,,,,,,,,,,,,,,,,
5071,limit_rmb1_1701,,0,1,,,,,,,,,,{201=1},,{1105=1},200,{1107=1},625,{1115=1},150,,,,,,,,,,,,
5072,limit_rmb1_1701,,,1,,,,3,0.15,0.05,0.4,5,10,{201=1},1,,,,,,,,,,,,,,,,,,
5073,limit_rmb1_1701,,,80,,,1,73,0.1,0.05,0.4,9,99999,{1114=1},1,,,,,,,,,,,,,,,,,,
5074,limit_rmb1_1701,,,155,,,999,144,0.1,0.05,0.4,9,71,{1114=1},1,,,,,,,,,,,,,,,,,,
5081,limit_rmb1_1810,,0,1,,,,,,,,,,{201=1},,{1105=1},200,{1107=1},625,{1119=1},150,,,,,,,,,,,,
5082,limit_rmb1_1810,,,1,,,,3,0.15,0.05,0.4,5,10,{201=1},1,,,,,,,,,,,,,,,,,,
5083,limit_rmb1_1810,,,80,,,1,73,0.1,0.05,0.4,9,99999,{1118=1},1,,,,,,,,,,,,,,,,,,
5084,limit_rmb1_1810,,,155,,,999,144,0.1,0.05,0.4,9,71,{1118=1},1,,,,,,,,,,,,,,,,,,
5091,limit_rmb1_1890,,0,1,,,,,,,,,,{201=1},,{1105=1},200,{1107=1},625,{1151=1},150,,,,,,,,,,,,
5092,limit_rmb1_1890,,,1,,,,3,0.15,0.05,0.4,5,10,{201=1},1,,,,,,,,,,,,,,,,,,
5093,limit_rmb1_1890,,,80,,,1,73,0.1,0.05,0.4,9,99999,{1150=1},1,,,,,,,,,,,,,,,,,,
5094,limit_rmb1_1890,,,155,,,999,144,0.1,0.05,0.4,9,71,{1150=1},1,,,,,,,,,,,,,,,,,,
5101,limit_rmb1_1980,,0,1,,,,,,,,,,{201=1},,{1105=1},200,{1107=1},625,{1153=1},150,,,,,,,,,,,,
5102,limit_rmb1_1980,,,1,,,,3,0.15,0.05,0.4,5,10,{201=1},1,,,,,,,,,,,,,,,,,,
5103,limit_rmb1_1980,,,80,,,1,73,0.1,0.05,0.4,9,99999,{1152=1},1,,,,,,,,,,,,,,,,,,
5104,limit_rmb1_1980,,,155,,,999,144,0.1,0.05,0.4,9,71,{1152=1},1,,,,,,,,,,,,,,,,,,
5111,limit_rmb1_2080,,0,1,,,,,,,,,,{201=1},,{1105=1},200,{1107=1},625,{1155=1},150,,,,,,,,,,,,
5112,limit_rmb1_2080,,,1,,,,3,0.15,0.05,0.4,5,10,{201=1},1,,,,,,,,,,,,,,,,,,
5113,limit_rmb1_2080,,,80,,,1,73,0.1,0.05,0.4,9,99999,{1154=1},1,,,,,,,,,,,,,,,,,,
5114,limit_rmb1_2080,,,155,,,999,144,0.1,0.05,0.4,9,71,{1154=1},1,,,,,,,,,,,,,,,,,,
5121,limit_rmb1_2140,,0,1,,,,,,,,,,{201=1},,{1105=1},200,{1107=1},625,{1157=1},150,,,,,,,,,,,,
5122,limit_rmb1_2140,,,1,,,,3,0.15,0.05,0.4,5,10,{201=1},1,,,,,,,,,,,,,,,,,,
5123,limit_rmb1_2140,,,80,,,1,73,0.1,0.05,0.4,9,99999,{1156=1},1,,,,,,,,,,,,,,,,,,
5124,limit_rmb1_2140,,,155,,,999,144,0.1,0.05,0.4,9,71,{1156=1},1,,,,,,,,,,,,,,,,,,
5131,limit_rmb1_2260,,0,1,,,,,,,,,,{201=1},,{1105=1},200,{1107=1},625,{1159=1},150,,,,,,,,,,,,
5132,limit_rmb1_2260,,,1,,,,3,0.15,0.05,0.4,5,10,{201=1},1,,,,,,,,,,,,,,,,,,
5133,limit_rmb1_2260,,,80,,,1,73,0.1,0.05,0.4,9,99999,{1158=1},1,,,,,,,,,,,,,,,,,,
5134,limit_rmb1_2260,,,155,,,999,144,0.1,0.05,0.4,9,71,{1158=1},1,,,,,,,,,,,,,,,,,,
5141,limit_rmb1_2340,,0,1,,,,,,,,,,{201=1},,{1105=1},200,{1107=1},625,{1161=1},150,,,,,,,,,,,,
5142,limit_rmb1_2340,,,1,,,,3,0.15,0.05,0.4,5,10,{201=1},1,,,,,,,,,,,,,,,,,,
5143,limit_rmb1_2340,,,80,,,1,73,0.1,0.05,0.4,9,99999,{1160=1},1,,,,,,,,,,,,,,,,,,
5144,limit_rmb1_2340,,,155,,,999,144,0.1,0.05,0.4,9,71,{1160=1},1,,,,,,,,,,,,,,,,,,
5151,limit_rmb1_2350,,0,1,,,,,,,,,,{201=1},,{1105=1},200,{1107=1},625,{1163=1},150,,,,,,,,,,,,
5152,limit_rmb1_2350,,,1,,,,3,0.15,0.05,0.4,5,10,{201=1},1,,,,,,,,,,,,,,,,,,
5153,limit_rmb1_2350,,,80,,,1,73,0.1,0.05,0.4,9,99999,{1162=1},1,,,,,,,,,,,,,,,,,,
5154,limit_rmb1_2350,,,155,,,999,144,0.1,0.05,0.4,9,71,{1162=1},1,,,,,,,,,,,,,,,,,,
5161,limit_rmb1_2430,,0,1,,,,,,,,,,{201=1},,{1105=1},200,{1107=1},625,{1165=1},150,,,,,,,,,,,,
5162,limit_rmb1_2430,,,1,,,,3,0.15,0.05,0.4,5,10,{201=1},1,,,,,,,,,,,,,,,,,,
5163,limit_rmb1_2430,,,80,,,1,73,0.1,0.05,0.4,9,99999,{1164=1},1,,,,,,,,,,,,,,,,,,
5164,limit_rmb1_2430,,,155,,,999,144,0.1,0.05,0.4,9,71,{1164=1},1,,,,,,,,,,,,,,,,,,
5171,limit_rmb1_2510,,0,1,,,,,,,,,,{201=1},,{1105=1},200,{1107=1},625,{1167=1},150,,,,,,,,,,,,
5172,limit_rmb1_2510,,,1,,,,3,0.15,0.05,0.4,5,10,{201=1},1,,,,,,,,,,,,,,,,,,
5173,limit_rmb1_2510,,,80,,,1,73,0.1,0.05,0.4,9,99999,{1166=1},1,,,,,,,,,,,,,,,,,,
5174,limit_rmb1_2510,,,155,,,999,144,0.1,0.05,0.4,9,71,{1166=1},1,,,,,,,,,,,,,,,,,,
5181,limit_rmb1_2540,,0,1,,,,,,,,,,{201=1},,{1105=1},200,{1107=1},625,{1169=1},150,,,,,,,,,,,,
5182,limit_rmb1_2540,,,1,,,,3,0.15,0.05,0.4,5,10,{201=1},1,,,,,,,,,,,,,,,,,,
5183,limit_rmb1_2540,,,80,,,1,73,0.1,0.05,0.4,9,99999,{1168=1},1,,,,,,,,,,,,,,,,,,
5184,limit_rmb1_2540,,,155,,,999,144,0.1,0.05,0.4,9,71,{1168=1},1,,,,,,,,,,,,,,,,,,
5191,limit_rmb1_2640,,0,1,,,,,,,,,,{201=1},,{1105=1},200,{1107=1},625,{1171=1},150,,,,,,,,,,,,
5192,limit_rmb1_2640,,,1,,,,3,0.15,0.05,0.4,5,10,{201=1},1,,,,,,,,,,,,,,,,,,
5193,limit_rmb1_2640,,,80,,,1,73,0.1,0.05,0.4,9,99999,{1170=1},1,,,,,,,,,,,,,,,,,,
5194,limit_rmb1_2640,,,155,,,999,144,0.1,0.05,0.4,9,71,{1170=1},1,,,,,,,,,,,,,,,,,,
5201,limit_rmb1_2650,,0,1,,,,,,,,,,{201=1},,{1105=1},200,{1107=1},625,{1173=1},150,,,,,,,,,,,,
5202,limit_rmb1_2650,,,1,,,,3,0.15,0.05,0.4,5,10,{201=1},1,,,,,,,,,,,,,,,,,,
5203,limit_rmb1_2650,,,80,,,1,73,0.1,0.05,0.4,9,99999,{1172=1},1,,,,,,,,,,,,,,,,,,
5204,limit_rmb1_2650,,,155,,,999,144,0.1,0.05,0.4,9,71,{1172=1},1,,,,,,,,,,,,,,,,,,
5211,limit_rmb1_2710,,0,1,,,,,,,,,,{201=1},,{1105=1},200,{1107=1},625,{1177=1},150,,,,,,,,,,,,
5212,limit_rmb1_2710,,,1,,,,3,0.15,0.05,0.4,5,10,{201=1},1,,,,,,,,,,,,,,,,,,
5213,limit_rmb1_2710,,,80,,,1,73,0.1,0.05,0.4,9,99999,{1176=1},1,,,,,,,,,,,,,,,,,,
5214,limit_rmb1_2710,,,155,,,999,144,0.1,0.05,0.4,9,71,{1176=1},1,,,,,,,,,,,,,,,,,,
5221,limit_rmb1_2720,,0,1,,,,,,,,,,{201=1},,{1105=1},200,{1107=1},625,{1175=1},150,,,,,,,,,,,,
5222,limit_rmb1_2720,,,1,,,,3,0.15,0.05,0.4,5,10,{201=1},1,,,,,,,,,,,,,,,,,,
5223,limit_rmb1_2720,,,80,,,1,73,0.1,0.05,0.4,9,99999,{1174=1},1,,,,,,,,,,,,,,,,,,
5224,limit_rmb1_2720,,,155,,,999,144,0.1,0.05,0.4,9,71,{1174=1},1,,,,,,,,,,,,,,,,,,
5231,limit_rmb1_2780,,0,1,,,,,,,,,,{201=1},,{1105=1},200,{1107=1},625,{1179=1},150,,,,,,,,,,,,
5232,limit_rmb1_2780,,,1,,,,3,0.15,0.05,0.4,5,10,{201=1},1,,,,,,,,,,,,,,,,,,
5233,limit_rmb1_2780,,,80,,,1,73,0.1,0.05,0.4,9,99999,{1178=1},1,,,,,,,,,,,,,,,,,,
5234,limit_rmb1_2780,,,155,,,999,144,0.1,0.05,0.4,9,71,{1178=1},1,,,,,,,,,,,,,,,,,,
5241,limit_rmb1_2810,,0,1,,,,,,,,,,{201=1},,{1105=1},200,{1107=1},625,{1181=1},150,,,,,,,,,,,,
5242,limit_rmb1_2810,,,1,,,,3,0.15,0.05,0.4,5,10,{201=1},1,,,,,,,,,,,,,,,,,,
5243,limit_rmb1_2810,,,80,,,1,73,0.1,0.05,0.4,9,99999,{1180=1},1,,,,,,,,,,,,,,,,,,
5244,limit_rmb1_2810,,,155,,,999,144,0.1,0.05,0.4,9,71,{1180=1},1,,,,,,,,,,,,,,,,,,
5251,limit_rmb1_2820,,0,1,,,,,,,,,,{201=1},,{1105=1},200,{1107=1},625,{1183=1},150,,,,,,,,,,,,
5252,limit_rmb1_2820,,,1,,,,3,0.15,0.05,0.4,5,10,{201=1},1,,,,,,,,,,,,,,,,,,
5253,limit_rmb1_2820,,,80,,,1,73,0.1,0.05,0.4,9,99999,{1182=1},1,,,,,,,,,,,,,,,,,,
5254,limit_rmb1_2820,,,155,,,999,144,0.1,0.05,0.4,9,71,{1182=1},1,,,,,,,,,,,,,,,,,,
5260,limit_rmb1_2890,,0,1,,,,,,,,,,{201=1},,{1105=1},200,{1107=1},625,{1157=1},150,,,,,,,,,,,,
5261,limit_rmb1_2890,,,1,,,,3,0.15,0.05,0.4,5,10,{201=1},1,,,,,,,,,,,,,,,,,,
5262,limit_rmb1_2890,,,80,,,1,73,0.1,0.05,0.4,9,99999,{1156=1},1,,,,,,,,,,,,,,,,,,
5263,limit_rmb1_2890,,,155,,,999,144,0.1,0.05,0.4,9,71,{1156=1},1,,,,,,,,,,,,,,,,,,
5270,limit_rmb1_2910,,0,1,,,,,,,,,,{201=1},,{1105=1},200,{1107=1},625,{1185=1},150,,,,,,,,,,,,
5271,limit_rmb1_2910,,,1,,,,3,0.15,0.05,0.4,5,10,{201=1},1,,,,,,,,,,,,,,,,,,
5272,limit_rmb1_2910,,,80,,,1,73,0.1,0.05,0.4,9,99999,{1184=1},1,,,,,,,,,,,,,,,,,,
5273,limit_rmb1_2910,,,155,,,999,144,0.1,0.05,0.4,9,71,{1184=1},1,,,,,,,,,,,,,,,,,,
5280,limit_rmb1_2970,,0,1,,,,,,,,,,{201=1},,{1105=1},200,{1107=1},625,{1187=1},150,,,,,,,,,,,,
5281,limit_rmb1_2970,,,1,,,,3,0.15,0.05,0.4,5,10,{201=1},1,,,,,,,,,,,,,,,,,,
5282,limit_rmb1_2970,,,80,,,1,73,0.1,0.05,0.4,9,99999,{1186=1},1,,,,,,,,,,,,,,,,,,
5283,limit_rmb1_2970,,,155,,,999,144,0.1,0.05,0.4,9,71,{1186=1},1,,,,,,,,,,,,,,,,,,
5290,limit_rmb1_3000,,0,1,,,,,,,,,,{201=1},,{1105=1},200,{1107=1},625,{1189=1},150,,,,,,,,,,,,
5291,limit_rmb1_3000,,,1,,,,3,0.15,0.05,0.4,5,10,{201=1},1,,,,,,,,,,,,,,,,,,
5292,limit_rmb1_3000,,,80,,,1,73,0.1,0.05,0.4,9,99999,{1188=1},1,,,,,,,,,,,,,,,,,,
5293,limit_rmb1_3000,,,155,,,999,144,0.1,0.05,0.4,9,71,{1188=1},1,,,,,,,,,,,,,,,,,,
5300,limit_rmb1_3070,,0,1,,,,,,,,,,{201=1},,{1105=1},200,{1107=1},625,{1704=1},150,,,,,,,,,,,,
5301,limit_rmb1_3070,,,1,,,,3,0.15,0.05,0.4,5,10,{201=1},1,,,,,,,,,,,,,,,,,,
5302,limit_rmb1_3070,,,80,,,1,73,0.1,0.05,0.4,9,99999,{1703=1},1,,,,,,,,,,,,,,,,,,
5303,limit_rmb1_3070,,,155,,,999,144,0.1,0.05,0.4,9,71,{1703=1},1,,,,,,,,,,,,,,,,,,
5310,limit_rmb1_3080,,0,1,,,,,,,,,,{201=1},,{1105=1},200,{1107=1},625,{1706=1},150,,,,,,,,,,,,
5311,limit_rmb1_3080,,,1,,,,3,0.15,0.05,0.4,5,10,{201=1},1,,,,,,,,,,,,,,,,,,
5312,limit_rmb1_3080,,,80,,,1,73,0.1,0.05,0.4,9,99999,{1705=1},1,,,,,,,,,,,,,,,,,,
5313,limit_rmb1_3080,,,155,,,999,144,0.1,0.05,0.4,9,71,{1705=1},1,,,,,,,,,,,,,,,,,,
5320,limit_rmb1_3130,,0,1,,,,,,,,,,{201=1},,{1105=1},200,{1107=1},625,{1708=1},150,,,,,,,,,,,,
5321,limit_rmb1_3130,,,1,,,,3,0.15,0.05,0.4,5,10,{201=1},1,,,,,,,,,,,,,,,,,,
5322,limit_rmb1_3130,,,80,,,1,73,0.1,0.05,0.4,9,99999,{1707=1},1,,,,,,,,,,,,,,,,,,
5323,limit_rmb1_3130,,,155,,,999,144,0.1,0.05,0.4,9,71,{1707=1},1,,,,,,,,,,,,,,,,,,
5330,limit_rmb1_3150,,0,1,,,,,,,,,,{201=1},,{1105=1},200,{1107=1},625,{1710=1},150,,,,,,,,,,,,
5331,limit_rmb1_3150,,,1,,,,3,0.15,0.05,0.4,5,10,{201=1},1,,,,,,,,,,,,,,,,,,
5332,limit_rmb1_3150,,,80,,,1,73,0.1,0.05,0.4,9,99999,{1709=1},1,,,,,,,,,,,,,,,,,,
5333,limit_rmb1_3150,,,155,,,999,144,0.1,0.05,0.4,9,71,{1709=1},1,,,,,,,,,,,,,,,,,,
5340,limit_rmb1_3160,,0,1,,,,,,,,,,{201=1},,{1105=1},200,{1107=1},625,{1712=1},150,,,,,,,,,,,,
5341,limit_rmb1_3160,,,1,,,,3,0.15,0.05,0.4,5,10,{201=1},1,,,,,,,,,,,,,,,,,,
5342,limit_rmb1_3160,,,80,,,1,73,0.1,0.05,0.4,9,99999,{1711=1},1,,,,,,,,,,,,,,,,,,
5343,limit_rmb1_3160,,,155,,,999,144,0.1,0.05,0.4,9,71,{1711=1},1,,,,,,,,,,,,,,,,,,
5350,limit_rmb1_3220,,0,1,,,,,,,,,,{201=1},,{1105=1},200,{1107=1},625,{1714=1},150,,,,,,,,,,,,
5351,limit_rmb1_3220,,,1,,,,3,0.15,0.05,0.4,5,10,{201=1},1,,,,,,,,,,,,,,,,,,
5352,limit_rmb1_3220,,,80,,,1,73,0.1,0.05,0.4,9,99999,{1713=1},1,,,,,,,,,,,,,,,,,,
5353,limit_rmb1_3220,,,155,,,999,144,0.1,0.05,0.4,9,71,{1713=1},1,,,,,,,,,,,,,,,,,,
5360,limit_rmb1_3250,,0,1,,,,,,,,,,{201=1},,{1105=1},200,{1107=1},625,{1716=1},150,,,,,,,,,,,,
5361,limit_rmb1_3250,,,1,,,,3,0.15,0.05,0.4,5,10,{201=1},1,,,,,,,,,,,,,,,,,,
5362,limit_rmb1_3250,,,80,,,1,73,0.1,0.05,0.4,9,99999,{1715=1},1,,,,,,,,,,,,,,,,,,
5363,limit_rmb1_3250,,,155,,,999,144,0.1,0.05,0.4,9,71,{1715=1},1,,,,,,,,,,,,,,,,,,
5370,limit_rmb1_3290,,0,1,,,,,,,,,,{201=1},,{1105=1},200,{1107=1},625,{1716=1},150,,,,,,,,,,,,
5371,limit_rmb1_3290,,,1,,,,3,0.15,0.05,0.4,5,10,{201=1},1,,,,,,,,,,,,,,,,,,
5372,limit_rmb1_3290,,,80,,,1,73,0.1,0.05,0.4,9,99999,{1715=1},1,,,,,,,,,,,,,,,,,,
5373,limit_rmb1_3290,,,155,,,999,144,0.1,0.05,0.4,9,71,{1715=1},1,,,,,,,,,,,,,,,,,,
5380,limit_rmb1_3300,,0,1,,,,,,,,,,{201=1},,{1105=1},200,{1107=1},625,{1718=1},150,,,,,,,,,,,,
5381,limit_rmb1_3300,,,1,,,,3,0.15,0.05,0.4,5,10,{201=1},1,,,,,,,,,,,,,,,,,,
5382,limit_rmb1_3300,,,80,,,1,73,0.1,0.05,0.4,9,99999,{1717=1},1,,,,,,,,,,,,,,,,,,
5383,limit_rmb1_3300,,,155,,,999,144,0.1,0.05,0.4,9,71,{1717=1},1,,,,,,,,,,,,,,,,,,
5390,limit_rmb1_3340,,0,1,,,,,,,,,,{201=1},,{1105=1},200,{1107=1},625,{1163=1},150,,,,,,,,,,,,
5391,limit_rmb1_3340,,,1,,,,3,0.15,0.05,0.4,5,10,{201=1},1,,,,,,,,,,,,,,,,,,
5392,limit_rmb1_3340,,,80,,,1,73,0.1,0.05,0.4,9,99999,{1162=1},1,,,,,,,,,,,,,,,,,,
5393,limit_rmb1_3340,,,155,,,999,144,0.1,0.05,0.4,9,71,{1162=1},1,,,,,,,,,,,,,,,,,,
5400,limit_rmb1_3356,,0,1,,,,,,,,,,{201=1},,{1105=1},200,{1107=1},625,{1121=1},150,,,,,,,,,,,,
5401,limit_rmb1_3356,,,1,,,,3,0.15,0.05,0.4,5,10,{201=1},1,,,,,,,,,,,,,,,,,,
5402,limit_rmb1_3356,,,80,,,1,73,0.1,0.05,0.4,9,99999,{1120=1},1,,,,,,,,,,,,,,,,,,
5403,limit_rmb1_3356,,,155,,,999,144,0.1,0.05,0.4,9,71,{1120=1},1,,,,,,,,,,,,,,,,,,
5410,limit_rmb1_40001,,0,1,,,,,,,,,,{201=1},,{1105=1},200,{1107=1},625,{1151=1},150,,,,,,,,,,,,
5411,limit_rmb1_40001,,,1,,,,3,0.15,0.05,0.4,5,10,{201=1},1,,,,,,,,,,,,,,,,,,
5412,limit_rmb1_40001,,,80,,,1,73,0.1,0.05,0.4,9,99999,{1150=1},1,,,,,,,,,,,,,,,,,,
5413,limit_rmb1_40001,,,155,,,999,144,0.1,0.05,0.4,9,71,{1150=1},1,,,,,,,,,,,,,,,,,,
5420,limit_rmb1_40011,,0,1,,,,,,,,,,{201=1},,{1105=1},200,{1107=1},625,{1153=1},150,,,,,,,,,,,,
5421,limit_rmb1_40011,,,1,,,,3,0.15,0.05,0.4,5,10,{201=1},1,,,,,,,,,,,,,,,,,,
5422,limit_rmb1_40011,,,80,,,1,73,0.1,0.05,0.4,9,99999,{1152=1},1,,,,,,,,,,,,,,,,,,
5423,limit_rmb1_40011,,,155,,,999,144,0.1,0.05,0.4,9,71,{1152=1},1,,,,,,,,,,,,,,,,,,
5430,limit_rmb1_40021,,0,1,,,,,,,,,,{201=1},,{1105=1},200,{1107=1},625,{1155=1},150,,,,,,,,,,,,
5431,limit_rmb1_40021,,,1,,,,3,0.15,0.05,0.4,5,10,{201=1},1,,,,,,,,,,,,,,,,,,
5432,limit_rmb1_40021,,,80,,,1,73,0.1,0.05,0.4,9,99999,{1154=1},1,,,,,,,,,,,,,,,,,,
5433,limit_rmb1_40021,,,155,,,999,144,0.1,0.05,0.4,9,71,{1154=1},1,,,,,,,,,,,,,,,,,,
5440,limit_rmb1_40031,,0,1,,,,,,,,,,{201=1},,{1105=1},200,{1107=1},625,{1157=1},150,,,,,,,,,,,,
5441,limit_rmb1_40031,,,1,,,,3,0.15,0.05,0.4,5,10,{201=1},1,,,,,,,,,,,,,,,,,,
5442,limit_rmb1_40031,,,80,,,1,73,0.1,0.05,0.4,9,99999,{1156=1},1,,,,,,,,,,,,,,,,,,
5443,limit_rmb1_40031,,,155,,,999,144,0.1,0.05,0.4,9,71,{1156=1},1,,,,,,,,,,,,,,,,,,
5450,limit_rmb1_40041,,0,1,,,,,,,,,,{201=1},,{1105=1},200,{1107=1},625,{1151=1},150,,,,,,,,,,,,
5451,limit_rmb1_40041,,,1,,,,3,0.15,0.05,0.4,5,10,{201=1},1,,,,,,,,,,,,,,,,,,
5452,limit_rmb1_40041,,,80,,,1,73,0.1,0.05,0.4,9,99999,{1150=1},1,,,,,,,,,,,,,,,,,,
5453,limit_rmb1_40041,,,155,,,999,144,0.1,0.05,0.4,9,71,{1150=1},1,,,,,,,,,,,,,,,,,,
5460,limit_rmb1_40051,,0,1,,,,,,,,,,{201=1},,{1105=1},200,{1107=1},625,{1153=1},150,,,,,,,,,,,,
5461,limit_rmb1_40051,,,1,,,,3,0.15,0.05,0.4,5,10,{201=1},1,,,,,,,,,,,,,,,,,,
5462,limit_rmb1_40051,,,80,,,1,73,0.1,0.05,0.4,9,99999,{1152=1},1,,,,,,,,,,,,,,,,,,
5463,limit_rmb1_40051,,,155,,,999,144,0.1,0.05,0.4,9,71,{1152=1},1,,,,,,,,,,,,,,,,,,
5470,limit_rmb1_40061,,0,1,,,,,,,,,,{201=1},,{1105=1},200,{1107=1},625,{1155=1},150,,,,,,,,,,,,
5471,limit_rmb1_40061,,,1,,,,3,0.15,0.05,0.4,5,10,{201=1},1,,,,,,,,,,,,,,,,,,
5472,limit_rmb1_40061,,,80,,,1,73,0.1,0.05,0.4,9,99999,{1154=1},1,,,,,,,,,,,,,,,,,,
5473,limit_rmb1_40061,,,155,,,999,144,0.1,0.05,0.4,9,71,{1154=1},1,,,,,,,,,,,,,,,,,,
5480,limit_rmb1_40071,,0,1,,,,,,,,,,{201=1},,{1105=1},200,{1107=1},625,{1157=1},150,,,,,,,,,,,,
5481,limit_rmb1_40071,,,1,,,,3,0.15,0.05,0.4,5,10,{201=1},1,,,,,,,,,,,,,,,,,,
5482,limit_rmb1_40071,,,80,,,1,73,0.1,0.05,0.4,9,99999,{1156=1},1,,,,,,,,,,,,,,,,,,
5483,limit_rmb1_40071,,,155,,,999,144,0.1,0.05,0.4,9,71,{1156=1},1,,,,,,,,,,,,,,,,,,
7000,limit_rmb1_2900,,0,1,,,,,,,,,,{201=1},,{1105=1},200,{1107=1},625,{1702=1},150,,,,,,,,,,,,
7001,limit_rmb1_2900,,,1,,,,3,0.15,0.05,0.4,5,10,{201=1},1,,,,,,,,,,,,,,,,,,
7002,limit_rmb1_2900,,,80,,,1,73,0.1,0.05,0.4,9,99999,{1701=1},1,,,,,,,,,,,,,,,,,,
7003,limit_rmb1_2900,,,155,,,999,144,0.1,0.05,0.4,9,71,{1701=1},1,,,,,,,,,,,,,,,,,,
11880,limit_up_rmb1_15641,,0,2,,,,,,,,,,{205=1},50,{206=1},50,,,,,,,,,,,,,,,,
11881,limit_up_rmb1_15641,,4,1,,,,,,,,,,{204=1},100,,,,,,,,,,,,,,,,,,
11882,limit_up_rmb1_15641,,,5,,,1,5,0.17,0.06,0.5,6,999999,{1218=1},100,,,,,,,,,,,,,,,,,,
11883,limit_up_rmb1_15641,,,6,,,10,10,0.05,0.015,0.5,15,15,{1218=1},100,,,,,,,,,,,,,,,,,,
11884,limit_up_rmb1_15641,,,160,,,,160,0.05,0.015,0.5,15,15,{1218=1},100,,,,,,,,,,,,,,,,,,
11890,limit_up_rmb10_15641,,4,1,,,,,,,,,,{205=3;206=6;1218=1},100,{205=4;206=5;1218=1},100,,,,,,,,,,,,,,,,
11891,limit_up_rmb10_15641,,0,2,,,20,,,,,,,{205=3;206=6;1218=1},150,{205=4;206=5;1218=1},100,{205=5;206=4;1218=1},50,{205=3;206=5;1218=2},30,{205=4;206=4;1218=2},20,{205=5;206=3;1218=2},10,{205=2;206=5;1218=3},,{205=3;206=4;1218=3},,{205=4;206=3;1218=3},,,
11892,limit_up_rmb10_15641,,0,22,,,,,,,,,,{205=3;206=6;1219=1},150,{205=4;206=5;1219=1},100,{205=5;206=4;1219=1},50,{205=3;206=5;1219=2},30,{205=4;206=4;1219=2},20,{205=5;206=3;1219=2},10,{205=2;206=5;1219=3},,{205=3;206=4;1219=3},,{205=4;206=3;1219=3},,,
11900,limit_up_rmb1_15651,,0,2,,,,,,,,,,{205=1},50,{206=1},50,,,,,,,,,,,,,,,,
11901,limit_up_rmb1_15651,,4,1,,,,,,,,,,{204=1},100,,,,,,,,,,,,,,,,,,
11902,limit_up_rmb1_15651,,,5,,,1,5,0.17,0.06,0.5,6,999999,{1204=1},100,,,,,,,,,,,,,,,,,,
11903,limit_up_rmb1_15651,,,6,,,10,10,0.05,0.015,0.5,15,15,{1204=1},100,,,,,,,,,,,,,,,,,,
11904,limit_up_rmb1_15651,,,160,,,,160,0.05,0.015,0.5,15,15,{1204=1},100,,,,,,,,,,,,,,,,,,
11910,limit_up_rmb10_15651,,4,1,,,,,,,,,,{205=3;206=6;1204=1},100,{205=4;206=5;1204=1},100,,,,,,,,,,,,,,,,
11911,limit_up_rmb10_15651,,0,2,,,20,,,,,,,{205=3;206=6;1204=1},150,{205=4;206=5;1204=1},100,{205=5;206=4;1204=1},50,{205=3;206=5;1204=2},30,{205=4;206=4;1204=2},20,{205=5;206=3;1204=2},10,{205=2;206=5;1204=3},,{205=3;206=4;1204=3},,{205=4;206=3;1204=3},,,
11912,limit_up_rmb10_15651,,0,22,,,,,,,,,,{205=3;206=6;1205=1},150,{205=4;206=5;1205=1},100,{205=5;206=4;1205=1},50,{205=3;206=5;1205=2},30,{205=4;206=4;1205=2},20,{205=5;206=3;1205=2},10,{205=2;206=5;1205=3},,{205=3;206=4;1205=3},,{205=4;206=3;1205=3},,,
11920,limit_up_rmb1_15661,,0,2,,,,,,,,,,{205=1},50,{206=1},50,,,,,,,,,,,,,,,,
11921,limit_up_rmb1_15661,,4,1,,,,,,,,,,{204=1},100,,,,,,,,,,,,,,,,,,
11922,limit_up_rmb1_15661,,,5,,,1,5,0.17,0.06,0.5,6,999999,{1206=1},100,,,,,,,,,,,,,,,,,,
11923,limit_up_rmb1_15661,,,6,,,10,10,0.05,0.015,0.5,15,15,{1206=1},100,,,,,,,,,,,,,,,,,,
11924,limit_up_rmb1_15661,,,160,,,,160,0.05,0.015,0.5,15,15,{1206=1},100,,,,,,,,,,,,,,,,,,
11930,limit_up_rmb10_15661,,4,1,,,,,,,,,,{205=3;206=6;1206=1},100,{205=4;206=5;1206=1},100,,,,,,,,,,,,,,,,
11931,limit_up_rmb10_15661,,0,2,,,20,,,,,,,{205=3;206=6;1206=1},150,{205=4;206=5;1206=1},100,{205=5;206=4;1206=1},50,{205=3;206=5;1206=2},30,{205=4;206=4;1206=2},20,{205=5;206=3;1206=2},10,{205=2;206=5;1206=3},,{205=3;206=4;1206=3},,{205=4;206=3;1206=3},,,
11932,limit_up_rmb10_15661,,0,22,,,,,,,,,,{205=3;206=6;1207=1},150,{205=4;206=5;1207=1},100,{205=5;206=4;1207=1},50,{205=3;206=5;1207=2},30,{205=4;206=4;1207=2},20,{205=5;206=3;1207=2},10,{205=2;206=5;1207=3},,{205=3;206=4;1207=3},,{205=4;206=3;1207=3},,,
11940,limit_up_rmb1_15671,,0,2,,,,,,,,,,{205=1},50,{206=1},50,,,,,,,,,,,,,,,,
11941,limit_up_rmb1_15671,,4,1,,,,,,,,,,{204=1},100,,,,,,,,,,,,,,,,,,
11942,limit_up_rmb1_15671,,,5,,,1,5,0.17,0.06,0.5,6,999999,{1208=1},100,,,,,,,,,,,,,,,,,,
11943,limit_up_rmb1_15671,,,6,,,10,10,0.05,0.015,0.5,15,15,{1208=1},100,,,,,,,,,,,,,,,,,,
11944,limit_up_rmb1_15671,,,160,,,,160,0.05,0.015,0.5,15,15,{1208=1},100,,,,,,,,,,,,,,,,,,
11950,limit_up_rmb10_15671,,4,1,,,,,,,,,,{205=3;1208=1;206=6},100,{205=4;1208=1;206=5},100,,,,,,,,,,,,,,,,
11951,limit_up_rmb10_15671,,0,2,,,20,,,,,,,{205=3;1208=1;206=6},150,{205=4;1208=1;206=5},100,{205=5;1208=1;206=4},50,{205=3;1208=2;206=5},30,{205=4;1208=2;206=4},20,{205=5;1208=2;206=3},10,{205=2;1208=3;206=5},,{205=3;1208=3;206=4},,{205=4;1208=3;206=3},,,
11952,limit_up_rmb10_15671,,0,22,,,,,,,,,,{205=3;1209=1;206=6},150,{205=4;1209=1;206=5},100,{205=5;1209=1;206=4},50,{205=3;1209=2;206=5},30,{205=4;1209=2;206=4},20,{205=5;1209=2;206=3},10,{205=2;1209=3;206=5},,{205=3;1209=3;206=4},,{205=4;1209=3;206=3},,,
11960,limit_up_rmb1_15681,,0,2,,,,,,,,,,{205=1},50,{206=1},50,,,,,,,,,,,,,,,,
11961,limit_up_rmb1_15681,,4,1,,,,,,,,,,{204=1},100,,,,,,,,,,,,,,,,,,
11962,limit_up_rmb1_15681,,,5,,,1,5,0.17,0.06,0.5,6,999999,{1210=1},100,,,,,,,,,,,,,,,,,,
11963,limit_up_rmb1_15681,,,6,,,10,10,0.05,0.015,0.5,15,15,{1210=1},100,,,,,,,,,,,,,,,,,,
11964,limit_up_rmb1_15681,,,160,,,,160,0.05,0.015,0.5,15,15,{1210=1},100,,,,,,,,,,,,,,,,,,
11970,limit_up_rmb10_15681,,4,1,,,,,,,,,,{205=3;1210=1;206=6},100,{205=4;1210=1;206=5},100,,,,,,,,,,,,,,,,
11971,limit_up_rmb10_15681,,0,2,,,20,,,,,,,{205=3;1210=1;206=6},150,{205=4;1210=1;206=5},100,{205=5;1210=1;206=4},50,{205=3;1210=2;206=5},30,{205=4;1210=2;206=4},20,{205=5;1210=2;206=3},10,{205=2;1210=3;206=5},,{205=3;1210=3;206=4},,{205=4;1210=3;206=3},,,
11972,limit_up_rmb10_15681,,0,22,,,,,,,,,,{205=3;1211=1;206=6},150,{205=4;1211=1;206=5},100,{205=5;1211=1;206=4},50,{205=3;1211=2;206=5},30,{205=4;1211=2;206=4},20,{205=5;1211=2;206=3},10,{205=2;1211=3;206=5},,{205=3;1211=3;206=4},,{205=4;1211=3;206=3},,,
11980,limit_up_rmb1_15691,,0,2,,,,,,,,,,{205=1},50,{206=1},50,,,,,,,,,,,,,,,,
11981,limit_up_rmb1_15691,,4,1,,,,,,,,,,{204=1},100,,,,,,,,,,,,,,,,,,
11982,limit_up_rmb1_15691,,,5,,,1,5,0.17,0.06,0.5,6,999999,{1212=1},100,,,,,,,,,,,,,,,,,,
11983,limit_up_rmb1_15691,,,6,,,10,10,0.05,0.015,0.5,15,15,{1212=1},100,,,,,,,,,,,,,,,,,,
11984,limit_up_rmb1_15691,,,160,,,,160,0.05,0.015,0.5,15,15,{1212=1},100,,,,,,,,,,,,,,,,,,
11990,limit_up_rmb10_15691,,4,1,,,,,,,,,,{1212=1;205=3;206=6},100,{1212=1;205=4;206=5},100,,,,,,,,,,,,,,,,
11991,limit_up_rmb10_15691,,0,2,,,20,,,,,,,{1212=1;205=3;206=6},150,{1212=1;205=4;206=5},100,{1212=1;205=5;206=4},50,{1212=2;205=3;206=5},30,{1212=2;205=4;206=4},20,{1212=2;205=5;206=3},10,{1212=3;205=2;206=5},,{1212=3;205=3;206=4},,{1212=3;205=4;206=3},,,
11992,limit_up_rmb10_15691,,0,22,,,,,,,,,,{1213=1;205=3;206=6},150,{1213=1;205=4;206=5},100,{1213=1;205=5;206=4},50,{1213=2;205=3;206=5},30,{1213=2;205=4;206=4},20,{1213=2;205=5;206=3},10,{1213=3;205=2;206=5},,{1213=3;205=3;206=4},,{1213=3;205=4;206=3},,,
12000,limit_up_rmb1_15701,,0,2,,,,,,,,,,{205=1},50,{206=1},50,,,,,,,,,,,,,,,,
12001,limit_up_rmb1_15701,,4,1,,,,,,,,,,{204=1},100,,,,,,,,,,,,,,,,,,
12002,limit_up_rmb1_15701,,,5,,,1,5,0.17,0.06,0.5,6,999999,{1214=1},100,,,,,,,,,,,,,,,,,,
12003,limit_up_rmb1_15701,,,6,,,10,10,0.05,0.015,0.5,15,15,{1214=1},100,,,,,,,,,,,,,,,,,,
12004,limit_up_rmb1_15701,,,160,,,,160,0.05,0.015,0.5,15,15,{1214=1},100,,,,,,,,,,,,,,,,,,
12010,limit_up_rmb10_15701,,4,1,,,,,,,,,,{205=3;1214=1;206=6},100,{205=4;1214=1;206=5},100,,,,,,,,,,,,,,,,
12011,limit_up_rmb10_15701,,0,2,,,20,,,,,,,{205=3;1214=1;206=6},150,{205=4;1214=1;206=5},100,{205=5;1214=1;206=4},50,{205=3;1214=2;206=5},30,{205=4;1214=2;206=4},20,{205=5;1214=2;206=3},10,{205=2;1214=3;206=5},,{205=3;1214=3;206=4},,{205=4;1214=3;206=3},,,
12012,limit_up_rmb10_15701,,0,22,,,,,,,,,,{205=3;1215=1;206=6},150,{205=4;1215=1;206=5},100,{205=5;1215=1;206=4},50,{205=3;1215=2;206=5},30,{205=4;1215=2;206=4},20,{205=5;1215=2;206=3},10,{205=2;1215=3;206=5},,{205=3;1215=3;206=4},,{205=4;1215=3;206=3},,,
12020,limit_up_rmb1_15711,,0,2,,,,,,,,,,{205=1},50,{206=1},50,,,,,,,,,,,,,,,,
12021,limit_up_rmb1_15711,,4,1,,,,,,,,,,{204=1},100,,,,,,,,,,,,,,,,,,
12022,limit_up_rmb1_15711,,,5,,,1,5,0.17,0.06,0.5,6,999999,{1216=1},100,,,,,,,,,,,,,,,,,,
12023,limit_up_rmb1_15711,,,6,,,10,10,0.05,0.015,0.5,15,15,{1216=1},100,,,,,,,,,,,,,,,,,,
12024,limit_up_rmb1_15711,,,160,,,,160,0.05,0.015,0.5,15,15,{1216=1},100,,,,,,,,,,,,,,,,,,
12030,limit_up_rmb10_15711,,4,1,,,,,,,,,,{205=3;206=6;1216=1},100,{205=4;206=5;1216=1},100,,,,,,,,,,,,,,,,
12031,limit_up_rmb10_15711,,0,2,,,20,,,,,,,{205=3;206=6;1216=1},150,{205=4;206=5;1216=1},100,{205=5;206=4;1216=1},50,{205=3;206=5;1216=2},30,{205=4;206=4;1216=2},20,{205=5;206=3;1216=2},10,{205=2;206=5;1216=3},,{205=3;206=4;1216=3},,{205=4;206=3;1216=3},,,
12032,limit_up_rmb10_15711,,0,22,,,,,,,,,,{205=3;206=6;1217=1},150,{205=4;206=5;1217=1},100,{205=5;206=4;1217=1},50,{205=3;206=5;1217=2},30,{205=4;206=4;1217=2},20,{205=5;206=3;1217=2},10,{205=2;206=5;1217=3},,{205=3;206=4;1217=3},,{205=4;206=3;1217=3},,,
15000,group_up_rmb1_1,,0,2,,,,,,,,,,{205=1},50,{206=1},50,,,,,,,,,,,,,,,,
15001,group_up_rmb1_1,,4,1,,,,,,,,,,{204=1},100,,,,,,,,,,,,,,,,,,
15002,group_up_rmb1_1,,,5,,,1,5,0.17,0.06,0.5,6,999999,{1251=1},100,,,,,,,,,,,,,,,,,,
15003,group_up_rmb1_1,,,6,,,10,10,0.05,0.015,0.5,15,15,{1251=1},100,,,,,,,,,,,,,,,,,,
15004,group_up_rmb1_1,,,160,,,,160,0.05,0.015,0.5,15,15,{1251=1},100,,,,,,,,,,,,,,,,,,
15011,group_up_rmb10_1,,4,1,,,,,,,,,,{205=3;206=6;1251=1},100,{205=4;206=5;1251=1},100,,,,,,,,,,,,,,,,
15012,group_up_rmb10_1,,0,2,,,20,,,,,,,{205=3;206=6;1251=1},150,{205=4;206=5;1251=1},100,{205=5;206=4;1251=1},50,{205=3;206=5;1251=2},30,{205=4;206=4;1251=2},20,{205=5;206=3;1251=2},10,{205=2;206=5;1251=3},,{205=3;206=4;1251=3},,{205=4;206=3;1251=3},,,
15013,group_up_rmb10_1,,0,22,,,,,,,,,,{205=3;206=6;1252=1},150,{205=4;206=5;1252=1},100,{205=5;206=4;1252=1},50,{205=3;206=5;1252=2},30,{205=4;206=4;1252=2},20,{205=5;206=3;1252=2},10,{205=2;206=5;1252=3},,{205=3;206=4;1252=3},,{205=4;206=3;1252=3},,,
15100,group_up_rmb1_2,,0,2,,,,,,,,,,{205=1},50,{206=1},50,,,,,,,,,,,,,,,,
15101,group_up_rmb1_2,,4,1,,,,,,,,,,{204=1},100,,,,,,,,,,,,,,,,,,
15102,group_up_rmb1_2,,,5,,,1,5,0.17,0.06,0.5,6,999999,{1253=1},100,,,,,,,,,,,,,,,,,,
15103,group_up_rmb1_2,,,6,,,10,10,0.05,0.015,0.5,15,15,{1253=1},100,,,,,,,,,,,,,,,,,,
15104,group_up_rmb1_2,,,160,,,,160,0.05,0.015,0.5,15,15,{1253=1},100,,,,,,,,,,,,,,,,,,
15111,group_up_rmb10_2,,4,1,,,,,,,,,,{205=3;206=6;1253=1},100,{205=4;206=5;1253=1},100,,,,,,,,,,,,,,,,
15112,group_up_rmb10_2,,0,2,,,20,,,,,,,{205=3;206=6;1253=1},150,{205=4;206=5;1253=1},100,{205=5;206=4;1253=1},50,{205=3;206=5;1253=2},30,{205=4;206=4;1253=2},20,{205=5;206=3;1253=2},10,{205=2;206=5;1253=3},,{205=3;206=4;1253=3},,{205=4;206=3;1253=3},,,
15113,group_up_rmb10_2,,0,22,,,,,,,,,,{205=3;206=6;1254=1},150,{205=4;206=5;1254=1},100,{205=5;206=4;1254=1},50,{205=3;206=5;1254=2},30,{205=4;206=4;1254=2},20,{205=5;206=3;1254=2},10,{205=2;206=5;1254=3},,{205=3;206=4;1254=3},,{205=4;206=3;1254=3},,,
15200,group_up_rmb1_3,,0,2,,,,,,,,,,{205=1},50,{206=1},50,,,,,,,,,,,,,,,,
15201,group_up_rmb1_3,,4,1,,,,,,,,,,{204=1},100,,,,,,,,,,,,,,,,,,
15202,group_up_rmb1_3,,,5,,,1,5,0.17,0.06,0.5,6,999999,{1255=1},100,,,,,,,,,,,,,,,,,,
15203,group_up_rmb1_3,,,6,,,10,10,0.05,0.015,0.5,15,15,{1255=1},100,,,,,,,,,,,,,,,,,,
15204,group_up_rmb1_3,,,160,,,,160,0.05,0.015,0.5,15,15,{1255=1},100,,,,,,,,,,,,,,,,,,
15211,group_up_rmb10_3,,4,1,,,,,,,,,,{205=3;206=6;1255=1},100,{205=4;206=5;1255=1},100,,,,,,,,,,,,,,,,
15212,group_up_rmb10_3,,0,2,,,20,,,,,,,{205=3;206=6;1255=1},150,{205=4;206=5;1255=1},100,{205=5;206=4;1255=1},50,{205=3;206=5;1255=2},30,{205=4;206=4;1255=2},20,{205=5;206=3;1255=2},10,{205=2;206=5;1255=3},,{205=3;206=4;1255=3},,{205=4;206=3;1255=3},,,
15213,group_up_rmb10_3,,0,22,,,,,,,,,,{205=3;1256=1;206=6},150,{205=4;1256=1;206=5},100,{205=5;1256=1;206=4},50,{205=3;1256=2;206=5},30,{205=4;1256=2;206=4},20,{205=5;1256=2;206=3},10,{205=2;1256=3;206=5},,{205=3;1256=3;206=4},,{205=4;1256=3;206=3},,,
15300,group_up_rmb1_4,,0,2,,,,,,,,,,{205=1},50,{206=1},50,,,,,,,,,,,,,,,,
15301,group_up_rmb1_4,,4,1,,,,,,,,,,{204=1},100,,,,,,,,,,,,,,,,,,
15302,group_up_rmb1_4,,,5,,,1,5,0.17,0.06,0.5,6,999999,{1257=1},100,,,,,,,,,,,,,,,,,,
15303,group_up_rmb1_4,,,6,,,10,10,0.05,0.015,0.5,15,15,{1257=1},100,,,,,,,,,,,,,,,,,,
15304,group_up_rmb1_4,,,160,,,,160,0.05,0.015,0.5,15,15,{1257=1},100,,,,,,,,,,,,,,,,,,
15311,group_up_rmb10_4,,4,1,,,,,,,,,,{205=3;1257=1;206=6},100,{205=4;1257=1;206=5},100,,,,,,,,,,,,,,,,
15312,group_up_rmb10_4,,0,2,,,20,,,,,,,{205=3;1257=1;206=6},150,{205=4;1257=1;206=5},100,{205=5;1257=1;206=4},50,{205=3;1257=2;206=5},30,{205=4;1257=2;206=4},20,{205=5;1257=2;206=3},10,{205=2;1257=3;206=5},,{205=3;1257=3;206=4},,{205=4;1257=3;206=3},,,
15313,group_up_rmb10_4,,0,22,,,,,,,,,,{205=3;1258=1;206=6},150,{205=4;1258=1;206=5},100,{205=5;1258=1;206=4},50,{205=3;1258=2;206=5},30,{205=4;1258=2;206=4},20,{205=5;1258=2;206=3},10,{205=2;1258=3;206=5},,{205=3;1258=3;206=4},,{205=4;1258=3;206=3},,,
15400,group_up_rmb1_5,,0,2,,,,,,,,,,{205=1},50,{206=1},50,,,,,,,,,,,,,,,,
15401,group_up_rmb1_5,,4,1,,,,,,,,,,{204=1},100,,,,,,,,,,,,,,,,,,
15402,group_up_rmb1_5,,,5,,,1,5,0.17,0.06,0.5,6,999999,{1259=1},100,,,,,,,,,,,,,,,,,,
15403,group_up_rmb1_5,,,6,,,10,10,0.05,0.015,0.5,15,15,{1259=1},100,,,,,,,,,,,,,,,,,,
15404,group_up_rmb1_5,,,160,,,,160,0.05,0.015,0.5,15,15,{1259=1},100,,,,,,,,,,,,,,,,,,
15411,group_up_rmb10_5,,4,1,,,,,,,,,,{205=3;1259=1;206=6},100,{205=4;1259=1;206=5},100,,,,,,,,,,,,,,,,
15412,group_up_rmb10_5,,0,2,,,20,,,,,,,{205=3;1259=1;206=6},150,{205=4;1259=1;206=5},100,{205=5;1259=1;206=4},50,{205=3;1259=2;206=5},30,{205=4;1259=2;206=4},20,{205=5;1259=2;206=3},10,{205=2;1259=3;206=5},,{205=3;1259=3;206=4},,{205=4;1259=3;206=3},,,
15413,group_up_rmb10_5,,0,22,,,,,,,,,,{1260=1;205=3;206=6},150,{1260=1;205=4;206=5},100,{1260=1;205=5;206=4},50,{1260=2;205=3;206=5},30,{1260=2;205=4;206=4},20,{1260=2;205=5;206=3},10,{1260=3;205=2;206=5},,{1260=3;205=3;206=4},,{1260=3;205=4;206=3},,,
15414,limit_box_rmb1_202309001,,3,10,,,,,,,,,,{150=1},100,,,,,,,,,,,,,,,,,,
15415,limit_box_rmb1_202309001,,0,1,,,,,,,,,,{152=1},45,{153=1},15,{154=1},15,{160=1},15,{161=1},5,,,,,,,,,,
15416,limit_box_rmb10_202309001,,1,10,0.04,0.09,,19,,,,,,{162=1;150=1;154=2;1101=1;153=1;160=1;152=3},100,{162=1;150=1;154=1;1101=1;153=2;160=1;152=3},100,{162=1;150=1;154=1;1101=1;153=1;160=1;152=4},100,,,,,,,,,,,,,,
15417,limit_box_rmb10_202309001,,1,10,0.08,0.15,1,11,,,,,,{162=1;150=1;154=2;1101=1;153=1;160=1;152=3},100,{162=1;150=1;154=1;1101=1;153=2;160=1;152=3},100,{162=1;150=1;154=1;1101=1;153=1;160=1;152=4},100,,,,,,,,,,,,,,
15418,limit_box_rmb10_202309001,,1,10,0.2,0.3,1,5,,,,,,{162=1;150=1;154=2;1101=1;153=1;160=1;152=3},100,{162=1;150=1;154=1;1101=1;153=2;160=1;152=3},100,{162=1;150=1;154=1;1101=1;153=1;160=1;152=4},100,,,,,,,,,,,,,,
15419,limit_box_rmb10_202309001,,1,10,0.06,0.12,,6,,,,,,{151=1;154=2;150=1;1101=1;153=1;160=1;152=3},100,{151=1;154=1;150=1;1101=1;153=2;160=1;152=3},100,{151=1;154=1;150=1;1101=1;153=1;160=1;152=4},100,,,,,,,,,,,,,,
15420,limit_box_rmb10_202309001,,1,10,0.2,0.3,1,2,,,,,,{151=1;154=2;150=1;1101=1;153=1;160=1;152=3},100,{151=1;154=1;150=1;1101=1;153=2;160=1;152=3},100,{151=1;154=1;150=1;1101=1;153=1;160=1;152=4},100,,,,,,,,,,,,,,
15421,limit_box_rmb10_202309001,,0,1,,,,,,,,,,{150=1;154=2;1101=1;153=2;160=1;152=3},100,{161=1;150=1;154=2;1101=1;153=1;160=1;152=3},100,{150=1;154=3;1101=1;153=1;160=1;152=3},100,{150=1;154=2;1101=1;153=1;160=1;152=4},100,{150=1;154=1;1101=1;153=2;160=1;152=4},100,{161=1;150=1;154=1;1101=1;153=1;160=1;152=4},100,{161=1;154=2;1101=1;153=1;150=1;152=4},100,{150=1;154=3;1101=1;153=1;160=1;152=3},,,,,
15422,limit_box_rmb1_202310041,,3,10,,,,,,,,,,{150=1},100,,,,,,,,,,,,,,,,,,
15423,limit_box_rmb1_202310041,,0,1,,,,,,,,,,{152=1},45,{153=1},15,{154=1},15,{160=1},15,{161=1},5,,,,,,,,,,
15424,limit_box_rmb10_202310041,,1,10,0.04,0.09,,19,,,,,,{162=1;150=1;154=2;1101=1;153=1;160=1;152=3},100,{162=1;150=1;154=1;1101=1;153=2;160=1;152=3},100,{162=1;150=1;154=1;1101=1;153=1;160=1;152=4},100,,,,,,,,,,,,,,
15425,limit_box_rmb10_202310041,,1,10,0.08,0.15,1,11,,,,,,{162=1;150=1;154=2;1101=1;153=1;160=1;152=3},100,{162=1;150=1;154=1;1101=1;153=2;160=1;152=3},100,{162=1;150=1;154=1;1101=1;153=1;160=1;152=4},100,,,,,,,,,,,,,,
15426,limit_box_rmb10_202310041,,1,10,0.2,0.3,1,5,,,,,,{162=1;150=1;154=2;1101=1;153=1;160=1;152=3},100,{162=1;150=1;154=1;1101=1;153=2;160=1;152=3},100,{162=1;150=1;154=1;1101=1;153=1;160=1;152=4},100,,,,,,,,,,,,,,
15427,limit_box_rmb10_202310041,,1,10,0.06,0.12,,6,,,,,,{151=1;154=2;150=1;1101=1;153=1;160=1;152=3},100,{151=1;154=1;150=1;1101=1;153=2;160=1;152=3},100,{151=1;154=1;150=1;1101=1;153=1;160=1;152=4},100,,,,,,,,,,,,,,
15428,limit_box_rmb10_202310041,,1,10,0.2,0.3,1,2,,,,,,{151=1;154=2;150=1;1101=1;153=1;160=1;152=3},100,{151=1;154=1;150=1;1101=1;153=2;160=1;152=3},100,{151=1;154=1;150=1;1101=1;153=1;160=1;152=4},100,,,,,,,,,,,,,,
15429,limit_box_rmb10_202310041,,0,1,,,,,,,,,,{150=1;154=2;1101=1;153=2;160=1;152=3},100,{161=1;150=1;154=2;1101=1;153=1;160=1;152=3},100,{150=1;154=3;1101=1;153=1;160=1;152=3},100,{150=1;154=2;1101=1;153=1;160=1;152=4},100,{150=1;154=1;1101=1;153=2;160=1;152=4},100,{161=1;150=1;154=1;1101=1;153=1;160=1;152=4},100,{161=1;154=2;1101=1;153=1;150=1;152=4},100,{150=1;154=3;1101=1;153=1;160=1;152=3},,,,,
15430,limit_rmb1_202310033,,0,1,,,,,,,,,,{201=1},,{1105=1},200,{1107=1},625,{22510=1},150,,,,,,,,,,,,
15431,limit_rmb1_202310033,,,1,,,,3,0.15,0.05,0.4,5,10,{201=1},1,,,,,,,,,,,,,,,,,,
15432,limit_rmb1_202310033,,,80,,,1,73,0.1,0.05,0.4,9,99999,{22509=1},1,,,,,,,,,,,,,,,,,,
15433,limit_rmb1_202310033,,,155,,,999,144,0.1,0.05,0.4,9,71,{22509=1},1,,,,,,,,,,,,,,,,,,
15434,limit_rmb1_202311021,,0,1,,,,,,,,,,{201=1},,{1105=1},200,{1107=1},625,{22510=1},150,,,,,,,,,,,,
15435,limit_rmb1_202311021,,,1,,,,3,0.15,0.05,0.4,5,10,{201=1},1,,,,,,,,,,,,,,,,,,
15436,limit_rmb1_202311021,,,80,,,1,73,0.1,0.05,0.4,9,99999,{22509=1},1,,,,,,,,,,,,,,,,,,
15437,limit_rmb1_202311021,,,155,,,999,144,0.1,0.05,0.4,9,71,{22509=1},1,,,,,,,,,,,,,,,,,,
15438,limit_box_rmb1_202311051,,3,10,,,,,,,,,,{150=1},100,,,,,,,,,,,,,,,,,,
15439,limit_box_rmb1_202311051,,0,1,,,,,,,,,,{152=1},45,{153=1},15,{154=1},15,{160=1},15,{161=1},5,,,,,,,,,,
15440,limit_box_rmb10_202311051,,1,10,0.04,0.09,,19,,,,,,{162=1;150=1;154=2;1101=1;153=1;160=1;152=3},100,{162=1;150=1;154=1;1101=1;153=2;160=1;152=3},100,{162=1;150=1;154=1;1101=1;153=1;160=1;152=4},100,,,,,,,,,,,,,,
15441,limit_box_rmb10_202311051,,1,10,0.08,0.15,1,11,,,,,,{162=1;150=1;154=2;1101=1;153=1;160=1;152=3},100,{162=1;150=1;154=1;1101=1;153=2;160=1;152=3},100,{162=1;150=1;154=1;1101=1;153=1;160=1;152=4},100,,,,,,,,,,,,,,
15442,limit_box_rmb10_202311051,,1,10,0.2,0.3,1,5,,,,,,{162=1;150=1;154=2;1101=1;153=1;160=1;152=3},100,{162=1;150=1;154=1;1101=1;153=2;160=1;152=3},100,{162=1;150=1;154=1;1101=1;153=1;160=1;152=4},100,,,,,,,,,,,,,,
15443,limit_box_rmb10_202311051,,1,10,0.06,0.12,,6,,,,,,{151=1;154=2;150=1;1101=1;153=1;160=1;152=3},100,{151=1;154=1;150=1;1101=1;153=2;160=1;152=3},100,{151=1;154=1;150=1;1101=1;153=1;160=1;152=4},100,,,,,,,,,,,,,,
15444,limit_box_rmb10_202311051,,1,10,0.2,0.3,1,2,,,,,,{151=1;154=2;150=1;1101=1;153=1;160=1;152=3},100,{151=1;154=1;150=1;1101=1;153=2;160=1;152=3},100,{151=1;154=1;150=1;1101=1;153=1;160=1;152=4},100,,,,,,,,,,,,,,
15445,limit_box_rmb10_202311051,,0,1,,,,,,,,,,{150=1;154=2;1101=1;153=2;160=1;152=3},100,{161=1;150=1;154=2;1101=1;153=1;160=1;152=3},100,{150=1;154=3;1101=1;153=1;160=1;152=3},100,{150=1;154=2;1101=1;153=1;160=1;152=4},100,{150=1;154=1;1101=1;153=2;160=1;152=4},100,{161=1;150=1;154=1;1101=1;153=1;160=1;152=4},100,{161=1;154=2;1101=1;153=1;150=1;152=4},100,{150=1;154=3;1101=1;153=1;160=1;152=3},,,,,
15446,limit_rmb1_202312020,,0,1,,,,,,,,,,{201=1},,{1105=1},200,{1107=1},625,{22512=1},150,,,,,,,,,,,,
15447,limit_rmb1_202312020,,,1,,,,3,0.15,0.05,0.4,5,10,{201=1},1,,,,,,,,,,,,,,,,,,
15448,limit_rmb1_202312020,,,80,,,1,73,0.1,0.05,0.4,9,99999,{22511=1},1,,,,,,,,,,,,,,,,,,
15449,limit_rmb1_202312020,,,155,,,999,144,0.1,0.05,0.4,9,71,{22511=1},1,,,,,,,,,,,,,,,,,,
15450,limit_box_rmb1_202312057,,3,10,,,,,,,,,,{150=1},100,,,,,,,,,,,,,,,,,,
15451,limit_box_rmb1_202312057,,0,1,,,,,,,,,,{152=1},45,{153=1},15,{154=1},15,{160=1},15,{161=1},5,,,,,,,,,,
15452,limit_box_rmb10_202312057,,1,10,0.04,0.09,,19,,,,,,{162=1;150=1;154=2;1101=1;153=1;160=1;152=3},100,{162=1;150=1;154=1;1101=1;153=2;160=1;152=3},100,{162=1;150=1;154=1;1101=1;153=1;160=1;152=4},100,,,,,,,,,,,,,,
15453,limit_box_rmb10_202312057,,1,10,0.08,0.15,1,11,,,,,,{162=1;150=1;154=2;1101=1;153=1;160=1;152=3},100,{162=1;150=1;154=1;1101=1;153=2;160=1;152=3},100,{162=1;150=1;154=1;1101=1;153=1;160=1;152=4},100,,,,,,,,,,,,,,
15454,limit_box_rmb10_202312057,,1,10,0.2,0.3,1,5,,,,,,{162=1;150=1;154=2;1101=1;153=1;160=1;152=3},100,{162=1;150=1;154=1;1101=1;153=2;160=1;152=3},100,{162=1;150=1;154=1;1101=1;153=1;160=1;152=4},100,,,,,,,,,,,,,,
15455,limit_box_rmb10_202312057,,1,10,0.06,0.12,,6,,,,,,{151=1;154=2;150=1;1101=1;153=1;160=1;152=3},100,{151=1;154=1;150=1;1101=1;153=2;160=1;152=3},100,{151=1;154=1;150=1;1101=1;153=1;160=1;152=4},100,,,,,,,,,,,,,,
15456,limit_box_rmb10_202312057,,1,10,0.2,0.3,1,2,,,,,,{151=1;154=2;150=1;1101=1;153=1;160=1;152=3},100,{151=1;154=1;150=1;1101=1;153=2;160=1;152=3},100,{151=1;154=1;150=1;1101=1;153=1;160=1;152=4},100,,,,,,,,,,,,,,
15457,limit_box_rmb10_202312057,,0,1,,,,,,,,,,{150=1;154=2;1101=1;153=2;160=1;152=3},100,{161=1;150=1;154=2;1101=1;153=1;160=1;152=3},100,{150=1;154=3;1101=1;153=1;160=1;152=3},100,{150=1;154=2;1101=1;153=1;160=1;152=4},100,{150=1;154=1;1101=1;153=2;160=1;152=4},100,{161=1;150=1;154=1;1101=1;153=1;160=1;152=4},100,{161=1;154=2;1101=1;153=1;150=1;152=4},100,{150=1;154=3;1101=1;153=1;160=1;152=3},,,,,
15458,limit_rmb1_202401002,,0,1,,,,,,,,,,{201=1},,{1105=1},200,{1107=1},625,{22514=1},150,,,,,,,,,,,,
15459,limit_rmb1_202401002,,,1,,,,3,0.15,0.05,0.4,5,10,{201=1},1,,,,,,,,,,,,,,,,,,
15460,limit_rmb1_202401002,,,80,,,1,73,0.1,0.05,0.4,9,99999,{22513=1},1,,,,,,,,,,,,,,,,,,
15461,limit_rmb1_202401002,,,155,,,999,144,0.1,0.05,0.4,9,71,{22513=1},1,,,,,,,,,,,,,,,,,,
15462,limit_rmb1_202402038,,0,1,,,,,,,,,,{201=1},,{1105=1},200,{1107=1},625,{22516=1},150,,,,,,,,,,,,
15463,limit_rmb1_202402038,,,1,,,,3,0.15,0.05,0.4,5,10,{201=1},1,,,,,,,,,,,,,,,,,,
15464,limit_rmb1_202402038,,,80,,,1,73,0.1,0.05,0.4,9,99999,{22515=1},1,,,,,,,,,,,,,,,,,,
15465,limit_rmb1_202402038,,,155,,,999,144,0.1,0.05,0.4,9,71,{22515=1},1,,,,,,,,,,,,,,,,,,
15466,limit_rmb1_202403045,,0,1,,,,,,,,,,{201=1},,{1105=1},200,{1107=1},625,{22518=1},150,,,,,,,,,,,,
15467,limit_rmb1_202403045,,,1,,,,3,0.15,0.05,0.4,5,10,{201=1},1,,,,,,,,,,,,,,,,,,
15468,limit_rmb1_202403045,,,80,,,1,73,0.1,0.05,0.4,9,99999,{22517=1},1,,,,,,,,,,,,,,,,,,
15469,limit_rmb1_202403045,,,155,,,999,144,0.1,0.05,0.4,9,71,{22517=1},1,,,,,,,,,,,,,,,,,,
15470,limit_rmb1_202403069,,0,1,,,,,,,,,,{201=1},,{1105=1},200,{1107=1},625,{22520=1},150,,,,,,,,,,,,
15471,limit_rmb1_202403069,,,1,,,,3,0.15,0.05,0.4,5,10,{201=1},1,,,,,,,,,,,,,,,,,,
15472,limit_rmb1_202403069,,,80,,,1,73,0.1,0.05,0.4,9,99999,{22519=1},1,,,,,,,,,,,,,,,,,,
15473,limit_rmb1_202403069,,,155,,,999,144,0.1,0.05,0.4,9,71,{22519=1},1,,,,,,,,,,,,,,,,,,
15474,limit_rmb1_202404059,,0,1,,,,,,,,,,{201=1},,{1105=1},200,{1107=1},625,{22522=1},150,,,,,,,,,,,,
15475,limit_rmb1_202404059,,,1,,,,3,0.15,0.05,0.4,5,10,{201=1},1,,,,,,,,,,,,,,,,,,
15476,limit_rmb1_202404059,,,80,,,1,73,0.1,0.05,0.4,9,99999,{22521=1},1,,,,,,,,,,,,,,,,,,
15477,limit_rmb1_202404059,,,155,,,999,144,0.1,0.05,0.4,9,71,{22521=1},1,,,,,,,,,,,,,,,,,,
,,,,,,,,,,,,,,,,,,,,,,,,,,,,,,,,,
,,,,,,,,,,,,,,,,,,,,,,,,,,,,,,,,,
16000,limit_box_rmb1_80206,BidCứ sau 10 lần rút thăm liên tiếp - phải có phụ kiện và đạo cụ nâng cấp sao,3,10,,,,,,,,,,{150=1},100,,0,,0,,0,,0,,0,,0,,0,,0,,0
16001,limit_box_rmb1_80206,Rút đơn thông thường - sản lượng cơ sở,0,1,,,,,,,,,,{152=1},45,{153=1},15,{154=1},15,{160=1},15,{161=1},5,,0,,0,,0,,0,,0
16002,limit_box_rmb10_80206,Mười liên tiếp - đạo cụ mang màu tím - theo dõi với xác suất bình thường - 15 lần,1,10,0.04,0.09,,19,,,,,,{150=1;162=1;152=3;1101=1;153=1;154=2;160=1},100,{150=1;162=1;152=3;1101=1;153=2;154=1;160=1},100,{150=1;162=1;152=4;1101=1;153=1;154=1;160=1},100,,0,,0,,0,,0,,0,,0,,0
16003,limit_box_rmb10_80206,Mười liên tiếp - đạo cụ mang màu tím - ra khoảng 18 lần sau lần thứ tư,1,10,0.08,0.15,1,11,,,,,,{150=1;162=1;152=3;1101=1;153=1;154=2;160=1},100,{150=1;162=1;152=3;1101=1;153=2;154=1;160=1},100,{150=1;162=1;152=4;1101=1;153=1;154=1;160=1},100,,0,,0,,0,,0,,0,,0,,0
16004,limit_box_rmb10_80206,10 lần liên tiếp - hết đạo cụ mang màu tím - hết khoảng 9 lần sau lần 4,1,10,0.2,0.3,1,5,,,,,,{150=1;162=1;152=3;1101=1;153=1;154=2;160=1},100,{150=1;162=1;152=3;1101=1;153=2;154=1;160=1},100,{150=1;162=1;152=4;1101=1;153=1;154=1;160=1},100,,0,,0,,0,,0,,0,,0,,0
16005,limit_box_rmb10_80206,Mười liên tiếp - Vật liệu thức tỉnh phụ kiện - Xác suất bình thường tiếp theo - 11 lần,1,10,0.06,0.12,,6,,,,,,{150=1;151=1;152=3;1101=1;153=1;154=2;160=1},100,{150=1;151=1;152=3;1101=1;153=2;154=1;160=1},100,{150=1;151=1;152=4;1101=1;153=1;154=1;160=1},100,,0,,0,,0,,0,,0,,0,,0
16006,limit_box_rmb10_80206,Thập ty - Nguyên liệu thức tỉnh phụ kiện - khoảng 5 lần sau lần 2,1,10,0.2,0.3,1,2,,,,,,{150=1;151=1;152=3;1101=1;153=1;154=2;160=1},100,{150=1;151=1;152=3;1101=1;153=2;154=1;160=1},100,{150=1;151=1;152=4;1101=1;153=1;154=1;160=1},100,,0,,0,,0,,0,,0,,0,,0
16007,limit_box_rmb10_80206,Mười thường xuyên,0,1,,,,,,,,,,{150=1;152=3;1101=1;153=2;154=2;160=1},100,{150=1;152=3;1101=1;153=1;154=2;160=1;161=1},100,{150=1;152=3;1101=1;153=1;154=3;160=1},100,{150=1;152=4;1101=1;153=1;154=2;160=1},100,{150=1;152=4;1101=1;153=2;154=1;160=1},100,{150=1;152=4;1101=1;153=1;154=1;160=1;161=1},100,{150=1;152=4;1101=1;153=1;154=2;161=1},100,{150=1;152=3;1101=1;153=1;154=3;160=1},0,,0,,0
,,,,,,,,,,,,,,,,,,,,,,,,,,,,,,,,,
16008,limit_rmb1_80240,red,0,1,,,,,,,,,,{201=1},,{1105=1},200,{1107=1},625,{22524=1},150,,,,,,,,,,,,
16009,limit_rmb1_80240,,,1,,,,3,0.15,0.05,0.4,5,10,{201=1},1,,,,,,,,,,,,,,,,,,
16010,limit_rmb1_80240,,,80,,,1,73,0.1,0.05,0.4,9,99999,{22523=1},1,,,,,,,,,,,,,,,,,,
16011,limit_rmb1_80240,,,155,,,999,144,0.1,0.05,0.4,9,71,{22523=1},1,,,,,,,,,,,,,,,,,,
,,,,,,,,,,,,,,,,,,,,,,,,,,,,,,,,,
16012,limit_box_rmb1_80242,BidCứ sau 10 lần rút thăm liên tiếp - phải có phụ kiện và đạo cụ nâng cấp sao,3,10,,,,,,,,,,{150=1},100,,0,,0,,0,,0,,0,,0,,0,,0,,0
16013,limit_box_rmb1_80242,Rút đơn thông thường - sản lượng cơ sở,0,1,,,,,,,,,,{152=1},45,{153=1},15,{154=1},15,{160=1},15,{161=1},5,,0,,0,,0,,0,,0
16014,limit_box_rmb10_80242,Mười liên tiếp - đạo cụ mang màu tím - theo dõi với xác suất bình thường - 15 lần,1,10,0.04,0.09,,19,,,,,,{150=1;162=1;152=3;1101=1;153=1;154=2;160=1},100,{150=1;162=1;152=3;1101=1;153=2;154=1;160=1},100,{150=1;162=1;152=4;1101=1;153=1;154=1;160=1},100,,0,,0,,0,,0,,0,,0,,0
16015,limit_box_rmb10_80242,Mười liên tiếp - đạo cụ mang màu tím - ra khoảng 18 lần sau lần thứ tư,1,10,0.08,0.15,1,11,,,,,,{150=1;162=1;152=3;1101=1;153=1;154=2;160=1},100,{150=1;162=1;152=3;1101=1;153=2;154=1;160=1},100,{150=1;162=1;152=4;1101=1;153=1;154=1;160=1},100,,0,,0,,0,,0,,0,,0,,0
16016,limit_box_rmb10_80242,10 lần liên tiếp - hết đạo cụ mang màu tím - hết khoảng 9 lần sau lần 4,1,10,0.2,0.3,1,5,,,,,,{150=1;162=1;152=3;1101=1;153=1;154=2;160=1},100,{150=1;162=1;152=3;1101=1;153=2;154=1;160=1},100,{150=1;162=1;152=4;1101=1;153=1;154=1;160=1},100,,0,,0,,0,,0,,0,,0,,0
16017,limit_box_rmb10_80242,Mười liên tiếp - Vật liệu thức tỉnh phụ kiện - Xác suất bình thường tiếp theo - 11 lần,1,10,0.06,0.12,,6,,,,,,{150=1;151=1;152=3;1101=1;153=1;154=2;160=1},100,{150=1;151=1;152=3;1101=1;153=2;154=1;160=1},100,{150=1;151=1;152=4;1101=1;153=1;154=1;160=1},100,,0,,0,,0,,0,,0,,0,,0
16018,limit_box_rmb10_80242,Thập ty - Nguyên liệu thức tỉnh phụ kiện - khoảng 5 lần sau lần 2,1,10,0.2,0.3,1,2,,,,,,{150=1;151=1;152=3;1101=1;153=1;154=2;160=1},100,{150=1;151=1;152=3;1101=1;153=2;154=1;160=1},100,{150=1;151=1;152=4;1101=1;153=1;154=1;160=1},100,,0,,0,,0,,0,,0,,0,,0
16019,limit_box_rmb10_80242,Mười thường xuyên,0,1,,,,,,,,,,{150=1;152=3;1101=1;153=2;154=2;160=1},100,{150=1;152=3;1101=1;153=1;154=2;160=1;161=1},100,{150=1;152=3;1101=1;153=1;154=3;160=1},100,{150=1;152=4;1101=1;153=1;154=2;160=1},100,{150=1;152=4;1101=1;153=2;154=1;160=1},100,{150=1;152=4;1101=1;153=1;154=1;160=1;161=1},100,{150=1;152=4;1101=1;153=1;154=2;161=1},100,{150=1;152=3;1101=1;153=1;154=3;160=1},0,,0,,0
,,,,,,,,,,,,,,,,,,,,,,,,,,,,,,,,,
16021,limit_rmb1_80255,red,0,1,,,,,,,,,,{201=1},,{1105=1},200,{1107=1},625,{22526=1},150,,,,,,,,,,,,
16022,limit_rmb1_80255,,,1,,,,3,0.15,0.05,0.4,5,10,{201=1},1,,,,,,,,,,,,,,,,,,
16023,limit_rmb1_80255,,,80,,,1,73,0.1,0.05,0.4,9,99999,{22525=1},1,,,,,,,,,,,,,,,,,,
16024,limit_rmb1_80255,,,155,,,999,144,0.1,0.05,0.4,9,71,{22525=1},1,,,,,,,,,,,,,,,,,,
,,,,,,,,,,,,,,,,,,,,,,,,,,,,,,,,,
16025,limit_box_rmb1_80287,BidCứ sau 10 lần rút thăm liên tiếp - phải có phụ kiện và đạo cụ nâng cấp sao,3,10,,,,,,,,,,{150=1},100,,0,,0,,0,,0,,0,,0,,0,,0,,0
16026,limit_box_rmb1_80287,Rút đơn thông thường - sản lượng cơ sở,0,1,,,,,,,,,,{152=1},45,{153=1},15,{154=1},15,{160=1},15,{161=1},5,,0,,0,,0,,0,,0
16027,limit_box_rmb10_80287,Mười liên tiếp - đạo cụ mang màu tím - theo dõi với xác suất bình thường - 15 lần,1,10,0.04,0.09,,19,,,,,,{150=1;162=1;152=3;1101=1;153=1;154=2;160=1},100,{150=1;162=1;152=3;1101=1;153=2;154=1;160=1},100,{150=1;162=1;152=4;1101=1;153=1;154=1;160=1},100,,0,,0,,0,,0,,0,,0,,0
16028,limit_box_rmb10_80287,Mười liên tiếp - đạo cụ mang màu tím - ra khoảng 18 lần sau lần thứ tư,1,10,0.08,0.15,1,11,,,,,,{150=1;162=1;152=3;1101=1;153=1;154=2;160=1},100,{150=1;162=1;152=3;1101=1;153=2;154=1;160=1},100,{150=1;162=1;152=4;1101=1;153=1;154=1;160=1},100,,0,,0,,0,,0,,0,,0,,0
16029,limit_box_rmb10_80287,10 lần liên tiếp - hết đạo cụ mang màu tím - hết khoảng 9 lần sau lần 4,1,10,0.2,0.3,1,5,,,,,,{150=1;162=1;152=3;1101=1;153=1;154=2;160=1},100,{150=1;162=1;152=3;1101=1;153=2;154=1;160=1},100,{150=1;162=1;152=4;1101=1;153=1;154=1;160=1},100,,0,,0,,0,,0,,0,,0,,0
16030,limit_box_rmb10_80287,Mười liên tiếp - Vật liệu thức tỉnh phụ kiện - Xác suất bình thường tiếp theo - 11 lần,1,10,0.06,0.12,,6,,,,,,{150=1;151=1;152=3;1101=1;153=1;154=2;160=1},100,{150=1;151=1;152=3;1101=1;153=2;154=1;160=1},100,{150=1;151=1;152=4;1101=1;153=1;154=1;160=1},100,,0,,0,,0,,0,,0,,0,,0
16031,limit_box_rmb10_80287,Thập ty - Nguyên liệu thức tỉnh phụ kiện - khoảng 5 lần sau lần 2,1,10,0.2,0.3,1,2,,,,,,{150=1;151=1;152=3;1101=1;153=1;154=2;160=1},100,{150=1;151=1;152=3;1101=1;153=2;154=1;160=1},100,{150=1;151=1;152=4;1101=1;153=1;154=1;160=1},100,,0,,0,,0,,0,,0,,0,,0
16032,limit_box_rmb10_80287,Mười thường xuyên,0,1,,,,,,,,,,{150=1;152=3;1101=1;153=2;154=2;160=1},100,{150=1;152=3;1101=1;153=1;154=2;160=1;161=1},100,{150=1;152=3;1101=1;153=1;154=3;160=1},100,{150=1;152=4;1101=1;153=1;154=2;160=1},100,{150=1;152=4;1101=1;153=2;154=1;160=1},100,{150=1;152=4;1101=1;153=1;154=1;160=1;161=1},100,{150=1;152=4;1101=1;153=1;154=2;161=1},100,{150=1;152=3;1101=1;153=1;154=3;160=1},0,,0,,0
,,,,,,,,,,,,,,,,,,,,,,,,,,,,,,,,,
16033,limit_rmb1_80301,red,0,1,,,,,,,,,,{201=1},,{1105=1},200,{1107=1},625,{22528=1},150,,,,,,,,,,,,
16034,limit_rmb1_80301,,,1,,,,3,0.15,0.05,0.4,5,10,{201=1},1,,,,,,,,,,,,,,,,,,
16035,limit_rmb1_80301,,,80,,,1,73,0.1,0.05,0.4,9,99999,{22527=1},1,,,,,,,,,,,,,,,,,,
16036,limit_rmb1_80301,,,155,,,999,144,0.1,0.05,0.4,9,71,{22527=1},1,,,,,,,,,,,,,,,,,,
,,,,,,,,,,,,,,,,,,,,,,,,,,,,,,,,,
16037,limit_box_rmb1_80331,BidCứ sau 10 lần rút thăm liên tiếp - phải có phụ kiện và đạo cụ nâng cấp sao,3,10,,,,,,,,,,{150=1},100,,0,,0,,0,,0,,0,,0,,0,,0,,0
16038,limit_box_rmb1_80331,Rút đơn thông thường - sản lượng cơ sở,0,1,,,,,,,,,,{152=1},45,{153=1},15,{154=1},15,{160=1},15,{161=1},5,,0,,0,,0,,0,,0
16039,limit_box_rmb10_80331,Mười liên tiếp - đạo cụ mang màu tím - theo dõi với xác suất bình thường - 15 lần,1,10,0.04,0.09,,19,,,,,,{150=1;162=1;152=3;1101=1;153=1;154=2;160=1},100,{150=1;162=1;152=3;1101=1;153=2;154=1;160=1},100,{150=1;162=1;152=4;1101=1;153=1;154=1;160=1},100,,0,,0,,0,,0,,0,,0,,0
16040,limit_box_rmb10_80331,Mười liên tiếp - đạo cụ mang màu tím - ra khoảng 18 lần sau lần thứ tư,1,10,0.08,0.15,1,11,,,,,,{150=1;162=1;152=3;1101=1;153=1;154=2;160=1},100,{150=1;162=1;152=3;1101=1;153=2;154=1;160=1},100,{150=1;162=1;152=4;1101=1;153=1;154=1;160=1},100,,0,,0,,0,,0,,0,,0,,0
16041,limit_box_rmb10_80331,10 lần liên tiếp - hết đạo cụ mang màu tím - hết khoảng 9 lần sau lần 4,1,10,0.2,0.3,1,5,,,,,,{150=1;162=1;152=3;1101=1;153=1;154=2;160=1},100,{150=1;162=1;152=3;1101=1;153=2;154=1;160=1},100,{150=1;162=1;152=4;1101=1;153=1;154=1;160=1},100,,0,,0,,0,,0,,0,,0,,0
16042,limit_box_rmb10_80331,Mười liên tiếp - Vật liệu thức tỉnh phụ kiện - Xác suất bình thường tiếp theo - 11 lần,1,10,0.06,0.12,,6,,,,,,{150=1;151=1;152=3;1101=1;153=1;154=2;160=1},100,{150=1;151=1;152=3;1101=1;153=2;154=1;160=1},100,{150=1;151=1;152=4;1101=1;153=1;154=1;160=1},100,,0,,0,,0,,0,,0,,0,,0
16043,limit_box_rmb10_80331,Thập ty - Nguyên liệu thức tỉnh phụ kiện - khoảng 5 lần sau lần 2,1,10,0.2,0.3,1,2,,,,,,{150=1;151=1;152=3;1101=1;153=1;154=2;160=1},100,{150=1;151=1;152=3;1101=1;153=2;154=1;160=1},100,{150=1;151=1;152=4;1101=1;153=1;154=1;160=1},100,,0,,0,,0,,0,,0,,0,,0
16044,limit_box_rmb10_80331,Mười thường xuyên,0,1,,,,,,,,,,{150=1;152=3;1101=1;153=2;154=2;160=1},100,{150=1;152=3;1101=1;153=1;154=2;160=1;161=1},100,{150=1;152=3;1101=1;153=1;154=3;160=1},100,{150=1;152=4;1101=1;153=1;154=2;160=1},100,{150=1;152=4;1101=1;153=2;154=1;160=1},100,{150=1;152=4;1101=1;153=1;154=1;160=1;161=1},100,{150=1;152=4;1101=1;153=1;154=2;161=1},100,{150=1;152=3;1101=1;153=1;154=3;160=1},0,,0,,0
,,,,,,,,,,,,,,,,,,,,,,,,,,,,,,,,,
16045,limit_rmb1_80345,red,0,1,,,,,,,,,,{201=1},,{1105=1},200,{1107=1},625,{1165=1},150,,,,,,,,,,,,
16046,limit_rmb1_80345,,,1,,,,3,0.15,0.05,0.4,5,10,{201=1},1,,,,,,,,,,,,,,,,,,
16047,limit_rmb1_80345,,,80,,,1,73,0.1,0.05,0.4,9,99999,{1164=1},1,,,,,,,,,,,,,,,,,,
16048,limit_rmb1_80345,,,155,,,999,144,0.1,0.05,0.4,9,71,{1164=1},1,,,,,,,,,,,,,,,,,,
,,,,,,,,,,,,,,,,,,,,,,,,,,,,,,,,,
16049,limit_box_rmb1_80367,BidCứ sau 10 lần rút thăm liên tiếp - phải có phụ kiện và đạo cụ nâng cấp sao,3,10,,,,,,,,,,{150=1},100,,0,,0,,0,,0,,0,,0,,0,,0,,0
16050,limit_box_rmb1_80367,Rút đơn thông thường - sản lượng cơ sở,0,1,,,,,,,,,,{152=1},45,{153=1},15,{154=1},15,{160=1},15,{161=1},5,,0,,0,,0,,0,,0
16051,limit_box_rmb10_80367,Mười liên tiếp - đạo cụ mang màu tím - theo dõi với xác suất bình thường - 15 lần,1,10,0.04,0.09,,19,,,,,,{150=1;162=1;152=3;1101=1;153=1;154=2;160=1},100,{150=1;162=1;152=3;1101=1;153=2;154=1;160=1},100,{150=1;162=1;152=4;1101=1;153=1;154=1;160=1},100,,0,,0,,0,,0,,0,,0,,0
16052,limit_box_rmb10_80367,Mười liên tiếp - đạo cụ mang màu tím - ra khoảng 18 lần sau lần thứ tư,1,10,0.08,0.15,1,11,,,,,,{150=1;162=1;152=3;1101=1;153=1;154=2;160=1},100,{150=1;162=1;152=3;1101=1;153=2;154=1;160=1},100,{150=1;162=1;152=4;1101=1;153=1;154=1;160=1},100,,0,,0,,0,,0,,0,,0,,0
16053,limit_box_rmb10_80367,10 lần liên tiếp - hết đạo cụ mang màu tím - hết khoảng 9 lần sau lần 4,1,10,0.2,0.3,1,5,,,,,,{150=1;162=1;152=3;1101=1;153=1;154=2;160=1},100,{150=1;162=1;152=3;1101=1;153=2;154=1;160=1},100,{150=1;162=1;152=4;1101=1;153=1;154=1;160=1},100,,0,,0,,0,,0,,0,,0,,0
16054,limit_box_rmb10_80367,Mười liên tiếp - Vật liệu thức tỉnh phụ kiện - Xác suất bình thường tiếp theo - 11 lần,1,10,0.06,0.12,,6,,,,,,{150=1;151=1;152=3;1101=1;153=1;154=2;160=1},100,{150=1;151=1;152=3;1101=1;153=2;154=1;160=1},100,{150=1;151=1;152=4;1101=1;153=1;154=1;160=1},100,,0,,0,,0,,0,,0,,0,,0
16055,limit_box_rmb10_80367,Thập ty - Nguyên liệu thức tỉnh phụ kiện - khoảng 5 lần sau lần 2,1,10,0.2,0.3,1,2,,,,,,{150=1;151=1;152=3;1101=1;153=1;154=2;160=1},100,{150=1;151=1;152=3;1101=1;153=2;154=1;160=1},100,{150=1;151=1;152=4;1101=1;153=1;154=1;160=1},100,,0,,0,,0,,0,,0,,0,,0
16056,limit_box_rmb10_80367,Mười thường xuyên,0,1,,,,,,,,,,{150=1;152=3;1101=1;153=2;154=2;160=1},100,{150=1;152=3;1101=1;153=1;154=2;160=1;161=1},100,{150=1;152=3;1101=1;153=1;154=3;160=1},100,{150=1;152=4;1101=1;153=1;154=2;160=1},100,{150=1;152=4;1101=1;153=2;154=1;160=1},100,{150=1;152=4;1101=1;153=1;154=1;160=1;161=1},100,{150=1;152=4;1101=1;153=1;154=2;161=1},100,{150=1;152=3;1101=1;153=1;154=3;160=1},0,,0,,0
,,,,,,,,,,,,,,,,,,,,,,,,,,,,,,,,,
16057,limit_box_rmb1_80408,BidCứ sau 10 lần rút thăm liên tiếp - phải có phụ kiện và đạo cụ nâng cấp sao,3,10,,,,,,,,,,{150=1},100,,0,,0,,0,,0,,0,,0,,0,,0,,0
16058,limit_box_rmb1_80408,Rút đơn thông thường - sản lượng cơ sở,0,1,,,,,,,,,,{152=1},45,{153=1},15,{154=1},15,{160=1},15,{161=1},5,,0,,0,,0,,0,,0
16059,limit_box_rmb10_80408,Mười liên tiếp - đạo cụ mang màu tím - theo dõi với xác suất bình thường - 15 lần,1,10,0.04,0.09,,19,,,,,,{150=1;162=1;152=3;1101=1;153=1;154=2;160=1},100,{150=1;162=1;152=3;1101=1;153=2;154=1;160=1},100,{150=1;162=1;152=4;1101=1;153=1;154=1;160=1},100,,0,,0,,0,,0,,0,,0,,0
16060,limit_box_rmb10_80408,Mười liên tiếp - đạo cụ mang màu tím - ra khoảng 18 lần sau lần thứ tư,1,10,0.08,0.15,1,11,,,,,,{150=1;162=1;152=3;1101=1;153=1;154=2;160=1},100,{150=1;162=1;152=3;1101=1;153=2;154=1;160=1},100,{150=1;162=1;152=4;1101=1;153=1;154=1;160=1},100,,0,,0,,0,,0,,0,,0,,0
16061,limit_box_rmb10_80408,10 lần liên tiếp - hết đạo cụ mang màu tím - hết khoảng 9 lần sau lần 4,1,10,0.2,0.3,1,5,,,,,,{150=1;162=1;152=3;1101=1;153=1;154=2;160=1},100,{150=1;162=1;152=3;1101=1;153=2;154=1;160=1},100,{150=1;162=1;152=4;1101=1;153=1;154=1;160=1},100,,0,,0,,0,,0,,0,,0,,0
16062,limit_box_rmb10_80408,Mười liên tiếp - Vật liệu thức tỉnh phụ kiện - Xác suất bình thường tiếp theo - 11 lần,1,10,0.06,0.12,,6,,,,,,{150=1;151=1;152=3;1101=1;153=1;154=2;160=1},100,{150=1;151=1;152=3;1101=1;153=2;154=1;160=1},100,{150=1;151=1;152=4;1101=1;153=1;154=1;160=1},100,,0,,0,,0,,0,,0,,0,,0
16063,limit_box_rmb10_80408,Thập ty - Nguyên liệu thức tỉnh phụ kiện - khoảng 5 lần sau lần 2,1,10,0.2,0.3,1,2,,,,,,{150=1;151=1;152=3;1101=1;153=1;154=2;160=1},100,{150=1;151=1;152=3;1101=1;153=2;154=1;160=1},100,{150=1;151=1;152=4;1101=1;153=1;154=1;160=1},100,,0,,0,,0,,0,,0,,0,,0
16064,limit_box_rmb10_80408,Mười thường xuyên,0,1,,,,,,,,,,{150=1;152=3;1101=1;153=2;154=2;160=1},100,{150=1;152=3;1101=1;153=1;154=2;160=1;161=1},100,{150=1;152=3;1101=1;153=1;154=3;160=1},100,{150=1;152=4;1101=1;153=1;154=2;160=1},100,{150=1;152=4;1101=1;153=2;154=1;160=1},100,{150=1;152=4;1101=1;153=1;154=1;160=1;161=1},100,{150=1;152=4;1101=1;153=1;154=2;161=1},100,{150=1;152=3;1101=1;153=1;154=3;160=1},0,,0,,0
,,,,,,,,,,,,,,,,,,,,,,,,,,,,,,,,,
16065,limit_rmb1_80388,red,0,1,,,,,,,,,,{201=1},,{1105=1},200,{1107=1},625,{31002=1},150,,,,,,,,,,,,
16066,limit_rmb1_80388,,,1,,,,3,0.15,0.05,0.4,5,10,{201=1},1,,,,,,,,,,,,,,,,,,
16067,limit_rmb1_80388,,,80,,,1,73,0.1,0.05,0.4,9,99999,{31001=1},1,,,,,,,,,,,,,,,,,,
16068,limit_rmb1_80388,,,155,,,999,144,0.1,0.05,0.4,9,71,{31001=1},1,,,,,,,,,,,,,,,,,,
,,,,,,,,,,,,,,,,,,,,,,,,,,,,,,,,,
,,,,,,,,,,,,,,,,,,,,,,,,,,,,,,,,,
16069,limit_card_rmb1_80424,bàn long,3,10,,,,,,,,,,{150=1},50,{165=1},50,,,,,,,,,,,,,,,,
16070,limit_card_rmb1_80424,,0,1,,,,,,,,,,{152=1},450,{153=1},150,{154=1},150,{160=1},150,{161=1},100,{177=1},1,,,,,,,,
16071,limit_card_rmb1_80424,,4,200,,,,,,,,,,{177=1},100,,,,,,,,,,,,,,,,,,
,,,,,,,,,,,,,,,,,,,,,,,,,,,,,,,,,
16072,limit_box_rmb1_80458,BidCứ sau 10 lần rút thăm liên tiếp - phải có phụ kiện và đạo cụ nâng cấp sao,3,10,,,,,,,,,,{150=1},100,,0,,0,,0,,0,,0,,0,,0,,0,,0
16073,limit_box_rmb1_80458,Rút đơn thông thường - sản lượng cơ sở,0,1,,,,,,,,,,{152=1},45,{153=1},15,{154=1},15,{160=1},15,{161=1},5,,0,,0,,0,,0,,0
16074,limit_box_rmb10_80458,Mười liên tiếp - đạo cụ mang màu tím - theo dõi với xác suất bình thường - 15 lần,1,10,0.04,0.09,,19,,,,,,{150=1;162=1;152=3;1101=1;153=1;154=2;160=1},100,{150=1;162=1;152=3;1101=1;153=2;154=1;160=1},100,{150=1;162=1;152=4;1101=1;153=1;154=1;160=1},100,,0,,0,,0,,0,,0,,0,,0
16075,limit_box_rmb10_80458,Mười liên tiếp - đạo cụ mang màu tím - ra khoảng 18 lần sau lần thứ tư,1,10,0.08,0.15,1,11,,,,,,{150=1;162=1;152=3;1101=1;153=1;154=2;160=1},100,{150=1;162=1;152=3;1101=1;153=2;154=1;160=1},100,{150=1;162=1;152=4;1101=1;153=1;154=1;160=1},100,,0,,0,,0,,0,,0,,0,,0
16076,limit_box_rmb10_80458,10 lần liên tiếp - hết đạo cụ mang màu tím - hết khoảng 9 lần sau lần 4,1,10,0.2,0.3,1,5,,,,,,{150=1;162=1;152=3;1101=1;153=1;154=2;160=1},100,{150=1;162=1;152=3;1101=1;153=2;154=1;160=1},100,{150=1;162=1;152=4;1101=1;153=1;154=1;160=1},100,,0,,0,,0,,0,,0,,0,,0
16077,limit_box_rmb10_80458,Mười liên tiếp - Vật liệu thức tỉnh phụ kiện - Xác suất bình thường tiếp theo - 11 lần,1,10,0.06,0.12,,6,,,,,,{150=1;151=1;152=3;1101=1;153=1;154=2;160=1},100,{150=1;151=1;152=3;1101=1;153=2;154=1;160=1},100,{150=1;151=1;152=4;1101=1;153=1;154=1;160=1},100,,0,,0,,0,,0,,0,,0,,0
16078,limit_box_rmb10_80458,Thập ty - Nguyên liệu thức tỉnh phụ kiện - khoảng 5 lần sau lần 2,1,10,0.2,0.3,1,2,,,,,,{150=1;151=1;152=3;1101=1;153=1;154=2;160=1},100,{150=1;151=1;152=3;1101=1;153=2;154=1;160=1},100,{150=1;151=1;152=4;1101=1;153=1;154=1;160=1},100,,0,,0,,0,,0,,0,,0,,0
16079,limit_box_rmb10_80458,Mười thường xuyên,0,1,,,,,,,,,,{150=1;152=3;1101=1;153=2;154=2;160=1},100,{150=1;152=3;1101=1;153=1;154=2;160=1;161=1},100,{150=1;152=3;1101=1;153=1;154=3;160=1},100,{150=1;152=4;1101=1;153=1;154=2;160=1},100,{150=1;152=4;1101=1;153=2;154=1;160=1},100,{150=1;152=4;1101=1;153=1;154=1;160=1;161=1},100,{150=1;152=4;1101=1;153=1;154=2;161=1},100,{150=1;152=3;1101=1;153=1;154=3;160=1},0,,0,,0
,,,,,,,,,,,,,,,,,,,,,,,,,,,,,,,,,
16080,limit_rmb1_80487,red,0,1,,,,,,,,,,{201=1},,{1105=1},200,{1107=1},625,{31004=1},150,,,,,,,,,,,,
16081,limit_rmb1_80487,,,1,,,,3,0.15,0.05,0.4,5,10,{201=1},1,,,,,,,,,,,,,,,,,,
16082,limit_rmb1_80487,,,80,,,1,73,0.1,0.05,0.4,9,99999,{31003=1},1,,,,,,,,,,,,,,,,,,
16083,limit_rmb1_80487,,,165,,,999,144,0.1,0.05,0.4,9,71,{31003=1},1,,,,,,,,,,,,,,,,,,
,,,,,,,,,,,,,,,,,,,,,,,,,,,,,,,,,
16084,limit_rmb1_80506,red,0,1,,,,,,,,,,{201=1},,{1105=1},200,{1107=1},625,{31006=1},150,,,,,,,,,,,,
16085,limit_rmb1_80506,,,1,,,,3,0.15,0.05,0.4,5,10,{201=1},1,,,,,,,,,,,,,,,,,,
16086,limit_rmb1_80506,,,80,,,1,73,0.1,0.05,0.4,9,99999,{31005=1},1,,,,,,,,,,,,,,,,,,
16087,limit_rmb1_80506,,,175,,,999,144,0.1,0.05,0.4,9,71,{31005=1},1,,,,,,,,,,,,,,,,,,
,,,,,,,,,,,,,,,,,,,,,,,,,,,,,,,,,
16088,limit_box_rmb1_80508,BidCứ sau 10 lần rút thăm liên tiếp - phải có phụ kiện và đạo cụ nâng cấp sao,3,10,,,,,,,,,,{150=1},100,,0,,0,,0,,0,,0,,0,,0,,0,,0
16089,limit_box_rmb1_80508,Rút đơn thông thường - sản lượng cơ sở,0,1,,,,,,,,,,{152=1},45,{153=1},15,{154=1},15,{160=1},15,{161=1},5,,0,,0,,0,,0,,0
16090,limit_box_rmb10_80508,Mười liên tiếp - đạo cụ mang màu tím - theo dõi với xác suất bình thường - 15 lần,1,10,0.04,0.09,,19,,,,,,{150=1;162=1;152=3;1101=1;153=1;154=2;160=1},100,{150=1;162=1;152=3;1101=1;153=2;154=1;160=1},100,{150=1;162=1;152=4;1101=1;153=1;154=1;160=1},100,,0,,0,,0,,0,,0,,0,,0
16091,limit_box_rmb10_80508,Mười liên tiếp - đạo cụ mang màu tím - ra khoảng 18 lần sau lần thứ tư,1,10,0.08,0.15,1,11,,,,,,{150=1;162=1;152=3;1101=1;153=1;154=2;160=1},100,{150=1;162=1;152=3;1101=1;153=2;154=1;160=1},100,{150=1;162=1;152=4;1101=1;153=1;154=1;160=1},100,,0,,0,,0,,0,,0,,0,,0
16092,limit_box_rmb10_80508,10 lần liên tiếp - hết đạo cụ mang màu tím - hết khoảng 9 lần sau lần 4,1,10,0.2,0.3,1,5,,,,,,{150=1;162=1;152=3;1101=1;153=1;154=2;160=1},100,{150=1;162=1;152=3;1101=1;153=2;154=1;160=1},100,{150=1;162=1;152=4;1101=1;153=1;154=1;160=1},100,,0,,0,,0,,0,,0,,0,,0
16093,limit_box_rmb10_80508,Mười liên tiếp - Vật liệu thức tỉnh phụ kiện - Xác suất bình thường tiếp theo - 11 lần,1,10,0.06,0.12,,6,,,,,,{150=1;151=1;152=3;1101=1;153=1;154=2;160=1},100,{150=1;151=1;152=3;1101=1;153=2;154=1;160=1},100,{150=1;151=1;152=4;1101=1;153=1;154=1;160=1},100,,0,,0,,0,,0,,0,,0,,0
16094,limit_box_rmb10_80508,Thập ty - Nguyên liệu thức tỉnh phụ kiện - khoảng 5 lần sau lần 2,1,10,0.2,0.3,1,2,,,,,,{150=1;151=1;152=3;1101=1;153=1;154=2;160=1},100,{150=1;151=1;152=3;1101=1;153=2;154=1;160=1},100,{150=1;151=1;152=4;1101=1;153=1;154=1;160=1},100,,0,,0,,0,,0,,0,,0,,0
16095,limit_box_rmb10_80508,Mười thường xuyên,0,1,,,,,,,,,,{150=1;152=3;1101=1;153=2;154=2;160=1},100,{150=1;152=3;1101=1;153=1;154=2;160=1;161=1},100,{150=1;152=3;1101=1;153=1;154=3;160=1},100,{150=1;152=4;1101=1;153=1;154=2;160=1},100,{150=1;152=4;1101=1;153=2;154=1;160=1},100,{150=1;152=4;1101=1;153=1;154=1;160=1;161=1},100,{150=1;152=4;1101=1;153=1;154=2;161=1},100,{150=1;152=3;1101=1;153=1;154=3;160=1},0,,0,,0
,,,,,,,,,,,,,,,,,,,,,,,,,,,,,,,,,
16096,limit_box_rmb1_80525,BidCứ sau 10 lần rút thăm liên tiếp - phải có phụ kiện và đạo cụ nâng cấp sao,3,10,,,,,,,,,,{150=1},100,,0,,0,,0,,0,,0,,0,,0,,0,,0
16097,limit_box_rmb1_80525,Rút đơn thông thường - sản lượng cơ sở,0,1,,,,,,,,,,{152=1},45,{153=1},15,{154=1},15,{160=1},15,{161=1},5,,0,,0,,0,,0,,0
16098,limit_box_rmb10_80525,Mười liên tiếp - đạo cụ mang màu tím - theo dõi với xác suất bình thường - 15 lần,1,10,0.04,0.09,,19,,,,,,{150=1;162=1;152=3;1101=1;153=1;154=2;160=1},100,{150=1;162=1;152=3;1101=1;153=2;154=1;160=1},100,{150=1;162=1;152=4;1101=1;153=1;154=1;160=1},100,,0,,0,,0,,0,,0,,0,,0
16099,limit_box_rmb10_80525,Mười liên tiếp - đạo cụ mang màu tím - ra khoảng 18 lần sau lần thứ tư,1,10,0.08,0.15,1,11,,,,,,{150=1;162=1;152=3;1101=1;153=1;154=2;160=1},100,{150=1;162=1;152=3;1101=1;153=2;154=1;160=1},100,{150=1;162=1;152=4;1101=1;153=1;154=1;160=1},100,,0,,0,,0,,0,,0,,0,,0
16100,limit_box_rmb10_80525,10 lần liên tiếp - hết đạo cụ mang màu tím - hết khoảng 9 lần sau lần 4,1,10,0.2,0.3,1,5,,,,,,{150=1;162=1;152=3;1101=1;153=1;154=2;160=1},100,{150=1;162=1;152=3;1101=1;153=2;154=1;160=1},100,{150=1;162=1;152=4;1101=1;153=1;154=1;160=1},100,,0,,0,,0,,0,,0,,0,,0
16101,limit_box_rmb10_80525,Mười liên tiếp - Vật liệu thức tỉnh phụ kiện - Xác suất bình thường tiếp theo - 11 lần,1,10,0.06,0.12,,6,,,,,,{150=1;151=1;152=3;1101=1;153=1;154=2;160=1},100,{150=1;151=1;152=3;1101=1;153=2;154=1;160=1},100,{150=1;151=1;152=4;1101=1;153=1;154=1;160=1},100,,0,,0,,0,,0,,0,,0,,0
16102,limit_box_rmb10_80525,Thập ty - Nguyên liệu thức tỉnh phụ kiện - khoảng 5 lần sau lần 2,1,10,0.2,0.3,1,2,,,,,,{150=1;151=1;152=3;1101=1;153=1;154=2;160=1},100,{150=1;151=1;152=3;1101=1;153=2;154=1;160=1},100,{150=1;151=1;152=4;1101=1;153=1;154=1;160=1},100,,0,,0,,0,,0,,0,,0,,0
16103,limit_box_rmb10_80525,Mười thường xuyên,0,1,,,,,,,,,,{150=1;152=3;1101=1;153=2;154=2;160=1},100,{150=1;152=3;1101=1;153=1;154=2;160=1;161=1},100,{150=1;152=3;1101=1;153=1;154=3;160=1},100,{150=1;152=4;1101=1;153=1;154=2;160=1},100,{150=1;152=4;1101=1;153=2;154=1;160=1},100,{150=1;152=4;1101=1;153=1;154=1;160=1;161=1},100,{150=1;152=4;1101=1;153=1;154=2;161=1},100,{150=1;152=3;1101=1;153=1;154=3;160=1},0,,0,,0
,,,,,,,,,,,,,,,,,,,,,,,,,,,,,,,,,
16104,limit_card_rmb1_80707,bàn long,3,10,,,,,,,,,,{150=1},50,{165=1},50,,,,,,,,,,,,,,,,
16105,limit_card_rmb1_80707,,0,1,,,,,,,,,,{152=1},450,{153=1},150,{154=1},150,{160=1},150,{161=1},100,{178=1},1,,,,,,,,
16106,limit_card_rmb1_80707,,4,200,,,,,,,,,,{178=1},100,,,,,,,,,,,,,,,,,,
,,,,,,,,,,,,,,,,,,,,,,,,,,,,,,,,,
16107,limit_card_rmb1_80541,theme hero,3,10,,,,,,,,,,{150=1},60,{165=1},20,{166=1},20,,,,,,,,,,,,,,
16108,limit_card_rmb1_80541,,0,1,,,,,,,,,,{152=1},450,{153=1},150,{154=1},150,{160=1},150,{167=1},10,{168=1},1,,,,,,,,
16109,limit_card_rmb1_80541,,4,100,,,,,,,,,,{167=1},100,,,,,,,,,,,,,,,,,,
,,,,,,,,,,,,,,,,,,,,,,,,,,,,,,,,,
,,,,,,,,,,,,,,,,,,,,,,,,,,,,,,,,,
16114,limit_card_rmb1_80568,theme hero,3,10,,,,,,,,,,{150=1},60,{165=1},20,{166=1},20,,,,,,,,,,,,,,
16115,limit_card_rmb1_80568,,0,1,,,,,,,,,,{152=1},450,{153=1},150,{154=1},150,{160=1},150,{167=1},10,{168=1},1,,,,,,,,
16116,limit_card_rmb1_80568,,4,100,,,,,,,,,,{167=1},100,,,,,,,,,,,,,,,,,,
,,,,,,,,,,,,,,,,,,,,,,,,,,,,,,,,,
16117,limit_box_rmb1_80572,BidCứ sau 10 lần rút thăm liên tiếp - phải có phụ kiện và đạo cụ nâng cấp sao,3,10,,,,,,,,,,{150=1},100,,0,,0,,0,,0,,0,,0,,0,,0,,0
16118,limit_box_rmb1_80572,Rút đơn thông thường - sản lượng cơ sở,0,1,,,,,,,,,,{152=1},45,{153=1},15,{154=1},15,{160=1},15,{161=1},5,,0,,0,,0,,0,,0
16119,limit_box_rmb10_80572,Mười liên tiếp - đạo cụ mang màu tím - theo dõi với xác suất bình thường - 15 lần,1,10,0.04,0.09,,19,,,,,,{150=1;162=1;152=3;1101=1;153=1;154=2;160=1},100,{150=1;162=1;152=3;1101=1;153=2;154=1;160=1},100,{150=1;162=1;152=4;1101=1;153=1;154=1;160=1},100,,0,,0,,0,,0,,0,,0,,0
16120,limit_box_rmb10_80572,Mười liên tiếp - đạo cụ mang màu tím - ra khoảng 18 lần sau lần thứ tư,1,10,0.08,0.15,1,11,,,,,,{150=1;162=1;152=3;1101=1;153=1;154=2;160=1},100,{150=1;162=1;152=3;1101=1;153=2;154=1;160=1},100,{150=1;162=1;152=4;1101=1;153=1;154=1;160=1},100,,0,,0,,0,,0,,0,,0,,0
16121,limit_box_rmb10_80572,10 lần liên tiếp - hết đạo cụ mang màu tím - hết khoảng 9 lần sau lần 4,1,10,0.2,0.3,1,5,,,,,,{150=1;162=1;152=3;1101=1;153=1;154=2;160=1},100,{150=1;162=1;152=3;1101=1;153=2;154=1;160=1},100,{150=1;162=1;152=4;1101=1;153=1;154=1;160=1},100,,0,,0,,0,,0,,0,,0,,0
16122,limit_box_rmb10_80572,Mười liên tiếp - Vật liệu thức tỉnh phụ kiện - Xác suất bình thường tiếp theo - 11 lần,1,10,0.06,0.12,,6,,,,,,{150=1;151=1;152=3;1101=1;153=1;154=2;160=1},100,{150=1;151=1;152=3;1101=1;153=2;154=1;160=1},100,{150=1;151=1;152=4;1101=1;153=1;154=1;160=1},100,,0,,0,,0,,0,,0,,0,,0
16123,limit_box_rmb10_80572,Thập ty - Nguyên liệu thức tỉnh phụ kiện - khoảng 5 lần sau lần 2,1,10,0.2,0.3,1,2,,,,,,{150=1;151=1;152=3;1101=1;153=1;154=2;160=1},100,{150=1;151=1;152=3;1101=1;153=2;154=1;160=1},100,{150=1;151=1;152=4;1101=1;153=1;154=1;160=1},100,,0,,0,,0,,0,,0,,0,,0
16124,limit_box_rmb10_80572,Mười thường xuyên,0,1,,,,,,,,,,{150=1;152=3;1101=1;153=2;154=2;160=1},100,{150=1;152=3;1101=1;153=1;154=2;160=1;161=1},100,{150=1;152=3;1101=1;153=1;154=3;160=1},100,{150=1;152=4;1101=1;153=1;154=2;160=1},100,{150=1;152=4;1101=1;153=2;154=1;160=1},100,{150=1;152=4;1101=1;153=1;154=1;160=1;161=1},100,{150=1;152=4;1101=1;153=1;154=2;161=1},100,{150=1;152=3;1101=1;153=1;154=3;160=1},0,,0,,0
,,,,,,,,,,,,,,,,,,,,,,,,,,,,,,,,,
,,,,,,,,,,,,,,,,,,,,,,,,,,,,,,,,,
16125,limit_card_rmb1_80578,theme hero,3,10,,,,,,,,,,{150=1},60,{165=1},20,{166=1},20,,,,,,,,,,,,,,
16126,limit_card_rmb1_80578,,0,1,,,,,,,,,,{152=1},450,{153=1},150,{154=1},150,{160=1},150,{167=1},10,{168=1},1,,,,,,,,
16127,limit_card_rmb1_80578,,4,100,,,,,,,,,,{167=1},100,,,,,,,,,,,,,,,,,,
,,,,,,,,,,,,,,,,,,,,,,,,,,,,,,,,,
16128,limit_rmb1_80580,red,0,1,,,,,,,,,,{201=1},,{1105=1},200,{1107=1},625,{31008=1},150,,,,,,,,,,,,
16129,limit_rmb1_80580,,,1,,,,3,0.15,0.05,0.4,5,10,{201=1},1,,,,,,,,,,,,,,,,,,
16130,limit_rmb1_80580,,,80,,,1,73,0.1,0.05,0.4,9,99999,{31007=1},1,,,,,,,,,,,,,,,,,,
16131,limit_rmb1_80580,,,155,,,999,144,0.1,0.05,0.4,9,71,{31007=1},1,,,,,,,,,,,,,,,,,,
,,,,,,,,,,,,,,,,,,,,,,,,,,,,,,,,,
16132,limit_box_rmb1_80582,BidCứ sau 10 lần rút thăm liên tiếp - phải có phụ kiện và đạo cụ nâng cấp sao,3,10,,,,,,,,,,{150=1},100,,0,,0,,0,,0,,0,,0,,0,,0,,0
16133,limit_box_rmb1_80582,Rút đơn thông thường - sản lượng cơ sở,0,1,,,,,,,,,,{152=1},45,{153=1},15,{154=1},15,{160=1},15,{161=1},5,,0,,0,,0,,0,,0
16134,limit_box_rmb10_80582,Mười liên tiếp - đạo cụ mang màu tím - theo dõi với xác suất bình thường - 15 lần,1,10,0.04,0.09,,19,,,,,,{150=1;162=1;152=3;1101=1;153=1;154=2;160=1},100,{150=1;162=1;152=3;1101=1;153=2;154=1;160=1},100,{150=1;162=1;152=4;1101=1;153=1;154=1;160=1},100,,0,,0,,0,,0,,0,,0,,0
16135,limit_box_rmb10_80582,Mười liên tiếp - đạo cụ mang màu tím - ra khoảng 18 lần sau lần thứ tư,1,10,0.08,0.15,1,11,,,,,,{150=1;162=1;152=3;1101=1;153=1;154=2;160=1},100,{150=1;162=1;152=3;1101=1;153=2;154=1;160=1},100,{150=1;162=1;152=4;1101=1;153=1;154=1;160=1},100,,0,,0,,0,,0,,0,,0,,0
16136,limit_box_rmb10_80582,10 lần liên tiếp - hết đạo cụ mang màu tím - hết khoảng 9 lần sau lần 4,1,10,0.2,0.3,1,5,,,,,,{150=1;162=1;152=3;1101=1;153=1;154=2;160=1},100,{150=1;162=1;152=3;1101=1;153=2;154=1;160=1},100,{150=1;162=1;152=4;1101=1;153=1;154=1;160=1},100,,0,,0,,0,,0,,0,,0,,0
16137,limit_box_rmb10_80582,Mười liên tiếp - Vật liệu thức tỉnh phụ kiện - Xác suất bình thường tiếp theo - 11 lần,1,10,0.06,0.12,,6,,,,,,{150=1;151=1;152=3;1101=1;153=1;154=2;160=1},100,{150=1;151=1;152=3;1101=1;153=2;154=1;160=1},100,{150=1;151=1;152=4;1101=1;153=1;154=1;160=1},100,,0,,0,,0,,0,,0,,0,,0
16138,limit_box_rmb10_80582,Thập ty - Nguyên liệu thức tỉnh phụ kiện - khoảng 5 lần sau lần 2,1,10,0.2,0.3,1,2,,,,,,{150=1;151=1;152=3;1101=1;153=1;154=2;160=1},100,{150=1;151=1;152=3;1101=1;153=2;154=1;160=1},100,{150=1;151=1;152=4;1101=1;153=1;154=1;160=1},100,,0,,0,,0,,0,,0,,0,,0
16139,limit_box_rmb10_80582,Mười thường xuyên,0,1,,,,,,,,,,{150=1;152=3;1101=1;153=2;154=2;160=1},100,{150=1;152=3;1101=1;153=1;154=2;160=1;161=1},100,{150=1;152=3;1101=1;153=1;154=3;160=1},100,{150=1;152=4;1101=1;153=1;154=2;160=1},100,{150=1;152=4;1101=1;153=2;154=1;160=1},100,{150=1;152=4;1101=1;153=1;154=1;160=1;161=1},100,{150=1;152=4;1101=1;153=1;154=2;161=1},100,{150=1;152=3;1101=1;153=1;154=3;160=1},0,,0,,0
,,,,,,,,,,,,,,,,,,,,,,,,,,,,,,,,,
16140,limit_helditem_rmb1_80598,held item draw,3,10,,,,,,,,,,{150=1},50,{163=1},50,,,,,,,,,,,,,,,,
16141,limit_helditem_rmb1_80598,,0,1,,,,,,,,,,{152=1},450,{153=1},150,{154=1},150,{160=1},155,{161=1},90,{701=1},5,,,,,,,,
16142,limit_helditem_rmb1_80598,,4,200,,,,,,,,,,{701=1},100,,,,,,,,,,,,,,,,,,
,,,,,,,,,,,,,,,,,,,,,,,,,,,,,,,,,
,,,,,,,,,,,,,,,,,,,,,,,,,,,,,,,,,
16143,limit_card_rmb1_80651,theme hero,3,10,,,,,,,,,,{150=1},60,{165=1},20,{166=1},20,,,,,,,,,,,,,,
16144,limit_card_rmb1_80651,,0,1,,,,,,,,,,{152=1},450,{153=1},150,{154=1},150,{160=1},150,{167=1},10,{168=1},1,,,,,,,,
16145,limit_card_rmb1_80651,,4,100,,,,,,,,,,{167=1},100,,,,,,,,,,,,,,,,,,
,,,,,,,,,,,,,,,,,,,,,,,,,,,,,,,,,
16150,limit_box_rmb1_80761,BidCứ sau 10 lần rút thăm liên tiếp - phải có phụ kiện và đạo cụ nâng cấp sao,3,10,,,,,,,,,,{150=1},100,,0,,0,,0,,0,,0,,0,,0,,0,,0
16151,limit_box_rmb1_80761,Rút đơn thông thường - sản lượng cơ sở,0,1,,,,,,,,,,{152=1},45,{153=1},15,{154=1},15,{160=1},15,{161=1},5,,0,,0,,0,,0,,0
16152,limit_box_rmb10_80761,Mười liên tiếp - đạo cụ mang màu tím - theo dõi với xác suất bình thường - 15 lần,1,10,0.04,0.09,,19,,,,,,{150=1;162=1;152=3;1101=1;153=1;154=2;160=1},100,{150=1;162=1;152=3;1101=1;153=2;154=1;160=1},100,{150=1;162=1;152=4;1101=1;153=1;154=1;160=1},100,,0,,0,,0,,0,,0,,0,,0
16153,limit_box_rmb10_80761,Mười liên tiếp - đạo cụ mang màu tím - ra khoảng 18 lần sau lần thứ tư,1,10,0.08,0.15,1,11,,,,,,{150=1;162=1;152=3;1101=1;153=1;154=2;160=1},100,{150=1;162=1;152=3;1101=1;153=2;154=1;160=1},100,{150=1;162=1;152=4;1101=1;153=1;154=1;160=1},100,,0,,0,,0,,0,,0,,0,,0
16154,limit_box_rmb10_80761,10 lần liên tiếp - hết đạo cụ mang màu tím - hết khoảng 9 lần sau lần 4,1,10,0.2,0.3,1,5,,,,,,{150=1;162=1;152=3;1101=1;153=1;154=2;160=1},100,{150=1;162=1;152=3;1101=1;153=2;154=1;160=1},100,{150=1;162=1;152=4;1101=1;153=1;154=1;160=1},100,,0,,0,,0,,0,,0,,0,,0
16155,limit_box_rmb10_80761,Mười liên tiếp - Vật liệu thức tỉnh phụ kiện - Xác suất bình thường tiếp theo - 11 lần,1,10,0.06,0.12,,6,,,,,,{150=1;151=1;152=3;1101=1;153=1;154=2;160=1},100,{150=1;151=1;152=3;1101=1;153=2;154=1;160=1},100,{150=1;151=1;152=4;1101=1;153=1;154=1;160=1},100,,0,,0,,0,,0,,0,,0,,0
16156,limit_box_rmb10_80761,Thập ty - Nguyên liệu thức tỉnh phụ kiện - khoảng 5 lần sau lần 2,1,10,0.2,0.3,1,2,,,,,,{150=1;151=1;152=3;1101=1;153=1;154=2;160=1},100,{150=1;151=1;152=3;1101=1;153=2;154=1;160=1},100,{150=1;151=1;152=4;1101=1;153=1;154=1;160=1},100,,0,,0,,0,,0,,0,,0,,0
16157,limit_box_rmb10_80761,Mười thường xuyên,0,1,,,,,,,,,,{150=1;152=3;1101=1;153=2;154=2;160=1},100,{150=1;152=3;1101=1;153=1;154=2;160=1;161=1},100,{150=1;152=3;1101=1;153=1;154=3;160=1},100,{150=1;152=4;1101=1;153=1;154=2;160=1},100,{150=1;152=4;1101=1;153=2;154=1;160=1},100,{150=1;152=4;1101=1;153=1;154=1;160=1;161=1},100,{150=1;152=4;1101=1;153=1;154=2;161=1},100,{150=1;152=3;1101=1;153=1;154=3;160=1},0,,0,,0
,,,,,,,,,,,,,,,,,,,,,,,,,,,,,,,,,
16158,limit_helditem_rmb1_80776,held item draw,3,10,,,,,,,,,,{150=1},50,{163=1},50,,,,,,,,,,,,,,,,
16159,limit_helditem_rmb1_80776,,0,1,,,,,,,,,,{152=1},450,{153=1},150,{154=1},150,{160=1},155,{161=1},90,{702=1},5,,,,,,,,
16160,limit_helditem_rmb1_80776,,4,200,,,,,,,,,,{702=1},100,,,,,,,,,,,,,,,,,,
,,,,,,,,,,,,,,,,,,,,,,,,,,,,,,,,,
16161,limit_explorer_rmb1_80722,explorer,3,15,,,,,,,,,,{172=1},100,,,,,,,,,,,,,,,,,,
16162,limit_explorer_rmb1_80722,,0,1,,,,,,,,,,{175=1},400,{170=1},300,{171=1},200,{172=1},150,{750=1},1,,,,,,,,,,
16163,limit_explorer_rmb1_80722,,4,40,,,,,,,,,,{750=1},100,,,,,,,,,,,,,,,,,,
,,,,,,,,,,,,,,,,,,,,,,,,,,,,,,,,,
16168,limit_card_rmb1_80772,bàn long,3,10,,,,,,,,,,{150=1},50,{165=1},50,,,,,,,,,,,,,,,,
16169,limit_card_rmb1_80772,,0,1,,,,,,,,,,{152=1},450,{153=1},150,{154=1},150,{160=1},150,{161=1},100,{178=1},1,,,,,,,,
16170,limit_card_rmb1_80772,,4,200,,,,,,,,,,{178=1},100,,,,,,,,,,,,,,,,,,
,,,,,,,,,,,,,,,,,,,,,,,,,,,,,,,,,
16171,limit_rmb1_80743,red,0,1,,,,,,,,,,{201=1},,{1105=1},200,{1107=1},625,{31008=1},150,,,,,,,,,,,,
16172,limit_rmb1_80743,,,1,,,,3,0.15,0.05,0.4,5,10,{201=1},1,,,,,,,,,,,,,,,,,,
16173,limit_rmb1_80743,,,80,,,1,73,0.1,0.05,0.4,9,99999,{31007=1},1,,,,,,,,,,,,,,,,,,
16174,limit_rmb1_80743,,,155,,,999,144,0.1,0.05,0.4,9,71,{31007=1},1,,,,,,,,,,,,,,,,,,
,,,,,,,,,,,,,,,,,,,,,,,,,,,,,,,,,
16175,limit_rmb1_80760,red,0,1,,,,,,,,,,{201=1},,{1105=1},200,{1107=1},625,{31008=1},150,,,,,,,,,,,,
16176,limit_rmb1_80760,,,1,,,,3,0.15,0.05,0.4,5,10,{201=1},1,,,,,,,,,,,,,,,,,,
16177,limit_rmb1_80760,,,80,,,1,73,0.1,0.05,0.4,9,99999,{31007=1},1,,,,,,,,,,,,,,,,,,
16178,limit_rmb1_80760,,,155,,,999,144,0.1,0.05,0.4,9,71,{31007=1},1,,,,,,,,,,,,,,,,,,
