VariableName,sceneName_cn,sceneName_tw,sceneName,sceneName_vn,sceneName_th,sceneName_in,sceneName_en,sceneName_ma,sceneName_ph,_beizhu,languages,monsters,boss,icon,gateType,sceneType,roundLimit,backMusic,backGround,bg_boss,bg_boss_pos,openLevel,desc,sceneCount,showLevel,sceneLevel,skillLevel,sceneLevelCorrect,demonCorrect,demonCorrectSelf,limitType,limitArg,firstAward,firstAwardShow,saodangAward,saodangAwardShow,lowestFightingPoint,gateDesc,gateDesc_tw,gateDesc_ma,gateDesc_ph,gateDesc_th,gateDesc_in,gateDesc_en,gateDesc_vn,gateDesc_kr
Defaults,,,,,,,,,,,<cn;tw;en;vn;th;kr;in;ma;ph>,<>,<>,"""""",5,1,10,battle_bgm.mp3,battle/scene/bg_city.jpg,,{x=0;y=70},1,,1,99,1,1,,,,0,<>,{},<>,{},<>,0,No special effect,本關無特殊效果,No special effect,No special effect,No special effect,No special effect,No special effect,không có hiệu ứng đặc biệt trong cấp độ này,해당 스테이지 특수 효과 없음
ID,场景名称,场景名称,场景名称,场景名称,场景名称,场景名称,场景名称,场景名称,场景名称,备注,语言区域,界面显示的普通怪物id<等级;advance=品阶>,界面显示的bossid,关卡入口icon,关卡类型 -客户端战斗用；5-无尽之塔副本；Defaults不用改,服务器专用字段# 0-全局 # 1-世界# 2-章节# 3-精英章节# 4-关卡# 5-精英关卡# 6-噩梦关卡# 7-噩梦章节 # 11:金币活动; # 12:经验活动; # 13:礼物副本;# 14:碎片副本;# 21: 公会副本# 22: 无尽之塔,回合限制数,背景音乐,背景地图,背景boss图,背景boss位置偏移,开放等级,关卡描述,总波数,场景怪物显示用的等级，如空则显示sceneLevel,场景等级修正,技能等级修正,是否自适应角色等级:不填就没有；需要的话读scene_level_correct表的列名；比如填boss,前6修正,己方前6修正,限制条件,限制条件 1-限制可上阵的精灵自然属性 2-限制不可上阵的精灵自然属性 3-我方属性修正 4-敌方属性修正 5-双方属性修正 6-强制上阵特定稀有度的精灵,首通奖励,首通奖励显示<<11;11;1>;<12;11;0>>,扫荡奖励,扫荡奖励显示<<11;11;0>;<12;11;0>>,通关最低战力限制,副本效果,副本效果,副本效果,副本效果,副本效果,副本效果,副本效果,副本效果,副本效果_韩
100001,,,Level 1,Cấp 1,Level 1,Level 1,Level 1,Level 1,Level 1,,,<{level=16;unitId=220013;advance=1};{level=16;unitId=220493;advance=1};{level=16;unitId=222612;advance=1};{level=16;unitId=221931;advance=1};{level=16;unitId=220013;advance=1}>,<{level=16;unitId=251001;advance=2}>,config/portrait/jinglingtouxiang2/img_163.png,,22,,,battle/scene/bg_grass.jpg,,,,,,16,60,60,,,,3,<<1;1;2%>>,{gold=20000;451=30;452=20},<<gold;20000;1>;<451;30;1>;<452;20;1>>,{libs=<110;111>;451=2;gold=2000},<<gold;2000;0>;<451;1;1>;<452;1;1>>,,,,,,,,,,
100002,,,Level 2,Cấp 2,Level 2,Level 2,Level 2,Level 2,Level 2,,,<{level=17;unitId=220044;advance=1};{level=17;unitId=220552;advance=1};{level=17;unitId=222633;advance=1};{level=17;unitId=222013;advance=1};{level=17;unitId=220044;advance=1}>,<{level=17;unitId=251002;advance=2}>,config/portrait/jinglingtouxiang2/img_242.png,,22,,,battle/scene/bg_night.jpg,,,,,,17,63,63,,,,4,<<1;0;2%>;<28;0;2%>>,{502=1;451=30;gold=20000},<<gold;20000;1>;<451;30;1>;<502;1;1>>,{libs=<110;111>;451=2;gold=2000},<<gold;2000;0>;<451;1;1>;<452;1;1>>,,,,,,,,,,
100003,,,Level 3,Cấp 3,Level 3,Level 3,Level 3,Level 3,Level 3,,,<{level=18;unitId=220053;advance=1};{level=18;unitId=220593;advance=1};{level=18;unitId=222683;advance=1};{level=18;unitId=222073;advance=1};{level=18;unitId=220053;advance=1}>,<{level=18;unitId=251003;advance=2}>,config/portrait/jinglingtouxiang2/img_263.png,,22,,,battle/scene/bg_sd.jpg,,,,,,18,66,66,,,,5,<<1;0;5%>>,{rmb=100;451=30;gold=20000},<<gold;20000;1>;<451;30;1>;<rmb;100;1>>,{libs=<110;111>;451=2;gold=2000},<<gold;2000;0>;<451;1;1>;<452;1;1>>,,,,,,,,,,
100004,,,Level 4,Cấp 4,Level 4,Level 4,Level 4,Level 4,Level 4,,,<{level=19;unitId=220082;advance=1};{level=19;unitId=220013;advance=1};{level=19;unitId=222843;advance=1};{level=19;unitId=222593;advance=1};{level=19;unitId=220082;advance=1}>,<{level=19;unitId=251004;advance=2}>,config/portrait/jinglingtouxiang2/img_333.png,,22,,,battle/scene/bg_tower.jpg,,,,,,19,69,69,,,,5,<<27;0;5%>;<26;0;5%>>,{gold=20000;451=30;452=20},<<gold;20000;1>;<451;30;1>;<452;20;1>>,{libs=<110;111>;451=2;gold=2000},<<gold;2000;0>;<451;1;1>;<452;1;1>>,,,,,,,,,,
100005,,,Level 5,Cấp 5,Level 5,Level 5,Level 5,Level 5,Level 5,,,<{level=20;unitId=223293;advance=1};{level=20;unitId=222963;advance=1};{level=20;unitId=220013;advance=1};{level=20;unitId=220793;advance=1};{level=20;unitId=223342;advance=1}>,<{level=20;unitId=251005;advance=2}>,config/portrait/jinglingtouxiang2/img_1393.png,,22,,,battle/scene/bg_grass.jpg,,,,,,20,72,72,,,,5,<<1;1;10%>;<13;0;10%>>,{gold=20000;451=30;519=1},<<gold;20000;1>;<451;30;1>;<519;1;1>>,{gold=2000;452=1;libs=<110;111;112>},<<gold;2000;0>;<451;1;1>;<452;1;1>>,,,,Monsters' attacks have a chance to cause Burn (can be dispelled).,Monsters' attacks have a chance to cause Burn (can be dispelled).,Monsters' attacks have a chance to cause Burn (can be dispelled).,Monsters' attacks have a chance to cause Burn (can be dispelled).,Monsters' attacks have a chance to cause Burn (can be dispelled).,Quái vật tấn công có xác suất gây hiệu ứng đốt cháy (có thể giải tán),
100006,,,Level 6,Cấp 6,Level 6,Level 6,Level 6,Level 6,Level 6,,,<{level=21;unitId=220402;advance=2};{level=21;unitId=220053;advance=2};{level=21;unitId=223283;advance=2};{level=21;unitId=220082;advance=2};{level=21;unitId=220402;advance=2}>,<{level=21;unitId=251006;advance=3}>,config/portrait/jinglingtouxiang2/img_503.png,,22,,,battle/scene/bg_night.jpg,,,,,,21,75,75,,,,3,<<7;1;2%>;<8;1;2%>>,{gold=25000;451=30;452=20},<<gold;25000;1>;<451;30;1>;<452;20;1>>,{libs=<110;111>;451=2;gold=2100},<<gold;2100;0>;<451;1;1>;<452;1;1>>,,,,,,,,,,
100007,,,Level 7,Cấp 7,Level 7,Level 7,Level 7,Level 7,Level 7,,,<{level=22;unitId=220493;advance=2};{level=22;unitId=220082;advance=2};{level=22;unitId=223293;advance=2};{level=22;unitId=220273;advance=2};{level=22;unitId=220493;advance=2}>,<{level=22;unitId=251007;advance=3}>,config/portrait/jinglingtouxiang2/img_572.png,,22,,,battle/scene/bg_sd.jpg,,,,,,22,78,78,,,,4,<<7;0;2%>;<8;0;2%>;<14;0;2%>>,{502=1;451=30;gold=25000},<<gold;25000;1>;<451;30;1>;<502;1;1>>,{libs=<110;111>;451=2;gold=2100},<<gold;2100;0>;<451;1;1>;<452;1;1>>,,,,,,,,,,
100008,,,Level 8,Cấp 8,Level 8,Level 8,Level 8,Level 8,Level 8,,,<{level=23;unitId=220552;advance=2};{level=23;unitId=220273;advance=2};{level=23;unitId=222683;advance=2};{level=23;unitId=220402;advance=2};{level=23;unitId=220552;advance=2}>,<{level=23;unitId=251008;advance=3}>,config/portrait/jinglingtouxiang2/img_593.png,,22,,,battle/scene/bg_tower.jpg,,,,,,23,81,81,,,,5,<<1;0;5%>>,{rmb=100;451=30;gold=25000},<<gold;25000;1>;<451;30;1>;<rmb;100;1>>,{libs=<110;111>;451=2;gold=2100},<<gold;2100;0>;<451;1;1>;<452;1;1>>,,,,,,,,,,
100009,,,Level 9,Cấp 9,Level 9,Level 9,Level 9,Level 9,Level 9,,,<{level=24;unitId=220593;advance=2};{level=24;unitId=220402;advance=2};{level=24;unitId=220013;advance=2};{level=24;unitId=220493;advance=2};{level=24;unitId=220013;advance=2}>,<{level=24;unitId=251009;advance=3}>,config/portrait/jinglingtouxiang2/img_603.png,,22,,,battle/scene/bg_grass.jpg,,,,,,24,84,84,,,,5,<<27;0;5%>;<26;0;5%>>,{gold=25000;451=30;452=20},<<gold;25000;1>;<451;30;1>;<452;20;1>>,{libs=<110;111>;451=2;gold=2100},<<gold;2100;0>;<451;1;1>;<452;1;1>>,,,,,,,,,,
100010,,,Level 10,Cấp 10,Level 10,Level 10,Level 10,Level 10,Level 10,,,<{level=25;unitId=220692;advance=2};{level=25;unitId=220493;advance=2};{level=25;unitId=220044;advance=2};{level=25;unitId=220552;advance=2};{level=25;unitId=220044;advance=2}>,<{level=25;unitId=251010;advance=3}>,config/portrait/jinglingtouxiang2/img_611.png,,22,,,battle/scene/bg_night.jpg,,,,,,25,87,87,,,,5,<<1;1;20%>;<13;0;20%>>,{501=1;451=30;gold=25000},<<gold;25000;1>;<451;30;1>;<501;1;1>>,{gold=2100;452=2;libs=<110;111;112>},<<gold;2100;0>;<451;1;1>;<452;1;1>>,,,,All monsters have increased attack; units in the aura seem to contain a certain power,All monsters have increased attack; units in the aura seem to contain a certain power,All monsters have increased attack; units in the aura seem to contain a certain power,All monsters have increased attack; units in the aura seem to contain a certain power,All monsters have increased attack; units in the aura seem to contain a certain power,"Toàn bộ quái vật tăng cường tấn công, đơn vị trong hào quang dường như chứa đựng một khả năng nào đó",
100011,,,Level 11,Cấp 11,Level 11,Level 11,Level 11,Level 11,Level 11,,,<{level=26;unitId=220793;advance=2};{level=26;unitId=220552;advance=2};{level=26;unitId=220053;advance=2};{level=26;unitId=220593;advance=2};{level=26;unitId=220053;advance=2}>,<{level=26;unitId=251011;advance=3}>,config/portrait/jinglingtouxiang2/img_631.png,,22,,,battle/scene/bg_sd.jpg,,,,,,26,90,90,,,,3,<<9;1;2%>;<10;1;2%>>,{gold=30000;451=30;452=20},<<gold;30000;1>;<451;30;1>;<452;20;1>>,{libs=<110;111>;451=2;gold=2200},<<gold;2200;0>;<451;1;1>;<452;1;1>>,,,,,,,,,,
100012,,,Level 12,Cấp 12,Level 12,Level 12,Level 12,Level 12,Level 12,,,<{level=27;unitId=221221;advance=2};{level=27;unitId=220593;advance=2};{level=27;unitId=220082;advance=2};{level=27;unitId=220692;advance=2};{level=27;unitId=220082;advance=2}>,<{level=27;unitId=251012;advance=3}>,config/portrait/jinglingtouxiang2/img_641.png,,22,,,battle/scene/bg_tower.jpg,,,,,,27,93,93,,,,4,<<9;0;2%>;<10;0;2%>;<17;0;2%>>,{502=1;451=30;gold=30000},<<gold;30000;1>;<451;30;1>;<502;1;1>>,{libs=<110;111>;451=2;gold=2200},<<gold;2200;0>;<451;1;1>;<452;1;1>>,,,,,,,,,,
100013,,,Level 13,Cấp 13,Level 13,Level 13,Level 13,Level 13,Level 13,,,<{level=28;unitId=221903;advance=2};{level=28;unitId=220692;advance=2};{level=28;unitId=220273;advance=2};{level=28;unitId=220793;advance=2};{level=28;unitId=220273;advance=2}>,<{level=28;unitId=251013;advance=3}>,config/portrait/jinglingtouxiang2/img_701.png,,22,,,battle/scene/bg_grass.jpg,,,,,,28,96,96,,,,5,<<9;0;5%>;<10;0;5%>>,{rmb=100;451=30;gold=30000},<<gold;30000;1>;<451;30;1>;<rmb;100;1>>,{libs=<110;111>;451=2;gold=2200},<<gold;2200;0>;<451;1;1>;<452;1;1>>,,,,,,,,,,
100014,,,Level 14,Cấp 14,Level 14,Level 14,Level 14,Level 14,Level 14,,,<{level=29;unitId=221931;advance=2};{level=29;unitId=220793;advance=2};{level=29;unitId=220402;advance=2};{level=29;unitId=220013;advance=2};{level=29;unitId=220402;advance=2}>,<{level=29;unitId=251014;advance=3}>,config/portrait/jinglingtouxiang2/img_712.png,,22,,,battle/scene/bg_night.jpg,,,,,,29,99,99,,,,5,<<9;0;5%>;<10;0;5%>;<22;0;5%>>,{gold=30000;451=30;452=20},<<gold;30000;1>;<451;30;1>;<452;20;1>>,{libs=<110;111>;451=2;gold=2200},<<gold;2200;0>;<451;1;1>;<452;1;1>>,,,,,,,,,,
100015,,,Level 15,Cấp 15,Level 15,Level 15,Level 15,Level 15,Level 15,,,<{level=30;unitId=222013;advance=2};{level=30;unitId=221221;advance=2};{level=30;unitId=220493;advance=2};{level=30;unitId=220044;advance=2};{level=30;unitId=220493;advance=2}>,<{level=30;unitId=251015;advance=3}>,config/portrait/jinglingtouxiang2/img_721.png,,22,,,battle/scene/bg_sd.jpg,,,,,,30,102,102,,,,5,<<9;1;10%>;<10;0;10%>;<13;0;10%>>,{gold=30000;451=30;519=1},<<gold;30000;1>;<451;30;1>;<519;1;1>>,{gold=2200;452=1;libs=<110;111;112>},<<gold;2200;0>;<451;1;1>;<452;1;1>>,,,,Monsters' attacks have a chance to reduce speed.,Monsters' attacks have a chance to reduce speed.,Monsters' attacks have a chance to reduce speed.,Monsters' attacks have a chance to reduce speed.,Monsters' attacks have a chance to reduce speed.,Quái vật tấn công có xác suất giảm tốc độ nhất định,
100016,,,Level 16,Cấp 16,Level 16,Level 16,Level 16,Level 16,Level 16,,,<{level=31;unitId=222073;advance=2};{level=31;unitId=221903;advance=2};{level=31;unitId=220552;advance=2};{level=31;unitId=220053;advance=2};{level=31;unitId=220552;advance=2}>,<{level=31;unitId=251016;advance=3}>,config/portrait/jinglingtouxiang2/img_731.png,,22,,,battle/scene/bg_tower.jpg,,,,,,31,105,105,,,,3,<<13;1;2%>>,{gold=35000;451=30;452=20},<<gold;35000;1>;<451;30;1>;<452;20;1>>,{libs=<110;111>;451=2;gold=2300},<<gold;2300;0>;<451;1;1>;<452;1;1>>,,,,,,,,,,
100017,,,Level 17,Cấp 17,Level 17,Level 17,Level 17,Level 17,Level 17,,,<{level=32;unitId=222593;advance=2};{level=32;unitId=221931;advance=2};{level=32;unitId=220593;advance=2};{level=32;unitId=220082;advance=2};{level=32;unitId=220593;advance=2}>,<{level=32;unitId=251017;advance=3}>,config/portrait/jinglingtouxiang2/img_741.png,,22,,,battle/scene/bg_grass.jpg,,,,,,32,108,108,,,,4,<<13;0;2%>;<24;0;2%>>,{502=1;451=30;gold=35000},<<gold;35000;1>;<451;30;1>;<502;1;1>>,{libs=<110;111>;451=2;gold=2300},<<gold;2300;0>;<451;1;1>;<452;1;1>>,,,,,,,,,,
100018,,,Level 18,Cấp 18,Level 18,Level 18,Level 18,Level 18,Level 18,,,<{level=33;unitId=222612;advance=2};{level=33;unitId=222013;advance=2};{level=33;unitId=220692;advance=2};{level=33;unitId=220273;advance=2};{level=33;unitId=220692;advance=2}>,<{level=33;unitId=251018;advance=3}>,config/portrait/jinglingtouxiang2/img_771.png,,22,,,battle/scene/bg_night.jpg,,,,,,33,111,111,,,,5,<<9;0;5%>;<10;0;5%>>,{rmb=100;451=30;gold=35000},<<gold;35000;1>;<451;30;1>;<rmb;100;1>>,{libs=<110;111>;451=2;gold=2300},<<gold;2300;0>;<451;1;1>;<452;1;1>>,,,,,,,,,,
100019,,,Level 19,Cấp 19,Level 19,Level 19,Level 19,Level 19,Level 19,,,<{level=34;unitId=222633;advance=2};{level=34;unitId=222073;advance=2};{level=34;unitId=220793;advance=2};{level=34;unitId=220402;advance=2};{level=34;unitId=220793;advance=2}>,<{level=34;unitId=251019;advance=3}>,config/portrait/jinglingtouxiang2/img_863.png,,22,,,battle/scene/bg_sd.jpg,,,,,,34,114,114,,,,5,<<9;0;5%>;<10;0;5%>;<22;0;5%>>,{gold=35000;451=30;452=20},<<gold;35000;1>;<451;30;1>;<452;20;1>>,{libs=<110;111>;451=2;gold=2300},<<gold;2300;0>;<451;1;1>;<452;1;1>>,,,,,,,,,,
100020,,,Level 20,Cấp 20,Level 20,Level 20,Level 20,Level 20,Level 20,,,<{level=35;unitId=222683;advance=2};{level=35;unitId=222593;advance=2};{level=35;unitId=221221;advance=2};{level=35;unitId=220493;advance=2};{level=35;unitId=220013;advance=2}>,<{level=35;unitId=251020;advance=3}>,config/portrait/jinglingtouxiang2/img_883.png,,22,,,battle/scene/bg_tower.jpg,,,,,,35,117,117,,,,5,<<9;1;20%>;<10;0;20%>;<13;0;20%>>,{502=3;451=30;gold=35000},<<gold;35000;1>;<451;30;1>;<502;3;1>>,{gold=2300;452=2;libs=<110;111;112>},<<gold;2300;0>;<451;1;1>;<452;1;1>>,,,,All monsters' control rate is increased; the shield on monsters can dispel control,All monsters' control rate is increased; the shield on monsters can dispel control,All monsters' control rate is increased; the shield on monsters can dispel control,All monsters' control rate is increased; the shield on monsters can dispel control,All monsters' control rate is increased; the shield on monsters can dispel control,"Tỷ lệ kiểm soát của toàn bộ quái vật tăng lên, lá chắn trên người quái vật có tác dụng giải trừ kiểm soát",
100021,,,Level 21,Cấp 21,Level 21,Level 21,Level 21,Level 21,Level 21,,,<{level=36;unitId=222843;advance=2};{level=36;unitId=222612;advance=2};{level=36;unitId=221903;advance=2};{level=36;unitId=220552;advance=2};{level=36;unitId=220044;advance=2}>,<{level=36;unitId=251021;advance=3}>,config/portrait/jinglingtouxiang2/img_972.png,,22,,,battle/scene/bg_grass.jpg,,,,,,36,121,121,,,,3,<<1;1;2%>>,{gold=40000;451=30;452=20},<<gold;40000;1>;<451;30;1>;<452;20;1>>,{libs=<110;111>;451=2;gold=2400},<<gold;2400;0>;<451;1;1>;<452;1;1>>,,,,,,,,,,
100022,,,Level 22,Cấp 22,Level 22,Level 22,Level 22,Level 22,Level 22,,,<{level=37;unitId=222963;advance=2};{level=37;unitId=222633;advance=2};{level=37;unitId=221931;advance=2};{level=37;unitId=220593;advance=2};{level=37;unitId=220053;advance=2}>,<{level=37;unitId=251022;advance=3}>,config/portrait/jinglingtouxiang2/img_1071.png,,22,,,battle/scene/bg_night.jpg,,,,,,37,125,125,,,,4,<<1;0;2%>;<28;0;2%>>,{502=1;451=30;gold=40000},<<gold;40000;1>;<451;30;1>;<502;1;1>>,{libs=<110;111>;451=2;gold=2400},<<gold;2400;0>;<451;1;1>;<452;1;1>>,,,,,,,,,,
100023,,,Level 23,Cấp 23,Level 23,Level 23,Level 23,Level 23,Level 23,,,<{level=38;unitId=223283;advance=2};{level=38;unitId=222683;advance=2};{level=38;unitId=222013;advance=2};{level=38;unitId=220692;advance=2};{level=38;unitId=220082;advance=2}>,<{level=38;unitId=251023;advance=3}>,config/portrait/jinglingtouxiang2/img_1032.png,,22,,,battle/scene/bg_sd.jpg,,,,,,38,129,129,,,,5,<<7;0;5%>;<8;0;5%>>,{rmb=100;451=30;gold=40000},<<gold;40000;1>;<451;30;1>;<rmb;100;1>>,{libs=<110;111>;451=2;gold=2400},<<gold;2400;0>;<451;1;1>;<452;1;1>>,,,,,,,,,,
100024,,,Level 24,Cấp 24,Level 24,Level 24,Level 24,Level 24,Level 24,,,<{level=39;unitId=223293;advance=2};{level=39;unitId=222843;advance=2};{level=39;unitId=222073;advance=2};{level=39;unitId=220793;advance=2};{level=39;unitId=220273;advance=2}>,<{level=39;unitId=251024;advance=3}>,config/portrait/jinglingtouxiang2/img_1082.png,,22,,,battle/scene/bg_tower.jpg,,,,,,39,133,133,,,,5,<<1;0;5%>;<22;0;5%>>,{gold=40000;451=30;452=20},<<gold;40000;1>;<451;30;1>;<452;20;1>>,{libs=<110;111>;451=2;gold=2400},<<gold;2400;0>;<451;1;1>;<452;1;1>>,,,,,,,,,,
100025,,,Level 25,Cấp 25,Level 25,Level 25,Level 25,Level 25,Level 25,,,<{level=40;unitId=223342;advance=2};{level=40;unitId=222963;advance=2};{level=40;unitId=222593;advance=2};{level=40;unitId=221221;advance=2};{level=40;unitId=220402;advance=2}>,<{level=40;unitId=251025;advance=3}>,config/portrait/jinglingtouxiang2/img_1231.png,,22,,,battle/scene/bg_grass.jpg,,,,,,40,137,137,,,,5,<<1;1;10%>;<7;0;10%>;<8;0;10%>>,{gold=40000;451=30;519=1},<<gold;40000;1>;<451;30;1>;<519;1;1>>,{gold=2400;452=1;libs=<110;111;112>},<<gold;2400;0>;<451;1;1>;<452;1;1>>,,,,Monsters recover rage before attacking; killing aura units greatly limits rage recovery,Monsters recover rage before attacking; killing aura units greatly limits rage recovery,Monsters recover rage before attacking; killing aura units greatly limits rage recovery,Monsters recover rage before attacking; killing aura units greatly limits rage recovery,Monsters recover rage before attacking; killing aura units greatly limits rage recovery,"Quái vật hồi phục tức giận trước khi tấn công, tiêu diệt đơn vị trong hào quang sẽ hạn chế lớn việc hồi phục tức giận",
100026,,,Level 26,Cấp 26,Level 26,Level 26,Level 26,Level 26,Level 26,,,<{level=41;unitId=223432;advance=3};{level=41;unitId=223283;advance=3};{level=41;unitId=222612;advance=3};{level=41;unitId=221903;advance=3};{level=41;unitId=220493;advance=3}>,<{level=41;unitId=251026;advance=4}>,config/portrait/jinglingtouxiang2/img_1241.png,,22,,,battle/scene/bg_night.jpg,,,,,,41,141,141,,,,3,<<7;1;2%>;<8;1;2%>>,{gold=45000;451=30;452=20},<<gold;45000;1>;<451;30;1>;<452;20;1>>,{libs=<110;111>;451=2;gold=2500},<<gold;2500;0>;<451;1;1>;<452;1;1>>,,,,,,,,,,
100027,,,Level 27,Cấp 27,Level 27,Level 27,Level 27,Level 27,Level 27,,,<{level=42;unitId=223472;advance=3};{level=42;unitId=223293;advance=3};{level=42;unitId=222633;advance=3};{level=42;unitId=221931;advance=3};{level=42;unitId=220552;advance=3}>,<{level=42;unitId=251027;advance=4}>,config/portrait/jinglingtouxiang2/img_1253.png,,22,,,battle/scene/bg_sd.jpg,,,,,,42,145,145,,,,4,<<7;0;2%>;<8;0;2%>;<14;0;2%>>,{502=1;451=30;gold=45000},<<gold;45000;1>;<451;30;1>;<502;1;1>>,{libs=<110;111>;451=2;gold=2500},<<gold;2500;0>;<451;1;1>;<452;1;1>>,,,,,,,,,,
100028,,,Level 28,Cấp 28,Level 28,Level 28,Level 28,Level 28,Level 28,,,<{level=43;unitId=223511;advance=3};{level=43;unitId=223342;advance=3};{level=43;unitId=222683;advance=3};{level=43;unitId=222013;advance=3};{level=43;unitId=220593;advance=3}>,<{level=43;unitId=251028;advance=4}>,config/portrait/jinglingtouxiang2/img_1293.png,,22,,,battle/scene/bg_tower.jpg,,,,,,43,149,149,,,,5,<<7;0;5%>;<8;0;5%>>,{rmb=100;451=30;gold=45000},<<gold;45000;1>;<451;30;1>;<rmb;100;1>>,{libs=<110;111>;451=2;gold=2500},<<gold;2500;0>;<451;1;1>;<452;1;1>>,,,,,,,,,,
100029,,,Level 29,Cấp 29,Level 29,Level 29,Level 29,Level 29,Level 29,,,<{level=44;unitId=223543;advance=3};{level=44;unitId=223432;advance=3};{level=44;unitId=222843;advance=3};{level=44;unitId=222073;advance=3};{level=44;unitId=220692;advance=3}>,<{level=44;unitId=251029;advance=4}>,config/portrait/jinglingtouxiang2/img_1303.png,,22,,,battle/scene/bg_grass.jpg,,,,,,44,153,153,,,,5,<<1;0;5%>;<22;0;5%>>,{gold=45000;451=30;452=20},<<gold;45000;1>;<451;30;1>;<452;20;1>>,{libs=<110;111>;451=2;gold=2500},<<gold;2500;0>;<451;1;1>;<452;1;1>>,,,,,,,,,,
100030,,,Level 30,Cấp 30,Level 30,Level 30,Level 30,Level 30,Level 30,,,<{level=45;unitId=223683;advance=3};{level=45;unitId=223472;advance=3};{level=45;unitId=222963;advance=3};{level=45;unitId=222593;advance=3};{level=45;unitId=220793;advance=3}>,<{level=45;unitId=251030;advance=4}>,config/portrait/jinglingtouxiang2/img_1313.png,,22,,,battle/scene/bg_night.jpg,,,,,,45,157,157,,,,5,<<1;1;20%>;<7;0;20%>;<8;0;20%>>,{501=1;451=30;gold=45000},<<gold;45000;1>;<451;30;1>;<501;1;1>>,{gold=2500;452=2;libs=<110;111;112>},<<gold;2500;0>;<451;1;1>;<452;1;1>>,12872,,,The aura will disappear after several rounds; killing will apply Vulnerable to all heroes.,The aura will disappear after several rounds; killing will apply Vulnerable to all heroes.,The aura will disappear after several rounds; killing will apply Vulnerable to all heroes.,The aura will disappear after several rounds; killing will apply Vulnerable to all heroes.,The aura will disappear after several rounds; killing will apply Vulnerable to all heroes.,"Hào quang sẽ biến mất sau một số vòng đấu, tiêu diệt sẽ thêm hiệu ứng dễ bị tổn thương cho toàn bộ anh hùng",
100031,,,Level 31,Cấp 31,Level 31,Level 31,Level 31,Level 31,Level 31,,,<{level=46;unitId=223772;advance=3};{level=46;unitId=223511;advance=3};{level=46;unitId=223283;advance=3};{level=46;unitId=222612;advance=3};{level=46;unitId=221221;advance=3}>,<{level=46;unitId=251031;advance=4}>,config/portrait/jinglingtouxiang2/img_1393.png,,22,,,battle/scene/bg_sd.jpg,,,,,,46,161,161,,,,3,<<9;1;2%>;<10;1;2%>>,{gold=50000;451=30;452=20},<<gold;50000;1>;<451;30;1>;<452;20;1>>,{libs=<110;111>;451=2;gold=2600},<<gold;2600;0>;<451;1;1>;<452;1;1>>,12872,,,,,,,,,
100032,,,Level 32,Cấp 32,Level 32,Level 32,Level 32,Level 32,Level 32,,,<{level=47;unitId=220013;advance=3};{level=47;unitId=223543;advance=3};{level=47;unitId=223293;advance=3};{level=47;unitId=222633;advance=3};{level=47;unitId=221903;advance=3}>,<{level=47;unitId=251032;advance=4}>,config/portrait/jinglingtouxiang2/img_1381.png,,22,,,battle/scene/bg_tower.jpg,,,,,,47,165,165,,,,4,<<9;0;2%>;<10;0;2%>;<17;0;2%>>,{502=1;451=30;gold=50000},<<gold;50000;1>;<451;30;1>;<502;1;1>>,{libs=<110;111>;451=2;gold=2600},<<gold;2600;0>;<451;1;1>;<452;1;1>>,12872,,,,,,,,,
100033,,,Level 33,Cấp 33,Level 33,Level 33,Level 33,Level 33,Level 33,,,<{level=48;unitId=220044;advance=3};{level=48;unitId=223683;advance=3};{level=48;unitId=223342;advance=3};{level=48;unitId=222683;advance=3};{level=48;unitId=221931;advance=3}>,<{level=48;unitId=251033;advance=4}>,config/portrait/jinglingtouxiang2/img_1423.png,,22,,,battle/scene/bg_grass.jpg,,,,,,48,169,169,,,,5,<<9;0;5%>;<10;0;5%>>,{rmb=100;451=30;gold=50000},<<gold;50000;1>;<451;30;1>;<rmb;100;1>>,{libs=<110;111>;451=2;gold=2600},<<gold;2600;0>;<451;1;1>;<452;1;1>>,12872,,,,,,,,,
100034,,,Level 34,Cấp 34,Level 34,Level 34,Level 34,Level 34,Level 34,,,<{level=49;unitId=220053;advance=3};{level=49;unitId=223772;advance=3};{level=49;unitId=223432;advance=3};{level=49;unitId=222843;advance=3};{level=49;unitId=222013;advance=3}>,<{level=49;unitId=251034;advance=4}>,config/portrait/jinglingtouxiang2/img_1503.png,,22,,,battle/scene/bg_night.jpg,,,,,,49,173,173,,,,5,<<9;0;5%>;<10;0;5%>;<24;0;5%>>,{gold=50000;451=30;452=20},<<gold;50000;1>;<451;30;1>;<452;20;1>>,{libs=<110;111>;451=2;gold=2600},<<gold;2600;0>;<451;1;1>;<452;1;1>>,12872,,,,,,,,,
100035,,,Level 35,Cấp 35,Level 35,Level 35,Level 35,Level 35,Level 35,,,<{level=50;unitId=220082;advance=3};{level=50;unitId=220013;advance=3};{level=50;unitId=223472;advance=3};{level=50;unitId=222963;advance=3};{level=50;unitId=222073;advance=3}>,<{level=50;unitId=251035;advance=4}>,config/portrait/jinglingtouxiang2/img_1612.png,,22,,,battle/scene/bg_sd.jpg,,,,,,50,177,177,,,,5,<<9;1;10%>;<10;0;10%>;<7;0;10%>>,{gold=50000;451=30;519=1},<<gold;50000;1>;<451;30;1>;<519;1;1>>,{gold=2600;452=1;libs=<110;111;112>},<<gold;2600;0>;<451;1;1>;<452;1;1>>,17158,,,All monsters have increased critical rate; killing aura units will remove crit rate.,All monsters have increased critical rate; killing aura units will remove crit rate.,All monsters have increased critical rate; killing aura units will remove crit rate.,All monsters have increased critical rate; killing aura units will remove crit rate.,All monsters have increased critical rate; killing aura units will remove crit rate.,"Toàn bộ quái vật tăng cường tỷ lệ chí mạng, đơn vị trong hào quang bị tiêu diệt sẽ xóa bỏ chí mạng",
100036,,,Level 36,Cấp 36,Level 36,Level 36,Level 36,Level 36,Level 36,,,<{level=51;unitId=220273;advance=4};{level=51;unitId=220044;advance=4};{level=51;unitId=223511;advance=4};{level=51;unitId=223283;advance=4};{level=51;unitId=222593;advance=4}>,<{level=51;unitId=251036;advance=5}>,config/portrait/jinglingtouxiang2/img_1772.png,,22,,,battle/scene/bg_tower.jpg,,,,,,51,181,181,,,,3,<<13;1;2%>>,{gold=55000;451=30;452=20},<<gold;55000;1>;<451;30;1>;<452;20;1>>,{libs=<110;111>;451=2;gold=2700},<<gold;2700;0>;<451;1;1>;<452;1;1>>,17158,,,,,,,,,
100037,,,Level 37,Cấp 37,Level 37,Level 37,Level 37,Level 37,Level 37,,,<{level=52;unitId=220402;advance=4};{level=52;unitId=220053;advance=4};{level=52;unitId=223543;advance=4};{level=52;unitId=223293;advance=4};{level=52;unitId=222612;advance=4}>,<{level=52;unitId=251037;advance=5}>,config/portrait/jinglingtouxiang2/img_1813.png,,22,,,battle/scene/bg_grass.jpg,,,,,,52,185,185,,,,4,<<13;0;2%>;<24;0;2%>>,{502=1;451=30;gold=55000},<<gold;55000;1>;<451;30;1>;<502;1;1>>,{libs=<110;111>;451=2;gold=2700},<<gold;2700;0>;<451;1;1>;<452;1;1>>,17158,,,,,,,,,
100038,,,Level 38,Cấp 38,Level 38,Level 38,Level 38,Level 38,Level 38,,,<{level=53;unitId=220493;advance=4};{level=53;unitId=220082;advance=4};{level=53;unitId=223683;advance=4};{level=53;unitId=223342;advance=4};{level=53;unitId=222633;advance=4}>,<{level=53;unitId=251038;advance=5}>,config/portrait/jinglingtouxiang2/img_1841.png,,22,,,battle/scene/bg_night.jpg,,,,,,53,189,189,,,,5,<<9;0;5%>;<10;0;5%>>,{rmb=100;451=30;gold=55000},<<gold;55000;1>;<451;30;1>;<rmb;100;1>>,{libs=<110;111>;451=2;gold=2700},<<gold;2700;0>;<451;1;1>;<452;1;1>>,17158,,,,,,,,,
100039,,,Level 39,Cấp 39,Level 39,Level 39,Level 39,Level 39,Level 39,,,<{level=54;unitId=220552;advance=4};{level=54;unitId=220273;advance=4};{level=54;unitId=223772;advance=4};{level=54;unitId=223432;advance=4};{level=54;unitId=222683;advance=4}>,<{level=54;unitId=251039;advance=5}>,config/portrait/jinglingtouxiang2/img_1893.png,,22,,,battle/scene/bg_sd.jpg,,,,,,54,193,193,,,,5,<<9;0;5%>;<10;0;5%>;<24;0;5%>>,{gold=55000;451=30;452=20},<<gold;55000;1>;<451;30;1>;<452;20;1>>,{libs=<110;111>;451=2;gold=2700},<<gold;2700;0>;<451;1;1>;<452;1;1>>,17158,,,,,,,,,
100040,,,Level 40,Cấp 40,Level 40,Level 40,Level 40,Level 40,Level 40,,,<{level=55;unitId=220593;advance=4};{level=55;unitId=220402;advance=4};{level=55;unitId=220013;advance=4};{level=55;unitId=223472;advance=4};{level=55;unitId=222843;advance=4}>,<{level=55;unitId=251040;advance=5}>,config/portrait/jinglingtouxiang2/img_1911.png,,22,,,battle/scene/bg_tower.jpg,,,,,,55,197,197,,,,5,<<9;1;20%>;<10;0;20%>;<8;0;20%>>,{rmb=300;451=30;gold=55000},<<gold;55000;1>;<451;30;1>;<rmb;300;1>>,{gold=2700;452=2;libs=<110;111;112>},<<gold;2700;0>;<451;1;1>;<452;1;1>>,18878,,,All monsters have certain reflect damage; killing aura units grants life steal effect.,All monsters have certain reflect damage; killing aura units grants life steal effect.,All monsters have certain reflect damage; killing aura units grants life steal effect.,All monsters have certain reflect damage; killing aura units grants life steal effect.,All monsters have certain reflect damage; killing aura units grants life steal effect.,"Toàn bộ quái vật có phản sát thương nhất định, tiêu diệt đơn vị trong hào quang sẽ nhận hiệu ứng hút máu",
100041,,,Level 41,Cấp 41,Level 41,Level 41,Level 41,Level 41,Level 41,,,<{level=56;unitId=220692;advance=4};{level=56;unitId=220493;advance=4};{level=56;unitId=220044;advance=4};{level=56;unitId=223511;advance=4};{level=56;unitId=222963;advance=4}>,<{level=56;unitId=251041;advance=5}>,config/portrait/jinglingtouxiang2/img_1941.png,,22,,,battle/scene/bg_grass.jpg,,,,,,56,201,201,,,,3,<<1;1;3%>>,{gold=60000;451=30;452=20},<<gold;60000;1>;<451;30;1>;<452;20;1>>,{libs=<110;111>;451=2;gold=2800},<<gold;2800;0>;<451;1;1>;<452;1;1>>,18878,,,,,,,,,
100042,,,Level 42,Cấp 42,Level 42,Level 42,Level 42,Level 42,Level 42,,,<{level=57;unitId=220793;advance=4};{level=57;unitId=220552;advance=4};{level=57;unitId=220053;advance=4};{level=57;unitId=223543;advance=4};{level=57;unitId=223283;advance=4}>,<{level=57;unitId=251042;advance=5}>,config/portrait/jinglingtouxiang2/img_1951.png,,22,,,battle/scene/bg_night.jpg,,,,,,57,205,205,,,,4,<<1;0;3%>;<28;0;3%>>,{502=1;451=30;gold=60000},<<gold;60000;1>;<451;30;1>;<502;1;1>>,{libs=<110;111>;451=2;gold=2800},<<gold;2800;0>;<451;1;1>;<452;1;1>>,18878,,,,,,,,,
100043,,,Level 43,Cấp 43,Level 43,Level 43,Level 43,Level 43,Level 43,,,<{level=58;unitId=221221;advance=4};{level=58;unitId=220593;advance=4};{level=58;unitId=220082;advance=4};{level=58;unitId=223683;advance=4};{level=58;unitId=223293;advance=4}>,<{level=58;unitId=251043;advance=5}>,config/portrait/jinglingtouxiang2/img_2023.png,,22,,,battle/scene/bg_sd.jpg,,,,,,58,209,209,,,,5,<<27;0;5%>;<24;0;5%>>,{rmb=100;451=30;gold=60000},<<gold;60000;1>;<451;30;1>;<rmb;100;1>>,{libs=<110;111>;451=2;gold=2800},<<gold;2800;0>;<451;1;1>;<452;1;1>>,18878,,,,,,,,,
100044,,,Level 44,Cấp 44,Level 44,Level 44,Level 44,Level 44,Level 44,,,<{level=59;unitId=221903;advance=4};{level=59;unitId=220692;advance=4};{level=59;unitId=220273;advance=4};{level=59;unitId=223772;advance=4};{level=59;unitId=223342;advance=4}>,<{level=59;unitId=251044;advance=5}>,config/portrait/jinglingtouxiang2/img_2033.png,,22,,,battle/scene/bg_tower.jpg,,,,,,59,213,213,,,,5,<<1;0;5%>;<24;0;5%>>,{gold=60000;451=30;452=20},<<gold;60000;1>;<451;30;1>;<452;20;1>>,{libs=<110;111>;451=2;gold=2800},<<gold;2800;0>;<451;1;1>;<452;1;1>>,18878,,,,,,,,,
100045,,,Level 45,Cấp 45,Level 45,Level 45,Level 45,Level 45,Level 45,,,<{level=60;unitId=221931;advance=4};{level=60;unitId=220793;advance=4};{level=60;unitId=220402;advance=4};{level=60;unitId=220013;advance=4};{level=60;unitId=223432;advance=4}>,<{level=60;unitId=251045;advance=5}>,config/portrait/jinglingtouxiang2/img_2233.png,,22,,,battle/scene/bg_grass.jpg,,,,,,60,217,217,,,,5,<<27;0;10%>;<24;0;10%>>,{gold=60000;451=30;519=1},<<gold;60000;1>;<451;30;1>;<519;1;1>>,{gold=2800;452=1;libs=<110;111;112>},<<gold;2800;0>;<451;1;1>;<452;1;1>>,21450,,,All monsters' control rate increases; killing aura units grants control immunity to all heroes.,All monsters' control rate increases; killing aura units grants control immunity to all heroes.,All monsters' control rate increases; killing aura units grants control immunity to all heroes.,All monsters' control rate increases; killing aura units grants control immunity to all heroes.,All monsters' control rate increases; killing aura units grants control immunity to all heroes.,"Tỷ lệ kiểm soát của toàn bộ quái vật tăng lên, tiêu diệt đơn vị trong hào quang sẽ tăng tỷ lệ miễn kiểm soát cho toàn bộ anh hùng",
100046,,,Level 46,Cấp 46,Level 46,Level 46,Level 46,Level 46,Level 46,,,<{level=61;unitId=222013;advance=5};{level=61;unitId=221221;advance=5};{level=61;unitId=220493;advance=5};{level=61;unitId=220044;advance=5};{level=61;unitId=223472;advance=5}>,<{level=61;unitId=251046;advance=6}>,config/portrait/jinglingtouxiang2/img_2242.png,,22,,,battle/scene/bg_night.jpg,,,,,,61,221,221,,,,3,<<7;1;3%>;<8;1;3%>>,{gold=65000;451=30;452=20},<<gold;65000;1>;<451;30;1>;<452;20;1>>,{libs=<110;111>;451=2;gold=2900},<<gold;2900;0>;<451;1;1>;<452;1;1>>,21450,,,,,,,,,
100047,,,Level 47,Cấp 47,Level 47,Level 47,Level 47,Level 47,Level 47,,,<{level=62;unitId=222073;advance=5};{level=62;unitId=221903;advance=5};{level=62;unitId=220552;advance=5};{level=62;unitId=220053;advance=5};{level=62;unitId=223511;advance=5}>,<{level=62;unitId=251047;advance=6}>,config/portrait/jinglingtouxiang2/img_2401.png,,22,,,battle/scene/bg_sd.jpg,,,,,,62,225,225,,,,4,<<7;0;3%>;<8;0;3%>;<14;0;3%>>,{502=1;451=30;gold=65000},<<gold;65000;1>;<451;30;1>;<502;1;1>>,{libs=<110;111>;451=2;gold=2900},<<gold;2900;0>;<451;1;1>;<452;1;1>>,21450,,,,,,,,,
100048,,,Level 48,Cấp 48,Level 48,Level 48,Level 48,Level 48,Level 48,,,<{level=63;unitId=222593;advance=5};{level=63;unitId=221931;advance=5};{level=63;unitId=220593;advance=5};{level=63;unitId=220082;advance=5};{level=63;unitId=223543;advance=5}>,<{level=63;unitId=251048;advance=6}>,config/portrait/jinglingtouxiang2/img_2493.png,,22,,,battle/scene/bg_tower.jpg,,,,,,63,229,229,,,,5,<<27;0;5%>;<24;0;5%>>,{rmb=100;451=30;gold=65000},<<gold;65000;1>;<451;30;1>;<rmb;100;1>>,{libs=<110;111>;451=2;gold=2900},<<gold;2900;0>;<451;1;1>;<452;1;1>>,21450,,,,,,,,,
100049,,,Level 49,Cấp 49,Level 49,Level 49,Level 49,Level 49,Level 49,,,<{level=64;unitId=222612;advance=5};{level=64;unitId=222013;advance=5};{level=64;unitId=220692;advance=5};{level=64;unitId=220273;advance=5};{level=64;unitId=223683;advance=5}>,<{level=64;unitId=251049;advance=6}>,config/portrait/jinglingtouxiang2/img_2723.png,,22,,,battle/scene/bg_grass.jpg,,,,,,64,233,233,,,,5,<<1;0;5%>;<24;0;5%>>,{gold=65000;451=30;452=20},<<gold;65000;1>;<451;30;1>;<452;20;1>>,{libs=<110;111>;451=2;gold=2900},<<gold;2900;0>;<451;1;1>;<452;1;1>>,21450,,,,,,,,,
100050,,,Level 50,Cấp 50,Level 50,Level 50,Level 50,Level 50,Level 50,,,<{level=65;unitId=222633;advance=5};{level=65;unitId=222073;advance=5};{level=65;unitId=220793;advance=5};{level=65;unitId=220402;advance=5};{level=65;unitId=223772;advance=5}>,<{level=65;unitId=251050;advance=6}>,config/portrait/jinglingtouxiang2/img_3003.png,,22,,,battle/scene/bg_night.jpg,,,,,,65,237,237,,,,5,<<27;0;20%>;<24;0;20%>>,{6050=1;451=30;gold=65000},<<gold;65000;1>;<451;30;1>;<6050;1;1>>,{gold=2900;452=2;libs=<110;111;112>},<<gold;2900;0>;<451;1;1>;<452;1;1>>,25742,,,"The front row looks sturdy, the back row seems fragile.","The front row looks sturdy, the back row seems fragile.","The front row looks sturdy, the back row seems fragile.","The front row looks sturdy, the back row seems fragile.","The front row looks sturdy, the back row seems fragile.","Đội hình phía trước trông có vẻ dày dạn, phía sau có vẻ yếu ớt",
100051,,,Level 51,Cấp 51,Level 51,Level 51,Level 51,Level 51,Level 51,,,<{level=66;unitId=230013;advance=5};{level=67;unitId=232593;advance=5};{level=66;unitId=231221;advance=5};{level=66;unitId=230493;advance=5};{level=66;unitId=230611;advance=5}>,<{level=67;unitId=251051;advance=6}>,config/portrait/jinglingtouxiang2/img_3021.png,,22,,,battle/scene/bg_sd.jpg,,,,,,67,241,241,,,,3,<<9;1;3%>;<10;1;3%>>,{gold=70000;451=30;452=20},<<gold;70000;1>;<451;30;1>;<452;20;1>>,{libs=<110;111>;451=2;gold=3000},<<gold;3000;0>;<451;1;1>;<452;1;1>>,25742,,,,,,,,,
100052,,,Level 52,Cấp 52,Level 52,Level 52,Level 52,Level 52,Level 52,,,<{level=67;unitId=230044;advance=5};{level=69;unitId=232612;advance=5};{level=67;unitId=231903;advance=5};{level=67;unitId=230552;advance=5};{level=67;unitId=230712;advance=5}>,<{level=69;unitId=251052;advance=6}>,config/portrait/jinglingtouxiang2/img_3143.png,,22,,,battle/scene/bg_tower.jpg,,,,,,69,245,245,,,,4,<<9;0;3%>;<10;0;3%>;<17;0;3%>>,{502=1;451=30;gold=70000},<<gold;70000;1>;<451;30;1>;<502;1;1>>,{libs=<110;111>;451=2;gold=3000},<<gold;3000;0>;<451;1;1>;<452;1;1>>,25742,,,,,,,,,
100053,,,Level 53,Cấp 53,Level 53,Level 53,Level 53,Level 53,Level 53,,,<{level=68;unitId=230053;advance=6};{level=71;unitId=232633;advance=6};{level=68;unitId=231931;advance=6};{level=68;unitId=230593;advance=6};{level=68;unitId=230972;advance=6}>,<{level=71;unitId=251053;advance=7}>,config/portrait/jinglingtouxiang2/img_3152.png,,22,,,battle/scene/bg_grass.jpg,,,,,,71,249,249,,,,5,<<1;0;5%>;<24;0;5%>>,{rmb=100;451=30;gold=70000},<<gold;70000;1>;<451;30;1>;<rmb;100;1>>,{libs=<110;111>;451=2;gold=3000},<<gold;3000;0>;<451;1;1>;<452;1;1>>,25742,,,,,,,,,
100054,,,Level 54,Cấp 54,Level 54,Level 54,Level 54,Level 54,Level 54,,,<{level=69;unitId=230082;advance=6};{level=73;unitId=232683;advance=6};{level=69;unitId=232013;advance=6};{level=69;unitId=230692;advance=6};{level=69;unitId=231071;advance=6}>,<{level=73;unitId=251054;advance=7}>,config/portrait/jinglingtouxiang2/img_3161.png,,22,,,battle/scene/bg_night.jpg,,,,,,73,253,253,,,,5,<<27;0;5%>;<24;0;5%>>,{gold=70000;451=30;452=20},<<gold;70000;1>;<451;30;1>;<452;20;1>>,{libs=<110;111>;451=2;gold=3000},<<gold;3000;0>;<451;1;1>;<452;1;1>>,25742,,,,,,,,,
100055,,,Level 55,Cấp 55,Level 55,Level 55,Level 55,Level 55,Level 55,,,<{level=70;unitId=230163;advance=6};{level=75;unitId=232843;advance=6};{level=70;unitId=232073;advance=6};{level=70;unitId=230793;advance=6};{level=70;unitId=230273;advance=6}>,<{level=75;unitId=251055;advance=7}>,config/portrait/jinglingtouxiang2/img_3171.png,,22,,,battle/scene/bg_sd.jpg,,,,,,75,257,257,,,,5,<<1;1;10%>;<24;0;10%>>,{gold=70000;451=30;519=1},<<gold;70000;1>;<451;30;1>;<519;1;1>>,{gold=3000;452=1;libs=<110;111;112>},<<gold;3000;0>;<451;1;1>;<452;1;1>>,34322,,,Randomly greatly increases one unit’s physical defense.,Randomly greatly increases one unit’s physical defense.,Randomly greatly increases one unit’s physical defense.,Randomly greatly increases one unit’s physical defense.,Randomly greatly increases one unit’s physical defense.,Ngẫu nhiên một đơn vị tăng cường phòng thủ vật lý đáng kể,
100056,,,Level 56,Cấp 56,Level 56,Level 56,Level 56,Level 56,Level 56,,,<{level=71;unitId=230242;advance=6};{level=77;unitId=232963;advance=6};{level=71;unitId=232593;advance=6};{level=71;unitId=231221;advance=6};{level=71;unitId=230402;advance=6}>,<{level=77;unitId=251056;advance=7}>,config/portrait/jinglingtouxiang2/img_3181.png,,22,,,battle/scene/bg_tower.jpg,,,,,,77,261,261,,,,3,<<13;1;3%>>,{gold=75000;451=30;452=20},<<gold;75000;1>;<451;30;1>;<452;20;1>>,{libs=<110;111>;451=2;gold=3100},<<gold;3100;0>;<451;1;1>;<452;1;1>>,34322,,,,,,,,,
100057,,,Level 57,Cấp 57,Level 57,Level 57,Level 57,Level 57,Level 57,,,<{level=72;unitId=230273;advance=6};{level=79;unitId=233283;advance=6};{level=72;unitId=232612;advance=6};{level=72;unitId=231903;advance=6};{level=72;unitId=230493;advance=6}>,<{level=79;unitId=251057;advance=7}>,config/portrait/jinglingtouxiang2/img_3251.png,,22,,,battle/scene/bg_grass.jpg,,,,,,79,265,265,,,,4,<<13;0;3%>;<24;0;3%>>,{502=1;451=30;gold=75000},<<gold;75000;1>;<451;30;1>;<502;1;1>>,{libs=<110;111>;451=2;gold=3100},<<gold;3100;0>;<451;1;1>;<452;1;1>>,34322,,,,,,,,,
100058,,,Level 58,Cấp 58,Level 58,Level 58,Level 58,Level 58,Level 58,,,<{level=73;unitId=230333;advance=7};{level=81;unitId=233293;advance=7};{level=73;unitId=232633;advance=7};{level=73;unitId=231931;advance=7};{level=73;unitId=230552;advance=7}>,<{level=81;unitId=251058;advance=8}>,config/portrait/jinglingtouxiang2/img_3303.png,,22,,,battle/scene/bg_night.jpg,,,,,,81,269,269,,,,5,<<1;0;5%>;<24;0;5%>>,{rmb=100;451=30;gold=75000},<<gold;75000;1>;<451;30;1>;<rmb;100;1>>,{libs=<110;111>;451=2;gold=3100},<<gold;3100;0>;<451;1;1>;<452;1;1>>,34322,,,,,,,,,
100059,,,Level 59,Cấp 59,Level 59,Level 59,Level 59,Level 59,Level 59,,,<{level=74;unitId=230402;advance=7};{level=83;unitId=233342;advance=7};{level=74;unitId=232683;advance=7};{level=74;unitId=232013;advance=7};{level=74;unitId=230593;advance=7}>,<{level=83;unitId=251059;advance=8}>,config/portrait/jinglingtouxiang2/img_3353.png,,22,,,battle/scene/bg_sd.jpg,,,,,,83,273,273,,,,5,<<27;0;5%>;<24;0;5%>>,{gold=75000;451=30;452=20},<<gold;75000;1>;<451;30;1>;<452;20;1>>,{libs=<110;111>;451=2;gold=3100},<<gold;3100;0>;<451;1;1>;<452;1;1>>,34322,,,,,,,,,
100060,,,Level 60,Cấp 60,Level 60,Level 60,Level 60,Level 60,Level 60,,,<{level=75;unitId=230493;advance=7};{level=85;unitId=233432;advance=7};{level=75;unitId=232843;advance=7};{level=75;unitId=232073;advance=7};{level=75;unitId=230692;advance=7}>,<{level=85;unitId=251060;advance=8}>,config/portrait/jinglingtouxiang2/img_3592.png,,22,,,battle/scene/bg_tower.jpg,,,,,,85,277,277,,,,5,<<1;1;20%>;<24;0;20%>>,{501=1;451=30;gold=75000},<<gold;75000;1>;<451;30;1>;<501;1;1>>,{gold=3100;452=2;libs=<110;111;112>},<<gold;3100;0>;<451;1;1>;<452;1;1>>,42901,,,All monsters' control rate increases; killing aura units grants control immunity to all heroes.,All monsters' control rate increases; killing aura units grants control immunity to all heroes.,All monsters' control rate increases; killing aura units grants control immunity to all heroes.,All monsters' control rate increases; killing aura units grants control immunity to all heroes.,All monsters' control rate increases; killing aura units grants control immunity to all heroes.,"Tỷ lệ kiểm soát của toàn bộ quái vật tăng lên, tiêu diệt đơn vị trong hào quang sẽ tăng tỷ lệ miễn kiểm soát cho toàn bộ anh hùng",
100061,,,Level 61,Cấp 61,Level 61,Level 61,Level 61,Level 61,Level 61,,,<{level=76;unitId=230503;advance=7};{level=87;unitId=233472;advance=7};{level=76;unitId=232963;advance=7};{level=76;unitId=232593;advance=7};{level=76;unitId=230793;advance=7}>,<{level=87;unitId=251061;advance=8}>,config/portrait/jinglingtouxiang2/img_3663.png,,22,,,battle/scene/bg_grass.jpg,,,,,,87,282,282,,,,3,<<1;1;3%>>,{gold=80000;451=30;452=20},<<gold;80000;1>;<451;30;1>;<452;20;1>>,{libs=<110;111>;451=2;gold=3200},<<gold;3200;0>;<451;1;1>;<452;1;1>>,42901,,,,,,,,,
100062,,,Level 62,Cấp 62,Level 62,Level 62,Level 62,Level 62,Level 62,,,<{level=77;unitId=230552;advance=7};{level=89;unitId=233511;advance=7};{level=77;unitId=233283;advance=7};{level=77;unitId=232612;advance=7};{level=77;unitId=231221;advance=7}>,<{level=89;unitId=251062;advance=8}>,config/portrait/jinglingtouxiang2/img_3673.png,,22,,,battle/scene/bg_night.jpg,,,,,,89,287,287,,,,4,<<1;0;3%>;<28;0;3%>>,{502=1;451=30;gold=80000},<<gold;80000;1>;<451;30;1>;<502;1;1>>,{libs=<110;111>;451=2;gold=3200},<<gold;3200;0>;<451;1;1>;<452;1;1>>,42901,,,,,,,,,
100063,,,Level 63,Cấp 63,Level 63,Level 63,Level 63,Level 63,Level 63,,,<{level=78;unitId=230593;advance=8};{level=91;unitId=233543;advance=8};{level=78;unitId=233293;advance=8};{level=78;unitId=232633;advance=8};{level=78;unitId=231903;advance=8}>,<{level=91;unitId=251063;advance=9}>,config/portrait/jinglingtouxiang2/img_7001.png,,22,,,battle/scene/bg_sd.jpg,,,,,,91,292,292,,,,5,<<9;0;5%>;<10;0;5%>;<24;0;5%>>,{rmb=100;451=30;gold=80000},<<gold;80000;1>;<451;30;1>;<rmb;100;1>>,{libs=<110;111>;451=2;gold=3200},<<gold;3200;0>;<451;1;1>;<452;1;1>>,42901,,,,,,,,,
100064,,,Level 64,Cấp 64,Level 64,Level 64,Level 64,Level 64,Level 64,,,<{level=79;unitId=230603;advance=8};{level=93;unitId=233683;advance=8};{level=79;unitId=233342;advance=8};{level=79;unitId=232683;advance=8};{level=79;unitId=231931;advance=8}>,<{level=93;unitId=251064;advance=9}>,config/portrait/jinglingtouxiang2/img_163.png,,22,,,battle/scene/bg_tower.jpg,,,,,,93,297,297,,,,5,<<9;0;5%>;<10;0;5%>>,{gold=80000;451=30;452=20},<<gold;80000;1>;<451;30;1>;<452;20;1>>,{libs=<110;111>;451=2;gold=3200},<<gold;3200;0>;<451;1;1>;<452;1;1>>,42901,,,,,,,,,
100065,,,Level 65,Cấp 65,Level 65,Level 65,Level 65,Level 65,Level 65,,,<{level=80;unitId=230611;advance=8};{level=95;unitId=233772;advance=8};{level=80;unitId=233432;advance=8};{level=80;unitId=232843;advance=8};{level=80;unitId=232013;advance=8}>,<{level=95;unitId=251065;advance=9}>,config/portrait/jinglingtouxiang2/img_242.png,,22,,,battle/scene/bg_grass.jpg,,,,,,95,302,302,,,,5,<<9;1;10%>;<10;0;10%>;<24;0;10%>>,{gold=80000;451=30;519=1},<<gold;80000;1>;<451;30;1>;<519;1;1>>,{gold=3200;452=1;libs=<110;111;112>},<<gold;3200;0>;<451;1;1>;<452;1;1>>,47193,,,Monsters' attacks have a chance to poison; killing aura units restores some HP to heroes.,Monsters' attacks have a chance to poison; killing aura units restores some HP to heroes.,Monsters' attacks have a chance to poison; killing aura units restores some HP to heroes.,Monsters' attacks have a chance to poison; killing aura units restores some HP to heroes.,Monsters' attacks have a chance to poison; killing aura units restores some HP to heroes.,"Quái vật tấn công có xác suất gây độc, tiêu diệt đơn vị trong hào quang sẽ hồi phục một ít máu cho anh hùng",
100066,,,Level 66,Cấp 66,Level 66,Level 66,Level 66,Level 66,Level 66,,,<{level=81;unitId=230632;advance=8};{level=97;unitId=232633;advance=8};{level=81;unitId=233472;advance=8};{level=81;unitId=232963;advance=8};{level=81;unitId=232073;advance=8}>,<{level=97;unitId=251066;advance=9}>,config/portrait/jinglingtouxiang2/img_263.png,,22,,,battle/scene/bg_night.jpg,,,,,,97,307,307,,,,3,<<7;1;3%>;<8;1;3%>>,{gold=85000;451=30;452=20},<<gold;85000;1>;<451;30;1>;<452;20;1>>,{libs=<110;111>;451=2;gold=3300},<<gold;3300;0>;<451;1;1>;<452;1;1>>,47193,,,,,,,,,
100067,,,Level 67,Cấp 67,Level 67,Level 67,Level 67,Level 67,Level 67,,,<{level=82;unitId=230641;advance=8};{level=99;unitId=230013;advance=8};{level=82;unitId=233511;advance=8};{level=82;unitId=233283;advance=8};{level=82;unitId=232593;advance=8}>,<{level=99;unitId=251067;advance=9}>,config/portrait/jinglingtouxiang2/img_333.png,,22,,,battle/scene/bg_sd.jpg,,,,,,,312,312,,,,4,<<7;0;3%>;<8;0;3%>;<14;0;3%>>,{502=1;451=30;gold=85000},<<gold;85000;1>;<451;30;1>;<502;1;1>>,{libs=<110;111>;451=2;gold=3300},<<gold;3300;0>;<451;1;1>;<452;1;1>>,47193,,,,,,,,,
100068,,,Level 68,Cấp 68,Level 68,Level 68,Level 68,Level 68,Level 68,,,<{level=83;unitId=230692;advance=9};{level=101;unitId=230044;advance=9};{level=83;unitId=233543;advance=9};{level=83;unitId=233293;advance=9};{level=83;unitId=232612;advance=9}>,<{level=101;unitId=251068;advance=10}>,config/portrait/jinglingtouxiang2/img_393.png,,22,,,battle/scene/bg_tower.jpg,,,,,,101,317,317,,,,5,<<9;0;5%>;<10;0;5%>;<24;0;5%>>,{rmb=100;451=30;gold=85000},<<gold;85000;1>;<451;30;1>;<rmb;100;1>>,{libs=<110;111>;451=2;gold=3300},<<gold;3300;0>;<451;1;1>;<452;1;1>>,47193,,,,,,,,,
100069,,,Level 69,Cấp 69,Level 69,Level 69,Level 69,Level 69,Level 69,,,<{level=84;unitId=230712;advance=9};{level=103;unitId=230053;advance=9};{level=84;unitId=233683;advance=9};{level=84;unitId=233342;advance=9};{level=84;unitId=232633;advance=9}>,<{level=103;unitId=251069;advance=10}>,config/portrait/jinglingtouxiang2/img_503.png,,22,,,battle/scene/bg_grass.jpg,,,,,,103,322,322,,,,5,<<9;0;5%>;<10;0;5%>>,{gold=85000;451=30;452=20},<<gold;85000;1>;<451;30;1>;<452;20;1>>,{libs=<110;111>;451=2;gold=3300},<<gold;3300;0>;<451;1;1>;<452;1;1>>,47193,,,,,,,,,
100070,,,Level 70,Cấp 70,Level 70,Level 70,Level 70,Level 70,Level 70,,,<{level=85;unitId=230731;advance=9};{level=105;unitId=230082;advance=9};{level=85;unitId=233772;advance=9};{level=85;unitId=233432;advance=9};{level=85;unitId=232683;advance=9}>,<{level=105;unitId=251070;advance=10}>,config/portrait/jinglingtouxiang2/img_572.png,,22,,,battle/scene/bg_night.jpg,,,,,,105,327,327,,,,5,<<9;1;20%>;<10;0;20%>;<24;0;20%>>,{502=3;451=30;gold=85000},<<gold;85000;1>;<451;30;1>;<502;3;1>>,{gold=3300;452=2;libs=<110;111;112>},<<gold;3300;0>;<451;1;1>;<452;1;1>>,55772,,,Aura units dying will cause AOE damage.,Aura units dying will cause AOE damage.,Aura units dying will cause AOE damage.,Aura units dying will cause AOE damage.,Aura units dying will cause AOE damage.,Đơn vị trong hào quang chết sẽ gây sát thương diện rộng,
100071,,,Level 71,Cấp 71,Level 71,Level 71,Level 71,Level 71,Level 71,,,<{level=86;unitId=230741;advance=9};{level=107;unitId=230163;advance=9};{level=86;unitId=230013;advance=9};{level=86;unitId=233472;advance=9};{level=86;unitId=232843;advance=9}>,<{level=107;unitId=251071;advance=10}>,config/portrait/jinglingtouxiang2/img_593.png,,22,,,battle/scene/bg_sd.jpg,,,,,,107,332,332,,,,3,<<9;1;3%>;<10;1;3%>>,{gold=90000;451=30;452=20},<<gold;90000;1>;<451;30;1>;<452;20;1>>,{libs=<110;111>;451=2;gold=3400},<<gold;3400;0>;<451;1;1>;<452;1;1>>,55772,,,,,,,,,
100072,,,Level 72,Cấp 72,Level 72,Level 72,Level 72,Level 72,Level 72,,,<{level=87;unitId=230793;advance=9};{level=109;unitId=230242;advance=9};{level=87;unitId=230044;advance=9};{level=87;unitId=233511;advance=9};{level=87;unitId=232963;advance=9}>,<{level=109;unitId=251072;advance=10}>,config/portrait/jinglingtouxiang2/img_603.png,,22,,,battle/scene/bg_tower.jpg,,,,,,109,337,337,,,,4,<<9;0;3%>;<10;0;3%>;<17;0;3%>>,{502=1;451=30;gold=90000},<<gold;90000;1>;<451;30;1>;<502;1;1>>,{libs=<110;111>;451=2;gold=3400},<<gold;3400;0>;<451;1;1>;<452;1;1>>,55772,,,,,,,,,
100073,,,Level 73,Cấp 73,Level 73,Level 73,Level 73,Level 73,Level 73,,,<{level=88;unitId=230863;advance=10};{level=111;unitId=230273;advance=10};{level=88;unitId=230053;advance=10};{level=88;unitId=233543;advance=10};{level=88;unitId=233283;advance=10}>,<{level=111;unitId=251073;advance=11}>,config/portrait/jinglingtouxiang2/img_611.png,,22,,,battle/scene/bg_grass.jpg,,,,,,111,342,342,,,,5,<<1;0;5%>;<22;0;5%>>,{rmb=100;451=30;gold=90000},<<gold;90000;1>;<451;30;1>;<rmb;100;1>>,{libs=<110;111>;451=2;gold=3400},<<gold;3400;0>;<451;1;1>;<452;1;1>>,55772,,,,,,,,,
100074,,,Level 74,Cấp 74,Level 74,Level 74,Level 74,Level 74,Level 74,,,<{level=89;unitId=230883;advance=10};{level=113;unitId=230333;advance=10};{level=89;unitId=230082;advance=10};{level=89;unitId=233683;advance=10};{level=89;unitId=233293;advance=10}>,<{level=113;unitId=251074;advance=11}>,config/portrait/jinglingtouxiang2/img_631.png,,22,,,battle/scene/bg_night.jpg,,,,,,113,347,347,,,,5,<<7;0;5%>;<8;0;5%>>,{gold=90000;451=30;452=20},<<gold;90000;1>;<451;30;1>;<452;20;1>>,{libs=<110;111>;451=2;gold=3400},<<gold;3400;0>;<451;1;1>;<452;1;1>>,55772,,,,,,,,,
100075,,,Level 75,Cấp 75,Level 75,Level 75,Level 75,Level 75,Level 75,,,<{level=90;unitId=230972;advance=10};{level=115;unitId=230402;advance=10};{level=90;unitId=230273;advance=10};{level=90;unitId=233772;advance=10};{level=90;unitId=233342;advance=10}>,<{level=115;unitId=251075;advance=11}>,config/portrait/jinglingtouxiang2/img_641.png,,22,,,battle/scene/bg_sd.jpg,,,,,,115,352,352,,,,5,<<1;1;10%>;<22;0;10%>>,{gold=90000;451=30;519=1},<<gold;90000;1>;<451;30;1>;<519;1;1>>,{gold=3400;452=1;libs=<110;111;112>},<<gold;3400;0>;<451;1;1>;<452;1;1>>,72930,,,All monsters have increased critical rate; killing aura units removes crit rate.,All monsters have increased critical rate; killing aura units removes crit rate.,All monsters have increased critical rate; killing aura units removes crit rate.,All monsters have increased critical rate; killing aura units removes crit rate.,All monsters have increased critical rate; killing aura units removes crit rate.,"Toàn bộ quái vật tăng cường tỷ lệ chí mạng, đơn vị trong hào quang bị tiêu diệt sẽ xóa bỏ chí mạng",
100076,,,Level 76,Cấp 76,Level 76,Level 76,Level 76,Level 76,Level 76,,,<{level=91;unitId=231071;advance=10};{level=117;unitId=230493;advance=10};{level=91;unitId=230402;advance=10};{level=91;unitId=230013;advance=10};{level=91;unitId=233432;advance=10}>,<{level=117;unitId=251076;advance=11}>,config/portrait/jinglingtouxiang2/img_701.png,,22,,,battle/scene/bg_tower.jpg,,,,,,117,357,357,,,,3,<<13;1;3%>>,{gold=95000;451=30;452=20},<<gold;95000;1>;<451;30;1>;<452;20;1>>,{libs=<110;111>;451=2;gold=3500},<<gold;3500;0>;<451;1;1>;<452;1;1>>,72930,,,,,,,,,
100077,,,Level 77,Cấp 77,Level 77,Level 77,Level 77,Level 77,Level 77,,,<{level=92;unitId=231032;advance=10};{level=119;unitId=230503;advance=10};{level=92;unitId=230493;advance=10};{level=92;unitId=230044;advance=10};{level=92;unitId=233472;advance=10}>,<{level=119;unitId=251077;advance=11}>,config/portrait/jinglingtouxiang2/img_712.png,,22,,,battle/scene/bg_grass.jpg,,,,,,119,362,362,,,,4,<<13;0;3%>;<24;0;3%>>,{502=1;451=30;gold=95000},<<gold;95000;1>;<451;30;1>;<502;1;1>>,{libs=<110;111>;451=2;gold=3500},<<gold;3500;0>;<451;1;1>;<452;1;1>>,72930,,,,,,,,,
100078,,,Level 78,Cấp 78,Level 78,Level 78,Level 78,Level 78,Level 78,,,<{level=93;unitId=231082;advance=11};{level=121;unitId=230552;advance=11};{level=93;unitId=230552;advance=11};{level=93;unitId=230053;advance=11};{level=93;unitId=233511;advance=11}>,<{level=121;unitId=251078;advance=12}>,config/portrait/jinglingtouxiang2/img_721.png,,22,,,battle/scene/bg_night.jpg,,,,,,121,367,367,,,,5,<<1;0;5%>;<22;0;5%>>,{rmb=100;451=30;gold=95000},<<gold;95000;1>;<451;30;1>;<rmb;100;1>>,{libs=<110;111>;451=2;gold=3500},<<gold;3500;0>;<451;1;1>;<452;1;1>>,72930,,,,,,,,,
100079,,,Level 79,Cấp 79,Level 79,Level 79,Level 79,Level 79,Level 79,,,<{level=94;unitId=231221;advance=11};{level=123;unitId=230593;advance=11};{level=94;unitId=230593;advance=11};{level=94;unitId=230082;advance=11};{level=94;unitId=233543;advance=11}>,<{level=123;unitId=251079;advance=12}>,config/portrait/jinglingtouxiang2/img_731.png,,22,,,battle/scene/bg_sd.jpg,,,,,,123,372,372,,,,5,<<7;0;5%>;<8;0;5%>>,{gold=95000;451=30;452=20},<<gold;95000;1>;<451;30;1>;<452;20;1>>,{libs=<110;111>;451=2;gold=3500},<<gold;3500;0>;<451;1;1>;<452;1;1>>,72930,,,,,,,,,
100080,,,Level 80,Cấp 80,Level 80,Level 80,Level 80,Level 80,Level 80,,,<{level=95;unitId=231253;advance=11};{level=125;unitId=230603;advance=11};{level=95;unitId=230692;advance=11};{level=95;unitId=230273;advance=11};{level=95;unitId=233683;advance=11}>,<{level=125;unitId=251080;advance=12}>,config/portrait/jinglingtouxiang2/img_741.png,,22,,,battle/scene/bg_tower.jpg,,,,,,125,377,377,,,,5,<<1;1;20%>;<22;0;20%>>,{501=1;451=30;gold=95000},<<gold;95000;1>;<451;30;1>;<501;1;1>>,{gold=3500;452=2;libs=<110;111;112>},<<gold;3500;0>;<451;1;1>;<452;1;1>>,98673,,,All monsters can absorb some rage; using basic skill increases damage.,All monsters can absorb some rage; using basic skill increases damage.,All monsters can absorb some rage; using basic skill increases damage.,All monsters can absorb some rage; using basic skill increases damage.,All monsters can absorb some rage; using basic skill increases damage.,"Toàn bộ quái vật có xác suất hấp thụ một phần tức giận, sử dụng chiêu thức cơ bản sẽ tăng sát thương",
100081,,,Level 81,Cấp 81,Level 81,Level 81,Level 81,Level 81,Level 81,,,<{level=96;unitId=231293;advance=11};{level=127;unitId=230611;advance=11};{level=96;unitId=230793;advance=11};{level=96;unitId=230402;advance=11};{level=96;unitId=233772;advance=11}>,<{level=127;unitId=251081;advance=12}>,config/portrait/jinglingtouxiang2/img_771.png,,22,,,battle/scene/bg_grass.jpg,,,,,,127,381,381,,,,3,<<1;1;4%>>,{gold=100000;451=30;452=20},<<gold;100000;1>;<451;30;1>;<452;20;1>>,{libs=<110;111>;451=2;gold=3600},<<gold;3600;0>;<451;1;1>;<452;1;1>>,98673,,,,,,,,,
100082,,,Level 82,Cấp 82,Level 82,Level 82,Level 82,Level 82,Level 82,,,<{level=97;unitId=231303;advance=11};{level=129;unitId=230632;advance=11};{level=97;unitId=231221;advance=11};{level=97;unitId=230493;advance=11};{level=97;unitId=230013;advance=11}>,<{level=129;unitId=251082;advance=12}>,config/portrait/jinglingtouxiang2/img_863.png,,22,,,battle/scene/bg_night.jpg,,,,,,129,385,385,,,,4,<<1;0;4%>;<28;0;4%>>,{502=1;451=30;gold=100000},<<gold;100000;1>;<451;30;1>;<502;1;1>>,{libs=<110;111>;451=2;gold=3600},<<gold;3600;0>;<451;1;1>;<452;1;1>>,98673,,,,,,,,,
100083,,,Level 83,Cấp 83,Level 83,Level 83,Level 83,Level 83,Level 83,,,<{level=98;unitId=231394;advance=12};{level=131;unitId=230641;advance=12};{level=98;unitId=231903;advance=12};{level=98;unitId=230552;advance=12};{level=98;unitId=230044;advance=12}>,<{level=131;unitId=251083;advance=13}>,config/portrait/jinglingtouxiang2/img_883.png,,22,,,battle/scene/bg_sd.jpg,,,,,,131,389,389,,,,5,<<9;0;5%>;<10;0;5%>;<22;0;5%>>,{rmb=100;451=30;gold=100000},<<gold;100000;1>;<451;30;1>;<rmb;100;1>>,{libs=<110;111>;451=2;gold=3600},<<gold;3600;0>;<451;1;1>;<452;1;1>>,98673,,,,,,,,,
100084,,,Level 84,Cấp 84,Level 84,Level 84,Level 84,Level 84,Level 84,,,<{level=99;unitId=231612;advance=12};{level=133;unitId=230692;advance=12};{level=99;unitId=232633;advance=12};{level=99;unitId=230593;advance=12};{level=99;unitId=230053;advance=12}>,<{level=133;unitId=251084;advance=13}>,config/portrait/jinglingtouxiang2/img_972.png,,22,,,battle/scene/bg_tower.jpg,,,,,,133,393,393,,,,5,<<9;0;5%>;<10;0;5%>>,{gold=100000;451=30;452=20},<<gold;100000;1>;<451;30;1>;<452;20;1>>,{libs=<110;111>;451=2;gold=3600},<<gold;3600;0>;<451;1;1>;<452;1;1>>,98673,,,,,,,,,
100085,,,Level 85,Cấp 85,Level 85,Level 85,Level 85,Level 85,Level 85,,,<{level=100;unitId=231772;advance=12};{level=135;unitId=230712;advance=12};{level=100;unitId=230013;advance=12};{level=100;unitId=230692;advance=12};{level=100;unitId=230082;advance=12}>,<{level=135;unitId=251085;advance=13}>,config/portrait/jinglingtouxiang2/img_1071.png,,22,,,battle/scene/bg_grass.jpg,,,,,,135,397,397,,,,5,<<9;1;10%>;<10;0;10%>;<22;0;10%>>,{gold=100000;451=30;519=1},<<gold;100000;1>;<451;30;1>;<519;1;1>>,{gold=3600;452=1;libs=<110;111;112>},<<gold;3600;0>;<451;1;1>;<452;1;1>>,107251,,,All monsters' defense increases; units in the aura contain a certain power.,All monsters' defense increases; units in the aura contain a certain power.,All monsters' defense increases; units in the aura contain a certain power.,All monsters' defense increases; units in the aura contain a certain power.,All monsters' defense increases; units in the aura contain a certain power.,"Toàn bộ quái vật tăng cường phòng thủ, đơn vị trong hào quang chứa đựng một sức mạnh nào đó",
100086,,,Level 86,Cấp 86,Level 86,Level 86,Level 86,Level 86,Level 86,,,<{level=101;unitId=231813;advance=12};{level=137;unitId=230731;advance=12};{level=101;unitId=230044;advance=12};{level=101;unitId=230793;advance=12};{level=101;unitId=230273;advance=12}>,<{level=137;unitId=251086;advance=13}>,config/portrait/jinglingtouxiang2/img_1032.png,,22,,,battle/scene/bg_night.jpg,,,,,,137,401,401,,,,3,<<7;1;4%>;<8;1;4%>>,{gold=105000;451=30;452=20},<<gold;105000;1>;<451;30;1>;<452;20;1>>,{libs=<110;111>;451=2;gold=3700},<<gold;3700;0>;<451;1;1>;<452;1;1>>,107251,,,,,,,,,
100087,,,Level 87,Cấp 87,Level 87,Level 87,Level 87,Level 87,Level 87,,,<{level=102;unitId=231841;advance=12};{level=139;unitId=230741;advance=12};{level=102;unitId=230053;advance=12};{level=102;unitId=231221;advance=12};{level=102;unitId=230402;advance=12}>,<{level=139;unitId=251087;advance=13}>,config/portrait/jinglingtouxiang2/img_1082.png,,22,,,battle/scene/bg_sd.jpg,,,,,,139,405,405,,,,4,<<7;0;4%>;<8;0;4%>;<14;0;4%>>,{502=1;451=30;gold=105000},<<gold;105000;1>;<451;30;1>;<502;1;1>>,{libs=<110;111>;451=2;gold=3700},<<gold;3700;0>;<451;1;1>;<452;1;1>>,107251,,,,,,,,,
100088,,,Level 88,Cấp 88,Level 88,Level 88,Level 88,Level 88,Level 88,,,<{level=103;unitId=231903;advance=13};{level=141;unitId=230793;advance=13};{level=103;unitId=230082;advance=13};{level=103;unitId=231903;advance=13};{level=103;unitId=230493;advance=13}>,<{level=141;unitId=251088;advance=14}>,config/portrait/jinglingtouxiang2/img_1231.png,,22,,,battle/scene/bg_tower.jpg,,,,,,141,409,409,,,,5,<<9;0;5%>;<10;0;5%>;<22;0;5%>>,{rmb=100;451=30;gold=105000},<<gold;105000;1>;<451;30;1>;<rmb;100;1>>,{libs=<110;111>;451=2;gold=3700},<<gold;3700;0>;<451;1;1>;<452;1;1>>,107251,,,,,,,,,
100089,,,Level 89,Cấp 89,Level 89,Level 89,Level 89,Level 89,Level 89,,,<{level=104;unitId=231911;advance=13};{level=143;unitId=230863;advance=13};{level=104;unitId=230163;advance=13};{level=104;unitId=231931;advance=13};{level=104;unitId=230552;advance=13}>,<{level=143;unitId=251089;advance=14}>,config/portrait/jinglingtouxiang2/img_1241.png,,22,,,battle/scene/bg_grass.jpg,,,,,,143,413,413,,,,5,<<9;0;5%>;<10;0;5%>>,{gold=105000;451=30;452=20},<<gold;105000;1>;<451;30;1>;<452;20;1>>,{libs=<110;111>;451=2;gold=3700},<<gold;3700;0>;<451;1;1>;<452;1;1>>,107251,,,,,,,,,
100090,,,Level 90,Cấp 90,Level 90,Level 90,Level 90,Level 90,Level 90,,,<{level=105;unitId=231931;advance=13};{level=145;unitId=230883;advance=13};{level=105;unitId=230242;advance=13};{level=105;unitId=232013;advance=13};{level=105;unitId=230593;advance=13}>,<{level=145;unitId=251090;advance=14}>,config/portrait/jinglingtouxiang2/img_1253.png,,22,,,battle/scene/bg_night.jpg,,,,,,145,417,417,,,,5,<<9;1;20%>;<10;0;20%>;<22;0;20%>>,{rmb=200;451=30;gold=105000},<<gold;105000;1>;<451;30;1>;<rmb;200;1>>,{gold=3700;452=2;libs=<110;111;112>},<<gold;3700;0>;<451;1;1>;<452;1;1>>,154444,,,Monsters' attacks have a chance to poison; killing aura units restores some HP to heroes.,Monsters' attacks have a chance to poison; killing aura units restores some HP to heroes.,Monsters' attacks have a chance to poison; killing aura units restores some HP to heroes.,Monsters' attacks have a chance to poison; killing aura units restores some HP to heroes.,Monsters' attacks have a chance to poison; killing aura units restores some HP to heroes.,"Quái vật tấn công có xác suất gây độc, tiêu diệt đơn vị trong hào quang sẽ hồi phục một ít máu cho anh hùng",
100091,,,Level 91,Cấp 91,Level 91,Level 91,Level 91,Level 91,Level 91,,,<{level=106;unitId=232013;advance=13};{level=147;unitId=230972;advance=13};{level=106;unitId=230273;advance=13};{level=106;unitId=232073;advance=13};{level=106;unitId=230692;advance=13}>,<{level=147;unitId=251091;advance=14}>,config/portrait/jinglingtouxiang2/img_1293.png,,22,,,battle/scene/bg_sd.jpg,,,,,,147,421,421,,,,3,<<9;1;4%>;<10;1;4%>>,{gold=110000;451=30;452=20},<<gold;110000;1>;<451;30;1>;<452;20;1>>,{libs=<110;111>;451=2;gold=3800},<<gold;3800;0>;<451;1;1>;<452;1;1>>,154444,,,,,,,,,
100092,,,Level 92,Cấp 92,Level 92,Level 92,Level 92,Level 92,Level 92,,,<{level=107;unitId=232023;advance=13};{level=149;unitId=231071;advance=13};{level=107;unitId=230333;advance=13};{level=107;unitId=232593;advance=13};{level=107;unitId=230793;advance=13}>,<{level=149;unitId=251092;advance=14}>,config/portrait/jinglingtouxiang2/img_1303.png,,22,,,battle/scene/bg_tower.jpg,,,,,,149,425,425,,,,4,<<9;0;4%>;<10;0;4%>;<17;0;4%>>,{502=1;451=30;gold=110000},<<gold;110000;1>;<451;30;1>;<502;1;1>>,{libs=<110;111>;451=2;gold=3800},<<gold;3800;0>;<451;1;1>;<452;1;1>>,154444,,,,,,,,,
100093,,,Level 93,Cấp 93,Level 93,Level 93,Level 93,Level 93,Level 93,,,<{level=108;unitId=232033;advance=14};{level=151;unitId=231032;advance=14};{level=108;unitId=230402;advance=14};{level=108;unitId=232612;advance=14};{level=108;unitId=231221;advance=14}>,<{level=151;unitId=251093;advance=15}>,config/portrait/jinglingtouxiang2/img_1313.png,,22,,,battle/scene/bg_grass.jpg,,,,,,151,429,429,,,,5,<<27;0;5%>;<26;0;5%>>,{rmb=100;451=30;gold=110000},<<gold;110000;1>;<451;30;1>;<rmb;100;1>>,{libs=<110;111>;451=2;gold=3800},<<gold;3800;0>;<451;1;1>;<452;1;1>>,154444,,,,,,,,,
100094,,,Level 94,Cấp 94,Level 94,Level 94,Level 94,Level 94,Level 94,,,<{level=109;unitId=232073;advance=14};{level=153;unitId=231082;advance=14};{level=109;unitId=230493;advance=14};{level=109;unitId=232633;advance=14};{level=109;unitId=231903;advance=14}>,<{level=153;unitId=251094;advance=15}>,config/portrait/jinglingtouxiang2/img_1393.png,,22,,,battle/scene/bg_night.jpg,,,,,,153,433,433,,,,5,<<1;0;5%>>,{gold=110000;451=30;452=20},<<gold;110000;1>;<451;30;1>;<452;20;1>>,{libs=<110;111>;451=2;gold=3800},<<gold;3800;0>;<451;1;1>;<452;1;1>>,154444,,,,,,,,,
100095,,,Level 95,Cấp 95,Level 95,Level 95,Level 95,Level 95,Level 95,,,<{level=110;unitId=232242;advance=14};{level=155;unitId=231221;advance=14};{level=110;unitId=230503;advance=14};{level=110;unitId=232683;advance=14};{level=110;unitId=231931;advance=14}>,<{level=155;unitId=251095;advance=15}>,config/portrait/jinglingtouxiang2/img_1381.png,,22,,,battle/scene/bg_sd.jpg,,,,,,155,437,437,,,,5,<<27;0;10%>;<22;0;10%>;<26;1;10%>>,{gold=110000;451=30;519=1},<<gold;110000;1>;<451;30;1>;<519;1;1>>,{gold=3800;452=1;libs=<110;111;112>},<<gold;3800;0>;<451;1;1>;<452;1;1>>,171602,,,Randomly greatly increases one unit’s magic defense.,Randomly greatly increases one unit’s magic defense.,Randomly greatly increases one unit’s magic defense.,Randomly greatly increases one unit’s magic defense.,Randomly greatly increases one unit’s magic defense.,Ngẫu nhiên một đơn vị tăng cường phòng thủ pháp thuật đáng kể,
100096,,,Level 96,Cấp 96,Level 96,Level 96,Level 96,Level 96,Level 96,,,<{level=111;unitId=232593;advance=14};{level=157;unitId=231253;advance=14};{level=111;unitId=230552;advance=14};{level=111;unitId=232843;advance=14};{level=111;unitId=232013;advance=14}>,<{level=157;unitId=251096;advance=15}>,config/portrait/jinglingtouxiang2/img_1423.png,,22,,,battle/scene/bg_tower.jpg,,,,,,157,441,441,,,,3,<<13;1;4%>>,{gold=115000;451=30;452=20},<<gold;115000;1>;<451;30;1>;<452;20;1>>,{libs=<110;111>;451=2;gold=3900},<<gold;3900;0>;<451;1;1>;<452;1;1>>,171602,,,,,,,,,
100097,,,Level 97,Cấp 97,Level 97,Level 97,Level 97,Level 97,Level 97,,,<{level=112;unitId=232612;advance=14};{level=159;unitId=231293;advance=14};{level=112;unitId=230593;advance=14};{level=112;unitId=232963;advance=14};{level=112;unitId=232073;advance=14}>,<{level=159;unitId=251097;advance=15}>,config/portrait/jinglingtouxiang2/img_1503.png,,22,,,battle/scene/bg_grass.jpg,,,,,,159,445,445,,,,4,<<13;0;4%>;<24;0;4%>>,{502=1;451=30;gold=115000},<<gold;115000;1>;<451;30;1>;<502;1;1>>,{libs=<110;111>;451=2;gold=3900},<<gold;3900;0>;<451;1;1>;<452;1;1>>,171602,,,,,,,,,
100098,,,Level 98,Cấp 98,Level 98,Level 98,Level 98,Level 98,Level 98,,,<{level=113;unitId=232633;advance=15};{level=161;unitId=231303;advance=15};{level=113;unitId=230603;advance=15};{level=113;unitId=233283;advance=15};{level=113;unitId=232593;advance=15}>,<{level=161;unitId=251098;advance=16}>,config/portrait/jinglingtouxiang2/img_1612.png,,22,,,battle/scene/bg_night.jpg,,,,,,161,449,449,,,,5,<<27;0;5%>;<26;0;5%>>,{rmb=100;451=30;gold=115000},<<gold;115000;1>;<451;30;1>;<rmb;100;1>>,{libs=<110;111>;451=2;gold=3900},<<gold;3900;0>;<451;1;1>;<452;1;1>>,171602,,,,,,,,,
100099,,,Level 99,Cấp 99,Level 99,Level 99,Level 99,Level 99,Level 99,,,<{level=114;unitId=232683;advance=15};{level=163;unitId=231394;advance=15};{level=114;unitId=230611;advance=15};{level=114;unitId=232633;advance=15};{level=114;unitId=232612;advance=15}>,<{level=163;unitId=251099;advance=16}>,config/portrait/jinglingtouxiang2/img_1772.png,,22,,,battle/scene/bg_sd.jpg,,,,,,163,453,453,,,,5,<<1;0;5%>>,{gold=115000;451=30;452=20},<<gold;115000;1>;<451;30;1>;<452;20;1>>,{libs=<110;111>;451=2;gold=3900},<<gold;3900;0>;<451;1;1>;<452;1;1>>,171602,,,,,,,,,
100100,,,Level 100,Cấp 100,Level 100,Level 100,Level 100,Level 100,Level 100,,,<{level=115;unitId=232723;advance=15};{level=165;unitId=231612;advance=15};{level=115;unitId=230632;advance=15};{level=115;unitId=230013;advance=15};{level=115;unitId=232633;advance=15}>,<{level=165;unitId=251100;advance=16}>,config/portrait/jinglingtouxiang2/img_1813.png,,22,,,battle/scene/bg_tower.jpg,,,,,,165,457,457,,,,5,<<27;0;20%>;<22;0;20%>;<26;1;20%>>,{941=1;451=30;gold=115000},<<gold;115000;1>;<451;30;1>;<941;1;1>>,{gold=3900;452=2;libs=<110;111;112>},<<gold;3900;0>;<451;1;1>;<452;1;1>>,193052,,,All monsters receive reduced magic damage but are vulnerable to physical attacks.,All monsters receive reduced magic damage but are vulnerable to physical attacks.,All monsters receive reduced magic damage but are vulnerable to physical attacks.,All monsters receive reduced magic damage but are vulnerable to physical attacks.,All monsters receive reduced magic damage but are vulnerable to physical attacks.,"Toàn bộ quái vật nhận sát thương pháp thuật giảm, nhưng dễ bị tấn công vật lý gây thương tích nặng",
100101,,,Level 101,Cấp 101,Level 101,Level 101,Level 101,Level 101,Level 101,,,<{level=116;unitId=232843;advance=16};{level=167;unitId=231772;advance=16};{level=116;unitId=230641;advance=16};{level=116;unitId=230044;advance=16};{level=116;unitId=232683;advance=16}>,<{level=167;unitId=251101;advance=17}>,config/portrait/jinglingtouxiang2/img_1841.png,,22,,,battle/scene/bg_grass.jpg,,,,,,167,461,461,,,,3,<<1;1;4%>>,{gold=120000;451=30;452=20},<<gold;120000;1>;<451;30;1>;<452;20;1>>,{libs=<110;111>;451=2;gold=4000},<<gold;4000;0>;<451;1;1>;<452;1;1>>,193052,,,,,,,,,
100102,,,Level 102,Cấp 102,Level 102,Level 102,Level 102,Level 102,Level 102,,,<{level=117;unitId=232963;advance=16};{level=169;unitId=231813;advance=16};{level=117;unitId=230692;advance=16};{level=117;unitId=230053;advance=16};{level=117;unitId=232843;advance=16}>,<{level=169;unitId=251102;advance=17}>,config/portrait/jinglingtouxiang2/img_1893.png,,22,,,battle/scene/bg_night.jpg,,,,,,169,465,465,,,,4,<<1;0;4%>;<28;0;4%>>,{502=1;451=30;gold=120000},<<gold;120000;1>;<451;30;1>;<502;1;1>>,{libs=<110;111>;451=2;gold=4000},<<gold;4000;0>;<451;1;1>;<452;1;1>>,193052,,,,,,,,,
100103,,,Level 103,Cấp 103,Level 103,Level 103,Level 103,Level 103,Level 103,,,<{level=118;unitId=233003;advance=16};{level=171;unitId=231841;advance=16};{level=118;unitId=230712;advance=16};{level=118;unitId=230082;advance=16};{level=118;unitId=232963;advance=16}>,<{level=171;unitId=251103;advance=17}>,config/portrait/jinglingtouxiang2/img_1911.png,,22,,,battle/scene/bg_sd.jpg,,,,,,171,469,469,,,,5,<<1;0;7%>>,{rmb=100;451=30;gold=120000},<<gold;120000;1>;<451;30;1>;<rmb;100;1>>,{libs=<110;111>;451=2;gold=4000},<<gold;4000;0>;<451;1;1>;<452;1;1>>,193052,,,,,,,,,
100104,,,Level 104,Cấp 104,Level 104,Level 104,Level 104,Level 104,Level 104,,,<{level=119;unitId=233152;advance=16};{level=173;unitId=231903;advance=16};{level=119;unitId=230731;advance=16};{level=119;unitId=230163;advance=16};{level=119;unitId=233283;advance=16}>,<{level=173;unitId=251104;advance=17}>,config/portrait/jinglingtouxiang2/img_1941.png,,22,,,battle/scene/bg_tower.jpg,,,,,,173,473,473,,,,5,<<27;0;7%>;<26;0;7%>>,{gold=120000;451=30;452=20},<<gold;120000;1>;<451;30;1>;<452;20;1>>,{libs=<110;111>;451=2;gold=4000},<<gold;4000;0>;<451;1;1>;<452;1;1>>,193052,,,,,,,,,
100105,,,Level 105,Cấp 105,Level 105,Level 105,Level 105,Level 105,Level 105,,,<{level=120;unitId=233161;advance=16};{level=175;unitId=231911;advance=16};{level=120;unitId=230741;advance=16};{level=120;unitId=230242;advance=16};{level=120;unitId=233293;advance=16}>,<{level=175;unitId=251105;advance=17}>,config/portrait/jinglingtouxiang2/img_1951.png,,22,,,battle/scene/bg_grass.jpg,,,,,,175,477,477,,,,5,<<1;1;10%>;<13;0;10%>;<13;0;10%>>,{gold=120000;451=30;519=1},<<gold;120000;1>;<451;30;1>;<519;1;1>>,{gold=4000;452=1;libs=<110;111;112>},<<gold;4000;0>;<451;1;1>;<452;1;1>>,231660,,,The boss seems to be sleeping.,The boss seems to be sleeping.,The boss seems to be sleeping.,The boss seems to be sleeping.,The boss seems to be sleeping.,Thủ lĩnh dường như đang ngủ say,
100106,,,Level 106,Cấp 106,Level 106,Level 106,Level 106,Level 106,Level 106,,,<{level=121;unitId=233181;advance=17};{level=177;unitId=231931;advance=17};{level=121;unitId=230793;advance=17};{level=121;unitId=230273;advance=17};{level=121;unitId=233342;advance=17}>,<{level=177;unitId=251106;advance=18}>,config/portrait/jinglingtouxiang2/img_2023.png,,22,,,battle/scene/bg_night.jpg,,,,,,177,481,481,,,,3,<<7;1;4%>;<8;1;4%>>,{gold=125000;451=30;452=20},<<gold;125000;1>;<451;30;1>;<452;20;1>>,{libs=<110;111>;451=2;gold=4100},<<gold;4100;0>;<451;1;1>;<452;1;1>>,231660,,,,,,,,,
100107,,,Level 107,Cấp 107,Level 107,Level 107,Level 107,Level 107,Level 107,,,<{level=122;unitId=233251;advance=17};{level=179;unitId=232013;advance=17};{level=122;unitId=230863;advance=17};{level=122;unitId=230333;advance=17};{level=122;unitId=233432;advance=17}>,<{level=179;unitId=251107;advance=18}>,config/portrait/jinglingtouxiang2/img_2033.png,,22,,,battle/scene/bg_sd.jpg,,,,,,179,485,485,,,,4,<<7;0;4%>;<8;0;4%>;<14;0;4%>>,{502=1;451=30;gold=125000},<<gold;125000;1>;<451;30;1>;<502;1;1>>,{libs=<110;111>;451=2;gold=4100},<<gold;4100;0>;<451;1;1>;<452;1;1>>,231660,,,,,,,,,
100108,,,Level 108,Cấp 108,Level 108,Level 108,Level 108,Level 108,Level 108,,,<{level=123;unitId=233283;advance=17};{level=181;unitId=232023;advance=17};{level=123;unitId=230883;advance=17};{level=123;unitId=230402;advance=17};{level=123;unitId=233472;advance=17}>,<{level=181;unitId=251108;advance=18}>,config/portrait/jinglingtouxiang2/img_2233.png,,22,,,battle/scene/bg_tower.jpg,,,,,,181,489,489,,,,5,<<1;0;7%>>,{rmb=100;451=30;gold=125000},<<gold;125000;1>;<451;30;1>;<rmb;100;1>>,{libs=<110;111>;451=2;gold=4100},<<gold;4100;0>;<451;1;1>;<452;1;1>>,231660,,,,,,,,,
100109,,,Level 109,Cấp 109,Level 109,Level 109,Level 109,Level 109,Level 109,,,<{level=124;unitId=233293;advance=17};{level=183;unitId=232033;advance=17};{level=124;unitId=230972;advance=17};{level=124;unitId=230493;advance=17};{level=124;unitId=233511;advance=17}>,<{level=183;unitId=251109;advance=18}>,config/portrait/jinglingtouxiang2/img_2242.png,,22,,,battle/scene/bg_grass.jpg,,,,,,183,493,493,,,,5,<<27;0;7%>;<26;0;7%>>,{gold=125000;451=30;452=20},<<gold;125000;1>;<451;30;1>;<452;20;1>>,{libs=<110;111>;451=2;gold=4100},<<gold;4100;0>;<451;1;1>;<452;1;1>>,231660,,,,,,,,,
100110,,,Level 110,Cấp 110,Level 110,Level 110,Level 110,Level 110,Level 110,,,<{level=125;unitId=233342;advance=17};{level=185;unitId=232073;advance=17};{level=125;unitId=231071;advance=17};{level=125;unitId=230503;advance=17};{level=125;unitId=233543;advance=17}>,<{level=185;unitId=251110;advance=18}>,config/portrait/jinglingtouxiang2/img_2401.png,,22,,,battle/scene/bg_night.jpg,,,,,,185,497,497,,,,5,<<1;1;20%>;<13;0;20%>;<13;0;20%>>,{501=1;451=30;gold=125000},<<gold;125000;1>;<451;30;1>;<501;1;1>>,{gold=4100;452=2;libs=<110;111;112>},<<gold;4100;0>;<451;1;1>;<452;1;1>>,257403,,,All monsters receive reduced physical damage but are vulnerable to special attacks.,All monsters receive reduced physical damage but are vulnerable to special attacks.,All monsters receive reduced physical damage but are vulnerable to special attacks.,All monsters receive reduced physical damage but are vulnerable to special attacks.,All monsters receive reduced physical damage but are vulnerable to special attacks.,"Toàn bộ quái vật nhận sát thương vật lý giảm, nhưng dễ bị tấn công đặc biệt gây thương tích nặng",
100111,,,Level 111,Cấp 111,Level 111,Level 111,Level 111,Level 111,Level 111,,,<{level=126;unitId=233432;advance=17};{level=187;unitId=232242;advance=17};{level=126;unitId=231032;advance=17};{level=126;unitId=230552;advance=17};{level=126;unitId=233683;advance=17}>,<{level=187;unitId=251111;advance=18}>,config/portrait/jinglingtouxiang2/img_2493.png,,22,,,battle/scene/bg_sd.jpg,,,,,,187,501,501,,,,3,<<9;1;4%>;<10;1;4%>>,{gold=130000;451=30;452=20},<<gold;130000;1>;<451;30;1>;<452;20;1>>,{libs=<110;111>;451=2;gold=4200},<<gold;4200;0>;<451;1;1>;<452;1;1>>,257403,,,,,,,,,
100112,,,Level 112,Cấp 112,Level 112,Level 112,Level 112,Level 112,Level 112,,,<{level=127;unitId=233472;advance=17};{level=189;unitId=232593;advance=17};{level=127;unitId=231082;advance=17};{level=127;unitId=230593;advance=17};{level=127;unitId=233772;advance=17}>,<{level=189;unitId=251112;advance=18}>,config/portrait/jinglingtouxiang2/img_2723.png,,22,,,battle/scene/bg_tower.jpg,,,,,,189,505,505,,,,4,<<9;0;4%>;<10;0;4%>;<17;0;4%>>,{502=1;451=30;gold=130000},<<gold;130000;1>;<451;30;1>;<502;1;1>>,{libs=<110;111>;451=2;gold=4200},<<gold;4200;0>;<451;1;1>;<452;1;1>>,257403,,,,,,,,,
100113,,,Level 113,Cấp 113,Level 113,Level 113,Level 113,Level 113,Level 113,,,<{level=128;unitId=233511;advance=17};{level=191;unitId=232612;advance=17};{level=128;unitId=231221;advance=17};{level=128;unitId=230603;advance=17};{level=128;unitId=232633;advance=17}>,<{level=191;unitId=251113;advance=18}>,config/portrait/jinglingtouxiang2/img_3003.png,,22,,,battle/scene/bg_grass.jpg,,,,,,191,509,509,,,,5,<<9;0;7%>;<10;0;7%>>,{rmb=100;451=30;gold=130000},<<gold;130000;1>;<451;30;1>;<rmb;100;1>>,{libs=<110;111>;451=2;gold=4200},<<gold;4200;0>;<451;1;1>;<452;1;1>>,257403,,,,,,,,,
100114,,,Level 114,Cấp 114,Level 114,Level 114,Level 114,Level 114,Level 114,,,<{level=129;unitId=233543;advance=17};{level=193;unitId=232633;advance=17};{level=129;unitId=231253;advance=17};{level=129;unitId=230611;advance=17};{level=129;unitId=230013;advance=17}>,<{level=193;unitId=251114;advance=18}>,config/portrait/jinglingtouxiang2/img_3021.png,,22,,,battle/scene/bg_night.jpg,,,,,,193,513,513,,,,5,<<9;0;7%>;<10;0;7%>;<22;0;7%>>,{gold=130000;451=30;452=20},<<gold;130000;1>;<451;30;1>;<452;20;1>>,{libs=<110;111>;451=2;gold=4200},<<gold;4200;0>;<451;1;1>;<452;1;1>>,257403,,,,,,,,,
100115,,,Level 115,Cấp 115,Level 115,Level 115,Level 115,Level 115,Level 115,,,<{level=130;unitId=233592;advance=17};{level=195;unitId=232683;advance=17};{level=130;unitId=231293;advance=17};{level=130;unitId=230632;advance=17};{level=130;unitId=230044;advance=17}>,<{level=195;unitId=251115;advance=18}>,config/portrait/jinglingtouxiang2/img_3143.png,,22,,,battle/scene/bg_sd.jpg,,,,,,195,517,517,,,,5,<<9;1;10%>;<10;1;10%>;<13;0;10%>>,{gold=130000;451=30;519=1},<<gold;130000;1>;<451;30;1>;<519;1;1>>,{gold=4200;452=1;libs=<110;111;112>},<<gold;4200;0>;<451;1;1>;<452;1;1>>,274561,,,"Heroes are imprisoned, seemingly related to the aura unit.","Heroes are imprisoned, seemingly related to the aura unit.","Heroes are imprisoned, seemingly related to the aura unit.","Heroes are imprisoned, seemingly related to the aura unit.","Heroes are imprisoned, seemingly related to the aura unit.","Anh hùng bị giam cầm, dường như liên quan đến đơn vị trong hào quang",
100116,,,Level 116,Cấp 116,Level 116,Level 116,Level 116,Level 116,Level 116,,,<{level=131;unitId=233663;advance=17};{level=197;unitId=232723;advance=17};{level=131;unitId=231303;advance=17};{level=131;unitId=230641;advance=17};{level=131;unitId=230053;advance=17}>,<{level=197;unitId=251116;advance=18}>,config/portrait/jinglingtouxiang2/img_3152.png,,22,,,battle/scene/bg_tower.jpg,,,,,,197,521,521,,,,3,<<13;1;4%>>,{gold=135000;451=30;452=20},<<gold;135000;1>;<451;30;1>;<452;20;1>>,{libs=<110;111>;451=2;gold=4300},<<gold;4300;0>;<451;1;1>;<452;1;1>>,274561,,,,,,,,,
100117,,,Level 117,Cấp 117,Level 117,Level 117,Level 117,Level 117,Level 117,,,<{level=132;unitId=233683;advance=17};{level=199;unitId=232843;advance=17};{level=132;unitId=231394;advance=17};{level=132;unitId=230692;advance=17};{level=132;unitId=230082;advance=17}>,<{level=199;unitId=251117;advance=18}>,config/portrait/jinglingtouxiang2/img_3161.png,,22,,,battle/scene/bg_grass.jpg,,,,,,199,525,525,,,,4,<<13;0;4%>;<24;0;4%>>,{502=1;451=30;gold=135000},<<gold;135000;1>;<451;30;1>;<502;1;1>>,{libs=<110;111>;451=2;gold=4300},<<gold;4300;0>;<451;1;1>;<452;1;1>>,274561,,,,,,,,,
100118,,,Level 118,Cấp 118,Level 118,Level 118,Level 118,Level 118,Level 118,,,<{level=133;unitId=233772;advance=17};{level=201;unitId=232963;advance=17};{level=133;unitId=231612;advance=17};{level=133;unitId=230712;advance=17};{level=133;unitId=230163;advance=17}>,<{level=201;unitId=251118;advance=18}>,config/portrait/jinglingtouxiang2/img_3171.png,,22,,,battle/scene/bg_night.jpg,,,,,,201,529,529,,,,5,<<9;0;7%>;<10;0;7%>>,{rmb=100;451=30;gold=135000},<<gold;135000;1>;<451;30;1>;<rmb;100;1>>,{libs=<110;111>;451=2;gold=4300},<<gold;4300;0>;<451;1;1>;<452;1;1>>,274561,,,,,,,,,
100119,,,Level 119,Cấp 119,Level 119,Level 119,Level 119,Level 119,Level 119,,,<{level=134;unitId=230013;advance=17};{level=203;unitId=233003;advance=17};{level=134;unitId=231772;advance=17};{level=134;unitId=230731;advance=17};{level=134;unitId=230242;advance=17}>,<{level=203;unitId=251119;advance=18}>,config/portrait/jinglingtouxiang2/img_3181.png,,22,,,battle/scene/bg_sd.jpg,,,,,,203,533,533,,,,5,<<9;0;7%>;<10;0;7%>;<22;0;7%>>,{gold=135000;451=30;452=20},<<gold;135000;1>;<451;30;1>;<452;20;1>>,{libs=<110;111>;451=2;gold=4300},<<gold;4300;0>;<451;1;1>;<452;1;1>>,274561,,,,,,,,,
100120,,,Level 120,Cấp 120,Level 120,Level 120,Level 120,Level 120,Level 120,,,<{level=135;unitId=230044;advance=17};{level=205;unitId=233152;advance=17};{level=135;unitId=231813;advance=17};{level=135;unitId=230741;advance=17};{level=135;unitId=230273;advance=17}>,<{level=205;unitId=251120;advance=18}>,config/portrait/jinglingtouxiang2/img_3251.png,,22,,,battle/scene/bg_tower.jpg,,,,,,205,537,537,,,,5,<<9;1;20%>;<10;1;20%>;<13;0;20%>>,{501=1;451=30;gold=135000},<<gold;135000;1>;<451;30;1>;<501;1;1>>,{gold=4300;452=2;libs=<110;111;112>},<<gold;4300;0>;<451;1;1>;<452;1;1>>,287432,,,All heroes' attack increases; killing aura units grants defense increase.,All heroes' attack increases; killing aura units grants defense increase.,All heroes' attack increases; killing aura units grants defense increase.,All heroes' attack increases; killing aura units grants defense increase.,All heroes' attack increases; killing aura units grants defense increase.,"Toàn bộ anh hùng tăng cường tấn công, tiêu diệt đơn vị trong hào quang sẽ nhận tăng cường phòng thủ",
100121,,,Level 121,Cấp 121,Level 121,Level 121,Level 121,Level 121,Level 121,,,<{level=136;unitId=230053;advance=17};{level=207;unitId=233161;advance=17};{level=136;unitId=231841;advance=17};{level=136;unitId=230793;advance=17};{level=136;unitId=230333;advance=17}>,<{level=207;unitId=251121;advance=18}>,config/portrait/jinglingtouxiang2/img_3303.png,,22,,,battle/scene/bg_grass.jpg,,,,,,207,541,541,,,,3,<<1;1;5%>>,{gold=140000;451=30;452=20},<<gold;140000;1>;<451;30;1>;<452;20;1>>,{libs=<110;111>;451=2;gold=4400},<<gold;4400;0>;<451;1;1>;<452;1;1>>,287432,,,,,,,,,
100122,,,Level 122,Cấp 122,Level 122,Level 122,Level 122,Level 122,Level 122,,,<{level=137;unitId=230082;advance=17};{level=209;unitId=233181;advance=17};{level=137;unitId=231903;advance=17};{level=137;unitId=230863;advance=17};{level=137;unitId=230402;advance=17}>,<{level=209;unitId=251122;advance=18}>,config/portrait/jinglingtouxiang2/img_3353.png,,22,,,battle/scene/bg_night.jpg,,,,,,209,545,545,,,,4,<<1;0;5%>;<28;0;5%>>,{502=1;451=30;gold=140000},<<gold;140000;1>;<451;30;1>;<502;1;1>>,{libs=<110;111>;451=2;gold=4400},<<gold;4400;0>;<451;1;1>;<452;1;1>>,287432,,,,,,,,,
100123,,,Level 123,Cấp 123,Level 123,Level 123,Level 123,Level 123,Level 123,,,<{level=138;unitId=230163;advance=17};{level=211;unitId=233251;advance=17};{level=138;unitId=231911;advance=17};{level=138;unitId=230883;advance=17};{level=138;unitId=230493;advance=17}>,<{level=211;unitId=251123;advance=18}>,config/portrait/jinglingtouxiang2/img_3592.png,,22,,,battle/scene/bg_sd.jpg,,,,,,211,549,549,,,,5,<<7;0;7%>;<8;0;7%>>,{rmb=100;451=30;gold=140000},<<gold;140000;1>;<451;30;1>;<rmb;100;1>>,{libs=<110;111>;451=2;gold=4400},<<gold;4400;0>;<451;1;1>;<452;1;1>>,287432,,,,,,,,,
100124,,,Level 124,Cấp 124,Level 124,Level 124,Level 124,Level 124,Level 124,,,<{level=139;unitId=230242;advance=17};{level=213;unitId=233283;advance=17};{level=139;unitId=231931;advance=17};{level=139;unitId=230972;advance=17};{level=139;unitId=230503;advance=17}>,<{level=213;unitId=251124;advance=18}>,config/portrait/jinglingtouxiang2/img_3663.png,,22,,,battle/scene/bg_tower.jpg,,,,,,213,553,553,,,,5,<<1;0;7%>;<22;0;7%>>,{gold=140000;451=30;452=20},<<gold;140000;1>;<451;30;1>;<452;20;1>>,{libs=<110;111>;451=2;gold=4400},<<gold;4400;0>;<451;1;1>;<452;1;1>>,287432,,,,,,,,,
100125,,,Level 125,Cấp 125,Level 125,Level 125,Level 125,Level 125,Level 125,,,<{level=140;unitId=230273;advance=17};{level=215;unitId=233293;advance=17};{level=140;unitId=232013;advance=17};{level=140;unitId=231071;advance=17};{level=140;unitId=230552;advance=17}>,<{level=215;unitId=251125;advance=18}>,config/portrait/jinglingtouxiang2/img_3673.png,,22,,,battle/scene/bg_grass.jpg,,,,,,215,557,557,,,,5,<<1;1;10%>;<7;0;10%>;<8;0;10%>>,{gold=140000;451=30;519=1},<<gold;140000;1>;<451;30;1>;<519;1;1>>,{gold=4400;452=1;libs=<110;111;112>},<<gold;4400;0>;<451;1;1>;<452;1;1>>,300303,,,Aura units can block two attacks without taking damage.,Aura units can block two attacks without taking damage.,Aura units can block two attacks without taking damage.,Aura units can block two attacks without taking damage.,Aura units can block two attacks without taking damage.,Đơn vị trong hào quang có thể chặn hai lần tấn công mà không bị thương,
100126,,,Level 126,Cấp 126,Level 126,Level 126,Level 126,Level 126,Level 126,,,<{level=141;unitId=230333;advance=18};{level=217;unitId=233342;advance=18};{level=141;unitId=232023;advance=18};{level=141;unitId=231032;advance=18};{level=141;unitId=230593;advance=18}>,<{level=217;unitId=251126;advance=19}>,config/portrait/jinglingtouxiang2/img_7001.png,,22,,,battle/scene/bg_night.jpg,,,,,,217,561,561,,,,3,<<7;1;5%>;<8;1;5%>>,{gold=145000;451=30;452=20},<<gold;145000;1>;<451;30;1>;<452;20;1>>,{libs=<110;111>;451=2;gold=4500},<<gold;4500;0>;<451;1;1>;<452;1;1>>,300303,,,,,,,,,
100127,,,Level 127,Cấp 127,Level 127,Level 127,Level 127,Level 127,Level 127,,,<{level=142;unitId=230402;advance=18};{level=219;unitId=233432;advance=18};{level=142;unitId=232033;advance=18};{level=142;unitId=231082;advance=18};{level=142;unitId=230603;advance=18}>,<{level=219;unitId=251127;advance=19}>,config/portrait/jinglingtouxiang2/img_163.png,,22,,,battle/scene/bg_sd.jpg,,,,,,219,565,565,,,,4,<<7;0;5%>;<8;0;5%>;<14;0;5%>>,{502=1;451=30;gold=145000},<<gold;145000;1>;<451;30;1>;<502;1;1>>,{libs=<110;111>;451=2;gold=4500},<<gold;4500;0>;<451;1;1>;<452;1;1>>,300303,,,,,,,,,
100128,,,Level 128,Cấp 128,Level 128,Level 128,Level 128,Level 128,Level 128,,,<{level=143;unitId=230493;advance=18};{level=221;unitId=233472;advance=18};{level=143;unitId=232073;advance=18};{level=143;unitId=231221;advance=18};{level=143;unitId=230611;advance=18}>,<{level=221;unitId=251128;advance=19}>,config/portrait/jinglingtouxiang2/img_242.png,,22,,,battle/scene/bg_tower.jpg,,,,,,221,569,569,,,,5,<<7;0;7%>;<8;0;7%>>,{rmb=100;451=30;gold=145000},<<gold;145000;1>;<451;30;1>;<rmb;100;1>>,{libs=<110;111>;451=2;gold=4500},<<gold;4500;0>;<451;1;1>;<452;1;1>>,300303,,,,,,,,,
100129,,,Level 129,Cấp 129,Level 129,Level 129,Level 129,Level 129,Level 129,,,<{level=144;unitId=230503;advance=18};{level=223;unitId=233511;advance=18};{level=144;unitId=232242;advance=18};{level=144;unitId=231253;advance=18};{level=144;unitId=230632;advance=18}>,<{level=223;unitId=251129;advance=19}>,config/portrait/jinglingtouxiang2/img_263.png,,22,,,battle/scene/bg_grass.jpg,,,,,,223,573,573,,,,5,<<1;0;7%>;<22;0;7%>>,{gold=145000;451=30;452=20},<<gold;145000;1>;<451;30;1>;<452;20;1>>,{libs=<110;111>;451=2;gold=4500},<<gold;4500;0>;<451;1;1>;<452;1;1>>,300303,,,,,,,,,
100130,,,Level 130,Cấp 130,Level 130,Level 130,Level 130,Level 130,Level 130,,,<{level=145;unitId=230552;advance=18};{level=225;unitId=233543;advance=18};{level=145;unitId=232593;advance=18};{level=145;unitId=231293;advance=18};{level=145;unitId=230641;advance=18}>,<{level=225;unitId=251130;advance=19}>,config/portrait/jinglingtouxiang2/img_333.png,,22,,,battle/scene/bg_night.jpg,,,,,,225,577,577,,,,5,<<1;1;20%>;<7;0;20%>;<8;0;20%>>,{501=1;451=30;gold=145000},<<gold;145000;1>;<451;30;1>;<501;1;1>>,{gold=4500;452=2;libs=<110;111;112>},<<gold;4500;0>;<451;1;1>;<452;1;1>>,343204,,,The boss will revive from other monsters.,The boss will revive from other monsters.,The boss will revive from other monsters.,The boss will revive from other monsters.,The boss will revive from other monsters.,Thủ lĩnh sẽ hồi sinh từ các quái vật khác,
100131,,,Level 131,Cấp 131,Level 131,Level 131,Level 131,Level 131,Level 131,,,<{level=146;unitId=230593;advance=18};{level=227;unitId=233592;advance=18};{level=146;unitId=232612;advance=18};{level=146;unitId=231303;advance=18};{level=146;unitId=230692;advance=18}>,<{level=227;unitId=251131;advance=19}>,config/portrait/jinglingtouxiang2/img_393.png,,22,,,battle/scene/bg_sd.jpg,,,,,,227,581,581,,,,3,<<9;1;5%>;<10;1;5%>>,{gold=150000;451=30;452=20},<<gold;150000;1>;<451;30;1>;<452;20;1>>,{libs=<110;111>;451=2;gold=4600},<<gold;4600;0>;<451;1;1>;<452;1;1>>,343204,,,,,,,,,
100132,,,Level 132,Cấp 132,Level 132,Level 132,Level 132,Level 132,Level 132,,,<{level=147;unitId=230603;advance=18};{level=229;unitId=233663;advance=18};{level=147;unitId=232633;advance=18};{level=147;unitId=231394;advance=18};{level=147;unitId=230712;advance=18}>,<{level=229;unitId=251132;advance=19}>,config/portrait/jinglingtouxiang2/img_503.png,,22,,,battle/scene/bg_tower.jpg,,,,,,229,585,585,,,,4,<<9;0;5%>;<10;0;5%>;<17;0;5%>>,{502=1;451=30;gold=150000},<<gold;150000;1>;<451;30;1>;<502;1;1>>,{libs=<110;111>;451=2;gold=4600},<<gold;4600;0>;<451;1;1>;<452;1;1>>,343204,,,,,,,,,
100133,,,Level 133,Cấp 133,Level 133,Level 133,Level 133,Level 133,Level 133,,,<{level=148;unitId=230611;advance=18};{level=231;unitId=233683;advance=18};{level=148;unitId=232683;advance=18};{level=148;unitId=231612;advance=18};{level=148;unitId=230731;advance=18}>,<{level=231;unitId=251133;advance=19}>,config/portrait/jinglingtouxiang2/img_572.png,,22,,,battle/scene/bg_grass.jpg,,,,,,231,589,589,,,,5,<<9;0;7%>;<10;0;7%>>,{rmb=100;451=30;gold=150000},<<gold;150000;1>;<451;30;1>;<rmb;100;1>>,{libs=<110;111>;451=2;gold=4600},<<gold;4600;0>;<451;1;1>;<452;1;1>>,343204,,,,,,,,,
100134,,,Level 134,Cấp 134,Level 134,Level 134,Level 134,Level 134,Level 134,,,<{level=149;unitId=230632;advance=18};{level=233;unitId=233772;advance=18};{level=149;unitId=232723;advance=18};{level=149;unitId=231772;advance=18};{level=149;unitId=230741;advance=18}>,<{level=233;unitId=251134;advance=19}>,config/portrait/jinglingtouxiang2/img_593.png,,22,,,battle/scene/bg_night.jpg,,,,,,233,593,593,,,,5,<<9;0;7%>;<10;0;7%>;<24;0;7%>>,{gold=150000;451=30;452=20},<<gold;150000;1>;<451;30;1>;<452;20;1>>,{libs=<110;111>;451=2;gold=4600},<<gold;4600;0>;<451;1;1>;<452;1;1>>,343204,,,,,,,,,
100135,,,Level 135,Cấp 135,Level 135,Level 135,Level 135,Level 135,Level 135,,,<{level=150;unitId=230641;advance=18};{level=235;unitId=230013;advance=18};{level=150;unitId=232843;advance=18};{level=150;unitId=231813;advance=18};{level=150;unitId=230793;advance=18}>,<{level=235;unitId=251135;advance=19}>,config/portrait/jinglingtouxiang2/img_603.png,,22,,,battle/scene/bg_sd.jpg,,,,,,235,597,597,,,,5,<<9;1;10%>;<10;1;10%>;<7;0;10%>>,{gold=150000;451=30;519=1},<<gold;150000;1>;<451;30;1>;<519;1;1>>,{gold=4600;452=1;libs=<110;111;112>},<<gold;4600;0>;<451;1;1>;<452;1;1>>,386104,,,Heroes entering battle will be severely wounded; killing aura units restores some HP.,Heroes entering battle will be severely wounded; killing aura units restores some HP.,Heroes entering battle will be severely wounded; killing aura units restores some HP.,Heroes entering battle will be severely wounded; killing aura units restores some HP.,Heroes entering battle will be severely wounded; killing aura units restores some HP.,"Anh hùng vào trận sẽ bị thương nặng, tiêu diệt đơn vị trong hào quang sẽ hồi phục một ít máu",
100136,,,Level 136,Cấp 136,Level 136,Level 136,Level 136,Level 136,Level 136,,,<{level=151;unitId=230692;advance=19};{level=237;unitId=230044;advance=19};{level=151;unitId=232963;advance=19};{level=151;unitId=231841;advance=19};{level=151;unitId=230863;advance=19}>,<{level=237;unitId=251136;advance=20}>,config/portrait/jinglingtouxiang2/img_611.png,,22,,,battle/scene/bg_tower.jpg,,,,,,237,601,601,,,,3,<<13;1;5%>>,{gold=155000;451=30;452=20},<<gold;155000;1>;<451;30;1>;<452;20;1>>,{libs=<110;111>;451=2;gold=4700},<<gold;4700;0>;<451;1;1>;<452;1;1>>,386104,,,,,,,,,
100137,,,Level 137,Cấp 137,Level 137,Level 137,Level 137,Level 137,Level 137,,,<{level=152;unitId=230712;advance=19};{level=239;unitId=230053;advance=19};{level=152;unitId=233003;advance=19};{level=152;unitId=231903;advance=19};{level=152;unitId=230883;advance=19}>,<{level=239;unitId=251137;advance=20}>,config/portrait/jinglingtouxiang2/img_631.png,,22,,,battle/scene/bg_grass.jpg,,,,,,239,605,605,,,,4,<<13;0;5%>;<24;0;5%>>,{502=1;451=30;gold=155000},<<gold;155000;1>;<451;30;1>;<502;1;1>>,{libs=<110;111>;451=2;gold=4700},<<gold;4700;0>;<451;1;1>;<452;1;1>>,386104,,,,,,,,,
100138,,,Level 138,Cấp 138,Level 138,Level 138,Level 138,Level 138,Level 138,,,<{level=153;unitId=230731;advance=19};{level=241;unitId=230082;advance=19};{level=153;unitId=233152;advance=19};{level=153;unitId=231911;advance=19};{level=153;unitId=230972;advance=19}>,<{level=241;unitId=251138;advance=20}>,config/portrait/jinglingtouxiang2/img_641.png,,22,,,battle/scene/bg_night.jpg,,,,,,241,609,609,,,,5,<<9;0;7%>;<10;0;7%>>,{rmb=100;451=30;gold=155000},<<gold;155000;1>;<451;30;1>;<rmb;100;1>>,{libs=<110;111>;451=2;gold=4700},<<gold;4700;0>;<451;1;1>;<452;1;1>>,386104,,,,,,,,,
100139,,,Level 139,Cấp 139,Level 139,Level 139,Level 139,Level 139,Level 139,,,<{level=154;unitId=230741;advance=19};{level=243;unitId=230163;advance=19};{level=154;unitId=233161;advance=19};{level=154;unitId=231931;advance=19};{level=154;unitId=231071;advance=19}>,<{level=243;unitId=251139;advance=20}>,config/portrait/jinglingtouxiang2/img_701.png,,22,,,battle/scene/bg_sd.jpg,,,,,,243,613,613,,,,5,<<9;0;7%>;<10;0;7%>;<24;0;7%>>,{gold=155000;451=30;452=20},<<gold;155000;1>;<451;30;1>;<452;20;1>>,{libs=<110;111>;451=2;gold=4700},<<gold;4700;0>;<451;1;1>;<452;1;1>>,386104,,,,,,,,,
100140,,,Level 140,Cấp 140,Level 140,Level 140,Level 140,Level 140,Level 140,,,<{level=155;unitId=230793;advance=19};{level=245;unitId=230242;advance=19};{level=155;unitId=233181;advance=19};{level=155;unitId=232013;advance=19};{level=155;unitId=231032;advance=19}>,<{level=245;unitId=251140;advance=20}>,config/portrait/jinglingtouxiang2/img_712.png,,22,,,battle/scene/bg_tower.jpg,,,,,,245,617,617,,,,5,<<9;1;20%>;<10;1;20%>;<8;0;20%>>,{501=1;451=30;gold=155000},<<gold;155000;1>;<451;30;1>;<501;1;1>>,{gold=4700;452=2;libs=<110;111;112>},<<gold;4700;0>;<451;1;1>;<452;1;1>>,386104,,,All monsters' control rate increases; killing aura units removes this effect.,All monsters' control rate increases; killing aura units removes this effect.,All monsters' control rate increases; killing aura units removes this effect.,All monsters' control rate increases; killing aura units removes this effect.,All monsters' control rate increases; killing aura units removes this effect.,"Toàn bộ quái vật tăng cường tỷ lệ kiểm soát, tiêu diệt đơn vị trong hào quang sẽ xóa bỏ hiệu ứng này",
100141,,,Level 141,Cấp 141,Level 141,Level 141,Level 141,Level 141,Level 141,,,<{level=156;unitId=230863;advance=19};{level=247;unitId=230273;advance=19};{level=156;unitId=233251;advance=19};{level=156;unitId=232023;advance=19};{level=156;unitId=231082;advance=19}>,<{level=247;unitId=251141;advance=20}>,config/portrait/jinglingtouxiang2/img_721.png,,22,,,battle/scene/bg_grass.jpg,,,,,,247,621,621,,,,3,<<1;1;5%>>,{gold=160000;451=30;452=20},<<gold;160000;1>;<451;30;1>;<452;20;1>>,{libs=<110;111>;451=2;gold=4800},<<gold;4800;0>;<451;1;1>;<452;1;1>>,386104,,,,,,,,,
100142,,,Level 142,Cấp 142,Level 142,Level 142,Level 142,Level 142,Level 142,,,<{level=157;unitId=230883;advance=19};{level=249;unitId=230333;advance=19};{level=157;unitId=233283;advance=19};{level=157;unitId=232033;advance=19};{level=157;unitId=231221;advance=19}>,<{level=249;unitId=251142;advance=20}>,config/portrait/jinglingtouxiang2/img_731.png,,22,,,battle/scene/bg_night.jpg,,,,,,249,625,625,,,,4,<<1;0;5%>;<28;0;5%>>,{502=1;451=30;gold=160000},<<gold;160000;1>;<451;30;1>;<502;1;1>>,{libs=<110;111>;451=2;gold=4800},<<gold;4800;0>;<451;1;1>;<452;1;1>>,386104,,,,,,,,,
100143,,,Level 143,Cấp 143,Level 143,Level 143,Level 143,Level 143,Level 143,,,<{level=158;unitId=230972;advance=19};{level=251;unitId=230402;advance=19};{level=158;unitId=233293;advance=19};{level=158;unitId=232073;advance=19};{level=158;unitId=231253;advance=19}>,<{level=251;unitId=251143;advance=20}>,config/portrait/jinglingtouxiang2/img_741.png,,22,,,battle/scene/bg_sd.jpg,,,,,,251,629,629,,,,5,<<27;0;7%>;<24;0;7%>>,{rmb=100;451=30;gold=160000},<<gold;160000;1>;<451;30;1>;<rmb;100;1>>,{libs=<110;111>;451=2;gold=4800},<<gold;4800;0>;<451;1;1>;<452;1;1>>,386104,,,,,,,,,
100144,,,Level 144,Cấp 144,Level 144,Level 144,Level 144,Level 144,Level 144,,,<{level=159;unitId=231071;advance=19};{level=253;unitId=230493;advance=19};{level=159;unitId=233342;advance=19};{level=159;unitId=232242;advance=19};{level=159;unitId=231293;advance=19}>,<{level=253;unitId=251144;advance=20}>,config/portrait/jinglingtouxiang2/img_771.png,,22,,,battle/scene/bg_tower.jpg,,,,,,253,633,633,,,,5,<<1;0;7%>;<24;0;7%>>,{gold=160000;451=30;452=20},<<gold;160000;1>;<451;30;1>;<452;20;1>>,{libs=<110;111>;451=2;gold=4800},<<gold;4800;0>;<451;1;1>;<452;1;1>>,386104,,,,,,,,,
100145,,,Level 145,Cấp 145,Level 145,Level 145,Level 145,Level 145,Level 145,,,<{level=160;unitId=230883;advance=19};{level=255;unitId=231221;advance=19};{level=160;unitId=230731;advance=19};{level=160;unitId=230333;advance=19};{level=160;unitId=230593;advance=19}>,<{level=255;unitId=251145;advance=20}>,config/portrait/jinglingtouxiang2/img_7001.png,,22,,,battle/scene/bg_grass.jpg,,,,,,255,637,637,,,,5,<<27;0;10%>;<24;0;10%>>,{gold=160000;451=30;519=1},<<gold;160000;1>;<451;30;1>;<519;1;1>>,{gold=4800;452=1;libs=<110;111;112>},<<gold;4800;0>;<451;1;1>;<452;1;1>>,429005,,,Electric-type monsters continuously charge the boss.,Electric-type monsters continuously charge the boss.,Electric-type monsters continuously charge the boss.,Electric-type monsters continuously charge the boss.,Electric-type monsters continuously charge the boss.,Quái vật hệ điện sẽ liên tục nạp năng lượng cho thủ lĩnh,
100146,,,Level 146,Cấp 146,Level 146,Level 146,Level 146,Level 146,Level 146,,,<{level=161;unitId=231082;advance=20};{level=257;unitId=230552;advance=20};{level=161;unitId=233472;advance=20};{level=161;unitId=232612;advance=20};{level=161;unitId=231394;advance=20}>,<{level=257;unitId=251146;advance=21}>,config/portrait/jinglingtouxiang2/img_883.png,,22,,,battle/scene/bg_night.jpg,,,,,,257,641,641,,,,3,<<7;1;5%>;<8;1;5%>>,{gold=165000;451=30;452=20},<<gold;165000;1>;<451;30;1>;<452;20;1>>,{libs=<110;111>;451=2;gold=4900},<<gold;4900;0>;<451;1;1>;<452;1;1>>,429005,,,,,,,,,
100147,,,Level 147,Cấp 147,Level 147,Level 147,Level 147,Level 147,Level 147,,,<{level=162;unitId=231221;advance=20};{level=259;unitId=230593;advance=20};{level=162;unitId=233511;advance=20};{level=162;unitId=232633;advance=20};{level=162;unitId=231612;advance=20}>,<{level=259;unitId=251147;advance=21}>,config/portrait/jinglingtouxiang2/img_972.png,,22,,,battle/scene/bg_sd.jpg,,,,,,259,645,645,,,,4,<<7;0;5%>;<8;0;5%>;<14;0;5%>>,{502=1;451=30;gold=165000},<<gold;165000;1>;<451;30;1>;<502;1;1>>,{libs=<110;111>;451=2;gold=4900},<<gold;4900;0>;<451;1;1>;<452;1;1>>,429005,,,,,,,,,
100148,,,Level 148,Cấp 148,Level 148,Level 148,Level 148,Level 148,Level 148,,,<{level=163;unitId=231253;advance=20};{level=261;unitId=230603;advance=20};{level=163;unitId=233543;advance=20};{level=163;unitId=232683;advance=20};{level=163;unitId=231772;advance=20}>,<{level=261;unitId=251148;advance=21}>,config/portrait/jinglingtouxiang2/img_1071.png,,22,,,battle/scene/bg_tower.jpg,,,,,,261,649,649,,,,5,<<27;0;7%>;<24;0;7%>>,{rmb=100;451=30;gold=165000},<<gold;165000;1>;<451;30;1>;<rmb;100;1>>,{libs=<110;111>;451=2;gold=4900},<<gold;4900;0>;<451;1;1>;<452;1;1>>,429005,,,,,,,,,
100149,,,Level 149,Cấp 149,Level 149,Level 149,Level 149,Level 149,Level 149,,,<{level=164;unitId=231293;advance=20};{level=263;unitId=230611;advance=20};{level=164;unitId=233592;advance=20};{level=164;unitId=232723;advance=20};{level=164;unitId=231813;advance=20}>,<{level=263;unitId=251149;advance=21}>,config/portrait/jinglingtouxiang2/img_1032.png,,22,,,battle/scene/bg_grass.jpg,,,,,,263,653,653,,,,5,<<1;0;7%>;<24;0;7%>>,{gold=165000;451=30;452=20},<<gold;165000;1>;<451;30;1>;<452;20;1>>,{libs=<110;111>;451=2;gold=4900},<<gold;4900;0>;<451;1;1>;<452;1;1>>,429005,,,,,,,,,
100150,,,Level 150,Cấp 150,Level 150,Level 150,Level 150,Level 150,Level 150,,,<{level=165;unitId=231303;advance=20};{level=265;unitId=230632;advance=20};{level=165;unitId=233663;advance=20};{level=165;unitId=232843;advance=20};{level=165;unitId=231841;advance=20}>,<{level=265;unitId=251150;advance=21}>,config/portrait/jinglingtouxiang2/img_1082.png,,22,,,battle/scene/bg_night.jpg,,,,,,265,657,657,,,,5,<<27;0;20%>;<24;0;20%>>,{501=1;451=30;gold=165000},<<gold;165000;1>;<451;30;1>;<501;1;1>>,{gold=4900;452=2;libs=<110;111;112>},<<gold;4900;0>;<451;1;1>;<452;1;1>>,429005,,,All heroes' defense decreases on entry; killing aura units removes this effect.,All heroes' defense decreases on entry; killing aura units removes this effect.,All heroes' defense decreases on entry; killing aura units removes this effect.,All heroes' defense decreases on entry; killing aura units removes this effect.,All heroes' defense decreases on entry; killing aura units removes this effect.,"Toàn bộ anh hùng vào trận sẽ giảm phòng thủ, tiêu diệt đơn vị trong hào quang sẽ xóa bỏ hiệu ứng này",
100151,,,Level 151,Cấp 151,Level 151,Level 151,Level 151,Level 151,Level 151,,,<{level=166;unitId=231394;advance=21};{level=267;unitId=230641;advance=21};{level=166;unitId=233683;advance=21};{level=166;unitId=232963;advance=21};{level=166;unitId=231903;advance=21}>,<{level=267;unitId=251151;advance=22}>,config/portrait/jinglingtouxiang2/img_1231.png,,22,,,battle/scene/bg_grass.jpg,,,,,,267,662,662,,,,3,<<9;1;5%>;<10;1;5%>>,{gold=170000;451=30;452=20},<<gold;170000;1>;<451;30;1>;<452;20;1>>,{libs=<110;111>;451=2;gold=5000},<<gold;5000;0>;<451;1;1>;<452;1;1>>,429005,,,,,,,,,
100152,,,Level 152,Cấp 152,Level 152,Level 152,Level 152,Level 152,Level 152,,,<{level=167;unitId=231612;advance=21};{level=269;unitId=230692;advance=21};{level=167;unitId=233772;advance=21};{level=167;unitId=233003;advance=21};{level=167;unitId=231911;advance=21}>,<{level=269;unitId=251152;advance=22}>,config/portrait/jinglingtouxiang2/img_1241.png,,22,,,battle/scene/bg_night.jpg,,,,,,269,667,667,,,,4,<<9;0;5%>;<10;0;5%>;<17;0;5%>>,{502=1;451=30;gold=170000},<<gold;170000;1>;<451;30;1>;<502;1;1>>,{libs=<110;111>;451=2;gold=5000},<<gold;5000;0>;<451;1;1>;<452;1;1>>,429005,,,,,,,,,
100153,,,Level 153,Cấp 153,Level 153,Level 153,Level 153,Level 153,Level 153,,,<{level=168;unitId=231772;advance=21};{level=271;unitId=230712;advance=21};{level=168;unitId=230013;advance=21};{level=168;unitId=233152;advance=21};{level=168;unitId=231931;advance=21}>,<{level=271;unitId=251153;advance=22}>,config/portrait/jinglingtouxiang2/img_1253.png,,22,,,battle/scene/bg_sd.jpg,,,,,,271,672,672,,,,5,<<1;0;7%>;<24;0;7%>>,{rmb=100;451=30;gold=170000},<<gold;170000;1>;<451;30;1>;<rmb;100;1>>,{libs=<110;111>;451=2;gold=5000},<<gold;5000;0>;<451;1;1>;<452;1;1>>,429005,,,,,,,,,
100154,,,Level 154,Cấp 154,Level 154,Level 154,Level 154,Level 154,Level 154,,,<{level=169;unitId=231813;advance=21};{level=273;unitId=230731;advance=21};{level=169;unitId=230044;advance=21};{level=169;unitId=233161;advance=21};{level=169;unitId=232013;advance=21}>,<{level=273;unitId=251154;advance=22}>,config/portrait/jinglingtouxiang2/img_1293.png,,22,,,battle/scene/bg_tower.jpg,,,,,,273,677,677,,,,5,<<27;0;7%>;<24;0;7%>>,{gold=170000;451=30;452=20},<<gold;170000;1>;<451;30;1>;<452;20;1>>,{libs=<110;111>;451=2;gold=5000},<<gold;5000;0>;<451;1;1>;<452;1;1>>,429005,,,,,,,,,
100155,,,Level 155,Cấp 155,Level 155,Level 155,Level 155,Level 155,Level 155,,,<{level=170;unitId=231841;advance=21};{level=275;unitId=230741;advance=21};{level=170;unitId=230053;advance=21};{level=170;unitId=233181;advance=21};{level=170;unitId=232023;advance=21}>,<{level=275;unitId=251155;advance=22}>,config/portrait/jinglingtouxiang2/img_1303.png,,22,,,battle/scene/bg_grass.jpg,,,,,,275,682,682,,,,5,<<1;1;10%>;<13;0;10%>>,{gold=170000;451=30;519=1},<<gold;170000;1>;<451;30;1>;<519;1;1>>,{gold=5000;452=1;libs=<110;111;112>},<<gold;5000;0>;<451;1;1>;<452;1;1>>,429005,,,All heroes' speed and control rate decrease; killing aura units removes this.,All heroes' speed and control rate decrease; killing aura units removes this.,All heroes' speed and control rate decrease; killing aura units removes this.,All heroes' speed and control rate decrease; killing aura units removes this.,All heroes' speed and control rate decrease; killing aura units removes this.,"Toàn bộ anh hùng giảm tốc độ và tỷ lệ kiểm soát, tiêu diệt đơn vị trong hào quang sẽ xóa bỏ",
100156,,,Level 156,Cấp 156,Level 156,Level 156,Level 156,Level 156,Level 156,,,<{level=171;unitId=231903;advance=22};{level=277;unitId=230793;advance=22};{level=171;unitId=230082;advance=22};{level=171;unitId=233251;advance=22};{level=171;unitId=232033;advance=22}>,<{level=277;unitId=251156;advance=23}>,config/portrait/jinglingtouxiang2/img_1313.png,,22,,,battle/scene/bg_night.jpg,,,,,,277,687,687,,,,3,<<13;1;5%>>,{gold=175000;451=30;452=20},<<gold;175000;1>;<451;30;1>;<452;20;1>>,{libs=<110;111>;451=2;gold=5100},<<gold;5100;0>;<451;1;1>;<452;1;1>>,429005,,,,,,,,,
100157,,,Level 157,Cấp 157,Level 157,Level 157,Level 157,Level 157,Level 157,,,<{level=172;unitId=231911;advance=22};{level=279;unitId=230863;advance=22};{level=172;unitId=230163;advance=22};{level=172;unitId=233283;advance=22};{level=172;unitId=232073;advance=22}>,<{level=279;unitId=251157;advance=23}>,config/portrait/jinglingtouxiang2/img_1393.png,,22,,,battle/scene/bg_sd.jpg,,,,,,279,692,692,,,,4,<<13;0;5%>;<24;0;5%>>,{502=1;451=30;gold=175000},<<gold;175000;1>;<451;30;1>;<502;1;1>>,{libs=<110;111>;451=2;gold=5100},<<gold;5100;0>;<451;1;1>;<452;1;1>>,429005,,,,,,,,,
100158,,,Level 158,Cấp 158,Level 158,Level 158,Level 158,Level 158,Level 158,,,<{level=173;unitId=231931;advance=22};{level=281;unitId=230883;advance=22};{level=173;unitId=230242;advance=22};{level=173;unitId=233293;advance=22};{level=173;unitId=232242;advance=22}>,<{level=281;unitId=251158;advance=23}>,config/portrait/jinglingtouxiang2/img_1381.png,,22,,,battle/scene/bg_tower.jpg,,,,,,281,697,697,,,,5,<<1;0;7%>;<24;0;7%>>,{rmb=100;451=30;gold=175000},<<gold;175000;1>;<451;30;1>;<rmb;100;1>>,{libs=<110;111>;451=2;gold=5100},<<gold;5100;0>;<451;1;1>;<452;1;1>>,429005,,,,,,,,,
100159,,,Level 159,Cấp 159,Level 159,Level 159,Level 159,Level 159,Level 159,,,<{level=174;unitId=232013;advance=22};{level=283;unitId=230972;advance=22};{level=174;unitId=230273;advance=22};{level=174;unitId=233342;advance=22};{level=174;unitId=232593;advance=22}>,<{level=283;unitId=251159;advance=23}>,config/portrait/jinglingtouxiang2/img_1423.png,,22,,,battle/scene/bg_grass.jpg,,,,,,283,702,702,,,,5,<<27;0;7%>;<24;0;7%>>,{gold=175000;451=30;452=20},<<gold;175000;1>;<451;30;1>;<452;20;1>>,{libs=<110;111>;451=2;gold=5100},<<gold;5100;0>;<451;1;1>;<452;1;1>>,429005,,,,,,,,,
100160,,,Level 160,Cấp 160,Level 160,Level 160,Level 160,Level 160,Level 160,,,<{level=175;unitId=232023;advance=22};{level=285;unitId=231071;advance=22};{level=175;unitId=230333;advance=22};{level=175;unitId=233432;advance=22};{level=175;unitId=232612;advance=22}>,<{level=285;unitId=251160;advance=23}>,config/portrait/jinglingtouxiang2/img_1503.png,,22,,,battle/scene/bg_night.jpg,,,,,,285,707,707,,,,5,<<1;1;20%>;<13;0;20%>>,{501=1;451=30;gold=175000},<<gold;175000;1>;<451;30;1>;<501;1;1>>,{gold=5100;452=2;libs=<110;111;112>},<<gold;5100;0>;<451;1;1>;<452;1;1>>,429005,,,All monsters' skill damage increases; killing aura units reduces rage.,All monsters' skill damage increases; killing aura units reduces rage.,All monsters' skill damage increases; killing aura units reduces rage.,All monsters' skill damage increases; killing aura units reduces rage.,All monsters' skill damage increases; killing aura units reduces rage.,"Toàn bộ sát thương kỹ năng đặc biệt tăng cường, tiêu diệt đơn vị trong hào quang sẽ giảm tức giận",
100161,,,Level 161,Cấp 161,Level 161,Level 161,Level 161,Level 161,Level 161,,,<{level=176;unitId=232033;advance=23};{level=287;unitId=231032;advance=23};{level=176;unitId=230402;advance=23};{level=176;unitId=233472;advance=23};{level=176;unitId=232633;advance=23}>,<{level=287;unitId=251161;advance=24}>,config/portrait/jinglingtouxiang2/img_1612.png,,22,,,battle/scene/bg_sd.jpg,,,,,,287,712,712,,,,3,<<1;1;6%>>,{gold=180000;451=30;452=20},<<gold;180000;1>;<451;30;1>;<452;20;1>>,{libs=<110;111>;451=2;gold=5200},<<gold;5200;0>;<451;1;1>;<452;1;1>>,429005,,,,,,,,,
100162,,,Level 162,Cấp 162,Level 162,Level 162,Level 162,Level 162,Level 162,,,<{level=177;unitId=232073;advance=23};{level=289;unitId=231082;advance=23};{level=177;unitId=230493;advance=23};{level=177;unitId=233511;advance=23};{level=177;unitId=232683;advance=23}>,<{level=289;unitId=251162;advance=24}>,config/portrait/jinglingtouxiang2/img_1772.png,,22,,,battle/scene/bg_tower.jpg,,,,,,289,717,717,,,,4,<<1;0;6%>;<28;0;6%>>,{502=1;451=30;gold=180000},<<gold;180000;1>;<451;30;1>;<502;1;1>>,{libs=<110;111>;451=2;gold=5200},<<gold;5200;0>;<451;1;1>;<452;1;1>>,429005,,,,,,,,,
100163,,,Level 163,Cấp 163,Level 163,Level 163,Level 163,Level 163,Level 163,,,<{level=178;unitId=232242;advance=23};{level=291;unitId=231221;advance=23};{level=178;unitId=230503;advance=23};{level=178;unitId=233543;advance=23};{level=178;unitId=232723;advance=23}>,<{level=291;unitId=251163;advance=24}>,config/portrait/jinglingtouxiang2/img_1813.png,,22,,,battle/scene/bg_grass.jpg,,,,,,291,722,722,,,,5,<<9;0;7%>;<10;0;7%>;<24;0;7%>>,{rmb=100;451=30;gold=180000},<<gold;180000;1>;<451;30;1>;<rmb;100;1>>,{libs=<110;111>;451=2;gold=5200},<<gold;5200;0>;<451;1;1>;<452;1;1>>,429005,,,,,,,,,
100164,,,Level 164,Cấp 164,Level 164,Level 164,Level 164,Level 164,Level 164,,,<{level=179;unitId=232593;advance=23};{level=293;unitId=231253;advance=23};{level=179;unitId=230552;advance=23};{level=179;unitId=233592;advance=23};{level=179;unitId=232843;advance=23}>,<{level=293;unitId=251164;advance=24}>,config/portrait/jinglingtouxiang2/img_1841.png,,22,,,battle/scene/bg_night.jpg,,,,,,293,727,727,,,,5,<<9;0;7%>;<10;0;7%>>,{gold=180000;451=30;452=20},<<gold;180000;1>;<451;30;1>;<452;20;1>>,{libs=<110;111>;451=2;gold=5200},<<gold;5200;0>;<451;1;1>;<452;1;1>>,429005,,,,,,,,,
100165,,,Level 165,Cấp 165,Level 165,Level 165,Level 165,Level 165,Level 165,,,<{level=180;unitId=232612;advance=23};{level=295;unitId=231293;advance=23};{level=180;unitId=230593;advance=23};{level=180;unitId=233663;advance=23};{level=180;unitId=232963;advance=23}>,<{level=295;unitId=251165;advance=24}>,config/portrait/jinglingtouxiang2/img_1893.png,,22,,,battle/scene/bg_sd.jpg,,,,,,295,732,732,,,,5,<<9;1;10%>;<10;0;10%>;<13;0;10%>>,{gold=180000;451=30;519=1},<<gold;180000;1>;<451;30;1>;<519;1;1>>,{gold=5200;452=1;libs=<110;111;112>},<<gold;5200;0>;<451;1;1>;<452;1;1>>,429005,,,"When aura units are attacked, the backline monsters gain attack; killing the frontline removes this effect.","When aura units are attacked, the backline monsters gain attack; killing the frontline removes this effect.","When aura units are attacked, the backline monsters gain attack; killing the frontline removes this effect.","When aura units are attacked, the backline monsters gain attack; killing the frontline removes this effect.","When aura units are attacked, the backline monsters gain attack; killing the frontline removes this effect.","Đơn vị trong hào quang bị tấn công sẽ tăng cường tấn công cho quái vật phía sau, tiêu diệt phía trước sẽ xóa bỏ hiệu ứng",
100166,,,Level 166,Cấp 166,Level 166,Level 166,Level 166,Level 166,Level 166,,,<{level=181;unitId=232633;advance=24};{level=297;unitId=231303;advance=24};{level=181;unitId=230603;advance=24};{level=181;unitId=233683;advance=24};{level=181;unitId=233003;advance=24}>,<{level=297;unitId=251166;advance=25}>,config/portrait/jinglingtouxiang2/img_1911.png,,22,,,battle/scene/bg_tower.jpg,,,,,,297,737,737,,,,3,<<7;1;6%>;<8;1;6%>>,{gold=185000;451=30;452=20},<<gold;185000;1>;<451;30;1>;<452;20;1>>,{libs=<110;111>;451=2;gold=5300},<<gold;5300;0>;<451;1;1>;<452;1;1>>,429005,,,,,,,,,
100167,,,Level 167,Cấp 167,Level 167,Level 167,Level 167,Level 167,Level 167,,,<{level=182;unitId=232683;advance=24};{level=299;unitId=231394;advance=24};{level=182;unitId=230611;advance=24};{level=182;unitId=233772;advance=24};{level=182;unitId=233152;advance=24}>,<{level=299;unitId=251167;advance=25}>,config/portrait/jinglingtouxiang2/img_1941.png,,22,,,battle/scene/bg_grass.jpg,,,,,,299,742,742,,,,4,<<7;0;6%>;<8;0;6%>;<14;0;6%>>,{502=1;451=30;gold=185000},<<gold;185000;1>;<451;30;1>;<502;1;1>>,{libs=<110;111>;451=2;gold=5300},<<gold;5300;0>;<451;1;1>;<452;1;1>>,429005,,,,,,,,,
100168,,,Level 168,Cấp 168,Level 168,Level 168,Level 168,Level 168,Level 168,,,<{level=183;unitId=232723;advance=24};{level=301;unitId=231612;advance=24};{level=183;unitId=230632;advance=24};{level=183;unitId=230013;advance=24};{level=183;unitId=233161;advance=24}>,<{level=301;unitId=251168;advance=25}>,config/portrait/jinglingtouxiang2/img_1951.png,,22,,,battle/scene/bg_night.jpg,,,,,,301,747,747,,,,5,<<9;0;7%>;<10;0;7%>;<24;0;7%>>,{rmb=100;451=30;gold=185000},<<gold;185000;1>;<451;30;1>;<rmb;100;1>>,{libs=<110;111>;451=2;gold=5300},<<gold;5300;0>;<451;1;1>;<452;1;1>>,429005,,,,,,,,,
100169,,,Level 169,Cấp 169,Level 169,Level 169,Level 169,Level 169,Level 169,,,<{level=184;unitId=232843;advance=24};{level=303;unitId=231772;advance=24};{level=184;unitId=230641;advance=24};{level=184;unitId=230044;advance=24};{level=184;unitId=233181;advance=24}>,<{level=303;unitId=251169;advance=25}>,config/portrait/jinglingtouxiang2/img_2023.png,,22,,,battle/scene/bg_sd.jpg,,,,,,303,752,752,,,,5,<<9;0;7%>;<10;0;7%>>,{gold=185000;451=30;452=20},<<gold;185000;1>;<451;30;1>;<452;20;1>>,{libs=<110;111>;451=2;gold=5300},<<gold;5300;0>;<451;1;1>;<452;1;1>>,429005,,,,,,,,,
100170,,,Level 170,Cấp 170,Level 170,Level 170,Level 170,Level 170,Level 170,,,<{level=185;unitId=232963;advance=24};{level=305;unitId=231813;advance=24};{level=185;unitId=230692;advance=24};{level=185;unitId=230053;advance=24};{level=185;unitId=233251;advance=24}>,<{level=305;unitId=251170;advance=25}>,config/portrait/jinglingtouxiang2/img_2033.png,,22,,,battle/scene/bg_tower.jpg,,,,,,305,757,757,,,,5,<<9;1;20%>;<10;0;20%>;<13;0;20%>>,{501=1;451=30;gold=185000},<<gold;185000;1>;<451;30;1>;<501;1;1>>,{gold=5300;452=2;libs=<110;111;112>},<<gold;5300;0>;<451;1;1>;<452;1;1>>,429005,,,"At the end of each round, aura units restore HP to the boss.","At the end of each round, aura units restore HP to the boss.","At the end of each round, aura units restore HP to the boss.","At the end of each round, aura units restore HP to the boss.","At the end of each round, aura units restore HP to the boss.","Sau mỗi vòng lớn, đơn vị trong hào quang sẽ hồi phục máu cho boss",
100171,,,Level 171,Cấp 171,Level 171,Level 171,Level 171,Level 171,Level 171,,,<{level=186;unitId=233003;advance=25};{level=307;unitId=231841;advance=25};{level=186;unitId=230712;advance=25};{level=186;unitId=230082;advance=25};{level=186;unitId=233283;advance=25}>,<{level=307;unitId=251171;advance=26}>,config/portrait/jinglingtouxiang2/img_2233.png,,22,,,battle/scene/bg_grass.jpg,,,,,,307,760,760,,,,3,<<9;1;6%>;<10;1;6%>>,{gold=190000;451=30;452=20},<<gold;190000;1>;<451;30;1>;<452;20;1>>,{libs=<110;111>;451=2;gold=5400},<<gold;5400;0>;<451;1;1>;<452;1;1>>,429005,,,,,,,,,
100172,,,Level 172,Cấp 172,Level 172,Level 172,Level 172,Level 172,Level 172,,,<{level=187;unitId=233152;advance=25};{level=309;unitId=231903;advance=25};{level=187;unitId=230731;advance=25};{level=187;unitId=230163;advance=25};{level=187;unitId=233293;advance=25}>,<{level=309;unitId=251172;advance=26}>,config/portrait/jinglingtouxiang2/img_2242.png,,22,,,battle/scene/bg_night.jpg,,,,,,309,763,763,,,,4,<<9;0;6%>;<10;0;6%>;<17;0;6%>>,{502=1;451=30;gold=190000},<<gold;190000;1>;<451;30;1>;<502;1;1>>,{libs=<110;111>;451=2;gold=5400},<<gold;5400;0>;<451;1;1>;<452;1;1>>,429005,,,,,,,,,
100173,,,Level 173,Cấp 173,Level 173,Level 173,Level 173,Level 173,Level 173,,,<{level=188;unitId=233161;advance=25};{level=311;unitId=231911;advance=25};{level=188;unitId=230741;advance=25};{level=188;unitId=230242;advance=25};{level=188;unitId=233342;advance=25}>,<{level=311;unitId=251173;advance=26}>,config/portrait/jinglingtouxiang2/img_2401.png,,22,,,battle/scene/bg_sd.jpg,,,,,,311,766,766,,,,5,<<1;0;7%>;<22;0;7%>>,{rmb=100;451=30;gold=190000},<<gold;190000;1>;<451;30;1>;<rmb;100;1>>,{libs=<110;111>;451=2;gold=5400},<<gold;5400;0>;<451;1;1>;<452;1;1>>,429005,,,,,,,,,
100174,,,Level 174,Cấp 174,Level 174,Level 174,Level 174,Level 174,Level 174,,,<{level=189;unitId=233181;advance=25};{level=313;unitId=231931;advance=25};{level=189;unitId=230793;advance=25};{level=189;unitId=230273;advance=25};{level=189;unitId=233432;advance=25}>,<{level=313;unitId=251174;advance=26}>,config/portrait/jinglingtouxiang2/img_2493.png,,22,,,battle/scene/bg_tower.jpg,,,,,,313,769,769,,,,5,<<7;0;7%>;<8;0;7%>>,{gold=190000;451=30;452=20},<<gold;190000;1>;<451;30;1>;<452;20;1>>,{libs=<110;111>;451=2;gold=5400},<<gold;5400;0>;<451;1;1>;<452;1;1>>,429005,,,,,,,,,
100175,,,Level 175,Cấp 175,Level 175,Level 175,Level 175,Level 175,Level 175,,,<{level=190;unitId=233251;advance=25};{level=315;unitId=232013;advance=25};{level=190;unitId=230863;advance=25};{level=190;unitId=230333;advance=25};{level=190;unitId=233472;advance=25}>,<{level=315;unitId=251175;advance=26}>,config/portrait/jinglingtouxiang2/img_2723.png,,22,,,battle/scene/bg_grass.jpg,,,,,,315,772,772,,,,5,<<1;1;10%>;<7;0;10%>;<8;0;10%>>,{gold=190000;451=30;519=1},<<gold;190000;1>;<451;30;1>;<519;1;1>>,{gold=5400;452=1;libs=<110;111;112>},<<gold;5400;0>;<451;1;1>;<452;1;1>>,429005,,,All monsters' defense increases; killing aura monsters removes this effect.,All monsters' defense increases; killing aura monsters removes this effect.,All monsters' defense increases; killing aura monsters removes this effect.,All monsters' defense increases; killing aura monsters removes this effect.,All monsters' defense increases; killing aura monsters removes this effect.,"Toàn bộ quái vật tăng cường phòng thủ, tiêu diệt quái vật trong hào quang sẽ xóa bỏ hiệu ứng",
100176,,,Level 176,Cấp 176,Level 176,Level 176,Level 176,Level 176,Level 176,,,<{level=191;unitId=233283;advance=26};{level=317;unitId=232023;advance=26};{level=191;unitId=230883;advance=26};{level=191;unitId=230402;advance=26};{level=191;unitId=233511;advance=26}>,<{level=317;unitId=251176;advance=27}>,config/portrait/jinglingtouxiang2/img_3003.png,,22,,,battle/scene/bg_night.jpg,,,,,,317,775,775,,,,3,<<13;1;6%>>,{gold=195000;451=30;452=20},<<gold;195000;1>;<451;30;1>;<452;20;1>>,{libs=<110;111>;451=2;gold=5500},<<gold;5500;0>;<451;1;1>;<452;1;1>>,429005,,,,,,,,,
100177,,,Level 177,Cấp 177,Level 177,Level 177,Level 177,Level 177,Level 177,,,<{level=192;unitId=233293;advance=26};{level=319;unitId=232033;advance=26};{level=192;unitId=230972;advance=26};{level=192;unitId=230493;advance=26};{level=192;unitId=233543;advance=26}>,<{level=319;unitId=251177;advance=27}>,config/portrait/jinglingtouxiang2/img_3021.png,,22,,,battle/scene/bg_sd.jpg,,,,,,319,778,778,,,,4,<<13;0;6%>;<24;0;6%>>,{502=1;451=30;gold=195000},<<gold;195000;1>;<451;30;1>;<502;1;1>>,{libs=<110;111>;451=2;gold=5500},<<gold;5500;0>;<451;1;1>;<452;1;1>>,429005,,,,,,,,,
100178,,,Level 178,Cấp 178,Level 178,Level 178,Level 178,Level 178,Level 178,,,<{level=193;unitId=233342;advance=26};{level=321;unitId=232073;advance=26};{level=193;unitId=231071;advance=26};{level=193;unitId=230503;advance=26};{level=193;unitId=233592;advance=26}>,<{level=321;unitId=251178;advance=27}>,config/portrait/jinglingtouxiang2/img_3143.png,,22,,,battle/scene/bg_tower.jpg,,,,,,321,781,781,,,,5,<<1;0;7%>;<22;0;7%>>,{rmb=100;451=30;gold=195000},<<gold;195000;1>;<451;30;1>;<rmb;100;1>>,{libs=<110;111>;451=2;gold=5500},<<gold;5500;0>;<451;1;1>;<452;1;1>>,429005,,,,,,,,,
100179,,,Level 179,Cấp 179,Level 179,Level 179,Level 179,Level 179,Level 179,,,<{level=194;unitId=233432;advance=26};{level=323;unitId=232242;advance=26};{level=194;unitId=231032;advance=26};{level=194;unitId=230552;advance=26};{level=194;unitId=233663;advance=26}>,<{level=323;unitId=251179;advance=27}>,config/portrait/jinglingtouxiang2/img_3152.png,,22,,,battle/scene/bg_grass.jpg,,,,,,323,784,784,,,,5,<<7;0;7%>;<8;0;7%>>,{gold=195000;451=30;452=20},<<gold;195000;1>;<451;30;1>;<452;20;1>>,{libs=<110;111>;451=2;gold=5500},<<gold;5500;0>;<451;1;1>;<452;1;1>>,429005,,,,,,,,,
100180,,,Level 180,Cấp 180,Level 180,Level 180,Level 180,Level 180,Level 180,,,<{level=195;unitId=233472;advance=26};{level=325;unitId=232593;advance=26};{level=195;unitId=231082;advance=26};{level=195;unitId=230593;advance=26};{level=195;unitId=233683;advance=26}>,<{level=325;unitId=251180;advance=27}>,config/portrait/jinglingtouxiang2/img_3161.png,,22,,,battle/scene/bg_night.jpg,,,,,,325,787,787,,,,5,<<1;1;20%>;<7;0;20%>;<8;0;20%>>,{501=1;451=30;gold=195000},<<gold;195000;1>;<451;30;1>;<501;1;1>>,{gold=5500;452=2;libs=<110;111;112>},<<gold;5500;0>;<451;1;1>;<452;1;1>>,429005,,,Randomly greatly increases one unit’s magic defense.,Randomly greatly increases one unit’s magic defense.,Randomly greatly increases one unit’s magic defense.,Randomly greatly increases one unit’s magic defense.,Randomly greatly increases one unit’s magic defense.,Ngẫu nhiên một đơn vị tăng cường phòng thủ pháp thuật đáng kể,
100181,,,Level 181,Cấp 181,Level 181,Level 181,Level 181,Level 181,Level 181,,,<{level=196;unitId=233511;advance=27};{level=327;unitId=232612;advance=27};{level=196;unitId=231221;advance=27};{level=196;unitId=230603;advance=27};{level=196;unitId=233772;advance=27}>,<{level=327;unitId=251181;advance=28}>,config/portrait/jinglingtouxiang2/img_3171.png,,22,,,battle/scene/bg_sd.jpg,,,,,,327,790,790,,,,3,<<1;1;6%>>,{gold=200000;451=30;452=20},<<gold;200000;1>;<451;30;1>;<452;20;1>>,{libs=<110;111>;451=2;gold=5600},<<gold;5600;0>;<451;1;1>;<452;1;1>>,429005,,,,,,,,,
100182,,,Level 182,Cấp 182,Level 182,Level 182,Level 182,Level 182,Level 182,,,<{level=197;unitId=233543;advance=27};{level=329;unitId=232633;advance=27};{level=197;unitId=231253;advance=27};{level=197;unitId=230611;advance=27};{level=197;unitId=230013;advance=27}>,<{level=329;unitId=251182;advance=28}>,config/portrait/jinglingtouxiang2/img_3181.png,,22,,,battle/scene/bg_tower.jpg,,,,,,329,793,793,,,,4,<<1;0;6%>;<28;0;6%>>,{502=1;451=30;gold=200000},<<gold;200000;1>;<451;30;1>;<502;1;1>>,{libs=<110;111>;451=2;gold=5600},<<gold;5600;0>;<451;1;1>;<452;1;1>>,429005,,,,,,,,,
100183,,,Level 183,Cấp 183,Level 183,Level 183,Level 183,Level 183,Level 183,,,<{level=198;unitId=233592;advance=27};{level=331;unitId=232683;advance=27};{level=198;unitId=231293;advance=27};{level=198;unitId=230632;advance=27};{level=198;unitId=230044;advance=27}>,<{level=331;unitId=251183;advance=28}>,config/portrait/jinglingtouxiang2/img_3251.png,,22,,,battle/scene/bg_grass.jpg,,,,,,331,796,796,,,,5,<<9;0;7%>;<10;0;7%>;<22;0;7%>>,{rmb=100;451=30;gold=200000},<<gold;200000;1>;<451;30;1>;<rmb;100;1>>,{libs=<110;111>;451=2;gold=5600},<<gold;5600;0>;<451;1;1>;<452;1;1>>,429005,,,,,,,,,
100184,,,Level 184,Cấp 184,Level 184,Level 184,Level 184,Level 184,Level 184,,,<{level=199;unitId=233663;advance=27};{level=333;unitId=232723;advance=27};{level=199;unitId=231303;advance=27};{level=199;unitId=230641;advance=27};{level=199;unitId=230053;advance=27}>,<{level=333;unitId=251184;advance=28}>,config/portrait/jinglingtouxiang2/img_3303.png,,22,,,battle/scene/bg_night.jpg,,,,,,333,799,799,,,,5,<<9;0;7%>;<10;0;7%>>,{gold=200000;451=30;452=20},<<gold;200000;1>;<451;30;1>;<452;20;1>>,{libs=<110;111>;451=2;gold=5600},<<gold;5600;0>;<451;1;1>;<452;1;1>>,429005,,,,,,,,,
100185,,,Level 185,Cấp 185,Level 185,Level 185,Level 185,Level 185,Level 185,,,<{level=200;unitId=233683;advance=27};{level=335;unitId=232843;advance=27};{level=200;unitId=231394;advance=27};{level=200;unitId=230692;advance=27};{level=200;unitId=230082;advance=27}>,<{level=335;unitId=251185;advance=28}>,config/portrait/jinglingtouxiang2/img_3353.png,,22,,,battle/scene/bg_sd.jpg,,,,,,335,802,802,,,,5,<<9;1;10%>;<10;0;10%>;<7;0;10%>>,{gold=200000;451=30;519=1},<<gold;200000;1>;<451;30;1>;<519;1;1>>,{gold=5600;452=1;libs=<110;111;112>},<<gold;5600;0>;<451;1;1>;<452;1;1>>,429005,,,"Heroes waking up the boss will go berserk (increased attack, no distinction friend or foe).","Heroes waking up the boss will go berserk (increased attack, no distinction friend or foe).","Heroes waking up the boss will go berserk (increased attack, no distinction friend or foe).","Heroes waking up the boss will go berserk (increased attack, no distinction friend or foe).","Heroes waking up the boss will go berserk (increased attack, no distinction friend or foe).","Anh hùng đánh thức boss sẽ bị rời hồn (tăng cường tấn công, không phân biệt kẻ thù hay đồng minh)",
100186,,,Level 186,Cấp 186,Level 186,Level 186,Level 186,Level 186,Level 186,,,<{level=201;unitId=233772;advance=28};{level=337;unitId=232963;advance=28};{level=201;unitId=231612;advance=28};{level=201;unitId=230712;advance=28};{level=201;unitId=230163;advance=28}>,<{level=337;unitId=251186;advance=29}>,config/portrait/jinglingtouxiang2/img_3592.png,,22,,,battle/scene/bg_tower.jpg,,,,,,337,805,805,,,,3,<<7;1;6%>;<8;1;6%>>,{gold=205000;451=30;452=20},<<gold;205000;1>;<451;30;1>;<452;20;1>>,{libs=<110;111>;451=2;gold=5700},<<gold;5700;0>;<451;1;1>;<452;1;1>>,429005,,,,,,,,,
100187,,,Level 187,Cấp 187,Level 187,Level 187,Level 187,Level 187,Level 187,,,<{level=202;unitId=230013;advance=28};{level=339;unitId=233003;advance=28};{level=202;unitId=231772;advance=28};{level=202;unitId=230731;advance=28};{level=202;unitId=230242;advance=28}>,<{level=339;unitId=251187;advance=29}>,config/portrait/jinglingtouxiang2/img_3663.png,,22,,,battle/scene/bg_grass.jpg,,,,,,339,808,808,,,,4,<<7;0;6%>;<8;0;6%>;<14;0;6%>>,{502=1;451=30;gold=205000},<<gold;205000;1>;<451;30;1>;<502;1;1>>,{libs=<110;111>;451=2;gold=5700},<<gold;5700;0>;<451;1;1>;<452;1;1>>,429005,,,,,,,,,
100188,,,Level 188,Cấp 188,Level 188,Level 188,Level 188,Level 188,Level 188,,,<{level=203;unitId=230044;advance=28};{level=341;unitId=233152;advance=28};{level=203;unitId=231813;advance=28};{level=203;unitId=230741;advance=28};{level=203;unitId=230273;advance=28}>,<{level=341;unitId=251188;advance=29}>,config/portrait/jinglingtouxiang2/img_3673.png,,22,,,battle/scene/bg_night.jpg,,,,,,341,811,811,,,,5,<<9;0;7%>;<10;0;7%>;<22;0;7%>>,{rmb=100;451=30;gold=205000},<<gold;205000;1>;<451;30;1>;<rmb;100;1>>,{libs=<110;111>;451=2;gold=5700},<<gold;5700;0>;<451;1;1>;<452;1;1>>,429005,,,,,,,,,
100189,,,Level 189,Cấp 189,Level 189,Level 189,Level 189,Level 189,Level 189,,,<{level=204;unitId=230053;advance=28};{level=343;unitId=233161;advance=28};{level=204;unitId=231841;advance=28};{level=204;unitId=230793;advance=28};{level=204;unitId=230333;advance=28}>,<{level=343;unitId=251189;advance=29}>,config/portrait/jinglingtouxiang2/img_7001.png,,22,,,battle/scene/bg_sd.jpg,,,,,,343,814,814,,,,5,<<9;0;7%>;<10;0;7%>>,{gold=205000;451=30;452=20},<<gold;205000;1>;<451;30;1>;<452;20;1>>,{libs=<110;111>;451=2;gold=5700},<<gold;5700;0>;<451;1;1>;<452;1;1>>,429005,,,,,,,,,
100190,,,Level 190,Cấp 190,Level 190,Level 190,Level 190,Level 190,Level 190,,,<{level=205;unitId=230082;advance=28};{level=345;unitId=233181;advance=28};{level=205;unitId=231903;advance=28};{level=205;unitId=230863;advance=28};{level=205;unitId=230402;advance=28}>,<{level=345;unitId=251190;advance=29}>,config/portrait/jinglingtouxiang2/img_163.png,,22,,,battle/scene/bg_tower.jpg,,,,,,345,817,817,,,,5,<<9;1;20%>;<10;0;20%>;<8;0;20%>>,{501=1;451=30;gold=205000},<<gold;205000;1>;<451;30;1>;<501;1;1>>,{gold=5700;452=2;libs=<110;111;112>},<<gold;5700;0>;<451;1;1>;<452;1;1>>,429005,,,"Aura units will counterattack and reduce attack, and disappear after a few rounds.","Aura units will counterattack and reduce attack, and disappear after a few rounds.","Aura units will counterattack and reduce attack, and disappear after a few rounds.","Aura units will counterattack and reduce attack, and disappear after a few rounds.","Aura units will counterattack and reduce attack, and disappear after a few rounds.","Đơn vị trong hào quang sẽ phản công, kèm theo giảm tấn công, sau một số vòng sẽ biến mất",
100191,,,Level 191,Cấp 191,Level 191,Level 191,Level 191,Level 191,Level 191,,,<{level=206;unitId=230163;advance=29};{level=347;unitId=233251;advance=29};{level=206;unitId=231911;advance=29};{level=206;unitId=230883;advance=29};{level=206;unitId=230493;advance=29}>,<{level=347;unitId=251191;advance=30}>,config/portrait/jinglingtouxiang2/img_242.png,,22,,,battle/scene/bg_grass.jpg,,,,,,347,821,821,,,,3,<<9;1;6%>;<10;1;6%>>,{gold=210000;451=30;452=20},<<gold;210000;1>;<451;30;1>;<452;20;1>>,{libs=<110;111>;451=2;gold=5800},<<gold;5800;0>;<451;1;1>;<452;1;1>>,429005,,,,,,,,,
100192,,,Level 192,Cấp 192,Level 192,Level 192,Level 192,Level 192,Level 192,,,<{level=207;unitId=230242;advance=29};{level=349;unitId=233283;advance=29};{level=207;unitId=231931;advance=29};{level=207;unitId=230972;advance=29};{level=207;unitId=230503;advance=29}>,<{level=349;unitId=251192;advance=30}>,config/portrait/jinglingtouxiang2/img_263.png,,22,,,battle/scene/bg_night.jpg,,,,,,349,825,825,,,,4,<<9;0;6%>;<10;0;6%>;<17;0;6%>>,{502=1;451=30;gold=210000},<<gold;210000;1>;<451;30;1>;<502;1;1>>,{libs=<110;111>;451=2;gold=5800},<<gold;5800;0>;<451;1;1>;<452;1;1>>,429005,,,,,,,,,
100193,,,Level 193,Cấp 193,Level 193,Level 193,Level 193,Level 193,Level 193,,,<{level=208;unitId=230273;advance=29};{level=351;unitId=233293;advance=29};{level=208;unitId=232013;advance=29};{level=208;unitId=231071;advance=29};{level=208;unitId=230552;advance=29}>,<{level=351;unitId=251193;advance=30}>,config/portrait/jinglingtouxiang2/img_333.png,,22,,,battle/scene/bg_sd.jpg,,,,,,351,829,829,,,,5,<<27;0;7%>;<26;0;7%>>,{rmb=100;451=30;gold=210000},<<gold;210000;1>;<451;30;1>;<rmb;100;1>>,{libs=<110;111>;451=2;gold=5800},<<gold;5800;0>;<451;1;1>;<452;1;1>>,429005,,,,,,,,,
100194,,,Level 194,Cấp 194,Level 194,Level 194,Level 194,Level 194,Level 194,,,<{level=209;unitId=230333;advance=29};{level=353;unitId=233342;advance=29};{level=209;unitId=232023;advance=29};{level=209;unitId=231032;advance=29};{level=209;unitId=230593;advance=29}>,<{level=353;unitId=251194;advance=30}>,config/portrait/jinglingtouxiang2/img_393.png,,22,,,battle/scene/bg_tower.jpg,,,,,,353,833,833,,,,5,<<1;0;7%>>,{gold=210000;451=30;452=20},<<gold;210000;1>;<451;30;1>;<452;20;1>>,{libs=<110;111>;451=2;gold=5800},<<gold;5800;0>;<451;1;1>;<452;1;1>>,429005,,,,,,,,,
100195,,,Level 195,Cấp 195,Level 195,Level 195,Level 195,Level 195,Level 195,,,<{level=210;unitId=230402;advance=29};{level=355;unitId=233432;advance=29};{level=210;unitId=232033;advance=29};{level=210;unitId=231082;advance=29};{level=210;unitId=230603;advance=29}>,<{level=355;unitId=251195;advance=30}>,config/portrait/jinglingtouxiang2/img_503.png,,22,,,battle/scene/bg_grass.jpg,,,,,,355,837,837,,,,5,<<27;0;10%>;<24;0;10%>>,{gold=210000;451=30;519=1},<<gold;210000;1>;<451;30;1>;<519;1;1>>,{gold=5800;452=1;libs=<110;111;112>},<<gold;5800;0>;<451;1;1>;<452;1;1>>,429005,,,"At the start of each round, if aura units are alive, all monsters will focus on the highest-stat target.","At the start of each round, if aura units are alive, all monsters will focus on the highest-stat target.","At the start of each round, if aura units are alive, all monsters will focus on the highest-stat target.","At the start of each round, if aura units are alive, all monsters will focus on the highest-stat target.","At the start of each round, if aura units are alive, all monsters will focus on the highest-stat target.","Khi bắt đầu vòng lớn, nếu đơn vị trong hào quang còn sống, toàn bộ quái vật sẽ tập trung tấn công đơn vị có chỉ số cao nhất",
100196,,,Level 196,Cấp 196,Level 196,Level 196,Level 196,Level 196,Level 196,,,<{level=211;unitId=230493;advance=30};{level=357;unitId=233472;advance=30};{level=211;unitId=232073;advance=30};{level=211;unitId=231221;advance=30};{level=211;unitId=230611;advance=30}>,<{level=357;unitId=251196;advance=31}>,config/portrait/jinglingtouxiang2/img_572.png,,22,,,battle/scene/bg_night.jpg,,,,,,357,841,841,,,,3,<<13;1;6%>>,{gold=215000;451=30;452=20},<<gold;215000;1>;<451;30;1>;<452;20;1>>,{libs=<110;111>;451=2;gold=5900},<<gold;5900;0>;<451;1;1>;<452;1;1>>,429005,,,,,,,,,
100197,,,Level 197,Cấp 197,Level 197,Level 197,Level 197,Level 197,Level 197,,,<{level=212;unitId=230503;advance=30};{level=359;unitId=233511;advance=30};{level=212;unitId=232242;advance=30};{level=212;unitId=231253;advance=30};{level=212;unitId=230632;advance=30}>,<{level=359;unitId=251197;advance=31}>,config/portrait/jinglingtouxiang2/img_593.png,,22,,,battle/scene/bg_sd.jpg,,,,,,359,845,845,,,,4,<<13;0;6%>;<24;0;6%>>,{502=1;451=30;gold=215000},<<gold;215000;1>;<451;30;1>;<502;1;1>>,{libs=<110;111>;451=2;gold=5900},<<gold;5900;0>;<451;1;1>;<452;1;1>>,429005,,,,,,,,,
100198,,,Level 198,Cấp 198,Level 198,Level 198,Level 198,Level 198,Level 198,,,<{level=213;unitId=230552;advance=30};{level=361;unitId=233543;advance=30};{level=213;unitId=232593;advance=30};{level=213;unitId=231293;advance=30};{level=213;unitId=230641;advance=30}>,<{level=361;unitId=251198;advance=31}>,config/portrait/jinglingtouxiang2/img_603.png,,22,,,battle/scene/bg_tower.jpg,,,,,,361,849,849,,,,5,<<27;0;7%>;<26;0;7%>>,{rmb=100;451=30;gold=215000},<<gold;215000;1>;<451;30;1>;<rmb;100;1>>,{libs=<110;111>;451=2;gold=5900},<<gold;5900;0>;<451;1;1>;<452;1;1>>,429005,,,,,,,,,
100199,,,Level 199,Cấp 199,Level 199,Level 199,Level 199,Level 199,Level 199,,,<{level=214;unitId=230593;advance=30};{level=363;unitId=233592;advance=30};{level=214;unitId=232612;advance=30};{level=214;unitId=231303;advance=30};{level=214;unitId=230692;advance=30}>,<{level=363;unitId=251199;advance=31}>,config/portrait/jinglingtouxiang2/img_611.png,,22,,,battle/scene/bg_grass.jpg,,,,,,363,853,853,,,,5,<<1;0;7%>>,{gold=215000;451=30;452=20},<<gold;215000;1>;<451;30;1>;<452;20;1>>,{libs=<110;111>;451=2;gold=5900},<<gold;5900;0>;<451;1;1>;<452;1;1>>,429005,,,,,,,,,
100200,,,Level 200,Cấp 200,Level 200,Level 200,Level 200,Level 200,Level 200,,,<{level=215;unitId=230603;advance=30};{level=365;unitId=233663;advance=30};{level=215;unitId=232633;advance=30};{level=215;unitId=231394;advance=30};{level=215;unitId=230712;advance=30}>,<{level=365;unitId=251200;advance=31}>,config/portrait/jinglingtouxiang2/img_631.png,,22,,,battle/scene/bg_night.jpg,,,,,,365,857,857,,,,5,<<27;0;20%>;<24;0;20%>>,{501=1;451=30;gold=215000},<<gold;215000;1>;<451;30;1>;<501;1;1>>,{gold=5900;452=2;libs=<110;111;112>},<<gold;5900;0>;<451;1;1>;<452;1;1>>,429005,,,All monsters have increased dodge chance; killing aura units removes this.,All monsters have increased dodge chance; killing aura units removes this.,All monsters have increased dodge chance; killing aura units removes this.,All monsters have increased dodge chance; killing aura units removes this.,All monsters have increased dodge chance; killing aura units removes this.,"Toàn bộ quái vật tăng cường xác suất né tránh, tiêu diệt đơn vị trong hào quang sẽ xóa bỏ hiệu ứng",
100201,,,Level 201,Cấp 201,Level 201,Level 201,Level 201,Level 201,Level 201,,,<{level=216;unitId=230611;advance=31};{level=367;unitId=233683;advance=31};{level=216;unitId=232683;advance=31};{level=216;unitId=231612;advance=31};{level=216;unitId=230731;advance=31}>,<{level=367;unitId=251201;advance=32}>,config/portrait/jinglingtouxiang2/img_641.png,,22,,,battle/scene/bg_sd.jpg,,,,,,367,861,861,,,,3,<<1;1;7%>>,{gold=220000;451=30;452=20},<<gold;220000;1>;<451;30;1>;<452;20;1>>,{libs=<110;111>;451=2;gold=6000},<<gold;6000;0>;<451;1;1>;<452;1;1>>,429005,,,,,,,,,
100202,,,Level 202,Cấp 202,Level 202,Level 202,Level 202,Level 202,Level 202,,,<{level=217;unitId=230632;advance=31};{level=369;unitId=233772;advance=31};{level=217;unitId=232723;advance=31};{level=217;unitId=231772;advance=31};{level=217;unitId=230741;advance=31}>,<{level=369;unitId=251202;advance=32}>,config/portrait/jinglingtouxiang2/img_701.png,,22,,,battle/scene/bg_tower.jpg,,,,,,369,865,865,,,,4,<<1;0;7%>;<28;0;7%>>,{502=1;451=30;gold=220000},<<gold;220000;1>;<451;30;1>;<502;1;1>>,{libs=<110;111>;451=2;gold=6000},<<gold;6000;0>;<451;1;1>;<452;1;1>>,429005,,,,,,,,,
100203,,,Level 203,Cấp 203,Level 203,Level 203,Level 203,Level 203,Level 203,,,<{level=218;unitId=230641;advance=31};{level=371;unitId=230013;advance=31};{level=218;unitId=232843;advance=31};{level=218;unitId=231813;advance=31};{level=218;unitId=230793;advance=31}>,<{level=371;unitId=251203;advance=32}>,config/portrait/jinglingtouxiang2/img_712.png,,22,,,battle/scene/bg_grass.jpg,,,,,,371,869,869,,,,5,<<1;0;8%>>,{rmb=100;451=30;gold=220000},<<gold;220000;1>;<451;30;1>;<rmb;100;1>>,{libs=<110;111>;451=2;gold=6000},<<gold;6000;0>;<451;1;1>;<452;1;1>>,429005,,,,,,,,,
100204,,,Level 204,Cấp 204,Level 204,Level 204,Level 204,Level 204,Level 204,,,<{level=219;unitId=230692;advance=31};{level=373;unitId=230044;advance=31};{level=219;unitId=232963;advance=31};{level=219;unitId=231841;advance=31};{level=219;unitId=230863;advance=31}>,<{level=373;unitId=251204;advance=32}>,config/portrait/jinglingtouxiang2/img_721.png,,22,,,battle/scene/bg_night.jpg,,,,,,373,873,873,,,,5,<<27;0;8%>;<26;0;8%>>,{gold=220000;451=30;452=20},<<gold;220000;1>;<451;30;1>;<452;20;1>>,{libs=<110;111>;451=2;gold=6000},<<gold;6000;0>;<451;1;1>;<452;1;1>>,429005,,,,,,,,,
100205,,,Level 205,Cấp 205,Level 205,Level 205,Level 205,Level 205,Level 205,,,<{level=220;unitId=230712;advance=31};{level=375;unitId=230053;advance=31};{level=220;unitId=233003;advance=31};{level=220;unitId=231903;advance=31};{level=220;unitId=230883;advance=31}>,<{level=375;unitId=251205;advance=32}>,config/portrait/jinglingtouxiang2/img_731.png,,22,,,battle/scene/bg_sd.jpg,,,,,,375,877,877,,,,5,<<1;1;10%>;<24;0;10%>>,{gold=220000;451=30;519=1},<<gold;220000;1>;<451;30;1>;<519;1;1>>,{gold=6000;452=1;libs=<110;111;112>},<<gold;6000;0>;<451;1;1>;<452;1;1>>,429005,,,Randomly greatly increases one unit’s physical defense.,Randomly greatly increases one unit’s physical defense.,Randomly greatly increases one unit’s physical defense.,Randomly greatly increases one unit’s physical defense.,Randomly greatly increases one unit’s physical defense.,Ngẫu nhiên một đơn vị tăng cường phòng thủ vật lý đáng kể,
100206,,,Level 206,Cấp 206,Level 206,Level 206,Level 206,Level 206,Level 206,,,<{level=221;unitId=230731;advance=32};{level=377;unitId=230082;advance=32};{level=221;unitId=233152;advance=32};{level=221;unitId=231911;advance=32};{level=221;unitId=230972;advance=32}>,<{level=377;unitId=251206;advance=33}>,config/portrait/jinglingtouxiang2/img_741.png,,22,,,battle/scene/bg_tower.jpg,,,,,,377,881,881,,,,3,<<7;1;7%>;<8;1;7%>>,{gold=225000;451=30;452=20},<<gold;225000;1>;<451;30;1>;<452;20;1>>,{libs=<110;111>;451=2;gold=6100},<<gold;6100;0>;<451;1;1>;<452;1;1>>,429005,,,,,,,,,
100207,,,Level 207,Cấp 207,Level 207,Level 207,Level 207,Level 207,Level 207,,,<{level=222;unitId=230741;advance=32};{level=379;unitId=230163;advance=32};{level=222;unitId=233161;advance=32};{level=222;unitId=231931;advance=32};{level=222;unitId=231071;advance=32}>,<{level=379;unitId=251207;advance=33}>,config/portrait/jinglingtouxiang2/img_771.png,,22,,,battle/scene/bg_grass.jpg,,,,,,379,885,885,,,,4,<<7;0;7%>;<8;0;7%>;<14;0;7%>>,{502=1;451=30;gold=225000},<<gold;225000;1>;<451;30;1>;<502;1;1>>,{libs=<110;111>;451=2;gold=6100},<<gold;6100;0>;<451;1;1>;<452;1;1>>,429005,,,,,,,,,
100208,,,Level 208,Cấp 208,Level 208,Level 208,Level 208,Level 208,Level 208,,,<{level=223;unitId=230793;advance=32};{level=381;unitId=230242;advance=32};{level=223;unitId=233181;advance=32};{level=223;unitId=232013;advance=32};{level=223;unitId=231032;advance=32}>,<{level=381;unitId=251208;advance=33}>,config/portrait/jinglingtouxiang2/img_863.png,,22,,,battle/scene/bg_night.jpg,,,,,,381,889,889,,,,5,<<1;0;8%>>,{rmb=100;451=30;gold=225000},<<gold;225000;1>;<451;30;1>;<rmb;100;1>>,{libs=<110;111>;451=2;gold=6100},<<gold;6100;0>;<451;1;1>;<452;1;1>>,429005,,,,,,,,,
100209,,,Level 209,Cấp 209,Level 209,Level 209,Level 209,Level 209,Level 209,,,<{level=224;unitId=230863;advance=32};{level=383;unitId=230273;advance=32};{level=224;unitId=233251;advance=32};{level=224;unitId=232023;advance=32};{level=224;unitId=231082;advance=32}>,<{level=383;unitId=251209;advance=33}>,config/portrait/jinglingtouxiang2/img_883.png,,22,,,battle/scene/bg_sd.jpg,,,,,,383,893,893,,,,5,<<27;0;8%>;<26;0;8%>>,{gold=225000;451=30;452=20},<<gold;225000;1>;<451;30;1>;<452;20;1>>,{libs=<110;111>;451=2;gold=6100},<<gold;6100;0>;<451;1;1>;<452;1;1>>,429005,,,,,,,,,
100210,,,Level 210,Cấp 210,Level 210,Level 210,Level 210,Level 210,Level 210,,,<{level=225;unitId=230883;advance=32};{level=385;unitId=230333;advance=32};{level=225;unitId=233283;advance=32};{level=225;unitId=232033;advance=32};{level=225;unitId=231221;advance=32}>,<{level=385;unitId=251210;advance=33}>,config/portrait/jinglingtouxiang2/img_972.png,,22,,,battle/scene/bg_tower.jpg,,,,,,385,897,897,,,,5,<<1;1;20%>;<24;0;20%>>,{501=1;451=30;gold=225000},<<gold;225000;1>;<451;30;1>;<501;1;1>>,{gold=6100;452=2;libs=<110;111;112>},<<gold;6100;0>;<451;1;1>;<452;1;1>>,429005,,,Rage gain is blocked; killing aura monsters removes this effect.,Rage gain is blocked; killing aura monsters removes this effect.,Rage gain is blocked; killing aura monsters removes this effect.,Rage gain is blocked; killing aura monsters removes this effect.,Rage gain is blocked; killing aura monsters removes this effect.,"Toàn bộ bị chặn tức giận, tiêu diệt quái vật trong hào quang sẽ xóa bỏ hiệu ứng",
100211,,,Level 211,Cấp 211,Level 211,Level 211,Level 211,Level 211,Level 211,,,<{level=226;unitId=230972;advance=33};{level=387;unitId=230402;advance=33};{level=226;unitId=233293;advance=33};{level=226;unitId=232073;advance=33};{level=226;unitId=231253;advance=33}>,<{level=387;unitId=251211;advance=34}>,config/portrait/jinglingtouxiang2/img_1071.png,,22,,,battle/scene/bg_grass.jpg,,,,,,387,901,901,,,,3,<<9;1;7%>;<10;1;7%>>,{gold=230000;451=30;452=20},<<gold;230000;1>;<451;30;1>;<452;20;1>>,{libs=<110;111>;451=2;gold=6200},<<gold;6200;0>;<451;1;1>;<452;1;1>>,429005,,,,,,,,,
100212,,,Level 212,Cấp 212,Level 212,Level 212,Level 212,Level 212,Level 212,,,<{level=227;unitId=231071;advance=33};{level=389;unitId=230493;advance=33};{level=227;unitId=233342;advance=33};{level=227;unitId=232242;advance=33};{level=227;unitId=231293;advance=33}>,<{level=389;unitId=251212;advance=34}>,config/portrait/jinglingtouxiang2/img_1032.png,,22,,,battle/scene/bg_night.jpg,,,,,,389,905,905,,,,4,<<9;0;7%>;<10;0;7%>;<17;0;7%>>,{502=1;451=30;gold=230000},<<gold;230000;1>;<451;30;1>;<502;1;1>>,{libs=<110;111>;451=2;gold=6200},<<gold;6200;0>;<451;1;1>;<452;1;1>>,429005,,,,,,,,,
100213,,,Level 213,Cấp 213,Level 213,Level 213,Level 213,Level 213,Level 213,,,<{level=228;unitId=231032;advance=33};{level=391;unitId=230503;advance=33};{level=228;unitId=233432;advance=33};{level=228;unitId=232593;advance=33};{level=228;unitId=231303;advance=33}>,<{level=391;unitId=251213;advance=34}>,config/portrait/jinglingtouxiang2/img_1082.png,,22,,,battle/scene/bg_sd.jpg,,,,,,391,909,909,,,,5,<<9;0;8%>;<10;0;8%>>,{rmb=100;451=30;gold=230000},<<gold;230000;1>;<451;30;1>;<rmb;100;1>>,{libs=<110;111>;451=2;gold=6200},<<gold;6200;0>;<451;1;1>;<452;1;1>>,429005,,,,,,,,,
100214,,,Level 214,Cấp 214,Level 214,Level 214,Level 214,Level 214,Level 214,,,<{level=229;unitId=231082;advance=33};{level=393;unitId=230552;advance=33};{level=229;unitId=233472;advance=33};{level=229;unitId=232612;advance=33};{level=229;unitId=231394;advance=33}>,<{level=393;unitId=251214;advance=34}>,config/portrait/jinglingtouxiang2/img_1231.png,,22,,,battle/scene/bg_tower.jpg,,,,,,393,913,913,,,,5,<<9;0;8%>;<10;0;8%>;<22;0;8%>>,{gold=230000;451=30;452=20},<<gold;230000;1>;<451;30;1>;<452;20;1>>,{libs=<110;111>;451=2;gold=6200},<<gold;6200;0>;<451;1;1>;<452;1;1>>,429005,,,,,,,,,
100215,,,Level 215,Cấp 215,Level 215,Level 215,Level 215,Level 215,Level 215,,,<{level=230;unitId=231221;advance=33};{level=395;unitId=230593;advance=33};{level=230;unitId=233511;advance=33};{level=230;unitId=232633;advance=33};{level=230;unitId=231612;advance=33}>,<{level=395;unitId=251215;advance=34}>,config/portrait/jinglingtouxiang2/img_1241.png,,22,,,battle/scene/bg_grass.jpg,,,,,,395,917,917,,,,5,<<9;1;10%>;<10;0;10%>;<24;0;10%>>,{gold=230000;451=30;519=1},<<gold;230000;1>;<451;30;1>;<519;1;1>>,{gold=6200;452=1;libs=<110;111;112>},<<gold;6200;0>;<451;1;1>;<452;1;1>>,429005,,,All monsters' rage recovery speed decreases; killing aura units removes this.,All monsters' rage recovery speed decreases; killing aura units removes this.,All monsters' rage recovery speed decreases; killing aura units removes this.,All monsters' rage recovery speed decreases; killing aura units removes this.,All monsters' rage recovery speed decreases; killing aura units removes this.,"Toàn bộ tốc độ hồi phục tức giận giảm, tiêu diệt đơn vị trong hào quang sẽ xóa bỏ",
100216,,,Level 216,Cấp 216,Level 216,Level 216,Level 216,Level 216,Level 216,,,<{level=231;unitId=231253;advance=34};{level=397;unitId=230603;advance=34};{level=231;unitId=233543;advance=34};{level=231;unitId=232683;advance=34};{level=231;unitId=231772;advance=34}>,<{level=397;unitId=251216;advance=35}>,config/portrait/jinglingtouxiang2/img_1253.png,,22,,,battle/scene/bg_night.jpg,,,,,,397,921,921,,,,3,<<13;1;7%>>,{gold=235000;451=30;452=20},<<gold;235000;1>;<451;30;1>;<452;20;1>>,{libs=<110;111>;451=2;gold=6300},<<gold;6300;0>;<451;1;1>;<452;1;1>>,429005,,,,,,,,,
100217,,,Level 217,Cấp 217,Level 217,Level 217,Level 217,Level 217,Level 217,,,<{level=232;unitId=231293;advance=34};{level=399;unitId=230611;advance=34};{level=232;unitId=233592;advance=34};{level=232;unitId=232723;advance=34};{level=232;unitId=231813;advance=34}>,<{level=399;unitId=251217;advance=35}>,config/portrait/jinglingtouxiang2/img_1293.png,,22,,,battle/scene/bg_sd.jpg,,,,,,399,925,925,,,,4,<<13;0;7%>;<24;0;7%>>,{502=1;451=30;gold=235000},<<gold;235000;1>;<451;30;1>;<502;1;1>>,{libs=<110;111>;451=2;gold=6300},<<gold;6300;0>;<451;1;1>;<452;1;1>>,429005,,,,,,,,,
100218,,,Level 218,Cấp 218,Level 218,Level 218,Level 218,Level 218,Level 218,,,<{level=233;unitId=231303;advance=34};{level=401;unitId=230632;advance=34};{level=233;unitId=233663;advance=34};{level=233;unitId=232843;advance=34};{level=233;unitId=231841;advance=34}>,<{level=401;unitId=251218;advance=35}>,config/portrait/jinglingtouxiang2/img_1303.png,,22,,,battle/scene/bg_tower.jpg,,,,,,401,929,929,,,,5,<<9;0;8%>;<10;0;8%>>,{rmb=100;451=30;gold=235000},<<gold;235000;1>;<451;30;1>;<rmb;100;1>>,{libs=<110;111>;451=2;gold=6300},<<gold;6300;0>;<451;1;1>;<452;1;1>>,429005,,,,,,,,,
100219,,,Level 219,Cấp 219,Level 219,Level 219,Level 219,Level 219,Level 219,,,<{level=234;unitId=231394;advance=34};{level=403;unitId=230641;advance=34};{level=234;unitId=233683;advance=34};{level=234;unitId=232963;advance=34};{level=234;unitId=231903;advance=34}>,<{level=403;unitId=251219;advance=35}>,config/portrait/jinglingtouxiang2/img_1313.png,,22,,,battle/scene/bg_grass.jpg,,,,,,403,933,933,,,,5,<<9;0;8%>;<10;0;8%>;<22;0;8%>>,{gold=235000;451=30;452=20},<<gold;235000;1>;<451;30;1>;<452;20;1>>,{libs=<110;111>;451=2;gold=6300},<<gold;6300;0>;<451;1;1>;<452;1;1>>,429005,,,,,,,,,
100220,,,Level 220,Cấp 220,Level 220,Level 220,Level 220,Level 220,Level 220,,,<{level=235;unitId=231612;advance=34};{level=405;unitId=230692;advance=34};{level=235;unitId=233772;advance=34};{level=235;unitId=233003;advance=34};{level=235;unitId=231911;advance=34}>,<{level=405;unitId=251220;advance=35}>,config/portrait/jinglingtouxiang2/img_1393.png,,22,,,battle/scene/bg_night.jpg,,,,,,405,937,937,,,,5,<<9;1;20%>;<10;0;20%>;<24;0;20%>>,{501=1;451=30;gold=235000},<<gold;235000;1>;<451;30;1>;<501;1;1>>,{gold=6300;452=2;libs=<110;111;112>},<<gold;6300;0>;<451;1;1>;<452;1;1>>,429005,,,All monsters' rage recovery speed increases.,All monsters' rage recovery speed increases.,All monsters' rage recovery speed increases.,All monsters' rage recovery speed increases.,All monsters' rage recovery speed increases.,Toàn bộ quái vật tăng cường tốc độ hồi phục tức giận,
100221,,,Level 221,Cấp 221,Level 221,Level 221,Level 221,Level 221,Level 221,,,<{level=236;unitId=231772;advance=35};{level=407;unitId=230712;advance=35};{level=236;unitId=230013;advance=35};{level=236;unitId=233152;advance=35};{level=236;unitId=231931;advance=35}>,<{level=407;unitId=251221;advance=36}>,config/portrait/jinglingtouxiang2/img_1381.png,,22,,,battle/scene/bg_sd.jpg,,,,,,407,941,941,,,,3,<<1;1;7%>>,{gold=240000;451=30;452=20},<<gold;240000;1>;<451;30;1>;<452;20;1>>,{libs=<110;111>;451=2;gold=6400},<<gold;6400;0>;<451;1;1>;<452;1;1>>,429005,,,,,,,,,
100222,,,Level 222,Cấp 222,Level 222,Level 222,Level 222,Level 222,Level 222,,,<{level=237;unitId=231813;advance=35};{level=409;unitId=230731;advance=35};{level=237;unitId=230044;advance=35};{level=237;unitId=233161;advance=35};{level=237;unitId=232013;advance=35}>,<{level=409;unitId=251222;advance=36}>,config/portrait/jinglingtouxiang2/img_1423.png,,22,,,battle/scene/bg_tower.jpg,,,,,,409,945,945,,,,4,<<1;0;7%>;<28;0;7%>>,{502=1;451=30;gold=240000},<<gold;240000;1>;<451;30;1>;<502;1;1>>,{libs=<110;111>;451=2;gold=6400},<<gold;6400;0>;<451;1;1>;<452;1;1>>,429005,,,,,,,,,
100223,,,Level 223,Cấp 223,Level 223,Level 223,Level 223,Level 223,Level 223,,,<{level=238;unitId=231841;advance=35};{level=411;unitId=230741;advance=35};{level=238;unitId=230053;advance=35};{level=238;unitId=233181;advance=35};{level=238;unitId=232023;advance=35}>,<{level=411;unitId=251223;advance=36}>,config/portrait/jinglingtouxiang2/img_1503.png,,22,,,battle/scene/bg_grass.jpg,,,,,,411,949,949,,,,5,<<7;0;8%>;<8;0;8%>>,{rmb=100;451=30;gold=240000},<<gold;240000;1>;<451;30;1>;<rmb;100;1>>,{libs=<110;111>;451=2;gold=6400},<<gold;6400;0>;<451;1;1>;<452;1;1>>,429005,,,,,,,,,
100224,,,Level 224,Cấp 224,Level 224,Level 224,Level 224,Level 224,Level 224,,,<{level=239;unitId=231903;advance=35};{level=413;unitId=230793;advance=35};{level=239;unitId=230082;advance=35};{level=239;unitId=233251;advance=35};{level=239;unitId=232033;advance=35}>,<{level=413;unitId=251224;advance=36}>,config/portrait/jinglingtouxiang2/img_1612.png,,22,,,battle/scene/bg_night.jpg,,,,,,413,953,953,,,,5,<<1;0;8%>;<22;0;8%>>,{gold=240000;451=30;452=20},<<gold;240000;1>;<451;30;1>;<452;20;1>>,{libs=<110;111>;451=2;gold=6400},<<gold;6400;0>;<451;1;1>;<452;1;1>>,429005,,,,,,,,,
100225,,,Level 225,Cấp 225,Level 225,Level 225,Level 225,Level 225,Level 225,,,<{level=240;unitId=231911;advance=35};{level=415;unitId=230863;advance=35};{level=240;unitId=230163;advance=35};{level=240;unitId=233283;advance=35};{level=240;unitId=232073;advance=35}>,<{level=415;unitId=251225;advance=36}>,config/portrait/jinglingtouxiang2/img_1772.png,,22,,,battle/scene/bg_sd.jpg,,,,,,415,957,957,,,,5,<<1;1;10%>;<22;0;10%>>,{gold=240000;451=30;519=1},<<gold;240000;1>;<451;30;1>;<519;1;1>>,{gold=6400;452=1;libs=<110;111;112>},<<gold;6400;0>;<451;1;1>;<452;1;1>>,429005,,,"Each round, all monsters' max HP decreases; killing aura units removes this.","Each round, all monsters' max HP decreases; killing aura units removes this.","Each round, all monsters' max HP decreases; killing aura units removes this.","Each round, all monsters' max HP decreases; killing aura units removes this.","Each round, all monsters' max HP decreases; killing aura units removes this.","Mỗi vòng, toàn bộ giới hạn sinh mệnh sẽ giảm, tiêu diệt đơn vị trong hào quang sẽ xóa bỏ",
100226,,,Level 226,Cấp 226,Level 226,Level 226,Level 226,Level 226,Level 226,,,<{level=241;unitId=231931;advance=36};{level=417;unitId=230883;advance=36};{level=241;unitId=230242;advance=36};{level=241;unitId=233293;advance=36};{level=241;unitId=232242;advance=36}>,<{level=417;unitId=251226;advance=37}>,config/portrait/jinglingtouxiang2/img_1813.png,,22,,,battle/scene/bg_tower.jpg,,,,,,417,961,961,,,,3,<<7;1;7%>;<8;1;7%>>,{gold=245000;451=30;452=20},<<gold;245000;1>;<451;30;1>;<452;20;1>>,{libs=<110;111>;451=2;gold=6500},<<gold;6500;0>;<451;1;1>;<452;1;1>>,429005,,,,,,,,,
100227,,,Level 227,Cấp 227,Level 227,Level 227,Level 227,Level 227,Level 227,,,<{level=242;unitId=232013;advance=36};{level=419;unitId=230972;advance=36};{level=242;unitId=230273;advance=36};{level=242;unitId=233342;advance=36};{level=242;unitId=232593;advance=36}>,<{level=419;unitId=251227;advance=37}>,config/portrait/jinglingtouxiang2/img_1841.png,,22,,,battle/scene/bg_grass.jpg,,,,,,419,965,965,,,,4,<<7;0;7%>;<8;0;7%>;<14;0;7%>>,{502=1;451=30;gold=245000},<<gold;245000;1>;<451;30;1>;<502;1;1>>,{libs=<110;111>;451=2;gold=6500},<<gold;6500;0>;<451;1;1>;<452;1;1>>,429005,,,,,,,,,
100228,,,Level 228,Cấp 228,Level 228,Level 228,Level 228,Level 228,Level 228,,,<{level=243;unitId=232023;advance=36};{level=421;unitId=231071;advance=36};{level=243;unitId=230333;advance=36};{level=243;unitId=233432;advance=36};{level=243;unitId=232612;advance=36}>,<{level=421;unitId=251228;advance=37}>,config/portrait/jinglingtouxiang2/img_1893.png,,22,,,battle/scene/bg_night.jpg,,,,,,421,969,969,,,,5,<<7;0;8%>;<8;0;8%>>,{rmb=100;451=30;gold=245000},<<gold;245000;1>;<451;30;1>;<rmb;100;1>>,{libs=<110;111>;451=2;gold=6500},<<gold;6500;0>;<451;1;1>;<452;1;1>>,429005,,,,,,,,,
100229,,,Level 229,Cấp 229,Level 229,Level 229,Level 229,Level 229,Level 229,,,<{level=244;unitId=232033;advance=36};{level=423;unitId=231032;advance=36};{level=244;unitId=230402;advance=36};{level=244;unitId=233472;advance=36};{level=244;unitId=232633;advance=36}>,<{level=423;unitId=251229;advance=37}>,config/portrait/jinglingtouxiang2/img_1911.png,,22,,,battle/scene/bg_sd.jpg,,,,,,423,973,973,,,,5,<<1;0;8%>;<22;0;8%>>,{gold=245000;451=30;452=20},<<gold;245000;1>;<451;30;1>;<452;20;1>>,{libs=<110;111>;451=2;gold=6500},<<gold;6500;0>;<451;1;1>;<452;1;1>>,429005,,,,,,,,,
100230,,,Level 230,Cấp 230,Level 230,Level 230,Level 230,Level 230,Level 230,,,<{level=245;unitId=232073;advance=36};{level=425;unitId=231082;advance=36};{level=245;unitId=230493;advance=36};{level=245;unitId=233511;advance=36};{level=245;unitId=232683;advance=36}>,<{level=425;unitId=251230;advance=37}>,config/portrait/jinglingtouxiang2/img_1941.png,,22,,,battle/scene/bg_tower.jpg,,,,,,425,977,977,,,,5,<<1;1;20%>;<22;0;20%>>,{501=1;451=30;gold=245000},<<gold;245000;1>;<451;30;1>;<501;1;1>>,{gold=6500;452=2;libs=<110;111;112>},<<gold;6500;0>;<451;1;1>;<452;1;1>>,429005,,,All monsters' skill damage increases; killing aura units removes this.,All monsters' skill damage increases; killing aura units removes this.,All monsters' skill damage increases; killing aura units removes this.,All monsters' skill damage increases; killing aura units removes this.,All monsters' skill damage increases; killing aura units removes this.,"Toàn bộ sát thương kỹ năng đặc biệt của quái vật tăng cường, tiêu diệt đơn vị trong hào quang sẽ xóa bỏ",
100231,,,Level 231,Cấp 231,Level 231,Level 231,Level 231,Level 231,Level 231,,,<{level=246;unitId=232242;advance=37};{level=427;unitId=231221;advance=37};{level=246;unitId=230503;advance=37};{level=246;unitId=233543;advance=37};{level=246;unitId=232723;advance=37}>,<{level=427;unitId=251231;advance=38}>,config/portrait/jinglingtouxiang2/img_1951.png,,22,,,battle/scene/bg_grass.jpg,,,,,,427,981,981,,,,3,<<9;1;7%>;<10;1;7%>>,{gold=250000;451=30;452=20},<<gold;250000;1>;<451;30;1>;<452;20;1>>,{libs=<110;111>;451=2;gold=6600},<<gold;6600;0>;<451;1;1>;<452;1;1>>,429005,,,,,,,,,
100232,,,Level 232,Cấp 232,Level 232,Level 232,Level 232,Level 232,Level 232,,,<{level=247;unitId=232593;advance=37};{level=429;unitId=231253;advance=37};{level=247;unitId=230552;advance=37};{level=247;unitId=233592;advance=37};{level=247;unitId=232843;advance=37}>,<{level=429;unitId=251232;advance=38}>,config/portrait/jinglingtouxiang2/img_2023.png,,22,,,battle/scene/bg_night.jpg,,,,,,429,985,985,,,,4,<<9;0;7%>;<10;0;7%>;<17;0;7%>>,{502=1;451=30;gold=250000},<<gold;250000;1>;<451;30;1>;<502;1;1>>,{libs=<110;111>;451=2;gold=6600},<<gold;6600;0>;<451;1;1>;<452;1;1>>,429005,,,,,,,,,
100233,,,Level 233,Cấp 233,Level 233,Level 233,Level 233,Level 233,Level 233,,,<{level=248;unitId=232612;advance=37};{level=431;unitId=231293;advance=37};{level=248;unitId=230593;advance=37};{level=248;unitId=233663;advance=37};{level=248;unitId=232963;advance=37}>,<{level=431;unitId=251233;advance=38}>,config/portrait/jinglingtouxiang2/img_2033.png,,22,,,battle/scene/bg_sd.jpg,,,,,,431,989,989,,,,5,<<9;0;8%>;<10;0;8%>>,{rmb=100;451=30;gold=250000},<<gold;250000;1>;<451;30;1>;<rmb;100;1>>,{libs=<110;111>;451=2;gold=6600},<<gold;6600;0>;<451;1;1>;<452;1;1>>,429005,,,,,,,,,
100234,,,Level 234,Cấp 234,Level 234,Level 234,Level 234,Level 234,Level 234,,,<{level=249;unitId=232633;advance=37};{level=433;unitId=231303;advance=37};{level=249;unitId=230603;advance=37};{level=249;unitId=233683;advance=37};{level=249;unitId=233003;advance=37}>,<{level=433;unitId=251234;advance=38}>,config/portrait/jinglingtouxiang2/img_2233.png,,22,,,battle/scene/bg_tower.jpg,,,,,,433,993,993,,,,5,<<9;0;8%>;<10;0;8%>;<24;0;8%>>,{gold=250000;451=30;452=20},<<gold;250000;1>;<451;30;1>;<452;20;1>>,{libs=<110;111>;451=2;gold=6600},<<gold;6600;0>;<451;1;1>;<452;1;1>>,429005,,,,,,,,,
100235,,,Level 235,Cấp 235,Level 235,Level 235,Level 235,Level 235,Level 235,,,<{level=250;unitId=232683;advance=37};{level=435;unitId=231394;advance=37};{level=250;unitId=230611;advance=37};{level=250;unitId=233772;advance=37};{level=250;unitId=233152;advance=37}>,<{level=435;unitId=251235;advance=38}>,config/portrait/jinglingtouxiang2/img_2242.png,,22,,,battle/scene/bg_grass.jpg,,,,,,435,997,997,,,,5,<<9;1;10%>;<10;0;10%>;<22;0;10%>>,{gold=250000;451=30;519=1},<<gold;250000;1>;<451;30;1>;<519;1;1>>,{gold=6600;452=1;libs=<110;111;112>},<<gold;6600;0>;<451;1;1>;<452;1;1>>,429005,,,All monsters' healing effect increases; killing aura units removes this.,All monsters' healing effect increases; killing aura units removes this.,All monsters' healing effect increases; killing aura units removes this.,All monsters' healing effect increases; killing aura units removes this.,All monsters' healing effect increases; killing aura units removes this.,"Toàn bộ lượng hồi phục của quái vật tăng cường, tiêu diệt đơn vị trong hào quang sẽ xóa bỏ",
100236,,,Level 236,Cấp 236,Level 236,Level 236,Level 236,Level 236,Level 236,,,<{level=251;unitId=232723;advance=38};{level=437;unitId=231612;advance=38};{level=251;unitId=230632;advance=38};{level=251;unitId=230013;advance=38};{level=251;unitId=233161;advance=38}>,<{level=437;unitId=251236;advance=39}>,config/portrait/jinglingtouxiang2/img_2401.png,,22,,,battle/scene/bg_night.jpg,,,,,,437,1001,1001,,,,3,<<13;1;7%>>,{gold=255000;451=30;452=20},<<gold;255000;1>;<451;30;1>;<452;20;1>>,{libs=<110;111>;451=2;gold=6700},<<gold;6700;0>;<451;1;1>;<452;1;1>>,429005,,,,,,,,,
100237,,,Level 237,Cấp 237,Level 237,Level 237,Level 237,Level 237,Level 237,,,<{level=252;unitId=232843;advance=38};{level=439;unitId=231772;advance=38};{level=252;unitId=230641;advance=38};{level=252;unitId=230044;advance=38};{level=252;unitId=233181;advance=38}>,<{level=439;unitId=251237;advance=39}>,config/portrait/jinglingtouxiang2/img_2493.png,,22,,,battle/scene/bg_sd.jpg,,,,,,439,1005,1005,,,,4,<<13;0;7%>;<24;0;7%>>,{502=1;451=30;gold=255000},<<gold;255000;1>;<451;30;1>;<502;1;1>>,{libs=<110;111>;451=2;gold=6700},<<gold;6700;0>;<451;1;1>;<452;1;1>>,429005,,,,,,,,,
100238,,,Level 238,Cấp 238,Level 238,Level 238,Level 238,Level 238,Level 238,,,<{level=253;unitId=232963;advance=38};{level=441;unitId=231813;advance=38};{level=253;unitId=230692;advance=38};{level=253;unitId=230053;advance=38};{level=253;unitId=233251;advance=38}>,<{level=441;unitId=251238;advance=39}>,config/portrait/jinglingtouxiang2/img_2723.png,,22,,,battle/scene/bg_tower.jpg,,,,,,441,1009,1009,,,,5,<<9;0;8%>;<10;0;8%>>,{rmb=100;451=30;gold=255000},<<gold;255000;1>;<451;30;1>;<rmb;100;1>>,{libs=<110;111>;451=2;gold=6700},<<gold;6700;0>;<451;1;1>;<452;1;1>>,429005,,,,,,,,,
100239,,,Level 239,Cấp 239,Level 239,Level 239,Level 239,Level 239,Level 239,,,<{level=254;unitId=233003;advance=38};{level=443;unitId=231841;advance=38};{level=254;unitId=230712;advance=38};{level=254;unitId=230082;advance=38};{level=254;unitId=233283;advance=38}>,<{level=443;unitId=251239;advance=39}>,config/portrait/jinglingtouxiang2/img_3003.png,,22,,,battle/scene/bg_grass.jpg,,,,,,443,1013,1013,,,,5,<<9;0;8%>;<10;0;8%>;<24;0;8%>>,{gold=255000;451=30;452=20},<<gold;255000;1>;<451;30;1>;<452;20;1>>,{libs=<110;111>;451=2;gold=6700},<<gold;6700;0>;<451;1;1>;<452;1;1>>,429005,,,,,,,,,
100240,,,Level 240,Cấp 240,Level 240,Level 240,Level 240,Level 240,Level 240,,,<{level=255;unitId=233152;advance=38};{level=445;unitId=231903;advance=38};{level=255;unitId=230731;advance=38};{level=255;unitId=230163;advance=38};{level=255;unitId=233293;advance=38}>,<{level=445;unitId=251240;advance=39}>,config/portrait/jinglingtouxiang2/img_3021.png,,22,,,battle/scene/bg_night.jpg,,,,,,445,1017,1017,,,,5,<<9;1;20%>;<10;0;20%>;<22;0;20%>>,{501=1;451=30;gold=255000},<<gold;255000;1>;<451;30;1>;<501;1;1>>,{gold=6700;452=2;libs=<110;111;112>},<<gold;6700;0>;<451;1;1>;<452;1;1>>,429005,,,"The lower the monsters' HP, the higher their damage; killing aura units removes this.","The lower the monsters' HP, the higher their damage; killing aura units removes this.","The lower the monsters' HP, the higher their damage; killing aura units removes this.","The lower the monsters' HP, the higher their damage; killing aura units removes this.","The lower the monsters' HP, the higher their damage; killing aura units removes this.","Toàn bộ quái vật có máu càng thấp thì sát thương càng cao, tiêu diệt đơn vị trong hào quang sẽ xóa bỏ",
100241,,,Level 241,Cấp 241,Level 241,Level 241,Level 241,Level 241,Level 241,,,<{level=256;unitId=233161;advance=39};{level=447;unitId=231911;advance=39};{level=256;unitId=230741;advance=39};{level=256;unitId=230242;advance=39};{level=256;unitId=233342;advance=39}>,<{level=447;unitId=251241;advance=40}>,config/portrait/jinglingtouxiang2/img_3143.png,,22,,,battle/scene/bg_sd.jpg,,,,,,447,1021,1021,,,,3,<<1;1;8%>>,{gold=260000;451=30;452=20},<<gold;260000;1>;<451;30;1>;<452;20;1>>,{libs=<110;111>;451=2;gold=6800},<<gold;6800;0>;<451;1;1>;<452;1;1>>,429005,,,,,,,,,
100242,,,Level 242,Cấp 242,Level 242,Level 242,Level 242,Level 242,Level 242,,,<{level=257;unitId=233181;advance=39};{level=449;unitId=231931;advance=39};{level=257;unitId=230793;advance=39};{level=257;unitId=230273;advance=39};{level=257;unitId=233432;advance=39}>,<{level=449;unitId=251242;advance=40}>,config/portrait/jinglingtouxiang2/img_3152.png,,22,,,battle/scene/bg_tower.jpg,,,,,,449,1025,1025,,,,4,<<1;0;8%>;<28;0;8%>>,{502=1;451=30;gold=260000},<<gold;260000;1>;<451;30;1>;<502;1;1>>,{libs=<110;111>;451=2;gold=6800},<<gold;6800;0>;<451;1;1>;<452;1;1>>,429005,,,,,,,,,
100243,,,Level 243,Cấp 243,Level 243,Level 243,Level 243,Level 243,Level 243,,,<{level=258;unitId=233251;advance=39};{level=451;unitId=232013;advance=39};{level=258;unitId=230863;advance=39};{level=258;unitId=230333;advance=39};{level=258;unitId=233472;advance=39}>,<{level=451;unitId=251243;advance=40}>,config/portrait/jinglingtouxiang2/img_3161.png,,22,,,battle/scene/bg_grass.jpg,,,,,,451,1029,1029,,,,5,<<27;0;8%>;<24;0;8%>>,{rmb=100;451=30;gold=260000},<<gold;260000;1>;<451;30;1>;<rmb;100;1>>,{libs=<110;111>;451=2;gold=6800},<<gold;6800;0>;<451;1;1>;<452;1;1>>,429005,,,,,,,,,
100244,,,Level 244,Cấp 244,Level 244,Level 244,Level 244,Level 244,Level 244,,,<{level=259;unitId=233283;advance=39};{level=453;unitId=232023;advance=39};{level=259;unitId=230883;advance=39};{level=259;unitId=230402;advance=39};{level=259;unitId=233511;advance=39}>,<{level=453;unitId=251244;advance=40}>,config/portrait/jinglingtouxiang2/img_3171.png,,22,,,battle/scene/bg_night.jpg,,,,,,453,1033,1033,,,,5,<<1;0;8%>;<24;0;8%>>,{gold=260000;451=30;452=20},<<gold;260000;1>;<451;30;1>;<452;20;1>>,{libs=<110;111>;451=2;gold=6800},<<gold;6800;0>;<451;1;1>;<452;1;1>>,429005,,,,,,,,,
100245,,,Level 245,Cấp 245,Level 245,Level 245,Level 245,Level 245,Level 245,,,<{level=260;unitId=233293;advance=39};{level=455;unitId=232033;advance=39};{level=260;unitId=230972;advance=39};{level=260;unitId=230493;advance=39};{level=260;unitId=233543;advance=39}>,<{level=455;unitId=251245;advance=40}>,config/portrait/jinglingtouxiang2/img_3181.png,,22,,,battle/scene/bg_sd.jpg,,,,,,455,1037,1037,,,,5,<<27;0;10%>;<22;0;10%>;<26;1;10%>>,{gold=260000;451=30;519=1},<<gold;260000;1>;<451;30;1>;<519;1;1>>,{gold=6800;452=1;libs=<110;111;112>},<<gold;6800;0>;<451;1;1>;<452;1;1>>,429005,,,"When aura units are killed, other monsters gain rage.","When aura units are killed, other monsters gain rage.","When aura units are killed, other monsters gain rage.","When aura units are killed, other monsters gain rage.","When aura units are killed, other monsters gain rage.","Khi đơn vị trong hào quang bị tiêu diệt, sẽ tăng cường tức giận cho các quái vật khác",
100246,,,Level 246,Cấp 246,Level 246,Level 246,Level 246,Level 246,Level 246,,,<{level=261;unitId=233342;advance=40};{level=457;unitId=232073;advance=40};{level=261;unitId=231071;advance=40};{level=261;unitId=230503;advance=40};{level=261;unitId=233592;advance=40}>,<{level=457;unitId=251246;advance=41}>,config/portrait/jinglingtouxiang2/img_3251.png,,22,,,battle/scene/bg_tower.jpg,,,,,,457,1041,1041,,,,3,<<7;1;8%>;<8;1;8%>>,{gold=265000;451=30;452=20},<<gold;265000;1>;<451;30;1>;<452;20;1>>,{libs=<110;111>;451=2;gold=6900},<<gold;6900;0>;<451;1;1>;<452;1;1>>,429005,,,,,,,,,
100247,,,Level 247,Cấp 247,Level 247,Level 247,Level 247,Level 247,Level 247,,,<{level=262;unitId=233432;advance=40};{level=459;unitId=232242;advance=40};{level=262;unitId=231032;advance=40};{level=262;unitId=230552;advance=40};{level=262;unitId=233663;advance=40}>,<{level=459;unitId=251247;advance=41}>,config/portrait/jinglingtouxiang2/img_3303.png,,22,,,battle/scene/bg_grass.jpg,,,,,,459,1045,1045,,,,4,<<7;0;8%>;<8;0;8%>;<14;0;8%>>,{502=1;451=30;gold=265000},<<gold;265000;1>;<451;30;1>;<502;1;1>>,{libs=<110;111>;451=2;gold=6900},<<gold;6900;0>;<451;1;1>;<452;1;1>>,429005,,,,,,,,,
100248,,,Level 248,Cấp 248,Level 248,Level 248,Level 248,Level 248,Level 248,,,<{level=263;unitId=233472;advance=40};{level=461;unitId=232593;advance=40};{level=263;unitId=231082;advance=40};{level=263;unitId=230593;advance=40};{level=263;unitId=233683;advance=40}>,<{level=461;unitId=251248;advance=41}>,config/portrait/jinglingtouxiang2/img_3353.png,,22,,,battle/scene/bg_night.jpg,,,,,,461,1049,1049,,,,5,<<27;0;8%>;<24;0;8%>>,{rmb=100;451=30;gold=265000},<<gold;265000;1>;<451;30;1>;<rmb;100;1>>,{libs=<110;111>;451=2;gold=6900},<<gold;6900;0>;<451;1;1>;<452;1;1>>,429005,,,,,,,,,
100249,,,Level 249,Cấp 249,Level 249,Level 249,Level 249,Level 249,Level 249,,,<{level=264;unitId=233511;advance=40};{level=463;unitId=232612;advance=40};{level=264;unitId=231221;advance=40};{level=264;unitId=230603;advance=40};{level=264;unitId=233772;advance=40}>,<{level=463;unitId=251249;advance=41}>,config/portrait/jinglingtouxiang2/img_3592.png,,22,,,battle/scene/bg_sd.jpg,,,,,,463,1053,1053,,,,5,<<1;0;8%>;<24;0;8%>>,{gold=265000;451=30;452=20},<<gold;265000;1>;<451;30;1>;<452;20;1>>,{libs=<110;111>;451=2;gold=6900},<<gold;6900;0>;<451;1;1>;<452;1;1>>,429005,,,,,,,,,
100250,,,Level 250,Cấp 250,Level 250,Level 250,Level 250,Level 250,Level 250,,,<{level=265;unitId=233543;advance=40};{level=465;unitId=232633;advance=40};{level=265;unitId=231253;advance=40};{level=265;unitId=230611;advance=40};{level=265;unitId=230013;advance=40}>,<{level=465;unitId=251250;advance=41}>,config/portrait/jinglingtouxiang2/img_3663.png,,22,,,battle/scene/bg_tower.jpg,,,,,,465,1057,1057,,,,5,<<27;0;20%>;<22;0;20%>;<26;1;20%>>,{501=1;451=30;gold=265000},<<gold;265000;1>;<451;30;1>;<501;1;1>>,{gold=6900;452=2;libs=<110;111;112>},<<gold;6900;0>;<451;1;1>;<452;1;1>>,429005,,,All monsters' control rate increases; killing aura monsters removes this.,All monsters' control rate increases; killing aura monsters removes this.,All monsters' control rate increases; killing aura monsters removes this.,All monsters' control rate increases; killing aura monsters removes this.,All monsters' control rate increases; killing aura monsters removes this.,"Toàn bộ quái vật tăng cường tỷ lệ kiểm soát, tiêu diệt quái vật trong hào quang sẽ xóa bỏ",
100251,,,Level 251,Cấp 251,Level 251,Level 251,Level 251,Level 251,Level 251,,,<{level=266;unitId=233592;advance=41};{level=467;unitId=232683;advance=41};{level=266;unitId=231293;advance=41};{level=266;unitId=230632;advance=41};{level=266;unitId=230044;advance=41}>,<{level=467;unitId=251251;advance=42}>,config/portrait/jinglingtouxiang2/img_3673.png,,22,,,battle/scene/bg_grass.jpg,,,,,,467,1061,1061,,,,3,<<9;1;8%>;<10;1;8%>>,{gold=270000;451=30;452=20},<<gold;270000;1>;<451;30;1>;<452;20;1>>,{libs=<110;111>;451=2;gold=7000},<<gold;7000;0>;<451;1;1>;<452;1;1>>,429005,,,,,,,,,
100252,,,Level 252,Cấp 252,Level 252,Level 252,Level 252,Level 252,Level 252,,,<{level=267;unitId=233663;advance=41};{level=469;unitId=232723;advance=41};{level=267;unitId=231303;advance=41};{level=267;unitId=230641;advance=41};{level=267;unitId=230053;advance=41}>,<{level=469;unitId=251252;advance=42}>,config/portrait/jinglingtouxiang2/img_7001.png,,22,,,battle/scene/bg_night.jpg,,,,,,469,1065,1065,,,,4,<<9;0;8%>;<10;0;8%>;<17;0;8%>>,{502=1;451=30;gold=270000},<<gold;270000;1>;<451;30;1>;<502;1;1>>,{libs=<110;111>;451=2;gold=7000},<<gold;7000;0>;<451;1;1>;<452;1;1>>,429005,,,,,,,,,
100253,,,Level 253,Cấp 253,Level 253,Level 253,Level 253,Level 253,Level 253,,,<{level=268;unitId=233683;advance=41};{level=471;unitId=232843;advance=41};{level=268;unitId=231394;advance=41};{level=268;unitId=230692;advance=41};{level=268;unitId=230082;advance=41}>,<{level=471;unitId=251253;advance=42}>,config/portrait/jinglingtouxiang2/img_163.png,,22,,,battle/scene/bg_sd.jpg,,,,,,471,1069,1069,,,,5,<<1;0;8%>;<24;0;8%>>,{rmb=100;451=30;gold=270000},<<gold;270000;1>;<451;30;1>;<rmb;100;1>>,{libs=<110;111>;451=2;gold=7000},<<gold;7000;0>;<451;1;1>;<452;1;1>>,429005,,,,,,,,,
100254,,,Level 254,Cấp 254,Level 254,Level 254,Level 254,Level 254,Level 254,,,<{level=269;unitId=233772;advance=41};{level=473;unitId=232963;advance=41};{level=269;unitId=231612;advance=41};{level=269;unitId=230712;advance=41};{level=269;unitId=230163;advance=41}>,<{level=473;unitId=251254;advance=42}>,config/portrait/jinglingtouxiang2/img_242.png,,22,,,battle/scene/bg_tower.jpg,,,,,,473,1073,1073,,,,5,<<27;0;8%>;<24;0;8%>>,{gold=270000;451=30;452=20},<<gold;270000;1>;<451;30;1>;<452;20;1>>,{libs=<110;111>;451=2;gold=7000},<<gold;7000;0>;<451;1;1>;<452;1;1>>,429005,,,,,,,,,
100255,,,Level 255,Cấp 255,Level 255,Level 255,Level 255,Level 255,Level 255,,,<{level=270;unitId=230013;advance=41};{level=475;unitId=233003;advance=41};{level=270;unitId=231772;advance=41};{level=270;unitId=230731;advance=41};{level=270;unitId=230242;advance=41}>,<{level=475;unitId=251255;advance=42}>,config/portrait/jinglingtouxiang2/img_263.png,,22,,,battle/scene/bg_grass.jpg,,,,,,475,1077,1077,,,,5,<<1;1;10%>;<13;0;10%>;<13;0;10%>>,{gold=270000;451=30;519=1},<<gold;270000;1>;<451;30;1>;<519;1;1>>,{gold=7000;452=1;libs=<110;111;112>},<<gold;7000;0>;<451;1;1>;<452;1;1>>,429005,,,"After some rounds, all monsters gain a shield.","After some rounds, all monsters gain a shield.","After some rounds, all monsters gain a shield.","After some rounds, all monsters gain a shield.","After some rounds, all monsters gain a shield.","Sau một số vòng, toàn bộ quái vật sẽ thêm một lá chắn",
100256,,,Level 256,Cấp 256,Level 256,Level 256,Level 256,Level 256,Level 256,,,<{level=271;unitId=230044;advance=42};{level=477;unitId=233152;advance=42};{level=271;unitId=231813;advance=42};{level=271;unitId=230741;advance=42};{level=271;unitId=230273;advance=42}>,<{level=477;unitId=251256;advance=43}>,config/portrait/jinglingtouxiang2/img_333.png,,22,,,battle/scene/bg_night.jpg,,,,,,477,1081,1081,,,,3,<<13;1;8%>>,{gold=275000;451=30;452=20},<<gold;275000;1>;<451;30;1>;<452;20;1>>,{libs=<110;111>;451=2;gold=7100},<<gold;7100;0>;<451;1;1>;<452;1;1>>,429005,,,,,,,,,
100257,,,Level 257,Cấp 257,Level 257,Level 257,Level 257,Level 257,Level 257,,,<{level=272;unitId=230053;advance=42};{level=479;unitId=233161;advance=42};{level=272;unitId=231841;advance=42};{level=272;unitId=230793;advance=42};{level=272;unitId=230333;advance=42}>,<{level=479;unitId=251257;advance=43}>,config/portrait/jinglingtouxiang2/img_393.png,,22,,,battle/scene/bg_sd.jpg,,,,,,479,1085,1085,,,,4,<<13;0;8%>;<24;0;8%>>,{502=1;451=30;gold=275000},<<gold;275000;1>;<451;30;1>;<502;1;1>>,{libs=<110;111>;451=2;gold=7100},<<gold;7100;0>;<451;1;1>;<452;1;1>>,429005,,,,,,,,,
100258,,,Level 258,Cấp 258,Level 258,Level 258,Level 258,Level 258,Level 258,,,<{level=273;unitId=230082;advance=42};{level=481;unitId=233181;advance=42};{level=273;unitId=231903;advance=42};{level=273;unitId=230863;advance=42};{level=273;unitId=230402;advance=42}>,<{level=481;unitId=251258;advance=43}>,config/portrait/jinglingtouxiang2/img_503.png,,22,,,battle/scene/bg_tower.jpg,,,,,,481,1089,1089,,,,5,<<1;0;8%>;<24;0;8%>>,{rmb=100;451=30;gold=275000},<<gold;275000;1>;<451;30;1>;<rmb;100;1>>,{libs=<110;111>;451=2;gold=7100},<<gold;7100;0>;<451;1;1>;<452;1;1>>,429005,,,,,,,,,
100259,,,Level 259,Cấp 259,Level 259,Level 259,Level 259,Level 259,Level 259,,,<{level=274;unitId=230163;advance=42};{level=483;unitId=233251;advance=42};{level=274;unitId=231911;advance=42};{level=274;unitId=230883;advance=42};{level=274;unitId=230493;advance=42}>,<{level=483;unitId=251259;advance=43}>,config/portrait/jinglingtouxiang2/img_572.png,,22,,,battle/scene/bg_grass.jpg,,,,,,483,1093,1093,,,,5,<<27;0;8%>;<24;0;8%>>,{gold=275000;451=30;452=20},<<gold;275000;1>;<451;30;1>;<452;20;1>>,{libs=<110;111>;451=2;gold=7100},<<gold;7100;0>;<451;1;1>;<452;1;1>>,429005,,,,,,,,,
100260,,,Level 260,Cấp 260,Level 260,Level 260,Level 260,Level 260,Level 260,,,<{level=275;unitId=230242;advance=42};{level=485;unitId=233283;advance=42};{level=275;unitId=231931;advance=42};{level=275;unitId=230972;advance=42};{level=275;unitId=230503;advance=42}>,<{level=485;unitId=251260;advance=43}>,config/portrait/jinglingtouxiang2/img_593.png,,22,,,battle/scene/bg_night.jpg,,,,,,485,1097,1097,,,,5,<<1;1;20%>;<13;0;20%>;<13;0;20%>>,{501=1;451=30;gold=275000},<<gold;275000;1>;<451;30;1>;<501;1;1>>,{gold=7100;452=2;libs=<110;111;112>},<<gold;7100;0>;<451;1;1>;<452;1;1>>,429005,,,All monsters' reflect damage rate increases; killing aura monsters removes this.,All monsters' reflect damage rate increases; killing aura monsters removes this.,All monsters' reflect damage rate increases; killing aura monsters removes this.,All monsters' reflect damage rate increases; killing aura monsters removes this.,All monsters' reflect damage rate increases; killing aura monsters removes this.,"Toàn bộ quái vật tăng cường tỷ lệ phản sát thương, tiêu diệt quái vật trong hào quang sẽ xóa bỏ",
100261,,,Level 261,Cấp 261,Level 261,Level 261,Level 261,Level 261,Level 261,,,<{level=276;unitId=230273;advance=43};{level=487;unitId=233293;advance=43};{level=276;unitId=232013;advance=43};{level=276;unitId=231071;advance=43};{level=276;unitId=230552;advance=43}>,<{level=487;unitId=251261;advance=44}>,config/portrait/jinglingtouxiang2/img_603.png,,22,,,battle/scene/bg_sd.jpg,,,,,,487,1101,1101,,,,3,<<1;1;8%>>,{gold=280000;451=30;452=20},<<gold;280000;1>;<451;30;1>;<452;20;1>>,{libs=<110;111>;451=2;gold=7200},<<gold;7200;0>;<451;1;1>;<452;1;1>>,429005,,,,,,,,,
100262,,,Level 262,Cấp 262,Level 262,Level 262,Level 262,Level 262,Level 262,,,<{level=277;unitId=230333;advance=43};{level=489;unitId=233342;advance=43};{level=277;unitId=232023;advance=43};{level=277;unitId=231032;advance=43};{level=277;unitId=230593;advance=43}>,<{level=489;unitId=251262;advance=44}>,config/portrait/jinglingtouxiang2/img_611.png,,22,,,battle/scene/bg_tower.jpg,,,,,,489,1105,1105,,,,4,<<1;0;8%>;<28;0;8%>>,{502=1;451=30;gold=280000},<<gold;280000;1>;<451;30;1>;<502;1;1>>,{libs=<110;111>;451=2;gold=7200},<<gold;7200;0>;<451;1;1>;<452;1;1>>,429005,,,,,,,,,
100263,,,Level 263,Cấp 263,Level 263,Level 263,Level 263,Level 263,Level 263,,,<{level=278;unitId=230402;advance=43};{level=491;unitId=233432;advance=43};{level=278;unitId=232033;advance=43};{level=278;unitId=231082;advance=43};{level=278;unitId=230603;advance=43}>,<{level=491;unitId=251263;advance=44}>,config/portrait/jinglingtouxiang2/img_631.png,,22,,,battle/scene/bg_grass.jpg,,,,,,491,1109,1109,,,,5,<<9;0;8%>;<10;0;8%>;<24;0;8%>>,{rmb=100;451=30;gold=280000},<<gold;280000;1>;<451;30;1>;<rmb;100;1>>,{libs=<110;111>;451=2;gold=7200},<<gold;7200;0>;<451;1;1>;<452;1;1>>,429005,,,,,,,,,
100264,,,Level 264,Cấp 264,Level 264,Level 264,Level 264,Level 264,Level 264,,,<{level=279;unitId=230493;advance=43};{level=493;unitId=233472;advance=43};{level=279;unitId=232073;advance=43};{level=279;unitId=231221;advance=43};{level=279;unitId=230611;advance=43}>,<{level=493;unitId=251264;advance=44}>,config/portrait/jinglingtouxiang2/img_641.png,,22,,,battle/scene/bg_night.jpg,,,,,,493,1113,1113,,,,5,<<9;0;8%>;<10;0;8%>>,{gold=280000;451=30;452=20},<<gold;280000;1>;<451;30;1>;<452;20;1>>,{libs=<110;111>;451=2;gold=7200},<<gold;7200;0>;<451;1;1>;<452;1;1>>,429005,,,,,,,,,
100265,,,Level 265,Cấp 265,Level 265,Level 265,Level 265,Level 265,Level 265,,,<{level=280;unitId=230503;advance=43};{level=495;unitId=233511;advance=43};{level=280;unitId=232242;advance=43};{level=280;unitId=231253;advance=43};{level=280;unitId=230632;advance=43}>,<{level=495;unitId=251265;advance=44}>,config/portrait/jinglingtouxiang2/img_701.png,,22,,,battle/scene/bg_sd.jpg,,,,,,495,1117,1117,,,,5,<<9;1;10%>;<10;1;10%>;<13;0;10%>>,{gold=280000;451=30;519=1},<<gold;280000;1>;<451;30;1>;<519;1;1>>,{gold=7200;452=1;libs=<110;111;112>},<<gold;7200;0>;<451;1;1>;<452;1;1>>,429005,,,All monsters' death causes self-destruct damage to all.,All monsters' death causes self-destruct damage to all.,All monsters' death causes self-destruct damage to all.,All monsters' death causes self-destruct damage to all.,All monsters' death causes self-destruct damage to all.,Toàn bộ quái vật chết sẽ gây sát thương tự bạo cho toàn bộ,
100266,,,Level 266,Cấp 266,Level 266,Level 266,Level 266,Level 266,Level 266,,,<{level=281;unitId=230552;advance=44};{level=497;unitId=233543;advance=44};{level=281;unitId=232593;advance=44};{level=281;unitId=231293;advance=44};{level=281;unitId=230641;advance=44}>,<{level=497;unitId=251266;advance=45}>,config/portrait/jinglingtouxiang2/img_712.png,,22,,,battle/scene/bg_tower.jpg,,,,,,497,1121,1121,,,,3,<<7;1;8%>;<8;1;8%>>,{gold=285000;451=30;452=20},<<gold;285000;1>;<451;30;1>;<452;20;1>>,{libs=<110;111>;451=2;gold=7300},<<gold;7300;0>;<451;1;1>;<452;1;1>>,429005,,,,,,,,,
100267,,,Level 267,Cấp 267,Level 267,Level 267,Level 267,Level 267,Level 267,,,<{level=282;unitId=230593;advance=44};{level=499;unitId=233592;advance=44};{level=282;unitId=232612;advance=44};{level=282;unitId=231303;advance=44};{level=282;unitId=230692;advance=44}>,<{level=499;unitId=251267;advance=45}>,config/portrait/jinglingtouxiang2/img_721.png,,22,,,battle/scene/bg_grass.jpg,,,,,,499,1125,1125,,,,4,<<7;0;8%>;<8;0;8%>;<14;0;8%>>,{502=1;451=30;gold=285000},<<gold;285000;1>;<451;30;1>;<502;1;1>>,{libs=<110;111>;451=2;gold=7300},<<gold;7300;0>;<451;1;1>;<452;1;1>>,429005,,,,,,,,,
100268,,,Level 268,Cấp 268,Level 268,Level 268,Level 268,Level 268,Level 268,,,<{level=283;unitId=230603;advance=44};{level=501;unitId=233663;advance=44};{level=283;unitId=232633;advance=44};{level=283;unitId=231394;advance=44};{level=283;unitId=230712;advance=44}>,<{level=501;unitId=251268;advance=45}>,config/portrait/jinglingtouxiang2/img_731.png,,22,,,battle/scene/bg_night.jpg,,,,,,501,1129,1129,,,,5,<<9;0;8%>;<10;0;8%>;<24;0;8%>>,{rmb=100;451=30;gold=285000},<<gold;285000;1>;<451;30;1>;<rmb;100;1>>,{libs=<110;111>;451=2;gold=7300},<<gold;7300;0>;<451;1;1>;<452;1;1>>,429005,,,,,,,,,
100269,,,Level 269,Cấp 269,Level 269,Level 269,Level 269,Level 269,Level 269,,,<{level=284;unitId=230611;advance=44};{level=503;unitId=233683;advance=44};{level=284;unitId=232683;advance=44};{level=284;unitId=231612;advance=44};{level=284;unitId=230731;advance=44}>,<{level=503;unitId=251269;advance=45}>,config/portrait/jinglingtouxiang2/img_741.png,,22,,,battle/scene/bg_sd.jpg,,,,,,503,1133,1133,,,,5,<<9;0;8%>;<10;0;8%>>,{gold=285000;451=30;452=20},<<gold;285000;1>;<451;30;1>;<452;20;1>>,{libs=<110;111>;451=2;gold=7300},<<gold;7300;0>;<451;1;1>;<452;1;1>>,429005,,,,,,,,,
100270,,,Level 270,Cấp 270,Level 270,Level 270,Level 270,Level 270,Level 270,,,<{level=285;unitId=230632;advance=44};{level=505;unitId=233772;advance=44};{level=285;unitId=232723;advance=44};{level=285;unitId=231772;advance=44};{level=285;unitId=230741;advance=44}>,<{level=505;unitId=251270;advance=45}>,config/portrait/jinglingtouxiang2/img_771.png,,22,,,battle/scene/bg_tower.jpg,,,,,,505,1137,1137,,,,5,<<9;1;20%>;<10;1;20%>;<13;0;20%>>,{501=1;451=30;gold=285000},<<gold;285000;1>;<451;30;1>;<501;1;1>>,{gold=7300;452=2;libs=<110;111;112>},<<gold;7300;0>;<451;1;1>;<452;1;1>>,429005,,,"All monsters transform, destroying the earth.","All monsters transform, destroying the earth.","All monsters transform, destroying the earth.","All monsters transform, destroying the earth.","All monsters transform, destroying the earth.","Toàn bộ quái vật biến hình, hủy diệt trái đất",
100271,,,Level 271,Cấp 271,Level 271,Level 271,Level 271,Level 271,Level 271,,,<{level=286;unitId=230641;advance=45};{level=507;unitId=230013;advance=45};{level=286;unitId=232843;advance=45};{level=286;unitId=231813;advance=45};{level=286;unitId=230793;advance=45}>,<{level=507;unitId=251271;advance=46}>,config/portrait/jinglingtouxiang2/img_863.png,,22,,,battle/scene/bg_grass.jpg,,,,,,507,1141,1141,,,,3,<<9;1;8%>;<10;1;8%>>,{gold=290000;451=30;452=20},<<gold;290000;1>;<451;30;1>;<452;20;1>>,{libs=<110;111>;451=2;gold=7400},<<gold;7400;0>;<451;1;1>;<452;1;1>>,429005,,,,,,,,,
100272,,,Level 272,Cấp 272,Level 272,Level 272,Level 272,Level 272,Level 272,,,<{level=287;unitId=230692;advance=45};{level=509;unitId=230044;advance=45};{level=287;unitId=232963;advance=45};{level=287;unitId=231841;advance=45};{level=287;unitId=230863;advance=45}>,<{level=509;unitId=251272;advance=46}>,config/portrait/jinglingtouxiang2/img_883.png,,22,,,battle/scene/bg_night.jpg,,,,,,509,1145,1145,,,,4,<<9;0;8%>;<10;0;8%>;<17;0;8%>>,{502=1;451=30;gold=290000},<<gold;290000;1>;<451;30;1>;<502;1;1>>,{libs=<110;111>;451=2;gold=7400},<<gold;7400;0>;<451;1;1>;<452;1;1>>,429005,,,,,,,,,
100273,,,Level 273,Cấp 273,Level 273,Level 273,Level 273,Level 273,Level 273,,,<{level=288;unitId=230712;advance=45};{level=511;unitId=230053;advance=45};{level=288;unitId=233003;advance=45};{level=288;unitId=231903;advance=45};{level=288;unitId=230883;advance=45}>,<{level=511;unitId=251273;advance=46}>,config/portrait/jinglingtouxiang2/img_972.png,,22,,,battle/scene/bg_sd.jpg,,,,,,511,1149,1149,,,,5,<<1;0;8%>;<22;0;8%>>,{rmb=100;451=30;gold=290000},<<gold;290000;1>;<451;30;1>;<rmb;100;1>>,{libs=<110;111>;451=2;gold=7400},<<gold;7400;0>;<451;1;1>;<452;1;1>>,429005,,,,,,,,,
100274,,,Level 274,Cấp 274,Level 274,Level 274,Level 274,Level 274,Level 274,,,<{level=289;unitId=230731;advance=45};{level=513;unitId=230082;advance=45};{level=289;unitId=233152;advance=45};{level=289;unitId=231911;advance=45};{level=289;unitId=230972;advance=45}>,<{level=513;unitId=251274;advance=46}>,config/portrait/jinglingtouxiang2/img_1071.png,,22,,,battle/scene/bg_tower.jpg,,,,,,513,1153,1153,,,,5,<<7;0;8%>;<8;0;8%>>,{gold=290000;451=30;452=20},<<gold;290000;1>;<451;30;1>;<452;20;1>>,{libs=<110;111>;451=2;gold=7400},<<gold;7400;0>;<451;1;1>;<452;1;1>>,429005,,,,,,,,,
100275,,,Level 275,Cấp 275,Level 275,Level 275,Level 275,Level 275,Level 275,,,<{level=290;unitId=230741;advance=45};{level=515;unitId=230163;advance=45};{level=290;unitId=233161;advance=45};{level=290;unitId=231931;advance=45};{level=290;unitId=231071;advance=45}>,<{level=515;unitId=251275;advance=46}>,config/portrait/jinglingtouxiang2/img_1032.png,,22,,,battle/scene/bg_grass.jpg,,,,,,515,1157,1157,,,,5,<<1;1;10%>;<7;0;10%>;<8;0;10%>>,{gold=290000;451=30;519=1},<<gold;290000;1>;<451;30;1>;<519;1;1>>,{gold=7400;452=1;libs=<110;111;112>},<<gold;7400;0>;<451;1;1>;<452;1;1>>,429005,,,Randomly greatly increases one unit’s physical defense.,Randomly greatly increases one unit’s physical defense.,Randomly greatly increases one unit’s physical defense.,Randomly greatly increases one unit’s physical defense.,Randomly greatly increases one unit’s physical defense.,Ngẫu nhiên một đơn vị tăng cường phòng thủ vật lý đáng kể,
100276,,,Level 276,Cấp 276,Level 276,Level 276,Level 276,Level 276,Level 276,,,<{level=291;unitId=230793;advance=46};{level=517;unitId=230242;advance=46};{level=291;unitId=233181;advance=46};{level=291;unitId=232013;advance=46};{level=291;unitId=231032;advance=46}>,<{level=517;unitId=251276;advance=47}>,config/portrait/jinglingtouxiang2/img_1082.png,,22,,,battle/scene/bg_night.jpg,,,,,,517,1161,1161,,,,3,<<13;1;8%>>,{gold=295000;451=30;452=20},<<gold;295000;1>;<451;30;1>;<452;20;1>>,{libs=<110;111>;451=2;gold=7500},<<gold;7500;0>;<451;1;1>;<452;1;1>>,429005,,,,,,,,,
100277,,,Level 277,Cấp 277,Level 277,Level 277,Level 277,Level 277,Level 277,,,<{level=292;unitId=230863;advance=46};{level=519;unitId=230273;advance=46};{level=292;unitId=233251;advance=46};{level=292;unitId=232023;advance=46};{level=292;unitId=231082;advance=46}>,<{level=519;unitId=251277;advance=47}>,config/portrait/jinglingtouxiang2/img_1231.png,,22,,,battle/scene/bg_sd.jpg,,,,,,519,1165,1165,,,,4,<<13;0;8%>;<24;0;8%>>,{502=1;451=30;gold=295000},<<gold;295000;1>;<451;30;1>;<502;1;1>>,{libs=<110;111>;451=2;gold=7500},<<gold;7500;0>;<451;1;1>;<452;1;1>>,429005,,,,,,,,,
100278,,,Level 278,Cấp 278,Level 278,Level 278,Level 278,Level 278,Level 278,,,<{level=293;unitId=230883;advance=46};{level=521;unitId=230333;advance=46};{level=293;unitId=233283;advance=46};{level=293;unitId=232033;advance=46};{level=293;unitId=231221;advance=46}>,<{level=521;unitId=251278;advance=47}>,config/portrait/jinglingtouxiang2/img_1241.png,,22,,,battle/scene/bg_tower.jpg,,,,,,521,1169,1169,,,,5,<<1;0;8%>;<22;0;8%>>,{rmb=100;451=30;gold=295000},<<gold;295000;1>;<451;30;1>;<rmb;100;1>>,{libs=<110;111>;451=2;gold=7500},<<gold;7500;0>;<451;1;1>;<452;1;1>>,429005,,,,,,,,,
100279,,,Level 279,Cấp 279,Level 279,Level 279,Level 279,Level 279,Level 279,,,<{level=294;unitId=230972;advance=46};{level=523;unitId=230402;advance=46};{level=294;unitId=233293;advance=46};{level=294;unitId=232073;advance=46};{level=294;unitId=231253;advance=46}>,<{level=523;unitId=251279;advance=47}>,config/portrait/jinglingtouxiang2/img_1253.png,,22,,,battle/scene/bg_grass.jpg,,,,,,523,1173,1173,,,,5,<<7;0;8%>;<8;0;8%>>,{gold=295000;451=30;452=20},<<gold;295000;1>;<451;30;1>;<452;20;1>>,{libs=<110;111>;451=2;gold=7500},<<gold;7500;0>;<451;1;1>;<452;1;1>>,429005,,,,,,,,,
100280,,,Level 280,Cấp 280,Level 280,Level 280,Level 280,Level 280,Level 280,,,<{level=295;unitId=231071;advance=46};{level=525;unitId=230493;advance=46};{level=295;unitId=233342;advance=46};{level=295;unitId=232242;advance=46};{level=295;unitId=231293;advance=46}>,<{level=525;unitId=251280;advance=47}>,config/portrait/jinglingtouxiang2/img_1293.png,,22,,,battle/scene/bg_night.jpg,,,,,,525,1177,1177,,,,5,<<1;1;20%>;<7;0;20%>;<8;0;20%>>,{501=1;451=30;gold=295000},<<gold;295000;1>;<451;30;1>;<501;1;1>>,{gold=7500;452=2;libs=<110;111;112>},<<gold;7500;0>;<451;1;1>;<452;1;1>>,429005,,,Transform on even-numbered rounds.,Transform on even-numbered rounds.,Transform on even-numbered rounds.,Transform on even-numbered rounds.,Transform on even-numbered rounds.,Biến hình vào vòng lớn chẵn,
100281,,,Level 281,Cấp 281,Level 281,Level 281,Level 281,Level 281,Level 281,,,<{level=296;unitId=231032;advance=47};{level=527;unitId=230503;advance=47};{level=296;unitId=233432;advance=47};{level=296;unitId=232593;advance=47};{level=296;unitId=231303;advance=47}>,<{level=527;unitId=251281;advance=48}>,config/portrait/jinglingtouxiang2/img_1303.png,,22,,,battle/scene/bg_sd.jpg,,,,,,527,1181,1181,,,,3,<<1;1;9%>>,{gold=300000;451=30;452=20},<<gold;300000;1>;<451;30;1>;<452;20;1>>,{libs=<110;111>;451=2;gold=7600},<<gold;7600;0>;<451;1;1>;<452;1;1>>,429005,,,,,,,,,
100282,,,Level 282,Cấp 282,Level 282,Level 282,Level 282,Level 282,Level 282,,,<{level=297;unitId=231082;advance=47};{level=529;unitId=230552;advance=47};{level=297;unitId=233472;advance=47};{level=297;unitId=232612;advance=47};{level=297;unitId=231394;advance=47}>,<{level=529;unitId=251282;advance=48}>,config/portrait/jinglingtouxiang2/img_1313.png,,22,,,battle/scene/bg_tower.jpg,,,,,,529,1185,1185,,,,4,<<1;0;9%>;<28;0;9%>>,{502=1;451=30;gold=300000},<<gold;300000;1>;<451;30;1>;<502;1;1>>,{libs=<110;111>;451=2;gold=7600},<<gold;7600;0>;<451;1;1>;<452;1;1>>,429005,,,,,,,,,
100283,,,Level 283,Cấp 283,Level 283,Level 283,Level 283,Level 283,Level 283,,,<{level=298;unitId=231221;advance=47};{level=531;unitId=230593;advance=47};{level=298;unitId=233511;advance=47};{level=298;unitId=232633;advance=47};{level=298;unitId=231612;advance=47}>,<{level=531;unitId=251283;advance=48}>,config/portrait/jinglingtouxiang2/img_1393.png,,22,,,battle/scene/bg_grass.jpg,,,,,,531,1189,1189,,,,5,<<9;0;8%>;<10;0;8%>;<22;0;8%>>,{rmb=100;451=30;gold=300000},<<gold;300000;1>;<451;30;1>;<rmb;100;1>>,{libs=<110;111>;451=2;gold=7600},<<gold;7600;0>;<451;1;1>;<452;1;1>>,429005,,,,,,,,,
100284,,,Level 284,Cấp 284,Level 284,Level 284,Level 284,Level 284,Level 284,,,<{level=299;unitId=231253;advance=47};{level=533;unitId=230603;advance=47};{level=299;unitId=233543;advance=47};{level=299;unitId=232683;advance=47};{level=299;unitId=231772;advance=47}>,<{level=533;unitId=251284;advance=48}>,config/portrait/jinglingtouxiang2/img_1381.png,,22,,,battle/scene/bg_night.jpg,,,,,,533,1193,1193,,,,5,<<9;0;8%>;<10;0;8%>>,{gold=300000;451=30;452=20},<<gold;300000;1>;<451;30;1>;<452;20;1>>,{libs=<110;111>;451=2;gold=7600},<<gold;7600;0>;<451;1;1>;<452;1;1>>,429005,,,,,,,,,
100285,,,Level 285,Cấp 285,Level 285,Level 285,Level 285,Level 285,Level 285,,,<{level=300;unitId=231293;advance=47};{level=535;unitId=230611;advance=47};{level=300;unitId=233592;advance=47};{level=300;unitId=232723;advance=47};{level=300;unitId=231813;advance=47}>,<{level=535;unitId=251285;advance=48}>,config/portrait/jinglingtouxiang2/img_1423.png,,22,,,battle/scene/bg_sd.jpg,,,,,,535,1197,1197,,,,5,<<9;1;10%>;<10;1;10%>;<7;0;10%>>,{gold=300000;451=30;519=1},<<gold;300000;1>;<451;30;1>;<519;1;1>>,{gold=7600;452=1;libs=<110;111;112>},<<gold;7600;0>;<451;1;1>;<452;1;1>>,429005,,,All stealth in the fifth big round.,All stealth in the fifth big round.,All stealth in the fifth big round.,All stealth in the fifth big round.,All stealth in the fifth big round.,Vòng lớn thứ năm toàn bộ sẽ tàng hình,
100286,,,Level 286,Cấp 286,Level 286,Level 286,Level 286,Level 286,Level 286,,,<{level=301;unitId=231303;advance=48};{level=537;unitId=230632;advance=48};{level=301;unitId=233663;advance=48};{level=301;unitId=232843;advance=48};{level=301;unitId=231841;advance=48}>,<{level=537;unitId=251286;advance=49}>,config/portrait/jinglingtouxiang2/img_1503.png,,22,,,battle/scene/bg_tower.jpg,,,,,,537,1201,1201,,,,3,<<7;1;9%>;<8;1;9%>>,{gold=305000;451=30;452=20},<<gold;305000;1>;<451;30;1>;<452;20;1>>,{libs=<110;111>;451=2;gold=7700},<<gold;7700;0>;<451;1;1>;<452;1;1>>,429005,,,,,,,,,
100287,,,Level 287,Cấp 287,Level 287,Level 287,Level 287,Level 287,Level 287,,,<{level=302;unitId=231394;advance=48};{level=539;unitId=230641;advance=48};{level=302;unitId=233683;advance=48};{level=302;unitId=232963;advance=48};{level=302;unitId=231903;advance=48}>,<{level=539;unitId=251287;advance=49}>,config/portrait/jinglingtouxiang2/img_1612.png,,22,,,battle/scene/bg_grass.jpg,,,,,,539,1205,1205,,,,4,<<7;0;9%>;<8;0;9%>;<14;0;9%>>,{502=1;451=30;gold=305000},<<gold;305000;1>;<451;30;1>;<502;1;1>>,{libs=<110;111>;451=2;gold=7700},<<gold;7700;0>;<451;1;1>;<452;1;1>>,429005,,,,,,,,,
100288,,,Level 288,Cấp 288,Level 288,Level 288,Level 288,Level 288,Level 288,,,<{level=303;unitId=231612;advance=48};{level=541;unitId=230692;advance=48};{level=303;unitId=233772;advance=48};{level=303;unitId=233003;advance=48};{level=303;unitId=231911;advance=48}>,<{level=541;unitId=251288;advance=49}>,config/portrait/jinglingtouxiang2/img_1772.png,,22,,,battle/scene/bg_night.jpg,,,,,,541,1209,1209,,,,5,<<9;0;8%>;<10;0;8%>;<22;0;8%>>,{rmb=100;451=30;gold=305000},<<gold;305000;1>;<451;30;1>;<rmb;100;1>>,{libs=<110;111>;451=2;gold=7700},<<gold;7700;0>;<451;1;1>;<452;1;1>>,429005,,,,,,,,,
100289,,,Level 289,Cấp 289,Level 289,Level 289,Level 289,Level 289,Level 289,,,<{level=304;unitId=231772;advance=48};{level=543;unitId=230712;advance=48};{level=304;unitId=230013;advance=48};{level=304;unitId=233152;advance=48};{level=304;unitId=231931;advance=48}>,<{level=543;unitId=251289;advance=49}>,config/portrait/jinglingtouxiang2/img_1813.png,,22,,,battle/scene/bg_sd.jpg,,,,,,543,1213,1213,,,,5,<<9;0;8%>;<10;0;8%>>,{gold=305000;451=30;452=20},<<gold;305000;1>;<451;30;1>;<452;20;1>>,{libs=<110;111>;451=2;gold=7700},<<gold;7700;0>;<451;1;1>;<452;1;1>>,429005,,,,,,,,,
100290,,,Level 290,Cấp 290,Level 290,Level 290,Level 290,Level 290,Level 290,,,<{level=305;unitId=231813;advance=48};{level=545;unitId=230731;advance=48};{level=305;unitId=230044;advance=48};{level=305;unitId=233161;advance=48};{level=305;unitId=232013;advance=48}>,<{level=545;unitId=251290;advance=49}>,config/portrait/jinglingtouxiang2/img_1841.png,,22,,,battle/scene/bg_tower.jpg,,,,,,545,1217,1217,,,,5,<<9;1;20%>;<10;1;20%>;<8;0;20%>>,{501=1;451=30;gold=305000},<<gold;305000;1>;<451;30;1>;<501;1;1>>,{gold=7700;452=2;libs=<110;111;112>},<<gold;7700;0>;<451;1;1>;<452;1;1>>,429005,,,Guaranteed dodge starting from the sixth big round.,Guaranteed dodge starting from the sixth big round.,Guaranteed dodge starting from the sixth big round.,Guaranteed dodge starting from the sixth big round.,Guaranteed dodge starting from the sixth big round.,Vòng lớn thứ sáu bắt đầu sẽ chắc chắn né tránh,
100291,,,Level 291,Cấp 291,Level 291,Level 291,Level 291,Level 291,Level 291,,,<{level=306;unitId=231841;advance=49};{level=547;unitId=230741;advance=49};{level=306;unitId=230053;advance=49};{level=306;unitId=233181;advance=49};{level=306;unitId=232023;advance=49}>,<{level=547;unitId=251291;advance=50}>,config/portrait/jinglingtouxiang2/img_1893.png,,22,,,battle/scene/bg_grass.jpg,,,,,,547,1221,1221,,,,3,<<9;1;9%>;<10;1;9%>>,{gold=310000;451=30;452=20},<<gold;310000;1>;<451;30;1>;<452;20;1>>,{libs=<110;111>;451=2;gold=7800},<<gold;7800;0>;<451;1;1>;<452;1;1>>,429005,,,,,,,,,
100292,,,Level 292,Cấp 292,Level 292,Level 292,Level 292,Level 292,Level 292,,,<{level=307;unitId=231903;advance=49};{level=549;unitId=230793;advance=49};{level=307;unitId=230082;advance=49};{level=307;unitId=233251;advance=49};{level=307;unitId=232033;advance=49}>,<{level=549;unitId=251292;advance=50}>,config/portrait/jinglingtouxiang2/img_1911.png,,22,,,battle/scene/bg_night.jpg,,,,,,549,1225,1225,,,,4,<<9;0;9%>;<10;0;9%>;<17;0;9%>>,{502=1;451=30;gold=310000},<<gold;310000;1>;<451;30;1>;<502;1;1>>,{libs=<110;111>;451=2;gold=7800},<<gold;7800;0>;<451;1;1>;<452;1;1>>,429005,,,,,,,,,
100293,,,Level 293,Cấp 293,Level 293,Level 293,Level 293,Level 293,Level 293,,,<{level=308;unitId=231911;advance=49};{level=551;unitId=230863;advance=49};{level=308;unitId=230163;advance=49};{level=308;unitId=233283;advance=49};{level=308;unitId=232073;advance=49}>,<{level=551;unitId=251293;advance=50}>,config/portrait/jinglingtouxiang2/img_1941.png,,22,,,battle/scene/bg_sd.jpg,,,,,,551,1229,1229,,,,5,<<27;0;8%>;<26;0;8%>>,{rmb=100;451=30;gold=310000},<<gold;310000;1>;<451;30;1>;<rmb;100;1>>,{libs=<110;111>;451=2;gold=7800},<<gold;7800;0>;<451;1;1>;<452;1;1>>,429005,,,,,,,,,
100294,,,Level 294,Cấp 294,Level 294,Level 294,Level 294,Level 294,Level 294,,,<{level=309;unitId=231931;advance=49};{level=553;unitId=230883;advance=49};{level=309;unitId=230242;advance=49};{level=309;unitId=233293;advance=49};{level=309;unitId=232242;advance=49}>,<{level=553;unitId=251294;advance=50}>,config/portrait/jinglingtouxiang2/img_1951.png,,22,,,battle/scene/bg_tower.jpg,,,,,,553,1233,1233,,,,5,<<1;0;8%>>,{gold=310000;451=30;452=20},<<gold;310000;1>;<451;30;1>;<452;20;1>>,{libs=<110;111>;451=2;gold=7800},<<gold;7800;0>;<451;1;1>;<452;1;1>>,429005,,,,,,,,,
100295,,,Level 295,Cấp 295,Level 295,Level 295,Level 295,Level 295,Level 295,,,<{level=310;unitId=232013;advance=49};{level=555;unitId=230972;advance=49};{level=310;unitId=230273;advance=49};{level=310;unitId=233342;advance=49};{level=310;unitId=232593;advance=49}>,<{level=555;unitId=251295;advance=50}>,config/portrait/jinglingtouxiang2/img_2023.png,,22,,,battle/scene/bg_grass.jpg,,,,,,555,1237,1237,,,,5,<<27;0;10%>;<24;0;10%>>,{gold=310000;451=30;519=1},<<gold;310000;1>;<451;30;1>;<519;1;1>>,{gold=7800;452=1;libs=<110;111;112>},<<gold;7800;0>;<451;1;1>;<452;1;1>>,429005,,,All heroes' defense decreases; killing aura monsters will restore it.,All heroes' defense decreases; killing aura monsters will restore it.,All heroes' defense decreases; killing aura monsters will restore it.,All heroes' defense decreases; killing aura monsters will restore it.,All heroes' defense decreases; killing aura monsters will restore it.,"Toàn bộ anh hùng giảm phòng thủ, tiêu diệt quái vật trong hào quang sẽ phục hồi",
100296,,,Level 296,Cấp 296,Level 296,Level 296,Level 296,Level 296,Level 296,,,<{level=311;unitId=232023;advance=50};{level=557;unitId=231071;advance=50};{level=311;unitId=230333;advance=50};{level=311;unitId=233432;advance=50};{level=311;unitId=232612;advance=50}>,<{level=557;unitId=251296;advance=51}>,config/portrait/jinglingtouxiang2/img_2033.png,,22,,,battle/scene/bg_night.jpg,,,,,,557,1241,1241,,,,3,<<13;1;9%>>,{gold=315000;451=30;452=20},<<gold;315000;1>;<451;30;1>;<452;20;1>>,{libs=<110;111>;451=2;gold=7900},<<gold;7900;0>;<451;1;1>;<452;1;1>>,429005,,,,,,,,,
100297,,,Level 297,Cấp 297,Level 297,Level 297,Level 297,Level 297,Level 297,,,<{level=312;unitId=232033;advance=50};{level=559;unitId=231032;advance=50};{level=312;unitId=230402;advance=50};{level=312;unitId=233472;advance=50};{level=312;unitId=232633;advance=50}>,<{level=559;unitId=251297;advance=51}>,config/portrait/jinglingtouxiang2/img_2233.png,,22,,,battle/scene/bg_sd.jpg,,,,,,559,1245,1245,,,,4,<<13;0;9%>;<24;0;9%>>,{502=1;451=30;gold=315000},<<gold;315000;1>;<451;30;1>;<502;1;1>>,{libs=<110;111>;451=2;gold=7900},<<gold;7900;0>;<451;1;1>;<452;1;1>>,429005,,,,,,,,,
100298,,,Level 298,Cấp 298,Level 298,Level 298,Level 298,Level 298,Level 298,,,<{level=313;unitId=232073;advance=50};{level=561;unitId=231082;advance=50};{level=313;unitId=230493;advance=50};{level=313;unitId=233511;advance=50};{level=313;unitId=232683;advance=50}>,<{level=561;unitId=251298;advance=51}>,config/portrait/jinglingtouxiang2/img_2242.png,,22,,,battle/scene/bg_tower.jpg,,,,,,561,1249,1249,,,,5,<<27;0;8%>;<26;0;8%>>,{rmb=100;451=30;gold=315000},<<gold;315000;1>;<451;30;1>;<rmb;100;1>>,{libs=<110;111>;451=2;gold=7900},<<gold;7900;0>;<451;1;1>;<452;1;1>>,429005,,,,,,,,,
100299,,,Level 299,Cấp 299,Level 299,Level 299,Level 299,Level 299,Level 299,,,<{level=314;unitId=232242;advance=50};{level=563;unitId=231221;advance=50};{level=314;unitId=230503;advance=50};{level=314;unitId=233543;advance=50};{level=314;unitId=232723;advance=50}>,<{level=563;unitId=251299;advance=51}>,config/portrait/jinglingtouxiang2/img_2401.png,,22,,,battle/scene/bg_grass.jpg,,,,,,563,1253,1253,,,,5,<<1;0;8%>>,{gold=315000;451=30;452=20},<<gold;315000;1>;<451;30;1>;<452;20;1>>,{libs=<110;111>;451=2;gold=7900},<<gold;7900;0>;<451;1;1>;<452;1;1>>,429005,,,,,,,,,
100300,,,Level 300,Cấp 300,Level 300,Level 300,Level 300,Level 300,Level 300,,,<{level=315;unitId=232593;advance=50};{level=565;unitId=231253;advance=50};{level=315;unitId=230552;advance=50};{level=315;unitId=233592;advance=50};{level=315;unitId=232843;advance=50}>,<{level=565;unitId=251300;advance=51}>,config/portrait/jinglingtouxiang2/img_2493.png,,22,,,battle/scene/bg_night.jpg,,,,,,565,1257,1257,,,,5,<<27;0;20%>;<24;0;20%>>,{501=1;451=30;gold=315000},<<gold;315000;1>;<451;30;1>;<501;1;1>>,{gold=7900;452=2;libs=<110;111;112>},<<gold;7900;0>;<451;1;1>;<452;1;1>>,429005,,,Aura monsters recover HP and gain attack when attacked.,Aura monsters recover HP and gain attack when attacked.,Aura monsters recover HP and gain attack when attacked.,Aura monsters recover HP and gain attack when attacked.,Aura monsters recover HP and gain attack when attacked.,Quái vật trong hào quang bị tấn công sẽ hồi phục sinh mệnh và tăng cường tấn công,
100301,,,Level 301,Cấp 301,Level 301,Level 301,Level 301,Level 301,Level 301,,,<{level=316;unitId=232612;advance=51};{level=567;unitId=231293;advance=51};{level=316;unitId=230593;advance=51};{level=316;unitId=233663;advance=51};{level=316;unitId=232963;advance=51}>,<{level=567;unitId=251301;advance=52}>,config/portrait/jinglingtouxiang2/img_2723.png,,22,,,battle/scene/bg_grass.jpg,,,,,,567,1262,1262,,,,3,<<1;1;22%>>,{gold=320000;451=30;452=20},<<gold;320000;1>;<451;30;1>;<452;20;1>>,{libs=<110;111>;451=2;gold=8000},<<gold;8000;0>;<451;1;1>;<452;1;1>>,429005,,,,,,,,,
100302,,,Level 302,Cấp 302,Level 302,Level 302,Level 302,Level 302,Level 302,,,<{level=317;unitId=232633;advance=51};{level=569;unitId=231303;advance=51};{level=317;unitId=230603;advance=51};{level=317;unitId=233683;advance=51};{level=317;unitId=233003;advance=51}>,<{level=569;unitId=251302;advance=52}>,config/portrait/jinglingtouxiang2/img_3003.png,,22,,,battle/scene/bg_night.jpg,,,,,,569,1267,1267,,,,4,<<1;0;21%>;<28;0;21%>>,{502=1;451=30;gold=320000},<<gold;320000;1>;<451;30;1>;<502;1;1>>,{libs=<110;111>;451=2;gold=8000},<<gold;8000;0>;<451;1;1>;<452;1;1>>,429005,,,,,,,,,
100303,,,Level 303,Cấp 303,Level 303,Level 303,Level 303,Level 303,Level 303,,,<{level=318;unitId=232683;advance=51};{level=571;unitId=231394;advance=51};{level=318;unitId=230611;advance=51};{level=318;unitId=233772;advance=51};{level=318;unitId=233152;advance=51}>,<{level=571;unitId=251303;advance=52}>,config/portrait/jinglingtouxiang2/img_3021.png,,22,,,battle/scene/bg_sd.jpg,,,,,,571,1272,1272,,,,5,<<1;0;22%>>,{rmb=100;451=30;gold=320000},<<gold;320000;1>;<451;30;1>;<rmb;100;1>>,{libs=<110;111>;451=2;gold=8000},<<gold;8000;0>;<451;1;1>;<452;1;1>>,429005,,,,,,,,,
100304,,,Level 304,Cấp 304,Level 304,Level 304,Level 304,Level 304,Level 304,,,<{level=319;unitId=232723;advance=51};{level=573;unitId=231612;advance=51};{level=319;unitId=230632;advance=51};{level=319;unitId=230013;advance=51};{level=319;unitId=233161;advance=51}>,<{level=573;unitId=251304;advance=52}>,config/portrait/jinglingtouxiang2/img_3143.png,,22,,,battle/scene/bg_tower.jpg,,,,,,573,1277,1277,,,,5,<<27;0;22%>;<26;0;22%>>,{gold=320000;451=30;452=20},<<gold;320000;1>;<451;30;1>;<452;20;1>>,{libs=<110;111>;451=2;gold=8000},<<gold;8000;0>;<451;1;1>;<452;1;1>>,429005,,,,,,,,,
100305,,,Level 305,Cấp 305,Level 305,Level 305,Level 305,Level 305,Level 305,,,<{level=320;unitId=232843;advance=51};{level=575;unitId=231772;advance=51};{level=320;unitId=230641;advance=51};{level=320;unitId=230044;advance=51};{level=320;unitId=233181;advance=51}>,<{level=575;unitId=251305;advance=52}>,config/portrait/jinglingtouxiang2/img_3152.png,,22,,,battle/scene/bg_grass.jpg,,,,,,575,1282,1282,,,,5,<<1;1;28%>;<13;0;28%>>,{gold=320000;451=30;519=1},<<gold;320000;1>;<451;30;1>;<519;1;1>>,{gold=8000;452=1;libs=<110;111;112>},<<gold;8000;0>;<451;1;1>;<452;1;1>>,429005,,,"As long as aura units exist, burn damage increases by 50%.","As long as aura units exist, burn damage increases by 50%.","As long as aura units exist, burn damage increases by 50%.","As long as aura units exist, burn damage increases by 50%.","As long as aura units exist, burn damage increases by 50%.","Khi đơn vị trong hào quang còn, sát thương đốt cháy sẽ tăng 50%",
100306,,,Level 306,Cấp 306,Level 306,Level 306,Level 306,Level 306,Level 306,,,<{level=321;unitId=232963;advance=52};{level=577;unitId=231813;advance=52};{level=321;unitId=230692;advance=52};{level=321;unitId=230053;advance=52};{level=321;unitId=233251;advance=52}>,<{level=577;unitId=251306;advance=53}>,config/portrait/jinglingtouxiang2/img_3161.png,,22,,,battle/scene/bg_night.jpg,,,,,,577,1287,1287,,,,3,<<7;1;22%>;<8;1;22%>>,{gold=325000;451=30;452=20},<<gold;325000;1>;<451;30;1>;<452;20;1>>,{libs=<110;111>;451=2;gold=8100},<<gold;8100;0>;<451;1;1>;<452;1;1>>,429005,,,,,,,,,
100307,,,Level 307,Cấp 307,Level 307,Level 307,Level 307,Level 307,Level 307,,,<{level=322;unitId=233003;advance=52};{level=579;unitId=231841;advance=52};{level=322;unitId=230712;advance=52};{level=322;unitId=230082;advance=52};{level=322;unitId=233283;advance=52}>,<{level=579;unitId=251307;advance=53}>,config/portrait/jinglingtouxiang2/img_3171.png,,22,,,battle/scene/bg_sd.jpg,,,,,,579,1292,1292,,,,4,<<7;0;21%>;<8;0;21%>;<14;0;21%>>,{502=1;451=30;gold=325000},<<gold;325000;1>;<451;30;1>;<502;1;1>>,{libs=<110;111>;451=2;gold=8100},<<gold;8100;0>;<451;1;1>;<452;1;1>>,429005,,,,,,,,,
100308,,,Level 308,Cấp 308,Level 308,Level 308,Level 308,Level 308,Level 308,,,<{level=323;unitId=233152;advance=52};{level=581;unitId=231903;advance=52};{level=323;unitId=230731;advance=52};{level=323;unitId=230163;advance=52};{level=323;unitId=233293;advance=52}>,<{level=581;unitId=251308;advance=53}>,config/portrait/jinglingtouxiang2/img_3181.png,,22,,,battle/scene/bg_tower.jpg,,,,,,581,1297,1297,,,,5,<<1;0;22%>>,{rmb=100;451=30;gold=325000},<<gold;325000;1>;<451;30;1>;<rmb;100;1>>,{libs=<110;111>;451=2;gold=8100},<<gold;8100;0>;<451;1;1>;<452;1;1>>,429005,,,,,,,,,
100309,,,Level 309,Cấp 309,Level 309,Level 309,Level 309,Level 309,Level 309,,,<{level=324;unitId=233161;advance=52};{level=583;unitId=231911;advance=52};{level=324;unitId=230741;advance=52};{level=324;unitId=230242;advance=52};{level=324;unitId=233342;advance=52}>,<{level=583;unitId=251309;advance=53}>,config/portrait/jinglingtouxiang2/img_3251.png,,22,,,battle/scene/bg_grass.jpg,,,,,,583,1302,1302,,,,5,<<27;0;22%>;<26;0;22%>>,{gold=325000;451=30;452=20},<<gold;325000;1>;<451;30;1>;<452;20;1>>,{libs=<110;111>;451=2;gold=8100},<<gold;8100;0>;<451;1;1>;<452;1;1>>,429005,,,,,,,,,
100310,,,Level 310,Cấp 310,Level 310,Level 310,Level 310,Level 310,Level 310,,,<{level=325;unitId=233181;advance=52};{level=585;unitId=231931;advance=52};{level=325;unitId=230793;advance=52};{level=325;unitId=230273;advance=52};{level=325;unitId=233432;advance=52}>,<{level=585;unitId=251310;advance=53}>,config/portrait/jinglingtouxiang2/img_3303.png,,22,,,battle/scene/bg_night.jpg,,,,,,585,1307,1307,,,,5,<<1;1;32%>;<13;0;32%>>,{501=1;451=30;gold=325000},<<gold;325000;1>;<451;30;1>;<501;1;1>>,{gold=8100;452=2;libs=<110;111;112>},<<gold;8100;0>;<451;1;1>;<452;1;1>>,429005,,,Each attack reduces the target’s attack by 10% (includes chain or combo attacks).,Each attack reduces the target’s attack by 10% (includes chain or combo attacks).,Each attack reduces the target’s attack by 10% (includes chain or combo attacks).,Each attack reduces the target’s attack by 10% (includes chain or combo attacks).,Each attack reduces the target’s attack by 10% (includes chain or combo attacks).,"Mỗi lần tấn công sẽ giảm 10% lực tấn công của mục tiêu (bao gồm cả liên kích, liên chiến)",
100311,,,Level 311,Cấp 311,Level 311,Level 311,Level 311,Level 311,Level 311,,,<{level=326;unitId=233251;advance=53};{level=587;unitId=232013;advance=53};{level=326;unitId=230863;advance=53};{level=326;unitId=230333;advance=53};{level=326;unitId=233472;advance=53}>,<{level=587;unitId=251311;advance=54}>,config/portrait/jinglingtouxiang2/img_3353.png,,22,,,battle/scene/bg_sd.jpg,,,,,,587,1315,1315,,,,3,<<9;1;22%>;<10;1;22%>>,{gold=330000;451=30;452=20},<<gold;330000;1>;<451;30;1>;<452;20;1>>,{libs=<110;111>;451=2;gold=8200},<<gold;8200;0>;<451;1;1>;<452;1;1>>,429005,,,,,,,,,
100312,,,Level 312,Cấp 312,Level 312,Level 312,Level 312,Level 312,Level 312,,,<{level=327;unitId=233283;advance=53};{level=589;unitId=232023;advance=53};{level=327;unitId=230883;advance=53};{level=327;unitId=230402;advance=53};{level=327;unitId=233511;advance=53}>,<{level=589;unitId=251312;advance=54}>,config/portrait/jinglingtouxiang2/img_3592.png,,22,,,battle/scene/bg_tower.jpg,,,,,,589,1323,1323,,,,4,<<9;0;21%>;<10;0;21%>;<17;0;21%>>,{502=1;451=30;gold=330000},<<gold;330000;1>;<451;30;1>;<502;1;1>>,{libs=<110;111>;451=2;gold=8200},<<gold;8200;0>;<451;1;1>;<452;1;1>>,429005,,,,,,,,,
100313,,,Level 313,Cấp 313,Level 313,Level 313,Level 313,Level 313,Level 313,,,<{level=328;unitId=233293;advance=53};{level=591;unitId=232033;advance=53};{level=328;unitId=230972;advance=53};{level=328;unitId=230493;advance=53};{level=328;unitId=233543;advance=53}>,<{level=591;unitId=251313;advance=54}>,config/portrait/jinglingtouxiang2/img_3663.png,,22,,,battle/scene/bg_grass.jpg,,,,,,591,1331,1331,,,,5,<<9;0;22%>;<10;0;22%>>,{rmb=100;451=30;gold=330000},<<gold;330000;1>;<451;30;1>;<rmb;100;1>>,{libs=<110;111>;451=2;gold=8200},<<gold;8200;0>;<451;1;1>;<452;1;1>>,429005,,,,,,,,,
100314,,,Level 314,Cấp 314,Level 314,Level 314,Level 314,Level 314,Level 314,,,<{level=329;unitId=233342;advance=53};{level=593;unitId=232073;advance=53};{level=329;unitId=231071;advance=53};{level=329;unitId=230503;advance=53};{level=329;unitId=233592;advance=53}>,<{level=593;unitId=251314;advance=54}>,config/portrait/jinglingtouxiang2/img_3673.png,,22,,,battle/scene/bg_night.jpg,,,,,,593,1339,1339,,,,5,<<9;0;22%>;<10;0;22%>;<22;0;22%>>,{gold=330000;451=30;452=20},<<gold;330000;1>;<451;30;1>;<452;20;1>>,{libs=<110;111>;451=2;gold=8200},<<gold;8200;0>;<451;1;1>;<452;1;1>>,429005,,,,,,,,,
100315,,,Level 315,Cấp 315,Level 315,Level 315,Level 315,Level 315,Level 315,,,<{level=330;unitId=233432;advance=53};{level=595;unitId=232242;advance=53};{level=330;unitId=231032;advance=53};{level=330;unitId=230552;advance=53};{level=330;unitId=233663;advance=53}>,<{level=595;unitId=251315;advance=54}>,config/portrait/jinglingtouxiang2/img_7001.png,,22,,,battle/scene/bg_sd.jpg,,,,,,595,1347,1347,,,,5,<<9;1;28%>;<10;0;28%>;<13;0;28%>>,{gold=330000;451=30;519=1},<<gold;330000;1>;<451;30;1>;<519;1;1>>,{gold=8200;452=1;libs=<110;111;112>},<<gold;8200;0>;<451;1;1>;<452;1;1>>,429005,,,"As long as aura units exist, all gain 30% crit rate.","As long as aura units exist, all gain 30% crit rate.","As long as aura units exist, all gain 30% crit rate.","As long as aura units exist, all gain 30% crit rate.","As long as aura units exist, all gain 30% crit rate.","Khi đơn vị trong hào quang còn, toàn bộ sẽ tăng 30% tỷ lệ chí mạng",
100316,,,Level 316,Cấp 316,Level 316,Level 316,Level 316,Level 316,Level 316,,,<{level=331;unitId=233472;advance=54};{level=597;unitId=232593;advance=54};{level=331;unitId=231082;advance=54};{level=331;unitId=230593;advance=54};{level=331;unitId=233683;advance=54}>,<{level=597;unitId=251316;advance=55}>,config/portrait/jinglingtouxiang2/img_163.png,,22,,,battle/scene/bg_tower.jpg,,,,,,597,1355,1355,,,,3,<<13;1;22%>>,{gold=335000;451=30;452=20},<<gold;335000;1>;<451;30;1>;<452;20;1>>,{libs=<110;111>;451=2;gold=8300},<<gold;8300;0>;<451;1;1>;<452;1;1>>,429005,,,,,,,,,
100317,,,Level 317,Cấp 317,Level 317,Level 317,Level 317,Level 317,Level 317,,,<{level=332;unitId=233511;advance=54};{level=599;unitId=232612;advance=54};{level=332;unitId=231221;advance=54};{level=332;unitId=230603;advance=54};{level=332;unitId=233772;advance=54}>,<{level=599;unitId=251317;advance=55}>,config/portrait/jinglingtouxiang2/img_242.png,,22,,,battle/scene/bg_grass.jpg,,,,,,599,1363,1363,,,,4,<<13;0;21%>;<24;0;21%>>,{502=1;451=30;gold=335000},<<gold;335000;1>;<451;30;1>;<502;1;1>>,{libs=<110;111>;451=2;gold=8300},<<gold;8300;0>;<451;1;1>;<452;1;1>>,429005,,,,,,,,,
100318,,,Level 318,Cấp 318,Level 318,Level 318,Level 318,Level 318,Level 318,,,<{level=333;unitId=233543;advance=54};{level=601;unitId=232633;advance=54};{level=333;unitId=231253;advance=54};{level=333;unitId=230611;advance=54};{level=333;unitId=230013;advance=54}>,<{level=601;unitId=251318;advance=55}>,config/portrait/jinglingtouxiang2/img_263.png,,22,,,battle/scene/bg_night.jpg,,,,,,601,1371,1371,,,,5,<<9;0;22%>;<10;0;22%>>,{rmb=100;451=30;gold=335000},<<gold;335000;1>;<451;30;1>;<rmb;100;1>>,{libs=<110;111>;451=2;gold=8300},<<gold;8300;0>;<451;1;1>;<452;1;1>>,429005,,,,,,,,,
100319,,,Level 319,Cấp 319,Level 319,Level 319,Level 319,Level 319,Level 319,,,<{level=334;unitId=233592;advance=54};{level=603;unitId=232683;advance=54};{level=334;unitId=231293;advance=54};{level=334;unitId=230632;advance=54};{level=334;unitId=230044;advance=54}>,<{level=603;unitId=251319;advance=55}>,config/portrait/jinglingtouxiang2/img_333.png,,22,,,battle/scene/bg_sd.jpg,,,,,,603,1379,1379,,,,5,<<9;0;22%>;<10;0;22%>;<22;0;22%>>,{gold=335000;451=30;452=20},<<gold;335000;1>;<451;30;1>;<452;20;1>>,{libs=<110;111>;451=2;gold=8300},<<gold;8300;0>;<451;1;1>;<452;1;1>>,429005,,,,,,,,,
100320,,,Level 320,Cấp 320,Level 320,Level 320,Level 320,Level 320,Level 320,,,<{level=335;unitId=233663;advance=54};{level=605;unitId=232723;advance=54};{level=335;unitId=231303;advance=54};{level=335;unitId=230641;advance=54};{level=335;unitId=230053;advance=54}>,<{level=605;unitId=251320;advance=55}>,config/portrait/jinglingtouxiang2/img_393.png,,22,,,battle/scene/bg_tower.jpg,,,,,,605,1387,1387,,,,5,<<9;1;32%>;<10;0;32%>;<13;0;32%>>,{502=3;451=30;gold=335000},<<gold;335000;1>;<451;30;1>;<502;3;1>>,{gold=8300;452=2;libs=<110;111;112>},<<gold;8300;0>;<451;1;1>;<452;1;1>>,429005,,,Randomly greatly increases one unit’s physical defense.,Randomly greatly increases one unit’s physical defense.,Randomly greatly increases one unit’s physical defense.,Randomly greatly increases one unit’s physical defense.,Randomly greatly increases one unit’s physical defense.,Ngẫu nhiên một đơn vị tăng cường phòng thủ vật lý đáng kể,
100321,,,Level 321,Cấp 321,Level 321,Level 321,Level 321,Level 321,Level 321,,,<{level=336;unitId=233683;advance=55};{level=607;unitId=232843;advance=55};{level=336;unitId=231394;advance=55};{level=336;unitId=230692;advance=55};{level=336;unitId=230082;advance=55}>,<{level=607;unitId=251321;advance=56}>,config/portrait/jinglingtouxiang2/img_503.png,,22,,,battle/scene/bg_grass.jpg,,,,,,607,1398,1398,,,,3,<<1;1;31%>>,{gold=340000;451=30;452=20},<<gold;340000;1>;<451;30;1>;<452;20;1>>,{libs=<110;111>;451=2;gold=8400},<<gold;8400;0>;<451;1;1>;<452;1;1>>,429005,,,,,,,,,
100322,,,Level 322,Cấp 322,Level 322,Level 322,Level 322,Level 322,Level 322,,,<{level=337;unitId=233772;advance=55};{level=609;unitId=232963;advance=55};{level=337;unitId=231612;advance=55};{level=337;unitId=230712;advance=55};{level=337;unitId=230163;advance=55}>,<{level=609;unitId=251322;advance=56}>,config/portrait/jinglingtouxiang2/img_572.png,,22,,,battle/scene/bg_night.jpg,,,,,,609,1409,1409,,,,4,<<1;0;22%>;<28;0;22%>>,{502=1;451=30;gold=340000},<<gold;340000;1>;<451;30;1>;<502;1;1>>,{libs=<110;111>;451=2;gold=8400},<<gold;8400;0>;<451;1;1>;<452;1;1>>,429005,,,,,,,,,
100323,,,Level 323,Cấp 323,Level 323,Level 323,Level 323,Level 323,Level 323,,,<{level=338;unitId=230013;advance=55};{level=611;unitId=233003;advance=55};{level=338;unitId=231772;advance=55};{level=338;unitId=230731;advance=55};{level=338;unitId=230242;advance=55}>,<{level=611;unitId=251323;advance=56}>,config/portrait/jinglingtouxiang2/img_593.png,,22,,,battle/scene/bg_sd.jpg,,,,,,611,1420,1420,,,,5,<<7;0;22%>;<8;0;22%>>,{rmb=100;451=30;gold=340000},<<gold;340000;1>;<451;30;1>;<rmb;100;1>>,{libs=<110;111>;451=2;gold=8400},<<gold;8400;0>;<451;1;1>;<452;1;1>>,429005,,,,,,,,,
100324,,,Level 324,Cấp 324,Level 324,Level 324,Level 324,Level 324,Level 324,,,<{level=339;unitId=230044;advance=55};{level=613;unitId=233152;advance=55};{level=339;unitId=231813;advance=55};{level=339;unitId=230741;advance=55};{level=339;unitId=230273;advance=55}>,<{level=613;unitId=251324;advance=56}>,config/portrait/jinglingtouxiang2/img_603.png,,22,,,battle/scene/bg_tower.jpg,,,,,,613,1431,1431,,,,5,<<1;0;22%>;<22;0;22%>>,{gold=340000;451=30;452=20},<<gold;340000;1>;<451;30;1>;<452;20;1>>,{libs=<110;111>;451=2;gold=8400},<<gold;8400;0>;<451;1;1>;<452;1;1>>,429005,,,,,,,,,
100325,,,Level 325,Cấp 325,Level 325,Level 325,Level 325,Level 325,Level 325,,,<{level=340;unitId=230053;advance=55};{level=615;unitId=233161;advance=55};{level=340;unitId=231841;advance=55};{level=340;unitId=230793;advance=55};{level=340;unitId=230333;advance=55}>,<{level=615;unitId=251325;advance=56}>,config/portrait/jinglingtouxiang2/img_611.png,,22,,,battle/scene/bg_grass.jpg,,,,,,615,1442,1442,,,,5,<<1;1;28%>;<7;0;28%>;<8;0;28%>>,{gold=340000;451=30;519=1},<<gold;340000;1>;<451;30;1>;<519;1;1>>,{gold=8400;452=1;libs=<110;111;112>},<<gold;8400;0>;<451;1;1>;<452;1;1>>,429005,,,"As long as aura units exist, dying grants extra magic attack damage.","As long as aura units exist, dying grants extra magic attack damage.","As long as aura units exist, dying grants extra magic attack damage.","As long as aura units exist, dying grants extra magic attack damage.","As long as aura units exist, dying grants extra magic attack damage.","Khi đơn vị trong hào quang còn, khi chết sẽ thêm sát thương cộng thêm từ tấn công pháp thuật.",
100326,,,Level 326,Cấp 326,Level 326,Level 326,Level 326,Level 326,Level 326,,,<{level=341;unitId=230082;advance=56};{level=617;unitId=233181;advance=56};{level=341;unitId=231903;advance=56};{level=341;unitId=230863;advance=56};{level=341;unitId=230402;advance=56}>,<{level=617;unitId=251326;advance=57}>,config/portrait/jinglingtouxiang2/img_631.png,,22,,,battle/scene/bg_night.jpg,,,,,,617,1453,1453,,,,3,<<7;1;31%>;<8;1;31%>>,{gold=345000;451=30;452=20},<<gold;345000;1>;<451;30;1>;<452;20;1>>,{libs=<110;111>;451=2;gold=8500},<<gold;8500;0>;<451;1;1>;<452;1;1>>,429005,,,,,,,,,
100327,,,Level 327,Cấp 327,Level 327,Level 327,Level 327,Level 327,Level 327,,,<{level=342;unitId=230163;advance=56};{level=619;unitId=233251;advance=56};{level=342;unitId=231911;advance=56};{level=342;unitId=230883;advance=56};{level=342;unitId=230493;advance=56}>,<{level=619;unitId=251327;advance=57}>,config/portrait/jinglingtouxiang2/img_641.png,,22,,,battle/scene/bg_sd.jpg,,,,,,619,1464,1464,,,,4,<<7;0;22%>;<8;0;22%>;<14;0;22%>>,{502=1;451=30;gold=345000},<<gold;345000;1>;<451;30;1>;<502;1;1>>,{libs=<110;111>;451=2;gold=8500},<<gold;8500;0>;<451;1;1>;<452;1;1>>,429005,,,,,,,,,
100328,,,Level 328,Cấp 328,Level 328,Level 328,Level 328,Level 328,Level 328,,,<{level=343;unitId=230242;advance=56};{level=621;unitId=233283;advance=56};{level=343;unitId=231931;advance=56};{level=343;unitId=230972;advance=56};{level=343;unitId=230503;advance=56}>,<{level=621;unitId=251328;advance=57}>,config/portrait/jinglingtouxiang2/img_701.png,,22,,,battle/scene/bg_tower.jpg,,,,,,621,1475,1475,,,,5,<<7;0;22%>;<8;0;22%>>,{rmb=100;451=30;gold=345000},<<gold;345000;1>;<451;30;1>;<rmb;100;1>>,{libs=<110;111>;451=2;gold=8500},<<gold;8500;0>;<451;1;1>;<452;1;1>>,429005,,,,,,,,,
100329,,,Level 329,Cấp 329,Level 329,Level 329,Level 329,Level 329,Level 329,,,<{level=344;unitId=230273;advance=56};{level=623;unitId=233293;advance=56};{level=344;unitId=232013;advance=56};{level=344;unitId=231071;advance=56};{level=344;unitId=230552;advance=56}>,<{level=623;unitId=251329;advance=57}>,config/portrait/jinglingtouxiang2/img_712.png,,22,,,battle/scene/bg_grass.jpg,,,,,,623,1486,1486,,,,5,<<1;0;22%>;<22;0;22%>>,{gold=345000;451=30;452=20},<<gold;345000;1>;<451;30;1>;<452;20;1>>,{libs=<110;111>;451=2;gold=8500},<<gold;8500;0>;<451;1;1>;<452;1;1>>,429005,,,,,,,,,
100330,,,Level 330,Cấp 330,Level 330,Level 330,Level 330,Level 330,Level 330,,,<{level=345;unitId=230333;advance=56};{level=625;unitId=233342;advance=56};{level=345;unitId=232023;advance=56};{level=345;unitId=231032;advance=56};{level=345;unitId=230593;advance=56}>,<{level=625;unitId=251330;advance=57}>,config/portrait/jinglingtouxiang2/img_721.png,,22,,,battle/scene/bg_night.jpg,,,,,,625,1497,1497,,,,5,<<1;1;32%>;<7;0;32%>;<8;0;32%>>,{501=1;451=30;gold=345000},<<gold;345000;1>;<451;30;1>;<501;1;1>>,{gold=8500;452=2;libs=<110;111;112>},<<gold;8500;0>;<451;1;1>;<452;1;1>>,429005,,,"As long as aura units exist, all monsters will poison and deal bonus damage to poisoned units.","As long as aura units exist, all monsters will poison and deal bonus damage to poisoned units.","As long as aura units exist, all monsters will poison and deal bonus damage to poisoned units.","As long as aura units exist, all monsters will poison and deal bonus damage to poisoned units.","As long as aura units exist, all monsters will poison and deal bonus damage to poisoned units.","Khi đơn vị trong hào quang còn, toàn bộ quái vật sẽ gây độc và có sát thương bổ sung đối với đơn vị bị nhiễm độc.",
100331,,,Level 331,Cấp 331,Level 331,Level 331,Level 331,Level 331,Level 331,,,<{level=346;unitId=230402;advance=57};{level=627;unitId=233432;advance=57};{level=346;unitId=232033;advance=57};{level=346;unitId=231082;advance=57};{level=346;unitId=230603;advance=57}>,<{level=627;unitId=251331;advance=58}>,config/portrait/jinglingtouxiang2/img_731.png,,22,,,battle/scene/bg_sd.jpg,,,,,,627,1511,1511,,,,3,<<9;1;31%>;<10;1;31%>>,{gold=350000;451=30;452=20},<<gold;350000;1>;<451;30;1>;<452;20;1>>,{libs=<110;111>;451=2;gold=8600},<<gold;8600;0>;<451;1;1>;<452;1;1>>,429005,,,,,,,,,
100332,,,Level 332,Cấp 332,Level 332,Level 332,Level 332,Level 332,Level 332,,,<{level=347;unitId=230493;advance=57};{level=629;unitId=233472;advance=57};{level=347;unitId=232073;advance=57};{level=347;unitId=231221;advance=57};{level=347;unitId=230611;advance=57}>,<{level=629;unitId=251332;advance=58}>,config/portrait/jinglingtouxiang2/img_741.png,,22,,,battle/scene/bg_tower.jpg,,,,,,629,1525,1525,,,,4,<<9;0;22%>;<10;0;22%>;<17;0;22%>>,{502=1;451=30;gold=350000},<<gold;350000;1>;<451;30;1>;<502;1;1>>,{libs=<110;111>;451=2;gold=8600},<<gold;8600;0>;<451;1;1>;<452;1;1>>,429005,,,,,,,,,
100333,,,Level 333,Cấp 333,Level 333,Level 333,Level 333,Level 333,Level 333,,,<{level=348;unitId=230503;advance=57};{level=631;unitId=233511;advance=57};{level=348;unitId=232242;advance=57};{level=348;unitId=231253;advance=57};{level=348;unitId=230632;advance=57}>,<{level=631;unitId=251333;advance=58}>,config/portrait/jinglingtouxiang2/img_771.png,,22,,,battle/scene/bg_grass.jpg,,,,,,631,1539,1539,,,,5,<<9;0;22%>;<10;0;22%>>,{rmb=100;451=30;gold=350000},<<gold;350000;1>;<451;30;1>;<rmb;100;1>>,{libs=<110;111>;451=2;gold=8600},<<gold;8600;0>;<451;1;1>;<452;1;1>>,429005,,,,,,,,,
100334,,,Level 334,Cấp 334,Level 334,Level 334,Level 334,Level 334,Level 334,,,<{level=349;unitId=230552;advance=57};{level=633;unitId=233543;advance=57};{level=349;unitId=232593;advance=57};{level=349;unitId=231293;advance=57};{level=349;unitId=230641;advance=57}>,<{level=633;unitId=251334;advance=58}>,config/portrait/jinglingtouxiang2/img_863.png,,22,,,battle/scene/bg_night.jpg,,,,,,633,1553,1553,,,,5,<<9;0;22%>;<10;0;22%>;<24;0;22%>>,{gold=350000;451=30;452=20},<<gold;350000;1>;<451;30;1>;<452;20;1>>,{libs=<110;111>;451=2;gold=8600},<<gold;8600;0>;<451;1;1>;<452;1;1>>,429005,,,,,,,,,
100335,,,Level 335,Cấp 335,Level 335,Level 335,Level 335,Level 335,Level 335,,,<{level=350;unitId=230593;advance=57};{level=635;unitId=233592;advance=57};{level=350;unitId=232612;advance=57};{level=350;unitId=231303;advance=57};{level=350;unitId=230692;advance=57}>,<{level=635;unitId=251335;advance=58}>,config/portrait/jinglingtouxiang2/img_883.png,,22,,,battle/scene/bg_sd.jpg,,,,,,635,1567,1567,,,,5,<<9;1;28%>;<10;0;28%>;<7;0;28%>>,{gold=350000;451=30;519=1},<<gold;350000;1>;<451;30;1>;<519;1;1>>,{gold=8600;452=1;libs=<110;111;112>},<<gold;8600;0>;<451;1;1>;<452;1;1>>,429005,,,"As long as aura units exist, before each big round, 1-3 random units are frozen.","As long as aura units exist, before each big round, 1-3 random units are frozen.","As long as aura units exist, before each big round, 1-3 random units are frozen.","As long as aura units exist, before each big round, 1-3 random units are frozen.","As long as aura units exist, before each big round, 1-3 random units are frozen.","Khi đơn vị trong hào quang còn, trước khi bắt đầu vòng lớn sẽ ngẫu nhiên đóng băng từ 1 đến 3 đơn vị.",
100336,,,Level 336,Cấp 336,Level 336,Level 336,Level 336,Level 336,Level 336,,,<{level=351;unitId=230603;advance=58};{level=637;unitId=233663;advance=58};{level=351;unitId=232633;advance=58};{level=351;unitId=231394;advance=58};{level=351;unitId=230712;advance=58}>,<{level=637;unitId=251336;advance=59}>,config/portrait/jinglingtouxiang2/img_972.png,,22,,,battle/scene/bg_tower.jpg,,,,,,637,1581,1581,,,,3,<<13;1;31%>>,{gold=355000;451=30;452=20},<<gold;355000;1>;<451;30;1>;<452;20;1>>,{libs=<110;111>;451=2;gold=8700},<<gold;8700;0>;<451;1;1>;<452;1;1>>,429005,,,,,,,,,
100337,,,Level 337,Cấp 337,Level 337,Level 337,Level 337,Level 337,Level 337,,,<{level=352;unitId=230611;advance=58};{level=639;unitId=233683;advance=58};{level=352;unitId=232683;advance=58};{level=352;unitId=231612;advance=58};{level=352;unitId=230731;advance=58}>,<{level=639;unitId=251337;advance=59}>,config/portrait/jinglingtouxiang2/img_1071.png,,22,,,battle/scene/bg_grass.jpg,,,,,,639,1595,1595,,,,4,<<13;0;22%>;<24;0;22%>>,{502=1;451=30;gold=355000},<<gold;355000;1>;<451;30;1>;<502;1;1>>,{libs=<110;111>;451=2;gold=8700},<<gold;8700;0>;<451;1;1>;<452;1;1>>,429005,,,,,,,,,
100338,,,Level 338,Cấp 338,Level 338,Level 338,Level 338,Level 338,Level 338,,,<{level=353;unitId=230632;advance=58};{level=641;unitId=233772;advance=58};{level=353;unitId=232723;advance=58};{level=353;unitId=231772;advance=58};{level=353;unitId=230741;advance=58}>,<{level=641;unitId=251338;advance=59}>,config/portrait/jinglingtouxiang2/img_1032.png,,22,,,battle/scene/bg_night.jpg,,,,,,641,1609,1609,,,,5,<<9;0;22%>;<10;0;22%>>,{rmb=100;451=30;gold=355000},<<gold;355000;1>;<451;30;1>;<rmb;100;1>>,{libs=<110;111>;451=2;gold=8700},<<gold;8700;0>;<451;1;1>;<452;1;1>>,429005,,,,,,,,,
100339,,,Level 339,Cấp 339,Level 339,Level 339,Level 339,Level 339,Level 339,,,<{level=354;unitId=230641;advance=58};{level=643;unitId=230013;advance=58};{level=354;unitId=232843;advance=58};{level=354;unitId=231813;advance=58};{level=354;unitId=230793;advance=58}>,<{level=643;unitId=251339;advance=59}>,config/portrait/jinglingtouxiang2/img_1082.png,,22,,,battle/scene/bg_sd.jpg,,,,,,643,1623,1623,,,,5,<<9;0;22%>;<10;0;22%>;<24;0;22%>>,{gold=355000;451=30;452=20},<<gold;355000;1>;<451;30;1>;<452;20;1>>,{libs=<110;111>;451=2;gold=8700},<<gold;8700;0>;<451;1;1>;<452;1;1>>,429005,,,,,,,,,
100340,,,Level 340,Cấp 340,Level 340,Level 340,Level 340,Level 340,Level 340,,,<{level=355;unitId=230692;advance=58};{level=645;unitId=230044;advance=58};{level=355;unitId=232963;advance=58};{level=355;unitId=231841;advance=58};{level=355;unitId=230863;advance=58}>,<{level=645;unitId=251340;advance=59}>,config/portrait/jinglingtouxiang2/img_1231.png,,22,,,battle/scene/bg_tower.jpg,,,,,,645,1637,1637,,,,5,<<9;1;32%>;<10;0;32%>;<8;0;32%>>,{rmb=300;451=30;gold=355000},<<gold;355000;1>;<451;30;1>;<rmb;300;1>>,{gold=8700;452=2;libs=<110;111;112>},<<gold;8700;0>;<451;1;1>;<452;1;1>>,429005,,,"As long as aura units exist, all monsters gain 30% crit rate and crit damage.","As long as aura units exist, all monsters gain 30% crit rate and crit damage.","As long as aura units exist, all monsters gain 30% crit rate and crit damage.","As long as aura units exist, all monsters gain 30% crit rate and crit damage.","As long as aura units exist, all monsters gain 30% crit rate and crit damage.","Khi đơn vị trong hào quang còn, toàn bộ sẽ tăng cường 30% tỷ lệ chí mạng và sát thương chí mạng.",
100341,,,Level 341,Cấp 341,Level 341,Level 341,Level 341,Level 341,Level 341,,,<{level=356;unitId=230712;advance=59};{level=647;unitId=230053;advance=59};{level=356;unitId=233003;advance=59};{level=356;unitId=231903;advance=59};{level=356;unitId=230883;advance=59}>,<{level=647;unitId=251341;advance=60}>,config/portrait/jinglingtouxiang2/img_1241.png,,22,,,battle/scene/bg_grass.jpg,,,,,,647,1654,1654,,,,3,<<1;1;23%>>,{gold=360000;451=30;452=20},<<gold;360000;1>;<451;30;1>;<452;20;1>>,{libs=<110;111>;451=2;gold=8800},<<gold;8800;0>;<451;1;1>;<452;1;1>>,429005,,,,,,,,,
100342,,,Level 342,Cấp 342,Level 342,Level 342,Level 342,Level 342,Level 342,,,<{level=357;unitId=230731;advance=59};{level=649;unitId=230082;advance=59};{level=357;unitId=233152;advance=59};{level=357;unitId=231911;advance=59};{level=357;unitId=230972;advance=59}>,<{level=649;unitId=251342;advance=60}>,config/portrait/jinglingtouxiang2/img_1253.png,,22,,,battle/scene/bg_night.jpg,,,,,,649,1671,1671,,,,4,<<1;0;22%>;<28;0;22%>>,{502=1;451=30;gold=360000},<<gold;360000;1>;<451;30;1>;<502;1;1>>,{libs=<110;111>;451=2;gold=8800},<<gold;8800;0>;<451;1;1>;<452;1;1>>,429005,,,,,,,,,
100343,,,Level 343,Cấp 343,Level 343,Level 343,Level 343,Level 343,Level 343,,,<{level=358;unitId=230741;advance=59};{level=651;unitId=230163;advance=59};{level=358;unitId=233161;advance=59};{level=358;unitId=231931;advance=59};{level=358;unitId=231071;advance=59}>,<{level=651;unitId=251343;advance=60}>,config/portrait/jinglingtouxiang2/img_1293.png,,22,,,battle/scene/bg_sd.jpg,,,,,,651,1688,1688,,,,5,<<27;0;22%>;<24;0;22%>>,{rmb=100;451=30;gold=360000},<<gold;360000;1>;<451;30;1>;<rmb;100;1>>,{libs=<110;111>;451=2;gold=8800},<<gold;8800;0>;<451;1;1>;<452;1;1>>,429005,,,,,,,,,
100344,,,Level 344,Cấp 344,Level 344,Level 344,Level 344,Level 344,Level 344,,,<{level=359;unitId=230793;advance=59};{level=653;unitId=230242;advance=59};{level=359;unitId=233181;advance=59};{level=359;unitId=232013;advance=59};{level=359;unitId=231032;advance=59}>,<{level=653;unitId=251344;advance=60}>,config/portrait/jinglingtouxiang2/img_1303.png,,22,,,battle/scene/bg_tower.jpg,,,,,,653,1705,1705,,,,5,<<1;0;22%>;<24;0;22%>>,{gold=360000;451=30;452=20},<<gold;360000;1>;<451;30;1>;<452;20;1>>,{libs=<110;111>;451=2;gold=8800},<<gold;8800;0>;<451;1;1>;<452;1;1>>,429005,,,,,,,,,
100345,,,Level 345,Cấp 345,Level 345,Level 345,Level 345,Level 345,Level 345,,,<{level=360;unitId=230863;advance=59};{level=655;unitId=230273;advance=59};{level=360;unitId=233251;advance=59};{level=360;unitId=232023;advance=59};{level=360;unitId=231082;advance=59}>,<{level=655;unitId=251345;advance=60}>,config/portrait/jinglingtouxiang2/img_1313.png,,22,,,battle/scene/bg_grass.jpg,,,,,,655,1722,1722,,,,5,<<27;0;28%>;<24;0;28%>>,{gold=360000;451=30;519=1},<<gold;360000;1>;<451;30;1>;<519;1;1>>,{gold=8800;452=1;libs=<110;111;112>},<<gold;8800;0>;<451;1;1>;<452;1;1>>,429005,,,"As long as aura units exist, restore 300 rage at the end of each big round.","As long as aura units exist, restore 300 rage at the end of each big round.","As long as aura units exist, restore 300 rage at the end of each big round.","As long as aura units exist, restore 300 rage at the end of each big round.","As long as aura units exist, restore 300 rage at the end of each big round.","Khi đơn vị trong hào quang còn, sau khi kết thúc vòng lớn sẽ hồi phục 300 điểm tức giận.",
100346,,,Level 346,Cấp 346,Level 346,Level 346,Level 346,Level 346,Level 346,,,<{level=361;unitId=230883;advance=60};{level=657;unitId=230333;advance=60};{level=361;unitId=233283;advance=60};{level=361;unitId=232033;advance=60};{level=361;unitId=231221;advance=60}>,<{level=657;unitId=251346;advance=61}>,config/portrait/jinglingtouxiang2/img_1393.png,,22,,,battle/scene/bg_night.jpg,,,,,,657,1739,1739,,,,3,<<7;1;23%>;<8;1;23%>>,{gold=365000;451=30;452=20},<<gold;365000;1>;<451;30;1>;<452;20;1>>,{libs=<110;111>;451=2;gold=8900},<<gold;8900;0>;<451;1;1>;<452;1;1>>,429005,,,,,,,,,
100347,,,Level 347,Cấp 347,Level 347,Level 347,Level 347,Level 347,Level 347,,,<{level=362;unitId=230972;advance=60};{level=659;unitId=230402;advance=60};{level=362;unitId=233293;advance=60};{level=362;unitId=232073;advance=60};{level=362;unitId=231253;advance=60}>,<{level=659;unitId=251347;advance=61}>,config/portrait/jinglingtouxiang2/img_1381.png,,22,,,battle/scene/bg_sd.jpg,,,,,,659,1756,1756,,,,4,<<7;0;22%>;<8;0;22%>;<14;0;22%>>,{502=1;451=30;gold=365000},<<gold;365000;1>;<451;30;1>;<502;1;1>>,{libs=<110;111>;451=2;gold=8900},<<gold;8900;0>;<451;1;1>;<452;1;1>>,429005,,,,,,,,,
100348,,,Level 348,Cấp 348,Level 348,Level 348,Level 348,Level 348,Level 348,,,<{level=363;unitId=231071;advance=60};{level=661;unitId=230493;advance=60};{level=363;unitId=233342;advance=60};{level=363;unitId=232242;advance=60};{level=363;unitId=231293;advance=60}>,<{level=661;unitId=251348;advance=61}>,config/portrait/jinglingtouxiang2/img_1423.png,,22,,,battle/scene/bg_tower.jpg,,,,,,661,1773,1773,,,,5,<<27;0;22%>;<24;0;22%>>,{rmb=100;451=30;gold=365000},<<gold;365000;1>;<451;30;1>;<rmb;100;1>>,{libs=<110;111>;451=2;gold=8900},<<gold;8900;0>;<451;1;1>;<452;1;1>>,429005,,,,,,,,,
100349,,,Level 349,Cấp 349,Level 349,Level 349,Level 349,Level 349,Level 349,,,<{level=364;unitId=231032;advance=60};{level=663;unitId=230503;advance=60};{level=364;unitId=233432;advance=60};{level=364;unitId=232593;advance=60};{level=364;unitId=231303;advance=60}>,<{level=663;unitId=251349;advance=61}>,config/portrait/jinglingtouxiang2/img_1503.png,,22,,,battle/scene/bg_grass.jpg,,,,,,663,1790,1790,,,,5,<<1;0;22%>;<24;0;22%>>,{gold=365000;451=30;452=20},<<gold;365000;1>;<451;30;1>;<452;20;1>>,{libs=<110;111>;451=2;gold=8900},<<gold;8900;0>;<451;1;1>;<452;1;1>>,429005,,,,,,,,,
100350,,,Level 350,Cấp 350,Level 350,Level 350,Level 350,Level 350,Level 350,,,<{level=365;unitId=231082;advance=60};{level=665;unitId=230552;advance=60};{level=365;unitId=233472;advance=60};{level=365;unitId=232612;advance=60};{level=365;unitId=231394;advance=60}>,<{level=665;unitId=251350;advance=61}>,config/portrait/jinglingtouxiang2/img_1612.png,,22,,,battle/scene/bg_night.jpg,,,,,,665,1807,1807,,,,5,<<27;0;32%>;<24;0;32%>>,{6050=1;451=30;gold=365000},<<gold;365000;1>;<451;30;1>;<6050;1;1>>,{gold=8900;452=2;libs=<110;111;112>},<<gold;8900;0>;<451;1;1>;<452;1;1>>,429005,,,"As long as aura units exist, rage recovery speed decreases by 40%.","As long as aura units exist, rage recovery speed decreases by 40%.","As long as aura units exist, rage recovery speed decreases by 40%.","As long as aura units exist, rage recovery speed decreases by 40%.","As long as aura units exist, rage recovery speed decreases by 40%.","Khi đơn vị trong hào quang còn, tốc độ hồi phục tức giận sẽ giảm 40%.",
100351,,,Level 351,Cấp 351,Level 351,Level 351,Level 351,Level 351,Level 351,,,<{level=366;unitId=231221;advance=61};{level=667;unitId=230593;advance=61};{level=366;unitId=233511;advance=61};{level=366;unitId=232633;advance=61};{level=366;unitId=231612;advance=61}>,<{level=667;unitId=251351;advance=62}>,config/portrait/jinglingtouxiang2/img_1772.png,,22,,,battle/scene/bg_grass.jpg,,,,,,667,1824,1824,,,,3,<<9;1;23%>;<10;1;23%>>,{gold=370000;451=30;452=20},<<gold;370000;1>;<451;30;1>;<452;20;1>>,{libs=<110;111>;451=2;gold=9000},<<gold;9000;0>;<451;1;1>;<452;1;1>>,429005,,,,,,,,,
100352,,,Level 352,Cấp 352,Level 352,Level 352,Level 352,Level 352,Level 352,,,<{level=367;unitId=231253;advance=61};{level=669;unitId=230603;advance=61};{level=367;unitId=233543;advance=61};{level=367;unitId=232683;advance=61};{level=367;unitId=231772;advance=61}>,<{level=669;unitId=251352;advance=62}>,config/portrait/jinglingtouxiang2/img_1813.png,,22,,,battle/scene/bg_night.jpg,,,,,,669,1841,1841,,,,4,<<9;0;22%>;<10;0;22%>;<17;0;22%>>,{502=1;451=30;gold=370000},<<gold;370000;1>;<451;30;1>;<502;1;1>>,{libs=<110;111>;451=2;gold=9000},<<gold;9000;0>;<451;1;1>;<452;1;1>>,429005,,,,,,,,,
100353,,,Level 353,Cấp 353,Level 353,Level 353,Level 353,Level 353,Level 353,,,<{level=368;unitId=231293;advance=61};{level=671;unitId=230611;advance=61};{level=368;unitId=233592;advance=61};{level=368;unitId=232723;advance=61};{level=368;unitId=231813;advance=61}>,<{level=671;unitId=251353;advance=62}>,config/portrait/jinglingtouxiang2/img_1841.png,,22,,,battle/scene/bg_sd.jpg,,,,,,671,1858,1858,,,,5,<<1;0;22%>;<24;0;22%>>,{rmb=100;451=30;gold=370000},<<gold;370000;1>;<451;30;1>;<rmb;100;1>>,{libs=<110;111>;451=2;gold=9000},<<gold;9000;0>;<451;1;1>;<452;1;1>>,429005,,,,,,,,,
100354,,,Level 354,Cấp 354,Level 354,Level 354,Level 354,Level 354,Level 354,,,<{level=369;unitId=231303;advance=61};{level=673;unitId=230632;advance=61};{level=369;unitId=233663;advance=61};{level=369;unitId=232843;advance=61};{level=369;unitId=231841;advance=61}>,<{level=673;unitId=251354;advance=62}>,config/portrait/jinglingtouxiang2/img_1893.png,,22,,,battle/scene/bg_tower.jpg,,,,,,673,1875,1875,,,,5,<<27;0;22%>;<24;0;22%>>,{gold=370000;451=30;452=20},<<gold;370000;1>;<451;30;1>;<452;20;1>>,{libs=<110;111>;451=2;gold=9000},<<gold;9000;0>;<451;1;1>;<452;1;1>>,429005,,,,,,,,,
100355,,,Level 355,Cấp 355,Level 355,Level 355,Level 355,Level 355,Level 355,,,<{level=370;unitId=231394;advance=61};{level=675;unitId=230641;advance=61};{level=370;unitId=233683;advance=61};{level=370;unitId=232963;advance=61};{level=370;unitId=231903;advance=61}>,<{level=675;unitId=251355;advance=62}>,config/portrait/jinglingtouxiang2/img_1911.png,,22,,,battle/scene/bg_grass.jpg,,,,,,675,1892,1892,,,,5,<<1;1;28%>;<24;0;28%>>,{gold=370000;451=30;519=1},<<gold;370000;1>;<451;30;1>;<519;1;1>>,{gold=9000;452=1;libs=<110;111;112>},<<gold;9000;0>;<451;1;1>;<452;1;1>>,429005,,,Randomly greatly increases one unit’s magic defense.,Randomly greatly increases one unit’s magic defense.,Randomly greatly increases one unit’s magic defense.,Randomly greatly increases one unit’s magic defense.,Randomly greatly increases one unit’s magic defense.,Ngẫu nhiên một đơn vị tăng cường phòng thủ pháp thuật đáng kể,
100356,,,Level 356,Cấp 356,Level 356,Level 356,Level 356,Level 356,Level 356,,,<{level=371;unitId=231612;advance=62};{level=677;unitId=230692;advance=62};{level=371;unitId=233772;advance=62};{level=371;unitId=233003;advance=62};{level=371;unitId=231911;advance=62}>,<{level=677;unitId=251356;advance=63}>,config/portrait/jinglingtouxiang2/img_1941.png,,22,,,battle/scene/bg_night.jpg,,,,,,677,1909,1909,,,,3,<<13;1;23%>>,{gold=375000;451=30;452=20},<<gold;375000;1>;<451;30;1>;<452;20;1>>,{libs=<110;111>;451=2;gold=9100},<<gold;9100;0>;<451;1;1>;<452;1;1>>,429005,,,,,,,,,
100357,,,Level 357,Cấp 357,Level 357,Level 357,Level 357,Level 357,Level 357,,,<{level=372;unitId=231772;advance=62};{level=679;unitId=230712;advance=62};{level=372;unitId=230013;advance=62};{level=372;unitId=233152;advance=62};{level=372;unitId=231931;advance=62}>,<{level=679;unitId=251357;advance=63}>,config/portrait/jinglingtouxiang2/img_1951.png,,22,,,battle/scene/bg_sd.jpg,,,,,,679,1926,1926,,,,4,<<13;0;22%>;<24;0;22%>>,{502=1;451=30;gold=375000},<<gold;375000;1>;<451;30;1>;<502;1;1>>,{libs=<110;111>;451=2;gold=9100},<<gold;9100;0>;<451;1;1>;<452;1;1>>,429005,,,,,,,,,
100358,,,Level 358,Cấp 358,Level 358,Level 358,Level 358,Level 358,Level 358,,,<{level=373;unitId=231813;advance=62};{level=681;unitId=230731;advance=62};{level=373;unitId=230044;advance=62};{level=373;unitId=233161;advance=62};{level=373;unitId=232013;advance=62}>,<{level=681;unitId=251358;advance=63}>,config/portrait/jinglingtouxiang2/img_2023.png,,22,,,battle/scene/bg_tower.jpg,,,,,,681,1943,1943,,,,5,<<1;0;22%>;<24;0;22%>>,{rmb=100;451=30;gold=375000},<<gold;375000;1>;<451;30;1>;<rmb;100;1>>,{libs=<110;111>;451=2;gold=9100},<<gold;9100;0>;<451;1;1>;<452;1;1>>,429005,,,,,,,,,
100359,,,Level 359,Cấp 359,Level 359,Level 359,Level 359,Level 359,Level 359,,,<{level=374;unitId=231841;advance=62};{level=683;unitId=230741;advance=62};{level=374;unitId=230053;advance=62};{level=374;unitId=233181;advance=62};{level=374;unitId=232023;advance=62}>,<{level=683;unitId=251359;advance=63}>,config/portrait/jinglingtouxiang2/img_2033.png,,22,,,battle/scene/bg_grass.jpg,,,,,,683,1960,1960,,,,5,<<27;0;22%>;<24;0;22%>>,{gold=375000;451=30;452=20},<<gold;375000;1>;<451;30;1>;<452;20;1>>,{libs=<110;111>;451=2;gold=9100},<<gold;9100;0>;<451;1;1>;<452;1;1>>,429005,,,,,,,,,
100360,,,Level 360,Cấp 360,Level 360,Level 360,Level 360,Level 360,Level 360,,,<{level=375;unitId=231903;advance=62};{level=685;unitId=230793;advance=62};{level=375;unitId=230082;advance=62};{level=375;unitId=233251;advance=62};{level=375;unitId=232033;advance=62}>,<{level=685;unitId=251360;advance=63}>,config/portrait/jinglingtouxiang2/img_2233.png,,22,,,battle/scene/bg_night.jpg,,,,,,685,1977,1977,,,,5,<<1;1;32%>;<24;0;32%>>,{501=1;451=30;gold=375000},<<gold;375000;1>;<451;30;1>;<501;1;1>>,{gold=9100;452=2;libs=<110;111;112>},<<gold;9100;0>;<451;1;1>;<452;1;1>>,429005,,,"Each big round, all enemies gain 1 layer of burn.","Each big round, all enemies gain 1 layer of burn.","Each big round, all enemies gain 1 layer of burn.","Each big round, all enemies gain 1 layer of burn.","Each big round, all enemies gain 1 layer of burn.",Mỗi vòng lớn sẽ thêm 1 lớp đốt cháy cho toàn bộ kẻ thù.,
100361,,,Level 361,Cấp 361,Level 361,Level 361,Level 361,Level 361,Level 361,,,<{level=376;unitId=231911;advance=63};{level=687;unitId=230863;advance=63};{level=376;unitId=230163;advance=63};{level=376;unitId=233283;advance=63};{level=376;unitId=232073;advance=63}>,<{level=687;unitId=251361;advance=64}>,config/portrait/jinglingtouxiang2/img_2242.png,,22,,,battle/scene/bg_sd.jpg,,,,,,687,1994,1994,,,,3,<<1;1;32%>>,{gold=380000;451=30;452=20},<<gold;380000;1>;<451;30;1>;<452;20;1>>,{libs=<110;111>;451=2;gold=9200},<<gold;9200;0>;<451;1;1>;<452;1;1>>,429005,,,,,,,,,
100362,,,Level 362,Cấp 362,Level 362,Level 362,Level 362,Level 362,Level 362,,,<{level=377;unitId=231931;advance=63};{level=689;unitId=230883;advance=63};{level=377;unitId=230242;advance=63};{level=377;unitId=233293;advance=63};{level=377;unitId=232242;advance=63}>,<{level=689;unitId=251362;advance=64}>,config/portrait/jinglingtouxiang2/img_2401.png,,22,,,battle/scene/bg_tower.jpg,,,,,,689,2011,2011,,,,4,<<1;0;23%>;<28;0;23%>>,{502=1;451=30;gold=380000},<<gold;380000;1>;<451;30;1>;<502;1;1>>,{libs=<110;111>;451=2;gold=9200},<<gold;9200;0>;<451;1;1>;<452;1;1>>,429005,,,,,,,,,
100363,,,Level 363,Cấp 363,Level 363,Level 363,Level 363,Level 363,Level 363,,,<{level=378;unitId=232013;advance=63};{level=691;unitId=230972;advance=63};{level=378;unitId=230273;advance=63};{level=378;unitId=233342;advance=63};{level=378;unitId=232593;advance=63}>,<{level=691;unitId=251363;advance=64}>,config/portrait/jinglingtouxiang2/img_2493.png,,22,,,battle/scene/bg_grass.jpg,,,,,,691,2028,2028,,,,5,<<9;0;22%>;<10;0;22%>;<24;0;22%>>,{rmb=100;451=30;gold=380000},<<gold;380000;1>;<451;30;1>;<rmb;100;1>>,{libs=<110;111>;451=2;gold=9200},<<gold;9200;0>;<451;1;1>;<452;1;1>>,429005,,,,,,,,,
100364,,,Level 364,Cấp 364,Level 364,Level 364,Level 364,Level 364,Level 364,,,<{level=379;unitId=232023;advance=63};{level=693;unitId=231071;advance=63};{level=379;unitId=230333;advance=63};{level=379;unitId=233432;advance=63};{level=379;unitId=232612;advance=63}>,<{level=693;unitId=251364;advance=64}>,config/portrait/jinglingtouxiang2/img_2723.png,,22,,,battle/scene/bg_night.jpg,,,,,,693,2045,2045,,,,5,<<9;0;22%>;<10;0;22%>>,{gold=380000;451=30;452=20},<<gold;380000;1>;<451;30;1>;<452;20;1>>,{libs=<110;111>;451=2;gold=9200},<<gold;9200;0>;<451;1;1>;<452;1;1>>,429005,,,,,,,,,
100365,,,Level 365,Cấp 365,Level 365,Level 365,Level 365,Level 365,Level 365,,,<{level=380;unitId=232033;advance=63};{level=695;unitId=231032;advance=63};{level=380;unitId=230402;advance=63};{level=380;unitId=233472;advance=63};{level=380;unitId=232633;advance=63}>,<{level=695;unitId=251365;advance=64}>,config/portrait/jinglingtouxiang2/img_3003.png,,22,,,battle/scene/bg_sd.jpg,,,,,,695,2062,2062,,,,5,<<9;1;28%>;<10;0;28%>;<24;0;28%>>,{gold=380000;451=30;519=1},<<gold;380000;1>;<451;30;1>;<519;1;1>>,{gold=9200;452=1;libs=<110;111;112>},<<gold;9200;0>;<451;1;1>;<452;1;1>>,429005,,,Monsters' attacks have a chance to reduce speed.,Monsters' attacks have a chance to reduce speed.,Monsters' attacks have a chance to reduce speed.,Monsters' attacks have a chance to reduce speed.,Monsters' attacks have a chance to reduce speed.,Quái vật tấn công có xác suất giảm tốc độ nhất định,
100366,,,Level 366,Cấp 366,Level 366,Level 366,Level 366,Level 366,Level 366,,,<{level=381;unitId=232073;advance=64};{level=697;unitId=231082;advance=64};{level=381;unitId=230493;advance=64};{level=381;unitId=233511;advance=64};{level=381;unitId=232683;advance=64}>,<{level=697;unitId=251366;advance=65}>,config/portrait/jinglingtouxiang2/img_3021.png,,22,,,battle/scene/bg_tower.jpg,,,,,,697,2079,2079,,,,3,<<7;1;32%>;<8;1;32%>>,{gold=385000;451=30;452=20},<<gold;385000;1>;<451;30;1>;<452;20;1>>,{libs=<110;111>;451=2;gold=9300},<<gold;9300;0>;<451;1;1>;<452;1;1>>,429005,,,,,,,,,
100367,,,Level 367,Cấp 367,Level 367,Level 367,Level 367,Level 367,Level 367,,,<{level=382;unitId=232242;advance=64};{level=699;unitId=231221;advance=64};{level=382;unitId=230503;advance=64};{level=382;unitId=233543;advance=64};{level=382;unitId=232723;advance=64}>,<{level=699;unitId=251367;advance=65}>,config/portrait/jinglingtouxiang2/img_3143.png,,22,,,battle/scene/bg_grass.jpg,,,,,,699,2096,2096,,,,4,<<7;0;23%>;<8;0;23%>;<14;0;23%>>,{502=1;451=30;gold=385000},<<gold;385000;1>;<451;30;1>;<502;1;1>>,{libs=<110;111>;451=2;gold=9300},<<gold;9300;0>;<451;1;1>;<452;1;1>>,429005,,,,,,,,,
100368,,,Level 368,Cấp 368,Level 368,Level 368,Level 368,Level 368,Level 368,,,<{level=383;unitId=232593;advance=64};{level=701;unitId=231253;advance=64};{level=383;unitId=230552;advance=64};{level=383;unitId=233592;advance=64};{level=383;unitId=232843;advance=64}>,<{level=701;unitId=251368;advance=65}>,config/portrait/jinglingtouxiang2/img_3152.png,,22,,,battle/scene/bg_night.jpg,,,,,,701,2113,2113,,,,5,<<9;0;22%>;<10;0;22%>;<24;0;22%>>,{rmb=100;451=30;gold=385000},<<gold;385000;1>;<451;30;1>;<rmb;100;1>>,{libs=<110;111>;451=2;gold=9300},<<gold;9300;0>;<451;1;1>;<452;1;1>>,429005,,,,,,,,,
100369,,,Level 369,Cấp 369,Level 369,Level 369,Level 369,Level 369,Level 369,,,<{level=384;unitId=232612;advance=64};{level=703;unitId=231293;advance=64};{level=384;unitId=230593;advance=64};{level=384;unitId=233663;advance=64};{level=384;unitId=232963;advance=64}>,<{level=703;unitId=251369;advance=65}>,config/portrait/jinglingtouxiang2/img_3161.png,,22,,,battle/scene/bg_sd.jpg,,,,,,703,2130,2130,,,,5,<<9;0;22%>;<10;0;22%>>,{gold=385000;451=30;452=20},<<gold;385000;1>;<451;30;1>;<452;20;1>>,{libs=<110;111>;451=2;gold=9300},<<gold;9300;0>;<451;1;1>;<452;1;1>>,429005,,,,,,,,,
100370,,,Level 370,Cấp 370,Level 370,Level 370,Level 370,Level 370,Level 370,,,<{level=385;unitId=232633;advance=64};{level=705;unitId=231303;advance=64};{level=385;unitId=230603;advance=64};{level=385;unitId=233683;advance=64};{level=385;unitId=233003;advance=64}>,<{level=705;unitId=251370;advance=65}>,config/portrait/jinglingtouxiang2/img_3171.png,,22,,,battle/scene/bg_tower.jpg,,,,,,705,2147,2147,,,,5,<<9;1;32%>;<10;0;32%>;<24;0;32%>>,{502=3;451=30;gold=385000},<<gold;385000;1>;<451;30;1>;<502;3;1>>,{gold=9300;452=2;libs=<110;111;112>},<<gold;9300;0>;<451;1;1>;<452;1;1>>,429005,,,Monsters' attacks have a chance to reduce physical attack.,Monsters' attacks have a chance to reduce physical attack.,Monsters' attacks have a chance to reduce physical attack.,Monsters' attacks have a chance to reduce physical attack.,Monsters' attacks have a chance to reduce physical attack.,Quái vật tấn công có xác suất giảm một phần tấn công vật lý.,
100371,,,Level 371,Cấp 371,Level 371,Level 371,Level 371,Level 371,Level 371,,,<{level=386;unitId=232683;advance=65};{level=707;unitId=231394;advance=65};{level=386;unitId=230611;advance=65};{level=386;unitId=233772;advance=65};{level=386;unitId=233152;advance=65}>,<{level=707;unitId=251371;advance=66}>,config/portrait/jinglingtouxiang2/img_3181.png,,22,,,battle/scene/bg_grass.jpg,,,,,,707,2164,2164,,,,3,<<9;1;32%>;<10;1;32%>>,{gold=390000;451=30;452=20},<<gold;390000;1>;<451;30;1>;<452;20;1>>,{libs=<110;111>;451=2;gold=9400},<<gold;9400;0>;<451;1;1>;<452;1;1>>,429005,,,,,,,,,
100372,,,Level 372,Cấp 372,Level 372,Level 372,Level 372,Level 372,Level 372,,,<{level=387;unitId=232723;advance=65};{level=709;unitId=231612;advance=65};{level=387;unitId=230632;advance=65};{level=387;unitId=230013;advance=65};{level=387;unitId=233161;advance=65}>,<{level=709;unitId=251372;advance=66}>,config/portrait/jinglingtouxiang2/img_3251.png,,22,,,battle/scene/bg_night.jpg,,,,,,709,2181,2181,,,,4,<<9;0;23%>;<10;0;23%>;<17;0;23%>>,{502=1;451=30;gold=390000},<<gold;390000;1>;<451;30;1>;<502;1;1>>,{libs=<110;111>;451=2;gold=9400},<<gold;9400;0>;<451;1;1>;<452;1;1>>,429005,,,,,,,,,
100373,,,Level 373,Cấp 373,Level 373,Level 373,Level 373,Level 373,Level 373,,,<{level=388;unitId=232843;advance=65};{level=711;unitId=231772;advance=65};{level=388;unitId=230641;advance=65};{level=388;unitId=230044;advance=65};{level=388;unitId=233181;advance=65}>,<{level=711;unitId=251373;advance=66}>,config/portrait/jinglingtouxiang2/img_3303.png,,22,,,battle/scene/bg_sd.jpg,,,,,,711,2198,2198,,,,5,<<1;0;22%>;<22;0;22%>>,{rmb=100;451=30;gold=390000},<<gold;390000;1>;<451;30;1>;<rmb;100;1>>,{libs=<110;111>;451=2;gold=9400},<<gold;9400;0>;<451;1;1>;<452;1;1>>,429005,,,,,,,,,
100374,,,Level 374,Cấp 374,Level 374,Level 374,Level 374,Level 374,Level 374,,,<{level=389;unitId=232963;advance=65};{level=713;unitId=231813;advance=65};{level=389;unitId=230692;advance=65};{level=389;unitId=230053;advance=65};{level=389;unitId=233251;advance=65}>,<{level=713;unitId=251374;advance=66}>,config/portrait/jinglingtouxiang2/img_3353.png,,22,,,battle/scene/bg_tower.jpg,,,,,,713,2215,2215,,,,5,<<7;0;22%>;<8;0;22%>>,{gold=390000;451=30;452=20},<<gold;390000;1>;<451;30;1>;<452;20;1>>,{libs=<110;111>;451=2;gold=9400},<<gold;9400;0>;<451;1;1>;<452;1;1>>,429005,,,,,,,,,
100375,,,Level 375,Cấp 375,Level 375,Level 375,Level 375,Level 375,Level 375,,,<{level=390;unitId=233003;advance=65};{level=715;unitId=231841;advance=65};{level=390;unitId=230712;advance=65};{level=390;unitId=230082;advance=65};{level=390;unitId=233283;advance=65}>,<{level=715;unitId=251375;advance=66}>,config/portrait/jinglingtouxiang2/img_3592.png,,22,,,battle/scene/bg_grass.jpg,,,,,,715,2232,2232,,,,5,<<1;1;28%>;<22;0;28%>>,{gold=390000;451=30;519=1},<<gold;390000;1>;<451;30;1>;<519;1;1>>,{gold=9400;452=1;libs=<110;111;112>},<<gold;9400;0>;<451;1;1>;<452;1;1>>,429005,,,Monsters' attacks have a chance to reduce magic attack.,Monsters' attacks have a chance to reduce magic attack.,Monsters' attacks have a chance to reduce magic attack.,Monsters' attacks have a chance to reduce magic attack.,Monsters' attacks have a chance to reduce magic attack.,Quái vật tấn công có xác suất giảm một phần tấn công pháp thuật.,
100376,,,Level 376,Cấp 376,Level 376,Level 376,Level 376,Level 376,Level 376,,,<{level=391;unitId=233152;advance=66};{level=717;unitId=231903;advance=66};{level=391;unitId=230731;advance=66};{level=391;unitId=230163;advance=66};{level=391;unitId=233293;advance=66}>,<{level=717;unitId=251376;advance=67}>,config/portrait/jinglingtouxiang2/img_3663.png,,22,,,battle/scene/bg_night.jpg,,,,,,717,2249,2249,,,,3,<<13;1;32%>>,{gold=395000;451=30;452=20},<<gold;395000;1>;<451;30;1>;<452;20;1>>,{libs=<110;111>;451=2;gold=9500},<<gold;9500;0>;<451;1;1>;<452;1;1>>,429005,,,,,,,,,
100377,,,Level 377,Cấp 377,Level 377,Level 377,Level 377,Level 377,Level 377,,,<{level=392;unitId=233161;advance=66};{level=719;unitId=231911;advance=66};{level=392;unitId=230741;advance=66};{level=392;unitId=230242;advance=66};{level=392;unitId=233342;advance=66}>,<{level=719;unitId=251377;advance=67}>,config/portrait/jinglingtouxiang2/img_3673.png,,22,,,battle/scene/bg_sd.jpg,,,,,,719,2266,2266,,,,4,<<13;0;23%>;<24;0;23%>>,{502=1;451=30;gold=395000},<<gold;395000;1>;<451;30;1>;<502;1;1>>,{libs=<110;111>;451=2;gold=9500},<<gold;9500;0>;<451;1;1>;<452;1;1>>,429005,,,,,,,,,
100378,,,Level 378,Cấp 378,Level 378,Level 378,Level 378,Level 378,Level 378,,,<{level=393;unitId=233181;advance=66};{level=721;unitId=231931;advance=66};{level=393;unitId=230793;advance=66};{level=393;unitId=230273;advance=66};{level=393;unitId=233432;advance=66}>,<{level=721;unitId=251378;advance=67}>,config/portrait/jinglingtouxiang2/img_7001.png,,22,,,battle/scene/bg_tower.jpg,,,,,,721,2283,2283,,,,5,<<1;0;22%>;<22;0;22%>>,{rmb=100;451=30;gold=395000},<<gold;395000;1>;<451;30;1>;<rmb;100;1>>,{libs=<110;111>;451=2;gold=9500},<<gold;9500;0>;<451;1;1>;<452;1;1>>,429005,,,,,,,,,
100379,,,Level 379,Cấp 379,Level 379,Level 379,Level 379,Level 379,Level 379,,,<{level=394;unitId=233251;advance=66};{level=723;unitId=232013;advance=66};{level=394;unitId=230863;advance=66};{level=394;unitId=230333;advance=66};{level=394;unitId=233472;advance=66}>,<{level=723;unitId=251379;advance=67}>,config/portrait/jinglingtouxiang2/img_163.png,,22,,,battle/scene/bg_grass.jpg,,,,,,723,2300,2300,,,,5,<<7;0;22%>;<8;0;22%>>,{gold=395000;451=30;452=20},<<gold;395000;1>;<451;30;1>;<452;20;1>>,{libs=<110;111>;451=2;gold=9500},<<gold;9500;0>;<451;1;1>;<452;1;1>>,429005,,,,,,,,,
100380,,,Level 380,Cấp 380,Level 380,Level 380,Level 380,Level 380,Level 380,,,<{level=395;unitId=233283;advance=66};{level=725;unitId=232023;advance=66};{level=395;unitId=230883;advance=66};{level=395;unitId=230402;advance=66};{level=395;unitId=233511;advance=66}>,<{level=725;unitId=251380;advance=67}>,config/portrait/jinglingtouxiang2/img_242.png,,22,,,battle/scene/bg_night.jpg,,,,,,725,2317,2317,,,,5,<<1;1;32%>;<22;0;32%>>,{501=1;451=30;gold=395000},<<gold;395000;1>;<451;30;1>;<501;1;1>>,{gold=9500;452=2;libs=<110;111;112>},<<gold;9500;0>;<451;1;1>;<452;1;1>>,429005,,,"After using skill, Lac Kong Toa becomes invisible; killing shortens cooldown.","After using skill, Lac Kong Toa becomes invisible; killing shortens cooldown.","After using skill, Lac Kong Toa becomes invisible; killing shortens cooldown.","After using skill, Lac Kong Toa becomes invisible; killing shortens cooldown.","After using skill, Lac Kong Toa becomes invisible; killing shortens cooldown.","Sau khi sử dụng chiêu nhỏ, Lạc Không Tọa sẽ tàng hình, hoàn thành tiêu diệt sẽ rút ngắn thời gian hồi chiêu.",
100381,,,Level 381,Cấp 381,Level 381,Level 381,Level 381,Level 381,Level 381,,,<{level=396;unitId=233293;advance=67};{level=727;unitId=232033;advance=67};{level=396;unitId=230972;advance=67};{level=396;unitId=230493;advance=67};{level=396;unitId=233543;advance=67}>,<{level=727;unitId=251381;advance=68}>,config/portrait/jinglingtouxiang2/img_263.png,,22,,,battle/scene/bg_sd.jpg,,,,,,727,2334,2334,,,,3,<<1;1;24%>>,{gold=400000;451=30;452=20},<<gold;400000;1>;<451;30;1>;<452;20;1>>,{libs=<110;111>;451=2;gold=9600},<<gold;9600;0>;<451;1;1>;<452;1;1>>,429005,,,,,,,,,
100382,,,Level 382,Cấp 382,Level 382,Level 382,Level 382,Level 382,Level 382,,,<{level=397;unitId=233342;advance=67};{level=729;unitId=232073;advance=67};{level=397;unitId=231071;advance=67};{level=397;unitId=230503;advance=67};{level=397;unitId=233592;advance=67}>,<{level=729;unitId=251382;advance=68}>,config/portrait/jinglingtouxiang2/img_333.png,,22,,,battle/scene/bg_tower.jpg,,,,,,729,2351,2351,,,,4,<<1;0;23%>;<28;0;23%>>,{502=1;451=30;gold=400000},<<gold;400000;1>;<451;30;1>;<502;1;1>>,{libs=<110;111>;451=2;gold=9600},<<gold;9600;0>;<451;1;1>;<452;1;1>>,429005,,,,,,,,,
100383,,,Level 383,Cấp 383,Level 383,Level 383,Level 383,Level 383,Level 383,,,<{level=398;unitId=233432;advance=67};{level=731;unitId=232242;advance=67};{level=398;unitId=231032;advance=67};{level=398;unitId=230552;advance=67};{level=398;unitId=233663;advance=67}>,<{level=731;unitId=251383;advance=68}>,config/portrait/jinglingtouxiang2/img_393.png,,22,,,battle/scene/bg_grass.jpg,,,,,,731,2368,2368,,,,5,<<9;0;22%>;<10;0;22%>;<22;0;22%>>,{rmb=100;451=30;gold=400000},<<gold;400000;1>;<451;30;1>;<rmb;100;1>>,{libs=<110;111>;451=2;gold=9600},<<gold;9600;0>;<451;1;1>;<452;1;1>>,429005,,,,,,,,,
100384,,,Level 384,Cấp 384,Level 384,Level 384,Level 384,Level 384,Level 384,,,<{level=399;unitId=233472;advance=67};{level=733;unitId=232593;advance=67};{level=399;unitId=231082;advance=67};{level=399;unitId=230593;advance=67};{level=399;unitId=233683;advance=67}>,<{level=733;unitId=251384;advance=68}>,config/portrait/jinglingtouxiang2/img_503.png,,22,,,battle/scene/bg_night.jpg,,,,,,733,2385,2385,,,,5,<<9;0;22%>;<10;0;22%>>,{gold=400000;451=30;452=20},<<gold;400000;1>;<451;30;1>;<452;20;1>>,{libs=<110;111>;451=2;gold=9600},<<gold;9600;0>;<451;1;1>;<452;1;1>>,429005,,,,,,,,,
100385,,,Level 385,Cấp 385,Level 385,Level 385,Level 385,Level 385,Level 385,,,<{level=400;unitId=233511;advance=67};{level=735;unitId=232612;advance=67};{level=400;unitId=231221;advance=67};{level=400;unitId=230603;advance=67};{level=400;unitId=233772;advance=67}>,<{level=735;unitId=251385;advance=68}>,config/portrait/jinglingtouxiang2/img_572.png,,22,,,battle/scene/bg_sd.jpg,,,,,,735,2402,2402,,,,5,<<9;1;28%>;<10;0;28%>;<22;0;28%>>,{gold=400000;451=30;519=1},<<gold;400000;1>;<451;30;1>;<519;1;1>>,{gold=9600;452=1;libs=<110;111;112>},<<gold;9600;0>;<451;1;1>;<452;1;1>>,429005,,,Monsters' attacks have a chance to reduce physical defense.,Monsters' attacks have a chance to reduce physical defense.,Monsters' attacks have a chance to reduce physical defense.,Monsters' attacks have a chance to reduce physical defense.,Monsters' attacks have a chance to reduce physical defense.,Quái vật tấn công có xác suất giảm một phần phòng thủ vật lý.,
100386,,,Level 386,Cấp 386,Level 386,Level 386,Level 386,Level 386,Level 386,,,<{level=401;unitId=233543;advance=68};{level=737;unitId=232633;advance=68};{level=401;unitId=231253;advance=68};{level=401;unitId=230611;advance=68};{level=401;unitId=230013;advance=68}>,<{level=737;unitId=251386;advance=69}>,config/portrait/jinglingtouxiang2/img_593.png,,22,,,battle/scene/bg_tower.jpg,,,,,,737,2419,2419,,,,3,<<7;1;24%>;<8;1;24%>>,{gold=405000;451=30;452=20},<<gold;405000;1>;<451;30;1>;<452;20;1>>,{libs=<110;111>;451=2;gold=9700},<<gold;9700;0>;<451;1;1>;<452;1;1>>,429005,,,,,,,,,
100387,,,Level 387,Cấp 387,Level 387,Level 387,Level 387,Level 387,Level 387,,,<{level=402;unitId=233592;advance=68};{level=739;unitId=232683;advance=68};{level=402;unitId=231293;advance=68};{level=402;unitId=230632;advance=68};{level=402;unitId=230044;advance=68}>,<{level=739;unitId=251387;advance=69}>,config/portrait/jinglingtouxiang2/img_603.png,,22,,,battle/scene/bg_grass.jpg,,,,,,739,2436,2436,,,,4,<<7;0;23%>;<8;0;23%>;<14;0;23%>>,{502=1;451=30;gold=405000},<<gold;405000;1>;<451;30;1>;<502;1;1>>,{libs=<110;111>;451=2;gold=9700},<<gold;9700;0>;<451;1;1>;<452;1;1>>,429005,,,,,,,,,
100388,,,Level 388,Cấp 388,Level 388,Level 388,Level 388,Level 388,Level 388,,,<{level=403;unitId=233663;advance=68};{level=741;unitId=232723;advance=68};{level=403;unitId=231303;advance=68};{level=403;unitId=230641;advance=68};{level=403;unitId=230053;advance=68}>,<{level=741;unitId=251388;advance=69}>,config/portrait/jinglingtouxiang2/img_611.png,,22,,,battle/scene/bg_night.jpg,,,,,,741,2453,2453,,,,5,<<9;0;22%>;<10;0;22%>;<22;0;22%>>,{rmb=100;451=30;gold=405000},<<gold;405000;1>;<451;30;1>;<rmb;100;1>>,{libs=<110;111>;451=2;gold=9700},<<gold;9700;0>;<451;1;1>;<452;1;1>>,429005,,,,,,,,,
100389,,,Level 389,Cấp 389,Level 389,Level 389,Level 389,Level 389,Level 389,,,<{level=404;unitId=233683;advance=68};{level=743;unitId=232843;advance=68};{level=404;unitId=231394;advance=68};{level=404;unitId=230692;advance=68};{level=404;unitId=230082;advance=68}>,<{level=743;unitId=251389;advance=69}>,config/portrait/jinglingtouxiang2/img_631.png,,22,,,battle/scene/bg_sd.jpg,,,,,,743,2470,2470,,,,5,<<9;0;22%>;<10;0;22%>>,{gold=405000;451=30;452=20},<<gold;405000;1>;<451;30;1>;<452;20;1>>,{libs=<110;111>;451=2;gold=9700},<<gold;9700;0>;<451;1;1>;<452;1;1>>,429005,,,,,,,,,
100390,,,Level 390,Cấp 390,Level 390,Level 390,Level 390,Level 390,Level 390,,,<{level=405;unitId=233772;advance=68};{level=745;unitId=232963;advance=68};{level=405;unitId=231612;advance=68};{level=405;unitId=230712;advance=68};{level=405;unitId=230163;advance=68}>,<{level=745;unitId=251390;advance=69}>,config/portrait/jinglingtouxiang2/img_641.png,,22,,,battle/scene/bg_tower.jpg,,,,,,745,2487,2487,,,,5,<<9;1;32%>;<10;0;32%>;<22;0;32%>>,{rmb=200;451=30;gold=405000},<<gold;405000;1>;<451;30;1>;<rmb;200;1>>,{gold=9700;452=2;libs=<110;111;112>},<<gold;9700;0>;<451;1;1>;<452;1;1>>,429005,,,Monsters' attacks have a chance to reduce magic defense.,Monsters' attacks have a chance to reduce magic defense.,Monsters' attacks have a chance to reduce magic defense.,Monsters' attacks have a chance to reduce magic defense.,Monsters' attacks have a chance to reduce magic defense.,Quái vật tấn công có xác suất giảm một phần phòng thủ pháp thuật.,
100391,,,Level 391,Cấp 391,Level 391,Level 391,Level 391,Level 391,Level 391,,,<{level=406;unitId=230013;advance=69};{level=747;unitId=233003;advance=69};{level=406;unitId=231772;advance=69};{level=406;unitId=230731;advance=69};{level=406;unitId=230242;advance=69}>,<{level=747;unitId=251391;advance=70}>,config/portrait/jinglingtouxiang2/img_701.png,,22,,,battle/scene/bg_grass.jpg,,,,,,747,2504,2504,,,,3,<<9;1;24%>;<10;1;24%>>,{gold=410000;451=30;452=20},<<gold;410000;1>;<451;30;1>;<452;20;1>>,{libs=<110;111>;451=2;gold=9800},<<gold;9800;0>;<451;1;1>;<452;1;1>>,429005,,,,,,,,,
100392,,,Level 392,Cấp 392,Level 392,Level 392,Level 392,Level 392,Level 392,,,<{level=407;unitId=230044;advance=69};{level=749;unitId=233152;advance=69};{level=407;unitId=231813;advance=69};{level=407;unitId=230741;advance=69};{level=407;unitId=230273;advance=69}>,<{level=749;unitId=251392;advance=70}>,config/portrait/jinglingtouxiang2/img_712.png,,22,,,battle/scene/bg_night.jpg,,,,,,749,2521,2521,,,,4,<<9;0;23%>;<10;0;23%>;<17;0;23%>>,{502=1;451=30;gold=410000},<<gold;410000;1>;<451;30;1>;<502;1;1>>,{libs=<110;111>;451=2;gold=9800},<<gold;9800;0>;<451;1;1>;<452;1;1>>,429005,,,,,,,,,
100393,,,Level 393,Cấp 393,Level 393,Level 393,Level 393,Level 393,Level 393,,,<{level=408;unitId=230053;advance=69};{level=751;unitId=233161;advance=69};{level=408;unitId=231841;advance=69};{level=408;unitId=230793;advance=69};{level=408;unitId=230333;advance=69}>,<{level=751;unitId=251393;advance=70}>,config/portrait/jinglingtouxiang2/img_721.png,,22,,,battle/scene/bg_sd.jpg,,,,,,751,2538,2538,,,,5,<<27;0;22%>;<26;0;22%>>,{rmb=100;451=30;gold=410000},<<gold;410000;1>;<451;30;1>;<rmb;100;1>>,{libs=<110;111>;451=2;gold=9800},<<gold;9800;0>;<451;1;1>;<452;1;1>>,429005,,,,,,,,,
100394,,,Level 394,Cấp 394,Level 394,Level 394,Level 394,Level 394,Level 394,,,<{level=409;unitId=230082;advance=69};{level=753;unitId=233181;advance=69};{level=409;unitId=231903;advance=69};{level=409;unitId=230863;advance=69};{level=409;unitId=230402;advance=69}>,<{level=753;unitId=251394;advance=70}>,config/portrait/jinglingtouxiang2/img_731.png,,22,,,battle/scene/bg_tower.jpg,,,,,,753,2555,2555,,,,5,<<1;0;22%>>,{gold=410000;451=30;452=20},<<gold;410000;1>;<451;30;1>;<452;20;1>>,{libs=<110;111>;451=2;gold=9800},<<gold;9800;0>;<451;1;1>;<452;1;1>>,429005,,,,,,,,,
100395,,,Level 395,Cấp 395,Level 395,Level 395,Level 395,Level 395,Level 395,,,<{level=410;unitId=230163;advance=69};{level=755;unitId=233251;advance=69};{level=410;unitId=231911;advance=69};{level=410;unitId=230883;advance=69};{level=410;unitId=230493;advance=69}>,<{level=755;unitId=251395;advance=70}>,config/portrait/jinglingtouxiang2/img_741.png,,22,,,battle/scene/bg_grass.jpg,,,,,,755,2572,2572,,,,5,<<27;0;28%>;<22;0;28%>;<26;1;28%>>,{gold=410000;451=30;519=1},<<gold;410000;1>;<451;30;1>;<519;1;1>>,{gold=9800;452=1;libs=<110;111;112>},<<gold;9800;0>;<451;1;1>;<452;1;1>>,429005,,,"Without wind-type heroes, all enemies become invisible for 5 rounds.","Without wind-type heroes, all enemies become invisible for 5 rounds.","Without wind-type heroes, all enemies become invisible for 5 rounds.","Without wind-type heroes, all enemies become invisible for 5 rounds.","Without wind-type heroes, all enemies become invisible for 5 rounds.","Khi không có anh hùng hệ gió trong đội hình, toàn bộ kẻ thù sẽ tàng hình trong 5 vòng.",
100396,,,Level 396,Cấp 396,Level 396,Level 396,Level 396,Level 396,Level 396,,,<{level=411;unitId=230242;advance=70};{level=757;unitId=233283;advance=70};{level=411;unitId=231931;advance=70};{level=411;unitId=230972;advance=70};{level=411;unitId=230503;advance=70}>,<{level=757;unitId=251396;advance=71}>,config/portrait/jinglingtouxiang2/img_771.png,,22,,,battle/scene/bg_night.jpg,,,,,,757,2589,2589,,,,3,<<13;1;24%>>,{gold=415000;451=30;452=20},<<gold;415000;1>;<451;30;1>;<452;20;1>>,{libs=<110;111>;451=2;gold=9900},<<gold;9900;0>;<451;1;1>;<452;1;1>>,429005,,,,,,,,,
100397,,,Level 397,Cấp 397,Level 397,Level 397,Level 397,Level 397,Level 397,,,<{level=412;unitId=230273;advance=70};{level=759;unitId=233293;advance=70};{level=412;unitId=232013;advance=70};{level=412;unitId=231071;advance=70};{level=412;unitId=230552;advance=70}>,<{level=759;unitId=251397;advance=71}>,config/portrait/jinglingtouxiang2/img_863.png,,22,,,battle/scene/bg_sd.jpg,,,,,,759,2606,2606,,,,4,<<13;0;23%>;<24;0;23%>>,{502=1;451=30;gold=415000},<<gold;415000;1>;<451;30;1>;<502;1;1>>,{libs=<110;111>;451=2;gold=9900},<<gold;9900;0>;<451;1;1>;<452;1;1>>,429005,,,,,,,,,
100398,,,Level 398,Cấp 398,Level 398,Level 398,Level 398,Level 398,Level 398,,,<{level=413;unitId=230333;advance=70};{level=761;unitId=233342;advance=70};{level=413;unitId=232023;advance=70};{level=413;unitId=231032;advance=70};{level=413;unitId=230593;advance=70}>,<{level=761;unitId=251398;advance=71}>,config/portrait/jinglingtouxiang2/img_883.png,,22,,,battle/scene/bg_tower.jpg,,,,,,761,2623,2623,,,,5,<<27;0;22%>;<26;0;22%>>,{rmb=100;451=30;gold=415000},<<gold;415000;1>;<451;30;1>;<rmb;100;1>>,{libs=<110;111>;451=2;gold=9900},<<gold;9900;0>;<451;1;1>;<452;1;1>>,429005,,,,,,,,,
100399,,,Level 399,Cấp 399,Level 399,Level 399,Level 399,Level 399,Level 399,,,<{level=414;unitId=230402;advance=70};{level=763;unitId=233432;advance=70};{level=414;unitId=232033;advance=70};{level=414;unitId=231082;advance=70};{level=414;unitId=230603;advance=70}>,<{level=763;unitId=251399;advance=71}>,config/portrait/jinglingtouxiang2/img_972.png,,22,,,battle/scene/bg_grass.jpg,,,,,,763,2640,2640,,,,5,<<1;0;22%>>,{gold=415000;451=30;452=20},<<gold;415000;1>;<451;30;1>;<452;20;1>>,{libs=<110;111>;451=2;gold=9900},<<gold;9900;0>;<451;1;1>;<452;1;1>>,429005,,,,,,,,,
100400,,,Level 400,Cấp 400,Level 400,Level 400,Level 400,Level 400,Level 400,,,<{level=415;unitId=230493;advance=70};{level=765;unitId=233472;advance=70};{level=415;unitId=232073;advance=70};{level=415;unitId=231221;advance=70};{level=415;unitId=230611;advance=70}>,<{level=765;unitId=251400;advance=71}>,config/portrait/jinglingtouxiang2/img_1071.png,,22,,,battle/scene/bg_night.jpg,,,,,,765,2657,2657,,,,5,<<27;0;32%>;<22;0;32%>;<26;1;32%>>,{941=1;451=30;gold=415000},<<gold;415000;1>;<451;30;1>;<941;1;1>>,{gold=9900;452=2;libs=<110;111;112>},<<gold;9900;0>;<451;1;1>;<452;1;1>>,429005,,,Monsters' attacks have a chance to reduce HP.,Monsters' attacks have a chance to reduce HP.,Monsters' attacks have a chance to reduce HP.,Monsters' attacks have a chance to reduce HP.,Monsters' attacks have a chance to reduce HP.,Quái vật tấn công có xác suất giảm một phần sinh mệnh.,
