VariableName,markID,level,addType,addScene,natureType,desc_cn,desc_tw,desc,desc_vn,desc_ma,desc_en,desc_in,desc_th,desc_ph,attrType1,attrNum1,attrType2,attrNum2,attrType3,attrNum3,attrType4,attrNum4,attrType5,attrNum5,attrType6,attrNum6
Defaults,1,,,0,0,"""""","""""","""""","""""","""""","""""","""""","""""","""""",0,"""""",0,"""""",0,"""""",0,"""""",0,"""""",0,""""""
好感度序号,卡牌markID,好感度等级,效果类型(1-自身系列属性加成；2-指定自然属性卡牌属性加成；3-全体卡牌属性加成；4-上阵前排；5-上阵后排),加成场景（-1-所有战斗场景；0-主城固定加成；1-关卡；2-竞技场；3-活动副本；4-无尽之塔；5-公会副本）,自然属性,效果描述,效果描述,效果描述,效果描述,效果描述,效果描述,效果描述,效果描述,效果描述,属性类型1,属性数值1,属性类型2,属性数值2,属性类型3,属性数值3,属性类型4,属性数值4,属性类型5,属性数值5,属性类型6,属性数值6
1,,20,1,,,,,All basic attributes %s,Tất cả các thuộc tính cơ bản %s,Semua atribut asas %s,All basic attributes %s,Semua atribut dasar %s,คุณสมบัติพื้นฐานทั้งหมด %s,Lahat ng pangunahing katangian %s,7,1%,8,1%,1,1%,9,1%,10,1%,13,1%
2,,40,1,,,,,%s,%s,%s,%s,%s,%s,%s,1,3%,,,,,,,,,,
3,,60,1,,,,,%s,%s,%s,%s,%s,%s,%s,14,300,15,300,,,,,,,,
4,,80,1,,,,,All basic attributes %s,Tất cả các thuộc tính cơ bản %s,Semua atribut asas %s,All basic attributes %s,Semua atribut dasar %s,คุณสมบัติพื้นฐานทั้งหมด %s,Lahat ng pangunahing katangian %s,7,0.50%,8,0.50%,1,0.50%,9,0.50%,10,0.50%,13,0.50%
5,,100,1,,,,,%s,%s,%s,%s,%s,%s,%s,7,3%,8,3%,,,,,,,,
6,,150,3,,,,,All heroes %s,Tất cả anh hùng %s,Semua wira %s,All heroes %s,Semua pahlawan %s,ฮีโร่ทั้งหมด %s,Lahat ng mga bayani %s,7,0.50%,8,0.50%,,,,,,,,
7,,200,1,,,,,%s,%s,%s,%s,%s,%s,%s,17,300,19,300,,,,,,,,
8,,250,1,,,,,%s,%s,%s,%s,%s,%s,%s,9,3%,10,3%,,,,,,,,
9,,300,3,,,,,All heroes %s,Tất cả anh hùng %s,Semua wira %s,All heroes %s,Semua pahlawan %s,ฮีโร่ทั้งหมด %s,Lahat ng mga bayani %s,1,0.50%,,,,,,,,,,
10,,350,1,,,,,%s,%s,%s,%s,%s,%s,%s,11,300,12,300,,,,,,,,
11,,400,1,,,,,%s,%s,%s,%s,%s,%s,%s,22,300,23,300,,,,,,,,
12,,450,3,,,,,All heroes %s,Tất cả anh hùng %s,Semua wira %s,All heroes %s,Semua pahlawan %s,ฮีโร่ทั้งหมด %s,Lahat ng mga bayani %s,9,0.50%,10,0.50%,,,,,,,,
13,,500,1,,,,,%s,%s,%s,%s,%s,%s,%s,24,500,,,,,,,,,,
1001,13,20,1,,,,,All basic attributes %s,Tất cả các thuộc tính cơ bản %s,Semua atribut asas %s,All basic attributes %s,Semua atribut dasar %s,คุณสมบัติพื้นฐานทั้งหมด %s,Lahat ng pangunahing katangian %s,7,1%,8,1%,1,1%,9,1%,10,1%,13,1%
1002,13,40,1,,,,,%s,%s,%s,%s,%s,%s,%s,1,3%,,,,,,,,,,
1003,13,60,1,,,,,%s,%s,%s,%s,%s,%s,%s,14,300,15,300,,,,,,,,
1004,13,80,1,,,,,All basic attributes %s,Tất cả các thuộc tính cơ bản %s,Semua atribut asas %s,All basic attributes %s,Semua atribut dasar %s,คุณสมบัติพื้นฐานทั้งหมด %s,Lahat ng pangunahing katangian %s,7,0.50%,8,0.50%,1,0.50%,9,0.50%,10,0.50%,13,0.50%
1005,13,100,1,,,,,%s,%s,%s,%s,%s,%s,%s,7,3%,8,3%,,,,,,,,
1006,13,150,3,,,,,All heroes %s,Tất cả anh hùng %s,Semua wira %s,All heroes %s,Semua pahlawan %s,ฮีโร่ทั้งหมด %s,Lahat ng mga bayani %s,1,0.50%,,,,,,,,,,
1007,13,200,1,,,,,%s,%s,%s,%s,%s,%s,%s,17,300,19,300,,,,,,,,
1008,13,250,1,,,,,%s,%s,%s,%s,%s,%s,%s,9,3%,10,3%,,,,,,,,
1009,13,300,3,,,,,All heroes %s,Tất cả anh hùng %s,Semua wira %s,All heroes %s,Semua pahlawan %s,ฮีโร่ทั้งหมด %s,Lahat ng mga bayani %s,9,0.50%,10,0.50%,,,,,,,,
1010,13,350,1,,,,,%s,%s,%s,%s,%s,%s,%s,11,300,12,300,,,,,,,,
1011,13,400,1,,,,,%s,%s,%s,%s,%s,%s,%s,22,300,23,300,,,,,,,,
1012,13,450,3,,,,,All heroes %s,Tất cả anh hùng %s,Semua wira %s,All heroes %s,Semua pahlawan %s,ฮีโร่ทั้งหมด %s,Lahat ng mga bayani %s,1,0.50%,,,,,,,,,,
1013,13,500,1,,,,,%s,%s,%s,%s,%s,%s,%s,24,500,,,,,,,,,,
2001,21,20,1,,,,,All basic attributes %s,Tất cả các thuộc tính cơ bản %s,Semua atribut asas %s,All basic attributes %s,Semua atribut dasar %s,คุณสมบัติพื้นฐานทั้งหมด %s,Lahat ng pangunahing katangian %s,7,1%,8,1%,1,1%,9,1%,10,1%,13,1%
2002,21,40,1,,,,,%s,%s,%s,%s,%s,%s,%s,1,3%,,,,,,,,,,
2003,21,60,1,,,,,%s,%s,%s,%s,%s,%s,%s,14,300,15,300,,,,,,,,
2004,21,80,1,,,,,All basic attributes %s,Tất cả các thuộc tính cơ bản %s,Semua atribut asas %s,All basic attributes %s,Semua atribut dasar %s,คุณสมบัติพื้นฐานทั้งหมด %s,Lahat ng pangunahing katangian %s,7,0.50%,8,0.50%,1,0.50%,9,0.50%,10,0.50%,13,0.50%
2005,21,100,1,,,,,%s,%s,%s,%s,%s,%s,%s,7,3%,8,3%,,,,,,,,
2006,21,150,3,,,,,All heroes %s,Tất cả anh hùng %s,Semua wira %s,All heroes %s,Semua pahlawan %s,ฮีโร่ทั้งหมด %s,Lahat ng mga bayani %s,7,0.50%,8,0.50%,,,,,,,,
2007,21,200,1,,,,,%s,%s,%s,%s,%s,%s,%s,17,300,19,300,,,,,,,,
2008,21,250,1,,,,,%s,%s,%s,%s,%s,%s,%s,9,3%,10,3%,,,,,,,,
2009,21,300,3,,,,,All heroes %s,Tất cả anh hùng %s,Semua wira %s,All heroes %s,Semua pahlawan %s,ฮีโร่ทั้งหมด %s,Lahat ng mga bayani %s,1,0.50%,,,,,,,,,,
2010,21,350,1,,,,,%s,%s,%s,%s,%s,%s,%s,11,300,12,300,,,,,,,,
2011,21,400,1,,,,,%s,%s,%s,%s,%s,%s,%s,22,300,23,300,,,,,,,,
2012,21,450,3,,,,,All heroes %s,Tất cả anh hùng %s,Semua wira %s,All heroes %s,Semua pahlawan %s,ฮีโร่ทั้งหมด %s,Lahat ng mga bayani %s,1,0.50%,,,,,,,,,,
2013,21,500,1,,,,,%s,%s,%s,%s,%s,%s,%s,24,500,,,,,,,,,,
3001,31,20,1,,,,,All basic attributes %s,Tất cả các thuộc tính cơ bản %s,Semua atribut asas %s,All basic attributes %s,Semua atribut dasar %s,คุณสมบัติพื้นฐานทั้งหมด %s,Lahat ng pangunahing katangian %s,7,1%,8,1%,1,1%,9,1%,10,1%,13,1%
3002,31,40,1,,,,,%s,%s,%s,%s,%s,%s,%s,1,3%,,,,,,,,,,
3003,31,60,1,,,,,%s,%s,%s,%s,%s,%s,%s,14,300,15,300,,,,,,,,
3004,31,80,1,,,,,All basic attributes %s,Tất cả các thuộc tính cơ bản %s,Semua atribut asas %s,All basic attributes %s,Semua atribut dasar %s,คุณสมบัติพื้นฐานทั้งหมด %s,Lahat ng pangunahing katangian %s,7,0.40%,8,0.40%,1,0.40%,9,0.40%,10,0.40%,13,0.40%
3005,31,100,1,,,,,%s,%s,%s,%s,%s,%s,%s,7,3%,8,3%,,,,,,,,
3006,31,150,3,,,,,All heroes %s,Tất cả anh hùng %s,Semua wira %s,All heroes %s,Semua pahlawan %s,ฮีโร่ทั้งหมด %s,Lahat ng mga bayani %s,1,0.40%,,,,,,,,,,
3007,31,200,1,,,,,%s,%s,%s,%s,%s,%s,%s,17,300,19,300,,,,,,,,
3008,31,250,1,,,,,%s,%s,%s,%s,%s,%s,%s,9,3%,10,3%,,,,,,,,
3009,31,300,3,,,,,All heroes %s,Tất cả anh hùng %s,Semua wira %s,All heroes %s,Semua pahlawan %s,ฮีโร่ทั้งหมด %s,Lahat ng mga bayani %s,9,0.40%,10,0.40%,,,,,,,,
3010,31,350,1,,,,,%s,%s,%s,%s,%s,%s,%s,11,300,12,300,,,,,,,,
3011,31,400,1,,,,,%s,%s,%s,%s,%s,%s,%s,22,300,23,300,,,,,,,,
3012,31,450,3,,,,,All heroes %s,Tất cả anh hùng %s,Semua wira %s,All heroes %s,Semua pahlawan %s,ฮีโร่ทั้งหมด %s,Lahat ng mga bayani %s,9,0.40%,10,0.40%,,,,,,,,
3013,31,500,1,,,,,%s,%s,%s,%s,%s,%s,%s,24,500,,,,,,,,,,
4001,44,20,1,,,,,All basic attributes %s,Tất cả các thuộc tính cơ bản %s,Semua atribut asas %s,All basic attributes %s,Semua atribut dasar %s,คุณสมบัติพื้นฐานทั้งหมด %s,Lahat ng pangunahing katangian %s,7,1%,8,1%,1,1%,9,1%,10,1%,13,1%
4002,44,40,1,,,,,%s,%s,%s,%s,%s,%s,%s,1,3%,,,,,,,,,,
4003,44,60,1,,,,,%s,%s,%s,%s,%s,%s,%s,14,300,15,300,,,,,,,,
4004,44,80,1,,,,,All basic attributes %s,Tất cả các thuộc tính cơ bản %s,Semua atribut asas %s,All basic attributes %s,Semua atribut dasar %s,คุณสมบัติพื้นฐานทั้งหมด %s,Lahat ng pangunahing katangian %s,7,0.40%,8,0.40%,1,0.40%,9,0.40%,10,0.40%,13,0.40%
4005,44,100,1,,,,,%s,%s,%s,%s,%s,%s,%s,7,3%,8,3%,,,,,,,,
4006,44,150,3,,,,,All heroes %s,Tất cả anh hùng %s,Semua wira %s,All heroes %s,Semua pahlawan %s,ฮีโร่ทั้งหมด %s,Lahat ng mga bayani %s,7,0.40%,8,0.40%,,,,,,,,
4007,44,200,1,,,,,%s,%s,%s,%s,%s,%s,%s,17,300,19,300,,,,,,,,
4008,44,250,1,,,,,%s,%s,%s,%s,%s,%s,%s,9,3%,10,3%,,,,,,,,
4009,44,300,3,,,,,All heroes %s,Tất cả anh hùng %s,Semua wira %s,All heroes %s,Semua pahlawan %s,ฮีโร่ทั้งหมด %s,Lahat ng mga bayani %s,1,0.40%,,,,,,,,,,
4010,44,350,1,,,,,%s,%s,%s,%s,%s,%s,%s,11,300,12,300,,,,,,,,
4011,44,400,1,,,,,%s,%s,%s,%s,%s,%s,%s,22,300,23,300,,,,,,,,
4012,44,450,3,,,,,All heroes %s,Tất cả anh hùng %s,Semua wira %s,All heroes %s,Semua pahlawan %s,ฮีโร่ทั้งหมด %s,Lahat ng mga bayani %s,9,0.40%,10,0.40%,,,,,,,,
4013,44,500,1,,,,,%s,%s,%s,%s,%s,%s,%s,24,500,,,,,,,,,,
5001,53,20,1,,,,,All basic attributes %s,Tất cả các thuộc tính cơ bản %s,Semua atribut asas %s,All basic attributes %s,Semua atribut dasar %s,คุณสมบัติพื้นฐานทั้งหมด %s,Lahat ng pangunahing katangian %s,7,1%,8,1%,1,1%,9,1%,10,1%,13,1%
5002,53,40,1,,,,,%s,%s,%s,%s,%s,%s,%s,1,3%,,,,,,,,,,
5003,53,60,1,,,,,%s,%s,%s,%s,%s,%s,%s,14,300,15,300,,,,,,,,
5004,53,80,1,,,,,All basic attributes %s,Tất cả các thuộc tính cơ bản %s,Semua atribut asas %s,All basic attributes %s,Semua atribut dasar %s,คุณสมบัติพื้นฐานทั้งหมด %s,Lahat ng pangunahing katangian %s,7,0.50%,8,0.50%,1,0.50%,9,0.50%,10,0.50%,13,0.50%
5005,53,100,1,,,,,%s,%s,%s,%s,%s,%s,%s,7,3%,8,3%,,,,,,,,
5006,53,150,3,,,,,All heroes %s,Tất cả anh hùng %s,Semua wira %s,All heroes %s,Semua pahlawan %s,ฮีโร่ทั้งหมด %s,Lahat ng mga bayani %s,1,0.50%,,,,,,,,,,
5007,53,200,1,,,,,%s,%s,%s,%s,%s,%s,%s,17,300,19,300,,,,,,,,
5008,53,250,1,,,,,%s,%s,%s,%s,%s,%s,%s,9,3%,10,3%,,,,,,,,
5009,53,300,3,,,,,All heroes %s,Tất cả anh hùng %s,Semua wira %s,All heroes %s,Semua pahlawan %s,ฮีโร่ทั้งหมด %s,Lahat ng mga bayani %s,9,0.50%,10,0.50%,,,,,,,,
5010,53,350,1,,,,,%s,%s,%s,%s,%s,%s,%s,11,300,12,300,,,,,,,,
5011,53,400,1,,,,,%s,%s,%s,%s,%s,%s,%s,22,300,23,300,,,,,,,,
5012,53,450,3,,,,,All heroes %s,Tất cả anh hùng %s,Semua wira %s,All heroes %s,Semua pahlawan %s,ฮีโร่ทั้งหมด %s,Lahat ng mga bayani %s,7,0.50%,8,0.50%,,,,,,,,
5013,53,500,1,,,,,%s,%s,%s,%s,%s,%s,%s,24,500,,,,,,,,,,
6001,61,20,1,,,,,All basic attributes %s,Tất cả các thuộc tính cơ bản %s,Semua atribut asas %s,All basic attributes %s,Semua atribut dasar %s,คุณสมบัติพื้นฐานทั้งหมด %s,Lahat ng pangunahing katangian %s,7,1%,8,1%,1,1%,9,1%,10,1%,13,1%
6002,61,40,1,,,,,%s,%s,%s,%s,%s,%s,%s,1,3%,,,,,,,,,,
6003,61,60,1,,,,,%s,%s,%s,%s,%s,%s,%s,14,300,15,300,,,,,,,,
6004,61,80,1,,,,,All basic attributes %s,Tất cả các thuộc tính cơ bản %s,Semua atribut asas %s,All basic attributes %s,Semua atribut dasar %s,คุณสมบัติพื้นฐานทั้งหมด %s,Lahat ng pangunahing katangian %s,7,0.40%,8,0.40%,1,0.40%,9,0.40%,10,0.40%,13,0.40%
6005,61,100,1,,,,,%s,%s,%s,%s,%s,%s,%s,7,3%,8,3%,,,,,,,,
6006,61,150,3,,,,,All heroes %s,Tất cả anh hùng %s,Semua wira %s,All heroes %s,Semua pahlawan %s,ฮีโร่ทั้งหมด %s,Lahat ng mga bayani %s,7,0.40%,8,0.40%,,,,,,,,
6007,61,200,1,,,,,%s,%s,%s,%s,%s,%s,%s,17,300,19,300,,,,,,,,
6008,61,250,1,,,,,%s,%s,%s,%s,%s,%s,%s,9,3%,10,3%,,,,,,,,
6009,61,300,3,,,,,All heroes %s,Tất cả anh hùng %s,Semua wira %s,All heroes %s,Semua pahlawan %s,ฮีโร่ทั้งหมด %s,Lahat ng mga bayani %s,1,0.40%,,,,,,,,,,
6010,61,350,1,,,,,%s,%s,%s,%s,%s,%s,%s,11,300,12,300,,,,,,,,
6011,61,400,1,,,,,%s,%s,%s,%s,%s,%s,%s,22,300,23,300,,,,,,,,
6012,61,450,3,,,,,All heroes %s,Tất cả anh hùng %s,Semua wira %s,All heroes %s,Semua pahlawan %s,ฮีโร่ทั้งหมด %s,Lahat ng mga bayani %s,1,0.40%,,,,,,,,,,
6013,61,500,1,,,,,%s,%s,%s,%s,%s,%s,%s,24,500,,,,,,,,,,
7001,71,20,1,,,,,All basic attributes %s,Tất cả các thuộc tính cơ bản %s,Semua atribut asas %s,All basic attributes %s,Semua atribut dasar %s,คุณสมบัติพื้นฐานทั้งหมด %s,Lahat ng pangunahing katangian %s,7,1%,8,1%,1,1%,9,1%,10,1%,13,1%
7002,71,40,1,,,,,%s,%s,%s,%s,%s,%s,%s,1,3%,,,,,,,,,,
7003,71,60,1,,,,,%s,%s,%s,%s,%s,%s,%s,14,300,15,300,,,,,,,,
7004,71,80,1,,,,,All basic attributes %s,Tất cả các thuộc tính cơ bản %s,Semua atribut asas %s,All basic attributes %s,Semua atribut dasar %s,คุณสมบัติพื้นฐานทั้งหมด %s,Lahat ng pangunahing katangian %s,7,0.40%,8,0.40%,1,0.40%,9,0.40%,10,0.40%,13,0.40%
7005,71,100,1,,,,,%s,%s,%s,%s,%s,%s,%s,7,3%,8,3%,,,,,,,,
7006,71,150,3,,,,,All heroes %s,Tất cả anh hùng %s,Semua wira %s,All heroes %s,Semua pahlawan %s,ฮีโร่ทั้งหมด %s,Lahat ng mga bayani %s,1,0.40%,,,,,,,,,,
7007,71,200,1,,,,,%s,%s,%s,%s,%s,%s,%s,17,300,19,300,,,,,,,,
7008,71,250,1,,,,,%s,%s,%s,%s,%s,%s,%s,9,3%,10,3%,,,,,,,,
7009,71,300,3,,,,,All heroes %s,Tất cả anh hùng %s,Semua wira %s,All heroes %s,Semua pahlawan %s,ฮีโร่ทั้งหมด %s,Lahat ng mga bayani %s,9,0.40%,10,0.40%,,,,,,,,
7010,71,350,1,,,,,%s,%s,%s,%s,%s,%s,%s,11,300,12,300,,,,,,,,
7011,71,400,1,,,,,%s,%s,%s,%s,%s,%s,%s,22,300,23,300,,,,,,,,
7012,71,450,3,,,,,All heroes %s,Tất cả anh hùng %s,Semua wira %s,All heroes %s,Semua pahlawan %s,ฮีโร่ทั้งหมด %s,Lahat ng mga bayani %s,9,0.40%,10,0.40%,,,,,,,,
7013,71,500,1,,,,,%s,%s,%s,%s,%s,%s,%s,24,500,,,,,,,,,,
8001,82,20,1,,,,,All basic attributes %s,Tất cả các thuộc tính cơ bản %s,Semua atribut asas %s,All basic attributes %s,Semua atribut dasar %s,คุณสมบัติพื้นฐานทั้งหมด %s,Lahat ng pangunahing katangian %s,7,1%,8,1%,1,1%,9,1%,10,1%,13,1%
8002,82,40,1,,,,,%s,%s,%s,%s,%s,%s,%s,1,3%,,,,,,,,,,
8003,82,60,1,,,,,%s,%s,%s,%s,%s,%s,%s,14,300,15,300,,,,,,,,
8004,82,80,1,,,,,All basic attributes %s,Tất cả các thuộc tính cơ bản %s,Semua atribut asas %s,All basic attributes %s,Semua atribut dasar %s,คุณสมบัติพื้นฐานทั้งหมด %s,Lahat ng pangunahing katangian %s,7,0.40%,8,0.40%,1,0.40%,9,0.40%,10,0.40%,13,0.40%
8005,82,100,1,,,,,%s,%s,%s,%s,%s,%s,%s,7,3%,8,3%,,,,,,,,
8006,82,150,3,,,,,All heroes %s,Tất cả anh hùng %s,Semua wira %s,All heroes %s,Semua pahlawan %s,ฮีโร่ทั้งหมด %s,Lahat ng mga bayani %s,9,0.40%,10,0.40%,,,,,,,,
8007,82,200,1,,,,,%s,%s,%s,%s,%s,%s,%s,17,300,19,300,,,,,,,,
8008,82,250,1,,,,,%s,%s,%s,%s,%s,%s,%s,9,3%,10,3%,,,,,,,,
8009,82,300,3,,,,,All heroes %s,Tất cả anh hùng %s,Semua wira %s,All heroes %s,Semua pahlawan %s,ฮีโร่ทั้งหมด %s,Lahat ng mga bayani %s,7,0.40%,8,0.40%,,,,,,,,
8010,82,350,1,,,,,%s,%s,%s,%s,%s,%s,%s,11,300,12,300,,,,,,,,
8011,82,400,1,,,,,%s,%s,%s,%s,%s,%s,%s,22,300,23,300,,,,,,,,
8012,82,450,3,,,,,All heroes %s,Tất cả anh hùng %s,Semua wira %s,All heroes %s,Semua pahlawan %s,ฮีโร่ทั้งหมด %s,Lahat ng mga bayani %s,1,0.40%,,,,,,,,,,
8013,82,500,1,,,,,%s,%s,%s,%s,%s,%s,%s,24,500,,,,,,,,,,
9001,91,20,1,,,,,All basic attributes %s,Tất cả các thuộc tính cơ bản %s,Semua atribut asas %s,All basic attributes %s,Semua atribut dasar %s,คุณสมบัติพื้นฐานทั้งหมด %s,Lahat ng pangunahing katangian %s,7,1%,8,1%,1,1%,9,1%,10,1%,13,1%
9002,91,40,1,,,,,%s,%s,%s,%s,%s,%s,%s,1,3%,,,,,,,,,,
9003,91,60,1,,,,,%s,%s,%s,%s,%s,%s,%s,14,300,15,300,,,,,,,,
9004,91,80,1,,,,,All basic attributes %s,Tất cả các thuộc tính cơ bản %s,Semua atribut asas %s,All basic attributes %s,Semua atribut dasar %s,คุณสมบัติพื้นฐานทั้งหมด %s,Lahat ng pangunahing katangian %s,7,0.50%,8,0.50%,1,0.50%,9,0.50%,10,0.50%,13,0.50%
9005,91,100,1,,,,,%s,%s,%s,%s,%s,%s,%s,7,3%,8,3%,,,,,,,,
9006,91,150,3,,,,,All heroes %s,Tất cả anh hùng %s,Semua wira %s,All heroes %s,Semua pahlawan %s,ฮีโร่ทั้งหมด %s,Lahat ng mga bayani %s,9,0.50%,10,0.50%,,,,,,,,
9007,91,200,1,,,,,%s,%s,%s,%s,%s,%s,%s,17,300,19,300,,,,,,,,
9008,91,250,1,,,,,%s,%s,%s,%s,%s,%s,%s,9,3%,10,3%,,,,,,,,
9009,91,300,3,,,,,All heroes %s,Tất cả anh hùng %s,Semua wira %s,All heroes %s,Semua pahlawan %s,ฮีโร่ทั้งหมด %s,Lahat ng mga bayani %s,7,0.50%,8,0.50%,,,,,,,,
9010,91,350,1,,,,,%s,%s,%s,%s,%s,%s,%s,11,300,12,300,,,,,,,,
9011,91,400,1,,,,,%s,%s,%s,%s,%s,%s,%s,22,300,23,300,,,,,,,,
9012,91,450,3,,,,,All heroes %s,Tất cả anh hùng %s,Semua wira %s,All heroes %s,Semua pahlawan %s,ฮีโร่ทั้งหมด %s,Lahat ng mga bayani %s,1,0.50%,,,,,,,,,,
9013,91,500,1,,,,,%s,%s,%s,%s,%s,%s,%s,24,500,,,,,,,,,,
10001,101,20,1,,,,,All basic attributes %s,Tất cả các thuộc tính cơ bản %s,Semua atribut asas %s,All basic attributes %s,Semua atribut dasar %s,คุณสมบัติพื้นฐานทั้งหมด %s,Lahat ng pangunahing katangian %s,7,1%,8,1%,1,1%,9,1%,10,1%,13,1%
10002,101,40,1,,,,,%s,%s,%s,%s,%s,%s,%s,1,3%,,,,,,,,,,
10003,101,60,1,,,,,%s,%s,%s,%s,%s,%s,%s,14,300,15,300,,,,,,,,
10004,101,80,1,,,,,All basic attributes %s,Tất cả các thuộc tính cơ bản %s,Semua atribut asas %s,All basic attributes %s,Semua atribut dasar %s,คุณสมบัติพื้นฐานทั้งหมด %s,Lahat ng pangunahing katangian %s,7,0.40%,8,0.40%,1,0.40%,9,0.40%,10,0.40%,13,0.40%
10005,101,100,1,,,,,%s,%s,%s,%s,%s,%s,%s,7,3%,8,3%,,,,,,,,
10006,101,150,3,,,,,All heroes %s,Tất cả anh hùng %s,Semua wira %s,All heroes %s,Semua pahlawan %s,ฮีโร่ทั้งหมด %s,Lahat ng mga bayani %s,9,0.40%,10,0.40%,,,,,,,,
10007,101,200,1,,,,,%s,%s,%s,%s,%s,%s,%s,17,300,19,300,,,,,,,,
10008,101,250,1,,,,,%s,%s,%s,%s,%s,%s,%s,9,3%,10,3%,,,,,,,,
10009,101,300,3,,,,,All heroes %s,Tất cả anh hùng %s,Semua wira %s,All heroes %s,Semua pahlawan %s,ฮีโร่ทั้งหมด %s,Lahat ng mga bayani %s,7,0.40%,8,0.40%,,,,,,,,
10010,101,350,1,,,,,%s,%s,%s,%s,%s,%s,%s,11,300,12,300,,,,,,,,
10011,101,400,1,,,,,%s,%s,%s,%s,%s,%s,%s,22,300,23,300,,,,,,,,
10012,101,450,3,,,,,All heroes %s,Tất cả anh hùng %s,Semua wira %s,All heroes %s,Semua pahlawan %s,ฮีโร่ทั้งหมด %s,Lahat ng mga bayani %s,7,0.40%,8,0.40%,,,,,,,,
10013,101,500,1,,,,,%s,%s,%s,%s,%s,%s,%s,24,500,,,,,,,,,,
11001,111,20,1,,,,,All basic attributes %s,Tất cả các thuộc tính cơ bản %s,Semua atribut asas %s,All basic attributes %s,Semua atribut dasar %s,คุณสมบัติพื้นฐานทั้งหมด %s,Lahat ng pangunahing katangian %s,7,1%,8,1%,1,1%,9,1%,10,1%,13,1%
11002,111,40,1,,,,,%s,%s,%s,%s,%s,%s,%s,1,3%,,,,,,,,,,
11003,111,60,1,,,,,%s,%s,%s,%s,%s,%s,%s,14,300,15,300,,,,,,,,
11004,111,80,1,,,,,All basic attributes %s,Tất cả các thuộc tính cơ bản %s,Semua atribut asas %s,All basic attributes %s,Semua atribut dasar %s,คุณสมบัติพื้นฐานทั้งหมด %s,Lahat ng pangunahing katangian %s,7,0.40%,8,0.40%,1,0.40%,9,0.40%,10,0.40%,13,0.40%
11005,111,100,1,,,,,%s,%s,%s,%s,%s,%s,%s,7,3%,8,3%,,,,,,,,
11006,111,150,3,,,,,All heroes %s,Tất cả anh hùng %s,Semua wira %s,All heroes %s,Semua pahlawan %s,ฮีโร่ทั้งหมด %s,Lahat ng mga bayani %s,9,0.40%,10,0.40%,,,,,,,,
11007,111,200,1,,,,,%s,%s,%s,%s,%s,%s,%s,17,300,19,300,,,,,,,,
11008,111,250,1,,,,,%s,%s,%s,%s,%s,%s,%s,9,3%,10,3%,,,,,,,,
11009,111,300,3,,,,,All heroes %s,Tất cả anh hùng %s,Semua wira %s,All heroes %s,Semua pahlawan %s,ฮีโร่ทั้งหมด %s,Lahat ng mga bayani %s,7,0.40%,8,0.40%,,,,,,,,
11010,111,350,1,,,,,%s,%s,%s,%s,%s,%s,%s,11,300,12,300,,,,,,,,
11011,111,400,1,,,,,%s,%s,%s,%s,%s,%s,%s,22,300,23,300,,,,,,,,
11012,111,450,3,,,,,All heroes %s,Tất cả anh hùng %s,Semua wira %s,All heroes %s,Semua pahlawan %s,ฮีโร่ทั้งหมด %s,Lahat ng mga bayani %s,9,0.40%,10,0.40%,,,,,,,,
11013,111,500,1,,,,,%s,%s,%s,%s,%s,%s,%s,24,500,,,,,,,,,,
12001,121,20,1,,,,,All basic attributes %s,Tất cả các thuộc tính cơ bản %s,Semua atribut asas %s,All basic attributes %s,Semua atribut dasar %s,คุณสมบัติพื้นฐานทั้งหมด %s,Lahat ng pangunahing katangian %s,7,1%,8,1%,1,1%,9,1%,10,1%,13,1%
12002,121,40,1,,,,,%s,%s,%s,%s,%s,%s,%s,1,3%,,,,,,,,,,
12003,121,60,1,,,,,%s,%s,%s,%s,%s,%s,%s,14,300,15,300,,,,,,,,
12004,121,80,1,,,,,All basic attributes %s,Tất cả các thuộc tính cơ bản %s,Semua atribut asas %s,All basic attributes %s,Semua atribut dasar %s,คุณสมบัติพื้นฐานทั้งหมด %s,Lahat ng pangunahing katangian %s,7,0.40%,8,0.40%,1,0.40%,9,0.40%,10,0.40%,13,0.40%
12005,121,100,1,,,,,%s,%s,%s,%s,%s,%s,%s,7,3%,8,3%,,,,,,,,
12006,121,150,3,,,,,All heroes %s,Tất cả anh hùng %s,Semua wira %s,All heroes %s,Semua pahlawan %s,ฮีโร่ทั้งหมด %s,Lahat ng mga bayani %s,7,0.40%,8,0.40%,,,,,,,,
12007,121,200,1,,,,,%s,%s,%s,%s,%s,%s,%s,17,300,19,300,,,,,,,,
12008,121,250,1,,,,,%s,%s,%s,%s,%s,%s,%s,9,3%,10,3%,,,,,,,,
12009,121,300,3,,,,,All heroes %s,Tất cả anh hùng %s,Semua wira %s,All heroes %s,Semua pahlawan %s,ฮีโร่ทั้งหมด %s,Lahat ng mga bayani %s,1,0.40%,,,,,,,,,,
12010,121,350,1,,,,,%s,%s,%s,%s,%s,%s,%s,11,300,12,300,,,,,,,,
12011,121,400,1,,,,,%s,%s,%s,%s,%s,%s,%s,22,300,23,300,,,,,,,,
12012,121,450,3,,,,,All heroes %s,Tất cả anh hùng %s,Semua wira %s,All heroes %s,Semua pahlawan %s,ฮีโร่ทั้งหมด %s,Lahat ng mga bayani %s,7,0.40%,8,0.40%,,,,,,,,
12013,121,500,1,,,,,%s,%s,%s,%s,%s,%s,%s,24,500,,,,,,,,,,
13001,131,20,1,,,,,All basic attributes %s,Tất cả các thuộc tính cơ bản %s,Semua atribut asas %s,All basic attributes %s,Semua atribut dasar %s,คุณสมบัติพื้นฐานทั้งหมด %s,Lahat ng pangunahing katangian %s,7,1%,8,1%,1,1%,9,1%,10,1%,13,1%
13002,131,40,1,,,,,%s,%s,%s,%s,%s,%s,%s,1,3%,,,,,,,,,,
13003,131,60,1,,,,,%s,%s,%s,%s,%s,%s,%s,14,300,15,300,,,,,,,,
13004,131,80,1,,,,,All basic attributes %s,Tất cả các thuộc tính cơ bản %s,Semua atribut asas %s,All basic attributes %s,Semua atribut dasar %s,คุณสมบัติพื้นฐานทั้งหมด %s,Lahat ng pangunahing katangian %s,7,0.50%,8,0.50%,1,0.50%,9,0.50%,10,0.50%,13,0.50%
13005,131,100,1,,,,,%s,%s,%s,%s,%s,%s,%s,7,3%,8,3%,,,,,,,,
13006,131,150,3,,,,,All heroes %s,Tất cả anh hùng %s,Semua wira %s,All heroes %s,Semua pahlawan %s,ฮีโร่ทั้งหมด %s,Lahat ng mga bayani %s,9,0.50%,10,0.50%,,,,,,,,
13007,131,200,1,,,,,%s,%s,%s,%s,%s,%s,%s,17,300,19,300,,,,,,,,
13008,131,250,1,,,,,%s,%s,%s,%s,%s,%s,%s,9,3%,10,3%,,,,,,,,
13009,131,300,3,,,,,All heroes %s,Tất cả anh hùng %s,Semua wira %s,All heroes %s,Semua pahlawan %s,ฮีโร่ทั้งหมด %s,Lahat ng mga bayani %s,7,0.50%,8,0.50%,,,,,,,,
13010,131,350,1,,,,,%s,%s,%s,%s,%s,%s,%s,11,300,12,300,,,,,,,,
13011,131,400,1,,,,,%s,%s,%s,%s,%s,%s,%s,22,300,23,300,,,,,,,,
13012,131,450,3,,,,,All heroes %s,Tất cả anh hùng %s,Semua wira %s,All heroes %s,Semua pahlawan %s,ฮีโร่ทั้งหมด %s,Lahat ng mga bayani %s,1,0.50%,,,,,,,,,,
13013,131,500,1,,,,,%s,%s,%s,%s,%s,%s,%s,24,500,,,,,,,,,,
15001,151,20,1,,,,,All basic attributes %s,Tất cả các thuộc tính cơ bản %s,Semua atribut asas %s,All basic attributes %s,Semua atribut dasar %s,คุณสมบัติพื้นฐานทั้งหมด %s,Lahat ng pangunahing katangian %s,7,1%,8,1%,1,1%,9,1%,10,1%,13,1%
15002,151,40,1,,,,,%s,%s,%s,%s,%s,%s,%s,1,3%,,,,,,,,,,
15003,151,60,1,,,,,%s,%s,%s,%s,%s,%s,%s,14,300,15,300,,,,,,,,
15004,151,80,1,,,,,All basic attributes %s,Tất cả các thuộc tính cơ bản %s,Semua atribut asas %s,All basic attributes %s,Semua atribut dasar %s,คุณสมบัติพื้นฐานทั้งหมด %s,Lahat ng pangunahing katangian %s,7,0.50%,8,0.50%,1,0.50%,9,0.50%,10,0.50%,13,0.50%
15005,151,100,1,,,,,%s,%s,%s,%s,%s,%s,%s,7,3%,8,3%,,,,,,,,
15006,151,150,3,,,,,All heroes %s,Tất cả anh hùng %s,Semua wira %s,All heroes %s,Semua pahlawan %s,ฮีโร่ทั้งหมด %s,Lahat ng mga bayani %s,9,0.50%,10,0.50%,,,,,,,,
15007,151,200,1,,,,,%s,%s,%s,%s,%s,%s,%s,17,300,19,300,,,,,,,,
15008,151,250,1,,,,,%s,%s,%s,%s,%s,%s,%s,9,3%,10,3%,,,,,,,,
15009,151,300,3,,,,,All heroes %s,Tất cả anh hùng %s,Semua wira %s,All heroes %s,Semua pahlawan %s,ฮีโร่ทั้งหมด %s,Lahat ng mga bayani %s,7,0.50%,8,0.50%,,,,,,,,
15010,151,350,1,,,,,%s,%s,%s,%s,%s,%s,%s,11,300,12,300,,,,,,,,
15011,151,400,1,,,,,%s,%s,%s,%s,%s,%s,%s,22,300,23,300,,,,,,,,
15012,151,450,3,,,,,All heroes %s,Tất cả anh hùng %s,Semua wira %s,All heroes %s,Semua pahlawan %s,ฮีโร่ทั้งหมด %s,Lahat ng mga bayani %s,9,0.50%,10,0.50%,,,,,,,,
15013,151,500,1,,,,,%s,%s,%s,%s,%s,%s,%s,24,500,,,,,,,,,,
16001,163,20,1,,,,,All basic attributes %s,Tất cả các thuộc tính cơ bản %s,Semua atribut asas %s,All basic attributes %s,Semua atribut dasar %s,คุณสมบัติพื้นฐานทั้งหมด %s,Lahat ng pangunahing katangian %s,7,1%,8,1%,1,1%,9,1%,10,1%,13,1%
16002,163,40,1,,,,,%s,%s,%s,%s,%s,%s,%s,1,3%,,,,,,,,,,
16003,163,60,1,,,,,%s,%s,%s,%s,%s,%s,%s,14,300,15,300,,,,,,,,
16004,163,80,1,,,,,All basic attributes %s,Tất cả các thuộc tính cơ bản %s,Semua atribut asas %s,All basic attributes %s,Semua atribut dasar %s,คุณสมบัติพื้นฐานทั้งหมด %s,Lahat ng pangunahing katangian %s,7,0.60%,8,0.60%,1,0.60%,9,0.60%,10,0.60%,13,0.60%
16005,163,100,1,,,,,%s,%s,%s,%s,%s,%s,%s,7,3%,8,3%,,,,,,,,
16006,163,150,3,,,,,All heroes %s,Tất cả anh hùng %s,Semua wira %s,All heroes %s,Semua pahlawan %s,ฮีโร่ทั้งหมด %s,Lahat ng mga bayani %s,7,0.60%,8,0.60%,,,,,,,,
16007,163,200,1,,,,,%s,%s,%s,%s,%s,%s,%s,17,300,19,300,,,,,,,,
16008,163,250,1,,,,,%s,%s,%s,%s,%s,%s,%s,9,3%,10,3%,,,,,,,,
16009,163,300,3,,,,,All heroes %s,Tất cả anh hùng %s,Semua wira %s,All heroes %s,Semua pahlawan %s,ฮีโร่ทั้งหมด %s,Lahat ng mga bayani %s,1,0.60%,,,,,,,,,,
16010,163,350,1,,,,,%s,%s,%s,%s,%s,%s,%s,11,300,12,300,,,,,,,,
16011,163,400,1,,,,,%s,%s,%s,%s,%s,%s,%s,22,300,23,300,,,,,,,,
16012,163,450,3,,,,,All heroes %s,Tất cả anh hùng %s,Semua wira %s,All heroes %s,Semua pahlawan %s,ฮีโร่ทั้งหมด %s,Lahat ng mga bayani %s,9,0.60%,10,0.60%,,,,,,,,
16013,163,500,1,,,,,%s,%s,%s,%s,%s,%s,%s,24,500,,,,,,,,,,
17001,171,20,1,,,,,All basic attributes %s,Tất cả các thuộc tính cơ bản %s,Semua atribut asas %s,All basic attributes %s,Semua atribut dasar %s,คุณสมบัติพื้นฐานทั้งหมด %s,Lahat ng pangunahing katangian %s,7,1%,8,1%,1,1%,9,1%,10,1%,13,1%
17002,171,40,1,,,,,%s,%s,%s,%s,%s,%s,%s,1,3%,,,,,,,,,,
17003,171,60,1,,,,,%s,%s,%s,%s,%s,%s,%s,14,300,15,300,,,,,,,,
17004,171,80,1,,,,,All basic attributes %s,Tất cả các thuộc tính cơ bản %s,Semua atribut asas %s,All basic attributes %s,Semua atribut dasar %s,คุณสมบัติพื้นฐานทั้งหมด %s,Lahat ng pangunahing katangian %s,7,0.40%,8,0.40%,1,0.40%,9,0.40%,10,0.40%,13,0.40%
17005,171,100,1,,,,,%s,%s,%s,%s,%s,%s,%s,7,3%,8,3%,,,,,,,,
17006,171,150,3,,,,,All heroes %s,Tất cả anh hùng %s,Semua wira %s,All heroes %s,Semua pahlawan %s,ฮีโร่ทั้งหมด %s,Lahat ng mga bayani %s,1,0.40%,,,,,,,,,,
17007,171,200,1,,,,,%s,%s,%s,%s,%s,%s,%s,17,300,19,300,,,,,,,,
17008,171,250,1,,,,,%s,%s,%s,%s,%s,%s,%s,9,3%,10,3%,,,,,,,,
17009,171,300,3,,,,,All heroes %s,Tất cả anh hùng %s,Semua wira %s,All heroes %s,Semua pahlawan %s,ฮีโร่ทั้งหมด %s,Lahat ng mga bayani %s,9,0.40%,10,0.40%,,,,,,,,
17010,171,350,1,,,,,%s,%s,%s,%s,%s,%s,%s,11,300,12,300,,,,,,,,
17011,171,400,1,,,,,%s,%s,%s,%s,%s,%s,%s,22,300,23,300,,,,,,,,
17012,171,450,3,,,,,All heroes %s,Tất cả anh hùng %s,Semua wira %s,All heroes %s,Semua pahlawan %s,ฮีโร่ทั้งหมด %s,Lahat ng mga bayani %s,9,0.40%,10,0.40%,,,,,,,,
17013,171,500,1,,,,,%s,%s,%s,%s,%s,%s,%s,24,500,,,,,,,,,,
19001,191,20,1,,,,,All basic attributes %s,Tất cả các thuộc tính cơ bản %s,Semua atribut asas %s,All basic attributes %s,Semua atribut dasar %s,คุณสมบัติพื้นฐานทั้งหมด %s,Lahat ng pangunahing katangian %s,7,1%,8,1%,1,1%,9,1%,10,1%,13,1%
19002,191,40,1,,,,,%s,%s,%s,%s,%s,%s,%s,1,3%,,,,,,,,,,
19003,191,60,1,,,,,%s,%s,%s,%s,%s,%s,%s,14,300,15,300,,,,,,,,
19004,191,80,1,,,,,All basic attributes %s,Tất cả các thuộc tính cơ bản %s,Semua atribut asas %s,All basic attributes %s,Semua atribut dasar %s,คุณสมบัติพื้นฐานทั้งหมด %s,Lahat ng pangunahing katangian %s,7,0.40%,8,0.40%,1,0.40%,9,0.40%,10,0.40%,13,0.40%
19005,191,100,1,,,,,%s,%s,%s,%s,%s,%s,%s,7,3%,8,3%,,,,,,,,
19006,191,150,3,,,,,All heroes %s,Tất cả anh hùng %s,Semua wira %s,All heroes %s,Semua pahlawan %s,ฮีโร่ทั้งหมด %s,Lahat ng mga bayani %s,7,0.40%,8,0.40%,,,,,,,,
19007,191,200,1,,,,,%s,%s,%s,%s,%s,%s,%s,17,300,19,300,,,,,,,,
19008,191,250,1,,,,,%s,%s,%s,%s,%s,%s,%s,9,3%,10,3%,,,,,,,,
19009,191,300,3,,,,,All heroes %s,Tất cả anh hùng %s,Semua wira %s,All heroes %s,Semua pahlawan %s,ฮีโร่ทั้งหมด %s,Lahat ng mga bayani %s,1,0.40%,,,,,,,,,,
19010,191,350,1,,,,,%s,%s,%s,%s,%s,%s,%s,11,300,12,300,,,,,,,,
19011,191,400,1,,,,,%s,%s,%s,%s,%s,%s,%s,22,300,23,300,,,,,,,,
19012,191,450,3,,,,,All heroes %s,Tất cả anh hùng %s,Semua wira %s,All heroes %s,Semua pahlawan %s,ฮีโร่ทั้งหมด %s,Lahat ng mga bayani %s,9,0.40%,10,0.40%,,,,,,,,
19013,191,500,1,,,,,%s,%s,%s,%s,%s,%s,%s,24,500,,,,,,,,,,
22001,221,20,1,,,,,All basic attributes %s,Tất cả các thuộc tính cơ bản %s,Semua atribut asas %s,All basic attributes %s,Semua atribut dasar %s,คุณสมบัติพื้นฐานทั้งหมด %s,Lahat ng pangunahing katangian %s,7,1%,8,1%,1,1%,9,1%,10,1%,13,1%
22002,221,40,1,,,,,%s,%s,%s,%s,%s,%s,%s,1,3%,,,,,,,,,,
22003,221,60,1,,,,,%s,%s,%s,%s,%s,%s,%s,14,300,15,300,,,,,,,,
22004,221,80,1,,,,,All basic attributes %s,Tất cả các thuộc tính cơ bản %s,Semua atribut asas %s,All basic attributes %s,Semua atribut dasar %s,คุณสมบัติพื้นฐานทั้งหมด %s,Lahat ng pangunahing katangian %s,7,0.50%,8,0.50%,1,0.50%,9,0.50%,10,0.50%,13,0.50%
22005,221,100,1,,,,,%s,%s,%s,%s,%s,%s,%s,7,3%,8,3%,,,,,,,,
22006,221,150,3,,,,,All heroes %s,Tất cả anh hùng %s,Semua wira %s,All heroes %s,Semua pahlawan %s,ฮีโร่ทั้งหมด %s,Lahat ng mga bayani %s,7,0.50%,8,0.50%,,,,,,,,
22007,221,200,1,,,,,%s,%s,%s,%s,%s,%s,%s,17,300,19,300,,,,,,,,
22008,221,250,1,,,,,%s,%s,%s,%s,%s,%s,%s,9,3%,10,3%,,,,,,,,
22009,221,300,3,,,,,All heroes %s,Tất cả anh hùng %s,Semua wira %s,All heroes %s,Semua pahlawan %s,ฮีโร่ทั้งหมด %s,Lahat ng mga bayani %s,1,0.50%,,,,,,,,,,
22010,221,350,1,,,,,%s,%s,%s,%s,%s,%s,%s,11,300,12,300,,,,,,,,
22011,221,400,1,,,,,%s,%s,%s,%s,%s,%s,%s,22,300,23,300,,,,,,,,
22012,221,450,3,,,,,All heroes %s,Tất cả anh hùng %s,Semua wira %s,All heroes %s,Semua pahlawan %s,ฮีโร่ทั้งหมด %s,Lahat ng mga bayani %s,7,0.50%,8,0.50%,,,,,,,,
22013,221,500,1,,,,,%s,%s,%s,%s,%s,%s,%s,24,500,,,,,,,,,,
23001,231,20,1,,,,,All basic attributes %s,Tất cả các thuộc tính cơ bản %s,Semua atribut asas %s,All basic attributes %s,Semua atribut dasar %s,คุณสมบัติพื้นฐานทั้งหมด %s,Lahat ng pangunahing katangian %s,7,1%,8,1%,1,1%,9,1%,10,1%,13,1%
23002,231,40,1,,,,,%s,%s,%s,%s,%s,%s,%s,1,3%,,,,,,,,,,
23003,231,60,1,,,,,%s,%s,%s,%s,%s,%s,%s,14,300,15,300,,,,,,,,
23004,231,80,1,,,,,All basic attributes %s,Tất cả các thuộc tính cơ bản %s,Semua atribut asas %s,All basic attributes %s,Semua atribut dasar %s,คุณสมบัติพื้นฐานทั้งหมด %s,Lahat ng pangunahing katangian %s,7,0.40%,8,0.40%,1,0.40%,9,0.40%,10,0.40%,13,0.40%
23005,231,100,1,,,,,%s,%s,%s,%s,%s,%s,%s,7,3%,8,3%,,,,,,,,
23006,231,150,3,,,,,All heroes %s,Tất cả anh hùng %s,Semua wira %s,All heroes %s,Semua pahlawan %s,ฮีโร่ทั้งหมด %s,Lahat ng mga bayani %s,7,0.40%,8,0.40%,,,,,,,,
23007,231,200,1,,,,,%s,%s,%s,%s,%s,%s,%s,17,300,19,300,,,,,,,,
23008,231,250,1,,,,,%s,%s,%s,%s,%s,%s,%s,9,3%,10,3%,,,,,,,,
23009,231,300,3,,,,,All heroes %s,Tất cả anh hùng %s,Semua wira %s,All heroes %s,Semua pahlawan %s,ฮีโร่ทั้งหมด %s,Lahat ng mga bayani %s,1,0.40%,,,,,,,,,,
23010,231,350,1,,,,,%s,%s,%s,%s,%s,%s,%s,11,300,12,300,,,,,,,,
23011,231,400,1,,,,,%s,%s,%s,%s,%s,%s,%s,22,300,23,300,,,,,,,,
23012,231,450,3,,,,,All heroes %s,Tất cả anh hùng %s,Semua wira %s,All heroes %s,Semua pahlawan %s,ฮีโร่ทั้งหมด %s,Lahat ng mga bayani %s,1,0.40%,,,,,,,,,,
23013,231,500,1,,,,,%s,%s,%s,%s,%s,%s,%s,24,500,,,,,,,,,,
24001,242,20,1,,,,,All basic attributes %s,Tất cả các thuộc tính cơ bản %s,Semua atribut asas %s,All basic attributes %s,Semua atribut dasar %s,คุณสมบัติพื้นฐานทั้งหมด %s,Lahat ng pangunahing katangian %s,7,1%,8,1%,1,1%,9,1%,10,1%,13,1%
24002,242,40,1,,,,,%s,%s,%s,%s,%s,%s,%s,1,3%,,,,,,,,,,
24003,242,60,1,,,,,%s,%s,%s,%s,%s,%s,%s,14,300,15,300,,,,,,,,
24004,242,80,1,,,,,All basic attributes %s,Tất cả các thuộc tính cơ bản %s,Semua atribut asas %s,All basic attributes %s,Semua atribut dasar %s,คุณสมบัติพื้นฐานทั้งหมด %s,Lahat ng pangunahing katangian %s,7,0.60%,8,0.60%,1,0.60%,9,0.60%,10,0.60%,13,0.60%
24005,242,100,1,,,,,%s,%s,%s,%s,%s,%s,%s,7,3%,8,3%,,,,,,,,
24006,242,150,3,,,,,All heroes %s,Tất cả anh hùng %s,Semua wira %s,All heroes %s,Semua pahlawan %s,ฮีโร่ทั้งหมด %s,Lahat ng mga bayani %s,7,0.60%,8,0.60%,,,,,,,,
24007,242,200,1,,,,,%s,%s,%s,%s,%s,%s,%s,17,300,19,300,,,,,,,,
24008,242,250,1,,,,,%s,%s,%s,%s,%s,%s,%s,9,3%,10,3%,,,,,,,,
24009,242,300,3,,,,,All heroes %s,Tất cả anh hùng %s,Semua wira %s,All heroes %s,Semua pahlawan %s,ฮีโร่ทั้งหมด %s,Lahat ng mga bayani %s,1,0.60%,,,,,,,,,,
24010,242,350,1,,,,,%s,%s,%s,%s,%s,%s,%s,11,300,12,300,,,,,,,,
24011,242,400,1,,,,,%s,%s,%s,%s,%s,%s,%s,22,300,23,300,,,,,,,,
24012,242,450,3,,,,,All heroes %s,Tất cả anh hùng %s,Semua wira %s,All heroes %s,Semua pahlawan %s,ฮีโร่ทั้งหมด %s,Lahat ng mga bayani %s,7,0.60%,8,0.60%,,,,,,,,
24013,242,500,1,,,,,%s,%s,%s,%s,%s,%s,%s,24,500,,,,,,,,,,
26001,263,20,1,,,,,All basic attributes %s,Tất cả các thuộc tính cơ bản %s,Semua atribut asas %s,All basic attributes %s,Semua atribut dasar %s,คุณสมบัติพื้นฐานทั้งหมด %s,Lahat ng pangunahing katangian %s,7,1%,8,1%,1,1%,9,1%,10,1%,13,1%
26002,263,40,1,,,,,%s,%s,%s,%s,%s,%s,%s,1,3%,,,,,,,,,,
26003,263,60,1,,,,,%s,%s,%s,%s,%s,%s,%s,14,300,15,300,,,,,,,,
26004,263,80,1,,,,,All basic attributes %s,Tất cả các thuộc tính cơ bản %s,Semua atribut asas %s,All basic attributes %s,Semua atribut dasar %s,คุณสมบัติพื้นฐานทั้งหมด %s,Lahat ng pangunahing katangian %s,7,0.60%,8,0.60%,1,0.60%,9,0.60%,10,0.60%,13,0.60%
26005,263,100,1,,,,,%s,%s,%s,%s,%s,%s,%s,7,3%,8,3%,,,,,,,,
26006,263,150,3,,,,,All heroes %s,Tất cả anh hùng %s,Semua wira %s,All heroes %s,Semua pahlawan %s,ฮีโร่ทั้งหมด %s,Lahat ng mga bayani %s,1,0.60%,,,,,,,,,,
26007,263,200,1,,,,,%s,%s,%s,%s,%s,%s,%s,17,300,19,300,,,,,,,,
26008,263,250,1,,,,,%s,%s,%s,%s,%s,%s,%s,9,3%,10,3%,,,,,,,,
26009,263,300,3,,,,,All heroes %s,Tất cả anh hùng %s,Semua wira %s,All heroes %s,Semua pahlawan %s,ฮีโร่ทั้งหมด %s,Lahat ng mga bayani %s,9,0.60%,10,0.60%,,,,,,,,
26010,263,350,1,,,,,%s,%s,%s,%s,%s,%s,%s,11,300,12,300,,,,,,,,
26011,263,400,1,,,,,%s,%s,%s,%s,%s,%s,%s,22,300,23,300,,,,,,,,
26012,263,450,3,,,,,All heroes %s,Tất cả anh hùng %s,Semua wira %s,All heroes %s,Semua pahlawan %s,ฮีโร่ทั้งหมด %s,Lahat ng mga bayani %s,7,0.60%,8,0.60%,,,,,,,,
26013,263,500,1,,,,,%s,%s,%s,%s,%s,%s,%s,24,500,,,,,,,,,,
27001,273,20,1,,,,,All basic attributes %s,Tất cả các thuộc tính cơ bản %s,Semua atribut asas %s,All basic attributes %s,Semua atribut dasar %s,คุณสมบัติพื้นฐานทั้งหมด %s,Lahat ng pangunahing katangian %s,7,1%,8,1%,1,1%,9,1%,10,1%,13,1%
27002,273,40,1,,,,,%s,%s,%s,%s,%s,%s,%s,1,3%,,,,,,,,,,
27003,273,60,1,,,,,%s,%s,%s,%s,%s,%s,%s,14,300,15,300,,,,,,,,
27004,273,80,1,,,,,All basic attributes %s,Tất cả các thuộc tính cơ bản %s,Semua atribut asas %s,All basic attributes %s,Semua atribut dasar %s,คุณสมบัติพื้นฐานทั้งหมด %s,Lahat ng pangunahing katangian %s,7,0.50%,8,0.50%,1,0.50%,9,0.50%,10,0.50%,13,0.50%
27005,273,100,1,,,,,%s,%s,%s,%s,%s,%s,%s,7,3%,8,3%,,,,,,,,
27006,273,150,3,,,,,All heroes %s,Tất cả anh hùng %s,Semua wira %s,All heroes %s,Semua pahlawan %s,ฮีโร่ทั้งหมด %s,Lahat ng mga bayani %s,1,0.50%,,,,,,,,,,
27007,273,200,1,,,,,%s,%s,%s,%s,%s,%s,%s,17,300,19,300,,,,,,,,
27008,273,250,1,,,,,%s,%s,%s,%s,%s,%s,%s,9,3%,10,3%,,,,,,,,
27009,273,300,3,,,,,All heroes %s,Tất cả anh hùng %s,Semua wira %s,All heroes %s,Semua pahlawan %s,ฮีโร่ทั้งหมด %s,Lahat ng mga bayani %s,9,0.50%,10,0.50%,,,,,,,,
27010,273,350,1,,,,,%s,%s,%s,%s,%s,%s,%s,11,300,12,300,,,,,,,,
27011,273,400,1,,,,,%s,%s,%s,%s,%s,%s,%s,22,300,23,300,,,,,,,,
27012,273,450,3,,,,,All heroes %s,Tất cả anh hùng %s,Semua wira %s,All heroes %s,Semua pahlawan %s,ฮีโร่ทั้งหมด %s,Lahat ng mga bayani %s,7,0.50%,8,0.50%,,,,,,,,
27013,273,500,1,,,,,%s,%s,%s,%s,%s,%s,%s,24,500,,,,,,,,,,
28001,281,20,1,,,,,All basic attributes %s,Tất cả các thuộc tính cơ bản %s,Semua atribut asas %s,All basic attributes %s,Semua atribut dasar %s,คุณสมบัติพื้นฐานทั้งหมด %s,Lahat ng pangunahing katangian %s,7,1%,8,1%,1,1%,9,1%,10,1%,13,1%
28002,281,40,1,,,,,%s,%s,%s,%s,%s,%s,%s,1,3%,,,,,,,,,,
28003,281,60,1,,,,,%s,%s,%s,%s,%s,%s,%s,14,300,15,300,,,,,,,,
28004,281,80,1,,,,,All basic attributes %s,Tất cả các thuộc tính cơ bản %s,Semua atribut asas %s,All basic attributes %s,Semua atribut dasar %s,คุณสมบัติพื้นฐานทั้งหมด %s,Lahat ng pangunahing katangian %s,7,0.50%,8,0.50%,1,0.50%,9,0.50%,10,0.50%,13,0.50%
28005,281,100,1,,,,,%s,%s,%s,%s,%s,%s,%s,7,3%,8,3%,,,,,,,,
28006,281,150,3,,,,,All heroes %s,Tất cả anh hùng %s,Semua wira %s,All heroes %s,Semua pahlawan %s,ฮีโร่ทั้งหมด %s,Lahat ng mga bayani %s,1,0.50%,,,,,,,,,,
28007,281,200,1,,,,,%s,%s,%s,%s,%s,%s,%s,17,300,19,300,,,,,,,,
28008,281,250,1,,,,,%s,%s,%s,%s,%s,%s,%s,9,3%,10,3%,,,,,,,,
28009,281,300,3,,,,,All heroes %s,Tất cả anh hùng %s,Semua wira %s,All heroes %s,Semua pahlawan %s,ฮีโร่ทั้งหมด %s,Lahat ng mga bayani %s,9,0.50%,10,0.50%,,,,,,,,
28010,281,350,1,,,,,%s,%s,%s,%s,%s,%s,%s,11,300,12,300,,,,,,,,
28011,281,400,1,,,,,%s,%s,%s,%s,%s,%s,%s,22,300,23,300,,,,,,,,
28012,281,450,3,,,,,All heroes %s,Tất cả anh hùng %s,Semua wira %s,All heroes %s,Semua pahlawan %s,ฮีโร่ทั้งหมด %s,Lahat ng mga bayani %s,1,0.50%,,,,,,,,,,
28013,281,500,1,,,,,%s,%s,%s,%s,%s,%s,%s,24,500,,,,,,,,,,
30001,301,20,1,,,,,All basic attributes %s,Tất cả các thuộc tính cơ bản %s,Semua atribut asas %s,All basic attributes %s,Semua atribut dasar %s,คุณสมบัติพื้นฐานทั้งหมด %s,Lahat ng pangunahing katangian %s,7,1%,8,1%,1,1%,9,1%,10,1%,13,1%
30002,301,40,1,,,,,%s,%s,%s,%s,%s,%s,%s,1,3%,,,,,,,,,,
30003,301,60,1,,,,,%s,%s,%s,%s,%s,%s,%s,14,300,15,300,,,,,,,,
30004,301,80,1,,,,,All basic attributes %s,Tất cả các thuộc tính cơ bản %s,Semua atribut asas %s,All basic attributes %s,Semua atribut dasar %s,คุณสมบัติพื้นฐานทั้งหมด %s,Lahat ng pangunahing katangian %s,7,0.50%,8,0.50%,1,0.50%,9,0.50%,10,0.50%,13,0.50%
30005,301,100,1,,,,,%s,%s,%s,%s,%s,%s,%s,7,3%,8,3%,,,,,,,,
30006,301,150,3,,,,,All heroes %s,Tất cả anh hùng %s,Semua wira %s,All heroes %s,Semua pahlawan %s,ฮีโร่ทั้งหมด %s,Lahat ng mga bayani %s,9,0.50%,10,0.50%,,,,,,,,
30007,301,200,1,,,,,%s,%s,%s,%s,%s,%s,%s,17,300,19,300,,,,,,,,
30008,301,250,1,,,,,%s,%s,%s,%s,%s,%s,%s,9,3%,10,3%,,,,,,,,
30009,301,300,3,,,,,All heroes %s,Tất cả anh hùng %s,Semua wira %s,All heroes %s,Semua pahlawan %s,ฮีโร่ทั้งหมด %s,Lahat ng mga bayani %s,7,0.50%,8,0.50%,,,,,,,,
30010,301,350,1,,,,,%s,%s,%s,%s,%s,%s,%s,11,300,12,300,,,,,,,,
30011,301,400,1,,,,,%s,%s,%s,%s,%s,%s,%s,22,300,23,300,,,,,,,,
30012,301,450,3,,,,,All heroes %s,Tất cả anh hùng %s,Semua wira %s,All heroes %s,Semua pahlawan %s,ฮีโร่ทั้งหมด %s,Lahat ng mga bayani %s,9,0.50%,10,0.50%,,,,,,,,
30013,301,500,1,,,,,%s,%s,%s,%s,%s,%s,%s,24,500,,,,,,,,,,
33001,333,20,1,,,,,All basic attributes %s,Tất cả các thuộc tính cơ bản %s,Semua atribut asas %s,All basic attributes %s,Semua atribut dasar %s,คุณสมบัติพื้นฐานทั้งหมด %s,Lahat ng pangunahing katangian %s,7,1%,8,1%,1,1%,9,1%,10,1%,13,1%
33002,333,40,1,,,,,%s,%s,%s,%s,%s,%s,%s,1,3%,,,,,,,,,,
33003,333,60,1,,,,,%s,%s,%s,%s,%s,%s,%s,14,300,15,300,,,,,,,,
33004,333,80,1,,,,,All basic attributes %s,Tất cả các thuộc tính cơ bản %s,Semua atribut asas %s,All basic attributes %s,Semua atribut dasar %s,คุณสมบัติพื้นฐานทั้งหมด %s,Lahat ng pangunahing katangian %s,7,0.60%,8,0.60%,1,0.60%,9,0.60%,10,0.60%,13,0.60%
33005,333,100,1,,,,,%s,%s,%s,%s,%s,%s,%s,7,3%,8,3%,,,,,,,,
33006,333,150,3,,,,,All heroes %s,Tất cả anh hùng %s,Semua wira %s,All heroes %s,Semua pahlawan %s,ฮีโร่ทั้งหมด %s,Lahat ng mga bayani %s,1,0.60%,,,,,,,,,,
33007,333,200,1,,,,,%s,%s,%s,%s,%s,%s,%s,17,300,19,300,,,,,,,,
33008,333,250,1,,,,,%s,%s,%s,%s,%s,%s,%s,9,3%,10,3%,,,,,,,,
33009,333,300,3,,,,,All heroes %s,Tất cả anh hùng %s,Semua wira %s,All heroes %s,Semua pahlawan %s,ฮีโร่ทั้งหมด %s,Lahat ng mga bayani %s,9,0.60%,10,0.60%,,,,,,,,
33010,333,350,1,,,,,%s,%s,%s,%s,%s,%s,%s,11,300,12,300,,,,,,,,
33011,333,400,1,,,,,%s,%s,%s,%s,%s,%s,%s,22,300,23,300,,,,,,,,
33012,333,450,3,,,,,All heroes %s,Tất cả anh hùng %s,Semua wira %s,All heroes %s,Semua pahlawan %s,ฮีโร่ทั้งหมด %s,Lahat ng mga bayani %s,1,0.60%,,,,,,,,,,
33013,333,500,1,,,,,%s,%s,%s,%s,%s,%s,%s,24,500,,,,,,,,,,
34001,341,20,1,,,,,All basic attributes %s,Tất cả các thuộc tính cơ bản %s,Semua atribut asas %s,All basic attributes %s,Semua atribut dasar %s,คุณสมบัติพื้นฐานทั้งหมด %s,Lahat ng pangunahing katangian %s,7,1%,8,1%,1,1%,9,1%,10,1%,13,1%
34002,341,40,1,,,,,%s,%s,%s,%s,%s,%s,%s,1,3%,,,,,,,,,,
34003,341,60,1,,,,,%s,%s,%s,%s,%s,%s,%s,14,300,15,300,,,,,,,,
34004,341,80,1,,,,,All basic attributes %s,Tất cả các thuộc tính cơ bản %s,Semua atribut asas %s,All basic attributes %s,Semua atribut dasar %s,คุณสมบัติพื้นฐานทั้งหมด %s,Lahat ng pangunahing katangian %s,7,0.50%,8,0.50%,1,0.50%,9,0.50%,10,0.50%,13,0.50%
34005,341,100,1,,,,,%s,%s,%s,%s,%s,%s,%s,7,3%,8,3%,,,,,,,,
34006,341,150,3,,,,,All heroes %s,Tất cả anh hùng %s,Semua wira %s,All heroes %s,Semua pahlawan %s,ฮีโร่ทั้งหมด %s,Lahat ng mga bayani %s,1,0.50%,,,,,,,,,,
34007,341,200,1,,,,,%s,%s,%s,%s,%s,%s,%s,17,300,19,300,,,,,,,,
34008,341,250,1,,,,,%s,%s,%s,%s,%s,%s,%s,9,3%,10,3%,,,,,,,,
34009,341,300,3,,,,,All heroes %s,Tất cả anh hùng %s,Semua wira %s,All heroes %s,Semua pahlawan %s,ฮีโร่ทั้งหมด %s,Lahat ng mga bayani %s,9,0.50%,10,0.50%,,,,,,,,
34010,341,350,1,,,,,%s,%s,%s,%s,%s,%s,%s,11,300,12,300,,,,,,,,
34011,341,400,1,,,,,%s,%s,%s,%s,%s,%s,%s,22,300,23,300,,,,,,,,
34012,341,450,3,,,,,All heroes %s,Tất cả anh hùng %s,Semua wira %s,All heroes %s,Semua pahlawan %s,ฮีโร่ทั้งหมด %s,Lahat ng mga bayani %s,7,0.50%,8,0.50%,,,,,,,,
34013,341,500,1,,,,,%s,%s,%s,%s,%s,%s,%s,24,500,,,,,,,,,,
35001,351,20,1,,,,,All basic attributes %s,Tất cả các thuộc tính cơ bản %s,Semua atribut asas %s,All basic attributes %s,Semua atribut dasar %s,คุณสมบัติพื้นฐานทั้งหมด %s,Lahat ng pangunahing katangian %s,7,1%,8,1%,1,1%,9,1%,10,1%,13,1%
35002,351,40,1,,,,,%s,%s,%s,%s,%s,%s,%s,1,3%,,,,,,,,,,
35003,351,60,1,,,,,%s,%s,%s,%s,%s,%s,%s,14,300,15,300,,,,,,,,
35004,351,80,1,,,,,All basic attributes %s,Tất cả các thuộc tính cơ bản %s,Semua atribut asas %s,All basic attributes %s,Semua atribut dasar %s,คุณสมบัติพื้นฐานทั้งหมด %s,Lahat ng pangunahing katangian %s,7,0.40%,8,0.40%,1,0.40%,9,0.40%,10,0.40%,13,0.40%
35005,351,100,1,,,,,%s,%s,%s,%s,%s,%s,%s,7,3%,8,3%,,,,,,,,
35006,351,150,3,,,,,All heroes %s,Tất cả anh hùng %s,Semua wira %s,All heroes %s,Semua pahlawan %s,ฮีโร่ทั้งหมด %s,Lahat ng mga bayani %s,9,0.40%,10,0.40%,,,,,,,,
35007,351,200,1,,,,,%s,%s,%s,%s,%s,%s,%s,17,300,19,300,,,,,,,,
35008,351,250,1,,,,,%s,%s,%s,%s,%s,%s,%s,9,3%,10,3%,,,,,,,,
35009,351,300,3,,,,,All heroes %s,Tất cả anh hùng %s,Semua wira %s,All heroes %s,Semua pahlawan %s,ฮีโร่ทั้งหมด %s,Lahat ng mga bayani %s,7,0.40%,8,0.40%,,,,,,,,
35010,351,350,1,,,,,%s,%s,%s,%s,%s,%s,%s,11,300,12,300,,,,,,,,
35011,351,400,1,,,,,%s,%s,%s,%s,%s,%s,%s,22,300,23,300,,,,,,,,
35012,351,450,3,,,,,All heroes %s,Tất cả anh hùng %s,Semua wira %s,All heroes %s,Semua pahlawan %s,ฮีโร่ทั้งหมด %s,Lahat ng mga bayani %s,9,0.40%,10,0.40%,,,,,,,,
35013,351,500,1,,,,,%s,%s,%s,%s,%s,%s,%s,24,500,,,,,,,,,,
37001,371,20,1,,,,,All basic attributes %s,Tất cả các thuộc tính cơ bản %s,Semua atribut asas %s,All basic attributes %s,Semua atribut dasar %s,คุณสมบัติพื้นฐานทั้งหมด %s,Lahat ng pangunahing katangian %s,7,1%,8,1%,1,1%,9,1%,10,1%,13,1%
37002,371,40,1,,,,,%s,%s,%s,%s,%s,%s,%s,1,3%,,,,,,,,,,
37003,371,60,1,,,,,%s,%s,%s,%s,%s,%s,%s,14,300,15,300,,,,,,,,
37004,371,80,1,,,,,All basic attributes %s,Tất cả các thuộc tính cơ bản %s,Semua atribut asas %s,All basic attributes %s,Semua atribut dasar %s,คุณสมบัติพื้นฐานทั้งหมด %s,Lahat ng pangunahing katangian %s,7,0.50%,8,0.50%,1,0.50%,9,0.50%,10,0.50%,13,0.50%
37005,371,100,1,,,,,%s,%s,%s,%s,%s,%s,%s,7,3%,8,3%,,,,,,,,
37006,371,150,3,,,,,All heroes %s,Tất cả anh hùng %s,Semua wira %s,All heroes %s,Semua pahlawan %s,ฮีโร่ทั้งหมด %s,Lahat ng mga bayani %s,9,0.50%,10,0.50%,,,,,,,,
37007,371,200,1,,,,,%s,%s,%s,%s,%s,%s,%s,17,300,19,300,,,,,,,,
37008,371,250,1,,,,,%s,%s,%s,%s,%s,%s,%s,9,3%,10,3%,,,,,,,,
37009,371,300,3,,,,,All heroes %s,Tất cả anh hùng %s,Semua wira %s,All heroes %s,Semua pahlawan %s,ฮีโร่ทั้งหมด %s,Lahat ng mga bayani %s,7,0.50%,8,0.50%,,,,,,,,
37010,371,350,1,,,,,%s,%s,%s,%s,%s,%s,%s,11,300,12,300,,,,,,,,
37011,371,400,1,,,,,%s,%s,%s,%s,%s,%s,%s,22,300,23,300,,,,,,,,
37012,371,450,3,,,,,All heroes %s,Tất cả anh hùng %s,Semua wira %s,All heroes %s,Semua pahlawan %s,ฮีโร่ทั้งหมด %s,Lahat ng mga bayani %s,7,0.50%,8,0.50%,,,,,,,,
37013,371,500,1,,,,,%s,%s,%s,%s,%s,%s,%s,24,500,,,,,,,,,,
38001,381,20,1,,,,,All basic attributes %s,Tất cả các thuộc tính cơ bản %s,Semua atribut asas %s,All basic attributes %s,Semua atribut dasar %s,คุณสมบัติพื้นฐานทั้งหมด %s,Lahat ng pangunahing katangian %s,7,1%,8,1%,1,1%,9,1%,10,1%,13,1%
38002,381,40,1,,,,,%s,%s,%s,%s,%s,%s,%s,1,3%,,,,,,,,,,
38003,381,60,1,,,,,%s,%s,%s,%s,%s,%s,%s,14,300,15,300,,,,,,,,
38004,381,80,1,,,,,All basic attributes %s,Tất cả các thuộc tính cơ bản %s,Semua atribut asas %s,All basic attributes %s,Semua atribut dasar %s,คุณสมบัติพื้นฐานทั้งหมด %s,Lahat ng pangunahing katangian %s,7,0.60%,8,0.60%,1,0.60%,9,0.60%,10,0.60%,13,0.60%
38005,381,100,1,,,,,%s,%s,%s,%s,%s,%s,%s,7,3%,8,3%,,,,,,,,
38006,381,150,3,,,,,All heroes %s,Tất cả anh hùng %s,Semua wira %s,All heroes %s,Semua pahlawan %s,ฮีโร่ทั้งหมด %s,Lahat ng mga bayani %s,1,0.60%,,,,,,,,,,
38007,381,200,1,,,,,%s,%s,%s,%s,%s,%s,%s,17,300,19,300,,,,,,,,
38008,381,250,1,,,,,%s,%s,%s,%s,%s,%s,%s,9,3%,10,3%,,,,,,,,
38009,381,300,3,,,,,All heroes %s,Tất cả anh hùng %s,Semua wira %s,All heroes %s,Semua pahlawan %s,ฮีโร่ทั้งหมด %s,Lahat ng mga bayani %s,9,0.60%,10,0.60%,,,,,,,,
38010,381,350,1,,,,,%s,%s,%s,%s,%s,%s,%s,11,300,12,300,,,,,,,,
38011,381,400,1,,,,,%s,%s,%s,%s,%s,%s,%s,22,300,23,300,,,,,,,,
38012,381,450,3,,,,,All heroes %s,Tất cả anh hùng %s,Semua wira %s,All heroes %s,Semua pahlawan %s,ฮีโร่ทั้งหมด %s,Lahat ng mga bayani %s,9,0.60%,10,0.60%,,,,,,,,
38013,381,500,1,,,,,%s,%s,%s,%s,%s,%s,%s,24,500,,,,,,,,,,
39001,393,20,1,,,,,All basic attributes %s,Tất cả các thuộc tính cơ bản %s,Semua atribut asas %s,All basic attributes %s,Semua atribut dasar %s,คุณสมบัติพื้นฐานทั้งหมด %s,Lahat ng pangunahing katangian %s,7,1%,8,1%,1,1%,9,1%,10,1%,13,1%
39002,393,40,1,,,,,%s,%s,%s,%s,%s,%s,%s,1,3%,,,,,,,,,,
39003,393,60,1,,,,,%s,%s,%s,%s,%s,%s,%s,14,300,15,300,,,,,,,,
39004,393,80,1,,,,,All basic attributes %s,Tất cả các thuộc tính cơ bản %s,Semua atribut asas %s,All basic attributes %s,Semua atribut dasar %s,คุณสมบัติพื้นฐานทั้งหมด %s,Lahat ng pangunahing katangian %s,7,0.60%,8,0.60%,1,0.60%,9,0.60%,10,0.60%,13,0.60%
39005,393,100,1,,,,,%s,%s,%s,%s,%s,%s,%s,7,3%,8,3%,,,,,,,,
39006,393,150,3,,,,,All heroes %s,Tất cả anh hùng %s,Semua wira %s,All heroes %s,Semua pahlawan %s,ฮีโร่ทั้งหมด %s,Lahat ng mga bayani %s,1,0.60%,,,,,,,,,,
39007,393,200,1,,,,,%s,%s,%s,%s,%s,%s,%s,17,300,19,300,,,,,,,,
39008,393,250,1,,,,,%s,%s,%s,%s,%s,%s,%s,9,3%,10,3%,,,,,,,,
39009,393,300,3,,,,,All heroes %s,Tất cả anh hùng %s,Semua wira %s,All heroes %s,Semua pahlawan %s,ฮีโร่ทั้งหมด %s,Lahat ng mga bayani %s,9,0.60%,10,0.60%,,,,,,,,
39010,393,350,1,,,,,%s,%s,%s,%s,%s,%s,%s,11,300,12,300,,,,,,,,
39011,393,400,1,,,,,%s,%s,%s,%s,%s,%s,%s,22,300,23,300,,,,,,,,
39012,393,450,3,,,,,All heroes %s,Tất cả anh hùng %s,Semua wira %s,All heroes %s,Semua pahlawan %s,ฮีโร่ทั้งหมด %s,Lahat ng mga bayani %s,7,0.60%,8,0.60%,,,,,,,,
39013,393,500,1,,,,,%s,%s,%s,%s,%s,%s,%s,24,500,,,,,,,,,,
40001,402,20,1,,,,,All basic attributes %s,Tất cả các thuộc tính cơ bản %s,Semua atribut asas %s,All basic attributes %s,Semua atribut dasar %s,คุณสมบัติพื้นฐานทั้งหมด %s,Lahat ng pangunahing katangian %s,7,1%,8,1%,1,1%,9,1%,10,1%,13,1%
40002,402,40,1,,,,,%s,%s,%s,%s,%s,%s,%s,1,3%,,,,,,,,,,
40003,402,60,1,,,,,%s,%s,%s,%s,%s,%s,%s,14,300,15,300,,,,,,,,
40004,402,80,1,,,,,All basic attributes %s,Tất cả các thuộc tính cơ bản %s,Semua atribut asas %s,All basic attributes %s,Semua atribut dasar %s,คุณสมบัติพื้นฐานทั้งหมด %s,Lahat ng pangunahing katangian %s,7,0.60%,8,0.60%,1,0.60%,9,0.60%,10,0.60%,13,0.60%
40005,402,100,1,,,,,%s,%s,%s,%s,%s,%s,%s,7,3%,8,3%,,,,,,,,
40006,402,150,3,,,,,All heroes %s,Tất cả anh hùng %s,Semua wira %s,All heroes %s,Semua pahlawan %s,ฮีโร่ทั้งหมด %s,Lahat ng mga bayani %s,9,0.60%,10,0.60%,,,,,,,,
40007,402,200,1,,,,,%s,%s,%s,%s,%s,%s,%s,17,300,19,300,,,,,,,,
40008,402,250,1,,,,,%s,%s,%s,%s,%s,%s,%s,9,3%,10,3%,,,,,,,,
40009,402,300,3,,,,,All heroes %s,Tất cả anh hùng %s,Semua wira %s,All heroes %s,Semua pahlawan %s,ฮีโร่ทั้งหมด %s,Lahat ng mga bayani %s,7,0.60%,8,0.60%,,,,,,,,
40010,402,350,1,,,,,%s,%s,%s,%s,%s,%s,%s,11,300,12,300,,,,,,,,
40011,402,400,1,,,,,%s,%s,%s,%s,%s,%s,%s,22,300,23,300,,,,,,,,
40012,402,450,3,,,,,All heroes %s,Tất cả anh hùng %s,Semua wira %s,All heroes %s,Semua pahlawan %s,ฮีโร่ทั้งหมด %s,Lahat ng mga bayani %s,9,0.60%,10,0.60%,,,,,,,,
40013,402,500,1,,,,,%s,%s,%s,%s,%s,%s,%s,24,500,,,,,,,,,,
45001,451,20,1,,,,,All basic attributes %s,Tất cả các thuộc tính cơ bản %s,Semua atribut asas %s,All basic attributes %s,Semua atribut dasar %s,คุณสมบัติพื้นฐานทั้งหมด %s,Lahat ng pangunahing katangian %s,7,1%,8,1%,1,1%,9,1%,10,1%,13,1%
45002,451,40,1,,,,,%s,%s,%s,%s,%s,%s,%s,1,3%,,,,,,,,,,
45003,451,60,1,,,,,%s,%s,%s,%s,%s,%s,%s,14,300,15,300,,,,,,,,
45004,451,80,1,,,,,All basic attributes %s,Tất cả các thuộc tính cơ bản %s,Semua atribut asas %s,All basic attributes %s,Semua atribut dasar %s,คุณสมบัติพื้นฐานทั้งหมด %s,Lahat ng pangunahing katangian %s,7,0.40%,8,0.40%,1,0.40%,9,0.40%,10,0.40%,13,0.40%
45005,451,100,1,,,,,%s,%s,%s,%s,%s,%s,%s,7,3%,8,3%,,,,,,,,
45006,451,150,3,,,,,All heroes %s,Tất cả anh hùng %s,Semua wira %s,All heroes %s,Semua pahlawan %s,ฮีโร่ทั้งหมด %s,Lahat ng mga bayani %s,9,0.40%,10,0.40%,,,,,,,,
45007,451,200,1,,,,,%s,%s,%s,%s,%s,%s,%s,17,300,19,300,,,,,,,,
45008,451,250,1,,,,,%s,%s,%s,%s,%s,%s,%s,9,3%,10,3%,,,,,,,,
45009,451,300,3,,,,,All heroes %s,Tất cả anh hùng %s,Semua wira %s,All heroes %s,Semua pahlawan %s,ฮีโร่ทั้งหมด %s,Lahat ng mga bayani %s,7,0.40%,8,0.40%,,,,,,,,
45010,451,350,1,,,,,%s,%s,%s,%s,%s,%s,%s,11,300,12,300,,,,,,,,
45011,451,400,1,,,,,%s,%s,%s,%s,%s,%s,%s,22,300,23,300,,,,,,,,
45012,451,450,3,,,,,All heroes %s,Tất cả anh hùng %s,Semua wira %s,All heroes %s,Semua pahlawan %s,ฮีโร่ทั้งหมด %s,Lahat ng mga bayani %s,7,0.40%,8,0.40%,,,,,,,,
45013,451,500,1,,,,,%s,%s,%s,%s,%s,%s,%s,24,500,,,,,,,,,,
46001,461,20,1,,,,,All basic attributes %s,Tất cả các thuộc tính cơ bản %s,Semua atribut asas %s,All basic attributes %s,Semua atribut dasar %s,คุณสมบัติพื้นฐานทั้งหมด %s,Lahat ng pangunahing katangian %s,7,1%,8,1%,1,1%,9,1%,10,1%,13,1%
46002,461,40,1,,,,,%s,%s,%s,%s,%s,%s,%s,1,3%,,,,,,,,,,
46003,461,60,1,,,,,%s,%s,%s,%s,%s,%s,%s,14,300,15,300,,,,,,,,
46004,461,80,1,,,,,All basic attributes %s,Tất cả các thuộc tính cơ bản %s,Semua atribut asas %s,All basic attributes %s,Semua atribut dasar %s,คุณสมบัติพื้นฐานทั้งหมด %s,Lahat ng pangunahing katangian %s,7,0.50%,8,0.50%,1,0.50%,9,0.50%,10,0.50%,13,0.50%
46005,461,100,1,,,,,%s,%s,%s,%s,%s,%s,%s,7,3%,8,3%,,,,,,,,
46006,461,150,3,,,,,All heroes %s,Tất cả anh hùng %s,Semua wira %s,All heroes %s,Semua pahlawan %s,ฮีโร่ทั้งหมด %s,Lahat ng mga bayani %s,1,0.50%,,,,,,,,,,
46007,461,200,1,,,,,%s,%s,%s,%s,%s,%s,%s,17,300,19,300,,,,,,,,
46008,461,250,1,,,,,%s,%s,%s,%s,%s,%s,%s,9,3%,10,3%,,,,,,,,
46009,461,300,3,,,,,All heroes %s,Tất cả anh hùng %s,Semua wira %s,All heroes %s,Semua pahlawan %s,ฮีโร่ทั้งหมด %s,Lahat ng mga bayani %s,9,0.50%,10,0.50%,,,,,,,,
46010,461,350,1,,,,,%s,%s,%s,%s,%s,%s,%s,11,300,12,300,,,,,,,,
46011,461,400,1,,,,,%s,%s,%s,%s,%s,%s,%s,22,300,23,300,,,,,,,,
46012,461,450,3,,,,,All heroes %s,Tất cả anh hùng %s,Semua wira %s,All heroes %s,Semua pahlawan %s,ฮีโร่ทั้งหมด %s,Lahat ng mga bayani %s,9,0.50%,10,0.50%,,,,,,,,
46013,461,500,1,,,,,%s,%s,%s,%s,%s,%s,%s,24,500,,,,,,,,,,
47001,471,20,1,,,,,All basic attributes %s,Tất cả các thuộc tính cơ bản %s,Semua atribut asas %s,All basic attributes %s,Semua atribut dasar %s,คุณสมบัติพื้นฐานทั้งหมด %s,Lahat ng pangunahing katangian %s,7,1%,8,1%,1,1%,9,1%,10,1%,13,1%
47002,471,40,1,,,,,%s,%s,%s,%s,%s,%s,%s,1,3%,,,,,,,,,,
47003,471,60,1,,,,,%s,%s,%s,%s,%s,%s,%s,14,300,15,300,,,,,,,,
47004,471,80,1,,,,,All basic attributes %s,Tất cả các thuộc tính cơ bản %s,Semua atribut asas %s,All basic attributes %s,Semua atribut dasar %s,คุณสมบัติพื้นฐานทั้งหมด %s,Lahat ng pangunahing katangian %s,7,0.50%,8,0.50%,1,0.50%,9,0.50%,10,0.50%,13,0.50%
47005,471,100,1,,,,,%s,%s,%s,%s,%s,%s,%s,7,3%,8,3%,,,,,,,,
47006,471,150,3,,,,,All heroes %s,Tất cả anh hùng %s,Semua wira %s,All heroes %s,Semua pahlawan %s,ฮีโร่ทั้งหมด %s,Lahat ng mga bayani %s,7,0.50%,8,0.50%,,,,,,,,
47007,471,200,1,,,,,%s,%s,%s,%s,%s,%s,%s,17,300,19,300,,,,,,,,
47008,471,250,1,,,,,%s,%s,%s,%s,%s,%s,%s,9,3%,10,3%,,,,,,,,
47009,471,300,3,,,,,All heroes %s,Tất cả anh hùng %s,Semua wira %s,All heroes %s,Semua pahlawan %s,ฮีโร่ทั้งหมด %s,Lahat ng mga bayani %s,1,0.50%,,,,,,,,,,
47010,471,350,1,,,,,%s,%s,%s,%s,%s,%s,%s,11,300,12,300,,,,,,,,
47011,471,400,1,,,,,%s,%s,%s,%s,%s,%s,%s,22,300,23,300,,,,,,,,
47012,471,450,3,,,,,All heroes %s,Tất cả anh hùng %s,Semua wira %s,All heroes %s,Semua pahlawan %s,ฮีโร่ทั้งหมด %s,Lahat ng mga bayani %s,1,0.50%,,,,,,,,,,
47013,471,500,1,,,,,%s,%s,%s,%s,%s,%s,%s,24,500,,,,,,,,,,
48001,481,20,1,,,,,All basic attributes %s,Tất cả các thuộc tính cơ bản %s,Semua atribut asas %s,All basic attributes %s,Semua atribut dasar %s,คุณสมบัติพื้นฐานทั้งหมด %s,Lahat ng pangunahing katangian %s,7,1%,8,1%,1,1%,9,1%,10,1%,13,1%
48002,481,40,1,,,,,%s,%s,%s,%s,%s,%s,%s,1,3%,,,,,,,,,,
48003,481,60,1,,,,,%s,%s,%s,%s,%s,%s,%s,14,300,15,300,,,,,,,,
48004,481,80,1,,,,,All basic attributes %s,Tất cả các thuộc tính cơ bản %s,Semua atribut asas %s,All basic attributes %s,Semua atribut dasar %s,คุณสมบัติพื้นฐานทั้งหมด %s,Lahat ng pangunahing katangian %s,7,0.50%,8,0.50%,1,0.50%,9,0.50%,10,0.50%,13,0.50%
48005,481,100,1,,,,,%s,%s,%s,%s,%s,%s,%s,7,3%,8,3%,,,,,,,,
48006,481,150,3,,,,,All heroes %s,Tất cả anh hùng %s,Semua wira %s,All heroes %s,Semua pahlawan %s,ฮีโร่ทั้งหมด %s,Lahat ng mga bayani %s,1,0.50%,,,,,,,,,,
48007,481,200,1,,,,,%s,%s,%s,%s,%s,%s,%s,17,300,19,300,,,,,,,,
48008,481,250,1,,,,,%s,%s,%s,%s,%s,%s,%s,9,3%,10,3%,,,,,,,,
48009,481,300,3,,,,,All heroes %s,Tất cả anh hùng %s,Semua wira %s,All heroes %s,Semua pahlawan %s,ฮีโร่ทั้งหมด %s,Lahat ng mga bayani %s,9,0.50%,10,0.50%,,,,,,,,
48010,481,350,1,,,,,%s,%s,%s,%s,%s,%s,%s,11,300,12,300,,,,,,,,
48011,481,400,1,,,,,%s,%s,%s,%s,%s,%s,%s,22,300,23,300,,,,,,,,
48012,481,450,3,,,,,All heroes %s,Tất cả anh hùng %s,Semua wira %s,All heroes %s,Semua pahlawan %s,ฮีโร่ทั้งหมด %s,Lahat ng mga bayani %s,9,0.50%,10,0.50%,,,,,,,,
48013,481,500,1,,,,,%s,%s,%s,%s,%s,%s,%s,24,500,,,,,,,,,,
49001,493,20,1,,,,,All basic attributes %s,Tất cả các thuộc tính cơ bản %s,Semua atribut asas %s,All basic attributes %s,Semua atribut dasar %s,คุณสมบัติพื้นฐานทั้งหมด %s,Lahat ng pangunahing katangian %s,7,1%,8,1%,1,1%,9,1%,10,1%,13,1%
49002,493,40,1,,,,,%s,%s,%s,%s,%s,%s,%s,1,3%,,,,,,,,,,
49003,493,60,1,,,,,%s,%s,%s,%s,%s,%s,%s,14,300,15,300,,,,,,,,
49004,493,80,1,,,,,All basic attributes %s,Tất cả các thuộc tính cơ bản %s,Semua atribut asas %s,All basic attributes %s,Semua atribut dasar %s,คุณสมบัติพื้นฐานทั้งหมด %s,Lahat ng pangunahing katangian %s,7,0.60%,8,0.60%,1,0.60%,9,0.60%,10,0.60%,13,0.60%
49005,493,100,1,,,,,%s,%s,%s,%s,%s,%s,%s,7,3%,8,3%,,,,,,,,
49006,493,150,3,,,,,All heroes %s,Tất cả anh hùng %s,Semua wira %s,All heroes %s,Semua pahlawan %s,ฮีโร่ทั้งหมด %s,Lahat ng mga bayani %s,1,0.60%,,,,,,,,,,
49007,493,200,1,,,,,%s,%s,%s,%s,%s,%s,%s,17,300,19,300,,,,,,,,
49008,493,250,1,,,,,%s,%s,%s,%s,%s,%s,%s,9,3%,10,3%,,,,,,,,
49009,493,300,3,,,,,All heroes %s,Tất cả anh hùng %s,Semua wira %s,All heroes %s,Semua pahlawan %s,ฮีโร่ทั้งหมด %s,Lahat ng mga bayani %s,9,0.60%,10,0.60%,,,,,,,,
49010,493,350,1,,,,,%s,%s,%s,%s,%s,%s,%s,11,300,12,300,,,,,,,,
49011,493,400,1,,,,,%s,%s,%s,%s,%s,%s,%s,22,300,23,300,,,,,,,,
49012,493,450,3,,,,,All heroes %s,Tất cả anh hùng %s,Semua wira %s,All heroes %s,Semua pahlawan %s,ฮีโร่ทั้งหมด %s,Lahat ng mga bayani %s,7,0.60%,8,0.60%,,,,,,,,
49013,493,500,1,,,,,%s,%s,%s,%s,%s,%s,%s,24,500,,,,,,,,,,
50001,503,20,1,,,,,All basic attributes %s,Tất cả các thuộc tính cơ bản %s,Semua atribut asas %s,All basic attributes %s,Semua atribut dasar %s,คุณสมบัติพื้นฐานทั้งหมด %s,Lahat ng pangunahing katangian %s,7,1%,8,1%,1,1%,9,1%,10,1%,13,1%
50002,503,40,1,,,,,%s,%s,%s,%s,%s,%s,%s,1,3%,,,,,,,,,,
50003,503,60,1,,,,,%s,%s,%s,%s,%s,%s,%s,14,300,15,300,,,,,,,,
50004,503,80,1,,,,,All basic attributes %s,Tất cả các thuộc tính cơ bản %s,Semua atribut asas %s,All basic attributes %s,Semua atribut dasar %s,คุณสมบัติพื้นฐานทั้งหมด %s,Lahat ng pangunahing katangian %s,7,0.60%,8,0.60%,1,0.60%,9,0.60%,10,0.60%,13,0.60%
50005,503,100,1,,,,,%s,%s,%s,%s,%s,%s,%s,7,3%,8,3%,,,,,,,,
50006,503,150,3,,,,,All heroes %s,Tất cả anh hùng %s,Semua wira %s,All heroes %s,Semua pahlawan %s,ฮีโร่ทั้งหมด %s,Lahat ng mga bayani %s,9,0.60%,10,0.60%,,,,,,,,
50007,503,200,1,,,,,%s,%s,%s,%s,%s,%s,%s,17,300,19,300,,,,,,,,
50008,503,250,1,,,,,%s,%s,%s,%s,%s,%s,%s,9,3%,10,3%,,,,,,,,
50009,503,300,3,,,,,All heroes %s,Tất cả anh hùng %s,Semua wira %s,All heroes %s,Semua pahlawan %s,ฮีโร่ทั้งหมด %s,Lahat ng mga bayani %s,7,0.60%,8,0.60%,,,,,,,,
50010,503,350,1,,,,,%s,%s,%s,%s,%s,%s,%s,11,300,12,300,,,,,,,,
50011,503,400,1,,,,,%s,%s,%s,%s,%s,%s,%s,22,300,23,300,,,,,,,,
50012,503,450,3,,,,,All heroes %s,Tất cả anh hùng %s,Semua wira %s,All heroes %s,Semua pahlawan %s,ฮีโร่ทั้งหมด %s,Lahat ng mga bayani %s,7,0.60%,8,0.60%,,,,,,,,
50013,503,500,1,,,,,%s,%s,%s,%s,%s,%s,%s,28,500,,,,,,,,,,
54001,541,20,1,,,,,All basic attributes %s,Tất cả các thuộc tính cơ bản %s,Semua atribut asas %s,All basic attributes %s,Semua atribut dasar %s,คุณสมบัติพื้นฐานทั้งหมด %s,Lahat ng pangunahing katangian %s,7,1%,8,1%,1,1%,9,1%,10,1%,13,1%
54002,541,40,1,,,,,%s,%s,%s,%s,%s,%s,%s,1,3%,,,,,,,,,,
54003,541,60,1,,,,,%s,%s,%s,%s,%s,%s,%s,14,300,15,300,,,,,,,,
54004,541,80,1,,,,,All basic attributes %s,Tất cả các thuộc tính cơ bản %s,Semua atribut asas %s,All basic attributes %s,Semua atribut dasar %s,คุณสมบัติพื้นฐานทั้งหมด %s,Lahat ng pangunahing katangian %s,7,0.40%,8,0.40%,1,0.40%,9,0.40%,10,0.40%,13,0.40%
54005,541,100,1,,,,,%s,%s,%s,%s,%s,%s,%s,7,3%,8,3%,,,,,,,,
54006,541,150,3,,,,,All heroes %s,Tất cả anh hùng %s,Semua wira %s,All heroes %s,Semua pahlawan %s,ฮีโร่ทั้งหมด %s,Lahat ng mga bayani %s,7,0.40%,8,0.40%,,,,,,,,
54007,541,200,1,,,,,%s,%s,%s,%s,%s,%s,%s,17,300,19,300,,,,,,,,
54008,541,250,1,,,,,%s,%s,%s,%s,%s,%s,%s,9,3%,10,3%,,,,,,,,
54009,541,300,3,,,,,All heroes %s,Tất cả anh hùng %s,Semua wira %s,All heroes %s,Semua pahlawan %s,ฮีโร่ทั้งหมด %s,Lahat ng mga bayani %s,1,0.40%,,,,,,,,,,
54010,541,350,1,,,,,%s,%s,%s,%s,%s,%s,%s,11,300,12,300,,,,,,,,
54011,541,400,1,,,,,%s,%s,%s,%s,%s,%s,%s,22,300,23,300,,,,,,,,
54012,541,450,3,,,,,All heroes %s,Tất cả anh hùng %s,Semua wira %s,All heroes %s,Semua pahlawan %s,ฮีโร่ทั้งหมด %s,Lahat ng mga bayani %s,9,0.40%,10,0.40%,,,,,,,,
54013,541,500,1,,,,,%s,%s,%s,%s,%s,%s,%s,24,500,,,,,,,,,,
55001,552,20,1,,,,,All basic attributes %s,Tất cả các thuộc tính cơ bản %s,Semua atribut asas %s,All basic attributes %s,Semua atribut dasar %s,คุณสมบัติพื้นฐานทั้งหมด %s,Lahat ng pangunahing katangian %s,7,1%,8,1%,1,1%,9,1%,10,1%,13,1%
55002,552,40,1,,,,,%s,%s,%s,%s,%s,%s,%s,1,3%,,,,,,,,,,
55003,552,60,1,,,,,%s,%s,%s,%s,%s,%s,%s,14,300,15,300,,,,,,,,
55004,552,80,1,,,,,All basic attributes %s,Tất cả các thuộc tính cơ bản %s,Semua atribut asas %s,All basic attributes %s,Semua atribut dasar %s,คุณสมบัติพื้นฐานทั้งหมด %s,Lahat ng pangunahing katangian %s,7,0.50%,8,0.50%,1,0.50%,9,0.50%,10,0.50%,13,0.50%
55005,552,100,1,,,,,%s,%s,%s,%s,%s,%s,%s,7,3%,8,3%,,,,,,,,
55006,552,150,3,,,,,All heroes %s,Tất cả anh hùng %s,Semua wira %s,All heroes %s,Semua pahlawan %s,ฮีโร่ทั้งหมด %s,Lahat ng mga bayani %s,1,0.50%,,,,,,,,,,
55007,552,200,1,,,,,%s,%s,%s,%s,%s,%s,%s,17,300,19,300,,,,,,,,
55008,552,250,1,,,,,%s,%s,%s,%s,%s,%s,%s,9,3%,10,3%,,,,,,,,
55009,552,300,3,,,,,All heroes %s,Tất cả anh hùng %s,Semua wira %s,All heroes %s,Semua pahlawan %s,ฮีโร่ทั้งหมด %s,Lahat ng mga bayani %s,9,0.50%,10,0.50%,,,,,,,,
55010,552,350,1,,,,,%s,%s,%s,%s,%s,%s,%s,11,300,12,300,,,,,,,,
55011,552,400,1,,,,,%s,%s,%s,%s,%s,%s,%s,22,300,23,300,,,,,,,,
55012,552,450,3,,,,,All heroes %s,Tất cả anh hùng %s,Semua wira %s,All heroes %s,Semua pahlawan %s,ฮีโร่ทั้งหมด %s,Lahat ng mga bayani %s,7,0.50%,8,0.50%,,,,,,,,
55013,552,500,1,,,,,%s,%s,%s,%s,%s,%s,%s,24,500,,,,,,,,,,
57001,572,20,1,,,,,All basic attributes %s,Tất cả các thuộc tính cơ bản %s,Semua atribut asas %s,All basic attributes %s,Semua atribut dasar %s,คุณสมบัติพื้นฐานทั้งหมด %s,Lahat ng pangunahing katangian %s,7,1%,8,1%,1,1%,9,1%,10,1%,13,1%
57002,572,40,1,,,,,%s,%s,%s,%s,%s,%s,%s,1,3%,,,,,,,,,,
57003,572,60,1,,,,,%s,%s,%s,%s,%s,%s,%s,14,300,15,300,,,,,,,,
57004,572,80,1,,,,,All basic attributes %s,Tất cả các thuộc tính cơ bản %s,Semua atribut asas %s,All basic attributes %s,Semua atribut dasar %s,คุณสมบัติพื้นฐานทั้งหมด %s,Lahat ng pangunahing katangian %s,7,0.60%,8,0.60%,1,0.60%,9,0.60%,10,0.60%,13,0.60%
57005,572,100,1,,,,,%s,%s,%s,%s,%s,%s,%s,7,3%,8,3%,,,,,,,,
57006,572,150,3,,,,,All heroes %s,Tất cả anh hùng %s,Semua wira %s,All heroes %s,Semua pahlawan %s,ฮีโร่ทั้งหมด %s,Lahat ng mga bayani %s,9,0.60%,10,0.60%,,,,,,,,
57007,572,200,1,,,,,%s,%s,%s,%s,%s,%s,%s,17,300,19,300,,,,,,,,
57008,572,250,1,,,,,%s,%s,%s,%s,%s,%s,%s,9,3%,10,3%,,,,,,,,
57009,572,300,3,,,,,All heroes %s,Tất cả anh hùng %s,Semua wira %s,All heroes %s,Semua pahlawan %s,ฮีโร่ทั้งหมด %s,Lahat ng mga bayani %s,7,0.60%,8,0.60%,,,,,,,,
57010,572,350,1,,,,,%s,%s,%s,%s,%s,%s,%s,11,300,12,300,,,,,,,,
57011,572,400,1,,,,,%s,%s,%s,%s,%s,%s,%s,22,300,23,300,,,,,,,,
57012,572,450,3,,,,,All heroes %s,Tất cả anh hùng %s,Semua wira %s,All heroes %s,Semua pahlawan %s,ฮีโร่ทั้งหมด %s,Lahat ng mga bayani %s,7,0.60%,8,0.60%,,,,,,,,
57013,572,500,1,,,,,%s,%s,%s,%s,%s,%s,%s,24,500,,,,,,,,,,
59001,593,20,1,,,,,All basic attributes %s,Tất cả các thuộc tính cơ bản %s,Semua atribut asas %s,All basic attributes %s,Semua atribut dasar %s,คุณสมบัติพื้นฐานทั้งหมด %s,Lahat ng pangunahing katangian %s,7,1%,8,1%,1,1%,9,1%,10,1%,13,1%
59002,593,40,1,,,,,%s,%s,%s,%s,%s,%s,%s,1,3%,,,,,,,,,,
59003,593,60,1,,,,,%s,%s,%s,%s,%s,%s,%s,14,300,15,300,,,,,,,,
59004,593,80,1,,,,,All basic attributes %s,Tất cả các thuộc tính cơ bản %s,Semua atribut asas %s,All basic attributes %s,Semua atribut dasar %s,คุณสมบัติพื้นฐานทั้งหมด %s,Lahat ng pangunahing katangian %s,7,0.60%,8,0.60%,1,0.60%,9,0.60%,10,0.60%,13,0.60%
59005,593,100,1,,,,,%s,%s,%s,%s,%s,%s,%s,7,3%,8,3%,,,,,,,,
59006,593,150,3,,,,,All heroes %s,Tất cả anh hùng %s,Semua wira %s,All heroes %s,Semua pahlawan %s,ฮีโร่ทั้งหมด %s,Lahat ng mga bayani %s,9,0.60%,10,0.60%,,,,,,,,
59007,593,200,1,,,,,%s,%s,%s,%s,%s,%s,%s,17,300,19,300,,,,,,,,
59008,593,250,1,,,,,%s,%s,%s,%s,%s,%s,%s,9,3%,10,3%,,,,,,,,
59009,593,300,3,,,,,All heroes %s,Tất cả anh hùng %s,Semua wira %s,All heroes %s,Semua pahlawan %s,ฮีโร่ทั้งหมด %s,Lahat ng mga bayani %s,7,0.60%,8,0.60%,,,,,,,,
59010,593,350,1,,,,,%s,%s,%s,%s,%s,%s,%s,11,300,12,300,,,,,,,,
59011,593,400,1,,,,,%s,%s,%s,%s,%s,%s,%s,22,300,23,300,,,,,,,,
59012,593,450,3,,,,,All heroes %s,Tất cả anh hùng %s,Semua wira %s,All heroes %s,Semua pahlawan %s,ฮีโร่ทั้งหมด %s,Lahat ng mga bayani %s,9,0.60%,10,0.60%,,,,,,,,
59013,593,500,1,,,,,%s,%s,%s,%s,%s,%s,%s,24,500,,,,,,,,,,
60001,603,20,1,,,,,All basic attributes %s,Tất cả các thuộc tính cơ bản %s,Semua atribut asas %s,All basic attributes %s,Semua atribut dasar %s,คุณสมบัติพื้นฐานทั้งหมด %s,Lahat ng pangunahing katangian %s,7,1%,8,1%,1,1%,9,1%,10,1%,13,1%
60002,603,40,1,,,,,%s,%s,%s,%s,%s,%s,%s,1,3%,,,,,,,,,,
60003,603,60,1,,,,,%s,%s,%s,%s,%s,%s,%s,14,300,15,300,,,,,,,,
60004,603,80,1,,,,,All basic attributes %s,Tất cả các thuộc tính cơ bản %s,Semua atribut asas %s,All basic attributes %s,Semua atribut dasar %s,คุณสมบัติพื้นฐานทั้งหมด %s,Lahat ng pangunahing katangian %s,7,0.60%,8,0.60%,1,0.60%,9,0.60%,10,0.60%,13,0.60%
60005,603,100,1,,,,,%s,%s,%s,%s,%s,%s,%s,7,3%,8,3%,,,,,,,,
60006,603,150,3,,,,,All heroes %s,Tất cả anh hùng %s,Semua wira %s,All heroes %s,Semua pahlawan %s,ฮีโร่ทั้งหมด %s,Lahat ng mga bayani %s,7,0.60%,8,0.60%,,,,,,,,
60007,603,200,1,,,,,%s,%s,%s,%s,%s,%s,%s,17,300,19,300,,,,,,,,
60008,603,250,1,,,,,%s,%s,%s,%s,%s,%s,%s,9,3%,10,3%,,,,,,,,
60009,603,300,3,,,,,All heroes %s,Tất cả anh hùng %s,Semua wira %s,All heroes %s,Semua pahlawan %s,ฮีโร่ทั้งหมด %s,Lahat ng mga bayani %s,1,0.60%,,,,,,,,,,
60010,603,350,1,,,,,%s,%s,%s,%s,%s,%s,%s,11,300,12,300,,,,,,,,
60011,603,400,1,,,,,%s,%s,%s,%s,%s,%s,%s,22,300,23,300,,,,,,,,
60012,603,450,3,,,,,All heroes %s,Tất cả anh hùng %s,Semua wira %s,All heroes %s,Semua pahlawan %s,ฮีโร่ทั้งหมด %s,Lahat ng mga bayani %s,9,0.60%,10,0.60%,,,,,,,,
60013,603,500,1,,,,,%s,%s,%s,%s,%s,%s,%s,24,500,,,,,,,,,,
61001,611,20,1,,,,,All basic attributes %s,Tất cả các thuộc tính cơ bản %s,Semua atribut asas %s,All basic attributes %s,Semua atribut dasar %s,คุณสมบัติพื้นฐานทั้งหมด %s,Lahat ng pangunahing katangian %s,7,1%,8,1%,1,1%,9,1%,10,1%,13,1%
61002,611,40,1,,,,,%s,%s,%s,%s,%s,%s,%s,1,3%,,,,,,,,,,
61003,611,60,1,,,,,%s,%s,%s,%s,%s,%s,%s,14,300,15,300,,,,,,,,
61004,611,80,1,,,,,All basic attributes %s,Tất cả các thuộc tính cơ bản %s,Semua atribut asas %s,All basic attributes %s,Semua atribut dasar %s,คุณสมบัติพื้นฐานทั้งหมด %s,Lahat ng pangunahing katangian %s,7,0.60%,8,0.60%,1,0.60%,9,0.60%,10,0.60%,13,0.60%
61005,611,100,1,,,,,%s,%s,%s,%s,%s,%s,%s,7,3%,8,3%,,,,,,,,
61006,611,150,3,,,,,All heroes %s,Tất cả anh hùng %s,Semua wira %s,All heroes %s,Semua pahlawan %s,ฮีโร่ทั้งหมด %s,Lahat ng mga bayani %s,1,0.60%,,,,,,,,,,
61007,611,200,1,,,,,%s,%s,%s,%s,%s,%s,%s,17,300,19,300,,,,,,,,
61008,611,250,1,,,,,%s,%s,%s,%s,%s,%s,%s,9,3%,10,3%,,,,,,,,
61009,611,300,3,,,,,All heroes %s,Tất cả anh hùng %s,Semua wira %s,All heroes %s,Semua pahlawan %s,ฮีโร่ทั้งหมด %s,Lahat ng mga bayani %s,9,0.60%,10,0.60%,,,,,,,,
61010,611,350,1,,,,,%s,%s,%s,%s,%s,%s,%s,11,300,12,300,,,,,,,,
61011,611,400,1,,,,,%s,%s,%s,%s,%s,%s,%s,22,300,23,300,,,,,,,,
61012,611,450,3,,,,,All heroes %s,Tất cả anh hùng %s,Semua wira %s,All heroes %s,Semua pahlawan %s,ฮีโร่ทั้งหมด %s,Lahat ng mga bayani %s,1,0.60%,,,,,,,,,,
61013,611,500,1,,,,,%s,%s,%s,%s,%s,%s,%s,24,500,,,,,,,,,,
63001,631,20,1,,,,,All basic attributes %s,Tất cả các thuộc tính cơ bản %s,Semua atribut asas %s,All basic attributes %s,Semua atribut dasar %s,คุณสมบัติพื้นฐานทั้งหมด %s,Lahat ng pangunahing katangian %s,7,1%,8,1%,1,1%,9,1%,10,1%,13,1%
63002,631,40,1,,,,,%s,%s,%s,%s,%s,%s,%s,1,3%,,,,,,,,,,
63003,631,60,1,,,,,%s,%s,%s,%s,%s,%s,%s,14,300,15,300,,,,,,,,
63004,631,80,1,,,,,All basic attributes %s,Tất cả các thuộc tính cơ bản %s,Semua atribut asas %s,All basic attributes %s,Semua atribut dasar %s,คุณสมบัติพื้นฐานทั้งหมด %s,Lahat ng pangunahing katangian %s,7,0.60%,8,0.60%,1,0.60%,9,0.60%,10,0.60%,13,0.60%
63005,631,100,1,,,,,%s,%s,%s,%s,%s,%s,%s,7,3%,8,3%,,,,,,,,
63006,631,150,3,,,,,All heroes %s,Tất cả anh hùng %s,Semua wira %s,All heroes %s,Semua pahlawan %s,ฮีโร่ทั้งหมด %s,Lahat ng mga bayani %s,9,0.60%,10,0.60%,,,,,,,,
63007,631,200,1,,,,,%s,%s,%s,%s,%s,%s,%s,17,300,19,300,,,,,,,,
63008,631,250,1,,,,,%s,%s,%s,%s,%s,%s,%s,9,3%,10,3%,,,,,,,,
63009,631,300,3,,,,,All heroes %s,Tất cả anh hùng %s,Semua wira %s,All heroes %s,Semua pahlawan %s,ฮีโร่ทั้งหมด %s,Lahat ng mga bayani %s,7,0.60%,8,0.60%,,,,,,,,
63010,631,350,1,,,,,%s,%s,%s,%s,%s,%s,%s,11,300,12,300,,,,,,,,
63011,631,400,1,,,,,%s,%s,%s,%s,%s,%s,%s,22,300,23,300,,,,,,,,
63012,631,450,3,,,,,All heroes %s,Tất cả anh hùng %s,Semua wira %s,All heroes %s,Semua pahlawan %s,ฮีโร่ทั้งหมด %s,Lahat ng mga bayani %s,1,0.60%,,,,,,,,,,
63013,631,500,1,,,,,%s,%s,%s,%s,%s,%s,%s,24,500,,,,,,,,,,
64001,641,20,1,,,,,All basic attributes %s,Tất cả các thuộc tính cơ bản %s,Semua atribut asas %s,All basic attributes %s,Semua atribut dasar %s,คุณสมบัติพื้นฐานทั้งหมด %s,Lahat ng pangunahing katangian %s,7,1%,8,1%,1,1%,9,1%,10,1%,13,1%
64002,641,40,1,,,,,%s,%s,%s,%s,%s,%s,%s,1,3%,,,,,,,,,,
64003,641,60,1,,,,,%s,%s,%s,%s,%s,%s,%s,14,300,15,300,,,,,,,,
64004,641,80,1,,,,,All basic attributes %s,Tất cả các thuộc tính cơ bản %s,Semua atribut asas %s,All basic attributes %s,Semua atribut dasar %s,คุณสมบัติพื้นฐานทั้งหมด %s,Lahat ng pangunahing katangian %s,7,0.60%,8,0.60%,1,0.60%,9,0.60%,10,0.60%,13,0.60%
64005,641,100,1,,,,,%s,%s,%s,%s,%s,%s,%s,7,3%,8,3%,,,,,,,,
64006,641,150,3,,,,,All heroes %s,Tất cả anh hùng %s,Semua wira %s,All heroes %s,Semua pahlawan %s,ฮีโร่ทั้งหมด %s,Lahat ng mga bayani %s,7,0.60%,8,0.60%,,,,,,,,
64007,641,200,1,,,,,%s,%s,%s,%s,%s,%s,%s,17,300,19,300,,,,,,,,
64008,641,250,1,,,,,%s,%s,%s,%s,%s,%s,%s,9,3%,10,3%,,,,,,,,
64009,641,300,3,,,,,All heroes %s,Tất cả anh hùng %s,Semua wira %s,All heroes %s,Semua pahlawan %s,ฮีโร่ทั้งหมด %s,Lahat ng mga bayani %s,1,0.60%,,,,,,,,,,
64010,641,350,1,,,,,%s,%s,%s,%s,%s,%s,%s,11,300,12,300,,,,,,,,
64011,641,400,1,,,,,%s,%s,%s,%s,%s,%s,%s,22,300,23,300,,,,,,,,
64012,641,450,3,,,,,All heroes %s,Tất cả anh hùng %s,Semua wira %s,All heroes %s,Semua pahlawan %s,ฮีโร่ทั้งหมด %s,Lahat ng mga bayani %s,9,0.60%,10,0.60%,,,,,,,,
64013,641,500,1,,,,,%s,%s,%s,%s,%s,%s,%s,24,500,,,,,,,,,,
69001,692,20,1,,,,,All basic attributes %s,Tất cả các thuộc tính cơ bản %s,Semua atribut asas %s,All basic attributes %s,Semua atribut dasar %s,คุณสมบัติพื้นฐานทั้งหมด %s,Lahat ng pangunahing katangian %s,7,1%,8,1%,1,1%,9,1%,10,1%,13,1%
69002,692,40,1,,,,,%s,%s,%s,%s,%s,%s,%s,1,3%,,,,,,,,,,
69003,692,60,1,,,,,%s,%s,%s,%s,%s,%s,%s,14,300,15,300,,,,,,,,
69004,692,80,1,,,,,All basic attributes %s,Tất cả các thuộc tính cơ bản %s,Semua atribut asas %s,All basic attributes %s,Semua atribut dasar %s,คุณสมบัติพื้นฐานทั้งหมด %s,Lahat ng pangunahing katangian %s,7,0.50%,8,0.50%,1,0.50%,9,0.50%,10,0.50%,13,0.50%
69005,692,100,1,,,,,%s,%s,%s,%s,%s,%s,%s,7,3%,8,3%,,,,,,,,
69006,692,150,3,,,,,All heroes %s,Tất cả anh hùng %s,Semua wira %s,All heroes %s,Semua pahlawan %s,ฮีโร่ทั้งหมด %s,Lahat ng mga bayani %s,9,0.50%,10,0.50%,,,,,,,,
69007,692,200,1,,,,,%s,%s,%s,%s,%s,%s,%s,17,300,19,300,,,,,,,,
69008,692,250,1,,,,,%s,%s,%s,%s,%s,%s,%s,9,3%,10,3%,,,,,,,,
69009,692,300,3,,,,,All heroes %s,Tất cả anh hùng %s,Semua wira %s,All heroes %s,Semua pahlawan %s,ฮีโร่ทั้งหมด %s,Lahat ng mga bayani %s,7,0.50%,8,0.50%,,,,,,,,
69010,692,350,1,,,,,%s,%s,%s,%s,%s,%s,%s,11,300,12,300,,,,,,,,
69011,692,400,1,,,,,%s,%s,%s,%s,%s,%s,%s,22,300,23,300,,,,,,,,
69012,692,450,3,,,,,All heroes %s,Tất cả anh hùng %s,Semua wira %s,All heroes %s,Semua pahlawan %s,ฮีโร่ทั้งหมด %s,Lahat ng mga bayani %s,1,0.50%,,,,,,,,,,
69013,692,500,1,,,,,%s,%s,%s,%s,%s,%s,%s,24,500,,,,,,,,,,
70001,701,20,1,,,,,All basic attributes %s,Tất cả các thuộc tính cơ bản %s,Semua atribut asas %s,All basic attributes %s,Semua atribut dasar %s,คุณสมบัติพื้นฐานทั้งหมด %s,Lahat ng pangunahing katangian %s,7,1%,8,1%,1,1%,9,1%,10,1%,13,1%
70002,701,40,1,,,,,%s,%s,%s,%s,%s,%s,%s,1,3%,,,,,,,,,,
70003,701,60,1,,,,,%s,%s,%s,%s,%s,%s,%s,14,300,15,300,,,,,,,,
70004,701,80,1,,,,,All basic attributes %s,Tất cả các thuộc tính cơ bản %s,Semua atribut asas %s,All basic attributes %s,Semua atribut dasar %s,คุณสมบัติพื้นฐานทั้งหมด %s,Lahat ng pangunahing katangian %s,7,0.60%,8,0.60%,1,0.60%,9,0.60%,10,0.60%,13,0.60%
70005,701,100,1,,,,,%s,%s,%s,%s,%s,%s,%s,7,3%,8,3%,,,,,,,,
70006,701,150,3,,,,,All heroes %s,Tất cả anh hùng %s,Semua wira %s,All heroes %s,Semua pahlawan %s,ฮีโร่ทั้งหมด %s,Lahat ng mga bayani %s,1,0.60%,,,,,,,,,,
70007,701,200,1,,,,,%s,%s,%s,%s,%s,%s,%s,17,300,19,300,,,,,,,,
70008,701,250,1,,,,,%s,%s,%s,%s,%s,%s,%s,9,3%,10,3%,,,,,,,,
70009,701,300,3,,,,,All heroes %s,Tất cả anh hùng %s,Semua wira %s,All heroes %s,Semua pahlawan %s,ฮีโร่ทั้งหมด %s,Lahat ng mga bayani %s,9,0.60%,10,0.60%,,,,,,,,
70010,701,350,1,,,,,%s,%s,%s,%s,%s,%s,%s,11,300,12,300,,,,,,,,
70011,701,400,1,,,,,%s,%s,%s,%s,%s,%s,%s,22,300,23,300,,,,,,,,
70012,701,450,3,,,,,All heroes %s,Tất cả anh hùng %s,Semua wira %s,All heroes %s,Semua pahlawan %s,ฮีโร่ทั้งหมด %s,Lahat ng mga bayani %s,7,0.60%,8,0.60%,,,,,,,,
70013,701,500,1,,,,,%s,%s,%s,%s,%s,%s,%s,24,500,,,,,,,,,,
71001,712,20,1,,,,,All basic attributes %s,Tất cả các thuộc tính cơ bản %s,Semua atribut asas %s,All basic attributes %s,Semua atribut dasar %s,คุณสมบัติพื้นฐานทั้งหมด %s,Lahat ng pangunahing katangian %s,7,1%,8,1%,1,1%,9,1%,10,1%,13,1%
71002,712,40,1,,,,,%s,%s,%s,%s,%s,%s,%s,1,3%,,,,,,,,,,
71003,712,60,1,,,,,%s,%s,%s,%s,%s,%s,%s,14,300,15,300,,,,,,,,
71004,712,80,1,,,,,All basic attributes %s,Tất cả các thuộc tính cơ bản %s,Semua atribut asas %s,All basic attributes %s,Semua atribut dasar %s,คุณสมบัติพื้นฐานทั้งหมด %s,Lahat ng pangunahing katangian %s,7,0.60%,8,0.60%,1,0.60%,9,0.60%,10,0.60%,13,0.60%
71005,712,100,1,,,,,%s,%s,%s,%s,%s,%s,%s,7,3%,8,3%,,,,,,,,
71006,712,150,3,,,,,All heroes %s,Tất cả anh hùng %s,Semua wira %s,All heroes %s,Semua pahlawan %s,ฮีโร่ทั้งหมด %s,Lahat ng mga bayani %s,1,0.60%,,,,,,,,,,
71007,712,200,1,,,,,%s,%s,%s,%s,%s,%s,%s,17,300,19,300,,,,,,,,
71008,712,250,1,,,,,%s,%s,%s,%s,%s,%s,%s,9,3%,10,3%,,,,,,,,
71009,712,300,3,,,,,All heroes %s,Tất cả anh hùng %s,Semua wira %s,All heroes %s,Semua pahlawan %s,ฮีโร่ทั้งหมด %s,Lahat ng mga bayani %s,9,0.60%,10,0.60%,,,,,,,,
71010,712,350,1,,,,,%s,%s,%s,%s,%s,%s,%s,11,300,12,300,,,,,,,,
71011,712,400,1,,,,,%s,%s,%s,%s,%s,%s,%s,22,300,23,300,,,,,,,,
71012,712,450,3,,,,,All heroes %s,Tất cả anh hùng %s,Semua wira %s,All heroes %s,Semua pahlawan %s,ฮีโร่ทั้งหมด %s,Lahat ng mga bayani %s,9,0.60%,10,0.60%,,,,,,,,
71013,712,500,1,,,,,%s,%s,%s,%s,%s,%s,%s,24,500,,,,,,,,,,
72001,721,20,1,,,,,All basic attributes %s,Tất cả các thuộc tính cơ bản %s,Semua atribut asas %s,All basic attributes %s,Semua atribut dasar %s,คุณสมบัติพื้นฐานทั้งหมด %s,Lahat ng pangunahing katangian %s,7,1%,8,1%,1,1%,9,1%,10,1%,13,1%
72002,721,40,1,,,,,%s,%s,%s,%s,%s,%s,%s,1,3%,,,,,,,,,,
72003,721,60,1,,,,,%s,%s,%s,%s,%s,%s,%s,14,300,15,300,,,,,,,,
72004,721,80,1,,,,,All basic attributes %s,Tất cả các thuộc tính cơ bản %s,Semua atribut asas %s,All basic attributes %s,Semua atribut dasar %s,คุณสมบัติพื้นฐานทั้งหมด %s,Lahat ng pangunahing katangian %s,7,0.60%,8,0.60%,1,0.60%,9,0.60%,10,0.60%,13,0.60%
72005,721,100,1,,,,,%s,%s,%s,%s,%s,%s,%s,7,3%,8,3%,,,,,,,,
72006,721,150,3,,,,,All heroes %s,Tất cả anh hùng %s,Semua wira %s,All heroes %s,Semua pahlawan %s,ฮีโร่ทั้งหมด %s,Lahat ng mga bayani %s,1,0.60%,,,,,,,,,,
72007,721,200,1,,,,,%s,%s,%s,%s,%s,%s,%s,17,300,19,300,,,,,,,,
72008,721,250,1,,,,,%s,%s,%s,%s,%s,%s,%s,9,3%,10,3%,,,,,,,,
72009,721,300,3,,,,,All heroes %s,Tất cả anh hùng %s,Semua wira %s,All heroes %s,Semua pahlawan %s,ฮีโร่ทั้งหมด %s,Lahat ng mga bayani %s,9,0.60%,10,0.60%,,,,,,,,
72010,721,350,1,,,,,%s,%s,%s,%s,%s,%s,%s,11,300,12,300,,,,,,,,
72011,721,400,1,,,,,%s,%s,%s,%s,%s,%s,%s,22,300,23,300,,,,,,,,
72012,721,450,3,,,,,All heroes %s,Tất cả anh hùng %s,Semua wira %s,All heroes %s,Semua pahlawan %s,ฮีโร่ทั้งหมด %s,Lahat ng mga bayani %s,9,0.60%,10,0.60%,,,,,,,,
72013,721,500,1,,,,,%s,%s,%s,%s,%s,%s,%s,24,500,,,,,,,,,,
73001,731,20,1,,,,,All basic attributes %s,Tất cả các thuộc tính cơ bản %s,Semua atribut asas %s,All basic attributes %s,Semua atribut dasar %s,คุณสมบัติพื้นฐานทั้งหมด %s,Lahat ng pangunahing katangian %s,7,1%,8,1%,1,1%,9,1%,10,1%,13,1%
73002,731,40,1,,,,,%s,%s,%s,%s,%s,%s,%s,1,3%,,,,,,,,,,
73003,731,60,1,,,,,%s,%s,%s,%s,%s,%s,%s,14,300,15,300,,,,,,,,
73004,731,80,1,,,,,All basic attributes %s,Tất cả các thuộc tính cơ bản %s,Semua atribut asas %s,All basic attributes %s,Semua atribut dasar %s,คุณสมบัติพื้นฐานทั้งหมด %s,Lahat ng pangunahing katangian %s,7,0.60%,8,0.60%,1,0.60%,9,0.60%,10,0.60%,13,0.60%
73005,731,100,1,,,,,%s,%s,%s,%s,%s,%s,%s,7,3%,8,3%,,,,,,,,
73006,731,150,3,,,,,All heroes %s,Tất cả anh hùng %s,Semua wira %s,All heroes %s,Semua pahlawan %s,ฮีโร่ทั้งหมด %s,Lahat ng mga bayani %s,9,0.60%,10,0.60%,,,,,,,,
73007,731,200,1,,,,,%s,%s,%s,%s,%s,%s,%s,17,300,19,300,,,,,,,,
73008,731,250,1,,,,,%s,%s,%s,%s,%s,%s,%s,9,3%,10,3%,,,,,,,,
73009,731,300,3,,,,,All heroes %s,Tất cả anh hùng %s,Semua wira %s,All heroes %s,Semua pahlawan %s,ฮีโร่ทั้งหมด %s,Lahat ng mga bayani %s,7,0.60%,8,0.60%,,,,,,,,
73010,731,350,1,,,,,%s,%s,%s,%s,%s,%s,%s,11,300,12,300,,,,,,,,
73011,731,400,1,,,,,%s,%s,%s,%s,%s,%s,%s,22,300,23,300,,,,,,,,
73012,731,450,3,,,,,All heroes %s,Tất cả anh hùng %s,Semua wira %s,All heroes %s,Semua pahlawan %s,ฮีโร่ทั้งหมด %s,Lahat ng mga bayani %s,9,0.60%,10,0.60%,,,,,,,,
73013,731,500,1,,,,,%s,%s,%s,%s,%s,%s,%s,24,500,,,,,,,,,,
74001,741,20,1,,,,,All basic attributes %s,Tất cả các thuộc tính cơ bản %s,Semua atribut asas %s,All basic attributes %s,Semua atribut dasar %s,คุณสมบัติพื้นฐานทั้งหมด %s,Lahat ng pangunahing katangian %s,7,1%,8,1%,1,1%,9,1%,10,1%,13,1%
74002,741,40,1,,,,,%s,%s,%s,%s,%s,%s,%s,1,3%,,,,,,,,,,
74003,741,60,1,,,,,%s,%s,%s,%s,%s,%s,%s,14,300,15,300,,,,,,,,
74004,741,80,1,,,,,All basic attributes %s,Tất cả các thuộc tính cơ bản %s,Semua atribut asas %s,All basic attributes %s,Semua atribut dasar %s,คุณสมบัติพื้นฐานทั้งหมด %s,Lahat ng pangunahing katangian %s,7,0.60%,8,0.60%,1,0.60%,9,0.60%,10,0.60%,13,0.60%
74005,741,100,1,,,,,%s,%s,%s,%s,%s,%s,%s,7,3%,8,3%,,,,,,,,
74006,741,150,3,,,,,All heroes %s,Tất cả anh hùng %s,Semua wira %s,All heroes %s,Semua pahlawan %s,ฮีโร่ทั้งหมด %s,Lahat ng mga bayani %s,7,0.60%,8,0.60%,,,,,,,,
74007,741,200,1,,,,,%s,%s,%s,%s,%s,%s,%s,17,300,19,300,,,,,,,,
74008,741,250,1,,,,,%s,%s,%s,%s,%s,%s,%s,9,3%,10,3%,,,,,,,,
74009,741,300,3,,,,,All heroes %s,Tất cả anh hùng %s,Semua wira %s,All heroes %s,Semua pahlawan %s,ฮีโร่ทั้งหมด %s,Lahat ng mga bayani %s,1,0.60%,,,,,,,,,,
74010,741,350,1,,,,,%s,%s,%s,%s,%s,%s,%s,11,300,12,300,,,,,,,,
74011,741,400,1,,,,,%s,%s,%s,%s,%s,%s,%s,22,300,23,300,,,,,,,,
74012,741,450,3,,,,,All heroes %s,Tất cả anh hùng %s,Semua wira %s,All heroes %s,Semua pahlawan %s,ฮีโร่ทั้งหมด %s,Lahat ng mga bayani %s,7,0.60%,8,0.60%,,,,,,,,
74013,741,500,1,,,,,%s,%s,%s,%s,%s,%s,%s,24,500,,,,,,,,,,
75001,751,20,1,,,,,All basic attributes %s,Tất cả các thuộc tính cơ bản %s,Semua atribut asas %s,All basic attributes %s,Semua atribut dasar %s,คุณสมบัติพื้นฐานทั้งหมด %s,Lahat ng pangunahing katangian %s,7,1%,8,1%,1,1%,9,1%,10,1%,13,1%
75002,751,40,1,,,,,%s,%s,%s,%s,%s,%s,%s,1,3%,,,,,,,,,,
75003,751,60,1,,,,,%s,%s,%s,%s,%s,%s,%s,14,300,15,300,,,,,,,,
75004,751,80,1,,,,,All basic attributes %s,Tất cả các thuộc tính cơ bản %s,Semua atribut asas %s,All basic attributes %s,Semua atribut dasar %s,คุณสมบัติพื้นฐานทั้งหมด %s,Lahat ng pangunahing katangian %s,7,0.60%,8,0.60%,1,0.60%,9,0.60%,10,0.60%,13,0.60%
75005,751,100,1,,,,,%s,%s,%s,%s,%s,%s,%s,7,3%,8,3%,,,,,,,,
75006,751,150,3,,,,,All heroes %s,Tất cả anh hùng %s,Semua wira %s,All heroes %s,Semua pahlawan %s,ฮีโร่ทั้งหมด %s,Lahat ng mga bayani %s,9,0.60%,10,0.60%,,,,,,,,
75007,751,200,1,,,,,%s,%s,%s,%s,%s,%s,%s,17,300,19,300,,,,,,,,
75008,751,250,1,,,,,%s,%s,%s,%s,%s,%s,%s,9,3%,10,3%,,,,,,,,
75009,751,300,3,,,,,All heroes %s,Tất cả anh hùng %s,Semua wira %s,All heroes %s,Semua pahlawan %s,ฮีโร่ทั้งหมด %s,Lahat ng mga bayani %s,7,0.60%,8,0.60%,,,,,,,,
75010,751,350,1,,,,,%s,%s,%s,%s,%s,%s,%s,11,300,12,300,,,,,,,,
75011,751,400,1,,,,,%s,%s,%s,%s,%s,%s,%s,22,300,23,300,,,,,,,,
75012,751,450,3,,,,,All heroes %s,Tất cả anh hùng %s,Semua wira %s,All heroes %s,Semua pahlawan %s,ฮีโร่ทั้งหมด %s,Lahat ng mga bayani %s,9,0.60%,10,0.60%,,,,,,,,
75013,751,500,1,,,,,%s,%s,%s,%s,%s,%s,%s,24,500,,,,,,,,,,
76001,761,20,1,,,,,All basic attributes %s,Tất cả các thuộc tính cơ bản %s,Semua atribut asas %s,All basic attributes %s,Semua atribut dasar %s,คุณสมบัติพื้นฐานทั้งหมด %s,Lahat ng pangunahing katangian %s,7,1%,8,1%,1,1%,9,1%,10,1%,13,1%
76002,761,40,1,,,,,%s,%s,%s,%s,%s,%s,%s,1,3%,,,,,,,,,,
76003,761,60,1,,,,,%s,%s,%s,%s,%s,%s,%s,14,300,15,300,,,,,,,,
76004,761,80,1,,,,,All basic attributes %s,Tất cả các thuộc tính cơ bản %s,Semua atribut asas %s,All basic attributes %s,Semua atribut dasar %s,คุณสมบัติพื้นฐานทั้งหมด %s,Lahat ng pangunahing katangian %s,7,1%,8,1%,1,1%,9,1%,10,1%,13,1%
76005,761,100,1,,,,,%s,%s,%s,%s,%s,%s,%s,7,3%,8,3%,,,,,,,,
76006,761,150,3,,,,,All heroes %s,Tất cả anh hùng %s,Semua wira %s,All heroes %s,Semua pahlawan %s,ฮีโร่ทั้งหมด %s,Lahat ng mga bayani %s,7,1.00%,8,1.00%,,,,,,,,
76007,761,200,1,,,,,%s,%s,%s,%s,%s,%s,%s,17,300,19,300,,,,,,,,
76008,761,250,1,,,,,%s,%s,%s,%s,%s,%s,%s,9,3%,10,3%,,,,,,,,
76009,761,300,3,,,,,All heroes %s,Tất cả anh hùng %s,Semua wira %s,All heroes %s,Semua pahlawan %s,ฮีโร่ทั้งหมด %s,Lahat ng mga bayani %s,1,1%,,,,,,,,,,
76010,761,350,1,,,,,%s,%s,%s,%s,%s,%s,%s,11,300,12,300,,,,,,,,
76011,761,400,1,,,,,%s,%s,%s,%s,%s,%s,%s,22,300,23,300,,,,,,,,
76012,761,450,3,,,,,All heroes %s,Tất cả anh hùng %s,Semua wira %s,All heroes %s,Semua pahlawan %s,ฮีโร่ทั้งหมด %s,Lahat ng mga bayani %s,9,1.00%,10,1.00%,,,,,,,,
76013,761,500,1,,,,,%s,%s,%s,%s,%s,%s,%s,24,500,,,,,,,,,,
77001,771,20,1,,,,,All basic attributes %s,Tất cả các thuộc tính cơ bản %s,Semua atribut asas %s,All basic attributes %s,Semua atribut dasar %s,คุณสมบัติพื้นฐานทั้งหมด %s,Lahat ng pangunahing katangian %s,7,1%,8,1%,1,1%,9,1%,10,1%,13,1%
77002,771,40,1,,,,,%s,%s,%s,%s,%s,%s,%s,1,3%,,,,,,,,,,
77003,771,60,1,,,,,%s,%s,%s,%s,%s,%s,%s,14,300,15,300,,,,,,,,
77004,771,80,1,,,,,All basic attributes %s,Tất cả các thuộc tính cơ bản %s,Semua atribut asas %s,All basic attributes %s,Semua atribut dasar %s,คุณสมบัติพื้นฐานทั้งหมด %s,Lahat ng pangunahing katangian %s,7,0.60%,8,0.60%,1,0.60%,9,0.60%,10,0.60%,13,0.60%
77005,771,100,1,,,,,%s,%s,%s,%s,%s,%s,%s,7,3%,8,3%,,,,,,,,
77006,771,150,3,,,,,All heroes %s,Tất cả anh hùng %s,Semua wira %s,All heroes %s,Semua pahlawan %s,ฮีโร่ทั้งหมด %s,Lahat ng mga bayani %s,1,0.60%,,,,,,,,,,
77007,771,200,1,,,,,%s,%s,%s,%s,%s,%s,%s,17,300,19,300,,,,,,,,
77008,771,250,1,,,,,%s,%s,%s,%s,%s,%s,%s,9,3%,10,3%,,,,,,,,
77009,771,300,3,,,,,All heroes %s,Tất cả anh hùng %s,Semua wira %s,All heroes %s,Semua pahlawan %s,ฮีโร่ทั้งหมด %s,Lahat ng mga bayani %s,9,0.60%,10,0.60%,,,,,,,,
77010,771,350,1,,,,,%s,%s,%s,%s,%s,%s,%s,11,300,12,300,,,,,,,,
77011,771,400,1,,,,,%s,%s,%s,%s,%s,%s,%s,22,300,23,300,,,,,,,,
77012,771,450,3,,,,,All heroes %s,Tất cả anh hùng %s,Semua wira %s,All heroes %s,Semua pahlawan %s,ฮีโร่ทั้งหมด %s,Lahat ng mga bayani %s,7,0.60%,8,0.60%,,,,,,,,
77013,771,500,1,,,,,%s,%s,%s,%s,%s,%s,%s,24,500,,,,,,,,,,
78001,781,20,1,,,,,All basic attributes %s,Tất cả các thuộc tính cơ bản %s,Semua atribut asas %s,All basic attributes %s,Semua atribut dasar %s,คุณสมบัติพื้นฐานทั้งหมด %s,Lahat ng pangunahing katangian %s,7,1%,8,1%,1,1%,9,1%,10,1%,13,1%
78002,781,40,1,,,,,%s,%s,%s,%s,%s,%s,%s,1,3%,,,,,,,,,,
78003,781,60,1,,,,,%s,%s,%s,%s,%s,%s,%s,14,300,15,300,,,,,,,,
78004,781,80,1,,,,,All basic attributes %s,Tất cả các thuộc tính cơ bản %s,Semua atribut asas %s,All basic attributes %s,Semua atribut dasar %s,คุณสมบัติพื้นฐานทั้งหมด %s,Lahat ng pangunahing katangian %s,7,0.50%,8,0.50%,1,0.50%,9,0.50%,10,0.50%,13,0.50%
78005,781,100,1,,,,,%s,%s,%s,%s,%s,%s,%s,7,3%,8,3%,,,,,,,,
78006,781,150,3,,,,,All heroes %s,Tất cả anh hùng %s,Semua wira %s,All heroes %s,Semua pahlawan %s,ฮีโร่ทั้งหมด %s,Lahat ng mga bayani %s,1,0.50%,,,,,,,,,,
78007,781,200,1,,,,,%s,%s,%s,%s,%s,%s,%s,17,300,19,300,,,,,,,,
78008,781,250,1,,,,,%s,%s,%s,%s,%s,%s,%s,9,3%,10,3%,,,,,,,,
78009,781,300,3,,,,,All heroes %s,Tất cả anh hùng %s,Semua wira %s,All heroes %s,Semua pahlawan %s,ฮีโร่ทั้งหมด %s,Lahat ng mga bayani %s,9,0.50%,10,0.50%,,,,,,,,
78010,781,350,1,,,,,%s,%s,%s,%s,%s,%s,%s,11,300,12,300,,,,,,,,
78011,781,400,1,,,,,%s,%s,%s,%s,%s,%s,%s,22,300,23,300,,,,,,,,
78012,781,450,3,,,,,All heroes %s,Tất cả anh hùng %s,Semua wira %s,All heroes %s,Semua pahlawan %s,ฮีโร่ทั้งหมด %s,Lahat ng mga bayani %s,9,0.50%,10,0.50%,,,,,,,,
78013,781,500,1,,,,,%s,%s,%s,%s,%s,%s,%s,28,500,,,,,,,,,,
79001,793,20,1,,,,,All basic attributes %s,Tất cả các thuộc tính cơ bản %s,Semua atribut asas %s,All basic attributes %s,Semua atribut dasar %s,คุณสมบัติพื้นฐานทั้งหมด %s,Lahat ng pangunahing katangian %s,7,1%,8,1%,1,1%,9,1%,10,1%,13,1%
79002,793,40,1,,,,,%s,%s,%s,%s,%s,%s,%s,1,3%,,,,,,,,,,
79003,793,60,1,,,,,%s,%s,%s,%s,%s,%s,%s,14,300,15,300,,,,,,,,
79004,793,80,1,,,,,All basic attributes %s,Tất cả các thuộc tính cơ bản %s,Semua atribut asas %s,All basic attributes %s,Semua atribut dasar %s,คุณสมบัติพื้นฐานทั้งหมด %s,Lahat ng pangunahing katangian %s,7,0.50%,8,0.50%,1,0.50%,9,0.50%,10,0.50%,13,0.50%
79005,793,100,1,,,,,%s,%s,%s,%s,%s,%s,%s,7,3%,8,3%,,,,,,,,
79006,793,150,3,,,,,All heroes %s,Tất cả anh hùng %s,Semua wira %s,All heroes %s,Semua pahlawan %s,ฮีโร่ทั้งหมด %s,Lahat ng mga bayani %s,7,0.50%,8,0.50%,,,,,,,,
79007,793,200,1,,,,,%s,%s,%s,%s,%s,%s,%s,17,300,19,300,,,,,,,,
79008,793,250,1,,,,,%s,%s,%s,%s,%s,%s,%s,9,3%,10,3%,,,,,,,,
79009,793,300,3,,,,,All heroes %s,Tất cả anh hùng %s,Semua wira %s,All heroes %s,Semua pahlawan %s,ฮีโร่ทั้งหมด %s,Lahat ng mga bayani %s,1,0.50%,,,,,,,,,,
79010,793,350,1,,,,,%s,%s,%s,%s,%s,%s,%s,11,300,12,300,,,,,,,,
79011,793,400,1,,,,,%s,%s,%s,%s,%s,%s,%s,22,300,23,300,,,,,,,,
79012,793,450,3,,,,,All heroes %s,Tất cả anh hùng %s,Semua wira %s,All heroes %s,Semua pahlawan %s,ฮีโร่ทั้งหมด %s,Lahat ng mga bayani %s,1,0.50%,,,,,,,,,,
79013,793,500,1,,,,,%s,%s,%s,%s,%s,%s,%s,24,500,,,,,,,,,,
80001,801,20,1,,,,,All basic attributes %s,Tất cả các thuộc tính cơ bản %s,Semua atribut asas %s,All basic attributes %s,Semua atribut dasar %s,คุณสมบัติพื้นฐานทั้งหมด %s,Lahat ng pangunahing katangian %s,7,1%,8,1%,1,1%,9,1%,10,1%,13,1%
80002,801,40,1,,,,,%s,%s,%s,%s,%s,%s,%s,1,3%,,,,,,,,,,
80003,801,60,1,,,,,%s,%s,%s,%s,%s,%s,%s,14,300,15,300,,,,,,,,
80004,801,80,1,,,,,All basic attributes %s,Tất cả các thuộc tính cơ bản %s,Semua atribut asas %s,All basic attributes %s,Semua atribut dasar %s,คุณสมบัติพื้นฐานทั้งหมด %s,Lahat ng pangunahing katangian %s,7,0.50%,8,0.50%,1,0.50%,9,0.50%,10,0.50%,13,0.50%
80005,801,100,1,,,,,%s,%s,%s,%s,%s,%s,%s,7,3%,8,3%,,,,,,,,
80006,801,150,3,,,,,All heroes %s,Tất cả anh hùng %s,Semua wira %s,All heroes %s,Semua pahlawan %s,ฮีโร่ทั้งหมด %s,Lahat ng mga bayani %s,7,0.50%,8,0.50%,,,,,,,,
80007,801,200,1,,,,,%s,%s,%s,%s,%s,%s,%s,17,300,19,300,,,,,,,,
80008,801,250,1,,,,,%s,%s,%s,%s,%s,%s,%s,9,3%,10,3%,,,,,,,,
80009,801,300,3,,,,,All heroes %s,Tất cả anh hùng %s,Semua wira %s,All heroes %s,Semua pahlawan %s,ฮีโร่ทั้งหมด %s,Lahat ng mga bayani %s,1,0.50%,,,,,,,,,,
80010,801,350,1,,,,,%s,%s,%s,%s,%s,%s,%s,11,300,12,300,,,,,,,,
80011,801,400,1,,,,,%s,%s,%s,%s,%s,%s,%s,22,300,23,300,,,,,,,,
80012,801,450,3,,,,,All heroes %s,Tất cả anh hùng %s,Semua wira %s,All heroes %s,Semua pahlawan %s,ฮีโร่ทั้งหมด %s,Lahat ng mga bayani %s,1,0.50%,,,,,,,,,,
80013,801,500,1,,,,,%s,%s,%s,%s,%s,%s,%s,24,500,,,,,,,,,,
86001,863,20,1,,,,,All basic attributes %s,Tất cả các thuộc tính cơ bản %s,Semua atribut asas %s,All basic attributes %s,Semua atribut dasar %s,คุณสมบัติพื้นฐานทั้งหมด %s,Lahat ng pangunahing katangian %s,7,1%,8,1%,1,1%,9,1%,10,1%,13,1%
86002,863,40,1,,,,,%s,%s,%s,%s,%s,%s,%s,1,3%,,,,,,,,,,
86003,863,60,1,,,,,%s,%s,%s,%s,%s,%s,%s,14,300,15,300,,,,,,,,
86004,863,80,1,,,,,All basic attributes %s,Tất cả các thuộc tính cơ bản %s,Semua atribut asas %s,All basic attributes %s,Semua atribut dasar %s,คุณสมบัติพื้นฐานทั้งหมด %s,Lahat ng pangunahing katangian %s,7,0.60%,8,0.60%,1,0.60%,9,0.60%,10,0.60%,13,0.60%
86005,863,100,1,,,,,%s,%s,%s,%s,%s,%s,%s,7,3%,8,3%,,,,,,,,
86006,863,150,3,,,,,All heroes %s,Tất cả anh hùng %s,Semua wira %s,All heroes %s,Semua pahlawan %s,ฮีโร่ทั้งหมด %s,Lahat ng mga bayani %s,7,0.60%,8,0.60%,,,,,,,,
86007,863,200,1,,,,,%s,%s,%s,%s,%s,%s,%s,17,300,19,300,,,,,,,,
86008,863,250,1,,,,,%s,%s,%s,%s,%s,%s,%s,9,3%,10,3%,,,,,,,,
86009,863,300,3,,,,,All heroes %s,Tất cả anh hùng %s,Semua wira %s,All heroes %s,Semua pahlawan %s,ฮีโร่ทั้งหมด %s,Lahat ng mga bayani %s,1,0.60%,,,,,,,,,,
86010,863,350,1,,,,,%s,%s,%s,%s,%s,%s,%s,11,300,12,300,,,,,,,,
86011,863,400,1,,,,,%s,%s,%s,%s,%s,%s,%s,22,300,23,300,,,,,,,,
86012,863,450,3,,,,,All heroes %s,Tất cả anh hùng %s,Semua wira %s,All heroes %s,Semua pahlawan %s,ฮีโร่ทั้งหมด %s,Lahat ng mga bayani %s,9,0.60%,10,0.60%,,,,,,,,
86013,863,500,1,,,,,%s,%s,%s,%s,%s,%s,%s,24,500,,,,,,,,,,
88001,883,20,1,,,,,All basic attributes %s,Tất cả các thuộc tính cơ bản %s,Semua atribut asas %s,All basic attributes %s,Semua atribut dasar %s,คุณสมบัติพื้นฐานทั้งหมด %s,Lahat ng pangunahing katangian %s,7,1%,8,1%,1,1%,9,1%,10,1%,13,1%
88002,883,40,1,,,,,%s,%s,%s,%s,%s,%s,%s,1,3%,,,,,,,,,,
88003,883,60,1,,,,,%s,%s,%s,%s,%s,%s,%s,14,300,15,300,,,,,,,,
88004,883,80,1,,,,,All basic attributes %s,Tất cả các thuộc tính cơ bản %s,Semua atribut asas %s,All basic attributes %s,Semua atribut dasar %s,คุณสมบัติพื้นฐานทั้งหมด %s,Lahat ng pangunahing katangian %s,7,0.60%,8,0.60%,1,0.60%,9,0.60%,10,0.60%,13,0.60%
88005,883,100,1,,,,,%s,%s,%s,%s,%s,%s,%s,7,3%,8,3%,,,,,,,,
88006,883,150,3,,,,,All heroes %s,Tất cả anh hùng %s,Semua wira %s,All heroes %s,Semua pahlawan %s,ฮีโร่ทั้งหมด %s,Lahat ng mga bayani %s,1,0.60%,,,,,,,,,,
88007,883,200,1,,,,,%s,%s,%s,%s,%s,%s,%s,17,300,19,300,,,,,,,,
88008,883,250,1,,,,,%s,%s,%s,%s,%s,%s,%s,9,3%,10,3%,,,,,,,,
88009,883,300,3,,,,,All heroes %s,Tất cả anh hùng %s,Semua wira %s,All heroes %s,Semua pahlawan %s,ฮีโร่ทั้งหมด %s,Lahat ng mga bayani %s,9,0.60%,10,0.60%,,,,,,,,
88010,883,350,1,,,,,%s,%s,%s,%s,%s,%s,%s,11,300,12,300,,,,,,,,
88011,883,400,1,,,,,%s,%s,%s,%s,%s,%s,%s,22,300,23,300,,,,,,,,
88012,883,450,3,,,,,All heroes %s,Tất cả anh hùng %s,Semua wira %s,All heroes %s,Semua pahlawan %s,ฮีโร่ทั้งหมด %s,Lahat ng mga bayani %s,7,0.60%,8,0.60%,,,,,,,,
88013,883,500,1,,,,,%s,%s,%s,%s,%s,%s,%s,24,500,,,,,,,,,,
89001,891,20,1,,,,,All basic attributes %s,Tất cả các thuộc tính cơ bản %s,Semua atribut asas %s,All basic attributes %s,Semua atribut dasar %s,คุณสมบัติพื้นฐานทั้งหมด %s,Lahat ng pangunahing katangian %s,7,1%,8,1%,1,1%,9,1%,10,1%,13,1%
89002,891,40,1,,,,,%s,%s,%s,%s,%s,%s,%s,1,3%,,,,,,,,,,
89003,891,60,1,,,,,%s,%s,%s,%s,%s,%s,%s,14,300,15,300,,,,,,,,
89004,891,80,1,,,,,All basic attributes %s,Tất cả các thuộc tính cơ bản %s,Semua atribut asas %s,All basic attributes %s,Semua atribut dasar %s,คุณสมบัติพื้นฐานทั้งหมด %s,Lahat ng pangunahing katangian %s,7,0.40%,8,0.40%,1,0.40%,9,0.40%,10,0.40%,13,0.40%
89005,891,100,1,,,,,%s,%s,%s,%s,%s,%s,%s,7,3%,8,3%,,,,,,,,
89006,891,150,3,,,,,All heroes %s,Tất cả anh hùng %s,Semua wira %s,All heroes %s,Semua pahlawan %s,ฮีโร่ทั้งหมด %s,Lahat ng mga bayani %s,1,0.40%,,,,,,,,,,
89007,891,200,1,,,,,%s,%s,%s,%s,%s,%s,%s,17,300,19,300,,,,,,,,
89008,891,250,1,,,,,%s,%s,%s,%s,%s,%s,%s,9,3%,10,3%,,,,,,,,
89009,891,300,3,,,,,All heroes %s,Tất cả anh hùng %s,Semua wira %s,All heroes %s,Semua pahlawan %s,ฮีโร่ทั้งหมด %s,Lahat ng mga bayani %s,9,0.40%,10,0.40%,,,,,,,,
89010,891,350,1,,,,,%s,%s,%s,%s,%s,%s,%s,11,300,12,300,,,,,,,,
89011,891,400,1,,,,,%s,%s,%s,%s,%s,%s,%s,22,300,23,300,,,,,,,,
89012,891,450,3,,,,,All heroes %s,Tất cả anh hùng %s,Semua wira %s,All heroes %s,Semua pahlawan %s,ฮีโร่ทั้งหมด %s,Lahat ng mga bayani %s,1,0.40%,,,,,,,,,,
89013,891,500,1,,,,,%s,%s,%s,%s,%s,%s,%s,24,500,,,,,,,,,,
97001,972,20,1,,,,,All basic attributes %s,Tất cả các thuộc tính cơ bản %s,Semua atribut asas %s,All basic attributes %s,Semua atribut dasar %s,คุณสมบัติพื้นฐานทั้งหมด %s,Lahat ng pangunahing katangian %s,7,1%,8,1%,1,1%,9,1%,10,1%,13,1%
97002,972,40,1,,,,,%s,%s,%s,%s,%s,%s,%s,1,3%,,,,,,,,,,
97003,972,60,1,,,,,%s,%s,%s,%s,%s,%s,%s,14,300,15,300,,,,,,,,
97004,972,80,1,,,,,All basic attributes %s,Tất cả các thuộc tính cơ bản %s,Semua atribut asas %s,All basic attributes %s,Semua atribut dasar %s,คุณสมบัติพื้นฐานทั้งหมด %s,Lahat ng pangunahing katangian %s,7,0.60%,8,0.60%,1,0.60%,9,0.60%,10,0.60%,13,0.60%
97005,972,100,1,,,,,%s,%s,%s,%s,%s,%s,%s,7,3%,8,3%,,,,,,,,
97006,972,150,3,,,,,All heroes %s,Tất cả anh hùng %s,Semua wira %s,All heroes %s,Semua pahlawan %s,ฮีโร่ทั้งหมด %s,Lahat ng mga bayani %s,9,0.60%,10,0.60%,,,,,,,,
97007,972,200,1,,,,,%s,%s,%s,%s,%s,%s,%s,17,300,19,300,,,,,,,,
97008,972,250,1,,,,,%s,%s,%s,%s,%s,%s,%s,9,3%,10,3%,,,,,,,,
97009,972,300,3,,,,,All heroes %s,Tất cả anh hùng %s,Semua wira %s,All heroes %s,Semua pahlawan %s,ฮีโร่ทั้งหมด %s,Lahat ng mga bayani %s,7,0.60%,8,0.60%,,,,,,,,
97010,972,350,1,,,,,%s,%s,%s,%s,%s,%s,%s,11,300,12,300,,,,,,,,
97011,972,400,1,,,,,%s,%s,%s,%s,%s,%s,%s,22,300,23,300,,,,,,,,
97012,972,450,3,,,,,All heroes %s,Tất cả anh hùng %s,Semua wira %s,All heroes %s,Semua pahlawan %s,ฮีโร่ทั้งหมด %s,Lahat ng mga bayani %s,9,0.60%,10,0.60%,,,,,,,,
97013,972,500,1,,,,,%s,%s,%s,%s,%s,%s,%s,24,500,,,,,,,,,,
103001,1032,20,1,,,,,All basic attributes %s,Tất cả các thuộc tính cơ bản %s,Semua atribut asas %s,All basic attributes %s,Semua atribut dasar %s,คุณสมบัติพื้นฐานทั้งหมด %s,Lahat ng pangunahing katangian %s,7,1%,8,1%,1,1%,9,1%,10,1%,13,1%
103002,1032,40,1,,,,,%s,%s,%s,%s,%s,%s,%s,1,3%,,,,,,,,,,
103003,1032,60,1,,,,,%s,%s,%s,%s,%s,%s,%s,14,300,15,300,,,,,,,,
103004,1032,80,1,,,,,All basic attributes %s,Tất cả các thuộc tính cơ bản %s,Semua atribut asas %s,All basic attributes %s,Semua atribut dasar %s,คุณสมบัติพื้นฐานทั้งหมด %s,Lahat ng pangunahing katangian %s,7,0.60%,8,0.60%,1,0.60%,9,0.60%,10,0.60%,13,0.60%
103005,1032,100,1,,,,,%s,%s,%s,%s,%s,%s,%s,7,3%,8,3%,,,,,,,,
103006,1032,150,3,,,,,All heroes %s,Tất cả anh hùng %s,Semua wira %s,All heroes %s,Semua pahlawan %s,ฮีโร่ทั้งหมด %s,Lahat ng mga bayani %s,9,0.60%,10,0.60%,,,,,,,,
103007,1032,200,1,,,,,%s,%s,%s,%s,%s,%s,%s,17,300,19,300,,,,,,,,
103008,1032,250,1,,,,,%s,%s,%s,%s,%s,%s,%s,9,3%,10,3%,,,,,,,,
103009,1032,300,3,,,,,All heroes %s,Tất cả anh hùng %s,Semua wira %s,All heroes %s,Semua pahlawan %s,ฮีโร่ทั้งหมด %s,Lahat ng mga bayani %s,7,0.60%,8,0.60%,,,,,,,,
103010,1032,350,1,,,,,%s,%s,%s,%s,%s,%s,%s,11,300,12,300,,,,,,,,
103011,1032,400,1,,,,,%s,%s,%s,%s,%s,%s,%s,22,300,23,300,,,,,,,,
103012,1032,450,3,,,,,All heroes %s,Tất cả anh hùng %s,Semua wira %s,All heroes %s,Semua pahlawan %s,ฮีโร่ทั้งหมด %s,Lahat ng mga bayani %s,1,0.60%,,,,,,,,,,
103013,1032,500,1,,,,,%s,%s,%s,%s,%s,%s,%s,24,500,,,,,,,,,,
107001,1071,20,1,,,,,All basic attributes %s,Tất cả các thuộc tính cơ bản %s,Semua atribut asas %s,All basic attributes %s,Semua atribut dasar %s,คุณสมบัติพื้นฐานทั้งหมด %s,Lahat ng pangunahing katangian %s,7,1%,8,1%,1,1%,9,1%,10,1%,13,1%
107002,1071,40,1,,,,,%s,%s,%s,%s,%s,%s,%s,1,3%,,,,,,,,,,
107003,1071,60,1,,,,,%s,%s,%s,%s,%s,%s,%s,14,300,15,300,,,,,,,,
107004,1071,80,1,,,,,All basic attributes %s,Tất cả các thuộc tính cơ bản %s,Semua atribut asas %s,All basic attributes %s,Semua atribut dasar %s,คุณสมบัติพื้นฐานทั้งหมด %s,Lahat ng pangunahing katangian %s,7,0.60%,8,0.60%,1,0.60%,9,0.60%,10,0.60%,13,0.60%
107005,1071,100,1,,,,,%s,%s,%s,%s,%s,%s,%s,7,3%,8,3%,,,,,,,,
107006,1071,150,3,,,,,All heroes %s,Tất cả anh hùng %s,Semua wira %s,All heroes %s,Semua pahlawan %s,ฮีโร่ทั้งหมด %s,Lahat ng mga bayani %s,1,0.60%,,,,,,,,,,
107007,1071,200,1,,,,,%s,%s,%s,%s,%s,%s,%s,17,300,19,300,,,,,,,,
107008,1071,250,1,,,,,%s,%s,%s,%s,%s,%s,%s,9,3%,10,3%,,,,,,,,
107009,1071,300,3,,,,,All heroes %s,Tất cả anh hùng %s,Semua wira %s,All heroes %s,Semua pahlawan %s,ฮีโร่ทั้งหมด %s,Lahat ng mga bayani %s,9,0.60%,10,0.60%,,,,,,,,
107010,1071,350,1,,,,,%s,%s,%s,%s,%s,%s,%s,11,300,12,300,,,,,,,,
107011,1071,400,1,,,,,%s,%s,%s,%s,%s,%s,%s,22,300,23,300,,,,,,,,
107012,1071,450,3,,,,,All heroes %s,Tất cả anh hùng %s,Semua wira %s,All heroes %s,Semua pahlawan %s,ฮีโร่ทั้งหมด %s,Lahat ng mga bayani %s,1,0.60%,,,,,,,,,,
107013,1071,500,1,,,,,%s,%s,%s,%s,%s,%s,%s,24,500,,,,,,,,,,
108001,1082,20,1,,,,,All basic attributes %s,Tất cả các thuộc tính cơ bản %s,Semua atribut asas %s,All basic attributes %s,Semua atribut dasar %s,คุณสมบัติพื้นฐานทั้งหมด %s,Lahat ng pangunahing katangian %s,7,1%,8,1%,1,1%,9,1%,10,1%,13,1%
108002,1082,40,1,,,,,%s,%s,%s,%s,%s,%s,%s,1,3%,,,,,,,,,,
108003,1082,60,1,,,,,%s,%s,%s,%s,%s,%s,%s,14,300,15,300,,,,,,,,
108004,1082,80,1,,,,,All basic attributes %s,Tất cả các thuộc tính cơ bản %s,Semua atribut asas %s,All basic attributes %s,Semua atribut dasar %s,คุณสมบัติพื้นฐานทั้งหมด %s,Lahat ng pangunahing katangian %s,7,0.60%,8,0.60%,1,0.60%,9,0.60%,10,0.60%,13,0.60%
108005,1082,100,1,,,,,%s,%s,%s,%s,%s,%s,%s,7,3%,8,3%,,,,,,,,
108006,1082,150,3,,,,,All heroes %s,Tất cả anh hùng %s,Semua wira %s,All heroes %s,Semua pahlawan %s,ฮีโร่ทั้งหมด %s,Lahat ng mga bayani %s,1,0.60%,,,,,,,,,,
108007,1082,200,1,,,,,%s,%s,%s,%s,%s,%s,%s,17,300,19,300,,,,,,,,
108008,1082,250,1,,,,,%s,%s,%s,%s,%s,%s,%s,9,3%,10,3%,,,,,,,,
108009,1082,300,3,,,,,All heroes %s,Tất cả anh hùng %s,Semua wira %s,All heroes %s,Semua pahlawan %s,ฮีโร่ทั้งหมด %s,Lahat ng mga bayani %s,9,0.60%,10,0.60%,,,,,,,,
108010,1082,350,1,,,,,%s,%s,%s,%s,%s,%s,%s,11,300,12,300,,,,,,,,
108011,1082,400,1,,,,,%s,%s,%s,%s,%s,%s,%s,22,300,23,300,,,,,,,,
108012,1082,450,3,,,,,All heroes %s,Tất cả anh hùng %s,Semua wira %s,All heroes %s,Semua pahlawan %s,ฮีโร่ทั้งหมด %s,Lahat ng mga bayani %s,1,0.60%,,,,,,,,,,
108013,1082,500,1,,,,,%s,%s,%s,%s,%s,%s,%s,24,500,,,,,,,,,,
117001,1173,20,1,,,,,All basic attributes %s,Tất cả các thuộc tính cơ bản %s,Semua atribut asas %s,All basic attributes %s,Semua atribut dasar %s,คุณสมบัติพื้นฐานทั้งหมด %s,Lahat ng pangunahing katangian %s,7,1%,8,1%,1,1%,9,1%,10,1%,13,1%
117002,1173,40,1,,,,,%s,%s,%s,%s,%s,%s,%s,1,3%,,,,,,,,,,
117003,1173,60,1,,,,,%s,%s,%s,%s,%s,%s,%s,14,300,15,300,,,,,,,,
117004,1173,80,1,,,,,All basic attributes %s,Tất cả các thuộc tính cơ bản %s,Semua atribut asas %s,All basic attributes %s,Semua atribut dasar %s,คุณสมบัติพื้นฐานทั้งหมด %s,Lahat ng pangunahing katangian %s,7,0.60%,8,0.60%,1,0.60%,9,0.60%,10,0.60%,13,0.60%
117005,1173,100,1,,,,,%s,%s,%s,%s,%s,%s,%s,7,3%,8,3%,,,,,,,,
117006,1173,150,3,,,,,All heroes %s,Tất cả anh hùng %s,Semua wira %s,All heroes %s,Semua pahlawan %s,ฮีโร่ทั้งหมด %s,Lahat ng mga bayani %s,1,0.60%,,,,,,,,,,
117007,1173,200,1,,,,,%s,%s,%s,%s,%s,%s,%s,17,300,19,300,,,,,,,,
117008,1173,250,1,,,,,%s,%s,%s,%s,%s,%s,%s,9,3%,10,3%,,,,,,,,
117009,1173,300,3,,,,,All heroes %s,Tất cả anh hùng %s,Semua wira %s,All heroes %s,Semua pahlawan %s,ฮีโร่ทั้งหมด %s,Lahat ng mga bayani %s,9,0.60%,10,0.60%,,,,,,,,
117010,1173,350,1,,,,,%s,%s,%s,%s,%s,%s,%s,11,300,12,300,,,,,,,,
117011,1173,400,1,,,,,%s,%s,%s,%s,%s,%s,%s,22,300,23,300,,,,,,,,
117012,1173,450,3,,,,,All heroes %s,Tất cả anh hùng %s,Semua wira %s,All heroes %s,Semua pahlawan %s,ฮีโร่ทั้งหมด %s,Lahat ng mga bayani %s,1,0.60%,,,,,,,,,,
117013,1173,500,1,,,,,%s,%s,%s,%s,%s,%s,%s,24,500,,,,,,,,,,
122001,1221,20,1,,,,,All basic attributes %s,Tất cả các thuộc tính cơ bản %s,Semua atribut asas %s,All basic attributes %s,Semua atribut dasar %s,คุณสมบัติพื้นฐานทั้งหมด %s,Lahat ng pangunahing katangian %s,7,1%,8,1%,1,1%,9,1%,10,1%,13,1%
122002,1221,40,1,,,,,%s,%s,%s,%s,%s,%s,%s,1,3%,,,,,,,,,,
122003,1221,60,1,,,,,%s,%s,%s,%s,%s,%s,%s,14,300,15,300,,,,,,,,
122004,1221,80,1,,,,,All basic attributes %s,Tất cả các thuộc tính cơ bản %s,Semua atribut asas %s,All basic attributes %s,Semua atribut dasar %s,คุณสมบัติพื้นฐานทั้งหมด %s,Lahat ng pangunahing katangian %s,7,0.60%,8,0.60%,1,0.60%,9,0.60%,10,0.60%,13,0.60%
122005,1221,100,1,,,,,%s,%s,%s,%s,%s,%s,%s,7,3%,8,3%,,,,,,,,
122006,1221,150,3,,,,,All heroes %s,Tất cả anh hùng %s,Semua wira %s,All heroes %s,Semua pahlawan %s,ฮีโร่ทั้งหมด %s,Lahat ng mga bayani %s,7,0.60%,8,0.60%,,,,,,,,
122007,1221,200,1,,,,,%s,%s,%s,%s,%s,%s,%s,17,300,19,300,,,,,,,,
122008,1221,250,1,,,,,%s,%s,%s,%s,%s,%s,%s,9,3%,10,3%,,,,,,,,
122009,1221,300,3,,,,,All heroes %s,Tất cả anh hùng %s,Semua wira %s,All heroes %s,Semua pahlawan %s,ฮีโร่ทั้งหมด %s,Lahat ng mga bayani %s,1,0.60%,,,,,,,,,,
122010,1221,350,1,,,,,%s,%s,%s,%s,%s,%s,%s,11,300,12,300,,,,,,,,
122011,1221,400,1,,,,,%s,%s,%s,%s,%s,%s,%s,22,300,23,300,,,,,,,,
122012,1221,450,3,,,,,All heroes %s,Tất cả anh hùng %s,Semua wira %s,All heroes %s,Semua pahlawan %s,ฮีโร่ทั้งหมด %s,Lahat ng mga bayani %s,7,0.60%,8,0.60%,,,,,,,,
122013,1221,500,1,,,,,%s,%s,%s,%s,%s,%s,%s,24,500,,,,,,,,,,
123001,1231,20,1,,,,,All basic attributes %s,Tất cả các thuộc tính cơ bản %s,Semua atribut asas %s,All basic attributes %s,Semua atribut dasar %s,คุณสมบัติพื้นฐานทั้งหมด %s,Lahat ng pangunahing katangian %s,7,1%,8,1%,1,1%,9,1%,10,1%,13,1%
123002,1231,40,1,,,,,%s,%s,%s,%s,%s,%s,%s,1,3%,,,,,,,,,,
123003,1231,60,1,,,,,%s,%s,%s,%s,%s,%s,%s,14,300,15,300,,,,,,,,
123004,1231,80,1,,,,,All basic attributes %s,Tất cả các thuộc tính cơ bản %s,Semua atribut asas %s,All basic attributes %s,Semua atribut dasar %s,คุณสมบัติพื้นฐานทั้งหมด %s,Lahat ng pangunahing katangian %s,7,0.60%,8,0.60%,1,0.60%,9,0.60%,10,0.60%,13,0.60%
123005,1231,100,1,,,,,%s,%s,%s,%s,%s,%s,%s,7,3%,8,3%,,,,,,,,
123006,1231,150,3,,,,,All heroes %s,Tất cả anh hùng %s,Semua wira %s,All heroes %s,Semua pahlawan %s,ฮีโร่ทั้งหมด %s,Lahat ng mga bayani %s,1,0.60%,,,,,,,,,,
123007,1231,200,1,,,,,%s,%s,%s,%s,%s,%s,%s,17,300,19,300,,,,,,,,
123008,1231,250,1,,,,,%s,%s,%s,%s,%s,%s,%s,9,3%,10,3%,,,,,,,,
123009,1231,300,3,,,,,All heroes %s,Tất cả anh hùng %s,Semua wira %s,All heroes %s,Semua pahlawan %s,ฮีโร่ทั้งหมด %s,Lahat ng mga bayani %s,9,0.60%,10,0.60%,,,,,,,,
123010,1231,350,1,,,,,%s,%s,%s,%s,%s,%s,%s,11,300,12,300,,,,,,,,
123011,1231,400,1,,,,,%s,%s,%s,%s,%s,%s,%s,22,300,23,300,,,,,,,,
123012,1231,450,3,,,,,All heroes %s,Tất cả anh hùng %s,Semua wira %s,All heroes %s,Semua pahlawan %s,ฮีโร่ทั้งหมด %s,Lahat ng mga bayani %s,1,0.60%,,,,,,,,,,
123013,1231,500,1,,,,,%s,%s,%s,%s,%s,%s,%s,24,500,,,,,,,,,,
124001,1241,20,1,,,,,All basic attributes %s,Tất cả các thuộc tính cơ bản %s,Semua atribut asas %s,All basic attributes %s,Semua atribut dasar %s,คุณสมบัติพื้นฐานทั้งหมด %s,Lahat ng pangunahing katangian %s,7,1%,8,1%,1,1%,9,1%,10,1%,13,1%
124002,1241,40,1,,,,,%s,%s,%s,%s,%s,%s,%s,1,3%,,,,,,,,,,
124003,1241,60,1,,,,,%s,%s,%s,%s,%s,%s,%s,14,300,15,300,,,,,,,,
124004,1241,80,1,,,,,All basic attributes %s,Tất cả các thuộc tính cơ bản %s,Semua atribut asas %s,All basic attributes %s,Semua atribut dasar %s,คุณสมบัติพื้นฐานทั้งหมด %s,Lahat ng pangunahing katangian %s,7,0.60%,8,0.60%,1,0.60%,9,0.60%,10,0.60%,13,0.60%
124005,1241,100,1,,,,,%s,%s,%s,%s,%s,%s,%s,7,3%,8,3%,,,,,,,,
124006,1241,150,3,,,,,All heroes %s,Tất cả anh hùng %s,Semua wira %s,All heroes %s,Semua pahlawan %s,ฮีโร่ทั้งหมด %s,Lahat ng mga bayani %s,7,0.60%,8,0.60%,,,,,,,,
124007,1241,200,1,,,,,%s,%s,%s,%s,%s,%s,%s,17,300,19,300,,,,,,,,
124008,1241,250,1,,,,,%s,%s,%s,%s,%s,%s,%s,9,3%,10,3%,,,,,,,,
124009,1241,300,3,,,,,All heroes %s,Tất cả anh hùng %s,Semua wira %s,All heroes %s,Semua pahlawan %s,ฮีโร่ทั้งหมด %s,Lahat ng mga bayani %s,1,0.60%,,,,,,,,,,
124010,1241,350,1,,,,,%s,%s,%s,%s,%s,%s,%s,11,300,12,300,,,,,,,,
124011,1241,400,1,,,,,%s,%s,%s,%s,%s,%s,%s,22,300,23,300,,,,,,,,
124012,1241,450,3,,,,,All heroes %s,Tất cả anh hùng %s,Semua wira %s,All heroes %s,Semua pahlawan %s,ฮีโร่ทั้งหมด %s,Lahat ng mga bayani %s,1,0.60%,,,,,,,,,,
124013,1241,500,1,,,,,%s,%s,%s,%s,%s,%s,%s,24,500,,,,,,,,,,
125001,1253,20,1,,,,,All basic attributes %s,Tất cả các thuộc tính cơ bản %s,Semua atribut asas %s,All basic attributes %s,Semua atribut dasar %s,คุณสมบัติพื้นฐานทั้งหมด %s,Lahat ng pangunahing katangian %s,7,1%,8,1%,1,1%,9,1%,10,1%,13,1%
125002,1253,40,1,,,,,%s,%s,%s,%s,%s,%s,%s,1,3%,,,,,,,,,,
125003,1253,60,1,,,,,%s,%s,%s,%s,%s,%s,%s,14,300,15,300,,,,,,,,
125004,1253,80,1,,,,,All basic attributes %s,Tất cả các thuộc tính cơ bản %s,Semua atribut asas %s,All basic attributes %s,Semua atribut dasar %s,คุณสมบัติพื้นฐานทั้งหมด %s,Lahat ng pangunahing katangian %s,7,0.60%,8,0.60%,1,0.60%,9,0.60%,10,0.60%,13,0.60%
125005,1253,100,1,,,,,%s,%s,%s,%s,%s,%s,%s,7,3%,8,3%,,,,,,,,
125006,1253,150,3,,,,,All heroes %s,Tất cả anh hùng %s,Semua wira %s,All heroes %s,Semua pahlawan %s,ฮีโร่ทั้งหมด %s,Lahat ng mga bayani %s,1,0.60%,,,,,,,,,,
125007,1253,200,1,,,,,%s,%s,%s,%s,%s,%s,%s,17,300,19,300,,,,,,,,
125008,1253,250,1,,,,,%s,%s,%s,%s,%s,%s,%s,9,3%,10,3%,,,,,,,,
125009,1253,300,3,,,,,All heroes %s,Tất cả anh hùng %s,Semua wira %s,All heroes %s,Semua pahlawan %s,ฮีโร่ทั้งหมด %s,Lahat ng mga bayani %s,9,0.60%,10,0.60%,,,,,,,,
125010,1253,350,1,,,,,%s,%s,%s,%s,%s,%s,%s,11,300,12,300,,,,,,,,
125011,1253,400,1,,,,,%s,%s,%s,%s,%s,%s,%s,22,300,23,300,,,,,,,,
125012,1253,450,3,,,,,All heroes %s,Tất cả anh hùng %s,Semua wira %s,All heroes %s,Semua pahlawan %s,ฮีโร่ทั้งหมด %s,Lahat ng mga bayani %s,9,0.60%,10,0.60%,,,,,,,,
125013,1253,500,1,,,,,%s,%s,%s,%s,%s,%s,%s,24,500,,,,,,,,,,
126001,1261,20,1,,,,,All basic attributes %s,Tất cả các thuộc tính cơ bản %s,Semua atribut asas %s,All basic attributes %s,Semua atribut dasar %s,คุณสมบัติพื้นฐานทั้งหมด %s,Lahat ng pangunahing katangian %s,7,1%,8,1%,1,1%,9,1%,10,1%,13,1%
126002,1261,40,1,,,,,%s,%s,%s,%s,%s,%s,%s,1,3%,,,,,,,,,,
126003,1261,60,1,,,,,%s,%s,%s,%s,%s,%s,%s,14,300,15,300,,,,,,,,
126004,1261,80,1,,,,,All basic attributes %s,Tất cả các thuộc tính cơ bản %s,Semua atribut asas %s,All basic attributes %s,Semua atribut dasar %s,คุณสมบัติพื้นฐานทั้งหมด %s,Lahat ng pangunahing katangian %s,7,1%,8,1%,1,1%,9,1%,10,1%,13,1%
126005,1261,100,1,,,,,%s,%s,%s,%s,%s,%s,%s,7,3%,8,3%,,,,,,,,
126006,1261,150,3,,,,,All heroes %s,Tất cả anh hùng %s,Semua wira %s,All heroes %s,Semua pahlawan %s,ฮีโร่ทั้งหมด %s,Lahat ng mga bayani %s,7,1.00%,8,1.00%,,,,,,,,
126007,1261,200,1,,,,,%s,%s,%s,%s,%s,%s,%s,17,300,19,300,,,,,,,,
126008,1261,250,1,,,,,%s,%s,%s,%s,%s,%s,%s,9,3%,10,3%,,,,,,,,
126009,1261,300,3,,,,,All heroes %s,Tất cả anh hùng %s,Semua wira %s,All heroes %s,Semua pahlawan %s,ฮีโร่ทั้งหมด %s,Lahat ng mga bayani %s,1,1%,,,,,,,,,,
126010,1261,350,1,,,,,%s,%s,%s,%s,%s,%s,%s,11,300,12,300,,,,,,,,
126011,1261,400,1,,,,,%s,%s,%s,%s,%s,%s,%s,22,300,23,300,,,,,,,,
126012,1261,450,3,,,,,All heroes %s,Tất cả anh hùng %s,Semua wira %s,All heroes %s,Semua pahlawan %s,ฮีโร่ทั้งหมด %s,Lahat ng mga bayani %s,7,1.00%,8,1.00%,,,,,,,,
126013,1261,500,1,,,,,%s,%s,%s,%s,%s,%s,%s,24,500,,,,,,,,,,
127001,1271,20,1,,,,,All basic attributes %s,Tất cả các thuộc tính cơ bản %s,Semua atribut asas %s,All basic attributes %s,Semua atribut dasar %s,คุณสมบัติพื้นฐานทั้งหมด %s,Lahat ng pangunahing katangian %s,7,1%,8,1%,1,1%,9,1%,10,1%,13,1%
127002,1271,40,1,,,,,%s,%s,%s,%s,%s,%s,%s,1,3%,,,,,,,,,,
127003,1271,60,1,,,,,%s,%s,%s,%s,%s,%s,%s,14,300,15,300,,,,,,,,
127004,1271,80,1,,,,,All basic attributes %s,Tất cả các thuộc tính cơ bản %s,Semua atribut asas %s,All basic attributes %s,Semua atribut dasar %s,คุณสมบัติพื้นฐานทั้งหมด %s,Lahat ng pangunahing katangian %s,7,1%,8,1%,1,1%,9,1%,10,1%,13,1%
127005,1271,100,1,,,,,%s,%s,%s,%s,%s,%s,%s,7,3%,8,3%,,,,,,,,
127006,1271,150,3,,,,,All heroes %s,Tất cả anh hùng %s,Semua wira %s,All heroes %s,Semua pahlawan %s,ฮีโร่ทั้งหมด %s,Lahat ng mga bayani %s,7,1.00%,8,1.00%,,,,,,,,
127007,1271,200,1,,,,,%s,%s,%s,%s,%s,%s,%s,17,300,19,300,,,,,,,,
127008,1271,250,1,,,,,%s,%s,%s,%s,%s,%s,%s,9,3%,10,3%,,,,,,,,
127009,1271,300,3,,,,,All heroes %s,Tất cả anh hùng %s,Semua wira %s,All heroes %s,Semua pahlawan %s,ฮีโร่ทั้งหมด %s,Lahat ng mga bayani %s,1,1%,,,,,,,,,,
127010,1271,350,1,,,,,%s,%s,%s,%s,%s,%s,%s,11,300,12,300,,,,,,,,
127011,1271,400,1,,,,,%s,%s,%s,%s,%s,%s,%s,22,300,23,300,,,,,,,,
127012,1271,450,3,,,,,All heroes %s,Tất cả anh hùng %s,Semua wira %s,All heroes %s,Semua pahlawan %s,ฮีโร่ทั้งหมด %s,Lahat ng mga bayani %s,7,1.00%,8,1.00%,,,,,,,,
127013,1271,500,1,,,,,%s,%s,%s,%s,%s,%s,%s,24,500,,,,,,,,,,
128001,1281,20,1,,,,,All basic attributes %s,Tất cả các thuộc tính cơ bản %s,Semua atribut asas %s,All basic attributes %s,Semua atribut dasar %s,คุณสมบัติพื้นฐานทั้งหมด %s,Lahat ng pangunahing katangian %s,7,1%,8,1%,1,1%,9,1%,10,1%,13,1%
128002,1281,40,1,,,,,%s,%s,%s,%s,%s,%s,%s,1,3%,,,,,,,,,,
128003,1281,60,1,,,,,%s,%s,%s,%s,%s,%s,%s,14,300,15,300,,,,,,,,
128004,1281,80,1,,,,,All basic attributes %s,Tất cả các thuộc tính cơ bản %s,Semua atribut asas %s,All basic attributes %s,Semua atribut dasar %s,คุณสมบัติพื้นฐานทั้งหมด %s,Lahat ng pangunahing katangian %s,7,1%,8,1%,1,1%,9,1%,10,1%,13,1%
128005,1281,100,1,,,,,%s,%s,%s,%s,%s,%s,%s,7,3%,8,3%,,,,,,,,
128006,1281,150,3,,,,,All heroes %s,Tất cả anh hùng %s,Semua wira %s,All heroes %s,Semua pahlawan %s,ฮีโร่ทั้งหมด %s,Lahat ng mga bayani %s,7,1.00%,8,1.00%,,,,,,,,
128007,1281,200,1,,,,,%s,%s,%s,%s,%s,%s,%s,17,300,19,300,,,,,,,,
128008,1281,250,1,,,,,%s,%s,%s,%s,%s,%s,%s,9,3%,10,3%,,,,,,,,
128009,1281,300,3,,,,,All heroes %s,Tất cả anh hùng %s,Semua wira %s,All heroes %s,Semua pahlawan %s,ฮีโร่ทั้งหมด %s,Lahat ng mga bayani %s,1,1%,,,,,,,,,,
128010,1281,350,1,,,,,%s,%s,%s,%s,%s,%s,%s,11,300,12,300,,,,,,,,
128011,1281,400,1,,,,,%s,%s,%s,%s,%s,%s,%s,22,300,23,300,,,,,,,,
128012,1281,450,3,,,,,All heroes %s,Tất cả anh hùng %s,Semua wira %s,All heroes %s,Semua pahlawan %s,ฮีโร่ทั้งหมด %s,Lahat ng mga bayani %s,7,1.00%,8,1.00%,,,,,,,,
128013,1281,500,1,,,,,%s,%s,%s,%s,%s,%s,%s,24,500,,,,,,,,,,
129001,1293,20,1,,,,,All basic attributes %s,Tất cả các thuộc tính cơ bản %s,Semua atribut asas %s,All basic attributes %s,Semua atribut dasar %s,คุณสมบัติพื้นฐานทั้งหมด %s,Lahat ng pangunahing katangian %s,7,1%,8,1%,1,1%,9,1%,10,1%,13,1%
129002,1293,40,1,,,,,%s,%s,%s,%s,%s,%s,%s,1,3%,,,,,,,,,,
129003,1293,60,1,,,,,%s,%s,%s,%s,%s,%s,%s,14,300,15,300,,,,,,,,
129004,1293,80,1,,,,,All basic attributes %s,Tất cả các thuộc tính cơ bản %s,Semua atribut asas %s,All basic attributes %s,Semua atribut dasar %s,คุณสมบัติพื้นฐานทั้งหมด %s,Lahat ng pangunahing katangian %s,7,0.60%,8,0.60%,1,0.60%,9,0.60%,10,0.60%,13,0.60%
129005,1293,100,1,,,,,%s,%s,%s,%s,%s,%s,%s,7,3%,8,3%,,,,,,,,
129006,1293,150,3,,,,,All heroes %s,Tất cả anh hùng %s,Semua wira %s,All heroes %s,Semua pahlawan %s,ฮีโร่ทั้งหมด %s,Lahat ng mga bayani %s,7,0.60%,8,0.60%,,,,,,,,
129007,1293,200,1,,,,,%s,%s,%s,%s,%s,%s,%s,17,300,19,300,,,,,,,,
129008,1293,250,1,,,,,%s,%s,%s,%s,%s,%s,%s,9,3%,10,3%,,,,,,,,
129009,1293,300,3,,,,,All heroes %s,Tất cả anh hùng %s,Semua wira %s,All heroes %s,Semua pahlawan %s,ฮีโร่ทั้งหมด %s,Lahat ng mga bayani %s,1,0.60%,,,,,,,,,,
129010,1293,350,1,,,,,%s,%s,%s,%s,%s,%s,%s,11,300,12,300,,,,,,,,
129011,1293,400,1,,,,,%s,%s,%s,%s,%s,%s,%s,22,300,23,300,,,,,,,,
129012,1293,450,3,,,,,All heroes %s,Tất cả anh hùng %s,Semua wira %s,All heroes %s,Semua pahlawan %s,ฮีโร่ทั้งหมด %s,Lahat ng mga bayani %s,7,0.60%,8,0.60%,,,,,,,,
129013,1293,500,1,,,,,%s,%s,%s,%s,%s,%s,%s,24,500,,,,,,,,,,
130001,1303,20,1,,,,,All basic attributes %s,Tất cả các thuộc tính cơ bản %s,Semua atribut asas %s,All basic attributes %s,Semua atribut dasar %s,คุณสมบัติพื้นฐานทั้งหมด %s,Lahat ng pangunahing katangian %s,7,1%,8,1%,1,1%,9,1%,10,1%,13,1%
130002,1303,40,1,,,,,%s,%s,%s,%s,%s,%s,%s,1,3%,,,,,,,,,,
130003,1303,60,1,,,,,%s,%s,%s,%s,%s,%s,%s,14,300,15,300,,,,,,,,
130004,1303,80,1,,,,,All basic attributes %s,Tất cả các thuộc tính cơ bản %s,Semua atribut asas %s,All basic attributes %s,Semua atribut dasar %s,คุณสมบัติพื้นฐานทั้งหมด %s,Lahat ng pangunahing katangian %s,7,0.60%,8,0.60%,1,0.60%,9,0.60%,10,0.60%,13,0.60%
130005,1303,100,1,,,,,%s,%s,%s,%s,%s,%s,%s,7,3%,8,3%,,,,,,,,
130006,1303,150,3,,,,,All heroes %s,Tất cả anh hùng %s,Semua wira %s,All heroes %s,Semua pahlawan %s,ฮีโร่ทั้งหมด %s,Lahat ng mga bayani %s,1,0.60%,,,,,,,,,,
130007,1303,200,1,,,,,%s,%s,%s,%s,%s,%s,%s,17,300,19,300,,,,,,,,
130008,1303,250,1,,,,,%s,%s,%s,%s,%s,%s,%s,9,3%,10,3%,,,,,,,,
130009,1303,300,3,,,,,All heroes %s,Tất cả anh hùng %s,Semua wira %s,All heroes %s,Semua pahlawan %s,ฮีโร่ทั้งหมด %s,Lahat ng mga bayani %s,9,0.60%,10,0.60%,,,,,,,,
130010,1303,350,1,,,,,%s,%s,%s,%s,%s,%s,%s,11,300,12,300,,,,,,,,
130011,1303,400,1,,,,,%s,%s,%s,%s,%s,%s,%s,22,300,23,300,,,,,,,,
130012,1303,450,3,,,,,All heroes %s,Tất cả anh hùng %s,Semua wira %s,All heroes %s,Semua pahlawan %s,ฮีโร่ทั้งหมด %s,Lahat ng mga bayani %s,1,0.60%,,,,,,,,,,
130013,1303,500,1,,,,,%s,%s,%s,%s,%s,%s,%s,24,500,,,,,,,,,,
131001,1313,20,1,,,,,All basic attributes %s,Tất cả các thuộc tính cơ bản %s,Semua atribut asas %s,All basic attributes %s,Semua atribut dasar %s,คุณสมบัติพื้นฐานทั้งหมด %s,Lahat ng pangunahing katangian %s,7,1%,8,1%,1,1%,9,1%,10,1%,13,1%
131002,1313,40,1,,,,,%s,%s,%s,%s,%s,%s,%s,1,3%,,,,,,,,,,
131003,1313,60,1,,,,,%s,%s,%s,%s,%s,%s,%s,14,300,15,300,,,,,,,,
131004,1313,80,1,,,,,All basic attributes %s,Tất cả các thuộc tính cơ bản %s,Semua atribut asas %s,All basic attributes %s,Semua atribut dasar %s,คุณสมบัติพื้นฐานทั้งหมด %s,Lahat ng pangunahing katangian %s,7,0.60%,8,0.60%,1,0.60%,9,0.60%,10,0.60%,13,0.60%
131005,1313,100,1,,,,,%s,%s,%s,%s,%s,%s,%s,7,3%,8,3%,,,,,,,,
131006,1313,150,3,,,,,All heroes %s,Tất cả anh hùng %s,Semua wira %s,All heroes %s,Semua pahlawan %s,ฮีโร่ทั้งหมด %s,Lahat ng mga bayani %s,7,0.60%,8,0.60%,,,,,,,,
131007,1313,200,1,,,,,%s,%s,%s,%s,%s,%s,%s,17,300,19,300,,,,,,,,
131008,1313,250,1,,,,,%s,%s,%s,%s,%s,%s,%s,9,3%,10,3%,,,,,,,,
131009,1313,300,3,,,,,All heroes %s,Tất cả anh hùng %s,Semua wira %s,All heroes %s,Semua pahlawan %s,ฮีโร่ทั้งหมด %s,Lahat ng mga bayani %s,1,0.60%,,,,,,,,,,
131010,1313,350,1,,,,,%s,%s,%s,%s,%s,%s,%s,11,300,12,300,,,,,,,,
131011,1313,400,1,,,,,%s,%s,%s,%s,%s,%s,%s,22,300,23,300,,,,,,,,
131012,1313,450,3,,,,,All heroes %s,Tất cả anh hùng %s,Semua wira %s,All heroes %s,Semua pahlawan %s,ฮีโร่ทั้งหมด %s,Lahat ng mga bayani %s,7,0.60%,8,0.60%,,,,,,,,
131013,1313,500,1,,,,,%s,%s,%s,%s,%s,%s,%s,24,500,,,,,,,,,,
135001,1351,20,1,,,,,All basic attributes %s,Tất cả các thuộc tính cơ bản %s,Semua atribut asas %s,All basic attributes %s,Semua atribut dasar %s,คุณสมบัติพื้นฐานทั้งหมด %s,Lahat ng pangunahing katangian %s,7,1%,8,1%,1,1%,9,1%,10,1%,13,1%
135002,1351,40,1,,,,,%s,%s,%s,%s,%s,%s,%s,1,3%,,,,,,,,,,
135003,1351,60,1,,,,,%s,%s,%s,%s,%s,%s,%s,14,300,15,300,,,,,,,,
135004,1351,80,1,,,,,All basic attributes %s,Tất cả các thuộc tính cơ bản %s,Semua atribut asas %s,All basic attributes %s,Semua atribut dasar %s,คุณสมบัติพื้นฐานทั้งหมด %s,Lahat ng pangunahing katangian %s,7,0.40%,8,0.40%,1,0.40%,9,0.40%,10,0.40%,13,0.40%
135005,1351,100,1,,,,,%s,%s,%s,%s,%s,%s,%s,7,3%,8,3%,,,,,,,,
135006,1351,150,3,,,,,All heroes %s,Tất cả anh hùng %s,Semua wira %s,All heroes %s,Semua pahlawan %s,ฮีโร่ทั้งหมด %s,Lahat ng mga bayani %s,9,0.40%,10,0.40%,,,,,,,,
135007,1351,200,1,,,,,%s,%s,%s,%s,%s,%s,%s,17,300,19,300,,,,,,,,
135008,1351,250,1,,,,,%s,%s,%s,%s,%s,%s,%s,9,3%,10,3%,,,,,,,,
135009,1351,300,3,,,,,All heroes %s,Tất cả anh hùng %s,Semua wira %s,All heroes %s,Semua pahlawan %s,ฮีโร่ทั้งหมด %s,Lahat ng mga bayani %s,7,0.40%,8,0.40%,,,,,,,,
135010,1351,350,1,,,,,%s,%s,%s,%s,%s,%s,%s,11,300,12,300,,,,,,,,
135011,1351,400,1,,,,,%s,%s,%s,%s,%s,%s,%s,22,300,23,300,,,,,,,,
135012,1351,450,3,,,,,All heroes %s,Tất cả anh hùng %s,Semua wira %s,All heroes %s,Semua pahlawan %s,ฮีโร่ทั้งหมด %s,Lahat ng mga bayani %s,9,0.40%,10,0.40%,,,,,,,,
135013,1351,500,1,,,,,%s,%s,%s,%s,%s,%s,%s,28,500,,,,,,,,,,
138001,1381,20,1,,,,,All basic attributes %s,Tất cả các thuộc tính cơ bản %s,Semua atribut asas %s,All basic attributes %s,Semua atribut dasar %s,คุณสมบัติพื้นฐานทั้งหมด %s,Lahat ng pangunahing katangian %s,7,1%,8,1%,1,1%,9,1%,10,1%,13,1%
138002,1381,40,1,,,,,%s,%s,%s,%s,%s,%s,%s,1,3%,,,,,,,,,,
138003,1381,60,1,,,,,%s,%s,%s,%s,%s,%s,%s,14,300,15,300,,,,,,,,
138004,1381,80,1,,,,,All basic attributes %s,Tất cả các thuộc tính cơ bản %s,Semua atribut asas %s,All basic attributes %s,Semua atribut dasar %s,คุณสมบัติพื้นฐานทั้งหมด %s,Lahat ng pangunahing katangian %s,7,0.60%,8,0.60%,1,0.60%,9,0.60%,10,0.60%,13,0.60%
138005,1381,100,1,,,,,%s,%s,%s,%s,%s,%s,%s,7,3%,8,3%,,,,,,,,
138006,1381,150,3,,,,,All heroes %s,Tất cả anh hùng %s,Semua wira %s,All heroes %s,Semua pahlawan %s,ฮีโร่ทั้งหมด %s,Lahat ng mga bayani %s,9,0.60%,10,0.60%,,,,,,,,
138007,1381,200,1,,,,,%s,%s,%s,%s,%s,%s,%s,17,300,19,300,,,,,,,,
138008,1381,250,1,,,,,%s,%s,%s,%s,%s,%s,%s,9,3%,10,3%,,,,,,,,
138009,1381,300,3,,,,,All heroes %s,Tất cả anh hùng %s,Semua wira %s,All heroes %s,Semua pahlawan %s,ฮีโร่ทั้งหมด %s,Lahat ng mga bayani %s,7,0.60%,8,0.60%,,,,,,,,
138010,1381,350,1,,,,,%s,%s,%s,%s,%s,%s,%s,11,300,12,300,,,,,,,,
138011,1381,400,1,,,,,%s,%s,%s,%s,%s,%s,%s,22,300,23,300,,,,,,,,
138012,1381,450,3,,,,,All heroes %s,Tất cả anh hùng %s,Semua wira %s,All heroes %s,Semua pahlawan %s,ฮีโร่ทั้งหมด %s,Lahat ng mga bayani %s,7,0.60%,8,0.60%,,,,,,,,
138013,1381,500,1,,,,,%s,%s,%s,%s,%s,%s,%s,24,500,,,,,,,,,,
139001,1393,20,1,,,,,All basic attributes %s,Tất cả các thuộc tính cơ bản %s,Semua atribut asas %s,All basic attributes %s,Semua atribut dasar %s,คุณสมบัติพื้นฐานทั้งหมด %s,Lahat ng pangunahing katangian %s,7,1%,8,1%,1,1%,9,1%,10,1%,13,1%
139002,1393,40,1,,,,,%s,%s,%s,%s,%s,%s,%s,1,3%,,,,,,,,,,
139003,1393,60,1,,,,,%s,%s,%s,%s,%s,%s,%s,14,300,15,300,,,,,,,,
139004,1393,80,1,,,,,All basic attributes %s,Tất cả các thuộc tính cơ bản %s,Semua atribut asas %s,All basic attributes %s,Semua atribut dasar %s,คุณสมบัติพื้นฐานทั้งหมด %s,Lahat ng pangunahing katangian %s,7,0.60%,8,0.60%,1,0.60%,9,0.60%,10,0.60%,13,0.60%
139005,1393,100,1,,,,,%s,%s,%s,%s,%s,%s,%s,7,3%,8,3%,,,,,,,,
139006,1393,150,3,,,,,All heroes %s,Tất cả anh hùng %s,Semua wira %s,All heroes %s,Semua pahlawan %s,ฮีโร่ทั้งหมด %s,Lahat ng mga bayani %s,9,0.60%,10,0.60%,,,,,,,,
139007,1393,200,1,,,,,%s,%s,%s,%s,%s,%s,%s,17,300,19,300,,,,,,,,
139008,1393,250,1,,,,,%s,%s,%s,%s,%s,%s,%s,9,3%,10,3%,,,,,,,,
139009,1393,300,3,,,,,All heroes %s,Tất cả anh hùng %s,Semua wira %s,All heroes %s,Semua pahlawan %s,ฮีโร่ทั้งหมด %s,Lahat ng mga bayani %s,7,0.60%,8,0.60%,,,,,,,,
139010,1393,350,1,,,,,%s,%s,%s,%s,%s,%s,%s,11,300,12,300,,,,,,,,
139011,1393,400,1,,,,,%s,%s,%s,%s,%s,%s,%s,22,300,23,300,,,,,,,,
139012,1393,450,3,,,,,All heroes %s,Tất cả anh hùng %s,Semua wira %s,All heroes %s,Semua pahlawan %s,ฮีโร่ทั้งหมด %s,Lahat ng mga bayani %s,7,0.60%,8,0.60%,,,,,,,,
139013,1393,500,1,,,,,%s,%s,%s,%s,%s,%s,%s,24,500,,,,,,,,,,
142001,1423,20,1,,,,,All basic attributes %s,Tất cả các thuộc tính cơ bản %s,Semua atribut asas %s,All basic attributes %s,Semua atribut dasar %s,คุณสมบัติพื้นฐานทั้งหมด %s,Lahat ng pangunahing katangian %s,7,1%,8,1%,1,1%,9,1%,10,1%,13,1%
142002,1423,40,1,,,,,%s,%s,%s,%s,%s,%s,%s,1,3%,,,,,,,,,,
142003,1423,60,1,,,,,%s,%s,%s,%s,%s,%s,%s,14,300,15,300,,,,,,,,
142004,1423,80,1,,,,,All basic attributes %s,Tất cả các thuộc tính cơ bản %s,Semua atribut asas %s,All basic attributes %s,Semua atribut dasar %s,คุณสมบัติพื้นฐานทั้งหมด %s,Lahat ng pangunahing katangian %s,7,0.60%,8,0.60%,1,0.60%,9,0.60%,10,0.60%,13,0.60%
142005,1423,100,1,,,,,%s,%s,%s,%s,%s,%s,%s,7,3%,8,3%,,,,,,,,
142006,1423,150,3,,,,,All heroes %s,Tất cả anh hùng %s,Semua wira %s,All heroes %s,Semua pahlawan %s,ฮีโร่ทั้งหมด %s,Lahat ng mga bayani %s,1,0.60%,,,,,,,,,,
142007,1423,200,1,,,,,%s,%s,%s,%s,%s,%s,%s,17,300,19,300,,,,,,,,
142008,1423,250,1,,,,,%s,%s,%s,%s,%s,%s,%s,9,3%,10,3%,,,,,,,,
142009,1423,300,3,,,,,All heroes %s,Tất cả anh hùng %s,Semua wira %s,All heroes %s,Semua pahlawan %s,ฮีโร่ทั้งหมด %s,Lahat ng mga bayani %s,9,0.60%,10,0.60%,,,,,,,,
142010,1423,350,1,,,,,%s,%s,%s,%s,%s,%s,%s,11,300,12,300,,,,,,,,
142011,1423,400,1,,,,,%s,%s,%s,%s,%s,%s,%s,22,300,23,300,,,,,,,,
142012,1423,450,3,,,,,All heroes %s,Tất cả anh hùng %s,Semua wira %s,All heroes %s,Semua pahlawan %s,ฮีโร่ทั้งหมด %s,Lahat ng mga bayani %s,1,0.60%,,,,,,,,,,
142013,1423,500,1,,,,,%s,%s,%s,%s,%s,%s,%s,24,500,,,,,,,,,,
144001,1441,20,1,,,,,All basic attributes %s,Tất cả các thuộc tính cơ bản %s,Semua atribut asas %s,All basic attributes %s,Semua atribut dasar %s,คุณสมบัติพื้นฐานทั้งหมด %s,Lahat ng pangunahing katangian %s,7,1%,8,1%,1,1%,9,1%,10,1%,13,1%
144002,1441,40,1,,,,,%s,%s,%s,%s,%s,%s,%s,1,3%,,,,,,,,,,
144003,1441,60,1,,,,,%s,%s,%s,%s,%s,%s,%s,14,300,15,300,,,,,,,,
144004,1441,80,1,,,,,All basic attributes %s,Tất cả các thuộc tính cơ bản %s,Semua atribut asas %s,All basic attributes %s,Semua atribut dasar %s,คุณสมบัติพื้นฐานทั้งหมด %s,Lahat ng pangunahing katangian %s,7,0.50%,8,0.50%,1,0.50%,9,0.50%,10,0.50%,13,0.50%
144005,1441,100,1,,,,,%s,%s,%s,%s,%s,%s,%s,7,3%,8,3%,,,,,,,,
144006,1441,150,3,,,,,All heroes %s,Tất cả anh hùng %s,Semua wira %s,All heroes %s,Semua pahlawan %s,ฮีโร่ทั้งหมด %s,Lahat ng mga bayani %s,9,0.50%,10,0.50%,,,,,,,,
144007,1441,200,1,,,,,%s,%s,%s,%s,%s,%s,%s,17,300,19,300,,,,,,,,
144008,1441,250,1,,,,,%s,%s,%s,%s,%s,%s,%s,9,3%,10,3%,,,,,,,,
144009,1441,300,3,,,,,All heroes %s,Tất cả anh hùng %s,Semua wira %s,All heroes %s,Semua pahlawan %s,ฮีโร่ทั้งหมด %s,Lahat ng mga bayani %s,7,0.50%,8,0.50%,,,,,,,,
144010,1441,350,1,,,,,%s,%s,%s,%s,%s,%s,%s,11,300,12,300,,,,,,,,
144011,1441,400,1,,,,,%s,%s,%s,%s,%s,%s,%s,22,300,23,300,,,,,,,,
144012,1441,450,3,,,,,All heroes %s,Tất cả anh hùng %s,Semua wira %s,All heroes %s,Semua pahlawan %s,ฮีโร่ทั้งหมด %s,Lahat ng mga bayani %s,7,0.50%,8,0.50%,,,,,,,,
144013,1441,500,1,,,,,%s,%s,%s,%s,%s,%s,%s,24,500,,,,,,,,,,
150001,1503,20,1,,,,,All basic attributes %s,Tất cả các thuộc tính cơ bản %s,Semua atribut asas %s,All basic attributes %s,Semua atribut dasar %s,คุณสมบัติพื้นฐานทั้งหมด %s,Lahat ng pangunahing katangian %s,7,1%,8,1%,1,1%,9,1%,10,1%,13,1%
150002,1503,40,1,,,,,%s,%s,%s,%s,%s,%s,%s,1,3%,,,,,,,,,,
150003,1503,60,1,,,,,%s,%s,%s,%s,%s,%s,%s,14,300,15,300,,,,,,,,
150004,1503,80,1,,,,,All basic attributes %s,Tất cả các thuộc tính cơ bản %s,Semua atribut asas %s,All basic attributes %s,Semua atribut dasar %s,คุณสมบัติพื้นฐานทั้งหมด %s,Lahat ng pangunahing katangian %s,7,0.60%,8,0.60%,1,0.60%,9,0.60%,10,0.60%,13,0.60%
150005,1503,100,1,,,,,%s,%s,%s,%s,%s,%s,%s,7,3%,8,3%,,,,,,,,
150006,1503,150,3,,,,,All heroes %s,Tất cả anh hùng %s,Semua wira %s,All heroes %s,Semua pahlawan %s,ฮีโร่ทั้งหมด %s,Lahat ng mga bayani %s,7,0.60%,8,0.60%,,,,,,,,
150007,1503,200,1,,,,,%s,%s,%s,%s,%s,%s,%s,17,300,19,300,,,,,,,,
150008,1503,250,1,,,,,%s,%s,%s,%s,%s,%s,%s,9,3%,10,3%,,,,,,,,
150009,1503,300,3,,,,,All heroes %s,Tất cả anh hùng %s,Semua wira %s,All heroes %s,Semua pahlawan %s,ฮีโร่ทั้งหมด %s,Lahat ng mga bayani %s,1,0.60%,,,,,,,,,,
150010,1503,350,1,,,,,%s,%s,%s,%s,%s,%s,%s,11,300,12,300,,,,,,,,
150011,1503,400,1,,,,,%s,%s,%s,%s,%s,%s,%s,22,300,23,300,,,,,,,,
150012,1503,450,3,,,,,All heroes %s,Tất cả anh hùng %s,Semua wira %s,All heroes %s,Semua pahlawan %s,ฮีโร่ทั้งหมด %s,Lahat ng mga bayani %s,7,0.60%,8,0.60%,,,,,,,,
150013,1503,500,1,,,,,%s,%s,%s,%s,%s,%s,%s,24,500,,,,,,,,,,
161001,1612,20,1,,,,,All basic attributes %s,Tất cả các thuộc tính cơ bản %s,Semua atribut asas %s,All basic attributes %s,Semua atribut dasar %s,คุณสมบัติพื้นฐานทั้งหมด %s,Lahat ng pangunahing katangian %s,7,1%,8,1%,1,1%,9,1%,10,1%,13,1%
161002,1612,40,1,,,,,%s,%s,%s,%s,%s,%s,%s,1,3%,,,,,,,,,,
161003,1612,60,1,,,,,%s,%s,%s,%s,%s,%s,%s,14,300,15,300,,,,,,,,
161004,1612,80,1,,,,,All basic attributes %s,Tất cả các thuộc tính cơ bản %s,Semua atribut asas %s,All basic attributes %s,Semua atribut dasar %s,คุณสมบัติพื้นฐานทั้งหมด %s,Lahat ng pangunahing katangian %s,7,0.50%,8,0.50%,1,0.50%,9,0.50%,10,0.50%,13,0.50%
161005,1612,100,1,,,,,%s,%s,%s,%s,%s,%s,%s,7,3%,8,3%,,,,,,,,
161006,1612,150,3,,,,,All heroes %s,Tất cả anh hùng %s,Semua wira %s,All heroes %s,Semua pahlawan %s,ฮีโร่ทั้งหมด %s,Lahat ng mga bayani %s,7,0.50%,8,0.50%,,,,,,,,
161007,1612,200,1,,,,,%s,%s,%s,%s,%s,%s,%s,17,300,19,300,,,,,,,,
161008,1612,250,1,,,,,%s,%s,%s,%s,%s,%s,%s,9,3%,10,3%,,,,,,,,
161009,1612,300,3,,,,,All heroes %s,Tất cả anh hùng %s,Semua wira %s,All heroes %s,Semua pahlawan %s,ฮีโร่ทั้งหมด %s,Lahat ng mga bayani %s,1,0.50%,,,,,,,,,,
161010,1612,350,1,,,,,%s,%s,%s,%s,%s,%s,%s,11,300,12,300,,,,,,,,
161011,1612,400,1,,,,,%s,%s,%s,%s,%s,%s,%s,22,300,23,300,,,,,,,,
161012,1612,450,3,,,,,All heroes %s,Tất cả anh hùng %s,Semua wira %s,All heroes %s,Semua pahlawan %s,ฮีโร่ทั้งหมด %s,Lahat ng mga bayani %s,9,0.50%,10,0.50%,,,,,,,,
161013,1612,500,1,,,,,%s,%s,%s,%s,%s,%s,%s,24,500,,,,,,,,,,
177001,1772,20,1,,,,,All basic attributes %s,Tất cả các thuộc tính cơ bản %s,Semua atribut asas %s,All basic attributes %s,Semua atribut dasar %s,คุณสมบัติพื้นฐานทั้งหมด %s,Lahat ng pangunahing katangian %s,7,1%,8,1%,1,1%,9,1%,10,1%,13,1%
177002,1772,40,1,,,,,%s,%s,%s,%s,%s,%s,%s,1,3%,,,,,,,,,,
177003,1772,60,1,,,,,%s,%s,%s,%s,%s,%s,%s,14,300,15,300,,,,,,,,
177004,1772,80,1,,,,,All basic attributes %s,Tất cả các thuộc tính cơ bản %s,Semua atribut asas %s,All basic attributes %s,Semua atribut dasar %s,คุณสมบัติพื้นฐานทั้งหมด %s,Lahat ng pangunahing katangian %s,7,0.60%,8,0.60%,1,0.60%,9,0.60%,10,0.60%,13,0.60%
177005,1772,100,1,,,,,%s,%s,%s,%s,%s,%s,%s,7,3%,8,3%,,,,,,,,
177006,1772,150,3,,,,,All heroes %s,Tất cả anh hùng %s,Semua wira %s,All heroes %s,Semua pahlawan %s,ฮีโร่ทั้งหมด %s,Lahat ng mga bayani %s,7,0.60%,8,0.60%,,,,,,,,
177007,1772,200,1,,,,,%s,%s,%s,%s,%s,%s,%s,17,300,19,300,,,,,,,,
177008,1772,250,1,,,,,%s,%s,%s,%s,%s,%s,%s,9,3%,10,3%,,,,,,,,
177009,1772,300,3,,,,,All heroes %s,Tất cả anh hùng %s,Semua wira %s,All heroes %s,Semua pahlawan %s,ฮีโร่ทั้งหมด %s,Lahat ng mga bayani %s,1,0.60%,,,,,,,,,,
177010,1772,350,1,,,,,%s,%s,%s,%s,%s,%s,%s,11,300,12,300,,,,,,,,
177011,1772,400,1,,,,,%s,%s,%s,%s,%s,%s,%s,22,300,23,300,,,,,,,,
177012,1772,450,3,,,,,All heroes %s,Tất cả anh hùng %s,Semua wira %s,All heroes %s,Semua pahlawan %s,ฮีโร่ทั้งหมด %s,Lahat ng mga bayani %s,7,0.60%,8,0.60%,,,,,,,,
177013,1772,500,1,,,,,%s,%s,%s,%s,%s,%s,%s,24,500,,,,,,,,,,
180001,1801,20,1,,,,,All basic attributes %s,Tất cả các thuộc tính cơ bản %s,Semua atribut asas %s,All basic attributes %s,Semua atribut dasar %s,คุณสมบัติพื้นฐานทั้งหมด %s,Lahat ng pangunahing katangian %s,7,1%,8,1%,1,1%,9,1%,10,1%,13,1%
180002,1801,40,1,,,,,%s,%s,%s,%s,%s,%s,%s,1,3%,,,,,,,,,,
180003,1801,60,1,,,,,%s,%s,%s,%s,%s,%s,%s,14,300,15,300,,,,,,,,
180004,1801,80,1,,,,,All basic attributes %s,Tất cả các thuộc tính cơ bản %s,Semua atribut asas %s,All basic attributes %s,Semua atribut dasar %s,คุณสมบัติพื้นฐานทั้งหมด %s,Lahat ng pangunahing katangian %s,7,0.50%,8,0.50%,1,0.50%,9,0.50%,10,0.50%,13,0.50%
180005,1801,100,1,,,,,%s,%s,%s,%s,%s,%s,%s,7,3%,8,3%,,,,,,,,
180006,1801,150,3,,,,,All heroes %s,Tất cả anh hùng %s,Semua wira %s,All heroes %s,Semua pahlawan %s,ฮีโร่ทั้งหมด %s,Lahat ng mga bayani %s,9,0.50%,10,0.50%,,,,,,,,
180007,1801,200,1,,,,,%s,%s,%s,%s,%s,%s,%s,17,300,19,300,,,,,,,,
180008,1801,250,1,,,,,%s,%s,%s,%s,%s,%s,%s,9,3%,10,3%,,,,,,,,
180009,1801,300,3,,,,,All heroes %s,Tất cả anh hùng %s,Semua wira %s,All heroes %s,Semua pahlawan %s,ฮีโร่ทั้งหมด %s,Lahat ng mga bayani %s,7,0.50%,8,0.50%,,,,,,,,
180010,1801,350,1,,,,,%s,%s,%s,%s,%s,%s,%s,11,300,12,300,,,,,,,,
180011,1801,400,1,,,,,%s,%s,%s,%s,%s,%s,%s,22,300,23,300,,,,,,,,
180012,1801,450,3,,,,,All heroes %s,Tất cả anh hùng %s,Semua wira %s,All heroes %s,Semua pahlawan %s,ฮีโร่ทั้งหมด %s,Lahat ng mga bayani %s,1,0.50%,,,,,,,,,,
180013,1801,500,1,,,,,%s,%s,%s,%s,%s,%s,%s,24,500,,,,,,,,,,
181001,1813,20,1,,,,,All basic attributes %s,Tất cả các thuộc tính cơ bản %s,Semua atribut asas %s,All basic attributes %s,Semua atribut dasar %s,คุณสมบัติพื้นฐานทั้งหมด %s,Lahat ng pangunahing katangian %s,7,1%,8,1%,1,1%,9,1%,10,1%,13,1%
181002,1813,40,1,,,,,%s,%s,%s,%s,%s,%s,%s,1,3%,,,,,,,,,,
181003,1813,60,1,,,,,%s,%s,%s,%s,%s,%s,%s,14,300,15,300,,,,,,,,
181004,1813,80,1,,,,,All basic attributes %s,Tất cả các thuộc tính cơ bản %s,Semua atribut asas %s,All basic attributes %s,Semua atribut dasar %s,คุณสมบัติพื้นฐานทั้งหมด %s,Lahat ng pangunahing katangian %s,7,0.60%,8,0.60%,1,0.60%,9,0.60%,10,0.60%,13,0.60%
181005,1813,100,1,,,,,%s,%s,%s,%s,%s,%s,%s,7,3%,8,3%,,,,,,,,
181006,1813,150,3,,,,,All heroes %s,Tất cả anh hùng %s,Semua wira %s,All heroes %s,Semua pahlawan %s,ฮีโร่ทั้งหมด %s,Lahat ng mga bayani %s,9,0.60%,10,0.60%,,,,,,,,
181007,1813,200,1,,,,,%s,%s,%s,%s,%s,%s,%s,17,300,19,300,,,,,,,,
181008,1813,250,1,,,,,%s,%s,%s,%s,%s,%s,%s,9,3%,10,3%,,,,,,,,
181009,1813,300,3,,,,,All heroes %s,Tất cả anh hùng %s,Semua wira %s,All heroes %s,Semua pahlawan %s,ฮีโร่ทั้งหมด %s,Lahat ng mga bayani %s,7,0.60%,8,0.60%,,,,,,,,
181010,1813,350,1,,,,,%s,%s,%s,%s,%s,%s,%s,11,300,12,300,,,,,,,,
181011,1813,400,1,,,,,%s,%s,%s,%s,%s,%s,%s,22,300,23,300,,,,,,,,
181012,1813,450,3,,,,,All heroes %s,Tất cả anh hùng %s,Semua wira %s,All heroes %s,Semua pahlawan %s,ฮีโร่ทั้งหมด %s,Lahat ng mga bayani %s,9,0.60%,10,0.60%,,,,,,,,
181013,1813,500,1,,,,,%s,%s,%s,%s,%s,%s,%s,24,500,,,,,,,,,,
184001,1841,20,1,,,,,All basic attributes %s,Tất cả các thuộc tính cơ bản %s,Semua atribut asas %s,All basic attributes %s,Semua atribut dasar %s,คุณสมบัติพื้นฐานทั้งหมด %s,Lahat ng pangunahing katangian %s,7,1%,8,1%,1,1%,9,1%,10,1%,13,1%
184002,1841,40,1,,,,,%s,%s,%s,%s,%s,%s,%s,1,3%,,,,,,,,,,
184003,1841,60,1,,,,,%s,%s,%s,%s,%s,%s,%s,14,300,15,300,,,,,,,,
184004,1841,80,1,,,,,All basic attributes %s,Tất cả các thuộc tính cơ bản %s,Semua atribut asas %s,All basic attributes %s,Semua atribut dasar %s,คุณสมบัติพื้นฐานทั้งหมด %s,Lahat ng pangunahing katangian %s,7,0.50%,8,0.50%,1,0.50%,9,0.50%,10,0.50%,13,0.50%
184005,1841,100,1,,,,,%s,%s,%s,%s,%s,%s,%s,7,3%,8,3%,,,,,,,,
184006,1841,150,3,,,,,All heroes %s,Tất cả anh hùng %s,Semua wira %s,All heroes %s,Semua pahlawan %s,ฮีโร่ทั้งหมด %s,Lahat ng mga bayani %s,7,0.50%,8,0.50%,,,,,,,,
184007,1841,200,1,,,,,%s,%s,%s,%s,%s,%s,%s,17,300,19,300,,,,,,,,
184008,1841,250,1,,,,,%s,%s,%s,%s,%s,%s,%s,9,3%,10,3%,,,,,,,,
184009,1841,300,3,,,,,All heroes %s,Tất cả anh hùng %s,Semua wira %s,All heroes %s,Semua pahlawan %s,ฮีโร่ทั้งหมด %s,Lahat ng mga bayani %s,1,0.50%,,,,,,,,,,
184010,1841,350,1,,,,,%s,%s,%s,%s,%s,%s,%s,11,300,12,300,,,,,,,,
184011,1841,400,1,,,,,%s,%s,%s,%s,%s,%s,%s,22,300,23,300,,,,,,,,
184012,1841,450,3,,,,,All heroes %s,Tất cả anh hùng %s,Semua wira %s,All heroes %s,Semua pahlawan %s,ฮีโร่ทั้งหมด %s,Lahat ng mga bayani %s,1,0.60%,,,,,,,,,,
184013,1841,500,1,,,,,%s,%s,%s,%s,%s,%s,%s,24,500,,,,,,,,,,
185001,1851,20,1,,,,,All basic attributes %s,Tất cả các thuộc tính cơ bản %s,Semua atribut asas %s,All basic attributes %s,Semua atribut dasar %s,คุณสมบัติพื้นฐานทั้งหมด %s,Lahat ng pangunahing katangian %s,7,1%,8,1%,1,1%,9,1%,10,1%,13,1%
185002,1851,40,1,,,,,%s,%s,%s,%s,%s,%s,%s,1,3%,,,,,,,,,,
185003,1851,60,1,,,,,%s,%s,%s,%s,%s,%s,%s,14,300,15,300,,,,,,,,
185004,1851,80,1,,,,,All basic attributes %s,Tất cả các thuộc tính cơ bản %s,Semua atribut asas %s,All basic attributes %s,Semua atribut dasar %s,คุณสมบัติพื้นฐานทั้งหมด %s,Lahat ng pangunahing katangian %s,7,0.50%,8,0.50%,1,0.50%,9,0.50%,10,0.50%,13,0.50%
185005,1851,100,1,,,,,%s,%s,%s,%s,%s,%s,%s,7,3%,8,3%,,,,,,,,
185006,1851,150,3,,,,,All heroes %s,Tất cả anh hùng %s,Semua wira %s,All heroes %s,Semua pahlawan %s,ฮีโร่ทั้งหมด %s,Lahat ng mga bayani %s,1,0.50%,,,,,,,,,,
185007,1851,200,1,,,,,%s,%s,%s,%s,%s,%s,%s,17,300,19,300,,,,,,,,
185008,1851,250,1,,,,,%s,%s,%s,%s,%s,%s,%s,9,3%,10,3%,,,,,,,,
185009,1851,300,3,,,,,All heroes %s,Tất cả anh hùng %s,Semua wira %s,All heroes %s,Semua pahlawan %s,ฮีโร่ทั้งหมด %s,Lahat ng mga bayani %s,9,0.50%,10,0.50%,,,,,,,,
185010,1851,350,1,,,,,%s,%s,%s,%s,%s,%s,%s,11,300,12,300,,,,,,,,
185011,1851,400,1,,,,,%s,%s,%s,%s,%s,%s,%s,22,300,23,300,,,,,,,,
185012,1851,450,3,,,,,All heroes %s,Tất cả anh hùng %s,Semua wira %s,All heroes %s,Semua pahlawan %s,ฮีโร่ทั้งหมด %s,Lahat ng mga bayani %s,7,0.50%,8,0.50%,,,,,,,,
185013,1851,500,1,,,,,%s,%s,%s,%s,%s,%s,%s,24,500,,,,,,,,,,
186001,1861,20,1,,,,,All basic attributes %s,Tất cả các thuộc tính cơ bản %s,Semua atribut asas %s,All basic attributes %s,Semua atribut dasar %s,คุณสมบัติพื้นฐานทั้งหมด %s,Lahat ng pangunahing katangian %s,7,1%,8,1%,1,1%,9,1%,10,1%,13,1%
186002,1861,40,1,,,,,%s,%s,%s,%s,%s,%s,%s,1,3%,,,,,,,,,,
186003,1861,60,1,,,,,%s,%s,%s,%s,%s,%s,%s,14,300,15,300,,,,,,,,
186004,1861,80,1,,,,,All basic attributes %s,Tất cả các thuộc tính cơ bản %s,Semua atribut asas %s,All basic attributes %s,Semua atribut dasar %s,คุณสมบัติพื้นฐานทั้งหมด %s,Lahat ng pangunahing katangian %s,7,0.50%,8,0.50%,1,0.50%,9,0.50%,10,0.50%,13,0.50%
186005,1861,100,1,,,,,%s,%s,%s,%s,%s,%s,%s,7,3%,8,3%,,,,,,,,
186006,1861,150,3,,,,,All heroes %s,Tất cả anh hùng %s,Semua wira %s,All heroes %s,Semua pahlawan %s,ฮีโร่ทั้งหมด %s,Lahat ng mga bayani %s,9,0.50%,10,0.50%,,,,,,,,
186007,1861,200,1,,,,,%s,%s,%s,%s,%s,%s,%s,17,300,19,300,,,,,,,,
186008,1861,250,1,,,,,%s,%s,%s,%s,%s,%s,%s,9,3%,10,3%,,,,,,,,
186009,1861,300,3,,,,,All heroes %s,Tất cả anh hùng %s,Semua wira %s,All heroes %s,Semua pahlawan %s,ฮีโร่ทั้งหมด %s,Lahat ng mga bayani %s,7,0.50%,8,0.50%,,,,,,,,
186010,1861,350,1,,,,,%s,%s,%s,%s,%s,%s,%s,11,300,12,300,,,,,,,,
186011,1861,400,1,,,,,%s,%s,%s,%s,%s,%s,%s,22,300,23,300,,,,,,,,
186012,1861,450,3,,,,,All heroes %s,Tất cả anh hùng %s,Semua wira %s,All heroes %s,Semua pahlawan %s,ฮีโร่ทั้งหมด %s,Lahat ng mga bayani %s,1,0.50%,,,,,,,,,,
186013,1861,500,1,,,,,%s,%s,%s,%s,%s,%s,%s,24,500,,,,,,,,,,
189001,1893,20,1,,,,,All basic attributes %s,Tất cả các thuộc tính cơ bản %s,Semua atribut asas %s,All basic attributes %s,Semua atribut dasar %s,คุณสมบัติพื้นฐานทั้งหมด %s,Lahat ng pangunahing katangian %s,7,1%,8,1%,1,1%,9,1%,10,1%,13,1%
189002,1893,40,1,,,,,%s,%s,%s,%s,%s,%s,%s,1,3%,,,,,,,,,,
189003,1893,60,1,,,,,%s,%s,%s,%s,%s,%s,%s,14,300,15,300,,,,,,,,
189004,1893,80,1,,,,,All basic attributes %s,Tất cả các thuộc tính cơ bản %s,Semua atribut asas %s,All basic attributes %s,Semua atribut dasar %s,คุณสมบัติพื้นฐานทั้งหมด %s,Lahat ng pangunahing katangian %s,7,1%,8,1%,1,1%,9,1%,10,1%,13,1%
189005,1893,100,1,,,,,%s,%s,%s,%s,%s,%s,%s,7,3%,8,3%,,,,,,,,
189006,1893,150,3,,,,,All heroes %s,Tất cả anh hùng %s,Semua wira %s,All heroes %s,Semua pahlawan %s,ฮีโร่ทั้งหมด %s,Lahat ng mga bayani %s,1,1.00%,,,,,,,,,,
189007,1893,200,1,,,,,%s,%s,%s,%s,%s,%s,%s,17,300,19,300,,,,,,,,
189008,1893,250,1,,,,,%s,%s,%s,%s,%s,%s,%s,9,3%,10,3%,,,,,,,,
189009,1893,300,3,,,,,All heroes %s,Tất cả anh hùng %s,Semua wira %s,All heroes %s,Semua pahlawan %s,ฮีโร่ทั้งหมด %s,Lahat ng mga bayani %s,9,1.00%,10,1.00%,,,,,,,,
189010,1893,350,1,,,,,%s,%s,%s,%s,%s,%s,%s,11,300,12,300,,,,,,,,
189011,1893,400,1,,,,,%s,%s,%s,%s,%s,%s,%s,22,300,23,300,,,,,,,,
189012,1893,450,3,,,,,All heroes %s,Tất cả anh hùng %s,Semua wira %s,All heroes %s,Semua pahlawan %s,ฮีโร่ทั้งหมด %s,Lahat ng mga bayani %s,1,0.60%,,,,,,,,,,
189013,1893,500,1,,,,,%s,%s,%s,%s,%s,%s,%s,24,500,,,,,,,,,,
190001,1903,20,1,,,,,All basic attributes %s,Tất cả các thuộc tính cơ bản %s,Semua atribut asas %s,All basic attributes %s,Semua atribut dasar %s,คุณสมบัติพื้นฐานทั้งหมด %s,Lahat ng pangunahing katangian %s,7,1%,8,1%,1,1%,9,1%,10,1%,13,1%
190002,1903,40,1,,,,,%s,%s,%s,%s,%s,%s,%s,1,3%,,,,,,,,,,
190003,1903,60,1,,,,,%s,%s,%s,%s,%s,%s,%s,14,300,15,300,,,,,,,,
190004,1903,80,1,,,,,All basic attributes %s,Tất cả các thuộc tính cơ bản %s,Semua atribut asas %s,All basic attributes %s,Semua atribut dasar %s,คุณสมบัติพื้นฐานทั้งหมด %s,Lahat ng pangunahing katangian %s,7,1%,8,1%,1,1%,9,1%,10,1%,13,1%
190005,1903,100,1,,,,,%s,%s,%s,%s,%s,%s,%s,7,3%,8,3%,,,,,,,,
190006,1903,150,3,,,,,All heroes %s,Tất cả anh hùng %s,Semua wira %s,All heroes %s,Semua pahlawan %s,ฮีโร่ทั้งหมด %s,Lahat ng mga bayani %s,9,1.00%,10,1.00%,,,,,,,,
190007,1903,200,1,,,,,%s,%s,%s,%s,%s,%s,%s,17,300,19,300,,,,,,,,
190008,1903,250,1,,,,,%s,%s,%s,%s,%s,%s,%s,9,3%,10,3%,,,,,,,,
190009,1903,300,3,,,,,All heroes %s,Tất cả anh hùng %s,Semua wira %s,All heroes %s,Semua pahlawan %s,ฮีโร่ทั้งหมด %s,Lahat ng mga bayani %s,7,1.00%,8,1.00%,,,,,,,,
190010,1903,350,1,,,,,%s,%s,%s,%s,%s,%s,%s,11,300,12,300,,,,,,,,
190011,1903,400,1,,,,,%s,%s,%s,%s,%s,%s,%s,22,300,23,300,,,,,,,,
190012,1903,450,3,,,,,All heroes %s,Tất cả anh hùng %s,Semua wira %s,All heroes %s,Semua pahlawan %s,ฮีโร่ทั้งหมด %s,Lahat ng mga bayani %s,9,0.60%,10,0.60%,,,,,,,,
190013,1903,500,1,,,,,%s,%s,%s,%s,%s,%s,%s,24,500,,,,,,,,,,
191001,1911,20,1,,,,,All basic attributes %s,Tất cả các thuộc tính cơ bản %s,Semua atribut asas %s,All basic attributes %s,Semua atribut dasar %s,คุณสมบัติพื้นฐานทั้งหมด %s,Lahat ng pangunahing katangian %s,7,1%,8,1%,1,1%,9,1%,10,1%,13,1%
191002,1911,40,1,,,,,%s,%s,%s,%s,%s,%s,%s,1,3%,,,,,,,,,,
191003,1911,60,1,,,,,%s,%s,%s,%s,%s,%s,%s,14,300,15,300,,,,,,,,
191004,1911,80,1,,,,,All basic attributes %s,Tất cả các thuộc tính cơ bản %s,Semua atribut asas %s,All basic attributes %s,Semua atribut dasar %s,คุณสมบัติพื้นฐานทั้งหมด %s,Lahat ng pangunahing katangian %s,7,0.60%,8,0.60%,1,0.60%,9,0.60%,10,0.60%,13,0.60%
191005,1911,100,1,,,,,%s,%s,%s,%s,%s,%s,%s,7,3%,8,3%,,,,,,,,
191006,1911,150,3,,,,,All heroes %s,Tất cả anh hùng %s,Semua wira %s,All heroes %s,Semua pahlawan %s,ฮีโร่ทั้งหมด %s,Lahat ng mga bayani %s,7,0.60%,8,0.60%,,,,,,,,
191007,1911,200,1,,,,,%s,%s,%s,%s,%s,%s,%s,17,300,19,300,,,,,,,,
191008,1911,250,1,,,,,%s,%s,%s,%s,%s,%s,%s,9,3%,10,3%,,,,,,,,
191009,1911,300,3,,,,,All heroes %s,Tất cả anh hùng %s,Semua wira %s,All heroes %s,Semua pahlawan %s,ฮีโร่ทั้งหมด %s,Lahat ng mga bayani %s,1,0.60%,,,,,,,,,,
191010,1911,350,1,,,,,%s,%s,%s,%s,%s,%s,%s,11,300,12,300,,,,,,,,
191011,1911,400,1,,,,,%s,%s,%s,%s,%s,%s,%s,22,300,23,300,,,,,,,,
191012,1911,450,3,,,,,All heroes %s,Tất cả anh hùng %s,Semua wira %s,All heroes %s,Semua pahlawan %s,ฮีโร่ทั้งหมด %s,Lahat ng mga bayani %s,1,0.60%,,,,,,,,,,
191013,1911,500,1,,,,,%s,%s,%s,%s,%s,%s,%s,24,500,,,,,,,,,,
192001,1921,20,1,,,,,All basic attributes %s,Tất cả các thuộc tính cơ bản %s,Semua atribut asas %s,All basic attributes %s,Semua atribut dasar %s,คุณสมบัติพื้นฐานทั้งหมด %s,Lahat ng pangunahing katangian %s,7,1%,8,1%,1,1%,9,1%,10,1%,13,1%
192002,1921,40,1,,,,,%s,%s,%s,%s,%s,%s,%s,1,3%,,,,,,,,,,
192003,1921,60,1,,,,,%s,%s,%s,%s,%s,%s,%s,14,300,15,300,,,,,,,,
192004,1921,80,1,,,,,All basic attributes %s,Tất cả các thuộc tính cơ bản %s,Semua atribut asas %s,All basic attributes %s,Semua atribut dasar %s,คุณสมบัติพื้นฐานทั้งหมด %s,Lahat ng pangunahing katangian %s,7,0.60%,8,0.60%,1,0.60%,9,0.60%,10,0.60%,13,0.60%
192005,1921,100,1,,,,,%s,%s,%s,%s,%s,%s,%s,7,3%,8,3%,,,,,,,,
192006,1921,150,3,,,,,All heroes %s,Tất cả anh hùng %s,Semua wira %s,All heroes %s,Semua pahlawan %s,ฮีโร่ทั้งหมด %s,Lahat ng mga bayani %s,9,0.60%,10,0.60%,,,,,,,,
192007,1921,200,1,,,,,%s,%s,%s,%s,%s,%s,%s,17,300,19,300,,,,,,,,
192008,1921,250,1,,,,,%s,%s,%s,%s,%s,%s,%s,9,3%,10,3%,,,,,,,,
192009,1921,300,3,,,,,All heroes %s,Tất cả anh hùng %s,Semua wira %s,All heroes %s,Semua pahlawan %s,ฮีโร่ทั้งหมด %s,Lahat ng mga bayani %s,7,0.60%,8,0.60%,,,,,,,,
192010,1921,350,1,,,,,%s,%s,%s,%s,%s,%s,%s,11,300,12,300,,,,,,,,
192011,1921,400,1,,,,,%s,%s,%s,%s,%s,%s,%s,22,300,23,300,,,,,,,,
192012,1921,450,3,,,,,All heroes %s,Tất cả anh hùng %s,Semua wira %s,All heroes %s,Semua pahlawan %s,ฮีโร่ทั้งหมด %s,Lahat ng mga bayani %s,7,0.60%,8,0.60%,,,,,,,,
192013,1921,500,1,,,,,%s,%s,%s,%s,%s,%s,%s,24,500,,,,,,,,,,
193001,1931,20,1,,,,,All basic attributes %s,Tất cả các thuộc tính cơ bản %s,Semua atribut asas %s,All basic attributes %s,Semua atribut dasar %s,คุณสมบัติพื้นฐานทั้งหมด %s,Lahat ng pangunahing katangian %s,7,1%,8,1%,1,1%,9,1%,10,1%,13,1%
193002,1931,40,1,,,,,%s,%s,%s,%s,%s,%s,%s,1,3%,,,,,,,,,,
193003,1931,60,1,,,,,%s,%s,%s,%s,%s,%s,%s,14,300,15,300,,,,,,,,
193004,1931,80,1,,,,,All basic attributes %s,Tất cả các thuộc tính cơ bản %s,Semua atribut asas %s,All basic attributes %s,Semua atribut dasar %s,คุณสมบัติพื้นฐานทั้งหมด %s,Lahat ng pangunahing katangian %s,7,0.60%,8,0.60%,1,0.60%,9,0.60%,10,0.60%,13,0.60%
193005,1931,100,1,,,,,%s,%s,%s,%s,%s,%s,%s,7,3%,8,3%,,,,,,,,
193006,1931,150,3,,,,,All heroes %s,Tất cả anh hùng %s,Semua wira %s,All heroes %s,Semua pahlawan %s,ฮีโร่ทั้งหมด %s,Lahat ng mga bayani %s,9,0.60%,10,0.60%,,,,,,,,
193007,1931,200,1,,,,,%s,%s,%s,%s,%s,%s,%s,17,300,19,300,,,,,,,,
193008,1931,250,1,,,,,%s,%s,%s,%s,%s,%s,%s,9,3%,10,3%,,,,,,,,
193009,1931,300,3,,,,,All heroes %s,Tất cả anh hùng %s,Semua wira %s,All heroes %s,Semua pahlawan %s,ฮีโร่ทั้งหมด %s,Lahat ng mga bayani %s,7,0.60%,8,0.60%,,,,,,,,
193010,1931,350,1,,,,,%s,%s,%s,%s,%s,%s,%s,11,300,12,300,,,,,,,,
193011,1931,400,1,,,,,%s,%s,%s,%s,%s,%s,%s,22,300,23,300,,,,,,,,
193012,1931,450,3,,,,,All heroes %s,Tất cả anh hùng %s,Semua wira %s,All heroes %s,Semua pahlawan %s,ฮีโร่ทั้งหมด %s,Lahat ng mga bayani %s,7,0.60%,8,0.60%,,,,,,,,
193013,1931,500,1,,,,,%s,%s,%s,%s,%s,%s,%s,24,500,,,,,,,,,,
194001,1941,20,1,,,,,All basic attributes %s,Tất cả các thuộc tính cơ bản %s,Semua atribut asas %s,All basic attributes %s,Semua atribut dasar %s,คุณสมบัติพื้นฐานทั้งหมด %s,Lahat ng pangunahing katangian %s,7,1%,8,1%,1,1%,9,1%,10,1%,13,1%
194002,1941,40,1,,,,,%s,%s,%s,%s,%s,%s,%s,1,3%,,,,,,,,,,
194003,1941,60,1,,,,,%s,%s,%s,%s,%s,%s,%s,14,300,15,300,,,,,,,,
194004,1941,80,1,,,,,All basic attributes %s,Tất cả các thuộc tính cơ bản %s,Semua atribut asas %s,All basic attributes %s,Semua atribut dasar %s,คุณสมบัติพื้นฐานทั้งหมด %s,Lahat ng pangunahing katangian %s,7,0.60%,8,0.60%,1,0.60%,9,0.60%,10,0.60%,13,0.60%
194005,1941,100,1,,,,,%s,%s,%s,%s,%s,%s,%s,7,3%,8,3%,,,,,,,,
194006,1941,150,3,,,,,All heroes %s,Tất cả anh hùng %s,Semua wira %s,All heroes %s,Semua pahlawan %s,ฮีโร่ทั้งหมด %s,Lahat ng mga bayani %s,7,0.60%,8,0.60%,,,,,,,,
194007,1941,200,1,,,,,%s,%s,%s,%s,%s,%s,%s,17,300,19,300,,,,,,,,
194008,1941,250,1,,,,,%s,%s,%s,%s,%s,%s,%s,9,3%,10,3%,,,,,,,,
194009,1941,300,3,,,,,All heroes %s,Tất cả anh hùng %s,Semua wira %s,All heroes %s,Semua pahlawan %s,ฮีโร่ทั้งหมด %s,Lahat ng mga bayani %s,1,0.60%,,,,,,,,,,
194010,1941,350,1,,,,,%s,%s,%s,%s,%s,%s,%s,11,300,12,300,,,,,,,,
194011,1941,400,1,,,,,%s,%s,%s,%s,%s,%s,%s,22,300,23,300,,,,,,,,
194012,1941,450,3,,,,,All heroes %s,Tất cả anh hùng %s,Semua wira %s,All heroes %s,Semua pahlawan %s,ฮีโร่ทั้งหมด %s,Lahat ng mga bayani %s,9,0.60%,10,0.60%,,,,,,,,
194013,1941,500,1,,,,,%s,%s,%s,%s,%s,%s,%s,24,500,,,,,,,,,,
195001,1951,20,1,,,,,All basic attributes %s,Tất cả các thuộc tính cơ bản %s,Semua atribut asas %s,All basic attributes %s,Semua atribut dasar %s,คุณสมบัติพื้นฐานทั้งหมด %s,Lahat ng pangunahing katangian %s,7,1%,8,1%,1,1%,9,1%,10,1%,13,1%
195002,1951,40,1,,,,,%s,%s,%s,%s,%s,%s,%s,1,3%,,,,,,,,,,
195003,1951,60,1,,,,,%s,%s,%s,%s,%s,%s,%s,14,300,15,300,,,,,,,,
195004,1951,80,1,,,,,All basic attributes %s,Tất cả các thuộc tính cơ bản %s,Semua atribut asas %s,All basic attributes %s,Semua atribut dasar %s,คุณสมบัติพื้นฐานทั้งหมด %s,Lahat ng pangunahing katangian %s,7,0.60%,8,0.60%,1,0.60%,9,0.60%,10,0.60%,13,0.60%
195005,1951,100,1,,,,,%s,%s,%s,%s,%s,%s,%s,7,3%,8,3%,,,,,,,,
195006,1951,150,3,,,,,All heroes %s,Tất cả anh hùng %s,Semua wira %s,All heroes %s,Semua pahlawan %s,ฮีโร่ทั้งหมด %s,Lahat ng mga bayani %s,9,0.60%,10,0.60%,,,,,,,,
195007,1951,200,1,,,,,%s,%s,%s,%s,%s,%s,%s,17,300,19,300,,,,,,,,
195008,1951,250,1,,,,,%s,%s,%s,%s,%s,%s,%s,9,3%,10,3%,,,,,,,,
195009,1951,300,3,,,,,All heroes %s,Tất cả anh hùng %s,Semua wira %s,All heroes %s,Semua pahlawan %s,ฮีโร่ทั้งหมด %s,Lahat ng mga bayani %s,7,0.60%,8,0.60%,,,,,,,,
195010,1951,350,1,,,,,%s,%s,%s,%s,%s,%s,%s,11,300,12,300,,,,,,,,
195011,1951,400,1,,,,,%s,%s,%s,%s,%s,%s,%s,22,300,23,300,,,,,,,,
195012,1951,450,3,,,,,All heroes %s,Tất cả anh hùng %s,Semua wira %s,All heroes %s,Semua pahlawan %s,ฮีโร่ทั้งหมด %s,Lahat ng mga bayani %s,1,0.60%,,,,,,,,,,
195013,1951,500,1,,,,,%s,%s,%s,%s,%s,%s,%s,24,500,,,,,,,,,,
196001,1961,20,1,,,,,All basic attributes %s,Tất cả các thuộc tính cơ bản %s,Semua atribut asas %s,All basic attributes %s,Semua atribut dasar %s,คุณสมบัติพื้นฐานทั้งหมด %s,Lahat ng pangunahing katangian %s,7,1%,8,1%,1,1%,9,1%,10,1%,13,1%
196002,1961,40,1,,,,,%s,%s,%s,%s,%s,%s,%s,1,3%,,,,,,,,,,
196003,1961,60,1,,,,,%s,%s,%s,%s,%s,%s,%s,14,300,15,300,,,,,,,,
196004,1961,80,1,,,,,All basic attributes %s,Tất cả các thuộc tính cơ bản %s,Semua atribut asas %s,All basic attributes %s,Semua atribut dasar %s,คุณสมบัติพื้นฐานทั้งหมด %s,Lahat ng pangunahing katangian %s,7,1%,8,1%,1,1%,9,1%,10,1%,13,1%
196005,1961,100,1,,,,,%s,%s,%s,%s,%s,%s,%s,7,3%,8,3%,,,,,,,,
196006,1961,150,3,,,,,All heroes %s,Tất cả anh hùng %s,Semua wira %s,All heroes %s,Semua pahlawan %s,ฮีโร่ทั้งหมด %s,Lahat ng mga bayani %s,7,1.00%,8,1.00%,,,,,,,,
196007,1961,200,1,,,,,%s,%s,%s,%s,%s,%s,%s,17,300,19,300,,,,,,,,
196008,1961,250,1,,,,,%s,%s,%s,%s,%s,%s,%s,9,3%,10,3%,,,,,,,,
196009,1961,300,3,,,,,All heroes %s,Tất cả anh hùng %s,Semua wira %s,All heroes %s,Semua pahlawan %s,ฮีโร่ทั้งหมด %s,Lahat ng mga bayani %s,1,1%,,,,,,,,,,
196010,1961,350,1,,,,,%s,%s,%s,%s,%s,%s,%s,11,300,12,300,,,,,,,,
196011,1961,400,1,,,,,%s,%s,%s,%s,%s,%s,%s,22,300,23,300,,,,,,,,
196012,1961,450,3,,,,,All heroes %s,Tất cả anh hùng %s,Semua wira %s,All heroes %s,Semua pahlawan %s,ฮีโร่ทั้งหมด %s,Lahat ng mga bayani %s,9,1.00%,10,1.00%,,,,,,,,
196013,1961,500,1,,,,,%s,%s,%s,%s,%s,%s,%s,24,500,,,,,,,,,,
197001,1971,20,1,,,,,All basic attributes %s,Tất cả các thuộc tính cơ bản %s,Semua atribut asas %s,All basic attributes %s,Semua atribut dasar %s,คุณสมบัติพื้นฐานทั้งหมด %s,Lahat ng pangunahing katangian %s,7,1%,8,1%,1,1%,9,1%,10,1%,13,1%
197002,1971,40,1,,,,,%s,%s,%s,%s,%s,%s,%s,1,3%,,,,,,,,,,
197003,1971,60,1,,,,,%s,%s,%s,%s,%s,%s,%s,14,300,15,300,,,,,,,,
197004,1971,80,1,,,,,All basic attributes %s,Tất cả các thuộc tính cơ bản %s,Semua atribut asas %s,All basic attributes %s,Semua atribut dasar %s,คุณสมบัติพื้นฐานทั้งหมด %s,Lahat ng pangunahing katangian %s,7,1%,8,1%,1,1%,9,1%,10,1%,13,1%
197005,1971,100,1,,,,,%s,%s,%s,%s,%s,%s,%s,7,3%,8,3%,,,,,,,,
197006,1971,150,3,,,,,All heroes %s,Tất cả anh hùng %s,Semua wira %s,All heroes %s,Semua pahlawan %s,ฮีโร่ทั้งหมด %s,Lahat ng mga bayani %s,7,1.00%,8,1.00%,,,,,,,,
197007,1971,200,1,,,,,%s,%s,%s,%s,%s,%s,%s,17,300,19,300,,,,,,,,
197008,1971,250,1,,,,,%s,%s,%s,%s,%s,%s,%s,9,3%,10,3%,,,,,,,,
197009,1971,300,3,,,,,All heroes %s,Tất cả anh hùng %s,Semua wira %s,All heroes %s,Semua pahlawan %s,ฮีโร่ทั้งหมด %s,Lahat ng mga bayani %s,1,1%,,,,,,,,,,
197010,1971,350,1,,,,,%s,%s,%s,%s,%s,%s,%s,11,300,12,300,,,,,,,,
197011,1971,400,1,,,,,%s,%s,%s,%s,%s,%s,%s,22,300,23,300,,,,,,,,
197012,1971,450,3,,,,,All heroes %s,Tất cả anh hùng %s,Semua wira %s,All heroes %s,Semua pahlawan %s,ฮีโร่ทั้งหมด %s,Lahat ng mga bayani %s,1,1.00%,,,,,,,,,,
197013,1971,500,1,,,,,%s,%s,%s,%s,%s,%s,%s,24,500,,,,,,,,,,
198001,1981,20,1,,,,,All basic attributes %s,Tất cả các thuộc tính cơ bản %s,Semua atribut asas %s,All basic attributes %s,Semua atribut dasar %s,คุณสมบัติพื้นฐานทั้งหมด %s,Lahat ng pangunahing katangian %s,7,1%,8,1%,1,1%,9,1%,10,1%,13,1%
198002,1981,40,1,,,,,%s,%s,%s,%s,%s,%s,%s,1,3%,,,,,,,,,,
198003,1981,60,1,,,,,%s,%s,%s,%s,%s,%s,%s,14,300,15,300,,,,,,,,
198004,1981,80,1,,,,,All basic attributes %s,Tất cả các thuộc tính cơ bản %s,Semua atribut asas %s,All basic attributes %s,Semua atribut dasar %s,คุณสมบัติพื้นฐานทั้งหมด %s,Lahat ng pangunahing katangian %s,7,1%,8,1%,1,1%,9,1%,10,1%,13,1%
198005,1981,100,1,,,,,%s,%s,%s,%s,%s,%s,%s,7,3%,8,3%,,,,,,,,
198006,1981,150,3,,,,,All heroes %s,Tất cả anh hùng %s,Semua wira %s,All heroes %s,Semua pahlawan %s,ฮีโร่ทั้งหมด %s,Lahat ng mga bayani %s,9,1.00%,10,1.00%,,,,,,,,
198007,1981,200,1,,,,,%s,%s,%s,%s,%s,%s,%s,17,300,19,300,,,,,,,,
198008,1981,250,1,,,,,%s,%s,%s,%s,%s,%s,%s,9,3%,10,3%,,,,,,,,
198009,1981,300,3,,,,,All heroes %s,Tất cả anh hùng %s,Semua wira %s,All heroes %s,Semua pahlawan %s,ฮีโร่ทั้งหมด %s,Lahat ng mga bayani %s,7,1.00%,8,1.00%,,,,,,,,
198010,1981,350,1,,,,,%s,%s,%s,%s,%s,%s,%s,11,300,12,300,,,,,,,,
198011,1981,400,1,,,,,%s,%s,%s,%s,%s,%s,%s,22,300,23,300,,,,,,,,
198012,1981,450,3,,,,,All heroes %s,Tất cả anh hùng %s,Semua wira %s,All heroes %s,Semua pahlawan %s,ฮีโร่ทั้งหมด %s,Lahat ng mga bayani %s,1,1.00%,,,,,,,,,,
198013,1981,500,1,,,,,%s,%s,%s,%s,%s,%s,%s,24,500,,,,,,,,,,
199001,1991,20,1,,,,,All basic attributes %s,Tất cả các thuộc tính cơ bản %s,Semua atribut asas %s,All basic attributes %s,Semua atribut dasar %s,คุณสมบัติพื้นฐานทั้งหมด %s,Lahat ng pangunahing katangian %s,7,1%,8,1%,1,1%,9,1%,10,1%,13,1%
199002,1991,40,1,,,,,%s,%s,%s,%s,%s,%s,%s,1,3%,,,,,,,,,,
199003,1991,60,1,,,,,%s,%s,%s,%s,%s,%s,%s,14,300,15,300,,,,,,,,
199004,1991,80,1,,,,,All basic attributes %s,Tất cả các thuộc tính cơ bản %s,Semua atribut asas %s,All basic attributes %s,Semua atribut dasar %s,คุณสมบัติพื้นฐานทั้งหมด %s,Lahat ng pangunahing katangian %s,7,1%,8,1%,1,1%,9,1%,10,1%,13,1%
199005,1991,100,1,,,,,%s,%s,%s,%s,%s,%s,%s,7,3%,8,3%,,,,,,,,
199006,1991,150,3,,,,,All heroes %s,Tất cả anh hùng %s,Semua wira %s,All heroes %s,Semua pahlawan %s,ฮีโร่ทั้งหมด %s,Lahat ng mga bayani %s,7,1.00%,8,1.00%,,,,,,,,
199007,1991,200,1,,,,,%s,%s,%s,%s,%s,%s,%s,17,300,19,300,,,,,,,,
199008,1991,250,1,,,,,%s,%s,%s,%s,%s,%s,%s,9,3%,10,3%,,,,,,,,
199009,1991,300,3,,,,,All heroes %s,Tất cả anh hùng %s,Semua wira %s,All heroes %s,Semua pahlawan %s,ฮีโร่ทั้งหมด %s,Lahat ng mga bayani %s,1,1%,,,,,,,,,,
199010,1991,350,1,,,,,%s,%s,%s,%s,%s,%s,%s,11,300,12,300,,,,,,,,
199011,1991,400,1,,,,,%s,%s,%s,%s,%s,%s,%s,22,300,23,300,,,,,,,,
199012,1991,450,3,,,,,All heroes %s,Tất cả anh hùng %s,Semua wira %s,All heroes %s,Semua pahlawan %s,ฮีโร่ทั้งหมด %s,Lahat ng mga bayani %s,9,1.00%,10,1.00%,,,,,,,,
199013,1991,500,1,,,,,%s,%s,%s,%s,%s,%s,%s,24,500,,,,,,,,,,
201001,2013,20,1,,,,,All basic attributes %s,Tất cả các thuộc tính cơ bản %s,Semua atribut asas %s,All basic attributes %s,Semua atribut dasar %s,คุณสมบัติพื้นฐานทั้งหมด %s,Lahat ng pangunahing katangian %s,7,1%,8,1%,1,1%,9,1%,10,1%,13,1%
201002,2013,40,1,,,,,%s,%s,%s,%s,%s,%s,%s,1,3%,,,,,,,,,,
201003,2013,60,1,,,,,%s,%s,%s,%s,%s,%s,%s,14,300,15,300,,,,,,,,
201004,2013,80,1,,,,,All basic attributes %s,Tất cả các thuộc tính cơ bản %s,Semua atribut asas %s,All basic attributes %s,Semua atribut dasar %s,คุณสมบัติพื้นฐานทั้งหมด %s,Lahat ng pangunahing katangian %s,7,0.50%,8,0.50%,1,0.50%,9,0.50%,10,0.50%,13,0.50%
201005,2013,100,1,,,,,%s,%s,%s,%s,%s,%s,%s,7,3%,8,3%,,,,,,,,
201006,2013,150,3,,,,,All heroes %s,Tất cả anh hùng %s,Semua wira %s,All heroes %s,Semua pahlawan %s,ฮีโร่ทั้งหมด %s,Lahat ng mga bayani %s,9,0.50%,10,0.50%,,,,,,,,
201007,2013,200,1,,,,,%s,%s,%s,%s,%s,%s,%s,17,300,19,300,,,,,,,,
201008,2013,250,1,,,,,%s,%s,%s,%s,%s,%s,%s,9,3%,10,3%,,,,,,,,
201009,2013,300,3,,,,,All heroes %s,Tất cả anh hùng %s,Semua wira %s,All heroes %s,Semua pahlawan %s,ฮีโร่ทั้งหมด %s,Lahat ng mga bayani %s,7,0.50%,8,0.50%,,,,,,,,
201010,2013,350,1,,,,,%s,%s,%s,%s,%s,%s,%s,11,300,12,300,,,,,,,,
201011,2013,400,1,,,,,%s,%s,%s,%s,%s,%s,%s,22,300,23,300,,,,,,,,
201012,2013,450,3,,,,,All heroes %s,Tất cả anh hùng %s,Semua wira %s,All heroes %s,Semua pahlawan %s,ฮีโร่ทั้งหมด %s,Lahat ng mga bayani %s,1,0.50%,,,,,,,,,,
201013,2013,500,1,,,,,%s,%s,%s,%s,%s,%s,%s,24,500,,,,,,,,,,
202001,2023,20,1,,,,,All basic attributes %s,Tất cả các thuộc tính cơ bản %s,Semua atribut asas %s,All basic attributes %s,Semua atribut dasar %s,คุณสมบัติพื้นฐานทั้งหมด %s,Lahat ng pangunahing katangian %s,7,1%,8,1%,1,1%,9,1%,10,1%,13,1%
202002,2023,40,1,,,,,%s,%s,%s,%s,%s,%s,%s,1,3%,,,,,,,,,,
202003,2023,60,1,,,,,%s,%s,%s,%s,%s,%s,%s,14,300,15,300,,,,,,,,
202004,2023,80,1,,,,,All basic attributes %s,Tất cả các thuộc tính cơ bản %s,Semua atribut asas %s,All basic attributes %s,Semua atribut dasar %s,คุณสมบัติพื้นฐานทั้งหมด %s,Lahat ng pangunahing katangian %s,7,0.60%,8,0.60%,1,0.60%,9,0.60%,10,0.60%,13,0.60%
202005,2023,100,1,,,,,%s,%s,%s,%s,%s,%s,%s,7,3%,8,3%,,,,,,,,
202006,2023,150,3,,,,,All heroes %s,Tất cả anh hùng %s,Semua wira %s,All heroes %s,Semua pahlawan %s,ฮีโร่ทั้งหมด %s,Lahat ng mga bayani %s,7,0.60%,8,0.60%,,,,,,,,
202007,2023,200,1,,,,,%s,%s,%s,%s,%s,%s,%s,17,300,19,300,,,,,,,,
202008,2023,250,1,,,,,%s,%s,%s,%s,%s,%s,%s,9,3%,10,3%,,,,,,,,
202009,2023,300,3,,,,,All heroes %s,Tất cả anh hùng %s,Semua wira %s,All heroes %s,Semua pahlawan %s,ฮีโร่ทั้งหมด %s,Lahat ng mga bayani %s,1,0.60%,,,,,,,,,,
202010,2023,350,1,,,,,%s,%s,%s,%s,%s,%s,%s,11,300,12,300,,,,,,,,
202011,2023,400,1,,,,,%s,%s,%s,%s,%s,%s,%s,22,300,23,300,,,,,,,,
202012,2023,450,3,,,,,All heroes %s,Tất cả anh hùng %s,Semua wira %s,All heroes %s,Semua pahlawan %s,ฮีโร่ทั้งหมด %s,Lahat ng mga bayani %s,9,0.60%,10,0.60%,,,,,,,,
202013,2023,500,1,,,,,%s,%s,%s,%s,%s,%s,%s,24,500,,,,,,,,,,
203001,2033,20,1,,,,,All basic attributes %s,Tất cả các thuộc tính cơ bản %s,Semua atribut asas %s,All basic attributes %s,Semua atribut dasar %s,คุณสมบัติพื้นฐานทั้งหมด %s,Lahat ng pangunahing katangian %s,7,1%,8,1%,1,1%,9,1%,10,1%,13,1%
203002,2033,40,1,,,,,%s,%s,%s,%s,%s,%s,%s,1,3%,,,,,,,,,,
203003,2033,60,1,,,,,%s,%s,%s,%s,%s,%s,%s,14,300,15,300,,,,,,,,
203004,2033,80,1,,,,,All basic attributes %s,Tất cả các thuộc tính cơ bản %s,Semua atribut asas %s,All basic attributes %s,Semua atribut dasar %s,คุณสมบัติพื้นฐานทั้งหมด %s,Lahat ng pangunahing katangian %s,7,0.60%,8,0.60%,1,0.60%,9,0.60%,10,0.60%,13,0.60%
203005,2033,100,1,,,,,%s,%s,%s,%s,%s,%s,%s,7,3%,8,3%,,,,,,,,
203006,2033,150,3,,,,,All heroes %s,Tất cả anh hùng %s,Semua wira %s,All heroes %s,Semua pahlawan %s,ฮีโร่ทั้งหมด %s,Lahat ng mga bayani %s,1,0.60%,,,,,,,,,,
203007,2033,200,1,,,,,%s,%s,%s,%s,%s,%s,%s,17,300,19,300,,,,,,,,
203008,2033,250,1,,,,,%s,%s,%s,%s,%s,%s,%s,9,3%,10,3%,,,,,,,,
203009,2033,300,3,,,,,All heroes %s,Tất cả anh hùng %s,Semua wira %s,All heroes %s,Semua pahlawan %s,ฮีโร่ทั้งหมด %s,Lahat ng mga bayani %s,9,0.60%,10,0.60%,,,,,,,,
203010,2033,350,1,,,,,%s,%s,%s,%s,%s,%s,%s,11,300,12,300,,,,,,,,
203011,2033,400,1,,,,,%s,%s,%s,%s,%s,%s,%s,22,300,23,300,,,,,,,,
203012,2033,450,3,,,,,All heroes %s,Tất cả anh hùng %s,Semua wira %s,All heroes %s,Semua pahlawan %s,ฮีโร่ทั้งหมด %s,Lahat ng mga bayani %s,7,0.60%,8,0.60%,,,,,,,,
203013,2033,500,1,,,,,%s,%s,%s,%s,%s,%s,%s,24,500,,,,,,,,,,
207001,2073,20,1,,,,,All basic attributes %s,Tất cả các thuộc tính cơ bản %s,Semua atribut asas %s,All basic attributes %s,Semua atribut dasar %s,คุณสมบัติพื้นฐานทั้งหมด %s,Lahat ng pangunahing katangian %s,7,1%,8,1%,1,1%,9,1%,10,1%,13,1%
207002,2073,40,1,,,,,%s,%s,%s,%s,%s,%s,%s,1,3%,,,,,,,,,,
207003,2073,60,1,,,,,%s,%s,%s,%s,%s,%s,%s,14,300,15,300,,,,,,,,
207004,2073,80,1,,,,,All basic attributes %s,Tất cả các thuộc tính cơ bản %s,Semua atribut asas %s,All basic attributes %s,Semua atribut dasar %s,คุณสมบัติพื้นฐานทั้งหมด %s,Lahat ng pangunahing katangian %s,7,0.50%,8,0.50%,1,0.50%,9,0.50%,10,0.50%,13,0.50%
207005,2073,100,1,,,,,%s,%s,%s,%s,%s,%s,%s,7,3%,8,3%,,,,,,,,
207006,2073,150,3,,,,,All heroes %s,Tất cả anh hùng %s,Semua wira %s,All heroes %s,Semua pahlawan %s,ฮีโร่ทั้งหมด %s,Lahat ng mga bayani %s,9,0.50%,10,0.50%,,,,,,,,
207007,2073,200,1,,,,,%s,%s,%s,%s,%s,%s,%s,17,300,19,300,,,,,,,,
207008,2073,250,1,,,,,%s,%s,%s,%s,%s,%s,%s,9,3%,10,3%,,,,,,,,
207009,2073,300,3,,,,,All heroes %s,Tất cả anh hùng %s,Semua wira %s,All heroes %s,Semua pahlawan %s,ฮีโร่ทั้งหมด %s,Lahat ng mga bayani %s,7,0.50%,8,0.50%,,,,,,,,
207010,2073,350,1,,,,,%s,%s,%s,%s,%s,%s,%s,11,300,12,300,,,,,,,,
207011,2073,400,1,,,,,%s,%s,%s,%s,%s,%s,%s,22,300,23,300,,,,,,,,
207012,2073,450,3,,,,,All heroes %s,Tất cả anh hùng %s,Semua wira %s,All heroes %s,Semua pahlawan %s,ฮีโร่ทั้งหมด %s,Lahat ng mga bayani %s,1,0.50%,,,,,,,,,,
207013,2073,500,1,,,,,%s,%s,%s,%s,%s,%s,%s,24,500,,,,,,,,,,
223001,2233,20,1,,,,,All basic attributes %s,Tất cả các thuộc tính cơ bản %s,Semua atribut asas %s,All basic attributes %s,Semua atribut dasar %s,คุณสมบัติพื้นฐานทั้งหมด %s,Lahat ng pangunahing katangian %s,7,1%,8,1%,1,1%,9,1%,10,1%,13,1%
223002,2233,40,1,,,,,%s,%s,%s,%s,%s,%s,%s,1,3%,,,,,,,,,,
223003,2233,60,1,,,,,%s,%s,%s,%s,%s,%s,%s,14,300,15,300,,,,,,,,
223004,2233,80,1,,,,,All basic attributes %s,Tất cả các thuộc tính cơ bản %s,Semua atribut asas %s,All basic attributes %s,Semua atribut dasar %s,คุณสมบัติพื้นฐานทั้งหมด %s,Lahat ng pangunahing katangian %s,7,0.60%,8,0.60%,1,0.60%,9,0.60%,10,0.60%,13,0.60%
223005,2233,100,1,,,,,%s,%s,%s,%s,%s,%s,%s,7,3%,8,3%,,,,,,,,
223006,2233,150,3,,,,,All heroes %s,Tất cả anh hùng %s,Semua wira %s,All heroes %s,Semua pahlawan %s,ฮีโร่ทั้งหมด %s,Lahat ng mga bayani %s,9,0.60%,10,0.60%,,,,,,,,
223007,2233,200,1,,,,,%s,%s,%s,%s,%s,%s,%s,17,300,19,300,,,,,,,,
223008,2233,250,1,,,,,%s,%s,%s,%s,%s,%s,%s,9,3%,10,3%,,,,,,,,
223009,2233,300,3,,,,,All heroes %s,Tất cả anh hùng %s,Semua wira %s,All heroes %s,Semua pahlawan %s,ฮีโร่ทั้งหมด %s,Lahat ng mga bayani %s,7,0.60%,8,0.60%,,,,,,,,
223010,2233,350,1,,,,,%s,%s,%s,%s,%s,%s,%s,11,300,12,300,,,,,,,,
223011,2233,400,1,,,,,%s,%s,%s,%s,%s,%s,%s,22,300,23,300,,,,,,,,
223012,2233,450,3,,,,,All heroes %s,Tất cả anh hùng %s,Semua wira %s,All heroes %s,Semua pahlawan %s,ฮีโร่ทั้งหมด %s,Lahat ng mga bayani %s,1,0.60%,,,,,,,,,,
223013,2233,500,1,,,,,%s,%s,%s,%s,%s,%s,%s,24,500,,,,,,,,,,
224001,2242,20,1,,,,,All basic attributes %s,Tất cả các thuộc tính cơ bản %s,Semua atribut asas %s,All basic attributes %s,Semua atribut dasar %s,คุณสมบัติพื้นฐานทั้งหมด %s,Lahat ng pangunahing katangian %s,7,1%,8,1%,1,1%,9,1%,10,1%,13,1%
224002,2242,40,1,,,,,%s,%s,%s,%s,%s,%s,%s,1,3%,,,,,,,,,,
224003,2242,60,1,,,,,%s,%s,%s,%s,%s,%s,%s,14,300,15,300,,,,,,,,
224004,2242,80,1,,,,,All basic attributes %s,Tất cả các thuộc tính cơ bản %s,Semua atribut asas %s,All basic attributes %s,Semua atribut dasar %s,คุณสมบัติพื้นฐานทั้งหมด %s,Lahat ng pangunahing katangian %s,7,1%,8,1%,1,1%,9,1%,10,1%,13,1%
224005,2242,100,1,,,,,%s,%s,%s,%s,%s,%s,%s,7,3%,8,3%,,,,,,,,
224006,2242,150,3,,,,,All heroes %s,Tất cả anh hùng %s,Semua wira %s,All heroes %s,Semua pahlawan %s,ฮีโร่ทั้งหมด %s,Lahat ng mga bayani %s,7,1.00%,8,1.00%,,,,,,,,
224007,2242,200,1,,,,,%s,%s,%s,%s,%s,%s,%s,17,300,19,300,,,,,,,,
224008,2242,250,1,,,,,%s,%s,%s,%s,%s,%s,%s,9,3%,10,3%,,,,,,,,
224009,2242,300,3,,,,,All heroes %s,Tất cả anh hùng %s,Semua wira %s,All heroes %s,Semua pahlawan %s,ฮีโร่ทั้งหมด %s,Lahat ng mga bayani %s,1,1%,,,,,,,,,,
224010,2242,350,1,,,,,%s,%s,%s,%s,%s,%s,%s,11,300,12,300,,,,,,,,
224011,2242,400,1,,,,,%s,%s,%s,%s,%s,%s,%s,22,300,23,300,,,,,,,,
224012,2242,450,3,,,,,All heroes %s,Tất cả anh hùng %s,Semua wira %s,All heroes %s,Semua pahlawan %s,ฮีโร่ทั้งหมด %s,Lahat ng mga bayani %s,7,1.00%,8,1.00%,,,,,,,,
224013,2242,500,1,,,,,%s,%s,%s,%s,%s,%s,%s,24,500,,,,,,,,,,
227001,2271,20,1,,,,,All basic attributes %s,Tất cả các thuộc tính cơ bản %s,Semua atribut asas %s,All basic attributes %s,Semua atribut dasar %s,คุณสมบัติพื้นฐานทั้งหมด %s,Lahat ng pangunahing katangian %s,7,1%,8,1%,1,1%,9,1%,10,1%,13,1%
227002,2271,40,1,,,,,%s,%s,%s,%s,%s,%s,%s,1,3%,,,,,,,,,,
227003,2271,60,1,,,,,%s,%s,%s,%s,%s,%s,%s,14,300,15,300,,,,,,,,
227004,2271,80,1,,,,,All basic attributes %s,Tất cả các thuộc tính cơ bản %s,Semua atribut asas %s,All basic attributes %s,Semua atribut dasar %s,คุณสมบัติพื้นฐานทั้งหมด %s,Lahat ng pangunahing katangian %s,7,0.50%,8,0.50%,1,0.50%,9,0.50%,10,0.50%,13,0.50%
227005,2271,100,1,,,,,%s,%s,%s,%s,%s,%s,%s,7,3%,8,3%,,,,,,,,
227006,2271,150,3,,,,,All heroes %s,Tất cả anh hùng %s,Semua wira %s,All heroes %s,Semua pahlawan %s,ฮีโร่ทั้งหมด %s,Lahat ng mga bayani %s,1,0.50%,,,,,,,,,,
227007,2271,200,1,,,,,%s,%s,%s,%s,%s,%s,%s,17,300,19,300,,,,,,,,
227008,2271,250,1,,,,,%s,%s,%s,%s,%s,%s,%s,9,3%,10,3%,,,,,,,,
227009,2271,300,3,,,,,All heroes %s,Tất cả anh hùng %s,Semua wira %s,All heroes %s,Semua pahlawan %s,ฮีโร่ทั้งหมด %s,Lahat ng mga bayani %s,9,0.50%,10,0.50%,,,,,,,,
227010,2271,350,1,,,,,%s,%s,%s,%s,%s,%s,%s,11,300,12,300,,,,,,,,
227011,2271,400,1,,,,,%s,%s,%s,%s,%s,%s,%s,22,300,23,300,,,,,,,,
227012,2271,450,3,,,,,All heroes %s,Tất cả anh hùng %s,Semua wira %s,All heroes %s,Semua pahlawan %s,ฮีโร่ทั้งหมด %s,Lahat ng mga bayani %s,1,0.50%,,,,,,,,,,
227013,2271,500,1,,,,,%s,%s,%s,%s,%s,%s,%s,24,500,,,,,,,,,,
230001,2301,20,1,,,,,All basic attributes %s,Tất cả các thuộc tính cơ bản %s,Semua atribut asas %s,All basic attributes %s,Semua atribut dasar %s,คุณสมบัติพื้นฐานทั้งหมด %s,Lahat ng pangunahing katangian %s,7,1%,8,1%,1,1%,9,1%,10,1%,13,1%
230002,2301,40,1,,,,,%s,%s,%s,%s,%s,%s,%s,1,3%,,,,,,,,,,
230003,2301,60,1,,,,,%s,%s,%s,%s,%s,%s,%s,14,300,15,300,,,,,,,,
230004,2301,80,1,,,,,All basic attributes %s,Tất cả các thuộc tính cơ bản %s,Semua atribut asas %s,All basic attributes %s,Semua atribut dasar %s,คุณสมบัติพื้นฐานทั้งหมด %s,Lahat ng pangunahing katangian %s,7,0.50%,8,0.50%,1,0.50%,9,0.50%,10,0.50%,13,0.50%
230005,2301,100,1,,,,,%s,%s,%s,%s,%s,%s,%s,7,3%,8,3%,,,,,,,,
230006,2301,150,3,,,,,All heroes %s,Tất cả anh hùng %s,Semua wira %s,All heroes %s,Semua pahlawan %s,ฮีโร่ทั้งหมด %s,Lahat ng mga bayani %s,1,0.50%,,,,,,,,,,
230007,2301,200,1,,,,,%s,%s,%s,%s,%s,%s,%s,17,300,19,300,,,,,,,,
230008,2301,250,1,,,,,%s,%s,%s,%s,%s,%s,%s,9,3%,10,3%,,,,,,,,
230009,2301,300,3,,,,,All heroes %s,Tất cả anh hùng %s,Semua wira %s,All heroes %s,Semua pahlawan %s,ฮีโร่ทั้งหมด %s,Lahat ng mga bayani %s,9,0.50%,10,0.50%,,,,,,,,
230010,2301,350,1,,,,,%s,%s,%s,%s,%s,%s,%s,11,300,12,300,,,,,,,,
230011,2301,400,1,,,,,%s,%s,%s,%s,%s,%s,%s,22,300,23,300,,,,,,,,
230012,2301,450,3,,,,,All heroes %s,Tất cả anh hùng %s,Semua wira %s,All heroes %s,Semua pahlawan %s,ฮีโร่ทั้งหมด %s,Lahat ng mga bayani %s,7,0.50%,8,0.50%,,,,,,,,
230013,2301,500,1,,,,,%s,%s,%s,%s,%s,%s,%s,24,500,,,,,,,,,,
235001,2351,20,1,,,,,All basic attributes %s,Tất cả các thuộc tính cơ bản %s,Semua atribut asas %s,All basic attributes %s,Semua atribut dasar %s,คุณสมบัติพื้นฐานทั้งหมด %s,Lahat ng pangunahing katangian %s,7,1%,8,1%,1,1%,9,1%,10,1%,13,1%
235002,2351,40,1,,,,,%s,%s,%s,%s,%s,%s,%s,1,3%,,,,,,,,,,
235003,2351,60,1,,,,,%s,%s,%s,%s,%s,%s,%s,14,300,15,300,,,,,,,,
235004,2351,80,1,,,,,All basic attributes %s,Tất cả các thuộc tính cơ bản %s,Semua atribut asas %s,All basic attributes %s,Semua atribut dasar %s,คุณสมบัติพื้นฐานทั้งหมด %s,Lahat ng pangunahing katangian %s,7,1%,8,1%,1,1%,9,1%,10,1%,13,1%
235005,2351,100,1,,,,,%s,%s,%s,%s,%s,%s,%s,7,3%,8,3%,,,,,,,,
235006,2351,150,3,,,,,All heroes %s,Tất cả anh hùng %s,Semua wira %s,All heroes %s,Semua pahlawan %s,ฮีโร่ทั้งหมด %s,Lahat ng mga bayani %s,1,1.00%,,,,,,,,,,
235007,2351,200,1,,,,,%s,%s,%s,%s,%s,%s,%s,17,300,19,300,,,,,,,,
235008,2351,250,1,,,,,%s,%s,%s,%s,%s,%s,%s,9,3%,10,3%,,,,,,,,
235009,2351,300,3,,,,,All heroes %s,Tất cả anh hùng %s,Semua wira %s,All heroes %s,Semua pahlawan %s,ฮีโร่ทั้งหมด %s,Lahat ng mga bayani %s,9,1%,10,1%,,,,,,,,
235010,2351,350,1,,,,,%s,%s,%s,%s,%s,%s,%s,11,300,12,300,,,,,,,,
235011,2351,400,1,,,,,%s,%s,%s,%s,%s,%s,%s,22,300,23,300,,,,,,,,
235012,2351,450,3,,,,,All heroes %s,Tất cả anh hùng %s,Semua wira %s,All heroes %s,Semua pahlawan %s,ฮีโร่ทั้งหมด %s,Lahat ng mga bayani %s,7,1.00%,8,1.00%,,,,,,,,
235013,2351,500,1,,,,,%s,%s,%s,%s,%s,%s,%s,24,500,,,,,,,,,,
236001,2361,20,1,,,,,All basic attributes %s,Tất cả các thuộc tính cơ bản %s,Semua atribut asas %s,All basic attributes %s,Semua atribut dasar %s,คุณสมบัติพื้นฐานทั้งหมด %s,Lahat ng pangunahing katangian %s,7,1%,8,1%,1,1%,9,1%,10,1%,13,1%
236002,2361,40,1,,,,,%s,%s,%s,%s,%s,%s,%s,1,3%,,,,,,,,,,
236003,2361,60,1,,,,,%s,%s,%s,%s,%s,%s,%s,14,300,15,300,,,,,,,,
236004,2361,80,1,,,,,All basic attributes %s,Tất cả các thuộc tính cơ bản %s,Semua atribut asas %s,All basic attributes %s,Semua atribut dasar %s,คุณสมบัติพื้นฐานทั้งหมด %s,Lahat ng pangunahing katangian %s,7,1%,8,1%,1,1%,9,1%,10,1%,13,1%
236005,2361,100,1,,,,,%s,%s,%s,%s,%s,%s,%s,7,3%,8,3%,,,,,,,,
236006,2361,150,3,,,,,All heroes %s,Tất cả anh hùng %s,Semua wira %s,All heroes %s,Semua pahlawan %s,ฮีโร่ทั้งหมด %s,Lahat ng mga bayani %s,7,1.00%,8,1.00%,,,,,,,,
236007,2361,200,1,,,,,%s,%s,%s,%s,%s,%s,%s,17,300,19,300,,,,,,,,
236008,2361,250,1,,,,,%s,%s,%s,%s,%s,%s,%s,9,3%,10,3%,,,,,,,,
236009,2361,300,3,,,,,All heroes %s,Tất cả anh hùng %s,Semua wira %s,All heroes %s,Semua pahlawan %s,ฮีโร่ทั้งหมด %s,Lahat ng mga bayani %s,1,1%,,,,,,,,,,
236010,2361,350,1,,,,,%s,%s,%s,%s,%s,%s,%s,11,300,12,300,,,,,,,,
236011,2361,400,1,,,,,%s,%s,%s,%s,%s,%s,%s,22,300,23,300,,,,,,,,
236012,2361,450,3,,,,,All heroes %s,Tất cả anh hùng %s,Semua wira %s,All heroes %s,Semua pahlawan %s,ฮีโร่ทั้งหมด %s,Lahat ng mga bayani %s,9,1.00%,10,1.00%,,,,,,,,
236013,2361,500,1,,,,,%s,%s,%s,%s,%s,%s,%s,24,500,,,,,,,,,,
238001,2381,20,1,,,,,All basic attributes %s,Tất cả các thuộc tính cơ bản %s,Semua atribut asas %s,All basic attributes %s,Semua atribut dasar %s,คุณสมบัติพื้นฐานทั้งหมด %s,Lahat ng pangunahing katangian %s,7,1%,8,1%,1,1%,9,1%,10,1%,13,1%
238002,2381,40,1,,,,,%s,%s,%s,%s,%s,%s,%s,1,3%,,,,,,,,,,
238003,2381,60,1,,,,,%s,%s,%s,%s,%s,%s,%s,14,300,15,300,,,,,,,,
238004,2381,80,1,,,,,All basic attributes %s,Tất cả các thuộc tính cơ bản %s,Semua atribut asas %s,All basic attributes %s,Semua atribut dasar %s,คุณสมบัติพื้นฐานทั้งหมด %s,Lahat ng pangunahing katangian %s,7,1%,8,1%,1,1%,9,1%,10,1%,13,1%
238005,2381,100,1,,,,,%s,%s,%s,%s,%s,%s,%s,7,3%,8,3%,,,,,,,,
238006,2381,150,3,,,,,All heroes %s,Tất cả anh hùng %s,Semua wira %s,All heroes %s,Semua pahlawan %s,ฮีโร่ทั้งหมด %s,Lahat ng mga bayani %s,9,1.00%,10,1.00%,,,,,,,,
238007,2381,200,1,,,,,%s,%s,%s,%s,%s,%s,%s,17,300,19,300,,,,,,,,
238008,2381,250,1,,,,,%s,%s,%s,%s,%s,%s,%s,9,3%,10,3%,,,,,,,,
238009,2381,300,3,,,,,All heroes %s,Tất cả anh hùng %s,Semua wira %s,All heroes %s,Semua pahlawan %s,ฮีโร่ทั้งหมด %s,Lahat ng mga bayani %s,7,1.00%,8,1.00%,,,,,,,,
238010,2381,350,1,,,,,%s,%s,%s,%s,%s,%s,%s,11,300,12,300,,,,,,,,
238011,2381,400,1,,,,,%s,%s,%s,%s,%s,%s,%s,22,300,23,300,,,,,,,,
238012,2381,450,3,,,,,All heroes %s,Tất cả anh hùng %s,Semua wira %s,All heroes %s,Semua pahlawan %s,ฮีโร่ทั้งหมด %s,Lahat ng mga bayani %s,9,1.00%,10,1.00%,,,,,,,,
238013,2381,500,1,,,,,%s,%s,%s,%s,%s,%s,%s,24,500,,,,,,,,,,
239001,2391,20,1,,,,,All basic attributes %s,Tất cả các thuộc tính cơ bản %s,Semua atribut asas %s,All basic attributes %s,Semua atribut dasar %s,คุณสมบัติพื้นฐานทั้งหมด %s,Lahat ng pangunahing katangian %s,7,1%,8,1%,1,1%,9,1%,10,1%,13,1%
239002,2391,40,1,,,,,%s,%s,%s,%s,%s,%s,%s,1,3%,,,,,,,,,,
239003,2391,60,1,,,,,%s,%s,%s,%s,%s,%s,%s,14,300,15,300,,,,,,,,
239004,2391,80,1,,,,,All basic attributes %s,Tất cả các thuộc tính cơ bản %s,Semua atribut asas %s,All basic attributes %s,Semua atribut dasar %s,คุณสมบัติพื้นฐานทั้งหมด %s,Lahat ng pangunahing katangian %s,7,1%,8,1%,1,1%,9,1%,10,1%,13,1%
239005,2391,100,1,,,,,%s,%s,%s,%s,%s,%s,%s,7,3%,8,3%,,,,,,,,
239006,2391,150,3,,,,,All heroes %s,Tất cả anh hùng %s,Semua wira %s,All heroes %s,Semua pahlawan %s,ฮีโร่ทั้งหมด %s,Lahat ng mga bayani %s,9,1.00%,10,1.00%,,,,,,,,
239007,2391,200,1,,,,,%s,%s,%s,%s,%s,%s,%s,17,300,19,300,,,,,,,,
239008,2391,250,1,,,,,%s,%s,%s,%s,%s,%s,%s,9,3%,10,3%,,,,,,,,
239009,2391,300,3,,,,,All heroes %s,Tất cả anh hùng %s,Semua wira %s,All heroes %s,Semua pahlawan %s,ฮีโร่ทั้งหมด %s,Lahat ng mga bayani %s,7,1.00%,8,1.00%,,,,,,,,
239010,2391,350,1,,,,,%s,%s,%s,%s,%s,%s,%s,11,300,12,300,,,,,,,,
239011,2391,400,1,,,,,%s,%s,%s,%s,%s,%s,%s,22,300,23,300,,,,,,,,
239012,2391,450,3,,,,,All heroes %s,Tất cả anh hùng %s,Semua wira %s,All heroes %s,Semua pahlawan %s,ฮีโร่ทั้งหมด %s,Lahat ng mga bayani %s,1,1.00%,,,,,,,,,,
239013,2391,500,1,,,,,%s,%s,%s,%s,%s,%s,%s,24,500,,,,,,,,,,
240001,2401,20,1,,,,,All basic attributes %s,Tất cả các thuộc tính cơ bản %s,Semua atribut asas %s,All basic attributes %s,Semua atribut dasar %s,คุณสมบัติพื้นฐานทั้งหมด %s,Lahat ng pangunahing katangian %s,7,1%,8,1%,1,1%,9,1%,10,1%,13,1%
240002,2401,40,1,,,,,%s,%s,%s,%s,%s,%s,%s,1,3%,,,,,,,,,,
240003,2401,60,1,,,,,%s,%s,%s,%s,%s,%s,%s,14,300,15,300,,,,,,,,
240004,2401,80,1,,,,,All basic attributes %s,Tất cả các thuộc tính cơ bản %s,Semua atribut asas %s,All basic attributes %s,Semua atribut dasar %s,คุณสมบัติพื้นฐานทั้งหมด %s,Lahat ng pangunahing katangian %s,7,0.60%,8,0.60%,1,0.60%,9,0.60%,10,0.60%,13,0.60%
240005,2401,100,1,,,,,%s,%s,%s,%s,%s,%s,%s,7,3%,8,3%,,,,,,,,
240006,2401,150,3,,,,,All heroes %s,Tất cả anh hùng %s,Semua wira %s,All heroes %s,Semua pahlawan %s,ฮีโร่ทั้งหมด %s,Lahat ng mga bayani %s,7,0.60%,8,0.60%,,,,,,,,
240007,2401,200,1,,,,,%s,%s,%s,%s,%s,%s,%s,17,300,19,300,,,,,,,,
240008,2401,250,1,,,,,%s,%s,%s,%s,%s,%s,%s,9,3%,10,3%,,,,,,,,
240009,2401,300,3,,,,,All heroes %s,Tất cả anh hùng %s,Semua wira %s,All heroes %s,Semua pahlawan %s,ฮีโร่ทั้งหมด %s,Lahat ng mga bayani %s,1,0.60%,,,,,,,,,,
240010,2401,350,1,,,,,%s,%s,%s,%s,%s,%s,%s,11,300,12,300,,,,,,,,
240011,2401,400,1,,,,,%s,%s,%s,%s,%s,%s,%s,22,300,23,300,,,,,,,,
240012,2401,450,3,,,,,All heroes %s,Tất cả anh hùng %s,Semua wira %s,All heroes %s,Semua pahlawan %s,ฮีโร่ทั้งหมด %s,Lahat ng mga bayani %s,9,0.60%,10,0.60%,,,,,,,,
240013,2401,500,1,,,,,%s,%s,%s,%s,%s,%s,%s,28,500,,,,,,,,,,
243001,2431,20,1,,,,,All basic attributes %s,Tất cả các thuộc tính cơ bản %s,Semua atribut asas %s,All basic attributes %s,Semua atribut dasar %s,คุณสมบัติพื้นฐานทั้งหมด %s,Lahat ng pangunahing katangian %s,7,1%,8,1%,1,1%,9,1%,10,1%,13,1%
243002,2431,40,1,,,,,%s,%s,%s,%s,%s,%s,%s,1,3%,,,,,,,,,,
243003,2431,60,1,,,,,%s,%s,%s,%s,%s,%s,%s,14,300,15,300,,,,,,,,
243004,2431,80,1,,,,,All basic attributes %s,Tất cả các thuộc tính cơ bản %s,Semua atribut asas %s,All basic attributes %s,Semua atribut dasar %s,คุณสมบัติพื้นฐานทั้งหมด %s,Lahat ng pangunahing katangian %s,7,1%,8,1%,1,1%,9,1%,10,1%,13,1%
243005,2431,100,1,,,,,%s,%s,%s,%s,%s,%s,%s,7,3%,8,3%,,,,,,,,
243006,2431,150,3,,,,,All heroes %s,Tất cả anh hùng %s,Semua wira %s,All heroes %s,Semua pahlawan %s,ฮีโร่ทั้งหมด %s,Lahat ng mga bayani %s,7,1.00%,8,1.00%,,,,,,,,
243007,2431,200,1,,,,,%s,%s,%s,%s,%s,%s,%s,17,300,19,300,,,,,,,,
243008,2431,250,1,,,,,%s,%s,%s,%s,%s,%s,%s,9,3%,10,3%,,,,,,,,
243009,2431,300,3,,,,,All heroes %s,Tất cả anh hùng %s,Semua wira %s,All heroes %s,Semua pahlawan %s,ฮีโร่ทั้งหมด %s,Lahat ng mga bayani %s,1,1%,,,,,,,,,,
243010,2431,350,1,,,,,%s,%s,%s,%s,%s,%s,%s,11,300,12,300,,,,,,,,
243011,2431,400,1,,,,,%s,%s,%s,%s,%s,%s,%s,22,300,23,300,,,,,,,,
243012,2431,450,3,,,,,All heroes %s,Tất cả anh hùng %s,Semua wira %s,All heroes %s,Semua pahlawan %s,ฮีโร่ทั้งหมด %s,Lahat ng mga bayani %s,9,1.00%,10,1.00%,,,,,,,,
243013,2431,500,1,,,,,%s,%s,%s,%s,%s,%s,%s,24,500,,,,,,,,,,
244001,2441,20,1,,,,,All basic attributes %s,Tất cả các thuộc tính cơ bản %s,Semua atribut asas %s,All basic attributes %s,Semua atribut dasar %s,คุณสมบัติพื้นฐานทั้งหมด %s,Lahat ng pangunahing katangian %s,7,1%,8,1%,1,1%,9,1%,10,1%,13,1%
244002,2441,40,1,,,,,%s,%s,%s,%s,%s,%s,%s,1,3%,,,,,,,,,,
244003,2441,60,1,,,,,%s,%s,%s,%s,%s,%s,%s,14,300,15,300,,,,,,,,
244004,2441,80,1,,,,,All basic attributes %s,Tất cả các thuộc tính cơ bản %s,Semua atribut asas %s,All basic attributes %s,Semua atribut dasar %s,คุณสมบัติพื้นฐานทั้งหมด %s,Lahat ng pangunahing katangian %s,7,1%,8,1%,1,1%,9,1%,10,1%,13,1%
244005,2441,100,1,,,,,%s,%s,%s,%s,%s,%s,%s,7,3%,8,3%,,,,,,,,
244006,2441,150,3,,,,,All heroes %s,Tất cả anh hùng %s,Semua wira %s,All heroes %s,Semua pahlawan %s,ฮีโร่ทั้งหมด %s,Lahat ng mga bayani %s,1,1.00%,,,,,,,,,,
244007,2441,200,1,,,,,%s,%s,%s,%s,%s,%s,%s,17,300,19,300,,,,,,,,
244008,2441,250,1,,,,,%s,%s,%s,%s,%s,%s,%s,9,3%,10,3%,,,,,,,,
244009,2441,300,3,,,,,All heroes %s,Tất cả anh hùng %s,Semua wira %s,All heroes %s,Semua pahlawan %s,ฮีโร่ทั้งหมด %s,Lahat ng mga bayani %s,9,1%,10,1%,,,,,,,,
244010,2441,350,1,,,,,%s,%s,%s,%s,%s,%s,%s,11,300,12,300,,,,,,,,
244011,2441,400,1,,,,,%s,%s,%s,%s,%s,%s,%s,22,300,23,300,,,,,,,,
244012,2441,450,3,,,,,All heroes %s,Tất cả anh hùng %s,Semua wira %s,All heroes %s,Semua pahlawan %s,ฮีโร่ทั้งหมด %s,Lahat ng mga bayani %s,7,1.00%,8,1.00%,,,,,,,,
244013,2441,500,1,,,,,%s,%s,%s,%s,%s,%s,%s,24,500,,,,,,,,,,
246001,2461,20,1,,,,,All basic attributes %s,Tất cả các thuộc tính cơ bản %s,Semua atribut asas %s,All basic attributes %s,Semua atribut dasar %s,คุณสมบัติพื้นฐานทั้งหมด %s,Lahat ng pangunahing katangian %s,7,1%,8,1%,1,1%,9,1%,10,1%,13,1%
246002,2461,40,1,,,,,%s,%s,%s,%s,%s,%s,%s,1,3%,,,,,,,,,,
246003,2461,60,1,,,,,%s,%s,%s,%s,%s,%s,%s,14,300,15,300,,,,,,,,
246004,2461,80,1,,,,,All basic attributes %s,Tất cả các thuộc tính cơ bản %s,Semua atribut asas %s,All basic attributes %s,Semua atribut dasar %s,คุณสมบัติพื้นฐานทั้งหมด %s,Lahat ng pangunahing katangian %s,7,1%,8,1%,1,1%,9,1%,10,1%,13,1%
246005,2461,100,1,,,,,%s,%s,%s,%s,%s,%s,%s,7,3%,8,3%,,,,,,,,
246006,2461,150,3,,,,,All heroes %s,Tất cả anh hùng %s,Semua wira %s,All heroes %s,Semua pahlawan %s,ฮีโร่ทั้งหมด %s,Lahat ng mga bayani %s,7,1%,8,1%,,,,,,,,
246007,2461,200,1,,,,,%s,%s,%s,%s,%s,%s,%s,17,300,19,300,,,,,,,,
246008,2461,250,1,,,,,%s,%s,%s,%s,%s,%s,%s,9,3%,10,3%,,,,,,,,
246009,2461,300,3,,,,,All heroes %s,Tất cả anh hùng %s,Semua wira %s,All heroes %s,Semua pahlawan %s,ฮีโร่ทั้งหมด %s,Lahat ng mga bayani %s,1,1%,,,,,,,,,,
246010,2461,350,1,,,,,%s,%s,%s,%s,%s,%s,%s,11,300,12,300,,,,,,,,
246011,2461,400,1,,,,,%s,%s,%s,%s,%s,%s,%s,22,300,23,300,,,,,,,,
246012,2461,450,3,,,,,All heroes %s,Tất cả anh hùng %s,Semua wira %s,All heroes %s,Semua pahlawan %s,ฮีโร่ทั้งหมด %s,Lahat ng mga bayani %s,7,1%,8,1%,,,,,,,,
246013,2461,500,1,,,,,%s,%s,%s,%s,%s,%s,%s,24,500,,,,,,,,,,
247001,2471,20,1,,,,,All basic attributes %s,Tất cả các thuộc tính cơ bản %s,Semua atribut asas %s,All basic attributes %s,Semua atribut dasar %s,คุณสมบัติพื้นฐานทั้งหมด %s,Lahat ng pangunahing katangian %s,7,1%,8,1%,1,1%,9,1%,10,1%,13,1%
247002,2471,40,1,,,,,%s,%s,%s,%s,%s,%s,%s,1,3%,,,,,,,,,,
247003,2471,60,1,,,,,%s,%s,%s,%s,%s,%s,%s,14,300,15,300,,,,,,,,
247004,2471,80,1,,,,,All basic attributes %s,Tất cả các thuộc tính cơ bản %s,Semua atribut asas %s,All basic attributes %s,Semua atribut dasar %s,คุณสมบัติพื้นฐานทั้งหมด %s,Lahat ng pangunahing katangian %s,7,0.60%,8,0.60%,1,0.60%,9,0.60%,10,0.60%,13,0.60%
247005,2471,100,1,,,,,%s,%s,%s,%s,%s,%s,%s,7,3%,8,3%,,,,,,,,
247006,2471,150,3,,,,,All heroes %s,Tất cả anh hùng %s,Semua wira %s,All heroes %s,Semua pahlawan %s,ฮีโร่ทั้งหมด %s,Lahat ng mga bayani %s,1,0.60%,,,,,,,,,,
247007,2471,200,1,,,,,%s,%s,%s,%s,%s,%s,%s,17,300,19,300,,,,,,,,
247008,2471,250,1,,,,,%s,%s,%s,%s,%s,%s,%s,9,3%,10,3%,,,,,,,,
247009,2471,300,3,,,,,All heroes %s,Tất cả anh hùng %s,Semua wira %s,All heroes %s,Semua pahlawan %s,ฮีโร่ทั้งหมด %s,Lahat ng mga bayani %s,9,0.60%,10,0.60%,,,,,,,,
247010,2471,350,1,,,,,%s,%s,%s,%s,%s,%s,%s,11,300,12,300,,,,,,,,
247011,2471,400,1,,,,,%s,%s,%s,%s,%s,%s,%s,22,300,23,300,,,,,,,,
247012,2471,450,3,,,,,All heroes %s,Tất cả anh hùng %s,Semua wira %s,All heroes %s,Semua pahlawan %s,ฮีโร่ทั้งหมด %s,Lahat ng mga bayani %s,1,0.60%,,,,,,,,,,
247013,2471,500,1,,,,,%s,%s,%s,%s,%s,%s,%s,24,500,,,,,,,,,,
248001,2481,20,1,,,,,All basic attributes %s,Tất cả các thuộc tính cơ bản %s,Semua atribut asas %s,All basic attributes %s,Semua atribut dasar %s,คุณสมบัติพื้นฐานทั้งหมด %s,Lahat ng pangunahing katangian %s,7,1%,8,1%,1,1%,9,1%,10,1%,13,1%
248002,2481,40,1,,,,,%s,%s,%s,%s,%s,%s,%s,1,3%,,,,,,,,,,
248003,2481,60,1,,,,,%s,%s,%s,%s,%s,%s,%s,14,300,15,300,,,,,,,,
248004,2481,80,1,,,,,All basic attributes %s,Tất cả các thuộc tính cơ bản %s,Semua atribut asas %s,All basic attributes %s,Semua atribut dasar %s,คุณสมบัติพื้นฐานทั้งหมด %s,Lahat ng pangunahing katangian %s,7,0.50%,8,0.50%,1,0.50%,9,0.50%,10,0.50%,13,0.50%
248005,2481,100,1,,,,,%s,%s,%s,%s,%s,%s,%s,7,3%,8,3%,,,,,,,,
248006,2481,150,3,,,,,All heroes %s,Tất cả anh hùng %s,Semua wira %s,All heroes %s,Semua pahlawan %s,ฮีโร่ทั้งหมด %s,Lahat ng mga bayani %s,1,0.50%,,,,,,,,,,
248007,2481,200,1,,,,,%s,%s,%s,%s,%s,%s,%s,17,300,19,300,,,,,,,,
248008,2481,250,1,,,,,%s,%s,%s,%s,%s,%s,%s,9,3%,10,3%,,,,,,,,
248009,2481,300,3,,,,,All heroes %s,Tất cả anh hùng %s,Semua wira %s,All heroes %s,Semua pahlawan %s,ฮีโร่ทั้งหมด %s,Lahat ng mga bayani %s,9,0.50%,10,0.50%,,,,,,,,
248010,2481,350,1,,,,,%s,%s,%s,%s,%s,%s,%s,11,300,12,300,,,,,,,,
248011,2481,400,1,,,,,%s,%s,%s,%s,%s,%s,%s,22,300,23,300,,,,,,,,
248012,2481,450,3,,,,,All heroes %s,Tất cả anh hùng %s,Semua wira %s,All heroes %s,Semua pahlawan %s,ฮีโร่ทั้งหมด %s,Lahat ng mga bayani %s,7,0.50%,8,0.50%,,,,,,,,
248013,2481,500,1,,,,,%s,%s,%s,%s,%s,%s,%s,24,500,,,,,,,,,,
249001,2493,20,1,,,,,All basic attributes %s,Tất cả các thuộc tính cơ bản %s,Semua atribut asas %s,All basic attributes %s,Semua atribut dasar %s,คุณสมบัติพื้นฐานทั้งหมด %s,Lahat ng pangunahing katangian %s,7,1%,8,1%,1,1%,9,1%,10,1%,13,1%
249002,2493,40,1,,,,,%s,%s,%s,%s,%s,%s,%s,1,3%,,,,,,,,,,
249003,2493,60,1,,,,,%s,%s,%s,%s,%s,%s,%s,14,300,15,300,,,,,,,,
249004,2493,80,1,,,,,All basic attributes %s,Tất cả các thuộc tính cơ bản %s,Semua atribut asas %s,All basic attributes %s,Semua atribut dasar %s,คุณสมบัติพื้นฐานทั้งหมด %s,Lahat ng pangunahing katangian %s,7,0.50%,8,0.50%,1,0.50%,9,0.50%,10,0.50%,13,0.50%
249005,2493,100,1,,,,,%s,%s,%s,%s,%s,%s,%s,7,3%,8,3%,,,,,,,,
249006,2493,150,3,,,,,All heroes %s,Tất cả anh hùng %s,Semua wira %s,All heroes %s,Semua pahlawan %s,ฮีโร่ทั้งหมด %s,Lahat ng mga bayani %s,1,0.50%,,,,,,,,,,
249007,2493,200,1,,,,,%s,%s,%s,%s,%s,%s,%s,17,300,19,300,,,,,,,,
249008,2493,250,1,,,,,%s,%s,%s,%s,%s,%s,%s,9,3%,10,3%,,,,,,,,
249009,2493,300,3,,,,,All heroes %s,Tất cả anh hùng %s,Semua wira %s,All heroes %s,Semua pahlawan %s,ฮีโร่ทั้งหมด %s,Lahat ng mga bayani %s,9,0.50%,10,0.50%,,,,,,,,
249010,2493,350,1,,,,,%s,%s,%s,%s,%s,%s,%s,11,300,12,300,,,,,,,,
249011,2493,400,1,,,,,%s,%s,%s,%s,%s,%s,%s,22,300,23,300,,,,,,,,
249012,2493,450,3,,,,,All heroes %s,Tất cả anh hùng %s,Semua wira %s,All heroes %s,Semua pahlawan %s,ฮีโร่ทั้งหมด %s,Lahat ng mga bayani %s,7,0.50%,8,0.50%,,,,,,,,
249013,2493,500,1,,,,,%s,%s,%s,%s,%s,%s,%s,24,500,,,,,,,,,,
259001,2593,20,1,,,,,All basic attributes %s,Tất cả các thuộc tính cơ bản %s,Semua atribut asas %s,All basic attributes %s,Semua atribut dasar %s,คุณสมบัติพื้นฐานทั้งหมด %s,Lahat ng pangunahing katangian %s,7,1%,8,1%,1,1%,9,1%,10,1%,13,1%
259002,2593,40,1,,,,,%s,%s,%s,%s,%s,%s,%s,1,3%,,,,,,,,,,
259003,2593,60,1,,,,,%s,%s,%s,%s,%s,%s,%s,14,300,15,300,,,,,,,,
259004,2593,80,1,,,,,All basic attributes %s,Tất cả các thuộc tính cơ bản %s,Semua atribut asas %s,All basic attributes %s,Semua atribut dasar %s,คุณสมบัติพื้นฐานทั้งหมด %s,Lahat ng pangunahing katangian %s,7,0.50%,8,0.50%,1,0.50%,9,0.50%,10,0.50%,13,0.50%
259005,2593,100,1,,,,,%s,%s,%s,%s,%s,%s,%s,7,3%,8,3%,,,,,,,,
259006,2593,150,3,,,,,All heroes %s,Tất cả anh hùng %s,Semua wira %s,All heroes %s,Semua pahlawan %s,ฮีโร่ทั้งหมด %s,Lahat ng mga bayani %s,7,0.50%,8,0.50%,,,,,,,,
259007,2593,200,1,,,,,%s,%s,%s,%s,%s,%s,%s,17,300,19,300,,,,,,,,
259008,2593,250,1,,,,,%s,%s,%s,%s,%s,%s,%s,9,3%,10,3%,,,,,,,,
259009,2593,300,3,,,,,All heroes %s,Tất cả anh hùng %s,Semua wira %s,All heroes %s,Semua pahlawan %s,ฮีโร่ทั้งหมด %s,Lahat ng mga bayani %s,1,0.50%,,,,,,,,,,
259010,2593,350,1,,,,,%s,%s,%s,%s,%s,%s,%s,11,300,12,300,,,,,,,,
259011,2593,400,1,,,,,%s,%s,%s,%s,%s,%s,%s,22,300,23,300,,,,,,,,
259012,2593,450,3,,,,,All heroes %s,Tất cả anh hùng %s,Semua wira %s,All heroes %s,Semua pahlawan %s,ฮีโร่ทั้งหมด %s,Lahat ng mga bayani %s,7,0.50%,8,0.50%,,,,,,,,
259013,2593,500,1,,,,,%s,%s,%s,%s,%s,%s,%s,24,500,,,,,,,,,,
261001,2612,20,1,,,,,All basic attributes %s,Tất cả các thuộc tính cơ bản %s,Semua atribut asas %s,All basic attributes %s,Semua atribut dasar %s,คุณสมบัติพื้นฐานทั้งหมด %s,Lahat ng pangunahing katangian %s,7,1%,8,1%,1,1%,9,1%,10,1%,13,1%
261002,2612,40,1,,,,,%s,%s,%s,%s,%s,%s,%s,1,3%,,,,,,,,,,
261003,2612,60,1,,,,,%s,%s,%s,%s,%s,%s,%s,14,300,15,300,,,,,,,,
261004,2612,80,1,,,,,All basic attributes %s,Tất cả các thuộc tính cơ bản %s,Semua atribut asas %s,All basic attributes %s,Semua atribut dasar %s,คุณสมบัติพื้นฐานทั้งหมด %s,Lahat ng pangunahing katangian %s,7,0.50%,8,0.50%,1,0.50%,9,0.50%,10,0.50%,13,0.50%
261005,2612,100,1,,,,,%s,%s,%s,%s,%s,%s,%s,7,3%,8,3%,,,,,,,,
261006,2612,150,3,,,,,All heroes %s,Tất cả anh hùng %s,Semua wira %s,All heroes %s,Semua pahlawan %s,ฮีโร่ทั้งหมด %s,Lahat ng mga bayani %s,9,0.50%,10,0.50%,,,,,,,,
261007,2612,200,1,,,,,%s,%s,%s,%s,%s,%s,%s,17,300,19,300,,,,,,,,
261008,2612,250,1,,,,,%s,%s,%s,%s,%s,%s,%s,9,3%,10,3%,,,,,,,,
261009,2612,300,3,,,,,All heroes %s,Tất cả anh hùng %s,Semua wira %s,All heroes %s,Semua pahlawan %s,ฮีโร่ทั้งหมด %s,Lahat ng mga bayani %s,7,0.50%,8,0.50%,,,,,,,,
261010,2612,350,1,,,,,%s,%s,%s,%s,%s,%s,%s,11,300,12,300,,,,,,,,
261011,2612,400,1,,,,,%s,%s,%s,%s,%s,%s,%s,22,300,23,300,,,,,,,,
261012,2612,450,3,,,,,All heroes %s,Tất cả anh hùng %s,Semua wira %s,All heroes %s,Semua pahlawan %s,ฮีโร่ทั้งหมด %s,Lahat ng mga bayani %s,9,0.50%,10,0.50%,,,,,,,,
261013,2612,500,1,,,,,%s,%s,%s,%s,%s,%s,%s,24,500,,,,,,,,,,
263001,2633,20,1,,,,,All basic attributes %s,Tất cả các thuộc tính cơ bản %s,Semua atribut asas %s,All basic attributes %s,Semua atribut dasar %s,คุณสมบัติพื้นฐานทั้งหมด %s,Lahat ng pangunahing katangian %s,7,1%,8,1%,1,1%,9,1%,10,1%,13,1%
263002,2633,40,1,,,,,%s,%s,%s,%s,%s,%s,%s,1,3%,,,,,,,,,,
263003,2633,60,1,,,,,%s,%s,%s,%s,%s,%s,%s,14,300,15,300,,,,,,,,
263004,2633,80,1,,,,,All basic attributes %s,Tất cả các thuộc tính cơ bản %s,Semua atribut asas %s,All basic attributes %s,Semua atribut dasar %s,คุณสมบัติพื้นฐานทั้งหมด %s,Lahat ng pangunahing katangian %s,7,0.50%,8,0.50%,1,0.50%,9,0.50%,10,0.50%,13,0.50%
263005,2633,100,1,,,,,%s,%s,%s,%s,%s,%s,%s,7,3%,8,3%,,,,,,,,
263006,2633,150,3,,,,,All heroes %s,Tất cả anh hùng %s,Semua wira %s,All heroes %s,Semua pahlawan %s,ฮีโร่ทั้งหมด %s,Lahat ng mga bayani %s,9,0.50%,10,0.50%,,,,,,,,
263007,2633,200,1,,,,,%s,%s,%s,%s,%s,%s,%s,17,300,19,300,,,,,,,,
263008,2633,250,1,,,,,%s,%s,%s,%s,%s,%s,%s,9,3%,10,3%,,,,,,,,
263009,2633,300,3,,,,,All heroes %s,Tất cả anh hùng %s,Semua wira %s,All heroes %s,Semua pahlawan %s,ฮีโร่ทั้งหมด %s,Lahat ng mga bayani %s,7,0.50%,8,0.50%,,,,,,,,
263010,2633,350,1,,,,,%s,%s,%s,%s,%s,%s,%s,11,300,12,300,,,,,,,,
263011,2633,400,1,,,,,%s,%s,%s,%s,%s,%s,%s,22,300,23,300,,,,,,,,
263012,2633,450,3,,,,,All heroes %s,Tất cả anh hùng %s,Semua wira %s,All heroes %s,Semua pahlawan %s,ฮีโร่ทั้งหมด %s,Lahat ng mga bayani %s,1,0.50%,,,,,,,,,,
263013,2633,500,1,,,,,%s,%s,%s,%s,%s,%s,%s,24,500,,,,,,,,,,
268001,2683,20,1,,,,,All basic attributes %s,Tất cả các thuộc tính cơ bản %s,Semua atribut asas %s,All basic attributes %s,Semua atribut dasar %s,คุณสมบัติพื้นฐานทั้งหมด %s,Lahat ng pangunahing katangian %s,7,1%,8,1%,1,1%,9,1%,10,1%,13,1%
268002,2683,40,1,,,,,%s,%s,%s,%s,%s,%s,%s,1,3%,,,,,,,,,,
268003,2683,60,1,,,,,%s,%s,%s,%s,%s,%s,%s,14,300,15,300,,,,,,,,
268004,2683,80,1,,,,,All basic attributes %s,Tất cả các thuộc tính cơ bản %s,Semua atribut asas %s,All basic attributes %s,Semua atribut dasar %s,คุณสมบัติพื้นฐานทั้งหมด %s,Lahat ng pangunahing katangian %s,7,0.50%,8,0.50%,1,0.50%,9,0.50%,10,0.50%,13,0.50%
268005,2683,100,1,,,,,%s,%s,%s,%s,%s,%s,%s,7,3%,8,3%,,,,,,,,
268006,2683,150,3,,,,,All heroes %s,Tất cả anh hùng %s,Semua wira %s,All heroes %s,Semua pahlawan %s,ฮีโร่ทั้งหมด %s,Lahat ng mga bayani %s,9,0.50%,10,0.50%,,,,,,,,
268007,2683,200,1,,,,,%s,%s,%s,%s,%s,%s,%s,17,300,19,300,,,,,,,,
268008,2683,250,1,,,,,%s,%s,%s,%s,%s,%s,%s,9,3%,10,3%,,,,,,,,
268009,2683,300,3,,,,,All heroes %s,Tất cả anh hùng %s,Semua wira %s,All heroes %s,Semua pahlawan %s,ฮีโร่ทั้งหมด %s,Lahat ng mga bayani %s,7,0.50%,8,0.50%,,,,,,,,
268010,2683,350,1,,,,,%s,%s,%s,%s,%s,%s,%s,11,300,12,300,,,,,,,,
268011,2683,400,1,,,,,%s,%s,%s,%s,%s,%s,%s,22,300,23,300,,,,,,,,
268012,2683,450,3,,,,,All heroes %s,Tất cả anh hùng %s,Semua wira %s,All heroes %s,Semua pahlawan %s,ฮีโร่ทั้งหมด %s,Lahat ng mga bayani %s,9,0.50%,10,0.50%,,,,,,,,
268013,2683,500,1,,,,,%s,%s,%s,%s,%s,%s,%s,24,500,,,,,,,,,,
272001,2723,20,1,,,,,All basic attributes %s,Tất cả các thuộc tính cơ bản %s,Semua atribut asas %s,All basic attributes %s,Semua atribut dasar %s,คุณสมบัติพื้นฐานทั้งหมด %s,Lahat ng pangunahing katangian %s,7,1%,8,1%,1,1%,9,1%,10,1%,13,1%
272002,2723,40,1,,,,,%s,%s,%s,%s,%s,%s,%s,1,3%,,,,,,,,,,
272003,2723,60,1,,,,,%s,%s,%s,%s,%s,%s,%s,14,300,15,300,,,,,,,,
272004,2723,80,1,,,,,All basic attributes %s,Tất cả các thuộc tính cơ bản %s,Semua atribut asas %s,All basic attributes %s,Semua atribut dasar %s,คุณสมบัติพื้นฐานทั้งหมด %s,Lahat ng pangunahing katangian %s,7,0.60%,8,0.60%,1,0.60%,9,0.60%,10,0.60%,13,0.60%
272005,2723,100,1,,,,,%s,%s,%s,%s,%s,%s,%s,7,3%,8,3%,,,,,,,,
272006,2723,150,3,,,,,All heroes %s,Tất cả anh hùng %s,Semua wira %s,All heroes %s,Semua pahlawan %s,ฮีโร่ทั้งหมด %s,Lahat ng mga bayani %s,1,0.60%,,,,,,,,,,
272007,2723,200,1,,,,,%s,%s,%s,%s,%s,%s,%s,17,300,19,300,,,,,,,,
272008,2723,250,1,,,,,%s,%s,%s,%s,%s,%s,%s,9,3%,10,3%,,,,,,,,
272009,2723,300,3,,,,,All heroes %s,Tất cả anh hùng %s,Semua wira %s,All heroes %s,Semua pahlawan %s,ฮีโร่ทั้งหมด %s,Lahat ng mga bayani %s,9,0.60%,10,0.60%,,,,,,,,
272010,2723,350,1,,,,,%s,%s,%s,%s,%s,%s,%s,11,300,12,300,,,,,,,,
272011,2723,400,1,,,,,%s,%s,%s,%s,%s,%s,%s,22,300,23,300,,,,,,,,
272012,2723,450,3,,,,,All heroes %s,Tất cả anh hùng %s,Semua wira %s,All heroes %s,Semua pahlawan %s,ฮีโร่ทั้งหมด %s,Lahat ng mga bayani %s,7,0.60%,8,0.60%,,,,,,,,
272013,2723,500,1,,,,,%s,%s,%s,%s,%s,%s,%s,24,500,,,,,,,,,,
282001,2821,20,1,,,,,All basic attributes %s,Tất cả các thuộc tính cơ bản %s,Semua atribut asas %s,All basic attributes %s,Semua atribut dasar %s,คุณสมบัติพื้นฐานทั้งหมด %s,Lahat ng pangunahing katangian %s,7,1%,8,1%,1,1%,9,1%,10,1%,13,1%
282002,2821,40,1,,,,,%s,%s,%s,%s,%s,%s,%s,1,3%,,,,,,,,,,
282003,2821,60,1,,,,,%s,%s,%s,%s,%s,%s,%s,14,300,15,300,,,,,,,,
282004,2821,80,1,,,,,All basic attributes %s,Tất cả các thuộc tính cơ bản %s,Semua atribut asas %s,All basic attributes %s,Semua atribut dasar %s,คุณสมบัติพื้นฐานทั้งหมด %s,Lahat ng pangunahing katangian %s,7,0.50%,8,0.50%,1,0.50%,9,0.50%,10,0.50%,13,0.50%
282005,2821,100,1,,,,,%s,%s,%s,%s,%s,%s,%s,7,3%,8,3%,,,,,,,,
282006,2821,150,3,,,,,All heroes %s,Tất cả anh hùng %s,Semua wira %s,All heroes %s,Semua pahlawan %s,ฮีโร่ทั้งหมด %s,Lahat ng mga bayani %s,9,0.50%,10,0.50%,,,,,,,,
282007,2821,200,1,,,,,%s,%s,%s,%s,%s,%s,%s,17,300,19,300,,,,,,,,
282008,2821,250,1,,,,,%s,%s,%s,%s,%s,%s,%s,9,3%,10,3%,,,,,,,,
282009,2821,300,3,,,,,All heroes %s,Tất cả anh hùng %s,Semua wira %s,All heroes %s,Semua pahlawan %s,ฮีโร่ทั้งหมด %s,Lahat ng mga bayani %s,7,0.50%,8,0.50%,,,,,,,,
282010,2821,350,1,,,,,%s,%s,%s,%s,%s,%s,%s,11,300,12,300,,,,,,,,
282011,2821,400,1,,,,,%s,%s,%s,%s,%s,%s,%s,22,300,23,300,,,,,,,,
282012,2821,450,3,,,,,All heroes %s,Tất cả anh hùng %s,Semua wira %s,All heroes %s,Semua pahlawan %s,ฮีโร่ทั้งหมด %s,Lahat ng mga bayani %s,9,0.60%,10,0.60%,,,,,,,,
282013,2821,500,1,,,,,%s,%s,%s,%s,%s,%s,%s,24,500,,,,,,,,,,
284001,2843,20,1,,,,,All basic attributes %s,Tất cả các thuộc tính cơ bản %s,Semua atribut asas %s,All basic attributes %s,Semua atribut dasar %s,คุณสมบัติพื้นฐานทั้งหมด %s,Lahat ng pangunahing katangian %s,7,1%,8,1%,1,1%,9,1%,10,1%,13,1%
284002,2843,40,1,,,,,%s,%s,%s,%s,%s,%s,%s,1,3%,,,,,,,,,,
284003,2843,60,1,,,,,%s,%s,%s,%s,%s,%s,%s,14,300,15,300,,,,,,,,
284004,2843,80,1,,,,,All basic attributes %s,Tất cả các thuộc tính cơ bản %s,Semua atribut asas %s,All basic attributes %s,Semua atribut dasar %s,คุณสมบัติพื้นฐานทั้งหมด %s,Lahat ng pangunahing katangian %s,7,0.50%,8,0.50%,1,0.50%,9,0.50%,10,0.50%,13,0.50%
284005,2843,100,1,,,,,%s,%s,%s,%s,%s,%s,%s,7,3%,8,3%,,,,,,,,
284006,2843,150,3,,,,,All heroes %s,Tất cả anh hùng %s,Semua wira %s,All heroes %s,Semua pahlawan %s,ฮีโร่ทั้งหมด %s,Lahat ng mga bayani %s,7,0.50%,8,0.50%,,,,,,,,
284007,2843,200,1,,,,,%s,%s,%s,%s,%s,%s,%s,17,300,19,300,,,,,,,,
284008,2843,250,1,,,,,%s,%s,%s,%s,%s,%s,%s,9,3%,10,3%,,,,,,,,
284009,2843,300,3,,,,,All heroes %s,Tất cả anh hùng %s,Semua wira %s,All heroes %s,Semua pahlawan %s,ฮีโร่ทั้งหมด %s,Lahat ng mga bayani %s,1,0.50%,,,,,,,,,,
284010,2843,350,1,,,,,%s,%s,%s,%s,%s,%s,%s,11,300,12,300,,,,,,,,
284011,2843,400,1,,,,,%s,%s,%s,%s,%s,%s,%s,22,300,23,300,,,,,,,,
284012,2843,450,3,,,,,All heroes %s,Tất cả anh hùng %s,Semua wira %s,All heroes %s,Semua pahlawan %s,ฮีโร่ทั้งหมด %s,Lahat ng mga bayani %s,7,0.50%,8,0.50%,,,,,,,,
284013,2843,500,1,,,,,%s,%s,%s,%s,%s,%s,%s,24,500,,,,,,,,,,
287001,2871,20,1,,,,,All basic attributes %s,Tất cả các thuộc tính cơ bản %s,Semua atribut asas %s,All basic attributes %s,Semua atribut dasar %s,คุณสมบัติพื้นฐานทั้งหมด %s,Lahat ng pangunahing katangian %s,7,1%,8,1%,1,1%,9,1%,10,1%,13,1%
287002,2871,40,1,,,,,%s,%s,%s,%s,%s,%s,%s,1,3%,,,,,,,,,,
287003,2871,60,1,,,,,%s,%s,%s,%s,%s,%s,%s,14,300,15,300,,,,,,,,
287004,2871,80,1,,,,,All basic attributes %s,Tất cả các thuộc tính cơ bản %s,Semua atribut asas %s,All basic attributes %s,Semua atribut dasar %s,คุณสมบัติพื้นฐานทั้งหมด %s,Lahat ng pangunahing katangian %s,7,0.50%,8,0.50%,1,0.50%,9,0.50%,10,0.50%,13,0.50%
287005,2871,100,1,,,,,%s,%s,%s,%s,%s,%s,%s,7,3%,8,3%,,,,,,,,
287006,2871,150,3,,,,,All heroes %s,Tất cả anh hùng %s,Semua wira %s,All heroes %s,Semua pahlawan %s,ฮีโร่ทั้งหมด %s,Lahat ng mga bayani %s,7,0.50%,8,0.50%,,,,,,,,
287007,2871,200,1,,,,,%s,%s,%s,%s,%s,%s,%s,17,300,19,300,,,,,,,,
287008,2871,250,1,,,,,%s,%s,%s,%s,%s,%s,%s,9,3%,10,3%,,,,,,,,
287009,2871,300,3,,,,,All heroes %s,Tất cả anh hùng %s,Semua wira %s,All heroes %s,Semua pahlawan %s,ฮีโร่ทั้งหมด %s,Lahat ng mga bayani %s,1,0.50%,,,,,,,,,,
287010,2871,350,1,,,,,%s,%s,%s,%s,%s,%s,%s,11,300,12,300,,,,,,,,
287011,2871,400,1,,,,,%s,%s,%s,%s,%s,%s,%s,22,300,23,300,,,,,,,,
287012,2871,450,3,,,,,All heroes %s,Tất cả anh hùng %s,Semua wira %s,All heroes %s,Semua pahlawan %s,ฮีโร่ทั้งหมด %s,Lahat ng mga bayani %s,9,0.50%,10,0.50%,,,,,,,,
287013,2871,500,1,,,,,%s,%s,%s,%s,%s,%s,%s,24,500,,,,,,,,,,
289001,2891,20,1,,,,,All basic attributes %s,Tất cả các thuộc tính cơ bản %s,Semua atribut asas %s,All basic attributes %s,Semua atribut dasar %s,คุณสมบัติพื้นฐานทั้งหมด %s,Lahat ng pangunahing katangian %s,7,1%,8,1%,1,1%,9,1%,10,1%,13,1%
289002,2891,40,1,,,,,%s,%s,%s,%s,%s,%s,%s,1,3%,,,,,,,,,,
289003,2891,60,1,,,,,%s,%s,%s,%s,%s,%s,%s,14,300,15,300,,,,,,,,
289004,2891,80,1,,,,,All basic attributes %s,Tất cả các thuộc tính cơ bản %s,Semua atribut asas %s,All basic attributes %s,Semua atribut dasar %s,คุณสมบัติพื้นฐานทั้งหมด %s,Lahat ng pangunahing katangian %s,7,0.50%,8,0.50%,1,0.50%,9,0.50%,10,0.50%,13,0.50%
289005,2891,100,1,,,,,%s,%s,%s,%s,%s,%s,%s,7,3%,8,3%,,,,,,,,
289006,2891,150,3,,,,,All heroes %s,Tất cả anh hùng %s,Semua wira %s,All heroes %s,Semua pahlawan %s,ฮีโร่ทั้งหมด %s,Lahat ng mga bayani %s,7,0.50%,8,0.50%,,,,,,,,
289007,2891,200,1,,,,,%s,%s,%s,%s,%s,%s,%s,17,300,19,300,,,,,,,,
289008,2891,250,1,,,,,%s,%s,%s,%s,%s,%s,%s,9,3%,10,3%,,,,,,,,
289009,2891,300,3,,,,,All heroes %s,Tất cả anh hùng %s,Semua wira %s,All heroes %s,Semua pahlawan %s,ฮีโร่ทั้งหมด %s,Lahat ng mga bayani %s,1,0.50%,,,,,,,,,,
289010,2891,350,1,,,,,%s,%s,%s,%s,%s,%s,%s,11,300,12,300,,,,,,,,
289011,2891,400,1,,,,,%s,%s,%s,%s,%s,%s,%s,22,300,23,300,,,,,,,,
289012,2891,450,3,,,,,All heroes %s,Tất cả anh hùng %s,Semua wira %s,All heroes %s,Semua pahlawan %s,ฮีโร่ทั้งหมด %s,Lahat ng mga bayani %s,9,0.50%,10,0.50%,,,,,,,,
289013,2891,500,1,,,,,%s,%s,%s,%s,%s,%s,%s,24,500,,,,,,,,,,
292001,2921,20,1,,,,,All basic attributes %s,Tất cả các thuộc tính cơ bản %s,Semua atribut asas %s,All basic attributes %s,Semua atribut dasar %s,คุณสมบัติพื้นฐานทั้งหมด %s,Lahat ng pangunahing katangian %s,7,1%,8,1%,1,1%,9,1%,10,1%,13,1%
292002,2921,40,1,,,,,%s,%s,%s,%s,%s,%s,%s,1,3%,,,,,,,,,,
292003,2921,60,1,,,,,%s,%s,%s,%s,%s,%s,%s,14,300,15,300,,,,,,,,
292004,2921,80,1,,,,,All basic attributes %s,Tất cả các thuộc tính cơ bản %s,Semua atribut asas %s,All basic attributes %s,Semua atribut dasar %s,คุณสมบัติพื้นฐานทั้งหมด %s,Lahat ng pangunahing katangian %s,7,0.50%,8,0.50%,1,0.50%,9,0.50%,10,0.50%,13,0.50%
292005,2921,100,1,,,,,%s,%s,%s,%s,%s,%s,%s,7,3%,8,3%,,,,,,,,
292006,2921,150,3,,,,,All heroes %s,Tất cả anh hùng %s,Semua wira %s,All heroes %s,Semua pahlawan %s,ฮีโร่ทั้งหมด %s,Lahat ng mga bayani %s,1,0.50%,,,,,,,,,,
292007,2921,200,1,,,,,%s,%s,%s,%s,%s,%s,%s,17,300,19,300,,,,,,,,
292008,2921,250,1,,,,,%s,%s,%s,%s,%s,%s,%s,9,3%,10,3%,,,,,,,,
292009,2921,300,3,,,,,All heroes %s,Tất cả anh hùng %s,Semua wira %s,All heroes %s,Semua pahlawan %s,ฮีโร่ทั้งหมด %s,Lahat ng mga bayani %s,9,0.50%,10,0.50%,,,,,,,,
292010,2921,350,1,,,,,%s,%s,%s,%s,%s,%s,%s,11,300,12,300,,,,,,,,
292011,2921,400,1,,,,,%s,%s,%s,%s,%s,%s,%s,22,300,23,300,,,,,,,,
292012,2921,450,3,,,,,All heroes %s,Tất cả anh hùng %s,Semua wira %s,All heroes %s,Semua pahlawan %s,ฮีโร่ทั้งหมด %s,Lahat ng mga bayani %s,7,0.50%,8,0.50%,,,,,,,,
292013,2921,500,1,,,,,%s,%s,%s,%s,%s,%s,%s,24,500,,,,,,,,,,
292101,2922,20,1,,,,,All basic attributes %s,Tất cả các thuộc tính cơ bản %s,Semua atribut asas %s,All basic attributes %s,Semua atribut dasar %s,คุณสมบัติพื้นฐานทั้งหมด %s,Lahat ng pangunahing katangian %s,7,1%,8,1%,1,1%,9,1%,10,1%,13,1%
292102,2922,40,1,,,,,%s,%s,%s,%s,%s,%s,%s,1,3%,,,,,,,,,,
292103,2922,60,1,,,,,%s,%s,%s,%s,%s,%s,%s,14,300,15,300,,,,,,,,
292104,2922,80,1,,,,,All basic attributes %s,Tất cả các thuộc tính cơ bản %s,Semua atribut asas %s,All basic attributes %s,Semua atribut dasar %s,คุณสมบัติพื้นฐานทั้งหมด %s,Lahat ng pangunahing katangian %s,7,0.50%,8,0.50%,1,0.50%,9,0.50%,10,0.50%,13,0.50%
292105,2922,100,1,,,,,%s,%s,%s,%s,%s,%s,%s,7,3%,8,3%,,,,,,,,
292106,2922,150,3,,,,,All heroes %s,Tất cả anh hùng %s,Semua wira %s,All heroes %s,Semua pahlawan %s,ฮีโร่ทั้งหมด %s,Lahat ng mga bayani %s,9,0.50%,10,0.50%,,,,,,,,
292107,2922,200,1,,,,,%s,%s,%s,%s,%s,%s,%s,17,300,19,300,,,,,,,,
292108,2922,250,1,,,,,%s,%s,%s,%s,%s,%s,%s,9,3%,10,3%,,,,,,,,
292109,2922,300,3,,,,,All heroes %s,Tất cả anh hùng %s,Semua wira %s,All heroes %s,Semua pahlawan %s,ฮีโร่ทั้งหมด %s,Lahat ng mga bayani %s,7,0.50%,8,0.50%,,,,,,,,
292110,2922,350,1,,,,,%s,%s,%s,%s,%s,%s,%s,11,300,12,300,,,,,,,,
292111,2922,400,1,,,,,%s,%s,%s,%s,%s,%s,%s,22,300,23,300,,,,,,,,
292112,2922,450,3,,,,,All heroes %s,Tất cả anh hùng %s,Semua wira %s,All heroes %s,Semua pahlawan %s,ฮีโร่ทั้งหมด %s,Lahat ng mga bayani %s,7,0.50%,8,0.50%,,,,,,,,
292113,2922,500,1,,,,,%s,%s,%s,%s,%s,%s,%s,24,500,,,,,,,,,,
296001,2963,20,1,,,,,All basic attributes %s,Tất cả các thuộc tính cơ bản %s,Semua atribut asas %s,All basic attributes %s,Semua atribut dasar %s,คุณสมบัติพื้นฐานทั้งหมด %s,Lahat ng pangunahing katangian %s,7,1%,8,1%,1,1%,9,1%,10,1%,13,1%
296002,2963,40,1,,,,,%s,%s,%s,%s,%s,%s,%s,1,3%,,,,,,,,,,
296003,2963,60,1,,,,,%s,%s,%s,%s,%s,%s,%s,14,300,15,300,,,,,,,,
296004,2963,80,1,,,,,All basic attributes %s,Tất cả các thuộc tính cơ bản %s,Semua atribut asas %s,All basic attributes %s,Semua atribut dasar %s,คุณสมบัติพื้นฐานทั้งหมด %s,Lahat ng pangunahing katangian %s,7,0.50%,8,0.50%,1,0.50%,9,0.50%,10,0.50%,13,0.50%
296005,2963,100,1,,,,,%s,%s,%s,%s,%s,%s,%s,7,3%,8,3%,,,,,,,,
296006,2963,150,3,,,,,All heroes %s,Tất cả anh hùng %s,Semua wira %s,All heroes %s,Semua pahlawan %s,ฮีโร่ทั้งหมด %s,Lahat ng mga bayani %s,9,0.50%,10,0.50%,,,,,,,,
296007,2963,200,1,,,,,%s,%s,%s,%s,%s,%s,%s,17,300,19,300,,,,,,,,
296008,2963,250,1,,,,,%s,%s,%s,%s,%s,%s,%s,9,3%,10,3%,,,,,,,,
296009,2963,300,3,,,,,All heroes %s,Tất cả anh hùng %s,Semua wira %s,All heroes %s,Semua pahlawan %s,ฮีโร่ทั้งหมด %s,Lahat ng mga bayani %s,7,0.50%,8,0.50%,,,,,,,,
296010,2963,350,1,,,,,%s,%s,%s,%s,%s,%s,%s,11,300,12,300,,,,,,,,
296011,2963,400,1,,,,,%s,%s,%s,%s,%s,%s,%s,22,300,23,300,,,,,,,,
296012,2963,450,3,,,,,All heroes %s,Tất cả anh hùng %s,Semua wira %s,All heroes %s,Semua pahlawan %s,ฮีโร่ทั้งหมด %s,Lahat ng mga bayani %s,7,0.50%,8,0.50%,,,,,,,,
296013,2963,500,1,,,,,%s,%s,%s,%s,%s,%s,%s,24,500,,,,,,,,,,
299001,2991,20,1,,,,,All basic attributes %s,Tất cả các thuộc tính cơ bản %s,Semua atribut asas %s,All basic attributes %s,Semua atribut dasar %s,คุณสมบัติพื้นฐานทั้งหมด %s,Lahat ng pangunahing katangian %s,7,1%,8,1%,1,1%,9,1%,10,1%,13,1%
299002,2991,40,1,,,,,%s,%s,%s,%s,%s,%s,%s,1,3%,,,,,,,,,,
299003,2991,60,1,,,,,%s,%s,%s,%s,%s,%s,%s,14,300,15,300,,,,,,,,
299004,2991,80,1,,,,,All basic attributes %s,Tất cả các thuộc tính cơ bản %s,Semua atribut asas %s,All basic attributes %s,Semua atribut dasar %s,คุณสมบัติพื้นฐานทั้งหมด %s,Lahat ng pangunahing katangian %s,7,0.60%,8,0.60%,1,0.60%,9,0.60%,10,0.60%,13,0.60%
299005,2991,100,1,,,,,%s,%s,%s,%s,%s,%s,%s,7,3%,8,3%,,,,,,,,
299006,2991,150,3,,,,,All heroes %s,Tất cả anh hùng %s,Semua wira %s,All heroes %s,Semua pahlawan %s,ฮีโร่ทั้งหมด %s,Lahat ng mga bayani %s,1,0.60%,,,,,,,,,,
299007,2991,200,1,,,,,%s,%s,%s,%s,%s,%s,%s,17,300,19,300,,,,,,,,
299008,2991,250,1,,,,,%s,%s,%s,%s,%s,%s,%s,9,3%,10,3%,,,,,,,,
299009,2991,300,3,,,,,All heroes %s,Tất cả anh hùng %s,Semua wira %s,All heroes %s,Semua pahlawan %s,ฮีโร่ทั้งหมด %s,Lahat ng mga bayani %s,9,0.60%,10,0.60%,,,,,,,,
299010,2991,350,1,,,,,%s,%s,%s,%s,%s,%s,%s,11,300,12,300,,,,,,,,
299011,2991,400,1,,,,,%s,%s,%s,%s,%s,%s,%s,22,300,23,300,,,,,,,,
299012,2991,450,3,,,,,All heroes %s,Tất cả anh hùng %s,Semua wira %s,All heroes %s,Semua pahlawan %s,ฮีโร่ทั้งหมด %s,Lahat ng mga bayani %s,9,0.60%,10,0.60%,,,,,,,,
299013,2991,500,1,,,,,%s,%s,%s,%s,%s,%s,%s,24,500,,,,,,,,,,
300001,3003,20,1,,,,,All basic attributes %s,Tất cả các thuộc tính cơ bản %s,Semua atribut asas %s,All basic attributes %s,Semua atribut dasar %s,คุณสมบัติพื้นฐานทั้งหมด %s,Lahat ng pangunahing katangian %s,7,1%,8,1%,1,1%,9,1%,10,1%,13,1%
300002,3003,40,1,,,,,%s,%s,%s,%s,%s,%s,%s,1,3%,,,,,,,,,,
300003,3003,60,1,,,,,%s,%s,%s,%s,%s,%s,%s,14,300,15,300,,,,,,,,
300004,3003,80,1,,,,,All basic attributes %s,Tất cả các thuộc tính cơ bản %s,Semua atribut asas %s,All basic attributes %s,Semua atribut dasar %s,คุณสมบัติพื้นฐานทั้งหมด %s,Lahat ng pangunahing katangian %s,7,0.60%,8,0.60%,1,0.60%,9,0.60%,10,0.60%,13,0.60%
300005,3003,100,1,,,,,%s,%s,%s,%s,%s,%s,%s,7,3%,8,3%,,,,,,,,
300006,3003,150,3,,,,,All heroes %s,Tất cả anh hùng %s,Semua wira %s,All heroes %s,Semua pahlawan %s,ฮีโร่ทั้งหมด %s,Lahat ng mga bayani %s,7,0.60%,8,0.60%,,,,,,,,
300007,3003,200,1,,,,,%s,%s,%s,%s,%s,%s,%s,17,300,19,300,,,,,,,,
300008,3003,250,1,,,,,%s,%s,%s,%s,%s,%s,%s,9,3%,10,3%,,,,,,,,
300009,3003,300,3,,,,,All heroes %s,Tất cả anh hùng %s,Semua wira %s,All heroes %s,Semua pahlawan %s,ฮีโร่ทั้งหมด %s,Lahat ng mga bayani %s,1,0.60%,,,,,,,,,,
300010,3003,350,1,,,,,%s,%s,%s,%s,%s,%s,%s,11,300,12,300,,,,,,,,
300011,3003,400,1,,,,,%s,%s,%s,%s,%s,%s,%s,22,300,23,300,,,,,,,,
300012,3003,450,3,,,,,All heroes %s,Tất cả anh hùng %s,Semua wira %s,All heroes %s,Semua pahlawan %s,ฮีโร่ทั้งหมด %s,Lahat ng mga bayani %s,9,0.60%,10,0.60%,,,,,,,,
300013,3003,500,1,,,,,%s,%s,%s,%s,%s,%s,%s,24,500,,,,,,,,,,
301001,3011,20,1,,,,,All basic attributes %s,Tất cả các thuộc tính cơ bản %s,Semua atribut asas %s,All basic attributes %s,Semua atribut dasar %s,คุณสมบัติพื้นฐานทั้งหมด %s,Lahat ng pangunahing katangian %s,7,1%,8,1%,1,1%,9,1%,10,1%,13,1%
301002,3011,40,1,,,,,%s,%s,%s,%s,%s,%s,%s,1,3%,,,,,,,,,,
301003,3011,60,1,,,,,%s,%s,%s,%s,%s,%s,%s,14,300,15,300,,,,,,,,
301004,3011,80,1,,,,,All basic attributes %s,Tất cả các thuộc tính cơ bản %s,Semua atribut asas %s,All basic attributes %s,Semua atribut dasar %s,คุณสมบัติพื้นฐานทั้งหมด %s,Lahat ng pangunahing katangian %s,7,0.50%,8,0.50%,1,0.50%,9,0.50%,10,0.50%,13,0.50%
301005,3011,100,1,,,,,%s,%s,%s,%s,%s,%s,%s,7,3%,8,3%,,,,,,,,
301006,3011,150,3,,,,,All heroes %s,Tất cả anh hùng %s,Semua wira %s,All heroes %s,Semua pahlawan %s,ฮีโร่ทั้งหมด %s,Lahat ng mga bayani %s,9,0.50%,10,0.50%,,,,,,,,
301007,3011,200,1,,,,,%s,%s,%s,%s,%s,%s,%s,17,300,19,300,,,,,,,,
301008,3011,250,1,,,,,%s,%s,%s,%s,%s,%s,%s,9,3%,10,3%,,,,,,,,
301009,3011,300,3,,,,,All heroes %s,Tất cả anh hùng %s,Semua wira %s,All heroes %s,Semua pahlawan %s,ฮีโร่ทั้งหมด %s,Lahat ng mga bayani %s,7,0.50%,8,0.50%,,,,,,,,
301010,3011,350,1,,,,,%s,%s,%s,%s,%s,%s,%s,11,300,12,300,,,,,,,,
301011,3011,400,1,,,,,%s,%s,%s,%s,%s,%s,%s,22,300,23,300,,,,,,,,
301012,3011,450,3,,,,,All heroes %s,Tất cả anh hùng %s,Semua wira %s,All heroes %s,Semua pahlawan %s,ฮีโร่ทั้งหมด %s,Lahat ng mga bayani %s,1,0.50%,,,,,,,,,,
301013,3011,500,1,,,,,%s,%s,%s,%s,%s,%s,%s,24,500,,,,,,,,,,
302001,3021,20,1,,,,,All basic attributes %s,Tất cả các thuộc tính cơ bản %s,Semua atribut asas %s,All basic attributes %s,Semua atribut dasar %s,คุณสมบัติพื้นฐานทั้งหมด %s,Lahat ng pangunahing katangian %s,7,1%,8,1%,1,1%,9,1%,10,1%,13,1%
302002,3021,40,1,,,,,%s,%s,%s,%s,%s,%s,%s,1,3%,,,,,,,,,,
302003,3021,60,1,,,,,%s,%s,%s,%s,%s,%s,%s,14,300,15,300,,,,,,,,
302004,3021,80,1,,,,,All basic attributes %s,Tất cả các thuộc tính cơ bản %s,Semua atribut asas %s,All basic attributes %s,Semua atribut dasar %s,คุณสมบัติพื้นฐานทั้งหมด %s,Lahat ng pangunahing katangian %s,7,0.60%,8,0.60%,1,0.60%,9,0.60%,10,0.60%,13,0.60%
302005,3021,100,1,,,,,%s,%s,%s,%s,%s,%s,%s,7,3%,8,3%,,,,,,,,
302006,3021,150,3,,,,,All heroes %s,Tất cả anh hùng %s,Semua wira %s,All heroes %s,Semua pahlawan %s,ฮีโร่ทั้งหมด %s,Lahat ng mga bayani %s,7,0.60%,8,0.60%,,,,,,,,
302007,3021,200,1,,,,,%s,%s,%s,%s,%s,%s,%s,17,300,19,300,,,,,,,,
302008,3021,250,1,,,,,%s,%s,%s,%s,%s,%s,%s,9,3%,10,3%,,,,,,,,
302009,3021,300,3,,,,,All heroes %s,Tất cả anh hùng %s,Semua wira %s,All heroes %s,Semua pahlawan %s,ฮีโร่ทั้งหมด %s,Lahat ng mga bayani %s,1,0.60%,,,,,,,,,,
302010,3021,350,1,,,,,%s,%s,%s,%s,%s,%s,%s,11,300,12,300,,,,,,,,
302011,3021,400,1,,,,,%s,%s,%s,%s,%s,%s,%s,22,300,23,300,,,,,,,,
302012,3021,450,3,,,,,All heroes %s,Tất cả anh hùng %s,Semua wira %s,All heroes %s,Semua pahlawan %s,ฮีโร่ทั้งหมด %s,Lahat ng mga bayani %s,1,0.60%,,,,,,,,,,
302013,3021,500,1,,,,,%s,%s,%s,%s,%s,%s,%s,24,500,,,,,,,,,,
314001,3143,20,1,,,,,All basic attributes %s,Tất cả các thuộc tính cơ bản %s,Semua atribut asas %s,All basic attributes %s,Semua atribut dasar %s,คุณสมบัติพื้นฐานทั้งหมด %s,Lahat ng pangunahing katangian %s,7,1%,8,1%,1,1%,9,1%,10,1%,13,1%
314002,3143,40,1,,,,,%s,%s,%s,%s,%s,%s,%s,1,3%,,,,,,,,,,
314003,3143,60,1,,,,,%s,%s,%s,%s,%s,%s,%s,14,300,15,300,,,,,,,,
314004,3143,80,1,,,,,All basic attributes %s,Tất cả các thuộc tính cơ bản %s,Semua atribut asas %s,All basic attributes %s,Semua atribut dasar %s,คุณสมบัติพื้นฐานทั้งหมด %s,Lahat ng pangunahing katangian %s,7,0.60%,8,0.60%,1,0.60%,9,0.60%,10,0.60%,13,0.60%
314005,3143,100,1,,,,,%s,%s,%s,%s,%s,%s,%s,7,3%,8,3%,,,,,,,,
314006,3143,150,3,,,,,All heroes %s,Tất cả anh hùng %s,Semua wira %s,All heroes %s,Semua pahlawan %s,ฮีโร่ทั้งหมด %s,Lahat ng mga bayani %s,7,0.60%,8,0.60%,,,,,,,,
314007,3143,200,1,,,,,%s,%s,%s,%s,%s,%s,%s,17,300,19,300,,,,,,,,
314008,3143,250,1,,,,,%s,%s,%s,%s,%s,%s,%s,9,3%,10,3%,,,,,,,,
314009,3143,300,3,,,,,All heroes %s,Tất cả anh hùng %s,Semua wira %s,All heroes %s,Semua pahlawan %s,ฮีโร่ทั้งหมด %s,Lahat ng mga bayani %s,1,0.60%,,,,,,,,,,
314010,3143,350,1,,,,,%s,%s,%s,%s,%s,%s,%s,11,300,12,300,,,,,,,,
314011,3143,400,1,,,,,%s,%s,%s,%s,%s,%s,%s,22,300,23,300,,,,,,,,
314012,3143,450,3,,,,,All heroes %s,Tất cả anh hùng %s,Semua wira %s,All heroes %s,Semua pahlawan %s,ฮีโร่ทั้งหมด %s,Lahat ng mga bayani %s,9,0.60%,10,0.60%,,,,,,,,
314013,3143,500,1,,,,,%s,%s,%s,%s,%s,%s,%s,24,500,,,,,,,,,,
315001,3152,20,1,,,,,All basic attributes %s,Tất cả các thuộc tính cơ bản %s,Semua atribut asas %s,All basic attributes %s,Semua atribut dasar %s,คุณสมบัติพื้นฐานทั้งหมด %s,Lahat ng pangunahing katangian %s,7,1%,8,1%,1,1%,9,1%,10,1%,13,1%
315002,3152,40,1,,,,,%s,%s,%s,%s,%s,%s,%s,1,3%,,,,,,,,,,
315003,3152,60,1,,,,,%s,%s,%s,%s,%s,%s,%s,14,300,15,300,,,,,,,,
315004,3152,80,1,,,,,All basic attributes %s,Tất cả các thuộc tính cơ bản %s,Semua atribut asas %s,All basic attributes %s,Semua atribut dasar %s,คุณสมบัติพื้นฐานทั้งหมด %s,Lahat ng pangunahing katangian %s,7,0.60%,8,0.60%,1,0.60%,9,0.60%,10,0.60%,13,0.60%
315005,3152,100,1,,,,,%s,%s,%s,%s,%s,%s,%s,7,3%,8,3%,,,,,,,,
315006,3152,150,3,,,,,All heroes %s,Tất cả anh hùng %s,Semua wira %s,All heroes %s,Semua pahlawan %s,ฮีโร่ทั้งหมด %s,Lahat ng mga bayani %s,7,0.60%,8,0.60%,,,,,,,,
315007,3152,200,1,,,,,%s,%s,%s,%s,%s,%s,%s,17,300,19,300,,,,,,,,
315008,3152,250,1,,,,,%s,%s,%s,%s,%s,%s,%s,9,3%,10,3%,,,,,,,,
315009,3152,300,3,,,,,All heroes %s,Tất cả anh hùng %s,Semua wira %s,All heroes %s,Semua pahlawan %s,ฮีโร่ทั้งหมด %s,Lahat ng mga bayani %s,1,0.60%,,,,,,,,,,
315010,3152,350,1,,,,,%s,%s,%s,%s,%s,%s,%s,11,300,12,300,,,,,,,,
315011,3152,400,1,,,,,%s,%s,%s,%s,%s,%s,%s,22,300,23,300,,,,,,,,
315012,3152,450,3,,,,,All heroes %s,Tất cả anh hùng %s,Semua wira %s,All heroes %s,Semua pahlawan %s,ฮีโร่ทั้งหมด %s,Lahat ng mga bayani %s,9,0.60%,10,0.60%,,,,,,,,
315013,3152,500,1,,,,,%s,%s,%s,%s,%s,%s,%s,24,500,,,,,,,,,,
316001,3161,20,1,,,,,All basic attributes %s,Tất cả các thuộc tính cơ bản %s,Semua atribut asas %s,All basic attributes %s,Semua atribut dasar %s,คุณสมบัติพื้นฐานทั้งหมด %s,Lahat ng pangunahing katangian %s,7,1%,8,1%,1,1%,9,1%,10,1%,13,1%
316002,3161,40,1,,,,,%s,%s,%s,%s,%s,%s,%s,1,3%,,,,,,,,,,
316003,3161,60,1,,,,,%s,%s,%s,%s,%s,%s,%s,14,300,15,300,,,,,,,,
316004,3161,80,1,,,,,All basic attributes %s,Tất cả các thuộc tính cơ bản %s,Semua atribut asas %s,All basic attributes %s,Semua atribut dasar %s,คุณสมบัติพื้นฐานทั้งหมด %s,Lahat ng pangunahing katangian %s,7,0.60%,8,0.60%,1,0.60%,9,0.60%,10,0.60%,13,0.60%
316005,3161,100,1,,,,,%s,%s,%s,%s,%s,%s,%s,7,3%,8,3%,,,,,,,,
316006,3161,150,3,,,,,All heroes %s,Tất cả anh hùng %s,Semua wira %s,All heroes %s,Semua pahlawan %s,ฮีโร่ทั้งหมด %s,Lahat ng mga bayani %s,9,0.60%,10,0.60%,,,,,,,,
316007,3161,200,1,,,,,%s,%s,%s,%s,%s,%s,%s,17,300,19,300,,,,,,,,
316008,3161,250,1,,,,,%s,%s,%s,%s,%s,%s,%s,9,3%,10,3%,,,,,,,,
316009,3161,300,3,,,,,All heroes %s,Tất cả anh hùng %s,Semua wira %s,All heroes %s,Semua pahlawan %s,ฮีโร่ทั้งหมด %s,Lahat ng mga bayani %s,7,0.60%,8,0.60%,,,,,,,,
316010,3161,350,1,,,,,%s,%s,%s,%s,%s,%s,%s,11,300,12,300,,,,,,,,
316011,3161,400,1,,,,,%s,%s,%s,%s,%s,%s,%s,22,300,23,300,,,,,,,,
316012,3161,450,3,,,,,All heroes %s,Tất cả anh hùng %s,Semua wira %s,All heroes %s,Semua pahlawan %s,ฮีโร่ทั้งหมด %s,Lahat ng mga bayani %s,1,0.60%,,,,,,,,,,
316013,3161,500,1,,,,,%s,%s,%s,%s,%s,%s,%s,24,500,,,,,,,,,,
317001,3171,20,1,,,,,All basic attributes %s,Tất cả các thuộc tính cơ bản %s,Semua atribut asas %s,All basic attributes %s,Semua atribut dasar %s,คุณสมบัติพื้นฐานทั้งหมด %s,Lahat ng pangunahing katangian %s,7,1%,8,1%,1,1%,9,1%,10,1%,13,1%
317002,3171,40,1,,,,,%s,%s,%s,%s,%s,%s,%s,1,3%,,,,,,,,,,
317003,3171,60,1,,,,,%s,%s,%s,%s,%s,%s,%s,14,300,15,300,,,,,,,,
317004,3171,80,1,,,,,All basic attributes %s,Tất cả các thuộc tính cơ bản %s,Semua atribut asas %s,All basic attributes %s,Semua atribut dasar %s,คุณสมบัติพื้นฐานทั้งหมด %s,Lahat ng pangunahing katangian %s,7,0.60%,8,0.60%,1,0.60%,9,0.60%,10,0.60%,13,0.60%
317005,3171,100,1,,,,,%s,%s,%s,%s,%s,%s,%s,7,3%,8,3%,,,,,,,,
317006,3171,150,3,,,,,All heroes %s,Tất cả anh hùng %s,Semua wira %s,All heroes %s,Semua pahlawan %s,ฮีโร่ทั้งหมด %s,Lahat ng mga bayani %s,7,0.60%,8,0.60%,,,,,,,,
317007,3171,200,1,,,,,%s,%s,%s,%s,%s,%s,%s,17,300,19,300,,,,,,,,
317008,3171,250,1,,,,,%s,%s,%s,%s,%s,%s,%s,9,3%,10,3%,,,,,,,,
317009,3171,300,3,,,,,All heroes %s,Tất cả anh hùng %s,Semua wira %s,All heroes %s,Semua pahlawan %s,ฮีโร่ทั้งหมด %s,Lahat ng mga bayani %s,1,0.60%,,,,,,,,,,
317010,3171,350,1,,,,,%s,%s,%s,%s,%s,%s,%s,11,300,12,300,,,,,,,,
317011,3171,400,1,,,,,%s,%s,%s,%s,%s,%s,%s,22,300,23,300,,,,,,,,
317012,3171,450,3,,,,,All heroes %s,Tất cả anh hùng %s,Semua wira %s,All heroes %s,Semua pahlawan %s,ฮีโร่ทั้งหมด %s,Lahat ng mga bayani %s,9,0.60%,10,0.60%,,,,,,,,
317013,3171,500,1,,,,,%s,%s,%s,%s,%s,%s,%s,24,500,,,,,,,,,,
318001,3181,20,1,,,,,All basic attributes %s,Tất cả các thuộc tính cơ bản %s,Semua atribut asas %s,All basic attributes %s,Semua atribut dasar %s,คุณสมบัติพื้นฐานทั้งหมด %s,Lahat ng pangunahing katangian %s,7,1%,8,1%,1,1%,9,1%,10,1%,13,1%
318002,3181,40,1,,,,,%s,%s,%s,%s,%s,%s,%s,1,3%,,,,,,,,,,
318003,3181,60,1,,,,,%s,%s,%s,%s,%s,%s,%s,14,300,15,300,,,,,,,,
318004,3181,80,1,,,,,All basic attributes %s,Tất cả các thuộc tính cơ bản %s,Semua atribut asas %s,All basic attributes %s,Semua atribut dasar %s,คุณสมบัติพื้นฐานทั้งหมด %s,Lahat ng pangunahing katangian %s,7,0.60%,8,0.60%,1,0.60%,9,0.60%,10,0.60%,13,0.60%
318005,3181,100,1,,,,,%s,%s,%s,%s,%s,%s,%s,7,3%,8,3%,,,,,,,,
318006,3181,150,3,,,,,All heroes %s,Tất cả anh hùng %s,Semua wira %s,All heroes %s,Semua pahlawan %s,ฮีโร่ทั้งหมด %s,Lahat ng mga bayani %s,7,0.60%,8,0.60%,,,,,,,,
318007,3181,200,1,,,,,%s,%s,%s,%s,%s,%s,%s,17,300,19,300,,,,,,,,
318008,3181,250,1,,,,,%s,%s,%s,%s,%s,%s,%s,9,3%,10,3%,,,,,,,,
318009,3181,300,3,,,,,All heroes %s,Tất cả anh hùng %s,Semua wira %s,All heroes %s,Semua pahlawan %s,ฮีโร่ทั้งหมด %s,Lahat ng mga bayani %s,1,0.60%,,,,,,,,,,
318010,3181,350,1,,,,,%s,%s,%s,%s,%s,%s,%s,11,300,12,300,,,,,,,,
318011,3181,400,1,,,,,%s,%s,%s,%s,%s,%s,%s,22,300,23,300,,,,,,,,
318012,3181,450,3,,,,,All heroes %s,Tất cả anh hùng %s,Semua wira %s,All heroes %s,Semua pahlawan %s,ฮีโร่ทั้งหมด %s,Lahat ng mga bayani %s,9,0.60%,10,0.60%,,,,,,,,
318013,3181,500,1,,,,,%s,%s,%s,%s,%s,%s,%s,24,500,,,,,,,,,,
320001,3201,20,1,,,,,All basic attributes %s,Tất cả các thuộc tính cơ bản %s,Semua atribut asas %s,All basic attributes %s,Semua atribut dasar %s,คุณสมบัติพื้นฐานทั้งหมด %s,Lahat ng pangunahing katangian %s,7,1%,8,1%,1,1%,9,1%,10,1%,13,1%
320002,3201,40,1,,,,,%s,%s,%s,%s,%s,%s,%s,1,3%,,,,,,,,,,
320003,3201,60,1,,,,,%s,%s,%s,%s,%s,%s,%s,14,300,15,300,,,,,,,,
320004,3201,80,1,,,,,All basic attributes %s,Tất cả các thuộc tính cơ bản %s,Semua atribut asas %s,All basic attributes %s,Semua atribut dasar %s,คุณสมบัติพื้นฐานทั้งหมด %s,Lahat ng pangunahing katangian %s,7,0.60%,8,0.60%,1,0.60%,9,0.60%,10,0.60%,13,0.60%
320005,3201,100,1,,,,,%s,%s,%s,%s,%s,%s,%s,7,3%,8,3%,,,,,,,,
320006,3201,150,3,,,,,All heroes %s,Tất cả anh hùng %s,Semua wira %s,All heroes %s,Semua pahlawan %s,ฮีโร่ทั้งหมด %s,Lahat ng mga bayani %s,9,0.60%,10,0.60%,,,,,,,,
320007,3201,200,1,,,,,%s,%s,%s,%s,%s,%s,%s,17,300,19,300,,,,,,,,
320008,3201,250,1,,,,,%s,%s,%s,%s,%s,%s,%s,9,3%,10,3%,,,,,,,,
320009,3201,300,3,,,,,All heroes %s,Tất cả anh hùng %s,Semua wira %s,All heroes %s,Semua pahlawan %s,ฮีโร่ทั้งหมด %s,Lahat ng mga bayani %s,7,0.60%,8,0.60%,,,,,,,,
320010,3201,350,1,,,,,%s,%s,%s,%s,%s,%s,%s,11,300,12,300,,,,,,,,
320011,3201,400,1,,,,,%s,%s,%s,%s,%s,%s,%s,22,300,23,300,,,,,,,,
320012,3201,450,3,,,,,All heroes %s,Tất cả anh hùng %s,Semua wira %s,All heroes %s,Semua pahlawan %s,ฮีโร่ทั้งหมด %s,Lahat ng mga bayani %s,9,0.60%,10,0.60%,,,,,,,,
320013,3201,500,1,,,,,%s,%s,%s,%s,%s,%s,%s,24,500,,,,,,,,,,
321001,3211,20,1,,,,,All basic attributes %s,Tất cả các thuộc tính cơ bản %s,Semua atribut asas %s,All basic attributes %s,Semua atribut dasar %s,คุณสมบัติพื้นฐานทั้งหมด %s,Lahat ng pangunahing katangian %s,7,1%,8,1%,1,1%,9,1%,10,1%,13,1%
321002,3211,40,1,,,,,%s,%s,%s,%s,%s,%s,%s,1,3%,,,,,,,,,,
321003,3211,60,1,,,,,%s,%s,%s,%s,%s,%s,%s,14,300,15,300,,,,,,,,
321004,3211,80,1,,,,,All basic attributes %s,Tất cả các thuộc tính cơ bản %s,Semua atribut asas %s,All basic attributes %s,Semua atribut dasar %s,คุณสมบัติพื้นฐานทั้งหมด %s,Lahat ng pangunahing katangian %s,7,1%,8,1%,1,1%,9,1%,10,1%,13,1%
321005,3211,100,1,,,,,%s,%s,%s,%s,%s,%s,%s,7,3%,8,3%,,,,,,,,
321006,3211,150,3,,,,,All heroes %s,Tất cả anh hùng %s,Semua wira %s,All heroes %s,Semua pahlawan %s,ฮีโร่ทั้งหมด %s,Lahat ng mga bayani %s,9,1.00%,10,1.00%,,,,,,,,
321007,3211,200,1,,,,,%s,%s,%s,%s,%s,%s,%s,17,300,19,300,,,,,,,,
321008,3211,250,1,,,,,%s,%s,%s,%s,%s,%s,%s,9,3%,10,3%,,,,,,,,
321009,3211,300,3,,,,,All heroes %s,Tất cả anh hùng %s,Semua wira %s,All heroes %s,Semua pahlawan %s,ฮีโร่ทั้งหมด %s,Lahat ng mga bayani %s,7,1.00%,8,1.00%,,,,,,,,
321010,3211,350,1,,,,,%s,%s,%s,%s,%s,%s,%s,11,300,12,300,,,,,,,,
321011,3211,400,1,,,,,%s,%s,%s,%s,%s,%s,%s,22,300,23,300,,,,,,,,
321012,3211,450,3,,,,,All heroes %s,Tất cả anh hùng %s,Semua wira %s,All heroes %s,Semua pahlawan %s,ฮีโร่ทั้งหมด %s,Lahat ng mga bayani %s,1,1.00%,,,,,,,,,,
321013,3211,500,1,,,,,%s,%s,%s,%s,%s,%s,%s,24,500,,,,,,,,,,
322001,3221,20,1,,,,,All basic attributes %s,Tất cả các thuộc tính cơ bản %s,Semua atribut asas %s,All basic attributes %s,Semua atribut dasar %s,คุณสมบัติพื้นฐานทั้งหมด %s,Lahat ng pangunahing katangian %s,7,1%,8,1%,1,1%,9,1%,10,1%,13,1%
322002,3221,40,1,,,,,%s,%s,%s,%s,%s,%s,%s,1,3%,,,,,,,,,,
322003,3221,60,1,,,,,%s,%s,%s,%s,%s,%s,%s,14,300,15,300,,,,,,,,
322004,3221,80,1,,,,,All basic attributes %s,Tất cả các thuộc tính cơ bản %s,Semua atribut asas %s,All basic attributes %s,Semua atribut dasar %s,คุณสมบัติพื้นฐานทั้งหมด %s,Lahat ng pangunahing katangian %s,7,1%,8,1%,1,1%,9,1%,10,1%,13,1%
322005,3221,100,1,,,,,%s,%s,%s,%s,%s,%s,%s,7,3%,8,3%,,,,,,,,
322006,3221,150,3,,,,,All heroes %s,Tất cả anh hùng %s,Semua wira %s,All heroes %s,Semua pahlawan %s,ฮีโร่ทั้งหมด %s,Lahat ng mga bayani %s,7,1.00%,8,1.00%,,,,,,,,
322007,3221,200,1,,,,,%s,%s,%s,%s,%s,%s,%s,17,300,19,300,,,,,,,,
322008,3221,250,1,,,,,%s,%s,%s,%s,%s,%s,%s,9,3%,10,3%,,,,,,,,
322009,3221,300,3,,,,,All heroes %s,Tất cả anh hùng %s,Semua wira %s,All heroes %s,Semua pahlawan %s,ฮีโร่ทั้งหมด %s,Lahat ng mga bayani %s,1,1%,,,,,,,,,,
322010,3221,350,1,,,,,%s,%s,%s,%s,%s,%s,%s,11,300,12,300,,,,,,,,
322011,3221,400,1,,,,,%s,%s,%s,%s,%s,%s,%s,22,300,23,300,,,,,,,,
322012,3221,450,3,,,,,All heroes %s,Tất cả anh hùng %s,Semua wira %s,All heroes %s,Semua pahlawan %s,ฮีโร่ทั้งหมด %s,Lahat ng mga bayani %s,9,1.00%,10,1.00%,,,,,,,,
322013,3221,500,1,,,,,%s,%s,%s,%s,%s,%s,%s,24,500,,,,,,,,,,
324001,3241,20,1,,,,,All basic attributes %s,Tất cả các thuộc tính cơ bản %s,Semua atribut asas %s,All basic attributes %s,Semua atribut dasar %s,คุณสมบัติพื้นฐานทั้งหมด %s,Lahat ng pangunahing katangian %s,7,1%,8,1%,1,1%,9,1%,10,1%,13,1%
324002,3241,40,1,,,,,%s,%s,%s,%s,%s,%s,%s,1,3%,,,,,,,,,,
324003,3241,60,1,,,,,%s,%s,%s,%s,%s,%s,%s,14,300,15,300,,,,,,,,
324004,3241,80,1,,,,,All basic attributes %s,Tất cả các thuộc tính cơ bản %s,Semua atribut asas %s,All basic attributes %s,Semua atribut dasar %s,คุณสมบัติพื้นฐานทั้งหมด %s,Lahat ng pangunahing katangian %s,7,1%,8,1%,1,1%,9,1%,10,1%,13,1%
324005,3241,100,1,,,,,%s,%s,%s,%s,%s,%s,%s,7,3%,8,3%,,,,,,,,
324006,3241,150,3,,,,,All heroes %s,Tất cả anh hùng %s,Semua wira %s,All heroes %s,Semua pahlawan %s,ฮีโร่ทั้งหมด %s,Lahat ng mga bayani %s,9,1.00%,10,1.00%,,,,,,,,
324007,3241,200,1,,,,,%s,%s,%s,%s,%s,%s,%s,17,300,19,300,,,,,,,,
324008,3241,250,1,,,,,%s,%s,%s,%s,%s,%s,%s,9,3%,10,3%,,,,,,,,
324009,3241,300,3,,,,,All heroes %s,Tất cả anh hùng %s,Semua wira %s,All heroes %s,Semua pahlawan %s,ฮีโร่ทั้งหมด %s,Lahat ng mga bayani %s,7,1.00%,8,1.00%,,,,,,,,
324010,3241,350,1,,,,,%s,%s,%s,%s,%s,%s,%s,11,300,12,300,,,,,,,,
324011,3241,400,1,,,,,%s,%s,%s,%s,%s,%s,%s,22,300,23,300,,,,,,,,
324012,3241,450,3,,,,,All heroes %s,Tất cả anh hùng %s,Semua wira %s,All heroes %s,Semua pahlawan %s,ฮีโร่ทั้งหมด %s,Lahat ng mga bayani %s,1,1.00%,,,,,,,,,,
324013,3241,500,1,,,,,%s,%s,%s,%s,%s,%s,%s,24,500,,,,,,,,,,
325001,3251,20,1,,,,,All basic attributes %s,Tất cả các thuộc tính cơ bản %s,Semua atribut asas %s,All basic attributes %s,Semua atribut dasar %s,คุณสมบัติพื้นฐานทั้งหมด %s,Lahat ng pangunahing katangian %s,7,1%,8,1%,1,1%,9,1%,10,1%,13,1%
325002,3251,40,1,,,,,%s,%s,%s,%s,%s,%s,%s,1,3%,,,,,,,,,,
325003,3251,60,1,,,,,%s,%s,%s,%s,%s,%s,%s,14,300,15,300,,,,,,,,
325004,3251,80,1,,,,,All basic attributes %s,Tất cả các thuộc tính cơ bản %s,Semua atribut asas %s,All basic attributes %s,Semua atribut dasar %s,คุณสมบัติพื้นฐานทั้งหมด %s,Lahat ng pangunahing katangian %s,7,0.60%,8,0.60%,1,0.60%,9,0.60%,10,0.60%,13,0.60%
325005,3251,100,1,,,,,%s,%s,%s,%s,%s,%s,%s,7,3%,8,3%,,,,,,,,
325006,3251,150,3,,,,,All heroes %s,Tất cả anh hùng %s,Semua wira %s,All heroes %s,Semua pahlawan %s,ฮีโร่ทั้งหมด %s,Lahat ng mga bayani %s,7,0.60%,8,0.60%,,,,,,,,
325007,3251,200,1,,,,,%s,%s,%s,%s,%s,%s,%s,17,300,19,300,,,,,,,,
325008,3251,250,1,,,,,%s,%s,%s,%s,%s,%s,%s,9,3%,10,3%,,,,,,,,
325009,3251,300,3,,,,,All heroes %s,Tất cả anh hùng %s,Semua wira %s,All heroes %s,Semua pahlawan %s,ฮีโร่ทั้งหมด %s,Lahat ng mga bayani %s,1,0.60%,,,,,,,,,,
325010,3251,350,1,,,,,%s,%s,%s,%s,%s,%s,%s,11,300,12,300,,,,,,,,
325011,3251,400,1,,,,,%s,%s,%s,%s,%s,%s,%s,22,300,23,300,,,,,,,,
325012,3251,450,3,,,,,All heroes %s,Tất cả anh hùng %s,Semua wira %s,All heroes %s,Semua pahlawan %s,ฮีโร่ทั้งหมด %s,Lahat ng mga bayani %s,9,0.60%,10,0.60%,,,,,,,,
325013,3251,500,1,,,,,%s,%s,%s,%s,%s,%s,%s,24,500,,,,,,,,,,
326001,3261,20,1,,,,,All basic attributes %s,Tất cả các thuộc tính cơ bản %s,Semua atribut asas %s,All basic attributes %s,Semua atribut dasar %s,คุณสมบัติพื้นฐานทั้งหมด %s,Lahat ng pangunahing katangian %s,7,1%,8,1%,1,1%,9,1%,10,1%,13,1%
326002,3261,40,1,,,,,%s,%s,%s,%s,%s,%s,%s,1,3%,,,,,,,,,,
326003,3261,60,1,,,,,%s,%s,%s,%s,%s,%s,%s,14,300,15,300,,,,,,,,
326004,3261,80,1,,,,,All basic attributes %s,Tất cả các thuộc tính cơ bản %s,Semua atribut asas %s,All basic attributes %s,Semua atribut dasar %s,คุณสมบัติพื้นฐานทั้งหมด %s,Lahat ng pangunahing katangian %s,7,1%,8,1%,1,1%,9,1%,10,1%,13,1%
326005,3261,100,1,,,,,%s,%s,%s,%s,%s,%s,%s,7,3%,8,3%,,,,,,,,
326006,3261,150,3,,,,,All heroes %s,Tất cả anh hùng %s,Semua wira %s,All heroes %s,Semua pahlawan %s,ฮีโร่ทั้งหมด %s,Lahat ng mga bayani %s,7,1.00%,8,1.00%,,,,,,,,
326007,3261,200,1,,,,,%s,%s,%s,%s,%s,%s,%s,17,300,19,300,,,,,,,,
326008,3261,250,1,,,,,%s,%s,%s,%s,%s,%s,%s,9,3%,10,3%,,,,,,,,
326009,3261,300,3,,,,,All heroes %s,Tất cả anh hùng %s,Semua wira %s,All heroes %s,Semua pahlawan %s,ฮีโร่ทั้งหมด %s,Lahat ng mga bayani %s,1,1%,,,,,,,,,,
326010,3261,350,1,,,,,%s,%s,%s,%s,%s,%s,%s,11,300,12,300,,,,,,,,
326011,3261,400,1,,,,,%s,%s,%s,%s,%s,%s,%s,22,300,23,300,,,,,,,,
326012,3261,450,3,,,,,All heroes %s,Tất cả anh hùng %s,Semua wira %s,All heroes %s,Semua pahlawan %s,ฮีโร่ทั้งหมด %s,Lahat ng mga bayani %s,9,1.00%,10,1.00%,,,,,,,,
326013,3261,500,1,,,,,%s,%s,%s,%s,%s,%s,%s,24,500,,,,,,,,,,
327001,3271,20,1,,,,,All basic attributes %s,Tất cả các thuộc tính cơ bản %s,Semua atribut asas %s,All basic attributes %s,Semua atribut dasar %s,คุณสมบัติพื้นฐานทั้งหมด %s,Lahat ng pangunahing katangian %s,7,1%,8,1%,1,1%,9,1%,10,1%,13,1%
327002,3271,40,1,,,,,%s,%s,%s,%s,%s,%s,%s,1,3%,,,,,,,,,,
327003,3271,60,1,,,,,%s,%s,%s,%s,%s,%s,%s,14,300,15,300,,,,,,,,
327004,3271,80,1,,,,,All basic attributes %s,Tất cả các thuộc tính cơ bản %s,Semua atribut asas %s,All basic attributes %s,Semua atribut dasar %s,คุณสมบัติพื้นฐานทั้งหมด %s,Lahat ng pangunahing katangian %s,7,1%,8,1%,1,1%,9,1%,10,1%,13,1%
327005,3271,100,1,,,,,%s,%s,%s,%s,%s,%s,%s,7,3%,8,3%,,,,,,,,
327006,3271,150,3,,,,,All heroes %s,Tất cả anh hùng %s,Semua wira %s,All heroes %s,Semua pahlawan %s,ฮีโร่ทั้งหมด %s,Lahat ng mga bayani %s,7,1.00%,8,1.00%,,,,,,,,
327007,3271,200,1,,,,,%s,%s,%s,%s,%s,%s,%s,17,300,19,300,,,,,,,,
327008,3271,250,1,,,,,%s,%s,%s,%s,%s,%s,%s,9,3%,10,3%,,,,,,,,
327009,3271,300,3,,,,,All heroes %s,Tất cả anh hùng %s,Semua wira %s,All heroes %s,Semua pahlawan %s,ฮีโร่ทั้งหมด %s,Lahat ng mga bayani %s,1,1%,,,,,,,,,,
327010,3271,350,1,,,,,%s,%s,%s,%s,%s,%s,%s,11,300,12,300,,,,,,,,
327011,3271,400,1,,,,,%s,%s,%s,%s,%s,%s,%s,22,300,23,300,,,,,,,,
327012,3271,450,3,,,,,All heroes %s,Tất cả anh hùng %s,Semua wira %s,All heroes %s,Semua pahlawan %s,ฮีโร่ทั้งหมด %s,Lahat ng mga bayani %s,9,1.00%,10,1.00%,,,,,,,,
327013,3271,500,1,,,,,%s,%s,%s,%s,%s,%s,%s,24,500,,,,,,,,,,
328001,3283,20,1,,,,,All basic attributes %s,Tất cả các thuộc tính cơ bản %s,Semua atribut asas %s,All basic attributes %s,Semua atribut dasar %s,คุณสมบัติพื้นฐานทั้งหมด %s,Lahat ng pangunahing katangian %s,7,1%,8,1%,1,1%,9,1%,10,1%,13,1%
328002,3283,40,1,,,,,%s,%s,%s,%s,%s,%s,%s,1,3%,,,,,,,,,,
328003,3283,60,1,,,,,%s,%s,%s,%s,%s,%s,%s,14,300,15,300,,,,,,,,
328004,3283,80,1,,,,,All basic attributes %s,Tất cả các thuộc tính cơ bản %s,Semua atribut asas %s,All basic attributes %s,Semua atribut dasar %s,คุณสมบัติพื้นฐานทั้งหมด %s,Lahat ng pangunahing katangian %s,7,0.50%,8,0.50%,1,0.50%,9,0.50%,10,0.50%,13,0.50%
328005,3283,100,1,,,,,%s,%s,%s,%s,%s,%s,%s,7,3%,8,3%,,,,,,,,
328006,3283,150,3,,,,,All heroes %s,Tất cả anh hùng %s,Semua wira %s,All heroes %s,Semua pahlawan %s,ฮีโร่ทั้งหมด %s,Lahat ng mga bayani %s,1,0.50%,,,,,,,,,,
328007,3283,200,1,,,,,%s,%s,%s,%s,%s,%s,%s,17,300,19,300,,,,,,,,
328008,3283,250,1,,,,,%s,%s,%s,%s,%s,%s,%s,9,3%,10,3%,,,,,,,,
328009,3283,300,3,,,,,All heroes %s,Tất cả anh hùng %s,Semua wira %s,All heroes %s,Semua pahlawan %s,ฮีโร่ทั้งหมด %s,Lahat ng mga bayani %s,9,0.50%,10,0.50%,,,,,,,,
328010,3283,350,1,,,,,%s,%s,%s,%s,%s,%s,%s,11,300,12,300,,,,,,,,
328011,3283,400,1,,,,,%s,%s,%s,%s,%s,%s,%s,22,300,23,300,,,,,,,,
328012,3283,450,3,,,,,All heroes %s,Tất cả anh hùng %s,Semua wira %s,All heroes %s,Semua pahlawan %s,ฮีโร่ทั้งหมด %s,Lahat ng mga bayani %s,7,0.50%,8,0.50%,,,,,,,,
328013,3283,500,1,,,,,%s,%s,%s,%s,%s,%s,%s,24,500,,,,,,,,,,
329001,3293,20,1,,,,,All basic attributes %s,Tất cả các thuộc tính cơ bản %s,Semua atribut asas %s,All basic attributes %s,Semua atribut dasar %s,คุณสมบัติพื้นฐานทั้งหมด %s,Lahat ng pangunahing katangian %s,7,1%,8,1%,1,1%,9,1%,10,1%,13,1%
329002,3293,40,1,,,,,%s,%s,%s,%s,%s,%s,%s,1,3%,,,,,,,,,,
329003,3293,60,1,,,,,%s,%s,%s,%s,%s,%s,%s,14,300,15,300,,,,,,,,
329004,3293,80,1,,,,,All basic attributes %s,Tất cả các thuộc tính cơ bản %s,Semua atribut asas %s,All basic attributes %s,Semua atribut dasar %s,คุณสมบัติพื้นฐานทั้งหมด %s,Lahat ng pangunahing katangian %s,7,0.50%,8,0.50%,1,0.50%,9,0.50%,10,0.50%,13,0.50%
329005,3293,100,1,,,,,%s,%s,%s,%s,%s,%s,%s,7,3%,8,3%,,,,,,,,
329006,3293,150,3,,,,,All heroes %s,Tất cả anh hùng %s,Semua wira %s,All heroes %s,Semua pahlawan %s,ฮีโร่ทั้งหมด %s,Lahat ng mga bayani %s,1,0.50%,,,,,,,,,,
329007,3293,200,1,,,,,%s,%s,%s,%s,%s,%s,%s,17,300,19,300,,,,,,,,
329008,3293,250,1,,,,,%s,%s,%s,%s,%s,%s,%s,9,3%,10,3%,,,,,,,,
329009,3293,300,3,,,,,All heroes %s,Tất cả anh hùng %s,Semua wira %s,All heroes %s,Semua pahlawan %s,ฮีโร่ทั้งหมด %s,Lahat ng mga bayani %s,9,0.50%,10,0.50%,,,,,,,,
329010,3293,350,1,,,,,%s,%s,%s,%s,%s,%s,%s,11,300,12,300,,,,,,,,
329011,3293,400,1,,,,,%s,%s,%s,%s,%s,%s,%s,22,300,23,300,,,,,,,,
329012,3293,450,3,,,,,All heroes %s,Tất cả anh hùng %s,Semua wira %s,All heroes %s,Semua pahlawan %s,ฮีโร่ทั้งหมด %s,Lahat ng mga bayani %s,9,0.50%,10,0.50%,,,,,,,,
329013,3293,500,1,,,,,%s,%s,%s,%s,%s,%s,%s,24,500,,,,,,,,,,
330001,3303,20,1,,,,,All basic attributes %s,Tất cả các thuộc tính cơ bản %s,Semua atribut asas %s,All basic attributes %s,Semua atribut dasar %s,คุณสมบัติพื้นฐานทั้งหมด %s,Lahat ng pangunahing katangian %s,7,1%,8,1%,1,1%,9,1%,10,1%,13,1%
330002,3303,40,1,,,,,%s,%s,%s,%s,%s,%s,%s,1,3%,,,,,,,,,,
330003,3303,60,1,,,,,%s,%s,%s,%s,%s,%s,%s,14,300,15,300,,,,,,,,
330004,3303,80,1,,,,,All basic attributes %s,Tất cả các thuộc tính cơ bản %s,Semua atribut asas %s,All basic attributes %s,Semua atribut dasar %s,คุณสมบัติพื้นฐานทั้งหมด %s,Lahat ng pangunahing katangian %s,7,0.60%,8,0.60%,1,0.60%,9,0.60%,10,0.60%,13,0.60%
330005,3303,100,1,,,,,%s,%s,%s,%s,%s,%s,%s,7,3%,8,3%,,,,,,,,
330006,3303,150,3,,,,,All heroes %s,Tất cả anh hùng %s,Semua wira %s,All heroes %s,Semua pahlawan %s,ฮีโร่ทั้งหมด %s,Lahat ng mga bayani %s,1,0.60%,,,,,,,,,,
330007,3303,200,1,,,,,%s,%s,%s,%s,%s,%s,%s,17,300,19,300,,,,,,,,
330008,3303,250,1,,,,,%s,%s,%s,%s,%s,%s,%s,9,3%,10,3%,,,,,,,,
330009,3303,300,3,,,,,All heroes %s,Tất cả anh hùng %s,Semua wira %s,All heroes %s,Semua pahlawan %s,ฮีโร่ทั้งหมด %s,Lahat ng mga bayani %s,9,0.60%,10,0.60%,,,,,,,,
330010,3303,350,1,,,,,%s,%s,%s,%s,%s,%s,%s,11,300,12,300,,,,,,,,
330011,3303,400,1,,,,,%s,%s,%s,%s,%s,%s,%s,22,300,23,300,,,,,,,,
330012,3303,450,3,,,,,All heroes %s,Tất cả anh hùng %s,Semua wira %s,All heroes %s,Semua pahlawan %s,ฮีโร่ทั้งหมด %s,Lahat ng mga bayani %s,9,0.60%,10,0.60%,,,,,,,,
330013,3303,500,1,,,,,%s,%s,%s,%s,%s,%s,%s,24,500,,,,,,,,,,
334001,3342,20,1,,,,,All basic attributes %s,Tất cả các thuộc tính cơ bản %s,Semua atribut asas %s,All basic attributes %s,Semua atribut dasar %s,คุณสมบัติพื้นฐานทั้งหมด %s,Lahat ng pangunahing katangian %s,7,1%,8,1%,1,1%,9,1%,10,1%,13,1%
334002,3342,40,1,,,,,%s,%s,%s,%s,%s,%s,%s,1,3%,,,,,,,,,,
334003,3342,60,1,,,,,%s,%s,%s,%s,%s,%s,%s,14,300,15,300,,,,,,,,
334004,3342,80,1,,,,,All basic attributes %s,Tất cả các thuộc tính cơ bản %s,Semua atribut asas %s,All basic attributes %s,Semua atribut dasar %s,คุณสมบัติพื้นฐานทั้งหมด %s,Lahat ng pangunahing katangian %s,7,0.50%,8,0.50%,1,0.50%,9,0.50%,10,0.50%,13,0.50%
334005,3342,100,1,,,,,%s,%s,%s,%s,%s,%s,%s,7,3%,8,3%,,,,,,,,
334006,3342,150,3,,,,,All heroes %s,Tất cả anh hùng %s,Semua wira %s,All heroes %s,Semua pahlawan %s,ฮีโร่ทั้งหมด %s,Lahat ng mga bayani %s,7,0.50%,8,0.50%,,,,,,,,
334007,3342,200,1,,,,,%s,%s,%s,%s,%s,%s,%s,17,300,19,300,,,,,,,,
334008,3342,250,1,,,,,%s,%s,%s,%s,%s,%s,%s,9,3%,10,3%,,,,,,,,
334009,3342,300,3,,,,,All heroes %s,Tất cả anh hùng %s,Semua wira %s,All heroes %s,Semua pahlawan %s,ฮีโร่ทั้งหมด %s,Lahat ng mga bayani %s,1,0.50%,,,,,,,,,,
334010,3342,350,1,,,,,%s,%s,%s,%s,%s,%s,%s,11,300,12,300,,,,,,,,
334011,3342,400,1,,,,,%s,%s,%s,%s,%s,%s,%s,22,300,23,300,,,,,,,,
334012,3342,450,3,,,,,All heroes %s,Tất cả anh hùng %s,Semua wira %s,All heroes %s,Semua pahlawan %s,ฮีโร่ทั้งหมด %s,Lahat ng mga bayani %s,1,0.50%,,,,,,,,,,
334013,3342,500,1,,,,,%s,%s,%s,%s,%s,%s,%s,24,500,,,,,,,,,,
335001,3353,20,1,,,,,All basic attributes %s,Tất cả các thuộc tính cơ bản %s,Semua atribut asas %s,All basic attributes %s,Semua atribut dasar %s,คุณสมบัติพื้นฐานทั้งหมด %s,Lahat ng pangunahing katangian %s,7,1%,8,1%,1,1%,9,1%,10,1%,13,1%
335002,3353,40,1,,,,,%s,%s,%s,%s,%s,%s,%s,1,3%,,,,,,,,,,
335003,3353,60,1,,,,,%s,%s,%s,%s,%s,%s,%s,14,300,15,300,,,,,,,,
335004,3353,80,1,,,,,All basic attributes %s,Tất cả các thuộc tính cơ bản %s,Semua atribut asas %s,All basic attributes %s,Semua atribut dasar %s,คุณสมบัติพื้นฐานทั้งหมด %s,Lahat ng pangunahing katangian %s,7,0.60%,8,0.60%,1,0.60%,9,0.60%,10,0.60%,13,0.60%
335005,3353,100,1,,,,,%s,%s,%s,%s,%s,%s,%s,7,3%,8,3%,,,,,,,,
335006,3353,150,3,,,,,All heroes %s,Tất cả anh hùng %s,Semua wira %s,All heroes %s,Semua pahlawan %s,ฮีโร่ทั้งหมด %s,Lahat ng mga bayani %s,9,0.60%,10,0.60%,,,,,,,,
335007,3353,200,1,,,,,%s,%s,%s,%s,%s,%s,%s,17,300,19,300,,,,,,,,
335008,3353,250,1,,,,,%s,%s,%s,%s,%s,%s,%s,9,3%,10,3%,,,,,,,,
335009,3353,300,3,,,,,All heroes %s,Tất cả anh hùng %s,Semua wira %s,All heroes %s,Semua pahlawan %s,ฮีโร่ทั้งหมด %s,Lahat ng mga bayani %s,7,0.60%,8,0.60%,,,,,,,,
335010,3353,350,1,,,,,%s,%s,%s,%s,%s,%s,%s,11,300,12,300,,,,,,,,
335011,3353,400,1,,,,,%s,%s,%s,%s,%s,%s,%s,22,300,23,300,,,,,,,,
335012,3353,450,3,,,,,All heroes %s,Tất cả anh hùng %s,Semua wira %s,All heroes %s,Semua pahlawan %s,ฮีโร่ทั้งหมด %s,Lahat ng mga bayani %s,7,0.60%,8,0.60%,,,,,,,,
335013,3353,500,1,,,,,%s,%s,%s,%s,%s,%s,%s,28,500,,,,,,,,,,
341001,3411,20,1,,,,,All basic attributes %s,Tất cả các thuộc tính cơ bản %s,Semua atribut asas %s,All basic attributes %s,Semua atribut dasar %s,คุณสมบัติพื้นฐานทั้งหมด %s,Lahat ng pangunahing katangian %s,7,1%,8,1%,1,1%,9,1%,10,1%,13,1%
341002,3411,40,1,,,,,%s,%s,%s,%s,%s,%s,%s,1,3%,,,,,,,,,,
341003,3411,60,1,,,,,%s,%s,%s,%s,%s,%s,%s,14,300,15,300,,,,,,,,
341004,3411,80,1,,,,,All basic attributes %s,Tất cả các thuộc tính cơ bản %s,Semua atribut asas %s,All basic attributes %s,Semua atribut dasar %s,คุณสมบัติพื้นฐานทั้งหมด %s,Lahat ng pangunahing katangian %s,7,0.50%,8,0.50%,1,0.50%,9,0.50%,10,0.50%,13,0.50%
341005,3411,100,1,,,,,%s,%s,%s,%s,%s,%s,%s,7,3%,8,3%,,,,,,,,
341006,3411,150,3,,,,,All heroes %s,Tất cả anh hùng %s,Semua wira %s,All heroes %s,Semua pahlawan %s,ฮีโร่ทั้งหมด %s,Lahat ng mga bayani %s,1,0.50%,,,,,,,,,,
341007,3411,200,1,,,,,%s,%s,%s,%s,%s,%s,%s,17,300,19,300,,,,,,,,
341008,3411,250,1,,,,,%s,%s,%s,%s,%s,%s,%s,9,3%,10,3%,,,,,,,,
341009,3411,300,3,,,,,All heroes %s,Tất cả anh hùng %s,Semua wira %s,All heroes %s,Semua pahlawan %s,ฮีโร่ทั้งหมด %s,Lahat ng mga bayani %s,9,0.50%,10,0.50%,,,,,,,,
341010,3411,350,1,,,,,%s,%s,%s,%s,%s,%s,%s,11,300,12,300,,,,,,,,
341011,3411,400,1,,,,,%s,%s,%s,%s,%s,%s,%s,22,300,23,300,,,,,,,,
341012,3411,450,3,,,,,All heroes %s,Tất cả anh hùng %s,Semua wira %s,All heroes %s,Semua pahlawan %s,ฮีโร่ทั้งหมด %s,Lahat ng mga bayani %s,7,0.60%,8,0.60%,,,,,,,,
341013,3411,500,1,,,,,%s,%s,%s,%s,%s,%s,%s,24,500,,,,,,,,,,
343001,3432,20,1,,,,,All basic attributes %s,Tất cả các thuộc tính cơ bản %s,Semua atribut asas %s,All basic attributes %s,Semua atribut dasar %s,คุณสมบัติพื้นฐานทั้งหมด %s,Lahat ng pangunahing katangian %s,7,1%,8,1%,1,1%,9,1%,10,1%,13,1%
343002,3432,40,1,,,,,%s,%s,%s,%s,%s,%s,%s,1,3%,,,,,,,,,,
343003,3432,60,1,,,,,%s,%s,%s,%s,%s,%s,%s,14,300,15,300,,,,,,,,
343004,3432,80,1,,,,,All basic attributes %s,Tất cả các thuộc tính cơ bản %s,Semua atribut asas %s,All basic attributes %s,Semua atribut dasar %s,คุณสมบัติพื้นฐานทั้งหมด %s,Lahat ng pangunahing katangian %s,7,0.50%,8,0.50%,1,0.50%,9,0.50%,10,0.50%,13,0.50%
343005,3432,100,1,,,,,%s,%s,%s,%s,%s,%s,%s,7,3%,8,3%,,,,,,,,
343006,3432,150,3,,,,,All heroes %s,Tất cả anh hùng %s,Semua wira %s,All heroes %s,Semua pahlawan %s,ฮีโร่ทั้งหมด %s,Lahat ng mga bayani %s,7,0.50%,8,0.50%,,,,,,,,
343007,3432,200,1,,,,,%s,%s,%s,%s,%s,%s,%s,17,300,19,300,,,,,,,,
343008,3432,250,1,,,,,%s,%s,%s,%s,%s,%s,%s,9,3%,10,3%,,,,,,,,
343009,3432,300,3,,,,,All heroes %s,Tất cả anh hùng %s,Semua wira %s,All heroes %s,Semua pahlawan %s,ฮีโร่ทั้งหมด %s,Lahat ng mga bayani %s,1,0.50%,,,,,,,,,,
343010,3432,350,1,,,,,%s,%s,%s,%s,%s,%s,%s,11,300,12,300,,,,,,,,
343011,3432,400,1,,,,,%s,%s,%s,%s,%s,%s,%s,22,300,23,300,,,,,,,,
343012,3432,450,3,,,,,All heroes %s,Tất cả anh hùng %s,Semua wira %s,All heroes %s,Semua pahlawan %s,ฮีโร่ทั้งหมด %s,Lahat ng mga bayani %s,7,0.50%,8,0.50%,,,,,,,,
343013,3432,500,1,,,,,%s,%s,%s,%s,%s,%s,%s,24,500,,,,,,,,,,
347001,3472,20,1,,,,,All basic attributes %s,Tất cả các thuộc tính cơ bản %s,Semua atribut asas %s,All basic attributes %s,Semua atribut dasar %s,คุณสมบัติพื้นฐานทั้งหมด %s,Lahat ng pangunahing katangian %s,7,1%,8,1%,1,1%,9,1%,10,1%,13,1%
347002,3472,40,1,,,,,%s,%s,%s,%s,%s,%s,%s,1,3%,,,,,,,,,,
347003,3472,60,1,,,,,%s,%s,%s,%s,%s,%s,%s,14,300,15,300,,,,,,,,
347004,3472,80,1,,,,,All basic attributes %s,Tất cả các thuộc tính cơ bản %s,Semua atribut asas %s,All basic attributes %s,Semua atribut dasar %s,คุณสมบัติพื้นฐานทั้งหมด %s,Lahat ng pangunahing katangian %s,7,0.50%,8,0.50%,1,0.50%,9,0.50%,10,0.50%,13,0.50%
347005,3472,100,1,,,,,%s,%s,%s,%s,%s,%s,%s,7,3%,8,3%,,,,,,,,
347006,3472,150,3,,,,,All heroes %s,Tất cả anh hùng %s,Semua wira %s,All heroes %s,Semua pahlawan %s,ฮีโร่ทั้งหมด %s,Lahat ng mga bayani %s,7,0.50%,8,0.50%,,,,,,,,
347007,3472,200,1,,,,,%s,%s,%s,%s,%s,%s,%s,17,300,19,300,,,,,,,,
347008,3472,250,1,,,,,%s,%s,%s,%s,%s,%s,%s,9,3%,10,3%,,,,,,,,
347009,3472,300,3,,,,,All heroes %s,Tất cả anh hùng %s,Semua wira %s,All heroes %s,Semua pahlawan %s,ฮีโร่ทั้งหมด %s,Lahat ng mga bayani %s,1,0.50%,,,,,,,,,,
347010,3472,350,1,,,,,%s,%s,%s,%s,%s,%s,%s,11,300,12,300,,,,,,,,
347011,3472,400,1,,,,,%s,%s,%s,%s,%s,%s,%s,22,300,23,300,,,,,,,,
347012,3472,450,3,,,,,All heroes %s,Tất cả anh hùng %s,Semua wira %s,All heroes %s,Semua pahlawan %s,ฮีโร่ทั้งหมด %s,Lahat ng mga bayani %s,7,0.50%,8,0.50%,,,,,,,,
347013,3472,500,1,,,,,%s,%s,%s,%s,%s,%s,%s,24,500,,,,,,,,,,
350001,3501,20,1,,,,,All basic attributes %s,Tất cả các thuộc tính cơ bản %s,Semua atribut asas %s,All basic attributes %s,Semua atribut dasar %s,คุณสมบัติพื้นฐานทั้งหมด %s,Lahat ng pangunahing katangian %s,7,1%,8,1%,1,1%,9,1%,10,1%,13,1%
350002,3501,40,1,,,,,%s,%s,%s,%s,%s,%s,%s,1,3%,,,,,,,,,,
350003,3501,60,1,,,,,%s,%s,%s,%s,%s,%s,%s,14,300,15,300,,,,,,,,
350004,3501,80,1,,,,,All basic attributes %s,Tất cả các thuộc tính cơ bản %s,Semua atribut asas %s,All basic attributes %s,Semua atribut dasar %s,คุณสมบัติพื้นฐานทั้งหมด %s,Lahat ng pangunahing katangian %s,7,0.50%,8,0.50%,1,0.50%,9,0.50%,10,0.50%,13,0.50%
350005,3501,100,1,,,,,%s,%s,%s,%s,%s,%s,%s,7,3%,8,3%,,,,,,,,
350006,3501,150,3,,,,,All heroes %s,Tất cả anh hùng %s,Semua wira %s,All heroes %s,Semua pahlawan %s,ฮีโร่ทั้งหมด %s,Lahat ng mga bayani %s,1,0.50%,,,,,,,,,,
350007,3501,200,1,,,,,%s,%s,%s,%s,%s,%s,%s,17,300,19,300,,,,,,,,
350008,3501,250,1,,,,,%s,%s,%s,%s,%s,%s,%s,9,3%,10,3%,,,,,,,,
350009,3501,300,3,,,,,All heroes %s,Tất cả anh hùng %s,Semua wira %s,All heroes %s,Semua pahlawan %s,ฮีโร่ทั้งหมด %s,Lahat ng mga bayani %s,9,0.50%,10,0.50%,,,,,,,,
350010,3501,350,1,,,,,%s,%s,%s,%s,%s,%s,%s,11,300,12,300,,,,,,,,
350011,3501,400,1,,,,,%s,%s,%s,%s,%s,%s,%s,22,300,23,300,,,,,,,,
350012,3501,450,3,,,,,All heroes %s,Tất cả anh hùng %s,Semua wira %s,All heroes %s,Semua pahlawan %s,ฮีโร่ทั้งหมด %s,Lahat ng mga bayani %s,1,0.50%,,,,,,,,,,
350013,3501,500,1,,,,,%s,%s,%s,%s,%s,%s,%s,24,500,,,,,,,,,,
351001,3511,20,1,,,,,All basic attributes %s,Tất cả các thuộc tính cơ bản %s,Semua atribut asas %s,All basic attributes %s,Semua atribut dasar %s,คุณสมบัติพื้นฐานทั้งหมด %s,Lahat ng pangunahing katangian %s,7,1%,8,1%,1,1%,9,1%,10,1%,13,1%
351002,3511,40,1,,,,,%s,%s,%s,%s,%s,%s,%s,1,3%,,,,,,,,,,
351003,3511,60,1,,,,,%s,%s,%s,%s,%s,%s,%s,14,300,15,300,,,,,,,,
351004,3511,80,1,,,,,All basic attributes %s,Tất cả các thuộc tính cơ bản %s,Semua atribut asas %s,All basic attributes %s,Semua atribut dasar %s,คุณสมบัติพื้นฐานทั้งหมด %s,Lahat ng pangunahing katangian %s,7,0.50%,8,0.50%,1,0.50%,9,0.50%,10,0.50%,13,0.50%
351005,3511,100,1,,,,,%s,%s,%s,%s,%s,%s,%s,7,3%,8,3%,,,,,,,,
351006,3511,150,3,,,,,All heroes %s,Tất cả anh hùng %s,Semua wira %s,All heroes %s,Semua pahlawan %s,ฮีโร่ทั้งหมด %s,Lahat ng mga bayani %s,7,0.50%,8,0.50%,,,,,,,,
351007,3511,200,1,,,,,%s,%s,%s,%s,%s,%s,%s,17,300,19,300,,,,,,,,
351008,3511,250,1,,,,,%s,%s,%s,%s,%s,%s,%s,9,3%,10,3%,,,,,,,,
351009,3511,300,3,,,,,All heroes %s,Tất cả anh hùng %s,Semua wira %s,All heroes %s,Semua pahlawan %s,ฮีโร่ทั้งหมด %s,Lahat ng mga bayani %s,1,0.50%,,,,,,,,,,
351010,3511,350,1,,,,,%s,%s,%s,%s,%s,%s,%s,11,300,12,300,,,,,,,,
351011,3511,400,1,,,,,%s,%s,%s,%s,%s,%s,%s,22,300,23,300,,,,,,,,
351012,3511,450,3,,,,,All heroes %s,Tất cả anh hùng %s,Semua wira %s,All heroes %s,Semua pahlawan %s,ฮีโร่ทั้งหมด %s,Lahat ng mga bayani %s,9,0.50%,10,0.50%,,,,,,,,
351013,3511,500,1,,,,,%s,%s,%s,%s,%s,%s,%s,24,500,,,,,,,,,,
354001,3543,20,1,,,,,All basic attributes %s,Tất cả các thuộc tính cơ bản %s,Semua atribut asas %s,All basic attributes %s,Semua atribut dasar %s,คุณสมบัติพื้นฐานทั้งหมด %s,Lahat ng pangunahing katangian %s,7,1%,8,1%,1,1%,9,1%,10,1%,13,1%
354002,3543,40,1,,,,,%s,%s,%s,%s,%s,%s,%s,1,3%,,,,,,,,,,
354003,3543,60,1,,,,,%s,%s,%s,%s,%s,%s,%s,14,300,15,300,,,,,,,,
354004,3543,80,1,,,,,All basic attributes %s,Tất cả các thuộc tính cơ bản %s,Semua atribut asas %s,All basic attributes %s,Semua atribut dasar %s,คุณสมบัติพื้นฐานทั้งหมด %s,Lahat ng pangunahing katangian %s,7,0.60%,8,0.60%,1,0.60%,9,0.60%,10,0.60%,13,0.60%
354005,3543,100,1,,,,,%s,%s,%s,%s,%s,%s,%s,7,3%,8,3%,,,,,,,,
354006,3543,150,3,,,,,All heroes %s,Tất cả anh hùng %s,Semua wira %s,All heroes %s,Semua pahlawan %s,ฮีโร่ทั้งหมด %s,Lahat ng mga bayani %s,9,0.60%,10,0.60%,,,,,,,,
354007,3543,200,1,,,,,%s,%s,%s,%s,%s,%s,%s,17,300,19,300,,,,,,,,
354008,3543,250,1,,,,,%s,%s,%s,%s,%s,%s,%s,9,3%,10,3%,,,,,,,,
354009,3543,300,3,,,,,All heroes %s,Tất cả anh hùng %s,Semua wira %s,All heroes %s,Semua pahlawan %s,ฮีโร่ทั้งหมด %s,Lahat ng mga bayani %s,7,0.60%,8,0.60%,,,,,,,,
354010,3543,350,1,,,,,%s,%s,%s,%s,%s,%s,%s,11,300,12,300,,,,,,,,
354011,3543,400,1,,,,,%s,%s,%s,%s,%s,%s,%s,22,300,23,300,,,,,,,,
354012,3543,450,3,,,,,All heroes %s,Tất cả anh hùng %s,Semua wira %s,All heroes %s,Semua pahlawan %s,ฮีโร่ทั้งหมด %s,Lahat ng mga bayani %s,1,0.60%,,,,,,,,,,
354013,3543,500,1,,,,,%s,%s,%s,%s,%s,%s,%s,24,500,,,,,,,,,,
356001,3561,20,1,,,,,All basic attributes %s,Tất cả các thuộc tính cơ bản %s,Semua atribut asas %s,All basic attributes %s,Semua atribut dasar %s,คุณสมบัติพื้นฐานทั้งหมด %s,Lahat ng pangunahing katangian %s,7,1%,8,1%,1,1%,9,1%,10,1%,13,1%
356002,3561,40,1,,,,,%s,%s,%s,%s,%s,%s,%s,1,3%,,,,,,,,,,
356003,3561,60,1,,,,,%s,%s,%s,%s,%s,%s,%s,14,300,15,300,,,,,,,,
356004,3561,80,1,,,,,All basic attributes %s,Tất cả các thuộc tính cơ bản %s,Semua atribut asas %s,All basic attributes %s,Semua atribut dasar %s,คุณสมบัติพื้นฐานทั้งหมด %s,Lahat ng pangunahing katangian %s,7,0.40%,8,0.40%,1,0.40%,9,0.40%,10,0.40%,13,0.40%
356005,3561,100,1,,,,,%s,%s,%s,%s,%s,%s,%s,7,3%,8,3%,,,,,,,,
356006,3561,150,3,,,,,All heroes %s,Tất cả anh hùng %s,Semua wira %s,All heroes %s,Semua pahlawan %s,ฮีโร่ทั้งหมด %s,Lahat ng mga bayani %s,1,0.40%,,,,,,,,,,
356007,3561,200,1,,,,,%s,%s,%s,%s,%s,%s,%s,17,300,19,300,,,,,,,,
356008,3561,250,1,,,,,%s,%s,%s,%s,%s,%s,%s,9,3%,10,3%,,,,,,,,
356009,3561,300,3,,,,,All heroes %s,Tất cả anh hùng %s,Semua wira %s,All heroes %s,Semua pahlawan %s,ฮีโร่ทั้งหมด %s,Lahat ng mga bayani %s,9,0.40%,10,0.40%,,,,,,,,
356010,3561,350,1,,,,,%s,%s,%s,%s,%s,%s,%s,11,300,12,300,,,,,,,,
356011,3561,400,1,,,,,%s,%s,%s,%s,%s,%s,%s,22,300,23,300,,,,,,,,
356012,3561,450,3,,,,,All heroes %s,Tất cả anh hùng %s,Semua wira %s,All heroes %s,Semua pahlawan %s,ฮีโร่ทั้งหมด %s,Lahat ng mga bayani %s,9,0.40%,10,0.40%,,,,,,,,
356013,3561,500,1,,,,,%s,%s,%s,%s,%s,%s,%s,24,500,,,,,,,,,,
359001,3592,20,1,,,,,All basic attributes %s,Tất cả các thuộc tính cơ bản %s,Semua atribut asas %s,All basic attributes %s,Semua atribut dasar %s,คุณสมบัติพื้นฐานทั้งหมด %s,Lahat ng pangunahing katangian %s,7,1%,8,1%,1,1%,9,1%,10,1%,13,1%
359002,3592,40,1,,,,,%s,%s,%s,%s,%s,%s,%s,1,3%,,,,,,,,,,
359003,3592,60,1,,,,,%s,%s,%s,%s,%s,%s,%s,14,300,15,300,,,,,,,,
359004,3592,80,1,,,,,All basic attributes %s,Tất cả các thuộc tính cơ bản %s,Semua atribut asas %s,All basic attributes %s,Semua atribut dasar %s,คุณสมบัติพื้นฐานทั้งหมด %s,Lahat ng pangunahing katangian %s,7,0.60%,8,0.60%,1,0.60%,9,0.60%,10,0.60%,13,0.60%
359005,3592,100,1,,,,,%s,%s,%s,%s,%s,%s,%s,7,3%,8,3%,,,,,,,,
359006,3592,150,3,,,,,All heroes %s,Tất cả anh hùng %s,Semua wira %s,All heroes %s,Semua pahlawan %s,ฮีโร่ทั้งหมด %s,Lahat ng mga bayani %s,7,0.60%,8,0.60%,,,,,,,,
359007,3592,200,1,,,,,%s,%s,%s,%s,%s,%s,%s,17,300,19,300,,,,,,,,
359008,3592,250,1,,,,,%s,%s,%s,%s,%s,%s,%s,9,3%,10,3%,,,,,,,,
359009,3592,300,3,,,,,All heroes %s,Tất cả anh hùng %s,Semua wira %s,All heroes %s,Semua pahlawan %s,ฮีโร่ทั้งหมด %s,Lahat ng mga bayani %s,1,0.60%,,,,,,,,,,
359010,3592,350,1,,,,,%s,%s,%s,%s,%s,%s,%s,11,300,12,300,,,,,,,,
359011,3592,400,1,,,,,%s,%s,%s,%s,%s,%s,%s,22,300,23,300,,,,,,,,
359012,3592,450,3,,,,,All heroes %s,Tất cả anh hùng %s,Semua wira %s,All heroes %s,Semua pahlawan %s,ฮีโร่ทั้งหมด %s,Lahat ng mga bayani %s,7,0.60%,8,0.60%,,,,,,,,
359013,3592,500,1,,,,,%s,%s,%s,%s,%s,%s,%s,24,500,,,,,,,,,,
360001,3601,20,1,,,,,All basic attributes %s,Tất cả các thuộc tính cơ bản %s,Semua atribut asas %s,All basic attributes %s,Semua atribut dasar %s,คุณสมบัติพื้นฐานทั้งหมด %s,Lahat ng pangunahing katangian %s,7,1%,8,1%,1,1%,9,1%,10,1%,13,1%
360002,3601,40,1,,,,,%s,%s,%s,%s,%s,%s,%s,1,3%,,,,,,,,,,
360003,3601,60,1,,,,,%s,%s,%s,%s,%s,%s,%s,14,300,15,300,,,,,,,,
360004,3601,80,1,,,,,All basic attributes %s,Tất cả các thuộc tính cơ bản %s,Semua atribut asas %s,All basic attributes %s,Semua atribut dasar %s,คุณสมบัติพื้นฐานทั้งหมด %s,Lahat ng pangunahing katangian %s,7,1%,8,1%,1,1%,9,1%,10,1%,13,1%
360005,3601,100,1,,,,,%s,%s,%s,%s,%s,%s,%s,7,3%,8,3%,,,,,,,,
360006,3601,150,3,,,,,All heroes %s,Tất cả anh hùng %s,Semua wira %s,All heroes %s,Semua pahlawan %s,ฮีโร่ทั้งหมด %s,Lahat ng mga bayani %s,1,1.00%,,,,,,,,,,
360007,3601,200,1,,,,,%s,%s,%s,%s,%s,%s,%s,17,300,19,300,,,,,,,,
360008,3601,250,1,,,,,%s,%s,%s,%s,%s,%s,%s,9,3%,10,3%,,,,,,,,
360009,3601,300,3,,,,,All heroes %s,Tất cả anh hùng %s,Semua wira %s,All heroes %s,Semua pahlawan %s,ฮีโร่ทั้งหมด %s,Lahat ng mga bayani %s,9,1.00%,10,1.00%,,,,,,,,
360010,3601,350,1,,,,,%s,%s,%s,%s,%s,%s,%s,11,300,12,300,,,,,,,,
360011,3601,400,1,,,,,%s,%s,%s,%s,%s,%s,%s,22,300,23,300,,,,,,,,
360012,3601,450,3,,,,,All heroes %s,Tất cả anh hùng %s,Semua wira %s,All heroes %s,Semua pahlawan %s,ฮีโร่ทั้งหมด %s,Lahat ng mga bayani %s,7,1.00%,8,1.00%,,,,,,,,
360013,3601,500,1,,,,,%s,%s,%s,%s,%s,%s,%s,24,500,,,,,,,,,,
361001,3611,20,1,,,,,All basic attributes %s,Tất cả các thuộc tính cơ bản %s,Semua atribut asas %s,All basic attributes %s,Semua atribut dasar %s,คุณสมบัติพื้นฐานทั้งหมด %s,Lahat ng pangunahing katangian %s,7,1%,8,1%,1,1%,9,1%,10,1%,13,1%
361002,3611,40,1,,,,,%s,%s,%s,%s,%s,%s,%s,1,3%,,,,,,,,,,
361003,3611,60,1,,,,,%s,%s,%s,%s,%s,%s,%s,14,300,15,300,,,,,,,,
361004,3611,80,1,,,,,All basic attributes %s,Tất cả các thuộc tính cơ bản %s,Semua atribut asas %s,All basic attributes %s,Semua atribut dasar %s,คุณสมบัติพื้นฐานทั้งหมด %s,Lahat ng pangunahing katangian %s,7,1%,8,1%,1,1%,9,1%,10,1%,13,1%
361005,3611,100,1,,,,,%s,%s,%s,%s,%s,%s,%s,7,3%,8,3%,,,,,,,,
361006,3611,150,3,,,,,All heroes %s,Tất cả anh hùng %s,Semua wira %s,All heroes %s,Semua pahlawan %s,ฮีโร่ทั้งหมด %s,Lahat ng mga bayani %s,7,1.00%,8,1.00%,,,,,,,,
361007,3611,200,1,,,,,%s,%s,%s,%s,%s,%s,%s,17,300,19,300,,,,,,,,
361008,3611,250,1,,,,,%s,%s,%s,%s,%s,%s,%s,9,3%,10,3%,,,,,,,,
361009,3611,300,3,,,,,All heroes %s,Tất cả anh hùng %s,Semua wira %s,All heroes %s,Semua pahlawan %s,ฮีโร่ทั้งหมด %s,Lahat ng mga bayani %s,1,1%,,,,,,,,,,
361010,3611,350,1,,,,,%s,%s,%s,%s,%s,%s,%s,11,300,12,300,,,,,,,,
361011,3611,400,1,,,,,%s,%s,%s,%s,%s,%s,%s,22,300,23,300,,,,,,,,
361012,3611,450,3,,,,,All heroes %s,Tất cả anh hùng %s,Semua wira %s,All heroes %s,Semua pahlawan %s,ฮีโร่ทั้งหมด %s,Lahat ng mga bayani %s,9,1.00%,10,1.00%,,,,,,,,
361013,3611,500,1,,,,,%s,%s,%s,%s,%s,%s,%s,24,500,,,,,,,,,,
363001,3631,20,1,,,,,All basic attributes %s,Tất cả các thuộc tính cơ bản %s,Semua atribut asas %s,All basic attributes %s,Semua atribut dasar %s,คุณสมบัติพื้นฐานทั้งหมด %s,Lahat ng pangunahing katangian %s,7,1%,8,1%,1,1%,9,1%,10,1%,13,1%
363002,3631,40,1,,,,,%s,%s,%s,%s,%s,%s,%s,1,3%,,,,,,,,,,
363003,3631,60,1,,,,,%s,%s,%s,%s,%s,%s,%s,14,300,15,300,,,,,,,,
363004,3631,80,1,,,,,All basic attributes %s,Tất cả các thuộc tính cơ bản %s,Semua atribut asas %s,All basic attributes %s,Semua atribut dasar %s,คุณสมบัติพื้นฐานทั้งหมด %s,Lahat ng pangunahing katangian %s,7,1%,8,1%,1,1%,9,1%,10,1%,13,1%
363005,3631,100,1,,,,,%s,%s,%s,%s,%s,%s,%s,7,3%,8,3%,,,,,,,,
363006,3631,150,3,,,,,All heroes %s,Tất cả anh hùng %s,Semua wira %s,All heroes %s,Semua pahlawan %s,ฮีโร่ทั้งหมด %s,Lahat ng mga bayani %s,1,1.00%,,,,,,,,,,
363007,3631,200,1,,,,,%s,%s,%s,%s,%s,%s,%s,17,300,19,300,,,,,,,,
363008,3631,250,1,,,,,%s,%s,%s,%s,%s,%s,%s,9,3%,10,3%,,,,,,,,
363009,3631,300,3,,,,,All heroes %s,Tất cả anh hùng %s,Semua wira %s,All heroes %s,Semua pahlawan %s,ฮีโร่ทั้งหมด %s,Lahat ng mga bayani %s,9,1.00%,10,1.00%,,,,,,,,
363010,3631,350,1,,,,,%s,%s,%s,%s,%s,%s,%s,11,300,12,300,,,,,,,,
363011,3631,400,1,,,,,%s,%s,%s,%s,%s,%s,%s,22,300,23,300,,,,,,,,
363012,3631,450,3,,,,,All heroes %s,Tất cả anh hùng %s,Semua wira %s,All heroes %s,Semua pahlawan %s,ฮีโร่ทั้งหมด %s,Lahat ng mga bayani %s,7,1.00%,8,1.00%,,,,,,,,
363013,3631,500,1,,,,,%s,%s,%s,%s,%s,%s,%s,24,500,,,,,,,,,,
364101,3641,20,1,,,,,All basic attributes %s,Tất cả các thuộc tính cơ bản %s,Semua atribut asas %s,All basic attributes %s,Semua atribut dasar %s,คุณสมบัติพื้นฐานทั้งหมด %s,Lahat ng pangunahing katangian %s,7,1%,8,1%,1,1%,9,1%,10,1%,13,1%
364102,3641,40,1,,,,,%s,%s,%s,%s,%s,%s,%s,1,3%,,,,,,,,,,
364103,3641,60,1,,,,,%s,%s,%s,%s,%s,%s,%s,14,300,15,300,,,,,,,,
364104,3641,80,1,,,,,All basic attributes %s,Tất cả các thuộc tính cơ bản %s,Semua atribut asas %s,All basic attributes %s,Semua atribut dasar %s,คุณสมบัติพื้นฐานทั้งหมด %s,Lahat ng pangunahing katangian %s,7,1%,8,1%,1,1%,9,1%,10,1%,13,1%
364105,3641,100,1,,,,,%s,%s,%s,%s,%s,%s,%s,7,3%,8,3%,,,,,,,,
364106,3641,150,3,,,,,All heroes %s,Tất cả anh hùng %s,Semua wira %s,All heroes %s,Semua pahlawan %s,ฮีโร่ทั้งหมด %s,Lahat ng mga bayani %s,7,1.00%,8,1.00%,,,,,,,,
364107,3641,200,1,,,,,%s,%s,%s,%s,%s,%s,%s,17,300,19,300,,,,,,,,
364108,3641,250,1,,,,,%s,%s,%s,%s,%s,%s,%s,9,3%,10,3%,,,,,,,,
364109,3641,300,3,,,,,All heroes %s,Tất cả anh hùng %s,Semua wira %s,All heroes %s,Semua pahlawan %s,ฮีโร่ทั้งหมด %s,Lahat ng mga bayani %s,1,1%,,,,,,,,,,
364110,3641,350,1,,,,,%s,%s,%s,%s,%s,%s,%s,11,300,12,300,,,,,,,,
364111,3641,400,1,,,,,%s,%s,%s,%s,%s,%s,%s,22,300,23,300,,,,,,,,
364112,3641,450,3,,,,,All heroes %s,Tất cả anh hùng %s,Semua wira %s,All heroes %s,Semua pahlawan %s,ฮีโร่ทั้งหมด %s,Lahat ng mga bayani %s,9,1.00%,10,1.00%,,,,,,,,
364113,3641,500,1,,,,,%s,%s,%s,%s,%s,%s,%s,24,500,,,,,,,,,,
366001,3663,20,1,,,,,All basic attributes %s,Tất cả các thuộc tính cơ bản %s,Semua atribut asas %s,All basic attributes %s,Semua atribut dasar %s,คุณสมบัติพื้นฐานทั้งหมด %s,Lahat ng pangunahing katangian %s,7,1%,8,1%,1,1%,9,1%,10,1%,13,1%
366002,3663,40,1,,,,,%s,%s,%s,%s,%s,%s,%s,1,3%,,,,,,,,,,
366003,3663,60,1,,,,,%s,%s,%s,%s,%s,%s,%s,14,300,15,300,,,,,,,,
366004,3663,80,1,,,,,All basic attributes %s,Tất cả các thuộc tính cơ bản %s,Semua atribut asas %s,All basic attributes %s,Semua atribut dasar %s,คุณสมบัติพื้นฐานทั้งหมด %s,Lahat ng pangunahing katangian %s,7,1%,8,1%,1,1%,9,1%,10,1%,13,1%
366005,3663,100,1,,,,,%s,%s,%s,%s,%s,%s,%s,7,3%,8,3%,,,,,,,,
366006,3663,150,3,,,,,All heroes %s,Tất cả anh hùng %s,Semua wira %s,All heroes %s,Semua pahlawan %s,ฮีโร่ทั้งหมด %s,Lahat ng mga bayani %s,1,0.60%,,,,,,,,,,
366007,3663,200,1,,,,,%s,%s,%s,%s,%s,%s,%s,17,300,19,300,,,,,,,,
366008,3663,250,1,,,,,%s,%s,%s,%s,%s,%s,%s,9,3%,10,3%,,,,,,,,
366009,3663,300,3,,,,,All heroes %s,Tất cả anh hùng %s,Semua wira %s,All heroes %s,Semua pahlawan %s,ฮีโร่ทั้งหมด %s,Lahat ng mga bayani %s,9,0.60%,10,0.60%,,,,,,,,
366010,3663,350,1,,,,,%s,%s,%s,%s,%s,%s,%s,11,300,12,300,,,,,,,,
366011,3663,400,1,,,,,%s,%s,%s,%s,%s,%s,%s,22,300,23,300,,,,,,,,
366012,3663,450,3,,,,,All heroes %s,Tất cả anh hùng %s,Semua wira %s,All heroes %s,Semua pahlawan %s,ฮีโร่ทั้งหมด %s,Lahat ng mga bayani %s,7,0.60%,8,0.60%,,,,,,,,
366013,3663,500,1,,,,,%s,%s,%s,%s,%s,%s,%s,24,500,,,,,,,,,,
367001,3673,20,1,,,,,All basic attributes %s,Tất cả các thuộc tính cơ bản %s,Semua atribut asas %s,All basic attributes %s,Semua atribut dasar %s,คุณสมบัติพื้นฐานทั้งหมด %s,Lahat ng pangunahing katangian %s,7,1%,8,1%,1,1%,9,1%,10,1%,13,1%
367002,3673,40,1,,,,,%s,%s,%s,%s,%s,%s,%s,1,3%,,,,,,,,,,
367003,3673,60,1,,,,,%s,%s,%s,%s,%s,%s,%s,14,300,15,300,,,,,,,,
367004,3673,80,1,,,,,All basic attributes %s,Tất cả các thuộc tính cơ bản %s,Semua atribut asas %s,All basic attributes %s,Semua atribut dasar %s,คุณสมบัติพื้นฐานทั้งหมด %s,Lahat ng pangunahing katangian %s,7,1%,8,1%,1,1%,9,1%,10,1%,13,1%
367005,3673,100,1,,,,,%s,%s,%s,%s,%s,%s,%s,7,3%,8,3%,,,,,,,,
367006,3673,150,3,,,,,All heroes %s,Tất cả anh hùng %s,Semua wira %s,All heroes %s,Semua pahlawan %s,ฮีโร่ทั้งหมด %s,Lahat ng mga bayani %s,1,0.60%,,,,,,,,,,
367007,3673,200,1,,,,,%s,%s,%s,%s,%s,%s,%s,17,300,19,300,,,,,,,,
367008,3673,250,1,,,,,%s,%s,%s,%s,%s,%s,%s,9,3%,10,3%,,,,,,,,
367009,3673,300,3,,,,,All heroes %s,Tất cả anh hùng %s,Semua wira %s,All heroes %s,Semua pahlawan %s,ฮีโร่ทั้งหมด %s,Lahat ng mga bayani %s,9,0.60%,10,0.60%,,,,,,,,
367010,3673,350,1,,,,,%s,%s,%s,%s,%s,%s,%s,11,300,12,300,,,,,,,,
367011,3673,400,1,,,,,%s,%s,%s,%s,%s,%s,%s,22,300,23,300,,,,,,,,
367012,3673,450,3,,,,,All heroes %s,Tất cả anh hùng %s,Semua wira %s,All heroes %s,Semua pahlawan %s,ฮีโร่ทั้งหมด %s,Lahat ng mga bayani %s,7,0.60%,8,0.60%,,,,,,,,
367013,3673,500,1,,,,,%s,%s,%s,%s,%s,%s,%s,24,500,,,,,,,,,,
368001,3683,20,1,,,,,All basic attributes %s,Tất cả các thuộc tính cơ bản %s,Semua atribut asas %s,All basic attributes %s,Semua atribut dasar %s,คุณสมบัติพื้นฐานทั้งหมด %s,Lahat ng pangunahing katangian %s,7,1%,8,1%,1,1%,9,1%,10,1%,13,1%
368002,3683,40,1,,,,,%s,%s,%s,%s,%s,%s,%s,1,3%,,,,,,,,,,
368003,3683,60,1,,,,,%s,%s,%s,%s,%s,%s,%s,14,300,15,300,,,,,,,,
368004,3683,80,1,,,,,All basic attributes %s,Tất cả các thuộc tính cơ bản %s,Semua atribut asas %s,All basic attributes %s,Semua atribut dasar %s,คุณสมบัติพื้นฐานทั้งหมด %s,Lahat ng pangunahing katangian %s,7,0.60%,8,0.60%,1,0.60%,9,0.60%,10,0.60%,13,0.60%
368005,3683,100,1,,,,,%s,%s,%s,%s,%s,%s,%s,7,3%,8,3%,,,,,,,,
368006,3683,150,3,,,,,All heroes %s,Tất cả anh hùng %s,Semua wira %s,All heroes %s,Semua pahlawan %s,ฮีโร่ทั้งหมด %s,Lahat ng mga bayani %s,7,0.60%,8,0.60%,,,,,,,,
368007,3683,200,1,,,,,%s,%s,%s,%s,%s,%s,%s,17,300,19,300,,,,,,,,
368008,3683,250,1,,,,,%s,%s,%s,%s,%s,%s,%s,9,3%,10,3%,,,,,,,,
368009,3683,300,3,,,,,All heroes %s,Tất cả anh hùng %s,Semua wira %s,All heroes %s,Semua pahlawan %s,ฮีโร่ทั้งหมด %s,Lahat ng mga bayani %s,1,0.60%,,,,,,,,,,
368010,3683,350,1,,,,,%s,%s,%s,%s,%s,%s,%s,11,300,12,300,,,,,,,,
368011,3683,400,1,,,,,%s,%s,%s,%s,%s,%s,%s,22,300,23,300,,,,,,,,
368012,3683,450,3,,,,,All heroes %s,Tất cả anh hùng %s,Semua wira %s,All heroes %s,Semua pahlawan %s,ฮีโร่ทั้งหมด %s,Lahat ng mga bayani %s,9,0.60%,10,0.60%,,,,,,,,
368013,3683,500,1,,,,,%s,%s,%s,%s,%s,%s,%s,28,500,,,,,,,,,,
377001,3772,20,1,,,,,All basic attributes %s,Tất cả các thuộc tính cơ bản %s,Semua atribut asas %s,All basic attributes %s,Semua atribut dasar %s,คุณสมบัติพื้นฐานทั้งหมด %s,Lahat ng pangunahing katangian %s,7,1%,8,1%,1,1%,9,1%,10,1%,13,1%
377002,3772,40,1,,,,,%s,%s,%s,%s,%s,%s,%s,1,3%,,,,,,,,,,
377003,3772,60,1,,,,,%s,%s,%s,%s,%s,%s,%s,14,300,15,300,,,,,,,,
377004,3772,80,1,,,,,All basic attributes %s,Tất cả các thuộc tính cơ bản %s,Semua atribut asas %s,All basic attributes %s,Semua atribut dasar %s,คุณสมบัติพื้นฐานทั้งหมด %s,Lahat ng pangunahing katangian %s,7,1%,8,1%,1,1%,9,1%,10,1%,13,1%
377005,3772,100,1,,,,,%s,%s,%s,%s,%s,%s,%s,7,3%,8,3%,,,,,,,,
377006,3772,150,3,,,,,All heroes %s,Tất cả anh hùng %s,Semua wira %s,All heroes %s,Semua pahlawan %s,ฮีโร่ทั้งหมด %s,Lahat ng mga bayani %s,9,0.60%,10,0.60%,,,,,,,,
377007,3772,200,1,,,,,%s,%s,%s,%s,%s,%s,%s,17,300,19,300,,,,,,,,
377008,3772,250,1,,,,,%s,%s,%s,%s,%s,%s,%s,9,3%,10,3%,,,,,,,,
377009,3772,300,3,,,,,All heroes %s,Tất cả anh hùng %s,Semua wira %s,All heroes %s,Semua pahlawan %s,ฮีโร่ทั้งหมด %s,Lahat ng mga bayani %s,7,0.60%,8,0.60%,,,,,,,,
377010,3772,350,1,,,,,%s,%s,%s,%s,%s,%s,%s,11,300,12,300,,,,,,,,
377011,3772,400,1,,,,,%s,%s,%s,%s,%s,%s,%s,22,300,23,300,,,,,,,,
377012,3772,450,3,,,,,All heroes %s,Tất cả anh hùng %s,Semua wira %s,All heroes %s,Semua pahlawan %s,ฮีโร่ทั้งหมด %s,Lahat ng mga bayani %s,1,0.60%,,,,,,,,,,
377013,3772,500,1,,,,,%s,%s,%s,%s,%s,%s,%s,24,500,,,,,,,,,,
384001,3841,20,1,,,,,All basic attributes %s,Tất cả các thuộc tính cơ bản %s,Semua atribut asas %s,All basic attributes %s,Semua atribut dasar %s,คุณสมบัติพื้นฐานทั้งหมด %s,Lahat ng pangunahing katangian %s,7,1%,8,1%,1,1%,9,1%,10,1%,13,1%
384002,3841,40,1,,,,,%s,%s,%s,%s,%s,%s,%s,1,3%,,,,,,,,,,
384003,3841,60,1,,,,,%s,%s,%s,%s,%s,%s,%s,14,300,15,300,,,,,,,,
384004,3841,80,1,,,,,All basic attributes %s,Tất cả các thuộc tính cơ bản %s,Semua atribut asas %s,All basic attributes %s,Semua atribut dasar %s,คุณสมบัติพื้นฐานทั้งหมด %s,Lahat ng pangunahing katangian %s,7,0.60%,8,0.60%,1,0.60%,9,0.60%,10,0.60%,13,0.60%
384005,3841,100,1,,,,,%s,%s,%s,%s,%s,%s,%s,7,3%,8,3%,,,,,,,,
384006,3841,150,3,,,,,All heroes %s,Tất cả anh hùng %s,Semua wira %s,All heroes %s,Semua pahlawan %s,ฮีโร่ทั้งหมด %s,Lahat ng mga bayani %s,1,0.60%,,,,,,,,,,
384007,3841,200,1,,,,,%s,%s,%s,%s,%s,%s,%s,17,300,19,300,,,,,,,,
384008,3841,250,1,,,,,%s,%s,%s,%s,%s,%s,%s,9,3%,10,3%,,,,,,,,
384009,3841,300,3,,,,,All heroes %s,Tất cả anh hùng %s,Semua wira %s,All heroes %s,Semua pahlawan %s,ฮีโร่ทั้งหมด %s,Lahat ng mga bayani %s,9,0.60%,10,0.60%,,,,,,,,
384010,3841,350,1,,,,,%s,%s,%s,%s,%s,%s,%s,11,300,12,300,,,,,,,,
384011,3841,400,1,,,,,%s,%s,%s,%s,%s,%s,%s,22,300,23,300,,,,,,,,
384012,3841,450,3,,,,,All heroes %s,Tất cả anh hùng %s,Semua wira %s,All heroes %s,Semua pahlawan %s,ฮีโร่ทั้งหมด %s,Lahat ng mga bayani %s,7,0.60%,8,0.60%,,,,,,,,
384013,3841,500,1,,,,,%s,%s,%s,%s,%s,%s,%s,24,500,,,,,,,,,,
413001,4131,20,1,,,,,All basic attributes %s,Tất cả các thuộc tính cơ bản %s,Semua atribut asas %s,All basic attributes %s,Semua atribut dasar %s,คุณสมบัติพื้นฐานทั้งหมด %s,Lahat ng pangunahing katangian %s,7,1%,8,1%,1,1%,9,1%,10,1%,13,1%
413002,4131,40,1,,,,,%s,%s,%s,%s,%s,%s,%s,1,3%,,,,,,,,,,
413003,4131,60,1,,,,,%s,%s,%s,%s,%s,%s,%s,14,300,15,300,,,,,,,,
413004,4131,80,1,,,,,All basic attributes %s,Tất cả các thuộc tính cơ bản %s,Semua atribut asas %s,All basic attributes %s,Semua atribut dasar %s,คุณสมบัติพื้นฐานทั้งหมด %s,Lahat ng pangunahing katangian %s,7,0.60%,8,0.60%,1,0.60%,9,0.60%,10,0.60%,13,0.60%
413005,4131,100,1,,,,,%s,%s,%s,%s,%s,%s,%s,7,3%,8,3%,,,,,,,,
413006,4131,150,3,,,,,All heroes %s,Tất cả anh hùng %s,Semua wira %s,All heroes %s,Semua pahlawan %s,ฮีโร่ทั้งหมด %s,Lahat ng mga bayani %s,9,0.60%,10,0.60%,,,,,,,,
413007,4131,200,1,,,,,%s,%s,%s,%s,%s,%s,%s,17,300,19,300,,,,,,,,
413008,4131,250,1,,,,,%s,%s,%s,%s,%s,%s,%s,9,3%,10,3%,,,,,,,,
413009,4131,300,3,,,,,All heroes %s,Tất cả anh hùng %s,Semua wira %s,All heroes %s,Semua pahlawan %s,ฮีโร่ทั้งหมด %s,Lahat ng mga bayani %s,7,0.60%,8,0.60%,,,,,,,,
413010,4131,350,1,,,,,%s,%s,%s,%s,%s,%s,%s,11,300,12,300,,,,,,,,
413011,4131,400,1,,,,,%s,%s,%s,%s,%s,%s,%s,22,300,23,300,,,,,,,,
413012,4131,450,3,,,,,All heroes %s,Tất cả anh hùng %s,Semua wira %s,All heroes %s,Semua pahlawan %s,ฮีโร่ทั้งหมด %s,Lahat ng mga bayani %s,1,0.60%,,,,,,,,,,
413013,4131,500,1,,,,,%s,%s,%s,%s,%s,%s,%s,24,500,,,,,,,,,,
416001,4161,20,1,,,,,All basic attributes %s,Tất cả các thuộc tính cơ bản %s,Semua atribut asas %s,All basic attributes %s,Semua atribut dasar %s,คุณสมบัติพื้นฐานทั้งหมด %s,Lahat ng pangunahing katangian %s,7,1%,8,1%,1,1%,9,1%,10,1%,13,1%
416002,4161,40,1,,,,,%s,%s,%s,%s,%s,%s,%s,1,3%,,,,,,,,,,
416003,4161,60,1,,,,,%s,%s,%s,%s,%s,%s,%s,14,300,15,300,,,,,,,,
416004,4161,80,1,,,,,All basic attributes %s,Tất cả các thuộc tính cơ bản %s,Semua atribut asas %s,All basic attributes %s,Semua atribut dasar %s,คุณสมบัติพื้นฐานทั้งหมด %s,Lahat ng pangunahing katangian %s,7,1%,8,1%,1,1%,9,1%,10,1%,13,1%
416005,4161,100,1,,,,,%s,%s,%s,%s,%s,%s,%s,7,3%,8,3%,,,,,,,,
416006,4161,150,3,,,,,All heroes %s,Tất cả anh hùng %s,Semua wira %s,All heroes %s,Semua pahlawan %s,ฮีโร่ทั้งหมด %s,Lahat ng mga bayani %s,9,1.00%,10,1.00%,,,,,,,,
416007,4161,200,1,,,,,%s,%s,%s,%s,%s,%s,%s,17,300,19,300,,,,,,,,
416008,4161,250,1,,,,,%s,%s,%s,%s,%s,%s,%s,9,3%,10,3%,,,,,,,,
416009,4161,300,3,,,,,All heroes %s,Tất cả anh hùng %s,Semua wira %s,All heroes %s,Semua pahlawan %s,ฮีโร่ทั้งหมด %s,Lahat ng mga bayani %s,7,1.00%,8,1.00%,,,,,,,,
416010,4161,350,1,,,,,%s,%s,%s,%s,%s,%s,%s,11,300,12,300,,,,,,,,
416011,4161,400,1,,,,,%s,%s,%s,%s,%s,%s,%s,22,300,23,300,,,,,,,,
416012,4161,450,3,,,,,All heroes %s,Tất cả anh hùng %s,Semua wira %s,All heroes %s,Semua pahlawan %s,ฮีโร่ทั้งหมด %s,Lahat ng mga bayani %s,1,1.00%,,,,,,,,,,
416013,4161,500,1,,,,,%s,%s,%s,%s,%s,%s,%s,24,500,,,,,,,,,,
417001,4171,20,1,,,,,All basic attributes %s,Tất cả các thuộc tính cơ bản %s,Semua atribut asas %s,All basic attributes %s,Semua atribut dasar %s,คุณสมบัติพื้นฐานทั้งหมด %s,Lahat ng pangunahing katangian %s,7,1%,8,1%,1,1%,9,1%,10,1%,13,1%
417002,4171,40,1,,,,,%s,%s,%s,%s,%s,%s,%s,1,3%,,,,,,,,,,
417003,4171,60,1,,,,,%s,%s,%s,%s,%s,%s,%s,14,300,15,300,,,,,,,,
417004,4171,80,1,,,,,All basic attributes %s,Tất cả các thuộc tính cơ bản %s,Semua atribut asas %s,All basic attributes %s,Semua atribut dasar %s,คุณสมบัติพื้นฐานทั้งหมด %s,Lahat ng pangunahing katangian %s,7,1%,8,1%,1,1%,9,1%,10,1%,13,1%
417005,4171,100,1,,,,,%s,%s,%s,%s,%s,%s,%s,7,3%,8,3%,,,,,,,,
417006,4171,150,3,,,,,All heroes %s,Tất cả anh hùng %s,Semua wira %s,All heroes %s,Semua pahlawan %s,ฮีโร่ทั้งหมด %s,Lahat ng mga bayani %s,9,1.00%,10,1.00%,,,,,,,,
417007,4171,200,1,,,,,%s,%s,%s,%s,%s,%s,%s,17,300,19,300,,,,,,,,
417008,4171,250,1,,,,,%s,%s,%s,%s,%s,%s,%s,9,3%,10,3%,,,,,,,,
417009,4171,300,3,,,,,All heroes %s,Tất cả anh hùng %s,Semua wira %s,All heroes %s,Semua pahlawan %s,ฮีโร่ทั้งหมด %s,Lahat ng mga bayani %s,7,1.00%,8,1.00%,,,,,,,,
417010,4171,350,1,,,,,%s,%s,%s,%s,%s,%s,%s,11,300,12,300,,,,,,,,
417011,4171,400,1,,,,,%s,%s,%s,%s,%s,%s,%s,22,300,23,300,,,,,,,,
417012,4171,450,3,,,,,All heroes %s,Tất cả anh hùng %s,Semua wira %s,All heroes %s,Semua pahlawan %s,ฮีโร่ทั้งหมด %s,Lahat ng mga bayani %s,1,1.00%,,,,,,,,,,
417013,4171,500,1,,,,,%s,%s,%s,%s,%s,%s,%s,24,500,,,,,,,,,,
700001,7001,20,1,,,,,All basic attributes %s,Tất cả các thuộc tính cơ bản %s,Semua atribut asas %s,All basic attributes %s,Semua atribut dasar %s,คุณสมบัติพื้นฐานทั้งหมด %s,Lahat ng pangunahing katangian %s,7,1%,8,1%,1,1%,9,1%,10,1%,13,1%
700002,7001,40,1,,,,,%s,%s,%s,%s,%s,%s,%s,1,3%,,,,,,,,,,
700003,7001,60,1,,,,,%s,%s,%s,%s,%s,%s,%s,14,300,15,300,,,,,,,,
700004,7001,80,1,,,,,All basic attributes %s,Tất cả các thuộc tính cơ bản %s,Semua atribut asas %s,All basic attributes %s,Semua atribut dasar %s,คุณสมบัติพื้นฐานทั้งหมด %s,Lahat ng pangunahing katangian %s,7,0.60%,8,0.60%,1,0.60%,9,0.60%,10,0.60%,13,0.60%
700005,7001,100,1,,,,,%s,%s,%s,%s,%s,%s,%s,7,3%,8,3%,,,,,,,,
700006,7001,150,3,,,,,All heroes %s,Tất cả anh hùng %s,Semua wira %s,All heroes %s,Semua pahlawan %s,ฮีโร่ทั้งหมด %s,Lahat ng mga bayani %s,1,0.60%,,,,,,,,,,
700007,7001,200,1,,,,,%s,%s,%s,%s,%s,%s,%s,17,300,19,300,,,,,,,,
700008,7001,250,1,,,,,%s,%s,%s,%s,%s,%s,%s,9,3%,10,3%,,,,,,,,
700009,7001,300,3,,,,,All heroes %s,Tất cả anh hùng %s,Semua wira %s,All heroes %s,Semua pahlawan %s,ฮีโร่ทั้งหมด %s,Lahat ng mga bayani %s,9,0.60%,10,0.60%,,,,,,,,
700010,7001,350,1,,,,,%s,%s,%s,%s,%s,%s,%s,11,300,12,300,,,,,,,,
700011,7001,400,1,,,,,%s,%s,%s,%s,%s,%s,%s,22,300,23,300,,,,,,,,
700012,7001,450,3,,,,,All heroes %s,Tất cả anh hùng %s,Semua wira %s,All heroes %s,Semua pahlawan %s,ฮีโร่ทั้งหมด %s,Lahat ng mga bayani %s,7,0.60%,8,0.60%,,,,,,,,
700013,7001,500,1,,,,,%s,%s,%s,%s,%s,%s,%s,24,500,,,,,,,,,,
701001,7011,20,1,,,,,All basic attributes %s,Tất cả các thuộc tính cơ bản %s,Semua atribut asas %s,All basic attributes %s,Semua atribut dasar %s,คุณสมบัติพื้นฐานทั้งหมด %s,Lahat ng pangunahing katangian %s,7,1%,8,1%,1,1%,9,1%,10,1%,13,1%
701002,7011,40,1,,,,,%s,%s,%s,%s,%s,%s,%s,1,3%,,,,,,,,,,
701003,7011,60,1,,,,,%s,%s,%s,%s,%s,%s,%s,14,300,15,300,,,,,,,,
701004,7011,80,2,,3,,,First attribute %s hero All basic attributes %s,Tất cả các thuộc tính cơ bản %s,Semua atribut asas %s,All basic attributes %s,Semua atribut dasar %s,คุณสมบัติพื้นฐานทั้งหมด %s,Lahat ng pangunahing katangian %s,7,1%,8,1%,1,1%,9,1%,10,1%,13,1%
701005,7011,100,1,,,,,%s,%s,%s,%s,%s,%s,%s,7,3%,8,3%,,,,,,,,
701006,7011,150,3,,,,,All heroes %s,Tất cả anh hùng %s,Semua wira %s,All heroes %s,Semua pahlawan %s,ฮีโร่ทั้งหมด %s,Lahat ng mga bayani %s,9,1.00%,10,1.00%,,,,,,,,
701007,7011,200,1,,,,,%s,%s,%s,%s,%s,%s,%s,17,300,19,300,,,,,,,,
701008,7011,250,1,,,,,%s,%s,%s,%s,%s,%s,%s,9,3%,10,3%,,,,,,,,
701009,7011,300,3,,,,,All heroes %s,Tất cả anh hùng %s,Semua wira %s,All heroes %s,Semua pahlawan %s,ฮีโร่ทั้งหมด %s,Lahat ng mga bayani %s,7,1.00%,8,1.00%,,,,,,,,
701010,7011,350,1,,,,,%s,%s,%s,%s,%s,%s,%s,11,300,12,300,,,,,,,,
701011,7011,400,1,,,,,%s,%s,%s,%s,%s,%s,%s,22,300,23,300,,,,,,,,
701012,7011,450,3,,,,,All heroes %s,Tất cả anh hùng %s,Semua wira %s,All heroes %s,Semua pahlawan %s,ฮีโร่ทั้งหมด %s,Lahat ng mga bayani %s,1,1.00%,,,,,,,,,,
701013,7011,500,1,,,,,%s,%s,%s,%s,%s,%s,%s,24,500,,,,,,,,,,
702001,7021,20,1,,,,,All basic attributes %s,Tất cả các thuộc tính cơ bản %s,Semua atribut asas %s,All basic attributes %s,Semua atribut dasar %s,คุณสมบัติพื้นฐานทั้งหมด %s,Lahat ng pangunahing katangian %s,7,1%,8,1%,1,1%,9,1%,10,1%,13,1%
702002,7021,40,1,,,,,%s,%s,%s,%s,%s,%s,%s,1,3%,,,,,,,,,,
702003,7021,60,1,,,,,%s,%s,%s,%s,%s,%s,%s,14,300,15,300,,,,,,,,
702004,7021,80,2,,14,,,First attribute %s hero All basic attributes %s,Thuộc tính chính của %s tăng toàn bộ chỉ số cơ bản thêm %s,Atribut utama %s meningkatkan semua atribut asas sebanyak %s,First attribute %s hero All basic attributes %s,Atribut utama %s meningkatkan semua atribut dasar sebesar %s,ค่าสถานะหลักของ %s เพิ่มค่าสถานะพื้นฐานทั้งหมดอีก %s,Ang pangunahing katangian ng %s ay nagpapataas ng lahat ng batayang katangian ng %s,7,1%,8,1%,1,1%,9,1%,10,1%,13,1%
702005,7021,100,1,,,,,%s,%s,%s,%s,%s,%s,%s,7,3%,8,3%,,,,,,,,
702006,7021,150,3,,,,,All heroes %s,Tất cả anh hùng %s,Semua wira %s,All heroes %s,Semua pahlawan %s,ฮีโร่ทั้งหมด %s,Lahat ng mga bayani %s,7,1.00%,8,1.00%,,,,,,,,
702007,7021,200,1,,,,,%s,%s,%s,%s,%s,%s,%s,17,300,19,300,,,,,,,,
702008,7021,250,1,,,,,%s,%s,%s,%s,%s,%s,%s,9,3%,10,3%,,,,,,,,
702009,7021,300,3,,,,,All heroes %s,Tất cả anh hùng %s,Semua wira %s,All heroes %s,Semua pahlawan %s,ฮีโร่ทั้งหมด %s,Lahat ng mga bayani %s,1,1%,,,,,,,,,,
702010,7021,350,1,,,,,%s,%s,%s,%s,%s,%s,%s,11,300,12,300,,,,,,,,
702011,7021,400,1,,,,,%s,%s,%s,%s,%s,%s,%s,22,300,23,300,,,,,,,,
702012,7021,450,3,,,,,All heroes %s,Tất cả anh hùng %s,Semua wira %s,All heroes %s,Semua pahlawan %s,ฮีโร่ทั้งหมด %s,Lahat ng mga bayani %s,9,1.00%,10,1.00%,,,,,,,,
702013,7021,500,1,,,,,%s,%s,%s,%s,%s,%s,%s,24,500,,,,,,,,,,
703001,7031,20,1,,,,,All basic attributes %s,Tất cả các thuộc tính cơ bản %s,Semua atribut asas %s,All basic attributes %s,Semua atribut dasar %s,คุณสมบัติพื้นฐานทั้งหมด %s,Lahat ng pangunahing katangian %s,7,1%,8,1%,1,1%,9,1%,10,1%,13,1%
703002,7031,40,1,,,,,%s,%s,%s,%s,%s,%s,%s,1,3%,,,,,,,,,,
703003,7031,60,1,,,,,%s,%s,%s,%s,%s,%s,%s,14,300,15,300,,,,,,,,
703004,7031,80,2,,13,,,First attribute %s hero All basic attributes %s,Thuộc tính chính của %s tăng toàn bộ chỉ số cơ bản thêm %s,Atribut utama %s meningkatkan semua atribut asas sebanyak %s,First attribute %s hero All basic attributes %s,Atribut utama %s meningkatkan semua atribut dasar sebesar %s,ค่าสถานะหลักของ %s เพิ่มค่าสถานะพื้นฐานทั้งหมดอีก %s,Ang pangunahing katangian ng %s ay nagpapataas ng lahat ng batayang katangian ng %s,7,1%,8,1%,1,1%,9,1%,10,1%,13,1%
703005,7031,100,1,,,,,%s,%s,%s,%s,%s,%s,%s,7,3%,8,3%,,,,,,,,
703006,7031,150,3,,,,,All heroes %s,Tất cả anh hùng %s,Semua wira %s,All heroes %s,Semua pahlawan %s,ฮีโร่ทั้งหมด %s,Lahat ng mga bayani %s,9,1.00%,10,1.00%,,,,,,,,
703007,7031,200,1,,,,,%s,%s,%s,%s,%s,%s,%s,17,300,19,300,,,,,,,,
703008,7031,250,1,,,,,%s,%s,%s,%s,%s,%s,%s,9,3%,10,3%,,,,,,,,
703009,7031,300,3,,,,,All heroes %s,Tất cả anh hùng %s,Semua wira %s,All heroes %s,Semua pahlawan %s,ฮีโร่ทั้งหมด %s,Lahat ng mga bayani %s,7,1.00%,8,1.00%,,,,,,,,
703010,7031,350,1,,,,,%s,%s,%s,%s,%s,%s,%s,11,300,12,300,,,,,,,,
703011,7031,400,1,,,,,%s,%s,%s,%s,%s,%s,%s,22,300,23,300,,,,,,,,
703012,7031,450,3,,,,,All heroes %s,Tất cả anh hùng %s,Semua wira %s,All heroes %s,Semua pahlawan %s,ฮีโร่ทั้งหมด %s,Lahat ng mga bayani %s,1,1.00%,,,,,,,,,,
703013,7031,500,1,,,,,%s,%s,%s,%s,%s,%s,%s,24,500,,,,,,,,,,
704001,7041,20,1,,,,,All basic attributes %s,Tất cả các thuộc tính cơ bản %s,Semua atribut asas %s,All basic attributes %s,Semua atribut dasar %s,คุณสมบัติพื้นฐานทั้งหมด %s,Lahat ng pangunahing katangian %s,7,1%,8,1%,1,1%,9,1%,10,1%,13,1%
704002,7041,40,1,,,,,%s,%s,%s,%s,%s,%s,%s,1,3%,,,,,,,,,,
704003,7041,60,1,,,,,%s,%s,%s,%s,%s,%s,%s,14,300,15,300,,,,,,,,
704004,7041,80,2,,11,,,First attribute %s hero All basic attributes %s,Thuộc tính chính của %s tăng toàn bộ chỉ số cơ bản thêm %s,Atribut utama %s meningkatkan semua atribut asas sebanyak %s,First attribute %s hero All basic attributes %s,Atribut utama %s meningkatkan semua atribut dasar sebesar %s,ค่าสถานะหลักของ %s เพิ่มค่าสถานะพื้นฐานทั้งหมดอีก %s,Ang pangunahing katangian ng %s ay nagpapataas ng lahat ng batayang katangian ng %s,7,1%,8,1%,1,1%,9,1%,10,1%,13,1%
704005,7041,100,1,,,,,%s,%s,%s,%s,%s,%s,%s,7,3%,8,3%,,,,,,,,
704006,7041,150,3,,,,,All heroes %s,Tất cả anh hùng %s,Semua wira %s,All heroes %s,Semua pahlawan %s,ฮีโร่ทั้งหมด %s,Lahat ng mga bayani %s,7,1.00%,8,1.00%,,,,,,,,
704007,7041,200,1,,,,,%s,%s,%s,%s,%s,%s,%s,17,300,19,300,,,,,,,,
704008,7041,250,1,,,,,%s,%s,%s,%s,%s,%s,%s,9,3%,10,3%,,,,,,,,
704009,7041,300,3,,,,,All heroes %s,Tất cả anh hùng %s,Semua wira %s,All heroes %s,Semua pahlawan %s,ฮีโร่ทั้งหมด %s,Lahat ng mga bayani %s,1,1%,,,,,,,,,,
704010,7041,350,1,,,,,%s,%s,%s,%s,%s,%s,%s,11,300,12,300,,,,,,,,
704011,7041,400,1,,,,,%s,%s,%s,%s,%s,%s,%s,22,300,23,300,,,,,,,,
704012,7041,450,3,,,,,All heroes %s,Tất cả anh hùng %s,Semua wira %s,All heroes %s,Semua pahlawan %s,ฮีโร่ทั้งหมด %s,Lahat ng mga bayani %s,7,1.00%,8,1.00%,,,,,,,,
704013,7041,500,1,,,,,%s,%s,%s,%s,%s,%s,%s,24,500,,,,,,,,,,
705001,7051,20,1,,,,,All basic attributes %s,Tất cả các thuộc tính cơ bản %s,Semua atribut asas %s,All basic attributes %s,Semua atribut dasar %s,คุณสมบัติพื้นฐานทั้งหมด %s,Lahat ng pangunahing katangian %s,7,1%,8,1%,1,1%,9,1%,10,1%,13,1%
705002,7051,40,1,,,,,%s,%s,%s,%s,%s,%s,%s,1,3%,,,,,,,,,,
705003,7051,60,1,,,,,%s,%s,%s,%s,%s,%s,%s,14,300,15,300,,,,,,,,
705004,7051,80,2,,11,,,First attribute %s hero All basic attributes %s,Thuộc tính chính của %s tăng toàn bộ chỉ số cơ bản thêm %s,Atribut utama %s meningkatkan semua atribut asas sebanyak %s,First attribute %s hero All basic attributes %s,Atribut utama %s meningkatkan semua atribut dasar sebesar %s,ค่าสถานะหลักของ %s เพิ่มค่าสถานะพื้นฐานทั้งหมดอีก %s,Ang pangunahing katangian ng %s ay nagpapataas ng lahat ng batayang katangian ng %s,7,1%,8,1%,1,1%,9,1%,10,1%,13,1%
705005,7051,100,1,,,,,%s,%s,%s,%s,%s,%s,%s,7,3%,8,3%,,,,,,,,
705006,7051,150,3,,,,,All heroes %s,Tất cả anh hùng %s,Semua wira %s,All heroes %s,Semua pahlawan %s,ฮีโร่ทั้งหมด %s,Lahat ng mga bayani %s,7,1.00%,8,1.00%,,,,,,,,
705007,7051,200,1,,,,,%s,%s,%s,%s,%s,%s,%s,17,300,19,300,,,,,,,,
705008,7051,250,1,,,,,%s,%s,%s,%s,%s,%s,%s,9,3%,10,3%,,,,,,,,
705009,7051,300,3,,,,,All heroes %s,Tất cả anh hùng %s,Semua wira %s,All heroes %s,Semua pahlawan %s,ฮีโร่ทั้งหมด %s,Lahat ng mga bayani %s,1,1%,,,,,,,,,,
705010,7051,350,1,,,,,%s,%s,%s,%s,%s,%s,%s,11,300,12,300,,,,,,,,
705011,7051,400,1,,,,,%s,%s,%s,%s,%s,%s,%s,22,300,23,300,,,,,,,,
705012,7051,450,3,,,,,All heroes %s,Tất cả anh hùng %s,Semua wira %s,All heroes %s,Semua pahlawan %s,ฮีโร่ทั้งหมด %s,Lahat ng mga bayani %s,9,1.00%,10,1.00%,,,,,,,,
705013,7051,500,1,,,,,%s,%s,%s,%s,%s,%s,%s,24,500,,,,,,,,,,
706001,7061,20,1,,,,,All basic attributes %s,Tất cả các thuộc tính cơ bản %s,Semua atribut asas %s,All basic attributes %s,Semua atribut dasar %s,คุณสมบัติพื้นฐานทั้งหมด %s,Lahat ng pangunahing katangian %s,7,1%,8,1%,1,1%,9,1%,10,1%,13,1%
706002,7061,40,1,,,,,%s,%s,%s,%s,%s,%s,%s,1,3%,,,,,,,,,,
706003,7061,60,1,,,,,%s,%s,%s,%s,%s,%s,%s,14,300,15,300,,,,,,,,
706004,7061,80,2,,11,,,First attribute %s hero All basic attributes %s,Thuộc tính chính của %s tăng toàn bộ chỉ số cơ bản thêm %s,Atribut utama %s meningkatkan semua atribut asas sebanyak %s,First attribute %s hero All basic attributes %s,Atribut utama %s meningkatkan semua atribut dasar sebesar %s,ค่าสถานะหลักของ %s เพิ่มค่าสถานะพื้นฐานทั้งหมดอีก %s,Ang pangunahing katangian ng %s ay nagpapataas ng lahat ng batayang katangian ng %s,7,1%,8,1%,1,1%,9,1%,10,1%,13,1%
706005,7061,100,1,,,,,%s,%s,%s,%s,%s,%s,%s,7,3%,8,3%,,,,,,,,
706006,7061,150,3,,,,,All heroes %s,Tất cả anh hùng %s,Semua wira %s,All heroes %s,Semua pahlawan %s,ฮีโร่ทั้งหมด %s,Lahat ng mga bayani %s,7,1.00%,8,1.00%,,,,,,,,
706007,7061,200,1,,,,,%s,%s,%s,%s,%s,%s,%s,17,300,19,300,,,,,,,,
706008,7061,250,1,,,,,%s,%s,%s,%s,%s,%s,%s,9,3%,10,3%,,,,,,,,
706009,7061,300,3,,,,,All heroes %s,Tất cả anh hùng %s,Semua wira %s,All heroes %s,Semua pahlawan %s,ฮีโร่ทั้งหมด %s,Lahat ng mga bayani %s,1,1%,,,,,,,,,,
706010,7061,350,1,,,,,%s,%s,%s,%s,%s,%s,%s,11,300,12,300,,,,,,,,
706011,7061,400,1,,,,,%s,%s,%s,%s,%s,%s,%s,22,300,23,300,,,,,,,,
706012,7061,450,3,,,,,All heroes %s,Tất cả anh hùng %s,Semua wira %s,All heroes %s,Semua pahlawan %s,ฮีโร่ทั้งหมด %s,Lahat ng mga bayani %s,9,1.00%,10,1.00%,,,,,,,,
706013,7061,500,1,,,,,%s,%s,%s,%s,%s,%s,%s,24,500,,,,,,,,,,
707001,7071,20,1,,,,,All basic attributes %s,Tất cả các thuộc tính cơ bản %s,Semua atribut asas %s,All basic attributes %s,Semua atribut dasar %s,คุณสมบัติพื้นฐานทั้งหมด %s,Lahat ng pangunahing katangian %s,7,1%,8,1%,1,1%,9,1%,10,1%,13,1%
707002,7071,40,1,,,,,%s,%s,%s,%s,%s,%s,%s,1,3%,,,,,,,,,,
707003,7071,60,1,,,,,%s,%s,%s,%s,%s,%s,%s,14,300,15,300,,,,,,,,
707004,7071,80,2,,3,,,First attribute %s hero All basic attributes %s,Thuộc tính chính của %s tăng toàn bộ chỉ số cơ bản thêm %s,Atribut utama %s meningkatkan semua atribut asas sebanyak %s,First attribute %s hero All basic attributes %s,Atribut utama %s meningkatkan semua atribut dasar sebesar %s,ค่าสถานะหลักของ %s เพิ่มค่าสถานะพื้นฐานทั้งหมดอีก %s,Ang pangunahing katangian ng %s ay nagpapataas ng lahat ng batayang katangian ng %s,7,1%,8,1%,1,1%,9,1%,10,1%,13,1%
707005,7071,100,1,,,,,%s,%s,%s,%s,%s,%s,%s,7,3%,8,3%,,,,,,,,
707006,7071,150,3,,,,,All heroes %s,Tất cả anh hùng %s,Semua wira %s,All heroes %s,Semua pahlawan %s,ฮีโร่ทั้งหมด %s,Lahat ng mga bayani %s,9,1.00%,10,1.00%,,,,,,,,
707007,7071,200,1,,,,,%s,%s,%s,%s,%s,%s,%s,17,300,19,300,,,,,,,,
707008,7071,250,1,,,,,%s,%s,%s,%s,%s,%s,%s,9,3%,10,3%,,,,,,,,
707009,7071,300,3,,,,,All heroes %s,Tất cả anh hùng %s,Semua wira %s,All heroes %s,Semua pahlawan %s,ฮีโร่ทั้งหมด %s,Lahat ng mga bayani %s,7,1.00%,8,1.00%,,,,,,,,
707010,7071,350,1,,,,,%s,%s,%s,%s,%s,%s,%s,11,300,12,300,,,,,,,,
707011,7071,400,1,,,,,%s,%s,%s,%s,%s,%s,%s,22,300,23,300,,,,,,,,
707012,7071,450,3,,,,,All heroes %s,Tất cả anh hùng %s,Semua wira %s,All heroes %s,Semua pahlawan %s,ฮีโร่ทั้งหมด %s,Lahat ng mga bayani %s,1,1.00%,,,,,,,,,,
707013,7071,500,1,,,,,%s,%s,%s,%s,%s,%s,%s,24,500,,,,,,,,,,
708001,7081,20,1,,,,,All basic attributes %s,Tất cả các thuộc tính cơ bản %s,Semua atribut asas %s,All basic attributes %s,Semua atribut dasar %s,คุณสมบัติพื้นฐานทั้งหมด %s,Lahat ng pangunahing katangian %s,7,1%,8,1%,1,1%,9,1%,10,1%,13,1%
708002,7081,40,1,,,,,%s,%s,%s,%s,%s,%s,%s,1,3%,,,,,,,,,,
708003,7081,60,1,,,,,%s,%s,%s,%s,%s,%s,%s,14,300,15,300,,,,,,,,
708004,7081,80,2,,17,,,First attribute %s hero All basic attributes %s,Thuộc tính chính của %s tăng toàn bộ chỉ số cơ bản thêm %s,Atribut utama %s meningkatkan semua atribut asas sebanyak %s,First attribute %s hero All basic attributes %s,Atribut utama %s meningkatkan semua atribut dasar sebesar %s,ค่าสถานะหลักของ %s เพิ่มค่าสถานะพื้นฐานทั้งหมดอีก %s,Ang pangunahing katangian ng %s ay nagpapataas ng lahat ng batayang katangian ng %s,7,1%,8,1%,1,1%,9,1%,10,1%,13,1%
708005,7081,100,1,,,,,%s,%s,%s,%s,%s,%s,%s,7,3%,8,3%,,,,,,,,
708006,7081,150,3,,,,,All heroes %s,Tất cả anh hùng %s,Semua wira %s,All heroes %s,Semua pahlawan %s,ฮีโร่ทั้งหมด %s,Lahat ng mga bayani %s,9,1.00%,10,1.00%,,,,,,,,
708007,7081,200,1,,,,,%s,%s,%s,%s,%s,%s,%s,17,300,19,300,,,,,,,,
708008,7081,250,1,,,,,%s,%s,%s,%s,%s,%s,%s,9,3%,10,3%,,,,,,,,
708009,7081,300,3,,,,,All heroes %s,Tất cả anh hùng %s,Semua wira %s,All heroes %s,Semua pahlawan %s,ฮีโร่ทั้งหมด %s,Lahat ng mga bayani %s,7,1.00%,8,1.00%,,,,,,,,
708010,7081,350,1,,,,,%s,%s,%s,%s,%s,%s,%s,11,300,12,300,,,,,,,,
708011,7081,400,1,,,,,%s,%s,%s,%s,%s,%s,%s,22,300,23,300,,,,,,,,
708012,7081,450,3,,,,,All heroes %s,Tất cả anh hùng %s,Semua wira %s,All heroes %s,Semua pahlawan %s,ฮีโร่ทั้งหมด %s,Lahat ng mga bayani %s,1,1.00%,,,,,,,,,,
708013,7081,500,1,,,,,%s,%s,%s,%s,%s,%s,%s,24,500,,,,,,,,,,
709001,7091,20,1,,,,,All basic attributes %s,Tất cả các thuộc tính cơ bản %s,Semua atribut asas %s,All basic attributes %s,Semua atribut dasar %s,คุณสมบัติพื้นฐานทั้งหมด %s,Lahat ng pangunahing katangian %s,7,1%,8,1%,1,1%,9,1%,10,1%,13,1%
709002,7091,40,1,,,,,%s,%s,%s,%s,%s,%s,%s,1,3%,,,,,,,,,,
709003,7091,60,1,,,,,%s,%s,%s,%s,%s,%s,%s,14,300,15,300,,,,,,,,
709004,7091,80,2,,15,,,First attribute %s hero All basic attributes %s,Thuộc tính chính của %s tăng toàn bộ chỉ số cơ bản thêm %s,Atribut utama %s meningkatkan semua atribut asas sebanyak %s,First attribute %s hero All basic attributes %s,Atribut utama %s meningkatkan semua atribut dasar sebesar %s,ค่าสถานะหลักของ %s เพิ่มค่าสถานะพื้นฐานทั้งหมดอีก %s,Ang pangunahing katangian ng %s ay nagpapataas ng lahat ng batayang katangian ng %s,7,1%,8,1%,1,1%,9,1%,10,1%,13,1%
709005,7091,100,1,,,,,%s,%s,%s,%s,%s,%s,%s,7,3%,8,3%,,,,,,,,
709006,7091,150,3,,,,,All heroes %s,Tất cả anh hùng %s,Semua wira %s,All heroes %s,Semua pahlawan %s,ฮีโร่ทั้งหมด %s,Lahat ng mga bayani %s,9,1.00%,10,1.00%,,,,,,,,
709007,7091,200,1,,,,,%s,%s,%s,%s,%s,%s,%s,17,300,19,300,,,,,,,,
709008,7091,250,1,,,,,%s,%s,%s,%s,%s,%s,%s,9,3%,10,3%,,,,,,,,
709009,7091,300,3,,,,,All heroes %s,Tất cả anh hùng %s,Semua wira %s,All heroes %s,Semua pahlawan %s,ฮีโร่ทั้งหมด %s,Lahat ng mga bayani %s,7,1.00%,8,1.00%,,,,,,,,
709010,7091,350,1,,,,,%s,%s,%s,%s,%s,%s,%s,11,300,12,300,,,,,,,,
709011,7091,400,1,,,,,%s,%s,%s,%s,%s,%s,%s,22,300,23,300,,,,,,,,
709012,7091,450,3,,,,,All heroes %s,Tất cả anh hùng %s,Semua wira %s,All heroes %s,Semua pahlawan %s,ฮีโร่ทั้งหมด %s,Lahat ng mga bayani %s,1,1.00%,,,,,,,,,,
709013,7091,500,1,,,,,%s,%s,%s,%s,%s,%s,%s,24,500,,,,,,,,,,
710101,7101,20,1,,,,,All basic attributes %s,Tất cả các thuộc tính cơ bản %s,Semua atribut asas %s,All basic attributes %s,Semua atribut dasar %s,คุณสมบัติพื้นฐานทั้งหมด %s,Lahat ng pangunahing katangian %s,7,1%,8,1%,1,1%,9,1%,10,1%,13,1%
710102,7101,40,1,,,,,%s,%s,%s,%s,%s,%s,%s,1,3%,,,,,,,,,,
710103,7101,60,1,,,,,%s,%s,%s,%s,%s,%s,%s,14,300,15,300,,,,,,,,
710104,7101,80,2,,2,,,First attribute %s hero All basic attributes %s,Thuộc tính chính của %s tăng toàn bộ chỉ số cơ bản thêm %s,Atribut utama %s meningkatkan semua atribut asas sebanyak %s,First attribute %s hero All basic attributes %s,Atribut utama %s meningkatkan semua atribut dasar sebesar %s,ค่าสถานะหลักของ %s เพิ่มค่าสถานะพื้นฐานทั้งหมดอีก %s,Ang pangunahing katangian ng %s ay nagpapataas ng lahat ng batayang katangian ng %s,7,1%,8,1%,1,1%,9,1%,10,1%,13,1%
710105,7101,100,1,,,,,%s,%s,%s,%s,%s,%s,%s,7,3%,8,3%,,,,,,,,
710106,7101,150,3,,,,,All heroes %s,Tất cả anh hùng %s,Semua wira %s,All heroes %s,Semua pahlawan %s,ฮีโร่ทั้งหมด %s,Lahat ng mga bayani %s,7,1.00%,8,1.00%,,,,,,,,
710107,7101,200,1,,,,,%s,%s,%s,%s,%s,%s,%s,17,300,19,300,,,,,,,,
710108,7101,250,1,,,,,%s,%s,%s,%s,%s,%s,%s,9,3%,10,3%,,,,,,,,
710109,7101,300,3,,,,,All heroes %s,Tất cả anh hùng %s,Semua wira %s,All heroes %s,Semua pahlawan %s,ฮีโร่ทั้งหมด %s,Lahat ng mga bayani %s,1,1%,,,,,,,,,,
710110,7101,350,1,,,,,%s,%s,%s,%s,%s,%s,%s,11,300,12,300,,,,,,,,
710111,7101,400,1,,,,,%s,%s,%s,%s,%s,%s,%s,22,300,23,300,,,,,,,,
710112,7101,450,3,,,,,All heroes %s,Tất cả anh hùng %s,Semua wira %s,All heroes %s,Semua pahlawan %s,ฮีโร่ทั้งหมด %s,Lahat ng mga bayani %s,9,1.00%,10,1.00%,,,,,,,,
710113,7101,500,1,,,,,%s,%s,%s,%s,%s,%s,%s,24,500,,,,,,,,,,
711001,7111,20,1,,,,,All basic attributes %s,Tất cả các thuộc tính cơ bản %s,Semua atribut asas %s,All basic attributes %s,Semua atribut dasar %s,คุณสมบัติพื้นฐานทั้งหมด %s,Lahat ng pangunahing katangian %s,7,1%,8,1%,1,1%,9,1%,10,1%,13,1%
711002,7111,40,1,,,,,%s,%s,%s,%s,%s,%s,%s,1,3%,,,,,,,,,,
711003,7111,60,1,,,,,%s,%s,%s,%s,%s,%s,%s,14,300,15,300,,,,,,,,
711004,7111,80,2,,7,,,First attribute %s hero All basic attributes %s,Thuộc tính chính của %s tăng toàn bộ chỉ số cơ bản thêm %s,Atribut utama %s meningkatkan semua atribut asas sebanyak %s,First attribute %s hero All basic attributes %s,Atribut utama %s meningkatkan semua atribut dasar sebesar %s,ค่าสถานะหลักของ %s เพิ่มค่าสถานะพื้นฐานทั้งหมดอีก %s,Ang pangunahing katangian ng %s ay nagpapataas ng lahat ng batayang katangian ng %s,7,1%,8,1%,1,1%,9,1%,10,1%,13,1%
711005,7111,100,1,,,,,%s,%s,%s,%s,%s,%s,%s,7,3%,8,3%,,,,,,,,
711006,7111,150,3,,,,,All heroes %s,Tất cả anh hùng %s,Semua wira %s,All heroes %s,Semua pahlawan %s,ฮีโร่ทั้งหมด %s,Lahat ng mga bayani %s,9,1.00%,10,1.00%,,,,,,,,
711007,7111,200,1,,,,,%s,%s,%s,%s,%s,%s,%s,17,300,19,300,,,,,,,,
711008,7111,250,1,,,,,%s,%s,%s,%s,%s,%s,%s,9,3%,10,3%,,,,,,,,
711009,7111,300,3,,,,,All heroes %s,Tất cả anh hùng %s,Semua wira %s,All heroes %s,Semua pahlawan %s,ฮีโร่ทั้งหมด %s,Lahat ng mga bayani %s,7,1.00%,8,1.00%,,,,,,,,
711010,7111,350,1,,,,,%s,%s,%s,%s,%s,%s,%s,11,300,12,300,,,,,,,,
711011,7111,400,1,,,,,%s,%s,%s,%s,%s,%s,%s,22,300,23,300,,,,,,,,
711012,7111,450,3,,,,,All heroes %s,Tất cả anh hùng %s,Semua wira %s,All heroes %s,Semua pahlawan %s,ฮีโร่ทั้งหมด %s,Lahat ng mga bayani %s,1,1.00%,,,,,,,,,,
711013,7111,500,1,,,,,%s,%s,%s,%s,%s,%s,%s,24,500,,,,,,,,,,
900001,9001,20,1,,,,,All basic attributes %s,Tất cả các thuộc tính cơ bản %s,Semua atribut asas %s,All basic attributes %s,Semua atribut dasar %s,คุณสมบัติพื้นฐานทั้งหมด %s,Lahat ng pangunahing katangian %s,7,1%,8,1%,1,1%,9,1%,10,1%,13,1%
901001,9002,20,1,,,,,All basic attributes %s,Tất cả các thuộc tính cơ bản %s,Semua atribut asas %s,All basic attributes %s,Semua atribut dasar %s,คุณสมบัติพื้นฐานทั้งหมด %s,Lahat ng pangunahing katangian %s,7,1%,8,1%,1,1%,9,1%,10,1%,13,1%
902001,9003,20,1,,,,,All basic attributes %s,Tất cả các thuộc tính cơ bản %s,Semua atribut asas %s,All basic attributes %s,Semua atribut dasar %s,คุณสมบัติพื้นฐานทั้งหมด %s,Lahat ng pangunahing katangian %s,7,1%,8,1%,1,1%,9,1%,10,1%,13,1%
4024001,4024,20,1,,,,,All basic attributes %s,Tất cả các thuộc tính cơ bản %s,Semua atribut asas %s,All basic attributes %s,Semua atribut dasar %s,คุณสมบัติพื้นฐานทั้งหมด %s,Lahat ng pangunahing katangian %s,7,1%,8,1%,1,1%,9,1%,10,1%,13,1%
4024002,4024,40,1,,,,,%s,%s,%s,%s,%s,%s,%s,1,3%,,,,,,,,,,
4024003,4024,60,1,,,,,%s,%s,%s,%s,%s,%s,%s,14,300,15,300,,,,,,,,
4024004,4024,80,1,,,,,All basic attributes %s,Tất cả các thuộc tính cơ bản %s,Semua atribut asas %s,All basic attributes %s,Semua atribut dasar %s,คุณสมบัติพื้นฐานทั้งหมด %s,Lahat ng pangunahing katangian %s,7,0.60%,8,0.60%,1,0.60%,9,0.60%,10,0.60%,13,0.60%
4024005,4024,100,1,,,,,%s,%s,%s,%s,%s,%s,%s,7,3%,8,3%,,,,,,,,
4024006,4024,150,3,,,,,All heroes %s,Tất cả anh hùng %s,Semua wira %s,All heroes %s,Semua pahlawan %s,ฮีโร่ทั้งหมด %s,Lahat ng mga bayani %s,1,0.60%,,,,,,,,,,
4024007,4024,200,1,,,,,%s,%s,%s,%s,%s,%s,%s,17,300,19,300,,,,,,,,
4024008,4024,250,1,,,,,%s,%s,%s,%s,%s,%s,%s,9,3%,10,3%,,,,,,,,
4024009,4024,300,3,,,,,All heroes %s,Tất cả anh hùng %s,Semua wira %s,All heroes %s,Semua pahlawan %s,ฮีโร่ทั้งหมด %s,Lahat ng mga bayani %s,9,0.60%,10,0.60%,,,,,,,,
4024010,4024,350,1,,,,,%s,%s,%s,%s,%s,%s,%s,11,300,12,300,,,,,,,,
4024011,4024,400,1,,,,,%s,%s,%s,%s,%s,%s,%s,22,300,23,300,,,,,,,,
4024012,4024,450,3,,,,,All heroes %s,Tất cả anh hùng %s,Semua wira %s,All heroes %s,Semua pahlawan %s,ฮีโร่ทั้งหมด %s,Lahat ng mga bayani %s,7,0.60%,8,0.60%,,,,,,,,
4024013,4024,500,1,,,,,%s,%s,%s,%s,%s,%s,%s,24,500,,,,,,,,,,
7051014,8005,20,1,,,,,All basic attributes %s,Tất cả các thuộc tính cơ bản %s,Semua atribut asas %s,All basic attributes %s,Semua atribut dasar %s,คุณสมบัติพื้นฐานทั้งหมด %s,Lahat ng pangunahing katangian %s,7,1%,8,1%,1,1%,9,1%,10,1%,13,1%
7051015,8005,40,1,,,,,%s,%s,%s,%s,%s,%s,%s,1,3%,,,,,,,,,,
7051016,8005,60,1,,,,,%s,%s,%s,%s,%s,%s,%s,14,300,15,300,,,,,,,,
7051017,8005,80,1,,,,,All basic attributes %s,Tất cả các thuộc tính cơ bản %s,Semua atribut asas %s,All basic attributes %s,Semua atribut dasar %s,คุณสมบัติพื้นฐานทั้งหมด %s,Lahat ng pangunahing katangian %s,7,0.60%,8,0.60%,1,0.60%,9,0.60%,10,0.60%,13,0.60%
7051018,8005,100,1,,,,,%s,%s,%s,%s,%s,%s,%s,7,3%,8,3%,,,,,,,,
7051019,8005,150,3,,,,,All heroes %s,Tất cả anh hùng %s,Semua wira %s,All heroes %s,Semua pahlawan %s,ฮีโร่ทั้งหมด %s,Lahat ng mga bayani %s,1,0.60%,,,,,,,,,,
7051020,8005,200,1,,,,,%s,%s,%s,%s,%s,%s,%s,17,300,19,300,,,,,,,,
7051021,8005,250,1,,,,,%s,%s,%s,%s,%s,%s,%s,9,3%,10,3%,,,,,,,,
7051022,8005,300,3,,,,,All heroes %s,Tất cả anh hùng %s,Semua wira %s,All heroes %s,Semua pahlawan %s,ฮีโร่ทั้งหมด %s,Lahat ng mga bayani %s,9,0.60%,10,0.60%,,,,,,,,
7051023,8005,350,1,,,,,%s,%s,%s,%s,%s,%s,%s,11,300,12,300,,,,,,,,
7051024,8005,400,1,,,,,%s,%s,%s,%s,%s,%s,%s,22,300,23,300,,,,,,,,
7051025,8005,450,3,,,,,All heroes %s,Tất cả anh hùng %s,Semua wira %s,All heroes %s,Semua pahlawan %s,ฮีโร่ทั้งหมด %s,Lahat ng mga bayani %s,7,0.60%,8,0.60%,,,,,,,,
7051026,8005,500,1,,,,,%s,%s,%s,%s,%s,%s,%s,24,500,,,,,,,,,,
7051027,8006,20,1,,,,,All basic attributes %s,Tất cả các thuộc tính cơ bản %s,Semua atribut asas %s,All basic attributes %s,Semua atribut dasar %s,คุณสมบัติพื้นฐานทั้งหมด %s,Lahat ng pangunahing katangian %s,7,1%,8,1%,1,1%,9,1%,10,1%,13,1%
7051028,8006,40,1,,,,,%s,%s,%s,%s,%s,%s,%s,1,3%,,,,,,,,,,
7051029,8006,60,1,,,,,%s,%s,%s,%s,%s,%s,%s,14,300,15,300,,,,,,,,
7051030,8006,80,1,,,,,All basic attributes %s,Tất cả các thuộc tính cơ bản %s,Semua atribut asas %s,All basic attributes %s,Semua atribut dasar %s,คุณสมบัติพื้นฐานทั้งหมด %s,Lahat ng pangunahing katangian %s,7,0.60%,8,0.60%,1,0.60%,9,0.60%,10,0.60%,13,0.60%
7051031,8006,100,1,,,,,%s,%s,%s,%s,%s,%s,%s,7,3%,8,3%,,,,,,,,
7051032,8006,150,3,,,,,All heroes %s,Tất cả anh hùng %s,Semua wira %s,All heroes %s,Semua pahlawan %s,ฮีโร่ทั้งหมด %s,Lahat ng mga bayani %s,1,0.60%,,,,,,,,,,
7051033,8006,200,1,,,,,%s,%s,%s,%s,%s,%s,%s,17,300,19,300,,,,,,,,
7051034,8006,250,1,,,,,%s,%s,%s,%s,%s,%s,%s,9,3%,10,3%,,,,,,,,
7051035,8006,300,3,,,,,All heroes %s,Tất cả anh hùng %s,Semua wira %s,All heroes %s,Semua pahlawan %s,ฮีโร่ทั้งหมด %s,Lahat ng mga bayani %s,9,0.60%,10,0.60%,,,,,,,,
7051036,8006,350,1,,,,,%s,%s,%s,%s,%s,%s,%s,11,300,12,300,,,,,,,,
7051037,8006,400,1,,,,,%s,%s,%s,%s,%s,%s,%s,22,300,23,300,,,,,,,,
7051038,8006,450,3,,,,,All heroes %s,Tất cả anh hùng %s,Semua wira %s,All heroes %s,Semua pahlawan %s,ฮีโร่ทั้งหมด %s,Lahat ng mga bayani %s,7,0.60%,8,0.60%,,,,,,,,
7051039,8006,500,1,,,,,%s,%s,%s,%s,%s,%s,%s,24,500,,,,,,,,,,
8003001,8003,20,1,,,,,All basic attributes %s,Tất cả các thuộc tính cơ bản %s,Semua atribut asas %s,All basic attributes %s,Semua atribut dasar %s,คุณสมบัติพื้นฐานทั้งหมด %s,Lahat ng pangunahing katangian %s,7,1%,8,1%,1,1%,9,1%,10,1%,13,1%
8003002,8003,40,1,,,,,%s,%s,%s,%s,%s,%s,%s,1,3%,,,,,,,,,,
8003003,8003,60,1,,,,,%s,%s,%s,%s,%s,%s,%s,14,300,15,300,,,,,,,,
8003004,8003,80,1,,,,,All basic attributes %s,Tất cả các thuộc tính cơ bản %s,Semua atribut asas %s,All basic attributes %s,Semua atribut dasar %s,คุณสมบัติพื้นฐานทั้งหมด %s,Lahat ng pangunahing katangian %s,7,0.60%,8,0.60%,1,0.60%,9,0.60%,10,0.60%,13,0.60%
8003005,8003,100,1,,,,,%s,%s,%s,%s,%s,%s,%s,7,3%,8,3%,,,,,,,,
8003006,8003,150,3,,,,,All heroes %s,Tất cả anh hùng %s,Semua wira %s,All heroes %s,Semua pahlawan %s,ฮีโร่ทั้งหมด %s,Lahat ng mga bayani %s,1,0.60%,,,,,,,,,,
8003007,8003,200,1,,,,,%s,%s,%s,%s,%s,%s,%s,17,300,19,300,,,,,,,,
8003008,8003,250,1,,,,,%s,%s,%s,%s,%s,%s,%s,9,3%,10,3%,,,,,,,,
8003009,8003,300,3,,,,,All heroes %s,Tất cả anh hùng %s,Semua wira %s,All heroes %s,Semua pahlawan %s,ฮีโร่ทั้งหมด %s,Lahat ng mga bayani %s,9,0.60%,10,0.60%,,,,,,,,
8003010,8003,350,1,,,,,%s,%s,%s,%s,%s,%s,%s,11,300,12,300,,,,,,,,
8003011,8003,400,1,,,,,%s,%s,%s,%s,%s,%s,%s,22,300,23,300,,,,,,,,
8003012,8003,450,3,,,,,All heroes %s,Tất cả anh hùng %s,Semua wira %s,All heroes %s,Semua pahlawan %s,ฮีโร่ทั้งหมด %s,Lahat ng mga bayani %s,7,0.60%,8,0.60%,,,,,,,,
8003013,8003,500,1,,,,,%s,%s,%s,%s,%s,%s,%s,24,500,,,,,,,,,,
8004001,8004,20,1,,,,,All basic attributes %s,Tất cả các thuộc tính cơ bản %s,Semua atribut asas %s,All basic attributes %s,Semua atribut dasar %s,คุณสมบัติพื้นฐานทั้งหมด %s,Lahat ng pangunahing katangian %s,7,1%,8,1%,1,1%,9,1%,10,1%,13,1%
8004002,8004,40,1,,,,,%s,%s,%s,%s,%s,%s,%s,1,3%,,,,,,,,,,
8004003,8004,60,1,,,,,%s,%s,%s,%s,%s,%s,%s,14,300,15,300,,,,,,,,
8004004,8004,80,1,,,,,All basic attributes %s,Tất cả các thuộc tính cơ bản %s,Semua atribut asas %s,All basic attributes %s,Semua atribut dasar %s,คุณสมบัติพื้นฐานทั้งหมด %s,Lahat ng pangunahing katangian %s,7,0.60%,8,0.60%,1,0.60%,9,0.60%,10,0.60%,13,0.60%
8004005,8004,100,1,,,,,%s,%s,%s,%s,%s,%s,%s,7,3%,8,3%,,,,,,,,
8004006,8004,150,3,,,,,All heroes %s,Tất cả anh hùng %s,Semua wira %s,All heroes %s,Semua pahlawan %s,ฮีโร่ทั้งหมด %s,Lahat ng mga bayani %s,9,0.60%,10,0.60%,,,,,,,,
8004007,8004,200,1,,,,,%s,%s,%s,%s,%s,%s,%s,17,300,19,300,,,,,,,,
8004008,8004,250,1,,,,,%s,%s,%s,%s,%s,%s,%s,9,3%,10,3%,,,,,,,,
8004009,8004,300,3,,,,,All heroes %s,Tất cả anh hùng %s,Semua wira %s,All heroes %s,Semua pahlawan %s,ฮีโร่ทั้งหมด %s,Lahat ng mga bayani %s,7,0.60%,8,0.60%,,,,,,,,
8004010,8004,350,1,,,,,%s,%s,%s,%s,%s,%s,%s,11,300,12,300,,,,,,,,
8004011,8004,400,1,,,,,%s,%s,%s,%s,%s,%s,%s,22,300,23,300,,,,,,,,
8004012,8004,450,3,,,,,All heroes %s,Tất cả anh hùng %s,Semua wira %s,All heroes %s,Semua pahlawan %s,ฮีโร่ทั้งหมด %s,Lahat ng mga bayani %s,7,0.60%,8,0.60%,,,,,,,,
8004013,8004,500,1,,,,,%s,%s,%s,%s,%s,%s,%s,24,500,,,,,,,,,,
8004014,8007,20,1,,,,,All basic attributes %s,Tất cả các thuộc tính cơ bản %s,Semua atribut asas %s,All basic attributes %s,Semua atribut dasar %s,คุณสมบัติพื้นฐานทั้งหมด %s,Lahat ng pangunahing katangian %s,7,1%,8,1%,1,1%,9,1%,10,1%,13,1%
8004015,8007,40,1,,,,,%s,%s,%s,%s,%s,%s,%s,1,3%,,,,,,,,,,
8004016,8007,60,1,,,,,%s,%s,%s,%s,%s,%s,%s,14,300,15,300,,,,,,,,
8004017,8007,80,1,,,,,All basic attributes %s,Tất cả các thuộc tính cơ bản %s,Semua atribut asas %s,All basic attributes %s,Semua atribut dasar %s,คุณสมบัติพื้นฐานทั้งหมด %s,Lahat ng pangunahing katangian %s,7,0.60%,8,0.60%,1,0.60%,9,0.60%,10,0.60%,13,0.60%
8004018,8007,100,1,,,,,%s,%s,%s,%s,%s,%s,%s,7,3%,8,3%,,,,,,,,
8004019,8007,150,3,,,,,All heroes %s,Tất cả anh hùng %s,Semua wira %s,All heroes %s,Semua pahlawan %s,ฮีโร่ทั้งหมด %s,Lahat ng mga bayani %s,1,0.60%,,,,,,,,,,
8004020,8007,200,1,,,,,%s,%s,%s,%s,%s,%s,%s,17,300,19,300,,,,,,,,
8004021,8007,250,1,,,,,%s,%s,%s,%s,%s,%s,%s,9,3%,10,3%,,,,,,,,
8004022,8007,300,3,,,,,All heroes %s,Tất cả anh hùng %s,Semua wira %s,All heroes %s,Semua pahlawan %s,ฮีโร่ทั้งหมด %s,Lahat ng mga bayani %s,9,0.60%,10,0.60%,,,,,,,,
8004023,8007,350,1,,,,,%s,%s,%s,%s,%s,%s,%s,11,300,12,300,,,,,,,,
8004024,8007,400,1,,,,,%s,%s,%s,%s,%s,%s,%s,22,300,23,300,,,,,,,,
8004025,8007,450,3,,,,,All heroes %s,Tất cả anh hùng %s,Semua wira %s,All heroes %s,Semua pahlawan %s,ฮีโร่ทั้งหมด %s,Lahat ng mga bayani %s,7,0.60%,8,0.60%,,,,,,,,
8004026,8007,500,1,,,,,%s,%s,%s,%s,%s,%s,%s,24,500,,,,,,,,,,
8004027,8008,20,1,,,,,All basic attributes %s,Tất cả các thuộc tính cơ bản %s,Semua atribut asas %s,All basic attributes %s,Semua atribut dasar %s,คุณสมบัติพื้นฐานทั้งหมด %s,Lahat ng pangunahing katangian %s,7,1%,8,1%,1,1%,9,1%,10,1%,13,1%
8004028,8008,40,1,,,,,%s,%s,%s,%s,%s,%s,%s,1,3%,,,,,,,,,,
8004029,8008,60,1,,,,,%s,%s,%s,%s,%s,%s,%s,14,300,15,300,,,,,,,,
8004030,8008,80,1,,,,,All basic attributes %s,Tất cả các thuộc tính cơ bản %s,Semua atribut asas %s,All basic attributes %s,Semua atribut dasar %s,คุณสมบัติพื้นฐานทั้งหมด %s,Lahat ng pangunahing katangian %s,7,0.60%,8,0.60%,1,0.60%,9,0.60%,10,0.60%,13,0.60%
8004031,8008,100,1,,,,,%s,%s,%s,%s,%s,%s,%s,7,3%,8,3%,,,,,,,,
8004032,8008,150,3,,,,,All heroes %s,Tất cả anh hùng %s,Semua wira %s,All heroes %s,Semua pahlawan %s,ฮีโร่ทั้งหมด %s,Lahat ng mga bayani %s,1,0.60%,,,,,,,,,,
8004033,8008,200,1,,,,,%s,%s,%s,%s,%s,%s,%s,17,300,19,300,,,,,,,,
8004034,8008,250,1,,,,,%s,%s,%s,%s,%s,%s,%s,9,3%,10,3%,,,,,,,,
8004035,8008,300,3,,,,,All heroes %s,Tất cả anh hùng %s,Semua wira %s,All heroes %s,Semua pahlawan %s,ฮีโร่ทั้งหมด %s,Lahat ng mga bayani %s,9,0.60%,10,0.60%,,,,,,,,
8004036,8008,350,1,,,,,%s,%s,%s,%s,%s,%s,%s,11,300,12,300,,,,,,,,
8004037,8008,400,1,,,,,%s,%s,%s,%s,%s,%s,%s,22,300,23,300,,,,,,,,
8004038,8008,450,3,,,,,All heroes %s,Tất cả anh hùng %s,Semua wira %s,All heroes %s,Semua pahlawan %s,ฮีโร่ทั้งหมด %s,Lahat ng mga bayani %s,7,0.60%,8,0.60%,,,,,,,,
8004039,8008,500,1,,,,,%s,%s,%s,%s,%s,%s,%s,24,500,,,,,,,,,,
8004040,8002,20,1,,,,,All basic attributes %s,Tất cả các thuộc tính cơ bản %s,Semua atribut asas %s,All basic attributes %s,Semua atribut dasar %s,คุณสมบัติพื้นฐานทั้งหมด %s,Lahat ng pangunahing katangian %s,7,1%,8,1%,1,1%,9,1%,10,1%,13,1%
8004041,8002,40,1,,,,,%s,%s,%s,%s,%s,%s,%s,1,3%,,,,,,,,,,
8004042,8002,60,1,,,,,%s,%s,%s,%s,%s,%s,%s,14,300,15,300,,,,,,,,
8004043,8002,80,1,,,,,All basic attributes %s,Tất cả các thuộc tính cơ bản %s,Semua atribut asas %s,All basic attributes %s,Semua atribut dasar %s,คุณสมบัติพื้นฐานทั้งหมด %s,Lahat ng pangunahing katangian %s,7,0.60%,8,0.60%,1,0.60%,9,0.60%,10,0.60%,13,0.60%
8004044,8002,100,1,,,,,%s,%s,%s,%s,%s,%s,%s,7,3%,8,3%,,,,,,,,
8004045,8002,150,3,,,,,All heroes %s,Tất cả anh hùng %s,Semua wira %s,All heroes %s,Semua pahlawan %s,ฮีโร่ทั้งหมด %s,Lahat ng mga bayani %s,1,0.60%,,,,,,,,,,
8004046,8002,200,1,,,,,%s,%s,%s,%s,%s,%s,%s,17,300,19,300,,,,,,,,
8004047,8002,250,1,,,,,%s,%s,%s,%s,%s,%s,%s,9,3%,10,3%,,,,,,,,
8004048,8002,300,3,,,,,All heroes %s,Tất cả anh hùng %s,Semua wira %s,All heroes %s,Semua pahlawan %s,ฮีโร่ทั้งหมด %s,Lahat ng mga bayani %s,9,0.60%,10,0.60%,,,,,,,,
8004049,8002,350,1,,,,,%s,%s,%s,%s,%s,%s,%s,11,300,12,300,,,,,,,,
8004050,8002,400,1,,,,,%s,%s,%s,%s,%s,%s,%s,22,300,23,300,,,,,,,,
8004051,8002,450,3,,,,,All heroes %s,Tất cả anh hùng %s,Semua wira %s,All heroes %s,Semua pahlawan %s,ฮีโร่ทั้งหมด %s,Lahat ng mga bayani %s,7,0.60%,8,0.60%,,,,,,,,
8004052,8002,500,1,,,,,%s,%s,%s,%s,%s,%s,%s,24,500,,,,,,,,,,
8004053,8001,20,1,,,,,All basic attributes %s,Tất cả các thuộc tính cơ bản %s,Semua atribut asas %s,All basic attributes %s,Semua atribut dasar %s,คุณสมบัติพื้นฐานทั้งหมด %s,Lahat ng pangunahing katangian %s,7,1%,8,1%,1,1%,9,1%,10,1%,13,1%
8004054,8001,40,1,,,,,%s,%s,%s,%s,%s,%s,%s,1,3%,,,,,,,,,,
8004055,8001,60,1,,,,,%s,%s,%s,%s,%s,%s,%s,14,300,15,300,,,,,,,,
8004056,8001,80,1,,,,,All basic attributes %s,Tất cả các thuộc tính cơ bản %s,Semua atribut asas %s,All basic attributes %s,Semua atribut dasar %s,คุณสมบัติพื้นฐานทั้งหมด %s,Lahat ng pangunahing katangian %s,7,0.60%,8,0.60%,1,0.60%,9,0.60%,10,0.60%,13,0.60%
8004057,8001,100,1,,,,,%s,%s,%s,%s,%s,%s,%s,7,3%,8,3%,,,,,,,,
8004058,8001,150,3,,,,,All heroes %s,Tất cả anh hùng %s,Semua wira %s,All heroes %s,Semua pahlawan %s,ฮีโร่ทั้งหมด %s,Lahat ng mga bayani %s,1,0.60%,,,,,,,,,,
8004059,8001,200,1,,,,,%s,%s,%s,%s,%s,%s,%s,17,300,19,300,,,,,,,,
8004060,8001,250,1,,,,,%s,%s,%s,%s,%s,%s,%s,9,3%,10,3%,,,,,,,,
8004061,8001,300,3,,,,,All heroes %s,Tất cả anh hùng %s,Semua wira %s,All heroes %s,Semua pahlawan %s,ฮีโร่ทั้งหมด %s,Lahat ng mga bayani %s,9,0.60%,10,0.60%,,,,,,,,
8004062,8001,350,1,,,,,%s,%s,%s,%s,%s,%s,%s,11,300,12,300,,,,,,,,
8004063,8001,400,1,,,,,%s,%s,%s,%s,%s,%s,%s,22,300,23,300,,,,,,,,
8004064,8001,450,3,,,,,All heroes %s,Tất cả anh hùng %s,Semua wira %s,All heroes %s,Semua pahlawan %s,ฮีโร่ทั้งหมด %s,Lahat ng mga bayani %s,7,0.60%,8,0.60%,,,,,,,,
8004065,8001,500,1,,,,,%s,%s,%s,%s,%s,%s,%s,24,500,,,,,,,,,,
8004066,8009,20,1,,,,,All basic attributes %s,Tất cả các thuộc tính cơ bản %s,Semua atribut asas %s,All basic attributes %s,Semua atribut dasar %s,คุณสมบัติพื้นฐานทั้งหมด %s,Lahat ng pangunahing katangian %s,7,1%,8,1%,1,1%,9,1%,10,1%,13,1%
8004067,8009,40,1,,,,,%s,%s,%s,%s,%s,%s,%s,1,3%,,,,,,,,,,
8004068,8009,60,1,,,,,%s,%s,%s,%s,%s,%s,%s,14,300,15,300,,,,,,,,
8004069,8009,80,1,,,,,All basic attributes %s,Tất cả các thuộc tính cơ bản %s,Semua atribut asas %s,All basic attributes %s,Semua atribut dasar %s,คุณสมบัติพื้นฐานทั้งหมด %s,Lahat ng pangunahing katangian %s,7,0.60%,8,0.60%,1,0.60%,9,0.60%,10,0.60%,13,0.60%
8004070,8009,100,1,,,,,%s,%s,%s,%s,%s,%s,%s,7,3%,8,3%,,,,,,,,
8004071,8009,150,3,,,,,All heroes %s,Tất cả anh hùng %s,Semua wira %s,All heroes %s,Semua pahlawan %s,ฮีโร่ทั้งหมด %s,Lahat ng mga bayani %s,1,0.60%,,,,,,,,,,
8004072,8009,200,1,,,,,%s,%s,%s,%s,%s,%s,%s,17,300,19,300,,,,,,,,
8004073,8009,250,1,,,,,%s,%s,%s,%s,%s,%s,%s,9,3%,10,3%,,,,,,,,
8004074,8009,300,3,,,,,All heroes %s,Tất cả anh hùng %s,Semua wira %s,All heroes %s,Semua pahlawan %s,ฮีโร่ทั้งหมด %s,Lahat ng mga bayani %s,9,0.60%,10,0.60%,,,,,,,,
8004075,8009,350,1,,,,,%s,%s,%s,%s,%s,%s,%s,11,300,12,300,,,,,,,,
8004076,8009,400,1,,,,,%s,%s,%s,%s,%s,%s,%s,22,300,23,300,,,,,,,,
8004077,8009,450,3,,,,,All heroes %s,Tất cả anh hùng %s,Semua wira %s,All heroes %s,Semua pahlawan %s,ฮีโร่ทั้งหมด %s,Lahat ng mga bayani %s,7,0.60%,8,0.60%,,,,,,,,
8004078,8009,500,1,,,,,%s,%s,%s,%s,%s,%s,%s,24,500,,,,,,,,,,
8004079,8010,20,1,,,,,All basic attributes %s,Tất cả các thuộc tính cơ bản %s,Semua atribut asas %s,All basic attributes %s,Semua atribut dasar %s,คุณสมบัติพื้นฐานทั้งหมด %s,Lahat ng pangunahing katangian %s,7,1%,8,1%,1,1%,9,1%,10,1%,13,1%
8004080,8010,40,1,,,,,%s,%s,%s,%s,%s,%s,%s,1,3%,,,,,,,,,,
8004081,8010,60,1,,,,,%s,%s,%s,%s,%s,%s,%s,14,300,15,300,,,,,,,,
8004082,8010,80,1,,,,,All basic attributes %s,Tất cả các thuộc tính cơ bản %s,Semua atribut asas %s,All basic attributes %s,Semua atribut dasar %s,คุณสมบัติพื้นฐานทั้งหมด %s,Lahat ng pangunahing katangian %s,7,0.60%,8,0.60%,1,0.60%,9,0.60%,10,0.60%,13,0.60%
8004083,8010,100,1,,,,,%s,%s,%s,%s,%s,%s,%s,7,3%,8,3%,,,,,,,,
8004084,8010,150,3,,,,,All heroes %s,Tất cả anh hùng %s,Semua wira %s,All heroes %s,Semua pahlawan %s,ฮีโร่ทั้งหมด %s,Lahat ng mga bayani %s,1,0.60%,,,,,,,,,,
8004085,8010,200,1,,,,,%s,%s,%s,%s,%s,%s,%s,17,300,19,300,,,,,,,,
8004086,8010,250,1,,,,,%s,%s,%s,%s,%s,%s,%s,9,3%,10,3%,,,,,,,,
8004087,8010,300,3,,,,,All heroes %s,Tất cả anh hùng %s,Semua wira %s,All heroes %s,Semua pahlawan %s,ฮีโร่ทั้งหมด %s,Lahat ng mga bayani %s,9,0.60%,10,0.60%,,,,,,,,
8004088,8010,350,1,,,,,%s,%s,%s,%s,%s,%s,%s,11,300,12,300,,,,,,,,
8004089,8010,400,1,,,,,%s,%s,%s,%s,%s,%s,%s,22,300,23,300,,,,,,,,
8004090,8010,450,3,,,,,All heroes %s,Tất cả anh hùng %s,Semua wira %s,All heroes %s,Semua pahlawan %s,ฮีโร่ทั้งหมด %s,Lahat ng mga bayani %s,7,0.60%,8,0.60%,,,,,,,,
8004091,8010,500,1,,,,,%s,%s,%s,%s,%s,%s,%s,24,500,,,,,,,,,,
8004092,8101,20,1,,,,,All basic attributes %s,Tất cả các thuộc tính cơ bản %s,Semua atribut asas %s,All basic attributes %s,Semua atribut dasar %s,คุณสมบัติพื้นฐานทั้งหมด %s,Lahat ng pangunahing katangian %s,7,1%,8,1%,1,1%,9,1%,10,1%,13,1%
8004093,8101,40,1,,,,,%s,%s,%s,%s,%s,%s,%s,1,3%,,,,,,,,,,
8004094,8101,60,1,,,,,%s,%s,%s,%s,%s,%s,%s,14,300,15,300,,,,,,,,
8004095,8101,80,1,,,,,All basic attributes %s,Tất cả các thuộc tính cơ bản %s,Semua atribut asas %s,All basic attributes %s,Semua atribut dasar %s,คุณสมบัติพื้นฐานทั้งหมด %s,Lahat ng pangunahing katangian %s,7,0.60%,8,0.60%,1,0.60%,9,0.60%,10,0.60%,13,0.60%
8004096,8101,100,1,,,,,%s,%s,%s,%s,%s,%s,%s,7,3%,8,3%,,,,,,,,
8004097,8101,150,3,,,,,All heroes %s,Tất cả anh hùng %s,Semua wira %s,All heroes %s,Semua pahlawan %s,ฮีโร่ทั้งหมด %s,Lahat ng mga bayani %s,1,0.60%,,,,,,,,,,
8004098,8101,200,1,,,,,%s,%s,%s,%s,%s,%s,%s,17,300,19,300,,,,,,,,
8004099,8101,250,1,,,,,%s,%s,%s,%s,%s,%s,%s,9,3%,10,3%,,,,,,,,
8004100,8101,300,3,,,,,All heroes %s,Tất cả anh hùng %s,Semua wira %s,All heroes %s,Semua pahlawan %s,ฮีโร่ทั้งหมด %s,Lahat ng mga bayani %s,9,0.60%,10,0.60%,,,,,,,,
8004101,8101,350,1,,,,,%s,%s,%s,%s,%s,%s,%s,11,300,12,300,,,,,,,,
8004102,8101,400,1,,,,,%s,%s,%s,%s,%s,%s,%s,22,300,23,300,,,,,,,,
8004103,8101,450,3,,,,,All heroes %s,Tất cả anh hùng %s,Semua wira %s,All heroes %s,Semua pahlawan %s,ฮีโร่ทั้งหมด %s,Lahat ng mga bayani %s,7,0.60%,8,0.60%,,,,,,,,
8004104,8101,500,1,,,,,%s,%s,%s,%s,%s,%s,%s,24,500,,,,,,,,,,
8004105,4166,20,1,,,,,All basic attributes %s,Tất cả các thuộc tính cơ bản %s,Semua atribut asas %s,All basic attributes %s,Semua atribut dasar %s,คุณสมบัติพื้นฐานทั้งหมด %s,Lahat ng pangunahing katangian %s,7,1%,8,1%,1,1%,9,1%,10,1%,13,1%
8004106,4166,40,1,,,,,%s,%s,%s,%s,%s,%s,%s,1,3%,,,,,,,,,,
8004107,4166,60,1,,,,,%s,%s,%s,%s,%s,%s,%s,14,300,15,300,,,,,,,,
8004108,4166,80,1,,,,,All basic attributes %s,Tất cả các thuộc tính cơ bản %s,Semua atribut asas %s,All basic attributes %s,Semua atribut dasar %s,คุณสมบัติพื้นฐานทั้งหมด %s,Lahat ng pangunahing katangian %s,7,0.60%,8,0.60%,1,0.60%,9,0.60%,10,0.60%,13,0.60%
8004109,4166,100,1,,,,,%s,%s,%s,%s,%s,%s,%s,7,3%,8,3%,,,,,,,,
8004110,4166,150,3,,,,,All heroes %s,Tất cả anh hùng %s,Semua wira %s,All heroes %s,Semua pahlawan %s,ฮีโร่ทั้งหมด %s,Lahat ng mga bayani %s,1,0.60%,,,,,,,,,,
8004111,4166,200,1,,,,,%s,%s,%s,%s,%s,%s,%s,17,300,19,300,,,,,,,,
8004112,4166,250,1,,,,,%s,%s,%s,%s,%s,%s,%s,9,3%,10,3%,,,,,,,,
8004113,4166,300,3,,,,,All heroes %s,Tất cả anh hùng %s,Semua wira %s,All heroes %s,Semua pahlawan %s,ฮีโร่ทั้งหมด %s,Lahat ng mga bayani %s,9,0.60%,10,0.60%,,,,,,,,
8004114,4166,350,1,,,,,%s,%s,%s,%s,%s,%s,%s,11,300,12,300,,,,,,,,
8004115,4166,400,1,,,,,%s,%s,%s,%s,%s,%s,%s,22,300,23,300,,,,,,,,
8004116,4166,450,3,,,,,All heroes %s,Tất cả anh hùng %s,Semua wira %s,All heroes %s,Semua pahlawan %s,ฮีโร่ทั้งหมด %s,Lahat ng mga bayani %s,7,0.60%,8,0.60%,,,,,,,,
8004117,4166,500,1,,,,,%s,%s,%s,%s,%s,%s,%s,24,500,,,,,,,,,,
8004118,8901,20,1,,,,,All basic attributes %s,Tất cả các thuộc tính cơ bản %s,Semua atribut asas %s,All basic attributes %s,Semua atribut dasar %s,คุณสมบัติพื้นฐานทั้งหมด %s,Lahat ng pangunahing katangian %s,7,1%,8,1%,1,1%,9,1%,10,1%,13,1%
8004119,8901,40,1,,,,,%s,%s,%s,%s,%s,%s,%s,1,3%,,,,,,,,,,
8004120,8901,60,1,,,,,%s,%s,%s,%s,%s,%s,%s,14,300,15,300,,,,,,,,
8004121,8901,80,1,,,,,All basic attributes %s,Tất cả các thuộc tính cơ bản %s,Semua atribut asas %s,All basic attributes %s,Semua atribut dasar %s,คุณสมบัติพื้นฐานทั้งหมด %s,Lahat ng pangunahing katangian %s,7,0.60%,8,0.60%,1,0.60%,9,0.60%,10,0.60%,13,0.60%
8004122,8901,100,1,,,,,%s,%s,%s,%s,%s,%s,%s,7,3%,8,3%,,,,,,,,
8004123,8901,150,3,,,,,All heroes %s,Tất cả anh hùng %s,Semua wira %s,All heroes %s,Semua pahlawan %s,ฮีโร่ทั้งหมด %s,Lahat ng mga bayani %s,1,0.60%,,,,,,,,,,
8004124,8901,200,1,,,,,%s,%s,%s,%s,%s,%s,%s,17,300,19,300,,,,,,,,
8004125,8901,250,1,,,,,%s,%s,%s,%s,%s,%s,%s,9,3%,10,3%,,,,,,,,
8004126,8901,300,3,,,,,All heroes %s,Tất cả anh hùng %s,Semua wira %s,All heroes %s,Semua pahlawan %s,ฮีโร่ทั้งหมด %s,Lahat ng mga bayani %s,9,0.60%,10,0.60%,,,,,,,,
8004127,8901,350,1,,,,,%s,%s,%s,%s,%s,%s,%s,11,300,12,300,,,,,,,,
8004128,8901,400,1,,,,,%s,%s,%s,%s,%s,%s,%s,22,300,23,300,,,,,,,,
8004129,8901,450,3,,,,,All heroes %s,Tất cả anh hùng %s,Semua wira %s,All heroes %s,Semua pahlawan %s,ฮีโร่ทั้งหมด %s,Lahat ng mga bayani %s,7,0.60%,8,0.60%,,,,,,,,
8004130,8901,500,1,,,,,%s,%s,%s,%s,%s,%s,%s,24,500,,,,,,,,,,
8004131,8902,20,1,,,,,All basic attributes %s,Tất cả các thuộc tính cơ bản %s,Semua atribut asas %s,All basic attributes %s,Semua atribut dasar %s,คุณสมบัติพื้นฐานทั้งหมด %s,Lahat ng pangunahing katangian %s,7,1%,8,1%,1,1%,9,1%,10,1%,13,1%
8004132,8902,40,1,,,,,%s,%s,%s,%s,%s,%s,%s,1,3%,,,,,,,,,,
8004133,8902,60,1,,,,,%s,%s,%s,%s,%s,%s,%s,14,300,15,300,,,,,,,,
8004134,8902,80,1,,,,,All basic attributes %s,Tất cả các thuộc tính cơ bản %s,Semua atribut asas %s,All basic attributes %s,Semua atribut dasar %s,คุณสมบัติพื้นฐานทั้งหมด %s,Lahat ng pangunahing katangian %s,7,0.60%,8,0.60%,1,0.60%,9,0.60%,10,0.60%,13,0.60%
8004135,8902,100,1,,,,,%s,%s,%s,%s,%s,%s,%s,7,3%,8,3%,,,,,,,,
8004136,8902,150,3,,,,,All heroes %s,Tất cả anh hùng %s,Semua wira %s,All heroes %s,Semua pahlawan %s,ฮีโร่ทั้งหมด %s,Lahat ng mga bayani %s,1,0.60%,,,,,,,,,,
8004137,8902,200,1,,,,,%s,%s,%s,%s,%s,%s,%s,17,300,19,300,,,,,,,,
8004138,8902,250,1,,,,,%s,%s,%s,%s,%s,%s,%s,9,3%,10,3%,,,,,,,,
8004139,8902,300,3,,,,,All heroes %s,Tất cả anh hùng %s,Semua wira %s,All heroes %s,Semua pahlawan %s,ฮีโร่ทั้งหมด %s,Lahat ng mga bayani %s,9,0.60%,10,0.60%,,,,,,,,
8004140,8902,350,1,,,,,%s,%s,%s,%s,%s,%s,%s,11,300,12,300,,,,,,,,
8004141,8902,400,1,,,,,%s,%s,%s,%s,%s,%s,%s,22,300,23,300,,,,,,,,
8004142,8902,450,3,,,,,All heroes %s,Tất cả anh hùng %s,Semua wira %s,All heroes %s,Semua pahlawan %s,ฮีโร่ทั้งหมด %s,Lahat ng mga bayani %s,7,0.60%,8,0.60%,,,,,,,,
8004143,8902,500,1,,,,,%s,%s,%s,%s,%s,%s,%s,24,500,,,,,,,,,,
8004144,8903,20,1,,,,,All basic attributes %s,Tất cả các thuộc tính cơ bản %s,Semua atribut asas %s,All basic attributes %s,Semua atribut dasar %s,คุณสมบัติพื้นฐานทั้งหมด %s,Lahat ng pangunahing katangian %s,7,1%,8,1%,1,1%,9,1%,10,1%,13,1%
8004145,8903,40,1,,,,,%s,%s,%s,%s,%s,%s,%s,1,3%,,,,,,,,,,
8004146,8903,60,1,,,,,%s,%s,%s,%s,%s,%s,%s,14,300,15,300,,,,,,,,
8004147,8903,80,1,,,,,All basic attributes %s,Tất cả các thuộc tính cơ bản %s,Semua atribut asas %s,All basic attributes %s,Semua atribut dasar %s,คุณสมบัติพื้นฐานทั้งหมด %s,Lahat ng pangunahing katangian %s,7,0.60%,8,0.60%,1,0.60%,9,0.60%,10,0.60%,13,0.60%
8004148,8903,100,1,,,,,%s,%s,%s,%s,%s,%s,%s,7,3%,8,3%,,,,,,,,
8004149,8903,150,3,,,,,All heroes %s,Tất cả anh hùng %s,Semua wira %s,All heroes %s,Semua pahlawan %s,ฮีโร่ทั้งหมด %s,Lahat ng mga bayani %s,1,0.60%,,,,,,,,,,
8004150,8903,200,1,,,,,%s,%s,%s,%s,%s,%s,%s,17,300,19,300,,,,,,,,
8004151,8903,250,1,,,,,%s,%s,%s,%s,%s,%s,%s,9,3%,10,3%,,,,,,,,
8004152,8903,300,3,,,,,All heroes %s,Tất cả anh hùng %s,Semua wira %s,All heroes %s,Semua pahlawan %s,ฮีโร่ทั้งหมด %s,Lahat ng mga bayani %s,9,0.60%,10,0.60%,,,,,,,,
8004153,8903,350,1,,,,,%s,%s,%s,%s,%s,%s,%s,11,300,12,300,,,,,,,,
8004154,8903,400,1,,,,,%s,%s,%s,%s,%s,%s,%s,22,300,23,300,,,,,,,,
8004155,8903,450,3,,,,,All heroes %s,Tất cả anh hùng %s,Semua wira %s,All heroes %s,Semua pahlawan %s,ฮีโร่ทั้งหมด %s,Lahat ng mga bayani %s,7,0.60%,8,0.60%,,,,,,,,
8004156,8903,500,1,,,,,%s,%s,%s,%s,%s,%s,%s,24,500,,,,,,,,,,
