VariableName,scene_id,_name,round,monsters,bossMark,showInfo,posAdjust,bossLifeCount,rebornSeq,hpC,speedC,damageC,specialDamageC,defenceC,specialDefenceC,bkCsv,storys,winStories,failStories,storyNames,storyNames_vn,storyNames_tw,storyNames_en,weatherTypeId
Default,,,,<>,,FALSE,,,,1,1,1,1,1,1,stage/mgcb.csv,<>,<>,<>,<>,<>,<>,<>,
ID,scene_id,_name,round,monsters,bossMark,showInfo,posAdjust,bossLifeCount,rebornSeq,hpC,speedC,damageC,specialDamageC,defenceC,specialDefenceC,bkCsv,storys,winStories,failStories,storyNames,storyNames,storyNames_tw,storyNames_en,weatherTypeId
1,10101,,1,<50402;50082;0;0;0;0>,,,,,,0.9,0.4,,,,,stage/fb/putongfuben/naruto_fb_1_1.csv,<<0;10001>;<1;1001>;<1;1021;2>;<2;1031;2>>,,,,,,,
2,10101,,2,<52013;0;52963;0;50044;0>,<0;0;0;0;1;0>,TRUE,,,,1.1,0.4,4,4,2,2,stage/fb/putongfuben/naruto_fb_1_1.csv,<<1;1041;2>;<2;1051;2>>,,,,,,,
4,10102,,1,<50082;53772;50692;0;0;0>,,,,,,0.9,0.4,,,,,stage/fb/putongfuben/naruto_fb_1_2.csv,<<1;1101;1>>,,,,,,,
5,10102,,2,<50013;0;50493;0;71293;0>,<0;0;0;0;1;0>,TRUE,,,,1.1,0.4,1.4,1.4,1.4,1.4,stage/fb/putongfuben/naruto_fb_1_2.csv,<<1;1201;1>>,,,,,,,
7,10103,,1,<52633;53432;52612;0;53472;0>,,,,,,1.3,,1.3,1.3,1.3,1.3,stage/fb/putongfuben/naruto_fb_1_3.csv,<<1;1301;1>>,,,,,,,
8,10103,,2,<50053;61394;50402;0;80721;0>,<0;0;0;0;1;0>,TRUE,,,,1.7,,1.7,1.7,1.7,1.7,stage/fb/putongfuben/naruto_fb_1_3.csv,<<1;1401;1>>,,,,,,,
10,10104,,1,<53432;0;52013;0;53283;0>,,,,,,1.3,,1.3,1.3,1.3,1.3,stage/fb/putongfuben/naruto_fb_1_4.csv,,,,,,,,
11,10104,,2,<50793;50493;52963;0;82233;0>,<0;0;0;0;1;0>,TRUE,,,,1.7,,1.7,1.7,1.7,1.7,stage/fb/putongfuben/naruto_fb_1_4.csv,,,,,,,,
13,10105,,1,<53283;0;52683;52612;0;53472>,,,,,,1.3,,1.3,1.3,1.3,1.3,stage/fb/putongfuben/naruto_fb_1_5.csv,,,,,,,,
14,10105,,2,<0;0;0;0;81313;0>,<0;0;0;0;1;0>,TRUE,,,,2.5,,2.5,2.5,2.5,2.5,stage/fb/putongfuben/naruto_fb_1_5.csv,,,,,,,,
16,10201,,1,<50692;0;53342;50013;0;50793>,,,,,,1.3,,1.3,1.3,1.3,1.3,stage/fb/putongfuben/naruto_fb_2_1.csv,,,,,,,,
17,10201,,2,<52073;0;53683;0;71241;0>,<0;0;0;0;1;0>,TRUE,,,,1.6,,1.6,1.6,1.6,1.6,stage/fb/putongfuben/naruto_fb_2_1.csv,,,,,,,,
19,10202,,1,<0;0;50793;50053;0;50692>,,,,,,1.3,,1.3,1.3,1.3,1.3,stage/fb/putongfuben/naruto_fb_2_2.csv,,,,,,,,
20,10202,,2,<60641;50013;63663;0;70972;0>,<0;0;0;0;1;0>,TRUE,,,,1.6,,1.6,1.6,1.6,1.6,stage/fb/putongfuben/naruto_fb_2_2.csv,,,,,,,,
22,10203,,1,<52843;0;53472;50692;0;53342>,,,,,,1.3,,1.3,1.3,1.3,1.3,stage/fb/putongfuben/naruto_fb_2_3.csv,,,,,,,,
23,10203,,2,<61293;0;61071;0;70603;0>,<0;0;0;0;1;0>,TRUE,,,,1.6,,1.6,1.6,1.6,1.6,stage/fb/putongfuben/naruto_fb_2_3.csv,,,,,,,,
25,10204,,1,<50402;53293;0;52612;0;52843>,,,,,,1.3,,1.3,1.3,1.3,1.3,stage/fb/putongfuben/naruto_fb_2_4.csv,,,,,,,,
26,10204,,2,<52633;61221;52612;0;70632;0>,<0;0;0;0;1;0>,TRUE,,,,1.6,,1.6,1.6,1.6,1.6,stage/fb/putongfuben/naruto_fb_2_4.csv,,,,,,,,
28,10205,,1,<53472;0;53342;50552;0;53772>,,,,,,1.3,,1.3,1.3,1.3,1.3,stage/fb/putongfuben/naruto_fb_2_5.csv,,,,,,,,
29,10205,,2,<53293;0;50793;0;72023;0>,<0;0;0;0;1;0>,TRUE,,,,1.6,,1.6,1.6,1.6,1.6,stage/fb/putongfuben/naruto_fb_2_5.csv,,,,,,,,
31,10206,,1,<0;0;50273;50793;0;53432>,,,,,,1.3,,1.3,1.3,1.3,1.3,stage/fb/putongfuben/naruto_fb_2_6.csv,,,,,,,,
32,10206,,2,<0;0;0;0;81313;0>,<0;0;0;0;1;0>,TRUE,,,,2.4,,2.4,2.4,2.4,2.4,stage/fb/putongfuben/naruto_fb_2_6.csv,,,,,,,,
34,10301,,1,<53293;0;50493;50082;0;52013>,,,,,,1.3,,1.3,1.3,1.3,1.3,stage/fb/putongfuben/naruto_fb_3_1.csv,,,,,,,,
35,10301,,2,<0;0;0;50793;70731;50552>,<0;0;0;0;1;0>,TRUE,,,,1.6,,1.6,1.6,1.6,1.6,stage/fb/putongfuben/naruto_fb_3_1.csv,,,,,,,,
37,10302,,1,<0;50273;0;50552;0;52073>,,,,,,1.3,,1.3,1.3,1.3,1.3,stage/fb/putongfuben/naruto_fb_3_2.csv,,,,,,,,
38,10302,,2,<52683;63543;52633;0;71612;0>,<0;0;0;0;1;0>,TRUE,,,,1.6,,1.6,1.6,1.6,1.6,stage/fb/putongfuben/naruto_fb_3_2.csv,,,,,,,,
40,10303,,1,<53472;0;52073;53683;0;53511>,,,,,,1.3,,1.3,1.3,1.3,1.3,stage/fb/putongfuben/naruto_fb_3_3.csv,,,,,,,,
41,10303,,2,<52963;0;53432;61293;71893;60712>,<0;0;0;0;1;0>,TRUE,,,,1.6,,1.6,1.6,1.6,1.6,stage/fb/putongfuben/naruto_fb_3_3.csv,,,,,,,,
43,10304,,1,<0;50692;53342;50273;50053;52013>,,,,,,1.3,,1.3,1.3,1.3,1.3,stage/fb/putongfuben/naruto_fb_3_4.csv,,,,,,,,
44,10304,,2,<0;50692;0;0;70721;0>,<0;0;0;0;1;0>,TRUE,,,,1.6,,1.6,1.6,1.6,1.6,stage/fb/putongfuben/naruto_fb_3_4.csv,,,,,,,,
46,10305,,1,<50493;0;53283;52683;0;52013>,,,,,,1.3,,1.3,1.3,1.3,1.3,stage/fb/putongfuben/naruto_fb_3_5.csv,,,,,,,,
47,10305,,2,<60641;0;60603;53283;71082;53283>,<0;0;0;0;1;0>,TRUE,,,,1.6,,1.6,1.6,1.6,1.6,stage/fb/putongfuben/naruto_fb_3_5.csv,,,,,,,,
49,10306,,1,<50692;0;0;52593;52633;53283>,,,,,,1.3,,1.3,1.3,1.3,1.3,stage/fb/putongfuben/naruto_fb_3_6.csv,,,,,,,,
50,10306,,2,<50044;61394;52843;0;71893;0>,<0;0;0;0;1;0>,TRUE,,,,1.6,,1.6,1.6,1.6,1.6,stage/fb/putongfuben/naruto_fb_3_6.csv,,,,,,,,
52,10307,,1,<52612;0;50013;53283;0;50552>,,,,,,1.3,,1.3,1.3,1.3,1.3,stage/fb/putongfuben/naruto_fb_3_7.csv,,,,,,,,
53,10307,,2,<53342;0;52013;61903;71293;61293>,<0;0;0;0;1;0>,TRUE,,,,1.6,,1.6,1.6,1.6,1.6,stage/fb/putongfuben/naruto_fb_3_7.csv,,,,,,,,
55,10308,,1,<0;52633;0;50552;0;50692>,,,,,,1.3,,1.3,1.3,1.3,1.3,stage/fb/putongfuben/naruto_fb_3_8.csv,,,,,,,,
56,10308,,2,<0;0;0;0;81313;0>,<0;0;0;0;1;0>,TRUE,,,,2.4,,2.4,2.4,2.4,2.4,stage/fb/putongfuben/naruto_fb_3_8.csv,,,,,,,,
58,10401,,1,<53293;0;50402;50692;0;50273>,,,,,,1.3,,1.3,1.3,1.3,1.3,stage/fb/putongfuben/naruto_fb_4_1.csv,,,,,,,,
59,10401,,2,<53283;0;60333;0;73152;0>,<0;0;0;0;1;0>,TRUE,,,,1.6,,1.6,1.6,1.6,1.6,stage/fb/putongfuben/naruto_fb_4_1.csv,,,,,,,,
61,10402,,1,<0;53683;0;50082;53342;52683>,,,,,,1.3,,1.3,1.3,1.3,1.3,stage/fb/putongfuben/naruto_fb_4_2.csv,,,,,,,,
62,10402,,2,<53293;0;52073;0;72401;0>,<0;0;0;0;1;0>,TRUE,,,,1.6,,1.6,1.6,1.6,1.6,stage/fb/putongfuben/naruto_fb_4_2.csv,,,,,,,,
64,10403,,1,<50044;0;50552;52593;0;52633>,,,,,,1.3,,1.3,1.3,1.3,1.3,stage/fb/putongfuben/naruto_fb_4_3.csv,,,,,,,,
65,10403,,2,<53342;0;50493;0;70771;0>,<0;0;0;0;1;0>,TRUE,,,,1.6,,1.6,1.6,1.6,1.6,stage/fb/putongfuben/naruto_fb_4_3.csv,,,,,,,,
67,10404,,1,<0;52633;0;50013;53432;53772>,,,,,,1.3,,1.3,1.3,1.3,1.3,stage/fb/putongfuben/naruto_fb_4_4.csv,,,,,,,,
68,10404,,2,<0;53511;0;0;70641;0>,<0;0;0;0;1;0>,TRUE,,,,1.6,,1.6,1.6,1.6,1.6,stage/fb/putongfuben/naruto_fb_4_4.csv,,,,,,,,
70,10405,,1,<53772;53772;53772;0;0;0>,,,,,,1.3,,1.3,1.3,1.3,1.3,stage/fb/putongfuben/naruto_fb_4_5.csv,,,,,,,,
71,10405,,2,<61253;0;61032;0;73003;0>,<0;0;0;0;1;0>,TRUE,,,,1.6,,1.6,1.6,1.6,1.6,stage/fb/putongfuben/naruto_fb_4_5.csv,,,,,,,,
73,10406,,1,<0;50552;0;53472;50273;50082>,,,,,,1.3,,1.3,1.3,1.3,1.3,stage/fb/putongfuben/naruto_fb_4_6.csv,,,,,,,,
74,10406,,2,<53472;60242;52013;0;70503;0>,<0;0;0;0;1;0>,TRUE,,,,1.6,,1.6,1.6,1.6,1.6,stage/fb/putongfuben/naruto_fb_4_6.csv,,,,,,,,
76,10407,,1,<52593;0;52843;53342;0;53772>,,,,,,1.3,,1.3,1.3,1.3,1.3,stage/fb/putongfuben/naruto_fb_4_7.csv,,,,,,,,
77,10407,,2,<50053;0;52683;0;71772;0>,<0;0;0;0;1;0>,TRUE,,,,1.6,,1.6,1.6,1.6,1.6,stage/fb/putongfuben/naruto_fb_4_7.csv,,,,,,,,
79,10408,,1,<0;50053;0;53342;0;50552>,,,,,,1.3,,1.3,1.3,1.3,1.3,stage/fb/putongfuben/naruto_fb_4_8.csv,,,,,,,,
80,10408,,2,<0;0;0;0;80701;0>,<0;0;0;0;1;0>,TRUE,,,,2.4,,2.4,2.4,2.4,2.4,stage/fb/putongfuben/naruto_fb_4_8.csv,,,,,,,,
82,10501,,1,<0;53342;0;50044;0;53283>,,,,,,1.3,,1.3,1.3,1.3,1.3,stage/fb/putongfuben/naruto_fb_5_1.csv,,,,,,,,
83,10501,,2,<53283;53342;50082;0;0;0>,,,,,,1.6,,1.6,1.6,1.6,1.6,stage/fb/putongfuben/naruto_fb_5_1.csv,,,,,,,,
84,10501,,3,<61293;0;61082;0;73543;0>,<0;0;0;0;1;0>,TRUE,,,,1.3,,1.3,1.3,1.3,1.3,stage/fb/putongfuben/naruto_fb_5_1.csv,,,,,,,,
85,10502,,1,<0;52612;53342;50082;50793;52612>,,,,,,1.6,,1.6,1.6,1.6,1.6,stage/fb/putongfuben/naruto_fb_5_2.csv,,,,,,,,
86,10502,,2,<52073;53683;52593;53772;0;52633>,,,,,,1.3,,1.3,1.3,1.3,1.3,stage/fb/putongfuben/naruto_fb_5_2.csv,,,,,,,,
87,10502,,3,<63152;0;62723;0;72723;0>,<0;0;0;0;1;0>,TRUE,,,,1.6,,1.6,1.6,1.6,1.6,stage/fb/putongfuben/naruto_fb_5_2.csv,,,,,,,,
88,10503,,1,<50692;50793;53772;50793;0;52683>,,,,,,1.3,,1.3,1.3,1.3,1.3,stage/fb/putongfuben/naruto_fb_5_3.csv,,,,,,,,
89,10503,,2,<50493;0;52593;53511;0;50793>,,,,,,1.6,,1.6,1.6,1.6,1.6,stage/fb/putongfuben/naruto_fb_5_3.csv,,,,,,,,
90,10503,,3,<63543;0;63181;0;71082;0>,<0;0;0;0;1;0>,TRUE,,,,1.3,,1.3,1.3,1.3,1.3,stage/fb/putongfuben/naruto_fb_5_3.csv,,,,,,,,
91,10504,,1,<53342;50552;0;50053;50053;50493>,,,,,,1.6,,1.6,1.6,1.6,1.6,stage/fb/putongfuben/naruto_fb_5_4.csv,,,,,,,,
92,10504,,2,<0;52963;0;52612;53432;53511>,,,,,,1.3,,1.3,1.3,1.3,1.3,stage/fb/putongfuben/naruto_fb_5_4.csv,,,,,,,,
93,10504,,3,<52013;60603;53472;0;73143;0>,<0;0;0;0;1;0>,TRUE,,,,1.6,,1.6,1.6,1.6,1.6,stage/fb/putongfuben/naruto_fb_5_4.csv,,,,,,,,
94,10505,,1,<50552;50493;52963;52593;0;53511>,,,,,,1.3,,1.3,1.3,1.3,1.3,stage/fb/putongfuben/naruto_fb_5_5.csv,,,,,,,,
95,10505,,2,<0;50273;0;53511;50044;53511>,,,,,,1.6,,1.6,1.6,1.6,1.6,stage/fb/putongfuben/naruto_fb_5_5.csv,,,,,,,,
96,10505,,3,<0;0;0;63663;70863;60333>,<0;0;0;0;1;0>,TRUE,,,,1.3,,1.3,1.3,1.3,1.3,stage/fb/putongfuben/naruto_fb_5_5.csv,,,,,,,,
97,10506,,1,<0;60593;53432;52843;53472;52013>,,,,,,1.6,,1.6,1.6,1.6,1.6,stage/fb/putongfuben/naruto_fb_5_6.csv,,,,,,,,
98,10506,,2,<52593;0;53683;52633;0;50013>,,,,,,1.3,,1.3,1.3,1.3,1.3,stage/fb/putongfuben/naruto_fb_5_6.csv,,,,,,,,
99,10506,,3,<60242;0;63003;0;71941;0>,<0;0;0;0;1;0>,TRUE,,,,1.6,,1.6,1.6,1.6,1.6,stage/fb/putongfuben/naruto_fb_5_6.csv,,,,,,,,
100,10507,,1,<52593;50552;50013;50692;0;53683>,,,,,,1.3,,1.3,1.3,1.3,1.3,stage/fb/putongfuben/naruto_fb_5_7.csv,,,,,,,,
101,10507,,2,<50552;50013;50402;52593;50273;50402>,,,,,,1.6,,1.6,1.6,1.6,1.6,stage/fb/putongfuben/naruto_fb_5_7.csv,,,,,,,,
102,10507,,3,<60883;0;60632;0;71903;0>,<0;0;0;0;1;0>,TRUE,,,,1.3,,1.3,1.3,1.3,1.3,stage/fb/putongfuben/naruto_fb_5_7.csv,,,,,,,,
103,10508,,1,<52612;52633;0;50013;50013;50013>,,,,,,1.6,,1.6,1.6,1.6,1.6,stage/fb/putongfuben/naruto_fb_5_8.csv,,,,,,,,
104,10508,,2,<50402;52963;53511;53283;0;50402>,,,,,,1.3,,1.3,1.3,1.3,1.3,stage/fb/putongfuben/naruto_fb_5_8.csv,,,,,,,,
105,10508,,3,<52963;0;53283;62023;72023;61394>,<0;0;0;0;1;0>,TRUE,,,,1.6,,1.6,1.6,1.6,1.6,stage/fb/putongfuben/naruto_fb_5_8.csv,,,,,,,,
106,10509,,1,<50692;52683;50053;52073;0;52612>,,,,,,1.3,,1.3,1.3,1.3,1.3,stage/fb/putongfuben/naruto_fb_5_9.csv,,,,,,,,
107,10509,,2,<53342;53293;52612;52612;50692;53772>,,,,,,1.6,,1.6,1.6,1.6,1.6,stage/fb/putongfuben/naruto_fb_5_9.csv,,,,,,,,
108,10509,,3,<63181;0;63161;0;71253;0>,<0;0;0;0;1;0>,TRUE,,,,1.3,,1.3,1.3,1.3,1.3,stage/fb/putongfuben/naruto_fb_5_9.csv,,,,,,,,
109,10510,,1,<0;53293;52013;53293;50552;52013>,,,,,,1.6,,1.6,1.6,1.6,1.6,stage/fb/putongfuben/naruto_fb_5_10.csv,,,,,,,,
110,10510,,2,<0;50044;0;53683;0;53432>,,,,,,1.3,,1.3,1.3,1.3,1.3,stage/fb/putongfuben/naruto_fb_5_10.csv,,,,,,,,
111,10510,,3,<0;0;0;0;81393;0>,<0;0;0;0;1;0>,TRUE,,,,2.4,,2.4,2.4,2.4,2.4,stage/fb/putongfuben/naruto_fb_5_10.csv,,,,,,,,
112,10601,,1,<53432;60632;50273;50082;0;50402>,,,,,,1.3,,1.3,1.3,1.3,1.3,stage/fb/putongfuben/naruto_fb_6_1.csv,,,,,,,,
113,10601,,2,<53511;52963;53283;50402;52843;52633>,,,,,,1.6,,1.6,1.6,1.6,1.6,stage/fb/putongfuben/naruto_fb_6_1.csv,,,,,,,,
114,10601,,3,<61813;61032;61071;0;70712;0>,<0;0;0;0;1;0>,TRUE,,,,1.3,,1.3,1.3,1.3,1.3,stage/fb/putongfuben/naruto_fb_6_1.csv,,,,,,,,
115,10602,,1,<50793;50053;0;50793;70611;50273>,,,,,,1.6,,1.6,1.6,1.6,1.6,stage/fb/putongfuben/naruto_fb_6_2.csv,,,,,,,,
116,10602,,2,<53511;52593;53472;50692;52612;50053>,,,,,,1.3,,1.3,1.3,1.3,1.3,stage/fb/putongfuben/naruto_fb_6_2.csv,,,,,,,,
117,10602,,3,<53432;62023;53283;0;73303;0>,<0;0;0;0;1;0>,TRUE,,,,1.6,,1.6,1.6,1.6,1.6,stage/fb/putongfuben/naruto_fb_6_2.csv,,,,,,,,
118,10603,,1,<50692;50793;53472;53432;0;50493>,,,,,,1.3,,1.3,1.3,1.3,1.3,stage/fb/putongfuben/naruto_fb_6_3.csv,,,,,,,,
119,10603,,2,<0;60603;0;50493;50273;50013>,,,,,,1.6,,1.6,1.6,1.6,1.6,stage/fb/putongfuben/naruto_fb_6_3.csv,,,,,,,,
120,10603,,3,<0;0;0;0;72242;0>,<0;0;0;0;1;0>,TRUE,,,,1.3,,1.3,1.3,1.3,1.3,stage/fb/putongfuben/naruto_fb_6_3.csv,,,,,,,,
121,10604,,1,<0;60611;50273;52593;52593;50493>,,,,,,1.6,,1.6,1.6,1.6,1.6,stage/fb/putongfuben/naruto_fb_6_4.csv,,,,,,,,
122,10604,,2,<50493;53472;52073;50692;52013;53432>,,,,,,1.3,,1.3,1.3,1.3,1.3,stage/fb/putongfuben/naruto_fb_6_4.csv,,,,,,,,
123,10604,,3,<61841;0;61303;0;71071;0>,<0;0;0;0;1;0>,TRUE,,,,1.6,,1.6,1.6,1.6,1.6,stage/fb/putongfuben/naruto_fb_6_4.csv,,,,,,,,
124,10605,,1,<53432;52633;53432;52963;0;53683>,,,,,,1.3,,1.3,1.3,1.3,1.3,stage/fb/putongfuben/naruto_fb_6_5.csv,,,,,,,,
125,10605,,2,<52843;50013;53432;52612;50273;52843>,,,,,,1.6,,1.6,1.6,1.6,1.6,stage/fb/putongfuben/naruto_fb_6_5.csv,,,,,,,,
126,10605,,3,<61841;61931;61772;0;70712;0>,<0;0;0;0;1;0>,TRUE,,,,1.3,,1.3,1.3,1.3,1.3,stage/fb/putongfuben/naruto_fb_6_5.csv,,,,,,,,
127,10606,,1,<52593;53683;0;52593;50273;52593>,,,,,,1.6,,1.6,1.6,1.6,1.6,stage/fb/putongfuben/naruto_fb_6_6.csv,,,,,,,,
128,10606,,2,<52593;52013;50013;52683;50552;52683>,,,,,,1.3,,1.3,1.3,1.3,1.3,stage/fb/putongfuben/naruto_fb_6_6.csv,,,,,,,,
129,10606,,3,<0;61221;0;0;83143;0>,<0;0;0;0;1;0>,TRUE,,,,1.6,,1.6,1.6,1.6,1.6,stage/fb/putongfuben/naruto_fb_6_6.csv,,,,,,,,
130,10607,,1,<50044;52612;50044;52013;0;50692>,,,,,,1.3,,1.3,1.3,1.3,1.3,stage/fb/putongfuben/naruto_fb_6_7.csv,,,,,,,,
131,10607,,2,<50044;53293;50793;0;52683;0>,,,,,,1.6,,1.6,1.6,1.6,1.6,stage/fb/putongfuben/naruto_fb_6_7.csv,,,,,,,,
132,10607,,3,<60603;0;60242;0;73152;0>,<0;0;0;0;1;0>,TRUE,,,,1.3,,1.3,1.3,1.3,1.3,stage/fb/putongfuben/naruto_fb_6_7.csv,,,,,,,,
133,10608,,1,<0;50402;50692;52013;52612;52963>,,,,,,1.6,,1.6,1.6,1.6,1.6,stage/fb/putongfuben/naruto_fb_6_8.csv,,,,,,,,
134,10608,,2,<52612;53683;50493;53683;0;52013>,,,,,,1.3,,1.3,1.3,1.3,1.3,stage/fb/putongfuben/naruto_fb_6_8.csv,,,,,,,,
135,10608,,3,<63251;0;63152;61841;70741;61394>,<0;0;0;0;1;0>,TRUE,,,,1.6,,1.6,1.6,1.6,1.6,stage/fb/putongfuben/naruto_fb_6_8.csv,,,,,,,,
136,10609,,1,<50273;50692;50273;53472;0;53472>,,,,,,1.3,,1.3,1.3,1.3,1.3,stage/fb/putongfuben/naruto_fb_6_9.csv,,,,,,,,
137,10609,,2,<53432;50552;50044;50552;53342;53472>,,,,,,1.6,,1.6,1.6,1.6,1.6,stage/fb/putongfuben/naruto_fb_6_9.csv,,,,,,,,
138,10609,,3,<61303;60972;61221;0;71303;0>,<0;0;0;0;1;0>,TRUE,,,,1.3,,1.3,1.3,1.3,1.3,stage/fb/putongfuben/naruto_fb_6_9.csv,,,,,,,,
139,10610,,1,<50273;52593;0;53683;50082;52073>,,,,,,1.6,,1.6,1.6,1.6,1.6,stage/fb/putongfuben/naruto_fb_6_10.csv,,,,,,,,
140,10610,,2,<53683;50493;53772;52612;50402;50044>,,,,,,1.3,,1.3,1.3,1.3,1.3,stage/fb/putongfuben/naruto_fb_6_10.csv,,,,,,,,
141,10610,,3,<0;0;0;0;81231;0>,<0;0;0;0;1;0>,TRUE,,,,2.4,,2.4,2.4,2.4,2.4,stage/fb/putongfuben/naruto_fb_6_10.csv,,,,,,,,
142,10701,,1,<53283;50692;52843;53511;0;53472>,,,,,,1.3,,1.3,1.3,1.3,1.3,stage/fb/putongfuben/naruto_fb_7_1.csv,,,,,,,,
143,10701,,2,<53683;52612;53511;52612;50402;50273>,,,,,,1.6,,1.6,1.6,1.6,1.6,stage/fb/putongfuben/naruto_fb_7_1.csv,,,,,,,,
144,10701,,3,<60163;0;62723;60163;70603;63003>,<0;0;0;0;1;0>,TRUE,,,,1.3,,1.3,1.3,1.3,1.3,stage/fb/putongfuben/naruto_fb_7_1.csv,,,,,,,,
145,10702,,1,<0;50402;53772;52843;70632;50273>,,,,,,1.6,,1.6,1.6,1.6,1.6,stage/fb/putongfuben/naruto_fb_7_2.csv,,,,,,,,
146,10702,,2,<50493;52843;53342;50552;53472;50044>,,,,,,1.3,,1.3,1.3,1.3,1.3,stage/fb/putongfuben/naruto_fb_7_2.csv,,,,,,,,
147,10702,,3,<63251;0;60163;60712;70572;60333>,<0;0;0;0;1;0>,TRUE,,,,1.6,,1.6,1.6,1.6,1.6,stage/fb/putongfuben/naruto_fb_7_2.csv,,,,,,,,
148,10703,,1,<50402;52963;52013;52073;0;52683>,,,,,,1.3,,1.3,1.3,1.3,1.3,stage/fb/putongfuben/naruto_fb_7_3.csv,,,,,,,,
149,10703,,2,<50493;50402;53342;52843;50044;53283>,,,,,,1.6,,1.6,1.6,1.6,1.6,stage/fb/putongfuben/naruto_fb_7_3.csv,,,,,,,,
150,10703,,3,<60593;63543;63543;0;70721;0>,<0;0;0;0;1;0>,TRUE,,,,1.3,,1.3,1.3,1.3,1.3,stage/fb/putongfuben/naruto_fb_7_3.csv,,,,,,,,
151,10704,,1,<53472;52593;0;52683;52633;52013>,,,,,,1.6,,1.6,1.6,1.6,1.6,stage/fb/putongfuben/naruto_fb_7_4.csv,,,,,,,,
152,10704,,2,<50692;53432;53511;53293;52683;53293>,,,,,,1.3,,1.3,1.3,1.3,1.3,stage/fb/putongfuben/naruto_fb_7_4.csv,,,,,,,,
153,10704,,3,<53293;0;53472;61813;70242;63152>,<0;0;0;0;1;0>,TRUE,,,,1.6,,1.6,1.6,1.6,1.6,stage/fb/putongfuben/naruto_fb_7_4.csv,,,,,,,,
154,10705,,1,<53511;60641;52612;53432;0;50493>,,,,,,1.3,,1.3,1.3,1.3,1.3,stage/fb/putongfuben/naruto_fb_7_5.csv,,,,,,,,
155,10705,,2,<52593;50082;52612;53293;52013;50044>,,,,,,1.6,,1.6,1.6,1.6,1.6,stage/fb/putongfuben/naruto_fb_7_5.csv,,,,,,,,
156,10705,,3,<63663;0;60883;63663;71253;61903>,<0;0;0;0;1;0>,TRUE,,,,1.3,,1.3,1.3,1.3,1.3,stage/fb/putongfuben/naruto_fb_7_5.csv,,,,,,,,
157,10706,,1,<0;53293;50793;50493;52633;50552>,,,,,,1.6,,1.6,1.6,1.6,1.6,stage/fb/putongfuben/naruto_fb_7_6.csv,,,,,,,,
158,10706,,2,<53511;53511;50053;50013;70572;52612>,,,,,,1.3,,1.3,1.3,1.3,1.3,stage/fb/putongfuben/naruto_fb_7_6.csv,,,,,,,,
159,10706,,3,<61841;0;61221;0;80771;0>,<0;0;0;0;1;0>,TRUE,,,,1.6,,1.6,1.6,1.6,1.6,stage/fb/putongfuben/naruto_fb_7_6.csv,,,,,,,,
160,10707,,1,<53511;53283;50402;52843;0;53283>,,,,,,1.3,,1.3,1.3,1.3,1.3,stage/fb/putongfuben/naruto_fb_7_7.csv,,,,,,,,
161,10707,,2,<52683;52593;50793;53472;50044;52633>,,,,,,1.6,,1.6,1.6,1.6,1.6,stage/fb/putongfuben/naruto_fb_7_7.csv,,,,,,,,
162,10707,,3,<60503;0;81393;0;73303;0>,<0;0;0;0;1;0>,TRUE,,,,1.3,,1.3,1.3,1.3,1.3,stage/fb/putongfuben/naruto_fb_7_7.csv,,,,,,,,
163,10708,,1,<52633;50082;0;52073;50402;50273>,,,,,,1.6,,1.6,1.6,1.6,1.6,stage/fb/putongfuben/naruto_fb_7_8.csv,,,,,,,,
164,10708,,2,<53293;0;52843;52593;50493;50402>,,,,,,1.3,,1.3,1.3,1.3,1.3,stage/fb/putongfuben/naruto_fb_7_8.csv,,,,,,,,
165,10708,,3,<0;61394;0;0;80701;0>,<0;0;0;0;1;0>,TRUE,,,,1.6,,1.6,1.6,1.6,1.6,stage/fb/putongfuben/naruto_fb_7_8.csv,,,,,,,,
166,10709,,1,<52963;52683;50044;53472;0;50552>,,,,,,1.3,,1.3,1.3,1.3,1.3,stage/fb/putongfuben/naruto_fb_7_9.csv,,,,,,,,
167,10709,,2,<50053;50044;50793;53511;70242;53342>,,,,,,1.6,,1.6,1.6,1.6,1.6,stage/fb/putongfuben/naruto_fb_7_9.csv,,,,,,,,
168,10709,,3,<62033;0;61612;0;70632;0>,<0;0;0;0;1;0>,TRUE,,,,1.3,,1.3,1.3,1.3,1.3,stage/fb/putongfuben/naruto_fb_7_9.csv,,,,,,,,
169,10710,,1,<0;50044;52612;52073;50082;52073>,,,,,,1.6,,1.6,1.6,1.6,1.6,stage/fb/putongfuben/naruto_fb_7_10.csv,,,,,,,,
170,10710,,2,<53683;53342;52593;53283;0;52963>,,,,,,1.3,,1.3,1.3,1.3,1.3,stage/fb/putongfuben/naruto_fb_7_10.csv,,,,,,,,
171,10710,,3,<0;0;0;0;80771;0>,<0;0;0;0;1;0>,TRUE,,,,2.4,,2.4,2.4,2.4,2.4,stage/fb/putongfuben/naruto_fb_7_10.csv,,,,,,,,
172,10801,,1,<53472;0;52593;50552;0;52683>,,,,,,1.3,,1.3,1.3,1.3,1.3,stage/fb/putongfuben/naruto_fb_8_1.csv,,,,,,,,
173,10801,,2,<50402;53283;50044;50013;53683;50044>,,,,,,1.6,,1.6,1.6,1.6,1.6,stage/fb/putongfuben/naruto_fb_8_1.csv,,,,,,,,
174,10801,,3,<61303;63161;62023;0;72723;0>,<0;0;0;0;1;0>,TRUE,,,,1.3,,1.3,1.3,1.3,1.3,stage/fb/putongfuben/naruto_fb_8_1.csv,,,,,,,,
175,10802,,1,<53293;53342;0;53472;50402;50053>,,,,,,1.6,,1.6,1.6,1.6,1.6,stage/fb/putongfuben/naruto_fb_8_2.csv,,,,,,,,
176,10802,,2,<53683;0;50552;0;52593;0>,,,,,,1.3,,1.3,1.3,1.3,1.3,stage/fb/putongfuben/naruto_fb_8_2.csv,,,,,,,,
177,10802,,3,<50013;60632;53772;0;71903;0>,<0;0;0;0;1;0>,TRUE,,,,1.6,,1.6,1.6,1.6,1.6,stage/fb/putongfuben/naruto_fb_8_2.csv,,,,,,,,
178,10803,,1,<50053;53342;52013;52963;0;53683>,,,,,,1.3,,1.3,1.3,1.3,1.3,stage/fb/putongfuben/naruto_fb_8_3.csv,,,,,,,,
179,10803,,2,<50692;50552;53283;50013;50402;52013>,,,,,,1.6,,1.6,1.6,1.6,1.6,stage/fb/putongfuben/naruto_fb_8_3.csv,,,,,,,,
180,10803,,3,<0;0;0;0;73663;0>,<0;0;0;0;1;0>,TRUE,,,,1.3,,1.3,1.3,1.3,1.3,stage/fb/putongfuben/naruto_fb_8_3.csv,,,,,,,,
181,10804,,1,<0;50013;50493;52633;53772;50013>,,,,,,1.6,,1.6,1.6,1.6,1.6,stage/fb/putongfuben/naruto_fb_8_4.csv,,,,,,,,
182,10804,,2,<52963;52013;53511;53511;53511;50552>,,,,,,1.3,,1.3,1.3,1.3,1.3,stage/fb/putongfuben/naruto_fb_8_4.csv,,,,,,,,
183,10804,,3,<0;0;0;0;71293;0>,<0;0;0;0;1;0>,TRUE,,,,1.6,,1.6,1.6,1.6,1.6,stage/fb/putongfuben/naruto_fb_8_4.csv,,,,,,,,
184,10805,,1,<53283;53511;52633;50692;0;50053>,,,,,,1.3,,1.3,1.3,1.3,1.3,stage/fb/putongfuben/naruto_fb_8_5.csv,,,,,,,,
185,10805,,2,<52013;50552;50793;50793;50053;50013>,,,,,,1.6,,1.6,1.6,1.6,1.6,stage/fb/putongfuben/naruto_fb_8_5.csv,,,,,,,,
186,10805,,3,<61394;62242;61772;0;71082;0>,<0;0;0;0;1;0>,TRUE,,,,1.3,,1.3,1.3,1.3,1.3,stage/fb/putongfuben/naruto_fb_8_5.csv,,,,,,,,
187,10806,,1,<50793;50044;0;50493;53772;52683>,,,,,,1.6,,1.6,1.6,1.6,1.6,stage/fb/putongfuben/naruto_fb_8_6.csv,,,,,,,,
188,10806,,2,<50552;50082;53511;50402;53293;50082>,,,,,,1.3,,1.3,1.3,1.3,1.3,stage/fb/putongfuben/naruto_fb_8_6.csv,,,,,,,,
189,10806,,3,<0;60641;0;63181;82401;60503>,<0;0;0;0;1;0>,TRUE,,,,1.6,,1.6,1.6,1.6,1.6,stage/fb/putongfuben/naruto_fb_8_6.csv,,,,,,,,
190,10807,,1,<50793;52073;50402;52843;0;52843>,,,,,,1.3,,1.3,1.3,1.3,1.3,stage/fb/putongfuben/naruto_fb_8_7.csv,,,,,,,,
191,10807,,2,<0;0;0;53283;0;50493>,,,,,,1.6,,1.6,1.6,1.6,1.6,stage/fb/putongfuben/naruto_fb_8_7.csv,,,,,,,,
192,10807,,3,<60632;0;53342;60632;73021;60163>,<0;0;0;0;1;0>,TRUE,,,,1.3,,1.3,1.3,1.3,1.3,stage/fb/putongfuben/naruto_fb_8_7.csv,,,,,,,,
193,10808,,1,<0;52683;0;50493;0;52013>,,,,,,1.6,,1.6,1.6,1.6,1.6,stage/fb/putongfuben/naruto_fb_8_8.csv,,,,,,,,
194,10808,,2,<0;52843;0;53293;52593;50692>,,,,,,1.3,,1.3,1.3,1.3,1.3,stage/fb/putongfuben/naruto_fb_8_8.csv,,,,,,,,
195,10808,,3,<0;0;0;0;81393;0>,<0;0;0;0;1;0>,TRUE,,,,1.6,,1.6,1.6,1.6,1.6,stage/fb/putongfuben/naruto_fb_8_8.csv,,,,,,,,
196,10809,,1,<0;53432;0;53283;0;52612>,,,,,,1.3,,1.3,1.3,1.3,1.3,stage/fb/putongfuben/naruto_fb_8_9.csv,,,,,,,,
197,10809,,2,<50053;0;50493;53342;52683;53472>,,,,,,1.6,,1.6,1.6,1.6,1.6,stage/fb/putongfuben/naruto_fb_8_9.csv,,,,,,,,
198,10809,,3,<60641;60972;60603;0;71293;0>,<0;0;0;0;1;0>,TRUE,,,,1.3,,1.3,1.3,1.3,1.3,stage/fb/putongfuben/naruto_fb_8_9.csv,,,,,,,,
199,10810,,1,<53342;53342;0;50013;52633;53683>,,,,,,1.6,,1.6,1.6,1.6,1.6,stage/fb/putongfuben/naruto_fb_8_10.csv,,,,,,,,
200,10810,,2,<50552;50552;53683;53472;50793;52963>,,,,,,1.3,,1.3,1.3,1.3,1.3,stage/fb/putongfuben/naruto_fb_8_10.csv,,,,,,,,
201,10810,,3,<0;0;0;0;80393;0>,<0;0;0;0;1;0>,TRUE,,,,2.4,,2.4,2.4,2.4,2.4,stage/fb/putongfuben/naruto_fb_8_10.csv,,,,,,,,
202,10901,,1,<50793;50273;53342;50692;0;50692>,,,,,,1.3,,1.3,1.3,1.3,1.3,stage/fb/putongfuben/naruto_fb_9_1.csv,,,,,,,,
203,10901,,2,<52843;53511;50493;50402;53772;53772>,,,,,,1.6,,1.6,1.6,1.6,1.6,stage/fb/putongfuben/naruto_fb_9_1.csv,,,,,,,,
204,10901,,3,<61032;0;60712;60731;70611;62723>,<0;0;0;0;1;0>,TRUE,,,,1.3,,1.3,1.3,1.3,1.3,stage/fb/putongfuben/naruto_fb_9_1.csv,,,,,,,,
205,10902,,1,<0;53472;50013;50013;52843;52593>,,,,,,1.6,,1.6,1.6,1.6,1.6,stage/fb/putongfuben/naruto_fb_9_2.csv,,,,,,,,
206,10902,,2,<50053;53342;52013;53342;50053;50044>,,,,,,1.3,,1.3,1.3,1.3,1.3,stage/fb/putongfuben/naruto_fb_9_2.csv,,,,,,,,
207,10902,,3,<60603;0;60163;63181;71393;63152>,<0;0;0;0;1;0>,TRUE,,,,1.6,,1.6,1.6,1.6,1.6,stage/fb/putongfuben/naruto_fb_9_2.csv,,,,,,,,
208,10903,,1,<50273;53772;50044;53511;0;53432>,,,,,,1.3,,1.3,1.3,1.3,1.3,stage/fb/putongfuben/naruto_fb_9_3.csv,,,,,,,,
209,10903,,2,<52633;53432;50692;53432;53432;50552>,,,,,,1.6,,1.6,1.6,1.6,1.6,stage/fb/putongfuben/naruto_fb_9_3.csv,,,,,,,,
210,10903,,3,<63251;61841;63251;0;73592;0>,<0;0;0;0;1;0>,TRUE,,,,1.3,,1.3,1.3,1.3,1.3,stage/fb/putongfuben/naruto_fb_9_3.csv,,,,,,,,
211,10904,,1,<50793;53432;0;50793;53772;53472>,,,,,,1.6,,1.6,1.6,1.6,1.6,stage/fb/putongfuben/naruto_fb_9_4.csv,,,,,,,,
212,10904,,2,<50273;52612;53432;53511;50402;50273>,,,,,,1.3,,1.3,1.3,1.3,1.3,stage/fb/putongfuben/naruto_fb_9_4.csv,,,,,,,,
213,10904,,3,<52612;61813;50053;0;71612;0>,<0;0;0;0;1;0>,TRUE,,,,1.6,,1.6,1.6,1.6,1.6,stage/fb/putongfuben/naruto_fb_9_4.csv,,,,,,,,
214,10905,,1,<50402;50793;53472;50793;0;50552>,,,,,,1.3,,1.3,1.3,1.3,1.3,stage/fb/putongfuben/naruto_fb_9_5.csv,,,,,,,,
215,10905,,2,<53511;52073;52683;52843;52612;52843>,,,,,,1.6,,1.6,1.6,1.6,1.6,stage/fb/putongfuben/naruto_fb_9_5.csv,,,,,,,,
216,10905,,3,<60632;0;61841;60603;73251;63592>,<0;0;0;0;1;0>,TRUE,,,,1.3,,1.3,1.3,1.3,1.3,stage/fb/putongfuben/naruto_fb_9_5.csv,,,,,,,,
217,10906,,1,<0;50053;53432;52963;70263;52963>,,,,,,1.6,,1.6,1.6,1.6,1.6,stage/fb/putongfuben/naruto_fb_9_6.csv,,,,,,,,
218,10906,,2,<52073;53683;53342;53772;50402;52593>,,,,,,1.3,,1.3,1.3,1.3,1.3,stage/fb/putongfuben/naruto_fb_9_6.csv,,,,,,,,
219,10906,,3,<60972;0;60883;60883;83021;60333>,<0;0;0;0;1;0>,TRUE,,,,1.6,,1.6,1.6,1.6,1.6,stage/fb/putongfuben/naruto_fb_9_6.csv,,,,,,,,
220,10907,,1,<52633;53293;53511;53432;0;52683>,,,,,,1.3,,1.3,1.3,1.3,1.3,stage/fb/putongfuben/naruto_fb_9_7.csv,,,,,,,,
221,10907,,2,<53772;50273;53342;52963;52013;53472>,,,,,,1.6,,1.6,1.6,1.6,1.6,stage/fb/putongfuben/naruto_fb_9_7.csv,,,,,,,,
222,10907,,3,<60242;61082;60593;0;73143;0>,<0;0;0;0;1;0>,TRUE,,,,1.3,,1.3,1.3,1.3,1.3,stage/fb/putongfuben/naruto_fb_9_7.csv,,,,,,,,
223,10908,,1,<53772;50013;0;50013;52683;52683>,,,,,,1.6,,1.6,1.6,1.6,1.6,stage/fb/putongfuben/naruto_fb_9_8.csv,,,,,,,,
224,10908,,2,<53283;53772;53342;50552;52593;50044>,,,,,,1.3,,1.3,1.3,1.3,1.3,stage/fb/putongfuben/naruto_fb_9_8.csv,,,,,,,,
225,10908,,3,<52013;61293;53772;63152;73161;61911>,<0;0;0;0;1;0>,TRUE,,,,1.6,,1.6,1.6,1.6,1.6,stage/fb/putongfuben/naruto_fb_9_8.csv,,,,,,,,
226,10909,,1,<50692;52612;0;50273;0;53432>,,,,,,1.3,,1.3,1.3,1.3,1.3,stage/fb/putongfuben/naruto_fb_9_9.csv,,,,,,,,
227,10909,,2,<50793;53772;53683;50402;50082;52612>,,,,,,1.6,,1.6,1.6,1.6,1.6,stage/fb/putongfuben/naruto_fb_9_9.csv,,,,,,,,
228,10909,,3,<63543;0;61221;0;80263;0>,<0;0;0;0;1;0>,TRUE,,,,1.3,,1.3,1.3,1.3,1.3,stage/fb/putongfuben/naruto_fb_9_9.csv,,,,,,,,
229,10910,,1,<0;53511;53293;53772;52683;52073>,,,,,,1.6,,1.6,1.6,1.6,1.6,stage/fb/putongfuben/naruto_fb_9_10.csv,,,,,,,,
230,10910,,2,<52612;50082;53432;53283;52963;53511>,,,,,,1.3,,1.3,1.3,1.3,1.3,stage/fb/putongfuben/naruto_fb_9_10.csv,,,,,,,,
231,10910,,3,<63181;0;60731;61394;71393;63592>,<0;0;0;0;1;0>,TRUE,,,,2.4,,2.4,2.4,2.4,2.4,stage/fb/putongfuben/naruto_fb_9_10.csv,,,,,,,,
232,11001,,1,<53472;50082;53511;50013;0;53772>,,,,,,1.3,,1.3,1.3,1.3,1.3,stage/fb/putongfuben/naruto_fb_10_1.csv,,,,,,,,
233,11001,,2,<52683;50692;53432;50082;52073;50552>,,,,,,1.6,,1.6,1.6,1.6,1.6,stage/fb/putongfuben/naruto_fb_10_1.csv,,,,,,,,
234,11001,,3,<61931;60641;62033;0;70593;0>,<0;0;0;0;1;0>,TRUE,,,,1.3,,1.3,1.3,1.3,1.3,stage/fb/putongfuben/naruto_fb_10_1.csv,,,,,,,,
235,11002,,1,<50013;53683;0;53342;52633;52073>,,,,,,1.6,,1.6,1.6,1.6,1.6,stage/fb/putongfuben/naruto_fb_10_2.csv,,,,,,,,
236,11002,,2,<53772;52612;52683;50082;50793;52073>,,,,,,1.3,,1.3,1.3,1.3,1.3,stage/fb/putongfuben/naruto_fb_10_2.csv,,,,,,,,
237,11002,,3,<52612;0;53772;60641;73171;60641>,<0;0;0;0;1;0>,TRUE,,,,1.6,,1.6,1.6,1.6,1.6,stage/fb/putongfuben/naruto_fb_10_2.csv,,,,,,,,
238,11003,,1,<53683;50044;50082;52013;0;53511>,,,,,,1.3,,1.3,1.3,1.3,1.3,stage/fb/putongfuben/naruto_fb_10_3.csv,,,,,,,,
239,11003,,2,<53772;50013;50552;52013;52963;52073>,,,,,,1.6,,1.6,1.6,1.6,1.6,stage/fb/putongfuben/naruto_fb_10_3.csv,,,,,,,,
240,11003,,3,<62023;0;61293;60731;71893;61071>,<0;0;0;0;1;0>,TRUE,,,,1.3,,1.3,1.3,1.3,1.3,stage/fb/putongfuben/naruto_fb_10_3.csv,,,,,,,,
241,11004,,1,<0;53293;52612;50273;50273;50013>,,,,,,1.6,,1.6,1.6,1.6,1.6,stage/fb/putongfuben/naruto_fb_10_4.csv,,,,,,,,
242,11004,,2,<50082;53432;50402;52843;50692;50013>,,,,,,1.3,,1.3,1.3,1.3,1.3,stage/fb/putongfuben/naruto_fb_10_4.csv,,,,,,,,
243,11004,,3,<60863;0;60593;62023;73303;62723>,<0;0;0;0;1;0>,TRUE,,,,1.6,,1.6,1.6,1.6,1.6,stage/fb/putongfuben/naruto_fb_10_4.csv,,,,,,,,
244,11005,,1,<52013;52612;50044;50493;0;50082>,,,,,,1.3,,1.3,1.3,1.3,1.3,stage/fb/putongfuben/naruto_fb_10_5.csv,,,,,,,,
245,11005,,2,<50013;53342;52633;50044;53683;53293>,,,,,,1.6,,1.6,1.6,1.6,1.6,stage/fb/putongfuben/naruto_fb_10_5.csv,,,,,,,,
246,11005,,3,<60883;60863;60863;0;72242;0>,<0;0;0;0;1;0>,TRUE,,,,1.3,,1.3,1.3,1.3,1.3,stage/fb/putongfuben/naruto_fb_10_5.csv,,,,,,,,
247,11006,,1,<53511;52013;0;53772;50692;50402>,,,,,,1.6,,1.6,1.6,1.6,1.6,stage/fb/putongfuben/naruto_fb_10_6.csv,,,,,,,,
248,11006,,2,<52013;52633;50044;50044;53293;52013>,,,,,,1.3,,1.3,1.3,1.3,1.3,stage/fb/putongfuben/naruto_fb_10_6.csv,,,,,,,,
249,11006,,3,<53432;0;50044;0;80572;0>,<0;0;0;0;1;0>,TRUE,,,,1.6,,1.6,1.6,1.6,1.6,stage/fb/putongfuben/naruto_fb_10_6.csv,,,,,,,,
250,11007,,1,<53472;52963;52013;52963;0;52633>,,,,,,1.3,,1.3,1.3,1.3,1.3,stage/fb/putongfuben/naruto_fb_10_7.csv,,,,,,,,
251,11007,,2,<50552;50493;52593;52612;53432;50493>,,,,,,1.6,,1.6,1.6,1.6,1.6,stage/fb/putongfuben/naruto_fb_10_7.csv,,,,,,,,
252,11007,,3,<60603;0;60593;0;71394;0>,<0;0;0;0;1;0>,TRUE,,,,1.3,,1.3,1.3,1.3,1.3,stage/fb/putongfuben/naruto_fb_10_7.csv,,,,,,,,
253,11008,,1,<0;50793;50044;50013;53472;50552>,,,,,,1.6,,1.6,1.6,1.6,1.6,stage/fb/putongfuben/naruto_fb_10_8.csv,,,,,,,,
254,11008,,2,<50082;52683;52013;52612;53283;52843>,,,,,,1.3,,1.3,1.3,1.3,1.3,stage/fb/putongfuben/naruto_fb_10_8.csv,,,,,,,,
255,11008,,3,<60972;0;60741;60641;73251;60741>,<0;0;0;0;1;0>,TRUE,,,,1.6,,1.6,1.6,1.6,1.6,stage/fb/putongfuben/naruto_fb_10_8.csv,,,,,,,,
256,11009,,1,<50082;53283;52612;52593;0;53472>,,,,,,1.3,,1.3,1.3,1.3,1.3,stage/fb/putongfuben/naruto_fb_10_9.csv,,,,,,,,
257,11009,,2,<50082;50552;53683;53683;53342;52013>,,,,,,1.6,,1.6,1.6,1.6,1.6,stage/fb/putongfuben/naruto_fb_10_9.csv,,,,,,,,
258,11009,,3,<61303;0;0;0;81423;0>,<0;0;0;0;1;0>,TRUE,,,,1.3,,1.3,1.3,1.3,1.3,stage/fb/putongfuben/naruto_fb_10_9.csv,,,,,,,,
259,11010,,1,<50402;50552;0;52593;53683;50793>,,,,,,1.6,,1.6,1.6,1.6,1.6,stage/fb/putongfuben/naruto_fb_10_10.csv,,,,,,,,
260,11010,,2,<50402;50402;52963;52843;53283;53683>,,,,,,1.3,,1.3,1.3,1.3,1.3,stage/fb/putongfuben/naruto_fb_10_10.csv,,,,,,,,
261,11010,,3,<0;0;0;0;80572;0>,<0;0;0;0;1;0>,TRUE,,,,2.4,,2.4,2.4,2.4,2.4,stage/fb/putongfuben/naruto_fb_10_10.csv,,,,,,,,
262,11101,,1,<53683;60712;52633;50273;0;50402>,,,,,,1.3,,1.3,1.3,1.3,1.3,stage/fb/putongfuben/naruto_fb_11_1.csv,,,,,,,,
263,11101,,2,<50493;52013;53511;53683;52073;50053>,,,,,,1.6,,1.6,1.6,1.6,1.6,stage/fb/putongfuben/naruto_fb_11_1.csv,,,,,,,,
264,11101,,3,<63251;0;60242;62242;71032;60333>,<0;0;0;0;1;0>,TRUE,,,,1.3,,1.3,1.3,1.3,1.3,stage/fb/putongfuben/naruto_fb_11_1.csv,,,,,,,,
265,11102,,1,<0;52633;50793;52683;50793;50493>,,,,,,1.6,,1.6,1.6,1.6,1.6,stage/fb/putongfuben/naruto_fb_11_2.csv,,,,,,,,
266,11102,,2,<53683;53683;52612;52073;50044;50793>,,,,,,1.3,,1.3,1.3,1.3,1.3,stage/fb/putongfuben/naruto_fb_11_2.csv,,,,,,,,
267,11102,,3,<61612;0;61293;60641;70572;60242>,<0;0;0;0;1;0>,TRUE,,,,1.6,,1.6,1.6,1.6,1.6,stage/fb/putongfuben/naruto_fb_11_2.csv,,,,,,,,
268,11103,,1,<53511;53283;53472;53511;0;53472>,,,,,,1.3,,1.3,1.3,1.3,1.3,stage/fb/putongfuben/naruto_fb_11_3.csv,,,,,,,,
269,11103,,2,<50402;52013;52073;52843;50552;50552>,,,,,,1.6,,1.6,1.6,1.6,1.6,stage/fb/putongfuben/naruto_fb_11_3.csv,,,,,,,,
270,11103,,3,<61394;62242;61253;0;70603;0>,<0;0;0;0;1;0>,TRUE,,,,1.3,,1.3,1.3,1.3,1.3,stage/fb/putongfuben/naruto_fb_11_3.csv,,,,,,,,
271,11104,,1,<52633;52963;0;50053;52963;52963>,,,,,,1.6,,1.6,1.6,1.6,1.6,stage/fb/putongfuben/naruto_fb_11_4.csv,,,,,,,,
272,11104,,2,<50793;50044;50552;52612;50402;52612>,,,,,,1.3,,1.3,1.3,1.3,1.3,stage/fb/putongfuben/naruto_fb_11_4.csv,,,,,,,,
273,11104,,3,<52013;60163;50273;61032;71931;61253>,<0;0;0;0;1;0>,TRUE,,,,1.6,,1.6,1.6,1.6,1.6,stage/fb/putongfuben/naruto_fb_11_4.csv,,,,,,,,
274,11105,,1,<52013;50402;53432;50793;0;50082>,,,,,,1.3,,1.3,1.3,1.3,1.3,stage/fb/putongfuben/naruto_fb_11_5.csv,,,,,,,,
275,11105,,2,<50692;53683;53342;50793;50552;50793>,,,,,,1.6,,1.6,1.6,1.6,1.6,stage/fb/putongfuben/naruto_fb_11_5.csv,,,,,,,,
276,11105,,3,<62033;0;61903;60712;71423;61071>,<0;0;0;0;1;0>,TRUE,,,,1.3,,1.3,1.3,1.3,1.3,stage/fb/putongfuben/naruto_fb_11_5.csv,,,,,,,,
277,11106,,1,<0;53342;53293;52963;50013;52683>,,,,,,1.6,,1.6,1.6,1.6,1.6,stage/fb/putongfuben/naruto_fb_11_6.csv,,,,,,,,
278,11106,,2,<53511;52963;52633;53511;52073;52013>,,,,,,1.3,,1.3,1.3,1.3,1.3,stage/fb/putongfuben/naruto_fb_11_6.csv,,,,,,,,
279,11106,,3,<63543;0;60242;61931;81231;61772>,<0;0;0;0;1;0>,TRUE,,,,1.6,,1.6,1.6,1.6,1.6,stage/fb/putongfuben/naruto_fb_11_6.csv,,,,,,,,
280,11107,,1,<52843;50552;52963;53293;0;53683>,,,,,,1.3,,1.3,1.3,1.3,1.3,stage/fb/putongfuben/naruto_fb_11_7.csv,,,,,,,,
281,11107,,2,<53283;53683;53283;50552;52683;53283>,,,,,,1.6,,1.6,1.6,1.6,1.6,stage/fb/putongfuben/naruto_fb_11_7.csv,,,,,,,,
282,11107,,3,<53511;63251;61293;0;70731;0>,<0;0;0;0;1;0>,TRUE,,,,1.3,,1.3,1.3,1.3,1.3,stage/fb/putongfuben/naruto_fb_11_7.csv,,,,,,,,
283,11108,,1,<53683;52843;0;52683;53293;52612>,,,,,,1.6,,1.6,1.6,1.6,1.6,stage/fb/putongfuben/naruto_fb_11_8.csv,,,,,,,,
284,11108,,2,<52963;50082;50053;52073;53342;53511>,,,,,,1.3,,1.3,1.3,1.3,1.3,stage/fb/putongfuben/naruto_fb_11_8.csv,,,,,,,,
285,11108,,3,<53432;60632;52593;60242;70163;63152>,<0;0;0;0;1;0>,TRUE,,,,1.6,,1.6,1.6,1.6,1.6,stage/fb/putongfuben/naruto_fb_11_8.csv,,,,,,,,
286,11109,,1,<52013;52843;50082;50044;0;53511>,,,,,,1.3,,1.3,1.3,1.3,1.3,stage/fb/putongfuben/naruto_fb_11_9.csv,,,,,,,,
287,11109,,2,<52013;53511;50013;50273;53283;50044>,,,,,,1.6,,1.6,1.6,1.6,1.6,stage/fb/putongfuben/naruto_fb_11_9.csv,,,,,,,,
288,11109,,3,<62242;0;63663;61903;80771;60593>,<0;0;0;0;1;0>,TRUE,,,,1.3,,1.3,1.3,1.3,1.3,stage/fb/putongfuben/naruto_fb_11_9.csv,,,,,,,,
289,11110,,1,<0;50402;52013;52843;50552;50082>,,,,,,1.6,,1.6,1.6,1.6,1.6,stage/fb/putongfuben/naruto_fb_11_10.csv,,,,,,,,
290,11110,,2,<50273;52633;52633;53432;50793;50692>,,,,,,1.3,,1.3,1.3,1.3,1.3,stage/fb/putongfuben/naruto_fb_11_10.csv,,,,,,,,
291,11110,,3,<0;0;0;0;80701;0>,<0;0;0;0;1;0>,TRUE,,,,2.4,,2.4,2.4,2.4,2.4,stage/fb/putongfuben/naruto_fb_11_10.csv,,,,,,,,
292,11201,,1,<52633;53472;52843;53342;0;50273>,,,,,,1.3,,1.3,1.3,1.3,1.3,stage/fb/putongfuben/naruto_fb_12_1.csv,,,,,,,,
293,11201,,2,<53683;52843;50793;52612;53432;53342>,,,,,,1.6,,1.6,1.6,1.6,1.6,stage/fb/putongfuben/naruto_fb_12_1.csv,,,,,,,,
294,11201,,3,<61082;62723;60731;0;73663;0>,<0;0;0;0;1;0>,TRUE,,,,1.3,,1.3,1.3,1.3,1.3,stage/fb/putongfuben/naruto_fb_12_1.csv,,,,,,,,
295,11202,,1,<53342;50402;0;53293;53772;53283>,,,,,,1.6,,1.6,1.6,1.6,1.6,stage/fb/putongfuben/naruto_fb_12_2.csv,,,,,,,,
296,11202,,2,<53772;52612;50552;53683;50053;53683>,,,,,,1.3,,1.3,1.3,1.3,1.3,stage/fb/putongfuben/naruto_fb_12_2.csv,,,,,,,,
297,11202,,3,<53772;60503;52612;61082;70863;61293>,<0;0;0;0;1;0>,TRUE,,,,1.6,,1.6,1.6,1.6,1.6,stage/fb/putongfuben/naruto_fb_12_2.csv,,,,,,,,
298,11203,,1,<50273;52633;50053;53293;0;53293>,,,,,,1.3,,1.3,1.3,1.3,1.3,stage/fb/putongfuben/naruto_fb_12_3.csv,,,,,,,,
299,11203,,2,<53772;60731;52683;50692;50273;52683>,,,,,,1.6,,1.6,1.6,1.6,1.6,stage/fb/putongfuben/naruto_fb_12_3.csv,,,,,,,,
300,11203,,3,<60641;0;61903;60242;77001;61841>,<0;0;0;0;1;0>,TRUE,,,,1.3,,1.3,1.3,1.3,1.3,stage/fb/putongfuben/naruto_fb_12_3.csv,,,,,,,,
301,11204,,1,<0;52633;50402;53472;50013;53432>,,,,,,1.6,,1.6,1.6,1.6,1.6,stage/fb/putongfuben/naruto_fb_12_4.csv,,,,,,,,
302,11204,,2,<53342;50402;50044;50053;50793;52843>,,,,,,1.3,,1.3,1.3,1.3,1.3,stage/fb/putongfuben/naruto_fb_12_4.csv,,,,,,,,
303,11204,,3,<60641;0;60603;61772;71813;60972>,<0;0;0;0;1;0>,TRUE,,,,1.6,,1.6,1.6,1.6,1.6,stage/fb/putongfuben/naruto_fb_12_4.csv,,,,,,,,
304,11205,,1,<50273;50082;53772;53293;0;53293>,,,,,,1.3,,1.3,1.3,1.3,1.3,stage/fb/putongfuben/naruto_fb_12_5.csv,,,,,,,,
305,11205,,2,<53472;50044;52683;52073;50402;50692>,,,,,,1.6,,1.6,1.6,1.6,1.6,stage/fb/putongfuben/naruto_fb_12_5.csv,,,,,,,,
306,11205,,3,<60712;60163;60741;0;70163;0>,<0;0;0;0;1;0>,TRUE,,,,1.3,,1.3,1.3,1.3,1.3,stage/fb/putongfuben/naruto_fb_12_5.csv,,,,,,,,
307,11206,,1,<50013;50552;0;52612;50013;53683>,,,,,,1.6,,1.6,1.6,1.6,1.6,stage/fb/putongfuben/naruto_fb_12_6.csv,,,,,,,,
308,11206,,2,<50044;52843;50082;52013;52013;50044>,,,,,,1.3,,1.3,1.3,1.3,1.3,stage/fb/putongfuben/naruto_fb_12_6.csv,,,,,,,,
309,11206,,3,<53772;62023;52633;61032;83303;60593>,<0;0;0;0;1;0>,TRUE,,,,1.6,,1.6,1.6,1.6,1.6,stage/fb/putongfuben/naruto_fb_12_6.csv,,,,,,,,
310,11207,,1,<50053;50013;50013;53432;0;53342>,,,,,,1.3,,1.3,1.3,1.3,1.3,stage/fb/putongfuben/naruto_fb_12_7.csv,,,,,,,,
311,11207,,2,<50793;50053;53342;52633;52593;52963>,,,,,,1.6,,1.6,1.6,1.6,1.6,stage/fb/putongfuben/naruto_fb_12_7.csv,,,,,,,,
312,11207,,3,<62033;0;60503;62242;71032;60593>,<0;0;0;0;1;0>,TRUE,,,,1.3,,1.3,1.3,1.3,1.3,stage/fb/putongfuben/naruto_fb_12_7.csv,,,,,,,,
313,11208,,1,<0;53772;53683;52073;52963;52963>,,,,,,1.6,,1.6,1.6,1.6,1.6,stage/fb/putongfuben/naruto_fb_12_8.csv,,,,,,,,
314,11208,,2,<50013;52683;50552;50402;53283;53772>,,,,,,1.3,,1.3,1.3,1.3,1.3,stage/fb/putongfuben/naruto_fb_12_8.csv,,,,,,,,
315,11208,,3,<60972;0;60603;60741;70333;60731>,<0;0;0;0;1;0>,TRUE,,,,1.6,,1.6,1.6,1.6,1.6,stage/fb/putongfuben/naruto_fb_12_8.csv,,,,,,,,
316,11209,,1,<52683;60242;50552;53293;0;50273>,,,,,,1.3,,1.3,1.3,1.3,1.3,stage/fb/putongfuben/naruto_fb_12_9.csv,,,,,,,,
317,11209,,2,<52073;52073;53293;50273;53472;52843>,,,,,,1.6,,1.6,1.6,1.6,1.6,stage/fb/putongfuben/naruto_fb_12_9.csv,,,,,,,,
318,11209,,3,<63543;63161;63592;0;83303;0>,<0;0;0;0;1;0>,TRUE,,,,1.3,,1.3,1.3,1.3,1.3,stage/fb/putongfuben/naruto_fb_12_9.csv,,,,,,,,
319,11210,,1,<50402;53472;0;50493;52843;53283>,,,,,,1.6,,1.6,1.6,1.6,1.6,stage/fb/putongfuben/naruto_fb_12_10.csv,,,,,,,,
320,11210,,2,<52593;50402;53283;50552;52843;50053>,,,,,,1.3,,1.3,1.3,1.3,1.3,stage/fb/putongfuben/naruto_fb_12_10.csv,,,,,,,,
321,11210,,3,<0;0;0;0;83303;0>,<0;0;0;0;1;0>,TRUE,,,,2.4,,2.4,2.4,2.4,2.4,stage/fb/putongfuben/naruto_fb_12_10.csv,,,,,,,,
322,11301,,1,<53772;53283;52963;50692;0;52843>,,,,,,1.3,,1.3,1.3,1.3,1.3,stage/fb/putongfuben/naruto_fb_13_1.csv,,,,,,,,
323,11301,,2,<50493;53293;50053;50044;53772;50053>,,,,,,1.6,,1.6,1.6,1.6,1.6,stage/fb/putongfuben/naruto_fb_13_1.csv,,,,,,,,
324,11301,,3,<61772;63181;62033;0;71032;0>,<0;0;0;0;1;0>,TRUE,,,,1.3,,1.3,1.3,1.3,1.3,stage/fb/putongfuben/naruto_fb_13_1.csv,,,,,,,,
325,11302,,1,<53342;53432;0;53511;50493;50082>,,,,,,1.6,,1.6,1.6,1.6,1.6,stage/fb/putongfuben/naruto_fb_13_2.csv,,,,,,,,
326,11302,,2,<50013;50493;52612;50082;52963;50044>,,,,,,1.3,,1.3,1.3,1.3,1.3,stage/fb/putongfuben/naruto_fb_13_2.csv,,,,,,,,
327,11302,,3,<52612;63161;52633;53772;71772;53772>,<0;0;0;0;1;0>,TRUE,,,,1.6,,1.6,1.6,1.6,1.6,stage/fb/putongfuben/naruto_fb_13_2.csv,,,,,,,,
328,11303,,1,<50402;53432;52073;53283;0;53772>,,,,,,1.3,,1.3,1.3,1.3,1.3,stage/fb/putongfuben/naruto_fb_13_3.csv,,,,,,,,
329,11303,,2,<52073;50692;53293;50044;50493;52073>,,,,,,1.6,,1.6,1.6,1.6,1.6,stage/fb/putongfuben/naruto_fb_13_3.csv,,,,,,,,
330,11303,,3,<63592;0;80771;63003;72233;63003>,<0;0;0;0;1;0>,TRUE,,,,1.3,,1.3,1.3,1.3,1.3,stage/fb/putongfuben/naruto_fb_13_3.csv,,,,,,,,
331,11304,,1,<0;50044;50552;52683;50013;50044>,,,,,,1.6,,1.6,1.6,1.6,1.6,stage/fb/putongfuben/naruto_fb_13_4.csv,,,,,,,,
332,11304,,2,<53293;52073;53683;53683;53683;50692>,,,,,,1.3,,1.3,1.3,1.3,1.3,stage/fb/putongfuben/naruto_fb_13_4.csv,,,,,,,,
333,11304,,3,<61221;0;60632;61772;73303;63003>,<0;0;0;0;1;0>,TRUE,,,,1.6,,1.6,1.6,1.6,1.6,stage/fb/putongfuben/naruto_fb_13_4.csv,,,,,,,,
334,11305,,1,<53342;53683;52683;50793;0;50082>,,,,,,1.3,,1.3,1.3,1.3,1.3,stage/fb/putongfuben/naruto_fb_13_5.csv,,,,,,,,
335,11305,,2,<52073;50692;52013;52013;50082;50044>,,,,,,1.6,,1.6,1.6,1.6,1.6,stage/fb/putongfuben/naruto_fb_13_5.csv,,,,,,,,
336,11305,,3,<61813;62723;61813;0;70393;0>,<0;0;0;0;1;0>,TRUE,,,,1.3,,1.3,1.3,1.3,1.3,stage/fb/putongfuben/naruto_fb_13_5.csv,,,,,,,,
337,11306,,1,<52593;50053;0;50552;50013;52843>,,,,,,1.6,,1.6,1.6,1.6,1.6,stage/fb/putongfuben/naruto_fb_13_6.csv,,,,,,,,
338,11306,,2,<50793;50273;53683;50493;53342;50273>,,,,,,1.3,,1.3,1.3,1.3,1.3,stage/fb/putongfuben/naruto_fb_13_6.csv,,,,,,,,
339,11306,,3,<50493;61612;52843;63251;80263;60593>,<0;0;0;0;1;0>,TRUE,,,,1.6,,1.6,1.6,1.6,1.6,stage/fb/putongfuben/naruto_fb_13_6.csv,,,,,,,,
340,11307,,1,<52073;52593;50493;52963;0;52963>,,,,,,1.3,,1.3,1.3,1.3,1.3,stage/fb/putongfuben/naruto_fb_13_7.csv,,,,,,,,
341,11307,,2,<52683;50493;50044;53472;50053;52593>,,,,,,1.6,,1.6,1.6,1.6,1.6,stage/fb/putongfuben/naruto_fb_13_7.csv,,,,,,,,
342,11307,,3,<60641;0;53432;60611;73171;53432>,<0;0;0;0;1;0>,TRUE,,,,1.3,,1.3,1.3,1.3,1.3,stage/fb/putongfuben/naruto_fb_13_7.csv,,,,,,,,
343,11308,,1,<0;52843;50273;50793;50082;52593>,,,,,,1.6,,1.6,1.6,1.6,1.6,stage/fb/putongfuben/naruto_fb_13_8.csv,,,,,,,,
344,11308,,2,<50493;53432;53432;53342;52612;50793>,,,,,,1.3,,1.3,1.3,1.3,1.3,stage/fb/putongfuben/naruto_fb_13_8.csv,,,,,,,,
345,11308,,3,<61903;0;63003;61032;73353;61071>,<0;0;0;0;1;0>,TRUE,,,,1.6,,1.6,1.6,1.6,1.6,stage/fb/putongfuben/naruto_fb_13_8.csv,,,,,,,,
346,11309,,1,<52612;53472;53283;53293;0;52633>,,,,,,1.3,,1.3,1.3,1.3,1.3,stage/fb/putongfuben/naruto_fb_13_9.csv,,,,,,,,
347,11309,,2,<50493;53472;52073;53432;52843;53511>,,,,,,1.6,,1.6,1.6,1.6,1.6,stage/fb/putongfuben/naruto_fb_13_9.csv,,,,,,,,
348,11309,,3,<61841;60603;61903;0;83673;0>,<0;0;0;0;1;0>,TRUE,,,,1.3,,1.3,1.3,1.3,1.3,stage/fb/putongfuben/naruto_fb_13_9.csv,,,,,,,,
349,11310,,1,<53472;53432;0;50044;52683;53772>,,,,,,1.6,,1.6,1.6,1.6,1.6,stage/fb/putongfuben/naruto_fb_13_10.csv,,,,,,,,
350,11310,,2,<52073;50692;53772;53511;52013;53283>,,,,,,1.3,,1.3,1.3,1.3,1.3,stage/fb/putongfuben/naruto_fb_13_10.csv,,,,,,,,
351,11310,,3,<0;0;0;0;82233;0>,<0;0;0;0;1;0>,TRUE,,,,2.4,,2.4,2.4,2.4,2.4,stage/fb/putongfuben/naruto_fb_13_10.csv,,,,,,,,
352,11401,,1,<53683;50273;53683;50044;0;50013>,,,,,,1.3,,1.3,1.3,1.3,1.3,stage/fb/putongfuben/naruto_fb_14_1.csv,,,,,,,,
353,11401,,2,<52843;50793;53472;50273;52593;50692>,,,,,,1.6,,1.6,1.6,1.6,1.6,stage/fb/putongfuben/naruto_fb_14_1.csv,,,,,,,,
354,11401,,3,<62242;60712;62242;0;70242;0>,<0;0;0;0;1;0>,TRUE,,,,1.3,,1.3,1.3,1.3,1.3,stage/fb/putongfuben/naruto_fb_14_1.csv,,,,,,,,
355,11402,,1,<50044;53772;0;53432;52683;52593>,,,,,,1.6,,1.6,1.6,1.6,1.6,stage/fb/putongfuben/naruto_fb_14_2.csv,,,,,,,,
356,11402,,2,<50044;52633;52843;50273;52013;52593>,,,,,,1.3,,1.3,1.3,1.3,1.3,stage/fb/putongfuben/naruto_fb_14_2.csv,,,,,,,,
357,11402,,3,<52843;61772;50493;60712;77001;60712>,<0;0;0;0;1;0>,TRUE,,,,1.6,,1.6,1.6,1.6,1.6,stage/fb/putongfuben/naruto_fb_14_2.csv,,,,,,,,
358,11403,,1,<50013;50053;50273;52073;0;53683>,,,,,,1.3,,1.3,1.3,1.3,1.3,stage/fb/putongfuben/naruto_fb_14_3.csv,,,,,,,,
359,11403,,2,<50013;50044;50692;52073;53283;52593>,,,,,,1.6,,1.6,1.6,1.6,1.6,stage/fb/putongfuben/naruto_fb_14_3.csv,,,,,,,,
360,11403,,3,<62723;0;61303;60641;73181;60863>,<0;0;0;0;1;0>,TRUE,,,,1.3,,1.3,1.3,1.3,1.3,stage/fb/putongfuben/naruto_fb_14_3.csv,,,,,,,,
361,11404,,1,<0;53342;52633;50402;50402;50044>,,,,,,1.6,,1.6,1.6,1.6,1.6,stage/fb/putongfuben/naruto_fb_14_4.csv,,,,,,,,
362,11404,,2,<50552;53472;50493;52963;50793;50044>,,,,,,1.3,,1.3,1.3,1.3,1.3,stage/fb/putongfuben/naruto_fb_14_4.csv,,,,,,,,
363,11404,,3,<61071;0;60611;61911;70163;62033>,<0;0;0;0;1;0>,TRUE,,,,1.6,,1.6,1.6,1.6,1.6,stage/fb/putongfuben/naruto_fb_14_4.csv,,,,,,,,
364,11405,,1,<52593;52633;50053;50552;0;50273>,,,,,,1.3,,1.3,1.3,1.3,1.3,stage/fb/putongfuben/naruto_fb_14_5.csv,,,,,,,,
365,11405,,2,<50082;53432;52683;50053;53772;53342>,,,,,,1.6,,1.6,1.6,1.6,1.6,stage/fb/putongfuben/naruto_fb_14_5.csv,,,,,,,,
366,11405,,3,<61032;60883;60883;0;70593;0>,<0;0;0;0;1;0>,TRUE,,,,1.3,,1.3,1.3,1.3,1.3,stage/fb/putongfuben/naruto_fb_14_5.csv,,,,,,,,
367,11406,,1,<53683;52073;0;50013;50793;50493>,,,,,,1.6,,1.6,1.6,1.6,1.6,stage/fb/putongfuben/naruto_fb_14_6.csv,,,,,,,,
368,11406,,2,<52612;52683;50053;50053;53342;52073>,,,,,,1.3,,1.3,1.3,1.3,1.3,stage/fb/putongfuben/naruto_fb_14_6.csv,,,,,,,,
369,11406,,3,<53283;60712;50402;61841;81503;61253>,<0;0;0;0;1;0>,TRUE,,,,1.6,,1.6,1.6,1.6,1.6,stage/fb/putongfuben/naruto_fb_14_6.csv,,,,,,,,
370,11407,,1,<53511;53283;52073;53283;0;52683>,,,,,,1.3,,1.3,1.3,1.3,1.3,stage/fb/putongfuben/naruto_fb_14_7.csv,,,,,,,,
371,11407,,2,<50692;50552;52612;52633;53472;50552>,,,,,,1.6,,1.6,1.6,1.6,1.6,stage/fb/putongfuben/naruto_fb_14_7.csv,,,,,,,,
372,11407,,3,<63663;0;61772;63152;73353;63663>,<0;0;0;0;1;0>,TRUE,,,,1.3,,1.3,1.3,1.3,1.3,stage/fb/putongfuben/naruto_fb_14_7.csv,,,,,,,,
373,11408,,1,<0;52013;50053;50044;53511;50692>,,,,,,1.6,,1.6,1.6,1.6,1.6,stage/fb/putongfuben/naruto_fb_14_8.csv,,,,,,,,
374,11408,,2,<50402;52843;52073;52633;53293;52963>,,,,,,1.3,,1.3,1.3,1.3,1.3,stage/fb/putongfuben/naruto_fb_14_8.csv,,,,,,,,
375,11408,,3,<62033;0;61293;60632;71841;60731>,<0;0;0;0;1;0>,TRUE,,,,1.6,,1.6,1.6,1.6,1.6,stage/fb/putongfuben/naruto_fb_14_8.csv,,,,,,,,
376,11409,,1,<50552;53293;52633;52612;0;53511>,,,,,,1.3,,1.3,1.3,1.3,1.3,stage/fb/putongfuben/naruto_fb_14_9.csv,,,,,,,,
377,11409,,2,<50273;50692;53772;53772;53432;52073>,,,,,,1.6,,1.6,1.6,1.6,1.6,stage/fb/putongfuben/naruto_fb_14_9.csv,,,,,,,,
378,11409,,3,<61612;80721;61071;0;87001;0>,<0;0;0;0;1;0>,TRUE,,,,1.3,,1.3,1.3,1.3,1.3,stage/fb/putongfuben/naruto_fb_14_9.csv,,,,,,,,
379,11410,,1,<50493;50692;0;52612;53772;52013>,,,,,,1.6,,1.6,1.6,1.6,1.6,stage/fb/putongfuben/naruto_fb_14_10.csv,,,,,,,,
380,11410,,2,<50552;50493;53283;52963;53293;53772>,,,,,,1.3,,1.3,1.3,1.3,1.3,stage/fb/putongfuben/naruto_fb_14_10.csv,,,,,,,,
381,11410,,3,<0;0;0;0;81231;0>,<0;0;0;0;1;0>,TRUE,,,,2.4,,2.4,2.4,2.4,2.4,stage/fb/putongfuben/naruto_fb_14_10.csv,,,,,,,,
382,11501,,1,<50044;60741;52843;50402;0;50493>,,,,,,1.3,,1.3,1.3,1.3,1.3,stage/fb/putongfuben/naruto_fb_15_1.csv,,,,,,,,
383,11501,,2,<50552;52073;53683;53772;52593;50082>,,,,,,1.6,,1.6,1.6,1.6,1.6,stage/fb/putongfuben/naruto_fb_15_1.csv,,,,,,,,
384,11501,,3,<63592;0;60333;0;70972;0>,<0;0;0;0;1;0>,TRUE,,,,1.3,,1.3,1.3,1.3,1.3,stage/fb/putongfuben/naruto_fb_15_1.csv,,,,,,,,
385,11502,,1,<0;52683;0;52633;50692;50402>,,,,,,1.6,,1.6,1.6,1.6,1.6,stage/fb/putongfuben/naruto_fb_15_2.csv,,,,,,,,
386,11502,,2,<53772;53772;52633;52593;50053;52013>,,,,,,1.3,,1.3,1.3,1.3,1.3,stage/fb/putongfuben/naruto_fb_15_2.csv,,,,,,,,
387,11502,,3,<53511;0;50692;60632;71394;60163>,<0;0;0;0;1;0>,TRUE,,,,1.6,,1.6,1.6,1.6,1.6,stage/fb/putongfuben/naruto_fb_15_2.csv,,,,,,,,
388,11503,,1,<53772;53293;53511;53683;0;53511>,,,,,,1.3,,1.3,1.3,1.3,1.3,stage/fb/putongfuben/naruto_fb_15_3.csv,,,,,,,,
389,11503,,2,<50493;52073;52593;52963;50692;50692>,,,,,,1.6,,1.6,1.6,1.6,1.6,stage/fb/putongfuben/naruto_fb_15_3.csv,,,,,,,,
390,11503,,3,<61612;0;61071;0;71423;0>,<0;0;0;0;1;0>,TRUE,,,,1.3,,1.3,1.3,1.3,1.3,stage/fb/putongfuben/naruto_fb_15_3.csv,,,,,,,,
391,11504,,1,<0;52843;0;50044;52843;52843>,,,,,,1.6,,1.6,1.6,1.6,1.6,stage/fb/putongfuben/naruto_fb_15_4.csv,,,,,,,,
392,11504,,2,<52073;50053;50692;52633;50493;52633>,,,,,,1.3,,1.3,1.3,1.3,1.3,stage/fb/putongfuben/naruto_fb_15_4.csv,,,,,,,,
393,11504,,3,<61813;0;61303;61221;71903;61394>,<0;0;0;0;1;0>,TRUE,,,,1.6,,1.6,1.6,1.6,1.6,stage/fb/putongfuben/naruto_fb_15_4.csv,,,,,,,,
394,11505,,1,<52073;50493;53472;52013;0;50273>,,,,,,1.3,,1.3,1.3,1.3,1.3,stage/fb/putongfuben/naruto_fb_15_5.csv,,,,,,,,
395,11505,,2,<52013;53772;53432;52013;50692;52013>,,,,,,1.6,,1.6,1.6,1.6,1.6,stage/fb/putongfuben/naruto_fb_15_5.csv,,,,,,,,
396,11505,,3,<63003;0;61911;0;77001;0>,<0;0;0;0;1;0>,TRUE,,,,1.3,,1.3,1.3,1.3,1.3,stage/fb/putongfuben/naruto_fb_15_5.csv,,,,,,,,
397,11506,,1,<0;53432;0;52843;53772;52633>,,,,,,1.6,,1.6,1.6,1.6,1.6,stage/fb/putongfuben/naruto_fb_15_6.csv,,,,,,,,
398,11506,,2,<50013;53283;52683;53683;52593;52073>,,,,,,1.3,,1.3,1.3,1.3,1.3,stage/fb/putongfuben/naruto_fb_15_6.csv,,,,,,,,
399,11506,,3,<52633;0;52073;61911;80263;61612>,<0;0;0;0;1;0>,TRUE,,,,1.6,,1.6,1.6,1.6,1.6,stage/fb/putongfuben/naruto_fb_15_6.csv,,,,,,,,
400,11507,,1,<53293;50692;53283;53342;0;53772>,,,,,,1.3,,1.3,1.3,1.3,1.3,stage/fb/putongfuben/naruto_fb_15_7.csv,,,,,,,,
401,11507,,2,<53293;53772;53293;50692;52843;53293>,,,,,,1.6,,1.6,1.6,1.6,1.6,stage/fb/putongfuben/naruto_fb_15_7.csv,,,,,,,,
402,11507,,3,<53683;0;60632;0;71612;0>,<0;0;0;0;1;0>,TRUE,,,,1.3,,1.3,1.3,1.3,1.3,stage/fb/putongfuben/naruto_fb_15_7.csv,,,,,,,,
403,11508,,1,<0;52593;0;52633;53283;52593>,,,,,,1.6,,1.6,1.6,1.6,1.6,stage/fb/putongfuben/naruto_fb_15_8.csv,,,,,,,,
404,11508,,2,<53342;50273;50082;52593;53432;53683>,,,,,,1.3,,1.3,1.3,1.3,1.3,stage/fb/putongfuben/naruto_fb_15_8.csv,,,,,,,,
405,11508,,3,<61082;0;60972;60333;70701;63161>,<0;0;0;0;1;0>,TRUE,,,,1.6,,1.6,1.6,1.6,1.6,stage/fb/putongfuben/naruto_fb_15_8.csv,,,,,,,,
406,11509,,1,<52593;52963;50273;50053;0;53683>,,,,,,1.3,,1.3,1.3,1.3,1.3,stage/fb/putongfuben/naruto_fb_15_9.csv,,,,,,,,
407,11509,,2,<52073;53683;50044;50402;53293;50053>,,,,,,1.6,,1.6,1.6,1.6,1.6,stage/fb/putongfuben/naruto_fb_15_9.csv,,,,,,,,
408,11509,,3,<62723;0;60163;0;82233;0>,<0;0;0;0;1;0>,TRUE,,,,1.3,,1.3,1.3,1.3,1.3,stage/fb/putongfuben/naruto_fb_15_9.csv,,,,,,,,
409,11510,,1,<0;50493;0;52683;50493;50053>,,,,,,1.6,,1.6,1.6,1.6,1.6,stage/fb/putongfuben/naruto_fb_15_10.csv,,,,,,,,
410,11510,,2,<50493;52683;52683;53472;52013;50793>,,,,,,1.3,,1.3,1.3,1.3,1.3,stage/fb/putongfuben/naruto_fb_15_10.csv,,,,,,,,
411,11510,,3,<0;0;0;0;81951;0>,<0;0;0;0;1;0>,TRUE,,,,2.4,,2.4,2.4,2.4,2.4,stage/fb/putongfuben/naruto_fb_15_10.csv,,,,,,,,
412,11601,,1,<52683;53511;52963;53432;0;50402>,,,,,,1.3,,1.3,1.3,1.3,1.3,stage/fb/putongfuben/naruto_fb_16_1.csv,,,,,,,,
413,11601,,2,<50044;52963;52013;52633;53472;53432>,,,,,,1.6,,1.6,1.6,1.6,1.6,stage/fb/putongfuben/naruto_fb_16_1.csv,,,,,,,,
414,11601,,3,<61253;63003;60741;0;71231;0>,<0;0;0;0;1;0>,TRUE,,,,1.3,,1.3,1.3,1.3,1.3,stage/fb/putongfuben/naruto_fb_16_1.csv,,,,,,,,
415,11602,,1,<53432;50493;0;53342;50013;53293>,,,,,,1.6,,1.6,1.6,1.6,1.6,stage/fb/putongfuben/naruto_fb_16_2.csv,,,,,,,,
416,11602,,2,<50044;52633;50692;53772;50082;53772>,,,,,,1.3,,1.3,1.3,1.3,1.3,stage/fb/putongfuben/naruto_fb_16_2.csv,,,,,,,,
417,11602,,3,<50013;60593;52633;61253;73181;61612>,<0;0;0;0;1;0>,TRUE,,,,1.6,,1.6,1.6,1.6,1.6,stage/fb/putongfuben/naruto_fb_16_2.csv,,,,,,,,
418,11603,,1,<50692;52683;50082;53342;0;53342>,,,,,,1.3,,1.3,1.3,1.3,1.3,stage/fb/putongfuben/naruto_fb_16_3.csv,,,,,,,,
419,11603,,2,<50053;60863;52963;50793;50402;52843>,,,,,,1.6,,1.6,1.6,1.6,1.6,stage/fb/putongfuben/naruto_fb_16_3.csv,,,,,,,,
420,11603,,3,<60712;0;61911;60611;70611;61903>,<0;0;0;0;1;0>,TRUE,,,,1.3,,1.3,1.3,1.3,1.3,stage/fb/putongfuben/naruto_fb_16_3.csv,,,,,,,,
421,11604,,1,<0;52683;50493;53511;50044;53472>,,,,,,1.6,,1.6,1.6,1.6,1.6,stage/fb/putongfuben/naruto_fb_16_4.csv,,,,,,,,
422,11604,,2,<53432;50493;50053;50082;52013;52963>,,,,,,1.3,,1.3,1.3,1.3,1.3,stage/fb/putongfuben/naruto_fb_16_4.csv,,,,,,,,
423,11604,,3,<60731;0;60611;61813;72023;61032>,<0;0;0;0;1;0>,TRUE,,,,1.6,,1.6,1.6,1.6,1.6,stage/fb/putongfuben/naruto_fb_16_4.csv,,,,,,,,
424,11605,,1,<50692;50273;50013;53342;0;53342>,,,,,,1.3,,1.3,1.3,1.3,1.3,stage/fb/putongfuben/naruto_fb_16_5.csv,,,,,,,,
425,11605,,2,<53683;50053;52843;52593;50493;50793>,,,,,,1.6,,1.6,1.6,1.6,1.6,stage/fb/putongfuben/naruto_fb_16_5.csv,,,,,,,,
426,11605,,3,<60741;60242;60863;0;73181;0>,<0;0;0;0;1;0>,TRUE,,,,1.3,,1.3,1.3,1.3,1.3,stage/fb/putongfuben/naruto_fb_16_5.csv,,,,,,,,
427,11606,,1,<50082;50692;0;52633;50044;53772>,,,,,,1.6,,1.6,1.6,1.6,1.6,stage/fb/putongfuben/naruto_fb_16_6.csv,,,,,,,,
428,11606,,2,<50273;52963;50273;52073;52073;50053>,,,,,,1.3,,1.3,1.3,1.3,1.3,stage/fb/putongfuben/naruto_fb_16_6.csv,,,,,,,,
429,11606,,3,<50044;62033;52683;61221;83021;60611>,<0;0;0;0;1;0>,TRUE,,,,1.6,,1.6,1.6,1.6,1.6,stage/fb/putongfuben/naruto_fb_16_6.csv,,,,,,,,
430,11607,,1,<50402;50044;50044;53472;0;53432>,,,,,,1.3,,1.3,1.3,1.3,1.3,stage/fb/putongfuben/naruto_fb_16_7.csv,,,,,,,,
431,11607,,2,<52013;50082;53432;52683;52612;53283>,,,,,,1.6,,1.6,1.6,1.6,1.6,stage/fb/putongfuben/naruto_fb_16_7.csv,,,,,,,,
432,11607,,3,<62242;0;60593;62723;71231;60603>,<0;0;0;0;1;0>,TRUE,,,,1.3,,1.3,1.3,1.3,1.3,stage/fb/putongfuben/naruto_fb_16_7.csv,,,,,,,,
433,11608,,1,<0;50013;53772;52593;53283;53283>,,,,,,1.6,,1.6,1.6,1.6,1.6,stage/fb/putongfuben/naruto_fb_16_8.csv,,,,,,,,
434,11608,,2,<50053;52843;50692;50493;53293;50013>,,,,,,1.3,,1.3,1.3,1.3,1.3,stage/fb/putongfuben/naruto_fb_16_8.csv,,,,,,,,
435,11608,,3,<61082;0;60632;60863;71423;60741>,<0;0;0;0;1;0>,TRUE,,,,1.6,,1.6,1.6,1.6,1.6,stage/fb/putongfuben/naruto_fb_16_8.csv,,,,,,,,
436,11609,,1,<52843;60333;50692;53342;0;50402>,,,,,,1.3,,1.3,1.3,1.3,1.3,stage/fb/putongfuben/naruto_fb_16_9.csv,,,,,,,,
437,11609,,2,<52633;52593;53342;50402;53511;52963>,,,,,,1.6,,1.6,1.6,1.6,1.6,stage/fb/putongfuben/naruto_fb_16_9.csv,,,,,,,,
438,11609,,3,<63663;63181;63663;0;80701;0>,<0;0;0;0;1;0>,TRUE,,,,1.3,,1.3,1.3,1.3,1.3,stage/fb/putongfuben/naruto_fb_16_9.csv,,,,,,,,
439,11610,,1,<50793;53511;0;50552;52963;53293>,,,,,,1.6,,1.6,1.6,1.6,1.6,stage/fb/putongfuben/naruto_fb_16_10.csv,,,,,,,,
440,11610,,2,<52683;50493;53293;50692;52963;50082>,,,,,,1.3,,1.3,1.3,1.3,1.3,stage/fb/putongfuben/naruto_fb_16_10.csv,,,,,,,,
441,11610,,3,<0;0;0;0;80572;0>,<0;0;0;0;1;0>,TRUE,,,,2.4,,2.4,2.4,2.4,2.4,stage/fb/putongfuben/naruto_fb_16_10.csv,,,,,,,,
442,11701,,1,<50053;53293;53283;50793;0;52963>,,,,,,1.3,,1.3,1.3,1.3,1.3,stage/fb/putongfuben/naruto_fb_17_1.csv,,,,,,,,
443,11701,,2,<50552;53342;50082;50053;50013;50082>,,,,,,1.6,,1.6,1.6,1.6,1.6,stage/fb/putongfuben/naruto_fb_17_1.csv,,,,,,,,
444,11701,,3,<61903;63251;62242;0;73171;0>,<0;0;0;0;1;0>,TRUE,,,,1.3,,1.3,1.3,1.3,1.3,stage/fb/putongfuben/naruto_fb_17_1.csv,,,,,,,,
445,11702,,1,<53432;53472;0;53683;50552;50273>,,,,,,1.6,,1.6,1.6,1.6,1.6,stage/fb/putongfuben/naruto_fb_17_2.csv,,,,,,,,
446,11702,,2,<50053;50552;52633;50273;53283;50053>,,,,,,1.3,,1.3,1.3,1.3,1.3,stage/fb/putongfuben/naruto_fb_17_2.csv,,,,,,,,
447,11702,,3,<52633;63181;52683;53432;70333;52963>,<0;0;0;0;1;0>,TRUE,,,,1.6,,1.6,1.6,1.6,1.6,stage/fb/putongfuben/naruto_fb_17_2.csv,,,,,,,,
448,11703,,1,<50793;53472;52593;53293;0;50013>,,,,,,1.3,,1.3,1.3,1.3,1.3,stage/fb/putongfuben/naruto_fb_17_3.csv,,,,,,,,
449,11703,,2,<52683;50793;53342;50053;50552;52593>,,,,,,1.6,,1.6,1.6,1.6,1.6,stage/fb/putongfuben/naruto_fb_17_3.csv,,,,,,,,
450,11703,,3,<60163;0;81231;62242;71941;62723>,<0;0;0;0;1;0>,TRUE,,,,1.3,,1.3,1.3,1.3,1.3,stage/fb/putongfuben/naruto_fb_17_3.csv,,,,,,,,
451,11704,,1,<0;50053;50692;52843;50044;50053>,,,,,,1.6,,1.6,1.6,1.6,1.6,stage/fb/putongfuben/naruto_fb_17_4.csv,,,,,,,,
452,11704,,2,<53432;52593;53772;53772;53772;50793>,,,,,,1.3,,1.3,1.3,1.3,1.3,stage/fb/putongfuben/naruto_fb_17_4.csv,,,,,,,,
453,11704,,3,<61293;0;60641;61841;70242;63161>,<0;0;0;0;1;0>,TRUE,,,,1.6,,1.6,1.6,1.6,1.6,stage/fb/putongfuben/naruto_fb_17_4.csv,,,,,,,,
454,11705,,1,<53472;53772;52843;52013;0;50273>,,,,,,1.3,,1.3,1.3,1.3,1.3,stage/fb/putongfuben/naruto_fb_17_5.csv,,,,,,,,
455,11705,,2,<52593;50793;52073;52073;50273;50053>,,,,,,1.6,,1.6,1.6,1.6,1.6,stage/fb/putongfuben/naruto_fb_17_5.csv,,,,,,,,
456,11705,,3,<61911;63003;61841;0;73673;0>,<0;0;0;0;1;0>,TRUE,,,,1.3,,1.3,1.3,1.3,1.3,stage/fb/putongfuben/naruto_fb_17_5.csv,,,,,,,,
457,11706,,1,<52843;50082;0;50692;50044;52963>,,,,,,1.6,,1.6,1.6,1.6,1.6,stage/fb/putongfuben/naruto_fb_17_6.csv,,,,,,,,
458,11706,,2,<52073;50402;53772;50552;53432;50402>,,,,,,1.3,,1.3,1.3,1.3,1.3,stage/fb/putongfuben/naruto_fb_17_6.csv,,,,,,,,
459,11706,,3,<52013;61772;52963;63152;81503;60242>,<0;0;0;0;1;0>,TRUE,,,,1.6,,1.6,1.6,1.6,1.6,stage/fb/putongfuben/naruto_fb_17_6.csv,,,,,,,,
460,11707,,1,<52612;52612;50552;53283;0;53283>,,,,,,1.3,,1.3,1.3,1.3,1.3,stage/fb/putongfuben/naruto_fb_17_7.csv,,,,,,,,
461,11707,,2,<52963;50552;50053;53511;50082;52612>,,,,,,1.6,,1.6,1.6,1.6,1.6,stage/fb/putongfuben/naruto_fb_17_7.csv,,,,,,,,
462,11707,,3,<60712;0;53472;60603;73021;53293>,<0;0;0;0;1;0>,TRUE,,,,1.3,,1.3,1.3,1.3,1.3,stage/fb/putongfuben/naruto_fb_17_7.csv,,,,,,,,
463,11708,,1,<0;52963;50402;52013;50273;52612>,,,,,,1.6,,1.6,1.6,1.6,1.6,stage/fb/putongfuben/naruto_fb_17_8.csv,,,,,,,,
464,11708,,2,<50692;53472;53472;53432;52633;52013>,,,,,,1.3,,1.3,1.3,1.3,1.3,stage/fb/putongfuben/naruto_fb_17_8.csv,,,,,,,,
465,11708,,3,<61911;0;63152;61082;70883;61032>,<0;0;0;0;1;0>,TRUE,,,,1.6,,1.6,1.6,1.6,1.6,stage/fb/putongfuben/naruto_fb_17_8.csv,,,,,,,,
466,11709,,1,<52843;53511;53293;53342;0;52683>,,,,,,1.3,,1.3,1.3,1.3,1.3,stage/fb/putongfuben/naruto_fb_17_9.csv,,,,,,,,
467,11709,,2,<52013;53511;52593;53472;52963;53683>,,,,,,1.6,,1.6,1.6,1.6,1.6,stage/fb/putongfuben/naruto_fb_17_9.csv,,,,,,,,
468,11709,,3,<61931;60611;61911;0;81423;0>,<0;0;0;0;1;0>,TRUE,,,,1.3,,1.3,1.3,1.3,1.3,stage/fb/putongfuben/naruto_fb_17_9.csv,,,,,,,,
469,11710,,1,<53511;53472;0;50053;52843;50013>,,,,,,1.6,,1.6,1.6,1.6,1.6,stage/fb/putongfuben/naruto_fb_17_10.csv,,,,,,,,
470,11710,,2,<52593;50793;50013;53683;52073;53293>,,,,,,1.3,,1.3,1.3,1.3,1.3,stage/fb/putongfuben/naruto_fb_17_10.csv,,,,,,,,
471,11710,,3,<0;0;0;0;81241;0>,<0;0;0;0;1;0>,TRUE,,,,2.4,,2.4,2.4,2.4,2.4,stage/fb/putongfuben/naruto_fb_17_10.csv,,,,,,,,
472,11801,,1,<50013;50402;53772;50053;0;50044>,,,,,,1.3,,1.3,1.3,1.3,1.3,stage/fb/putongfuben/naruto_fb_18_1.csv,,,,,,,,
473,11801,,2,<52963;52013;53511;50402;52612;50793>,,,,,,1.6,,1.6,1.6,1.6,1.6,stage/fb/putongfuben/naruto_fb_18_1.csv,,,,,,,,
474,11801,,3,<63152;60731;62723;0;70263;0>,<0;0;0;0;1;0>,TRUE,,,,1.3,,1.3,1.3,1.3,1.3,stage/fb/putongfuben/naruto_fb_18_1.csv,,,,,,,,
475,11802,,1,<50053;50013;0;53472;52843;52612>,,,,,,1.6,,1.6,1.6,1.6,1.6,stage/fb/putongfuben/naruto_fb_18_2.csv,,,,,,,,
476,11802,,2,<50082;52683;52963;50402;52073;52612>,,,,,,1.3,,1.3,1.3,1.3,1.3,stage/fb/putongfuben/naruto_fb_18_2.csv,,,,,,,,
477,11802,,3,<53283;61813;50552;60731;70771;60731>,<0;0;0;0;1;0>,TRUE,,,,1.6,,1.6,1.6,1.6,1.6,stage/fb/putongfuben/naruto_fb_18_2.csv,,,,,,,,
478,11803,,1,<50053;50082;50402;52593;0;53772>,,,,,,1.3,,1.3,1.3,1.3,1.3,stage/fb/putongfuben/naruto_fb_18_3.csv,,,,,,,,
479,11803,,2,<50044;50053;50793;52593;53293;52612>,,,,,,1.6,,1.6,1.6,1.6,1.6,stage/fb/putongfuben/naruto_fb_18_3.csv,,,,,,,,
480,11803,,3,<63161;0;61394;60863;72233;61082>,<0;0;0;0;1;0>,TRUE,,,,1.3,,1.3,1.3,1.3,1.3,stage/fb/putongfuben/naruto_fb_18_3.csv,,,,,,,,
481,11804,,1,<0;53432;52683;50493;50493;50053>,,,,,,1.6,,1.6,1.6,1.6,1.6,stage/fb/putongfuben/naruto_fb_18_4.csv,,,,,,,,
482,11804,,2,<52073;53511;50552;53283;52013;50053>,,,,,,1.3,,1.3,1.3,1.3,1.3,stage/fb/putongfuben/naruto_fb_18_4.csv,,,,,,,,
483,11804,,3,<61221;0;60641;61931;72493;62242>,<0;0;0;0;1;0>,TRUE,,,,1.6,,1.6,1.6,1.6,1.6,stage/fb/putongfuben/naruto_fb_18_4.csv,,,,,,,,
484,11805,,1,<52633;52683;50082;50692;0;50402>,,,,,,1.3,,1.3,1.3,1.3,1.3,stage/fb/putongfuben/naruto_fb_18_5.csv,,,,,,,,
485,11805,,2,<50493;53472;52843;50082;50013;53432>,,,,,,1.6,,1.6,1.6,1.6,1.6,stage/fb/putongfuben/naruto_fb_18_5.csv,,,,,,,,
486,11805,,3,<61253;60972;60972;0;72033;0>,<0;0;0;0;1;0>,TRUE,,,,1.3,,1.3,1.3,1.3,1.3,stage/fb/putongfuben/naruto_fb_18_5.csv,,,,,,,,
487,11806,,1,<53772;52593;0;50044;52013;50552>,,,,,,1.6,,1.6,1.6,1.6,1.6,stage/fb/putongfuben/naruto_fb_18_6.csv,,,,,,,,
488,11806,,2,<52963;52843;50082;50082;53432;52593>,,,,,,1.3,,1.3,1.3,1.3,1.3,stage/fb/putongfuben/naruto_fb_18_6.csv,,,,,,,,
489,11806,,3,<53432;60731;50493;61813;81503;61221>,<0;0;0;0;1;0>,TRUE,,,,1.6,,1.6,1.6,1.6,1.6,stage/fb/putongfuben/naruto_fb_18_6.csv,,,,,,,,
490,11807,,1,<53683;53293;52593;53293;0;52843>,,,,,,1.3,,1.3,1.3,1.3,1.3,stage/fb/putongfuben/naruto_fb_18_7.csv,,,,,,,,
491,11807,,2,<50793;50692;52633;52683;53511;50692>,,,,,,1.6,,1.6,1.6,1.6,1.6,stage/fb/putongfuben/naruto_fb_18_7.csv,,,,,,,,
492,11807,,3,<60242;0;61813;62033;71313;63251>,<0;0;0;0;1;0>,TRUE,,,,1.3,,1.3,1.3,1.3,1.3,stage/fb/putongfuben/naruto_fb_18_7.csv,,,,,,,,
493,11808,,1,<0;52073;50082;50053;53683;50793>,,,,,,1.6,,1.6,1.6,1.6,1.6,stage/fb/putongfuben/naruto_fb_18_8.csv,,,,,,,,
494,11808,,2,<50552;52963;52593;52683;53342;53283>,,,,,,1.3,,1.3,1.3,1.3,1.3,stage/fb/putongfuben/naruto_fb_18_8.csv,,,,,,,,
495,11808,,3,<62242;0;61303;60503;71241;60641>,<0;0;0;0;1;0>,TRUE,,,,1.6,,1.6,1.6,1.6,1.6,stage/fb/putongfuben/naruto_fb_18_8.csv,,,,,,,,
496,11809,,1,<52073;53342;52683;52633;0;53683>,,,,,,1.3,,1.3,1.3,1.3,1.3,stage/fb/putongfuben/naruto_fb_18_9.csv,,,,,,,,
497,11809,,2,<50402;50793;50013;50013;53472;52593>,,,,,,1.6,,1.6,1.6,1.6,1.6,stage/fb/putongfuben/naruto_fb_18_9.csv,,,,,,,,
498,11809,,3,<61772;80771;61032;0;80572;0>,<0;0;0;0;1;0>,TRUE,,,,1.3,,1.3,1.3,1.3,1.3,stage/fb/putongfuben/naruto_fb_18_9.csv,,,,,,,,
499,11810,,1,<50552;50793;0;52633;50013;52073>,,,,,,1.6,,1.6,1.6,1.6,1.6,stage/fb/putongfuben/naruto_fb_18_10.csv,,,,,,,,
500,11810,,2,<50793;50552;53293;53283;53342;50013>,,,,,,1.3,,1.3,1.3,1.3,1.3,stage/fb/putongfuben/naruto_fb_18_10.csv,,,,,,,,
501,11810,,3,<0;0;0;0;80771;0>,<0;0;0;0;1;0>,TRUE,,,,2.4,,2.4,2.4,2.4,2.4,stage/fb/putongfuben/naruto_fb_18_10.csv,,,,,,,,
502,11901,,1,<52843;50013;52073;50402;0;50053>,,,,,,1.3,,1.3,1.3,1.3,1.3,stage/fb/putongfuben/naruto_fb_19_1.csv,,,,,,,,
503,11901,,2,<50082;53683;50552;53511;53683;53342>,,,,,,1.6,,1.6,1.6,1.6,1.6,stage/fb/putongfuben/naruto_fb_19_1.csv,,,,,,,,
504,11901,,3,<61772;61032;61253;0;72401;0>,<0;0;0;0;1;0>,TRUE,,,,1.3,,1.3,1.3,1.3,1.3,stage/fb/putongfuben/naruto_fb_19_1.csv,,,,,,,,
505,11902,,1,<53772;52013;0;52963;50402;0>,,,,,,1.6,,1.6,1.6,1.6,1.6,stage/fb/putongfuben/naruto_fb_19_2.csv,,,,,,,,
506,11902,,2,<50402;50273;50692;50402;52963;50552>,,,,,,1.3,,1.3,1.3,1.3,1.3,stage/fb/putongfuben/naruto_fb_19_2.csv,,,,,,,,
507,11902,,3,<52073;0;53511;62023;70393;62242>,<0;0;0;0;1;0>,TRUE,,,,1.6,,1.6,1.6,1.6,1.6,stage/fb/putongfuben/naruto_fb_19_2.csv,,,,,,,,
508,11903,,1,<52073;50082;50552;50493;0;50402>,,,,,,1.3,,1.3,1.3,1.3,1.3,stage/fb/putongfuben/naruto_fb_19_3.csv,,,,,,,,
509,11903,,2,<53283;0;50082;50552;52073;53472>,,,,,,1.6,,1.6,1.6,1.6,1.6,stage/fb/putongfuben/naruto_fb_19_3.csv,,,,,,,,
510,11903,,3,<63161;0;61293;53283;73161;63161>,<0;0;0;0;1;0>,TRUE,,,,1.3,,1.3,1.3,1.3,1.3,stage/fb/putongfuben/naruto_fb_19_3.csv,,,,,,,,
511,11904,,1,<0;52013;52593;52843;53683;52593>,,,,,,1.6,,1.6,1.6,1.6,1.6,stage/fb/putongfuben/naruto_fb_19_4.csv,,,,,,,,
512,11904,,2,<52843;52073;53683;53772;53342;50793>,,,,,,1.3,,1.3,1.3,1.3,1.3,stage/fb/putongfuben/naruto_fb_19_4.csv,,,,,,,,
513,11904,,3,<53293;0;60883;63543;80701;61082>,<0;0;0;0;1;0>,TRUE,,,,1.6,,1.6,1.6,1.6,1.6,stage/fb/putongfuben/naruto_fb_19_4.csv,,,,,,,,
514,11905,,1,<50082;52593;50082;52963;0;52013>,,,,,,1.3,,1.3,1.3,1.3,1.3,stage/fb/putongfuben/naruto_fb_19_5.csv,,,,,,,,
515,11905,,2,<50053;52843;53342;52963;50053;50273>,,,,,,1.6,,1.6,1.6,1.6,1.6,stage/fb/putongfuben/naruto_fb_19_5.csv,,,,,,,,
516,11905,,3,<53472;60641;61221;0;70863;0>,<0;0;0;0;1;0>,TRUE,,,,1.3,,1.3,1.3,1.3,1.3,stage/fb/putongfuben/naruto_fb_19_5.csv,,,,,,,,
517,11906,,1,<50013;52633;0;53772;52013;52683>,,,,,,1.6,,1.6,1.6,1.6,1.6,stage/fb/putongfuben/naruto_fb_19_6.csv,,,,,,,,
518,11906,,2,<52963;52593;52612;50793;52633;52633>,,,,,,1.3,,1.3,1.3,1.3,1.3,stage/fb/putongfuben/naruto_fb_19_6.csv,,,,,,,,
519,11906,,3,<53772;61841;50082;61253;70393;61303>,<0;0;0;0;1;0>,TRUE,,,,1.6,,1.6,1.6,1.6,1.6,stage/fb/putongfuben/naruto_fb_19_6.csv,,,,,,,,
520,11907,,1,<50793;50692;52963;52073;0;52612>,,,,,,1.3,,1.3,1.3,1.3,1.3,stage/fb/putongfuben/naruto_fb_19_7.csv,,,,,,,,
521,11907,,2,<50013;50053;53283;52683;53511;50013>,,,,,,1.6,,1.6,1.6,1.6,1.6,stage/fb/putongfuben/naruto_fb_19_7.csv,,,,,,,,
522,11907,,3,<53432;0;60603;60333;71772;61612>,<0;0;0;0;1;0>,TRUE,,,,1.3,,1.3,1.3,1.3,1.3,stage/fb/putongfuben/naruto_fb_19_7.csv,,,,,,,,
523,11908,,1,<0;53772;53293;50013;52612;50082>,,,,,,1.6,,1.6,1.6,1.6,1.6,stage/fb/putongfuben/naruto_fb_19_8.csv,,,,,,,,
524,11908,,2,<52593;52013;0;53293;50793;52633>,,,,,,1.3,,1.3,1.3,1.3,1.3,stage/fb/putongfuben/naruto_fb_19_8.csv,,,,,,,,
525,11908,,3,<61303;0;63161;63161;70883;63543>,<0;0;0;0;1;0>,TRUE,,,,1.6,,1.6,1.6,1.6,1.6,stage/fb/putongfuben/naruto_fb_19_8.csv,,,,,,,,
526,11909,,1,<50552;53342;53293;0;0;52593>,,,,,,1.3,,1.3,1.3,1.3,1.3,stage/fb/putongfuben/naruto_fb_19_9.csv,,,,,,,,
527,11909,,2,<0;53432;52073;50793;53511;50082>,,,,,,1.6,,1.6,1.6,1.6,1.6,stage/fb/putongfuben/naruto_fb_19_9.csv,,,,,,,,
528,11909,,3,<63592;61253;81951;0;71071;0>,<0;0;0;0;1;0>,TRUE,,,,1.3,,1.3,1.3,1.3,1.3,stage/fb/putongfuben/naruto_fb_19_9.csv,,,,,,,,
529,11910,,1,<50273;52612;0;53342;50793;53432>,,,,,,1.6,,1.6,1.6,1.6,1.6,stage/fb/putongfuben/naruto_fb_19_10.csv,,,,,,,,
530,11910,,2,<53283;0;53283;50552;52963;53293>,,,,,,1.3,,1.3,1.3,1.3,1.3,stage/fb/putongfuben/naruto_fb_19_10.csv,,,,,,,,
531,11910,,3,<53283;61303;53472;60632;73663;63663>,<0;0;0;0;1;0>,TRUE,,,,2.4,,2.4,2.4,2.4,2.4,stage/fb/putongfuben/naruto_fb_19_10.csv,,,,,,,,
532,12001,,1,<50793;50692;50552;52013;0;52683>,,,,,,1.3,,1.3,1.3,1.3,1.3,stage/fb/putongfuben/naruto_fb_20_1.csv,,,,,,,,
533,12001,,2,<50082;53293;52593;50552;53342;53342>,,,,,,1.6,,1.6,1.6,1.6,1.6,stage/fb/putongfuben/naruto_fb_20_1.csv,,,,,,,,
534,12001,,3,<60972;61221;61082;0;71313;0>,<0;0;0;0;1;0>,TRUE,,,,1.3,,1.3,1.3,1.3,1.3,stage/fb/putongfuben/naruto_fb_20_1.csv,,,,,,,,
535,12002,,1,<53293;52612;0;52963;52843;52633>,,,,,,1.6,,1.6,1.6,1.6,1.6,stage/fb/putongfuben/naruto_fb_20_2.csv,,,,,,,,
536,12002,,2,<53293;61071;52612;50044;50793;53432>,,,,,,1.3,,1.3,1.3,1.3,1.3,stage/fb/putongfuben/naruto_fb_20_2.csv,,,,,,,,
537,12002,,3,<52013;0;50013;60731;71303;50053>,<0;0;0;0;1;0>,TRUE,,,,1.6,,1.6,1.6,1.6,1.6,stage/fb/putongfuben/naruto_fb_20_2.csv,,,,,,,,
538,12003,,1,<53511;52612;50692;50493;0;53511>,,,,,,1.3,,1.3,1.3,1.3,1.3,stage/fb/putongfuben/naruto_fb_20_3.csv,,,,,,,,
539,12003,,2,<50044;52593;50273;52683;53511;52593>,,,,,,1.6,,1.6,1.6,1.6,1.6,stage/fb/putongfuben/naruto_fb_20_3.csv,,,,,,,,
540,12003,,3,<60883;0;60712;60641;72233;60503>,<0;0;0;0;1;0>,TRUE,,,,1.3,,1.3,1.3,1.3,1.3,stage/fb/putongfuben/naruto_fb_20_3.csv,,,,,,,,
541,12004,,1,<50692;50273;53293;50013;52633;50082>,,,,,,1.6,,1.6,1.6,1.6,1.6,stage/fb/putongfuben/naruto_fb_20_4.csv,,,,,,,,
542,12004,,2,<52612;52073;0;53432;0;52683>,,,,,,1.3,,1.3,1.3,1.3,1.3,stage/fb/putongfuben/naruto_fb_20_4.csv,,,,,,,,
543,12004,,3,<60712;0;60731;63592;73543;63152>,<0;0;0;0;1;0>,TRUE,,,,1.6,,1.6,1.6,1.6,1.6,stage/fb/putongfuben/naruto_fb_20_4.csv,,,,,,,,
544,12005,,1,<0;52683;52612;52963;0;52683>,,,,,,1.3,,1.3,1.3,1.3,1.3,stage/fb/putongfuben/naruto_fb_20_5.csv,,,,,,,,
545,12005,,2,<52843;53342;50013;52593;50402;50493>,,,,,,1.6,,1.6,1.6,1.6,1.6,stage/fb/putongfuben/naruto_fb_20_5.csv,,,,,,,,
546,12005,,3,<62723;61911;62033;0;73543;0>,<0;0;0;0;1;0>,TRUE,,,,1.3,,1.3,1.3,1.3,1.3,stage/fb/putongfuben/naruto_fb_20_5.csv,,,,,,,,
547,12006,,1,<53772;53283;0;53432;50552;52963>,,,,,,1.6,,1.6,1.6,1.6,1.6,stage/fb/putongfuben/naruto_fb_20_6.csv,,,,,,,,
548,12006,,2,<50044;50273;52013;50493;50552;50402>,,,,,,1.3,,1.3,1.3,1.3,1.3,stage/fb/putongfuben/naruto_fb_20_6.csv,,,,,,,,
549,12006,,3,<50493;61772;52843;60741;71841;61612>,<0;0;0;0;1;0>,TRUE,,,,1.6,,1.6,1.6,1.6,1.6,stage/fb/putongfuben/naruto_fb_20_6.csv,,,,,,,,
550,12007,,1,<50552;50013;50402;50493;0;50692>,,,,,,1.3,,1.3,1.3,1.3,1.3,stage/fb/putongfuben/naruto_fb_20_7.csv,,,,,,,,
551,12007,,2,<50552;52612;52633;52963;50552;52593>,,,,,,1.6,,1.6,1.6,1.6,1.6,stage/fb/putongfuben/naruto_fb_20_7.csv,,,,,,,,
552,12007,,3,<61841;0;60333;0;81893;0>,<0;0;0;0;1;0>,TRUE,,,,1.3,,1.3,1.3,1.3,1.3,stage/fb/putongfuben/naruto_fb_20_7.csv,,,,,,,,
553,12008,,1,<0;52073;50402;50793;52073;53283>,,,,,,1.6,,1.6,1.6,1.6,1.6,stage/fb/putongfuben/naruto_fb_20_8.csv,,,,,,,,
554,12008,,2,<52612;50053;0;50402;53772;52843>,,,,,,1.3,,1.3,1.3,1.3,1.3,stage/fb/putongfuben/naruto_fb_20_8.csv,,,,,,,,
555,12008,,3,<61931;0;63663;63181;72401;60972>,<0;0;0;0;1;0>,TRUE,,,,1.6,,1.6,1.6,1.6,1.6,stage/fb/putongfuben/naruto_fb_20_8.csv,,,,,,,,
556,12009,,1,<52593;53283;52013;52612;0;52843>,,,,,,1.3,,1.3,1.3,1.3,1.3,stage/fb/putongfuben/naruto_fb_20_9.csv,,,,,,,,
557,12009,,2,<53283;50273;50493;52013;52633;52073>,,,,,,1.6,,1.6,1.6,1.6,1.6,stage/fb/putongfuben/naruto_fb_20_9.csv,,,,,,,,
558,12009,,3,<52633;60163;62723;0;81893;0>,<0;0;0;0;1;0>,TRUE,,,,1.3,,1.3,1.3,1.3,1.3,stage/fb/putongfuben/naruto_fb_20_9.csv,,,,,,,,
559,12010,,1,<52073;50044;0;53293;52013;53342>,,,,,,1.6,,1.6,1.6,1.6,1.6,stage/fb/putongfuben/naruto_fb_20_10.csv,,,,,,,,
560,12010,,2,<52633;52612;53342;52843;52683;52963>,,,,,,1.3,,1.3,1.3,1.3,1.3,stage/fb/putongfuben/naruto_fb_20_10.csv,,,,,,,,
561,12010,,3,<50692;60632;53293;60863;81241;61303>,<0;0;0;0;1;0>,TRUE,,,,2.4,,2.4,2.4,2.4,2.4,stage/fb/putongfuben/naruto_fb_20_10.csv,,,,,,,,
562,12101,,1,<52963;52073;53283;50493;0;53342>,,,,,,1.3,,1.3,1.3,1.3,1.3,stage/fb/putongfuben/naruto_fb_21_1.csv,,,,,,,,
563,12101,,2,<52073;50273;53283;53432;50692;53342>,,,,,,1.6,,1.6,1.6,1.6,1.6,stage/fb/putongfuben/naruto_fb_21_1.csv,,,,,,,,
564,12101,,3,<60731;61772;60641;0;71221;0>,<0;0;0;0;1;0>,TRUE,,,,1.3,,1.3,1.3,1.3,1.3,stage/fb/putongfuben/naruto_fb_21_1.csv,,,,,,,,
565,12102,,1,<50082;50013;0;52633;53683;53511>,,,,,,1.6,,1.6,1.6,1.6,1.6,stage/fb/putongfuben/naruto_fb_21_2.csv,,,,,,,,
566,12102,,2,<53342;52633;50493;50692;50044;52073>,,,,,,1.3,,1.3,1.3,1.3,1.3,stage/fb/putongfuben/naruto_fb_21_2.csv,,,,,,,,
567,12102,,3,<50692;0;50053;61813;72242;62023>,<0;0;0;0;1;0>,TRUE,,,,1.6,,1.6,1.6,1.6,1.6,stage/fb/putongfuben/naruto_fb_21_2.csv,,,,,,,,
568,12103,,1,<53472;53342;52843;53283;0;52633>,,,,,,1.3,,1.3,1.3,1.3,1.3,stage/fb/putongfuben/naruto_fb_21_3.csv,,,,,,,,
569,12103,,2,<53683;53283;50402;53342;53293;52633>,,,,,,1.6,,1.6,1.6,1.6,1.6,stage/fb/putongfuben/naruto_fb_21_3.csv,,,,,,,,
570,12103,,3,<62023;0;60632;62023;70611;62033>,<0;0;0;0;1;0>,TRUE,,,,1.3,,1.3,1.3,1.3,1.3,stage/fb/putongfuben/naruto_fb_21_3.csv,,,,,,,,
571,12104,,1,<53511;50402;50044;52843;50044;50053>,,,,,,1.6,,1.6,1.6,1.6,1.6,stage/fb/putongfuben/naruto_fb_21_4.csv,,,,,,,,
572,12104,,2,<50273;50273;53432;53432;0;50082>,,,,,,1.3,,1.3,1.3,1.3,1.3,stage/fb/putongfuben/naruto_fb_21_4.csv,,,,,,,,
573,12104,,3,<60741;0;61253;60741;71253;61931>,<0;0;0;0;1;0>,TRUE,,,,1.6,,1.6,1.6,1.6,1.6,stage/fb/putongfuben/naruto_fb_21_4.csv,,,,,,,,
574,12105,,1,<50082;50692;53683;53472;0;50493>,,,,,,1.3,,1.3,1.3,1.3,1.3,stage/fb/putongfuben/naruto_fb_21_5.csv,,,,,,,,
575,12105,,2,<53342;50013;53472;52683;52683;53283>,,,,,,1.6,,1.6,1.6,1.6,1.6,stage/fb/putongfuben/naruto_fb_21_5.csv,,,,,,,,
576,12105,,3,<63663;60503;60712;0;70503;0>,<0;0;0;0;1;0>,TRUE,,,,1.3,,1.3,1.3,1.3,1.3,stage/fb/putongfuben/naruto_fb_21_5.csv,,,,,,,,
577,12106,,1,<52013;52683;0;50053;53432;53293>,,,,,,1.6,,1.6,1.6,1.6,1.6,stage/fb/putongfuben/naruto_fb_21_6.csv,,,,,,,,
578,12106,,2,<53683;53472;50493;50273;50044;53293>,,,,,,1.3,,1.3,1.3,1.3,1.3,stage/fb/putongfuben/naruto_fb_21_6.csv,,,,,,,,
579,12106,,3,<50013;60863;52073;61394;71813;61293>,<0;0;0;0;1;0>,TRUE,,,,1.6,,1.6,1.6,1.6,1.6,stage/fb/putongfuben/naruto_fb_21_6.csv,,,,,,,,
580,12107,,1,<50273;50082;50013;50013;0;50013>,,,,,,1.3,,1.3,1.3,1.3,1.3,stage/fb/putongfuben/naruto_fb_21_7.csv,,,,,,,,
581,12107,,2,<50273;50044;50793;50053;53472;50402>,,,,,,1.6,,1.6,1.6,1.6,1.6,stage/fb/putongfuben/naruto_fb_21_7.csv,,,,,,,,
582,12107,,3,<60603;0;61253;0;82493;0>,<0;0;0;0;1;0>,TRUE,,,,1.3,,1.3,1.3,1.3,1.3,stage/fb/putongfuben/naruto_fb_21_7.csv,,,,,,,,
583,12108,,1,<0;52843;50013;50692;50044;52593>,,,,,,1.6,,1.6,1.6,1.6,1.6,stage/fb/putongfuben/naruto_fb_21_8.csv,,,,,,,,
584,12108,,2,<53772;52013;0;50493;70333;53283>,,,,,,1.3,,1.3,1.3,1.3,1.3,stage/fb/putongfuben/naruto_fb_21_8.csv,,,,,,,,
585,12108,,3,<60712;0;63181;63003;71503;52683>,<0;0;0;0;1;0>,TRUE,,,,1.6,,1.6,1.6,1.6,1.6,stage/fb/putongfuben/naruto_fb_21_8.csv,,,,,,,,
586,12109,,1,<53293;50013;53342;53342;0;50793>,,,,,,1.3,,1.3,1.3,1.3,1.3,stage/fb/putongfuben/naruto_fb_21_9.csv,,,,,,,,
587,12109,,2,<53472;61082;50273;52013;52593;50013>,,,,,,1.6,,1.6,1.6,1.6,1.6,stage/fb/putongfuben/naruto_fb_21_9.csv,,,,,,,,
588,12109,,3,<62723;61303;63003;0;80721;0>,<0;0;0;0;1;0>,TRUE,,,,1.3,,1.3,1.3,1.3,1.3,stage/fb/putongfuben/naruto_fb_21_9.csv,,,,,,,,
589,12110,,1,<50402;53772;0;50402;50273;50044>,,,,,,1.6,,1.6,1.6,1.6,1.6,stage/fb/putongfuben/naruto_fb_21_10.csv,,,,,,,,
590,12110,,2,<50402;53772;0;50402;50053;53432>,,,,,,1.3,,1.3,1.3,1.3,1.3,stage/fb/putongfuben/naruto_fb_21_10.csv,,,,,,,,
591,12110,,3,<50273;61253;53511;61082;80721;63592>,<0;0;0;0;1;0>,TRUE,,,,2.4,,2.4,2.4,2.4,2.4,stage/fb/putongfuben/naruto_fb_21_10.csv,,,,,,,,
592,12201,,1,<52633;52013;53683;53432;0;53293>,,,,,,1.3,,1.3,1.3,1.3,1.3,stage/fb/putongfuben/naruto_fb_22_1.csv,,,,,,,,
593,12201,,2,<50493;50402;52593;50044;0;50493>,,,,,,1.6,,1.6,1.6,1.6,1.6,stage/fb/putongfuben/naruto_fb_22_1.csv,,,,,,,,
594,12201,,3,<60863;63003;60972;0;73592;0>,<0;0;0;0;1;0>,TRUE,,,,1.3,,1.3,1.3,1.3,1.3,stage/fb/putongfuben/naruto_fb_22_1.csv,,,,,,,,
595,12202,,1,<53472;50793;0;53432;53293;50273>,,,,,,1.6,,1.6,1.6,1.6,1.6,stage/fb/putongfuben/naruto_fb_22_2.csv,,,,,,,,
596,12202,,2,<53293;53432;52843;52963;0;52633>,,,,,,1.3,,1.3,1.3,1.3,1.3,stage/fb/putongfuben/naruto_fb_22_2.csv,,,,,,,,
597,12202,,3,<53511;0;50692;62723;73003;63152>,<0;0;0;0;1;0>,TRUE,,,,1.6,,1.6,1.6,1.6,1.6,stage/fb/putongfuben/naruto_fb_22_2.csv,,,,,,,,
598,12203,,1,<50402;50053;53472;53283;0;0>,,,,,,1.3,,1.3,1.3,1.3,1.3,stage/fb/putongfuben/naruto_fb_22_3.csv,,,,,,,,
599,12203,,2,<53511;50793;52633;53342;0;50082>,,,,,,1.6,,1.6,1.6,1.6,1.6,stage/fb/putongfuben/naruto_fb_22_3.csv,,,,,,,,
600,12203,,3,<61903;0;61612;60242;71221;61221>,<0;0;0;0;1;0>,TRUE,,,,1.3,,1.3,1.3,1.3,1.3,stage/fb/putongfuben/naruto_fb_22_3.csv,,,,,,,,
601,12204,,1,<53683;50082;50793;50053;53283;52683>,,,,,,1.6,,1.6,1.6,1.6,1.6,stage/fb/putongfuben/naruto_fb_22_4.csv,,,,,,,,
602,12204,,2,<53772;53283;53772;52013;0;53772>,,,,,,1.3,,1.3,1.3,1.3,1.3,stage/fb/putongfuben/naruto_fb_22_4.csv,,,,,,,,
603,12204,,3,<61911;0;63543;62723;73152;61032>,<0;0;0;0;1;0>,TRUE,,,,1.6,,1.6,1.6,1.6,1.6,stage/fb/putongfuben/naruto_fb_22_4.csv,,,,,,,,
604,12205,,1,<52612;53683;52963;52683;0;0>,,,,,,1.3,,1.3,1.3,1.3,1.3,stage/fb/putongfuben/naruto_fb_22_5.csv,,,,,,,,
605,12205,,2,<52683;52593;53772;53283;50493;0>,,,,,,1.6,,1.6,1.6,1.6,1.6,stage/fb/putongfuben/naruto_fb_22_5.csv,,,,,,,,
606,12205,,3,<61931;63251;60503;0;70771;0>,<0;0;0;0;1;0>,TRUE,,,,1.3,,1.3,1.3,1.3,1.3,stage/fb/putongfuben/naruto_fb_22_5.csv,,,,,,,,
607,12206,,1,<50692;52612;0;52073;50273;52963>,,,,,,1.6,,1.6,1.6,1.6,1.6,stage/fb/putongfuben/naruto_fb_22_6.csv,,,,,,,,
608,12206,,2,<50402;53283;52612;52593;0;53432>,,,,,,1.3,,1.3,1.3,1.3,1.3,stage/fb/putongfuben/naruto_fb_22_6.csv,,,,,,,,
609,12206,,3,<53342;63663;52633;60883;71951;60731>,<0;0;0;0;1;0>,TRUE,,,,1.6,,1.6,1.6,1.6,1.6,stage/fb/putongfuben/naruto_fb_22_6.csv,,,,,,,,
610,12207,,1,<52683;52612;50692;50273;0;53432>,,,,,,1.3,,1.3,1.3,1.3,1.3,stage/fb/putongfuben/naruto_fb_22_7.csv,,,,,,,,
611,12207,,2,<52963;52073;50013;50273;52073;50044>,,,,,,1.6,,1.6,1.6,1.6,1.6,stage/fb/putongfuben/naruto_fb_22_7.csv,,,,,,,,
612,12207,,3,<61221;0;60611;0;81893;0>,<0;0;0;0;1;0>,TRUE,,,,1.3,,1.3,1.3,1.3,1.3,stage/fb/putongfuben/naruto_fb_22_7.csv,,,,,,,,
613,12208,,1,<0;53511;53432;50692;52073;50044>,,,,,,1.6,,1.6,1.6,1.6,1.6,stage/fb/putongfuben/naruto_fb_22_8.csv,,,,,,,,
614,12208,,2,<52633;50082;0;52593;0;52843>,,,,,,1.3,,1.3,1.3,1.3,1.3,stage/fb/putongfuben/naruto_fb_22_8.csv,,,,,,,,
615,12208,,3,<61032;0;62033;62033;71951;61772>,<0;0;0;0;1;0>,TRUE,,,,1.6,,1.6,1.6,1.6,1.6,stage/fb/putongfuben/naruto_fb_22_8.csv,,,,,,,,
616,12209,,1,<52593;50044;50053;50013;0;50402>,,,,,,1.3,,1.3,1.3,1.3,1.3,stage/fb/putongfuben/naruto_fb_22_9.csv,,,,,,,,
617,12209,,2,<52612;60883;50082;50273;0;52612>,,,,,,1.6,,1.6,1.6,1.6,1.6,stage/fb/putongfuben/naruto_fb_22_9.csv,,,,,,,,
618,12209,,3,<60163;61612;60972;0;80701;0>,<0;0;0;0;1;0>,TRUE,,,,1.3,,1.3,1.3,1.3,1.3,stage/fb/putongfuben/naruto_fb_22_9.csv,,,,,,,,
619,12210,,1,<53293;50044;0;53293;50082;50493>,,,,,,1.6,,1.6,1.6,1.6,1.6,stage/fb/putongfuben/naruto_fb_22_10.csv,,,,,,,,
620,12210,,2,<50692;50013;50044;50793;0;53772>,,,,,,1.3,,1.3,1.3,1.3,1.3,stage/fb/putongfuben/naruto_fb_22_10.csv,,,,,,,,
621,12210,,3,<52612;63592;50013;61032;81423;0>,<0;0;0;0;1;0>,TRUE,,,,2.4,,2.4,2.4,2.4,2.4,stage/fb/putongfuben/naruto_fb_22_10.csv,,,,,,,,
622,12301,,1,<52963;52073;53283;50493;0;53342>,,,,,,2,,2,2,2,2,stage/fb/putongfuben/naruto_fb_13_1.csv,,,,,,,,
623,12301,,2,<52073;50273;53283;53432;50692;53342>,,,,,,3,,3,3,3,3,stage/fb/putongfuben/naruto_fb_13_1.csv,,,,,,,,
624,12301,,3,<62723;63003;63152;63161;63663;72033>,<0;0;0;0;1;0>,TRUE,,,,2,,2,2,2,2,stage/fb/putongfuben/naruto_fb_13_1.csv,,,,,,,,
625,12302,,1,<50082;50013;0;52633;53683;53511>,,,,,,3,,3,3,3,3,stage/fb/putongfuben/naruto_fb_13_2.csv,,,,,,,,
626,12302,,2,<53342;52633;50493;50692;50044;52073>,,,,,,2,,2,2,2,2,stage/fb/putongfuben/naruto_fb_13_2.csv,,,,,,,,
627,12302,,3,<70503;70593;70641;70863;70712;71241>,<0;0;0;0;1;0>,TRUE,,,,3,,3,3,3,3,stage/fb/putongfuben/naruto_fb_13_2.csv,,,,,,,,
628,12303,,1,<53472;53342;52843;53283;0;52633>,,,,,,2,,2,2,2,2,stage/fb/putongfuben/naruto_fb_13_3.csv,,,,,,,,
629,12303,,2,<53683;53283;50402;53342;53293;52633>,,,,,,3,,3,3,3,3,stage/fb/putongfuben/naruto_fb_13_3.csv,,,,,,,,
630,12303,,3,<61253;61293;61841;61911;62023;73543>,<0;0;0;0;1;0>,TRUE,,,,2,,2,2,2,2,stage/fb/putongfuben/naruto_fb_13_3.csv,,,,,,,,
631,12304,,1,<53511;50402;50044;52843;50044;50053>,,,,,,3,,3,3,3,3,stage/fb/putongfuben/naruto_fb_13_4.csv,,,,,,,,
632,12304,,2,<50273;50273;53432;53432;0;50082>,,,,,,2,,2,2,2,2,stage/fb/putongfuben/naruto_fb_13_4.csv,,,,,,,,
633,12304,,3,<60242;60333;60632;60731;60741;73021>,<0;0;0;0;1;0>,TRUE,,,,3,,3,3,3,3,stage/fb/putongfuben/naruto_fb_13_4.csv,,,,,,,,
634,12305,,1,<50082;50692;53683;53472;0;50493>,,,,,,2,,2,2,2,2,stage/fb/putongfuben/naruto_fb_13_5.csv,,,,,,,,
635,12305,,2,<53342;50013;53472;52683;52683;53283>,,,,,,3,,3,3,3,3,stage/fb/putongfuben/naruto_fb_13_5.csv,,,,,,,,
636,12305,,3,<61032;61221;61303;61772;63543;70263>,<0;0;0;0;1;0>,TRUE,,,,2,,2,2,2,2,stage/fb/putongfuben/naruto_fb_13_5.csv,,,,,,,,
637,12306,,1,<52013;52683;0;50053;53432;53293>,,,,,,3,,3,3,3,3,stage/fb/putongfuben/naruto_fb_13_6.csv,,,,,,,,
638,12306,,2,<53683;53472;50493;50273;50044;53293>,,,,,,2,,2,2,2,2,stage/fb/putongfuben/naruto_fb_13_6.csv,,,,,,,,
639,12306,,3,<63592;63543;63251;63181;62023;73673>,<0;0;0;0;1;0>,TRUE,,,,3,,3,3,3,3,stage/fb/putongfuben/naruto_fb_13_6.csv,,,,,,,,
640,12307,,1,<50273;50082;50013;50013;0;50013>,,,,,,2,,2,2,2,2,stage/fb/putongfuben/naruto_fb_13_7.csv,,,,,,,,
641,12307,,2,<50273;50044;50793;50053;53472;50402>,,,,,,3,,3,3,3,3,stage/fb/putongfuben/naruto_fb_13_7.csv,,,,,,,,
642,12307,,3,<60883;60972;61071;61032;61303;70721>,<0;0;0;0;1;0>,TRUE,,,,2,,2,2,2,2,stage/fb/putongfuben/naruto_fb_13_7.csv,,,,,,,,
643,12308,,1,<0;52843;50013;50692;50044;52593>,,,,,,3,,3,3,3,3,stage/fb/putongfuben/naruto_fb_13_8.csv,,,,,,,,
644,12308,,2,<53772;52013;0;50493;70333;53283>,,,,,,2,,2,2,2,2,stage/fb/putongfuben/naruto_fb_13_8.csv,,,,,,,,
645,12308,,3,<61931;61903;61221;70503;63003;70572>,<0;0;0;0;1;0>,TRUE,,,,3,,3,3,3,3,stage/fb/putongfuben/naruto_fb_13_8.csv,,,,,,,,
646,12309,,1,<53293;50013;53342;53342;0;50793>,,,,,,2,,2,2,2,2,stage/fb/putongfuben/naruto_fb_13_9.csv,,,,,,,,
647,12309,,2,<53472;61082;50273;52013;52593;50013>,,,,,,3,,3,3,3,3,stage/fb/putongfuben/naruto_fb_13_9.csv,,,,,,,,
648,12309,,3,<60163;60863;61082;62723;63251;70771>,<0;0;0;0;1;0>,TRUE,,,,2,,2,2,2,2,stage/fb/putongfuben/naruto_fb_13_9.csv,,,,,,,,
649,12310,,1,<50402;53772;0;50402;50273;50044>,,,,,,3,,3,3,3,3,stage/fb/putongfuben/naruto_fb_13_10.csv,,,,,,,,
650,12310,,2,<50402;53772;0;50402;50053;53432>,,,,,,2,,2,2,2,2,stage/fb/putongfuben/naruto_fb_13_10.csv,,,,,,,,
651,12310,,3,<60712;60641;60731;61394;61772;73143>,<0;0;0;0;1;0>,TRUE,,,,4,,4,4,4,4,stage/fb/putongfuben/naruto_fb_13_10.csv,,,,,,,,
652,12401,,1,<52633;52013;53683;53432;0;53293>,,,,,,2,,2,2,2,2,stage/fb/putongfuben/naruto_fb_14_1.csv,,,,,,,,
653,12401,,2,<50493;50402;52593;50044;0;50493>,,,,,,3,,3,3,3,3,stage/fb/putongfuben/naruto_fb_14_1.csv,,,,,,,,
654,12401,,3,<60883;61253;61841;62033;63543;71231>,<0;0;0;0;1;0>,TRUE,,,,2,,2,2,2,2,stage/fb/putongfuben/naruto_fb_14_1.csv,,,,,,,,
655,12402,,1,<53472;50793;0;53432;53293;50273>,,,,,,3,,3,3,3,3,stage/fb/putongfuben/naruto_fb_14_2.csv,,,,,,,,
656,12402,,2,<53293;53432;52843;52963;0;52633>,,,,,,2,,2,2,2,2,stage/fb/putongfuben/naruto_fb_14_2.csv,,,,,,,,
657,12402,,3,<71612;71772;71813;71841;71911;72493>,<0;0;0;0;1;0>,TRUE,,,,3,,3,3,3,3,stage/fb/putongfuben/naruto_fb_14_2.csv,,,,,,,,
658,12403,,1,<50402;50053;53472;53283;0;0>,,,,,,2,,2,2,2,2,stage/fb/putongfuben/naruto_fb_14_3.csv,,,,,,,,
659,12403,,2,<53511;50793;52633;53342;0;50082>,,,,,,3,,3,3,3,3,stage/fb/putongfuben/naruto_fb_14_3.csv,,,,,,,,
660,12403,,3,<61032;61303;63663;63592;62723;71241>,<0;0;0;0;1;0>,TRUE,,,,2,,2,2,2,2,stage/fb/putongfuben/naruto_fb_14_3.csv,,,,,,,,
661,12404,,1,<53683;50082;50793;50053;53283;52683>,,,,,,3,,3,3,3,3,stage/fb/putongfuben/naruto_fb_14_4.csv,,,,,,,,
662,12404,,2,<53772;53283;53772;52013;0;53772>,,,,,,2,,2,2,2,2,stage/fb/putongfuben/naruto_fb_14_4.csv,,,,,,,,
663,12404,,3,<60503;60863;61253;62242;63543;71393>,<0;0;0;0;1;0>,TRUE,,,,3,,3,3,3,3,stage/fb/putongfuben/naruto_fb_14_4.csv,,,,,,,,
664,12405,,1,<52612;53683;52963;52683;0;0>,,,,,,2,,2,2,2,2,stage/fb/putongfuben/naruto_fb_14_5.csv,,,,,,,,
665,12405,,2,<52683;52593;53772;53283;50493;0>,,,,,,3,,3,3,3,3,stage/fb/putongfuben/naruto_fb_14_5.csv,,,,,,,,
666,12405,,3,<61071;60972;61931;63161;60863;72233>,<0;0;0;0;1;0>,TRUE,,,,2,,2,2,2,2,stage/fb/putongfuben/naruto_fb_14_5.csv,,,,,,,,
667,12406,,1,<50692;52612;0;52073;50273;52963>,,,,,,3,,3,3,3,3,stage/fb/putongfuben/naruto_fb_14_6.csv,,,,,,,,
668,12406,,2,<50402;53283;52612;52593;0;53432>,,,,,,2,,2,2,2,2,stage/fb/putongfuben/naruto_fb_14_6.csv,,,,,,,,
669,12406,,3,<63663;63251;61813;61253;60883;72401>,<0;0;0;0;1;0>,TRUE,,,,3,,3,3,3,3,stage/fb/putongfuben/naruto_fb_14_6.csv,,,,,,,,
670,12407,,1,<52683;52612;50692;50273;0;53432>,,,,,,2,,2,2,2,2,stage/fb/putongfuben/naruto_fb_14_7.csv,,,,,,,,
671,12407,,2,<52963;52073;50013;50273;52073;50044>,,,,,,3,,3,3,3,3,stage/fb/putongfuben/naruto_fb_14_7.csv,,,,,,,,
672,12407,,3,<60641;60712;60731;60863;61394;73303>,<0;0;0;0;1;0>,TRUE,,,,2,,2,2,2,2,stage/fb/putongfuben/naruto_fb_14_7.csv,,,,,,,,
673,12408,,1,<0;53511;53432;50692;52073;50044>,,,,,,3,,3,3,3,3,stage/fb/putongfuben/naruto_fb_14_8.csv,,,,,,,,
674,12408,,2,<52633;50082;0;52593;0;52843>,,,,,,2,,2,2,2,2,stage/fb/putongfuben/naruto_fb_14_8.csv,,,,,,,,
675,12408,,3,<61082;61772;62023;62242;63152;73353>,<0;0;0;0;1;0>,TRUE,,,,3,,3,3,3,3,stage/fb/putongfuben/naruto_fb_14_8.csv,,,,,,,,
676,12409,,1,<52593;50044;50053;50013;0;50402>,,,,,,2,,2,2,2,2,stage/fb/putongfuben/naruto_fb_14_9.csv,,,,,,,,
677,12409,,2,<52612;60883;50082;50273;0;52612>,,,,,,3,,3,3,3,3,stage/fb/putongfuben/naruto_fb_14_9.csv,,,,,,,,
678,12409,,3,<60242;60632;60611;60883;61032;70771>,<0;0;0;0;1;0>,TRUE,,,,2,,2,2,2,2,stage/fb/putongfuben/naruto_fb_14_9.csv,,,,,,,,
679,12410,,1,<53293;50044;0;53293;50082;50493>,,,,,,3,,3,3,3,3,stage/fb/putongfuben/naruto_fb_14_10.csv,,,,,,,,
680,12410,,2,<50692;50013;50044;50793;0;53772>,,,,,,2,,2,2,2,2,stage/fb/putongfuben/naruto_fb_14_10.csv,,,,,,,,
681,12410,,3,<71253;71303;71813;72242;73161;73353>,<0;0;0;0;1;0>,TRUE,,,,4,,4,4,4,4,stage/fb/putongfuben/naruto_fb_14_10.csv,,,,,,,,
682,12501,,1,<52963;52073;53283;50493;0;53342>,,,,,,2,,2,2,2,2,stage/fb/putongfuben/naruto_fb_15_1.csv,,,,,,,,
683,12501,,2,<52073;50273;53283;53432;50692;53342>,,,,,,3,,3,3,3,3,stage/fb/putongfuben/naruto_fb_15_1.csv,,,,,,,,
684,12501,,3,<70242;70503;70712;70863;70741;73171>,<0;0;0;0;1;0>,TRUE,,,,2,,2,2,2,2,stage/fb/putongfuben/naruto_fb_15_1.csv,,,,,,,,
685,12502,,1,<50082;50013;0;52633;53683;53511>,,,,,,3,,3,3,3,3,stage/fb/putongfuben/naruto_fb_15_2.csv,,,,,,,,
686,12502,,2,<53342;52633;50493;50692;50044;52073>,,,,,,2,,2,2,2,2,stage/fb/putongfuben/naruto_fb_15_2.csv,,,,,,,,
687,12502,,3,<70883;70972;71071;71394;72033;72401>,<0;0;0;0;1;0>,TRUE,,,,3,,3,3,3,3,stage/fb/putongfuben/naruto_fb_15_2.csv,,,,,,,,
688,12503,,1,<53472;53342;52843;53283;0;52633>,,,,,,2,,2,2,2,2,stage/fb/putongfuben/naruto_fb_15_3.csv,,,,,,,,
689,12503,,2,<53683;53283;50402;53342;53293;52633>,,,,,,3,,3,3,3,3,stage/fb/putongfuben/naruto_fb_15_3.csv,,,,,,,,
690,12503,,3,<72242;73543;73592;73663;73161;71893>,<0;0;0;0;1;0>,TRUE,,,,2,,2,2,2,2,stage/fb/putongfuben/naruto_fb_15_3.csv,,,,,,,,
691,12504,,1,<53511;50402;50044;52843;50044;50053>,,,,,,3,,3,3,3,3,stage/fb/putongfuben/naruto_fb_15_4.csv,,,,,,,,
692,12504,,2,<50273;50273;53432;53432;0;50082>,,,,,,2,,2,2,2,2,stage/fb/putongfuben/naruto_fb_15_4.csv,,,,,,,,
693,12504,,3,<71303;70503;70163;70641;71293;71313>,<0;0;0;0;1;0>,TRUE,,,,3,,3,3,3,3,stage/fb/putongfuben/naruto_fb_15_4.csv,,,,,,,,
694,12505,,1,<50082;50692;53683;53472;0;50493>,,,,,,2,,2,2,2,2,stage/fb/putongfuben/naruto_fb_15_5.csv,,,,,,,,
695,12505,,2,<53342;50013;53472;52683;52683;53283>,,,,,,3,,3,3,3,3,stage/fb/putongfuben/naruto_fb_15_5.csv,,,,,,,,
696,12505,,3,<73251;73161;72242;73003;71931;73021>,<0;0;0;0;1;0>,TRUE,,,,2,,2,2,2,2,stage/fb/putongfuben/naruto_fb_15_5.csv,,,,,,,,
697,12506,,1,<52013;52683;0;50053;53432;53293>,,,,,,3,,3,3,3,3,stage/fb/putongfuben/naruto_fb_15_6.csv,,,,,,,,
698,12506,,2,<53683;53472;50493;50273;50044;53293>,,,,,,2,,2,2,2,2,stage/fb/putongfuben/naruto_fb_15_6.csv,,,,,,,,
699,12506,,3,<73663;73543;71931;71612;71394;73143>,<0;0;0;0;1;0>,TRUE,,,,3,,3,3,3,3,stage/fb/putongfuben/naruto_fb_15_6.csv,,,,,,,,
700,12507,,1,<50273;50082;50013;50013;0;50013>,,,,,,2,,2,2,2,2,stage/fb/putongfuben/naruto_fb_15_7.csv,,,,,,,,
701,12507,,2,<50273;50044;50793;50053;53472;50402>,,,,,,3,,3,3,3,3,stage/fb/putongfuben/naruto_fb_15_7.csv,,,,,,,,
702,12507,,3,<70863;70883;70972;71071;71082;71241>,<0;0;0;0;1;0>,TRUE,,,,2,,2,2,2,2,stage/fb/putongfuben/naruto_fb_15_7.csv,,,,,,,,
703,12508,,1,<0;52843;50013;50692;50044;52593>,,,,,,3,,3,3,3,3,stage/fb/putongfuben/naruto_fb_15_8.csv,,,,,,,,
704,12508,,2,<53772;52013;0;50493;70333;53283>,,,,,,2,,2,2,2,2,stage/fb/putongfuben/naruto_fb_15_8.csv,,,,,,,,
705,12508,,3,<71951;71221;71293;71394;71841;71941>,<0;0;0;0;1;0>,TRUE,,,,3,,3,3,3,3,stage/fb/putongfuben/naruto_fb_15_8.csv,,,,,,,,
706,12509,,1,<53293;50013;53342;53342;0;50793>,,,,,,2,,2,2,2,2,stage/fb/putongfuben/naruto_fb_15_9.csv,,,,,,,,
707,12509,,2,<53472;61082;50273;52013;52593;50013>,,,,,,3,,3,3,3,3,stage/fb/putongfuben/naruto_fb_15_9.csv,,,,,,,,
708,12509,,3,<71931;71911;72723;73152;73251;72401>,<0;0;0;0;1;0>,TRUE,,,,2,,2,2,2,2,stage/fb/putongfuben/naruto_fb_15_9.csv,,,,,,,,
709,12510,,1,<50402;53772;0;50402;50273;50044>,,,,,,3,,3,3,3,3,stage/fb/putongfuben/naruto_fb_15_10.csv,,,,,,,,
710,12510,,2,<50402;53772;0;50402;50053;53432>,,,,,,2,,2,2,2,2,stage/fb/putongfuben/naruto_fb_15_10.csv,,,,,,,,
711,12510,,3,<72233;72242;72723;73543;73663;73171>,<0;0;0;0;1;0>,TRUE,,,,4,,4,4,4,4,stage/fb/putongfuben/naruto_fb_15_10.csv,,,,,,,,
712,12601,,1,<52633;52013;53683;53432;0;53293>,,,,,,2,,2,2,2,2,stage/fb/putongfuben/naruto_fb_16_1.csv,,,,,,,,
713,12601,,2,<50493;50402;52593;50044;0;50493>,,,,,,3,,3,3,3,3,stage/fb/putongfuben/naruto_fb_16_1.csv,,,,,,,,
714,12601,,3,<71221;71841;71813;71612;72242;71503>,<0;0;0;0;1;0>,TRUE,,,,2,,2,2,2,2,stage/fb/putongfuben/naruto_fb_16_1.csv,,,,,,,,
715,12602,,1,<53472;50793;0;53432;53293;50273>,,,,,,3,,3,3,3,3,stage/fb/putongfuben/naruto_fb_16_2.csv,,,,,,,,
716,12602,,2,<53293;53432;52843;52963;0;52633>,,,,,,2,,2,2,2,2,stage/fb/putongfuben/naruto_fb_16_2.csv,,,,,,,,
717,12602,,3,<71253;73251;72401;71903;71841;71893>,<0;0;0;0;1;0>,TRUE,,,,3,,3,3,3,3,stage/fb/putongfuben/naruto_fb_16_2.csv,,,,,,,,
718,12603,,1,<50402;50053;53472;53283;0;0>,,,,,,2,,2,2,2,2,stage/fb/putongfuben/naruto_fb_16_3.csv,,,,,,,,
719,12603,,2,<53511;50793;52633;53342;0;50082>,,,,,,3,,3,3,3,3,stage/fb/putongfuben/naruto_fb_16_3.csv,,,,,,,,
720,12603,,3,<70863;70741;70641;70593;70242;70263>,<0;0;0;0;1;0>,TRUE,,,,2,,2,2,2,2,stage/fb/putongfuben/naruto_fb_16_3.csv,,,,,,,,
721,12604,,1,<53683;50082;50793;50053;53283;52683>,,,,,,3,,3,3,3,3,stage/fb/putongfuben/naruto_fb_16_4.csv,,,,,,,,
722,12604,,2,<53772;53283;53772;52013;0;53772>,,,,,,2,,2,2,2,2,stage/fb/putongfuben/naruto_fb_16_4.csv,,,,,,,,
723,12604,,3,<73663;73161;72242;72023;72242;71423>,<0;0;0;0;1;0>,TRUE,,,,3,,3,3,3,3,stage/fb/putongfuben/naruto_fb_16_4.csv,,,,,,,,
724,12605,,1,<52612;53683;52963;52683;0;0>,,,,,,2,,2,2,2,2,stage/fb/putongfuben/naruto_fb_16_5.csv,,,,,,,,
725,12605,,2,<52683;52593;53772;53283;50493;0>,,,,,,3,,3,3,3,3,stage/fb/putongfuben/naruto_fb_16_5.csv,,,,,,,,
726,12605,,3,<71931;71903;70503;70333;70242;71231>,<0;0;0;0;1;0>,TRUE,,,,2,,2,2,2,2,stage/fb/putongfuben/naruto_fb_16_5.csv,,,,,,,,
727,12606,,1,<50692;52612;0;52073;50273;52963>,,,,,,3,,3,3,3,3,stage/fb/putongfuben/naruto_fb_16_6.csv,,,,,,,,
728,12606,,2,<50402;53283;52612;52593;0;53432>,,,,,,2,,2,2,2,2,stage/fb/putongfuben/naruto_fb_16_6.csv,,,,,,,,
729,12606,,3,<70731;70741;70603;70611;71612;70721>,<0;0;0;0;1;0>,TRUE,,,,3,,3,3,3,3,stage/fb/putongfuben/naruto_fb_16_6.csv,,,,,,,,
730,12607,,1,<52683;52612;50692;50273;0;53432>,,,,,,2,,2,2,2,2,stage/fb/putongfuben/naruto_fb_16_7.csv,,,,,,,,
731,12607,,2,<52963;52073;50013;50273;52073;50044>,,,,,,3,,3,3,3,3,stage/fb/putongfuben/naruto_fb_16_7.csv,,,,,,,,
732,12607,,3,<71303;71394;71813;71911;73003;73021>,<0;0;0;0;1;0>,TRUE,,,,2,,2,2,2,2,stage/fb/putongfuben/naruto_fb_16_7.csv,,,,,,,,
733,12608,,1,<0;53511;53432;50692;52073;50044>,,,,,,3,,3,3,3,3,stage/fb/putongfuben/naruto_fb_16_8.csv,,,,,,,,
734,12608,,2,<52633;50082;0;52593;0;52843>,,,,,,2,,2,2,2,2,stage/fb/putongfuben/naruto_fb_16_8.csv,,,,,,,,
735,12608,,3,<72023;72033;72242;73161;73543;77001>,<0;0;0;0;1;0>,TRUE,,,,3,,3,3,3,3,stage/fb/putongfuben/naruto_fb_16_8.csv,,,,,,,,
736,12609,,1,<52593;50044;50053;50013;0;50402>,,,,,,2,,2,2,2,2,stage/fb/putongfuben/naruto_fb_16_9.csv,,,,,,,,
737,12609,,2,<52612;60883;50082;50273;0;52612>,,,,,,3,,3,3,3,3,stage/fb/putongfuben/naruto_fb_16_9.csv,,,,,,,,
738,12609,,3,<73663;72023;71612;71303;71253;71241>,<0;0;0;0;1;0>,TRUE,,,,2,,2,2,2,2,stage/fb/putongfuben/naruto_fb_16_9.csv,,,,,,,,
739,12610,,1,<53293;50044;0;53293;50082;50493>,,,,,,3,,3,3,3,3,stage/fb/putongfuben/naruto_fb_16_10.csv,,,,,,,,
740,12610,,2,<50692;50013;50044;50793;0;53772>,,,,,,2,,2,2,2,2,stage/fb/putongfuben/naruto_fb_16_10.csv,,,,,,,,
741,12610,,3,<71313;70503;71394;71841;72033;72493>,<0;0;0;0;1;0>,TRUE,,,,4,,4,4,4,4,stage/fb/putongfuben/naruto_fb_16_10.csv,,,,,,,,
1000,1000,,1,<0;0;0;0;100013;0>,<0;0;0;0;1;0>,,,40,,3,3,3,3,3,3,stage/ghfb.csv,,,,,,,,
1001,1001,,1,<0;0;0;0;103293;0>,<0;0;0;0;1;0>,,,42,,3,3,3,3,3,3,stage/ghfb.csv,,,,,,,,
1002,1002,,1,<0;0;0;0;100402;0>,<0;0;0;0;1;0>,,,44,,3,3,3,3,3,3,stage/ghfb.csv,,,,,,,,
1003,1003,,1,<0;0;0;0;100493;0>,<0;0;0;0;1;0>,,,46,,3,3,3,3,3,3,stage/ghfb.csv,,,,,,,,
1004,1004,,1,<0;0;0;0;100593;0>,<0;0;0;0;1;0>,,,48,,3,3,3,3,3,3,stage/ghfb.csv,,,,,,,,
1005,1005,,1,<0;0;0;0;101221;0>,<0;0;0;0;1;0>,,,50,,3,3,3,3,3,3,stage/ghfb.csv,,,,,,,,
1006,1006,,1,<0;0;0;0;101931;0>,<0;0;0;0;1;0>,,,52,,3,3,3,3,3,3,stage/ghfb.csv,,,,,,,,
1007,1007,,1,<0;0;0;0;101903;0>,<0;0;0;0;1;0>,,,54,,3,3,3,3,3,3,stage/ghfb.csv,,,,,,,,
1008,1008,,1,<0;0;0;0;100632;0>,<0;0;0;0;1;0>,,,56,,3,3,3,3,3,3,stage/ghfb.csv,,,,,,,,
1009,1009,,1,<0;0;0;0;100741;0>,<0;0;0;0;1;0>,,,58,,3,3,3,3,3,3,stage/ghfb.csv,,,,,,,,
1010,1010,,1,<0;0;0;0;100731;0>,<0;0;0;0;1;0>,,,60,,3,3,3,3,3,3,stage/ghfb.csv,,,,,,,,
1011,1011,,1,<0;0;0;0;100333;0>,<0;0;0;0;1;0>,,,62,,5,5,5,5,5,5,stage/ghfb.csv,,,,,,,,
1012,1012,,1,<0;0;0;0;101293;0>,<0;0;0;0;1;0>,,,64,,5,5,5,5,5,5,stage/ghfb.csv,,,,,,,,
1013,1013,,1,<0;0;0;0;100603;0>,<0;0;0;0;1;0>,,,66,,5,5,5,5,5,5,stage/ghfb.csv,,,,,,,,
1014,1014,,1,<0;0;0;0;100883;0>,<0;0;0;0;1;0>,,,68,,5,5,5,5,5,5,stage/ghfb.csv,,,,,,,,
1015,1015,,1,<0;0;0;0;101071;0>,<0;0;0;0;1;0>,,,70,,5,5,5,5,5,5,stage/ghfb.csv,,,,,,,,
1016,1016,,1,<0;0;0;0;101082;0>,<0;0;0;0;1;0>,,,72,,5,5,5,5,5,5,stage/ghfb.csv,,,,,,,,
1017,1017,,1,<0;0;0;0;101253;0>,<0;0;0;0;1;0>,,,74,,5,5,5,5,5,5,stage/ghfb.csv,,,,,,,,
1018,1018,,1,<0;0;0;0;101911;0>,<0;0;0;0;1;0>,,,76,,5,5,5,5,5,5,stage/ghfb.csv,,,,,,,,
1019,1019,,1,<0;0;0;0;103003;0>,<0;0;0;0;1;0>,,,78,,5,5,5,5,5,5,stage/ghfb.csv,,,,,,,,
1020,1020,,1,<0;0;0;0;102242;0>,<0;0;0;0;1;0>,,,80,,5,5,5,5,5,5,stage/ghfb.csv,,,,,,,,
1021,1021,,1,<0;0;0;0;100731;0>,<0;0;0;0;1;0>,,,82,,5,5,5,5,5,5,stage/ghfb.csv,,,,,,,,
1022,1022,,1,<0;0;0;0;100632;0>,<0;0;0;0;1;0>,,,84,,5,5,5,5,5,5,stage/ghfb.csv,,,,,,,,
1023,1023,,1,<0;0;0;0;101293;0>,<0;0;0;0;1;0>,,,86,,5,5,5,5,5,5,stage/ghfb.csv,,,,,,,,
1024,1024,,1,<0;0;0;0;101071;0>,<0;0;0;0;1;0>,,,88,,5,5,5,5,5,5,stage/ghfb.csv,,,,,,,,
1025,1025,,1,<0;0;0;0;101253;0>,<0;0;0;0;1;0>,,,90,,5,5,5,5,5,5,stage/ghfb.csv,,,,,,,,
1026,1026,,1,<0;0;0;0;101911;0>,<0;0;0;0;1;0>,,,92,,5,5,5,5,5,5,stage/ghfb.csv,,,,,,,,
1027,1027,,1,<0;0;0;0;102242;0>,<0;0;0;0;1;0>,,,94,,5,5,5,5,5,5,stage/ghfb.csv,,,,,,,,
1028,1028,,1,<0;0;0;0;100771;0>,<0;0;0;0;1;0>,,,96,,5,5,5,5,5,5,stage/ghfb.csv,,,,,,,,
1029,1029,,1,<0;0;0;0;101231;0>,<0;0;0;0;1;0>,,,98,,5,5,5,5,5,5,stage/ghfb.csv,,,,,,,,
1030,1030,,1,<0;0;0;0;100572;0>,<0;0;0;0;1;0>,,,100,,5,5,5,5,5,5,stage/ghfb.csv,,,,,,,,
1031,1031,,1,<0;0;0;0;100263;0>,<0;0;0;0;1;0>,,,102,,5,5,5,5,5,5,stage/ghfb.csv,,,,,,,,
1032,1032,,1,<0;0;0;0;103303;0>,<0;0;0;0;1;0>,,,104,,5,5,5,5,5,5,stage/ghfb.csv,,,,,,,,
1033,1033,,1,<0;0;0;0;100393;0>,<0;0;0;0;1;0>,,,106,,5,5,5,5,5,5,stage/ghfb.csv,,,,,,,,
1034,1034,,1,<0;0;0;0;100721;0>,<0;0;0;0;1;0>,,,108,,5,5,5,5,5,5,stage/ghfb.csv,,,,,,,,
1035,1035,,1,<0;0;0;0;101423;0>,<0;0;0;0;1;0>,,,110,,5,5,5,5,5,5,stage/ghfb.csv,,,,,,,,
1036,1036,,1,<0;0;0;0;101231;0>,<0;0;0;0;1;0>,,,112,,5,5,5,5,5,5,stage/ghfb.csv,,,,,,,,
1037,1037,,1,<0;0;0;0;101241;0>,<0;0;0;0;1;0>,,,114,,5,5,5,5,5,5,stage/ghfb.csv,,,,,,,,
1038,1038,,1,<0;0;0;0;100771;0>,<0;0;0;0;1;0>,,,116,,5,5,5,5,5,5,stage/ghfb.csv,,,,,,,,
1039,1039,,1,<0;0;0;0;100572;0>,<0;0;0;0;1;0>,,,118,,5,5,5,5,5,5,stage/ghfb.csv,,,,,,,,
10001,20101,,1,<52633;50273;50793;52073;50692;53683>,,,,,,,,,,,,stage/ghfb.csv,,,,,,,,
10002,20101,,2,<53342;60883;50273;62723;70741;61911>,<0;0;0;0;1;0>,TRUE,,,,,,,,,,stage/ghfb.csv,,,,,,,,
10003,20102,,1,<52612;52963;53683;50273;53283;53293>,,,,,,1.2,,1.2,1.2,1.2,1.2,stage/ghfb.csv,,,,,,,,
10004,20102,,2,<63181;0;61841;63181;70641;61931>,<0;0;0;0;1;0>,TRUE,,,,1.2,,1.2,1.2,1.2,1.2,stage/ghfb.csv,,,,,,,,
10005,20103,,1,<53683;53683;50273;52843;70393;52612>,,,,,,1.5,,1.5,1.5,1.5,1.5,stage/ghfb.csv,,,,,,,,
10006,20103,,2,<60333;0;63161;60242;73673;61772>,<0;0;0;0;1;0>,TRUE,,,,1.5,,1.5,1.5,1.5,1.5,stage/ghfb.csv,,,,,,,,
10007,20201,,1,<50044;52963;52683;52683;53511;53772>,,,,,,2,1.2,2,2,2,2,stage/ghfb.csv,,,,,,,,
10008,20201,,2,<62023;63181;61612;0;73161;0>,<0;0;0;0;1;0>,TRUE,,,,3,1.2,3,3,3,3,stage/ghfb.csv,,,,,,,,
10009,20202,,1,<52683;50793;53511;52683;53772;50082>,,,,,,2,1.2,2,2,2,2,stage/ghfb.csv,,,,,,,,
10010,20202,,2,<52593;62023;52683;61253;70641;60972>,<0;0;0;0;1;0>,TRUE,,,,3,1.2,3,3,3,3,stage/ghfb.csv,,,,,,,,
10011,20203,,1,<50082;52593;50493;53772;53432;50493>,,,,,,2,1.2,2,2,2,2,stage/ghfb.csv,,,,,,,,
10012,20203,,2,<62242;0;61772;61772;81893;61082>,<0;0;0;0;1;0>,TRUE,,,,3,1.2,3,3,3,3,stage/ghfb.csv,,,,,,,,
10013,20301,,1,<52683;52013;53683;53511;50692;50082>,,,,,,2,1.2,2,2,2,2,stage/ghfb.csv,,,,,,,,
10014,20301,,2,<60731;0;60632;60333;70503;60242>,<0;0;0;0;1;0>,TRUE,,,,3,1.2,3,3,3,3,stage/ghfb.csv,,,,,,,,
10015,20302,,1,<52633;50044;50552;53283;50493;53472>,,,,,,2,1.2,2,2,2,2,stage/ghfb.csv,,,,,,,,
10016,20302,,2,<61903;62023;61931;0;71303;0>,<0;0;0;0;1;0>,TRUE,,,,3,1.2,3,3,3,3,stage/ghfb.csv,,,,,,,,
10017,20303,,1,<53283;53511;50402;50493;52963;50013>,,,,,,2,1.2,2,2,2,2,stage/ghfb.csv,,,,,,,,
10018,20303,,2,<50082;63152;53293;63003;73353;61903>,<0;0;0;0;1;0>,TRUE,,,,3,1.2,3,3,3,3,stage/ghfb.csv,,,,,,,,
10019,20304,,1,<50082;50692;52843;50793;52612;53472>,,,,,,2,1.2,2,2,2,2,stage/ghfb.csv,,,,,,,,
10020,20304,,2,<61293;0;60731;63663;83143;63181>,<0;0;0;0;1;0>,TRUE,,,,3,1.2,3,3,3,3,stage/ghfb.csv,,,,,,,,
10021,20401,,1,<52843;53283;50692;52013;52593;52073>,,,,,,2,1.2,2,2,2,2,stage/ghfb.csv,,,,,,,,
10022,20401,,2,<61071;0;63592;60593;72493;60603>,<0;0;0;0;1;0>,TRUE,,,,3,1.2,3,3,3,3,stage/ghfb.csv,,,,,,,,
10023,20402,,1,<53432;50402;50793;52843;52683;52073>,,,,,,2,1.2,2,2,2,2,stage/ghfb.csv,,,,,,,,
10024,20402,,2,<0;60242;0;0;71951;0>,<0;0;0;0;1;0>,TRUE,,,,3,1.2,3,3,3,3,stage/ghfb.csv,,,,,,,,
10025,20403,,1,<50552;50053;50053;52633;53293;50082>,,,,,,2,1.2,2,2,2,2,stage/ghfb.csv,,,,,,,,
10026,20403,,2,<50793;63663;52683;61071;73251;60972>,<0;0;0;0;1;0>,TRUE,,,,2,1.2,2,2,2,2,stage/ghfb.csv,,,,,,,,
10027,20404,,1,<50273;50552;52013;52073;53511;53342>,,,,,,2,1.2,2,2,2,2,stage/ghfb.csv,,,,,,,,
10028,20404,,2,<63251;0;61903;61082;80263;60603>,<0;0;0;0;1;0>,TRUE,,,,3,1.2,3,3,3,3,stage/ghfb.csv,,,,,,,,
10029,20501,,1,<53472;53683;50013;50273;53683;50013>,,,,,,2,1.2,2,2,2,2,stage/ghfb.csv,,,,,,,,
10030,20501,,2,<60603;0;60242;61071;73003;60632>,<0;0;0;0;1;0>,TRUE,,,,3,1.2,3,3,3,3,stage/ghfb.csv,,,,,,,,
10031,20502,,1,<52633;50082;53772;52843;50082;50013>,,,,,,2,1.2,2,2,2,2,stage/fb/kunnanfuben/naruto_knfb_1_1.csv,,,,,,,,
10032,20502,,2,<62723;62723;61394;0;70741;0>,<0;0;0;0;1;0>,TRUE,,,,3,1.2,3,3,3,3,stage/fb/kunnanfuben/naruto_knfb_1_1.csv,,,,,,,,
10033,20503,,1,<52013;50044;50692;52593;52612;50082>,,,,,,2,1.2,2,2,2,2,stage/fb/kunnanfuben/naruto_knfb_1_2.csv,,,,,,,,
10034,20503,,2,<52593;62242;53432;60883;80721;60593>,<0;0;0;0;1;0>,TRUE,,,,3,1.2,3,3,3,3,stage/fb/kunnanfuben/naruto_knfb_1_2.csv,,,,,,,,
10035,20504,,1,<52612;53283;53772;53772;53472;53511>,,,,,,2,1.2,2,2,2,2,stage/fb/kunnanfuben/naruto_knfb_1_3.csv,,,,,,,,
10036,20504,,2,<53772;0;60641;60741;71503;60503>,<0;0;0;0;1;0>,TRUE,,,,3,1.2,3,3,3,3,stage/fb/kunnanfuben/naruto_knfb_1_3.csv,,,,,,,,
10037,20505,,1,<53293;50402;53683;52683;52073;53511>,,,,,,2,1.2,2,2,2,2,stage/fb/kunnanfuben/naruto_knfb_2_1.csv,,,,,,,,
10038,20505,,2,<61813;0;81241;61903;81503;63161>,<0;0;0;0;1;0>,TRUE,,,,3,1.2,3,3,3,3,stage/fb/kunnanfuben/naruto_knfb_2_1.csv,,,,,,,,
10039,20601,,1,<52843;53472;50692;53772;52633;50493>,,,,,,2,1.2,2,2,2,2,stage/fb/kunnanfuben/naruto_knfb_2_2.csv,,,,,,,,
10040,20601,,2,<60163;61903;60972;0;72723;0>,<0;0;0;0;1;0>,TRUE,,,,3,1.2,3,3,3,3,stage/fb/kunnanfuben/naruto_knfb_2_2.csv,,,,,,,,
10041,20602,,1,<50044;53283;50273;53432;50273;53342>,,,,,,2,1.2,2,2,2,2,stage/fb/kunnanfuben/naruto_knfb_2_3.csv,,,,,,,,
10042,20602,,2,<52013;60611;53511;60603;71071;60593>,<0;0;0;0;1;0>,TRUE,,,,3,1.2,3,3,3,3,stage/fb/kunnanfuben/naruto_knfb_2_3.csv,,,,,,,,
10043,20603,,1,<50044;52963;52843;53472;50082;53293>,,,,,,2,1.2,2,2,2,2,stage/fb/kunnanfuben/naruto_knfb_3_1.csv,,,,,,,,
10044,20603,,2,<63663;0;63592;63251;83143;63161>,<0;0;0;0;1;0>,TRUE,,,,3,1.2,3,3,3,3,stage/fb/kunnanfuben/naruto_knfb_3_1.csv,,,,,,,,
10045,20604,,1,<53772;50552;52013;52612;50793;52683>,,,,,,2,1.2,2,2,2,2,stage/fb/kunnanfuben/naruto_knfb_3_2.csv,,,,,,,,
10046,20604,,2,<60242;0;63543;61071;73181;60163>,<0;0;0;0;1;0>,TRUE,,,,3,1.2,3,3,3,3,stage/fb/kunnanfuben/naruto_knfb_3_2.csv,,,,,,,,
10047,20605,,1,<50793;52843;50493;53683;50493;50402>,,,,,,2,1.2,2,2,2,2,stage/fb/kunnanfuben/naruto_knfb_3_3.csv,,,,,,,,
10048,20605,,2,<60242;61303;60163;0;81951;0>,<0;0;0;0;1;0>,TRUE,,,,2,1.2,2,2,2,2,stage/fb/kunnanfuben/naruto_knfb_3_3.csv,,,,,,,,
10049,20701,,1,<50082;50273;50493;52612;53472;52073>,,,,,,2,1.2,2,2,2,2,stage/fb/kunnanfuben/naruto_knfb_3_4.csv,,,,,,,,
10050,20701,,2,<53342;61071;50082;60163;71911;60503>,<0;0;0;0;1;0>,TRUE,,,,3,1.2,3,3,3,3,stage/fb/kunnanfuben/naruto_knfb_3_4.csv,,,,,,,,
10051,20702,,1,<52683;53283;50044;52843;53511;53293>,,,,,,2,1.2,2,2,2,2,stage/fb/kunnanfuben/naruto_knfb_4_1.csv,,,,,,,,
10052,20702,,2,<60611;0;63152;61772;82493;61293>,<0;0;0;0;1;0>,TRUE,,,,2,1.2,2,2,2,2,stage/fb/kunnanfuben/naruto_knfb_4_1.csv,,,,,,,,
10053,20703,,1,<52612;52683;53472;52013;52843;52593>,,,,,,2,1.2,2,2,2,2,stage/fb/kunnanfuben/naruto_knfb_4_2.csv,,,,,,,,
10054,20703,,2,<63543;0;60163;60883;83353;60603>,<0;0;0;0;1;0>,TRUE,,,,2,1.2,2,2,2,2,stage/fb/kunnanfuben/naruto_knfb_4_2.csv,,,,,,,,
10055,20704,,1,<50552;60163;52073;50692;53283;53342>,,,,,,2,1.2,2,2,2,2,stage/fb/kunnanfuben/naruto_knfb_4_3.csv,,,,,,,,
10056,20704,,2,<60593;60712;81893;0;81393;0>,<0;0;0;0;1;0>,TRUE,,,,2,1.2,2,2,2,2,stage/fb/kunnanfuben/naruto_knfb_4_3.csv,,,,,,,,
10057,20705,,1,<50273;50273;52073;50044;53683;50013>,,,,,,2,1.2,2,2,2,2,stage/fb/kunnanfuben/naruto_knfb_4_4.csv,,,,,,,,
10058,20705,,2,<53432;60503;50053;63543;81231;63181>,<0;0;0;0;1;0>,TRUE,,,,3,1.2,3,3,3,3,stage/fb/kunnanfuben/naruto_knfb_4_4.csv,,,,,,,,
10059,20801,,1,<53472;53472;50013;52073;52683;52843>,,,,,,2,1.2,2,2,2,2,stage/fb/kunnanfuben/naruto_knfb_5_1.csv,,,,,,,,
10060,20801,,2,<61911;0;61772;61813;73171;61303>,<0;0;0;0;1;0>,TRUE,,,,2,1.2,2,2,2,2,stage/fb/kunnanfuben/naruto_knfb_5_1.csv,,,,,,,,
10061,20802,,1,<50793;50053;50402;52683;50053;53472>,,,,,,2,1.2,2,2,2,2,stage/fb/kunnanfuben/naruto_knfb_5_2.csv,,,,,,,,
10062,20802,,2,<53342;0;60611;60741;82493;60863>,<0;0;0;0;1;0>,TRUE,,,,2,1.2,2,2,2,2,stage/fb/kunnanfuben/naruto_knfb_5_2.csv,,,,,,,,
10063,20803,,1,<52612;50053;50044;52013;53342;52633>,,,,,,2,1.2,2,2,2,2,stage/fb/kunnanfuben/naruto_knfb_5_3.csv,,,,,,,,
10064,20803,,2,<60603;60503;81503;0;80721;0>,<0;0;0;0;1;0>,TRUE,,,,2,1.2,2,2,2,2,stage/fb/kunnanfuben/naruto_knfb_5_3.csv,,,,,,,,
10065,20804,,1,<50493;52633;52073;50082;52612;53772>,,,,,,2,1.2,2,2,2,2,stage/fb/kunnanfuben/naruto_knfb_5_4.csv,,,,,,,,
10066,20804,,2,<53283;63592;50552;61253;81941;60632>,<0;0;0;0;1;0>,TRUE,,,,2,1.2,2,2,2,2,stage/fb/kunnanfuben/naruto_knfb_5_4.csv,,,,,,,,
10067,20805,,1,<50493;52612;52593;52633;50013;50793>,,,,,,2,1.2,2,2,2,2,stage/fb/kunnanfuben/naruto_knfb_5_5.csv,,,,,,,,
10068,20805,,2,<60611;0;81423;80572;83143;63592>,<0;0;0;0;1;0>,TRUE,,,,3,1.2,3,3,3,3,stage/fb/kunnanfuben/naruto_knfb_5_5.csv,,,,,,,,
10069,20901,,1,<52963;52633;52612;52963;52593;53772>,,,,,,2,1.2,2,2,2,2,stage/fb/kunnanfuben/naruto_knfb_6_1.csv,,,,,,,,
10070,20901,,2,<61303;0;60641;61071;70593;60603>,<0;0;0;0;1;0>,TRUE,,,,2,1.2,2,2,2,2,stage/fb/kunnanfuben/naruto_knfb_6_1.csv,,,,,,,,
10071,20902,,1,<52843;53511;53472;50044;52633;52633>,,,,,,2,1.2,2,2,2,2,stage/fb/kunnanfuben/naruto_knfb_6_2.csv,,,,,,,,
10072,20902,,2,<63592;0;61911;0;81893;0>,<0;0;0;0;1;0>,TRUE,,,,2,1.2,2,2,2,2,stage/fb/kunnanfuben/naruto_knfb_6_2.csv,,,,,,,,
10073,20903,,1,<50013;53683;50552;50044;52073;52633>,,,,,,2,1.2,2,2,2,2,stage/fb/kunnanfuben/naruto_knfb_6_3.csv,,,,,,,,
10074,20903,,2,<50273;60741;50793;61612;81951;61253>,<0;0;0;0;1;0>,TRUE,,,,2,1.2,2,2,2,2,stage/fb/kunnanfuben/naruto_knfb_6_3.csv,,,,,,,,
10075,20904,,1,<53283;52593;50793;53683;53432;50692>,,,,,,2,1.2,2,2,2,2,stage/fb/kunnanfuben/naruto_knfb_6_4.csv,,,,,,,,
10076,20904,,2,<63543;0;63152;63543;87001;61931>,<0;0;0;0;1;0>,TRUE,,,,2,1.2,2,2,2,2,stage/fb/kunnanfuben/naruto_knfb_6_4.csv,,,,,,,,
10077,20905,,1,<52593;50044;52683;52683;50692;52013>,,,,,,2,1.2,2,2,2,2,stage/fb/kunnanfuben/naruto_knfb_6_5.csv,,,,,,,,
10078,20905,,2,<61931;0;63543;61903;81241;61931>,<0;0;0;0;1;0>,TRUE,,,,3,1.2,3,3,3,3,stage/fb/kunnanfuben/naruto_knfb_6_5.csv,,,,,,,,
10079,21001,,1,<52963;53432;50793;53432;50053;52963>,,,,,,2,1.2,2,2,2,2,stage/fb/kunnanfuben/naruto_knfb_7_1.csv,,,,,,,,
10080,21001,,2,<60163;61082;63592;0;80393;0>,<0;0;0;0;1;0>,TRUE,,,,2,1.2,2,2,2,2,stage/fb/kunnanfuben/naruto_knfb_7_1.csv,,,,,,,,
10081,21002,,1,<52593;53283;53683;50013;50053;53472>,,,,,,2,1.2,2,2,2,2,stage/fb/kunnanfuben/naruto_knfb_7_2.csv,,,,,,,,
10082,21002,,2,<50013;61931;50402;63592;81951;62033>,<0;0;0;0;1;0>,TRUE,,,,2,1.2,2,2,2,2,stage/fb/kunnanfuben/naruto_knfb_7_2.csv,,,,,,,,
10083,21003,,1,<50552;52633;53472;53472;53683;50273>,,,,,,2,1.2,2,2,2,2,stage/fb/kunnanfuben/naruto_knfb_7_3.csv,,,,,,,,
10084,21003,,2,<60333;0;60712;60503;80393;63181>,<0;0;0;0;1;0>,TRUE,,,,2,1.2,2,2,2,2,stage/fb/kunnanfuben/naruto_knfb_7_3.csv,,,,,,,,
10085,21004,,1,<53293;50273;50053;50082;50493;50552>,,,,,,2,1.2,2,2,2,2,stage/fb/kunnanfuben/naruto_knfb_7_4.csv,,,,,,,,
10086,21004,,2,<63592;0;60503;63543;82401;62023>,<0;0;0;0;1;0>,TRUE,,,,2,1.2,2,2,2,2,stage/fb/kunnanfuben/naruto_knfb_7_4.csv,,,,,,,,
10087,21005,,1,<52633;52683;50053;50273;53432;52843>,,,,,,2,1.2,2,2,2,2,stage/fb/kunnanfuben/naruto_knfb_7_5.csv,,,,,,,,
10088,21005,,2,<0;81393;0;0;83353;0>,<0;0;0;0;1;0>,TRUE,,,,3,1.2,3,3,3,3,stage/fb/kunnanfuben/naruto_knfb_7_5.csv,,,,,,,,
10089,21101,,1,<50402;50402;52593;50053;52633;53472>,,,,,,2,1.2,2,2,2,2,stage/fb/kunnanfuben/naruto_knfb_8_1.csv,,,,,,,,
10090,21101,,2,<50053;60741;52963;63181;71911;63251>,<0;0;0;0;1;0>,TRUE,,,,2,1.2,2,2,2,2,stage/fb/kunnanfuben/naruto_knfb_8_1.csv,,,,,,,,
10091,21102,,1,<50053;52013;52013;53511;50044;53511>,,,,,,2,1.2,2,2,2,2,stage/fb/kunnanfuben/naruto_knfb_8_2.csv,,,,,,,,
10092,21102,,2,<63003;0;63592;80701;82401;63663>,<0;0;0;0;1;0>,TRUE,,,,2,1.2,2,2,2,2,stage/fb/kunnanfuben/naruto_knfb_8_2.csv,,,,,,,,
10093,21103,,1,<53472;52843;50793;50493;53293;50402>,,,,,,2,1.2,2,2,2,2,stage/fb/kunnanfuben/naruto_knfb_8_3.csv,,,,,,,,
10094,21103,,2,<60333;0;62723;63251;81951;60333>,<0;0;0;0;1;0>,TRUE,,,,2,1.2,2,2,2,2,stage/fb/kunnanfuben/naruto_knfb_8_3.csv,,,,,,,,
10095,21104,,1,<52633;53683;53283;53683;50402;53342>,,,,,,2,1.2,2,2,2,2,stage/fb/kunnanfuben/naruto_knfb_8_4.csv,,,,,,,,
10096,21104,,2,<61612;60593;62023;0;81393;0>,<0;0;0;0;1;0>,TRUE,,,,2,1.2,2,2,2,2,stage/fb/kunnanfuben/naruto_knfb_8_4.csv,,,,,,,,
10097,21105,,1,<52683;53772;50053;53772;70593;50552>,,,,,,2,1.2,2,2,2,2,stage/fb/kunnanfuben/naruto_knfb_8_5.csv,,,,,,,,
10098,21105,,2,<53342;61394;50402;61253;83171;61221>,<0;0;0;0;1;0>,TRUE,,,,3,1.2,3,3,3,3,stage/fb/kunnanfuben/naruto_knfb_8_5.csv,,,,,,,,
10099,21201,,1,<52612;53293;50044;50692;53772;50493>,,,,,,2,1.2,2,2,2,2,stage/fb/kunnanfuben/naruto_knfb_9_1.csv,,,,,,,,
10100,21201,,2,<61221;0;61612;53511;70731;53511>,<0;0;0;0;1;0>,TRUE,,,,2,1.2,2,2,2,2,stage/fb/kunnanfuben/naruto_knfb_9_1.csv,,,,,,,,
10101,21202,,1,<52963;50793;50273;50082;52593;50692>,,,,,,2,1.2,2,2,2,2,stage/fb/kunnanfuben/naruto_knfb_9_2.csv,,,,,,,,
10102,21202,,2,<61071;0;61394;60863;81941;61221>,<0;0;0;0;1;0>,TRUE,,,,2,1.2,2,2,2,2,stage/fb/kunnanfuben/naruto_knfb_9_2.csv,,,,,,,,
10103,21203,,1,<53511;50793;52963;53283;50493;53293>,,,,,,2,1.2,2,2,2,2,stage/fb/kunnanfuben/naruto_knfb_9_3.csv,,,,,,,,
10104,21203,,2,<60503;61813;61032;0;81941;0>,<0;0;0;0;1;0>,TRUE,,,,2,1.2,2,2,2,2,stage/fb/kunnanfuben/naruto_knfb_9_3.csv,,,,,,,,
10105,21204,,1,<50013;53283;53432;52612;53432;50552>,,,,,,2,1.2,2,2,2,2,stage/fb/kunnanfuben/naruto_knfb_9_4.csv,,,,,,,,
10106,21204,,2,<50082;61813;52683;61253;81313;60731>,<0;0;0;0;1;0>,TRUE,,,,2,1.2,2,2,2,2,stage/fb/kunnanfuben/naruto_knfb_9_4.csv,,,,,,,,
10107,21205,,1,<53342;53772;53293;50552;52593;52073>,,,,,,2,1.2,2,2,2,2,stage/fb/kunnanfuben/naruto_knfb_9_5.csv,,,,,,,,
10108,21205,,2,<61841;0;61032;60972;82233;60603>,<0;0;0;0;1;0>,TRUE,,,,3,1.2,3,3,3,3,stage/fb/kunnanfuben/naruto_knfb_9_5.csv,,,,,,,,
10109,21301,,1,<52633;53342;50053;52593;52843;50793>,,,,,,2,1.2,2,2,2,2,stage/fb/kunnanfuben/naruto_knfb_10_1.csv,,,,,,,,
10110,21301,,2,<61253;0;61772;53472;72033;53283>,<0;0;0;0;1;0>,TRUE,,,,2,1.2,2,2,2,2,stage/fb/kunnanfuben/naruto_knfb_10_1.csv,,,,,,,,
10111,21302,,1,<53283;52013;50402;50552;53342;52593>,,,,,,2,1.2,2,2,2,2,stage/fb/kunnanfuben/naruto_knfb_10_2.csv,,,,,,,,
10112,21302,,2,<61032;0;61612;60731;83303;61032>,<0;0;0;0;1;0>,TRUE,,,,2,1.2,2,2,2,2,stage/fb/kunnanfuben/naruto_knfb_10_2.csv,,,,,,,,
10113,21303,,1,<53683;52013;53283;53472;53283;53472>,,,,,,2,1.2,2,2,2,2,stage/fb/kunnanfuben/naruto_knfb_10_3.csv,,,,,,,,
10114,21303,,2,<60593;61841;61082;0;83673;0>,<0;0;0;0;1;0>,TRUE,,,,2,1.2,2,2,2,2,stage/fb/kunnanfuben/naruto_knfb_10_3.csv,,,,,,,,
10115,21304,,1,<50044;52843;53283;52073;52013;50402>,,,,,,2,1.2,2,2,2,2,stage/fb/kunnanfuben/naruto_knfb_10_4.csv,,,,,,,,
10116,21304,,2,<52963;61911;52593;61293;83171;60741>,<0;0;0;0;1;0>,TRUE,,,,2,1.2,2,2,2,2,stage/fb/kunnanfuben/naruto_knfb_10_4.csv,,,,,,,,
10117,21305,,1,<53432;53432;50493;50493;52073;52013>,,,,,,2,1.2,2,2,2,2,stage/fb/kunnanfuben/naruto_knfb_10_5.csv,,,,,,,,
10118,21305,,2,<60603;0;60731;61032;83171;60632>,<0;0;0;0;1;0>,TRUE,,,,3,1.2,3,3,3,3,stage/fb/kunnanfuben/naruto_knfb_10_5.csv,,,,,,,,
10119,21401,,1,<53283;53472;52013;53472;50082;53283>,,,,,,2,1.2,2,2,2,2,stage/fb/kunnanfuben/naruto_knfb_11_1.csv,,,,,,,,
10120,21401,,2,<60242;0;63181;0;70632;0>,<0;0;0;0;1;0>,TRUE,,,,2,1.2,2,2,2,2,stage/fb/kunnanfuben/naruto_knfb_11_1.csv,,,,,,,,
10121,21402,,1,<52683;53293;53772;50044;50082;53511>,,,,,,2,1.2,2,2,2,2,stage/fb/kunnanfuben/naruto_knfb_11_2.csv,,,,,,,,
10122,21402,,2,<62023;0;61813;63181;83353;61911>,<0;0;0;0;1;0>,TRUE,,,,2,1.2,2,2,2,2,stage/fb/kunnanfuben/naruto_knfb_11_2.csv,,,,,,,,
10123,21403,,1,<50692;52683;53511;53511;53772;50402>,,,,,,2,1.2,2,2,2,2,stage/fb/kunnanfuben/naruto_knfb_11_3.csv,,,,,,,,
10124,21403,,2,<60611;0;60741;0;81231;0>,<0;0;0;0;1;0>,TRUE,,,,2,1.2,2,2,2,2,stage/fb/kunnanfuben/naruto_knfb_11_3.csv,,,,,,,,
10125,21404,,1,<53342;50402;50082;50273;50552;50692>,,,,,,2,1.2,2,2,2,2,stage/fb/kunnanfuben/naruto_knfb_11_4.csv,,,,,,,,
10126,21404,,2,<53283;0;52593;63003;80263;61813>,<0;0;0;0;1;0>,TRUE,,,,2,1.2,2,2,2,2,stage/fb/kunnanfuben/naruto_knfb_11_4.csv,,,,,,,,
10127,21405,,1,<52683;52843;50082;50402;53472;52963>,,,,,,2,1.2,2,2,2,2,stage/fb/kunnanfuben/naruto_knfb_11_5.csv,,,,,,,,
10128,21405,,2,<63003;0;61931;0;81423;0>,<0;0;0;0;1;0>,TRUE,,,,3,1.2,3,3,3,3,stage/fb/kunnanfuben/naruto_knfb_11_5.csv,,,,,,,,
10129,21501,,1,<50493;50493;52612;50082;52683;53511>,,,,,,2,1.2,2,2,2,2,stage/fb/kunnanfuben/naruto_knfb_12_1.csv,,,,,,,,
10130,21501,,2,<52612;0;53772;63161;73143;63181>,<0;0;0;0;1;0>,TRUE,,,,2,1.2,2,2,2,2,stage/fb/kunnanfuben/naruto_knfb_12_1.csv,,,,,,,,
10131,21502,,1,<50273;52073;52073;53683;50053;53683>,,,,,,2,1.2,2,2,2,2,stage/fb/kunnanfuben/naruto_knfb_12_2.csv,,,,,,,,
10132,21502,,2,<63152;0;63663;80393;81241;63543>,<0;0;0;0;1;0>,TRUE,,,,2,1.2,2,2,2,2,stage/fb/kunnanfuben/naruto_knfb_12_2.csv,,,,,,,,
10133,21503,,1,<53511;52963;52013;50552;53342;50493>,,,,,,2,1.2,2,2,2,2,stage/fb/kunnanfuben/naruto_knfb_12_3.csv,,,,,,,,
10134,21503,,2,<60503;0;63003;0;83021;0>,<0;0;0;0;1;0>,TRUE,,,,2,1.2,2,2,2,2,stage/fb/kunnanfuben/naruto_knfb_12_3.csv,,,,,,,,
10135,21504,,1,<52683;53772;53293;53772;50493;53432>,,,,,,2,1.2,2,2,2,2,stage/fb/kunnanfuben/naruto_knfb_12_4.csv,,,,,,,,
10136,21504,,2,<53511;60333;50044;0;87001;0>,<0;0;0;0;1;0>,TRUE,,,,2,1.2,2,2,2,2,stage/fb/kunnanfuben/naruto_knfb_12_4.csv,,,,,,,,
10137,21505,,1,<52843;50013;50082;50013;70603;50692>,,,,,,2,1.2,2,2,2,2,stage/fb/kunnanfuben/naruto_knfb_12_5.csv,,,,,,,,
10138,21505,,2,<60593;0;60333;61221;80393;61082>,<0;0;0;0;1;0>,TRUE,,,,3,1.2,3,3,3,3,stage/fb/kunnanfuben/naruto_knfb_12_5.csv,,,,,,,,
10139,21601,,1,<52843;53432;50082;50793;50013;50552>,,,,,,2,1.2,2,2,2,2,stage/fb/kunnanfuben/naruto_knfb_13_1.csv,,,,,,,,
10140,21601,,2,<61293;0;61813;53683;71221;53683>,<0;0;0;0;1;0>,TRUE,,,,2,1.2,2,2,2,2,stage/fb/kunnanfuben/naruto_knfb_13_1.csv,,,,,,,,
10141,21602,,1,<53293;52073;50493;50273;52612;50793>,,,,,,2,1.2,2,2,2,2,stage/fb/kunnanfuben/naruto_knfb_13_2.csv,,,,,,,,
10142,21602,,2,<61082;0;61772;60712;82233;61071>,<0;0;0;0;1;0>,TRUE,,,,2,1.2,2,2,2,2,stage/fb/kunnanfuben/naruto_knfb_13_2.csv,,,,,,,,
10143,21603,,1,<53772;52073;53293;53293;50552;53342>,,,,,,2,1.2,2,2,2,2,stage/fb/kunnanfuben/naruto_knfb_13_3.csv,,,,,,,,
10144,21603,,2,<60632;61903;61221;0;82493;0>,<0;0;0;0;1;0>,TRUE,,,,2,1.2,2,2,2,2,stage/fb/kunnanfuben/naruto_knfb_13_3.csv,,,,,,,,
10145,21604,,1,<50053;53293;53472;52633;53472;50692>,,,,,,2,1.2,2,2,2,2,stage/fb/kunnanfuben/naruto_knfb_13_4.csv,,,,,,,,
10146,21604,,2,<50402;61841;52843;61082;83673;60641>,<0;0;0;0;1;0>,TRUE,,,,2,1.2,2,2,2,2,stage/fb/kunnanfuben/naruto_knfb_13_4.csv,,,,,,,,
10147,21605,,1,<53432;50013;53342;50692;52612;52593>,,,,,,2,1.2,2,2,2,2,stage/fb/kunnanfuben/naruto_knfb_13_5.csv,,,,,,,,
10148,21605,,2,<61903;0;61082;61303;80771;60863>,<0;0;0;0;1;0>,TRUE,,,,3,1.2,3,3,3,3,stage/fb/kunnanfuben/naruto_knfb_13_5.csv,,,,,,,,
10149,21701,,1,<52963;53472;50273;52013;50044;50692>,,,,,,2,1.2,2,2,2,2,stage/fb/kunnanfuben/naruto_knfb_14_1.csv,,,,,,,,
10150,21701,,2,<61303;0;61841;60163;73152;60242>,<0;0;0;0;1;0>,TRUE,,,,2,1.2,2,2,2,2,stage/fb/kunnanfuben/naruto_knfb_14_1.csv,,,,,,,,
10151,21702,,1,<53342;52593;50552;50402;52633;52013>,,,,,,2,1.2,2,2,2,2,stage/fb/kunnanfuben/naruto_knfb_14_2.csv,,,,,,,,
10152,21702,,2,<61221;0;61813;60741;81423;61082>,<0;0;0;0;1;0>,TRUE,,,,2,1.2,2,2,2,2,stage/fb/kunnanfuben/naruto_knfb_14_2.csv,,,,,,,,
10153,21703,,1,<50013;52593;53342;53342;50692;53432>,,,,,,2,1.2,2,2,2,2,stage/fb/kunnanfuben/naruto_knfb_14_3.csv,,,,,,,,
10154,21703,,2,<60641;61911;61253;0;81393;0>,<0;0;0;0;1;0>,TRUE,,,,2,1.2,2,2,2,2,stage/fb/kunnanfuben/naruto_knfb_14_3.csv,,,,,,,,
10155,21704,,1,<50082;53342;53511;52683;53511;50793>,,,,,,2,1.2,2,2,2,2,stage/fb/kunnanfuben/naruto_knfb_14_4.csv,,,,,,,,
10156,21704,,2,<50493;61903;52963;61071;83143;60611>,<0;0;0;0;1;0>,TRUE,,,,2,1.2,2,2,2,2,stage/fb/kunnanfuben/naruto_knfb_14_4.csv,,,,,,,,
10157,21705,,1,<53472;50044;53432;50793;52633;52612>,,,,,,2,1.2,2,2,2,2,stage/fb/kunnanfuben/naruto_knfb_14_5.csv,,,,,,,,
10158,21705,,2,<61911;0;61221;61221;83303;60712>,<0;0;0;0;1;0>,TRUE,,,,3,1.2,3,3,3,3,stage/fb/kunnanfuben/naruto_knfb_14_5.csv,,,,,,,,
10159,21801,,1,<53293;53511;52073;53511;50273;53293>,,,,,,2,1.2,2,2,2,2,stage/fb/kunnanfuben/naruto_knfb_15_1.csv,,,,,,,,
10160,21801,,2,<60333;0;63251;0;73161;0>,<0;0;0;0;1;0>,TRUE,,,,2,1.2,2,2,2,2,stage/fb/kunnanfuben/naruto_knfb_15_1.csv,,,,,,,,
10161,21802,,1,<53283;53342;50013;50053;50273;53683>,,,,,,2,1.2,2,2,2,2,stage/fb/kunnanfuben/naruto_knfb_15_2.csv,,,,,,,,
10162,21802,,2,<62033;0;61841;63161;83171;61841>,<0;0;0;0;1;0>,TRUE,,,,2,1.2,2,2,2,2,stage/fb/kunnanfuben/naruto_knfb_15_2.csv,,,,,,,,
10163,21803,,1,<50793;52843;53683;53683;70163;50493>,,,,,,2,1.2,2,2,2,2,stage/fb/kunnanfuben/naruto_knfb_15_3.csv,,,,,,,,
10164,21803,,2,<60712;0;60863;0;77001;0>,<0;0;0;0;1;0>,TRUE,,,,2,1.2,2,2,2,2,stage/fb/kunnanfuben/naruto_knfb_15_3.csv,,,,,,,,
10165,21804,,1,<53432;50493;50273;50402;50692;50793>,,,,,,2,1.2,2,2,2,2,stage/fb/kunnanfuben/naruto_knfb_15_4.csv,,,,,,,,
10166,21804,,2,<53293;0;52612;63161;81941;61903>,<0;0;0;0;1;0>,TRUE,,,,2,1.2,2,2,2,2,stage/fb/kunnanfuben/naruto_knfb_15_4.csv,,,,,,,,
10167,21805,,1,<52843;52963;50273;50493;53511;53283>,,,,,,2,1.2,2,2,2,2,stage/fb/kunnanfuben/naruto_knfb_15_5.csv,,,,,,,,
10168,21805,,2,<63152;0;62023;0;81941;0>,<0;0;0;0;1;0>,TRUE,,,,3,1.2,3,3,3,3,stage/fb/kunnanfuben/naruto_knfb_15_5.csv,,,,,,,,
10169,21901,,1,<52683;52612;52843;53472;52612;52612>,,,,,,2,1.2,2,2,2,2,stage/fb/kunnanfuben/naruto_knfb_16_1.csv,,,,,,,,
10170,21901,,2,<61394;0;61221;80263;73543;61612>,<0;0;0;0;1;0>,TRUE,,,,2,1.2,2,2,2,2,stage/fb/kunnanfuben/naruto_knfb_16_1.csv,,,,,,,,
10171,21902,,1,<53511;52073;52593;52633;52963;53293>,,,,,,2,1.2,2,2,2,2,stage/fb/kunnanfuben/naruto_knfb_16_2.csv,,,,,,,,
10172,21902,,2,<60863;0;60163;61772;83021;63003>,<0;0;0;0;1;0>,TRUE,,,,2,1.2,2,2,2,2,stage/fb/kunnanfuben/naruto_knfb_16_2.csv,,,,,,,,
10173,21903,,1,<50013;50082;52073;52963;52593;50273>,,,,,,2,1.2,2,2,2,2,stage/fb/kunnanfuben/naruto_knfb_16_3.csv,,,,,,,,
10174,21903,,2,<61813;63592;62033;0;81241;0>,<0;0;0;0;1;0>,TRUE,,,,2,1.2,2,2,2,2,stage/fb/kunnanfuben/naruto_knfb_16_3.csv,,,,,,,,
10175,21904,,1,<50273;53683;50692;53772;52843;52633>,,,,,,2,1.2,2,2,2,2,stage/fb/kunnanfuben/naruto_knfb_16_4.csv,,,,,,,,
10176,21904,,2,<52963;61071;52633;80721;81313;63251>,<0;0;0;0;1;0>,TRUE,,,,2,1.2,2,2,2,2,stage/fb/kunnanfuben/naruto_knfb_16_4.csv,,,,,,,,
10177,21905,,1,<53772;61032;52683;53772;52843;50552>,,,,,,2,1.2,2,2,2,2,stage/fb/kunnanfuben/naruto_knfb_16_5.csv,,,,,,,,
10178,21905,,2,<60863;0;60641;63663;87001;62242>,<0;0;0;0;1;0>,TRUE,,,,3,1.2,3,3,3,3,stage/fb/kunnanfuben/naruto_knfb_16_5.csv,,,,,,,,
10179,22001,,1,<50793;53472;52963;50044;52073;52683>,,,,,,2,1.2,2,2,2,2,stage/fb/kunnanfuben/naruto_knfb_17_1.csv,,,,,,,,
10180,22001,,2,<63152;0;60863;61071;71231;61931>,<0;0;0;0;1;0>,TRUE,,,,2,1.2,2,2,2,2,stage/fb/kunnanfuben/naruto_knfb_17_1.csv,,,,,,,,
10181,22002,,1,<50044;53511;50793;50044;53511;53472>,,,,,,2,1.2,2,2,2,2,stage/fb/kunnanfuben/naruto_knfb_17_2.csv,,,,,,,,
10182,22002,,2,<61071;0;61841;63251;80572;61772>,<0;0;0;0;1;0>,TRUE,,,,2,1.2,2,2,2,2,stage/fb/kunnanfuben/naruto_knfb_17_2.csv,,,,,,,,
10183,22003,,1,<50013;52683;50053;50082;52013;50273>,,,,,,2,1.2,2,2,2,2,stage/fb/kunnanfuben/naruto_knfb_17_3.csv,,,,,,,,
10184,22003,,2,<63251;63152;80721;0;83021;0>,<0;0;0;0;1;0>,TRUE,,,,2,1.2,2,2,2,2,stage/fb/kunnanfuben/naruto_knfb_17_3.csv,,,,,,,,
10185,22004,,1,<52073;53772;52963;50082;53683;50493>,,,,,,2,1.2,2,2,2,2,stage/fb/kunnanfuben/naruto_knfb_17_4.csv,,,,,,,,
10186,22004,,2,<60632;0;62242;53293;83353;61032>,<0;0;0;0;1;0>,TRUE,,,,2,1.2,2,2,2,2,stage/fb/kunnanfuben/naruto_knfb_17_4.csv,,,,,,,,
10187,22005,,1,<50082;50053;53511;50053;50053;50692>,,,,,,2,1.2,2,2,2,2,stage/fb/kunnanfuben/naruto_knfb_17_5.csv,,,,,,,,
10188,22005,,2,<60731;0;83143;81941;83171;81231>,<0;0;0;0;1;0>,TRUE,,,,3,1.2,3,3,3,3,stage/fb/kunnanfuben/naruto_knfb_17_5.csv,,,,,,,,
10189,22101,,1,<52683;50793;50082;50013;53342;50044>,,,,,,2,1.2,2,2,2,2,stage/fb/kunnanfuben/naruto_knfb_18_1.csv,,,,,,,,
10190,22101,,2,<63161;0;60863;60632;83353;60741>,<0;0;0;0;1;0>,TRUE,,,,2,1.2,2,2,2,2,stage/fb/kunnanfuben/naruto_knfb_18_1.csv,,,,,,,,
10191,22102,,1,<50552;50493;50273;50082;50493;52843>,,,,,,2,1.2,2,2,2,2,stage/fb/kunnanfuben/naruto_knfb_18_2.csv,,,,,,,,
10192,22102,,2,<60503;0;61903;60972;82401;80572>,<0;0;0;0;1;0>,TRUE,,,,2,1.2,2,2,2,2,stage/fb/kunnanfuben/naruto_knfb_18_2.csv,,,,,,,,
10193,22103,,1,<50692;53511;53283;50273;53283;53432>,,,,,,2,1.2,2,2,2,2,stage/fb/kunnanfuben/naruto_knfb_18_3.csv,,,,,,,,
10194,22103,,2,<60593;60731;63181;0;81503;0>,<0;0;0;0;1;0>,TRUE,,,,2,1.2,2,2,2,2,stage/fb/kunnanfuben/naruto_knfb_18_3.csv,,,,,,,,
10195,22104,,1,<52963;52593;50273;50082;52612;53342>,,,,,,2,1.2,2,2,2,2,stage/fb/kunnanfuben/naruto_knfb_18_4.csv,,,,,,,,
10196,22104,,2,<63003;0;63161;60503;83303;62723>,<0;0;0;0;1;0>,TRUE,,,,2,1.2,2,2,2,2,stage/fb/kunnanfuben/naruto_knfb_18_4.csv,,,,,,,,
10197,22105,,1,<50493;60972;52593;50273;50082;53432>,,,,,,2,1.2,2,2,2,2,stage/fb/kunnanfuben/naruto_knfb_18_5.csv,,,,,,,,
10198,22105,,2,<61612;0;82493;82493;82493;80771>,<0;0;0;0;1;0>,TRUE,,,,3,1.2,3,3,3,3,stage/fb/kunnanfuben/naruto_knfb_18_5.csv,,,,,,,,
10199,22201,,1,<52013;52013;52073;52073;50692;50053>,,,,,,2,1.2,2,2,2,2,stage/fb/kunnanfuben/naruto_knfb_19_1.csv,,,,,,,,
10200,22201,,2,<60242;0;63251;60863;80393;63543>,<0;0;0;0;1;0>,TRUE,,,,2,1.2,2,2,2,2,stage/fb/kunnanfuben/naruto_knfb_19_1.csv,,,,,,,,
10201,22202,,1,<52593;50493;53293;50402;50552;50552>,,,,,,2,1.2,2,2,2,2,stage/fb/kunnanfuben/naruto_knfb_19_2.csv,,,,,,,,
10202,22202,,2,<60333;62023;62242;0;87001;0>,<0;0;0;0;1;0>,TRUE,,,,2,1.2,2,2,2,2,stage/fb/kunnanfuben/naruto_knfb_19_2.csv,,,,,,,,
10203,22203,,1,<53683;53293;53511;50082;53293;52963>,,,,,,2,1.2,2,2,2,2,stage/fb/kunnanfuben/naruto_knfb_19_3.csv,,,,,,,,
10204,22203,,2,<60611;0;60632;61841;83673;61253>,<0;0;0;0;1;0>,TRUE,,,,2,1.2,2,2,2,2,stage/fb/kunnanfuben/naruto_knfb_19_3.csv,,,,,,,,
10205,22204,,1,<50273;52073;53683;50692;52683;50493>,,,,,,2,1.2,2,2,2,2,stage/fb/kunnanfuben/naruto_knfb_19_4.csv,,,,,,,,
10206,22204,,2,<61772;0;81231;81423;82401;81893>,<0;0;0;0;1;0>,TRUE,,,,2,1.2,2,2,2,2,stage/fb/kunnanfuben/naruto_knfb_19_4.csv,,,,,,,,
10207,22205,,1,<52013;52963;50692;50552;71911;52612>,,,,,,2,1.2,2,2,2,2,stage/fb/kunnanfuben/naruto_knfb_19_5.csv,,,,,,,,
10208,22205,,2,<61032;0;61841;60603;83353;63251>,<0;0;0;0;1;0>,TRUE,,,,3,1.2,3,3,3,3,stage/fb/kunnanfuben/naruto_knfb_19_5.csv,,,,,,,,
10209,22301,,1,<52633;53342;50053;52593;52843;50793>,,,,,,2,1.2,2,2,2,2,stage/fb/kunnanfuben/naruto_knfb_20_1.csv,,,,,,,,
10210,22301,,2,<61253;0;61772;53472;72033;53283>,<0;0;0;0;1;0>,TRUE,,,,2,1.2,2,2,2,2,stage/fb/kunnanfuben/naruto_knfb_20_1.csv,,,,,,,,
10211,22302,,1,<53283;52013;50402;50552;53342;52593>,,,,,,2,1.2,2,2,2,2,stage/fb/kunnanfuben/naruto_knfb_20_2.csv,,,,,,,,
10212,22302,,2,<70503;70593;70641;70863;70712;71241>,<0;0;0;0;1;0>,TRUE,,,,2,1.2,2,2,2,2,stage/fb/kunnanfuben/naruto_knfb_20_2.csv,,,,,,,,
10213,22303,,1,<53683;52013;53283;53472;53283;53472>,,,,,,2,1.2,2,2,2,2,stage/fb/kunnanfuben/naruto_knfb_20_3.csv,,,,,,,,
10214,22303,,2,<60242;60333;60632;60731;60741;73021>,<0;0;0;0;1;0>,TRUE,,,,2,1.2,2,2,2,2,stage/fb/kunnanfuben/naruto_knfb_20_3.csv,,,,,,,,
10215,22304,,1,<50044;52843;53283;52073;52013;50402>,,,,,,2,1.2,2,2,2,2,stage/fb/kunnanfuben/naruto_knfb_20_4.csv,,,,,,,,
10216,22304,,2,<63592;63543;63251;63181;62023;73673>,<0;0;0;0;1;0>,TRUE,,,,2,1.2,2,2,2,2,stage/fb/kunnanfuben/naruto_knfb_20_4.csv,,,,,,,,
10217,22305,,1,<53432;53432;50493;50493;52073;52013>,,,,,,2,1.2,2,2,2,2,stage/fb/kunnanfuben/naruto_knfb_20_5.csv,,,,,,,,
10218,22305,,2,<61931;61903;61221;70503;63003;70572>,<0;0;0;0;1;0>,TRUE,,,,5,1.2,5,5,5,5,stage/fb/kunnanfuben/naruto_knfb_20_5.csv,,,,,,,,
10219,22401,,1,<53283;53472;52013;53472;50082;53283>,,,,,,2,1.2,2,2,2,2,stage/fb/kunnanfuben/naruto_knfb_21_1.csv,,,,,,,,
10220,22401,,2,<60712;60641;60731;61394;61772;73143>,<0;0;0;0;1;0>,TRUE,,,,2,1.2,2,2,2,2,stage/fb/kunnanfuben/naruto_knfb_21_1.csv,,,,,,,,
10221,22402,,1,<52683;53293;53772;50044;50082;53511>,,,,,,2,1.2,2,2,2,2,stage/fb/kunnanfuben/naruto_knfb_21_2.csv,,,,,,,,
10222,22402,,2,<71612;71772;71813;71841;71911;72493>,<0;0;0;0;1;0>,TRUE,,,,2,1.2,2,2,2,2,stage/fb/kunnanfuben/naruto_knfb_21_2.csv,,,,,,,,
10223,22403,,1,<50692;52683;53511;53511;53772;50402>,,,,,,2,1.2,2,2,2,2,stage/fb/kunnanfuben/naruto_knfb_21_3.csv,,,,,,,,
10224,22403,,2,<60503;60863;61253;62242;63543;71393>,<0;0;0;0;1;0>,TRUE,,,,2,1.2,2,2,2,2,stage/fb/kunnanfuben/naruto_knfb_21_3.csv,,,,,,,,
10225,22404,,1,<53342;50402;50082;50273;50552;50692>,,,,,,2,1.2,2,2,2,2,stage/fb/kunnanfuben/naruto_knfb_21_4.csv,,,,,,,,
10226,22404,,2,<63663;63251;61813;61253;60883;72401>,<0;0;0;0;1;0>,TRUE,,,,2,1.2,2,2,2,2,stage/fb/kunnanfuben/naruto_knfb_21_4.csv,,,,,,,,
10227,22405,,1,<52683;52843;50082;50402;53472;52963>,,,,,,2,1.2,2,2,2,2,stage/fb/kunnanfuben/naruto_knfb_21_5.csv,,,,,,,,
10228,22405,,2,<61082;61772;62023;62242;63152;73353>,<0;0;0;0;1;0>,TRUE,,,,5,1.2,5,5,5,5,stage/fb/kunnanfuben/naruto_knfb_21_5.csv,,,,,,,,
10229,22501,,1,<50493;50493;52612;50082;52683;53511>,,,,,,2,1.2,2,2,2,2,stage/fb/kunnanfuben/naruto_knfb_22_1.csv,,,,,,,,
10230,22501,,2,<71253;71303;71813;72242;73161;73353>,<0;0;0;0;1;0>,TRUE,,,,2,1.2,2,2,2,2,stage/fb/kunnanfuben/naruto_knfb_22_1.csv,,,,,,,,
10231,22502,,1,<50273;52073;52073;53683;50053;53683>,,,,,,2,1.2,2,2,2,2,stage/fb/kunnanfuben/naruto_knfb_22_2.csv,,,,,,,,
10232,22502,,2,<70883;70972;71071;71394;72033;72401>,<0;0;0;0;1;0>,TRUE,,,,2,1.2,2,2,2,2,stage/fb/kunnanfuben/naruto_knfb_22_2.csv,,,,,,,,
10233,22503,,1,<53511;52963;52013;50552;53342;50493>,,,,,,2,1.2,2,2,2,2,stage/fb/kunnanfuben/naruto_knfb_22_3.csv,,,,,,,,
10234,22503,,2,<71303;70503;70163;70641;71293;71313>,<0;0;0;0;1;0>,TRUE,,,,2,1.2,2,2,2,2,stage/fb/kunnanfuben/naruto_knfb_22_3.csv,,,,,,,,
10235,22504,,1,<52683;53772;53293;53772;50493;53432>,,,,,,2,1.2,2,2,2,2,stage/fb/kunnanfuben/naruto_knfb_22_4.csv,,,,,,,,
10236,22504,,2,<73663;73543;71931;71612;71394;73143>,<0;0;0;0;1;0>,TRUE,,,,2,1.2,2,2,2,2,stage/fb/kunnanfuben/naruto_knfb_22_4.csv,,,,,,,,
10237,22505,,1,<52843;50013;50082;50013;70603;50692>,,,,,,2,1.2,2,2,2,2,stage/fb/kunnanfuben/naruto_knfb_22_5.csv,,,,,,,,
10238,22505,,2,<71951;71221;71293;71394;71841;71941>,<0;0;0;0;1;0>,TRUE,,,,5,1.2,5,5,5,5,stage/fb/kunnanfuben/naruto_knfb_22_5.csv,,,,,,,,
10239,22601,,1,<52843;53432;50082;50793;50013;50552>,,,,,,2,1.2,2,2,2,2,stage/fb/kunnanfuben/naruto_knfb_16_1.csv,,,,,,,,
10240,22601,,2,<72233;72242;72723;73543;73663;73171>,<0;0;0;0;1;0>,TRUE,,,,2,1.2,2,2,2,2,stage/fb/kunnanfuben/naruto_knfb_16_1.csv,,,,,,,,
10241,22602,,1,<53293;52073;50493;50273;52612;50793>,,,,,,2,1.2,2,2,2,2,stage/fb/kunnanfuben/naruto_knfb_16_2.csv,,,,,,,,
10242,22602,,2,<71253;73251;72401;71903;71841;71893>,<0;0;0;0;1;0>,TRUE,,,,2,1.2,2,2,2,2,stage/fb/kunnanfuben/naruto_knfb_16_2.csv,,,,,,,,
10243,22603,,1,<53772;52073;53293;53293;50552;53342>,,,,,,2,1.2,2,2,2,2,stage/fb/kunnanfuben/naruto_knfb_16_3.csv,,,,,,,,
10244,22603,,2,<73663;73161;72242;72023;72242;71423>,<0;0;0;0;1;0>,TRUE,,,,2,1.2,2,2,2,2,stage/fb/kunnanfuben/naruto_knfb_16_3.csv,,,,,,,,
10245,22604,,1,<50053;53293;53472;52633;53472;50692>,,,,,,2,1.2,2,2,2,2,stage/fb/kunnanfuben/naruto_knfb_16_4.csv,,,,,,,,
10246,22604,,2,<70731;70741;70603;70611;71612;70721>,<0;0;0;0;1;0>,TRUE,,,,2,1.2,2,2,2,2,stage/fb/kunnanfuben/naruto_knfb_16_4.csv,,,,,,,,
10247,22605,,1,<53432;50013;53342;50692;52612;52593>,,,,,,2,1.2,2,2,2,2,stage/fb/kunnanfuben/naruto_knfb_16_5.csv,,,,,,,,
10248,22605,,2,<72023;72033;72242;73161;73543;77001>,<0;0;0;0;1;0>,TRUE,,,,5,1.2,5,5,5,5,stage/fb/kunnanfuben/naruto_knfb_16_5.csv,,,,,,,,
20001,30101,,1,<53432;0;52843;52843;71423;53683>,,,,,,0.5,0.5,0.5,0.5,0.5,0.5,stage/fb/emengfuben/naruto_emfb_1_1.csv,,,,,,,,
20002,30101,,2,<60883;63543;60972;63161;80263;61813>,<0;0;0;0;1;0>,TRUE,,,,0.5,0.5,0.5,0.5,0.5,0.5,stage/fb/emengfuben/naruto_emfb_1_1.csv,,,,,,,,
20003,30102,,1,<63663;60603;61394;61772;73003;61813>,,,,,,,1.2,,,,,stage/fb/emengfuben/naruto_emfb_1_2.csv,,,,,,,,
20004,30102,,2,<62033;87001;60503;63663;80393;60163>,<0;0;0;0;1;0>,TRUE,,,,2,1.2,2,2,2,2,stage/fb/emengfuben/naruto_emfb_1_2.csv,,,,,,,,
20005,30201,,1,<53472;0;50013;50044;50013;53293>,,,,,,,1.2,,,,,stage/fb/emengfuben/naruto_emfb_2_1.csv,,,,,,,,
20006,30201,,2,<52073;61253;61394;60883;80572;60333>,<0;0;0;0;1;0>,TRUE,,,,,1.2,,,,,stage/fb/emengfuben/naruto_emfb_2_1.csv,,,,,,,,
20007,30202,,1,<52963;61082;52963;63152;71911;61253>,,,,,,,1.2,,,,,stage/fb/emengfuben/naruto_emfb_2_2.csv,,,,,,,,
20008,30202,,2,<61841;62723;82401;61303;80701;61303>,<0;0;0;0;1;0>,TRUE,,,,2,1.2,2,2,2,2,stage/fb/emengfuben/naruto_emfb_2_2.csv,,,,,,,,
20009,30301,,1,<50082;0;52633;53683;53683;50013>,,,,,,1.2,1.2,1.2,1.2,1.2,1.2,stage/fb/emengfuben/naruto_emfb_3_1.csv,,,,,,,,
20010,30301,,2,<61394;60863;63152;63003;80721;62242>,<0;0;0;0;1;0>,TRUE,,,,1.2,1.2,1.2,1.2,1.2,1.2,stage/fb/emengfuben/naruto_emfb_3_1.csv,,,,,,,,
20011,30302,,1,<60611;63592;60503;53342;71503;60712>,,,,,,1.2,1.2,1.2,1.2,1.2,1.2,stage/fb/emengfuben/naruto_emfb_3_2.csv,,,,,,,,
20012,30302,,2,<61293;82233;63543;82233;80771;81951>,<0;0;0;0;1;0>,TRUE,,,,3,1.2,3,3,3,3,stage/fb/emengfuben/naruto_emfb_3_2.csv,,,,,,,,
20013,30401,,1,<53683;0;50793;50053;53511;52073>,,,,,,1.2,1.2,1.2,1.2,1.2,1.2,stage/fb/emengfuben/naruto_emfb_4_1.csv,,,,,,,,
20014,30401,,2,<60611;61931;63592;61841;81231;60611>,<0;0;0;0;1;0>,TRUE,,,,1.2,1.2,1.2,1.2,1.2,1.2,stage/fb/emengfuben/naruto_emfb_4_1.csv,,,,,,,,
20015,30402,,1,<60712;53511;60883;60883;71903;61903>,,,,,,1.2,1.2,1.2,1.2,1.2,1.2,stage/fb/emengfuben/naruto_emfb_4_2.csv,,,,,,,,
20016,30402,,2,<61071;63543;80393;83673;81241;63663>,<0;0;0;0;1;0>,TRUE,,,,3,1.2,3,3,3,3,stage/fb/emengfuben/naruto_emfb_4_2.csv,,,,,,,,
20017,30501,,1,<52073;0;53293;53683;50692;53472>,,,,,,2,1.2,2,2,2,2,stage/fb/emengfuben/naruto_emfb_5_1.csv,,,,,,,,
20018,30501,,2,<61931;50692;63003;63592;81313;60632>,<0;0;0;0;1;0>,TRUE,,,,2,1.2,2,2,2,2,stage/fb/emengfuben/naruto_emfb_5_1.csv,,,,,,,,
20019,30502,,1,<60333;50082;60731;61911;50793;60741>,,,,,,2,1.2,2,2,2,2,stage/fb/emengfuben/naruto_emfb_5_2.csv,,,,,,,,
20020,30502,,2,<61082;81241;60333;81231;81393;81241>,<0;0;0;0;1;0>,TRUE,,,,3,1.2,3,3,3,3,stage/fb/emengfuben/naruto_emfb_5_2.csv,,,,,,,,
20021,30601,,1,<50053;0;53511;53511;50013;52633>,,,,,,2,1.2,2,2,2,2,stage/fb/emengfuben/naruto_emfb_6_1.csv,,,,,,,,
20022,30601,,2,<60731;63003;61911;60593;81423;62723>,<0;0;0;0;1;0>,TRUE,,,,2,1.2,2,2,2,2,stage/fb/emengfuben/naruto_emfb_6_1.csv,,,,,,,,
20023,30602,,1,<50044;0;53283;53772;50793;50082>,,,,,,2,1.2,2,2,2,2,stage/fb/emengfuben/naruto_emfb_6_2.csv,,,,,,,,
20024,30602,,2,<63592;61903;61931;53293;81503;61221>,<0;0;0;0;1;0>,TRUE,,,,2,1.2,2,2,2,2,stage/fb/emengfuben/naruto_emfb_6_2.csv,,,,,,,,
20025,30603,,1,<60972;50793;61303;53472;71313;50273>,,,,,,2,1.2,2,2,2,2,stage/fb/emengfuben/naruto_emfb_6_3.csv,,,,,,,,
20026,30603,,2,<52683;83353;61082;62723;81893;61394>,<0;0;0;0;1;0>,TRUE,,,,3,3,3,3,3,3,stage/fb/emengfuben/naruto_emfb_6_3.csv,,,,,,,,
20027,30701,,1,<53283;0;53472;53293;70503;50053>,,,,,,1.5,1.5,1.5,1.5,1.5,1.5,stage/fb/emengfuben/naruto_emfb_7_1.csv,,,,,,,,
20028,30701,,2,<60731;62033;61303;61911;81941;60163>,<0;0;0;0;1;0>,TRUE,,,,1.5,1.5,1.5,1.5,1.5,1.5,stage/fb/emengfuben/naruto_emfb_7_1.csv,,,,,,,,
20029,30702,,1,<50552;0;53472;52013;50082;50044>,,,,,,1.5,1.5,1.5,1.5,1.5,1.5,stage/fb/emengfuben/naruto_emfb_7_2.csv,,,,,,,,
20030,30702,,2,<63152;61911;60741;60503;81951;61032>,<0;0;0;0;1;0>,TRUE,,,,1.5,1.5,1.5,1.5,1.5,1.5,stage/fb/emengfuben/naruto_emfb_7_2.csv,,,,,,,,
20031,30703,,1,<61394;50493;60503;52633;71931;52843>,,,,,,1.5,1.5,1.5,1.5,1.5,1.5,stage/fb/emengfuben/naruto_emfb_7_3.csv,,,,,,,,
20032,30703,,2,<60163;82493;63181;62023;82233;60641>,<0;0;0;0;1;0>,TRUE,,,,3,3,3,3,3,3,stage/fb/emengfuben/naruto_emfb_7_3.csv,,,,,,,,
20033,30801,,1,<53432;0;50402;53342;53293;52612>,,,,,,1.5,1.5,1.5,1.5,1.5,1.5,stage/fb/emengfuben/naruto_emfb_8_1.csv,,,,,,,,
20034,30801,,2,<50053;62033;50013;60593;82401;61071>,<0;0;0;0;1;0>,TRUE,,,,1.5,1.5,1.5,1.5,1.5,1.5,stage/fb/emengfuben/naruto_emfb_8_1.csv,,,,,,,,
20035,30802,,1,<50552;0;52013;53283;52963;53432>,,,,,,1.5,1.5,1.5,1.5,1.5,1.5,stage/fb/emengfuben/naruto_emfb_8_2.csv,,,,,,,,
20036,30802,,2,<61293;52013;61903;60712;82493;61841>,<0;0;0;0;1;0>,TRUE,,,,1.5,1.5,1.5,1.5,1.5,1.5,stage/fb/emengfuben/naruto_emfb_8_2.csv,,,,,,,,
20037,30803,,1,<60503;53293;63543;53432;71231;53342>,,,,,,1.5,1.5,1.5,1.5,1.5,1.5,stage/fb/emengfuben/naruto_emfb_8_3.csv,,,,,,,,
20038,30803,,2,<61303;83021;62023;61931;83021;63543>,<0;0;0;0;1;0>,TRUE,,,,3,3,3,3,3,3,stage/fb/emengfuben/naruto_emfb_8_3.csv,,,,,,,,
20039,30901,,1,<52683;0;50552;52013;50552;53511>,,TRUE,,,,1.5,1.5,1.5,1.5,1.5,1.5,stage/fb/emengfuben/naruto_emfb_9_1.csv,,,,,,,,
20040,30901,,2,<53432;60972;50402;63152;83143;62023>,<0;0;0;0;1;0>,,,,,1.5,1.5,1.5,1.5,1.5,1.5,stage/fb/emengfuben/naruto_emfb_9_1.csv,,,,,,,,
20041,30902,,1,<52963;0;53432;50082;52963;53283>,,TRUE,,,,1.5,1.5,1.5,1.5,1.5,1.5,stage/fb/emengfuben/naruto_emfb_1_1.csv,,,,,,,,
20042,30902,,2,<63663;0;61931;63251;83171;62023>,<0;0;0;0;1;0>,,,,,1.5,1.5,1.5,1.5,1.5,1.5,stage/fb/emengfuben/naruto_emfb_1_1.csv,,,,,,,,
20043,30903,,1,<60883;60503;61903;52963;73021;52633>,,TRUE,,,,1.5,1.5,1.5,1.5,1.5,1.5,stage/fb/emengfuben/naruto_emfb_1_2.csv,,,,,,,,
20044,30903,,2,<60593;0;63181;87001;83303;61841>,<0;0;0;0;1;0>,,,,,3,3,3,3,3,3,stage/fb/emengfuben/naruto_emfb_1_2.csv,,,,,,,,
20045,31001,,1,<50273;0;52633;52633;53472;53683>,,TRUE,,,,1.5,1.5,1.5,1.5,1.5,1.5,stage/fb/emengfuben/naruto_emfb_2_1.csv,,,,,,,,
20046,31001,,2,<50044;63152;52612;0;83353;0>,<0;0;0;0;1;0>,,,,,1.5,1.5,1.5,1.5,1.5,1.5,stage/fb/emengfuben/naruto_emfb_2_1.csv,,,,,,,,
20047,31002,,1,<53472;0;52963;52633;53683;50053>,,TRUE,,,,1.5,1.5,1.5,1.5,1.5,1.5,stage/fb/emengfuben/naruto_emfb_2_2.csv,,,,,,,,
20048,31002,,2,<61082;50552;60883;61293;83673;61082>,<0;0;0;0;1;0>,,,,,1.5,1.5,1.5,1.5,1.5,1.5,stage/fb/emengfuben/naruto_emfb_2_2.csv,,,,,,,,
20049,31003,,1,<62023;52633;63543;50493;71221;52073>,,TRUE,,,,1.5,1.5,1.5,1.5,1.5,1.5,stage/fb/emengfuben/naruto_emfb_3_1.csv,,,,,,,,
20050,31003,,2,<62723;0;61813;61911;87001;61293>,<0;0;0;0;1;0>,,,,,3,3,3,3,3,3,stage/fb/emengfuben/naruto_emfb_3_1.csv,,,,,,,,
20051,31101,,1,<52843;0;53293;53772;71303;50273>,,TRUE,,,,2,2,2,2,2,2,stage/fb/emengfuben/naruto_emfb_3_2.csv,,,,,,,,
20052,31101,,2,<60741;0;60641;60731;80263;60611>,<0;0;0;0;1;0>,TRUE,,,,2,2,2,2,2,2,stage/fb/emengfuben/naruto_emfb_3_2.csv,,,,,,,,
20053,31102,,1,<52843;50053;50692;53293;72401;53683>,,,,,,2,2,2,2,2,2,stage/fb/emengfuben/naruto_emfb_4_1.csv,,,,,,,,
20054,31102,,2,<62242;62033;62023;0;80393;0>,<0;0;0;0;1;0>,TRUE,,,,2,2,2,2,2,2,stage/fb/emengfuben/naruto_emfb_4_1.csv,,,,,,,,
20055,31103,,1,<60883;50013;60712;60163;72033;63003>,,,,,,2,2,2,2,2,2,stage/fb/emengfuben/naruto_emfb_4_2.csv,,,,,,,,
20056,31103,,2,<61903;63251;61612;63543;80572;62033>,<0;0;0;0;1;0>,TRUE,,,,2,2,2,2,2,2,stage/fb/emengfuben/naruto_emfb_4_2.csv,,,,,,,,
20057,31104,,1,<60741;61772;60242;60611;70741;63663>,,,,,,2,2,2,2,2,2,stage/fb/emengfuben/naruto_emfb_5_1.csv,,,,,,,,
20058,31104,,2,<61612;0;60741;83171;80701;83021>,<0;0;0;0;1;0>,TRUE,,,,3,3,3,3,3,3,stage/fb/emengfuben/naruto_emfb_5_1.csv,,,,,,,,
20059,31201,,1,<53342;0;50552;52612;70701;52612>,,,,,,2,2,2,2,2,2,stage/fb/emengfuben/naruto_emfb_5_2.csv,,,,,,,,
20060,31201,,2,<61032;0;63663;60603;80721;60611>,<0;0;0;0;1;0>,TRUE,,,,2,2,2,2,2,2,stage/fb/emengfuben/naruto_emfb_5_2.csv,,,,,,,,
20061,31202,,1,<60333;63251;80701;61903;0;61303>,,,,,,2,2,2,2,2,2,stage/fb/emengfuben/naruto_emfb_6_1.csv,,,,,,,,
20062,31202,,2,<63161;60333;62033;0;80771;0>,<0;0;0;0;1;0>,TRUE,,,,2,2,2,2,2,2,stage/fb/emengfuben/naruto_emfb_6_1.csv,,,,,,,,
20063,31203,,1,<52013;50793;53293;60632;71293;60242>,,,,,,2,2,2,2,2,2,stage/fb/emengfuben/naruto_emfb_6_2.csv,,,,,,,,
20064,31203,,2,<63251;60163;63003;61293;81231;61293>,<0;0;0;0;1;0>,TRUE,,,,2,2,2,2,2,2,stage/fb/emengfuben/naruto_emfb_6_2.csv,,,,,,,,
20065,31204,,1,<62033;50402;63251;53283;72242;50044>,,TRUE,,,,2,2,2,2,2,2,stage/fb/emengfuben/naruto_emfb_6_3.csv,,,,,,,,
20066,31204,,2,<60163;0;62023;81393;81241;83353>,<0;0;0;0;1;0>,,,,,3,3,3,3,3,3,stage/fb/emengfuben/naruto_emfb_6_3.csv,,,,,,,,
20067,31301,,1,<50053;0;53772;52073;70731;50793>,,TRUE,,,,2,2,2,2,2,2,stage/fb/emengfuben/naruto_emfb_7_1.csv,,,,,,,,
20068,31301,,2,<60632;0;60333;61293;81313;60863>,<0;0;0;0;1;0>,,,,,2,2,2,2,2,2,stage/fb/emengfuben/naruto_emfb_7_1.csv,,,,,,,,
20069,31302,,1,<63161;60741;61911;61221;70771;60883>,,TRUE,,,,2,2,2,2,2,2,stage/fb/emengfuben/naruto_emfb_7_2.csv,,,,,,,,
20070,31302,,2,<63003;63003;61612;0;81393;0>,<0;0;0;0;1;0>,,,,,2,2,2,2,2,2,stage/fb/emengfuben/naruto_emfb_7_2.csv,,,,,,,,
20071,31303,,1,<63543;60242;63152;60972;72023;60883>,,TRUE,,,,2,2,2,2,2,2,stage/fb/emengfuben/naruto_emfb_7_3.csv,,,,,,,,
20072,31303,,2,<61071;63152;60883;61394;81423;60883>,<0;0;0;0;1;0>,,,,,2,2,2,2,2,2,stage/fb/emengfuben/naruto_emfb_7_3.csv,,,,,,,,
20073,31304,,1,<61813;63592;62242;62033;73143;63543>,,TRUE,,,,2,2,2,2,2,2,stage/fb/emengfuben/naruto_emfb_8_1.csv,,,,,,,,
20074,31304,,2,<61841;63663;62723;81423;81503;83673>,<0;0;0;0;1;0>,,,,,3,3,3,3,3,3,stage/fb/emengfuben/naruto_emfb_8_1.csv,,,,,,,,
20075,31401,,1,<61082;0;63251;60641;72723;61841>,,TRUE,,,,2,2,2,2,2,2,stage/fb/emengfuben/naruto_emfb_8_2.csv,,,,,,,,
20076,31401,,2,<61931;0;81313;61931;81893;63251>,<0;0;0;0;1;0>,,,,,2,2,2,2,2,2,stage/fb/emengfuben/naruto_emfb_8_2.csv,,,,,,,,
20077,31402,,1,<52593;61841;53683;61931;70972;61772>,,TRUE,,,,2,2,2,2,2,2,stage/fb/emengfuben/naruto_emfb_8_3.csv,,,,,,,,
20078,31402,,2,<60731;61911;61071;0;81941;0>,<0;0;0;0;1;0>,TRUE,,,,2,2,2,2,2,2,stage/fb/emengfuben/naruto_emfb_8_3.csv,,,,,,,,
20079,31403,,1,<60503;60883;60333;62033;71931;61813>,,,,,,2,2,2,2,2,2,stage/fb/emengfuben/naruto_emfb_9_1.csv,,,,,,,,
20080,31403,,2,<63592;60632;63251;60611;81951;60611>,<0;0;0;0;1;0>,TRUE,,,,2,2,2,2,2,2,stage/fb/emengfuben/naruto_emfb_9_1.csv,,,,,,,,
20081,31404,,1,<61253;80701;61032;63161;72493;61911>,,,,,,2,2,2,2,2,2,stage/fb/emengfuben/naruto_emfb_9_2.csv,,,,,,,,
20082,31404,,2,<60163;0;63663;81393;82233;81313>,<0;0;0;0;1;0>,TRUE,,,,3,3,3,3,3,3,stage/fb/emengfuben/naruto_emfb_9_2.csv,,,,,,,,
20083,31501,,1,<62242;0;63161;61931;71241;63161>,,,,,,2,2,2,2,2,2,stage/fb/emengfuben/naruto_emfb_9_3.csv,,,,,,,,
20084,31501,,2,<60741;0;63592;61032;82401;60242>,<0;0;0;0;1;0>,TRUE,,,,2,2,2,2,2,2,stage/fb/emengfuben/naruto_emfb_9_3.csv,,,,,,,,
20085,31502,,1,<61032;80572;60611;61303;70863;61221>,,,,,,2,2,2,2,2,2,stage/fb/emengfuben/naruto_emfb_10_1.csv,,,,,,,,
20086,31502,,2,<60593;61394;60242;0;82493;0>,<0;0;0;0;1;0>,TRUE,,,,2,2,2,2,2,2,stage/fb/emengfuben/naruto_emfb_10_1.csv,,,,,,,,
20087,31503,,1,<60972;60333;60863;61612;73673;60883>,,,,,,2,2,2,2,2,2,stage/fb/emengfuben/naruto_emfb_10_2.csv,,,,,,,,
20088,31503,,2,<61221;61032;61071;60333;83021;60632>,<0;0;0;0;1;0>,TRUE,,,,2,2,2,2,2,2,stage/fb/emengfuben/naruto_emfb_10_2.csv,,,,,,,,
20089,31504,,1,<61253;63161;60712;61394;70263;61253>,,,,,,2,2,2,2,2,2,stage/fb/emengfuben/naruto_emfb_10_3.csv,,,,,,,,
20090,31504,,2,<61082;0;83673;83021;83143;82493>,<0;0;0;0;1;0>,TRUE,,,,3,3,3,3,3,3,stage/fb/emengfuben/naruto_emfb_10_3.csv,,,,,,,,
20091,31601,,1,<61612;0;61293;61911;70641;63181>,,,,,,2,2,2,2,2,2,stage/fb/emengfuben/naruto_emfb_11_1.csv,,,,,,,,
20092,31601,,2,<61911;62242;60603;61612;83171;63152>,<0;0;0;0;1;0>,TRUE,,,,2,2,2,2,2,2,stage/fb/emengfuben/naruto_emfb_11_1.csv,,,,,,,,
20093,31602,,1,<61903;63663;80263;61221;71941;63663>,,,,,,2,2,2,2,2,2,stage/fb/emengfuben/naruto_emfb_11_2.csv,,,,,,,,
20094,31602,,2,<61394;61612;60972;60163;83303;61071>,<0;0;0;0;1;0>,TRUE,,,,2,2,2,2,2,2,stage/fb/emengfuben/naruto_emfb_11_2.csv,,,,,,,,
20095,31603,,1,<60603;61221;61293;63592;73251;61813>,,,,,,2,2,2,2,2,2,stage/fb/emengfuben/naruto_emfb_11_3.csv,,,,,,,,
20096,31603,,2,<61772;61303;61394;61394;83353;60503>,<0;0;0;0;1;0>,TRUE,,,,2,2,2,2,2,2,stage/fb/emengfuben/naruto_emfb_11_3.csv,,,,,,,,
20097,31604,,1,<60863;80393;60163;82401;71503;82233>,,,,,,2,2,2,2,2,2,stage/fb/emengfuben/naruto_emfb_11_4.csv,,,,,,,,
20098,31604,,2,<61221;81313;81241;81503;83673;87001>,<0;0;0;0;1;0>,TRUE,,,,3,3,3,3,3,3,stage/fb/emengfuben/naruto_emfb_11_4.csv,,,,,,,,
20099,31701,,1,<60632;0;61394;60503;72233;60863>,,,,,,2,2,2,2,2,2,stage/fb/emengfuben/naruto_emfb_12_1.csv,,,,,,,,
20100,31701,,2,<63181;61082;60603;60972;87001;60972>,<0;0;0;0;1;0>,TRUE,,,,2,2,2,2,2,2,stage/fb/emengfuben/naruto_emfb_12_1.csv,,,,,,,,
20101,31702,,1,<61612;61903;60593;61903;71032;52843>,,,,,,2,2,2,2,2,2,stage/fb/emengfuben/naruto_emfb_12_2.csv,,,,,,,,
20102,31702,,2,<60883;63543;60611;62033;80263;60741>,<0;0;0;0;1;0>,TRUE,,,,2,2,2,2,2,2,stage/fb/emengfuben/naruto_emfb_12_2.csv,,,,,,,,
20103,31703,,1,<60731;61293;61253;60333;72033;60731>,,,,,,2,2,2,2,2,2,stage/fb/emengfuben/naruto_emfb_12_3.csv,,,,,,,,
20104,31703,,2,<61772;60603;63003;61303;80393;61612>,<0;0;0;0;1;0>,TRUE,,,,2,2,2,2,2,2,stage/fb/emengfuben/naruto_emfb_12_3.csv,,,,,,,,
20105,31704,,1,<61253;83303;87001;81893;73592;81423>,,,,,,2,2,2,2,2,2,stage/fb/emengfuben/naruto_emfb_12_4.csv,,,,,,,,
20106,31704,,2,<60741;81503;82233;81893;80572;83143>,<0;0;0;0;1;0>,TRUE,,,,3,3,3,3,3,3,stage/fb/emengfuben/naruto_emfb_12_4.csv,,,,,,,,
20107,31801,,1,<50053;0;52963;52612;71612;50793>,,,,,,2,2,2,2,2,2,stage/fb/emengfuben/naruto_emfb_13_1.csv,,,,,,,,
20108,31801,,2,<50692;60712;50044;63543;80701;62023>,<0;0;0;0;1;0>,TRUE,,,,2,2,2,2,2,2,stage/fb/emengfuben/naruto_emfb_13_1.csv,,,,,,,,
20109,31802,,1,<61221;63663;61032;60593;71071;63251>,,,,,,2,2,2,2,2,2,stage/fb/emengfuben/naruto_emfb_13_2.csv,,,,,,,,
20110,31802,,2,<60641;61032;62023;61394;80721;60163>,<0;0;0;0;1;0>,TRUE,,,,2,2,2,2,2,2,stage/fb/emengfuben/naruto_emfb_13_2.csv,,,,,,,,
20111,31803,,1,<60333;61253;60593;60972;71951;60712>,,,,,,2,2,2,2,2,2,stage/fb/emengfuben/naruto_emfb_13_3.csv,,,,,,,,
20112,31803,,2,<63003;61071;53432;61293;80771;60641>,<0;0;0;0;1;0>,TRUE,,,,2,2,2,2,2,2,stage/fb/emengfuben/naruto_emfb_13_3.csv,,,,,,,,
20113,31804,,1,<63181;81231;61082;61841;70572;60863>,,,,,,2,2,2,2,2,2,stage/fb/emengfuben/naruto_emfb_13_4.csv,,,,,,,,
20114,31804,,2,<61071;60333;60712;61082;81231;60503>,<0;0;0;0;1;0>,TRUE,,,,2,2,2,2,2,2,stage/fb/emengfuben/naruto_emfb_13_4.csv,,,,,,,,
20115,31805,,1,<61813;81423;80721;81503;70972;80701>,,,,,,2,2,2,2,2,2,stage/fb/emengfuben/naruto_emfb_14_1.csv,,,,,,,,
20116,31805,,2,<60712;81951;80771;81951;81241;81393>,<0;0;0;0;1;0>,TRUE,,,,3,3,3,3,3,3,stage/fb/emengfuben/naruto_emfb_14_1.csv,,,,,,,,
20117,31901,,1,<53472;0;52843;50053;0;50402>,,,,,,2,2,2,2,2,2,stage/fb/emengfuben/naruto_emfb_14_2.csv,,,,,,,,
20118,31901,,2,<61394;61293;63152;60333;81313;60883>,<0;0;0;0;1;0>,TRUE,,,,2,2,2,2,2,2,stage/fb/emengfuben/naruto_emfb_14_2.csv,,,,,,,,
20119,31902,,1,<60611;63152;80393;60242;71394;62033>,,,,,,2,2,2,2,2,2,stage/fb/emengfuben/naruto_emfb_14_3.csv,,,,,,,,
20120,31902,,2,<60741;61612;62723;61612;81393;61931>,<0;0;0;0;1;0>,TRUE,,,,2,2,2,2,2,2,stage/fb/emengfuben/naruto_emfb_14_3.csv,,,,,,,,
20121,31903,,1,<60503;0;61071;62242;71082;63592>,,,,,,2,2,2,2,2,2,stage/fb/emengfuben/naruto_emfb_14_4.csv,,,,,,,,
20122,31903,,2,<63161;63181;61911;63003;81423;63543>,<0;0;0;0;1;0>,TRUE,,,,2,2,2,2,2,2,stage/fb/emengfuben/naruto_emfb_14_4.csv,,,,,,,,
20123,31904,,1,<60242;60741;61253;60611;70263;62242>,,,,,,2,2,2,2,2,2,stage/fb/emengfuben/naruto_emfb_15_1.csv,,,,,,,,
20124,31904,,2,<63161;61931;0;62242;81503;80393>,<0;0;0;0;1;0>,TRUE,,,,2,2,2,2,2,2,stage/fb/emengfuben/naruto_emfb_15_1.csv,,,,,,,,
20125,31905,,1,<60863;81941;83021;81241;71931;80721>,,,,,,2,2,2,2,2,2,stage/fb/emengfuben/naruto_emfb_15_2.csv,,,,,,,,
20126,31905,,2,<61394;83143;83353;83303;81893;83143>,<0;0;0;0;1;0>,TRUE,,,,3,3,3,3,3,3,stage/fb/emengfuben/naruto_emfb_15_2.csv,,,,,,,,
20127,32001,,1,<61253;0;63161;61813;70883;60632>,,,,,,2,2,2,2,2,2,stage/fb/emengfuben/naruto_emfb_15_3.csv,,,,,,,,
20128,32001,,2,<60632;61612;60611;62242;70701;53342>,<0;0;0;0;1;0>,TRUE,,,,2,2,2,2,2,2,stage/fb/emengfuben/naruto_emfb_15_3.csv,,,,,,,,
20129,32002,,1,<62023;62033;61303;60503;70712;62033>,,,,,,2,2,2,2,2,2,stage/fb/emengfuben/naruto_emfb_15_4.csv,,,,,,,,
20130,32002,,2,<60863;60883;61032;63251;73592;60641>,<0;0;0;0;1;0>,TRUE,,,,2,2,2,2,2,2,stage/fb/emengfuben/naruto_emfb_15_4.csv,,,,,,,,
20131,32003,,1,<60863;60593;63161;60163;70721;62723>,,,,,,2,2,2,2,2,2,stage/fb/emengfuben/naruto_emfb_16_1.csv,,,,,,,,
20132,32003,,2,<61813;60641;60863;62023;71313;61911>,<0;0;0;0;1;0>,TRUE,,,,2,2,2,2,2,2,stage/fb/emengfuben/naruto_emfb_16_1.csv,,,,,,,,
20133,32004,,1,<60611;61221;61931;63592;71241;63592>,,,,,,2,2,2,2,2,2,stage/fb/emengfuben/naruto_emfb_16_2.csv,,,,,,,,
20134,32004,,2,<52843;60731;81941;60712;71394;63003>,<0;0;0;0;1;0>,TRUE,,,,2,2,2,2,2,2,stage/fb/emengfuben/naruto_emfb_16_2.csv,,,,,,,,
20135,32005,,1,<60972;83673;83171;80771;71941;81941>,,,,,,2,2,2,2,2,2,stage/fb/emengfuben/naruto_emfb_16_3.csv,,,,,,,,
20136,32005,,2,<61032;82401;83303;81941;81941;83303>,<0;0;0;0;1;0>,TRUE,,,,3,3,3,3,3,3,stage/fb/emengfuben/naruto_emfb_16_3.csv,,,,,,,,
20137,32101,,1,<60972;61071;61813;60242;71772;61772>,,,,,,2,2,2,2,2,2,stage/fb/emengfuben/naruto_emfb_16_4.csv,,,,,,,,
20138,32101,,2,<60632;63161;80572;60611;71813;63181>,<0;0;0;0;1;0>,TRUE,,,,2,2,2,2,2,2,stage/fb/emengfuben/naruto_emfb_16_4.csv,,,,,,,,
20139,32102,,1,<62023;60593;62033;62033;72493;80263>,,,,,,2,2,2,2,2,2,stage/fb/emengfuben/naruto_emfb_17_1.csv,,,,,,,,
20140,32102,,2,<61772;50493;60242;61303;73353;61911>,<0;0;0;0;1;0>,TRUE,,,,2,2,2,2,2,2,stage/fb/emengfuben/naruto_emfb_17_1.csv,,,,,,,,
20141,32103,,1,<60503;61293;60593;61303;71253;62023>,,,,,,2,2,2,2,2,2,stage/fb/emengfuben/naruto_emfb_17_2.csv,,,,,,,,
20142,32103,,2,<61911;60611;63181;61612;70333;61394>,<0;0;0;0;1;0>,TRUE,,,,2,2,2,2,2,2,stage/fb/emengfuben/naruto_emfb_17_2.csv,,,,,,,,
20143,32104,,1,<52963;61813;63251;63663;70883;61394>,,,,,,2,2,2,2,2,2,stage/fb/emengfuben/naruto_emfb_17_3.csv,,,,,,,,
20144,32104,,2,<60593;61931;61931;60593;70712;62242>,<0;0;0;0;1;0>,TRUE,,,,2,2,2,2,2,2,stage/fb/emengfuben/naruto_emfb_17_3.csv,,,,,,,,
20145,32105,,1,<61303;83171;80701;83143;70721;81503>,,,,,,2,2,2,2,2,2,stage/fb/emengfuben/naruto_emfb_17_4.csv,,,,,,,,
20146,32105,,2,<60883;81423;80263;83353;81951;83171>,<0;0;0;0;1;0>,TRUE,,,,3,3,3,3,3,3,stage/fb/emengfuben/naruto_emfb_17_4.csv,,,,,,,,
20147,32201,,1,<62723;60611;61931;60863;71393;60972>,,,,,,2,2,2,2,2,2,stage/fb/emengfuben/naruto_emfb_18_1.csv,,,,,,,,
20148,32201,,2,<60741;61293;60731;61612;71393;61303>,<0;0;0;0;1;0>,TRUE,,,,2,2,2,2,2,2,stage/fb/emengfuben/naruto_emfb_18_1.csv,,,,,,,,
20149,32202,,1,<63003;62723;60503;62723;71813;61813>,,,,,,2,2,2,2,2,2,stage/fb/emengfuben/naruto_emfb_18_2.csv,,,,,,,,
20150,32202,,2,<63181;62242;53511;60593;71841;60712>,<0;0;0;0;1;0>,TRUE,,,,2,2,2,2,2,2,stage/fb/emengfuben/naruto_emfb_18_2.csv,,,,,,,,
20151,32203,,1,<61071;61303;60741;60972;71841;61841>,,,,,,2,2,2,2,2,2,stage/fb/emengfuben/naruto_emfb_18_3.csv,,,,,,,,
20152,32203,,2,<61772;60863;62242;63152;70701;61903>,<0;0;0;0;1;0>,TRUE,,,,2,2,2,2,2,2,stage/fb/emengfuben/naruto_emfb_18_3.csv,,,,,,,,
20153,32204,,1,<63152;80263;61082;63592;73021;60883>,,,,,,2,2,2,2,2,2,stage/fb/emengfuben/naruto_emfb_18_4.csv,,,,,,,,
20154,32204,,2,<63181;61253;62242;60603;73663;53472>,<0;0;0;0;1;0>,TRUE,,,,2,2,2,2,2,2,stage/fb/emengfuben/naruto_emfb_18_4.csv,,,,,,,,
20155,32205,,1,<61293;81893;80572;81313;73673;82401>,,,,,,2,2,2,2,2,2,stage/fb/emengfuben/naruto_emfb_18_5.csv,,,,,,,,
20156,32205,,2,<61903;81503;81313;81951;82233;83171>,<0;0;0;0;1;0>,TRUE,,,,3,3,3,3,3,3,stage/fb/emengfuben/naruto_emfb_18_5.csv,,,,,,,,
20157,32301,,1,<50053;0;53772;52073;70731;50793>,,,,,,2,2,2,2,2,2,stage/fb/emengfuben/naruto_emfb_19_1.csv,,,,,,,,
20158,32301,,2,<70503;70593;70641;70863;70712;71241>,<0;0;0;0;1;0>,TRUE,,,,2,2,2,2,2,2,stage/fb/emengfuben/naruto_emfb_19_1.csv,,,,,,,,
20159,32302,,1,<63161;60741;61911;61221;70771;60883>,,,,,,2,2,2,2,2,2,stage/fb/emengfuben/naruto_emfb_19_2.csv,,,,,,,,
20160,32302,,2,<60242;60333;60632;60731;60741;73021>,<0;0;0;0;1;0>,TRUE,,,,2,2,2,2,2,2,stage/fb/emengfuben/naruto_emfb_19_2.csv,,,,,,,,
20161,32303,,1,<63543;60242;63152;60972;72023;60883>,,,,,,2,2,2,2,2,2,stage/fb/emengfuben/naruto_emfb_19_3.csv,,,,,,,,
20162,32303,,2,<63592;63543;63251;63181;62023;73673>,<0;0;0;0;1;0>,TRUE,,,,2,2,2,2,2,2,stage/fb/emengfuben/naruto_emfb_19_3.csv,,,,,,,,
20163,32304,,1,<61813;63592;62242;62033;73143;63543>,,,,,,2,2,2,2,2,2,stage/fb/emengfuben/naruto_emfb_19_4.csv,,,,,,,,
20164,32304,,2,<61931;61903;61221;70503;63003;70572>,<0;0;0;0;1;0>,TRUE,,,,2,2,2,2,2,2,stage/fb/emengfuben/naruto_emfb_19_4.csv,,,,,,,,
20165,32305,,1,<61082;0;63251;60641;72723;61841>,,,,,,2,2,2,2,2,2,stage/fb/emengfuben/naruto_emfb_19_5.csv,,,,,,,,
20166,32305,,2,<60712;60641;60731;61394;61772;73143>,<0;0;0;0;1;0>,TRUE,,,,3,3,3,3,3,3,stage/fb/emengfuben/naruto_emfb_19_5.csv,,,,,,,,
20167,32401,,1,<52593;61841;53683;61931;70972;61772>,,,,,,2,2,2,2,2,2,stage/fb/emengfuben/naruto_emfb_20_1.csv,,,,,,,,
20168,32401,,2,<71612;71772;71813;71841;71911;72493>,<0;0;0;0;1;0>,TRUE,,,,2,2,2,2,2,2,stage/fb/emengfuben/naruto_emfb_20_1.csv,,,,,,,,
20169,32402,,1,<60503;60883;60333;62033;71931;61813>,,,,,,2,2,2,2,2,2,stage/fb/emengfuben/naruto_emfb_20_2.csv,,,,,,,,
20170,32402,,2,<60503;60863;61253;62242;63543;71393>,<0;0;0;0;1;0>,TRUE,,,,2,2,2,2,2,2,stage/fb/emengfuben/naruto_emfb_20_2.csv,,,,,,,,
20171,32403,,1,<61253;80701;61032;63161;72493;61911>,,,,,,2,2,2,2,2,2,stage/fb/emengfuben/naruto_emfb_20_3.csv,,,,,,,,
20172,32403,,2,<63663;63251;61813;61253;60883;72401>,<0;0;0;0;1;0>,TRUE,,,,2,2,2,2,2,2,stage/fb/emengfuben/naruto_emfb_20_3.csv,,,,,,,,
20173,32404,,1,<62242;0;63161;61931;71241;63161>,,,,,,2,2,2,2,2,2,stage/fb/emengfuben/naruto_emfb_20_4.csv,,,,,,,,
20174,32404,,2,<61082;61772;62023;62242;63152;73353>,<0;0;0;0;1;0>,TRUE,,,,2,2,2,2,2,2,stage/fb/emengfuben/naruto_emfb_20_4.csv,,,,,,,,
20175,32405,,1,<61032;80572;60611;61303;70863;61221>,,,,,,2,2,2,2,2,2,stage/fb/emengfuben/naruto_emfb_20_5.csv,,,,,,,,
20176,32405,,2,<71253;71303;71813;72242;73161;73353>,<0;0;0;0;1;0>,TRUE,,,,3,3,3,3,3,3,stage/fb/emengfuben/naruto_emfb_20_5.csv,,,,,,,,
20177,32501,,1,<60972;60333;60863;61612;73673;60883>,,,,,,2,2,2,2,2,2,stage/fb/emengfuben/naruto_emfb_21_1.csv,,,,,,,,
20178,32501,,2,<70883;70972;71071;71394;72033;72401>,<0;0;0;0;1;0>,TRUE,,,,2,2,2,2,2,2,stage/fb/emengfuben/naruto_emfb_21_1.csv,,,,,,,,
20179,32502,,1,<61253;63161;60712;61394;70263;61253>,,,,,,2,2,2,2,2,2,stage/fb/emengfuben/naruto_emfb_21_2.csv,,,,,,,,
20180,32502,,2,<71303;70503;70163;70641;71293;71313>,<0;0;0;0;1;0>,TRUE,,,,2,2,2,2,2,2,stage/fb/emengfuben/naruto_emfb_21_2.csv,,,,,,,,
20181,32503,,1,<61612;0;61293;61911;70641;63181>,,,,,,2,2,2,2,2,2,stage/fb/emengfuben/naruto_emfb_21_3.csv,,,,,,,,
20182,32503,,2,<73663;73543;71931;71612;71394;73143>,<0;0;0;0;1;0>,TRUE,,,,2,2,2,2,2,2,stage/fb/emengfuben/naruto_emfb_21_3.csv,,,,,,,,
20183,32504,,1,<61903;63663;80263;61221;71941;63663>,,,,,,2,2,2,2,2,2,stage/fb/emengfuben/naruto_emfb_21_4.csv,,,,,,,,
20184,32504,,2,<71951;71221;71293;71394;71841;71941>,<0;0;0;0;1;0>,TRUE,,,,2,2,2,2,2,2,stage/fb/emengfuben/naruto_emfb_21_4.csv,,,,,,,,
20185,32505,,1,<60603;61221;61293;63592;73251;61813>,,,,,,2,2,2,2,2,2,stage/fb/emengfuben/naruto_emfb_21_5.csv,,,,,,,,
20186,32505,,2,<72233;72242;72723;73543;73663;73171>,<0;0;0;0;1;0>,TRUE,,,,3,3,3,3,3,3,stage/fb/emengfuben/naruto_emfb_21_5.csv,,,,,,,,
20187,32601,,1,<60863;80393;60163;82401;71503;82233>,,,,,,2,2,2,2,2,2,stage/fb/emengfuben/naruto_emfb_22_1.csv,,,,,,,,
20188,32601,,2,<71253;73251;72401;71903;71841;71893>,<0;0;0;0;1;0>,TRUE,,,,2,2,2,2,2,2,stage/fb/emengfuben/naruto_emfb_22_1.csv,,,,,,,,
20189,32602,,1,<60632;0;61394;60503;72233;60863>,,,,,,2,2,2,2,2,2,stage/fb/emengfuben/naruto_emfb_22_2.csv,,,,,,,,
20190,32602,,2,<73663;73161;72242;72023;72242;71423>,<0;0;0;0;1;0>,TRUE,,,,2,2,2,2,2,2,stage/fb/emengfuben/naruto_emfb_22_2.csv,,,,,,,,
20191,32603,,1,<61612;61903;60593;61903;71032;52843>,,,,,,2,2,2,2,2,2,stage/fb/emengfuben/naruto_emfb_22_3.csv,,,,,,,,
20192,32603,,2,<70731;70741;70603;70611;71612;70721>,<0;0;0;0;1;0>,TRUE,,,,2,2,2,2,2,2,stage/fb/emengfuben/naruto_emfb_22_3.csv,,,,,,,,
20193,32604,,1,<60731;61293;61253;60333;72033;60731>,,,,,,2,2,2,2,2,2,stage/fb/emengfuben/naruto_emfb_22_4.csv,,,,,,,,
20194,32604,,2,<72023;72033;72242;73161;73543;77001>,<0;0;0;0;1;0>,TRUE,,,,2,2,2,2,2,2,stage/fb/emengfuben/naruto_emfb_22_4.csv,,,,,,,,
20195,32605,,1,<61253;83303;87001;81893;73592;81423>,,,,,,2,2,2,2,2,2,stage/fb/emengfuben/naruto_emfb_22_5.csv,,,,,,,,
20196,32605,,2,<71313;70503;71394;71841;72033;72493>,<0;0;0;0;1;0>,TRUE,,,,3,3,3,3,3,3,stage/fb/emengfuben/naruto_emfb_22_5.csv,,,,,,,,
60001,60001,,1,<0;0;0;0;40001;0>,<0;0;0;0;1;0>,,,10,,,,,,,,stage/jbfb.csv,,,,,,,,
60002,60002,,1,<0;0;0;0;40002;0>,<0;0;0;0;1;0>,,,20,,,,,,,,stage/jbfb.csv,,,,,,,,
60003,60003,,1,<0;0;0;0;40003;0>,<0;0;0;0;1;0>,,,30,,,,,,,,stage/jbfb.csv,,,,,,,,
60004,60004,,1,<0;0;0;0;40004;0>,<0;0;0;0;1;0>,,,40,,,,,,,,stage/jbfb.csv,,,,,,,,
60005,60005,,1,<0;0;0;0;40005;0>,<0;0;0;0;1;0>,,,50,,,,,,,,stage/jbfb.csv,,,,,,,,
60006,60006,,1,<0;0;0;0;40006;0>,<0;0;0;0;1;0>,,,60,,,,,,,,stage/jbfb.csv,,,,,,,,
60007,60007,,1,<0;0;0;0;40007;0>,<0;0;0;0;1;0>,,,70,,,,,,,,stage/jbfb.csv,,,,,,,,
60010,60010,,1,<0;0;0;0;40007;0>,<0;0;0;0;1;0>,,,100,,,,,,,,stage/jbfb.csv,,,,,,,,
60011,60011,,1,<0;0;0;0;40007;0>,<0;0;0;0;1;0>,,,100,,1.34,,,,,,stage/jbfb.csv,,,,,,,,
60012,60012,,1,<0;0;0;0;40007;0>,<0;0;0;0;1;0>,,,100,,1.74,,,,,,stage/jbfb.csv,,,,,,,,
60013,60013,,1,<0;0;0;0;40007;0>,<0;0;0;0;1;0>,,,100,,2.16,,,,,,stage/jbfb.csv,,,,,,,,
60014,60014,,1,<0;0;0;0;40007;0>,<0;0;0;0;1;0>,,,100,,2.64,,,,,,stage/jbfb.csv,,,,,,,,
60015,60015,,1,<0;0;0;0;40007;0>,<0;0;0;0;1;0>,,,100,,3.18,,,,,,stage/jbfb.csv,,,,,,,,
60016,60016,,1,<0;0;0;0;40007;0>,<0;0;0;0;1;0>,,,100,,3.84,,,,,,stage/jbfb.csv,,,,,,,,
60017,60017,,1,<0;0;0;0;40007;0>,<0;0;0;0;1;0>,,,100,,4.52,,,,,,stage/jbfb.csv,,,,,,,,
60018,60018,,1,<0;0;0;0;40007;0>,<0;0;0;0;1;0>,,,100,,5.34,,,,,,stage/jbfb.csv,,,,,,,,
60019,60019,,1,<0;0;0;0;40007;0>,<0;0;0;0;1;0>,,,100,,6.24,,,,,,stage/jbfb.csv,,,,,,,,
60020,60020,,1,<0;0;0;0;40007;0>,<0;0;0;0;1;0>,,,100,,7.28,,,,,,stage/jbfb.csv,,,,,,,,
60021,60021,,1,<0;0;0;0;40007;0>,<0;0;0;0;1;0>,,,100,,8.42,,,,,,stage/jbfb.csv,,,,,,,,
60022,60022,,1,<0;0;0;0;40007;0>,<0;0;0;0;1;0>,,,100,,9.7,,,,,,stage/jbfb.csv,,,,,,,,
60023,60023,,1,<0;0;0;0;40007;0>,<0;0;0;0;1;0>,,,100,,11,,,,,,stage/jbfb.csv,,,,,,,,
60024,60024,,1,<0;0;0;0;40007;0>,<0;0;0;0;1;0>,,,100,,12.6,,,,,,stage/jbfb.csv,,,,,,,,
60025,60025,,1,<0;0;0;0;40007;0>,<0;0;0;0;1;0>,,,100,,14.26,,,,,,stage/jbfb.csv,,,,,,,,
60026,60026,,1,<0;0;0;0;40007;0>,<0;0;0;0;1;0>,,,100,,16.08,,,,,,stage/jbfb.csv,,,,,,,,
60027,60027,,1,<0;0;0;0;40007;0>,<0;0;0;0;1;0>,,,100,,18.06,,,,,,stage/jbfb.csv,,,,,,,,
60028,60028,,1,<0;0;0;0;40007;0>,<0;0;0;0;1;0>,,,100,,20.26,,,,,,stage/jbfb.csv,,,,,,,,
60029,60029,,1,<0;0;0;0;40007;0>,<0;0;0;0;1;0>,,,100,,22.64,,,,,,stage/jbfb.csv,,,,,,,,
60030,60030,,1,<0;0;0;0;40007;0>,<0;0;0;0;1;0>,,,100,,25.2,,,,,,stage/jbfb.csv,,,,,,,,
60031,60031,,1,<0;0;0;0;40007;0>,<0;0;0;0;1;0>,,,100,,27.92,,,,,,stage/jbfb.csv,,,,,,,,
60032,60032,,1,<0;0;0;0;40007;0>,<0;0;0;0;1;0>,,,100,,30.96,,,,,,stage/jbfb.csv,,,,,,,,
60033,60033,,1,<0;0;0;0;40007;0>,<0;0;0;0;1;0>,,,100,,34.12,,,,,,stage/jbfb.csv,,,,,,,,
60034,60034,,1,<0;0;0;0;40007;0>,<0;0;0;0;1;0>,,,100,,37.6,,,,,,stage/jbfb.csv,,,,,,,,
60035,60035,,1,<0;0;0;0;40007;0>,<0;0;0;0;1;0>,,,100,,41.24,,,,,,stage/jbfb.csv,,,,,,,,
60036,60036,,1,<0;0;0;0;40007;0>,<0;0;0;0;1;0>,,,100,,45.32,,,,,,stage/jbfb.csv,,,,,,,,
60037,60037,,1,<0;0;0;0;40007;0>,<0;0;0;0;1;0>,,,100,,49.5,,,,,,stage/jbfb.csv,,,,,,,,
60038,60038,,1,<0;0;0;0;40007;0>,<0;0;0;0;1;0>,,,100,,53.96,,,,,,stage/jbfb.csv,,,,,,,,
60039,60039,,1,<0;0;0;0;40007;0>,<0;0;0;0;1;0>,,,100,,58.76,,,,,,stage/jbfb.csv,,,,,,,,
60040,60040,,1,<0;0;0;0;40007;0>,<0;0;0;0;1;0>,,,100,,64.04,,,,,,stage/jbfb.csv,,,,,,,,
60041,60041,,1,<0;0;0;0;40007;0>,<0;0;0;0;1;0>,,,100,,69.54,,,,,,stage/jbfb.csv,,,,,,,,
60042,60042,,1,<0;0;0;0;40007;0>,<0;0;0;0;1;0>,,,100,,75.26,,,,,,stage/jbfb.csv,,,,,,,,
60043,60043,,1,<0;0;0;0;40007;0>,<0;0;0;0;1;0>,,,100,,81.3,,,,,,stage/jbfb.csv,,,,,,,,
60044,60044,,1,<0;0;0;0;40007;0>,<0;0;0;0;1;0>,,,100,,88.04,,,,,,stage/jbfb.csv,,,,,,,,
60045,60045,,1,<0;0;0;0;40007;0>,<0;0;0;0;1;0>,,,100,,94.82,,,,,,stage/jbfb.csv,,,,,,,,
60046,60046,,1,<0;0;0;0;40007;0>,<0;0;0;0;1;0>,,,100,,102.06,,,,,,stage/jbfb.csv,,,,,,,,
60047,60047,,1,<0;0;0;0;40007;0>,<0;0;0;0;1;0>,,,100,,109.68,,,,,,stage/jbfb.csv,,,,,,,,
60048,60048,,1,<0;0;0;0;40007;0>,<0;0;0;0;1;0>,,,100,,118.04,,,,,,stage/jbfb.csv,,,,,,,,
60049,60049,,1,<0;0;0;0;40007;0>,<0;0;0;0;1;0>,,,100,,126.54,,,,,,stage/jbfb.csv,,,,,,,,
60050,60050,,1,<0;0;0;0;40007;0>,<0;0;0;0;1;0>,,,100,,135.44,,,,,,stage/jbfb.csv,,,,,,,,
60051,60051,,1,<0;0;0;0;40007;0>,<0;0;0;0;1;0>,,,100,,144.34,,,,,,stage/jbfb.csv,,,,,,,,
60052,60052,,1,<0;0;0;0;40007;0>,<0;0;0;0;1;0>,,,100,,153.24,,,,,,stage/jbfb.csv,,,,,,,,
60053,60053,,1,<0;0;0;0;40007;0>,<0;0;0;0;1;0>,,,100,,162.14,,,,,,stage/jbfb.csv,,,,,,,,
60054,60054,,1,<0;0;0;0;40007;0>,<0;0;0;0;1;0>,,,100,,171.04,,,,,,stage/jbfb.csv,,,,,,,,
60055,60055,,1,<0;0;0;0;40007;0>,<0;0;0;0;1;0>,,,100,,179.94,,,,,,stage/jbfb.csv,,,,,,,,
60056,60056,,1,<0;0;0;0;40007;0>,<0;0;0;0;1;0>,,,100,,188.84,,,,,,stage/jbfb.csv,,,,,,,,
60057,60057,,1,<0;0;0;0;40007;0>,<0;0;0;0;1;0>,,,100,,197.74,,,,,,stage/jbfb.csv,,,,,,,,
60058,60058,,1,<0;0;0;0;40007;0>,<0;0;0;0;1;0>,,,100,,206.64,,,,,,stage/jbfb.csv,,,,,,,,
60059,60059,,1,<0;0;0;0;40007;0>,<0;0;0;0;1;0>,,,100,,215.54,,,,,,stage/jbfb.csv,,,,,,,,
60101,60101,,1,<40021>,,,,,,,,,,,,stage/jbfb.csv,,,,,,,,
60102,60102,,1,<40022>,,,,,,,,,,,,stage/jbfb.csv,,,,,,,,
60103,60103,,1,<40023>,,,,,,,,,,,,stage/jbfb.csv,,,,,,,,
60104,60104,,1,<40024>,,,,,,,,,,,,stage/jbfb.csv,,,,,,,,
60105,60105,,1,<40025>,,,,,,,,,,,,stage/jbfb.csv,,,,,,,,
60106,60106,,1,<40026>,,,,,,,,,,,,stage/jbfb.csv,,,,,,,,
60107,60107,,1,<40027>,,,,,,,,,,,,stage/jbfb.csv,,,,,,,,
60110,60110,,1,<40027>,,,,,,1.2,,,,,,stage/jbfb.csv,,,,,,,,
60111,60111,,1,<40027>,,,,,,1.32,,,,,,stage/jbfb.csv,,,,,,,,
60112,60112,,1,<40027>,,,,,,1.68,,,,,,stage/jbfb.csv,,,,,,,,
60113,60113,,1,<40027>,,,,,,2.06,,,,,,stage/jbfb.csv,,,,,,,,
60114,60114,,1,<40027>,,,,,,2.46,,,,,,stage/jbfb.csv,,,,,,,,
60115,60115,,1,<40027>,,,,,,3,,,,,,stage/jbfb.csv,,,,,,,,
60116,60116,,1,<40027>,,,,,,3.56,,,,,,stage/jbfb.csv,,,,,,,,
60117,60117,,1,<40027>,,,,,,4.2,,,,,,stage/jbfb.csv,,,,,,,,
60118,60118,,1,<40027>,,,,,,4.92,,,,,,stage/jbfb.csv,,,,,,,,
60119,60119,,1,<40027>,,,,,,5.7,,,,,,stage/jbfb.csv,,,,,,,,
60120,60120,,1,<40027>,,,,,,6.58,,,,,,stage/jbfb.csv,,,,,,,,
60121,60121,,1,<40027>,,,,,,7.56,,,,,,stage/jbfb.csv,,,,,,,,
60122,60122,,1,<40027>,,,,,,8.7,,,,,,stage/jbfb.csv,,,,,,,,
60123,60123,,1,<40027>,,,,,,9.88,,,,,,stage/jbfb.csv,,,,,,,,
60124,60124,,1,<40027>,,,,,,11.2,,,,,,stage/jbfb.csv,,,,,,,,
60125,60125,,1,<40027>,,,,,,12.68,,,,,,stage/jbfb.csv,,,,,,,,
60126,60126,,1,<40027>,,,,,,14.22,,,,,,stage/jbfb.csv,,,,,,,,
60127,60127,,1,<40027>,,,,,,16,,,,,,stage/jbfb.csv,,,,,,,,
60128,60128,,1,<40027>,,,,,,17.9,,,,,,stage/jbfb.csv,,,,,,,,
60129,60129,,1,<40027>,,,,,,19.9,,,,,,stage/jbfb.csv,,,,,,,,
60130,60130,,1,<40027>,,,,,,22.08,,,,,,stage/jbfb.csv,,,,,,,,
60131,60131,,1,<40027>,,,,,,24.5,,,,,,stage/jbfb.csv,,,,,,,,
60132,60132,,1,<40027>,,,,,,27.04,,,,,,stage/jbfb.csv,,,,,,,,
60133,60133,,1,<40027>,,,,,,29.76,,,,,,stage/jbfb.csv,,,,,,,,
60134,60134,,1,<40027>,,,,,,32.72,,,,,,stage/jbfb.csv,,,,,,,,
60135,60135,,1,<40027>,,,,,,35.94,,,,,,stage/jbfb.csv,,,,,,,,
60136,60136,,1,<40027>,,,,,,39.3,,,,,,stage/jbfb.csv,,,,,,,,
60137,60137,,1,<40027>,,,,,,42.94,,,,,,stage/jbfb.csv,,,,,,,,
60138,60138,,1,<40027>,,,,,,46.78,,,,,,stage/jbfb.csv,,,,,,,,
60139,60139,,1,<40027>,,,,,,50.9,,,,,,stage/jbfb.csv,,,,,,,,
60140,60140,,1,<40027>,,,,,,55.3,,,,,,stage/jbfb.csv,,,,,,,,
60141,60141,,1,<40027>,,,,,,59.92,,,,,,stage/jbfb.csv,,,,,,,,
60142,60142,,1,<40027>,,,,,,64.9,,,,,,stage/jbfb.csv,,,,,,,,
60143,60143,,1,<40027>,,,,,,70.08,,,,,,stage/jbfb.csv,,,,,,,,
60144,60144,,1,<40027>,,,,,,75.72,,,,,,stage/jbfb.csv,,,,,,,,
60145,60145,,1,<40027>,,,,,,81.62,,,,,,stage/jbfb.csv,,,,,,,,
60146,60146,,1,<40027>,,,,,,87.76,,,,,,stage/jbfb.csv,,,,,,,,
60147,60147,,1,<40027>,,,,,,94.22,,,,,,stage/jbfb.csv,,,,,,,,
60148,60148,,1,<40027>,,,,,,101.14,,,,,,stage/jbfb.csv,,,,,,,,
60149,60149,,1,<40027>,,,,,,108.36,,,,,,stage/jbfb.csv,,,,,,,,
60150,60150,,1,<40027>,,,,,,116.06,,,,,,stage/jbfb.csv,,,,,,,,
60151,60151,,1,<40027>,,,,,,124.08,,,,,,stage/jbfb.csv,,,,,,,,
60152,60152,,1,<40027>,,,,,,132.1,,,,,,stage/jbfb.csv,,,,,,,,
60153,60153,,1,<40027>,,,,,,140.12,,,,,,stage/jbfb.csv,,,,,,,,
60154,60154,,1,<40027>,,,,,,148.14,,,,,,stage/jbfb.csv,,,,,,,,
60155,60155,,1,<40027>,,,,,,156.16,,,,,,stage/jbfb.csv,,,,,,,,
60156,60156,,1,<40027>,,,,,,164.18,,,,,,stage/jbfb.csv,,,,,,,,
60157,60157,,1,<40027>,,,,,,172.2,,,,,,stage/jbfb.csv,,,,,,,,
60158,60158,,1,<40027>,,,,,,180.22,,,,,,stage/jbfb.csv,,,,,,,,
60159,60159,,1,<40027>,,,,,,188.24,,,,,,stage/jbfb.csv,,,,,,,,
60201,60201,,1,<60163;60972;61911;60603;61253;62723>,,,,,,3,2,3,3,3,3,stage/jbfb.csv,,,,,,,,
60202,60201,,2,<60242;61071;61931;60611;61293;63003>,,,,,,3,2,3,3,3,3,stage/jbfb.csv,,,,,,,,
60203,60202,,1,<60333;61032;62023;60632;61303;63152>,,,,,,3,2,3,3,3,3,stage/jbfb.csv,,,,,,,,
60204,60202,,2,<60503;61082;62033;60641;61394;63161>,,,,,,3,2,3,3,3,3,stage/jbfb.csv,,,,,,,,
60205,60203,,1,<60593;61221;62242;60712;61612;63181>,,,,,,3,2,3,3,3,3,stage/jbfb.csv,,,,,,,,
60206,60203,,2,<60603;61253;62723;60731;61772;63251>,,,,,,3,2,3,3,3,3,stage/jbfb.csv,,,,,,,,
60207,60204,,1,<60611;61293;63003;60741;61813;63543>,,,,,,3,2,3,3,3,3,stage/jbfb.csv,,,,,,,,
60208,60204,,2,<60632;61303;63152;60863;61841;63592>,,,,,,3,2,3,3,3,3,stage/jbfb.csv,,,,,,,,
60209,60205,,1,<60641;61394;63161;60883;61903;63663>,,,,,,3,2,3,3,3,3,stage/jbfb.csv,,,,,,,,
60210,60205,,2,<60712;61612;63181;60972;61911;60163>,,,,,,3,2,3,3,3,3,stage/jbfb.csv,,,,,,,,
60211,60206,,1,<60731;61772;63251;61071;61931;60242>,,,,,,3,2,3,3,3,3,stage/jbfb.csv,,,,,,,,
60212,60206,,2,<60741;61813;63543;61032;62023;60333>,,,,,,3,2,3,3,3,3,stage/jbfb.csv,,,,,,,,
60213,60207,,1,<60863;61841;63592;61082;62033;60503>,,,,,,3,2,3,3,3,3,stage/jbfb.csv,,,,,,,,
60214,60207,,2,<60883;61903;63663;61221;62242;60593>,,,,,,3,2,3,3,3,3,stage/jbfb.csv,,,,,,,,
60251,60251,,1,<60163;60972;61911;60603;61253;62723>,,,,,,3,2,3,3,3,3,stage/jbfb.csv,,,,,,,,
60252,60251,,2,<60242;61071;61931;60611;61293;63003>,,,,,,3,2,3,3,3,3,stage/jbfb.csv,,,,,,,,
60253,60252,,1,<60333;61032;62023;60632;61303;63152>,,,,,,3,2,3,3,3,3,stage/jbfb.csv,,,,,,,,
60254,60252,,2,<60503;61082;62033;60641;61394;63161>,,,,,,3,2,3,3,3,3,stage/jbfb.csv,,,,,,,,
60255,60253,,1,<60593;61221;62242;60712;61612;63181>,,,,,,3,2,3,3,3,3,stage/jbfb.csv,,,,,,,,
60256,60253,,2,<60603;61253;62723;60731;61772;63251>,,,,,,3,2,3,3,3,3,stage/jbfb.csv,,,,,,,,
60257,60254,,1,<60611;61293;63003;60741;61813;63543>,,,,,,3,2,3,3,3,3,stage/jbfb.csv,,,,,,,,
60258,60254,,2,<60632;61303;63152;60863;61841;63592>,,,,,,3,2,3,3,3,3,stage/jbfb.csv,,,,,,,,
60259,60255,,1,<60641;61394;63161;60883;61903;63663>,,,,,,3,2,3,3,3,3,stage/jbfb.csv,,,,,,,,
60260,60255,,2,<60712;61612;63181;60972;61911;60163>,,,,,,3,2,3,3,3,3,stage/jbfb.csv,,,,,,,,
60261,60256,,1,<60731;61772;63251;61071;61931;60242>,,,,,,3,2,3,3,3,3,stage/jbfb.csv,,,,,,,,
60262,60256,,2,<60741;61813;63543;61032;62023;60333>,,,,,,3,2,3,3,3,3,stage/jbfb.csv,,,,,,,,
60263,60257,,1,<60863;61841;63592;61082;62033;60503>,,,,,,3,2,3,3,3,3,stage/jbfb.csv,,,,,,,,
60264,60257,,2,<60883;61903;63663;61221;62242;60593>,,,,,,3,2,3,3,3,3,stage/jbfb.csv,,,,,,,,
60301,60301,,1,<60163;60242;60333;60503;60593;60603>,,,,,,3,2,3,3,3,3,stage/jbfb.csv,,,,,,,,
60302,60302,,1,<60163;60242;60333;60503;60593;60603>,,,,,,3,2,3,3,3,3,stage/jbfb.csv,,,,,,,,
60303,60303,,1,<60163;60242;60333;60503;60593;60603>,,,,,,3,2,3,3,3,3,stage/jbfb.csv,,,,,,,,
60304,60304,,1,<60163;60242;60333;60503;60593;60603>,,,,,,3,2,3,3,3,3,stage/jbfb.csv,,,,,,,,
60305,60305,,1,<60163;60242;60333;60503;60593;60603>,,,,,,3,2,3,3,3,3,stage/jbfb.csv,,,,,,,,
60306,60306,,1,<60163;60242;60333;60503;60593;60603>,,,,,,3,2,3,3,3,3,stage/jbfb.csv,,,,,,,,
60307,60307,,1,<60163;60242;60333;60503;60593;60603>,,,,,,3,2,3,3,3,3,stage/jbfb.csv,,,,,,,,
60321,60321,,1,<60741;60731;60712;60641;60632;60611>,,,,,,3,2,3,3,3,3,stage/jbfb.csv,,,,,,,,
60322,60322,,1,<60741;60731;60712;60641;60632;60611>,,,,,,3,2,3,3,3,3,stage/jbfb.csv,,,,,,,,
60323,60323,,1,<60741;60731;60712;60641;60632;60611>,,,,,,3,2,3,3,3,3,stage/jbfb.csv,,,,,,,,
60324,60324,,1,<60741;60731;60712;60641;60632;60611>,,,,,,3,2,3,3,3,3,stage/jbfb.csv,,,,,,,,
60325,60325,,1,<60741;60731;60712;60641;60632;60611>,,,,,,3,2,3,3,3,3,stage/jbfb.csv,,,,,,,,
60326,60326,,1,<60741;60731;60712;60641;60632;60611>,,,,,,3,2,3,3,3,3,stage/jbfb.csv,,,,,,,,
60327,60327,,1,<60741;60731;60712;60641;60632;60611>,,,,,,3,2,3,3,3,3,stage/jbfb.csv,,,,,,,,
60341,60341,,1,<60863;60883;60972;61071;61032;61082>,,,,,,3,2,3,3,3,3,stage/jbfb.csv,,,,,,,,
60342,60342,,1,<60863;60883;60972;61071;61032;61082>,,,,,,3,2,3,3,3,3,stage/jbfb.csv,,,,,,,,
60343,60343,,1,<60863;60883;60972;61071;61032;61082>,,,,,,3,2,3,3,3,3,stage/jbfb.csv,,,,,,,,
60344,60344,,1,<60863;60883;60972;61071;61032;61082>,,,,,,3,2,3,3,3,3,stage/jbfb.csv,,,,,,,,
60345,60345,,1,<60863;60883;60972;61071;61032;61082>,,,,,,3,2,3,3,3,3,stage/jbfb.csv,,,,,,,,
60346,60346,,1,<60863;60883;60972;61071;61032;61082>,,,,,,3,2,3,3,3,3,stage/jbfb.csv,,,,,,,,
60347,60347,,1,<60863;60883;60972;61071;61032;61082>,,,,,,3,2,3,3,3,3,stage/jbfb.csv,,,,,,,,
60361,60361,,1,<61612;61394;61303;61293;61253;61221>,,,,,,3,2,3,3,3,3,stage/jbfb.csv,,,,,,,,
60362,60362,,1,<61612;61394;61303;61293;61253;61221>,,,,,,3,2,3,3,3,3,stage/jbfb.csv,,,,,,,,
60363,60363,,1,<61612;61394;61303;61293;61253;61221>,,,,,,3,2,3,3,3,3,stage/jbfb.csv,,,,,,,,
60364,60364,,1,<61612;61394;61303;61293;61253;61221>,,,,,,3,2,3,3,3,3,stage/jbfb.csv,,,,,,,,
60365,60365,,1,<61612;61394;61303;61293;61253;61221>,,,,,,3,2,3,3,3,3,stage/jbfb.csv,,,,,,,,
60366,60366,,1,<61612;61394;61303;61293;61253;61221>,,,,,,3,2,3,3,3,3,stage/jbfb.csv,,,,,,,,
60367,60367,,1,<61612;61394;61303;61293;61253;61221>,,,,,,3,2,3,3,3,3,stage/jbfb.csv,,,,,,,,
60381,60381,,1,<61772;61813;61841;61903;61911;61931>,,,,,,3,2,3,3,3,3,stage/jbfb.csv,,,,,,,,
60382,60382,,1,<61772;61813;61841;61903;61911;61931>,,,,,,3,2,3,3,3,3,stage/jbfb.csv,,,,,,,,
60383,60383,,1,<61772;61813;61841;61903;61911;61931>,,,,,,3,2,3,3,3,3,stage/jbfb.csv,,,,,,,,
60384,60384,,1,<61772;61813;61841;61903;61911;61931>,,,,,,3,2,3,3,3,3,stage/jbfb.csv,,,,,,,,
60385,60385,,1,<61772;61813;61841;61903;61911;61931>,,,,,,3,2,3,3,3,3,stage/jbfb.csv,,,,,,,,
60386,60386,,1,<61772;61813;61841;61903;61911;61931>,,,,,,3,2,3,3,3,3,stage/jbfb.csv,,,,,,,,
60387,60387,,1,<61772;61813;61841;61903;61911;61931>,,,,,,3,2,3,3,3,3,stage/jbfb.csv,,,,,,,,
60401,60401,,1,<63152;63003;62723;62242;62033;62023>,,,,,,3,2,3,3,3,3,stage/jbfb.csv,,,,,,,,
60402,60402,,1,<63152;63003;62723;62242;62033;62023>,,,,,,3,2,3,3,3,3,stage/jbfb.csv,,,,,,,,
60403,60403,,1,<63152;63003;62723;62242;62033;62023>,,,,,,3,2,3,3,3,3,stage/jbfb.csv,,,,,,,,
60404,60404,,1,<63152;63003;62723;62242;62033;62023>,,,,,,3,2,3,3,3,3,stage/jbfb.csv,,,,,,,,
60405,60405,,1,<63152;63003;62723;62242;62033;62023>,,,,,,3,2,3,3,3,3,stage/jbfb.csv,,,,,,,,
60406,60406,,1,<63152;63003;62723;62242;62033;62023>,,,,,,3,2,3,3,3,3,stage/jbfb.csv,,,,,,,,
60407,60407,,1,<63152;63003;62723;62242;62033;62023>,,,,,,3,2,3,3,3,3,stage/jbfb.csv,,,,,,,,
60411,60411,,1,<63161;63181;63251;63543;63592;63663>,,,,,,3,2,3,3,3,3,stage/jbfb.csv,,,,,,,,
60412,60412,,1,<63161;63181;63251;63543;63592;63663>,,,,,,3,2,3,3,3,3,stage/jbfb.csv,,,,,,,,
60413,60413,,1,<63161;63181;63251;63543;63592;63663>,,,,,,3,2,3,3,3,3,stage/jbfb.csv,,,,,,,,
60414,60414,,1,<63161;63181;63251;63543;63592;63663>,,,,,,3,2,3,3,3,3,stage/jbfb.csv,,,,,,,,
60415,60415,,1,<63161;63181;63251;63543;63592;63663>,,,,,,3,2,3,3,3,3,stage/jbfb.csv,,,,,,,,
60416,60416,,1,<63161;63181;63251;63543;63592;63663>,,,,,,3,2,3,3,3,3,stage/jbfb.csv,,,,,,,,
60417,60417,,1,<63161;63181;63251;63543;63592;63663>,,,,,,3,2,3,3,3,3,stage/jbfb.csv,,,,,,,,
60421,60421,,1,<60632;60972;61394;61841;62242;63003>,,,,,,3,2,3,3,3,3,stage/jbfb.csv,,,,,,,,
60422,60422,,1,<60632;60972;61394;61841;62242;63003>,,,,,,3,2,3,3,3,3,stage/jbfb.csv,,,,,,,,
60423,60423,,1,<60632;60972;61394;61841;62242;63003>,,,,,,3,2,3,3,3,3,stage/jbfb.csv,,,,,,,,
60424,60424,,1,<60632;60972;61394;61841;62242;63003>,,,,,,3,2,3,3,3,3,stage/jbfb.csv,,,,,,,,
60425,60425,,1,<60632;60972;61394;61841;62242;63003>,,,,,,3,2,3,3,3,3,stage/jbfb.csv,,,,,,,,
60426,60426,,1,<60632;60972;61394;61841;62242;63003>,,,,,,3,2,3,3,3,3,stage/jbfb.csv,,,,,,,,
60427,60427,,1,<60632;60972;61394;61841;62242;63003>,,,,,,3,2,3,3,3,3,stage/jbfb.csv,,,,,,,,
60431,60431,,1,<61293;60883;60611;63152;60163;60632>,,,,,,3,2,3,3,3,3,stage/jbfb.csv,,,,,,,,
60432,60432,,1,<61293;60883;60611;63152;60163;60632>,,,,,,3,2,3,3,3,3,stage/jbfb.csv,,,,,,,,
60433,60433,,1,<61293;60883;60611;63152;60163;60632>,,,,,,3,2,3,3,3,3,stage/jbfb.csv,,,,,,,,
60434,60434,,1,<61293;60883;60611;63152;60163;60632>,,,,,,3,2,3,3,3,3,stage/jbfb.csv,,,,,,,,
60435,60435,,1,<61293;60883;60611;63152;60163;60632>,,,,,,3,2,3,3,3,3,stage/jbfb.csv,,,,,,,,
60436,60436,,1,<61293;60883;60611;63152;60163;60632>,,,,,,3,2,3,3,3,3,stage/jbfb.csv,,,,,,,,
60437,60437,,1,<61293;60883;60611;63152;60163;60632>,,,,,,3,2,3,3,3,3,stage/jbfb.csv,,,,,,,,
60441,60441,,1,<61903;61394;61082;63161;60741;60883>,,,,,,3,2,3,3,3,3,stage/jbfb.csv,,,,,,,,
60442,60442,,1,<61903;61394;61082;63161;60741;60883>,,,,,,3,2,3,3,3,3,stage/jbfb.csv,,,,,,,,
60443,60443,,1,<61903;61394;61082;63161;60741;60883>,,,,,,3,2,3,3,3,3,stage/jbfb.csv,,,,,,,,
60444,60444,,1,<61903;61394;61082;63161;60741;60883>,,,,,,3,2,3,3,3,3,stage/jbfb.csv,,,,,,,,
60445,60445,,1,<61903;61394;61082;63161;60741;60883>,,,,,,3,2,3,3,3,3,stage/jbfb.csv,,,,,,,,
60446,60446,,1,<61903;61394;61082;63161;60741;60883>,,,,,,3,2,3,3,3,3,stage/jbfb.csv,,,,,,,,
60447,60447,,1,<61903;61394;61082;63161;60741;60883>,,,,,,3,2,3,3,3,3,stage/jbfb.csv,,,,,,,,
60601,60601,,1,<280013;0;280016;0;280017;0>,<0;0;0;0;1;0>,TRUE,,,,,,,,,,stage/wjt.csv,,,,,,,,
60602,60602,,1,<280014;0;280015;280013;280017;280016>,<0;0;0;0;1;0>,TRUE,,,,,,,,,,stage/wjt.csv,,,,,,,,
60603,60603,,1,<280014;280017;280015;280013;280014;280016>,<0;1;0;0;0;0>,TRUE,,,,,,,,,,stage/wjt.csv,,,,,,,,
60604,60604,,1,<280016;280017;280013;280014;280014;280014>,<0;1;0;0;0;0>,TRUE,,,,,,,,,,stage/wjt.csv,,,,,,,,
60605,60605,,1,<280015;280017;280015;280014;280014;280014>,<0;1;0;0;0;0>,TRUE,,,,,,,,,,stage/wjt.csv,,,,,,,,
60606,60606,,1,<280014;280017;280014;280014;280014;280014>,<0;1;0;0;0;0>,TRUE,,,,,,,,,,stage/wjt.csv,,,,,,,,
60701,60701,,1,<281011;281012;281011;281013;281014;281015>,<0;0;0;0;1;0>,TRUE,,,,,,,,,,stage/xdsdj.csv,,,,,,,,
60702,60702,,1,<281016;281017;281016;281018;281017;281018>,<0;0;0;0;1;0>,TRUE,,,,,,,,,,stage/xdsdj.csv,,,,,,,,
60703,60703,,1,<281019;281019;281019;281020;281021;281020>,<0;0;0;0;1;0>,TRUE,,,,,,,,,,stage/xdsdj.csv,,,,,,,,
60704,60704,,1,<281022;281022;281022;281023;281024;281023>,<0;0;0;0;1;0>,TRUE,,,,,,,,,,stage/xdsdj.csv,,,,,,,,
60705,60705,,1,<281025;281025;281025;281026;281027;281026>,<0;0;0;0;1;0>,TRUE,,,,,,,,,,stage/xdsdj.csv,,,,,,,,
60706,60706,,1,<281029;281028;281029;281030;281031;281030>,<0;0;0;0;1;0>,TRUE,,,,,,,,,,stage/xdsdj.csv,,,,,,,,
60801,60801,,1,<282011;282012;282011;282012;282013;282012>,<0;0;0;0;1;0>,TRUE,,,,,,,,,,stage/wjt.csv,,,,,,,,
60802,60802,,1,<282015;282015;282015;282014;282016;282014>,<0;0;0;0;1;0>,TRUE,,,,,,,,,,stage/wjt.csv,,,,,,,,
60803,60803,,1,<282019;282018;282019;282018;282017;282018>,<0;0;0;0;1;0>,TRUE,,,,,,,,,,stage/wjt.csv,,,,,,,,
60804,60804,,1,<282019;282018;282019;282018;282017;282018>,<0;0;0;0;1;0>,TRUE,,,,,,,,,,stage/wjt.csv,,,,,,,,
60805,60805,,1,<282019;282018;282019;282018;282017;282018>,<0;0;0;0;1;0>,TRUE,,,,,,,,,,stage/wjt.csv,,,,,,,,
60806,60806,,1,<282019;282018;282019;282018;282017;282018>,<0;0;0;0;1;0>,TRUE,,,,,,,,,,stage/wjt.csv,,,,,,,,
60901,60901,,1,<283013;283012;283014;283011;283015;283011>,<0;0;0;0;1;0>,TRUE,,,,,,,,,,stage/sl.csv,,,,,,,,
60902,60902,,1,<0;0;0;0;283021;0>,<0;0;0;0;1;0>,TRUE,,,,,,,,,,stage/sl.csv,,,,,,,,
60903,60903,,1,<283031;283033;283032;283034;283036;283035>,<0;0;0;0;1;0>,TRUE,,,,,,,,,,stage/sl.csv,,,,,,,,
60904,60904,,1,<0;0;0;0;283041;0>,<0;0;0;0;1;0>,TRUE,,,,,,,,,,stage/sl.csv,,,,,,,,
60905,60905,,1,<283051;283052;283053;283054;283055;283056>,<0;0;0;0;0;1>,TRUE,,,,,,,,,,stage/sl.csv,,,,,,,,
60906,60906,,1,<0;0;0;0;283061;0>,<0;0;0;0;1;0>,TRUE,,,,,,,,,,stage/sl.csv,,,,,,,,
61001,61001,,1,<21002;21002;21002;21001;21001;21001>,<0;0;0;0;0;0>,TRUE,,,,,,,,,,stage/wsj.csv,,,,,,,,
61002,61002,,1,<21002;0;21002;0;21001;0>,<0;0;0;0;0;0>,TRUE,,,,,,,,,,stage/wsj.csv,,,,,,,,
61003,61003,,1,<0;21002;0;21001;0;21001>,<0;0;0;0;0;0>,TRUE,,,,,,,,,,stage/wsj.csv,,,,,,,,
61004,61004,,1,<21002;0;21002;21001;0;21001>,<0;0;0;0;0;0>,TRUE,,,,,,,,,,stage/wsj.csv,,,,,,,,
61011,61011,,1,<0;0;0;21010;21011;21011>,<0;0;0;0;1;0>,TRUE,,,,,,,,,,stage/wsj.csv,,,,,,,,
61012,61012,,1,<0;0;0;21011;21010;21011>,<0;0;0;0;1;0>,TRUE,,,,,,,,,,stage/wsj.csv,,,,,,,,
61013,61013,,1,<0;0;0;21011;21011;21010>,<0;0;0;0;1;0>,TRUE,,,,,,,,,,stage/wsj.csv,,,,,,,,
61014,61014,,1,<21012;21012;21012;21012;21012;21012>,<0;0;0;0;1;0>,TRUE,,,,,,,,,,stage/wsj.csv,,,,,,,,
61021,61021,,1,<21023;21025;21024;21022;21026;21021>,<0;0;0;1;0;1>,TRUE,,,,,,,,,,stage/wsj.csv,,,,,,,,
61022,61022,,1,<21031;0;21032;0;0;0>,<1;0;1;0;0;0>,TRUE,,,,,,,,,,stage/wsj.csv,,,,,,,,
61023,61023,,1,<21041;21042;21041;21042;21041;21042>,<1;0;1;1;0;1>,TRUE,,,,,,,,,,stage/wsj.csv,,,,,,,,
61024,61024,,1,<21051;0;21051;0;21052;0>,<0;0;0;0;1;0>,TRUE,,,,,,,,,,stage/wsj.csv,,,,,,,,
62001,62001,,1,<21002;21002;21002;21001;21001;21001>,<0;0;0;0;0;0>,TRUE,,,,,,,,,,stage/wsj.csv,,,,,,,,
62002,62002,,1,<21002;0;21002;0;21001;0>,<0;0;0;0;0;0>,TRUE,,,,,,,,,,stage/wsj.csv,,,,,,,,
62003,62003,,1,<0;21002;0;21001;0;21001>,<0;0;0;0;0;0>,TRUE,,,,,,,,,,stage/wsj.csv,,,,,,,,
62004,62004,,1,<21002;0;21002;21001;0;21001>,<0;0;0;0;0;0>,TRUE,,,,,,,,,,stage/wsj.csv,,,,,,,,
62011,62011,,1,<0;0;0;21010;21011;21011>,<0;0;0;0;1;0>,TRUE,,,,,,,,,,stage/wsj.csv,,,,,,,,
62012,62012,,1,<0;0;0;21011;21010;21011>,<0;0;0;0;1;0>,TRUE,,,,,,,,,,stage/wsj.csv,,,,,,,,
62013,62013,,1,<0;0;0;21011;21011;21010>,<0;0;0;0;1;0>,TRUE,,,,,,,,,,stage/wsj.csv,,,,,,,,
62014,62014,,1,<21012;21012;21012;21012;21012;21012>,<0;0;0;0;1;0>,TRUE,,,,,,,,,,stage/wsj.csv,,,,,,,,
62021,62021,,1,<21023;21025;21024;21022;21026;21021>,<0;0;0;1;0;1>,TRUE,,,,,,,,,,stage/wsj.csv,,,,,,,,
62022,62022,,1,<21031;0;21032;0;0;0>,<1;0;1;0;0;0>,TRUE,,,,,,,,,,stage/wsj.csv,,,,,,,,
62023,62023,,1,<21041;21042;21041;21042;21041;21042>,<1;0;1;1;0;1>,TRUE,,,,,,,,,,stage/wsj.csv,,,,,,,,
62024,62024,,1,<21051;0;21051;0;21052;0>,<0;0;0;0;1;0>,TRUE,,,,,,,,,,stage/wsj.csv,,,,,,,,
62031,62031,,1,<22012;22012;22012;22012;22011;22012>,<0;0;0;0;1;0>,TRUE,,,,,,,,,,stage/wsj.csv,,,,,,,,
62032,62032,,1,<22014;22013;22014;22013;22014;22013>,<0;0;0;0;1;0>,TRUE,,,,,,,,,,stage/wsj.csv,,,,,,,,
62033,62033,,1,<22014;22014;22014;22014;22015;22014>,<0;0;0;0;1;0>,TRUE,,,,,,,,,,stage/wsj.csv,,,,,,,,
62034,62034,,1,<22017;22016;22017;22016;22017;22016>,<0;0;0;0;1;0>,TRUE,,,,,,,,,,stage/wsj.csv,,,,,,,,
62041,62041,,1,<0;0;0;0;22005;0>,<0;0;0;0;1;0>,TRUE,,,,,,,,,,stage/wsj.csv,,,,,,,,
62042,62042,,1,<21041;21042;21041;21042;21041;21042>,<1;1;1;1;1;1>,TRUE,,,,,,,,,,stage/wsj.csv,,,,,,,,
62043,62043,,1,<22006;0;22006;0;22007;0>,<1;0;1;0;1;0>,TRUE,,,,,,,,,,stage/wsj.csv,,,,,,,,
62044,62044,,1,<0;0;0;0;22003;0>,<0;0;0;0;1;0>,TRUE,,,,,,,,,,stage/wsj.csv,,,,,,,,
70001,70001,,1,<0;0;0;0;25001;0>,<0;0;0;0;1;0>,TRUE,<0;0;0;0;0;0>,,,,,,,,,stage/worldboss.csv,,,,,,,,
70002,70002,,1,<0;0;0;0;25102;0>,<0;0;0;0;1;0>,TRUE,<0;0;0;0;0;0>,,,,,,,,,stage/worldboss.csv,,,,,,,,
70003,70003,,1,<0;0;0;0;25201;0>,<0;0;0;0;1;0>,TRUE,<0;0;0;0;0;0>,,,,,,,,,stage/worldboss.csv,,,,,,,,
71001,71001,,1,<42001;0;42002;0;0;0>,,TRUE,,,,,,,,,,stage/worldboss.csv,,,,,,,,
71002,71002,,1,<42003;0;42004;0;0;0>,,TRUE,,,,,,,,,,stage/worldboss.csv,,,,,,,,
71003,71003,,1,<42005;0;42006;0;0;0>,,TRUE,,,,,,,,,,stage/worldboss.csv,,,,,,,,
71004,71004,,1,<42007;0;42008;0;42009;0>,,TRUE,,,,,,,,,,stage/worldboss.csv,,,,,,,,
80001,80001,,1,<290402;290402;290402;290402;291503;290402>,,,,,,,,,,,,stage/s.csv,,,,,,,,
80002,80001,,2,,,,,,,,,,,,,stage/s.csv,,,,,,,,
80003,80001,,3,,,,,,,,,,,,,stage/s.csv,,,,,,,,
80004,80001,,4,,,,,,,,,,,,,stage/s.csv,,,,,,,,
80005,80001,,5,,,,,,,,,,,,,stage/s.csv,,,,,,,,
80006,80001,,6,,,,,,,,,,,,,stage/s.csv,,,,,,,,
80007,80001,,7,,,,,,,,,,,,,stage/s.csv,,,,,,,,
80008,80001,,8,,,,,,,,,,,,,stage/s.csv,,,,,,,,
80009,80001,,9,,,,,,,,,,,,,stage/s.csv,,,,,,,,
80010,80001,,10,,,,,,,,,,,,,stage/s.csv,,,,,,,,
80011,80001,,11,,,,,,,,,,,,,stage/s.csv,,,,,,,,
80012,80001,,12,,,,,,,,,,,,,stage/s.csv,,,,,,,,
80013,80002,,1,<292612;292612;292612;292612;291394;292612>,,,,,,,,,,,,stage/s.csv,,,,,,,,
80014,80002,,2,,,,,,,,,,,,,stage/s.csv,,,,,,,,
80015,80002,,3,,,,,,,,,,,,,stage/s.csv,,,,,,,,
80016,80002,,4,,,,,,,,,,,,,stage/s.csv,,,,,,,,
80017,80002,,5,,,,,,,,,,,,,stage/s.csv,,,,,,,,
80018,80002,,6,,,,,,,,,,,,,stage/s.csv,,,,,,,,
80019,80002,,7,,,,,,,,,,,,,stage/s.csv,,,,,,,,
80020,80002,,8,,,,,,,,,,,,,stage/s.csv,,,,,,,,
80021,80002,,9,,,,,,,,,,,,,stage/s.csv,,,,,,,,
80022,80002,,10,,,,,,,,,,,,,stage/s.csv,,,,,,,,
80023,80002,,11,,,,,,,,,,,,,stage/s.csv,,,,,,,,
80024,80002,,12,,,,,,,,,,,,,stage/s.csv,,,,,,,,
80025,80003,,1,<290402;290402;290402;290402;291612;290402>,,,,,,,,,,,,stage/s.csv,,,,,,,,
80026,80003,,2,,,,,,,,,,,,,stage/s.csv,,,,,,,,
80027,80003,,3,,,,,,,,,,,,,stage/s.csv,,,,,,,,
80028,80003,,4,,,,,,,,,,,,,stage/s.csv,,,,,,,,
80029,80003,,5,,,,,,,,,,,,,stage/s.csv,,,,,,,,
80030,80003,,6,,,,,,,,,,,,,stage/s.csv,,,,,,,,
80031,80003,,7,,,,,,,,,,,,,stage/s.csv,,,,,,,,
80032,80003,,8,,,,,,,,,,,,,stage/s.csv,,,,,,,,
80033,80003,,9,,,,,,,,,,,,,stage/s.csv,,,,,,,,
80034,80003,,10,,,,,,,,,,,,,stage/s.csv,,,,,,,,
80035,80003,,11,,,,,,,,,,,,,stage/s.csv,,,,,,,,
80036,80003,,12,,,,,,,,,,,,,stage/s.csv,,,,,,,,
80037,80004,,1,,,,,,,,,,,,,stage/s.csv,,,,,,,,
80038,80004,,2,,,,,,,,,,,,,stage/s.csv,,,,,,,,
80039,80004,,3,,,,,,,,,,,,,stage/s.csv,,,,,,,,
80040,80004,,4,,,,,,,,,,,,,stage/s.csv,,,,,,,,
80041,80004,,5,,,,,,,,,,,,,stage/s.csv,,,,,,,,
80042,80004,,6,,,,,,,,,,,,,stage/s.csv,,,,,,,,
80043,80004,,7,,,,,,,,,,,,,stage/s.csv,,,,,,,,
80044,80004,,8,,,,,,,,,,,,,stage/s.csv,,,,,,,,
80045,80004,,9,,,,,,,,,,,,,stage/s.csv,,,,,,,,
80046,80004,,10,,,,,,,,,,,,,stage/s.csv,,,,,,,,
80047,80004,,11,,,,,,,,,,,,,stage/s.csv,,,,,,,,
80048,80004,,12,,,,,,,,,,,,,stage/s.csv,,,,,,,,
80049,80005,,1,,,,,,,,,,,,,stage/s.csv,,,,,,,,
80050,80005,,2,,,,,,,,,,,,,stage/s.csv,,,,,,,,
80051,80005,,3,,,,,,,,,,,,,stage/s.csv,,,,,,,,
80052,80005,,4,,,,,,,,,,,,,stage/s.csv,,,,,,,,
80053,80005,,5,,,,,,,,,,,,,stage/s.csv,,,,,,,,
80054,80005,,6,,,,,,,,,,,,,stage/s.csv,,,,,,,,
80055,80005,,7,,,,,,,,,,,,,stage/s.csv,,,,,,,,
80056,80005,,8,,,,,,,,,,,,,stage/s.csv,,,,,,,,
80057,80005,,9,,,,,,,,,,,,,stage/s.csv,,,,,,,,
80058,80005,,10,,,,,,,,,,,,,stage/s.csv,,,,,,,,
80059,80005,,11,,,,,,,,,,,,,stage/s.csv,,,,,,,,
80060,80005,,12,,,,,,,,,,,,,stage/s.csv,,,,,,,,
80061,80006,,1,,,,,,,,,,,,,stage/s.csv,,,,,,,,
80062,80006,,2,,,,,,,,,,,,,stage/s.csv,,,,,,,,
80063,80006,,3,,,,,,,,,,,,,stage/s.csv,,,,,,,,
80064,80006,,4,,,,,,,,,,,,,stage/s.csv,,,,,,,,
80065,80006,,5,,,,,,,,,,,,,stage/s.csv,,,,,,,,
80066,80006,,6,,,,,,,,,,,,,stage/s.csv,,,,,,,,
80067,80006,,7,,,,,,,,,,,,,stage/s.csv,,,,,,,,
80068,80006,,8,,,,,,,,,,,,,stage/s.csv,,,,,,,,
80069,80006,,9,,,,,,,,,,,,,stage/s.csv,,,,,,,,
80070,80006,,10,,,,,,,,,,,,,stage/s.csv,,,,,,,,
80071,80006,,11,,,,,,,,,,,,,stage/s.csv,,,,,,,,
80072,80006,,12,,,,,,,,,,,,,stage/s.csv,,,,,,,,
80073,80011,,1,<292612;292612;292612;292612;292033;292612>,,,,,,,,,,,,stage/s.csv,,,,,,,,
80074,80011,,2,,,,,,,,,,,,,stage/s.csv,,,,,,,,
80075,80011,,3,,,,,,,,,,,,,stage/s.csv,,,,,,,,
80076,80011,,4,,,,,,,,,,,,,stage/s.csv,,,,,,,,
80077,80011,,5,,,,,,,,,,,,,stage/s.csv,,,,,,,,
80078,80011,,6,,,,,,,,,,,,,stage/s.csv,,,,,,,,
80079,80011,,7,,,,,,,,,,,,,stage/s.csv,,,,,,,,
80080,80011,,8,,,,,,,,,,,,,stage/s.csv,,,,,,,,
80081,80011,,9,,,,,,,,,,,,,stage/s.csv,,,,,,,,
80082,80011,,10,,,,,,,,,,,,,stage/s.csv,,,,,,,,
80083,80011,,11,,,,,,,,,,,,,stage/s.csv,,,,,,,,
80084,80011,,12,,,,,,,,,,,,,stage/s.csv,,,,,,,,
80085,80012,,1,,,,,,,,,,,,,stage/s.csv,,,,,,,,
80086,80012,,2,,,,,,,,,,,,,stage/s.csv,,,,,,,,
80087,80012,,3,,,,,,,,,,,,,stage/s.csv,,,,,,,,
80088,80012,,4,,,,,,,,,,,,,stage/s.csv,,,,,,,,
80089,80012,,5,,,,,,,,,,,,,stage/s.csv,,,,,,,,
80090,80012,,6,,,,,,,,,,,,,stage/s.csv,,,,,,,,
80091,80012,,7,,,,,,,,,,,,,stage/s.csv,,,,,,,,
80092,80012,,8,,,,,,,,,,,,,stage/s.csv,,,,,,,,
80093,80012,,9,,,,,,,,,,,,,stage/s.csv,,,,,,,,
80094,80012,,10,,,,,,,,,,,,,stage/s.csv,,,,,,,,
80095,80012,,11,,,,,,,,,,,,,stage/s.csv,,,,,,,,
80096,80012,,12,,,,,,,,,,,,,stage/s.csv,,,,,,,,
80097,80013,,1,<290402;290402;290402;290402;291612;290402>,,,,,,,,,,,,stage/s.csv,,,,,,,,
80098,80013,,2,,,,,,,,,,,,,stage/s.csv,,,,,,,,
80099,80013,,3,,,,,,,,,,,,,stage/s.csv,,,,,,,,
80100,80013,,4,,,,,,,,,,,,,stage/s.csv,,,,,,,,
80101,80013,,5,,,,,,,,,,,,,stage/s.csv,,,,,,,,
80102,80013,,6,,,,,,,,,,,,,stage/s.csv,,,,,,,,
80103,80013,,7,,,,,,,,,,,,,stage/s.csv,,,,,,,,
80104,80013,,8,,,,,,,,,,,,,stage/s.csv,,,,,,,,
80105,80013,,9,,,,,,,,,,,,,stage/s.csv,,,,,,,,
80106,80013,,10,,,,,,,,,,,,,stage/s.csv,,,,,,,,
80107,80013,,11,,,,,,,,,,,,,stage/s.csv,,,,,,,,
80108,80013,,12,,,,,,,,,,,,,stage/s.csv,,,,,,,,
80109,80014,,1,,,,,,,,,,,,,stage/s.csv,,,,,,,,
80110,80014,,2,,,,,,,,,,,,,stage/s.csv,,,,,,,,
80111,80014,,3,,,,,,,,,,,,,stage/s.csv,,,,,,,,
80112,80014,,4,,,,,,,,,,,,,stage/s.csv,,,,,,,,
80113,80014,,5,,,,,,,,,,,,,stage/s.csv,,,,,,,,
80114,80014,,6,,,,,,,,,,,,,stage/s.csv,,,,,,,,
80115,80014,,7,,,,,,,,,,,,,stage/s.csv,,,,,,,,
80116,80014,,8,,,,,,,,,,,,,stage/s.csv,,,,,,,,
80117,80014,,9,,,,,,,,,,,,,stage/s.csv,,,,,,,,
80118,80014,,10,,,,,,,,,,,,,stage/s.csv,,,,,,,,
80119,80014,,11,,,,,,,,,,,,,stage/s.csv,,,,,,,,
80120,80014,,12,,,,,,,,,,,,,stage/s.csv,,,,,,,,
80121,80015,,1,,,,,,,,,,,,,stage/s.csv,,,,,,,,
80122,80015,,2,,,,,,,,,,,,,stage/s.csv,,,,,,,,
80123,80015,,3,,,,,,,,,,,,,stage/s.csv,,,,,,,,
80124,80015,,4,,,,,,,,,,,,,stage/s.csv,,,,,,,,
80125,80015,,5,,,,,,,,,,,,,stage/s.csv,,,,,,,,
80126,80015,,6,,,,,,,,,,,,,stage/s.csv,,,,,,,,
80127,80015,,7,,,,,,,,,,,,,stage/s.csv,,,,,,,,
80128,80015,,8,,,,,,,,,,,,,stage/s.csv,,,,,,,,
80129,80015,,9,,,,,,,,,,,,,stage/s.csv,,,,,,,,
80130,80015,,10,,,,,,,,,,,,,stage/s.csv,,,,,,,,
80131,80015,,11,,,,,,,,,,,,,stage/s.csv,,,,,,,,
80132,80015,,12,,,,,,,,,,,,,stage/s.csv,,,,,,,,
80133,80016,,1,,,,,,,,,,,,,stage/s.csv,,,,,,,,
80134,80016,,2,,,,,,,,,,,,,stage/s.csv,,,,,,,,
80135,80016,,3,,,,,,,,,,,,,stage/s.csv,,,,,,,,
80136,80016,,4,,,,,,,,,,,,,stage/s.csv,,,,,,,,
80137,80016,,5,,,,,,,,,,,,,stage/s.csv,,,,,,,,
80138,80016,,6,,,,,,,,,,,,,stage/s.csv,,,,,,,,
80139,80016,,7,,,,,,,,,,,,,stage/s.csv,,,,,,,,
80140,80016,,8,,,,,,,,,,,,,stage/s.csv,,,,,,,,
80141,80016,,9,,,,,,,,,,,,,stage/s.csv,,,,,,,,
80142,80016,,10,,,,,,,,,,,,,stage/s.csv,,,,,,,,
80143,80016,,11,,,,,,,,,,,,,stage/s.csv,,,,,,,,
80144,80016,,12,,,,,,,,,,,,,stage/s.csv,,,,,,,,
80145,80021,,1,<291911;291911;291911;291911;300211;291911>,,,,,,,,,,,,stage/s.csv,,,,,,,,
80146,80021,,2,,,,,,,,,,,,,stage/s.csv,,,,,,,,
80147,80021,,3,,,,,,,,,,,,,stage/s.csv,,,,,,,,
80148,80021,,4,,,,,,,,,,,,,stage/s.csv,,,,,,,,
80149,80021,,5,,,,,,,,,,,,,stage/s.csv,,,,,,,,
80150,80021,,6,,,,,,,,,,,,,stage/s.csv,,,,,,,,
80151,80021,,7,,,,,,,,,,,,,stage/s.csv,,,,,,,,
80152,80021,,8,,,,,,,,,,,,,stage/s.csv,,,,,,,,
80153,80021,,9,,,,,,,,,,,,,stage/s.csv,,,,,,,,
80154,80021,,10,,,,,,,,,,,,,stage/s.csv,,,,,,,,
80155,80021,,11,,,,,,,,,,,,,stage/s.csv,,,,,,,,
80156,80021,,12,,,,,,,,,,,,,stage/s.csv,,,,,,,,
80157,80022,,1,,,,,,,,,,,,,stage/s.csv,,,,,,,,
80158,80022,,2,,,,,,,,,,,,,stage/s.csv,,,,,,,,
80159,80022,,3,,,,,,,,,,,,,stage/s.csv,,,,,,,,
80160,80022,,4,,,,,,,,,,,,,stage/s.csv,,,,,,,,
80161,80022,,5,,,,,,,,,,,,,stage/s.csv,,,,,,,,
80162,80022,,6,,,,,,,,,,,,,stage/s.csv,,,,,,,,
80163,80022,,7,,,,,,,,,,,,,stage/s.csv,,,,,,,,
80164,80022,,8,,,,,,,,,,,,,stage/s.csv,,,,,,,,
80165,80022,,9,,,,,,,,,,,,,stage/s.csv,,,,,,,,
80166,80022,,10,,,,,,,,,,,,,stage/s.csv,,,,,,,,
80167,80022,,11,,,,,,,,,,,,,stage/s.csv,,,,,,,,
80168,80022,,12,,,,,,,,,,,,,stage/s.csv,,,,,,,,
80169,80023,,1,,,,,,,,,,,,,stage/s.csv,,,,,,,,
80170,80023,,2,,,,,,,,,,,,,stage/s.csv,,,,,,,,
80171,80023,,3,,,,,,,,,,,,,stage/s.csv,,,,,,,,
80172,80023,,4,,,,,,,,,,,,,stage/s.csv,,,,,,,,
80173,80023,,5,,,,,,,,,,,,,stage/s.csv,,,,,,,,
80174,80023,,6,,,,,,,,,,,,,stage/s.csv,,,,,,,,
80175,80023,,7,,,,,,,,,,,,,stage/s.csv,,,,,,,,
80176,80023,,8,,,,,,,,,,,,,stage/s.csv,,,,,,,,
80177,80023,,9,,,,,,,,,,,,,stage/s.csv,,,,,,,,
80178,80023,,10,,,,,,,,,,,,,stage/s.csv,,,,,,,,
80179,80023,,11,,,,,,,,,,,,,stage/s.csv,,,,,,,,
80180,80023,,12,,,,,,,,,,,,,stage/s.csv,,,,,,,,
80181,80024,,1,,,,,,,,,,,,,stage/s.csv,,,,,,,,
80182,80024,,2,,,,,,,,,,,,,stage/s.csv,,,,,,,,
80183,80024,,3,,,,,,,,,,,,,stage/s.csv,,,,,,,,
80184,80024,,4,,,,,,,,,,,,,stage/s.csv,,,,,,,,
80185,80024,,5,,,,,,,,,,,,,stage/s.csv,,,,,,,,
80186,80024,,6,,,,,,,,,,,,,stage/s.csv,,,,,,,,
80187,80024,,7,,,,,,,,,,,,,stage/s.csv,,,,,,,,
80188,80024,,8,,,,,,,,,,,,,stage/s.csv,,,,,,,,
80189,80024,,9,,,,,,,,,,,,,stage/s.csv,,,,,,,,
80190,80024,,10,,,,,,,,,,,,,stage/s.csv,,,,,,,,
80191,80024,,11,,,,,,,,,,,,,stage/s.csv,,,,,,,,
80192,80024,,12,,,,,,,,,,,,,stage/s.csv,,,,,,,,
80193,80025,,1,,,,,,,,,,,,,stage/s.csv,,,,,,,,
80194,80025,,2,,,,,,,,,,,,,stage/s.csv,,,,,,,,
80195,80025,,3,,,,,,,,,,,,,stage/s.csv,,,,,,,,
80196,80025,,4,,,,,,,,,,,,,stage/s.csv,,,,,,,,
80197,80025,,5,,,,,,,,,,,,,stage/s.csv,,,,,,,,
80198,80025,,6,,,,,,,,,,,,,stage/s.csv,,,,,,,,
80199,80025,,7,,,,,,,,,,,,,stage/s.csv,,,,,,,,
80200,80025,,8,,,,,,,,,,,,,stage/s.csv,,,,,,,,
80201,80025,,9,,,,,,,,,,,,,stage/s.csv,,,,,,,,
80202,80025,,10,,,,,,,,,,,,,stage/s.csv,,,,,,,,
80203,80025,,11,,,,,,,,,,,,,stage/s.csv,,,,,,,,
80204,80025,,12,,,,,,,,,,,,,stage/s.csv,,,,,,,,
80205,80026,,1,,,,,,,,,,,,,stage/s.csv,,,,,,,,
80206,80026,,2,,,,,,,,,,,,,stage/s.csv,,,,,,,,
80207,80026,,3,,,,,,,,,,,,,stage/s.csv,,,,,,,,
80208,80026,,4,,,,,,,,,,,,,stage/s.csv,,,,,,,,
80209,80026,,5,,,,,,,,,,,,,stage/s.csv,,,,,,,,
80210,80026,,6,,,,,,,,,,,,,stage/s.csv,,,,,,,,
80211,80026,,7,,,,,,,,,,,,,stage/s.csv,,,,,,,,
80212,80026,,8,,,,,,,,,,,,,stage/s.csv,,,,,,,,
80213,80026,,9,,,,,,,,,,,,,stage/s.csv,,,,,,,,
80214,80026,,10,,,,,,,,,,,,,stage/s.csv,,,,,,,,
80215,80026,,11,,,,,,,,,,,,,stage/s.csv,,,,,,,,
80216,80026,,12,,,,,,,,,,,,,stage/s.csv,,,,,,,,
80217,80031,,1,<292033;292033;292033;292033;300211;292033>,,,,,,,,,,,,stage/s.csv,,,,,,,,
80218,80031,,2,,,,,,,,,,,,,stage/s.csv,,,,,,,,
80219,80031,,3,,,,,,,,,,,,,stage/s.csv,,,,,,,,
80220,80031,,4,,,,,,,,,,,,,stage/s.csv,,,,,,,,
80221,80031,,5,,,,,,,,,,,,,stage/s.csv,,,,,,,,
80222,80031,,6,,,,,,,,,,,,,stage/s.csv,,,,,,,,
80223,80031,,7,,,,,,,,,,,,,stage/s.csv,,,,,,,,
80224,80031,,8,,,,,,,,,,,,,stage/s.csv,,,,,,,,
80225,80031,,9,,,,,,,,,,,,,stage/s.csv,,,,,,,,
80226,80031,,10,,,,,,,,,,,,,stage/s.csv,,,,,,,,
80227,80031,,11,,,,,,,,,,,,,stage/s.csv,,,,,,,,
80228,80031,,12,,,,,,,,,,,,,stage/s.csv,,,,,,,,
80229,80032,,1,<291612;291612;291612;291612;300321;291612>,,,,,,,,,,,,stage/s.csv,,,,,,,,
80230,80032,,2,,,,,,,,,,,,,stage/s.csv,,,,,,,,
80231,80032,,3,,,,,,,,,,,,,stage/s.csv,,,,,,,,
80232,80032,,4,,,,,,,,,,,,,stage/s.csv,,,,,,,,
80233,80032,,5,,,,,,,,,,,,,stage/s.csv,,,,,,,,
80234,80032,,6,,,,,,,,,,,,,stage/s.csv,,,,,,,,
80235,80032,,7,,,,,,,,,,,,,stage/s.csv,,,,,,,,
80236,80032,,8,,,,,,,,,,,,,stage/s.csv,,,,,,,,
80237,80032,,9,,,,,,,,,,,,,stage/s.csv,,,,,,,,
80238,80032,,10,,,,,,,,,,,,,stage/s.csv,,,,,,,,
80239,80032,,11,,,,,,,,,,,,,stage/s.csv,,,,,,,,
80240,80032,,12,,,,,,,,,,,,,stage/s.csv,,,,,,,,
80241,80033,,1,<291394;291394;291394;291394;300111;291394>,,,,,,,,,,,,stage/s.csv,,,,,,,,
80242,80033,,2,,,,,,,,,,,,,stage/s.csv,,,,,,,,
80243,80033,,3,,,,,,,,,,,,,stage/s.csv,,,,,,,,
80244,80033,,4,,,,,,,,,,,,,stage/s.csv,,,,,,,,
80245,80033,,5,,,,,,,,,,,,,stage/s.csv,,,,,,,,
80246,80033,,6,,,,,,,,,,,,,stage/s.csv,,,,,,,,
80247,80033,,7,,,,,,,,,,,,,stage/s.csv,,,,,,,,
80248,80033,,8,,,,,,,,,,,,,stage/s.csv,,,,,,,,
80249,80033,,9,,,,,,,,,,,,,stage/s.csv,,,,,,,,
80250,80033,,10,,,,,,,,,,,,,stage/s.csv,,,,,,,,
80251,80033,,11,,,,,,,,,,,,,stage/s.csv,,,,,,,,
80252,80033,,12,,,,,,,,,,,,,stage/s.csv,,,,,,,,
80253,80034,,1,,,,,,,,,,,,,stage/s.csv,,,,,,,,
80254,80034,,2,,,,,,,,,,,,,stage/s.csv,,,,,,,,
80255,80034,,3,,,,,,,,,,,,,stage/s.csv,,,,,,,,
80256,80034,,4,,,,,,,,,,,,,stage/s.csv,,,,,,,,
80257,80034,,5,,,,,,,,,,,,,stage/s.csv,,,,,,,,
80258,80034,,6,,,,,,,,,,,,,stage/s.csv,,,,,,,,
80259,80034,,7,,,,,,,,,,,,,stage/s.csv,,,,,,,,
80260,80034,,8,,,,,,,,,,,,,stage/s.csv,,,,,,,,
80261,80034,,9,,,,,,,,,,,,,stage/s.csv,,,,,,,,
80262,80034,,10,,,,,,,,,,,,,stage/s.csv,,,,,,,,
80263,80034,,11,,,,,,,,,,,,,stage/s.csv,,,,,,,,
80264,80034,,12,,,,,,,,,,,,,stage/s.csv,,,,,,,,
80265,80035,,1,,,,,,,,,,,,,stage/s.csv,,,,,,,,
80266,80035,,2,,,,,,,,,,,,,stage/s.csv,,,,,,,,
80267,80035,,3,,,,,,,,,,,,,stage/s.csv,,,,,,,,
80268,80035,,4,,,,,,,,,,,,,stage/s.csv,,,,,,,,
80269,80035,,5,,,,,,,,,,,,,stage/s.csv,,,,,,,,
80270,80035,,6,,,,,,,,,,,,,stage/s.csv,,,,,,,,
80271,80035,,7,,,,,,,,,,,,,stage/s.csv,,,,,,,,
80272,80035,,8,,,,,,,,,,,,,stage/s.csv,,,,,,,,
80273,80035,,9,,,,,,,,,,,,,stage/s.csv,,,,,,,,
80274,80035,,10,,,,,,,,,,,,,stage/s.csv,,,,,,,,
80275,80035,,11,,,,,,,,,,,,,stage/s.csv,,,,,,,,
80276,80035,,12,,,,,,,,,,,,,stage/s.csv,,,,,,,,
80277,80036,,1,,,,,,,,,,,,,stage/s.csv,,,,,,,,
80278,80036,,2,,,,,,,,,,,,,stage/s.csv,,,,,,,,
80279,80036,,3,,,,,,,,,,,,,stage/s.csv,,,,,,,,
80280,80036,,4,,,,,,,,,,,,,stage/s.csv,,,,,,,,
80281,80036,,5,,,,,,,,,,,,,stage/s.csv,,,,,,,,
80282,80036,,6,,,,,,,,,,,,,stage/s.csv,,,,,,,,
80283,80036,,7,,,,,,,,,,,,,stage/s.csv,,,,,,,,
80284,80036,,8,,,,,,,,,,,,,stage/s.csv,,,,,,,,
80285,80036,,9,,,,,,,,,,,,,stage/s.csv,,,,,,,,
80286,80036,,10,,,,,,,,,,,,,stage/s.csv,,,,,,,,
80287,80036,,11,,,,,,,,,,,,,stage/s.csv,,,,,,,,
80288,80036,,12,,,,,,,,,,,,,stage/s.csv,,,,,,,,
80289,80041,,1,<291911;291911;291911;291911;300442;291911>,,,,,,,,,,,,stage/s.csv,,,,,,,,
80290,80041,,2,,,,,,,,,,,,,stage/s.csv,,,,,,,,
80291,80041,,3,,,,,,,,,,,,,stage/s.csv,,,,,,,,
80292,80041,,4,,,,,,,,,,,,,stage/s.csv,,,,,,,,
80293,80041,,5,,,,,,,,,,,,,stage/s.csv,,,,,,,,
80294,80041,,6,,,,,,,,,,,,,stage/s.csv,,,,,,,,
80295,80041,,7,,,,,,,,,,,,,stage/s.csv,,,,,,,,
80296,80041,,8,,,,,,,,,,,,,stage/s.csv,,,,,,,,
80297,80041,,9,,,,,,,,,,,,,stage/s.csv,,,,,,,,
80298,80041,,10,,,,,,,,,,,,,stage/s.csv,,,,,,,,
80299,80041,,11,,,,,,,,,,,,,stage/s.csv,,,,,,,,
80300,80041,,12,,,,,,,,,,,,,stage/s.csv,,,,,,,,
80301,80042,,1,,,,,,,,,,,,,stage/s.csv,,,,,,,,
80302,80042,,2,,,,,,,,,,,,,stage/s.csv,,,,,,,,
80303,80042,,3,,,,,,,,,,,,,stage/s.csv,,,,,,,,
80304,80042,,4,,,,,,,,,,,,,stage/s.csv,,,,,,,,
80305,80042,,5,,,,,,,,,,,,,stage/s.csv,,,,,,,,
80306,80042,,6,,,,,,,,,,,,,stage/s.csv,,,,,,,,
80307,80042,,7,,,,,,,,,,,,,stage/s.csv,,,,,,,,
80308,80042,,8,,,,,,,,,,,,,stage/s.csv,,,,,,,,
80309,80042,,9,,,,,,,,,,,,,stage/s.csv,,,,,,,,
80310,80042,,10,,,,,,,,,,,,,stage/s.csv,,,,,,,,
80311,80042,,11,,,,,,,,,,,,,stage/s.csv,,,,,,,,
80312,80042,,12,,,,,,,,,,,,,stage/s.csv,,,,,,,,
80313,80043,,1,,,,,,,,,,,,,stage/s.csv,,,,,,,,
80314,80043,,2,,,,,,,,,,,,,stage/s.csv,,,,,,,,
80315,80043,,3,,,,,,,,,,,,,stage/s.csv,,,,,,,,
80316,80043,,4,,,,,,,,,,,,,stage/s.csv,,,,,,,,
80317,80043,,5,,,,,,,,,,,,,stage/s.csv,,,,,,,,
80318,80043,,6,,,,,,,,,,,,,stage/s.csv,,,,,,,,
80319,80043,,7,,,,,,,,,,,,,stage/s.csv,,,,,,,,
80320,80043,,8,,,,,,,,,,,,,stage/s.csv,,,,,,,,
80321,80043,,9,,,,,,,,,,,,,stage/s.csv,,,,,,,,
80322,80043,,10,,,,,,,,,,,,,stage/s.csv,,,,,,,,
80323,80043,,11,,,,,,,,,,,,,stage/s.csv,,,,,,,,
80324,80043,,12,,,,,,,,,,,,,stage/s.csv,,,,,,,,
80325,80044,,1,<291612;291612;291612;291612;303011;291612>,,,,,,,,,,,,stage/s.csv,,,,,,,,
80326,80044,,2,,,,,,,,,,,,,stage/s.csv,,,,,,,,
80327,80044,,3,,,,,,,,,,,,,stage/s.csv,,,,,,,,
80328,80044,,4,,,,,,,,,,,,,stage/s.csv,,,,,,,,
80329,80044,,5,,,,,,,,,,,,,stage/s.csv,,,,,,,,
80330,80044,,6,,,,,,,,,,,,,stage/s.csv,,,,,,,,
80331,80044,,7,,,,,,,,,,,,,stage/s.csv,,,,,,,,
80332,80044,,8,,,,,,,,,,,,,stage/s.csv,,,,,,,,
80333,80044,,9,,,,,,,,,,,,,stage/s.csv,,,,,,,,
80334,80044,,10,,,,,,,,,,,,,stage/s.csv,,,,,,,,
80335,80044,,11,,,,,,,,,,,,,stage/s.csv,,,,,,,,
80336,80044,,12,,,,,,,,,,,,,stage/s.csv,,,,,,,,
80337,80045,,1,,,,,,,,,,,,,stage/s.csv,,,,,,,,
80338,80045,,2,,,,,,,,,,,,,stage/s.csv,,,,,,,,
80339,80045,,3,,,,,,,,,,,,,stage/s.csv,,,,,,,,
80340,80045,,4,,,,,,,,,,,,,stage/s.csv,,,,,,,,
80341,80045,,5,,,,,,,,,,,,,stage/s.csv,,,,,,,,
80342,80045,,6,,,,,,,,,,,,,stage/s.csv,,,,,,,,
80343,80045,,7,,,,,,,,,,,,,stage/s.csv,,,,,,,,
80344,80045,,8,,,,,,,,,,,,,stage/s.csv,,,,,,,,
80345,80045,,9,,,,,,,,,,,,,stage/s.csv,,,,,,,,
80346,80045,,10,,,,,,,,,,,,,stage/s.csv,,,,,,,,
80347,80045,,11,,,,,,,,,,,,,stage/s.csv,,,,,,,,
80348,80045,,12,,,,,,,,,,,,,stage/s.csv,,,,,,,,
80349,80046,,1,,,,,,,,,,,,,stage/s.csv,,,,,,,,
80350,80046,,2,,,,,,,,,,,,,stage/s.csv,,,,,,,,
80351,80046,,3,,,,,,,,,,,,,stage/s.csv,,,,,,,,
80352,80046,,4,,,,,,,,,,,,,stage/s.csv,,,,,,,,
80353,80046,,5,,,,,,,,,,,,,stage/s.csv,,,,,,,,
80354,80046,,6,,,,,,,,,,,,,stage/s.csv,,,,,,,,
80355,80046,,7,,,,,,,,,,,,,stage/s.csv,,,,,,,,
80356,80046,,8,,,,,,,,,,,,,stage/s.csv,,,,,,,,
80357,80046,,9,,,,,,,,,,,,,stage/s.csv,,,,,,,,
80358,80046,,10,,,,,,,,,,,,,stage/s.csv,,,,,,,,
80359,80046,,11,,,,,,,,,,,,,stage/s.csv,,,,,,,,
80360,80046,,12,,,,,,,,,,,,,stage/s.csv,,,,,,,,
80361,80051,,1,<292723;292033;291503;293353;300442;293143>,,,,,,,,,,,,stage/s.csv,,,,,,,,
80362,80051,,2,,,,,,,,,,,,,stage/s.csv,,,,,,,,
80363,80051,,3,,,,,,,,,,,,,stage/s.csv,,,,,,,,
80364,80051,,4,,,,,,,,,,,,,stage/s.csv,,,,,,,,
80365,80051,,5,,,,,,,,,,,,,stage/s.csv,,,,,,,,
80366,80051,,6,,,,,,,,,,,,,stage/s.csv,,,,,,,,
80367,80051,,7,,,,,,,,,,,,,stage/s.csv,,,,,,,,
80368,80051,,8,,,,,,,,,,,,,stage/s.csv,,,,,,,,
80369,80051,,9,,,,,,,,,,,,,stage/s.csv,,,,,,,,
80370,80051,,10,,,,,,,,,,,,,stage/s.csv,,,,,,,,
80371,80051,,11,,,,,,,,,,,,,stage/s.csv,,,,,,,,
80372,80051,,12,,,,,,,,,,,,,stage/s.csv,,,,,,,,
80373,80101,,1,<293543;293543;293543;293543;301331;293543>,,,,,,,,,,,,stage/qf.csv,,,,,,,,
80374,80101,,2,,,,,,,,,,,,,stage/qf.csv,,,,,,,,
80375,80101,,3,,,,,,,,,,,,,stage/qf.csv,,,,,,,,
80376,80101,,4,,,,,,,,,,,,,stage/qf.csv,,,,,,,,
80377,80101,,5,,,,,,,,,,,,,stage/qf.csv,,,,,,,,
80378,80101,,6,,,,,,,,,,,,,stage/qf.csv,,,,,,,,
80379,80101,,7,,,,,,,,,,,,,stage/qf.csv,,,,,,,,
80380,80101,,8,,,,,,,,,,,,,stage/qf.csv,,,,,,,,
80381,80101,,9,,,,,,,,,,,,,stage/qf.csv,,,,,,,,
80382,80101,,10,,,,,,,,,,,,,stage/qf.csv,,,,,,,,
80383,80101,,11,,,,,,,,,,,,,stage/qf.csv,,,,,,,,
80384,80101,,12,,,,,,,,,,,,,stage/qf.csv,,,,,,,,
80385,80102,,1,<291082;291082;291082;291082;301311;291082>,,,,,,,,,,,,stage/qf.csv,,,,,,,,
80386,80102,,2,,,,,,,,,,,,,stage/qf.csv,,,,,,,,
80387,80102,,3,,,,,,,,,,,,,stage/qf.csv,,,,,,,,
80388,80102,,4,,,,,,,,,,,,,stage/qf.csv,,,,,,,,
80389,80102,,5,,,,,,,,,,,,,stage/qf.csv,,,,,,,,
80390,80102,,6,,,,,,,,,,,,,stage/qf.csv,,,,,,,,
80391,80102,,7,,,,,,,,,,,,,stage/qf.csv,,,,,,,,
80392,80102,,8,,,,,,,,,,,,,stage/qf.csv,,,,,,,,
80393,80102,,9,,,,,,,,,,,,,stage/qf.csv,,,,,,,,
80394,80102,,10,,,,,,,,,,,,,stage/qf.csv,,,,,,,,
80395,80102,,11,,,,,,,,,,,,,stage/qf.csv,,,,,,,,
80396,80102,,12,,,,,,,,,,,,,stage/qf.csv,,,,,,,,
80397,80103,,1,<293543;293543;293543;293543;290641;293543>,,,,,,,,,,,,stage/qf.csv,,,,,,,,
80398,80103,,2,,,,,,,,,,,,,stage/qf.csv,,,,,,,,
80399,80103,,3,,,,,,,,,,,,,stage/qf.csv,,,,,,,,
80400,80103,,4,,,,,,,,,,,,,stage/qf.csv,,,,,,,,
80401,80103,,5,,,,,,,,,,,,,stage/qf.csv,,,,,,,,
80402,80103,,6,,,,,,,,,,,,,stage/qf.csv,,,,,,,,
80403,80103,,7,,,,,,,,,,,,,stage/qf.csv,,,,,,,,
80404,80103,,8,,,,,,,,,,,,,stage/qf.csv,,,,,,,,
80405,80103,,9,,,,,,,,,,,,,stage/qf.csv,,,,,,,,
80406,80103,,10,,,,,,,,,,,,,stage/qf.csv,,,,,,,,
80407,80103,,11,,,,,,,,,,,,,stage/qf.csv,,,,,,,,
80408,80103,,12,,,,,,,,,,,,,stage/qf.csv,,,,,,,,
80409,80104,,1,,,,,,,,,,,,,stage/qf.csv,,,,,,,,
80410,80104,,2,,,,,,,,,,,,,stage/qf.csv,,,,,,,,
80411,80104,,3,,,,,,,,,,,,,stage/qf.csv,,,,,,,,
80412,80104,,4,,,,,,,,,,,,,stage/qf.csv,,,,,,,,
80413,80104,,5,,,,,,,,,,,,,stage/qf.csv,,,,,,,,
80414,80104,,6,,,,,,,,,,,,,stage/qf.csv,,,,,,,,
80415,80104,,7,,,,,,,,,,,,,stage/qf.csv,,,,,,,,
80416,80104,,8,,,,,,,,,,,,,stage/qf.csv,,,,,,,,
80417,80104,,9,,,,,,,,,,,,,stage/qf.csv,,,,,,,,
80418,80104,,10,,,,,,,,,,,,,stage/qf.csv,,,,,,,,
80419,80104,,11,,,,,,,,,,,,,stage/qf.csv,,,,,,,,
80420,80104,,12,,,,,,,,,,,,,stage/qf.csv,,,,,,,,
80421,80105,,1,,,,,,,,,,,,,stage/qf.csv,,,,,,,,
80422,80105,,2,,,,,,,,,,,,,stage/qf.csv,,,,,,,,
80423,80105,,3,,,,,,,,,,,,,stage/qf.csv,,,,,,,,
80424,80105,,4,,,,,,,,,,,,,stage/qf.csv,,,,,,,,
80425,80105,,5,,,,,,,,,,,,,stage/qf.csv,,,,,,,,
80426,80105,,6,,,,,,,,,,,,,stage/qf.csv,,,,,,,,
80427,80105,,7,,,,,,,,,,,,,stage/qf.csv,,,,,,,,
80428,80105,,8,,,,,,,,,,,,,stage/qf.csv,,,,,,,,
80429,80105,,9,,,,,,,,,,,,,stage/qf.csv,,,,,,,,
80430,80105,,10,,,,,,,,,,,,,stage/qf.csv,,,,,,,,
80431,80105,,11,,,,,,,,,,,,,stage/qf.csv,,,,,,,,
80432,80105,,12,,,,,,,,,,,,,stage/qf.csv,,,,,,,,
80433,80106,,1,,,,,,,,,,,,,stage/qf.csv,,,,,,,,
80434,80106,,2,,,,,,,,,,,,,stage/qf.csv,,,,,,,,
80435,80106,,3,,,,,,,,,,,,,stage/qf.csv,,,,,,,,
80436,80106,,4,,,,,,,,,,,,,stage/qf.csv,,,,,,,,
80437,80106,,5,,,,,,,,,,,,,stage/qf.csv,,,,,,,,
80438,80106,,6,,,,,,,,,,,,,stage/qf.csv,,,,,,,,
80439,80106,,7,,,,,,,,,,,,,stage/qf.csv,,,,,,,,
80440,80106,,8,,,,,,,,,,,,,stage/qf.csv,,,,,,,,
80441,80106,,9,,,,,,,,,,,,,stage/qf.csv,,,,,,,,
80442,80106,,10,,,,,,,,,,,,,stage/qf.csv,,,,,,,,
80443,80106,,11,,,,,,,,,,,,,stage/qf.csv,,,,,,,,
80444,80106,,12,,,,,,,,,,,,,stage/qf.csv,,,,,,,,
80445,80111,,1,<290641;290641;290641;290641;290641;290641>,,,,,,,,,,,,stage/qf.csv,,,,,,,,
80446,80111,,2,,,,,,,,,,,,,stage/qf.csv,,,,,,,,
80447,80111,,3,,,,,,,,,,,,,stage/qf.csv,,,,,,,,
80448,80111,,4,,,,,,,,,,,,,stage/qf.csv,,,,,,,,
80449,80111,,5,,,,,,,,,,,,,stage/qf.csv,,,,,,,,
80450,80111,,6,,,,,,,,,,,,,stage/qf.csv,,,,,,,,
80451,80111,,7,,,,,,,,,,,,,stage/qf.csv,,,,,,,,
80452,80111,,8,,,,,,,,,,,,,stage/qf.csv,,,,,,,,
80453,80111,,9,,,,,,,,,,,,,stage/qf.csv,,,,,,,,
80454,80111,,10,,,,,,,,,,,,,stage/qf.csv,,,,,,,,
80455,80111,,11,,,,,,,,,,,,,stage/qf.csv,,,,,,,,
80456,80111,,12,,,,,,,,,,,,,stage/qf.csv,,,,,,,,
80457,80112,,1,<292401;292401;292401;292401;292401;292401>,,,,,,,,,,,,stage/qf.csv,,,,,,,,
80458,80112,,2,,,,,,,,,,,,,stage/qf.csv,,,,,,,,
80459,80112,,3,,,,,,,,,,,,,stage/qf.csv,,,,,,,,
80460,80112,,4,,,,,,,,,,,,,stage/qf.csv,,,,,,,,
80461,80112,,5,,,,,,,,,,,,,stage/qf.csv,,,,,,,,
80462,80112,,6,,,,,,,,,,,,,stage/qf.csv,,,,,,,,
80463,80112,,7,,,,,,,,,,,,,stage/qf.csv,,,,,,,,
80464,80112,,8,,,,,,,,,,,,,stage/qf.csv,,,,,,,,
80465,80112,,9,,,,,,,,,,,,,stage/qf.csv,,,,,,,,
80466,80112,,10,,,,,,,,,,,,,stage/qf.csv,,,,,,,,
80467,80112,,11,,,,,,,,,,,,,stage/qf.csv,,,,,,,,
80468,80112,,12,,,,,,,,,,,,,stage/qf.csv,,,,,,,,
80469,80113,,1,,,,,,,,,,,,,stage/qf.csv,,,,,,,,
80470,80113,,2,,,,,,,,,,,,,stage/qf.csv,,,,,,,,
80471,80113,,3,,,,,,,,,,,,,stage/qf.csv,,,,,,,,
80472,80113,,4,,,,,,,,,,,,,stage/qf.csv,,,,,,,,
80473,80113,,5,,,,,,,,,,,,,stage/qf.csv,,,,,,,,
80474,80113,,6,,,,,,,,,,,,,stage/qf.csv,,,,,,,,
80475,80113,,7,,,,,,,,,,,,,stage/qf.csv,,,,,,,,
80476,80113,,8,,,,,,,,,,,,,stage/qf.csv,,,,,,,,
80477,80113,,9,,,,,,,,,,,,,stage/qf.csv,,,,,,,,
80478,80113,,10,,,,,,,,,,,,,stage/qf.csv,,,,,,,,
80479,80113,,11,,,,,,,,,,,,,stage/qf.csv,,,,,,,,
80480,80113,,12,,,,,,,,,,,,,stage/qf.csv,,,,,,,,
80481,80114,,1,,,,,,,,,,,,,stage/qf.csv,,,,,,,,
80482,80114,,2,,,,,,,,,,,,,stage/qf.csv,,,,,,,,
80483,80114,,3,,,,,,,,,,,,,stage/qf.csv,,,,,,,,
80484,80114,,4,,,,,,,,,,,,,stage/qf.csv,,,,,,,,
80485,80114,,5,,,,,,,,,,,,,stage/qf.csv,,,,,,,,
80486,80114,,6,,,,,,,,,,,,,stage/qf.csv,,,,,,,,
80487,80114,,7,,,,,,,,,,,,,stage/qf.csv,,,,,,,,
80488,80114,,8,,,,,,,,,,,,,stage/qf.csv,,,,,,,,
80489,80114,,9,,,,,,,,,,,,,stage/qf.csv,,,,,,,,
80490,80114,,10,,,,,,,,,,,,,stage/qf.csv,,,,,,,,
80491,80114,,11,,,,,,,,,,,,,stage/qf.csv,,,,,,,,
80492,80114,,12,,,,,,,,,,,,,stage/qf.csv,,,,,,,,
80493,80115,,1,,,,,,,,,,,,,stage/qf.csv,,,,,,,,
80494,80115,,2,,,,,,,,,,,,,stage/qf.csv,,,,,,,,
80495,80115,,3,,,,,,,,,,,,,stage/qf.csv,,,,,,,,
80496,80115,,4,,,,,,,,,,,,,stage/qf.csv,,,,,,,,
80497,80115,,5,,,,,,,,,,,,,stage/qf.csv,,,,,,,,
80498,80115,,6,,,,,,,,,,,,,stage/qf.csv,,,,,,,,
80499,80115,,7,,,,,,,,,,,,,stage/qf.csv,,,,,,,,
80500,80115,,8,,,,,,,,,,,,,stage/qf.csv,,,,,,,,
80501,80115,,9,,,,,,,,,,,,,stage/qf.csv,,,,,,,,
80502,80115,,10,,,,,,,,,,,,,stage/qf.csv,,,,,,,,
80503,80115,,11,,,,,,,,,,,,,stage/qf.csv,,,,,,,,
80504,80115,,12,,,,,,,,,,,,,stage/qf.csv,,,,,,,,
80505,80116,,1,,,,,,,,,,,,,stage/qf.csv,,,,,,,,
80506,80116,,2,,,,,,,,,,,,,stage/qf.csv,,,,,,,,
80507,80116,,3,,,,,,,,,,,,,stage/qf.csv,,,,,,,,
80508,80116,,4,,,,,,,,,,,,,stage/qf.csv,,,,,,,,
80509,80116,,5,,,,,,,,,,,,,stage/qf.csv,,,,,,,,
80510,80116,,6,,,,,,,,,,,,,stage/qf.csv,,,,,,,,
80511,80116,,7,,,,,,,,,,,,,stage/qf.csv,,,,,,,,
80512,80116,,8,,,,,,,,,,,,,stage/qf.csv,,,,,,,,
80513,80116,,9,,,,,,,,,,,,,stage/qf.csv,,,,,,,,
80514,80116,,10,,,,,,,,,,,,,stage/qf.csv,,,,,,,,
80515,80116,,11,,,,,,,,,,,,,stage/qf.csv,,,,,,,,
80516,80116,,12,,,,,,,,,,,,,stage/qf.csv,,,,,,,,
80517,80121,,1,,,,,,,,,,,,,stage/qf.csv,,,,,,,,
80518,80121,,2,,,,,,,,,,,,,stage/qf.csv,,,,,,,,
80519,80121,,3,,,,,,,,,,,,,stage/qf.csv,,,,,,,,
80520,80121,,4,,,,,,,,,,,,,stage/qf.csv,,,,,,,,
80521,80121,,5,,,,,,,,,,,,,stage/qf.csv,,,,,,,,
80522,80121,,6,,,,,,,,,,,,,stage/qf.csv,,,,,,,,
80523,80121,,7,,,,,,,,,,,,,stage/qf.csv,,,,,,,,
80524,80121,,8,,,,,,,,,,,,,stage/qf.csv,,,,,,,,
80525,80121,,9,,,,,,,,,,,,,stage/qf.csv,,,,,,,,
80526,80121,,10,,,,,,,,,,,,,stage/qf.csv,,,,,,,,
80527,80121,,11,,,,,,,,,,,,,stage/qf.csv,,,,,,,,
80528,80121,,12,,,,,,,,,,,,,stage/qf.csv,,,,,,,,
80529,80122,,1,<290632;290632;290632;290632;290721;290632>,,,,,,,,,,,,stage/qf.csv,,,,,,,,
80530,80122,,2,,,,,,,,,,,,,stage/qf.csv,,,,,,,,
80531,80122,,3,,,,,,,,,,,,,stage/qf.csv,,,,,,,,
80532,80122,,4,,,,,,,,,,,,,stage/qf.csv,,,,,,,,
80533,80122,,5,,,,,,,,,,,,,stage/qf.csv,,,,,,,,
80534,80122,,6,,,,,,,,,,,,,stage/qf.csv,,,,,,,,
80535,80122,,7,,,,,,,,,,,,,stage/qf.csv,,,,,,,,
80536,80122,,8,,,,,,,,,,,,,stage/qf.csv,,,,,,,,
80537,80122,,9,,,,,,,,,,,,,stage/qf.csv,,,,,,,,
80538,80122,,10,,,,,,,,,,,,,stage/qf.csv,,,,,,,,
80539,80122,,11,,,,,,,,,,,,,stage/qf.csv,,,,,,,,
80540,80122,,12,,,,,,,,,,,,,stage/qf.csv,,,,,,,,
80541,80123,,1,,,,,,,,,,,,,stage/qf.csv,,,,,,,,
80542,80123,,2,,,,,,,,,,,,,stage/qf.csv,,,,,,,,
80543,80123,,3,,,,,,,,,,,,,stage/qf.csv,,,,,,,,
80544,80123,,4,,,,,,,,,,,,,stage/qf.csv,,,,,,,,
80545,80123,,5,,,,,,,,,,,,,stage/qf.csv,,,,,,,,
80546,80123,,6,,,,,,,,,,,,,stage/qf.csv,,,,,,,,
80547,80123,,7,,,,,,,,,,,,,stage/qf.csv,,,,,,,,
80548,80123,,8,,,,,,,,,,,,,stage/qf.csv,,,,,,,,
80549,80123,,9,,,,,,,,,,,,,stage/qf.csv,,,,,,,,
80550,80123,,10,,,,,,,,,,,,,stage/qf.csv,,,,,,,,
80551,80123,,11,,,,,,,,,,,,,stage/qf.csv,,,,,,,,
80552,80123,,12,,,,,,,,,,,,,stage/qf.csv,,,,,,,,
80553,80124,,1,,,,,,,,,,,,,stage/qf.csv,,,,,,,,
80554,80124,,2,,,,,,,,,,,,,stage/qf.csv,,,,,,,,
80555,80124,,3,,,,,,,,,,,,,stage/qf.csv,,,,,,,,
80556,80124,,4,,,,,,,,,,,,,stage/qf.csv,,,,,,,,
80557,80124,,5,,,,,,,,,,,,,stage/qf.csv,,,,,,,,
80558,80124,,6,,,,,,,,,,,,,stage/qf.csv,,,,,,,,
80559,80124,,7,,,,,,,,,,,,,stage/qf.csv,,,,,,,,
80560,80124,,8,,,,,,,,,,,,,stage/qf.csv,,,,,,,,
80561,80124,,9,,,,,,,,,,,,,stage/qf.csv,,,,,,,,
80562,80124,,10,,,,,,,,,,,,,stage/qf.csv,,,,,,,,
80563,80124,,11,,,,,,,,,,,,,stage/qf.csv,,,,,,,,
80564,80124,,12,,,,,,,,,,,,,stage/qf.csv,,,,,,,,
80565,80125,,1,,,,,,,,,,,,,stage/qf.csv,,,,,,,,
80566,80125,,2,,,,,,,,,,,,,stage/qf.csv,,,,,,,,
80567,80125,,3,,,,,,,,,,,,,stage/qf.csv,,,,,,,,
80568,80125,,4,,,,,,,,,,,,,stage/qf.csv,,,,,,,,
80569,80125,,5,,,,,,,,,,,,,stage/qf.csv,,,,,,,,
80570,80125,,6,,,,,,,,,,,,,stage/qf.csv,,,,,,,,
80571,80125,,7,,,,,,,,,,,,,stage/qf.csv,,,,,,,,
80572,80125,,8,,,,,,,,,,,,,stage/qf.csv,,,,,,,,
80573,80125,,9,,,,,,,,,,,,,stage/qf.csv,,,,,,,,
80574,80125,,10,,,,,,,,,,,,,stage/qf.csv,,,,,,,,
80575,80125,,11,,,,,,,,,,,,,stage/qf.csv,,,,,,,,
80576,80125,,12,,,,,,,,,,,,,stage/qf.csv,,,,,,,,
80577,80126,,1,,,,,,,,,,,,,stage/qf.csv,,,,,,,,
80578,80126,,2,,,,,,,,,,,,,stage/qf.csv,,,,,,,,
80579,80126,,3,,,,,,,,,,,,,stage/qf.csv,,,,,,,,
80580,80126,,4,,,,,,,,,,,,,stage/qf.csv,,,,,,,,
80581,80126,,5,,,,,,,,,,,,,stage/qf.csv,,,,,,,,
80582,80126,,6,,,,,,,,,,,,,stage/qf.csv,,,,,,,,
80583,80126,,7,,,,,,,,,,,,,stage/qf.csv,,,,,,,,
80584,80126,,8,,,,,,,,,,,,,stage/qf.csv,,,,,,,,
80585,80126,,9,,,,,,,,,,,,,stage/qf.csv,,,,,,,,
80586,80126,,10,,,,,,,,,,,,,stage/qf.csv,,,,,,,,
80587,80126,,11,,,,,,,,,,,,,stage/qf.csv,,,,,,,,
80588,80126,,12,,,,,,,,,,,,,stage/qf.csv,,,,,,,,
80589,80131,,1,<293021;293021;293021;291082;293021;291082>,,,,,,,,,,,,stage/qf.csv,,,,,,,,
80590,80131,,2,,,,,,,,,,,,,stage/qf.csv,,,,,,,,
80591,80131,,3,,,,,,,,,,,,,stage/qf.csv,,,,,,,,
80592,80131,,4,,,,,,,,,,,,,stage/qf.csv,,,,,,,,
80593,80131,,5,,,,,,,,,,,,,stage/qf.csv,,,,,,,,
80594,80131,,6,,,,,,,,,,,,,stage/qf.csv,,,,,,,,
80595,80131,,7,,,,,,,,,,,,,stage/qf.csv,,,,,,,,
80596,80131,,8,,,,,,,,,,,,,stage/qf.csv,,,,,,,,
80597,80131,,9,,,,,,,,,,,,,stage/qf.csv,,,,,,,,
80598,80131,,10,,,,,,,,,,,,,stage/qf.csv,,,,,,,,
80599,80131,,11,,,,,,,,,,,,,stage/qf.csv,,,,,,,,
80600,80131,,12,,,,,,,,,,,,,stage/qf.csv,,,,,,,,
80601,80132,,1,,,,,,,,,,,,,stage/qf.csv,,,,,,,,
80602,80132,,2,,,,,,,,,,,,,stage/qf.csv,,,,,,,,
80603,80132,,3,,,,,,,,,,,,,stage/qf.csv,,,,,,,,
80604,80132,,4,,,,,,,,,,,,,stage/qf.csv,,,,,,,,
80605,80132,,5,,,,,,,,,,,,,stage/qf.csv,,,,,,,,
80606,80132,,6,,,,,,,,,,,,,stage/qf.csv,,,,,,,,
80607,80132,,7,,,,,,,,,,,,,stage/qf.csv,,,,,,,,
80608,80132,,8,,,,,,,,,,,,,stage/qf.csv,,,,,,,,
80609,80132,,9,,,,,,,,,,,,,stage/qf.csv,,,,,,,,
80610,80132,,10,,,,,,,,,,,,,stage/qf.csv,,,,,,,,
80611,80132,,11,,,,,,,,,,,,,stage/qf.csv,,,,,,,,
80612,80132,,12,,,,,,,,,,,,,stage/qf.csv,,,,,,,,
80613,80133,,1,<290632;290632;290632;290632;301331;290632>,,,,,,,,,,,,stage/qf.csv,,,,,,,,
80614,80133,,2,,,,,,,,,,,,,stage/qf.csv,,,,,,,,
80615,80133,,3,,,,,,,,,,,,,stage/qf.csv,,,,,,,,
80616,80133,,4,,,,,,,,,,,,,stage/qf.csv,,,,,,,,
80617,80133,,5,,,,,,,,,,,,,stage/qf.csv,,,,,,,,
80618,80133,,6,,,,,,,,,,,,,stage/qf.csv,,,,,,,,
80619,80133,,7,,,,,,,,,,,,,stage/qf.csv,,,,,,,,
80620,80133,,8,,,,,,,,,,,,,stage/qf.csv,,,,,,,,
80621,80133,,9,,,,,,,,,,,,,stage/qf.csv,,,,,,,,
80622,80133,,10,,,,,,,,,,,,,stage/qf.csv,,,,,,,,
80623,80133,,11,,,,,,,,,,,,,stage/qf.csv,,,,,,,,
80624,80133,,12,,,,,,,,,,,,,stage/qf.csv,,,,,,,,
80625,80134,,1,,,,,,,,,,,,,stage/qf.csv,,,,,,,,
80626,80134,,2,,,,,,,,,,,,,stage/qf.csv,,,,,,,,
80627,80134,,3,,,,,,,,,,,,,stage/qf.csv,,,,,,,,
80628,80134,,4,,,,,,,,,,,,,stage/qf.csv,,,,,,,,
80629,80134,,5,,,,,,,,,,,,,stage/qf.csv,,,,,,,,
80630,80134,,6,,,,,,,,,,,,,stage/qf.csv,,,,,,,,
80631,80134,,7,,,,,,,,,,,,,stage/qf.csv,,,,,,,,
80632,80134,,8,,,,,,,,,,,,,stage/qf.csv,,,,,,,,
80633,80134,,9,,,,,,,,,,,,,stage/qf.csv,,,,,,,,
80634,80134,,10,,,,,,,,,,,,,stage/qf.csv,,,,,,,,
80635,80134,,11,,,,,,,,,,,,,stage/qf.csv,,,,,,,,
80636,80134,,12,,,,,,,,,,,,,stage/qf.csv,,,,,,,,
80637,80135,,1,,,,,,,,,,,,,stage/qf.csv,,,,,,,,
80638,80135,,2,,,,,,,,,,,,,stage/qf.csv,,,,,,,,
80639,80135,,3,,,,,,,,,,,,,stage/qf.csv,,,,,,,,
80640,80135,,4,,,,,,,,,,,,,stage/qf.csv,,,,,,,,
80641,80135,,5,,,,,,,,,,,,,stage/qf.csv,,,,,,,,
80642,80135,,6,,,,,,,,,,,,,stage/qf.csv,,,,,,,,
80643,80135,,7,,,,,,,,,,,,,stage/qf.csv,,,,,,,,
80644,80135,,8,,,,,,,,,,,,,stage/qf.csv,,,,,,,,
80645,80135,,9,,,,,,,,,,,,,stage/qf.csv,,,,,,,,
80646,80135,,10,,,,,,,,,,,,,stage/qf.csv,,,,,,,,
80647,80135,,11,,,,,,,,,,,,,stage/qf.csv,,,,,,,,
80648,80135,,12,,,,,,,,,,,,,stage/qf.csv,,,,,,,,
80649,80136,,1,,,,,,,,,,,,,stage/qf.csv,,,,,,,,
80650,80136,,2,,,,,,,,,,,,,stage/qf.csv,,,,,,,,
80651,80136,,3,,,,,,,,,,,,,stage/qf.csv,,,,,,,,
80652,80136,,4,,,,,,,,,,,,,stage/qf.csv,,,,,,,,
80653,80136,,5,,,,,,,,,,,,,stage/qf.csv,,,,,,,,
80654,80136,,6,,,,,,,,,,,,,stage/qf.csv,,,,,,,,
80655,80136,,7,,,,,,,,,,,,,stage/qf.csv,,,,,,,,
80656,80136,,8,,,,,,,,,,,,,stage/qf.csv,,,,,,,,
80657,80136,,9,,,,,,,,,,,,,stage/qf.csv,,,,,,,,
80658,80136,,10,,,,,,,,,,,,,stage/qf.csv,,,,,,,,
80659,80136,,11,,,,,,,,,,,,,stage/qf.csv,,,,,,,,
80660,80136,,12,,,,,,,,,,,,,stage/qf.csv,,,,,,,,
80661,80141,,1,<290632;290632;290632;292401;290641;292401>,,,,,,,,,,,,stage/qf.csv,,,,,,,,
80662,80141,,2,,,,,,,,,,,,,stage/qf.csv,,,,,,,,
80663,80141,,3,,,,,,,,,,,,,stage/qf.csv,,,,,,,,
80664,80141,,4,,,,,,,,,,,,,stage/qf.csv,,,,,,,,
80665,80141,,5,,,,,,,,,,,,,stage/qf.csv,,,,,,,,
80666,80141,,6,,,,,,,,,,,,,stage/qf.csv,,,,,,,,
80667,80141,,7,,,,,,,,,,,,,stage/qf.csv,,,,,,,,
80668,80141,,8,,,,,,,,,,,,,stage/qf.csv,,,,,,,,
80669,80141,,9,,,,,,,,,,,,,stage/qf.csv,,,,,,,,
80670,80141,,10,,,,,,,,,,,,,stage/qf.csv,,,,,,,,
80671,80141,,11,,,,,,,,,,,,,stage/qf.csv,,,,,,,,
80672,80141,,12,,,,,,,,,,,,,stage/qf.csv,,,,,,,,
80673,80142,,1,<291082;291082;291082;290721;301421;290721>,,,,,,,,,,,,stage/qf.csv,,,,,,,,
80674,80142,,2,,,,,,,,,,,,,stage/qf.csv,,,,,,,,
80675,80142,,3,,,,,,,,,,,,,stage/qf.csv,,,,,,,,
80676,80142,,4,,,,,,,,,,,,,stage/qf.csv,,,,,,,,
80677,80142,,5,,,,,,,,,,,,,stage/qf.csv,,,,,,,,
80678,80142,,6,,,,,,,,,,,,,stage/qf.csv,,,,,,,,
80679,80142,,7,,,,,,,,,,,,,stage/qf.csv,,,,,,,,
80680,80142,,8,,,,,,,,,,,,,stage/qf.csv,,,,,,,,
80681,80142,,9,,,,,,,,,,,,,stage/qf.csv,,,,,,,,
80682,80142,,10,,,,,,,,,,,,,stage/qf.csv,,,,,,,,
80683,80142,,11,,,,,,,,,,,,,stage/qf.csv,,,,,,,,
80684,80142,,12,,,,,,,,,,,,,stage/qf.csv,,,,,,,,
80685,80143,,1,,,,,,,,,,,,,stage/qf.csv,,,,,,,,
80686,80143,,2,,,,,,,,,,,,,stage/qf.csv,,,,,,,,
80687,80143,,3,,,,,,,,,,,,,stage/qf.csv,,,,,,,,
80688,80143,,4,,,,,,,,,,,,,stage/qf.csv,,,,,,,,
80689,80143,,5,,,,,,,,,,,,,stage/qf.csv,,,,,,,,
80690,80143,,6,,,,,,,,,,,,,stage/qf.csv,,,,,,,,
80691,80143,,7,,,,,,,,,,,,,stage/qf.csv,,,,,,,,
80692,80143,,8,,,,,,,,,,,,,stage/qf.csv,,,,,,,,
80693,80143,,9,,,,,,,,,,,,,stage/qf.csv,,,,,,,,
80694,80143,,10,,,,,,,,,,,,,stage/qf.csv,,,,,,,,
80695,80143,,11,,,,,,,,,,,,,stage/qf.csv,,,,,,,,
80696,80143,,12,,,,,,,,,,,,,stage/qf.csv,,,,,,,,
80697,80144,,1,,,,,,,,,,,,,stage/qf.csv,,,,,,,,
80698,80144,,2,,,,,,,,,,,,,stage/qf.csv,,,,,,,,
80699,80144,,3,,,,,,,,,,,,,stage/qf.csv,,,,,,,,
80700,80144,,4,,,,,,,,,,,,,stage/qf.csv,,,,,,,,
80701,80144,,5,,,,,,,,,,,,,stage/qf.csv,,,,,,,,
80702,80144,,6,,,,,,,,,,,,,stage/qf.csv,,,,,,,,
80703,80144,,7,,,,,,,,,,,,,stage/qf.csv,,,,,,,,
80704,80144,,8,,,,,,,,,,,,,stage/qf.csv,,,,,,,,
80705,80144,,9,,,,,,,,,,,,,stage/qf.csv,,,,,,,,
80706,80144,,10,,,,,,,,,,,,,stage/qf.csv,,,,,,,,
80707,80144,,11,,,,,,,,,,,,,stage/qf.csv,,,,,,,,
80708,80144,,12,,,,,,,,,,,,,stage/qf.csv,,,,,,,,
80709,80145,,1,,,,,,,,,,,,,stage/qf.csv,,,,,,,,
80710,80145,,2,,,,,,,,,,,,,stage/qf.csv,,,,,,,,
80711,80145,,3,,,,,,,,,,,,,stage/qf.csv,,,,,,,,
80712,80145,,4,,,,,,,,,,,,,stage/qf.csv,,,,,,,,
80713,80145,,5,,,,,,,,,,,,,stage/qf.csv,,,,,,,,
80714,80145,,6,,,,,,,,,,,,,stage/qf.csv,,,,,,,,
80715,80145,,7,,,,,,,,,,,,,stage/qf.csv,,,,,,,,
80716,80145,,8,,,,,,,,,,,,,stage/qf.csv,,,,,,,,
80717,80145,,9,,,,,,,,,,,,,stage/qf.csv,,,,,,,,
80718,80145,,10,,,,,,,,,,,,,stage/qf.csv,,,,,,,,
80719,80145,,11,,,,,,,,,,,,,stage/qf.csv,,,,,,,,
80720,80145,,12,,,,,,,,,,,,,stage/qf.csv,,,,,,,,
80721,80146,,1,,,,,,,,,,,,,stage/qf.csv,,,,,,,,
80722,80146,,2,,,,,,,,,,,,,stage/qf.csv,,,,,,,,
80723,80146,,3,,,,,,,,,,,,,stage/qf.csv,,,,,,,,
80724,80146,,4,,,,,,,,,,,,,stage/qf.csv,,,,,,,,
80725,80146,,5,,,,,,,,,,,,,stage/qf.csv,,,,,,,,
80726,80146,,6,,,,,,,,,,,,,stage/qf.csv,,,,,,,,
80727,80146,,7,,,,,,,,,,,,,stage/qf.csv,,,,,,,,
80728,80146,,8,,,,,,,,,,,,,stage/qf.csv,,,,,,,,
80729,80146,,9,,,,,,,,,,,,,stage/qf.csv,,,,,,,,
80730,80146,,10,,,,,,,,,,,,,stage/qf.csv,,,,,,,,
80731,80146,,11,,,,,,,,,,,,,stage/qf.csv,,,,,,,,
80732,80146,,12,,,,,,,,,,,,,stage/qf.csv,,,,,,,,
80733,80151,,1,<290632;290641;291082;293021;301421;292401>,,,,,,,,,,,,stage/qf.csv,,,,,,,,
80734,80151,,2,,,,,,,,,,,,,stage/qf.csv,,,,,,,,
80735,80151,,3,,,,,,,,,,,,,stage/qf.csv,,,,,,,,
80736,80151,,4,,,,,,,,,,,,,stage/qf.csv,,,,,,,,
80737,80151,,5,,,,,,,,,,,,,stage/qf.csv,,,,,,,,
80738,80151,,6,,,,,,,,,,,,,stage/qf.csv,,,,,,,,
80739,80151,,7,,,,,,,,,,,,,stage/qf.csv,,,,,,,,
80740,80151,,8,,,,,,,,,,,,,stage/qf.csv,,,,,,,,
80741,80151,,9,,,,,,,,,,,,,stage/qf.csv,,,,,,,,
80742,80151,,10,,,,,,,,,,,,,stage/qf.csv,,,,,,,,
80743,80151,,11,,,,,,,,,,,,,stage/qf.csv,,,,,,,,
80744,80151,,12,,,,,,,,,,,,,stage/qf.csv,,,,,,,,
80745,80201,,1,<293283;293283;293283;293283;0;293283>,,,,,,,,,,,,stage/xcdg.csv,,,,,,,,
80746,80201,,2,,,,,,,,,,,,,stage/xcdg.csv,,,,,,,,
80747,80201,,3,,,,,,,,,,,,,stage/xcdg.csv,,,,,,,,
80748,80201,,4,,,,,,,,,,,,,stage/xcdg.csv,,,,,,,,
80749,80201,,5,,,,,,,,,,,,,stage/xcdg.csv,,,,,,,,
80750,80201,,6,,,,,,,,,,,,,stage/xcdg.csv,,,,,,,,
80751,80201,,7,,,,,,,,,,,,,stage/xcdg.csv,,,,,,,,
80752,80201,,8,,,,,,,,,,,,,stage/xcdg.csv,,,,,,,,
80753,80201,,9,,,,,,,,,,,,,stage/xcdg.csv,,,,,,,,
80754,80201,,10,,,,,,,,,,,,,stage/xcdg.csv,,,,,,,,
80755,80201,,11,,,,,,,,,,,,,stage/xcdg.csv,,,,,,,,
80756,80201,,12,,,,,,,,,,,,,stage/xcdg.csv,,,,,,,,
80757,80202,,1,<293511;293511;293511;293511;302021;293511>,,,,,,,,,,,,stage/xcdg.csv,,,,,,,,
80758,80202,,2,,,,,,,,,,,,,stage/xcdg.csv,,,,,,,,
80759,80202,,3,,,,,,,,,,,,,stage/xcdg.csv,,,,,,,,
80760,80202,,4,,,,,,,,,,,,,stage/xcdg.csv,,,,,,,,
80761,80202,,5,,,,,,,,,,,,,stage/xcdg.csv,,,,,,,,
80762,80202,,6,,,,,,,,,,,,,stage/xcdg.csv,,,,,,,,
80763,80202,,7,,,,,,,,,,,,,stage/xcdg.csv,,,,,,,,
80764,80202,,8,,,,,,,,,,,,,stage/xcdg.csv,,,,,,,,
80765,80202,,9,,,,,,,,,,,,,stage/xcdg.csv,,,,,,,,
80766,80202,,10,,,,,,,,,,,,,stage/xcdg.csv,,,,,,,,
80767,80202,,11,,,,,,,,,,,,,stage/xcdg.csv,,,,,,,,
80768,80202,,12,,,,,,,,,,,,,stage/xcdg.csv,,,,,,,,
80769,80203,,1,,,,,,,,,,,,,stage/xcdg.csv,,,,,,,,
80770,80203,,2,,,,,,,,,,,,,stage/xcdg.csv,,,,,,,,
80771,80203,,3,,,,,,,,,,,,,stage/xcdg.csv,,,,,,,,
80772,80203,,4,,,,,,,,,,,,,stage/xcdg.csv,,,,,,,,
80773,80203,,5,,,,,,,,,,,,,stage/xcdg.csv,,,,,,,,
80774,80203,,6,,,,,,,,,,,,,stage/xcdg.csv,,,,,,,,
80775,80203,,7,,,,,,,,,,,,,stage/xcdg.csv,,,,,,,,
80776,80203,,8,,,,,,,,,,,,,stage/xcdg.csv,,,,,,,,
80777,80203,,9,,,,,,,,,,,,,stage/xcdg.csv,,,,,,,,
80778,80203,,10,,,,,,,,,,,,,stage/xcdg.csv,,,,,,,,
80779,80203,,11,,,,,,,,,,,,,stage/xcdg.csv,,,,,,,,
80780,80203,,12,,,,,,,,,,,,,stage/xcdg.csv,,,,,,,,
80781,80204,,1,,,,,,,,,,,,,stage/xcdg.csv,,,,,,,,
80782,80204,,2,,,,,,,,,,,,,stage/xcdg.csv,,,,,,,,
80783,80204,,3,,,,,,,,,,,,,stage/xcdg.csv,,,,,,,,
80784,80204,,4,,,,,,,,,,,,,stage/xcdg.csv,,,,,,,,
80785,80204,,5,,,,,,,,,,,,,stage/xcdg.csv,,,,,,,,
80786,80204,,6,,,,,,,,,,,,,stage/xcdg.csv,,,,,,,,
80787,80204,,7,,,,,,,,,,,,,stage/xcdg.csv,,,,,,,,
80788,80204,,8,,,,,,,,,,,,,stage/xcdg.csv,,,,,,,,
80789,80204,,9,,,,,,,,,,,,,stage/xcdg.csv,,,,,,,,
80790,80204,,10,,,,,,,,,,,,,stage/xcdg.csv,,,,,,,,
80791,80204,,11,,,,,,,,,,,,,stage/xcdg.csv,,,,,,,,
80792,80204,,12,,,,,,,,,,,,,stage/xcdg.csv,,,,,,,,
80793,80205,,1,,,,,,,,,,,,,stage/xcdg.csv,,,,,,,,
80794,80205,,2,,,,,,,,,,,,,stage/xcdg.csv,,,,,,,,
80795,80205,,3,,,,,,,,,,,,,stage/xcdg.csv,,,,,,,,
80796,80205,,4,,,,,,,,,,,,,stage/xcdg.csv,,,,,,,,
80797,80205,,5,,,,,,,,,,,,,stage/xcdg.csv,,,,,,,,
80798,80205,,6,,,,,,,,,,,,,stage/xcdg.csv,,,,,,,,
80799,80205,,7,,,,,,,,,,,,,stage/xcdg.csv,,,,,,,,
80800,80205,,8,,,,,,,,,,,,,stage/xcdg.csv,,,,,,,,
80801,80205,,9,,,,,,,,,,,,,stage/xcdg.csv,,,,,,,,
80802,80205,,10,,,,,,,,,,,,,stage/xcdg.csv,,,,,,,,
80803,80205,,11,,,,,,,,,,,,,stage/xcdg.csv,,,,,,,,
80804,80205,,12,,,,,,,,,,,,,stage/xcdg.csv,,,,,,,,
80805,80206,,1,,,,,,,,,,,,,stage/xcdg.csv,,,,,,,,
80806,80206,,2,,,,,,,,,,,,,stage/xcdg.csv,,,,,,,,
80807,80206,,3,,,,,,,,,,,,,stage/xcdg.csv,,,,,,,,
80808,80206,,4,,,,,,,,,,,,,stage/xcdg.csv,,,,,,,,
80809,80206,,5,,,,,,,,,,,,,stage/xcdg.csv,,,,,,,,
80810,80206,,6,,,,,,,,,,,,,stage/xcdg.csv,,,,,,,,
80811,80206,,7,,,,,,,,,,,,,stage/xcdg.csv,,,,,,,,
80812,80206,,8,,,,,,,,,,,,,stage/xcdg.csv,,,,,,,,
80813,80206,,9,,,,,,,,,,,,,stage/xcdg.csv,,,,,,,,
80814,80206,,10,,,,,,,,,,,,,stage/xcdg.csv,,,,,,,,
80815,80206,,11,,,,,,,,,,,,,stage/xcdg.csv,,,,,,,,
80816,80206,,12,,,,,,,,,,,,,stage/xcdg.csv,,,,,,,,
80817,80211,,1,<291071;291071;291071;291841;293303;291841>,,,,,,,,,,,,stage/xcdg.csv,,,,,,,,
80818,80211,,2,,,,,,,,,,,,,stage/xcdg.csv,,,,,,,,
80819,80211,,3,,,,,,,,,,,,,stage/xcdg.csv,,,,,,,,
80820,80211,,4,,,,,,,,,,,,,stage/xcdg.csv,,,,,,,,
80821,80211,,5,,,,,,,,,,,,,stage/xcdg.csv,,,,,,,,
80822,80211,,6,,,,,,,,,,,,,stage/xcdg.csv,,,,,,,,
80823,80211,,7,,,,,,,,,,,,,stage/xcdg.csv,,,,,,,,
80824,80211,,8,,,,,,,,,,,,,stage/xcdg.csv,,,,,,,,
80825,80211,,9,,,,,,,,,,,,,stage/xcdg.csv,,,,,,,,
80826,80211,,10,,,,,,,,,,,,,stage/xcdg.csv,,,,,,,,
80827,80211,,11,,,,,,,,,,,,,stage/xcdg.csv,,,,,,,,
80828,80211,,12,,,,,,,,,,,,,stage/xcdg.csv,,,,,,,,
80829,80212,,1,,,,,,,,,,,,,stage/xcdg.csv,,,,,,,,
80830,80212,,2,,,,,,,,,,,,,stage/xcdg.csv,,,,,,,,
80831,80212,,3,,,,,,,,,,,,,stage/xcdg.csv,,,,,,,,
80832,80212,,4,,,,,,,,,,,,,stage/xcdg.csv,,,,,,,,
80833,80212,,5,,,,,,,,,,,,,stage/xcdg.csv,,,,,,,,
80834,80212,,6,,,,,,,,,,,,,stage/xcdg.csv,,,,,,,,
80835,80212,,7,,,,,,,,,,,,,stage/xcdg.csv,,,,,,,,
80836,80212,,8,,,,,,,,,,,,,stage/xcdg.csv,,,,,,,,
80837,80212,,9,,,,,,,,,,,,,stage/xcdg.csv,,,,,,,,
80838,80212,,10,,,,,,,,,,,,,stage/xcdg.csv,,,,,,,,
80839,80212,,11,,,,,,,,,,,,,stage/xcdg.csv,,,,,,,,
80840,80212,,12,,,,,,,,,,,,,stage/xcdg.csv,,,,,,,,
80841,80213,,1,<293342;293342;293342;293342;293342;293342>,,,,,,,,,,,,stage/xcdg.csv,,,,,,,,
80842,80213,,2,,,,,,,,,,,,,stage/xcdg.csv,,,,,,,,
80843,80213,,3,,,,,,,,,,,,,stage/xcdg.csv,,,,,,,,
80844,80213,,4,,,,,,,,,,,,,stage/xcdg.csv,,,,,,,,
80845,80213,,5,,,,,,,,,,,,,stage/xcdg.csv,,,,,,,,
80846,80213,,6,,,,,,,,,,,,,stage/xcdg.csv,,,,,,,,
80847,80213,,7,,,,,,,,,,,,,stage/xcdg.csv,,,,,,,,
80848,80213,,8,,,,,,,,,,,,,stage/xcdg.csv,,,,,,,,
80849,80213,,9,,,,,,,,,,,,,stage/xcdg.csv,,,,,,,,
80850,80213,,10,,,,,,,,,,,,,stage/xcdg.csv,,,,,,,,
80851,80213,,11,,,,,,,,,,,,,stage/xcdg.csv,,,,,,,,
80852,80213,,12,,,,,,,,,,,,,stage/xcdg.csv,,,,,,,,
80853,80214,,1,,,,,,,,,,,,,stage/xcdg.csv,,,,,,,,
80854,80214,,2,,,,,,,,,,,,,stage/xcdg.csv,,,,,,,,
80855,80214,,3,,,,,,,,,,,,,stage/xcdg.csv,,,,,,,,
80856,80214,,4,,,,,,,,,,,,,stage/xcdg.csv,,,,,,,,
80857,80214,,5,,,,,,,,,,,,,stage/xcdg.csv,,,,,,,,
80858,80214,,6,,,,,,,,,,,,,stage/xcdg.csv,,,,,,,,
80859,80214,,7,,,,,,,,,,,,,stage/xcdg.csv,,,,,,,,
80860,80214,,8,,,,,,,,,,,,,stage/xcdg.csv,,,,,,,,
80861,80214,,9,,,,,,,,,,,,,stage/xcdg.csv,,,,,,,,
80862,80214,,10,,,,,,,,,,,,,stage/xcdg.csv,,,,,,,,
80863,80214,,11,,,,,,,,,,,,,stage/xcdg.csv,,,,,,,,
80864,80214,,12,,,,,,,,,,,,,stage/xcdg.csv,,,,,,,,
80865,80215,,1,,,,,,,,,,,,,stage/xcdg.csv,,,,,,,,
80866,80215,,2,,,,,,,,,,,,,stage/xcdg.csv,,,,,,,,
80867,80215,,3,,,,,,,,,,,,,stage/xcdg.csv,,,,,,,,
80868,80215,,4,,,,,,,,,,,,,stage/xcdg.csv,,,,,,,,
80869,80215,,5,,,,,,,,,,,,,stage/xcdg.csv,,,,,,,,
80870,80215,,6,,,,,,,,,,,,,stage/xcdg.csv,,,,,,,,
80871,80215,,7,,,,,,,,,,,,,stage/xcdg.csv,,,,,,,,
80872,80215,,8,,,,,,,,,,,,,stage/xcdg.csv,,,,,,,,
80873,80215,,9,,,,,,,,,,,,,stage/xcdg.csv,,,,,,,,
80874,80215,,10,,,,,,,,,,,,,stage/xcdg.csv,,,,,,,,
80875,80215,,11,,,,,,,,,,,,,stage/xcdg.csv,,,,,,,,
80876,80215,,12,,,,,,,,,,,,,stage/xcdg.csv,,,,,,,,
80877,80216,,1,,,,,,,,,,,,,stage/xcdg.csv,,,,,,,,
80878,80216,,2,,,,,,,,,,,,,stage/xcdg.csv,,,,,,,,
80879,80216,,3,,,,,,,,,,,,,stage/xcdg.csv,,,,,,,,
80880,80216,,4,,,,,,,,,,,,,stage/xcdg.csv,,,,,,,,
80881,80216,,5,,,,,,,,,,,,,stage/xcdg.csv,,,,,,,,
80882,80216,,6,,,,,,,,,,,,,stage/xcdg.csv,,,,,,,,
80883,80216,,7,,,,,,,,,,,,,stage/xcdg.csv,,,,,,,,
80884,80216,,8,,,,,,,,,,,,,stage/xcdg.csv,,,,,,,,
80885,80216,,9,,,,,,,,,,,,,stage/xcdg.csv,,,,,,,,
80886,80216,,10,,,,,,,,,,,,,stage/xcdg.csv,,,,,,,,
80887,80216,,11,,,,,,,,,,,,,stage/xcdg.csv,,,,,,,,
80888,80216,,12,,,,,,,,,,,,,stage/xcdg.csv,,,,,,,,
80889,80221,,1,<293003;293003;293003;293003;293003;293003>,,,,,,,,,,,,stage/xcdg.csv,,,,,,,,
80890,80221,,2,,,,,,,,,,,,,stage/xcdg.csv,,,,,,,,
80891,80221,,3,,,,,,,,,,,,,stage/xcdg.csv,,,,,,,,
80892,80221,,4,,,,,,,,,,,,,stage/xcdg.csv,,,,,,,,
80893,80221,,5,,,,,,,,,,,,,stage/xcdg.csv,,,,,,,,
80894,80221,,6,,,,,,,,,,,,,stage/xcdg.csv,,,,,,,,
80895,80221,,7,,,,,,,,,,,,,stage/xcdg.csv,,,,,,,,
80896,80221,,8,,,,,,,,,,,,,stage/xcdg.csv,,,,,,,,
80897,80221,,9,,,,,,,,,,,,,stage/xcdg.csv,,,,,,,,
80898,80221,,10,,,,,,,,,,,,,stage/xcdg.csv,,,,,,,,
80899,80221,,11,,,,,,,,,,,,,stage/xcdg.csv,,,,,,,,
80900,80221,,12,,,,,,,,,,,,,stage/xcdg.csv,,,,,,,,
80901,80222,,1,<293592;293592;293592;293663;302421;293663>,,,,,,,,,,,,stage/xcdg.csv,,,,,,,,
80902,80222,,2,,,,,,,,,,,,,stage/xcdg.csv,,,,,,,,
80903,80222,,3,,,,,,,,,,,,,stage/xcdg.csv,,,,,,,,
80904,80222,,4,,,,,,,,,,,,,stage/xcdg.csv,,,,,,,,
80905,80222,,5,,,,,,,,,,,,,stage/xcdg.csv,,,,,,,,
80906,80222,,6,,,,,,,,,,,,,stage/xcdg.csv,,,,,,,,
80907,80222,,7,,,,,,,,,,,,,stage/xcdg.csv,,,,,,,,
80908,80222,,8,,,,,,,,,,,,,stage/xcdg.csv,,,,,,,,
80909,80222,,9,,,,,,,,,,,,,stage/xcdg.csv,,,,,,,,
80910,80222,,10,,,,,,,,,,,,,stage/xcdg.csv,,,,,,,,
80911,80222,,11,,,,,,,,,,,,,stage/xcdg.csv,,,,,,,,
80912,80222,,12,,,,,,,,,,,,,stage/xcdg.csv,,,,,,,,
80913,80223,,1,<291423;291423;291423;291423;302231;291423>,,,,,,,,,,,,stage/xcdg.csv,,,,,,,,
80914,80223,,2,,,,,,,,,,,,,stage/xcdg.csv,,,,,,,,
80915,80223,,3,,,,,,,,,,,,,stage/xcdg.csv,,,,,,,,
80916,80223,,4,,,,,,,,,,,,,stage/xcdg.csv,,,,,,,,
80917,80223,,5,,,,,,,,,,,,,stage/xcdg.csv,,,,,,,,
80918,80223,,6,,,,,,,,,,,,,stage/xcdg.csv,,,,,,,,
80919,80223,,7,,,,,,,,,,,,,stage/xcdg.csv,,,,,,,,
80920,80223,,8,,,,,,,,,,,,,stage/xcdg.csv,,,,,,,,
80921,80223,,9,,,,,,,,,,,,,stage/xcdg.csv,,,,,,,,
80922,80223,,10,,,,,,,,,,,,,stage/xcdg.csv,,,,,,,,
80923,80223,,11,,,,,,,,,,,,,stage/xcdg.csv,,,,,,,,
80924,80223,,12,,,,,,,,,,,,,stage/xcdg.csv,,,,,,,,
80925,80224,,1,,,,,,,,,,,,,stage/xcdg.csv,,,,,,,,
80926,80224,,2,,,,,,,,,,,,,stage/xcdg.csv,,,,,,,,
80927,80224,,3,,,,,,,,,,,,,stage/xcdg.csv,,,,,,,,
80928,80224,,4,,,,,,,,,,,,,stage/xcdg.csv,,,,,,,,
80929,80224,,5,,,,,,,,,,,,,stage/xcdg.csv,,,,,,,,
80930,80224,,6,,,,,,,,,,,,,stage/xcdg.csv,,,,,,,,
80931,80224,,7,,,,,,,,,,,,,stage/xcdg.csv,,,,,,,,
80932,80224,,8,,,,,,,,,,,,,stage/xcdg.csv,,,,,,,,
80933,80224,,9,,,,,,,,,,,,,stage/xcdg.csv,,,,,,,,
80934,80224,,10,,,,,,,,,,,,,stage/xcdg.csv,,,,,,,,
80935,80224,,11,,,,,,,,,,,,,stage/xcdg.csv,,,,,,,,
80936,80224,,12,,,,,,,,,,,,,stage/xcdg.csv,,,,,,,,
80937,80225,,1,,,,,,,,,,,,,stage/xcdg.csv,,,,,,,,
80938,80225,,2,,,,,,,,,,,,,stage/xcdg.csv,,,,,,,,
80939,80225,,3,,,,,,,,,,,,,stage/xcdg.csv,,,,,,,,
80940,80225,,4,,,,,,,,,,,,,stage/xcdg.csv,,,,,,,,
80941,80225,,5,,,,,,,,,,,,,stage/xcdg.csv,,,,,,,,
80942,80225,,6,,,,,,,,,,,,,stage/xcdg.csv,,,,,,,,
80943,80225,,7,,,,,,,,,,,,,stage/xcdg.csv,,,,,,,,
80944,80225,,8,,,,,,,,,,,,,stage/xcdg.csv,,,,,,,,
80945,80225,,9,,,,,,,,,,,,,stage/xcdg.csv,,,,,,,,
80946,80225,,10,,,,,,,,,,,,,stage/xcdg.csv,,,,,,,,
80947,80225,,11,,,,,,,,,,,,,stage/xcdg.csv,,,,,,,,
80948,80225,,12,,,,,,,,,,,,,stage/xcdg.csv,,,,,,,,
80949,80226,,1,,,,,,,,,,,,,stage/xcdg.csv,,,,,,,,
80950,80226,,2,,,,,,,,,,,,,stage/xcdg.csv,,,,,,,,
80951,80226,,3,,,,,,,,,,,,,stage/xcdg.csv,,,,,,,,
80952,80226,,4,,,,,,,,,,,,,stage/xcdg.csv,,,,,,,,
80953,80226,,5,,,,,,,,,,,,,stage/xcdg.csv,,,,,,,,
80954,80226,,6,,,,,,,,,,,,,stage/xcdg.csv,,,,,,,,
80955,80226,,7,,,,,,,,,,,,,stage/xcdg.csv,,,,,,,,
80956,80226,,8,,,,,,,,,,,,,stage/xcdg.csv,,,,,,,,
80957,80226,,9,,,,,,,,,,,,,stage/xcdg.csv,,,,,,,,
80958,80226,,10,,,,,,,,,,,,,stage/xcdg.csv,,,,,,,,
80959,80226,,11,,,,,,,,,,,,,stage/xcdg.csv,,,,,,,,
80960,80226,,12,,,,,,,,,,,,,stage/xcdg.csv,,,,,,,,
80961,80231,,1,<293663;293663;293663;291893;305311;291893>,,,,,,,,,,,,stage/xcdg.csv,,,,,,,,
80962,80231,,2,,,,,,,,,,,,,stage/xcdg.csv,,,,,,,,
80963,80231,,3,,,,,,,,,,,,,stage/xcdg.csv,,,,,,,,
80964,80231,,4,,,,,,,,,,,,,stage/xcdg.csv,,,,,,,,
80965,80231,,5,,,,,,,,,,,,,stage/xcdg.csv,,,,,,,,
80966,80231,,6,,,,,,,,,,,,,stage/xcdg.csv,,,,,,,,
80967,80231,,7,,,,,,,,,,,,,stage/xcdg.csv,,,,,,,,
80968,80231,,8,,,,,,,,,,,,,stage/xcdg.csv,,,,,,,,
80969,80231,,9,,,,,,,,,,,,,stage/xcdg.csv,,,,,,,,
80970,80231,,10,,,,,,,,,,,,,stage/xcdg.csv,,,,,,,,
80971,80231,,11,,,,,,,,,,,,,stage/xcdg.csv,,,,,,,,
80972,80231,,12,,,,,,,,,,,,,stage/xcdg.csv,,,,,,,,
80973,80232,,1,<293663;293663;293663;293592;303314;293592>,,,,,,,,,,,,stage/xcdg.csv,,,,,,,,
80974,80232,,2,,,,,,,,,,,,,stage/xcdg.csv,,,,,,,,
80975,80232,,3,,,,,,,,,,,,,stage/xcdg.csv,,,,,,,,
80976,80232,,4,,,,,,,,,,,,,stage/xcdg.csv,,,,,,,,
80977,80232,,5,,,,,,,,,,,,,stage/xcdg.csv,,,,,,,,
80978,80232,,6,,,,,,,,,,,,,stage/xcdg.csv,,,,,,,,
80979,80232,,7,,,,,,,,,,,,,stage/xcdg.csv,,,,,,,,
80980,80232,,8,,,,,,,,,,,,,stage/xcdg.csv,,,,,,,,
80981,80232,,9,,,,,,,,,,,,,stage/xcdg.csv,,,,,,,,
80982,80232,,10,,,,,,,,,,,,,stage/xcdg.csv,,,,,,,,
80983,80232,,11,,,,,,,,,,,,,stage/xcdg.csv,,,,,,,,
80984,80232,,12,,,,,,,,,,,,,stage/xcdg.csv,,,,,,,,
80985,80233,,1,,,,,,,,,,,,,stage/xcdg.csv,,,,,,,,
80986,80233,,2,,,,,,,,,,,,,stage/xcdg.csv,,,,,,,,
80987,80233,,3,,,,,,,,,,,,,stage/xcdg.csv,,,,,,,,
80988,80233,,4,,,,,,,,,,,,,stage/xcdg.csv,,,,,,,,
80989,80233,,5,,,,,,,,,,,,,stage/xcdg.csv,,,,,,,,
80990,80233,,6,,,,,,,,,,,,,stage/xcdg.csv,,,,,,,,
80991,80233,,7,,,,,,,,,,,,,stage/xcdg.csv,,,,,,,,
80992,80233,,8,,,,,,,,,,,,,stage/xcdg.csv,,,,,,,,
80993,80233,,9,,,,,,,,,,,,,stage/xcdg.csv,,,,,,,,
80994,80233,,10,,,,,,,,,,,,,stage/xcdg.csv,,,,,,,,
80995,80233,,11,,,,,,,,,,,,,stage/xcdg.csv,,,,,,,,
80996,80233,,12,,,,,,,,,,,,,stage/xcdg.csv,,,,,,,,
80997,80234,,1,,,,,,,,,,,,,stage/xcdg.csv,,,,,,,,
80998,80234,,2,,,,,,,,,,,,,stage/xcdg.csv,,,,,,,,
80999,80234,,3,,,,,,,,,,,,,stage/xcdg.csv,,,,,,,,
81000,80234,,4,,,,,,,,,,,,,stage/xcdg.csv,,,,,,,,
81001,80234,,5,,,,,,,,,,,,,stage/xcdg.csv,,,,,,,,
81002,80234,,6,,,,,,,,,,,,,stage/xcdg.csv,,,,,,,,
81003,80234,,7,,,,,,,,,,,,,stage/xcdg.csv,,,,,,,,
81004,80234,,8,,,,,,,,,,,,,stage/xcdg.csv,,,,,,,,
81005,80234,,9,,,,,,,,,,,,,stage/xcdg.csv,,,,,,,,
81006,80234,,10,,,,,,,,,,,,,stage/xcdg.csv,,,,,,,,
81007,80234,,11,,,,,,,,,,,,,stage/xcdg.csv,,,,,,,,
81008,80234,,12,,,,,,,,,,,,,stage/xcdg.csv,,,,,,,,
81009,80235,,1,,,,,,,,,,,,,stage/xcdg.csv,,,,,,,,
81010,80235,,2,,,,,,,,,,,,,stage/xcdg.csv,,,,,,,,
81011,80235,,3,,,,,,,,,,,,,stage/xcdg.csv,,,,,,,,
81012,80235,,4,,,,,,,,,,,,,stage/xcdg.csv,,,,,,,,
81013,80235,,5,,,,,,,,,,,,,stage/xcdg.csv,,,,,,,,
81014,80235,,6,,,,,,,,,,,,,stage/xcdg.csv,,,,,,,,
81015,80235,,7,,,,,,,,,,,,,stage/xcdg.csv,,,,,,,,
81016,80235,,8,,,,,,,,,,,,,stage/xcdg.csv,,,,,,,,
81017,80235,,9,,,,,,,,,,,,,stage/xcdg.csv,,,,,,,,
81018,80235,,10,,,,,,,,,,,,,stage/xcdg.csv,,,,,,,,
81019,80235,,11,,,,,,,,,,,,,stage/xcdg.csv,,,,,,,,
81020,80235,,12,,,,,,,,,,,,,stage/xcdg.csv,,,,,,,,
81021,80236,,1,,,,,,,,,,,,,stage/xcdg.csv,,,,,,,,
81022,80236,,2,,,,,,,,,,,,,stage/xcdg.csv,,,,,,,,
81023,80236,,3,,,,,,,,,,,,,stage/xcdg.csv,,,,,,,,
81024,80236,,4,,,,,,,,,,,,,stage/xcdg.csv,,,,,,,,
81025,80236,,5,,,,,,,,,,,,,stage/xcdg.csv,,,,,,,,
81026,80236,,6,,,,,,,,,,,,,stage/xcdg.csv,,,,,,,,
81027,80236,,7,,,,,,,,,,,,,stage/xcdg.csv,,,,,,,,
81028,80236,,8,,,,,,,,,,,,,stage/xcdg.csv,,,,,,,,
81029,80236,,9,,,,,,,,,,,,,stage/xcdg.csv,,,,,,,,
81030,80236,,10,,,,,,,,,,,,,stage/xcdg.csv,,,,,,,,
81031,80236,,11,,,,,,,,,,,,,stage/xcdg.csv,,,,,,,,
81032,80236,,12,,,,,,,,,,,,,stage/xcdg.csv,,,,,,,,
81033,80241,,1,,,,,,,,,,,,,stage/xcdg.csv,,,,,,,,
81034,80241,,2,,,,,,,,,,,,,stage/xcdg.csv,,,,,,,,
81035,80241,,3,,,,,,,,,,,,,stage/xcdg.csv,,,,,,,,
81036,80241,,4,,,,,,,,,,,,,stage/xcdg.csv,,,,,,,,
81037,80241,,5,,,,,,,,,,,,,stage/xcdg.csv,,,,,,,,
81038,80241,,6,,,,,,,,,,,,,stage/xcdg.csv,,,,,,,,
81039,80241,,7,,,,,,,,,,,,,stage/xcdg.csv,,,,,,,,
81040,80241,,8,,,,,,,,,,,,,stage/xcdg.csv,,,,,,,,
81041,80241,,9,,,,,,,,,,,,,stage/xcdg.csv,,,,,,,,
81042,80241,,10,,,,,,,,,,,,,stage/xcdg.csv,,,,,,,,
81043,80241,,11,,,,,,,,,,,,,stage/xcdg.csv,,,,,,,,
81044,80241,,12,,,,,,,,,,,,,stage/xcdg.csv,,,,,,,,
81045,80242,,1,<290741;290741;290741;290741;302421;290741>,,,,,,,,,,,,stage/xcdg.csv,,,,,,,,
81046,80242,,2,,,,,,,,,,,,,stage/xcdg.csv,,,,,,,,
81047,80242,,3,,,,,,,,,,,,,stage/xcdg.csv,,,,,,,,
81048,80242,,4,,,,,,,,,,,,,stage/xcdg.csv,,,,,,,,
81049,80242,,5,,,,,,,,,,,,,stage/xcdg.csv,,,,,,,,
81050,80242,,6,,,,,,,,,,,,,stage/xcdg.csv,,,,,,,,
81051,80242,,7,,,,,,,,,,,,,stage/xcdg.csv,,,,,,,,
81052,80242,,8,,,,,,,,,,,,,stage/xcdg.csv,,,,,,,,
81053,80242,,9,,,,,,,,,,,,,stage/xcdg.csv,,,,,,,,
81054,80242,,10,,,,,,,,,,,,,stage/xcdg.csv,,,,,,,,
81055,80242,,11,,,,,,,,,,,,,stage/xcdg.csv,,,,,,,,
81056,80242,,12,,,,,,,,,,,,,stage/xcdg.csv,,,,,,,,
81057,80243,,1,<293303;293303;293303;291941;290701;291951>,,,,,,,,,,,,stage/xcdg.csv,,,,,,,,
81058,80243,,2,,,,,,,,,,,,,stage/xcdg.csv,,,,,,,,
81059,80243,,3,,,,,,,,,,,,,stage/xcdg.csv,,,,,,,,
81060,80243,,4,,,,,,,,,,,,,stage/xcdg.csv,,,,,,,,
81061,80243,,5,,,,,,,,,,,,,stage/xcdg.csv,,,,,,,,
81062,80243,,6,,,,,,,,,,,,,stage/xcdg.csv,,,,,,,,
81063,80243,,7,,,,,,,,,,,,,stage/xcdg.csv,,,,,,,,
81064,80243,,8,,,,,,,,,,,,,stage/xcdg.csv,,,,,,,,
81065,80243,,9,,,,,,,,,,,,,stage/xcdg.csv,,,,,,,,
81066,80243,,10,,,,,,,,,,,,,stage/xcdg.csv,,,,,,,,
81067,80243,,11,,,,,,,,,,,,,stage/xcdg.csv,,,,,,,,
81068,80243,,12,,,,,,,,,,,,,stage/xcdg.csv,,,,,,,,
81069,80244,,1,<290701;290701;290701;290701;290701;290701>,,,,,,,,,,,,stage/xcdg.csv,,,,,,,,
81070,80244,,2,,,,,,,,,,,,,stage/xcdg.csv,,,,,,,,
81071,80244,,3,,,,,,,,,,,,,stage/xcdg.csv,,,,,,,,
81072,80244,,4,,,,,,,,,,,,,stage/xcdg.csv,,,,,,,,
81073,80244,,5,,,,,,,,,,,,,stage/xcdg.csv,,,,,,,,
81074,80244,,6,,,,,,,,,,,,,stage/xcdg.csv,,,,,,,,
81075,80244,,7,,,,,,,,,,,,,stage/xcdg.csv,,,,,,,,
81076,80244,,8,,,,,,,,,,,,,stage/xcdg.csv,,,,,,,,
81077,80244,,9,,,,,,,,,,,,,stage/xcdg.csv,,,,,,,,
81078,80244,,10,,,,,,,,,,,,,stage/xcdg.csv,,,,,,,,
81079,80244,,11,,,,,,,,,,,,,stage/xcdg.csv,,,,,,,,
81080,80244,,12,,,,,,,,,,,,,stage/xcdg.csv,,,,,,,,
81081,80245,,1,,,,,,,,,,,,,stage/xcdg.csv,,,,,,,,
81082,80245,,2,,,,,,,,,,,,,stage/xcdg.csv,,,,,,,,
81083,80245,,3,,,,,,,,,,,,,stage/xcdg.csv,,,,,,,,
81084,80245,,4,,,,,,,,,,,,,stage/xcdg.csv,,,,,,,,
81085,80245,,5,,,,,,,,,,,,,stage/xcdg.csv,,,,,,,,
81086,80245,,6,,,,,,,,,,,,,stage/xcdg.csv,,,,,,,,
81087,80245,,7,,,,,,,,,,,,,stage/xcdg.csv,,,,,,,,
81088,80245,,8,,,,,,,,,,,,,stage/xcdg.csv,,,,,,,,
81089,80245,,9,,,,,,,,,,,,,stage/xcdg.csv,,,,,,,,
81090,80245,,10,,,,,,,,,,,,,stage/xcdg.csv,,,,,,,,
81091,80245,,11,,,,,,,,,,,,,stage/xcdg.csv,,,,,,,,
81092,80245,,12,,,,,,,,,,,,,stage/xcdg.csv,,,,,,,,
81093,80246,,1,,,,,,,,,,,,,stage/xcdg.csv,,,,,,,,
81094,80246,,2,,,,,,,,,,,,,stage/xcdg.csv,,,,,,,,
81095,80246,,3,,,,,,,,,,,,,stage/xcdg.csv,,,,,,,,
81096,80246,,4,,,,,,,,,,,,,stage/xcdg.csv,,,,,,,,
81097,80246,,5,,,,,,,,,,,,,stage/xcdg.csv,,,,,,,,
81098,80246,,6,,,,,,,,,,,,,stage/xcdg.csv,,,,,,,,
81099,80246,,7,,,,,,,,,,,,,stage/xcdg.csv,,,,,,,,
81100,80246,,8,,,,,,,,,,,,,stage/xcdg.csv,,,,,,,,
81101,80246,,9,,,,,,,,,,,,,stage/xcdg.csv,,,,,,,,
81102,80246,,10,,,,,,,,,,,,,stage/xcdg.csv,,,,,,,,
81103,80246,,11,,,,,,,,,,,,,stage/xcdg.csv,,,,,,,,
81104,80246,,12,,,,,,,,,,,,,stage/xcdg.csv,,,,,,,,
81105,80251,,1,<293303;291071;290701;291941;302421;291951>,,,,,,,,,,,,stage/xcdg.csv,,,,,,,,
81106,80251,,2,,,,,,,,,,,,,stage/xcdg.csv,,,,,,,,
81107,80251,,3,,,,,,,,,,,,,stage/xcdg.csv,,,,,,,,
81108,80251,,4,,,,,,,,,,,,,stage/xcdg.csv,,,,,,,,
81109,80251,,5,,,,,,,,,,,,,stage/xcdg.csv,,,,,,,,
81110,80251,,6,,,,,,,,,,,,,stage/xcdg.csv,,,,,,,,
81111,80251,,7,,,,,,,,,,,,,stage/xcdg.csv,,,,,,,,
81112,80251,,8,,,,,,,,,,,,,stage/xcdg.csv,,,,,,,,
81113,80251,,9,,,,,,,,,,,,,stage/xcdg.csv,,,,,,,,
81114,80251,,10,,,,,,,,,,,,,stage/xcdg.csv,,,,,,,,
81115,80251,,11,,,,,,,,,,,,,stage/xcdg.csv,,,,,,,,
81116,80251,,12,,,,,,,,,,,,,stage/xcdg.csv,,,,,,,,
81117,80301,,1,<290013;290013;290013;290013;303011;290013>,,,,,,,,,,,,stage/red.csv,,,,,,,,
81118,80301,,2,,,,,,,,,,,,,stage/red.csv,,,,,,,,
81119,80301,,3,,,,,,,,,,,,,stage/red.csv,,,,,,,,
81120,80301,,4,,,,,,,,,,,,,stage/red.csv,,,,,,,,
81121,80301,,5,,,,,,,,,,,,,stage/red.csv,,,,,,,,
81122,80301,,6,,,,,,,,,,,,,stage/red.csv,,,,,,,,
81123,80301,,7,,,,,,,,,,,,,stage/red.csv,,,,,,,,
81124,80301,,8,,,,,,,,,,,,,stage/red.csv,,,,,,,,
81125,80301,,9,,,,,,,,,,,,,stage/red.csv,,,,,,,,
81126,80301,,10,,,,,,,,,,,,,stage/red.csv,,,,,,,,
81127,80301,,11,,,,,,,,,,,,,stage/red.csv,,,,,,,,
81128,80301,,12,,,,,,,,,,,,,stage/red.csv,,,,,,,,
81129,80302,,1,<290692;290692;290692;290692;300211;290692>,,,,,,,,,,,,stage/red.csv,,,,,,,,
81130,80302,,2,,,,,,,,,,,,,stage/red.csv,,,,,,,,
81131,80302,,3,,,,,,,,,,,,,stage/red.csv,,,,,,,,
81132,80302,,4,,,,,,,,,,,,,stage/red.csv,,,,,,,,
81133,80302,,5,,,,,,,,,,,,,stage/red.csv,,,,,,,,
81134,80302,,6,,,,,,,,,,,,,stage/red.csv,,,,,,,,
81135,80302,,7,,,,,,,,,,,,,stage/red.csv,,,,,,,,
81136,80302,,8,,,,,,,,,,,,,stage/red.csv,,,,,,,,
81137,80302,,9,,,,,,,,,,,,,stage/red.csv,,,,,,,,
81138,80302,,10,,,,,,,,,,,,,stage/red.csv,,,,,,,,
81139,80302,,11,,,,,,,,,,,,,stage/red.csv,,,,,,,,
81140,80302,,12,,,,,,,,,,,,,stage/red.csv,,,,,,,,
81141,80303,,1,,,,,,,,,,,,,stage/red.csv,,,,,,,,
81142,80303,,2,,,,,,,,,,,,,stage/red.csv,,,,,,,,
81143,80303,,3,,,,,,,,,,,,,stage/red.csv,,,,,,,,
81144,80303,,4,,,,,,,,,,,,,stage/red.csv,,,,,,,,
81145,80303,,5,,,,,,,,,,,,,stage/red.csv,,,,,,,,
81146,80303,,6,,,,,,,,,,,,,stage/red.csv,,,,,,,,
81147,80303,,7,,,,,,,,,,,,,stage/red.csv,,,,,,,,
81148,80303,,8,,,,,,,,,,,,,stage/red.csv,,,,,,,,
81149,80303,,9,,,,,,,,,,,,,stage/red.csv,,,,,,,,
81150,80303,,10,,,,,,,,,,,,,stage/red.csv,,,,,,,,
81151,80303,,11,,,,,,,,,,,,,stage/red.csv,,,,,,,,
81152,80303,,12,,,,,,,,,,,,,stage/red.csv,,,,,,,,
81153,80304,,1,,,,,,,,,,,,,stage/red.csv,,,,,,,,
81154,80304,,2,,,,,,,,,,,,,stage/red.csv,,,,,,,,
81155,80304,,3,,,,,,,,,,,,,stage/red.csv,,,,,,,,
81156,80304,,4,,,,,,,,,,,,,stage/red.csv,,,,,,,,
81157,80304,,5,,,,,,,,,,,,,stage/red.csv,,,,,,,,
81158,80304,,6,,,,,,,,,,,,,stage/red.csv,,,,,,,,
81159,80304,,7,,,,,,,,,,,,,stage/red.csv,,,,,,,,
81160,80304,,8,,,,,,,,,,,,,stage/red.csv,,,,,,,,
81161,80304,,9,,,,,,,,,,,,,stage/red.csv,,,,,,,,
81162,80304,,10,,,,,,,,,,,,,stage/red.csv,,,,,,,,
81163,80304,,11,,,,,,,,,,,,,stage/red.csv,,,,,,,,
81164,80304,,12,,,,,,,,,,,,,stage/red.csv,,,,,,,,
81165,80305,,1,,,,,,,,,,,,,stage/red.csv,,,,,,,,
81166,80305,,2,,,,,,,,,,,,,stage/red.csv,,,,,,,,
81167,80305,,3,,,,,,,,,,,,,stage/red.csv,,,,,,,,
81168,80305,,4,,,,,,,,,,,,,stage/red.csv,,,,,,,,
81169,80305,,5,,,,,,,,,,,,,stage/red.csv,,,,,,,,
81170,80305,,6,,,,,,,,,,,,,stage/red.csv,,,,,,,,
81171,80305,,7,,,,,,,,,,,,,stage/red.csv,,,,,,,,
81172,80305,,8,,,,,,,,,,,,,stage/red.csv,,,,,,,,
81173,80305,,9,,,,,,,,,,,,,stage/red.csv,,,,,,,,
81174,80305,,10,,,,,,,,,,,,,stage/red.csv,,,,,,,,
81175,80305,,11,,,,,,,,,,,,,stage/red.csv,,,,,,,,
81176,80305,,12,,,,,,,,,,,,,stage/red.csv,,,,,,,,
81177,80306,,1,,,,,,,,,,,,,stage/red.csv,,,,,,,,
81178,80306,,2,,,,,,,,,,,,,stage/red.csv,,,,,,,,
81179,80306,,3,,,,,,,,,,,,,stage/red.csv,,,,,,,,
81180,80306,,4,,,,,,,,,,,,,stage/red.csv,,,,,,,,
81181,80306,,5,,,,,,,,,,,,,stage/red.csv,,,,,,,,
81182,80306,,6,,,,,,,,,,,,,stage/red.csv,,,,,,,,
81183,80306,,7,,,,,,,,,,,,,stage/red.csv,,,,,,,,
81184,80306,,8,,,,,,,,,,,,,stage/red.csv,,,,,,,,
81185,80306,,9,,,,,,,,,,,,,stage/red.csv,,,,,,,,
81186,80306,,10,,,,,,,,,,,,,stage/red.csv,,,,,,,,
81187,80306,,11,,,,,,,,,,,,,stage/red.csv,,,,,,,,
81188,80306,,12,,,,,,,,,,,,,stage/red.csv,,,,,,,,
81189,80311,,1,<292963;292963;292963;293432;303231;293432>,,,,,,,,,,,,stage/red.csv,,,,,,,,
81190,80311,,2,,,,,,,,,,,,,stage/red.csv,,,,,,,,
81191,80311,,3,,,,,,,,,,,,,stage/red.csv,,,,,,,,
81192,80311,,4,,,,,,,,,,,,,stage/red.csv,,,,,,,,
81193,80311,,5,,,,,,,,,,,,,stage/red.csv,,,,,,,,
81194,80311,,6,,,,,,,,,,,,,stage/red.csv,,,,,,,,
81195,80311,,7,,,,,,,,,,,,,stage/red.csv,,,,,,,,
81196,80311,,8,,,,,,,,,,,,,stage/red.csv,,,,,,,,
81197,80311,,9,,,,,,,,,,,,,stage/red.csv,,,,,,,,
81198,80311,,10,,,,,,,,,,,,,stage/red.csv,,,,,,,,
81199,80311,,11,,,,,,,,,,,,,stage/red.csv,,,,,,,,
81200,80311,,12,,,,,,,,,,,,,stage/red.csv,,,,,,,,
81201,80312,,1,<290273;290273;290273;290273;300211;290273>,,,,,,,,,,,,stage/red.csv,,,,,,,,
81202,80312,,2,,,,,,,,,,,,,stage/red.csv,,,,,,,,
81203,80312,,3,,,,,,,,,,,,,stage/red.csv,,,,,,,,
81204,80312,,4,,,,,,,,,,,,,stage/red.csv,,,,,,,,
81205,80312,,5,,,,,,,,,,,,,stage/red.csv,,,,,,,,
81206,80312,,6,,,,,,,,,,,,,stage/red.csv,,,,,,,,
81207,80312,,7,,,,,,,,,,,,,stage/red.csv,,,,,,,,
81208,80312,,8,,,,,,,,,,,,,stage/red.csv,,,,,,,,
81209,80312,,9,,,,,,,,,,,,,stage/red.csv,,,,,,,,
81210,80312,,10,,,,,,,,,,,,,stage/red.csv,,,,,,,,
81211,80312,,11,,,,,,,,,,,,,stage/red.csv,,,,,,,,
81212,80312,,12,,,,,,,,,,,,,stage/red.csv,,,,,,,,
81213,80313,,1,<293342;293342;293342;293432;302421;293432>,,,,,,,,,,,,stage/red.csv,,,,,,,,
81214,80313,,2,,,,,,,,,,,,,stage/red.csv,,,,,,,,
81215,80313,,3,,,,,,,,,,,,,stage/red.csv,,,,,,,,
81216,80313,,4,,,,,,,,,,,,,stage/red.csv,,,,,,,,
81217,80313,,5,,,,,,,,,,,,,stage/red.csv,,,,,,,,
81218,80313,,6,,,,,,,,,,,,,stage/red.csv,,,,,,,,
81219,80313,,7,,,,,,,,,,,,,stage/red.csv,,,,,,,,
81220,80313,,8,,,,,,,,,,,,,stage/red.csv,,,,,,,,
81221,80313,,9,,,,,,,,,,,,,stage/red.csv,,,,,,,,
81222,80313,,10,,,,,,,,,,,,,stage/red.csv,,,,,,,,
81223,80313,,11,,,,,,,,,,,,,stage/red.csv,,,,,,,,
81224,80313,,12,,,,,,,,,,,,,stage/red.csv,,,,,,,,
81225,80314,,1,,,,,,,,,,,,,stage/red.csv,,,,,,,,
81226,80314,,2,,,,,,,,,,,,,stage/red.csv,,,,,,,,
81227,80314,,3,,,,,,,,,,,,,stage/red.csv,,,,,,,,
81228,80314,,4,,,,,,,,,,,,,stage/red.csv,,,,,,,,
81229,80314,,5,,,,,,,,,,,,,stage/red.csv,,,,,,,,
81230,80314,,6,,,,,,,,,,,,,stage/red.csv,,,,,,,,
81231,80314,,7,,,,,,,,,,,,,stage/red.csv,,,,,,,,
81232,80314,,8,,,,,,,,,,,,,stage/red.csv,,,,,,,,
81233,80314,,9,,,,,,,,,,,,,stage/red.csv,,,,,,,,
81234,80314,,10,,,,,,,,,,,,,stage/red.csv,,,,,,,,
81235,80314,,11,,,,,,,,,,,,,stage/red.csv,,,,,,,,
81236,80314,,12,,,,,,,,,,,,,stage/red.csv,,,,,,,,
81237,80315,,1,,,,,,,,,,,,,stage/red.csv,,,,,,,,
81238,80315,,2,,,,,,,,,,,,,stage/red.csv,,,,,,,,
81239,80315,,3,,,,,,,,,,,,,stage/red.csv,,,,,,,,
81240,80315,,4,,,,,,,,,,,,,stage/red.csv,,,,,,,,
81241,80315,,5,,,,,,,,,,,,,stage/red.csv,,,,,,,,
81242,80315,,6,,,,,,,,,,,,,stage/red.csv,,,,,,,,
81243,80315,,7,,,,,,,,,,,,,stage/red.csv,,,,,,,,
81244,80315,,8,,,,,,,,,,,,,stage/red.csv,,,,,,,,
81245,80315,,9,,,,,,,,,,,,,stage/red.csv,,,,,,,,
81246,80315,,10,,,,,,,,,,,,,stage/red.csv,,,,,,,,
81247,80315,,11,,,,,,,,,,,,,stage/red.csv,,,,,,,,
81248,80315,,12,,,,,,,,,,,,,stage/red.csv,,,,,,,,
81249,80316,,1,,,,,,,,,,,,,stage/red.csv,,,,,,,,
81250,80316,,2,,,,,,,,,,,,,stage/red.csv,,,,,,,,
81251,80316,,3,,,,,,,,,,,,,stage/red.csv,,,,,,,,
81252,80316,,4,,,,,,,,,,,,,stage/red.csv,,,,,,,,
81253,80316,,5,,,,,,,,,,,,,stage/red.csv,,,,,,,,
81254,80316,,6,,,,,,,,,,,,,stage/red.csv,,,,,,,,
81255,80316,,7,,,,,,,,,,,,,stage/red.csv,,,,,,,,
81256,80316,,8,,,,,,,,,,,,,stage/red.csv,,,,,,,,
81257,80316,,9,,,,,,,,,,,,,stage/red.csv,,,,,,,,
81258,80316,,10,,,,,,,,,,,,,stage/red.csv,,,,,,,,
81259,80316,,11,,,,,,,,,,,,,stage/red.csv,,,,,,,,
81260,80316,,12,,,,,,,,,,,,,stage/red.csv,,,,,,,,
81261,80321,,1,<290242;290242;290242;290603;306321;290603>,,,,,,,,,,,,stage/red.csv,,,,,,,,
81262,80321,,2,,,,,,,,,,,,,stage/red.csv,,,,,,,,
81263,80321,,3,,,,,,,,,,,,,stage/red.csv,,,,,,,,
81264,80321,,4,,,,,,,,,,,,,stage/red.csv,,,,,,,,
81265,80321,,5,,,,,,,,,,,,,stage/red.csv,,,,,,,,
81266,80321,,6,,,,,,,,,,,,,stage/red.csv,,,,,,,,
81267,80321,,7,,,,,,,,,,,,,stage/red.csv,,,,,,,,
81268,80321,,8,,,,,,,,,,,,,stage/red.csv,,,,,,,,
81269,80321,,9,,,,,,,,,,,,,stage/red.csv,,,,,,,,
81270,80321,,10,,,,,,,,,,,,,stage/red.csv,,,,,,,,
81271,80321,,11,,,,,,,,,,,,,stage/red.csv,,,,,,,,
81272,80321,,12,,,,,,,,,,,,,stage/red.csv,,,,,,,,
81273,80322,,1,<291303;300231;291303;0;0;0>,,,,,,,,,,,,stage/red.csv,,,,,,,,
81274,80322,,2,,,,,,,,,,,,,stage/red.csv,,,,,,,,
81275,80322,,3,,,,,,,,,,,,,stage/red.csv,,,,,,,,
81276,80322,,4,,,,,,,,,,,,,stage/red.csv,,,,,,,,
81277,80322,,5,,,,,,,,,,,,,stage/red.csv,,,,,,,,
81278,80322,,6,,,,,,,,,,,,,stage/red.csv,,,,,,,,
81279,80322,,7,,,,,,,,,,,,,stage/red.csv,,,,,,,,
81280,80322,,8,,,,,,,,,,,,,stage/red.csv,,,,,,,,
81281,80322,,9,,,,,,,,,,,,,stage/red.csv,,,,,,,,
81282,80322,,10,,,,,,,,,,,,,stage/red.csv,,,,,,,,
81283,80322,,11,,,,,,,,,,,,,stage/red.csv,,,,,,,,
81284,80322,,12,,,,,,,,,,,,,stage/red.csv,,,,,,,,
81285,80323,,1,,,,,,,,,,,,,stage/red.csv,,,,,,,,
81286,80323,,2,,,,,,,,,,,,,stage/red.csv,,,,,,,,
81287,80323,,3,,,,,,,,,,,,,stage/red.csv,,,,,,,,
81288,80323,,4,,,,,,,,,,,,,stage/red.csv,,,,,,,,
81289,80323,,5,,,,,,,,,,,,,stage/red.csv,,,,,,,,
81290,80323,,6,,,,,,,,,,,,,stage/red.csv,,,,,,,,
81291,80323,,7,,,,,,,,,,,,,stage/red.csv,,,,,,,,
81292,80323,,8,,,,,,,,,,,,,stage/red.csv,,,,,,,,
81293,80323,,9,,,,,,,,,,,,,stage/red.csv,,,,,,,,
81294,80323,,10,,,,,,,,,,,,,stage/red.csv,,,,,,,,
81295,80323,,11,,,,,,,,,,,,,stage/red.csv,,,,,,,,
81296,80323,,12,,,,,,,,,,,,,stage/red.csv,,,,,,,,
81297,80324,,1,,,,,,,,,,,,,stage/red.csv,,,,,,,,
81298,80324,,2,,,,,,,,,,,,,stage/red.csv,,,,,,,,
81299,80324,,3,,,,,,,,,,,,,stage/red.csv,,,,,,,,
81300,80324,,4,,,,,,,,,,,,,stage/red.csv,,,,,,,,
81301,80324,,5,,,,,,,,,,,,,stage/red.csv,,,,,,,,
81302,80324,,6,,,,,,,,,,,,,stage/red.csv,,,,,,,,
81303,80324,,7,,,,,,,,,,,,,stage/red.csv,,,,,,,,
81304,80324,,8,,,,,,,,,,,,,stage/red.csv,,,,,,,,
81305,80324,,9,,,,,,,,,,,,,stage/red.csv,,,,,,,,
81306,80324,,10,,,,,,,,,,,,,stage/red.csv,,,,,,,,
81307,80324,,11,,,,,,,,,,,,,stage/red.csv,,,,,,,,
81308,80324,,12,,,,,,,,,,,,,stage/red.csv,,,,,,,,
81309,80325,,1,,,,,,,,,,,,,stage/red.csv,,,,,,,,
81310,80325,,2,,,,,,,,,,,,,stage/red.csv,,,,,,,,
81311,80325,,3,,,,,,,,,,,,,stage/red.csv,,,,,,,,
81312,80325,,4,,,,,,,,,,,,,stage/red.csv,,,,,,,,
81313,80325,,5,,,,,,,,,,,,,stage/red.csv,,,,,,,,
81314,80325,,6,,,,,,,,,,,,,stage/red.csv,,,,,,,,
81315,80325,,7,,,,,,,,,,,,,stage/red.csv,,,,,,,,
81316,80325,,8,,,,,,,,,,,,,stage/red.csv,,,,,,,,
81317,80325,,9,,,,,,,,,,,,,stage/red.csv,,,,,,,,
81318,80325,,10,,,,,,,,,,,,,stage/red.csv,,,,,,,,
81319,80325,,11,,,,,,,,,,,,,stage/red.csv,,,,,,,,
81320,80325,,12,,,,,,,,,,,,,stage/red.csv,,,,,,,,
81321,80326,,1,,,,,,,,,,,,,stage/red.csv,,,,,,,,
81322,80326,,2,,,,,,,,,,,,,stage/red.csv,,,,,,,,
81323,80326,,3,,,,,,,,,,,,,stage/red.csv,,,,,,,,
81324,80326,,4,,,,,,,,,,,,,stage/red.csv,,,,,,,,
81325,80326,,5,,,,,,,,,,,,,stage/red.csv,,,,,,,,
81326,80326,,6,,,,,,,,,,,,,stage/red.csv,,,,,,,,
81327,80326,,7,,,,,,,,,,,,,stage/red.csv,,,,,,,,
81328,80326,,8,,,,,,,,,,,,,stage/red.csv,,,,,,,,
81329,80326,,9,,,,,,,,,,,,,stage/red.csv,,,,,,,,
81330,80326,,10,,,,,,,,,,,,,stage/red.csv,,,,,,,,
81331,80326,,11,,,,,,,,,,,,,stage/red.csv,,,,,,,,
81332,80326,,12,,,,,,,,,,,,,stage/red.csv,,,,,,,,
81333,80331,,1,<290242>,,,,,,,,,,,,stage/red.csv,,,,,,,,
81334,80331,,2,<290242>,,,,,,,,,,,,stage/red.csv,,,,,,,,
81335,80331,,3,<290242>,,,,,,,,,,,,stage/red.csv,,,,,,,,
81336,80331,,4,<290242>,,,,,,,,,,,,stage/red.csv,,,,,,,,
81337,80331,,5,<290242>,,,,,,,,,,,,stage/red.csv,,,,,,,,
81338,80331,,6,<290242>,,,,,,,,,,,,stage/red.csv,,,,,,,,
81339,80331,,7,,,,,,,,,,,,,stage/red.csv,,,,,,,,
81340,80331,,8,,,,,,,,,,,,,stage/red.csv,,,,,,,,
81341,80331,,9,,,,,,,,,,,,,stage/red.csv,,,,,,,,
81342,80331,,10,,,,,,,,,,,,,stage/red.csv,,,,,,,,
81343,80331,,11,,,,,,,,,,,,,stage/red.csv,,,,,,,,
81344,80331,,12,,,,,,,,,,,,,stage/red.csv,,,,,,,,
81345,80332,,1,<303315>,,,,,,,,,,,,stage/red.csv,,,,,,,,
81346,80332,,2,<303315>,,,,,,,,,,,,stage/red.csv,,,,,,,,
81347,80332,,3,<303315>,,,,,,,,,,,,stage/red.csv,,,,,,,,
81348,80332,,4,<303315>,,,,,,,,,,,,stage/red.csv,,,,,,,,
81349,80332,,5,<303315>,,,,,,,,,,,,stage/red.csv,,,,,,,,
81350,80332,,6,<303315>,,,,,,,,,,,,stage/red.csv,,,,,,,,
81351,80332,,7,,,,,,,,,,,,,stage/red.csv,,,,,,,,
81352,80332,,8,,,,,,,,,,,,,stage/red.csv,,,,,,,,
81353,80332,,9,,,,,,,,,,,,,stage/red.csv,,,,,,,,
81354,80332,,10,,,,,,,,,,,,,stage/red.csv,,,,,,,,
81355,80332,,11,,,,,,,,,,,,,stage/red.csv,,,,,,,,
81356,80332,,12,,,,,,,,,,,,,stage/red.csv,,,,,,,,
81357,80333,,1,,,,,,,,,,,,,stage/red.csv,,,,,,,,
81358,80333,,2,,,,,,,,,,,,,stage/red.csv,,,,,,,,
81359,80333,,3,,,,,,,,,,,,,stage/red.csv,,,,,,,,
81360,80333,,4,,,,,,,,,,,,,stage/red.csv,,,,,,,,
81361,80333,,5,,,,,,,,,,,,,stage/red.csv,,,,,,,,
81362,80333,,6,,,,,,,,,,,,,stage/red.csv,,,,,,,,
81363,80333,,7,,,,,,,,,,,,,stage/red.csv,,,,,,,,
81364,80333,,8,,,,,,,,,,,,,stage/red.csv,,,,,,,,
81365,80333,,9,,,,,,,,,,,,,stage/red.csv,,,,,,,,
81366,80333,,10,,,,,,,,,,,,,stage/red.csv,,,,,,,,
81367,80333,,11,,,,,,,,,,,,,stage/red.csv,,,,,,,,
81368,80333,,12,,,,,,,,,,,,,stage/red.csv,,,,,,,,
81369,80334,,1,,,,,,,,,,,,,stage/red.csv,,,,,,,,
81370,80334,,2,,,,,,,,,,,,,stage/red.csv,,,,,,,,
81371,80334,,3,,,,,,,,,,,,,stage/red.csv,,,,,,,,
81372,80334,,4,,,,,,,,,,,,,stage/red.csv,,,,,,,,
81373,80334,,5,,,,,,,,,,,,,stage/red.csv,,,,,,,,
81374,80334,,6,,,,,,,,,,,,,stage/red.csv,,,,,,,,
81375,80334,,7,,,,,,,,,,,,,stage/red.csv,,,,,,,,
81376,80334,,8,,,,,,,,,,,,,stage/red.csv,,,,,,,,
81377,80334,,9,,,,,,,,,,,,,stage/red.csv,,,,,,,,
81378,80334,,10,,,,,,,,,,,,,stage/red.csv,,,,,,,,
81379,80334,,11,,,,,,,,,,,,,stage/red.csv,,,,,,,,
81380,80334,,12,,,,,,,,,,,,,stage/red.csv,,,,,,,,
81381,80335,,1,,,,,,,,,,,,,stage/red.csv,,,,,,,,
81382,80335,,2,,,,,,,,,,,,,stage/red.csv,,,,,,,,
81383,80335,,3,,,,,,,,,,,,,stage/red.csv,,,,,,,,
81384,80335,,4,,,,,,,,,,,,,stage/red.csv,,,,,,,,
81385,80335,,5,,,,,,,,,,,,,stage/red.csv,,,,,,,,
81386,80335,,6,,,,,,,,,,,,,stage/red.csv,,,,,,,,
81387,80335,,7,,,,,,,,,,,,,stage/red.csv,,,,,,,,
81388,80335,,8,,,,,,,,,,,,,stage/red.csv,,,,,,,,
81389,80335,,9,,,,,,,,,,,,,stage/red.csv,,,,,,,,
81390,80335,,10,,,,,,,,,,,,,stage/red.csv,,,,,,,,
81391,80335,,11,,,,,,,,,,,,,stage/red.csv,,,,,,,,
81392,80335,,12,,,,,,,,,,,,,stage/red.csv,,,,,,,,
81393,80336,,1,,,,,,,,,,,,,stage/red.csv,,,,,,,,
81394,80336,,2,,,,,,,,,,,,,stage/red.csv,,,,,,,,
81395,80336,,3,,,,,,,,,,,,,stage/red.csv,,,,,,,,
81396,80336,,4,,,,,,,,,,,,,stage/red.csv,,,,,,,,
81397,80336,,5,,,,,,,,,,,,,stage/red.csv,,,,,,,,
81398,80336,,6,,,,,,,,,,,,,stage/red.csv,,,,,,,,
81399,80336,,7,,,,,,,,,,,,,stage/red.csv,,,,,,,,
81400,80336,,8,,,,,,,,,,,,,stage/red.csv,,,,,,,,
81401,80336,,9,,,,,,,,,,,,,stage/red.csv,,,,,,,,
81402,80336,,10,,,,,,,,,,,,,stage/red.csv,,,,,,,,
81403,80336,,11,,,,,,,,,,,,,stage/red.csv,,,,,,,,
81404,80336,,12,,,,,,,,,,,,,stage/red.csv,,,,,,,,
81405,80341,,1,<290603;290603;290603;293143;306321;293143>,,,,,,,,,,,,stage/red.csv,,,,,,,,
81406,80341,,2,,,,,,,,,,,,,stage/red.csv,,,,,,,,
81407,80341,,3,,,,,,,,,,,,,stage/red.csv,,,,,,,,
81408,80341,,4,,,,,,,,,,,,,stage/red.csv,,,,,,,,
81409,80341,,5,,,,,,,,,,,,,stage/red.csv,,,,,,,,
81410,80341,,6,,,,,,,,,,,,,stage/red.csv,,,,,,,,
81411,80341,,7,,,,,,,,,,,,,stage/red.csv,,,,,,,,
81412,80341,,8,,,,,,,,,,,,,stage/red.csv,,,,,,,,
81413,80341,,9,,,,,,,,,,,,,stage/red.csv,,,,,,,,
81414,80341,,10,,,,,,,,,,,,,stage/red.csv,,,,,,,,
81415,80341,,11,,,,,,,,,,,,,stage/red.csv,,,,,,,,
81416,80341,,12,,,,,,,,,,,,,stage/red.csv,,,,,,,,
81417,80342,,1,<292233;292233;292233;293663;300231;293663>,,,,,,,,,,,,stage/red.csv,,,,,,,,
81418,80342,,2,,,,,,,,,,,,,stage/red.csv,,,,,,,,
81419,80342,,3,,,,,,,,,,,,,stage/red.csv,,,,,,,,
81420,80342,,4,,,,,,,,,,,,,stage/red.csv,,,,,,,,
81421,80342,,5,,,,,,,,,,,,,stage/red.csv,,,,,,,,
81422,80342,,6,,,,,,,,,,,,,stage/red.csv,,,,,,,,
81423,80342,,7,,,,,,,,,,,,,stage/red.csv,,,,,,,,
81424,80342,,8,,,,,,,,,,,,,stage/red.csv,,,,,,,,
81425,80342,,9,,,,,,,,,,,,,stage/red.csv,,,,,,,,
81426,80342,,10,,,,,,,,,,,,,stage/red.csv,,,,,,,,
81427,80342,,11,,,,,,,,,,,,,stage/red.csv,,,,,,,,
81428,80342,,12,,,,,,,,,,,,,stage/red.csv,,,,,,,,
81429,80343,,1,<293663;292242;290242;291911;300442;291303>,,,,,,,,,,,,stage/red.csv,,,,,,,,
81430,80343,,2,,,,,,,,,,,,,stage/red.csv,,,,,,,,
81431,80343,,3,,,,,,,,,,,,,stage/red.csv,,,,,,,,
81432,80343,,4,,,,,,,,,,,,,stage/red.csv,,,,,,,,
81433,80343,,5,,,,,,,,,,,,,stage/red.csv,,,,,,,,
81434,80343,,6,,,,,,,,,,,,,stage/red.csv,,,,,,,,
81435,80343,,7,,,,,,,,,,,,,stage/red.csv,,,,,,,,
81436,80343,,8,,,,,,,,,,,,,stage/red.csv,,,,,,,,
81437,80343,,9,,,,,,,,,,,,,stage/red.csv,,,,,,,,
81438,80343,,10,,,,,,,,,,,,,stage/red.csv,,,,,,,,
81439,80343,,11,,,,,,,,,,,,,stage/red.csv,,,,,,,,
81440,80343,,12,,,,,,,,,,,,,stage/red.csv,,,,,,,,
81441,80344,,1,,,,,,,,,,,,,stage/red.csv,,,,,,,,
81442,80344,,2,,,,,,,,,,,,,stage/red.csv,,,,,,,,
81443,80344,,3,,,,,,,,,,,,,stage/red.csv,,,,,,,,
81444,80344,,4,,,,,,,,,,,,,stage/red.csv,,,,,,,,
81445,80344,,5,,,,,,,,,,,,,stage/red.csv,,,,,,,,
81446,80344,,6,,,,,,,,,,,,,stage/red.csv,,,,,,,,
81447,80344,,7,,,,,,,,,,,,,stage/red.csv,,,,,,,,
81448,80344,,8,,,,,,,,,,,,,stage/red.csv,,,,,,,,
81449,80344,,9,,,,,,,,,,,,,stage/red.csv,,,,,,,,
81450,80344,,10,,,,,,,,,,,,,stage/red.csv,,,,,,,,
81451,80344,,11,,,,,,,,,,,,,stage/red.csv,,,,,,,,
81452,80344,,12,,,,,,,,,,,,,stage/red.csv,,,,,,,,
81453,80345,,1,,,,,,,,,,,,,stage/red.csv,,,,,,,,
81454,80345,,2,,,,,,,,,,,,,stage/red.csv,,,,,,,,
81455,80345,,3,,,,,,,,,,,,,stage/red.csv,,,,,,,,
81456,80345,,4,,,,,,,,,,,,,stage/red.csv,,,,,,,,
81457,80345,,5,,,,,,,,,,,,,stage/red.csv,,,,,,,,
81458,80345,,6,,,,,,,,,,,,,stage/red.csv,,,,,,,,
81459,80345,,7,,,,,,,,,,,,,stage/red.csv,,,,,,,,
81460,80345,,8,,,,,,,,,,,,,stage/red.csv,,,,,,,,
81461,80345,,9,,,,,,,,,,,,,stage/red.csv,,,,,,,,
81462,80345,,10,,,,,,,,,,,,,stage/red.csv,,,,,,,,
81463,80345,,11,,,,,,,,,,,,,stage/red.csv,,,,,,,,
81464,80345,,12,,,,,,,,,,,,,stage/red.csv,,,,,,,,
81465,80346,,1,,,,,,,,,,,,,stage/red.csv,,,,,,,,
81466,80346,,2,,,,,,,,,,,,,stage/red.csv,,,,,,,,
81467,80346,,3,,,,,,,,,,,,,stage/red.csv,,,,,,,,
81468,80346,,4,,,,,,,,,,,,,stage/red.csv,,,,,,,,
81469,80346,,5,,,,,,,,,,,,,stage/red.csv,,,,,,,,
81470,80346,,6,,,,,,,,,,,,,stage/red.csv,,,,,,,,
81471,80346,,7,,,,,,,,,,,,,stage/red.csv,,,,,,,,
81472,80346,,8,,,,,,,,,,,,,stage/red.csv,,,,,,,,
81473,80346,,9,,,,,,,,,,,,,stage/red.csv,,,,,,,,
81474,80346,,10,,,,,,,,,,,,,stage/red.csv,,,,,,,,
81475,80346,,11,,,,,,,,,,,,,stage/red.csv,,,,,,,,
81476,80346,,12,,,,,,,,,,,,,stage/red.csv,,,,,,,,
81477,80351,,1,<291303;292242;290242;292233;300442;293171>,,,,,,,,,,,,stage/red.csv,,,,,,,,
81478,80351,,2,,,,,,,,,,,,,stage/red.csv,,,,,,,,
81479,80351,,3,,,,,,,,,,,,,stage/red.csv,,,,,,,,
81480,80351,,4,,,,,,,,,,,,,stage/red.csv,,,,,,,,
81481,80351,,5,,,,,,,,,,,,,stage/red.csv,,,,,,,,
81482,80351,,6,,,,,,,,,,,,,stage/red.csv,,,,,,,,
81483,80351,,7,,,,,,,,,,,,,stage/red.csv,,,,,,,,
81484,80351,,8,,,,,,,,,,,,,stage/red.csv,,,,,,,,
81485,80351,,9,,,,,,,,,,,,,stage/red.csv,,,,,,,,
81486,80351,,10,,,,,,,,,,,,,stage/red.csv,,,,,,,,
81487,80351,,11,,,,,,,,,,,,,stage/red.csv,,,,,,,,
81488,80351,,12,,,,,,,,,,,,,stage/red.csv,,,,,,,,
81489,80401,,1,,,,,,,,,,,,,stage/aml.csv,,,,,,,,
81490,80401,,2,,,,,,,,,,,,,stage/aml.csv,,,,,,,,
81491,80401,,3,,,,,,,,,,,,,stage/aml.csv,,,,,,,,
81492,80401,,4,,,,,,,,,,,,,stage/aml.csv,,,,,,,,
81493,80401,,5,,,,,,,,,,,,,stage/aml.csv,,,,,,,,
81494,80401,,6,,,,,,,,,,,,,stage/aml.csv,,,,,,,,
81495,80401,,7,,,,,,,,,,,,,stage/aml.csv,,,,,,,,
81496,80401,,8,,,,,,,,,,,,,stage/aml.csv,,,,,,,,
81497,80401,,9,,,,,,,,,,,,,stage/aml.csv,,,,,,,,
81498,80401,,10,,,,,,,,,,,,,stage/aml.csv,,,,,,,,
81499,80401,,11,,,,,,,,,,,,,stage/aml.csv,,,,,,,,
81500,80401,,12,,,,,,,,,,,,,stage/aml.csv,,,,,,,,
81501,80402,,1,<292013;292013;292013;292013;306411;292013>,,,,,,,,,,,,stage/aml.csv,,,,,,,,
81502,80402,,2,,,,,,,,,,,,,stage/aml.csv,,,,,,,,
81503,80402,,3,,,,,,,,,,,,,stage/aml.csv,,,,,,,,
81504,80402,,4,,,,,,,,,,,,,stage/aml.csv,,,,,,,,
81505,80402,,5,,,,,,,,,,,,,stage/aml.csv,,,,,,,,
81506,80402,,6,,,,,,,,,,,,,stage/aml.csv,,,,,,,,
81507,80402,,7,,,,,,,,,,,,,stage/aml.csv,,,,,,,,
81508,80402,,8,,,,,,,,,,,,,stage/aml.csv,,,,,,,,
81509,80402,,9,,,,,,,,,,,,,stage/aml.csv,,,,,,,,
81510,80402,,10,,,,,,,,,,,,,stage/aml.csv,,,,,,,,
81511,80402,,11,,,,,,,,,,,,,stage/aml.csv,,,,,,,,
81512,80402,,12,,,,,,,,,,,,,stage/aml.csv,,,,,,,,
81513,80403,,1,<292633;292633;292633;292633;290593;292633>,,,,,,,,,,,,stage/aml.csv,,,,,,,,
81514,80403,,2,,,,,,,,,,,,,stage/aml.csv,,,,,,,,
81515,80403,,3,,,,,,,,,,,,,stage/aml.csv,,,,,,,,
81516,80403,,4,,,,,,,,,,,,,stage/aml.csv,,,,,,,,
81517,80403,,5,,,,,,,,,,,,,stage/aml.csv,,,,,,,,
81518,80403,,6,,,,,,,,,,,,,stage/aml.csv,,,,,,,,
81519,80403,,7,,,,,,,,,,,,,stage/aml.csv,,,,,,,,
81520,80403,,8,,,,,,,,,,,,,stage/aml.csv,,,,,,,,
81521,80403,,9,,,,,,,,,,,,,stage/aml.csv,,,,,,,,
81522,80403,,10,,,,,,,,,,,,,stage/aml.csv,,,,,,,,
81523,80403,,11,,,,,,,,,,,,,stage/aml.csv,,,,,,,,
81524,80403,,12,,,,,,,,,,,,,stage/aml.csv,,,,,,,,
81525,80404,,1,,,,,,,,,,,,,stage/aml.csv,,,,,,,,
81526,80404,,2,,,,,,,,,,,,,stage/aml.csv,,,,,,,,
81527,80404,,3,,,,,,,,,,,,,stage/aml.csv,,,,,,,,
81528,80404,,4,,,,,,,,,,,,,stage/aml.csv,,,,,,,,
81529,80404,,5,,,,,,,,,,,,,stage/aml.csv,,,,,,,,
81530,80404,,6,,,,,,,,,,,,,stage/aml.csv,,,,,,,,
81531,80404,,7,,,,,,,,,,,,,stage/aml.csv,,,,,,,,
81532,80404,,8,,,,,,,,,,,,,stage/aml.csv,,,,,,,,
81533,80404,,9,,,,,,,,,,,,,stage/aml.csv,,,,,,,,
81534,80404,,10,,,,,,,,,,,,,stage/aml.csv,,,,,,,,
81535,80404,,11,,,,,,,,,,,,,stage/aml.csv,,,,,,,,
81536,80404,,12,,,,,,,,,,,,,stage/aml.csv,,,,,,,,
81537,80405,,1,,,,,,,,,,,,,stage/aml.csv,,,,,,,,
81538,80405,,2,,,,,,,,,,,,,stage/aml.csv,,,,,,,,
81539,80405,,3,,,,,,,,,,,,,stage/aml.csv,,,,,,,,
81540,80405,,4,,,,,,,,,,,,,stage/aml.csv,,,,,,,,
81541,80405,,5,,,,,,,,,,,,,stage/aml.csv,,,,,,,,
81542,80405,,6,,,,,,,,,,,,,stage/aml.csv,,,,,,,,
81543,80405,,7,,,,,,,,,,,,,stage/aml.csv,,,,,,,,
81544,80405,,8,,,,,,,,,,,,,stage/aml.csv,,,,,,,,
81545,80405,,9,,,,,,,,,,,,,stage/aml.csv,,,,,,,,
81546,80405,,10,,,,,,,,,,,,,stage/aml.csv,,,,,,,,
81547,80405,,11,,,,,,,,,,,,,stage/aml.csv,,,,,,,,
81548,80405,,12,,,,,,,,,,,,,stage/aml.csv,,,,,,,,
81549,80406,,1,,,,,,,,,,,,,stage/aml.csv,,,,,,,,
81550,80406,,2,,,,,,,,,,,,,stage/aml.csv,,,,,,,,
81551,80406,,3,,,,,,,,,,,,,stage/aml.csv,,,,,,,,
81552,80406,,4,,,,,,,,,,,,,stage/aml.csv,,,,,,,,
81553,80406,,5,,,,,,,,,,,,,stage/aml.csv,,,,,,,,
81554,80406,,6,,,,,,,,,,,,,stage/aml.csv,,,,,,,,
81555,80406,,7,,,,,,,,,,,,,stage/aml.csv,,,,,,,,
81556,80406,,8,,,,,,,,,,,,,stage/aml.csv,,,,,,,,
81557,80406,,9,,,,,,,,,,,,,stage/aml.csv,,,,,,,,
81558,80406,,10,,,,,,,,,,,,,stage/aml.csv,,,,,,,,
81559,80406,,11,,,,,,,,,,,,,stage/aml.csv,,,,,,,,
81560,80406,,12,,,,,,,,,,,,,stage/aml.csv,,,,,,,,
81561,80411,,1,,,,,,,,,,,,,stage/aml.csv,,,,,,,,
81562,80411,,2,,,,,,,,,,,,,stage/aml.csv,,,,,,,,
81563,80411,,3,,,,,,,,,,,,,stage/aml.csv,,,,,,,,
81564,80411,,4,,,,,,,,,,,,,stage/aml.csv,,,,,,,,
81565,80411,,5,,,,,,,,,,,,,stage/aml.csv,,,,,,,,
81566,80411,,6,,,,,,,,,,,,,stage/aml.csv,,,,,,,,
81567,80411,,7,,,,,,,,,,,,,stage/aml.csv,,,,,,,,
81568,80411,,8,,,,,,,,,,,,,stage/aml.csv,,,,,,,,
81569,80411,,9,,,,,,,,,,,,,stage/aml.csv,,,,,,,,
81570,80411,,10,,,,,,,,,,,,,stage/aml.csv,,,,,,,,
81571,80411,,11,,,,,,,,,,,,,stage/aml.csv,,,,,,,,
81572,80411,,12,,,,,,,,,,,,,stage/aml.csv,,,,,,,,
81573,80412,,1,<290593;290593;290593;290593;291221;290593>,,,,,,,,,,,,stage/aml.csv,,,,,,,,
81574,80412,,2,,,,,,,,,,,,,stage/aml.csv,,,,,,,,
81575,80412,,3,,,,,,,,,,,,,stage/aml.csv,,,,,,,,
81576,80412,,4,,,,,,,,,,,,,stage/aml.csv,,,,,,,,
81577,80412,,5,,,,,,,,,,,,,stage/aml.csv,,,,,,,,
81578,80412,,6,,,,,,,,,,,,,stage/aml.csv,,,,,,,,
81579,80412,,7,,,,,,,,,,,,,stage/aml.csv,,,,,,,,
81580,80412,,8,,,,,,,,,,,,,stage/aml.csv,,,,,,,,
81581,80412,,9,,,,,,,,,,,,,stage/aml.csv,,,,,,,,
81582,80412,,10,,,,,,,,,,,,,stage/aml.csv,,,,,,,,
81583,80412,,11,,,,,,,,,,,,,stage/aml.csv,,,,,,,,
81584,80412,,12,,,,,,,,,,,,,stage/aml.csv,,,,,,,,
81585,80413,,1,,,,,,,,,,,,,stage/aml.csv,,,,,,,,
81586,80413,,2,,,,,,,,,,,,,stage/aml.csv,,,,,,,,
81587,80413,,3,,,,,,,,,,,,,stage/aml.csv,,,,,,,,
81588,80413,,4,,,,,,,,,,,,,stage/aml.csv,,,,,,,,
81589,80413,,5,,,,,,,,,,,,,stage/aml.csv,,,,,,,,
81590,80413,,6,,,,,,,,,,,,,stage/aml.csv,,,,,,,,
81591,80413,,7,,,,,,,,,,,,,stage/aml.csv,,,,,,,,
81592,80413,,8,,,,,,,,,,,,,stage/aml.csv,,,,,,,,
81593,80413,,9,,,,,,,,,,,,,stage/aml.csv,,,,,,,,
81594,80413,,10,,,,,,,,,,,,,stage/aml.csv,,,,,,,,
81595,80413,,11,,,,,,,,,,,,,stage/aml.csv,,,,,,,,
81596,80413,,12,,,,,,,,,,,,,stage/aml.csv,,,,,,,,
81597,80414,,1,,,,,,,,,,,,,stage/aml.csv,,,,,,,,
81598,80414,,2,,,,,,,,,,,,,stage/aml.csv,,,,,,,,
81599,80414,,3,,,,,,,,,,,,,stage/aml.csv,,,,,,,,
81600,80414,,4,,,,,,,,,,,,,stage/aml.csv,,,,,,,,
81601,80414,,5,,,,,,,,,,,,,stage/aml.csv,,,,,,,,
81602,80414,,6,,,,,,,,,,,,,stage/aml.csv,,,,,,,,
81603,80414,,7,,,,,,,,,,,,,stage/aml.csv,,,,,,,,
81604,80414,,8,,,,,,,,,,,,,stage/aml.csv,,,,,,,,
81605,80414,,9,,,,,,,,,,,,,stage/aml.csv,,,,,,,,
81606,80414,,10,,,,,,,,,,,,,stage/aml.csv,,,,,,,,
81607,80414,,11,,,,,,,,,,,,,stage/aml.csv,,,,,,,,
81608,80414,,12,,,,,,,,,,,,,stage/aml.csv,,,,,,,,
81609,80415,,1,,,,,,,,,,,,,stage/aml.csv,,,,,,,,
81610,80415,,2,,,,,,,,,,,,,stage/aml.csv,,,,,,,,
81611,80415,,3,,,,,,,,,,,,,stage/aml.csv,,,,,,,,
81612,80415,,4,,,,,,,,,,,,,stage/aml.csv,,,,,,,,
81613,80415,,5,,,,,,,,,,,,,stage/aml.csv,,,,,,,,
81614,80415,,6,,,,,,,,,,,,,stage/aml.csv,,,,,,,,
81615,80415,,7,,,,,,,,,,,,,stage/aml.csv,,,,,,,,
81616,80415,,8,,,,,,,,,,,,,stage/aml.csv,,,,,,,,
81617,80415,,9,,,,,,,,,,,,,stage/aml.csv,,,,,,,,
81618,80415,,10,,,,,,,,,,,,,stage/aml.csv,,,,,,,,
81619,80415,,11,,,,,,,,,,,,,stage/aml.csv,,,,,,,,
81620,80415,,12,,,,,,,,,,,,,stage/aml.csv,,,,,,,,
81621,80416,,1,,,,,,,,,,,,,stage/aml.csv,,,,,,,,
81622,80416,,2,,,,,,,,,,,,,stage/aml.csv,,,,,,,,
81623,80416,,3,,,,,,,,,,,,,stage/aml.csv,,,,,,,,
81624,80416,,4,,,,,,,,,,,,,stage/aml.csv,,,,,,,,
81625,80416,,5,,,,,,,,,,,,,stage/aml.csv,,,,,,,,
81626,80416,,6,,,,,,,,,,,,,stage/aml.csv,,,,,,,,
81627,80416,,7,,,,,,,,,,,,,stage/aml.csv,,,,,,,,
81628,80416,,8,,,,,,,,,,,,,stage/aml.csv,,,,,,,,
81629,80416,,9,,,,,,,,,,,,,stage/aml.csv,,,,,,,,
81630,80416,,10,,,,,,,,,,,,,stage/aml.csv,,,,,,,,
81631,80416,,11,,,,,,,,,,,,,stage/aml.csv,,,,,,,,
81632,80416,,12,,,,,,,,,,,,,stage/aml.csv,,,,,,,,
81633,80421,,1,<290333;290333;290333;290333;304421;290333>,,,,,,,,,,,,stage/aml.csv,,,,,,,,
81634,80421,,2,,,,,,,,,,,,,stage/aml.csv,,,,,,,,
81635,80421,,3,,,,,,,,,,,,,stage/aml.csv,,,,,,,,
81636,80421,,4,,,,,,,,,,,,,stage/aml.csv,,,,,,,,
81637,80421,,5,,,,,,,,,,,,,stage/aml.csv,,,,,,,,
81638,80421,,6,,,,,,,,,,,,,stage/aml.csv,,,,,,,,
81639,80421,,7,,,,,,,,,,,,,stage/aml.csv,,,,,,,,
81640,80421,,8,,,,,,,,,,,,,stage/aml.csv,,,,,,,,
81641,80421,,9,,,,,,,,,,,,,stage/aml.csv,,,,,,,,
81642,80421,,10,,,,,,,,,,,,,stage/aml.csv,,,,,,,,
81643,80421,,11,,,,,,,,,,,,,stage/aml.csv,,,,,,,,
81644,80421,,12,,,,,,,,,,,,,stage/aml.csv,,,,,,,,
81645,80422,,1,<290731;290731;290731;290731;304321;290731>,,,,,,,,,,,,stage/aml.csv,,,,,,,,
81646,80422,,2,,,,,,,,,,,,,stage/aml.csv,,,,,,,,
81647,80422,,3,,,,,,,,,,,,,stage/aml.csv,,,,,,,,
81648,80422,,4,,,,,,,,,,,,,stage/aml.csv,,,,,,,,
81649,80422,,5,,,,,,,,,,,,,stage/aml.csv,,,,,,,,
81650,80422,,6,,,,,,,,,,,,,stage/aml.csv,,,,,,,,
81651,80422,,7,,,,,,,,,,,,,stage/aml.csv,,,,,,,,
81652,80422,,8,,,,,,,,,,,,,stage/aml.csv,,,,,,,,
81653,80422,,9,,,,,,,,,,,,,stage/aml.csv,,,,,,,,
81654,80422,,10,,,,,,,,,,,,,stage/aml.csv,,,,,,,,
81655,80422,,11,,,,,,,,,,,,,stage/aml.csv,,,,,,,,
81656,80422,,12,,,,,,,,,,,,,stage/aml.csv,,,,,,,,
81657,80423,,1,,,,,,,,,,,,,stage/aml.csv,,,,,,,,
81658,80423,,2,,,,,,,,,,,,,stage/aml.csv,,,,,,,,
81659,80423,,3,,,,,,,,,,,,,stage/aml.csv,,,,,,,,
81660,80423,,4,,,,,,,,,,,,,stage/aml.csv,,,,,,,,
81661,80423,,5,,,,,,,,,,,,,stage/aml.csv,,,,,,,,
81662,80423,,6,,,,,,,,,,,,,stage/aml.csv,,,,,,,,
81663,80423,,7,,,,,,,,,,,,,stage/aml.csv,,,,,,,,
81664,80423,,8,,,,,,,,,,,,,stage/aml.csv,,,,,,,,
81665,80423,,9,,,,,,,,,,,,,stage/aml.csv,,,,,,,,
81666,80423,,10,,,,,,,,,,,,,stage/aml.csv,,,,,,,,
81667,80423,,11,,,,,,,,,,,,,stage/aml.csv,,,,,,,,
81668,80423,,12,,,,,,,,,,,,,stage/aml.csv,,,,,,,,
81669,80424,,1,,,,,,,,,,,,,stage/aml.csv,,,,,,,,
81670,80424,,2,,,,,,,,,,,,,stage/aml.csv,,,,,,,,
81671,80424,,3,,,,,,,,,,,,,stage/aml.csv,,,,,,,,
81672,80424,,4,,,,,,,,,,,,,stage/aml.csv,,,,,,,,
81673,80424,,5,,,,,,,,,,,,,stage/aml.csv,,,,,,,,
81674,80424,,6,,,,,,,,,,,,,stage/aml.csv,,,,,,,,
81675,80424,,7,,,,,,,,,,,,,stage/aml.csv,,,,,,,,
81676,80424,,8,,,,,,,,,,,,,stage/aml.csv,,,,,,,,
81677,80424,,9,,,,,,,,,,,,,stage/aml.csv,,,,,,,,
81678,80424,,10,,,,,,,,,,,,,stage/aml.csv,,,,,,,,
81679,80424,,11,,,,,,,,,,,,,stage/aml.csv,,,,,,,,
81680,80424,,12,,,,,,,,,,,,,stage/aml.csv,,,,,,,,
81681,80425,,1,,,,,,,,,,,,,stage/aml.csv,,,,,,,,
81682,80425,,2,,,,,,,,,,,,,stage/aml.csv,,,,,,,,
81683,80425,,3,,,,,,,,,,,,,stage/aml.csv,,,,,,,,
81684,80425,,4,,,,,,,,,,,,,stage/aml.csv,,,,,,,,
81685,80425,,5,,,,,,,,,,,,,stage/aml.csv,,,,,,,,
81686,80425,,6,,,,,,,,,,,,,stage/aml.csv,,,,,,,,
81687,80425,,7,,,,,,,,,,,,,stage/aml.csv,,,,,,,,
81688,80425,,8,,,,,,,,,,,,,stage/aml.csv,,,,,,,,
81689,80425,,9,,,,,,,,,,,,,stage/aml.csv,,,,,,,,
81690,80425,,10,,,,,,,,,,,,,stage/aml.csv,,,,,,,,
81691,80425,,11,,,,,,,,,,,,,stage/aml.csv,,,,,,,,
81692,80425,,12,,,,,,,,,,,,,stage/aml.csv,,,,,,,,
81693,80426,,1,,,,,,,,,,,,,stage/aml.csv,,,,,,,,
81694,80426,,2,,,,,,,,,,,,,stage/aml.csv,,,,,,,,
81695,80426,,3,,,,,,,,,,,,,stage/aml.csv,,,,,,,,
81696,80426,,4,,,,,,,,,,,,,stage/aml.csv,,,,,,,,
81697,80426,,5,,,,,,,,,,,,,stage/aml.csv,,,,,,,,
81698,80426,,6,,,,,,,,,,,,,stage/aml.csv,,,,,,,,
81699,80426,,7,,,,,,,,,,,,,stage/aml.csv,,,,,,,,
81700,80426,,8,,,,,,,,,,,,,stage/aml.csv,,,,,,,,
81701,80426,,9,,,,,,,,,,,,,stage/aml.csv,,,,,,,,
81702,80426,,10,,,,,,,,,,,,,stage/aml.csv,,,,,,,,
81703,80426,,11,,,,,,,,,,,,,stage/aml.csv,,,,,,,,
81704,80426,,12,,,,,,,,,,,,,stage/aml.csv,,,,,,,,
81705,80431,,1,<0;0;0;290721;0;292401>,,,,,,,,,,,,stage/aml.csv,,,,,,,,
81706,80431,,2,<0;0;0;291241;0;290263>,,,,,,,,,,,,stage/aml.csv,,,,,,,,
81707,80431,,3,,,,,,,,,,,,,stage/aml.csv,,,,,,,,
81708,80431,,4,,,,,,,,,,,,,stage/aml.csv,,,,,,,,
81709,80431,,5,,,,,,,,,,,,,stage/aml.csv,,,,,,,,
81710,80431,,6,,,,,,,,,,,,,stage/aml.csv,,,,,,,,
81711,80431,,7,,,,,,,,,,,,,stage/aml.csv,,,,,,,,
81712,80431,,8,,,,,,,,,,,,,stage/aml.csv,,,,,,,,
81713,80431,,9,,,,,,,,,,,,,stage/aml.csv,,,,,,,,
81714,80431,,10,,,,,,,,,,,,,stage/aml.csv,,,,,,,,
81715,80431,,11,,,,,,,,,,,,,stage/aml.csv,,,,,,,,
81716,80431,,12,,,,,,,,,,,,,stage/aml.csv,,,,,,,,
81717,80432,,1,<290883;290883;290883;290883;304121;290883>,,,,,,,,,,,,stage/aml.csv,,,,,,,,
81718,80432,,2,,,,,,,,,,,,,stage/aml.csv,,,,,,,,
81719,80432,,3,,,,,,,,,,,,,stage/aml.csv,,,,,,,,
81720,80432,,4,,,,,,,,,,,,,stage/aml.csv,,,,,,,,
81721,80432,,5,,,,,,,,,,,,,stage/aml.csv,,,,,,,,
81722,80432,,6,,,,,,,,,,,,,stage/aml.csv,,,,,,,,
81723,80432,,7,,,,,,,,,,,,,stage/aml.csv,,,,,,,,
81724,80432,,8,,,,,,,,,,,,,stage/aml.csv,,,,,,,,
81725,80432,,9,,,,,,,,,,,,,stage/aml.csv,,,,,,,,
81726,80432,,10,,,,,,,,,,,,,stage/aml.csv,,,,,,,,
81727,80432,,11,,,,,,,,,,,,,stage/aml.csv,,,,,,,,
81728,80432,,12,,,,,,,,,,,,,stage/aml.csv,,,,,,,,
81729,80433,,1,,,,,,,,,,,,,stage/aml.csv,,,,,,,,
81730,80433,,2,,,,,,,,,,,,,stage/aml.csv,,,,,,,,
81731,80433,,3,,,,,,,,,,,,,stage/aml.csv,,,,,,,,
81732,80433,,4,,,,,,,,,,,,,stage/aml.csv,,,,,,,,
81733,80433,,5,,,,,,,,,,,,,stage/aml.csv,,,,,,,,
81734,80433,,6,,,,,,,,,,,,,stage/aml.csv,,,,,,,,
81735,80433,,7,,,,,,,,,,,,,stage/aml.csv,,,,,,,,
81736,80433,,8,,,,,,,,,,,,,stage/aml.csv,,,,,,,,
81737,80433,,9,,,,,,,,,,,,,stage/aml.csv,,,,,,,,
81738,80433,,10,,,,,,,,,,,,,stage/aml.csv,,,,,,,,
81739,80433,,11,,,,,,,,,,,,,stage/aml.csv,,,,,,,,
81740,80433,,12,,,,,,,,,,,,,stage/aml.csv,,,,,,,,
81741,80434,,1,,,,,,,,,,,,,stage/aml.csv,,,,,,,,
81742,80434,,2,,,,,,,,,,,,,stage/aml.csv,,,,,,,,
81743,80434,,3,,,,,,,,,,,,,stage/aml.csv,,,,,,,,
81744,80434,,4,,,,,,,,,,,,,stage/aml.csv,,,,,,,,
81745,80434,,5,,,,,,,,,,,,,stage/aml.csv,,,,,,,,
81746,80434,,6,,,,,,,,,,,,,stage/aml.csv,,,,,,,,
81747,80434,,7,,,,,,,,,,,,,stage/aml.csv,,,,,,,,
81748,80434,,8,,,,,,,,,,,,,stage/aml.csv,,,,,,,,
81749,80434,,9,,,,,,,,,,,,,stage/aml.csv,,,,,,,,
81750,80434,,10,,,,,,,,,,,,,stage/aml.csv,,,,,,,,
81751,80434,,11,,,,,,,,,,,,,stage/aml.csv,,,,,,,,
81752,80434,,12,,,,,,,,,,,,,stage/aml.csv,,,,,,,,
81753,80435,,1,,,,,,,,,,,,,stage/aml.csv,,,,,,,,
81754,80435,,2,,,,,,,,,,,,,stage/aml.csv,,,,,,,,
81755,80435,,3,,,,,,,,,,,,,stage/aml.csv,,,,,,,,
81756,80435,,4,,,,,,,,,,,,,stage/aml.csv,,,,,,,,
81757,80435,,5,,,,,,,,,,,,,stage/aml.csv,,,,,,,,
81758,80435,,6,,,,,,,,,,,,,stage/aml.csv,,,,,,,,
81759,80435,,7,,,,,,,,,,,,,stage/aml.csv,,,,,,,,
81760,80435,,8,,,,,,,,,,,,,stage/aml.csv,,,,,,,,
81761,80435,,9,,,,,,,,,,,,,stage/aml.csv,,,,,,,,
81762,80435,,10,,,,,,,,,,,,,stage/aml.csv,,,,,,,,
81763,80435,,11,,,,,,,,,,,,,stage/aml.csv,,,,,,,,
81764,80435,,12,,,,,,,,,,,,,stage/aml.csv,,,,,,,,
81765,80436,,1,,,,,,,,,,,,,stage/aml.csv,,,,,,,,
81766,80436,,2,,,,,,,,,,,,,stage/aml.csv,,,,,,,,
81767,80436,,3,,,,,,,,,,,,,stage/aml.csv,,,,,,,,
81768,80436,,4,,,,,,,,,,,,,stage/aml.csv,,,,,,,,
81769,80436,,5,,,,,,,,,,,,,stage/aml.csv,,,,,,,,
81770,80436,,6,,,,,,,,,,,,,stage/aml.csv,,,,,,,,
81771,80436,,7,,,,,,,,,,,,,stage/aml.csv,,,,,,,,
81772,80436,,8,,,,,,,,,,,,,stage/aml.csv,,,,,,,,
81773,80436,,9,,,,,,,,,,,,,stage/aml.csv,,,,,,,,
81774,80436,,10,,,,,,,,,,,,,stage/aml.csv,,,,,,,,
81775,80436,,11,,,,,,,,,,,,,stage/aml.csv,,,,,,,,
81776,80436,,12,,,,,,,,,,,,,stage/aml.csv,,,,,,,,
81777,80441,,1,<290263;290263;290263;293021;301421;293021>,,,,,,,,,,,,stage/aml.csv,,,,,,,,
81778,80441,,2,,,,,,,,,,,,,stage/aml.csv,,,,,,,,
81779,80441,,3,,,,,,,,,,,,,stage/aml.csv,,,,,,,,
81780,80441,,4,,,,,,,,,,,,,stage/aml.csv,,,,,,,,
81781,80441,,5,,,,,,,,,,,,,stage/aml.csv,,,,,,,,
81782,80441,,6,,,,,,,,,,,,,stage/aml.csv,,,,,,,,
81783,80441,,7,,,,,,,,,,,,,stage/aml.csv,,,,,,,,
81784,80441,,8,,,,,,,,,,,,,stage/aml.csv,,,,,,,,
81785,80441,,9,,,,,,,,,,,,,stage/aml.csv,,,,,,,,
81786,80441,,10,,,,,,,,,,,,,stage/aml.csv,,,,,,,,
81787,80441,,11,,,,,,,,,,,,,stage/aml.csv,,,,,,,,
81788,80441,,12,,,,,,,,,,,,,stage/aml.csv,,,,,,,,
81789,80442,,1,<290883;290333;290883;290731;304441;290731>,,,,,,,,,,,,stage/aml.csv,,,,,,,,
81790,80442,,2,,,,,,,,,,,,,stage/aml.csv,,,,,,,,
81791,80442,,3,,,,,,,,,,,,,stage/aml.csv,,,,,,,,
81792,80442,,4,,,,,,,,,,,,,stage/aml.csv,,,,,,,,
81793,80442,,5,,,,,,,,,,,,,stage/aml.csv,,,,,,,,
81794,80442,,6,,,,,,,,,,,,,stage/aml.csv,,,,,,,,
81795,80442,,7,,,,,,,,,,,,,stage/aml.csv,,,,,,,,
81796,80442,,8,,,,,,,,,,,,,stage/aml.csv,,,,,,,,
81797,80442,,9,,,,,,,,,,,,,stage/aml.csv,,,,,,,,
81798,80442,,10,,,,,,,,,,,,,stage/aml.csv,,,,,,,,
81799,80442,,11,,,,,,,,,,,,,stage/aml.csv,,,,,,,,
81800,80442,,12,,,,,,,,,,,,,stage/aml.csv,,,,,,,,
81801,80443,,1,,,,,,,,,,,,,stage/aml.csv,,,,,,,,
81802,80443,,2,,,,,,,,,,,,,stage/aml.csv,,,,,,,,
81803,80443,,3,,,,,,,,,,,,,stage/aml.csv,,,,,,,,
81804,80443,,4,,,,,,,,,,,,,stage/aml.csv,,,,,,,,
81805,80443,,5,,,,,,,,,,,,,stage/aml.csv,,,,,,,,
81806,80443,,6,,,,,,,,,,,,,stage/aml.csv,,,,,,,,
81807,80443,,7,,,,,,,,,,,,,stage/aml.csv,,,,,,,,
81808,80443,,8,,,,,,,,,,,,,stage/aml.csv,,,,,,,,
81809,80443,,9,,,,,,,,,,,,,stage/aml.csv,,,,,,,,
81810,80443,,10,,,,,,,,,,,,,stage/aml.csv,,,,,,,,
81811,80443,,11,,,,,,,,,,,,,stage/aml.csv,,,,,,,,
81812,80443,,12,,,,,,,,,,,,,stage/aml.csv,,,,,,,,
81813,80444,,1,,,,,,,,,,,,,stage/aml.csv,,,,,,,,
81814,80444,,2,,,,,,,,,,,,,stage/aml.csv,,,,,,,,
81815,80444,,3,,,,,,,,,,,,,stage/aml.csv,,,,,,,,
81816,80444,,4,,,,,,,,,,,,,stage/aml.csv,,,,,,,,
81817,80444,,5,,,,,,,,,,,,,stage/aml.csv,,,,,,,,
81818,80444,,6,,,,,,,,,,,,,stage/aml.csv,,,,,,,,
81819,80444,,7,,,,,,,,,,,,,stage/aml.csv,,,,,,,,
81820,80444,,8,,,,,,,,,,,,,stage/aml.csv,,,,,,,,
81821,80444,,9,,,,,,,,,,,,,stage/aml.csv,,,,,,,,
81822,80444,,10,,,,,,,,,,,,,stage/aml.csv,,,,,,,,
81823,80444,,11,,,,,,,,,,,,,stage/aml.csv,,,,,,,,
81824,80444,,12,,,,,,,,,,,,,stage/aml.csv,,,,,,,,
81825,80445,,1,,,,,,,,,,,,,stage/aml.csv,,,,,,,,
81826,80445,,2,,,,,,,,,,,,,stage/aml.csv,,,,,,,,
81827,80445,,3,,,,,,,,,,,,,stage/aml.csv,,,,,,,,
81828,80445,,4,,,,,,,,,,,,,stage/aml.csv,,,,,,,,
81829,80445,,5,,,,,,,,,,,,,stage/aml.csv,,,,,,,,
81830,80445,,6,,,,,,,,,,,,,stage/aml.csv,,,,,,,,
81831,80445,,7,,,,,,,,,,,,,stage/aml.csv,,,,,,,,
81832,80445,,8,,,,,,,,,,,,,stage/aml.csv,,,,,,,,
81833,80445,,9,,,,,,,,,,,,,stage/aml.csv,,,,,,,,
81834,80445,,10,,,,,,,,,,,,,stage/aml.csv,,,,,,,,
81835,80445,,11,,,,,,,,,,,,,stage/aml.csv,,,,,,,,
81836,80445,,12,,,,,,,,,,,,,stage/aml.csv,,,,,,,,
81837,80446,,1,,,,,,,,,,,,,stage/aml.csv,,,,,,,,
81838,80446,,2,,,,,,,,,,,,,stage/aml.csv,,,,,,,,
81839,80446,,3,,,,,,,,,,,,,stage/aml.csv,,,,,,,,
81840,80446,,4,,,,,,,,,,,,,stage/aml.csv,,,,,,,,
81841,80446,,5,,,,,,,,,,,,,stage/aml.csv,,,,,,,,
81842,80446,,6,,,,,,,,,,,,,stage/aml.csv,,,,,,,,
81843,80446,,7,,,,,,,,,,,,,stage/aml.csv,,,,,,,,
81844,80446,,8,,,,,,,,,,,,,stage/aml.csv,,,,,,,,
81845,80446,,9,,,,,,,,,,,,,stage/aml.csv,,,,,,,,
81846,80446,,10,,,,,,,,,,,,,stage/aml.csv,,,,,,,,
81847,80446,,11,,,,,,,,,,,,,stage/aml.csv,,,,,,,,
81848,80446,,12,,,,,,,,,,,,,stage/aml.csv,,,,,,,,
81849,80451,,1,<291241;293021;292401;290721;304441;290263>,,,,,,,,,,,,stage/aml.csv,,,,,,,,
81850,80451,,2,,,,,,,,,,,,,stage/aml.csv,,,,,,,,
81851,80451,,3,,,,,,,,,,,,,stage/aml.csv,,,,,,,,
81852,80451,,4,,,,,,,,,,,,,stage/aml.csv,,,,,,,,
81853,80451,,5,,,,,,,,,,,,,stage/aml.csv,,,,,,,,
81854,80451,,6,,,,,,,,,,,,,stage/aml.csv,,,,,,,,
81855,80451,,7,,,,,,,,,,,,,stage/aml.csv,,,,,,,,
81856,80451,,8,,,,,,,,,,,,,stage/aml.csv,,,,,,,,
81857,80451,,9,,,,,,,,,,,,,stage/aml.csv,,,,,,,,
81858,80451,,10,,,,,,,,,,,,,stage/aml.csv,,,,,,,,
81859,80451,,11,,,,,,,,,,,,,stage/aml.csv,,,,,,,,
81860,80451,,12,,,,,,,,,,,,,stage/aml.csv,,,,,,,,
81861,80501,,1,,,,,,,,,,,,,stage/night.csv,,,,,,,,
81862,80501,,2,,,,,,,,,,,,,stage/night.csv,,,,,,,,
81863,80501,,3,,,,,,,,,,,,,stage/night.csv,,,,,,,,
81864,80501,,4,,,,,,,,,,,,,stage/night.csv,,,,,,,,
81865,80501,,5,,,,,,,,,,,,,stage/night.csv,,,,,,,,
81866,80501,,6,,,,,,,,,,,,,stage/night.csv,,,,,,,,
81867,80501,,7,,,,,,,,,,,,,stage/night.csv,,,,,,,,
81868,80501,,8,,,,,,,,,,,,,stage/night.csv,,,,,,,,
81869,80501,,9,,,,,,,,,,,,,stage/night.csv,,,,,,,,
81870,80501,,10,,,,,,,,,,,,,stage/night.csv,,,,,,,,
81871,80501,,11,,,,,,,,,,,,,stage/night.csv,,,,,,,,
81872,80501,,12,,,,,,,,,,,,,stage/night.csv,,,,,,,,
81873,80502,,1,<290402;290402;290402;290402;307411;290402>,,,,,,,,,,,,stage/night.csv,,,,,,,,
81874,80502,,2,,,,,,,,,,,,,stage/night.csv,,,,,,,,
81875,80502,,3,,,,,,,,,,,,,stage/night.csv,,,,,,,,
81876,80502,,4,,,,,,,,,,,,,stage/night.csv,,,,,,,,
81877,80502,,5,,,,,,,,,,,,,stage/night.csv,,,,,,,,
81878,80502,,6,,,,,,,,,,,,,stage/night.csv,,,,,,,,
81879,80502,,7,,,,,,,,,,,,,stage/night.csv,,,,,,,,
81880,80502,,8,,,,,,,,,,,,,stage/night.csv,,,,,,,,
81881,80502,,9,,,,,,,,,,,,,stage/night.csv,,,,,,,,
81882,80502,,10,,,,,,,,,,,,,stage/night.csv,,,,,,,,
81883,80502,,11,,,,,,,,,,,,,stage/night.csv,,,,,,,,
81884,80502,,12,,,,,,,,,,,,,stage/night.csv,,,,,,,,
81885,80503,,1,,,,,,,,,,,,,stage/night.csv,,,,,,,,
81886,80503,,2,,,,,,,,,,,,,stage/night.csv,,,,,,,,
81887,80503,,3,,,,,,,,,,,,,stage/night.csv,,,,,,,,
81888,80503,,4,,,,,,,,,,,,,stage/night.csv,,,,,,,,
81889,80503,,5,,,,,,,,,,,,,stage/night.csv,,,,,,,,
81890,80503,,6,,,,,,,,,,,,,stage/night.csv,,,,,,,,
81891,80503,,7,,,,,,,,,,,,,stage/night.csv,,,,,,,,
81892,80503,,8,,,,,,,,,,,,,stage/night.csv,,,,,,,,
81893,80503,,9,,,,,,,,,,,,,stage/night.csv,,,,,,,,
81894,80503,,10,,,,,,,,,,,,,stage/night.csv,,,,,,,,
81895,80503,,11,,,,,,,,,,,,,stage/night.csv,,,,,,,,
81896,80503,,12,,,,,,,,,,,,,stage/night.csv,,,,,,,,
81897,80504,,1,,,,,,,,,,,,,stage/night.csv,,,,,,,,
81898,80504,,2,,,,,,,,,,,,,stage/night.csv,,,,,,,,
81899,80504,,3,,,,,,,,,,,,,stage/night.csv,,,,,,,,
81900,80504,,4,,,,,,,,,,,,,stage/night.csv,,,,,,,,
81901,80504,,5,,,,,,,,,,,,,stage/night.csv,,,,,,,,
81902,80504,,6,,,,,,,,,,,,,stage/night.csv,,,,,,,,
81903,80504,,7,,,,,,,,,,,,,stage/night.csv,,,,,,,,
81904,80504,,8,,,,,,,,,,,,,stage/night.csv,,,,,,,,
81905,80504,,9,,,,,,,,,,,,,stage/night.csv,,,,,,,,
81906,80504,,10,,,,,,,,,,,,,stage/night.csv,,,,,,,,
81907,80504,,11,,,,,,,,,,,,,stage/night.csv,,,,,,,,
81908,80504,,12,,,,,,,,,,,,,stage/night.csv,,,,,,,,
81909,80505,,1,,,,,,,,,,,,,stage/night.csv,,,,,,,,
81910,80505,,2,,,,,,,,,,,,,stage/night.csv,,,,,,,,
81911,80505,,3,,,,,,,,,,,,,stage/night.csv,,,,,,,,
81912,80505,,4,,,,,,,,,,,,,stage/night.csv,,,,,,,,
81913,80505,,5,,,,,,,,,,,,,stage/night.csv,,,,,,,,
81914,80505,,6,,,,,,,,,,,,,stage/night.csv,,,,,,,,
81915,80505,,7,,,,,,,,,,,,,stage/night.csv,,,,,,,,
81916,80505,,8,,,,,,,,,,,,,stage/night.csv,,,,,,,,
81917,80505,,9,,,,,,,,,,,,,stage/night.csv,,,,,,,,
81918,80505,,10,,,,,,,,,,,,,stage/night.csv,,,,,,,,
81919,80505,,11,,,,,,,,,,,,,stage/night.csv,,,,,,,,
81920,80505,,12,,,,,,,,,,,,,stage/night.csv,,,,,,,,
81921,80506,,1,,,,,,,,,,,,,stage/night.csv,,,,,,,,
81922,80506,,2,,,,,,,,,,,,,stage/night.csv,,,,,,,,
81923,80506,,3,,,,,,,,,,,,,stage/night.csv,,,,,,,,
81924,80506,,4,,,,,,,,,,,,,stage/night.csv,,,,,,,,
81925,80506,,5,,,,,,,,,,,,,stage/night.csv,,,,,,,,
81926,80506,,6,,,,,,,,,,,,,stage/night.csv,,,,,,,,
81927,80506,,7,,,,,,,,,,,,,stage/night.csv,,,,,,,,
81928,80506,,8,,,,,,,,,,,,,stage/night.csv,,,,,,,,
81929,80506,,9,,,,,,,,,,,,,stage/night.csv,,,,,,,,
81930,80506,,10,,,,,,,,,,,,,stage/night.csv,,,,,,,,
81931,80506,,11,,,,,,,,,,,,,stage/night.csv,,,,,,,,
81932,80506,,12,,,,,,,,,,,,,stage/night.csv,,,,,,,,
81933,80511,,1,<291931;291931;291931;291931;301311;291931>,,,,,,,,,,,,stage/night.csv,,,,,,,,
81934,80511,,2,,,,,,,,,,,,,stage/night.csv,,,,,,,,
81935,80511,,3,,,,,,,,,,,,,stage/night.csv,,,,,,,,
81936,80511,,4,,,,,,,,,,,,,stage/night.csv,,,,,,,,
81937,80511,,5,,,,,,,,,,,,,stage/night.csv,,,,,,,,
81938,80511,,6,,,,,,,,,,,,,stage/night.csv,,,,,,,,
81939,80511,,7,,,,,,,,,,,,,stage/night.csv,,,,,,,,
81940,80511,,8,,,,,,,,,,,,,stage/night.csv,,,,,,,,
81941,80511,,9,,,,,,,,,,,,,stage/night.csv,,,,,,,,
81942,80511,,10,,,,,,,,,,,,,stage/night.csv,,,,,,,,
81943,80511,,11,,,,,,,,,,,,,stage/night.csv,,,,,,,,
81944,80511,,12,,,,,,,,,,,,,stage/night.csv,,,,,,,,
81945,80512,,1,<290552;290552;290552;290552;305231;290552>,,,,,,,,,,,,stage/night.csv,,,,,,,,
81946,80512,,2,,,,,,,,,,,,,stage/night.csv,,,,,,,,
81947,80512,,3,,,,,,,,,,,,,stage/night.csv,,,,,,,,
81948,80512,,4,,,,,,,,,,,,,stage/night.csv,,,,,,,,
81949,80512,,5,,,,,,,,,,,,,stage/night.csv,,,,,,,,
81950,80512,,6,,,,,,,,,,,,,stage/night.csv,,,,,,,,
81951,80512,,7,,,,,,,,,,,,,stage/night.csv,,,,,,,,
81952,80512,,8,,,,,,,,,,,,,stage/night.csv,,,,,,,,
81953,80512,,9,,,,,,,,,,,,,stage/night.csv,,,,,,,,
81954,80512,,10,,,,,,,,,,,,,stage/night.csv,,,,,,,,
81955,80512,,11,,,,,,,,,,,,,stage/night.csv,,,,,,,,
81956,80512,,12,,,,,,,,,,,,,stage/night.csv,,,,,,,,
81957,80513,,1,,,,,,,,,,,,,stage/night.csv,,,,,,,,
81958,80513,,2,,,,,,,,,,,,,stage/night.csv,,,,,,,,
81959,80513,,3,,,,,,,,,,,,,stage/night.csv,,,,,,,,
81960,80513,,4,,,,,,,,,,,,,stage/night.csv,,,,,,,,
81961,80513,,5,,,,,,,,,,,,,stage/night.csv,,,,,,,,
81962,80513,,6,,,,,,,,,,,,,stage/night.csv,,,,,,,,
81963,80513,,7,,,,,,,,,,,,,stage/night.csv,,,,,,,,
81964,80513,,8,,,,,,,,,,,,,stage/night.csv,,,,,,,,
81965,80513,,9,,,,,,,,,,,,,stage/night.csv,,,,,,,,
81966,80513,,10,,,,,,,,,,,,,stage/night.csv,,,,,,,,
81967,80513,,11,,,,,,,,,,,,,stage/night.csv,,,,,,,,
81968,80513,,12,,,,,,,,,,,,,stage/night.csv,,,,,,,,
81969,80514,,1,,,,,,,,,,,,,stage/night.csv,,,,,,,,
81970,80514,,2,,,,,,,,,,,,,stage/night.csv,,,,,,,,
81971,80514,,3,,,,,,,,,,,,,stage/night.csv,,,,,,,,
81972,80514,,4,,,,,,,,,,,,,stage/night.csv,,,,,,,,
81973,80514,,5,,,,,,,,,,,,,stage/night.csv,,,,,,,,
81974,80514,,6,,,,,,,,,,,,,stage/night.csv,,,,,,,,
81975,80514,,7,,,,,,,,,,,,,stage/night.csv,,,,,,,,
81976,80514,,8,,,,,,,,,,,,,stage/night.csv,,,,,,,,
81977,80514,,9,,,,,,,,,,,,,stage/night.csv,,,,,,,,
81978,80514,,10,,,,,,,,,,,,,stage/night.csv,,,,,,,,
81979,80514,,11,,,,,,,,,,,,,stage/night.csv,,,,,,,,
81980,80514,,12,,,,,,,,,,,,,stage/night.csv,,,,,,,,
81981,80515,,1,,,,,,,,,,,,,stage/night.csv,,,,,,,,
81982,80515,,2,,,,,,,,,,,,,stage/night.csv,,,,,,,,
81983,80515,,3,,,,,,,,,,,,,stage/night.csv,,,,,,,,
81984,80515,,4,,,,,,,,,,,,,stage/night.csv,,,,,,,,
81985,80515,,5,,,,,,,,,,,,,stage/night.csv,,,,,,,,
81986,80515,,6,,,,,,,,,,,,,stage/night.csv,,,,,,,,
81987,80515,,7,,,,,,,,,,,,,stage/night.csv,,,,,,,,
81988,80515,,8,,,,,,,,,,,,,stage/night.csv,,,,,,,,
81989,80515,,9,,,,,,,,,,,,,stage/night.csv,,,,,,,,
81990,80515,,10,,,,,,,,,,,,,stage/night.csv,,,,,,,,
81991,80515,,11,,,,,,,,,,,,,stage/night.csv,,,,,,,,
81992,80515,,12,,,,,,,,,,,,,stage/night.csv,,,,,,,,
81993,80516,,1,,,,,,,,,,,,,stage/night.csv,,,,,,,,
81994,80516,,2,,,,,,,,,,,,,stage/night.csv,,,,,,,,
81995,80516,,3,,,,,,,,,,,,,stage/night.csv,,,,,,,,
81996,80516,,4,,,,,,,,,,,,,stage/night.csv,,,,,,,,
81997,80516,,5,,,,,,,,,,,,,stage/night.csv,,,,,,,,
81998,80516,,6,,,,,,,,,,,,,stage/night.csv,,,,,,,,
81999,80516,,7,,,,,,,,,,,,,stage/night.csv,,,,,,,,
82000,80516,,8,,,,,,,,,,,,,stage/night.csv,,,,,,,,
82001,80516,,9,,,,,,,,,,,,,stage/night.csv,,,,,,,,
82002,80516,,10,,,,,,,,,,,,,stage/night.csv,,,,,,,,
82003,80516,,11,,,,,,,,,,,,,stage/night.csv,,,,,,,,
82004,80516,,12,,,,,,,,,,,,,stage/night.csv,,,,,,,,
82005,80521,,1,<291813;291813;291813;291813;305231;291813>,,,,,,,,,,,,stage/night.csv,,,,,,,,
82006,80521,,2,,,,,,,,,,,,,stage/night.csv,,,,,,,,
82007,80521,,3,,,,,,,,,,,,,stage/night.csv,,,,,,,,
82008,80521,,4,,,,,,,,,,,,,stage/night.csv,,,,,,,,
82009,80521,,5,,,,,,,,,,,,,stage/night.csv,,,,,,,,
82010,80521,,6,,,,,,,,,,,,,stage/night.csv,,,,,,,,
82011,80521,,7,,,,,,,,,,,,,stage/night.csv,,,,,,,,
82012,80521,,8,,,,,,,,,,,,,stage/night.csv,,,,,,,,
82013,80521,,9,,,,,,,,,,,,,stage/night.csv,,,,,,,,
82014,80521,,10,,,,,,,,,,,,,stage/night.csv,,,,,,,,
82015,80521,,11,,,,,,,,,,,,,stage/night.csv,,,,,,,,
82016,80521,,12,,,,,,,,,,,,,stage/night.csv,,,,,,,,
82017,80522,,1,<293152;293152;293152;293152;301311;293152>,,,,,,,,,,,,stage/night.csv,,,,,,,,
82018,80522,,2,,,,,,,,,,,,,stage/night.csv,,,,,,,,
82019,80522,,3,,,,,,,,,,,,,stage/night.csv,,,,,,,,
82020,80522,,4,,,,,,,,,,,,,stage/night.csv,,,,,,,,
82021,80522,,5,,,,,,,,,,,,,stage/night.csv,,,,,,,,
82022,80522,,6,,,,,,,,,,,,,stage/night.csv,,,,,,,,
82023,80522,,7,,,,,,,,,,,,,stage/night.csv,,,,,,,,
82024,80522,,8,,,,,,,,,,,,,stage/night.csv,,,,,,,,
82025,80522,,9,,,,,,,,,,,,,stage/night.csv,,,,,,,,
82026,80522,,10,,,,,,,,,,,,,stage/night.csv,,,,,,,,
82027,80522,,11,,,,,,,,,,,,,stage/night.csv,,,,,,,,
82028,80522,,12,,,,,,,,,,,,,stage/night.csv,,,,,,,,
82029,80523,,1,,,,,,,,,,,,,stage/night.csv,,,,,,,,
82030,80523,,2,,,,,,,,,,,,,stage/night.csv,,,,,,,,
82031,80523,,3,,,,,,,,,,,,,stage/night.csv,,,,,,,,
82032,80523,,4,,,,,,,,,,,,,stage/night.csv,,,,,,,,
82033,80523,,5,,,,,,,,,,,,,stage/night.csv,,,,,,,,
82034,80523,,6,,,,,,,,,,,,,stage/night.csv,,,,,,,,
82035,80523,,7,,,,,,,,,,,,,stage/night.csv,,,,,,,,
82036,80523,,8,,,,,,,,,,,,,stage/night.csv,,,,,,,,
82037,80523,,9,,,,,,,,,,,,,stage/night.csv,,,,,,,,
82038,80523,,10,,,,,,,,,,,,,stage/night.csv,,,,,,,,
82039,80523,,11,,,,,,,,,,,,,stage/night.csv,,,,,,,,
82040,80523,,12,,,,,,,,,,,,,stage/night.csv,,,,,,,,
82041,80524,,1,,,,,,,,,,,,,stage/night.csv,,,,,,,,
82042,80524,,2,,,,,,,,,,,,,stage/night.csv,,,,,,,,
82043,80524,,3,,,,,,,,,,,,,stage/night.csv,,,,,,,,
82044,80524,,4,,,,,,,,,,,,,stage/night.csv,,,,,,,,
82045,80524,,5,,,,,,,,,,,,,stage/night.csv,,,,,,,,
82046,80524,,6,,,,,,,,,,,,,stage/night.csv,,,,,,,,
82047,80524,,7,,,,,,,,,,,,,stage/night.csv,,,,,,,,
82048,80524,,8,,,,,,,,,,,,,stage/night.csv,,,,,,,,
82049,80524,,9,,,,,,,,,,,,,stage/night.csv,,,,,,,,
82050,80524,,10,,,,,,,,,,,,,stage/night.csv,,,,,,,,
82051,80524,,11,,,,,,,,,,,,,stage/night.csv,,,,,,,,
82052,80524,,12,,,,,,,,,,,,,stage/night.csv,,,,,,,,
82053,80525,,1,,,,,,,,,,,,,stage/night.csv,,,,,,,,
82054,80525,,2,,,,,,,,,,,,,stage/night.csv,,,,,,,,
82055,80525,,3,,,,,,,,,,,,,stage/night.csv,,,,,,,,
82056,80525,,4,,,,,,,,,,,,,stage/night.csv,,,,,,,,
82057,80525,,5,,,,,,,,,,,,,stage/night.csv,,,,,,,,
82058,80525,,6,,,,,,,,,,,,,stage/night.csv,,,,,,,,
82059,80525,,7,,,,,,,,,,,,,stage/night.csv,,,,,,,,
82060,80525,,8,,,,,,,,,,,,,stage/night.csv,,,,,,,,
82061,80525,,9,,,,,,,,,,,,,stage/night.csv,,,,,,,,
82062,80525,,10,,,,,,,,,,,,,stage/night.csv,,,,,,,,
82063,80525,,11,,,,,,,,,,,,,stage/night.csv,,,,,,,,
82064,80525,,12,,,,,,,,,,,,,stage/night.csv,,,,,,,,
82065,80526,,1,,,,,,,,,,,,,stage/night.csv,,,,,,,,
82066,80526,,2,,,,,,,,,,,,,stage/night.csv,,,,,,,,
82067,80526,,3,,,,,,,,,,,,,stage/night.csv,,,,,,,,
82068,80526,,4,,,,,,,,,,,,,stage/night.csv,,,,,,,,
82069,80526,,5,,,,,,,,,,,,,stage/night.csv,,,,,,,,
82070,80526,,6,,,,,,,,,,,,,stage/night.csv,,,,,,,,
82071,80526,,7,,,,,,,,,,,,,stage/night.csv,,,,,,,,
82072,80526,,8,,,,,,,,,,,,,stage/night.csv,,,,,,,,
82073,80526,,9,,,,,,,,,,,,,stage/night.csv,,,,,,,,
82074,80526,,10,,,,,,,,,,,,,stage/night.csv,,,,,,,,
82075,80526,,11,,,,,,,,,,,,,stage/night.csv,,,,,,,,
82076,80526,,12,,,,,,,,,,,,,stage/night.csv,,,,,,,,
82077,80531,,1,<291293;291293;291293;291293;305321;291293>,,,,,,,,,,,,stage/night.csv,,,,,,,,
82078,80531,,2,,,,,,,,,,,,,stage/night.csv,,,,,,,,
82079,80531,,3,,,,,,,,,,,,,stage/night.csv,,,,,,,,
82080,80531,,4,,,,,,,,,,,,,stage/night.csv,,,,,,,,
82081,80531,,5,,,,,,,,,,,,,stage/night.csv,,,,,,,,
82082,80531,,6,,,,,,,,,,,,,stage/night.csv,,,,,,,,
82083,80531,,7,,,,,,,,,,,,,stage/night.csv,,,,,,,,
82084,80531,,8,,,,,,,,,,,,,stage/night.csv,,,,,,,,
82085,80531,,9,,,,,,,,,,,,,stage/night.csv,,,,,,,,
82086,80531,,10,,,,,,,,,,,,,stage/night.csv,,,,,,,,
82087,80531,,11,,,,,,,,,,,,,stage/night.csv,,,,,,,,
82088,80531,,12,,,,,,,,,,,,,stage/night.csv,,,,,,,,
82089,80532,,1,<290641;290641;290641;290641;300441;290641>,,,,,,,,,,,,stage/night.csv,,,,,,,,
82090,80532,,2,,,,,,,,,,,,,stage/night.csv,,,,,,,,
82091,80532,,3,,,,,,,,,,,,,stage/night.csv,,,,,,,,
82092,80532,,4,,,,,,,,,,,,,stage/night.csv,,,,,,,,
82093,80532,,5,,,,,,,,,,,,,stage/night.csv,,,,,,,,
82094,80532,,6,,,,,,,,,,,,,stage/night.csv,,,,,,,,
82095,80532,,7,,,,,,,,,,,,,stage/night.csv,,,,,,,,
82096,80532,,8,,,,,,,,,,,,,stage/night.csv,,,,,,,,
82097,80532,,9,,,,,,,,,,,,,stage/night.csv,,,,,,,,
82098,80532,,10,,,,,,,,,,,,,stage/night.csv,,,,,,,,
82099,80532,,11,,,,,,,,,,,,,stage/night.csv,,,,,,,,
82100,80532,,12,,,,,,,,,,,,,stage/night.csv,,,,,,,,
82101,80533,,1,,,,,,,,,,,,,stage/night.csv,,,,,,,,
82102,80533,,2,,,,,,,,,,,,,stage/night.csv,,,,,,,,
82103,80533,,3,,,,,,,,,,,,,stage/night.csv,,,,,,,,
82104,80533,,4,,,,,,,,,,,,,stage/night.csv,,,,,,,,
82105,80533,,5,,,,,,,,,,,,,stage/night.csv,,,,,,,,
82106,80533,,6,,,,,,,,,,,,,stage/night.csv,,,,,,,,
82107,80533,,7,,,,,,,,,,,,,stage/night.csv,,,,,,,,
82108,80533,,8,,,,,,,,,,,,,stage/night.csv,,,,,,,,
82109,80533,,9,,,,,,,,,,,,,stage/night.csv,,,,,,,,
82110,80533,,10,,,,,,,,,,,,,stage/night.csv,,,,,,,,
82111,80533,,11,,,,,,,,,,,,,stage/night.csv,,,,,,,,
82112,80533,,12,,,,,,,,,,,,,stage/night.csv,,,,,,,,
82113,80534,,1,,,,,,,,,,,,,stage/night.csv,,,,,,,,
82114,80534,,2,,,,,,,,,,,,,stage/night.csv,,,,,,,,
82115,80534,,3,,,,,,,,,,,,,stage/night.csv,,,,,,,,
82116,80534,,4,,,,,,,,,,,,,stage/night.csv,,,,,,,,
82117,80534,,5,,,,,,,,,,,,,stage/night.csv,,,,,,,,
82118,80534,,6,,,,,,,,,,,,,stage/night.csv,,,,,,,,
82119,80534,,7,,,,,,,,,,,,,stage/night.csv,,,,,,,,
82120,80534,,8,,,,,,,,,,,,,stage/night.csv,,,,,,,,
82121,80534,,9,,,,,,,,,,,,,stage/night.csv,,,,,,,,
82122,80534,,10,,,,,,,,,,,,,stage/night.csv,,,,,,,,
82123,80534,,11,,,,,,,,,,,,,stage/night.csv,,,,,,,,
82124,80534,,12,,,,,,,,,,,,,stage/night.csv,,,,,,,,
82125,80535,,1,,,,,,,,,,,,,stage/night.csv,,,,,,,,
82126,80535,,2,,,,,,,,,,,,,stage/night.csv,,,,,,,,
82127,80535,,3,,,,,,,,,,,,,stage/night.csv,,,,,,,,
82128,80535,,4,,,,,,,,,,,,,stage/night.csv,,,,,,,,
82129,80535,,5,,,,,,,,,,,,,stage/night.csv,,,,,,,,
82130,80535,,6,,,,,,,,,,,,,stage/night.csv,,,,,,,,
82131,80535,,7,,,,,,,,,,,,,stage/night.csv,,,,,,,,
82132,80535,,8,,,,,,,,,,,,,stage/night.csv,,,,,,,,
82133,80535,,9,,,,,,,,,,,,,stage/night.csv,,,,,,,,
82134,80535,,10,,,,,,,,,,,,,stage/night.csv,,,,,,,,
82135,80535,,11,,,,,,,,,,,,,stage/night.csv,,,,,,,,
82136,80535,,12,,,,,,,,,,,,,stage/night.csv,,,,,,,,
82137,80536,,1,,,,,,,,,,,,,stage/night.csv,,,,,,,,
82138,80536,,2,,,,,,,,,,,,,stage/night.csv,,,,,,,,
82139,80536,,3,,,,,,,,,,,,,stage/night.csv,,,,,,,,
82140,80536,,4,,,,,,,,,,,,,stage/night.csv,,,,,,,,
82141,80536,,5,,,,,,,,,,,,,stage/night.csv,,,,,,,,
82142,80536,,6,,,,,,,,,,,,,stage/night.csv,,,,,,,,
82143,80536,,7,,,,,,,,,,,,,stage/night.csv,,,,,,,,
82144,80536,,8,,,,,,,,,,,,,stage/night.csv,,,,,,,,
82145,80536,,9,,,,,,,,,,,,,stage/night.csv,,,,,,,,
82146,80536,,10,,,,,,,,,,,,,stage/night.csv,,,,,,,,
82147,80536,,11,,,,,,,,,,,,,stage/night.csv,,,,,,,,
82148,80536,,12,,,,,,,,,,,,,stage/night.csv,,,,,,,,
82149,80541,,1,,,,,,,,,,,,,stage/night.csv,,,,,,,,
82150,80541,,2,,,,,,,,,,,,,stage/night.csv,,,,,,,,
82151,80541,,3,,,,,,,,,,,,,stage/night.csv,,,,,,,,
82152,80541,,4,,,,,,,,,,,,,stage/night.csv,,,,,,,,
82153,80541,,5,,,,,,,,,,,,,stage/night.csv,,,,,,,,
82154,80541,,6,,,,,,,,,,,,,stage/night.csv,,,,,,,,
82155,80541,,7,,,,,,,,,,,,,stage/night.csv,,,,,,,,
82156,80541,,8,,,,,,,,,,,,,stage/night.csv,,,,,,,,
82157,80541,,9,,,,,,,,,,,,,stage/night.csv,,,,,,,,
82158,80541,,10,,,,,,,,,,,,,stage/night.csv,,,,,,,,
82159,80541,,11,,,,,,,,,,,,,stage/night.csv,,,,,,,,
82160,80541,,12,,,,,,,,,,,,,stage/night.csv,,,,,,,,
82161,80542,,1,<290393;290393;290393;290263;291393;290263>,,,,,,,,,,,,stage/night.csv,,,,,,,,
82162,80542,,2,,,,,,,,,,,,,stage/night.csv,,,,,,,,
82163,80542,,3,,,,,,,,,,,,,stage/night.csv,,,,,,,,
82164,80542,,4,,,,,,,,,,,,,stage/night.csv,,,,,,,,
82165,80542,,5,,,,,,,,,,,,,stage/night.csv,,,,,,,,
82166,80542,,6,,,,,,,,,,,,,stage/night.csv,,,,,,,,
82167,80542,,7,,,,,,,,,,,,,stage/night.csv,,,,,,,,
82168,80542,,8,,,,,,,,,,,,,stage/night.csv,,,,,,,,
82169,80542,,9,,,,,,,,,,,,,stage/night.csv,,,,,,,,
82170,80542,,10,,,,,,,,,,,,,stage/night.csv,,,,,,,,
82171,80542,,11,,,,,,,,,,,,,stage/night.csv,,,,,,,,
82172,80542,,12,,,,,,,,,,,,,stage/night.csv,,,,,,,,
82173,80543,,1,,,,,,,,,,,,,stage/night.csv,,,,,,,,
82174,80543,,2,,,,,,,,,,,,,stage/night.csv,,,,,,,,
82175,80543,,3,,,,,,,,,,,,,stage/night.csv,,,,,,,,
82176,80543,,4,,,,,,,,,,,,,stage/night.csv,,,,,,,,
82177,80543,,5,,,,,,,,,,,,,stage/night.csv,,,,,,,,
82178,80543,,6,,,,,,,,,,,,,stage/night.csv,,,,,,,,
82179,80543,,7,,,,,,,,,,,,,stage/night.csv,,,,,,,,
82180,80543,,8,,,,,,,,,,,,,stage/night.csv,,,,,,,,
82181,80543,,9,,,,,,,,,,,,,stage/night.csv,,,,,,,,
82182,80543,,10,,,,,,,,,,,,,stage/night.csv,,,,,,,,
82183,80543,,11,,,,,,,,,,,,,stage/night.csv,,,,,,,,
82184,80543,,12,,,,,,,,,,,,,stage/night.csv,,,,,,,,
82185,80544,,1,,,,,,,,,,,,,stage/night.csv,,,,,,,,
82186,80544,,2,,,,,,,,,,,,,stage/night.csv,,,,,,,,
82187,80544,,3,,,,,,,,,,,,,stage/night.csv,,,,,,,,
82188,80544,,4,,,,,,,,,,,,,stage/night.csv,,,,,,,,
82189,80544,,5,,,,,,,,,,,,,stage/night.csv,,,,,,,,
82190,80544,,6,,,,,,,,,,,,,stage/night.csv,,,,,,,,
82191,80544,,7,,,,,,,,,,,,,stage/night.csv,,,,,,,,
82192,80544,,8,,,,,,,,,,,,,stage/night.csv,,,,,,,,
82193,80544,,9,,,,,,,,,,,,,stage/night.csv,,,,,,,,
82194,80544,,10,,,,,,,,,,,,,stage/night.csv,,,,,,,,
82195,80544,,11,,,,,,,,,,,,,stage/night.csv,,,,,,,,
82196,80544,,12,,,,,,,,,,,,,stage/night.csv,,,,,,,,
82197,80545,,1,,,,,,,,,,,,,stage/night.csv,,,,,,,,
82198,80545,,2,,,,,,,,,,,,,stage/night.csv,,,,,,,,
82199,80545,,3,,,,,,,,,,,,,stage/night.csv,,,,,,,,
82200,80545,,4,,,,,,,,,,,,,stage/night.csv,,,,,,,,
82201,80545,,5,,,,,,,,,,,,,stage/night.csv,,,,,,,,
82202,80545,,6,,,,,,,,,,,,,stage/night.csv,,,,,,,,
82203,80545,,7,,,,,,,,,,,,,stage/night.csv,,,,,,,,
82204,80545,,8,,,,,,,,,,,,,stage/night.csv,,,,,,,,
82205,80545,,9,,,,,,,,,,,,,stage/night.csv,,,,,,,,
82206,80545,,10,,,,,,,,,,,,,stage/night.csv,,,,,,,,
82207,80545,,11,,,,,,,,,,,,,stage/night.csv,,,,,,,,
82208,80545,,12,,,,,,,,,,,,,stage/night.csv,,,,,,,,
82209,80546,,1,,,,,,,,,,,,,stage/night.csv,,,,,,,,
82210,80546,,2,,,,,,,,,,,,,stage/night.csv,,,,,,,,
82211,80546,,3,,,,,,,,,,,,,stage/night.csv,,,,,,,,
82212,80546,,4,,,,,,,,,,,,,stage/night.csv,,,,,,,,
82213,80546,,5,,,,,,,,,,,,,stage/night.csv,,,,,,,,
82214,80546,,6,,,,,,,,,,,,,stage/night.csv,,,,,,,,
82215,80546,,7,,,,,,,,,,,,,stage/night.csv,,,,,,,,
82216,80546,,8,,,,,,,,,,,,,stage/night.csv,,,,,,,,
82217,80546,,9,,,,,,,,,,,,,stage/night.csv,,,,,,,,
82218,80546,,10,,,,,,,,,,,,,stage/night.csv,,,,,,,,
82219,80546,,11,,,,,,,,,,,,,stage/night.csv,,,,,,,,
82220,80546,,12,,,,,,,,,,,,,stage/night.csv,,,,,,,,
82221,80551,,1,<291293;292033;293152;291393;290393;291813>,,,,,,,,,,,,stage/night.csv,,,,,,,,
82222,80551,,2,,,,,,,,,,,,,stage/night.csv,,,,,,,,
82223,80551,,3,,,,,,,,,,,,,stage/night.csv,,,,,,,,
82224,80551,,4,,,,,,,,,,,,,stage/night.csv,,,,,,,,
82225,80551,,5,,,,,,,,,,,,,stage/night.csv,,,,,,,,
82226,80551,,6,,,,,,,,,,,,,stage/night.csv,,,,,,,,
82227,80551,,7,,,,,,,,,,,,,stage/night.csv,,,,,,,,
82228,80551,,8,,,,,,,,,,,,,stage/night.csv,,,,,,,,
82229,80551,,9,,,,,,,,,,,,,stage/night.csv,,,,,,,,
82230,80551,,10,,,,,,,,,,,,,stage/night.csv,,,,,,,,
82231,80551,,11,,,,,,,,,,,,,stage/night.csv,,,,,,,,
82232,80551,,12,,,,,,,,,,,,,stage/night.csv,,,,,,,,
82233,80601,,1,<290493;290493;290493;290493;290493;290493>,,,,,,,,,,,,stage/dg.csv,,,,,,,,
82234,80601,,2,,,,,,,,,,,,,stage/dg.csv,,,,,,,,
82235,80601,,3,,,,,,,,,,,,,stage/dg.csv,,,,,,,,
82236,80601,,4,,,,,,,,,,,,,stage/dg.csv,,,,,,,,
82237,80601,,5,,,,,,,,,,,,,stage/dg.csv,,,,,,,,
82238,80601,,6,,,,,,,,,,,,,stage/dg.csv,,,,,,,,
82239,80601,,7,,,,,,,,,,,,,stage/dg.csv,,,,,,,,
82240,80601,,8,,,,,,,,,,,,,stage/dg.csv,,,,,,,,
82241,80601,,9,,,,,,,,,,,,,stage/dg.csv,,,,,,,,
82242,80601,,10,,,,,,,,,,,,,stage/dg.csv,,,,,,,,
82243,80601,,11,,,,,,,,,,,,,stage/dg.csv,,,,,,,,
82244,80601,,12,,,,,,,,,,,,,stage/dg.csv,,,,,,,,
82245,80602,,1,<292683;292683;292683;292683;292683;292683>,,,,,,,,,,,,stage/dg.csv,,,,,,,,
82246,80602,,2,,,,,,,,,,,,,stage/dg.csv,,,,,,,,
82247,80602,,3,,,,,,,,,,,,,stage/dg.csv,,,,,,,,
82248,80602,,4,,,,,,,,,,,,,stage/dg.csv,,,,,,,,
82249,80602,,5,,,,,,,,,,,,,stage/dg.csv,,,,,,,,
82250,80602,,6,,,,,,,,,,,,,stage/dg.csv,,,,,,,,
82251,80602,,7,,,,,,,,,,,,,stage/dg.csv,,,,,,,,
82252,80602,,8,,,,,,,,,,,,,stage/dg.csv,,,,,,,,
82253,80602,,9,,,,,,,,,,,,,stage/dg.csv,,,,,,,,
82254,80602,,10,,,,,,,,,,,,,stage/dg.csv,,,,,,,,
82255,80602,,11,,,,,,,,,,,,,stage/dg.csv,,,,,,,,
82256,80602,,12,,,,,,,,,,,,,stage/dg.csv,,,,,,,,
82257,80603,,1,<290044;290044;290044;290044;306041;290044>,,,,,,,,,,,,stage/dg.csv,,,,,,,,
82258,80603,,2,,,,,,,,,,,,,stage/dg.csv,,,,,,,,
82259,80603,,3,,,,,,,,,,,,,stage/dg.csv,,,,,,,,
82260,80603,,4,,,,,,,,,,,,,stage/dg.csv,,,,,,,,
82261,80603,,5,,,,,,,,,,,,,stage/dg.csv,,,,,,,,
82262,80603,,6,,,,,,,,,,,,,stage/dg.csv,,,,,,,,
82263,80603,,7,,,,,,,,,,,,,stage/dg.csv,,,,,,,,
82264,80603,,8,,,,,,,,,,,,,stage/dg.csv,,,,,,,,
82265,80603,,9,,,,,,,,,,,,,stage/dg.csv,,,,,,,,
82266,80603,,10,,,,,,,,,,,,,stage/dg.csv,,,,,,,,
82267,80603,,11,,,,,,,,,,,,,stage/dg.csv,,,,,,,,
82268,80603,,12,,,,,,,,,,,,,stage/dg.csv,,,,,,,,
82269,80604,,1,,,,,,,,,,,,,stage/dg.csv,,,,,,,,
82270,80604,,2,,,,,,,,,,,,,stage/dg.csv,,,,,,,,
82271,80604,,3,,,,,,,,,,,,,stage/dg.csv,,,,,,,,
82272,80604,,4,,,,,,,,,,,,,stage/dg.csv,,,,,,,,
82273,80604,,5,,,,,,,,,,,,,stage/dg.csv,,,,,,,,
82274,80604,,6,,,,,,,,,,,,,stage/dg.csv,,,,,,,,
82275,80604,,7,,,,,,,,,,,,,stage/dg.csv,,,,,,,,
82276,80604,,8,,,,,,,,,,,,,stage/dg.csv,,,,,,,,
82277,80604,,9,,,,,,,,,,,,,stage/dg.csv,,,,,,,,
82278,80604,,10,,,,,,,,,,,,,stage/dg.csv,,,,,,,,
82279,80604,,11,,,,,,,,,,,,,stage/dg.csv,,,,,,,,
82280,80604,,12,,,,,,,,,,,,,stage/dg.csv,,,,,,,,
82281,80605,,1,,,,,,,,,,,,,stage/dg.csv,,,,,,,,
82282,80605,,2,,,,,,,,,,,,,stage/dg.csv,,,,,,,,
82283,80605,,3,,,,,,,,,,,,,stage/dg.csv,,,,,,,,
82284,80605,,4,,,,,,,,,,,,,stage/dg.csv,,,,,,,,
82285,80605,,5,,,,,,,,,,,,,stage/dg.csv,,,,,,,,
82286,80605,,6,,,,,,,,,,,,,stage/dg.csv,,,,,,,,
82287,80605,,7,,,,,,,,,,,,,stage/dg.csv,,,,,,,,
82288,80605,,8,,,,,,,,,,,,,stage/dg.csv,,,,,,,,
82289,80605,,9,,,,,,,,,,,,,stage/dg.csv,,,,,,,,
82290,80605,,10,,,,,,,,,,,,,stage/dg.csv,,,,,,,,
82291,80605,,11,,,,,,,,,,,,,stage/dg.csv,,,,,,,,
82292,80605,,12,,,,,,,,,,,,,stage/dg.csv,,,,,,,,
82293,80606,,1,,,,,,,,,,,,,stage/dg.csv,,,,,,,,
82294,80606,,2,,,,,,,,,,,,,stage/dg.csv,,,,,,,,
82295,80606,,3,,,,,,,,,,,,,stage/dg.csv,,,,,,,,
82296,80606,,4,,,,,,,,,,,,,stage/dg.csv,,,,,,,,
82297,80606,,5,,,,,,,,,,,,,stage/dg.csv,,,,,,,,
82298,80606,,6,,,,,,,,,,,,,stage/dg.csv,,,,,,,,
82299,80606,,7,,,,,,,,,,,,,stage/dg.csv,,,,,,,,
82300,80606,,8,,,,,,,,,,,,,stage/dg.csv,,,,,,,,
82301,80606,,9,,,,,,,,,,,,,stage/dg.csv,,,,,,,,
82302,80606,,10,,,,,,,,,,,,,stage/dg.csv,,,,,,,,
82303,80606,,11,,,,,,,,,,,,,stage/dg.csv,,,,,,,,
82304,80606,,12,,,,,,,,,,,,,stage/dg.csv,,,,,,,,
82305,80611,,1,<293472;293472;293472;290793;290793;290793>,,,,,,,,,,,,stage/dg.csv,,,,,,,,
82306,80611,,2,,,,,,,,,,,,,stage/dg.csv,,,,,,,,
82307,80611,,3,,,,,,,,,,,,,stage/dg.csv,,,,,,,,
82308,80611,,4,,,,,,,,,,,,,stage/dg.csv,,,,,,,,
82309,80611,,5,,,,,,,,,,,,,stage/dg.csv,,,,,,,,
82310,80611,,6,,,,,,,,,,,,,stage/dg.csv,,,,,,,,
82311,80611,,7,,,,,,,,,,,,,stage/dg.csv,,,,,,,,
82312,80611,,8,,,,,,,,,,,,,stage/dg.csv,,,,,,,,
82313,80611,,9,,,,,,,,,,,,,stage/dg.csv,,,,,,,,
82314,80611,,10,,,,,,,,,,,,,stage/dg.csv,,,,,,,,
82315,80611,,11,,,,,,,,,,,,,stage/dg.csv,,,,,,,,
82316,80611,,12,,,,,,,,,,,,,stage/dg.csv,,,,,,,,
82317,80612,,1,<290082;290082;290082;290082;290082;290082>,,,,,,,,,,,,stage/dg.csv,,,,,,,,
82318,80612,,2,,,,,,,,,,,,,stage/dg.csv,,,,,,,,
82319,80612,,3,,,,,,,,,,,,,stage/dg.csv,,,,,,,,
82320,80612,,4,,,,,,,,,,,,,stage/dg.csv,,,,,,,,
82321,80612,,5,,,,,,,,,,,,,stage/dg.csv,,,,,,,,
82322,80612,,6,,,,,,,,,,,,,stage/dg.csv,,,,,,,,
82323,80612,,7,,,,,,,,,,,,,stage/dg.csv,,,,,,,,
82324,80612,,8,,,,,,,,,,,,,stage/dg.csv,,,,,,,,
82325,80612,,9,,,,,,,,,,,,,stage/dg.csv,,,,,,,,
82326,80612,,10,,,,,,,,,,,,,stage/dg.csv,,,,,,,,
82327,80612,,11,,,,,,,,,,,,,stage/dg.csv,,,,,,,,
82328,80612,,12,,,,,,,,,,,,,stage/dg.csv,,,,,,,,
82329,80613,,1,,,,,,,,,,,,,stage/dg.csv,,,,,,,,
82330,80613,,2,,,,,,,,,,,,,stage/dg.csv,,,,,,,,
82331,80613,,3,,,,,,,,,,,,,stage/dg.csv,,,,,,,,
82332,80613,,4,,,,,,,,,,,,,stage/dg.csv,,,,,,,,
82333,80613,,5,,,,,,,,,,,,,stage/dg.csv,,,,,,,,
82334,80613,,6,,,,,,,,,,,,,stage/dg.csv,,,,,,,,
82335,80613,,7,,,,,,,,,,,,,stage/dg.csv,,,,,,,,
82336,80613,,8,,,,,,,,,,,,,stage/dg.csv,,,,,,,,
82337,80613,,9,,,,,,,,,,,,,stage/dg.csv,,,,,,,,
82338,80613,,10,,,,,,,,,,,,,stage/dg.csv,,,,,,,,
82339,80613,,11,,,,,,,,,,,,,stage/dg.csv,,,,,,,,
82340,80613,,12,,,,,,,,,,,,,stage/dg.csv,,,,,,,,
82341,80614,,1,,,,,,,,,,,,,stage/dg.csv,,,,,,,,
82342,80614,,2,,,,,,,,,,,,,stage/dg.csv,,,,,,,,
82343,80614,,3,,,,,,,,,,,,,stage/dg.csv,,,,,,,,
82344,80614,,4,,,,,,,,,,,,,stage/dg.csv,,,,,,,,
82345,80614,,5,,,,,,,,,,,,,stage/dg.csv,,,,,,,,
82346,80614,,6,,,,,,,,,,,,,stage/dg.csv,,,,,,,,
82347,80614,,7,,,,,,,,,,,,,stage/dg.csv,,,,,,,,
82348,80614,,8,,,,,,,,,,,,,stage/dg.csv,,,,,,,,
82349,80614,,9,,,,,,,,,,,,,stage/dg.csv,,,,,,,,
82350,80614,,10,,,,,,,,,,,,,stage/dg.csv,,,,,,,,
82351,80614,,11,,,,,,,,,,,,,stage/dg.csv,,,,,,,,
82352,80614,,12,,,,,,,,,,,,,stage/dg.csv,,,,,,,,
82353,80615,,1,,,,,,,,,,,,,stage/dg.csv,,,,,,,,
82354,80615,,2,,,,,,,,,,,,,stage/dg.csv,,,,,,,,
82355,80615,,3,,,,,,,,,,,,,stage/dg.csv,,,,,,,,
82356,80615,,4,,,,,,,,,,,,,stage/dg.csv,,,,,,,,
82357,80615,,5,,,,,,,,,,,,,stage/dg.csv,,,,,,,,
82358,80615,,6,,,,,,,,,,,,,stage/dg.csv,,,,,,,,
82359,80615,,7,,,,,,,,,,,,,stage/dg.csv,,,,,,,,
82360,80615,,8,,,,,,,,,,,,,stage/dg.csv,,,,,,,,
82361,80615,,9,,,,,,,,,,,,,stage/dg.csv,,,,,,,,
82362,80615,,10,,,,,,,,,,,,,stage/dg.csv,,,,,,,,
82363,80615,,11,,,,,,,,,,,,,stage/dg.csv,,,,,,,,
82364,80615,,12,,,,,,,,,,,,,stage/dg.csv,,,,,,,,
82365,80616,,1,,,,,,,,,,,,,stage/dg.csv,,,,,,,,
82366,80616,,2,,,,,,,,,,,,,stage/dg.csv,,,,,,,,
82367,80616,,3,,,,,,,,,,,,,stage/dg.csv,,,,,,,,
82368,80616,,4,,,,,,,,,,,,,stage/dg.csv,,,,,,,,
82369,80616,,5,,,,,,,,,,,,,stage/dg.csv,,,,,,,,
82370,80616,,6,,,,,,,,,,,,,stage/dg.csv,,,,,,,,
82371,80616,,7,,,,,,,,,,,,,stage/dg.csv,,,,,,,,
82372,80616,,8,,,,,,,,,,,,,stage/dg.csv,,,,,,,,
82373,80616,,9,,,,,,,,,,,,,stage/dg.csv,,,,,,,,
82374,80616,,10,,,,,,,,,,,,,stage/dg.csv,,,,,,,,
82375,80616,,11,,,,,,,,,,,,,stage/dg.csv,,,,,,,,
82376,80616,,12,,,,,,,,,,,,,stage/dg.csv,,,,,,,,
82377,80621,,1,<293003;293003;293003;290712;290712;290712>,,,,,,,,,,,,stage/dg.csv,,,,,,,,
82378,80621,,2,,,,,,,,,,,,,stage/dg.csv,,,,,,,,
82379,80621,,3,,,,,,,,,,,,,stage/dg.csv,,,,,,,,
82380,80621,,4,,,,,,,,,,,,,stage/dg.csv,,,,,,,,
82381,80621,,5,,,,,,,,,,,,,stage/dg.csv,,,,,,,,
82382,80621,,6,,,,,,,,,,,,,stage/dg.csv,,,,,,,,
82383,80621,,7,,,,,,,,,,,,,stage/dg.csv,,,,,,,,
82384,80621,,8,,,,,,,,,,,,,stage/dg.csv,,,,,,,,
82385,80621,,9,,,,,,,,,,,,,stage/dg.csv,,,,,,,,
82386,80621,,10,,,,,,,,,,,,,stage/dg.csv,,,,,,,,
82387,80621,,11,,,,,,,,,,,,,stage/dg.csv,,,,,,,,
82388,80621,,12,,,,,,,,,,,,,stage/dg.csv,,,,,,,,
82389,80622,,1,<293152;293152;293152;293152;293152;293152>,,,,,,,,,,,,stage/dg.csv,,,,,,,,
82390,80622,,2,,,,,,,,,,,,,stage/dg.csv,,,,,,,,
82391,80622,,3,,,,,,,,,,,,,stage/dg.csv,,,,,,,,
82392,80622,,4,,,,,,,,,,,,,stage/dg.csv,,,,,,,,
82393,80622,,5,,,,,,,,,,,,,stage/dg.csv,,,,,,,,
82394,80622,,6,,,,,,,,,,,,,stage/dg.csv,,,,,,,,
82395,80622,,7,,,,,,,,,,,,,stage/dg.csv,,,,,,,,
82396,80622,,8,,,,,,,,,,,,,stage/dg.csv,,,,,,,,
82397,80622,,9,,,,,,,,,,,,,stage/dg.csv,,,,,,,,
82398,80622,,10,,,,,,,,,,,,,stage/dg.csv,,,,,,,,
82399,80622,,11,,,,,,,,,,,,,stage/dg.csv,,,,,,,,
82400,80622,,12,,,,,,,,,,,,,stage/dg.csv,,,,,,,,
82401,80623,,1,<290004;290004;290004;290044;306231;290044>,,,,,,,,,,,,stage/dg.csv,,,,,,,,
82402,80623,,2,,,,,,,,,,,,,stage/dg.csv,,,,,,,,
82403,80623,,3,,,,,,,,,,,,,stage/dg.csv,,,,,,,,
82404,80623,,4,,,,,,,,,,,,,stage/dg.csv,,,,,,,,
82405,80623,,5,,,,,,,,,,,,,stage/dg.csv,,,,,,,,
82406,80623,,6,,,,,,,,,,,,,stage/dg.csv,,,,,,,,
82407,80623,,7,,,,,,,,,,,,,stage/dg.csv,,,,,,,,
82408,80623,,8,,,,,,,,,,,,,stage/dg.csv,,,,,,,,
82409,80623,,9,,,,,,,,,,,,,stage/dg.csv,,,,,,,,
82410,80623,,10,,,,,,,,,,,,,stage/dg.csv,,,,,,,,
82411,80623,,11,,,,,,,,,,,,,stage/dg.csv,,,,,,,,
82412,80623,,12,,,,,,,,,,,,,stage/dg.csv,,,,,,,,
82413,80624,,1,,,,,,,,,,,,,stage/dg.csv,,,,,,,,
82414,80624,,2,,,,,,,,,,,,,stage/dg.csv,,,,,,,,
82415,80624,,3,,,,,,,,,,,,,stage/dg.csv,,,,,,,,
82416,80624,,4,,,,,,,,,,,,,stage/dg.csv,,,,,,,,
82417,80624,,5,,,,,,,,,,,,,stage/dg.csv,,,,,,,,
82418,80624,,6,,,,,,,,,,,,,stage/dg.csv,,,,,,,,
82419,80624,,7,,,,,,,,,,,,,stage/dg.csv,,,,,,,,
82420,80624,,8,,,,,,,,,,,,,stage/dg.csv,,,,,,,,
82421,80624,,9,,,,,,,,,,,,,stage/dg.csv,,,,,,,,
82422,80624,,10,,,,,,,,,,,,,stage/dg.csv,,,,,,,,
82423,80624,,11,,,,,,,,,,,,,stage/dg.csv,,,,,,,,
82424,80624,,12,,,,,,,,,,,,,stage/dg.csv,,,,,,,,
82425,80625,,1,,,,,,,,,,,,,stage/dg.csv,,,,,,,,
82426,80625,,2,,,,,,,,,,,,,stage/dg.csv,,,,,,,,
82427,80625,,3,,,,,,,,,,,,,stage/dg.csv,,,,,,,,
82428,80625,,4,,,,,,,,,,,,,stage/dg.csv,,,,,,,,
82429,80625,,5,,,,,,,,,,,,,stage/dg.csv,,,,,,,,
82430,80625,,6,,,,,,,,,,,,,stage/dg.csv,,,,,,,,
82431,80625,,7,,,,,,,,,,,,,stage/dg.csv,,,,,,,,
82432,80625,,8,,,,,,,,,,,,,stage/dg.csv,,,,,,,,
82433,80625,,9,,,,,,,,,,,,,stage/dg.csv,,,,,,,,
82434,80625,,10,,,,,,,,,,,,,stage/dg.csv,,,,,,,,
82435,80625,,11,,,,,,,,,,,,,stage/dg.csv,,,,,,,,
82436,80625,,12,,,,,,,,,,,,,stage/dg.csv,,,,,,,,
82437,80626,,1,,,,,,,,,,,,,stage/dg.csv,,,,,,,,
82438,80626,,2,,,,,,,,,,,,,stage/dg.csv,,,,,,,,
82439,80626,,3,,,,,,,,,,,,,stage/dg.csv,,,,,,,,
82440,80626,,4,,,,,,,,,,,,,stage/dg.csv,,,,,,,,
82441,80626,,5,,,,,,,,,,,,,stage/dg.csv,,,,,,,,
82442,80626,,6,,,,,,,,,,,,,stage/dg.csv,,,,,,,,
82443,80626,,7,,,,,,,,,,,,,stage/dg.csv,,,,,,,,
82444,80626,,8,,,,,,,,,,,,,stage/dg.csv,,,,,,,,
82445,80626,,9,,,,,,,,,,,,,stage/dg.csv,,,,,,,,
82446,80626,,10,,,,,,,,,,,,,stage/dg.csv,,,,,,,,
82447,80626,,11,,,,,,,,,,,,,stage/dg.csv,,,,,,,,
82448,80626,,12,,,,,,,,,,,,,stage/dg.csv,,,,,,,,
82449,80631,,1,<293251;293251;293251;293251;306211;293251>,,,,,,,,,,,,stage/dg.csv,,,,,,,,
82450,80631,,2,,,,,,,,,,,,,stage/dg.csv,,,,,,,,
82451,80631,,3,,,,,,,,,,,,,stage/dg.csv,,,,,,,,
82452,80631,,4,,,,,,,,,,,,,stage/dg.csv,,,,,,,,
82453,80631,,5,,,,,,,,,,,,,stage/dg.csv,,,,,,,,
82454,80631,,6,,,,,,,,,,,,,stage/dg.csv,,,,,,,,
82455,80631,,7,,,,,,,,,,,,,stage/dg.csv,,,,,,,,
82456,80631,,8,,,,,,,,,,,,,stage/dg.csv,,,,,,,,
82457,80631,,9,,,,,,,,,,,,,stage/dg.csv,,,,,,,,
82458,80631,,10,,,,,,,,,,,,,stage/dg.csv,,,,,,,,
82459,80631,,11,,,,,,,,,,,,,stage/dg.csv,,,,,,,,
82460,80631,,12,,,,,,,,,,,,,stage/dg.csv,,,,,,,,
82461,80632,,1,,,,,,,,,,,,,stage/dg.csv,,,,,,,,
82462,80632,,2,,,,,,,,,,,,,stage/dg.csv,,,,,,,,
82463,80632,,3,,,,,,,,,,,,,stage/dg.csv,,,,,,,,
82464,80632,,4,,,,,,,,,,,,,stage/dg.csv,,,,,,,,
82465,80632,,5,,,,,,,,,,,,,stage/dg.csv,,,,,,,,
82466,80632,,6,,,,,,,,,,,,,stage/dg.csv,,,,,,,,
82467,80632,,7,,,,,,,,,,,,,stage/dg.csv,,,,,,,,
82468,80632,,8,,,,,,,,,,,,,stage/dg.csv,,,,,,,,
82469,80632,,9,,,,,,,,,,,,,stage/dg.csv,,,,,,,,
82470,80632,,10,,,,,,,,,,,,,stage/dg.csv,,,,,,,,
82471,80632,,11,,,,,,,,,,,,,stage/dg.csv,,,,,,,,
82472,80632,,12,,,,,,,,,,,,,stage/dg.csv,,,,,,,,
82473,80633,,1,,,,,,,,,,,,,stage/dg.csv,,,,,,,,
82474,80633,,2,,,,,,,,,,,,,stage/dg.csv,,,,,,,,
82475,80633,,3,,,,,,,,,,,,,stage/dg.csv,,,,,,,,
82476,80633,,4,,,,,,,,,,,,,stage/dg.csv,,,,,,,,
82477,80633,,5,,,,,,,,,,,,,stage/dg.csv,,,,,,,,
82478,80633,,6,,,,,,,,,,,,,stage/dg.csv,,,,,,,,
82479,80633,,7,,,,,,,,,,,,,stage/dg.csv,,,,,,,,
82480,80633,,8,,,,,,,,,,,,,stage/dg.csv,,,,,,,,
82481,80633,,9,,,,,,,,,,,,,stage/dg.csv,,,,,,,,
82482,80633,,10,,,,,,,,,,,,,stage/dg.csv,,,,,,,,
82483,80633,,11,,,,,,,,,,,,,stage/dg.csv,,,,,,,,
82484,80633,,12,,,,,,,,,,,,,stage/dg.csv,,,,,,,,
82485,80634,,1,<291503;291503;291503;291503;291503;291503>,,,,,,,,,,,,stage/dg.csv,,,,,,,,
82486,80634,,2,,,,,,,,,,,,,stage/dg.csv,,,,,,,,
82487,80634,,3,,,,,,,,,,,,,stage/dg.csv,,,,,,,,
82488,80634,,4,,,,,,,,,,,,,stage/dg.csv,,,,,,,,
82489,80634,,5,,,,,,,,,,,,,stage/dg.csv,,,,,,,,
82490,80634,,6,,,,,,,,,,,,,stage/dg.csv,,,,,,,,
82491,80634,,7,,,,,,,,,,,,,stage/dg.csv,,,,,,,,
82492,80634,,8,,,,,,,,,,,,,stage/dg.csv,,,,,,,,
82493,80634,,9,,,,,,,,,,,,,stage/dg.csv,,,,,,,,
82494,80634,,10,,,,,,,,,,,,,stage/dg.csv,,,,,,,,
82495,80634,,11,,,,,,,,,,,,,stage/dg.csv,,,,,,,,
82496,80634,,12,,,,,,,,,,,,,stage/dg.csv,,,,,,,,
82497,80635,,1,,,,,,,,,,,,,stage/dg.csv,,,,,,,,
82498,80635,,2,,,,,,,,,,,,,stage/dg.csv,,,,,,,,
82499,80635,,3,,,,,,,,,,,,,stage/dg.csv,,,,,,,,
82500,80635,,4,,,,,,,,,,,,,stage/dg.csv,,,,,,,,
82501,80635,,5,,,,,,,,,,,,,stage/dg.csv,,,,,,,,
82502,80635,,6,,,,,,,,,,,,,stage/dg.csv,,,,,,,,
82503,80635,,7,,,,,,,,,,,,,stage/dg.csv,,,,,,,,
82504,80635,,8,,,,,,,,,,,,,stage/dg.csv,,,,,,,,
82505,80635,,9,,,,,,,,,,,,,stage/dg.csv,,,,,,,,
82506,80635,,10,,,,,,,,,,,,,stage/dg.csv,,,,,,,,
82507,80635,,11,,,,,,,,,,,,,stage/dg.csv,,,,,,,,
82508,80635,,12,,,,,,,,,,,,,stage/dg.csv,,,,,,,,
82509,80636,,1,,,,,,,,,,,,,stage/dg.csv,,,,,,,,
82510,80636,,2,,,,,,,,,,,,,stage/dg.csv,,,,,,,,
82511,80636,,3,,,,,,,,,,,,,stage/dg.csv,,,,,,,,
82512,80636,,4,,,,,,,,,,,,,stage/dg.csv,,,,,,,,
82513,80636,,5,,,,,,,,,,,,,stage/dg.csv,,,,,,,,
82514,80636,,6,,,,,,,,,,,,,stage/dg.csv,,,,,,,,
82515,80636,,7,,,,,,,,,,,,,stage/dg.csv,,,,,,,,
82516,80636,,8,,,,,,,,,,,,,stage/dg.csv,,,,,,,,
82517,80636,,9,,,,,,,,,,,,,stage/dg.csv,,,,,,,,
82518,80636,,10,,,,,,,,,,,,,stage/dg.csv,,,,,,,,
82519,80636,,11,,,,,,,,,,,,,stage/dg.csv,,,,,,,,
82520,80636,,12,,,,,,,,,,,,,stage/dg.csv,,,,,,,,
82521,80641,,1,<293592;293592;293592;293181;293181;293181>,,,,,,,,,,,,stage/dg.csv,,,,,,,,
82522,80641,,2,,,,,,,,,,,,,stage/dg.csv,,,,,,,,
82523,80641,,3,,,,,,,,,,,,,stage/dg.csv,,,,,,,,
82524,80641,,4,,,,,,,,,,,,,stage/dg.csv,,,,,,,,
82525,80641,,5,,,,,,,,,,,,,stage/dg.csv,,,,,,,,
82526,80641,,6,,,,,,,,,,,,,stage/dg.csv,,,,,,,,
82527,80641,,7,,,,,,,,,,,,,stage/dg.csv,,,,,,,,
82528,80641,,8,,,,,,,,,,,,,stage/dg.csv,,,,,,,,
82529,80641,,9,,,,,,,,,,,,,stage/dg.csv,,,,,,,,
82530,80641,,10,,,,,,,,,,,,,stage/dg.csv,,,,,,,,
82531,80641,,11,,,,,,,,,,,,,stage/dg.csv,,,,,,,,
82532,80641,,12,,,,,,,,,,,,,stage/dg.csv,,,,,,,,
82533,80642,,1,<291071;293152;291231;290701;291313;290572>,,,,,,,,,,,,stage/dg.csv,,,,,,,,
82534,80642,,2,,,,,,,,,,,,,stage/dg.csv,,,,,,,,
82535,80642,,3,,,,,,,,,,,,,stage/dg.csv,,,,,,,,
82536,80642,,4,,,,,,,,,,,,,stage/dg.csv,,,,,,,,
82537,80642,,5,,,,,,,,,,,,,stage/dg.csv,,,,,,,,
82538,80642,,6,,,,,,,,,,,,,stage/dg.csv,,,,,,,,
82539,80642,,7,,,,,,,,,,,,,stage/dg.csv,,,,,,,,
82540,80642,,8,,,,,,,,,,,,,stage/dg.csv,,,,,,,,
82541,80642,,9,,,,,,,,,,,,,stage/dg.csv,,,,,,,,
82542,80642,,10,,,,,,,,,,,,,stage/dg.csv,,,,,,,,
82543,80642,,11,,,,,,,,,,,,,stage/dg.csv,,,,,,,,
82544,80642,,12,,,,,,,,,,,,,stage/dg.csv,,,,,,,,
82545,80643,,1,,,,,,,,,,,,,stage/dg.csv,,,,,,,,
82546,80643,,2,,,,,,,,,,,,,stage/dg.csv,,,,,,,,
82547,80643,,3,,,,,,,,,,,,,stage/dg.csv,,,,,,,,
82548,80643,,4,,,,,,,,,,,,,stage/dg.csv,,,,,,,,
82549,80643,,5,,,,,,,,,,,,,stage/dg.csv,,,,,,,,
82550,80643,,6,,,,,,,,,,,,,stage/dg.csv,,,,,,,,
82551,80643,,7,,,,,,,,,,,,,stage/dg.csv,,,,,,,,
82552,80643,,8,,,,,,,,,,,,,stage/dg.csv,,,,,,,,
82553,80643,,9,,,,,,,,,,,,,stage/dg.csv,,,,,,,,
82554,80643,,10,,,,,,,,,,,,,stage/dg.csv,,,,,,,,
82555,80643,,11,,,,,,,,,,,,,stage/dg.csv,,,,,,,,
82556,80643,,12,,,,,,,,,,,,,stage/dg.csv,,,,,,,,
82557,80644,,1,,,,,,,,,,,,,stage/dg.csv,,,,,,,,
82558,80644,,2,,,,,,,,,,,,,stage/dg.csv,,,,,,,,
82559,80644,,3,,,,,,,,,,,,,stage/dg.csv,,,,,,,,
82560,80644,,4,,,,,,,,,,,,,stage/dg.csv,,,,,,,,
82561,80644,,5,,,,,,,,,,,,,stage/dg.csv,,,,,,,,
82562,80644,,6,,,,,,,,,,,,,stage/dg.csv,,,,,,,,
82563,80644,,7,,,,,,,,,,,,,stage/dg.csv,,,,,,,,
82564,80644,,8,,,,,,,,,,,,,stage/dg.csv,,,,,,,,
82565,80644,,9,,,,,,,,,,,,,stage/dg.csv,,,,,,,,
82566,80644,,10,,,,,,,,,,,,,stage/dg.csv,,,,,,,,
82567,80644,,11,,,,,,,,,,,,,stage/dg.csv,,,,,,,,
82568,80644,,12,,,,,,,,,,,,,stage/dg.csv,,,,,,,,
82569,80645,,1,,,,,,,,,,,,,stage/dg.csv,,,,,,,,
82570,80645,,2,,,,,,,,,,,,,stage/dg.csv,,,,,,,,
82571,80645,,3,,,,,,,,,,,,,stage/dg.csv,,,,,,,,
82572,80645,,4,,,,,,,,,,,,,stage/dg.csv,,,,,,,,
82573,80645,,5,,,,,,,,,,,,,stage/dg.csv,,,,,,,,
82574,80645,,6,,,,,,,,,,,,,stage/dg.csv,,,,,,,,
82575,80645,,7,,,,,,,,,,,,,stage/dg.csv,,,,,,,,
82576,80645,,8,,,,,,,,,,,,,stage/dg.csv,,,,,,,,
82577,80645,,9,,,,,,,,,,,,,stage/dg.csv,,,,,,,,
82578,80645,,10,,,,,,,,,,,,,stage/dg.csv,,,,,,,,
82579,80645,,11,,,,,,,,,,,,,stage/dg.csv,,,,,,,,
82580,80645,,12,,,,,,,,,,,,,stage/dg.csv,,,,,,,,
82581,80646,,1,,,,,,,,,,,,,stage/dg.csv,,,,,,,,
82582,80646,,2,,,,,,,,,,,,,stage/dg.csv,,,,,,,,
82583,80646,,3,,,,,,,,,,,,,stage/dg.csv,,,,,,,,
82584,80646,,4,,,,,,,,,,,,,stage/dg.csv,,,,,,,,
82585,80646,,5,,,,,,,,,,,,,stage/dg.csv,,,,,,,,
82586,80646,,6,,,,,,,,,,,,,stage/dg.csv,,,,,,,,
82587,80646,,7,,,,,,,,,,,,,stage/dg.csv,,,,,,,,
82588,80646,,8,,,,,,,,,,,,,stage/dg.csv,,,,,,,,
82589,80646,,9,,,,,,,,,,,,,stage/dg.csv,,,,,,,,
82590,80646,,10,,,,,,,,,,,,,stage/dg.csv,,,,,,,,
82591,80646,,11,,,,,,,,,,,,,stage/dg.csv,,,,,,,,
82592,80646,,12,,,,,,,,,,,,,stage/dg.csv,,,,,,,,
82593,80651,,1,<290712;291313;291893;290701;303331;290572>,,,,,,,,,,,,stage/dg.csv,,,,,,,,
82594,80651,,2,,,,,,,,,,,,,stage/dg.csv,,,,,,,,
82595,80651,,3,,,,,,,,,,,,,stage/dg.csv,,,,,,,,
82596,80651,,4,,,,,,,,,,,,,stage/dg.csv,,,,,,,,
82597,80651,,5,,,,,,,,,,,,,stage/dg.csv,,,,,,,,
82598,80651,,6,,,,,,,,,,,,,stage/dg.csv,,,,,,,,
82599,80651,,7,,,,,,,,,,,,,stage/dg.csv,,,,,,,,
82600,80651,,8,,,,,,,,,,,,,stage/dg.csv,,,,,,,,
82601,80651,,9,,,,,,,,,,,,,stage/dg.csv,,,,,,,,
82602,80651,,10,,,,,,,,,,,,,stage/dg.csv,,,,,,,,
82603,80651,,11,,,,,,,,,,,,,stage/dg.csv,,,,,,,,
82604,80651,,12,,,,,,,,,,,,,stage/dg.csv,,,,,,,,
82605,80701,,1,<292073;292073;292073;292073;291841;292073>,,,,,,,,,,,,stage/xxdg.csv,,,,,,,,
82606,80701,,2,,,,,,,,,,,,,stage/xxdg.csv,,,,,,,,
82607,80701,,3,,,,,,,,,,,,,stage/xxdg.csv,,,,,,,,
82608,80701,,4,,,,,,,,,,,,,stage/xxdg.csv,,,,,,,,
82609,80701,,5,,,,,,,,,,,,,stage/xxdg.csv,,,,,,,,
82610,80701,,6,,,,,,,,,,,,,stage/xxdg.csv,,,,,,,,
82611,80701,,7,,,,,,,,,,,,,stage/xxdg.csv,,,,,,,,
82612,80701,,8,,,,,,,,,,,,,stage/xxdg.csv,,,,,,,,
82613,80701,,9,,,,,,,,,,,,,stage/xxdg.csv,,,,,,,,
82614,80701,,10,,,,,,,,,,,,,stage/xxdg.csv,,,,,,,,
82615,80701,,11,,,,,,,,,,,,,stage/xxdg.csv,,,,,,,,
82616,80701,,12,,,,,,,,,,,,,stage/xxdg.csv,,,,,,,,
82617,80702,,1,<290552;290552;290552;290552;292033;290552>,,,,,,,,,,,,stage/xxdg.csv,,,,,,,,
82618,80702,,2,,,,,,,,,,,,,stage/xxdg.csv,,,,,,,,
82619,80702,,3,,,,,,,,,,,,,stage/xxdg.csv,,,,,,,,
82620,80702,,4,,,,,,,,,,,,,stage/xxdg.csv,,,,,,,,
82621,80702,,5,,,,,,,,,,,,,stage/xxdg.csv,,,,,,,,
82622,80702,,6,,,,,,,,,,,,,stage/xxdg.csv,,,,,,,,
82623,80702,,7,,,,,,,,,,,,,stage/xxdg.csv,,,,,,,,
82624,80702,,8,,,,,,,,,,,,,stage/xxdg.csv,,,,,,,,
82625,80702,,9,,,,,,,,,,,,,stage/xxdg.csv,,,,,,,,
82626,80702,,10,,,,,,,,,,,,,stage/xxdg.csv,,,,,,,,
82627,80702,,11,,,,,,,,,,,,,stage/xxdg.csv,,,,,,,,
82628,80702,,12,,,,,,,,,,,,,stage/xxdg.csv,,,,,,,,
82629,80703,,1,,,,,,,,,,,,,stage/xxdg.csv,,,,,,,,
82630,80703,,2,,,,,,,,,,,,,stage/xxdg.csv,,,,,,,,
82631,80703,,3,,,,,,,,,,,,,stage/xxdg.csv,,,,,,,,
82632,80703,,4,,,,,,,,,,,,,stage/xxdg.csv,,,,,,,,
82633,80703,,5,,,,,,,,,,,,,stage/xxdg.csv,,,,,,,,
82634,80703,,6,,,,,,,,,,,,,stage/xxdg.csv,,,,,,,,
82635,80703,,7,,,,,,,,,,,,,stage/xxdg.csv,,,,,,,,
82636,80703,,8,,,,,,,,,,,,,stage/xxdg.csv,,,,,,,,
82637,80703,,9,,,,,,,,,,,,,stage/xxdg.csv,,,,,,,,
82638,80703,,10,,,,,,,,,,,,,stage/xxdg.csv,,,,,,,,
82639,80703,,11,,,,,,,,,,,,,stage/xxdg.csv,,,,,,,,
82640,80703,,12,,,,,,,,,,,,,stage/xxdg.csv,,,,,,,,
82641,80704,,1,,,,,,,,,,,,,stage/xxdg.csv,,,,,,,,
82642,80704,,2,,,,,,,,,,,,,stage/xxdg.csv,,,,,,,,
82643,80704,,3,,,,,,,,,,,,,stage/xxdg.csv,,,,,,,,
82644,80704,,4,,,,,,,,,,,,,stage/xxdg.csv,,,,,,,,
82645,80704,,5,,,,,,,,,,,,,stage/xxdg.csv,,,,,,,,
82646,80704,,6,,,,,,,,,,,,,stage/xxdg.csv,,,,,,,,
82647,80704,,7,,,,,,,,,,,,,stage/xxdg.csv,,,,,,,,
82648,80704,,8,,,,,,,,,,,,,stage/xxdg.csv,,,,,,,,
82649,80704,,9,,,,,,,,,,,,,stage/xxdg.csv,,,,,,,,
82650,80704,,10,,,,,,,,,,,,,stage/xxdg.csv,,,,,,,,
82651,80704,,11,,,,,,,,,,,,,stage/xxdg.csv,,,,,,,,
82652,80704,,12,,,,,,,,,,,,,stage/xxdg.csv,,,,,,,,
82653,80705,,1,,,,,,,,,,,,,stage/xxdg.csv,,,,,,,,
82654,80705,,2,,,,,,,,,,,,,stage/xxdg.csv,,,,,,,,
82655,80705,,3,,,,,,,,,,,,,stage/xxdg.csv,,,,,,,,
82656,80705,,4,,,,,,,,,,,,,stage/xxdg.csv,,,,,,,,
82657,80705,,5,,,,,,,,,,,,,stage/xxdg.csv,,,,,,,,
82658,80705,,6,,,,,,,,,,,,,stage/xxdg.csv,,,,,,,,
82659,80705,,7,,,,,,,,,,,,,stage/xxdg.csv,,,,,,,,
82660,80705,,8,,,,,,,,,,,,,stage/xxdg.csv,,,,,,,,
82661,80705,,9,,,,,,,,,,,,,stage/xxdg.csv,,,,,,,,
82662,80705,,10,,,,,,,,,,,,,stage/xxdg.csv,,,,,,,,
82663,80705,,11,,,,,,,,,,,,,stage/xxdg.csv,,,,,,,,
82664,80705,,12,,,,,,,,,,,,,stage/xxdg.csv,,,,,,,,
82665,80706,,1,,,,,,,,,,,,,stage/xxdg.csv,,,,,,,,
82666,80706,,2,,,,,,,,,,,,,stage/xxdg.csv,,,,,,,,
82667,80706,,3,,,,,,,,,,,,,stage/xxdg.csv,,,,,,,,
82668,80706,,4,,,,,,,,,,,,,stage/xxdg.csv,,,,,,,,
82669,80706,,5,,,,,,,,,,,,,stage/xxdg.csv,,,,,,,,
82670,80706,,6,,,,,,,,,,,,,stage/xxdg.csv,,,,,,,,
82671,80706,,7,,,,,,,,,,,,,stage/xxdg.csv,,,,,,,,
82672,80706,,8,,,,,,,,,,,,,stage/xxdg.csv,,,,,,,,
82673,80706,,9,,,,,,,,,,,,,stage/xxdg.csv,,,,,,,,
82674,80706,,10,,,,,,,,,,,,,stage/xxdg.csv,,,,,,,,
82675,80706,,11,,,,,,,,,,,,,stage/xxdg.csv,,,,,,,,
82676,80706,,12,,,,,,,,,,,,,stage/xxdg.csv,,,,,,,,
82677,80711,,1,<292843;292843;292843;292843;293251;292843>,,,,,,,,,,,,stage/xxdg.csv,,,,,,,,
82678,80711,,2,,,,,,,,,,,,,stage/xxdg.csv,,,,,,,,
82679,80711,,3,,,,,,,,,,,,,stage/xxdg.csv,,,,,,,,
82680,80711,,4,,,,,,,,,,,,,stage/xxdg.csv,,,,,,,,
82681,80711,,5,,,,,,,,,,,,,stage/xxdg.csv,,,,,,,,
82682,80711,,6,,,,,,,,,,,,,stage/xxdg.csv,,,,,,,,
82683,80711,,7,,,,,,,,,,,,,stage/xxdg.csv,,,,,,,,
82684,80711,,8,,,,,,,,,,,,,stage/xxdg.csv,,,,,,,,
82685,80711,,9,,,,,,,,,,,,,stage/xxdg.csv,,,,,,,,
82686,80711,,10,,,,,,,,,,,,,stage/xxdg.csv,,,,,,,,
82687,80711,,11,,,,,,,,,,,,,stage/xxdg.csv,,,,,,,,
82688,80711,,12,,,,,,,,,,,,,stage/xxdg.csv,,,,,,,,
82689,80712,,1,<292593;292593;292593;292593;304421;292593>,,,,,,,,,,,,stage/xxdg.csv,,,,,,,,
82690,80712,,2,,,,,,,,,,,,,stage/xxdg.csv,,,,,,,,
82691,80712,,3,,,,,,,,,,,,,stage/xxdg.csv,,,,,,,,
82692,80712,,4,,,,,,,,,,,,,stage/xxdg.csv,,,,,,,,
82693,80712,,5,,,,,,,,,,,,,stage/xxdg.csv,,,,,,,,
82694,80712,,6,,,,,,,,,,,,,stage/xxdg.csv,,,,,,,,
82695,80712,,7,,,,,,,,,,,,,stage/xxdg.csv,,,,,,,,
82696,80712,,8,,,,,,,,,,,,,stage/xxdg.csv,,,,,,,,
82697,80712,,9,,,,,,,,,,,,,stage/xxdg.csv,,,,,,,,
82698,80712,,10,,,,,,,,,,,,,stage/xxdg.csv,,,,,,,,
82699,80712,,11,,,,,,,,,,,,,stage/xxdg.csv,,,,,,,,
82700,80712,,12,,,,,,,,,,,,,stage/xxdg.csv,,,,,,,,
82701,80713,,1,,,,,,,,,,,,,stage/xxdg.csv,,,,,,,,
82702,80713,,2,,,,,,,,,,,,,stage/xxdg.csv,,,,,,,,
82703,80713,,3,,,,,,,,,,,,,stage/xxdg.csv,,,,,,,,
82704,80713,,4,,,,,,,,,,,,,stage/xxdg.csv,,,,,,,,
82705,80713,,5,,,,,,,,,,,,,stage/xxdg.csv,,,,,,,,
82706,80713,,6,,,,,,,,,,,,,stage/xxdg.csv,,,,,,,,
82707,80713,,7,,,,,,,,,,,,,stage/xxdg.csv,,,,,,,,
82708,80713,,8,,,,,,,,,,,,,stage/xxdg.csv,,,,,,,,
82709,80713,,9,,,,,,,,,,,,,stage/xxdg.csv,,,,,,,,
82710,80713,,10,,,,,,,,,,,,,stage/xxdg.csv,,,,,,,,
82711,80713,,11,,,,,,,,,,,,,stage/xxdg.csv,,,,,,,,
82712,80713,,12,,,,,,,,,,,,,stage/xxdg.csv,,,,,,,,
82713,80714,,1,,,,,,,,,,,,,stage/xxdg.csv,,,,,,,,
82714,80714,,2,,,,,,,,,,,,,stage/xxdg.csv,,,,,,,,
82715,80714,,3,,,,,,,,,,,,,stage/xxdg.csv,,,,,,,,
82716,80714,,4,,,,,,,,,,,,,stage/xxdg.csv,,,,,,,,
82717,80714,,5,,,,,,,,,,,,,stage/xxdg.csv,,,,,,,,
82718,80714,,6,,,,,,,,,,,,,stage/xxdg.csv,,,,,,,,
82719,80714,,7,,,,,,,,,,,,,stage/xxdg.csv,,,,,,,,
82720,80714,,8,,,,,,,,,,,,,stage/xxdg.csv,,,,,,,,
82721,80714,,9,,,,,,,,,,,,,stage/xxdg.csv,,,,,,,,
82722,80714,,10,,,,,,,,,,,,,stage/xxdg.csv,,,,,,,,
82723,80714,,11,,,,,,,,,,,,,stage/xxdg.csv,,,,,,,,
82724,80714,,12,,,,,,,,,,,,,stage/xxdg.csv,,,,,,,,
82725,80715,,1,,,,,,,,,,,,,stage/xxdg.csv,,,,,,,,
82726,80715,,2,,,,,,,,,,,,,stage/xxdg.csv,,,,,,,,
82727,80715,,3,,,,,,,,,,,,,stage/xxdg.csv,,,,,,,,
82728,80715,,4,,,,,,,,,,,,,stage/xxdg.csv,,,,,,,,
82729,80715,,5,,,,,,,,,,,,,stage/xxdg.csv,,,,,,,,
82730,80715,,6,,,,,,,,,,,,,stage/xxdg.csv,,,,,,,,
82731,80715,,7,,,,,,,,,,,,,stage/xxdg.csv,,,,,,,,
82732,80715,,8,,,,,,,,,,,,,stage/xxdg.csv,,,,,,,,
82733,80715,,9,,,,,,,,,,,,,stage/xxdg.csv,,,,,,,,
82734,80715,,10,,,,,,,,,,,,,stage/xxdg.csv,,,,,,,,
82735,80715,,11,,,,,,,,,,,,,stage/xxdg.csv,,,,,,,,
82736,80715,,12,,,,,,,,,,,,,stage/xxdg.csv,,,,,,,,
82737,80716,,1,,,,,,,,,,,,,stage/xxdg.csv,,,,,,,,
82738,80716,,2,,,,,,,,,,,,,stage/xxdg.csv,,,,,,,,
82739,80716,,3,,,,,,,,,,,,,stage/xxdg.csv,,,,,,,,
82740,80716,,4,,,,,,,,,,,,,stage/xxdg.csv,,,,,,,,
82741,80716,,5,,,,,,,,,,,,,stage/xxdg.csv,,,,,,,,
82742,80716,,6,,,,,,,,,,,,,stage/xxdg.csv,,,,,,,,
82743,80716,,7,,,,,,,,,,,,,stage/xxdg.csv,,,,,,,,
82744,80716,,8,,,,,,,,,,,,,stage/xxdg.csv,,,,,,,,
82745,80716,,9,,,,,,,,,,,,,stage/xxdg.csv,,,,,,,,
82746,80716,,10,,,,,,,,,,,,,stage/xxdg.csv,,,,,,,,
82747,80716,,11,,,,,,,,,,,,,stage/xxdg.csv,,,,,,,,
82748,80716,,12,,,,,,,,,,,,,stage/xxdg.csv,,,,,,,,
82749,80721,,1,<291253;291253;291253;293161;300441;293161>,,,,,,,,,,,,stage/xxdg.csv,,,,,,,,
82750,80721,,2,,,,,,,,,,,,,stage/xxdg.csv,,,,,,,,
82751,80721,,3,,,,,,,,,,,,,stage/xxdg.csv,,,,,,,,
82752,80721,,4,,,,,,,,,,,,,stage/xxdg.csv,,,,,,,,
82753,80721,,5,,,,,,,,,,,,,stage/xxdg.csv,,,,,,,,
82754,80721,,6,,,,,,,,,,,,,stage/xxdg.csv,,,,,,,,
82755,80721,,7,,,,,,,,,,,,,stage/xxdg.csv,,,,,,,,
82756,80721,,8,,,,,,,,,,,,,stage/xxdg.csv,,,,,,,,
82757,80721,,9,,,,,,,,,,,,,stage/xxdg.csv,,,,,,,,
82758,80721,,10,,,,,,,,,,,,,stage/xxdg.csv,,,,,,,,
82759,80721,,11,,,,,,,,,,,,,stage/xxdg.csv,,,,,,,,
82760,80721,,12,,,,,,,,,,,,,stage/xxdg.csv,,,,,,,,
82761,80722,,1,<290333;290333;290333;293353;303313;293353>,,,,,,,,,,,,stage/xxdg.csv,,,,,,,,
82762,80722,,2,,,,,,,,,,,,,stage/xxdg.csv,,,,,,,,
82763,80722,,3,,,,,,,,,,,,,stage/xxdg.csv,,,,,,,,
82764,80722,,4,,,,,,,,,,,,,stage/xxdg.csv,,,,,,,,
82765,80722,,5,,,,,,,,,,,,,stage/xxdg.csv,,,,,,,,
82766,80722,,6,,,,,,,,,,,,,stage/xxdg.csv,,,,,,,,
82767,80722,,7,,,,,,,,,,,,,stage/xxdg.csv,,,,,,,,
82768,80722,,8,,,,,,,,,,,,,stage/xxdg.csv,,,,,,,,
82769,80722,,9,,,,,,,,,,,,,stage/xxdg.csv,,,,,,,,
82770,80722,,10,,,,,,,,,,,,,stage/xxdg.csv,,,,,,,,
82771,80722,,11,,,,,,,,,,,,,stage/xxdg.csv,,,,,,,,
82772,80722,,12,,,,,,,,,,,,,stage/xxdg.csv,,,,,,,,
82773,80723,,1,,,,,,,,,,,,,stage/xxdg.csv,,,,,,,,
82774,80723,,2,,,,,,,,,,,,,stage/xxdg.csv,,,,,,,,
82775,80723,,3,,,,,,,,,,,,,stage/xxdg.csv,,,,,,,,
82776,80723,,4,,,,,,,,,,,,,stage/xxdg.csv,,,,,,,,
82777,80723,,5,,,,,,,,,,,,,stage/xxdg.csv,,,,,,,,
82778,80723,,6,,,,,,,,,,,,,stage/xxdg.csv,,,,,,,,
82779,80723,,7,,,,,,,,,,,,,stage/xxdg.csv,,,,,,,,
82780,80723,,8,,,,,,,,,,,,,stage/xxdg.csv,,,,,,,,
82781,80723,,9,,,,,,,,,,,,,stage/xxdg.csv,,,,,,,,
82782,80723,,10,,,,,,,,,,,,,stage/xxdg.csv,,,,,,,,
82783,80723,,11,,,,,,,,,,,,,stage/xxdg.csv,,,,,,,,
82784,80723,,12,,,,,,,,,,,,,stage/xxdg.csv,,,,,,,,
82785,80724,,1,,,,,,,,,,,,,stage/xxdg.csv,,,,,,,,
82786,80724,,2,,,,,,,,,,,,,stage/xxdg.csv,,,,,,,,
82787,80724,,3,,,,,,,,,,,,,stage/xxdg.csv,,,,,,,,
82788,80724,,4,,,,,,,,,,,,,stage/xxdg.csv,,,,,,,,
82789,80724,,5,,,,,,,,,,,,,stage/xxdg.csv,,,,,,,,
82790,80724,,6,,,,,,,,,,,,,stage/xxdg.csv,,,,,,,,
82791,80724,,7,,,,,,,,,,,,,stage/xxdg.csv,,,,,,,,
82792,80724,,8,,,,,,,,,,,,,stage/xxdg.csv,,,,,,,,
82793,80724,,9,,,,,,,,,,,,,stage/xxdg.csv,,,,,,,,
82794,80724,,10,,,,,,,,,,,,,stage/xxdg.csv,,,,,,,,
82795,80724,,11,,,,,,,,,,,,,stage/xxdg.csv,,,,,,,,
82796,80724,,12,,,,,,,,,,,,,stage/xxdg.csv,,,,,,,,
82797,80725,,1,,,,,,,,,,,,,stage/xxdg.csv,,,,,,,,
82798,80725,,2,,,,,,,,,,,,,stage/xxdg.csv,,,,,,,,
82799,80725,,3,,,,,,,,,,,,,stage/xxdg.csv,,,,,,,,
82800,80725,,4,,,,,,,,,,,,,stage/xxdg.csv,,,,,,,,
82801,80725,,5,,,,,,,,,,,,,stage/xxdg.csv,,,,,,,,
82802,80725,,6,,,,,,,,,,,,,stage/xxdg.csv,,,,,,,,
82803,80725,,7,,,,,,,,,,,,,stage/xxdg.csv,,,,,,,,
82804,80725,,8,,,,,,,,,,,,,stage/xxdg.csv,,,,,,,,
82805,80725,,9,,,,,,,,,,,,,stage/xxdg.csv,,,,,,,,
82806,80725,,10,,,,,,,,,,,,,stage/xxdg.csv,,,,,,,,
82807,80725,,11,,,,,,,,,,,,,stage/xxdg.csv,,,,,,,,
82808,80725,,12,,,,,,,,,,,,,stage/xxdg.csv,,,,,,,,
82809,80726,,1,,,,,,,,,,,,,stage/xxdg.csv,,,,,,,,
82810,80726,,2,,,,,,,,,,,,,stage/xxdg.csv,,,,,,,,
82811,80726,,3,,,,,,,,,,,,,stage/xxdg.csv,,,,,,,,
82812,80726,,4,,,,,,,,,,,,,stage/xxdg.csv,,,,,,,,
82813,80726,,5,,,,,,,,,,,,,stage/xxdg.csv,,,,,,,,
82814,80726,,6,,,,,,,,,,,,,stage/xxdg.csv,,,,,,,,
82815,80726,,7,,,,,,,,,,,,,stage/xxdg.csv,,,,,,,,
82816,80726,,8,,,,,,,,,,,,,stage/xxdg.csv,,,,,,,,
82817,80726,,9,,,,,,,,,,,,,stage/xxdg.csv,,,,,,,,
82818,80726,,10,,,,,,,,,,,,,stage/xxdg.csv,,,,,,,,
82819,80726,,11,,,,,,,,,,,,,stage/xxdg.csv,,,,,,,,
82820,80726,,12,,,,,,,,,,,,,stage/xxdg.csv,,,,,,,,
82821,80731,,1,<293251;293251;293251;293251;305321;293251>,,,,,,,,,,,,stage/xxdg.csv,,,,,,,,
82822,80731,,2,,,,,,,,,,,,,stage/xxdg.csv,,,,,,,,
82823,80731,,3,,,,,,,,,,,,,stage/xxdg.csv,,,,,,,,
82824,80731,,4,,,,,,,,,,,,,stage/xxdg.csv,,,,,,,,
82825,80731,,5,,,,,,,,,,,,,stage/xxdg.csv,,,,,,,,
82826,80731,,6,,,,,,,,,,,,,stage/xxdg.csv,,,,,,,,
82827,80731,,7,,,,,,,,,,,,,stage/xxdg.csv,,,,,,,,
82828,80731,,8,,,,,,,,,,,,,stage/xxdg.csv,,,,,,,,
82829,80731,,9,,,,,,,,,,,,,stage/xxdg.csv,,,,,,,,
82830,80731,,10,,,,,,,,,,,,,stage/xxdg.csv,,,,,,,,
82831,80731,,11,,,,,,,,,,,,,stage/xxdg.csv,,,,,,,,
82832,80731,,12,,,,,,,,,,,,,stage/xxdg.csv,,,,,,,,
82833,80732,,1,,,,,,,,,,,,,stage/xxdg.csv,,,,,,,,
82834,80732,,2,,,,,,,,,,,,,stage/xxdg.csv,,,,,,,,
82835,80732,,3,,,,,,,,,,,,,stage/xxdg.csv,,,,,,,,
82836,80732,,4,,,,,,,,,,,,,stage/xxdg.csv,,,,,,,,
82837,80732,,5,,,,,,,,,,,,,stage/xxdg.csv,,,,,,,,
82838,80732,,6,,,,,,,,,,,,,stage/xxdg.csv,,,,,,,,
82839,80732,,7,,,,,,,,,,,,,stage/xxdg.csv,,,,,,,,
82840,80732,,8,,,,,,,,,,,,,stage/xxdg.csv,,,,,,,,
82841,80732,,9,,,,,,,,,,,,,stage/xxdg.csv,,,,,,,,
82842,80732,,10,,,,,,,,,,,,,stage/xxdg.csv,,,,,,,,
82843,80732,,11,,,,,,,,,,,,,stage/xxdg.csv,,,,,,,,
82844,80732,,12,,,,,,,,,,,,,stage/xxdg.csv,,,,,,,,
82845,80733,,1,<290263;290263;290263;291393;290771;291393>,,,,,,,,,,,,stage/xxdg.csv,,,,,,,,
82846,80733,,2,,,,,,,,,,,,,stage/xxdg.csv,,,,,,,,
82847,80733,,3,,,,,,,,,,,,,stage/xxdg.csv,,,,,,,,
82848,80733,,4,,,,,,,,,,,,,stage/xxdg.csv,,,,,,,,
82849,80733,,5,,,,,,,,,,,,,stage/xxdg.csv,,,,,,,,
82850,80733,,6,,,,,,,,,,,,,stage/xxdg.csv,,,,,,,,
82851,80733,,7,,,,,,,,,,,,,stage/xxdg.csv,,,,,,,,
82852,80733,,8,,,,,,,,,,,,,stage/xxdg.csv,,,,,,,,
82853,80733,,9,,,,,,,,,,,,,stage/xxdg.csv,,,,,,,,
82854,80733,,10,,,,,,,,,,,,,stage/xxdg.csv,,,,,,,,
82855,80733,,11,,,,,,,,,,,,,stage/xxdg.csv,,,,,,,,
82856,80733,,12,,,,,,,,,,,,,stage/xxdg.csv,,,,,,,,
82857,80734,,1,,,,,,,,,,,,,stage/xxdg.csv,,,,,,,,
82858,80734,,2,,,,,,,,,,,,,stage/xxdg.csv,,,,,,,,
82859,80734,,3,,,,,,,,,,,,,stage/xxdg.csv,,,,,,,,
82860,80734,,4,,,,,,,,,,,,,stage/xxdg.csv,,,,,,,,
82861,80734,,5,,,,,,,,,,,,,stage/xxdg.csv,,,,,,,,
82862,80734,,6,,,,,,,,,,,,,stage/xxdg.csv,,,,,,,,
82863,80734,,7,,,,,,,,,,,,,stage/xxdg.csv,,,,,,,,
82864,80734,,8,,,,,,,,,,,,,stage/xxdg.csv,,,,,,,,
82865,80734,,9,,,,,,,,,,,,,stage/xxdg.csv,,,,,,,,
82866,80734,,10,,,,,,,,,,,,,stage/xxdg.csv,,,,,,,,
82867,80734,,11,,,,,,,,,,,,,stage/xxdg.csv,,,,,,,,
82868,80734,,12,,,,,,,,,,,,,stage/xxdg.csv,,,,,,,,
82869,80735,,1,,,,,,,,,,,,,stage/xxdg.csv,,,,,,,,
82870,80735,,2,,,,,,,,,,,,,stage/xxdg.csv,,,,,,,,
82871,80735,,3,,,,,,,,,,,,,stage/xxdg.csv,,,,,,,,
82872,80735,,4,,,,,,,,,,,,,stage/xxdg.csv,,,,,,,,
82873,80735,,5,,,,,,,,,,,,,stage/xxdg.csv,,,,,,,,
82874,80735,,6,,,,,,,,,,,,,stage/xxdg.csv,,,,,,,,
82875,80735,,7,,,,,,,,,,,,,stage/xxdg.csv,,,,,,,,
82876,80735,,8,,,,,,,,,,,,,stage/xxdg.csv,,,,,,,,
82877,80735,,9,,,,,,,,,,,,,stage/xxdg.csv,,,,,,,,
82878,80735,,10,,,,,,,,,,,,,stage/xxdg.csv,,,,,,,,
82879,80735,,11,,,,,,,,,,,,,stage/xxdg.csv,,,,,,,,
82880,80735,,12,,,,,,,,,,,,,stage/xxdg.csv,,,,,,,,
82881,80736,,1,,,,,,,,,,,,,stage/xxdg.csv,,,,,,,,
82882,80736,,2,,,,,,,,,,,,,stage/xxdg.csv,,,,,,,,
82883,80736,,3,,,,,,,,,,,,,stage/xxdg.csv,,,,,,,,
82884,80736,,4,,,,,,,,,,,,,stage/xxdg.csv,,,,,,,,
82885,80736,,5,,,,,,,,,,,,,stage/xxdg.csv,,,,,,,,
82886,80736,,6,,,,,,,,,,,,,stage/xxdg.csv,,,,,,,,
82887,80736,,7,,,,,,,,,,,,,stage/xxdg.csv,,,,,,,,
82888,80736,,8,,,,,,,,,,,,,stage/xxdg.csv,,,,,,,,
82889,80736,,9,,,,,,,,,,,,,stage/xxdg.csv,,,,,,,,
82890,80736,,10,,,,,,,,,,,,,stage/xxdg.csv,,,,,,,,
82891,80736,,11,,,,,,,,,,,,,stage/xxdg.csv,,,,,,,,
82892,80736,,12,,,,,,,,,,,,,stage/xxdg.csv,,,,,,,,
82893,80741,,1,,,,,,,,,,,,,stage/xxdg.csv,,,,,,,,
82894,80741,,2,,,,,,,,,,,,,stage/xxdg.csv,,,,,,,,
82895,80741,,3,,,,,,,,,,,,,stage/xxdg.csv,,,,,,,,
82896,80741,,4,,,,,,,,,,,,,stage/xxdg.csv,,,,,,,,
82897,80741,,5,,,,,,,,,,,,,stage/xxdg.csv,,,,,,,,
82898,80741,,6,,,,,,,,,,,,,stage/xxdg.csv,,,,,,,,
82899,80741,,7,,,,,,,,,,,,,stage/xxdg.csv,,,,,,,,
82900,80741,,8,,,,,,,,,,,,,stage/xxdg.csv,,,,,,,,
82901,80741,,9,,,,,,,,,,,,,stage/xxdg.csv,,,,,,,,
82902,80741,,10,,,,,,,,,,,,,stage/xxdg.csv,,,,,,,,
82903,80741,,11,,,,,,,,,,,,,stage/xxdg.csv,,,,,,,,
82904,80741,,12,,,,,,,,,,,,,stage/xxdg.csv,,,,,,,,
82905,80742,,1,<290771;290771;290771;293161;293353;293161>,,,,,,,,,,,,stage/xxdg.csv,,,,,,,,
82906,80742,,2,,,,,,,,,,,,,stage/xxdg.csv,,,,,,,,
82907,80742,,3,,,,,,,,,,,,,stage/xxdg.csv,,,,,,,,
82908,80742,,4,,,,,,,,,,,,,stage/xxdg.csv,,,,,,,,
82909,80742,,5,,,,,,,,,,,,,stage/xxdg.csv,,,,,,,,
82910,80742,,6,,,,,,,,,,,,,stage/xxdg.csv,,,,,,,,
82911,80742,,7,,,,,,,,,,,,,stage/xxdg.csv,,,,,,,,
82912,80742,,8,,,,,,,,,,,,,stage/xxdg.csv,,,,,,,,
82913,80742,,9,,,,,,,,,,,,,stage/xxdg.csv,,,,,,,,
82914,80742,,10,,,,,,,,,,,,,stage/xxdg.csv,,,,,,,,
82915,80742,,11,,,,,,,,,,,,,stage/xxdg.csv,,,,,,,,
82916,80742,,12,,,,,,,,,,,,,stage/xxdg.csv,,,,,,,,
82917,80743,,1,,,,,,,,,,,,,stage/xxdg.csv,,,,,,,,
82918,80743,,2,,,,,,,,,,,,,stage/xxdg.csv,,,,,,,,
82919,80743,,3,,,,,,,,,,,,,stage/xxdg.csv,,,,,,,,
82920,80743,,4,,,,,,,,,,,,,stage/xxdg.csv,,,,,,,,
82921,80743,,5,,,,,,,,,,,,,stage/xxdg.csv,,,,,,,,
82922,80743,,6,,,,,,,,,,,,,stage/xxdg.csv,,,,,,,,
82923,80743,,7,,,,,,,,,,,,,stage/xxdg.csv,,,,,,,,
82924,80743,,8,,,,,,,,,,,,,stage/xxdg.csv,,,,,,,,
82925,80743,,9,,,,,,,,,,,,,stage/xxdg.csv,,,,,,,,
82926,80743,,10,,,,,,,,,,,,,stage/xxdg.csv,,,,,,,,
82927,80743,,11,,,,,,,,,,,,,stage/xxdg.csv,,,,,,,,
82928,80743,,12,,,,,,,,,,,,,stage/xxdg.csv,,,,,,,,
82929,80744,,1,,,,,,,,,,,,,stage/xxdg.csv,,,,,,,,
82930,80744,,2,,,,,,,,,,,,,stage/xxdg.csv,,,,,,,,
82931,80744,,3,,,,,,,,,,,,,stage/xxdg.csv,,,,,,,,
82932,80744,,4,,,,,,,,,,,,,stage/xxdg.csv,,,,,,,,
82933,80744,,5,,,,,,,,,,,,,stage/xxdg.csv,,,,,,,,
82934,80744,,6,,,,,,,,,,,,,stage/xxdg.csv,,,,,,,,
82935,80744,,7,,,,,,,,,,,,,stage/xxdg.csv,,,,,,,,
82936,80744,,8,,,,,,,,,,,,,stage/xxdg.csv,,,,,,,,
82937,80744,,9,,,,,,,,,,,,,stage/xxdg.csv,,,,,,,,
82938,80744,,10,,,,,,,,,,,,,stage/xxdg.csv,,,,,,,,
82939,80744,,11,,,,,,,,,,,,,stage/xxdg.csv,,,,,,,,
82940,80744,,12,,,,,,,,,,,,,stage/xxdg.csv,,,,,,,,
82941,80745,,1,,,,,,,,,,,,,stage/xxdg.csv,,,,,,,,
82942,80745,,2,,,,,,,,,,,,,stage/xxdg.csv,,,,,,,,
82943,80745,,3,,,,,,,,,,,,,stage/xxdg.csv,,,,,,,,
82944,80745,,4,,,,,,,,,,,,,stage/xxdg.csv,,,,,,,,
82945,80745,,5,,,,,,,,,,,,,stage/xxdg.csv,,,,,,,,
82946,80745,,6,,,,,,,,,,,,,stage/xxdg.csv,,,,,,,,
82947,80745,,7,,,,,,,,,,,,,stage/xxdg.csv,,,,,,,,
82948,80745,,8,,,,,,,,,,,,,stage/xxdg.csv,,,,,,,,
82949,80745,,9,,,,,,,,,,,,,stage/xxdg.csv,,,,,,,,
82950,80745,,10,,,,,,,,,,,,,stage/xxdg.csv,,,,,,,,
82951,80745,,11,,,,,,,,,,,,,stage/xxdg.csv,,,,,,,,
82952,80745,,12,,,,,,,,,,,,,stage/xxdg.csv,,,,,,,,
82953,80746,,1,,,,,,,,,,,,,stage/xxdg.csv,,,,,,,,
82954,80746,,2,,,,,,,,,,,,,stage/xxdg.csv,,,,,,,,
82955,80746,,3,,,,,,,,,,,,,stage/xxdg.csv,,,,,,,,
82956,80746,,4,,,,,,,,,,,,,stage/xxdg.csv,,,,,,,,
82957,80746,,5,,,,,,,,,,,,,stage/xxdg.csv,,,,,,,,
82958,80746,,6,,,,,,,,,,,,,stage/xxdg.csv,,,,,,,,
82959,80746,,7,,,,,,,,,,,,,stage/xxdg.csv,,,,,,,,
82960,80746,,8,,,,,,,,,,,,,stage/xxdg.csv,,,,,,,,
82961,80746,,9,,,,,,,,,,,,,stage/xxdg.csv,,,,,,,,
82962,80746,,10,,,,,,,,,,,,,stage/xxdg.csv,,,,,,,,
82963,80746,,11,,,,,,,,,,,,,stage/xxdg.csv,,,,,,,,
82964,80746,,12,,,,,,,,,,,,,stage/xxdg.csv,,,,,,,,
82965,80751,,1,<291393;293353;290771;291941;290263;291951>,,,,,,,,,,,,stage/xxdg.csv,,,,,,,,
82966,80751,,2,,,,,,,,,,,,,stage/xxdg.csv,,,,,,,,
82967,80751,,3,,,,,,,,,,,,,stage/xxdg.csv,,,,,,,,
82968,80751,,4,,,,,,,,,,,,,stage/xxdg.csv,,,,,,,,
82969,80751,,5,,,,,,,,,,,,,stage/xxdg.csv,,,,,,,,
82970,80751,,6,,,,,,,,,,,,,stage/xxdg.csv,,,,,,,,
82971,80751,,7,,,,,,,,,,,,,stage/xxdg.csv,,,,,,,,
82972,80751,,8,,,,,,,,,,,,,stage/xxdg.csv,,,,,,,,
82973,80751,,9,,,,,,,,,,,,,stage/xxdg.csv,,,,,,,,
82974,80751,,10,,,,,,,,,,,,,stage/xxdg.csv,,,,,,,,
82975,80751,,11,,,,,,,,,,,,,stage/xxdg.csv,,,,,,,,
82976,80751,,12,,,,,,,,,,,,,stage/xxdg.csv,,,,,,,,
100001,100001,,1,<220013;220493;222612;221931;251001;220013>,,,,,,3,,3,3,3,3,stage/wjt.csv,,,,,,,,
100002,100002,,1,<220044;220552;222633;222013;251002;220044>,,,,,,3,,3,3,3,3,stage/wjt.csv,,,,,,,,
100003,100003,,1,<220053;220593;222683;222073;251003;220053>,,,,,,3,,3,3,3,3,stage/wjt.csv,,,,,,,,
100004,100004,,1,<220082;220013;222843;222593;251004;220082>,,,,,,3,,3,3,3,3,stage/wjt.csv,,,,,,,,
100005,100005,,1,<223293;222963;220013;220793;251005;223342>,,,,,,3,,3,3,3,3,stage/wjt.csv,,,,,,,,
100006,100006,,1,<220402;220053;223283;220082;251006;220402>,,,,,,3,,3,3,3,3,stage/wjt.csv,,,,,,,,
100007,100007,,1,<220493;220082;223293;220273;251007;220493>,,,,,,3,,3,3,3,3,stage/wjt.csv,,,,,,,,
100008,100008,,1,<220552;220273;222683;220402;251008;220552>,,,,,,3,,3,3,3,3,stage/wjt.csv,,,,,,,,
100009,100009,,1,<220593;220402;220013;220493;251009;220013>,,,,,,3,,3,3,3,3,stage/wjt.csv,,,,,,,,
100010,100010,,1,<220692;220493;220044;220552;251010;220044>,,,,,,3,,3,3,3,3,stage/wjt.csv,,,,,,,,
100011,100011,,1,<220793;220552;220053;220593;251011;220053>,,,,,,3,,3,3,3,3,stage/wjt.csv,,,,,,,,
100012,100012,,1,<221221;220593;220082;220692;251012;220082>,,,,,,3,,3,3,3,3,stage/wjt.csv,,,,,,,,
100013,100013,,1,<221903;220692;220273;220793;251013;220273>,,,,,,3,,3,3,3,3,stage/wjt.csv,,,,,,,,
100014,100014,,1,<221931;220793;220402;220013;251014;220402>,,,,,,3,,3,3,3,3,stage/wjt.csv,,,,,,,,
100015,100015,,1,<222013;221221;220493;220044;251015;220493>,,,,,,3,,3,3,3,3,stage/wjt.csv,,,,,,,,
100016,100016,,1,<222073;221903;220552;220053;251016;220552>,,,,,,3,,3,3,3,3,stage/wjt.csv,,,,,,,,
100017,100017,,1,<222593;221931;220593;220082;251017;220593>,,,,,,3,,3,3,3,3,stage/wjt.csv,,,,,,,,
100018,100018,,1,<222612;222013;220692;220273;251018;220692>,,,,,,3,,3,3,3,3,stage/wjt.csv,,,,,,,,
100019,100019,,1,<222633;222073;220793;220402;251019;220793>,,,,,,3,,3,3,3,3,stage/wjt.csv,,,,,,,,
100020,100020,,1,<222683;222593;221221;220493;251020;220013>,,,,,,3,,3,3,3,3,stage/wjt.csv,,,,,,,,
100021,100021,,1,<222843;222612;221903;220552;251021;220044>,,,,,,3,,3,3,3,3,stage/wjt.csv,,,,,,,,
100022,100022,,1,<222963;222633;221931;220593;251022;220053>,,,,,,3,,3,3,3,3,stage/wjt.csv,,,,,,,,
100023,100023,,1,<223283;222683;222013;220692;251023;220082>,,,,,,3,,3,3,3,3,stage/wjt.csv,,,,,,,,
100024,100024,,1,<223293;222843;222073;220793;251024;220273>,,,,,,3,,3,3,3,3,stage/wjt.csv,,,,,,,,
100025,100025,,1,<223342;222963;222593;221221;251025;220402>,,,,,,3,,3,3,3,3,stage/wjt.csv,,,,,,,,
100026,100026,,1,<223432;223283;222612;221903;251026;220493>,,,,,,3,,3,3,3,3,stage/wjt.csv,,,,,,,,
100027,100027,,1,<223472;223293;222633;221931;251027;220552>,,,,,,3,,3,3,3,3,stage/wjt.csv,,,,,,,,
100028,100028,,1,<223511;223342;222683;222013;251028;220593>,,,,,,3,,3,3,3,3,stage/wjt.csv,,,,,,,,
100029,100029,,1,<223543;223432;222843;222073;251029;220692>,,,,,,3,,3,3,3,3,stage/wjt.csv,,,,,,,,
100030,100030,,1,<223683;223472;222963;222593;251030;220793>,,,,,,3,,3,3,3,3,stage/wjt.csv,,,,,,,,
100031,100031,,1,<223772;223511;223283;222612;251031;221221>,,,,,,3,,3,3,3,3,stage/wjt.csv,,,,,,,,
100032,100032,,1,<220013;223543;223293;222633;251032;221903>,,,,,,3,,3,3,3,3,stage/wjt.csv,,,,,,,,
100033,100033,,1,<220044;223683;223342;222683;251033;221931>,,,,,,3,,3,3,3,3,stage/wjt.csv,,,,,,,,
100034,100034,,1,<220053;223772;223432;222843;251034;222013>,,,,,,3,,3,3,3,3,stage/wjt.csv,,,,,,,,
100035,100035,,1,<220082;220013;223472;222963;251035;222073>,,,,,,3,,3,3,3,3,stage/wjt.csv,,,,,,,,
100036,100036,,1,<220273;220044;223511;223283;251036;222593>,,,,,,3,,3,3,3,3,stage/wjt.csv,,,,,,,,
100037,100037,,1,<220402;220053;223543;223293;251037;222612>,,,,,,3,,3,3,3,3,stage/wjt.csv,,,,,,,,
100038,100038,,1,<220493;220082;223683;223342;251038;222633>,,,,,,3,,3,3,3,3,stage/wjt.csv,,,,,,,,
100039,100039,,1,<220552;220273;223772;223432;251039;222683>,,,,,,3,,3,3,3,3,stage/wjt.csv,,,,,,,,
100040,100040,,1,<220593;220402;220013;223472;251040;222843>,,,,,,3,,3,3,3,3,stage/wjt.csv,,,,,,,,
100041,100041,,1,<220692;220493;220044;223511;251041;222963>,,,,,,3,,3,3,3,3,stage/wjt.csv,,,,,,,,
100042,100042,,1,<220793;220552;220053;223543;251042;223283>,,,,,,3,,3,3,3,3,stage/wjt.csv,,,,,,,,
100043,100043,,1,<221221;220593;220082;223683;251043;223293>,,,,,,3,,3,3,3,3,stage/wjt.csv,,,,,,,,
100044,100044,,1,<221903;220692;220273;223772;251044;223342>,,,,,,3,,3,3,3,3,stage/wjt.csv,,,,,,,,
100045,100045,,1,<221931;220793;220402;220013;251045;223432>,,,,,,3,,3,3,3,3,stage/wjt.csv,,,,,,,,
100046,100046,,1,<222013;221221;220493;220044;251046;223472>,,,,,,3,,3,3,3,3,stage/wjt.csv,,,,,,,,
100047,100047,,1,<222073;221903;220552;220053;251047;223511>,,,,,,3,,3,3,3,3,stage/wjt.csv,,,,,,,,
100048,100048,,1,<222593;221931;220593;220082;251048;223543>,,,,,,3,,3,3,3,3,stage/wjt.csv,,,,,,,,
100049,100049,,1,<222612;222013;220692;220273;251049;223683>,,,,,,3,,3,3,3,3,stage/wjt.csv,,,,,,,,
100050,100050,,1,<222633;222073;220793;220402;251050;223772>,,,,,,2,,2,2,2,2,stage/wjt.csv,,,,,,,,
100051,100051,,1,<230013;232593;231221;230493;251051;230611>,,,,,,2,,2,2,2,2,stage/wjt.csv,,,,,,,,
100052,100052,,1,<230044;232612;231903;230552;251052;230712>,,,,,,2,,2,2,2,2,stage/wjt.csv,,,,,,,,
100053,100053,,1,<230053;232633;231931;230593;251053;230972>,,,,,,2,,2,2,2,2,stage/wjt.csv,,,,,,,,
100054,100054,,1,<230082;232683;232013;230692;251054;231071>,,,,,,2,,2,2,2,2,stage/wjt.csv,,,,,,,,
100055,100055,,1,<230163;232843;232073;230793;251055;230273>,,,,,,2,,2,2,2,2,stage/wjt.csv,,,,,,,,
100056,100056,,1,<230242;232963;232593;231221;251056;230402>,,,,,,2,,2,2,2,2,stage/wjt.csv,,,,,,,,
100057,100057,,1,<230273;233283;232612;231903;251057;230493>,,,,,,2,,2,2,2,2,stage/wjt.csv,,,,,,,,
100058,100058,,1,<230333;233293;232633;231931;251058;230552>,,,,,,2,,2,2,2,2,stage/wjt.csv,,,,,,,,
100059,100059,,1,<230402;233342;232683;232013;251059;230593>,,,,,,2,,2,2,2,2,stage/wjt.csv,,,,,,,,
100060,100060,,1,<230493;233432;232843;232073;251060;230692>,,,,,,2,,2,2,2,2,stage/wjt.csv,,,,,,,,
100061,100061,,1,<230503;233472;232963;232593;251061;230793>,,,,,,2,,2,2,2,2,stage/wjt.csv,,,,,,,,
100062,100062,,1,<230552;233511;233283;232612;251062;231221>,,,,,,2,,2,2,2,2,stage/wjt.csv,,,,,,,,
100063,100063,,1,<230593;233543;233293;232633;251063;231903>,,,,,,2,,2,2,2,2,stage/wjt.csv,,,,,,,,
100064,100064,,1,<230603;233683;233342;232683;251064;231931>,,,,,,2,,2,2,2,2,stage/wjt.csv,,,,,,,,
100065,100065,,1,<230611;233772;233432;232843;251065;232013>,,,,,,2,,2,2,2,2,stage/wjt.csv,,,,,,,,
100066,100066,,1,<230632;232633;233472;232963;251066;232073>,,,,,,2,,2,2,2,2,stage/wjt.csv,,,,,,,,
100067,100067,,1,<230641;230013;233511;233283;251067;232593>,,,,,,2,,2,2,2,2,stage/wjt.csv,,,,,,,,
100068,100068,,1,<230692;230044;233543;233293;251068;232612>,,,,,,2,,2,2,2,2,stage/wjt.csv,,,,,,,,
100069,100069,,1,<230712;230053;233683;233342;251069;232633>,,,,,,2,,2,2,2,2,stage/wjt.csv,,,,,,,,
100070,100070,,1,<230731;230082;233772;233432;251070;232683>,,,,,,2,,2,2,2,2,stage/wjt.csv,,,,,,,,
100071,100071,,1,<230741;230163;230013;233472;251071;232843>,,,,,,2,,2,2,2,2,stage/wjt.csv,,,,,,,,
100072,100072,,1,<230793;230242;230044;233511;251072;232963>,,,,,,2,,2,2,2,2,stage/wjt.csv,,,,,,,,
100073,100073,,1,<230863;230273;230053;233543;251073;233283>,,,,,,2,,2,2,2,2,stage/wjt.csv,,,,,,,,
100074,100074,,1,<230883;230333;230082;233683;251074;233293>,,,,,,2,,2,2,2,2,stage/wjt.csv,,,,,,,,
100075,100075,,1,<230972;230402;230273;233772;251075;233342>,,,,,,2,,2,2,2,2,stage/wjt.csv,,,,,,,,
100076,100076,,1,<231071;230493;230402;230013;251076;233432>,,,,,,2,,2,2,2,2,stage/wjt.csv,,,,,,,,
100077,100077,,1,<231032;230503;230493;230044;251077;233472>,,,,,,2,,2,2,2,2,stage/wjt.csv,,,,,,,,
100078,100078,,1,<231082;230552;230552;230053;251078;233511>,,,,,,2,,2,2,2,2,stage/wjt.csv,,,,,,,,
100079,100079,,1,<231221;230593;230593;230082;251079;233543>,,,,,,2,,2,2,2,2,stage/wjt.csv,,,,,,,,
100080,100080,,1,<231253;230603;230692;230273;251080;233683>,,,,,,2,,2,2,2,2,stage/wjt.csv,,,,,,,,
100081,100081,,1,<231293;230611;230793;230402;251081;233772>,,,,,,2,,2,2,2,2,stage/wjt.csv,,,,,,,,
100082,100082,,1,<231303;230632;231221;230493;251082;230013>,,,,,,2,,2,2,2,2,stage/wjt.csv,,,,,,,,
100083,100083,,1,<231394;230641;231903;230552;251083;230044>,,,,,,2,,2,2,2,2,stage/wjt.csv,,,,,,,,
100084,100084,,1,<231612;230692;232633;230593;251084;230053>,,,,,,2,,2,2,2,2,stage/wjt.csv,,,,,,,,
100085,100085,,1,<231772;230712;230013;230692;251085;230082>,,,,,,2,,2,2,2,2,stage/wjt.csv,,,,,,,,
100086,100086,,1,<231813;230731;230044;230793;251086;230273>,,,,,,2,,2,2,2,2,stage/wjt.csv,,,,,,,,
100087,100087,,1,<231841;230741;230053;231221;251087;230402>,,,,,,2,,2,2,2,2,stage/wjt.csv,,,,,,,,
100088,100088,,1,<231903;230793;230082;231903;251088;230493>,,,,,,2,,2,2,2,2,stage/wjt.csv,,,,,,,,
100089,100089,,1,<231911;230863;230163;231931;251089;230552>,,,,,,2,,2,2,2,2,stage/wjt.csv,,,,,,,,
100090,100090,,1,<231931;230883;230242;232013;251090;230593>,,,,,,2,,2,2,2,2,stage/wjt.csv,,,,,,,,
100091,100091,,1,<232013;230972;230273;232073;251091;230692>,,,,,,2,,2,2,2,2,stage/wjt.csv,,,,,,,,
100092,100092,,1,<232023;231071;230333;232593;251092;230793>,,,,,,2,,2,2,2,2,stage/wjt.csv,,,,,,,,
100093,100093,,1,<232033;231032;230402;232612;251093;231221>,,,,,,2,,2,2,2,2,stage/wjt.csv,,,,,,,,
100094,100094,,1,<232073;231082;230493;232633;251094;231903>,,,,,,2,,2,2,2,2,stage/wjt.csv,,,,,,,,
100095,100095,,1,<232242;231221;230503;232683;251095;231931>,,,,,,2,,2,2,2,2,stage/wjt.csv,,,,,,,,
100096,100096,,1,<232593;231253;230552;232843;251096;232013>,,,,,,2,,2,2,2,2,stage/wjt.csv,,,,,,,,
100097,100097,,1,<232612;231293;230593;232963;251097;232073>,,,,,,2,,2,2,2,2,stage/wjt.csv,,,,,,,,
100098,100098,,1,<232633;231303;230603;233283;251098;232593>,,,,,,2,,2,2,2,2,stage/wjt.csv,,,,,,,,
100099,100099,,1,<232683;231394;230611;232633;251099;232612>,,,,,,2,,2,2,2,2,stage/wjt.csv,,,,,,,,
100100,100100,,1,<232723;231612;230632;230013;251100;232633>,,,,,,2,,2,2,2,2,stage/wjt.csv,,,,,,,,
100101,100101,,1,<232843;231772;230641;230044;251101;232683>,,,,,,2,,2,2,2,2,stage/wjt.csv,,,,,,,,
100102,100102,,1,<232963;231813;230692;230053;251102;232843>,,,,,,2,,2,2,2,2,stage/wjt.csv,,,,,,,,
100103,100103,,1,<233003;231841;230712;230082;251103;232963>,,,,,,2,,2,2,2,2,stage/wjt.csv,,,,,,,,
100104,100104,,1,<233152;231903;230731;230163;251104;233283>,,,,,,2,,2,2,2,2,stage/wjt.csv,,,,,,,,
100105,100105,,1,<233161;231911;230741;230242;251105;233293>,,,,,,2,,2,2,2,2,stage/wjt.csv,,,,,,,,
100106,100106,,1,<233181;231931;230793;230273;251106;233342>,,,,,,2,,2,2,2,2,stage/wjt.csv,,,,,,,,
100107,100107,,1,<233251;232013;230863;230333;251107;233432>,,,,,,2,,2,2,2,2,stage/wjt.csv,,,,,,,,
100108,100108,,1,<233283;232023;230883;230402;251108;233472>,,,,,,2,,2,2,2,2,stage/wjt.csv,,,,,,,,
100109,100109,,1,<233293;232033;230972;230493;251109;233511>,,,,,,2,,2,2,2,2,stage/wjt.csv,,,,,,,,
100110,100110,,1,<233342;232073;231071;230503;251110;233543>,,,,,,2,,2,2,2,2,stage/wjt.csv,,,,,,,,
100111,100111,,1,<233432;232242;231032;230552;251111;233683>,,,,,,2,,2,2,2,2,stage/wjt.csv,,,,,,,,
100112,100112,,1,<233472;232593;231082;230593;251112;233772>,,,,,,2,,2,2,2,2,stage/wjt.csv,,,,,,,,
100113,100113,,1,<233511;232612;231221;230603;251113;232633>,,,,,,2,,2,2,2,2,stage/wjt.csv,,,,,,,,
100114,100114,,1,<233543;232633;231253;230611;251114;230013>,,,,,,2,,2,2,2,2,stage/wjt.csv,,,,,,,,
100115,100115,,1,<233592;232683;231293;230632;251115;230044>,,,,,,2,,2,2,2,2,stage/wjt.csv,,,,,,,,
100116,100116,,1,<233663;232723;231303;230641;251116;230053>,,,,,,2,,2,2,2,2,stage/wjt.csv,,,,,,,,
100117,100117,,1,<233683;232843;231394;230692;251117;230082>,,,,,,2,,2,2,2,2,stage/wjt.csv,,,,,,,,
100118,100118,,1,<233772;232963;231612;230712;251118;230163>,,,,,,2,,2,2,2,2,stage/wjt.csv,,,,,,,,
100119,100119,,1,<230013;233003;231772;230731;251119;230242>,,,,,,2,,2,2,2,2,stage/wjt.csv,,,,,,,,
100120,100120,,1,<230044;233152;231813;230741;251120;230273>,,,,,,2,,2,2,2,2,stage/wjt.csv,,,,,,,,
100121,100121,,1,<230053;233161;231841;230793;251121;230333>,,,,,,2,,2,2,2,2,stage/wjt.csv,,,,,,,,
100122,100122,,1,<230082;233181;231903;230863;251122;230402>,,,,,,2,,2,2,2,2,stage/wjt.csv,,,,,,,,
100123,100123,,1,<230163;233251;231911;230883;251123;230493>,,,,,,2,,2,2,2,2,stage/wjt.csv,,,,,,,,
100124,100124,,1,<230242;233283;231931;230972;251124;230503>,,,,,,2,,2,2,2,2,stage/wjt.csv,,,,,,,,
100125,100125,,1,<230273;233293;232013;231071;251125;230552>,,,,,,2,,2,2,2,2,stage/wjt.csv,,,,,,,,
100126,100126,,1,<230333;233342;232023;231032;251126;230593>,,,,,,2,,2,2,2,2,stage/wjt.csv,,,,,,,,
100127,100127,,1,<230402;233432;232033;231082;251127;230603>,,,,,,2,,2,2,2,2,stage/wjt.csv,,,,,,,,
100128,100128,,1,<230493;233472;232073;231221;251128;230611>,,,,,,2,,2,2,2,2,stage/wjt.csv,,,,,,,,
100129,100129,,1,<230503;233511;232242;231253;251129;230632>,,,,,,2,,2,2,2,2,stage/wjt.csv,,,,,,,,
100130,100130,,1,<230552;233543;232593;231293;251130;230641>,,,,,,2,,2,2,2,2,stage/wjt.csv,,,,,,,,
100131,100131,,1,<230593;233592;232612;231303;251131;230692>,,,,,,2,,2,2,2,2,stage/wjt.csv,,,,,,,,
100132,100132,,1,<230603;233663;232633;231394;251132;230712>,,,,,,2,,2,2,2,2,stage/wjt.csv,,,,,,,,
100133,100133,,1,<230611;233683;232683;231612;251133;230731>,,,,,,2,,2,2,2,2,stage/wjt.csv,,,,,,,,
100134,100134,,1,<230632;233772;232723;231772;251134;230741>,,,,,,2,,2,2,2,2,stage/wjt.csv,,,,,,,,
100135,100135,,1,<230641;230013;232843;231813;251135;230793>,,,,,,2,,2,2,2,2,stage/wjt.csv,,,,,,,,
100136,100136,,1,<230692;230044;232963;231841;251136;230863>,,,,,,2,,2,2,2,2,stage/wjt.csv,,,,,,,,
100137,100137,,1,<230712;230053;233003;231903;251137;230883>,,,,,,2,,2,2,2,2,stage/wjt.csv,,,,,,,,
100138,100138,,1,<230731;230082;233152;231911;251138;230972>,,,,,,2,,2,2,2,2,stage/wjt.csv,,,,,,,,
100139,100139,,1,<230741;230163;233161;231931;251139;231071>,,,,,,2,,2,2,2,2,stage/wjt.csv,,,,,,,,
100140,100140,,1,<230793;230242;233181;232013;251140;231032>,,,,,,2,,2,2,2,2,stage/wjt.csv,,,,,,,,
100141,100141,,1,<230863;230273;233251;232023;251141;231082>,,,,,,2,,2,2,2,2,stage/wjt.csv,,,,,,,,
100142,100142,,1,<230883;230333;233283;232033;251142;231221>,,,,,,2,,2,2,2,2,stage/wjt.csv,,,,,,,,
100143,100143,,1,<230972;230402;233293;232073;251143;231253>,,,,,,2,,2,2,2,2,stage/wjt.csv,,,,,,,,
100144,100144,,1,<231071;230493;233342;232242;251144;231293>,,,,,,2,,2,2,2,2,stage/wjt.csv,,,,,,,,
100145,100145,,1,<230883;231221;230731;230333;251145;230593>,,,,,,2,,2,2,2,2,stage/wjt.csv,,,,,,,,
100146,100146,,1,<231082;230552;233472;232612;251146;231394>,,,,,,2,,2,2,2,2,stage/wjt.csv,,,,,,,,
100147,100147,,1,<231221;230593;233511;232633;251147;231612>,,,,,,2,,2,2,2,2,stage/wjt.csv,,,,,,,,
100148,100148,,1,<231253;230603;233543;232683;251148;231772>,,,,,,2,,2,2,2,2,stage/wjt.csv,,,,,,,,
100149,100149,,1,<231293;230611;233592;232723;251149;231813>,,,,,,2,,2,2,2,2,stage/wjt.csv,,,,,,,,
100150,100150,,1,<231303;230632;233663;232843;251150;231841>,,,,,,2,,2,2,2,2,stage/wjt.csv,,,,,,,,
100151,100151,,1,<231394;230641;233683;232963;251151;231903>,,,,,,2,,2,2,2,2,stage/wjt.csv,,,,,,,,
100152,100152,,1,<231612;230692;233772;233003;251152;231911>,,,,,,2,,2,2,2,2,stage/wjt.csv,,,,,,,,
100153,100153,,1,<231772;230712;230013;233152;251153;231931>,,,,,,2,,2,2,2,2,stage/wjt.csv,,,,,,,,
100154,100154,,1,<231813;230731;230044;233161;251154;232013>,,,,,,2,,2,2,2,2,stage/wjt.csv,,,,,,,,
100155,100155,,1,<231841;230741;230053;233181;251155;232023>,,,,,,2,,2,2,2,2,stage/wjt.csv,,,,,,,,
100156,100156,,1,<231903;230793;230082;233251;251156;232033>,,,,,,2,,2,2,2,2,stage/wjt.csv,,,,,,,,
100157,100157,,1,<231911;230863;230163;233283;251157;232073>,,,,,,2,,2,2,2,2,stage/wjt.csv,,,,,,,,
100158,100158,,1,<231931;230883;230242;233293;251158;232242>,,,,,,2,,2,2,2,2,stage/wjt.csv,,,,,,,,
100159,100159,,1,<232013;230972;230273;233342;251159;232593>,,,,,,2,,2,2,2,2,stage/wjt.csv,,,,,,,,
100160,100160,,1,<232023;231071;230333;233432;251160;232612>,,,,,,2,,2,2,2,2,stage/wjt.csv,,,,,,,,
100161,100161,,1,<232033;231032;230402;233472;251161;232633>,,,,,,2,,2,2,2,2,stage/wjt.csv,,,,,,,,
100162,100162,,1,<232073;231082;230493;233511;251162;232683>,,,,,,2,,2,2,2,2,stage/wjt.csv,,,,,,,,
100163,100163,,1,<232242;231221;230503;233543;251163;232723>,,,,,,2,,2,2,2,2,stage/wjt.csv,,,,,,,,
100164,100164,,1,<232593;231253;230552;233592;251164;232843>,,,,,,2,,2,2,2,2,stage/wjt.csv,,,,,,,,
100165,100165,,1,<232612;231293;230593;233663;251165;232963>,,,,,,2,,2,2,2,2,stage/wjt.csv,,,,,,,,
100166,100166,,1,<232633;231303;230603;233683;251166;233003>,,,,,,2,,2,2,2,2,stage/wjt.csv,,,,,,,,
100167,100167,,1,<232683;231394;230611;233772;251167;233152>,,,,,,2,,2,2,2,2,stage/wjt.csv,,,,,,,,
100168,100168,,1,<232723;231612;230632;230013;251168;233161>,,,,,,2,,2,2,2,2,stage/wjt.csv,,,,,,,,
100169,100169,,1,<232843;231772;230641;230044;251169;233181>,,,,,,2,,2,2,2,2,stage/wjt.csv,,,,,,,,
100170,100170,,1,<232963;231813;230692;230053;251170;233251>,,,,,,2,,2,2,2,2,stage/wjt.csv,,,,,,,,
100171,100171,,1,<233003;231841;230712;230082;251171;233283>,,,,,,2,,2,2,2,2,stage/wjt.csv,,,,,,,,
100172,100172,,1,<233152;231903;230731;230163;251172;233293>,,,,,,2,,2,2,2,2,stage/wjt.csv,,,,,,,,
100173,100173,,1,<233161;231911;230741;230242;251173;233342>,,,,,,2,,2,2,2,2,stage/wjt.csv,,,,,,,,
100174,100174,,1,<233181;231931;230793;230273;251174;233432>,,,,,,2,,2,2,2,2,stage/wjt.csv,,,,,,,,
100175,100175,,1,<233251;232013;230863;230333;251175;233472>,,,,,,2,,2,2,2,2,stage/wjt.csv,,,,,,,,
100176,100176,,1,<233283;232023;230883;230402;251176;233511>,,,,,,2,,2,2,2,2,stage/wjt.csv,,,,,,,,
100177,100177,,1,<233293;232033;230972;230493;251177;233543>,,,,,,2,,2,2,2,2,stage/wjt.csv,,,,,,,,
100178,100178,,1,<233342;232073;231071;230503;251178;233592>,,,,,,2,,2,2,2,2,stage/wjt.csv,,,,,,,,
100179,100179,,1,<233432;232242;231032;230552;251179;233663>,,,,,,2,,2,2,2,2,stage/wjt.csv,,,,,,,,
100180,100180,,1,<233472;232593;231082;230593;251180;233683>,,,,,,2,,2,2,2,2,stage/wjt.csv,,,,,,,,
100181,100181,,1,<233511;232612;231221;230603;251181;233772>,,,,,,2,,2,2,2,2,stage/wjt.csv,,,,,,,,
100182,100182,,1,<233543;232633;231253;230611;251182;230013>,,,,,,2,,2,2,2,2,stage/wjt.csv,,,,,,,,
100183,100183,,1,<233592;232683;231293;230632;251183;230044>,,,,,,2,,2,2,2,2,stage/wjt.csv,,,,,,,,
100184,100184,,1,<233663;232723;231303;230641;251184;230053>,,,,,,2,,2,2,2,2,stage/wjt.csv,,,,,,,,
100185,100185,,1,<233683;232843;231394;230692;251185;230082>,,,,,,2,,2,2,2,2,stage/wjt.csv,,,,,,,,
100186,100186,,1,<233772;232963;231612;230712;251186;230163>,,,,,,2,,2,2,2,2,stage/wjt.csv,,,,,,,,
100187,100187,,1,<230013;233003;231772;230731;251187;230242>,,,,,,2,,2,2,2,2,stage/wjt.csv,,,,,,,,
100188,100188,,1,<230044;233152;231813;230741;251188;230273>,,,,,,2,,2,2,2,2,stage/wjt.csv,,,,,,,,
100189,100189,,1,<230053;233161;231841;230793;251189;230333>,,,,,,2,,2,2,2,2,stage/wjt.csv,,,,,,,,
100190,100190,,1,<230082;233181;231903;230863;251190;230402>,,,,,,2,,2,2,2,2,stage/wjt.csv,,,,,,,,
100191,100191,,1,<230163;233251;231911;230883;251191;230493>,,,,,,2,,2,2,2,2,stage/wjt.csv,,,,,,,,
100192,100192,,1,<230242;233283;231931;230972;251192;230503>,,,,,,2,,2,2,2,2,stage/wjt.csv,,,,,,,,
100193,100193,,1,<230273;233293;232013;231071;251193;230552>,,,,,,2,,2,2,2,2,stage/wjt.csv,,,,,,,,
100194,100194,,1,<230333;233342;232023;231032;251194;230593>,,,,,,2,,2,2,2,2,stage/wjt.csv,,,,,,,,
100195,100195,,1,<230402;233432;232033;231082;251195;230603>,,,,,,2,,2,2,2,2,stage/wjt.csv,,,,,,,,
100196,100196,,1,<230493;233472;232073;231221;251196;230611>,,,,,,2,,2,2,2,2,stage/wjt.csv,,,,,,,,
100197,100197,,1,<230503;233511;232242;231253;251197;230632>,,,,,,2,,2,2,2,2,stage/wjt.csv,,,,,,,,
100198,100198,,1,<230552;233543;232593;231293;251198;230641>,,,,,,2,,2,2,2,2,stage/wjt.csv,,,,,,,,
100199,100199,,1,<230593;233592;232612;231303;251199;230692>,,,,,,2,,2,2,2,2,stage/wjt.csv,,,,,,,,
100200,100200,,1,<230603;233663;232633;231394;251200;230712>,,,,,,2,,2,2,2,2,stage/wjt.csv,,,,,,,,
100201,100201,,1,<230611;233683;232683;231612;251201;230731>,,,,,,2,,2,2,2,2,stage/wjt.csv,,,,,,,,
100202,100202,,1,<230632;233772;232723;231772;251202;230741>,,,,,,2,,2,2,2,2,stage/wjt.csv,,,,,,,,
100203,100203,,1,<230641;230013;232843;231813;251203;230793>,,,,,,2,,2,2,2,2,stage/wjt.csv,,,,,,,,
100204,100204,,1,<230692;230044;232963;231841;251204;230863>,,,,,,2,,2,2,2,2,stage/wjt.csv,,,,,,,,
100205,100205,,1,<230712;230053;233003;231903;251205;230883>,,,,,,2,,2,2,2,2,stage/wjt.csv,,,,,,,,
100206,100206,,1,<230731;230082;233152;231911;251206;230972>,,,,,,2,,2,2,2,2,stage/wjt.csv,,,,,,,,
100207,100207,,1,<230741;230163;233161;231931;251207;231071>,,,,,,2,,2,2,2,2,stage/wjt.csv,,,,,,,,
100208,100208,,1,<230793;230242;233181;232013;251208;231032>,,,,,,2,,2,2,2,2,stage/wjt.csv,,,,,,,,
100209,100209,,1,<230863;230273;233251;232023;251209;231082>,,,,,,2,,2,2,2,2,stage/wjt.csv,,,,,,,,
100210,100210,,1,<230883;230333;233283;232033;251210;231221>,,,,,,2,,2,2,2,2,stage/wjt.csv,,,,,,,,
100211,100211,,1,<230972;230402;233293;232073;251211;231253>,,,,,,2,,2,2,2,2,stage/wjt.csv,,,,,,,,
100212,100212,,1,<231071;230493;233342;232242;251212;231293>,,,,,,2,,2,2,2,2,stage/wjt.csv,,,,,,,,
100213,100213,,1,<231032;230503;233432;232593;251213;231303>,,,,,,2,,2,2,2,2,stage/wjt.csv,,,,,,,,
100214,100214,,1,<231082;230552;233472;232612;251214;231394>,,,,,,2,,2,2,2,2,stage/wjt.csv,,,,,,,,
100215,100215,,1,<231221;230593;233511;232633;251215;231612>,,,,,,2,,2,2,2,2,stage/wjt.csv,,,,,,,,
100216,100216,,1,<231253;230603;233543;232683;251216;231772>,,,,,,2,,2,2,2,2,stage/wjt.csv,,,,,,,,
100217,100217,,1,<231293;230611;233592;232723;251217;231813>,,,,,,2,,2,2,2,2,stage/wjt.csv,,,,,,,,
100218,100218,,1,<231303;230632;233663;232843;251218;231841>,,,,,,2,,2,2,2,2,stage/wjt.csv,,,,,,,,
100219,100219,,1,<231394;230641;233683;232963;251219;231903>,,,,,,2,,2,2,2,2,stage/wjt.csv,,,,,,,,
100220,100220,,1,<231612;230692;233772;233003;251220;231911>,,,,,,2,,2,2,2,2,stage/wjt.csv,,,,,,,,
100221,100221,,1,<231772;230712;230013;233152;251221;231931>,,,,,,2,,2,2,2,2,stage/wjt.csv,,,,,,,,
100222,100222,,1,<231813;230731;230044;233161;251222;232013>,,,,,,2,,2,2,2,2,stage/wjt.csv,,,,,,,,
100223,100223,,1,<231841;230741;230053;233181;251223;232023>,,,,,,2,,2,2,2,2,stage/wjt.csv,,,,,,,,
100224,100224,,1,<231903;230793;230082;233251;251224;232033>,,,,,,2,,2,2,2,2,stage/wjt.csv,,,,,,,,
100225,100225,,1,<231911;230863;230163;233283;251225;232073>,,,,,,2,,2,2,2,2,stage/wjt.csv,,,,,,,,
100226,100226,,1,<231931;230883;230242;233293;251226;232242>,,,,,,2,,2,2,2,2,stage/wjt.csv,,,,,,,,
100227,100227,,1,<232013;230972;230273;233342;251227;232593>,,,,,,2,,2,2,2,2,stage/wjt.csv,,,,,,,,
100228,100228,,1,<232023;231071;230333;233432;251228;232612>,,,,,,2,,2,2,2,2,stage/wjt.csv,,,,,,,,
100229,100229,,1,<232033;231032;230402;233472;251229;232633>,,,,,,2,,2,2,2,2,stage/wjt.csv,,,,,,,,
100230,100230,,1,<232073;231082;230493;233511;251230;232683>,,,,,,2,,2,2,2,2,stage/wjt.csv,,,,,,,,
100231,100231,,1,<232242;231221;230503;233543;251231;232723>,,,,,,2,,2,2,2,2,stage/wjt.csv,,,,,,,,
100232,100232,,1,<232593;231253;230552;233592;251232;232843>,,,,,,2,,2,2,2,2,stage/wjt.csv,,,,,,,,
100233,100233,,1,<232612;231293;230593;233663;251233;232963>,,,,,,2,,2,2,2,2,stage/wjt.csv,,,,,,,,
100234,100234,,1,<232633;231303;230603;233683;251234;233003>,,,,,,2,,2,2,2,2,stage/wjt.csv,,,,,,,,
100235,100235,,1,<232683;231394;230611;233772;251235;233152>,,,,,,2,,2,2,2,2,stage/wjt.csv,,,,,,,,
100236,100236,,1,<232723;231612;230632;230013;251236;233161>,,,,,,2,,2,2,2,2,stage/wjt.csv,,,,,,,,
100237,100237,,1,<232843;231772;230641;230044;251237;233181>,,,,,,2,,2,2,2,2,stage/wjt.csv,,,,,,,,
100238,100238,,1,<232963;231813;230692;230053;251238;233251>,,,,,,2,,2,2,2,2,stage/wjt.csv,,,,,,,,
100239,100239,,1,<233003;231841;230712;230082;251239;233283>,,,,,,2,,2,2,2,2,stage/wjt.csv,,,,,,,,
100240,100240,,1,<233152;231903;230731;230163;251240;233293>,,,,,,2,,2,2,2,2,stage/wjt.csv,,,,,,,,
100241,100241,,1,<233161;231911;230741;230242;251241;233342>,,,,,,2,,2,2,2,2,stage/wjt.csv,,,,,,,,
100242,100242,,1,<233181;231931;230793;230273;251242;233432>,,,,,,2,,2,2,2,2,stage/wjt.csv,,,,,,,,
100243,100243,,1,<233251;232013;230863;230333;251243;233472>,,,,,,2,,2,2,2,2,stage/wjt.csv,,,,,,,,
100244,100244,,1,<233283;232023;230883;230402;251244;233511>,,,,,,2,,2,2,2,2,stage/wjt.csv,,,,,,,,
100245,100245,,1,<233293;232033;230972;230493;251245;233543>,,,,,,2,,2,2,2,2,stage/wjt.csv,,,,,,,,
100246,100246,,1,<233342;232073;231071;230503;251246;233592>,,,,,,2,,2,2,2,2,stage/wjt.csv,,,,,,,,
100247,100247,,1,<233432;232242;231032;230552;251247;233663>,,,,,,2,,2,2,2,2,stage/wjt.csv,,,,,,,,
100248,100248,,1,<233472;232593;231082;230593;251248;233683>,,,,,,2,,2,2,2,2,stage/wjt.csv,,,,,,,,
100249,100249,,1,<233511;232612;231221;230603;251249;233772>,,,,,,2,,2,2,2,2,stage/wjt.csv,,,,,,,,
100250,100250,,1,<233543;232633;231253;230611;251250;230013>,,,,,,2,,2,2,2,2,stage/wjt.csv,,,,,,,,
100251,100251,,1,<233592;232683;231293;230632;251251;230044>,,,,,,2,,2,2,2,2,stage/wjt.csv,,,,,,,,
100252,100252,,1,<233663;232723;231303;230641;251252;230053>,,,,,,2,,2,2,2,2,stage/wjt.csv,,,,,,,,
100253,100253,,1,<233683;232843;231394;230692;251253;230082>,,,,,,2,,2,2,2,2,stage/wjt.csv,,,,,,,,
100254,100254,,1,<233772;232963;231612;230712;251254;230163>,,,,,,2,,2,2,2,2,stage/wjt.csv,,,,,,,,
100255,100255,,1,<230013;233003;231772;230731;251255;230242>,,,,,,2,,2,2,2,2,stage/wjt.csv,,,,,,,,
100256,100256,,1,<230044;233152;231813;230741;251256;230273>,,,,,,2,,2,2,2,2,stage/wjt.csv,,,,,,,,
100257,100257,,1,<230053;233161;231841;230793;251257;230333>,,,,,,2,,2,2,2,2,stage/wjt.csv,,,,,,,,
100258,100258,,1,<230082;233181;231903;230863;251258;230402>,,,,,,2,,2,2,2,2,stage/wjt.csv,,,,,,,,
100259,100259,,1,<230163;233251;231911;230883;251259;230493>,,,,,,2,,2,2,2,2,stage/wjt.csv,,,,,,,,
100260,100260,,1,<230242;233283;231931;230972;251260;230503>,,,,,,2,,2,2,2,2,stage/wjt.csv,,,,,,,,
100261,100261,,1,<230273;233293;232013;231071;251261;230552>,,,,,,2,,2,2,2,2,stage/wjt.csv,,,,,,,,
100262,100262,,1,<230333;233342;232023;231032;251262;230593>,,,,,,2,,2,2,2,2,stage/wjt.csv,,,,,,,,
100263,100263,,1,<230402;233432;232033;231082;251263;230603>,,,,,,2,,2,2,2,2,stage/wjt.csv,,,,,,,,
100264,100264,,1,<230493;233472;232073;231221;251264;230611>,,,,,,2,,2,2,2,2,stage/wjt.csv,,,,,,,,
100265,100265,,1,<230503;233511;232242;231253;251265;230632>,,,,,,2,,2,2,2,2,stage/wjt.csv,,,,,,,,
100266,100266,,1,<230552;233543;232593;231293;251266;230641>,,,,,,2,,2,2,2,2,stage/wjt.csv,,,,,,,,
100267,100267,,1,<230593;233592;232612;231303;251267;230692>,,,,,,2,,2,2,2,2,stage/wjt.csv,,,,,,,,
100268,100268,,1,<230603;233663;232633;231394;251268;230712>,,,,,,2,,2,2,2,2,stage/wjt.csv,,,,,,,,
100269,100269,,1,<230611;233683;232683;231612;251269;230731>,,,,,,2,,2,2,2,2,stage/wjt.csv,,,,,,,,
100270,100270,,1,<230632;233772;232723;231772;251270;230741>,,,,,,2,,2,2,2,2,stage/wjt.csv,,,,,,,,
100271,100271,,1,<230641;230013;232843;231813;251271;230793>,,,,,,2,,2,2,2,2,stage/wjt.csv,,,,,,,,
100272,100272,,1,<230692;230044;232963;231841;251272;230863>,,,,,,2,,2,2,2,2,stage/wjt.csv,,,,,,,,
100273,100273,,1,<230712;230053;233003;231903;251273;230883>,,,,,,2,,2,2,2,2,stage/wjt.csv,,,,,,,,
100274,100274,,1,<230731;230082;233152;231911;251274;230972>,,,,,,2,,2,2,2,2,stage/wjt.csv,,,,,,,,
100275,100275,,1,<230741;230163;233161;231931;251275;231071>,,,,,,2,,2,2,2,2,stage/wjt.csv,,,,,,,,
100276,100276,,1,<230793;230242;233181;232013;251276;231032>,,,,,,2,,2,2,2,2,stage/wjt.csv,,,,,,,,
100277,100277,,1,<230863;230273;233251;232023;251277;231082>,,,,,,2,,2,2,2,2,stage/wjt.csv,,,,,,,,
100278,100278,,1,<230883;230333;233283;232033;251278;231221>,,,,,,2,,2,2,2,2,stage/wjt.csv,,,,,,,,
100279,100279,,1,<230972;230402;233293;232073;251279;231253>,,,,,,2,,2,2,2,2,stage/wjt.csv,,,,,,,,
100280,100280,,1,<231071;230493;233342;232242;251280;231293>,,,,,,2,,2,2,2,2,stage/wjt.csv,,,,,,,,
100281,100281,,1,<231032;230503;233432;232593;251281;231303>,,,,,,2,,2,2,2,2,stage/wjt.csv,,,,,,,,
100282,100282,,1,<231082;230552;233472;232612;251282;231394>,,,,,,2,,2,2,2,2,stage/wjt.csv,,,,,,,,
100283,100283,,1,<231221;230593;233511;232633;251283;231612>,,,,,,2,,2,2,2,2,stage/wjt.csv,,,,,,,,
100284,100284,,1,<231253;230603;233543;232683;251284;231772>,,,,,,2,,2,2,2,2,stage/wjt.csv,,,,,,,,
100285,100285,,1,<231293;230611;233592;232723;251285;231813>,,,,,,2,,2,2,2,2,stage/wjt.csv,,,,,,,,
100286,100286,,1,<231303;230632;233663;232843;251286;231841>,,,,,,2,,2,2,2,2,stage/wjt.csv,,,,,,,,
100287,100287,,1,<231394;230641;233683;232963;251287;231903>,,,,,,2,,2,2,2,2,stage/wjt.csv,,,,,,,,
100288,100288,,1,<231612;230692;233772;233003;251288;231911>,,,,,,2,,2,2,2,2,stage/wjt.csv,,,,,,,,
100289,100289,,1,<231772;230712;230013;233152;251289;231931>,,,,,,2,,2,2,2,2,stage/wjt.csv,,,,,,,,
100290,100290,,1,<231813;230731;230044;233161;251290;232013>,,,,,,2,,2,2,2,2,stage/wjt.csv,,,,,,,,
100291,100291,,1,<231841;230741;230053;233181;251291;232023>,,,,,,2,,2,2,2,2,stage/wjt.csv,,,,,,,,
100292,100292,,1,<231903;230793;230082;233251;251292;232033>,,,,,,2,,2,2,2,2,stage/wjt.csv,,,,,,,,
100293,100293,,1,<231911;230863;230163;233283;251293;232073>,,,,,,2,,2,2,2,2,stage/wjt.csv,,,,,,,,
100294,100294,,1,<231931;230883;230242;233293;251294;232242>,,,,,,2,,2,2,2,2,stage/wjt.csv,,,,,,,,
100295,100295,,1,<232013;230972;230273;233342;251295;232593>,,,,,,2,,2,2,2,2,stage/wjt.csv,,,,,,,,
100296,100296,,1,<232023;231071;230333;233432;251296;232612>,,,,,,2,,2,2,2,2,stage/wjt.csv,,,,,,,,
100297,100297,,1,<232033;231032;230402;233472;251297;232633>,,,,,,2,,2,2,2,2,stage/wjt.csv,,,,,,,,
100298,100298,,1,<232073;231082;230493;233511;251298;232683>,,,,,,2,,2,2,2,2,stage/wjt.csv,,,,,,,,
100299,100299,,1,<232242;231221;230503;233543;251299;232723>,,,,,,2,,2,2,2,2,stage/wjt.csv,,,,,,,,
100300,100300,,1,<232593;231253;230552;233592;251300;232843>,,,,,,2,,2,2,2,2,stage/wjt.csv,,,,,,,,
100301,100301,,1,<232612;231293;230593;233663;251301;232963>,,,,,,2,,2,2,2,2,stage/wjt.csv,,,,,,,,
100302,100302,,1,<232633;231303;230603;233683;251302;233003>,,,,,,2,,2,2,2,2,stage/wjt.csv,,,,,,,,
100303,100303,,1,<232683;231394;230611;233772;251303;233152>,,,,,,2,,2,2,2,2,stage/wjt.csv,,,,,,,,
100304,100304,,1,<232723;231612;230632;230013;251304;233161>,,,,,,2,,2,2,2,2,stage/wjt.csv,,,,,,,,
100305,100305,,1,<232843;231772;230641;230044;251305;233181>,,,,,,2,,2,2,2,2,stage/wjt.csv,,,,,,,,
100306,100306,,1,<232963;231813;230692;230053;251306;233251>,,,,,,2,,2,2,2,2,stage/wjt.csv,,,,,,,,
100307,100307,,1,<233003;231841;230712;230082;251307;233283>,,,,,,2,,2,2,2,2,stage/wjt.csv,,,,,,,,
100308,100308,,1,<233152;231903;230731;230163;251308;233293>,,,,,,2,,2,2,2,2,stage/wjt.csv,,,,,,,,
100309,100309,,1,<233161;231911;230741;230242;251309;233342>,,,,,,2,,2,2,2,2,stage/wjt.csv,,,,,,,,
100310,100310,,1,<233181;231931;230793;230273;251310;233432>,,,,,,2,,2,2,2,2,stage/wjt.csv,,,,,,,,
100311,100311,,1,<233251;232013;230863;230333;251311;233472>,,,,,,2,,2,2,2,2,stage/wjt.csv,,,,,,,,
100312,100312,,1,<233283;232023;230883;230402;251312;233511>,,,,,,2,,2,2,2,2,stage/wjt.csv,,,,,,,,
100313,100313,,1,<233293;232033;230972;230493;251313;233543>,,,,,,2,,2,2,2,2,stage/wjt.csv,,,,,,,,
100314,100314,,1,<233342;232073;231071;230503;251314;233592>,,,,,,2,,2,2,2,2,stage/wjt.csv,,,,,,,,
100315,100315,,1,<233432;232242;231032;230552;251315;233663>,,,,,,2,,2,2,2,2,stage/wjt.csv,,,,,,,,
100316,100316,,1,<233472;232593;231082;230593;251316;233683>,,,,,,2,,2,2,2,2,stage/wjt.csv,,,,,,,,
100317,100317,,1,<233511;232612;231221;230603;251317;233772>,,,,,,2,,2,2,2,2,stage/wjt.csv,,,,,,,,
100318,100318,,1,<233543;232633;231253;230611;251318;230013>,,,,,,2,,2,2,2,2,stage/wjt.csv,,,,,,,,
100319,100319,,1,<233592;232683;231293;230632;251319;230044>,,,,,,2,,2,2,2,2,stage/wjt.csv,,,,,,,,
100320,100320,,1,<233663;232723;231303;230641;251320;230053>,,,,,,2,,2,2,2,2,stage/wjt.csv,,,,,,,,
100321,100321,,1,<233683;232843;231394;230692;251321;230082>,,,,,,2,,2,2,2,2,stage/wjt.csv,,,,,,,,
100322,100322,,1,<233772;232963;231612;230712;251322;230163>,,,,,,2,,2,2,2,2,stage/wjt.csv,,,,,,,,
100323,100323,,1,<230013;233003;231772;230731;251323;230242>,,,,,,2,,2,2,2,2,stage/wjt.csv,,,,,,,,
100324,100324,,1,<230044;233152;231813;230741;251324;230273>,,,,,,2,,2,2,2,2,stage/wjt.csv,,,,,,,,
100325,100325,,1,<230053;233161;231841;230793;251325;230333>,,,,,,2,,2,2,2,2,stage/wjt.csv,,,,,,,,
100326,100326,,1,<230082;233181;231903;230863;251326;230402>,,,,,,2,,2,2,2,2,stage/wjt.csv,,,,,,,,
100327,100327,,1,<230163;233251;231911;230883;251327;230493>,,,,,,2,,2,2,2,2,stage/wjt.csv,,,,,,,,
100328,100328,,1,<230242;233283;231931;230972;251328;230503>,,,,,,2,,2,2,2,2,stage/wjt.csv,,,,,,,,
100329,100329,,1,<230273;233293;232013;231071;251329;230552>,,,,,,2,,2,2,2,2,stage/wjt.csv,,,,,,,,
100330,100330,,1,<230333;233342;232023;231032;251330;230593>,,,,,,2,,2,2,2,2,stage/wjt.csv,,,,,,,,
100331,100331,,1,<230402;233432;232033;231082;251331;230603>,,,,,,2,,2,2,2,2,stage/wjt.csv,,,,,,,,
100332,100332,,1,<230493;233472;232073;231221;251332;230611>,,,,,,2,,2,2,2,2,stage/wjt.csv,,,,,,,,
100333,100333,,1,<230503;233511;232242;231253;251333;230632>,,,,,,2,,2,2,2,2,stage/wjt.csv,,,,,,,,
100334,100334,,1,<230552;233543;232593;231293;251334;230641>,,,,,,2,,2,2,2,2,stage/wjt.csv,,,,,,,,
100335,100335,,1,<230593;233592;232612;231303;251335;230692>,,,,,,2,,2,2,2,2,stage/wjt.csv,,,,,,,,
100336,100336,,1,<230603;233663;232633;231394;251336;230712>,,,,,,2,,2,2,2,2,stage/wjt.csv,,,,,,,,
100337,100337,,1,<230611;233683;232683;231612;251337;230731>,,,,,,2,,2,2,2,2,stage/wjt.csv,,,,,,,,
100338,100338,,1,<230632;233772;232723;231772;251338;230741>,,,,,,2,,2,2,2,2,stage/wjt.csv,,,,,,,,
100339,100339,,1,<230641;230013;232843;231813;251339;230793>,,,,,,2,,2,2,2,2,stage/wjt.csv,,,,,,,,
100340,100340,,1,<230692;230044;232963;231841;251340;230863>,,,,,,2,,2,2,2,2,stage/wjt.csv,,,,,,,,
100341,100341,,1,<230712;230053;233003;231903;251341;230883>,,,,,,2,,2,2,2,2,stage/wjt.csv,,,,,,,,
100342,100342,,1,<230731;230082;233152;231911;251342;230972>,,,,,,2,,2,2,2,2,stage/wjt.csv,,,,,,,,
100343,100343,,1,<230741;230163;233161;231931;251343;231071>,,,,,,2,,2,2,2,2,stage/wjt.csv,,,,,,,,
100344,100344,,1,<230793;230242;233181;232013;251344;231032>,,,,,,2,,2,2,2,2,stage/wjt.csv,,,,,,,,
100345,100345,,1,<230863;230273;233251;232023;251345;231082>,,,,,,2,,2,2,2,2,stage/wjt.csv,,,,,,,,
100346,100346,,1,<230883;230333;233283;232033;251346;231221>,,,,,,2,,2,2,2,2,stage/wjt.csv,,,,,,,,
100347,100347,,1,<230972;230402;233293;232073;251347;231253>,,,,,,2,,2,2,2,2,stage/wjt.csv,,,,,,,,
100348,100348,,1,<231071;230493;233342;232242;251348;231293>,,,,,,2,,2,2,2,2,stage/wjt.csv,,,,,,,,
100349,100349,,1,<231032;230503;233432;232593;251349;231303>,,,,,,2,,2,2,2,2,stage/wjt.csv,,,,,,,,
100350,100350,,1,<231082;230552;233472;232612;251350;231394>,,,,,,2,,2,2,2,2,stage/wjt.csv,,,,,,,,
100351,100351,,1,<231221;230593;233511;232633;251351;231612>,,,,,,2,,2,2,2,2,stage/wjt.csv,,,,,,,,
100352,100352,,1,<231253;230603;233543;232683;251352;231772>,,,,,,2,,2,2,2,2,stage/wjt.csv,,,,,,,,
100353,100353,,1,<231293;230611;233592;232723;251353;231813>,,,,,,2,,2,2,2,2,stage/wjt.csv,,,,,,,,
100354,100354,,1,<231303;230632;233663;232843;251354;231841>,,,,,,2,,2,2,2,2,stage/wjt.csv,,,,,,,,
100355,100355,,1,<231394;230641;233683;232963;251355;231903>,,,,,,2,,2,2,2,2,stage/wjt.csv,,,,,,,,
100356,100356,,1,<231612;230692;233772;233003;251356;231911>,,,,,,2,,2,2,2,2,stage/wjt.csv,,,,,,,,
100357,100357,,1,<231772;230712;230013;233152;251357;231931>,,,,,,2,,2,2,2,2,stage/wjt.csv,,,,,,,,
100358,100358,,1,<231813;230731;230044;233161;251358;232013>,,,,,,2,,2,2,2,2,stage/wjt.csv,,,,,,,,
100359,100359,,1,<231841;230741;230053;233181;251359;232023>,,,,,,2,,2,2,2,2,stage/wjt.csv,,,,,,,,
100360,100360,,1,<231903;230793;230082;233251;251360;232033>,,,,,,2,,2,2,2,2,stage/wjt.csv,,,,,,,,
100361,100361,,1,<231911;230863;230163;233283;251361;232073>,,,,,,2,,2,2,2,2,stage/wjt.csv,,,,,,,,
100362,100362,,1,<231931;230883;230242;233293;251362;232242>,,,,,,2,,2,2,2,2,stage/wjt.csv,,,,,,,,
100363,100363,,1,<232013;230972;230273;233342;251363;232593>,,,,,,2,,2,2,2,2,stage/wjt.csv,,,,,,,,
100364,100364,,1,<232023;231071;230333;233432;251364;232612>,,,,,,2,,2,2,2,2,stage/wjt.csv,,,,,,,,
100365,100365,,1,<232033;231032;230402;233472;251365;232633>,,,,,,2,,2,2,2,2,stage/wjt.csv,,,,,,,,
100366,100366,,1,<232073;231082;230493;233511;251366;232683>,,,,,,2,,2,2,2,2,stage/wjt.csv,,,,,,,,
100367,100367,,1,<232242;231221;230503;233543;251367;232723>,,,,,,2,,2,2,2,2,stage/wjt.csv,,,,,,,,
100368,100368,,1,<232593;231253;230552;233592;251368;232843>,,,,,,2,,2,2,2,2,stage/wjt.csv,,,,,,,,
100369,100369,,1,<232612;231293;230593;233663;251369;232963>,,,,,,2,,2,2,2,2,stage/wjt.csv,,,,,,,,
100370,100370,,1,<232633;231303;230603;233683;251370;233003>,,,,,,2,,2,2,2,2,stage/wjt.csv,,,,,,,,
100371,100371,,1,<232683;231394;230611;233772;251371;233152>,,,,,,2,,2,2,2,2,stage/wjt.csv,,,,,,,,
100372,100372,,1,<232723;231612;230632;230013;251372;233161>,,,,,,2,,2,2,2,2,stage/wjt.csv,,,,,,,,
100373,100373,,1,<232843;231772;230641;230044;251373;233181>,,,,,,2,,2,2,2,2,stage/wjt.csv,,,,,,,,
100374,100374,,1,<232963;231813;230692;230053;251374;233251>,,,,,,2,,2,2,2,2,stage/wjt.csv,,,,,,,,
100375,100375,,1,<233003;231841;230712;230082;251375;233283>,,,,,,2,,2,2,2,2,stage/wjt.csv,,,,,,,,
100376,100376,,1,<233152;231903;230731;230163;251376;233293>,,,,,,2,,2,2,2,2,stage/wjt.csv,,,,,,,,
100377,100377,,1,<233161;231911;230741;230242;251377;233342>,,,,,,2,,2,2,2,2,stage/wjt.csv,,,,,,,,
100378,100378,,1,<233181;231931;230793;230273;251378;233432>,,,,,,2,,2,2,2,2,stage/wjt.csv,,,,,,,,
100379,100379,,1,<233251;232013;230863;230333;251379;233472>,,,,,,2,,2,2,2,2,stage/wjt.csv,,,,,,,,
100380,100380,,1,<233283;232023;230883;230402;251380;233511>,,,,,,2,,2,2,2,2,stage/wjt.csv,,,,,,,,
100381,100381,,1,<233293;232033;230972;230493;251381;233543>,,,,,,2,,2,2,2,2,stage/wjt.csv,,,,,,,,
100382,100382,,1,<233342;232073;231071;230503;251382;233592>,,,,,,2,,2,2,2,2,stage/wjt.csv,,,,,,,,
100383,100383,,1,<233432;232242;231032;230552;251383;233663>,,,,,,2,,2,2,2,2,stage/wjt.csv,,,,,,,,
100384,100384,,1,<233472;232593;231082;230593;251384;233683>,,,,,,2,,2,2,2,2,stage/wjt.csv,,,,,,,,
100385,100385,,1,<233511;232612;231221;230603;251385;233772>,,,,,,2,,2,2,2,2,stage/wjt.csv,,,,,,,,
100386,100386,,1,<233543;232633;231253;230611;251386;230013>,,,,,,2,,2,2,2,2,stage/wjt.csv,,,,,,,,
100387,100387,,1,<233592;232683;231293;230632;251387;230044>,,,,,,2,,2,2,2,2,stage/wjt.csv,,,,,,,,
100388,100388,,1,<233663;232723;231303;230641;251388;230053>,,,,,,2,,2,2,2,2,stage/wjt.csv,,,,,,,,
100389,100389,,1,<233683;232843;231394;230692;251389;230082>,,,,,,2,,2,2,2,2,stage/wjt.csv,,,,,,,,
100390,100390,,1,<233772;232963;231612;230712;251390;230163>,,,,,,2,,2,2,2,2,stage/wjt.csv,,,,,,,,
100391,100391,,1,<230013;233003;231772;230731;251391;230242>,,,,,,2,,2,2,2,2,stage/wjt.csv,,,,,,,,
100392,100392,,1,<230044;233152;231813;230741;251392;230273>,,,,,,2,,2,2,2,2,stage/wjt.csv,,,,,,,,
100393,100393,,1,<230053;233161;231841;230793;251393;230333>,,,,,,2,,2,2,2,2,stage/wjt.csv,,,,,,,,
100394,100394,,1,<230082;233181;231903;230863;251394;230402>,,,,,,2,,2,2,2,2,stage/wjt.csv,,,,,,,,
100395,100395,,1,<230163;233251;231911;230883;251395;230493>,,,,,,2,,2,2,2,2,stage/wjt.csv,,,,,,,,
100396,100396,,1,<230242;233283;231931;230972;251396;230503>,,,,,,2,,2,2,2,2,stage/wjt.csv,,,,,,,,
100397,100397,,1,<230273;233293;232013;231071;251397;230552>,,,,,,2,,2,2,2,2,stage/wjt.csv,,,,,,,,
100398,100398,,1,<230333;233342;232023;231032;251398;230593>,,,,,,2,,2,2,2,2,stage/wjt.csv,,,,,,,,
100399,100399,,1,<230402;233432;232033;231082;251399;230603>,,,,,,2,,2,2,2,2,stage/wjt.csv,,,,,,,,
100400,100400,,1,<230493;233472;232073;231221;251400;230611>,,,,,,2,,2,2,2,2,stage/wjt.csv,,,,,,,,
100401,100401,,1,<230503;233511;232242;231253;251401;230632>,,,,,,2,,2,2,2,2,stage/wjt.csv,,,,,,,,
100402,100402,,1,<230552;233543;232593;231293;251402;230641>,,,,,,2,,2,2,2,2,stage/wjt.csv,,,,,,,,
100403,100403,,1,<230593;233592;232612;231303;251403;230692>,,,,,,2,,2,2,2,2,stage/wjt.csv,,,,,,,,
100404,100404,,1,<230603;233663;232633;231394;251404;230712>,,,,,,2,,2,2,2,2,stage/wjt.csv,,,,,,,,
100405,100405,,1,<230611;233683;232683;231612;251405;230731>,,,,,,2,,2,2,2,2,stage/wjt.csv,,,,,,,,
100406,100406,,1,<230632;233772;232723;231772;251406;230741>,,,,,,2,,2,2,2,2,stage/wjt.csv,,,,,,,,
100407,100407,,1,<230641;230013;232843;231813;251407;230793>,,,,,,2,,2,2,2,2,stage/wjt.csv,,,,,,,,
100408,100408,,1,<230692;230044;232963;231841;251408;230863>,,,,,,2,,2,2,2,2,stage/wjt.csv,,,,,,,,
100409,100409,,1,<230712;230053;233003;231903;251409;230883>,,,,,,2,,2,2,2,2,stage/wjt.csv,,,,,,,,
100410,100410,,1,<230731;230082;233152;231911;251410;230972>,,,,,,2,,2,2,2,2,stage/wjt.csv,,,,,,,,
100411,100411,,1,<230741;230163;233161;231931;251411;231071>,,,,,,2,,2,2,2,2,stage/wjt.csv,,,,,,,,
100412,100412,,1,<230793;230242;233181;232013;251412;231032>,,,,,,2,,2,2,2,2,stage/wjt.csv,,,,,,,,
100413,100413,,1,<230863;230273;233251;232023;251413;231082>,,,,,,2,,2,2,2,2,stage/wjt.csv,,,,,,,,
100414,100414,,1,<230883;230333;233283;232033;251414;231221>,,,,,,2,,2,2,2,2,stage/wjt.csv,,,,,,,,
100415,100415,,1,<230972;230402;233293;232073;251415;231253>,,,,,,2,,2,2,2,2,stage/wjt.csv,,,,,,,,
100416,100416,,1,<231071;230493;233342;232242;251416;231293>,,,,,,2,,2,2,2,2,stage/wjt.csv,,,,,,,,
100417,100417,,1,<231032;230503;233432;232593;251417;231303>,,,,,,2,,2,2,2,2,stage/wjt.csv,,,,,,,,
100418,100418,,1,<231082;230552;233472;232612;251418;231394>,,,,,,2,,2,2,2,2,stage/wjt.csv,,,,,,,,
100419,100419,,1,<231221;230593;233511;232633;251419;231612>,,,,,,2,,2,2,2,2,stage/wjt.csv,,,,,,,,
100420,100420,,1,<231253;230603;233543;232683;251420;231772>,,,,,,2,,2,2,2,2,stage/wjt.csv,,,,,,,,
100421,100421,,1,<231293;230611;233592;232723;251421;231813>,,,,,,2,,2,2,2,2,stage/wjt.csv,,,,,,,,
100422,100422,,1,<231303;230632;233663;232843;251422;231841>,,,,,,2,,2,2,2,2,stage/wjt.csv,,,,,,,,
100423,100423,,1,<231394;230641;233683;232963;251423;231903>,,,,,,2,,2,2,2,2,stage/wjt.csv,,,,,,,,
100424,100424,,1,<231612;230692;233772;233003;251424;231911>,,,,,,2,,2,2,2,2,stage/wjt.csv,,,,,,,,
100425,100425,,1,<231772;230712;230013;233152;251425;231931>,,,,,,2,,2,2,2,2,stage/wjt.csv,,,,,,,,
100426,100426,,1,<231813;230731;230044;233161;251426;232013>,,,,,,2,,2,2,2,2,stage/wjt.csv,,,,,,,,
100427,100427,,1,<231841;230741;230053;233181;251427;232023>,,,,,,2,,2,2,2,2,stage/wjt.csv,,,,,,,,
100428,100428,,1,<231903;230793;230082;233251;251428;232033>,,,,,,2,,2,2,2,2,stage/wjt.csv,,,,,,,,
100429,100429,,1,<231911;230863;230163;233283;251429;232073>,,,,,,2,,2,2,2,2,stage/wjt.csv,,,,,,,,
100430,100430,,1,<231931;230883;230242;233293;251430;232242>,,,,,,2,,2,2,2,2,stage/wjt.csv,,,,,,,,
100431,100431,,1,<232013;230972;230273;233342;251431;232593>,,,,,,2,,2,2,2,2,stage/wjt.csv,,,,,,,,
100432,100432,,1,<232023;231071;230333;233432;251432;232612>,,,,,,2,,2,2,2,2,stage/wjt.csv,,,,,,,,
100433,100433,,1,<232033;231032;230402;233472;251433;232633>,,,,,,2,,2,2,2,2,stage/wjt.csv,,,,,,,,
100434,100434,,1,<232073;231082;230493;233511;251434;232683>,,,,,,2,,2,2,2,2,stage/wjt.csv,,,,,,,,
100435,100435,,1,<232242;231221;230503;233543;251435;232723>,,,,,,2,,2,2,2,2,stage/wjt.csv,,,,,,,,
100436,100436,,1,<232593;231253;230552;233592;251436;232843>,,,,,,2,,2,2,2,2,stage/wjt.csv,,,,,,,,
100437,100437,,1,<232612;231293;230593;233663;251437;232963>,,,,,,2,,2,2,2,2,stage/wjt.csv,,,,,,,,
100438,100438,,1,<232633;231303;230603;233683;251438;233003>,,,,,,2,,2,2,2,2,stage/wjt.csv,,,,,,,,
100439,100439,,1,<232683;231394;230611;233772;251439;233152>,,,,,,2,,2,2,2,2,stage/wjt.csv,,,,,,,,
100440,100440,,1,<232723;231612;230632;230013;251440;233161>,,,,,,2,,2,2,2,2,stage/wjt.csv,,,,,,,,
100441,100441,,1,<232843;231772;230641;230044;251441;233181>,,,,,,2,,2,2,2,2,stage/wjt.csv,,,,,,,,
100442,100442,,1,<232963;231813;230692;230053;251442;233251>,,,,,,2,,2,2,2,2,stage/wjt.csv,,,,,,,,
100443,100443,,1,<233003;231841;230712;230082;251443;233283>,,,,,,2,,2,2,2,2,stage/wjt.csv,,,,,,,,
100444,100444,,1,<233152;231903;230731;230163;251444;233293>,,,,,,2,,2,2,2,2,stage/wjt.csv,,,,,,,,
100445,100445,,1,<233161;231911;230741;230242;251445;233342>,,,,,,2,,2,2,2,2,stage/wjt.csv,,,,,,,,
100446,100446,,1,<233181;231931;230793;230273;251446;233432>,,,,,,2,,2,2,2,2,stage/wjt.csv,,,,,,,,
100447,100447,,1,<233251;232013;230863;230333;251447;233472>,,,,,,2,,2,2,2,2,stage/wjt.csv,,,,,,,,
100448,100448,,1,<233283;232023;230883;230402;251448;233511>,,,,,,2,,2,2,2,2,stage/wjt.csv,,,,,,,,
100449,100449,,1,<233293;232033;230972;230493;251449;233543>,,,,,,2,,2,2,2,2,stage/wjt.csv,,,,,,,,
100450,100450,,1,<233342;232073;231071;230503;251450;233592>,,,,,,2,,2,2,2,2,stage/wjt.csv,,,,,,,,
9999999,0,,1,,,,,,,,,,,,,stage/xszd.csv,,,,,,,,
10000000,1,,1,,,,,,,,0.5,,,,,stage/xszd.csv,<<0;101>;<1;111>;<1;151;6>;<2;201;6>;<3;211;2>;<3;301;6>>,,,,,,,
10000001,2,,1,,,,,,,,,,,,,stage/smxy.csv,,,,,,,,
10000002,13,,1,,,,,,,,,,,,,stage/ghz.csv,,,,,,,,
10000003,9,,1,,,,,,,,,,,,,stage/smxy.csv,,,,,,,,
10000004,10,,1,,,,,,,,,,,,,stage/sydh.csv,,,,,,,,
10000005,11,,1,,,,,,,0.86,0.43,0.86,0.86,0.88,0.88,stage/ytly.csv,,,,,,,,
10000006,12,,1,,,,,,,,0.75,,,,,stage/ystz.csv,,,,,,,,
10000007,999999,,1,,,,,,,,,,,,,stage/xszd.csv,,,,,,,,
10000008,14,,1,,,,,,,,,,,,,stage/sydh.csv,,,,,,,,
10000009,17,,1,,,,,,,,,,,,,stage/smxy.csv,,,,,,,,
10000010,21,,1,,,,,,,,,,,,,stage/dzjjc.csv,,,,,,,,
10000011,19,,1,,,,,,,,,,,,,stage/smxy.csv,,,,,,,,
10000012,20,,1,,,,,,,,,,,,,stage/smxy.csv,,,,,,,,
10000013,23,,1,,,,,,,,,,,,,stage/sydh.csv,,,,,,,,
10000015,25,,1,,,,,,,,,,,,,stage/znq.csv,,,,,,,,
10000016,26,,1,,,,,,,,,,,,,stage/smxy.csv,,,,,,,,
10000017,27,,1,,,,,,,,,,,,,stage/smxy.csv,,,,,,,,
10000018,28,,1,,,,,,,,,,,,,stage/kfghz.csv,,,,,,,,
10000019,29,,1,,,,,,,,,,,,,stage/sydh.csv,,,,,,,,
