VariableName,_beizhu,_comment,stage,specialName,startSceen,startLevel,startGate,extendCondition,order,service,award,awardChoose,showAward,gotoScene,gotoStep,outDelay,showType,force,useRoleFigure,unitId,offPos,headRes,headPos,roleName_cn,roleName_tw,roleName,roleName_vn,roleName_kr,talkContent,talkContent_vn,talkContent_ma,talkContent_en,talkContent_ph,talkContent_th,talkContent_in,bgRes,__tagName,tagName,jumpToNode,animate,animateAngle,animatePos,battleEnter,anyPosCancel,lightSize,chooseDesc1,choose1,chooseDesc2,choose2
Defaults,,,,,,1,0,,0,0,,,FALSE,0,,,1,1,,,,,,"""""","""""","""""","""""","""""","""""","""""","""""","""""","""""","""""","""""",,,<>,,,0,,,FALSE,,,,,
ID,_备注id,_注释（这里只是界面引导，战斗内引导另外配置）,所属阶段(-1:完成新手战斗，-2:主城点15下跳过引导),名称(特殊非正常引导触发),打开该场景/界面时触发，默认主城触发（all为对应战斗胜利，升级，主城等界面触发）,起始等级,触发关卡,补充条件（公式可扩展）,排序（多个stage满足，小的越先触发）,服务器交互(1、记录引导；3、进关卡记录引导，战斗返回继续引导),默默塞奖励,默默塞和初始选择卡牌相关的奖励,客户端显示奖励,1主城2关卡界面(每条引导最后触发),跳转步骤（该stage的最后一条配置生效）,出来延时,表现样式（1、引导员，2剧情对话，3、空白）,角色位置在 1左 2右（通用设置）,使用角色形象配置<id;字段> id 0 为主角形象（样式2）,unitID（样式2）,对话角色额外偏移位置（样式2）,头像资源（样式1，特殊用于样式2）,头像额外偏移位置，初始为工程位置（样式1）,角色名称（样式1，特殊用于样式2）,角色名称（样式1，特殊用于样式2）,角色名称（样式1，特殊用于样式2）,角色名称（样式1，特殊用于样式2）,角色名称（样式1，特殊用于样式2）_韩,聊天内容（富文本配置）（通用设置）,聊天内容（富文本配置）（通用设置）,聊天内容（富文本配置）（通用设置）,聊天内容（富文本配置）（通用设置）,聊天内容（富文本配置）（通用设置）,聊天内容（富文本配置）（通用设置）,聊天内容（富文本配置）（通用设置）,显示指定背景图（样式2）,要点击的控件名称（样式1）,要点击的控件名称（样式1）,跳到目标节点（需要程序逻辑增加）,动画文件（样式1）,动画的角度（样式1）,动画额外偏移位置（样式1）,强制上阵,任意位置取消（样式1）,明亮的地方（样式1）,选项文本1（样式1）,对应功能（样式1）,选项文本2（样式1）,对应功能（样式1）
1,,,1,nameAndFigure,,,,,,1,,,,,,,,,,,,,,,,,,,,,,,,,,,,,,,,,,,,,,,
2,,,2,chooseCard,,,,,,1,,,,,,,,,,,,,,,,,,,,,,,,,,,,,,,,,,,,,,,
11,,,3,nameAndFigureBefore,,,,0,1,,,,,,,,2,2,<888>,,{y=100;x=0},,,,,,,,"Greetings, chosen one. The Ninja World is just a chaotic corner of the vast multiverse. All worlds are awaiting your salvation.","Chào người được chọn, Nhẫn giới chỉ là một góc hỗn loạn của vạn giới, chư thiên vạn giới đang chờ đợi sự cứu rỗi của bạn.","Salam kepada yang terpilih, Dunia Ninja hanyalah satu sudut kacau dari pelbagai dunia, seluruh alam semesta sedang menunggu penyelamatan daripada anda.  ","Greetings, chosen one. The Ninja World is just a chaotic corner of the vast multiverse. All worlds are awaiting your salvation.","Kumusta sa napiling isa, Ang Mundo ng Ninja ay isa lamang magulong bahagi ng maraming mundo, naghihintay ang lahat ng uniberso sa iyong pagligtas.",สวัสดีผู้ถูกเลือก โลกนินจาเป็นเพียงมุมหนึ่งที่วุ่นวายในบรรดาหมื่นโลก ทุกจักรวาลกำลังรอคอยการช่วยเหลือจากคุณ,"Salam untuk yang terpilih, Dunia Ninja hanyalah sudut kacau dari berbagai dunia, seluruh semesta menunggu penyelamatan dari kamu.",,,,,,,,,,,,,,
12,,,3,,,,,,,,,,,,,,2,2,<888>,,{y=100;x=0},,,,,,,,"Oh right, I am a star spirit from the cosmos, people like to call me Star Child. I am responsible for guiding you to become stronger.","À phải rồi, ta là tinh linh đến từ tinh không, mọi người thích gọi ta là Tinh Tử, ta có trách nhiệm chỉ dẫn ngươi trở nên mạnh mẽ đó nha.","Oh ya, aku adalah roh bintang dari angkasa, semua orang suka memanggilku sebagai Xing Zi, dan aku bertanggungjawab membimbingmu menjadi lebih kuat.  ","Oh right, I am a star spirit from the cosmos, people like to call me Star Child. I am responsible for guiding you to become stronger.","Oo nga pala, ako ay isang espiritu mula sa mga bituin, tinatawag nila akong Bituin Bata, at ako ang gagabay sa’yo upang maging mas malakas.",อ้อใช่ ฉันคือจิตวิญญาณแห่งดวงดาวจากจักรวาล ทุกคนชอบเรียกฉันว่า ซิงจื่อ ฉันมีหน้าที่แนะนำให้คุณแข็งแกร่งขึ้น,"Oh ya, aku adalah roh bintang dari luar angkasa, semua orang memanggilku Xing Zi, aku bertanggung jawab membimbingmu menjadi lebih kuat.",,,,,,,,,,,,,,
13,,,3,,,,,,,,,,,,,,2,2,<888>,,{y=100;x=0},,,,,,,,"You’re new here, I don’t know your name yet. Please tell me your name.","Bạn mới đến, tôi còn chưa biết bạn tên gì, cho tôi biết tên của bạn đi.","Anda baru tiba, saya masih belum tahu nama anda, beritahulah saya nama anda.  ","You’re new here, I don’t know your name yet. Please tell me your name.","Bago ka lang dito, hindi ko pa alam ang pangalan mo. Sabihin mo naman sa akin ang pangalan mo.",คุณเพิ่งมาถึง ฉันยังไม่รู้ชื่อคุณเลย บอกชื่อคุณให้ฉันรู้หน่อย,"Kamu baru datang, aku belum tahu siapa namamu, beri tahu aku namamu ya.",,,,,,,,,,,,,,
21,,,4,chooseCardBefore,,,,finish(1) and not finish(2),2,,,,,,,,2,2,<888>,,{y=100;x=0},,,,,,,,"Sounds like a great name, I can almost see the future where you bring order to the worlds.","Nghe có vẻ là một cái tên hay đấy, ta dường như thấy được tương lai chấn chỉnh lại mọi thứ của các thế giới ở ngươi.","Kedengarannya seperti nama yang bagus, aku seakan-akan melihat masa depan di mana engkau akan membetulkan segalanya di pelbagai dunia.  ","Sounds like a great name, I can almost see the future where you bring order to the worlds.","Mukhang magandang pangalan iyan, parang nakikita ko na ang kinabukasan kung saan aayusin mo ang lahat ng mundo.",ฟังดูเป็นชื่อที่ดีเลยทีเดียว ฉันดูเหมือนจะเห็นอนาคตที่คุณจะนำระเบียบกลับคืนสู่ทุกโลก,"Kedengarannya seperti nama yang bagus, aku bisa melihat masa depan di mana kamu akan mengatur ulang semua dunia.",,,,,,,,,,,,,,
22,,,4,,,,,,,,,,,,,,2,,<401>,,,,,,,,,,"Kid, you talk too much! Hurry up and let me go!","Nhóc con, mày lắm lời quá đấy!Mau thả tao về!","Budak kecil, kau banyak cakap sangat! Cepat lepaskan aku balik!  ","Kid, you talk too much! Hurry up and let me go!","Hoy bata, ang daldal mo! Bitawan mo na ako!",ไอ้เด็กน้อย! พูดมากเกินไปแล้วนะ! ปล่อยฉันกลับไปเดี๋ยวนี้!,"Anak kecil, kamu cerewet banget! Cepat lepaskan aku pulang!",,,,,,,,,,,,,,
23,,,4,,,,,,,,,,,,,,2,2,<888>,,{y=100;x=0},,,,,,,,"Yes, very good! That’s how it should be — the chosen one should have the courage to question everything!","Ừ, rất tốt, phải như vậy, người được chọn nên có dũng khí nghi ngờ mọi thứ!","Ya, sangat bagus, memang sepatutnya begitu, orang yang terpilih harus berani untuk meragui segala-galanya!  ","Yes, very good! That’s how it should be — the chosen one should have the courage to question everything!","Oo, magaling! Ganyan nga — ang napiling isa ay dapat may lakas ng loob na kwestyunin ang lahat!",ดีมาก แบบนี้แหละ ผู้ถูกเลือกควรมีความกล้าสงสัยในทุกสิ่ง!,"Ya, bagus sekali! Begitulah seharusnya, yang terpilih harus punya keberanian untuk meragukan segalanya!",,,,,,,,,,,,,,
24,,,4,,,,,,,,,,,,,,2,2,<888>,,{y=100;x=0},,,,,,,,"However, fate is hard to resist. I believe you’re ready to save it all, so start by saving the Ninja World first!","Tuy nhiên, ý trời khó cưỡng, ta tin rằng con đã sẵn sàng cứu vãn tất cả rồi, vậy thì hãy bắt đầu bằng việc cứu lấy nhẫn giới trước đi!","Namun, kehendak langit sukar dilawan, aku percaya kau sudah bersedia untuk menyelamatkan semuanya, maka mulakanlah dengan menyelamatkan Dunia Ninja dahulu!  ","However, fate is hard to resist. I believe you’re ready to save it all, so start by saving the Ninja World first!","Gayunpaman, ang tadhana ay mahirap labanan. Naniniwala akong handa ka nang iligtas ang lahat, kaya simulan mo muna sa pagligtas ng Mundo ng Ninja!",แต่ถึงอย่างนั้น ฟ้าลิขิตยากจะขัดขืน ฉันเชื่อว่าคุณพร้อมจะกอบกู้ทุกสิ่งแล้ว งั้นเริ่มต้นด้วยการกอบกู้โลกนินจาก่อนเลย!,"Namun, kehendak langit sulit dilawan, aku yakin kamu sudah siap untuk menyelamatkan semuanya, jadi mulai dari menyelamatkan Dunia Ninja dulu!",,,,,,,,,,,,,,
25,,,4,,,,,,,,,,,,,,2,,<401>,,,,,,,,,,"Too talkative! This is what I’ve been doing already, do you really need to say that?","Lắm lời! Cái này vốn dĩ là việc tôi đang làm, còn cần anh/chị/bạn nói à?","Banyak cakap! Ini memang kerja aku sekarang, perlu ke kau nak cakap lagi?  ","Too talkative! This is what I’ve been doing already, do you really need to say that?","Madaldal ka! Ginagawa ko na nga ito, kailangan mo pa bang sabihin?",พูดมาก! นี่มันงานของฉันอยู่แล้ว ต้องให้คุณพูดด้วยเหรอ?,"Bawel! Ini memang tugasku, apa masih perlu kamu bilang?",,,,,,,,,,,,,,
26,,,4,,,,,,,,,,,,,,2,2,<888>,,{y=100;x=0},,,,,,,,"Hmm, this chosen one seems far more spirited than expected...","Ừm, người được chọn lần này thật sự là có tinh thần chiến đấu hăng hái ngoài dự kiến nhỉ...","Hmm, orang terpilih kali ini benar-benar bersemangat juang luar jangkaan ya...  ","Hmm, this chosen one seems far more spirited than expected...","Hmm, ang napili ngayon ay mas palaban kaysa sa inaasahan...",อืม ผู้ถูกเลือกคนนี้ไฟแรงเกินความคาดหมายจริง ๆ...,"Hmm, yang terpilih kali ini benar-benar punya semangat juang di luar dugaan...",,,,,,,,,,,,,,
111,,,11,,city.view,,,,,,,,,,,,2,2,,,{y=100;x=0},login/new_character/xiaozhushou1.png,,,,,,,"Don’t be mad, look, we’re back in the Ninja World already. But... your teammates seem to have gone ahead of you.","Đừng giận nữa mà, thấy không, chúng ta không phải đã trở lại Nhẫn giới rồi sao, nhưng mà... đồng đội của ngươi hình như đã đi trước một bước rồi thì phải.","Jangan marah lagi, nampak tak, kita dah pun kembali ke Dunia Ninja, tapi… rakan sepasukanmu nampaknya telah mendahuluimu.  ","Don’t be mad, look, we’re back in the Ninja World already. But... your teammates seem to have gone ahead of you.","Huwag ka nang magalit, ayan o, nakabalik na tayo sa Mundo ng Ninja, pero... mukhang nauna na ang mga kasama mo.",อย่าโกรธเลยนะ เห็นไหม เรากลับมาโลกนินจาแล้ว แต่...ดูเหมือนว่าเพื่อนร่วมทีมของคุณจะล่วงหน้าไปก่อนแล้ว,"Jangan marah dong, lihat kan, kita sudah kembali ke Dunia Ninja. Tapi... sepertinya teman-temanmu sudah mendahuluimu.",,,,,,,,,,,,,,
112,,,11,,,,,,,,,,,,,,2,2,,,{y=100;x=0},login/new_character/xiaozhushou1.png,,,,,,,"Right now, the multiverse is in chaos, everything has changed, and your current strength alone is not enough.","Hiện tại đa vũ trụ hỗn loạn, mọi thứ đã khác, chỉ dựa vào sức mạnh hiện tại của ngươi là hoàn toàn không đủ.","Kini, multiverse dalam kekacauan, semuanya sudah berubah, kekuatanmu sekarang semata-mata tidak mencukupi.  ","Right now, the multiverse is in chaos, everything has changed, and your current strength alone is not enough.","Ngayon, magulo ang multiverse, nagbago na ang lahat, at hindi sapat ang lakas mo ngayon.",ตอนนี้พหุจักรวาลปั่นป่วน ทุกอย่างเปลี่ยนไปแล้ว พลังของคุณในตอนนี้ยังไม่พอ,"Saat ini multiverse sedang kacau, semuanya telah berubah, kekuatanmu sekarang belum cukup.",,,,,,,,,,,,,,
113,,,11,,,,,,,,,,,,,,,,,,{y=250;x=450},login/new_character/xiaozhushou.png,{y=400;x=-100},,,,,,"To save everything, we need greater power and more allies. So, click here to begin your journey of redemption.","Để cứu vãn tất cả, chúng ta cần sức mạnh lớn hơn và nhiều đồng đội hơn. Vậy thì, hãy nhấp vào đây để bắt đầu hành trình cứu chuộc của bạn.","Untuk menyelamatkan segalanya, kita perlukan kuasa yang lebih hebat dan lebih ramai rakan seperjuangan. Jadi, klik di sini untuk mulakan perjalanan penebusanmu.  ","To save everything, we need greater power and more allies. So, click here to begin your journey of redemption.","Upang mailigtas ang lahat, kailangan natin ng mas malakas na kapangyarihan at mas maraming kakampi. Kaya, i-click ito upang simulan ang iyong paglalakbay ng pagtubos.",เพื่อกอบกู้ทุกสิ่ง เราต้องการพลังที่แข็งแกร่งยิ่งขึ้น และเพื่อนร่วมทีมที่มากขึ้น งั้นคลิกที่นี่เพื่อเริ่มต้นการเดินทางของคุณ,"Untuk menyelamatkan semuanya, kita butuh kekuatan lebih besar dan lebih banyak teman. Jadi, klik di sini untuk memulai perjalanan penyelamatanmu.",,,<rightBottomPanel;btnPve>,,effect/shouyindao.skel,150,,,,,,,,
114,,,11,,,,,,,,,,,,,1,,2,,,{y=300;x=0},login/new_character/xiaozhushou.png,{y=300;x=0},,,,,,Click here to choose the stage you want to enter,Nhấn vào đây để chọn màn chơi bạn muốn vào,Klik di sini untuk memilih peringkat yang ingin anda masuk  ,Click here to choose the stage you want to enter,I-click dito upang piliin ang antas na gusto mong pasukin,คลิกที่นี่เพื่อเลือกด่านที่คุณต้องการเข้าสู่,Klik di sini untuk memilih level yang ingin kamu masuki,,,<pageView;page1;gate1>,,effect/shouyindao.skel,,,,,,,,,
115,,,11,,,,,,,,,,,,,0.1,,,,,{y=0;x=100},login/new_character/xiaozhushou.png,{y=300;x=0},,,,,,Click here to start preparing for the battle,Nhấn vào đây để chúng ta bắt đầu chuẩn bị cho trận chiến,Klik di sini untuk kita mula membuat persediaan untuk pertempuran  ,Click here to start preparing for the battle,I-click dito upang simulan nating ihanda ang laban,คลิกที่นี่เพื่อเริ่มเตรียมพร้อมสำหรับการต่อสู้,Klik di sini untuk kita mulai mempersiapkan pertempuran,,,<rightDown;btnChallenge>,,effect/shouyindao.skel,,,{1=0},,,,,,
116,,,11,,,,,,,3,,,,,,,,,,,{y=150;x=0},login/new_character/xiaozhushou.png,,,,,,,"Select the heroes below to add them to your formation. After setting up the lineup, click here to start the battle.","Chọn các anh hùng bên dưới để đưa vào đội hình, sau khi bố trí đội hình xong, hãy nhấp vào đây để bắt đầu trận chiến.","Pilih wira di bawah untuk dimasukkan ke dalam formasi pasukan, selepas selesai susunan, sila klik di sini untuk memulakan pertempuran.  ","Select the heroes below to add them to your formation. After setting up the lineup, click here to start the battle.","Piliin ang mga bayani sa ibaba upang idagdag sa iyong koponan, pagkatapos ng pag-aayos ng koponan, i-click dito upang simulan ang labanan",เลือกฮีโร่ด้านล่างเพื่อจัดเข้าทีม หลังจากจัดทีมเสร็จแล้ว คลิกที่นี่เพื่อเริ่มการต่อสู้,"Pilih pahlawan di bawah untuk dimasukkan ke formasi tim, setelah selesai menyusun tim, klik di sini untuk memulai pertempuran",,,<btnChallenge>,,effect/shouyindao.skel,,,{1=92},,,,,,
120,,,12,,battle.battle_end.win,2,,finish(11) and not finish(13),,,,,,,,,3,,,,,,,,,,,,,,,,,,,,,,,,,,,,,,,,
121,,,12,,,,,,,1,,,,,,,,,,,,,,,,,,,,,,,,,,,,<back>,,,,,,,,,,,
122,,,12,,,,,,,,,,,1,,,,,,,,,,,,,,,,,,,,,,,,<backBtn>,,effect/shouyindao.skel,,,,,,,,,
131,,,13,,,,,,,,,,,1,,,2,2,,,{y=100;x=0},login/new_character/xiaozhushou1.png,,,,,,,"Although the heroes turned into zombies have significantly weakened, you can still try to recruit them to your side. In these chaotic times, don't overlook any source of power!","Tuy các anh hùng bị zombie hóa đã suy giảm sức mạnh đáng kể, nhưng vẫn có thể thử chiêu mộ họ về dưới trướng đấy nhé. Trong thời loạn lạc này, không nên bỏ lỡ bất kỳ sức mạnh nào đâu.","Walaupun para wira yang telah dijangkiti zombi telah kehilangan banyak kekuatan, anda masih boleh cuba merekrut mereka ke dalam pasukan anda. Dalam zaman huru-hara ini, jangan lepaskan sebarang kekuatan!","Although the heroes turned into zombies have significantly weakened, you can still try to recruit them to your side. In these chaotic times, don't overlook any source of power!","Kahit na humina na nang husto ang mga bayani na naging zombie, maaari mo pa rin silang subukang i-recruit sa iyong panig. Sa panahon ng kaguluhan, huwag palampasin ang kahit anong lakas!",แม้ว่าฮีโร่ที่กลายเป็นซอมบี้จะอ่อนแอลงมาก แต่คุณยังสามารถลองรับพวกเขาเข้าร่วมทีมได้นะ ในช่วงเวลาวุ่นวายแบบนี้ อย่ามองข้ามพลังใด ๆ เด็ดขาด!,"Meskipun para pahlawan yang menjadi zombie telah kehilangan banyak kekuatannya, kamu masih bisa mencoba merekrut mereka ke dalam timmu. Di masa kekacauan ini, jangan lewatkan kekuatan sekecil apa pun!",,,,,,,,,,,,,,
132,,,13,,,,,,,,,,,1,,,2,2,,,{y=100;x=0},login/new_character/xiaozhushou1.png,,,,,,,Try your luck in summoning a new hero!,Đi thử vận may triệu hồi anh hùng mới thôi!,Mari cuba nasib anda untuk memanggil wira baru!,Try your luck in summoning a new hero!,Subukan natin ang swerte sa pag-summon ng bagong bayani!,ลองเสี่ยงโชคเพื่ออัญเชิญฮีโร่ใหม่กันเถอะ!,Ayo coba keberuntunganmu memanggil pahlawan baru!,,,,,,,,,,,,,,
133,,,13,,,,,,,,,,,,,0.1,,2,,,{y=300;x=-200},login/new_character/xiaozhushou.png,{y=300;x=-200},,,,,,Click here to enter the draw interface.,Bấm vào đây để vào giao diện rút thăm.,Klik di sini untuk masuk ke antara muka cabutan.,Click here to enter the draw interface.,Pindutin ito para pumasok sa interface ng draw.,คลิกที่นี่เพื่อเข้าสู่หน้าจอสุ่ม,Klik di sini untuk masuk ke antarmuka undian.,,,<centerBottomPanel;actionList;drawCard>,,effect/shouyindao.skel,270,,,,,,,,
134,,,13,,,,,,,1,,,,,,0.1,,2,,,{y=300;x=-200},login/new_character/xiaozhushou.png,{y=300;x=-200},,,,,,Click here to start the free card draw!,Nhấn vào đây để bắt đầu rút thẻ miễn phí!,Klik di sini untuk mula cabutan kad percuma!,Click here to start the free card draw!,Pindutin ito para simulan ang libreng card draw!,คลิกที่นี่เพื่อเริ่มการสุ่มการ์ดฟรี!,Klik di sini untuk mulai menarik kartu gratis!,,,<btnDrawOne>,,effect/shouyindao.skel,270,,,,,,,,
135,,,13,,,,,,,,,,,,,,3,,,,,,,,,,,,,,,,,,,,,,,,,,,,,,,,
136,,,13,,,,,,,,,,,,,,3,,,,,,,,,,,,,,,,,,,,,,,,,,,,,,,,
137,,,13,,,,,,,,,,,,,,,,,,,,,,,,,,,,,,,,,,,<baseNode;btnOk>,,effect/shouyindao.skel,270,,,,,,,,
138,,,13,,city.view,,,,,,,,,,,,2,2,,,{y=100;x=0},login/new_character/xiaozhushou1.png,,,,,,,"Congratulations, you've obtained a new hero! Add him to your formation now!","Chúc mừng bạn đã nhận được tướng mới, hãy thêm anh ta vào đội hình nhé!","Tahniah, anda telah mendapat wira baru, sila tambahkannya ke dalam formasi anda!","Congratulations, you've obtained a new hero! Add him to your formation now!","Congrats! Nakuha mo ang bagong bayani, idagdag mo na siya sa iyong team!",ขอแสดงความยินดี คุณได้รับฮีโร่ใหม่แล้ว อย่าลืมใส่เขาในทีมด้วยนะ!,"Selamat, kamu mendapatkan pahlawan baru! Tambahkan dia ke dalam formasi timmu sekarang!",,,,,,,,,,,,,,
139,,,13,,,,,,,,,,,1,,0.1,,2,,,{y=100;x=0},login/new_character/xiaozhushou.png,{y=100;x=0},,,,,,#C0xE77421#Click#C0x5B545B#here to return to the main interface,#C0xE77421#Nhấn vào#C0x5B545B#đây để quay lại giao diện chính,#C0xE77421#Klik pada#C0x5B545B#sini untuk kembali ke antara muka utama,#C0xE77421#Click#C0x5B545B#here to return to the main interface,#C0xE77421#Pindutin ang#C0x5B545B#dito para bumalik sa pangunahing interface,#C0xE77421#คลิกที่#C0x5B545B#นี่เพื่อกลับสู่หน้าหลัก,#C0xE77421#Klik#C0x5B545B#di sini untuk kembali ke antarmuka utama,,,<rightTopClosePanel;back>,,effect/shouyindao.skel,,,,,,,,,
141,,,14,,,,,,,,,,,1,,,2,2,,,{y=100;x=0},login/new_character/xiaozhushou1.png,,,,,,,Add the new hero to your lineup.,Hãy thêm tướng mới vào đội hình.,Sila tambah wira baru ke dalam formasi anda.,Add the new hero to your lineup.,Idagdag ang bagong bayani sa iyong lineup.,เพิ่มฮีโร่ใหม่เข้าไปในทีมของคุณ,Tambahkan pahlawan baru ke dalam formasi timmu.,,,,,,,,,,,,,,
142,,,14,,,,,,,,,,,,,,2,2,,,{y=100;x=0},login/new_character/xiaozhushou1.png,,,,,,,You can also quickly adjust your formation via the formation entrance in the main city.,Bạn cũng có thể nhanh chóng điều chỉnh đội hình thông qua lối vào đội hình trên thành chính.,Anda juga boleh menyesuaikan formasi dengan cepat melalui pintu masuk formasi di bandar utama.,You can also quickly adjust your formation via the formation entrance in the main city.,Maaari ka ring mabilis na ayusin ang lineup gamit ang shortcut sa pangunahing lungsod.,คุณยังสามารถจัดทีมได้อย่างรวดเร็วผ่านทางเข้าจัดทีมที่เมืองหลัก,Kamu juga bisa mengatur formasi dengan cepat melalui pintu masuk formasi di kota utama.,,,,,,,,,,,,,,
143,,,14,,,,,,,,,,,,,0.1,,2,,,{y=300;x=-200},login/new_character/xiaozhushou.png,{y=300;x=-200},,,,,,Click here to enter formation setup,Bấm vào đây để vào bố trận,Klik di sini untuk masuk ke susunan pasukan,Click here to enter formation setup,Pindutin dito para pumasok sa pag-aayos ng formation,คลิกที่นี่เพื่อเข้าสู่การจัดทีม,Klik di sini untuk masuk ke pengaturan formasi,,,<centerBottomPanel;actionList;team>,,effect/shouyindao.skel,270,,,,,,,,
144,,,14,,,,,,,,,,,,,0.1,,2,,,{y=100;x=0},login/new_character/xiaozhushou.png,{y=100;x=0},,,,,,#C0xE77421#Click#C0x5B545B#here for quick formation,#C0xE77421#Nhấn vào#C0x5B545B#đây để bày trận nhanh,#C0xE77421#Klik pada#C0x5B545B#sini untuk susun formasi dengan cepat,#C0xE77421#Click#C0x5B545B#here for quick formation,#C0xE77421#Pindutin ang#C0x5B545B#dito para sa mabilisang formation,#C0xE77421#คลิกที่#C0x5B545B#นี่เพื่อจัดทีมอย่างรวดเร็ว,#C0xE77421#Klik#C0x5B545B#di sini untuk formasi cepat,,,<rightDown;btnOneKeySet>,,effect/shouyindao.skel,,,,,,,,,
145,,,14,,,,,,,1,,,,,,0.1,,2,,,{y=100;x=0},login/new_character/xiaozhushou.png,{y=100;x=0},,,,,,#C0xE77421#Click#C0x5B545B#here to return to the main interface,#C0xE77421#Nhấn vào#C0x5B545B#đây để quay lại giao diện chính,#C0xE77421#Klik pada#C0x5B545B#sini untuk kembali ke antara muka utama,#C0xE77421#Click#C0x5B545B#here to return to the main interface,#C0xE77421#Pindutin ang#C0x5B545B#dito para bumalik sa pangunahing interface,#C0xE77421#คลิกที่#C0x5B545B#นี่เพื่อกลับสู่หน้าหลัก,#C0xE77421#Klik#C0x5B545B#di sini untuk kembali ke antarmuka utama,,,<rightTopClosePanel;back>,,effect/shouyindao.skel,,,,,,,,,
151,,,15,,,,,,,,,,,,,,2,2,,,{y=100;x=0},login/new_character/xiaozhushou1.png,,,,,,,"Next, let’s continue our journey","Tiếp theo, chúng ta hãy tiếp tục lên đường","Seterusnya, mari kita teruskan pengembaraan","Next, let’s continue our journey","Ngayon, magpatuloy tayo sa paglalakbay",ต่อไป เรามาเดินทางกันต่อเลย,"Selanjutnya, mari kita lanjutkan perjalanan",,,,,,,,,,,,,,
152,,,15,,,,,,,,,,,,,,,,,,{y=250;x=450},login/new_character/xiaozhushou.png,{y=400;x=-100},,,,,,Click here to enter the stage,Bấm vào đây để vào màn chơi,Klik di sini untuk masuk ke peringkat,Click here to enter the stage,Pindutin dito para pumasok sa stage,คลิกที่นี่เพื่อเข้าสู่ด่าน,Klik di sini untuk masuk ke level,,,<rightBottomPanel;btnPve>,,effect/shouyindao.skel,150,,,,,,,,
153,,,15,,,,,,,,,,,,,2,,2,,,{y=300;x=0},login/new_character/xiaozhushou.png,{y=300;x=0},,,,,,Click here to select the stage you want to enter,Nhấn vào đây để chọn màn chơi bạn muốn vào,Klik di sini untuk memilih peringkat yang anda mahu masuk,Click here to select the stage you want to enter,Pindutin dito para pumili ng stage na gusto mong pasukin,คลิกที่นี่เพื่อเลือกด่านที่คุณต้องการเข้า,Klik di sini untuk memilih level yang ingin kamu masuki,,,<pageView;page1;gate2>,,effect/shouyindao.skel,,,,,,,,,
154,,,15,,,,,,,,,,,,,0.1,,,,,{y=0;x=100},login/new_character/xiaozhushou.png,{y=300;x=0},,,,,,Click here to start preparing for battle,Nhấn vào đây để chúng ta bắt đầu chuẩn bị cho trận chiến,Klik di sini untuk mula bersedia bagi pertempuran,Click here to start preparing for battle,Pindutin dito para simulan ang paghahanda sa laban,คลิกที่นี่เพื่อเริ่มเตรียมพร้อมสำหรับการต่อสู้,Klik di sini untuk mulai persiapan pertempuran,,,<rightDown;btnChallenge>,,effect/shouyindao.skel,,,,,,,,,
155,,,15,,,,,,,3,,,,,,,,,,,{y=150;x=0},login/new_character/xiaozhushou.png,,,,,,,"Your formation is ready, so click here to start the battle","Đội hình của bạn đã sẵn sàng, vậy thì nhấp vào đây để bắt đầu trận chiến.","Formasi anda sudah bersedia, jadi klik di sini untuk mulakan pertempuran","Your formation is ready, so click here to start the battle","Handa na ang iyong team, pindutin dito para simulan ang laban",ทีมของคุณพร้อมแล้ว คลิกที่นี่เพื่อเริ่มการต่อสู้,"Formasi kamu sudah siap, klik di sini untuk memulai pertempuran",,,<btnChallenge>,,effect/shouyindao.skel,,,,,,,,,
160,,,16,,battle.battle_end.win,3,,finish(15) and not finish(17),,1,{21071=50},,,,161,,3,,,,,,,,,,,,,,,,,,,,,,,,,,,,,,,,
161,,,17,,battle.battle_end.win,,,,,,,,,1,,,2,2,,,{y=100;x=0},login/new_character/xiaozhushou1.png,,,,,,,"Congratulations, you have received hero shards. You can also get new heroes by combining shards, so hurry and try it now!  ","Chúc mừng bạn đã nhận được mảnh tướng, bạn cũng có thể nhận được tướng mới thông qua ghép mảnh, hãy nhanh tay thử ngay thôi!","Tahniah, anda telah mendapat kepingan wira. Anda juga boleh mendapatkan wira baru melalui gabungan kepingan, cepat cuba sekarang!  ","Congratulations, you have received hero shards. You can also get new heroes by combining shards, so hurry and try it now!  ","Congrats! Nakakuha ka ng hero shards. Pwede ka ring makakuha ng bagong bayani sa pamamagitan ng pagsama ng shards, subukan mo na!  ",ขอแสดงความยินดี คุณได้รับเศษชิ้นส่วนฮีโร่ คุณยังสามารถได้รับฮีโร่ใหม่จากการรวมชิ้นส่วน รีบลองเลย!  ,"Selamat, kamu telah menerima pecahan pahlawan. Kamu juga bisa mendapatkan pahlawan baru dengan menggabungkan pecahan, ayo coba sekarang!  ",,,,,,,,,,,,,,
162,,,17,,,,,,,,,,,,,0.1,,,,,{y=100;x=-100},login/new_character/xiaozhushou.png,{y=400;x=-100},,,,,,Click here to enter the Hero Bag  ,Nhấn vào đây để vào Túi Anh Hùng,Klik di sini untuk masuk ke Beg Wira  ,Click here to enter the Hero Bag  ,Pindutin dito para pumasok sa Hero Bag  ,คลิกที่นี่เพื่อเข้าสู่กระเป๋าฮีโร่  ,Klik di sini untuk masuk ke Tas Pahlawan  ,,,<centerBottomPanel;actionList;cardBag>,,effect/shouyindao.skel,150,,,,,,,,
163,,,17,,,,,,,,,,,,,0.1,,2,,,{y=0;x=-700},login/new_character/xiaozhushou.png,{y=400;x=-100},,,,,,Click here to switch the shard bag  ,Bấm vào đây để chuyển đổi túi mảnh ghép,Klik di sini untuk bertukar beg kepingan  ,Click here to switch the shard bag  ,Pindutin dito para magpalit ng shard bag  ,คลิกที่นี่เพื่อเปลี่ยนกระเป๋าชิ้นส่วน  ,Klik di sini untuk mengganti tas pecahan  ,,,<btn2>,,effect/shouyindao.skel,150,,,,,,,,
164,,,17,,,,,,,,,,,,,0.1,,2,,,{y=400;x=-600},login/new_character/xiaozhushou.png,{y=400;x=0},,,,,,Click here to combine  ,Nhấn vào đây để tổng hợp,Klik di sini untuk gabungkan  ,Click here to combine  ,Pindutin dito para pag-isahin  ,คลิกที่นี่เพื่อรวม  ,Klik di sini untuk menggabungkan  ,,,<centerPanel;fragList;subList;fragItem1>,,effect/shouyindao.skel,,,,,,,,,
165,,,17,,,,,,,1,,,,,,0.1,,,,,{y=200;x=-600},login/new_character/xiaozhushou.png,{y=200;x=0},,,,,,Click here to confirm the merge  ,Bấm vào đây để xác nhận hợp nhất,Klik di sini untuk sahkan penggabungan  ,Click here to confirm the merge  ,Pindutin dito para kumpirmahin ang pagsasanib  ,คลิกที่นี่เพื่อยืนยันการรวม  ,Klik di sini untuk konfirmasi penggabungan  ,,,<btnOK>,,effect/shouyindao.skel,,,,,,,,,
166,,,17,,,,,,,,,,,,,,2,2,,,{y=100;x=0},login/new_character/xiaozhushou1.png,,,,,,,"We have recruited the first beauty from another world, the Love Paradise is open, let’s go check it out.  ","Chúng ta đã thu nạp được mỹ nữ dị giới đầu tiên, Thiên Đường Tình Ái đã mở, chúng ta cùng đi xem nào.","Kita telah memperoleh wanita cantik dari dunia lain yang pertama, Syurga Cinta telah dibuka, mari kita lihat bersama.  ","We have recruited the first beauty from another world, the Love Paradise is open, let’s go check it out.  ","Nakapag-recruit na tayo ng unang magandang babae mula sa ibang mundo, bukas na ang Love Paradise, tara na’t silipin.  ",เราได้เก็บหญิงงามจากต่างโลกคนแรกแล้ว สวรรค์แห่งรักเปิดแล้ว ไปดูกันเถอะ  ,"Kita telah merekrut wanita cantik dari dunia lain yang pertama, Surga Cinta telah dibuka, mari kita lihat.  ",,,,,,,,,,,,,,
167,,,17,,,,,,,,,,,1,,0.1,,2,,,{y=100;x=0},login/new_character/xiaozhushou.png,{y=100;x=0},,,,,,#C0xE77421#Click #C0x5B545B#here to return to the main interface,#C0xE77421#Nhấn vào #C0x5B545B#đây để quay lại giao diện chính,#C0xE77421#Klik #C0x5B545B#sini untuk kembali ke antara muka utama,#C0xE77421#Click #C0x5B545B#here to return to the main interface,#C0xE77421#Pindutin #C0x5B545B#dito para bumalik sa pangunahing interface,#C0xE77421#คลิก #C0x5B545B#ที่นี่เพื่อกลับสู่หน้าหลัก,#C0xE77421#Klik #C0x5B545B#di sini untuk kembali ke antarmuka utama,,,<rightTopClosePanel;back>,,effect/shouyindao.skel,,,,,,,,,
171,,,18,,city.view,,,finish(17) and not finish(19),,1,{30=10;31=10},,,,,,,,,,,,,,,,,,,,,,,,,,,,,,,,,,,,,,
197,,,20,,,,,,,1,,,,,,,3,,,,,,,,,,,,,,,,,,,,,,,,,,,,,,,,
198,,,20,,,,,,,,,,,,,,3,,,,,,,,,,,,,,,,,,,,,,,,,,,,,,,,
199,,,20,,,,,,,,,,,1,,0.1,2,2,,,{y=100;x=0},login/new_character/xiaozhushou1.png,,,,,,,"Through breakthrough, the hero's combat power has increased significantly, let's continue fighting.  ","Thông qua đột phá, chiến lực của anh hùng đã được tăng lên đáng kể, chúng ta hãy tiếp tục chiến đấu nhé.","Melalui terobosan, kekuatan tempur wira telah meningkat dengan ketara, mari kita terus bertempur.  ","Through breakthrough, the hero's combat power has increased significantly, let's continue fighting.  ","Sa pamamagitan ng breakthrough, ang lakas sa laban ng bayani ay tumaas nang malaki, magpatuloy tayo sa laban.  ",ผ่านการบุกทะลวงแล้ว พลังการต่อสู้ของฮีโร่เพิ่มขึ้นอย่างมาก เรามาต่อสู้กันต่อเถอะ  ,"Melalui terobosan, kekuatan tempur pahlawan telah meningkat secara signifikan, mari kita lanjutkan bertarung.  ",,,,,effect/shouyindao.skel,,,,,,,,,
200,,,21,,,,,,,,,,,,,,2,2,,,{y=100;x=0},login/new_character/xiaozhushou1.png,,,,,,,"Next, let's continue the adventure.  ","Tiếp theo, chúng ta hãy tiếp tục cuộc phiêu lưu.","Seterusnya, mari kita teruskan pengembaraan.  ","Next, let's continue the adventure.  ","Susunod, magpatuloy tayo sa paglalakbay.  ",ต่อไปเรามาเดินทางผจญภัยกันต่อ  ,"Selanjutnya, mari kita lanjutkan petualangan.  ",,,,,,,,,,,,,,
201,,,21,,,,,,,,,,,,,,,,,,{y=250;x=450},login/new_character/xiaozhushou.png,{y=400;x=-100},,,,,,Click here to enter the stage.  ,Bấm vào đây để vào màn chơi,Klik di sini untuk masuk ke peringkat.  ,Click here to enter the stage.  ,Pindutin dito para pumasok sa stage.  ,คลิกที่นี่เพื่อเข้าสู่ด่าน  ,Klik di sini untuk masuk ke level.  ,,,<rightBottomPanel;btnPve>,,effect/shouyindao.skel,150,,,,,,,,
202,,,21,,,,,,,,,,,,,1,2,2,,,{y=100;x=0},login/new_character/xiaozhushou1.png,,,,,,,"A treasure chest has appeared on the map, let's hurry and claim it.  ","Trên bản đồ xuất hiện rương báu, chúng ta nhanh đi nhận thôi.","Pada peta muncul peti harta karun, mari cepat ambil.  ","A treasure chest has appeared on the map, let's hurry and claim it.  ","May lumitaw na treasure chest sa mapa, dali na nating kunin.  ",บนแผนที่มีหีบสมบัติปรากฏขึ้น มารีบไปรับกันเถอะ  ,"Di peta muncul peti harta karun, ayo segera ambil.  ",,,,,,,,,,,,,,
203,,,21,,,,,,,,,,,,,,,2,,,{y=400;x=0},login/new_character/xiaozhushou.png,{y=400;x=-100},,,,,,Click here to receive the gift box.,Bấm vào đây để nhận hộp quà,Klik di sini untuk menerima kotak hadiah.,Click here to receive the gift box.,Pindutin dito para tanggapin ang gift box.,คลิกที่นี่เพื่อรับกล่องของขวัญ,Klik di sini untuk menerima kotak hadiah.,,,<pageView;page1;box1>,,effect/shouyindao.skel,,,,,,,,,
204,,,21,,,,,,,,,,,,,,3,,,,,,,,,,,,,,,,,,,,,,,,,,,,,,,,
205,,,21,,,,,,,1,,,,,,,3,,,,,,,,,,,,,,,,,,,,,,,,,,,,,,,,
206,,,21,,,,,,,,,,,,213,,2,2,,,{y=100;x=0},login/new_character/xiaozhushou1.png,,,,,,,Keep fighting.  ,Tiếp tục chiến đấu đi.,Teruskan bertempur.  ,Keep fighting.  ,Magpatuloy sa pakikipaglaban.  ,ต่อสู้ต่อไป  ,Lanjutkan bertarung.  ,,,,,,,,,,,,,,
211,,,22,,,,,,,,,,,,,,2,2,,,{y=100;x=0},login/new_character/xiaozhushou1.png,,,,,,,"Next, let's continue the adventure.  ","Tiếp theo, chúng ta hãy tiếp tục cuộc phiêu lưu.","Seterusnya, mari kita teruskan pengembaraan.  ","Next, let's continue the adventure.  ","Susunod, magpatuloy tayo sa paglalakbay.  ",ต่อไปเรามาเดินทางผจญภัยกันต่อ  ,"Selanjutnya, mari kita lanjutkan petualangan.  ",,,,,,,,,,,,,,
212,,,22,,,,,,,,,,,,,,,,,,{y=250;x=450},login/new_character/xiaozhushou.png,{y=400;x=-100},,,,,,Click here to enter the stage.  ,Nhấn vào đây để vào màn chơi,Klik di sini untuk masuk ke peringkat.  ,Click here to enter the stage.  ,Pindutin dito para pumasok sa stage.  ,คลิกที่นี่เพื่อเข้าสู่ด่าน  ,Klik di sini untuk masuk ke level.  ,,,<rightBottomPanel;btnPve>,,effect/shouyindao.skel,150,,,,,,,,
213,,,22,,,,,,,,,,,,,1,,2,,,{y=300;x=0},login/new_character/xiaozhushou.png,{y=300;x=0},,,,,,Click here to select the stage you want to enter.  ,Nhấn vào đây để chọn màn chơi bạn muốn vào,Klik di sini untuk memilih peringkat yang anda mahu masuk.  ,Click here to select the stage you want to enter.  ,Pindutin dito para pumili ng stage na gusto mong pasukin.  ,คลิกที่นี่เพื่อเลือกด่านที่คุณต้องการเข้า  ,Klik di sini untuk memilih level yang ingin kamu masuki.  ,,,<pageView;page1;gate3>,,effect/shouyindao.skel,,,,,,,,,
214,,,22,,,,,,,,,,,,,0.1,,,,,{y=0;x=100},login/new_character/xiaozhushou.png,{y=300;x=0},,,,,,Click here for us to start preparing for battle.  ,Nhấn vào đây để chúng ta bắt đầu chuẩn bị cho trận chiến.,Klik di sini untuk kita mula bersedia untuk pertempuran.  ,Click here for us to start preparing for battle.  ,Pindutin dito para magsimula tayo maghanda para sa laban.  ,คลิกที่นี่เพื่อเราเริ่มเตรียมตัวสำหรับการต่อสู้  ,Klik di sini untuk kita mulai mempersiapkan pertempuran.  ,,,<rightDown;btnChallenge>,,effect/shouyindao.skel,,,,,,,,,
215,,,22,,,,,,,,,,,,,0.1,,,,,{y=0;x=100},login/new_character/xiaozhushou.png,{y=300;x=0},,,,,,Put the new heroes into the lineup and fight together.  ,Hãy đưa các anh hùng mới vào đội hình và cùng nhau chiến đấu.,Masukkan wira baru ke dalam barisan dan bertempur bersama-sama.  ,Put the new heroes into the lineup and fight together.  ,Ilagay ang mga bagong bayani sa lineup at lumaban nang sama-sama.  ,จัดฮีโร่ใหม่เข้าทีมและต่อสู้ไปด้วยกัน  ,Masukkan pahlawan baru ke dalam formasi dan bertarung bersama.  ,,,<list;item3>,,effect/shouyindao.skel,,,,,,,,,
216,,,22,,,,,,,3,,,,,,0.1,,,,,{y=150;x=0},login/new_character/xiaozhushou.png,,,,,,,"Your lineup is ready, click here to start the battle.","Đội hình của bạn đã sẵn sàng, hãy nhấp vào đây để bắt đầu trận chiến.","Barisan anda sudah siap, klik di sini untuk memulakan pertempuran.","Your lineup is ready, click here to start the battle.","Handa na ang iyong lineup, pindutin dito para simulan ang laban.",ทีมของคุณพร้อมแล้ว คลิกที่นี่เพื่อเริ่มการต่อสู้,"Formasi kamu sudah siap, klik di sini untuk memulai pertempuran.",,,<btnChallenge>,,effect/shouyindao.skel,,,,,,,,,
221,,,23,,battle.battle_end.win,4,,finish(22) and not finish(24),,,,,,,,,3,,,,,,,,,,,,,,,,,,,,,,,,,,,,,,,,
222,,,23,,,,,,,1,,,,,,,,,,,,,,,,,,,,,,,,,,,,<back>,,,,,,,,,,,
223,,,23,,,,,,,,,,,,231,,,,,,,,,,,,,,,,,,,,,,,<dungeonsBtn>,,effect/shouyindao.skel,,,,,,,,,
230,,,24,,,,,,,,,,,,,,,,,,{y=400;x=-100},login/new_character/xiaozhushou.png,{y=400;x=-100},,,,,,Click here to enter the stage  ,Bấm vào đây để vào màn chơi,Klik di sini untuk masuk ke peringkat  ,Click here to enter the stage  ,Pindutin dito para pumasok sa stage  ,คลิกที่นี่เพื่อเข้าสู่ด่าน  ,Klik di sini untuk masuk ke level  ,,,<rightBottomPanel;btnPve>,,effect/shouyindao.skel,150,,,,,,,,
231,,,24,,,,,,,,,,,,,,2,2,,,{y=100;x=0},login/new_character/xiaozhushou1.png,,,,,,,"Oh wow, there is a new star chest to claim, clear dungeon levels to accumulate stars, enough stars let you claim the star chest.  ","Ôi chao, có rương sao mới để nhận rồi này, vượt ải phó bản có thể tích lũy sao, đủ sao là có thể nhận rương sao đó nha.","Wah, ada peti bintang baru untuk diterima, tamatkan tahap dungeon untuk mengumpul bintang, cukup bintang boleh dapat peti bintang itu.  ","Oh wow, there is a new star chest to claim, clear dungeon levels to accumulate stars, enough stars let you claim the star chest.  ","Naku, may bagong star chest na pwedeng kunin, tapusin ang dungeon stages para makalikom ng stars, kapag sapat na ang stars pwede mo nang kunin ang star chest.  ",โอ้โห มีหีบดาวใหม่ให้รับแล้วนะ เคลียร์ด่านดันเจี้ยนเพื่อสะสมดาว ครบดาวแล้วจะได้รับหีบดาวนั้น  ,"Wah, ada peti bintang baru untuk diterima, selesaikan level dungeon untuk mengumpulkan bintang, cukup bintang bisa mendapatkan peti bintang itu.  ",,,,,,,,,,,,,,
232,,,24,,,,,,,,,,,,,,,,,,{y=200;x=250},login/new_character/xiaozhushou.png,{y=300;x=0},,,,,,Click here to open the Star Chest  ,Nhấn vào đây để mở Rương Sao,Klik di sini untuk buka Peti Bintang  ,Click here to open the Star Chest  ,Pindutin dito para buksan ang Star Chest  ,คลิกที่นี่เพื่อเปิดหีบดาว  ,Klik di sini untuk buka Peti Bintang  ,,,<rightDown>,,effect/shouyindao.skel,,,,,,,,,
233,,,24,,,,,,,1,,,,,,0.2,,,,,{y=0;x=-650},login/new_character/xiaozhushou.png,{y=300;x=-400},,,,,,Click here to receive rewards  ,Bấm vào đây để nhận thưởng,Klik di sini untuk terima ganjaran  ,Click here to receive rewards  ,Pindutin dito para tanggapin ang reward  ,คลิกที่นี่เพื่อรับรางวัล  ,Klik di sini untuk terima hadiah  ,,,<btnGet>,,effect/shouyindao.skel,,,,,{width=6240;dx=0;height=2880;dy=0},,,,
234,,,24,,,,,,,,,,,,,,3,,,,,,,,,,,,,,,,,,,,,,,,,,,,,,,,
235,,,24,,,,,,,,,,,,,0.1,,,,,{y=400;x=0},login/new_character/xiaozhushou.png,{y=300;x=0},,,,,,Click here to close the interface  ,Nhấn vào đây để đóng giao diện,Klik di sini untuk tutup antara muka  ,Click here to close the interface  ,Pindutin dito para isara ang interface  ,คลิกที่นี่เพื่อปิดหน้าต่าง  ,Klik di sini untuk tutup antarmuka  ,,,<title;btnClose>,,effect/shouyindao.skel,,,,,,,,,
236,,,24,,,,,,,,,,,,340,0.1,,2,,,{y=300;x=0},login/new_character/xiaozhushou.png,{y=300;x=0},,,,,,Click here to close the interface  ,Nhấn vào đây để đóng giao diện,Klik di sini untuk tutup antara muka  ,Click here to close the interface  ,Pindutin dito para isara ang interface  ,คลิกที่นี่เพื่อปิดหน้าต่าง  ,Klik di sini untuk tutup antarmuka  ,,,<rightTopClosePanel;back>,,effect/shouyindao.skel,,,,,,,,,
340,,,25,,city.view,,,finish(24),,,,,,,,,2,2,<888>,,,,,,,,,,"We are very glad that you have mastered the combat and development skills, taking a big step closer to the goal of saving the world.  ","Rất vui vì bạn đã nắm vững các kỹ năng chiến đấu và phát triển, tiến thêm một bước lớn nữa đến mục tiêu cứu thế giới.","Kami sangat gembira kerana anda telah menguasai kemahiran bertempur dan berkembang, melangkah satu tahap besar lagi ke matlamat menyelamatkan dunia.  ","We are very glad that you have mastered the combat and development skills, taking a big step closer to the goal of saving the world.  ","Masaya kami na na-master mo na ang mga kakayahan sa laban at pag-unlad, isa kang malaking hakbang na papalapit sa layunin na iligtas ang mundo.  ",เราดีใจมากที่คุณเชี่ยวชาญทักษะการต่อสู้และพัฒนา ก้าวไปอีกขั้นใหญ่สู่เป้าหมายช่วยโลก  ,"Kami sangat senang Anda telah menguasai keterampilan bertarung dan berkembang, melangkah lebih dekat ke tujuan menyelamatkan dunia.  ",,,,,,,,,,,,,,
341,,,25,,,,,,,,,,,,,,2,2,<888>,,,,,,,,,,"Next, we will continue the adventure, but before that, I want to give you a small graduation gift!","Tiếp theo, chúng ta sẽ tiếp tục lên đường cho cuộc phiêu lưu, trước khi đó, tôi xin tặng bạn một món quà nhỏ tốt nghiệp!","Seterusnya, kita akan terus memulakan pengembaraan, sebelum itu, saya mahu beri anda hadiah kecil untuk tamat pengajian!","Next, we will continue the adventure, but before that, I want to give you a small graduation gift!","Susunod, ipagpapatuloy natin ang paglalakbay, pero bago yan, gusto kong bigyan ka ng maliit na regalo para sa pagtatapos!",ต่อไปเราจะเดินทางผจญภัยต่อ แต่ก่อนอื่น ฉันมีของขวัญจบการศึกษาเล็กๆ ให้คุณ,"Selanjutnya, kita akan melanjutkan petualangan, tapi sebelum itu, saya ingin memberikan hadiah kecil kelulusan untuk Anda!",,,,,,,,,,,,,,
342,,,25,,,,,,,1,{rmb=50},,TRUE,,,,,,,,,,,,,,,,,,,,,,,,,,,,,,,,,,,,
500,,,50,,all,,10202,,,1,{gold=30000},,,1,501,,2,2,,,{y=100;x=0},login/new_character/xiaozhushou1.png,,,,,,,"Congratulations on unlocking the jewelry feature, upgrading jewelry can increase character attributes.","Chúc mừng bạn đã mở khóa tính năng trang sức, thông qua việc nâng cấp trang sức có thể tăng các thuộc tính của nhân vật.","Tahniah kerana membuka ciri barang kemas, menaik taraf barang kemas boleh meningkatkan atribut watak.","Congratulations on unlocking the jewelry feature, upgrading jewelry can increase character attributes.","Binabati kita sa pagbukas ng tampok na alahas, sa pamamagitan ng pag-upgrade ng alahas maaari mong pataasin ang mga katangian ng karakter.",ขอแสดงความยินดีที่คุณปลดล็อกฟีเจอร์เครื่องประดับ การอัปเกรดเครื่องประดับสามารถเพิ่มคุณสมบัติของตัวละครได้,"Selamat Anda telah membuka fitur perhiasan, melalui peningkatan perhiasan dapat meningkatkan atribut karakter.",,,,,,,,,,,,,,
501,,,51,,all,,10202,,,,,,,1,,,2,2,,,{y=100;x=0},login/new_character/xiaozhushou1.png,,,,,,,"Congratulations on unlocking the jewelry feature, upgrading jewelry can increase character attributes.","Chúc mừng bạn đã mở khóa tính năng trang sức, thông qua việc nâng cấp trang sức có thể tăng các thuộc tính của nhân vật.","Tahniah kerana membuka ciri barang kemas, menaik taraf barang kemas boleh meningkatkan atribut watak.","Congratulations on unlocking the jewelry feature, upgrading jewelry can increase character attributes.","Binabati kita sa pagbukas ng tampok na alahas, sa pamamagitan ng pag-upgrade ng alahas maaari mong pataasin ang mga katangian ng karakter.",ขอแสดงความยินดีที่คุณปลดล็อกฟีเจอร์เครื่องประดับ การอัปเกรดเครื่องประดับสามารถเพิ่มคุณสมบัติของตัวละครได้,"Selamat Anda telah membuka fitur perhiasan, melalui peningkatan perhiasan dapat meningkatkan atribut karakter.",,,,,,,,,,,,,,
502,,,51,,,,,,,,,,,,,0.1,,,,,{y=100;x=-100},login/new_character/xiaozhushou.png,{y=400;x=-100},,,,,,Click here to enter the Hero Bag,Bấm vào đây để vào Túi Anh Hùng,Klik di sini untuk masuk ke Beg Wira,Click here to enter the Hero Bag,Pindutin dito para pumasok sa Bag ng Bayani,คลิกที่นี่เพื่อเข้าสู่กระเป๋าฮีโร่,Klik di sini untuk masuk ke Tas Pahlawan,,,<centerBottomPanel;actionList;cardBag>,,effect/shouyindao.skel,150,,,,,,,,
503,,,51,,,,,,,,,,,,,0.1,,2,,,{y=250;x=-700},login/new_character/xiaozhushou.png,{y=400;x=0},,,,,,Click here to enter the hero enhancement interface,Bấm vào đây để vào giao diện cường hóa anh hùng,Klik di sini untuk masuk ke antara muka peningkatan wira,Click here to enter the hero enhancement interface,Pindutin dito para pumasok sa interface ng pagpapalakas ng bayani,คลิกที่นี่เพื่อเข้าสู่หน้าจอเพิ่มพลังฮีโร่,Klik di sini untuk masuk ke antarmuka peningkatan pahlawan,,,<centerPanel;cardList;subList;cardItem1>,,effect/shouyindao.skel,,,,,,,,,
504,,,51,,,,,,,,,,,,,0.1,,,,,{y=400;x=-300},login/new_character/xiaozhushou.png,{y=400;x=-100},,,,,,Press here to open the jewelry interface,Nhấn vào đây để mở giao diện trang sức,Tekan di sini untuk membuka antara muka barang kemas,Press here to open the jewelry interface,Pindutin dito para buksan ang interface ng alahas,กดที่นี่เพื่อเปิดหน้าจอเครื่องประดับ,Tekan di sini untuk membuka antarmuka perhiasan,,,<left;btnEquip>,,effect/shouyindao.skel,,,,,,,,,
505,,,51,,,,,,,1,,,,,514,0.1,,,,,{y=0;x=-100},login/new_character/xiaozhushou.png,{y=400;x=-100},,,,,,Click here to enhance jewelry,Bấm vào đây để cường hóa trang sức,Klik di sini untuk menaik taraf barang kemas,Click here to enhance jewelry,Pindutin dito para i-upgrade ang alahas,คลิกที่นี่เพื่ออัปเกรดเครื่องประดับ,Klik di sini untuk tingkatkan perhiasan,,,<strengthenPanel;btnStrengthen>,,effect/shouyindao.skel,,,,,,,,,
511,,,52,,all,,10202,,,,,,,,,0.1,,,,,{y=100;x=-100},login/new_character/xiaozhushou.png,{y=400;x=-100},,,,,,Click here to enter the Hero Bag,Bấm vào đây để vào Túi Anh Hùng,Klik di sini untuk masuk ke Beg Wira,Click here to enter the Hero Bag,Pindutin dito para pumasok sa Bag ng Bayani,คลิกที่นี่เพื่อเข้าสู่กระเป๋าฮีโร่,Klik di sini untuk masuk ke Tas Pahlawan,,,<centerBottomPanel;actionList;cardBag>,,effect/shouyindao.skel,150,,,,,,,,
512,,,52,,,,,,,,,,,,,0.1,,2,,,{y=250;x=-700},login/new_character/xiaozhushou.png,{y=400;x=0},,,,,,Click here to enter the hero enhancement interface,Bấm vào đây để vào giao diện cường hóa anh hùng,Klik di sini untuk masuk ke antara muka peningkatan wira,Click here to enter the hero enhancement interface,Pindutin dito para pumasok sa interface ng pagpapalakas ng bayani,คลิกที่นี่เพื่อเข้าสู่หน้าจอเพิ่มพลังฮีโร่,Klik di sini untuk masuk ke antarmuka peningkatan pahlawan,,,<centerPanel;cardList;subList;cardItem1>,,effect/shouyindao.skel,,,,,,,,,
513,,,52,,,,,,,,,,,,,0.1,,,,,{y=400;x=-300},login/new_character/xiaozhushou.png,{y=400;x=-100},,,,,,Press here to open the jewelry interface,Nhấn vào đây để mở giao diện trang sức,Tekan di sini untuk membuka antara muka barang kemas,Press here to open the jewelry interface,Pindutin dito para buksan ang interface ng alahas,กดที่นี่เพื่อเปิดหน้าจอเครื่องประดับ,Tekan di sini untuk membuka antarmuka perhiasan,,,<left;btnEquip;btn>,,effect/shouyindao.skel,,,,,,,,,
514,,,52,,,,,,,1,,,,,,0.1,,,,,{y=50;x=-400},login/new_character/xiaozhushou.png,{y=400;x=-100},,,,,,Press here to enhance jewelry once.,Nhấn vào đây để cường hóa trang sức một lần.,Tekan di sini untuk menaik taraf barang kemas sekali.,Press here to enhance jewelry once.,Pindutin dito para i-upgrade ang alahas ng isang beses.,กดที่นี่เพื่ออัปเกรดเครื่องประดับครั้งเดียว,Tekan di sini untuk tingkatkan perhiasan sekali.,,,<strengthenPanel;btnOne>,,effect/shouyindao.skel,,,,,,,,,
601,,,60,,all,,10204,,,,,,,1,,0.1,2,2,,,{y=100;x=0},login/new_character/xiaozhushou1.png,,,,,,,"Next, let's challenge the hard stages together.","Tiếp theo, chúng ta hãy cùng nhau thử thách những màn chơi khó.","Seterusnya, mari kita cuba cabaran tahap sukar bersama.","Next, let's challenge the hard stages together.","Sunod, subukan nating harapin ang mga mahihirap na yugto nang magkasama.",ต่อไป มาท้าทายด่านยากด้วยกัน,"Selanjutnya, mari kita coba tantangan level sulit bersama.",,,,,,,,,,,,,,
602,,,60,,,,,,,,,,,,,,,,,,{y=250;x=450},login/new_character/xiaozhushou.png,{y=400;x=-100},,,,,,Click here to enter the stage,Bấm vào đây để vào màn chơi,Klik di sini untuk masuk ke tahap,Click here to enter the stage,Pindutin dito para pumasok sa yugto,คลิกที่นี่เพื่อเข้าสู่ด่าน,Klik di sini untuk masuk ke level,,,<rightBottomPanel;btnPve>,,effect/shouyindao.skel,150,,,,,,,,
603,,,60,,,,,,,,,,,,,1,,2,,,{y=100;x=-300},login/new_character/xiaozhushou.png,{y=400;x=-100},,,,,,Press here to switch to hard stage,Nhấn vào đây để chuyển sang màn chơi khó,Tekan di sini untuk bertukar ke tahap sukar,Press here to switch to hard stage,Pindutin dito para lumipat sa mahirap na yugto,กดที่นี่เพื่อเปลี่ยนไปด่านยาก,Tekan di sini untuk pindah ke level sulit,,,<leftDown;btnDiffect>,,effect/shouyindao.skel,150,,,,,,,,
604,,,60,,,,,,,1,,,,,,2,,2,,,{y=300;x=0},login/new_character/xiaozhushou.png,{y=300;x=0},,,,,,Press here to select the stage you want to enter,Nhấn vào đây để chọn màn chơi bạn muốn vào,Tekan di sini untuk pilih tahap yang anda ingin masuk,Press here to select the stage you want to enter,Pindutin dito para piliin ang yugto na gusto mong pasukin,กดที่นี่เพื่อเลือกด่านที่คุณต้องการเข้า,Tekan di sini untuk pilih level yang ingin kamu masuki,,,<pageView;page1;gate1>,,effect/shouyindao.skel,,,,,,,,,
651,,,65,,all,,20101,,,,,,,1,,,2,2,,,{y=100;x=0},login/new_character/xiaozhushou1.png,,,,,,,"Clearing hard stages not only drops items, but also jewelry enhancement badges! Try upgrading your jewelry!","Vượt ải khó không chỉ có vật phẩm rơi ra, mà còn có huy hiệu cường hóa trang sức nữa đó! Thử nâng cấp trang sức xem sao!","Menyelesaikan tahap sukar bukan sahaja memberikan item, malah juga lencana peningkatan barang kemas! Cuba tingkatkan barang kemas anda!","Clearing hard stages not only drops items, but also jewelry enhancement badges! Try upgrading your jewelry!","Ang pagdaig sa mahihirap na yugto ay hindi lang naglalabas ng mga item, may mga badge din para sa pagpapalakas ng alahas! Subukan mong i-upgrade ang iyong alahas!",การผ่านด่านยากไม่เพียงแต่จะได้รับไอเทมเท่านั้น แต่ยังได้รับเหรียญเพิ่มพลังเครื่องประดับด้วย! ลองอัปเกรดเครื่องประดับดูสิ!,"Menyelesaikan tahap sulit tidak hanya mendapatkan item, tetapi juga lencana peningkatan perhiasan! Coba tingkatkan perhiasanmu!",,,,,,,,,,,,,,
652,,,65,,,,,,,,,,,,,0.1,,,,,{y=100;x=-100},login/new_character/xiaozhushou.png,{y=400;x=-100},,,,,,Press here to enter the Hero Bag,Nhấn vào đây để vào Túi Anh Hùng,Tekan di sini untuk masuk ke Beg Wira,Press here to enter the Hero Bag,Pindutin dito para pumasok sa Bag ng Bayani,กดที่นี่เพื่อเข้าสู่กระเป๋าฮีโร่,Tekan di sini untuk masuk ke Tas Pahlawan,,,<centerBottomPanel;actionList;cardBag>,,effect/shouyindao.skel,150,,,,,,,,
653,,,65,,,,,,,,,,,,,0.1,,2,,,{y=250;x=-700},login/new_character/xiaozhushou.png,{y=400;x=0},,,,,,Click here to enter the hero enhancement interface,Bấm vào đây để vào giao diện cường hóa anh hùng,Klik di sini untuk masuk ke antara muka peningkatan wira,Click here to enter the hero enhancement interface,Pindutin dito para pumasok sa interface ng pagpapalakas ng bayani,คลิกที่นี่เพื่อเข้าสู่หน้าจอเพิ่มพลังฮีโร่,Klik di sini untuk masuk ke antarmuka peningkatan pahlawan,,,<centerPanel;cardList;subList;cardItem1>,,effect/shouyindao.skel,,,,,,,,,
654,,,65,,,,,,,,,,,,,0.1,,,,,{y=400;x=-300},login/new_character/xiaozhushou.png,{y=400;x=-100},,,,,,Press here to open the jewelry interface,Nhấn vào đây để mở giao diện trang sức,Tekan di sini untuk membuka antara muka barang kemas,Press here to open the jewelry interface,Pindutin dito para buksan ang interface ng alahas,กดที่นี่เพื่อเปิดหน้าจอเครื่องประดับ,Tekan di sini untuk membuka antarmuka perhiasan,,,<left;btnEquip>,,effect/shouyindao.skel,,,,,,,,,
655,,,65,,,,,,,1,,,,,,0.1,2,2,,,{y=100;x=0},login/new_character/xiaozhushou1.png,,,,,,,Use jewelry enhancement badges obtained from hard stages to increase the quality and level cap of jewelry.,Sử dụng Huy hiệu cường hóa trang sức nhận được từ các ải khó để tăng phẩm chất và giới hạn cấp độ của trang sức.,Gunakan lencana peningkatan barang kemas yang diperoleh daripada tahap sukar untuk meningkatkan kualiti dan had tahap barang kemas.,Use jewelry enhancement badges obtained from hard stages to increase the quality and level cap of jewelry.,Gamitin ang mga badge ng pagpapalakas ng alahas na nakuha mula sa mahihirap na yugto para pataasin ang kalidad at limitasyon ng level ng alahas.,ใช้เหรียญเพิ่มพลังเครื่องประดับที่ได้รับจากด่านยากเพื่อเพิ่มคุณภาพและขีดจำกัดระดับของเครื่องประดับ,Gunakan lencana peningkatan perhiasan yang didapat dari tahap sulit untuk meningkatkan kualitas dan batas level perhiasan.,,,,,,,,,,,,,,
1001,,,101,,city.view,10,,,,,,,,1,,,2,2,,,{y=100;x=0},login/new_character/xiaozhushou1.png,,,,,,,"Congratulations on unlocking the Handbook feature, let's take a look.","Chúc mừng bạn đã mở khóa chức năng Sổ tay, cùng xem thử nhé.","Tahniah kerana membuka ciri Buku Panduan, jom kita lihat.","Congratulations on unlocking the Handbook feature, let's take a look.","Binabati ka sa pagbukas ng tampok na Handbook, tingnan natin.",ขอแสดงความยินดีที่คุณปลดล็อกฟีเจอร์สมุดบันทึก ลองมาดูกันเถอะ,"Selamat telah membuka fitur Buku Panduan, mari kita lihat.",,,,,,,,,,,,,,
1002,,,101,,,,,,,1,,,,,,0.1,,2,,,{y=50;x=-350},login/new_character/xiaozhushou.png,{y=300;x=0},,,,,,"Congratulations, you have successfully unlocked the collection, click here to open it.","Chúc mừng bạn, đã mở khóa thành công bộ sưu tập, nhấp vào đây để mở bộ sưu tập.","Tahniah, anda berjaya membuka koleksi, klik di sini untuk membukanya.","Congratulations, you have successfully unlocked the collection, click here to open it.","Binabati ka, matagumpay mong nabuksan ang koleksyon, pindutin dito para buksan ito.",ขอแสดงความยินดีที่คุณปลดล็อกคอลเลกชันสำเร็จ คลิกที่นี่เพื่อเปิดดู,"Selamat, kamu berhasil membuka koleksi, klik di sini untuk membukanya.",,,<leftPanel;list;handbook>,,effect/shouyindao.skel,,,,,,,,,
1003,,,101,,,,,,,,,,,,,0.1,,2,,,{y=0;x=200},login/new_character/xiaozhushou.png,,,,,,,"In the Handbook, you can view the heroes you have collected and receive additional attribute buffs.","Trong Sổ tay, bạn có thể xem các anh hùng bạn đã thu thập được và nhận thêm các buff thuộc tính.","Dalam Buku Panduan, anda boleh melihat wira yang telah anda kumpul dan menerima buff atribut tambahan.","In the Handbook, you can view the heroes you have collected and receive additional attribute buffs.","Sa Handbook, makikita mo ang mga bayani na nakolekta mo at makakakuha ka ng dagdag na attribute buffs.",ในสมุดบันทึก คุณสามารถดูฮีโร่ที่คุณรวบรวมและรับบัฟเพิ่มคุณสมบัติได้เพิ่มเติม,"Di Buku Panduan, kamu dapat melihat pahlawan yang telah kamu kumpulkan dan mendapatkan buff atribut tambahan.",,,,,,,,,,{width=6240;dx=0;height=2880;dy=0},,,,
1004,,,101,,,,,,,,,,,,,0.1,,2,,,{y=50;x=-300},login/new_character/xiaozhushou.png,{y=300;x=0},,,,,,"After collecting a certain number of heroes, you can also get extra attribute points through breakthroughs.","Sau khi thu thập đủ một số lượng tướng nhất định, bạn còn có thể nhận thêm điểm cộng thuộc tính thông qua đột phá.","Selepas mengumpul sejumlah wira tertentu, anda juga boleh mendapatkan mata atribut tambahan melalui lonjakan.","After collecting a certain number of heroes, you can also get extra attribute points through breakthroughs.","Pagkatapos makalikom ng sapat na bilang ng mga bayani, makakakuha ka rin ng dagdag na attribute points sa pamamagitan ng breakthrough.",หลังจากรวบรวมฮีโร่ครบจำนวนหนึ่ง คุณยังสามารถรับแต้มคุณสมบัติเพิ่มผ่านการทะลุขีดจำกัด,"Setelah mengumpulkan sejumlah pahlawan tertentu, kamu juga bisa mendapatkan poin atribut tambahan melalui terobosan.",,,<left;btnUp>,,effect/shouyindao.skel,150,,,,,,,,
1005,,,101,,,,,,,,,,,,,0.1,,2,,,{y=200;x=-100},login/new_character/xiaozhushou.png,{y=300;x=0},,,,,,"Chosen One! Keep it up, collect more heroes!","Thiên Tuyển Giả! Tiếp tục cố gắng, thu thập thêm nhiều anh hùng nhé!","Yang Terpilih! Teruskan berusaha, kumpul lebih banyak wira!","Chosen One! Keep it up, collect more heroes!","Pinili! Ipagpatuloy ang pagsisikap, kolektahin pa ang mga bayani!",ผู้ที่ถูกเลือก! สู้ๆ ต่อไป รวบรวมฮีโร่ให้มากขึ้นนะ!,"Yang Terpilih! Teruslah berusaha, kumpulkan lebih banyak pahlawan!",,,,,,,,,,{width=6240;dx=0;height=2880;dy=0},,,,
1051,,,105,,all,11,,,,,,,,1,,,2,2,,,{y=100;x=0},login/new_character/xiaozhushou1.png,,,,,,,"Congratulations, you have unlocked the super equipment, let's check it out.","Chúc mừng bạn, đã mở khóa trang bị siêu phàm, chúng ta cùng đi xem nào.","Tahniah, anda telah membuka peralatan super, jom kita lihat.","Congratulations, you have unlocked the super equipment, let's check it out.","Binabati ka, nabuksan mo na ang super equipment, tara tingnan natin.",ขอแสดงความยินดีที่คุณปลดล็อกอุปกรณ์สุดยอด มาเช็คกันเถอะ,"Selamat, kamu telah membuka perlengkapan super, ayo kita lihat.",,,,,,,,,,,,,,
1052,,,105,,,,,,,1,,,,,,0.1,,,,,{y=100;x=-100},login/new_character/xiaozhushou.png,{y=300;x=-100},,,,,,Click here to enter the Hero Bag,Bấm vào đây để vào Túi Anh Hùng,Klik di sini untuk masuk ke Beg Wira,Click here to enter the Hero Bag,Pindutin dito para pumasok sa Bag ng Bayani,คลิกที่นี่เพื่อเข้าสู่กระเป๋าฮีโร่,Klik di sini untuk masuk ke Tas Pahlawan,,,<centerBottomPanel;actionList;cardBag>,,effect/shouyindao.skel,150,,,,,,,,
1053,,,105,,,,,,,,,,,,,0.1,,2,,,{y=400;x=0},login/new_character/xiaozhushou.png,{y=300;x=0},,,,,,Click here to enter the hero enhancement interface,Bấm vào đây để vào giao diện cường hóa anh hùng,Klik di sini untuk masuk ke antara muka peningkatan wira,Click here to enter the hero enhancement interface,Pindutin dito para pumasok sa interface ng pagpapalakas ng bayani,คลิกที่นี่เพื่อเข้าสู่หน้าจอเพิ่มพลังฮีโร่,Klik di sini untuk masuk ke antarmuka peningkatan pahlawan,,,<centerPanel;cardList;subList;cardItem1>,,effect/shouyindao.skel,,,,,,,,,
1054,,,105,,,,,,,,,,,,,0.1,,2,,,{y=400;x=-500},login/new_character/xiaozhushou.png,{y=300;x=-100},,,,,,Press here to open the Super Equipment interface,Nhấn vào đây để mở giao diện Trang bị Siêu phàm,Tekan di sini untuk membuka antara muka Peralatan Super,Press here to open the Super Equipment interface,Pindutin dito para buksan ang interface ng Super Equipment,กดที่นี่เพื่อเปิดหน้าจออุปกรณ์สุดยอด,Tekan di sini untuk membuka antarmuka Perlengkapan Super,,,<left;btnHeldItem>,,effect/shouyindao.skel,,,,,,,,,
1055,,,105,,,,,,,,,,,,,0.1,,,,,{y=200;x=250},login/new_character/xiaozhushou.png,{y=300;x=200},,,,,,Press here to equip super equipment,Nhấn vào đây để trang bị trang bị siêu việt,Tekan di sini untuk melengkapkan peralatan super,Press here to equip super equipment,Pindutin dito para isuot ang super equipment,กดที่นี่เพื่อสวมอุปกรณ์สุดยอด,Tekan di sini untuk melengkapi perlengkapan super,,,<right;btnDress>,,effect/shouyindao.skel,,,,,,,,,
1056,,,105,,,,,,,,,,,,,,2,2,,,{y=100;x=0},login/new_character/xiaozhushou1.png,,,,,,,"Super equipment can be upgraded to enhance effects for heroes, increasing their combat effectiveness.","Trang bị siêu phàm có thể được nâng cấp để tăng thêm hiệu ứng cho tướng, phát huy tác dụng trong chiến đấu.","Peralatan super boleh dinaik taraf untuk menambah kesan kepada wira, meningkatkan keberkesanan dalam pertarungan.","Super equipment can be upgraded to enhance effects for heroes, increasing their combat effectiveness.","Ang super equipment ay pwedeng i-upgrade para mapahusay ang epekto sa mga bayani, dagdagan ang kanilang bisa sa labanan.",อุปกรณ์สุดยอดสามารถอัปเกรดเพื่อเพิ่มผลของฮีโร่ เพิ่มประสิทธิภาพในการต่อสู้,"Perlengkapan super dapat ditingkatkan untuk menambah efek pada pahlawan, meningkatkan efektivitas bertarung.",,,,,,,,,,,,,,
1057,,,105,,,,,,,,,,,,,,2,2,,,{y=100;x=0},login/new_character/xiaozhushou1.png,,,,,,,"During your adventure, you can obtain various types of super equipment, remember to choose the right super equipment for the right heroes.","Trong cuộc phiêu lưu, bạn có thể nhận được nhiều loại trang bị siêu phàm khác nhau, hãy nhớ chọn trang bị siêu phàm phù hợp cho các anh hùng phù hợp nhé.","Semasa pengembaraan anda, anda boleh mendapat pelbagai jenis peralatan super, ingat untuk memilih peralatan super yang sesuai untuk wira yang sesuai.","During your adventure, you can obtain various types of super equipment, remember to choose the right super equipment for the right heroes.","Sa iyong pakikipagsapalaran, makakakuha ka ng iba't ibang uri ng super equipment, tandaan na piliin ang tamang super equipment para sa tamang bayani.",ในระหว่างการผจญภัย คุณจะได้รับอุปกรณ์สุดยอดหลายประเภท อย่าลืมเลือกอุปกรณ์ที่เหมาะสมกับฮีโร่นะ,"Selama petualanganmu, kamu bisa mendapatkan berbagai jenis perlengkapan super, ingatlah untuk memilih perlengkapan super yang tepat untuk pahlawan yang tepat.",,,,,,,,,,,,,,
1101,,,111,,all,12,,,,,,,,1,,,2,2,,,{y=100;x=0},login/new_character/xiaozhushou1.png,,,,,,,"Daily quests are now available, let's check them out.","Nhiệm vụ hàng ngày đã mở, chúng ta cùng xem nhé.","Misi harian kini dibuka, jom kita lihat.","Daily quests are now available, let's check them out.","Bukás na ang mga daily quest, tingnan natin.",เควสประจำวันได้เปิดแล้ว มาดูกันเถอะ,"Misi harian sudah dibuka, ayo kita lihat.",,,,,,,,,,,,,,
1102,,,111,,,,,,,1,,,,,,0.1,,2,,,{y=500;x=-350},login/new_character/xiaozhushou.png,{y=500;x=0},,,,,,Press here to enter the quest board,Nhấn vào đây để vào bảng nhiệm vụ,Tekan di sini untuk masuk ke papan misi,Press here to enter the quest board,Pindutin dito para pumasok sa quest board,กดที่นี่เพื่อเข้าสู่กระดานเควส,Tekan di sini untuk masuk ke papan misi,,,<centerBottomPanel;actionList;task>,,effect/shouyindao.skel,,,,,,,,,
1103,,,111,,,,,,,,,,,,,0.1,2,2,,,{y=100;x=0},login/new_character/xiaozhushou1.png,,,,,,,"Complete daily quests to level up quickly, don't forget!","Hoàn thành nhiệm vụ hàng ngày để tăng cấp nhanh chóng, đừng quên nhé.","Selesaikan misi harian untuk naik tahap dengan cepat, jangan lupa!","Complete daily quests to level up quickly, don't forget!","Tapusin ang mga daily quest para mabilis na mag-level up, huwag kalimutan!",ทำเควสประจำวันเพื่อเพิ่มเลเวลอย่างรวดเร็ว อย่าลืมเด็ดขาด!,"Selesaikan misi harian untuk naik level dengan cepat, jangan lupa ya!",,,,,,,,,,{width=6240;dx=0;height=2880;dy=0},,,,
1201,,,121,,city.view,12,,,,1,,,,1,,0.1,2,2,,,{y=100;x=0},login/new_character/xiaozhushou1.png,,,,,,,"Congratulations on receiving the ""Adventure Permit,"" let's see what it does!","Chúc mừng bạn đã nhận được ""Giấy phép phiêu lưu"", hãy cùng xem nó có tác dụng gì nhé!","Tahniah kerana menerima ""Permit Pengembaraan,"" jom kita lihat fungsinya!","Congratulations on receiving the ""Adventure Permit,"" let's see what it does!","Binabati ka sa pagtanggap ng ""Adventure Permit,"" tingnan natin kung ano ang gamit nito!","ขอแสดงความยินดีที่คุณได้รับ ""ใบอนุญาตผจญภัย"" มาดูกันว่ามันทำอะไรได้บ้าง!","Selamat telah menerima ""Izin Petualangan,"" mari lihat fungsinya!",,,,,,,,,,,,,,
1202,,,121,,,,,,,,,,,,,0.1,,2,,,{y=400;x=-100},login/new_character/xiaozhushou.png,{y=300;x=0},,,,,,"Press ""Nurture"" here to open the nurture list.","Nhấn vào ""Nuôi dưỡng"" ở đây để mở danh sách nuôi dưỡng.","Tekan ""Penjagaan"" di sini untuk membuka senarai penjagaan.","Press ""Nurture"" here to open the nurture list.","Pindutin ang ""Nurture"" dito para buksan ang listahan ng nurture.","กด ""บำรุง"" ที่นี่เพื่อเปิดรายชื่อบำรุง","Tekan ""Rawat"" di sini untuk membuka daftar perawatan.",,,<centerBottomPanel;actionList;develop>,,effect/shouyindao.skel,,,,,,,,,
1203,,,121,,,,,,,,,,,,,0.1,,2,,,{y=400;x=-100},login/new_character/xiaozhushou.png,{y=300;x=0},,,,,,Press here to open the Exploration Permit interface,Nhấn vào đây để mở giao diện Giấy phép Thám hiểm,Tekan di sini untuk membuka antara muka Permit Penjelajahan,Press here to open the Exploration Permit interface,Pindutin dito para buksan ang interface ng Exploration Permit,กดที่นี่เพื่อเปิดหน้าจอใบอนุญาตสำรวจ,Tekan di sini untuk membuka antarmuka Izin Penjelajahan,,,<developPanel;developList;listItem;trainer>,,effect/shouyindao.skel,,,,,,,,,
1204,,,121,,,,,,,,,,,,,,3,,,,,,,,,,,,,,,,,,,,,,,,,,,TRUE,,,,,
1205,,,121,,,,,,,,,,,,,,3,,,,,,,,,,,,,,,,,,,,,,,,,,,TRUE,,,,,
1206,,,121,,,,,,,,,,,,,0.1,,2,,,{y=150;x=-500},login/new_character/xiaozhushou.png,{y=300;x=0},,,,,,"You can upgrade skills to receive additional privileges, upgrade materials can be obtained through daily quests.","Có thể nâng cấp kỹ năng để nhận thêm đặc quyền, vật liệu nâng cấp có thể nhận được thông qua nhiệm vụ hàng ngày.","Boleh menaik taraf kemahiran untuk mendapatkan keistimewaan tambahan, bahan naik taraf boleh diperoleh melalui misi harian.","You can upgrade skills to receive additional privileges, upgrade materials can be obtained through daily quests.","Maaari mong i-upgrade ang mga kasanayan upang makatanggap ng karagdagang mga pribilehiyo, ang mga materyales sa pag-upgrade ay maaaring makuha sa pamamagitan ng mga pang-araw-araw na misyon.",สามารถอัปเกรดทักษะเพื่อรับสิทธิพิเศษเพิ่มเติม วัสดุอัปเกรดสามารถรับได้จากภารกิจรายวัน,"Anda dapat meningkatkan keterampilan untuk mendapatkan hak istimewa tambahan, bahan peningkatan dapat diperoleh melalui misi harian.",,,<bottomList;item2>,,,,,,TRUE,{width=670;dx=0;height=300;dy=0},,,,
1207,,,121,,,,,,,,,,,,,0.1,,2,,,{y=500;x=-100},login/new_character/xiaozhushou.png,{y=300;x=0},,,,,,"Upgrading skills grants experience, and when accumulated experience is full, you can upgrade privilege levels.","Nâng cao kỹ năng có thể nhận được kinh nghiệm, kinh nghiệm tích lũy đầy có thể nâng cấp bậc đặc quyền.","Menaik taraf kemahiran boleh memperoleh pengalaman, pengalaman terkumpul penuh boleh menaik taraf tahap keistimewaan.","Upgrading skills grants experience, and when accumulated experience is full, you can upgrade privilege levels.","Ang pag-upgrade ng kasanayan ay nagbibigay ng karanasan, kapag puno ang naipon na karanasan maaari mong i-upgrade ang antas ng pribilehiyo.",การอัปเกรดทักษะจะได้รับค่าประสบการณ์ เมื่อค่าประสบการณ์สะสมเต็มจะสามารถอัปเกรดระดับสิทธิพิเศษได้,"Meningkatkan keterampilan dapat memperoleh pengalaman, pengalaman yang terkumpul penuh dapat meningkatkan tingkat hak istimewa.",,,<slider>,,,,,,TRUE,{width=1720;dx=35;height=230;dy=70},,,,
1301,,,131,,city.view,15,,not finish(132),,,,,,1,,0.1,,,,,{y=400;x=-100},login/new_character/xiaozhushou.png,{y=300;x=-100},,,,,,New feature #C0xE77421#Arena#C0x5B545B# is now open.,Tính năng mới #C0xE77421#Đấu Trường#C0x5B545B# đã mở rồi đó.,Ciri baru #C0xE77421#Arena#C0x5B545B# telah dibuka.,New feature #C0xE77421#Arena#C0x5B545B# is now open.,Bagong tampok #C0xE77421#Arena#C0x5B545B# ay bukas na.,ฟีเจอร์ใหม่ #C0xE77421#สนามประลอง#C0x5B545B# เปิดให้บริการแล้ว,Fitur baru #C0xE77421#Arena#C0x5B545B# telah dibuka.,,,,,,,,,,,,,,
1302,,,131,,,,,,,,,,,,,0.1,,,,,{y=400;x=-100},login/new_character/xiaozhushou.png,{y=300;x=-100},,,,,,Click here to enter the arena selection interface,Nhấn vào đây để vào giao diện chọn đấu trường,Klik di sini untuk masuk ke antara muka pemilihan arena,Click here to enter the arena selection interface,I-click dito upang pumunta sa interface ng pagpili ng arena,คลิกที่นี่เพื่อเข้าสู่หน้าเลือกสนามประลอง,Klik di sini untuk masuk ke antarmuka pemilihan arena,,,<rightBottomPanel;btnPvp>,,effect/shouyindao.skel,180,,,,,,,,
1303,,,131,,,,,,,1,,,,,,0.4,,2,,,{y=400;x=0},login/new_character/xiaozhushou.png,{y=300;x=-100},,,,,,You can click here to enter the arena,Từ đây có thể nhấp để vào đấu trường,Dari sini boleh klik untuk masuk ke arena,You can click here to enter the arena,Mula dito ay maaaring i-click upang pumasok sa arena,จากที่นี่สามารถคลิกเพื่อเข้าสู่สนามประลอง,Dari sini dapat diklik untuk masuk ke arena,,,<pvpList;arena>,,effect/shouyindao.skel,,,,,,,,,
1311,,,132,,city.pvp.arena.view,15,,,,,,,,,,0.1,,,,,{y=400;x=-100},login/new_character/xiaozhushou.png,{y=300;x=-100},,,,,,"Hello, welcome to the arena.","Xin chào, hoan nghênh đến với đấu trường.","Halo, selamat datang ke arena.","Hello, welcome to the arena.","Kamusta, maligayang pagdating sa arena.",สวัสดี ยินดีต้อนรับสู่สนามประลอง,"Halo, selamat datang di arena.",,,,,,,,,,,,,,
1312,,,132,,,,,,,,,,,,,0.1,,,,,{y=400;x=-100},login/new_character/xiaozhushou.png,{y=300;x=-100},,,,,,You can challenge players in the arena to increase your ranking,Có thể thách đấu người chơi trong đấu trường để tăng thứ hạng,Boleh mencabar pemain dalam arena untuk meningkatkan kedudukan,You can challenge players in the arena to increase your ranking,Maaari mong hamunin ang mga manlalaro sa arena upang mapataas ang ranggo,สามารถท้าผู้เล่นในสนามประลองเพื่อเพิ่มอันดับ,Anda dapat menantang pemain di arena untuk meningkatkan peringkat,,,,,,,,,,,,,,
1313,,,132,,,,,,,,,,,,,0.1,,,,,{y=400;x=-100},login/new_character/xiaozhushou.png,{y=300;x=200},,,,,,"This is the ranking rewards page, you can view and claim rewards here after rank changes","Đây là trang phần thưởng xếp hạng, bạn có thể xem và nhận phần thưởng tại đây sau khi thứ hạng thay đổi","Ini adalah halaman ganjaran kedudukan, anda boleh melihat dan menerima ganjaran di sini selepas kedudukan berubah","This is the ranking rewards page, you can view and claim rewards here after rank changes","Ito ang pahina ng mga gantimpala sa ranggo, maaari mong tingnan at kunin ang mga gantimpala dito pagkatapos magbago ang ranggo",นี่คือหน้ารางวัลอันดับ คุณสามารถดูและรับรางวัลได้ที่นี่หลังจากอันดับมีการเปลี่ยนแปลง,"Ini adalah halaman hadiah peringkat, Anda dapat melihat dan menerima hadiah di sini setelah peringkat berubah",,,<top.rightUp.btnRankReward>,,,,{y=-20;x=20},,TRUE,{width=200;dx=0;height=200;dy=-20},,,,
1314,,,132,,,,,,,,,,,,,,,,,,{y=400;x=-100},login/new_character/xiaozhushou.png,{y=300;x=200},,,,,,"You can see the point accumulation rewards here. Whether you win or lose, you earn points by participating in challenges. When you reach a certain number of points, you will receive rewards.","Bạn có thể xem phần thưởng tích điểm ở đây. Dù thắng hay thua, bạn đều nhận được điểm khi tham gia thử thách. Khi đạt đủ số điểm nhất định, bạn sẽ nhận được phần thưởng.","Anda boleh melihat ganjaran pengumpulan mata di sini. Sama ada menang atau kalah, anda akan mendapat mata apabila menyertai cabaran. Apabila mencapai jumlah mata tertentu, anda akan menerima ganjaran.","You can see the point accumulation rewards here. Whether you win or lose, you earn points by participating in challenges. When you reach a certain number of points, you will receive rewards.","Maaari mong makita ang mga gantimpala ng pag-ipon ng puntos dito. Manalo ka man o matalo, makakakuha ka ng puntos sa pagsali sa mga hamon. Kapag naabot mo ang isang tiyak na bilang ng puntos, makakatanggap ka ng mga gantimpala.",คุณสามารถดูรางวัลสะสมคะแนนที่นี่ ไม่ว่าจะชนะหรือแพ้ คุณจะได้รับคะแนนเมื่อเข้าร่วมท้าทาย เมื่อสะสมคะแนนถึงจำนวนที่กำหนดจะได้รับรางวัล,"Anda dapat melihat hadiah pengumpulan poin di sini. Baik menang atau kalah, Anda akan mendapatkan poin saat berpartisipasi dalam tantangan. Ketika mencapai jumlah poin tertentu, Anda akan menerima hadiah.",,,<top.rightUp.btnScoreReward>,,,,{y=-20;x=20},,TRUE,{width=200;dx=0;height=200;dy=-20},,,,
1315,,,132,,,,,,,,,,,,,,,2,,,{y=400;x=-100},login/new_character/xiaozhushou.png,{y=300;x=200},,,,,,You can also click here to switch the display image in the arena,Bạn cũng có thể nhấp vào đây để chuyển đổi hình ảnh hiển thị trong đấu trường,Anda juga boleh klik di sini untuk menukar imej paparan dalam arena,You can also click here to switch the display image in the arena,Maaari ka ring mag-click dito upang palitan ang display na larawan sa arena,คุณยังสามารถคลิกที่นี่เพื่อเปลี่ยนภาพแสดงผลในสนามประลอง,Anda juga dapat mengklik di sini untuk mengganti gambar tampilan di arena,,,<top.leftUp.head.imgTouxiang>,,,,,,TRUE,{width=250;dx=0;height=250;dy=0},,,,
1316,,,132,,,,,,,1,,,,,,,,2,,,{y=400;x=-100},login/new_character/xiaozhushou.png,{y=300;x=200},,,,,,Here you can set up your defense lineup,Ở đây bạn có thể thiết lập đội hình phòng thủ của mình,Di sini anda boleh menetapkan barisan pertahanan anda,Here you can set up your defense lineup,Dito maaari mong itakda ang iyong depensang lineup,ที่นี่คุณสามารถตั้งค่าทีมป้องกันของคุณ,Di sini Anda dapat mengatur formasi pertahanan Anda,,,<leftDown;btnReset>,,,,,,TRUE,,,,,
1331,,,133,,city.pvp.arena.view,15,,finish(132),,,,,,,,0.1,,,,,{y=400;x=-100},login/new_character/xiaozhushou.png,{y=300;x=200},,,,,,"So, let’s start your glorious battle!","Vậy thì, hãy bắt đầu trận chiến vinh quang của bạn đi!","Jadi, mari mulakan perjuangan gemilang anda!","So, let’s start your glorious battle!","Kaya, simulan na ang iyong maringal na labanan!",งั้นมาเริ่มการต่อสู้แห่งความรุ่งโรจน์ของคุณกันเถอะ!,Mari mulai pertempuran kejayaan Anda!,,,,,,,,,,,,,,
1332,,,133,,,,,,,,,,,,,0.1,,2,,,{y=400;x=-100},login/new_character/xiaozhushou.png,{y=300;x=200},,,,,,"You can click here to view detailed information about opponents before challenging, better to prepare in advance.","Bạn có thể nhấp vào đây để xem thông tin chi tiết về đối thủ trước khi thách đấu, chuẩn bị trước sẽ tốt hơn.","Anda boleh klik di sini untuk melihat maklumat terperinci tentang lawan sebelum mencabar, persiapan awal lebih baik.","You can click here to view detailed information about opponents before challenging, better to prepare in advance.","Maaari kang mag-click dito upang tingnan ang detalyadong impormasyon tungkol sa mga kalaban bago hamunin, mas mabuting maghanda nang maaga.",คุณสามารถคลิกที่นี่เพื่อดูข้อมูลรายละเอียดของคู่ต่อสู้ก่อนท้าเตรียมตัวล่วงหน้าจะดีกว่า,"Anda dapat mengklik di sini untuk melihat informasi detail tentang lawan sebelum menantang, persiapan sebelumnya lebih baik.",,,<list;item11;panel>,,,,,,TRUE,{width=500;dx=0;height=660;dy=70},,,,
1333,,,133,,,,,,,1,,,,,,0.1,,2,,,{y=400;x=-100},login/new_character/xiaozhushou.png,{y=300;x=200},,,,,,"So, good luck!","Vậy thì, chúc bạn may mắn!","Jadi, semoga berjaya!","So, good luck!","Kaya, good luck!",งั้นขอให้โชคดี!,"Jadi, semoga beruntung!",,,,,,,,,,,,,,
1351,,,135,,city.view,18,,,,,,,,1,,0.1,,,,,{y=400;x=-100},login/new_character/xiaozhushou.png,{y=300;x=-100},,,,,,New feature #C0xE77421#Daily Dungeon#C0x5B545B# is now open.,Tính năng mới #C0xE77421#Phó bản thường ngày #C0x5B545B#đã mở rồi đó nha.,Ciri baru #C0xE77421#Misi Harian #C0x5B545B# telah dibuka.,New feature #C0xE77421#Daily Dungeon#C0x5B545B# is now open.,Bagong tampok #C0xE77421#Araw-araw na Dungeon#C0x5B545B# ay bukas na.,ฟีเจอร์ใหม่ #C0xE77421#ดันเจี้ยนประจำวัน #C0x5B545B# เปิดให้บริการแล้ว,Fitur baru #C0xE77421#Dungeon Harian#C0x5B545B# telah dibuka.,,,,,,,,,,,,,,
1352,,,135,,,,,,,,,,,,,0.1,,,,,{y=400;x=-100},login/new_character/xiaozhushou.png,{y=300;x=-100},,,,,,Click here to enter the adventure selection interface,Bấm vào đây để vào giao diện lựa chọn phiêu lưu,Klik di sini untuk masuk ke antara muka pilihan pengembaraan,Click here to enter the adventure selection interface,I-click dito upang pumunta sa interface ng pagpili ng pakikipagsapalaran,คลิกที่นี่เพื่อเข้าสู่หน้าเลือกผจญภัย,Klik di sini untuk masuk ke antarmuka pilihan petualangan,,,<rightBottomPanel;btnAdventure>,,effect/shouyindao.skel,180,,,,,,,,
1353,,,135,,,,,,,1,,,,,,0.4,,2,,,{y=400;x=0},login/new_character/xiaozhushou.png,{y=300;x=-100},,,,,,You can click here to enter the daily dungeon.,Từ đây có thể nhấp để vào phó bản hàng ngày.,Dari sini boleh klik untuk masuk ke misi harian.,You can click here to enter the daily dungeon.,Mula dito ay maaaring i-click upang pumasok sa araw-araw na dungeon.,จากที่นี่สามารถคลิกเพื่อเข้าสู่ดันเจี้ยนประจำวัน,Dari sini dapat diklik untuk masuk ke dungeon harian.,,,<list;activityGate>,,effect/shouyindao.skel,,,,,,,,,
1354,,,135,,,,,,,,,,,,,0.2,,2,,,{y=400;x=0},login/new_character/xiaozhushou.png,{y=300;x=-100},,,,,,Click here to enter the Gold dungeon,Nhấn vào đây để vào phó bản Vàng,Klik di sini untuk masuk ke misi Emas,Click here to enter the Gold dungeon,I-click dito upang pumasok sa Gintong dungeon,คลิกที่นี่เพื่อเข้าสู่ดันเจี้ยนทอง,Klik di sini untuk masuk ke dungeon Emas,,,<list;item1>,,effect/shouyindao.skel,,,,,,,,,
1355,,,135,,,,,,,,,,,,,0.2,,,,,{y=400;x=-100},login/new_character/xiaozhushou.png,{y=300;x=-100},,,,,,Here you can challenge monsters to get a large amount of gold.,Ở đây có thể khiêu chiến quái vật để nhận được lượng lớn tiền vàng.,Di sini boleh mencabar raksasa untuk mendapatkan sejumlah besar emas.,Here you can challenge monsters to get a large amount of gold.,Dito maaari kang humamon ng mga halimaw upang makakuha ng malaking halaga ng ginto.,ที่นี่สามารถท้าปีศาจเพื่อรับทองจำนวนมาก,Di sini dapat menantang monster untuk mendapatkan sejumlah besar emas.,,,,,,,,,,,,,,
1356,,,135,,,,,,,,,,,,,,,,,,{y=400;x=-100},login/new_character/xiaozhushou.png,{y=300;x=-100},,,,,,"The more damage you deal to enemies, the greater the rewards you receive.","Gây càng nhiều sát thương lên kẻ địch, phần thưởng nhận được càng lớn.","Semakin banyak kerosakan yang diberikan kepada musuh, ganjaran yang diterima semakin besar.","The more damage you deal to enemies, the greater the rewards you receive.","Kapag mas malaki ang pinsalang ginawa mo sa mga kalaban, mas malaki ang gantimpalang matatanggap mo.",ยิ่งสร้างความเสียหายมาก รางวัลที่ได้รับก็ยิ่งมาก,"Semakin banyak kerusakan yang diberikan kepada musuh, semakin besar hadiah yang diterima.",,,,,,,,,,,,,,
1357,,,135,,,,,,,,,,,,,,,,,,{y=400;x=-100},login/new_character/xiaozhushou.png,{y=300;x=-100},,,,,,Click here to start preparing for battle,Nhấn vào đây để bắt đầu chuẩn bị cho trận chiến,Klik di sini untuk mula bersedia untuk pertempuran,Click here to start preparing for battle,I-click dito upang simulan ang paghahanda para sa labanan,คลิกที่นี่เพื่อเริ่มเตรียมตัวสู่การต่อสู้,Klik di sini untuk mulai mempersiapkan pertarungan,,,<right;list;item1;btnChallenge>,,effect/shouyindao.skel,,,,,,,,,
1358,,,135,,,,,,,,,,,,,0.3,,,,,{y=400;x=-100},login/new_character/xiaozhushou.png,{y=300;x=-100},,,,,,"If ready, let’s start fighting.",Sẵn sàng rồi thì bắt đầu chiến đấu thôi.,"Jika sudah sedia, mari mula bertempur.","If ready, let’s start fighting.","Kung handa ka na, simulan na natin ang laban.",พร้อมแล้วก็เริ่มต่อสู้ได้เลย,"Jika sudah siap, mari mulai bertarung.",,,,,,,,,,,,,,
1401,,,141,,city.view,20,,not finish(142),,1,,,,1,,,,,,,{y=400;x=-100},login/new_character/xiaozhushou.png,{y=300;x=-100},,,,,,New feature #C0xE77421#Guild#C0x5B545B# is now open!,Tính năng mới #C0xE77421#Công hội#C0x5B545B# đã được mở!,Ciri baru #C0xE77421#Kesatuan#C0x5B545B# telah dibuka!,New feature #C0xE77421#Guild#C0x5B545B# is now open!,Bagong tampok #C0xE77421#Guild#C0x5B545B# ay bukas na!,ฟีเจอร์ใหม่ #C0xE77421#กิลด์#C0x5B545B# เปิดให้บริการแล้ว!,Fitur baru #C0xE77421#Guild#C0x5B545B# telah dibuka!,,,,,,,,,,,,,,
1402,,,141,,,,,,,,,,,,,0.1,,2,,,{y=400;x=0},login/new_character/xiaozhushou.png,{y=300;x=0},,,,,,Click here to open the guild list,Bấm vào đây để mở danh sách bang hội,Klik di sini untuk membuka senarai kesatuan,Click here to open the guild list,I-click dito upang buksan ang listahan ng guild,คลิกที่นี่เพื่อเปิดรายชื่อกิลด์,Klik di sini untuk membuka daftar guild,,,<leftPanel;list;union>,,effect/shouyindao.skel,,,,,,,,,
1403,,,141,,,,,,,,,,,,,,,,,,{y=400;x=-100},login/new_character/xiaozhushou.png,{y=300;x=-100},,,,,,"You can find some guilds to join here, one person can register up to 3 guilds simultaneously.","Bạn có thể tìm thấy một số bang hội để tham gia ở đây, một người có thể đăng ký tối đa 3 bang hội cùng lúc nhé.","Anda boleh mencari beberapa kesatuan untuk sertai di sini, seseorang boleh mendaftar sehingga 3 kesatuan pada masa yang sama.","You can find some guilds to join here, one person can register up to 3 guilds simultaneously.","Makakahanap ka ng ilang mga guild upang salihan dito, ang isang tao ay maaaring magrehistro ng hanggang 3 guild nang sabay-sabay.",คุณสามารถหากิลด์บางแห่งเพื่อเข้าร่วมได้ที่นี่ หนึ่งคนสามารถสมัครได้สูงสุด 3 กิลด์พร้อมกัน,"Anda dapat menemukan beberapa guild untuk bergabung di sini, satu orang dapat mendaftar hingga 3 guild secara bersamaan.",,,,,,,,,,,,,,
1404,,,141,,,,,,,,,,,,,,,,,,{y=400;x=-100},login/new_character/xiaozhushou.png,{y=300;x=-100},,,,,,"If you want to quickly find a clan, you can click Quick Join to directly join a suitable guild.","Nếu muốn nhanh chóng tìm được một gia tộc, bạn có thể bấm vào Tham gia nhanh để trực tiếp gia nhập một bang hội phù hợp.","Jika ingin cepat mencari sebuah klan, anda boleh klik Sertai Pantas untuk terus menyertai kesatuan yang sesuai.","If you want to quickly find a clan, you can click Quick Join to directly join a suitable guild.","Kung gusto mong mabilis makahanap ng isang klan, maaari kang mag-click ng Quick Join upang direktang sumali sa isang angkop na guild.",ถ้าต้องการหากลุ่มอย่างรวดเร็ว สามารถคลิก เข้าร่วมด่วน เพื่อเข้ากิลด์ที่เหมาะสมทันที,"Jika ingin cepat menemukan sebuah klan, Anda dapat klik Bergabung Cepat untuk langsung bergabung dengan guild yang sesuai.",,,<down;btnJoin>,,,,,,TRUE,,,,,
1405,,,141,,,,,,,,,,,,,,,,,,{y=400;x=-100},login/new_character/xiaozhushou.png,{y=300;x=-100},,,,,,"If you don’t have a guild or haven’t found one to join yet, you can click Create Guild to make one yourself.","Nếu hiện tại bạn chưa có công hội, hoặc chưa tìm được công hội muốn gia nhập, bạn có thể nhấn vào Tạo Công Hội để tự mình tạo một cái.","Jika anda belum mempunyai kesatuan atau belum menemui kesatuan untuk sertai, anda boleh klik Buat Kesatuan untuk mencipta sendiri.","If you don’t have a guild or haven’t found one to join yet, you can click Create Guild to make one yourself.","Kung wala ka pang guild o hindi mo pa nahanap ang gustong salihan, maaari kang mag-click ng Create Guild upang gumawa ng sarili.",ถ้าคุณยังไม่มีหรือยังไม่เจอกิลด์ที่ต้องการเข้าร่วม สามารถคลิก สร้างกิลด์ เพื่อสร้างขึ้นเอง,"Jika saat ini Anda belum memiliki guild atau belum menemukan guild untuk bergabung, Anda dapat klik Buat Guild untuk membuat sendiri.",,,<down;btnCreate>,,,,,,TRUE,,,,,
1411,,,142,,city.union.view,20,,,,,,,,,,,,,,,{y=400;x=-100},login/new_character/xiaozhushou.png,{y=300;x=-100},,,,,,"Welcome to the guild interface, here you can grow and develop together with like-minded friends.","Chào mừng bạn đến với giao diện công hội, tại đây, bạn có thể cùng những người bạn có cùng chí hướng phát triển và lớn mạnh.","Selamat datang ke antara muka kesatuan, di sini anda boleh berkembang dan berkembang bersama-sama rakan yang mempunyai matlamat sama.","Welcome to the guild interface, here you can grow and develop together with like-minded friends.","Maligayang pagdating sa interface ng guild, dito maaari kang lumago at umunlad kasama ang mga kaibigang may parehong layunin.",ยินดีต้อนรับสู่หน้ากิลด์ ที่นี่คุณสามารถเติบโตและพัฒนาไปพร้อมกับเพื่อนที่มีเป้าหมายเดียวกัน,"Selamat datang di antarmuka guild, di sini Anda dapat tumbuh dan berkembang bersama teman-teman yang memiliki tujuan sama.",,,,,,,,,,,,,,
1412,,,142,,,,,,,,,,,,,,,2,,,{y=400;x=-100},login/new_character/xiaozhushou.png,{y=300;x=-100},,,,,,Here is the daily guild task information.,Ở đây có thông tin việc cần làm hàng ngày của bang hội.,Di sini ada maklumat tugas harian kesatuan.,Here is the daily guild task information.,Narito ang impormasyon tungkol sa araw-araw na gawain ng guild.,ที่นี่มีข้อมูลงานประจำวันที่ต้องทำของกิลด์,Di sini terdapat informasi tugas harian guild.,,,<leftUp>,,,,,,TRUE,{width=650;dx=20;height=400;dy=0},,,,
1413,,,142,,,,,,,,,,,,,,,2,,,{y=400;x=-100},login/new_character/xiaozhushou.png,{y=300;x=-100},,,,,,Click here to enter the Donation Center,Bấm vào đây để vào Trung tâm quyên góp,Klik di sini untuk masuk ke Pusat Derma,Click here to enter the Donation Center,Pindutin dito para pumasok sa Sentro ng Donasyon,กดที่นี่เพื่อเข้าสู่ศูนย์บริจาค,Klik di sini untuk masuk ke Pusat Donasi,,,<scrollBuilding;contribute>,,effect/shouyindao.skel,,,,,,,,,
1414,,,142,,,,,,,,,,,,,0.1,,,,,{y=700;x=-400},login/new_character/xiaozhushou.png,{y=300;x=-100},,,,,,Here you can view guild missions.,Ở đây có thể xem nhiệm vụ công hội.,Di sini anda boleh melihat misi kesatuan.,Here you can view guild missions.,Dito maaari mong tingnan ang mga misyon ng guild.,ที่นี่สามารถดูภารกิจของกิลด์ได้,Di sini Anda dapat melihat misi guild.,,,<contribList>,,,,,,TRUE,,,,,
1415,,,142,,,,,,,,,,,,,,,2,,,{y=400;x=-100},login/new_character/xiaozhushou.png,{y=300;x=-100},,,,,,Click here to go to the donation page,Bấm vào đây để đến trang quyên góp,Klik di sini untuk ke halaman derma,Click here to go to the donation page,Pindutin dito para pumunta sa pahina ng donasyon,กดที่นี่เพื่อไปยังหน้าบริจาค,Klik di sini untuk ke halaman donasi,,,<left;btnContrbute>,,effect/shouyindao.skel,,,,,,,,,
1416,,,142,,,,,,,1,,,,,,0.1,,,,,{y=600;x=-700},login/new_character/xiaozhushou.png,{y=300;x=-100},,,,,,"You can choose to spend a small amount of gold or diamonds to build the guild, while gaining guild experience and guild funds.","Bạn có thể chọn tiêu thụ một lượng nhỏ vàng hoặc kim cương để xây dựng bang hội, đồng thời nhận được kinh nghiệm bang hội và tiền bang hội.","Anda boleh memilih untuk menggunakan sejumlah kecil emas atau berlian untuk membina kesatuan, sambil menerima pengalaman dan wang kesatuan.","You can choose to spend a small amount of gold or diamonds to build the guild, while gaining guild experience and guild funds.","Maaari kang pumili na gumamit ng kaunting ginto o diyamante upang itayo ang guild, kasabay ng pagkuha ng karanasan at pondo ng guild.",คุณสามารถเลือกใช้ทองหรือเพชรจำนวนเล็กน้อยเพื่อสร้างกิลด์ พร้อมรับค่าประสบการณ์กิลด์และเงินกิลด์,"Anda dapat memilih menggunakan sejumlah kecil emas atau berlian untuk membangun guild, sekaligus mendapatkan pengalaman dan dana guild.",,,<contribInfoList>,,,,,,TRUE,,,,,
1421,,,143,,city.union.view,20,,finish(142),,,,,,,,,,,,,{y=400;x=-100},login/new_character/xiaozhushou.png,{y=300;x=-100},,,,,,Click here to enter the Red Packet page,Nhấn vào đây để vào trang lì xì,Klik di sini untuk masuk ke halaman angpao,Click here to enter the Red Packet page,Pindutin dito para pumunta sa pahina ng pulang sobre,กดที่นี่เพื่อเข้าสู่หน้าซองแดง,Klik di sini untuk masuk ke halaman angpao,,,<redpacket>,,effect/shouyindao.skel,,,,,,,,,
1422,,,143,,,,,,,,,,,,,0.3,,,,,{y=600;x=-700},login/new_character/xiaozhushou.png,{y=300;x=-100},,,,,,"Here are red packets the guild can receive daily, but the quantity is limited, hurry before they run out.","Ở đây có (hồng bao) mà bang hội có thể nhận mỗi ngày, nhưng số lượng có hạn, nhanh tay thì còn, chậm tay thì hết đó.","Di sini terdapat angpao yang boleh diterima oleh kesatuan setiap hari, tetapi jumlahnya terhad, cepat-cepatlah sebelum habis.","Here are red packets the guild can receive daily, but the quantity is limited, hurry before they run out.","Narito ang mga pulang sobre na maaaring matanggap ng guild araw-araw, ngunit limitado ang dami, magmadali bago maubos.",ที่นี่มีกล่องซองแดงที่กิลด์จะได้รับทุกวัน แต่จำนวนจำกัด รีบหน่อยก่อนหมด,"Di sini terdapat angpao yang bisa diterima guild setiap hari, tapi jumlahnya terbatas, cepat sebelum habis.",,,<list1>,,,,,,TRUE,,,,,
1423,,,143,,,,,,,,,,,,,,,,,,{y=400;x=-100},login/new_character/xiaozhushou.png,{y=300;x=-100},,,,,,"Participate in building the guild, after guild upgrades the value and number of red packets can increase.","Tham gia xây dựng công hội, sau khi công hội nâng cấp có thể tăng giá trị và số lượng hồng bao nhé.","Sertai membina kesatuan, selepas kesatuan naik taraf boleh meningkatkan nilai dan jumlah angpao.","Participate in building the guild, after guild upgrades the value and number of red packets can increase.","Sumali sa pagtatayo ng guild, pagkatapos ng pag-upgrade ng guild, maaaring tumaas ang halaga at bilang ng mga pulang sobre.",เข้าร่วมสร้างกิลด์ หลังจากกิลด์อัปเกรดแล้วจะเพิ่มมูลค่าและจำนวนซองแดง,"Ikut serta membangun guild, setelah guild naik level nilai dan jumlah angpao bisa bertambah.",,,,,,,,,,,,,,
1424,,,143,,,,,,,,,,,,,,,3,,,{y=400;x=-100},login/new_character/xiaozhushou.png,{y=300;x=-100},,,,,,Click here to view red packets sent by teammates.,Nhấn vào đây để xem lì xì do đồng đội phát.,Klik di sini untuk melihat angpao yang diedarkan oleh rakan sepasukan.,Click here to view red packets sent by teammates.,Pindutin dito para tingnan ang mga pulang sobre na ipinamahagi ng mga kasamahan.,กดที่นี่เพื่อดูซองแดงที่เพื่อนร่วมทีมแจก,Klik di sini untuk melihat angpao yang dibagikan oleh rekan tim.,,,<leftList;tab2;btnClick>,,,,,,TRUE,,,,,
1425,,,143,,,,,,,,,,,,,,,3,,,{y=400;x=-100},login/new_character/xiaozhushou.png,{y=300;x=-100},,,,,,"Here are red packets you can send, sending red packets does not cost money.","Ở đây có bao lì xì bạn có thể phát, phát lì xì không tốn tiền đâu nhé.","Di sini ada angpao yang boleh anda edarkan, mengedarkan angpao tidak memerlukan wang.","Here are red packets you can send, sending red packets does not cost money.","Narito ang mga pulang sobre na maaari mong ipamahagi, ang pamamahagi ng pulang sobre ay hindi gumagastos ng pera.",ที่นี่มีซองแดงที่คุณสามารถแจกได้ การแจกซองแดงไม่เสียเงิน,"Di sini ada angpao yang bisa Anda bagikan, membagikan angpao tidak mengeluarkan biaya.",,,<leftList;tab3;btnClick>,,,,,,TRUE,,,,,
1426,,,143,,,,,,,1,,,,,,,,3,,,{y=400;x=-100},login/new_character/xiaozhushou.png,{y=300;x=-100},,,,,,"If you don’t have any red packets to send, you can click here to learn how to get them.","Nếu bạn chưa có lì xì nào để phát, bạn có thể nhấp vào đây để xem cách nhận lì xì.","Jika anda belum ada angpao untuk diedarkan, anda boleh klik di sini untuk melihat cara mendapat angpao.","If you don’t have any red packets to send, you can click here to learn how to get them.","Kung wala kang pulang sobre na maipamahagi, maaari kang pumindot dito para malaman kung paano kumuha ng mga ito.",ถ้าคุณยังไม่มีซองแดงให้แจก คุณสามารถกดที่นี่เพื่อดูวิธีรับซองแดง,"Jika Anda belum punya angpao untuk dibagikan, Anda dapat klik di sini untuk melihat cara mendapatkannya.",,,<leftList;tab4;btnClick>,,,,,,TRUE,,,,,
1501,,,151,,city.view,24,,,,1,,,,1,,0.1,2,2,,,{y=100;x=0},login/new_character/xiaozhushou1.png,,,,,,,"Greetings Tianxuan Heroes, the growth path has opened, you can start challenging!","Thân ái các Thiên Tuyển Giả, con đường trưởng thành đã mở ra, có thể tiến hành khiêu chiến!","Salam rakan-rakan Tianxuan, jalan pertumbuhan telah dibuka, boleh mula mencabar!","Greetings Tianxuan Heroes, the growth path has opened, you can start challenging!","Pagbati mga Tianxuan bayani, bukas na ang landas ng paglago, maaari ka nang magsimulang maghamon!",สวัสดีเหล่าวีรบุรุษเทียนซวน เส้นทางการเติบโตได้เปิดขึ้นแล้ว คุณสามารถเริ่มท้าทายได้!,"Salam para pahlawan Tianxuan, jalur pertumbuhan sudah dibuka, bisa mulai menantang!",,,,,,,,,,,,,,
1502,,,151,,,,,,,,,,,,,,,,,,{y=400;x=0},login/new_character/xiaozhushou.png,{y=300;x=0},,,,,,"Please click here to enter ""Adventure""","Vui lòng nhấn vào đây để vào ""Phiêu lưu""","Sila klik di sini untuk masuk ke ""Pengembaraan""","Please click here to enter ""Adventure""","Paki-click dito para pumasok sa ""Pakikipagsapalaran""","กรุณากดที่นี่เพื่อเข้าสู่ ""ผจญภัย""","Silakan klik di sini untuk masuk ke ""Petualangan""",,,<rightBottomPanel;btnAdventure>,,effect/shouyindao.skel,,,,,,,,,
1503,,,151,,,,,,,,,,,,,0.4,,,,,{y=400;x=-600},login/new_character/xiaozhushou.png,{y=300;x=0},,,,,,"Click here to enter ""Growth Path""","Bấm vào đây để vào ""Con đường trưởng thành""","Klik di sini untuk masuk ke ""Jalan Pertumbuhan""","Click here to enter ""Growth Path""","Pindutin dito para pumasok sa ""Landas ng Paglago""","กดที่นี่เพื่อเข้าสู่ ""เส้นทางการเติบโต""","Klik di sini untuk masuk ke ""Jalur Pertumbuhan""",,,<list;endlessTower>,,effect/shouyindao.skel,,,,,,,,,
1504,,,151,,,,,,,,,,,,,,,2,,,{y=400;x=0},login/new_character/xiaozhushou.png,{y=300;x=0},,,,,,Displays stages that can be challenged here,Hiển thị các màn có thể thử thách tại đây,Paparkan tahap yang boleh dicabar di sini,Displays stages that can be challenged here,Ipinapakita dito ang mga yugto na maaaring hamunin,แสดงด่านที่สามารถท้าทายได้ที่นี่,Menampilkan tahapan yang bisa ditantang di sini,,,<scroll;gate1;baseNode>,,,,,,TRUE,,,,,
1505,,,151,,,,,,,,,,,,,,,,,,{y=400;x=0},login/new_character/xiaozhushou.png,{y=300;x=0},,,,,,"Each day you have one chance to refresh the stage, after refreshing it returns to the original stage state.","Mỗi ngày có một lần cơ hội làm mới màn chơi, sau khi làm mới sẽ về trạng thái màn chơi ban đầu.","Setiap hari ada satu peluang untuk menyegarkan tahap, selepas segar akan kembali ke keadaan asal tahap.","Each day you have one chance to refresh the stage, after refreshing it returns to the original stage state.","Bawat araw may isang pagkakataon kang i-refresh ang yugto, pagkatapos mag-refresh ay babalik sa orihinal na estado ng yugto.",ทุกวันมีโอกาสรีเฟรชด่าน 1 ครั้ง หลังรีเฟรชจะกลับสู่สถานะเดิมของด่าน,"Setiap hari Anda memiliki satu kesempatan untuk menyegarkan tahapan, setelah segar akan kembali ke kondisi awal tahapan.",,,<rightDown;btnReset>,,,,,,TRUE,,,,,
1506,,,151,,,,,,,,,,,,,,,,,,{y=400;x=0},login/new_character/xiaozhushou.png,{y=300;x=0},,,,,,"After the stage is initialized, you can use quick sweep function to skip to the current max challenge stage.","Sau khi màn chơi được khởi tạo, có thể sử dụng tính năng quét nhanh để vượt qua đến màn chơi thử thách tối đa hiện tại.","Selepas tahap dimulakan, boleh menggunakan fungsi imbas cepat untuk melewati ke tahap cabaran maksimum sekarang.","After the stage is initialized, you can use quick sweep function to skip to the current max challenge stage.","Pagkatapos ma-setup ang yugto, maaari mong gamitin ang mabilis na sweep para makalaktaw sa kasalukuyang pinakamataas na yugto ng hamon.",หลังจากเริ่มด่านแล้ว คุณสามารถใช้ฟังก์ชันสแกนเร็วเพื่อข้ามไปยังด่านท้าทายสูงสุดในปัจจุบัน,"Setelah tahapan dimulai, Anda dapat menggunakan fungsi penyapuan cepat untuk melewati ke tahapan tantangan maksimal saat ini.",,,<rightDown;btnSweep>,,,,,,TRUE,,,,,
1507,,,151,,,,,,,,,,,,,,,2,,,{y=400;x=0},login/new_character/xiaozhushou.png,{y=300;x=0},,,,,,Now let’s click the first stage!,Bây giờ chúng ta hãy nhấp vào màn chơi đầu tiên nhé!,Sekarang mari klik tahap pertama!,Now let’s click the first stage!,"Ngayon, pindutin natin ang unang yugto!",ตอนนี้มาคลิกด่านแรกกันเถอะ!,Sekarang mari klik tahapan pertama!,,,<scroll;gate1;baseNode>,,effect/shouyindao.skel,,,,,,,,,
1601,,,161,,,26,,,,,,,,1,,,2,2,,,{y=100;x=0},login/new_character/xiaozhushou1.png,,,,,,,Jewelry draws can get star upgrade items that can greatly enhance jewelry attributes.,"Rút thăm trang sức có thể nhận được đạo cụ tăng sao, có thể tăng mạnh thuộc tính trang sức.","Undian barang kemas boleh mendapat alat peningkatan bintang, boleh meningkatkan atribut barang kemas dengan ketara.",Jewelry draws can get star upgrade items that can greatly enhance jewelry attributes.,"Ang pag-draw ng alahas ay maaaring makakuha ng mga item na nagpapataas ng bituin, na lubos na nagpapalakas sa mga katangian ng alahas.",การสุ่มเครื่องประดับสามารถได้รับไอเท็มเพิ่มดาวที่ช่วยเพิ่มคุณสมบัติของเครื่องประดับอย่างมาก,Undian perhiasan dapat memperoleh item peningkatan bintang yang bisa meningkatkan atribut perhiasan secara signifikan.,,,,,,,,,,,,,,
1602,,,161,,,,,,,1,,,,,,0.1,,2,,,{y=300;x=-200},login/new_character/xiaozhushou.png,{y=300;x=-200},,,,,,Click here to enter the draw interface.,Bấm vào đây để vào giao diện rút thăm.,Klik di sini untuk masuk ke antaramuka undian.,Click here to enter the draw interface.,Pindutin dito para pumasok sa interface ng pag-draw.,กดที่นี่เพื่อเข้าสู่หน้าเลือกสุ่ม,Klik di sini untuk masuk ke antarmuka undian.,,,<centerBottomPanel;actionList;drawCard>,,effect/shouyindao.skel,270,,,,,,,,
1603,,,161,,,,,,,,,,,,,0.1,,2,,,{y=300;x=-200},login/new_character/xiaozhushou.png,{y=300;x=-200},,,,,,Click here to open jewelry draw,Bấm vào đây để mở rút thăm trang sức,Klik di sini untuk buka undian barang kemas,Click here to open jewelry draw,Pindutin dito para buksan ang pag-draw ng alahas,กดที่นี่เพื่อเปิดการสุ่มเครื่องประดับ,Klik di sini untuk membuka undian perhiasan,,,<list;equip>,,effect/shouyindao.skel,270,,,,,,,,
1604,,,161,,,,,,,,,,,,,,2,2,,,{y=100;x=0},login/new_character/xiaozhushou1.png,,,,,,,"Each day you can draw jewelry once for free, don’t forget!","Mỗi ngày đều có thể rút thăm trang sức miễn phí một lần, đừng quên nhé!","Setiap hari boleh undi barang kemas sekali secara percuma, jangan lupa ya!","Each day you can draw jewelry once for free, don’t forget!","Bawat araw maaari kang mag-draw ng alahas nang libre nang isang beses, huwag kalimutan!",ทุกวันสามารถสุ่มเครื่องประดับฟรีได้หนึ่งครั้ง อย่าลืมนะ!,"Setiap hari dapat melakukan undian perhiasan gratis sekali, jangan lupa ya!",,,,,,,,,,,,,,
1605,,,161,,,,,,,,,,,,,,,2,,,{y=300;x=-200},login/new_character/xiaozhushou.png,{y=300;x=-200},,,,,,,,,,,,,,,<drawOnePanel>,,effect/shouyindao.skel,270,,,,,,,,
1701,,,171,,city.view,27,,,,1,,,,1,,,2,2,,,{y=100;x=0},login/new_character/xiaozhushou1.png,,,,,,,"Congratulations on successfully activating the cultivation system, let’s take a look together.  ","Chúc mừng bạn đã kích hoạt thành công hệ thống tu luyện, chúng ta cùng xem qua nhé.","Tahniah anda telah berjaya mengaktifkan sistem latihan, mari kita lihat bersama.  ","Congratulations on successfully activating the cultivation system, let’s take a look together.  ","Binabati kita sa matagumpay na pag-activate ng sistema ng paglinang, tingnan natin ito nang magkasama.  ",ขอแสดงความยินดีที่คุณได้เปิดใช้งานระบบฝึกฝนสำเร็จแล้ว มาดูกันเถอะ  ,"Selamat, Anda telah berhasil mengaktifkan sistem pelatihan, mari kita lihat bersama.  ",,,,,,,,,,,,,,
1702,,,171,,,,,,,,,,,,,0.1,,2,,,{y=200;x=-100},login/new_character/xiaozhushou.png,{y=300;x=0},,,,,,"Congratulations, you have successfully activated the cultivation system, press ""Nurture"".  ","Chúc mừng bạn, đã kích hoạt thành công hệ thống tu luyện, nhấn ""Bồi dưỡng"".","Tahniah, anda telah berjaya mengaktifkan sistem latihan, tekan ""Pemupukan"".  ","Congratulations, you have successfully activated the cultivation system, press ""Nurture"".  ","Binabati kita, matagumpay mong na-activate ang sistema ng paglinang, pindutin ang ""Pagsasanay"".  ","ขอแสดงความยินดี คุณได้เปิดใช้งานระบบฝึกฝนสำเร็จแล้ว กดที่ ""บำรุง""  ","Selamat, Anda telah berhasil mengaktifkan sistem pelatihan, tekan ""Pemeliharaan"".  ",,,<centerBottomPanel;actionList;develop>,,effect/shouyindao.skel,,,,,,,,,
1703,,,171,,,,,,,,,,,,,0.1,,2,,,{y=400;x=-100},login/new_character/xiaozhushou.png,{y=300;x=0},,,,,,"Press ""Cultivate"" to enter the function control panel.  ","Nhấn vào ""Tu luyện"" để vào bảng điều khiển chức năng.","Tekan ""Latihan"" untuk masuk ke papan kawalan fungsi.  ","Press ""Cultivate"" to enter the function control panel.  ","Pindutin ang ""Linangin"" upang pumasok sa control panel ng mga function.  ","กดที่ ""ฝึกฝน"" เพื่อเข้าสู่แผงควบคุมฟังก์ชัน  ","Tekan ""Latihan"" untuk masuk ke panel kontrol fungsi.  ",,,<developPanel;developList;listItem;talent>,,effect/shouyindao.skel,,,,,,,,,
1704,,,171,,,,,,,,,,,,,,2,2,,,{y=100;x=0},login/new_character/xiaozhushou1.png,,,,,,,"Cultivation points can be earned during adventures, cultivation points are used to level up cultivation, helping to enhance combat abilities.  ","Điểm tu luyện có thể nhận được trong quá trình mạo hiểm, điểm tu luyện dùng để tăng cấp tu luyện, giúp tăng cường khả năng chiến đấu.","Mata latihan boleh diperoleh semasa pengembaraan, mata latihan digunakan untuk menaikkan tahap latihan, membantu meningkatkan keupayaan bertarung.  ","Cultivation points can be earned during adventures, cultivation points are used to level up cultivation, helping to enhance combat abilities.  ","Ang mga puntos ng paglinang ay maaaring makuha habang naglalakbay, ang mga puntos ay ginagamit upang i-level up ang paglinang, na tumutulong upang mapahusay ang kakayahang makipaglaban.  ",คะแนนฝึกฝนสามารถรับได้ระหว่างผจญภัย คะแนนฝึกฝนใช้สำหรับการอัปเลเวลการฝึกฝน ช่วยเพิ่มความสามารถในการต่อสู้  ,"Poin latihan bisa didapatkan selama petualangan, poin latihan digunakan untuk menaikkan level pelatihan, membantu meningkatkan kemampuan bertarung.  ",,,,,,,,,,,,,,
1705,,,171,,,,,,,,,,,,,0.1,,2,,,{y=400;x=-100},login/new_character/xiaozhushou.png,{y=300;x=0},,,,,,Click here to open cultivation skills.  ,Nhấn vào đây để mở kỹ năng tu luyện,Tekan di sini untuk membuka kemahiran latihan.  ,Click here to open cultivation skills.  ,Pindutin dito upang buksan ang mga kasanayan sa paglinang.  ,กดที่นี่เพื่อเปิดสกิลฝึกฝน  ,Klik di sini untuk membuka keterampilan latihan.  ,,,<rightPanel;begin;btn>,,effect/shouyindao.skel,,,,,,,,,
1901,,,191,,city.view,30,,,,1,,,,1,,0.1,2,2,,,{y=100;x=0},login/new_character/xiaozhushou1.png,,,,,,,"Congratulations Tianxuan Hero, you can now assign heroes to perform tasks!  ","Chúc mừng Thiên Tuyển Giả, bạn hiện đã có thể ủy thác anh hùng đi làm nhiệm vụ rồi!","Tahniah Tianxuan, anda kini boleh menugaskan wira untuk menjalankan misi!  ","Congratulations Tianxuan Hero, you can now assign heroes to perform tasks!  ","Binabati kita Tianxuan Bayani, maaari mo nang i-assign ang mga bayani upang magsagawa ng mga gawain!  ",ขอแสดงความยินดี เหล่าวีรบุรุษเทียนซวน ตอนนี้คุณสามารถมอบหมายฮีโร่ไปทำภารกิจได้แล้ว!  ,"Selamat pahlawan Tianxuan, sekarang Anda bisa menugaskan pahlawan untuk menjalankan misi!  ",,,,,,,,,TRUE,,,,,
1902,,,191,,,,,,,,,,,,,,,,,,{y=400;x=-100},login/new_character/xiaozhushou.png,{y=300;x=0},,,,,,"Press to enter ""Adventure"".  ","Nhấn để vào ""Phiêu lưu""","Tekan untuk masuk ke ""Pengembaraan"".  ","Press to enter ""Adventure"".  ","Pindutin upang pumasok sa ""Pakikipagsapalaran"".  ","กดเพื่อเข้าสู่ ""ผจญภัย""  ","Tekan untuk masuk ke ""Petualangan"".  ",,,<rightBottomPanel;btnAdventure>,,effect/shouyindao.skel,,,,,,,,,
1903,,,191,,,,,,,,,,,,,0.4,,,,,{y=400;x=-100},login/new_character/xiaozhushou.png,{y=300;x=0},,,,,,"Click to select ""Dispatch"".  ","Bấm để chọn ""Phái cử""","Klik untuk memilih ""Penugasan"".  ","Click to select ""Dispatch"".  ","Pindutin upang pumili ng ""Pagpapadala"".  ","กดเพื่อเลือก ""มอบหมาย""  ","Klik untuk memilih ""Pengiriman"".  ",,,<list;dispatchTask>,,effect/shouyindao.skel,,,,,,,,,
1904,,,191,,,,,,,,,,,,,,2,2,,,{y=100;x=0},login/new_character/xiaozhushou1.png,,,,,,,"Tianxuan Hero can assign heroes to take on various missions, completing missions grants corresponding rewards.  ","Thiên Tuyển Giả có thể ủy phái anh hùng nhận các loại nhiệm vụ, hoàn thành nhiệm vụ có thể nhận được phần thưởng tương ứng","Tianxuan boleh menugaskan wira untuk menerima pelbagai jenis misi, menyelesaikan misi akan mendapat ganjaran yang sesuai.  ","Tianxuan Hero can assign heroes to take on various missions, completing missions grants corresponding rewards.  ","Maaaring i-assign ng Tianxuan Bayani ang mga bayani upang tanggapin ang iba't ibang misyon, kapag natapos ay makakakuha ng kaukulang gantimpala.  ",เหล่าวีรบุรุษเทียนซวนสามารถมอบหมายฮีโร่รับภารกิจต่างๆ การทำภารกิจสำเร็จจะได้รับรางวัลที่สอดคล้องกัน  ,"Pahlawan Tianxuan bisa menugaskan pahlawan untuk mengambil berbagai misi, menyelesaikan misi akan mendapatkan hadiah yang sesuai.  ",,,,,,,,,TRUE,,,,,
1905,,,191,,,,,,,,,,,,,,2,2,,,{y=100;x=0},login/new_character/xiaozhushou1.png,,,,,,,"Each mission has a corresponding quality, the higher the quality, the better the rewards.  ","Mỗi nhiệm vụ có phẩm chất tương ứng, phẩm chất càng cao phần thưởng càng tốt.","Setiap misi mempunyai kualiti yang berbeza, semakin tinggi kualiti semakin baik ganjarannya.  ","Each mission has a corresponding quality, the higher the quality, the better the rewards.  ","Ang bawat misyon ay may katumbas na kalidad, mas mataas ang kalidad mas maganda ang gantimpala.  ",แต่ละภารกิจมีคุณภาพแตกต่างกัน คุณภาพสูงรางวัลยิ่งดี  ,"Setiap misi memiliki kualitas yang berbeda, semakin tinggi kualitas semakin baik hadiahnya.  ",,,,,,,,,TRUE,,,,,
1906,,,191,,,,,,,,,,,,,,,,,,{y=400;x=-100},login/new_character/xiaozhushou.png,{y=300;x=0},,,,,,The mission board displays information and rewards for each mission.  ,Bảng nhiệm vụ hiển thị thông tin và phần thưởng tương ứng của nhiệm vụ.,Papan misi memaparkan maklumat dan ganjaran yang berkaitan.  ,The mission board displays information and rewards for each mission.  ,Ipinapakita ng board ng misyon ang impormasyon at gantimpala ng mga misyon.  ,กระดานภารกิจแสดงข้อมูลและรางวัลของภารกิจ  ,Papan misi menampilkan informasi dan hadiah dari setiap misi.  ,,,<list;item1>,,,,,,TRUE,,,,,
1907,,,191,,,,,,,,,,,,,,,,,,{y=400;x=-100},login/new_character/xiaozhushou.png,{y=300;x=0},,,,,,Press to select a mission and start dispatching tasks.  ,Nhấn để chọn nhiệm vụ và bắt đầu điều phối nhiệm vụ nhé.,Tekan untuk memilih misi dan mula mengatur misi.  ,Press to select a mission and start dispatching tasks.  ,Pindutin upang pumili ng misyon at simulan ang pag-assign ng mga gawain.  ,กดเพื่อเลือกภารกิจและเริ่มมอบหมายงาน  ,Tekan untuk memilih misi dan mulai mengatur tugas.  ,,,<list;item1>,,effect/shouyindao.skel,,,,,,,,,
2001,,,200,,city.view,33,,,,1,,,,1,,0.1,2,2,,,{y=100;x=0},login/new_character/xiaozhushou1.png,,,,,,,"Greetings chosen one, you have successfully unlocked the Beast Summon feature, let’s take a look!","Chào người được chọn, bạn đã mở thành công tính năng Thú Triệu Hồi, cùng xem qua nhé!","Salam kepada yang terpilih, anda telah berjaya membuka fungsi Panggilan Binatang, mari kita lihat!","Greetings chosen one, you have successfully unlocked the Beast Summon feature, let’s take a look!","Pagbati sa napili, matagumpay mong na-unlock ang tampok na Pagtawag ng Hayop, tingnan natin ito!",สวัสดีผู้ถูกเลือก คุณได้ปลดล็อกฟีเจอร์เรียกสัตว์แล้ว มาดูกันเถอะ!,"Salam sang terpilih, Anda telah berhasil membuka fitur Panggilan Binatang, mari kita lihat!",,,,,,,,,,,,,,
2002,,,200,,,,,,,,,,,,,0.1,,2,,,{y=0;x=400},login/new_character/xiaozhushou.png,{y=300;x=0},,,,,,"Press here to open ""Nurture""  ","Nhấn vào đây để mở ""Nuôi dưỡng""","Tekan di sini untuk membuka ""Pemeliharaan""  ","Press here to open ""Nurture""  ","Pindutin dito upang buksan ang ""Pag-aalaga""  ","กดที่นี่เพื่อเปิด ""การบำรุง""  ","Tekan di sini untuk membuka ""Pemeliharaan""  ",,,<centerBottomPanel;actionList;develop>,,effect/shouyindao.skel,,,,,,,,,
2003,,,200,,,,,,,,,,,,,0.1,,2,,,{y=0;x=400},login/new_character/xiaozhushou.png,{y=300;x=0},,,,,,"Click here to open ""Nurture""  ","Bấm vào đây để mở ""Nuôi dưỡng""","Klik di sini untuk membuka ""Pemeliharaan""  ","Click here to open ""Nurture""  ","I-click dito upang buksan ang ""Pag-aalaga""  ","คลิกที่นี่เพื่อเปิด ""การบำรุง""  ","Klik di sini untuk membuka ""Pemeliharaan""  ",,,<developPanel;developList;listItem;explore>,,effect/shouyindao.skel,,,,,,,,,
2004,,,200,,,,,,,,,,,,,0.1,2,2,,,{y=100;x=0},login/new_character/xiaozhushou1.png,,,,,,,Tianxuan Hero can activate and upgrade the Spirit Beast by collecting Spirit Beast shards. Let’s go treasure hunting to get these shards!  ,Thiên Tuyển Giả có thể kích hoạt và tăng cấp Thông Linh Thú bằng cách thu thập các mảnh ghép Thông Linh Thú. Hãy cùng nhau đi săn kho báu để có được các mảnh ghép này nhé!,Tianxuan boleh mengaktifkan dan menaik taraf Binatang Roh dengan mengumpul kepingan Binatang Roh. Mari kita berburu harta karun untuk mendapatkan kepingan ini!  ,Tianxuan Hero can activate and upgrade the Spirit Beast by collecting Spirit Beast shards. Let’s go treasure hunting to get these shards!  ,Maaaring i-activate at i-upgrade ng Tianxuan Bayani ang Spirit Beast sa pamamagitan ng pagkolekta ng mga piraso ng Spirit Beast. Tara na at maghanap ng kayamanan para makuha ang mga pirasong ito!  ,เหล่าวีรบุรุษเทียนซวนสามารถเปิดใช้งานและอัปเกรดสัตว์วิญญาณได้โดยการรวบรวมชิ้นส่วนสัตว์วิญญาณ มาออกล่าสมบัติเพื่อรับชิ้นส่วนเหล่านี้กันเถอะ!  ,Pahlawan Tianxuan dapat mengaktifkan dan meningkatkan Binatang Roh dengan mengumpulkan pecahan Binatang Roh. Mari berburu harta karun untuk mendapatkan pecahan ini!  ,,,,,,,,,,,,,,
2005,,,200,,,,,,,,,,,,,0.1,,2,,,{y=50;x=-50},login/new_character/xiaozhushou.png,{y=300;x=0},,,,,,"Press here to enter ""Spirit Beast""  ","Nhấn vào đây để vào ""Thông linh""","Tekan di sini untuk masuk ke ""Binatang Roh""  ","Press here to enter ""Spirit Beast""  ","Pindutin dito para pumasok sa ""Spirit Beast""  ","กดที่นี่เพื่อเข้าสู่ ""สัตว์วิญญาณ""  ","Tekan di sini untuk masuk ke ""Binatang Roh""  ",,,<upLeftPanel;btnFind>,,effect/shouyindao.skel,,,,,,,,,
2006,,,200,,,,,,,,,,,,,0.1,,2,,,{y=50;x=-50},login/new_character/xiaozhushou.png,{y=300;x=0},,,,,,"Click here to get a ""free spirit beast"" once  ","Bấm vào đây để được ""thông linh miễn phí"" một lần","Klik di sini untuk dapatkan ""binatang roh percuma"" sekali  ","Click here to get a ""free spirit beast"" once  ","I-click dito para makakuha ng ""libreng spirit beast"" isang beses  ","คลิกที่นี่เพื่อรับ ""สัตว์วิญญาณฟรี"" 1 ครั้ง  ","Klik di sini untuk mendapatkan ""binatang roh gratis"" sekali  ",,,<onePanel;btn>,,effect/shouyindao.skel,,,,,,,,,
2010,,,201,,city.develop.explorer.view,33,,,,1,,,,,,0.1,2,2,,,{y=100;x=0},login/new_character/xiaozhushou1.png,,,,,,,Press the corresponding components to activate and upgrade them.  ,Nhấn vào các thành phần tương ứng để kích hoạt và nâng cấp chúng.,Tekan pada komponen yang sesuai untuk mengaktifkan dan menaikkannya.  ,Press the corresponding components to activate and upgrade them.  ,Pindutin ang mga kaukulang bahagi upang i-activate at i-upgrade ang mga ito.  ,กดที่ส่วนประกอบที่เกี่ยวข้องเพื่อเปิดใช้งานและอัปเกรด  ,Tekan komponen yang sesuai untuk mengaktifkan dan meningkatkannya.  ,,,,,,,,,,,,,,
2011,,,201,,,,,,,,,,,,,0.1,,,,,{y=50;x=-800},login/new_character/xiaozhushou.png,{y=300;x=0},,,,,,Excess components can be decomposed here to get Spirit Beast Coins.  ,Các thành phần thừa có thể được phân giải tại đây để nhận Thông Linh Tệ.,Komponen berlebihan boleh diurai di sini untuk mendapatkan Syiling Binatang Roh.  ,Excess components can be decomposed here to get Spirit Beast Coins.  ,Ang sobrang bahagi ay maaaring i-decompose dito para makakuha ng Spirit Beast Coins.  ,ส่วนประกอบที่เหลือสามารถสลายที่นี่เพื่อรับเหรียญสัตว์วิญญาณ  ,Komponen berlebih dapat diurai di sini untuk mendapatkan Koin Binatang Roh.  ,,,<upLeftPanel;btnDecompose>,,,,,,TRUE,,,,,
2012,,,201,,,,,,,,,,,,,0.1,2,2,,,{y=100;x=0},login/new_character/xiaozhushou1.png,,,,,,,Spirit Beast Coins can be used to buy components that Tianxuan Hero needs in the shop.  ,Đồng Thông Linh có thể dùng để mua các thành phần mà Thiên Tuyển Giả cần trong cửa hàng.,Syiling Binatang Roh boleh digunakan untuk membeli komponen yang Tianxuan perlukan di kedai.  ,Spirit Beast Coins can be used to buy components that Tianxuan Hero needs in the shop.  ,Ang Spirit Beast Coins ay maaaring gamitin para bumili ng mga bahagi na kailangan ng Tianxuan Bayani sa tindahan.  ,เหรียญสัตว์วิญญาณสามารถใช้ซื้อส่วนประกอบที่เหล่าวีรบุรุษเทียนซวนต้องการในร้านค้า  ,Koin Binatang Roh dapat digunakan untuk membeli komponen yang dibutuhkan Pahlawan Tianxuan di toko.  ,,,,,,,,,,,,,,
2013,,,201,,,,,,,,,,,,,0.1,2,2,,,{y=100;x=0},login/new_character/xiaozhushou1.png,,,,,,,"Chosen one, continue your adventure!  ","Người được chọn, hãy tiếp tục cuộc phiêu lưu của bạn!","Yang terpilih, teruskan pengembaraan anda!  ","Chosen one, continue your adventure!  ","Pinili, ipagpatuloy ang iyong paglalakbay!  ",ท่านผู้ถูกเลือก กรุณาสานต่อการผจญภัยของท่าน!  ,"Yang terpilih, lanjutkan petualanganmu!  ",,,,,,,,,,,,,,
2101,,,211,,city.view,33,,not finish(212),,,,,,1,,0.1,,,,,{y=400;x=-100},login/new_character/xiaozhushou.png,{y=300;x=-100},,,,,,You can go to #C0xE77421#Element Tower#C0x5B545B# to explore and find treasures.  ,Có thể đến #C0xE77421#Tháp Nguyên Tố#C0x5B545B# khám phá tìm bảo vật rồi đó.,Boleh ke #C0xE77421#Menara Unsur#C0x5B545B# untuk mencari harta karun.  ,You can go to #C0xE77421#Element Tower#C0x5B545B# to explore and find treasures.  ,Maaari kang pumunta sa #C0xE77421#Element Tower#C0x5B545B# upang maghanap ng mga kayamanan.  ,สามารถไปที่ #C0xE77421#หอธาตุ#C0x5B545B# เพื่อสำรวจค้นหาสมบัติ  ,Kamu dapat ke #C0xE77421#Menara Unsur#C0x5B545B# untuk mencari harta karun.  ,,,,,,,,,,,,,,
2102,,,211,,,,,,,,,,,,,0.1,,,,,{y=400;x=-100},login/new_character/xiaozhushou.png,{y=300;x=-100},,,,,,Press here to enter the #C0xE77421#Adventure#C0x5B545B# selection interface.  ,Nhấn vào đây để vào giao diện lựa chọn #C0xE77421#Mạo hiểm#C0x5B545B#.,Tekan di sini untuk masuk ke antara muka pilihan #C0xE77421#Pengembaraan#C0x5B545B#.  ,Press here to enter the #C0xE77421#Adventure#C0x5B545B# selection interface.  ,Pindutin dito para pumasok sa interface ng pagpili ng #C0xE77421#Adventure#C0x5B545B#.  ,กดที่นี่เพื่อเข้าสู่หน้าจอเลือก #C0xE77421#การผจญภัย#C0x5B545B#  ,Tekan di sini untuk masuk ke antarmuka pilihan #C0xE77421#Petualangan#C0x5B545B#.  ,,,<rightBottomPanel;btnAdventure>,,effect/shouyindao.skel,180,,,,,,,,
2103,,,211,,,,,,,1,,,,,,0.4,,2,,,{y=400;x=0},login/new_character/xiaozhushou.png,{y=300;x=-100},,,,,,"From here, you can press into the #C0xE77421#Dimension Tower.  ",Từ đây có thể nhấn vào #C0xE77421#Tháp Thứ Nguyên.,Dari sini boleh tekan ke #C0xE77421#Menara Dimensi.  ,"From here, you can press into the #C0xE77421#Dimension Tower.  ","Mula dito, maaari kang pumindot papunta sa #C0xE77421#Dimension Tower.  ",จากที่นี่สามารถกดเข้า #C0xE77421#หอมิติ  ,Dari sini kamu dapat masuk ke #C0xE77421#Menara Dimensi.  ,,,<list;randomTower>,randomTower,effect/shouyindao.skel,,,,,,,,,
2111,,,212,,city.adventure.random_tower.view,33,,,,1,,,,,,0.1,,,,,{y=400;x=-100},login/new_character/xiaozhushou.png,{y=300;x=-100},,,,,,"Welcome to the #C0xE77421#Element Tower#C0x5B545B#, here you can enjoy the fun of intellectual challenges and luck.  ","Chào mừng đến với #C0xE77421#Tháp Nguyên Tố#C0x5B545B#, tại đây bạn có thể trải nghiệm niềm vui từ những thử thách trí tuệ và cơ duyên.","Selamat datang ke #C0xE77421#Menara Unsur#C0x5B545B#, di sini anda boleh merasai keseronokan cabaran minda dan nasib baik.  ","Welcome to the #C0xE77421#Element Tower#C0x5B545B#, here you can enjoy the fun of intellectual challenges and luck.  ","Maligayang pagdating sa #C0xE77421#Element Tower#C0x5B545B#, dito mo mararanasan ang saya ng mga hamon sa talino at swerte.  ",ยินดีต้อนรับสู่ #C0xE77421#หอธาตุ#C0x5B545B# ที่นี่คุณจะได้สัมผัสความสนุกจากความท้าทายด้านปัญญาและโชค  ,"Selamat datang di #C0xE77421#Menara Unsur#C0x5B545B#, di sini kamu bisa menikmati keseruan tantangan kecerdasan dan keberuntungan.  ",,,,,,,,,,,,,,
2112,,,212,,,,,,,,,,,,,0.1,,,,,{y=400;x=-600},login/new_character/xiaozhushou.png,{y=300;x=-600},,,,,,Press here to start today’s adventure  ,Nhấn vào đây để bắt đầu cuộc phiêu lưu hôm nay,Tekan di sini untuk memulakan pengembaraan hari ini  ,Press here to start today’s adventure  ,Pindutin dito para simulan ang paglalakbay ngayon  ,กดที่นี่เพื่อเริ่มผจญภัยในวันนี้  ,Tekan di sini untuk memulai petualangan hari ini  ,,,<item>,,effect/shouyindao.skel,,,,,{dy=-70},,,,
2113,,,212,,,,,,,,,,,,,0.1,,,,,{y=400;x=0},login/new_character/xiaozhushou.png,{y=300;x=-100},,,,,,"The Dimension Tower has 7 floors, each floor has 7-12 rooms, each room has 1-4 choices.  ","Tháp Thứ Nguyên có tổng cộng 7 tầng, mỗi tầng có 7-12 phòng, mỗi phòng có 1-4 lựa chọn.","Menara Dimensi ada 7 tingkat, setiap tingkat ada 7-12 bilik, setiap bilik ada 1-4 pilihan.  ","The Dimension Tower has 7 floors, each floor has 7-12 rooms, each room has 1-4 choices.  ","Mayroong 7 palapag ang Dimension Tower, bawat palapag ay may 7-12 kuwarto, bawat kuwarto ay may 1-4 pagpipilian.  ",หอมิติมีทั้งหมด 7 ชั้น ชั้นละ 7-12 ห้อง แต่ละห้องมีตัวเลือก 1-4 แบบ  ,"Menara Dimensi memiliki 7 lantai, setiap lantai memiliki 7-12 kamar, setiap kamar memiliki 1-4 pilihan.  ",,,,,,,,,,,,,,
2114,,,212,,,,,,,,,,,,,0.1,,,,,{y=400;x=-600},login/new_character/xiaozhushou.png,{y=300;x=-600},,,,,,"These are the selectable options for each room, choosing different options can bring different effects and affect the next path choice.  ","Đây là các tùy chọn có thể chọn cho mỗi phòng, việc chọn các tùy chọn khác nhau có thể mang lại các hiệu ứng khác nhau và ảnh hưởng đến việc lựa chọn tuyến đường tiếp theo.","Ini adalah pilihan yang boleh diambil di setiap bilik, memilih pilihan berlainan boleh membawa kesan berbeza dan mempengaruhi laluan seterusnya.  ","These are the selectable options for each room, choosing different options can bring different effects and affect the next path choice.  ","Ito ang mga opsyon na maaaring piliin sa bawat kuwarto, ang pagpili ng iba't ibang opsyon ay maaaring magdala ng iba't ibang epekto at makaapekto sa susunod na landas na pipiliin.  ",นี่คือตัวเลือกที่สามารถเลือกได้ในแต่ละห้อง การเลือกตัวเลือกที่แตกต่างกันจะทำให้เกิดผลต่างกันและส่งผลต่อเส้นทางถัดไป  ,"Ini adalah opsi yang bisa dipilih di setiap kamar, memilih opsi berbeda dapat memberikan efek berbeda dan mempengaruhi pilihan jalur berikutnya.  ",,,<panel>,,,,,,TRUE,{dy=-200},,,,
2115,,,212,,,,,,,,,,,,,0.1,,2,,,{y=400;x=-100},login/new_character/xiaozhushou.png,{y=300;x=-100},,,,,,This is your current progress and points  ,Đây là tiến độ và điểm hiện tại của bạn,Ini adalah kemajuan dan mata semasa anda  ,This is your current progress and points  ,Ito ang iyong kasalukuyang progreso at puntos  ,นี่คือความก้าวหน้าและคะแนนปัจจุบันของคุณ  ,Ini adalah kemajuan dan poinmu saat ini  ,,,<leftBottomPanel;pointPanel>,,,,,,TRUE,{width=560;dx=80;height=200;dy=60},,,,
2116,,,212,,,,,,,,,,,,,0.1,,,,,{y=400;x=0},login/new_character/xiaozhushou.png,{y=300;x=-100},,,,,,"After accumulating enough points, you can claim rewards here.  ","Sau khi tích lũy đủ điểm, bạn có thể nhận phần thưởng điểm tại đây.","Selepas mengumpul mata yang cukup, anda boleh menuntut ganjaran di sini.  ","After accumulating enough points, you can claim rewards here.  ","Pagkatapos makalikom ng sapat na puntos, maaari mong kunin ang mga gantimpala dito.  ",หลังจากสะสมคะแนนครบถ้วน คุณสามารถรับรางวัลคะแนนได้ที่นี่  ,"Setelah mengumpulkan poin yang cukup, kamu dapat mengklaim hadiah di sini.  ",,,<rightBottomPanel;pointBtn>,,,,,,TRUE,{width=200;dx=0;height=200;dy=0},,,,
2117,,,212,,,,,,,,,,,,,0.1,,,,,{y=400;x=0},login/new_character/xiaozhushou.png,{y=300;x=-100},,,,,,"So, please begin your performance... hmm... adventure!  ","Vậy thì, xin mời bắt đầu màn trình diễn của bạn... ừm hừm... phiêu lưu!","Jadi, silakan mulakan persembahan anda... hmm... pengembaraan!  ","So, please begin your performance... hmm... adventure!  ","Kaya, simulan na ang iyong pagtatanghal... hmm... paglalakbay!  ",เชิญเริ่มแสดงฝีมือของคุณ... อืม... การผจญภัย!  ,"Jadi, silakan mulai penampilanmu... hmm... petualangan!  ",,,,,,,,,,,,,,
2201,,,220,,city.adventure.clone_battle.base,32,,,,1,,,,,,0.1,2,2,,,{y=100;x=0},login/new_character/xiaozhushou1.png,,,,,,,"Dear Tianxuan Hero, the Illusion Challenge has opened.  ","Thiên Tuyển Giả thân mến, Thử thách Ảo Ảnh đã mở.","Tianxuan yang dikasihi, Cabaran Ilusi telah dibuka.  ","Dear Tianxuan Hero, the Illusion Challenge has opened.  ","Mahal na Tianxuan Bayani, ang Illusion Challenge ay bukas na.  ",เหล่าวีรบุรุษเทียนซวนที่รัก ความท้าทายภาพลวงตาได้เปิดแล้ว  ,"Pahlawan Tianxuan yang terhormat, Tantangan Ilusi telah dibuka.  ",,,,,,,,,,,,,,
2202,,,220,,,,,,,,,,,,,,,,,,{y=400;x=0},login/new_character/xiaozhushou.png,{y=300;x=0},,,,,,You can select one of the illusions on this interface to challenge.  ,Bạn có thể chọn một trong các ảo ảnh trên giao diện này để thử thách.,Anda boleh memilih satu daripada ilusi pada antara muka ini untuk dicabar.  ,You can select one of the illusions on this interface to challenge.  ,Maaari kang pumili ng isa sa mga ilusyon sa interface na ito upang hamunin.  ,คุณสามารถเลือกภาพลวงตาหนึ่งในอินเทอร์เฟซนี้เพื่อลองท้าทาย  ,Kamu dapat memilih salah satu ilusi di antarmuka ini untuk ditantang.  ,,,,,,,,,,,,,,
2203,,,220,,,,,,,,,,,,,,,,,,{y=400;x=-100},login/new_character/xiaozhushou.png,{y=300;x=0},,,,,,"Press ""Hero Today"" to see today’s overview information  ","Nhấn vào ""Anh hùng hôm nay"" để xem thông tin tổng quan hôm nay","Tekan ""Wira Hari Ini"" untuk lihat maklumat ringkas hari ini  ","Press ""Hero Today"" to see today’s overview information  ","Pindutin ang ""Bayani Ngayon"" upang makita ang pangkalahatang impormasyon ngayon  ","กด ""ฮีโร่วันนี้"" เพื่อดูข้อมูลโดยรวมของวันนี้  ","Tekan ""Pahlawan Hari Ini"" untuk melihat informasi ringkasan hari ini  ",,,<btnShowList>,,effect/shouyindao.skel,,,,,,,,,
2204,,,220,,,,,,,,,,,,,,,,,,{y=400;x=-800},login/new_character/xiaozhushou.png,{y=300;x=0},,,,,,Displays all illusions that can be challenged today and corresponding target heroes.  ,Hiển thị tất cả các ảo ảnh có thể khiêu chiến hôm nay và tướng mục tiêu tương ứng.,Memaparkan semua ilusi yang boleh dicabar hari ini dan sasaran wira yang sesuai.  ,Displays all illusions that can be challenged today and corresponding target heroes.  ,Ipinapakita ang lahat ng ilusyon na maaaring hamunin ngayon at ang mga target na bayani.  ,แสดงภาพลวงตาทั้งหมดที่สามารถท้าทายในวันนี้และเป้าหมายฮีโร่ที่เกี่ยวข้อง  ,Menampilkan semua ilusi yang bisa ditantang hari ini dan target pahlawan yang sesuai.  ,,,,,,,,,,,,,,
2205,,,220,,,,,,,,,,,,,,2,2,,,{y=100;x=0},login/new_character/xiaozhushou1.png,,,,,,,Players can select illusion attribute levels based on activated heroes displayed.  ,Người chơi có thể chọn các cấp độ thuộc tính ảo ảnh dựa trên các tướng đã kích hoạt được hiển thị.,Pemain boleh memilih tahap atribut ilusi berdasarkan wira yang telah diaktifkan yang dipaparkan.  ,Players can select illusion attribute levels based on activated heroes displayed.  ,Maaaring pumili ang mga manlalaro ng mga antas ng katangian ng ilusyon base sa mga na-activate na bayani na ipinapakita.  ,ผู้เล่นสามารถเลือกระดับคุณสมบัติของภาพลวงตาตามฮีโร่ที่เปิดใช้งานที่แสดง  ,Pemain dapat memilih level atribut ilusi berdasarkan pahlawan yang telah diaktifkan dan ditampilkan.  ,,,,,,,,,,,,,,
2206,,,220,,,,,,,,,,,,,,2,2,,,{y=100;x=0},login/new_character/xiaozhushou1.png,,,,,,,Let’s click an illusion to challenge together!,Hãy cùng nhau nhấp vào một ảo ảnh để thử thách nhé!,Jom klik satu ilusi untuk mencabar!,Let’s click an illusion to challenge together!,"Tara, pindutin natin ang isang ilusyon upang hamunin!",มาร่วมกดภาพลวงตาเพื่อท้าทายกันเถอะ!,Ayo klik ilusi untuk menantang bersama!,,,,,,,,,,,,,,
2411,,,241,,city.card.chip.bag,,,,,1,{60122=1;60123=1;60124=1;60121=1},,,,,,,,,,,,,,,,,,,,,,,,,,,,,,,,,,,,,,
