VariableName,_beizhu,index,seatExtraFix,wave,hp,damage,specialDamage,defence,specialDefence,speed,hpself,damageself,specialDamageself,defenceself,specialDefenceself,speedself
Defaults,,,{},,<1;1>,<1;1>,<1;1>,<1;1>,<1;1>,<1;1>,<1;1>,<1;1>,<1;1>,<1;1>,<1;1>,<1;1>
VariableName,备注,索引,站位修正,波次,怪物血量修正,怪物攻击修正,怪物攻击修正,怪物防御修正,怪物防御修正,怪物速度修正,己方血量修正,己方攻击修正,己方攻击修正,己方防御修正,己方防御修正,己方攻击修正
1,,80001,{11=1.1},1,<1.6;1.36>,<0.63;0.7>,<0.63;0.7>,<0.84;0.72>,<0.84;0.72>,<0.88;0.88>,,,,,,
2,,80001,{11=1.1},2,<1.6;1.36>,<0.63;0.7>,<0.63;0.7>,<0.84;0.72>,<0.84;0.72>,<0.88;0.88>,,,,,,
3,,80001,{11=1.1},3,<1.6;1.36>,<0.63;0.7>,<0.63;0.7>,<0.84;0.72>,<0.84;0.72>,<0.88;0.88>,,,,,,
4,,80001,{11=1.1},4,<1.6;1.36>,<0.63;0.7>,<0.63;0.7>,<0.84;0.72>,<0.84;0.72>,<0.88;0.88>,,,,,,
5,,80001,{11=1.1},5,<1.6;1.36>,<0.63;0.7>,<0.63;0.7>,<0.84;0.72>,<0.84;0.72>,<0.88;0.88>,,,,,,
6,,80001,{11=1.1},6,<1.6;1.36>,<0.63;0.7>,<0.63;0.7>,<0.84;0.72>,<0.84;0.72>,<0.88;0.88>,,,,,,
7,,80001,{11=1.1},7,<1.6;1.36>,<0.63;0.7>,<0.63;0.7>,<0.84;0.72>,<0.84;0.72>,<0.88;0.88>,,,,,,
8,,80001,{11=1.1},8,<1.6;1.36>,<0.63;0.7>,<0.63;0.7>,<0.84;0.72>,<0.84;0.72>,<0.88;0.88>,,,,,,
9,,80001,{11=1.1},9,<1.6;1.36>,<0.63;0.7>,<0.63;0.7>,<0.84;0.72>,<0.84;0.72>,<0.88;0.88>,,,,,,
10,,80001,{11=1.1},10,<1.6;1.36>,<0.63;0.7>,<0.63;0.7>,<0.84;0.72>,<0.84;0.72>,<0.88;0.88>,,,,,,
11,,80001,{11=1.1},11,<1.6;1.36>,<0.63;0.7>,<0.63;0.7>,<0.84;0.72>,<0.84;0.72>,<0.88;0.88>,,,,,,
12,,80001,{11=1.1},12,<1.6;1.36>,<0.63;0.7>,<0.63;0.7>,<0.84;0.72>,<0.84;0.72>,<0.88;0.88>,,,,,,
13,,80002,{11=1.1},1,<1.6;1.36>,<0.63;0.7>,<0.63;0.7>,<0.84;0.72>,<0.84;0.72>,<0.88;0.88>,,,,,,
14,,80002,{11=1.1},2,<1.6;1.36>,<0.63;0.7>,<0.63;0.7>,<0.84;0.72>,<0.84;0.72>,<0.88;0.88>,,,,,,
15,,80002,{11=1.1},3,<1.6;1.36>,<0.63;0.7>,<0.63;0.7>,<0.84;0.72>,<0.84;0.72>,<0.88;0.88>,,,,,,
16,,80002,{11=1.1},4,<1.6;1.36>,<0.63;0.7>,<0.63;0.7>,<0.84;0.72>,<0.84;0.72>,<0.88;0.88>,,,,,,
17,,80002,{11=1.1},5,<1.6;1.36>,<0.63;0.7>,<0.63;0.7>,<0.84;0.72>,<0.84;0.72>,<0.88;0.88>,,,,,,
18,,80002,{11=1.1},6,<1.6;1.36>,<0.63;0.7>,<0.63;0.7>,<0.84;0.72>,<0.84;0.72>,<0.88;0.88>,,,,,,
19,,80002,{11=1.1},7,<1.6;1.36>,<0.63;0.7>,<0.63;0.7>,<0.84;0.72>,<0.84;0.72>,<0.88;0.88>,,,,,,
20,,80002,{11=1.1},8,<1.6;1.36>,<0.63;0.7>,<0.63;0.7>,<0.84;0.72>,<0.84;0.72>,<0.88;0.88>,,,,,,
21,,80002,{11=1.1},9,<1.6;1.36>,<0.63;0.7>,<0.63;0.7>,<0.84;0.72>,<0.84;0.72>,<0.88;0.88>,,,,,,
22,,80002,{11=1.1},10,<1.6;1.36>,<0.63;0.7>,<0.63;0.7>,<0.84;0.72>,<0.84;0.72>,<0.88;0.88>,,,,,,
23,,80002,{11=1.1},11,<1.6;1.36>,<0.63;0.7>,<0.63;0.7>,<0.84;0.72>,<0.84;0.72>,<0.88;0.88>,,,,,,
24,,80002,{11=1.1},12,<1.6;1.36>,<0.63;0.7>,<0.63;0.7>,<0.84;0.72>,<0.84;0.72>,<0.88;0.88>,,,,,,
25,,80003,{11=1.1},1,<2.16;1.84>,<0.85;0.95>,<0.85;0.95>,<1.13;0.97>,<1.13;0.97>,<0.91;0.91>,,,,,,
26,,80003,{11=1.1},2,<2.16;1.84>,<0.85;0.95>,<0.85;0.95>,<1.13;0.97>,<1.13;0.97>,<0.91;0.91>,,,,,,
27,,80003,{11=1.1},3,<2.16;1.84>,<0.85;0.95>,<0.85;0.95>,<1.13;0.97>,<1.13;0.97>,<0.91;0.91>,,,,,,
28,,80003,{11=1.1},4,<2.16;1.84>,<0.85;0.95>,<0.85;0.95>,<1.13;0.97>,<1.13;0.97>,<0.91;0.91>,,,,,,
29,,80003,{11=1.1},5,<2.16;1.84>,<0.85;0.95>,<0.85;0.95>,<1.13;0.97>,<1.13;0.97>,<0.91;0.91>,,,,,,
30,,80003,{11=1.1},6,<2.16;1.84>,<0.85;0.95>,<0.85;0.95>,<1.13;0.97>,<1.13;0.97>,<0.91;0.91>,,,,,,
31,,80003,{11=1.1},7,<2.16;1.84>,<0.85;0.95>,<0.85;0.95>,<1.13;0.97>,<1.13;0.97>,<0.91;0.91>,,,,,,
32,,80003,{11=1.1},8,<2.16;1.84>,<0.85;0.95>,<0.85;0.95>,<1.13;0.97>,<1.13;0.97>,<0.91;0.91>,,,,,,
33,,80003,{11=1.1},9,<2.16;1.84>,<0.85;0.95>,<0.85;0.95>,<1.13;0.97>,<1.13;0.97>,<0.91;0.91>,,,,,,
34,,80003,{11=1.1},10,<2.16;1.84>,<0.85;0.95>,<0.85;0.95>,<1.13;0.97>,<1.13;0.97>,<0.91;0.91>,,,,,,
35,,80003,{11=1.1},11,<2.16;1.84>,<0.85;0.95>,<0.85;0.95>,<1.13;0.97>,<1.13;0.97>,<0.91;0.91>,,,,,,
36,,80003,{11=1.1},12,<2.16;1.84>,<0.85;0.95>,<0.85;0.95>,<1.13;0.97>,<1.13;0.97>,<0.91;0.91>,,,,,,
37,,80004,,1,<1.6;1.36>,<0.63;0.7>,<0.63;0.7>,<0.84;0.72>,<0.84;0.72>,<0.88;0.88>,,,,,,
38,,80004,,2,<1.6;1.36>,<0.63;0.7>,<0.63;0.7>,<0.84;0.72>,<0.84;0.72>,<0.88;0.88>,,,,,,
39,,80004,,3,<1.6;1.36>,<0.63;0.7>,<0.63;0.7>,<0.84;0.72>,<0.84;0.72>,<0.88;0.88>,,,,,,
40,,80004,,4,<1.6;1.36>,<0.63;0.7>,<0.63;0.7>,<0.84;0.72>,<0.84;0.72>,<0.88;0.88>,,,,,,
41,,80004,,5,<1.6;1.36>,<0.63;0.7>,<0.63;0.7>,<0.84;0.72>,<0.84;0.72>,<0.88;0.88>,,,,,,
42,,80004,,6,<1.6;1.36>,<0.63;0.7>,<0.63;0.7>,<0.84;0.72>,<0.84;0.72>,<0.88;0.88>,,,,,,
43,,80004,,7,<1.6;1.36>,<0.63;0.7>,<0.63;0.7>,<0.84;0.72>,<0.84;0.72>,<0.88;0.88>,,,,,,
44,,80004,,8,<1.6;1.36>,<0.63;0.7>,<0.63;0.7>,<0.84;0.72>,<0.84;0.72>,<0.88;0.88>,,,,,,
45,,80004,,9,<1.6;1.36>,<0.63;0.7>,<0.63;0.7>,<0.84;0.72>,<0.84;0.72>,<0.88;0.88>,,,,,,
46,,80004,,10,<1.6;1.36>,<0.63;0.7>,<0.63;0.7>,<0.84;0.72>,<0.84;0.72>,<0.88;0.88>,,,,,,
47,,80004,,11,<1.6;1.36>,<0.63;0.7>,<0.63;0.7>,<0.84;0.72>,<0.84;0.72>,<0.88;0.88>,,,,,,
48,,80004,,12,<1.6;1.36>,<0.63;0.7>,<0.63;0.7>,<0.84;0.72>,<0.84;0.72>,<0.88;0.88>,,,,,,
49,,80005,,1,<1.6;1.36>,<0.63;0.7>,<0.63;0.7>,<0.84;0.72>,<0.84;0.72>,<0.88;0.88>,,,,,,
50,,80005,,2,<1.6;1.36>,<0.63;0.7>,<0.63;0.7>,<0.84;0.72>,<0.84;0.72>,<0.88;0.88>,,,,,,
51,,80005,,3,<1.6;1.36>,<0.63;0.7>,<0.63;0.7>,<0.84;0.72>,<0.84;0.72>,<0.88;0.88>,,,,,,
52,,80005,,4,<1.6;1.36>,<0.63;0.7>,<0.63;0.7>,<0.84;0.72>,<0.84;0.72>,<0.88;0.88>,,,,,,
53,,80005,,5,<1.6;1.36>,<0.63;0.7>,<0.63;0.7>,<0.84;0.72>,<0.84;0.72>,<0.88;0.88>,,,,,,
54,,80005,,6,<1.6;1.36>,<0.63;0.7>,<0.63;0.7>,<0.84;0.72>,<0.84;0.72>,<0.88;0.88>,,,,,,
55,,80005,,7,<1.6;1.36>,<0.63;0.7>,<0.63;0.7>,<0.84;0.72>,<0.84;0.72>,<0.88;0.88>,,,,,,
56,,80005,,8,<1.6;1.36>,<0.63;0.7>,<0.63;0.7>,<0.84;0.72>,<0.84;0.72>,<0.88;0.88>,,,,,,
57,,80005,,9,<1.6;1.36>,<0.63;0.7>,<0.63;0.7>,<0.84;0.72>,<0.84;0.72>,<0.88;0.88>,,,,,,
58,,80005,,10,<1.6;1.36>,<0.63;0.7>,<0.63;0.7>,<0.84;0.72>,<0.84;0.72>,<0.88;0.88>,,,,,,
59,,80005,,11,<1.6;1.36>,<0.63;0.7>,<0.63;0.7>,<0.84;0.72>,<0.84;0.72>,<0.88;0.88>,,,,,,
60,,80005,,12,<1.6;1.36>,<0.63;0.7>,<0.63;0.7>,<0.84;0.72>,<0.84;0.72>,<0.88;0.88>,,,,,,
61,,80006,,1,<1.6;1.36>,<0.63;0.7>,<0.63;0.7>,<0.84;0.72>,<0.84;0.72>,<0.88;0.88>,,,,,,
62,,80006,,2,<1.6;1.36>,<0.63;0.7>,<0.63;0.7>,<0.84;0.72>,<0.84;0.72>,<0.88;0.88>,,,,,,
63,,80006,,3,<1.6;1.36>,<0.63;0.7>,<0.63;0.7>,<0.84;0.72>,<0.84;0.72>,<0.88;0.88>,,,,,,
64,,80006,,4,<1.6;1.36>,<0.63;0.7>,<0.63;0.7>,<0.84;0.72>,<0.84;0.72>,<0.88;0.88>,,,,,,
65,,80006,,5,<1.6;1.36>,<0.63;0.7>,<0.63;0.7>,<0.84;0.72>,<0.84;0.72>,<0.88;0.88>,,,,,,
66,,80006,,6,<1.6;1.36>,<0.63;0.7>,<0.63;0.7>,<0.84;0.72>,<0.84;0.72>,<0.88;0.88>,,,,,,
67,,80006,,7,<1.6;1.36>,<0.63;0.7>,<0.63;0.7>,<0.84;0.72>,<0.84;0.72>,<0.88;0.88>,,,,,,
68,,80006,,8,<1.6;1.36>,<0.63;0.7>,<0.63;0.7>,<0.84;0.72>,<0.84;0.72>,<0.88;0.88>,,,,,,
69,,80006,,9,<1.6;1.36>,<0.63;0.7>,<0.63;0.7>,<0.84;0.72>,<0.84;0.72>,<0.88;0.88>,,,,,,
70,,80006,,10,<1.6;1.36>,<0.63;0.7>,<0.63;0.7>,<0.84;0.72>,<0.84;0.72>,<0.88;0.88>,,,,,,
71,,80006,,11,<1.6;1.36>,<0.63;0.7>,<0.63;0.7>,<0.84;0.72>,<0.84;0.72>,<0.88;0.88>,,,,,,
72,,80006,,12,<1.6;1.36>,<0.63;0.7>,<0.63;0.7>,<0.84;0.72>,<0.84;0.72>,<0.88;0.88>,,,,,,
73,,80011,{11=1.1},1,<1.92;1.63>,<0.76;0.84>,<0.76;0.84>,<1.01;0.86>,<1.01;0.86>,<0.9;0.9>,,,,,,
74,,80011,{11=1.1},2,<1.92;1.63>,<0.76;0.84>,<0.76;0.84>,<1.01;0.86>,<1.01;0.86>,<0.9;0.9>,,,,,,
75,,80011,{11=1.1},3,<1.92;1.63>,<0.76;0.84>,<0.76;0.84>,<1.01;0.86>,<1.01;0.86>,<0.9;0.9>,,,,,,
76,,80011,{11=1.1},4,<1.92;1.63>,<0.76;0.84>,<0.76;0.84>,<1.01;0.86>,<1.01;0.86>,<0.9;0.9>,,,,,,
77,,80011,{11=1.1},5,<1.92;1.63>,<0.76;0.84>,<0.76;0.84>,<1.01;0.86>,<1.01;0.86>,<0.9;0.9>,,,,,,
78,,80011,{11=1.1},6,<1.92;1.63>,<0.76;0.84>,<0.76;0.84>,<1.01;0.86>,<1.01;0.86>,<0.9;0.9>,,,,,,
79,,80011,{11=1.1},7,<1.92;1.63>,<0.76;0.84>,<0.76;0.84>,<1.01;0.86>,<1.01;0.86>,<0.9;0.9>,,,,,,
80,,80011,{11=1.1},8,<1.92;1.63>,<0.76;0.84>,<0.76;0.84>,<1.01;0.86>,<1.01;0.86>,<0.9;0.9>,,,,,,
81,,80011,{11=1.1},9,<1.92;1.63>,<0.76;0.84>,<0.76;0.84>,<1.01;0.86>,<1.01;0.86>,<0.9;0.9>,,,,,,
82,,80011,{11=1.1},10,<1.92;1.63>,<0.76;0.84>,<0.76;0.84>,<1.01;0.86>,<1.01;0.86>,<0.9;0.9>,,,,,,
83,,80011,{11=1.1},11,<1.92;1.63>,<0.76;0.84>,<0.76;0.84>,<1.01;0.86>,<1.01;0.86>,<0.9;0.9>,,,,,,
84,,80011,{11=1.1},12,<1.92;1.63>,<0.76;0.84>,<0.76;0.84>,<1.01;0.86>,<1.01;0.86>,<0.9;0.9>,,,,,,
85,,80012,{11=1.1},1,<1.92;1.63>,<0.76;0.84>,<0.76;0.84>,<1.01;0.86>,<1.01;0.86>,<0.9;0.9>,,,,,,
86,,80012,{11=1.1},2,<1.92;1.63>,<0.76;0.84>,<0.76;0.84>,<1.01;0.86>,<1.01;0.86>,<0.9;0.9>,,,,,,
87,,80012,{11=1.1},3,<1.92;1.63>,<0.76;0.84>,<0.76;0.84>,<1.01;0.86>,<1.01;0.86>,<0.9;0.9>,,,,,,
88,,80012,{11=1.1},4,<1.92;1.63>,<0.76;0.84>,<0.76;0.84>,<1.01;0.86>,<1.01;0.86>,<0.9;0.9>,,,,,,
89,,80012,{11=1.1},5,<1.92;1.63>,<0.76;0.84>,<0.76;0.84>,<1.01;0.86>,<1.01;0.86>,<0.9;0.9>,,,,,,
90,,80012,{11=1.1},6,<1.92;1.63>,<0.76;0.84>,<0.76;0.84>,<1.01;0.86>,<1.01;0.86>,<0.9;0.9>,,,,,,
91,,80012,{11=1.1},7,<1.92;1.63>,<0.76;0.84>,<0.76;0.84>,<1.01;0.86>,<1.01;0.86>,<0.9;0.9>,,,,,,
92,,80012,{11=1.1},8,<1.92;1.63>,<0.76;0.84>,<0.76;0.84>,<1.01;0.86>,<1.01;0.86>,<0.9;0.9>,,,,,,
93,,80012,{11=1.1},9,<1.92;1.63>,<0.76;0.84>,<0.76;0.84>,<1.01;0.86>,<1.01;0.86>,<0.9;0.9>,,,,,,
94,,80012,{11=1.1},10,<1.92;1.63>,<0.76;0.84>,<0.76;0.84>,<1.01;0.86>,<1.01;0.86>,<0.9;0.9>,,,,,,
95,,80012,{11=1.1},11,<1.92;1.63>,<0.76;0.84>,<0.76;0.84>,<1.01;0.86>,<1.01;0.86>,<0.9;0.9>,,,,,,
96,,80012,{11=1.1},12,<1.92;1.63>,<0.76;0.84>,<0.76;0.84>,<1.01;0.86>,<1.01;0.86>,<0.9;0.9>,,,,,,
97,,80013,,1,<1.92;1.63>,<0.76;0.84>,<0.76;0.84>,<1.01;0.86>,<1.01;0.86>,<0.9;0.9>,,,,,,
98,,80013,,2,<1.92;1.63>,<0.76;0.84>,<0.76;0.84>,<1.01;0.86>,<1.01;0.86>,<0.9;0.9>,,,,,,
99,,80013,,3,<1.92;1.63>,<0.76;0.84>,<0.76;0.84>,<1.01;0.86>,<1.01;0.86>,<0.9;0.9>,,,,,,
100,,80013,,4,<1.92;1.63>,<0.76;0.84>,<0.76;0.84>,<1.01;0.86>,<1.01;0.86>,<0.9;0.9>,,,,,,
101,,80013,,5,<1.92;1.63>,<0.76;0.84>,<0.76;0.84>,<1.01;0.86>,<1.01;0.86>,<0.9;0.9>,,,,,,
102,,80013,,6,<1.92;1.63>,<0.76;0.84>,<0.76;0.84>,<1.01;0.86>,<1.01;0.86>,<0.9;0.9>,,,,,,
103,,80013,,7,<1.92;1.63>,<0.76;0.84>,<0.76;0.84>,<1.01;0.86>,<1.01;0.86>,<0.9;0.9>,,,,,,
104,,80013,,8,<1.92;1.63>,<0.76;0.84>,<0.76;0.84>,<1.01;0.86>,<1.01;0.86>,<0.9;0.9>,,,,,,
105,,80013,,9,<1.92;1.63>,<0.76;0.84>,<0.76;0.84>,<1.01;0.86>,<1.01;0.86>,<0.9;0.9>,,,,,,
106,,80013,,10,<1.92;1.63>,<0.76;0.84>,<0.76;0.84>,<1.01;0.86>,<1.01;0.86>,<0.9;0.9>,,,,,,
107,,80013,,11,<1.92;1.63>,<0.76;0.84>,<0.76;0.84>,<1.01;0.86>,<1.01;0.86>,<0.9;0.9>,,,,,,
108,,80013,,12,<1.92;1.63>,<0.76;0.84>,<0.76;0.84>,<1.01;0.86>,<1.01;0.86>,<0.9;0.9>,,,,,,
109,,80014,,1,<1.92;1.63>,<0.76;0.84>,<0.76;0.84>,<1.01;0.86>,<1.01;0.86>,<0.9;0.9>,,,,,,
110,,80014,,2,<1.92;1.63>,<0.76;0.84>,<0.76;0.84>,<1.01;0.86>,<1.01;0.86>,<0.9;0.9>,,,,,,
111,,80014,,3,<1.92;1.63>,<0.76;0.84>,<0.76;0.84>,<1.01;0.86>,<1.01;0.86>,<0.9;0.9>,,,,,,
112,,80014,,4,<1.92;1.63>,<0.76;0.84>,<0.76;0.84>,<1.01;0.86>,<1.01;0.86>,<0.9;0.9>,,,,,,
113,,80014,,5,<1.92;1.63>,<0.76;0.84>,<0.76;0.84>,<1.01;0.86>,<1.01;0.86>,<0.9;0.9>,,,,,,
114,,80014,,6,<1.92;1.63>,<0.76;0.84>,<0.76;0.84>,<1.01;0.86>,<1.01;0.86>,<0.9;0.9>,,,,,,
115,,80014,,7,<1.92;1.63>,<0.76;0.84>,<0.76;0.84>,<1.01;0.86>,<1.01;0.86>,<0.9;0.9>,,,,,,
116,,80014,,8,<1.92;1.63>,<0.76;0.84>,<0.76;0.84>,<1.01;0.86>,<1.01;0.86>,<0.9;0.9>,,,,,,
117,,80014,,9,<1.92;1.63>,<0.76;0.84>,<0.76;0.84>,<1.01;0.86>,<1.01;0.86>,<0.9;0.9>,,,,,,
118,,80014,,10,<1.92;1.63>,<0.76;0.84>,<0.76;0.84>,<1.01;0.86>,<1.01;0.86>,<0.9;0.9>,,,,,,
119,,80014,,11,<1.92;1.63>,<0.76;0.84>,<0.76;0.84>,<1.01;0.86>,<1.01;0.86>,<0.9;0.9>,,,,,,
120,,80014,,12,<1.92;1.63>,<0.76;0.84>,<0.76;0.84>,<1.01;0.86>,<1.01;0.86>,<0.9;0.9>,,,,,,
121,,80015,,1,<1.92;1.63>,<0.76;0.84>,<0.76;0.84>,<1.01;0.86>,<1.01;0.86>,<0.9;0.9>,,,,,,
122,,80015,,2,<1.92;1.63>,<0.76;0.84>,<0.76;0.84>,<1.01;0.86>,<1.01;0.86>,<0.9;0.9>,,,,,,
123,,80015,,3,<1.92;1.63>,<0.76;0.84>,<0.76;0.84>,<1.01;0.86>,<1.01;0.86>,<0.9;0.9>,,,,,,
124,,80015,,4,<1.92;1.63>,<0.76;0.84>,<0.76;0.84>,<1.01;0.86>,<1.01;0.86>,<0.9;0.9>,,,,,,
125,,80015,,5,<1.92;1.63>,<0.76;0.84>,<0.76;0.84>,<1.01;0.86>,<1.01;0.86>,<0.9;0.9>,,,,,,
126,,80015,,6,<1.92;1.63>,<0.76;0.84>,<0.76;0.84>,<1.01;0.86>,<1.01;0.86>,<0.9;0.9>,,,,,,
127,,80015,,7,<1.92;1.63>,<0.76;0.84>,<0.76;0.84>,<1.01;0.86>,<1.01;0.86>,<0.9;0.9>,,,,,,
128,,80015,,8,<1.92;1.63>,<0.76;0.84>,<0.76;0.84>,<1.01;0.86>,<1.01;0.86>,<0.9;0.9>,,,,,,
129,,80015,,9,<1.92;1.63>,<0.76;0.84>,<0.76;0.84>,<1.01;0.86>,<1.01;0.86>,<0.9;0.9>,,,,,,
130,,80015,,10,<1.92;1.63>,<0.76;0.84>,<0.76;0.84>,<1.01;0.86>,<1.01;0.86>,<0.9;0.9>,,,,,,
131,,80015,,11,<1.92;1.63>,<0.76;0.84>,<0.76;0.84>,<1.01;0.86>,<1.01;0.86>,<0.9;0.9>,,,,,,
132,,80015,,12,<1.92;1.63>,<0.76;0.84>,<0.76;0.84>,<1.01;0.86>,<1.01;0.86>,<0.9;0.9>,,,,,,
133,,80016,,1,<1.92;1.63>,<0.76;0.84>,<0.76;0.84>,<1.01;0.86>,<1.01;0.86>,<0.9;0.9>,,,,,,
134,,80016,,2,<1.92;1.63>,<0.76;0.84>,<0.76;0.84>,<1.01;0.86>,<1.01;0.86>,<0.9;0.9>,,,,,,
135,,80016,,3,<1.92;1.63>,<0.76;0.84>,<0.76;0.84>,<1.01;0.86>,<1.01;0.86>,<0.9;0.9>,,,,,,
136,,80016,,4,<1.92;1.63>,<0.76;0.84>,<0.76;0.84>,<1.01;0.86>,<1.01;0.86>,<0.9;0.9>,,,,,,
137,,80016,,5,<1.92;1.63>,<0.76;0.84>,<0.76;0.84>,<1.01;0.86>,<1.01;0.86>,<0.9;0.9>,,,,,,
138,,80016,,6,<1.92;1.63>,<0.76;0.84>,<0.76;0.84>,<1.01;0.86>,<1.01;0.86>,<0.9;0.9>,,,,,,
139,,80016,,7,<1.92;1.63>,<0.76;0.84>,<0.76;0.84>,<1.01;0.86>,<1.01;0.86>,<0.9;0.9>,,,,,,
140,,80016,,8,<1.92;1.63>,<0.76;0.84>,<0.76;0.84>,<1.01;0.86>,<1.01;0.86>,<0.9;0.9>,,,,,,
141,,80016,,9,<1.92;1.63>,<0.76;0.84>,<0.76;0.84>,<1.01;0.86>,<1.01;0.86>,<0.9;0.9>,,,,,,
142,,80016,,10,<1.92;1.63>,<0.76;0.84>,<0.76;0.84>,<1.01;0.86>,<1.01;0.86>,<0.9;0.9>,,,,,,
143,,80016,,11,<1.92;1.63>,<0.76;0.84>,<0.76;0.84>,<1.01;0.86>,<1.01;0.86>,<0.9;0.9>,,,,,,
144,,80016,,12,<1.92;1.63>,<0.76;0.84>,<0.76;0.84>,<1.01;0.86>,<1.01;0.86>,<0.9;0.9>,,,,,,
145,,80021,{11=1},1,<2.3;1.96>,<0.91;1.01>,<0.91;1.01>,<1.21;1.04>,<1.21;1.04>,<0.92;0.92>,,,,,,
146,,80021,{11=1},2,<2.3;1.96>,<0.91;1.01>,<0.91;1.01>,<1.21;1.04>,<1.21;1.04>,<0.92;0.92>,,,,,,
147,,80021,{11=1},3,<2.3;1.96>,<0.91;1.01>,<0.91;1.01>,<1.21;1.04>,<1.21;1.04>,<0.92;0.92>,,,,,,
148,,80021,{11=1},4,<2.3;1.96>,<0.91;1.01>,<0.91;1.01>,<1.21;1.04>,<1.21;1.04>,<0.92;0.92>,,,,,,
149,,80021,{11=1},5,<2.3;1.96>,<0.91;1.01>,<0.91;1.01>,<1.21;1.04>,<1.21;1.04>,<0.92;0.92>,,,,,,
150,,80021,{11=1},6,<2.3;1.96>,<0.91;1.01>,<0.91;1.01>,<1.21;1.04>,<1.21;1.04>,<0.92;0.92>,,,,,,
151,,80021,{11=1},7,<2.3;1.96>,<0.91;1.01>,<0.91;1.01>,<1.21;1.04>,<1.21;1.04>,<0.92;0.92>,,,,,,
152,,80021,{11=1},8,<2.3;1.96>,<0.91;1.01>,<0.91;1.01>,<1.21;1.04>,<1.21;1.04>,<0.92;0.92>,,,,,,
153,,80021,{11=1},9,<2.3;1.96>,<0.91;1.01>,<0.91;1.01>,<1.21;1.04>,<1.21;1.04>,<0.92;0.92>,,,,,,
154,,80021,{11=1},10,<2.3;1.96>,<0.91;1.01>,<0.91;1.01>,<1.21;1.04>,<1.21;1.04>,<0.92;0.92>,,,,,,
155,,80021,{11=1},11,<2.3;1.96>,<0.91;1.01>,<0.91;1.01>,<1.21;1.04>,<1.21;1.04>,<0.92;0.92>,,,,,,
156,,80021,{11=1},12,<2.3;1.96>,<0.91;1.01>,<0.91;1.01>,<1.21;1.04>,<1.21;1.04>,<0.92;0.92>,,,,,,
157,,80022,{11=1.1},1,<2.3;1.96>,<0.91;1.01>,<0.91;1.01>,<1.21;1.04>,<1.21;1.04>,<0.92;0.92>,,,,,,
158,,80022,{11=1.1},2,<2.3;1.96>,<0.91;1.01>,<0.91;1.01>,<1.21;1.04>,<1.21;1.04>,<0.92;0.92>,,,,,,
159,,80022,{11=1.1},3,<2.3;1.96>,<0.91;1.01>,<0.91;1.01>,<1.21;1.04>,<1.21;1.04>,<0.92;0.92>,,,,,,
160,,80022,{11=1.1},4,<2.3;1.96>,<0.91;1.01>,<0.91;1.01>,<1.21;1.04>,<1.21;1.04>,<0.92;0.92>,,,,,,
161,,80022,{11=1.1},5,<2.3;1.96>,<0.91;1.01>,<0.91;1.01>,<1.21;1.04>,<1.21;1.04>,<0.92;0.92>,,,,,,
162,,80022,{11=1.1},6,<2.3;1.96>,<0.91;1.01>,<0.91;1.01>,<1.21;1.04>,<1.21;1.04>,<0.92;0.92>,,,,,,
163,,80022,{11=1.1},7,<2.3;1.96>,<0.91;1.01>,<0.91;1.01>,<1.21;1.04>,<1.21;1.04>,<0.92;0.92>,,,,,,
164,,80022,{11=1.1},8,<2.3;1.96>,<0.91;1.01>,<0.91;1.01>,<1.21;1.04>,<1.21;1.04>,<0.92;0.92>,,,,,,
165,,80022,{11=1.1},9,<2.3;1.96>,<0.91;1.01>,<0.91;1.01>,<1.21;1.04>,<1.21;1.04>,<0.92;0.92>,,,,,,
166,,80022,{11=1.1},10,<2.3;1.96>,<0.91;1.01>,<0.91;1.01>,<1.21;1.04>,<1.21;1.04>,<0.92;0.92>,,,,,,
167,,80022,{11=1.1},11,<2.3;1.96>,<0.91;1.01>,<0.91;1.01>,<1.21;1.04>,<1.21;1.04>,<0.92;0.92>,,,,,,
168,,80022,{11=1.1},12,<2.3;1.96>,<0.91;1.01>,<0.91;1.01>,<1.21;1.04>,<1.21;1.04>,<0.92;0.92>,,,,,,
169,,80023,,1,<2.3;1.96>,<0.91;1.01>,<0.91;1.01>,<1.21;1.04>,<1.21;1.04>,<0.92;0.92>,,,,,,
170,,80023,,2,<2.3;1.96>,<0.91;1.01>,<0.91;1.01>,<1.21;1.04>,<1.21;1.04>,<0.92;0.92>,,,,,,
171,,80023,,3,<2.3;1.96>,<0.91;1.01>,<0.91;1.01>,<1.21;1.04>,<1.21;1.04>,<0.92;0.92>,,,,,,
172,,80023,,4,<2.3;1.96>,<0.91;1.01>,<0.91;1.01>,<1.21;1.04>,<1.21;1.04>,<0.92;0.92>,,,,,,
173,,80023,,5,<2.3;1.96>,<0.91;1.01>,<0.91;1.01>,<1.21;1.04>,<1.21;1.04>,<0.92;0.92>,,,,,,
174,,80023,,6,<2.3;1.96>,<0.91;1.01>,<0.91;1.01>,<1.21;1.04>,<1.21;1.04>,<0.92;0.92>,,,,,,
175,,80023,,7,<2.3;1.96>,<0.91;1.01>,<0.91;1.01>,<1.21;1.04>,<1.21;1.04>,<0.92;0.92>,,,,,,
176,,80023,,8,<2.3;1.96>,<0.91;1.01>,<0.91;1.01>,<1.21;1.04>,<1.21;1.04>,<0.92;0.92>,,,,,,
177,,80023,,9,<2.3;1.96>,<0.91;1.01>,<0.91;1.01>,<1.21;1.04>,<1.21;1.04>,<0.92;0.92>,,,,,,
178,,80023,,10,<2.3;1.96>,<0.91;1.01>,<0.91;1.01>,<1.21;1.04>,<1.21;1.04>,<0.92;0.92>,,,,,,
179,,80023,,11,<2.3;1.96>,<0.91;1.01>,<0.91;1.01>,<1.21;1.04>,<1.21;1.04>,<0.92;0.92>,,,,,,
180,,80023,,12,<2.3;1.96>,<0.91;1.01>,<0.91;1.01>,<1.21;1.04>,<1.21;1.04>,<0.92;0.92>,,,,,,
181,,80024,,1,<2.3;1.96>,<0.91;1.01>,<0.91;1.01>,<1.21;1.04>,<1.21;1.04>,<0.92;0.92>,,,,,,
182,,80024,,2,<2.3;1.96>,<0.91;1.01>,<0.91;1.01>,<1.21;1.04>,<1.21;1.04>,<0.92;0.92>,,,,,,
183,,80024,,3,<2.3;1.96>,<0.91;1.01>,<0.91;1.01>,<1.21;1.04>,<1.21;1.04>,<0.92;0.92>,,,,,,
184,,80024,,4,<2.3;1.96>,<0.91;1.01>,<0.91;1.01>,<1.21;1.04>,<1.21;1.04>,<0.92;0.92>,,,,,,
185,,80024,,5,<2.3;1.96>,<0.91;1.01>,<0.91;1.01>,<1.21;1.04>,<1.21;1.04>,<0.92;0.92>,,,,,,
186,,80024,,6,<2.3;1.96>,<0.91;1.01>,<0.91;1.01>,<1.21;1.04>,<1.21;1.04>,<0.92;0.92>,,,,,,
187,,80024,,7,<2.3;1.96>,<0.91;1.01>,<0.91;1.01>,<1.21;1.04>,<1.21;1.04>,<0.92;0.92>,,,,,,
188,,80024,,8,<2.3;1.96>,<0.91;1.01>,<0.91;1.01>,<1.21;1.04>,<1.21;1.04>,<0.92;0.92>,,,,,,
189,,80024,,9,<2.3;1.96>,<0.91;1.01>,<0.91;1.01>,<1.21;1.04>,<1.21;1.04>,<0.92;0.92>,,,,,,
190,,80024,,10,<2.3;1.96>,<0.91;1.01>,<0.91;1.01>,<1.21;1.04>,<1.21;1.04>,<0.92;0.92>,,,,,,
191,,80024,,11,<2.3;1.96>,<0.91;1.01>,<0.91;1.01>,<1.21;1.04>,<1.21;1.04>,<0.92;0.92>,,,,,,
192,,80024,,12,<2.3;1.96>,<0.91;1.01>,<0.91;1.01>,<1.21;1.04>,<1.21;1.04>,<0.92;0.92>,,,,,,
193,,80025,,1,<2.3;1.96>,<0.91;1.01>,<0.91;1.01>,<1.21;1.04>,<1.21;1.04>,<0.92;0.92>,,,,,,
194,,80025,,2,<2.3;1.96>,<0.91;1.01>,<0.91;1.01>,<1.21;1.04>,<1.21;1.04>,<0.92;0.92>,,,,,,
195,,80025,,3,<2.3;1.96>,<0.91;1.01>,<0.91;1.01>,<1.21;1.04>,<1.21;1.04>,<0.92;0.92>,,,,,,
196,,80025,,4,<2.3;1.96>,<0.91;1.01>,<0.91;1.01>,<1.21;1.04>,<1.21;1.04>,<0.92;0.92>,,,,,,
197,,80025,,5,<2.3;1.96>,<0.91;1.01>,<0.91;1.01>,<1.21;1.04>,<1.21;1.04>,<0.92;0.92>,,,,,,
198,,80025,,6,<2.3;1.96>,<0.91;1.01>,<0.91;1.01>,<1.21;1.04>,<1.21;1.04>,<0.92;0.92>,,,,,,
199,,80025,,7,<2.3;1.96>,<0.91;1.01>,<0.91;1.01>,<1.21;1.04>,<1.21;1.04>,<0.92;0.92>,,,,,,
200,,80025,,8,<2.3;1.96>,<0.91;1.01>,<0.91;1.01>,<1.21;1.04>,<1.21;1.04>,<0.92;0.92>,,,,,,
201,,80025,,9,<2.3;1.96>,<0.91;1.01>,<0.91;1.01>,<1.21;1.04>,<1.21;1.04>,<0.92;0.92>,,,,,,
202,,80025,,10,<2.3;1.96>,<0.91;1.01>,<0.91;1.01>,<1.21;1.04>,<1.21;1.04>,<0.92;0.92>,,,,,,
203,,80025,,11,<2.3;1.96>,<0.91;1.01>,<0.91;1.01>,<1.21;1.04>,<1.21;1.04>,<0.92;0.92>,,,,,,
204,,80025,,12,<2.3;1.96>,<0.91;1.01>,<0.91;1.01>,<1.21;1.04>,<1.21;1.04>,<0.92;0.92>,,,,,,
205,,80026,,1,<2.3;1.96>,<0.91;1.01>,<0.91;1.01>,<1.21;1.04>,<1.21;1.04>,<0.92;0.92>,,,,,,
206,,80026,,2,<2.3;1.96>,<0.91;1.01>,<0.91;1.01>,<1.21;1.04>,<1.21;1.04>,<0.92;0.92>,,,,,,
207,,80026,,3,<2.3;1.96>,<0.91;1.01>,<0.91;1.01>,<1.21;1.04>,<1.21;1.04>,<0.92;0.92>,,,,,,
208,,80026,,4,<2.3;1.96>,<0.91;1.01>,<0.91;1.01>,<1.21;1.04>,<1.21;1.04>,<0.92;0.92>,,,,,,
209,,80026,,5,<2.3;1.96>,<0.91;1.01>,<0.91;1.01>,<1.21;1.04>,<1.21;1.04>,<0.92;0.92>,,,,,,
210,,80026,,6,<2.3;1.96>,<0.91;1.01>,<0.91;1.01>,<1.21;1.04>,<1.21;1.04>,<0.92;0.92>,,,,,,
211,,80026,,7,<2.3;1.96>,<0.91;1.01>,<0.91;1.01>,<1.21;1.04>,<1.21;1.04>,<0.92;0.92>,,,,,,
212,,80026,,8,<2.3;1.96>,<0.91;1.01>,<0.91;1.01>,<1.21;1.04>,<1.21;1.04>,<0.92;0.92>,,,,,,
213,,80026,,9,<2.3;1.96>,<0.91;1.01>,<0.91;1.01>,<1.21;1.04>,<1.21;1.04>,<0.92;0.92>,,,,,,
214,,80026,,10,<2.3;1.96>,<0.91;1.01>,<0.91;1.01>,<1.21;1.04>,<1.21;1.04>,<0.92;0.92>,,,,,,
215,,80026,,11,<2.3;1.96>,<0.91;1.01>,<0.91;1.01>,<1.21;1.04>,<1.21;1.04>,<0.92;0.92>,,,,,,
216,,80026,,12,<2.3;1.96>,<0.91;1.01>,<0.91;1.01>,<1.21;1.04>,<1.21;1.04>,<0.92;0.92>,,,,,,
217,,80031,{11=1.3},1,<2.76;2.35>,<1.09;1.21>,<1.09;1.21>,<1.45;1.24>,<1.45;1.24>,<0.94;0.94>,,,,,,
218,,80031,{11=1.3},2,<2.76;2.35>,<1.09;1.21>,<1.09;1.21>,<1.45;1.24>,<1.45;1.24>,<0.94;0.94>,,,,,,
219,,80031,{11=1.3},3,<2.76;2.35>,<1.09;1.21>,<1.09;1.21>,<1.45;1.24>,<1.45;1.24>,<0.94;0.94>,,,,,,
220,,80031,{11=1.3},4,<2.76;2.35>,<1.09;1.21>,<1.09;1.21>,<1.45;1.24>,<1.45;1.24>,<0.94;0.94>,,,,,,
221,,80031,{11=1.3},5,<2.76;2.35>,<1.09;1.21>,<1.09;1.21>,<1.45;1.24>,<1.45;1.24>,<0.94;0.94>,,,,,,
222,,80031,{11=1.3},6,<2.76;2.35>,<1.09;1.21>,<1.09;1.21>,<1.45;1.24>,<1.45;1.24>,<0.94;0.94>,,,,,,
223,,80031,{11=1.3},7,<2.76;2.35>,<1.09;1.21>,<1.09;1.21>,<1.45;1.24>,<1.45;1.24>,<0.94;0.94>,,,,,,
224,,80031,{11=1.3},8,<2.76;2.35>,<1.09;1.21>,<1.09;1.21>,<1.45;1.24>,<1.45;1.24>,<0.94;0.94>,,,,,,
225,,80031,{11=1.3},9,<2.76;2.35>,<1.09;1.21>,<1.09;1.21>,<1.45;1.24>,<1.45;1.24>,<0.94;0.94>,,,,,,
226,,80031,{11=1.3},10,<2.76;2.35>,<1.09;1.21>,<1.09;1.21>,<1.45;1.24>,<1.45;1.24>,<0.94;0.94>,,,,,,
227,,80031,{11=1.3},11,<2.76;2.35>,<1.09;1.21>,<1.09;1.21>,<1.45;1.24>,<1.45;1.24>,<0.94;0.94>,,,,,,
228,,80031,{11=1.3},12,<2.76;2.35>,<1.09;1.21>,<1.09;1.21>,<1.45;1.24>,<1.45;1.24>,<0.94;0.94>,,,,,,
229,,80032,{11=1.2},1,<2.76;2.35>,<1.09;1.21>,<1.09;1.21>,<1.45;1.24>,<1.45;1.24>,<0.94;0.94>,,,,,,
230,,80032,{11=1.2},2,<2.76;2.35>,<1.09;1.21>,<1.09;1.21>,<1.45;1.24>,<1.45;1.24>,<0.94;0.94>,,,,,,
231,,80032,{11=1.2},3,<2.76;2.35>,<1.09;1.21>,<1.09;1.21>,<1.45;1.24>,<1.45;1.24>,<0.94;0.94>,,,,,,
232,,80032,{11=1.2},4,<2.76;2.35>,<1.09;1.21>,<1.09;1.21>,<1.45;1.24>,<1.45;1.24>,<0.94;0.94>,,,,,,
233,,80032,{11=1.2},5,<2.76;2.35>,<1.09;1.21>,<1.09;1.21>,<1.45;1.24>,<1.45;1.24>,<0.94;0.94>,,,,,,
234,,80032,{11=1.2},6,<2.76;2.35>,<1.09;1.21>,<1.09;1.21>,<1.45;1.24>,<1.45;1.24>,<0.94;0.94>,,,,,,
235,,80032,{11=1.2},7,<2.76;2.35>,<1.09;1.21>,<1.09;1.21>,<1.45;1.24>,<1.45;1.24>,<0.94;0.94>,,,,,,
236,,80032,{11=1.2},8,<2.76;2.35>,<1.09;1.21>,<1.09;1.21>,<1.45;1.24>,<1.45;1.24>,<0.94;0.94>,,,,,,
237,,80032,{11=1.2},9,<2.76;2.35>,<1.09;1.21>,<1.09;1.21>,<1.45;1.24>,<1.45;1.24>,<0.94;0.94>,,,,,,
238,,80032,{11=1.2},10,<2.76;2.35>,<1.09;1.21>,<1.09;1.21>,<1.45;1.24>,<1.45;1.24>,<0.94;0.94>,,,,,,
239,,80032,{11=1.2},11,<2.76;2.35>,<1.09;1.21>,<1.09;1.21>,<1.45;1.24>,<1.45;1.24>,<0.94;0.94>,,,,,,
240,,80032,{11=1.2},12,<2.76;2.35>,<1.09;1.21>,<1.09;1.21>,<1.45;1.24>,<1.45;1.24>,<0.94;0.94>,,,,,,
241,,80033,{11=1.2},1,<2.76;2.35>,<1.09;1.21>,<1.09;1.21>,<1.45;1.24>,<1.45;1.24>,<0.94;0.94>,,,,,,
242,,80033,{11=1.2},2,<2.76;2.35>,<1.09;1.21>,<1.09;1.21>,<1.45;1.24>,<1.45;1.24>,<0.94;0.94>,,,,,,
243,,80033,{11=1.2},3,<2.76;2.35>,<1.09;1.21>,<1.09;1.21>,<1.45;1.24>,<1.45;1.24>,<0.94;0.94>,,,,,,
244,,80033,{11=1.2},4,<2.76;2.35>,<1.09;1.21>,<1.09;1.21>,<1.45;1.24>,<1.45;1.24>,<0.94;0.94>,,,,,,
245,,80033,{11=1.2},5,<2.76;2.35>,<1.09;1.21>,<1.09;1.21>,<1.45;1.24>,<1.45;1.24>,<0.94;0.94>,,,,,,
246,,80033,{11=1.2},6,<2.76;2.35>,<1.09;1.21>,<1.09;1.21>,<1.45;1.24>,<1.45;1.24>,<0.94;0.94>,,,,,,
247,,80033,{11=1.2},7,<2.76;2.35>,<1.09;1.21>,<1.09;1.21>,<1.45;1.24>,<1.45;1.24>,<0.94;0.94>,,,,,,
248,,80033,{11=1.2},8,<2.76;2.35>,<1.09;1.21>,<1.09;1.21>,<1.45;1.24>,<1.45;1.24>,<0.94;0.94>,,,,,,
249,,80033,{11=1.2},9,<2.76;2.35>,<1.09;1.21>,<1.09;1.21>,<1.45;1.24>,<1.45;1.24>,<0.94;0.94>,,,,,,
250,,80033,{11=1.2},10,<2.76;2.35>,<1.09;1.21>,<1.09;1.21>,<1.45;1.24>,<1.45;1.24>,<0.94;0.94>,,,,,,
251,,80033,{11=1.2},11,<2.76;2.35>,<1.09;1.21>,<1.09;1.21>,<1.45;1.24>,<1.45;1.24>,<0.94;0.94>,,,,,,
252,,80033,{11=1.2},12,<2.76;2.35>,<1.09;1.21>,<1.09;1.21>,<1.45;1.24>,<1.45;1.24>,<0.94;0.94>,,,,,,
253,,80034,,1,<2.76;2.35>,<1.09;1.21>,<1.09;1.21>,<1.45;1.24>,<1.45;1.24>,<0.94;0.94>,,,,,,
254,,80034,,2,<2.76;2.35>,<1.09;1.21>,<1.09;1.21>,<1.45;1.24>,<1.45;1.24>,<0.94;0.94>,,,,,,
255,,80034,,3,<2.76;2.35>,<1.09;1.21>,<1.09;1.21>,<1.45;1.24>,<1.45;1.24>,<0.94;0.94>,,,,,,
256,,80034,,4,<2.76;2.35>,<1.09;1.21>,<1.09;1.21>,<1.45;1.24>,<1.45;1.24>,<0.94;0.94>,,,,,,
257,,80034,,5,<2.76;2.35>,<1.09;1.21>,<1.09;1.21>,<1.45;1.24>,<1.45;1.24>,<0.94;0.94>,,,,,,
258,,80034,,6,<2.76;2.35>,<1.09;1.21>,<1.09;1.21>,<1.45;1.24>,<1.45;1.24>,<0.94;0.94>,,,,,,
259,,80034,,7,<2.76;2.35>,<1.09;1.21>,<1.09;1.21>,<1.45;1.24>,<1.45;1.24>,<0.94;0.94>,,,,,,
260,,80034,,8,<2.76;2.35>,<1.09;1.21>,<1.09;1.21>,<1.45;1.24>,<1.45;1.24>,<0.94;0.94>,,,,,,
261,,80034,,9,<2.76;2.35>,<1.09;1.21>,<1.09;1.21>,<1.45;1.24>,<1.45;1.24>,<0.94;0.94>,,,,,,
262,,80034,,10,<2.76;2.35>,<1.09;1.21>,<1.09;1.21>,<1.45;1.24>,<1.45;1.24>,<0.94;0.94>,,,,,,
263,,80034,,11,<2.76;2.35>,<1.09;1.21>,<1.09;1.21>,<1.45;1.24>,<1.45;1.24>,<0.94;0.94>,,,,,,
264,,80034,,12,<2.76;2.35>,<1.09;1.21>,<1.09;1.21>,<1.45;1.24>,<1.45;1.24>,<0.94;0.94>,,,,,,
265,,80035,,1,<2.76;2.35>,<1.09;1.21>,<1.09;1.21>,<1.45;1.24>,<1.45;1.24>,<0.94;0.94>,,,,,,
266,,80035,,2,<2.76;2.35>,<1.09;1.21>,<1.09;1.21>,<1.45;1.24>,<1.45;1.24>,<0.94;0.94>,,,,,,
267,,80035,,3,<2.76;2.35>,<1.09;1.21>,<1.09;1.21>,<1.45;1.24>,<1.45;1.24>,<0.94;0.94>,,,,,,
268,,80035,,4,<2.76;2.35>,<1.09;1.21>,<1.09;1.21>,<1.45;1.24>,<1.45;1.24>,<0.94;0.94>,,,,,,
269,,80035,,5,<2.76;2.35>,<1.09;1.21>,<1.09;1.21>,<1.45;1.24>,<1.45;1.24>,<0.94;0.94>,,,,,,
270,,80035,,6,<2.76;2.35>,<1.09;1.21>,<1.09;1.21>,<1.45;1.24>,<1.45;1.24>,<0.94;0.94>,,,,,,
271,,80035,,7,<2.76;2.35>,<1.09;1.21>,<1.09;1.21>,<1.45;1.24>,<1.45;1.24>,<0.94;0.94>,,,,,,
272,,80035,,8,<2.76;2.35>,<1.09;1.21>,<1.09;1.21>,<1.45;1.24>,<1.45;1.24>,<0.94;0.94>,,,,,,
273,,80035,,9,<2.76;2.35>,<1.09;1.21>,<1.09;1.21>,<1.45;1.24>,<1.45;1.24>,<0.94;0.94>,,,,,,
274,,80035,,10,<2.76;2.35>,<1.09;1.21>,<1.09;1.21>,<1.45;1.24>,<1.45;1.24>,<0.94;0.94>,,,,,,
275,,80035,,11,<2.76;2.35>,<1.09;1.21>,<1.09;1.21>,<1.45;1.24>,<1.45;1.24>,<0.94;0.94>,,,,,,
276,,80035,,12,<2.76;2.35>,<1.09;1.21>,<1.09;1.21>,<1.45;1.24>,<1.45;1.24>,<0.94;0.94>,,,,,,
277,,80036,,1,<2.76;2.35>,<1.09;1.21>,<1.09;1.21>,<1.45;1.24>,<1.45;1.24>,<0.94;0.94>,,,,,,
278,,80036,,2,<2.76;2.35>,<1.09;1.21>,<1.09;1.21>,<1.45;1.24>,<1.45;1.24>,<0.94;0.94>,,,,,,
279,,80036,,3,<2.76;2.35>,<1.09;1.21>,<1.09;1.21>,<1.45;1.24>,<1.45;1.24>,<0.94;0.94>,,,,,,
280,,80036,,4,<2.76;2.35>,<1.09;1.21>,<1.09;1.21>,<1.45;1.24>,<1.45;1.24>,<0.94;0.94>,,,,,,
281,,80036,,5,<2.76;2.35>,<1.09;1.21>,<1.09;1.21>,<1.45;1.24>,<1.45;1.24>,<0.94;0.94>,,,,,,
282,,80036,,6,<2.76;2.35>,<1.09;1.21>,<1.09;1.21>,<1.45;1.24>,<1.45;1.24>,<0.94;0.94>,,,,,,
283,,80036,,7,<2.76;2.35>,<1.09;1.21>,<1.09;1.21>,<1.45;1.24>,<1.45;1.24>,<0.94;0.94>,,,,,,
284,,80036,,8,<2.76;2.35>,<1.09;1.21>,<1.09;1.21>,<1.45;1.24>,<1.45;1.24>,<0.94;0.94>,,,,,,
285,,80036,,9,<2.76;2.35>,<1.09;1.21>,<1.09;1.21>,<1.45;1.24>,<1.45;1.24>,<0.94;0.94>,,,,,,
286,,80036,,10,<2.76;2.35>,<1.09;1.21>,<1.09;1.21>,<1.45;1.24>,<1.45;1.24>,<0.94;0.94>,,,,,,
287,,80036,,11,<2.76;2.35>,<1.09;1.21>,<1.09;1.21>,<1.45;1.24>,<1.45;1.24>,<0.94;0.94>,,,,,,
288,,80036,,12,<2.76;2.35>,<1.09;1.21>,<1.09;1.21>,<1.45;1.24>,<1.45;1.24>,<0.94;0.94>,,,,,,
289,,80041,{11=1.1},1,<2.3;1.96>,<0.91;1.01>,<0.91;1.01>,<1.21;1.04>,<1.21;1.04>,<0.92;0.92>,,,,,,
290,,80041,{11=1.1},2,<2.3;1.96>,<0.91;1.01>,<0.91;1.01>,<1.21;1.04>,<1.21;1.04>,<0.92;0.92>,,,,,,
291,,80041,{11=1.1},3,<2.3;1.96>,<0.91;1.01>,<0.91;1.01>,<1.21;1.04>,<1.21;1.04>,<0.92;0.92>,,,,,,
292,,80041,{11=1.1},4,<2.3;1.96>,<0.91;1.01>,<0.91;1.01>,<1.21;1.04>,<1.21;1.04>,<0.92;0.92>,,,,,,
293,,80041,{11=1.1},5,<2.3;1.96>,<0.91;1.01>,<0.91;1.01>,<1.21;1.04>,<1.21;1.04>,<0.92;0.92>,,,,,,
294,,80041,{11=1.1},6,<2.3;1.96>,<0.91;1.01>,<0.91;1.01>,<1.21;1.04>,<1.21;1.04>,<0.92;0.92>,,,,,,
295,,80041,{11=1.1},7,<2.3;1.96>,<0.91;1.01>,<0.91;1.01>,<1.21;1.04>,<1.21;1.04>,<0.92;0.92>,,,,,,
296,,80041,{11=1.1},8,<2.3;1.96>,<0.91;1.01>,<0.91;1.01>,<1.21;1.04>,<1.21;1.04>,<0.92;0.92>,,,,,,
297,,80041,{11=1.1},9,<2.3;1.96>,<0.91;1.01>,<0.91;1.01>,<1.21;1.04>,<1.21;1.04>,<0.92;0.92>,,,,,,
298,,80041,{11=1.1},10,<2.3;1.96>,<0.91;1.01>,<0.91;1.01>,<1.21;1.04>,<1.21;1.04>,<0.92;0.92>,,,,,,
299,,80041,{11=1.1},11,<2.3;1.96>,<0.91;1.01>,<0.91;1.01>,<1.21;1.04>,<1.21;1.04>,<0.92;0.92>,,,,,,
300,,80041,{11=1.1},12,<2.3;1.96>,<0.91;1.01>,<0.91;1.01>,<1.21;1.04>,<1.21;1.04>,<0.92;0.92>,,,,,,
301,,80042,{11=1.1},1,<2.3;1.96>,<0.91;1.01>,<0.91;1.01>,<1.21;1.04>,<1.21;1.04>,<0.92;0.92>,,,,,,
302,,80042,{11=1.1},2,<2.3;1.96>,<0.91;1.01>,<0.91;1.01>,<1.21;1.04>,<1.21;1.04>,<0.92;0.92>,,,,,,
303,,80042,{11=1.1},3,<2.3;1.96>,<0.91;1.01>,<0.91;1.01>,<1.21;1.04>,<1.21;1.04>,<0.92;0.92>,,,,,,
304,,80042,{11=1.1},4,<2.3;1.96>,<0.91;1.01>,<0.91;1.01>,<1.21;1.04>,<1.21;1.04>,<0.92;0.92>,,,,,,
305,,80042,{11=1.1},5,<2.3;1.96>,<0.91;1.01>,<0.91;1.01>,<1.21;1.04>,<1.21;1.04>,<0.92;0.92>,,,,,,
306,,80042,{11=1.1},6,<2.3;1.96>,<0.91;1.01>,<0.91;1.01>,<1.21;1.04>,<1.21;1.04>,<0.92;0.92>,,,,,,
307,,80042,{11=1.1},7,<2.3;1.96>,<0.91;1.01>,<0.91;1.01>,<1.21;1.04>,<1.21;1.04>,<0.92;0.92>,,,,,,
308,,80042,{11=1.1},8,<2.3;1.96>,<0.91;1.01>,<0.91;1.01>,<1.21;1.04>,<1.21;1.04>,<0.92;0.92>,,,,,,
309,,80042,{11=1.1},9,<2.3;1.96>,<0.91;1.01>,<0.91;1.01>,<1.21;1.04>,<1.21;1.04>,<0.92;0.92>,,,,,,
310,,80042,{11=1.1},10,<2.3;1.96>,<0.91;1.01>,<0.91;1.01>,<1.21;1.04>,<1.21;1.04>,<0.92;0.92>,,,,,,
311,,80042,{11=1.1},11,<2.3;1.96>,<0.91;1.01>,<0.91;1.01>,<1.21;1.04>,<1.21;1.04>,<0.92;0.92>,,,,,,
312,,80042,{11=1.1},12,<2.3;1.96>,<0.91;1.01>,<0.91;1.01>,<1.21;1.04>,<1.21;1.04>,<0.92;0.92>,,,,,,
313,,80043,{11=2},1,<2.3;1.96>,<0.91;1.01>,<0.91;1.01>,<1.21;1.04>,<1.21;1.04>,<0.92;0.92>,,,,,,
314,,80043,{11=2},2,<2.3;1.96>,<0.91;1.01>,<0.91;1.01>,<1.21;1.04>,<1.21;1.04>,<0.92;0.92>,,,,,,
315,,80043,{11=2},3,<2.3;1.96>,<0.91;1.01>,<0.91;1.01>,<1.21;1.04>,<1.21;1.04>,<0.92;0.92>,,,,,,
316,,80043,{11=2},4,<2.3;1.96>,<0.91;1.01>,<0.91;1.01>,<1.21;1.04>,<1.21;1.04>,<0.92;0.92>,,,,,,
317,,80043,{11=2},5,<2.3;1.96>,<0.91;1.01>,<0.91;1.01>,<1.21;1.04>,<1.21;1.04>,<0.92;0.92>,,,,,,
318,,80043,{11=2},6,<2.3;1.96>,<0.91;1.01>,<0.91;1.01>,<1.21;1.04>,<1.21;1.04>,<0.92;0.92>,,,,,,
319,,80043,{11=2},7,<2.3;1.96>,<0.91;1.01>,<0.91;1.01>,<1.21;1.04>,<1.21;1.04>,<0.92;0.92>,,,,,,
320,,80043,{11=2},8,<2.3;1.96>,<0.91;1.01>,<0.91;1.01>,<1.21;1.04>,<1.21;1.04>,<0.92;0.92>,,,,,,
321,,80043,{11=2},9,<2.3;1.96>,<0.91;1.01>,<0.91;1.01>,<1.21;1.04>,<1.21;1.04>,<0.92;0.92>,,,,,,
322,,80043,{11=2},10,<2.3;1.96>,<0.91;1.01>,<0.91;1.01>,<1.21;1.04>,<1.21;1.04>,<0.92;0.92>,,,,,,
323,,80043,{11=2},11,<2.3;1.96>,<0.91;1.01>,<0.91;1.01>,<1.21;1.04>,<1.21;1.04>,<0.92;0.92>,,,,,,
324,,80043,{11=2},12,<2.3;1.96>,<0.91;1.01>,<0.91;1.01>,<1.21;1.04>,<1.21;1.04>,<0.92;0.92>,,,,,,
325,,80044,,1,<2.3;1.96>,<0.91;1.01>,<0.91;1.01>,<1.21;1.04>,<1.21;1.04>,<0.92;0.92>,,,,,,
326,,80044,,2,<2.3;1.96>,<0.91;1.01>,<0.91;1.01>,<1.21;1.04>,<1.21;1.04>,<0.92;0.92>,,,,,,
327,,80044,,3,<2.3;1.96>,<0.91;1.01>,<0.91;1.01>,<1.21;1.04>,<1.21;1.04>,<0.92;0.92>,,,,,,
328,,80044,,4,<2.3;1.96>,<0.91;1.01>,<0.91;1.01>,<1.21;1.04>,<1.21;1.04>,<0.92;0.92>,,,,,,
329,,80044,,5,<2.3;1.96>,<0.91;1.01>,<0.91;1.01>,<1.21;1.04>,<1.21;1.04>,<0.92;0.92>,,,,,,
330,,80044,,6,<2.3;1.96>,<0.91;1.01>,<0.91;1.01>,<1.21;1.04>,<1.21;1.04>,<0.92;0.92>,,,,,,
331,,80044,,7,<2.3;1.96>,<0.91;1.01>,<0.91;1.01>,<1.21;1.04>,<1.21;1.04>,<0.92;0.92>,,,,,,
332,,80044,,8,<2.3;1.96>,<0.91;1.01>,<0.91;1.01>,<1.21;1.04>,<1.21;1.04>,<0.92;0.92>,,,,,,
333,,80044,,9,<2.3;1.96>,<0.91;1.01>,<0.91;1.01>,<1.21;1.04>,<1.21;1.04>,<0.92;0.92>,,,,,,
334,,80044,,10,<2.3;1.96>,<0.91;1.01>,<0.91;1.01>,<1.21;1.04>,<1.21;1.04>,<0.92;0.92>,,,,,,
335,,80044,,11,<2.3;1.96>,<0.91;1.01>,<0.91;1.01>,<1.21;1.04>,<1.21;1.04>,<0.92;0.92>,,,,,,
336,,80044,,12,<2.3;1.96>,<0.91;1.01>,<0.91;1.01>,<1.21;1.04>,<1.21;1.04>,<0.92;0.92>,,,,,,
337,,80045,,1,<2.3;1.96>,<0.91;1.01>,<0.91;1.01>,<1.21;1.04>,<1.21;1.04>,<0.92;0.92>,,,,,,
338,,80045,,2,<2.3;1.96>,<0.91;1.01>,<0.91;1.01>,<1.21;1.04>,<1.21;1.04>,<0.92;0.92>,,,,,,
339,,80045,,3,<2.3;1.96>,<0.91;1.01>,<0.91;1.01>,<1.21;1.04>,<1.21;1.04>,<0.92;0.92>,,,,,,
340,,80045,,4,<2.3;1.96>,<0.91;1.01>,<0.91;1.01>,<1.21;1.04>,<1.21;1.04>,<0.92;0.92>,,,,,,
341,,80045,,5,<2.3;1.96>,<0.91;1.01>,<0.91;1.01>,<1.21;1.04>,<1.21;1.04>,<0.92;0.92>,,,,,,
342,,80045,,6,<2.3;1.96>,<0.91;1.01>,<0.91;1.01>,<1.21;1.04>,<1.21;1.04>,<0.92;0.92>,,,,,,
343,,80045,,7,<2.3;1.96>,<0.91;1.01>,<0.91;1.01>,<1.21;1.04>,<1.21;1.04>,<0.92;0.92>,,,,,,
344,,80045,,8,<2.3;1.96>,<0.91;1.01>,<0.91;1.01>,<1.21;1.04>,<1.21;1.04>,<0.92;0.92>,,,,,,
345,,80045,,9,<2.3;1.96>,<0.91;1.01>,<0.91;1.01>,<1.21;1.04>,<1.21;1.04>,<0.92;0.92>,,,,,,
346,,80045,,10,<2.3;1.96>,<0.91;1.01>,<0.91;1.01>,<1.21;1.04>,<1.21;1.04>,<0.92;0.92>,,,,,,
347,,80045,,11,<2.3;1.96>,<0.91;1.01>,<0.91;1.01>,<1.21;1.04>,<1.21;1.04>,<0.92;0.92>,,,,,,
348,,80045,,12,<2.3;1.96>,<0.91;1.01>,<0.91;1.01>,<1.21;1.04>,<1.21;1.04>,<0.92;0.92>,,,,,,
349,,80046,,1,<2.3;1.96>,<0.91;1.01>,<0.91;1.01>,<1.21;1.04>,<1.21;1.04>,<0.92;0.92>,,,,,,
350,,80046,,2,<2.3;1.96>,<0.91;1.01>,<0.91;1.01>,<1.21;1.04>,<1.21;1.04>,<0.92;0.92>,,,,,,
351,,80046,,3,<2.3;1.96>,<0.91;1.01>,<0.91;1.01>,<1.21;1.04>,<1.21;1.04>,<0.92;0.92>,,,,,,
352,,80046,,4,<2.3;1.96>,<0.91;1.01>,<0.91;1.01>,<1.21;1.04>,<1.21;1.04>,<0.92;0.92>,,,,,,
353,,80046,,5,<2.3;1.96>,<0.91;1.01>,<0.91;1.01>,<1.21;1.04>,<1.21;1.04>,<0.92;0.92>,,,,,,
354,,80046,,6,<2.3;1.96>,<0.91;1.01>,<0.91;1.01>,<1.21;1.04>,<1.21;1.04>,<0.92;0.92>,,,,,,
355,,80046,,7,<2.3;1.96>,<0.91;1.01>,<0.91;1.01>,<1.21;1.04>,<1.21;1.04>,<0.92;0.92>,,,,,,
356,,80046,,8,<2.3;1.96>,<0.91;1.01>,<0.91;1.01>,<1.21;1.04>,<1.21;1.04>,<0.92;0.92>,,,,,,
357,,80046,,9,<2.3;1.96>,<0.91;1.01>,<0.91;1.01>,<1.21;1.04>,<1.21;1.04>,<0.92;0.92>,,,,,,
358,,80046,,10,<2.3;1.96>,<0.91;1.01>,<0.91;1.01>,<1.21;1.04>,<1.21;1.04>,<0.92;0.92>,,,,,,
359,,80046,,11,<2.3;1.96>,<0.91;1.01>,<0.91;1.01>,<1.21;1.04>,<1.21;1.04>,<0.92;0.92>,,,,,,
360,,80046,,12,<2.3;1.96>,<0.91;1.01>,<0.91;1.01>,<1.21;1.04>,<1.21;1.04>,<0.92;0.92>,,,,,,
361,,80051,{11=1.1},1,<1.59;1.35>,<0.63;0.7>,<0.63;0.7>,<0.83;0.71>,<0.83;0.71>,<0.88;0.88>,,,,,,
362,,80051,{11=1.1},2,<1.59;1.35>,<0.63;0.7>,<0.63;0.7>,<0.83;0.71>,<0.83;0.71>,<0.88;0.88>,,,,,,
363,,80051,{11=1.1},3,<1.59;1.35>,<0.63;0.7>,<0.63;0.7>,<0.83;0.71>,<0.83;0.71>,<0.88;0.88>,,,,,,
364,,80051,{11=1.1},4,<1.59;1.35>,<0.63;0.7>,<0.63;0.7>,<0.83;0.71>,<0.83;0.71>,<0.88;0.88>,,,,,,
365,,80051,{11=1.1},5,<1.59;1.35>,<0.63;0.7>,<0.63;0.7>,<0.83;0.71>,<0.83;0.71>,<0.88;0.88>,,,,,,
366,,80051,{11=1.1},6,<1.59;1.35>,<0.63;0.7>,<0.63;0.7>,<0.83;0.71>,<0.83;0.71>,<0.88;0.88>,,,,,,
367,,80051,{11=1.1},7,<1.59;1.35>,<0.63;0.7>,<0.63;0.7>,<0.83;0.71>,<0.83;0.71>,<0.88;0.88>,,,,,,
368,,80051,{11=1.1},8,<1.59;1.35>,<0.63;0.7>,<0.63;0.7>,<0.83;0.71>,<0.83;0.71>,<0.88;0.88>,,,,,,
369,,80051,{11=1.1},9,<1.59;1.35>,<0.63;0.7>,<0.63;0.7>,<0.83;0.71>,<0.83;0.71>,<0.88;0.88>,,,,,,
370,,80051,{11=1.1},10,<1.59;1.35>,<0.63;0.7>,<0.63;0.7>,<0.83;0.71>,<0.83;0.71>,<0.88;0.88>,,,,,,
371,,80051,{11=1.1},11,<1.59;1.35>,<0.63;0.7>,<0.63;0.7>,<0.83;0.71>,<0.83;0.71>,<0.88;0.88>,,,,,,
372,,80051,{11=1.1},12,<1.59;1.35>,<0.63;0.7>,<0.63;0.7>,<0.83;0.71>,<0.83;0.71>,<0.88;0.88>,,,,,,
373,,80101,{11=1.1},1,<1.76;1.5>,<0.7;0.77>,<0.7;0.77>,<0.92;0.79>,<0.92;0.79>,<0.89;0.89>,,,,,,
374,,80101,{11=1.1},2,<1.76;1.5>,<0.7;0.77>,<0.7;0.77>,<0.92;0.79>,<0.92;0.79>,<0.89;0.89>,,,,,,
375,,80101,{11=1.1},3,<1.76;1.5>,<0.7;0.77>,<0.7;0.77>,<0.92;0.79>,<0.92;0.79>,<0.89;0.89>,,,,,,
376,,80101,{11=1.1},4,<1.76;1.5>,<0.7;0.77>,<0.7;0.77>,<0.92;0.79>,<0.92;0.79>,<0.89;0.89>,,,,,,
377,,80101,{11=1.1},5,<1.76;1.5>,<0.7;0.77>,<0.7;0.77>,<0.92;0.79>,<0.92;0.79>,<0.89;0.89>,,,,,,
378,,80101,{11=1.1},6,<1.76;1.5>,<0.7;0.77>,<0.7;0.77>,<0.92;0.79>,<0.92;0.79>,<0.89;0.89>,,,,,,
379,,80101,{11=1.1},7,<1.76;1.5>,<0.7;0.77>,<0.7;0.77>,<0.92;0.79>,<0.92;0.79>,<0.89;0.89>,,,,,,
380,,80101,{11=1.1},8,<1.76;1.5>,<0.7;0.77>,<0.7;0.77>,<0.92;0.79>,<0.92;0.79>,<0.89;0.89>,,,,,,
381,,80101,{11=1.1},9,<1.76;1.5>,<0.7;0.77>,<0.7;0.77>,<0.92;0.79>,<0.92;0.79>,<0.89;0.89>,,,,,,
382,,80101,{11=1.1},10,<1.76;1.5>,<0.7;0.77>,<0.7;0.77>,<0.92;0.79>,<0.92;0.79>,<0.89;0.89>,,,,,,
383,,80101,{11=1.1},11,<1.76;1.5>,<0.7;0.77>,<0.7;0.77>,<0.92;0.79>,<0.92;0.79>,<0.89;0.89>,,,,,,
384,,80101,{11=1.1},12,<1.76;1.5>,<0.7;0.77>,<0.7;0.77>,<0.92;0.79>,<0.92;0.79>,<0.89;0.89>,,,,,,
385,,80102,{11=1.1},1,<1.76;1.5>,<0.7;0.77>,<0.7;0.77>,<0.92;0.79>,<0.92;0.79>,<0.89;0.89>,,,,,,
386,,80102,{11=1.1},2,<1.76;1.5>,<0.7;0.77>,<0.7;0.77>,<0.92;0.79>,<0.92;0.79>,<0.89;0.89>,,,,,,
387,,80102,{11=1.1},3,<1.76;1.5>,<0.7;0.77>,<0.7;0.77>,<0.92;0.79>,<0.92;0.79>,<0.89;0.89>,,,,,,
388,,80102,{11=1.1},4,<1.76;1.5>,<0.7;0.77>,<0.7;0.77>,<0.92;0.79>,<0.92;0.79>,<0.89;0.89>,,,,,,
389,,80102,{11=1.1},5,<1.76;1.5>,<0.7;0.77>,<0.7;0.77>,<0.92;0.79>,<0.92;0.79>,<0.89;0.89>,,,,,,
390,,80102,{11=1.1},6,<1.76;1.5>,<0.7;0.77>,<0.7;0.77>,<0.92;0.79>,<0.92;0.79>,<0.89;0.89>,,,,,,
391,,80102,{11=1.1},7,<1.76;1.5>,<0.7;0.77>,<0.7;0.77>,<0.92;0.79>,<0.92;0.79>,<0.89;0.89>,,,,,,
392,,80102,{11=1.1},8,<1.76;1.5>,<0.7;0.77>,<0.7;0.77>,<0.92;0.79>,<0.92;0.79>,<0.89;0.89>,,,,,,
393,,80102,{11=1.1},9,<1.76;1.5>,<0.7;0.77>,<0.7;0.77>,<0.92;0.79>,<0.92;0.79>,<0.89;0.89>,,,,,,
394,,80102,{11=1.1},10,<1.76;1.5>,<0.7;0.77>,<0.7;0.77>,<0.92;0.79>,<0.92;0.79>,<0.89;0.89>,,,,,,
395,,80102,{11=1.1},11,<1.76;1.5>,<0.7;0.77>,<0.7;0.77>,<0.92;0.79>,<0.92;0.79>,<0.89;0.89>,,,,,,
396,,80102,{11=1.1},12,<1.76;1.5>,<0.7;0.77>,<0.7;0.77>,<0.92;0.79>,<0.92;0.79>,<0.89;0.89>,,,,,,
397,,80103,{11=1.1},1,<2.01;1.71>,<0.79;0.88>,<0.79;0.88>,<1.05;0.9>,<1.05;0.9>,<0.9;0.9>,,,,,,
398,,80103,{11=1.1},2,<2.01;1.71>,<0.79;0.88>,<0.79;0.88>,<1.05;0.9>,<1.05;0.9>,<0.9;0.9>,,,,,,
399,,80103,{11=1.1},3,<2.01;1.71>,<0.79;0.88>,<0.79;0.88>,<1.05;0.9>,<1.05;0.9>,<0.9;0.9>,,,,,,
400,,80103,{11=1.1},4,<2.01;1.71>,<0.79;0.88>,<0.79;0.88>,<1.05;0.9>,<1.05;0.9>,<0.9;0.9>,,,,,,
401,,80103,{11=1.1},5,<2.01;1.71>,<0.79;0.88>,<0.79;0.88>,<1.05;0.9>,<1.05;0.9>,<0.9;0.9>,,,,,,
402,,80103,{11=1.1},6,<2.01;1.71>,<0.79;0.88>,<0.79;0.88>,<1.05;0.9>,<1.05;0.9>,<0.9;0.9>,,,,,,
403,,80103,{11=1.1},7,<2.01;1.71>,<0.79;0.88>,<0.79;0.88>,<1.05;0.9>,<1.05;0.9>,<0.9;0.9>,,,,,,
404,,80103,{11=1.1},8,<2.01;1.71>,<0.79;0.88>,<0.79;0.88>,<1.05;0.9>,<1.05;0.9>,<0.9;0.9>,,,,,,
405,,80103,{11=1.1},9,<2.01;1.71>,<0.79;0.88>,<0.79;0.88>,<1.05;0.9>,<1.05;0.9>,<0.9;0.9>,,,,,,
406,,80103,{11=1.1},10,<2.01;1.71>,<0.79;0.88>,<0.79;0.88>,<1.05;0.9>,<1.05;0.9>,<0.9;0.9>,,,,,,
407,,80103,{11=1.1},11,<2.01;1.71>,<0.79;0.88>,<0.79;0.88>,<1.05;0.9>,<1.05;0.9>,<0.9;0.9>,,,,,,
408,,80103,{11=1.1},12,<2.01;1.71>,<0.79;0.88>,<0.79;0.88>,<1.05;0.9>,<1.05;0.9>,<0.9;0.9>,,,,,,
409,,80104,,1,<1.76;1.5>,<0.7;0.77>,<0.7;0.77>,<0.92;0.79>,<0.92;0.79>,<0.89;0.89>,,,,,,
410,,80104,,2,<1.76;1.5>,<0.7;0.77>,<0.7;0.77>,<0.92;0.79>,<0.92;0.79>,<0.89;0.89>,,,,,,
411,,80104,,3,<1.76;1.5>,<0.7;0.77>,<0.7;0.77>,<0.92;0.79>,<0.92;0.79>,<0.89;0.89>,,,,,,
412,,80104,,4,<1.76;1.5>,<0.7;0.77>,<0.7;0.77>,<0.92;0.79>,<0.92;0.79>,<0.89;0.89>,,,,,,
413,,80104,,5,<1.76;1.5>,<0.7;0.77>,<0.7;0.77>,<0.92;0.79>,<0.92;0.79>,<0.89;0.89>,,,,,,
414,,80104,,6,<1.76;1.5>,<0.7;0.77>,<0.7;0.77>,<0.92;0.79>,<0.92;0.79>,<0.89;0.89>,,,,,,
415,,80104,,7,<1.76;1.5>,<0.7;0.77>,<0.7;0.77>,<0.92;0.79>,<0.92;0.79>,<0.89;0.89>,,,,,,
416,,80104,,8,<1.76;1.5>,<0.7;0.77>,<0.7;0.77>,<0.92;0.79>,<0.92;0.79>,<0.89;0.89>,,,,,,
417,,80104,,9,<1.76;1.5>,<0.7;0.77>,<0.7;0.77>,<0.92;0.79>,<0.92;0.79>,<0.89;0.89>,,,,,,
418,,80104,,10,<1.76;1.5>,<0.7;0.77>,<0.7;0.77>,<0.92;0.79>,<0.92;0.79>,<0.89;0.89>,,,,,,
419,,80104,,11,<1.76;1.5>,<0.7;0.77>,<0.7;0.77>,<0.92;0.79>,<0.92;0.79>,<0.89;0.89>,,,,,,
420,,80104,,12,<1.76;1.5>,<0.7;0.77>,<0.7;0.77>,<0.92;0.79>,<0.92;0.79>,<0.89;0.89>,,,,,,
421,,80105,,1,<1.76;1.5>,<0.7;0.77>,<0.7;0.77>,<0.92;0.79>,<0.92;0.79>,<0.89;0.89>,,,,,,
422,,80105,,2,<1.76;1.5>,<0.7;0.77>,<0.7;0.77>,<0.92;0.79>,<0.92;0.79>,<0.89;0.89>,,,,,,
423,,80105,,3,<1.76;1.5>,<0.7;0.77>,<0.7;0.77>,<0.92;0.79>,<0.92;0.79>,<0.89;0.89>,,,,,,
424,,80105,,4,<1.76;1.5>,<0.7;0.77>,<0.7;0.77>,<0.92;0.79>,<0.92;0.79>,<0.89;0.89>,,,,,,
425,,80105,,5,<1.76;1.5>,<0.7;0.77>,<0.7;0.77>,<0.92;0.79>,<0.92;0.79>,<0.89;0.89>,,,,,,
426,,80105,,6,<1.76;1.5>,<0.7;0.77>,<0.7;0.77>,<0.92;0.79>,<0.92;0.79>,<0.89;0.89>,,,,,,
427,,80105,,7,<1.76;1.5>,<0.7;0.77>,<0.7;0.77>,<0.92;0.79>,<0.92;0.79>,<0.89;0.89>,,,,,,
428,,80105,,8,<1.76;1.5>,<0.7;0.77>,<0.7;0.77>,<0.92;0.79>,<0.92;0.79>,<0.89;0.89>,,,,,,
429,,80105,,9,<1.76;1.5>,<0.7;0.77>,<0.7;0.77>,<0.92;0.79>,<0.92;0.79>,<0.89;0.89>,,,,,,
430,,80105,,10,<1.76;1.5>,<0.7;0.77>,<0.7;0.77>,<0.92;0.79>,<0.92;0.79>,<0.89;0.89>,,,,,,
431,,80105,,11,<1.76;1.5>,<0.7;0.77>,<0.7;0.77>,<0.92;0.79>,<0.92;0.79>,<0.89;0.89>,,,,,,
432,,80105,,12,<1.76;1.5>,<0.7;0.77>,<0.7;0.77>,<0.92;0.79>,<0.92;0.79>,<0.89;0.89>,,,,,,
433,,80106,,1,<1.76;1.5>,<0.7;0.77>,<0.7;0.77>,<0.92;0.79>,<0.92;0.79>,<0.89;0.89>,,,,,,
434,,80106,,2,<1.76;1.5>,<0.7;0.77>,<0.7;0.77>,<0.92;0.79>,<0.92;0.79>,<0.89;0.89>,,,,,,
435,,80106,,3,<1.76;1.5>,<0.7;0.77>,<0.7;0.77>,<0.92;0.79>,<0.92;0.79>,<0.89;0.89>,,,,,,
436,,80106,,4,<1.76;1.5>,<0.7;0.77>,<0.7;0.77>,<0.92;0.79>,<0.92;0.79>,<0.89;0.89>,,,,,,
437,,80106,,5,<1.76;1.5>,<0.7;0.77>,<0.7;0.77>,<0.92;0.79>,<0.92;0.79>,<0.89;0.89>,,,,,,
438,,80106,,6,<1.76;1.5>,<0.7;0.77>,<0.7;0.77>,<0.92;0.79>,<0.92;0.79>,<0.89;0.89>,,,,,,
439,,80106,,7,<1.76;1.5>,<0.7;0.77>,<0.7;0.77>,<0.92;0.79>,<0.92;0.79>,<0.89;0.89>,,,,,,
440,,80106,,8,<1.76;1.5>,<0.7;0.77>,<0.7;0.77>,<0.92;0.79>,<0.92;0.79>,<0.89;0.89>,,,,,,
441,,80106,,9,<1.76;1.5>,<0.7;0.77>,<0.7;0.77>,<0.92;0.79>,<0.92;0.79>,<0.89;0.89>,,,,,,
442,,80106,,10,<1.76;1.5>,<0.7;0.77>,<0.7;0.77>,<0.92;0.79>,<0.92;0.79>,<0.89;0.89>,,,,,,
443,,80106,,11,<1.76;1.5>,<0.7;0.77>,<0.7;0.77>,<0.92;0.79>,<0.92;0.79>,<0.89;0.89>,,,,,,
444,,80106,,12,<1.76;1.5>,<0.7;0.77>,<0.7;0.77>,<0.92;0.79>,<0.92;0.79>,<0.89;0.89>,,,,,,
445,,80111,{11=1.1},1,<2.42;2.05>,<0.95;1.06>,<0.95;1.06>,<1.27;1.09>,<1.27;1.09>,<0.92;0.92>,,,,,,
446,,80111,{11=1.1},2,<2.42;2.05>,<0.95;1.06>,<0.95;1.06>,<1.27;1.09>,<1.27;1.09>,<0.92;0.92>,,,,,,
447,,80111,{11=1.1},3,<2.42;2.05>,<0.95;1.06>,<0.95;1.06>,<1.27;1.09>,<1.27;1.09>,<0.92;0.92>,,,,,,
448,,80111,{11=1.1},4,<2.42;2.05>,<0.95;1.06>,<0.95;1.06>,<1.27;1.09>,<1.27;1.09>,<0.92;0.92>,,,,,,
449,,80111,{11=1.1},5,<2.42;2.05>,<0.95;1.06>,<0.95;1.06>,<1.27;1.09>,<1.27;1.09>,<0.92;0.92>,,,,,,
450,,80111,{11=1.1},6,<2.42;2.05>,<0.95;1.06>,<0.95;1.06>,<1.27;1.09>,<1.27;1.09>,<0.92;0.92>,,,,,,
451,,80111,{11=1.1},7,<2.42;2.05>,<0.95;1.06>,<0.95;1.06>,<1.27;1.09>,<1.27;1.09>,<0.92;0.92>,,,,,,
452,,80111,{11=1.1},8,<2.42;2.05>,<0.95;1.06>,<0.95;1.06>,<1.27;1.09>,<1.27;1.09>,<0.92;0.92>,,,,,,
453,,80111,{11=1.1},9,<2.42;2.05>,<0.95;1.06>,<0.95;1.06>,<1.27;1.09>,<1.27;1.09>,<0.92;0.92>,,,,,,
454,,80111,{11=1.1},10,<2.42;2.05>,<0.95;1.06>,<0.95;1.06>,<1.27;1.09>,<1.27;1.09>,<0.92;0.92>,,,,,,
455,,80111,{11=1.1},11,<2.42;2.05>,<0.95;1.06>,<0.95;1.06>,<1.27;1.09>,<1.27;1.09>,<0.92;0.92>,,,,,,
456,,80111,{11=1.1},12,<2.42;2.05>,<0.95;1.06>,<0.95;1.06>,<1.27;1.09>,<1.27;1.09>,<0.92;0.92>,,,,,,
457,,80112,{11=1.1},1,<2.12;1.8>,<0.84;0.93>,<0.84;0.93>,<1.11;0.95>,<1.11;0.95>,<0.91;0.91>,,,,,,
458,,80112,{11=1.1},2,<2.12;1.8>,<0.84;0.93>,<0.84;0.93>,<1.11;0.95>,<1.11;0.95>,<0.91;0.91>,,,,,,
459,,80112,{11=1.1},3,<2.12;1.8>,<0.84;0.93>,<0.84;0.93>,<1.11;0.95>,<1.11;0.95>,<0.91;0.91>,,,,,,
460,,80112,{11=1.1},4,<2.12;1.8>,<0.84;0.93>,<0.84;0.93>,<1.11;0.95>,<1.11;0.95>,<0.91;0.91>,,,,,,
461,,80112,{11=1.1},5,<2.12;1.8>,<0.84;0.93>,<0.84;0.93>,<1.11;0.95>,<1.11;0.95>,<0.91;0.91>,,,,,,
462,,80112,{11=1.1},6,<2.12;1.8>,<0.84;0.93>,<0.84;0.93>,<1.11;0.95>,<1.11;0.95>,<0.91;0.91>,,,,,,
463,,80112,{11=1.1},7,<2.12;1.8>,<0.84;0.93>,<0.84;0.93>,<1.11;0.95>,<1.11;0.95>,<0.91;0.91>,,,,,,
464,,80112,{11=1.1},8,<2.12;1.8>,<0.84;0.93>,<0.84;0.93>,<1.11;0.95>,<1.11;0.95>,<0.91;0.91>,,,,,,
465,,80112,{11=1.1},9,<2.12;1.8>,<0.84;0.93>,<0.84;0.93>,<1.11;0.95>,<1.11;0.95>,<0.91;0.91>,,,,,,
466,,80112,{11=1.1},10,<2.12;1.8>,<0.84;0.93>,<0.84;0.93>,<1.11;0.95>,<1.11;0.95>,<0.91;0.91>,,,,,,
467,,80112,{11=1.1},11,<2.12;1.8>,<0.84;0.93>,<0.84;0.93>,<1.11;0.95>,<1.11;0.95>,<0.91;0.91>,,,,,,
468,,80112,{11=1.1},12,<2.12;1.8>,<0.84;0.93>,<0.84;0.93>,<1.11;0.95>,<1.11;0.95>,<0.91;0.91>,,,,,,
469,,80113,{11=3.3},1,<2.12;1.8>,<0.84;0.93>,<0.84;0.93>,<1.11;0.95>,<1.11;0.95>,<0.91;0.91>,,,,,,
470,,80113,{11=3.3},2,<2.12;1.8>,<0.84;0.93>,<0.84;0.93>,<1.11;0.95>,<1.11;0.95>,<0.91;0.91>,,,,,,
471,,80113,{11=3.3},3,<2.12;1.8>,<0.84;0.93>,<0.84;0.93>,<1.11;0.95>,<1.11;0.95>,<0.91;0.91>,,,,,,
472,,80113,{11=3.3},4,<2.12;1.8>,<0.84;0.93>,<0.84;0.93>,<1.11;0.95>,<1.11;0.95>,<0.91;0.91>,,,,,,
473,,80113,{11=3.3},5,<2.12;1.8>,<0.84;0.93>,<0.84;0.93>,<1.11;0.95>,<1.11;0.95>,<0.91;0.91>,,,,,,
474,,80113,{11=3.3},6,<2.12;1.8>,<0.84;0.93>,<0.84;0.93>,<1.11;0.95>,<1.11;0.95>,<0.91;0.91>,,,,,,
475,,80113,{11=3.3},7,<2.12;1.8>,<0.84;0.93>,<0.84;0.93>,<1.11;0.95>,<1.11;0.95>,<0.91;0.91>,,,,,,
476,,80113,{11=3.3},8,<2.12;1.8>,<0.84;0.93>,<0.84;0.93>,<1.11;0.95>,<1.11;0.95>,<0.91;0.91>,,,,,,
477,,80113,{11=3.3},9,<2.12;1.8>,<0.84;0.93>,<0.84;0.93>,<1.11;0.95>,<1.11;0.95>,<0.91;0.91>,,,,,,
478,,80113,{11=3.3},10,<2.12;1.8>,<0.84;0.93>,<0.84;0.93>,<1.11;0.95>,<1.11;0.95>,<0.91;0.91>,,,,,,
479,,80113,{11=3.3},11,<2.12;1.8>,<0.84;0.93>,<0.84;0.93>,<1.11;0.95>,<1.11;0.95>,<0.91;0.91>,,,,,,
480,,80113,{11=3.3},12,<2.12;1.8>,<0.84;0.93>,<0.84;0.93>,<1.11;0.95>,<1.11;0.95>,<0.91;0.91>,,,,,,
481,,80114,,1,<2.12;1.8>,<0.84;0.93>,<0.84;0.93>,<1.11;0.95>,<1.11;0.95>,<0.91;0.91>,,,,,,
482,,80114,,2,<2.12;1.8>,<0.84;0.93>,<0.84;0.93>,<1.11;0.95>,<1.11;0.95>,<0.91;0.91>,,,,,,
483,,80114,,3,<2.12;1.8>,<0.84;0.93>,<0.84;0.93>,<1.11;0.95>,<1.11;0.95>,<0.91;0.91>,,,,,,
484,,80114,,4,<2.12;1.8>,<0.84;0.93>,<0.84;0.93>,<1.11;0.95>,<1.11;0.95>,<0.91;0.91>,,,,,,
485,,80114,,5,<2.12;1.8>,<0.84;0.93>,<0.84;0.93>,<1.11;0.95>,<1.11;0.95>,<0.91;0.91>,,,,,,
486,,80114,,6,<2.12;1.8>,<0.84;0.93>,<0.84;0.93>,<1.11;0.95>,<1.11;0.95>,<0.91;0.91>,,,,,,
487,,80114,,7,<2.12;1.8>,<0.84;0.93>,<0.84;0.93>,<1.11;0.95>,<1.11;0.95>,<0.91;0.91>,,,,,,
488,,80114,,8,<2.12;1.8>,<0.84;0.93>,<0.84;0.93>,<1.11;0.95>,<1.11;0.95>,<0.91;0.91>,,,,,,
489,,80114,,9,<2.12;1.8>,<0.84;0.93>,<0.84;0.93>,<1.11;0.95>,<1.11;0.95>,<0.91;0.91>,,,,,,
490,,80114,,10,<2.12;1.8>,<0.84;0.93>,<0.84;0.93>,<1.11;0.95>,<1.11;0.95>,<0.91;0.91>,,,,,,
491,,80114,,11,<2.12;1.8>,<0.84;0.93>,<0.84;0.93>,<1.11;0.95>,<1.11;0.95>,<0.91;0.91>,,,,,,
492,,80114,,12,<2.12;1.8>,<0.84;0.93>,<0.84;0.93>,<1.11;0.95>,<1.11;0.95>,<0.91;0.91>,,,,,,
493,,80115,,1,<2.12;1.8>,<0.84;0.93>,<0.84;0.93>,<1.11;0.95>,<1.11;0.95>,<0.91;0.91>,,,,,,
494,,80115,,2,<2.12;1.8>,<0.84;0.93>,<0.84;0.93>,<1.11;0.95>,<1.11;0.95>,<0.91;0.91>,,,,,,
495,,80115,,3,<2.12;1.8>,<0.84;0.93>,<0.84;0.93>,<1.11;0.95>,<1.11;0.95>,<0.91;0.91>,,,,,,
496,,80115,,4,<2.12;1.8>,<0.84;0.93>,<0.84;0.93>,<1.11;0.95>,<1.11;0.95>,<0.91;0.91>,,,,,,
497,,80115,,5,<2.12;1.8>,<0.84;0.93>,<0.84;0.93>,<1.11;0.95>,<1.11;0.95>,<0.91;0.91>,,,,,,
498,,80115,,6,<2.12;1.8>,<0.84;0.93>,<0.84;0.93>,<1.11;0.95>,<1.11;0.95>,<0.91;0.91>,,,,,,
499,,80115,,7,<2.12;1.8>,<0.84;0.93>,<0.84;0.93>,<1.11;0.95>,<1.11;0.95>,<0.91;0.91>,,,,,,
500,,80115,,8,<2.12;1.8>,<0.84;0.93>,<0.84;0.93>,<1.11;0.95>,<1.11;0.95>,<0.91;0.91>,,,,,,
501,,80115,,9,<2.12;1.8>,<0.84;0.93>,<0.84;0.93>,<1.11;0.95>,<1.11;0.95>,<0.91;0.91>,,,,,,
502,,80115,,10,<2.12;1.8>,<0.84;0.93>,<0.84;0.93>,<1.11;0.95>,<1.11;0.95>,<0.91;0.91>,,,,,,
503,,80115,,11,<2.12;1.8>,<0.84;0.93>,<0.84;0.93>,<1.11;0.95>,<1.11;0.95>,<0.91;0.91>,,,,,,
504,,80115,,12,<2.12;1.8>,<0.84;0.93>,<0.84;0.93>,<1.11;0.95>,<1.11;0.95>,<0.91;0.91>,,,,,,
505,,80116,,1,<2.12;1.8>,<0.84;0.93>,<0.84;0.93>,<1.11;0.95>,<1.11;0.95>,<0.91;0.91>,,,,,,
506,,80116,,2,<2.12;1.8>,<0.84;0.93>,<0.84;0.93>,<1.11;0.95>,<1.11;0.95>,<0.91;0.91>,,,,,,
507,,80116,,3,<2.12;1.8>,<0.84;0.93>,<0.84;0.93>,<1.11;0.95>,<1.11;0.95>,<0.91;0.91>,,,,,,
508,,80116,,4,<2.12;1.8>,<0.84;0.93>,<0.84;0.93>,<1.11;0.95>,<1.11;0.95>,<0.91;0.91>,,,,,,
509,,80116,,5,<2.12;1.8>,<0.84;0.93>,<0.84;0.93>,<1.11;0.95>,<1.11;0.95>,<0.91;0.91>,,,,,,
510,,80116,,6,<2.12;1.8>,<0.84;0.93>,<0.84;0.93>,<1.11;0.95>,<1.11;0.95>,<0.91;0.91>,,,,,,
511,,80116,,7,<2.12;1.8>,<0.84;0.93>,<0.84;0.93>,<1.11;0.95>,<1.11;0.95>,<0.91;0.91>,,,,,,
512,,80116,,8,<2.12;1.8>,<0.84;0.93>,<0.84;0.93>,<1.11;0.95>,<1.11;0.95>,<0.91;0.91>,,,,,,
513,,80116,,9,<2.12;1.8>,<0.84;0.93>,<0.84;0.93>,<1.11;0.95>,<1.11;0.95>,<0.91;0.91>,,,,,,
514,,80116,,10,<2.12;1.8>,<0.84;0.93>,<0.84;0.93>,<1.11;0.95>,<1.11;0.95>,<0.91;0.91>,,,,,,
515,,80116,,11,<2.12;1.8>,<0.84;0.93>,<0.84;0.93>,<1.11;0.95>,<1.11;0.95>,<0.91;0.91>,,,,,,
516,,80116,,12,<2.12;1.8>,<0.84;0.93>,<0.84;0.93>,<1.11;0.95>,<1.11;0.95>,<0.91;0.91>,,,,,,
517,,80121,,1,<2.54;2.16>,<1;1.12>,<1;1.12>,<1.33;1.14>,<1.33;1.14>,<0.93;0.93>,,,,,,
518,,80121,,2,<2.54;2.16>,<1;1.12>,<1;1.12>,<1.33;1.14>,<1.33;1.14>,<0.93;0.93>,,,,,,
519,,80121,,3,<2.54;2.16>,<1;1.12>,<1;1.12>,<1.33;1.14>,<1.33;1.14>,<0.93;0.93>,,,,,,
520,,80121,,4,<2.54;2.16>,<1;1.12>,<1;1.12>,<1.33;1.14>,<1.33;1.14>,<0.93;0.93>,,,,,,
521,,80121,,5,<2.54;2.16>,<1;1.12>,<1;1.12>,<1.33;1.14>,<1.33;1.14>,<0.93;0.93>,,,,,,
522,,80121,,6,<2.54;2.16>,<1;1.12>,<1;1.12>,<1.33;1.14>,<1.33;1.14>,<0.93;0.93>,,,,,,
523,,80121,,7,<2.54;2.16>,<1;1.12>,<1;1.12>,<1.33;1.14>,<1.33;1.14>,<0.93;0.93>,,,,,,
524,,80121,,8,<2.54;2.16>,<1;1.12>,<1;1.12>,<1.33;1.14>,<1.33;1.14>,<0.93;0.93>,,,,,,
525,,80121,,9,<2.54;2.16>,<1;1.12>,<1;1.12>,<1.33;1.14>,<1.33;1.14>,<0.93;0.93>,,,,,,
526,,80121,,10,<2.54;2.16>,<1;1.12>,<1;1.12>,<1.33;1.14>,<1.33;1.14>,<0.93;0.93>,,,,,,
527,,80121,,11,<2.54;2.16>,<1;1.12>,<1;1.12>,<1.33;1.14>,<1.33;1.14>,<0.93;0.93>,,,,,,
528,,80121,,12,<2.54;2.16>,<1;1.12>,<1;1.12>,<1.33;1.14>,<1.33;1.14>,<0.93;0.93>,,,,,,
529,,80122,{11=1.1},1,<1.02;0.86>,<0.4;0.45>,<0.4;0.45>,<0.53;0.46>,<0.53;0.46>,<0.37;0.37>,,,,,,
530,,80122,{11=1.1},2,<0.51;0.43>,<0.2;0.22>,<0.2;0.22>,<0.27;0.23>,<0.27;0.23>,<0.19;0.19>,,,,,,
531,,80122,{11=1.1},3,<1.3;1.1>,<0.51;0.57>,<0.51;0.57>,<0.68;0.58>,<0.68;0.58>,<0.98;0.98>,,,,,,
532,,80122,{11=1.1},4,<1.3;1.1>,<0.51;0.57>,<0.51;0.57>,<0.68;0.58>,<0.68;0.58>,<0.98;0.98>,,,,,,
533,,80122,{11=1.1},5,<1.3;1.1>,<0.51;0.57>,<0.51;0.57>,<0.68;0.58>,<0.68;0.58>,<0.98;0.98>,,,,,,
534,,80122,{11=1.1},6,<1.3;1.1>,<0.51;0.57>,<0.51;0.57>,<0.68;0.58>,<0.68;0.58>,<0.98;0.98>,,,,,,
535,,80122,{11=1.1},7,<1.3;1.1>,<0.51;0.57>,<0.51;0.57>,<0.68;0.58>,<0.68;0.58>,<0.98;0.98>,,,,,,
536,,80122,{11=1.1},8,<1.3;1.1>,<0.51;0.57>,<0.51;0.57>,<0.68;0.58>,<0.68;0.58>,<0.98;0.98>,,,,,,
537,,80122,{11=1.1},9,<1.3;1.1>,<0.51;0.57>,<0.51;0.57>,<0.68;0.58>,<0.68;0.58>,<0.98;0.98>,,,,,,
538,,80122,{11=1.1},10,<1.3;1.1>,<0.51;0.57>,<0.51;0.57>,<0.68;0.58>,<0.68;0.58>,<0.98;0.98>,,,,,,
539,,80122,{11=1.1},11,<1.3;1.1>,<0.51;0.57>,<0.51;0.57>,<0.68;0.58>,<0.68;0.58>,<0.98;0.98>,,,,,,
540,,80122,{11=1.1},12,<1.3;1.1>,<0.51;0.57>,<0.51;0.57>,<0.68;0.58>,<0.68;0.58>,<0.98;0.98>,,,,,,
541,,80123,{11=2.8},1,<1.3;1.1>,<0.51;0.57>,<0.51;0.57>,<0.68;0.58>,<0.68;0.58>,<0.98;0.98>,,,,,,
542,,80123,{11=2.8},2,<1.3;1.1>,<0.51;0.57>,<0.51;0.57>,<0.68;0.58>,<0.68;0.58>,<0.98;0.98>,,,,,,
543,,80123,{11=2.8},3,<1.3;1.1>,<0.51;0.57>,<0.51;0.57>,<0.68;0.58>,<0.68;0.58>,<0.98;0.98>,,,,,,
544,,80123,{11=2.8},4,<1.3;1.1>,<0.51;0.57>,<0.51;0.57>,<0.68;0.58>,<0.68;0.58>,<0.98;0.98>,,,,,,
545,,80123,{11=2.8},5,<1.3;1.1>,<0.51;0.57>,<0.51;0.57>,<0.68;0.58>,<0.68;0.58>,<0.98;0.98>,,,,,,
546,,80123,{11=2.8},6,<1.3;1.1>,<0.51;0.57>,<0.51;0.57>,<0.68;0.58>,<0.68;0.58>,<0.98;0.98>,,,,,,
547,,80123,{11=2.8},7,<1.3;1.1>,<0.51;0.57>,<0.51;0.57>,<0.68;0.58>,<0.68;0.58>,<0.98;0.98>,,,,,,
548,,80123,{11=2.8},8,<1.3;1.1>,<0.51;0.57>,<0.51;0.57>,<0.68;0.58>,<0.68;0.58>,<0.98;0.98>,,,,,,
549,,80123,{11=2.8},9,<1.3;1.1>,<0.51;0.57>,<0.51;0.57>,<0.68;0.58>,<0.68;0.58>,<0.98;0.98>,,,,,,
550,,80123,{11=2.8},10,<1.3;1.1>,<0.51;0.57>,<0.51;0.57>,<0.68;0.58>,<0.68;0.58>,<0.98;0.98>,,,,,,
551,,80123,{11=2.8},11,<1.3;1.1>,<0.51;0.57>,<0.51;0.57>,<0.68;0.58>,<0.68;0.58>,<0.98;0.98>,,,,,,
552,,80123,{11=2.8},12,<1.3;1.1>,<0.51;0.57>,<0.51;0.57>,<0.68;0.58>,<0.68;0.58>,<0.98;0.98>,,,,,,
553,,80124,{11=1.1},1,<1.3;1.1>,<0.51;0.57>,<0.51;0.57>,<0.68;0.58>,<0.68;0.58>,<0.98;0.98>,,,,,,
554,,80124,{11=1.1},2,<1.3;1.1>,<0.51;0.57>,<0.51;0.57>,<0.68;0.58>,<0.68;0.58>,<0.98;0.98>,,,,,,
555,,80124,{11=1.1},3,<1.3;1.1>,<0.51;0.57>,<0.51;0.57>,<0.68;0.58>,<0.68;0.58>,<0.98;0.98>,,,,,,
556,,80124,{11=1.1},4,<1.3;1.1>,<0.51;0.57>,<0.51;0.57>,<0.68;0.58>,<0.68;0.58>,<0.98;0.98>,,,,,,
557,,80124,{11=1.1},5,<1.3;1.1>,<0.51;0.57>,<0.51;0.57>,<0.68;0.58>,<0.68;0.58>,<0.98;0.98>,,,,,,
558,,80124,{11=1.1},6,<1.3;1.1>,<0.51;0.57>,<0.51;0.57>,<0.68;0.58>,<0.68;0.58>,<0.98;0.98>,,,,,,
559,,80124,{11=1.1},7,<1.3;1.1>,<0.51;0.57>,<0.51;0.57>,<0.68;0.58>,<0.68;0.58>,<0.98;0.98>,,,,,,
560,,80124,{11=1.1},8,<1.3;1.1>,<0.51;0.57>,<0.51;0.57>,<0.68;0.58>,<0.68;0.58>,<0.98;0.98>,,,,,,
561,,80124,{11=1.1},9,<1.3;1.1>,<0.51;0.57>,<0.51;0.57>,<0.68;0.58>,<0.68;0.58>,<0.98;0.98>,,,,,,
562,,80124,{11=1.1},10,<1.3;1.1>,<0.51;0.57>,<0.51;0.57>,<0.68;0.58>,<0.68;0.58>,<0.98;0.98>,,,,,,
563,,80124,{11=1.1},11,<1.3;1.1>,<0.51;0.57>,<0.51;0.57>,<0.68;0.58>,<0.68;0.58>,<0.98;0.98>,,,,,,
564,,80124,{11=1.1},12,<1.3;1.1>,<0.51;0.57>,<0.51;0.57>,<0.68;0.58>,<0.68;0.58>,<0.98;0.98>,,,,,,
565,,80125,,1,<1.3;1.1>,<0.51;0.57>,<0.51;0.57>,<0.68;0.58>,<0.68;0.58>,<0.98;0.98>,,,,,,
566,,80125,,2,<1.3;1.1>,<0.51;0.57>,<0.51;0.57>,<0.68;0.58>,<0.68;0.58>,<0.98;0.98>,,,,,,
567,,80125,,3,<1.3;1.1>,<0.51;0.57>,<0.51;0.57>,<0.68;0.58>,<0.68;0.58>,<0.98;0.98>,,,,,,
568,,80125,,4,<1.3;1.1>,<0.51;0.57>,<0.51;0.57>,<0.68;0.58>,<0.68;0.58>,<0.98;0.98>,,,,,,
569,,80125,,5,<1.3;1.1>,<0.51;0.57>,<0.51;0.57>,<0.68;0.58>,<0.68;0.58>,<0.98;0.98>,,,,,,
570,,80125,,6,<1.3;1.1>,<0.51;0.57>,<0.51;0.57>,<0.68;0.58>,<0.68;0.58>,<0.98;0.98>,,,,,,
571,,80125,,7,<1.3;1.1>,<0.51;0.57>,<0.51;0.57>,<0.68;0.58>,<0.68;0.58>,<0.98;0.98>,,,,,,
572,,80125,,8,<1.3;1.1>,<0.51;0.57>,<0.51;0.57>,<0.68;0.58>,<0.68;0.58>,<0.98;0.98>,,,,,,
573,,80125,,9,<1.3;1.1>,<0.51;0.57>,<0.51;0.57>,<0.68;0.58>,<0.68;0.58>,<0.98;0.98>,,,,,,
574,,80125,,10,<1.3;1.1>,<0.51;0.57>,<0.51;0.57>,<0.68;0.58>,<0.68;0.58>,<0.98;0.98>,,,,,,
575,,80125,,11,<1.3;1.1>,<0.51;0.57>,<0.51;0.57>,<0.68;0.58>,<0.68;0.58>,<0.98;0.98>,,,,,,
576,,80125,,12,<1.3;1.1>,<0.51;0.57>,<0.51;0.57>,<0.68;0.58>,<0.68;0.58>,<0.98;0.98>,,,,,,
577,,80126,,1,<1.3;1.1>,<0.51;0.57>,<0.51;0.57>,<0.68;0.58>,<0.68;0.58>,<0.98;0.98>,,,,,,
578,,80126,,2,<1.3;1.1>,<0.51;0.57>,<0.51;0.57>,<0.68;0.58>,<0.68;0.58>,<0.98;0.98>,,,,,,
579,,80126,,3,<1.3;1.1>,<0.51;0.57>,<0.51;0.57>,<0.68;0.58>,<0.68;0.58>,<0.98;0.98>,,,,,,
580,,80126,,4,<1.3;1.1>,<0.51;0.57>,<0.51;0.57>,<0.68;0.58>,<0.68;0.58>,<0.98;0.98>,,,,,,
581,,80126,,5,<1.3;1.1>,<0.51;0.57>,<0.51;0.57>,<0.68;0.58>,<0.68;0.58>,<0.98;0.98>,,,,,,
582,,80126,,6,<1.3;1.1>,<0.51;0.57>,<0.51;0.57>,<0.68;0.58>,<0.68;0.58>,<0.98;0.98>,,,,,,
583,,80126,,7,<1.3;1.1>,<0.51;0.57>,<0.51;0.57>,<0.68;0.58>,<0.68;0.58>,<0.98;0.98>,,,,,,
584,,80126,,8,<1.3;1.1>,<0.51;0.57>,<0.51;0.57>,<0.68;0.58>,<0.68;0.58>,<0.98;0.98>,,,,,,
585,,80126,,9,<1.3;1.1>,<0.51;0.57>,<0.51;0.57>,<0.68;0.58>,<0.68;0.58>,<0.98;0.98>,,,,,,
586,,80126,,10,<1.3;1.1>,<0.51;0.57>,<0.51;0.57>,<0.68;0.58>,<0.68;0.58>,<0.98;0.98>,,,,,,
587,,80126,,11,<1.3;1.1>,<0.51;0.57>,<0.51;0.57>,<0.68;0.58>,<0.68;0.58>,<0.98;0.98>,,,,,,
588,,80126,,12,<1.3;1.1>,<0.51;0.57>,<0.51;0.57>,<0.68;0.58>,<0.68;0.58>,<0.98;0.98>,,,,,,
589,,80131,{11=1},1,<2.54;2.16>,<1;1.12>,<1;1.12>,<1.33;1.14>,<1.33;1.14>,<0.93;0.93>,,,,,,
590,,80131,{11=1},2,<2.54;2.16>,<1;1.12>,<1;1.12>,<1.33;1.14>,<1.33;1.14>,<0.93;0.93>,,,,,,
591,,80131,{11=1},3,<2.54;2.16>,<1;1.12>,<1;1.12>,<1.33;1.14>,<1.33;1.14>,<0.93;0.93>,,,,,,
592,,80131,{11=1},4,<2.54;2.16>,<1;1.12>,<1;1.12>,<1.33;1.14>,<1.33;1.14>,<0.93;0.93>,,,,,,
593,,80131,{11=1},5,<2.54;2.16>,<1;1.12>,<1;1.12>,<1.33;1.14>,<1.33;1.14>,<0.93;0.93>,,,,,,
594,,80131,{11=1},6,<2.54;2.16>,<1;1.12>,<1;1.12>,<1.33;1.14>,<1.33;1.14>,<0.93;0.93>,,,,,,
595,,80131,{11=1},7,<2.54;2.16>,<1;1.12>,<1;1.12>,<1.33;1.14>,<1.33;1.14>,<0.93;0.93>,,,,,,
596,,80131,{11=1},8,<2.54;2.16>,<1;1.12>,<1;1.12>,<1.33;1.14>,<1.33;1.14>,<0.93;0.93>,,,,,,
597,,80131,{11=1},9,<2.54;2.16>,<1;1.12>,<1;1.12>,<1.33;1.14>,<1.33;1.14>,<0.93;0.93>,,,,,,
598,,80131,{11=1},10,<2.54;2.16>,<1;1.12>,<1;1.12>,<1.33;1.14>,<1.33;1.14>,<0.93;0.93>,,,,,,
599,,80131,{11=1},11,<2.54;2.16>,<1;1.12>,<1;1.12>,<1.33;1.14>,<1.33;1.14>,<0.93;0.93>,,,,,,
600,,80131,{11=1},12,<2.54;2.16>,<1;1.12>,<1;1.12>,<1.33;1.14>,<1.33;1.14>,<0.93;0.93>,,,,,,
601,,80132,{11=1.1},1,<2.54;2.16>,<1;1.12>,<1;1.12>,<1.33;1.14>,<1.33;1.14>,<0.93;0.93>,,,,,,
602,,80132,{11=1.1},2,<2.54;2.16>,<1;1.12>,<1;1.12>,<1.33;1.14>,<1.33;1.14>,<0.93;0.93>,,,,,,
603,,80132,{11=1.1},3,<2.54;2.16>,<1;1.12>,<1;1.12>,<1.33;1.14>,<1.33;1.14>,<0.93;0.93>,,,,,,
604,,80132,{11=1.1},4,<2.54;2.16>,<1;1.12>,<1;1.12>,<1.33;1.14>,<1.33;1.14>,<0.93;0.93>,,,,,,
605,,80132,{11=1.1},5,<2.54;2.16>,<1;1.12>,<1;1.12>,<1.33;1.14>,<1.33;1.14>,<0.93;0.93>,,,,,,
606,,80132,{11=1.1},6,<2.54;2.16>,<1;1.12>,<1;1.12>,<1.33;1.14>,<1.33;1.14>,<0.93;0.93>,,,,,,
607,,80132,{11=1.1},7,<2.54;2.16>,<1;1.12>,<1;1.12>,<1.33;1.14>,<1.33;1.14>,<0.93;0.93>,,,,,,
608,,80132,{11=1.1},8,<2.54;2.16>,<1;1.12>,<1;1.12>,<1.33;1.14>,<1.33;1.14>,<0.93;0.93>,,,,,,
609,,80132,{11=1.1},9,<2.54;2.16>,<1;1.12>,<1;1.12>,<1.33;1.14>,<1.33;1.14>,<0.93;0.93>,,,,,,
610,,80132,{11=1.1},10,<2.54;2.16>,<1;1.12>,<1;1.12>,<1.33;1.14>,<1.33;1.14>,<0.93;0.93>,,,,,,
611,,80132,{11=1.1},11,<2.54;2.16>,<1;1.12>,<1;1.12>,<1.33;1.14>,<1.33;1.14>,<0.93;0.93>,,,,,,
612,,80132,{11=1.1},12,<2.54;2.16>,<1;1.12>,<1;1.12>,<1.33;1.14>,<1.33;1.14>,<0.93;0.93>,,,,,,
613,,80133,{11=1.1},1,<2.54;2.16>,<1;1.12>,<1;1.12>,<1.33;1.14>,<1.33;1.14>,<0.93;0.93>,,,,,,
614,,80133,{11=1.1},2,<2.54;2.16>,<1;1.12>,<1;1.12>,<1.33;1.14>,<1.33;1.14>,<0.93;0.93>,,,,,,
615,,80133,{11=1.1},3,<2.54;2.16>,<1;1.12>,<1;1.12>,<1.33;1.14>,<1.33;1.14>,<0.93;0.93>,,,,,,
616,,80133,{11=1.1},4,<2.54;2.16>,<1;1.12>,<1;1.12>,<1.33;1.14>,<1.33;1.14>,<0.93;0.93>,,,,,,
617,,80133,{11=1.1},5,<2.54;2.16>,<1;1.12>,<1;1.12>,<1.33;1.14>,<1.33;1.14>,<0.93;0.93>,,,,,,
618,,80133,{11=1.1},6,<2.54;2.16>,<1;1.12>,<1;1.12>,<1.33;1.14>,<1.33;1.14>,<0.93;0.93>,,,,,,
619,,80133,{11=1.1},7,<2.54;2.16>,<1;1.12>,<1;1.12>,<1.33;1.14>,<1.33;1.14>,<0.93;0.93>,,,,,,
620,,80133,{11=1.1},8,<2.54;2.16>,<1;1.12>,<1;1.12>,<1.33;1.14>,<1.33;1.14>,<0.93;0.93>,,,,,,
621,,80133,{11=1.1},9,<2.54;2.16>,<1;1.12>,<1;1.12>,<1.33;1.14>,<1.33;1.14>,<0.93;0.93>,,,,,,
622,,80133,{11=1.1},10,<2.54;2.16>,<1;1.12>,<1;1.12>,<1.33;1.14>,<1.33;1.14>,<0.93;0.93>,,,,,,
623,,80133,{11=1.1},11,<2.54;2.16>,<1;1.12>,<1;1.12>,<1.33;1.14>,<1.33;1.14>,<0.93;0.93>,,,,,,
624,,80133,{11=1.1},12,<2.54;2.16>,<1;1.12>,<1;1.12>,<1.33;1.14>,<1.33;1.14>,<0.93;0.93>,,,,,,
625,,80134,{11=2.7},1,<2.54;2.16>,<1;1.12>,<1;1.12>,<1.33;1.14>,<1.33;1.14>,<0.93;0.93>,,,,,,
626,,80134,{11=2.7},2,<2.54;2.16>,<1;1.12>,<1;1.12>,<1.33;1.14>,<1.33;1.14>,<0.93;0.93>,,,,,,
627,,80134,{11=2.7},3,<2.54;2.16>,<1;1.12>,<1;1.12>,<1.33;1.14>,<1.33;1.14>,<0.93;0.93>,,,,,,
628,,80134,{11=2.7},4,<2.54;2.16>,<1;1.12>,<1;1.12>,<1.33;1.14>,<1.33;1.14>,<0.93;0.93>,,,,,,
629,,80134,{11=2.7},5,<2.54;2.16>,<1;1.12>,<1;1.12>,<1.33;1.14>,<1.33;1.14>,<0.93;0.93>,,,,,,
630,,80134,{11=2.7},6,<2.54;2.16>,<1;1.12>,<1;1.12>,<1.33;1.14>,<1.33;1.14>,<0.93;0.93>,,,,,,
631,,80134,{11=2.7},7,<2.54;2.16>,<1;1.12>,<1;1.12>,<1.33;1.14>,<1.33;1.14>,<0.93;0.93>,,,,,,
632,,80134,{11=2.7},8,<2.54;2.16>,<1;1.12>,<1;1.12>,<1.33;1.14>,<1.33;1.14>,<0.93;0.93>,,,,,,
633,,80134,{11=2.7},9,<2.54;2.16>,<1;1.12>,<1;1.12>,<1.33;1.14>,<1.33;1.14>,<0.93;0.93>,,,,,,
634,,80134,{11=2.7},10,<2.54;2.16>,<1;1.12>,<1;1.12>,<1.33;1.14>,<1.33;1.14>,<0.93;0.93>,,,,,,
635,,80134,{11=2.7},11,<2.54;2.16>,<1;1.12>,<1;1.12>,<1.33;1.14>,<1.33;1.14>,<0.93;0.93>,,,,,,
636,,80134,{11=2.7},12,<2.54;2.16>,<1;1.12>,<1;1.12>,<1.33;1.14>,<1.33;1.14>,<0.93;0.93>,,,,,,
637,,80135,,1,<2.54;2.16>,<1;1.12>,<1;1.12>,<1.33;1.14>,<1.33;1.14>,<0.93;0.93>,,,,,,
638,,80135,,2,<2.54;2.16>,<1;1.12>,<1;1.12>,<1.33;1.14>,<1.33;1.14>,<0.93;0.93>,,,,,,
639,,80135,,3,<2.54;2.16>,<1;1.12>,<1;1.12>,<1.33;1.14>,<1.33;1.14>,<0.93;0.93>,,,,,,
640,,80135,,4,<2.54;2.16>,<1;1.12>,<1;1.12>,<1.33;1.14>,<1.33;1.14>,<0.93;0.93>,,,,,,
641,,80135,,5,<2.54;2.16>,<1;1.12>,<1;1.12>,<1.33;1.14>,<1.33;1.14>,<0.93;0.93>,,,,,,
642,,80135,,6,<2.54;2.16>,<1;1.12>,<1;1.12>,<1.33;1.14>,<1.33;1.14>,<0.93;0.93>,,,,,,
643,,80135,,7,<2.54;2.16>,<1;1.12>,<1;1.12>,<1.33;1.14>,<1.33;1.14>,<0.93;0.93>,,,,,,
644,,80135,,8,<2.54;2.16>,<1;1.12>,<1;1.12>,<1.33;1.14>,<1.33;1.14>,<0.93;0.93>,,,,,,
645,,80135,,9,<2.54;2.16>,<1;1.12>,<1;1.12>,<1.33;1.14>,<1.33;1.14>,<0.93;0.93>,,,,,,
646,,80135,,10,<2.54;2.16>,<1;1.12>,<1;1.12>,<1.33;1.14>,<1.33;1.14>,<0.93;0.93>,,,,,,
647,,80135,,11,<2.54;2.16>,<1;1.12>,<1;1.12>,<1.33;1.14>,<1.33;1.14>,<0.93;0.93>,,,,,,
648,,80135,,12,<2.54;2.16>,<1;1.12>,<1;1.12>,<1.33;1.14>,<1.33;1.14>,<0.93;0.93>,,,,,,
649,,80136,,1,<2.54;2.16>,<1;1.12>,<1;1.12>,<1.33;1.14>,<1.33;1.14>,<0.93;0.93>,,,,,,
650,,80136,,2,<2.54;2.16>,<1;1.12>,<1;1.12>,<1.33;1.14>,<1.33;1.14>,<0.93;0.93>,,,,,,
651,,80136,,3,<2.54;2.16>,<1;1.12>,<1;1.12>,<1.33;1.14>,<1.33;1.14>,<0.93;0.93>,,,,,,
652,,80136,,4,<2.54;2.16>,<1;1.12>,<1;1.12>,<1.33;1.14>,<1.33;1.14>,<0.93;0.93>,,,,,,
653,,80136,,5,<2.54;2.16>,<1;1.12>,<1;1.12>,<1.33;1.14>,<1.33;1.14>,<0.93;0.93>,,,,,,
654,,80136,,6,<2.54;2.16>,<1;1.12>,<1;1.12>,<1.33;1.14>,<1.33;1.14>,<0.93;0.93>,,,,,,
655,,80136,,7,<2.54;2.16>,<1;1.12>,<1;1.12>,<1.33;1.14>,<1.33;1.14>,<0.93;0.93>,,,,,,
656,,80136,,8,<2.54;2.16>,<1;1.12>,<1;1.12>,<1.33;1.14>,<1.33;1.14>,<0.93;0.93>,,,,,,
657,,80136,,9,<2.54;2.16>,<1;1.12>,<1;1.12>,<1.33;1.14>,<1.33;1.14>,<0.93;0.93>,,,,,,
658,,80136,,10,<2.54;2.16>,<1;1.12>,<1;1.12>,<1.33;1.14>,<1.33;1.14>,<0.93;0.93>,,,,,,
659,,80136,,11,<2.54;2.16>,<1;1.12>,<1;1.12>,<1.33;1.14>,<1.33;1.14>,<0.93;0.93>,,,,,,
660,,80136,,12,<2.54;2.16>,<1;1.12>,<1;1.12>,<1.33;1.14>,<1.33;1.14>,<0.93;0.93>,,,,,,
661,,80141,{11=1.3},1,<3.04;2.58>,<1.2;1.34>,<1.2;1.34>,<1.6;1.37>,<1.6;1.37>,<0.95;0.95>,,,,,,
662,,80141,{11=1.3},2,<3.04;2.58>,<1.2;1.34>,<1.2;1.34>,<1.6;1.37>,<1.6;1.37>,<0.95;0.95>,,,,,,
663,,80141,{11=1.3},3,<3.04;2.58>,<1.2;1.34>,<1.2;1.34>,<1.6;1.37>,<1.6;1.37>,<0.95;0.95>,,,,,,
664,,80141,{11=1.3},4,<3.04;2.58>,<1.2;1.34>,<1.2;1.34>,<1.6;1.37>,<1.6;1.37>,<0.95;0.95>,,,,,,
665,,80141,{11=1.3},5,<3.04;2.58>,<1.2;1.34>,<1.2;1.34>,<1.6;1.37>,<1.6;1.37>,<0.95;0.95>,,,,,,
666,,80141,{11=1.3},6,<3.04;2.58>,<1.2;1.34>,<1.2;1.34>,<1.6;1.37>,<1.6;1.37>,<0.95;0.95>,,,,,,
667,,80141,{11=1.3},7,<3.04;2.58>,<1.2;1.34>,<1.2;1.34>,<1.6;1.37>,<1.6;1.37>,<0.95;0.95>,,,,,,
668,,80141,{11=1.3},8,<3.04;2.58>,<1.2;1.34>,<1.2;1.34>,<1.6;1.37>,<1.6;1.37>,<0.95;0.95>,,,,,,
669,,80141,{11=1.3},9,<3.04;2.58>,<1.2;1.34>,<1.2;1.34>,<1.6;1.37>,<1.6;1.37>,<0.95;0.95>,,,,,,
670,,80141,{11=1.3},10,<3.04;2.58>,<1.2;1.34>,<1.2;1.34>,<1.6;1.37>,<1.6;1.37>,<0.95;0.95>,,,,,,
671,,80141,{11=1.3},11,<3.04;2.58>,<1.2;1.34>,<1.2;1.34>,<1.6;1.37>,<1.6;1.37>,<0.95;0.95>,,,,,,
672,,80141,{11=1.3},12,<3.04;2.58>,<1.2;1.34>,<1.2;1.34>,<1.6;1.37>,<1.6;1.37>,<0.95;0.95>,,,,,,
673,,80142,{11=1.1},1,<3.04;2.58>,<1.2;1.34>,<1.2;1.34>,<1.6;1.37>,<1.6;1.37>,<0.95;0.95>,,,,,,
674,,80142,{11=1.1},2,<3.04;2.58>,<1.2;1.34>,<1.2;1.34>,<1.6;1.37>,<1.6;1.37>,<0.95;0.95>,,,,,,
675,,80142,{11=1.1},3,<3.04;2.58>,<1.2;1.34>,<1.2;1.34>,<1.6;1.37>,<1.6;1.37>,<0.95;0.95>,,,,,,
676,,80142,{11=1.1},4,<3.04;2.58>,<1.2;1.34>,<1.2;1.34>,<1.6;1.37>,<1.6;1.37>,<0.95;0.95>,,,,,,
677,,80142,{11=1.1},5,<3.04;2.58>,<1.2;1.34>,<1.2;1.34>,<1.6;1.37>,<1.6;1.37>,<0.95;0.95>,,,,,,
678,,80142,{11=1.1},6,<3.04;2.58>,<1.2;1.34>,<1.2;1.34>,<1.6;1.37>,<1.6;1.37>,<0.95;0.95>,,,,,,
679,,80142,{11=1.1},7,<3.04;2.58>,<1.2;1.34>,<1.2;1.34>,<1.6;1.37>,<1.6;1.37>,<0.95;0.95>,,,,,,
680,,80142,{11=1.1},8,<3.04;2.58>,<1.2;1.34>,<1.2;1.34>,<1.6;1.37>,<1.6;1.37>,<0.95;0.95>,,,,,,
681,,80142,{11=1.1},9,<3.04;2.58>,<1.2;1.34>,<1.2;1.34>,<1.6;1.37>,<1.6;1.37>,<0.95;0.95>,,,,,,
682,,80142,{11=1.1},10,<3.04;2.58>,<1.2;1.34>,<1.2;1.34>,<1.6;1.37>,<1.6;1.37>,<0.95;0.95>,,,,,,
683,,80142,{11=1.1},11,<3.04;2.58>,<1.2;1.34>,<1.2;1.34>,<1.6;1.37>,<1.6;1.37>,<0.95;0.95>,,,,,,
684,,80142,{11=1.1},12,<3.04;2.58>,<1.2;1.34>,<1.2;1.34>,<1.6;1.37>,<1.6;1.37>,<0.95;0.95>,,,,,,
685,,80143,{11=1.1},1,<3.04;2.58>,<1.2;1.34>,<1.2;1.34>,<1.6;1.37>,<1.6;1.37>,<0.95;0.95>,,,,,,
686,,80143,{11=1.1},2,<3.04;2.58>,<1.2;1.34>,<1.2;1.34>,<1.6;1.37>,<1.6;1.37>,<0.95;0.95>,,,,,,
687,,80143,{11=1.1},3,<3.04;2.58>,<1.2;1.34>,<1.2;1.34>,<1.6;1.37>,<1.6;1.37>,<0.95;0.95>,,,,,,
688,,80143,{11=1.1},4,<3.04;2.58>,<1.2;1.34>,<1.2;1.34>,<1.6;1.37>,<1.6;1.37>,<0.95;0.95>,,,,,,
689,,80143,{11=1.1},5,<3.04;2.58>,<1.2;1.34>,<1.2;1.34>,<1.6;1.37>,<1.6;1.37>,<0.95;0.95>,,,,,,
690,,80143,{11=1.1},6,<3.04;2.58>,<1.2;1.34>,<1.2;1.34>,<1.6;1.37>,<1.6;1.37>,<0.95;0.95>,,,,,,
691,,80143,{11=1.1},7,<3.04;2.58>,<1.2;1.34>,<1.2;1.34>,<1.6;1.37>,<1.6;1.37>,<0.95;0.95>,,,,,,
692,,80143,{11=1.1},8,<3.04;2.58>,<1.2;1.34>,<1.2;1.34>,<1.6;1.37>,<1.6;1.37>,<0.95;0.95>,,,,,,
693,,80143,{11=1.1},9,<3.04;2.58>,<1.2;1.34>,<1.2;1.34>,<1.6;1.37>,<1.6;1.37>,<0.95;0.95>,,,,,,
694,,80143,{11=1.1},10,<3.04;2.58>,<1.2;1.34>,<1.2;1.34>,<1.6;1.37>,<1.6;1.37>,<0.95;0.95>,,,,,,
695,,80143,{11=1.1},11,<3.04;2.58>,<1.2;1.34>,<1.2;1.34>,<1.6;1.37>,<1.6;1.37>,<0.95;0.95>,,,,,,
696,,80143,{11=1.1},12,<3.04;2.58>,<1.2;1.34>,<1.2;1.34>,<1.6;1.37>,<1.6;1.37>,<0.95;0.95>,,,,,,
697,,80144,,1,<3.04;2.58>,<1.2;1.34>,<1.2;1.34>,<1.6;1.37>,<1.6;1.37>,<0.95;0.95>,,,,,,
698,,80144,,2,<3.04;2.58>,<1.2;1.34>,<1.2;1.34>,<1.6;1.37>,<1.6;1.37>,<0.95;0.95>,,,,,,
699,,80144,,3,<3.04;2.58>,<1.2;1.34>,<1.2;1.34>,<1.6;1.37>,<1.6;1.37>,<0.95;0.95>,,,,,,
700,,80144,,4,<3.04;2.58>,<1.2;1.34>,<1.2;1.34>,<1.6;1.37>,<1.6;1.37>,<0.95;0.95>,,,,,,
701,,80144,,5,<3.04;2.58>,<1.2;1.34>,<1.2;1.34>,<1.6;1.37>,<1.6;1.37>,<0.95;0.95>,,,,,,
702,,80144,,6,<3.04;2.58>,<1.2;1.34>,<1.2;1.34>,<1.6;1.37>,<1.6;1.37>,<0.95;0.95>,,,,,,
703,,80144,,7,<3.04;2.58>,<1.2;1.34>,<1.2;1.34>,<1.6;1.37>,<1.6;1.37>,<0.95;0.95>,,,,,,
704,,80144,,8,<3.04;2.58>,<1.2;1.34>,<1.2;1.34>,<1.6;1.37>,<1.6;1.37>,<0.95;0.95>,,,,,,
705,,80144,,9,<3.04;2.58>,<1.2;1.34>,<1.2;1.34>,<1.6;1.37>,<1.6;1.37>,<0.95;0.95>,,,,,,
706,,80144,,10,<3.04;2.58>,<1.2;1.34>,<1.2;1.34>,<1.6;1.37>,<1.6;1.37>,<0.95;0.95>,,,,,,
707,,80144,,11,<3.04;2.58>,<1.2;1.34>,<1.2;1.34>,<1.6;1.37>,<1.6;1.37>,<0.95;0.95>,,,,,,
708,,80144,,12,<3.04;2.58>,<1.2;1.34>,<1.2;1.34>,<1.6;1.37>,<1.6;1.37>,<0.95;0.95>,,,,,,
709,,80145,,1,<3.04;2.58>,<1.2;1.34>,<1.2;1.34>,<1.6;1.37>,<1.6;1.37>,<0.95;0.95>,,,,,,
710,,80145,,2,<3.04;2.58>,<1.2;1.34>,<1.2;1.34>,<1.6;1.37>,<1.6;1.37>,<0.95;0.95>,,,,,,
711,,80145,,3,<3.04;2.58>,<1.2;1.34>,<1.2;1.34>,<1.6;1.37>,<1.6;1.37>,<0.95;0.95>,,,,,,
712,,80145,,4,<3.04;2.58>,<1.2;1.34>,<1.2;1.34>,<1.6;1.37>,<1.6;1.37>,<0.95;0.95>,,,,,,
713,,80145,,5,<3.04;2.58>,<1.2;1.34>,<1.2;1.34>,<1.6;1.37>,<1.6;1.37>,<0.95;0.95>,,,,,,
714,,80145,,6,<3.04;2.58>,<1.2;1.34>,<1.2;1.34>,<1.6;1.37>,<1.6;1.37>,<0.95;0.95>,,,,,,
715,,80145,,7,<3.04;2.58>,<1.2;1.34>,<1.2;1.34>,<1.6;1.37>,<1.6;1.37>,<0.95;0.95>,,,,,,
716,,80145,,8,<3.04;2.58>,<1.2;1.34>,<1.2;1.34>,<1.6;1.37>,<1.6;1.37>,<0.95;0.95>,,,,,,
717,,80145,,9,<3.04;2.58>,<1.2;1.34>,<1.2;1.34>,<1.6;1.37>,<1.6;1.37>,<0.95;0.95>,,,,,,
718,,80145,,10,<3.04;2.58>,<1.2;1.34>,<1.2;1.34>,<1.6;1.37>,<1.6;1.37>,<0.95;0.95>,,,,,,
719,,80145,,11,<3.04;2.58>,<1.2;1.34>,<1.2;1.34>,<1.6;1.37>,<1.6;1.37>,<0.95;0.95>,,,,,,
720,,80145,,12,<3.04;2.58>,<1.2;1.34>,<1.2;1.34>,<1.6;1.37>,<1.6;1.37>,<0.95;0.95>,,,,,,
721,,80146,,1,<3.04;2.58>,<1.2;1.34>,<1.2;1.34>,<1.6;1.37>,<1.6;1.37>,<0.95;0.95>,,,,,,
722,,80146,,2,<3.04;2.58>,<1.2;1.34>,<1.2;1.34>,<1.6;1.37>,<1.6;1.37>,<0.95;0.95>,,,,,,
723,,80146,,3,<3.04;2.58>,<1.2;1.34>,<1.2;1.34>,<1.6;1.37>,<1.6;1.37>,<0.95;0.95>,,,,,,
724,,80146,,4,<3.04;2.58>,<1.2;1.34>,<1.2;1.34>,<1.6;1.37>,<1.6;1.37>,<0.95;0.95>,,,,,,
725,,80146,,5,<3.04;2.58>,<1.2;1.34>,<1.2;1.34>,<1.6;1.37>,<1.6;1.37>,<0.95;0.95>,,,,,,
726,,80146,,6,<3.04;2.58>,<1.2;1.34>,<1.2;1.34>,<1.6;1.37>,<1.6;1.37>,<0.95;0.95>,,,,,,
727,,80146,,7,<3.04;2.58>,<1.2;1.34>,<1.2;1.34>,<1.6;1.37>,<1.6;1.37>,<0.95;0.95>,,,,,,
728,,80146,,8,<3.04;2.58>,<1.2;1.34>,<1.2;1.34>,<1.6;1.37>,<1.6;1.37>,<0.95;0.95>,,,,,,
729,,80146,,9,<3.04;2.58>,<1.2;1.34>,<1.2;1.34>,<1.6;1.37>,<1.6;1.37>,<0.95;0.95>,,,,,,
730,,80146,,10,<3.04;2.58>,<1.2;1.34>,<1.2;1.34>,<1.6;1.37>,<1.6;1.37>,<0.95;0.95>,,,,,,
731,,80146,,11,<3.04;2.58>,<1.2;1.34>,<1.2;1.34>,<1.6;1.37>,<1.6;1.37>,<0.95;0.95>,,,,,,
732,,80146,,12,<3.04;2.58>,<1.2;1.34>,<1.2;1.34>,<1.6;1.37>,<1.6;1.37>,<0.95;0.95>,,,,,,
733,,80151,{11=1.1},1,<1.78;1.51>,<0.7;0.78>,<0.7;0.78>,<0.93;0.8>,<0.93;0.8>,<0.89;0.89>,,,,,,
734,,80151,{11=1.1},2,<1.78;1.51>,<0.7;0.78>,<0.7;0.78>,<0.93;0.8>,<0.93;0.8>,<0.89;0.89>,,,,,,
735,,80151,{11=1.1},3,<1.78;1.51>,<0.7;0.78>,<0.7;0.78>,<0.93;0.8>,<0.93;0.8>,<0.89;0.89>,,,,,,
736,,80151,{11=1.1},4,<1.78;1.51>,<0.7;0.78>,<0.7;0.78>,<0.93;0.8>,<0.93;0.8>,<0.89;0.89>,,,,,,
737,,80151,{11=1.1},5,<1.78;1.51>,<0.7;0.78>,<0.7;0.78>,<0.93;0.8>,<0.93;0.8>,<0.89;0.89>,,,,,,
738,,80151,{11=1.1},6,<1.78;1.51>,<0.7;0.78>,<0.7;0.78>,<0.93;0.8>,<0.93;0.8>,<0.89;0.89>,,,,,,
739,,80151,{11=1.1},7,<1.78;1.51>,<0.7;0.78>,<0.7;0.78>,<0.93;0.8>,<0.93;0.8>,<0.89;0.89>,,,,,,
740,,80151,{11=1.1},8,<1.78;1.51>,<0.7;0.78>,<0.7;0.78>,<0.93;0.8>,<0.93;0.8>,<0.89;0.89>,,,,,,
741,,80151,{11=1.1},9,<1.78;1.51>,<0.7;0.78>,<0.7;0.78>,<0.93;0.8>,<0.93;0.8>,<0.89;0.89>,,,,,,
742,,80151,{11=1.1},10,<1.78;1.51>,<0.7;0.78>,<0.7;0.78>,<0.93;0.8>,<0.93;0.8>,<0.89;0.89>,,,,,,
743,,80151,{11=1.1},11,<1.78;1.51>,<0.7;0.78>,<0.7;0.78>,<0.93;0.8>,<0.93;0.8>,<0.89;0.89>,,,,,,
744,,80151,{11=1.1},12,<1.78;1.51>,<0.7;0.78>,<0.7;0.78>,<0.93;0.8>,<0.93;0.8>,<0.89;0.89>,,,,,,
745,,80201,{8=1.1},1,<1.6;1.36>,<0.63;0.7>,<0.63;0.7>,<0.84;0.72>,<0.84;0.72>,<0.88;0.88>,,,,,,
746,,80201,{8=1.1},2,<1.6;1.36>,<0.63;0.7>,<0.63;0.7>,<0.84;0.72>,<0.84;0.72>,<0.88;0.88>,,,,,,
747,,80201,{8=1.1},3,<1.6;1.36>,<0.63;0.7>,<0.63;0.7>,<0.84;0.72>,<0.84;0.72>,<0.88;0.88>,,,,,,
748,,80201,{8=1.1},4,<1.6;1.36>,<0.63;0.7>,<0.63;0.7>,<0.84;0.72>,<0.84;0.72>,<0.88;0.88>,,,,,,
749,,80201,{8=1.1},5,<1.6;1.36>,<0.63;0.7>,<0.63;0.7>,<0.84;0.72>,<0.84;0.72>,<0.88;0.88>,,,,,,
750,,80201,{8=1.1},6,<1.6;1.36>,<0.63;0.7>,<0.63;0.7>,<0.84;0.72>,<0.84;0.72>,<0.88;0.88>,,,,,,
751,,80201,{8=1.1},7,<1.6;1.36>,<0.63;0.7>,<0.63;0.7>,<0.84;0.72>,<0.84;0.72>,<0.88;0.88>,,,,,,
752,,80201,{8=1.1},8,<1.6;1.36>,<0.63;0.7>,<0.63;0.7>,<0.84;0.72>,<0.84;0.72>,<0.88;0.88>,,,,,,
753,,80201,{8=1.1},9,<1.6;1.36>,<0.63;0.7>,<0.63;0.7>,<0.84;0.72>,<0.84;0.72>,<0.88;0.88>,,,,,,
754,,80201,{8=1.1},10,<1.6;1.36>,<0.63;0.7>,<0.63;0.7>,<0.84;0.72>,<0.84;0.72>,<0.88;0.88>,,,,,,
755,,80201,{8=1.1},11,<1.6;1.36>,<0.63;0.7>,<0.63;0.7>,<0.84;0.72>,<0.84;0.72>,<0.88;0.88>,,,,,,
756,,80201,{8=1.1},12,<1.6;1.36>,<0.63;0.7>,<0.63;0.7>,<0.84;0.72>,<0.84;0.72>,<0.88;0.88>,,,,,,
757,,80202,{11=1.3},1,<1.6;1.36>,<0.63;0.7>,<0.63;0.7>,<0.84;0.72>,<0.84;0.72>,<0.88;0.88>,,,,,,
758,,80202,{11=1.3},2,<1.6;1.36>,<0.63;0.7>,<0.63;0.7>,<0.84;0.72>,<0.84;0.72>,<0.88;0.88>,,,,,,
759,,80202,{11=1.3},3,<1.6;1.36>,<0.63;0.7>,<0.63;0.7>,<0.84;0.72>,<0.84;0.72>,<0.88;0.88>,,,,,,
760,,80202,{11=1.3},4,<1.6;1.36>,<0.63;0.7>,<0.63;0.7>,<0.84;0.72>,<0.84;0.72>,<0.88;0.88>,,,,,,
761,,80202,{11=1.3},5,<1.6;1.36>,<0.63;0.7>,<0.63;0.7>,<0.84;0.72>,<0.84;0.72>,<0.88;0.88>,,,,,,
762,,80202,{11=1.3},6,<1.6;1.36>,<0.63;0.7>,<0.63;0.7>,<0.84;0.72>,<0.84;0.72>,<0.88;0.88>,,,,,,
763,,80202,{11=1.3},7,<1.6;1.36>,<0.63;0.7>,<0.63;0.7>,<0.84;0.72>,<0.84;0.72>,<0.88;0.88>,,,,,,
764,,80202,{11=1.3},8,<1.6;1.36>,<0.63;0.7>,<0.63;0.7>,<0.84;0.72>,<0.84;0.72>,<0.88;0.88>,,,,,,
765,,80202,{11=1.3},9,<1.6;1.36>,<0.63;0.7>,<0.63;0.7>,<0.84;0.72>,<0.84;0.72>,<0.88;0.88>,,,,,,
766,,80202,{11=1.3},10,<1.6;1.36>,<0.63;0.7>,<0.63;0.7>,<0.84;0.72>,<0.84;0.72>,<0.88;0.88>,,,,,,
767,,80202,{11=1.3},11,<1.6;1.36>,<0.63;0.7>,<0.63;0.7>,<0.84;0.72>,<0.84;0.72>,<0.88;0.88>,,,,,,
768,,80202,{11=1.3},12,<1.6;1.36>,<0.63;0.7>,<0.63;0.7>,<0.84;0.72>,<0.84;0.72>,<0.88;0.88>,,,,,,
769,,80203,{11=1.1},1,<1.6;1.36>,<0.63;0.7>,<0.63;0.7>,<0.84;0.72>,<0.84;0.72>,<0.88;0.88>,,,,,,
770,,80203,{11=1.1},2,<1.6;1.36>,<0.63;0.7>,<0.63;0.7>,<0.84;0.72>,<0.84;0.72>,<0.88;0.88>,,,,,,
771,,80203,{11=1.1},3,<1.6;1.36>,<0.63;0.7>,<0.63;0.7>,<0.84;0.72>,<0.84;0.72>,<0.88;0.88>,,,,,,
772,,80203,{11=1.1},4,<1.6;1.36>,<0.63;0.7>,<0.63;0.7>,<0.84;0.72>,<0.84;0.72>,<0.88;0.88>,,,,,,
773,,80203,{11=1.1},5,<1.6;1.36>,<0.63;0.7>,<0.63;0.7>,<0.84;0.72>,<0.84;0.72>,<0.88;0.88>,,,,,,
774,,80203,{11=1.1},6,<1.6;1.36>,<0.63;0.7>,<0.63;0.7>,<0.84;0.72>,<0.84;0.72>,<0.88;0.88>,,,,,,
775,,80203,{11=1.1},7,<1.6;1.36>,<0.63;0.7>,<0.63;0.7>,<0.84;0.72>,<0.84;0.72>,<0.88;0.88>,,,,,,
776,,80203,{11=1.1},8,<1.6;1.36>,<0.63;0.7>,<0.63;0.7>,<0.84;0.72>,<0.84;0.72>,<0.88;0.88>,,,,,,
777,,80203,{11=1.1},9,<1.6;1.36>,<0.63;0.7>,<0.63;0.7>,<0.84;0.72>,<0.84;0.72>,<0.88;0.88>,,,,,,
778,,80203,{11=1.1},10,<1.6;1.36>,<0.63;0.7>,<0.63;0.7>,<0.84;0.72>,<0.84;0.72>,<0.88;0.88>,,,,,,
779,,80203,{11=1.1},11,<1.6;1.36>,<0.63;0.7>,<0.63;0.7>,<0.84;0.72>,<0.84;0.72>,<0.88;0.88>,,,,,,
780,,80203,{11=1.1},12,<1.6;1.36>,<0.63;0.7>,<0.63;0.7>,<0.84;0.72>,<0.84;0.72>,<0.88;0.88>,,,,,,
781,,80204,{11=1.1},1,<1.6;1.36>,<0.63;0.7>,<0.63;0.7>,<0.84;0.72>,<0.84;0.72>,<0.88;0.88>,,,,,,
782,,80204,{11=1.1},2,<1.6;1.36>,<0.63;0.7>,<0.63;0.7>,<0.84;0.72>,<0.84;0.72>,<0.88;0.88>,,,,,,
783,,80204,{11=1.1},3,<1.6;1.36>,<0.63;0.7>,<0.63;0.7>,<0.84;0.72>,<0.84;0.72>,<0.88;0.88>,,,,,,
784,,80204,{11=1.1},4,<1.6;1.36>,<0.63;0.7>,<0.63;0.7>,<0.84;0.72>,<0.84;0.72>,<0.88;0.88>,,,,,,
785,,80204,{11=1.1},5,<1.6;1.36>,<0.63;0.7>,<0.63;0.7>,<0.84;0.72>,<0.84;0.72>,<0.88;0.88>,,,,,,
786,,80204,{11=1.1},6,<1.6;1.36>,<0.63;0.7>,<0.63;0.7>,<0.84;0.72>,<0.84;0.72>,<0.88;0.88>,,,,,,
787,,80204,{11=1.1},7,<1.6;1.36>,<0.63;0.7>,<0.63;0.7>,<0.84;0.72>,<0.84;0.72>,<0.88;0.88>,,,,,,
788,,80204,{11=1.1},8,<1.6;1.36>,<0.63;0.7>,<0.63;0.7>,<0.84;0.72>,<0.84;0.72>,<0.88;0.88>,,,,,,
789,,80204,{11=1.1},9,<1.6;1.36>,<0.63;0.7>,<0.63;0.7>,<0.84;0.72>,<0.84;0.72>,<0.88;0.88>,,,,,,
790,,80204,{11=1.1},10,<1.6;1.36>,<0.63;0.7>,<0.63;0.7>,<0.84;0.72>,<0.84;0.72>,<0.88;0.88>,,,,,,
791,,80204,{11=1.1},11,<1.6;1.36>,<0.63;0.7>,<0.63;0.7>,<0.84;0.72>,<0.84;0.72>,<0.88;0.88>,,,,,,
792,,80204,{11=1.1},12,<1.6;1.36>,<0.63;0.7>,<0.63;0.7>,<0.84;0.72>,<0.84;0.72>,<0.88;0.88>,,,,,,
793,,80205,,1,<1.6;1.36>,<0.63;0.7>,<0.63;0.7>,<0.84;0.72>,<0.84;0.72>,<0.88;0.88>,,,,,,
794,,80205,,2,<1.6;1.36>,<0.63;0.7>,<0.63;0.7>,<0.84;0.72>,<0.84;0.72>,<0.88;0.88>,,,,,,
795,,80205,,3,<1.6;1.36>,<0.63;0.7>,<0.63;0.7>,<0.84;0.72>,<0.84;0.72>,<0.88;0.88>,,,,,,
796,,80205,,4,<1.6;1.36>,<0.63;0.7>,<0.63;0.7>,<0.84;0.72>,<0.84;0.72>,<0.88;0.88>,,,,,,
797,,80205,,5,<1.6;1.36>,<0.63;0.7>,<0.63;0.7>,<0.84;0.72>,<0.84;0.72>,<0.88;0.88>,,,,,,
798,,80205,,6,<1.6;1.36>,<0.63;0.7>,<0.63;0.7>,<0.84;0.72>,<0.84;0.72>,<0.88;0.88>,,,,,,
799,,80205,,7,<1.6;1.36>,<0.63;0.7>,<0.63;0.7>,<0.84;0.72>,<0.84;0.72>,<0.88;0.88>,,,,,,
800,,80205,,8,<1.6;1.36>,<0.63;0.7>,<0.63;0.7>,<0.84;0.72>,<0.84;0.72>,<0.88;0.88>,,,,,,
801,,80205,,9,<1.6;1.36>,<0.63;0.7>,<0.63;0.7>,<0.84;0.72>,<0.84;0.72>,<0.88;0.88>,,,,,,
802,,80205,,10,<1.6;1.36>,<0.63;0.7>,<0.63;0.7>,<0.84;0.72>,<0.84;0.72>,<0.88;0.88>,,,,,,
803,,80205,,11,<1.6;1.36>,<0.63;0.7>,<0.63;0.7>,<0.84;0.72>,<0.84;0.72>,<0.88;0.88>,,,,,,
804,,80205,,12,<1.6;1.36>,<0.63;0.7>,<0.63;0.7>,<0.84;0.72>,<0.84;0.72>,<0.88;0.88>,,,,,,
805,,80206,,1,<1.6;1.36>,<0.63;0.7>,<0.63;0.7>,<0.84;0.72>,<0.84;0.72>,<0.88;0.88>,,,,,,
806,,80206,,2,<1.6;1.36>,<0.63;0.7>,<0.63;0.7>,<0.84;0.72>,<0.84;0.72>,<0.88;0.88>,,,,,,
807,,80206,,3,<1.6;1.36>,<0.63;0.7>,<0.63;0.7>,<0.84;0.72>,<0.84;0.72>,<0.88;0.88>,,,,,,
808,,80206,,4,<1.6;1.36>,<0.63;0.7>,<0.63;0.7>,<0.84;0.72>,<0.84;0.72>,<0.88;0.88>,,,,,,
809,,80206,,5,<1.6;1.36>,<0.63;0.7>,<0.63;0.7>,<0.84;0.72>,<0.84;0.72>,<0.88;0.88>,,,,,,
810,,80206,,6,<1.6;1.36>,<0.63;0.7>,<0.63;0.7>,<0.84;0.72>,<0.84;0.72>,<0.88;0.88>,,,,,,
811,,80206,,7,<1.6;1.36>,<0.63;0.7>,<0.63;0.7>,<0.84;0.72>,<0.84;0.72>,<0.88;0.88>,,,,,,
812,,80206,,8,<1.6;1.36>,<0.63;0.7>,<0.63;0.7>,<0.84;0.72>,<0.84;0.72>,<0.88;0.88>,,,,,,
813,,80206,,9,<1.6;1.36>,<0.63;0.7>,<0.63;0.7>,<0.84;0.72>,<0.84;0.72>,<0.88;0.88>,,,,,,
814,,80206,,10,<1.6;1.36>,<0.63;0.7>,<0.63;0.7>,<0.84;0.72>,<0.84;0.72>,<0.88;0.88>,,,,,,
815,,80206,,11,<1.6;1.36>,<0.63;0.7>,<0.63;0.7>,<0.84;0.72>,<0.84;0.72>,<0.88;0.88>,,,,,,
816,,80206,,12,<1.6;1.36>,<0.63;0.7>,<0.63;0.7>,<0.84;0.72>,<0.84;0.72>,<0.88;0.88>,,,,,,
817,,80211,{11=1.1},1,<2.32;1.97>,<0.92;1.02>,<0.92;1.02>,<1.22;1.04>,<1.22;1.04>,<0.92;0.92>,,,,,,
818,,80211,{11=1.1},2,<2.32;1.97>,<0.92;1.02>,<0.92;1.02>,<1.22;1.04>,<1.22;1.04>,<0.92;0.92>,,,,,,
819,,80211,{11=1.1},3,<2.32;1.97>,<0.92;1.02>,<0.92;1.02>,<1.22;1.04>,<1.22;1.04>,<0.92;0.92>,,,,,,
820,,80211,{11=1.1},4,<2.32;1.97>,<0.92;1.02>,<0.92;1.02>,<1.22;1.04>,<1.22;1.04>,<0.92;0.92>,,,,,,
821,,80211,{11=1.1},5,<2.32;1.97>,<0.92;1.02>,<0.92;1.02>,<1.22;1.04>,<1.22;1.04>,<0.92;0.92>,,,,,,
822,,80211,{11=1.1},6,<2.32;1.97>,<0.92;1.02>,<0.92;1.02>,<1.22;1.04>,<1.22;1.04>,<0.92;0.92>,,,,,,
823,,80211,{11=1.1},7,<2.32;1.97>,<0.92;1.02>,<0.92;1.02>,<1.22;1.04>,<1.22;1.04>,<0.92;0.92>,,,,,,
824,,80211,{11=1.1},8,<2.32;1.97>,<0.92;1.02>,<0.92;1.02>,<1.22;1.04>,<1.22;1.04>,<0.92;0.92>,,,,,,
825,,80211,{11=1.1},9,<2.32;1.97>,<0.92;1.02>,<0.92;1.02>,<1.22;1.04>,<1.22;1.04>,<0.92;0.92>,,,,,,
826,,80211,{11=1.1},10,<2.32;1.97>,<0.92;1.02>,<0.92;1.02>,<1.22;1.04>,<1.22;1.04>,<0.92;0.92>,,,,,,
827,,80211,{11=1.1},11,<2.32;1.97>,<0.92;1.02>,<0.92;1.02>,<1.22;1.04>,<1.22;1.04>,<0.92;0.92>,,,,,,
828,,80211,{11=1.1},12,<2.32;1.97>,<0.92;1.02>,<0.92;1.02>,<1.22;1.04>,<1.22;1.04>,<0.92;0.92>,,,,,,
829,,80212,,1,<2.32;1.97>,<0.92;1.02>,<0.92;1.02>,<1.22;1.04>,<1.22;1.04>,<0.92;0.92>,,,,,,
830,,80212,,2,<2.32;1.97>,<0.92;1.02>,<0.92;1.02>,<1.22;1.04>,<1.22;1.04>,<0.92;0.92>,,,,,,
831,,80212,,3,<2.32;1.97>,<0.92;1.02>,<0.92;1.02>,<1.22;1.04>,<1.22;1.04>,<0.92;0.92>,,,,,,
832,,80212,,4,<2.32;1.97>,<0.92;1.02>,<0.92;1.02>,<1.22;1.04>,<1.22;1.04>,<0.92;0.92>,,,,,,
833,,80212,,5,<2.32;1.97>,<0.92;1.02>,<0.92;1.02>,<1.22;1.04>,<1.22;1.04>,<0.92;0.92>,,,,,,
834,,80212,,6,<2.32;1.97>,<0.92;1.02>,<0.92;1.02>,<1.22;1.04>,<1.22;1.04>,<0.92;0.92>,,,,,,
835,,80212,,7,<2.32;1.97>,<0.92;1.02>,<0.92;1.02>,<1.22;1.04>,<1.22;1.04>,<0.92;0.92>,,,,,,
836,,80212,,8,<2.32;1.97>,<0.92;1.02>,<0.92;1.02>,<1.22;1.04>,<1.22;1.04>,<0.92;0.92>,,,,,,
837,,80212,,9,<2.32;1.97>,<0.92;1.02>,<0.92;1.02>,<1.22;1.04>,<1.22;1.04>,<0.92;0.92>,,,,,,
838,,80212,,10,<2.32;1.97>,<0.92;1.02>,<0.92;1.02>,<1.22;1.04>,<1.22;1.04>,<0.92;0.92>,,,,,,
839,,80212,,11,<2.32;1.97>,<0.92;1.02>,<0.92;1.02>,<1.22;1.04>,<1.22;1.04>,<0.92;0.92>,,,,,,
840,,80212,,12,<2.32;1.97>,<0.92;1.02>,<0.92;1.02>,<1.22;1.04>,<1.22;1.04>,<0.92;0.92>,,,,,,
841,,80213,{11=1.5},1,<2.32;1.97>,<0.92;1.02>,<0.92;1.02>,<1.22;1.04>,<1.22;1.04>,<0.92;0.92>,,,,,,
842,,80213,{11=1.5},2,<2.32;1.97>,<0.92;1.02>,<0.92;1.02>,<1.22;1.04>,<1.22;1.04>,<0.92;0.92>,,,,,,
843,,80213,{11=1.5},3,<2.32;1.97>,<0.92;1.02>,<0.92;1.02>,<1.22;1.04>,<1.22;1.04>,<0.92;0.92>,,,,,,
844,,80213,{11=1.5},4,<2.32;1.97>,<0.92;1.02>,<0.92;1.02>,<1.22;1.04>,<1.22;1.04>,<0.92;0.92>,,,,,,
845,,80213,{11=1.5},5,<2.32;1.97>,<0.92;1.02>,<0.92;1.02>,<1.22;1.04>,<1.22;1.04>,<0.92;0.92>,,,,,,
846,,80213,{11=1.5},6,<2.32;1.97>,<0.92;1.02>,<0.92;1.02>,<1.22;1.04>,<1.22;1.04>,<0.92;0.92>,,,,,,
847,,80213,{11=1.5},7,<2.32;1.97>,<0.92;1.02>,<0.92;1.02>,<1.22;1.04>,<1.22;1.04>,<0.92;0.92>,,,,,,
848,,80213,{11=1.5},8,<2.32;1.97>,<0.92;1.02>,<0.92;1.02>,<1.22;1.04>,<1.22;1.04>,<0.92;0.92>,,,,,,
849,,80213,{11=1.5},9,<2.32;1.97>,<0.92;1.02>,<0.92;1.02>,<1.22;1.04>,<1.22;1.04>,<0.92;0.92>,,,,,,
850,,80213,{11=1.5},10,<2.32;1.97>,<0.92;1.02>,<0.92;1.02>,<1.22;1.04>,<1.22;1.04>,<0.92;0.92>,,,,,,
851,,80213,{11=1.5},11,<2.32;1.97>,<0.92;1.02>,<0.92;1.02>,<1.22;1.04>,<1.22;1.04>,<0.92;0.92>,,,,,,
852,,80213,{11=1.5},12,<2.32;1.97>,<0.92;1.02>,<0.92;1.02>,<1.22;1.04>,<1.22;1.04>,<0.92;0.92>,,,,,,
853,,80214,{11=1.1},1,<2.32;1.97>,<0.92;1.02>,<0.92;1.02>,<1.22;1.04>,<1.22;1.04>,<0.92;0.92>,,,,,,
854,,80214,{11=1.1},2,<2.32;1.97>,<0.92;1.02>,<0.92;1.02>,<1.22;1.04>,<1.22;1.04>,<0.92;0.92>,,,,,,
855,,80214,{11=1.1},3,<2.32;1.97>,<0.92;1.02>,<0.92;1.02>,<1.22;1.04>,<1.22;1.04>,<0.92;0.92>,,,,,,
856,,80214,{11=1.1},4,<2.32;1.97>,<0.92;1.02>,<0.92;1.02>,<1.22;1.04>,<1.22;1.04>,<0.92;0.92>,,,,,,
857,,80214,{11=1.1},5,<2.32;1.97>,<0.92;1.02>,<0.92;1.02>,<1.22;1.04>,<1.22;1.04>,<0.92;0.92>,,,,,,
858,,80214,{11=1.1},6,<2.32;1.97>,<0.92;1.02>,<0.92;1.02>,<1.22;1.04>,<1.22;1.04>,<0.92;0.92>,,,,,,
859,,80214,{11=1.1},7,<2.32;1.97>,<0.92;1.02>,<0.92;1.02>,<1.22;1.04>,<1.22;1.04>,<0.92;0.92>,,,,,,
860,,80214,{11=1.1},8,<2.32;1.97>,<0.92;1.02>,<0.92;1.02>,<1.22;1.04>,<1.22;1.04>,<0.92;0.92>,,,,,,
861,,80214,{11=1.1},9,<2.32;1.97>,<0.92;1.02>,<0.92;1.02>,<1.22;1.04>,<1.22;1.04>,<0.92;0.92>,,,,,,
862,,80214,{11=1.1},10,<2.32;1.97>,<0.92;1.02>,<0.92;1.02>,<1.22;1.04>,<1.22;1.04>,<0.92;0.92>,,,,,,
863,,80214,{11=1.1},11,<2.32;1.97>,<0.92;1.02>,<0.92;1.02>,<1.22;1.04>,<1.22;1.04>,<0.92;0.92>,,,,,,
864,,80214,{11=1.1},12,<2.32;1.97>,<0.92;1.02>,<0.92;1.02>,<1.22;1.04>,<1.22;1.04>,<0.92;0.92>,,,,,,
865,,80215,,1,<2.32;1.97>,<0.92;1.02>,<0.92;1.02>,<1.22;1.04>,<1.22;1.04>,<0.92;0.92>,,,,,,
866,,80215,,2,<2.32;1.97>,<0.92;1.02>,<0.92;1.02>,<1.22;1.04>,<1.22;1.04>,<0.92;0.92>,,,,,,
867,,80215,,3,<2.32;1.97>,<0.92;1.02>,<0.92;1.02>,<1.22;1.04>,<1.22;1.04>,<0.92;0.92>,,,,,,
868,,80215,,4,<2.32;1.97>,<0.92;1.02>,<0.92;1.02>,<1.22;1.04>,<1.22;1.04>,<0.92;0.92>,,,,,,
869,,80215,,5,<2.32;1.97>,<0.92;1.02>,<0.92;1.02>,<1.22;1.04>,<1.22;1.04>,<0.92;0.92>,,,,,,
870,,80215,,6,<2.32;1.97>,<0.92;1.02>,<0.92;1.02>,<1.22;1.04>,<1.22;1.04>,<0.92;0.92>,,,,,,
871,,80215,,7,<2.32;1.97>,<0.92;1.02>,<0.92;1.02>,<1.22;1.04>,<1.22;1.04>,<0.92;0.92>,,,,,,
872,,80215,,8,<2.32;1.97>,<0.92;1.02>,<0.92;1.02>,<1.22;1.04>,<1.22;1.04>,<0.92;0.92>,,,,,,
873,,80215,,9,<2.32;1.97>,<0.92;1.02>,<0.92;1.02>,<1.22;1.04>,<1.22;1.04>,<0.92;0.92>,,,,,,
874,,80215,,10,<2.32;1.97>,<0.92;1.02>,<0.92;1.02>,<1.22;1.04>,<1.22;1.04>,<0.92;0.92>,,,,,,
875,,80215,,11,<2.32;1.97>,<0.92;1.02>,<0.92;1.02>,<1.22;1.04>,<1.22;1.04>,<0.92;0.92>,,,,,,
876,,80215,,12,<2.32;1.97>,<0.92;1.02>,<0.92;1.02>,<1.22;1.04>,<1.22;1.04>,<0.92;0.92>,,,,,,
877,,80216,,1,<2.32;1.97>,<0.92;1.02>,<0.92;1.02>,<1.22;1.04>,<1.22;1.04>,<0.92;0.92>,,,,,,
878,,80216,,2,<2.32;1.97>,<0.92;1.02>,<0.92;1.02>,<1.22;1.04>,<1.22;1.04>,<0.92;0.92>,,,,,,
879,,80216,,3,<2.32;1.97>,<0.92;1.02>,<0.92;1.02>,<1.22;1.04>,<1.22;1.04>,<0.92;0.92>,,,,,,
880,,80216,,4,<2.32;1.97>,<0.92;1.02>,<0.92;1.02>,<1.22;1.04>,<1.22;1.04>,<0.92;0.92>,,,,,,
881,,80216,,5,<2.32;1.97>,<0.92;1.02>,<0.92;1.02>,<1.22;1.04>,<1.22;1.04>,<0.92;0.92>,,,,,,
882,,80216,,6,<2.32;1.97>,<0.92;1.02>,<0.92;1.02>,<1.22;1.04>,<1.22;1.04>,<0.92;0.92>,,,,,,
883,,80216,,7,<2.32;1.97>,<0.92;1.02>,<0.92;1.02>,<1.22;1.04>,<1.22;1.04>,<0.92;0.92>,,,,,,
884,,80216,,8,<2.32;1.97>,<0.92;1.02>,<0.92;1.02>,<1.22;1.04>,<1.22;1.04>,<0.92;0.92>,,,,,,
885,,80216,,9,<2.32;1.97>,<0.92;1.02>,<0.92;1.02>,<1.22;1.04>,<1.22;1.04>,<0.92;0.92>,,,,,,
886,,80216,,10,<2.32;1.97>,<0.92;1.02>,<0.92;1.02>,<1.22;1.04>,<1.22;1.04>,<0.92;0.92>,,,,,,
887,,80216,,11,<2.32;1.97>,<0.92;1.02>,<0.92;1.02>,<1.22;1.04>,<1.22;1.04>,<0.92;0.92>,,,,,,
888,,80216,,12,<2.32;1.97>,<0.92;1.02>,<0.92;1.02>,<1.22;1.04>,<1.22;1.04>,<0.92;0.92>,,,,,,
889,,80221,{11=1.1},1,<2.8;2.38>,<1.11;1.23>,<1.11;1.23>,<1.47;1.26>,<1.47;1.26>,<0.94;0.94>,,,,,,
890,,80221,{11=1.1},2,<2.8;2.38>,<1.11;1.23>,<1.11;1.23>,<1.47;1.26>,<1.47;1.26>,<0.94;0.94>,,,,,,
891,,80221,{11=1.1},3,<2.8;2.38>,<1.11;1.23>,<1.11;1.23>,<1.47;1.26>,<1.47;1.26>,<0.94;0.94>,,,,,,
892,,80221,{11=1.1},4,<2.8;2.38>,<1.11;1.23>,<1.11;1.23>,<1.47;1.26>,<1.47;1.26>,<0.94;0.94>,,,,,,
893,,80221,{11=1.1},5,<2.8;2.38>,<1.11;1.23>,<1.11;1.23>,<1.47;1.26>,<1.47;1.26>,<0.94;0.94>,,,,,,
894,,80221,{11=1.1},6,<2.8;2.38>,<1.11;1.23>,<1.11;1.23>,<1.47;1.26>,<1.47;1.26>,<0.94;0.94>,,,,,,
895,,80221,{11=1.1},7,<2.8;2.38>,<1.11;1.23>,<1.11;1.23>,<1.47;1.26>,<1.47;1.26>,<0.94;0.94>,,,,,,
896,,80221,{11=1.1},8,<2.8;2.38>,<1.11;1.23>,<1.11;1.23>,<1.47;1.26>,<1.47;1.26>,<0.94;0.94>,,,,,,
897,,80221,{11=1.1},9,<2.8;2.38>,<1.11;1.23>,<1.11;1.23>,<1.47;1.26>,<1.47;1.26>,<0.94;0.94>,,,,,,
898,,80221,{11=1.1},10,<2.8;2.38>,<1.11;1.23>,<1.11;1.23>,<1.47;1.26>,<1.47;1.26>,<0.94;0.94>,,,,,,
899,,80221,{11=1.1},11,<2.8;2.38>,<1.11;1.23>,<1.11;1.23>,<1.47;1.26>,<1.47;1.26>,<0.94;0.94>,,,,,,
900,,80221,{11=1.1},12,<2.8;2.38>,<1.11;1.23>,<1.11;1.23>,<1.47;1.26>,<1.47;1.26>,<0.94;0.94>,,,,,,
901,,80222,{11=1.1},1,<2.8;2.38>,<1.11;1.23>,<1.11;1.23>,<1.47;1.26>,<1.47;1.26>,<0.94;0.94>,,,,,,
902,,80222,{11=1.1},2,<2.8;2.38>,<1.11;1.23>,<1.11;1.23>,<1.47;1.26>,<1.47;1.26>,<0.94;0.94>,,,,,,
903,,80222,{11=1.1},3,<2.8;2.38>,<1.11;1.23>,<1.11;1.23>,<1.47;1.26>,<1.47;1.26>,<0.94;0.94>,,,,,,
904,,80222,{11=1.1},4,<2.8;2.38>,<1.11;1.23>,<1.11;1.23>,<1.47;1.26>,<1.47;1.26>,<0.94;0.94>,,,,,,
905,,80222,{11=1.1},5,<2.8;2.38>,<1.11;1.23>,<1.11;1.23>,<1.47;1.26>,<1.47;1.26>,<0.94;0.94>,,,,,,
906,,80222,{11=1.1},6,<2.8;2.38>,<1.11;1.23>,<1.11;1.23>,<1.47;1.26>,<1.47;1.26>,<0.94;0.94>,,,,,,
907,,80222,{11=1.1},7,<2.8;2.38>,<1.11;1.23>,<1.11;1.23>,<1.47;1.26>,<1.47;1.26>,<0.94;0.94>,,,,,,
908,,80222,{11=1.1},8,<2.8;2.38>,<1.11;1.23>,<1.11;1.23>,<1.47;1.26>,<1.47;1.26>,<0.94;0.94>,,,,,,
909,,80222,{11=1.1},9,<2.8;2.38>,<1.11;1.23>,<1.11;1.23>,<1.47;1.26>,<1.47;1.26>,<0.94;0.94>,,,,,,
910,,80222,{11=1.1},10,<2.8;2.38>,<1.11;1.23>,<1.11;1.23>,<1.47;1.26>,<1.47;1.26>,<0.94;0.94>,,,,,,
911,,80222,{11=1.1},11,<2.8;2.38>,<1.11;1.23>,<1.11;1.23>,<1.47;1.26>,<1.47;1.26>,<0.94;0.94>,,,,,,
912,,80222,{11=1.1},12,<2.8;2.38>,<1.11;1.23>,<1.11;1.23>,<1.47;1.26>,<1.47;1.26>,<0.94;0.94>,,,,,,
913,,80223,{11=1.1},1,<2.8;2.38>,<1.11;1.23>,<1.11;1.23>,<1.47;1.26>,<1.47;1.26>,<0.94;0.94>,,,,,,
914,,80223,{11=1.1},2,<2.8;2.38>,<1.11;1.23>,<1.11;1.23>,<1.47;1.26>,<1.47;1.26>,<0.94;0.94>,,,,,,
915,,80223,{11=1.1},3,<2.8;2.38>,<1.11;1.23>,<1.11;1.23>,<1.47;1.26>,<1.47;1.26>,<0.94;0.94>,,,,,,
916,,80223,{11=1.1},4,<2.8;2.38>,<1.11;1.23>,<1.11;1.23>,<1.47;1.26>,<1.47;1.26>,<0.94;0.94>,,,,,,
917,,80223,{11=1.1},5,<2.8;2.38>,<1.11;1.23>,<1.11;1.23>,<1.47;1.26>,<1.47;1.26>,<0.94;0.94>,,,,,,
918,,80223,{11=1.1},6,<2.8;2.38>,<1.11;1.23>,<1.11;1.23>,<1.47;1.26>,<1.47;1.26>,<0.94;0.94>,,,,,,
919,,80223,{11=1.1},7,<2.8;2.38>,<1.11;1.23>,<1.11;1.23>,<1.47;1.26>,<1.47;1.26>,<0.94;0.94>,,,,,,
920,,80223,{11=1.1},8,<2.8;2.38>,<1.11;1.23>,<1.11;1.23>,<1.47;1.26>,<1.47;1.26>,<0.94;0.94>,,,,,,
921,,80223,{11=1.1},9,<2.8;2.38>,<1.11;1.23>,<1.11;1.23>,<1.47;1.26>,<1.47;1.26>,<0.94;0.94>,,,,,,
922,,80223,{11=1.1},10,<2.8;2.38>,<1.11;1.23>,<1.11;1.23>,<1.47;1.26>,<1.47;1.26>,<0.94;0.94>,,,,,,
923,,80223,{11=1.1},11,<2.8;2.38>,<1.11;1.23>,<1.11;1.23>,<1.47;1.26>,<1.47;1.26>,<0.94;0.94>,,,,,,
924,,80223,{11=1.1},12,<2.8;2.38>,<1.11;1.23>,<1.11;1.23>,<1.47;1.26>,<1.47;1.26>,<0.94;0.94>,,,,,,
925,,80224,,1,<2.8;2.38>,<1.11;1.23>,<1.11;1.23>,<1.47;1.26>,<1.47;1.26>,<0.94;0.94>,,,,,,
926,,80224,,2,<2.8;2.38>,<1.11;1.23>,<1.11;1.23>,<1.47;1.26>,<1.47;1.26>,<0.94;0.94>,,,,,,
927,,80224,,3,<2.8;2.38>,<1.11;1.23>,<1.11;1.23>,<1.47;1.26>,<1.47;1.26>,<0.94;0.94>,,,,,,
928,,80224,,4,<2.8;2.38>,<1.11;1.23>,<1.11;1.23>,<1.47;1.26>,<1.47;1.26>,<0.94;0.94>,,,,,,
929,,80224,,5,<2.8;2.38>,<1.11;1.23>,<1.11;1.23>,<1.47;1.26>,<1.47;1.26>,<0.94;0.94>,,,,,,
930,,80224,,6,<2.8;2.38>,<1.11;1.23>,<1.11;1.23>,<1.47;1.26>,<1.47;1.26>,<0.94;0.94>,,,,,,
931,,80224,,7,<2.8;2.38>,<1.11;1.23>,<1.11;1.23>,<1.47;1.26>,<1.47;1.26>,<0.94;0.94>,,,,,,
932,,80224,,8,<2.8;2.38>,<1.11;1.23>,<1.11;1.23>,<1.47;1.26>,<1.47;1.26>,<0.94;0.94>,,,,,,
933,,80224,,9,<2.8;2.38>,<1.11;1.23>,<1.11;1.23>,<1.47;1.26>,<1.47;1.26>,<0.94;0.94>,,,,,,
934,,80224,,10,<2.8;2.38>,<1.11;1.23>,<1.11;1.23>,<1.47;1.26>,<1.47;1.26>,<0.94;0.94>,,,,,,
935,,80224,,11,<2.8;2.38>,<1.11;1.23>,<1.11;1.23>,<1.47;1.26>,<1.47;1.26>,<0.94;0.94>,,,,,,
936,,80224,,12,<2.8;2.38>,<1.11;1.23>,<1.11;1.23>,<1.47;1.26>,<1.47;1.26>,<0.94;0.94>,,,,,,
937,,80225,,1,<2.8;2.38>,<1.11;1.23>,<1.11;1.23>,<1.47;1.26>,<1.47;1.26>,<0.94;0.94>,,,,,,
938,,80225,,2,<2.8;2.38>,<1.11;1.23>,<1.11;1.23>,<1.47;1.26>,<1.47;1.26>,<0.94;0.94>,,,,,,
939,,80225,,3,<2.8;2.38>,<1.11;1.23>,<1.11;1.23>,<1.47;1.26>,<1.47;1.26>,<0.94;0.94>,,,,,,
940,,80225,,4,<2.8;2.38>,<1.11;1.23>,<1.11;1.23>,<1.47;1.26>,<1.47;1.26>,<0.94;0.94>,,,,,,
941,,80225,,5,<2.8;2.38>,<1.11;1.23>,<1.11;1.23>,<1.47;1.26>,<1.47;1.26>,<0.94;0.94>,,,,,,
942,,80225,,6,<2.8;2.38>,<1.11;1.23>,<1.11;1.23>,<1.47;1.26>,<1.47;1.26>,<0.94;0.94>,,,,,,
943,,80225,,7,<2.8;2.38>,<1.11;1.23>,<1.11;1.23>,<1.47;1.26>,<1.47;1.26>,<0.94;0.94>,,,,,,
944,,80225,,8,<2.8;2.38>,<1.11;1.23>,<1.11;1.23>,<1.47;1.26>,<1.47;1.26>,<0.94;0.94>,,,,,,
945,,80225,,9,<2.8;2.38>,<1.11;1.23>,<1.11;1.23>,<1.47;1.26>,<1.47;1.26>,<0.94;0.94>,,,,,,
946,,80225,,10,<2.8;2.38>,<1.11;1.23>,<1.11;1.23>,<1.47;1.26>,<1.47;1.26>,<0.94;0.94>,,,,,,
947,,80225,,11,<2.8;2.38>,<1.11;1.23>,<1.11;1.23>,<1.47;1.26>,<1.47;1.26>,<0.94;0.94>,,,,,,
948,,80225,,12,<2.8;2.38>,<1.11;1.23>,<1.11;1.23>,<1.47;1.26>,<1.47;1.26>,<0.94;0.94>,,,,,,
949,,80226,,1,<2.8;2.38>,<1.11;1.23>,<1.11;1.23>,<1.47;1.26>,<1.47;1.26>,<0.94;0.94>,,,,,,
950,,80226,,2,<2.8;2.38>,<1.11;1.23>,<1.11;1.23>,<1.47;1.26>,<1.47;1.26>,<0.94;0.94>,,,,,,
951,,80226,,3,<2.8;2.38>,<1.11;1.23>,<1.11;1.23>,<1.47;1.26>,<1.47;1.26>,<0.94;0.94>,,,,,,
952,,80226,,4,<2.8;2.38>,<1.11;1.23>,<1.11;1.23>,<1.47;1.26>,<1.47;1.26>,<0.94;0.94>,,,,,,
953,,80226,,5,<2.8;2.38>,<1.11;1.23>,<1.11;1.23>,<1.47;1.26>,<1.47;1.26>,<0.94;0.94>,,,,,,
954,,80226,,6,<2.8;2.38>,<1.11;1.23>,<1.11;1.23>,<1.47;1.26>,<1.47;1.26>,<0.94;0.94>,,,,,,
955,,80226,,7,<2.8;2.38>,<1.11;1.23>,<1.11;1.23>,<1.47;1.26>,<1.47;1.26>,<0.94;0.94>,,,,,,
956,,80226,,8,<2.8;2.38>,<1.11;1.23>,<1.11;1.23>,<1.47;1.26>,<1.47;1.26>,<0.94;0.94>,,,,,,
957,,80226,,9,<2.8;2.38>,<1.11;1.23>,<1.11;1.23>,<1.47;1.26>,<1.47;1.26>,<0.94;0.94>,,,,,,
958,,80226,,10,<2.8;2.38>,<1.11;1.23>,<1.11;1.23>,<1.47;1.26>,<1.47;1.26>,<0.94;0.94>,,,,,,
959,,80226,,11,<2.8;2.38>,<1.11;1.23>,<1.11;1.23>,<1.47;1.26>,<1.47;1.26>,<0.94;0.94>,,,,,,
960,,80226,,12,<2.8;2.38>,<1.11;1.23>,<1.11;1.23>,<1.47;1.26>,<1.47;1.26>,<0.94;0.94>,,,,,,
961,,80231,{11=1.1},1,<3.36;2.86>,<1.33;1.48>,<1.33;1.48>,<1.76;1.51>,<1.76;1.51>,<0.97;0.97>,,,,,,
962,,80231,{11=1.1},2,<3.36;2.86>,<1.33;1.48>,<1.33;1.48>,<1.76;1.51>,<1.76;1.51>,<0.97;0.97>,,,,,,
963,,80231,{11=1.1},3,<3.36;2.86>,<1.33;1.48>,<1.33;1.48>,<1.76;1.51>,<1.76;1.51>,<0.97;0.97>,,,,,,
964,,80231,{11=1.1},4,<3.36;2.86>,<1.33;1.48>,<1.33;1.48>,<1.76;1.51>,<1.76;1.51>,<0.97;0.97>,,,,,,
965,,80231,{11=1.1},5,<3.36;2.86>,<1.33;1.48>,<1.33;1.48>,<1.76;1.51>,<1.76;1.51>,<0.97;0.97>,,,,,,
966,,80231,{11=1.1},6,<3.36;2.86>,<1.33;1.48>,<1.33;1.48>,<1.76;1.51>,<1.76;1.51>,<0.97;0.97>,,,,,,
967,,80231,{11=1.1},7,<3.36;2.86>,<1.33;1.48>,<1.33;1.48>,<1.76;1.51>,<1.76;1.51>,<0.97;0.97>,,,,,,
968,,80231,{11=1.1},8,<3.36;2.86>,<1.33;1.48>,<1.33;1.48>,<1.76;1.51>,<1.76;1.51>,<0.97;0.97>,,,,,,
969,,80231,{11=1.1},9,<3.36;2.86>,<1.33;1.48>,<1.33;1.48>,<1.76;1.51>,<1.76;1.51>,<0.97;0.97>,,,,,,
970,,80231,{11=1.1},10,<3.36;2.86>,<1.33;1.48>,<1.33;1.48>,<1.76;1.51>,<1.76;1.51>,<0.97;0.97>,,,,,,
971,,80231,{11=1.1},11,<3.36;2.86>,<1.33;1.48>,<1.33;1.48>,<1.76;1.51>,<1.76;1.51>,<0.97;0.97>,,,,,,
972,,80231,{11=1.1},12,<3.36;2.86>,<1.33;1.48>,<1.33;1.48>,<1.76;1.51>,<1.76;1.51>,<0.97;0.97>,,,,,,
973,,80232,{11=1.1},1,<3.36;2.86>,<1.33;1.48>,<1.33;1.48>,<1.76;1.51>,<1.76;1.51>,<0.97;0.97>,,,,,,
974,,80232,{11=1.1},2,<3.36;2.86>,<1.33;1.48>,<1.33;1.48>,<1.76;1.51>,<1.76;1.51>,<0.97;0.97>,,,,,,
975,,80232,{11=1.1},3,<3.36;2.86>,<1.33;1.48>,<1.33;1.48>,<1.76;1.51>,<1.76;1.51>,<0.97;0.97>,,,,,,
976,,80232,{11=1.1},4,<3.36;2.86>,<1.33;1.48>,<1.33;1.48>,<1.76;1.51>,<1.76;1.51>,<0.97;0.97>,,,,,,
977,,80232,{11=1.1},5,<3.36;2.86>,<1.33;1.48>,<1.33;1.48>,<1.76;1.51>,<1.76;1.51>,<0.97;0.97>,,,,,,
978,,80232,{11=1.1},6,<3.36;2.86>,<1.33;1.48>,<1.33;1.48>,<1.76;1.51>,<1.76;1.51>,<0.97;0.97>,,,,,,
979,,80232,{11=1.1},7,<3.36;2.86>,<1.33;1.48>,<1.33;1.48>,<1.76;1.51>,<1.76;1.51>,<0.97;0.97>,,,,,,
980,,80232,{11=1.1},8,<3.36;2.86>,<1.33;1.48>,<1.33;1.48>,<1.76;1.51>,<1.76;1.51>,<0.97;0.97>,,,,,,
981,,80232,{11=1.1},9,<3.36;2.86>,<1.33;1.48>,<1.33;1.48>,<1.76;1.51>,<1.76;1.51>,<0.97;0.97>,,,,,,
982,,80232,{11=1.1},10,<3.36;2.86>,<1.33;1.48>,<1.33;1.48>,<1.76;1.51>,<1.76;1.51>,<0.97;0.97>,,,,,,
983,,80232,{11=1.1},11,<3.36;2.86>,<1.33;1.48>,<1.33;1.48>,<1.76;1.51>,<1.76;1.51>,<0.97;0.97>,,,,,,
984,,80232,{11=1.1},12,<3.36;2.86>,<1.33;1.48>,<1.33;1.48>,<1.76;1.51>,<1.76;1.51>,<0.97;0.97>,,,,,,
985,,80233,{11=1.1},1,<3.36;2.86>,<1.33;1.48>,<1.33;1.48>,<1.76;1.51>,<1.76;1.51>,<0.97;0.97>,,,,,,
986,,80233,{11=1.1},2,<3.36;2.86>,<1.33;1.48>,<1.33;1.48>,<1.76;1.51>,<1.76;1.51>,<0.97;0.97>,,,,,,
987,,80233,{11=1.1},3,<3.36;2.86>,<1.33;1.48>,<1.33;1.48>,<1.76;1.51>,<1.76;1.51>,<0.97;0.97>,,,,,,
988,,80233,{11=1.1},4,<3.36;2.86>,<1.33;1.48>,<1.33;1.48>,<1.76;1.51>,<1.76;1.51>,<0.97;0.97>,,,,,,
989,,80233,{11=1.1},5,<3.36;2.86>,<1.33;1.48>,<1.33;1.48>,<1.76;1.51>,<1.76;1.51>,<0.97;0.97>,,,,,,
990,,80233,{11=1.1},6,<3.36;2.86>,<1.33;1.48>,<1.33;1.48>,<1.76;1.51>,<1.76;1.51>,<0.97;0.97>,,,,,,
991,,80233,{11=1.1},7,<3.36;2.86>,<1.33;1.48>,<1.33;1.48>,<1.76;1.51>,<1.76;1.51>,<0.97;0.97>,,,,,,
992,,80233,{11=1.1},8,<3.36;2.86>,<1.33;1.48>,<1.33;1.48>,<1.76;1.51>,<1.76;1.51>,<0.97;0.97>,,,,,,
993,,80233,{11=1.1},9,<3.36;2.86>,<1.33;1.48>,<1.33;1.48>,<1.76;1.51>,<1.76;1.51>,<0.97;0.97>,,,,,,
994,,80233,{11=1.1},10,<3.36;2.86>,<1.33;1.48>,<1.33;1.48>,<1.76;1.51>,<1.76;1.51>,<0.97;0.97>,,,,,,
995,,80233,{11=1.1},11,<3.36;2.86>,<1.33;1.48>,<1.33;1.48>,<1.76;1.51>,<1.76;1.51>,<0.97;0.97>,,,,,,
996,,80233,{11=1.1},12,<3.36;2.86>,<1.33;1.48>,<1.33;1.48>,<1.76;1.51>,<1.76;1.51>,<0.97;0.97>,,,,,,
997,,80234,,1,<3.36;2.86>,<1.33;1.48>,<1.33;1.48>,<1.76;1.51>,<1.76;1.51>,<0.97;0.97>,,,,,,
998,,80234,,2,<3.36;2.86>,<1.33;1.48>,<1.33;1.48>,<1.76;1.51>,<1.76;1.51>,<0.97;0.97>,,,,,,
999,,80234,,3,<3.36;2.86>,<1.33;1.48>,<1.33;1.48>,<1.76;1.51>,<1.76;1.51>,<0.97;0.97>,,,,,,
1000,,80234,,4,<3.36;2.86>,<1.33;1.48>,<1.33;1.48>,<1.76;1.51>,<1.76;1.51>,<0.97;0.97>,,,,,,
1001,,80234,,5,<3.36;2.86>,<1.33;1.48>,<1.33;1.48>,<1.76;1.51>,<1.76;1.51>,<0.97;0.97>,,,,,,
1002,,80234,,6,<3.36;2.86>,<1.33;1.48>,<1.33;1.48>,<1.76;1.51>,<1.76;1.51>,<0.97;0.97>,,,,,,
1003,,80234,,7,<3.36;2.86>,<1.33;1.48>,<1.33;1.48>,<1.76;1.51>,<1.76;1.51>,<0.97;0.97>,,,,,,
1004,,80234,,8,<3.36;2.86>,<1.33;1.48>,<1.33;1.48>,<1.76;1.51>,<1.76;1.51>,<0.97;0.97>,,,,,,
1005,,80234,,9,<3.36;2.86>,<1.33;1.48>,<1.33;1.48>,<1.76;1.51>,<1.76;1.51>,<0.97;0.97>,,,,,,
1006,,80234,,10,<3.36;2.86>,<1.33;1.48>,<1.33;1.48>,<1.76;1.51>,<1.76;1.51>,<0.97;0.97>,,,,,,
1007,,80234,,11,<3.36;2.86>,<1.33;1.48>,<1.33;1.48>,<1.76;1.51>,<1.76;1.51>,<0.97;0.97>,,,,,,
1008,,80234,,12,<3.36;2.86>,<1.33;1.48>,<1.33;1.48>,<1.76;1.51>,<1.76;1.51>,<0.97;0.97>,,,,,,
1009,,80235,,1,<3.36;2.86>,<1.33;1.48>,<1.33;1.48>,<1.76;1.51>,<1.76;1.51>,<0.97;0.97>,,,,,,
1010,,80235,,2,<3.36;2.86>,<1.33;1.48>,<1.33;1.48>,<1.76;1.51>,<1.76;1.51>,<0.97;0.97>,,,,,,
1011,,80235,,3,<3.36;2.86>,<1.33;1.48>,<1.33;1.48>,<1.76;1.51>,<1.76;1.51>,<0.97;0.97>,,,,,,
1012,,80235,,4,<3.36;2.86>,<1.33;1.48>,<1.33;1.48>,<1.76;1.51>,<1.76;1.51>,<0.97;0.97>,,,,,,
1013,,80235,,5,<3.36;2.86>,<1.33;1.48>,<1.33;1.48>,<1.76;1.51>,<1.76;1.51>,<0.97;0.97>,,,,,,
1014,,80235,,6,<3.36;2.86>,<1.33;1.48>,<1.33;1.48>,<1.76;1.51>,<1.76;1.51>,<0.97;0.97>,,,,,,
1015,,80235,,7,<3.36;2.86>,<1.33;1.48>,<1.33;1.48>,<1.76;1.51>,<1.76;1.51>,<0.97;0.97>,,,,,,
1016,,80235,,8,<3.36;2.86>,<1.33;1.48>,<1.33;1.48>,<1.76;1.51>,<1.76;1.51>,<0.97;0.97>,,,,,,
1017,,80235,,9,<3.36;2.86>,<1.33;1.48>,<1.33;1.48>,<1.76;1.51>,<1.76;1.51>,<0.97;0.97>,,,,,,
1018,,80235,,10,<3.36;2.86>,<1.33;1.48>,<1.33;1.48>,<1.76;1.51>,<1.76;1.51>,<0.97;0.97>,,,,,,
1019,,80235,,11,<3.36;2.86>,<1.33;1.48>,<1.33;1.48>,<1.76;1.51>,<1.76;1.51>,<0.97;0.97>,,,,,,
1020,,80235,,12,<3.36;2.86>,<1.33;1.48>,<1.33;1.48>,<1.76;1.51>,<1.76;1.51>,<0.97;0.97>,,,,,,
1021,,80236,,1,<3.36;2.86>,<1.33;1.48>,<1.33;1.48>,<1.76;1.51>,<1.76;1.51>,<0.97;0.97>,,,,,,
1022,,80236,,2,<3.36;2.86>,<1.33;1.48>,<1.33;1.48>,<1.76;1.51>,<1.76;1.51>,<0.97;0.97>,,,,,,
1023,,80236,,3,<3.36;2.86>,<1.33;1.48>,<1.33;1.48>,<1.76;1.51>,<1.76;1.51>,<0.97;0.97>,,,,,,
1024,,80236,,4,<3.36;2.86>,<1.33;1.48>,<1.33;1.48>,<1.76;1.51>,<1.76;1.51>,<0.97;0.97>,,,,,,
1025,,80236,,5,<3.36;2.86>,<1.33;1.48>,<1.33;1.48>,<1.76;1.51>,<1.76;1.51>,<0.97;0.97>,,,,,,
1026,,80236,,6,<3.36;2.86>,<1.33;1.48>,<1.33;1.48>,<1.76;1.51>,<1.76;1.51>,<0.97;0.97>,,,,,,
1027,,80236,,7,<3.36;2.86>,<1.33;1.48>,<1.33;1.48>,<1.76;1.51>,<1.76;1.51>,<0.97;0.97>,,,,,,
1028,,80236,,8,<3.36;2.86>,<1.33;1.48>,<1.33;1.48>,<1.76;1.51>,<1.76;1.51>,<0.97;0.97>,,,,,,
1029,,80236,,9,<3.36;2.86>,<1.33;1.48>,<1.33;1.48>,<1.76;1.51>,<1.76;1.51>,<0.97;0.97>,,,,,,
1030,,80236,,10,<3.36;2.86>,<1.33;1.48>,<1.33;1.48>,<1.76;1.51>,<1.76;1.51>,<0.97;0.97>,,,,,,
1031,,80236,,11,<3.36;2.86>,<1.33;1.48>,<1.33;1.48>,<1.76;1.51>,<1.76;1.51>,<0.97;0.97>,,,,,,
1032,,80236,,12,<3.36;2.86>,<1.33;1.48>,<1.33;1.48>,<1.76;1.51>,<1.76;1.51>,<0.97;0.97>,,,,,,
1033,,80241,{11=1.1},1,<3.36;2.85>,<1.33;1.48>,<1.33;1.48>,<1.76;1.51>,<1.76;1.51>,<0.98;0.98>,,,,,,
1034,,80241,{11=1.1},2,<3.36;2.85>,<1.33;1.48>,<1.33;1.48>,<1.76;1.51>,<1.76;1.51>,<0.98;0.98>,,,,,,
1035,,80241,{11=1.1},3,<3.36;2.85>,<1.33;1.48>,<1.33;1.48>,<1.76;1.51>,<1.76;1.51>,<0.98;0.98>,,,,,,
1036,,80241,{11=1.1},4,<3.36;2.85>,<1.33;1.48>,<1.33;1.48>,<1.76;1.51>,<1.76;1.51>,<0.98;0.98>,,,,,,
1037,,80241,{11=1.1},5,<3.36;2.85>,<1.33;1.48>,<1.33;1.48>,<1.76;1.51>,<1.76;1.51>,<0.98;0.98>,,,,,,
1038,,80241,{11=1.1},6,<3.36;2.85>,<1.33;1.48>,<1.33;1.48>,<1.76;1.51>,<1.76;1.51>,<0.98;0.98>,,,,,,
1039,,80241,{11=1.1},7,<3.36;2.85>,<1.33;1.48>,<1.33;1.48>,<1.76;1.51>,<1.76;1.51>,<0.98;0.98>,,,,,,
1040,,80241,{11=1.1},8,<3.36;2.85>,<1.33;1.48>,<1.33;1.48>,<1.76;1.51>,<1.76;1.51>,<0.98;0.98>,,,,,,
1041,,80241,{11=1.1},9,<3.36;2.85>,<1.33;1.48>,<1.33;1.48>,<1.76;1.51>,<1.76;1.51>,<0.98;0.98>,,,,,,
1042,,80241,{11=1.1},10,<3.36;2.85>,<1.33;1.48>,<1.33;1.48>,<1.76;1.51>,<1.76;1.51>,<0.98;0.98>,,,,,,
1043,,80241,{11=1.1},11,<3.36;2.85>,<1.33;1.48>,<1.33;1.48>,<1.76;1.51>,<1.76;1.51>,<0.98;0.98>,,,,,,
1044,,80241,{11=1.1},12,<3.36;2.85>,<1.33;1.48>,<1.33;1.48>,<1.76;1.51>,<1.76;1.51>,<0.98;0.98>,,,,,,
1045,,80242,{11=1.1},1,<3.36;2.85>,<1.33;1.48>,<1.33;1.48>,<1.76;1.51>,<1.76;1.51>,<0.98;0.98>,,,,,,
1046,,80242,{11=1.1},2,<3.36;2.85>,<1.33;1.48>,<1.33;1.48>,<1.76;1.51>,<1.76;1.51>,<0.98;0.98>,,,,,,
1047,,80242,{11=1.1},3,<3.36;2.85>,<1.33;1.48>,<1.33;1.48>,<1.76;1.51>,<1.76;1.51>,<0.98;0.98>,,,,,,
1048,,80242,{11=1.1},4,<3.36;2.85>,<1.33;1.48>,<1.33;1.48>,<1.76;1.51>,<1.76;1.51>,<0.98;0.98>,,,,,,
1049,,80242,{11=1.1},5,<3.36;2.85>,<1.33;1.48>,<1.33;1.48>,<1.76;1.51>,<1.76;1.51>,<0.98;0.98>,,,,,,
1050,,80242,{11=1.1},6,<3.36;2.85>,<1.33;1.48>,<1.33;1.48>,<1.76;1.51>,<1.76;1.51>,<0.98;0.98>,,,,,,
1051,,80242,{11=1.1},7,<3.36;2.85>,<1.33;1.48>,<1.33;1.48>,<1.76;1.51>,<1.76;1.51>,<0.98;0.98>,,,,,,
1052,,80242,{11=1.1},8,<3.36;2.85>,<1.33;1.48>,<1.33;1.48>,<1.76;1.51>,<1.76;1.51>,<0.98;0.98>,,,,,,
1053,,80242,{11=1.1},9,<3.36;2.85>,<1.33;1.48>,<1.33;1.48>,<1.76;1.51>,<1.76;1.51>,<0.98;0.98>,,,,,,
1054,,80242,{11=1.1},10,<3.36;2.85>,<1.33;1.48>,<1.33;1.48>,<1.76;1.51>,<1.76;1.51>,<0.98;0.98>,,,,,,
1055,,80242,{11=1.1},11,<3.36;2.85>,<1.33;1.48>,<1.33;1.48>,<1.76;1.51>,<1.76;1.51>,<0.98;0.98>,,,,,,
1056,,80242,{11=1.1},12,<3.36;2.85>,<1.33;1.48>,<1.33;1.48>,<1.76;1.51>,<1.76;1.51>,<0.98;0.98>,,,,,,
1057,,80243,{11=1.7},1,<3.36;2.85>,<1.33;1.48>,<1.33;1.48>,<1.76;1.51>,<1.76;1.51>,<0.98;0.98>,,,,,,
1058,,80243,{11=1.7},2,<3.36;2.85>,<1.33;1.48>,<1.33;1.48>,<1.76;1.51>,<1.76;1.51>,<0.98;0.98>,,,,,,
1059,,80243,{11=1.7},3,<3.36;2.85>,<1.33;1.48>,<1.33;1.48>,<1.76;1.51>,<1.76;1.51>,<0.98;0.98>,,,,,,
1060,,80243,{11=1.7},4,<3.36;2.85>,<1.33;1.48>,<1.33;1.48>,<1.76;1.51>,<1.76;1.51>,<0.98;0.98>,,,,,,
1061,,80243,{11=1.7},5,<3.36;2.85>,<1.33;1.48>,<1.33;1.48>,<1.76;1.51>,<1.76;1.51>,<0.98;0.98>,,,,,,
1062,,80243,{11=1.7},6,<3.36;2.85>,<1.33;1.48>,<1.33;1.48>,<1.76;1.51>,<1.76;1.51>,<0.98;0.98>,,,,,,
1063,,80243,{11=1.7},7,<3.36;2.85>,<1.33;1.48>,<1.33;1.48>,<1.76;1.51>,<1.76;1.51>,<0.98;0.98>,,,,,,
1064,,80243,{11=1.7},8,<3.36;2.85>,<1.33;1.48>,<1.33;1.48>,<1.76;1.51>,<1.76;1.51>,<0.98;0.98>,,,,,,
1065,,80243,{11=1.7},9,<3.36;2.85>,<1.33;1.48>,<1.33;1.48>,<1.76;1.51>,<1.76;1.51>,<0.98;0.98>,,,,,,
1066,,80243,{11=1.7},10,<3.36;2.85>,<1.33;1.48>,<1.33;1.48>,<1.76;1.51>,<1.76;1.51>,<0.98;0.98>,,,,,,
1067,,80243,{11=1.7},11,<3.36;2.85>,<1.33;1.48>,<1.33;1.48>,<1.76;1.51>,<1.76;1.51>,<0.98;0.98>,,,,,,
1068,,80243,{11=1.7},12,<3.36;2.85>,<1.33;1.48>,<1.33;1.48>,<1.76;1.51>,<1.76;1.51>,<0.98;0.98>,,,,,,
1069,,80244,{8=1.1},1,<2.4;2.04>,<0.95;1.06>,<0.95;1.06>,<1.26;1.08>,<1.26;1.08>,<0.98;0.98>,,,,,,
1070,,80244,{8=1.1},2,<2.4;2.04>,<0.95;1.06>,<0.95;1.06>,<1.26;1.08>,<1.26;1.08>,<0.98;0.98>,,,,,,
1071,,80244,{8=1.1},3,<2.4;2.04>,<0.95;1.06>,<0.95;1.06>,<1.26;1.08>,<1.26;1.08>,<0.98;0.98>,,,,,,
1072,,80244,{8=1.1},4,<2.4;2.04>,<0.95;1.06>,<0.95;1.06>,<1.26;1.08>,<1.26;1.08>,<0.98;0.98>,,,,,,
1073,,80244,{8=1.1},5,<2.4;2.04>,<0.95;1.06>,<0.95;1.06>,<1.26;1.08>,<1.26;1.08>,<0.98;0.98>,,,,,,
1074,,80244,{8=1.1},6,<2.4;2.04>,<0.95;1.06>,<0.95;1.06>,<1.26;1.08>,<1.26;1.08>,<0.98;0.98>,,,,,,
1075,,80244,{8=1.1},7,<2.4;2.04>,<0.95;1.06>,<0.95;1.06>,<1.26;1.08>,<1.26;1.08>,<0.98;0.98>,,,,,,
1076,,80244,{8=1.1},8,<2.4;2.04>,<0.95;1.06>,<0.95;1.06>,<1.26;1.08>,<1.26;1.08>,<0.98;0.98>,,,,,,
1077,,80244,{8=1.1},9,<2.4;2.04>,<0.95;1.06>,<0.95;1.06>,<1.26;1.08>,<1.26;1.08>,<0.98;0.98>,,,,,,
1078,,80244,{8=1.1},10,<2.4;2.04>,<0.95;1.06>,<0.95;1.06>,<1.26;1.08>,<1.26;1.08>,<0.98;0.98>,,,,,,
1079,,80244,{8=1.1},11,<2.4;2.04>,<0.95;1.06>,<0.95;1.06>,<1.26;1.08>,<1.26;1.08>,<0.98;0.98>,,,,,,
1080,,80244,{8=1.1},12,<2.4;2.04>,<0.95;1.06>,<0.95;1.06>,<1.26;1.08>,<1.26;1.08>,<0.98;0.98>,,,,,,
1081,,80245,,1,<3.36;2.85>,<1.33;1.48>,<1.33;1.48>,<1.76;1.51>,<1.76;1.51>,<0.98;0.98>,,,,,,
1082,,80245,,2,<3.36;2.85>,<1.33;1.48>,<1.33;1.48>,<1.76;1.51>,<1.76;1.51>,<0.98;0.98>,,,,,,
1083,,80245,,3,<3.36;2.85>,<1.33;1.48>,<1.33;1.48>,<1.76;1.51>,<1.76;1.51>,<0.98;0.98>,,,,,,
1084,,80245,,4,<3.36;2.85>,<1.33;1.48>,<1.33;1.48>,<1.76;1.51>,<1.76;1.51>,<0.98;0.98>,,,,,,
1085,,80245,,5,<3.36;2.85>,<1.33;1.48>,<1.33;1.48>,<1.76;1.51>,<1.76;1.51>,<0.98;0.98>,,,,,,
1086,,80245,,6,<3.36;2.85>,<1.33;1.48>,<1.33;1.48>,<1.76;1.51>,<1.76;1.51>,<0.98;0.98>,,,,,,
1087,,80245,,7,<3.36;2.85>,<1.33;1.48>,<1.33;1.48>,<1.76;1.51>,<1.76;1.51>,<0.98;0.98>,,,,,,
1088,,80245,,8,<3.36;2.85>,<1.33;1.48>,<1.33;1.48>,<1.76;1.51>,<1.76;1.51>,<0.98;0.98>,,,,,,
1089,,80245,,9,<3.36;2.85>,<1.33;1.48>,<1.33;1.48>,<1.76;1.51>,<1.76;1.51>,<0.98;0.98>,,,,,,
1090,,80245,,10,<3.36;2.85>,<1.33;1.48>,<1.33;1.48>,<1.76;1.51>,<1.76;1.51>,<0.98;0.98>,,,,,,
1091,,80245,,11,<3.36;2.85>,<1.33;1.48>,<1.33;1.48>,<1.76;1.51>,<1.76;1.51>,<0.98;0.98>,,,,,,
1092,,80245,,12,<3.36;2.85>,<1.33;1.48>,<1.33;1.48>,<1.76;1.51>,<1.76;1.51>,<0.98;0.98>,,,,,,
1093,,80246,,1,<3.36;2.85>,<1.33;1.48>,<1.33;1.48>,<1.76;1.51>,<1.76;1.51>,<0.98;0.98>,,,,,,
1094,,80246,,2,<3.36;2.85>,<1.33;1.48>,<1.33;1.48>,<1.76;1.51>,<1.76;1.51>,<0.98;0.98>,,,,,,
1095,,80246,,3,<3.36;2.85>,<1.33;1.48>,<1.33;1.48>,<1.76;1.51>,<1.76;1.51>,<0.98;0.98>,,,,,,
1096,,80246,,4,<3.36;2.85>,<1.33;1.48>,<1.33;1.48>,<1.76;1.51>,<1.76;1.51>,<0.98;0.98>,,,,,,
1097,,80246,,5,<3.36;2.85>,<1.33;1.48>,<1.33;1.48>,<1.76;1.51>,<1.76;1.51>,<0.98;0.98>,,,,,,
1098,,80246,,6,<3.36;2.85>,<1.33;1.48>,<1.33;1.48>,<1.76;1.51>,<1.76;1.51>,<0.98;0.98>,,,,,,
1099,,80246,,7,<3.36;2.85>,<1.33;1.48>,<1.33;1.48>,<1.76;1.51>,<1.76;1.51>,<0.98;0.98>,,,,,,
1100,,80246,,8,<3.36;2.85>,<1.33;1.48>,<1.33;1.48>,<1.76;1.51>,<1.76;1.51>,<0.98;0.98>,,,,,,
1101,,80246,,9,<3.36;2.85>,<1.33;1.48>,<1.33;1.48>,<1.76;1.51>,<1.76;1.51>,<0.98;0.98>,,,,,,
1102,,80246,,10,<3.36;2.85>,<1.33;1.48>,<1.33;1.48>,<1.76;1.51>,<1.76;1.51>,<0.98;0.98>,,,,,,
1103,,80246,,11,<3.36;2.85>,<1.33;1.48>,<1.33;1.48>,<1.76;1.51>,<1.76;1.51>,<0.98;0.98>,,,,,,
1104,,80246,,12,<3.36;2.85>,<1.33;1.48>,<1.33;1.48>,<1.76;1.51>,<1.76;1.51>,<0.98;0.98>,,,,,,
1105,,80251,{11=1.1},1,<1.96;1.67>,<0.77;0.86>,<0.77;0.86>,<1.03;0.88>,<1.03;0.88>,<0.9;0.9>,,,,,,
1106,,80251,{11=1.1},2,<1.96;1.67>,<0.77;0.86>,<0.77;0.86>,<1.03;0.88>,<1.03;0.88>,<0.9;0.9>,,,,,,
1107,,80251,{11=1.1},3,<1.96;1.67>,<0.77;0.86>,<0.77;0.86>,<1.03;0.88>,<1.03;0.88>,<0.9;0.9>,,,,,,
1108,,80251,{11=1.1},4,<1.96;1.67>,<0.77;0.86>,<0.77;0.86>,<1.03;0.88>,<1.03;0.88>,<0.9;0.9>,,,,,,
1109,,80251,{11=1.1},5,<1.96;1.67>,<0.77;0.86>,<0.77;0.86>,<1.03;0.88>,<1.03;0.88>,<0.9;0.9>,,,,,,
1110,,80251,{11=1.1},6,<1.96;1.67>,<0.77;0.86>,<0.77;0.86>,<1.03;0.88>,<1.03;0.88>,<0.9;0.9>,,,,,,
1111,,80251,{11=1.1},7,<1.96;1.67>,<0.77;0.86>,<0.77;0.86>,<1.03;0.88>,<1.03;0.88>,<0.9;0.9>,,,,,,
1112,,80251,{11=1.1},8,<1.96;1.67>,<0.77;0.86>,<0.77;0.86>,<1.03;0.88>,<1.03;0.88>,<0.9;0.9>,,,,,,
1113,,80251,{11=1.1},9,<1.96;1.67>,<0.77;0.86>,<0.77;0.86>,<1.03;0.88>,<1.03;0.88>,<0.9;0.9>,,,,,,
1114,,80251,{11=1.1},10,<1.96;1.67>,<0.77;0.86>,<0.77;0.86>,<1.03;0.88>,<1.03;0.88>,<0.9;0.9>,,,,,,
1115,,80251,{11=1.1},11,<1.96;1.67>,<0.77;0.86>,<0.77;0.86>,<1.03;0.88>,<1.03;0.88>,<0.9;0.9>,,,,,,
1116,,80251,{11=1.1},12,<1.96;1.67>,<0.77;0.86>,<0.77;0.86>,<1.03;0.88>,<1.03;0.88>,<0.9;0.9>,,,,,,
1117,,80301,{11=1.1},1,<2.14;1.82>,<0.85;0.94>,<0.85;0.94>,<1.12;0.96>,<1.12;0.96>,<0.91;0.91>,,,,,,
1118,,80301,{11=1.1},2,<2.14;1.82>,<0.85;0.94>,<0.85;0.94>,<1.12;0.96>,<1.12;0.96>,<0.91;0.91>,,,,,,
1119,,80301,{11=1.1},3,<2.14;1.82>,<0.85;0.94>,<0.85;0.94>,<1.12;0.96>,<1.12;0.96>,<0.91;0.91>,,,,,,
1120,,80301,{11=1.1},4,<2.14;1.82>,<0.85;0.94>,<0.85;0.94>,<1.12;0.96>,<1.12;0.96>,<0.91;0.91>,,,,,,
1121,,80301,{11=1.1},5,<2.14;1.82>,<0.85;0.94>,<0.85;0.94>,<1.12;0.96>,<1.12;0.96>,<0.91;0.91>,,,,,,
1122,,80301,{11=1.1},6,<2.14;1.82>,<0.85;0.94>,<0.85;0.94>,<1.12;0.96>,<1.12;0.96>,<0.91;0.91>,,,,,,
1123,,80301,{11=1.1},7,<2.14;1.82>,<0.85;0.94>,<0.85;0.94>,<1.12;0.96>,<1.12;0.96>,<0.91;0.91>,,,,,,
1124,,80301,{11=1.1},8,<2.14;1.82>,<0.85;0.94>,<0.85;0.94>,<1.12;0.96>,<1.12;0.96>,<0.91;0.91>,,,,,,
1125,,80301,{11=1.1},9,<2.14;1.82>,<0.85;0.94>,<0.85;0.94>,<1.12;0.96>,<1.12;0.96>,<0.91;0.91>,,,,,,
1126,,80301,{11=1.1},10,<2.14;1.82>,<0.85;0.94>,<0.85;0.94>,<1.12;0.96>,<1.12;0.96>,<0.91;0.91>,,,,,,
1127,,80301,{11=1.1},11,<2.14;1.82>,<0.85;0.94>,<0.85;0.94>,<1.12;0.96>,<1.12;0.96>,<0.91;0.91>,,,,,,
1128,,80301,{11=1.1},12,<2.14;1.82>,<0.85;0.94>,<0.85;0.94>,<1.12;0.96>,<1.12;0.96>,<0.91;0.91>,,,,,,
1129,,80302,{11=1.5},1,<2.14;1.82>,<0.85;0.94>,<0.85;0.94>,<1.12;0.96>,<1.12;0.96>,<0.91;0.91>,,,,,,
1130,,80302,{11=1.5},2,<2.14;1.82>,<0.85;0.94>,<0.85;0.94>,<1.12;0.96>,<1.12;0.96>,<0.91;0.91>,,,,,,
1131,,80302,{11=1.5},3,<2.14;1.82>,<0.85;0.94>,<0.85;0.94>,<1.12;0.96>,<1.12;0.96>,<0.91;0.91>,,,,,,
1132,,80302,{11=1.5},4,<2.14;1.82>,<0.85;0.94>,<0.85;0.94>,<1.12;0.96>,<1.12;0.96>,<0.91;0.91>,,,,,,
1133,,80302,{11=1.5},5,<2.14;1.82>,<0.85;0.94>,<0.85;0.94>,<1.12;0.96>,<1.12;0.96>,<0.91;0.91>,,,,,,
1134,,80302,{11=1.5},6,<2.14;1.82>,<0.85;0.94>,<0.85;0.94>,<1.12;0.96>,<1.12;0.96>,<0.91;0.91>,,,,,,
1135,,80302,{11=1.5},7,<2.14;1.82>,<0.85;0.94>,<0.85;0.94>,<1.12;0.96>,<1.12;0.96>,<0.91;0.91>,,,,,,
1136,,80302,{11=1.5},8,<2.14;1.82>,<0.85;0.94>,<0.85;0.94>,<1.12;0.96>,<1.12;0.96>,<0.91;0.91>,,,,,,
1137,,80302,{11=1.5},9,<2.14;1.82>,<0.85;0.94>,<0.85;0.94>,<1.12;0.96>,<1.12;0.96>,<0.91;0.91>,,,,,,
1138,,80302,{11=1.5},10,<2.14;1.82>,<0.85;0.94>,<0.85;0.94>,<1.12;0.96>,<1.12;0.96>,<0.91;0.91>,,,,,,
1139,,80302,{11=1.5},11,<2.14;1.82>,<0.85;0.94>,<0.85;0.94>,<1.12;0.96>,<1.12;0.96>,<0.91;0.91>,,,,,,
1140,,80302,{11=1.5},12,<2.14;1.82>,<0.85;0.94>,<0.85;0.94>,<1.12;0.96>,<1.12;0.96>,<0.91;0.91>,,,,,,
1141,,80303,,1,<2.14;1.82>,<0.85;0.94>,<0.85;0.94>,<1.12;0.96>,<1.12;0.96>,<0.91;0.91>,,,,,,
1142,,80303,,2,<2.14;1.82>,<0.85;0.94>,<0.85;0.94>,<1.12;0.96>,<1.12;0.96>,<0.91;0.91>,,,,,,
1143,,80303,,3,<2.14;1.82>,<0.85;0.94>,<0.85;0.94>,<1.12;0.96>,<1.12;0.96>,<0.91;0.91>,,,,,,
1144,,80303,,4,<2.14;1.82>,<0.85;0.94>,<0.85;0.94>,<1.12;0.96>,<1.12;0.96>,<0.91;0.91>,,,,,,
1145,,80303,,5,<2.14;1.82>,<0.85;0.94>,<0.85;0.94>,<1.12;0.96>,<1.12;0.96>,<0.91;0.91>,,,,,,
1146,,80303,,6,<2.14;1.82>,<0.85;0.94>,<0.85;0.94>,<1.12;0.96>,<1.12;0.96>,<0.91;0.91>,,,,,,
1147,,80303,,7,<2.14;1.82>,<0.85;0.94>,<0.85;0.94>,<1.12;0.96>,<1.12;0.96>,<0.91;0.91>,,,,,,
1148,,80303,,8,<2.14;1.82>,<0.85;0.94>,<0.85;0.94>,<1.12;0.96>,<1.12;0.96>,<0.91;0.91>,,,,,,
1149,,80303,,9,<2.14;1.82>,<0.85;0.94>,<0.85;0.94>,<1.12;0.96>,<1.12;0.96>,<0.91;0.91>,,,,,,
1150,,80303,,10,<2.14;1.82>,<0.85;0.94>,<0.85;0.94>,<1.12;0.96>,<1.12;0.96>,<0.91;0.91>,,,,,,
1151,,80303,,11,<2.14;1.82>,<0.85;0.94>,<0.85;0.94>,<1.12;0.96>,<1.12;0.96>,<0.91;0.91>,,,,,,
1152,,80303,,12,<2.14;1.82>,<0.85;0.94>,<0.85;0.94>,<1.12;0.96>,<1.12;0.96>,<0.91;0.91>,,,,,,
1153,,80304,,1,<2.14;1.82>,<0.85;0.94>,<0.85;0.94>,<1.12;0.96>,<1.12;0.96>,<0.91;0.91>,,,,,,
1154,,80304,,2,<2.14;1.82>,<0.85;0.94>,<0.85;0.94>,<1.12;0.96>,<1.12;0.96>,<0.91;0.91>,,,,,,
1155,,80304,,3,<2.14;1.82>,<0.85;0.94>,<0.85;0.94>,<1.12;0.96>,<1.12;0.96>,<0.91;0.91>,,,,,,
1156,,80304,,4,<2.14;1.82>,<0.85;0.94>,<0.85;0.94>,<1.12;0.96>,<1.12;0.96>,<0.91;0.91>,,,,,,
1157,,80304,,5,<2.14;1.82>,<0.85;0.94>,<0.85;0.94>,<1.12;0.96>,<1.12;0.96>,<0.91;0.91>,,,,,,
1158,,80304,,6,<2.14;1.82>,<0.85;0.94>,<0.85;0.94>,<1.12;0.96>,<1.12;0.96>,<0.91;0.91>,,,,,,
1159,,80304,,7,<2.14;1.82>,<0.85;0.94>,<0.85;0.94>,<1.12;0.96>,<1.12;0.96>,<0.91;0.91>,,,,,,
1160,,80304,,8,<2.14;1.82>,<0.85;0.94>,<0.85;0.94>,<1.12;0.96>,<1.12;0.96>,<0.91;0.91>,,,,,,
1161,,80304,,9,<2.14;1.82>,<0.85;0.94>,<0.85;0.94>,<1.12;0.96>,<1.12;0.96>,<0.91;0.91>,,,,,,
1162,,80304,,10,<2.14;1.82>,<0.85;0.94>,<0.85;0.94>,<1.12;0.96>,<1.12;0.96>,<0.91;0.91>,,,,,,
1163,,80304,,11,<2.14;1.82>,<0.85;0.94>,<0.85;0.94>,<1.12;0.96>,<1.12;0.96>,<0.91;0.91>,,,,,,
1164,,80304,,12,<2.14;1.82>,<0.85;0.94>,<0.85;0.94>,<1.12;0.96>,<1.12;0.96>,<0.91;0.91>,,,,,,
1165,,80305,,1,<2.14;1.82>,<0.85;0.94>,<0.85;0.94>,<1.12;0.96>,<1.12;0.96>,<0.91;0.91>,,,,,,
1166,,80305,,2,<2.14;1.82>,<0.85;0.94>,<0.85;0.94>,<1.12;0.96>,<1.12;0.96>,<0.91;0.91>,,,,,,
1167,,80305,,3,<2.14;1.82>,<0.85;0.94>,<0.85;0.94>,<1.12;0.96>,<1.12;0.96>,<0.91;0.91>,,,,,,
1168,,80305,,4,<2.14;1.82>,<0.85;0.94>,<0.85;0.94>,<1.12;0.96>,<1.12;0.96>,<0.91;0.91>,,,,,,
1169,,80305,,5,<2.14;1.82>,<0.85;0.94>,<0.85;0.94>,<1.12;0.96>,<1.12;0.96>,<0.91;0.91>,,,,,,
1170,,80305,,6,<2.14;1.82>,<0.85;0.94>,<0.85;0.94>,<1.12;0.96>,<1.12;0.96>,<0.91;0.91>,,,,,,
1171,,80305,,7,<2.14;1.82>,<0.85;0.94>,<0.85;0.94>,<1.12;0.96>,<1.12;0.96>,<0.91;0.91>,,,,,,
1172,,80305,,8,<2.14;1.82>,<0.85;0.94>,<0.85;0.94>,<1.12;0.96>,<1.12;0.96>,<0.91;0.91>,,,,,,
1173,,80305,,9,<2.14;1.82>,<0.85;0.94>,<0.85;0.94>,<1.12;0.96>,<1.12;0.96>,<0.91;0.91>,,,,,,
1174,,80305,,10,<2.14;1.82>,<0.85;0.94>,<0.85;0.94>,<1.12;0.96>,<1.12;0.96>,<0.91;0.91>,,,,,,
1175,,80305,,11,<2.14;1.82>,<0.85;0.94>,<0.85;0.94>,<1.12;0.96>,<1.12;0.96>,<0.91;0.91>,,,,,,
1176,,80305,,12,<2.14;1.82>,<0.85;0.94>,<0.85;0.94>,<1.12;0.96>,<1.12;0.96>,<0.91;0.91>,,,,,,
1177,,80306,,1,<2.14;1.82>,<0.85;0.94>,<0.85;0.94>,<1.12;0.96>,<1.12;0.96>,<0.91;0.91>,,,,,,
1178,,80306,,2,<2.14;1.82>,<0.85;0.94>,<0.85;0.94>,<1.12;0.96>,<1.12;0.96>,<0.91;0.91>,,,,,,
1179,,80306,,3,<2.14;1.82>,<0.85;0.94>,<0.85;0.94>,<1.12;0.96>,<1.12;0.96>,<0.91;0.91>,,,,,,
1180,,80306,,4,<2.14;1.82>,<0.85;0.94>,<0.85;0.94>,<1.12;0.96>,<1.12;0.96>,<0.91;0.91>,,,,,,
1181,,80306,,5,<2.14;1.82>,<0.85;0.94>,<0.85;0.94>,<1.12;0.96>,<1.12;0.96>,<0.91;0.91>,,,,,,
1182,,80306,,6,<2.14;1.82>,<0.85;0.94>,<0.85;0.94>,<1.12;0.96>,<1.12;0.96>,<0.91;0.91>,,,,,,
1183,,80306,,7,<2.14;1.82>,<0.85;0.94>,<0.85;0.94>,<1.12;0.96>,<1.12;0.96>,<0.91;0.91>,,,,,,
1184,,80306,,8,<2.14;1.82>,<0.85;0.94>,<0.85;0.94>,<1.12;0.96>,<1.12;0.96>,<0.91;0.91>,,,,,,
1185,,80306,,9,<2.14;1.82>,<0.85;0.94>,<0.85;0.94>,<1.12;0.96>,<1.12;0.96>,<0.91;0.91>,,,,,,
1186,,80306,,10,<2.14;1.82>,<0.85;0.94>,<0.85;0.94>,<1.12;0.96>,<1.12;0.96>,<0.91;0.91>,,,,,,
1187,,80306,,11,<2.14;1.82>,<0.85;0.94>,<0.85;0.94>,<1.12;0.96>,<1.12;0.96>,<0.91;0.91>,,,,,,
1188,,80306,,12,<2.14;1.82>,<0.85;0.94>,<0.85;0.94>,<1.12;0.96>,<1.12;0.96>,<0.91;0.91>,,,,,,
1189,,80311,{11=1.1},1,<2.92;2.48>,<1.15;1.28>,<1.15;1.28>,<1.53;1.31>,<1.53;1.31>,<0.95;0.95>,,,,,,
1190,,80311,{11=1.1},2,<2.92;2.48>,<1.15;1.28>,<1.15;1.28>,<1.53;1.31>,<1.53;1.31>,<0.95;0.95>,,,,,,
1191,,80311,{11=1.1},3,<2.92;2.48>,<1.15;1.28>,<1.15;1.28>,<1.53;1.31>,<1.53;1.31>,<0.95;0.95>,,,,,,
1192,,80311,{11=1.1},4,<2.92;2.48>,<1.15;1.28>,<1.15;1.28>,<1.53;1.31>,<1.53;1.31>,<0.95;0.95>,,,,,,
1193,,80311,{11=1.1},5,<2.92;2.48>,<1.15;1.28>,<1.15;1.28>,<1.53;1.31>,<1.53;1.31>,<0.95;0.95>,,,,,,
1194,,80311,{11=1.1},6,<2.92;2.48>,<1.15;1.28>,<1.15;1.28>,<1.53;1.31>,<1.53;1.31>,<0.95;0.95>,,,,,,
1195,,80311,{11=1.1},7,<2.92;2.48>,<1.15;1.28>,<1.15;1.28>,<1.53;1.31>,<1.53;1.31>,<0.95;0.95>,,,,,,
1196,,80311,{11=1.1},8,<2.92;2.48>,<1.15;1.28>,<1.15;1.28>,<1.53;1.31>,<1.53;1.31>,<0.95;0.95>,,,,,,
1197,,80311,{11=1.1},9,<2.92;2.48>,<1.15;1.28>,<1.15;1.28>,<1.53;1.31>,<1.53;1.31>,<0.95;0.95>,,,,,,
1198,,80311,{11=1.1},10,<2.92;2.48>,<1.15;1.28>,<1.15;1.28>,<1.53;1.31>,<1.53;1.31>,<0.95;0.95>,,,,,,
1199,,80311,{11=1.1},11,<2.92;2.48>,<1.15;1.28>,<1.15;1.28>,<1.53;1.31>,<1.53;1.31>,<0.95;0.95>,,,,,,
1200,,80311,{11=1.1},12,<2.92;2.48>,<1.15;1.28>,<1.15;1.28>,<1.53;1.31>,<1.53;1.31>,<0.95;0.95>,,,,,,
1201,,80312,{11=1.1},1,<2.56;2.18>,<1.01;1.13>,<1.01;1.13>,<1.34;1.15>,<1.34;1.15>,<0.93;0.93>,,,,,,
1202,,80312,{11=1.1},2,<2.56;2.18>,<1.01;1.13>,<1.01;1.13>,<1.34;1.15>,<1.34;1.15>,<0.93;0.93>,,,,,,
1203,,80312,{11=1.1},3,<2.56;2.18>,<1.01;1.13>,<1.01;1.13>,<1.34;1.15>,<1.34;1.15>,<0.93;0.93>,,,,,,
1204,,80312,{11=1.1},4,<2.56;2.18>,<1.01;1.13>,<1.01;1.13>,<1.34;1.15>,<1.34;1.15>,<0.93;0.93>,,,,,,
1205,,80312,{11=1.1},5,<2.56;2.18>,<1.01;1.13>,<1.01;1.13>,<1.34;1.15>,<1.34;1.15>,<0.93;0.93>,,,,,,
1206,,80312,{11=1.1},6,<2.56;2.18>,<1.01;1.13>,<1.01;1.13>,<1.34;1.15>,<1.34;1.15>,<0.93;0.93>,,,,,,
1207,,80312,{11=1.1},7,<2.56;2.18>,<1.01;1.13>,<1.01;1.13>,<1.34;1.15>,<1.34;1.15>,<0.93;0.93>,,,,,,
1208,,80312,{11=1.1},8,<2.56;2.18>,<1.01;1.13>,<1.01;1.13>,<1.34;1.15>,<1.34;1.15>,<0.93;0.93>,,,,,,
1209,,80312,{11=1.1},9,<2.56;2.18>,<1.01;1.13>,<1.01;1.13>,<1.34;1.15>,<1.34;1.15>,<0.93;0.93>,,,,,,
1210,,80312,{11=1.1},10,<2.56;2.18>,<1.01;1.13>,<1.01;1.13>,<1.34;1.15>,<1.34;1.15>,<0.93;0.93>,,,,,,
1211,,80312,{11=1.1},11,<2.56;2.18>,<1.01;1.13>,<1.01;1.13>,<1.34;1.15>,<1.34;1.15>,<0.93;0.93>,,,,,,
1212,,80312,{11=1.1},12,<2.56;2.18>,<1.01;1.13>,<1.01;1.13>,<1.34;1.15>,<1.34;1.15>,<0.93;0.93>,,,,,,
1213,,80313,{8=1},1,<3.5;2.98>,<1.38;1.54>,<1.38;1.54>,<1.84;1.58>,<1.84;1.58>,<0.95;0.95>,,,,,,
1214,,80313,{8=1},2,<3.5;2.98>,<1.38;1.54>,<1.38;1.54>,<1.84;1.58>,<1.84;1.58>,<0.95;0.95>,,,,,,
1215,,80313,{8=1},3,<3.5;2.98>,<1.38;1.54>,<1.38;1.54>,<1.84;1.58>,<1.84;1.58>,<0.95;0.95>,,,,,,
1216,,80313,{8=1},4,<3.5;2.98>,<1.38;1.54>,<1.38;1.54>,<1.84;1.58>,<1.84;1.58>,<0.95;0.95>,,,,,,
1217,,80313,{8=1},5,<3.5;2.98>,<1.38;1.54>,<1.38;1.54>,<1.84;1.58>,<1.84;1.58>,<0.95;0.95>,,,,,,
1218,,80313,{8=1},6,<3.5;2.98>,<1.38;1.54>,<1.38;1.54>,<1.84;1.58>,<1.84;1.58>,<0.95;0.95>,,,,,,
1219,,80313,{8=1},7,<3.5;2.98>,<1.38;1.54>,<1.38;1.54>,<1.84;1.58>,<1.84;1.58>,<0.95;0.95>,,,,,,
1220,,80313,{8=1},8,<3.5;2.98>,<1.38;1.54>,<1.38;1.54>,<1.84;1.58>,<1.84;1.58>,<0.95;0.95>,,,,,,
1221,,80313,{8=1},9,<3.5;2.98>,<1.38;1.54>,<1.38;1.54>,<1.84;1.58>,<1.84;1.58>,<0.95;0.95>,,,,,,
1222,,80313,{8=1},10,<3.5;2.98>,<1.38;1.54>,<1.38;1.54>,<1.84;1.58>,<1.84;1.58>,<0.95;0.95>,,,,,,
1223,,80313,{8=1},11,<3.5;2.98>,<1.38;1.54>,<1.38;1.54>,<1.84;1.58>,<1.84;1.58>,<0.95;0.95>,,,,,,
1224,,80313,{8=1},12,<3.5;2.98>,<1.38;1.54>,<1.38;1.54>,<1.84;1.58>,<1.84;1.58>,<0.95;0.95>,,,,,,
1225,,80314,,1,<2.56;2.18>,<1.01;1.13>,<1.01;1.13>,<1.34;1.15>,<1.34;1.15>,<0.93;0.93>,,,,,,
1226,,80314,,2,<2.56;2.18>,<1.01;1.13>,<1.01;1.13>,<1.34;1.15>,<1.34;1.15>,<0.93;0.93>,,,,,,
1227,,80314,,3,<2.56;2.18>,<1.01;1.13>,<1.01;1.13>,<1.34;1.15>,<1.34;1.15>,<0.93;0.93>,,,,,,
1228,,80314,,4,<2.56;2.18>,<1.01;1.13>,<1.01;1.13>,<1.34;1.15>,<1.34;1.15>,<0.93;0.93>,,,,,,
1229,,80314,,5,<2.56;2.18>,<1.01;1.13>,<1.01;1.13>,<1.34;1.15>,<1.34;1.15>,<0.93;0.93>,,,,,,
1230,,80314,,6,<2.56;2.18>,<1.01;1.13>,<1.01;1.13>,<1.34;1.15>,<1.34;1.15>,<0.93;0.93>,,,,,,
1231,,80314,,7,<2.56;2.18>,<1.01;1.13>,<1.01;1.13>,<1.34;1.15>,<1.34;1.15>,<0.93;0.93>,,,,,,
1232,,80314,,8,<2.56;2.18>,<1.01;1.13>,<1.01;1.13>,<1.34;1.15>,<1.34;1.15>,<0.93;0.93>,,,,,,
1233,,80314,,9,<2.56;2.18>,<1.01;1.13>,<1.01;1.13>,<1.34;1.15>,<1.34;1.15>,<0.93;0.93>,,,,,,
1234,,80314,,10,<2.56;2.18>,<1.01;1.13>,<1.01;1.13>,<1.34;1.15>,<1.34;1.15>,<0.93;0.93>,,,,,,
1235,,80314,,11,<2.56;2.18>,<1.01;1.13>,<1.01;1.13>,<1.34;1.15>,<1.34;1.15>,<0.93;0.93>,,,,,,
1236,,80314,,12,<2.56;2.18>,<1.01;1.13>,<1.01;1.13>,<1.34;1.15>,<1.34;1.15>,<0.93;0.93>,,,,,,
1237,,80315,,1,<2.56;2.18>,<1.01;1.13>,<1.01;1.13>,<1.34;1.15>,<1.34;1.15>,<0.93;0.93>,,,,,,
1238,,80315,,2,<2.56;2.18>,<1.01;1.13>,<1.01;1.13>,<1.34;1.15>,<1.34;1.15>,<0.93;0.93>,,,,,,
1239,,80315,,3,<2.56;2.18>,<1.01;1.13>,<1.01;1.13>,<1.34;1.15>,<1.34;1.15>,<0.93;0.93>,,,,,,
1240,,80315,,4,<2.56;2.18>,<1.01;1.13>,<1.01;1.13>,<1.34;1.15>,<1.34;1.15>,<0.93;0.93>,,,,,,
1241,,80315,,5,<2.56;2.18>,<1.01;1.13>,<1.01;1.13>,<1.34;1.15>,<1.34;1.15>,<0.93;0.93>,,,,,,
1242,,80315,,6,<2.56;2.18>,<1.01;1.13>,<1.01;1.13>,<1.34;1.15>,<1.34;1.15>,<0.93;0.93>,,,,,,
1243,,80315,,7,<2.56;2.18>,<1.01;1.13>,<1.01;1.13>,<1.34;1.15>,<1.34;1.15>,<0.93;0.93>,,,,,,
1244,,80315,,8,<2.56;2.18>,<1.01;1.13>,<1.01;1.13>,<1.34;1.15>,<1.34;1.15>,<0.93;0.93>,,,,,,
1245,,80315,,9,<2.56;2.18>,<1.01;1.13>,<1.01;1.13>,<1.34;1.15>,<1.34;1.15>,<0.93;0.93>,,,,,,
1246,,80315,,10,<2.56;2.18>,<1.01;1.13>,<1.01;1.13>,<1.34;1.15>,<1.34;1.15>,<0.93;0.93>,,,,,,
1247,,80315,,11,<2.56;2.18>,<1.01;1.13>,<1.01;1.13>,<1.34;1.15>,<1.34;1.15>,<0.93;0.93>,,,,,,
1248,,80315,,12,<2.56;2.18>,<1.01;1.13>,<1.01;1.13>,<1.34;1.15>,<1.34;1.15>,<0.93;0.93>,,,,,,
1249,,80316,,1,<2.56;2.18>,<1.01;1.13>,<1.01;1.13>,<1.34;1.15>,<1.34;1.15>,<0.93;0.93>,,,,,,
1250,,80316,,2,<2.56;2.18>,<1.01;1.13>,<1.01;1.13>,<1.34;1.15>,<1.34;1.15>,<0.93;0.93>,,,,,,
1251,,80316,,3,<2.56;2.18>,<1.01;1.13>,<1.01;1.13>,<1.34;1.15>,<1.34;1.15>,<0.93;0.93>,,,,,,
1252,,80316,,4,<2.56;2.18>,<1.01;1.13>,<1.01;1.13>,<1.34;1.15>,<1.34;1.15>,<0.93;0.93>,,,,,,
1253,,80316,,5,<2.56;2.18>,<1.01;1.13>,<1.01;1.13>,<1.34;1.15>,<1.34;1.15>,<0.93;0.93>,,,,,,
1254,,80316,,6,<2.56;2.18>,<1.01;1.13>,<1.01;1.13>,<1.34;1.15>,<1.34;1.15>,<0.93;0.93>,,,,,,
1255,,80316,,7,<2.56;2.18>,<1.01;1.13>,<1.01;1.13>,<1.34;1.15>,<1.34;1.15>,<0.93;0.93>,,,,,,
1256,,80316,,8,<2.56;2.18>,<1.01;1.13>,<1.01;1.13>,<1.34;1.15>,<1.34;1.15>,<0.93;0.93>,,,,,,
1257,,80316,,9,<2.56;2.18>,<1.01;1.13>,<1.01;1.13>,<1.34;1.15>,<1.34;1.15>,<0.93;0.93>,,,,,,
1258,,80316,,10,<2.56;2.18>,<1.01;1.13>,<1.01;1.13>,<1.34;1.15>,<1.34;1.15>,<0.93;0.93>,,,,,,
1259,,80316,,11,<2.56;2.18>,<1.01;1.13>,<1.01;1.13>,<1.34;1.15>,<1.34;1.15>,<0.93;0.93>,,,,,,
1260,,80316,,12,<2.56;2.18>,<1.01;1.13>,<1.01;1.13>,<1.34;1.15>,<1.34;1.15>,<0.93;0.93>,,,,,,
1261,,80321,{11=1.3},1,<2.56;2.18>,<1.01;1.13>,<1.01;1.13>,<1.34;1.15>,<1.34;1.15>,<0.93;0.93>,,,,,,
1262,,80321,{11=1.3},2,<2.56;2.18>,<1.01;1.13>,<1.01;1.13>,<1.34;1.15>,<1.34;1.15>,<0.93;0.93>,,,,,,
1263,,80321,{11=1.3},3,<2.56;2.18>,<1.01;1.13>,<1.01;1.13>,<1.34;1.15>,<1.34;1.15>,<0.93;0.93>,,,,,,
1264,,80321,{11=1.3},4,<2.56;2.18>,<1.01;1.13>,<1.01;1.13>,<1.34;1.15>,<1.34;1.15>,<0.93;0.93>,,,,,,
1265,,80321,{11=1.3},5,<2.56;2.18>,<1.01;1.13>,<1.01;1.13>,<1.34;1.15>,<1.34;1.15>,<0.93;0.93>,,,,,,
1266,,80321,{11=1.3},6,<2.56;2.18>,<1.01;1.13>,<1.01;1.13>,<1.34;1.15>,<1.34;1.15>,<0.93;0.93>,,,,,,
1267,,80321,{11=1.3},7,<2.56;2.18>,<1.01;1.13>,<1.01;1.13>,<1.34;1.15>,<1.34;1.15>,<0.93;0.93>,,,,,,
1268,,80321,{11=1.3},8,<2.56;2.18>,<1.01;1.13>,<1.01;1.13>,<1.34;1.15>,<1.34;1.15>,<0.93;0.93>,,,,,,
1269,,80321,{11=1.3},9,<2.56;2.18>,<1.01;1.13>,<1.01;1.13>,<1.34;1.15>,<1.34;1.15>,<0.93;0.93>,,,,,,
1270,,80321,{11=1.3},10,<2.56;2.18>,<1.01;1.13>,<1.01;1.13>,<1.34;1.15>,<1.34;1.15>,<0.93;0.93>,,,,,,
1271,,80321,{11=1.3},11,<2.56;2.18>,<1.01;1.13>,<1.01;1.13>,<1.34;1.15>,<1.34;1.15>,<0.93;0.93>,,,,,,
1272,,80321,{11=1.3},12,<2.56;2.18>,<1.01;1.13>,<1.01;1.13>,<1.34;1.15>,<1.34;1.15>,<0.93;0.93>,,,,,,
1273,,80322,{8=1.1},1,<2.56;2.18>,<1.01;1.13>,<1.01;1.13>,<1.34;1.15>,<1.34;1.15>,<0.93;0.93>,,,,,,
1274,,80322,{8=1.1},2,<2.56;2.18>,<1.01;1.13>,<1.01;1.13>,<1.34;1.15>,<1.34;1.15>,<0.93;0.93>,,,,,,
1275,,80322,{8=1.1},3,<2.56;2.18>,<1.01;1.13>,<1.01;1.13>,<1.34;1.15>,<1.34;1.15>,<0.93;0.93>,,,,,,
1276,,80322,{8=1.1},4,<2.56;2.18>,<1.01;1.13>,<1.01;1.13>,<1.34;1.15>,<1.34;1.15>,<0.93;0.93>,,,,,,
1277,,80322,{8=1.1},5,<2.56;2.18>,<1.01;1.13>,<1.01;1.13>,<1.34;1.15>,<1.34;1.15>,<0.93;0.93>,,,,,,
1278,,80322,{8=1.1},6,<2.56;2.18>,<1.01;1.13>,<1.01;1.13>,<1.34;1.15>,<1.34;1.15>,<0.93;0.93>,,,,,,
1279,,80322,{8=1.1},7,<2.56;2.18>,<1.01;1.13>,<1.01;1.13>,<1.34;1.15>,<1.34;1.15>,<0.93;0.93>,,,,,,
1280,,80322,{8=1.1},8,<2.56;2.18>,<1.01;1.13>,<1.01;1.13>,<1.34;1.15>,<1.34;1.15>,<0.93;0.93>,,,,,,
1281,,80322,{8=1.1},9,<2.56;2.18>,<1.01;1.13>,<1.01;1.13>,<1.34;1.15>,<1.34;1.15>,<0.93;0.93>,,,,,,
1282,,80322,{8=1.1},10,<2.56;2.18>,<1.01;1.13>,<1.01;1.13>,<1.34;1.15>,<1.34;1.15>,<0.93;0.93>,,,,,,
1283,,80322,{8=1.1},11,<2.56;2.18>,<1.01;1.13>,<1.01;1.13>,<1.34;1.15>,<1.34;1.15>,<0.93;0.93>,,,,,,
1284,,80322,{8=1.1},12,<2.56;2.18>,<1.01;1.13>,<1.01;1.13>,<1.34;1.15>,<1.34;1.15>,<0.93;0.93>,,,,,,
1285,,80323,{11=1.1},1,<2.56;2.18>,<1.01;1.13>,<1.01;1.13>,<1.34;1.15>,<1.34;1.15>,<0.93;0.93>,,,,,,
1286,,80323,{11=1.1},2,<2.56;2.18>,<1.01;1.13>,<1.01;1.13>,<1.34;1.15>,<1.34;1.15>,<0.93;0.93>,,,,,,
1287,,80323,{11=1.1},3,<2.56;2.18>,<1.01;1.13>,<1.01;1.13>,<1.34;1.15>,<1.34;1.15>,<0.93;0.93>,,,,,,
1288,,80323,{11=1.1},4,<2.56;2.18>,<1.01;1.13>,<1.01;1.13>,<1.34;1.15>,<1.34;1.15>,<0.93;0.93>,,,,,,
1289,,80323,{11=1.1},5,<2.56;2.18>,<1.01;1.13>,<1.01;1.13>,<1.34;1.15>,<1.34;1.15>,<0.93;0.93>,,,,,,
1290,,80323,{11=1.1},6,<2.56;2.18>,<1.01;1.13>,<1.01;1.13>,<1.34;1.15>,<1.34;1.15>,<0.93;0.93>,,,,,,
1291,,80323,{11=1.1},7,<2.56;2.18>,<1.01;1.13>,<1.01;1.13>,<1.34;1.15>,<1.34;1.15>,<0.93;0.93>,,,,,,
1292,,80323,{11=1.1},8,<2.56;2.18>,<1.01;1.13>,<1.01;1.13>,<1.34;1.15>,<1.34;1.15>,<0.93;0.93>,,,,,,
1293,,80323,{11=1.1},9,<2.56;2.18>,<1.01;1.13>,<1.01;1.13>,<1.34;1.15>,<1.34;1.15>,<0.93;0.93>,,,,,,
1294,,80323,{11=1.1},10,<2.56;2.18>,<1.01;1.13>,<1.01;1.13>,<1.34;1.15>,<1.34;1.15>,<0.93;0.93>,,,,,,
1295,,80323,{11=1.1},11,<2.56;2.18>,<1.01;1.13>,<1.01;1.13>,<1.34;1.15>,<1.34;1.15>,<0.93;0.93>,,,,,,
1296,,80323,{11=1.1},12,<2.56;2.18>,<1.01;1.13>,<1.01;1.13>,<1.34;1.15>,<1.34;1.15>,<0.93;0.93>,,,,,,
1297,,80324,,1,<2.56;2.18>,<1.01;1.13>,<1.01;1.13>,<1.34;1.15>,<1.34;1.15>,<0.93;0.93>,,,,,,
1298,,80324,,2,<2.56;2.18>,<1.01;1.13>,<1.01;1.13>,<1.34;1.15>,<1.34;1.15>,<0.93;0.93>,,,,,,
1299,,80324,,3,<2.56;2.18>,<1.01;1.13>,<1.01;1.13>,<1.34;1.15>,<1.34;1.15>,<0.93;0.93>,,,,,,
1300,,80324,,4,<2.56;2.18>,<1.01;1.13>,<1.01;1.13>,<1.34;1.15>,<1.34;1.15>,<0.93;0.93>,,,,,,
1301,,80324,,5,<2.56;2.18>,<1.01;1.13>,<1.01;1.13>,<1.34;1.15>,<1.34;1.15>,<0.93;0.93>,,,,,,
1302,,80324,,6,<2.56;2.18>,<1.01;1.13>,<1.01;1.13>,<1.34;1.15>,<1.34;1.15>,<0.93;0.93>,,,,,,
1303,,80324,,7,<2.56;2.18>,<1.01;1.13>,<1.01;1.13>,<1.34;1.15>,<1.34;1.15>,<0.93;0.93>,,,,,,
1304,,80324,,8,<2.56;2.18>,<1.01;1.13>,<1.01;1.13>,<1.34;1.15>,<1.34;1.15>,<0.93;0.93>,,,,,,
1305,,80324,,9,<2.56;2.18>,<1.01;1.13>,<1.01;1.13>,<1.34;1.15>,<1.34;1.15>,<0.93;0.93>,,,,,,
1306,,80324,,10,<2.56;2.18>,<1.01;1.13>,<1.01;1.13>,<1.34;1.15>,<1.34;1.15>,<0.93;0.93>,,,,,,
1307,,80324,,11,<2.56;2.18>,<1.01;1.13>,<1.01;1.13>,<1.34;1.15>,<1.34;1.15>,<0.93;0.93>,,,,,,
1308,,80324,,12,<2.56;2.18>,<1.01;1.13>,<1.01;1.13>,<1.34;1.15>,<1.34;1.15>,<0.93;0.93>,,,,,,
1309,,80325,,1,<2.56;2.18>,<1.01;1.13>,<1.01;1.13>,<1.34;1.15>,<1.34;1.15>,<0.93;0.93>,,,,,,
1310,,80325,,2,<2.56;2.18>,<1.01;1.13>,<1.01;1.13>,<1.34;1.15>,<1.34;1.15>,<0.93;0.93>,,,,,,
1311,,80325,,3,<2.56;2.18>,<1.01;1.13>,<1.01;1.13>,<1.34;1.15>,<1.34;1.15>,<0.93;0.93>,,,,,,
1312,,80325,,4,<2.56;2.18>,<1.01;1.13>,<1.01;1.13>,<1.34;1.15>,<1.34;1.15>,<0.93;0.93>,,,,,,
1313,,80325,,5,<2.56;2.18>,<1.01;1.13>,<1.01;1.13>,<1.34;1.15>,<1.34;1.15>,<0.93;0.93>,,,,,,
1314,,80325,,6,<2.56;2.18>,<1.01;1.13>,<1.01;1.13>,<1.34;1.15>,<1.34;1.15>,<0.93;0.93>,,,,,,
1315,,80325,,7,<2.56;2.18>,<1.01;1.13>,<1.01;1.13>,<1.34;1.15>,<1.34;1.15>,<0.93;0.93>,,,,,,
1316,,80325,,8,<2.56;2.18>,<1.01;1.13>,<1.01;1.13>,<1.34;1.15>,<1.34;1.15>,<0.93;0.93>,,,,,,
1317,,80325,,9,<2.56;2.18>,<1.01;1.13>,<1.01;1.13>,<1.34;1.15>,<1.34;1.15>,<0.93;0.93>,,,,,,
1318,,80325,,10,<2.56;2.18>,<1.01;1.13>,<1.01;1.13>,<1.34;1.15>,<1.34;1.15>,<0.93;0.93>,,,,,,
1319,,80325,,11,<2.56;2.18>,<1.01;1.13>,<1.01;1.13>,<1.34;1.15>,<1.34;1.15>,<0.93;0.93>,,,,,,
1320,,80325,,12,<2.56;2.18>,<1.01;1.13>,<1.01;1.13>,<1.34;1.15>,<1.34;1.15>,<0.93;0.93>,,,,,,
1321,,80326,,1,<2.56;2.18>,<1.01;1.13>,<1.01;1.13>,<1.34;1.15>,<1.34;1.15>,<0.93;0.93>,,,,,,
1322,,80326,,2,<2.56;2.18>,<1.01;1.13>,<1.01;1.13>,<1.34;1.15>,<1.34;1.15>,<0.93;0.93>,,,,,,
1323,,80326,,3,<2.56;2.18>,<1.01;1.13>,<1.01;1.13>,<1.34;1.15>,<1.34;1.15>,<0.93;0.93>,,,,,,
1324,,80326,,4,<2.56;2.18>,<1.01;1.13>,<1.01;1.13>,<1.34;1.15>,<1.34;1.15>,<0.93;0.93>,,,,,,
1325,,80326,,5,<2.56;2.18>,<1.01;1.13>,<1.01;1.13>,<1.34;1.15>,<1.34;1.15>,<0.93;0.93>,,,,,,
1326,,80326,,6,<2.56;2.18>,<1.01;1.13>,<1.01;1.13>,<1.34;1.15>,<1.34;1.15>,<0.93;0.93>,,,,,,
1327,,80326,,7,<2.56;2.18>,<1.01;1.13>,<1.01;1.13>,<1.34;1.15>,<1.34;1.15>,<0.93;0.93>,,,,,,
1328,,80326,,8,<2.56;2.18>,<1.01;1.13>,<1.01;1.13>,<1.34;1.15>,<1.34;1.15>,<0.93;0.93>,,,,,,
1329,,80326,,9,<2.56;2.18>,<1.01;1.13>,<1.01;1.13>,<1.34;1.15>,<1.34;1.15>,<0.93;0.93>,,,,,,
1330,,80326,,10,<2.56;2.18>,<1.01;1.13>,<1.01;1.13>,<1.34;1.15>,<1.34;1.15>,<0.93;0.93>,,,,,,
1331,,80326,,11,<2.56;2.18>,<1.01;1.13>,<1.01;1.13>,<1.34;1.15>,<1.34;1.15>,<0.93;0.93>,,,,,,
1332,,80326,,12,<2.56;2.18>,<1.01;1.13>,<1.01;1.13>,<1.34;1.15>,<1.34;1.15>,<0.93;0.93>,,,,,,
1333,,80331,{11=1.1},1,<3.08;2.62>,<1.22;1.36>,<1.22;1.36>,<1.62;1.39>,<1.62;1.39>,<0.95;0.95>,,,,,,
1334,,80331,{11=1.1},2,<3.08;2.62>,<1.22;1.36>,<1.22;1.36>,<1.62;1.39>,<1.62;1.39>,<0.95;0.95>,,,,,,
1335,,80331,{11=1.1},3,<3.08;2.62>,<1.22;1.36>,<1.22;1.36>,<1.62;1.39>,<1.62;1.39>,<0.95;0.95>,,,,,,
1336,,80331,{11=1.1},4,<3.08;2.62>,<1.22;1.36>,<1.22;1.36>,<1.62;1.39>,<1.62;1.39>,<0.95;0.95>,,,,,,
1337,,80331,{11=1.1},5,<3.08;2.62>,<1.22;1.36>,<1.22;1.36>,<1.62;1.39>,<1.62;1.39>,<0.95;0.95>,,,,,,
1338,,80331,{11=1.1},6,<3.08;2.62>,<1.22;1.36>,<1.22;1.36>,<1.62;1.39>,<1.62;1.39>,<0.95;0.95>,,,,,,
1339,,80331,{11=1.1},7,<3.08;2.62>,<1.22;1.36>,<1.22;1.36>,<1.62;1.39>,<1.62;1.39>,<0.95;0.95>,,,,,,
1340,,80331,{11=1.1},8,<3.08;2.62>,<1.22;1.36>,<1.22;1.36>,<1.62;1.39>,<1.62;1.39>,<0.95;0.95>,,,,,,
1341,,80331,{11=1.1},9,<3.08;2.62>,<1.22;1.36>,<1.22;1.36>,<1.62;1.39>,<1.62;1.39>,<0.95;0.95>,,,,,,
1342,,80331,{11=1.1},10,<3.08;2.62>,<1.22;1.36>,<1.22;1.36>,<1.62;1.39>,<1.62;1.39>,<0.95;0.95>,,,,,,
1343,,80331,{11=1.1},11,<3.08;2.62>,<1.22;1.36>,<1.22;1.36>,<1.62;1.39>,<1.62;1.39>,<0.95;0.95>,,,,,,
1344,,80331,{11=1.1},12,<3.08;2.62>,<1.22;1.36>,<1.22;1.36>,<1.62;1.39>,<1.62;1.39>,<0.95;0.95>,,,,,,
1345,,80332,{11=1.1},1,<3.08;2.62>,<1.22;1.36>,<1.22;1.36>,<1.62;1.39>,<1.62;1.39>,<0.95;0.95>,,,,,,
1346,,80332,{11=1.1},2,<3.08;2.62>,<1.22;1.36>,<1.22;1.36>,<1.62;1.39>,<1.62;1.39>,<0.95;0.95>,,,,,,
1347,,80332,{11=1.1},3,<3.08;2.62>,<1.22;1.36>,<1.22;1.36>,<1.62;1.39>,<1.62;1.39>,<0.95;0.95>,,,,,,
1348,,80332,{11=1.1},4,<3.08;2.62>,<1.22;1.36>,<1.22;1.36>,<1.62;1.39>,<1.62;1.39>,<0.95;0.95>,,,,,,
1349,,80332,{11=1.1},5,<3.08;2.62>,<1.22;1.36>,<1.22;1.36>,<1.62;1.39>,<1.62;1.39>,<0.95;0.95>,,,,,,
1350,,80332,{11=1.1},6,<3.08;2.62>,<1.22;1.36>,<1.22;1.36>,<1.62;1.39>,<1.62;1.39>,<0.95;0.95>,,,,,,
1351,,80332,{11=1.1},7,<3.08;2.62>,<1.22;1.36>,<1.22;1.36>,<1.62;1.39>,<1.62;1.39>,<0.95;0.95>,,,,,,
1352,,80332,{11=1.1},8,<3.08;2.62>,<1.22;1.36>,<1.22;1.36>,<1.62;1.39>,<1.62;1.39>,<0.95;0.95>,,,,,,
1353,,80332,{11=1.1},9,<3.08;2.62>,<1.22;1.36>,<1.22;1.36>,<1.62;1.39>,<1.62;1.39>,<0.95;0.95>,,,,,,
1354,,80332,{11=1.1},10,<3.08;2.62>,<1.22;1.36>,<1.22;1.36>,<1.62;1.39>,<1.62;1.39>,<0.95;0.95>,,,,,,
1355,,80332,{11=1.1},11,<3.08;2.62>,<1.22;1.36>,<1.22;1.36>,<1.62;1.39>,<1.62;1.39>,<0.95;0.95>,,,,,,
1356,,80332,{11=1.1},12,<3.08;2.62>,<1.22;1.36>,<1.22;1.36>,<1.62;1.39>,<1.62;1.39>,<0.95;0.95>,,,,,,
1357,,80333,{11=1.1},1,<3.7;3.15>,<1.46;1.63>,<1.46;1.63>,<1.94;1.67>,<1.94;1.67>,<0.95;0.95>,,,,,,
1358,,80333,{11=1.1},2,<3.7;3.15>,<1.46;1.63>,<1.46;1.63>,<1.94;1.67>,<1.94;1.67>,<0.95;0.95>,,,,,,
1359,,80333,{11=1.1},3,<3.7;3.15>,<1.46;1.63>,<1.46;1.63>,<1.94;1.67>,<1.94;1.67>,<0.95;0.95>,,,,,,
1360,,80333,{11=1.1},4,<3.7;3.15>,<1.46;1.63>,<1.46;1.63>,<1.94;1.67>,<1.94;1.67>,<0.95;0.95>,,,,,,
1361,,80333,{11=1.1},5,<3.7;3.15>,<1.46;1.63>,<1.46;1.63>,<1.94;1.67>,<1.94;1.67>,<0.95;0.95>,,,,,,
1362,,80333,{11=1.1},6,<3.7;3.15>,<1.46;1.63>,<1.46;1.63>,<1.94;1.67>,<1.94;1.67>,<0.95;0.95>,,,,,,
1363,,80333,{11=1.1},7,<3.7;3.15>,<1.46;1.63>,<1.46;1.63>,<1.94;1.67>,<1.94;1.67>,<0.95;0.95>,,,,,,
1364,,80333,{11=1.1},8,<3.7;3.15>,<1.46;1.63>,<1.46;1.63>,<1.94;1.67>,<1.94;1.67>,<0.95;0.95>,,,,,,
1365,,80333,{11=1.1},9,<3.7;3.15>,<1.46;1.63>,<1.46;1.63>,<1.94;1.67>,<1.94;1.67>,<0.95;0.95>,,,,,,
1366,,80333,{11=1.1},10,<3.7;3.15>,<1.46;1.63>,<1.46;1.63>,<1.94;1.67>,<1.94;1.67>,<0.95;0.95>,,,,,,
1367,,80333,{11=1.1},11,<3.7;3.15>,<1.46;1.63>,<1.46;1.63>,<1.94;1.67>,<1.94;1.67>,<0.95;0.95>,,,,,,
1368,,80333,{11=1.1},12,<3.7;3.15>,<1.46;1.63>,<1.46;1.63>,<1.94;1.67>,<1.94;1.67>,<0.95;0.95>,,,,,,
1369,,80334,{11=1.1},1,<3.7;3.15>,<1.46;1.63>,<1.46;1.63>,<1.94;1.67>,<1.94;1.67>,<0.95;0.95>,,,,,,
1370,,80334,{11=1.1},2,<3.7;3.15>,<1.46;1.63>,<1.46;1.63>,<1.94;1.67>,<1.94;1.67>,<0.95;0.95>,,,,,,
1371,,80334,{11=1.1},3,<3.7;3.15>,<1.46;1.63>,<1.46;1.63>,<1.94;1.67>,<1.94;1.67>,<0.95;0.95>,,,,,,
1372,,80334,{11=1.1},4,<3.7;3.15>,<1.46;1.63>,<1.46;1.63>,<1.94;1.67>,<1.94;1.67>,<0.95;0.95>,,,,,,
1373,,80334,{11=1.1},5,<3.7;3.15>,<1.46;1.63>,<1.46;1.63>,<1.94;1.67>,<1.94;1.67>,<0.95;0.95>,,,,,,
1374,,80334,{11=1.1},6,<3.7;3.15>,<1.46;1.63>,<1.46;1.63>,<1.94;1.67>,<1.94;1.67>,<0.95;0.95>,,,,,,
1375,,80334,{11=1.1},7,<3.7;3.15>,<1.46;1.63>,<1.46;1.63>,<1.94;1.67>,<1.94;1.67>,<0.95;0.95>,,,,,,
1376,,80334,{11=1.1},8,<3.7;3.15>,<1.46;1.63>,<1.46;1.63>,<1.94;1.67>,<1.94;1.67>,<0.95;0.95>,,,,,,
1377,,80334,{11=1.1},9,<3.7;3.15>,<1.46;1.63>,<1.46;1.63>,<1.94;1.67>,<1.94;1.67>,<0.95;0.95>,,,,,,
1378,,80334,{11=1.1},10,<3.7;3.15>,<1.46;1.63>,<1.46;1.63>,<1.94;1.67>,<1.94;1.67>,<0.95;0.95>,,,,,,
1379,,80334,{11=1.1},11,<3.7;3.15>,<1.46;1.63>,<1.46;1.63>,<1.94;1.67>,<1.94;1.67>,<0.95;0.95>,,,,,,
1380,,80334,{11=1.1},12,<3.7;3.15>,<1.46;1.63>,<1.46;1.63>,<1.94;1.67>,<1.94;1.67>,<0.95;0.95>,,,,,,
1381,,80335,,1,<3.7;3.15>,<1.46;1.63>,<1.46;1.63>,<1.94;1.67>,<1.94;1.67>,<0.95;0.95>,,,,,,
1382,,80335,,2,<3.7;3.15>,<1.46;1.63>,<1.46;1.63>,<1.94;1.67>,<1.94;1.67>,<0.95;0.95>,,,,,,
1383,,80335,,3,<3.7;3.15>,<1.46;1.63>,<1.46;1.63>,<1.94;1.67>,<1.94;1.67>,<0.95;0.95>,,,,,,
1384,,80335,,4,<3.7;3.15>,<1.46;1.63>,<1.46;1.63>,<1.94;1.67>,<1.94;1.67>,<0.95;0.95>,,,,,,
1385,,80335,,5,<3.7;3.15>,<1.46;1.63>,<1.46;1.63>,<1.94;1.67>,<1.94;1.67>,<0.95;0.95>,,,,,,
1386,,80335,,6,<3.7;3.15>,<1.46;1.63>,<1.46;1.63>,<1.94;1.67>,<1.94;1.67>,<0.95;0.95>,,,,,,
1387,,80335,,7,<3.7;3.15>,<1.46;1.63>,<1.46;1.63>,<1.94;1.67>,<1.94;1.67>,<0.95;0.95>,,,,,,
1388,,80335,,8,<3.7;3.15>,<1.46;1.63>,<1.46;1.63>,<1.94;1.67>,<1.94;1.67>,<0.95;0.95>,,,,,,
1389,,80335,,9,<3.7;3.15>,<1.46;1.63>,<1.46;1.63>,<1.94;1.67>,<1.94;1.67>,<0.95;0.95>,,,,,,
1390,,80335,,10,<3.7;3.15>,<1.46;1.63>,<1.46;1.63>,<1.94;1.67>,<1.94;1.67>,<0.95;0.95>,,,,,,
1391,,80335,,11,<3.7;3.15>,<1.46;1.63>,<1.46;1.63>,<1.94;1.67>,<1.94;1.67>,<0.95;0.95>,,,,,,
1392,,80335,,12,<3.7;3.15>,<1.46;1.63>,<1.46;1.63>,<1.94;1.67>,<1.94;1.67>,<0.95;0.95>,,,,,,
1393,,80336,,1,<3.7;3.15>,<1.46;1.63>,<1.46;1.63>,<1.94;1.67>,<1.94;1.67>,<0.95;0.95>,,,,,,
1394,,80336,,2,<3.7;3.15>,<1.46;1.63>,<1.46;1.63>,<1.94;1.67>,<1.94;1.67>,<0.95;0.95>,,,,,,
1395,,80336,,3,<3.7;3.15>,<1.46;1.63>,<1.46;1.63>,<1.94;1.67>,<1.94;1.67>,<0.95;0.95>,,,,,,
1396,,80336,,4,<3.7;3.15>,<1.46;1.63>,<1.46;1.63>,<1.94;1.67>,<1.94;1.67>,<0.95;0.95>,,,,,,
1397,,80336,,5,<3.7;3.15>,<1.46;1.63>,<1.46;1.63>,<1.94;1.67>,<1.94;1.67>,<0.95;0.95>,,,,,,
1398,,80336,,6,<3.7;3.15>,<1.46;1.63>,<1.46;1.63>,<1.94;1.67>,<1.94;1.67>,<0.95;0.95>,,,,,,
1399,,80336,,7,<3.7;3.15>,<1.46;1.63>,<1.46;1.63>,<1.94;1.67>,<1.94;1.67>,<0.95;0.95>,,,,,,
1400,,80336,,8,<3.7;3.15>,<1.46;1.63>,<1.46;1.63>,<1.94;1.67>,<1.94;1.67>,<0.95;0.95>,,,,,,
1401,,80336,,9,<3.7;3.15>,<1.46;1.63>,<1.46;1.63>,<1.94;1.67>,<1.94;1.67>,<0.95;0.95>,,,,,,
1402,,80336,,10,<3.7;3.15>,<1.46;1.63>,<1.46;1.63>,<1.94;1.67>,<1.94;1.67>,<0.95;0.95>,,,,,,
1403,,80336,,11,<3.7;3.15>,<1.46;1.63>,<1.46;1.63>,<1.94;1.67>,<1.94;1.67>,<0.95;0.95>,,,,,,
1404,,80336,,12,<3.7;3.15>,<1.46;1.63>,<1.46;1.63>,<1.94;1.67>,<1.94;1.67>,<0.95;0.95>,,,,,,
1405,,80341,{8=1.1},1,<1.6;1.36>,<0.63;0.7>,<0.63;0.7>,<0.84;0.72>,<0.84;0.72>,<0.88;0.88>,,,,,,
1406,,80341,{8=1.1},2,<1.6;1.36>,<0.63;0.7>,<0.63;0.7>,<0.84;0.72>,<0.84;0.72>,<0.88;0.88>,,,,,,
1407,,80341,{8=1.1},3,<1.6;1.36>,<0.63;0.7>,<0.63;0.7>,<0.84;0.72>,<0.84;0.72>,<0.88;0.88>,,,,,,
1408,,80341,{8=1.1},4,<1.6;1.36>,<0.63;0.7>,<0.63;0.7>,<0.84;0.72>,<0.84;0.72>,<0.88;0.88>,,,,,,
1409,,80341,{8=1.1},5,<1.6;1.36>,<0.63;0.7>,<0.63;0.7>,<0.84;0.72>,<0.84;0.72>,<0.88;0.88>,,,,,,
1410,,80341,{8=1.1},6,<1.6;1.36>,<0.63;0.7>,<0.63;0.7>,<0.84;0.72>,<0.84;0.72>,<0.88;0.88>,,,,,,
1411,,80341,{8=1.1},7,<1.6;1.36>,<0.63;0.7>,<0.63;0.7>,<0.84;0.72>,<0.84;0.72>,<0.88;0.88>,,,,,,
1412,,80341,{8=1.1},8,<1.6;1.36>,<0.63;0.7>,<0.63;0.7>,<0.84;0.72>,<0.84;0.72>,<0.88;0.88>,,,,,,
1413,,80341,{8=1.1},9,<1.6;1.36>,<0.63;0.7>,<0.63;0.7>,<0.84;0.72>,<0.84;0.72>,<0.88;0.88>,,,,,,
1414,,80341,{8=1.1},10,<1.6;1.36>,<0.63;0.7>,<0.63;0.7>,<0.84;0.72>,<0.84;0.72>,<0.88;0.88>,,,,,,
1415,,80341,{8=1.1},11,<1.6;1.36>,<0.63;0.7>,<0.63;0.7>,<0.84;0.72>,<0.84;0.72>,<0.88;0.88>,,,,,,
1416,,80341,{8=1.1},12,<1.6;1.36>,<0.63;0.7>,<0.63;0.7>,<0.84;0.72>,<0.84;0.72>,<0.88;0.88>,,,,,,
1417,,80342,{11=1.1},1,<1.6;1.36>,<0.63;0.7>,<0.63;0.7>,<0.84;0.72>,<0.84;0.72>,<0.88;0.88>,,,,,,
1418,,80342,{11=1.1},2,<1.6;1.36>,<0.63;0.7>,<0.63;0.7>,<0.84;0.72>,<0.84;0.72>,<0.88;0.88>,,,,,,
1419,,80342,{11=1.1},3,<1.6;1.36>,<0.63;0.7>,<0.63;0.7>,<0.84;0.72>,<0.84;0.72>,<0.88;0.88>,,,,,,
1420,,80342,{11=1.1},4,<1.6;1.36>,<0.63;0.7>,<0.63;0.7>,<0.84;0.72>,<0.84;0.72>,<0.88;0.88>,,,,,,
1421,,80342,{11=1.1},5,<1.6;1.36>,<0.63;0.7>,<0.63;0.7>,<0.84;0.72>,<0.84;0.72>,<0.88;0.88>,,,,,,
1422,,80342,{11=1.1},6,<1.6;1.36>,<0.63;0.7>,<0.63;0.7>,<0.84;0.72>,<0.84;0.72>,<0.88;0.88>,,,,,,
1423,,80342,{11=1.1},7,<1.6;1.36>,<0.63;0.7>,<0.63;0.7>,<0.84;0.72>,<0.84;0.72>,<0.88;0.88>,,,,,,
1424,,80342,{11=1.1},8,<1.6;1.36>,<0.63;0.7>,<0.63;0.7>,<0.84;0.72>,<0.84;0.72>,<0.88;0.88>,,,,,,
1425,,80342,{11=1.1},9,<1.6;1.36>,<0.63;0.7>,<0.63;0.7>,<0.84;0.72>,<0.84;0.72>,<0.88;0.88>,,,,,,
1426,,80342,{11=1.1},10,<1.6;1.36>,<0.63;0.7>,<0.63;0.7>,<0.84;0.72>,<0.84;0.72>,<0.88;0.88>,,,,,,
1427,,80342,{11=1.1},11,<1.6;1.36>,<0.63;0.7>,<0.63;0.7>,<0.84;0.72>,<0.84;0.72>,<0.88;0.88>,,,,,,
1428,,80342,{11=1.1},12,<1.6;1.36>,<0.63;0.7>,<0.63;0.7>,<0.84;0.72>,<0.84;0.72>,<0.88;0.88>,,,,,,
1429,,80343,{11=1.1},1,<1.6;1.36>,<0.63;0.7>,<0.63;0.7>,<0.84;0.72>,<0.84;0.72>,<0.88;0.88>,,,,,,
1430,,80343,{11=1.1},2,<1.6;1.36>,<0.63;0.7>,<0.63;0.7>,<0.84;0.72>,<0.84;0.72>,<0.88;0.88>,,,,,,
1431,,80343,{11=1.1},3,<1.6;1.36>,<0.63;0.7>,<0.63;0.7>,<0.84;0.72>,<0.84;0.72>,<0.88;0.88>,,,,,,
1432,,80343,{11=1.1},4,<1.6;1.36>,<0.63;0.7>,<0.63;0.7>,<0.84;0.72>,<0.84;0.72>,<0.88;0.88>,,,,,,
1433,,80343,{11=1.1},5,<1.6;1.36>,<0.63;0.7>,<0.63;0.7>,<0.84;0.72>,<0.84;0.72>,<0.88;0.88>,,,,,,
1434,,80343,{11=1.1},6,<1.6;1.36>,<0.63;0.7>,<0.63;0.7>,<0.84;0.72>,<0.84;0.72>,<0.88;0.88>,,,,,,
1435,,80343,{11=1.1},7,<1.6;1.36>,<0.63;0.7>,<0.63;0.7>,<0.84;0.72>,<0.84;0.72>,<0.88;0.88>,,,,,,
1436,,80343,{11=1.1},8,<1.6;1.36>,<0.63;0.7>,<0.63;0.7>,<0.84;0.72>,<0.84;0.72>,<0.88;0.88>,,,,,,
1437,,80343,{11=1.1},9,<1.6;1.36>,<0.63;0.7>,<0.63;0.7>,<0.84;0.72>,<0.84;0.72>,<0.88;0.88>,,,,,,
1438,,80343,{11=1.1},10,<1.6;1.36>,<0.63;0.7>,<0.63;0.7>,<0.84;0.72>,<0.84;0.72>,<0.88;0.88>,,,,,,
1439,,80343,{11=1.1},11,<1.6;1.36>,<0.63;0.7>,<0.63;0.7>,<0.84;0.72>,<0.84;0.72>,<0.88;0.88>,,,,,,
1440,,80343,{11=1.1},12,<1.6;1.36>,<0.63;0.7>,<0.63;0.7>,<0.84;0.72>,<0.84;0.72>,<0.88;0.88>,,,,,,
1441,,80344,,1,<1.6;1.36>,<0.63;0.7>,<0.63;0.7>,<0.84;0.72>,<0.84;0.72>,<0.88;0.88>,,,,,,
1442,,80344,,2,<1.6;1.36>,<0.63;0.7>,<0.63;0.7>,<0.84;0.72>,<0.84;0.72>,<0.88;0.88>,,,,,,
1443,,80344,,3,<1.6;1.36>,<0.63;0.7>,<0.63;0.7>,<0.84;0.72>,<0.84;0.72>,<0.88;0.88>,,,,,,
1444,,80344,,4,<1.6;1.36>,<0.63;0.7>,<0.63;0.7>,<0.84;0.72>,<0.84;0.72>,<0.88;0.88>,,,,,,
1445,,80344,,5,<1.6;1.36>,<0.63;0.7>,<0.63;0.7>,<0.84;0.72>,<0.84;0.72>,<0.88;0.88>,,,,,,
1446,,80344,,6,<1.6;1.36>,<0.63;0.7>,<0.63;0.7>,<0.84;0.72>,<0.84;0.72>,<0.88;0.88>,,,,,,
1447,,80344,,7,<1.6;1.36>,<0.63;0.7>,<0.63;0.7>,<0.84;0.72>,<0.84;0.72>,<0.88;0.88>,,,,,,
1448,,80344,,8,<1.6;1.36>,<0.63;0.7>,<0.63;0.7>,<0.84;0.72>,<0.84;0.72>,<0.88;0.88>,,,,,,
1449,,80344,,9,<1.6;1.36>,<0.63;0.7>,<0.63;0.7>,<0.84;0.72>,<0.84;0.72>,<0.88;0.88>,,,,,,
1450,,80344,,10,<1.6;1.36>,<0.63;0.7>,<0.63;0.7>,<0.84;0.72>,<0.84;0.72>,<0.88;0.88>,,,,,,
1451,,80344,,11,<1.6;1.36>,<0.63;0.7>,<0.63;0.7>,<0.84;0.72>,<0.84;0.72>,<0.88;0.88>,,,,,,
1452,,80344,,12,<1.6;1.36>,<0.63;0.7>,<0.63;0.7>,<0.84;0.72>,<0.84;0.72>,<0.88;0.88>,,,,,,
1453,,80345,,1,<1.6;1.36>,<0.63;0.7>,<0.63;0.7>,<0.84;0.72>,<0.84;0.72>,<0.88;0.88>,,,,,,
1454,,80345,,2,<1.6;1.36>,<0.63;0.7>,<0.63;0.7>,<0.84;0.72>,<0.84;0.72>,<0.88;0.88>,,,,,,
1455,,80345,,3,<1.6;1.36>,<0.63;0.7>,<0.63;0.7>,<0.84;0.72>,<0.84;0.72>,<0.88;0.88>,,,,,,
1456,,80345,,4,<1.6;1.36>,<0.63;0.7>,<0.63;0.7>,<0.84;0.72>,<0.84;0.72>,<0.88;0.88>,,,,,,
1457,,80345,,5,<1.6;1.36>,<0.63;0.7>,<0.63;0.7>,<0.84;0.72>,<0.84;0.72>,<0.88;0.88>,,,,,,
1458,,80345,,6,<1.6;1.36>,<0.63;0.7>,<0.63;0.7>,<0.84;0.72>,<0.84;0.72>,<0.88;0.88>,,,,,,
1459,,80345,,7,<1.6;1.36>,<0.63;0.7>,<0.63;0.7>,<0.84;0.72>,<0.84;0.72>,<0.88;0.88>,,,,,,
1460,,80345,,8,<1.6;1.36>,<0.63;0.7>,<0.63;0.7>,<0.84;0.72>,<0.84;0.72>,<0.88;0.88>,,,,,,
1461,,80345,,9,<1.6;1.36>,<0.63;0.7>,<0.63;0.7>,<0.84;0.72>,<0.84;0.72>,<0.88;0.88>,,,,,,
1462,,80345,,10,<1.6;1.36>,<0.63;0.7>,<0.63;0.7>,<0.84;0.72>,<0.84;0.72>,<0.88;0.88>,,,,,,
1463,,80345,,11,<1.6;1.36>,<0.63;0.7>,<0.63;0.7>,<0.84;0.72>,<0.84;0.72>,<0.88;0.88>,,,,,,
1464,,80345,,12,<1.6;1.36>,<0.63;0.7>,<0.63;0.7>,<0.84;0.72>,<0.84;0.72>,<0.88;0.88>,,,,,,
1465,,80346,,1,<1.6;1.36>,<0.63;0.7>,<0.63;0.7>,<0.84;0.72>,<0.84;0.72>,<0.88;0.88>,,,,,,
1466,,80346,,2,<1.6;1.36>,<0.63;0.7>,<0.63;0.7>,<0.84;0.72>,<0.84;0.72>,<0.88;0.88>,,,,,,
1467,,80346,,3,<1.6;1.36>,<0.63;0.7>,<0.63;0.7>,<0.84;0.72>,<0.84;0.72>,<0.88;0.88>,,,,,,
1468,,80346,,4,<1.6;1.36>,<0.63;0.7>,<0.63;0.7>,<0.84;0.72>,<0.84;0.72>,<0.88;0.88>,,,,,,
1469,,80346,,5,<1.6;1.36>,<0.63;0.7>,<0.63;0.7>,<0.84;0.72>,<0.84;0.72>,<0.88;0.88>,,,,,,
1470,,80346,,6,<1.6;1.36>,<0.63;0.7>,<0.63;0.7>,<0.84;0.72>,<0.84;0.72>,<0.88;0.88>,,,,,,
1471,,80346,,7,<1.6;1.36>,<0.63;0.7>,<0.63;0.7>,<0.84;0.72>,<0.84;0.72>,<0.88;0.88>,,,,,,
1472,,80346,,8,<1.6;1.36>,<0.63;0.7>,<0.63;0.7>,<0.84;0.72>,<0.84;0.72>,<0.88;0.88>,,,,,,
1473,,80346,,9,<1.6;1.36>,<0.63;0.7>,<0.63;0.7>,<0.84;0.72>,<0.84;0.72>,<0.88;0.88>,,,,,,
1474,,80346,,10,<1.6;1.36>,<0.63;0.7>,<0.63;0.7>,<0.84;0.72>,<0.84;0.72>,<0.88;0.88>,,,,,,
1475,,80346,,11,<1.6;1.36>,<0.63;0.7>,<0.63;0.7>,<0.84;0.72>,<0.84;0.72>,<0.88;0.88>,,,,,,
1476,,80346,,12,<1.6;1.36>,<0.63;0.7>,<0.63;0.7>,<0.84;0.72>,<0.84;0.72>,<0.88;0.88>,,,,,,
1477,,80351,{11=1.1},1,<1.92;1.63>,<0.76;0.85>,<0.76;0.85>,<1.01;0.87>,<1.01;0.87>,<0.91;0.91>,,,,,,
1478,,80351,{11=1.1},2,<1.92;1.63>,<0.76;0.85>,<0.76;0.85>,<1.01;0.87>,<1.01;0.87>,<0.91;0.91>,,,,,,
1479,,80351,{11=1.1},3,<1.92;1.63>,<0.76;0.85>,<0.76;0.85>,<1.01;0.87>,<1.01;0.87>,<0.91;0.91>,,,,,,
1480,,80351,{11=1.1},4,<1.92;1.63>,<0.76;0.85>,<0.76;0.85>,<1.01;0.87>,<1.01;0.87>,<0.91;0.91>,,,,,,
1481,,80351,{11=1.1},5,<1.92;1.63>,<0.76;0.85>,<0.76;0.85>,<1.01;0.87>,<1.01;0.87>,<0.91;0.91>,,,,,,
1482,,80351,{11=1.1},6,<1.92;1.63>,<0.76;0.85>,<0.76;0.85>,<1.01;0.87>,<1.01;0.87>,<0.91;0.91>,,,,,,
1483,,80351,{11=1.1},7,<1.92;1.63>,<0.76;0.85>,<0.76;0.85>,<1.01;0.87>,<1.01;0.87>,<0.91;0.91>,,,,,,
1484,,80351,{11=1.1},8,<1.92;1.63>,<0.76;0.85>,<0.76;0.85>,<1.01;0.87>,<1.01;0.87>,<0.91;0.91>,,,,,,
1485,,80351,{11=1.1},9,<1.92;1.63>,<0.76;0.85>,<0.76;0.85>,<1.01;0.87>,<1.01;0.87>,<0.91;0.91>,,,,,,
1486,,80351,{11=1.1},10,<1.92;1.63>,<0.76;0.85>,<0.76;0.85>,<1.01;0.87>,<1.01;0.87>,<0.91;0.91>,,,,,,
1487,,80351,{11=1.1},11,<1.92;1.63>,<0.76;0.85>,<0.76;0.85>,<1.01;0.87>,<1.01;0.87>,<0.91;0.91>,,,,,,
1488,,80351,{11=1.1},12,<1.92;1.63>,<0.76;0.85>,<0.76;0.85>,<1.01;0.87>,<1.01;0.87>,<0.91;0.91>,,,,,,
1489,,80401,{11=1.1},1,<2.56;2.18>,<1.01;1.13>,<1.01;1.13>,<1.34;1.15>,<1.34;1.15>,<0.93;0.93>,,,,,,
1490,,80401,{11=1.1},2,<2.56;2.18>,<1.01;1.13>,<1.01;1.13>,<1.34;1.15>,<1.34;1.15>,<0.93;0.93>,,,,,,
1491,,80401,{11=1.1},3,<2.56;2.18>,<1.01;1.13>,<1.01;1.13>,<1.34;1.15>,<1.34;1.15>,<0.93;0.93>,,,,,,
1492,,80401,{11=1.1},4,<2.56;2.18>,<1.01;1.13>,<1.01;1.13>,<1.34;1.15>,<1.34;1.15>,<0.93;0.93>,,,,,,
1493,,80401,{11=1.1},5,<2.56;2.18>,<1.01;1.13>,<1.01;1.13>,<1.34;1.15>,<1.34;1.15>,<0.93;0.93>,,,,,,
1494,,80401,{11=1.1},6,<2.56;2.18>,<1.01;1.13>,<1.01;1.13>,<1.34;1.15>,<1.34;1.15>,<0.93;0.93>,,,,,,
1495,,80401,{11=1.1},7,<2.56;2.18>,<1.01;1.13>,<1.01;1.13>,<1.34;1.15>,<1.34;1.15>,<0.93;0.93>,,,,,,
1496,,80401,{11=1.1},8,<2.56;2.18>,<1.01;1.13>,<1.01;1.13>,<1.34;1.15>,<1.34;1.15>,<0.93;0.93>,,,,,,
1497,,80401,{11=1.1},9,<2.56;2.18>,<1.01;1.13>,<1.01;1.13>,<1.34;1.15>,<1.34;1.15>,<0.93;0.93>,,,,,,
1498,,80401,{11=1.1},10,<2.56;2.18>,<1.01;1.13>,<1.01;1.13>,<1.34;1.15>,<1.34;1.15>,<0.93;0.93>,,,,,,
1499,,80401,{11=1.1},11,<2.56;2.18>,<1.01;1.13>,<1.01;1.13>,<1.34;1.15>,<1.34;1.15>,<0.93;0.93>,,,,,,
1500,,80401,{11=1.1},12,<2.56;2.18>,<1.01;1.13>,<1.01;1.13>,<1.34;1.15>,<1.34;1.15>,<0.93;0.93>,,,,,,
1501,,80402,{11=1.1},1,<2.56;2.18>,<1.01;1.13>,<1.01;1.13>,<1.34;1.15>,<1.34;1.15>,<0.93;0.93>,,,,,,
1502,,80402,{11=1.1},2,<2.56;2.18>,<1.01;1.13>,<1.01;1.13>,<1.34;1.15>,<1.34;1.15>,<0.93;0.93>,,,,,,
1503,,80402,{11=1.1},3,<2.56;2.18>,<1.01;1.13>,<1.01;1.13>,<1.34;1.15>,<1.34;1.15>,<0.93;0.93>,,,,,,
1504,,80402,{11=1.1},4,<2.56;2.18>,<1.01;1.13>,<1.01;1.13>,<1.34;1.15>,<1.34;1.15>,<0.93;0.93>,,,,,,
1505,,80402,{11=1.1},5,<2.56;2.18>,<1.01;1.13>,<1.01;1.13>,<1.34;1.15>,<1.34;1.15>,<0.93;0.93>,,,,,,
1506,,80402,{11=1.1},6,<2.56;2.18>,<1.01;1.13>,<1.01;1.13>,<1.34;1.15>,<1.34;1.15>,<0.93;0.93>,,,,,,
1507,,80402,{11=1.1},7,<2.56;2.18>,<1.01;1.13>,<1.01;1.13>,<1.34;1.15>,<1.34;1.15>,<0.93;0.93>,,,,,,
1508,,80402,{11=1.1},8,<2.56;2.18>,<1.01;1.13>,<1.01;1.13>,<1.34;1.15>,<1.34;1.15>,<0.93;0.93>,,,,,,
1509,,80402,{11=1.1},9,<2.56;2.18>,<1.01;1.13>,<1.01;1.13>,<1.34;1.15>,<1.34;1.15>,<0.93;0.93>,,,,,,
1510,,80402,{11=1.1},10,<2.56;2.18>,<1.01;1.13>,<1.01;1.13>,<1.34;1.15>,<1.34;1.15>,<0.93;0.93>,,,,,,
1511,,80402,{11=1.1},11,<2.56;2.18>,<1.01;1.13>,<1.01;1.13>,<1.34;1.15>,<1.34;1.15>,<0.93;0.93>,,,,,,
1512,,80402,{11=1.1},12,<2.56;2.18>,<1.01;1.13>,<1.01;1.13>,<1.34;1.15>,<1.34;1.15>,<0.93;0.93>,,,,,,
1513,,80403,{11=1.1},1,<2.56;2.18>,<1.01;1.13>,<1.01;1.13>,<1.34;1.15>,<1.34;1.15>,<0.93;0.93>,,,,,,
1514,,80403,{11=1.1},2,<2.56;2.18>,<1.01;1.13>,<1.01;1.13>,<1.34;1.15>,<1.34;1.15>,<0.93;0.93>,,,,,,
1515,,80403,{11=1.1},3,<2.56;2.18>,<1.01;1.13>,<1.01;1.13>,<1.34;1.15>,<1.34;1.15>,<0.93;0.93>,,,,,,
1516,,80403,{11=1.1},4,<2.56;2.18>,<1.01;1.13>,<1.01;1.13>,<1.34;1.15>,<1.34;1.15>,<0.93;0.93>,,,,,,
1517,,80403,{11=1.1},5,<2.56;2.18>,<1.01;1.13>,<1.01;1.13>,<1.34;1.15>,<1.34;1.15>,<0.93;0.93>,,,,,,
1518,,80403,{11=1.1},6,<2.56;2.18>,<1.01;1.13>,<1.01;1.13>,<1.34;1.15>,<1.34;1.15>,<0.93;0.93>,,,,,,
1519,,80403,{11=1.1},7,<2.56;2.18>,<1.01;1.13>,<1.01;1.13>,<1.34;1.15>,<1.34;1.15>,<0.93;0.93>,,,,,,
1520,,80403,{11=1.1},8,<2.56;2.18>,<1.01;1.13>,<1.01;1.13>,<1.34;1.15>,<1.34;1.15>,<0.93;0.93>,,,,,,
1521,,80403,{11=1.1},9,<2.56;2.18>,<1.01;1.13>,<1.01;1.13>,<1.34;1.15>,<1.34;1.15>,<0.93;0.93>,,,,,,
1522,,80403,{11=1.1},10,<2.56;2.18>,<1.01;1.13>,<1.01;1.13>,<1.34;1.15>,<1.34;1.15>,<0.93;0.93>,,,,,,
1523,,80403,{11=1.1},11,<2.56;2.18>,<1.01;1.13>,<1.01;1.13>,<1.34;1.15>,<1.34;1.15>,<0.93;0.93>,,,,,,
1524,,80403,{11=1.1},12,<2.56;2.18>,<1.01;1.13>,<1.01;1.13>,<1.34;1.15>,<1.34;1.15>,<0.93;0.93>,,,,,,
1525,,80404,,1,<2.56;2.18>,<1.01;1.13>,<1.01;1.13>,<1.34;1.15>,<1.34;1.15>,<0.93;0.93>,,,,,,
1526,,80404,,2,<2.56;2.18>,<1.01;1.13>,<1.01;1.13>,<1.34;1.15>,<1.34;1.15>,<0.93;0.93>,,,,,,
1527,,80404,,3,<2.56;2.18>,<1.01;1.13>,<1.01;1.13>,<1.34;1.15>,<1.34;1.15>,<0.93;0.93>,,,,,,
1528,,80404,,4,<2.56;2.18>,<1.01;1.13>,<1.01;1.13>,<1.34;1.15>,<1.34;1.15>,<0.93;0.93>,,,,,,
1529,,80404,,5,<2.56;2.18>,<1.01;1.13>,<1.01;1.13>,<1.34;1.15>,<1.34;1.15>,<0.93;0.93>,,,,,,
1530,,80404,,6,<2.56;2.18>,<1.01;1.13>,<1.01;1.13>,<1.34;1.15>,<1.34;1.15>,<0.93;0.93>,,,,,,
1531,,80404,,7,<2.56;2.18>,<1.01;1.13>,<1.01;1.13>,<1.34;1.15>,<1.34;1.15>,<0.93;0.93>,,,,,,
1532,,80404,,8,<2.56;2.18>,<1.01;1.13>,<1.01;1.13>,<1.34;1.15>,<1.34;1.15>,<0.93;0.93>,,,,,,
1533,,80404,,9,<2.56;2.18>,<1.01;1.13>,<1.01;1.13>,<1.34;1.15>,<1.34;1.15>,<0.93;0.93>,,,,,,
1534,,80404,,10,<2.56;2.18>,<1.01;1.13>,<1.01;1.13>,<1.34;1.15>,<1.34;1.15>,<0.93;0.93>,,,,,,
1535,,80404,,11,<2.56;2.18>,<1.01;1.13>,<1.01;1.13>,<1.34;1.15>,<1.34;1.15>,<0.93;0.93>,,,,,,
1536,,80404,,12,<2.56;2.18>,<1.01;1.13>,<1.01;1.13>,<1.34;1.15>,<1.34;1.15>,<0.93;0.93>,,,,,,
1537,,80405,,1,<2.56;2.18>,<1.01;1.13>,<1.01;1.13>,<1.34;1.15>,<1.34;1.15>,<0.93;0.93>,,,,,,
1538,,80405,,2,<2.56;2.18>,<1.01;1.13>,<1.01;1.13>,<1.34;1.15>,<1.34;1.15>,<0.93;0.93>,,,,,,
1539,,80405,,3,<2.56;2.18>,<1.01;1.13>,<1.01;1.13>,<1.34;1.15>,<1.34;1.15>,<0.93;0.93>,,,,,,
1540,,80405,,4,<2.56;2.18>,<1.01;1.13>,<1.01;1.13>,<1.34;1.15>,<1.34;1.15>,<0.93;0.93>,,,,,,
1541,,80405,,5,<2.56;2.18>,<1.01;1.13>,<1.01;1.13>,<1.34;1.15>,<1.34;1.15>,<0.93;0.93>,,,,,,
1542,,80405,,6,<2.56;2.18>,<1.01;1.13>,<1.01;1.13>,<1.34;1.15>,<1.34;1.15>,<0.93;0.93>,,,,,,
1543,,80405,,7,<2.56;2.18>,<1.01;1.13>,<1.01;1.13>,<1.34;1.15>,<1.34;1.15>,<0.93;0.93>,,,,,,
1544,,80405,,8,<2.56;2.18>,<1.01;1.13>,<1.01;1.13>,<1.34;1.15>,<1.34;1.15>,<0.93;0.93>,,,,,,
1545,,80405,,9,<2.56;2.18>,<1.01;1.13>,<1.01;1.13>,<1.34;1.15>,<1.34;1.15>,<0.93;0.93>,,,,,,
1546,,80405,,10,<2.56;2.18>,<1.01;1.13>,<1.01;1.13>,<1.34;1.15>,<1.34;1.15>,<0.93;0.93>,,,,,,
1547,,80405,,11,<2.56;2.18>,<1.01;1.13>,<1.01;1.13>,<1.34;1.15>,<1.34;1.15>,<0.93;0.93>,,,,,,
1548,,80405,,12,<2.56;2.18>,<1.01;1.13>,<1.01;1.13>,<1.34;1.15>,<1.34;1.15>,<0.93;0.93>,,,,,,
1549,,80406,,1,<2.56;2.18>,<1.01;1.13>,<1.01;1.13>,<1.34;1.15>,<1.34;1.15>,<0.93;0.93>,,,,,,
1550,,80406,,2,<2.56;2.18>,<1.01;1.13>,<1.01;1.13>,<1.34;1.15>,<1.34;1.15>,<0.93;0.93>,,,,,,
1551,,80406,,3,<2.56;2.18>,<1.01;1.13>,<1.01;1.13>,<1.34;1.15>,<1.34;1.15>,<0.93;0.93>,,,,,,
1552,,80406,,4,<2.56;2.18>,<1.01;1.13>,<1.01;1.13>,<1.34;1.15>,<1.34;1.15>,<0.93;0.93>,,,,,,
1553,,80406,,5,<2.56;2.18>,<1.01;1.13>,<1.01;1.13>,<1.34;1.15>,<1.34;1.15>,<0.93;0.93>,,,,,,
1554,,80406,,6,<2.56;2.18>,<1.01;1.13>,<1.01;1.13>,<1.34;1.15>,<1.34;1.15>,<0.93;0.93>,,,,,,
1555,,80406,,7,<2.56;2.18>,<1.01;1.13>,<1.01;1.13>,<1.34;1.15>,<1.34;1.15>,<0.93;0.93>,,,,,,
1556,,80406,,8,<2.56;2.18>,<1.01;1.13>,<1.01;1.13>,<1.34;1.15>,<1.34;1.15>,<0.93;0.93>,,,,,,
1557,,80406,,9,<2.56;2.18>,<1.01;1.13>,<1.01;1.13>,<1.34;1.15>,<1.34;1.15>,<0.93;0.93>,,,,,,
1558,,80406,,10,<2.56;2.18>,<1.01;1.13>,<1.01;1.13>,<1.34;1.15>,<1.34;1.15>,<0.93;0.93>,,,,,,
1559,,80406,,11,<2.56;2.18>,<1.01;1.13>,<1.01;1.13>,<1.34;1.15>,<1.34;1.15>,<0.93;0.93>,,,,,,
1560,,80406,,12,<2.56;2.18>,<1.01;1.13>,<1.01;1.13>,<1.34;1.15>,<1.34;1.15>,<0.93;0.93>,,,,,,
1561,,80411,,1,<3.08;2.62>,<1.22;1.36>,<1.22;1.36>,<1.62;1.39>,<1.62;1.39>,<0.95;0.95>,,,,,,
1562,,80411,,2,<3.08;2.62>,<1.22;1.36>,<1.22;1.36>,<1.62;1.39>,<1.62;1.39>,<0.95;0.95>,,,,,,
1563,,80411,,3,<3.08;2.62>,<1.22;1.36>,<1.22;1.36>,<1.62;1.39>,<1.62;1.39>,<0.95;0.95>,,,,,,
1564,,80411,,4,<3.08;2.62>,<1.22;1.36>,<1.22;1.36>,<1.62;1.39>,<1.62;1.39>,<0.95;0.95>,,,,,,
1565,,80411,,5,<3.08;2.62>,<1.22;1.36>,<1.22;1.36>,<1.62;1.39>,<1.62;1.39>,<0.95;0.95>,,,,,,
1566,,80411,,6,<3.08;2.62>,<1.22;1.36>,<1.22;1.36>,<1.62;1.39>,<1.62;1.39>,<0.95;0.95>,,,,,,
1567,,80411,,7,<3.08;2.62>,<1.22;1.36>,<1.22;1.36>,<1.62;1.39>,<1.62;1.39>,<0.95;0.95>,,,,,,
1568,,80411,,8,<3.08;2.62>,<1.22;1.36>,<1.22;1.36>,<1.62;1.39>,<1.62;1.39>,<0.95;0.95>,,,,,,
1569,,80411,,9,<3.08;2.62>,<1.22;1.36>,<1.22;1.36>,<1.62;1.39>,<1.62;1.39>,<0.95;0.95>,,,,,,
1570,,80411,,10,<3.08;2.62>,<1.22;1.36>,<1.22;1.36>,<1.62;1.39>,<1.62;1.39>,<0.95;0.95>,,,,,,
1571,,80411,,11,<3.08;2.62>,<1.22;1.36>,<1.22;1.36>,<1.62;1.39>,<1.62;1.39>,<0.95;0.95>,,,,,,
1572,,80411,,12,<3.08;2.62>,<1.22;1.36>,<1.22;1.36>,<1.62;1.39>,<1.62;1.39>,<0.95;0.95>,,,,,,
1573,,80412,{11=1.1},1,<3.08;2.62>,<1.22;1.36>,<1.22;1.36>,<1.62;1.39>,<1.62;1.39>,<0.95;0.95>,,,,,,
1574,,80412,{11=1.1},2,<3.08;2.62>,<1.22;1.36>,<1.22;1.36>,<1.62;1.39>,<1.62;1.39>,<0.95;0.95>,,,,,,
1575,,80412,{11=1.1},3,<3.08;2.62>,<1.22;1.36>,<1.22;1.36>,<1.62;1.39>,<1.62;1.39>,<0.95;0.95>,,,,,,
1576,,80412,{11=1.1},4,<3.08;2.62>,<1.22;1.36>,<1.22;1.36>,<1.62;1.39>,<1.62;1.39>,<0.95;0.95>,,,,,,
1577,,80412,{11=1.1},5,<3.08;2.62>,<1.22;1.36>,<1.22;1.36>,<1.62;1.39>,<1.62;1.39>,<0.95;0.95>,,,,,,
1578,,80412,{11=1.1},6,<3.08;2.62>,<1.22;1.36>,<1.22;1.36>,<1.62;1.39>,<1.62;1.39>,<0.95;0.95>,,,,,,
1579,,80412,{11=1.1},7,<3.08;2.62>,<1.22;1.36>,<1.22;1.36>,<1.62;1.39>,<1.62;1.39>,<0.95;0.95>,,,,,,
1580,,80412,{11=1.1},8,<3.08;2.62>,<1.22;1.36>,<1.22;1.36>,<1.62;1.39>,<1.62;1.39>,<0.95;0.95>,,,,,,
1581,,80412,{11=1.1},9,<3.08;2.62>,<1.22;1.36>,<1.22;1.36>,<1.62;1.39>,<1.62;1.39>,<0.95;0.95>,,,,,,
1582,,80412,{11=1.1},10,<3.08;2.62>,<1.22;1.36>,<1.22;1.36>,<1.62;1.39>,<1.62;1.39>,<0.95;0.95>,,,,,,
1583,,80412,{11=1.1},11,<3.08;2.62>,<1.22;1.36>,<1.22;1.36>,<1.62;1.39>,<1.62;1.39>,<0.95;0.95>,,,,,,
1584,,80412,{11=1.1},12,<3.08;2.62>,<1.22;1.36>,<1.22;1.36>,<1.62;1.39>,<1.62;1.39>,<0.95;0.95>,,,,,,
1585,,80413,,1,<3.08;2.62>,<1.22;1.36>,<1.22;1.36>,<1.62;1.39>,<1.62;1.39>,<0.95;0.95>,,,,,,
1586,,80413,,2,<3.08;2.62>,<1.22;1.36>,<1.22;1.36>,<1.62;1.39>,<1.62;1.39>,<0.95;0.95>,,,,,,
1587,,80413,,3,<3.08;2.62>,<1.22;1.36>,<1.22;1.36>,<1.62;1.39>,<1.62;1.39>,<0.95;0.95>,,,,,,
1588,,80413,,4,<3.08;2.62>,<1.22;1.36>,<1.22;1.36>,<1.62;1.39>,<1.62;1.39>,<0.95;0.95>,,,,,,
1589,,80413,,5,<3.08;2.62>,<1.22;1.36>,<1.22;1.36>,<1.62;1.39>,<1.62;1.39>,<0.95;0.95>,,,,,,
1590,,80413,,6,<3.08;2.62>,<1.22;1.36>,<1.22;1.36>,<1.62;1.39>,<1.62;1.39>,<0.95;0.95>,,,,,,
1591,,80413,,7,<3.08;2.62>,<1.22;1.36>,<1.22;1.36>,<1.62;1.39>,<1.62;1.39>,<0.95;0.95>,,,,,,
1592,,80413,,8,<3.08;2.62>,<1.22;1.36>,<1.22;1.36>,<1.62;1.39>,<1.62;1.39>,<0.95;0.95>,,,,,,
1593,,80413,,9,<3.08;2.62>,<1.22;1.36>,<1.22;1.36>,<1.62;1.39>,<1.62;1.39>,<0.95;0.95>,,,,,,
1594,,80413,,10,<3.08;2.62>,<1.22;1.36>,<1.22;1.36>,<1.62;1.39>,<1.62;1.39>,<0.95;0.95>,,,,,,
1595,,80413,,11,<3.08;2.62>,<1.22;1.36>,<1.22;1.36>,<1.62;1.39>,<1.62;1.39>,<0.95;0.95>,,,,,,
1596,,80413,,12,<3.08;2.62>,<1.22;1.36>,<1.22;1.36>,<1.62;1.39>,<1.62;1.39>,<0.95;0.95>,,,,,,
1597,,80414,,1,<3.08;2.62>,<1.22;1.36>,<1.22;1.36>,<1.62;1.39>,<1.62;1.39>,<0.95;0.95>,,,,,,
1598,,80414,,2,<3.08;2.62>,<1.22;1.36>,<1.22;1.36>,<1.62;1.39>,<1.62;1.39>,<0.95;0.95>,,,,,,
1599,,80414,,3,<3.08;2.62>,<1.22;1.36>,<1.22;1.36>,<1.62;1.39>,<1.62;1.39>,<0.95;0.95>,,,,,,
1600,,80414,,4,<3.08;2.62>,<1.22;1.36>,<1.22;1.36>,<1.62;1.39>,<1.62;1.39>,<0.95;0.95>,,,,,,
1601,,80414,,5,<3.08;2.62>,<1.22;1.36>,<1.22;1.36>,<1.62;1.39>,<1.62;1.39>,<0.95;0.95>,,,,,,
1602,,80414,,6,<3.08;2.62>,<1.22;1.36>,<1.22;1.36>,<1.62;1.39>,<1.62;1.39>,<0.95;0.95>,,,,,,
1603,,80414,,7,<3.08;2.62>,<1.22;1.36>,<1.22;1.36>,<1.62;1.39>,<1.62;1.39>,<0.95;0.95>,,,,,,
1604,,80414,,8,<3.08;2.62>,<1.22;1.36>,<1.22;1.36>,<1.62;1.39>,<1.62;1.39>,<0.95;0.95>,,,,,,
1605,,80414,,9,<3.08;2.62>,<1.22;1.36>,<1.22;1.36>,<1.62;1.39>,<1.62;1.39>,<0.95;0.95>,,,,,,
1606,,80414,,10,<3.08;2.62>,<1.22;1.36>,<1.22;1.36>,<1.62;1.39>,<1.62;1.39>,<0.95;0.95>,,,,,,
1607,,80414,,11,<3.08;2.62>,<1.22;1.36>,<1.22;1.36>,<1.62;1.39>,<1.62;1.39>,<0.95;0.95>,,,,,,
1608,,80414,,12,<3.08;2.62>,<1.22;1.36>,<1.22;1.36>,<1.62;1.39>,<1.62;1.39>,<0.95;0.95>,,,,,,
1609,,80415,,1,<3.08;2.62>,<1.22;1.36>,<1.22;1.36>,<1.62;1.39>,<1.62;1.39>,<0.95;0.95>,,,,,,
1610,,80415,,2,<3.08;2.62>,<1.22;1.36>,<1.22;1.36>,<1.62;1.39>,<1.62;1.39>,<0.95;0.95>,,,,,,
1611,,80415,,3,<3.08;2.62>,<1.22;1.36>,<1.22;1.36>,<1.62;1.39>,<1.62;1.39>,<0.95;0.95>,,,,,,
1612,,80415,,4,<3.08;2.62>,<1.22;1.36>,<1.22;1.36>,<1.62;1.39>,<1.62;1.39>,<0.95;0.95>,,,,,,
1613,,80415,,5,<3.08;2.62>,<1.22;1.36>,<1.22;1.36>,<1.62;1.39>,<1.62;1.39>,<0.95;0.95>,,,,,,
1614,,80415,,6,<3.08;2.62>,<1.22;1.36>,<1.22;1.36>,<1.62;1.39>,<1.62;1.39>,<0.95;0.95>,,,,,,
1615,,80415,,7,<3.08;2.62>,<1.22;1.36>,<1.22;1.36>,<1.62;1.39>,<1.62;1.39>,<0.95;0.95>,,,,,,
1616,,80415,,8,<3.08;2.62>,<1.22;1.36>,<1.22;1.36>,<1.62;1.39>,<1.62;1.39>,<0.95;0.95>,,,,,,
1617,,80415,,9,<3.08;2.62>,<1.22;1.36>,<1.22;1.36>,<1.62;1.39>,<1.62;1.39>,<0.95;0.95>,,,,,,
1618,,80415,,10,<3.08;2.62>,<1.22;1.36>,<1.22;1.36>,<1.62;1.39>,<1.62;1.39>,<0.95;0.95>,,,,,,
1619,,80415,,11,<3.08;2.62>,<1.22;1.36>,<1.22;1.36>,<1.62;1.39>,<1.62;1.39>,<0.95;0.95>,,,,,,
1620,,80415,,12,<3.08;2.62>,<1.22;1.36>,<1.22;1.36>,<1.62;1.39>,<1.62;1.39>,<0.95;0.95>,,,,,,
1621,,80416,,1,<3.08;2.62>,<1.22;1.36>,<1.22;1.36>,<1.62;1.39>,<1.62;1.39>,<0.95;0.95>,,,,,,
1622,,80416,,2,<3.08;2.62>,<1.22;1.36>,<1.22;1.36>,<1.62;1.39>,<1.62;1.39>,<0.95;0.95>,,,,,,
1623,,80416,,3,<3.08;2.62>,<1.22;1.36>,<1.22;1.36>,<1.62;1.39>,<1.62;1.39>,<0.95;0.95>,,,,,,
1624,,80416,,4,<3.08;2.62>,<1.22;1.36>,<1.22;1.36>,<1.62;1.39>,<1.62;1.39>,<0.95;0.95>,,,,,,
1625,,80416,,5,<3.08;2.62>,<1.22;1.36>,<1.22;1.36>,<1.62;1.39>,<1.62;1.39>,<0.95;0.95>,,,,,,
1626,,80416,,6,<3.08;2.62>,<1.22;1.36>,<1.22;1.36>,<1.62;1.39>,<1.62;1.39>,<0.95;0.95>,,,,,,
1627,,80416,,7,<3.08;2.62>,<1.22;1.36>,<1.22;1.36>,<1.62;1.39>,<1.62;1.39>,<0.95;0.95>,,,,,,
1628,,80416,,8,<3.08;2.62>,<1.22;1.36>,<1.22;1.36>,<1.62;1.39>,<1.62;1.39>,<0.95;0.95>,,,,,,
1629,,80416,,9,<3.08;2.62>,<1.22;1.36>,<1.22;1.36>,<1.62;1.39>,<1.62;1.39>,<0.95;0.95>,,,,,,
1630,,80416,,10,<3.08;2.62>,<1.22;1.36>,<1.22;1.36>,<1.62;1.39>,<1.62;1.39>,<0.95;0.95>,,,,,,
1631,,80416,,11,<3.08;2.62>,<1.22;1.36>,<1.22;1.36>,<1.62;1.39>,<1.62;1.39>,<0.95;0.95>,,,,,,
1632,,80416,,12,<3.08;2.62>,<1.22;1.36>,<1.22;1.36>,<1.62;1.39>,<1.62;1.39>,<0.95;0.95>,,,,,,
1633,,80421,{11=1.3},1,<3.08;2.62>,<1.22;1.36>,<1.22;1.36>,<1.62;1.39>,<1.62;1.39>,<0.95;0.95>,,,,,,
1634,,80421,{11=1.3},2,<3.08;2.62>,<1.22;1.36>,<1.22;1.36>,<1.62;1.39>,<1.62;1.39>,<0.95;0.95>,,,,,,
1635,,80421,{11=1.3},3,<3.08;2.62>,<1.22;1.36>,<1.22;1.36>,<1.62;1.39>,<1.62;1.39>,<0.95;0.95>,,,,,,
1636,,80421,{11=1.3},4,<3.08;2.62>,<1.22;1.36>,<1.22;1.36>,<1.62;1.39>,<1.62;1.39>,<0.95;0.95>,,,,,,
1637,,80421,{11=1.3},5,<3.08;2.62>,<1.22;1.36>,<1.22;1.36>,<1.62;1.39>,<1.62;1.39>,<0.95;0.95>,,,,,,
1638,,80421,{11=1.3},6,<3.08;2.62>,<1.22;1.36>,<1.22;1.36>,<1.62;1.39>,<1.62;1.39>,<0.95;0.95>,,,,,,
1639,,80421,{11=1.3},7,<3.08;2.62>,<1.22;1.36>,<1.22;1.36>,<1.62;1.39>,<1.62;1.39>,<0.95;0.95>,,,,,,
1640,,80421,{11=1.3},8,<3.08;2.62>,<1.22;1.36>,<1.22;1.36>,<1.62;1.39>,<1.62;1.39>,<0.95;0.95>,,,,,,
1641,,80421,{11=1.3},9,<3.08;2.62>,<1.22;1.36>,<1.22;1.36>,<1.62;1.39>,<1.62;1.39>,<0.95;0.95>,,,,,,
1642,,80421,{11=1.3},10,<3.08;2.62>,<1.22;1.36>,<1.22;1.36>,<1.62;1.39>,<1.62;1.39>,<0.95;0.95>,,,,,,
1643,,80421,{11=1.3},11,<3.08;2.62>,<1.22;1.36>,<1.22;1.36>,<1.62;1.39>,<1.62;1.39>,<0.95;0.95>,,,,,,
1644,,80421,{11=1.3},12,<3.08;2.62>,<1.22;1.36>,<1.22;1.36>,<1.62;1.39>,<1.62;1.39>,<0.95;0.95>,,,,,,
1645,,80422,{11=0.47},1,<3.08;2.62>,<1.22;1.36>,<1.22;1.36>,<1.62;1.39>,<1.62;1.39>,<0.95;0.95>,,,,,,
1646,,80422,{11=0.47},2,<3.08;2.62>,<1.22;1.36>,<1.22;1.36>,<1.62;1.39>,<1.62;1.39>,<0.95;0.95>,,,,,,
1647,,80422,{11=0.47},3,<3.08;2.62>,<1.22;1.36>,<1.22;1.36>,<1.62;1.39>,<1.62;1.39>,<0.95;0.95>,,,,,,
1648,,80422,{11=0.47},4,<3.08;2.62>,<1.22;1.36>,<1.22;1.36>,<1.62;1.39>,<1.62;1.39>,<0.95;0.95>,,,,,,
1649,,80422,{11=0.47},5,<3.08;2.62>,<1.22;1.36>,<1.22;1.36>,<1.62;1.39>,<1.62;1.39>,<0.95;0.95>,,,,,,
1650,,80422,{11=0.47},6,<3.08;2.62>,<1.22;1.36>,<1.22;1.36>,<1.62;1.39>,<1.62;1.39>,<0.95;0.95>,,,,,,
1651,,80422,{11=0.47},7,<3.08;2.62>,<1.22;1.36>,<1.22;1.36>,<1.62;1.39>,<1.62;1.39>,<0.95;0.95>,,,,,,
1652,,80422,{11=0.47},8,<3.08;2.62>,<1.22;1.36>,<1.22;1.36>,<1.62;1.39>,<1.62;1.39>,<0.95;0.95>,,,,,,
1653,,80422,{11=0.47},9,<3.08;2.62>,<1.22;1.36>,<1.22;1.36>,<1.62;1.39>,<1.62;1.39>,<0.95;0.95>,,,,,,
1654,,80422,{11=0.47},10,<3.08;2.62>,<1.22;1.36>,<1.22;1.36>,<1.62;1.39>,<1.62;1.39>,<0.95;0.95>,,,,,,
1655,,80422,{11=0.47},11,<3.08;2.62>,<1.22;1.36>,<1.22;1.36>,<1.62;1.39>,<1.62;1.39>,<0.95;0.95>,,,,,,
1656,,80422,{11=0.47},12,<3.08;2.62>,<1.22;1.36>,<1.22;1.36>,<1.62;1.39>,<1.62;1.39>,<0.95;0.95>,,,,,,
1657,,80423,,1,<3.68;3.13>,<1.45;1.62>,<1.45;1.62>,<1.93;1.66>,<1.93;1.66>,<0.98;0.98>,,,,,,
1658,,80423,,2,<3.68;3.13>,<1.45;1.62>,<1.45;1.62>,<1.93;1.66>,<1.93;1.66>,<0.98;0.98>,,,,,,
1659,,80423,,3,<3.68;3.13>,<1.45;1.62>,<1.45;1.62>,<1.93;1.66>,<1.93;1.66>,<0.98;0.98>,,,,,,
1660,,80423,,4,<3.68;3.13>,<1.45;1.62>,<1.45;1.62>,<1.93;1.66>,<1.93;1.66>,<0.98;0.98>,,,,,,
1661,,80423,,5,<3.68;3.13>,<1.45;1.62>,<1.45;1.62>,<1.93;1.66>,<1.93;1.66>,<0.98;0.98>,,,,,,
1662,,80423,,6,<3.68;3.13>,<1.45;1.62>,<1.45;1.62>,<1.93;1.66>,<1.93;1.66>,<0.98;0.98>,,,,,,
1663,,80423,,7,<3.68;3.13>,<1.45;1.62>,<1.45;1.62>,<1.93;1.66>,<1.93;1.66>,<0.98;0.98>,,,,,,
1664,,80423,,8,<3.68;3.13>,<1.45;1.62>,<1.45;1.62>,<1.93;1.66>,<1.93;1.66>,<0.98;0.98>,,,,,,
1665,,80423,,9,<3.68;3.13>,<1.45;1.62>,<1.45;1.62>,<1.93;1.66>,<1.93;1.66>,<0.98;0.98>,,,,,,
1666,,80423,,10,<3.68;3.13>,<1.45;1.62>,<1.45;1.62>,<1.93;1.66>,<1.93;1.66>,<0.98;0.98>,,,,,,
1667,,80423,,11,<3.68;3.13>,<1.45;1.62>,<1.45;1.62>,<1.93;1.66>,<1.93;1.66>,<0.98;0.98>,,,,,,
1668,,80423,,12,<3.68;3.13>,<1.45;1.62>,<1.45;1.62>,<1.93;1.66>,<1.93;1.66>,<0.98;0.98>,,,,,,
1669,,80424,,1,<3.68;3.13>,<1.45;1.62>,<1.45;1.62>,<1.93;1.66>,<1.93;1.66>,<0.98;0.98>,,,,,,
1670,,80424,,2,<3.68;3.13>,<1.45;1.62>,<1.45;1.62>,<1.93;1.66>,<1.93;1.66>,<0.98;0.98>,,,,,,
1671,,80424,,3,<3.68;3.13>,<1.45;1.62>,<1.45;1.62>,<1.93;1.66>,<1.93;1.66>,<0.98;0.98>,,,,,,
1672,,80424,,4,<3.68;3.13>,<1.45;1.62>,<1.45;1.62>,<1.93;1.66>,<1.93;1.66>,<0.98;0.98>,,,,,,
1673,,80424,,5,<3.68;3.13>,<1.45;1.62>,<1.45;1.62>,<1.93;1.66>,<1.93;1.66>,<0.98;0.98>,,,,,,
1674,,80424,,6,<3.68;3.13>,<1.45;1.62>,<1.45;1.62>,<1.93;1.66>,<1.93;1.66>,<0.98;0.98>,,,,,,
1675,,80424,,7,<3.68;3.13>,<1.45;1.62>,<1.45;1.62>,<1.93;1.66>,<1.93;1.66>,<0.98;0.98>,,,,,,
1676,,80424,,8,<3.68;3.13>,<1.45;1.62>,<1.45;1.62>,<1.93;1.66>,<1.93;1.66>,<0.98;0.98>,,,,,,
1677,,80424,,9,<3.68;3.13>,<1.45;1.62>,<1.45;1.62>,<1.93;1.66>,<1.93;1.66>,<0.98;0.98>,,,,,,
1678,,80424,,10,<3.68;3.13>,<1.45;1.62>,<1.45;1.62>,<1.93;1.66>,<1.93;1.66>,<0.98;0.98>,,,,,,
1679,,80424,,11,<3.68;3.13>,<1.45;1.62>,<1.45;1.62>,<1.93;1.66>,<1.93;1.66>,<0.98;0.98>,,,,,,
1680,,80424,,12,<3.68;3.13>,<1.45;1.62>,<1.45;1.62>,<1.93;1.66>,<1.93;1.66>,<0.98;0.98>,,,,,,
1681,,80425,,1,<3.68;3.13>,<1.45;1.62>,<1.45;1.62>,<1.93;1.66>,<1.93;1.66>,<0.98;0.98>,,,,,,
1682,,80425,,2,<3.68;3.13>,<1.45;1.62>,<1.45;1.62>,<1.93;1.66>,<1.93;1.66>,<0.98;0.98>,,,,,,
1683,,80425,,3,<3.68;3.13>,<1.45;1.62>,<1.45;1.62>,<1.93;1.66>,<1.93;1.66>,<0.98;0.98>,,,,,,
1684,,80425,,4,<3.68;3.13>,<1.45;1.62>,<1.45;1.62>,<1.93;1.66>,<1.93;1.66>,<0.98;0.98>,,,,,,
1685,,80425,,5,<3.68;3.13>,<1.45;1.62>,<1.45;1.62>,<1.93;1.66>,<1.93;1.66>,<0.98;0.98>,,,,,,
1686,,80425,,6,<3.68;3.13>,<1.45;1.62>,<1.45;1.62>,<1.93;1.66>,<1.93;1.66>,<0.98;0.98>,,,,,,
1687,,80425,,7,<3.68;3.13>,<1.45;1.62>,<1.45;1.62>,<1.93;1.66>,<1.93;1.66>,<0.98;0.98>,,,,,,
1688,,80425,,8,<3.68;3.13>,<1.45;1.62>,<1.45;1.62>,<1.93;1.66>,<1.93;1.66>,<0.98;0.98>,,,,,,
1689,,80425,,9,<3.68;3.13>,<1.45;1.62>,<1.45;1.62>,<1.93;1.66>,<1.93;1.66>,<0.98;0.98>,,,,,,
1690,,80425,,10,<3.68;3.13>,<1.45;1.62>,<1.45;1.62>,<1.93;1.66>,<1.93;1.66>,<0.98;0.98>,,,,,,
1691,,80425,,11,<3.68;3.13>,<1.45;1.62>,<1.45;1.62>,<1.93;1.66>,<1.93;1.66>,<0.98;0.98>,,,,,,
1692,,80425,,12,<3.68;3.13>,<1.45;1.62>,<1.45;1.62>,<1.93;1.66>,<1.93;1.66>,<0.98;0.98>,,,,,,
1693,,80426,,1,<3.68;3.13>,<1.45;1.62>,<1.45;1.62>,<1.93;1.66>,<1.93;1.66>,<0.98;0.98>,,,,,,
1694,,80426,,2,<3.68;3.13>,<1.45;1.62>,<1.45;1.62>,<1.93;1.66>,<1.93;1.66>,<0.98;0.98>,,,,,,
1695,,80426,,3,<3.68;3.13>,<1.45;1.62>,<1.45;1.62>,<1.93;1.66>,<1.93;1.66>,<0.98;0.98>,,,,,,
1696,,80426,,4,<3.68;3.13>,<1.45;1.62>,<1.45;1.62>,<1.93;1.66>,<1.93;1.66>,<0.98;0.98>,,,,,,
1697,,80426,,5,<3.68;3.13>,<1.45;1.62>,<1.45;1.62>,<1.93;1.66>,<1.93;1.66>,<0.98;0.98>,,,,,,
1698,,80426,,6,<3.68;3.13>,<1.45;1.62>,<1.45;1.62>,<1.93;1.66>,<1.93;1.66>,<0.98;0.98>,,,,,,
1699,,80426,,7,<3.68;3.13>,<1.45;1.62>,<1.45;1.62>,<1.93;1.66>,<1.93;1.66>,<0.98;0.98>,,,,,,
1700,,80426,,8,<3.68;3.13>,<1.45;1.62>,<1.45;1.62>,<1.93;1.66>,<1.93;1.66>,<0.98;0.98>,,,,,,
1701,,80426,,9,<3.68;3.13>,<1.45;1.62>,<1.45;1.62>,<1.93;1.66>,<1.93;1.66>,<0.98;0.98>,,,,,,
1702,,80426,,10,<3.68;3.13>,<1.45;1.62>,<1.45;1.62>,<1.93;1.66>,<1.93;1.66>,<0.98;0.98>,,,,,,
1703,,80426,,11,<3.68;3.13>,<1.45;1.62>,<1.45;1.62>,<1.93;1.66>,<1.93;1.66>,<0.98;0.98>,,,,,,
1704,,80426,,12,<3.68;3.13>,<1.45;1.62>,<1.45;1.62>,<1.93;1.66>,<1.93;1.66>,<0.98;0.98>,,,,,,
1705,,80431,{12=1.1},1,<3.08;2.62>,<1.22;1.36>,<1.22;1.36>,<1.62;1.39>,<1.62;1.39>,<0.95;0.95>,,,,,,
1706,,80431,{12=1.1},2,<3.08;2.62>,<1.22;1.36>,<1.22;1.36>,<1.62;1.39>,<1.62;1.39>,<0.95;0.95>,,,,,,
1707,,80431,{12=1.1},3,<3.08;2.62>,<1.22;1.36>,<1.22;1.36>,<1.62;1.39>,<1.62;1.39>,<0.95;0.95>,,,,,,
1708,,80431,{12=1.1},4,<3.08;2.62>,<1.22;1.36>,<1.22;1.36>,<1.62;1.39>,<1.62;1.39>,<0.95;0.95>,,,,,,
1709,,80431,{12=1.1},5,<3.08;2.62>,<1.22;1.36>,<1.22;1.36>,<1.62;1.39>,<1.62;1.39>,<0.95;0.95>,,,,,,
1710,,80431,{12=1.1},6,<3.08;2.62>,<1.22;1.36>,<1.22;1.36>,<1.62;1.39>,<1.62;1.39>,<0.95;0.95>,,,,,,
1711,,80431,{12=1.1},7,<3.08;2.62>,<1.22;1.36>,<1.22;1.36>,<1.62;1.39>,<1.62;1.39>,<0.95;0.95>,,,,,,
1712,,80431,{12=1.1},8,<3.08;2.62>,<1.22;1.36>,<1.22;1.36>,<1.62;1.39>,<1.62;1.39>,<0.95;0.95>,,,,,,
1713,,80431,{12=1.1},9,<3.08;2.62>,<1.22;1.36>,<1.22;1.36>,<1.62;1.39>,<1.62;1.39>,<0.95;0.95>,,,,,,
1714,,80431,{12=1.1},10,<3.08;2.62>,<1.22;1.36>,<1.22;1.36>,<1.62;1.39>,<1.62;1.39>,<0.95;0.95>,,,,,,
1715,,80431,{12=1.1},11,<3.08;2.62>,<1.22;1.36>,<1.22;1.36>,<1.62;1.39>,<1.62;1.39>,<0.95;0.95>,,,,,,
1716,,80431,{12=1.1},12,<3.08;2.62>,<1.22;1.36>,<1.22;1.36>,<1.62;1.39>,<1.62;1.39>,<0.95;0.95>,,,,,,
1717,,80432,{11=1.1},1,<3.08;2.62>,<1.22;1.36>,<1.22;1.36>,<1.62;1.39>,<1.62;1.39>,<0.95;0.95>,,,,,,
1718,,80432,{11=1.1},2,<3.08;2.62>,<1.22;1.36>,<1.22;1.36>,<1.62;1.39>,<1.62;1.39>,<0.95;0.95>,,,,,,
1719,,80432,{11=1.1},3,<3.08;2.62>,<1.22;1.36>,<1.22;1.36>,<1.62;1.39>,<1.62;1.39>,<0.95;0.95>,,,,,,
1720,,80432,{11=1.1},4,<3.08;2.62>,<1.22;1.36>,<1.22;1.36>,<1.62;1.39>,<1.62;1.39>,<0.95;0.95>,,,,,,
1721,,80432,{11=1.1},5,<3.08;2.62>,<1.22;1.36>,<1.22;1.36>,<1.62;1.39>,<1.62;1.39>,<0.95;0.95>,,,,,,
1722,,80432,{11=1.1},6,<3.08;2.62>,<1.22;1.36>,<1.22;1.36>,<1.62;1.39>,<1.62;1.39>,<0.95;0.95>,,,,,,
1723,,80432,{11=1.1},7,<3.08;2.62>,<1.22;1.36>,<1.22;1.36>,<1.62;1.39>,<1.62;1.39>,<0.95;0.95>,,,,,,
1724,,80432,{11=1.1},8,<3.08;2.62>,<1.22;1.36>,<1.22;1.36>,<1.62;1.39>,<1.62;1.39>,<0.95;0.95>,,,,,,
1725,,80432,{11=1.1},9,<3.08;2.62>,<1.22;1.36>,<1.22;1.36>,<1.62;1.39>,<1.62;1.39>,<0.95;0.95>,,,,,,
1726,,80432,{11=1.1},10,<3.08;2.62>,<1.22;1.36>,<1.22;1.36>,<1.62;1.39>,<1.62;1.39>,<0.95;0.95>,,,,,,
1727,,80432,{11=1.1},11,<3.08;2.62>,<1.22;1.36>,<1.22;1.36>,<1.62;1.39>,<1.62;1.39>,<0.95;0.95>,,,,,,
1728,,80432,{11=1.1},12,<3.08;2.62>,<1.22;1.36>,<1.22;1.36>,<1.62;1.39>,<1.62;1.39>,<0.95;0.95>,,,,,,
1729,,80433,{11=1.1},1,<3.08;2.62>,<1.22;1.36>,<1.22;1.36>,<1.62;1.39>,<1.62;1.39>,<0.95;0.95>,,,,,,
1730,,80433,{11=1.1},2,<3.08;2.62>,<1.22;1.36>,<1.22;1.36>,<1.62;1.39>,<1.62;1.39>,<0.95;0.95>,,,,,,
1731,,80433,{11=1.1},3,<3.08;2.62>,<1.22;1.36>,<1.22;1.36>,<1.62;1.39>,<1.62;1.39>,<0.95;0.95>,,,,,,
1732,,80433,{11=1.1},4,<3.08;2.62>,<1.22;1.36>,<1.22;1.36>,<1.62;1.39>,<1.62;1.39>,<0.95;0.95>,,,,,,
1733,,80433,{11=1.1},5,<3.08;2.62>,<1.22;1.36>,<1.22;1.36>,<1.62;1.39>,<1.62;1.39>,<0.95;0.95>,,,,,,
1734,,80433,{11=1.1},6,<3.08;2.62>,<1.22;1.36>,<1.22;1.36>,<1.62;1.39>,<1.62;1.39>,<0.95;0.95>,,,,,,
1735,,80433,{11=1.1},7,<3.08;2.62>,<1.22;1.36>,<1.22;1.36>,<1.62;1.39>,<1.62;1.39>,<0.95;0.95>,,,,,,
1736,,80433,{11=1.1},8,<3.08;2.62>,<1.22;1.36>,<1.22;1.36>,<1.62;1.39>,<1.62;1.39>,<0.95;0.95>,,,,,,
1737,,80433,{11=1.1},9,<3.08;2.62>,<1.22;1.36>,<1.22;1.36>,<1.62;1.39>,<1.62;1.39>,<0.95;0.95>,,,,,,
1738,,80433,{11=1.1},10,<3.08;2.62>,<1.22;1.36>,<1.22;1.36>,<1.62;1.39>,<1.62;1.39>,<0.95;0.95>,,,,,,
1739,,80433,{11=1.1},11,<3.08;2.62>,<1.22;1.36>,<1.22;1.36>,<1.62;1.39>,<1.62;1.39>,<0.95;0.95>,,,,,,
1740,,80433,{11=1.1},12,<3.08;2.62>,<1.22;1.36>,<1.22;1.36>,<1.62;1.39>,<1.62;1.39>,<0.95;0.95>,,,,,,
1741,,80434,,1,<3.08;2.62>,<1.22;1.36>,<1.22;1.36>,<1.62;1.39>,<1.62;1.39>,<0.95;0.95>,,,,,,
1742,,80434,,2,<3.08;2.62>,<1.22;1.36>,<1.22;1.36>,<1.62;1.39>,<1.62;1.39>,<0.95;0.95>,,,,,,
1743,,80434,,3,<3.08;2.62>,<1.22;1.36>,<1.22;1.36>,<1.62;1.39>,<1.62;1.39>,<0.95;0.95>,,,,,,
1744,,80434,,4,<3.08;2.62>,<1.22;1.36>,<1.22;1.36>,<1.62;1.39>,<1.62;1.39>,<0.95;0.95>,,,,,,
1745,,80434,,5,<3.08;2.62>,<1.22;1.36>,<1.22;1.36>,<1.62;1.39>,<1.62;1.39>,<0.95;0.95>,,,,,,
1746,,80434,,6,<3.08;2.62>,<1.22;1.36>,<1.22;1.36>,<1.62;1.39>,<1.62;1.39>,<0.95;0.95>,,,,,,
1747,,80434,,7,<3.08;2.62>,<1.22;1.36>,<1.22;1.36>,<1.62;1.39>,<1.62;1.39>,<0.95;0.95>,,,,,,
1748,,80434,,8,<3.08;2.62>,<1.22;1.36>,<1.22;1.36>,<1.62;1.39>,<1.62;1.39>,<0.95;0.95>,,,,,,
1749,,80434,,9,<3.08;2.62>,<1.22;1.36>,<1.22;1.36>,<1.62;1.39>,<1.62;1.39>,<0.95;0.95>,,,,,,
1750,,80434,,10,<3.08;2.62>,<1.22;1.36>,<1.22;1.36>,<1.62;1.39>,<1.62;1.39>,<0.95;0.95>,,,,,,
1751,,80434,,11,<3.08;2.62>,<1.22;1.36>,<1.22;1.36>,<1.62;1.39>,<1.62;1.39>,<0.95;0.95>,,,,,,
1752,,80434,,12,<3.08;2.62>,<1.22;1.36>,<1.22;1.36>,<1.62;1.39>,<1.62;1.39>,<0.95;0.95>,,,,,,
1753,,80435,,1,<3.08;2.62>,<1.22;1.36>,<1.22;1.36>,<1.62;1.39>,<1.62;1.39>,<0.95;0.95>,,,,,,
1754,,80435,,2,<3.08;2.62>,<1.22;1.36>,<1.22;1.36>,<1.62;1.39>,<1.62;1.39>,<0.95;0.95>,,,,,,
1755,,80435,,3,<3.08;2.62>,<1.22;1.36>,<1.22;1.36>,<1.62;1.39>,<1.62;1.39>,<0.95;0.95>,,,,,,
1756,,80435,,4,<3.08;2.62>,<1.22;1.36>,<1.22;1.36>,<1.62;1.39>,<1.62;1.39>,<0.95;0.95>,,,,,,
1757,,80435,,5,<3.08;2.62>,<1.22;1.36>,<1.22;1.36>,<1.62;1.39>,<1.62;1.39>,<0.95;0.95>,,,,,,
1758,,80435,,6,<3.08;2.62>,<1.22;1.36>,<1.22;1.36>,<1.62;1.39>,<1.62;1.39>,<0.95;0.95>,,,,,,
1759,,80435,,7,<3.08;2.62>,<1.22;1.36>,<1.22;1.36>,<1.62;1.39>,<1.62;1.39>,<0.95;0.95>,,,,,,
1760,,80435,,8,<3.08;2.62>,<1.22;1.36>,<1.22;1.36>,<1.62;1.39>,<1.62;1.39>,<0.95;0.95>,,,,,,
1761,,80435,,9,<3.08;2.62>,<1.22;1.36>,<1.22;1.36>,<1.62;1.39>,<1.62;1.39>,<0.95;0.95>,,,,,,
1762,,80435,,10,<3.08;2.62>,<1.22;1.36>,<1.22;1.36>,<1.62;1.39>,<1.62;1.39>,<0.95;0.95>,,,,,,
1763,,80435,,11,<3.08;2.62>,<1.22;1.36>,<1.22;1.36>,<1.62;1.39>,<1.62;1.39>,<0.95;0.95>,,,,,,
1764,,80435,,12,<3.08;2.62>,<1.22;1.36>,<1.22;1.36>,<1.62;1.39>,<1.62;1.39>,<0.95;0.95>,,,,,,
1765,,80436,,1,<3.08;2.62>,<1.22;1.36>,<1.22;1.36>,<1.62;1.39>,<1.62;1.39>,<0.95;0.95>,,,,,,
1766,,80436,,2,<3.08;2.62>,<1.22;1.36>,<1.22;1.36>,<1.62;1.39>,<1.62;1.39>,<0.95;0.95>,,,,,,
1767,,80436,,3,<3.08;2.62>,<1.22;1.36>,<1.22;1.36>,<1.62;1.39>,<1.62;1.39>,<0.95;0.95>,,,,,,
1768,,80436,,4,<3.08;2.62>,<1.22;1.36>,<1.22;1.36>,<1.62;1.39>,<1.62;1.39>,<0.95;0.95>,,,,,,
1769,,80436,,5,<3.08;2.62>,<1.22;1.36>,<1.22;1.36>,<1.62;1.39>,<1.62;1.39>,<0.95;0.95>,,,,,,
1770,,80436,,6,<3.08;2.62>,<1.22;1.36>,<1.22;1.36>,<1.62;1.39>,<1.62;1.39>,<0.95;0.95>,,,,,,
1771,,80436,,7,<3.08;2.62>,<1.22;1.36>,<1.22;1.36>,<1.62;1.39>,<1.62;1.39>,<0.95;0.95>,,,,,,
1772,,80436,,8,<3.08;2.62>,<1.22;1.36>,<1.22;1.36>,<1.62;1.39>,<1.62;1.39>,<0.95;0.95>,,,,,,
1773,,80436,,9,<3.08;2.62>,<1.22;1.36>,<1.22;1.36>,<1.62;1.39>,<1.62;1.39>,<0.95;0.95>,,,,,,
1774,,80436,,10,<3.08;2.62>,<1.22;1.36>,<1.22;1.36>,<1.62;1.39>,<1.62;1.39>,<0.95;0.95>,,,,,,
1775,,80436,,11,<3.08;2.62>,<1.22;1.36>,<1.22;1.36>,<1.62;1.39>,<1.62;1.39>,<0.95;0.95>,,,,,,
1776,,80436,,12,<3.08;2.62>,<1.22;1.36>,<1.22;1.36>,<1.62;1.39>,<1.62;1.39>,<0.95;0.95>,,,,,,
1777,,80441,{11=1.2},1,<1.6;1.36>,<0.63;0.7>,<0.63;0.7>,<0.84;0.72>,<0.84;0.72>,<0.88;0.88>,,,,,,
1778,,80441,{11=1.2},2,<1.6;1.36>,<0.63;0.7>,<0.63;0.7>,<0.84;0.72>,<0.84;0.72>,<0.88;0.88>,,,,,,
1779,,80441,{11=1.2},3,<1.6;1.36>,<0.63;0.7>,<0.63;0.7>,<0.84;0.72>,<0.84;0.72>,<0.88;0.88>,,,,,,
1780,,80441,{11=1.2},4,<1.6;1.36>,<0.63;0.7>,<0.63;0.7>,<0.84;0.72>,<0.84;0.72>,<0.88;0.88>,,,,,,
1781,,80441,{11=1.2},5,<1.6;1.36>,<0.63;0.7>,<0.63;0.7>,<0.84;0.72>,<0.84;0.72>,<0.88;0.88>,,,,,,
1782,,80441,{11=1.2},6,<1.6;1.36>,<0.63;0.7>,<0.63;0.7>,<0.84;0.72>,<0.84;0.72>,<0.88;0.88>,,,,,,
1783,,80441,{11=1.2},7,<1.6;1.36>,<0.63;0.7>,<0.63;0.7>,<0.84;0.72>,<0.84;0.72>,<0.88;0.88>,,,,,,
1784,,80441,{11=1.2},8,<1.6;1.36>,<0.63;0.7>,<0.63;0.7>,<0.84;0.72>,<0.84;0.72>,<0.88;0.88>,,,,,,
1785,,80441,{11=1.2},9,<1.6;1.36>,<0.63;0.7>,<0.63;0.7>,<0.84;0.72>,<0.84;0.72>,<0.88;0.88>,,,,,,
1786,,80441,{11=1.2},10,<1.6;1.36>,<0.63;0.7>,<0.63;0.7>,<0.84;0.72>,<0.84;0.72>,<0.88;0.88>,,,,,,
1787,,80441,{11=1.2},11,<1.6;1.36>,<0.63;0.7>,<0.63;0.7>,<0.84;0.72>,<0.84;0.72>,<0.88;0.88>,,,,,,
1788,,80441,{11=1.2},12,<1.6;1.36>,<0.63;0.7>,<0.63;0.7>,<0.84;0.72>,<0.84;0.72>,<0.88;0.88>,,,,,,
1789,,80442,{11=1.1},1,<1.6;1.36>,<0.63;0.7>,<0.63;0.7>,<0.84;0.72>,<0.84;0.72>,<0.88;0.88>,,,,,,
1790,,80442,{11=1.1},2,<1.6;1.36>,<0.63;0.7>,<0.63;0.7>,<0.84;0.72>,<0.84;0.72>,<0.88;0.88>,,,,,,
1791,,80442,{11=1.1},3,<1.6;1.36>,<0.63;0.7>,<0.63;0.7>,<0.84;0.72>,<0.84;0.72>,<0.88;0.88>,,,,,,
1792,,80442,{11=1.1},4,<1.6;1.36>,<0.63;0.7>,<0.63;0.7>,<0.84;0.72>,<0.84;0.72>,<0.88;0.88>,,,,,,
1793,,80442,{11=1.1},5,<1.6;1.36>,<0.63;0.7>,<0.63;0.7>,<0.84;0.72>,<0.84;0.72>,<0.88;0.88>,,,,,,
1794,,80442,{11=1.1},6,<1.6;1.36>,<0.63;0.7>,<0.63;0.7>,<0.84;0.72>,<0.84;0.72>,<0.88;0.88>,,,,,,
1795,,80442,{11=1.1},7,<1.6;1.36>,<0.63;0.7>,<0.63;0.7>,<0.84;0.72>,<0.84;0.72>,<0.88;0.88>,,,,,,
1796,,80442,{11=1.1},8,<1.6;1.36>,<0.63;0.7>,<0.63;0.7>,<0.84;0.72>,<0.84;0.72>,<0.88;0.88>,,,,,,
1797,,80442,{11=1.1},9,<1.6;1.36>,<0.63;0.7>,<0.63;0.7>,<0.84;0.72>,<0.84;0.72>,<0.88;0.88>,,,,,,
1798,,80442,{11=1.1},10,<1.6;1.36>,<0.63;0.7>,<0.63;0.7>,<0.84;0.72>,<0.84;0.72>,<0.88;0.88>,,,,,,
1799,,80442,{11=1.1},11,<1.6;1.36>,<0.63;0.7>,<0.63;0.7>,<0.84;0.72>,<0.84;0.72>,<0.88;0.88>,,,,,,
1800,,80442,{11=1.1},12,<1.6;1.36>,<0.63;0.7>,<0.63;0.7>,<0.84;0.72>,<0.84;0.72>,<0.88;0.88>,,,,,,
1801,,80443,{8=1.1},1,<1.6;1.36>,<0.63;0.7>,<0.63;0.7>,<0.84;0.72>,<0.84;0.72>,<0.88;0.88>,,,,,,
1802,,80443,{8=1.1},2,<1.6;1.36>,<0.63;0.7>,<0.63;0.7>,<0.84;0.72>,<0.84;0.72>,<0.88;0.88>,,,,,,
1803,,80443,{8=1.1},3,<1.6;1.36>,<0.63;0.7>,<0.63;0.7>,<0.84;0.72>,<0.84;0.72>,<0.88;0.88>,,,,,,
1804,,80443,{8=1.1},4,<1.6;1.36>,<0.63;0.7>,<0.63;0.7>,<0.84;0.72>,<0.84;0.72>,<0.88;0.88>,,,,,,
1805,,80443,{8=1.1},5,<1.6;1.36>,<0.63;0.7>,<0.63;0.7>,<0.84;0.72>,<0.84;0.72>,<0.88;0.88>,,,,,,
1806,,80443,{8=1.1},6,<1.6;1.36>,<0.63;0.7>,<0.63;0.7>,<0.84;0.72>,<0.84;0.72>,<0.88;0.88>,,,,,,
1807,,80443,{8=1.1},7,<1.6;1.36>,<0.63;0.7>,<0.63;0.7>,<0.84;0.72>,<0.84;0.72>,<0.88;0.88>,,,,,,
1808,,80443,{8=1.1},8,<1.6;1.36>,<0.63;0.7>,<0.63;0.7>,<0.84;0.72>,<0.84;0.72>,<0.88;0.88>,,,,,,
1809,,80443,{8=1.1},9,<1.6;1.36>,<0.63;0.7>,<0.63;0.7>,<0.84;0.72>,<0.84;0.72>,<0.88;0.88>,,,,,,
1810,,80443,{8=1.1},10,<1.6;1.36>,<0.63;0.7>,<0.63;0.7>,<0.84;0.72>,<0.84;0.72>,<0.88;0.88>,,,,,,
1811,,80443,{8=1.1},11,<1.6;1.36>,<0.63;0.7>,<0.63;0.7>,<0.84;0.72>,<0.84;0.72>,<0.88;0.88>,,,,,,
1812,,80443,{8=1.1},12,<1.6;1.36>,<0.63;0.7>,<0.63;0.7>,<0.84;0.72>,<0.84;0.72>,<0.88;0.88>,,,,,,
1813,,80444,,1,<1.6;1.36>,<0.63;0.7>,<0.63;0.7>,<0.84;0.72>,<0.84;0.72>,<0.88;0.88>,,,,,,
1814,,80444,,2,<1.6;1.36>,<0.63;0.7>,<0.63;0.7>,<0.84;0.72>,<0.84;0.72>,<0.88;0.88>,,,,,,
1815,,80444,,3,<1.6;1.36>,<0.63;0.7>,<0.63;0.7>,<0.84;0.72>,<0.84;0.72>,<0.88;0.88>,,,,,,
1816,,80444,,4,<1.6;1.36>,<0.63;0.7>,<0.63;0.7>,<0.84;0.72>,<0.84;0.72>,<0.88;0.88>,,,,,,
1817,,80444,,5,<1.6;1.36>,<0.63;0.7>,<0.63;0.7>,<0.84;0.72>,<0.84;0.72>,<0.88;0.88>,,,,,,
1818,,80444,,6,<1.6;1.36>,<0.63;0.7>,<0.63;0.7>,<0.84;0.72>,<0.84;0.72>,<0.88;0.88>,,,,,,
1819,,80444,,7,<1.6;1.36>,<0.63;0.7>,<0.63;0.7>,<0.84;0.72>,<0.84;0.72>,<0.88;0.88>,,,,,,
1820,,80444,,8,<1.6;1.36>,<0.63;0.7>,<0.63;0.7>,<0.84;0.72>,<0.84;0.72>,<0.88;0.88>,,,,,,
1821,,80444,,9,<1.6;1.36>,<0.63;0.7>,<0.63;0.7>,<0.84;0.72>,<0.84;0.72>,<0.88;0.88>,,,,,,
1822,,80444,,10,<1.6;1.36>,<0.63;0.7>,<0.63;0.7>,<0.84;0.72>,<0.84;0.72>,<0.88;0.88>,,,,,,
1823,,80444,,11,<1.6;1.36>,<0.63;0.7>,<0.63;0.7>,<0.84;0.72>,<0.84;0.72>,<0.88;0.88>,,,,,,
1824,,80444,,12,<1.6;1.36>,<0.63;0.7>,<0.63;0.7>,<0.84;0.72>,<0.84;0.72>,<0.88;0.88>,,,,,,
1825,,80445,,1,<1.6;1.36>,<0.63;0.7>,<0.63;0.7>,<0.84;0.72>,<0.84;0.72>,<0.88;0.88>,,,,,,
1826,,80445,,2,<1.6;1.36>,<0.63;0.7>,<0.63;0.7>,<0.84;0.72>,<0.84;0.72>,<0.88;0.88>,,,,,,
1827,,80445,,3,<1.6;1.36>,<0.63;0.7>,<0.63;0.7>,<0.84;0.72>,<0.84;0.72>,<0.88;0.88>,,,,,,
1828,,80445,,4,<1.6;1.36>,<0.63;0.7>,<0.63;0.7>,<0.84;0.72>,<0.84;0.72>,<0.88;0.88>,,,,,,
1829,,80445,,5,<1.6;1.36>,<0.63;0.7>,<0.63;0.7>,<0.84;0.72>,<0.84;0.72>,<0.88;0.88>,,,,,,
1830,,80445,,6,<1.6;1.36>,<0.63;0.7>,<0.63;0.7>,<0.84;0.72>,<0.84;0.72>,<0.88;0.88>,,,,,,
1831,,80445,,7,<1.6;1.36>,<0.63;0.7>,<0.63;0.7>,<0.84;0.72>,<0.84;0.72>,<0.88;0.88>,,,,,,
1832,,80445,,8,<1.6;1.36>,<0.63;0.7>,<0.63;0.7>,<0.84;0.72>,<0.84;0.72>,<0.88;0.88>,,,,,,
1833,,80445,,9,<1.6;1.36>,<0.63;0.7>,<0.63;0.7>,<0.84;0.72>,<0.84;0.72>,<0.88;0.88>,,,,,,
1834,,80445,,10,<1.6;1.36>,<0.63;0.7>,<0.63;0.7>,<0.84;0.72>,<0.84;0.72>,<0.88;0.88>,,,,,,
1835,,80445,,11,<1.6;1.36>,<0.63;0.7>,<0.63;0.7>,<0.84;0.72>,<0.84;0.72>,<0.88;0.88>,,,,,,
1836,,80445,,12,<1.6;1.36>,<0.63;0.7>,<0.63;0.7>,<0.84;0.72>,<0.84;0.72>,<0.88;0.88>,,,,,,
1837,,80446,,1,<1.6;1.36>,<0.63;0.7>,<0.63;0.7>,<0.84;0.72>,<0.84;0.72>,<0.88;0.88>,,,,,,
1838,,80446,,2,<1.6;1.36>,<0.63;0.7>,<0.63;0.7>,<0.84;0.72>,<0.84;0.72>,<0.88;0.88>,,,,,,
1839,,80446,,3,<1.6;1.36>,<0.63;0.7>,<0.63;0.7>,<0.84;0.72>,<0.84;0.72>,<0.88;0.88>,,,,,,
1840,,80446,,4,<1.6;1.36>,<0.63;0.7>,<0.63;0.7>,<0.84;0.72>,<0.84;0.72>,<0.88;0.88>,,,,,,
1841,,80446,,5,<1.6;1.36>,<0.63;0.7>,<0.63;0.7>,<0.84;0.72>,<0.84;0.72>,<0.88;0.88>,,,,,,
1842,,80446,,6,<1.6;1.36>,<0.63;0.7>,<0.63;0.7>,<0.84;0.72>,<0.84;0.72>,<0.88;0.88>,,,,,,
1843,,80446,,7,<1.6;1.36>,<0.63;0.7>,<0.63;0.7>,<0.84;0.72>,<0.84;0.72>,<0.88;0.88>,,,,,,
1844,,80446,,8,<1.6;1.36>,<0.63;0.7>,<0.63;0.7>,<0.84;0.72>,<0.84;0.72>,<0.88;0.88>,,,,,,
1845,,80446,,9,<1.6;1.36>,<0.63;0.7>,<0.63;0.7>,<0.84;0.72>,<0.84;0.72>,<0.88;0.88>,,,,,,
1846,,80446,,10,<1.6;1.36>,<0.63;0.7>,<0.63;0.7>,<0.84;0.72>,<0.84;0.72>,<0.88;0.88>,,,,,,
1847,,80446,,11,<1.6;1.36>,<0.63;0.7>,<0.63;0.7>,<0.84;0.72>,<0.84;0.72>,<0.88;0.88>,,,,,,
1848,,80446,,12,<1.6;1.36>,<0.63;0.7>,<0.63;0.7>,<0.84;0.72>,<0.84;0.72>,<0.88;0.88>,,,,,,
1849,,80451,{11=1.1},1,<2.43;2.06>,<0.96;1.07>,<0.96;1.07>,<1.27;1.09>,<1.27;1.09>,<0.93;0.93>,,,,,,
1850,,80451,{11=1.1},2,<2.43;2.06>,<0.96;1.07>,<0.96;1.07>,<1.27;1.09>,<1.27;1.09>,<0.93;0.93>,,,,,,
1851,,80451,{11=1.1},3,<2.43;2.06>,<0.96;1.07>,<0.96;1.07>,<1.27;1.09>,<1.27;1.09>,<0.93;0.93>,,,,,,
1852,,80451,{11=1.1},4,<2.43;2.06>,<0.96;1.07>,<0.96;1.07>,<1.27;1.09>,<1.27;1.09>,<0.93;0.93>,,,,,,
1853,,80451,{11=1.1},5,<2.43;2.06>,<0.96;1.07>,<0.96;1.07>,<1.27;1.09>,<1.27;1.09>,<0.93;0.93>,,,,,,
1854,,80451,{11=1.1},6,<2.43;2.06>,<0.96;1.07>,<0.96;1.07>,<1.27;1.09>,<1.27;1.09>,<0.93;0.93>,,,,,,
1855,,80451,{11=1.1},7,<2.43;2.06>,<0.96;1.07>,<0.96;1.07>,<1.27;1.09>,<1.27;1.09>,<0.93;0.93>,,,,,,
1856,,80451,{11=1.1},8,<2.43;2.06>,<0.96;1.07>,<0.96;1.07>,<1.27;1.09>,<1.27;1.09>,<0.93;0.93>,,,,,,
1857,,80451,{11=1.1},9,<2.43;2.06>,<0.96;1.07>,<0.96;1.07>,<1.27;1.09>,<1.27;1.09>,<0.93;0.93>,,,,,,
1858,,80451,{11=1.1},10,<2.43;2.06>,<0.96;1.07>,<0.96;1.07>,<1.27;1.09>,<1.27;1.09>,<0.93;0.93>,,,,,,
1859,,80451,{11=1.1},11,<2.43;2.06>,<0.96;1.07>,<0.96;1.07>,<1.27;1.09>,<1.27;1.09>,<0.93;0.93>,,,,,,
1860,,80451,{11=1.1},12,<2.43;2.06>,<0.96;1.07>,<0.96;1.07>,<1.27;1.09>,<1.27;1.09>,<0.93;0.93>,,,,,,
1861,,80501,{11=1.1},1,<3.51;2.98>,<1.39;1.54>,<1.39;1.54>,<1.84;1.58>,<1.84;1.58>,<0.98;0.98>,,,,,,
1862,,80501,{11=1.1},2,<3.51;2.98>,<1.39;1.54>,<1.39;1.54>,<1.84;1.58>,<1.84;1.58>,<0.98;0.98>,,,,,,
1863,,80501,{11=1.1},3,<3.51;2.98>,<1.39;1.54>,<1.39;1.54>,<1.84;1.58>,<1.84;1.58>,<0.98;0.98>,,,,,,
1864,,80501,{11=1.1},4,<3.51;2.98>,<1.39;1.54>,<1.39;1.54>,<1.84;1.58>,<1.84;1.58>,<0.98;0.98>,,,,,,
1865,,80501,{11=1.1},5,<3.51;2.98>,<1.39;1.54>,<1.39;1.54>,<1.84;1.58>,<1.84;1.58>,<0.98;0.98>,,,,,,
1866,,80501,{11=1.1},6,<3.51;2.98>,<1.39;1.54>,<1.39;1.54>,<1.84;1.58>,<1.84;1.58>,<0.98;0.98>,,,,,,
1867,,80501,{11=1.1},7,<3.51;2.98>,<1.39;1.54>,<1.39;1.54>,<1.84;1.58>,<1.84;1.58>,<0.98;0.98>,,,,,,
1868,,80501,{11=1.1},8,<3.51;2.98>,<1.39;1.54>,<1.39;1.54>,<1.84;1.58>,<1.84;1.58>,<0.98;0.98>,,,,,,
1869,,80501,{11=1.1},9,<3.51;2.98>,<1.39;1.54>,<1.39;1.54>,<1.84;1.58>,<1.84;1.58>,<0.98;0.98>,,,,,,
1870,,80501,{11=1.1},10,<3.51;2.98>,<1.39;1.54>,<1.39;1.54>,<1.84;1.58>,<1.84;1.58>,<0.98;0.98>,,,,,,
1871,,80501,{11=1.1},11,<3.51;2.98>,<1.39;1.54>,<1.39;1.54>,<1.84;1.58>,<1.84;1.58>,<0.98;0.98>,,,,,,
1872,,80501,{11=1.1},12,<3.51;2.98>,<1.39;1.54>,<1.39;1.54>,<1.84;1.58>,<1.84;1.58>,<0.98;0.98>,,,,,,
1873,,80502,{11=1.1},1,<3.08;2.62>,<1.22;1.36>,<1.22;1.36>,<1.62;1.39>,<1.62;1.39>,<0.95;0.95>,,,,,,
1874,,80502,{11=1.1},2,<3.08;2.62>,<1.22;1.36>,<1.22;1.36>,<1.62;1.39>,<1.62;1.39>,<0.95;0.95>,,,,,,
1875,,80502,{11=1.1},3,<3.08;2.62>,<1.22;1.36>,<1.22;1.36>,<1.62;1.39>,<1.62;1.39>,<0.95;0.95>,,,,,,
1876,,80502,{11=1.1},4,<3.08;2.62>,<1.22;1.36>,<1.22;1.36>,<1.62;1.39>,<1.62;1.39>,<0.95;0.95>,,,,,,
1877,,80502,{11=1.1},5,<3.08;2.62>,<1.22;1.36>,<1.22;1.36>,<1.62;1.39>,<1.62;1.39>,<0.95;0.95>,,,,,,
1878,,80502,{11=1.1},6,<3.08;2.62>,<1.22;1.36>,<1.22;1.36>,<1.62;1.39>,<1.62;1.39>,<0.95;0.95>,,,,,,
1879,,80502,{11=1.1},7,<3.08;2.62>,<1.22;1.36>,<1.22;1.36>,<1.62;1.39>,<1.62;1.39>,<0.95;0.95>,,,,,,
1880,,80502,{11=1.1},8,<3.08;2.62>,<1.22;1.36>,<1.22;1.36>,<1.62;1.39>,<1.62;1.39>,<0.95;0.95>,,,,,,
1881,,80502,{11=1.1},9,<3.08;2.62>,<1.22;1.36>,<1.22;1.36>,<1.62;1.39>,<1.62;1.39>,<0.95;0.95>,,,,,,
1882,,80502,{11=1.1},10,<3.08;2.62>,<1.22;1.36>,<1.22;1.36>,<1.62;1.39>,<1.62;1.39>,<0.95;0.95>,,,,,,
1883,,80502,{11=1.1},11,<3.08;2.62>,<1.22;1.36>,<1.22;1.36>,<1.62;1.39>,<1.62;1.39>,<0.95;0.95>,,,,,,
1884,,80502,{11=1.1},12,<3.08;2.62>,<1.22;1.36>,<1.22;1.36>,<1.62;1.39>,<1.62;1.39>,<0.95;0.95>,,,,,,
1885,,80503,{11=1.1},1,<3.08;2.62>,<1.22;1.36>,<1.22;1.36>,<1.62;1.39>,<1.62;1.39>,<0.95;0.95>,,,,,,
1886,,80503,{11=1.1},2,<3.08;2.62>,<1.22;1.36>,<1.22;1.36>,<1.62;1.39>,<1.62;1.39>,<0.95;0.95>,,,,,,
1887,,80503,{11=1.1},3,<3.08;2.62>,<1.22;1.36>,<1.22;1.36>,<1.62;1.39>,<1.62;1.39>,<0.95;0.95>,,,,,,
1888,,80503,{11=1.1},4,<3.08;2.62>,<1.22;1.36>,<1.22;1.36>,<1.62;1.39>,<1.62;1.39>,<0.95;0.95>,,,,,,
1889,,80503,{11=1.1},5,<3.08;2.62>,<1.22;1.36>,<1.22;1.36>,<1.62;1.39>,<1.62;1.39>,<0.95;0.95>,,,,,,
1890,,80503,{11=1.1},6,<3.08;2.62>,<1.22;1.36>,<1.22;1.36>,<1.62;1.39>,<1.62;1.39>,<0.95;0.95>,,,,,,
1891,,80503,{11=1.1},7,<3.08;2.62>,<1.22;1.36>,<1.22;1.36>,<1.62;1.39>,<1.62;1.39>,<0.95;0.95>,,,,,,
1892,,80503,{11=1.1},8,<3.08;2.62>,<1.22;1.36>,<1.22;1.36>,<1.62;1.39>,<1.62;1.39>,<0.95;0.95>,,,,,,
1893,,80503,{11=1.1},9,<3.08;2.62>,<1.22;1.36>,<1.22;1.36>,<1.62;1.39>,<1.62;1.39>,<0.95;0.95>,,,,,,
1894,,80503,{11=1.1},10,<3.08;2.62>,<1.22;1.36>,<1.22;1.36>,<1.62;1.39>,<1.62;1.39>,<0.95;0.95>,,,,,,
1895,,80503,{11=1.1},11,<3.08;2.62>,<1.22;1.36>,<1.22;1.36>,<1.62;1.39>,<1.62;1.39>,<0.95;0.95>,,,,,,
1896,,80503,{11=1.1},12,<3.08;2.62>,<1.22;1.36>,<1.22;1.36>,<1.62;1.39>,<1.62;1.39>,<0.95;0.95>,,,,,,
1897,,80504,,1,<3.08;2.62>,<1.22;1.36>,<1.22;1.36>,<1.62;1.39>,<1.62;1.39>,<0.95;0.95>,,,,,,
1898,,80504,,2,<3.08;2.62>,<1.22;1.36>,<1.22;1.36>,<1.62;1.39>,<1.62;1.39>,<0.95;0.95>,,,,,,
1899,,80504,,3,<3.08;2.62>,<1.22;1.36>,<1.22;1.36>,<1.62;1.39>,<1.62;1.39>,<0.95;0.95>,,,,,,
1900,,80504,,4,<3.08;2.62>,<1.22;1.36>,<1.22;1.36>,<1.62;1.39>,<1.62;1.39>,<0.95;0.95>,,,,,,
1901,,80504,,5,<3.08;2.62>,<1.22;1.36>,<1.22;1.36>,<1.62;1.39>,<1.62;1.39>,<0.95;0.95>,,,,,,
1902,,80504,,6,<3.08;2.62>,<1.22;1.36>,<1.22;1.36>,<1.62;1.39>,<1.62;1.39>,<0.95;0.95>,,,,,,
1903,,80504,,7,<3.08;2.62>,<1.22;1.36>,<1.22;1.36>,<1.62;1.39>,<1.62;1.39>,<0.95;0.95>,,,,,,
1904,,80504,,8,<3.08;2.62>,<1.22;1.36>,<1.22;1.36>,<1.62;1.39>,<1.62;1.39>,<0.95;0.95>,,,,,,
1905,,80504,,9,<3.08;2.62>,<1.22;1.36>,<1.22;1.36>,<1.62;1.39>,<1.62;1.39>,<0.95;0.95>,,,,,,
1906,,80504,,10,<3.08;2.62>,<1.22;1.36>,<1.22;1.36>,<1.62;1.39>,<1.62;1.39>,<0.95;0.95>,,,,,,
1907,,80504,,11,<3.08;2.62>,<1.22;1.36>,<1.22;1.36>,<1.62;1.39>,<1.62;1.39>,<0.95;0.95>,,,,,,
1908,,80504,,12,<3.08;2.62>,<1.22;1.36>,<1.22;1.36>,<1.62;1.39>,<1.62;1.39>,<0.95;0.95>,,,,,,
1909,,80505,,1,<3.08;2.62>,<1.22;1.36>,<1.22;1.36>,<1.62;1.39>,<1.62;1.39>,<0.95;0.95>,,,,,,
1910,,80505,,2,<3.08;2.62>,<1.22;1.36>,<1.22;1.36>,<1.62;1.39>,<1.62;1.39>,<0.95;0.95>,,,,,,
1911,,80505,,3,<3.08;2.62>,<1.22;1.36>,<1.22;1.36>,<1.62;1.39>,<1.62;1.39>,<0.95;0.95>,,,,,,
1912,,80505,,4,<3.08;2.62>,<1.22;1.36>,<1.22;1.36>,<1.62;1.39>,<1.62;1.39>,<0.95;0.95>,,,,,,
1913,,80505,,5,<3.08;2.62>,<1.22;1.36>,<1.22;1.36>,<1.62;1.39>,<1.62;1.39>,<0.95;0.95>,,,,,,
1914,,80505,,6,<3.08;2.62>,<1.22;1.36>,<1.22;1.36>,<1.62;1.39>,<1.62;1.39>,<0.95;0.95>,,,,,,
1915,,80505,,7,<3.08;2.62>,<1.22;1.36>,<1.22;1.36>,<1.62;1.39>,<1.62;1.39>,<0.95;0.95>,,,,,,
1916,,80505,,8,<3.08;2.62>,<1.22;1.36>,<1.22;1.36>,<1.62;1.39>,<1.62;1.39>,<0.95;0.95>,,,,,,
1917,,80505,,9,<3.08;2.62>,<1.22;1.36>,<1.22;1.36>,<1.62;1.39>,<1.62;1.39>,<0.95;0.95>,,,,,,
1918,,80505,,10,<3.08;2.62>,<1.22;1.36>,<1.22;1.36>,<1.62;1.39>,<1.62;1.39>,<0.95;0.95>,,,,,,
1919,,80505,,11,<3.08;2.62>,<1.22;1.36>,<1.22;1.36>,<1.62;1.39>,<1.62;1.39>,<0.95;0.95>,,,,,,
1920,,80505,,12,<3.08;2.62>,<1.22;1.36>,<1.22;1.36>,<1.62;1.39>,<1.62;1.39>,<0.95;0.95>,,,,,,
1921,,80506,,1,<3.08;2.62>,<1.22;1.36>,<1.22;1.36>,<1.62;1.39>,<1.62;1.39>,<0.95;0.95>,,,,,,
1922,,80506,,2,<3.08;2.62>,<1.22;1.36>,<1.22;1.36>,<1.62;1.39>,<1.62;1.39>,<0.95;0.95>,,,,,,
1923,,80506,,3,<3.08;2.62>,<1.22;1.36>,<1.22;1.36>,<1.62;1.39>,<1.62;1.39>,<0.95;0.95>,,,,,,
1924,,80506,,4,<3.08;2.62>,<1.22;1.36>,<1.22;1.36>,<1.62;1.39>,<1.62;1.39>,<0.95;0.95>,,,,,,
1925,,80506,,5,<3.08;2.62>,<1.22;1.36>,<1.22;1.36>,<1.62;1.39>,<1.62;1.39>,<0.95;0.95>,,,,,,
1926,,80506,,6,<3.08;2.62>,<1.22;1.36>,<1.22;1.36>,<1.62;1.39>,<1.62;1.39>,<0.95;0.95>,,,,,,
1927,,80506,,7,<3.08;2.62>,<1.22;1.36>,<1.22;1.36>,<1.62;1.39>,<1.62;1.39>,<0.95;0.95>,,,,,,
1928,,80506,,8,<3.08;2.62>,<1.22;1.36>,<1.22;1.36>,<1.62;1.39>,<1.62;1.39>,<0.95;0.95>,,,,,,
1929,,80506,,9,<3.08;2.62>,<1.22;1.36>,<1.22;1.36>,<1.62;1.39>,<1.62;1.39>,<0.95;0.95>,,,,,,
1930,,80506,,10,<3.08;2.62>,<1.22;1.36>,<1.22;1.36>,<1.62;1.39>,<1.62;1.39>,<0.95;0.95>,,,,,,
1931,,80506,,11,<3.08;2.62>,<1.22;1.36>,<1.22;1.36>,<1.62;1.39>,<1.62;1.39>,<0.95;0.95>,,,,,,
1932,,80506,,12,<3.08;2.62>,<1.22;1.36>,<1.22;1.36>,<1.62;1.39>,<1.62;1.39>,<0.95;0.95>,,,,,,
1933,,80511,{11=1.1},1,<3.7;3.15>,<1.46;1.63>,<1.46;1.63>,<1.94;1.67>,<1.94;1.67>,<0.99;0.99>,,,,,,
1934,,80511,{11=1.1},2,<3.7;3.15>,<1.46;1.63>,<1.46;1.63>,<1.94;1.67>,<1.94;1.67>,<0.99;0.99>,,,,,,
1935,,80511,{11=1.1},3,<3.7;3.15>,<1.46;1.63>,<1.46;1.63>,<1.94;1.67>,<1.94;1.67>,<0.99;0.99>,,,,,,
1936,,80511,{11=1.1},4,<3.7;3.15>,<1.46;1.63>,<1.46;1.63>,<1.94;1.67>,<1.94;1.67>,<0.99;0.99>,,,,,,
1937,,80511,{11=1.1},5,<3.7;3.15>,<1.46;1.63>,<1.46;1.63>,<1.94;1.67>,<1.94;1.67>,<0.99;0.99>,,,,,,
1938,,80511,{11=1.1},6,<3.7;3.15>,<1.46;1.63>,<1.46;1.63>,<1.94;1.67>,<1.94;1.67>,<0.99;0.99>,,,,,,
1939,,80511,{11=1.1},7,<3.7;3.15>,<1.46;1.63>,<1.46;1.63>,<1.94;1.67>,<1.94;1.67>,<0.99;0.99>,,,,,,
1940,,80511,{11=1.1},8,<3.7;3.15>,<1.46;1.63>,<1.46;1.63>,<1.94;1.67>,<1.94;1.67>,<0.99;0.99>,,,,,,
1941,,80511,{11=1.1},9,<3.7;3.15>,<1.46;1.63>,<1.46;1.63>,<1.94;1.67>,<1.94;1.67>,<0.99;0.99>,,,,,,
1942,,80511,{11=1.1},10,<3.7;3.15>,<1.46;1.63>,<1.46;1.63>,<1.94;1.67>,<1.94;1.67>,<0.99;0.99>,,,,,,
1943,,80511,{11=1.1},11,<3.7;3.15>,<1.46;1.63>,<1.46;1.63>,<1.94;1.67>,<1.94;1.67>,<0.99;0.99>,,,,,,
1944,,80511,{11=1.1},12,<3.7;3.15>,<1.46;1.63>,<1.46;1.63>,<1.94;1.67>,<1.94;1.67>,<0.99;0.99>,,,,,,
1945,,80512,{11=1.1},1,<3.7;3.15>,<1.46;1.63>,<1.46;1.63>,<1.94;1.67>,<1.94;1.67>,<0.99;0.99>,,,,,,
1946,,80512,{11=1.1},2,<3.7;3.15>,<1.46;1.63>,<1.46;1.63>,<1.94;1.67>,<1.94;1.67>,<0.99;0.99>,,,,,,
1947,,80512,{11=1.1},3,<3.7;3.15>,<1.46;1.63>,<1.46;1.63>,<1.94;1.67>,<1.94;1.67>,<0.99;0.99>,,,,,,
1948,,80512,{11=1.1},4,<3.7;3.15>,<1.46;1.63>,<1.46;1.63>,<1.94;1.67>,<1.94;1.67>,<0.99;0.99>,,,,,,
1949,,80512,{11=1.1},5,<3.7;3.15>,<1.46;1.63>,<1.46;1.63>,<1.94;1.67>,<1.94;1.67>,<0.99;0.99>,,,,,,
1950,,80512,{11=1.1},6,<3.7;3.15>,<1.46;1.63>,<1.46;1.63>,<1.94;1.67>,<1.94;1.67>,<0.99;0.99>,,,,,,
1951,,80512,{11=1.1},7,<3.7;3.15>,<1.46;1.63>,<1.46;1.63>,<1.94;1.67>,<1.94;1.67>,<0.99;0.99>,,,,,,
1952,,80512,{11=1.1},8,<3.7;3.15>,<1.46;1.63>,<1.46;1.63>,<1.94;1.67>,<1.94;1.67>,<0.99;0.99>,,,,,,
1953,,80512,{11=1.1},9,<3.7;3.15>,<1.46;1.63>,<1.46;1.63>,<1.94;1.67>,<1.94;1.67>,<0.99;0.99>,,,,,,
1954,,80512,{11=1.1},10,<3.7;3.15>,<1.46;1.63>,<1.46;1.63>,<1.94;1.67>,<1.94;1.67>,<0.99;0.99>,,,,,,
1955,,80512,{11=1.1},11,<3.7;3.15>,<1.46;1.63>,<1.46;1.63>,<1.94;1.67>,<1.94;1.67>,<0.99;0.99>,,,,,,
1956,,80512,{11=1.1},12,<3.7;3.15>,<1.46;1.63>,<1.46;1.63>,<1.94;1.67>,<1.94;1.67>,<0.99;0.99>,,,,,,
1957,,80513,,1,<3.7;3.15>,<1.46;1.63>,<1.46;1.63>,<1.94;1.67>,<1.94;1.67>,<0.99;0.99>,,,,,,
1958,,80513,,2,<3.7;3.15>,<1.46;1.63>,<1.46;1.63>,<1.94;1.67>,<1.94;1.67>,<0.99;0.99>,,,,,,
1959,,80513,,3,<3.7;3.15>,<1.46;1.63>,<1.46;1.63>,<1.94;1.67>,<1.94;1.67>,<0.99;0.99>,,,,,,
1960,,80513,,4,<3.7;3.15>,<1.46;1.63>,<1.46;1.63>,<1.94;1.67>,<1.94;1.67>,<0.99;0.99>,,,,,,
1961,,80513,,5,<3.7;3.15>,<1.46;1.63>,<1.46;1.63>,<1.94;1.67>,<1.94;1.67>,<0.99;0.99>,,,,,,
1962,,80513,,6,<3.7;3.15>,<1.46;1.63>,<1.46;1.63>,<1.94;1.67>,<1.94;1.67>,<0.99;0.99>,,,,,,
1963,,80513,,7,<3.7;3.15>,<1.46;1.63>,<1.46;1.63>,<1.94;1.67>,<1.94;1.67>,<0.99;0.99>,,,,,,
1964,,80513,,8,<3.7;3.15>,<1.46;1.63>,<1.46;1.63>,<1.94;1.67>,<1.94;1.67>,<0.99;0.99>,,,,,,
1965,,80513,,9,<3.7;3.15>,<1.46;1.63>,<1.46;1.63>,<1.94;1.67>,<1.94;1.67>,<0.99;0.99>,,,,,,
1966,,80513,,10,<3.7;3.15>,<1.46;1.63>,<1.46;1.63>,<1.94;1.67>,<1.94;1.67>,<0.99;0.99>,,,,,,
1967,,80513,,11,<3.7;3.15>,<1.46;1.63>,<1.46;1.63>,<1.94;1.67>,<1.94;1.67>,<0.99;0.99>,,,,,,
1968,,80513,,12,<3.7;3.15>,<1.46;1.63>,<1.46;1.63>,<1.94;1.67>,<1.94;1.67>,<0.99;0.99>,,,,,,
1969,,80514,,1,<3.7;3.15>,<1.46;1.63>,<1.46;1.63>,<1.94;1.67>,<1.94;1.67>,<0.99;0.99>,,,,,,
1970,,80514,,2,<3.7;3.15>,<1.46;1.63>,<1.46;1.63>,<1.94;1.67>,<1.94;1.67>,<0.99;0.99>,,,,,,
1971,,80514,,3,<3.7;3.15>,<1.46;1.63>,<1.46;1.63>,<1.94;1.67>,<1.94;1.67>,<0.99;0.99>,,,,,,
1972,,80514,,4,<3.7;3.15>,<1.46;1.63>,<1.46;1.63>,<1.94;1.67>,<1.94;1.67>,<0.99;0.99>,,,,,,
1973,,80514,,5,<3.7;3.15>,<1.46;1.63>,<1.46;1.63>,<1.94;1.67>,<1.94;1.67>,<0.99;0.99>,,,,,,
1974,,80514,,6,<3.7;3.15>,<1.46;1.63>,<1.46;1.63>,<1.94;1.67>,<1.94;1.67>,<0.99;0.99>,,,,,,
1975,,80514,,7,<3.7;3.15>,<1.46;1.63>,<1.46;1.63>,<1.94;1.67>,<1.94;1.67>,<0.99;0.99>,,,,,,
1976,,80514,,8,<3.7;3.15>,<1.46;1.63>,<1.46;1.63>,<1.94;1.67>,<1.94;1.67>,<0.99;0.99>,,,,,,
1977,,80514,,9,<3.7;3.15>,<1.46;1.63>,<1.46;1.63>,<1.94;1.67>,<1.94;1.67>,<0.99;0.99>,,,,,,
1978,,80514,,10,<3.7;3.15>,<1.46;1.63>,<1.46;1.63>,<1.94;1.67>,<1.94;1.67>,<0.99;0.99>,,,,,,
1979,,80514,,11,<3.7;3.15>,<1.46;1.63>,<1.46;1.63>,<1.94;1.67>,<1.94;1.67>,<0.99;0.99>,,,,,,
1980,,80514,,12,<3.7;3.15>,<1.46;1.63>,<1.46;1.63>,<1.94;1.67>,<1.94;1.67>,<0.99;0.99>,,,,,,
1981,,80515,,1,<3.7;3.15>,<1.46;1.63>,<1.46;1.63>,<1.94;1.67>,<1.94;1.67>,<0.99;0.99>,,,,,,
1982,,80515,,2,<3.7;3.15>,<1.46;1.63>,<1.46;1.63>,<1.94;1.67>,<1.94;1.67>,<0.99;0.99>,,,,,,
1983,,80515,,3,<3.7;3.15>,<1.46;1.63>,<1.46;1.63>,<1.94;1.67>,<1.94;1.67>,<0.99;0.99>,,,,,,
1984,,80515,,4,<3.7;3.15>,<1.46;1.63>,<1.46;1.63>,<1.94;1.67>,<1.94;1.67>,<0.99;0.99>,,,,,,
1985,,80515,,5,<3.7;3.15>,<1.46;1.63>,<1.46;1.63>,<1.94;1.67>,<1.94;1.67>,<0.99;0.99>,,,,,,
1986,,80515,,6,<3.7;3.15>,<1.46;1.63>,<1.46;1.63>,<1.94;1.67>,<1.94;1.67>,<0.99;0.99>,,,,,,
1987,,80515,,7,<3.7;3.15>,<1.46;1.63>,<1.46;1.63>,<1.94;1.67>,<1.94;1.67>,<0.99;0.99>,,,,,,
1988,,80515,,8,<3.7;3.15>,<1.46;1.63>,<1.46;1.63>,<1.94;1.67>,<1.94;1.67>,<0.99;0.99>,,,,,,
1989,,80515,,9,<3.7;3.15>,<1.46;1.63>,<1.46;1.63>,<1.94;1.67>,<1.94;1.67>,<0.99;0.99>,,,,,,
1990,,80515,,10,<3.7;3.15>,<1.46;1.63>,<1.46;1.63>,<1.94;1.67>,<1.94;1.67>,<0.99;0.99>,,,,,,
1991,,80515,,11,<3.7;3.15>,<1.46;1.63>,<1.46;1.63>,<1.94;1.67>,<1.94;1.67>,<0.99;0.99>,,,,,,
1992,,80515,,12,<3.7;3.15>,<1.46;1.63>,<1.46;1.63>,<1.94;1.67>,<1.94;1.67>,<0.99;0.99>,,,,,,
1993,,80516,,1,<3.7;3.15>,<1.46;1.63>,<1.46;1.63>,<1.94;1.67>,<1.94;1.67>,<0.99;0.99>,,,,,,
1994,,80516,,2,<3.7;3.15>,<1.46;1.63>,<1.46;1.63>,<1.94;1.67>,<1.94;1.67>,<0.99;0.99>,,,,,,
1995,,80516,,3,<3.7;3.15>,<1.46;1.63>,<1.46;1.63>,<1.94;1.67>,<1.94;1.67>,<0.99;0.99>,,,,,,
1996,,80516,,4,<3.7;3.15>,<1.46;1.63>,<1.46;1.63>,<1.94;1.67>,<1.94;1.67>,<0.99;0.99>,,,,,,
1997,,80516,,5,<3.7;3.15>,<1.46;1.63>,<1.46;1.63>,<1.94;1.67>,<1.94;1.67>,<0.99;0.99>,,,,,,
1998,,80516,,6,<3.7;3.15>,<1.46;1.63>,<1.46;1.63>,<1.94;1.67>,<1.94;1.67>,<0.99;0.99>,,,,,,
1999,,80516,,7,<3.7;3.15>,<1.46;1.63>,<1.46;1.63>,<1.94;1.67>,<1.94;1.67>,<0.99;0.99>,,,,,,
2000,,80516,,8,<3.7;3.15>,<1.46;1.63>,<1.46;1.63>,<1.94;1.67>,<1.94;1.67>,<0.99;0.99>,,,,,,
2001,,80516,,9,<3.7;3.15>,<1.46;1.63>,<1.46;1.63>,<1.94;1.67>,<1.94;1.67>,<0.99;0.99>,,,,,,
2002,,80516,,10,<3.7;3.15>,<1.46;1.63>,<1.46;1.63>,<1.94;1.67>,<1.94;1.67>,<0.99;0.99>,,,,,,
2003,,80516,,11,<3.7;3.15>,<1.46;1.63>,<1.46;1.63>,<1.94;1.67>,<1.94;1.67>,<0.99;0.99>,,,,,,
2004,,80516,,12,<3.7;3.15>,<1.46;1.63>,<1.46;1.63>,<1.94;1.67>,<1.94;1.67>,<0.99;0.99>,,,,,,
2005,,80521,{11=1.1},1,<3.7;3.15>,<1.46;1.63>,<1.46;1.63>,<1.94;1.67>,<1.94;1.67>,<0.99;0.99>,,,,,,
2006,,80521,{11=1.1},2,<3.7;3.15>,<1.46;1.63>,<1.46;1.63>,<1.94;1.67>,<1.94;1.67>,<0.99;0.99>,,,,,,
2007,,80521,{11=1.1},3,<3.7;3.15>,<1.46;1.63>,<1.46;1.63>,<1.94;1.67>,<1.94;1.67>,<0.99;0.99>,,,,,,
2008,,80521,{11=1.1},4,<3.7;3.15>,<1.46;1.63>,<1.46;1.63>,<1.94;1.67>,<1.94;1.67>,<0.99;0.99>,,,,,,
2009,,80521,{11=1.1},5,<3.7;3.15>,<1.46;1.63>,<1.46;1.63>,<1.94;1.67>,<1.94;1.67>,<0.99;0.99>,,,,,,
2010,,80521,{11=1.1},6,<3.7;3.15>,<1.46;1.63>,<1.46;1.63>,<1.94;1.67>,<1.94;1.67>,<0.99;0.99>,,,,,,
2011,,80521,{11=1.1},7,<3.7;3.15>,<1.46;1.63>,<1.46;1.63>,<1.94;1.67>,<1.94;1.67>,<0.99;0.99>,,,,,,
2012,,80521,{11=1.1},8,<3.7;3.15>,<1.46;1.63>,<1.46;1.63>,<1.94;1.67>,<1.94;1.67>,<0.99;0.99>,,,,,,
2013,,80521,{11=1.1},9,<3.7;3.15>,<1.46;1.63>,<1.46;1.63>,<1.94;1.67>,<1.94;1.67>,<0.99;0.99>,,,,,,
2014,,80521,{11=1.1},10,<3.7;3.15>,<1.46;1.63>,<1.46;1.63>,<1.94;1.67>,<1.94;1.67>,<0.99;0.99>,,,,,,
2015,,80521,{11=1.1},11,<3.7;3.15>,<1.46;1.63>,<1.46;1.63>,<1.94;1.67>,<1.94;1.67>,<0.99;0.99>,,,,,,
2016,,80521,{11=1.1},12,<3.7;3.15>,<1.46;1.63>,<1.46;1.63>,<1.94;1.67>,<1.94;1.67>,<0.99;0.99>,,,,,,
2017,,80522,{11=1.1},1,<3.7;3.15>,<1.46;1.63>,<1.46;1.63>,<1.94;1.67>,<1.94;1.67>,<0.99;0.99>,,,,,,
2018,,80522,{11=1.1},2,<3.7;3.15>,<1.46;1.63>,<1.46;1.63>,<1.94;1.67>,<1.94;1.67>,<0.99;0.99>,,,,,,
2019,,80522,{11=1.1},3,<3.7;3.15>,<1.46;1.63>,<1.46;1.63>,<1.94;1.67>,<1.94;1.67>,<0.99;0.99>,,,,,,
2020,,80522,{11=1.1},4,<3.7;3.15>,<1.46;1.63>,<1.46;1.63>,<1.94;1.67>,<1.94;1.67>,<0.99;0.99>,,,,,,
2021,,80522,{11=1.1},5,<3.7;3.15>,<1.46;1.63>,<1.46;1.63>,<1.94;1.67>,<1.94;1.67>,<0.99;0.99>,,,,,,
2022,,80522,{11=1.1},6,<3.7;3.15>,<1.46;1.63>,<1.46;1.63>,<1.94;1.67>,<1.94;1.67>,<0.99;0.99>,,,,,,
2023,,80522,{11=1.1},7,<3.7;3.15>,<1.46;1.63>,<1.46;1.63>,<1.94;1.67>,<1.94;1.67>,<0.99;0.99>,,,,,,
2024,,80522,{11=1.1},8,<3.7;3.15>,<1.46;1.63>,<1.46;1.63>,<1.94;1.67>,<1.94;1.67>,<0.99;0.99>,,,,,,
2025,,80522,{11=1.1},9,<3.7;3.15>,<1.46;1.63>,<1.46;1.63>,<1.94;1.67>,<1.94;1.67>,<0.99;0.99>,,,,,,
2026,,80522,{11=1.1},10,<3.7;3.15>,<1.46;1.63>,<1.46;1.63>,<1.94;1.67>,<1.94;1.67>,<0.99;0.99>,,,,,,
2027,,80522,{11=1.1},11,<3.7;3.15>,<1.46;1.63>,<1.46;1.63>,<1.94;1.67>,<1.94;1.67>,<0.99;0.99>,,,,,,
2028,,80522,{11=1.1},12,<3.7;3.15>,<1.46;1.63>,<1.46;1.63>,<1.94;1.67>,<1.94;1.67>,<0.99;0.99>,,,,,,
2029,,80523,{11=1.1},1,<3.7;3.15>,<1.46;1.63>,<1.46;1.63>,<1.94;1.67>,<1.94;1.67>,<0.99;0.99>,,,,,,
2030,,80523,{11=1.1},2,<3.7;3.15>,<1.46;1.63>,<1.46;1.63>,<1.94;1.67>,<1.94;1.67>,<0.99;0.99>,,,,,,
2031,,80523,{11=1.1},3,<3.7;3.15>,<1.46;1.63>,<1.46;1.63>,<1.94;1.67>,<1.94;1.67>,<0.99;0.99>,,,,,,
2032,,80523,{11=1.1},4,<3.7;3.15>,<1.46;1.63>,<1.46;1.63>,<1.94;1.67>,<1.94;1.67>,<0.99;0.99>,,,,,,
2033,,80523,{11=1.1},5,<3.7;3.15>,<1.46;1.63>,<1.46;1.63>,<1.94;1.67>,<1.94;1.67>,<0.99;0.99>,,,,,,
2034,,80523,{11=1.1},6,<3.7;3.15>,<1.46;1.63>,<1.46;1.63>,<1.94;1.67>,<1.94;1.67>,<0.99;0.99>,,,,,,
2035,,80523,{11=1.1},7,<3.7;3.15>,<1.46;1.63>,<1.46;1.63>,<1.94;1.67>,<1.94;1.67>,<0.99;0.99>,,,,,,
2036,,80523,{11=1.1},8,<3.7;3.15>,<1.46;1.63>,<1.46;1.63>,<1.94;1.67>,<1.94;1.67>,<0.99;0.99>,,,,,,
2037,,80523,{11=1.1},9,<3.7;3.15>,<1.46;1.63>,<1.46;1.63>,<1.94;1.67>,<1.94;1.67>,<0.99;0.99>,,,,,,
2038,,80523,{11=1.1},10,<3.7;3.15>,<1.46;1.63>,<1.46;1.63>,<1.94;1.67>,<1.94;1.67>,<0.99;0.99>,,,,,,
2039,,80523,{11=1.1},11,<3.7;3.15>,<1.46;1.63>,<1.46;1.63>,<1.94;1.67>,<1.94;1.67>,<0.99;0.99>,,,,,,
2040,,80523,{11=1.1},12,<3.7;3.15>,<1.46;1.63>,<1.46;1.63>,<1.94;1.67>,<1.94;1.67>,<0.99;0.99>,,,,,,
2041,,80524,{7=1},1,<3.7;3.15>,<1.46;1.63>,<1.46;1.63>,<1.94;1.67>,<1.94;1.67>,<0.99;0.99>,,,,,,
2042,,80524,{7=1},2,<3.7;3.15>,<1.46;1.63>,<1.46;1.63>,<1.94;1.67>,<1.94;1.67>,<0.99;0.99>,,,,,,
2043,,80524,{7=1},3,<3.7;3.15>,<1.46;1.63>,<1.46;1.63>,<1.94;1.67>,<1.94;1.67>,<0.99;0.99>,,,,,,
2044,,80524,{7=1},4,<3.7;3.15>,<1.46;1.63>,<1.46;1.63>,<1.94;1.67>,<1.94;1.67>,<0.99;0.99>,,,,,,
2045,,80524,{7=1},5,<3.7;3.15>,<1.46;1.63>,<1.46;1.63>,<1.94;1.67>,<1.94;1.67>,<0.99;0.99>,,,,,,
2046,,80524,{7=1},6,<3.7;3.15>,<1.46;1.63>,<1.46;1.63>,<1.94;1.67>,<1.94;1.67>,<0.99;0.99>,,,,,,
2047,,80524,{7=1},7,<3.7;3.15>,<1.46;1.63>,<1.46;1.63>,<1.94;1.67>,<1.94;1.67>,<0.99;0.99>,,,,,,
2048,,80524,{7=1},8,<3.7;3.15>,<1.46;1.63>,<1.46;1.63>,<1.94;1.67>,<1.94;1.67>,<0.99;0.99>,,,,,,
2049,,80524,{7=1},9,<3.7;3.15>,<1.46;1.63>,<1.46;1.63>,<1.94;1.67>,<1.94;1.67>,<0.99;0.99>,,,,,,
2050,,80524,{7=1},10,<3.7;3.15>,<1.46;1.63>,<1.46;1.63>,<1.94;1.67>,<1.94;1.67>,<0.99;0.99>,,,,,,
2051,,80524,{7=1},11,<3.7;3.15>,<1.46;1.63>,<1.46;1.63>,<1.94;1.67>,<1.94;1.67>,<0.99;0.99>,,,,,,
2052,,80524,{7=1},12,<3.7;3.15>,<1.46;1.63>,<1.46;1.63>,<1.94;1.67>,<1.94;1.67>,<0.99;0.99>,,,,,,
2053,,80525,,1,<3.7;3.15>,<1.46;1.63>,<1.46;1.63>,<1.94;1.67>,<1.94;1.67>,<0.99;0.99>,,,,,,
2054,,80525,,2,<3.7;3.15>,<1.46;1.63>,<1.46;1.63>,<1.94;1.67>,<1.94;1.67>,<0.99;0.99>,,,,,,
2055,,80525,,3,<3.7;3.15>,<1.46;1.63>,<1.46;1.63>,<1.94;1.67>,<1.94;1.67>,<0.99;0.99>,,,,,,
2056,,80525,,4,<3.7;3.15>,<1.46;1.63>,<1.46;1.63>,<1.94;1.67>,<1.94;1.67>,<0.99;0.99>,,,,,,
2057,,80525,,5,<3.7;3.15>,<1.46;1.63>,<1.46;1.63>,<1.94;1.67>,<1.94;1.67>,<0.99;0.99>,,,,,,
2058,,80525,,6,<3.7;3.15>,<1.46;1.63>,<1.46;1.63>,<1.94;1.67>,<1.94;1.67>,<0.99;0.99>,,,,,,
2059,,80525,,7,<3.7;3.15>,<1.46;1.63>,<1.46;1.63>,<1.94;1.67>,<1.94;1.67>,<0.99;0.99>,,,,,,
2060,,80525,,8,<3.7;3.15>,<1.46;1.63>,<1.46;1.63>,<1.94;1.67>,<1.94;1.67>,<0.99;0.99>,,,,,,
2061,,80525,,9,<3.7;3.15>,<1.46;1.63>,<1.46;1.63>,<1.94;1.67>,<1.94;1.67>,<0.99;0.99>,,,,,,
2062,,80525,,10,<3.7;3.15>,<1.46;1.63>,<1.46;1.63>,<1.94;1.67>,<1.94;1.67>,<0.99;0.99>,,,,,,
2063,,80525,,11,<3.7;3.15>,<1.46;1.63>,<1.46;1.63>,<1.94;1.67>,<1.94;1.67>,<0.99;0.99>,,,,,,
2064,,80525,,12,<3.7;3.15>,<1.46;1.63>,<1.46;1.63>,<1.94;1.67>,<1.94;1.67>,<0.99;0.99>,,,,,,
2065,,80526,,1,<3.7;3.15>,<1.46;1.63>,<1.46;1.63>,<1.94;1.67>,<1.94;1.67>,<0.99;0.99>,,,,,,
2066,,80526,,2,<3.7;3.15>,<1.46;1.63>,<1.46;1.63>,<1.94;1.67>,<1.94;1.67>,<0.99;0.99>,,,,,,
2067,,80526,,3,<3.7;3.15>,<1.46;1.63>,<1.46;1.63>,<1.94;1.67>,<1.94;1.67>,<0.99;0.99>,,,,,,
2068,,80526,,4,<3.7;3.15>,<1.46;1.63>,<1.46;1.63>,<1.94;1.67>,<1.94;1.67>,<0.99;0.99>,,,,,,
2069,,80526,,5,<3.7;3.15>,<1.46;1.63>,<1.46;1.63>,<1.94;1.67>,<1.94;1.67>,<0.99;0.99>,,,,,,
2070,,80526,,6,<3.7;3.15>,<1.46;1.63>,<1.46;1.63>,<1.94;1.67>,<1.94;1.67>,<0.99;0.99>,,,,,,
2071,,80526,,7,<3.7;3.15>,<1.46;1.63>,<1.46;1.63>,<1.94;1.67>,<1.94;1.67>,<0.99;0.99>,,,,,,
2072,,80526,,8,<3.7;3.15>,<1.46;1.63>,<1.46;1.63>,<1.94;1.67>,<1.94;1.67>,<0.99;0.99>,,,,,,
2073,,80526,,9,<3.7;3.15>,<1.46;1.63>,<1.46;1.63>,<1.94;1.67>,<1.94;1.67>,<0.99;0.99>,,,,,,
2074,,80526,,10,<3.7;3.15>,<1.46;1.63>,<1.46;1.63>,<1.94;1.67>,<1.94;1.67>,<0.99;0.99>,,,,,,
2075,,80526,,11,<3.7;3.15>,<1.46;1.63>,<1.46;1.63>,<1.94;1.67>,<1.94;1.67>,<0.99;0.99>,,,,,,
2076,,80526,,12,<3.7;3.15>,<1.46;1.63>,<1.46;1.63>,<1.94;1.67>,<1.94;1.67>,<0.99;0.99>,,,,,,
2077,,80531,{11=1.1},1,<1.3;1.1>,<0.51;0.57>,<0.51;0.57>,<0.68;0.58>,<0.68;0.58>,<0.88;0.88>,,,,,,
2078,,80531,{11=1.1},2,<1.3;1.1>,<0.51;0.57>,<0.51;0.57>,<0.68;0.58>,<0.68;0.58>,<0.88;0.88>,,,,,,
2079,,80531,{11=1.1},3,<1.3;1.1>,<0.51;0.57>,<0.51;0.57>,<0.68;0.58>,<0.68;0.58>,<0.88;0.88>,,,,,,
2080,,80531,{11=1.1},4,<1.3;1.1>,<0.51;0.57>,<0.51;0.57>,<0.68;0.58>,<0.68;0.58>,<0.88;0.88>,,,,,,
2081,,80531,{11=1.1},5,<1.3;1.1>,<0.51;0.57>,<0.51;0.57>,<0.68;0.58>,<0.68;0.58>,<0.88;0.88>,,,,,,
2082,,80531,{11=1.1},6,<1.3;1.1>,<0.51;0.57>,<0.51;0.57>,<0.68;0.58>,<0.68;0.58>,<0.88;0.88>,,,,,,
2083,,80531,{11=1.1},7,<1.3;1.1>,<0.51;0.57>,<0.51;0.57>,<0.68;0.58>,<0.68;0.58>,<0.88;0.88>,,,,,,
2084,,80531,{11=1.1},8,<1.3;1.1>,<0.51;0.57>,<0.51;0.57>,<0.68;0.58>,<0.68;0.58>,<0.88;0.88>,,,,,,
2085,,80531,{11=1.1},9,<1.3;1.1>,<0.51;0.57>,<0.51;0.57>,<0.68;0.58>,<0.68;0.58>,<0.88;0.88>,,,,,,
2086,,80531,{11=1.1},10,<1.3;1.1>,<0.51;0.57>,<0.51;0.57>,<0.68;0.58>,<0.68;0.58>,<0.88;0.88>,,,,,,
2087,,80531,{11=1.1},11,<1.3;1.1>,<0.51;0.57>,<0.51;0.57>,<0.68;0.58>,<0.68;0.58>,<0.88;0.88>,,,,,,
2088,,80531,{11=1.1},12,<1.3;1.1>,<0.51;0.57>,<0.51;0.57>,<0.68;0.58>,<0.68;0.58>,<0.88;0.88>,,,,,,
2089,,80532,{11=1.1},1,<1.3;1.1>,<0.51;0.57>,<0.51;0.57>,<0.68;0.58>,<0.68;0.58>,<0.88;0.88>,,,,,,
2090,,80532,{11=1.1},2,<1.3;1.1>,<0.51;0.57>,<0.51;0.57>,<0.68;0.58>,<0.68;0.58>,<0.88;0.88>,,,,,,
2091,,80532,{11=1.1},3,<1.3;1.1>,<0.51;0.57>,<0.51;0.57>,<0.68;0.58>,<0.68;0.58>,<0.88;0.88>,,,,,,
2092,,80532,{11=1.1},4,<1.3;1.1>,<0.51;0.57>,<0.51;0.57>,<0.68;0.58>,<0.68;0.58>,<0.88;0.88>,,,,,,
2093,,80532,{11=1.1},5,<1.3;1.1>,<0.51;0.57>,<0.51;0.57>,<0.68;0.58>,<0.68;0.58>,<0.88;0.88>,,,,,,
2094,,80532,{11=1.1},6,<1.3;1.1>,<0.51;0.57>,<0.51;0.57>,<0.68;0.58>,<0.68;0.58>,<0.88;0.88>,,,,,,
2095,,80532,{11=1.1},7,<1.3;1.1>,<0.51;0.57>,<0.51;0.57>,<0.68;0.58>,<0.68;0.58>,<0.88;0.88>,,,,,,
2096,,80532,{11=1.1},8,<1.3;1.1>,<0.51;0.57>,<0.51;0.57>,<0.68;0.58>,<0.68;0.58>,<0.88;0.88>,,,,,,
2097,,80532,{11=1.1},9,<1.3;1.1>,<0.51;0.57>,<0.51;0.57>,<0.68;0.58>,<0.68;0.58>,<0.88;0.88>,,,,,,
2098,,80532,{11=1.1},10,<1.3;1.1>,<0.51;0.57>,<0.51;0.57>,<0.68;0.58>,<0.68;0.58>,<0.88;0.88>,,,,,,
2099,,80532,{11=1.1},11,<1.3;1.1>,<0.51;0.57>,<0.51;0.57>,<0.68;0.58>,<0.68;0.58>,<0.88;0.88>,,,,,,
2100,,80532,{11=1.1},12,<1.3;1.1>,<0.51;0.57>,<0.51;0.57>,<0.68;0.58>,<0.68;0.58>,<0.88;0.88>,,,,,,
2101,,80533,{11=1},1,<1.3;1.1>,<0.51;0.57>,<0.51;0.57>,<0.68;0.58>,<0.68;0.58>,<0.88;0.88>,,,,,,
2102,,80533,{11=1},2,<1.3;1.1>,<0.51;0.57>,<0.51;0.57>,<0.68;0.58>,<0.68;0.58>,<0.88;0.88>,,,,,,
2103,,80533,{11=1},3,<1.3;1.1>,<0.51;0.57>,<0.51;0.57>,<0.68;0.58>,<0.68;0.58>,<0.88;0.88>,,,,,,
2104,,80533,{11=1},4,<1.3;1.1>,<0.51;0.57>,<0.51;0.57>,<0.68;0.58>,<0.68;0.58>,<0.88;0.88>,,,,,,
2105,,80533,{11=1},5,<1.3;1.1>,<0.51;0.57>,<0.51;0.57>,<0.68;0.58>,<0.68;0.58>,<0.88;0.88>,,,,,,
2106,,80533,{11=1},6,<1.3;1.1>,<0.51;0.57>,<0.51;0.57>,<0.68;0.58>,<0.68;0.58>,<0.88;0.88>,,,,,,
2107,,80533,{11=1},7,<1.3;1.1>,<0.51;0.57>,<0.51;0.57>,<0.68;0.58>,<0.68;0.58>,<0.88;0.88>,,,,,,
2108,,80533,{11=1},8,<1.3;1.1>,<0.51;0.57>,<0.51;0.57>,<0.68;0.58>,<0.68;0.58>,<0.88;0.88>,,,,,,
2109,,80533,{11=1},9,<1.3;1.1>,<0.51;0.57>,<0.51;0.57>,<0.68;0.58>,<0.68;0.58>,<0.88;0.88>,,,,,,
2110,,80533,{11=1},10,<1.3;1.1>,<0.51;0.57>,<0.51;0.57>,<0.68;0.58>,<0.68;0.58>,<0.88;0.88>,,,,,,
2111,,80533,{11=1},11,<1.3;1.1>,<0.51;0.57>,<0.51;0.57>,<0.68;0.58>,<0.68;0.58>,<0.88;0.88>,,,,,,
2112,,80533,{11=1},12,<1.3;1.1>,<0.51;0.57>,<0.51;0.57>,<0.68;0.58>,<0.68;0.58>,<0.88;0.88>,,,,,,
2113,,80534,,1,<1.3;1.1>,<0.51;0.57>,<0.51;0.57>,<0.68;0.58>,<0.68;0.58>,<0.88;0.88>,,,,,,
2114,,80534,,2,<1.3;1.1>,<0.51;0.57>,<0.51;0.57>,<0.68;0.58>,<0.68;0.58>,<0.88;0.88>,,,,,,
2115,,80534,,3,<1.3;1.1>,<0.51;0.57>,<0.51;0.57>,<0.68;0.58>,<0.68;0.58>,<0.88;0.88>,,,,,,
2116,,80534,,4,<1.3;1.1>,<0.51;0.57>,<0.51;0.57>,<0.68;0.58>,<0.68;0.58>,<0.88;0.88>,,,,,,
2117,,80534,,5,<1.3;1.1>,<0.51;0.57>,<0.51;0.57>,<0.68;0.58>,<0.68;0.58>,<0.88;0.88>,,,,,,
2118,,80534,,6,<1.3;1.1>,<0.51;0.57>,<0.51;0.57>,<0.68;0.58>,<0.68;0.58>,<0.88;0.88>,,,,,,
2119,,80534,,7,<1.3;1.1>,<0.51;0.57>,<0.51;0.57>,<0.68;0.58>,<0.68;0.58>,<0.88;0.88>,,,,,,
2120,,80534,,8,<1.3;1.1>,<0.51;0.57>,<0.51;0.57>,<0.68;0.58>,<0.68;0.58>,<0.88;0.88>,,,,,,
2121,,80534,,9,<1.3;1.1>,<0.51;0.57>,<0.51;0.57>,<0.68;0.58>,<0.68;0.58>,<0.88;0.88>,,,,,,
2122,,80534,,10,<1.3;1.1>,<0.51;0.57>,<0.51;0.57>,<0.68;0.58>,<0.68;0.58>,<0.88;0.88>,,,,,,
2123,,80534,,11,<1.3;1.1>,<0.51;0.57>,<0.51;0.57>,<0.68;0.58>,<0.68;0.58>,<0.88;0.88>,,,,,,
2124,,80534,,12,<1.3;1.1>,<0.51;0.57>,<0.51;0.57>,<0.68;0.58>,<0.68;0.58>,<0.88;0.88>,,,,,,
2125,,80535,,1,<1.3;1.1>,<0.51;0.57>,<0.51;0.57>,<0.68;0.58>,<0.68;0.58>,<0.88;0.88>,,,,,,
2126,,80535,,2,<1.3;1.1>,<0.51;0.57>,<0.51;0.57>,<0.68;0.58>,<0.68;0.58>,<0.88;0.88>,,,,,,
2127,,80535,,3,<1.3;1.1>,<0.51;0.57>,<0.51;0.57>,<0.68;0.58>,<0.68;0.58>,<0.88;0.88>,,,,,,
2128,,80535,,4,<1.3;1.1>,<0.51;0.57>,<0.51;0.57>,<0.68;0.58>,<0.68;0.58>,<0.88;0.88>,,,,,,
2129,,80535,,5,<1.3;1.1>,<0.51;0.57>,<0.51;0.57>,<0.68;0.58>,<0.68;0.58>,<0.88;0.88>,,,,,,
2130,,80535,,6,<1.3;1.1>,<0.51;0.57>,<0.51;0.57>,<0.68;0.58>,<0.68;0.58>,<0.88;0.88>,,,,,,
2131,,80535,,7,<1.3;1.1>,<0.51;0.57>,<0.51;0.57>,<0.68;0.58>,<0.68;0.58>,<0.88;0.88>,,,,,,
2132,,80535,,8,<1.3;1.1>,<0.51;0.57>,<0.51;0.57>,<0.68;0.58>,<0.68;0.58>,<0.88;0.88>,,,,,,
2133,,80535,,9,<1.3;1.1>,<0.51;0.57>,<0.51;0.57>,<0.68;0.58>,<0.68;0.58>,<0.88;0.88>,,,,,,
2134,,80535,,10,<1.3;1.1>,<0.51;0.57>,<0.51;0.57>,<0.68;0.58>,<0.68;0.58>,<0.88;0.88>,,,,,,
2135,,80535,,11,<1.3;1.1>,<0.51;0.57>,<0.51;0.57>,<0.68;0.58>,<0.68;0.58>,<0.88;0.88>,,,,,,
2136,,80535,,12,<1.3;1.1>,<0.51;0.57>,<0.51;0.57>,<0.68;0.58>,<0.68;0.58>,<0.88;0.88>,,,,,,
2137,,80536,,1,<1.3;1.1>,<0.51;0.57>,<0.51;0.57>,<0.68;0.58>,<0.68;0.58>,<0.88;0.88>,,,,,,
2138,,80536,,2,<1.3;1.1>,<0.51;0.57>,<0.51;0.57>,<0.68;0.58>,<0.68;0.58>,<0.88;0.88>,,,,,,
2139,,80536,,3,<1.3;1.1>,<0.51;0.57>,<0.51;0.57>,<0.68;0.58>,<0.68;0.58>,<0.88;0.88>,,,,,,
2140,,80536,,4,<1.3;1.1>,<0.51;0.57>,<0.51;0.57>,<0.68;0.58>,<0.68;0.58>,<0.88;0.88>,,,,,,
2141,,80536,,5,<1.3;1.1>,<0.51;0.57>,<0.51;0.57>,<0.68;0.58>,<0.68;0.58>,<0.88;0.88>,,,,,,
2142,,80536,,6,<1.3;1.1>,<0.51;0.57>,<0.51;0.57>,<0.68;0.58>,<0.68;0.58>,<0.88;0.88>,,,,,,
2143,,80536,,7,<1.3;1.1>,<0.51;0.57>,<0.51;0.57>,<0.68;0.58>,<0.68;0.58>,<0.88;0.88>,,,,,,
2144,,80536,,8,<1.3;1.1>,<0.51;0.57>,<0.51;0.57>,<0.68;0.58>,<0.68;0.58>,<0.88;0.88>,,,,,,
2145,,80536,,9,<1.3;1.1>,<0.51;0.57>,<0.51;0.57>,<0.68;0.58>,<0.68;0.58>,<0.88;0.88>,,,,,,
2146,,80536,,10,<1.3;1.1>,<0.51;0.57>,<0.51;0.57>,<0.68;0.58>,<0.68;0.58>,<0.88;0.88>,,,,,,
2147,,80536,,11,<1.3;1.1>,<0.51;0.57>,<0.51;0.57>,<0.68;0.58>,<0.68;0.58>,<0.88;0.88>,,,,,,
2148,,80536,,12,<1.3;1.1>,<0.51;0.57>,<0.51;0.57>,<0.68;0.58>,<0.68;0.58>,<0.88;0.88>,,,,,,
2149,,80541,{11=1.1},1,<3.7;3.15>,<1.46;1.63>,<1.46;1.63>,<1.94;1.67>,<1.94;1.67>,<0.99;0.99>,,,,,,
2150,,80541,{11=1.1},2,<3.7;3.15>,<1.46;1.63>,<1.46;1.63>,<1.94;1.67>,<1.94;1.67>,<0.99;0.99>,,,,,,
2151,,80541,{11=1.1},3,<3.7;3.15>,<1.46;1.63>,<1.46;1.63>,<1.94;1.67>,<1.94;1.67>,<0.99;0.99>,,,,,,
2152,,80541,{11=1.1},4,<3.7;3.15>,<1.46;1.63>,<1.46;1.63>,<1.94;1.67>,<1.94;1.67>,<0.99;0.99>,,,,,,
2153,,80541,{11=1.1},5,<3.7;3.15>,<1.46;1.63>,<1.46;1.63>,<1.94;1.67>,<1.94;1.67>,<0.99;0.99>,,,,,,
2154,,80541,{11=1.1},6,<3.7;3.15>,<1.46;1.63>,<1.46;1.63>,<1.94;1.67>,<1.94;1.67>,<0.99;0.99>,,,,,,
2155,,80541,{11=1.1},7,<3.7;3.15>,<1.46;1.63>,<1.46;1.63>,<1.94;1.67>,<1.94;1.67>,<0.99;0.99>,,,,,,
2156,,80541,{11=1.1},8,<3.7;3.15>,<1.46;1.63>,<1.46;1.63>,<1.94;1.67>,<1.94;1.67>,<0.99;0.99>,,,,,,
2157,,80541,{11=1.1},9,<3.7;3.15>,<1.46;1.63>,<1.46;1.63>,<1.94;1.67>,<1.94;1.67>,<0.99;0.99>,,,,,,
2158,,80541,{11=1.1},10,<3.7;3.15>,<1.46;1.63>,<1.46;1.63>,<1.94;1.67>,<1.94;1.67>,<0.99;0.99>,,,,,,
2159,,80541,{11=1.1},11,<3.7;3.15>,<1.46;1.63>,<1.46;1.63>,<1.94;1.67>,<1.94;1.67>,<0.99;0.99>,,,,,,
2160,,80541,{11=1.1},12,<3.7;3.15>,<1.46;1.63>,<1.46;1.63>,<1.94;1.67>,<1.94;1.67>,<0.99;0.99>,,,,,,
2161,,80542,,1,<3.7;3.15>,<1.46;1.63>,<1.46;1.63>,<1.94;1.67>,<1.94;1.67>,<0.99;0.99>,,,,,,
2162,,80542,,2,<3.7;3.15>,<1.46;1.63>,<1.46;1.63>,<1.94;1.67>,<1.94;1.67>,<0.99;0.99>,,,,,,
2163,,80542,,3,<3.7;3.15>,<1.46;1.63>,<1.46;1.63>,<1.94;1.67>,<1.94;1.67>,<0.99;0.99>,,,,,,
2164,,80542,,4,<3.7;3.15>,<1.46;1.63>,<1.46;1.63>,<1.94;1.67>,<1.94;1.67>,<0.99;0.99>,,,,,,
2165,,80542,,5,<3.7;3.15>,<1.46;1.63>,<1.46;1.63>,<1.94;1.67>,<1.94;1.67>,<0.99;0.99>,,,,,,
2166,,80542,,6,<3.7;3.15>,<1.46;1.63>,<1.46;1.63>,<1.94;1.67>,<1.94;1.67>,<0.99;0.99>,,,,,,
2167,,80542,,7,<3.7;3.15>,<1.46;1.63>,<1.46;1.63>,<1.94;1.67>,<1.94;1.67>,<0.99;0.99>,,,,,,
2168,,80542,,8,<3.7;3.15>,<1.46;1.63>,<1.46;1.63>,<1.94;1.67>,<1.94;1.67>,<0.99;0.99>,,,,,,
2169,,80542,,9,<3.7;3.15>,<1.46;1.63>,<1.46;1.63>,<1.94;1.67>,<1.94;1.67>,<0.99;0.99>,,,,,,
2170,,80542,,10,<3.7;3.15>,<1.46;1.63>,<1.46;1.63>,<1.94;1.67>,<1.94;1.67>,<0.99;0.99>,,,,,,
2171,,80542,,11,<3.7;3.15>,<1.46;1.63>,<1.46;1.63>,<1.94;1.67>,<1.94;1.67>,<0.99;0.99>,,,,,,
2172,,80542,,12,<3.7;3.15>,<1.46;1.63>,<1.46;1.63>,<1.94;1.67>,<1.94;1.67>,<0.99;0.99>,,,,,,
2173,,80543,{8=1.1},1,<3.7;3.15>,<1.46;1.63>,<1.46;1.63>,<1.94;1.67>,<1.94;1.67>,<0.99;0.99>,,,,,,
2174,,80543,{8=1.1},2,<3.7;3.15>,<1.46;1.63>,<1.46;1.63>,<1.94;1.67>,<1.94;1.67>,<0.99;0.99>,,,,,,
2175,,80543,{8=1.1},3,<3.7;3.15>,<1.46;1.63>,<1.46;1.63>,<1.94;1.67>,<1.94;1.67>,<0.99;0.99>,,,,,,
2176,,80543,{8=1.1},4,<3.7;3.15>,<1.46;1.63>,<1.46;1.63>,<1.94;1.67>,<1.94;1.67>,<0.99;0.99>,,,,,,
2177,,80543,{8=1.1},5,<3.7;3.15>,<1.46;1.63>,<1.46;1.63>,<1.94;1.67>,<1.94;1.67>,<0.99;0.99>,,,,,,
2178,,80543,{8=1.1},6,<3.7;3.15>,<1.46;1.63>,<1.46;1.63>,<1.94;1.67>,<1.94;1.67>,<0.99;0.99>,,,,,,
2179,,80543,{8=1.1},7,<3.7;3.15>,<1.46;1.63>,<1.46;1.63>,<1.94;1.67>,<1.94;1.67>,<0.99;0.99>,,,,,,
2180,,80543,{8=1.1},8,<3.7;3.15>,<1.46;1.63>,<1.46;1.63>,<1.94;1.67>,<1.94;1.67>,<0.99;0.99>,,,,,,
2181,,80543,{8=1.1},9,<3.7;3.15>,<1.46;1.63>,<1.46;1.63>,<1.94;1.67>,<1.94;1.67>,<0.99;0.99>,,,,,,
2182,,80543,{8=1.1},10,<3.7;3.15>,<1.46;1.63>,<1.46;1.63>,<1.94;1.67>,<1.94;1.67>,<0.99;0.99>,,,,,,
2183,,80543,{8=1.1},11,<3.7;3.15>,<1.46;1.63>,<1.46;1.63>,<1.94;1.67>,<1.94;1.67>,<0.99;0.99>,,,,,,
2184,,80543,{8=1.1},12,<3.7;3.15>,<1.46;1.63>,<1.46;1.63>,<1.94;1.67>,<1.94;1.67>,<0.99;0.99>,,,,,,
2185,,80544,{11=1.1},1,<3.7;3.15>,<1.46;1.63>,<1.46;1.63>,<1.94;1.67>,<1.94;1.67>,<0.99;0.99>,,,,,,
2186,,80544,{11=1.1},2,<3.7;3.15>,<1.46;1.63>,<1.46;1.63>,<1.94;1.67>,<1.94;1.67>,<0.99;0.99>,,,,,,
2187,,80544,{11=1.1},3,<3.7;3.15>,<1.46;1.63>,<1.46;1.63>,<1.94;1.67>,<1.94;1.67>,<0.99;0.99>,,,,,,
2188,,80544,{11=1.1},4,<3.7;3.15>,<1.46;1.63>,<1.46;1.63>,<1.94;1.67>,<1.94;1.67>,<0.99;0.99>,,,,,,
2189,,80544,{11=1.1},5,<3.7;3.15>,<1.46;1.63>,<1.46;1.63>,<1.94;1.67>,<1.94;1.67>,<0.99;0.99>,,,,,,
2190,,80544,{11=1.1},6,<3.7;3.15>,<1.46;1.63>,<1.46;1.63>,<1.94;1.67>,<1.94;1.67>,<0.99;0.99>,,,,,,
2191,,80544,{11=1.1},7,<3.7;3.15>,<1.46;1.63>,<1.46;1.63>,<1.94;1.67>,<1.94;1.67>,<0.99;0.99>,,,,,,
2192,,80544,{11=1.1},8,<3.7;3.15>,<1.46;1.63>,<1.46;1.63>,<1.94;1.67>,<1.94;1.67>,<0.99;0.99>,,,,,,
2193,,80544,{11=1.1},9,<3.7;3.15>,<1.46;1.63>,<1.46;1.63>,<1.94;1.67>,<1.94;1.67>,<0.99;0.99>,,,,,,
2194,,80544,{11=1.1},10,<3.7;3.15>,<1.46;1.63>,<1.46;1.63>,<1.94;1.67>,<1.94;1.67>,<0.99;0.99>,,,,,,
2195,,80544,{11=1.1},11,<3.7;3.15>,<1.46;1.63>,<1.46;1.63>,<1.94;1.67>,<1.94;1.67>,<0.99;0.99>,,,,,,
2196,,80544,{11=1.1},12,<3.7;3.15>,<1.46;1.63>,<1.46;1.63>,<1.94;1.67>,<1.94;1.67>,<0.99;0.99>,,,,,,
2197,,80545,,1,<3.7;3.15>,<1.46;1.63>,<1.46;1.63>,<1.94;1.67>,<1.94;1.67>,<0.99;0.99>,,,,,,
2198,,80545,,2,<3.7;3.15>,<1.46;1.63>,<1.46;1.63>,<1.94;1.67>,<1.94;1.67>,<0.99;0.99>,,,,,,
2199,,80545,,3,<3.7;3.15>,<1.46;1.63>,<1.46;1.63>,<1.94;1.67>,<1.94;1.67>,<0.99;0.99>,,,,,,
2200,,80545,,4,<3.7;3.15>,<1.46;1.63>,<1.46;1.63>,<1.94;1.67>,<1.94;1.67>,<0.99;0.99>,,,,,,
2201,,80545,,5,<3.7;3.15>,<1.46;1.63>,<1.46;1.63>,<1.94;1.67>,<1.94;1.67>,<0.99;0.99>,,,,,,
2202,,80545,,6,<3.7;3.15>,<1.46;1.63>,<1.46;1.63>,<1.94;1.67>,<1.94;1.67>,<0.99;0.99>,,,,,,
2203,,80545,,7,<3.7;3.15>,<1.46;1.63>,<1.46;1.63>,<1.94;1.67>,<1.94;1.67>,<0.99;0.99>,,,,,,
2204,,80545,,8,<3.7;3.15>,<1.46;1.63>,<1.46;1.63>,<1.94;1.67>,<1.94;1.67>,<0.99;0.99>,,,,,,
2205,,80545,,9,<3.7;3.15>,<1.46;1.63>,<1.46;1.63>,<1.94;1.67>,<1.94;1.67>,<0.99;0.99>,,,,,,
2206,,80545,,10,<3.7;3.15>,<1.46;1.63>,<1.46;1.63>,<1.94;1.67>,<1.94;1.67>,<0.99;0.99>,,,,,,
2207,,80545,,11,<3.7;3.15>,<1.46;1.63>,<1.46;1.63>,<1.94;1.67>,<1.94;1.67>,<0.99;0.99>,,,,,,
2208,,80545,,12,<3.7;3.15>,<1.46;1.63>,<1.46;1.63>,<1.94;1.67>,<1.94;1.67>,<0.99;0.99>,,,,,,
2209,,80546,,1,<3.7;3.15>,<1.46;1.63>,<1.46;1.63>,<1.94;1.67>,<1.94;1.67>,<0.99;0.99>,,,,,,
2210,,80546,,2,<3.7;3.15>,<1.46;1.63>,<1.46;1.63>,<1.94;1.67>,<1.94;1.67>,<0.99;0.99>,,,,,,
2211,,80546,,3,<3.7;3.15>,<1.46;1.63>,<1.46;1.63>,<1.94;1.67>,<1.94;1.67>,<0.99;0.99>,,,,,,
2212,,80546,,4,<3.7;3.15>,<1.46;1.63>,<1.46;1.63>,<1.94;1.67>,<1.94;1.67>,<0.99;0.99>,,,,,,
2213,,80546,,5,<3.7;3.15>,<1.46;1.63>,<1.46;1.63>,<1.94;1.67>,<1.94;1.67>,<0.99;0.99>,,,,,,
2214,,80546,,6,<3.7;3.15>,<1.46;1.63>,<1.46;1.63>,<1.94;1.67>,<1.94;1.67>,<0.99;0.99>,,,,,,
2215,,80546,,7,<3.7;3.15>,<1.46;1.63>,<1.46;1.63>,<1.94;1.67>,<1.94;1.67>,<0.99;0.99>,,,,,,
2216,,80546,,8,<3.7;3.15>,<1.46;1.63>,<1.46;1.63>,<1.94;1.67>,<1.94;1.67>,<0.99;0.99>,,,,,,
2217,,80546,,9,<3.7;3.15>,<1.46;1.63>,<1.46;1.63>,<1.94;1.67>,<1.94;1.67>,<0.99;0.99>,,,,,,
2218,,80546,,10,<3.7;3.15>,<1.46;1.63>,<1.46;1.63>,<1.94;1.67>,<1.94;1.67>,<0.99;0.99>,,,,,,
2219,,80546,,11,<3.7;3.15>,<1.46;1.63>,<1.46;1.63>,<1.94;1.67>,<1.94;1.67>,<0.99;0.99>,,,,,,
2220,,80546,,12,<3.7;3.15>,<1.46;1.63>,<1.46;1.63>,<1.94;1.67>,<1.94;1.67>,<0.99;0.99>,,,,,,
2221,,80551,{11=1.1},1,<2.78;2.36>,<1.1;1.22>,<1.1;1.22>,<1.46;1.25>,<1.46;1.25>,<0.96;0.96>,,,,,,
2222,,80551,{11=1.1},2,<2.78;2.36>,<1.1;1.22>,<1.1;1.22>,<1.46;1.25>,<1.46;1.25>,<0.96;0.96>,,,,,,
2223,,80551,{11=1.1},3,<2.78;2.36>,<1.1;1.22>,<1.1;1.22>,<1.46;1.25>,<1.46;1.25>,<0.96;0.96>,,,,,,
2224,,80551,{11=1.1},4,<2.78;2.36>,<1.1;1.22>,<1.1;1.22>,<1.46;1.25>,<1.46;1.25>,<0.96;0.96>,,,,,,
2225,,80551,{11=1.1},5,<2.78;2.36>,<1.1;1.22>,<1.1;1.22>,<1.46;1.25>,<1.46;1.25>,<0.96;0.96>,,,,,,
2226,,80551,{11=1.1},6,<2.78;2.36>,<1.1;1.22>,<1.1;1.22>,<1.46;1.25>,<1.46;1.25>,<0.96;0.96>,,,,,,
2227,,80551,{11=1.1},7,<2.78;2.36>,<1.1;1.22>,<1.1;1.22>,<1.46;1.25>,<1.46;1.25>,<0.96;0.96>,,,,,,
2228,,80551,{11=1.1},8,<2.78;2.36>,<1.1;1.22>,<1.1;1.22>,<1.46;1.25>,<1.46;1.25>,<0.96;0.96>,,,,,,
2229,,80551,{11=1.1},9,<2.78;2.36>,<1.1;1.22>,<1.1;1.22>,<1.46;1.25>,<1.46;1.25>,<0.96;0.96>,,,,,,
2230,,80551,{11=1.1},10,<2.78;2.36>,<1.1;1.22>,<1.1;1.22>,<1.46;1.25>,<1.46;1.25>,<0.96;0.96>,,,,,,
2231,,80551,{11=1.1},11,<2.78;2.36>,<1.1;1.22>,<1.1;1.22>,<1.46;1.25>,<1.46;1.25>,<0.96;0.96>,,,,,,
2232,,80551,{11=1.1},12,<2.78;2.36>,<1.1;1.22>,<1.1;1.22>,<1.46;1.25>,<1.46;1.25>,<0.96;0.96>,,,,,,
2233,,80601,{11=1.1},1,<3.7;3.15>,<1.46;1.63>,<1.46;1.63>,<1.94;1.67>,<1.94;1.67>,<0.99;0.99>,,,,,,
2234,,80601,{11=1.1},2,<3.7;3.15>,<1.46;1.63>,<1.46;1.63>,<1.94;1.67>,<1.94;1.67>,<0.99;0.99>,,,,,,
2235,,80601,{11=1.1},3,<3.7;3.15>,<1.46;1.63>,<1.46;1.63>,<1.94;1.67>,<1.94;1.67>,<0.99;0.99>,,,,,,
2236,,80601,{11=1.1},4,<3.7;3.15>,<1.46;1.63>,<1.46;1.63>,<1.94;1.67>,<1.94;1.67>,<0.99;0.99>,,,,,,
2237,,80601,{11=1.1},5,<3.7;3.15>,<1.46;1.63>,<1.46;1.63>,<1.94;1.67>,<1.94;1.67>,<0.99;0.99>,,,,,,
2238,,80601,{11=1.1},6,<3.7;3.15>,<1.46;1.63>,<1.46;1.63>,<1.94;1.67>,<1.94;1.67>,<0.99;0.99>,,,,,,
2239,,80601,{11=1.1},7,<3.7;3.15>,<1.46;1.63>,<1.46;1.63>,<1.94;1.67>,<1.94;1.67>,<0.99;0.99>,,,,,,
2240,,80601,{11=1.1},8,<3.7;3.15>,<1.46;1.63>,<1.46;1.63>,<1.94;1.67>,<1.94;1.67>,<0.99;0.99>,,,,,,
2241,,80601,{11=1.1},9,<3.7;3.15>,<1.46;1.63>,<1.46;1.63>,<1.94;1.67>,<1.94;1.67>,<0.99;0.99>,,,,,,
2242,,80601,{11=1.1},10,<3.7;3.15>,<1.46;1.63>,<1.46;1.63>,<1.94;1.67>,<1.94;1.67>,<0.99;0.99>,,,,,,
2243,,80601,{11=1.1},11,<3.7;3.15>,<1.46;1.63>,<1.46;1.63>,<1.94;1.67>,<1.94;1.67>,<0.99;0.99>,,,,,,
2244,,80601,{11=1.1},12,<3.7;3.15>,<1.46;1.63>,<1.46;1.63>,<1.94;1.67>,<1.94;1.67>,<0.99;0.99>,,,,,,
2245,,80602,{11=1.1},1,<3.7;3.15>,<1.46;1.63>,<1.46;1.63>,<1.94;1.67>,<1.94;1.67>,<0.99;0.99>,,,,,,
2246,,80602,{11=1.1},2,<3.7;3.15>,<1.46;1.63>,<1.46;1.63>,<1.94;1.67>,<1.94;1.67>,<0.99;0.99>,,,,,,
2247,,80602,{11=1.1},3,<3.7;3.15>,<1.46;1.63>,<1.46;1.63>,<1.94;1.67>,<1.94;1.67>,<0.99;0.99>,,,,,,
2248,,80602,{11=1.1},4,<3.7;3.15>,<1.46;1.63>,<1.46;1.63>,<1.94;1.67>,<1.94;1.67>,<0.99;0.99>,,,,,,
2249,,80602,{11=1.1},5,<3.7;3.15>,<1.46;1.63>,<1.46;1.63>,<1.94;1.67>,<1.94;1.67>,<0.99;0.99>,,,,,,
2250,,80602,{11=1.1},6,<3.7;3.15>,<1.46;1.63>,<1.46;1.63>,<1.94;1.67>,<1.94;1.67>,<0.99;0.99>,,,,,,
2251,,80602,{11=1.1},7,<3.7;3.15>,<1.46;1.63>,<1.46;1.63>,<1.94;1.67>,<1.94;1.67>,<0.99;0.99>,,,,,,
2252,,80602,{11=1.1},8,<3.7;3.15>,<1.46;1.63>,<1.46;1.63>,<1.94;1.67>,<1.94;1.67>,<0.99;0.99>,,,,,,
2253,,80602,{11=1.1},9,<3.7;3.15>,<1.46;1.63>,<1.46;1.63>,<1.94;1.67>,<1.94;1.67>,<0.99;0.99>,,,,,,
2254,,80602,{11=1.1},10,<3.7;3.15>,<1.46;1.63>,<1.46;1.63>,<1.94;1.67>,<1.94;1.67>,<0.99;0.99>,,,,,,
2255,,80602,{11=1.1},11,<3.7;3.15>,<1.46;1.63>,<1.46;1.63>,<1.94;1.67>,<1.94;1.67>,<0.99;0.99>,,,,,,
2256,,80602,{11=1.1},12,<3.7;3.15>,<1.46;1.63>,<1.46;1.63>,<1.94;1.67>,<1.94;1.67>,<0.99;0.99>,,,,,,
2257,,80603,{11=1.1},1,<3.7;3.15>,<1.46;1.63>,<1.46;1.63>,<1.94;1.67>,<1.94;1.67>,<0.99;0.99>,,,,,,
2258,,80603,{11=1.1},2,<3.7;3.15>,<1.46;1.63>,<1.46;1.63>,<1.94;1.67>,<1.94;1.67>,<0.99;0.99>,,,,,,
2259,,80603,{11=1.1},3,<3.7;3.15>,<1.46;1.63>,<1.46;1.63>,<1.94;1.67>,<1.94;1.67>,<0.99;0.99>,,,,,,
2260,,80603,{11=1.1},4,<3.7;3.15>,<1.46;1.63>,<1.46;1.63>,<1.94;1.67>,<1.94;1.67>,<0.99;0.99>,,,,,,
2261,,80603,{11=1.1},5,<3.7;3.15>,<1.46;1.63>,<1.46;1.63>,<1.94;1.67>,<1.94;1.67>,<0.99;0.99>,,,,,,
2262,,80603,{11=1.1},6,<3.7;3.15>,<1.46;1.63>,<1.46;1.63>,<1.94;1.67>,<1.94;1.67>,<0.99;0.99>,,,,,,
2263,,80603,{11=1.1},7,<3.7;3.15>,<1.46;1.63>,<1.46;1.63>,<1.94;1.67>,<1.94;1.67>,<0.99;0.99>,,,,,,
2264,,80603,{11=1.1},8,<3.7;3.15>,<1.46;1.63>,<1.46;1.63>,<1.94;1.67>,<1.94;1.67>,<0.99;0.99>,,,,,,
2265,,80603,{11=1.1},9,<3.7;3.15>,<1.46;1.63>,<1.46;1.63>,<1.94;1.67>,<1.94;1.67>,<0.99;0.99>,,,,,,
2266,,80603,{11=1.1},10,<3.7;3.15>,<1.46;1.63>,<1.46;1.63>,<1.94;1.67>,<1.94;1.67>,<0.99;0.99>,,,,,,
2267,,80603,{11=1.1},11,<3.7;3.15>,<1.46;1.63>,<1.46;1.63>,<1.94;1.67>,<1.94;1.67>,<0.99;0.99>,,,,,,
2268,,80603,{11=1.1},12,<3.7;3.15>,<1.46;1.63>,<1.46;1.63>,<1.94;1.67>,<1.94;1.67>,<0.99;0.99>,,,,,,
2269,,80604,{11=1.1},1,<3.7;3.15>,<1.46;1.63>,<1.46;1.63>,<1.94;1.67>,<1.94;1.67>,<0.99;0.99>,,,,,,
2270,,80604,{11=1.1},2,<3.7;3.15>,<1.46;1.63>,<1.46;1.63>,<1.94;1.67>,<1.94;1.67>,<0.99;0.99>,,,,,,
2271,,80604,{11=1.1},3,<3.7;3.15>,<1.46;1.63>,<1.46;1.63>,<1.94;1.67>,<1.94;1.67>,<0.99;0.99>,,,,,,
2272,,80604,{11=1.1},4,<3.7;3.15>,<1.46;1.63>,<1.46;1.63>,<1.94;1.67>,<1.94;1.67>,<0.99;0.99>,,,,,,
2273,,80604,{11=1.1},5,<3.7;3.15>,<1.46;1.63>,<1.46;1.63>,<1.94;1.67>,<1.94;1.67>,<0.99;0.99>,,,,,,
2274,,80604,{11=1.1},6,<3.7;3.15>,<1.46;1.63>,<1.46;1.63>,<1.94;1.67>,<1.94;1.67>,<0.99;0.99>,,,,,,
2275,,80604,{11=1.1},7,<3.7;3.15>,<1.46;1.63>,<1.46;1.63>,<1.94;1.67>,<1.94;1.67>,<0.99;0.99>,,,,,,
2276,,80604,{11=1.1},8,<3.7;3.15>,<1.46;1.63>,<1.46;1.63>,<1.94;1.67>,<1.94;1.67>,<0.99;0.99>,,,,,,
2277,,80604,{11=1.1},9,<3.7;3.15>,<1.46;1.63>,<1.46;1.63>,<1.94;1.67>,<1.94;1.67>,<0.99;0.99>,,,,,,
2278,,80604,{11=1.1},10,<3.7;3.15>,<1.46;1.63>,<1.46;1.63>,<1.94;1.67>,<1.94;1.67>,<0.99;0.99>,,,,,,
2279,,80604,{11=1.1},11,<3.7;3.15>,<1.46;1.63>,<1.46;1.63>,<1.94;1.67>,<1.94;1.67>,<0.99;0.99>,,,,,,
2280,,80604,{11=1.1},12,<3.7;3.15>,<1.46;1.63>,<1.46;1.63>,<1.94;1.67>,<1.94;1.67>,<0.99;0.99>,,,,,,
2281,,80605,,1,<3.7;3.15>,<1.46;1.63>,<1.46;1.63>,<1.94;1.67>,<1.94;1.67>,<0.99;0.99>,,,,,,
2282,,80605,,2,<3.7;3.15>,<1.46;1.63>,<1.46;1.63>,<1.94;1.67>,<1.94;1.67>,<0.99;0.99>,,,,,,
2283,,80605,,3,<3.7;3.15>,<1.46;1.63>,<1.46;1.63>,<1.94;1.67>,<1.94;1.67>,<0.99;0.99>,,,,,,
2284,,80605,,4,<3.7;3.15>,<1.46;1.63>,<1.46;1.63>,<1.94;1.67>,<1.94;1.67>,<0.99;0.99>,,,,,,
2285,,80605,,5,<3.7;3.15>,<1.46;1.63>,<1.46;1.63>,<1.94;1.67>,<1.94;1.67>,<0.99;0.99>,,,,,,
2286,,80605,,6,<3.7;3.15>,<1.46;1.63>,<1.46;1.63>,<1.94;1.67>,<1.94;1.67>,<0.99;0.99>,,,,,,
2287,,80605,,7,<3.7;3.15>,<1.46;1.63>,<1.46;1.63>,<1.94;1.67>,<1.94;1.67>,<0.99;0.99>,,,,,,
2288,,80605,,8,<3.7;3.15>,<1.46;1.63>,<1.46;1.63>,<1.94;1.67>,<1.94;1.67>,<0.99;0.99>,,,,,,
2289,,80605,,9,<3.7;3.15>,<1.46;1.63>,<1.46;1.63>,<1.94;1.67>,<1.94;1.67>,<0.99;0.99>,,,,,,
2290,,80605,,10,<3.7;3.15>,<1.46;1.63>,<1.46;1.63>,<1.94;1.67>,<1.94;1.67>,<0.99;0.99>,,,,,,
2291,,80605,,11,<3.7;3.15>,<1.46;1.63>,<1.46;1.63>,<1.94;1.67>,<1.94;1.67>,<0.99;0.99>,,,,,,
2292,,80605,,12,<3.7;3.15>,<1.46;1.63>,<1.46;1.63>,<1.94;1.67>,<1.94;1.67>,<0.99;0.99>,,,,,,
2293,,80606,,1,<3.7;3.15>,<1.46;1.63>,<1.46;1.63>,<1.94;1.67>,<1.94;1.67>,<0.99;0.99>,,,,,,
2294,,80606,,2,<3.7;3.15>,<1.46;1.63>,<1.46;1.63>,<1.94;1.67>,<1.94;1.67>,<0.99;0.99>,,,,,,
2295,,80606,,3,<3.7;3.15>,<1.46;1.63>,<1.46;1.63>,<1.94;1.67>,<1.94;1.67>,<0.99;0.99>,,,,,,
2296,,80606,,4,<3.7;3.15>,<1.46;1.63>,<1.46;1.63>,<1.94;1.67>,<1.94;1.67>,<0.99;0.99>,,,,,,
2297,,80606,,5,<3.7;3.15>,<1.46;1.63>,<1.46;1.63>,<1.94;1.67>,<1.94;1.67>,<0.99;0.99>,,,,,,
2298,,80606,,6,<3.7;3.15>,<1.46;1.63>,<1.46;1.63>,<1.94;1.67>,<1.94;1.67>,<0.99;0.99>,,,,,,
2299,,80606,,7,<3.7;3.15>,<1.46;1.63>,<1.46;1.63>,<1.94;1.67>,<1.94;1.67>,<0.99;0.99>,,,,,,
2300,,80606,,8,<3.7;3.15>,<1.46;1.63>,<1.46;1.63>,<1.94;1.67>,<1.94;1.67>,<0.99;0.99>,,,,,,
2301,,80606,,9,<3.7;3.15>,<1.46;1.63>,<1.46;1.63>,<1.94;1.67>,<1.94;1.67>,<0.99;0.99>,,,,,,
2302,,80606,,10,<3.7;3.15>,<1.46;1.63>,<1.46;1.63>,<1.94;1.67>,<1.94;1.67>,<0.99;0.99>,,,,,,
2303,,80606,,11,<3.7;3.15>,<1.46;1.63>,<1.46;1.63>,<1.94;1.67>,<1.94;1.67>,<0.99;0.99>,,,,,,
2304,,80606,,12,<3.7;3.15>,<1.46;1.63>,<1.46;1.63>,<1.94;1.67>,<1.94;1.67>,<0.99;0.99>,,,,,,
2305,,80611,{11=1.1},1,<4.44;3.77>,<1.75;1.95>,<1.75;1.95>,<2.33;2>,<2.33;2>,<0.96;0.96>,,,,,,
2306,,80611,{11=1.1},2,<4.44;3.77>,<1.75;1.95>,<1.75;1.95>,<2.33;2>,<2.33;2>,<0.96;0.96>,,,,,,
2307,,80611,{11=1.1},3,<4.44;3.77>,<1.75;1.95>,<1.75;1.95>,<2.33;2>,<2.33;2>,<0.96;0.96>,,,,,,
2308,,80611,{11=1.1},4,<4.44;3.77>,<1.75;1.95>,<1.75;1.95>,<2.33;2>,<2.33;2>,<0.96;0.96>,,,,,,
2309,,80611,{11=1.1},5,<4.44;3.77>,<1.75;1.95>,<1.75;1.95>,<2.33;2>,<2.33;2>,<0.96;0.96>,,,,,,
2310,,80611,{11=1.1},6,<4.44;3.77>,<1.75;1.95>,<1.75;1.95>,<2.33;2>,<2.33;2>,<0.96;0.96>,,,,,,
2311,,80611,{11=1.1},7,<4.44;3.77>,<1.75;1.95>,<1.75;1.95>,<2.33;2>,<2.33;2>,<0.96;0.96>,,,,,,
2312,,80611,{11=1.1},8,<4.44;3.77>,<1.75;1.95>,<1.75;1.95>,<2.33;2>,<2.33;2>,<0.96;0.96>,,,,,,
2313,,80611,{11=1.1},9,<4.44;3.77>,<1.75;1.95>,<1.75;1.95>,<2.33;2>,<2.33;2>,<0.96;0.96>,,,,,,
2314,,80611,{11=1.1},10,<4.44;3.77>,<1.75;1.95>,<1.75;1.95>,<2.33;2>,<2.33;2>,<0.96;0.96>,,,,,,
2315,,80611,{11=1.1},11,<4.44;3.77>,<1.75;1.95>,<1.75;1.95>,<2.33;2>,<2.33;2>,<0.96;0.96>,,,,,,
2316,,80611,{11=1.1},12,<4.44;3.77>,<1.75;1.95>,<1.75;1.95>,<2.33;2>,<2.33;2>,<0.96;0.96>,,,,,,
2317,,80612,{11=1.1},1,<4.44;3.77>,<1.75;1.95>,<1.75;1.95>,<2.33;2>,<2.33;2>,<0.96;0.96>,,,,,,
2318,,80612,{11=1.1},2,<4.44;3.77>,<1.75;1.95>,<1.75;1.95>,<2.33;2>,<2.33;2>,<0.96;0.96>,,,,,,
2319,,80612,{11=1.1},3,<4.44;3.77>,<1.75;1.95>,<1.75;1.95>,<2.33;2>,<2.33;2>,<0.96;0.96>,,,,,,
2320,,80612,{11=1.1},4,<4.44;3.77>,<1.75;1.95>,<1.75;1.95>,<2.33;2>,<2.33;2>,<0.96;0.96>,,,,,,
2321,,80612,{11=1.1},5,<4.44;3.77>,<1.75;1.95>,<1.75;1.95>,<2.33;2>,<2.33;2>,<0.96;0.96>,,,,,,
2322,,80612,{11=1.1},6,<4.44;3.77>,<1.75;1.95>,<1.75;1.95>,<2.33;2>,<2.33;2>,<0.96;0.96>,,,,,,
2323,,80612,{11=1.1},7,<4.44;3.77>,<1.75;1.95>,<1.75;1.95>,<2.33;2>,<2.33;2>,<0.96;0.96>,,,,,,
2324,,80612,{11=1.1},8,<4.44;3.77>,<1.75;1.95>,<1.75;1.95>,<2.33;2>,<2.33;2>,<0.96;0.96>,,,,,,
2325,,80612,{11=1.1},9,<4.44;3.77>,<1.75;1.95>,<1.75;1.95>,<2.33;2>,<2.33;2>,<0.96;0.96>,,,,,,
2326,,80612,{11=1.1},10,<4.44;3.77>,<1.75;1.95>,<1.75;1.95>,<2.33;2>,<2.33;2>,<0.96;0.96>,,,,,,
2327,,80612,{11=1.1},11,<4.44;3.77>,<1.75;1.95>,<1.75;1.95>,<2.33;2>,<2.33;2>,<0.96;0.96>,,,,,,
2328,,80612,{11=1.1},12,<4.44;3.77>,<1.75;1.95>,<1.75;1.95>,<2.33;2>,<2.33;2>,<0.96;0.96>,,,,,,
2329,,80613,{11=1.1},1,<4.44;3.77>,<1.75;1.95>,<1.75;1.95>,<2.33;2>,<2.33;2>,<0.96;0.96>,,,,,,
2330,,80613,{11=1.1},2,<4.44;3.77>,<1.75;1.95>,<1.75;1.95>,<2.33;2>,<2.33;2>,<0.96;0.96>,,,,,,
2331,,80613,{11=1.1},3,<4.44;3.77>,<1.75;1.95>,<1.75;1.95>,<2.33;2>,<2.33;2>,<0.96;0.96>,,,,,,
2332,,80613,{11=1.1},4,<4.44;3.77>,<1.75;1.95>,<1.75;1.95>,<2.33;2>,<2.33;2>,<0.96;0.96>,,,,,,
2333,,80613,{11=1.1},5,<4.44;3.77>,<1.75;1.95>,<1.75;1.95>,<2.33;2>,<2.33;2>,<0.96;0.96>,,,,,,
2334,,80613,{11=1.1},6,<4.44;3.77>,<1.75;1.95>,<1.75;1.95>,<2.33;2>,<2.33;2>,<0.96;0.96>,,,,,,
2335,,80613,{11=1.1},7,<4.44;3.77>,<1.75;1.95>,<1.75;1.95>,<2.33;2>,<2.33;2>,<0.96;0.96>,,,,,,
2336,,80613,{11=1.1},8,<4.44;3.77>,<1.75;1.95>,<1.75;1.95>,<2.33;2>,<2.33;2>,<0.96;0.96>,,,,,,
2337,,80613,{11=1.1},9,<4.44;3.77>,<1.75;1.95>,<1.75;1.95>,<2.33;2>,<2.33;2>,<0.96;0.96>,,,,,,
2338,,80613,{11=1.1},10,<4.44;3.77>,<1.75;1.95>,<1.75;1.95>,<2.33;2>,<2.33;2>,<0.96;0.96>,,,,,,
2339,,80613,{11=1.1},11,<4.44;3.77>,<1.75;1.95>,<1.75;1.95>,<2.33;2>,<2.33;2>,<0.96;0.96>,,,,,,
2340,,80613,{11=1.1},12,<4.44;3.77>,<1.75;1.95>,<1.75;1.95>,<2.33;2>,<2.33;2>,<0.96;0.96>,,,,,,
2341,,80614,,1,<4.44;3.77>,<1.75;1.95>,<1.75;1.95>,<2.33;2>,<2.33;2>,<0.96;0.96>,,,,,,
2342,,80614,,2,<4.44;3.77>,<1.75;1.95>,<1.75;1.95>,<2.33;2>,<2.33;2>,<0.96;0.96>,,,,,,
2343,,80614,,3,<4.44;3.77>,<1.75;1.95>,<1.75;1.95>,<2.33;2>,<2.33;2>,<0.96;0.96>,,,,,,
2344,,80614,,4,<4.44;3.77>,<1.75;1.95>,<1.75;1.95>,<2.33;2>,<2.33;2>,<0.96;0.96>,,,,,,
2345,,80614,,5,<4.44;3.77>,<1.75;1.95>,<1.75;1.95>,<2.33;2>,<2.33;2>,<0.96;0.96>,,,,,,
2346,,80614,,6,<4.44;3.77>,<1.75;1.95>,<1.75;1.95>,<2.33;2>,<2.33;2>,<0.96;0.96>,,,,,,
2347,,80614,,7,<4.44;3.77>,<1.75;1.95>,<1.75;1.95>,<2.33;2>,<2.33;2>,<0.96;0.96>,,,,,,
2348,,80614,,8,<4.44;3.77>,<1.75;1.95>,<1.75;1.95>,<2.33;2>,<2.33;2>,<0.96;0.96>,,,,,,
2349,,80614,,9,<4.44;3.77>,<1.75;1.95>,<1.75;1.95>,<2.33;2>,<2.33;2>,<0.96;0.96>,,,,,,
2350,,80614,,10,<4.44;3.77>,<1.75;1.95>,<1.75;1.95>,<2.33;2>,<2.33;2>,<0.96;0.96>,,,,,,
2351,,80614,,11,<4.44;3.77>,<1.75;1.95>,<1.75;1.95>,<2.33;2>,<2.33;2>,<0.96;0.96>,,,,,,
2352,,80614,,12,<4.44;3.77>,<1.75;1.95>,<1.75;1.95>,<2.33;2>,<2.33;2>,<0.96;0.96>,,,,,,
2353,,80615,,1,<4.44;3.77>,<1.75;1.95>,<1.75;1.95>,<2.33;2>,<2.33;2>,<0.96;0.96>,,,,,,
2354,,80615,,2,<4.44;3.77>,<1.75;1.95>,<1.75;1.95>,<2.33;2>,<2.33;2>,<0.96;0.96>,,,,,,
2355,,80615,,3,<4.44;3.77>,<1.75;1.95>,<1.75;1.95>,<2.33;2>,<2.33;2>,<0.96;0.96>,,,,,,
2356,,80615,,4,<4.44;3.77>,<1.75;1.95>,<1.75;1.95>,<2.33;2>,<2.33;2>,<0.96;0.96>,,,,,,
2357,,80615,,5,<4.44;3.77>,<1.75;1.95>,<1.75;1.95>,<2.33;2>,<2.33;2>,<0.96;0.96>,,,,,,
2358,,80615,,6,<4.44;3.77>,<1.75;1.95>,<1.75;1.95>,<2.33;2>,<2.33;2>,<0.96;0.96>,,,,,,
2359,,80615,,7,<4.44;3.77>,<1.75;1.95>,<1.75;1.95>,<2.33;2>,<2.33;2>,<0.96;0.96>,,,,,,
2360,,80615,,8,<4.44;3.77>,<1.75;1.95>,<1.75;1.95>,<2.33;2>,<2.33;2>,<0.96;0.96>,,,,,,
2361,,80615,,9,<4.44;3.77>,<1.75;1.95>,<1.75;1.95>,<2.33;2>,<2.33;2>,<0.96;0.96>,,,,,,
2362,,80615,,10,<4.44;3.77>,<1.75;1.95>,<1.75;1.95>,<2.33;2>,<2.33;2>,<0.96;0.96>,,,,,,
2363,,80615,,11,<4.44;3.77>,<1.75;1.95>,<1.75;1.95>,<2.33;2>,<2.33;2>,<0.96;0.96>,,,,,,
2364,,80615,,12,<4.44;3.77>,<1.75;1.95>,<1.75;1.95>,<2.33;2>,<2.33;2>,<0.96;0.96>,,,,,,
2365,,80616,,1,<4.44;3.77>,<1.75;1.95>,<1.75;1.95>,<2.33;2>,<2.33;2>,<0.96;0.96>,,,,,,
2366,,80616,,2,<4.44;3.77>,<1.75;1.95>,<1.75;1.95>,<2.33;2>,<2.33;2>,<0.96;0.96>,,,,,,
2367,,80616,,3,<4.44;3.77>,<1.75;1.95>,<1.75;1.95>,<2.33;2>,<2.33;2>,<0.96;0.96>,,,,,,
2368,,80616,,4,<4.44;3.77>,<1.75;1.95>,<1.75;1.95>,<2.33;2>,<2.33;2>,<0.96;0.96>,,,,,,
2369,,80616,,5,<4.44;3.77>,<1.75;1.95>,<1.75;1.95>,<2.33;2>,<2.33;2>,<0.96;0.96>,,,,,,
2370,,80616,,6,<4.44;3.77>,<1.75;1.95>,<1.75;1.95>,<2.33;2>,<2.33;2>,<0.96;0.96>,,,,,,
2371,,80616,,7,<4.44;3.77>,<1.75;1.95>,<1.75;1.95>,<2.33;2>,<2.33;2>,<0.96;0.96>,,,,,,
2372,,80616,,8,<4.44;3.77>,<1.75;1.95>,<1.75;1.95>,<2.33;2>,<2.33;2>,<0.96;0.96>,,,,,,
2373,,80616,,9,<4.44;3.77>,<1.75;1.95>,<1.75;1.95>,<2.33;2>,<2.33;2>,<0.96;0.96>,,,,,,
2374,,80616,,10,<4.44;3.77>,<1.75;1.95>,<1.75;1.95>,<2.33;2>,<2.33;2>,<0.96;0.96>,,,,,,
2375,,80616,,11,<4.44;3.77>,<1.75;1.95>,<1.75;1.95>,<2.33;2>,<2.33;2>,<0.96;0.96>,,,,,,
2376,,80616,,12,<4.44;3.77>,<1.75;1.95>,<1.75;1.95>,<2.33;2>,<2.33;2>,<0.96;0.96>,,,,,,
2377,,80621,{11=1.1},1,<4.44;3.77>,<1.75;1.95>,<1.75;1.95>,<2.33;2>,<2.33;2>,<0.96;0.96>,,,,,,
2378,,80621,{11=1.1},2,<4.44;3.77>,<1.75;1.95>,<1.75;1.95>,<2.33;2>,<2.33;2>,<0.96;0.96>,,,,,,
2379,,80621,{11=1.1},3,<4.44;3.77>,<1.75;1.95>,<1.75;1.95>,<2.33;2>,<2.33;2>,<0.96;0.96>,,,,,,
2380,,80621,{11=1.1},4,<4.44;3.77>,<1.75;1.95>,<1.75;1.95>,<2.33;2>,<2.33;2>,<0.96;0.96>,,,,,,
2381,,80621,{11=1.1},5,<4.44;3.77>,<1.75;1.95>,<1.75;1.95>,<2.33;2>,<2.33;2>,<0.96;0.96>,,,,,,
2382,,80621,{11=1.1},6,<4.44;3.77>,<1.75;1.95>,<1.75;1.95>,<2.33;2>,<2.33;2>,<0.96;0.96>,,,,,,
2383,,80621,{11=1.1},7,<4.44;3.77>,<1.75;1.95>,<1.75;1.95>,<2.33;2>,<2.33;2>,<0.96;0.96>,,,,,,
2384,,80621,{11=1.1},8,<4.44;3.77>,<1.75;1.95>,<1.75;1.95>,<2.33;2>,<2.33;2>,<0.96;0.96>,,,,,,
2385,,80621,{11=1.1},9,<4.44;3.77>,<1.75;1.95>,<1.75;1.95>,<2.33;2>,<2.33;2>,<0.96;0.96>,,,,,,
2386,,80621,{11=1.1},10,<4.44;3.77>,<1.75;1.95>,<1.75;1.95>,<2.33;2>,<2.33;2>,<0.96;0.96>,,,,,,
2387,,80621,{11=1.1},11,<4.44;3.77>,<1.75;1.95>,<1.75;1.95>,<2.33;2>,<2.33;2>,<0.96;0.96>,,,,,,
2388,,80621,{11=1.1},12,<4.44;3.77>,<1.75;1.95>,<1.75;1.95>,<2.33;2>,<2.33;2>,<0.96;0.96>,,,,,,
2389,,80622,{11=1.1},1,<4.44;3.77>,<1.75;1.95>,<1.75;1.95>,<2.33;2>,<2.33;2>,<0.96;0.96>,,,,,,
2390,,80622,{11=1.1},2,<4.44;3.77>,<1.75;1.95>,<1.75;1.95>,<2.33;2>,<2.33;2>,<0.96;0.96>,,,,,,
2391,,80622,{11=1.1},3,<4.44;3.77>,<1.75;1.95>,<1.75;1.95>,<2.33;2>,<2.33;2>,<0.96;0.96>,,,,,,
2392,,80622,{11=1.1},4,<4.44;3.77>,<1.75;1.95>,<1.75;1.95>,<2.33;2>,<2.33;2>,<0.96;0.96>,,,,,,
2393,,80622,{11=1.1},5,<4.44;3.77>,<1.75;1.95>,<1.75;1.95>,<2.33;2>,<2.33;2>,<0.96;0.96>,,,,,,
2394,,80622,{11=1.1},6,<4.44;3.77>,<1.75;1.95>,<1.75;1.95>,<2.33;2>,<2.33;2>,<0.96;0.96>,,,,,,
2395,,80622,{11=1.1},7,<4.44;3.77>,<1.75;1.95>,<1.75;1.95>,<2.33;2>,<2.33;2>,<0.96;0.96>,,,,,,
2396,,80622,{11=1.1},8,<4.44;3.77>,<1.75;1.95>,<1.75;1.95>,<2.33;2>,<2.33;2>,<0.96;0.96>,,,,,,
2397,,80622,{11=1.1},9,<4.44;3.77>,<1.75;1.95>,<1.75;1.95>,<2.33;2>,<2.33;2>,<0.96;0.96>,,,,,,
2398,,80622,{11=1.1},10,<4.44;3.77>,<1.75;1.95>,<1.75;1.95>,<2.33;2>,<2.33;2>,<0.96;0.96>,,,,,,
2399,,80622,{11=1.1},11,<4.44;3.77>,<1.75;1.95>,<1.75;1.95>,<2.33;2>,<2.33;2>,<0.96;0.96>,,,,,,
2400,,80622,{11=1.1},12,<4.44;3.77>,<1.75;1.95>,<1.75;1.95>,<2.33;2>,<2.33;2>,<0.96;0.96>,,,,,,
2401,,80623,{11=1.1},1,<4.44;3.77>,<1.75;1.95>,<1.75;1.95>,<2.33;2>,<2.33;2>,<0.96;0.96>,,,,,,
2402,,80623,{11=1.1},2,<4.44;3.77>,<1.75;1.95>,<1.75;1.95>,<2.33;2>,<2.33;2>,<0.96;0.96>,,,,,,
2403,,80623,{11=1.1},3,<4.44;3.77>,<1.75;1.95>,<1.75;1.95>,<2.33;2>,<2.33;2>,<0.96;0.96>,,,,,,
2404,,80623,{11=1.1},4,<4.44;3.77>,<1.75;1.95>,<1.75;1.95>,<2.33;2>,<2.33;2>,<0.96;0.96>,,,,,,
2405,,80623,{11=1.1},5,<4.44;3.77>,<1.75;1.95>,<1.75;1.95>,<2.33;2>,<2.33;2>,<0.96;0.96>,,,,,,
2406,,80623,{11=1.1},6,<4.44;3.77>,<1.75;1.95>,<1.75;1.95>,<2.33;2>,<2.33;2>,<0.96;0.96>,,,,,,
2407,,80623,{11=1.1},7,<4.44;3.77>,<1.75;1.95>,<1.75;1.95>,<2.33;2>,<2.33;2>,<0.96;0.96>,,,,,,
2408,,80623,{11=1.1},8,<4.44;3.77>,<1.75;1.95>,<1.75;1.95>,<2.33;2>,<2.33;2>,<0.96;0.96>,,,,,,
2409,,80623,{11=1.1},9,<4.44;3.77>,<1.75;1.95>,<1.75;1.95>,<2.33;2>,<2.33;2>,<0.96;0.96>,,,,,,
2410,,80623,{11=1.1},10,<4.44;3.77>,<1.75;1.95>,<1.75;1.95>,<2.33;2>,<2.33;2>,<0.96;0.96>,,,,,,
2411,,80623,{11=1.1},11,<4.44;3.77>,<1.75;1.95>,<1.75;1.95>,<2.33;2>,<2.33;2>,<0.96;0.96>,,,,,,
2412,,80623,{11=1.1},12,<4.44;3.77>,<1.75;1.95>,<1.75;1.95>,<2.33;2>,<2.33;2>,<0.96;0.96>,,,,,,
2413,,80624,,1,<4.44;3.77>,<1.75;1.95>,<1.75;1.95>,<2.33;2>,<2.33;2>,<0.96;0.96>,,,,,,
2414,,80624,,2,<4.44;3.77>,<1.75;1.95>,<1.75;1.95>,<2.33;2>,<2.33;2>,<0.96;0.96>,,,,,,
2415,,80624,,3,<4.44;3.77>,<1.75;1.95>,<1.75;1.95>,<2.33;2>,<2.33;2>,<0.96;0.96>,,,,,,
2416,,80624,,4,<4.44;3.77>,<1.75;1.95>,<1.75;1.95>,<2.33;2>,<2.33;2>,<0.96;0.96>,,,,,,
2417,,80624,,5,<4.44;3.77>,<1.75;1.95>,<1.75;1.95>,<2.33;2>,<2.33;2>,<0.96;0.96>,,,,,,
2418,,80624,,6,<4.44;3.77>,<1.75;1.95>,<1.75;1.95>,<2.33;2>,<2.33;2>,<0.96;0.96>,,,,,,
2419,,80624,,7,<4.44;3.77>,<1.75;1.95>,<1.75;1.95>,<2.33;2>,<2.33;2>,<0.96;0.96>,,,,,,
2420,,80624,,8,<4.44;3.77>,<1.75;1.95>,<1.75;1.95>,<2.33;2>,<2.33;2>,<0.96;0.96>,,,,,,
2421,,80624,,9,<4.44;3.77>,<1.75;1.95>,<1.75;1.95>,<2.33;2>,<2.33;2>,<0.96;0.96>,,,,,,
2422,,80624,,10,<4.44;3.77>,<1.75;1.95>,<1.75;1.95>,<2.33;2>,<2.33;2>,<0.96;0.96>,,,,,,
2423,,80624,,11,<4.44;3.77>,<1.75;1.95>,<1.75;1.95>,<2.33;2>,<2.33;2>,<0.96;0.96>,,,,,,
2424,,80624,,12,<4.44;3.77>,<1.75;1.95>,<1.75;1.95>,<2.33;2>,<2.33;2>,<0.96;0.96>,,,,,,
2425,,80625,,1,<4.44;3.77>,<1.75;1.95>,<1.75;1.95>,<2.33;2>,<2.33;2>,<0.96;0.96>,,,,,,
2426,,80625,,2,<4.44;3.77>,<1.75;1.95>,<1.75;1.95>,<2.33;2>,<2.33;2>,<0.96;0.96>,,,,,,
2427,,80625,,3,<4.44;3.77>,<1.75;1.95>,<1.75;1.95>,<2.33;2>,<2.33;2>,<0.96;0.96>,,,,,,
2428,,80625,,4,<4.44;3.77>,<1.75;1.95>,<1.75;1.95>,<2.33;2>,<2.33;2>,<0.96;0.96>,,,,,,
2429,,80625,,5,<4.44;3.77>,<1.75;1.95>,<1.75;1.95>,<2.33;2>,<2.33;2>,<0.96;0.96>,,,,,,
2430,,80625,,6,<4.44;3.77>,<1.75;1.95>,<1.75;1.95>,<2.33;2>,<2.33;2>,<0.96;0.96>,,,,,,
2431,,80625,,7,<4.44;3.77>,<1.75;1.95>,<1.75;1.95>,<2.33;2>,<2.33;2>,<0.96;0.96>,,,,,,
2432,,80625,,8,<4.44;3.77>,<1.75;1.95>,<1.75;1.95>,<2.33;2>,<2.33;2>,<0.96;0.96>,,,,,,
2433,,80625,,9,<4.44;3.77>,<1.75;1.95>,<1.75;1.95>,<2.33;2>,<2.33;2>,<0.96;0.96>,,,,,,
2434,,80625,,10,<4.44;3.77>,<1.75;1.95>,<1.75;1.95>,<2.33;2>,<2.33;2>,<0.96;0.96>,,,,,,
2435,,80625,,11,<4.44;3.77>,<1.75;1.95>,<1.75;1.95>,<2.33;2>,<2.33;2>,<0.96;0.96>,,,,,,
2436,,80625,,12,<4.44;3.77>,<1.75;1.95>,<1.75;1.95>,<2.33;2>,<2.33;2>,<0.96;0.96>,,,,,,
2437,,80626,,1,<4.44;3.77>,<1.75;1.95>,<1.75;1.95>,<2.33;2>,<2.33;2>,<0.96;0.96>,,,,,,
2438,,80626,,2,<4.44;3.77>,<1.75;1.95>,<1.75;1.95>,<2.33;2>,<2.33;2>,<0.96;0.96>,,,,,,
2439,,80626,,3,<4.44;3.77>,<1.75;1.95>,<1.75;1.95>,<2.33;2>,<2.33;2>,<0.96;0.96>,,,,,,
2440,,80626,,4,<4.44;3.77>,<1.75;1.95>,<1.75;1.95>,<2.33;2>,<2.33;2>,<0.96;0.96>,,,,,,
2441,,80626,,5,<4.44;3.77>,<1.75;1.95>,<1.75;1.95>,<2.33;2>,<2.33;2>,<0.96;0.96>,,,,,,
2442,,80626,,6,<4.44;3.77>,<1.75;1.95>,<1.75;1.95>,<2.33;2>,<2.33;2>,<0.96;0.96>,,,,,,
2443,,80626,,7,<4.44;3.77>,<1.75;1.95>,<1.75;1.95>,<2.33;2>,<2.33;2>,<0.96;0.96>,,,,,,
2444,,80626,,8,<4.44;3.77>,<1.75;1.95>,<1.75;1.95>,<2.33;2>,<2.33;2>,<0.96;0.96>,,,,,,
2445,,80626,,9,<4.44;3.77>,<1.75;1.95>,<1.75;1.95>,<2.33;2>,<2.33;2>,<0.96;0.96>,,,,,,
2446,,80626,,10,<4.44;3.77>,<1.75;1.95>,<1.75;1.95>,<2.33;2>,<2.33;2>,<0.96;0.96>,,,,,,
2447,,80626,,11,<4.44;3.77>,<1.75;1.95>,<1.75;1.95>,<2.33;2>,<2.33;2>,<0.96;0.96>,,,,,,
2448,,80626,,12,<4.44;3.77>,<1.75;1.95>,<1.75;1.95>,<2.33;2>,<2.33;2>,<0.96;0.96>,,,,,,
2449,,80631,{11=1.1},1,<4.44;3.77>,<1.75;1.95>,<1.75;1.95>,<2.33;2>,<2.33;2>,<0.96;0.96>,,,,,,
2450,,80631,{11=1.1},2,<4.44;3.77>,<1.75;1.95>,<1.75;1.95>,<2.33;2>,<2.33;2>,<0.96;0.96>,,,,,,
2451,,80631,{11=1.1},3,<4.44;3.77>,<1.75;1.95>,<1.75;1.95>,<2.33;2>,<2.33;2>,<0.96;0.96>,,,,,,
2452,,80631,{11=1.1},4,<4.44;3.77>,<1.75;1.95>,<1.75;1.95>,<2.33;2>,<2.33;2>,<0.96;0.96>,,,,,,
2453,,80631,{11=1.1},5,<4.44;3.77>,<1.75;1.95>,<1.75;1.95>,<2.33;2>,<2.33;2>,<0.96;0.96>,,,,,,
2454,,80631,{11=1.1},6,<4.44;3.77>,<1.75;1.95>,<1.75;1.95>,<2.33;2>,<2.33;2>,<0.96;0.96>,,,,,,
2455,,80631,{11=1.1},7,<4.44;3.77>,<1.75;1.95>,<1.75;1.95>,<2.33;2>,<2.33;2>,<0.96;0.96>,,,,,,
2456,,80631,{11=1.1},8,<4.44;3.77>,<1.75;1.95>,<1.75;1.95>,<2.33;2>,<2.33;2>,<0.96;0.96>,,,,,,
2457,,80631,{11=1.1},9,<4.44;3.77>,<1.75;1.95>,<1.75;1.95>,<2.33;2>,<2.33;2>,<0.96;0.96>,,,,,,
2458,,80631,{11=1.1},10,<4.44;3.77>,<1.75;1.95>,<1.75;1.95>,<2.33;2>,<2.33;2>,<0.96;0.96>,,,,,,
2459,,80631,{11=1.1},11,<4.44;3.77>,<1.75;1.95>,<1.75;1.95>,<2.33;2>,<2.33;2>,<0.96;0.96>,,,,,,
2460,,80631,{11=1.1},12,<4.44;3.77>,<1.75;1.95>,<1.75;1.95>,<2.33;2>,<2.33;2>,<0.96;0.96>,,,,,,
2461,,80632,{11=1.3},1,<4.44;3.77>,<1.75;1.95>,<1.75;1.95>,<2.33;2>,<2.33;2>,<0.96;0.96>,,,,,,
2462,,80632,{11=1.3},2,<4.44;3.77>,<1.75;1.95>,<1.75;1.95>,<2.33;2>,<2.33;2>,<0.96;0.96>,,,,,,
2463,,80632,{11=1.3},3,<4.44;3.77>,<1.75;1.95>,<1.75;1.95>,<2.33;2>,<2.33;2>,<0.96;0.96>,,,,,,
2464,,80632,{11=1.3},4,<4.44;3.77>,<1.75;1.95>,<1.75;1.95>,<2.33;2>,<2.33;2>,<0.96;0.96>,,,,,,
2465,,80632,{11=1.3},5,<4.44;3.77>,<1.75;1.95>,<1.75;1.95>,<2.33;2>,<2.33;2>,<0.96;0.96>,,,,,,
2466,,80632,{11=1.3},6,<4.44;3.77>,<1.75;1.95>,<1.75;1.95>,<2.33;2>,<2.33;2>,<0.96;0.96>,,,,,,
2467,,80632,{11=1.3},7,<4.44;3.77>,<1.75;1.95>,<1.75;1.95>,<2.33;2>,<2.33;2>,<0.96;0.96>,,,,,,
2468,,80632,{11=1.3},8,<4.44;3.77>,<1.75;1.95>,<1.75;1.95>,<2.33;2>,<2.33;2>,<0.96;0.96>,,,,,,
2469,,80632,{11=1.3},9,<4.44;3.77>,<1.75;1.95>,<1.75;1.95>,<2.33;2>,<2.33;2>,<0.96;0.96>,,,,,,
2470,,80632,{11=1.3},10,<4.44;3.77>,<1.75;1.95>,<1.75;1.95>,<2.33;2>,<2.33;2>,<0.96;0.96>,,,,,,
2471,,80632,{11=1.3},11,<4.44;3.77>,<1.75;1.95>,<1.75;1.95>,<2.33;2>,<2.33;2>,<0.96;0.96>,,,,,,
2472,,80632,{11=1.3},12,<4.44;3.77>,<1.75;1.95>,<1.75;1.95>,<2.33;2>,<2.33;2>,<0.96;0.96>,,,,,,
2473,,80633,{11=1.2},1,<4.44;3.77>,<1.75;1.95>,<1.75;1.95>,<2.33;2>,<2.33;2>,<0.96;0.96>,,,,,,
2474,,80633,{11=1.2},2,<4.44;3.77>,<1.75;1.95>,<1.75;1.95>,<2.33;2>,<2.33;2>,<0.96;0.96>,,,,,,
2475,,80633,{11=1.2},3,<4.44;3.77>,<1.75;1.95>,<1.75;1.95>,<2.33;2>,<2.33;2>,<0.96;0.96>,,,,,,
2476,,80633,{11=1.2},4,<4.44;3.77>,<1.75;1.95>,<1.75;1.95>,<2.33;2>,<2.33;2>,<0.96;0.96>,,,,,,
2477,,80633,{11=1.2},5,<4.44;3.77>,<1.75;1.95>,<1.75;1.95>,<2.33;2>,<2.33;2>,<0.96;0.96>,,,,,,
2478,,80633,{11=1.2},6,<4.44;3.77>,<1.75;1.95>,<1.75;1.95>,<2.33;2>,<2.33;2>,<0.96;0.96>,,,,,,
2479,,80633,{11=1.2},7,<4.44;3.77>,<1.75;1.95>,<1.75;1.95>,<2.33;2>,<2.33;2>,<0.96;0.96>,,,,,,
2480,,80633,{11=1.2},8,<4.44;3.77>,<1.75;1.95>,<1.75;1.95>,<2.33;2>,<2.33;2>,<0.96;0.96>,,,,,,
2481,,80633,{11=1.2},9,<4.44;3.77>,<1.75;1.95>,<1.75;1.95>,<2.33;2>,<2.33;2>,<0.96;0.96>,,,,,,
2482,,80633,{11=1.2},10,<4.44;3.77>,<1.75;1.95>,<1.75;1.95>,<2.33;2>,<2.33;2>,<0.96;0.96>,,,,,,
2483,,80633,{11=1.2},11,<4.44;3.77>,<1.75;1.95>,<1.75;1.95>,<2.33;2>,<2.33;2>,<0.96;0.96>,,,,,,
2484,,80633,{11=1.2},12,<4.44;3.77>,<1.75;1.95>,<1.75;1.95>,<2.33;2>,<2.33;2>,<0.96;0.96>,,,,,,
2485,,80634,{11=1.2},1,<4.44;3.77>,<1.75;1.95>,<1.75;1.95>,<2.33;2>,<2.33;2>,<0.96;0.96>,,,,,,
2486,,80634,{11=1.2},2,<4.44;3.77>,<1.75;1.95>,<1.75;1.95>,<2.33;2>,<2.33;2>,<0.96;0.96>,,,,,,
2487,,80634,{11=1.2},3,<4.44;3.77>,<1.75;1.95>,<1.75;1.95>,<2.33;2>,<2.33;2>,<0.96;0.96>,,,,,,
2488,,80634,{11=1.2},4,<4.44;3.77>,<1.75;1.95>,<1.75;1.95>,<2.33;2>,<2.33;2>,<0.96;0.96>,,,,,,
2489,,80634,{11=1.2},5,<4.44;3.77>,<1.75;1.95>,<1.75;1.95>,<2.33;2>,<2.33;2>,<0.96;0.96>,,,,,,
2490,,80634,{11=1.2},6,<4.44;3.77>,<1.75;1.95>,<1.75;1.95>,<2.33;2>,<2.33;2>,<0.96;0.96>,,,,,,
2491,,80634,{11=1.2},7,<4.44;3.77>,<1.75;1.95>,<1.75;1.95>,<2.33;2>,<2.33;2>,<0.96;0.96>,,,,,,
2492,,80634,{11=1.2},8,<4.44;3.77>,<1.75;1.95>,<1.75;1.95>,<2.33;2>,<2.33;2>,<0.96;0.96>,,,,,,
2493,,80634,{11=1.2},9,<4.44;3.77>,<1.75;1.95>,<1.75;1.95>,<2.33;2>,<2.33;2>,<0.96;0.96>,,,,,,
2494,,80634,{11=1.2},10,<4.44;3.77>,<1.75;1.95>,<1.75;1.95>,<2.33;2>,<2.33;2>,<0.96;0.96>,,,,,,
2495,,80634,{11=1.2},11,<4.44;3.77>,<1.75;1.95>,<1.75;1.95>,<2.33;2>,<2.33;2>,<0.96;0.96>,,,,,,
2496,,80634,{11=1.2},12,<4.44;3.77>,<1.75;1.95>,<1.75;1.95>,<2.33;2>,<2.33;2>,<0.96;0.96>,,,,,,
2497,,80635,,1,<4.44;3.77>,<1.75;1.95>,<1.75;1.95>,<2.33;2>,<2.33;2>,<0.96;0.96>,,,,,,
2498,,80635,,2,<4.44;3.77>,<1.75;1.95>,<1.75;1.95>,<2.33;2>,<2.33;2>,<0.96;0.96>,,,,,,
2499,,80635,,3,<4.44;3.77>,<1.75;1.95>,<1.75;1.95>,<2.33;2>,<2.33;2>,<0.96;0.96>,,,,,,
2500,,80635,,4,<4.44;3.77>,<1.75;1.95>,<1.75;1.95>,<2.33;2>,<2.33;2>,<0.96;0.96>,,,,,,
2501,,80635,,5,<4.44;3.77>,<1.75;1.95>,<1.75;1.95>,<2.33;2>,<2.33;2>,<0.96;0.96>,,,,,,
2502,,80635,,6,<4.44;3.77>,<1.75;1.95>,<1.75;1.95>,<2.33;2>,<2.33;2>,<0.96;0.96>,,,,,,
2503,,80635,,7,<4.44;3.77>,<1.75;1.95>,<1.75;1.95>,<2.33;2>,<2.33;2>,<0.96;0.96>,,,,,,
2504,,80635,,8,<4.44;3.77>,<1.75;1.95>,<1.75;1.95>,<2.33;2>,<2.33;2>,<0.96;0.96>,,,,,,
2505,,80635,,9,<4.44;3.77>,<1.75;1.95>,<1.75;1.95>,<2.33;2>,<2.33;2>,<0.96;0.96>,,,,,,
2506,,80635,,10,<4.44;3.77>,<1.75;1.95>,<1.75;1.95>,<2.33;2>,<2.33;2>,<0.96;0.96>,,,,,,
2507,,80635,,11,<4.44;3.77>,<1.75;1.95>,<1.75;1.95>,<2.33;2>,<2.33;2>,<0.96;0.96>,,,,,,
2508,,80635,,12,<4.44;3.77>,<1.75;1.95>,<1.75;1.95>,<2.33;2>,<2.33;2>,<0.96;0.96>,,,,,,
2509,,80636,,1,<4.44;3.77>,<1.75;1.95>,<1.75;1.95>,<2.33;2>,<2.33;2>,<0.96;0.96>,,,,,,
2510,,80636,,2,<4.44;3.77>,<1.75;1.95>,<1.75;1.95>,<2.33;2>,<2.33;2>,<0.96;0.96>,,,,,,
2511,,80636,,3,<4.44;3.77>,<1.75;1.95>,<1.75;1.95>,<2.33;2>,<2.33;2>,<0.96;0.96>,,,,,,
2512,,80636,,4,<4.44;3.77>,<1.75;1.95>,<1.75;1.95>,<2.33;2>,<2.33;2>,<0.96;0.96>,,,,,,
2513,,80636,,5,<4.44;3.77>,<1.75;1.95>,<1.75;1.95>,<2.33;2>,<2.33;2>,<0.96;0.96>,,,,,,
2514,,80636,,6,<4.44;3.77>,<1.75;1.95>,<1.75;1.95>,<2.33;2>,<2.33;2>,<0.96;0.96>,,,,,,
2515,,80636,,7,<4.44;3.77>,<1.75;1.95>,<1.75;1.95>,<2.33;2>,<2.33;2>,<0.96;0.96>,,,,,,
2516,,80636,,8,<4.44;3.77>,<1.75;1.95>,<1.75;1.95>,<2.33;2>,<2.33;2>,<0.96;0.96>,,,,,,
2517,,80636,,9,<4.44;3.77>,<1.75;1.95>,<1.75;1.95>,<2.33;2>,<2.33;2>,<0.96;0.96>,,,,,,
2518,,80636,,10,<4.44;3.77>,<1.75;1.95>,<1.75;1.95>,<2.33;2>,<2.33;2>,<0.96;0.96>,,,,,,
2519,,80636,,11,<4.44;3.77>,<1.75;1.95>,<1.75;1.95>,<2.33;2>,<2.33;2>,<0.96;0.96>,,,,,,
2520,,80636,,12,<4.44;3.77>,<1.75;1.95>,<1.75;1.95>,<2.33;2>,<2.33;2>,<0.96;0.96>,,,,,,
2521,,80641,{8=1.3},1,<4.44;3.77>,<1.75;1.95>,<1.75;1.95>,<2.33;2>,<2.33;2>,<0.96;0.96>,,,,,,
2522,,80641,{8=1.3},2,<4.44;3.77>,<1.75;1.95>,<1.75;1.95>,<2.33;2>,<2.33;2>,<0.96;0.96>,,,,,,
2523,,80641,{8=1.3},3,<4.44;3.77>,<1.75;1.95>,<1.75;1.95>,<2.33;2>,<2.33;2>,<0.96;0.96>,,,,,,
2524,,80641,{8=1.3},4,<4.44;3.77>,<1.75;1.95>,<1.75;1.95>,<2.33;2>,<2.33;2>,<0.96;0.96>,,,,,,
2525,,80641,{8=1.3},5,<4.44;3.77>,<1.75;1.95>,<1.75;1.95>,<2.33;2>,<2.33;2>,<0.96;0.96>,,,,,,
2526,,80641,{8=1.3},6,<4.44;3.77>,<1.75;1.95>,<1.75;1.95>,<2.33;2>,<2.33;2>,<0.96;0.96>,,,,,,
2527,,80641,{8=1.3},7,<4.44;3.77>,<1.75;1.95>,<1.75;1.95>,<2.33;2>,<2.33;2>,<0.96;0.96>,,,,,,
2528,,80641,{8=1.3},8,<4.44;3.77>,<1.75;1.95>,<1.75;1.95>,<2.33;2>,<2.33;2>,<0.96;0.96>,,,,,,
2529,,80641,{8=1.3},9,<4.44;3.77>,<1.75;1.95>,<1.75;1.95>,<2.33;2>,<2.33;2>,<0.96;0.96>,,,,,,
2530,,80641,{8=1.3},10,<4.44;3.77>,<1.75;1.95>,<1.75;1.95>,<2.33;2>,<2.33;2>,<0.96;0.96>,,,,,,
2531,,80641,{8=1.3},11,<4.44;3.77>,<1.75;1.95>,<1.75;1.95>,<2.33;2>,<2.33;2>,<0.96;0.96>,,,,,,
2532,,80641,{8=1.3},12,<4.44;3.77>,<1.75;1.95>,<1.75;1.95>,<2.33;2>,<2.33;2>,<0.96;0.96>,,,,,,
2533,,80642,{11=1.2},1,<4.44;3.77>,<1.75;1.95>,<1.75;1.95>,<2.33;2>,<2.33;2>,<0.96;0.96>,,,,,,
2534,,80642,{11=1.2},2,<4.44;3.77>,<1.75;1.95>,<1.75;1.95>,<2.33;2>,<2.33;2>,<0.96;0.96>,,,,,,
2535,,80642,{11=1.2},3,<4.44;3.77>,<1.75;1.95>,<1.75;1.95>,<2.33;2>,<2.33;2>,<0.96;0.96>,,,,,,
2536,,80642,{11=1.2},4,<4.44;3.77>,<1.75;1.95>,<1.75;1.95>,<2.33;2>,<2.33;2>,<0.96;0.96>,,,,,,
2537,,80642,{11=1.2},5,<4.44;3.77>,<1.75;1.95>,<1.75;1.95>,<2.33;2>,<2.33;2>,<0.96;0.96>,,,,,,
2538,,80642,{11=1.2},6,<4.44;3.77>,<1.75;1.95>,<1.75;1.95>,<2.33;2>,<2.33;2>,<0.96;0.96>,,,,,,
2539,,80642,{11=1.2},7,<4.44;3.77>,<1.75;1.95>,<1.75;1.95>,<2.33;2>,<2.33;2>,<0.96;0.96>,,,,,,
2540,,80642,{11=1.2},8,<4.44;3.77>,<1.75;1.95>,<1.75;1.95>,<2.33;2>,<2.33;2>,<0.96;0.96>,,,,,,
2541,,80642,{11=1.2},9,<4.44;3.77>,<1.75;1.95>,<1.75;1.95>,<2.33;2>,<2.33;2>,<0.96;0.96>,,,,,,
2542,,80642,{11=1.2},10,<4.44;3.77>,<1.75;1.95>,<1.75;1.95>,<2.33;2>,<2.33;2>,<0.96;0.96>,,,,,,
2543,,80642,{11=1.2},11,<4.44;3.77>,<1.75;1.95>,<1.75;1.95>,<2.33;2>,<2.33;2>,<0.96;0.96>,,,,,,
2544,,80642,{11=1.2},12,<4.44;3.77>,<1.75;1.95>,<1.75;1.95>,<2.33;2>,<2.33;2>,<0.96;0.96>,,,,,,
2545,,80643,{11=1.1},1,<4.44;3.77>,<1.75;1.95>,<1.75;1.95>,<2.33;2>,<2.33;2>,<0.96;0.96>,,,,,,
2546,,80643,{11=1.1},2,<4.44;3.77>,<1.75;1.95>,<1.75;1.95>,<2.33;2>,<2.33;2>,<0.96;0.96>,,,,,,
2547,,80643,{11=1.1},3,<4.44;3.77>,<1.75;1.95>,<1.75;1.95>,<2.33;2>,<2.33;2>,<0.96;0.96>,,,,,,
2548,,80643,{11=1.1},4,<4.44;3.77>,<1.75;1.95>,<1.75;1.95>,<2.33;2>,<2.33;2>,<0.96;0.96>,,,,,,
2549,,80643,{11=1.1},5,<4.44;3.77>,<1.75;1.95>,<1.75;1.95>,<2.33;2>,<2.33;2>,<0.96;0.96>,,,,,,
2550,,80643,{11=1.1},6,<4.44;3.77>,<1.75;1.95>,<1.75;1.95>,<2.33;2>,<2.33;2>,<0.96;0.96>,,,,,,
2551,,80643,{11=1.1},7,<4.44;3.77>,<1.75;1.95>,<1.75;1.95>,<2.33;2>,<2.33;2>,<0.96;0.96>,,,,,,
2552,,80643,{11=1.1},8,<4.44;3.77>,<1.75;1.95>,<1.75;1.95>,<2.33;2>,<2.33;2>,<0.96;0.96>,,,,,,
2553,,80643,{11=1.1},9,<4.44;3.77>,<1.75;1.95>,<1.75;1.95>,<2.33;2>,<2.33;2>,<0.96;0.96>,,,,,,
2554,,80643,{11=1.1},10,<4.44;3.77>,<1.75;1.95>,<1.75;1.95>,<2.33;2>,<2.33;2>,<0.96;0.96>,,,,,,
2555,,80643,{11=1.1},11,<4.44;3.77>,<1.75;1.95>,<1.75;1.95>,<2.33;2>,<2.33;2>,<0.96;0.96>,,,,,,
2556,,80643,{11=1.1},12,<4.44;3.77>,<1.75;1.95>,<1.75;1.95>,<2.33;2>,<2.33;2>,<0.96;0.96>,,,,,,
2557,,80644,,1,<4.44;3.77>,<1.75;1.95>,<1.75;1.95>,<2.33;2>,<2.33;2>,<0.96;0.96>,,,,,,
2558,,80644,,2,<4.44;3.77>,<1.75;1.95>,<1.75;1.95>,<2.33;2>,<2.33;2>,<0.96;0.96>,,,,,,
2559,,80644,,3,<4.44;3.77>,<1.75;1.95>,<1.75;1.95>,<2.33;2>,<2.33;2>,<0.96;0.96>,,,,,,
2560,,80644,,4,<4.44;3.77>,<1.75;1.95>,<1.75;1.95>,<2.33;2>,<2.33;2>,<0.96;0.96>,,,,,,
2561,,80644,,5,<4.44;3.77>,<1.75;1.95>,<1.75;1.95>,<2.33;2>,<2.33;2>,<0.96;0.96>,,,,,,
2562,,80644,,6,<4.44;3.77>,<1.75;1.95>,<1.75;1.95>,<2.33;2>,<2.33;2>,<0.96;0.96>,,,,,,
2563,,80644,,7,<4.44;3.77>,<1.75;1.95>,<1.75;1.95>,<2.33;2>,<2.33;2>,<0.96;0.96>,,,,,,
2564,,80644,,8,<4.44;3.77>,<1.75;1.95>,<1.75;1.95>,<2.33;2>,<2.33;2>,<0.96;0.96>,,,,,,
2565,,80644,,9,<4.44;3.77>,<1.75;1.95>,<1.75;1.95>,<2.33;2>,<2.33;2>,<0.96;0.96>,,,,,,
2566,,80644,,10,<4.44;3.77>,<1.75;1.95>,<1.75;1.95>,<2.33;2>,<2.33;2>,<0.96;0.96>,,,,,,
2567,,80644,,11,<4.44;3.77>,<1.75;1.95>,<1.75;1.95>,<2.33;2>,<2.33;2>,<0.96;0.96>,,,,,,
2568,,80644,,12,<4.44;3.77>,<1.75;1.95>,<1.75;1.95>,<2.33;2>,<2.33;2>,<0.96;0.96>,,,,,,
2569,,80645,,1,<4.44;3.77>,<1.75;1.95>,<1.75;1.95>,<2.33;2>,<2.33;2>,<0.96;0.96>,,,,,,
2570,,80645,,2,<4.44;3.77>,<1.75;1.95>,<1.75;1.95>,<2.33;2>,<2.33;2>,<0.96;0.96>,,,,,,
2571,,80645,,3,<4.44;3.77>,<1.75;1.95>,<1.75;1.95>,<2.33;2>,<2.33;2>,<0.96;0.96>,,,,,,
2572,,80645,,4,<4.44;3.77>,<1.75;1.95>,<1.75;1.95>,<2.33;2>,<2.33;2>,<0.96;0.96>,,,,,,
2573,,80645,,5,<4.44;3.77>,<1.75;1.95>,<1.75;1.95>,<2.33;2>,<2.33;2>,<0.96;0.96>,,,,,,
2574,,80645,,6,<4.44;3.77>,<1.75;1.95>,<1.75;1.95>,<2.33;2>,<2.33;2>,<0.96;0.96>,,,,,,
2575,,80645,,7,<4.44;3.77>,<1.75;1.95>,<1.75;1.95>,<2.33;2>,<2.33;2>,<0.96;0.96>,,,,,,
2576,,80645,,8,<4.44;3.77>,<1.75;1.95>,<1.75;1.95>,<2.33;2>,<2.33;2>,<0.96;0.96>,,,,,,
2577,,80645,,9,<4.44;3.77>,<1.75;1.95>,<1.75;1.95>,<2.33;2>,<2.33;2>,<0.96;0.96>,,,,,,
2578,,80645,,10,<4.44;3.77>,<1.75;1.95>,<1.75;1.95>,<2.33;2>,<2.33;2>,<0.96;0.96>,,,,,,
2579,,80645,,11,<4.44;3.77>,<1.75;1.95>,<1.75;1.95>,<2.33;2>,<2.33;2>,<0.96;0.96>,,,,,,
2580,,80645,,12,<4.44;3.77>,<1.75;1.95>,<1.75;1.95>,<2.33;2>,<2.33;2>,<0.96;0.96>,,,,,,
2581,,80646,,1,<4.44;3.77>,<1.75;1.95>,<1.75;1.95>,<2.33;2>,<2.33;2>,<0.96;0.96>,,,,,,
2582,,80646,,2,<4.44;3.77>,<1.75;1.95>,<1.75;1.95>,<2.33;2>,<2.33;2>,<0.96;0.96>,,,,,,
2583,,80646,,3,<4.44;3.77>,<1.75;1.95>,<1.75;1.95>,<2.33;2>,<2.33;2>,<0.96;0.96>,,,,,,
2584,,80646,,4,<4.44;3.77>,<1.75;1.95>,<1.75;1.95>,<2.33;2>,<2.33;2>,<0.96;0.96>,,,,,,
2585,,80646,,5,<4.44;3.77>,<1.75;1.95>,<1.75;1.95>,<2.33;2>,<2.33;2>,<0.96;0.96>,,,,,,
2586,,80646,,6,<4.44;3.77>,<1.75;1.95>,<1.75;1.95>,<2.33;2>,<2.33;2>,<0.96;0.96>,,,,,,
2587,,80646,,7,<4.44;3.77>,<1.75;1.95>,<1.75;1.95>,<2.33;2>,<2.33;2>,<0.96;0.96>,,,,,,
2588,,80646,,8,<4.44;3.77>,<1.75;1.95>,<1.75;1.95>,<2.33;2>,<2.33;2>,<0.96;0.96>,,,,,,
2589,,80646,,9,<4.44;3.77>,<1.75;1.95>,<1.75;1.95>,<2.33;2>,<2.33;2>,<0.96;0.96>,,,,,,
2590,,80646,,10,<4.44;3.77>,<1.75;1.95>,<1.75;1.95>,<2.33;2>,<2.33;2>,<0.96;0.96>,,,,,,
2591,,80646,,11,<4.44;3.77>,<1.75;1.95>,<1.75;1.95>,<2.33;2>,<2.33;2>,<0.96;0.96>,,,,,,
2592,,80646,,12,<4.44;3.77>,<1.75;1.95>,<1.75;1.95>,<2.33;2>,<2.33;2>,<0.96;0.96>,,,,,,
2593,,80651,{11=1.3},1,<3.52;2.99>,<1.39;1.55>,<1.39;1.55>,<1.85;1.58>,<1.85;1.58>,<0.99;0.99>,,,,,,
2594,,80651,{11=1.3},2,<3.52;2.99>,<1.39;1.55>,<1.39;1.55>,<1.85;1.58>,<1.85;1.58>,<0.99;0.99>,,,,,,
2595,,80651,{11=1.3},3,<3.52;2.99>,<1.39;1.55>,<1.39;1.55>,<1.85;1.58>,<1.85;1.58>,<0.99;0.99>,,,,,,
2596,,80651,{11=1.3},4,<3.52;2.99>,<1.39;1.55>,<1.39;1.55>,<1.85;1.58>,<1.85;1.58>,<0.99;0.99>,,,,,,
2597,,80651,{11=1.3},5,<3.52;2.99>,<1.39;1.55>,<1.39;1.55>,<1.85;1.58>,<1.85;1.58>,<0.99;0.99>,,,,,,
2598,,80651,{11=1.3},6,<3.52;2.99>,<1.39;1.55>,<1.39;1.55>,<1.85;1.58>,<1.85;1.58>,<0.99;0.99>,,,,,,
2599,,80651,{11=1.3},7,<3.52;2.99>,<1.39;1.55>,<1.39;1.55>,<1.85;1.58>,<1.85;1.58>,<0.99;0.99>,,,,,,
2600,,80651,{11=1.3},8,<3.52;2.99>,<1.39;1.55>,<1.39;1.55>,<1.85;1.58>,<1.85;1.58>,<0.99;0.99>,,,,,,
2601,,80651,{11=1.3},9,<3.52;2.99>,<1.39;1.55>,<1.39;1.55>,<1.85;1.58>,<1.85;1.58>,<0.99;0.99>,,,,,,
2602,,80651,{11=1.3},10,<3.52;2.99>,<1.39;1.55>,<1.39;1.55>,<1.85;1.58>,<1.85;1.58>,<0.99;0.99>,,,,,,
2603,,80651,{11=1.3},11,<3.52;2.99>,<1.39;1.55>,<1.39;1.55>,<1.85;1.58>,<1.85;1.58>,<0.99;0.99>,,,,,,
2604,,80651,{11=1.3},12,<3.52;2.99>,<1.39;1.55>,<1.39;1.55>,<1.85;1.58>,<1.85;1.58>,<0.99;0.99>,,,,,,
2605,,80701,{11=1.1},1,<4.44;3.77>,<1.75;1.95>,<1.75;1.95>,<2.33;2>,<2.33;2>,<0.96;0.96>,,,,,,
2606,,80701,{11=1.1},2,<4.44;3.77>,<1.75;1.95>,<1.75;1.95>,<2.33;2>,<2.33;2>,<0.96;0.96>,,,,,,
2607,,80701,{11=1.1},3,<4.44;3.77>,<1.75;1.95>,<1.75;1.95>,<2.33;2>,<2.33;2>,<0.96;0.96>,,,,,,
2608,,80701,{11=1.1},4,<4.44;3.77>,<1.75;1.95>,<1.75;1.95>,<2.33;2>,<2.33;2>,<0.96;0.96>,,,,,,
2609,,80701,{11=1.1},5,<4.44;3.77>,<1.75;1.95>,<1.75;1.95>,<2.33;2>,<2.33;2>,<0.96;0.96>,,,,,,
2610,,80701,{11=1.1},6,<4.44;3.77>,<1.75;1.95>,<1.75;1.95>,<2.33;2>,<2.33;2>,<0.96;0.96>,,,,,,
2611,,80701,{11=1.1},7,<4.44;3.77>,<1.75;1.95>,<1.75;1.95>,<2.33;2>,<2.33;2>,<0.96;0.96>,,,,,,
2612,,80701,{11=1.1},8,<4.44;3.77>,<1.75;1.95>,<1.75;1.95>,<2.33;2>,<2.33;2>,<0.96;0.96>,,,,,,
2613,,80701,{11=1.1},9,<4.44;3.77>,<1.75;1.95>,<1.75;1.95>,<2.33;2>,<2.33;2>,<0.96;0.96>,,,,,,
2614,,80701,{11=1.1},10,<4.44;3.77>,<1.75;1.95>,<1.75;1.95>,<2.33;2>,<2.33;2>,<0.96;0.96>,,,,,,
2615,,80701,{11=1.1},11,<4.44;3.77>,<1.75;1.95>,<1.75;1.95>,<2.33;2>,<2.33;2>,<0.96;0.96>,,,,,,
2616,,80701,{11=1.1},12,<4.44;3.77>,<1.75;1.95>,<1.75;1.95>,<2.33;2>,<2.33;2>,<0.96;0.96>,,,,,,
2617,,80702,{11=1.1},1,<4.44;3.77>,<1.75;1.95>,<1.75;1.95>,<2.33;2>,<2.33;2>,<0.96;0.96>,,,,,,
2618,,80702,{11=1.1},2,<4.44;3.77>,<1.75;1.95>,<1.75;1.95>,<2.33;2>,<2.33;2>,<0.96;0.96>,,,,,,
2619,,80702,{11=1.1},3,<4.44;3.77>,<1.75;1.95>,<1.75;1.95>,<2.33;2>,<2.33;2>,<0.96;0.96>,,,,,,
2620,,80702,{11=1.1},4,<4.44;3.77>,<1.75;1.95>,<1.75;1.95>,<2.33;2>,<2.33;2>,<0.96;0.96>,,,,,,
2621,,80702,{11=1.1},5,<4.44;3.77>,<1.75;1.95>,<1.75;1.95>,<2.33;2>,<2.33;2>,<0.96;0.96>,,,,,,
2622,,80702,{11=1.1},6,<4.44;3.77>,<1.75;1.95>,<1.75;1.95>,<2.33;2>,<2.33;2>,<0.96;0.96>,,,,,,
2623,,80702,{11=1.1},7,<4.44;3.77>,<1.75;1.95>,<1.75;1.95>,<2.33;2>,<2.33;2>,<0.96;0.96>,,,,,,
2624,,80702,{11=1.1},8,<4.44;3.77>,<1.75;1.95>,<1.75;1.95>,<2.33;2>,<2.33;2>,<0.96;0.96>,,,,,,
2625,,80702,{11=1.1},9,<4.44;3.77>,<1.75;1.95>,<1.75;1.95>,<2.33;2>,<2.33;2>,<0.96;0.96>,,,,,,
2626,,80702,{11=1.1},10,<4.44;3.77>,<1.75;1.95>,<1.75;1.95>,<2.33;2>,<2.33;2>,<0.96;0.96>,,,,,,
2627,,80702,{11=1.1},11,<4.44;3.77>,<1.75;1.95>,<1.75;1.95>,<2.33;2>,<2.33;2>,<0.96;0.96>,,,,,,
2628,,80702,{11=1.1},12,<4.44;3.77>,<1.75;1.95>,<1.75;1.95>,<2.33;2>,<2.33;2>,<0.96;0.96>,,,,,,
2629,,80703,{11=1.1},1,<4.44;3.77>,<1.75;1.95>,<1.75;1.95>,<2.33;2>,<2.33;2>,<0.96;0.96>,,,,,,
2630,,80703,{11=1.1},2,<4.44;3.77>,<1.75;1.95>,<1.75;1.95>,<2.33;2>,<2.33;2>,<0.96;0.96>,,,,,,
2631,,80703,{11=1.1},3,<4.44;3.77>,<1.75;1.95>,<1.75;1.95>,<2.33;2>,<2.33;2>,<0.96;0.96>,,,,,,
2632,,80703,{11=1.1},4,<4.44;3.77>,<1.75;1.95>,<1.75;1.95>,<2.33;2>,<2.33;2>,<0.96;0.96>,,,,,,
2633,,80703,{11=1.1},5,<4.44;3.77>,<1.75;1.95>,<1.75;1.95>,<2.33;2>,<2.33;2>,<0.96;0.96>,,,,,,
2634,,80703,{11=1.1},6,<4.44;3.77>,<1.75;1.95>,<1.75;1.95>,<2.33;2>,<2.33;2>,<0.96;0.96>,,,,,,
2635,,80703,{11=1.1},7,<4.44;3.77>,<1.75;1.95>,<1.75;1.95>,<2.33;2>,<2.33;2>,<0.96;0.96>,,,,,,
2636,,80703,{11=1.1},8,<4.44;3.77>,<1.75;1.95>,<1.75;1.95>,<2.33;2>,<2.33;2>,<0.96;0.96>,,,,,,
2637,,80703,{11=1.1},9,<4.44;3.77>,<1.75;1.95>,<1.75;1.95>,<2.33;2>,<2.33;2>,<0.96;0.96>,,,,,,
2638,,80703,{11=1.1},10,<4.44;3.77>,<1.75;1.95>,<1.75;1.95>,<2.33;2>,<2.33;2>,<0.96;0.96>,,,,,,
2639,,80703,{11=1.1},11,<4.44;3.77>,<1.75;1.95>,<1.75;1.95>,<2.33;2>,<2.33;2>,<0.96;0.96>,,,,,,
2640,,80703,{11=1.1},12,<4.44;3.77>,<1.75;1.95>,<1.75;1.95>,<2.33;2>,<2.33;2>,<0.96;0.96>,,,,,,
2641,,80704,,1,<4.44;3.77>,<1.75;1.95>,<1.75;1.95>,<2.33;2>,<2.33;2>,<0.96;0.96>,,,,,,
2642,,80704,,2,<4.44;3.77>,<1.75;1.95>,<1.75;1.95>,<2.33;2>,<2.33;2>,<0.96;0.96>,,,,,,
2643,,80704,,3,<4.44;3.77>,<1.75;1.95>,<1.75;1.95>,<2.33;2>,<2.33;2>,<0.96;0.96>,,,,,,
2644,,80704,,4,<4.44;3.77>,<1.75;1.95>,<1.75;1.95>,<2.33;2>,<2.33;2>,<0.96;0.96>,,,,,,
2645,,80704,,5,<4.44;3.77>,<1.75;1.95>,<1.75;1.95>,<2.33;2>,<2.33;2>,<0.96;0.96>,,,,,,
2646,,80704,,6,<4.44;3.77>,<1.75;1.95>,<1.75;1.95>,<2.33;2>,<2.33;2>,<0.96;0.96>,,,,,,
2647,,80704,,7,<4.44;3.77>,<1.75;1.95>,<1.75;1.95>,<2.33;2>,<2.33;2>,<0.96;0.96>,,,,,,
2648,,80704,,8,<4.44;3.77>,<1.75;1.95>,<1.75;1.95>,<2.33;2>,<2.33;2>,<0.96;0.96>,,,,,,
2649,,80704,,9,<4.44;3.77>,<1.75;1.95>,<1.75;1.95>,<2.33;2>,<2.33;2>,<0.96;0.96>,,,,,,
2650,,80704,,10,<4.44;3.77>,<1.75;1.95>,<1.75;1.95>,<2.33;2>,<2.33;2>,<0.96;0.96>,,,,,,
2651,,80704,,11,<4.44;3.77>,<1.75;1.95>,<1.75;1.95>,<2.33;2>,<2.33;2>,<0.96;0.96>,,,,,,
2652,,80704,,12,<4.44;3.77>,<1.75;1.95>,<1.75;1.95>,<2.33;2>,<2.33;2>,<0.96;0.96>,,,,,,
2653,,80705,,1,<4.44;3.77>,<1.75;1.95>,<1.75;1.95>,<2.33;2>,<2.33;2>,<0.96;0.96>,,,,,,
2654,,80705,,2,<4.44;3.77>,<1.75;1.95>,<1.75;1.95>,<2.33;2>,<2.33;2>,<0.96;0.96>,,,,,,
2655,,80705,,3,<4.44;3.77>,<1.75;1.95>,<1.75;1.95>,<2.33;2>,<2.33;2>,<0.96;0.96>,,,,,,
2656,,80705,,4,<4.44;3.77>,<1.75;1.95>,<1.75;1.95>,<2.33;2>,<2.33;2>,<0.96;0.96>,,,,,,
2657,,80705,,5,<4.44;3.77>,<1.75;1.95>,<1.75;1.95>,<2.33;2>,<2.33;2>,<0.96;0.96>,,,,,,
2658,,80705,,6,<4.44;3.77>,<1.75;1.95>,<1.75;1.95>,<2.33;2>,<2.33;2>,<0.96;0.96>,,,,,,
2659,,80705,,7,<4.44;3.77>,<1.75;1.95>,<1.75;1.95>,<2.33;2>,<2.33;2>,<0.96;0.96>,,,,,,
2660,,80705,,8,<4.44;3.77>,<1.75;1.95>,<1.75;1.95>,<2.33;2>,<2.33;2>,<0.96;0.96>,,,,,,
2661,,80705,,9,<4.44;3.77>,<1.75;1.95>,<1.75;1.95>,<2.33;2>,<2.33;2>,<0.96;0.96>,,,,,,
2662,,80705,,10,<4.44;3.77>,<1.75;1.95>,<1.75;1.95>,<2.33;2>,<2.33;2>,<0.96;0.96>,,,,,,
2663,,80705,,11,<4.44;3.77>,<1.75;1.95>,<1.75;1.95>,<2.33;2>,<2.33;2>,<0.96;0.96>,,,,,,
2664,,80705,,12,<4.44;3.77>,<1.75;1.95>,<1.75;1.95>,<2.33;2>,<2.33;2>,<0.96;0.96>,,,,,,
2665,,80706,,1,<4.44;3.77>,<1.75;1.95>,<1.75;1.95>,<2.33;2>,<2.33;2>,<0.96;0.96>,,,,,,
2666,,80706,,2,<4.44;3.77>,<1.75;1.95>,<1.75;1.95>,<2.33;2>,<2.33;2>,<0.96;0.96>,,,,,,
2667,,80706,,3,<4.44;3.77>,<1.75;1.95>,<1.75;1.95>,<2.33;2>,<2.33;2>,<0.96;0.96>,,,,,,
2668,,80706,,4,<4.44;3.77>,<1.75;1.95>,<1.75;1.95>,<2.33;2>,<2.33;2>,<0.96;0.96>,,,,,,
2669,,80706,,5,<4.44;3.77>,<1.75;1.95>,<1.75;1.95>,<2.33;2>,<2.33;2>,<0.96;0.96>,,,,,,
2670,,80706,,6,<4.44;3.77>,<1.75;1.95>,<1.75;1.95>,<2.33;2>,<2.33;2>,<0.96;0.96>,,,,,,
2671,,80706,,7,<4.44;3.77>,<1.75;1.95>,<1.75;1.95>,<2.33;2>,<2.33;2>,<0.96;0.96>,,,,,,
2672,,80706,,8,<4.44;3.77>,<1.75;1.95>,<1.75;1.95>,<2.33;2>,<2.33;2>,<0.96;0.96>,,,,,,
2673,,80706,,9,<4.44;3.77>,<1.75;1.95>,<1.75;1.95>,<2.33;2>,<2.33;2>,<0.96;0.96>,,,,,,
2674,,80706,,10,<4.44;3.77>,<1.75;1.95>,<1.75;1.95>,<2.33;2>,<2.33;2>,<0.96;0.96>,,,,,,
2675,,80706,,11,<4.44;3.77>,<1.75;1.95>,<1.75;1.95>,<2.33;2>,<2.33;2>,<0.96;0.96>,,,,,,
2676,,80706,,12,<4.44;3.77>,<1.75;1.95>,<1.75;1.95>,<2.33;2>,<2.33;2>,<0.96;0.96>,,,,,,
2677,,80711,{11=1.1},1,<5.32;4.52>,<2.1;2.34>,<2.1;2.34>,<2.79;2.39>,<2.79;2.39>,<0.96;0.96>,,,,,,
2678,,80711,{11=1.1},2,<5.32;4.52>,<2.1;2.34>,<2.1;2.34>,<2.79;2.39>,<2.79;2.39>,<0.96;0.96>,,,,,,
2679,,80711,{11=1.1},3,<5.32;4.52>,<2.1;2.34>,<2.1;2.34>,<2.79;2.39>,<2.79;2.39>,<0.96;0.96>,,,,,,
2680,,80711,{11=1.1},4,<5.32;4.52>,<2.1;2.34>,<2.1;2.34>,<2.79;2.39>,<2.79;2.39>,<0.96;0.96>,,,,,,
2681,,80711,{11=1.1},5,<5.32;4.52>,<2.1;2.34>,<2.1;2.34>,<2.79;2.39>,<2.79;2.39>,<0.96;0.96>,,,,,,
2682,,80711,{11=1.1},6,<5.32;4.52>,<2.1;2.34>,<2.1;2.34>,<2.79;2.39>,<2.79;2.39>,<0.96;0.96>,,,,,,
2683,,80711,{11=1.1},7,<5.32;4.52>,<2.1;2.34>,<2.1;2.34>,<2.79;2.39>,<2.79;2.39>,<0.96;0.96>,,,,,,
2684,,80711,{11=1.1},8,<5.32;4.52>,<2.1;2.34>,<2.1;2.34>,<2.79;2.39>,<2.79;2.39>,<0.96;0.96>,,,,,,
2685,,80711,{11=1.1},9,<5.32;4.52>,<2.1;2.34>,<2.1;2.34>,<2.79;2.39>,<2.79;2.39>,<0.96;0.96>,,,,,,
2686,,80711,{11=1.1},10,<5.32;4.52>,<2.1;2.34>,<2.1;2.34>,<2.79;2.39>,<2.79;2.39>,<0.96;0.96>,,,,,,
2687,,80711,{11=1.1},11,<5.32;4.52>,<2.1;2.34>,<2.1;2.34>,<2.79;2.39>,<2.79;2.39>,<0.96;0.96>,,,,,,
2688,,80711,{11=1.1},12,<5.32;4.52>,<2.1;2.34>,<2.1;2.34>,<2.79;2.39>,<2.79;2.39>,<0.96;0.96>,,,,,,
2689,,80712,{11=1.1},1,<5.32;4.52>,<2.1;2.34>,<2.1;2.34>,<2.79;2.39>,<2.79;2.39>,<0.96;0.96>,,,,,,
2690,,80712,{11=1.1},2,<5.32;4.52>,<2.1;2.34>,<2.1;2.34>,<2.79;2.39>,<2.79;2.39>,<0.96;0.96>,,,,,,
2691,,80712,{11=1.1},3,<5.32;4.52>,<2.1;2.34>,<2.1;2.34>,<2.79;2.39>,<2.79;2.39>,<0.96;0.96>,,,,,,
2692,,80712,{11=1.1},4,<5.32;4.52>,<2.1;2.34>,<2.1;2.34>,<2.79;2.39>,<2.79;2.39>,<0.96;0.96>,,,,,,
2693,,80712,{11=1.1},5,<5.32;4.52>,<2.1;2.34>,<2.1;2.34>,<2.79;2.39>,<2.79;2.39>,<0.96;0.96>,,,,,,
2694,,80712,{11=1.1},6,<5.32;4.52>,<2.1;2.34>,<2.1;2.34>,<2.79;2.39>,<2.79;2.39>,<0.96;0.96>,,,,,,
2695,,80712,{11=1.1},7,<5.32;4.52>,<2.1;2.34>,<2.1;2.34>,<2.79;2.39>,<2.79;2.39>,<0.96;0.96>,,,,,,
2696,,80712,{11=1.1},8,<5.32;4.52>,<2.1;2.34>,<2.1;2.34>,<2.79;2.39>,<2.79;2.39>,<0.96;0.96>,,,,,,
2697,,80712,{11=1.1},9,<5.32;4.52>,<2.1;2.34>,<2.1;2.34>,<2.79;2.39>,<2.79;2.39>,<0.96;0.96>,,,,,,
2698,,80712,{11=1.1},10,<5.32;4.52>,<2.1;2.34>,<2.1;2.34>,<2.79;2.39>,<2.79;2.39>,<0.96;0.96>,,,,,,
2699,,80712,{11=1.1},11,<5.32;4.52>,<2.1;2.34>,<2.1;2.34>,<2.79;2.39>,<2.79;2.39>,<0.96;0.96>,,,,,,
2700,,80712,{11=1.1},12,<5.32;4.52>,<2.1;2.34>,<2.1;2.34>,<2.79;2.39>,<2.79;2.39>,<0.96;0.96>,,,,,,
2701,,80713,,1,<5.32;4.52>,<2.1;2.34>,<2.1;2.34>,<2.79;2.39>,<2.79;2.39>,<0.96;0.96>,,,,,,
2702,,80713,,2,<5.32;4.52>,<2.1;2.34>,<2.1;2.34>,<2.79;2.39>,<2.79;2.39>,<0.96;0.96>,,,,,,
2703,,80713,,3,<5.32;4.52>,<2.1;2.34>,<2.1;2.34>,<2.79;2.39>,<2.79;2.39>,<0.96;0.96>,,,,,,
2704,,80713,,4,<5.32;4.52>,<2.1;2.34>,<2.1;2.34>,<2.79;2.39>,<2.79;2.39>,<0.96;0.96>,,,,,,
2705,,80713,,5,<5.32;4.52>,<2.1;2.34>,<2.1;2.34>,<2.79;2.39>,<2.79;2.39>,<0.96;0.96>,,,,,,
2706,,80713,,6,<5.32;4.52>,<2.1;2.34>,<2.1;2.34>,<2.79;2.39>,<2.79;2.39>,<0.96;0.96>,,,,,,
2707,,80713,,7,<5.32;4.52>,<2.1;2.34>,<2.1;2.34>,<2.79;2.39>,<2.79;2.39>,<0.96;0.96>,,,,,,
2708,,80713,,8,<5.32;4.52>,<2.1;2.34>,<2.1;2.34>,<2.79;2.39>,<2.79;2.39>,<0.96;0.96>,,,,,,
2709,,80713,,9,<5.32;4.52>,<2.1;2.34>,<2.1;2.34>,<2.79;2.39>,<2.79;2.39>,<0.96;0.96>,,,,,,
2710,,80713,,10,<5.32;4.52>,<2.1;2.34>,<2.1;2.34>,<2.79;2.39>,<2.79;2.39>,<0.96;0.96>,,,,,,
2711,,80713,,11,<5.32;4.52>,<2.1;2.34>,<2.1;2.34>,<2.79;2.39>,<2.79;2.39>,<0.96;0.96>,,,,,,
2712,,80713,,12,<5.32;4.52>,<2.1;2.34>,<2.1;2.34>,<2.79;2.39>,<2.79;2.39>,<0.96;0.96>,,,,,,
2713,,80714,,1,<5.32;4.52>,<2.1;2.34>,<2.1;2.34>,<2.79;2.39>,<2.79;2.39>,<0.96;0.96>,,,,,,
2714,,80714,,2,<5.32;4.52>,<2.1;2.34>,<2.1;2.34>,<2.79;2.39>,<2.79;2.39>,<0.96;0.96>,,,,,,
2715,,80714,,3,<5.32;4.52>,<2.1;2.34>,<2.1;2.34>,<2.79;2.39>,<2.79;2.39>,<0.96;0.96>,,,,,,
2716,,80714,,4,<5.32;4.52>,<2.1;2.34>,<2.1;2.34>,<2.79;2.39>,<2.79;2.39>,<0.96;0.96>,,,,,,
2717,,80714,,5,<5.32;4.52>,<2.1;2.34>,<2.1;2.34>,<2.79;2.39>,<2.79;2.39>,<0.96;0.96>,,,,,,
2718,,80714,,6,<5.32;4.52>,<2.1;2.34>,<2.1;2.34>,<2.79;2.39>,<2.79;2.39>,<0.96;0.96>,,,,,,
2719,,80714,,7,<5.32;4.52>,<2.1;2.34>,<2.1;2.34>,<2.79;2.39>,<2.79;2.39>,<0.96;0.96>,,,,,,
2720,,80714,,8,<5.32;4.52>,<2.1;2.34>,<2.1;2.34>,<2.79;2.39>,<2.79;2.39>,<0.96;0.96>,,,,,,
2721,,80714,,9,<5.32;4.52>,<2.1;2.34>,<2.1;2.34>,<2.79;2.39>,<2.79;2.39>,<0.96;0.96>,,,,,,
2722,,80714,,10,<5.32;4.52>,<2.1;2.34>,<2.1;2.34>,<2.79;2.39>,<2.79;2.39>,<0.96;0.96>,,,,,,
2723,,80714,,11,<5.32;4.52>,<2.1;2.34>,<2.1;2.34>,<2.79;2.39>,<2.79;2.39>,<0.96;0.96>,,,,,,
2724,,80714,,12,<5.32;4.52>,<2.1;2.34>,<2.1;2.34>,<2.79;2.39>,<2.79;2.39>,<0.96;0.96>,,,,,,
2725,,80715,,1,<5.32;4.52>,<2.1;2.34>,<2.1;2.34>,<2.79;2.39>,<2.79;2.39>,<0.96;0.96>,,,,,,
2726,,80715,,2,<5.32;4.52>,<2.1;2.34>,<2.1;2.34>,<2.79;2.39>,<2.79;2.39>,<0.96;0.96>,,,,,,
2727,,80715,,3,<5.32;4.52>,<2.1;2.34>,<2.1;2.34>,<2.79;2.39>,<2.79;2.39>,<0.96;0.96>,,,,,,
2728,,80715,,4,<5.32;4.52>,<2.1;2.34>,<2.1;2.34>,<2.79;2.39>,<2.79;2.39>,<0.96;0.96>,,,,,,
2729,,80715,,5,<5.32;4.52>,<2.1;2.34>,<2.1;2.34>,<2.79;2.39>,<2.79;2.39>,<0.96;0.96>,,,,,,
2730,,80715,,6,<5.32;4.52>,<2.1;2.34>,<2.1;2.34>,<2.79;2.39>,<2.79;2.39>,<0.96;0.96>,,,,,,
2731,,80715,,7,<5.32;4.52>,<2.1;2.34>,<2.1;2.34>,<2.79;2.39>,<2.79;2.39>,<0.96;0.96>,,,,,,
2732,,80715,,8,<5.32;4.52>,<2.1;2.34>,<2.1;2.34>,<2.79;2.39>,<2.79;2.39>,<0.96;0.96>,,,,,,
2733,,80715,,9,<5.32;4.52>,<2.1;2.34>,<2.1;2.34>,<2.79;2.39>,<2.79;2.39>,<0.96;0.96>,,,,,,
2734,,80715,,10,<5.32;4.52>,<2.1;2.34>,<2.1;2.34>,<2.79;2.39>,<2.79;2.39>,<0.96;0.96>,,,,,,
2735,,80715,,11,<5.32;4.52>,<2.1;2.34>,<2.1;2.34>,<2.79;2.39>,<2.79;2.39>,<0.96;0.96>,,,,,,
2736,,80715,,12,<5.32;4.52>,<2.1;2.34>,<2.1;2.34>,<2.79;2.39>,<2.79;2.39>,<0.96;0.96>,,,,,,
2737,,80716,,1,<5.32;4.52>,<2.1;2.34>,<2.1;2.34>,<2.79;2.39>,<2.79;2.39>,<0.96;0.96>,,,,,,
2738,,80716,,2,<5.32;4.52>,<2.1;2.34>,<2.1;2.34>,<2.79;2.39>,<2.79;2.39>,<0.96;0.96>,,,,,,
2739,,80716,,3,<5.32;4.52>,<2.1;2.34>,<2.1;2.34>,<2.79;2.39>,<2.79;2.39>,<0.96;0.96>,,,,,,
2740,,80716,,4,<5.32;4.52>,<2.1;2.34>,<2.1;2.34>,<2.79;2.39>,<2.79;2.39>,<0.96;0.96>,,,,,,
2741,,80716,,5,<5.32;4.52>,<2.1;2.34>,<2.1;2.34>,<2.79;2.39>,<2.79;2.39>,<0.96;0.96>,,,,,,
2742,,80716,,6,<5.32;4.52>,<2.1;2.34>,<2.1;2.34>,<2.79;2.39>,<2.79;2.39>,<0.96;0.96>,,,,,,
2743,,80716,,7,<5.32;4.52>,<2.1;2.34>,<2.1;2.34>,<2.79;2.39>,<2.79;2.39>,<0.96;0.96>,,,,,,
2744,,80716,,8,<5.32;4.52>,<2.1;2.34>,<2.1;2.34>,<2.79;2.39>,<2.79;2.39>,<0.96;0.96>,,,,,,
2745,,80716,,9,<5.32;4.52>,<2.1;2.34>,<2.1;2.34>,<2.79;2.39>,<2.79;2.39>,<0.96;0.96>,,,,,,
2746,,80716,,10,<5.32;4.52>,<2.1;2.34>,<2.1;2.34>,<2.79;2.39>,<2.79;2.39>,<0.96;0.96>,,,,,,
2747,,80716,,11,<5.32;4.52>,<2.1;2.34>,<2.1;2.34>,<2.79;2.39>,<2.79;2.39>,<0.96;0.96>,,,,,,
2748,,80716,,12,<5.32;4.52>,<2.1;2.34>,<2.1;2.34>,<2.79;2.39>,<2.79;2.39>,<0.96;0.96>,,,,,,
2749,,80721,{11=1.1},1,<5.38;4.57>,<2.12;2.37>,<2.12;2.37>,<2.82;2.42>,<2.82;2.42>,<0.96;0.96>,,,,,,
2750,,80721,{11=1.1},2,<5.38;4.57>,<2.12;2.37>,<2.12;2.37>,<2.82;2.42>,<2.82;2.42>,<0.96;0.96>,,,,,,
2751,,80721,{11=1.1},3,<5.38;4.57>,<2.12;2.37>,<2.12;2.37>,<2.82;2.42>,<2.82;2.42>,<0.96;0.96>,,,,,,
2752,,80721,{11=1.1},4,<5.38;4.57>,<2.12;2.37>,<2.12;2.37>,<2.82;2.42>,<2.82;2.42>,<0.96;0.96>,,,,,,
2753,,80721,{11=1.1},5,<5.38;4.57>,<2.12;2.37>,<2.12;2.37>,<2.82;2.42>,<2.82;2.42>,<0.96;0.96>,,,,,,
2754,,80721,{11=1.1},6,<5.38;4.57>,<2.12;2.37>,<2.12;2.37>,<2.82;2.42>,<2.82;2.42>,<0.96;0.96>,,,,,,
2755,,80721,{11=1.1},7,<5.38;4.57>,<2.12;2.37>,<2.12;2.37>,<2.82;2.42>,<2.82;2.42>,<0.96;0.96>,,,,,,
2756,,80721,{11=1.1},8,<5.38;4.57>,<2.12;2.37>,<2.12;2.37>,<2.82;2.42>,<2.82;2.42>,<0.96;0.96>,,,,,,
2757,,80721,{11=1.1},9,<5.38;4.57>,<2.12;2.37>,<2.12;2.37>,<2.82;2.42>,<2.82;2.42>,<0.96;0.96>,,,,,,
2758,,80721,{11=1.1},10,<5.38;4.57>,<2.12;2.37>,<2.12;2.37>,<2.82;2.42>,<2.82;2.42>,<0.96;0.96>,,,,,,
2759,,80721,{11=1.1},11,<5.38;4.57>,<2.12;2.37>,<2.12;2.37>,<2.82;2.42>,<2.82;2.42>,<0.96;0.96>,,,,,,
2760,,80721,{11=1.1},12,<5.38;4.57>,<2.12;2.37>,<2.12;2.37>,<2.82;2.42>,<2.82;2.42>,<0.96;0.96>,,,,,,
2761,,80722,{11=1.1},1,<5.38;4.57>,<2.12;2.37>,<2.12;2.37>,<2.82;2.42>,<2.82;2.42>,<0.96;0.96>,,,,,,
2762,,80722,{11=1.1},2,<5.38;4.57>,<2.12;2.37>,<2.12;2.37>,<2.82;2.42>,<2.82;2.42>,<0.96;0.96>,,,,,,
2763,,80722,{11=1.1},3,<5.38;4.57>,<2.12;2.37>,<2.12;2.37>,<2.82;2.42>,<2.82;2.42>,<0.96;0.96>,,,,,,
2764,,80722,{11=1.1},4,<5.38;4.57>,<2.12;2.37>,<2.12;2.37>,<2.82;2.42>,<2.82;2.42>,<0.96;0.96>,,,,,,
2765,,80722,{11=1.1},5,<5.38;4.57>,<2.12;2.37>,<2.12;2.37>,<2.82;2.42>,<2.82;2.42>,<0.96;0.96>,,,,,,
2766,,80722,{11=1.1},6,<5.38;4.57>,<2.12;2.37>,<2.12;2.37>,<2.82;2.42>,<2.82;2.42>,<0.96;0.96>,,,,,,
2767,,80722,{11=1.1},7,<5.38;4.57>,<2.12;2.37>,<2.12;2.37>,<2.82;2.42>,<2.82;2.42>,<0.96;0.96>,,,,,,
2768,,80722,{11=1.1},8,<5.38;4.57>,<2.12;2.37>,<2.12;2.37>,<2.82;2.42>,<2.82;2.42>,<0.96;0.96>,,,,,,
2769,,80722,{11=1.1},9,<5.38;4.57>,<2.12;2.37>,<2.12;2.37>,<2.82;2.42>,<2.82;2.42>,<0.96;0.96>,,,,,,
2770,,80722,{11=1.1},10,<5.38;4.57>,<2.12;2.37>,<2.12;2.37>,<2.82;2.42>,<2.82;2.42>,<0.96;0.96>,,,,,,
2771,,80722,{11=1.1},11,<5.38;4.57>,<2.12;2.37>,<2.12;2.37>,<2.82;2.42>,<2.82;2.42>,<0.96;0.96>,,,,,,
2772,,80722,{11=1.1},12,<5.38;4.57>,<2.12;2.37>,<2.12;2.37>,<2.82;2.42>,<2.82;2.42>,<0.96;0.96>,,,,,,
2773,,80723,,1,<5.38;4.57>,<2.12;2.37>,<2.12;2.37>,<2.82;2.42>,<2.82;2.42>,<0.96;0.96>,,,,,,
2774,,80723,,2,<5.38;4.57>,<2.12;2.37>,<2.12;2.37>,<2.82;2.42>,<2.82;2.42>,<0.96;0.96>,,,,,,
2775,,80723,,3,<5.38;4.57>,<2.12;2.37>,<2.12;2.37>,<2.82;2.42>,<2.82;2.42>,<0.96;0.96>,,,,,,
2776,,80723,,4,<5.38;4.57>,<2.12;2.37>,<2.12;2.37>,<2.82;2.42>,<2.82;2.42>,<0.96;0.96>,,,,,,
2777,,80723,,5,<5.38;4.57>,<2.12;2.37>,<2.12;2.37>,<2.82;2.42>,<2.82;2.42>,<0.96;0.96>,,,,,,
2778,,80723,,6,<5.38;4.57>,<2.12;2.37>,<2.12;2.37>,<2.82;2.42>,<2.82;2.42>,<0.96;0.96>,,,,,,
2779,,80723,,7,<5.38;4.57>,<2.12;2.37>,<2.12;2.37>,<2.82;2.42>,<2.82;2.42>,<0.96;0.96>,,,,,,
2780,,80723,,8,<5.38;4.57>,<2.12;2.37>,<2.12;2.37>,<2.82;2.42>,<2.82;2.42>,<0.96;0.96>,,,,,,
2781,,80723,,9,<5.38;4.57>,<2.12;2.37>,<2.12;2.37>,<2.82;2.42>,<2.82;2.42>,<0.96;0.96>,,,,,,
2782,,80723,,10,<5.38;4.57>,<2.12;2.37>,<2.12;2.37>,<2.82;2.42>,<2.82;2.42>,<0.96;0.96>,,,,,,
2783,,80723,,11,<5.38;4.57>,<2.12;2.37>,<2.12;2.37>,<2.82;2.42>,<2.82;2.42>,<0.96;0.96>,,,,,,
2784,,80723,,12,<5.38;4.57>,<2.12;2.37>,<2.12;2.37>,<2.82;2.42>,<2.82;2.42>,<0.96;0.96>,,,,,,
2785,,80724,,1,<5.38;4.57>,<2.12;2.37>,<2.12;2.37>,<2.82;2.42>,<2.82;2.42>,<0.96;0.96>,,,,,,
2786,,80724,,2,<5.38;4.57>,<2.12;2.37>,<2.12;2.37>,<2.82;2.42>,<2.82;2.42>,<0.96;0.96>,,,,,,
2787,,80724,,3,<5.38;4.57>,<2.12;2.37>,<2.12;2.37>,<2.82;2.42>,<2.82;2.42>,<0.96;0.96>,,,,,,
2788,,80724,,4,<5.38;4.57>,<2.12;2.37>,<2.12;2.37>,<2.82;2.42>,<2.82;2.42>,<0.96;0.96>,,,,,,
2789,,80724,,5,<5.38;4.57>,<2.12;2.37>,<2.12;2.37>,<2.82;2.42>,<2.82;2.42>,<0.96;0.96>,,,,,,
2790,,80724,,6,<5.38;4.57>,<2.12;2.37>,<2.12;2.37>,<2.82;2.42>,<2.82;2.42>,<0.96;0.96>,,,,,,
2791,,80724,,7,<5.38;4.57>,<2.12;2.37>,<2.12;2.37>,<2.82;2.42>,<2.82;2.42>,<0.96;0.96>,,,,,,
2792,,80724,,8,<5.38;4.57>,<2.12;2.37>,<2.12;2.37>,<2.82;2.42>,<2.82;2.42>,<0.96;0.96>,,,,,,
2793,,80724,,9,<5.38;4.57>,<2.12;2.37>,<2.12;2.37>,<2.82;2.42>,<2.82;2.42>,<0.96;0.96>,,,,,,
2794,,80724,,10,<5.38;4.57>,<2.12;2.37>,<2.12;2.37>,<2.82;2.42>,<2.82;2.42>,<0.96;0.96>,,,,,,
2795,,80724,,11,<5.38;4.57>,<2.12;2.37>,<2.12;2.37>,<2.82;2.42>,<2.82;2.42>,<0.96;0.96>,,,,,,
2796,,80724,,12,<5.38;4.57>,<2.12;2.37>,<2.12;2.37>,<2.82;2.42>,<2.82;2.42>,<0.96;0.96>,,,,,,
2797,,80725,,1,<5.38;4.57>,<2.12;2.37>,<2.12;2.37>,<2.82;2.42>,<2.82;2.42>,<0.96;0.96>,,,,,,
2798,,80725,,2,<5.38;4.57>,<2.12;2.37>,<2.12;2.37>,<2.82;2.42>,<2.82;2.42>,<0.96;0.96>,,,,,,
2799,,80725,,3,<5.38;4.57>,<2.12;2.37>,<2.12;2.37>,<2.82;2.42>,<2.82;2.42>,<0.96;0.96>,,,,,,
2800,,80725,,4,<5.38;4.57>,<2.12;2.37>,<2.12;2.37>,<2.82;2.42>,<2.82;2.42>,<0.96;0.96>,,,,,,
2801,,80725,,5,<5.38;4.57>,<2.12;2.37>,<2.12;2.37>,<2.82;2.42>,<2.82;2.42>,<0.96;0.96>,,,,,,
2802,,80725,,6,<5.38;4.57>,<2.12;2.37>,<2.12;2.37>,<2.82;2.42>,<2.82;2.42>,<0.96;0.96>,,,,,,
2803,,80725,,7,<5.38;4.57>,<2.12;2.37>,<2.12;2.37>,<2.82;2.42>,<2.82;2.42>,<0.96;0.96>,,,,,,
2804,,80725,,8,<5.38;4.57>,<2.12;2.37>,<2.12;2.37>,<2.82;2.42>,<2.82;2.42>,<0.96;0.96>,,,,,,
2805,,80725,,9,<5.38;4.57>,<2.12;2.37>,<2.12;2.37>,<2.82;2.42>,<2.82;2.42>,<0.96;0.96>,,,,,,
2806,,80725,,10,<5.38;4.57>,<2.12;2.37>,<2.12;2.37>,<2.82;2.42>,<2.82;2.42>,<0.96;0.96>,,,,,,
2807,,80725,,11,<5.38;4.57>,<2.12;2.37>,<2.12;2.37>,<2.82;2.42>,<2.82;2.42>,<0.96;0.96>,,,,,,
2808,,80725,,12,<5.38;4.57>,<2.12;2.37>,<2.12;2.37>,<2.82;2.42>,<2.82;2.42>,<0.96;0.96>,,,,,,
2809,,80726,,1,<5.38;4.57>,<2.12;2.37>,<2.12;2.37>,<2.82;2.42>,<2.82;2.42>,<0.96;0.96>,,,,,,
2810,,80726,,2,<5.38;4.57>,<2.12;2.37>,<2.12;2.37>,<2.82;2.42>,<2.82;2.42>,<0.96;0.96>,,,,,,
2811,,80726,,3,<5.38;4.57>,<2.12;2.37>,<2.12;2.37>,<2.82;2.42>,<2.82;2.42>,<0.96;0.96>,,,,,,
2812,,80726,,4,<5.38;4.57>,<2.12;2.37>,<2.12;2.37>,<2.82;2.42>,<2.82;2.42>,<0.96;0.96>,,,,,,
2813,,80726,,5,<5.38;4.57>,<2.12;2.37>,<2.12;2.37>,<2.82;2.42>,<2.82;2.42>,<0.96;0.96>,,,,,,
2814,,80726,,6,<5.38;4.57>,<2.12;2.37>,<2.12;2.37>,<2.82;2.42>,<2.82;2.42>,<0.96;0.96>,,,,,,
2815,,80726,,7,<5.38;4.57>,<2.12;2.37>,<2.12;2.37>,<2.82;2.42>,<2.82;2.42>,<0.96;0.96>,,,,,,
2816,,80726,,8,<5.38;4.57>,<2.12;2.37>,<2.12;2.37>,<2.82;2.42>,<2.82;2.42>,<0.96;0.96>,,,,,,
2817,,80726,,9,<5.38;4.57>,<2.12;2.37>,<2.12;2.37>,<2.82;2.42>,<2.82;2.42>,<0.96;0.96>,,,,,,
2818,,80726,,10,<5.38;4.57>,<2.12;2.37>,<2.12;2.37>,<2.82;2.42>,<2.82;2.42>,<0.96;0.96>,,,,,,
2819,,80726,,11,<5.38;4.57>,<2.12;2.37>,<2.12;2.37>,<2.82;2.42>,<2.82;2.42>,<0.96;0.96>,,,,,,
2820,,80726,,12,<5.38;4.57>,<2.12;2.37>,<2.12;2.37>,<2.82;2.42>,<2.82;2.42>,<0.96;0.96>,,,,,,
2821,,80731,{11=1.1},1,<5.38;4.57>,<2.12;2.37>,<2.12;2.37>,<2.82;2.42>,<2.82;2.42>,<0.96;0.96>,,,,,,
2822,,80731,{11=1.1},2,<5.38;4.57>,<2.12;2.37>,<2.12;2.37>,<2.82;2.42>,<2.82;2.42>,<0.96;0.96>,,,,,,
2823,,80731,{11=1.1},3,<5.38;4.57>,<2.12;2.37>,<2.12;2.37>,<2.82;2.42>,<2.82;2.42>,<0.96;0.96>,,,,,,
2824,,80731,{11=1.1},4,<5.38;4.57>,<2.12;2.37>,<2.12;2.37>,<2.82;2.42>,<2.82;2.42>,<0.96;0.96>,,,,,,
2825,,80731,{11=1.1},5,<5.38;4.57>,<2.12;2.37>,<2.12;2.37>,<2.82;2.42>,<2.82;2.42>,<0.96;0.96>,,,,,,
2826,,80731,{11=1.1},6,<5.38;4.57>,<2.12;2.37>,<2.12;2.37>,<2.82;2.42>,<2.82;2.42>,<0.96;0.96>,,,,,,
2827,,80731,{11=1.1},7,<5.38;4.57>,<2.12;2.37>,<2.12;2.37>,<2.82;2.42>,<2.82;2.42>,<0.96;0.96>,,,,,,
2828,,80731,{11=1.1},8,<5.38;4.57>,<2.12;2.37>,<2.12;2.37>,<2.82;2.42>,<2.82;2.42>,<0.96;0.96>,,,,,,
2829,,80731,{11=1.1},9,<5.38;4.57>,<2.12;2.37>,<2.12;2.37>,<2.82;2.42>,<2.82;2.42>,<0.96;0.96>,,,,,,
2830,,80731,{11=1.1},10,<5.38;4.57>,<2.12;2.37>,<2.12;2.37>,<2.82;2.42>,<2.82;2.42>,<0.96;0.96>,,,,,,
2831,,80731,{11=1.1},11,<5.38;4.57>,<2.12;2.37>,<2.12;2.37>,<2.82;2.42>,<2.82;2.42>,<0.96;0.96>,,,,,,
2832,,80731,{11=1.1},12,<5.38;4.57>,<2.12;2.37>,<2.12;2.37>,<2.82;2.42>,<2.82;2.42>,<0.96;0.96>,,,,,,
2833,,80732,{11=1.1},1,<5.76;4.9>,<2.28;2.53>,<2.28;2.53>,<3.02;2.59>,<3.02;2.59>,<0.96;0.96>,,,,,,
2834,,80732,{11=1.1},2,<5.76;4.9>,<2.28;2.53>,<2.28;2.53>,<3.02;2.59>,<3.02;2.59>,<0.96;0.96>,,,,,,
2835,,80732,{11=1.1},3,<5.76;4.9>,<2.28;2.53>,<2.28;2.53>,<3.02;2.59>,<3.02;2.59>,<0.96;0.96>,,,,,,
2836,,80732,{11=1.1},4,<5.76;4.9>,<2.28;2.53>,<2.28;2.53>,<3.02;2.59>,<3.02;2.59>,<0.96;0.96>,,,,,,
2837,,80732,{11=1.1},5,<5.76;4.9>,<2.28;2.53>,<2.28;2.53>,<3.02;2.59>,<3.02;2.59>,<0.96;0.96>,,,,,,
2838,,80732,{11=1.1},6,<5.76;4.9>,<2.28;2.53>,<2.28;2.53>,<3.02;2.59>,<3.02;2.59>,<0.96;0.96>,,,,,,
2839,,80732,{11=1.1},7,<5.76;4.9>,<2.28;2.53>,<2.28;2.53>,<3.02;2.59>,<3.02;2.59>,<0.96;0.96>,,,,,,
2840,,80732,{11=1.1},8,<5.76;4.9>,<2.28;2.53>,<2.28;2.53>,<3.02;2.59>,<3.02;2.59>,<0.96;0.96>,,,,,,
2841,,80732,{11=1.1},9,<5.76;4.9>,<2.28;2.53>,<2.28;2.53>,<3.02;2.59>,<3.02;2.59>,<0.96;0.96>,,,,,,
2842,,80732,{11=1.1},10,<5.76;4.9>,<2.28;2.53>,<2.28;2.53>,<3.02;2.59>,<3.02;2.59>,<0.96;0.96>,,,,,,
2843,,80732,{11=1.1},11,<5.76;4.9>,<2.28;2.53>,<2.28;2.53>,<3.02;2.59>,<3.02;2.59>,<0.96;0.96>,,,,,,
2844,,80732,{11=1.1},12,<5.76;4.9>,<2.28;2.53>,<2.28;2.53>,<3.02;2.59>,<3.02;2.59>,<0.96;0.96>,,,,,,
2845,,80733,,1,<5.76;4.9>,<2.28;2.53>,<2.28;2.53>,<3.02;2.59>,<3.02;2.59>,<0.96;0.96>,,,,,,
2846,,80733,,2,<5.76;4.9>,<2.28;2.53>,<2.28;2.53>,<3.02;2.59>,<3.02;2.59>,<0.96;0.96>,,,,,,
2847,,80733,,3,<5.76;4.9>,<2.28;2.53>,<2.28;2.53>,<3.02;2.59>,<3.02;2.59>,<0.96;0.96>,,,,,,
2848,,80733,,4,<5.76;4.9>,<2.28;2.53>,<2.28;2.53>,<3.02;2.59>,<3.02;2.59>,<0.96;0.96>,,,,,,
2849,,80733,,5,<5.76;4.9>,<2.28;2.53>,<2.28;2.53>,<3.02;2.59>,<3.02;2.59>,<0.96;0.96>,,,,,,
2850,,80733,,6,<5.76;4.9>,<2.28;2.53>,<2.28;2.53>,<3.02;2.59>,<3.02;2.59>,<0.96;0.96>,,,,,,
2851,,80733,,7,<5.76;4.9>,<2.28;2.53>,<2.28;2.53>,<3.02;2.59>,<3.02;2.59>,<0.96;0.96>,,,,,,
2852,,80733,,8,<5.76;4.9>,<2.28;2.53>,<2.28;2.53>,<3.02;2.59>,<3.02;2.59>,<0.96;0.96>,,,,,,
2853,,80733,,9,<5.76;4.9>,<2.28;2.53>,<2.28;2.53>,<3.02;2.59>,<3.02;2.59>,<0.96;0.96>,,,,,,
2854,,80733,,10,<5.76;4.9>,<2.28;2.53>,<2.28;2.53>,<3.02;2.59>,<3.02;2.59>,<0.96;0.96>,,,,,,
2855,,80733,,11,<5.76;4.9>,<2.28;2.53>,<2.28;2.53>,<3.02;2.59>,<3.02;2.59>,<0.96;0.96>,,,,,,
2856,,80733,,12,<5.76;4.9>,<2.28;2.53>,<2.28;2.53>,<3.02;2.59>,<3.02;2.59>,<0.96;0.96>,,,,,,
2857,,80734,,1,<5.76;4.9>,<2.28;2.53>,<2.28;2.53>,<3.02;2.59>,<3.02;2.59>,<0.96;0.96>,,,,,,
2858,,80734,,2,<5.76;4.9>,<2.28;2.53>,<2.28;2.53>,<3.02;2.59>,<3.02;2.59>,<0.96;0.96>,,,,,,
2859,,80734,,3,<5.76;4.9>,<2.28;2.53>,<2.28;2.53>,<3.02;2.59>,<3.02;2.59>,<0.96;0.96>,,,,,,
2860,,80734,,4,<5.76;4.9>,<2.28;2.53>,<2.28;2.53>,<3.02;2.59>,<3.02;2.59>,<0.96;0.96>,,,,,,
2861,,80734,,5,<5.76;4.9>,<2.28;2.53>,<2.28;2.53>,<3.02;2.59>,<3.02;2.59>,<0.96;0.96>,,,,,,
2862,,80734,,6,<5.76;4.9>,<2.28;2.53>,<2.28;2.53>,<3.02;2.59>,<3.02;2.59>,<0.96;0.96>,,,,,,
2863,,80734,,7,<5.76;4.9>,<2.28;2.53>,<2.28;2.53>,<3.02;2.59>,<3.02;2.59>,<0.96;0.96>,,,,,,
2864,,80734,,8,<5.76;4.9>,<2.28;2.53>,<2.28;2.53>,<3.02;2.59>,<3.02;2.59>,<0.96;0.96>,,,,,,
2865,,80734,,9,<5.76;4.9>,<2.28;2.53>,<2.28;2.53>,<3.02;2.59>,<3.02;2.59>,<0.96;0.96>,,,,,,
2866,,80734,,10,<5.76;4.9>,<2.28;2.53>,<2.28;2.53>,<3.02;2.59>,<3.02;2.59>,<0.96;0.96>,,,,,,
2867,,80734,,11,<5.76;4.9>,<2.28;2.53>,<2.28;2.53>,<3.02;2.59>,<3.02;2.59>,<0.96;0.96>,,,,,,
2868,,80734,,12,<5.76;4.9>,<2.28;2.53>,<2.28;2.53>,<3.02;2.59>,<3.02;2.59>,<0.96;0.96>,,,,,,
2869,,80735,,1,<5.76;4.9>,<2.28;2.53>,<2.28;2.53>,<3.02;2.59>,<3.02;2.59>,<0.96;0.96>,,,,,,
2870,,80735,,2,<5.76;4.9>,<2.28;2.53>,<2.28;2.53>,<3.02;2.59>,<3.02;2.59>,<0.96;0.96>,,,,,,
2871,,80735,,3,<5.76;4.9>,<2.28;2.53>,<2.28;2.53>,<3.02;2.59>,<3.02;2.59>,<0.96;0.96>,,,,,,
2872,,80735,,4,<5.76;4.9>,<2.28;2.53>,<2.28;2.53>,<3.02;2.59>,<3.02;2.59>,<0.96;0.96>,,,,,,
2873,,80735,,5,<5.76;4.9>,<2.28;2.53>,<2.28;2.53>,<3.02;2.59>,<3.02;2.59>,<0.96;0.96>,,,,,,
2874,,80735,,6,<5.76;4.9>,<2.28;2.53>,<2.28;2.53>,<3.02;2.59>,<3.02;2.59>,<0.96;0.96>,,,,,,
2875,,80735,,7,<5.76;4.9>,<2.28;2.53>,<2.28;2.53>,<3.02;2.59>,<3.02;2.59>,<0.96;0.96>,,,,,,
2876,,80735,,8,<5.76;4.9>,<2.28;2.53>,<2.28;2.53>,<3.02;2.59>,<3.02;2.59>,<0.96;0.96>,,,,,,
2877,,80735,,9,<5.76;4.9>,<2.28;2.53>,<2.28;2.53>,<3.02;2.59>,<3.02;2.59>,<0.96;0.96>,,,,,,
2878,,80735,,10,<5.76;4.9>,<2.28;2.53>,<2.28;2.53>,<3.02;2.59>,<3.02;2.59>,<0.96;0.96>,,,,,,
2879,,80735,,11,<5.76;4.9>,<2.28;2.53>,<2.28;2.53>,<3.02;2.59>,<3.02;2.59>,<0.96;0.96>,,,,,,
2880,,80735,,12,<5.76;4.9>,<2.28;2.53>,<2.28;2.53>,<3.02;2.59>,<3.02;2.59>,<0.96;0.96>,,,,,,
2881,,80736,,1,<5.76;4.9>,<2.28;2.53>,<2.28;2.53>,<3.02;2.59>,<3.02;2.59>,<0.96;0.96>,,,,,,
2882,,80736,,2,<5.76;4.9>,<2.28;2.53>,<2.28;2.53>,<3.02;2.59>,<3.02;2.59>,<0.96;0.96>,,,,,,
2883,,80736,,3,<5.76;4.9>,<2.28;2.53>,<2.28;2.53>,<3.02;2.59>,<3.02;2.59>,<0.96;0.96>,,,,,,
2884,,80736,,4,<5.76;4.9>,<2.28;2.53>,<2.28;2.53>,<3.02;2.59>,<3.02;2.59>,<0.96;0.96>,,,,,,
2885,,80736,,5,<5.76;4.9>,<2.28;2.53>,<2.28;2.53>,<3.02;2.59>,<3.02;2.59>,<0.96;0.96>,,,,,,
2886,,80736,,6,<5.76;4.9>,<2.28;2.53>,<2.28;2.53>,<3.02;2.59>,<3.02;2.59>,<0.96;0.96>,,,,,,
2887,,80736,,7,<5.76;4.9>,<2.28;2.53>,<2.28;2.53>,<3.02;2.59>,<3.02;2.59>,<0.96;0.96>,,,,,,
2888,,80736,,8,<5.76;4.9>,<2.28;2.53>,<2.28;2.53>,<3.02;2.59>,<3.02;2.59>,<0.96;0.96>,,,,,,
2889,,80736,,9,<5.76;4.9>,<2.28;2.53>,<2.28;2.53>,<3.02;2.59>,<3.02;2.59>,<0.96;0.96>,,,,,,
2890,,80736,,10,<5.76;4.9>,<2.28;2.53>,<2.28;2.53>,<3.02;2.59>,<3.02;2.59>,<0.96;0.96>,,,,,,
2891,,80736,,11,<5.76;4.9>,<2.28;2.53>,<2.28;2.53>,<3.02;2.59>,<3.02;2.59>,<0.96;0.96>,,,,,,
2892,,80736,,12,<5.76;4.9>,<2.28;2.53>,<2.28;2.53>,<3.02;2.59>,<3.02;2.59>,<0.96;0.96>,,,,,,
2893,,80741,{8=1.1},1,<5.76;4.9>,<2.28;2.53>,<2.28;2.53>,<3.02;2.59>,<3.02;2.59>,<0.96;0.96>,,,,,,
2894,,80741,{8=1.1},2,<5.76;4.9>,<2.28;2.53>,<2.28;2.53>,<3.02;2.59>,<3.02;2.59>,<0.96;0.96>,,,,,,
2895,,80741,{8=1.1},3,<5.76;4.9>,<2.28;2.53>,<2.28;2.53>,<3.02;2.59>,<3.02;2.59>,<0.96;0.96>,,,,,,
2896,,80741,{8=1.1},4,<5.76;4.9>,<2.28;2.53>,<2.28;2.53>,<3.02;2.59>,<3.02;2.59>,<0.96;0.96>,,,,,,
2897,,80741,{8=1.1},5,<5.76;4.9>,<2.28;2.53>,<2.28;2.53>,<3.02;2.59>,<3.02;2.59>,<0.96;0.96>,,,,,,
2898,,80741,{8=1.1},6,<5.76;4.9>,<2.28;2.53>,<2.28;2.53>,<3.02;2.59>,<3.02;2.59>,<0.96;0.96>,,,,,,
2899,,80741,{8=1.1},7,<5.76;4.9>,<2.28;2.53>,<2.28;2.53>,<3.02;2.59>,<3.02;2.59>,<0.96;0.96>,,,,,,
2900,,80741,{8=1.1},8,<5.76;4.9>,<2.28;2.53>,<2.28;2.53>,<3.02;2.59>,<3.02;2.59>,<0.96;0.96>,,,,,,
2901,,80741,{8=1.1},9,<5.76;4.9>,<2.28;2.53>,<2.28;2.53>,<3.02;2.59>,<3.02;2.59>,<0.96;0.96>,,,,,,
2902,,80741,{8=1.1},10,<5.76;4.9>,<2.28;2.53>,<2.28;2.53>,<3.02;2.59>,<3.02;2.59>,<0.96;0.96>,,,,,,
2903,,80741,{8=1.1},11,<5.76;4.9>,<2.28;2.53>,<2.28;2.53>,<3.02;2.59>,<3.02;2.59>,<0.96;0.96>,,,,,,
2904,,80741,{8=1.1},12,<5.76;4.9>,<2.28;2.53>,<2.28;2.53>,<3.02;2.59>,<3.02;2.59>,<0.96;0.96>,,,,,,
2905,,80742,{11=1.1},1,<5.76;4.9>,<2.28;2.53>,<2.28;2.53>,<3.02;2.59>,<3.02;2.59>,<0.96;0.96>,,,,,,
2906,,80742,{11=1.1},2,<5.76;4.9>,<2.28;2.53>,<2.28;2.53>,<3.02;2.59>,<3.02;2.59>,<0.96;0.96>,,,,,,
2907,,80742,{11=1.1},3,<5.76;4.9>,<2.28;2.53>,<2.28;2.53>,<3.02;2.59>,<3.02;2.59>,<0.96;0.96>,,,,,,
2908,,80742,{11=1.1},4,<5.76;4.9>,<2.28;2.53>,<2.28;2.53>,<3.02;2.59>,<3.02;2.59>,<0.96;0.96>,,,,,,
2909,,80742,{11=1.1},5,<5.76;4.9>,<2.28;2.53>,<2.28;2.53>,<3.02;2.59>,<3.02;2.59>,<0.96;0.96>,,,,,,
2910,,80742,{11=1.1},6,<5.76;4.9>,<2.28;2.53>,<2.28;2.53>,<3.02;2.59>,<3.02;2.59>,<0.96;0.96>,,,,,,
2911,,80742,{11=1.1},7,<5.76;4.9>,<2.28;2.53>,<2.28;2.53>,<3.02;2.59>,<3.02;2.59>,<0.96;0.96>,,,,,,
2912,,80742,{11=1.1},8,<5.76;4.9>,<2.28;2.53>,<2.28;2.53>,<3.02;2.59>,<3.02;2.59>,<0.96;0.96>,,,,,,
2913,,80742,{11=1.1},9,<5.76;4.9>,<2.28;2.53>,<2.28;2.53>,<3.02;2.59>,<3.02;2.59>,<0.96;0.96>,,,,,,
2914,,80742,{11=1.1},10,<5.76;4.9>,<2.28;2.53>,<2.28;2.53>,<3.02;2.59>,<3.02;2.59>,<0.96;0.96>,,,,,,
2915,,80742,{11=1.1},11,<5.76;4.9>,<2.28;2.53>,<2.28;2.53>,<3.02;2.59>,<3.02;2.59>,<0.96;0.96>,,,,,,
2916,,80742,{11=1.1},12,<5.76;4.9>,<2.28;2.53>,<2.28;2.53>,<3.02;2.59>,<3.02;2.59>,<0.96;0.96>,,,,,,
2917,,80743,{11=1.1},1,<5.76;4.9>,<2.28;2.53>,<2.28;2.53>,<3.02;2.59>,<3.02;2.59>,<0.96;0.96>,,,,,,
2918,,80743,{11=1.1},2,<5.76;4.9>,<2.28;2.53>,<2.28;2.53>,<3.02;2.59>,<3.02;2.59>,<0.96;0.96>,,,,,,
2919,,80743,{11=1.1},3,<5.76;4.9>,<2.28;2.53>,<2.28;2.53>,<3.02;2.59>,<3.02;2.59>,<0.96;0.96>,,,,,,
2920,,80743,{11=1.1},4,<5.76;4.9>,<2.28;2.53>,<2.28;2.53>,<3.02;2.59>,<3.02;2.59>,<0.96;0.96>,,,,,,
2921,,80743,{11=1.1},5,<5.76;4.9>,<2.28;2.53>,<2.28;2.53>,<3.02;2.59>,<3.02;2.59>,<0.96;0.96>,,,,,,
2922,,80743,{11=1.1},6,<5.76;4.9>,<2.28;2.53>,<2.28;2.53>,<3.02;2.59>,<3.02;2.59>,<0.96;0.96>,,,,,,
2923,,80743,{11=1.1},7,<5.76;4.9>,<2.28;2.53>,<2.28;2.53>,<3.02;2.59>,<3.02;2.59>,<0.96;0.96>,,,,,,
2924,,80743,{11=1.1},8,<5.76;4.9>,<2.28;2.53>,<2.28;2.53>,<3.02;2.59>,<3.02;2.59>,<0.96;0.96>,,,,,,
2925,,80743,{11=1.1},9,<5.76;4.9>,<2.28;2.53>,<2.28;2.53>,<3.02;2.59>,<3.02;2.59>,<0.96;0.96>,,,,,,
2926,,80743,{11=1.1},10,<5.76;4.9>,<2.28;2.53>,<2.28;2.53>,<3.02;2.59>,<3.02;2.59>,<0.96;0.96>,,,,,,
2927,,80743,{11=1.1},11,<5.76;4.9>,<2.28;2.53>,<2.28;2.53>,<3.02;2.59>,<3.02;2.59>,<0.96;0.96>,,,,,,
2928,,80743,{11=1.1},12,<5.76;4.9>,<2.28;2.53>,<2.28;2.53>,<3.02;2.59>,<3.02;2.59>,<0.96;0.96>,,,,,,
2929,,80744,{11=3.3},1,<2.1;1.78>,<0.83;0.92>,<0.83;0.92>,<1.1;0.94>,<1.1;0.94>,<0.96;0.96>,,,,,,
2930,,80744,{11=3.3},2,<2.1;1.78>,<0.83;0.92>,<0.83;0.92>,<1.1;0.94>,<1.1;0.94>,<0.96;0.96>,,,,,,
2931,,80744,{11=3.3},3,<2.1;1.78>,<0.83;0.92>,<0.83;0.92>,<1.1;0.94>,<1.1;0.94>,<0.96;0.96>,,,,,,
2932,,80744,{11=3.3},4,<2.1;1.78>,<0.83;0.92>,<0.83;0.92>,<1.1;0.94>,<1.1;0.94>,<0.96;0.96>,,,,,,
2933,,80744,{11=3.3},5,<2.1;1.78>,<0.83;0.92>,<0.83;0.92>,<1.1;0.94>,<1.1;0.94>,<0.96;0.96>,,,,,,
2934,,80744,{11=3.3},6,<2.1;1.78>,<0.83;0.92>,<0.83;0.92>,<1.1;0.94>,<1.1;0.94>,<0.96;0.96>,,,,,,
2935,,80744,{11=3.3},7,<2.1;1.78>,<0.83;0.92>,<0.83;0.92>,<1.1;0.94>,<1.1;0.94>,<0.96;0.96>,,,,,,
2936,,80744,{11=3.3},8,<2.1;1.78>,<0.83;0.92>,<0.83;0.92>,<1.1;0.94>,<1.1;0.94>,<0.96;0.96>,,,,,,
2937,,80744,{11=3.3},9,<2.1;1.78>,<0.83;0.92>,<0.83;0.92>,<1.1;0.94>,<1.1;0.94>,<0.96;0.96>,,,,,,
2938,,80744,{11=3.3},10,<2.1;1.78>,<0.83;0.92>,<0.83;0.92>,<1.1;0.94>,<1.1;0.94>,<0.96;0.96>,,,,,,
2939,,80744,{11=3.3},11,<2.1;1.78>,<0.83;0.92>,<0.83;0.92>,<1.1;0.94>,<1.1;0.94>,<0.96;0.96>,,,,,,
2940,,80744,{11=3.3},12,<2.1;1.78>,<0.83;0.92>,<0.83;0.92>,<1.1;0.94>,<1.1;0.94>,<0.96;0.96>,,,,,,
2941,,80745,,1,<5.76;4.9>,<2.28;2.53>,<2.28;2.53>,<3.02;2.59>,<3.02;2.59>,<0.96;0.96>,,,,,,
2942,,80745,,2,<5.76;4.9>,<2.28;2.53>,<2.28;2.53>,<3.02;2.59>,<3.02;2.59>,<0.96;0.96>,,,,,,
2943,,80745,,3,<5.76;4.9>,<2.28;2.53>,<2.28;2.53>,<3.02;2.59>,<3.02;2.59>,<0.96;0.96>,,,,,,
2944,,80745,,4,<5.76;4.9>,<2.28;2.53>,<2.28;2.53>,<3.02;2.59>,<3.02;2.59>,<0.96;0.96>,,,,,,
2945,,80745,,5,<5.76;4.9>,<2.28;2.53>,<2.28;2.53>,<3.02;2.59>,<3.02;2.59>,<0.96;0.96>,,,,,,
2946,,80745,,6,<5.76;4.9>,<2.28;2.53>,<2.28;2.53>,<3.02;2.59>,<3.02;2.59>,<0.96;0.96>,,,,,,
2947,,80745,,7,<5.76;4.9>,<2.28;2.53>,<2.28;2.53>,<3.02;2.59>,<3.02;2.59>,<0.96;0.96>,,,,,,
2948,,80745,,8,<5.76;4.9>,<2.28;2.53>,<2.28;2.53>,<3.02;2.59>,<3.02;2.59>,<0.96;0.96>,,,,,,
2949,,80745,,9,<5.76;4.9>,<2.28;2.53>,<2.28;2.53>,<3.02;2.59>,<3.02;2.59>,<0.96;0.96>,,,,,,
2950,,80745,,10,<5.76;4.9>,<2.28;2.53>,<2.28;2.53>,<3.02;2.59>,<3.02;2.59>,<0.96;0.96>,,,,,,
2951,,80745,,11,<5.76;4.9>,<2.28;2.53>,<2.28;2.53>,<3.02;2.59>,<3.02;2.59>,<0.96;0.96>,,,,,,
2952,,80745,,12,<5.76;4.9>,<2.28;2.53>,<2.28;2.53>,<3.02;2.59>,<3.02;2.59>,<0.96;0.96>,,,,,,
2953,,80746,,1,<5.76;4.9>,<2.28;2.53>,<2.28;2.53>,<3.02;2.59>,<3.02;2.59>,<0.96;0.96>,,,,,,
2954,,80746,,2,<5.76;4.9>,<2.28;2.53>,<2.28;2.53>,<3.02;2.59>,<3.02;2.59>,<0.96;0.96>,,,,,,
2955,,80746,,3,<5.76;4.9>,<2.28;2.53>,<2.28;2.53>,<3.02;2.59>,<3.02;2.59>,<0.96;0.96>,,,,,,
2956,,80746,,4,<5.76;4.9>,<2.28;2.53>,<2.28;2.53>,<3.02;2.59>,<3.02;2.59>,<0.96;0.96>,,,,,,
2957,,80746,,5,<5.76;4.9>,<2.28;2.53>,<2.28;2.53>,<3.02;2.59>,<3.02;2.59>,<0.96;0.96>,,,,,,
2958,,80746,,6,<5.76;4.9>,<2.28;2.53>,<2.28;2.53>,<3.02;2.59>,<3.02;2.59>,<0.96;0.96>,,,,,,
2959,,80746,,7,<5.76;4.9>,<2.28;2.53>,<2.28;2.53>,<3.02;2.59>,<3.02;2.59>,<0.96;0.96>,,,,,,
2960,,80746,,8,<5.76;4.9>,<2.28;2.53>,<2.28;2.53>,<3.02;2.59>,<3.02;2.59>,<0.96;0.96>,,,,,,
2961,,80746,,9,<5.76;4.9>,<2.28;2.53>,<2.28;2.53>,<3.02;2.59>,<3.02;2.59>,<0.96;0.96>,,,,,,
2962,,80746,,10,<5.76;4.9>,<2.28;2.53>,<2.28;2.53>,<3.02;2.59>,<3.02;2.59>,<0.96;0.96>,,,,,,
2963,,80746,,11,<5.76;4.9>,<2.28;2.53>,<2.28;2.53>,<3.02;2.59>,<3.02;2.59>,<0.96;0.96>,,,,,,
2964,,80746,,12,<5.76;4.9>,<2.28;2.53>,<2.28;2.53>,<3.02;2.59>,<3.02;2.59>,<0.96;0.96>,,,,,,
2965,,80751,{11=1.3},1,<3.14;2.67>,<1.24;1.38>,<1.24;1.38>,<1.65;1.41>,<1.65;1.41>,<0.96;0.96>,,,,,,
2966,,80751,{11=1.3},2,<3.14;2.67>,<1.24;1.38>,<1.24;1.38>,<1.65;1.41>,<1.65;1.41>,<0.96;0.96>,,,,,,
2967,,80751,{11=1.3},3,<3.14;2.67>,<1.24;1.38>,<1.24;1.38>,<1.65;1.41>,<1.65;1.41>,<0.96;0.96>,,,,,,
2968,,80751,{11=1.3},4,<3.14;2.67>,<1.24;1.38>,<1.24;1.38>,<1.65;1.41>,<1.65;1.41>,<0.96;0.96>,,,,,,
2969,,80751,{11=1.3},5,<3.14;2.67>,<1.24;1.38>,<1.24;1.38>,<1.65;1.41>,<1.65;1.41>,<0.96;0.96>,,,,,,
2970,,80751,{11=1.3},6,<3.14;2.67>,<1.24;1.38>,<1.24;1.38>,<1.65;1.41>,<1.65;1.41>,<0.96;0.96>,,,,,,
2971,,80751,{11=1.3},7,<3.14;2.67>,<1.24;1.38>,<1.24;1.38>,<1.65;1.41>,<1.65;1.41>,<0.96;0.96>,,,,,,
2972,,80751,{11=1.3},8,<3.14;2.67>,<1.24;1.38>,<1.24;1.38>,<1.65;1.41>,<1.65;1.41>,<0.96;0.96>,,,,,,
2973,,80751,{11=1.3},9,<3.14;2.67>,<1.24;1.38>,<1.24;1.38>,<1.65;1.41>,<1.65;1.41>,<0.96;0.96>,,,,,,
2974,,80751,{11=1.3},10,<3.14;2.67>,<1.24;1.38>,<1.24;1.38>,<1.65;1.41>,<1.65;1.41>,<0.96;0.96>,,,,,,
2975,,80751,{11=1.3},11,<3.14;2.67>,<1.24;1.38>,<1.24;1.38>,<1.65;1.41>,<1.65;1.41>,<0.96;0.96>,,,,,,
2976,,80751,{11=1.3},12,<3.14;2.67>,<1.24;1.38>,<1.24;1.38>,<1.65;1.41>,<1.65;1.41>,<0.96;0.96>,,,,,,
60701,,60701,{1=0.97;2=1.02;3=0.97;4=1.03;5=0.98;6=1.03;10=1.25;12=1.25},1,<1.8;1.5>,<1;1.2>,<1;1.2>,,,,,,,,,
60702,,60702,{1=0.97;2=1.02;3=0.97;4=1.03;5=0.98;6=1.03;10=1.25;12=1.25},1,<2;1.8>,<1;1.25>,<1;1.25>,<1.5;1>,<1.5;1>,,,,,,,
60703,,60703,{1=0.97;2=1.02;3=0.97;4=1.03;5=0.98;6=1.03;10=1.25;11=1.5;12=1.25},1,<10;10>,<0.6;0.7>,<0.6;0.7>,<2.5;2>,<2.5;2>,,,,,,,
60704,,60704,{1=0.97;2=1.02;3=0.97;4=1.03;5=0.98;6=1.03;10=1.25;12=1.25},1,<4;3.5>,<0.65;0.75>,<0.65;0.75>,<4;3.5>,<4;3.5>,,,,,,,
60705,,60705,{1=0.97;2=1.02;3=0.97;4=1.03;5=0.98;6=1.03;10=1.25;11=0.5;12=1.25},1,<2.5;2.3>,<1.3;1.5>,<1.3;1.5>,<1.5;1.25>,<1.5;1.25>,,,,,,,
60706,,60706,{1=0.97;2=1.02;3=0.97;4=1.03;5=0.98;6=1.03;10=1.25;12=1.25},1,<5;4>,<0.7;0.8>,<0.7;0.8>,<5;4>,<5;4>,,,,,,,
60801,,60801,{1=0.97;2=1.02;3=0.97;4=1.03;5=0.98;6=1.03;10=1.25;12=1.25},1,<1;0.8>,<0.3;0.6>,<0.3;0.6>,,,,,,,,,
60802,,60802,{1=0.97;2=1.02;3=0.97;4=1.03;5=0.98;6=1.03;10=1.25;12=1.25},1,<1.2;0.9>,<0.3;0.6>,<0.3;0.6>,,,,,,,,,
60803,,60803,{1=0.97;2=1.02;3=0.97;4=1.03;5=0.98;6=1.03;10=1.25;11=1.5;12=1.25},1,<1.6;1.1>,<0.4;0.6>,<0.4;0.6>,<1.5;1.2>,<1.5;1.2>,,,,,,,
60804,,60804,{1=0.97;2=1.02;3=0.97;4=1.03;5=0.98;6=1.03;10=1.25;12=1.25},1,<1.2;0.9>,<0.2;0.4>,<0.2;0.4>,<1.5;1>,<1.5;1>,<1;1.2>,,,,,,
60805,,60805,{1=0.97;2=1.02;3=0.97;4=1.03;5=0.98;6=1.03;10=1.25;11=0.5;12=1.25},1,<2.1;1.5>,<1;1.2>,<1;1.2>,<1.5;1>,<1.5;1>,<1;1.3>,,,,,,
60806,,60806,{1=0.97;2=1.02;3=0.97;4=1.03;5=0.98;6=1.03;10=1.25;12=1.25},1,<2.5;1.8>,<1;1.3>,<1;1.3>,<2;1.5>,<2;1.5>,,,,,,,
60901,,60901,{7=1;8=1;9=1;10=1;11=4;12=1},1,,,,,,,,,,,,
60902,,60902,{11=3},1,<1.2;1.2>,,,<0.7;0.7>,<0.7;0.7>,<2;2>,,,,,,
60903,,60903,{11=1.5;8=1.5},1,<1.2;1>,<1;1.2>,<1;1.2>,<1.2;1>,<1.2;1>,<1.2;1.2>,,,,,,
60904,,60904,{11=5.2},1,<3;3>,<1.3;1.3>,,,,,,,,,,
60905,,60905,,1,<2;1.8>,<2;1.8>,<2;1.8>,<2;1.8>,<2;1.8>,<1.5;1.5>,,,,,,
60906,,60906,{11=4},1,<1.6;1.6>,<1.8;1.8>,<1.9;1.9>,<0.7;0.7>,<0.7;0.7>,<3;3>,,,,,,
61001,,61001,{1=0.97;2=1.02;3=0.97;4=1.03;5=0.98;6=1.03},1,<1.8;1.5>,<0.5;1>,<0.5;1>,<1;0.5>,<1;0.5>,,<1.2;1>,<1;1.2>,<1;1.2>,<1.2;1>,<1.2;1>,
61002,,61002,{1=0.97;2=1.02;3=0.97;4=1.03;5=0.98;6=1.03},1,<2;1.6>,<1;1.4>,<1;1.4>,<1.4;1>,<1.4;1>,,<1.2;1>,<1;1.2>,<1;1.2>,<1.2;1>,<1.2;1>,
61003,,61003,{1=0.97;2=1.02;3=0.97;4=1.03;5=0.98;6=1.03},1,<2;1.6>,<1;1.4>,<1;1.4>,<1.4;1>,<1.4;1>,,<1.2;1>,<1;1.2>,<1;1.2>,<1.2;1>,<1.2;1>,
61004,,61004,{1=0.97;2=1.02;3=0.97;4=1.03;5=0.98;6=1.03},1,<1.8;1.4>,<0.8;1.2>,<0.8;1.2>,<1.2;0.8>,<1.2;0.8>,,<1.2;1>,<1;1.2>,<1;1.2>,<1.2;1>,<1.2;1>,
61011,,61011,{1=0.97;2=1.02;3=0.97;4=1.03;5=0.98;6=1.03},1,<3.5;4>,<2;2.3>,<2;2.3>,<1.6;1.2>,<1.6;1.2>,,,,,,,
61012,,61012,{1=0.97;2=1.02;3=0.97;4=1.03;5=0.98;6=1.03},1,<3.5;4>,<2;2.3>,<2;2.3>,<1.6;1.2>,<1.6;1.2>,,,,,,,
61013,,61013,{1=0.97;2=1.02;3=0.97;4=1.03;5=0.98;6=1.03},1,<3.5;4>,<2;2.3>,<2;2.3>,<1.6;1.2>,<1.6;1.2>,,,,,,,
61014,,61014,{1=0.97;2=1.02;3=0.97;4=1.03;5=0.98;6=1.03},1,<1.8;1.5>,<0.9;1.5>,<0.9;1.5>,<1.6;1.2>,<1.6;1.2>,<1.6;1.6>,,,,,,
61021,,61021,{1=0.97;2=1.02;3=0.97;4=1.03;5=0.98;6=1.03;10=1.25;12=1.25},1,<2;1.5>,<1;1.2>,<1;1.2>,<1.8;1>,<1.8;1>,,,,,,,
61022,,61022,{1=0.97;2=1.02;3=0.97;4=1.03;5=0.98;6=1.03;7=1.2;9=1.2},1,<1.6;1.2>,<1.1;1.3>,<1.1;1.3>,<1.2;1>,<1.2;1>,,,,,,,
61023,,61023,{1=0.97;2=1.02;3=0.97;4=1.03;5=0.98;6=1.03;7=1.1;9=1.1;10=1.1;12=1.1},1,<1.3;1>,<1.1;1.3>,<1.1;1.3>,<1.2;1>,<1.2;1>,,,,,,,<2;2>
61024,,61024,{1=0.97;2=1.02;3=0.97;4=1.03;5=0.98;6=1.03},1,<1.6;1.2>,<1.1;1.3>,<1.1;1.3>,<1.6;1.2>,<1.6;1.2>,,,,,,,
62001,,62001,{1=0.97;2=1.02;3=0.97;4=1.03;5=0.98;6=1.03},1,<1.8;1.5>,<0.5;1>,<0.5;1>,<1;0.5>,<1;0.5>,,<1.2;1>,<1;1.2>,<1;1.2>,<1.2;1>,<1.2;1>,
62002,,62002,{1=0.97;2=1.02;3=0.97;4=1.03;5=0.98;6=1.03},1,<2;1.6>,<1;1.4>,<1;1.4>,<1.4;1>,<1.4;1>,,<1.2;1>,<1;1.2>,<1;1.2>,<1.2;1>,<1.2;1>,
62003,,62003,{1=0.97;2=1.02;3=0.97;4=1.03;5=0.98;6=1.03},1,<2;1.6>,<1;1.4>,<1;1.4>,<1.4;1>,<1.4;1>,,<1.2;1>,<1;1.2>,<1;1.2>,<1.2;1>,<1.2;1>,
62004,,62004,{1=0.97;2=1.02;3=0.97;4=1.03;5=0.98;6=1.03},1,<1.8;1.4>,<0.8;1.2>,<0.8;1.2>,<1.2;0.8>,<1.2;0.8>,,<1.2;1>,<1;1.2>,<1;1.2>,<1.2;1>,<1.2;1>,
62011,,62011,{1=0.97;2=1.02;3=0.97;4=1.03;5=0.98;6=1.03},1,<3.5;4>,<2;2.3>,<2;2.3>,<1.6;1.2>,<1.6;1.2>,,,,,,,
62012,,62012,{1=0.97;2=1.02;3=0.97;4=1.03;5=0.98;6=1.03},1,<3.5;4>,<2;2.3>,<2;2.3>,<1.6;1.2>,<1.6;1.2>,,,,,,,
62013,,62013,{1=0.97;2=1.02;3=0.97;4=1.03;5=0.98;6=1.03},1,<3.5;4>,<2;2.3>,<2;2.3>,<1.6;1.2>,<1.6;1.2>,,,,,,,
62014,,62014,{1=0.97;2=1.02;3=0.97;4=1.03;5=0.98;6=1.03},1,<1.8;1.5>,<0.9;1.5>,<0.9;1.5>,<1.6;1.2>,<1.6;1.2>,<1.6;1.6>,,,,,,
62021,,62021,{1=0.97;2=1.02;3=0.97;4=1.03;5=0.98;6=1.03;10=1.25;12=1.25},1,<2;1.5>,<1;1.2>,<1;1.2>,<1.8;1>,<1.8;1>,,,,,,,
62022,,62022,{1=0.97;2=1.02;3=0.97;4=1.03;5=0.98;6=1.03;7=1.2;9=1.2},1,<1.6;1.2>,<1.1;1.3>,<1.1;1.3>,<1.2;1>,<1.2;1>,,,,,,,
62023,,62023,{1=0.97;2=1.02;3=0.97;4=1.03;5=0.98;6=1.03;7=1.1;9=1.1;10=1.1;12=1.1},1,<1.3;1>,<1.1;1.3>,<1.1;1.3>,<1.2;1>,<1.2;1>,,,,,,,<2;2>
62024,,62024,{1=0.97;2=1.02;3=0.97;4=1.03;5=0.98;6=1.03},1,<1.6;1.2>,<1.1;1.3>,<1.1;1.3>,<1.6;1.2>,<1.6;1.2>,,,,,,,
62031,,62031,{1=0.97;2=1.02;3=0.97;4=1.03;5=0.98;6=1.03},1,<3.5;4>,<2;2.3>,<2;2.3>,<1.6;1.2>,<1.6;1.2>,,,,,,,
62032,,62032,{1=0.97;2=1.02;3=0.97;4=1.03;5=0.98;6=1.03},1,<3.5;4>,<2;2.3>,<2;2.3>,<1.6;1.2>,<1.6;1.2>,,,,,,,
62033,,62033,{1=0.97;2=1.02;3=0.97;4=1.03;5=0.98;6=1.03},1,<3.5;4>,<2;2.3>,<2;2.3>,<1.6;1.2>,<1.6;1.2>,,,,,,,
62034,,62034,{1=0.97;2=1.02;3=0.97;4=1.03;5=0.98;6=1.03},1,<1.8;1.5>,<0.9;1.5>,<0.9;1.5>,<1.6;1.2>,<1.6;1.2>,<1.6;1.6>,,,,,,
62041,,62041,{1=0.97;2=1.02;3=0.97;4=1.03;5=0.98;6=1.03;10=1.25;12=1.25},1,<2;1.5>,<1;1.2>,<1;1.2>,<1.8;1>,<1.8;1>,,,,,,,
62042,,62042,{1=0.97;2=1.02;3=0.97;4=1.03;5=0.98;6=1.03;7=1.2;9=1.2},1,<1.6;1.2>,<1.1;1.3>,<1.1;1.3>,<1.2;1>,<1.2;1>,,,,,,,
62043,,62043,{1=0.97;2=1.02;3=0.97;4=1.03;5=0.98;6=1.03;7=1.1;9=1.1;10=1.1;12=1.1},1,<1.3;1>,<1.1;1.3>,<1.1;1.3>,<1.2;1>,<1.2;1>,,,,,,,<2;2>
62044,,62044,{1=0.97;2=1.02;3=0.97;4=1.03;5=0.98;6=1.03},1,<1.6;1.2>,<1.1;1.3>,<1.1;1.3>,<1.6;1.2>,<1.6;1.2>,,,,,,,
