VariableName,_beizu,_id,_name,targetType,skillTarget,input,process,targetFormula,specialChoose,targetLimit,fixPos,buffList,buffLifeRound,buffProb,buffLevel,buffValue1,effectEventID,extraArgs,confuseIt
Defaults,,,,1,1,,,{},,99,,<>,<>,<1>,<>,<>,,,
VariableName,_beizu,_id,_name,targetType,skillTarget,input,process,targetFormula,specialChoose,targetLimit,fixPos,buffList,buffLifeRound,buffProb,buffLevel,buffValue1,effectEventID,extraArgs,confuseIt
111,,,,,,,,,,,,,,,,,111,,
112,,,,0,14,,,,,,,<1225>,<2>,<self:flagZ1() and 1 or 0>,,<500>,,,
121,,,,,,,,,,,,,,,,,121,,
122,,,,,,,,,,,,<1311>,<1>,<self:flagZ2() and 1 or 0.6>,,<0>,,,
123,,,,,,,,,,,,,,,,,,,
131,,,,,,,,,,,,,,,,,131,,
132,,,,,,,,,,,,,,,,,132,,
133,,,,0,11,,,,,,,<1313;1316>,<3;1>,"<1;moreEqualThan(self:star(),11) and 1 or 0>",,"<self:specialDamage()*(0.3+(skillLv(16,26,36) or 0)*0.002-0.002+0.1*(moreEqualThan(self:star(),8) and 1 or 0));(self:specialDamage()*(0.3+(skillLv(16,26,36) or 0)*0.002-0.002+0.1*(moreEqualThan(self:star(),8) and 1 or 0)))*(self:flagZ3() and 2 or 1)>",,,
134,,,,0,11,,,,,,,,,,,,,,
161,,,,,,selfForce | nodead,random(1),,,,,<1313>,<3>,,,"<self:specialDamage()*(0.3+(skillLv(16,26,36) or 0)*0.002-0.002+0.1*(moreEqualThan(self:star(),8) and 1 or 0))>",,,
162,,,,0,14,,,,,,,<1313>,<3>,<self:flagZ4() and 0.3 or 0>,,"<self:specialDamage()*(0.3+(skillLv(16,26,36) or 0)*0.002-0.002+0.1*(moreEqualThan(self:star(),8) and 1 or 0))>",,,
211,,,,,,,,,,,,,,,,,211,,
212,,,,0,14,,,,,,,<1225>,<2>,<self:flagZ1() and 1 or 0>,,<500>,,,
221,,,,,,,,,,,,,,,,,221,,
222,,,,,,,,,,,,<1311>,<1>,<self:flagZ2() and 1 or 0.6>,,<0>,,,
223,,,,,,,,,,,,,,,,,,,
231,,,,,,,,,,,,,,,,,231,,
232,,,,,,,,,,,,,,,,,232,,
233,,,,0,11,,,,,,,<1313;1316>,<3;1>,"<1;moreEqualThan(self:star(),11) and 1 or 0>",,<self:specialDamage()*(0.4+(skillLv(46) or 0)*0.002-0.002);(self:specialDamage()*(0.4+(skillLv(46) or 0)*0.002-0.002))*(self:flagZ3() and 2 or 1)>,,,
234,,,,0,11,,,,,,,,,,,,,,
261,,,,,,selfForce | nodead,random(1),,,,,<1313>,<3>,,,"<self:specialDamage()*(0.3+(skillLv(16,26,36) or 0)*0.002-0.002+0.1*(moreEqualThan(self:star(),8) and 1 or 0))>",,,
262,,,,0,14,,,,,,,<1313>,<3>,<self:flagZ4() and 0.3 or 0>,,"<self:specialDamage()*(0.3+(skillLv(16,26,36) or 0)*0.002-0.002+0.1*(moreEqualThan(self:star(),8) and 1 or 0))>",,,
311,,,,,,,,,,,,,,,,,311,,
312,,,,0,14,,,,,,,<1225>,<2>,<self:flagZ1() and 1 or 0>,,<500>,,,
321,,,,,,,,,,,,,,,,,321,,
322,,,,,,,,,,,,<1311>,<1>,<self:flagZ2() and 1 or 0.6>,,<0>,,,
323,,,,,,,,,,,,,,,,,,,
331,,,,,,,,,,,,,,,,,331,,
332,,,,,,,,,,,,,,,,,332,,
333,,,,0,11,,,,,,,<1313;1316>,<3;1>,"<1;moreEqualThan(self:star(),11) and 1 or 0>",,"<self:specialDamage()*(0.3+(skillLv(16,26,36) or 0)*0.002-0.002+0.1*(moreEqualThan(self:star(),8) and 1 or 0));(self:specialDamage()*(0.3+(skillLv(16,26,36) or 0)*0.002-0.002+0.1*(moreEqualThan(self:star(),8) and 1 or 0)))*(self:flagZ3() and 2 or 1)>",,,
334,,,,0,11,,,,,,,,,,,,,,
361,,,,,,selfForce | nodead,random(1),,,,,<1313>,<3>,,,"<self:specialDamage()*(0.3+(skillLv(16,26,36) or 0)*0.002-0.002+0.1*(moreEqualThan(self:star(),8) and 1 or 0))>",,,
362,,,,0,14,,,,,,,<1313>,<3>,<self:flagZ4() and 0.3 or 0>,,"<self:specialDamage()*(0.3+(skillLv(16,26,36) or 0)*0.002-0.002+0.1*(moreEqualThan(self:star(),8) and 1 or 0))>",,,
411,,,,,,,,,,,,,,,,,411,,
412,,,,,,selfForce,hpRatioMin,,,,,<1313>,<3>,,,"<self:specialDamage()*(0.3+(skillLv(46) or 0)*0.002-0.002+0.1*(moreEqualThan(self:star(),8) and 1 or 0))>",,,
421,,,,,,,,,,,,,,,,,421,,
422,,,,,,,,,,,,<1322>,<3>,,,"<min(target:hp()*0.05,self:specialDamage()*3)>",,,
423,,,,,,,,,,,,,,,,,,,
431,,,,,,,,,,,,,,,,,431,,
432,,,,,,,,,,,,,,,,,432,,
433,,,,0,11,,,,,,,<1313;1316;1324>,<3;1;1>,"<1;1;moreE(self:star(),11) and 1 or 0>",,"<self:specialDamage()*(0.3+(skillLv(16,26,36) or 0)*0.002-0.002+0.1*(moreEqualThan(self:star(),8) and 1 or 0));self:specialDamage()*(0.3+(skillLv(16,26,36) or 0)*0.002-0.002+0.1*(moreEqualThan(self:star(),8) and 1 or 0));0>",,,
434,,,,0,11,,,,,,,,,,,,,,
441,,,,0,14,,,,,,,<1326>,<99>,,,<0>,,,
461,,,,,,selfForce,hpRatioMin,,,,,<1313;1315;1325>,<3;1;99>,"<target:hasBuff(1313) and 1 or 1;target:hasBuff(1313) and 0 or 0;moreE(self:star(),8) and 1 or 0>",,"<self:specialDamage()*(0.3+(skillLv(46) or 0)*0.002-0.002+0.1*(moreEqualThan(self:star(),8) and 1 or 0));0;2000>",,,
1111,,,,,,,,,,,,,,,,,1111,,
1112,,,,0,14,,,,,,,<11226>,<2>,<self:flagZ1() and 1 or 0>,,<self:specialDamage()*0.1>,,,
1121,,,,,,,,,,,,<11228>,<2>,<self:flagZ2() and 0.5 or 0>,,<self:specialDamage()*0.3>,1121,,
1122,,,,0,14,,,,,,,,,,,,,,
1123,,,,0,14,,,,,,,<11226;11227>,<2;2>,<1;1>,,<self:specialDamage()*0.1;self:speed()*0.1>,,,
1131,,,,,4,,,,,,,,,,,,1131,,
1132,,,,,4,,,,,,,,,,,,1132,,
1133,,,,,4,,,,,,,<11228;11228>,<2;2>,"<1;(moreEqualThan(self:star(),11) and 1 or 0)*(self:flagZ3() and 0 or 1)>",,<self:specialDamage()*0.3;self:specialDamage()*0.3>,,,
1134,,,,,11,,,,,,,<11228>,<2>,<self:flagZ3() and 1 or 0>,,<self:specialDamage()*0.3>,,,
1161,,,,0,14,,,,,,,<11225>,<99>,,,<0>,,,
1211,,,,,,,,,,,,,,,,,1211,,
1212,,,,0,14,,,,,,,<11226>,<2>,<self:flagZ1() and 1 or 0>,,<self:specialDamage()*0.1>,,,
1221,,,,,,,,,,,,<11228>,<2>,<self:flagZ2() and 0.5 or 0>,,<self:specialDamage()*0.3>,1221,,
1222,,,,0,14,,,,,,,,,,,,,,
1223,,,,0,14,,,,,,,<11226;11227>,<2;2>,<1;1>,,<self:specialDamage()*0.1;self:speed()*0.1>,,,
1231,,,,,4,,,,,,,,,,,,1231,,
1232,,,,,4,,,,,,,,,,,,1232,,
1233,,,,,4,,,,,,,<11228;11228>,<2;2>,"<1;(moreEqualThan(self:star(),11) and 1 or 0)*(self:flagZ3() and 0 or 1)>",,<self:specialDamage()*0.3;self:specialDamage()*0.3>,,,
1234,,,,,11,,,,,,,<11228>,<2>,<self:flagZ3() and 1 or 0>,,<self:specialDamage()*0.3>,,,
1261,,,,0,14,,,,,,,<11225>,<99>,,,<0>,,,
1311,,,,,,,,,,,,,,,,,1311,,
1312,,,,0,14,,,,,,,<11226>,<2>,<self:flagZ1() and 1 or 0>,,<self:specialDamage()*0.1>,,,
1321,,,,,,,,,,,,<11228>,<2>,<self:flagZ2() and 0.5 or 0>,,<self:specialDamage()*0.3>,1321,,
1322,,,,,,,,,,,,,,,,,,,
1323,,,,0,14,,,,,,,<11226;11227>,<2;2>,<1;1>,,<self:specialDamage()*0.1;self:speed()*0.1>,,,
1324,,,,,4,,,,,,,,,,,,,,
1331,,,,,4,,,,,,,,,,,,1331,,
1332,,,,,4,,,,,,,<11228;11228>,<2;2>,"<1;(moreEqualThan(self:star(),11) and 1 or 0)*(self:flagZ3() and 0 or 1)>",,<self:specialDamage()*0.3;self:specialDamage()*0.3>,,,
1333,,,,,11,,,,,,,<11228>,<2>,<self:flagZ3() and 1 or 0>,,<self:specialDamage()*0.3>,,,
1334,,,,0,14,,,,,,,,,,,,,,
1361,,,,0,14,,,,,,,<11225>,<99>,,,<0>,,,
1411,,,,,,,,,,,,,,,,,1411,,
1412,,,,,,,,,,,,<11411>,<2>,,,<self:damage()*0.3>,,,
1421,,,,,,,,,,,,,,,,,1421,,
1422,,,,0,14,,,,,,,<11412>,<2>,,,<self:damage()*0.2>,,,
1431,,,,,,,,,,,,,,,,,1431,,
1432,,,,,,,,,,,,,,,,,1432,,
1433,,,,0,14,,,,,,,<11417>,<1>,"<moreEqualThan(self:star(),11) and 1 or 0>",,<1000>,,,
1434,,,,,,enemyForce,"buffDiffer('group',{1500,1510,1520})",,,,,<11413>,<1>,,,<self:curSkill():getTotalDamage()*0.48>,,,
1435,,,,,,enemyForce,"buffDiffer('group',{c.groupdebuff_oc()})",,,,,<11416>,<1>,"<moreEqualThan(self:star(),11) and 1 or 0>",,<self:curSkill():getTotalDamage()*0.28>,,,
1461,,,,0,11,,,,,,,<11414>,<99>,<(target:nature(1) ==15 or target:nature(2) ==15)  and 1 or 0>,,<1>,,,
1462,,,,0,11,,,,,,,<11414>,<99>,<(target:nature(1) ==2 or target:nature(2) ==2)  and 1 or 0>,,<1>,,,
1463,,,,0,14,,,,,,,<11415>,<99>,,,"<self:Bdamage()*(0.05+0.0005*skillLevel-0.0005)*countObjByBuff(self:force(),{11414})>",,,
1511,,,,,,,,,,,,,,,,,1511,,
1512,,,,0,14,,,,,,,<11512>,<2>,,,<self:specialDamage()*0.3>,,,
1521,,,,,,,,,,,,,,,,,1521,,
1522,,,,0,14,,,,,,,<11513>,<2>,,,<self:speed()*0.2>,,,
1523,,,,,,,,,,,,<11511>,<2>,,,<self:specialDamage()*0.3>,,,
1531,,,,,4,,,,,,,,,,,,1531,,
1532,,,,,4,,,,,,,,,,,,1532,,
1533,,,,,4,,,,,,,<11511;11511;11514;11511>,<2;2;2;2>,"<1;1;1;moreEqualThan(self:star(),11) and 1 or 0>",,<self:specialDamage()*0.3;self:specialDamage()*0.3;1;self:specialDamage()*0.3>,,,
1534,,,,,11,,,,,,,,,,,,,,
1561,,,,,11,,,,,,,<11516>,<99>,,,"<list(list(1500,1510,1520,1530),0.3+skillLevel*0.003-0.003,2)>",,,
1562,,,,0,11,,,,,,,<11519>,<99>,,,<1>,,,
1563,,,,0,14,,,,,,,<11517>,<99>,"<moreEqualThan(self:star(),8) and 1 or 0>",,<1>,,,
2111,,,,,,,,,,,,,,,,,2111,,
2112,,,,0,14,,,,,,,<21230>,<2>,<self:flagZ1() and 1 or 0>,,<self:specialDefence()*0.2>,,,
2121,,,,,,,,,,,,,,,,,2121,,
2122,,,,0,14,,,,,,,<21221>,<2>,,,<self:specialDefence()*2>,,,
2123,,,,0,2,,,,,,,<21221>,<2>,<self:flagZ2() and 1 or 0>,,<self:specialDefence()*2>,,,
2131,,,,,2,,,,,,,,,,,,2131,,
2132,,,,,2,,,,,,,,,,,,2132,,
2133,,,,0,11,,,,,,,<21222;21227>,<2;2>,"<1;moreEqualThan(self:star(),11) and (target:nature(1)==3 or target:nature(2)==3) and 1 or 0>",,<self:specialDefence()*1.6;self:flagZ3() and 3000 or 1000>,,,
2161,,,,0,11,,,,,,,<21225;21226>,<99;99>,<1;1>,,<target:defence()*(0.08+skillLevel*0.0004);target:specialDefence()*(0.08+skillLevel*0.0004)>,,,
2162,,,,0,14,,,,,,,<21228>,<99>,"<moreE(self:star(),8) and 1 or 0>",,<1>,,,
2163,,,,0,11,,,,,,,<21228>,<99>,"<moreE(self:star(),8) and self:flagZ4() and 1 or 0>",,<1>,,,
2211,,,,,,,,,,,,,,,,,2211,,
2212,,,,0,14,,,,,,,<21230>,<2>,<self:flagZ1() and 1 or 0>,,<self:specialDefence()*0.2>,,,
2221,,,,,,,,,,,,,,,,,2221,,
2222,,,,0,14,,,,,,,<21221>,<2>,,,<self:specialDefence()*2>,,,
2223,,,,0,2,,,,,,,<21221>,<2>,<self:flagZ2() and 1 or 0>,,<self:specialDefence()*2>,,,
2231,,,,,2,,,,,,,,,,,,2231,,
2232,,,,,2,,,,,,,,,,,,2232,,
2233,,,,0,11,,,,,,,<21222;21227>,<2;2>,"<1;moreEqualThan(self:star(),11) and (target:nature(1)==3 or target:nature(2)==3) and 1 or 0>",,<self:specialDefence()*1.6;self:flagZ3() and 3000 or 1000>,,,
2261,,,,0,11,,,,,,,<21225;21226>,<99;99>,<1;1>,,<target:defence()*(0.08+skillLevel*0.0004);target:specialDefence()*(0.08+skillLevel*0.0004)>,,,
2262,,,,0,14,,,,,,,<21228>,<99>,"<moreE(self:star(),8) and 1 or 0>",,<1>,,,
2263,,,,0,11,,,,,,,<21228>,<99>,"<moreE(self:star(),8) and self:flagZ4() and 1 or 0>",,<1>,,,
2311,,,,,,,,,,,,,,,,,2311,,
2312,,,,0,14,,,,,,,<21230>,<2>,<self:flagZ1() and 1 or 0>,,<self:specialDefence()*0.2>,,,
2321,,,,,,,,,,,,,,,,,2321,,
2322,,,,0,14,,,,,,,<21221>,<2>,,,<self:specialDefence()*2>,,,
2323,,,,0,2,,,,,,,<21221>,<2>,<self:flagZ2() and 1 or 0>,,<self:specialDefence()*2>,,,
2331,,,,,2,,,,,,,,,,,,2331,,
2332,,,,,2,,,,,,,,,,,,2332,,
2333,,,,0,11,,,,,,,<21222;21227>,<2;2>,"<1;moreEqualThan(self:star(),11) and (target:nature(1)==3 or target:nature(2)==3) and 1 or 0>",,<self:specialDefence()*1.6;self:flagZ3() and 3000 or 1000>,,,
2361,,,,0,11,,,,,,,<21225;21226>,<99;99>,<1;1>,,<target:defence()*(0.08+skillLevel*0.0004);target:specialDefence()*(0.08+skillLevel*0.0004)>,,,
2362,,,,0,14,,,,,,,<21228>,<99>,"<moreE(self:star(),8) and 1 or 0>",,<1>,,,
2363,,,,0,11,,,,,,,<21228>,<99>,"<moreE(self:star(),8) and self:flagZ4() and 1 or 0>",,<1>,,,
2411,,,,,,,,,,,,,,,,,2411,,
2412,,,,0,14,,,,,,,<24121;24122>,<2;2>,<1;1>,,<self:defence()*0.2;self:specialDefence()*0.5>,,,
2421,,,,,,,,,,,,,,,,,2421,,
2422,,,,0,14,,,,,,,<24123>,<2>,,,<self:specialDefence()*2>,,,
2423,,,,,,selfForce|nodead,otherProcessExcept(2422)|hpRatioMin,,,,,<24123>,<2>,,,<self:specialDefence()*2>,,,
2431,,,,,2,,,,,,,,,,,,2431,,
2432,,,,,2,,,,,,,,,,,,2432,,
2433,,,,,2,,,,,,,<24124>,<1>,,,<0>,,,
2434,,,,0,11,,,,,,,<24125>,<2>,,,<self:specialDefence()*(target:frontOrBack()==1 and 3.6 or 2.4)>,,,
2461,,,,0,11,,,,,,,<24128;24129>,<99;99>,<1;1>,,<self:Bdefence()*(0.18+skillLevel*0.002);self:BspecialDefence()*(0.18+skillLevel*0.002)>,,,
2462,,,,0,14,,,,,,,<24130>,<99>,"<moreE(self:star(),8) and 1 or 0>",,<1>,,,
3111,,,,,,,,,,,,,,,,,3111,,
3121,,,,,,,,,,,,,,,,,3121,,
3122,,,,,,,,,,,,<31221>,<1>,,,<-target:speed()*0.6>,,,
3131,,,,,2,,,,,,,,,,,,3131,,
3132,,,,,2,,,,,,,,,,,,3132,,
3133,,,,,2,,,,,,,<31221>,<1>,,,"<-target:speed()*(moreEqualThan(self:star(),11) and 1 or 0.4)>",,,
3161,,,,0,14,,,,,,,<31222;31223>,<99;1>,<1;1>,,<self:speed()*(5+skillLevel*0.05-0.05)*0.01;self:speed()*0.3>,,,
3311,,,,,,,,,,,,,,,,,3311,,
3321,,,,,,,,,,,,,,,,,3321,,
3322,,,,,,,,,,,,<31221>,<1>,,,<-target:speed()*0.6>,,,
3331,,,,,2,,,,,,,,,,,,3331,,
3332,,,,,2,,,,,,,<31221>,<1>,,,"<-target:speed()*(moreEqualThan(self:star(),11) and 1 or 0.4)>",,,
3361,,,,0,14,,,,,,,<31222;31223>,<99;1>,<1;1>,,<self:speed()*(5+skillLevel*0.05-0.05)*0.01;self:speed()*0.3>,,,
4311,,,,,,,,,,,,,,,,,4311,,
4321,,,,,,,,,,,,,,,,,4321,,
4322,,,,,,,,,,,,<43221>,<2>,<0.3>,,<self:damage()*0.1>,,,
4331,,,,,,,,,,,,,,,,,4331,,
4332,,,,,,,,,,,,<43222>,<2>,,,"<moreEqualThan(self:star(),11) and -6000 or -4000>",,,
4361,,,,0,14,,,,,,,<43223>,<99>,,,"<(10+skillLevel*0.1-0.1+(moreEqualThan(self:star(),8) and 0.1 or 0))*100>",,,
4411,,,,,,,,,,,,,,,,,4411,,
4412,,,,0,14,,,,,,,<44228>,<2>,<self:flagZ1() and 1 or 0>,,<self:damage()*0.1>,,,
4421,,,,,,,,,,,,,,,,,4421,,
4422,,,,,,,,,,,,<44221;44223>,<3;self:flagZ2() and 3 or 2>,<1;1>,,<self:damage()*0.2;-4000>,,,
4431,,,,,,,,,,,,,,,,,4431,,
4432,,,,,,,,,,,,,,,,,,,
4433,,,,,,,,,,,,<44223>,<5>,,,<-8000>,,,
4434,,,,,,,,,,,,<44225>,<1>,,,<1>,,,
4461,,,,0,14,,,,,,,<44227>,<99>,,,<1>,,,
5111,,,,,,,,,,,,,,,,,5111,,
5112,,,,0,14,,,,,,,<51225>,<2>,<self:flagZ1() and 1 or 0>,,<self:speed()*0.05>,,,
5121,,,,,,,,,,,,,,,,,5121,,
5122,,,,,,,,,,,,<51221>,<2>,,,<-target:speed()*0.2>,,,
5123,,,,,,,,,,,,<51226>,<2>,"<self:flagZ2() and less(self:speed(),target:speed()) and 1 or 0>",,<-target:speed()*0.2>,,,
5131,,,,,,,,,,,,,,,,,5131,,
5132,,,,,,,,,,,,,,,,,5132,,
5133,,,,0,11,,,,,,,<51222>,<self:flagZ3() and 99 or 3>,,,<target:speed()*((target:nature(1)==10 or target:nature(2)==10 ) and 0.2 or 0.1)>,,,
5161,,,,0,14,,,,,,,<51223;51224>,<2;2>,"<1;moreEqualThan(self:star(),8) and 1 or 0>",,<self:speed()*(0.05+skillLevel*0.0005-0.0005);self:damage()*(0.05+skillLevel*0.0005-0.0005)>,,,
5211,,,,,,,,,,,,,,,,,5211,,
5212,,,,0,14,,,,,,,<51225>,<2>,<self:flagZ1() and 1 or 0>,,<self:speed()*0.05>,,,
5221,,,,,,,,,,,,,,,,,5221,,
5222,,,,,,,,,,,,<51221>,<2>,,,<-target:speed()*0.2>,,,
5223,,,,,,,,,,,,<51226>,<2>,"<self:flagZ2() and less(self:speed(),target:speed()) and 1 or 0>",,<-target:speed()*0.2>,,,
5231,,,,,,,,,,,,,,,,,5231,,
5232,,,,,,,,,,,,,,,,,5232,,
5233,,,,0,11,,,,,,,<51222>,<self:flagZ3() and 99 or 3>,,,<target:speed()*((target:nature(1)==10 or target:nature(2)==10 ) and 0.2 or 0.1)>,,,
5261,,,,0,14,,,,,,,<51223;51224>,<2;2>,"<1;moreEqualThan(self:star(),8) and 1 or 0>",,<self:speed()*(0.05+skillLevel*0.0005-0.0005);self:damage()*(0.05+skillLevel*0.0005-0.0005)>,,,
5311,,,,,,,,,,,,,,,,,5311,,
5312,,,,0,14,,,,,,,<51225>,<2>,<self:flagZ1() and 1 or 0>,,<self:speed()*0.05>,,,
5321,,,,,,,,,,,,,,,,,5321,,
5322,,,,,,,,,,,,<51221>,<2>,,,<-target:speed()*0.2>,,,
5323,,,,,,,,,,,,<51226>,<2>,"<self:flagZ2() and less(self:speed(),target:speed()) and 1 or 0>",,<-target:speed()*0.2>,,,
5331,,,,,,,,,,,,,,,,,5331,,
5332,,,,0,11,,,,,,,<51222>,<self:flagZ3() and 99 or 3>,,,<target:speed()*((target:nature(1)==10 or target:nature(2)==10 ) and 0.2 or 0.1)>,,,
5361,,,,0,14,,,,,,,<51223;51224>,<2;2>,"<1;moreEqualThan(self:star(),8) and 1 or 0>",,<self:speed()*(0.05+skillLevel*0.0005-0.0005);self:damage()*(0.05+skillLevel*0.0005-0.0005)>,,,
6111,,,,,,,,,,,,,,,,,6111,,
6121,,,,,,,,,,,,,,,,,6121,,
6122,,,,,,,,,,,,<61221;61223>,<99;99>,<1;1>,,"<-min(target:defence()*0.05,self:defence()*0.4);-min(target:damage()*0.05,self:damage()*0.4)>",,,
6131,,,,,,,,,,,,,,,,,6131,,
6132,,,,0,14,,,,,,,<61225>,<1>,,,<90000>,,,
6133,,,,0,14,,,,,,,<61226>,<1>,,,"<moreEqualThan(self:star(),11) and -2000 or -3000>",,,
6161,,,,0,14,,,,,,,<61227>,<99>,,,"<(5+skillLevel*0.15-0.15+(moreEqualThan(self:star(),8) and 0.05 or 0))*100>",,,
6211,,,,,,,,,,,,,,,,,6211,,
6221,,,,,,,,,,,,,,,,,6221,,
6222,,,,,,,,,,,,<61221;61223>,<99;99>,<1;1>,,"<-min(target:defence()*0.05,self:defence()*0.4);-min(target:damage()*0.05,self:damage()*0.4)>",,,
6231,,,,,,,,,,,,,,,,,6231,,
6232,,,,0,14,,,,,,,<61225>,<1>,,,<90000>,,,
6233,,,,0,14,,,,,,,<61226>,<1>,,,"<moreEqualThan(self:star(),11) and -2000 or -3000>",,,
6261,,,,0,14,,,,,,,<61227>,<99>,,,"<(5+skillLevel*0.15-0.15+(moreEqualThan(self:star(),8) and 0.05 or 0))*100>",,,
7111,,,,,,,,,,,,,,,,,7111,,
7121,,,,,,,,,,,,,,,,,7121,,
7122,,,,0,14,,,,,,,<71221>,<2>,,,<self:speed()*0.1>,,,
7131,,,,,,,,,,,,,,,,,7131,,
7132,,,,0,14,,,,,,,<71222;71223>,<1;1>,<1;1>,,"<-self:defence()*(moreEqualThan(self:star(),11) and 0.1 or 0.3);-self:specialDefence()*(moreEqualThan(self:star(),11) and 0.1 or 0.3)>",,,
7161,,,,0,14,,,,,,,<71224>,<99>,,,"<(20+skillLevel*0.1-0.1+(moreEqualThan(self:star(),8) and 0.1 or 0))*100>",,,
7211,,,,,,,,,,,,,,,,,7211,,
7221,,,,,,,,,,,,,,,,,7221,,
7222,,,,0,14,,,,,,,<71221>,<2>,,,<self:speed()*0.1>,,,
7231,,,,,,,,,,,,,,,,,7231,,
7232,,,,0,14,,,,,,,<71222;71223>,<1;1>,<1;1>,,"<-self:defence()*(moreEqualThan(self:star(),11) and 0.1 or 0.3);-self:specialDefence()*(moreEqualThan(self:star(),11) and 0.1 or 0.3)>",,,
7261,,,,0,14,,,,,,,<71224>,<99>,,,"<(20+skillLevel*0.1-0.1+(moreEqualThan(self:star(),8) and 0.1 or 0))*100>",,,
8111,,,,,,,,,,,,,,,,,8111,,
8121,,,,,,,,,,,,,,,,,8121,,
8122,,,,,,,,,,,,<81221>,<2>,,,<-target:damage()*0.1>,,,
8131,,,,,,,,,,,,,,,,,8131,,
8132,,,,,,,,,,,,,,,,,8132,,
8133,,,,0,14,,,,,,,<81225>,<1>,"<moreEqualThan(self:star(),11) and 1 or 0>",,<self:damage()*0.2>,,,
8134,,,,,,,,,,,,<81222>,<1>,"<moreThan(self:damage(),target:damage()) and 1 or 0>",,<0>,,,
8161,,,,,11,,,,,,,<81224>,<3>,"<moreThan(self:damage(),target:damage()) and 1 or 0>",,<-target:damage()*(8+skillLevel*0.12-0.12)*0.01>,,,
8162,,,,0,14,,,,,,,<81226>,<3>,"<moreEqualThan(self:star(),8) and 1 or 0>",,<self:damage()*0.1>,,,
8211,,,,,,,,,,,,,,,,,8211,,
8221,,,,,,,,,,,,,,,,,8221,,
8222,,,,,,,,,,,,<81221>,<2>,,,<-target:damage()*0.1>,,,
8231,,,,,,,,,,,,,,,,,8231,,
8232,,,,0,14,,,,,,,<81225>,<1>,"<moreEqualThan(self:star(),11) and 1 or 0>",,<self:damage()*0.2>,,,
8233,,,,,,,,,,,,<81222>,<1>,"<moreThan(self:damage(),target:damage()) and 1 or 0>",,<0>,,,
8261,,,,,11,,,,,,,<81224>,<3>,"<moreThan(self:damage(),target:damage()) and 1 or 0>",,<-target:damage()*(8+skillLevel*0.12-0.12)*0.01>,,,
8262,,,,0,14,,,,,,,<81226>,<3>,"<moreEqualThan(self:star(),8) and 1 or 0>",,<self:damage()*0.1>,,,
9111,,,,,,,,,,,,,,,,,9111,,
9112,,,,0,14,,,,,,,<91231>,<2>,<self:flagZ1() and 1 or 0>,,<500>,,,
9121,,,,,,,,,,,,,,,,,9121,,
9122,,,,,,,,,,,,<91222>,<self:flagZ2() and 3 or 2>,<self:flagZ2() and 0.5 or 0.3>,,<1>,,,
9123,,,,,,,,,,,,,,,,,,,
9124,,,,,,,,,,,,,,,,,,,
9131,,,,,4,,,,,,,,,,,,9131,,
9132,,,,0,14,,,,,,,<91228>,<1>,,,<0>,,,
9133,,,,,4,,,,,,,<91230;91227;91229>,<1;2;99>,"<((target:hasBuffGroup(27) and moreEqualThan(self:star(),11) and 0.3 or 0)+(target:hasBuffGroup(27) and self:flagZ3() and moreEqualThan(self:star(),11) and 0.3 or 0));self:hasBuff(91228) and 10 or 0.5;0>",,<1;0;0>,,,
9141,,,,0,11,,,,,,,,,,,,,,
9161,,,,,11,,,,,,,<91226>,<99>,,,<-(500+skillLevel*5-5)>,,,
9162,,,,0,14,,,,,,,<91233>,<99>,<self:flagZ4() and 1 or 0>,,<0>,,,
9211,,,,,,,,,,,,,,,,,9211,,
9212,,,,0,14,,,,,,,<91231>,<2>,<self:flagZ1() and 1 or 0>,,<500>,,,
9221,,,,,,,,,,,,,,,,,9221,,
9222,,,,,,,,,,,,,,,,,,,
9223,,,,,,,,,,,,<91222>,<self:flagZ2() and 3 or 2>,<self:flagZ2() and 0.5 or 0.3>,,<1>,,,
9224,,,,,,,,,,,,,,,,,,,
9231,,,,,4,,,,,,,,,,,,9231,,
9232,,,,,4,,,,,,,,,,,,9232,,
9233,,,,0,14,,,,,,,<91228>,<1>,,,<0>,,,
9234,,,,,4,,,,,,,<91230;91227;91229>,<1;2;99>,"<((target:hasBuffGroup(27) and moreEqualThan(self:star(),11) and 0.3 or 0)+(target:hasBuffGroup(27) and self:flagZ3() and moreEqualThan(self:star(),11) and 0.3 or 0));self:hasBuff(91228) and 10 or 0.5;0>",,<1;0;0>,,,
9241,,,,0,11,,,,,,,,,,,,,,
9261,,,,,11,,,,,,,<91226>,<99>,,,<-(500+skillLevel*5-5)>,,,
9262,,,,0,14,,,,,,,<91233>,<99>,<self:flagZ4() and 1 or 0>,,<0>,,,
9311,,,,,,,,,,,,,,,,,9311,,
9312,,,,0,14,,,,,,,<91231>,<2>,<self:flagZ1() and 1 or 0>,,<500>,,,
9321,,,,,,,,,,,,,,,,,9321,,
9322,,,,,,,,,,,,,,,,,,,
9323,,,,,,,,,,,,<91222>,<self:flagZ2() and 3 or 2>,<self:flagZ2() and 0.5 or 0.3>,,<1>,,,
9324,,,,,,,,,,,,,,,,,,,
9331,,,,,4,,,,,,,,,,,,9331,,
9332,,,,,4,,,,,,,,,,,,9332,,
9333,,,,0,14,,,,,,,<91228>,<1>,,,<0>,,,
9334,,,,,4,,,,,,,<91230;91227;91229>,<1;2;99>,"<((target:hasBuffGroup(27) and moreEqualThan(self:star(),11) and 0.3 or 0)+(target:hasBuffGroup(27) and self:flagZ3() and moreEqualThan(self:star(),11) and 0.3 or 0));self:hasBuff(91228) and 10 or 0.5;0>",,<1;0;0>,,,
9341,,,,0,11,,,,,,,,,,,,,,
9361,,,,,11,,,,,,,<91226>,<99>,,,<-(500+skillLevel*5-5)>,,,
9362,,,,0,14,,,,,,,<91233>,<99>,<self:flagZ4() and 1 or 0>,,<0>,,,
9411,,,,,,,,,,,,,,,,,9411,,
9412,,,,,,,,,,,,<94101>,<1>,<0.5+(self:hasBuff(510091) and 0.05 or 0)>,,<0>,,,
9421,,,,,,,,,,,,,,,,,9421,,
9422,,,,0,14,,,,,,,<94201;94202>,<3;1>,<1;1>,,"<self:speed()*(0.06+0.03*self:getBuffOverlayCount(94601));<list(1,0,0);1;0>>",,,
9431,,,,,4,,,,,,,,,,,,9431,,
9432,,,,,4,,,,,,,,,,,,,,
9433,,,,,4,,,,,,,<94101;94306>,<2;1>,<(self:hasBuff(94301) and 0.6 or 1)+self:getBuffOverlayCount(94601)*0.05+(self:hasBuff(510091) and 0.05 or 0);1>,,<0;0>,,,
9434,,,,,,,,,,,,<94303>,<1>,<0>,,<self:curSkill():getTotalDamage()*0.5>,,,
9435,,,,0,14,,,,,,,<94301;94202;94302>,<99;1;1>,"<1;moreE(self:star(),11) and 1 or 0;1>",,"<0;<list(1,0,0);1;0>;0>",,,
9436,,,,0,14,,,,,,,<94307;94615>,<1;1>,<1;self:hasBuff(94613) and 0 or 0>,,<0;0>,,,
9461,,,,0,11,,,,,,,<94621;94622>,<99;99>,<1;1>,,<0;0>,,,
9462,,,,,11,,,,,,,<94621;94622>,<99;99>,<1;1>,,<0;0>,,,
9463,,,,0,14,,,,,,,<94611;94631;94202>,<99;99;1>,"<1;1;moreE(self:star(),8) and (moreE(self:mp1(),self:mp1Max()) and 1 or 0) or 0>",,"<<1;1;0>;0;<list(1,0,0);1;0>>",,,
10111,,,,,,,,,,,,,,,,,10111,,
10121,,,,,,,,,,,,,,,,,10121,,
10122,,,,,,,,,,,,<101221;101222>,<1;1>,<1;1>,,<2000;target:speed()*0.3>,,,
10123,,,,,,,,,,,,<101223>,<1>,,,<0>,,,
10131,,,,,11,,,,,,,,,,,,10131,,
10132,,,,0,14,,,,,,,<101224>,<3>,,,"<self:defence()*(moreEqualThan(self:star(),11) and (lessThan(self:hp(),0.5*self:hpMax()) and 0.8 or 0.3) or 0.3)>",,,
10161,,,,0,14,,,,,,,<101225;101226>,<99;99>,<1;1>,,<0;(150+skillLevel*2-2)*0.01*self:defence()>,,,
10211,,,,,,,,,,,,,,,,,10211,,
10221,,,,,,,,,,,,,,,,,10221,,
10222,,,,,,,,,,,,<101221;101222>,<1;1>,<1;1>,,<2000;target:speed()*0.3>,,,
10223,,,,,,,,,,,,<101223>,<1>,,,<0>,,,
10231,,,,,11,,,,,,,,,,,,10231,,
10232,,,,0,14,,,,,,,<101224>,<3>,,,"<self:defence()*(moreEqualThan(self:star(),11) and (lessThan(self:hp(),0.5*self:hpMax()) and 0.8 or 0.3) or 0.3)>",,,
10261,,,,0,14,,,,,,,<101225;101226>,<99;99>,<1;1>,,<0;(150+skillLevel*2-2)*0.01*self:defence()>,,,
11111,,,,,,,,,,,,,,,,,11111,,
11121,,,,,,,,,,,,,,,,,11121,,
11122,,,,0,14,,,,,,,<111221>,<2>,,,<self:defence()*0.4>,,,
11131,,,,,11,,,,,,,,,,,,11131,,
11132,,,,,11,,,,,,,<111222>,<1>,<0.7>,,<0>,,,
11133,,,,,11,,,,,,,<111224>,<2>,"<target:hasBuff(111222) and 0 or (moreEqualThan(self:star(),11) and 1 or 0)>",,<-target:defence()*0.3>,,,
11161,,,,0,14,,,,,,,<111225>,<99>,,,"<(10+skillLevel*0.1-0.1+(moreEqualThan(self:star(),8) and 10 or 0))*100>",,,
11162,,,,0,14,,,,,,,<111226>,<99>,"<moreEqualThan( countObjByFlag(self:force(),121) , 1) and 1 or 0>",,<self:defence()*0.4>,,,
11211,,,,,,,,,,,,,,,,,11211,,
11221,,,,,,,,,,,,,,,,,11221,,
11222,,,,0,14,,,,,,,<111221>,<2>,,,<self:defence()*0.4>,,,
11231,,,,,11,,,,,,,,,,,,11231,,
11232,,,,,11,,,,,,,<111222>,<1>,<0.7>,,<0>,,,
11233,,,,,11,,,,,,,<111224>,<2>,"<target:hasBuff(111222) and 0 or (moreEqualThan(self:star(),11) and 1 or 0)>",,<-target:defence()*0.3>,,,
11261,,,,0,14,,,,,,,<111225>,<99>,,,"<(10+skillLevel*0.1-0.1+(moreEqualThan(self:star(),8) and 10 or 0))*100>",,,
11262,,,,0,14,,,,,,,<111226>,<99>,"<moreEqualThan( countObjByFlag(self:force(),121) , 1) and 1 or 0>",,<self:defence()*0.4>,,,
11311,,,,,,,,,,,,,,,,,11311,,
11321,,,,,,,,,,,,,,,,,11321,,
11322,,,,0,14,,,,,,,<111221>,<2>,,,<self:defence()*0.4>,,,
11331,,,,,11,,,,,,,,,,,,11331,,
11332,,,,,11,,,,,,,<111222>,<1>,<0.7>,,<0>,,,
11333,,,,,11,,,,,,,<111224>,<2>,"<target:hasBuff(111222) and 0 or (moreEqualThan(self:star(),11) and 1 or 0)>",,<-target:defence()*0.3>,,,
11361,,,,0,14,,,,,,,<111225>,<99>,,,"<(10+skillLevel*0.1-0.1+(moreEqualThan(self:star(),8) and 10 or 0))*100>",,,
11362,,,,0,14,,,,,,,<111226>,<99>,"<moreEqualThan( countObjByFlag(self:force(),121) , 1) and 1 or 0>",,<self:defence()*0.4>,,,
12111,,,,,,,,,,,,<121226>,<3>,"<moreEqualThan(self:star(),8) and ifElse(skill:getDamageState('strike'),1, 0) or 0>",,<self:damage()*0.2>,12111,,
12121,,,,,,,,,,,,<121226>,<3>,"<moreEqualThan(self:star(),8) and ifElse(skill:getDamageState('strike'),1, 0) or 0>",,<self:damage()*0.2>,12121,,
12122,,,,0,14,,,,,,,<121221>,<2>,,,<2000>,,,
12131,,,,,4,,,,,,,<121226>,<3>,"<moreEqualThan(self:star(),8) and ifElse(skill:getDamageState('strike'),1, 0) or 0>",,<self:damage()*0.2>,12131,,
12132,,,,0,14,,,,,,,<121222;121223>,<2;2>,<1;1>,,"<self:damage()*(moreEqualThan(self:star(),11) and 0.25 or 0.1);self:defence()*(moreEqualThan(self:star(),11) and 0.25 or 0.1)>",,,
12161,,,,0,14,,,,,,,<121224>,<99>,,,<(10+skillLevel*0.1-0.1)*100>,,,
12162,,,,0,14,,,,,,,<121225>,<99>,"<moreEqualThan( countObjByFlag(self:force(),111) , 1) and 1 or 0>",,<self:damage()*0.2>,,,
12211,,,,,,,,,,,,<121226>,<3>,"<moreEqualThan(self:star(),8) and ifElse(skill:getDamageState('strike'),1, 0) or 0>",,<self:damage()*0.2>,12211,,
12221,,,,,,,,,,,,<121226>,<3>,"<moreEqualThan(self:star(),8) and ifElse(skill:getDamageState('strike'),1, 0) or 0>",,<self:damage()*0.2>,12221,,
12222,,,,0,14,,,,,,,<121221>,<2>,,,<2000>,,,
12231,,,,,4,,,,,,,<121226>,<3>,"<moreEqualThan(self:star(),8) and ifElse(skill:getDamageState('strike'),1, 0) or 0>",,<self:damage()*0.2>,12231,,
12232,,,,0,14,,,,,,,<121222;121223>,<2;2>,<1;1>,,"<self:damage()*(moreEqualThan(self:star(),11) and 0.25 or 0.1);self:defence()*(moreEqualThan(self:star(),11) and 0.25 or 0.1)>",,,
12261,,,,0,14,,,,,,,<121224>,<99>,,,<(10+skillLevel*0.1-0.1)*100>,,,
12262,,,,0,14,,,,,,,<121225>,<99>,"<moreEqualThan( countObjByFlag(self:force(),111) , 1) and 1 or 0>",,<self:damage()*0.2>,,,
12311,,,,,,,,,,,,<121226>,<3>,"<moreEqualThan(self:star(),8) and ifElse(skill:getDamageState('strike'),1, 0) or 0>",,<self:damage()*0.2>,12311,,
12321,,,,,,,,,,,,<121226>,<3>,"<moreEqualThan(self:star(),8) and ifElse(skill:getDamageState('strike'),1, 0) or 0>",,<self:damage()*0.2>,12321,,
12322,,,,0,14,,,,,,,<121221>,<2>,,,<2000>,,,
12331,,,,,4,,,,,,,<121226>,<3>,"<moreEqualThan(self:star(),8) and ifElse(skill:getDamageState('strike'),1, 0) or 0>",,<self:damage()*0.2>,12331,,
12332,,,,0,14,,,,,,,<121222;121223>,<2;2>,<1;1>,,"<self:damage()*(moreEqualThan(self:star(),11) and 0.25 or 0.1);self:defence()*(moreEqualThan(self:star(),11) and 0.25 or 0.1)>",,,
12361,,,,0,14,,,,,,,<121224>,<99>,,,<(10+skillLevel*0.1-0.1)*100>,,,
12362,,,,0,14,,,,,,,<121225>,<99>,"<moreEqualThan( countObjByFlag(self:force(),111) , 1) and 1 or 0>",,<self:damage()*0.2>,,,
13111,,,,,,,,,,,,,,,,,13111,,
13112,,,,0,14,,,,,,,<132232>,<2>,<self:flagZ1() and 1 or 0>,,<self:specialDefence()*0.2>,,,
13121,,,,,,,,,,,,,,,,,13121,,
13122,,,,,,,,,,,,<132221;132222>,<99;99>,<1;1>,,<self:flagZ2() and 250 or 200;0>,,,
13131,,,,,11,,,,,,,,,,,,13131,,
13132,,,,,11,,,,,,,,,,,,13132,,
13133,,,,,11,,,,,,,<132224>,<1>,<self:flagZ3() and 0.4 or 0.3>,,<0>,,,
13161,,,,0,14,,,,,,,<132227;132229>,<99;99>,"<1;to10(moreEqualThan(self:star(),8))>",,<(6000+skillLevel*20-20);0>,,,
13211,,,,,,,,,,,,,,,,,13211,,
13212,,,,0,14,,,,,,,<132232>,<2>,<self:flagZ1() and 1 or 0>,,<self:specialDefence()*0.2>,,,
13221,,,,,,,,,,,,,,,,,13221,,
13222,,,,,,,,,,,,<132221;132222>,<99;99>,<1;1>,,<self:flagZ2() and 250 or 200;0>,,,
13231,,,,,11,,,,,,,,,,,,13231,,
13232,,,,,11,,,,,,,,,,,,13232,,
13233,,,,,11,,,,,,,<132224>,<1>,<self:flagZ3() and 0.4 or 0.3>,,<0>,,,
13261,,,,0,14,,,,,,,<132227;132229>,<99;99>,"<1;to10(moreEqualThan(self:star(),8))>",,<(6000+skillLevel*20-20);0>,,,
13311,,,,,,,,,,,,,,,,,13311,,
13312,,,,0,14,,,,,,,<132232>,<2>,<self:flagZ1() and 1 or 0>,,<self:specialDefence()*0.2>,,,
13321,,,,,,,,,,,,,,,,,13321,,
13322,,,,,,,,,,,,<132221;132222>,<99;99>,<1;1>,,<self:flagZ2() and 250 or 200;0>,,,
13331,,,,,11,,,,,,,,,,,,13331,,
13332,,,,,11,,,,,,,,,,,,13332,,
13333,,,,,11,,,,,,,<132224>,<1>,<self:flagZ3() and 0.4 or 0.3>,,<0>,,,
13361,,,,0,14,,,,,,,<132227;132229>,<99;99>,"<1;to10(moreEqualThan(self:star(),8))>",,<(6000+skillLevel*20-20);0>,,,
15111,,,,,,,,,,,,,,,,,15111,,
15112,,,,,,,,,,,,<151211>,<1>,<self:flagZ1() and 0.3 or 0>,,<1>,,,
15121,,,,,,,,,,,,,,,,,15121,,
15122,,,,,,,,,,,,<151211>,<self:flagZ2() and 2 or 1>,<self:flagZ2() and 0.7 or 0.5>,,<1>,,,
15131,,,,,11,,,,,,,,,,,,15131,,
15132,,,,,,enemyForce|nodead,random(3),,,,,<151211>,<self:flagZ3() and 2 or 1>,<self:flagZ3() and 0.5 or 0.4>,,<1>,,,
15161,,,,0,14,,,,,,,<151212>,<99>,,,<1>,,,
15211,,,,,,,,,,,,,,,,,15211,,
15212,,,,,,,,,,,,<151211>,<1>,<self:flagZ1() and 0.3 or 0>,,<1>,,,
15221,,,,,,,,,,,,<151211>,<self:flagZ2() and 2 or 1>,<self:flagZ2() and 0.7 or 0.5>,,<1>,15221,,
15222,,,,,,,,,,,,,,,,,,,
15231,,,,,11,,,,,,,,,,,,15231,,
15232,,,,,11,,,,,,,,,,,,15232,,
15233,,,,,,enemyForce|nodead,random(3),,,,,<151211>,<self:flagZ3() and 2 or 1>,<self:flagZ3() and 0.5 or 0.4>,,<1>,,,
15261,,,,0,14,,,,,,,<151212>,<99>,,,<1>,,,
15311,,,,,,,,,,,,,,,,,15311,,
15312,,,,,,,,,,,,<151211>,<1>,<self:flagZ1() and 0.3 or 0>,,<1>,,,
15321,,,,,,,,,,,,,,,,,15321,,
15322,,,,,,,,,,,,<151211>,<self:flagZ2() and 2 or 1>,<self:flagZ2() and 0.7 or 0.5>,,<1>,,,
15331,,,,,11,,,,,,,,,,,,15331,,
15332,,,,,,enemyForce|nodead,random(3),,,,,<151211>,<self:flagZ3() and 2 or 1>,<self:flagZ3() and 0.5 or 0.4>,,<1>,,,
15361,,,,0,14,,,,,,,<151212>,<99>,,,<1>,,,
16111,,,,,,,,,,,,,,,,,16111,,
16112,,,,,,,,,,,,<161128;161121>,<1;3>,<1;1>,,<0;self:damage()*0.3>,,,
16113,,,,,,enemyForce|nodead,"buffDiffer('group',{1501,1511,1521})",,,,,,,,,,,,
16114,,,,,,enemyForce|nodead,,"{process={key=countObjByBuff(target:force(),{},{1501,1511,1521})>=countForceNum(target:force());value=<random(1);otherProcessExcept(16113)|random(1)>}}",,,,,,,,,,,
16115,,,,,,,,,,,,<161127>,<1>,"<moreE(self:star(),8) and 1 or 0>",,"<list(list(1501,1511,1521),6,1)>",,,
16116,,,,0,14,,,,,,,<161129>,<2>,<self:flagZ1() and 1 or 0>,,<self:damage()*0.15>,,,
16121,,,,,,,,,,,,,,,,,16121,,
16122,,,,0,14,,,,,,,<161122;161123>,<self:flagZ2() and 3 or 2;self:flagZ2() and 3 or 2>,<1;1>,,<self:speed()*0.1;1000>,,,
16123,,,,,,,,,,,,<161128>,<1>,,,<0>,,,
16124,,,,,,enemyForce|nodead,"buffDiffer('group',{1501,1511,1521})",,,,,,,,,,,,
16125,,,,,,enemyForce|nodead,,"{process={key=countObjByBuff(target:force(),{},{1501,1511,1521})>=countForceNum(target:force());value=<random(1);otherProcessExcept(16124)|random(1)>}}",,,,,,,,,,,
16126,,,,,,,,,,,,<161127>,<1>,"<moreE(self:star(),8) and 1 or 0>",,"<list(list(1501,1511,1521),6,1)>",,,
16131,,,,,12,,,,,,,,,,,,16131,,
16132,,,,,12,,,,,,,<161121;161121;161124>,<3;3;1>,"<1;1;moreE(self:star(),11) and 1 or 0>",,"<self:damage()*0.3;self:damage()*0.3;list(list(1501,1511,1521),1,1)>",,,
16133,,,,,,enemyForce|nodead,curSelected,,,,,<161121>,<3>,<self:flagZ3() and 1 or 0>,,<self:damage()*0.3>,,,
16161,,,,0,11,,,,,,,<161125>,<99>,,,<1>,,,
16211,,,,,,,,,,,,,,,,,16211,,
16212,,,,,,,,,,,,<161128;161121>,<1;3>,<1;1>,,<0;self:damage()*0.3>,,,
16213,,,,,,enemyForce|nodead,"buffDiffer('group',{1501,1511,1521})",,,,,,,,,,,,
16214,,,,,,enemyForce|nodead,,"{process={key=countObjByBuff(target:force(),{},{1501,1511,1521})>=countForceNum(target:force());value=<random(1);otherProcessExcept(16213)|random(1)>}}",,,,,,,,,,,
16215,,,,,,,,,,,,<161127>,<1>,"<moreE(self:star(),8) and 1 or 0>",,"<list(list(1501,1511,1521),6,1)>",,,
16216,,,,0,14,,,,,,,<161129>,<2>,<self:flagZ1() and 1 or 0>,,<self:damage()*0.15>,,,
16221,,,,,,,,,,,,,,,,,16221,,
16222,,,,0,14,,,,,,,<161122;161123>,<self:flagZ2() and 3 or 2;self:flagZ2() and 3 or 2>,<1;1>,,<self:speed()*0.1;1000>,,,
16223,,,,,,,,,,,,<161128>,<1>,,,<0>,,,
16224,,,,,,enemyForce|nodead,"buffDiffer('group',{1501,1511,1521})",,,,,,,,,,,,
16225,,,,,,enemyForce|nodead,,"{process={key=countObjByBuff(target:force(),{},{1501,1511,1521})>=countForceNum(target:force());value=<random(1);otherProcessExcept(16224)|random(1)>}}",,,,,,,,,,,
16226,,,,,,,,,,,,<161127>,<1>,"<moreE(self:star(),8) and 1 or 0>",,"<list(list(1501,1511,1521),6,1)>",,,
16231,,,,,12,,,,,,,,,,,,16231,,
16232,,,,,12,,,,,,,<161121;161121;161124>,<3;3;1>,"<1;1;moreE(self:star(),11) and 1 or 0>",,"<self:damage()*0.3;self:damage()*0.3;list(list(1501,1511,1521),1,1)>",,,
16233,,,,,,enemyForce|nodead,curSelected,,,,,<161121>,<3>,<self:flagZ3() and 1 or 0>,,<self:damage()*0.3>,,,
16261,,,,0,11,,,,,,,<161125>,<99>,,,<1>,,,
16311,,,,,,,,,,,,,,,,,15611,,
16312,,,,,,,,,,,,<161128;161121>,<1;3>,<1;1>,,<0;self:damage()*0.3>,,,
16313,,,,,,enemyForce|nodead,"buffDiffer('group',{1501,1511,1521})",,,,,,,,,,,,
16314,,,,,,enemyForce|nodead,,"{process={key=countObjByBuff(target:force(),{},{1501,1511,1521})>=countForceNum(target:force());value=<random(1);otherProcessExcept(16313)|random(1)>}}",,,,,,,,,,,
16315,,,,,,,,,,,,<161127>,<1>,"<moreE(self:star(),8) and 1 or 0>",,"<list(list(1501,1511,1521),6,1)>",,,
16316,,,,0,14,,,,,,,<161129>,<2>,<self:flagZ1() and 1 or 0>,,<self:damage()*0.15>,,,
16321,,,,,,,,,,,,,,,,,15621,,
16322,,,,0,14,,,,,,,<161122;161123>,<self:flagZ2() and 3 or 2;self:flagZ2() and 3 or 2>,<1;1>,,<self:speed()*0.1;1000>,,,
16323,,,,,,,,,,,,<161128>,<1>,,,<0>,,,
16324,,,,,,enemyForce|nodead,"buffDiffer('group',{1501,1511,1521})",,,,,,,,,,,,
16325,,,,,,enemyForce|nodead,,"{process={key=countObjByBuff(target:force(),{},{1501,1511,1521})>=countForceNum(target:force());value=<random(1);otherProcessExcept(16324)|random(1)>}}",,,,,,,,,,,
16326,,,,,,,,,,,,<161127>,<1>,"<moreE(self:star(),8) and 1 or 0>",,"<list(list(1501,1511,1521),6,1)>",,,
16331,,,,,12,,,,,,,,,,,,15631,,
16332,,,,,12,,,,,,,,,,,,,,
16333,,,,,12,,,,,,,<161121;161121;161124>,<3;3;1>,"<1;1;moreE(self:star(),11) and 1 or 0>",,"<self:damage()*0.3;self:damage()*0.3;list(list(1501,1511,1521),1,1)>",,,
16334,,,,,,enemyForce|nodead,curSelected,,,,,<161121>,<3>,<self:flagZ3() and 1 or 0>,,<self:damage()*0.3>,,,
16361,,,,0,11,,,,,,,<161125>,<99>,,,<1>,,,
17111,,,,,,,,,,,,,,,,,17111,,
17121,,,,,,,,,,,,,,,,,17121,,
17122,,,,,,,,,,,,<171221>,<3>,<target:hasBuffGroup(c.groupdebuff_oc()) and 1 or 0>,,<self:specialDamage()*0.4>,,,
17131,,,,,12,,,,,,,,,,,,17131,,
17132,,,,,12,,,,,,,<171221>,<3>,<0.6>,,<self:specialDamage()*0.4>,,,
17133,,,,0,14,,,,,,,<171223>,<3>,"<moreEqualThan(self:star(),8) and 1 or 0>",,<self:hpMax()*0.1>,,,
17161,,,,0,14,,,,,,,<171222>,<99>,,,<0>,,,
17211,,,,,,,,,,,,,,,,,17211,,
17221,,,,,,,,,,,,,,,,,17221,,
17222,,,,,,,,,,,,<171221>,<3>,<target:hasBuffGroup(c.groupdebuff_oc()) and 1 or 0>,,<self:specialDamage()*0.4>,,,
17231,,,,,12,,,,,,,,,,,,17231,,
17232,,,,,12,,,,,,,<171221>,<3>,<0.6>,,<self:specialDamage()*0.4>,,,
17233,,,,0,14,,,,,,,<171223>,<3>,"<moreEqualThan(self:star(),8) and 1 or 0>",,<self:hpMax()*0.1>,,,
17261,,,,0,14,,,,,,,<171222>,<99>,,,<0>,,,
17311,,,,,,,,,,,,,,,,,17311,,
17321,,,,,,,,,,,,,,,,,17321,,
17322,,,,,,,,,,,,<171221>,<3>,<target:hasBuffGroup(c.groupdebuff_oc()) and 1 or 0>,,<self:specialDamage()*0.4>,,,
17331,,,,,12,,,,,,,,,,,,17331,,
17332,,,,,12,,,,,,,<171221>,<3>,<0.6>,,<self:specialDamage()*0.4>,,,
17333,,,,0,14,,,,,,,<171223>,<3>,"<moreEqualThan(self:star(),8) and 1 or 0>",,<self:hpMax()*0.1>,,,
17361,,,,0,14,,,,,,,<171222>,<99>,,,<0>,,,
19111,,,,,,,,,,,,,,,,,19111,,
19121,,,,,,,,,,,,,,,,,19121,,
19122,,,,,,,,,,,,<191221>,<3>,<0.5>,,<self:damage()*0.3>,,,
19131,,,,,,,,,,,,,,,,,19131,,
19132,,,,0,14,,,,,,,<191222>,<1>,,,"<moreEqualThan(self:star(),11) and 5000 or 3000>",,,
19133,,,,,,,,,,,,<191223;191224>,<99;99>,<1;1>,,"<-min(target:damage()*0.08,self:damage()*0.4);-min(target:specialDamage()*0.08,self:specialDamage()*0.4)>",,,
19161,,,,,,,,,,,,<191227>,<99>,,,"<self:specialDefence()*(10+skillLevel*0.1-0.1+(moreEqualThan(self:star(),8) and 20 or 0))*0.01>",,,
19211,,,,,,,,,,,,,,,,,19211,,
19221,,,,,,,,,,,,,,,,,19221,,
19222,,,,,,,,,,,,<191221>,<3>,<0.5>,,<self:specialDamage()*0.3>,,,
19231,,,,,,,,,,,,,,,,,19231,,
19232,,,,0,14,,,,,,,<191222>,<1>,,,"<moreEqualThan(self:star(),11) and 5000 or 3000>",,,
19233,,,,,,,,,,,,<191223;191224>,<99;99>,<1;1>,,"<-min(target:damage()*0.08,self:damage()*0.4);-min(target:specialDamage()*0.08,self:specialDamage()*0.4)>",,,
19261,,,,,,,,,,,,<191227>,<99>,,,"<self:specialDefence()*(10+skillLevel*0.1-0.1+(moreEqualThan(self:star(),8) and 20 or 0))*0.01>",,,
22111,,,,,,,,,,,,<221226>,<1>,"<self:hasBuff(221229) and ( (15+(skillLv(2216,2226) or 0)*0.1-0.1)*0.01+(moreEqualThan(self:star(),8) and 0.05 or 0) ) or 0>",,<0>,22111,,
22112,,,,0,14,,,,,,,<221233>,<2>,<self:flagZ1() and 0.3 or 0>,,<self:specialDamage()*0.4>,,,
22121,,,,,,,,,,,,<221226>,<1>,"<self:hasBuff(221229) and ((15+(skillLv(2216,2226) or 0)*0.1-0.1)*0.01+(moreEqualThan(self:star(),8) and 0.05 or 0) ) or 0>",,<0>,22121,,
22122,,,,,,selfForce|nodead,,{process={key=self:mp1()>=1000;value=<random(1);myself()>}},,,,<221221>,<1>,,,<self:flagZ2() and 300 or 200>,,,
22131,,,,,2,,,,,,,<221226>,<1>,"<self:hasBuff(221229) and ((15+(skillLv(2216,2226) or 0)*0.1-0.1)*0.01+(moreEqualThan(self:star(),11) and 0.3 or 0 )+(moreEqualThan(self:star(),8) and 0.05 or 0 ) ) or 0>",,<0>,22131,,
22132,,,,0,14,,,,,,,<221222>,<1>,<self:hasBuff(221229) and 1 or 0>,,<1>,,,
22133,,,,0,14,,,,,,,<221223>,<5>,,,<0>,,,
22161,,,,0,14,,,,,,,<221224>,<99>,,,<0>,,,
22162,,,,,,,,,,,,,,,,,,,
22211,,,,,,,,,,,,,,,,,22211,,
22212,,,,0,14,,,,,,,<221233>,<2>,<self:flagZ1() and 0.3 or 0>,,<self:specialDamage()*0.4>,,,
22221,,,,,,,,,,,,,,,,,22221,,
22222,,,,,,,,,,,,<221223>,<2>,<self:hasBuff(221231) and 1 or 0>,,<0>,,,
22223,,,,0,14,,,,,,,<221221>,<1>,<self:hasBuff(221231) and 0 or 1>,,<self:flagZ2() and 300 or 200>,,,
22231,,,,,2,,,,,,,,,,,,22231,,
22232,,,,,2,,,,,,,,,,,,22232,,
22233,,,,0,14,,,,,,,<221232;221222>,<1;1>,"<moreEqualThan(self:star(),11) and 1 or 0;self:hasBuff(221231) and 1 or 0>",,<4000;1>,,,
22261,,,,0,14,,,,,,,<221230>,<99>,,,<0>,,,
23111,,,,,,,,,,,,,,,,,23111,,
23121,,,,,,,,,,,,,,,,,23121,,
23122,,,,,,,,,,,,<232221>,<2>,,,<-target:defence()*0.3>,,,
23131,,,,,,,,,,,,,,,,,23131,,
23132,,,,0,14,,,,,,,<232222;232223>,<3;3>,<1;1>,,"<moreE(self:star(),11) and 5000 or 4000;self:speed()*(moreE(self:star(),11) and 0.4 or 0.3)>",,,
23133,,,,0,14,,,,,,,<232224>,<2>,,,<0.5>,,,
23161,,,,0,14,,,,,,,<232225;232226>,<1;1>,"<moreE(self:star(),8) and (self:hasBuff(232222) and 1 or 0 )or 0;1>",,<2500;self:damage()*(15+skillLevel*0.1-0.1)*0.01>,,,
23211,,,,,,,,,,,,,,,,,23211,,
23221,,,,,,,,,,,,,,,,,23221,,
23222,,,,,,,,,,,,<232221>,<2>,,,<-target:defence()*0.3>,,,
23231,,,,,,,,,,,,,,,,,23231,,
23232,,,,0,14,,,,,,,<232222;232223>,<3;3>,<1;1>,,"<moreE(self:star(),11) and 5000 or 4000;self:speed()*(moreE(self:star(),11) and 0.4 or 0.3)>",,,
23233,,,,0,14,,,,,,,<232224>,<2>,,,<0.5>,,,
23261,,,,0,14,,,,,,,<232225;232226>,<1;1>,"<moreE(self:star(),8) and (self:hasBuff(232222) and 1 or 0 )or 0;1>",,<2500;self:damage()*(15+skillLevel*0.1-0.1)*0.01>,,,
24111,,,,,,,,,,,,,,,,,24111,,
24112,,,,0,14,,,,,,,<241111>,<self:flagZ1() and 3 or 2>,,,<self:flagZ1() and 1500 or 1000>,,,
24121,,,,,,,,,,,,,,,,,24121,,
24122,,,,0,14,,,,,,,<241112>,<2>,,,<target:speed()*0.4>,,,
24131,,,,,4,,,,,,,,,,,,24131,,
24132,,,,,4,,,,,,,,,,,,24132,,
24133,,,,0,14,,,,,,,<241113;241114>,<2;1>,<1;1>,,<self:flag(99) and self:damage()*0.05 or self:hp()*0.15;self:flag(99) and self:damage()*0.05 or self:hp()*0.15>,,,
24134,,,,0,14,,,,,,,<241115>,<1>,,,"<(moreE(self:star(),11) and 8000 or 6000)+(self:flagZ3() and 1000 or 0)>",,,
24135,,,,,4,,,,,,,<241116>,<1>,"<moreThan(self:strike()-target:strikeResistance(),1) and 1 or 0>",,<0>,,,
24161,,,,0,14,,,,,,,<241120;241121>,<99;99>,"<1;moreEqualThan(self:star(),8) and 1 or 0>",,<0;0>,,,
24211,,,,,,,,,,,,,,,,,24211,,
24212,,,,0,14,,,,,,,<241111>,<self:flagZ1() and 3 or 2>,,,<self:flagZ1() and 1500 or 1000>,,,
24221,,,,,,,,,,,,,,,,,24221,,
24222,,,,0,14,,,,,,,<241112>,<2>,,,<target:speed()*0.4>,,,
24231,,,,,4,,,,,,,,,,,,24231,,
24232,,,,,4,,,,,,,,,,,,,,
24233,,,,0,14,,,,,,,<241113;241114>,<2;1>,<1;1>,,<self:flag(99) and self:damage()*0.05 or self:hp()*0.15;self:flag(99) and self:damage()*0.05 or self:hp()*0.15>,,,
24234,,,,0,14,,,,,,,<241115>,<1>,,,"<(moreE(self:star(),11) and 8000 or 6000)+(self:flagZ3() and 1000 or 0)>",,,
24235,,,,,4,,,,,,,<241116>,<1>,"<moreThan(self:strike()-target:strikeResistance(),1) and 1 or 0>",,<0>,,,
24261,,,,0,14,,,,,,,<241120;241121>,<99;99>,"<1;moreEqualThan(self:star(),8) and 1 or 0>",,<0;0>,,,
26111,,,,,,,,,,,,,,,,,26111,,
26112,,,,,,,,,,,,<261121>,<2>,,,<-target:specialDamage()*(self:flagZ1() and 0.2 or 0.1)>,,,
26121,,,,,,,,,,,,,,,,,26121,,
26122,,,,,,,,,,,,<261122>,<1>,<self:flagZ2() and 0.4 or 0.3>,,<1>,,,
26131,,,,,11,,,,,,,,,,,,26131,,
26132,,,,,11,,,,,,,,,,,,26132,,
26133,,,,,11,,,,,,,<261124>,<1>,"<0.3+0.05*(moreEqualThan(self:star(),11) and 1 or 0)+(self:flagZ3() and 0.05 or 0)*target:getBuffOverlayCount(261133)>",,<0>,,,
26134,,,,,11,,,,,,,<261127;261133>,<2;99>,<target:hasBuff(261124) and 0 or 1;target:hasBuff(261124) and 0 or 1>,,<-target:specialDefence()*0.3;0>,,,
26161,,,,0,14,,,,,,,<261128;261130;261132>,<99;99;99>,"<1;1;moreEqualThan(self:star(),8) and (moreThan(self:hp()/self:hpMax(),0.3) and 1 or 0) or 0>",,<0;500+skillLevel*10-10;self:speed()*0.2>,,,
26171,,,,0,14,,,,,,,,,,,,,,
26172,,,,,,selfForce|nodead,otherProcessExcept(26171)|random(2),,,,,<261129>,<2>,,,<1>,,,
26211,,,,,,,,,,,,,,,,,26211,,
26212,,,,,,,,,,,,<261121>,<2>,,,<-target:specialDamage()*(self:flagZ1() and 0.2 or 0.1)>,,,
26221,,,,,,,,,,,,,,,,,26221,,
26222,,,,,,,,,,,,<261122>,<1>,<self:flagZ2() and 0.4 or 0.3>,,<1>,,,
26231,,,,,11,,,,,,,,,,,,26231,,
26232,,,,,11,,,,,,,<261124>,<1>,"<0.3+0.05*(moreEqualThan(self:star(),11) and 1 or 0)+(self:flagZ3() and 0.05 or 0)*target:getBuffOverlayCount(261133)>",,<0>,,,
26233,,,,,11,,,,,,,<261127;261133>,<2;99>,<target:hasBuff(261124) and 0 or 1;target:hasBuff(261124) and 0 or 1>,,<-target:specialDefence()*0.3;0>,,,
26261,,,,0,14,,,,,,,<261128;261130;261132>,<99;99;99>,"<1;1;moreEqualThan(self:star(),8) and (moreThan(self:hp()/self:hpMax(),0.3) and 1 or 0) or 0>",,<0;500+skillLevel*10-10;self:speed()*0.2>,,,
26311,,,,,,,,,,,,,,,,,26311,,
26312,,,,,,,,,,,,<261121>,<2>,,,<-target:specialDamage()*(self:flagZ1() and 0.2 or 0.1)>,,,
26321,,,,,2,,,,,,,,,,,,26321,,
26322,,,,,2,,,,,,,<261122>,<1>,<self:flagZ2() and 0.4 or 0.3>,,<1>,,,
26331,,,,,11,,,,,,,,,,,,26331,,
26332,,,,,11,,,,,,,,,,,,,,
26333,,,,,11,,,,,,,<261124>,<1>,"<0.3+0.05*(moreEqualThan(self:star(),11) and 1 or 0)+(self:flagZ3() and 0.05 or 0)*target:getBuffOverlayCount(261133)>",,<0>,,,
26334,,,,,11,,,,,,,<261127;261133>,<2;99>,<target:hasBuff(261124) and 0 or 1;target:hasBuff(261124) and 0 or 1>,,<-target:specialDefence()*0.3;0>,,,
26361,,,,0,14,,,,,,,<261128;261130;261132>,<99;99;99>,"<1;1;moreEqualThan(self:star(),8) and (moreThan(self:hp()/self:hpMax(),0.3) and 1 or 0) or 0>",,<0;500+skillLevel*10-10;self:speed()*0.2>,,,
26411,,,,,,,,,,,,,,,,,26411,,
26412,,,,,,,,,,,,<264111>,<self:flagZ1() and 3 or 2>,,,<-target:specialDamage()*0.2>,,,
26421,,,,,,,,,,,,,,,,,26421,,
26422,,,,,,,,,,,,<264113>,<2>,,,<-target:specialDefence()*0.3>,,,
26423,,,,,,,,,,,,<264114>,<1>,<self:flagZ2() and 0.8 or 0.5>,,<1>,,,
26431,,,,,11,,,,,,,,,,,,26431,,
26432,,,,,11,,,,,,,,,,,,26432,,
26433,,,,,11,,,,,,,<264115>,<1>,"<0.35+self:getControlPerVal(20)*0.36+self:controlPer()*0.67+max(0.2-0.1*self:getBuffOverlayCount(264131),0)>",,<1>,,,
26434,,,,,11,,,,,,,<264116>,<1>,<target:hasBuff(264115) and 1 or 0>,,<1>,,,
26435,,,,0,14,,,,,,,<264131>,<99>,,,<1>,,,
26461,,,,0,14,,,,,,,<264128>,<1>,,,<0>,,,
26462,,,,0,14,,,,,,,<264125;264122>,<99;99>,<1;1>,,<500+skillLevel*10-10;1>,,,
27111,,,,,,,,,,,,,,,,,27111,,
27112,,,,0,14,,,,,,,<271243>,<2>,<self:flagZ1() and 1 or 0>,,<self:damage()*0.1>,,,
27113,,,,,,,,,,,,<271244>,<1>,<self:flagZ4() and 0.3 or 0>,,<1000>,,,
27121,,,,,,,,,,,,,,,,,27121,,
27122,,,,,,selfForce|nodead,"attr(""damage"",""max"",1)",,,,,<271239;271245>,<2;2>,<1;self:flagZ2() and 1 or 0>,,<(target:nature(1)==7 or target:nature(2)==7) and 2000 or 1000;target:damage()*((target:nature(1)==7 or target:nature(2)==7) and 0.4 or 0.2)>,,,
27124,,,,,,,,,,,,<271244>,<1>,<self:flagZ4() and 0.3 or 0>,,<1000>,,,
27131,,,,,,,,,,,,,,,,,27131,,
27132,,,,0,14,,,,,,,<271234;271235;271236;271237;271238>,<2;2;2;2;2>,<self:flagZ3() and 0 or 1;self:flagZ3() and 0 or 1;self:flagZ3() and 0 or 1;self:flagZ3() and 0 or 1;self:flagZ3() and 0 or 1>,,<-self:defence();-self:specialDefence();-10000;-10000;10000>,,,
27133,,,,,,,,,,,,<271242>,<2>,"<moreEqualThan(self:star(),11) and 1 or 0>",,<-20000>,,,
27134,,,,0,14,,,,,,,<271234;271235;271236;271237;271238>,<1;1;1;1;1>,<self:flagZ3() and 1 or 0;self:flagZ3() and 1 or 0;self:flagZ3() and 1 or 0;self:flagZ3() and 1 or 0;self:flagZ3() and 1 or 0>,,<-self:defence();-self:specialDefence();-10000;-10000;10000>,,,
27135,,,,,,,,,,,,<271244>,<1>,<self:flagZ4() and 0.3 or 0>,,<1000>,,,
27161,,,,0,14,,,,,,,<271231;271241>,<99;99>,<1;1>,,<20000;-20000>,,,
27162,,,,0,11,,,,,,,<271232;271233>,<99;99>,<(target:nature(1)==7 or target:nature(2)==7) and 1 or 0;(target:nature(1)==7 or target:nature(2)==7) and 1 or 0>,,"<target:damage()*(0.05+skillLevel*0.0005-0.0005+(moreEqualThan(self:star(),11) and 1 or 0)*0.1);target:defence()*(0.05+skillLevel*0.0005-0.0005+(moreEqualThan(self:star(),11) and 1 or 0)*0.15)>",,,
27211,,,,,,,,,,,,,,,,,27211,,
27212,,,,0,14,,,,,,,<271243>,<2>,<self:flagZ1() and 1 or 0>,,<self:damage()*0.1>,,,
27213,,,,,,,,,,,,<271244>,<1>,<self:flagZ4() and 0.3 or 0>,,<1000>,,,
27221,,,,,,,,,,,,,,,,,27221,,
27222,,,,,,selfForce|nodead,"attr(""damage"",""max"",1)",,,,,<271239;271245>,<2;2>,<1;self:flagZ2() and 1 or 0>,,<(target:nature(1)==7 or target:nature(2)==7) and 2000 or 1000;target:damage()*((target:nature(1)==7 or target:nature(2)==7) and 0.4 or 0.2)>,,,
27224,,,,,,,,,,,,<271244>,<1>,<self:flagZ4() and 0.3 or 0>,,<1000>,,,
27231,,,,,,,,,,,,,,,,,27231,,
27232,,,,,,,,,,,,,,,,,27232,,
27233,,,,0,14,,,,,,,<271234;271235;271236;271237;271238>,<2;2;2;2;2>,<self:flagZ3() and 0 or 1;self:flagZ3() and 0 or 1;self:flagZ3() and 0 or 1;self:flagZ3() and 0 or 1;self:flagZ3() and 0 or 1>,,<-self:defence();-self:specialDefence();-10000;-10000;10000>,,,
27234,,,,,,,,,,,,<271242>,<2>,"<moreEqualThan(self:star(),11) and 1 or 0>",,<-20000>,,,
27235,,,,0,14,,,,,,,<271234;271235;271236;271237;271238>,<1;1;1;1;1>,<self:flagZ3() and 1 or 0;self:flagZ3() and 1 or 0;self:flagZ3() and 1 or 0;self:flagZ3() and 1 or 0;self:flagZ3() and 1 or 0>,,<-self:defence();-self:specialDefence();-10000;-10000;10000>,,,
27236,,,,,,,,,,,,<271244>,<1>,<self:flagZ4() and 0.3 or 0>,,<1000>,,,
27261,,,,0,14,,,,,,,<271231;271241>,<99;99>,<1;1>,,<20000;-20000>,,,
27262,,,,0,11,,,,,,,<271232;271233>,<99;99>,<(target:nature(1)==7 or target:nature(2)==7) and 1 or 0;(target:nature(1)==7 or target:nature(2)==7) and 1 or 0>,,"<target:damage()*(0.05+skillLevel*0.0005-0.0005+(moreEqualThan(self:star(),11) and 1 or 0)*0.1);target:defence()*(0.05+skillLevel*0.0005-0.0005+(moreEqualThan(self:star(),11) and 1 or 0)*0.15)>",,,
27311,,,,,,,,,,,,,,,,,27311,,
27312,,,,0,14,,,,,,,<271243>,<2>,<self:flagZ1() and 1 or 0>,,<self:damage()*0.1>,,,
27313,,,,,,,,,,,,<271244>,<1>,<self:flagZ4() and 0.3 or 0>,,<1000>,,,
27321,,,,,,,,,,,,,,,,,27321,,
27322,,,,,,selfForce|nodead,"attr(""damage"",""max"",1)",,,,,<271239;271245>,<2;2>,<1;self:flagZ2() and 1 or 0>,,<(target:nature(1)==7 or target:nature(2)==7) and 2000 or 1000;target:damage()*((target:nature(1)==7 or target:nature(2)==7) and 0.4 or 0.2)>,,,
27324,,,,,,,,,,,,<271244>,<1>,<self:flagZ4() and 0.3 or 0>,,<1000>,,,
27331,,,,,,,,,,,,,,,,,27331,,
27332,,,,,,,,,,,,,,,,,,,
27333,,,,0,14,,,,,,,<271234;271235;271236;271237;271238>,<2;2;2;2;2>,<self:flagZ3() and 0 or 1;self:flagZ3() and 0 or 1;self:flagZ3() and 0 or 1;self:flagZ3() and 0 or 1;self:flagZ3() and 0 or 1>,,<-self:defence();-self:specialDefence();-10000;-10000;10000>,,,
27334,,,,,,,,,,,,<271242>,<2>,"<moreEqualThan(self:star(),11) and 1 or 0>",,<-20000>,,,
27335,,,,0,14,,,,,,,<271234;271235;271236;271237;271238>,<1;1;1;1;1>,<self:flagZ3() and 1 or 0;self:flagZ3() and 1 or 0;self:flagZ3() and 1 or 0;self:flagZ3() and 1 or 0;self:flagZ3() and 1 or 0>,,<-self:defence();-self:specialDefence();-10000;-10000;10000>,,,
27336,,,,,,,,,,,,<271244>,<1>,<self:flagZ4() and 0.3 or 0>,,<1000>,,,
27361,,,,0,14,,,,,,,<271231;271241>,<99;99>,<1;1>,,<20000;-20000>,,,
27362,,,,0,11,,,,,,,<271232;271233>,<99;99>,<(target:nature(1)==7 or target:nature(2)==7) and 1 or 0;(target:nature(1)==7 or target:nature(2)==7) and 1 or 0>,,"<target:damage()*(0.05+skillLevel*0.0005-0.0005+(moreEqualThan(self:star(),11) and 1 or 0)*0.1);target:defence()*(0.05+skillLevel*0.0005-0.0005+(moreEqualThan(self:star(),11) and 1 or 0)*0.15)>",,,
28111,,,,,,,,,,,,,,,,,28111,,
28112,,,,0,14,,,,,,,<281221>,<2>,<self:flagZ1() and 1 or 0>,,<500>,,,
28121,,,,,,,,,,,,,,,,,28121,,
28122,,,,,,,,,,,,<281311>,<99>,,,<-target:defence()*0.1>,,,
28123,,,,,,,,,,,,<281311>,<99>,<self:flagZ2() and 0.5 or 0>,,<-target:defence()*0.1>,,,
28131,,,,,4,,,,,,,,,,,,28131,,
28132,,,,0,14,,,,,,,,,,,,,,
28133,,,,,4,,,,,,,<281222>,<1>,,,<1>,,,
28134,,,,,4,,,,,,,,,,,,,,
28135,,,,0,14,,,,,,,<281228>,<1>,"<(moreEqualThan(self:star(),11) and 1 or 0) - (self:flagZ3() and 1 or 0)>",,<<1;0.003;1>>,,,
28136,,,,0,14,,,,,,,<281229>,<1>,"<self:flagZ3() and moreEqualThan(self:star(),11) and 1 or 0>",,<<1;0.006;1>>,,,
28161,,,,0,14,,,,,,,<281312>,<99>,,,"<1000+skillLevel*10-10+(moreEqualThan(self:star(),8) and 1 or 0)*1000+(self:flagZ4() and 1 or 0)*(self:hpMax()-self:hp())/self:hpMax()*2000>",,,
28211,,,,,,,,,,,,,,,,,28211,,
28212,,,,0,14,,,,,,,<281221>,<2>,<self:flagZ1() and 1 or 0>,,<500>,,,
28221,,,,,,,,,,,,,,,,,28221,,
28222,,,,,,,,,,,,<281311>,<99>,,,<-target:defence()*0.1>,,,
28223,,,,,,,,,,,,<281311>,<99>,<self:flagZ2() and 0.5 or 0>,,<-target:defence()*0.1>,,,
28231,,,,,4,,,,,,,,,,,,28231,,
28232,,,,0,14,,,,,,,,,,,,,,
28233,,,,,4,,,,,,,<281222>,<1>,,,<1>,,,
28234,,,,,4,,,,,,,,,,,,,,
28235,,,,0,14,,,,,,,<281228>,<1>,"<(moreEqualThan(self:star(),11) and 1 or 0) - (self:flagZ3() and 1 or 0)>",,<<1;0.003;1>>,,,
28236,,,,0,14,,,,,,,<281229>,<1>,"<self:flagZ3() and moreEqualThan(self:star(),11) and 1 or 0>",,<<1;0.006;1>>,,,
28261,,,,0,14,,,,,,,<281312>,<99>,,,"<1000+skillLevel*10-10+(moreEqualThan(self:star(),8) and 1 or 0)*1000+(self:flagZ4() and 1 or 0)*(self:hpMax()-self:hp())/self:hpMax()*2000>",,,
28311,,,,,,,,,,,,,,,,,28311,,
28312,,,,0,14,,,,,,,<281221>,<2>,<self:flagZ1() and 1 or 0>,,<500>,,,
28321,,,,,,,,,,,,,,,,,28321,,
28322,,,,,,,,,,,,<281311>,<99>,,,<-target:defence()*0.1>,,,
28323,,,,,,,,,,,,<281311>,<99>,<self:flagZ2() and 0.5 or 0>,,<-target:defence()*0.1>,,,
28331,,,,,4,,,,,,,,,,,,28331,,
28332,,,,0,14,,,,,,,,,,,,,,
28333,,,,,4,,,,,,,,,,,,28332,,
28334,,,,,4,,,,,,,<281222>,<1>,,,<1>,,,
28335,,,,,4,,,,,,,,,,,,,,
28336,,,,0,14,,,,,,,<281228>,<1>,"<(moreEqualThan(self:star(),11) and 1 or 0) - (self:flagZ3() and 1 or 0)>",,<<1;0.003;1>>,,,
28337,,,,0,14,,,,,,,<281229>,<1>,"<self:flagZ3() and moreEqualThan(self:star(),11) and 1 or 0>",,<<1;0.006;1>>,,,
28361,,,,0,14,,,,,,,<281312>,<99>,,,"<1000+skillLevel*10-10+(moreEqualThan(self:star(),8) and 1 or 0)*1000+(self:flagZ4() and 1 or 0)*(self:hpMax()-self:hp())/self:hpMax()*2000>",,,
30111,,,,,,,,,,,,,,,,,30111,,
30112,,,,0,14,,,,,,,<301227>,<2>,<self:flagZ1() and 1 or 0>,,<self:damage()*0.1>,,,
30121,,,,,,,,,,,,,,,,,30121,,
30122,,,,0,14,,,,,,,<301221>,<2>,,,<self:damage()*0.15>,,,
30123,,,,0,14,,,,,,,<301222>,<2>,,,<self:defence()*0.15>,,,
30124,,,,0,14,,,,,,,<301228>,<2>,<self:flagZ2() and 1 or 0>,,<4000>,,,
30131,,,,,11,,,,,,,,,,,,30131,,
30132,,,,,11,,,,,,,<301223>,<1>,"<moreEqualThan(self:star(),11) and 0.3 or 0.2>",,<1>,,,
30161,,,,0,14,,,,,,,<301224>,<99>,,,<0>,,,
30171,,,,,11,,,,,,,<301226>,<1>,,,<0>,,,
30211,,,,,,,,,,,,,,,,,30211,,
30212,,,,0,14,,,,,,,<301227>,<2>,<self:flagZ1() and 1 or 0>,,<self:damage()*0.1>,,,
30221,,,,,,,,,,,,,,,,,30221,,
30222,,,,0,14,,,,,,,<301221>,<2>,,,<self:damage()*0.15>,,,
30223,,,,0,14,,,,,,,<301222>,<2>,,,<self:defence()*0.15>,,,
30224,,,,0,14,,,,,,,<301228>,<2>,<self:flagZ2() and 1 or 0>,,<4000>,,,
30231,,,,,11,,,,,,,,,,,,30231,,
30232,,,,,11,,,,,,,<301223>,<1>,"<moreEqualThan(self:star(),11) and 0.3 or 0.2>",,<1>,,,
30261,,,,0,14,,,,,,,<301224>,<99>,,,<0>,,,
30311,,,,,,,,,,,,,,,,,30311,,
30312,,,,0,14,,,,,,,<301227>,<2>,<self:flagZ1() and 1 or 0>,,<self:damage()*0.1>,,,
30321,,,,,,,,,,,,,,,,,30321,,
30322,,,,0,14,,,,,,,<301221>,<2>,,,<self:damage()*0.15>,,,
30323,,,,0,14,,,,,,,<301222>,<2>,,,<self:defence()*0.15>,,,
30324,,,,0,14,,,,,,,<301228>,<2>,<self:flagZ2() and 1 or 0>,,<4000>,,,
30331,,,,,11,,,,,,,,,,,,30331,,
30332,,,,,11,,,,,,,,,,,,30332,,
30333,,,,,11,,,,,,,<301223>,<1>,"<moreEqualThan(self:star(),11) and 0.3 or 0.2>",,<1>,,,
30361,,,,0,14,,,,,,,<301224>,<99>,,,<0>,,,
33111,,,,,,,,,,,,,,,,,33111,,
33112,,,,0,14,,,,,,,<333111;333117>,<2;2>,<1;self:flagZ1() and 1 or 0>,,<2000;self:specialDamage()*0.1>,,,
33121,,,,,,,,,,,,,,,,,33121,,
33122,,,,,,,,,,,,,,,,,,,
33123,,,,0,14,,,,,,,<333112;333119>,<2;1>,<1;self:flagZ2() and 1 or 0>,,<1500;100>,,,
33131,,,,,11,,,,,,,,,,,,33131,,
33132,,,,,,,,,,,,,,,,,,,
33133,,,,0,14,,,,,,,<333113;333113;333113;333118>,<99;99;99;99>,"<1;(moreEqualThan(self:star(),11) and 1 or 0);(moreEqualThan(self:star(),11) and 1 or 0);self:flagZ4() and 1 or 0>",,<0;0;0;-1000>,,,
33161,,,,0,14,,,,,,,<333114>,<99>,,,<0>,,,
33211,,,,,,,,,,,,,,,,,33211,,
33212,,,,0,14,,,,,,,<333111;333117>,<2;2>,<1;self:flagZ1() and 1 or 0>,,<2000;self:specialDamage()*0.1>,,,
33221,,,,,,,,,,,,,,,,,33221,,
33222,,,,,,,,,,,,,,,,,,,
33223,,,,0,14,,,,,,,<333112;333119>,<2;1>,<1;self:flagZ2() and 1 or 0>,,<1500;100>,,,
33231,,,,,11,,,,,,,,,,,,33231,,
33232,,,,,,,,,,,,,,,,,,,
33233,,,,0,14,,,,,,,<333113;333113;333113;333118>,<99;99;99;99>,"<1;(moreEqualThan(self:star(),11) and 1 or 0);(moreEqualThan(self:star(),11) and 1 or 0);self:flagZ4() and 1 or 0>",,<0;0;0;-1000>,,,
33261,,,,0,14,,,,,,,<333114>,<99>,,,<0>,,,
33311,,,,,,,,,,,,,,,,,33311,,
33312,,,,0,14,,,,,,,<333111;333117>,<2;2>,<1;self:flagZ1() and 1 or 0>,,<2000;self:specialDamage()*0.1>,,,
33321,,,,,,,,,,,,,,,,,33321,,
33322,,,,,,,,,,,,,,,,,,,
33323,,,,0,14,,,,,,,<333112;333119>,<2;1>,<1;self:flagZ2() and 1 or 0>,,<1500;100>,,,
33331,,,,,11,,,,,,,,,,,,33331,,
33332,,,,,,,,,,,,,,,,,,,
33333,,,,0,14,,,,,,,<333113;333113;333113;333118>,<99;99;99;99>,"<1;(moreEqualThan(self:star(),11) and 1 or 0);(moreEqualThan(self:star(),11) and 1 or 0);self:flagZ4() and 1 or 0>",,<0;0;0;-1000>,,,
33361,,,,0,14,,,,,,,<333114>,<99>,,,<0>,,,
33411,,,,,,,,,,,,,,,,,33411,,
33412,,,,0,14,,,,,,,<333111;3201111>,<2;2>,<1;1>,,<self:flagZ1() and 3000 or 2000;self:specialDamage()*(self:flagZ1() and 0.3 or 0.2)>,,,
33421,,,,,,,,,,,,,,,,,33421,,
33422,,,,,,enemyForce|nodead,"buffDifferExclude('group',{c.egg_fly_oc()})|setSelectAttr({""damage"",""specialDamage""},""max"")|attr(""selectAttr"",""max"",1)",,,,,<3201211>,<self:flagZ2() and 3 or 2>,,,<1>,,,
33431,,,,,,,,,,,,,,,,,33431,,
33432,,,,,,,,,,,,,,,,,,,
33433,,,,0,14,,,,,,,<3201311>,<1>,,,<0>,,,
33461,,,,0,14,,,,,,,<3201611>,<99>,,,<0>,,,
33511,,,,,,,,,,,,,,,,,33511,,
33512,,,,0,14,,,,,,,<333111;3201111>,<2;2>,<1;1>,,<self:flagZ1() and 3000 or 2000;self:specialDamage()*(self:flagZ1() and 0.3 or 0.2)>,,,
33521,,,,,,,,,,,,,,,,,33521,,
33522,,,,,,enemyForce|nodead,"buffDifferExclude('group',{c.egg_fly_oc()})|setSelectAttr({""damage"",""specialDamage""},""max"")|attr(""selectAttr"",""max"",1)",,,,,<3201211>,<self:flagZ2() and 3 or 2>,,,<1>,,,
33531,,,,,,,,,,,,,,,,,33531,,
33532,,,,,,,,,,,,,,,,,,,
33533,,,,0,14,,,,,,,<3201311>,<1>,,,<0>,,,
33561,,,,0,14,,,,,,,<3201611>,<99>,,,<0>,,,
34111,,,,,,,,,,,,,,,,,34111,,
34112,,,,0,14,,,,,,,<341229>,<2>,<self:flagZ1() and 1 or 0>,,<self:damage()*0.1>,,,
34121,,,,,,,,,,,,,,,,,34121,,
34122,,,,,,,,,,,,<341221>,<1>,"<(lessE(target:damage(),self:damage()) and 0.8 or 0) + (self:flagZ2() and 0.2 or 0)>",,<0>,,,
34131,,,,,,,,,,,,,,,,,34131,,
34132,,,,,,,,,,,,,,,,,34132,,
34133,,,,,,,,,,,,<341221>,<1>,<0.5>,,<0>,,,
34134,,,,0,14,,,,,,,<341222;341223;341224>,"<1;(moreE(self:star(),11) and 1 or 2);1>","<1;1;moreE(self:star(),11) and 1 or 0>",,<self:hpMax()*0.8;0;0>,34134,"{needUpdateTarget=True;prob=lessE(self:hp()/self:hpMax(),0.3) and 1 or 0}",
34161,,,,0,14,,,,,,,<341225;341227;341231>,<99;99;99>,"<1;moreE(self:star(),8) and 1 or 0;self:flagZ4() and 1 or 0>",,<0;0;0>,,,
35111,,,,,,,,,,,,,,,,,35111,,
35121,,,,,,,,,,,,,,,,,35121,,
35122,,,,,,,,,,,,<351221>,<2>,<0.4>,,<self:damage()*0.3>,,,
35131,,,,,2,,,,,,,,,,,,35131,,
35132,,,,0,14,,,,,,,<351222>,<1>,<0.34>,,<0.8>,,,
35133,,,,0,14,,,,,,,<351223>,<1>,<target:hasBuff(351222) and 0 or 0.5>,,<-0.5>,,,
35161,,,,0,14,,,,,,,<351224>,"<moreEqualThan(self:star(),8) and 10 or 2>",,,"<math.min(getdamage((target:force() == 2 and 2 or 1),1)*(10+skillLevel*0.1-0.1)*0.01,self:damage()*0.5)>",,,
35211,,,,,,,,,,,,,,,,,35211,,
35221,,,,,,,,,,,,,,,,,35221,,
35222,,,,,,,,,,,,<351221>,<2>,<0.4>,,<self:damage()*0.3>,,,
35231,,,,,2,,,,,,,,,,,,35231,,
35232,,,,,2,,,,,,,,,,,,35232,,
35233,,,,0,14,,,,,,,<351222>,<1>,<0.34>,,<0.8>,,,
35234,,,,0,14,,,,,,,<351223>,<1>,<target:hasBuff(351222) and 0 or 0.5>,,<-0.5>,,,
35261,,,,0,14,,,,,,,<351224>,"<moreEqualThan(self:star(),8) and 10 or 2>",,,"<math.min(getdamage((target:force() == 2 and 2 or 1),1)*(10+skillLevel*0.1-0.1)*0.01,self:damage()*0.5)>",,,
37111,,,,,,,,,,,,,,,,,37111,,
37112,,,,0,14,,,,,,,<371228>,<2>,<self:flagZ1() and 1 or 0>,,<self:damage()*0.1>,,,
37121,,,,,,,,,,,,,,,,,37121,,
37122,,,,,,,,,,,,<371221>,<1>,,,<-1>,,,
37123,,,,,,,,,,,,<371227>,<1>,<self:flagZ2() and 1 or 0>,,<-3000>,,,
37131,,,,,11,,,,,,,,,,,,37131,,
37132,,,,,11,,,,,,,<371222>,<3>,,,<self:damage()*0.2>,,,
37161,,,,0,14,,,,,,,<371224>,<99>,,,<0>,,,
37211,,,,,,,,,,,,,,,,,37211,,
37212,,,,0,14,,,,,,,<371228>,<2>,<self:flagZ1() and 1 or 0>,,<self:damage()*0.1>,,,
37221,,,,,,,,,,,,,,,,,37221,,
37222,,,,,,,,,,,,<371221>,<2>,,,<-1>,,,
37223,,,,,,,,,,,,<371227>,<1>,<self:flagZ2() and 1 or 0>,,<-3000>,,,
37231,,,,,11,,,,,,,,,,,,37231,,
37232,,,,,11,,,,,,,<371222>,<3>,,,<self:damage()*0.2>,,,
37261,,,,0,14,,,,,,,<371224>,<99>,,,<0>,,,
38111,,,,,,,,,,,,,,,,,38111,,
38112,,,,0,14,,,,,,,<381111>,<2>,,,<self:defence()*0.5>,,,
38121,,,,,,,,,,,,,,,,,38121,,
38122,,,,,,,,,,,,,,,,,,,
38123,,,,,,enemyForce | nodead,otherProcessExcept(38122)|column,,,,,<381211>,<3>,,,<0>,,,
38131,,,,,11,,,,,,,,,,,,38131,,
38132,,,,,3,,,,,,,<381213;381211>,<1;2>,<target:hasBuff(381211) and 1 or 0;0.8>,,<target:hpMax()*0.35;0>,,,
38133,,,,0,14,,,,,,,<381221;381224>,<1;1>,"<self:hasBuff(381222) and (more(self:getBuff(381222):getValue(),0) and 1 or 0) or 1;1>",,<self:hasBuff(381222) and self:getBuff(381222):getValue() or self:Bdefence()*30;self:defence()*1>,,,
38161,,,,0,14,,,,,,,<381611;381221>,<99;1>,"<1;moreE(self:star(),8) and 1 or 0>",,<0;self:hasBuff(381222) and self:getBuff(381222):getValue() or self:Bdefence()*30>,,,
38211,,,,,,,,,,,,,,,,,38211,,
38212,,,,0,14,,,,,,,<381111>,<2>,,,<self:defence()*0.5>,,,
38221,,,,,,,,,,,,,,,,,38221,,
38222,,,,,,,,,,,,,,,,,,,
38223,,,,,,enemyForce | nodead,otherProcessExcept(38222)|column,,,,,<381211>,<3>,,,<0>,,,
38231,,,,,11,,,,,,,,,,,,38231,,
38232,,,,,3,,,,,,,<381213;381211>,<1;2>,<target:hasBuff(381211) and 1 or 0;0.8>,,<target:hpMax()*0.35;0>,38232,,
38233,,,,0,14,,,,,,,<381221;381224>,<1;1>,"<self:hasBuff(381222) and (more(self:getBuff(381222):getValue(),0) and 1 or 0) or 1;1>",,<self:hasBuff(381222) and self:getBuff(381222):getValue() or self:Bdefence()*30;self:defence()*1>,,,
38261,,,,0,14,,,,,,,<381611;381221>,<99;1>,"<1;moreE(self:star(),8) and 1 or 0>",,<0;self:hasBuff(381222) and self:getBuff(381222):getValue() or self:Bdefence()*30>,,,
39111,,,,,,,,,,,,,,,,,39111,,
39112,,,,,,,,,,,,<391128;391121>,<1;2>,<target:hasBuff(391121) and 1 or 0;self:flagZ1() and 0.4 or 0.3>,,"<<(160+(skillLv(3916,3926,3936) or 0)*1-1);1>;0>",,,
39121,,,,,,,,,,,,,,,,,39121,,
39122,,,,,,,,,,,,<391128;391125>,<1;1>,<target:hasBuff(391121) and 1 or 0;1>,,"<<(160+(skillLv(3916,3926,3936) or 0)*1-1);1>;0>",,,
39131,,,,,11,,,,,,,,,,,,39131,,
39132,,,,,11,,,,,,,,,,,,39132,,
39133,,,,,11,,,,,,,<391128;391121>,<1;2>,<target:hasBuff(391121) and 1 or 0;self:flagZ1() and 0.45 or 0.35>,,"<<(160+(skillLv(3916,3926,3936) or 0)*1-1);1>;0>",,,
39134,,,,,11,,,,,,,,,,,,,,
39161,,,,0,14,,,,,,,<391129>,<99>,"<moreEqualThan(self:star(),8) and 1 or 0>",,<0>,,,
39211,,,,,,,,,,,,,,,,,39211,,
39212,,,,,,,,,,,,<391128;391121>,<1;2>,<target:hasBuff(391121) and 1 or 0;self:flagZ1() and 0.4 or 0.3>,,"<<(160+(skillLv(3916,3926,3936) or 0)*1-1);1>;0>",,,
39221,,,,,,,,,,,,,,,,,39221,,
39222,,,,,,,,,,,,<391128;391125>,<1;1>,<target:hasBuff(391121) and 1 or 0;1>,,"<<(160+(skillLv(3916,3926,3936) or 0)*1-1);1>;0>",,,
39231,,,,,11,,,,,,,,,,,,39231,,
39232,,,,,11,,,,,,,<391128;391121>,<1;2>,<target:hasBuff(391121) and 1 or 0;self:flagZ1() and 0.45 or 0.35>,,"<<(160+(skillLv(3916,3926,3936) or 0)*1-1);1>;0>",,,
39233,,,,,11,,,,,,,,,,,,,,
39261,,,,0,14,,,,,,,<391129>,<99>,"<moreEqualThan(self:star(),8) and 1 or 0>",,<0>,,,
39311,,,,,,,,,,,,,,,,,39311,,
39312,,,,,,,,,,,,<391128;391121>,<1;2>,<target:hasBuff(391121) and 1 or 0;self:flagZ1() and 0.4 or 0.3>,,"<<(160+(skillLv(3916,3926,3936) or 0)*1-1);1>;0>",,,
39321,,,,,4,,,,,,,,,,,,39321,,
39322,,,,,4,,,,,,,<391128;391125>,<1;1>,<target:hasBuff(391121) and 1 or 0;1>,,"<<(160+(skillLv(3916,3926,3936) or 0)*1-1);1>;0>",,,
39331,,,,,11,,,,,,,,,,,,39331,,
39332,,,,,11,,,,,,,,,,,,,,
39333,,,,,11,,,,,,,<391128;391121>,<1;2>,<target:hasBuff(391121) and 1 or 0;self:flagZ1() and 0.45 or 0.35>,,"<<(160+(skillLv(3916,3926,3936) or 0)*1-1);1>;0>",,,
39334,,,,,11,,,,,,,,,,,,,,
39361,,,,0,14,,,,,,,<391129>,<99>,"<moreEqualThan(self:star(),8) and 1 or 0>",,<0>,,,
39411,,,,,,,,,,,,,,,,,39411,,
39412,,,,,,,,,,,,<392112;392101>,<1;2>,<target:hasBuff(391121) and 1 or 0;self:flagZ1() and 0.5 or 0.35>,,<<(160+(skillLv(3956) or 0)*1-1);1>;0>,,,
39421,,,,,,,,,,,,,,,,,39421,,
39422,,,,,,,,,,,,<392112;392101;392106;392101>,<1;2;1;2>,"<target:hasBuff(392101) and 1 or 0;moreE(self:hp()/self:hpMax(),0.5) and (1+target:getBuffOverlayCount(392109)*0.1) or 0;less(self:hp()/self:hpMax(),0.5) and 1 or 0;less(self:hp()/self:hpMax(),0.5) and (0.4+target:getBuffOverlayCount(392109)*0.1) or 0>",,<<(160+(skillLv(3956) or 0)*1-1);1>;0;0;0>,,,
39431,,,,,11,,,,,,,,,,,,39431,,
39432,,,,,11,,,,,,,,,,,,39432,,
39433,,,,,11,,,,,,,<392112;392101>,<1;2>,"<target:hasBuff(392101) and 1 or 0;(moreE(self:star(),11) and 0.5 or 0.35)+target:getBuffOverlayCount(392109)*0.1+(self:flagZ3() and 0.1 or 0)>",,<<(160+(skillLv(3956) or 0)*1-1);1>;0>,,,
39461,,,,0,14,,,,,,,<392110>,<99>,"<moreE(self:star(),8) and 1 or 0>",,<0>,,,
39511,,,,,,,,,,,,,,,,,39511,,
39512,,,,,,,,,,,,<391128;391121>,<1;2>,<target:hasBuff(391121) and 1 or 0;self:flagZ1() and 0.4 or 0.3>,,"<<(160+(skillLv(3916,3926,3936,3956) or 0)*1-1);1>;0>",,,
39521,,,,,,,,,,,,,,,,,39521,,
39522,,,,,,,,,,,,<391128;391125>,<1;1>,<target:hasBuff(391121) and 1 or 0;1>,,"<<(160+(skillLv(3916,3926,3936,3956) or 0)*1-1);1>;0>",,,
39531,,,,,11,,,,,,,,,,,,39531,,
39532,,,,,11,,,,,,,,,,,,39532,,
39533,,,,,11,,,,,,,<391128;391121>,<1;2>,<target:hasBuff(391121) and 1 or 0;self:flagZ1() and 0.45 or 0.35>,,"<<(160+(skillLv(3916,3926,3936,3956) or 0)*1-1);1>;0>",,,
39534,,,,,11,,,,,,,,,,,,,,
39561,,,,0,14,,,,,,,<391129>,<99>,"<moreEqualThan(self:star(),8) and 1 or 0>",,<0>,,,
39611,,,,,,,,,,,,,,,,,39611,,
39612,,,,,,,,,,,,<392112;392101>,<1;2>,<target:hasBuff(391121) and 1 or 0;self:flagZ1() and 0.5 or 0.35>,,"<<(160+(skillLv(3956,3966) or 0)*1-1);1>;0>",,,
39621,,,,,,,,,,,,,,,,,39621,,
39622,,,,,,,,,,,,<392112;392101;392106;392101>,<1;2;1;2>,"<target:hasBuff(392101) and 1 or 0;moreE(self:hp()/self:hpMax(),0.5) and (1+target:getBuffOverlayCount(392109)*0.1) or 0;less(self:hp()/self:hpMax(),0.5) and 1 or 0;less(self:hp()/self:hpMax(),0.5) and (0.4+target:getBuffOverlayCount(392109)*0.1) or 0>",,"<<(160+(skillLv(3956,3966) or 0)*1-1);1>;0;0;0>",,,
39631,,,,,11,,,,,,,,,,,,39631,,
39632,,,,,11,,,,,,,,,,,,39632,,
39633,,,,,11,,,,,,,<392112;392101>,<1;2>,"<target:hasBuff(392101) and 1 or 0;(moreE(self:star(),11) and 0.5 or 0.35)+target:getBuffOverlayCount(392109)*0.1+(self:flagZ3() and 0.1 or 0)>",,"<<(160+(skillLv(3956,3966) or 0)*1-1);1>;0>",,,
39661,,,,0,14,,,,,,,<392110>,<99>,"<moreE(self:star(),8) and 1 or 0>",,<0>,,,
40111,,,,,,,,,,,,,,,,,40111,,
40112,,,,0,14,,,,,,,<401101>,<2>,,,<self:defence()*(self:flagZ1() and 0.8 or 0.6)>,,,
40121,,,,,,,,,,,,,,,,,40121,,
40122,,,,,,,,,,,,<401102;401103>,<self:flagZ2() and 3 or 2;self:flagZ2() and 3 or 2>,<1;1>,,<0;1000>,,,
40131,,,,,11,,,,,,,,,,,,40131,,
40132,,,,,11,,,,,,,,,,,,40132,,
40133,,,,,,,,,,,,,,,,,,,
40134,,,,,,enemyForce|nodead,rowback,,,,,<401111>,<99>,"<moreEqualThan(self:star(),11) and 0.6 or 0>",,<<1;-1>>,,,
40161,,,,0,14,,,,,,,<401109;401110>,<99;99>,"<moreEqualThan(self:star(),8) and 1 or 0;moreEqualThan(self:star(),8) and 1 or 0>",,"<<list(1,0,0);1;0>;1>",,,
40162,,,,0,14,,,,,,,<401106;401107>,<99;99>,<1;1>,,"<<list(1,0,0);1;0>;1>",,,
40171,,,,,,selfForce|nodead,"attr(""hp"",""min"",1)",,,,,,,,,,,,
40172,,,,0,14,,,,,,,,,,,,,,
40211,,,,,,,,,,,,,,,,,40211,,
40212,,,,0,14,,,,,,,<401101>,<2>,,,<self:defence()*(self:flagZ1() and 0.8 or 0.6)>,,,
40221,,,,,,,,,,,,,,,,,40221,,
40222,,,,,,,,,,,,<401102;401103>,<self:flagZ2() and 3 or 2;self:flagZ2() and 3 or 2>,<1;1>,,<0;1000>,,,
40231,,,,,11,,,,,,,,,,,,40231,,
40232,,,,,11,,,,,,,,,,,,40232,,
40233,,,,,,,,,,,,,,,,,,,
40234,,,,,,enemyForce|nodead,rowback,,,,,<401111>,<99>,"<moreEqualThan(self:star(),11) and 0.6 or 0>",,<<1;-1>>,,,
40261,,,,0,14,,,,,,,<401109;401110>,<99;99>,"<moreEqualThan(self:star(),8) and 1 or 0;moreEqualThan(self:star(),8) and 1 or 0>",,"<<list(1,0,0);1;0>;1>",,,
40262,,,,0,14,,,,,,,<401106;401107>,<99;99>,<1;1>,,"<<list(1,0,0);1;0>;1>",,,
45111,,,,,,,,,,,,,,,,,45111,,
45121,,,,,,,,,,,,,,,,,45121,,
45122,,,,,,,,,,,,<451223>,<1>,<0.3>,,<0>,,,
45131,,,,,,,,,,,,,,,,,45131,,
45132,,,,0,14,,,,,,,<451221;451222>,<1;99>,<self:hasBuff(451222) and 0.2 or 0.6;self:hasBuff(451221) and 1 or 0>,,<0;0>,,,
45133,,,,,,,,,,,,<451223>,"<moreEqualThan(self:star(),11) and 2 or 1>",<self:hasBuff(451221) and 0 or 1>,,<0;0>,,,
45161,,,,0,14,,,,,,,<451224;451225>,<99;99>,"<1;moreEqualThan(self:star(),8) and 1 or 0>",,<self:damage()*(5+skillLevel*0.2-0.2)*0.001;0>,,,
45211,,,,,,,,,,,,,,,,,45211,,
45221,,,,,,,,,,,,,,,,,45221,,
45222,,,,,,,,,,,,<451223>,<1>,<0.3>,,<0>,,,
45231,,,,,,,,,,,,,,,,,45231,,
45232,,,,0,14,,,,,,,<451221;451222>,<1;99>,<self:hasBuff(451222) and 0.2 or 0.6;self:hasBuff(451221) and 1 or 0>,,<0;0>,,,
45233,,,,,,,,,,,,<451223>,"<moreEqualThan(self:star(),11) and 2 or 1>",<self:hasBuff(451221) and 0 or 1>,,<0;0>,,,
45261,,,,0,14,,,,,,,<451224;451225>,<99;99>,"<1;moreEqualThan(self:star(),8) and 1 or 0>",,<self:damage()*(5+skillLevel*0.2-0.2)*0.001;0>,,,
46111,,,,,,,,,,,,,,,,,46111,,
46112,,,,0,14,,,,,,,<461229>,<2>,<self:flagZ1() and 1 or 0>,,<self:damage()*0.1>,,,
46121,,,,,,,,,,,,,,,,,46121,,
46122,,,,0,14,,,,,,,<461231>,<1>,,,<self:curSkill():getTotalDamage()*(self:flagZ2() and 0.8 or 0.5)>,,,
46131,,,,,,,,,,,,,,,,,46131,,
46132,,,,,,,,,,,,<461232;461241;461242;461243;461244;461245;461246;461247;461248;461249;461250>,<self:flagZ3() and 2 or 1;self:flagZ3() and 2 or 1;self:flagZ3() and 2 or 1;self:flagZ3() and 2 or 1;self:flagZ3() and 2 or 1;self:flagZ3() and 2 or 1;self:flagZ3() and 2 or 1;self:flagZ3() and 2 or 1;self:flagZ3() and 2 or 1;self:flagZ3() and 2 or 1;self:flagZ3() and 2 or 1>,<1;target:hasBuff(461233) and 1 or 0;target:hasBuff(461234) and 1 or 0;target:hasBuff(461235) and 1 or 0;target:hasBuff(461236) and 1 or 0;target:hasBuff(461237) and 1 or 0;target:hasBuff(461238) and 1 or 0;target:hasBuff(461238) and 1 or 0;target:hasBuff(461239) and 1 or 0;target:hasBuff(461239) and 1 or 0;target:hasBuff(461240) and 1 or 0>,,<1;self:damage()*0.3;target:hpMax()*0.3;1;-target:speed()*0.2;1;-target:specialDamage()*0.2;-target:damage()*0.2;-target:defence()*0.2;-target:specialDefence()*0.2;-150>,,,
46133,,,,,,,,,,,,<461232;461241;461242;461243;461244;461245;461246;461247;461248;461249;461250>,<self:flagZ3() and 2 or 1;self:flagZ3() and 2 or 1;self:flagZ3() and 2 or 1;self:flagZ3() and 2 or 1;self:flagZ3() and 2 or 1;self:flagZ3() and 2 or 1;self:flagZ3() and 2 or 1;self:flagZ3() and 2 or 1;self:flagZ3() and 2 or 1;self:flagZ3() and 2 or 1;self:flagZ3() and 2 or 1>,"<moreEqualThan(self:star(),11) and 1 or 0;target:hasBuff(461233) and 1 or 0;target:hasBuff(461234) and 1 or 0;target:hasBuff(461235) and 1 or 0;target:hasBuff(461236) and 1 or 0;target:hasBuff(461237) and 1 or 0;target:hasBuff(461238) and 1 or 0;target:hasBuff(461238) and 1 or 0;target:hasBuff(461239) and 1 or 0;target:hasBuff(461239) and 1 or 0;target:hasBuff(461240) and 1 or 0>",,<1;self:damage()*0.3;target:hpMax()*0.3;1;-target:speed()*0.2;1;-target:specialDamage()*0.2;-target:damage()*0.2;-target:defence()*0.2;-target:specialDefence()*0.2;-150>,,,
46161,,,,0,14,,,,,,,<461251>,<99>,,,<1>,,,
46211,,,,,,,,,,,,,,,,,46211,,
46212,,,,0,14,,,,,,,<461229>,<2>,<self:flagZ1() and 1 or 0>,,<self:damage()*0.1>,,,
46221,,,,,,,,,,,,,,,,,46221,,
46222,,,,,,,,,,,,<461265;461266>,<1;1>,<1;1>,,<1;1>,,,
46223,,,,0,14,,,,,,,,,,,,,,
46231,,,,,4,,,,,,,,,,,,46231,,
46232,,,,,4,,,,,,,,,,,,46232,,
46233,,,,,4,,,,,,,,,,,,,,
46234,,,,,4,,,,,,,<461264>,<99>,,,<1>,,,
46235,,,,0,14,,,,,,,,,,,,,,
46261,,,,0,14,,,,,,,<461260;461263;461270>,<99;99;99>,<1;1;1>,,<1;1;1>,,,
46311,,,,,,,,,,,,,,,,,46311,,
46312,,,,0,14,,,,,,,<461229>,<2>,<self:flagZ1() and 1 or 0>,,<self:damage()*0.1>,,,
46321,,,,,,,,,,,,,,,,,46321,,
46322,,,,0,14,,,,,,,<461231>,<1>,,,<self:curSkill():getTotalDamage()*(self:flagZ2() and 0.8 or 0.5)>,,,
46331,,,,,,,,,,,,,,,,,46331,,
46332,,,,,,,,,,,,,,,,,46332,,
46333,,,,,,,,,,,,<461232;461241;461242;461243;461244;461245;461246;461247;461248;461249;461250>,<self:flagZ3() and 2 or 1;self:flagZ3() and 2 or 1;self:flagZ3() and 2 or 1;self:flagZ3() and 2 or 1;self:flagZ3() and 2 or 1;self:flagZ3() and 2 or 1;self:flagZ3() and 2 or 1;self:flagZ3() and 2 or 1;self:flagZ3() and 2 or 1;self:flagZ3() and 2 or 1;self:flagZ3() and 2 or 1>,<1;target:hasBuff(461233) and 1 or 0;target:hasBuff(461234) and 1 or 0;target:hasBuff(461235) and 1 or 0;target:hasBuff(461236) and 1 or 0;target:hasBuff(461237) and 1 or 0;target:hasBuff(461238) and 1 or 0;target:hasBuff(461238) and 1 or 0;target:hasBuff(461239) and 1 or 0;target:hasBuff(461239) and 1 or 0;target:hasBuff(461240) and 1 or 0>,,<1;self:damage()*0.3;target:hpMax()*0.3;1;-target:speed()*0.2;1;-target:specialDamage()*0.2;-target:damage()*0.2;-target:defence()*0.2;-target:specialDefence()*0.2;-150>,,,
46334,,,,,,,,,,,,<461232;461241;461242;461243;461244;461245;461246;461247;461248;461249;461250>,<self:flagZ3() and 2 or 1;self:flagZ3() and 2 or 1;self:flagZ3() and 2 or 1;self:flagZ3() and 2 or 1;self:flagZ3() and 2 or 1;self:flagZ3() and 2 or 1;self:flagZ3() and 2 or 1;self:flagZ3() and 2 or 1;self:flagZ3() and 2 or 1;self:flagZ3() and 2 or 1;self:flagZ3() and 2 or 1>,"<moreEqualThan(self:star(),11) and 1 or 0;target:hasBuff(461233) and 1 or 0;target:hasBuff(461234) and 1 or 0;target:hasBuff(461235) and 1 or 0;target:hasBuff(461236) and 1 or 0;target:hasBuff(461237) and 1 or 0;target:hasBuff(461238) and 1 or 0;target:hasBuff(461238) and 1 or 0;target:hasBuff(461239) and 1 or 0;target:hasBuff(461239) and 1 or 0;target:hasBuff(461240) and 1 or 0>",,<1;self:damage()*0.3;target:hpMax()*0.3;1;-target:speed()*0.2;1;-target:specialDamage()*0.2;-target:damage()*0.2;-target:defence()*0.2;-target:specialDefence()*0.2;-150>,,,
46361,,,,0,14,,,,,,,<461251>,<99>,,,<1>,,,
46411,,,,,,,,,,,,,,,,,46411,,
46412,,,,0,14,,,,,,,<461336>,<1>,,,<0>,,,
46413,,,,0,14,,,,,,,<461229>,<2>,<self:flagZ1() and 1 or 0>,,<self:damage()*0.1>,,,
46421,,,,,,,,,,,,,,,,,46421,,
46422,,,,,,selfForce,hpRatioMin,,,,,<461331>,<2>,,,<self:flagZ2() and 4000 or 2000>,,,
46431,,,,,2,,,,,,,,,,,,46431,,
46432,,,,,2,,,,,,,,,,,,46432,,
46433,,,,,2,,,,,,,,,,,,,,
46434,,,,0,14,,,,,,,<461332;461333>,<self:flagZ3() and 2 or 1;self:flagZ3() and 2 or 1>,<1;1>,,"<moreEqualThan(self:star(),11) and 9000 or 8000;moreEqualThan(self:star(),11) and 5000 or 3000>",,,
46461,,,,0,14,,,,,,,<461334;461338>,<99;99>,<1;1>,,<<1;1>;0>,,,
47111,,,,,,,,,,,,,,,,,47111,,
47112,,,,0,14,,,,,,,<471225>,<2>,<self:flagZ1() and 1 or 0>,,<self:damage()*0.1>,,,
47121,,,,,,,,,,,,,,,,,47121,,
47122,,,,,,,,,,,,<471221>,<2>,,,<-target:defence()*(0.2+(self:flagZ2() and 0.2 or 0))>,,,
47131,,,,,4,,,,,,,,,,,,47131,,
47132,,,,,4,,,,,,,<471222>,<1>,<self:flagZ3() and 0.7 or 0.4>,,<0>,,,
47133,,,,0,14,,,,,,,<471223>,<1>,,,"<moreEqualThan(self:star(),11) and self:hpMax()*0.25 or self:hpMax()*0.15>",,,
47161,,,,0,14,,,,,,,<471224>,<99>,,,<0>,,,
47211,,,,,,,,,,,,,,,,,47211,,
47212,,,,0,14,,,,,,,<471225>,<2>,<self:flagZ1() and 1 or 0>,,<self:damage()*0.1>,,,
47221,,,,,,,,,,,,,,,,,47221,,
47222,,,,,,,,,,,,<471221>,<2>,,,<-target:defence()*(0.2+(self:flagZ2() and 0.2 or 0))>,,,
47231,,,,,4,,,,,,,,,,,,47231,,
47232,,,,,4,,,,,,,<471222>,<1>,<self:flagZ3() and 0.7 or 0.4>,,<0>,,,
47233,,,,0,14,,,,,,,<471223>,<1>,,,"<moreEqualThan(self:star(),11) and self:hpMax()*0.25 or self:hpMax()*0.15>",,,
47261,,,,0,14,,,,,,,<471224>,<99>,,,<0>,,,
48111,,,,,,,,,,,,,,,,,48111,,
48112,,,,0,14,,,,,,,<481231>,<2>,<self:flagZ1() and 1 or 0>,,<self:damage()*0.1>,,,
48121,,,,,,,,,,,,,,,,,48121,,
48122,,,,,,,,,,,,<481221>,<3>,,,<self:defence()*0.8>,,,
48123,,,,0,14,,,,,,,<481232>,<2>,<self:flagZ2() and 1 or 0>,,<self:defence()*0.3>,,,
48131,,,,,11,,,,,,,,,,,,48131,,
48132,,,,,11,,,,,,,<481222;481223>,<1;1>,"<target:hasBuffGroup(1101,1102,1103,1104,1105,1111,1112,1113,1114,1115,1121,1122,1123,1124,1125,1301,1302,1303,1311,1312,1313,1321,1322,1323,1500,1501,1502,1503,1510,1511,1512,1513,1520,1521,1522,1523,1001,1002,1003,1004,1005,1011,1012,1013,1014,1015,1021,1022,1023,1024,1025,1201,1202,1203,1211,1212,1213,1221,1222,1223,1401,1411,1421,1431,1441,1451)and 1 or 0;1>",,<0;0>,,,
48161,,,,0,14,,,,,,,<481224;481228;481229>,<99;99;99>,<1;1;1>,,<0;0;0>,,,
48211,,,,,,,,,,,,,,,,,48211,,
48212,,,,0,14,,,,,,,<481231>,<2>,<self:flagZ1() and 1 or 0>,,<self:damage()*0.1>,,,
48221,,,,,,,,,,,,,,,,,48221,,
48222,,,,,,,,,,,,<481221>,<3>,,,<self:defence()*0.8>,,,
48223,,,,0,14,,,,,,,<481232>,<2>,<self:flagZ2() and 1 or 0>,,<self:defence()*0.3>,,,
48231,,,,,11,,,,,,,,,,,,48231,,
48232,,,,,11,,,,,,,<481222;481223>,<1;1>,"<target:hasBuffGroup(1101,1102,1103,1104,1105,1111,1112,1113,1114,1115,1121,1122,1123,1124,1125,1301,1302,1303,1311,1312,1313,1321,1322,1323,1500,1501,1502,1503,1510,1511,1512,1513,1520,1521,1522,1523,1001,1002,1003,1004,1005,1011,1012,1013,1014,1015,1021,1022,1023,1024,1025,1201,1202,1203,1211,1212,1213,1221,1222,1223,1401,1411,1421,1431,1441,1451)and 1 or 0;1>",,<0;0>,,,
48261,,,,0,14,,,,,,,<481224;481228;481229>,<99;99;99>,<1;1;1>,,<0;0;0>,,,
49111,,,,,,,,,,,,,,,,,49111,,
49112,,,,,,,,,,,,<491221>,<2+(self:flagZ1() and 1 or 0)>,,,<1>,,,
49121,,,,,,,,,,,,,,,,,49121,,
49122,,,,0,14,,,,,,,,,,,,,,
49123,,,,0,2,,,,,,,<491224;491233>,<2;2>,<1;self:flagZ2() and 1 or 0>,,<target:defence()*0.6;1500>,,,
49131,,,,,2,,,,,,,,,,,,49131,,
49132,,,,,2,,,,,,,,,,,,49132,,
49133,,,,,2,,,,,,,<491226>,<1>,,,"<self:defence()*(1.5 + (moreE(self:star(),11) and 1 or 0)+(self:flagZ3() and 1.5 or 0) )*math.min(1.3,div(max(self:defence()-target:defence(),0),self:defence(),1.3))>",,,
49161,,,,0,14,,,,,,,<491227;491229;491234>,<99;99;99>,<1;1;1>,,<1;self:defence()*(0.4+skillLevel*0.002-0.002);1000>,,,
49211,,,,,,,,,,,,,,,,,49211,,
49212,,,,,,,,,,,,<491221>,<2+(self:flagZ1() and 1 or 0)>,,,<1>,,,
49221,,,,,,,,,,,,,,,,,49221,,
49222,,,,0,14,,,,,,,,,,,,,,
49223,,,,0,2,,,,,,,<491224;491233>,<2;2>,<1;self:flagZ2() and 1 or 0>,,<target:defence()*0.6;1500>,,,
49231,,,,,2,,,,,,,,,,,,49231,,
49232,,,,,2,,,,,,,,,,,,49232,,
49233,,,,,2,,,,,,,<491226>,<1>,,,"<self:defence()*(1.5 + (moreE(self:star(),11) and 1 or 0)+(self:flagZ3() and 1.5 or 0) )*math.min(1.3,div(max(self:defence()-target:defence(),0),self:defence(),1.3))>",,,
49261,,,,0,14,,,,,,,<491227;491229;491234>,<99;99;99>,<1;1;1>,,<1;self:defence()*(0.4+skillLevel*0.002-0.002);1000>,,,
49311,,,,,,,,,,,,,,,,,49311,,
49312,,,,,,,,,,,,<491221>,<2+(self:flagZ1() and 1 or 0)>,,,<1>,,,
49321,,,,,,,,,,,,,,,,,49321,,
49322,,,,0,14,,,,,,,,,,,,,,
49323,,,,0,2,,,,,,,<491224;491233>,<2;2>,<1;self:flagZ2() and 1 or 0>,,<target:defence()*0.6;1500>,,,
49331,,,,,2,,,,,,,,,,,,49331,,
49332,,,,,2,,,,,,,,,,,,,,
49333,,,,,2,,,,,,,<491226>,<1>,,,"<self:defence()*(1.5 + (moreE(self:star(),11) and 1 or 0)+(self:flagZ3() and 1.5 or 0) )*math.min(1.3,div(max(self:defence()-target:defence(),0),self:defence(),1.3))>",,,
49361,,,,0,14,,,,,,,<491227;491229;491234>,<99;99;99>,<1;1;1>,,<1;self:defence()*(0.4+skillLevel*0.002-0.002);1000>,,,
50111,,,,,,,,,,,,,,,,,50111,,
50112,,,,,,selfForce | nodead,hpRatioMin,,,,,<501111>,<1>,,,<self:hpMax()*0.15>,,,
50121,,,,0,,,,,,,,,,,,,50121,,
50122,,,,0,,,,,,,,<501211>,<1>,,,<0>,,,
50131,,,,,11,,,,,,,<501311>,<1>,,,<0>,,,
50132,,,,,,all|nodead,random(12),,,,,,,,,,50131,,
50133,,,,,,selfForce | nodead,hpRatioMin,,,,,<501314>,<1>,,,<0>,,,
50161,,,,0,14,,,,,,,<501611;501621>,<99;99>,"<1;moreE(self:star(),8) and 1 or 0>",,<0;0>,,,
50211,,,,,,,,,,,,,,,,,50211,,
50212,,,,,,selfForce | nodead,hpRatioMin,,,,,<501111>,<1>,,,<self:hpMax()*0.15>,,,
50221,,,,0,,,,,,,,,,,,,50221,,
50222,,,,0,,,,,,,,<501211>,<1>,,,<0>,,,
50231,,,,,11,,,,,,,<501311>,<1>,,,<0>,,,
50232,,,,,,all|nodead,random(12),,,,,,,,,,50231,,
50233,,,,,,all|nodead,exclude(list(csvSelf:id()))|random(12),,,,,,,,,,50232,,
50234,,,,,,selfForce | nodead,hpRatioMin,,,,,<501314>,<1>,,,<0>,,,
50261,,,,0,14,,,,,,,<501611;501621>,<99;99>,"<1;moreE(self:star(),8) and 1 or 0>",,<0;0>,,,
50311,,,,,,,,,,,,,,,,,50311,,
50312,,,,,,selfForce | nodead,hpRatioMin,,,,,<501111>,<1>,,,<self:hpMax()*0.15>,,,
50321,,,,0,,,,,,,,,,,,,50321,,
50322,,,,0,,,,,,,,<501211>,<1>,,,<0>,,,
50331,,,,,11,,,,,,,<501311>,<1>,,,<0>,,,
50332,,,,,,all|nodead,random(12),,,,,,,,,,50331,,
50333,,,,,,all|nodead,exclude(list(csvSelf:id()))|random(12),,,,,,,,,,,,
50334,,,,,,selfForce | nodead,hpRatioMin,,,,,<501314>,<1>,,,<0>,,,
50361,,,,0,14,,,,,,,<501611;501621>,<99;99>,"<1;moreE(self:star(),8) and 1 or 0>",,<0;0>,,,
54111,,,,,,,,,,,,,,,,,54111,,
54121,,,,,,,,,,,,,,,,,54121,,
54122,,,,0,14,,,,,,,<541321>,<1>,<0>,,<0>,,,
54131,,,,,,,,,,,,,,,,,54131,,
54132,,,,,,,,,,,,<541322>,<2>,,,"<moreEqualThan(self:star(),11) and ((target:nature(1) ==2 or target:nature(2) ==2 ) and 2000 or 1500) or 1500>",,,
54161,,,,,11,,,,,,,<541323;541324>,<99;1>,"<(target:nature(1) ==2 or target:nature(2) ==2 ) and 1 or 0;moreEqualThan(self:star(),8) and ((target:nature(1) ==2 or target:nature(2) ==2 ) and 1 or 0) or 0>",,<-target:specialDamage()*(1+skillLevel*0.2-0.2)*0.01;-target:specialDamage()*0.4>,,,
54211,,,,,,,,,,,,,,,,,54211,,
54221,,,,,,,,,,,,,,,,,54221,,
54222,,,,0,14,,,,,,,<541321>,<1>,<0>,,<0>,,,
54231,,,,,,,,,,,,,,,,,54231,,
54232,,,,,,,,,,,,<541322>,<2>,,,"<moreEqualThan(self:star(),11) and ((target:nature(1) ==2 or target:nature(2) ==2 ) and 2000 or 1500) or 1500>",,,
54261,,,,,11,,,,,,,<541323;541324>,<99;1>,"<(target:nature(1) ==2 or target:nature(2) ==2 ) and 1 or 0;moreEqualThan(self:star(),8) and ((target:nature(1) ==2 or target:nature(2) ==2 ) and 1 or 0) or 0>",,<-target:specialDamage()*(1+skillLevel*0.2-0.2)*0.01;-target:specialDamage()*0.4>,,,
55111,,,,,,,,,,,,,,,,,55111,,
55112,,,,0,14,,,,,,,<551226>,<2>,<self:flagZ1() and 1 or 0>,,<self:speed()*0.1>,,,
55121,,,,,,,,,,,,,,,,,55121,,
55122,,,,,,,,,,,,<551221>,<1>,,,<0>,,,
55131,,,,,2,,,,,,,,,,,,55131,,
55132,,,,0,11,,,,,,,<551222>,<1>,,,<0>,,,
55161,,,,0,14,,,,,,,<551222>,<1>,,,<1>,,,
55211,,,,,,,,,,,,,,,,,55211,,
55212,,,,0,14,,,,,,,<551226>,<2>,<self:flagZ1() and 1 or 0>,,<self:speed()*0.1>,,,
55221,,,,,,,,,,,,,,,,,55221,,
55222,,,,,,,,,,,,<551221>,<1>,,,<0>,,,
55231,,,,,2,,,,,,,,,,,,55231,,
55232,,,,0,11,,,,,,,<551222>,<1>,,,<0>,,,
55261,,,,0,14,,,,,,,<551222>,<1>,,,<1>,,,
57111,,,,,3,,,,2,,,,,,,,57111,,
57112,,,,0,14,,,,,,,<571121>,<self:flagZ1() and 3 or 2>,,,<2000>,,,
57121,,,,,3,,,,2,,,,,,,,57121,,
57122,,,,,,enemyForce|nodead,useOtherProcess(57121),,,,,<571122>,<99>,,,<0>,,,
57131,,,,,3,,,,2,,,,,,,,57131,,
57132,,,,,3,,,,2,,,,,,,,57132,,
57133,,,,0,14,,,,,,,,,,,,,,
57134,,,,,,enemyForce|nodead,useOtherProcess(57131),,,,,<571127;571133>,<1;1>,"<1;to10(moreEqualThan(self:star(),11))>",,<0;0>,,,
57135,,,,0,14,,,,,,,,,,,,,,
57161,,,,0,14,,,,,,,<571125;571130;571131>,<99;99;99>,<1;1;0>,,"<0;<0.3+0.05*to10(moreEqualThan(self:star(),8))+0.1*(self:flagZ4() and 1 or 0);0.3+0.1*to10(moreEqualThan(self:star(),8))+0.1*(self:flagZ4() and 1 or 0)+skillLevel*0.003+0.001*to10(moreEqualThan(self:star(),8))-0.003-0.001*to10(moreEqualThan(self:star(),8))>;0>",,,
57211,,,,,3,,,,2,,,,,,,,57211,,
57212,,,,0,14,,,,,,,<571121>,<self:flagZ1() and 3 or 2>,,,<2000>,,,
57221,,,,,3,,,,2,,,,,,,,57221,,
57222,,,,,,enemyForce|nodead,useOtherProcess(57221),,,,,<571122>,<99>,,,<0>,,,
57231,,,,,3,,,,2,,,,,,,,57231,,
57232,,,,,3,,,,2,,,,,,,,,,
57233,,,,0,14,,,,,,,,,,,,,,
57234,,,,,,enemyForce|nodead,useOtherProcess(57231),,,,,<571127;571133>,<1;1>,"<1;to10(moreEqualThan(self:star(),11))>",,<0;0>,,,
57235,,,,0,14,,,,,,,,,,,,,,
57261,,,,0,14,,,,,,,<571125;571130;571131>,<99;99;99>,<1;1;0>,,"<0;<0.3+0.05*to10(moreEqualThan(self:star(),8))+0.1*(self:flagZ4() and 1 or 0);0.3+0.1*to10(moreEqualThan(self:star(),8))+0.1*(self:flagZ4() and 1 or 0)+skillLevel*0.003+0.001*to10(moreEqualThan(self:star(),8))-0.003-0.001*to10(moreEqualThan(self:star(),8))>;0>",,,
57311,,,,,3,,,,2,,,,,,,,57311,,
57312,,,,0,14,,,,,,,<571121>,<self:flagZ1() and 3 or 2>,,,<2000>,,,
57321,,,,,3,,,,2,,,,,,,,57321,,
57322,,,,,,enemyForce|nodead,useOtherProcess(57321),,,,,<571122>,<99>,,,<0>,,,
57331,,,,,3,,,,2,,,,,,,,57331,,
57332,,,,,3,,,,2,,,,,,,,57332,,
57333,,,,0,14,,,,,,,,,,,,,,
57334,,,,,,enemyForce|nodead,useOtherProcess(57331),,,,,<571127;571133>,<1;1>,"<1;to10(moreEqualThan(self:star(),11))>",,<0;0>,,,
57335,,,,0,14,,,,,,,,,,,,,,
57361,,,,0,14,,,,,,,<571125;571130;571131>,<99;99;99>,<1;1;0>,,"<0;<0.3+0.05*to10(moreEqualThan(self:star(),8))+0.1*(self:flagZ4() and 1 or 0);0.3+0.1*to10(moreEqualThan(self:star(),8))+0.1*(self:flagZ4() and 1 or 0)+skillLevel*0.003+0.001*to10(moreEqualThan(self:star(),8))-0.003-0.001*to10(moreEqualThan(self:star(),8))>;0>",,,
57411,,,,,3,,,,2,,,,,,,,57411,,
57412,,,,0,14,,,,,,,<574111;574112>,<self:flagZ1() and 3 or 2;self:flagZ1() and 3 or 2>,<1;1>,,<self:flagZ1() and 3000 or 2000;self:flagZ1() and 3000 or 2000>,,,
57421,,,,,3,,,,2,,,,,,,,57421,,
57422,,,,,,enemyForce|nodead,useOtherProcess(57421),,,,,<574121>,<99>,,,<0>,,,
57431,,,,,3,,,,2,,,,,,,,57431,,
57432,,,,,3,,,,2,,,,,,,,,,
57433,,,,,,enemyForce|nodead,useOtherProcess(57431),,,,,<574131;574135>,<1;1>,"<1;moreE(self:star(),11) and 1 or 0>",,<0;0>,,,
57461,,,,0,14,,,,,,,<574124;574164>,<99;99>,<1;1>,,<0;<0.35;(0.4+skillLevel*0.004-0.004)>>,,,
57462,,,,0,11,,,,,,,<574161>,<99>,<(target:nature(1) ==12 or target:nature(2) ==12 or target:nature(1) ==16 or target:nature(2) ==16) and 1 or 0>,,<0>,,,
57511,,,,,3,,,,2,,,,,,,,57511,,
57512,,,,0,14,,,,,,,<574111;574112>,<self:flagZ1() and 3 or 2;self:flagZ1() and 3 or 2>,<1;1>,,<self:flagZ1() and 3000 or 2000;self:flagZ1() and 3000 or 2000>,,,
57521,,,,,3,,,,2,,,,,,,,57521,,
57522,,,,,,enemyForce|nodead,useOtherProcess(57521),,,,,<574121>,<99>,,,<0>,,,
57531,,,,,3,,,,2,,,,,,,,57531,,
57532,,,,,3,,,,2,,,,,,,,,,
57533,,,,,,enemyForce|nodead,useOtherProcess(57531),,,,,<574131;574135>,<1;1>,"<1;moreE(self:star(),11) and 1 or 0>",,<0;0>,,,
57561,,,,0,14,,,,,,,<574124;574164>,<99;99>,<1;1>,,<0;<0.35;(0.4+skillLevel*0.004-0.004)>>,,,
57562,,,,0,11,,,,,,,<574161>,<99>,<(target:nature(1) ==12 or target:nature(2) ==12 or target:nature(1) ==16 or target:nature(2) ==16) and 1 or 0>,,<0>,,,
59111,,,,,,,,,,,,,,,,,59111,,
59112,,,,0,14,,,,,,,<593112;593112>,<99;99>,<1;self:flagZ1() and 0.6 or 0>,,"<0.1+(skillLv(5916,5926,5936) or 0)*0.0005-0.0005;0.1+(skillLv(5916,5926,5936) or 0)*0.0005-0.0005>",,,
59121,,,,,,,,,,,,,,,,,59121,,
59122,,,,,,,,,,,,<593114>,<1>,,,<<150+50*(self:flagZ2() and 1 or 0);1>>,,,
59123,,,,0,14,,,,,,,<593112>,<99>,,,"<0.1+(skillLv(5916,5926,5936) or 0)*0.0005-0.0005>",,,
59131,,,,,4,,,,,,,,,,,,59131,,
59132,,,,0,14,,,,,,,<593117;593117;593117>,<99;99;99>,"<moreEqualThan(self:star(),11) and 1 or 0;moreEqualThan(self:star(),11) and 0.5 or 0;moreEqualThan(self:star(),11) and 0.5 or 0>",,"<0.1+(skillLv(5916,5926,5936) or 0)*0.0005-0.0005;0.1+(skillLv(5916,5926,5936) or 0)*0.0005-0.0005;0.1+(skillLv(5916,5926,5936) or 0)*0.0005-0.0005>",,,
59133,,,,0,14,,,,,,,<593113;593118>,<1;1>,<1;self:flagZ4() and 1 or 0>,,<0;0>,,,
59161,,,,0,14,,,,,,,<593115;593116;593118>,<99;99;99>,"<1;(moreEqualThan(self:star(),8) and 1 or 0);self:flagZ3() and 1 or 0>",,<0;0;0>,,,
59211,,,,,,,,,,,,,,,,,59211,,
59212,,,,0,14,,,,,,,<593112;593112>,<99;99>,<1;self:flagZ1() and 0.6 or 0>,,"<0.1+(skillLv(5916,5926,5936) or 0)*0.0005-0.0005;0.1+(skillLv(5916,5926,5936) or 0)*0.0005-0.0005>",,,
59221,,,,,,,,,,,,,,,,,59221,,
59222,,,,,,,,,,,,<593114>,<1>,,,<<150+50*(self:flagZ2() and 1 or 0);1>>,,,
59223,,,,0,14,,,,,,,<593112>,<99>,,,"<0.1+(skillLv(5916,5926,5936) or 0)*0.0005-0.0005>",,,
59231,,,,,4,,,,,,,,,,,,59231,,
59232,,,,0,14,,,,,,,<593117;593117;593117>,<99;99;99>,"<moreEqualThan(self:star(),11) and 1 or 0;moreEqualThan(self:star(),11) and 0.5 or 0;moreEqualThan(self:star(),11) and 0.5 or 0>",,"<0.1+(skillLv(5916,5926,5936) or 0)*0.0005-0.0005;0.1+(skillLv(5916,5926,5936) or 0)*0.0005-0.0005;0.1+(skillLv(5916,5926,5936) or 0)*0.0005-0.0005>",,,
59233,,,,0,14,,,,,,,<593113;593118>,<1;1>,<1;self:flagZ4() and 1 or 0>,,<0;0>,,,
59261,,,,0,14,,,,,,,<593115;593116;593118>,<99;99;99>,"<1;(moreEqualThan(self:star(),8) and 1 or 0);self:flagZ3() and 1 or 0>",,<0;0;0>,,,
59311,,,,,,,,,,,,,,,,,59311,,
59312,,,,0,14,,,,,,,<593112;593112>,<99;99>,<1;self:flagZ1() and 0.6 or 0>,,"<0.1+(skillLv(5916,5926,5936) or 0)*0.0005-0.0005;0.1+(skillLv(5916,5926,5936) or 0)*0.0005-0.0005>",,,
59321,,,,,,,,,,,,,,,,,59321,,
59322,,,,,,,,,,,,<593114>,<1>,,,<<150+50*(self:flagZ2() and 1 or 0);1>>,,,
59323,,,,0,14,,,,,,,<593112>,<99>,,,"<0.1+(skillLv(5916,5926,5936) or 0)*0.0005-0.0005>",,,
59331,,,,,4,,,,,,,,,,,,59331,,
59332,,,,0,14,,,,,,,<593117;593117;593117>,<99;99;99>,"<moreEqualThan(self:star(),11) and 1 or 0;moreEqualThan(self:star(),11) and 0.5 or 0;moreEqualThan(self:star(),11) and 0.5 or 0>",,"<0.1+(skillLv(5916,5926,5936) or 0)*0.0005-0.0005;0.1+(skillLv(5916,5926,5936) or 0)*0.0005-0.0005;0.1+(skillLv(5916,5926,5936) or 0)*0.0005-0.0005>",,,
59333,,,,0,14,,,,,,,<593113;593118>,<1;1>,<1;self:flagZ4() and 1 or 0>,,<0;0>,,,
59361,,,,0,14,,,,,,,<593115;593116;593118>,<99;99;99>,"<1;(moreEqualThan(self:star(),8) and 1 or 0);self:flagZ3() and 1 or 0>",,<0;0;0>,,,
60111,,,,,,,,,,,,,,,,,60111,,
60112,,,,,,,,,,,,<601121>,<self:flagZ1() and 3 or 2>,,,<self:specialDamage()*0.4>,,,
60121,,,,,,,,,,,,,,,,,60121,,
60122,,,,,,,,,,,,<601121>,<3>,,,<self:specialDamage()*0.4>,,,
60123,,,,,,enemyForce() | nodead,otherProcessExcept(60122)|random(1),,,,,<601121>,<3>,<self:flagZ2() and 1 or 0>,,<self:specialDamage()*0.4>,,,
60131,,,,,2,,,,,,,,,,,,60131,,
60132,,,,,2,,,,,,,<601123;601122>,<1;1>,<1;1>,,"<math.min( target:sumBuffLifeRoundByGroup(1500,1510,1520)*target:sumBuffOverlayByGroup(1500,1510,1520) * self:specialDamage()*0.4,self:specialDamage()*10*(1+0.2+((moreE(self:star(),11) and 1 or 0)*0.2+(skillLv(6016,6026,6036) or 0)*0.003-0.003)));1>",,,
60133,,,,,2,,,,,,,<601121;601121>,<2;2>,"<1;(moreEqualThan(self:star(),11) and 1 or 0)>",,<self:specialDamage()*0.4;self:specialDamage()*0.4>,,,
60134,,,,,2,,,,,,,<601123;601122>,<1;1>,<self:flagZ3() and 1 or 0;self:flagZ3() and 1 or 0>,,"<0.2*math.min( target:sumBuffLifeRoundByGroup(1500,1510,1520)*target:sumBuffOverlayByGroup(1500,1510,1520) * self:specialDamage()*0.4,self:specialDamage()*10*(1+0.2+((moreE(self:star(),11) and 1 or 0)*0.2+(skillLv(6016,6026,6036) or 0)*0.003-0.003)));1>",,,
60141,,,,0,14,,,,,,,<601128>,<99>,"<(moreEqualThan(self:star(),8) and 1 or 0)>",,<1>,,,
60161,,,,,21,,,,,1,,<601121>,<2>,,,<self:specialDamage()*0.4>,,,
60162,,,,,21,,,,,1,,<601121>,<2>,<self:flagZ4() and 1 or 0>,,<self:specialDamage()*0.4>,,,
60211,,,,,,,,,,,,,,,,,60211,,
60212,,,,,,,,,,,,<601121>,<self:flagZ1() and 3 or 2>,,,<self:specialDamage()*0.4>,,,
60221,,,,,,,,,,,,,,,,,60221,,
60222,,,,,,,,,,,,<601121>,<3>,,,<self:specialDamage()*0.4>,,,
60223,,,,,,enemyForce() | nodead,otherProcessExcept(60222)|random(1),,,,,<601121>,<3>,<self:flagZ2() and 1 or 0>,,<self:specialDamage()*0.4>,,,
60231,,,,,2,,,,,,,,,,,,60231,,
60232,,,,,2,,,,,,,<601123;601122>,<1;1>,<1;1>,,"<math.min( target:sumBuffLifeRoundByGroup(1500,1510,1520)*target:sumBuffOverlayByGroup(1500,1510,1520) * self:specialDamage()*0.4,self:specialDamage()*10*(1+0.2+((moreEqualThan(self:star(),11) and 1 or 0)*0.2+(skillLv(6016,6026,6036) or 0)*0.003-0.003)));1>",,,
60233,,,,,2,,,,,,,<601121;601121>,<2;2>,"<1;(moreEqualThan(self:star(),11) and 1 or 0)>",,<self:specialDamage()*0.4;self:specialDamage()*0.4>,,,
60234,,,,,2,,,,,,,<601123;601122>,<1;1>,<self:flagZ3() and 1 or 0;self:flagZ3() and 1 or 0>,,"<0.2*math.min( target:sumBuffLifeRoundByGroup(1500,1510,1520)*target:sumBuffOverlayByGroup(1500,1510,1520) * self:specialDamage()*0.4,self:specialDamage()*10*(1+0.2+((moreE(self:star(),11) and 1 or 0)*0.2+(skillLv(6016,6026,6036) or 0)*0.003-0.003)));1>",,,
60241,,,,0,14,,,,,,,<601128>,<99>,"<(moreEqualThan(self:star(),8) and 1 or 0)>",,<1>,,,
60261,,,,,21,,,,,1,,<601121>,<2>,,,<self:specialDamage()*0.4>,,,
60262,,,,,21,,,,,1,,<601121>,<2>,<self:flagZ4() and 1 or 0>,,<self:specialDamage()*0.4>,,,
60311,,,,,,,,,,,,,,,,,60311,,
60312,,,,,,,,,,,,<601121>,<self:flagZ1() and 3 or 2>,,,<self:specialDamage()*0.4>,,,
60321,,,,,,,,,,,,,,,,,60321,,
60322,,,,,,,,,,,,<601121>,<3>,,,<self:specialDamage()*0.4>,,,
60323,,,,,,enemyForce() | nodead,otherProcessExcept(60322)|random(1),,,,,<601121>,<3>,<self:flagZ2() and 1 or 0>,,<self:specialDamage()*0.4>,,,
60331,,,,,4,,,,,,,,,,,,60331,,
60332,,,,,4,,,,,,,,,,,,,,
60333,,,,,4,,,,,,,<601123;601122>,<1;1>,<1;1>,,"<math.min( target:sumBuffLifeRoundByGroup(1500,1510,1520)*target:sumBuffOverlayByGroup(1500,1510,1520) * self:specialDamage()*0.4,self:specialDamage()*10*(1+0.2+((moreEqualThan(self:star(),11) and 1 or 0)*0.2+(skillLv(6016,6026,6036) or 0)*0.003-0.003)));1>",,,
60334,,,,,4,,,,,,,<601121;601121>,<2;2>,"<1;(moreEqualThan(self:star(),11) and 1 or 0)>",,<self:specialDamage()*0.4;self:specialDamage()*0.4>,,,
60335,,,,,4,,,,,,,<601123;601122>,<1;1>,<self:flagZ3() and 1 or 0;self:flagZ3() and 1 or 0>,,"<0.2*math.min( target:sumBuffLifeRoundByGroup(1500,1510,1520)*target:sumBuffOverlayByGroup(1500,1510,1520) * self:specialDamage()*0.4,self:specialDamage()*10*(1+0.2+((moreE(self:star(),11) and 1 or 0)*0.2+(skillLv(6016,6026,6036) or 0)*0.003-0.003)));1>",,,
60341,,,,0,14,,,,,,,<601128>,<99>,"<(moreEqualThan(self:star(),8) and 1 or 0)>",,<1>,,,
60361,,,,,21,,,,,1,,<601121>,<2>,,,<self:specialDamage()*0.4>,,,
60362,,,,,21,,,,,1,,<601121>,<2>,<self:flagZ4() and 1 or 0>,,<self:specialDamage()*0.4>,,,
61111,,,,,,,,,,,,,,,,,61111,,
61112,,,,0,14,,,,,,,<611111>,<2>,,,<self:damage()*0.2>,,,
61121,,,,,,,,,,,,,,,,,61121,,
61122,,,,,,,,,,,,<611211>,<2>,<0.8>,,<0>,,,
61123,,,,0,14,,,,,,,<611214;611215>,<2;2>,<0;1>,,<self:defence()*0.5;4000>,,,
61131,,,,,,,,,,,,,,,,,61131,,
61132,,,,,,,,,,,,,,,,,,,
61133,,,,,,,,,,,,<611311;611312;611313>,<2;1;99>,<0;target:hasBuff(611311) and 0 or 1;1>,,"<0;min(target:hp()*0.5,self:damage()*4);0>",,,
61134,,,,0,11,,,,,,,<611321;611322>,<2;2>,"<(moreE(self:star(),11) and 1 or 0);(moreE(self:star(),11) and 1 or 0)>",,<target:damage()*0.1*((target:nature(1) ==12 or target:nature(2) ==12 ) and 2 or 1);target:defence()*0.2*((target:nature(1) ==12 or target:nature(2) ==12 ) and 2 or 1)>,,,
61161,,,,0,11,,,,,,,<611611>,<99>,<(target:nature(1) ==12 or target:nature(2) ==12 ) and 1 or 0>,,<0>,,,
61162,,,,0,14,,,,,,,<611612>,<99>,,,<0>,,,
63211,,,,,,,,,,,,,,,,,63211,,
63212,,,,0,14,,,,,,,<632121>,<2>,,,<self:flagZ1() and 2500 or 2000>,,,
63221,,,,,,,,,,,,,,,,,63221,,
63222,,,,0,14,,,,,,,<632122;632123>,<1;1>,<1;self:flagZ2() and 0 or 1>,,<3000;2000>,,,
63223,,,,,,,,,,,,<632123>,<2>,,,<2000>,,,
63231,,,,,4,,,,,,,,,,,,63231,,
63232,,,,,4,,,,,,,,,,,,,,
63233,,,,,,enemyForce|nodead,column|sputtering(csvSelf:star()>=11 and 0.18 or 0),,,,,,,,,,,"{prob=moreE(self:star(),11) and 1 or 0}",
63234,,,,0,14,,,,,,,<632127;632132>,<99;99>,"<1;ifElse(skill:getDamageState('strike'),0,1)>",,<0;0>,,,
63235,,,,0,14,,,,,,,<632124;632125>,"<1;moreThan(self:strike()-0.3+self:getBuffOverlayCount(632127)*0.3,1) and 2 or 1>","<1;ifElse(skill:getDamageState('strike'),self:strike()-0.3+self:getBuffOverlayCount(632127)*0.3*(moreThan(self:strike()-0.3+self:getBuffOverlayCount(632127)*0.3,1) and 0.5 or 1), 0)>",,<8000;0.5>,,,
63236,,,,,4,,,,,,,<632126>,<1>,,,<0>,,,
63261,,,,0,14,,,,,,,<632128>,<99>,,,<0>,,,
64111,,,,,,,,,,,,,,,,,64111,,
64112,,,,0,14,,,,,,,<641101>,<self:flagZ1() and 3 or 2>,,,<self:hpMax()*0.15>,,,
64121,,,,0,14,,,,,,,,,,,,64121,,
64122,,,,0,14,,,,,,,<641201;641202>,<self:flagZ2() and 3 or 2;1>,"<1;more((self:hasBuff(641602) and self:getBuff(641602):getValue() or 0),0) and 1 or 0>",,<2000;((self:hasBuff(641602) and self:getBuff(641602):getValue() or 0))*0.3>,,,
64131,,,,,,,,,,,,<641300>,<1>,<self:flagZ3() and 0.8 or 0.7>,,<0>,,,
64132,,,,,11,,,,,,,,,,,,64131,,
64133,,,,,11,,,,,,,,,,,,,,
64134,,,,,,enemyForce|nodead,otherProcessExcept(64131),,,,,,,,,,,{effectProb=to10(self:hasBuff(641303))},
64135,,,,,,enemyForce|nodead,useOtherProcess(64131),,,,,,,,,,,{effectProb=to10(self:hasBuff(641303))},
64136,,,,,11,,,,,,,,,,,,,{effectProb=self:hasBuff(641303) and 0 or 1},
64137,,,,,,enemyForce|nodead,useOtherProcess(64131),,,,,<641311;641312>,<1;2>,<to10(self:hasBuff(641303));target:hasBuff(641311) and 1 or 0>,,<0;1>,,,
64138,,,,0,14,,,,,,,<641301;641302>,<2;1>,"<1;(moreE(self:star(),11) and 1 or 0)>",,<((self:hasBuff(641602) and self:getBuff(641602):getValue() or 0))*0.8;0>,,,
64139,,,,,,selfForce,rowback|hpRatioMin,,,,,<641301;641302>,<2;1>,"<(moreE(self:star(),11) and 1 or 0);(moreE(self:star(),11) and 1 or 0)>",,<((self:hasBuff(641602) and self:getBuff(641602):getValue() or 0))*0.8;0>,,,
64161,,,,0,14,,,,,,,<641601;641611>,<99;99>,<1;1>,,<0;0>,,,
65111,,,,,,,,,,,,,,,,,65111,,
65121,,,,,,,,,,,,,,,,,65121,,
65131,,,,,,,,,,,,,,,,,65131,,
65211,,,,,,,,,,,,,,,,,65211,,
65221,,,,,,,,,,,,,,,,,65221,,
65231,,,,,,,,,,,,,,,,,65231,,
65311,,,,,,,,,,,,,,,,,65311,,
65321,,,,,,,,,,,,,,,,,65321,,
65331,,,,,,,,,,,,,,,,,65331,,
69111,,,,,,,,,,,,,,,,,69111,,
69112,,,,0,14,,,,,,,<691228>,<2>,<self:flagZ1() and 1 or 0>,,<self:damage()*0.1>,,,
69121,,,,,,,,,,,,,,,,,69121,,
69122,,,,,,,,,,,,<691221;691229>,<1;2>,<1;self:flagZ2() and 1 or 0>,,"<-target:defence()*0.4;max(self:damage()*0.25,0)>",,,
69131,,,,,11,,,,,,,,,,,,69131,,
69132,,,,,11,,,,,,,<691222;691229>,<1;2>,"<0.5+(self:flagZ3() and 0.1 or 0)*self:getBuffOverlayCount(691229);moreE(self:star(),11) and 1 or 0>",,"<5000;max(self:damage()*0.25,0)>",,,
69161,,,,0,14,,,,,,,<691223;691225;691227>,<99;99;99>,<1;1;1>,,<0;self:defence()*(20+skillLevel*0.2-0.2)*0.01;target:damage()*(10+skillLevel*0.1-0.1)*0.01>,,,
69211,,,,,,,,,,,,,,,,,69211,,
69212,,,,0,14,,,,,,,<691228>,<2>,<self:flagZ1() and 1 or 0>,,<self:damage()*0.1>,,,
69221,,,,,,,,,,,,,,,,,69221,,
69222,,,,,,,,,,,,<691221;691229>,<1;2>,<1;self:flagZ2() and 1 or 0>,,"<-target:defence()*0.4;max(self:damage()*0.25,0)>",,,
69231,,,,,11,,,,,,,,,,,,69231,,
69232,,,,,11,,,,,,,<691222;691229>,<1;2>,"<0.5+(self:flagZ3() and 0.1 or 0)*self:getBuffOverlayCount(691229);moreE(self:star(),11) and 1 or 0>",,"<5000;max(self:damage()*0.25,0)>",,,
69261,,,,0,14,,,,,,,<691223;691225;691227>,<99;99;99>,<1;1;1>,,<0;self:defence()*(20+skillLevel*0.2-0.2)*0.01;target:damage()*(10+skillLevel*0.1-0.1)*0.01>,,,
70111,,,,,,,,,,,,,,,,,70111,,
70112,,,,0,14,,,,,,,<701111>,<2>,,,<self:damage()*0.2>,,,
70121,,,,,4,,,,,,,,,,,,70121,,
70122,,,,0,14,,,,,,,<701211;701212>,<2;2>,<1;1>,,<self:speed()*0.1;1000>,,,
70131,,,,,,,,,,,,,,,,,70131,,
70132,,,,,,,,,,,,,,,,,,,
70133,,,,,,,,,,,,<701311>,<5>,,,<0>,,,
70134,,,,0,14,,,,,,,<701314>,<1>,"<lessE(self:hp()/self:hpMax(),0.5) and (moreE(self:star(),11) and 1 or 0) or 0>",,<6000>,,,
70161,,,,0,14,,,,,,,<701611>,<99>,,,<0>,,,
71111,,,,,,,,,,,,,,,,,71111,,
71112,,,,0,14,,,,,,,<712136>,<2>,,,<self:flagZ1() and 2000 or 1000>,,,
71121,,,,,,,,,,,,,,,,,71121,,
71122,,,,0,14,,,,,,,<712123;712126;712120>,<1;1;1>,<self:hasBuffGroup(c.groupdebuff_oc()) and 1 or 0;self:hasBuffGroup(c.groupdebuff_oc()) and 1 or 0;self:hasBuffGroup(c.groupstun_oc()) and (self:flagZ2() and 1 or 0) or 0>,,<0;0;0>,,,
71123,,,,,,,,,,,,,,,,,,,
71131,,,,,11,,,,,,,,,,,,71131,,
71132,,,,,11,,,,,,,<712124>,<1>,<(7-getForceNum(target:force()))*(self:flagZ3() and 0.2 or 0.15)>,,<0>,,,
71133,,,,0,14,,,,,,,<712125;712137;712138;712139>,<1;1;2;2>,"<1;(moreEqualThan(self:star(),11) and 1 or 0);(moreEqualThan(self:star(),11) and 1 or 0);(moreEqualThan(self:star(),11) and 1 or 0)>",,<99;2000;self:hpMax()*0.1;1000>,,,
71161,,,,0,14,,,,,,,<712130;712131>,<99;99>,<1;1>,,<0;0>,,,
71211,,,,,,,,,,,,,,,,,71211,,
71212,,,,0,14,,,,,,,<712136>,<2>,,,<self:flagZ1() and 2000 or 1000>,,,
71221,,,,,,,,,,,,,,,,,71221,,
71222,,,,0,14,,,,,,,<712123;712126;712120>,<1;1;1>,<self:hasBuffGroup(c.groupdebuff_oc()) and 1 or 0;self:hasBuffGroup(c.groupdebuff_oc()) and 1 or 0;self:hasBuffGroup(c.groupstun_oc()) and (self:flagZ2() and 1 or 0) or 0>,,<0;0;0>,,,
71231,,,,,11,,,,,,,,,,,,71231,,
71232,,,,,11,,,,,,,,,,,,,,
71233,,,,,11,,,,,,,<712124>,<1>,<(7-getForceNum(target:force()))*(self:flagZ3() and 0.2 or 0.15)>,,<0>,,,
71234,,,,0,14,,,,,,,<712125;712137;712138;712139>,<1;1;2;2>,"<1;(moreEqualThan(self:star(),11) and 1 or 0);(moreEqualThan(self:star(),11) and 1 or 0);(moreEqualThan(self:star(),11) and 1 or 0)>",,<99;2000;self:hpMax()*0.1;1000>,,,
71261,,,,0,14,,,,,,,<712130;712131>,<99;99>,<1;1>,,<0;0>,,,
72111,,,,,,,,,,,,,,,,,72111,,
72112,,,,,,,,,,,,<721121;721131>,<2;2>,<1;self:flagZ1() and 1 or 0>,,<-self:speed()*0.15;-target:specialDefence()*0.2>,,,
72121,,,,,4,,,,,,,,,,,,72121,,
72122,,,,,4,,,,,,,,,,,,,,
72123,,,,,4,,,,,,,<721123>,<2>,<0.4>,,<target:hpMax()*0.3>,,,
72124,,,,,,enemyForce|nodead,targetRow,,,,,<721123>,<2>,<self:flagZ2() and 1 or 0>,,<target:hpMax()*0.3>,,,
72131,,,,,,enemyForce|nodead,,{process={key=self:flagZ3();value=<random(6);rowfront>}},,,,,,,,,72131,,
72132,,,,,,enemyForce|nodead,useOtherProcess(72131),,,,,,,,,,,,
72133,,,,,,enemyForce|nodead,useOtherProcess(72131),,,,,<721125>,<1>,,,<-target:specialDefence()*0.4>,,,
72134,,,,,,enemyForce|nodead,useOtherProcess(72131),,,,,<721124>,<2>,"<moreEqualThan(self:star(),11) and 0.6 or 0.4>",,<target:hpMax()*0.3>,,,
72151,,,,0,11,,,,,,,<721129>,<99>,"<moreE(self:star(),8) and 1 or 0>",,<1000+500*(self:flagZ4() and 1 or 0)>,,,
72152,,,,,11,,,,,,,<721130>,<99>,"<moreE(self:star(),8) and 1 or 0>",,"<list(list(26),0.2+0.1*(self:flagZ4() and 1 or 0))>",,,
72161,,,,0,14,,,,,,,<721128>,<99>,,,<0>,,,
73111,,,,,,,,,,,,,,,,,73111,,
73112,,,,0,14,,,,,,,<731141>,<2>,,,<self:speed()*(self:flagZ1() and 0.25 or 0.15)>,,,
73121,,,,,,,,,,,,,,,,,73121,,
73122,,,,,,,,,,,,<731142>,<self:flagZ2() and 3 or 2>,,,<1>,,,
73131,,,,,4,,,,,,,,,,,,73131,,
73132,,,,,4,,,,,,,,,,,,,,
73133,,,,,4,,,,,,,<731142;731143>,"<self:flagZ3() and 3 or 2;moreThan(ymrand.random(0,2),1) and 1 or 2>",<1;target:hasBuffGroup(5003) and (self:flagZ3() and 0.6 or 0.5) or 0>,,<1;1>,,,
73134,,,,0,11,,,,,,,<731147>,<3>,"<(moreEqualThan(self:star(),11) and (target:nature(1) ==5 or target:nature(2) ==5 ) )  and 1 or 0>",,<1>,,,
73141,,,,,11,,,,,,,<731137>,<99>,<target:hasBuffGroup(5003) and 1 or 0>,,<1>,,,
73161,,,,0,14,,,,,,,<731149>,<1>,,,<1>,,,
74111,,,,,,,,,,,,,,,,,74111,,
74112,,,,,,,,,,,,<741121>,<self:flagZ1() and 3 or 2>,,,<self:specialDamage()*0.4>,,,
74121,,,,,4,,,,,,,<741121>,<3>,<self:flagZ2() and 1 or 0>,,<self:specialDamage()*0.4>,74121,,
74122,,,,0,14,,,,,,,<741122>,<2>,,,<self:speed()*0.2>,,,
74131,,,,,11,,,,,,,,,,,,74131,,
74132,,,,,11,,,,,,,,,,,,,,
74133,,,,,11,,,,,,,<741121;741121>,<3;3>,"<1;moreEqualThan(self:star(),11) and 0.4 or 0>",,<self:specialDamage()*0.4;self:specialDamage()*0.4>,,,
74134,,,,0,11,,,,,,,<741123>,<2>,,,<(self:flagZ3() and 2000 or 1500)*((target:nature(1) ==2 or target:nature(2) ==2 ) and 2 or 1)>,,,
74161,,,,0,11,,,,,,,<741124>,<99>,,,"<(target:nature(1) ==2 or target:nature(2) ==2 ) and (1.5+(moreEqualThan(self:star(),8) and 0.1 or 0))*(1500+1000*(moreEqualThan(self:star(),8) and 1 or 0)+skillLevel*15-15) or (1500+1000*(moreEqualThan(self:star(),8) and 1 or 0)+skillLevel*15-15)*(self:flagZ4() and (target:id() == self:id() and 1.4 or 1) or 1)>",,,
75311,,,,,,,,,,,,,,,,,75311,,
75312,,,,,,,,,,,,<753121>,<2>,,,<2000>,,,
75313,,,,0,14,,,,,,,<753132>,<2>,<self:flagZ1() and 1 or 0>,,<self:damage()*0.1>,,,
75321,,,,,,enemyForce|nodead,,{process={key=self:flagZ2();value=<column;selected()>}},,,,,,,,,75321,,
75322,,,,,,enemyForce|nodead,,{process={key=self:flagZ2();value=<column;selected()>}},,,,<753122;753134>,<2;2>,<1;self:flagZ2() and 1 or 0>,,<self:damage()*0.3;1000>,,,
75331,,,,,4,,,,,,,,,,,,75331,,
75332,,,,,4,,,,,,,<753124;753123>,<1;2>,<target:hasBuffGroup(27) and 0.3 or 0;10>,,<0;0>,,,
75341,,,,,,,,,,,,,,,,,75341,,
75342,,,,,,,,,,,,,,,,,75342,,
75343,,,,0,14,,,,,,,<753131>,<1>,,,<2000+3000*(self:flagZ4() and 1 or 0)>,,,
75344,,,,,,,,,,,,<753126;753125>,<1;1>,"<1;moreEqualThan(self:star(),11) and 1 or 0>",,<0;0>,,,
75361,,,,,,,,,,,,<753135;753136>,<2;2>,<self:flagZ3() and 1 or 0;self:flagZ3() and 1 or 0>,,<self:speed()*0.2;2000>,,,
76111,,,,,,,,,,,,,,,,,76111,,
76112,,,,0,14,,,,,,,<761211;741122>,<2;2>,<1;1>,,<self:flagZ1() and self:specialDamage()*0.3 or self:specialDamage()*0.2;self:flagZ1() and self:speed()*0.2 or self:speed()*0.1>,,,
76121,,,,,4,,,,,,,,,,,,76121,,
76122,,,,,4,,,,,,,<761212;761225;761227;3301129;3301124>,<1;1;1;1;1>,"<1;1;to10(self:flagZ2());1;moreThan(target:speed(),self:speed()) and 2 or 0.5>",,<<200;1>;0;0;0;0>,,,
76123,,,,0,14,,,,,,,<761136>,<1>,,,<0>,,,
76131,,,,,11,,,,,,,,,,,,76131,,
76132,,,,,11,,,,,,,,,,,,76132,,
76133,,,,0,14,,,,,,,,,,,,,,
76134,,,,,11,,,,,,,,,,,,,,
76135,,,,0,14,,,,,,,<761230;761231;761213>,<1;1;2>,<self:flagZ3() and 1 or 0;self:flagZ3() and 1 or 0;1>,,<2000;4000;self:curSkill():getTotalDamage()*(self:flagZ3() and 0.5 or 0.3)>,,,
76136,,,,,,selfForce|nodead,"exclude(list(csvSelf:id()))|attrDiffer(""natureType"", {15})|random(2)",,,,,<761233>,<2>,"<to10(moreE(self:star(),11))>",,<self:curSkill():getTotalDamage()*(self:flagZ3() and 0.5 or 0.3)>,,,
76137,,,,,,selfForce|nodead,"exclude(list(csvSelf:id()))|attrDiffer(""natureType"", {15})",,,,,<761237>,<2>,"<to10(moreE(self:star(),11))>",,"<<list(1,1,1);1;0>>",,,
76151,,,,0,14,,,,,,,,,,,,,,
76161,,,,0,14,,,,,,,<761214;761220;761235>,<99;99;99>,<1;1;1>,,<1;1;1>,,,
76162,,,,0,14,,,,,,,<761238>,<99>,<to10(self:flagZ4())>,,"<<list(1,0,0);1;1;0>>",,,
76211,,,,,,,,,,,,,,,,,76211,,
76212,,,,0,14,,,,,,,<761211;741122>,<2;2>,<1;1>,,<self:flagZ1() and self:specialDamage()*0.3 or self:specialDamage()*0.2;self:flagZ1() and self:speed()*0.2 or self:speed()*0.1>,,,
76221,,,,,4,,,,,,,,,,,,76221,,
76222,,,,,4,,,,,,,<761212;761225;761227;3301129;3301124>,<1;1;1;1;1>,"<1;1;to10(self:flagZ2());1;moreThan(target:speed(),self:speed()) and 2 or 0.5>",,<<200;1>;0;0;0;0>,,,
76223,,,,0,14,,,,,,,<761136>,<1>,,,<0>,,,
76231,,,,,11,,,,,,,,,,,,76231,,
76232,,,,,11,,,,,,,,,,,,76232,,
76233,,,,0,14,,,,,,,,,,,,,,
76234,,,,,11,,,,,,,,,,,,,,
76235,,,,0,14,,,,,,,<761230;761231;761213>,<1;1;2>,<self:flagZ3() and 1 or 0;self:flagZ3() and 1 or 0;1>,,<2000;4000;self:curSkill():getTotalDamage()*(self:flagZ3() and 0.5 or 0.3)>,,,
76236,,,,,,selfForce|nodead,"exclude(list(csvSelf:id()))|attrDiffer(""natureType"", {15})|random(2)",,,,,<761233>,<2>,"<to10(moreE(self:star(),11))>",,<self:curSkill():getTotalDamage()*(self:flagZ3() and 0.5 or 0.3)>,,,
76237,,,,,,selfForce|nodead,"exclude(list(csvSelf:id()))|attrDiffer(""natureType"", {15})",,,,,<761237>,<2>,"<to10(moreE(self:star(),11))>",,"<<list(1,1,1);1;0>>",,,
76251,,,,0,14,,,,,,,,,,,,,,
76261,,,,0,14,,,,,,,<761214;761220;761235>,<99;99;99>,<1;1;1>,,<1;1;1>,,,
76262,,,,0,14,,,,,,,<761238>,<99>,<to10(self:flagZ4())>,,"<<list(1,0,0);1;1;0>>",,,
77111,,,,,,,,,,,,,,,,,77111,,
77112,,,,0,14,,,,,,,<771121;771142>,<2;2>,<1;self:flagZ1() and 1 or 0>,,<2000;self:speed()*0.2>,,,
77121,,,,,2,,,,,,,,,,,,77121,,
77122,,,,,2,,,,,,,<771122;771124>,<1;1>,<1;1>,,"<0;list(list(1001,1002,1003,1004,1005,1011,1012,1013,1014,1015,1021,1022,1023,1024,1025,1201,1202,1203,1211,1212,1213,1221,1222,1223,1401,1411,1421,1431,1441,1451),(self:flagZ2() and 3 or 2),1)>",,,
77131,,,,,11,,,,,,,,,,,,77131,,
77132,,,,,11,,,,,,,,,,,,,,
77133,,,,,11,,,,,,,<771125>,<1>,"<moreEqualThan(self:star(),11) and 0.6 or 0.6>",,<0>,,,
77141,,,,,11,,,,,,,<771140>,<1>,,,<0>,,,
77151,,,,,11,,,,,,,<771139>,<1>,,,<0>,,,
77161,,,,0,14,,,,,,,<771137;771143>,<99;99>,<1;self:flagZ4() and 1 or 0>,,<0;3000>,,,
78111,,,,,,,,,,,,,,,,,78111,,
78112,,,,0,14,,,,,,,<781311>,<1>,<self:flagZ1() and 1 or 0>,,<self:specialDamage()*0.5>,,,
78121,,,,,,,,,,,,,,,,,78121,,
78122,,,,,,selfForce,hpRatioMin,,,,,,,,,,,,
78123,,,,,,selfForce,hpRatioMin,,,,,<781311>,<1>,,,<self:specialDamage()*(self:flagZ2() and 1.2 or 0.75)>,,,
78131,,,,0,11,,,,,,,,,,,,78131,,
78132,,,,0,11,,,,,,,<781313>,<2>,"<moreThan(self:curSkill():getTargetTotalDamage(target,2,1),0) and 1 or 0>",,"<max(self:curSkill():getTargetTotalDamage(target,2,1)*0.95,0)>",,,
78133,,,,0,11,,,,,,,,,,,,,,
78161,,,,0,14,,,,,,,<781314;781315>,<99;99>,"<1;to10(moreEqualThan(self:star(),8))>",,<1800+skillLevel*20-20;0>,,,
78211,,,,,,,,,,,,,,,,,78211,,
78212,,,,0,14,,,,,,,<781311>,<1>,<self:flagZ1() and 1 or 0>,,<self:specialDamage()*0.5>,,,
78221,,,,,,,,,,,,,,,,,78221,,
78222,,,,,,selfForce,hpRatioMin,,,,,,,,,,,,
78223,,,,,,selfForce,hpRatioMin,,,,,<781311>,<1>,,,<self:specialDamage()*(self:flagZ2() and 1.2 or 0.75)>,,,
78231,,,,0,11,,,,,,,,,,,,78231,,
78232,,,,0,11,,,,,,,<781313>,<2>,"<moreThan(self:curSkill():getTargetTotalDamage(target,2,1),0) and 1 or 0>",,"<max(self:curSkill():getTargetTotalDamage(target,2,1)*0.95,0)>",,,
78233,,,,0,11,,,,,,,,,,,,,,
78261,,,,0,14,,,,,,,<781314;781315>,<99;99>,"<1;to10(moreEqualThan(self:star(),8))>",,<1800+skillLevel*20-20;0>,,,
78311,,,,,,,,,,,,,,,,,78311,,
78312,,,,0,14,,,,,,,<781311>,<1>,<self:flagZ1() and 1 or 0>,,<self:specialDamage()*0.5>,,,
78321,,,,,,,,,,,,,,,,,78321,,
78322,,,,,,selfForce,hpRatioMin,,,,,,,,,,,,
78323,,,,,,selfForce,hpRatioMin,,,,,<781311>,<1>,,,<self:specialDamage()*(self:flagZ2() and 1.2 or 0.75)>,,,
78331,,,,0,11,,,,,,,,,,,,78331,,
78332,,,,0,11,,,,,,,,,,,,78332,,
78333,,,,0,11,,,,,,,<781313>,<2>,"<moreThan(self:curSkill():getTargetTotalDamage(target,2,1),0) and 1 or 0>",,"<max(self:curSkill():getTargetTotalDamage(target,2,1)*0.95,0)>",,,
78334,,,,0,11,,,,,,,,,,,,,,
78361,,,,0,14,,,,,,,<781314;781315>,<99;99>,"<1;to10(moreEqualThan(self:star(),8))>",,<1800+skillLevel*20-20;0>,,,
79111,,,,,,,,,,,,,,,,,79111,,
79112,,,,0,14,,,,,,,<791228>,<2>,<self:flagZ1() and 1 or 0>,,<500>,,,
79121,,,,,,,,,,,,,,,,,79121,,
79122,,,,0,14,,,,,,,<791225;791229>,<2;2>,<1;self:flagZ2() and 1 or 0>,,<1500;1500>,,,
79131,,,,,2,,,,,,,,,,,,79131,,
79132,,,,,11,,,,,,,<791226>,<1>,<0.34>,,<1>,,,
79133,,,,,11,,,,,,,<791227>,<1>,<target:hasBuff(791226) and 0 or 0.5>,,<1>,,,
79134,,,,,11,,,,,,,<791230>,<1>,<((target:hasBuff(791226) or target:hasBuff(791227)) and 0 or 1)*(self:flagZ3() and 1 or 0)>,,<1>,,,
79211,,,,,,,,,,,,,,,,,79211,,
79212,,,,0,14,,,,,,,<791228>,<2>,<self:flagZ1() and 1 or 0>,,<500>,,,
79221,,,,,,,,,,,,,,,,,79221,,
79222,,,,0,14,,,,,,,<791225;791229>,<2;2>,<1;self:flagZ2() and 1 or 0>,,<1500;1500>,,,
79231,,,,,2,,,,,,,,,,,,79231,,
79232,,,,,11,,,,,,,<791226>,<1>,<0.34>,,<1>,,,
79233,,,,,11,,,,,,,<791227>,<1>,<target:hasBuff(791226) and 0 or 0.5>,,<1>,,,
79234,,,,,11,,,,,,,<791230>,<1>,<((target:hasBuff(791226) or target:hasBuff(791227)) and 0 or 1)*(self:flagZ3() and 1 or 0)>,,<1>,,,
79311,,,,,,,,,,,,,,,,,79311,,
79312,,,,0,14,,,,,,,<791228>,<2>,<self:flagZ1() and 1 or 0>,,<500>,,,
79321,,,,,,,,,,,,,,,,,79321,,
79322,,,,0,14,,,,,,,<791225;791229>,<2;2>,<1;self:flagZ2() and 1 or 0>,,<1500;1500>,,,
79331,,,,,2,,,,,,,,,,,,79331,,
79332,,,,,2,,,,,,,,,,,,,,
79333,,,,,11,,,,,,,<791226>,<1>,<0.34>,,<1>,,,
79334,,,,,11,,,,,,,<791227>,<1>,<target:hasBuff(791226) and 0 or 0.5>,,<1>,,,
79335,,,,,11,,,,,,,<791230>,<1>,<((target:hasBuff(791226) or target:hasBuff(791227)) and 0 or 1)*(self:flagZ3() and 1 or 0)>,,<1>,,,
80111,,,,,,,,,,,,,,,,,80111,,
80112,,,,0,14,,,,,,,<801227>,<2>,<self:flagZ1() and 1 or 0>,,<self:damage()*0.15>,,,
80121,,,,,,,,,,,,,,,,,80121,,
80122,,,,,,,,,,,,<801221>,<self:flagZ2() and 4 or 2>,,,<-target:speed()*0.2>,,,
80131,,,,,4,,,,,,,,,,,,80131,,
80132,,,,,4,,,,,,,,,,,,80132,,
80133,,,,,4,,,,,,,<801226>,<1>,"<target:hasBuffGroup(1301,1311,1321) and moreEqualThan(self:star(),11) and 1 or 0>",,<self:curSkill():getTotalDamage()>,,,
80134,,,,0,14,,,,,,,,,,,,,,
80161,,,,0,14,,,,,,,<801225>,<99>,,,<1>,,,
80211,,,,,,,,,,,,,,,,,80211,,
80212,,,,0,14,,,,,,,<801227>,<2>,<self:flagZ1() and 1 or 0>,,<self:damage()*0.15>,,,
80221,,,,,,,,,,,,,,,,,80221,,
80222,,,,,,,,,,,,,,,,,80222,,
80223,,,,,,,,,,,,<801221>,<self:flagZ2() and 4 or 2>,,,<-target:speed()*0.2>,,,
80231,,,,,4,,,,,,,,,,,,80231,,
80232,,,,,4,,,,,,,,,,,,80232,,
80233,,,,,4,,,,,,,<801226>,<1>,"<target:hasBuffGroup(1301,1311,1321) and moreEqualThan(self:star(),11) and 1 or 0>",,<self:curSkill():getTotalDamage()>,,,
80234,,,,0,14,,,,,,,,,,,,,,
80261,,,,0,14,,,,,,,<801225>,<99>,,,<1>,,,
80311,,,,,,,,,,,,,,,,,80311,,
80312,,,,0,14,,,,,,,<801227>,<2>,<self:flagZ1() and 1 or 0>,,<self:damage()*0.15>,,,
80321,,,,,,,,,,,,,,,,,80321,,
80322,,,,,,,,,,,,,,,,,80322,,
80323,,,,,,,,,,,,<801221>,<self:flagZ2() and 4 or 2>,,,<-target:speed()*0.2>,,,
80331,,,,,4,,,,,,,,,,,,80331,,
80332,,,,,4,,,,,,,,,,,,80332,,
80333,,,,,4,,,,,,,<801226>,<1>,"<target:hasBuffGroup(1301,1311,1321) and moreEqualThan(self:star(),11) and 1 or 0>",,<self:curSkill():getTotalDamage()>,,,
80334,,,,0,14,,,,,,,,,,,,,,
80361,,,,0,14,,,,,,,<801225>,<99>,,,<1>,,,
86111,,,,,,,,,,,,,,,,,86111,,
86112,,,,0,14,,,,,,,<861111;861112>,<2;2>,<1;1>,,<self:specialDamage()*(self:flagZ1() and 0.15 or 0.1);self:specialDefence()*(self:flagZ1() and 0.15 or 0.1)>,,,
86121,,,,,,,,,,,,,,,,,86121,,
86122,,,,,,selfForce | nodead,selfRow,,,,,<861121>,<2>,,,<0>,,,
86131,,,,,11,,,,,,,,,,,,86131,,
86132,,,,,11,,,,,,,,,,,,86132,,
86133,,,,,,selfForce | nodead,random(3),,,,,<861131>,<self:flagZ3() and 3 or 2>,,,<0>,,,
86161,,,,0,11,,,,,,,<861161>,<99>,,,<0>,,,
86211,,,,,,,,,,,,,,,,,86211,,
86212,,,,0,14,,,,,,,<861111;861112>,<2;2>,<1;1>,,<self:specialDamage()*(self:flagZ1() and 0.15 or 0.1);self:specialDefence()*(self:flagZ1() and 0.15 or 0.1)>,,,
86221,,,,,,,,,,,,,,,,,86221,,
86222,,,,,,selfForce | nodead,selfRow,,,,,<861121>,<2>,,,<0>,,,
86231,,,,,11,,,,,,,,,,,,86231,,
86232,,,,,11,,,,,,,,,,,,86232,,
86233,,,,,,selfForce | nodead,random(3),,,,,<861131>,<self:flagZ3() and 3 or 2>,,,<0>,,,
86261,,,,0,11,,,,,,,<861161>,<99>,,,<0>,,,
86311,,,,,,,,,,,,,,,,,86311,,
86312,,,,0,14,,,,,,,<861111;861112>,<2;2>,<1;1>,,<self:specialDamage()*(self:flagZ1() and 0.15 or 0.1);self:specialDefence()*(self:flagZ1() and 0.15 or 0.1)>,,,
86321,,,,,,,,,,,,,,,,,86321,,
86322,,,,,,selfForce | nodead,selfRow,,,,,<861121>,<2>,,,<0>,,,
86331,,,,,11,,,,,,,,,,,,86331,,
86332,,,,,11,,,,,,,,,,,,,,
86333,,,,,,selfForce | nodead,random(2),,,,,<861131>,<self:flagZ3() and 3 or 2>,,,<0>,,,
86361,,,,0,11,,,,,,,<861161>,<99>,,,<0>,,,
88111,,,,,,,,,,,,,,,,,88111,,
88112,,,,,,,,,,,,<881131>,<2>,<self:flagZ1() and 0.8 or 0.5>,,<1>,,,
88121,,,,,,,,,,,,,,,,,88121,,
88122,,,,0,11,,,,,,,<881132>,<3>,<(target:nature(1) == 5 or target:nature(2) == 5 ) and 1 or 0>,,<1>,,,
88131,,,,,4,,,,,,,,,,,,88131,,
88132,,,,,4,,,,,,,<881131>,<2>,"<(moreEqualThan(self:star(),11) and 0.6 or 0.4)+(self:flagZ3() and 0.4 or 0)>",,<1>,,,
88133,,,,0,11,,,,,,,<881134>,<1>,,,"<moreEqualThan(self:star(),11) and ((target:nature(1) == 5 or target:nature(2) == 5 ) and 300 or 150 ) or ((target:nature(1) == 5 or target:nature(2) == 5 ) and 200 or 100)>",,,
88141,,,,,,enemyForce|nodead,random(1),,,1,,<881135>,<2>,,,<1>,,,
88142,,,,,,enemyForce|nodead,otherProcessExcept(88141)|random(1),,,1,,<881135>,<2>,<self:flagZ4() and 0.5 or 0>,,<1>,,,
88161,,,,,11,,,,,,,<881136>,<99>,,,<1>,,,
88211,,,,,,,,,,,,,,,,,88211,,
88212,,,,,,,,,,,,<881131>,<2>,<self:flagZ1() and 0.8 or 0.5>,,<1>,,,
88221,,,,,,,,,,,,,,,,,88221,,
88222,,,,0,11,,,,,,,<881132>,<3>,<(target:nature(1) == 5 or target:nature(2) == 5 ) and 1 or 0>,,<1>,,,
88231,,,,,4,,,,,,,,,,,,88231,,
88232,,,,,4,,,,,,,<881131>,<2>,"<(moreEqualThan(self:star(),11) and 0.6 or 0.4)+(self:flagZ3() and 0.4 or 0)>",,<1>,,,
88233,,,,0,11,,,,,,,<881134>,<1>,,,"<moreEqualThan(self:star(),11) and ((target:nature(1) == 5 or target:nature(2) == 5 ) and 300 or 150 ) or ((target:nature(1) == 5 or target:nature(2) == 5 ) and 200 or 100)>",,,
88241,,,,,,enemyForce|nodead,random(1),,,1,,<881135>,<2>,,,<1>,,,
88242,,,,,,enemyForce|nodead,otherProcessExcept(88241)|random(1),,,1,,<881135>,<2>,<self:flagZ4() and 0.5 or 0>,,<1>,,,
88261,,,,,11,,,,,,,<881136>,<99>,,,<1>,,,
88311,,,,,,,,,,,,,,,,,88311,,
88312,,,,,,,,,,,,<881131>,<2>,<self:flagZ1() and 0.8 or 0.5>,,<1>,,,
88321,,,,,,,,,,,,,,,,,88321,,
88322,,,,0,11,,,,,,,<881132>,<3>,<(target:nature(1) == 5 or target:nature(2) == 5 ) and 1 or 0>,,<1>,,,
88331,,,,,4,,,,,,,,,,,,88331,,
88332,,,,,4,,,,,,,,,,,,,,
88333,,,,,4,,,,,,,<881131>,<2>,"<(moreEqualThan(self:star(),11) and 0.6 or 0.4)+(self:flagZ3() and 0.4 or 0)>",,<1>,,,
88334,,,,0,11,,,,,,,<881134>,<1>,,,"<moreEqualThan(self:star(),11) and ((target:nature(1) == 5 or target:nature(2) == 5 ) and 300 or 150 ) or ((target:nature(1) == 5 or target:nature(2) == 5 ) and 200 or 100)>",,,
88341,,,,,,enemyForce|nodead,random(1),,,1,,<881135>,<2>,,,<1>,,,
88342,,,,,,enemyForce|nodead,otherProcessExcept(88341)|random(1),,,1,,<881135>,<2>,<self:flagZ4() and 0.5 or 0>,,<1>,,,
88361,,,,,11,,,,,,,<881136>,<99>,,,<1>,,,
88411,,,,,,,,,,,,,,,,,88411,,
88412,,,,,,,,,,,,<881131>,<self:flagZ1() and 3 or 2>,,,<1>,,,
88413,,,,,,enemyForce|nodead,otherProcessExcept(88312)|random(1),,,,,,,,,,,,
88421,,,,,,,,,,,,,,,,,88421,,
88422,,,,,,,,,,,,<881131>,<2>,,,<1>,,,
88423,,,,0,11,,,,,,,<884111;884113>,<3;3>,<(target:nature(1)~= 5 and target:nature(2) ~= 5 ) and 1 or 0;(target:nature(1) == 5 or target:nature(2) == 5 ) and 1 or 0>,,<1;1>,,,
88431,,,,,4,,,,,,,,,,,,88431,,
88432,,,,,4,,,,,,,,,,,,88432,,
88433,,,,,4,,,,,,,<881131>,<2>,,,<1>,,,
88434,,,,0,11,,,,,,,<881134>,<1>,,,<(target:nature(1) == 5 or target:nature(2) == 5 ) and 300 or 150>,,,
88435,,,,0,11,,,,,,,<884118>,<3>,"<moreEqualThan(self:star(),11) and 1 or 0>",,<1>,,,
88441,,,,,11,,,,,,,<884120>,<99>,,,<1>,,,
88442,,,,0,11,,,,,,,<884115>,<99>,"<moreEqualThan(self:star(),8) and 1 or 0>",,<1>,,,
88461,,,,0,14,,,,,,,<884121>,<99>,,,<1>,,,
89111,,,,,,,,,,,,<891233>,<1>,<((target:nature(1) ==15 or target:nature(2) ==15)  and (not target:flag(99)))and 0.01 or 0>,,<1>,89111,,
89121,,,,,,,,,,,,,,,,,89121,,
89122,,,,,,,,,,,,<891231;891233>,<2;1>,<(target:nature(1) ==15 or target:nature(2) ==15) and 1 or 0;((target:nature(1) ==15 or target:nature(2) ==15)  and (not target:flag(99)))and 0.01 or 0>,,<-target:specialDefence()*0.3;1>,,,
89131,,,,,,,,,,,,<891233>,<1>,<((target:nature(1) ==15 or target:nature(2) ==15)  and (not target:flag(99)))and 0.01 or 0>,,<1>,89131,,
89132,,,,0,14,,,,,,,,,,,,,,
89161,,,,,,,,,,,,,,,,,,,
89211,,,,,,,,,,,,<891233>,<1>,<((target:nature(1) ==15 or target:nature(2) ==15)  and (not target:flag(99)))and 0.01 or 0>,,<1>,89211,,
89221,,,,,,,,,,,,,,,,,89221,,
89222,,,,,,,,,,,,<891231;891233>,<2;1>,<(target:nature(1) ==15 or target:nature(2) ==15) and 1 or 0;((target:nature(1) ==15 or target:nature(2) ==15)  and (not target:flag(99)))and 0.01 or 0>,,<-target:specialDefence()*0.3;1>,,,
89231,,,,,,,,,,,,<891233>,<1>,<((target:nature(1) ==15 or target:nature(2) ==15)  and (not target:flag(99)))and 0.01 or 0>,,<1>,89231,,
89232,,,,0,14,,,,,,,,,,,,,,
89261,,,,,,,,,,,,,,,,,,,
89311,,,,,,,,,,,,<891233>,<1>,<((target:nature(1) ==15 or target:nature(2) ==15)  and (not target:flag(99)))and 0.01 or 0>,,<1>,89311,,
89321,,,,,,,,,,,,,,,,,89321,,
89322,,,,,,,,,,,,<891231;891233>,<2;1>,<(target:nature(1) ==15 or target:nature(2) ==15) and 1 or 0;((target:nature(1) ==15 or target:nature(2) ==15)  and (not target:flag(99)))and 0.01 or 0>,,<-target:specialDefence()*0.3;1>,,,
89331,,,,,,,,,,,,<891233>,<1>,<((target:nature(1) ==15 or target:nature(2) ==15)  and (not target:flag(99)))and 0.01 or 0>,,<1>,89331,,
89332,,,,0,14,,,,,,,,,,,,,,
89361,,,,,,,,,,,,,,,,,,,
97111,,,,,,,,,,,,,,,,,97111,,
97112,,,,0,14,,,,,,,<971111;971112>,<2;2>,<1;1>,,<target:defence()*0.5;target:specialDefence()*0.5>,,,
97121,,,,,,,,,,,,,,,,,97121,,
97122,,,,,,,,,,,,<971113;971114>,<1;2>,<1;0.8>,,<<target:mp1()*0.5;1>;1>,,,
97131,,,,,11,,,,,,,,,,,,97131,,
97132,,,,,11,,,,,,,,,,,,97132,,
97133,,,,,,all,random(6),,,,,<971118;971114;971120;971121>,<2;1;1;1>,"<target:force()==self:force() and 1 or 0;target:force()==self:force() and 0 or 1;(moreE(self:star(),11) and target:force()==self:force()) and 1 or 0;(moreE(self:star(),11) and target:force()==self:force()) and 0 or 1>",,<target:damage()*0.3;target:specialDamage()*0.3;1;50;-50>,,,
97161,,,,0,14,,,,,,,<971122;971126;971127>,<99;99;99>,<1;1;1>,,<1;1;1>,,,
97211,,,,,,,,,,,,,,,,,97211,,
97212,,,,0,14,,,,,,,<971111;971112>,<2;2>,<1;1>,,<target:defence()*0.5;target:specialDefence()*0.5>,,,
97221,,,,,,,,,,,,,,,,,97221,,
97222,,,,,,,,,,,,<971113;971114>,<1;2>,<1;0.8>,,<<target:mp1()*0.5;1>;1>,,,
97231,,,,,11,,,,,,,,,,,,97231,,
97232,,,,,11,,,,,,,,,,,,,,
97233,,,,,,all,random(6),,,,,<971118;971114;971120;971121>,<2;1;1;1>,"<target:force()==self:force() and 1 or 0;target:force()==self:force() and 0 or 1;(moreE(self:star(),11) and target:force()==self:force()) and 1 or 0;(moreE(self:star(),11) and target:force()==self:force()) and 0 or 1>",,<target:damage()*0.3;target:specialDamage()*0.3;1;50;-50>,,,
97261,,,,0,14,,,,,,,<971122;971126;971127>,<99;99;99>,<1;1;1>,,<1;1;1>,,,
97311,,,,,,,,,,,,,,,,,97311,,
97312,,,,0,14,,,,,,,<1281120>,<1>,,,<0>,,,
97321,,,,,2,,,,,,,,,,,,97321,,
97322,,,,0,14,,,,,,,,,,,,,,
97323,,,,,,,,,,,,<1281231;1281332>,<3;1>,<1;self:flagZ2() and 0.3 or 0>,,<0;0>,,,
97331,,,,,11,,,,,,,,,,,,97331,,
97332,,,,,11,,,,,,,,,,,,,,
97333,,,,,11,,,,,,,<1281311;1281312;1281315;1281321>,"<moreE(self:star(),11) and 3 or 2;moreE(self:star(),11) and 3 or 2;moreE(self:star(),11) and 3 or 2;moreE(self:star(),11) and 3 or 2>",<1;1;1;1>,,"<list(list(c.groupbuff_oc()),-1,1);list(list(c.groupdebuff_oc()),1,1);-target:speed()*random(1,3)*0.1;0>",,,
97334,,,,0,11,,,,,,,<1281313;1281314;1281316>,"<moreE(self:star(),11) and 3 or 2;moreE(self:star(),11) and 3 or 2;moreE(self:star(),11) and 3 or 2>",<1;1;1>,,"<list(list(c.groupbuff_oc()),1,1);list(list(c.groupdebuff_oc()),-1,1);target:speed()*0.2;target:hp()>",,,
97335,,,,0,14,selfForce | nodead,"targetAnd(""attrDiffer"",{""natureType"", {4,11}},""buffDiffer"",{'id',{2351141}})|hpRatioMin",,,,,<1281631;1281333>,<99;99>,<self:flagZ3() and 1 or 0;self:flagZ3() and 1 or 0>,,<0;1>,,,
97336,,,,,,enemyForce | nodead,"buffDiffer('id',{1281230})",,,,,<1281231>,<3>,"<moreE(self:star(),11) and 1 or 0>",,<0>,,,
97337,,,,,,enemyForce | nodead,"buffDifferExclude('group',{c.egg_chaopin_bingzhu_fly_oc()})|random(1)",,,,,<1281331;1281332>,<1;1>,"<moreE(self:star(),11) and (lessE(countObjByBuff(3-self:force(),{1281230}),0) and 1 or 0) or 0;target:hasBuff(1281331) and 0 or 0>",,<0;0>,,,
97341,,,,0,11,selfForce | nodead,"exclude(list(csvSelf:id()))|setSelectAttr({""Bdamage"",""BspecialDamage""},""max"")|attr2(""selectAttr"",""max"",1)",,,,,<1281611>,<99>,"<(target:hasBuff(1281613) or moreE(countObjByBuff(self:force(),{1281611}),2)) and 0 or 1>",,<target:hp()>,,,
97361,,,,0,14,,,,,,,<1281421>,<99>,,,<0>,,,
97362,,,,,,,,,,,,<1281611;1281621;1281631;1281641;1281411>,<99;99;99;99;99>,"<target:hasBuff(1281613) and 0 or 1;1;1;moreE(self:star(),8) and 1 or 0;1>",,<target:hp();0;10000;0;0>,,,
97411,,,,,,,,,,,,,,,,,97411,,
97412,,,,0,14,,,,,,,<1281120>,<1>,,,<0>,,,
97421,,,,,2,,,,,,,,,,,,97421,,
97422,,,,0,14,,,,,,,,,,,,,,
97423,,,,,,,,,,,,<1281231;1281332>,<3;1>,<1;self:flagZ2() and 0.3 or 0>,,<0;0>,,,
97431,,,,,11,,,,,,,,,,,,97431,,
97432,,,,,11,,,,,,,,,,,,,,
97433,,,,,11,,,,,,,<1281311;1281312;1281315;1281321>,"<moreE(self:star(),11) and 3 or 2;moreE(self:star(),11) and 3 or 2;moreE(self:star(),11) and 3 or 2;moreE(self:star(),11) and 3 or 2>",<1;1;1;1>,,"<list(list(c.groupbuff_oc()),-1,1);list(list(c.groupdebuff_oc()),1,1);-target:speed()*random(1,3)*0.1;0>",,,
97434,,,,0,11,,,,,,,<1281313;1281314;1281316>,"<moreE(self:star(),11) and 3 or 2;moreE(self:star(),11) and 3 or 2;moreE(self:star(),11) and 3 or 2>",<1;1;1>,,"<list(list(c.groupbuff_oc()),1,1);list(list(c.groupdebuff_oc()),-1,1);target:speed()*0.2;target:hp()>",,,
97435,,,,0,14,selfForce | nodead,"targetAnd(""attrDiffer"",{""natureType"", {4,11}},""buffDiffer"",{'id',{2351141}})|hpRatioMin",,,,,<1281631;1281333>,<99;99>,<self:flagZ3() and 1 or 0;self:flagZ3() and 1 or 0>,,<0;1>,,,
97436,,,,,,enemyForce | nodead,"buffDiffer('id',{1281230})",,,,,<1281231>,<3>,"<moreE(self:star(),11) and 1 or 0>",,<0>,,,
97437,,,,,,enemyForce | nodead,"buffDifferExclude('group',{c.egg_chaopin_bingzhu_fly_oc()})|random(1)",,,,,<1281331;1281332>,<1;1>,"<moreE(self:star(),11) and (lessE(countObjByBuff(3-self:force(),{1281230}),0) and 1 or 0) or 0;target:hasBuff(1281331) and 0 or 0>",,<0;0>,,,
97441,,,,0,11,selfForce | nodead,"exclude(list(csvSelf:id()))|setSelectAttr({""Bdamage"",""BspecialDamage""},""max"")|attr2(""selectAttr"",""max"",1)",,,,,<1281611>,<99>,"<(target:hasBuff(1281613) or moreE(countObjByBuff(self:force(),{1281611}),2)) and 0 or 1>",,<target:hp()>,,,
97461,,,,0,14,,,,,,,<1281421>,<99>,,,<0>,,,
97462,,,,,,,,,,,,<1281611;1281621;1281631;1281641;1281411>,<99;99;99;99;99>,"<target:hasBuff(1281613) and 0 or 1;1;1;moreE(self:star(),8) and 1 or 0;1>",,<target:hp();0;10000;0;0>,,,
103111,,,,,,,,,,,,,,,,,103111,,
103112,,,,0,14,,,,,,,<1031111>,<2>,,,<self:Bdefence()*(0.6+(self:flagZ1() and 0.1 or 0))>,,,
103113,,,,,,,,,,,,<1031117>,<3>,,,<self:defence()*0.8>,,,
103121,,,,,,,,,,,,,,,,,103121,,
103122,,,,,,,,,,,,<1031112>,<1>,<self:flagZ2() and 0.6 or 0.5>,,<1>,,,
103123,,,,,,,,,,,,<1031117>,<3>,,,<self:defence()*0.8>,,,
103131,,,,,,,,,,,,<1031113>,<3>,,,<0>,103131,,
103132,,,,,,,,,,,,,,,,,103132,,
103133,,,,,,enemyForce|nodead,otherProcessExcept(103131)|random(1),,,,,<1031123;1031114>,<1;3>,<1;1>,,"<(self:damage()*2.3+(self:flag(99) and skillLv(10313,10323) or skillLv(10313,10323)*4)*48);target:hpMax()*0.15>",,,
103134,,,,,,enemyForce|nodead,"otherProcessExcept(103131,103133)|random(1)",,,,,<1031123;1031115>,<1;3>,<1;1>,,"<(self:damage()*2.3+(self:flag(99) and skillLv(10313,10323) or skillLv(10313,10323)*4)*48);self:defence()*1.5>",,,
103135,,,,,,enemyForce|nodead,"otherProcessExcept(103131,103133,103134)",,,,,<1031116>,<1>,"<(moreE(self:star(),11) and 0.6 or 0)+(self:flagZ3() and 0.2 or 0)>",,<-4000>,,,
103161,,,,0,14,,,,,,,<1031119>,<99>,"<moreE(self:star(),8) and 1 or 0>",,<0>,,,
103211,,,,,,,,,,,,,,,,,103211,,
103212,,,,0,14,,,,,,,<1031111>,<3>,,,<self:Bdefence()*(0.6+(self:flagZ1() and 0.1 or 0))>,,,
103213,,,,,,,,,,,,<1031117>,<3>,,,<self:defence()*0.8>,,,
103221,,,,,,,,,,,,,,,,,103221,,
103222,,,,,,,,,,,,<1031112>,<1>,<self:flagZ2() and 0.6 or 0.5>,,<1>,,,
103223,,,,,,,,,,,,<1031117>,<3>,,,<self:defence()*0.8>,,,
103231,,,,,,,,,,,,<1031113>,<3>,,,<0>,103231,,
103232,,,,,,,,,,,,,,,,,,,
103233,,,,,,enemyForce|nodead,otherProcessExcept(103231)|random(1),,,,,<1031123;1031114>,<1;3>,<1;1>,,"<(self:damage()*2.3+(self:flag(99) and skillLv(10313,10323) or skillLv(10313,10323)*4)*48);target:hpMax()*0.15>",,,
103234,,,,,,enemyForce|nodead,"otherProcessExcept(103231,103233)|random(1)",,,,,<1031123;1031115>,<1;3>,<1;1>,,"<(self:damage()*2.3+(self:flag(99) and skillLv(10313,10323) or skillLv(10313,10323)*4)*48);self:defence()*1.5>",,,
103235,,,,,,enemyForce|nodead,"otherProcessExcept(103231,103233,103234)",,,,,<1031116>,<1>,"<(moreE(self:star(),11) and 0.6 or 0)+(self:flagZ3() and 0.2 or 0)>",,<-4000>,,,
103261,,,,0,14,,,,,,,<1031119>,<99>,"<moreE(self:star(),8) and 1 or 0>",,<0>,,,
107111,,,,,,,,,,,,<1071121;1071126;1071129>,<99;1;1>,"<1;1;moreEqualThan(self:star(),8) and 1 or 0>",,<0;0;0>,107111,,
107112,,,,,,enemyForce|nodead,random(1),,,,,<1071121;1071126;1071129>,<99;1;1>,"<1;1;moreEqualThan(self:star(),8) and 1 or 0>",,<0;0;0>,107112,{needUpdateTarget=True;prob=self:flagZ1() and 0.45 or 0.4},
107121,,,,,,,,,,,,<1071121;1071126;1071129>,<99;1;1>,"<1;1;moreEqualThan(self:star(),8) and 1 or 0>",,<0;0;0>,107121,,
107122,,,,0,14,,,,,,,<1071123>,<2>,,,<self:flagZ2() and 4000 or 3000>,,,
107131,,,,,,,,,,,,<1071121>,<99>,,,<0>,107131,,
107132,,,,,,,,,,,,<1071121>,<99>,,,<0>,107132,"{needUpdateTarget=True;prob=((self:flagZ3() and 0.6 or 0.55)+0.05*(countObjByNatureExit(self:force(),12)))}",
107133,,,,,,,,,,,,<1071121>,<99>,,,<0>,107133,"{needUpdateTarget=True;prob=((self:flagZ3() and 0.6 or 0.55)+0.05*(countObjByNatureExit(self:force(),12)))}",
107134,,,,,,,,,,,,<1071121>,<99>,,,<0>,107134,"{needUpdateTarget=True;prob=((self:flagZ3() and 0.6 or 0.55)+0.05*(countObjByNatureExit(self:force(),12)))}",
107135,,,,,,,,,,,,<1071121>,<99>,,,<0>,107135,"{needUpdateTarget=True;prob=((self:flagZ3() and 0.6 or 0.55)+0.05*(countObjByNatureExit(self:force(),12)))}",
107136,,,,,,,,,,,,<1071121;1071126;1071129>,<99;1;1>,"<1;1;moreEqualThan(self:star(),8) and 1 or 0>",,<0;0;0>,,,
107161,,,,0,14,,,,,,,,,,,,,,
108111,,,,,,,,,,,,,,,,,108111,,
108112,,,,0,14,,,,,,,<1081111>,<2>,,,<self:damage()*(self:flagZ1() and 0.25 or 0.15)>,,,
108121,,,,,2,,,,,,,,,,,,108121,,
108122,,,,,21,,,,,2,,<1081119>,<99>,,,<0>,,,
108131,,,,,,,,,,,,<1081114;1081123>,<1;1>,"<target:hasBuffGroup(26) and 0 or (moreE(self:star(),11) and 0.8 or 0.6);self:flagZ3() and 1 or 0>",,<target:hpMax()*0.35;0>,108131,,
108161,,,,0,14,,,,,,,<1081118>,<99>,,,<0>,,,
108211,,,,,,,,,,,,,,,,,108211,,
108212,,,,0,14,,,,,,,<1081111>,<2>,,,<self:damage()*(self:flagZ1() and 0.25 or 0.15)>,,,
108221,,,,,2,,,,,,,,,,,,108221,,
108222,,,,,21,,,,,2,,<1081119>,<99>,,,<0>,,,
108231,,,,,,,,,,,,<1081114;1081123>,<1;1>,"<target:hasBuffGroup(26) and 0 or (moreE(self:star(),11) and 0.8 or 0.6);self:flagZ3() and 1 or 0>",,<target:hpMax()*0.35;0>,108231,,
108232,,,,,,,,,,,,,,,,,,,
108261,,,,0,14,,,,,,,<1081118>,<99>,,,<0>,,,
117111,,,,,,,,,,,,,,,,,117111,,
117112,,,,0,22,,,,,1,,<1171231>,<2>,,,<self:flagZ1() and 2500 or 1500>,,,
117121,,,,,,,,,,,,,,,,,117121,,
117122,,,,,,selfForce|nodead,"setSelectAttr({""damage"",""specialDamage""},""max"")|attr(""selectAttr"",""max"",(csvSelf:flagZ2() and 2 or 1))",,,,,<1171232>,<3>,,,<1>,,,
117131,,,,,11,,,,,,,,,,,,117131,,
117132,,,,,11,,,,,,,<1171236>,<1>,,,<1>,,,
117133,,,,0,11,,,,,,,<1171234>,<self:flagZ3() and 3 or 2>,<(target:nature(1) ==16 or target:nature(2) ==16 ) and 1 or 0>,,<(self:flagZ3() and 3000 or 2000)-800*(target:hasBuff(1171241) and 1 or 0)>,,,
117141,,,,0,11,,,,,,,<1171241>,<99>,"<((target:nature(1) ==16 or target:nature(2) ==16 or target:nature(1) ==2 or target:nature(2) ==2 )  and moreEqualThan(self:star(),8)) and 1 or 0>",,<800>,,,
117161,,,,0,11,,,,,,,<1171235>,<1>,,,"<div(self:specialDamage()*(0.3+skillLevel*0.002-0.002),getForceNum(self:force()),self:specialDamage()*1)*(self:flagZ4() and ((target:nature(1) ==16 or target:nature(2) ==16 or target:nature(1) ==2 or target:nature(2) ==2 ) and 1.3 or 1)or 1)>",,,
117211,,,,,,,,,,,,,,,,,117211,,
117212,,,,0,22,,,,,1,,<1171231>,<2>,,,<self:flagZ1() and 2500 or 1500>,,,
117221,,,,,,,,,,,,,,,,,117221,,
117222,,,,,,selfForce|nodead,"setSelectAttr({""damage"",""specialDamage""},""max"")|attr(""selectAttr"",""max"",(csvSelf:flagZ2() and 2 or 1))",,,,,<1171232>,<3>,,,<1>,,,
117231,,,,,11,,,,,,,,,,,,117231,,
117232,,,,,11,,,,,,,<1171236>,<1>,,,<1>,,,
117233,,,,0,11,,,,,,,<1171234>,<self:flagZ3() and 3 or 2>,<(target:nature(1) ==16 or target:nature(2) ==16 ) and 1 or 0>,,<(self:flagZ3() and 3000 or 2000)-800*(target:hasBuff(1171241) and 1 or 0)>,,,
117241,,,,0,11,,,,,,,<1171241>,<99>,"<((target:nature(1) ==16 or target:nature(2) ==16 or target:nature(1) ==2 or target:nature(2) ==2 )  and moreEqualThan(self:star(),8)) and 1 or 0>",,<800>,,,
117261,,,,0,11,,,,,,,<1171235>,<1>,,,"<div(self:specialDamage()*(0.3+skillLevel*0.002-0.002),getForceNum(self:force()),self:specialDamage()*1)*(self:flagZ4() and ((target:nature(1) ==16 or target:nature(2) ==16 or target:nature(1) ==2 or target:nature(2) ==2 ) and 1.3 or 1)or 1)>",,,
117311,,,,,,,,,,,,,,,,,117311,,
117312,,,,,,selfForce | nodead,exclude(list(csvSelf:id()))|backRowRandom(2),,,,,<1171231>,<2>,,,<self:flagZ1() and 3000 or 2000>,,,
117313,,,,0,14,,,,,,,<1171231>,<2>,,,<self:flagZ1() and 3000 or 2000>,,,
117321,,,,,2,,,,,,,,,,,,117321,,
117322,,,,,,selfForce|nodead,"exclude(list(csvSelf:id()))|setSelectAttr({""damage"",""specialDamage""},""max"")|attr(""selectAttr"",""max"",(csvSelf:flagZ2() and 2 or 1))",,,,,<1171232>,<3>,,,<1>,,,
117323,,,,0,14,,,,,,,<1171232>,<3>,,,<1>,,,
117331,,,,,11,,,,,,,,,,,,117331,,
117332,,,,,11,,,,,,,<1171236>,<1>,,,<1>,,,
117333,,,,0,11,,,,,,,<1171234>,<self:flagZ3() and 3 or 2>,<(target:nature(1) ==7 or target:nature(2) ==7 ) and 1 or 0>,,<(self:flagZ3() and 5000 or 3000)>,,,
117334,,,,0,11,,,,,,,<1171314;1171311>,<2;2>,<1;target:id()==self:id() and 0 or 1>,,<0;0>,,,
117361,,,,0,11,,,,,,,<1171235;1171234>,<1;99>,"<1;moreE(self:star(),8) and (target:nature(1) ==7 or target:nature(2) ==7 or target:nature(1) ==2 or target:nature(2) ==2) and 1 or 0>",,"<div(self:damage()*(0.5+skillLevel*0.003-0.003),getForceNum(self:force()),self:damage()*1)*(self:flagZ4() and ((target:nature(1) ==7 or target:nature(2) ==7 or target:nature(1) ==2 or target:nature(2) ==2 ) and 1.3 or 1)or 1);lessE((target:hp()/target:hpMax()),0.3) and 1600 or 800>",,,
117362,,,,0,14,,,,,,,<1171311;1171316>,<99;99>,<1;1>,,<0;0>,,,
122111,,,,,,,,,,,,,,,,,122111,,
122112,,,,,,,,,,,,<1221221>,<self:flagZ1() and 3 or 2>,<self:flagZ1() and 0.6 or 0.5>,,<0>,,,
122121,,,,,,,,,,,,,,,,,122121,,
122122,,,,,,,,,,,,<1221222;1221223;1221221>,<1;1;3>,<1;target:hasBuffGroup(27) and 1 or 0;self:flagZ2() and 1 or 0>,,<0;0;0>,,,
122123,,,,0,14,,,,,,,,,,,,,,
122131,,,,,2,,,,,,,,,,,,122131,,
122132,,,,,2,,,,,,,,,,,,122132,,
122133,,,,0,11,,,,,,,,,,,,,,
122134,,,,,2,,,,,,,<1221224;1221225;1221230>,<2;2;1>,"<moreEqualThan(self:star(),8) and 0.7 or 0.4;target:hasBuffGroup(27) and 1 or 0;self:flagZ3() and (target:hasBuffGroup(5003) and 1 or 0) or 0>",,<0;0;self:specialDamage()*0.3>,,,
122135,,,,,,enemyForce,"buffDiffer('group',{5003})|random(1)",,,,,<1221229>,<1>,"<moreEqualThan(self:star(),8) and 1 or 0>",,<1>,,,
122161,,,,0,14,,,,,,,<1221226;1221227>,<99;99>,<1;1>,,"<moreEqualThan(self:star(),8) and (2000+skillLevel*5-5) or (1000+skillLevel*5-5);0>",,,
123111,,,,,,,,,,,,,,,,,123111,,
123112,,,,0,14,,,,,,,<1231121>,<2>,,,<self:flagZ1() and 2000 or 1500>,,,
123121,,,,,3,,,,,,,,,,,,123121,,
123122,,,,0,14,,,,,,,<1231122;1231123>,<1;2>,<1;1>,,<self:hp()*0.1;self:flagZ2() and 4000 or 2000>,,,
123131,,,,,4,,,,,,,,,,,,123131,,
123132,,,,,4,,,,,,,,,,,,,,
123133,,,,0,14,,,,,,,<1231122>,<1>,,,<self:hp()*0.15>,,,
123134,,,,0,14,,,,,,,<1231124>,<2>,,,"<<1;moreEqualThan(self:star(),11) and 0.02 or 0.0142;moreEqualThan(self:star(),11) and 0.6 or 0.7>>",,,
123135,,,,,4,,,,,,,<1231125>,<2>,,,<(self:lostHp())*(self:flagZ3() and 0.18 or 0.12)>,,,
123161,,,,0,14,,,,,,,<1231126>,<99>,,,<1>,,,
124111,,,,,,,,,,,,,,,,,124111,,
124112,,,,,,,,,,,,<1241121>,<2>,,,<-target:speed()*(self:flagZ1() and 0.25 or 0.2)>,,,
124121,,,,,2,,,,,,,,,,,,124121,,
124122,,,,0,14,,,,,,,<1241122>,<2>,,,<3000>,,,
124123,,,,,,selfForce|nodead,"otherProcessExcept(124122)|buffDiffer('groupFilter',{{beDispel=1},{c.groupstun_oc()}})|random(1)",,,,,<1241124>,<1>,,,<0>,,,
124124,,,,,,selfForce|nodead,otherProcessExcept(124122)|random(1),,,,,<1241123>,<2>,"<more(countObjByBuff(self:force(),{1241124}),0) and 0 or 1>",,<self:flagZ2() and 2000 or 1500>,,,
124131,,,,,11,,,,,,,,,,,,124131,,
124132,,,,,11,,,,,,,,,,,,,,
124133,,,,,11,,,,,,,<1241125;1241132>,<1;3>,<1;1>,,"<moreEqualThan(self:star(),11) and -300 or -200;moreEqualThan(self:star(),11) and -5000 or -3000>",,,
124134,,,,,,selfForce|nodead,"buffDiffer('groupFilter',{{beDispel=1},{c.groupdebuff_oc()}})|random(3)",,,,,<1241126>,<1>,,,<0>,,,
124135,,,,,,selfForce|nodead,"buffDiffer('groupFilter',{{beDispel=1},{c.groupstun_oc()}})|random(1)",,,,,<1241124>,<1>,"<moreEqualThan(self:star(),11) and 1 or 0>",,<0>,,,
124136,,,,0,11,,,,,,,<1241134>,<1>,<self:flagZ3() and 1 or 0>,,<500>,,,
124161,,,,0,11,,,,,,,<1241129;1241130>,<99;99>,<1;1>,,<target:Bspeed()*(0.1+skillLevel*0.0005-0.0005)*((target:nature(1)==3 or target:nature(2)==3) and 2 or 1);(1000+skillLevel*5-5)*((target:nature(1)==3 or target:nature(2)==3) and 2 or 1)>,,,
124162,,,,0,14,,,,,,,<1241131;1241133>,<99;99>,"<1;moreEqualThan(self:star(),8) and 1 or 0>",,<1;5000>,,,
124163,,,,0,17,,,,,,,<1241135>,<99>,<self:flagZ4() and 1 or 0>,,<2000>,,,
125111,,,,,,,,,,,,,,,,,125111,,
125112,,,,0,14,,,,,,,<1251121>,<2>,,,<self:flagZ1() and 2500 or 2000>,,,
125121,,,,,,,,,,,,,,,,,125121,,
125122,,,,0,14,,,,,,,<1251122>,<99>,,,<self:BhpMax()*(self:flagZ2() and 0.15 or 0.1)>,,,
125131,,,,,,,,,,,,,,,,,125131,,
125132,,,,,,,,,,,,<1251126>,<1>,,,"<(self:lostHp())*(moreEqualThan(self:star(),11) and 0.65 or 0.4)>",,,
125133,,,,0,14,,,,,,,<1251124;1251125>,<1;1>,<1;1>,,<self:hp()*0.25;self:flagZ3() and -2000 or -3000>,,,
125141,,,,,14,,,,,,,,,,,,,,
125151,,,,0,14,,,,,,,,,,,,,,
125161,,,,0,14,,,,,,,<1251128;1251130>,<99;99>,<1;1>,,<<1;0.003+skillLevel*0.00003-0.00003;1>;<1;1;0>>,,,
125211,,,,,,,,,,,,,,,,,125211,,
125212,,,,0,14,,,,,,,<1251121>,<2>,,,<self:flagZ1() and 2500 or 2000>,,,
125221,,,,,,,,,,,,,,,,,125221,,
125222,,,,0,14,,,,,,,<1251122>,<99>,,,<self:BhpMax()*(self:flagZ2() and 0.15 or 0.1)>,,,
125231,,,,,,,,,,,,,,,,,125231,,
125232,,,,,,,,,,,,,,,,,125232,,
125233,,,,,,,,,,,,<1251126>,<1>,,,"<(self:lostHp())*(moreEqualThan(self:star(),11) and 0.65 or 0.4)>",,,
125234,,,,0,14,,,,,,,<1251124;1251125>,<1;1>,<1;1>,,<self:hp()*0.25;self:flagZ3() and -2000 or -3000>,,,
125241,,,,,14,,,,,,,,,,,,,,
125251,,,,0,14,,,,,,,,,,,,,,
125261,,,,0,14,,,,,,,<1251128;1251130>,<99;99>,<1;1>,,<<1;0.003+skillLevel*0.00003-0.00003;1>;<1;1;0>>,,,
125311,,,,,,,,,,,,,,,,,125311,,
125312,,,,0,14,,,,,,,<1251121>,<2>,,,<self:flagZ1() and 2500 or 2000>,,,
125321,,,,,,,,,,,,,,,,,125321,,
125322,,,,0,14,,,,,,,<1251122>,<99>,,,<self:BhpMax()*(self:flagZ2() and 0.15 or 0.1)>,,,
125331,,,,,,,,,,,,,,,,,125331,,
125332,,,,,,,,,,,,,,,,,,,
125333,,,,,,,,,,,,<1251126>,<1>,,,"<(self:lostHp())*(moreEqualThan(self:star(),11) and 0.65 or 0.4)>",,,
125334,,,,0,14,,,,,,,<1251124;1251125>,<1;1>,<1;1>,,<self:hp()*0.25;self:flagZ3() and -2000 or -3000>,,,
125341,,,,,14,,,,,,,,,,,,,,
125351,,,,0,14,,,,,,,,,,,,,,
125361,,,,0,14,,,,,,,<1251128;1251130>,<99;99>,<1;1>,,<<1;0.003+skillLevel*0.00003-0.00003;1>;<1;1;0>>,,,
126111,,,,,,,,,,,,,,,,,126111,,
126112,,,,0,14,,,,,,,<1261121;1261146>,<2;2>,<1;self:flagZ1() and 1 or 0>,,<self:defence()*0.8;2000>,,,
126121,,,,,4,,,,,,,,,,,,126121,,
126122,,,,,4,,,,,,,,,,,,,,
126123,,,,,,selfForce,"buffDiffer('groupFilter',{{beDispel=1},{c.groupdebuff_oc()}})|hpRatioMin",,,,,<1261218>,<1>,,,<0>,,,
126124,,,,,,selfForce,"otherProcessExcept(126123)|buffDiffer('groupFilter',{{beDispel=1},{c.groupdebuff_oc()}})|random(2)",,,,,<1261213>,<1>,<self:flagZ2() and 1 or 0>,,<0>,,,
126125,,,,0,14,,,,,,,<1261221>,<1>,,,<self:hpMax()*0.1>,,,
126131,,,,,,enemyForce|nodead,random(3),,,,,,,,,,126131,,
126132,,,,,,enemyForce|nodead,useOtherProcess(126131),,,,,,,,,,126132,,
126133,,,,0,14,,,,,,,<1261222>,<2>,,,<2500>,,,
126134,,,,0,11,,,,,,,<1261216;1261219>,<self:flagZ3() and 3 or 2;self:flagZ3() and 3 or 2>,<1;1>,,"<target:speed()*((self:flagZ3() and (target:nature(1)==10 or target:nature(2)==10)) and 1.35 or (1.1+0.1*(moreE(self:star(),11) and 1 or 0)));(self:flagZ3() and (target:nature(1)==10 or target:nature(2)==10)) and 3500 or (1500+1000*(moreE(self:star(),11) and 1 or 0))>",,,
126141,,,,0,14,,,,,,,,,,,,,,
126142,,,,0,14,,,,,,,<1261210>,<99>,,,<0>,,,
126161,,,,0,14,,,,,,,<1261131;1261140;1261231;1261149>,<99;99;99;99>,"<1;not self:flagZ3() and 1 or 0;moreEqualThan(self:star(),8) and 1 or 0;(not self:hasBuff(1261150) and self:flagZ3()) and 1 or 0>",,<1;1;0;<1;1;0>>,,,
127111,,,,,,,,,,,,,,,,,127111,,
127112,,,,,,,,,,,,<1271211>,<2>,,,<self:damage()*0.4>,,,
127113,,,,,,enemyForce|nodead,random(1),,,,,<1271211>,<2>,<self:flagZ1() and 1 or 0>,,<self:damage()*0.4>,,,
127121,,,,,4,,,,,,,,,,,,127121,,
127122,,,,,4,,,,,,,<1271211>,<2>,,,<self:damage()*0.4>,,,
127123,,,,0,14,,,,,,,<1271212;1271301>,<2;self:flagZ2() and 3 or 2>,<1;1>,,<self:flagZ2() and self:damage()*0.4 or self:damage()*0.2;1>,,,
127131,,,,,11,,,,,,,,,,,,127131,,
127132,,,,,11,,,,,,,,,,,,127132,,
127133,,,,,11,,,,,,,<1271211>,<2>,,,<self:damage()*0.4>,,,
127134,,,,0,11,,,,,,,<1271301>,<2>,<(self:flagZ3() and (target:nature(1)==2 or target:nature(2)==2)) and 1 or 0>,,<1>,,,
127135,,,,0,14,,,,,,,,,,,,,,
127136,,,,0,14,,,,,,,<1271239>,<1>,,,<0>,,,
127151,,,,0,14,,,,,,,,,,,,,,
127161,,,,0,14,,,,,,,<1271214;1271215>,<99;99>,<1;1>,,<<1;self:hpMax()*(0.4+skillLevel*0.004-0.004);self:mp1Max()>;0>,,,
129111,,,,,3,,,,2,,,,,,,,129111,,
129112,,,,0,14,,,,,,,<1291201;1291212>,<self:flagZ1() and 3 or 2;1>,<1;1>,,<self:flagZ1() and 3000 or 2000;0>,,,
129121,,,,,3,,,,2,,,,,,,,129121,,
129122,,,,0,14,,,,,,,<1291203>,<99>,,,<99990>,,,
129131,,,,,3,,,,2,,,,,,,,129131,,
129132,,,,,3,,,,2,,,,,,,,129132,,
129133,,,,,3,,,,2,,,<1291204>,<1>,,,<0>,,,
129134,,,,0,14,,,,,,,<1291212;1291214>,<1;1>,"<1;(self:hasBuff(1291210) and moreEqualThan(self:star(),11)) and 1 or 0>",,<0;2500>,,,
129161,,,,0,14,,,,,,,<1291209;1291216>,<99;99>,<1;self:flagZ4() and 1 or 0>,,<0;0>,,,
129211,,,,,3,,,,2,,,,,,,,129211,,
129212,,,,0,14,,,,,,,<1291201;1291212>,<self:flagZ1() and 3 or 2;1>,<1;1>,,<self:flagZ1() and 3000 or 2000;0>,,,
129221,,,,,3,,,,2,,,,,,,,129221,,
129222,,,,0,14,,,,,,,<1291203>,<99>,,,<99990>,,,
129231,,,,,3,,,,2,,,,,,,,129231,,
129232,,,,,3,,,,2,,,,,,,,129232,,
129233,,,,,3,,,,2,,,<1291204>,<1>,,,<0>,,,
129234,,,,0,14,,,,,,,<1291212;1291214>,<1;1>,"<1;(self:hasBuff(1291210) and moreEqualThan(self:star(),11)) and 1 or 0>",,<0;2500>,,,
129261,,,,0,14,,,,,,,<1291209;1291216>,<99;99>,<1;self:flagZ4() and 1 or 0>,,<0;0>,,,
129311,,,,,3,,,,2,,,,,,,,129311,,
129312,,,,0,14,,,,,,,<1291201;1291212>,<self:flagZ1() and 3 or 2;1>,<1;1>,,<self:flagZ1() and 3000 or 2000;0>,,,
129321,,,,,3,,,,2,,,,,,,,129321,,
129322,,,,0,14,,,,,,,<1291203>,<99>,,,<99990>,,,
129331,,,,,3,,,,2,,,,,,,,129331,,
129332,,,,,3,,,,2,,,,,,,,,,
129333,,,,,3,,,,2,,,<1291204>,<1>,,,<0>,,,
129334,,,,0,14,,,,,,,<1291212;1291214>,<1;1>,"<1;(self:hasBuff(1291210) and moreEqualThan(self:star(),11)) and 1 or 0>",,<0;2500>,,,
129361,,,,0,14,,,,,,,<1291209;1291216>,<99;99>,<1;self:flagZ4() and 1 or 0>,,<0;0>,,,
130111,,,,,,,,,,,,,,,,,130111,,
130112,,,,0,14,,,,,,,<1301121>,<self:flagZ1() and 3 or 2>,,,<self:damage()*(self:flagZ1() and 0.2 or 0.15)>,,,
130121,,,,,,,,,,,,,,,,,130121,,
130122,,,,,,,,,,,,<1301122>,<3>,,,<self:damage()*0.4>,,,
130123,,,,,,,,,,,,<1301123>,<1>,<self:flagZ2() and 0.7 or 0.5>,,<1>,,,
130131,,,,,,,,,,,,,,,,,130131,,
130132,,,,,,,,,,,,<1301139>,<1>,,,<1>,,,
130133,,,,,,,,,,,,<1301126>,<2>,,,<1>,,,
130141,,,,0,14,,,,,,,<1301132>,<99>,,,<1>,,,
130161,,,,0,11,,,,,,,<1301131>,<99>,,,<800+skillLevel*6-6>,,,
130211,,,,,,,,,,,,,,,,,130211,,
130212,,,,0,14,,,,,,,<1301121>,<self:flagZ1() and 3 or 2>,,,<self:damage()*(self:flagZ1() and 0.2 or 0.15)>,,,
130221,,,,,,,,,,,,,,,,,130221,,
130222,,,,,,,,,,,,<1301122>,<3>,,,<self:damage()*0.4>,,,
130223,,,,,,,,,,,,<1301123>,<1>,<self:flagZ2() and 0.7 or 0.5>,,<1>,,,
130231,,,,,,,,,,,,,,,,,130231,,
130232,,,,,,,,,,,,,,,,,130232,,
130233,,,,,,,,,,,,<1301139>,<1>,,,<1>,,,
130234,,,,,,,,,,,,<1301126>,<2>,,,<1>,,,
130241,,,,0,14,,,,,,,<1301132>,<99>,,,<1>,,,
130261,,,,0,11,,,,,,,<1301131>,<99>,,,<800+skillLevel*6-6>,,,
130311,,,,,,,,,,,,,,,,,130311,,
130312,,,,0,14,,,,,,,<1301121>,<self:flagZ1() and 3 or 2>,,,<self:damage()*(self:flagZ1() and 0.2 or 0.15)>,,,
130321,,,,,,,,,,,,,,,,,130321,,
130322,,,,,,,,,,,,<1301122>,<3>,,,<self:damage()*0.4>,,,
130323,,,,,,,,,,,,<1301123>,<1>,<self:flagZ2() and 0.7 or 0.5>,,<1>,,,
130331,,,,,,,,,,,,,,,,,130331,,
130332,,,,,,,,,,,,,,,,,,,
130333,,,,,,,,,,,,<1301139>,<1>,,,<1>,,,
130334,,,,,,,,,,,,<1301126>,<2>,,,<1>,,,
130341,,,,0,14,,,,,,,<1301132>,<99>,,,<1>,,,
130361,,,,0,11,,,,,,,<1301131>,<99>,,,<800+skillLevel*6-6>,,,
131111,,,,,,,,,,,,,,,,,131111,,
131112,,,,0,14,,,,,,,<1311121>,<2>,,,<self:flagZ1() and 2000 or 1500>,,,
131121,,,,,,,,,,,,,,,,,131121,,
131122,,,,,,,,,,,,<1311131>,<2>,,,<1>,,,
131131,,,,,11,,,,,,,,,,,,131131,,
131132,,,,,11,,,,,,,<1311125;1311126;1311140>,<2;2;2>,"<1;1;moreEqualThan(self:star(),11) and 1 or 0>",,<1;-target:speed()*0.15;-1000>,,,
131161,,,,0,14,,,,,,,<1311130;1311132;1311133;1311134>,<99;99;99;99>,<1;1;1;1>,,<1000+skillLevel*10-10;1;1;1>,,,
131211,,,,,,,,,,,,,,,,,131211,,
131212,,,,0,14,,,,,,,<1311121>,<2>,,,<self:flagZ1() and 2000 or 1500>,,,
131221,,,,,,,,,,,,,,,,,131221,,
131222,,,,,,,,,,,,<1311131>,<2>,,,<1>,,,
131231,,,,,11,,,,,,,,,,,,131231,,
131232,,,,,11,,,,,,,<1311125;1311126;1311140>,<2;2;2>,"<1;1;moreEqualThan(self:star(),11) and 1 or 0>",,<1;-target:speed()*0.15;-1000>,,,
131261,,,,0,14,,,,,,,<1311130;1311132;1311133;1311134>,<99;99;99;99>,<1;1;1;1>,,<1000+skillLevel*10-10;1;1;1>,,,
131311,,,,,,,,,,,,,,,,,131311,,
131312,,,,0,14,,,,,,,<1311121>,<2>,,,<self:flagZ1() and 2000 or 1500>,,,
131321,,,,,,,,,,,,,,,,,131321,,
131322,,,,,,,,,,,,<1311131>,<2>,,,<1>,,,
131331,,,,,11,,,,,,,,,,,,131331,,
131332,,,,,11,,,,,,,<1311125;1311126;1311140>,<2;2;2>,"<1;1;moreEqualThan(self:star(),11) and 1 or 0>",,<1;-target:speed()*0.15;-1000>,,,
131361,,,,0,14,,,,,,,<1311130;1311132;1311133;1311134>,<99;99;99;99>,<1;1;1;1>,,<1000+skillLevel*10-10;1;1;1>,,,
131411,,,,,,,,,,,,,,,,,131411,,
131412,,,,0,14,,,,,,,<1314111>,<self:flagZ1() and 3 or 2>,,,<2000>,,,
131421,,,,,,,,,,,,,,,,,131421,,
131422,,,,,,,,,,,,<1314211>,<2>,,,<1>,,,
131423,,,,,,enemyForce|nodead,otherProcessExcept(131422)|near(),,,,,<1314211>,<2>,<self:flagZ2() and 0.7 or 0.4>,,<1>,,,
131431,,,,,11,,,,,,,,,,,,131431,,
131432,,,,,11,,,,,,,,,,,,131432,,
131433,,,,,11,,,,,,,<1314311>,<1>,,,<1>,,,
131461,,,,0,14,,,,,,,<1314611;1314612;1314613;1314614;1314715>,<99;99;99;99;99>,<1;1;1;1;1>,,<1000+skillLevel*10-10;1;1;1;1>,,,
135111,,,,,,,,,,,,,,,,,135111,,
135121,,,,,,,,,,,,,,,,,135121,,
135122,,,,,,selfForce,hpRatioMin,,,,,<1351221>,<1>,,,"<(target:nature(1)==3 or target:nature(1)==4 or target:nature(2)==3 or target:nature(2)==4) and ((self:specialDamage()*0.6)*1.2+(skillLv(13516,13526,13536) or 0)*40 ) or (self:specialDamage()*0.6)>",,,
135131,,,,0,11,,,,,,,,,,,,135131,,
135132,,,,0,11,,,,,,,<1351222>,<3>,"<moreEqualThan(self:star(),11) and 1 or 0>",,"<(target:nature(1)==3 or target:nature(1)==4 or target:nature(2)==3 or target:nature(2)==4) and ((self:specialDamage()*0.2)*1.2+(skillLv(13516,13526,13536) or 0)*40 ) or (self:specialDamage()*0.2)>",,,
135161,,,,0,14,,,,,,,<1351223>,<99>,,,<2000>,,,
135211,,,,,,,,,,,,,,,,,135211,,
135221,,,,,,,,,,,,,,,,,135221,,
135222,,,,,,selfForce,hpRatioMin,,,,,<1351221>,<1>,,,"<(target:nature(1)==3 or target:nature(1)==4 or target:nature(2)==3 or target:nature(2)==4) and ((self:specialDamage()*0.6)*1.2+(skillLv(13516,13526,13536) or 0)*40 ) or (self:specialDamage()*0.6)>",,,
135231,,,,0,11,,,,,,,,,,,,135231,,
135232,,,,0,11,,,,,,,<1351222>,<3>,"<moreEqualThan(self:star(),11) and 1 or 0>",,"<(target:nature(1)==3 or target:nature(1)==4 or target:nature(2)==3 or target:nature(2)==4) and ((self:specialDamage()*0.2)*1.2+(skillLv(13516,13526,13536) or 0)*40 ) or (self:specialDamage()*0.2)>",,,
135261,,,,0,14,,,,,,,<1351223>,<99>,,,<2000>,,,
135311,,,,,,,,,,,,,,,,,135311,,
135321,,,,,,,,,,,,,,,,,135321,,
135322,,,,,,selfForce,hpRatioMin,,,,,<1351221>,<1>,,,"<(target:nature(1)==3 or target:nature(1)==4 or target:nature(2)==3 or target:nature(2)==4) and ((self:specialDamage()*0.6)*1.2+(skillLv(13516,13526,13536) or 0)*40 ) or (self:specialDamage()*0.6)>",,,
135331,,,,0,11,,,,,,,,,,,,135331,,
135332,,,,0,11,,,,,,,,,,,,135332,,
135333,,,,0,11,,,,,,,<1351222>,<3>,"<moreEqualThan(self:star(),11) and 1 or 0>",,"<(target:nature(1)==3 or target:nature(1)==4 or target:nature(2)==3 or target:nature(2)==4) and ((self:specialDamage()*0.2)*1.2+(skillLv(13516,13526,13536) or 0)*40 ) or (self:specialDamage()*0.2)>",,,
135361,,,,0,14,,,,,,,<1351223>,<99>,,,<2000>,,,
139111,,,,,,,,,,,,,,,,,139111,,
139112,,,,,,,,,,,,<1391121>,<1>,<(self:flagZ1() and 0.3 or 0.2)+self:getBuffOverlayCount(1391122)*(self:flagZ2() and 0.06 or 0.05)>,,<0>,,,
139121,,,,,,,,,,,,,,,,,139121,,
139122,,,,0,14,,,,,,,<1391122>,<99>,,,<0>,,,
139131,,,,,3,,,,,,,,,,,,139131,,
139132,,,,,3,,,,,,,<1391121;1391123>,<1;2>,"<(self:flagZ3() and 0.4 or 0.25)+self:getBuffOverlayCount(1391122)*(self:flagZ2() and 0.06 or 0.05)+(moreE(self:star(),11) and 0.15 or 0);1>",,<0;0>,,,
139161,,,,,20,,,,,1,,<1391121>,<1>,<0.17+skillLevel*0.003-0.003+self:getBuffOverlayCount(1391122)*(self:flagZ2() and 0.06 or 0.05)>,,<0>,,,
139162,,,,,,enemyForce|nodead,otherProcessExcept(139161)|random(1),,,,,<1391121>,<1>,"<moreEqualThan(self:star(),8) and (0.47+self:getBuffOverlayCount(1391122)*(self:flagZ2() and 0.06 or 0.05)) or 0>",,<0>,,,
139163,,,,0,14,,,,,,,<1391125>,<99>,<self:flagZ4() and 1 or 0>,,<0>,,,
139211,,,,,,,,,,,,,,,,,139211,,
139212,,,,,,,,,,,,<1391121>,<1>,<(self:flagZ1() and 0.3 or 0.2)+self:getBuffOverlayCount(1391122)*(self:flagZ2() and 0.06 or 0.05)>,,<0>,,,
139221,,,,,,,,,,,,,,,,,139221,,
139222,,,,0,14,,,,,,,<1391122>,<99>,,,<0>,,,
139231,,,,,3,,,,,,,,,,,,139231,,
139232,,,,,3,,,,,,,,,,,,139232,,
139233,,,,,3,,,,,,,<1391121;1391123>,<1;2>,"<(self:flagZ3() and 0.4 or 0.25)+self:getBuffOverlayCount(1391122)*(self:flagZ2() and 0.06 or 0.05)+(moreE(self:star(),11) and 0.15 or 0);1>",,<0;0>,,,
139261,,,,,20,,,,,1,,<1391121>,<1>,<0.17+skillLevel*0.003-0.003+self:getBuffOverlayCount(1391122)*(self:flagZ2() and 0.06 or 0.05)>,,<0>,,,
139262,,,,,,enemyForce|nodead,otherProcessExcept(139261)|random(1),,,,,<1391121>,<1>,"<moreEqualThan(self:star(),8) and (0.47+self:getBuffOverlayCount(1391122)*(self:flagZ2() and 0.06 or 0.05)) or 0>",,<0>,,,
139263,,,,0,14,,,,,,,<1391125>,<99>,<self:flagZ4() and 1 or 0>,,<0>,,,
139311,,,,,,,,,,,,,,,,,139311,,
139312,,,,,,,,,,,,<1391121>,<1>,<(self:flagZ1() and 0.3 or 0.2)+self:getBuffOverlayCount(1391122)*(self:flagZ2() and 0.06 or 0.05)>,,<0>,,,
139321,,,,,,,,,,,,,,,,,139321,,
139322,,,,0,14,,,,,,,<1391122>,<99>,,,<0>,,,
139331,,,,,11,,,,,,,,,,,,139331,,
139332,,,,,11,,,,,,,,,,,,,,
139333,,,,,11,,,,,,,<1391121;1391123>,<1;2>,"<(self:flagZ3() and 0.4 or 0.25)+self:getBuffOverlayCount(1391122)*(self:flagZ2() and 0.06 or 0.05)+(moreE(self:star(),11) and 0.15 or 0);1>",,<0;0>,,,
139361,,,,,20,,,,,1,,<1391121>,<1>,<0.17+skillLevel*0.003-0.003+self:getBuffOverlayCount(1391122)*(self:flagZ2() and 0.06 or 0.05)>,,<0>,,,
139362,,,,,,enemyForce|nodead,otherProcessExcept(139361)|random(1),,,,,<1391121>,<1>,"<moreEqualThan(self:star(),8) and (0.47+self:getBuffOverlayCount(1391122)*(self:flagZ2() and 0.06 or 0.05)) or 0>",,<0>,,,
139363,,,,0,14,,,,,,,<1391125>,<99>,<self:flagZ4() and 1 or 0>,,<0>,,,
139411,,,,,,enemyForce|nodead,"setSelectAttr({""damage"",""specialDamage""},""max"")|attr(""selectAttr"",""max"",1)",,,,,,,,,,139411,,
139412,,,,,,enemyForce|nodead,useOtherProcess(139411),,,,,<1394121>,<target:hasBuff(1394122) and 2 or 1>,<self:flagZ1() and 0.4 or 0.2>,,<0.5>,,,
139413,,,,,,enemyForce|nodead,useOtherProcess(139411),,,,,<1394125>,<1>,"<moreEqualThan(self:star(),8) and 1 or 0>",,<-10000>,,,
139421,,,,,,enemyForce|nodead,"setSelectAttr({""damage"",""specialDamage""},""max"")|attr(""selectAttr"",""max"",1)",,,,,,,,,,139421,,
139422,,,,,,enemyForce|nodead,useOtherProcess(139421),,,,,<1394121;1394122>,<1;99>,<self:flagZ2() and 1 or 0.6;1>,,<0.5;0>,,,
139423,,,,,,enemyForce|nodead,useOtherProcess(139421),,,,,<1394125>,<1>,"<moreEqualThan(self:star(),8) and 1 or 0>",,<-10000>,,,
139431,,,,,,enemyForce|nodead,"setSelectAttr({""damage"",""specialDamage""},""max"")|attr(""selectAttr"",""max"",1)",,,,,,,,,,139431,,
139432,,,,,,enemyForce|nodead,useOtherProcess(139431),,,,,,,,,,,,
139433,,,,,,enemyForce|nodead,useOtherProcess(139431),,,,,<1394123>,<1>,"<0.7+(moreEqualThan(self:star(),11) and 0.15 or 0)>",,<0.5>,,,
139434,,,,,,enemyForce|nodead,useOtherProcess(139431),,,,,<1394124>,<3>,<target:hasBuff(1394123) and 1 or 0>,,<0>,,,
139435,,,,,,enemyForce|nodead,useOtherProcess(139431),,,,,<1394125>,<1>,"<moreEqualThan(self:star(),8) and 1 or 0>",,<-10000>,,,
139436,,,,,,enemyForce|nodead,"buffDiffer('group',{c.groupstun_oc()})",,,,,<1394126>,<1>,"<moreE(self:star(),11) and 1 or 0>",,<self:curSkill():getTotalDamage()*(0.3+(self:flagZ3() and 0.3 or 0))>,,,
139461,,,,,,,,,,,,,,,,,,,
139511,,,,,,,,,,,,,,,,,139511,,
139512,,,,,,,,,,,,<1391121>,<1>,<(self:flagZ1() and 0.3 or 0.2)+self:getBuffOverlayCount(1391122)*(self:flagZ2() and 0.06 or 0.05)>,,<0>,,,
139521,,,,,,,,,,,,,,,,,139521,,
139522,,,,0,14,,,,,,,<1391122>,<99>,,,<0>,,,
139531,,,,,3,,,,,,,,,,,,139531,,
139532,,,,,3,,,,,,,,,,,,139532,,
139533,,,,,3,,,,,,,<1391121;1391123>,<1;2>,"<(self:flagZ3() and 0.4 or 0.25)+self:getBuffOverlayCount(1391122)*(self:flagZ2() and 0.06 or 0.05)+(moreE(self:star(),11) and 0.15 or 0);1>",,<0;0>,,,
139561,,,,,20,,,,,1,,<1391121>,<1>,<0.17+skillLevel*0.003-0.003+self:getBuffOverlayCount(1391122)*(self:flagZ2() and 0.06 or 0.05)>,,<0>,,,
139562,,,,,,enemyForce|nodead,otherProcessExcept(139561)|random(1),,,,,<1391121>,<1>,"<moreEqualThan(self:star(),8) and (0.47+self:getBuffOverlayCount(1391122)*(self:flagZ2() and 0.06 or 0.05)) or 0>",,<0>,,,
139563,,,,0,14,,,,,,,<1391125>,<99>,<self:flagZ4() and 1 or 0>,,<0>,,,
139611,,,,,,,,,,,,,,,,,139611,,
139612,,,,,,,,,,,,<1396111>,<1>,"<self:getBuffOverlayCount(1396121)*0.05+(lessE((self:hp()/self:hpMax()),0.5) and 0.37 or 0.17)>",,<0>,,,
139621,,,,,4,,,,,,,<1396123>,<2>,,,<-2000>,139621,,
139622,,,,0,14,,,,,,,<1396121>,<99>,,,<0>,,,
139631,,,,,3,,,,,,,,,,,,139631,,
139632,,,,,3,,,,,,,,,,,,,,
139633,,,,,3,,,,,,,<1396111;1396131>,<1;2>,"<self:getBuffOverlayCount(1396121)*0.05+(moreE(self:star(),11) and 0.37 or 0.22);1>",,<0;0>,,,
139634,,,,0,14,,,,,,,<1396133>,<1>,,,"<<list(1,0,0);1;1;1>>",,,
139635,,,,,11,,,,,,,<1396134>,<1>,<target:hasBuff(1396111) and 1 or 0>,,<0>,,,
139641,,,,0,11,,,,,,,<1396141;1396142;1396143>,<99;99;99>,<((target:cardID() == 771) or (target:cardID() == 771)) and 1 or 0;((target:cardID() == 771) or (target:cardID() == 771)) and 1 or 0;((target:cardID() == 771) or (target:cardID() == 771)) and 1 or 0>,,"<<-1;16>;<0;list(-1,16,-1,-1)>;2000>",,,
139661,,,,,20,,,,,1,,<1396111>,<1>,"<(countObjByNature(self:force(),1,16)+countObjByNature(self:force(),2,16))*((getNowRound()==1) and 0.1 or 0)+0.17+skillLevel*0.003-0.003+self:getBuffOverlayCount(1396121)*0.05>",,<0>,,,
139662,,,,,,enemyForce|nodead,otherProcessExcept(139661)|random(1),,,,,<1396111>,<1>,"<(countObjByNature(self:force(),1,16)+countObjByNature(self:force(),2,16))*((getNowRound()==1) and 0.1 or 0)+0.47+self:getBuffOverlayCount(1396121)*0.05>",,<0>,,,
139711,,,,,,,,,,,,,,,,,139711,,
139712,,,,,,,,,,,,<1396111>,<1>,"<self:getBuffOverlayCount(1396121)*0.05+(lessE((self:hp()/self:hpMax()),0.5) and 0.37 or 0.17)>",,<0>,,,
139721,,,,,4,,,,,,,<1396123>,<2>,,,<-2000>,139721,,
139722,,,,0,14,,,,,,,<1396121>,<99>,,,<0>,,,
139731,,,,,3,,,,,,,,,,,,139731,,
139732,,,,,3,,,,,,,,,,,,,,
139733,,,,,3,,,,,,,<1396111;1396131>,<1;2>,"<self:getBuffOverlayCount(1396121)*0.05+(moreE(self:star(),11) and 0.37 or 0.22);1>",,<0;0>,,,
139734,,,,0,14,,,,,,,<1396133>,<1>,,,"<<list(1,0,0);1;1;1>>",,,
139735,,,,,11,,,,,,,<1396134>,<1>,<target:hasBuff(1396111) and 1 or 0>,,<0>,,,
139741,,,,0,11,,,,,,,<1396141;1396142;1396143>,<99;99;99>,<((target:cardID() == 771) or (target:cardID() == 771)) and 1 or 0;((target:cardID() == 771) or (target:cardID() == 771)) and 1 or 0;((target:cardID() == 771) or (target:cardID() == 771)) and 1 or 0>,,"<<-1;16>;<0;list(-1,16,-1,-1)>;2000>",,,
139761,,,,,20,,,,,1,,<1396111>,<1>,"<(countObjByNature(self:force(),1,16)+countObjByNature(self:force(),2,16))*((getNowRound()==1) and 0.1 or 0)+0.17+skillLevel*0.003-0.003+self:getBuffOverlayCount(1396121)*0.05>",,<0>,,,
139762,,,,,,enemyForce|nodead,otherProcessExcept(139661)|random(1),,,,,<1396111>,<1>,"<(countObjByNature(self:force(),1,16)+countObjByNature(self:force(),2,16))*((getNowRound()==1) and 0.1 or 0)+0.47+self:getBuffOverlayCount(1396121)*0.05>",,<0>,,,
142111,,,,,,,,,,,,,,,,,142111,,
142112,,,,0,14,,,,,,,<1421121>,<2>,,,<self:defence()*(self:flagZ1() and 0.3 or 0.2)>,,,
142113,,,,,,,,,,,,<1421128>,<1>,,,<0>,,,
142121,,,,,,,,,,,,,,,,,142121,,
142122,,,,0,14,,,,,,,<1421122>,<1>,,,<self:hpMax()*(self:flagZ2() and 0.2 or 0.15)>,,,
142123,,,,,,,,,,,,<1421128>,<1>,,,<0>,,,
142131,,,,,,,,,,,,,,,,,142131,,
142132,,,,0,14,,,,,,,<1421123>,<1>,,,"<3000+1000*(moreEqualThan(self:star(),11) and 1 or 0)>",,,
142133,,,,0,14,,,,,,,<1421124;1421125>,<1;1>,"<1;moreEqualThan(self:star(),11) and 1 or 0>",,<0;0>,,,
142134,,,,,,,,,,,,<1421128>,<1>,,,<0>,,,
142161,,,,0,14,,,,,,,,,,,,,,
142211,,,,,,,,,,,,,,,,,142211,,
142212,,,,0,14,,,,,,,<1421121>,<2>,,,<self:defence()*(self:flagZ1() and 0.3 or 0.2)>,,,
142213,,,,,,,,,,,,<1421128>,<1>,,,<0>,,,
142221,,,,,,,,,,,,,,,,,142221,,
142222,,,,0,14,,,,,,,<1421122>,<1>,,,<self:hpMax()*(self:flagZ2() and 0.2 or 0.15)>,,,
142223,,,,,,,,,,,,<1421128>,<1>,,,<0>,,,
142231,,,,,,,,,,,,,,,,,142231,,
142232,,,,0,14,,,,,,,<1421123>,<1>,,,"<3000+1000*(moreEqualThan(self:star(),11) and 1 or 0)>",,,
142233,,,,0,14,,,,,,,<1421124;1421125>,<1;1>,"<1;moreEqualThan(self:star(),11) and 1 or 0>",,<0;0>,,,
142234,,,,,,,,,,,,<1421128>,<1>,,,<0>,,,
142261,,,,0,14,,,,,,,,,,,,,,
142311,,,,,,,,,,,,,,,,,142311,,
142312,,,,0,14,,,,,,,<1421121>,<2>,,,<self:defence()*(self:flagZ1() and 0.3 or 0.2)>,,,
142313,,,,,,,,,,,,<1421128>,<1>,,,<0>,,,
142321,,,,,,,,,,,,,,,,,142321,,
142322,,,,0,14,,,,,,,<1421122>,<1>,,,<self:hpMax()*(self:flagZ2() and 0.2 or 0.15)>,,,
142323,,,,,,,,,,,,<1421128>,<1>,,,<0>,,,
142331,,,,,,,,,,,,,,,,,142331,,
142332,,,,,,,,,,,,,,,,,,,
142333,,,,0,14,,,,,,,<1421123>,<1>,,,"<3000+1000*(moreEqualThan(self:star(),11) and 1 or 0)>",,,
142334,,,,0,14,,,,,,,<1421124;1421125>,<1;1>,"<1;moreEqualThan(self:star(),11) and 1 or 0>",,<0;0>,,,
142335,,,,,,,,,,,,<1421128>,<1>,,,<0>,,,
142361,,,,0,14,,,,,,,,,,,,,,
144111,,,,,,,,,,,,,,,,,144111,,
144112,,,,0,14,,,,,,,<1441226>,<2>,<self:flagZ1() and 1 or 0>,,<self:damage()*0.1>,,,
144113,,,,,,,,,,,,<1441313>,<1>,<self:hasBuff(1441316)and 1 or 0>,,"<-target:damage()*(0.05+(skillLv(14216,14226,14236) or 0)*0.0005-0.0005)>",,,
144114,,,,0,14,,,,,,,<1441317>,<1>,,,<1>,,,
144115,,,,,,selfForce,"buffDiffer('groupFilter',{{beDispel=1},{22}})|setSelectAttr({""damage"",""specialDamage""},""max"")|attr(""selectAttr"",""max"",1)",,,,,<1441321>,<1>,,,<0>,,,
144116,,,,,,selfForce,"otherProcessExcept(144115)|buffDiffer('groupFilter',{{beDispel=1},{22}})|setSelectAttr({""damage"",""specialDamage""},""max"")|attr(""selectAttr"",""max"",1)",,,,,<1441321>,<1>,<self:flagZ4() and 1 or 0>,,<0>,,,
144121,,,,,,,,,,,,,,,,,144121,,
144122,,,,,,,,,,,,<1441311>,<1>,<3>,,<-(self:flagZ2() and 2000 or 1500)>,,,
144123,,,,,,selfForce,"buffDiffer('groupFilter',{{beDispel=1},{22}})|setSelectAttr({""damage"",""specialDamage""},""max"")|attr(""selectAttr"",""max"",1)",,,,,<1441321>,<1>,,,<0>,,,
144124,,,,,,selfForce,"otherProcessExcept(144123)|buffDiffer('groupFilter',{{beDispel=1},{22}})|setSelectAttr({""damage"",""specialDamage""},""max"")|attr(""selectAttr"",""max"",1)",,,,,<1441321>,<1>,<self:flagZ4() and 1 or 0>,,<0>,,,
144131,,,,0,14,,,,,,,,,,,,,,
144132,,,,,,all|nodead,otherProcessExcept(144131)|random(11),,,,,<1441321>,<1>,,,<0>,144131,,
144133,,,,0,11,,,,,,,<1441312>,<1>,<0>,,"<moreE(self:star(),11) and 4000 or 2000>",,,
144161,,,,0,14,,,,,,,<1441314;1441318>,<99;99>,<1;1>,,<1;1>,,,
144162,,,,0,11,,,,,,,<1441320>,<99>,"<moreEqualThan(self:star(),8) and 1 or 0>",,<target:defence()*0.1>,,,
144211,,,,,,,,,,,,,,,,,144211,,
144212,,,,0,14,,,,,,,<1441226>,<2>,<self:flagZ1() and 1 or 0>,,<self:damage()*0.1>,,,
144213,,,,,,,,,,,,<1441313>,<1>,<self:hasBuff(1441316)and 1 or 0>,,"<-target:damage()*(0.05+(skillLv(14216,14226,14236) or 0)*0.0005-0.0005)>",,,
144214,,,,0,14,,,,,,,<1441317>,<1>,,,<1>,,,
144215,,,,,,selfForce,"buffDiffer('groupFilter',{{beDispel=1},{22}})|setSelectAttr({""damage"",""specialDamage""},""max"")|attr(""selectAttr"",""max"",1)",,,,,<1441321>,<1>,,,<0>,,,
144216,,,,,,selfForce,"otherProcessExcept(144215)|buffDiffer('groupFilter',{{beDispel=1},{22}})|setSelectAttr({""damage"",""specialDamage""},""max"")|attr(""selectAttr"",""max"",1)",,,,,<1441321>,<1>,<self:flagZ4() and 1 or 0>,,<0>,,,
144221,,,,,,,,,,,,,,,,,144221,,
144222,,,,,,,,,,,,<1441311>,<1>,<3>,,<-(self:flagZ2() and 2000 or 1500)>,,,
144223,,,,,,selfForce,"buffDiffer('groupFilter',{{beDispel=1},{22}})|setSelectAttr({""damage"",""specialDamage""},""max"")|attr(""selectAttr"",""max"",1)",,,,,<1441321>,<1>,,,<0>,,,
144224,,,,,,selfForce,"otherProcessExcept(144223)|buffDiffer('groupFilter',{{beDispel=1},{22}})|setSelectAttr({""damage"",""specialDamage""},""max"")|attr(""selectAttr"",""max"",1)",,,,,<1441321>,<1>,<self:flagZ4() and 1 or 0>,,<0>,,,
144231,,,,0,14,,,,,,,,,,,,,,
144232,,,,,,all|nodead,otherProcessExcept(144231)|random(11),,,,,,,,,,144231,,
144233,,,,,,all|nodead,otherProcessExcept(144231)|random(11),,,,,<1441321>,<1>,,,<0>,144232,,
144234,,,,0,11,,,,,,,<1441312>,<1>,<0>,,"<moreE(self:star(),11) and 4000 or 2000>",,,
144261,,,,0,14,,,,,,,<1441314;1441318>,<99;99>,<1;1>,,<1;1>,,,
144262,,,,0,11,,,,,,,<1441320>,<99>,"<moreEqualThan(self:star(),8) and 1 or 0>",,<target:defence()*0.1>,,,
144311,,,,,,,,,,,,,,,,,144311,,
144312,,,,0,14,,,,,,,<1441226>,<2>,<self:flagZ1() and 1 or 0>,,<self:damage()*0.1>,,,
144313,,,,,,,,,,,,<1441313>,<1>,<self:hasBuff(1441316)and 1 or 0>,,"<-target:damage()*(0.05+(skillLv(14216,14226,14236) or 0)*0.0005-0.0005)>",,,
144314,,,,0,14,,,,,,,<1441317>,<1>,,,<1>,,,
144315,,,,,,selfForce,"buffDiffer('groupFilter',{{beDispel=1},{22}})|setSelectAttr({""damage"",""specialDamage""},""max"")|attr(""selectAttr"",""max"",1)",,,,,<1441321>,<1>,,,<0>,,,
144316,,,,,,selfForce,"otherProcessExcept(144315)|buffDiffer('groupFilter',{{beDispel=1},{22}})|setSelectAttr({""damage"",""specialDamage""},""max"")|attr(""selectAttr"",""max"",1)",,,,,<1441321>,<1>,<self:flagZ4() and 1 or 0>,,<0>,,,
144321,,,,,,,,,,,,,,,,,144321,,
144322,,,,,,,,,,,,<1441311>,<1>,<3>,,<-(self:flagZ2() and 2000 or 1500)>,,,
144323,,,,,,selfForce,"buffDiffer('groupFilter',{{beDispel=1},{22}})|setSelectAttr({""damage"",""specialDamage""},""max"")|attr(""selectAttr"",""max"",1)",,,,,<1441321>,<1>,,,<0>,,,
144324,,,,,,selfForce,"otherProcessExcept(144323)|buffDiffer('groupFilter',{{beDispel=1},{22}})|setSelectAttr({""damage"",""specialDamage""},""max"")|attr(""selectAttr"",""max"",1)",,,,,<1441321>,<1>,<self:flagZ4() and 1 or 0>,,<0>,,,
144331,,,,0,14,,,,,,,,,,,,,,
144332,,,,,,all|nodead,otherProcessExcept(144331)|random(11),,,,,,,,,,144331,,
144333,,,,,,all|nodead,otherProcessExcept(144331)|random(11),,,,,<1441321>,<1>,,,<0>,144332,,
144334,,,,0,11,,,,,,,<1441312>,<1>,<0>,,"<moreE(self:star(),11) and 4000 or 2000>",,,
144361,,,,0,14,,,,,,,<1441314;1441318>,<99;99>,<1;1>,,<1;1>,,,
144362,,,,0,11,,,,,,,<1441320>,<99>,"<moreEqualThan(self:star(),8) and 1 or 0>",,<target:defence()*0.1>,,,
150111,,,,,,,,,,,,,,,,,150111,,
150112,,,,0,14,,,,,,,<1501201>,<2>,,,<self:defence()*(self:flagZ1() and 0.65 or 0.55)>,,,
150121,,,,,,,,,,,,,,,,,150121,,
150122,,,,,,,,,,,,<1501202;1501203>,<2;2>,<1;1>,,<0;self:flagZ2() and 2000 or 1000>,,,
150131,,,,,4,,,,,,,,,,,,150131,,
150132,,,,0,14,,,,,,,<1501205>,<2>,,,<self:defence()*0.7>,,,
150133,,,,0,11,,,,,,,<1501206>,<self:flagZ3() and 3 or 2>,,,"<self:defence()*(moreEqualThan(self:star(),11) and 3.5 or 3)>",,,
150161,,,,,,selfForce,"attr(""hp"",""min"",1)",,,,,<1501207>,<99>,,,<self:defence()*(1.35+skillLevel*0.01-0.01-target:getBuffOverlayCount(1501207)*0.15)>,,,
150162,,,,0,14,,,,,,,<1501208>,<99>,"<(moreE(self:star(),8) and (not self:hasBuff(1501207))) and 1 or 0>",,<self:defence()*(0.7+skillLevel*0.005-0.005)>,,,
150171,,,,,20,,,,,1,,<1501135;1501136;1501137>,<1;1;1>,<1;1;1>,,"<-target:defence()*(0.1+(skillLv(15016,15026,15036) or 0)*0.001-0.001);-target:specialDefence()*(0.1+(skillLv(15016,15026,15036) or 0)*0.001-0.001);1>",,,
150211,,,,,,,,,,,,,,,,,150211,,
150212,,,,0,14,,,,,,,<1501201>,<2>,,,<self:defence()*(self:flagZ1() and 0.65 or 0.55)>,,,
150221,,,,,,,,,,,,,,,,,150221,,
150222,,,,,,,,,,,,,,,,,150222,,
150223,,,,,,,,,,,,<1501202;1501203>,<2;2>,<1;1>,,<0;self:flagZ2() and 2000 or 1000>,,,
150231,,,,,4,,,,,,,,,,,,150231,,
150232,,,,,4,,,,,,,,,,,,150232,,
150233,,,,0,14,,,,,,,<1501205>,<2>,,,<self:defence()*0.7>,,,
150234,,,,0,11,,,,,,,<1501206>,<self:flagZ3() and 3 or 2>,,,"<self:defence()*(moreEqualThan(self:star(),11) and 3.5 or 3)>",,,
150261,,,,,,selfForce,"attr(""hp"",""min"",1)",,,,,<1501207>,<99>,,,<self:defence()*(1.35+skillLevel*0.01-0.01-target:getBuffOverlayCount(1501207)*0.15)>,,,
150262,,,,0,14,,,,,,,<1501208>,<99>,"<(moreE(self:star(),8) and (not self:hasBuff(1501207))) and 1 or 0>",,<self:defence()*(0.7+skillLevel*0.005-0.005)>,,,
150311,,,,,,,,,,,,,,,,,150311,,
150312,,,,0,14,,,,,,,<1501201>,<2>,,,<self:defence()*(self:flagZ1() and 0.65 or 0.55)>,,,
150321,,,,,,,,,,,,,,,,,150321,,
150322,,,,,,,,,,,,<1501202;1501203>,<2;2>,<1;1>,,<0;self:flagZ2() and 2000 or 1000>,,,
150331,,,,,4,,,,,,,,,,,,150331,,
150332,,,,,4,,,,,,,,,,,,,,
150333,,,,0,14,,,,,,,<1501205>,<2>,,,<self:defence()*0.7>,,,
150334,,,,0,11,,,,,,,<1501206>,<self:flagZ3() and 3 or 2>,,,"<self:defence()*(moreEqualThan(self:star(),11) and 3.5 or 3)>",,,
150361,,,,,,selfForce,"attr(""hp"",""min"",1)",,,,,<1501207>,<99>,,,<self:defence()*(1.35+skillLevel*0.01-0.01-target:getBuffOverlayCount(1501207)*0.15)>,,,
150362,,,,0,14,,,,,,,<1501208>,<99>,"<(moreE(self:star(),8) and (not self:hasBuff(1501207))) and 1 or 0>",,<self:defence()*(0.7+skillLevel*0.005-0.005)>,,,
150411,,,,,,,,,,,,,,,,,150411,,
150412,,,,0,14,,,,,,,<1504111;1504112>,<2;1>,"<1;lessE((self:hp()/self:hpMax()),0.6) and 1 or 0>",,<self:defence()*0.6;3000>,,,
150421,,,,,,,,,,,,<1504121>,<2>,,,<1000>,150421,,
150422,,,,0,14,,,,,,,<1504168>,<2>,,,<0>,,,
150431,,,,,4,,,,,,,,,,,,150431,,
150432,,,,,4,,,,,,,,,,,,150432,,
150433,,,,0,14,,,,,,,<1504131>,<2>,,,<self:defence()*0.8>,,,
150434,,,,0,11,,,,,,,<1504132>,<2>,,,<self:defence()*4*(self:hasBuff(1504168) and 1.3 or 1)>,,,
150435,,,,0,14,,,,,,,<1504123>,<1>,"<moreE(self:star(),11) and 1 or 0>",,<0>,,,
150461,,,,0,14,,,,,,,<1504161;1504166>,<99;99>,<1;1>,,<0;0>,,,
161111,,,,,,,,,,,,,,,,,161111,,
161112,,,,0,14,,,,,,,<1611227>,<2>,<self:flagZ1() and 1 or 0>,,<self:specialDamage()*0.1>,,,
161121,,,,,,,,,,,,,,,,,161121,,
161122,,,,0,14,,,,,,,<1611235;1611228>,<99;99>,<1;self:flagZ2() and 1 or 0>,,<self:specialDamage()*0.1;1000>,,,
161131,,,,,11,,,,,,,,,,,,161131,,
161161,,,,0,14,,,,,,,<1611231;1611236;1611238>,<99;99;99>,"<1;1;moreEqualThan(self:star(),8) and 1 or 0>",,<1;1;1>,,,
161211,,,,,,,,,,,,,,,,,161211,,
161212,,,,0,14,,,,,,,<1611227>,<2>,<self:flagZ1() and 1 or 0>,,<self:specialDamage()*0.1>,,,
161221,,,,,,,,,,,,,,,,,161221,,
161222,,,,0,14,,,,,,,<1611235;1611228>,<99;99>,<1;self:flagZ2() and 1 or 0>,,<self:specialDamage()*0.1;1000>,,,
161231,,,,,11,,,,,,,,,,,,161231,,
161261,,,,0,14,,,,,,,<1611231;1611236;1611238>,<99;99;99>,"<1;1;moreEqualThan(self:star(),8) and 1 or 0>",,<1;1;1>,,,
164111,,,,,,,,,,,,,,,,,164111,,
164121,,,,,,,,,,,,,,,,,164121,,
164122,,,,,,,,,,,,<1641211>,<1>,<0.6>,,<0.5>,,,
164131,,,,,,,,,,,,,,,,,164131,,
164132,,,,,,,,,,,,,,,,,164132,,
164133,,,,0,14,,,,,,,<1641311>,<1>,,,"<moreE(self:star(),11) and 6000 or 5000>",,,
164161,,,,0,14,,,,,,,<1641611;1641612>,<99;99>,"<1;moreE(self:star(),8) and 1 or 0>",,<(10+skillLv(16416)*0.1)*100;0>,,,
177111,,,,,,,,,,,,,,,,,177111,,
177112,,,,0,14,,,,,,,<177111>,<2>,,,<self:specialDefence()*0.35>,,,
177121,,,,,,,,,,,,,,,,,177121,,
177122,,,,,,enemyForce() | nodead,rowback|random(1),,,,,<177123>,<1>,,,<0>,,,
177131,,,,,11,,,,,,,<177135>,<1>,,,<-2000>,177131,,
177132,,,,,11,,,,,,,,,,,,177132,,
177133,,,,0,11,,,,,,,<177131>,<1>,,,"<min((self:specialDefence()*8),(self:specialDefence()*(4+(0.5*self:sumBuffOverlayByGroup(c.groupdebuffs_oc())))))>",,,
177134,,,,0,14,,,,,,,<177132>,<1>,,,<0>,,,
177136,,,,,,selfForce() | nodead,"buffDiffer('group',{c.groupstun_oc()})|random(2)",,,,,<177134>,<1>,"<moreE(self:star(),11) and 1 or 0>",,<0>,,,
177161,,,,,,selfForce() | nodead,exclude(list(csvSelf:id())),,,,,<177161>,<1>,,,<0>,,,
177171,,,,0,14,,,,,,,<177171>,<99>,"<moreE(self:star(),8) and 1 or 0>",,<0>,,,
177211,,,,,,,,,,,,,,,,,177211,,
177212,,,,0,14,,,,,,,<177111>,<2>,,,<self:specialDefence()*0.35>,,,
177221,,,,,,,,,,,,,,,,,177221,,
177222,,,,,,enemyForce() | nodead,rowback|random(1),,,,,<177123>,<1>,,,<0>,,,
177231,,,,,11,,,,,,,<177135>,<1>,,,<-2000>,177231,,
177232,,,,,11,,,,,,,,,,,,,,
177233,,,,0,11,,,,,,,<177131>,<1>,,,"<min((self:specialDefence()*8),(self:specialDefence()*(4+(0.5*self:sumBuffOverlayByGroup(c.groupdebuffs_oc())))))>",,,
177234,,,,0,14,,,,,,,<177132>,<1>,,,<0>,,,
177236,,,,,,selfForce() | nodead,"buffDiffer('group',{c.groupstun_oc()})|random(2)",,,,,<177134>,<1>,"<moreE(self:star(),11) and 1 or 0>",,<0>,,,
177261,,,,,,selfForce() | nodead,exclude(list(csvSelf:id())),,,,,<177161>,<1>,,,<0>,,,
177271,,,,0,14,,,,,,,<177171>,<99>,"<moreE(self:star(),8) and 1 or 0>",,<0>,,,
180111,,,,,,,,,,,,,,,,,180111,,
180112,,,,0,14,,,,,,,<1801133>,<2>,<self:flagZ1() and 1 or 0>,,<self:specialDamage()*0.1>,,,
180121,,,,,,,,,,,,,,,,,180121,,
180122,,,,0,14,,,,,,,<1801121>,<99>,,,<0>,,,
180131,,,,,,,,,,,,,,,,,180131,,
180132,,,,,,,,,,,,<1801122;1801128>,<1;99>,<target:hasBuff(1801126) and 1 or 0;target:hasBuff(1801126) and 1 or 0>,,"<list(list(1801126, 5));list(20)>",,,
180133,,,,,,,,,,,,<1801127>,<1>,"<target:hasBuff(1801126) and moreE(self:star(),11) and 1 or 0>",,<0>,,,
180161,,,,0,14,,,,,,,<1801124>,<99>,,,<0>,,,
180211,,,,,,,,,,,,,,,,,180211,,
180212,,,,0,14,,,,,,,<1801133>,<2>,<self:flagZ1() and 1 or 0>,,<self:specialDamage()*0.1>,,,
180221,,,,,,,,,,,,,,,,,180221,,
180222,,,,0,14,,,,,,,<1801121>,<99>,,,<0>,,,
180231,,,,,,,,,,,,,,,,,180231,,
180232,,,,,,,,,,,,,,,,,180232,,
180233,,,,,,,,,,,,<1801122;1801128>,<1;99>,<target:hasBuff(1801126) and 1 or 0;target:hasBuff(1801126) and 1 or 0>,,"<list(list(1801126, 5));list(20)>",,,
180234,,,,,,,,,,,,<1801127>,<1>,"<target:hasBuff(1801126) and moreE(self:star(),11) and 1 or 0>",,<0>,,,
180261,,,,0,14,,,,,,,<1801124>,<99>,,,<0>,,,
181111,,,,,,,,,,,,,,,,,181111,,
181112,,,,,,,,,,,,<1811121>,<1>,<self:flagZ1() and 0.4 or 0.3>,,<1815>,,,
181121,,,,,,,,,,,,,,,,,181121,,
181122,,,,,,,,,,,,<1811125;1811130;1811132>,<self:flagZ2() and 3 or 2;self:flagZ2() and 3 or 2;self:flagZ2() and 3 or 2>,"<1;1;moreEqualThan(self:star(),8) and 1 or 0>",,<1;<1;1;1>;1>,,,
181123,,,,0,14,,,,,,,<1811130>,<2>,,,<<1;0;1>>,,,
181131,,,,,2,,,,,,,,,,,,181131,,
181132,,,,,,,,,,,,<1811121>,<1>,<self:flagZ3() and 0.8 or 0.5>,,<1815>,,,
181133,,,,,,enemyForce | nodead,otherProcessExcept(181132)|rowfront,,,,,<1811121>,<1>,<0.5>,,<1815>,,,
181161,,,,0,14,,,,,,,,,,,,,,
181162,,,,,11,,,,,,,,,,,,,,
181211,,,,,,,,,,,,,,,,,181211,,
181212,,,,,,,,,,,,<1811121>,<1>,<self:flagZ1() and 0.4 or 0.3>,,<1815>,,,
181221,,,,,,,,,,,,,,,,,181221,,
181222,,,,,,,,,,,,<1811125;1811130;1811132>,<self:flagZ2() and 3 or 2;self:flagZ2() and 3 or 2;self:flagZ2() and 3 or 2>,"<1;1;moreEqualThan(self:star(),8) and 1 or 0>",,<1;<1;1;1>;1>,,,
181223,,,,0,14,,,,,,,<1811130>,<2>,,,<<1;0;1>>,,,
181231,,,,,2,,,,,,,,,,,,181231,,
181232,,,,,,,,,,,,<1811121>,<1>,<self:flagZ3() and 0.8 or 0.5>,,<1815>,,,
181233,,,,,,enemyForce | nodead,otherProcessExcept(181132)|rowfront,,,,,<1811121>,<1>,<0.5>,,<1815>,,,
181261,,,,0,14,,,,,,,,,,,,,,
181262,,,,,11,,,,,,,,,,,,,,
181311,,,,,,,,,,,,,,,,,181311,,
181312,,,,,,,,,,,,<1811121>,<1>,<self:flagZ1() and 0.4 or 0.3>,,<1815>,,,
181321,,,,,,,,,,,,,,,,,181321,,
181322,,,,,,,,,,,,<1811125;1811130;1811132>,<self:flagZ2() and 3 or 2;self:flagZ2() and 3 or 2;self:flagZ2() and 3 or 2>,"<1;1;moreEqualThan(self:star(),8) and 1 or 0>",,<1;<1;1;1>;1>,,,
181323,,,,0,14,,,,,,,<1811130>,<2>,,,<<1;0;1>>,,,
181331,,,,,2,,,,,,,,,,,,181331,,
181332,,,,,2,,,,,,,,,,,,,,
181333,,,,,,,,,,,,<1811121>,<1>,<self:flagZ3() and 0.8 or 0.5>,,<1815>,,,
181334,,,,,,enemyForce | nodead,otherProcessExcept(181132)|rowfront,,,,,<1811121>,<1>,<0.5>,,<1815>,,,
181361,,,,0,14,,,,,,,,,,,,,,
181362,,,,,11,,,,,,,,,,,,,,
184111,,,,,,,,,,,,,,,,,184111,,
184112,,,,,,,,,,,,<1841141>,<1>,,,<1>,,,
184121,,,,,,,,,,,,,,,,,184121,,
184122,,,,,,,,,,,,<1841144;1841160>,<99;99>,<1;1>,,<1;1>,,,
184131,,,,,4,,,,,,,,,,,,184131,,
184132,,,,,4,,,,,,,,,,,,,,
184133,,,,0,14,,,,,,,,,,,,,,
184134,,,,,4,,,,,,,<1841148>,<3>,,,<1>,,,
184161,,,,0,14,,,,,,,<1841150>,<99>,,,<1>,,,
185111,,,,,,,,,,,,,,,,,185111,,
185112,,,,0,14,,,,,,,<1851243>,<2>,<self:flagZ1() and  1 or 0>,,<self:specialDamage()*0.1>,,,
185121,,,,,,,,,,,,,,,,,185121,,
185122,,,,0,14,,,,,,,<1851211>,<self:flagZ2() and 3 or 2>,,,"<math.max(self:defence(),self:specialDefence())*2.5>",,,
185131,,,,,4,,,,,,,,,,,,185131,,
185132,,,,0,14,,,,,,,<1851212>,<1>,,,<1>,,,
185133,,,,0,14,,,,,,,<1851217>,<self:flagZ3() and 3 or 2>,,,"<(self:hasBuff(1851213) and  self:defence() or ( self:hasBuff(1851214) and self:specialDefence() or (   self:hasBuff(1851215) and self:damage() or self:specialDamage() ) ) )*(moreE(self:star(),11) and 2.2 or 1.8)>",,,
185161,,,,0,14,,,,,,,<1851218>,<1>,,,<1>,,,
185211,,,,,,,,,,,,,,,,,185211,,
185212,,,,0,14,,,,,,,<1851243>,<2>,<self:flagZ1() and  1 or 0>,,<self:specialDamage()*0.1>,,,
185221,,,,,,,,,,,,,,,,,185221,,
185222,,,,0,14,,,,,,,<1851211>,<self:flagZ2() and 3 or 2>,,,"<math.max(self:defence(),self:specialDefence())*2.5>",,,
185231,,,,,4,,,,,,,,,,,,185231,,
185232,,,,0,14,,,,,,,<1851212>,<1>,,,<1>,,,
185233,,,,0,14,,,,,,,<1851217>,<self:flagZ3() and 3 or 2>,,,"<(self:hasBuff(1851213) and  self:defence() or ( self:hasBuff(1851214) and self:specialDefence() or (   self:hasBuff(1851215) and self:damage() or self:specialDamage() ) ) )*(moreE(self:star(),11) and 2.2 or 1.8)>",,,
185261,,,,0,14,,,,,,,<1851218>,<1>,,,<1>,,,
185311,,,,,,,,,,,,,,,,,185311,,
185312,,,,0,14,,,,,,,<1851243>,<2>,<self:flagZ1() and  1 or 0>,,<self:specialDamage()*0.1>,,,
185321,,,,,,,,,,,,<1853211>,<1>,<target:hasBuffGroup(c.groupdebuffs_oc()) and 1 or 0>,,<target:hpMax()*(self:flagZ2() and 0.2 or 0.1)>,185321,,
185331,,,,,11,,,,,,,,,,,,185331,,
185332,,,,,11,,,,,,,<1853211>,<1>,"<(moreE(self:star(),11) and 0.2 or 0)+(more(self:speed(),target:speed())and 0.8 or 0)>",,<target:hpMax()*(self:flagZ2() and 0.2 or 0.1)>,185332,,
185333,,,,0,14,,,,,,,<1853212>,<self:flagZ3() and 2 or 1>,,,<<1;1;1>>,,,
185361,,,,0,14,,,,,,,<1853213>,<99>,,,<0>,,,
186111,,,,,,,,,,,,,,,,,186111,,
186112,,,,0,14,,,,,,,<1861131>,<2>,<self:flagZ1() and 1 or 0>,,<500>,,,
186121,,,,,,,,,,,,,,,,,186121,,
186122,,,,0,14,,,,,,,<1861121;1861122>,<1;1>,<1;1>,,<self:hpMax()*(self:flagZ2() and 0.15 or 0.1);self:hpMax()*(self:flagZ2() and 0.15 or 0.1)>,,,
186131,,,,,,,,,,,,,,,,,186131,,
186132,,,,0,14,,,,,,,<1861123>,<3>,,,<1>,,,
186133,,,,,,enemyForce|nodead,"setSelectAttr({""damage"",""specialDamage""},""max"")|attr(""selectAttr"",""max"",1)",,,,,<1861130>,<1>,"<moreEqualThan(self:star(),11) and 1 or 0>",,<0>,,,
186161,,,,0,14,,,,,,,<1861125;1861127;1861128>,<99;99;99>,"<1;1;moreEqualThan(self:star(),8) and 1 or 0>",,<1;1;0>,,,
186171,,,,,11,,,,,,,<1861115>,<1>,,,"<target:hasBuffGroup(26) and self:hpMax()*(0.04+(skillLv(1861, 1862, 1863) or 0)*0.0004)*1.5 or self:hpMax()*(0.04+(skillLv(1861, 1862, 1863) or 0)*0.0004)>",,,
186211,,,,,,,,,,,,,,,,,186211,,
186212,,,,0,14,,,,,,,<1861131>,<2>,<self:flagZ1() and 1 or 0>,,<500>,,,
186221,,,,,,,,,,,,,,,,,186221,,
186222,,,,0,14,,,,,,,<1861121;1861122>,<1;1>,<1;1>,,<self:hpMax()*(self:flagZ2() and 0.15 or 0.1);self:hpMax()*(self:flagZ2() and 0.15 or 0.1)>,,,
186231,,,,,,,,,,,,,,,,,186231,,
186232,,,,0,14,,,,,,,<1861123>,<3>,,,<1>,,,
186233,,,,,,enemyForce|nodead,"setSelectAttr({""damage"",""specialDamage""},""max"")|attr(""selectAttr"",""max"",1)",,,,,<1861130>,<1>,"<moreEqualThan(self:star(),11) and 1 or 0>",,<0>,,,
186261,,,,0,14,,,,,,,<1861125;1861127;1861128>,<99;99;99>,"<1;1;moreEqualThan(self:star(),8) and 1 or 0>",,<1;1;0>,,,
186311,,,,,,,,,,,,,,,,,186311,,
186312,,,,0,14,,,,,,,<1861131>,<2>,<self:flagZ1() and 1 or 0>,,<500>,,,
186321,,,,,,,,,,,,,,,,,186321,,
186322,,,,0,14,,,,,,,<1861121;1861122>,<1;1>,<1;1>,,<self:hpMax()*(self:flagZ2() and 0.15 or 0.1);self:hpMax()*(self:flagZ2() and 0.15 or 0.1)>,,,
186331,,,,,,,,,,,,,,,,,186331,,
186332,,,,0,14,,,,,,,<1861123>,<3>,,,<1>,,,
186333,,,,,,enemyForce|nodead,"setSelectAttr({""damage"",""specialDamage""},""max"")|attr(""selectAttr"",""max"",1)",,,,,<1861130>,<1>,"<moreEqualThan(self:star(),11) and 1 or 0>",,<0>,,,
186361,,,,0,14,,,,,,,<1861125;1861127;1861128>,<99;99;99>,"<1;1;moreEqualThan(self:star(),8) and 1 or 0>",,<1;1;0>,,,
189111,,,,,,,,,,,,<1891123>,<self:flagZ4() and 3 or 2>,,,<0>,189111,,
189112,,,,0,14,,,,,,,<1891121>,<self:flagZ1() and 3 or 2>,,,<self:damage()*(self:flagZ1() and 0.25 or 0.2)>,,,
189121,,,,,,,,,,,,,,,,,189121,,
189122,,,,,,,,,,,,<1891122;1891123>,<1;self:flagZ4() and 3 or 2>,<target:hasBuff(1891123) and 1 or 0;1>,,<(self:flag(99) and target:damage() or self:damage())*(self:flagZ2() and 0.8 or 0.6);0>,,,
189131,,,,,2,,,,,,,,,,,,189131,,
189132,,,,,2,,,,,,,,,,,,189132,,
189133,,,,,2,,,,,,,<1891129;1891130>,<1;1>,"<1;moreEqualThan(self:star(),11) and 1 or 0>",,<0;0>,,,
189134,,,,,2,,,,,,,<1891122;1891123>,<2;self:flagZ4() and 3 or 2>,<1;1>,,"<self:flag(99) and target:damage()*0.3*target:getBuffOverlayCount(1891123) or self:damage()*(0.3+(skillLv(18916,18926,18936) or 0)*0.002-0.002)*target:getBuffOverlayCount(1891123);0>",,,
189161,,,,,11,,,,,,,,<99>,<0>,,<0>,,,
189211,,,,,,,,,,,,<1891123>,<self:flagZ4() and 3 or 2>,,,<0>,189211,,
189212,,,,0,14,,,,,,,<1891121>,<self:flagZ1() and 3 or 2>,,,<self:damage()*(self:flagZ1() and 0.25 or 0.2)>,,,
189221,,,,,,,,,,,,,,,,,189221,,
189222,,,,,,,,,,,,<1891122;1891123>,<1;self:flagZ4() and 3 or 2>,<target:hasBuff(1891123) and 1 or 0;1>,,<(self:flag(99) and target:damage() or self:damage())*(self:flagZ2() and 0.8 or 0.6);0>,,,
189231,,,,,2,,,,,,,,,,,,189231,,
189232,,,,,2,,,,,,,,,,,,189232,,
189233,,,,,2,,,,,,,<1891129;1891130>,<1;1>,"<1;moreEqualThan(self:star(),11) and 1 or 0>",,<0;0>,,,
189234,,,,,2,,,,,,,<1891122;1891123>,<2;self:flagZ4() and 3 or 2>,<1;1>,,"<self:flag(99) and target:damage()*0.3*target:getBuffOverlayCount(1891123) or self:damage()*(0.3+(skillLv(18916,18926,18936) or 0)*0.002-0.002)*target:getBuffOverlayCount(1891123);0>",,,
189261,,,,,11,,,,,,,,<99>,<0>,,<0>,,,
189311,,,,,,,,,,,,<1891123>,<self:flagZ4() and 3 or 2>,,,<0>,189311,,
189312,,,,0,14,,,,,,,<1891121>,<self:flagZ1() and 3 or 2>,,,<self:damage()*(self:flagZ1() and 0.25 or 0.2)>,,,
189321,,,,,,,,,,,,,,,,,189321,,
189322,,,,,,,,,,,,<1891122;1891123>,<1;self:flagZ4() and 3 or 2>,<target:hasBuff(1891123) and 1 or 0;1>,,<(self:flag(99) and target:damage() or self:damage())*(self:flagZ2() and 0.8 or 0.6);0>,,,
189331,,,,,2,,,,,,,,,,,,189331,,
189332,,,,,2,,,,,,,,,,,,,,
189333,,,,,2,,,,,,,<1891129;1891130>,<1;1>,"<1;moreEqualThan(self:star(),11) and 1 or 0>",,<0;0>,,,
189334,,,,,2,,,,,,,<1891122;1891123>,<2;self:flagZ4() and 3 or 2>,<1;1>,,"<self:flag(99) and target:damage()*0.3*target:getBuffOverlayCount(1891123) or self:damage()*(0.3+(skillLv(18916,18926,18936) or 0)*0.002-0.002)*target:getBuffOverlayCount(1891123);0>",,,
189361,,,,,11,,,,,,,,<99>,<0>,,<0>,,,
190111,,,,,,,,,,,,,,,,,190111,,
190112,,,,0,14,,,,,,,<1901111>,<3>,,,<self:flagZ1() and 2 or 1>,,,
190121,,,,,,,,,,,,,,,,,190121,,
190122,,,,,3,,,,,,,<1901112>,<1>,,,<0>,,,
190123,,,,0,14,,,,,,,<1901113;1901122>,<1;1>,<1;self:flagZ2() and 1 or 0>,,<self:defence()*1;2000>,,,
190131,,,,,2,,,,,,,,,,,,190131,,
190132,,,,0,14,,,,,,,<1901114;1901118;1901119;1901121>,<1;1;1;2>,"<moreThan(self:mp1PointOrValue(),0) and 1 or 0;1;moreEqualThan(self:star(),11) and 1 or 0;moreEqualThan(self:star(),11) and 1 or 0>",,<(self:flagZ3() and 5000 or 4000)*self:mp1PointOrValue();0;300;2000>,,,
190161,,,,0,14,,,,,,,<1901115;1901116>,<99;99>,<1;1>,,"<list(1,100,4);0>",,,
190211,,,,,,,,,,,,,,,,,190211,,
190212,,,,0,14,,,,,,,<1901111>,<3>,,,<self:flagZ1() and 2 or 1>,,,
190221,,,,,,,,,,,,,,,,,190221,,
190222,,,,,3,,,,,,,<1901112>,<1>,,,<0>,,,
190223,,,,0,14,,,,,,,<1901113;1901122>,<1;1>,<1;self:flagZ2() and 1 or 0>,,<self:defence()*1;2000>,,,
190231,,,,,2,,,,,,,,,,,,190231,,
190232,,,,,2,,,,,,,,,,,,190232,,
190233,,,,0,14,,,,,,,<1901114;1901118;1901119;1901121>,<1;1;1;2>,"<moreThan(self:mp1PointOrValue(),0) and 1 or 0;1;moreEqualThan(self:star(),11) and 1 or 0;moreEqualThan(self:star(),11) and 1 or 0>",,<(self:flagZ3() and 5000 or 4000)*self:mp1PointOrValue();0;300;2000>,,,
190261,,,,0,14,,,,,,,<1901115;1901116>,<99;99>,<1;1>,,"<list(1,100,4);0>",,,
190311,,,,,,,,,,,,,,,,,190311,,
190312,,,,0,14,,,,,,,<1901111>,<3>,,,<self:flagZ1() and 2 or 1>,,,
190321,,,,,,,,,,,,,,,,,190321,,
190322,,,,,3,,,,,,,<1901112>,<1>,,,<0>,,,
190323,,,,0,14,,,,,,,<1901113;1901122>,<1;1>,<1;self:flagZ2() and 1 or 0>,,<self:defence()*1;2000>,,,
190331,,,,,2,,,,,,,,,,,,190331,,
190332,,,,,2,,,,,,,,,,,,,,
190333,,,,0,14,,,,,,,<1901114;1901118;1901119;1901121>,<1;1;1;2>,"<moreThan(self:mp1PointOrValue(),0) and 1 or 0;1;moreEqualThan(self:star(),11) and 1 or 0;moreEqualThan(self:star(),11) and 1 or 0>",,<(self:flagZ3() and 5000 or 4000)*self:mp1PointOrValue();0;300;2000>,,,
190361,,,,0,14,,,,,,,<1901115;1901116>,<99;99>,<1;1>,,"<list(1,100,4);0>",,,
191111,,,,,,,,,,,,,,,,,191111,,
191112,,,,0,14,,,,,,,<1911121>,<self:flagZ1() and 3 or 2>,,,<self:defence()*0.6>,,,
191121,,,,,,,,,,,,,,,,,191121,,
191122,,,,,,,,,,,,,,,,,,,
191123,,,,0,14,,,,,,,<1911122>,<1>,,,<1>,,,
191131,,,,,11,,,,,,,,,,,,191131,,
191132,,,,,11,,,,,,,,,,,,,,
191133,,,,,11,,,,,,,<1911130;1911124;1911129>,<1;1;1>,<0.4;target:hasBuff(1911130) and 1 or 0;target:hasBuff(1911130) and 0 or 1>,,<1;1;1>,,,
191134,,,,0,14,,,,,,,<1911127;1911134>,<1;99>,"<moreE(self:star(),11) and 1 or 0;self:flagZ3() and 1 or 0>",,<1;1>,,,
191141,,,,,,selfForce,exclude(list(csvSelf:id()))|selfColumn,,,,,<1911131;1911135>,<99;99>,<self:frontOrBack()==1 and 1 or 0;self:flagZ4() and 1 or 0>,,<2500+(skillLv(19116) or 0)*20-20;0>,,,
191161,,,,0,14,,,,,,,<1911132>,<99>,,,<1>,,,
191162,,,,0,14,,,,,,,<1911125>,<99>,"<moreE(self:star(),8) and 1 or 0>",,<1>,,,
192111,,,,,,,,,,,,,,,,,192111,,
192112,,,,0,14,,,,,,,<1921121>,<self:flagZ1() and 3 or 2>,,,<self:specialDefence()*0.6>,,,
192121,,,,,,,,,,,,,,,,,192121,,
192122,,,,0,14,,,,,,,<1921122;1921123>,<1;1>,<1;self:flagZ2() and 1 or 0>,,<0;1000>,,,
192131,,,,,11,,,,,,,,,,,,192131,,
192132,,,,,11,,,,,,,,,,,,192132,,
192133,,,,0,14,,,,,,,<1921123;1921124;1921126;1921132>,<1;2;2;1>,<0;1;1;1>,,<10000;0;<1>;(1+(skillLv(19216) or 0)*0.01-0.01)*1.5>,,,
192161,,,,0,11,,,,,,,<1921128>,<1>,<(target:nature(1)==6 or target:nature(2)==6) and 1 or 0>,,<self:specialDefence()*(self:flagZ4() and 1.2 or 1)>,,,
192162,,,,0,14,,,,,,,<1921130;1921131>,<99;99>,"<moreE(self:star(),8) and 1 or 0;1>",,<<1;1>;0>,,,
193111,,,,,,,,,,,,,,,,,193111,,
193112,,,,0,14,,,,,,,<1931121;1931122>,<2;2>,<1;1>,,<self:defence()*0.3;self:specialDefence()*0.3>,,,
193121,,,,,4,,,,,,,,,,,,193121,,
193122,,,,0,14,,,,,,,<1931123>,<1>,,,<0>,,,
193131,,,,,,enemyForce|nodead,hpRatioMin,,,,,,,,,,193131,,
193132,,,,,,enemyForce|nodead,hpRatioMin,,,,,,,,,,,,
193133,,,,,,enemyForce|nodead,hpRatioMin,,,,,<1931130;1931133>,<1;1>,"<self:hasBuff(1931131) and 1 or 0;(moreE(self:star(),11) and lessThan(target:hp()/target:hpMax(),0.35) and lessThan(target:hp(),self:hpMax()*5)) and 0.5 or 0>",,<self:hasBuff(1931131) and self:getBuff(1931131):getValue()*0.2 or 0;0>,,,
193161,,,,,,,,,,,,<1931124;1931125;1931129>,<99;99;99>,<1;1;1>,,"<2000+skillLevel*10-10+10*to10(moreE(self:star(),8));0;0>",,,
194111,,,,,,,,,,,,,,,,,194111,,
194112,,,,0,14,,,,,,,<1941101>,<3>,,,<self:flagZ1() and 2500 or 2000>,,,
194121,,,,,,,,,,,,,,,,,194121,,
194122,,,,,,selfForce | nodead,hpRatioMin,,,,,<1941201;1941202;1941203>,<1;1;1>,<1;1;1>,,<0;0;0>,,,
194123,,,,,,selfForce | nodead,useOtherProcess(194122),,,,,<1941205>,<1>,,,<self:specialDamage()*(self:flagZ2() and 2.3 or 2)*(1-0.2*self:getBuffOverlayCount(1941204))>,,,
194131,,,,,2,,,,,,,,,,,,194131,,
194132,,,,,2,,,,,,,,,,,,,,
194133,,,,,3,,,,,,,<1941301>,<3>,,,<-target:specialDamage()*0.3>,,,
194134,,,,0,11,,,,,,,<1941205>,<1>,"<moreE(self:star(),11) and 1 or 0>",,<self:specialDamage()*(self:flagZ3() and 1.5 or 1)*(target:flag(195) and 2 or 1)>,,,
194141,,,,,11,,,,,,,,,,,,194141,,
194142,,,,,11,,,,,,,,,,,,194142,,
194143,,,,,,,,,,,,<1941402>,<1>,,,<0>,,,
194144,,,,0,11,,,,,,,<1941205;1941401;1951302>,<1;5;1>,"<moreE(self:star(),11) and 1 or 0;1;self:flagZ3() and 1 or 0>",,<self:specialDamage()*(target:flag(195) and 2 or 1);0;0>,,,
194145,,,,0,14,,,,,,,<1941621>,<99>,"<moreE(self:star(),11) and 1 or 0>",,<0>,,,
194161,,,,0,14,,,,,,,<1941601>,<2>,,,<0>,,,
195111,,,,,,,,,,,,,,,,,195111,,
195112,,,,0,14,,,,,,,<1951101>,<3>,,,<self:speed()*(self:flagZ1() and 0.15 or 0.1)>,,,
195121,,,,,,,,,,,,,,,,,195121,,
195122,,,,,,,,,,,,<1951201>,<1>,,,<0>,,,
195131,,,,,3,,,,,,,,,,,,195131,,
195132,,,,,,,,,,,,,,,,,,,
195133,,,,,2,,,,,,,<1951301>,<3>,,,<-target:specialDefence()*0.45>,,,
195134,,,,0,14,,,,,,,<1951621>,<1>,"<moreE(self:star(),11) and 1 or 0>",,<0>,,,
195135,,,,0,11,,,,,,,<1951302>,<1>,<self:flagZ3() and 1 or 0>,,<0>,,,
195141,,,,,11,,,,,,,,,,,,195141,,
195142,,,,,11,,,,,,,,,,,,195142,,
195143,,,,,,,,,,,,<1941402>,<1>,,,<0>,,,
195144,,,,0,11,,,,,,,<1941205;1941401;1951302>,<1;5;1>,"<moreE(self:star(),11) and 1 or 0;1;self:flagZ3() and 1 or 0>",,<self:specialDamage()*(target:flag(195) and 2 or 1);0;0>,,,
195145,,,,0,14,,,,,,,<1951621>,<99>,"<moreE(self:star(),11) and 1 or 0>",,<0>,,,
195161,,,,0,14,,,,,,,<1951601>,<2>,,,<<1;1;1>>,,,
195162,,,,0,14,,,,,,,<1951611>,<99>,,,"<min(self:Aspeed()/self:Bspeed()*20000,120000)>",,,
196111,,,,,,,,,,,,,,,,,196111,,
196112,,,,,,selfForce|nodead,"buffDiffer('groupFilter',{{beDispel=1},{c.groupdebuffs_oc()}})|random(1)",,,,,<1961121>,<1>,,,<1>,,,
196113,,,,0,14,,,,,,,<1961147>,<2>,<self:flagZ1() and 1 or 0>,,<2000>,,,
196121,,,,,,enemyForce|nodead,random(3),,,,,,,,,,196121,,
196122,,,,0,14,,,,,,,<1961122;1961135>,<2;2>,<1;1>,,<2500;1>,,,
196123,,,,,,selfForce|nodead,"exclude(list(csvSelf:id()))|setSelectAttr({'damage','specialDamage'},'max')|attr('selectAttr','max',1)",,,,,<1961122;1961135>,<2;2>,<1;1>,,<2500;1>,,,
196131,,,,,,,,,,,,<1961126;1961126>,<1;1>,"<moreEqualThan(self:star(),11) and 1 or 0;moreEqualThan(self:star(),11) and 0.5 or 0>",,<1;1>,196131,,
196132,,,,,,enemyForce|nodead,otherProcessExcept(196131)|random(1),,,,,<1961126;1961126>,<1;1>,"<moreEqualThan(self:star(),11) and 1 or 0;moreEqualThan(self:star(),11) and 0.5 or 0>",,<1;1>,196132,"{needUpdateTarget=True;prob=(countForceFilterNum(target:force(),owner,c.filterLevel1())>1 and 1 or 0)}",
196133,,,,,,enemyForce|nodead,otherProcessExcept(196132)|random(1),,,,,<1961126;1961126>,<1;1>,"<moreEqualThan(self:star(),11) and 1 or 0;moreEqualThan(self:star(),11) and 0.5 or 0>",,<1;1>,196133,"{needUpdateTarget=True;prob=(countForceFilterNum(target:force(),owner,c.filterLevel1())>1 and 1 or 0)}",
196134,,,,,,enemyForce|nodead,otherProcessExcept(196133)|random(1),,,,,<1961126;1961126>,<1;1>,"<moreEqualThan(self:star(),11) and 1 or 0;moreEqualThan(self:star(),11) and 0.5 or 0>",,<1;1>,196134,"{needUpdateTarget=True;prob=(countForceFilterNum(target:force(),owner,c.filterLevel1())>1 and 1 or 0)}",
196135,,,,,,enemyForce|nodead,otherProcessExcept(196134)|random(1),,,,,<1961126;1961126>,<1;1>,"<moreEqualThan(self:star(),11) and 1 or 0;moreEqualThan(self:star(),11) and 0.5 or 0>",,<1;1>,196135,"{needUpdateTarget=True;prob=(countForceFilterNum(target:force(),owner,c.filterLevel1())>1 and 1 or 0)}",
196136,,,,,,enemyForce|nodead,otherProcessExcept(196135)|random(1),,,,,<1961126;1961126>,<1;1>,"<moreEqualThan(self:star(),11) and 1 or 0;moreEqualThan(self:star(),11) and 0.5 or 0>",,<1;1>,196136,"{needUpdateTarget=True;prob=(countForceFilterNum(target:force(),owner,c.filterLevel1())>1 and 1 or 0)}",
196137,,,,,,enemyForce|nodead,"useOtherProcess(196131,196132,196133,196134,196135,196136)",,,,,,,,,,196137,{needUpdateTarget=True},
196138,,,,,11,,,,,,,,,,,,,,
196139,,,,0,14,,,,,,,<1961137;1961133>,<1;1>,<1;self:flagZ3() and 1 or 0>,,<1;1>,,,
196141,,,,0,14,,,,,,,<1961133;1961139>,<1;1>,<1;1>,,<1;1>,,,
196151,,,,0,14,,,,,,,,<1>,,,<1>,,,
196161,,,,0,14,,,,,,,<1961124;1961134;1961138>,<99;99;99>,<1;1;1>,,<6000+skillLevel*30-30;0;self:flagZ4() and (2000+skillLevel*10-10) or (1000+skillLevel*8-8)>,,,
196162,,,,,,enemyForce,"buffDifferExclude('group',{c.egg_fly_bingzhu_oc()})|attr(""strike"",""max"",1)",,,,,<1961130;1961131>,<99;99>,"<moreEqualThan(self:star(),8) and 1 or 0;moreEqualThan(self:star(),8) and 1 or 0>",,<-0.15;-1500>,,,
196163,,,,,,selfForce|nodead,near|exclude(list(csvSelf:id())),,,,,<1961138>,<99>,,,<self:flagZ4() and (1000+skillLevel*5-5) or (500+skillLevel*4-4)>,,,
196211,,,,,,,,,,,,,,,,,196211,,
196212,,,,,,selfForce|nodead,"buffDiffer('groupFilter',{{beDispel=10},{c.groupdebuffs_oc()}})|random(1)",,,,,<1962513>,<1>,,,<1>,,,
196213,,,,0,14,,,,,,,<1962511;1962512>,<2;2>,<1;1>,,<2000+500*(self:flagZ1() and 1 or 0);1500+500*(self:flagZ1() and 1 or 0)>,,,
196214,,,,,,enemyForce|nodead,otherProcessExcept(196211)|random(1),,,,,,,,,,,"{needUpdateTarget=True;prob=((more(countForceFilterNum(target:force(),owner,c.filterLevel1()),1) and self:flagZ1()) and 1 or 0)}",
196221,,,,,4,,,,,,,,,,,,196221,,
196222,,,,0,14,,,,,,,<1962611;1962511>,<self:hasBuff(1962127) and 3 or 2;1>,<1;self:flagZ2() and 1 or 0>,,<2500;0>,,,
196223,,,,,,selfForce|nodead,"exclude(list(csvSelf:id()))|setSelectAttr({'damage','specialDamage'},'max')|attr('selectAttr','max',(csvSelf:flagZ2() and 2 or 1))",,,,,<1962611>,<self:hasBuff(1962127) and 3 or 2>,,,<2500>,,,
196224,,,,,,selfForce|nodead,"exclude(list(csvSelf:id()))|setSelectAttr({'damage','specialDamage'},'max')|attr('selectAttr','max',(csvSelf:flagZ2() and 2 or 1))",,,,,<1962617>,<self:hasBuff(1962127) and 2 or 1>,,,<1>,,,
196225,,,,,4,,,,,,,<1962655>,<1>,<self:flagZ2() and 1 or 0>,,<1>,,,
196231,,,,,,,,,,,,<1962751>,<1>,,,<1>,196231,,
196232,,,,,,enemyForce|nodead,otherProcessExcept(196231)|random(1),,,,,<1962751>,<1>,,,<1>,196232,"{needUpdateTarget=True;prob=(countForceFilterNum(target:force(),owner,c.filterLevel1())>1 and 1 or 0)}",
196233,,,,,,enemyForce|nodead,otherProcessExcept(196232)|random(1),,,,,<1962751>,<1>,,,<1>,196233,"{needUpdateTarget=True;prob=(countForceFilterNum(target:force(),owner,c.filterLevel1())>1 and 1 or 0)}",
196234,,,,,,enemyForce|nodead,otherProcessExcept(196233)|random(1),,,,,<1962751>,<1>,,,<1>,196234,"{needUpdateTarget=True;prob=(countForceFilterNum(target:force(),owner,c.filterLevel1())>1 and 1 or 0)}",
196235,,,,,,enemyForce|nodead,otherProcessExcept(196234)|random(1),,,,,<1962751>,<1>,,,<1>,196235,"{needUpdateTarget=True;prob=(countForceFilterNum(target:force(),owner,c.filterLevel1())>1 and 1 or 0)}",
196236,,,,,,enemyForce|nodead,otherProcessExcept(196235)|random(1),,,,,<1962751>,<1>,,,<1>,196236,"{needUpdateTarget=True;prob=(countForceFilterNum(target:force(),owner,c.filterLevel1())>1 and 1 or 0)}",
196237,,,,,,enemyForce|nodead,"useOtherProcess(196231,196232,196233,196234,196235,196236)",,,,,,,,,,196237,{needUpdateTarget=True},
196238,,,,,11,,,,,,,,,,,,196238,,
196239,,,,0,14,,,,,,,<1962711>,<1>,,,<1>,,,
196241,,,,0,14,,,,,,,<1962427;1962428>,<1;1>,<1;1>,,<1;1>,,,
196251,,,,0,14,,,,,,,<1962421;1962112;1962121;1962425;1962461;1962220;1962812;1962822>,<99;99;99;99;99;99;99;99>,<1;1;1;1;1;1;self:flagZ4() and 1 or 0;self:flagZ4() and 1 or 0>,,<1;1;1;1;1;1;0;0>,,,
196252,,,,0,11,,,,,,,<1962223;1962161>,<99;99>,<1;1>,,<1;0>,,,
196261,,,,0,11,,,,,,,<1962111>,<99>,<(target:nature(1) ==3 or target:nature(2) ==3) and 1 or 0>,,<1>,,,
196262,,,,0,14,,,,,,,<1962221;1962222;1962233;1962116>,<99;99;99;99>,<1;1;1;1>,,<6000+skillLevel*20-20;1500+skillLevel*15-15;1500+skillLevel*15-15;0>,,,
196263,,,,,,selfForce|nodead,near|exclude(list(csvSelf:id())),,,,,<1962221;1962222;1962233>,<99;99;99>,<1;1;1>,,<(6000+skillLevel*20-20)*((target:nature(1) ==3 or target:nature(2) ==3) and 0.65 or 0.5);(1500+skillLevel*15-15)+((target:nature(1) ==3 or target:nature(2) ==3) and 0.65 or 0.5);(1500+skillLevel*15-15)+((target:nature(1) ==3 or target:nature(2) ==3) and 0.65 or 0.5)>,,,
196264,,,,,,enemyForce,"buffDifferExclude('group',{c.egg_fly_bingzhu_oc()})|attr(""strike"",""max"",2)",,,,,<1962451;1962452>,<99;99>,<1;1>,,<-0.15;-2000>,,,
196271,,,,,,,,,,,,<1962463>,<1>,,,<-target:speed()*0.1>,196271,,
196272,,,,,,enemyForce|nodead,otherProcessExcept(196271)|random(1),,,,,<1962463>,<1>,,,<-target:speed()*0.1>,196272,"{needUpdateTarget=True;prob=(countForceFilterNum(target:force(),owner,c.filterLevel1())>1 and 1 or 0)}",
196273,,,,,,selfForce|nodead,"buffDiffer('groupFilter',{{beDispel=10},{c.groupdebuffs_oc()}})|random(1)",,,,,,<1>,<0>,,<1>,,,
196274,,,,0,14,,,,,,,,<2;2>,<0;0>,,<2000;1500>,,,
196281,,,,,4,,,,,,,,,,,,196281,,
196282,,,,,4,,,,,,,<1962229>,<1>,,,<self:specialDamage()*0.4>,,,
196283,,,,0,14,,,,,,,,,,,,,,
196291,,,,0,11,,,,,,,<1962130>,<99>,<(target:nature(1) ==3 or target:nature(2) ==3) and 1 or 0>,,<1>,,,
196292,,,,0,14,,,,,,,<1962461>,<99>,,,<1>,,,
196311,,,,,,,,,,,,,,,,,196311,,
196312,,,,,,selfForce|nodead,"buffDiffer('groupFilter',{{beDispel=10},{c.groupdebuffs_oc()}})|random(1)",,,,,<1962513>,<1>,,,<1>,,,
196313,,,,0,14,,,,,,,<1962511;1962512>,<2;2>,<1;1>,,<2000+500*(self:flagZ1() and 1 or 0);1500+500*(self:flagZ1() and 1 or 0)>,,,
196314,,,,,,enemyForce|nodead,otherProcessExcept(196311)|random(1),,,,,,,,,,,"{needUpdateTarget=True;prob=((more(countForceFilterNum(target:force(),owner,c.filterLevel1()),1) and self:flagZ1()) and 1 or 0)}",
196321,,,,,4,,,,,,,,,,,,196321,,
196322,,,,0,14,,,,,,,<1962611;1962511>,<self:hasBuff(1962127) and 3 or 2;1>,<1;self:flagZ2() and 1 or 0>,,<2500;0>,,,
196323,,,,,,selfForce|nodead,"exclude(list(csvSelf:id()))|setSelectAttr({'damage','specialDamage'},'max')|attr('selectAttr','max',(csvSelf:flagZ2() and 2 or 1))",,,,,<1962611>,<self:hasBuff(1962127) and 3 or 2>,,,<2500>,,,
196324,,,,,,selfForce|nodead,"exclude(list(csvSelf:id()))|setSelectAttr({'damage','specialDamage'},'max')|attr('selectAttr','max',(csvSelf:flagZ2() and 2 or 1))",,,,,<1962617>,<self:hasBuff(1962127) and 2 or 1>,,,<1>,,,
196325,,,,,4,,,,,,,<1962655>,<1>,<self:flagZ2() and 1 or 0>,,<1>,,,
196331,,,,,,,,,,,,<1962751>,<1>,,,<1>,196331,,
196332,,,,,,enemyForce|nodead,otherProcessExcept(196331)|random(1),,,,,<1962751>,<1>,,,<1>,196332,"{needUpdateTarget=True;prob=(countForceFilterNum(target:force(),owner,c.filterLevel1())>1 and 1 or 0)}",
196333,,,,,,enemyForce|nodead,otherProcessExcept(196332)|random(1),,,,,<1962751>,<1>,,,<1>,196333,"{needUpdateTarget=True;prob=(countForceFilterNum(target:force(),owner,c.filterLevel1())>1 and 1 or 0)}",
196334,,,,,,enemyForce|nodead,otherProcessExcept(196333)|random(1),,,,,<1962751>,<1>,,,<1>,196334,"{needUpdateTarget=True;prob=(countForceFilterNum(target:force(),owner,c.filterLevel1())>1 and 1 or 0)}",
196335,,,,,,enemyForce|nodead,otherProcessExcept(196334)|random(1),,,,,<1962751>,<1>,,,<1>,196335,"{needUpdateTarget=True;prob=(countForceFilterNum(target:force(),owner,c.filterLevel1())>1 and 1 or 0)}",
196336,,,,,,enemyForce|nodead,otherProcessExcept(196335)|random(1),,,,,<1962751>,<1>,,,<1>,196336,"{needUpdateTarget=True;prob=(countForceFilterNum(target:force(),owner,c.filterLevel1())>1 and 1 or 0)}",
196337,,,,,,enemyForce|nodead,"useOtherProcess(196331,196332,196333,196334,196335,196336)",,,,,,,,,,196337,{needUpdateTarget=True},
196338,,,,,11,,,,,,,,,,,,196338,,
196339,,,,0,14,,,,,,,<1962711>,<1>,,,<1>,,,
196341,,,,0,14,,,,,,,<1962427;1962428>,<1;1>,<1;1>,,<1;1>,,,
196351,,,,0,14,,,,,,,<1962421;1962112;1962121;1962425;1962461;1962220;1962812;1962822>,<99;99;99;99;99;99;99;99>,<1;1;1;1;1;1;self:flagZ4() and 1 or 0;self:flagZ4() and 1 or 0>,,<1;1;1;1;1;1;0;0>,,,
196352,,,,0,11,,,,,,,<1962223;1962161>,<99;99>,<1;1>,,<1;0>,,,
196361,,,,0,11,,,,,,,<1962111>,<99>,<(target:nature(1) ==3 or target:nature(2) ==3) and 1 or 0>,,<1>,,,
196362,,,,0,14,,,,,,,<1962221;1962222;1962233;1962116>,<99;99;99;99>,<1;1;1;1>,,<6000+skillLevel*20-20;1500+skillLevel*15-15;1500+skillLevel*15-15;0>,,,
196363,,,,,,selfForce|nodead,near|exclude(list(csvSelf:id())),,,,,<1962221;1962222;1962233>,<99;99;99>,<1;1;1>,,<(6000+skillLevel*20-20)*((target:nature(1) ==3 or target:nature(2) ==3) and 0.65 or 0.5);(1500+skillLevel*15-15)+((target:nature(1) ==3 or target:nature(2) ==3) and 0.65 or 0.5);(1500+skillLevel*15-15)+((target:nature(1) ==3 or target:nature(2) ==3) and 0.65 or 0.5)>,,,
196364,,,,,,enemyForce,"buffDifferExclude('group',{c.egg_fly_bingzhu_oc()})|attr(""strike"",""max"",2)",,,,,<1962451;1962452>,<99;99>,<1;1>,,<-0.15;-2000>,,,
196371,,,,,,,,,,,,<1962463>,<1>,,,<-target:speed()*0.1>,196371,,
196372,,,,,,enemyForce|nodead,otherProcessExcept(196371)|random(1),,,,,<1962463>,<1>,,,<-target:speed()*0.1>,196372,"{needUpdateTarget=True;prob=(countForceFilterNum(target:force(),owner,c.filterLevel1())>1 and 1 or 0)}",
196373,,,,,,selfForce|nodead,"buffDiffer('groupFilter',{{beDispel=10},{c.groupdebuffs_oc()}})|random(1)",,,,,,<1>,<0>,,<1>,,,
196374,,,,0,14,,,,,,,,<2;2>,<0;0>,,<2000;1500>,,,
196381,,,,,4,,,,,,,,,,,,196381,,
196382,,,,,4,,,,,,,<1962229>,<1>,,,<self:specialDamage()*0.4>,,,
196383,,,,0,14,,,,,,,,,,,,,,
196391,,,,0,11,,,,,,,<1962130>,<99>,<(target:nature(1) ==3 or target:nature(2) ==3) and 1 or 0>,,<1>,,,
196392,,,,0,14,,,,,,,<1962461>,<99>,,,<1>,,,
197111,,,,,,,,,,,,,,,,,197111,,
197112,,,,,,,,,,,,<1971212>,<2>,,,<-2>,,,
197113,,,,0,14,,,,,,,<1971221>,<3>,<self:flagZ1() and 1 or 0>,,<self:damage()*0.1>,,,
197121,,,,,,enemyForce|nodead,curSelected|penetrate(0.4),,,,,,,,,,197121,,
197122,,,,0,14,,,,,,,<1971216;1971250>,<2;99>,<1;1>,,<self:flag(99) and (1500+1000*(self:flagZ2() and 1 or 0)) or (2000+1000*(self:flagZ2() and 1 or 0));1>,,,
197123,,,,0,14,,,,,,,,,,,,,,
197124,,,,,,,,,,,,,,,,,,,
197131,,,,,,enemyForce|nodead,curSelected|sputtering(0.35),,,,,,,,,,197131,,
197132,,,,,,,,,,,,<1971220>,<1>,"<to10(moreEqualThan(self:star(),11))>",,<self:lostHp()*0.35>,197132,,
197133,,,,,,enemyForce|nodead,otherProcessExcept(197132)|near(),,,,,<1971220>,<1>,"<to10(moreEqualThan(self:star(),11))>",,<self:lostHp()*0.175>,,,
197134,,,,0,14,,,,,,,<1971217>,<self:flagZ3() and 3 or 2>,,,"<3000+1000*(moreEqualThan(self:star(),11) and 1 or 0)>",,,
197135,,,,0,14,,,,,,,<1971137>,<1>,<self:flag(99) and 0 or 1>,,<1>,,,
197136,,,,,,,,,,,,,,,,,,,
197161,,,,0,14,,,,,,,<1971128;1971222>,<99;99>,<1;self:flagZ4() and 1 or 0>,,<1;1>,,,
197171,,,,,,selfForce|nodead,near,,,,,<1971129>,<1>,,,"<self:damage()*0.2*(1+math.min(2,self:getRecordData(""lostHp"")/self:hpMax())*(0.3+(skillLv(19716) or 0)*0.003))>",,,
197172,,,,,,,,,,,,<1971136>,<1>,,,<1>,,,
197211,,,,,,enemyForce|nodead,,{process={key=self:hasBuff(1972226);value=<curSelected|penetrate(0.8);curSelected>}},,,,,,,,,197211,,
197212,,,,,,enemyForce|nodead,,{process={key=self:hasBuff(1972226);value=<column;curSelected>}},,,,<1972313>,<2>,,,<-2>,,,
197213,,,,0,14,,,,,,,<1972311;1972312>,<2;2>,<1;1>,,<self:defence()*3;self:specialDefence()*3>,,,
197221,,,,,,enemyForce|nodead,,{process={key=self:hasBuff(1972226);value=<curSelected|penetrate(1);curSelected|penetrate(0.4)>}},,,,,,,,,197221,,
197222,,,,0,14,,,,,,,<1972314>,<2>,,,<3000>,,,
197223,,,,,,enemyForce|nodead,,{process={key=self:hasBuff(1972226);value=<column;curSelected>}},,,,<1972315>,<2>,,,<1>,,,
197224,,,,,,,,,,,,,,,,,,,
197231,,,,,,enemyForce|nodead,curSelected|sputtering(0.5),,,,,,,,,,197231,,
197232,,,,,,,,,,,,,,,,,197232,,
197233,,,,,,,,,,,,<1972415>,<1>,,,<self:lostHp()*0.2>,,,
197234,,,,,,enemyForce|nodead,near(),,,,,<1972415>,<1>,,,<self:lostHp()*0.2>,,,
197235,,,,0,14,,,,,,,<1972411;1972412>,<1;2>,<1;1>,,<1;6000>,,,
197236,,,,,11,,,,,,,<1972416>,<1>,<self:hasBuff(1972226) and 1 or 0>,,"<min(target:sumBuffLifeRoundByGroup(1500,1510,1520,1530)*target:sumBuffOverlayByGroup(1500,1510,1520,1530) * self:damage()*min((0.3+0.1*self:getBuffOverlayCount(1972217)),0.8)*(self:hasBuff(1972226,1972240) and 1.3 or 1)*(self:hasBuff(1972226) and 1.2 or 1),self:specialDamage()*20)>",,,
197261,,,,0,14,,,,,,,<1972211;1972218;1972225>,<99;99;99>,<1;1;1>,,<1;1;<1;1;0>>,,,
197311,,,,,,enemyForce|nodead,,{process={key=self:hasBuff(1972226);value=<curSelected|penetrate(0.8);curSelected>}},,,,,,,,,197311,,
197312,,,,,,enemyForce|nodead,,{process={key=self:hasBuff(1972226);value=<column;curSelected>}},,,,<1972313;1972432>,<2;2>,<1;(self:hasBuff(1972226) and self:flagZ1()) and 1 or 0>,,<-2;0>,,,
197313,,,,0,14,,,,,,,<1972311;1972312;1972431>,<2;2;2>,<1;1;self:flagZ1() and 1 or 0>,,<self:defence()*3;self:specialDefence()*3;1500>,,,
197321,,,,,,enemyForce|nodead,,{process={key=self:hasBuff(1972226);value=<curSelected|penetrate(1);curSelected|penetrate(0.4)>}},,,,,,,,,197321,,
197322,,,,0,14,,,,,,,<1972314>,<2>,,,<3000>,,,
197323,,,,,,enemyForce|nodead,,{process={key=self:hasBuff(1972226);value=<column;curSelected>}},,,,<1972315>,<2>,,,<1>,,,
197324,,,,,,,,,,,,,,,,,,,
197331,,,,,,enemyForce|nodead,curSelected|sputtering(0.5),,,,,,,,,,197331,,
197332,,,,,,,,,,,,,,,,,197332,,
197333,,,,,,,,,,,,<1972415>,<1>,,,<self:lostHp()*0.2>,,,
197334,,,,,,enemyForce|nodead,near(),,,,,<1972415>,<1>,,,<self:lostHp()*0.2>,,,
197335,,,,0,14,,,,,,,<1972411;1972412>,<1;2>,<1;1>,,<1;6000>,,,
197336,,,,,11,,,,,,,<1972416>,<1>,<self:hasBuff(1972226) and 1 or 0>,,"<min(target:sumBuffLifeRoundByGroup(1500,1510,1520,1530)*target:sumBuffOverlayByGroup(1500,1510,1520,1530) * self:damage()*min((0.3+0.1*self:getBuffOverlayCount(1972217)),0.8)*(self:hasBuff(1972226,1972240) and 1.3 or 1)*(self:hasBuff(1972226) and 1.2 or 1),self:specialDamage()*20)>",,,
197361,,,,0,14,,,,,,,<1972211;1972218;1972225>,<99;99;99>,<1;1;1>,,<1;1;<1;1;0>>,,,
198111,,,,,,,,,,,,,,,,,198111,,
198112,,,,0,14,,,,,,,<1981118;1981119>,<self:flagZ1() and 3 or 2;self:flagZ1() and 3 or 2>,<1;1>,,<self:damage()*0.4;self:specialDamage()*0.4>,,,
198121,,,,,,,,,,,,,,,,,198121,,
198122,,,,,,,,,,,,,,,,,198122,{effectProb=to10(target:hasBuff(1981110))},
198123,,,,,,,,,,,,<1981110;1981111>,<1;1>,<1;to10(target:hasBuff(1981110))>,,<1;1>,,,
198131,,,,,4,,,,,,,,,,,,198131,,
198132,,,,,4,,,,,,,,,,,,198132,,
198133,,,,0,14,,,,,,,<1981133>,<1>,<self:flagZ3() and 1 or 0>,,<3000>,,,
198134,,,,,4,,,,,,,<1981120>,<1>,,,<1>,,,
198135,,,,,4,,,,,,,<1981130>,<1>,"<moreE(self:star(),11) and 1 or 0>",,<(self:damage()+self:specialDamage())*(self:flagZ3() and 0.5 or 0.3)>,,,
198161,,,,0,11,,,,,,,<1981113;1981114>,<99;99>,<1;1>,,<target:Bdamage()*(0.06+skillLevel*0.0006-0.0006);target:BspecialDamage()*(0.06+skillLevel*0.0006-0.0006)>,,,
198162,,,,0,14,,,,,,,<1981117;1981121;1981122;1981123;1981125;1981134;1981135>,<99;99;99;99;99;99;99>,"<1;1;1;moreE(self:star(),8) and 1 or 0;1;self:flagZ4() and 1 or 0;self:flagZ4() and 1 or 0>",,<1;6000;6000;0;0;1000;1000>,,,
198211,,,,,,,,,,,,,,,,,198211,,
198212,,,,0,14,,,,,,,<1982121;1982122;1982123;1982191;1982192>,<2;2;2;2;2>,<getExtraRoundMode()==0 and 1 or 0;getExtraRoundMode()==0  and 1 or 0;getExtraRoundMode()==0 and 1 or 0;(getExtraRoundMode()==0 and self:flagZ1()) and 1 or 0;(getExtraRoundMode()==0  and self:flagZ1()) and 1 or 0>,,<self:damage()*0.4;self:specialDamage()*0.4;self:speed()*0.4;1000;1500>,,,
198221,,,,,,enemyForce|nodead,curSelected|sputtering(0.5),,,,,,,,,,198221,,
198222,,,,,,,,,,,,,,,,,198222,{effectProb=to10(target:hasBuff(1982124))},
198223,,,,,,,,,,,,<1982124;1982125>,<1;1>,<1;to10(target:hasBuff(1982124))>,,<1;1>,,,
198224,,,,,,selected|nodead,near,,,,,<1982136>,<1>,,,<1>,,,
198225,,,,0,14,,,,,,,<1982127;1982201>,<2;2>,<self:hasBuff(1982159) and 1 or 0;(self:hasBuff(1982127) and self:flagZ2()) and 1 or 0>,,<(self:damage()*1.2+self:specialDamage()*1.2)*(self:flagZ2() and 1.5 or 1);(self:damage()*1.2+self:specialDamage()*1.2)*(self:flagZ2() and 1.5 or 1)>,,,
198226,,,,,,enemyForce|nodead,random(2),,,,,<1982202>,<1>,<((self:hasBuff(1982201) or self:hasBuff(1982127) or self:hasBuff(1982215)) and self:flagZ2()) and 1 or 0>,,<(self:damage()+self:specialDamage())*0.5>,,,
198231,,,,,4,,,,,,,,,,,,198231,,
198232,,,,,4,,,,,,,,,,,,198232,,
198233,,,,,,enemyForce|nodead,"column|sputteringEx((csvSelf:flagZ3() and (csvSelf:getExAttackMode()==5) and csvSelf:getBuffOverlayCount(1986176)==2) and 0.1 or 0,""(self:Bdamage()+self:BspecialDamage())*1.5"")",,,,,,,,,,,,
198234,,,,,4,,,,,,,<1982130>,<1>,<not self:hasBuff(1982170) and 1 or 0>,,<1>,,,
198235,,,,,4,,,,,,,<1982231>,<2>,<self:flagZ3() and 1 or 0>,,<1>,,,
198236,,,,0,14,,,,,,,<1982131;1982132;1982184>,<2;2;1>,<self:hasBuff(1982170) and 1 or 0;self:hasBuff(1982170) and 1 or 0;self:hasBuff(1982170) and 1 or 0>,,<2000;3000;2000>,,,
198237,,,,0,14,,,,,,,,,,,,,,
198238,,,,,4,,,,,,,<1982129>,<1>,"<( (not self:flagZ3() ) and  moreE(self:star(),11)  ) and 1 or 0>",,<self:hasBuff(1982170) and (self:damage()+self:specialDamage())*1 or (self:damage()+self:specialDamage())*0.5>,,,
198239,,,,,4,,,,,,,<1982242;1982242>,<1;1>,"<( self:flagZ3() and  moreE(self:star(),11)  ) and 1 or 0;( self:hasBuff(1982170) and self:flagZ3() and  moreE(self:star(),11)  ) and 1 or 0>",,<self:hasBuff(1982170) and (self:damage()+self:specialDamage())*1 or (self:damage()+self:specialDamage())*0.5;self:hasBuff(1982170) and (self:damage()+self:specialDamage())*1 or (self:damage()+self:specialDamage())*0.5>,,,
198241,,,,0,14,,,,,,,<1982177;1982166;1982151;1982151;1982151;1982153>,<99;99;99;99;99;99>,"<moreE(self:star(),8) and 1 or 0;1;(less(self:getBuffOverlayCount(self:flagZ4() and 1986176 or 1982158),(self:flagZ4() and 3 or 2)) and  not self:hasBuff(1982153)) and 1 or 0;(less(self:getBuffOverlayCount(self:flagZ4() and 1986176 or 1982158),(self:flagZ4() and 3 or 2)) and  not self:hasBuff(1982153)) and 1 or 0;(less(self:getBuffOverlayCount((self:flagZ4() and 1986176 or 1982158)),(self:flagZ4() and 3 or 2)) and  (not self:hasBuff(1982153)) and moreE(countObjByNatureExit(self:force(),15),2) and self:flagZ4()) and 1 or 0;99>",,<1;1;1;1;1;1>,,,
198261,,,,0,11,,,,,,,<1982141;1982142>,<99;99>,<1;1>,,<target:damage()*(0.06+skillLevel*0.0006-0.0006);target:specialDamage()*(0.06+skillLevel*0.0006-0.0006)>,,,
198262,,,,,,selfForce|nodead,near|exclude(list(csvSelf:id())),,,,,<1982143>,<99>,,,<500>,,,
198263,,,,0,14,,,,,,,<1982143;1982139;1982140;1982210;1984266>,<99;99;99;99;99>,"<1;1;1;self:flagZ4() and 1 or 0;(moreE(countObjByNatureExit(self:force(),15),2) and self:flagZ4()) and 1 or 0>",,<1000;1000;0;0;0>,,,
198264,,,,0,14,,,,,,,<1982152;1982161;1982167;1982169;1982171;1982179>,<99;99;99;99;99;99>,<1;1;1;1;1;1>,,<1;1;1;1;1;1>,,,
198265,,,,0,14,,,,,,,<1982144;1982146;1982148;1982137;1982138;1982216>,<99;99;99;99;99;99>,"<1;moreE(self:star(),8) and 1 or 0;moreE(self:star(),8) and 1 or 0;1;1;self:flagZ4() and 1 or 0>",,<1;1;1;6000;6000;1>,,,
198266,,,,0,14,,,,,,,<1982238;1982239;1982248;1982249>,<99;99;99;99>,<self:flagZ3() and 1 or 0;self:flagZ3() and 1 or 0;self:flagZ3() and 1 or 0;self:flagZ3() and 1 or 0>,,<1;1;1;1>,,,
198267,,,,,,selfForce,"exclude(list(csvSelf:id()))|attrDiffer(""natureType"", {10,15})",,,,,<1982243>,<99>,<self:flagZ3() and 1 or 0>,,<1>,,,
198411,,,,,,,,,,,,,,,,,198411,,
198412,,,,0,14,,,,,,,<1982121;1982122;1982123;1982191;1982192>,<2;2;2;2;2>,<getExtraRoundMode()==0 and 1 or 0;getExtraRoundMode()==0  and 1 or 0;getExtraRoundMode()==0 and 1 or 0;(getExtraRoundMode()==0 and self:flagZ1()) and 1 or 0;(getExtraRoundMode()==0  and self:flagZ1()) and 1 or 0>,,<self:damage()*0.4;self:specialDamage()*0.4;self:speed()*0.4;1000;1500>,,,
198421,,,,,,enemyForce|nodead,curSelected|sputtering(0.5),,,,,,,,,,198421,,
198422,,,,,,,,,,,,,,,,,198422,{effectProb=to10(target:hasBuff(1982124))},
198423,,,,,,,,,,,,<1982124;1982125>,<1;1>,<1;to10(target:hasBuff(1982124))>,,<1;1>,,,
198424,,,,,,selected|nodead,near,,,,,<1982136>,<1>,,,<1>,,,
198425,,,,0,14,,,,,,,<1982127;1982201>,<2;2>,<self:hasBuff(1982159) and 1 or 0;(self:hasBuff(1982127) and self:flagZ2()) and 1 or 0>,,<(self:damage()*1.2+self:specialDamage()*1.2)*(self:flagZ2() and 1.5 or 1);(self:damage()*1.2+self:specialDamage()*1.2)*(self:flagZ2() and 1.5 or 1)>,,,
198426,,,,,,enemyForce|nodead,random(2),,,,,<1982202>,<1>,<((self:hasBuff(1982201) or self:hasBuff(1982127) or self:hasBuff(1982215)) and self:flagZ2()) and 1 or 0>,,<(self:damage()+self:specialDamage())*0.5>,,,
198431,,,,,4,,,,,,,,,,,,198431,,
198432,,,,,4,,,,,,,,,,,,198432,,
198433,,,,,,enemyForce|nodead,"column|sputteringEx((csvSelf:flagZ3() and (csvSelf:getExAttackMode()==5) and csvSelf:getBuffOverlayCount(1986176)==2) and 0.1 or 0,""(self:Bdamage()+self:BspecialDamage())*1.5"")",,,,,,,,,,,,
198434,,,,,4,,,,,,,<1982130>,<1>,<not self:hasBuff(1982170) and 1 or 0>,,<1>,,,
198435,,,,,4,,,,,,,<1982231>,<2>,<self:flagZ3() and 1 or 0>,,<1>,,,
198436,,,,0,14,,,,,,,<1982131;1982132;1982184>,<2;2;1>,<self:hasBuff(1982170) and 1 or 0;self:hasBuff(1982170) and 1 or 0;self:hasBuff(1982170) and 1 or 0>,,<2000;3000;2000>,,,
198437,,,,0,14,,,,,,,,,,,,,,
198438,,,,,4,,,,,,,<1982129>,<1>,"<( (not self:flagZ3() ) and  moreE(self:star(),11)  ) and 1 or 0>",,<self:hasBuff(1982170) and (self:damage()+self:specialDamage())*0.8 or (self:damage()+self:specialDamage())*0.4>,,,
198439,,,,,4,,,,,,,<1982242;1982242>,<1;1>,"<( self:flagZ3() and  moreE(self:star(),11)  ) and 1 or 0;( self:hasBuff(1982170) and self:flagZ3() and  moreE(self:star(),11)  ) and 1 or 0>",,<self:hasBuff(1982170) and (self:damage()+self:specialDamage())*0.8 or (self:damage()+self:specialDamage())*0.4;self:hasBuff(1982170) and (self:damage()+self:specialDamage())*0.8 or (self:damage()+self:specialDamage())*0.4>,,,
198441,,,,0,14,,,,,,,<1982177;1982166;1982151;1982151;1982151;1982153>,<99;99;99;99;99;99>,"<moreE(self:star(),8) and 1 or 0;1;(less(self:getBuffOverlayCount(self:flagZ4() and 1986176 or 1982158),(self:flagZ4() and 3 or 2)) and  not self:hasBuff(1982153)) and 1 or 0;(less(self:getBuffOverlayCount(self:flagZ4() and 1986176 or 1982158),(self:flagZ4() and 3 or 2)) and  not self:hasBuff(1982153)) and 1 or 0;(less(self:getBuffOverlayCount((self:flagZ4() and 1986176 or 1982158)),(self:flagZ4() and 3 or 2)) and  (not self:hasBuff(1982153)) and moreE(countObjByNatureExit(self:force(),15),2) and self:flagZ4()) and 1 or 0;99>",,<1;1;1;1;1;1>,,,
198461,,,,0,11,,,,,,,<1982141;1982142>,<99;99>,<1;1>,,<target:damage()*(0.06+skillLevel*0.0006-0.0006);target:specialDamage()*(0.06+skillLevel*0.0006-0.0006)>,,,
198462,,,,,,selfForce|nodead,near|exclude(list(csvSelf:id())),,,,,<1982143>,<99>,,,<500>,,,
198463,,,,0,14,,,,,,,<1982143;1982139;1982140;1982210;1984266>,<99;99;99;99;99>,"<1;1;1;self:flagZ4() and 1 or 0;(moreE(countObjByNatureExit(self:force(),15),2) and self:flagZ4()) and 1 or 0>",,<1000;1000;0;0;0>,,,
198464,,,,0,14,,,,,,,<1982152;1982161;1982167;1982169;1982171;1982179>,<99;99;99;99;99;99>,<1;1;1;1;1;1>,,<1;1;1;1;1;1>,,,
198465,,,,0,14,,,,,,,<1982144;1982146;1982148;1982137;1982138;1982216>,<99;99;99;99;99;99>,"<1;moreE(self:star(),8) and 1 or 0;moreE(self:star(),8) and 1 or 0;1;1;self:flagZ4() and 1 or 0>",,<1;1;1;6000;6000;1>,,,
198466,,,,0,14,,,,,,,<1982238;1982239;1982248;1982249>,<99;99;99;99>,<self:flagZ3() and 1 or 0;self:flagZ3() and 1 or 0;self:flagZ3() and 1 or 0;self:flagZ3() and 1 or 0>,,<1;1;1;1>,,,
198467,,,,,,selfForce,"exclude(list(csvSelf:id()))|attrDiffer(""natureType"", {10,15})",,,,,<1982243>,<99>,<self:flagZ3() and 1 or 0>,,<1>,,,
199111,,,,,,,,,,,,,,,,,199111,,
199112,,,,0,14,,,,,,,<1991111;1991113>,<2;1>,<1;0.7>,,<self:speed()*0.15;0>,,,
199121,,,,,,,,,,,,,,,,,199121,,
199122,,,,0,14,,,,,,,<1991210>,<99>,,,<0>,,,
199123,,,,,,,,,,,,,,,,,,,
199131,,,,,11,,,,,,,,,,,,199131,,
199132,,,,,11,,,,,,,,,,,,199132,,
199133,,,,,,,,,,,,<1991311>,<1>,,,<0>,,,
199134,,,,,11,,,,,,,<1991312;1991312;1991312>,<1;1;1>,<1;0.5;0.5>,,<0;0;0>,,,
199135,,,,0,14,,,,,,,<1991321;1991331;1991322>,<2;1;1>,"<moreE(self:getBuffOverlayCount(1991671),3) and 1 or 0.29;1;self:hasBuff(1991321) and 0 or 1>",,<0;0;0>,,,
199136,,,,0,11,,,,,,,<1991341;1991341;1991341>,<1;1;1>,"<moreE(self:star(),11) and (moreE(self:getBuffOverlayCount(1991671),2) and 1 or 0) or 0;moreE(self:star(),11) and (moreE(self:getBuffOverlayCount(1991671),2) and 0 or 0) or 0;moreE(self:star(),11) and (moreE(self:getBuffOverlayCount(1991671),1) and 0 or 0) or 0>",,<0;0;0>,,,
199141,,,,0,14,,,,,,,<1991421;1991420>,<3;99>,"<moreE(self:star(),8) and 1 or 0;moreE(self:star(),8) and 1 or 0>",,<0;0>,,,
199161,,,,0,14,,,,,,,<1991611>,<99>,,,<0>,,,
199162,,,,0,14,,,,,,,<1991651>,<99>,,,<<0;self:hpMax()*0.7;0;0>>,,,
199163,,,,0,14,,,,,,,<1991660;1991661>,<99;99>,<1;1>,,<0;0>,,,
199211,,,,,,,,,,,,,,,,,199211,,
199212,,,,0,14,,,,,,,<1991111;1991113>,<2;1>,<1;0.7>,,<self:speed()*0.15;0>,,,
199221,,,,,,,,,,,,,,,,,199221,,
199222,,,,0,14,,,,,,,<1991210>,<99>,,,<0>,,,
199223,,,,,,,,,,,,,,,,,,,
199231,,,,,11,,,,,,,,,,,,199231,,
199232,,,,,11,,,,,,,,,,,,199232,,
199233,,,,,,,,,,,,<1991311>,<1>,,,<0>,,,
199234,,,,,11,,,,,,,<1991312;1991312;1991312>,<1;1;1>,<1;0.5;0.5>,,<0;0;0>,,,
199235,,,,0,14,,,,,,,<1991321;1991331;1991322>,<2;1;1>,"<moreE(self:getBuffOverlayCount(1991671),3) and 1 or 0.29;1;self:hasBuff(1991321) and 0 or 1>",,<0;0;0>,,,
199236,,,,0,11,,,,,,,<1991341;1991341;1991341>,<1;1;1>,"<moreE(self:star(),11) and (moreE(self:getBuffOverlayCount(1991671),2) and 1 or 0) or 0;moreE(self:star(),11) and (moreE(self:getBuffOverlayCount(1991671),2) and 0 or 0) or 0;moreE(self:star(),11) and (moreE(self:getBuffOverlayCount(1991671),1) and 0 or 0) or 0>",,<0;0;0>,,,
199241,,,,0,14,,,,,,,<1991421;1991420>,<3;99>,"<moreE(self:star(),8) and 1 or 0;moreE(self:star(),8) and 1 or 0>",,<0;0>,,,
199261,,,,0,14,,,,,,,<1991611>,<99>,,,<0>,,,
199262,,,,0,14,,,,,,,<1991651>,<99>,,,<<0;self:hpMax()*0.7;0;0>>,,,
199263,,,,0,14,,,,,,,<1991660;1991661>,<99;99>,<1;1>,,<0;0>,,,
201111,,,,,,,,,,,,,,,,,201111,,
201112,,,,0,14,,,,,,,<2011319>,<2>,<self:flagZ1() and 1 or 0>,,<500>,,,
201121,,,,,,,,,,,,,,,,,201121,,
201122,,,,0,14,,,,,,,<2011311;2011312>,<1;1>,<1;1>,,<-self:speed()*0.2;self:hpMax()*(0.2+(self:flagZ2() and 0.1 or 0))>,,,
201123,,,,,,,,,,,,,,,,,,,
201131,,,,,11,,,,,,,,,,,,201131,,
201132,,,,,11,,,,,,,<2011313>,<1>,<self:flagZ3() and 0.5 or 0.3>,,<0>,,,
201133,,,,0,11,,,,,,,,,,,,,,
201161,,,,0,14,,,,,,,<2011315>,<99>,,,<0>,,,
201211,,,,,,,,,,,,,,,,,201211,,
201212,,,,0,14,,,,,,,<2011319>,<2>,<self:flagZ1() and 1 or 0>,,<500>,,,
201221,,,,,,,,,,,,,,,,,201221,,
201222,,,,0,14,,,,,,,<2011311;2011312>,<1;1>,<1;1>,,<-self:speed()*0.2;self:hpMax()*(0.2+(self:flagZ2() and 0.1 or 0))>,,,
201223,,,,,,,,,,,,,,,,,,,
201231,,,,,11,,,,,,,,,,,,201231,,
201232,,,,,11,,,,,,,<2011313>,<1>,<self:flagZ3() and 0.5 or 0.3>,,<0>,,,
201233,,,,0,11,,,,,,,,,,,,,,
201261,,,,0,14,,,,,,,<2011315>,<99>,,,<0>,,,
201311,,,,,,,,,,,,,,,,,201311,,
201312,,,,0,14,,,,,,,<2011319>,<2>,<self:flagZ1() and 1 or 0>,,<500>,,,
201321,,,,,,,,,,,,,,,,,201321,,
201322,,,,0,14,,,,,,,<2011311;2011312>,<1;1>,<1;1>,,<-self:speed()*0.2;self:hpMax()*(0.2+(self:flagZ2() and 0.1 or 0))>,,,
201323,,,,,,,,,,,,,,,,,,,
201331,,,,,11,,,,,,,,,,,,201331,,
201332,,,,,11,,,,,,,,,,,,,,
201333,,,,,11,,,,,,,<2011313>,<1>,<self:flagZ3() and 0.5 or 0.3>,,<0>,,,
201334,,,,0,11,,,,,,,,,,,,,,
201361,,,,0,14,,,,,,,<2011315>,<99>,,,<0>,,,
202111,,,,,,,,,,,,,,,,,202111,,
202112,,,,0,14,,,,,,,<2021111;2021112;2021611;2021612>,<2;2;1;1>,<1;1;1;1>,,"<self:damage()*0.1;self:speed()*0.1;<list(20211);list(20217)>;<list(1,0,0);self:hasBuff(2021614) and (self:hasBuff(2021622) and 1 or 0.5) or 0;1>>",,,
202121,,,,,,,,,,,,,,,,,202121,,
202122,,,,0,14,,,,,,,<2021211;2021611;2021612>,<2;1;1>,<1;1;1>,,"<1000+min((self:Aspeed()/self:Bspeed())*4000,2000);<list(20212);list(20218)>;<list(0,1,0);self:hasBuff(2021614) and (self:hasBuff(2021622) and 1 or 0.5) or 0;1>>",,,
202123,,,,,,,,,,,,<2021221>,<3>,,,<self:damage()*0.4>,,,
202131,,,,,,,,,,,,,,,,,202131,,
202132,,,,,,,,,,,,,,,,,,,
202133,,,,0,14,,,,,,,<2021611;2021612;2021311;2021321>,<1;1;1;99>,"<1;1;1;moreE(self:star(),11) and (self:hasBuff(2021622) and 0 or 0.8) or 0>",,"<<list(20213);list(20219)>;<list(0,0,1);self:hasBuff(2021614) and (self:hasBuff(2021622) and 1 or 0.5) or 0;1>;self:hp()*0.08;<1;0;0>>",,,
202134,,,,,,,,,,,,<2021312>,<1>,,,<0>,,,
202135,,,,,,enemyForce | nodead,"buffDiffer('group',{1500,1510,1520})",,,,,<2021312>,<1>,"<self:hasBuff(2021622) and (moreE(self:star(),11) and 0.000001 or 0) or 0>",,<0>,,,
202161,,,,0,14,,,,,,,<2021621;2021613>,<99;99>,<1;1>,,<0;0>,,,
202211,,,,,,,,,,,,,,,,,202211,,
202212,,,,0,14,,,,,,,<2021111;2021112;2021611;2021612>,<2;2;1;1>,<1;1;1;1>,,"<self:damage()*0.1;self:speed()*0.1;<list(20221);list(20227)>;<list(1,0,0);self:hasBuff(2021614) and (self:hasBuff(2021622) and 1 or 0.5) or 0;1>>",,,
202221,,,,,,,,,,,,,,,,,202221,,
202222,,,,0,14,,,,,,,<2021211;2021611;2021612>,<2;1;1>,<1;1;1>,,"<1000+min((self:Aspeed()/self:Bspeed())*4000,2000);<list(20222);list(20228)>;<list(0,1,0);self:hasBuff(2021614) and (self:hasBuff(2021622) and 1 or 0.5) or 0;1>>",,,
202223,,,,,,,,,,,,<2021221>,<3>,,,<self:damage()*0.4>,,,
202231,,,,,,,,,,,,,,,,,202231,,
202232,,,,,,,,,,,,,,,,,202232,,
202233,,,,0,14,,,,,,,<2021611;2021612;2021311;2021321>,<1;1;1;99>,"<1;1;1;moreE(self:star(),11) and (self:hasBuff(2021622) and 0 or 0.8) or 0>",,"<<list(20223);list(20229)>;<list(0,0,1);self:hasBuff(2021614) and (self:hasBuff(2021622) and 1 or 0.5) or 0;1>;self:hp()*0.08;<1;0;0>>",,,
202234,,,,,,,,,,,,<2021312>,<1>,,,<0>,,,
202235,,,,,,enemyForce | nodead,"buffDiffer('group',{1500,1510,1520})",,,,,<2021312>,<1>,"<self:hasBuff(2021622) and (moreE(self:star(),11) and 0.000001 or 0) or 0>",,<0>,,,
202261,,,,0,14,,,,,,,<2021621;2021613>,<99;99>,<1;1>,,<0;0>,,,
202311,,,,,,,,,,,,,,,,,202311,,
202312,,,,0,14,,,,,,,<2021111;2021112;2021611;2021612>,<2;2;1;1>,<1;1;1;1>,,"<self:damage()*0.1;self:speed()*0.1;<list(20231);list(20237)>;<list(1,0,0);self:hasBuff(2021614) and (self:hasBuff(2021622) and 1 or 0.5) or 0;1>>",,,
202321,,,,,,,,,,,,,,,,,202321,,
202322,,,,0,14,,,,,,,<2021211;2021611;2021612>,<2;1;1>,<1;1;1>,,"<1000+min((self:Aspeed()/self:Bspeed())*4000,2000);<list(20232);list(20238)>;<list(0,1,0);self:hasBuff(2021614) and (self:hasBuff(2021622) and 1 or 0.5) or 0;1>>",,,
202323,,,,,,,,,,,,<2021221>,<3>,,,<self:damage()*0.4>,,,
202331,,,,,,,,,,,,,,,,,202331,,
202332,,,,,,,,,,,,,,,,,,,
202333,,,,0,14,,,,,,,<2021611;2021612;2021311;2021321>,<1;1;1;99>,"<1;1;1;moreE(self:star(),11) and (self:hasBuff(2021622) and 0 or 0.8) or 0>",,"<<list(20233);list(20239)>;<list(0,0,1);self:hasBuff(2021614) and (self:hasBuff(2021622) and 1 or 0.5) or 0;1>;self:hp()*0.08;<1;0;0>>",,,
202334,,,,,,,,,,,,<2021312>,<1>,,,<0>,,,
202335,,,,,,enemyForce | nodead,"buffDiffer('group',{1500,1510,1520})",,,,,<2021312>,<1>,"<self:hasBuff(2021622) and (moreE(self:star(),11) and 0.000001 or 0) or 0>",,<0>,,,
202361,,,,0,14,,,,,,,<2021621;2021613>,<99;99>,<1;1>,,<0;0>,,,
203111,,,,,,,,,,,,,,,,,203111,,
203112,,,,0,14,,,,,,,<2033101;2033102>,<99;99>,<1;1>,,<self:flagZ1() and -200 or -300;self:specialDamage()*(self:flagZ2() and 0.15 or 0.1)>,,,
203121,,,,,,,,,,,,,,,,,203121,,
203122,,,,,,,,,,,,<2033201;2033201>,<1;1>,<1;self:flagZ2() and 1 or 0>,,<0;0>,,,
203131,,,,,4,,,,,,,,,,,,203131,,
203161,,,,0,14,,,,,,,<2036101;2036102;2036104;2036111>,<99;99;99;99>,"<1;1;1;moreE(self:star(),8) and 1 or 0>",,<3000;0;0;0>,,,
203211,,,,,,,,,,,,,,,,,203211,,
203212,,,,0,14,,,,,,,<2033101;2033102>,<99;99>,<1;1>,,<self:flagZ1() and -200 or -300;self:specialDamage()*(self:flagZ2() and 0.15 or 0.1)>,,,
203221,,,,,,,,,,,,,,,,,203221,,
203222,,,,,,,,,,,,<2033201;2033201>,<1;1>,<1;self:flagZ2() and 1 or 0>,,<0;0>,,,
203231,,,,,4,,,,,,,,,,,,203231,,
203232,,,,,4,,,,,,,,,,,,203232,,
203261,,,,0,14,,,,,,,<2036101;2036102;2036104;2036111>,<99;99;99;99>,"<1;1;1;moreE(self:star(),8) and 1 or 0>",,<3000;0;0;0>,,,
203311,,,,,,,,,,,,,,,,,203311,,
203312,,,,0,14,,,,,,,<2033101;2033102>,<99;99>,<1;1>,,<self:flagZ1() and -200 or -300;self:specialDamage()*(self:flagZ2() and 0.15 or 0.1)>,,,
203321,,,,,,,,,,,,,,,,,203321,,
203322,,,,,,,,,,,,<2033201;2033201>,<1;1>,<1;self:flagZ2() and 1 or 0>,,<0;0>,,,
203331,,,,,4,,,,,,,,,,,,203331,,
203332,,,,,4,,,,,,,,,,,,,,
203361,,,,0,14,,,,,,,<2036101;2036102;2036104;2036111>,<99;99;99;99>,"<1;1;1;moreE(self:star(),8) and 1 or 0>",,<3000;0;0;0>,,,
207111,,,,,,enemyForce|nodead,defenceMin,,,,,,,,,,207111,,
207112,,,,0,14,,,,,,,<2071317>,<2>,<self:flagZ1() and 1 or 0>,,<self:damage()*0.1>,,,
207121,,,,,,enemyForce|nodead,defenceMin,,,,,,,,,,207121,,
207122,,,,0,14,,,,,,,<2071311;2071312;2071313>,<2;2;2>,<1;1;1>,,<self:damage()*(0.15+(self:flagZ2() and 0.15 or 0));-self:defence()*0.15;-self:specialDefence()*0.15>,,,
207131,,,,,,enemyForce|nodead,defenceMin|sputtering(0.15),,,,,,,,,,207131,,
207132,,,,,,enemyForce|nodead,defenceMin|sputtering(0.15),,,,,,,,,,,,
207133,,,,0,14,,,,,,,<2071316>,<1>,"<moreEqualThan(self:star(),11) and 1 or 0>",,<self:flagZ3() and 5000 or 2000>,,,
207161,,,,0,14,,,,,,,<2071314>,<99>,,,<1>,,,
207211,,,,,,enemyForce|nodead,defenceMin,,,,,,,,,,207211,,
207212,,,,0,14,,,,,,,<2071317>,<2>,<self:flagZ1() and 1 or 0>,,<self:damage()*0.1>,,,
207221,,,,,,enemyForce|nodead,defenceMin,,,,,,,,,,207221,,
207222,,,,0,14,,,,,,,<2071311;2071312;2071313>,<2;2;2>,<1;1;1>,,<self:damage()*(0.15+(self:flagZ2() and 0.15 or 0));-self:defence()*0.15;-self:specialDefence()*0.15>,,,
207231,,,,,,enemyForce|nodead,defenceMin|sputtering(0.15),,,,,,,,,,207231,,
207232,,,,,,enemyForce|nodead,defenceMin|sputtering(0.15),,,,,,,,,,,,
207233,,,,0,14,,,,,,,<2071316>,<1>,"<moreEqualThan(self:star(),11) and 1 or 0>",,<self:flagZ3() and 5000 or 2000>,,,
207261,,,,0,14,,,,,,,<2071314>,<99>,,,<1>,,,
207311,,,,,,enemyForce|nodead,defenceMin,,,,,,,,,,207311,,
207312,,,,0,14,,,,,,,<2071317>,<2>,<self:flagZ1() and 1 or 0>,,<self:damage()*0.1>,,,
207321,,,,,,enemyForce|nodead,defenceMin,,,,,,,,,,207321,,
207322,,,,0,14,,,,,,,<2071311;2071312;2071313>,<2;2;2>,<1;1;1>,,<self:damage()*(0.15+(self:flagZ2() and 0.15 or 0));-self:defence()*0.15;-self:specialDefence()*0.15>,,,
207331,,,,,,enemyForce|nodead,defenceMin|sputtering(0.15),,,,,,,,,,207331,,
207332,,,,,,enemyForce|nodead,defenceMin|sputtering(0.15),,,,,,,,,,,,
207333,,,,,,enemyForce|nodead,defenceMin|sputtering(0.15),,,,,,,,,,,,
207334,,,,0,14,,,,,,,<2071316>,<1>,"<moreEqualThan(self:star(),11) and 1 or 0>",,<self:flagZ3() and 5000 or 2000>,,,
207361,,,,0,14,,,,,,,<2071314>,<99>,,,<1>,,,
223111,,,,,,,,,,,,,,,,,223111,,
223112,,,,0,14,,,,,,,<2233111>,<2>,,,<self:speed()*0.15>,,,
223121,,,,,,,,,,,,,,,,,223121,,
223122,,,,0,14,,,,,,,<2233124;2233112>,<2;2>,<1;self:hasBuff(2233114) and 1 or 0>,,<self:damage()*(self:flagZ2() and 0.2 or 0.15);self:flagZ2() and 4500 or 3500>,,,
223131,,,,,4,,,,,,,,,,,,223131,,
223132,,,,,4,,,,,,,,,,,,223132,,
223133,,,,,,enemyForce,otherProcessExcept(223131),,,,,<2233127;2233128>,<1;1>,"<(moreEqualThan(self:star(),11) and self:hasBuff(2233114)) and 1 or 0;target:hasBuff(2233127) and 1 or 0>",,<0;self:curSkill():getTotalDamage()*0.5>,,,
223134,,,,,11,,,,,,,<2233126>,<1>,,,<0>,,,
223161,,,,0,14,,,,,,,<2233113>,<99>,,,<0>,,,
223211,,,,,,,,,,,,,,,,,223211,,
223212,,,,0,14,,,,,,,<2233111>,<2>,,,<self:speed()*0.15>,,,
223221,,,,,,,,,,,,,,,,,223221,,
223222,,,,0,14,,,,,,,<2233124;2233112>,<2;2>,<1;self:hasBuff(2233114) and 1 or 0>,,<self:damage()*(self:flagZ2() and 0.2 or 0.15);self:flagZ2() and 4500 or 3500>,,,
223231,,,,,4,,,,,,,,,,,,223231,,
223232,,,,,4,,,,,,,,,,,,223232,,
223233,,,,,,enemyForce,otherProcessExcept(223231),,,,,<2233127;2233128>,<1;1>,"<(moreEqualThan(self:star(),11) and self:hasBuff(2233114)) and 1 or 0;target:hasBuff(2233127) and 1 or 0>",,<0;self:curSkill():getTotalDamage()*0.5>,,,
223234,,,,,11,,,,,,,<2233126>,<1>,,,<0>,,,
223261,,,,0,14,,,,,,,<2233113>,<99>,,,<0>,,,
223311,,,,,,,,,,,,,,,,,223311,,
223312,,,,0,14,,,,,,,<2233111>,<2>,,,<self:speed()*0.15>,,,
223321,,,,,4,,,,,,,,,,,,223321,,
223322,,,,0,14,,,,,,,<2233124;2233112>,<2;2>,<1;self:hasBuff(2233114) and 1 or 0>,,<self:damage()*(self:flagZ2() and 0.2 or 0.15);self:flagZ2() and 4500 or 3500>,,,
223331,,,,,11,,,,,,,,,,,,223331,,
223332,,,,,11,,,,,,,,,,,,,,
223333,,,,,,enemyForce,otherProcessExcept(223331),,,,,<2233127;2233128>,<1;1>,"<(moreEqualThan(self:star(),11) and self:hasBuff(2233114)) and 1 or 0;target:hasBuff(2233127) and 1 or 0>",,<0;self:curSkill():getTotalDamage()*0.5>,,,
223334,,,,,11,,,,,,,<2233126>,<1>,,,<0>,,,
223361,,,,0,14,,,,,,,<2233113>,<99>,,,<0>,,,
224111,,,,,,,,,,,,,,,,,224111,,
224112,,,,0,14,,,,,,,<2241111>,<2>,,,<self:speed()*0.15>,,,
224113,,,,,,,,,,,,,<1>,<self:curSkill():getDamageState('natureFlag')=='strong' and 1 or 0>,,"<self:curSkill():getTotalDamage()*(0.2+(skillLv(22416,22426,22436) or 0)*0.001-0.001)>",,,
224121,,,,,,,,,,,,,,,,,224121,,
224122,,,,0,14,,,,,,,<2241113;2241112>,<2;2>,<self:curSkill():getDamageState('natureFlag')=='strong' and 1 or 0;self:curSkill():getDamageState('natureFlag')=='weak' and 1 or 0>,,<0;self:damage()*1.75>,,,
224123,,,,,,,,,,,,,<1>,<self:curSkill():getDamageState('natureFlag')=='strong' and 1 or 0>,,"<self:curSkill():getTotalDamage()*(0.2+(skillLv(22416,22426,22436) or 0)*0.001-0.001)>",,,
224131,,,,,,,,,,,,,,,,,224131,,
224132,,,,0,14,,,,,,,<2241117>,<1>,,,<<1;2>>,,,
224133,,,,,,,,,,,,<2241114>,<1>,,,"<self:curSkill():getTotalDamage()*(moreEqualThan(self:star(),11) and 0.7 or 0.35)>",,,
224134,,,,,,,,,,,,,<1>,<self:curSkill():getDamageState('natureFlag')=='strong' and 1 or 0>,,"<self:curSkill():getTotalDamage()*(0.2+(skillLv(22416,22426,22436) or 0)*0.001-0.001)>",,,
224161,,,,0,14,,,,,,,<2241116>,<99>,"<moreEqualThan(self:star(),8) and 1 or 0>",,"<<list(1,0,0);1;0>>",,,
224211,,,,,,,,,,,,,,,,,224211,,
224212,,,,0,14,,,,,,,<2241111>,<2>,,,<self:speed()*0.15>,,,
224213,,,,,,,,,,,,,<1>,<self:curSkill():getDamageState('natureFlag')=='strong' and 1 or 0>,,"<self:curSkill():getTotalDamage()*(0.2+(skillLv(22416,22426,22436) or 0)*0.001-0.001)>",,,
224221,,,,,,,,,,,,,,,,,224221,,
224222,,,,0,14,,,,,,,<2241113;2241112>,<2;2>,<self:curSkill():getDamageState('natureFlag')=='strong' and 1 or 0;self:curSkill():getDamageState('natureFlag')=='weak' and 1 or 0>,,<0;self:damage()*1.75>,,,
224223,,,,,,,,,,,,,<1>,<self:curSkill():getDamageState('natureFlag')=='strong' and 1 or 0>,,"<self:curSkill():getTotalDamage()*(0.2+(skillLv(22416,22426,22436) or 0)*0.001-0.001)>",,,
224231,,,,,2,,,,,,,,,,,,224231,,
224232,,,,,2,,,,,,,,,,,,,,
224233,,,,0,14,,,,,,,<2241117>,<1>,,,<<1;2>>,,,
224234,,,,,2,,,,,,,<2241114>,<1>,,,"<self:curSkill():getTotalDamage()*(moreEqualThan(self:star(),11) and 0.7 or 0.35)>",,,
224235,,,,,2,,,,,,,,<1>,<self:curSkill():getDamageState('natureFlag')=='strong' and 1 or 0>,,"<self:curSkill():getTotalDamage()*(0.2+(skillLv(22416,22426,22436) or 0)*0.001-0.001)>",,,
224261,,,,0,14,,,,,,,<2241116>,<99>,"<moreEqualThan(self:star(),8) and 1 or 0>",,"<<list(1,0,0);1;0>>",,,
224311,,,,,,,,,,,,,,,,,224311,,
224312,,,,0,14,,,,,,,<2241111>,<2>,,,<self:speed()*0.15>,,,
224313,,,,,,,,,,,,,<1>,<self:curSkill():getDamageState('natureFlag')=='strong' and 1 or 0>,,"<self:curSkill():getTotalDamage()*(0.2+(skillLv(22416,22426,22436) or 0)*0.001-0.001)>",,,
224321,,,,,,,,,,,,,,,,,224321,,
224322,,,,0,14,,,,,,,<2241113;2241112>,<2;2>,<self:curSkill():getDamageState('natureFlag')=='strong' and 1 or 0;self:curSkill():getDamageState('natureFlag')=='weak' and 1 or 0>,,<0;self:damage()*1.75>,,,
224323,,,,,,,,,,,,,<1>,<self:curSkill():getDamageState('natureFlag')=='strong' and 1 or 0>,,"<self:curSkill():getTotalDamage()*(0.2+(skillLv(22416,22426,22436) or 0)*0.001-0.001)>",,,
224331,,,,,,,,,,,,,,,,,224331,,
224332,,,,,,,,,,,,,,,,,224332,,
224333,,,,0,14,,,,,,,<2241117>,<1>,,,<<1;2>>,,,
224334,,,,,,,,,,,,<2241114>,<1>,,,"<self:curSkill():getTotalDamage()*(moreEqualThan(self:star(),11) and 0.7 or 0.35)>",,,
224335,,,,,,,,,,,,,<1>,<self:curSkill():getDamageState('natureFlag')=='strong' and 1 or 0>,,"<self:curSkill():getTotalDamage()*(0.2+(skillLv(22416,22426,22436) or 0)*0.001-0.001)>",,,
224361,,,,0,14,,,,,,,<2241116>,<99>,"<moreEqualThan(self:star(),8) and 1 or 0>",,"<<list(1,0,0);1;0>>",,,
227111,,,,,,,,,,,,,,,,,227111,,
227112,,,,0,14,,,,,,,<2271230>,<2>,<self:flagZ1() and 1 or 0>,,<self:damage()*0.1>,,,
227121,,,,,,,,,,,,,,,,,227121,,
227122,,,,,,,,,,,,<2271221;2271223>,<self:flagZ2() and 3 or 2;self:flagZ2() and 3 or 2>,<1;1>,,<0;0>,,,
227131,,,,,,,,,,,,,,,,,227131,,
227132,,,,,,,,,,,,<2271225;2271228>,<1;1>,"<target:hasBuff(1501,1511,1521) and 1 or 0;moreEqualThan(self:star(),11) and (target:hasBuff(1501,1511,1521) and 1 or 0) or 0>",,"<(target:sumBuffLifeRoundByGroup(1501,1511,1521)*target:sumBuffOverlayByGroup(1501,1511,1521) * self:damage()*0.2)*(self:flagZ3() and 1.3 or 1);(target:sumBuffLifeRoundByGroup(1501,1511,1521)*target:sumBuffOverlayByGroup(1501,1511,1521) * self:damage()*0.2)*(self:flagZ3() and 1.3 or 1)>",,,
227133,,,,,,,,,,,,,,,,,,,
227161,,,,0,14,,,,,,,<2271227>,<99>,,,<0>,,,
227211,,,,,,,,,,,,,,,,,227211,,
227212,,,,0,14,,,,,,,<2271230>,<2>,<self:flagZ1() and 1 or 0>,,<self:damage()*0.1>,,,
227221,,,,,,,,,,,,,,,,,227221,,
227222,,,,,,,,,,,,<2271221;2271223>,<self:flagZ2() and 3 or 2;self:flagZ2() and 3 or 2>,<1;1>,,<0;0>,,,
227231,,,,,,,,,,,,,,,,,227231,,
227232,,,,,,,,,,,,<2271225;2271228>,<1;1>,"<target:hasBuff(1501,1511,1521) and 1 or 0;moreEqualThan(self:star(),11) and (target:hasBuff(1501,1511,1521) and 1 or 0) or 0>",,"<(target:sumBuffLifeRoundByGroup(1501,1511,1521)*target:sumBuffOverlayByGroup(1501,1511,1521) * self:damage()*0.2)*(self:flagZ3() and 1.3 or 1);(target:sumBuffLifeRoundByGroup(1501,1511,1521)*target:sumBuffOverlayByGroup(1501,1511,1521) * self:damage()*0.2)*(self:flagZ3() and 1.3 or 1)>",,,
227261,,,,0,14,,,,,,,<2271227>,<99>,,,<0>,,,
230111,,,,,,,,,,,,,,,,,230111,,
230112,,,,0,14,,,,,,,<2301228>,<2>,<self:flagZ1() and 1 or 0>,,<self:damage()*0.1>,,,
230121,,,,,,,,,,,,,,,,,230121,,
230122,,,,,,selfForce,hpRatioMin,,,,,<2301311>,<1>,,,<self:curSkill():getTotalDamage()*(self:flagZ2() and 1.5 or 1)>,,,
230131,,,,,11,,,,,,,,,,,,230131,,
230132,,,,,11,,,,,,,<2301312;2301317>,<1;1>,"<self:flagZ3() and 0.2 or 0.12;((not target:hasBuff(2301312)) and moreE(self:star(),11)) and 1 or 0>",,<target:hpMax()*0.25;-target:speed()*0.1>,,,
230133,,,,0,14,,,,,,,,,,,,,,
230161,,,,0,11,,,,,,,<2301313;2301314;2301223;2301224>,<99;99;99;99>,"<1;1;(target:nature(1) ==6 or target:nature(2) ==6 and moreEqualThan(self:star(),8)) and 1 or 0;(target:nature(1) ==6 or target:nature(2) ==6 and moreEqualThan(self:star(),8)) and 1 or 0>",,<400+skillLevel*20-0.20;800+skillLevel*4-4;target:defence()*(0.2+(self:flagZ4() and 0.2 or 0));target:specialDefence()*(0.2+(self:flagZ4() and 0.2 or 0))>,,,
230211,,,,,,,,,,,,,,,,,230211,,
230212,,,,0,14,,,,,,,<2301228>,<2>,<self:flagZ1() and 1 or 0>,,<self:damage()*0.1>,,,
230221,,,,,,,,,,,,,,,,,230221,,
230222,,,,,,selfForce,hpRatioMin,,,,,<2301311>,<1>,,,<self:curSkill():getTotalDamage()*(self:flagZ2() and 1.5 or 1)>,,,
230231,,,,,11,,,,,,,,,,,,230231,,
230232,,,,,11,,,,,,,<2301312;2301317>,<1;1>,"<self:flagZ3() and 0.2 or 0.12;((not target:hasBuff(2301312)) and moreE(self:star(),11)) and 1 or 0>",,<target:hpMax()*0.25;-target:speed()*0.1>,,,
230233,,,,0,14,,,,,,,,,,,,,,
230261,,,,0,11,,,,,,,<2301313;2301314;2301223;2301224>,<99;99;99;99>,"<1;1;(target:nature(1) ==6 or target:nature(2) ==6) and (moreE(self:star(),8) and 1 or 0) or 0;(target:nature(1) ==6 or target:nature(2) ==6 and moreE(self:star(),8)) and 1 or 0>",,<400+skillLevel*20-0.20;800+skillLevel*4-4;target:defence()*(0.2+(self:flagZ4() and 0.2 or 0));target:specialDefence()*(0.2+(self:flagZ4() and 0.2 or 0))>,,,
230311,,,,,,,,,,,,,,,,,230311,,
230312,,,,0,14,,,,,,,<2301320>,<2>,"<moreE((sumBuffOverlayByGroupInForce(1,2301318)+sumBuffOverlayByGroupInForce(2,2301318)),1) and 1 or 0>",,"<min(self:damage()*(self:flagZ1() and 0.1 or 0.05)*(sumBuffOverlayByGroupInForce(1,2301318)+sumBuffOverlayByGroupInForce(2,2301318)),self:damage()*(self:flagZ1() and 1.2 or 0.6))>",,,
230321,,,,,,,,,,,,,,,,,230321,,
230322,,,,,,selfForce,hpRatioMin,,,,,<2301321>,<1>,,,<self:curSkill():getTotalDamage()*(target:hasBuff(2301329) and 2 or 1 )>,,,
230323,,,,0,14,,,,,,,<2301321>,<1>,<self:flagZ2() and 1 or 0>,,<self:curSkill():getTotalDamage()*(target:hasBuff(2301329) and 2 or 1 )>,,,
230331,,,,,11,,,,,,,,,,,,230331,,
230332,,,,,11,,,,,,,,,,,,230332,,
230333,,,,,11,,,,,,,<2301322>,<2>,,,<3>,,,
230334,,,,0,11,,,,,,,<2301329>,<2>,,,<3>,,,
230361,,,,,,selfForce,exclude(list(csvSelf:id())),,,,,<2301313;2301314;2301328>,<99;99;99>,"<1;1;moreE(self:star(),8) and (target:nature(1) ==6 or target:nature(2) ==6) and 1 or 0>",,<500+skillLevel*2-2;1000+skillLevel*5-5;0>,,,
230362,,,,0,14,,,,,,,<2301327>,<99>,,,<0>,,,
235111,,,,,,,,,,,,,,,,,235111,,
235112,,,,,,,,,,,,<2351137;2351138>,<1;1>,"<moreE(self:star(),8) and 1 or 0;moreE(self:star(),8) and 1 or 0>",,<-1700;900>,,,
235113,,,,0,14,,,,,,,<2351121;2351155;2351158>,<2;1;1>,"<1;(moreE(self:star(),11) and self:hasBuff(2351157)) and 1 or 0;1>",,<self:flagZ1() and 3000 or 1500;0;0>,,,
235121,,,,,,,,,,,,,,,,,235121,,
235122,,,,,,,,,,,,,,,,,,,
235123,,,,,,,,,,,,<2351137;2351138>,<1;1>,"<moreE(self:star(),8) and 1 or 0;moreE(self:star(),8) and 1 or 0>",,<-1700;900>,,,
235124,,,,,,selfForce|nodead,"buffDifferExclude('group',{80004,80005,c.chaopin_fly_bingzhu_oc()})|random(1)",,,,,<2351122;2351123;2351124;2351125;2351154;2351167>,<1;1;1;1;1;1>,<1;1;1;1;1;self:flagZ2() and 1 or 0>,,<1;target:specialDamage()*0.3;target:damage()*0.3;1;1;1>,,,
235131,,,,,4,,,,,,,,,,,,235131,,
235132,,,,,4,,,,,,,,,,,,,,
235133,,,,,4,,,,,,,<2351137;2351138>,<1;1>,"<moreE(self:star(),8) and 1 or 0;moreE(self:star(),8) and 1 or 0>",,<-1700;900>,,,
235134,,,,,4,,,,,,,<2351134>,<1>,<0>,,<1>,,,
235135,,,,,4,,,,,,,<2351132;2351153>,<99;1>,<1;1>,,<1;1>,,,
235136,,,,0,14,,,,,,,<2351141;2351152>,<99;1>,<1;1>,,<<0.4+skillLevel*0.002-0.002;self:flagZ4() and 3 or 2>;1>,,,
235137,,,,0,14,,,,,,,<2351131;2351148;2351170>,<1;1;1>,"<1;moreE(self:star(),11) and 1 or 0;self:flagZ3() and 1 or 0>",,<1;1;1000>,,,
235141,,,,0,11,,,,,,,<2351159;2351161>,<99;99>,<(target:nature(1) ==7 or target:nature(2) ==7) and 1 or 0;(target:nature(1) ==7 or target:nature(2) ==7) and 1 or 0>,,<1;1>,,,
235161,,,,0,14,,,,,,,<2351141;2351142;2351150>,<99;99;99>,<1;1;1>,,<<0.4+skillLevel*0.002-0.002;self:flagZ4() and 3 or 2>;0;0>,,,
235162,,,,,11,,,,,,,<2351127>,<99>,,,<1>,,,
235163,,,,0,14,,,,,,,<2351139;2351171>,<99;99>,<1;self:flagZ4() and 1 or 0>,,"<<list(1,0,0);1;0>;1>",,,
235164,,,,0,14,,,,,,,,,,,,,,
235165,,,,0,14,,,,,,,<2351140;2351149>,<99;99>,<1;1>,,<self:Bdamage()*0.02;2500>,,,
236111,,,,,,,,,,,,,,,,,236111,,
236112,,,,,,enemyForce|nodead,useOtherProcess(236111),,,,,<2361121>,<2>,,,"<list(list(1001,1002,1003,1004,1005,1011,1012,1013,1014,1015,1021,1022,1023,1024,1025,1201,1202,1203,1211,1212,1213,1221,1222,1223,1401,1411,1421,1431,1441,1451),2,1)>",,,
236113,,,,,,enemyForce|nodead,useOtherProcess(236111),,,,,<2361123>,<2>,,,<1>,,,
236114,,,,0,14,,,,,,,<2361184>,<2>,<self:flagZ1() and 1 or 0>,,<self:damage()*0.3>,,,
236121,,,,,,,,,,,,,,,,,236121,,
236122,,,,0,14,,,,,,,<2361125>,<2>,,,<2000>,,,
236123,,,,,,enemyForce|nodead,useOtherProcess(236121),,,,,<2361126;2361186>,<1;1>,<1;self:flagZ2() and 1 or 0>,,<1;1>,,,
236131,,,,,,,,,,,,,,,,,236131,,
236132,,,,,,enemyForce|nodead,useOtherProcess(236131),,,,,,,,,,236132,,
236133,,,,0,3,,,,,,,<2361127;2361128>,<2;2>,<1;1>,,<2000;2000>,,,
236134,,,,0,14,,,,,,,<2361127;2361128>,<2;2>,<1;1>,,"<2000*(moreE(self:star(),11) and 1.8 or 1.2);2000*(moreE(self:star(),11) and 1.8 or 1.2)>",,,
236135,,,,,,enemyForce|nodead,useOtherProcess(236131),,,,,<2361173>,<1>,,,<1>,,,
236141,,,,,24,,,,,,,<2361220;2361138>,<99;99>,<1;1>,,<1;1>,,,
236151,,,,,24,,,,,,,<2361222;2361149;2361221;2361223>,<99;99;99;99>,<1;1;1;1>,,<<1>;1;<0;1;0>;1>,,,
236161,,,,0,14,,,,,,,<2361133;2361151;2361162>,<99;99;99>,"<1;moreE(self:star(),8) and 1 or 0;1>",,<1;1;1>,,,
236162,,,,0,14,,,,,,,<2361140;2361171>,<99;99>,<1;1>,,<1;1>,,,
236511,,,,,3,,,,14,,,,,,,,9211,,
236521,,,,,3,,,,14,,,,,,,,9221,,
236531,,,,,3,,,,14,,,,,,,,9231,,
236532,,,,,,enemyForce|nodead,useOtherProcess(236131),,,,,,,,,,9232,,
236561,,,,0,14,,,,,,,<2361220;2361138>,<99;99>,<1;1>,,<1;1>,,,
236611,,,,,3,,,,14,,,,,,,,9211,,
236621,,,,,3,,,,14,,,,,,,,9221,,
236631,,,,,3,,,,14,,,,,,,,9231,,
236632,,,,,,enemyForce|nodead,useOtherProcess(236131),,,,,,,,,,9232,,
236661,,,,0,14,,,,,,,<2361221;2361222;2361149>,<99;99;99>,<1;1;1>,,<<0;0;0>;<1>;1>,,,
238111,,,,,,,,,,,,,,,,,238111,,
238112,,,,,,,,,,,,,,,,,,,
238113,,,,,,,,,,,,<2381121>,<2>,,,<target:flag(99) and -self:BhpMax()*0.3 or -target:hpMax()*0.15>,,,
238114,,,,0,14,,,,,,,<2381161>,<2>,<self:flagZ1() and 1 or 0>,,<self:damage()*0.25>,,,
238121,,,,,4,,,,,,,,,,,,238121,,
238122,,,,0,14,,,,,,,<2381122;2381144>,<99;2>,<1;1>,,<self:BhpMax()*(0.3+0.2*(self:flagZ2() and 1 or 0));5000>,,,
238131,,,,,11,,,,,,,,,,,,238131,,
238132,,,,,11,,,,,,,,,,,,,,
238133,,,,,11,,,,,,,<2381136;2381162>,<1;1>,<1;self:flagZ3() and 1 or 0>,,<self:hpMax()*0.15+0.05*(self:flagZ3() and 1 or 0);self:curSkill():getTotalDamage()*0.6+self:hpMax()*0.12>,,,
238134,,,,0,14,,,,,,,<2381130;2381131;2381147>,<99;99;99>,"<moreE(self:star(),11) and 1 or 0;moreE(self:star(),11) and 1 or 0;1>",,<2000;-250;1500>,,,
238161,,,,0,14,,,,,,,<2381148;2381124;2381125;2381126;2381127;2381128;2381132;2381139;2381141;2381138;2381134;2381151;2381142>,<4;4;4;4;4;4;99;4;99;4;99;4;99>,"<moreE(self:getBuffOverlayCount(2381129),4) and 0 or 1;moreE(self:getBuffOverlayCount(2381129),4) and 0 or 1;moreE(self:getBuffOverlayCount(2381129),4) and 0 or 1;moreE(self:getBuffOverlayCount(2381129),4) and 0 or 1;moreE(self:getBuffOverlayCount(2381129),4) and 0 or 1;moreE(self:getBuffOverlayCount(2381129),4) and 0 or 1;1;moreE(self:getBuffOverlayCount(2381129),4) and 0 or 1;1;moreE(self:getBuffOverlayCount(2381129),4) and 0 or 1;1;moreE(self:getBuffOverlayCount(2381129),4) and 0 or 1;1>",,<1500;self:defence()*(0.5+skillLevel*0.004-0.004);self:specialDefence()*(0.5+skillLevel*0.004-0.004);5000+skillLevel*40-40;-self:damage()*0.5;-self:specialDamage()*0.5;0;-5000;<2;-1>;0;0;self:BhpMax()*(0.5+skillLevel*0.004-0.004);0>,,,
238162,,,,0,3,,,,,,,<2381133>,<99>,,,<0>,,,
238163,,,,,,selfForce,"attrDiffer(""natureType"", {15,11})",,,,,<2381135>,<99>,"<moreE(self:star(),8) and 1 or 0>",,<self:BhpMax()*0.3>,,,
239111,,,,,,,,,,,,,,,,,239111,,
239112,,,,0,14,,,,,,,<2391166;2391167;2391168>,<2;2;2>,<1;1;self:flagZ1() and 1 or 0>,,<self:defence()*(self:flagZ1() and 1 or 0.5);self:specialDefence()*(self:flagZ1() and 1 or 0.5);3000>,,,
239113,,,,0,14,,,,,,,<2391140>,<99>,,,<1>,,,
239121,,,,,,,,,,,,,,,,,239121,,
239122,,,,,,,,,,,,,,,,,,,
239123,,,,,,selfForce,selfColumn,,,,,<2391161>,<2>,,,<1500+500*(self:flagZ2() and 1 or 0)>,,,
239124,,,,0,14,,,,,,,<2391140;2391140>,<99;99>,<1;1>,,<1;1>,,,
239125,,,,0,11,,,,,,,,,,,,,,
239131,,,,,2,,,,,,,,,,,,239131,,
239132,,,,,2,,,,,,,,,,,,239132,,
239133,,,,,2,,,,,,,<2391126>,<1>,,,<-250>,,,
239134,,,,0,14,,,,,,,<2391127;2391162>,"<2+(moreE(self:star(),11) and 1 or 0);2+(moreE(self:star(),11) and 1 or 0)>",<1;1>,,"<moreE(self:star(),11) and 2393 or 2392;self:hpMax()*(0.45-0.2*((getGateType() == 10 or getGateType() == 14) and 1 or 0))>",,,
239135,,,,0,14,,,,,,,<2391140;2391140;2391140>,<99;99;99>,<1;1;1>,,<1;1;1>,,,
239136,,,,0,14,,,,,,,<2391145;2391147;2391172>,"<1;2+(moreE(self:star(),11) and 1 or 0);99>","<1;moreE(self:star(),11) and 1 or 0;self:flagZ3() and 1 or 0>",,<(self:lostHp())*(0.3-0.1*((getGateType() == 10 or getGateType() == 14) and 1 or 0));0;0>,,,
239161,,,,0,14,,,,,,,<2391140;2391140;2391140;2391140;2391140>,<99;99;99;99;99>,"<moreE(getForceNum(self:force()),2) and 1 or 0;moreE(getForceNum(self:force()),3) and 1 or 0;moreE(getForceNum(self:force()),4) and 1 or 0;moreE(getForceNum(self:force()),5) and 1 or 0;moreE(getForceNum(self:force()),6) and 1 or 0>",,<1;1;1;1;1>,,,
239162,,,,0,14,,,,,,,<2391141;2391143;2391146;2391132;2391181;2391182;2391183;2391184>,<99;99;99;99;99;99;99;99>,<1;1;1;1;self:flagZ1() and 1 or 0;self:flagZ2() and 1 or 0;self:flagZ3() and 1 or 0;self:flagZ4() and 1 or 0>,,<1;1;1;1;1;1;1;1>,,,
239163,,,,0,11,,,,,,,<2391123>,<99>,<(self:flagZ4() and (target:nature(1) ==14 or target:nature(2) ==14 or target:nature(1) ==16 or target:nature(2) ==16)) and 1 or 0>,,<self:hpMax()*0.23>,,,
239211,,,,,,,,,,,,,,,,,198111,,
239212,,,,,,,,,,,,,,,,,198112,,
239213,,,,0,14,,,,,,,<2391166;2391167;2391168>,<2;2;2>,<1;1;(self:flagZ1() or self:hasBuff(2391181))and 1 or 0>,,<self:defence()* 0.5;self:specialDefence()*0.5;1500>,,,
239214,,,,0,14,,,,,,,<2391140>,<99>,,,<1>,,,
239221,,,,,4,,,,,,,,,,,,198121,,
239222,,,,,4,,,,,,,,,,,,,,
239223,,,,,,selfForce,selfColumn,,,,,<2391161>,<2>,,,<1500+500*(self:flagZ2() and 1 or 0)>,,,
239224,,,,0,14,,,,,,,<2391140;2391140>,<99;99>,<1;1>,,<1;1>,,,
239225,,,,,4,,,,,,,<2391134>,<2>,<0.5+0.3*((getGateType() == 10 or getGateType() == 14) and 0 or 1)>,,<0>,,,
239226,,,,0,11,,,,,,,<2391123>,<99>,<((self:flagZ2() or self:hasBuff(2391182)) and (target:nature(1) ==14 or target:nature(2) ==14 or target:nature(1) ==16 or target:nature(2) ==16)) and 1 or 0>,,<self:hpMax()*0.23>,,,
239231,,,,,11,,,,,,,,,,,,198131,,
239232,,,,,11,,,,,,,,,,,,198132,,
239233,,,,,11,,,,,,,<2391126>,<1>,,,<-250>,,,
239234,,,,0,14,,,,,,,,,,,,,,
239235,,,,0,14,,,,,,,<2391140;2391140;2391140>,<99;99;99>,<1;1;1>,,<1;1;1>,,,
239236,,,,,,enemyForce|nodead,"attr(""mp1"",""max"",4)",,,,,<2391134>,<2>,<0.5+0.25*((getGateType() == 10 or getGateType() == 14) and 0 or 1)>,,<0>,,,
239237,,,,0,14,,,,,,,,,,,,,,
239238,,,,0,14,,,,,,,,,,,,,,
239261,,,,0,14,,,,,,,<2391140;2391140;2391140;2391140;2391140>,<99;99;99;99;99>,"<moreE(getForceNum(self:force()),2) and 1 or 0;moreE(getForceNum(self:force()),3) and 1 or 0;moreE(getForceNum(self:force()),4) and 1 or 0;moreE(getForceNum(self:force()),5) and 1 or 0;moreE(getForceNum(self:force()),6) and 1 or 0>",,<1;1;1;1;1>,,,
239262,,,,0,14,,,,,,,<2391141;2391143;2391146;2391132;2391181;2391182;2391183;2391184>,<99;99;99;99;99;99;99;99>,<1;1;1;1;self:flagZ1() and 1 or 0;self:flagZ2() and 1 or 0;self:flagZ3() and 1 or 0;self:flagZ4() and 1 or 0>,,<1;1;1;1;1;1;1;1>,,,
239263,,,,0,14,,,,,,,<2391123>,<99>,<((self:flagZ4() or self:hasBuff(2391184)) and (target:nature(1) ==14 or target:nature(2) ==14 or target:nature(1) ==16 or target:nature(2) ==16)) and 1 or 0>,,<self:hpMax()*0.23>,,,
240111,,,,,,,,,,,,<2401100;2401101>,<1;1>,<1;1>,,<0;0>,240111,,
240112,,,,,,selfForce,"buffDifferExclude('group',{c.egg_chaopin_fly_bingzhu_oc()})|hpRatioMin",,,,,<2401121>,<1>,<self:hasBuff(2401163) and 1 or 0>,,<self:hpMax()*(self:flagZ1() and 0.15 or 0.1)>,,,
240113,,,,,,selfForce,"buffDifferExclude('group',{c.egg_chaopin_fly_bingzhu_oc()})|attr(""hp"",""min"",1)",,,,,<2401122>,<2>,<self:hasBuff(2401162) and 1 or 0>,,<self:flagZ1() and 1500 or 1000>,,,
240121,,,,0,,,,,,,,,,,,,240121,,
240122,,,,0,,,,,,,,<2401134;2401133>,<1;1>,<1;1>,,<target:hpMax();0>,,,
240131,,,,,,selfForce,"buffDifferExclude('group',{c.egg_chaopin_fly_bingzhu_oc()})|hpRatioMin",,,,,,,,,,240131,,
240132,,,,0,14,,,,,,,,,,,,,,
240133,,,,,,selfForce,otherProcessExcept(240132),,,,,,,,,,,,
240134,,,,,,selfForce,useOtherProcess(240131),,,,,<2401134;2401125;2401136>,<1;1;1>,"<1;1;self:hasBuff(2401163) and (moreE(self:star(),11)and 1 or 0) or 0>",,<target:hpMax();0;0>,,,
240135,,,,0,14,,,,,,,<2401130;2401163>,<2;99>,"<(moreE(self:star(),11) and (self:hasBuff(2401162) and 1 or 0) or 0);(moreE(self:star(),11) and (self:hasBuff(2401162) and 1 or 0) or 0)>",,<0;0>,,,
240136,,,,,,,,,,,,,,,,,,,
240161,,,,0,14,,,,,,,<2401161;2401162;2401167>,<99;99;99>,<1;1;1>,,<0;0;0>,,,
240171,,,,,,all|nodead,,,,,,<2401169>,<99>,"<(moreE(self:star(),8) and 1 or 0)>",,<0>,,,
243111,,,,,,,,,,,,,,,,,243111,,
243112,,,,,,,,,,,,,,,,,243112,,
243113,,,,,,,,,,,,<2431121;2431124;2431155>,<1;1;1>,<1;1;1>,,<1;1;1>,,,
243114,,,,,,,,,,,,<2431148>,<1>,"<(moreE(self:star(),8) and target:hasBuffGroup(22,34)) and 1 or 0>",,"<list(list(1001,1002,1003,1004,1005,1011,1012,1013,1014,1015,1021,1022,1023,1024,1025,1201,1202,1203,1211,1212,1213,1221,1222,1223,1401,1411,1421,1431,1441,1451),2,1)>",,,
243121,,,,,2,,,,,,,,,,,,243121,,
243122,,,,,2,,,,,,,<2431127>,<1>,<0.8>,,<2>,,,
243123,,,,0,14,,,,,,,<2431128;2431160;2431161>,<1;2;2>,<1;self:flagZ2() and 1 or 0;self:flagZ2() and 1 or 0>,,<0.5;self:curSkill():getTotalDamage()*0.5;1>,,,
243124,,,,,4,,,,,,,<2431148>,<1>,"<(moreE(self:star(),8) and target:hasBuffGroup(22,34)) and 1 or 0>",,"<list(list(1001,1002,1003,1004,1005,1011,1012,1013,1014,1015,1021,1022,1023,1024,1025,1201,1202,1203,1211,1212,1213,1221,1222,1223,1401,1411,1421,1431,1441,1451),2,1)>",,,
243131,,,,,11,,,,,,,,,,,,243131,,
243132,,,,,11,,,,,,,,,,,,243132,,
243133,,,,,11,,,,,,,<2431129>,<1>,<(self:flagZ3() and 0.2 or 0)+0.42+(self:controlPer()-target:immuneControl())*0.4>,,<2>,,,
243134,,,,0,14,,,,,,,<2431144>,<1>,"<moreE(self:star(),11) and 1 or 0>",,<5000>,,,
243135,,,,,11,,,,,,,<2431148>,<1>,"<(moreE(self:star(),8) and target:hasBuffGroup(22,34)) and 1 or 0>",,"<list(list(1001,1002,1003,1004,1005,1011,1012,1013,1014,1015,1021,1022,1023,1024,1025,1201,1202,1203,1211,1212,1213,1221,1222,1223,1401,1411,1421,1431,1441,1451),2,1)>",,,
243141,,,,0,11,,,,,,,<2431137;2431170>,<99;99>,<(target:nature(1) == 11 or target:nature(2) == 11 or target:nature(1) == 7 or target:nature(2) == 7) and 1 or 0;((target:nature(1) == 11 or target:nature(2) == 11 or target:nature(1) == 7 or target:nature(2) == 7) and self:flagZ4()) and 1 or 0>,,<1;1>,,,
243161,,,,0,11,,,,,,,<2431174>,<99>,<((target:nature(1) == 11 or target:nature(2) == 11 or target:nature(1) == 7 or target:nature(2) == 7) and self:flagZ4()) and 1 or 0>,,<0>,,,
243162,,,,0,14,,,,,,,<2431134;2431136;2431147;2431171>,<99;99;99;1>,"<1;1;moreE(self:star(),8) and 1 or 0;((target:nature(1) == 11 or target:nature(2) == 11 or target:nature(1) == 7 or target:nature(2) == 7) and self:flagZ4()) and 1 or 0>",,<1;<>;0;0>,,,
243211,,,,,,,,,,,,,,,,,243211,,
243212,,,,,,,,,,,,<2431121;2431124;2431155>,<1;1;1>,<1;1;1>,,<1;1;1>,,,
243213,,,,,,,,,,,,<2431148>,<1>,"<(moreE(self:star(),8) and target:hasBuffGroup(22,34)) and 1 or 0>",,"<list(list(1001,1002,1003,1004,1005,1011,1012,1013,1014,1015,1021,1022,1023,1024,1025,1201,1202,1203,1211,1212,1213,1221,1222,1223,1401,1411,1421,1431,1441,1451),2,1)>",,,
243221,,,,,4,,,,,,,,,,,,243221,,
243222,,,,,4,,,,,,,<2431127>,<1>,<0.8>,,<2>,,,
243223,,,,0,14,,,,,,,<2431128;2431160>,<1;2>,<1;self:flagZ2() and 1 or 0>,,<0.5;0.5>,,,
243224,,,,,4,,,,,,,<2431148>,<1>,"<(moreE(self:star(),8) and target:hasBuffGroup(22,34)) and 1 or 0>",,"<list(list(1001,1002,1003,1004,1005,1011,1012,1013,1014,1015,1021,1022,1023,1024,1025,1201,1202,1203,1211,1212,1213,1221,1222,1223,1401,1411,1421,1431,1441,1451),2,1)>",,,
243231,,,,,11,,,,,,,,,,,,243231,,
243232,,,,,11,,,,,,,,,,,,243232,,
243233,,,,,11,,,,,,,<2431129>,<1>,<(self:flagZ3() and 0.1 or 0)+0.42+(self:controlPer()-target:immuneControl())*0.4>,,<2>,,,
243234,,,,0,14,,,,,,,<2431144>,<1>,"<moreE(self:star(),11) and 1 or 0>",,<5000>,,,
243235,,,,,11,,,,,,,<2431148>,<1>,"<(moreE(self:star(),8) and target:hasBuffGroup(22,34)) and 1 or 0>",,"<list(list(1001,1002,1003,1004,1005,1011,1012,1013,1014,1015,1021,1022,1023,1024,1025,1201,1202,1203,1211,1212,1213,1221,1222,1223,1401,1411,1421,1431,1441,1451),2,1)>",,,
243241,,,,0,11,,,,,,,<2431137;2431170>,<99;99>,<(target:nature(1) == 16 or target:nature(2) == 16 ) and 1 or 0;((target:nature(1)==16 or target:nature(2)==16 or target:nature(1)==14 or target:nature(2)==14) and self:flagZ4()) and 1 or 0>,,<1;1>,,,
243261,,,,0,11,,,,,,,<2431174>,<99>,<((target:nature(1)==16 or target:nature(2)==16 or target:nature(1)==14 or target:nature(2)==14) and self:flagZ4()) and 1 or 0>,,<0>,,,
243262,,,,0,14,,,,,,,<2431134;2431136;2431147;2431171>,<99;99;99;1>,"<1;1;moreE(self:star(),8) and 1 or 0;((target:nature(1)==16 or target:nature(2)==16 or target:nature(1)==14 or target:nature(2)==14) and self:flagZ4()) and 1 or 0>",,<1;<>;0;0>,,,
244111,,,,,,,,,,,,,,,,,244111,,
244112,,,,0,14,,,,,,,<2441211;2441212>,<2;2>,<1;1>,,<self:defence()*(0.6+0.2*(self:flagZ1() and 1 or 0));self:specialDefence()*(0.6+0.2*(self:flagZ1() and 1 or 0))>,,,
244121,,,,,,,,,,,,,,,,,244121,,
244122,,,,,,selfForce()|nodead,selfRow,,,,,<2441213;2441214;2441253>,<1;1;1>,<self:flagZ2() and 0 or 1;1;self:flagZ2() and 1 or 0>,,<0;self:flagZ2() and self:specialDamage() or self:specialDamage()*0.8;0>,,,
244131,,,,,,enemyForce|nodead,,"{process={key=(self:force()==target:force());value=<row(true,true,false)|random(1);curSelected>}}",,,,,,,,,244131,{targetCanBeEmpty=True},
244132,,,,,,enemyForce|nodead,useOtherProcess(244131),,,,,,,,,,244132,,
244133,,,,,,selfForce()|nodead,"buffDifferExclude('group',{c.egg_fly_bingzhu_oc()})|hpRatioMin",,,,,<2441256;2441257>,<1;1>,<self:flagZ3() and 1 or 0;self:flagZ3() and 1 or 0>,,<self:defence()*1.2;self:specialDefence()*1.2>,244133,,
244134,,,,,,selfForce()|nodead,"buffDifferExclude('group',{c.egg_fly_bingzhu_oc()})|otherProcessExcept(244133)|hpRatioMin",,,,,<2441256;2441257>,<1;1>,<self:flagZ3() and 1 or 0;self:flagZ3() and 1 or 0>,,<self:defence()*1.2;self:specialDefence()*1.2>,244134,"{needUpdateTarget=True;prob=(countForceFilterNum(self:force(),owner,c.filterLevel1())>1 and 1 or 0)}",
244135,,,,,,selfForce()|nodead,"buffDifferExclude('group',{c.egg_fly_bingzhu_oc()})|otherProcessExcept(244134)|hpRatioMin",,,,,<2441256;2441257>,<1;1>,<self:flagZ3() and 1 or 0;self:flagZ3() and 1 or 0>,,<self:defence()*1.2;self:specialDefence()*1.2>,244135,"{needUpdateTarget=True;prob=(countForceFilterNum(self:force(),owner,c.filterLevel1())>1 and 1 or 0)}",
244136,,,,,,selfForce()|nodead,"buffDifferExclude('group',{c.egg_fly_bingzhu_oc()})|otherProcessExcept(244135)|hpRatioMin",,,,,<2441256;2441257>,<1;1>,<self:flagZ3() and 1 or 0;self:flagZ3() and 1 or 0>,,<self:defence()*1.2;self:specialDefence()*1.2>,244136,"{needUpdateTarget=True;prob=(countForceFilterNum(self:force(),owner,c.filterLevel1())>1 and 1 or 0)}",
244137,,,,,,selfForce()|nodead,"useOtherProcess(244133,244134,244135,244136)|exclude(list(csvSelf:id()))",,,,,,,,,,244137,{needUpdateTarget=True},
244138,,,,,,selfForce()|nodead,"useOtherProcess(244131,244133,244134,244135,244136)|exclude(list(csvSelf:id()))",,,,,,,,,,244138,,
244139,,,,0,14,,,,,,,<2441229;2441108>,<1;99>,<1;1>,,<0;0>,,,
244140,,,,,,selfForce()|nodead,,"{process={key=moreE(self:star(),11);value=<buffDifferExclude('group',{c.miansi_egg_chaopin_fly_bingzhu_oc()})|attr(""hp"",""min"",3);buffDifferExclude('group',{c.miansi_egg_chaopin_fly_bingzhu_oc()})|attr(""hp"",""min"",2)>}}",,,,<2441217>,<99>,<self:hasBuff(2441108) and 0 or 1>,,<<1;1;0;0;10>>,,,
244161,,,,0,14,,,,,,,<2441101;2441107;2441243>,<99;99;2>,<1;1;1>,,<0;0;0>,,,
244162,,,,0,14,,,,,,,<2441217;2441100>,<99;99>,<(self:flagZ4() and not self:hasBuff(2441217)) and 1 or 0;self:flagZ4() and 1 or 0>,,<<1;1;0;0;10>;1>,,,
244211,,,,,,,,,,,,,,,,,244211,,
244212,,,,0,14,,,,,,,<2442211;2442212>,<2;2>,<1;1>,,<self:damage()*(0.2+0.1*(self:flagZ1() and 1 or 0));self:specialDamage()*(0.2+0.1*(self:flagZ1() and 1 or 0))>,,,
244221,,,,,,,,,,,,,,,,,244221,,
244222,,,,,,selfForce|nodead,selfRow,,,,,<2442213;2442213;2442235;2442236>,<self:flagZ2() and 0 or 1;self:flagZ2() and 1 or 0;2;2>,<1;1;1;1>,,"<list(list(list(c.groupdebuff_oc()),list(2442214,2442215,2442216,2442217,2442218,2442219,2442220,2442221,2442222,2442223),list(2,list(self:speed()*0.1,self:damage()*0.1,self:specialDamage()*0.1,1000,1000,1000,1000,1000,1000,1000)),1,2));list(list(list(c.groupdebuff_oc()),list(2442214,2442215,2442216,2442217,2442218,2442219,2442220,2442221,2442222,2442223),list(2,list(self:speed()*0.1,self:damage()*0.1,self:specialDamage()*0.1,1000,1000,1000,1000,1000,1000,1000)),random(1,2),2));self:flagZ2() and 1500 or 1000;self:flagZ2() and 1500 or 1000>",,,
244231,,,,,,,,,,,,<2442251;2442252>,<1;1>,<self:flagZ4() and 1 or 0;self:flagZ4() and 1 or 0>,,<-2000;-2000>,244231,{needUpdateTarget=True},
244232,,,,,,enemyForce|nodead,random(1),,,,,<2442251;2442252>,<1;1>,<self:flagZ4() and 1 or 0;self:flagZ4() and 1 or 0>,,<-2000;-2000>,244232,{needUpdateTarget=True},
244233,,,,,,enemyForce|nodead,random(1),,,,,<2442251;2442252>,<1;1>,<self:flagZ4() and 1 or 0;self:flagZ4() and 1 or 0>,,<-2000;-2000>,244233,"{needUpdateTarget=True;prob=(moreE(self:star(),11) and 1 or 0)}",
244234,,,,,,enemyForce|nodead,"useOtherProcess(244231,244232,244233)",,,,,,,,,,244234,{needUpdateTarget=True},
244235,,,,0,14,,,,,,,<2442244;2441109;2442129;2442130>,<1;99;99;99>,<1;1;1;1>,,<0;0;1500;self:BspecialDamage()*0.15>,,,
244236,,,,,,selfForce()|nodead,,"{process={key=moreE(self:star(),11);value=<buffDifferExclude('group',{c.miansi_egg_chaopin_fly_bingzhu_oc()})|attr(""hp"",""min"",3);buffDifferExclude('group',{c.miansi_egg_chaopin_fly_bingzhu_oc()})|attr(""hp"",""min"",2)>}}",,,,<2442239>,<99>,<self:hasBuff(2441109) and 0 or 1>,,<<1;1;0;0;10>>,,,
244261,,,,0,14,,,,,,,<2441103;2441107;2441243>,<99;99;2>,<1;1;1>,,<0;0;0>,,,
244262,,,,0,14,,,,,,,<2441217;2441100>,<99;99>,<(self:flagZ4() and not self:hasBuff(2441217)) and 1 or 0;self:flagZ4() and 1 or 0>,,<<1;1;0;0;10>;1>,,,
246111,,,,,3,,,,2,,,,,,,,246111,,
246112,,,,0,14,,,,,,,<574111;574112>,<self:flagZ1() and 3 or 2;self:flagZ1() and 3 or 2>,<1;1>,,<self:flagZ1() and 3000 or 2000;self:flagZ1() and 3000 or 2000>,,,
246113,,,,,,enemyForce|nodead,random(1),,,,,<2461111;2461114>,<2;1>,<1;self:flagZ1() and 1 or 0>,,<self:specialDamage()*0.4;1>,246113,{needUpdateTarget=True},
246114,,,,,,enemyForce|nodead,"useOtherProcess(246111,246112,246113)",,,,,,,,,,,,
246121,,,,,,,,,,,,<2461114;2461228>,<2;1>,<1;1>,,<self:specialDamage()*0.4;1>,246121,,
246122,,,,,,enemyForce | nodead,backRowRandom(1),,,,,<2461114;2461206;2461228>,<2;1;1>,<1;1;1>,,<self:specialDamage()*0.4;1;1>,246122,,
246123,,,,,,selfForce()|nodead,"exclude(list(csvSelf:id()))|rowfront|attrDiffer(""natureType"", {2,11})",,,,,<2461207>,<1>,,,<1>,,,
246124,,,,,,selfForce()|nodead,"exclude(list(csvSelf:id()))|rowback|attrDiffer(""natureType"", {2,11})",,,,,<2461208>,<1>,,,<1>,,,
246125,,,,,,selfForce()|nodead,,"{process={key=more(countObjByBuff(self:force(),{2461207}),0);value=<exclude(list(csvSelf:id()))|buffDifferExclude('group',{c.chaopin_fly_bingzhu_oc()})|attrDiffer(""natureType"", {2,11})|frontRowRandom(1);exclude(list(csvSelf:id()))|buffDifferExclude('group',{c.chaopin_fly_bingzhu_oc()})|frontRowRandom(1)>}}",,,,<2461209>,<1>,,,<1>,,,
246126,,,,,,selfForce()|nodead,,"{process={key=more(countObjByBuff(self:force(),{2461208}),0);value=<exclude(list(csvSelf:id()))|buffDifferExclude('group',{c.chaopin_fly_bingzhu_oc()})|attrDiffer(""natureType"", {2,11})|backRowRandom(1);exclude(list(csvSelf:id()))|buffDifferExclude('group',{c.chaopin_fly_bingzhu_oc()})|backRowRandom(1)>}}",,,,<2461210>,<1>,,,<1>,,,
246127,,,,0,14,,,,,,,<2461204>,<99>,,,<1>,,,
246131,,,,,11,,,,,,,,,,,,246131,,
246132,,,,,11,,,,,,,,,,,,246132,,
246133,,,,,11,,,,,,,,,,,,246133,,
246134,,,,,,selfForce()|nodead,"exclude(list(csvSelf:id()))|attrDiffer(""natureType"", {2})",,,,,<2461311;2461335>,<1;1>,"<((target:nature(1)==2 or target:nature(2)==2)  and (moreE(self:star(),11)) ) and 1 or 0;((target:nature(1)==2 or target:nature(2)==2)  and (moreE(self:star(),11)) ) and 1 or 0>",,<<list();1;0>;1>,,,
246135,,,,0,11,,,,,,,<2461316;2461320;2461321>,<2;2;2>,<1;1;1>,,<1;self:damage()*0.2;self:specialDamage()*0.2>,,,
246136,,,,,,enemyForce|nodead,"buffDifferExclude('group',{c.egg_fly_bingzhu_oc()})|attr(""mp1"",""max"",1)",,,,,<2461312;2461314;2461337>,<2;2;1>,"<moreE(self:star(),11) and 1 or 0;moreE(self:star(),11) and 1 or 0;self:flagZ3() and 1 or 0>",,<1;-1200;1>,,,
246137,,,,0,14,,,,,,,<2461315>,<2>,<0>,,<1>,,,
246141,,,,0,14,,,,,,,<2461611>,<99>,,,<1>,,,
246161,,,,,,selfForce()|nodead,"exclude(list(csvSelf:id()))|attrDiffer(""natureType"", {2})",,,,,<2461648;2461649>,<99;99>,<1;1>,,<1;1>,,,
246162,,,,0,14,,,,,,,<2461649;2461379;2461681>,<99;99;99;99;2>,"<0;moreE(self:star(),8) and 1 or 0;moreE(self:star(),8) and 1 or 0;1;1>",,<1;1;1;1;1>,,,
246211,,,,,,,,,,,,<2461111;2461114;2461652>,<2;1;1>,<1;self:flagZ1() and 1 or 0;1>,,<self:specialDamage()*0.4;1;1>,246211,,
246212,,,,,,enemyForce|nodead,random(1),,,,,<2461111;2461114;2461652>,<2;1;1>,<1;self:flagZ1() and 1 or 0;1>,,<self:specialDamage()*0.4;1;1>,246212,{needUpdateTarget=True},
246213,,,,,,enemyForce|nodead,random(1),,,,,<2461111;2461114;2461652>,<2;1;1>,<1;self:flagZ1() and 1 or 0;1>,,<self:specialDamage()*0.4;1;1>,246213,{needUpdateTarget=True},
246214,,,,,,enemyForce|nodead,"useOtherProcess(246211,246212,246213)",,,,,,,,,,,,
246311,,,,,,,,,,,,<2461111;2461114;2463652>,<2;1;1>,<1;self:flagZ1() and 1 or 0;1>,,<self:specialDamage()*0.4;1;1>,246311,,
246312,,,,,,enemyForce|nodead,random(1),,,,,<2461111;2461114>,<2;1>,<1;self:flagZ1() and 1 or 0>,,<self:specialDamage()*0.4;1>,246312,{needUpdateTarget=True},
246313,,,,,,enemyForce|nodead,random(1),,,,,<2461111;2461114>,<2;1>,<1;self:flagZ1() and 1 or 0>,,<self:specialDamage()*0.4;1>,246313,{needUpdateTarget=True},
246314,,,,,,enemyForce|nodead,"useOtherProcess(246311,246312,246313)",,,,,,,,,,,,
246321,,,,,,,,,,,,<2461114;2461228>,<2;1>,<1;1>,,<self:specialDamage()*0.4;1>,246321,,
246322,,,,,,enemyForce | nodead,backRowRandom(1),,,,,<2461114;2461206;2461228>,<2;1;1>,<1;1;1>,,<self:specialDamage()*0.4;1;1>,246322,,
246323,,,,,,selfForce()|nodead,"exclude(list(csvSelf:id()))|rowfront|attrDiffer(""natureType"", {2,11})",,,,,<2461207>,<1>,,,<1>,,,
246324,,,,,,selfForce()|nodead,"exclude(list(csvSelf:id()))|rowback|attrDiffer(""natureType"", {2,11})",,,,,<2461208>,<1>,,,<1>,,,
246325,,,,,,selfForce()|nodead,,"{process={key=more(countObjByBuff(self:force(),{2461207}),0);value=<exclude(list(csvSelf:id()))|buffDifferExclude('group',{c.chaopin_fly_bingzhu_oc()})|attrDiffer(""natureType"", {2,11})|frontRowRandom(1);exclude(list(csvSelf:id()))|buffDifferExclude('group',{c.chaopin_fly_bingzhu_oc()})|frontRowRandom(1)>}}",,,,<2461209>,<1>,,,<1>,,,
246326,,,,,,selfForce()|nodead,,"{process={key=more(countObjByBuff(self:force(),{2461208}),0);value=<exclude(list(csvSelf:id()))|buffDifferExclude('group',{c.chaopin_fly_bingzhu_oc()})|attrDiffer(""natureType"", {2,11})|backRowRandom(1);exclude(list(csvSelf:id()))|buffDifferExclude('group',{c.chaopin_fly_bingzhu_oc()})|backRowRandom(1)>}}",,,,<2461210>,<1>,,,<1>,,,
246327,,,,0,14,,,,,,,<2461204>,<99>,,,<1>,,,
246331,,,,,11,,,,,,,,,,,,246331,,
246332,,,,,11,,,,,,,,,,,,246332,,
246333,,,,,11,,,,,,,<2461114>,<2>,,,<self:specialDamage()*0.4>,,,
246334,,,,,,selfForce()|nodead,"exclude(list(csvSelf:id()))|attrDiffer(""natureType"", {2})",,,,,<2461311;2461335>,<1;1>,"<((target:nature(1)==2 or target:nature(2)==2)  and (moreE(self:star(),11)) ) and 1 or 0;((target:nature(1)==2 or target:nature(2)==2)  and (moreE(self:star(),11)) ) and 1 or 0>",,<<list();1;0>;1>,,,
246335,,,,0,11,,,,,,,<2461316;2461320;2461321>,<2;2;2>,<1;1;1>,,<1;self:damage()*0.2;self:specialDamage()*0.2>,,,
246336,,,,,,enemyForce|nodead,"buffDifferExclude('group',{c.egg_fly_bingzhu_oc()})|attr(""mp1"",""max"",1)",,,,,<2461312;2461314;2461337>,<2;2;1>,"<moreE(self:star(),11) and 1 or 0;moreE(self:star(),11) and 1 or 0;self:flagZ3() and 1 or 0>",,<1;-1200;1>,,,
246337,,,,0,14,,,,,,,<2461315>,<2>,<0>,,<1>,,,
246341,,,,0,14,,,,,,,<2461611>,<99>,,,<1>,,,
246361,,,,,,selfForce()|nodead,"exclude(list(csvSelf:id()))|attrDiffer(""natureType"", {2})",,,,,<2461648;2461649>,<99;99>,<1;1>,,<1;1>,,,
246362,,,,0,14,,,,,,,<2461649;2461379;2461660;2461681;2461316>,<99;99;99;99;2>,"<0;moreE(self:star(),8) and 1 or 0;moreE(self:star(),8) and 1 or 0;1;1>",,<1;1;1;1;1>,,,
246391,,,,,,,,,,,,<2461111;2461114;2463652>,<2;1;1>,<1;self:flagZ1() and 1 or 0;1>,,<self:specialDamage()*0.4;1;1>,246391,,
246392,,,,,,enemyForce|nodead,random(1),,,,,<2461111;2461114;2463652>,<2;1;1>,<1;self:flagZ1() and 1 or 0;1>,,<self:specialDamage()*0.4;1;1>,246392,{needUpdateTarget=True},
246393,,,,,,enemyForce|nodead,random(1),,,,,<2461111;2461114;2463652>,<2;1;1>,<1;self:flagZ1() and 1 or 0;1>,,<self:specialDamage()*0.4;1;1>,246393,{needUpdateTarget=True},
246394,,,,,,enemyForce|nodead,"useOtherProcess(246391,246392,246393)",,,,,,,,,,,,
247111,,,,,,,,,,,,,,,,,247111,,
247112,,,,,,,,,,,,<2471111>,<1>,"<target:hasBuffGroup(1500,1510,1520) and 0 or (self:flagZ1() and 0.4 or 0.2)>",,<0>,,,
247121,,,,,,,,,,,,,,,,,247121,,
247122,,,,0,14,,,,,,,,,,,,,,
247123,,,,,,selfForce|nodead,"otherProcessExcept(247122)|buffDiffer('groupFilter',{{beDispel=1},{c.groupdebuff_oc()}})|random(csvSelf:flagZ2() and 5 or 3)",,,,,<2471114>,<1>,,,"<list(list(c.groupdebuff_oc()),2,1)>",,,
247131,,,,,11,,,,,,,,,,,,247131,,
247132,,,,,11,,,,,,,,,,,,,,
247133,,,,,11,,,,,,,<2471116>,<1>,,,<0>,,,
247141,,,,0,11,,,,,,,<2471151>,<99>,,,"<(10+(skillLv(24716,24726,24736) or 0)*0.1-0.1)*100>",,,
247161,,,,0,14,,,,,,,<2471140;2471141;2471150;2471161>,<99;99;99;99>,"<self:flagZ4() and 1 or 0;(moreE(self:star(),8) and 1 or 0);1;1>",,"<0;list(list(c.groupbuff_oc()),5,99);0;list(list(list(c.groupdebuff_oc()),list(2471162,2471163,2471164,2471165,2471166,2471167,2471168,2471169,2471170,2471171,2471172,2471173,2471174,2471175,2471176,2471177,2471178,2471179,2471180,2471181,2471182),list(2,list(self:speed()*0.1,self:damage()*0.1,self:specialDamage()*0.1,1000,1000,1000,self:defence()*0.1,self:specialDefence()*0.1,1000,1000,1000,1000,2000,1000,1000,1000,1000,1000,1000,1000,1000))))>",,,
247211,,,,,,,,,,,,,,,,,247211,,
247212,,,,,,,,,,,,<2471111>,<1>,"<target:hasBuffGroup(1500,1510,1520) and 0 or (self:flagZ1() and 0.4 or 0.2)>",,<0>,,,
247221,,,,,,,,,,,,,,,,,247221,,
247222,,,,0,14,,,,,,,,,,,,,,
247223,,,,,,selfForce|nodead,"otherProcessExcept(247222)|buffDiffer('groupFilter',{{beDispel=1},{c.groupdebuff_oc()}})|random(csvSelf:flagZ2() and 5 or 3)",,,,,<2471114>,<1>,,,"<list(list(c.groupdebuff_oc()),2,1)>",,,
247231,,,,,11,,,,,,,,,,,,247231,,
247232,,,,,11,,,,,,,,,,,,247232,,
247233,,,,,11,,,,,,,<2471116>,<1>,,,<0>,,,
247241,,,,0,11,,,,,,,<2471151>,<99>,,,"<(10+(skillLv(24716,24726,24736) or 0)*0.1-0.1)*100>",,,
247261,,,,0,14,,,,,,,<2471140;2471141;2471150;2471161>,<99;99;99;99>,"<self:flagZ4() and 1 or 0;(moreE(self:star(),8) and 1 or 0);1;1>",,"<0;list(list(c.groupbuff_oc()),5,99);0;list(list(list(c.groupdebuff_oc()),list(2471162,2471163,2471164,2471165,2471166,2471167,2471168,2471169,2471170,2471171,2471172,2471173,2471174,2471175,2471176,2471177,2471178,2471179,2471180,2471181,2471182),list(2,list(self:speed()*0.1,self:damage()*0.1,self:specialDamage()*0.1,1000,1000,1000,self:defence()*0.1,self:specialDefence()*0.1,1000,1000,1000,1000,2000,1000,1000,1000,1000,1000,1000,1000,1000))))>",,,
247311,,,,,,,,,,,,,,,,,247311,,
247312,,,,,,,,,,,,<2471111>,<1>,"<target:hasBuffGroup(1500,1510,1520) and 0 or (self:flagZ1() and 0.4 or 0.2)>",,<0>,,,
247321,,,,,,,,,,,,,,,,,247321,,
247322,,,,0,14,,,,,,,,,,,,,,
247323,,,,,,selfForce|nodead,"otherProcessExcept(247322)|buffDiffer('groupFilter',{{beDispel=1},{c.groupdebuff_oc()}})|random(csvSelf:flagZ2() and 5 or 3)",,,,,<2471114>,<1>,,,"<list(list(c.groupdebuff_oc()),2,1)>",,,
247331,,,,,11,,,,,,,,,,,,247331,,
247332,,,,,11,,,,,,,,,,,,247332,,
247333,,,,,11,,,,,,,<2471116>,<1>,,,<0>,,,
247341,,,,0,11,,,,,,,<2471151>,<99>,,,"<(10+(skillLv(24716,24726,24736) or 0)*0.1-0.1)*100>",,,
247361,,,,0,14,,,,,,,<2471140;2471141;2471150;2471161>,<99;99;99;99>,"<self:flagZ4() and 1 or 0;(moreE(self:star(),8) and 1 or 0);1;1>",,"<0;list(list(c.groupbuff_oc()),5,99);0;list(list(list(c.groupdebuff_oc()),list(2471162,2471163,2471164,2471165,2471166,2471167,2471168,2471169,2471170,2471171,2471172,2471173,2471174,2471175,2471176,2471177,2471178,2471179,2471180,2471181,2471182),list(2,list(self:speed()*0.1,self:damage()*0.1,self:specialDamage()*0.1,1000,1000,1000,self:defence()*0.1,self:specialDefence()*0.1,1000,1000,1000,1000,2000,1000,1000,1000,1000,1000,1000,1000,1000))))>",,,
248111,,,,,,,,,,,,,,,,,248111,,
248112,,,,0,14,,,,,,,,,,,,,,
248113,,,,0,14,,,,,,,<2481235>,<2>,<self:flagZ1() and 1 or 0>,,<self:damage()*0.1>,,,
248121,,,,,,,,,,,,,,,,,248121,,
248122,,,,0,14,,,,,,,,,,,,,,
248123,,,,0,14,,,,,,,<2481231>,<1>,<self:flagZ2() and 0.4 or 0.2>,,<1>,,,
248131,,,,,4,,,,,,,,,,,,248131,,
248132,,,,0,14,,,,,,,,,,,,,,
248133,,,,,4,,,,,,,<2481233>,<1>,<(self:hasBuff(2481232) and  not target:hasBuffGroup(11)) and 1 or 0>,,"<self:flagZ3() and self:hpMax()*0.45 or (moreEqualThan(self:star(),11) and self:hpMax()*0.3 or self:hpMax()*0.15)>",,,
248161,,,,,,,,,,,,,,,,,,,
248211,,,,,,,,,,,,,,,,,248211,,
248212,,,,0,14,,,,,,,,,,,,,,
248213,,,,0,14,,,,,,,<2481235>,<2>,<self:flagZ1() and 1 or 0>,,<self:damage()*0.1>,,,
248221,,,,,,,,,,,,,,,,,248221,,
248222,,,,0,14,,,,,,,,,,,,,,
248223,,,,0,14,,,,,,,<2481231>,<1>,<self:flagZ2() and 0.4 or 0.2>,,<1>,,,
248231,,,,,4,,,,,,,,,,,,248231,,
248232,,,,0,14,,,,,,,,,,,,,,
248233,,,,,4,,,,,,,<2481233>,<1>,<(self:hasBuff(2481232) and  not target:hasBuffGroup(11)) and 1 or 0>,,"<self:flagZ3() and self:hpMax()*0.45 or (moreEqualThan(self:star(),11) and self:hpMax()*0.3 or self:hpMax()*0.15)>",,,
248261,,,,,,,,,,,,,,,,,,,
248311,,,,,,,,,,,,,,,,,248311,,
248312,,,,0,14,,,,,,,,,,,,,,
248313,,,,0,14,,,,,,,<2481235>,<2>,<self:flagZ1() and 1 or 0>,,<self:damage()*0.1>,,,
248321,,,,,,,,,,,,,,,,,248321,,
248322,,,,0,14,,,,,,,,,,,,,,
248323,,,,0,14,,,,,,,<2481231>,<1>,<self:flagZ2() and 0.4 or 0.2>,,<1>,,,
248331,,,,,4,,,,,,,,,,,,248331,,
248332,,,,,4,,,,,,,,,,,,248332,,
248333,,,,0,14,,,,,,,,,,,,,,
248334,,,,,4,,,,,,,<2481233>,<1>,<(self:hasBuff(2481232) and  not target:hasBuffGroup(11)) and 1 or 0>,,"<self:flagZ3() and self:hpMax()*0.45 or (moreEqualThan(self:star(),11) and self:hpMax()*0.3 or self:hpMax()*0.15)>",,,
248361,,,,,,,,,,,,,,,,,,,
249311,,,,,,,,,,,,,,,,,249311,,
249312,,,,0,14,,,,,,,<2491111>,<2>,,,<self:specialDamage()*0.2>,,,
249321,,,,,4,,,,,,,<2491211;2491215>,<3;2>,<1;1>,,<0;-3000>,249321,,
249331,,,,,,enemyForce|nodead,curSelected,,,,,<2491311>,<2+(target:hasBuff(2491211) and target:getBuffOverlayCount(2491211) or 0)>,,,<0>,,,
249332,,,,,,enemyForce|nodead,"buffDiffer('id',{2491211})|otherProcessExcept(249331)",,,,,<2491311>,<1+(target:hasBuff(2491211) and target:getBuffOverlayCount(2491211) or 0)>,"<moreE(self:star(),11) and 1 or 0>",,<0>,,,
249333,,,,,,enemyForce|nodead,"useOtherProcess(249331,249332)",,,,,,,,,,249331,,
249334,,,,,,enemyForce|nodead,"useOtherProcess(249331,249332)",,,,,,,,,,,,
249341,,,,0,11,,,,,,,<2491611>,<99>,"<moreE(self:star(),8) and 1 or 0>",,<0>,,,
249361,,,,0,14,,,,,,,<2491611;2491613>,<99;99>,<1;1>,,<0;0>,,,
259111,,,,,,,,,,,,,,,,,259111,,
259112,,,,0,14,,,,,,,<2591232>,<2>,<self:flagZ1() and 1 or 0>,,<self:defence()*0.3>,,,
259121,,,,,,,,,,,,,,,,,259121,,
259122,,,,0,14,,,,,,,<2591221;2591222>,<99;3>,<1;1>,,<-self:speed()*0.2;self:damage()*(self:flagZ2() and 0.3 or 0.2)>,,,
259131,,,,,4,,,,,,,,,,,,259131,,
259132,,,,0,14,,,,,,,<2591230>,<1>,<self:flagZ3() and 0 or 1>,,<0>,,,
259161,,,,0,14,,,,,,,<2591225>,<2>,,,<0>,,,
259162,,,,0,14,,,,,,,<2591228>,<99>,,,<1>,,,
259211,,,,,,,,,,,,,,,,,259211,,
259212,,,,0,14,,,,,,,<2591232>,<2>,<self:flagZ1() and 1 or 0>,,<self:defence()*0.3>,,,
259221,,,,,,,,,,,,,,,,,259221,,
259222,,,,0,14,,,,,,,<2591221;2591222>,<99;3>,<1;1>,,<-self:speed()*0.2;self:damage()*(self:flagZ2() and 0.3 or 0.2)>,,,
259231,,,,,4,,,,,,,,,,,,259231,,
259232,,,,0,14,,,,,,,<2591230>,<1>,<self:flagZ3() and 0 or 1>,,<0>,,,
259261,,,,0,14,,,,,,,<2591225>,<2>,,,<0>,,,
259262,,,,0,14,,,,,,,<2591228>,<99>,,,<1>,,,
259311,,,,,,,,,,,,,,,,,259311,,
259312,,,,0,14,,,,,,,<2591232>,<2>,<self:flagZ1() and 1 or 0>,,<self:defence()*0.3>,,,
259321,,,,,,,,,,,,,,,,,259321,,
259322,,,,0,14,,,,,,,<2591221;2591222>,<99;3>,<1;1>,,<-self:speed()*0.2;self:damage()*(self:flagZ2() and 0.3 or 0.2)>,,,
259331,,,,,4,,,,,,,,,,,,259331,,
259332,,,,,4,,,,,,,,,,,,,,
259333,,,,0,14,,,,,,,<2591230>,<1>,<self:flagZ3() and 0 or 1>,,<0>,,,
259361,,,,0,14,,,,,,,<2591225>,<2>,,,<0>,,,
259362,,,,0,14,,,,,,,<2591228>,<99>,,,<1>,,,
261111,,,,,,,,,,,,,,,,,261111,,
261112,,,,0,14,,,,,,,<2611318>,<2>,<self:flagZ1() and 1 or 0>,,<self:damage()*0.1>,,,
261121,,,,,,,,,,,,,,,,,261121,,
261131,,,,,,enemyForce()|nodead,"attr(""defence"",""max"",1)",,,,,,,,,,261131,,
261132,,,,,,enemyForce()|nodead,useOtherProcess(261131),,,,,<2611316>,<1>,,,"<target:defence()*(moreE(self:star(),11) and 3 or 2)>",,,
261133,,,,0,14,,,,,,,<2611319>,<1>,<self:flagZ3() and 1 or 0>,,<2000>,,,
261161,,,,0,14,,,,,,,<2611313;2611314>,<99;99>,<1;1>,,<0;0>,,,
261211,,,,,,,,,,,,,,,,,261211,,
261212,,,,0,14,,,,,,,<2611318>,<2>,<self:flagZ1() and 1 or 0>,,<self:damage()*0.1>,,,
261221,,,,,,,,,,,,,,,,,261221,,
261231,,,,,,enemyForce()|nodead,"attr(""defence"",""max"",1)",,,,,,,,,,261231,,
261232,,,,,,enemyForce()|nodead,useOtherProcess(261231),,,,,<2611316>,<1>,,,"<target:defence()*(moreE(self:star(),11) and 3 or 2)>",,,
261233,,,,0,14,,,,,,,<2611319>,<1>,<self:flagZ3() and 1 or 0>,,<2000>,,,
261261,,,,0,14,,,,,,,<2611313;2611314>,<99;99>,<1;1>,,<0;0>,,,
263111,,,,,,,,,,,,,,,,,263111,,
263112,,,,0,14,,,,,,,<2633228>,<2>,<self:flagZ1() and 1 or 0>,,<self:damage()*0.1>,,,
263121,,,,,,,,,,,,,,,,,263121,,
263122,,,,,,,,,,,,<2633231>,<1>,<self:flagZ2() and self:hasBuffGroup(11) and 0.55 or 0.35>,,<1>,,,
263131,,,,,4,,,,,,,,,,,,263131,,
263132,,,,,4,,,,,,,<2633231>,<1>,<0.5>,,<1>,,,
263133,,,,0,14,,,,,,,<2633232>,<2>,,,"<self:hpMax()*(0.1+0.1*to10(moreEqualThan(self:star(),11)))>",,,
263161,,,,0,14,,,,,,,<2633233;2633235>,<99;99>,<1;1>,,<1;1>,,,
263211,,,,,,,,,,,,,,,,,263211,,
263212,,,,0,14,,,,,,,<2633228>,<2>,<self:flagZ1() and 1 or 0>,,<self:damage()*0.1>,,,
263221,,,,,,,,,,,,,,,,,263221,,
263222,,,,,,,,,,,,<2633231>,<1>,<self:flagZ2() and self:hasBuffGroup(11) and 0.55 or 0.35>,,<1>,,,
263231,,,,,4,,,,,,,,,,,,263231,,
263232,,,,,4,,,,,,,<2633231>,<1>,<0.5>,,<1>,,,
263233,,,,0,14,,,,,,,<2633232>,<2>,,,"<self:hpMax()*(0.1+0.1*to10(moreEqualThan(self:star(),11)))>",,,
263261,,,,0,14,,,,,,,<2633233;2633235>,<99;99>,<1;1>,,<1;1>,,,
263311,,,,,,,,,,,,,,,,,263311,,
263312,,,,0,14,,,,,,,<2633228>,<2>,<self:flagZ1() and 1 or 0>,,<self:damage()*0.1>,,,
263321,,,,,,,,,,,,,,,,,263321,,
263322,,,,,,,,,,,,<2633231>,<1>,<self:flagZ2() and self:hasBuffGroup(11) and 0.55 or 0.35>,,<1>,,,
263331,,,,,4,,,,,,,,,,,,263331,,
263332,,,,,4,,,,,,,,,,,,,,
263333,,,,,4,,,,,,,<2633231>,<1>,<0.5>,,<1>,,,
263334,,,,0,14,,,,,,,<2633232>,<2>,,,"<self:hpMax()*(0.1+0.1*to10(moreEqualThan(self:star(),11)))>",,,
263361,,,,0,14,,,,,,,<2633233;2633235>,<99;99>,<1;1>,,<1;1>,,,
268111,,,,,,,,,,,,,,,,,268111,,
268112,,,,0,14,,,,,,,<2681228>,<2>,<self:flagZ1() and 1 or 0>,,<self:damage()*0.1>,,,
268121,,,,,,,,,,,,,,,,,268121,,
268122,,,,,,,,,,,,<2681221>,<self:flagZ2() and 3 or 2>,,,<0>,,,
268131,,,,,2,,,,,,,,,,,,268131,,
268132,,,,,2,,,,,,,<2681222>,<self:flagZ3() and 3 or 2>,,,<self:damage()*0.2>,,,
268161,,,,0,14,,,,,,,<2681223;2681225>,<99;99>,<1;1>,,<0;0>,,,
268162,,,,0,11,,,,,,,<2681227>,<99>,<(target:nature(1)==12 or target:nature(1)==8 or target:nature(2)==12 or target:nature(2)==8 ) and 1 or 0>,,"<target:speed()*(moreEqualThan(self:star(),11) and 0.15 or 0.1)>",,,
268211,,,,,,,,,,,,,,,,,268211,,
268212,,,,0,14,,,,,,,<2681228>,<2>,<self:flagZ1() and 1 or 0>,,<self:damage()*0.1>,,,
268221,,,,,,,,,,,,,,,,,268221,,
268222,,,,,,,,,,,,<2681221>,<self:flagZ2() and 3 or 2>,,,<0>,,,
268231,,,,,2,,,,,,,,,,,,268231,,
268232,,,,,2,,,,,,,<2681222>,<self:flagZ3() and 3 or 2>,,,<self:damage()*0.2>,,,
268261,,,,0,14,,,,,,,<2681223;2681225>,<99;99>,<1;1>,,<0;0>,,,
268262,,,,0,11,,,,,,,<2681227>,<99>,<(target:nature(1)==12 or target:nature(1)==8 or target:nature(2)==12 or target:nature(2)==8 ) and 1 or 0>,,"<target:speed()*(moreEqualThan(self:star(),11) and 0.15 or 0.1)>",,,
268311,,,,,,,,,,,,,,,,,268311,,
268312,,,,0,14,,,,,,,<2681228>,<2>,<self:flagZ1() and 1 or 0>,,<self:damage()*0.1>,,,
268321,,,,,,,,,,,,,,,,,268321,,
268322,,,,,,,,,,,,<2681221>,<self:flagZ2() and 3 or 2>,,,<0>,,,
268331,,,,,2,,,,,,,,,,,,268331,,
268332,,,,,2,,,,,,,,,,,,,,
268333,,,,,2,,,,,,,<2681222>,<self:flagZ3() and 3 or 2>,,,<self:damage()*0.2>,,,
268361,,,,0,14,,,,,,,<2681223;2681225>,<99;99>,<1;1>,,<0;0>,,,
268362,,,,0,11,,,,,,,<2681227>,<99>,<(target:nature(1)==12 or target:nature(1)==8 or target:nature(2)==12 or target:nature(2)==8 ) and 1 or 0>,,"<target:speed()*(moreEqualThan(self:star(),11) and 0.15 or 0.1)>",,,
272111,,,,,,,,,,,,,,,,,272111,,
272112,,,,,,,,,,,,<2721121;2721126>,<1;1>,<self:flagZ1() and 0.4 or 0.3;self:hasBuff(2721125) and 1 or 0>,,"<-6500;self:damage()*(0.4+(skillLv(27216,27226,27236) or 0)*0.002-0.002)*(1+0.1*( countObjByNature(self:force(),1,9)+countObjByNatureExit(self:force(),9) ))>",,,
272113,,,,,,enemyForce|nodead,otherProcessExcept(272111)|near(),,,,,<2721126>,<1>,<self:hasBuff(2721125) and 1 or 0>,,"<0.2*self:damage()*(0.4+(skillLv(27216,27226,27236) or 0)*0.002-0.002)*(1+0.1*( countObjByNature(self:force(),1,9)+countObjByNatureExit(self:force(),9) ))>",,,
272114,,,,0,14,,,,,,,<2721127>,<1>,,,<1>,,,
272121,,,,,,,,,,,,,,,,,272121,,
272122,,,,,,,,,,,,<2721123;2721126>,<self:flagZ2() and 3 or 2;1>,<1;self:hasBuff(2721125) and 1 or 0>,,"<-20000;self:damage()*(0.4+(skillLv(27216,27226,27236) or 0)*0.002-0.002)*(1+0.1*( countObjByNature(self:force(),1,9)+countObjByNatureExit(self:force(),9) ))>",,,
272123,,,,,,enemyForce|nodead,otherProcessExcept(272121)|near(),,,,,<2721126>,<1>,<self:hasBuff(2721125) and 1 or 0>,,"<0.2*self:damage()*(0.4+(skillLv(27216,27226,27236) or 0)*0.002-0.002)*(1+0.1*( countObjByNature(self:force(),1,9)+countObjByNatureExit(self:force(),9) ))>",,,
272124,,,,0,14,,,,,,,<2721127>,<1>,,,<1>,,,
272131,,,,,,,,,,,,,,,,,272131,,
272132,,,,,,enemyForce|nodead,curSelected|sputtering(0.2),,,,,,,,,,,,
272133,,,,,,,,,,,,<2721122;2721126>,<self:flagZ3() and 2 or 1;1>,<1;self:hasBuff(2721125) and 1 or 0>,,"<-(6500+2000*to10(moreEqualThan(self:star(),8)));self:damage()*(0.4+(skillLv(27216,27226,27236) or 0)*0.002-0.002)*(1+0.1*( countObjByNature(self:force(),1,9)+countObjByNatureExit(self:force(),9) ))>",,,
272134,,,,,,enemyForce|nodead,otherProcessExcept(272131)|near(),,,,,<2721122;2721126>,<self:flagZ3() and 2 or 1;1>,<1;self:hasBuff(2721125) and 1 or 0>,,"<-(3500+1000*to10(moreEqualThan(self:star(),8)));0.2*self:damage()*(0.4+(skillLv(27216,27226,27236) or 0)*0.002-0.002)*(1+0.1*( countObjByNature(self:force(),1,9)+countObjByNatureExit(self:force(),9) ))>",,,
272135,,,,0,14,,,,,,,<2721127>,<1>,,,<1>,,,
272161,,,,0,14,,,,,,,<2721124>,<99>,,,<1>,,,
272162,,,,0,14,,,,,,,<2721129>,<99>,"<moreE(self:star(),8) and 1 or 0>",,"<countObjByNatureExit(self:force(),9)*self:damage()*(self:flagZ3() and 0.08 or 0.05)>",,,
272211,,,,,,,,,,,,,,,,,272211,,
272212,,,,,,,,,,,,<2721121;2721126>,<1;1>,<self:flagZ1() and 0.4 or 0.3;self:hasBuff(2721125) and 1 or 0>,,"<-6500;self:damage()*(0.4+(skillLv(27216,27226,27236) or 0)*0.002-0.002)*(1+0.1*( countObjByNature(self:force(),1,9)+countObjByNatureExit(self:force(),9) ))>",,,
272213,,,,,,enemyForce|nodead,otherProcessExcept(272211)|near(),,,,,<2721126>,<1>,<self:hasBuff(2721125) and 1 or 0>,,"<0.2*self:damage()*(0.4+(skillLv(27216,27226,27236) or 0)*0.002-0.002)*(1+0.1*( countObjByNature(self:force(),1,9)+countObjByNatureExit(self:force(),9) ))>",,,
272214,,,,0,14,,,,,,,<2721127>,<1>,,,<1>,,,
272221,,,,,,,,,,,,,,,,,272221,,
272222,,,,,,,,,,,,<2721123;2721126>,<self:flagZ2() and 3 or 2;1>,<1;self:hasBuff(2721125) and 1 or 0>,,"<-20000;self:damage()*(0.4+(skillLv(27216,27226,27236) or 0)*0.002-0.002)*(1+0.1*( countObjByNature(self:force(),1,9)+countObjByNatureExit(self:force(),9) ))>",,,
272223,,,,,,enemyForce|nodead,otherProcessExcept(272221)|near(),,,,,<2721126>,<1>,<self:hasBuff(2721125) and 1 or 0>,,"<0.2*self:damage()*(0.4+(skillLv(27216,27226,27236) or 0)*0.002-0.002)*(1+0.1*( countObjByNature(self:force(),1,9)+countObjByNatureExit(self:force(),9) ))>",,,
272224,,,,0,14,,,,,,,<2721127>,<1>,,,<1>,,,
272231,,,,,,,,,,,,,,,,,272231,,
272232,,,,,,enemyForce|nodead,curSelected|sputtering(0.2),,,,,,,,,,,,
272233,,,,,,,,,,,,<2721122;2721126>,<self:flagZ3() and 2 or 1;1>,<1;self:hasBuff(2721125) and 1 or 0>,,"<-(6500+2000*to10(moreEqualThan(self:star(),8)));self:damage()*(0.4+(skillLv(27216,27226,27236) or 0)*0.002-0.002)*(1+0.1*( countObjByNature(self:force(),1,9)+countObjByNatureExit(self:force(),9) ))>",,,
272234,,,,,,enemyForce|nodead,otherProcessExcept(272231)|near(),,,,,<2721122;2721126>,<self:flagZ3() and 2 or 1;1>,<1;self:hasBuff(2721125) and 1 or 0>,,"<-(3500+1000*to10(moreEqualThan(self:star(),8)));0.2*self:damage()*(0.4+(skillLv(27216,27226,27236) or 0)*0.002-0.002)*(1+0.1*( countObjByNature(self:force(),1,9)+countObjByNatureExit(self:force(),9) ))>",,,
272235,,,,0,14,,,,,,,<2721127>,<1>,,,<1>,,,
272261,,,,0,14,,,,,,,<2721124>,<99>,,,<1>,,,
272262,,,,0,14,,,,,,,<2721129>,<99>,"<moreE(self:star(),8) and 1 or 0>",,"<countObjByNatureExit(self:force(),9)*self:damage()*(self:flagZ3() and 0.08 or 0.05)>",,,
272311,,,,,,,,,,,,,,,,,272311,,
272312,,,,,,,,,,,,<2721121;2721126>,<1;1>,<self:flagZ1() and 0.4 or 0.3;self:hasBuff(2721125) and 1 or 0>,,"<-6500;self:damage()*(0.4+(skillLv(27216,27226,27236) or 0)*0.002-0.002)*(1+0.1*( countObjByNature(self:force(),1,9)+countObjByNatureExit(self:force(),9) ))>",,,
272313,,,,,,enemyForce|nodead,otherProcessExcept(272311)|near(),,,,,<2721126>,<1>,<self:hasBuff(2721125) and 1 or 0>,,"<0.2*self:damage()*(0.4+(skillLv(27216,27226,27236) or 0)*0.002-0.002)*(1+0.1*( countObjByNature(self:force(),1,9)+countObjByNatureExit(self:force(),9) ))>",,,
272314,,,,0,14,,,,,,,<2721127>,<1>,,,<1>,,,
272321,,,,,,,,,,,,,,,,,272321,,
272322,,,,,,,,,,,,<2721123;2721126>,<self:flagZ2() and 3 or 2;1>,<1;self:hasBuff(2721125) and 1 or 0>,,"<-20000;self:damage()*(0.4+(skillLv(27216,27226,27236) or 0)*0.002-0.002)*(1+0.1*( countObjByNature(self:force(),1,9)+countObjByNatureExit(self:force(),9) ))>",,,
272323,,,,,,enemyForce|nodead,otherProcessExcept(272321)|near(),,,,,<2721126>,<1>,<self:hasBuff(2721125) and 1 or 0>,,"<0.2*self:damage()*(0.4+(skillLv(27216,27226,27236) or 0)*0.002-0.002)*(1+0.1*( countObjByNature(self:force(),1,9)+countObjByNatureExit(self:force(),9) ))>",,,
272324,,,,0,14,,,,,,,<2721127>,<1>,,,<1>,,,
272331,,,,,,,,,,,,,,,,,272331,,
272332,,,,,12,,,,,,,,,,,,,,
272333,,,,,,enemyForce|nodead,curSelected|sputtering(0.2),,,,,,,,,,,,
272334,,,,,,,,,,,,<2721122;2721126>,<self:flagZ3() and 2 or 1;1>,<1;self:hasBuff(2721125) and 1 or 0>,,"<-(6500+2000*to10(moreEqualThan(self:star(),8)));self:damage()*(0.4+(skillLv(27216,27226,27236) or 0)*0.002-0.002)*(1+0.1*( countObjByNature(self:force(),1,9)+countObjByNatureExit(self:force(),9) ))>",,,
272335,,,,,,enemyForce|nodead,otherProcessExcept(272331)|near(),,,,,<2721122;2721126>,<self:flagZ3() and 2 or 1;1>,<1;self:hasBuff(2721125) and 1 or 0>,,"<-(3500+1000*to10(moreEqualThan(self:star(),8)));0.2*self:damage()*(0.4+(skillLv(27216,27226,27236) or 0)*0.002-0.002)*(1+0.1*( countObjByNature(self:force(),1,9)+countObjByNatureExit(self:force(),9) ))>",,,
272336,,,,0,14,,,,,,,<2721127>,<1>,,,<1>,,,
272361,,,,0,14,,,,,,,<2721124>,<99>,,,<1>,,,
272362,,,,0,14,,,,,,,<2721129>,<99>,"<moreE(self:star(),8) and 1 or 0>",,"<countObjByNatureExit(self:force(),9)*self:damage()*(self:flagZ3() and 0.08 or 0.05)>",,,
282111,,,,,,,,,,,,,,,,,282111,,
282112,,,,,,,,,,,,<2821121>,<1>,,,<1>,,,
282121,,,,,,,,,,,,,,,,,282121,,
282122,,,,,,,,,,,,<2821124>,<1>,,,<1>,,,
282123,,,,,11,,,,,,,<2821124>,<1>,<(not target:hasBuff(2821124) and (target:hasBuff(2821142) or target:hasBuff(2821142))) and 1 or 0>,,<1>,,,
282131,,,,,,,,,,,,,,,,,282131,,
282132,,,,,,,,,,,,,,,,,282132,,
282133,,,,,,,,,,,,<2821127;2821138>,<1;1>,"<((target:cardID() == 2821) or (target:cardID() == 2822) or target:flag(101) ) and 0 or 1;to10(moreEqualThan(self:star(),11))>",,<1;<1;1>>,,,
282134,,,,0,14,,,,,,,<2821138>,<1>,"<to10(moreEqualThan(self:star(),11))>",,<<1;0>>,,,
282161,,,,,11,,,,,,,<2821139>,<99>,<((target:cardID() == 2821) or (target:cardID() == 2822) or target:flag(101) ) and 0 or 1>,,<1>,,,
282162,,,,,,enemyForce|nodead,"buffDiffer('id',{2821139})|random(6)",,,,,,,,,,,,
282163,,,,,,enemyForce|nodead,"useOtherProcess(282162)|attr(""specialDamage"",""max"",1)",,,,,<2821140>,<2>,"<moreThan(target:specialDamage(),self:specialDamage()) and 1 or 0>",,<0>,,,
282164,,,,0,14,,,,,,,<2821132;2821133;2821134;2821136>,<2;2;2;2>,"<more(countObjByBuff( ifElse(self:force()==1,2,1),{2821139}),0) and (more(getNowRound(),1) and 0 or 1) or 0;more(countObjByBuff(ifElse(self:force()==1,2,1),{2821139}),0) and (more(getNowRound(),1) and 0 or 1) or 0;more(countObjByBuff(ifElse(self:force()==1,2,1),{2821139}),0) and (more(getNowRound(),1) and 0 or 1) or 0;more(countObjByBuff(ifElse(self:force()==1,2,1),{2821139}),0) and (moreE(self:star(),8) and (more(getNowRound(),1) and 0 or 1) or 0) or 0>",,"<<6;self:hasBuff(2821141) and 0.6 or 1>;<1;1;1>;list(1,list(1001,1002,1003,1004,1005,1011,1012,1013,1014,1015,1021,1022,1023,1024,1025,1201,1202,1203,1211,1212,1213,1221,1222,1223,1401,1411,1421,1431,1441,1451),6);0>",,,
282211,,,,,,,,,,,,,,,,,282211,,
282212,,,,,,,,,,,,<2821121>,<1>,,,<1>,,,
282221,,,,,,,,,,,,,,,,,282221,,
282222,,,,,,,,,,,,<2821124>,<1>,,,<1>,,,
282223,,,,,11,,,,,,,<2821124>,<1>,<(not target:hasBuff(2821124) and (target:hasBuff(2821142) or target:hasBuff(2821142))) and 1 or 0>,,<1>,,,
282231,,,,,,,,,,,,,,,,,282231,,
282232,,,,,,,,,,,,,,,,,282232,,
282233,,,,,,,,,,,,<2821127;2821138>,<1;1>,"<((target:cardID() == 2821) or (target:cardID() == 2822) or target:flag(101) ) and 0 or 1;to10(moreEqualThan(self:star(),11))>",,<1;<1;1>>,,,
282234,,,,0,14,,,,,,,<2821138>,<1>,"<to10(moreEqualThan(self:star(),11))>",,<<1;0>>,,,
282261,,,,,11,,,,,,,<2821139>,<99>,<((target:cardID() == 2821) or (target:cardID() == 2822) or target:flag(101) ) and 0 or 1>,,<1>,,,
282262,,,,,,enemyForce|nodead,"buffDiffer('id',{2821139})|random(6)",,,,,,,,,,,,
282263,,,,,,enemyForce|nodead,"useOtherProcess(282262)|attr(""specialDamage"",""max"",1)",,,,,<2821140>,<2>,"<moreThan(target:specialDamage(),self:specialDamage()) and 1 or 0>",,<0>,,,
282264,,,,0,14,,,,,,,<2821132;2821133;2821134;2821136>,<2;2;2;2>,"<more(countObjByBuff( ifElse(self:force()==1,2,1),{2821139}),0) and (more(getNowRound(),1) and 0 or 1) or 0;more(countObjByBuff(ifElse(self:force()==1,2,1),{2821139}),0) and (more(getNowRound(),1) and 0 or 1) or 0;more(countObjByBuff(ifElse(self:force()==1,2,1),{2821139}),0) and (more(getNowRound(),1) and 0 or 1) or 0;more(countObjByBuff(ifElse(self:force()==1,2,1),{2821139}),0) and (moreE(self:star(),8) and (more(getNowRound(),1) and 0 or 1) or 0) or 0>",,"<<6;self:hasBuff(2821141) and 0.6 or 1>;<1;1;1>;list(1,list(1001,1002,1003,1004,1005,1011,1012,1013,1014,1015,1021,1022,1023,1024,1025,1201,1202,1203,1211,1212,1213,1221,1222,1223,1401,1411,1421,1431,1441,1451),6);0>",,,
283111,,,,,,,,,,,,,,,,,283111,,
283121,,,,,,,,,,,,,,,,,283121,,
283122,,,,,,,,,,,,,,,,,,,
283131,,,,,,,,,,,,,,,,,283131,,
283132,,,,,11,,,,,,,,,,,,283132,,
283161,,,,,,,,,,,,,,,,,,,
283162,,,,0,14,,,,,,,,,,,,,,
283211,,,,,,,,,,,,,,,,,283211,,
283221,,,,,,,,,,,,,,,,,283221,,
283222,,,,,,,,,,,,,,,,,,,
283231,,,,,,,,,,,,,,,,,283231,,
283232,,,,,11,,,,,,,,,,,,283232,,
283261,,,,,,,,,,,,,,,,,,,
283262,,,,0,14,,,,,,,,,,,,,,
284111,,,,,,,,,,,,,,,,,284111,,
284112,,,,0,14,,,,,,,<2841120>,<2>,<self:flagZ1() and 1 or 0>,,<self:specialDamage()*0.1>,,,
284121,,,,,,,,,,,,,,,,,284121,,
284122,,,,,,enemyForce|nodead,useOtherProcess(284121),,,,,<2841111>,<1>,,,"<getspecialDamage(self:force(),1)>",,,
284123,,,,,,enemyForce|nodead,otherProcessExcept(284122)|random(1),,,,,<2841111>,<1>,<self:flagZ2() and 1 or 0>,,"<getspecialDamage(self:force(),1)>",,,
284131,,,,,,,,,,,,,,,,,284131,,
284132,,,,,11,,,,,,,<2841112>,<1>,,,<1>,,,
284161,,,,,,enemyForce|nodead,random(1),,,,,,,,,,,,
284162,,,,0,14,,,,,,,<2841115>,<99>,,,"<list(list(c.groupdebuff_oc()),6,1,1,0.5+skillLevel*0.002-0.002)>",,,
284211,,,,,,,,,,,,,,,,,284211,,
284212,,,,0,14,,,,,,,<2841120>,<2>,<self:flagZ1() and 1 or 0>,,<self:specialDamage()*0.1>,,,
284221,,,,,,,,,,,,,,,,,284221,,
284222,,,,,,enemyForce|nodead,useOtherProcess(284221),,,,,<2841111>,<1>,,,"<getspecialDamage(self:force(),1)>",,,
284223,,,,,,enemyForce|nodead,otherProcessExcept(284222)|random(1),,,,,<2841111>,<1>,<self:flagZ2() and 1 or 0>,,"<getspecialDamage(self:force(),1)>",,,
284231,,,,,,,,,,,,,,,,,284231,,
284232,,,,,,,,,,,,,,,,,284232,,
284233,,,,,11,,,,,,,<2841112>,<1>,,,<1>,,,
284261,,,,,,enemyForce|nodead,random(1),,,,,,,,,,,,
284262,,,,0,14,,,,,,,<2841115>,<99>,,,"<list(list(c.groupdebuff_oc()),6,1,1,0.5+skillLevel*0.002-0.002)>",,,
284311,,,,,,,,,,,,,,,,,284311,,
284312,,,,0,14,,,,,,,<2841120>,<2>,<self:flagZ1() and 1 or 0>,,<self:specialDamage()*0.1>,,,
284321,,,,,,,,,,,,,,,,,284321,,
284322,,,,,,enemyForce|nodead,useOtherProcess(284321),,,,,<2841111>,<1>,,,"<getspecialDamage(self:force(),1)>",,,
284323,,,,,,enemyForce|nodead,otherProcessExcept(284322)|random(1),,,,,<2841111>,<1>,<self:flagZ2() and 1 or 0>,,"<getspecialDamage(self:force(),1)>",,,
284331,,,,,,,,,,,,,,,,,284331,,
284332,,,,,,,,,,,,,,,,,,,
284333,,,,,11,,,,,,,<2841112>,<1>,,,<1>,,,
284361,,,,,,enemyForce|nodead,random(1),,,,,,,,,,,,
284362,,,,0,14,,,,,,,<2841115>,<99>,,,"<list(list(c.groupdebuff_oc()),6,1,1,0.5+skillLevel*0.002-0.002)>",,,
287111,,,,,,enemyForce|nodead,"curSelected|sputtering((csvSelf:flagZ4() and 0.2 or (csvSelf:star()>=8 and 0.1 or 0))+0.05+(csvSelf:skillLv(28716,28726,28736) or 0 )*0.0005-0.0005)",,,,,,,,,,287111,,
287112,,,,,,enemyForce|nodead,near(),,,,,<2871232>,<2>,"<moreEqualThan(self:star(),11) and 1 or 0>",,<1>,,,
287113,,,,0,14,,,,,,,<2871234>,<2>,<self:flagZ1() and 1 or 0>,,<self:specialDamage()*0.1>,,,
287121,,,,,,enemyForce|nodead,"curSelected|sputtering((csvSelf:flagZ4() and 0.2 or (csvSelf:star()>=8 and 0.1 or 0))+0.05+(csvSelf:skillLv(28716,28726,28736) or 0 )*0.0005-0.0005)",,,,,,,,,,287121,,
287122,,,,,,,,,,,,<2871231>,<1>,,,"<list(list(c.groupdebuffs_oc()),8,1)>",,,
287123,,,,,,enemyForce|nodead,near(),,,,,<2871232>,<2>,"<moreEqualThan(self:star(),11) and 1 or 0>",,<1>,,,
287131,,,,,,enemyForce|nodead,"curSelected|sputtering((csvSelf:flagZ4() and 0.2 or (csvSelf:star()>=8 and 0.1 or 0))+0.05+(csvSelf:skillLv(28716,28726,28736) or 0 )*0.0005-0.0005)",,,,,,,,,,287131,,
287132,,,,,,,,,,,,<2871232>,<self:flagZ3() and 3 or 2>,,,<1>,,,
287133,,,,,,enemyForce|nodead,near(),,,,,<2871232>,<self:flagZ3() and 3 or 2>,"<moreEqualThan(self:star(),11) and 1 or 0>",,<1>,,,
287161,,,,,,,,,,,,,,,,,,,
287211,,,,,,enemyForce|nodead,"curSelected|sputtering((csvSelf:flagZ4() and 0.2 or (csvSelf:star()>=8 and 0.1 or 0))+0.05+(csvSelf:skillLv(28716,28726,28736) or 0 )*0.0005-0.0005)",,,,,,,,,,287211,,
287212,,,,,,enemyForce|nodead,near(),,,,,<2871232>,<2>,"<moreEqualThan(self:star(),11) and 1 or 0>",,<1>,,,
287213,,,,0,14,,,,,,,<2871234>,<2>,<self:flagZ1() and 1 or 0>,,<self:specialDamage()*0.1>,,,
287221,,,,,,enemyForce|nodead,"curSelected|sputtering((csvSelf:flagZ4() and 0.2 or (csvSelf:star()>=8 and 0.1 or 0))+0.05+(csvSelf:skillLv(28716,28726,28736) or 0 )*0.0005-0.0005)",,,,,,,,,,287221,,
287222,,,,,,,,,,,,<2871231>,<1>,,,"<list(list(c.groupdebuffs_oc()),8,1)>",,,
287223,,,,,,enemyForce|nodead,near(),,,,,<2871232>,<2>,"<moreEqualThan(self:star(),11) and 1 or 0>",,<1>,,,
287231,,,,,,enemyForce|nodead,"curSelected|sputtering((csvSelf:flagZ4() and 0.2 or (csvSelf:star()>=8 and 0.1 or 0))+0.05+(csvSelf:skillLv(28716,28726,28736) or 0 )*0.0005-0.0005)",,,,,,,,,,287231,,
287232,,,,,,,,,,,,<2871232>,<self:flagZ3() and 3 or 2>,,,<1>,,,
287233,,,,,,enemyForce|nodead,near(),,,,,<2871232>,<self:flagZ3() and 3 or 2>,"<moreEqualThan(self:star(),11) and 1 or 0>",,<1>,,,
287261,,,,,,,,,,,,,,,,,,,
287311,,,,,,enemyForce|nodead,"curSelected|sputtering((csvSelf:flagZ4() and 0.2 or (csvSelf:star()>=8 and 0.1 or 0))+0.05+(csvSelf:skillLv(28716,28726,28736) or 0 )*0.0005-0.0005)",,,,,,,,,,287311,,
287312,,,,,,enemyForce|nodead,near(),,,,,<2871232>,<2>,"<moreEqualThan(self:star(),11) and 1 or 0>",,<1>,,,
287313,,,,0,14,,,,,,,<2871234>,<2>,<self:flagZ1() and 1 or 0>,,<self:specialDamage()*0.1>,,,
287321,,,,,,enemyForce|nodead,"curSelected|sputtering((csvSelf:flagZ4() and 0.2 or (csvSelf:star()>=8 and 0.1 or 0))+0.05+(csvSelf:skillLv(28716,28726,28736) or 0 )*0.0005-0.0005)",,,,,,,,,,287321,,
287322,,,,,,,,,,,,<2871231>,<1>,,,"<list(list(c.groupdebuffs_oc()),8,1)>",,,
287323,,,,,,enemyForce|nodead,near(),,,,,<2871232>,<2>,"<moreEqualThan(self:star(),11) and 1 or 0>",,<1>,,,
287331,,,,,,enemyForce|nodead,"curSelected|sputtering((csvSelf:flagZ4() and 0.2 or (csvSelf:star()>=8 and 0.1 or 0))+0.05+(csvSelf:skillLv(28716,28726,28736) or 0 )*0.0005-0.0005)",,,,,,,,,,287331,,
287332,,,,,,,,,,,,,,,,,287332,,
287333,,,,,,,,,,,,<2871232>,<self:flagZ3() and 3 or 2>,,,<1>,,,
287334,,,,,,enemyForce|nodead,near(),,,,,<2871232>,<self:flagZ3() and 3 or 2>,"<moreEqualThan(self:star(),11) and 1 or 0>",,<1>,,,
287361,,,,,,,,,,,,,,,,,,,
289111,,,,,,,,,,,,,,,,,800311,,
289112,,,,0,14,,,,,,,<2891319>,<2>,<self:flagZ1() and 1 or 0>,,<self:specialDamage()*0.1>,,,
289121,,,,,,,,,,,,,,,,,800321,,
289122,,,,,,selfForce|nodead,"attrDiffer(""natureType"", {5})|random(1)",,,,,<2891311>,<99>,,,<0>,,,
289123,,,,0,14,,,,,,,<2891313>,<1>,"<moreEqualThan(self:star(),8) and 1 or 0>",,<self:flagZ4() and 200 or 100>,,,
289131,,,,,11,,,,,,,,,,,,800331,,
289132,,,,,11,,,,,,,,,,,,,,
289133,,,,0,11,,,,,,,<2891313;2891314;2891313>,<1;2;1>,"<1;1;(moreEqualThan(self:star(),11) and (target:nature(1)==5 or target:nature(2)==5)) and 1 or 0>",,"<100;(moreEqualThan(self:star(),11) and 2000 or 1000)+(self:flagZ3() and 1500 or 0);50>",,,
289161,,,,0,14,,,,,,,<2891316>,<99>,,,<0>,,,
292111,,,,,,,,,,,,,,,,,292111,,
292112,,,,0,14,,,,,,,<2921225>,<2>,<self:flagZ1() and 1 or 0>,,<1000>,,,
292121,,,,,,,,,,,,<2921221>,<1>,,,"<math.min(target:hpMax()*(self:flagZ2() and 0.1 or 0.05),self:hpMax()*(self:flagZ2() and 0.3 or 0.2))>",292121,,
292122,,,,0,14,,,,,,,<2921222>,<1>,,,"<math.min(target:hpMax()*(self:flagZ2() and 0.1 or 0.05),self:hpMax()*(self:flagZ2() and 0.3 or 0.2))>",,,
292131,,,,,4,,,,,,,,,,,,292131,,
292132,,,,0,2,,,,,,,<2921223>,<1>,,,"<moreEqualThan(self:star(),11) and self:hpMax()*0.2 or self:hpMax()*0.1>",,,
292133,,,,0,14,,,,,,,<2921226>,<1>,<self:flagZ3() and 1 or 0>,,"<moreEqualThan(self:star(),11) and self:hpMax()*0.2 or self:hpMax()*0.1>",,,
292161,,,,0,14,,,,,,,<2921224>,<99>,"<moreEqualThan( countObjByFlag(self:force(),2922) , 1) and 1 or 0>",,"<moreEqualThan(self:star(),8) and ((self:flagZ4() and 60 or 50)+skillLevel*0.2-0.2)*100 or (30+skillLevel*0.2-0.2)*100>",,,
292211,,,,,,,,,,,,,,,,,292211,,
292212,,,,0,14,,,,,,,<2922223>,<2>,<self:flagZ1() and 1 or 0>,,<self:hpMax()*0.1>,,,
292221,,,,,,,,,,,,,,,,,292221,,
292222,,,,,,,,,,,,<2922221>,<1>,,,<self:hpMax()*(self:flagZ2() and 0.3 or 0.2)>,,,
292231,,,,,4,,,,,,,,,,,,292231,,
292232,,,,,4,,,,,,,<2922221>,<1>,,,"<moreEqualThan(self:star(),11) and self:hpMax()*(self:flagZ3() and 0.5 or 0.4) or self:hpMax()*0.3>",,,
292261,,,,0,14,,,,,,,<2922222>,<99>,"<moreEqualThan( countObjByFlag(self:force(),2921) , 1) and 1 or 0>",,"<moreEqualThan(self:star(),8) and self:hpMax()*((self:flagZ4() and 60 or 50)+skillLevel*0.2-0.2)*0.01 or self:hpMax()*(30+skillLevel*0.2-0.2)*0.01>",,,
292311,,,,,,,,,,,,,,,,,292311,,
292312,,,,0,14,,,,,,,<2922224>,<2>,<self:flagZ1() and 1 or 0>,,<self:specialDamage()*0.1>,,,
292321,,,,,,,,,,,,<2921221>,<1>,,,"<math.min(target:hpMax()*(0.05+(self:flagZ2() and 0.05 or 0)),self:hpMax()*0.2)>",292321,,
292322,,,,0,14,,,,,,,<2921222>,<1>,,,"<math.min(target:hpMax()*(0.05+(self:flagZ2() and 0.05 or 0)),self:hpMax()*0.2)>",,,
292331,,,,,4,,,,,,,,,,,,292331,,
292332,,,,,4,,,,,,,,,,,,292332,,
292333,,,,0,2,,,,,,,<2921223>,<1>,,,"<self:flagZ3() and self:hpMax()*0.3 or (moreEqualThan(self:star(),11) and self:hpMax()*0.2 or self:hpMax()*0.1)>",,,
292361,,,,0,14,,,,,,,<2921224>,<99>,"<moreEqualThan( countObjByFlag(self:force(),2922) , 1) and 1 or 0>",,"<self:flagZ4() and (80+skillLevel*0.2-0.2)*100 or (moreEqualThan(self:star(),8) and (50+skillLevel*0.2-0.2)*100 or (30+skillLevel*0.2-0.2)*100)>",,,
292411,,,,,,,,,,,,,,,,,292411,,
292412,,,,0,14,,,,,,,<2922224>,<2>,<self:flagZ1() and 1 or 0>,,<self:specialDamage()*0.1>,,,
292421,,,,,,,,,,,,,,,,,292421,,
292422,,,,,,,,,,,,<2922221>,<1>,,,<self:hpMax()*(self:flagZ2() and 0.3 or 0.2)>,,,
292431,,,,,4,,,,,,,,,,,,292431,,
292432,,,,,4,,,,,,,,,,,,292432,,
292433,,,,,4,,,,,,,<2922221>,<1>,,,"<self:flagZ3() and self:hpMax()*0.5 or (moreEqualThan(self:star(),11) and self:hpMax()*0.4 or self:hpMax()*0.3)>",,,
292461,,,,0,14,,,,,,,<2922222>,<99>,"<moreEqualThan( countObjByFlag(self:force(),2921) , 1) and 1 or 0>",,"<self:flagZ4() and self:hpMax()*(60+skillLevel*0.2-0.2)*0.01 or (moreEqualThan(self:star(),8) and self:hpMax()*(40+skillLevel*0.2-0.2)*0.01 or self:hpMax()*(30+skillLevel*0.2-0.2)*0.01)>",,,
296111,,,,,,,,,,,,,,,,,296111,,
296112,,,,0,14,,,,,,,<2961225>,<2>,<self:flagZ1() and 1 or 0>,,<self:defence()*0.15>,,,
296121,,,,,,,,,,,,,,,,,296121,,
296122,,,,0,14,,,,,,,<2961223>,<1>,,,<self:flagZ2() and 250 or 200>,,,
296131,,,,,,,,,,,,,,,,,296131,,
296132,,,,0,14,,,,,,,<2961221>,<2>,,,<self:defence()*(self:flagZ3() and 0.5 or 0.3)>,,,
296133,,,,0,3,,,,,,,<2961223>,<1>,,,"<moreEqualThan(self:star(),11) and 250 or 150>",,,
296161,,,,0,11,,,,,,,<2961222>,<self:flagZ4() and 4 or 3>,,,<target:defence()*(0.3+skillLevel*0.002-0.002)>,,,
296162,,,,0,14,,,,,,,<2961224>,<99>,"<moreEqualThan(self:star(),8) and 1 or 0>",,<1>,,,
296211,,,,,,,,,,,,,,,,,296211,,
296212,,,,0,14,,,,,,,<2961225>,<2>,<self:flagZ1() and 1 or 0>,,<self:defence()*0.15>,,,
296221,,,,,,,,,,,,,,,,,296221,,
296222,,,,0,14,,,,,,,<2961223>,<1>,,,<self:flagZ2() and 250 or 200>,,,
296231,,,,,,,,,,,,,,,,,296231,,
296232,,,,0,14,,,,,,,<2961221>,<2>,,,<self:defence()*(self:flagZ3() and 0.5 or 0.3)>,,,
296233,,,,0,3,,,,,,,<2961223>,<1>,,,"<moreEqualThan(self:star(),11) and 250 or 150>",,,
296261,,,,0,11,,,,,,,<2961222>,<self:flagZ4() and 4 or 3>,,,<target:defence()*(0.3+skillLevel*0.002-0.002)>,,,
296262,,,,0,14,,,,,,,<2961224>,<99>,"<moreEqualThan(self:star(),8) and 1 or 0>",,<1>,,,
296311,,,,,,,,,,,,,,,,,296311,,
296312,,,,0,14,,,,,,,<2961225>,<2>,<self:flagZ1() and 1 or 0>,,<self:defence()*0.15>,,,
296321,,,,,,,,,,,,,,,,,296321,,
296322,,,,0,14,,,,,,,<2961223>,<1>,,,<self:flagZ2() and 250 or 200>,,,
296331,,,,,,,,,,,,,,,,,296331,,
296332,,,,0,14,,,,,,,<2961221>,<2>,,,<self:defence()*(self:flagZ3() and 0.5 or 0.3)>,,,
296333,,,,0,3,,,,,,,<2961223>,<1>,,,"<moreEqualThan(self:star(),11) and 250 or 150>",,,
296361,,,,0,11,,,,,,,<2961222>,<self:flagZ4() and 4 or 3>,,,<target:defence()*(0.3+skillLevel*0.002-0.002)>,,,
296362,,,,0,14,,,,,,,<2961224>,<99>,"<moreEqualThan(self:star(),8) and 1 or 0>",,<1>,,,
299111,,,,,,,,,,,,,,,,,299111,,
299112,,,,0,14,,,,,,,<2991116>,<2>,,,<self:specialDamage()*0.2>,,,
299121,,,,,,,,,,,,,,,,,299121,,
299122,,,,,,,,,,,,<2991117;2991121;2991127>,<1;1;99>,<1;1;1>,,<-100;-100;1>,,,
299131,,,,,4,,,,,,,,,,,,299131,,
299132,,,,,4,,,,,,,<2991118;2991119;2991120;2991121;2991127>,<1;1;1;1;99>,<1;1;1;1;1>,,<-150;1;1;-150;1>,,,
299161,,,,0,14,,,,,,,<2991111>,<99>,,,"<<1;self:hpMax()*(0.3+skillLevel*0.002-0.002);moreEqualThan(self:star(),8) and self:mp1Max() or 0>>",,,
299211,,,,,,,,,,,,,,,,,299211,,
299212,,,,0,14,,,,,,,<2991116>,<2>,,,<self:specialDamage()*0.2>,,,
299221,,,,,,,,,,,,,,,,,299221,,
299222,,,,,,,,,,,,<2991117;2991121;2991127>,<1;1;99>,<1;1;1>,,<-100;-100;1>,,,
299231,,,,,4,,,,,,,,,,,,299231,,
299232,,,,,4,,,,,,,,,,,,299232,,
299233,,,,,4,,,,,,,<2991118;2991119;2991120;2991121;2991127>,<1;1;1;1;99>,<1;1;1;1;1>,,<-150;1;1;-150;1>,,,
299261,,,,0,14,,,,,,,<2991111>,<99>,,,"<<1;self:hpMax()*(0.3+skillLevel*0.002-0.002);moreEqualThan(self:star(),8) and self:mp1Max() or 0>>",,,
299311,,,,,,,,,,,,,,,,,299311,,
299312,,,,0,14,,,,,,,<2991116>,<2>,,,<self:specialDamage()*0.2>,,,
299321,,,,,,,,,,,,,,,,,299321,,
299322,,,,,,,,,,,,<2991117;2991121;2991127>,<1;1;99>,<1;1;1>,,<-100;-100;1>,,,
299331,,,,,4,,,,,,,,,,,,299331,,
299332,,,,,4,,,,,,,,,,,,299332,,
299333,,,,,4,,,,,,,<2991118;2991119;2991120;2991121;2991127>,<1;1;1;1;99>,<1;1;1;1;1>,,<-150;1;1;-150;1>,,,
299361,,,,0,14,,,,,,,<2991111>,<99>,,,"<<1;self:hpMax()*(0.3+skillLevel*0.002-0.002);moreEqualThan(self:star(),8) and self:mp1Max() or 0>>",,,
300111,,,,,,enemyForce|nodead,,"{process={key=moreEqualThan(countObjByBuff(target:force(),{ 3003114 },{}),1);value=<buffDiffer('id',{3003114})|random(1);selected()>}}",,,,<3003111>,<99>,,,<2000>,300111,,
300112,,,,,,enemyForce|nodead,useOtherProcess(300111),,,,,<3003113>,<2>,,,<-target:defence()*(self:flagZ1() and 0.2 or 0.15)>,,,
300113,,,,,,enemyForce|nodead,otherProcessExcept(300111),,,,,<3003112>,<1>,,,<0>,,,
300121,,,,,,enemyForce|nodead,,"{process={key=moreEqualThan(countObjByBuff(target:force(),{ 3003114 },{}),1);value=<buffDiffer('id',{3003114})|random(1);selected()>}}",,,,<3003111>,<99>,,,<2000>,300121,,
300122,,,,,,enemyForce|nodead,useOtherProcess(300121),,,,,<3003114>,<99>,,,<self:flagZ2() and -1000 or 0>,,,
300123,,,,,,enemyForce|nodead,otherProcessExcept(300121),,,,,<3003112>,<1>,,,<0>,,,
300124,,,,0,14,,,,,,,<3003115>,<99>,,,<0>,,,
300131,,,,,,enemyForce|nodead,,"{process={key=moreEqualThan(countObjByBuff(target:force(),{ 3003114 },{}),1);value=<buffDiffer('id',{3003114})|random(1);selected()>}}",,,,<3003111>,<99>,,,<2000>,300131,,
300132,,,,,,enemyForce|nodead,useOtherProcess(300131),,,,,<3003116;3003117;3003125>,<99;1;1>,<1;1;1>,,<-target:defence()*0.1;0;0>,,,
300133,,,,,,enemyForce|nodead,otherProcessExcept(300131),,,,,<3003112>,<1>,,,<0>,,,
300134,,,,0,14,,,,,,,<3003123>,<99>,"<moreEqualThan(self:star(),11) and 1 or 0>",,<0>,,,
300161,,,,0,14,,,,,,,<3003119;3003120;3003121>,<99;99;99>,<1;1;1>,,"<<(self:flagZ4() and 0.4 or 0.3)+(skillLv(30016,30026,30036)or 0)*0.002-0.002+(self:hasBuff(3003115) and 0.2 or 0)+(moreE(self:star(),8) and 0.1 or 0)>;0;0>",,,
300211,,,,,,enemyForce|nodead,,"{process={key=moreEqualThan(countObjByBuff(target:force(),{ 3003114 },{}),1);value=<buffDiffer('id',{3003114})|random(1);selected()>}}",,,,<3003111>,<99>,,,<2000>,300211,,
300212,,,,,,enemyForce|nodead,useOtherProcess(300211),,,,,<3003113>,<2>,,,<-target:defence()*(self:flagZ1() and 0.2 or 0.15)>,,,
300213,,,,,,enemyForce|nodead,otherProcessExcept(300211),,,,,<3003112>,<1>,,,<0>,,,
300221,,,,,,enemyForce|nodead,,"{process={key=moreEqualThan(countObjByBuff(target:force(),{ 3003114 },{}),1);value=<buffDiffer('id',{3003114})|random(1);selected()>}}",,,,<3003111>,<99>,,,<2000>,300221,,
300222,,,,,,enemyForce|nodead,useOtherProcess(300221),,,,,<3003114>,<99>,,,<self:flagZ2() and -1000 or 0>,,,
300223,,,,,,enemyForce|nodead,otherProcessExcept(300221),,,,,<3003112>,<1>,,,<0>,,,
300224,,,,0,14,,,,,,,<3003115>,<99>,,,<0>,,,
300231,,,,,,enemyForce|nodead,,"{process={key=moreEqualThan(countObjByBuff(target:force(),{ 3003114 },{}),1);value=<buffDiffer('id',{3003114})|random(1);selected()>}}",,,,<3003111>,<99>,,,<2000>,300231,,
300232,,,,,,enemyForce|nodead,useOtherProcess(300231),,,,,<3003116;3003117;3003125>,<99;1;1>,<1;1;1>,,<-target:defence()*0.1;0;0>,,,
300233,,,,,,enemyForce|nodead,otherProcessExcept(300231),,,,,<3003112>,<1>,,,<0>,,,
300234,,,,0,14,,,,,,,<3003123>,<99>,"<moreEqualThan(self:star(),11) and 1 or 0>",,<0>,,,
300261,,,,0,14,,,,,,,<3003119;3003120;3003121>,<99;99;99>,<1;1;1>,,"<<(self:flagZ4() and 0.4 or 0.3)+(skillLv(30016,30026,30036)or 0)*0.002-0.002+(self:hasBuff(3003115) and 0.2 or 0)+(moreE(self:star(),8) and 0.1 or 0)>;0;0>",,,
300311,,,,,,enemyForce|nodead,,"{process={key=moreEqualThan(countObjByBuff(target:force(),{ 3003114 },{}),1);value=<buffDiffer('id',{3003114})|random(1);selected()>}}",,,,<3003111>,<99>,,,<2000>,300311,,
300312,,,,,,enemyForce|nodead,useOtherProcess(300311),,,,,<3003113>,<2>,,,<-target:defence()*(self:flagZ1() and 0.2 or 0.15)>,,,
300313,,,,,,enemyForce|nodead,otherProcessExcept(300311),,,,,<3003112>,<1>,,,<0>,,,
300321,,,,,,enemyForce|nodead,,"{process={key=moreEqualThan(countObjByBuff(target:force(),{ 3003114 },{}),1);value=<buffDiffer('id',{3003114})|random(1);selected()>}}",,,,<3003111>,<99>,,,<2000>,300321,,
300322,,,,,,enemyForce|nodead,useOtherProcess(300321),,,,,<3003114>,<99>,,,<self:flagZ2() and -1000 or 0>,,,
300323,,,,,,enemyForce|nodead,otherProcessExcept(300321),,,,,<3003112>,<1>,,,<0>,,,
300324,,,,0,14,,,,,,,<3003115>,<99>,,,<0>,,,
300331,,,,,,enemyForce|nodead,,"{process={key=moreEqualThan(countObjByBuff(target:force(),{ 3003114 },{}),1);value=<buffDiffer('id',{3003114})|random(1);selected()>}}",,,,<3003111>,<99>,,,<2000>,300331,,
300332,,,,,,enemyForce|nodead,useOtherProcess(300331),,,,,,,,,,,,
300333,,,,,,enemyForce|nodead,useOtherProcess(300331),,,,,<3003116;3003117;3003125>,<99;1;1>,<1;1;1>,,<-target:defence()*0.1;0;0>,,,
300334,,,,,,enemyForce|nodead,otherProcessExcept(300331),,,,,<3003112>,<1>,,,<0>,,,
300335,,,,0,14,,,,,,,<3003123>,<99>,"<moreEqualThan(self:star(),11) and 1 or 0>",,<0>,,,
300361,,,,0,14,,,,,,,<3003119;3003120;3003121>,<99;99;99>,<1;1;1>,,"<<(self:flagZ4() and 0.4 or 0.3)+(skillLv(30016,30026,30036)or 0)*0.002-0.002+(self:hasBuff(3003115) and 0.2 or 0)+(moreE(self:star(),8) and 0.1 or 0)>;0;0>",,,
301111,,,,,,,,,,,,,,,,,301111,,
301112,,,,0,14,,,,,,,<3011238>,<2>,<self:flagZ1() and 1 or 0>,,<self:damage()*0.1>,,,
301121,,,,,,,,,,,,,,,,,301121,,
301122,,,,0,14,,,,,,,<3011232;3011233>,<self:flagZ2() and 3 or 2;self:flagZ2() and 3 or 2>,<1;1>,,<self:speed()*0.15;self:damage()*0.15>,,,
301131,,,,,4,,,,,,,,,,,,301131,,
301132,,,,0,14,,,,,,,,,,,,,,
301161,,,,0,14,,,,,,,<3011231;3011236>,<99;99>,"<1;moreEqualThan(self:star(),8) and 1 or 0>",,"<list(list(1201,1211,1221,1241129),1);1>",,,
301211,,,,,,,,,,,,,,,,,301211,,
301212,,,,0,14,,,,,,,<3011238>,<2>,<self:flagZ1() and 1 or 0>,,<self:damage()*0.1>,,,
301221,,,,,,,,,,,,,,,,,301221,,
301222,,,,0,14,,,,,,,<3011232;3011233>,<self:flagZ2() and 3 or 2;self:flagZ2() and 3 or 2>,<1;1>,,<self:speed()*0.15;self:damage()*0.15>,,,
301231,,,,,4,,,,,,,,,,,,301231,,
301232,,,,,4,,,,,,,,,,,,301232,,
301233,,,,0,14,,,,,,,,,,,,,,
301261,,,,0,14,,,,,,,<3011231;3011236>,<99;99>,"<1;moreEqualThan(self:star(),8) and 1 or 0>",,"<list(list(1201,1211,1221,1241129),1);1>",,,
302111,,,,,,,,,,,,,,,,,302111,,
302112,,,,0,14,,,,,,,<3021121>,<2>,,,<self:specialDefence()*0.6>,,,
302121,,,,,,,,,,,,,,,,,302121,,
302122,,,,,,,,,,,,<3021122>,<2>,,,<target:hpMax()*0.35>,,,
302131,,,,,11,,,,,,,,,,,,302131,,
302132,,,,,11,,,,,,,<3021124>,<2>,<0.28>,,<target:hpMax()*0.35>,,,
302133,,,,0,14,,,,,,,<3021123;3021129>,<2;2>,<1;1>,,"<self:specialDefence()*(moreEqualThan(self:star(),11) and 1.48 or 1.18);moreEqualThan(self:star(),11) and 2450 or 1450>",,,
302141,,,,0,14,,,,,,,<3021128>,<2>,,,<self:specialDefence()*(0.35+skillLevel*0.004-0.004)>,,,
302161,,,,0,14,,,,,,,<3021125>,<99>,,,<0>,,,
302211,,,,,,,,,,,,,,,,,302211,,
302212,,,,0,14,,,,,,,<3021121>,<2>,,,<self:specialDefence()*0.6>,,,
302221,,,,,,,,,,,,,,,,,302221,,
302222,,,,,,,,,,,,<3021122>,<2>,,,<target:hpMax()*0.3>,,,
302231,,,,,11,,,,,,,,,,,,302231,,
302232,,,,,11,,,,,,,,,,,,302232,,
302233,,,,,11,,,,,,,<3021124>,<2>,<0.28>,,<target:hpMax()*0.3>,,,
302234,,,,0,14,,,,,,,<3021123;3021129>,<2;2>,<1;1>,,"<self:specialDefence()*(moreEqualThan(self:star(),11) and 1.48 or 1.18);moreEqualThan(self:star(),11) and 2450 or 1450>",,,
302241,,,,0,14,,,,,,,<3021128>,<2>,,,<self:specialDefence()*(0.35+skillLevel*0.004-0.004)>,,,
302261,,,,0,14,,,,,,,<3021125>,<99>,,,<0>,,,
314111,,,,,,,,,,,,,,,,,314111,,
314112,,,,0,14,,,,,,,<3143111>,<2>,,,<self:specialDamage()*(self:flagZ1() and 0.25 or 0.15)>,,,
314113,,,,0,14,,,,,,,<3143118>,<1>,,,<0>,,,
314121,,,,,,,,,,,,,,,,,314121,,
314122,,,,0,14,,,,,,,<3143112>,<2>,<1;self:flagZ2() and 1 or 0>,,<2000;1500>,,,
314123,,,,0,14,,,,,,,<3143118>,<1>,,,<0>,,,
314131,,,,0,14,,,,,,,<3143118>,<1>,,,<0>,,,
314132,,,,,,enemyForce,random(1),,,,,,,,,,314131,,
314133,,,,,,enemyForce,random(1),,,,,,,,,,314132,{needUpdateTarget=True;prob=1},
314134,,,,,,enemyForce,random(1),,,,,,,,,,314133,{needUpdateTarget=True;prob=1},
314135,,,,,,enemyForce,random(1),,,,,,,,,,314134,{needUpdateTarget=True;prob=1},
314136,,,,,,enemyForce,random(1),,,,,,,,,,314135,{needUpdateTarget=True;prob=1},
314137,,,,,,enemyForce,random(1),,,,,,,,,,314136,{needUpdateTarget=True;prob=1},
314161,,,,0,14,,,,,,,,,,,,,,
314211,,,,,,,,,,,,,,,,,314211,,
314212,,,,0,14,,,,,,,<3143111>,<2>,,,<self:specialDamage()*(self:flagZ1() and 0.25 or 0.15)>,,,
314213,,,,0,14,,,,,,,<3143118>,<1>,,,<0>,,,
314221,,,,,,,,,,,,,,,,,314221,,
314222,,,,0,14,,,,,,,<3143112>,<2>,<1;self:flagZ2() and 1 or 0>,,<2000;1500>,,,
314223,,,,0,14,,,,,,,<3143118>,<1>,,,<0>,,,
314231,,,,0,14,,,,,,,<3143118>,<1>,,,<0>,,,
314232,,,,,,enemyForce,random(1),,,,,,,,,,314231,,
314233,,,,,,enemyForce,random(1),,,,,,,,,,314235,{needUpdateTarget=True;prob=1},
314234,,,,,,enemyForce,random(1),,,,,,,,,,314236,{needUpdateTarget=True;prob=1},
314235,,,,,,enemyForce,random(1),,,,,,,,,,314237,{needUpdateTarget=True;prob=1},
314236,,,,,,enemyForce,random(1),,,,,,,,,,314238,{needUpdateTarget=True;prob=1},
314237,,,,,,enemyForce,random(1),,,,,,,,,,314239,{needUpdateTarget=True;prob=1},
314238,,,,,,,,,,,,,,,,,314232,,
314261,,,,0,14,,,,,,,,,,,,,,
314311,,,,,,,,,,,,,,,,,314311,,
314312,,,,0,14,,,,,,,<3143111>,<2>,,,<self:specialDamage()*(self:flagZ1() and 0.25 or 0.15)>,,,
314313,,,,0,14,,,,,,,<3143118>,<1>,,,<0>,,,
314321,,,,,2,,,,,,,,,,,,314321,,
314322,,,,0,14,,,,,,,<3143112;3142128>,<2;2>,<1;self:flagZ2() and 1 or 0>,,<2000;1500>,,,
314323,,,,0,14,,,,,,,<3143118>,<1>,,,<0>,,,
314331,,,,0,14,,,,,,,<3143118>,<1>,,,<0>,,,
314332,,,,,,enemyForce,random(1),,,,,,,,,,314331,,
314333,,,,,,enemyForce,random(1),,,,,,,,,,314332,{needUpdateTarget=True;prob=1},
314334,,,,,,enemyForce,random(1),,,,,,,,,,314333,{needUpdateTarget=True;prob=1},
314335,,,,,,enemyForce,random(1),,,,,,,,,,314334,{needUpdateTarget=True;prob=1},
314336,,,,,,enemyForce,random(1),,,,,,,,,,314335,{needUpdateTarget=True;prob=1},
314337,,,,,,enemyForce,random(1),,,,,,,,,,314336,{needUpdateTarget=True;prob=1},
314338,,,,,,,,,,,,,,,,,,,
314361,,,,0,14,,,,,,,,,,,,,,
315111,,,,,,,,,,,,,,,,,315111,,
315112,,,,0,14,,,,,,,<3151111>,<2>,,,<self:specialDamage()*(self:flagZ1() and 0.25 or 0.2)>,,,
315121,,,,,,,,,,,,,,,,,315121,,
315122,,,,,,selfForce()|nodead,"exclude(list(csvSelf:id()))|rowfront|attr(""hpMax"",""max"",1)",,,,,<3151121>,<3>,,,<1>,,,
315123,,,,,,selfForce()|nodead,"otherProcessExcept(315122)|exclude(list(csvSelf:id()))|rowfront|attr(""hpMax"",""max"",1)",,,,,<3151121>,<3>,<self:flagZ2() and 0.5 or 0>,,<1>,,,
315131,,,,,3,,,,,,,,,,,,315131,,
315132,,,,,3,,,,,,,<3151132>,<2>,"<to10(moreE(self:star(),11))>",,<0>,,,
315133,,,,0,14,,,,,,,<3151145>,<1>,,,<1>,,,
315134,,,,,,,,,,,,<3151140;3151131>,<1;1>,<1;1>,,<0;2000>,,,
315135,,,,,,selfForce|nodead,"exclude(list(csvSelf:id()))|buffDiffer('id',{3151141})|random(ifElse(self:hasBuff(3151190),6,ifElse(csvSelf:flagZ3(),4,3)))",,,,,<3151142>,<1>,,,"<moreE(self:star(),8) and 0.15 or 0>",,,
315136,,,,0,14,,,,,,,<3151143;3151146>,<1;1>,<1;1>,,"<<list(1,0,0);1;1>;0>",,,
315161,,,,0,14,,,,,,,<3151121;3151171;3151172;3151190>,<99;99;99;66>,<1;1;1;0>,,<0;0;0;0>,,,
315162,,,,0,11,,,,,,,<3151161>,<99>,,,<0>,,,
315211,,,,,,,,,,,,,,,,,315211,,
315212,,,,0,14,,,,,,,<3151111>,<2>,,,<self:specialDamage()*(self:flagZ1() and 0.25 or 0.2)>,,,
315221,,,,,,,,,,,,,,,,,315221,,
315222,,,,,,selfForce()|nodead,"exclude(list(csvSelf:id()))|rowfront|attr(""hpMax"",""max"",1)",,,,,<3151121>,<3>,,,<1>,,,
315223,,,,,,selfForce()|nodead,"otherProcessExcept(315222)|exclude(list(csvSelf:id()))|rowfront|attr(""hpMax"",""max"",1)",,,,,<3151121>,<3>,<self:flagZ2() and 0.5 or 0>,,<1>,,,
315231,,,,,3,,,,,,,,,,,,315231,,
315232,,,,,3,,,,,,,,,,,,,,
315233,,,,,3,,,,,,,<3151132>,<2>,"<to10(moreE(self:star(),11))>",,<0>,,,
315234,,,,0,14,,,,,,,<3151145>,<1>,,,<1>,,,
315235,,,,,,,,,,,,<3151140;3151131>,<1;1>,<1;1>,,<0;2000>,,,
315236,,,,,,selfForce|nodead,"exclude(list(csvSelf:id()))|buffDiffer('id',{3151141})|random(ifElse(self:hasBuff(3151190),6,ifElse(csvSelf:flagZ3(),4,3)))",,,,,<3151142>,<1>,,,"<moreE(self:star(),8) and 0.15 or 0>",,,
315237,,,,0,14,,,,,,,<3151143;3151146>,<1;1>,<1;1>,,"<<list(1,0,0);1;1>;0>",,,
315261,,,,0,14,,,,,,,<3151121;3151171;3151172;3151190>,<99;99;99;66>,<1;1;1;0>,,<0;0;0;0>,,,
315262,,,,0,11,,,,,,,<3151161>,<99>,,,<0>,,,
316111,,,,,,,,,,,,,,,,,316111,,
316112,,,,0,14,,,,,,,<3161111;3161112>,<2;1>,<1;1>,,<self:defence()*0.35;self:defence()*4>,,,
316121,,,,,,,,,,,,,,,,,316121,,
316122,,,,,,selfForce|nodead,"attr(""hp"",""min"",2)",,,,,<3161211>,<2>,,,<self:defence()*3.5>,,,
316131,,,,,3,,,,,,,,,,,,316131,,
316132,,,,,3,,,,,,,,,,,,,,
316133,,,,0,11,,,,,,,<3161311;3161211>,<2;2>,<1;1>,,<(target:cardID() == 3161 or target:cardID() == 3171 or target:cardID() == 3181 or target:cardID() == 3251 or target:nature(1)==17 or target:nature(2)==17) and 2000 or 1000;self:defence()*3.5>,,,
316134,,,,0,11,,,,,,,<3161321>,<2>,,,<0>,,,
316161,,,,,,selfForce | nodead,exclude(list(csvSelf:id()))|random(5),,,,,<3161611>,<99>,,,<0>,,,
316162,,,,,11,,,,,,,<3161621>,<99>,,,<-(5+skillLv(31616) *0.02-0.02)*100*((target:nature(1)==16 or target:nature(2)==16) and 2 or 1)>,,,
317111,,,,,,,,,,,,,,,,,317111,,
317112,,,,0,14,,,,,,,<3171111>,<2>,,,<self:Bdamage()*0.2>,,,
317121,,,,,4,,,,,,,,,,,,317121,,
317122,,,,0,14,,,,,,,<3171112>,<2>,,,<2000>,,,
317123,,,,,4,,,,,,,<3171113>,<1>,"<moreE(self:curSkill():getTotalDamage(),target:hpMax()*0.2) and 1 or 0>",,<1>,,,
317131,,,,,,,,,,,,,,,,,317131,,
317132,,,,,,,,,,,,,,,,,,,
317133,,,,0,14,,,,,,,<3171114>,<1>,,,<self:Bdamage()*0.4>,,,
317134,,,,0,14,,,,,,,<3171115>,<1>,"<lessE(self:hp(),1) and 0 or 1>",,"<math.min(  (moreE(self:star(),11) and self:curSkill():getTotalDamage()*0.1 or self:curSkill():getTotalDamage()*0.15) ,(hp()-1))>",,,
317135,,,,0,14,,,,,,,<3171116>,<2>,"<to10(moreE(self:star(),11))>",,<1>,,,
317161,,,,0,14,,,,,,,<3171121>,<99>,,,<1>,,,
317162,,,,0,14,,,,,,,<3171124>,<99>,,,<1>,,,
317211,,,,,4,,,,,,,,,,,,317211,,
317212,,,,0,14,,,,,,,<317211>,<2>,,,<self:damage()*0.2>,,,
317213,,,,,4,,,,,,,<317222>,<1>,"<moreE(self:curSkill():getTotalDamage(),(self:flagZ1() and target:hpMax()*0.2 or target:hpMax()*0.3)) and 1 or 0>",,<1>,,,
317221,,,,,4,,,,,,,,,,,,317221,,
317222,,,,0,14,,,,,,,<317221;317224;317223>,<2;2;2>,<1;1;1>,,<2000;1500;2000>,,,
317223,,,,,4,,,,,,,<317222>,<1>,"<moreE(self:curSkill():getTotalDamage(),(self:flagZ2() and target:hpMax()*0.1 or target:hpMax()*0.2)) and 1 or 0>",,<1>,,,
317231,,,,,11,enemyForce|nodead,,,,,,,,,,,317231,,
317232,,,,,11,enemyForce|nodead,,,,,,,,,,,317232,,
317233,,,,0,14,,,,,,,<317231;317232;317233>,<1;1;1>,<1;1;1>,,"<(moreEqualThan(self:star(), 11) and self:damage()*0.25 or self:damage()*0.2) + (self:flagZ3() and self:damage()*0.05 or 0);(moreEqualThan(self:star(), 11) and 2500 or 2000) + (self:flagZ3() and 500 or 0);(moreEqualThan(self:star(), 11) and 2500 or 2000) + (self:flagZ3() and 500 or 0)>",,,
317234,,,,0,14,,,,,,,<317224;317223>,<2;2>,<1;1>,,<1500;2000>,,,
317241,,,,0,14,,,,,,,<317244;317247>,<99;99>,<1;1>,,<0;0>,,,
317242,,,,0,14,,,,,,,<317240;317250>,<99;99>,<1;1>,,<0;2000>,,,
318111,,,,,,,,,,,,,,,,,318111,,
318112,,,,0,14,,,,,,,<3181111;3181112>,<2;2>,<1;1>,,<self:specialDefence()*0.5;self:specialDamage()*0.1>,,,
318121,,,,,,,,,,,,,,,,,318121,,
318122,,,,,,selfForce|nodead,exclude(list(csvSelf:id()))|rowfront|hpRatioMin,,,,,<3181211>,<3>,,,<0>,,,
318131,,,,,2,,,,,,,,,,,,318131,,
318132,,,,,2,,,,,,,,,,,,,,
318133,,,,0,2,,,,,,,<3181311>,<3>,,,<2000>,,,
318134,,,,,2,,,,,,,<3181312>,<1>,,,"<min(target:hpMax()*0.1,self:hpMax()*0.3)>",,,
318135,,,,,,selfForce|nodead,exclude(list(csvSelf:id()))|hpRatioMin,,,,,<3181211>,<3>,,,<0>,,,
318136,,,,0,14,,,,,,,<3181211>,<3>,,,<0>,,,
318137,,,,,,selfForce|nodead,otherProcessExcept(318135)|hpRatioMin,,,,,<3181211>,<3>,"<to10(moreE(self:star(),11))>",,<0>,,,
318161,,,,0,14,,,,,,,<3181211;3181611>,<3;99>,<1;1>,,<0;0>,,,
320111,,,,,,,,,,,,,,,,,320111,,
320112,,,,0,14,,,,,,,<3201111>,<2>,,,<self:specialDamage()*0.2>,,,
320121,,,,,,,,,,,,,,,,,320121,,
320122,,,,,,enemyForce|nodead,"buffDifferExclude('group',{c.egg_fly_oc()})|setSelectAttr({""damage"",""specialDamage""},""max"")|attr(""selectAttr"",""max"",1)",,,,,<3201211>,<2>,,,<1>,,,
320131,,,,,,,,,,,,,,,,,320131,,
320132,,,,,,,,,,,,,,,,,320132,,
320133,,,,0,14,,,,,,,<3201311>,<1>,,,<0>,,,
320161,,,,0,14,,,,,,,<3201611>,<99>,,,<0>,,,
321111,,,,,2,,,,,,,,,,,,321111,,
321112,,,,0,14,,,,,,,<3211121;3211122>,<2;2>,<1;1>,,<self:flagZ1() and self:specialDamage()*0.3 or self:specialDamage()*0.15;self:flagZ1() and 3000 or 1500>,,,
321121,,,,,11,,,,,,,,,,,,321121,,
321122,,,,0,14,,,,,,,<3211123>,<2>,<self:hasBuff(3211143) and 0 or 1>,,<self:flagZ2() and 5000 or 3000>,,,
321123,,,,,,selfForce|nodead,exclude(list(csvSelf:id()))|rowfront,,,,,<3211136>,<1>,<self:hasBuff(3211143) and 0 or 1>,,<1>,,,
321124,,,,,,selfForce|nodead,,"{process={key=more(countObjByBuff(self:force(),{3211136}),0);value=<buffDiffer('id',{3211136})|hpRatioMin;exclude(list(csvSelf:id()))|hpRatioMin>}}",,,,<3211123>,<2>,<(not self:hasBuff(3211143)) and 1 or 0>,,<self:flagZ2() and 5000 or 3000>,,,
321125,,,,,,selfForce|nodead,exclude(list(csvSelf:id()))|otherProcessExcept(321124)|rowfront,,,,,<3211193>,<1>,<((not self:hasBuff(3211143)) and self:flagZ2()) and 1 or 0>,,<1>,,,
321126,,,,,,selfForce|nodead,,"{process={key=more(countObjByBuff(self:force(),{3211193}),0);value=<buffDiffer('id',{3211193})|hpRatioMin;exclude(list(csvSelf:id()))|buffDifferExclude('id',{3211123})|hpRatioMin>}}",,,,<3211123>,<2>,<((not self:hasBuff(3211143)) and self:flagZ2()) and 1 or 0>,,<self:flagZ2() and 5000 or 3000>,,,
321127,,,,0,11,,,,,,,<3211123>,<2>,<self:hasBuff(3211143) and 1 or 0>,,<(self:id() == target:id() and self:flagZ2() ) and 7500 or 3000>,,,
321131,,,,,12,,,,,,,,,,,,321131,,
321132,,,,,12,,,,,,,,,,,,321132,,
321133,,,,,,enemyForce|nodead,"buffDiffer('id',{3211131})",,,,,<3211134>,<1>,<target:hasBuff(3211131) and 1 or 0>,,<target:flag(99) and self:hpMax()*0.1 or target:hpMax()*0.049>,,,
321134,,,,,,enemyForce|nodead,selected(),,,,,<3211137>,<1>,<0>,,<target:flag(99) and self:hpMax()*0.1 or target:hpMax()*0.049>,,,
321135,,,,,,enemyForce|nodead,"buffDiffer('id',{3211131})|random(1)",,,,,<3211162>,<1>,<0>,,<target:flag(99) and self:hpMax()*0.1 or target:hpMax()*0.049>,,,
321136,,,,0,14,,,,,,,<3211138;3211140>,<self:flagZ3() and 2 or 1;1>,<1;self:flagZ3() and 1 or 0>,,"<1;list(list(3211143),1)>",,,
321161,,,,0,14,,,,,,,<3211125>,<2>,,,<1>,,,
321162,,,,0,14,,,,,,,<3211141;3211149>,<99;99>,<1;1>,,<<0;self:hpMax();self:mp1Max();0>;1>,,,
322211,,,,,,,,,,,,,,,,,322111,,
322212,,,,0,14,,,,,,,<3222111;3222112;3222113>,<2;2;1>,<1;1;self:hasBuff(3222632) and (self:flagZ1() and 1 or 0.5) or 0>,,<self:damage()*0.2;self:speed()*0.2;<1>>,,,
322221,,,,,2,,,,,,,,,,,,322121,,
322222,,,,0,14,,,,,,,<3222211;3222212;3222213;3222214>,<1;2;2;1>,<self:hasBuff(3222632) and 0 or 1;1;1;self:hasBuff(3222632) and 1 or 0>,,<self:hp()*0.2+1;(self:flagZ2() and 3000 or 2000);(self:flagZ2() and 3000 or 2000);0>,,,
322231,,,,,,enemyForce|nodead,,"{process={key=(self:hasBuff(3222632) or moreE(self:getBuffOverlayCount(3222600),6));value=<near;curSelected>}}",,,,,,,,,322131,,
322232,,,,,,enemyForce|nodead,,"{process={key=(self:hasBuff(3222632) or moreE(self:getBuffOverlayCount(3222600),6));value=<near;curSelected>}}",,,,,,,,,322132,,
322233,,,,,,,,,,,,<3222310>,<1>,,,<0>,,,
322234,,,,,,enemyForce|nodead,,"{process={key=(self:hasBuff(3222632) or moreE(self:getBuffOverlayCount(3222600),6));value=<near;curSelected>}}",,,,<3222311>,<1>,"<self:hasBuff(3222632) and (0.4+((moreE(self:star(),11) and target:hasBuff(3222310) and self:hasBuff(3222704)) and 0.6 or 0)) or 0>",,<0>,,,
322235,,,,0,14,,,,,,,<3222705;3222707>,<99;1>,<(self:hasBuff(3222632) and self:hasBuff(3222704)) and 1 or 0;1>,,<0;0>,,,
322251,,,,0,11,,,,,,,<3222511;3222513>,<1;1>,<1;self:flagZ4() and ((target:nature(1)==18 or target:nature(2)==18) and (target:id()==self:id() and 0 or 1) or 0) or 0>,,<0;0>,,,
322261,,,,0,14,,,,,,,<3222600;3222600;3222600>,<99;99;99>,"<to10(moreE(self:star(),8));to10(moreE(self:star(),8));to10(moreE(self:star(),8))>",,<500;500;500>,,,
322262,,,,0,14,,,,,,,<3222651;3222611;3222621;3222631;3222633>,<99;99;99;99;99>,<1;1;1;1;1>,,<0;0;0;0;0>,,,
324111,,,,,,,,,,,,,,,,,324111,,
324112,,,,0,14,,,,,,,<3243113>,<1>,,,<0>,,,
324113,,,,0,14,,,,,,,<3241111;3241112>,<2;2>,<1;1>,,<self:flagZ1() and  self:damage()*0.2 or self:Bdamage()*0.15;self:flagZ1() and  self:specialDamage()*0.2 or self:BspecialDamage()*0.15>,,,
324121,,,,,,,,,,,,,,,,,324121,,
324122,,,,0,14,,,,,,,<3243126>,<1>,,,<0>,,,
324123,,,,0,14,,,,,,,<3243121>,<2>,,,<0>,,,
324131,,,,,,enemyForce|nodead,curSelected,,,,,<3243111;3243148>,<2;1>,"<moreE(countObjByBuff(target:force(),{3243111},{}),1) and 0 or 1;1>",,<-target:Bspeed()*0.6;<150;1>>,,,
324132,,,,,,enemyForce|nodead,useOtherProcess(324131),,,,,,,,,,,,
324133,,,,,,enemyForce|nodead,useOtherProcess(324131),,,,,,,,,,324131,,
324134,,,,,,enemyForce|nodead,useOtherProcess(324131),,,,,,,,,,324132,,
324135,,,,,,enemyForce|nodead,"otherProcessExcept(324131)|buffDifferExclude('group',{26})|random(1)",,,,,<3243199>,<1>,,,<target:hpMax()*0.35>,,,
324136,,,,0,14,,,,,,,<3243131>,<2>,,,<0>,,,
324161,,,,0,14,,,,,,,<3241162;3241161;3241161;3241161>,<99;99;99;99>,"<1;moreE(countForceNum(3-self:force()),1) and 1 or 0;moreE(countForceNum(3-self:force()),3) and 1 or 0;moreE(countForceNum(3-self:force()),5) and 1 or 0>",,<0;<1;99;2;0.2;20>;<1;99;2;0.2;20>;<1;99;2;0.2;20>>,,,
324162,,,,0,14,,,,,,,<3243181;3243183;3241184;3243209>,<99;99;99;99>,"<moreE(self:star(),8) and 1 or 0;moreE(self:star(),8) and 1 or 0;1;self:flagZ4() and 1 or 0>",,<0;0;<target:id();3245;0;0>;0>,,,
324163,,,,0,2,,,,,,,<3241182>,<99>,,,<0>,,,
324164,,,,,,enemyForce|nodead,backRowRandom(1),,,,,<3243111>,<2>,,,<-target:Bspeed()*0.9>,,,
324511,,,,0,14,,,,,,,<3241191;3241192;3241193;3241197;3241199>,<99;99;99;99;99>,<1;1;1;1;1>,,<0;0;0;0;0>,,,
325111,,,,,,,,,,,,,,,,,325111,,
325112,,,,0,14,,,,,,,<3251111;3251633>,<1;1>,"<self:flagZ1() and 1 or 0.8;moreE(self:getBuffOverlayCount(3251112),3) and (self:flagZ4() and 1 or 0) or 0>",,<0;0>,,,
325113,,,,0,11,,,,,,,<3251622>,<1>,,,<0>,,,
325121,,,,,,,,,,,,,,,,,325121,,
325122,,,,0,14,,,,,,,<3251111;3251111;3251211;3251212;3251214;3251633>,<1;1;99;99;99;1>,"<1;self:flagZ2() and 1 or 0.55;1;1;self:hasBuff(3251310) and 1 or 0;moreE(self:getBuffOverlayCount(3251112),3) and (self:flagZ4() and 1 or 0) or 0>",,<0;0;6000;0;3000;0>,,,
325123,,,,,,,,,,,,,,,,,,,
325131,,,,,,,,,,,,,,,,,325131,,
325132,,,,,,,,,,,,,,,,,,,
325133,,,,0,14,,,,,,,<3251310;3251321;3251322;3251323>,<99;1;1;3251323>,"<moreE(self:getBuffOverlayCount(3251112),3) and 1 or 0;moreE(self:star(),11) and 1 or 0;moreE(self:getBuffOverlayCount(3251112),5) and (moreE(self:star(),11) and 1 or 0) or 0;self:hasBuff(3251310) and 1 or 0>",,<0;1000*self:getBuffOverlayCount(3251112);5000;0>,,,
325134,,,,0,11,,,,,,,<3251622>,<1>,,,<0>,,,
325161,,,,0,14,,,,,,,<3251611;3251612>,<99;99>,<1;1>,,"<<list(1,0,0);10;1>;0>",,,
325162,,,,,11,,,,,,,<3251621>,<99>,,,<0>,,,
325163,,,,0,11,,,,,,,<3251631>,<99>,"<to10(moreE(self:star(),8))>",,<0>,,,
326111,,,,,,,,,,,,,,,,,326111,,
326112,,,,0,14,,,,,,,<3261111>,<3>,,,<self:flagZ1() and 1800 or 1200>,,,
326121,,,,,,,,,,,,,,,,,326121,,
326122,,,,0,14,,,,,,,<3261112;3261126>,<2;99>,<1;1>,,<<1;1;1>;1>,,,
326131,,,,,,enemyForce|nodead,targetRow,,,,,,,,,,326131,,
326132,,,,,,enemyForce|nodead,targetRow,,,,,,,,,,326132,,
326133,,,,,,enemyForce|nodead,curSelected,,,,,<3262112>,<1>,<0.5-0.2*((getGateType() == 10 or getGateType() == 14) and 1 or 0)>,,<<0;1>>,,,
326134,,,,,,enemyForce|nodead,exclude(list(csvSelectObj:id()))|targetRow,,,,,<3262112>,<1>,<0.3-0.1*((getGateType() == 10 or getGateType() == 14) and 1 or 0)>,,<<0;1>>,,,
326135,,,,,,enemyForce|nodead,"otherProcessExcept(326133)|buffDifferExclude('group',{36})|random(1)",,,,,<3262116>,<1>,"<moreE(self:star(),11) and 1 or 0>",,<<0;1>>,,,
326136,,,,0,14,,,,,,,,<1>,"<moreE(self:star(),11) and 1 or 0>",,<1>,,,
326137,,,,0,14,,,,,,,<3261127>,<99>,,,<1>,,,
326138,,,,,,enemyForce|nodead,curSelected,,,,,<3262118>,<1>,,,<1>,,,
326139,,,,,,enemyForce|nodead,targetRow,,,,,<3261118;3261119>,<1;1>,<(target:hasBuffGroup(36) and self:flagZ3()) and 0.5 or 0;(target:hasBuffGroup(36) and self:flagZ3()) and 1 or 0>,,"<list(list(36),1,1);self:damage()*1+self:specialDamage()*1>",,,
326161,,,,0,14,,,,,,,<3261158;3261148;3261150;3261152;3261155>,<99;99;99;99;99>,<0;1;1;1;1>,,<1;1;1;1;1>,,,
326162,,,,0,14,,,,,,,<3261115;3262119;3261129;3261139;3261159>,<99;99;99;99;99>,<1;1;1;1;1>,,<1;1;1;1;self:hpMax()*0.3>,,,
326163,,,,0,14,,,,,,,<3261160;3261162;3261164>,<99;99;99>,<self:flagZ4() and 1 or 0;self:flagZ4() and 1 or 0;self:flagZ4() and 1 or 0>,,<1;1;1>,,,
326211,,,,,,,,,,,,,,,,,326211,,
326212,,,,0,14,,,,,,,<3262111;3261123>,<3;99>,<1;1>,,<self:flagZ1() and 1800 or 1200;1>,,,
326213,,,,,,enemyForce|nodead,"buffDifferExclude('group',{36})|random(1)",,,,,<3262112>,<1>,<0.2-0.05*((getGateType() == 10 or getGateType() == 14) and 1 or 0)>,,<<0;1>>,,,
326221,,,,,,,,,,,,,,,,,326221,,
326222,,,,,,,,,,,,<3262112>,<1>,,,<<0;1>>,,,
326223,,,,,,enemyForce|nodead,"buffDifferExclude('group',{36})|backRowRandom(1)",,,,,<3262115>,<1>,<self:flagZ2() and (0.6-0.2*((getGateType() == 10 or getGateType() == 14) and 1 or 0)) or (0.4-0.2*((getGateType() == 10 or getGateType() == 14) and 1 or 0))>,,<<0;1>>,,,
326224,,,,0,14,,,,,,,<3261123;3261125>,<99;99>,<1;1>,,<1;1>,,,
326231,,,,,2,enemyForce|nodead,targetRow,,,,,,,,,,326231,,
326232,,,,,2,enemyForce|nodead,targetRow,,,,,,,,,,326232,,
326233,,,,,,enemyForce|nodead,curSelected,,,,,<3262112>,<1>,<self:flagZ3() and (1-0.3*((getGateType() == 10 or getGateType() == 14) and 1 or 0)) or (0.8-0.3*((getGateType() == 10 or getGateType() == 14) and 1 or 0))>,,<<0;1>>,,,
326234,,,,,,enemyForce|nodead,exclude(list(csvSelectObj:id()))|targetRow,,,,,<3262112>,<1>,<0.5-0.2*((getGateType() == 10 or getGateType() == 14) and 1 or 0)>,,<<0;1>>,,,
326235,,,,,,enemyForce|nodead,"otherProcessExcept(326233)|buffDifferExclude('group',{36})|random(1)",,,,,<3262116>,<1>,"<moreE(self:star(),11) and 1 or 0>",,<<0;1>>,,,
326236,,,,,,enemyForce|nodead,"buffDifferExclude('group',{36})|random(1)",,,,,<3262112>,<1>,<0.2-0.05*((getGateType() == 10 or getGateType() == 14) and 1 or 0)>,,<<0;1>>,,,
326237,,,,0,14,,,,,,,<3261127;3261123;3261114>,<99;99;1>,"<1;1;to10(moreEqualThan(self:star(),11))>",,"<1;1;<list(1,0,0);1;1>>",,,
326238,,,,,,enemyForce|nodead,curSelected,,,,,<3262118>,<1>,,,<1>,,,
326239,,,,,,,,,,,,<3261119>,<1>,<(target:hasBuffGroup(36) and self:flagZ3()) and 1 or 0>,,<self:damage()*1+self:specialDamage()*1>,,,
326261,,,,0,14,,,,,,,<3261158;3261148;3261150;3261152;3261155>,<99;99;99;99;99>,<0;1;1;1;1>,,<1;1;1;1;1>,,,
326262,,,,0,14,,,,,,,<3261115;3262119;3261129;3261139;3261159>,<99;99;99;99;99>,<1;1;1;1;1>,,<1;1;1;1;self:hpMax()*0.3>,,,
326263,,,,0,14,,,,,,,<3261160;3261162;3261164>,<99;99;99>,<self:flagZ4() and 1 or 0;self:flagZ4() and 1 or 0;self:flagZ4() and 1 or 0>,,<1;1;1>,,,
326311,,,,,,,,,,,,,,,,,326311,,
326312,,,,0,14,,,,,,,<3261111>,<3>,,,<self:flagZ1() and 1800 or 1200>,,,
326321,,,,,,,,,,,,,,,,,326321,,
326322,,,,0,14,,,,,,,<3261112;3261126>,<2;99>,<1;1>,,<<1;1;1>;1>,,,
326331,,,,,,enemyForce|nodead,targetRow,,,,,,,,,,326331,,
326332,,,,,,enemyForce|nodead,targetRow,,,,,,,,,,326332,,
326333,,,,,,enemyForce|nodead,curSelected,,,,,<3262112>,<1>,<0.5-0.2*((getGateType() == 10 or getGateType() == 14) and 1 or 0)>,,<<0;1>>,,,
326334,,,,,,enemyForce|nodead,exclude(list(csvSelectObj:id()))|targetRow,,,,,<3262112>,<1>,<0.3-0.1*((getGateType() == 10 or getGateType() == 14) and 1 or 0)>,,<<0;1>>,,,
326335,,,,,,enemyForce|nodead,"otherProcessExcept(326333)|buffDifferExclude('group',{36})|random(1)",,,,,<3262116>,<1>,"<moreE(self:star(),11) and 1 or 0>",,<<0;1>>,,,
326336,,,,0,14,,,,,,,,<1>,"<moreE(self:star(),11) and 1 or 0>",,<1>,,,
326337,,,,0,14,,,,,,,<3261127>,<99>,,,<1>,,,
326338,,,,,,enemyForce|nodead,curSelected,,,,,<3262118>,<1>,,,<1>,,,
326339,,,,,,enemyForce|nodead,targetRow,,,,,<3261118;3261119>,<1;1>,<(target:hasBuffGroup(36) and self:flagZ3()) and 0.5 or 0;(target:hasBuffGroup(36) and self:flagZ3()) and 1 or 0>,,"<list(list(36),1,1);self:damage()*1+self:specialDamage()*1>",,,
326361,,,,0,14,,,,,,,<3261158;3261148;3261150;3261152;3261155>,<99;99;99;99;99>,<0;1;1;1;1>,,<1;1;1;1;1>,,,
326362,,,,0,14,,,,,,,<3261115;3262119;3261129;3261139;3261159>,<99;99;99;99;99>,<1;1;1;1;1>,,<1;1;1;1;self:hpMax()*0.3>,,,
326363,,,,0,14,,,,,,,<3261160;3261162;3261164>,<99;99;99>,<self:flagZ4() and 1 or 0;self:flagZ4() and 1 or 0;self:flagZ4() and 1 or 0>,,<1;1;1>,,,
326411,,,,,,,,,,,,,,,,,326411,,
326412,,,,0,14,,,,,,,<3262111;3261123>,<3;99>,<1;1>,,<self:flagZ1() and 1800 or 1200;1>,,,
326413,,,,,,enemyForce|nodead,"buffDifferExclude('group',{36})|random(1)",,,,,<3262112>,<1>,<0.2-0.05*((getGateType() == 10 or getGateType() == 14) and 1 or 0)>,,<<0;1>>,,,
326421,,,,,,,,,,,,,,,,,326421,,
326422,,,,,,,,,,,,<3262112>,<1>,,,<<0;1>>,,,
326423,,,,,,enemyForce|nodead,"buffDifferExclude('group',{36})|backRowRandom(1)",,,,,<3262115>,<1>,<self:flagZ2() and (0.6-0.2*((getGateType() == 10 or getGateType() == 14) and 1 or 0)) or (0.4-0.2*((getGateType() == 10 or getGateType() == 14) and 1 or 0))>,,<<0;1>>,,,
326424,,,,0,14,,,,,,,<3261123;3261125>,<99;99>,<1;1>,,<1;1>,,,
326431,,,,,2,enemyForce|nodead,targetRow,,,,,,,,,,326431,,
326432,,,,,2,enemyForce|nodead,targetRow,,,,,,,,,,326432,,
326433,,,,,,enemyForce|nodead,curSelected,,,,,<3262112>,<1>,<self:flagZ3() and (1-0.3*((getGateType() == 10 or getGateType() == 14) and 1 or 0)) or (0.8-0.3*((getGateType() == 10 or getGateType() == 14) and 1 or 0))>,,<<0;1>>,,,
326434,,,,,,enemyForce|nodead,exclude(list(csvSelectObj:id()))|targetRow,,,,,<3262112>,<1>,<0.5-0.2*((getGateType() == 10 or getGateType() == 14) and 1 or 0)>,,<<0;1>>,,,
326435,,,,,,enemyForce|nodead,"otherProcessExcept(326433)|buffDifferExclude('group',{36})|random(1)",,,,,<3262116>,<1>,"<moreE(self:star(),11) and 1 or 0>",,<<0;1>>,,,
326436,,,,,,enemyForce|nodead,"buffDifferExclude('group',{36})|random(1)",,,,,<3262112>,<1>,<0.2-0.05*((getGateType() == 10 or getGateType() == 14) and 1 or 0)>,,<<0;1>>,,,
326437,,,,0,14,,,,,,,<3261127;3261123;3261114>,<99;99;1>,"<1;1;to10(moreEqualThan(self:star(),11))>",,"<1;1;<list(1,0,0);1;1>>",,,
326438,,,,,,enemyForce|nodead,curSelected,,,,,<3262118>,<1>,,,<1>,,,
326439,,,,,,enemyForce|nodead,targetRow,,,,,<3261119>,<1>,<(target:hasBuffGroup(36) and self:flagZ3()) and 1 or 0>,,<self:damage()*1+self:specialDamage()*1>,,,
326461,,,,0,14,,,,,,,<3261158;3261148;3261150;3261152;3261155>,<99;99;99;99;99>,<0;1;1;1;1>,,<1;1;1;1;1>,,,
326462,,,,0,14,,,,,,,<3261115;3262119;3261129;3261139;3261159>,<99;99;99;99;99>,<1;1;1;1;1>,,<1;1;1;1;self:hpMax()*0.3>,,,
326463,,,,0,14,,,,,,,<3261160;3261162;3261164>,<99;99;99>,<self:flagZ4() and 1 or 0;self:flagZ4() and 1 or 0;self:flagZ4() and 1 or 0>,,<1;1;1>,,,
327111,,,,,,,,,,,,,,,,,327111,,
327112,,,,0,14,,,,,,,<3274111;3274112>,<3;3>,<1;1>,,<self:speed()*0.2;4000>,,,
327121,,,,,,,,,,,,,,,,,327121,,
327122,,,,0,14,,,,,,,<3274621;3274622;3274630;3274624>,<99;99;1;1>,<self:hasBuff(3274621) and 0 or 1;self:hasBuff(3274621) and not self:hasBuff(3274622) and not self:hasBuff(3274211) and 1 or 0;(self:hasBuff(3274621) and self:hasBuff(3274622) and not self:hasBuff(3274211) and not self:hasBuff(3274212)) and 1 or 0;(self:hasBuff(3274621) and self:hasBuff(3274622) and not self:hasBuff(3274211) and not self:hasBuff(3274212)) and 1 or 0>,,<0;0;(self:hpMax()-self:hp())*0.2;200>,,,
327131,,,,,,enemyForce|nodead,column,,,,,,,,,,327131,,
327132,,,,,,enemyForce|nodead,useOtherProcess(327131),,,,,,,,,,327132,,
327133,,,,0,14,,,,,,,<3274631;3274324>,<99;1>,<1;1>,,<0;0>,,,
327134,,,,0,14,,,,,,,<3274216;3274337;3274312>,<1;1;1>,<1;self:hasBuff(3274336) and 1 or 0;1>,,<0;0;1-self:speed()>,,,
327135,,,,0,14,,,,,,,<3274216;3274312;3274335>,<1;1;1>,"<moreE(self:star(),11) and 1 or 0;moreE(self:star(),11) and 1 or 0;1>",,<0;1-self:speed();300>,,,
327141,,,,0,14,,,,,,,<3274214;3274215>,<1;1>,<1;1>,,"<1000*countObjByBuff(self:force(),{3274213},{});1000*countObjByBuff(self:force(),{3274213},{})>",,,
327161,,,,0,11,,,,,,,<3274611;3274213>,<99;99>,<1;(target:nature(1)==12 or target:nature(2)==12 or target:nature(1)==17 or target:nature(2)==17) and 1 or 0>,,<0;0>,,,
327162,,,,0,14,,,,,,,<3274621;3274622;3274321;3274617>,<99;99;99;99>,"<self:hasBuff(3271631) and 0 or 1;(moreE(self:star(),8) and (not self:hasBuff(3271631)))and 1 or 0;1;1>",,<0;0;0;0>,,,
327163,,,,0,14,,,,,,,<3271631;3271637;3274614;3274332>,<99;99;99;99>,<1;1;1;1>,,"<<0;1;self:mp1();0>;0;list(2,1,300);0>",,,
327171,,,,,,enemyForce|nodead,curSelected|sputtering(0.3),,,,,,,,,,327171,,
328111,,,,,,,,,,,,,,,,,328111,,
328112,,,,0,14,,,,,,,<3281317>,<2>,<self:flagZ1() and 1 or 0>,,<self:damage()*0.1>,,,
328121,,,,,,,,,,,,,,,,,328121,,
328122,,,,,,,,,,,,,,,,,,,
328123,,,,0,14,,,,,,,<3281311>,<2>,,,<self:flagZ2() and 3000 or 2000>,,,
328131,,,,,2,,,,,,,,,,,,328131,,
328132,,,,,,selfForce,selfColumn,,,,,<3281312;3281313>,<self:flagZ3() and 3 or 2;self:flagZ3() and 3 or 2>,<1;1>,,<2000;2000>,,,
328133,,,,0,14,,,,,,,<3281315>,<3>,"<to10(moreEqualThan(self:star(),11))>",,<0>,,,
328161,,,,0,14,,,,,,,<3281314>,<99>,,,"<(800+skillLevel*8-8)*(1+(self:flagZ4() and 0.5 or 0)+0.5*to10(moreEqualThan(self:star(),8)))>",,,
328211,,,,,,,,,,,,,,,,,328211,,
328212,,,,0,14,,,,,,,<3281317>,<2>,<self:flagZ1() and 1 or 0>,,<self:damage()*0.1>,,,
328221,,,,,,,,,,,,,,,,,328221,,
328222,,,,,,,,,,,,,,,,,,,
328223,,,,0,14,,,,,,,<3281311>,<2>,,,<self:flagZ2() and 3000 or 2000>,,,
328231,,,,,2,,,,,,,,,,,,328231,,
328232,,,,,2,,,,,,,,,,,,328232,,
328233,,,,,,selfForce,selfColumn,,,,,<3281312;3281313>,<self:flagZ3() and 3 or 2;self:flagZ3() and 3 or 2>,<1;1>,,<2000;2000>,,,
328234,,,,0,14,,,,,,,<3281315>,<3>,"<to10(moreEqualThan(self:star(),11))>",,<0>,,,
328261,,,,0,14,,,,,,,<3281314>,<99>,,,"<(800+skillLevel*8-8)*(1+(self:flagZ4() and 0.5 or 0)+0.5*to10(moreEqualThan(self:star(),8)))>",,,
328311,,,,,,,,,,,,,,,,,328311,,
328312,,,,0,14,,,,,,,<3281317>,<2>,<self:flagZ1() and 1 or 0>,,<self:damage()*0.1>,,,
328321,,,,,,,,,,,,,,,,,328321,,
328322,,,,,,,,,,,,,,,,,,,
328323,,,,0,14,,,,,,,<3281311>,<2>,,,<self:flagZ2() and 3000 or 2000>,,,
328331,,,,,2,,,,,,,,,,,,328331,,
328332,,,,,2,,,,,,,,,,,,,,
328333,,,,,,selfForce,selfColumn,,,,,<3281312;3281313>,<self:flagZ3() and 3 or 2;self:flagZ3() and 3 or 2>,<1;1>,,<2000;2000>,,,
328334,,,,0,14,,,,,,,<3281315>,<3>,"<to10(moreEqualThan(self:star(),11))>",,<0>,,,
328361,,,,0,14,,,,,,,<3281314>,<99>,,,"<(800+skillLevel*8-8)*(1+(self:flagZ4() and 0.5 or 0)+0.5*to10(moreEqualThan(self:star(),8)))>",,,
329111,,,,,,,,,,,,,,,,,329111,,
329112,,,,0,14,,,,,,,<3291230>,<2>,<self:flagZ1() and 1 or 0>,,<self:specialDamage()*0.1>,,,
329121,,,,,,,,,,,,,,,,,329121,,
329122,,,,,,selfForce|nodead,"attr(""specialDamage"",""max"",1)",,,,,,,,,,,,
329123,,,,,,,,,,,,<3291224>,<1>,,,"<list(list(1001,1002,1003,1004,1005,1011,1012,1013,1014,1015,1021,1022,1023,1024,1025,1201,1202,1203,1211,1212,1213,1221,1222,1223,1401,1411,1421,1431,1441,1451),6,(self:flagZ2() and 1 or 0)+(moreEqualThan(self:star(),8) and self:flagZ4() and 2 or 1))>",,,
329131,,,,,11,,,,,,,,,,,,329131,,
329132,,,,,,selfForce|nodead,"attr(""specialDamage"",""max"",1)",,,,,,,,,,,,
329133,,,,,,enemyForce|nodead,"attr(""specialDamage"",""max"",1)",,,,,<3291225>,<1>,,,<1>,,,
329161,,,,0,14,,,,,,,<3291228>,<99>,,,<1>,,,
329211,,,,,,,,,,,,,,,,,329211,,
329212,,,,0,14,,,,,,,<3291230>,<2>,<self:flagZ1() and 1 or 0>,,<self:specialDamage()*0.1>,,,
329221,,,,,,,,,,,,,,,,,329221,,
329222,,,,,,selfForce|nodead,"attr(""specialDamage"",""max"",1)",,,,,,,,,,,,
329223,,,,,,,,,,,,<3291224>,<1>,,,"<list(list(1001,1002,1003,1004,1005,1011,1012,1013,1014,1015,1021,1022,1023,1024,1025,1201,1202,1203,1211,1212,1213,1221,1222,1223,1401,1411,1421,1431,1441,1451),6,(self:flagZ2() and 1 or 0)+(moreEqualThan(self:star(),8) and self:flagZ4() and 2 or 1))>",,,
329231,,,,,11,,,,,,,,,,,,329231,,
329232,,,,,11,,,,,,,,,,,,329232,,
329233,,,,,,selfForce|nodead,"attr(""specialDamage"",""max"",1)",,,,,,,,,,,,
329234,,,,,,enemyForce|nodead,"attr(""specialDamage"",""max"",1)",,,,,<3291225>,<1>,,,<1>,,,
329261,,,,0,14,,,,,,,<3291228>,<99>,,,<1>,,,
329311,,,,,,,,,,,,,,,,,329311,,
329312,,,,0,14,,,,,,,<3291230>,<2>,<self:flagZ1() and 1 or 0>,,<self:specialDamage()*0.1>,,,
329321,,,,,,,,,,,,,,,,,329321,,
329322,,,,,,selfForce|nodead,"attr(""specialDamage"",""max"",1)",,,,,,,,,,,,
329323,,,,,,,,,,,,<3291224>,<1>,,,"<list(list(1001,1002,1003,1004,1005,1011,1012,1013,1014,1015,1021,1022,1023,1024,1025,1201,1202,1203,1211,1212,1213,1221,1222,1223,1401,1411,1421,1431,1441,1451),6,(self:flagZ2() and 1 or 0)+(moreEqualThan(self:star(),8) and self:flagZ4() and 2 or 1))>",,,
329331,,,,,11,,,,,,,,,,,,329331,,
329332,,,,,11,,,,,,,,,,,,,,
329333,,,,,,selfForce|nodead,"attr(""specialDamage"",""max"",1)",,,,,,,,,,,,
329334,,,,,,enemyForce|nodead,"attr(""specialDamage"",""max"",1)",,,,,<3291225>,<1>,,,<1>,,,
329361,,,,0,14,,,,,,,<3291228>,<99>,,,<1>,,,
330111,,,,,,,,,,,,,,,,,330111,,
330112,,,,,,,,,,,,<3301121>,<2>,,,<-target:speed()*0.1>,,,
330121,,,,,,,,,,,,,,,,,330121,,
330122,,,,,,,,,,,,<3301129;3301124>,<1;1>,"<1;moreThan(target:speed(),self:speed()) and 2 or 0.5>",,<0;0>,,,
330123,,,,,,,,,,,,,,,,,,,
330131,,,,,,,,,,,,,,,,,330131,,
330132,,,,,,,,,,,,,,,,,330132,,
330133,,,,0,14,,,,,,,<3301125;3301126>,<2;2>,<1;1>,,<2000;4000>,,,
330134,,,,,,,,,,,,,,,,,,,
330141,,,,0,11,,,,,,,,,,,,,,
330161,,,,0,14,,,,,,,<3301131>,<3>,"<moreEqualThan(self:star(),8) and 1 or 0>",,<self:speed()*0.1>,,,
330211,,,,,,,,,,,,,,,,,330211,,
330212,,,,,,,,,,,,<3301121>,<2>,,,<-target:speed()*0.1>,,,
330221,,,,,,,,,,,,,,,,,330221,,
330222,,,,,,,,,,,,<3301129;3301124>,<1;1>,"<1;moreThan(target:speed(),self:speed()) and 2 or 0.5>",,<0;0>,,,
330223,,,,,,,,,,,,,,,,,,,
330231,,,,,,,,,,,,,,,,,330231,,
330232,,,,,,,,,,,,,,,,,330232,,
330233,,,,0,14,,,,,,,<3301125;3301126>,<2;2>,<1;1>,,<2000;4000>,,,
330234,,,,,,,,,,,,,,,,,,,
330241,,,,0,11,,,,,,,,,,,,,,
330261,,,,0,14,,,,,,,<3301131>,<3>,"<moreEqualThan(self:star(),8) and 1 or 0>",,<self:speed()*0.1>,,,
330311,,,,,,,,,,,,,,,,,330311,,
330312,,,,,,,,,,,,<3301121>,<2>,,,<-target:speed()*0.1>,,,
330321,,,,,4,,,,,,,,,,,,,,
330322,,,,,4,,,,,,,<3301129;3301124>,<1;1>,"<1;moreThan(target:speed(),self:speed()) and 2 or 0.5>",,<0;0>,,,
330323,,,,,4,,,,,,,,,,,,330321,,
330331,,,,,,,,,,,,,,,,,330331,,
330332,,,,,,,,,,,,,,,,,,,
330333,,,,0,14,,,,,,,<3301125;3301126>,<2;2>,<1;1>,,<2000;4000>,,,
330334,,,,,,,,,,,,,,,,,,,
330341,,,,0,11,,,,,,,,,,,,,,
330361,,,,0,14,,,,,,,<3301131>,<3>,"<moreEqualThan(self:star(),8) and 1 or 0>",,<self:speed()*0.1>,,,
330411,,,,,,,,,,,,,,,,,330411,,
330412,,,,,,,,,,,,<3304111;3304121;3304113;3304131>,<2;2;2;1>,<1;1;self:flagZ1() and 1 or 0;self:hasBuff(3304227) and 0.5 or 0>,,<target:speed()*(self:flagZ1() and -0.25 or -0.15);0;-target:specialDamage()*(self:flagZ1() and 0.25 or 0.15);0>,,,
330421,,,,,,,,,,,,,,,,,330421,,
330422,,,,,,,,,,,,<3304211;3304212;3304214>,<1;1;2>,"<1;1;target:hasBuff(3304213) and (target:hasBuffGroup(1301,1311,1321) and 1 or 0) or 1>",,<0;0;<-1>>,,,
330423,,,,,,,,,,,,<3304221>,<1>,"<self:hasBuff(3304230) and max(div((self:speed()-target:speed()),target:speed(),1),0)*getForceNum(3-self:force()) or 1>",,<0>,,,
330431,,,,,,,,,,,,,,,,,330431,,
330432,,,,,,,,,,,,,,,,,330432,,
330433,,,,,,,,,,,,<3304311;3304313>,<2;2>,<1;1>,,<-3000;-4000>,,,
330434,,,,0,14,,,,,,,<3304351;3304315;3304361>,<1;1;1>,<1;1;1>,,<0;3000;0>,,,
330435,,,,,,enemyForce|nodead,"attr(""hp"",""min"",3)",,,,,<3304612>,<99>,"<self:flagZ3() and (max(div((self:speed()-target:speed()),target:speed(),1),0)) or 0>",,<0>,,,
330436,,,,0,14,,,,,,,<3304341;3304342;3304343;3304344;3304345>,<1;1;1;1;1>,"<self:hasBuff(3304333) and 1 or 0;self:hasBuff(3304333) and 1 or 0;self:hasBuff(3304333) and ( moreE(div(self:Aspeed(),self:Bspeed(),1),0.15) and 1 or 0) or 0;self:hasBuff(3304333) and ( moreE(div(self:Aspeed(),self:Bspeed(),1),0.3) and 1 or 0) or 0;self:hasBuff(3304333) and ( moreE(div(self:Aspeed(),self:Bspeed(),1),0.45) and 1 or 0) or 0>",,<0;0;0;0;0>,,,
330437,,,,,,,,,,,,<3304334>,<1>,<self:hasBuff(3304333) and 0.0000001 or 0>,,<-999999>,,,
330438,,,,,,,,,,,,<3304321>,<1>,"<(target:flag(99) or moreE(self:speed()-target:speed(),target:speed()*0.4) or lessE(target:hp()/target:hpMax(),(self:flagZ3() and 0.4 or 0.1)) or self:hasBuff(3304362) ) and 1 or 0>",,<0>,,,
330451,,,,,11,,,,,,,,,,,,330451,,
330452,,,,0,14,,,,,,,<3304324>,<1>,,,<0>,,,
330461,,,,0,14,,,,,,,<3304611;3304621;3304651;3304661;3304652;3304653>,<99;99;99;99;99;99>,"<1;moreE(self:star(),8) and 1 or 0;moreE(self:star(),8) and 1 or 0;1;1;moreE(self:star(),8) and 1 or 0>",,<0;0;0;0;0;<1;1;0;0;1>>,,,
330462,,,,0,11,,,,,,,<3304631>,<99>,<(target:nature(1)==7 or target:nature(2)==7) and 1 or 0>,,<0>,,,
330463,,,,0,14,,,,,,,<3304331;3304674>,<99;99>,"<moreE(self:star(),11) and 1 or 0;1>",,<0;0>,,,
330464,,,,,,selfForce|nodead,exclude(list(csvSelf:id()))|random(6),,,,,<3304668>,<1>,<(target:nature(1)==7 or target:nature(2)==7 or target:nature(1)==18 or target:nature(2)==18) and 1 or 0>,,<0>,,,
334111,,,,,,,,,,,,,,,,,334111,,
334112,,,,0,14,,,,,,,<3341228>,<2>,<self:flagZ1() and 1 or 0>,,<self:damage()*0.1>,,,
334121,,,,,,,,,,,,,,,,,334121,,
334122,,,,,,,,,,,,<3341221>,<3>,,,<(self:flagZ2() and -1500 or -1000)>,,,
334131,,,,,3,,,,,,,,,,,,334131,,
334132,,,,0,14,,,,,,,<3341222;3341227>,<self:flagZ3() and 2 or 1;self:flagZ3() and 2 or 1>,"<lessThan(getForceNum(self:force()),6) and 1 or 0;lessThan(getForceNum(self:force()),6) and (moreE(self:star(),11) and 1 or 0 ) or 0>",,<2000*( 6-getForceNum(self:force()) );2000*( 6-getForceNum(self:force()) )>,,,
334161,,,,0,11,,,,,,,<3341223>,<99>,,,<0>,,,
334162,,,,,11,,,,,,,<3341223>,<99>,,,<0>,,,
334163,,,,0,14,,,,,,,<3341226>,<99>,<0>,,<0>,,,
334211,,,,,,,,,,,,,,,,,334211,,
334212,,,,0,14,,,,,,,<3341228>,<2>,<self:flagZ1() and 1 or 0>,,<self:damage()*0.1>,,,
334221,,,,,,,,,,,,,,,,,334221,,
334222,,,,,,,,,,,,<3341221>,<3>,,,<(self:flagZ2() and -1500 or -1000)>,,,
334231,,,,,3,,,,,,,,,,,,334231,,
334232,,,,,3,,,,,,,,,,,,,,
334233,,,,0,14,,,,,,,<3341222;3341227>,<self:flagZ3() and 2 or 1;self:flagZ3() and 2 or 1>,"<lessThan(getForceNum(self:force()),6) and 1 or 0;lessThan(getForceNum(self:force()),6) and (moreE(self:star(),11) and 1 or 0 ) or 0>",,<2000*( 6-getForceNum(self:force()) );2000*( 6-getForceNum(self:force()) )>,,,
334261,,,,0,11,,,,,,,<3341223>,<99>,,,<0>,,,
334262,,,,,11,,,,,,,<3341223>,<99>,,,<0>,,,
334263,,,,0,14,,,,,,,<3341226>,<99>,<0>,,<0>,,,
335111,,,,,,,,,,,,,,,,,335111,,
335112,,,,0,14,,,,,,,<3351121>,<self:flagZ1() and 3 or 2>,,,<2000>,,,
335121,,,,,,,,,,,,,,,,,335121,,
335122,,,,0,2,,,,,,,<3351122>,<1>,,,<self:specialDamage()*(self:flagZ2() and 0.8 or 0.6)>,,,
335123,,,,0,2,,,,,,,<3351123>,<2>,<0>,,<2000>,,,
335131,,,,,11,,,,,,,,,,,,335131,,
335132,,,,,,selfForce|nodead,"attr(""hp"",""min"",2)",,,,,<3351129>,<1>,,,<5000>,,,
335133,,,,0,11,,,,,,,<3351122>,<1>,,,"<self:specialDamage()*((moreE(self:star(),11) and 1.5 or 0.9)+(self:flagZ3() and 0.2 or 0))>",,,
335161,,,,0,11,,,,,,,<3351125;3351126;3351127>,<99;99;99>,<self:flagZ4() and 1 or 0;1;1>,,<1000;1500+skillLevel*15-15;0>,,,
335211,,,,,,,,,,,,,,,,,335211,,
335212,,,,0,14,,,,,,,<3351121>,<self:flagZ1() and 3 or 2>,,,<2000>,,,
335221,,,,,,,,,,,,,,,,,335221,,
335222,,,,0,2,,,,,,,<3351122>,<1>,,,<self:specialDamage()*(self:flagZ2() and 0.8 or 0.6)>,,,
335223,,,,0,2,,,,,,,<3351123>,<2>,<0>,,<2000>,,,
335231,,,,,11,,,,,,,,,,,,335231,,
335232,,,,,,selfForce|nodead,"attr(""hp"",""min"",2)",,,,,<3351129>,<1>,,,<5000>,,,
335233,,,,0,11,,,,,,,<3351122>,<1>,,,"<self:specialDamage()*((moreE(self:star(),11) and 1.5 or 0.9)+(self:flagZ3() and 0.2 or 0))>",,,
335261,,,,0,11,,,,,,,<3351125;3351126;3351127>,<99;99;99>,<self:flagZ4() and 1 or 0;1;1>,,<1000;1500+skillLevel*15-15;0>,,,
335311,,,,,,,,,,,,,,,,,335311,,
335312,,,,0,14,,,,,,,<3351121>,<self:flagZ1() and 3 or 2>,,,<2000>,,,
335321,,,,,2,,,,,,,,,,,,335321,,
335322,,,,0,2,,,,,,,<3351122>,<1>,,,<self:specialDamage()*(self:flagZ2() and 1.5 or 1)>,,,
335323,,,,0,2,,,,,,,<3351123>,<2>,<0>,,<2000>,,,
335331,,,,,11,,,,,,,,,,,,335331,,
335332,,,,,11,,,,,,,,,,,,,,
335333,,,,,,selfForce|nodead,"attr(""hp"",""min"",2)",,,,,<3351129>,<1>,,,<5000>,,,
335334,,,,0,11,,,,,,,<3351122>,<1>,,,"<self:specialDamage()*((moreE(self:star(),11) and 2 or 1.5)+(self:flagZ3() and 0.5 or 0))>",,,
335361,,,,0,11,,,,,,,<3351125;3351126;3351127>,<99;99;99>,<self:flagZ4() and 1 or 0;1;1>,,<1000;1500+skillLevel*15-15;0>,,,
341111,,,,,,,,,,,,,,,,,341111,,
341112,,,,0,14,,,,,,,<3411104>,<99>,<self:hasBuff(3411910) and 1 or 0>,,<800>,,,
341113,,,,0,14,,,,,,,<3411206;3411207>,<99;99>,<self:hasBuff(3411920) and 1 or 0;self:hasBuff(3411920) and 1 or 0>,,<self:Bdamage()*0.03;self:BspecialDamage()*0.03>,,,
341121,,,,,,,,,,,,,,,,,341121,,
341122,,,,0,2,,,,,,,<3411105>,<2>,<self:hasBuff(3411910) and 1 or 0>,,<3000>,,,
341123,,,,0,3,,,,,,,<3411208;3411209>,<2;2>,<self:hasBuff(3411920) and 1 or 0;self:hasBuff(3411920) and 1 or 0>,,<target:damage()*0.2;target:specialDamage()*0.2>,,,
341131,,,,,,,,,,,,,,,,,341131,,
341132,,,,0,14,,,,,,,<3411300;3411301;3411302>,<1;1;1>,<self:hasBuff(3411910) and 1 or 0;1;1>,,<0;99;0>,,,
341133,,,,,3,,,,,,,<3411106>,<2>,"<self:hasBuff(3411910) and (moreE(self:star(),11) and 1 or 0) or 0>",,<-2000>,,,
341134,,,,0,14,,,,,,,<3411107;3411920>,<1;99>,<self:hasBuff(3411910) and 1 or 0;self:hasBuff(3411910) and 1 or 0>,,<0;0>,,,
341135,,,,,,,,,,,,<3411210>,<1>,<self:hasBuff(3411300) and 0 or 1>,,<0>,,,
341136,,,,0,14,,,,,,,<3411213>,<1>,"<self:hasBuff(3411300) and 0 or (moreE(self:star(),11) and 1 or 0)>",,<0>,,,
341137,,,,0,14,,,,,,,<3411910>,<99>,<self:hasBuff(3411300) and 0 or 1>,,<0>,,,
341161,,,,0,14,,,,,,,<3411910>,<99>,,,<0>,,,
341162,,,,,,selfForce|nodead,,,,,,<3411120;3411124>,<99;99>,<target:hasBuff(3411120) and 0 or 1;target:hasBuff(3411120) and 1 or 0>,,<0;0>,,,
341163,,,,,,enemyForce()|nodead,,,,,,<3411120;3411124>,<99;99>,<target:hasBuff(3411120) and 0 or 1;target:hasBuff(3411120) and 1 or 0>,,<0;0>,,,
341171,,,,0,14,,,,,,,,,,,,,,
341172,,,,,,selfForce|nodead,"otherProcessExcept(341171)|attr(""hp"",""min"",1)",,,,,<3411121>,<99>,,,<0.8>,,,
341173,,,,,,selfForce|nodead,otherProcessExcept(341172),,,,,<3411122>,<1>,,,<0>,,,
341211,,,,,,,,,,,,,,,,,341211,,
341212,,,,0,14,,,,,,,<3411104>,<99>,<self:hasBuff(3411910) and 1 or 0>,,<800>,,,
341213,,,,0,14,,,,,,,<3411206;3411207>,<99;99>,<self:hasBuff(3411920) and 1 or 0;self:hasBuff(3411920) and 1 or 0>,,<self:Bdamage()*0.03;self:BspecialDamage()*0.03>,,,
341221,,,,,,,,,,,,,,,,,341221,,
341222,,,,0,2,,,,,,,<3411105>,<2>,<self:hasBuff(3411910) and 1 or 0>,,<3000>,,,
341223,,,,0,3,,,,,,,<3411208;3411209>,<2;2>,<self:hasBuff(3411920) and 1 or 0;self:hasBuff(3411920) and 1 or 0>,,<target:damage()*0.2;target:specialDamage()*0.2>,,,
341231,,,,,,,,,,,,,,,,,341231,,
341232,,,,0,14,,,,,,,<3411300;3411301;3411302>,<1;1;1>,<self:hasBuff(3411910) and 1 or 0;1;1>,,<0;99;0>,,,
341233,,,,,3,,,,,,,<3411106>,<2>,"<self:hasBuff(3411910) and (moreE(self:star(),11) and 1 or 0) or 0>",,<-2000>,,,
341234,,,,0,14,,,,,,,<3411107;3411920>,<1;99>,<self:hasBuff(3411910) and 1 or 0;self:hasBuff(3411910) and 1 or 0>,,<0;0>,,,
341235,,,,,,,,,,,,<3411210>,<1>,<self:hasBuff(3411300) and 0 or 1>,,<0>,,,
341236,,,,0,14,,,,,,,<3411213>,<1>,"<self:hasBuff(3411300) and 0 or (moreE(self:star(),11) and 1 or 0)>",,<0>,,,
341237,,,,0,14,,,,,,,<3411910>,<99>,<self:hasBuff(3411300) and 0 or 1>,,<0>,,,
341261,,,,0,14,,,,,,,<3411910>,<99>,,,<0>,,,
341262,,,,,,selfForce|nodead,,,,,,<3411120;3411124>,<99;99>,<target:hasBuff(3411120) and 0 or 1;target:hasBuff(3411120) and 1 or 0>,,<0;0>,,,
341263,,,,,,enemyForce()|nodead,,,,,,<3411120;3411124>,<99;99>,<target:hasBuff(3411120) and 0 or 1;target:hasBuff(3411120) and 1 or 0>,,<0;0>,,,
341311,,,,,,,,,,,,,,,,,341311,,
341312,,,,0,14,,,,,,,<3411104>,<99>,<self:hasBuff(3411100) and 1 or 0>,,<800>,,,
341313,,,,0,14,,,,,,,<3411206;3411207>,<99;99>,<self:hasBuff(3411200) and 1 or 0;self:hasBuff(3411200) and 1 or 0>,,<self:Bdamage()*0.03;self:BspecialDamage()*0.03>,,,
341321,,,,,,,,,,,,,,,,,341321,,
341322,,,,0,2,,,,,,,<3411105>,<2>,<self:hasBuff(3411100) and 1 or 0>,,<3000>,,,
341323,,,,0,3,,,,,,,<3411208;3411209>,<2;2>,<self:hasBuff(3411200) and 1 or 0;self:hasBuff(3411200) and 1 or 0>,,<target:damage()*0.2;target:specialDamage()*0.2>,,,
341331,,,,,,,,,,,,,,,,,341331,,
341332,,,,,,,,,,,,,,,,,341332,,
341333,,,,0,14,,,,,,,<3411300;3411301;3411302>,<1;1;1>,<self:hasBuff(3411100) and 1 or 0;1;1>,,<0;99;0>,,,
341334,,,,,3,,,,,,,<3411106>,<2>,"<self:hasBuff(3411100) and (moreE(self:star(),11) and 1 or 0) or 0>",,<-2000>,,,
341335,,,,0,14,,,,,,,<3411107;3411200>,<1;99>,<self:hasBuff(3411100) and 1 or 0;self:hasBuff(3411100) and 1 or 0>,,<0;0>,,,
341336,,,,,,,,,,,,<3411210>,<1>,<self:hasBuff(3411300) and 0 or 1>,,<0>,,,
341337,,,,0,14,,,,,,,<3411213>,<1>,"<self:hasBuff(3411300) and 0 or (moreE(self:star(),11) and 1 or 0)>",,<0>,,,
341338,,,,0,14,,,,,,,<3411100>,<99>,<self:hasBuff(3411300) and 0 or 1>,,<0>,,,
341361,,,,0,14,,,,,,,<3411100>,<99>,,,<0>,,,
341362,,,,,,selfForce|nodead,,,,,,<3411120;3411124>,<99;99>,<target:hasBuff(3411120) and 0 or 1;target:hasBuff(3411120) and 1 or 0>,,<0;0>,,,
341363,,,,,,enemyForce()|nodead,,,,,,<3411120;3411124>,<99;99>,<target:hasBuff(3411120) and 0 or 1;target:hasBuff(3411120) and 1 or 0>,,<0;0>,,,
343111,,,,,,,,,,,,,,,,,343111,,
343112,,,,0,14,,,,,,,<3431230>,<2>,<self:flagZ1() and 1 or 0>,,<self:specialDamage()*0.1>,,,
343121,,,,0,,,,,,,,,,,,,343121,,
343122,,,,0,14,,,,,,,<3431221>,<1>,,,<self:hpMax()*(self:flagZ2() and 0.3 or 0.2)>,,,
343123,,,,0,14,,,,,,,<3431222;3431226>,<1;99>,<1;0>,,<<1;1>;0>,,,
343131,,,,,11,,,,,,,,,,,,343131,,
343132,,,,,11,,,,,,,<3431223;3431229>,<1;1>,"<self:flagZ3() and 0.4 or 0.25;moreEqualThan(self:star(),11) and 1 or 0>",,<0;-3000>,,,
343161,,,,0,14,,,,,,,<3431224;3431225;3431228>,<99;99;99>,"<1;1;moreEqualThan(self:star(),8) and 1 or 0>",,<self:defence()*(20+skillLevel*0.1-0.1)*0.01;(10+skillLevel*0.1-0.1)*100;self:specialDefence()*(self:flagZ4() and 0.5 or 0.3)>,,,
343211,,,,,,,,,,,,,,,,,343211,,
343212,,,,0,14,,,,,,,<3431230>,<2>,<self:flagZ1() and 1 or 0>,,<self:specialDamage()*0.1>,,,
343221,,,,0,,,,,,,,,,,,,343221,,
343222,,,,0,14,,,,,,,<3431221>,<1>,,,<self:hpMax()*(self:flagZ2() and 0.3 or 0.2)>,,,
343223,,,,0,14,,,,,,,<3431222;3431226>,<1;99>,<1;0>,,<<1;1>;0>,,,
343231,,,,,11,,,,,,,,,,,,343231,,
343232,,,,,11,,,,,,,,,,,,,,
343233,,,,,11,,,,,,,<3431223;3431229>,<1;1>,"<self:flagZ3() and 0.4 or 0.25;moreEqualThan(self:star(),11) and 1 or 0>",,<0;-3000>,,,
343261,,,,0,14,,,,,,,<3431224;3431225;3431228>,<99;99;99>,"<1;1;moreEqualThan(self:star(),8) and 1 or 0>",,<self:defence()*(20+skillLevel*0.1-0.1)*0.01;(10+skillLevel*0.1-0.1)*100;self:specialDefence()*(self:flagZ4() and 0.5 or 0.3)>,,,
347111,,,,,,,,,,,,,,,,,347111,,
347112,,,,0,14,,,,,,,<3471225>,<2>,<self:flagZ1() and 1 or 0>,,<self:specialDamage()*0.1>,,,
347121,,,,,,,,,,,,,,,,,347121,,
347122,,,,0,14,,,,,,,<3471231>,<1>,,,<self:flagZ2() and 200 or 150>,,,
347131,,,,,4,,,,,,,,,,,,347131,,
347132,,,,0,14,,,,,,,<3471232>,<2>,"<getObjInAttackerArrayId(target:id(),1) == getForceNum(self:force()) and 1 or 0>",,<self:flagZ3() and 6500 or 5000>,,,
347161,,,,0,14,,,,,,,<3471233;3471235>,<99;99>,"<1;moreEqualThan(self:star(),11) and 1 or 0>",,<1;1>,,,
347211,,,,,,,,,,,,,,,,,347211,,
347212,,,,0,14,,,,,,,<3471225>,<2>,<self:flagZ1() and 1 or 0>,,<self:specialDamage()*0.1>,,,
347221,,,,,,,,,,,,,,,,,347221,,
347222,,,,0,14,,,,,,,<3471231>,<1>,,,<self:flagZ2() and 200 or 150>,,,
347231,,,,,4,,,,,,,,,,,,347231,,
347232,,,,,4,,,,,,,,,,,,,,
347233,,,,0,14,,,,,,,<3471232>,<2>,"<getObjInAttackerArrayId(target:id(),1) == getForceNum(self:force()) and 1 or 0>",,<self:flagZ3() and 6500 or 5000>,,,
347261,,,,0,14,,,,,,,<3471233;3471235>,<99;99>,"<1;moreEqualThan(self:star(),11) and 1 or 0>",,<1;1>,,,
350111,,,,,,,,,,,,,,,,,350111,,
350112,,,,0,14,,,,,,,<3501128>,<2>,<self:flagZ1() and 1 or 0>,,<self:hpMax()*0.1>,,,
350121,,,,,,,,,,,,,,,,,350121,,
350122,,,,0,14,,,,,,,<3501121>,<99>,,,<self:hpMax()*(self:flagZ2() and 0.2 or 0.1)>,,,
350131,,,,,11,,,,,,,,,,,,350131,,
350132,,,,0,23,,,,13,,,<3501122>,<2>,,,<self:hpMax()*(self:flagZ3() and 0.4 or 0.2)>,,,
350133,,,,,11,,,,,,,<3501125>,<99>,"<moreEqualThan(self:star(),11) and 1 or 0>",,<-target:speed()*0.15>,,,
350161,,,,0,14,,,,,,,<3501123;3501124>,<99;99>,"<1;moreEqualThan(self:star(),8) and 1 or 0>",,"<self:hpMax()*(5+skillLevel*0.03-0.03)*0.01*( countObjByNature(self:force(),1,6)+countObjByNatureExit(self:force(),6) );0>",,,
350162,,,,0,23,,,,13,,,<3501122>,<2>,,,<self:hpMax()*(self:flagZ4() and 0.4 or 0.2)>,,,
350163,,,,,11,,,,,,,<3501125>,<99>,"<moreEqualThan(self:star(),11) and 1 or 0>",,<-target:speed()*0.15>,,,
350211,,,,,,,,,,,,,,,,,350211,,
350212,,,,0,14,,,,,,,<3501128>,<2>,<self:flagZ1() and 1 or 0>,,<self:hpMax()*0.1>,,,
350221,,,,,,,,,,,,,,,,,350221,,
350222,,,,0,14,,,,,,,<3501121>,<99>,,,<self:hpMax()*(self:flagZ2() and 0.2 or 0.1)>,,,
350231,,,,,11,,,,,,,,,,,,350231,,
350232,,,,,11,,,,,,,,,,,,350232,,
350233,,,,0,23,,,,13,,,<3501122>,<2>,,,<self:hpMax()*(self:flagZ3() and 0.4 or 0.2)>,,,
350234,,,,,11,,,,,,,<3501125>,<99>,"<moreEqualThan(self:star(),11) and 1 or 0>",,<-target:speed()*0.15>,,,
350261,,,,0,14,,,,,,,<3501123;3501124>,<99;99>,"<1;moreEqualThan(self:star(),8) and 1 or 0>",,"<self:hpMax()*(5+skillLevel*0.03-0.03)*0.01*( countObjByNature(self:force(),1,6)+countObjByNatureExit(self:force(),6) );0>",,,
351111,,,,,,,,,,,,,,,,,351111,,
351112,,,,0,14,,,,,,,<3511222;3511225>,<1;2>,"<moreThan(target:speed(),self:speed()) and 0 or 1;self:flagZ1() and 1 or 0>",,<(30+skillLevel*0.2-0.2)*100;self:damage()*0.1>,,,
351121,,,,,,,,,,,,,,,,,351121,,
351122,,,,0,14,,,,,,,<3511222;3511221>,<1;3>,"<moreThan(target:speed(),self:speed()) and 0 or 1;1>",,<(30+skillLevel*0.2-0.2)*100;self:flagZ2() and 6000 or 5000>,,,
351131,,,,,,,,,,,,,,,,,351131,,
351132,,,,,,,,,,,,,,,,,,,
351133,,,,0,14,,,,,,,<3511222>,<1>,<0>,,<(30+skillLevel*0.2-0.2)*100>,,,
351161,,,,0,14,,,,,,,<3511223>,<99>,"<moreE(self:star(),11) and 1 or 0>",,<0>,,,
354111,,,,,,,,,,,,,,,,,354111,,
354112,,,,0,14,,,,,,,<3541122>,<2>,,,<self:flagZ1() and 3000 or 2000>,,,
354121,,,,,,,,,,,,,,,,,354121,,
354122,,,,,,,,,,,,<3541112>,"<more(ymrand.random(0,2),1) and (self:flagZ2() and 2 or 1) or 2>",,,<0>,,,
354131,,,,,4,,,,,,,,,,,,354131,,
354132,,,,0,11,,,,,,,<3541113;3541123>,<self:flagZ3() and 3 or 2;self:flagZ3() and 3 or 2>,<1;1>,,"<self:flag(99) and self:BspecialDefence()*0.8 or self:BspecialDefence()*0.9;moreE(self:star(),8) and 3400 or 1400>",,,
354133,,,,0,11,,,,,,,,,,,,,,
354134,,,,0,11,,,,,,,<3541121>,<2>,,,"<list(list(c.groupdebuff_oc()),-0.5)>",,,
354141,,,,,,,,,,,,,,,,,,,
354161,,,,0,14,,,,,,,<3541114;3541117>,<99;99>,"<1;moreE(self:star(),8) and 1 or 0>",,<0;0>,,,
354162,,,,0,14,,,,,,,<3541115>,<99>,,,<(50+skillLevel*0.2-0.2)*100>,,,
354211,,,,,,,,,,,,,,,,,354211,,
354212,,,,0,14,,,,,,,<3541122>,<2>,,,<self:flagZ1() and 3000 or 2000>,,,
354221,,,,,,,,,,,,,,,,,354221,,
354222,,,,,,,,,,,,<3541112>,"<more(ymrand.random(0,2),1) and (self:flagZ2() and 2 or 1) or 2>",,,<0>,,,
354231,,,,,4,,,,,,,,,,,,354231,,
354232,,,,0,11,,,,,,,<3541113;3541123>,<self:flagZ3() and 3 or 2;self:flagZ3() and 3 or 2>,<1;1>,,"<self:flag(99) and self:BspecialDefence()*0.8 or self:BspecialDefence()*0.9;moreE(self:star(),8) and 3400 or 1400>",,,
354233,,,,0,11,,,,,,,,,,,,,,
354234,,,,0,11,,,,,,,<3541121>,<2>,,,"<list(list(c.groupdebuff_oc()),-0.5)>",,,
354241,,,,,,,,,,,,,,,,,,,
354261,,,,0,14,,,,,,,<3541114;3541117>,<99;99>,"<1;moreE(self:star(),8) and 1 or 0>",,<0;0>,,,
354262,,,,0,14,,,,,,,<3541115>,<99>,,,<(50+skillLevel*0.2-0.2)*100>,,,
354311,,,,,,,,,,,,,,,,,354311,,
354312,,,,0,14,,,,,,,<3541122>,<2>,,,<self:flagZ1() and 3000 or 2000>,,,
354321,,,,,,,,,,,,,,,,,354321,,
354322,,,,,,,,,,,,<3541112>,"<more(ymrand.random(0,2),1) and (self:flagZ2() and 2 or 1) or 2>",,,<0>,,,
354331,,,,,4,,,,,,,,,,,,354331,,
354332,,,,,4,,,,,,,,,,,,,,
354333,,,,0,11,,,,,,,<3541113;3541123>,<self:flagZ3() and 3 or 2;self:flagZ3() and 3 or 2>,<1;1>,,"<self:flag(99) and self:BspecialDefence()*0.78 or self:BspecialDefence()*0.87;moreE(self:star(),8) and 3300 or 1300>",,,
354334,,,,0,11,,,,,,,,,,,,,,
354335,,,,0,11,,,,,,,<3541121>,<2>,,,"<list(list(c.groupdebuff_oc()),-0.5)>",,,
354341,,,,,,,,,,,,,,,,,,,
354361,,,,0,14,,,,,,,<3541114;3541117>,<99;99>,"<1;moreE(self:star(),8) and 1 or 0>",,<0;0>,,,
354362,,,,0,14,,,,,,,<3541115>,<99>,,,<(50+skillLevel*0.2-0.2)*100>,,,
356111,,,,,,,,,,,,,,,,,356111,,
356121,,,,,,,,,,,,,,,,,356121,,
356122,,,,0,14,,,,,,,<3561221>,<1>,,,"<math.min(target:hp()*0.08,self:hpMax()*0.2)>",,,
356123,,,,,,,,,,,,<3561222>,<1>,,,"<math.min(target:hp()*0.08,self:hpMax()*0.1)>",,,
356131,,,,,3,,,,,,,,,,,,356131,,
356132,,,,,3,,,,,,,<3561223>,<2>,"<moreEqualThan(self:star(),11) and 0.4 or 0.2>",,<0>,,,
356161,,,,0,14,,,,,,,<3561225>,<99>,,,"<self:hpMax()*(4+skillLevel*0.04-0.04)*0.01*(moreEqualThan(self:star(),8) and 1 or 1.3)>",,,
356211,,,,,,,,,,,,,,,,,356211,,
356221,,,,,,,,,,,,,,,,,356221,,
356222,,,,0,14,,,,,,,<3561221>,<1>,,,"<math.min(target:hp()*0.1,self:hpMax()*0.2)>",356231,,
356223,,,,,,,,,,,,<3561222>,<1>,,,"<math.min(target:hp()*0.08,self:hpMax()*0.1)>",,,
356231,,,,,3,,,,,,,,,,,,356232,,
356232,,,,,3,,,,,,,<3561223>,<2>,"<moreEqualThan(self:star(),11) and 0.4 or 0.2>",,<0>,,,
356261,,,,0,14,,,,,,,<3561225>,<99>,,,"<self:hpMax()*(4+skillLevel*0.04-0.04)*0.01*(moreEqualThan(self:star(),8) and 1 or 1.3)>",,,
359111,,,,,,,,,,,,,,,,,359111,,
359112,,,,,,,,,,,,<3591121>,<2>,,,<-target:speed()*0.15>,,,
359121,,,,,,,,,,,,,,,,,359121,,
359122,,,,,,,,,,,,<3591127>,<2>,,,<-1500>,,,
359123,,,,0,14,,,,,,,<3591126>,<99>,,,<self:speed()*0.15>,,,
359131,,,,,4,,,,,,,,,,,,359131,,
359132,,,,,4,,,,,,,,,,,,359132,,
359133,,,,,4,,,,,,,<3591133;3591123>,<1;1>,"<moreEqualThan(self:star(),11) and target:hasBuffGroup(23) and 1 or 0;moreThan(self:speed(),target:speed()) and 0.6 or 0>",,<1;0.5>,,,
359134,,,,0,14,,,,,,,,,,,,,,
359161,,,,0,14,,,,,,,<3591124;3591129>,<99;99>,"<1;moreEqualThan(self:star(),8) and 1 or 0>",,<1;1>,,,
359211,,,,,,,,,,,,,,,,,359211,,
359212,,,,,,,,,,,,<3591121>,<2>,,,<-target:speed()*0.15>,,,
359221,,,,,,,,,,,,,,,,,359221,,
359222,,,,,,,,,,,,<3591127>,<2>,,,<-1500>,,,
359223,,,,0,14,,,,,,,<3591126>,<99>,,,<self:speed()*0.15>,,,
359231,,,,,4,,,,,,,,,,,,359231,,
359232,,,,,4,,,,,,,,,,,,,,
359233,,,,,4,,,,,,,<3591133;3591123>,<1;1>,"<moreEqualThan(self:star(),11) and target:hasBuffGroup(23) and 1 or 0;moreThan(self:speed(),target:speed()) and 0.6 or 0>",,<1;0.5>,,,
359234,,,,0,14,,,,,,,,,,,,,,
359261,,,,0,14,,,,,,,<3591124;3591129>,<99;99>,"<1;moreEqualThan(self:star(),8) and 1 or 0>",,<1;1>,,,
360111,,,,,,,,,,,,,,,,,360111,,
360112,,,,0,14,,,,,,,<3601111;3601112>,<2;2>,<1;1>,,<self:flagZ1()  and 4000 or 2000;self:flagZ1()  and 4000 or 2000>,,,
360121,,,,,2,,,,,,,,,,,,360121,,
360122,,,,0,14,,,,,,,<3601113;3601116;3601125>,<2;3;4>,<1;1;1>,,<<1;1;1>;1;1>,,,
360123,,,,,,selfForce|nodead,,"{process={key=self:getPossessTarget():id()~=0;value=<buffDiffer('id',{3601154})|random(1);exclude(list(csvSelf:id()))|buffDifferExclude('group',{c.chaopin_fly_bingzhu_oc()})|backRowRandom(1)>}}",,,,<3601118;3601121>,<1;2>,<1;1>,,<<1;1;1>;1>,,,
360131,,,,,11,,,,,,,,,,,,360131,,
360132,,,,,11,,,,,,,,,,,,360132,,
360133,,,,0,14,,,,,,,<3601128;3601134;3601135>,<99;1;2>,"<1;moreE(self:star(),11) and 0 or 1;moreE(self:star(),11) and 1 or 0>",,<1;1;1>,,,
360134,,,,0,11,,,,,,,<3601138>,<1>,,,<self:BhpMax()*0.2>,,,
360135,,,,,11,,,,,,,<3611202>,<2>,,,<1>,,,
360141,,,,0,11,,,,,,,,,,,,,,
360142,,,,0,11,,,,,,,<3601163;3601164>,<99;99>,<1;1>,,<((target:nature(1) ==9 or target:nature(2) ==9 ) or (target:nature(1) ==1 or target:nature(2) ==1 ) or (target:nature(1) ==11 or target:nature(2)==11 )) and 2000 or 0;((target:nature(1) ==9 or target:nature(2) ==9 ) or (target:nature(1) ==1 or target:nature(2) ==1 ) or (target:nature(1) ==11 or target:nature(2)==11 )) and 2000 or 0>,,,
360161,,,,0,14,,,,,,,<3601167>,<99>,,,<1>,,,
360162,,,,0,14,,,,,,,<3601129;3601132;3601184>,<99;2;99>,"<1;moreE(self:star(),8) and 1 or 0;1>",,<1;1;1>,,,
360163,,,,0,14,,,,,,,<3601148;3601141>,<99;99>,<1;1>,,"<1;<1;self:getPossessTarget():id() == 0  and 3 or 99;0;list(0,0.5);16>>",,,
360164,,,,0,11,,,,,,,<3601165;3601138>,<2;1>,"<1;moreE(self:star(),8) and 1 or 0>",,<1;self:BhpMax()*0.2>,,,
360165,,,,,11,,,,,,,<3611201>,<2>,,,<1>,,,
360211,,,,,,,,,,,,,,,,,360211,,
360212,,,,,,selfForce|nodead,"exclude(list(csvSelf:id()))|buffDifferExclude('group',{c.chaopin_fly_bingzhu_oc()})|random(1)",,,,,<3601111;3601112>,<2;2>,<1;1>,,<self:flagZ1()  and 4000 or 2000;self:flagZ1()  and 4000 or 2000>,,,
360221,,,,,2,,,,,,,,,,,,360221,,
360222,,,,0,14,,,,,,,<3601113;3601116;3601125>,<2;3;4>,<1;1;1>,,<<1;1;1>;1;1>,,,
360223,,,,,,selfForce|nodead,,"{process={key=self:getPossessTarget():id()~=0;value=<buffDiffer('id',{3601154})|random(1);exclude(list(csvSelf:id()))|buffDifferExclude('group',{c.chaopin_fly_bingzhu_oc()})|backRowRandom(1)>}}",,,,<3601118;3601121>,<1;2>,<1;1>,,<<1;1;1>;1>,,,
360231,,,,,11,,,,,,,,,,,,360231,,
360232,,,,,11,,,,,,,,,,,,,,
360233,,,,0,14,,,,,,,<3601128;3601134;3601135>,<99;1;2>,"<1;moreE(self:star(),11) and 0 or 1;moreE(self:star(),11) and 1 or 0>",,<1;1;1>,,,
360234,,,,0,11,,,,,,,<3601138>,<1>,,,<self:BhpMax()*0.2>,,,
360235,,,,,11,,,,,,,<3611202>,<2>,,,<1>,,,
360311,,,,,,,,,,,,,,,,,360311,,
360312,,,,0,14,,,,,,,<3601111;3601112>,<2;2>,<1;1>,,<self:flagZ1()  and 2100 or 1200;self:flagZ1()  and 2100 or 1200>,,,
360321,,,,,2,,,,,,,,,,,,360321,,
360322,,,,0,14,,,,,,,<3601113;3601116;3601125>,<2;3;4>,<1;1;1>,,<<1;1;1>;1;1>,,,
360323,,,,,,selfForce|nodead,,"{process={key=self:getPossessTarget():id()~=0;value=<buffDiffer('id',{3601154})|random(1);exclude(list(csvSelf:id()))|buffDifferExclude('group',{c.chaopin_fly_bingzhu_oc()})|backRowRandom(1)>}}",,,,<3601118;3601121>,<1;2>,<1;1>,,<<1;1;1>;1>,,,
360331,,,,,11,,,,,,,,,,,,360331,,
360332,,,,,11,,,,,,,,,,,,360332,,
360333,,,,0,14,,,,,,,<3601128;3601134;3601135>,<99;1;2>,"<1;moreE(self:star(),11) and 0 or 1;moreE(self:star(),11) and 1 or 0>",,<1;1;1>,,,
360334,,,,0,11,,,,,,,<3601138>,<1>,,,<self:BhpMax()*0.15>,,,
360335,,,,,11,,,,,,,<3611202>,<2>,,,<1>,,,
360341,,,,0,11,,,,,,,,,,,,,,
360342,,,,0,11,,,,,,,<3601163;3601164>,<99;99>,<1;1>,,<((target:nature(1) ==9 or target:nature(2) ==9 ) or (target:nature(1) ==4 or target:nature(2) ==4 ) or (target:nature(1) ==18 or target:nature(2)==18 )) and 2000 or 0;((target:nature(1) ==9 or target:nature(2) ==9 ) or (target:nature(1) ==4 or target:nature(2) ==4 ) or (target:nature(1) ==18 or target:nature(2)==18 )) and 2000 or 0>,,,
360361,,,,0,14,,,,,,,<3601167>,<99>,,,<1>,,,
360362,,,,0,14,,,,,,,<3601129;3601132;3601184>,<99;2;99>,"<1;moreE(self:star(),8) and 1 or 0;1>",,<1;1;1>,,,
360363,,,,0,14,,,,,,,<3601148;3601141>,<99;99>,<1;1>,,"<1;<1;self:getPossessTarget():id() == 0  and 3 or 99;0;list(0,0.5);16>>",,,
360364,,,,0,11,,,,,,,<3601165;3601138>,<2;1>,"<1;moreE(self:star(),8) and 1 or 0>",,<1;self:BhpMax()*0.15>,,,
360365,,,,,11,,,,,,,<3611201>,<2>,,,<1>,,,
360411,,,,,,,,,,,,,,,,,360411,,
360412,,,,,,selfForce|nodead,"exclude(list(csvSelf:id()))|buffDifferExclude('group',{c.chaopin_fly_bingzhu_oc()})|random(1)",,,,,<3601111;3601112>,<2;2>,<1;1>,,<self:flagZ1()  and 2100 or 1200;self:flagZ1()  and 2100 or 1200>,,,
360421,,,,,2,,,,,,,,,,,,360421,,
360422,,,,0,14,,,,,,,<3601113;3601116;3601125>,<2;3;4>,<1;1;1>,,<<1;1;1>;1;1>,,,
360423,,,,,,selfForce|nodead,,"{process={key=self:getPossessTarget():id()~=0;value=<buffDiffer('id',{3601154})|random(1);exclude(list(csvSelf:id()))|buffDifferExclude('group',{c.chaopin_fly_bingzhu_oc()})|backRowRandom(1)>}}",,,,<3601118;3601121>,<1;2>,<1;1>,,<<1;1;1>;1>,,,
360431,,,,,11,,,,,,,,,,,,360431,,
360432,,,,,11,,,,,,,,,,,,,,
360433,,,,0,14,,,,,,,<3601128;3601134;3601135>,<99;1;2>,"<1;moreE(self:star(),11) and 0 or 1;moreE(self:star(),11) and 1 or 0>",,<1;1;1>,,,
360434,,,,0,11,,,,,,,<3601138>,<1>,,,<self:BhpMax()*0.15>,,,
360435,,,,,11,,,,,,,<3611202>,<2>,,,<1>,,,
361111,,,,,,,,,,,,,,,,,361111,,
361112,,,,,,,,,,,,<3611151;3611154;3611157>,<99;99;99>,<1;1;1>,,<1;1;1>,,,
361121,,,,,,,,,,,,,,,,,361121,,
361122,,,,,,,,,,,,,,,,,361122,,
361123,,,,,,,,,,,,<3611160>,<2>,,,<<self:specialDamage()*1.05;15>>,,,
361131,,,,,,,,,,,,,,,,,361131,,
361132,,,,,,,,,,,,,,,,,361132,,
361133,,,,,,,,,,,,<3611171>,<3>,<getExAttackMode()==5 and 0 or 1>,,"<<0.22+0.08*to10(moreE(self:star(),11));0;1>>",,,
361134,,,,,,enemyForce|nodead,"rowfront|buffDifferExclude('group',{c.egg_chaopin_fly_bingzhu_shengxiu_oc()})",,,,,<3611170>,<3>,<getExAttackMode()==5 and 0 or 1>,,<1>,,,
361135,,,,,,enemyForce|nodead,,"{process={key=more(countObjByBuff((self:force() == 1 and 2 or 1),{3611170}),0);value=<buffDiffer('id',{3611170})|buffDifferExclude('id',{3611171})|random(1);buffDifferExclude('id',{3611171})|random(1)>}}",,,,<3611171>,<3>,<getExAttackMode()==5 and 0 or 1>,,"<<0.22+0.08*to10(moreE(self:star(),11));0;1>>",,,
361136,,,,,,enemyForce|nodead,,"{process={key=more(countObjByBuff((self:force() == 1 and 2 or 1),{3611170}),0);value=<buffDiffer('id',{3611170})|buffDifferExclude('id',{3611171})|random(1);buffDifferExclude('id',{3611171})|random(1)>}}",,,,<3611171>,<3>,<getExAttackMode()==5 and 0 or 1>,,"<<0.22+0.08*to10(moreE(self:star(),11));0;1>>",,,
361137,,,,0,14,,,,,,,<3611180;3611186;3611185;3611185;3611185;3611172;3611174>,<1;1;99;99;99;99;99>,<getExAttackMode()==5 and 0 or 1;1;getExAttackMode()==5 and 0 or 1;getExAttackMode()==5 and 0 or 1;0;getExAttackMode()==5 and 0 or 1;getExAttackMode()==5 and 0 or 1>,,<1;1;1;1;1;1;1>,,,
361141,,,,0,11,,,,,,,<3611143;3611144>,<99;99>,"<(target:nature(1) ==16 or target:nature(2) ==16 ) and 1 or 0;((target:nature(1) ==16 or target:nature(2) ==16 ) and moreE(self:star(),8)) and 1 or 0>",,<800+skillLevel*4-4;1>,,,
361161,,,,0,14,,,,,,,<3611110;3611111;3611112;3611113;3611125;3611165>,<99;99;99;99;99;99>,<self:hasBuff(3611167) and 0 or 1;self:hasBuff(3611167) and 0 or 1;self:hasBuff(3611167) and 0 or 1;1;1;1>,,<0;1;<0;0;0;1;1;0>;1;1;0>,,,
361162,,,,0,14,,,,,,,<3611130;3611140;3611141>,<99;99;99>,<1;1;1>,,<1;1;1>,,,
361171,,,,,,,,,,,,,,,,,361171,,
363111,,,,,,,,,,,,,,,,,363111,,
363112,,,,0,14,,,,,,,<3631214;3631215>,<2;2>,<1;1>,,<self:defence()*((self:flagZ1() and 0.84 or 0.42)-0.02*((getGateType() == 10 or getGateType() == 14) and 1 or 0));self:specialDefence()*((self:flagZ1() and 0.84 or 0.42)-0.02*((getGateType() == 10 or getGateType() == 14) and (self:flagZ1() and 2 or 1) or 0))>,,,
363121,,,,,,,,,,,,,,,,,363121,,
363122,,,,,,selfForce|nodead,"exclude(list(csvSelf:id()))|setSelectAttr({""damage"",""specialDamage""},""max"")|attr(""selectAttr"",""max"",1)",,,,,<3631112>,<2>,,,<self:flag(99) and (self:specialDefence()+ self:defence())*(self:flagZ2() and 2.6 or 2) or (self:specialDefence()+ self:defence())*((self:flagZ2() and 4 or 3)-0.05*((getGateType() == 10 or getGateType() == 14) and 1 or 0))>,,,
363123,,,,0,14,,,,,,,<3631112>,<2>,,,<self:flag(99) and (self:specialDefence()+ self:defence())*(self:flagZ2() and 2.6 or 2) or (self:specialDefence()+ self:defence())*((self:flagZ2() and 4 or 3)-0.05*((getGateType() == 10 or getGateType() == 14) and 1 or 0))>,,,
363131,,,,,,,,,,,,,,,,,363131,,
363132,,,,,,,,,,,,,,,,,363132,,
363133,,,,,,,,,,,,<3631217>,<1>,,,<0>,,,
363134,,,,0,23,,,,13,,,<3631216>,<99>,,,<(self:flag(99) and (self:specialDefence()+ self:defence())*2.5 or (self:specialDefence()+ self:defence())*(3-0.05*((getGateType() == 10 or getGateType() == 14) and 1 or 0)))*(self:flagZ3() and  (1+0.15*getForceNum(self:force())) or 1)>,,,
363135,,,,0,11,,,,,,,<3631230>,<99>,"<to10(moreEqualThan(self:star(),11))>",,<0>,,,
363141,,,,0,23,,,,13,,,<3631216>,<99>,"<to10(moreEqualThan(self:star(),8))>",,<(self:flag(99) and (self:specialDefence()+ self:defence())*2.5 or (self:specialDefence()+ self:defence())*(3-0.05*((getGateType() == 10 or getGateType() == 14) and 1 or 0)))*(self:flagZ3() and  (1+0.15*getForceNum(self:force())) or 1)>,,,
363142,,,,0,11,,,,,,,<3631230>,<99>,"<to10(moreEqualThan(self:star(),11))>",,<0>,,,
363143,,,,0,11,,,,,,,<3631240>,<99>,,,<1>,,,
363161,,,,,,enemyForce|nodead,"setSelectAttr({""damage"",""specialDamage""},""max"")|attr(""selectAttr"",""max"",1)",,,,,,,,,,,,
363162,,,,,,,,,,,,<3631233>,<1>,,,"<list(list(c.groupdebuff_oc()),6,3)>",,,
363211,,,,,,,,,,,,,,,,,363211,,
363212,,,,0,14,,,,,,,<3631214;3631215>,<2;2>,<1;1>,,<self:defence()*((self:flagZ1() and 0.84 or 0.42)-0.02*((getGateType() == 10 or getGateType() == 14) and 1 or 0));self:specialDefence()*((self:flagZ1() and 0.84 or 0.42)-0.02*((getGateType() == 10 or getGateType() == 14) and (self:flagZ1() and 2 or 1) or 0))>,,,
363221,,,,,,,,,,,,,,,,,363221,,
363222,,,,,,selfForce|nodead,"exclude(list(csvSelf:id()))|setSelectAttr({""damage"",""specialDamage""},""max"")|attr(""selectAttr"",""max"",1)",,,,,<3631112>,<2>,,,<self:flag(99) and (self:specialDefence()+ self:defence())*(self:flagZ2() and 2.6 or 2) or (self:specialDefence()+ self:defence())*((self:flagZ2() and 4 or 3)-0.05*((getGateType() == 10 or getGateType() == 14) and 1 or 0))>,,,
363223,,,,0,14,,,,,,,<3631112>,<2>,,,<self:flag(99) and (self:specialDefence()+ self:defence())*(self:flagZ2() and 2.6 or 2) or (self:specialDefence()+ self:defence())*((self:flagZ2() and 4 or 3)-0.05*((getGateType() == 10 or getGateType() == 14) and 1 or 0))>,,,
363231,,,,,,,,,,,,,,,,,363231,,
363232,,,,,,,,,,,,,,,,,363232,,
363233,,,,,,,,,,,,<3631237>,<1>,,,<0>,,,
363234,,,,0,23,,,,13,,,<3631236>,<99>,,,<(self:flag(99) and (self:specialDefence()+ self:defence())*2.5 or (self:specialDefence()+ self:defence())*(3-0.05*((getGateType() == 10 or getGateType() == 14) and 1 or 0)))*(self:flagZ3() and  (1+0.15*getForceNum(self:force())) or 1)>,,,
363235,,,,0,11,,,,,,,<3631230>,<99>,"<to10(moreEqualThan(self:star(),11))>",,<0>,,,
363241,,,,0,23,,,,13,,,<3631236>,<99>,"<to10(moreEqualThan(self:star(),8))>",,<(self:flag(99) and (self:specialDefence()+ self:defence())*2.5 or (self:specialDefence()+ self:defence())*(3-0.05*((getGateType() == 10 or getGateType() == 14) and 1 or 0)))*(self:flagZ3() and  (1+0.15*getForceNum(self:force())) or 1)>,,,
363242,,,,0,11,,,,,,,<3631230>,<99>,"<to10(moreEqualThan(self:star(),11))>",,<0>,,,
363243,,,,0,11,,,,,,,<3631240>,<99>,,,<1>,,,
363261,,,,,,enemyForce|nodead,"setSelectAttr({""damage"",""specialDamage""},""max"")|attr(""selectAttr"",""max"",1)",,,,,,,,,,,,
363262,,,,,,,,,,,,<3631233>,<1>,,,"<list(list(c.groupdebuff_oc()),6,3)>",,,
364111,,,,,,,,,,,,,,,,,364111,,
364112,,,,0,14,,,,,,,<3642111;3642112>,<self:flagZ1() and 3 or 2;self:flagZ1() and 3 or 2>,<1;1>,,<self:specialDamage()*0.15;self:flagZ1() and 2500 or 2000>,,,
364121,,,,,,,,,,,,,,,,,364121,,
364122,,,,,2,,,,,,,<3642211;3642212>,<self:flagZ2() and 4 or 3;self:flagZ2() and 4 or 3>,<1;1>,,<self:flagZ2() and 3000 or 2500;-2000>,,,
364131,,,,,2,,,,,,,,,,,,364131,,
364132,,,,,2,,,,,,,,,,,,364132,,
364133,,,,,,,,,,,,<3642300;3642310;3642311>,<1;3;99>,<1;1;1>,,<0;0;1818>,,{needUpdateTarget=True;prob=1},
364134,,,,,2,,,,,,,<3642321>,<99>,,,<-1500>,,,
364161,,,,0,14,,,,,,,<3642611;3642613>,<99;99>,<1;1>,,<0;0>,,,
364162,,,,0,14,,,,,,,<3642631;3642641>,<99;99>,<1;1>,,"<(15+min((skillLv(36416,36426,36436,36446) or 0),200)*0.05-0.05)*100;<3642312>>",,,
364163,,,,,2,,,,,,,<3642621>,<1>,"<to10(moreE(self:star(),8))>",,<-1000>,,,
364211,,,,,,,,,,,,,,,,,364211,,
364212,,,,0,14,,,,,,,<3642111;3642112>,<self:flagZ1() and 3 or 2;self:flagZ1() and 3 or 2>,<1;1>,,<self:specialDamage()*0.15;self:flagZ1() and 2500 or 2000>,,,
364221,,,,,,,,,,,,,,,,,364221,,
364222,,,,,2,,,,,,,<3642211;3642212>,<self:flagZ2() and 4 or 3;self:flagZ2() and 4 or 3>,<1;1>,,<self:flagZ2() and 3000 or 2500;-2000>,,,
364231,,,,,2,,,,,,,,,,,,364231,,
364232,,,,,2,,,,,,,,,,,,364232,,
364233,,,,,,,,,,,,,,,,,364233,,
364234,,,,,,enemyForce|nodead,rowfront|otherProcessExcept(364233),,,,,,,,,,364234,,
364235,,,,,,,,,,,,<3642300;3642310;3642311>,<1;3;99>,<1;1;1>,,<0;0;1818>,,{needUpdateTarget=True;prob=1},
364236,,,,,2,,,,,,,<3642321>,<99>,,,<-1500>,,,
364261,,,,0,14,,,,,,,<3642611;3642613>,<99;99>,<1;1>,,<0;0>,,,
364262,,,,0,14,,,,,,,<3642631;3642641>,<99;99>,<1;1>,,"<(15+min((skillLv(36416,36426,36436,36446) or 0),200)*0.05-0.05)*100;<3642312>>",,,
364263,,,,,2,,,,,,,<3642621>,<1>,"<to10(moreE(self:star(),8))>",,<-1000>,,,
364411,,,,,,,,,,,,,,,,,364411,,
364412,,,,0,14,,,,,,,<3642111;3642112>,<self:flagZ1() and 3 or 2;self:flagZ1() and 3 or 2>,<1;1>,,<self:specialDamage()*0.15;self:flagZ1() and 2500 or 2000>,,,
364421,,,,,,,,,,,,,,,,,364421,,
364422,,,,,2,,,,,,,<3642211;3642212>,<self:flagZ2() and 4 or 3;self:flagZ2() and 4 or 3>,<1;1>,,<self:flagZ2() and 3000 or 2500;-2000>,,,
364431,,,,,2,,,,,,,,,,,,364431,,
364432,,,,,2,,,,,,,,,,,,364432,,
364433,,,,,,,,,,,,<3642300;3642310;3642311>,<1;3;99>,<1;1;1>,,<0;0;1818>,,{needUpdateTarget=True;prob=1},
364434,,,,,2,,,,,,,<3642321>,<99>,,,<-1500>,,,
364461,,,,0,14,,,,,,,<3642611;3642613>,<99;99>,<1;1>,,<0;0>,,,
364462,,,,0,14,,,,,,,<3642631;3642641>,<99;99>,<1;1>,,"<(15+min((skillLv(36416,36426,36436,36446) or 0),200)*0.05-0.05)*100;<3642312>>",,,
364463,,,,,2,,,,,,,<3642621>,<1>,"<to10(moreE(self:star(),8))>",,<-1000>,,,
366111,,,,,,,,,,,,<3661120;3661121>,<1;1>,<1;1>,,<1;1>,366111,,
366112,,,,0,14,,,,,,,<3661125>,<3>,,,<self:flagZ1() and 3000 or 2000>,,,
366121,,,,,,,,,,,,,,,,,366121,,
366122,,,,0,14,,,,,,,<3661111;3661126>,<3;1>,<self:hasBuff(3661126) and 0 or 1;1>,,<<1;1;1>;0>,,,
366131,,,,,,,,,,,,,,,,,366131,,
366132,,,,,,,,,,,,<3661132>,<1>,,,<-99999>,366132,,
366133,,,,0,14,,,,,,,<3661129;3661117>,<1;1>,"<self:flagZ3() and 1 or 0;moreE(self:star(),11) and 1 or 0>",,<2000;9000>,,,
366161,,,,0,14,,,,,,,<3661116;3661114>,<99;99>,<1;1>,,<1;1>,,,
366162,,,,0,14,,,,,,,<3661119;3661111>,<99;3>,"<moreE(self:star(),8) and 1 or 0;moreE(self:star(),8) and (moreE(self:mp1(),self:mp1Max()) and 1 or 0) or 0>",,<1;<1;1;1>>,,,
366211,,,,,,,,,,,,<3661122;3661123>,<1;1>,<1;1>,,<1;1>,366211,,
366212,,,,0,14,,,,,,,<3661125>,<3>,,,<self:flagZ1() and 3000 or 2000>,,,
366221,,,,,,,,,,,,,,,,,366221,,
366222,,,,0,14,,,,,,,<3661111;3661126>,<3;1>,<self:hasBuff(3661126) and 0 or 1;1>,,<<1;1;1>;0>,,,
366231,,,,,,,,,,,,,,,,,366231,,
366232,,,,,,,,,,,,<3661132>,<1>,,,<-99999>,366232,,
366233,,,,0,14,,,,,,,<3661129;3661117>,<1;1>,"<self:flagZ3() and 1 or 0;moreE(self:star(),11) and 1 or 0>",,<2000;9000>,,,
366261,,,,0,14,,,,,,,<3661116;3661114>,<99;99>,<1;1>,,<1;1>,,,
366262,,,,0,14,,,,,,,<3661119;3661111>,<99;3>,"<moreE(self:star(),8) and 1 or 0;moreE(self:star(),8) and (moreE(self:mp1(),self:mp1Max()) and 1 or 0) or 0>",,<1;<1;1;1>>,,,
366311,,,,,,,,,,,,<3661124>,<1>,,,<1>,366311,,
366312,,,,0,14,,,,,,,<3661125>,<3>,,,<self:flagZ1() and 3000 or 2000>,,,
366321,,,,,,,,,,,,,,,,,366321,,
366322,,,,0,14,,,,,,,<3661111;3661126>,<3;1>,<self:hasBuff(3661126) and 0 or 1;1>,,<<1;1;1>;0>,,,
366331,,,,,,,,,,,,,,,,,366331,,
366332,,,,,,,,,,,,<3661132>,<1>,,,<-99999>,,,
366333,,,,0,14,,,,,,,<3661129;3661117>,<1;1>,"<self:flagZ3() and 1 or 0;moreE(self:star(),11) and 1 or 0>",,<2000;9000>,,,
366361,,,,0,14,,,,,,,<3661116;3661114>,<99;99>,<1;1>,,<1;1>,,,
366362,,,,0,14,,,,,,,<3661119;3661111>,<99;3>,"<moreE(self:star(),8) and 1 or 0;moreE(self:star(),8) and (moreE(self:mp1(),self:mp1Max()) and 1 or 0) or 0>",,<1;<1;1;1>>,,,
367311,,,,,,,,,,,,,,,,,367311,,
367312,,,,0,14,,,,,,,<3671111>,<2>,,,<self:flagZ1() and self:Bdamage()*0.3 or self:Bdamage()*0.2>,,,
367321,,,,,,,,,,,,,,,,,367321,,
367322,,,,,,,,,,,,<3671112>,<1>,,,<1>,,,
367331,,,,,11,,,,,,,,,,,,367331,,
367332,,,,,11,,,,,,,,,,,,,,
367333,,,,0,14,,,,,,,<3671117>,<3>,,,<1>,,,
367334,,,,0,11,,,,,,,<3671121;3671121>,<1;1>,<self:flagZ3() and 0 or 1;self:flagZ3() and 1 or 0>,,<target:hasBuff(3671133) and  target:hpMax()*0.3 or  target:hpMax()*0.15;(target:nature(1) ==2 or target:nature(2)==2)  and  target:hpMax()*0.3 or  target:hpMax()*0.15>,,,
367361,,,,0,14,,,,,,,<3671127;3671129;3671133;3671140;3671128>,<99;99;99;99;99>,<1;1;1;1;self:flagZ3() and 1 or 0>,,<1;1;1;1;1>,,,
368111,,,,,,,,,,,,,,,,,368111,,
368112,,,,0,14,,,,,,,<3681121;3681122>,<2;2>,<1;1>,,<self:specialDefence()*0.3;self:specialDamage()*0.1>,,,
368121,,,,,,,,,,,,,,,,,368121,,
368122,,,,,4,,,,,,,<3681211;3681620>,<99;1>,<1;1>,,<self:specialDamage()*1;0>,,,
368131,,,,,2,,,,,,,,,,,,368131,,
368132,,,,,2,,,,,,,,,,,,,,
368133,,,,,2,,,,,,,<3681111;3681620>,<1;1>,<1;1>,,<-200;0>,,,
368134,,,,,11,,,,,,,<3681313>,<1>,,,<0>,,,
368135,,,,0,11,,,,,,,<3681312;3681321>,<1;1>,"<1;moreE(self:star(),11) and 1 or 0>",,<0;0>,,,
368161,,,,0,14,,,,,,,<3681621>,<99>,,,<0>,,,
368211,,,,,,,,,,,,,,,,,368211,,
368212,,,,0,14,,,,,,,<3681121;3681122>,<2;2>,<1;1>,,<self:specialDefence()*0.3;self:specialDamage()*0.1>,,,
368221,,,,,,,,,,,,,,,,,368221,,
368222,,,,,4,,,,,,,<3681211;3681620>,<99;1>,<1;1>,,<self:specialDamage()*1;0>,,,
368231,,,,,2,,,,,,,,,,,,368231,,
368232,,,,,2,,,,,,,,,,,,368232,,
368233,,,,,2,,,,,,,<3681111;3681620>,<1;1>,<1;1>,,<-200;0>,,,
368234,,,,,11,,,,,,,<3681313>,<1>,,,<0>,,,
368235,,,,0,11,,,,,,,<3681312;3681321>,<1;1>,"<1;moreE(self:star(),11) and 1 or 0>",,<0;0>,,,
368261,,,,0,14,,,,,,,<3681621>,<99>,,,<0>,,,
368311,,,,,,,,,,,,,,,,,368311,,
368312,,,,0,14,,,,,,,<3681121;3681122>,<2;2>,<1;1>,,<self:specialDefence()*0.3;self:specialDamage()*0.1>,,,
368321,,,,,,,,,,,,,,,,,368321,,
368322,,,,,4,,,,,,,<3681211;3681620>,<99;1>,<1;1>,,<self:specialDamage()*1;0>,,,
368331,,,,,2,,,,,,,,,,,,368331,,
368332,,,,,2,,,,,,,,,,,,,,
368333,,,,,2,,,,,,,<3681111;3681620>,<1;1>,<1;1>,,<-200;0>,,,
368334,,,,,11,,,,,,,<3681313>,<1>,,,<0>,,,
368335,,,,0,11,,,,,,,<3681312;3681321>,<1;1>,"<1;moreE(self:star(),11) and 1 or 0>",,<0;0>,,,
368361,,,,0,14,,,,,,,<3681621>,<99>,,,<0>,,,
377111,,,,,,,,,,,,,,,,,377111,,
377112,,,,,,,,,,,,<3771111;3771111>,<3;3>,<1;self:flagZ1() and 0.1 or 0>,,<self:defence()*0.4+self:specialDefence()*0.4;self:defence()*0.4+self:specialDefence()*0.4>,,,
377121,,,,,,,,,,,,,,,,,377121,,
377122,,,,0,14,,,,,,,<3771112>,<1>,,,"<self:hpMax()*((self:flagZ2() and 0.08 or 0.05)+(self:flagZ2() and 0.06 or 0.05)*countObjByBuff((self:force() == 1 and 2 or 1),{3771111},{}))>",,,
377131,,,,,11,,,,,,,,,,,,377131,,
377132,,,,,11,,,,,,,,,,,,377132,,
377133,,,,,11,,,,,,,<3771111>,<3>,,,<self:defence()*0.4+self:specialDefence()*0.4>,,,
377134,,,,,11,,,,,,,<3771114>,<1>,"<moreE(self:star(),11) and 0.35 or 0>",,<0>,,,
377135,,,,0,14,,,,,,,<3771122;3771123>,<2;2>,<1;self:flagZ3() and 1 or 0>,,<0;1000>,,,
377161,,,,0,14,,,,,,,<3771117>,<99>,,,<0>,,,
377211,,,,,,,,,,,,,,,,,377211,,
377212,,,,,,,,,,,,<3771111;3771111>,<3;3>,<1;self:flagZ1() and 0.1 or 0>,,<self:defence()*0.4+self:specialDefence()*0.4;self:defence()*0.4+self:specialDefence()*0.4>,,,
377221,,,,,,,,,,,,,,,,,377221,,
377222,,,,0,14,,,,,,,<3771112>,<1>,,,"<self:hpMax()*((self:flagZ2() and 0.08 or 0.05)+(self:flagZ2() and 0.06 or 0.05)*countObjByBuff((self:force() == 1 and 2 or 1),{3771111},{}))>",,,
377231,,,,,11,,,,,,,,,,,,377231,,
377232,,,,,11,,,,,,,,,,,,,,
377233,,,,,11,,,,,,,<3771111>,<3>,,,<self:defence()*0.4+self:specialDefence()*0.4>,,,
377234,,,,,11,,,,,,,<3771114>,<1>,"<moreE(self:star(),11) and 0.35 or 0>",,<0>,,,
377235,,,,0,14,,,,,,,<3771122;3771123>,<2;2>,<1;self:flagZ3() and 1 or 0>,,<0;1000>,,,
377261,,,,0,14,,,,,,,<3771117>,<99>,,,<0>,,,
384111,,,,,,,,,,,,,,,,,384111,,
384112,,,,0,14,,,,,,,<3841101;3841204>,<3;1>,<1;self:hasBuff(3841201) and 1 or 0>,,<self:damage()*(self:flagZ1() and 0.2 or 0.15);240>,,,
384121,,,,,,,,,,,,,,,,,384121,,
384122,,,,,,,,,,,,<3841202>,<1>,,,<0>,,,
384123,,,,0,14,,,,,,,<3841201>,<1>,"<moreE(self:damage(),target:damage()) and 1 or (self:flagZ2() and 1 or 0)>",,"<<list(1,0,0);1;1>>",,,
384131,,,,,,,,,,,,,,,,,384131,,
384132,,,,,4,,,,,,,<3841301>,<3>,,,<-target:damage()*0.4>,,,
384133,,,,,,,,,,,,<3841303>,"<moreE(random(0,1),0) and 1 or 2>","<moreE(self:damage(),target:damage()) and (moreE(self:star(),11) and 0.8 or 0) or 0>",,<0>,,,
384134,,,,0,14,,,,,,,<3841302;3841304>,<1;1>,<1;1>,,<99;self:speed()*(self:flagZ3() and 0.5 or 0.3)>,,,
384151,,,,,11,,,,,,,<3841351;3841352>,<99;99>,<1;self:flagZ4() and 1 or 0>,,"<-target:damage()*(15+(skillLv(38415,38425,38435) or 0)*0.1-0.1)*0.01;-target:defence()*0.1>",,,
384161,,,,0,14,,,,,,,<3841361;3841362;3841611>,<99;99;99>,"<to10(moreE(self:star(),8));to10(moreE(self:star(),8));1>",,"<countObjByNatureExit(self:force(),4)*1000;countObjByNatureExit(self:force(),4)*1000;0>",,,
384211,,,,,,,,,,,,,,,,,384211,,
384212,,,,0,14,,,,,,,<3841101;3841204>,<3;1>,<1;self:hasBuff(3841201) and 1 or 0>,,<self:damage()*(self:flagZ1() and 0.2 or 0.15);240>,,,
384221,,,,,,,,,,,,,,,,,384221,,
384222,,,,,,,,,,,,<3841202>,<1>,,,<0>,,,
384223,,,,0,14,,,,,,,<3841201>,<1>,"<moreE(self:damage(),target:damage()) and 1 or (self:flagZ2() and 1 or 0)>",,"<<list(1,0,0);1;1>>",,,
384231,,,,,,,,,,,,,,,,,384231,,
384232,,,,,4,,,,,,,<3841301>,<3>,,,<-target:damage()*0.4>,,,
384233,,,,,,,,,,,,<3841303>,"<moreE(random(0,1),0) and 1 or 2>","<moreE(self:damage(),target:damage()) and (moreE(self:star(),11) and 0.8 or 0) or 0>",,<0>,,,
384234,,,,0,14,,,,,,,<3841302;3841304>,<1;1>,<1;1>,,<99;self:speed()*(self:flagZ3() and 0.5 or 0.3)>,,,
384251,,,,,11,,,,,,,<3841351;3841352>,<99;99>,<1;self:flagZ4() and 1 or 0>,,"<-target:damage()*(15+(skillLv(38415,38425,38435) or 0)*0.1-0.1)*0.01;-target:defence()*0.1>",,,
384261,,,,0,14,,,,,,,<3841361;3841362;3841611>,<99;99;99>,"<to10(moreE(self:star(),8));to10(moreE(self:star(),8));1>",,"<countObjByNatureExit(self:force(),4)*1000;countObjByNatureExit(self:force(),4)*1000;0>",,,
384311,,,,,,,,,,,,,,,,,384311,,
384312,,,,0,14,,,,,,,<3841101;3841204>,<3;1>,<1;self:hasBuff(3841201) and 1 or 0>,,<self:damage()*(self:flagZ1() and 0.2 or 0.15);240>,,,
384321,,,,,,,,,,,,,,,,,384321,,
384322,,,,,,,,,,,,<3841202>,<1>,,,<0>,,,
384323,,,,0,14,,,,,,,<3841201>,<1>,"<moreE(self:damage(),target:damage()) and 1 or (self:flagZ2() and 1 or 0)>",,"<<list(1,0,0);1;1>>",,,
384331,,,,,,,,,,,,,,,,,384331,,
384332,,,,,,,,,,,,,,,,,384332,,
384333,,,,,4,,,,,,,<3841301>,<3>,,,<-target:damage()*0.4>,,,
384334,,,,,,,,,,,,<3841303>,"<moreE(random(0,1),0) and 1 or 2>","<moreE(self:damage(),target:damage()) and (moreE(self:star(),11) and 0.8 or 0) or 0>",,<0>,,,
384335,,,,0,14,,,,,,,<3841302;3841304>,<1;1>,<1;1>,,<99;self:speed()*(self:flagZ3() and 0.5 or 0.3)>,,,
384351,,,,,11,,,,,,,<3841351;3841352>,<99;99>,<1;self:flagZ4() and 1 or 0>,,"<-target:damage()*(15+(skillLv(38415,38425,38435) or 0)*0.1-0.1)*0.01;-target:defence()*0.1>",,,
384361,,,,0,14,,,,,,,<3841361;3841362;3841611>,<99;99;99>,"<to10(moreE(self:star(),8));to10(moreE(self:star(),8));1>",,"<countObjByNatureExit(self:force(),4)*1000;countObjByNatureExit(self:force(),4)*1000;0>",,,
402311,,,,,,,,,,,,,,,,,402311,,
402312,,,,0,14,,,,,,,<4023111;4023112;4023113>,<2;2;2>,<1;1;1>,,"<self:defence()*0.4;self:specialDefence()*0.4;min(self:hpMax()*0.1,self:damage()*3)>",,,
402321,,,,,11,,,,,,,,,,,,402321,,
402322,,,,0,14,,,,,,,<4023211;4023215>,<2;2>,<1;self:flagZ2() and 1 or 0>,,"<5000;min(self:hpMax()*0.5,self:damage()*3)>",,,
402323,,,,,,selfForce()|nodead,"exclude(list(csvSelf:id()))|selfRow|attrDiffer(""natureType"", {15,11})",,,,,<4023213>,<2>,,,<0>,,,
402331,,,,,11,,,,,,,,,,,,402331,,
402332,,,,,11,,,,,,,,,,,,402332,,
402333,,,,,11,,,,,,,<4023311>,<1>,,,<0;3;3>,,,
402334,,,,0,14,,,,,,,<4023312>,<2>,,,<0>,,,
402335,,,,,,enemyForce|nodead,"setSelectAttr({""damage"",""specialDamage""},""max"")|attr(""selectAttr"",""max"",1)",,,,,<4023316>,<2>,,,<0>,,,
402336,,,,,11,,,,,,,<4023326>,<1>,"<moreE(self:star(),11) and 1 or 0>",,<0;3;3>,,,
402341,,,,0,11,,,,,,,<4023411>,<99>,<(target:nature(1)==15 or target:nature(2)==15) and 1 or 0>,,<0>,,,
402342,,,,,,selfForce | nodead,"exclude(list(csvSelf:id()))|attrDiffer(""natureType"", {15})",,,,,<4023420>,<2>,<self:hasBuff(4023413) and 1 or 0>,,<0>,,,
402343,,,,0,11,,,,,,,<4023411>,<99>,<self:flagZ4() and (target:nature(1)==11 or target:nature(2)==11) and 1 or 0>,,<0>,,,
402344,,,,,,selfForce | nodead,"exclude(list(csvSelf:id()))|attrDiffer(""natureType"", {11})",,,,,<4023420>,<2>,<self:flagZ4() and self:hasBuff(4023413) and 1 or 0>,,<0>,,,
402351,,,,,,,,,,,,,,,,,402351,,
402361,,,,0,14,,,,,,,<4023611;4023612;4023614>,<99;99;99>,<1;1;1>,,"<<list(1,0,0);1;1;1>;0;<>>",,,
402362,,,,0,14,,,,,,,<4023620;4023623>,<99;99>,<1;1>,,<0;0>,,,
402363,,,,,,selfForce()|nodead,"attrDiffer(""natureType"", {15})",,,,,<4023624>,<99>,"<moreE(countObjByNatureExit(self:force(),15),3) and (target:nature(1)==15 or target:nature(2)==15) and 1 or 0>",,<0>,,,
402364,,,,0,14,,,,,,,<4023630;4023634>,<2;2>,"<moreE(self:star(),8) and 1 or 0;moreE(self:star(),8) and 1 or 0>",,<0;0>,,,
402411,,,,,,,,,,,,,,,,,402411,,
402412,,,,0,14,,,,,,,<4024111;4024112>,<2;2>,<1;1>,,<self:flagZ1() and 2500 or 1500;self:flagZ1() and 2500 or 1500>,,,
402413,,,,,,,,,,,,<4024632>,<1>,<self:flagZ1() and 1 or 0>,,"<min(self:specialDamage()*5,self:hpMax()*0.15)*(1+self:getBuffOverlayCount(4024636)*0.25)>",,,
402421,,,,,,,,,,,,,,,,,402421,,
402422,,,,0,14,,,,,,,<4024211;4024217;4024218>,<1;1;1>,<1;self:flagZ2() and 1 or 0;self:flagZ2() and 1 or 0>,,"<<1;1;1>;2000;min(self:specialDamage()*5,self:hpMax()*0.3)>",,,
402423,,,,,,selfForce|nodead,"exclude(list(csvSelf:id()))|attrDiffer('natureType', {16})|setSelectAttr({""damage"",""specialDamage""},""max"")|attr(""selectAttr"",""max"",1)|random(1)",,,,,<4024210;4024217;4024218>,<1;1;1>,<1;self:flagZ2() and 1 or 0;self:flagZ2() and 1 or 0>,,"<0;2000;min(self:specialDamage()*5,self:hpMax()*0.3)>",,,
402431,,,,,,enemyForce|nodead,random(2),,,,,<4024311>,"<moreE(self:star(),11) and 2 or 1>",<not self:flagZ3() and 1 or 0>,,<0>,402431,,
402432,,,,,,enemyForce|nodead,random(3),,,,,<4024311>,"<moreE(self:star(),11) and 2 or 1>",<self:flagZ3() and 1 or 0>,,<0>,402432,,
402433,,,,0,14,,,,,,,<4024316>,<1>,,,<0>,,,
402434,,,,,11,,,,,,,<4024323>,<999>,<self:flagZ3() and 1 or 0>,,<0>,,,
402435,,,,,,,,,,,,,,,,,,,
402436,,,,,,,,,,,,,,,,,,,
402437,,,,,,,,,,,,,,,,,,,
402441,,,,0,11,,,,,,,<4024418>,<999>,<target:hasBuffGroup(c.invisible_oc()) and 0 or 1>,,<0>,,,
402442,,,,0,11,,,,,,,<4024420;4024422>,<999;999>,<target:hasBuffGroup(c.invisible_oc()) and 1 or 0;target:hasBuffGroup(c.invisible_oc()) and 1 or 0>,,<{};<2;99;1>>,,,
402443,,,,,,selfForce|nodead,"exclude(list(csvSelf:id()))|attrDiffer('natureType', {16})",,,,,<4024412;4024415>,<999;999>,<1;1>,,<0;0>,,,
402444,,,,0,14,,,,,,,<4024413;4024415>,<999;999>,<1;1>,,<0;0>,,,
402445,,,,,,,,,,,,,,,,,,,
402461,,,,0,14,,,,,,,<4024611;4024651;4024810>,<999;999;999>,<1;1;1>,,<0;0;0>,,,
402462,,,,,,selfForce|nodead,"exclude(list(csvSelf:id()))|attrDiffer('natureType', {16})|setSelectAttr({""damage"",""specialDamage""},""max"")|attr(""selectAttr"",""max"",2)|random(2)",,,,,<4024210>,<1>,"<(moreE(self:star(),8) and moreE(countObjByNatureExit(self:force(),14),3) and (not self:flagZ4())) and 1 or 0>",,<0>,,,
402463,,,,,,selfForce|nodead,"exclude(list(csvSelf:id()))|attrDiffer('natureType', {16})|setSelectAttr({""damage"",""specialDamage""},""max"")|attr(""selectAttr"",""max"",3)|random(3)",,,,,<4024210>,<1>,"<(moreE(self:star(),8) and moreE(countObjByNatureExit(self:force(),14),3) and self:flagZ4()) and 1 or 0>",,<0>,,,
402464,,,,0,14,,,,,,,<4024915;4024210>,<999;1>,"<1;(moreE(self:star(),8) and moreE(countObjByNatureExit(self:force(),14),3)) and 1 or 0>",,<<2;99;1>;0>,,,
412111,,,,,,,,,,,,,,,,,412111,,
412112,,,,,,,,,,,,,,,,,412112,{needUpdateTarget=true;prob=1},
412113,,,,,,,,,,,,,,,,,412113,{needUpdateTarget=true;prob=(self:hasBuff(4121360) and 1 or 0)},
412114,,,,0,14,,,,,,,<4121111;4121112>,<2;2>,<1;1>,,<1000;self:speed()*0.1>,,,
412115,,,,0,14,,,,,,,<4121113>,<2>,<self:flagZ1() and 1 or 0>,,<1500>,,,
412121,,,,,,,,,,,,,,,,,412121,,
412122,,,,,,,,,,,,,,,,,412122,{needUpdateTarget=true;prob=1},
412123,,,,,,,,,,,,,,,,,412123,{needUpdateTarget=true;prob=1},
412124,,,,,,,,,,,,,,,,,412124,{needUpdateTarget=true;prob=(self:hasBuff(4121360) and 1 or 0)},
412125,,,,0,14,,,,,,,<4121211;4121221>,<1;1>,<1;1>,,<5000;0>,,,
412131,,,,,,,,,,,,,,,,,412131,{needUpdateTarget=true;deadCantReplace=true;prob=1},
412132,,,,,,enemyForce | nodead,,"{process={value=<useOtherProcess(412131);attr(""hp"",""min"",1)>;key=self:curSkill():checkProcessTargetsState(412131,""nodead"")}}",,,,,,,,,412132,{needUpdateTarget=true;deadCantReplace=true;prob=1},
412133,,,,,,enemyForce | nodead,,"{process={value=<useOtherProcess(412132);attr(""hp"",""min"",1)>;key=self:curSkill():checkProcessTargetsState(412132,""nodead"")}}",,,,,,,,,412133,{needUpdateTarget=true;deadCantReplace=true;prob=1},
412134,,,,,,enemyForce | nodead,,"{process={value=<useOtherProcess(412133);attr(""hp"",""min"",1)>;key=self:curSkill():checkProcessTargetsState(412133,""nodead"")}}",,,,,,,,,412134,{needUpdateTarget=true;deadCantReplace=true;prob=1},
412135,,,,,,enemyForce | nodead,,"{process={value=<useOtherProcess(412134);attr(""hp"",""min"",1)>;key=self:curSkill():checkProcessTargetsState(412134,""nodead"")}}",,,,,,,,,412135,{needUpdateTarget=true;deadCantReplace=true;prob=1},
412136,,,,,,enemyForce | nodead,,"{process={value=<useOtherProcess(412135);attr(""hp"",""min"",1)>;key=self:curSkill():checkProcessTargetsState(412135,""nodead"")}}",,,,,,,,,412136,{needUpdateTarget=true;deadCantReplace=true;prob=1},
412137,,,,,11,,,,,,,,,,,,412137,,
412138,,,,0,14,,,,,,,<4121360>,<2>,"<moreE(self:star(),11) and 1 or 0>",,<0>,,,
412139,,,,,,selfForce,exclude(list(csvSelf:id())),,,,,<4121351>,<1>,"<(target:nature(1)==14 or target:nature(2)==14 or target:nature(1)==7 or target:nature(2)==7) and (moreE(self:star(),11) and 1 or 0) or 0>",,<0>,,,
412140,,,,,,,,,,,,<4121410;4121301>,<1;1>,<0;1>,,<0;0>,,,
412141,,,,0,14,,,,,,,<4121666;4121668>,<99;1>,"<1;moreE(self:getBuffOverlayCount(4121666),2) and 1 or 0>",,<0;2000>,,,
412142,,,,0,14,,,,,,,<4121481;4121389>,<1;1>,"<moreE(self:star(),11) and 1 or 0;(self:hasBuff(4121380) and (moreE(self:star(),11) and ((self:hasBuffGroup(c.groupstun_nbstun_oc()) or self:hasBuff(4121388) ) and 1 or 0) or 1 ) or 0)>",,<0;0>,,,
412143,,,,0,14,,,,,,,<4121418>,<1>,<self:hasBuff(4121380) and 1 or 0>,,<0>,,,
412144,,,,0,14,,,,,,,<4121441>,<1>,,,<<4161628>>,,,
412145,,,,,,,,,,,,<4121311>,<2>,<self:hasBuff(4121385) and 0 or 1>,,<0>,,,
412148,,,,,,,,,,,,<4121353;4121410>,<1;1>,<1;0>,,<0;0>,412148,,
412149,,,,0,14,,,,,,,<4121389;4121418>,<1;1>,"<moreE(self:star(),11) and (self:hasBuff(4121380) and 1 or 0) or 0;self:hasBuff(4121380) and (moreE(self:star(),11) and 1 or 0) or 0>",,<0;0>,,,
412151,,,,0,11,,,,,,,<4121521>,<99>,<(target:nature(1)==14 or target:nature(2)==14 )and 1 or 0>,,<0>,,,
412152,,,,0,2,,,,,,,<4121511;4121513>,<99;99>,<(target:nature(1)==7 or target:nature(2)==7 or target:cardID()==4172 or target:cardID()==4171)and 1 or 0;(target:nature(1)==7 or target:nature(2)==7 or target:cardID()==4172 or target:cardID()==4171)and 1 or 0>,,<3500;2000>,,,
412153,,,,0,3,,,,,,,<4121512;4121514>,<99;99>,<(target:nature(1)==7 or target:nature(2)==7 )and 1 or 0;(target:nature(1)==7 or target:nature(2)==7 )and 1 or 0>,,<3500;0>,,,
412161,,,,0,14,,,,,,,<4121225;4121661;4121381>,<99;99;99>,<1;1;1>,,<0;2000;<1;1;0>>,,,
412162,,,,0,14,,,,,,,<4121641;4121651;4121671>,<99;99;99>,"<moreE(self:star(),8) and 1 or 0;1;(self:flagZ4() and 1 or 0)>",,<0;0;0>,,,
412163,,,,0,11,,,,,,,<4121661>,<99>,<(target:nature(1)==14 or target:nature(2)==14 )and (self:flagZ4() and 1 or 0) or 0>,,<2000>,,,
413111,,,,,,,,,,,,,,,,,413111,,
413112,,,,,,,,,,,,<4131111>,<3>,<self:flagZ1() and 0.45 or 0.4>,,<self:specialDamage()*0.4>,,,
413121,,,,,,,,,,,,,,,,,413121,,
413122,,,,,,,,,,,,<4131111>,<3>,<self:flagZ2() and 0.7 or 0.6>,,<self:specialDamage()*0.4>,,,
413123,,,,0,14,,,,,,,<4131121>,<2>,,,<3000>,,,
413131,,,,,4,,,,,,,,,,,,413131,,
413132,,,,,4,,,,,,,,,,,,413132,,
413133,,,,,4,,,,,,,<4131111;4131111;4131112>,<3;3;1>,"<1;moreE(self:star(),11) and 1 or 0;self:flagZ3() and lessE((target:hp()/target:hpMax()),0.3) and 1 or 0>",,<self:specialDamage()*0.4;self:specialDamage()*0.4;3000>,,,
413134,,,,0,14,,,,,,,<4131122;4131123>,<1;1>,"<moreE(self:star(),11) and 1 or 0;moreE(self:star(),11) and 1 or 0>",,<1000;3000>,,,
413135,,,,,4,,,,,,,<4131115>,<1>,,,<self:specialDamage()*0.4*target:getBuffOverlayCount(4131111)>,,,
413161,,,,0,14,,,,,,,<4131116>,<99>,,,<0>,,,
413162,,,,0,14,,,,,,,<4131120>,<99>,"<moreE(self:star(),8) and 1 or 0>",,<0>,,,
413163,,,,0,14,,,,,,,<4131124>,<99>,<self:flagZ4() and 1 or 0>,,<0>,,,
413211,,,,,,,,,,,,,,,,,413211,,
413212,,,,,,,,,,,,<4131111>,<3>,<self:flagZ1() and 0.45 or 0.4>,,<self:specialDamage()*0.4>,,,
413221,,,,,,,,,,,,,,,,,413221,,
413222,,,,,,,,,,,,<4131111>,<3>,<self:flagZ2() and 0.7 or 0.6>,,<self:specialDamage()*0.4>,,,
413223,,,,0,14,,,,,,,<4131121>,<2>,,,<3000>,,,
413231,,,,,4,,,,,,,,,,,,413231,,
413232,,,,,4,,,,,,,,,,,,413232,,
413233,,,,,4,,,,,,,<4131111;4131111;4131112>,<3;3;1>,"<1;moreE(self:star(),11) and 1 or 0;self:flagZ3() and lessE((target:hp()/target:hpMax()),0.3) and 1 or 0>",,<self:specialDamage()*0.4;self:specialDamage()*0.4;3000>,,,
413234,,,,0,14,,,,,,,<4131122;4131123>,<1;1>,"<moreE(self:star(),11) and 1 or 0;moreE(self:star(),11) and 1 or 0>",,<1000;3000>,,,
413235,,,,,4,,,,,,,<4131115>,<1>,,,<self:specialDamage()*0.4*target:getBuffOverlayCount(4131111)>,,,
413261,,,,0,14,,,,,,,<4131116>,<99>,,,<0>,,,
413262,,,,0,14,,,,,,,<4131120>,<99>,"<moreE(self:star(),8) and 1 or 0>",,<0>,,,
413263,,,,0,14,,,,,,,<4131124>,<99>,<self:flagZ4() and 1 or 0>,,<0>,,,
416101,,,,,,selfForce | nodead,"buffDiffer('id',{4161600,4161511,4161605})",,,,,,,,,,,,
416102,,,,,24,,,,,,,<4161501>,<99>,,,<0>,,,
416111,,,,,,,,,,,,,,,,,416111,,
416112,,,,0,14,,,,,,,<4161111;4161112>,<2;2>,<1;1>,,<self:damage()*0.2;1000>,,,
416113,,,,,,,,,,,,<4161113;4161011>,<2;2>,<self:hasBuff(4161682) and 1 or 0;self:flagZ1() and 0.8 or 0>,,<0;0>,,,
416121,,,,,4,,,,,,,,,,,,416121,,
416122,,,,,4,,,,,,,<4161031>,<2>,,,<0>,,,
416123,,,,0,14,,,,,,,<4161211>,<1>,,,<target:id()>,,,
416131,,,,0,14,,,,,,,<4161310;4161330;4161321>,<1;2;1>,"<1;self:hasBuff(4161330) and 0 or (moreE(self:star(),11) and (self:hasBuff(4161623) and 1 or 0) or 0);self:flagZ3() and (self:hasBuff(4161330) and 1 or 0) or 0>",,"<0;0;<list(1,0,0);1;1>>",,,
416132,,,,,,enemyForce | nodead,random(1),,,,,,,,,,416131,{needUpdateTarget=True;prob=self:hasBuff(4161330) and 0 or 1},
416133,,,,,,enemyForce | nodead,random(1),,,,,,,,,,416132,{needUpdateTarget=True;prob=self:hasBuff(4161330) and 0 or 1},
416134,,,,,,enemyForce | nodead,random(1),,,,,,,,,,416133,{needUpdateTarget=True;prob=self:hasBuff(4161330) and 0 or 1},
416135,,,,,,enemyForce | nodead,random(1),,,,,,,,,,416134,{needUpdateTarget=True;prob=self:hasBuff(4161330) and 0 or 1},
416136,,,,,,enemyForce | nodead,random(1),,,,,,,,,,416135,{needUpdateTarget=True;prob=self:hasBuff(4161330) and 0 or 1},
416137,,,,,,enemyForce | nodead,random(1),,,,,,,,,,416136,{needUpdateTarget=True;prob=self:hasBuff(4161330) and 1 or 0},
416138,,,,,,enemyForce | nodead,random(1),,,,,,,,,,416137,{needUpdateTarget=True;prob=self:hasBuff(4161330) and 1 or 0},
416139,,,,,,enemyForce | nodead,random(1),,,,,,,,,,416138,{needUpdateTarget=True;prob=self:hasBuff(4161330) and 1 or 0},
416140,,,,,,enemyForce | nodead,random(1),,,,,,,,,,416139,{needUpdateTarget=True;prob=self:hasBuff(4161330) and 1 or 0},
416141,,,,,,enemyForce | nodead,random(1),,,,,,,,,,416140,{needUpdateTarget=True;prob=self:hasBuff(4161330) and 1 or 0},
416142,,,,,,enemyForce | nodead,random(1),,,,,,,,,,416141,{needUpdateTarget=True;prob=self:hasBuff(4161330) and 1 or 0},
416143,,,,,,,,,,,,,,,,,416142,,
416144,,,,,,,,,,,,,,,,,416143,,
416145,,,,,11,,,,,,,<4161312>,"<more(random(1,3),1) and 1 or 2>","<moreE(countObjByBuff(target:force(),{4161311}),3) and 1 or 0>",,<0>,,,
416151,,,,0,14,,,,,,,<4161511>,<1>,,,<target:id()>,,,
416152,,,,,24,,,,,,,<4161521>,<99>,,,<0>,,,
416161,,,,0,14,,,,,,,<4161621;4161631;4161605;4161651;4161673>,<99;99;99;99;99>,<1;1;1;1;1>,,<0;0;0;0;0>,,,
416162,,,,0,11,,,,,,,<4161712;4161671>,<99;99>,<(target:nature(1)==5 or target:nature(2)==5 or target:nature(1)==18 or target:nature(2)==18) and 1 or 0;(target:nature(1)==5 or target:nature(2)==5 or target:nature(1)==18 or target:nature(2)==18) and (self:flagZ4() and 1 or 0) or 0>,,<0;0>,,,
416163,,,,,,selfForce | nodead,"exclude(list(csvSelf:id()))|buffDifferExclude('id',{4161605})|buffDifferExclude('group',{c.fly_oc()})|buffDiffer('id',{4161712})|setSelectAttr({""damage"",""specialDamage""},""max"")|attrWitOutFilter(""selectAttr"",""max"",(csvSelf:flagZ4() and 2 or 1))",,,,,<4161600>,<99>,"<moreE(self:star(),8) and (moreE(countObjByBuff(self:force(),{4161623}),2) and 0 or (target:cardID()==4161 and 0 or 1)) or 0>",,<0>,,,
416201,,,,,,selfForce | nodead,"buffDiffer('id',{4161600,4161511,4161606})",,,,,,,,,,,,
416202,,,,,24,,,,,,,<4161501>,<99>,,,<0>,,,
416211,,,,,,,,,,,,,,,,,416211,,
416212,,,,0,14,,,,,,,<4161111;4161112>,<2;2>,<1;1>,,<self:damage()*0.1;500>,,,
416213,,,,,,,,,,,,<4161113;4161011>,<2;2>,<self:hasBuff(4161682) and 1 or 0;self:flagZ1() and 0.6 or 0>,,<0;0>,,,
416221,,,,,4,,,,,,,,,,,,416221,,
416222,,,,,4,,,,,,,<4161031>,<2>,,,<0>,,,
416223,,,,0,14,,,,,,,<4161211>,<1>,,,<target:id()>,,,
416231,,,,0,14,,,,,,,<4161310;4161330;4161321>,<1;2;1>,"<1;self:hasBuff(4161330) and 0 or (moreE(self:star(),11) and (self:hasBuff(4161623) and 1 or 0) or 0);self:flagZ3() and (self:hasBuff(4161330) and 1 or 0) or 0>",,"<0;0;<list(1,0,0);1;1>>",,,
416232,,,,,,enemyForce | nodead,random(1),,,,,,,,,,416231,{needUpdateTarget=True;prob=self:hasBuff(4161330) and 0 or 1},
416233,,,,,,enemyForce | nodead,random(1),,,,,,,,,,416232,{needUpdateTarget=True;prob=self:hasBuff(4161330) and 0 or 1},
416234,,,,,,enemyForce | nodead,random(1),,,,,,,,,,416233,{needUpdateTarget=True;prob=self:hasBuff(4161330) and 0 or 1},
416235,,,,,,enemyForce | nodead,random(1),,,,,,,,,,416234,{needUpdateTarget=True;prob=self:hasBuff(4161330) and 0 or 1},
416236,,,,,,enemyForce | nodead,random(1),,,,,,,,,,416235,{needUpdateTarget=True;prob=self:hasBuff(4161330) and 0 or 1},
416237,,,,,,enemyForce | nodead,random(1),,,,,,,,,,416236,{needUpdateTarget=True;prob=self:hasBuff(4161330) and 1 or 0},
416238,,,,,,enemyForce | nodead,random(1),,,,,,,,,,416237,{needUpdateTarget=True;prob=self:hasBuff(4161330) and 1 or 0},
416239,,,,,,enemyForce | nodead,random(1),,,,,,,,,,416238,{needUpdateTarget=True;prob=self:hasBuff(4161330) and 1 or 0},
416240,,,,,,enemyForce | nodead,random(1),,,,,,,,,,416239,{needUpdateTarget=True;prob=self:hasBuff(4161330) and 1 or 0},
416241,,,,,,enemyForce | nodead,random(1),,,,,,,,,,416240,{needUpdateTarget=True;prob=self:hasBuff(4161330) and 1 or 0},
416242,,,,,,enemyForce | nodead,random(1),,,,,,,,,,416241,{needUpdateTarget=True;prob=self:hasBuff(4161330) and 1 or 0},
416243,,,,,,,,,,,,,,,,,416242,,
416244,,,,,,,,,,,,,,,,,416243,,
416245,,,,,11,,,,,,,<4161312>,"<more(random(1,3),1) and 1 or 2>","<moreE(countObjByBuff(target:force(),{4161311}),3) and 1 or 0>",,<0>,,,
416251,,,,0,14,,,,,,,<4161511>,<1>,,,<target:id()>,,,
416252,,,,,24,,,,,,,<4161521>,<99>,,,<0>,,,
416261,,,,0,14,,,,,,,<4161621;4161631;4161606;4161651;4161673;4161640>,<99;99;99;99;99;99>,<1;1;1;1;1;1>,,<0;0;0;0;0;0>,,,
416262,,,,0,11,,,,,,,<4161712;4161671>,<99;99>,<(target:nature(1)==5 or target:nature(2)==5 or target:nature(1)==7 or target:nature(2)==7) and 1 or 0;(target:nature(1)==5 or target:nature(2)==5 ) and (self:flagZ4() and 1 or 0) or 0>,,<0;0>,,,
416263,,,,,,selfForce | nodead,"exclude(list(csvSelf:id()))|buffDifferExclude('id',{4161605})|buffDifferExclude('group',{c.fly_oc()})|buffDiffer('id',{4161712})|setSelectAttr({""damage"",""specialDamage""},""max"")|attrWitOutFilter(""selectAttr"",""max"",(csvSelf:flagZ4() and 2 or 1))",,,,,<4161600>,<99>,"<moreE(self:star(),8) and (moreE(countObjByBuff(self:force(),{4161623}),2) and 0 or (target:cardID()==4161 and 0 or 1)) or 0>",,<0>,,,
416511,,,,,,enemyForce | nodead,"buffDiffer('id',{4161602})",,,,,<4161510;4161604>,<1;1>,<0;1>,,<0;0>,416511,,
416611,,,,,,enemyForce | nodead,"buffDiffer('id',{4161602})",,,,,<4162510;4161604>,<1;1>,<1;1>,,<0;0>,416611,,
417111,,,,,,,,,,,,,,,,,417111,,
417112,,,,0,14,,,,,,,<4171111;4171112;4171113>,<2;2;1>,<1;1;1>,,<self:defence()*0.4;2000;0>,,,
417121,,,,,,,,,,,,,,,,,417121,,
417122,,,,0,14,,,,,,,<4171121>,<1>,,,<<2;1>>,,,
417123,,,,,,selfForce | nodead,otherProcessExcept(417122)|selfBack|random(1),,,,,<4171122>,<2>,,,<0>,,,
417131,,,,,,enemyForce | nodead,frontRowRandom(1),,,,,<4171131>,<2>,,,<0>,417131,,
417132,,,,,,enemyForce | nodead,backRowRandom(1),,,,,<4171134>,<2>,,,<0>,417132,,
417133,,,,,,enemyForce | nodead,"useOtherProcess(417131,417132)",,,,,,,,,,417133,,
417134,,,,0,14,,,,,,,<4171137>,<1>,,,<0>,,,
417135,,,,,,enemyForce | nodead,otherProcessExcept(417131)|frontRowRandom(1),,,,,<4171131>,<2>,"<moreE(self:star(),11) and 1 or 0>",,<0>,,,
417136,,,,,,enemyForce | nodead,otherProcessExcept(417132)|backRowRandom(1),,,,,<4171134>,<2>,"<moreE(self:star(),11) and 1 or 0>",,<0>,,,
417141,,,,0,14,,,,,,,<4171201;4171202>,<99;99>,"<moreE(self:star(),8) and 1 or 0;moreE(self:star(),8) and 1 or 0>",,<0;0>,,,
417142,,,,,,selfForce | nodead,otherProcessExcept(417141),,,,,<4171187>,<99>,,,<0>,,,
417143,,,,,,selfForce | nodead,otherProcessExcept(417141),,,,,<4171181>,<1>,,,<<1>>,,,
417161,,,,0,14,,,,,,,<4171161;4171171;4171191;4171183;4171301>,<99;99;99;99;99>,<1;1;self:hasBuff(4171193) and 0 or 1;1;1>,,<0;0;<0;self:hpMax();0;1>;0;0>,,,
417211,,,,,,,,,,,,,,,,,417211,,
417212,,,,0,14,,,,,,,<4171111;4171112;4171113>,<2;2;1>,<1;1;1>,,<self:defence()*0.4;2000;0>,,,
417221,,,,,,,,,,,,,,,,,417221,,
417222,,,,0,14,,,,,,,<4171121>,<1>,,,<<2;1>>,,,
417223,,,,,,selfForce | nodead,otherProcessExcept(417222)|selfBack|random(1),,,,,<4171122>,<2>,,,<0>,,,
417231,,,,,,enemyForce | nodead,frontRowRandom(1),,,,,<4171131>,<2>,,,<0>,417231,,
417232,,,,,,enemyForce | nodead,backRowRandom(1),,,,,<4171134>,<2>,,,<0>,417232,,
417233,,,,,,enemyForce | nodead,"useOtherProcess(417231,417232)",,,,,,,,,,417233,,
417234,,,,0,14,,,,,,,<4171137>,<1>,,,<0>,,,
417235,,,,,,enemyForce | nodead,otherProcessExcept(417231)|frontRowRandom(1),,,,,<4171131>,<2>,"<moreE(self:star(),11) and 1 or 0>",,<0>,,,
417236,,,,,,enemyForce | nodead,otherProcessExcept(417232)|backRowRandom(1),,,,,<4171134>,<2>,"<moreE(self:star(),11) and 1 or 0>",,<0>,,,
417241,,,,0,14,,,,,,,<4171201;4171202>,<99;99>,"<moreE(self:star(),8) and 1 or 0;moreE(self:star(),8) and 1 or 0>",,<0;0>,,,
417242,,,,,,selfForce | nodead,otherProcessExcept(417241),,,,,<4171187>,<99>,,,<0>,,,
417243,,,,,,selfForce | nodead,otherProcessExcept(417241),,,,,<4171181>,<1>,,,<<1>>,,,
417261,,,,0,14,,,,,,,<4171161;4171171;4171191;4171183;4171301>,<99;99;99;99;99>,<1;1;1;1;1>,,<0;0;<0;self:hpMax();0;1>;0;0>,,,
417311,,,,,,,,,,,,,,,,,417111,,
417312,,,,0,14,,,,,,,<4171111;4171112;4171113>,<2;2;1>,<1;1;1>,,<self:defence()*0.4;2000;0>,,,
417321,,,,,,,,,,,,,,,,,417121,,
417322,,,,0,14,,,,,,,<4171121>,<1>,,,<<2;1>>,,,
417323,,,,,,selfForce | nodead,otherProcessExcept(417322)|selfBack|random(1),,,,,<4171122>,<2>,,,<0>,,,
417331,,,,,,enemyForce | nodead,frontRowRandom(1),,,,,<4171131>,<2>,,,<0>,417131,,
417332,,,,,,enemyForce | nodead,backRowRandom(1),,,,,<4171134>,<2>,,,<0>,417132,,
417333,,,,,,enemyForce | nodead,"useOtherProcess(417331,417332)",,,,,,,,,,417133,,
417334,,,,0,14,,,,,,,<4171137>,<1>,,,<0>,,,
417335,,,,,,enemyForce | nodead,otherProcessExcept(417331)|frontRowRandom(1),,,,,<4171131>,<2>,"<moreE(self:star(),11) and 1 or 0>",,<0>,,,
417336,,,,,,enemyForce | nodead,otherProcessExcept(417332)|backRowRandom(1),,,,,<4171134>,<2>,"<moreE(self:star(),11) and 1 or 0>",,<0>,,,
417341,,,,0,14,,,,,,,<4171201;4171202>,<99;99>,"<moreE(self:star(),8) and 1 or 0;moreE(self:star(),8) and 1 or 0>",,<0;0>,,,
417342,,,,,,selfForce | nodead,otherProcessExcept(417341),,,,,<4171187>,<99>,,,<0>,,,
417343,,,,,,selfForce | nodead,otherProcessExcept(417341),,,,,<4171181>,<1>,,,<<1>>,,,
417361,,,,0,14,,,,,,,<4171161;4171171;4171191;4171183;4171301>,<99;99;99;99;99>,<1;1;1;1;1>,,<0;0;<0;self:hpMax();0;1>;0;0>,,,
417411,,,,,,,,,,,,,,,,,417411,,
417412,,,,0,14,,,,,,,<4171111;4171112;4171113>,<2;2;1>,<1;1;1>,,<self:defence()*0.4;2000;0>,,,
417421,,,,,,,,,,,,,,,,,417421,,
417422,,,,0,14,,,,,,,<4171121>,<1>,,,<<2;1>>,,,
417423,,,,,,selfForce | nodead,otherProcessExcept(417422)|selfBack|random(1),,,,,<4171122>,<2>,,,<0>,,,
417431,,,,,,enemyForce | nodead,frontRowRandom(1),,,,,<4171131>,<2>,,,<0>,417431,,
417432,,,,,,enemyForce | nodead,backRowRandom(1),,,,,<4171134>,<2>,,,<0>,417432,,
417433,,,,,,enemyForce | nodead,"useOtherProcess(417431,417432)",,,,,,,,,,417433,,
417434,,,,0,14,,,,,,,<4171137>,<1>,,,<0>,,,
417435,,,,,,enemyForce | nodead,otherProcessExcept(417431)|frontRowRandom(1),,,,,<4171131>,<2>,"<moreE(self:star(),11) and 1 or 0>",,<0>,,,
417436,,,,,,enemyForce | nodead,otherProcessExcept(417432)|backRowRandom(1),,,,,<4171134>,<2>,"<moreE(self:star(),11) and 1 or 0>",,<0>,,,
417441,,,,0,14,,,,,,,<4171201;4171202>,<99;99>,"<moreE(self:star(),8) and 1 or 0;moreE(self:star(),8) and 1 or 0>",,<0;0>,,,
417442,,,,,,selfForce | nodead,otherProcessExcept(417441),,,,,<4171187>,<99>,,,<0>,,,
417443,,,,,,selfForce | nodead,otherProcessExcept(417441),,,,,<4171181>,<1>,,,<<1>>,,,
417461,,,,0,14,,,,,,,<4171161;4171171;4171337;4171183;4171301>,<99;99;99;99;99>,<1;1;1;1;1>,,<0;0;<0;self:hpMax();0;1>;0;0>,,,
417511,,,,,,,,,,,,,,,,,417511,,
417512,,,,0,14,,,,,,,<4171111;4171112;4171113>,<2;2;1>,<1;1;1>,,<self:defence()*0.4;2000;0>,,,
417521,,,,,,,,,,,,,,,,,417521,,
417522,,,,0,14,,,,,,,<4171121>,<1>,,,<<2;1>>,,,
417523,,,,,,selfForce | nodead,otherProcessExcept(417522)|selfBack|random(1),,,,,<4171122>,<2>,,,<0>,,,
417531,,,,,,enemyForce | nodead,frontRowRandom(1),,,,,<4171131>,<2>,,,<0>,417531,,
417532,,,,,,enemyForce | nodead,backRowRandom(1),,,,,<4171134>,<2>,,,<0>,417532,,
417533,,,,,,enemyForce | nodead,"useOtherProcess(417531,417532)",,,,,,,,,,417533,,
417534,,,,0,14,,,,,,,<4171137>,<1>,,,<0>,,,
417535,,,,,,enemyForce | nodead,otherProcessExcept(417531)|frontRowRandom(1),,,,,<4171131>,<2>,"<moreE(self:star(),11) and 1 or 0>",,<0>,,,
417536,,,,,,enemyForce | nodead,otherProcessExcept(417532)|backRowRandom(1),,,,,<4171134>,<2>,"<moreE(self:star(),11) and 1 or 0>",,<0>,,,
417541,,,,0,14,,,,,,,<4171201;4171202>,<99;99>,"<moreE(self:star(),8) and 1 or 0;moreE(self:star(),8) and 1 or 0>",,<0;0>,,,
417542,,,,,,selfForce | nodead,otherProcessExcept(417541),,,,,<4171187>,<99>,,,<0>,,,
417543,,,,,,selfForce | nodead,otherProcessExcept(417541),,,,,<4171181>,<1>,,,<<1>>,,,
417561,,,,0,14,,,,,,,<4171161;4171171;4171183;4171301>,<99;99;99;99;99>,<1;1;1;1>,,<0;0;0;0>,,,
417711,,,,,,,,,,,,,,,,,417711,,
417712,,,,0,14,,,,,,,<4171111;4171112;4171113>,<2;2;1>,<1;1;1>,,<self:defence()*0.4;2000;0>,,,
417721,,,,,,,,,,,,,,,,,417721,,
417722,,,,0,14,,,,,,,<4171121>,<1>,,,<<2;1>>,,,
417723,,,,,,selfForce | nodead,otherProcessExcept(417722)|selfBack|random(1),,,,,<4171122>,<2>,,,<0>,,,
417731,,,,,,enemyForce | nodead,frontRowRandom(1),,,,,<4171131>,<2>,,,<0>,417731,,
417732,,,,,,enemyForce | nodead,backRowRandom(1),,,,,<4171134>,<2>,,,<0>,417732,,
417733,,,,,,enemyForce | nodead,"useOtherProcess(417731,417732)",,,,,,,,,,417733,,
417734,,,,0,14,,,,,,,<4171137>,<1>,,,<0>,,,
417735,,,,,,enemyForce | nodead,otherProcessExcept(417731)|frontRowRandom(1),,,,,<4171131>,<2>,"<moreE(self:star(),11) and 1 or 0>",,<0>,,,
417736,,,,,,enemyForce | nodead,otherProcessExcept(417732)|backRowRandom(1),,,,,<4171134>,<2>,"<moreE(self:star(),11) and 1 or 0>",,<0>,,,
417741,,,,0,14,,,,,,,<4171201;4171202>,<99;99>,"<moreE(self:star(),8) and 1 or 0;moreE(self:star(),8) and 1 or 0>",,<0;0>,,,
417742,,,,,,selfForce | nodead,otherProcessExcept(417741),,,,,<4171187>,<99>,,,<0>,,,
417743,,,,,,selfForce | nodead,otherProcessExcept(417741),,,,,<4171181>,<1>,,,<<1>>,,,
417761,,,,0,14,,,,,,,<4171161;4171171;4171183;4171301>,<99;99;99;99;99>,<1;1;1;1>,,<0;0;0;0>,,,
500011,,,,0,14,,,,,,,<500011>,<2>,,,<self:damage()*(0.14+skillLevel*0.015-0.015)>,,,
500012,,,,0,11,,,,,,,<500012>,<99>,,,<self:hpMax()*(skillLevel*0.01+0.065)>,,,
500013,,,,0,14,,,,,,,<500013>,<2>,,,<self:specialDamage()*(0.14+skillLevel*0.015-0.015)>,,,
500014,,,,0,14,,,,,,,<500014>,<99>,,,<0>,,,
510011,,,,0,14,,,,,,,<510011>,<99>,<(12+(skillLevel-1)*3)*0.01>,,<<1;1>>,,,
510021,,,,0,14,,,,,,,<510021>,<99>,,,<1400+(skillLevel-1)*150>,,,
510031,,,,0,14,,,,,,,<510031;510032>,<99;99>,<1;1>,,<0;0>,,,
510041,,,,0,14,,,,,,,<510041>,<99>,,,<1400+(skillLevel-1)*150>,,,
510051,,,,0,14,,,,,,,<510051>,<99>,,,<0>,,,
510061,,,,,,selfForce,hpRatioMin,,,,,<510061>,<1>,,,<target:hpMax()*(7.5+(skillLevel-1)*1)*0.01>,,,
510062,,,,,,selfForce,otherProcessExcept(510061),,,,,<510062>,<1>,,,<0>,,,
510071,,,,,,enemyForce|nodead,random(1),,,,,<510032>,<1>,<0.18+((skillLv(51003) or 0)-1)*0.015>,,<0>,,,
510081,,,,0,14,,,,,,,<510081>,<99>,,,<1>,,,
510091,,,,0,14,,,,,,,<510091>,<99>,,,<1>,,,
520011,,,,0,14,,,,,,,<520011>,<99>,,,<0>,,,
520021,,,,0,14,,,,,,,<520021>,<99>,,,<0>,,,
520031,,,,0,14,,,,,,,<520031>,<99>,,,<0>,,,
520041,,,,0,14,,,,,,,<520041;520045;520040>,<99;99;99>,<1;1;1>,,<1;1;1>,,,
520051,,,,0,14,,,,,,,<520051>,<99>,,,<0>,,,
520061,,,,0,14,,,,,,,<520061;520065>,<99;99>,<1;1>,,<0;0>,,,
520071,,,,,,enemyForce()|nodead,"setSelectAttr({""damage"",""specialDamage""},""max"")|attr(""selectAttr"",""max"",1)",,,,,,,,,,,,
520072,,,,0,14,,,,,,,<520071>,<99>,,,<0>,,,
520081,,,,0,14,,,,,,,<520081;520084>,<99;99>,<1;1>,,<0;0>,,,
520091,,,,0,14,,,,,,,<520091;520095>,<99;99>,<1;1>,,<0;0>,,,
520101,,,,0,14,,,,,,,<520101;520107>,<99;99>,<1;1>,,<0;0>,,,
520111,,,,0,14,,,,,,,<520111;520112>,<99;99>,<1;1>,,<self:speed()*(12+(skillLevel-1)*1);(12+(skillLevel-1)*1)*100>,,,
520121,,,,0,14,,,,,,,<520121>,<99>,,,<(18+(skillLevel-1)*2)*100>,,,
520131,,,,0,14,,,,,,,<520131>,<99>,,,<0>,,,
520141,,,,,,enemyForce()|nodead,"buffDiffer('group',{c.groupstun_oc()})",,,,,,,,,,,,
520142,,,,,,enemyForce()|nodead,otherProcessExcept(520141)|random(1),,,,,<520141>,<1>,"<moreEqualThan(self:getBuffOverlayCount(520142),3) and 0 or (self:hasBuffGroup(c.groupstun_oc()) and (24+(skillLevel-1)*1)*0.01 or (14+(skillLevel-1)*1)*0.01)>",,<0>,,,
520151,,,,0,14,,,,,,,,,,,,,,
520152,,,,,,selfForce()|nodead,otherProcessExcept(520151),,,,,<520151>,<99>,,,<0>,,,
520161,,,,0,14,,,,,,,<520161;520165>,<99;99>,<1;(self:nature(1)==18 or self:nature(2)==18) and 1 or 0>,,<0;0>,,,
520162,,,,,,selfForce|nodead,"exclude(list(csvSelf:id()))|setSelectAttr({""specialDamage"",""damage""},""max"")|attr(""selectAttr"",""max"",1)",,,,,<520161>,<99>,,,<0>,,,
520171,,,,0,14,,,,,,,<520171>,<99>,,,<0>,,,
520181,,,,0,14,,,,,,,<520181;520184>,<99;99>,<1;1>,,<0;0>,,,
520191,,,,0,14,,,,,,,<520191>,<99>,,,<0>,,,
520201,,,,0,14,,,,,,,<520201>,<99>,,,<0>,,,
520211,,,,0,14,,,,,,,<520211;520217>,<99;99>,<1;1>,,<0;0>,,,
520221,,,,0,14,,,,,,,<520221;520231>,<99;99>,<1;1>,,<0;0>,,,
520231,,,,0,14,,,,,,,<520231>,<99>,,,<1>,,,
520241,,,,0,14,,,,,,,<520241>,<99>,,,<1>,,,
520251,,,,0,14,,,,,,,<520251;520259>,<99;99>,<1;1>,,<0;0>,,,
520261,,,,0,14,,,,,,,<520261;520268>,<99;99>,<1;1>,,<0;0>,,,
520271,,,,0,14,,,,,,,<520271;520275>,<99;99>,<1;1>,,<0;0>,,,
520281,,,,0,14,,,,,,,<540000;520281;520285>,<99;99;99>,<1;1;1>,,<1;1;2000>,,,
520291,,,,0,14,,,,,,,<520291;520293>,<99;99>,<1;1>,,<0;0>,,,
520300,,,,0,14,,,,,,,,,,,,,,
520301,,,,,,selfForce|nodead,near(),,,,,<520301;520304>,<99;99>,<1;1>,,<1;1>,,,
520302,,,,0,14,,,,,,,<520304>,<99>,,,<1>,,,
520303,,,,0,14,,,,,,,<520307>,<99>,<(target:nature(1) ==17 or target:nature(2) ==17)  and 1 or 0>,,<2000>,,,
520304,,,,0,11,,,,,,,<521310>,<99>,<(target:nature(1) ==17 or target:nature(2) ==17)  and 1 or 0>,,<1>,,,
520311,,,,0,14,,,,,,,<520310;520311>,<99;99>,<1;1>,,<1;1>,,,
520312,,,,0,11,,,,,,,<520323>,<99>,<(target:nature(1) ==16 or target:nature(2) ==16)  and 1 or 0>,,<1>,,,
520331,,,,0,14,,,,,,,<520331>,<99>,,,<1>,,,
520332,,,,,,selfForce|nodead,"exclude(list(csvSelf:id()))|attrDiffer(""natureType"", {4})|setSelectAttr({""damage"",""specialDamage""},""max"")|attr(""selectAttr"",""max"",1)",,,,,,,,,,,,
520333,,,,,,selfForce|nodead,"battleFlagDiffer('battleFlag', {2351})",,,,,,,,,,,,
520334,,,,,,selfForce|nodead,"useOtherProcess(520332,520333)",,,,,<541004>,<99>,,,<1>,,,
520335,,,,0,14,,,,,,,<541000;541008>,<99;99>,<(self:nature(1) ==4 or self:nature(2) ==4)  and 1 or 0;(self:nature(1) ==4 or self:nature(2) ==4)  and 1 or 0>,,<1;1>,,,
520341,,,,0,14,,,,,,,<520341;542001>,<99;99>,<1;1>,,<1;1>,,,
520351,,,,0,14,,,,,,,<520358;520351;520362>,<99;99;99>,<1;1;1>,,<1;1;1>,,,
520361,,,,0,14,,,,,,,<520370;520365>,<99;99>,<1;1>,,<1;1>,,,
520371,,,,0,14,,,,,,,<520375;520379;520389;520386>,<99;99;99;99>,<1;1;1;1>,,<1;1;1;1>,,,
520411,,,,0,14,,,,,,,<520411;520415>,<99;99>,<1;1>,,<1;1>,,,
520421,,,,0,14,,,,,,,<520421;520423;520427>,<99;99;99>,<1;1;1>,,<1;1;1>,,,
520431,,,,0,14,,,,,,,<520431;543000>,<99;99>,<1;1>,,<1;1>,,,
520511,,,,,14,,,,,,,<520511;520521;520531>,<99;99;99>,<1;1;1>,,<1;1;1>,,,
521011,,,,0,14,,,,,,,<521011;521020;521028>,<99;99;99>,<1;1;1>,,<1;1;1>,,,
521021,,,,0,14,,,,,,,<521121;521122;521132;521138>,<99;99;99;99>,<1;1;1;1>,,<1;1;1;1>,,,
521031,,,,0,14,,,,,,,<521201;521211;521213>,<99;99;99>,<1;1;1>,,<1;1;1>,,,
521041,,,,0,14,,,,,,,<521301;521321>,<99;99>,<1;1>,,<1;1>,,,
521042,,,,0,11,,,,,,,<521310>,<99>,<(target:nature(1) ==15 or target:nature(2) ==15)  and 1 or 0>,,<1>,,,
521051,,,,0,14,,,,,,,<521401>,<99>,,,<1>,,,
521061,,,,0,14,,,,,,,<521501>,<99>,,,<1>,,,
521071,,,,0,14,,,,,,,<521612;521601;521605>,<99;99;99>,<1;1;1>,,<1;1;1>,,,
521081,,,,0,14,,,,,,,<521721;521724>,<99;99>,<1;1>,,<1;1>,,,
521091,,,,0,14,,,,,,,<521801>,<99>,,,<1>,,,
521101,,,,0,14,,,,,,,<521920>,<99>,,,<1>,,,
521111,,,,0,14,,,,,,,<522001;522013;522014>,<99;99;99>,<1;1;1>,,<1;1;1>,,,
521121,,,,0,14,,,,,,,<522131;522134;522139>,<99;99;1>,<1;1;target:hasBuff(522142) and 0 or 1>,,<self:hp()*0.15;0;0;3200>,,,
529041,,,,0,14,,,,,,,<529041;529045;529040>,<99;99;99>,<1;1;1>,,<1;1;1>,,,
530011,,,,0,14,,,,,,,<530011;530012;530013>,<99;99;99>,<1;1;1>,,<500+(skillLevel-1)*150;500+(skillLevel-1)*150;500+(skillLevel-1)*150>,,,
530021,,,,0,14,,,,,,,<530021;530022;530023>,<99;99;99>,<1;1;1>,,<500+(skillLevel-1)*150;500+(skillLevel-1)*150;500+(skillLevel-1)*150>,,,
530031,,,,0,14,,,,,,,<530031;530032;530033>,<99;99;99>,<1;1;1>,,<500+(skillLevel-1)*150;500+(skillLevel-1)*150;500+(skillLevel-1)*150>,,,
530041,,,,0,14,,,,,,,<530041;530042;530043>,<99;99;99>,<1;1;1>,,<500+(skillLevel-1)*150;500+(skillLevel-1)*150;500+(skillLevel-1)*150>,,,
530051,,,,0,14,,,,,,,<530051;530052;530053>,<99;99;99>,<1;1;1>,,<500+(skillLevel-1)*150;500+(skillLevel-1)*150;500+(skillLevel-1)*150>,,,
530061,,,,0,14,,,,,,,<530061;530062;530063>,<99;99;99>,<1;1;1>,,<500+(skillLevel-1)*150;500+(skillLevel-1)*150;500+(skillLevel-1)*150>,,,
550051,,,,0,14,,,,,,,<550051>,<99>,,,<0>,,,
550081,,,,0,14,,,,,,,<550081>,<99>,,,<0>,,,
550101,,,,0,14,,,,,,,<550101>,<99>,,,<0>,,,
550161,,,,0,14,,,,,,,<550161>,<99>,,,<0>,,,
550171,,,,,,selfForce|nodead,"rowfront|setSelectAttr({""defence"",""specialDefence""},""max"")|attr(""selectAttr"",""max"",1)",,,,,<550175>,<99>,,,<0>,,,
550191,,,,0,14,,,,,,,<550191>,<99>,,,<0>,,,
550201,,,,0,14,,,,,,,<550201>,<99>,,,<0>,,,
550211,,,,0,14,,,,,,,<550211>,<99>,,,<0>,,,
550221,,,,0,14,,,,,,,<550221>,<99>,,,<0>,,,
550251,,,,0,14,,,,,,,<550251>,<99>,,,<1>,,,
550261,,,,0,14,,,,,,,<550261>,<99>,,,<1>,,,
550271,,,,0,14,,,,,,,<550271>,<99>,,,<1>,,,
590011,,,,0,14,,,,,,,<1010001>,<99>,,,<1000>,,,
590021,,,,0,14,,,,,,,<1010001>,<99>,,,<660>,,,
590031,,,,0,14,,,,,,,<1010001>,<99>,,,<440>,,,
590041,,,,0,14,,,,,,,<1010001>,<99>,,,<220>,,,
590051,,,,0,14,,,,,,,<1010001>,<99>,,,<800>,,,
590061,,,,0,11,,,,,,,<1010001>,<1>,,,<5000>,,,
590071,,,,0,11,,,,,,,<1010000>,<99>,,,<200>,,,
590081,,,,0,11,,,,,,,<1010020;1010021>,<99;99>,<1;1>,,"<list(list(1001,1002,1003,1004,1005,1011,1012,1013,1014,1015,1021,1022,1023,1024,1025,1201,1202,1203,1211,1212,1213,1221,1222,1223,1401,1411,1421,1431,1441,1451,1101,1102,1103,1104,1105,1111,1112,1113,1114,1115,1121,1122,1123,1124,1125,1301,1302,1303,1311,1312,1313,1321,1322,1323,1500,1501,1502,1503,1510,1511,1512,1513,1520,1521,1522,1523),(7-getForceNum(self:force()))*0.1);list(list(1501,1511,1521),99,1)>",,,
590091,,,,0,11,,,,,,,<1010007>,<1>,,,<target:speed()*1>,,,
590111,,,,0,14,,,,,,,<1010002>,<99>,,,<0.5>,,,
590121,,,,0,14,,,,,,,<1010003>,<99>,,,<0.15>,,,
590131,,,,0,14,,,,,,,<1010022>,<99>,,,<2000>,,,
590211,,,,0,14,,,,,,,<1010004>,<99>,,,<360>,,,
590221,,,,0,14,,,,,,,<1010005>,<1>,,,<<1>>,,,
590231,,,,0,14,,,,,,,<1010006>,<99>,,,<<1;self:hpMax()*0.5;self:mp1Max()>>,,,
590241,,,,0,14,,,,,,,<1010007>,<99>,,,<2000>,,,
590251,,,,0,14,,,,,,,<1010008>,<99>,,,<360>,,,
590261,,,,0,14,,,,,,,<1010009>,<99>,,,<4000>,,,
590271,,,,0,14,,,,,,,<1010010>,<99>,,,<4000>,,,
590281,,,,0,14,,,,,,,<1010011>,<99>,,,<4000>,,,
590291,,,,0,14,,,,,,,<1010012>,<99>,,,<2000>,,,
590301,,,,0,14,,,,,,,<1010013>,<99>,,,<0>,,,
590311,,,,0,20,,,,,2,,<1010014>,<99>,,,<<1;self:hpMax()*0.4;self:mp1Max()>>,,,
590321,,,,0,14,,,,,,,<1010015;1010016>,<99;99>,<1;1>,,<target:damage()*0.2;target:specialDamage()*0.2>,,,
590331,,,,0,14,,,,,,,<1010017;1010018;1010019>,<99;99;99>,<1;1;1>,,<2000;2000;2000>,,,
590341,,,,0,14,,,,,,,<1020001>,<99>,,,<<1;self:hpMax()*0.5;self:mp1Max()>>,,,
590351,,,,0,14,,,,,,,,,,,,,,
590352,,,,0,11,,,,,,,<1020019>,<1>,,,<0>,,,
590353,,,,,,selfForce,otherProcessExcept(590351)|frontRowRandom(1),,,,,<1020011>,<99>,,,<<0;1;0>>,,,
610011,,,,,11,,,,,,,<610011>,<99>,,,<0>,,,
610012,,,,0,11,,,,,,,<610011>,<99>,,,<0>,,,
610021,,,,0,11,,,,,,,<610021;610022>,<99;99>,<1;1>,,<self:damage()*0.04;self:specialDamage()*0.04>,,,
610031,,,,0,11,,,,,,,<610031;610032>,<99;99>,<1;1>,,<0;0>,,,
610041,,,,0,11,,,,,,,<610041>,<99>,,,<countHPMaxSumByForce(self:force())*0.2>,,,
610051,,,,,11,,,,,,,<610051;610052;610053>,<2;2;2>,<1;1;1>,,<-target:damage()*0.1;-target:specialDamage()*0.1;-target:speed()*0.15>,,,
610061,,,,0,11,,,,,,,<610061>,<99>,,,<0>,,,
610071,,,,,22,,,,,1,,<610071>,<1>,<0.6>,,<0>,,,
615011,,,,0,14,,,,,,,<615011>,<99>,,,"<(target:hpMax()*(0.03+(skillLevel-1)*0.002+0.01*to10(more(skillLevel  , 2))+0.01*to10(more(skillLevel  , 5))+0.01*to10(more(skillLevel  , 8))))*((getGateType() == 10 or getGateType() == 14) and 0.5 or 1)>",,,
615021,,,,0,14,,,,,,,<615021;615022>,<99;99>,<1;1>,,"<target:damage()*(0.03+(skillLevel-1)*0.002+0.01*to10(more(skillLevel  , 2))+0.01*to10(more(skillLevel  , 5))+0.01*to10(more(skillLevel  , 8)));target:specialDamage()*(0.03+(skillLevel-1)*0.002+0.01*to10(more(skillLevel  , 2))+0.01*to10(more(skillLevel  , 5))+0.01*to10(more(skillLevel  , 8)))>",,,
615031,,,,0,14,,,,,,,<615031>,<99>,,,<500+(skillLevel-1)*20+10*(skillLevel  > 2 and 1 or 0)+10*(skillLevel  > 5 and 1 or 0)+10*(skillLevel  > 8 and 1 or 0)+10*(skillLevel  > 11 and 1 or 0)>,,,
615032,,,,0,11,,,,,,,,<99;99>,"<more(skillLevel  , 2) and 1 or 0;more(skillLevel  , 5) and 1 or 0>",,"<target:damage()*(0.02+0.04*(more(skillLevel  , 8) and 1 or 0));target:specialDamage()*(0.02+0.04*(more(skillLevel  , 11) and 1 or 0))>",,,
615041,,,,0,14,,,,,,,<615041>,<99>,,,<500+(skillLevel-1)*20+10*(skillLevel  > 2 and 1 or 0)+10*(skillLevel  > 5 and 1 or 0)+10*(skillLevel  > 8 and 1 or 0)+10*(skillLevel  > 11 and 1 or 0)>,,,
615042,,,,0,11,,,,,,,,<99;99>,"<more(skillLevel  , 2) and 1 or 0;more(skillLevel  , 5) and 1 or 0>",,"<target:defence()*(0.02+0.04*(more(skillLevel  , 8) and 1 or 0));target:specialDefence()*(0.02+0.04*(more(skillLevel  , 11) and 1 or 0))>",,,
615051,,,,0,14,,,,,,,<615051>,<99>,,,<500+(skillLevel-1)*20+10*(skillLevel  > 2 and 1 or 0)+10*(skillLevel  > 5 and 1 or 0)+10*(skillLevel  > 8 and 1 or 0)+10*(skillLevel  > 11 and 1 or 0)>,,,
615061,,,,0,3,,,,,,,<615061>,<2>,,,"<(400+(skillLevel-1)*30+20*to10(more(skillLevel  , 11)))*((getGateType() == 10 or getGateType() == 14) and 0.5 or 1)>",,,
615062,,,,0,2,,,,,,,<615062>,<2>,,,"<(400+(skillLevel-1)*30+20*to10(more(skillLevel  , 5)))*((getGateType() == 10 or getGateType() == 14) and 0.5 or 1)>",,,
615071,,,,0,20,,,,,1,,<615071>,<99>,,,<0>,,,
615081,,,,0,,selfForce,hpRatioMin,,,,,<615082;615081>,<1;1>,<1;1>,,"<(600+((skillLv(61507) or 0)-1)*40+20*(more((skillLv(61507) or 0)  , 5) and 1 or 0))*((getGateType() == 10 or getGateType() == 14) and 0.5 or 1);(600+((skillLv(61507) or 0)-1)*40+20*(more((skillLv(61507) or 0)  , 11) and 1 or 0))*((getGateType() == 10 or getGateType() == 14) and 0.5 or 1)>",,,
615091,,,,0,11,,,,,,,<615091>,<99>,,,<0>,,,
615111,,,,0,11,,,,,,,<615111>,<99>,,,<0>,,,
615121,,,,0,2,,,,,,,,<2>,,,"<500+(skillLevel-1)*40+20*to10(more(skillLevel  , 5))>",,,
615122,,,,0,3,,,,,,,,<2>,,,"<500+(skillLevel-1)*40+20*to10(more(skillLevel  , 5))>",,,
615131,,,,0,11,,,,,,,,<99>,,,<0>,,,
615141,,,,,20,,,,1,,,,<2;2;2;2;2>,"<1;1;1;1;more(skillLevel  , 11) and 1 or 0>",,"<-target:damage()*(0.06+(skillLevel-1)*0.004+0.03*to10(more(skillLevel  , 5)));-target:specialDamage()*(0.06+(skillLevel-1)*0.004+0.03*to10(more(skillLevel  , 5)));-target:defence()*(0.06+(skillLevel-1)*0.004+0.03*to10(more(skillLevel  , 5)));-target:specialDefence()*(0.06+(skillLevel-1)*0.004+0.03*to10(more(skillLevel  , 5)));-target:speed()*(0.06+(skillLevel-1)*0.004+0.03*to10(more(skillLevel  , 5)))>",,,
615211,,,,0,14,,,,,,,<615211>,<99>,,,<0>,,,
615221,,,,0,14,,,,,,,<615221>,<1>,,,<0>,,,
615231,,,,0,14,,,,,,,<615231>,<1>,,,<0>,,,
615241,,,,,11,,,,,,,<615241;615242;615243>,<2;2;2>,<1;1;1>,,<-target:damage()*(0.05+(skillLevel-1)*0.005);-target:specialDamage()*(0.05+(skillLevel-1)*0.005);-target:speed()*(0.05+(skillLevel-1)*0.005)>,,,
616011,,,,0,14,,,,,,,<616011>,<99>,,,<500+((skillLv(61601) or 0)-1)*100>,,,
616021,,,,0,14,,,,,,,<616021>,<99>,,,<<0.7;0.05+((skillLv(61602) or 0)-1)*0.05>>,,,
616031,,,,0,14,,,,,,,<616031>,<99>,,,<<0.3;0.05+((skillLv(61603) or 0)-1)*0.05>>,,,
616041,,,,0,14,,,,,,,<616041>,<99>,,,<0>,,,
616051,,,,,21,,,,7,,,<616051>,<1>,,,<0>,,,
616061,,,,0,11,,,,,,,<616061;616062>,<99;99>,<0;1>,,<0;0>,,,
616062,,,,0,11,,,,,,,<616063;616064>,<99;1>,<1;1>,,<countHPMaxSumByForce(self:force())*(0.5+((skillLv(61606) or 0)-1)*0.05);0>,,,
630011,,,,0,14,,,,,,,<630011>,<99>,,,<0>,,,
630021,,,,0,14,,,,,,,<630021>,<99>,,,<250+(skillLevel-0)*70>,,,
630031,,,,0,14,,,,,,,<630031>,<99>,,,<0>,,,
630111,,,,0,14,,,,,,,<630111>,<99>,,,<self:hpMax()*(0.3+skillLevel*0.05)>,,,
630121,,,,0,14,,,,,,,<630121>,<99>,,,<0>,,,
630131,,,,0,14,,,,,,,<630131>,<99>,,,<0>,,,
630211,,,,0,14,,,,,,,<630211>,<99>,,,<0>,,,
630221,,,,0,14,,,,,,,<630221>,<99>,,,<0>,,,
630231,,,,0,14,,,,,,,<630231;630234>,<99;2>,<1;1>,,<0;(10+skillLevel*1)*0.02*self:speed()>,,,
630241,,,,0,14,,,,,,,<630241>,<1>,,,<self:Bspeed()*(0.08+skillLevel*0.08)>,,,
630251,,,,0,14,,,,,,,<630251>,<99>,<0.04+skillLevel*0.04>,,<<1;0;0>>,,,
630261,,,,0,14,,,,,,,<630261>,<99>,,,<200+skillLevel*200>,,,
650011,,,,0,14,,,,,,,<650011>,<99>,,,<0>,,,
650021,,,,0,14,,,,,,,<650021>,<99>,,,<0>,,,
650031,,,,0,14,,,,,,,<650031>,<99>,,,<0>,,,
650041,,,,0,14,,,,,,,<650041>,<99>,,,<0>,,,
650051,,,,0,14,,,,,,,<650051>,<99>,,,<0>,,,
650061,,,,0,14,,,,,,,<650061>,<99>,,,<0>,,,
650071,,,,0,14,,,,,,,<650071>,<99>,,,<0>,,,
650111,,,,0,14,,,,,,,<650111>,<99>,,,<0>,,,
650121,,,,0,14,,,,,,,<650121>,<99>,,,<0>,,,
650131,,,,0,14,,,,,,,<650131>,<99>,,,<0>,,,
650141,,,,0,14,,,,,,,<650141>,<99>,,,<0>,,,
650151,,,,0,14,,,,,,,<650151>,<99>,,,<0>,,,
650161,,,,0,14,,,,,,,<650161>,<99>,,,<0>,,,
650171,,,,0,14,,,,,,,<650151>,<99>,,,<0>,,,
650211,,,,0,14,,,,,,,<650211>,<99>,,,<200+(skillLevel-1)*15>,,,
650221,,,,0,14,,,,,,,<650221>,<99>,,,<200+(skillLevel-1)*15>,,,
650231,,,,0,14,,,,,,,<650231>,<99>,,,<200+(skillLevel-1)*15>,,,
650241,,,,0,14,,,,,,,<650241>,<99>,,,<200+(skillLevel-1)*15>,,,
650251,,,,0,14,,,,,,,<650251>,<99>,,,<200+(skillLevel-1)*15>,,,
650261,,,,0,14,,,,,,,<650261>,<99>,,,<200+(skillLevel-1)*15>,,,
650271,,,,0,14,,,,,,,<650261>,<99>,,,<200+(skillLevel-1)*15>,,,
650311,,,,0,14,,,,,,,<650311>,<1>,,,<0>,,,
650321,,,,0,14,,,,,,,<650321>,<1>,,,<0>,,,
650331,,,,0,14,,,,,,,<650331>,<99>,,,<0>,,,
650341,,,,0,14,,,,,,,<650341>,<1>,,,<0>,,,
650351,,,,0,14,,,,,,,<650351>,<99>,,,<0>,,,
650361,,,,0,14,,,,,,,<650361>,<99>,,,<0>,,,
650371,,,,0,14,,,,,,,<650311>,<1>,,,<0>,,,
660011,,,,0,14,,,,,,,<660011>,<99>,,,<1>,,,
660021,,,,0,14,,,,,,,<660021>,<99>,,,<1>,,,
660031,,,,0,14,,,,,,,<660031>,<99>,,,<1>,,,
660041,,,,0,14,,,,,,,<660041>,<99>,,,<1>,,,
660051,,,,0,14,,,,,,,<660051>,<99>,,,<1>,,,
660061,,,,0,14,,,,,,,<660061>,<99>,,,<1>,,,
660071,,,,0,14,,,,,,,<660071>,<99>,,,<1>,,,
660081,,,,0,14,,,,,,,<660081>,<99>,,,<1>,,,
660091,,,,0,14,,,,,,,<660091>,<99>,,,<1>,,,
660101,,,,0,14,,,,,,,<660101>,<99>,,,<1>,,,
660111,,,,0,14,,,,,,,<660111>,<99>,,,<<0.7;0.05>>,,,
660121,,,,0,14,,,,,,,<660121>,<99>,,,<<0.7;0.07>>,,,
660131,,,,0,14,,,,,,,<660131>,<99>,,,<<0.7;0.09>>,,,
660141,,,,0,14,,,,,,,<660141>,<99>,,,<<0.7;0.13>>,,,
660151,,,,0,14,,,,,,,<660151>,<99>,,,<<0.7;0.18>>,,,
660161,,,,0,14,,,,,,,<660161;660163>,<99;99>,<1;1>,,<1;1>,,,
660171,,,,0,14,,,,,,,<660171;660173>,<99;99>,<1;1>,,<1;1>,,,
660181,,,,0,14,,,,,,,<660181;660183>,<99;99>,<1;1>,,<1;1>,,,
660191,,,,0,14,,,,,,,<660191;660193>,<99;99>,<1;1>,,<1;1>,,,
660201,,,,0,14,,,,,,,<660201;660203>,<99;99>,<1;1>,,<1;1>,,,
660211,,,,0,14,,,,,,,<660211>,<99>,,,<1>,,,
660221,,,,0,14,,,,,,,<660221>,<99>,,,<1>,,,
660231,,,,0,14,,,,,,,<660231>,<99>,,,<1>,,,
660241,,,,0,14,,,,,,,<660241>,<99>,,,<1>,,,
660251,,,,0,14,,,,,,,<660251>,<99>,,,<1>,,,
660261,,,,0,14,,,,,,,<660261>,<99>,"<more((self:hp()/self:hpMax()),0.75) and 1 or 0>",,<400>,,,
660262,,,,,,selfForce|nodead,near|exclude(list(csvSelf:id())),,,,,<660262>,<99>,"<more((self:hp()/self:hpMax()),0.75) and 1 or 0>",,<200>,,,
660271,,,,0,14,,,,,,,<660271>,<99>,"<more((self:hp()/self:hpMax()),0.75) and 1 or 0>",,<500>,,,
660272,,,,,,selfForce|nodead,near|exclude(list(csvSelf:id())),,,,,<660272>,<99>,"<more((self:hp()/self:hpMax()),0.75) and 1 or 0>",,<250>,,,
660281,,,,0,14,,,,,,,<660281>,<99>,"<more((self:hp()/self:hpMax()),0.75) and 1 or 0>",,<600>,,,
660282,,,,,,selfForce|nodead,near|exclude(list(csvSelf:id())),,,,,<660282>,<99>,"<more((self:hp()/self:hpMax()),0.75) and 1 or 0>",,<300>,,,
660291,,,,0,14,,,,,,,<660291>,<99>,"<more((self:hp()/self:hpMax()),0.75) and 1 or 0>",,<900>,,,
660292,,,,,,selfForce|nodead,near|exclude(list(csvSelf:id())),,,,,<660292>,<99>,"<more((self:hp()/self:hpMax()),0.75) and 1 or 0>",,<350>,,,
660301,,,,0,14,,,,,,,<660301>,<99>,"<more((self:hp()/self:hpMax()),0.75) and 1 or 0>",,<1200>,,,
660302,,,,,,selfForce|nodead,near|exclude(list(csvSelf:id())),,,,,<660302>,<99>,"<more((self:hp()/self:hpMax()),0.75) and 1 or 0>",,<400>,,,
660311,,,,0,14,,,,,,,<660311>,<99>,,,<1>,,,
660321,,,,0,14,,,,,,,<660321>,<99>,,,<1>,,,
660331,,,,0,14,,,,,,,<660331>,<99>,,,<1>,,,
660341,,,,0,14,,,,,,,<660341>,<99>,,,<1>,,,
660351,,,,0,14,,,,,,,<660351>,<99>,,,<1>,,,
660361,,,,0,14,,,,,,,<660361>,<99>,,,<1>,,,
660371,,,,0,14,,,,,,,<660371>,<99>,,,<1>,,,
660381,,,,0,14,,,,,,,<660381>,<99>,,,<1>,,,
660391,,,,0,14,,,,,,,<660391>,<99>,,,<1>,,,
660401,,,,0,14,,,,,,,<660401>,<99>,,,<1>,,,
660411,,,,0,14,,,,,,,<660411>,<99>,,,<1>,,,
660421,,,,0,14,,,,,,,<660421>,<99>,,,<1>,,,
660431,,,,0,14,,,,,,,<660431>,<99>,,,<1>,,,
660441,,,,0,14,,,,,,,<660441>,<99>,,,<1>,,,
660451,,,,0,14,,,,,,,<660451>,<99>,,,<1>,,,
700011,,,,0,14,,,,,,,<700011>,<99>,,,<200>,,,
700021,,,,0,14,,,,,,,<700021>,<99>,,,<200>,,,
700031,,,,0,14,,,,,,,<700031>,<99>,,,<200>,,,
700041,,,,0,14,,,,,,,<700041>,<99>,,,<200>,,,
700051,,,,0,14,,,,,,,<700051;700052>,<99;99>,<1;1>,,<self:damage()*0.03;self:specialDamage()*0.03>,,,
700061,,,,0,14,,,,,,,<700061>,<99>,,,<500>,,,
700071,,,,0,14,,,,,,,<700071>,<99>,,,<target:Bspeed()*0.01>,,,
700081,,,,0,14,,,,,,,<700081>,<99>,,,<200>,,,
700091,,,,0,14,,,,,,,<700091;700092>,<99;99>,<1;1>,,<200;200>,,,
700101,,,,0,14,,,,,,,<700101>,<99>,,,<200>,,,
700111,,,,0,14,,,,,,,<700111>,<99>,,,<200>,,,
700121,,,,0,14,,,,,,,<700121>,<99>,,,<200>,,,
700131,,,,0,14,,,,,,,<700131>,<99>,,,<200>,,,
700141,,,,0,14,,,,,,,<700141>,<99>,,,<200>,,,
700151,,,,0,14,,,,,,,<700151>,<99>,,,<200>,,,
700161,,,,0,14,,,,,,,<700161>,<99>,,,<200>,,,
700171,,,,0,14,,,,,,,<700171>,<99>,,,<200>,,,
700181,,,,0,14,,,,,,,<700181>,<99>,,,<self:hpMax()*0.03>,,,
700191,,,,0,14,,,,,,,<700191>,<99>,,,<100>,,,
700201,,,,0,14,,,,,,,<700201;700202>,<99;99>,<1;1>,,<self:defence()*0.02;self:specialDefence()*0.02>,,,
700211,,,,0,14,,,,,,,<700211>,<99>,,,<200>,,,
700221,,,,0,14,,,,,,,<700221>,<99>,,,<200>,,,
700231,,,,0,14,,,,,,,<700231>,<99>,,,<200>,,,
700241,,,,0,14,,,,,,,<700241;700242>,<99;99>,<1;1>,,<200;200>,,,
700251,,,,0,14,,,,,,,<700251;700252>,<99;99>,<1;1>,,<self:specialDamage()*0.03;200>,,,
700261,,,,0,14,,,,,,,<700261;700262>,<99;99>,<1;1>,,<self:damage()*0.03;200>,,,
700271,,,,0,14,,,,,,,<700271;700272>,<99;99>,<1;1>,,<200;200>,,,
700281,,,,0,14,,,,,,,<700281;700282>,<99;99>,<1;1>,,<self:hpMax()*0.02;100>,,,
700291,,,,0,14,,,,,,,<700291;700292>,<99;99>,<1;1>,,<self:hpMax()*0.02;100>,,,
700301,,,,0,14,,,,,,,<700301;700302>,<99;99>,<1;1>,,<self:hpMax()*0.02;self:defence()*0.02>,,,
700311,,,,0,14,,,,,,,<700311;700312>,<99;99>,<1;1>,,<self:hpMax()*0.02;self:specialDefence()*0.02>,,,
700321,,,,0,14,,,,,,,<700321;700322>,<99;99>,<1;1>,,<self:hpMax()*0.02;100>,,,
700331,,,,0,14,,,,,,,<700331;700332>,<99;99>,<1;1>,,<self:hpMax()*0.02;100>,,,
700381,,,,0,14,,,,,,,<700381;700382>,<99;99>,<1;1>,,<100;100>,,,
705111,,,,,,,,,,,,<7051121>,<2>,,,<1>,705111,,
705112,,,,0,14,,,,,,,<7051111>,<2>,,,<self:flagZ1() and self:specialDamage()*0.5 or self:specialDamage()*0.3>,,,
705113,,,,,,selfForce|nodead,"battleFlagDiffer('battleFlag', {997051})",,,,,<7051151>,<2>,<self:flagZ1() and 1 or 0>,,<2000>,,,
705121,,,,,4,,,,,,,<7051221>,<1>,,,<0>,705121,,
705122,,,,0,14,,,,,,,<7051222>,<2>,,,<0>,,,
705123,,,,,,selfForce,"battleFlagDiffer('battleFlag', {997051})",,,,,<7051226>,<2>,<self:flagZ2() and 1 or 0>,,"<<list(1,1,1);1;1>>",,,
705131,,,,,,,,,,,,,,,,,705131,,
705132,,,,,,enemyForce | nodead,random(3),,,,,<7051321;7051322;7051323;1396131;7051324;7051331>,<2;2;2;2;2;2>,"<1;1;1;moreE(self:star(),11) and 1 or 0;self:flagZ3() and 1 or 0;self:flagZ3() and 1 or 0>",,<0;-target:defence() * 0.2;-target:specialDefence() * 0.2;0;0;0>,705132,,
705133,,,,0,14,,,,,,,<7051327>,<1>,"<moreE(self:star(),11) and 1 or 0>",,"<<list(1,0,0);1;1;1>>",,,
705134,,,,,11,,,,,,,<7051121>,<2>,"<moreE(self:star(),11) and 1 or 0>",,<1>,,,
705135,,,,,11,,,,,,,<7051328>,<1>,"<target:hasBuffGroup(23,36) and 1 or 0>",,<0>,,,
705151,,,,0,14,,,,,,,<7051621;7051631>,<99;99>,"<1;moreE(self:star(),8) and 1 or 0>",,<1;1>,,,
705152,,,,,11,,,,,,,<1801128>,<2>,,,"<list(23,36)>",,,
705153,,,,,,selfForce|nodead,"battleFlagDiffer('battleFlag', {997051})",,,,,<3261139;4024111;4024112;2891318>,<99;99;99;99>,<self:flagZ4() and 1 or 0;1;1;1>,,<0;self:hpMax()*0.3;5000;5000>,,,
705154,,,,0,11,,,,,,,<1396141;1396142;1396143>,<99;99;99>,<((target:cardID() == 631) or (target:cardID() == 2391)) and 1 or 0;((target:cardID() == 631) or (target:cardID() == 2391)) and 1 or 0;((target:cardID() == 631) or (target:cardID() == 2391)) and 1 or 0>,,"<<-1;11>;<0;list(-1,11,-1,-1)>;5000>",,,
705161,,,,0,14,,,,,,,<7051611>,<99>,,,<1>,,,
705162,,,,,20,,,,,1,,<7051615>,<1>,,,<0>,,,
705163,,,,,20,,,,,1,,<7051640>,<1>,"<(countObjByNature(self:force(),1,11)+countObjByNature(self:force(),2,11))*((getNowRound()==1) and 0.1 or 0)+0.17+skillLevel*0.003-0.003>",,<0>,,,
705164,,,,,,enemyForce|nodead,otherProcessExcept(705163)|random(1),,,,,<7051640>,<1>,"<(countObjByNature(self:force(),1,11)+countObjByNature(self:force(),2,11))*((getNowRound()==1) and 0.1 or 0)+0.47>",,<0>,,,
705211,,,,,,,,,,,,<7052111;7052112;7052113>,<2;2;2>,<1;target:hasBuffGroup(1502) and 1 or 0;target:hasBuff(7052112) and 1 or 0>,,<self:damage() * 1;self:damage() * 2;1>,705211,,
705221,,,,,,,,,,,,,,,,,705221,,
780011,,,,0,14,,,,,,,<78001;78005>,<1;99>,<1;1>,,<10000;self:BhpMax()*0.3>,,,
780021,,,,0,14,,,,,,,<78002>,<99>,,,<2>,,,
780031,,,,0,14,,,,,,,<78003;78005>,<99;99>,<1;1>,,<10000;self:BhpMax()*0.3>,,,
780041,,,,0,14,,,,,,,<78004>,<99>,,,<3000>,,,
800011,,,,0,14,,,,,,,<800011>,<99>,,,<0>,,,
800021,,,,0,14,,,,,,,<800021>,<99>,,,<0>,,,
800031,,,,0,14,,,,,,,<800031>,<99>,,,<-(self:lostHp())*0.05>,,,
800041,,,,,11,,,,,,,<800041>,<99>,,,<0>,,,
800051,,,,0,14,,,,,,,<800051;800052>,<99;99>,<1;1>,,"<math.max(self:specialDefence(),self:defence())*0.3;math.max(self:specialDefence(),self:defence())*0.3>",,,
800061,,,,0,14,,,,,,,<800061>,<99>,,,<0>,,,
800071,,,,0,14,,,,,,,<800071>,<99>,,,<0>,,,
800081,,,,0,14,,,,,,,<800081>,<99>,,,<0>,,,
800091,,,,0,14,,,,,,,<800091>,<99>,,,<0>,,,
800101,,,,0,14,,,,,,,<800101>,<99>,,,<0>,,,
800111,,,,0,14,,,,,,,<800111>,<99>,,,<0>,,,
800121,,,,0,14,,,,,,,<800121;800122;800123;800124;800126;800127;800128;800129;800130>,<99;99;99;99;99;99;99;99;99>,<1;1;1;1;1;1;1;1;1>,,<0;0;0;0;0;0;0;0;0>,,,
800131,,,,0,14,,,,,,,<800131>,<1>,,,<0>,,,
800141,,,,0,11,,,,,,,<800141>,<99>,,,<0>,,,
800142,,,,,11,,,,,,,<800141>,<99>,,,<0>,,,
800151,,,,0,14,,,,,,,<800151>,<99>,,,<0>,,,
800161,,,,0,14,,,,,,,<800161>,<1>,,,<100>,,,
800171,,,,0,14,,,,,,,<800171>,<99>,,,<100>,,,
800181,,,,0,14,,,,,,,<800181>,<99>,,,<100>,,,
800191,,,,0,14,,,,,,,<800191;800192>,<99;99>,<1;1>,,<target:specialDamage()*0.05*getNatureCount(self:force());target:damage()*0.05*getNatureCount(self:force())>,,,
800201,,,,,,selfForce|nodead,random(1),,,,,<800201;800202>,<99;99>,<1;1>,,<target:specialDamage()*0.2;target:damage()*0.2>,,,
800211,,,,0,14,,,,,,,<800211;800212>,<99;99>,<1;1>,,<target:specialDamage()*0.05;target:damage()*0.05>,,,
800221,,,,0,14,,,,,,,<800221;800222>,<99;99>,<1;1>,,<500;500>,,,
800231,,,,0,14,,,,,,,<800231>,<99>,,,<self:AspecialDamage()*0.5>,,,
800241,,,,0,14,,,,,,,<800241;800242>,<99;99>,<1;1>,,<2000;0>,,,
800251,,,,0,14,,,,,,,<800251>,<99>,,,<self:Adamage()*0.5>,,,
800261,,,,0,14,,,,,,,<800261>,<99>,,,<0>,,,
800271,,,,0,14,,,,,,,<800271>,<99>,,,<0>,,,
800281,,,,0,14,,,,,,,<800281>,<99>,,,<0>,,,
800291,,,,,11,,,,,,,<800291>,<99>,"<target:hasBuffGroup(1500,1510,1520) and 1 or 0>",,"<target:sumBuffLifeRoundByGroup(1500,1510,1520)*target:sumBuffOverlayByGroup(1500,1510,1520) * self:specialDamage()*0.4>",,,
800301,,,,0,14,,,,,,,<800303>,<99>,"<target:hasBuffGroup(10002,21,22,23,24,25,1500) and 1 or 0;target:hasBuffGroup(10002,21,22,23,24,25,1500) and 1 or 0>",,<0>,,,
800311,,,,,,,,,,,,,,,,,800311,,
800312,,,,,,,,,,,,<8003112>,<2>,,,<0>,,,
800313,,,,,,,,,,,,<8003113>,<1>,,,<0>,,,
800321,,,,,,,,,,,,,,,,,800321,,
800322,,,,,,,,,,,,<800322>,<1>,,,<0>,,,
800323,,,,,,,,,,,,<800323>,<2>,,,<0>,,,
800324,,,,0,14,,,,,,,<800324>,<1>,,,<1;1;1>,,,
800331,,,,,11,,,,,,,,,,,,800331,,
800341,,,,0,14,,,,,,,<800341>,<99>,,,<0>,,,
800351,,,,0,14,,,,,,,<800351>,<99>,,,<0>,,,
800361,,,,,11,selfForce|nodead,,,,,,<8003611;8003614>,<2;2>,"<1;moreEqualThan(self:star(),8) and 1 or 0>",,<1;1500>,,,
800362,,,,0,14,,,,,,,<8003612>,<99>,,,<0>,,,
800363,,,,,11,enemyForce|nodead,,,,,,<8003615>,<99>,,,<0>,,,
800364,,,,0,14,,,,,,,<8003616>,<99>,"<moreEqualThan(self:star(),8) and (moreThan(self:hp()/self:hpMax(),0.4) and 1 or 0) or 0>",,<0>,,,
800365,,,,0,14,,,,,,,<8003618;24121;24122>,<99;99;99>,"<moreEqualThan(self:star(),8) and (moreThan(self:hp()/self:hpMax(),0.4) and 1 or 0) or 0;1;1>",,<0;self:defence()*0.3;self:specialDefence()*0.3>,,,
800371,,,,0,14,,,,,,,<800371>,<99>,,,<0>,,,
800381,,,,0,14,,,,,,,<800381;800382>,<2;2>,<1;1>,,<target:damage();target:specialDamage()>,,,
800391,,,,0,,selfForce,"attr(""speed"", 'max',1)",,,,,<800391>,<1>,,,<1>,,,
800401,,,,,11,,,,,,,<800401>,<1>,<0.15>,,<target:hpMax()*0.5>,,,
800411,,,,,,,,,,,,,,,,,800411,,
800412,,,,,,,,,,,,<8004111;8004213>,<2;2>,<1;self:flagZ1() and 1 or 0>,,<0;target:hpMax()*0.08>,,,
800421,,,,,,,,,,,,,,,,,800421,,
800422,,,,,,,,,,,,<8004213;8004313>,<2;2>,<1;self:flagZ2() and 1 or 0>,,<target:hpMax()*0.08;-5000>,,,
800423,,,,,,,,,,,,<8004212>,<2>,,,<0>,,,
800431,,,,,4,,,,,,,,,,,,800431,,
800432,,,,,4,,,,,,,<8004312;8004313>,<2;2>,<1;1>,,<-target:defence()*0.3;-5000>,,,
800433,,,,0,14,,,,,,,<8004318>,<1>,"<moreEqualThan(self:star(),11) and 1 or 0>",,<0>,,,
800434,,,,0,14,,,,,,,<8004320>,<2>,"<moreEqualThan(self:star(),11) and 1 or 0>",,<0>,,,
800435,,,,0,14,,,,,,,<8004317>,<2>,,,<0>,,,
800436,,,,,4,,,,,,,<8004213>,<2>,<self:flagZ3() and 1 or 0>,,<target:hpMax()*0.08>,,,
800441,,,,0,14,,,,,,,<800441;800442;800443>,<99;99;99>,<1;1;1>,,<self:defence()*0.05;self:specialDefence()*0.05;500>,,,
800451,,,,0,14,,,,,,,<800451>,<99>,,,<0>,,,
800461,,,,0,14,,,,,,,<8004413>,<2>,"<lessE(self:hp()/self:hpMax(),0.4) and 1 or 0>",,<0>,,,
800462,,,,0,14,,,,,,,<8004416>,<99>,,,<0>,,,
800463,,,,0,14,,,,,,,<8004415>,<2>,"<lessE(self:hp()/self:hpMax(),0.4) and 1 or 0>",,<0>,,,
800464,,,,0,14,,,,,,,<8004419>,<1>,"<moreEqualThan(self:star(),8) and (moreThan(self:hp()/self:hpMax(),0.4) and 1 or 0) or 0>",,<0>,,,
800471,,,,0,14,,,,,,,<800471>,<99>,,,<<1;self:hpMax()*0.5;self:mp1Max()>>,,,
800481,,,,,20,,,,,1,,,,,,,,,
800482,,,,,,enemyForce|nodead,otherProcessExcept(800481)|random(1),,,,,<800481>,<1>,<0.25>,,<0>,,,
800491,,,,0,14,,,,,,,<800491>,<99>,,,<2000>,,,
800501,,,,,,selfForce|nodead,"attr(""damage"",""max"",1)",,,,,<800501>,<3>,,,<0>,,,
800511,,,,0,,selfForce,"buffDiffer('group',{1500,1501,1502})",,,,,<800511>,<99>,,,<0.15>,,,
800521,,,,,11,,,,,,,<800521>,<2>,,,<0>,,,
800531,,,,,11,,,,,,,<800531>,<1>,,,<1>,,,
800541,,,,0,14,,,,,,,<800541>,<1>,,,"<50*countNatureTypeCount(self:force(),1)>",,,
800551,,,,0,14,,,,,,,<800551>,<1>,"<less(getNatureCount(self:force()) , 3) and 1 or 0>",,<500>,,,
800561,,,,0,14,,,,,,,<800561>,<99>,,,<10000>,,,
800571,,,,0,14,,,,,,,<800571>,<1>,,,<1000>,,,
800581,,,,0,14,,,,,,,<800581>,<2>,"<more(target:lostHp(),0) and 1 or 0>",,<target:lostHp()>,,,
800591,,,,0,14,,,,,,,<800591>,<1>,"<moreThan(math.floor((target:lostHp())/target:hpMax()*10),1)and 1 or 0>",,<math.floor((target:lostHp())/target:hpMax()*10)*800>,,,
800601,,,,,11,,,,,,,<800601>,<1>,,,<-99999>,,,
800611,,,,0,14,,,,,,,<800611>,<99>,,,<0>,,,
800621,,,,0,14,,,,,,,<800621>,<1>,,,<(target:lostHp())*0.15>,,,
800631,,,,0,14,,,,,,,<800631>,<99>,,,<0>,,,
800641,,,,,21,,,,7,,,<800641>,<1>,,,<0>,,,
800651,,,,0,14,,,,,,,<800651>,<99>,,,<0>,,,
800661,,,,0,14,,,,,,,<800661>,<99>,,,<2000>,,,
800671,,,,0,14,,,,,,,<800671>,<99>,,,<0>,,,
800681,,,,,11,,,,,,,<800681>,<1>,"<lessThan(target:hp()/target:hpMax(),0.1) and 1 or 0>",,<999999999>,,,
800691,,,,0,11,,,,,,,<800691>,<1>,,,<target:speed()*0.2>,,,
800701,,,,0,11,,,,,,,<800701>,<99>,,,<getNatureCount(self:force())*target:speed()*0.04>,,,
800711,,,,0,2,,,,,,,<800711>,<99>,,,<5000>,,,
800721,,,,,11,,,,,,,<800721>,<99>,,,<-target:hpMax()*0.1>,,,
800731,,,,0,14,,,,,,,<800731>,<99>,,,<0>,,,
800741,,,,,11,,,,,,,<800741>,<99>,,,<0>,,,
800751,,,,0,14,,,,,,,<800751>,<99>,,,<0>,,,
800761,,,,0,14,,,,,,,<800761>,<99>,,,<0>,,,
800771,,,,0,14,,,,,,,<800771>,<99>,,,<0>,,,
800781,,,,0,14,,,,,,,<800781;800782>,<99;99>,<1;1>,,<0;0>,,,
800791,,,,,11,,,,,,,<800791>,<1>,,,"<math.max(getdamage(self:force(),1),getspecialDamage(self:force(),1))*0.2>",,,
800801,,,,0,23,,,,13,,,<800801>,<99>,,,"<gethpMax(self:force(),1)>",,,
800811,,,,0,11,,,,,,,<800811;800812;800813;800814;800815;800816;800817;800818;800819;800820;800821;800822>,<99;99;99;99;99;99;99;99;99;99;99;99>,<1;1;1;1;1;1;1;1;1;1;1;1>,,"<list(list(1500),1);list(list(1510),1);list(list(1520),1);list(list(1501),1);list(list(1502),1);list(list(1503),1);list(list(1511),1);list(list(1512),1);list(list(1513),1);list(list(1521),1);list(list(1522),1);list(list(1523),1)>",,,
800821,,,,0,14,,,,,,,<800825;800826>,<1;1>,<1;1>,,<10000;-2000>,,,
800831,,,,0,14,,,,,,,<800831>,<99>,,,<1>,,,
800841,,,,0,14,,,,,,,<800841>,<99>,,,<1>,,,
800851,,,,0,14,,,,,,,<800851>,<99>,,,<1>,,,
800861,,,,0,14,,,,,,,<800861>,<99>,,,<200>,,,
800871,,,,0,14,,,,,,,<800871;800872>,<99;99>,<1;1>,,<1;1>,,,
800881,,,,0,14,,,,,,,<800881>,<99>,,,<1>,,,
800891,,,,0,14,,,,,,,<800891>,<99>,,,<1>,,,
800901,,,,0,14,,,,,,,<800901>,<99>,,,<1>,,,
800911,,,,0,14,,,,,,,<800911>,<99>,,,<1>,,,
800921,,,,0,14,,,,,,,<800921>,<99>,,,<1>,,,
800931,,,,0,14,,,,,,,<800931>,<99>,,,<1>,,,
800941,,,,0,14,,,,,,,<800941>,<99>,,,<1>,,,
800951,,,,0,14,,,,,,,<800951>,<99>,,,<1>,,,
800952,,,,2,11,,,,,,,<800954>,<99>,,,<1>,,,
800961,,,,0,14,,,,,,,<800961>,<99>,,,<1>,,,
800962,,,,2,11,,,,,,,<800963>,<99>,,,<1>,,,
800971,,,,0,14,,,,,,,<800971>,<99>,,,<1>,,,
800981,,,,0,14,,,,,,,<800981>,<99>,,,<1>,,,
800991,,,,0,14,,,,,,,<800991>,<99>,,,<1>,,,
801001,,,,0,14,,,,,,,<801001>,<99>,,,<1>,,,
801021,,,,0,14,,,,,,,<801021>,<99>,,,<<0.7;0.3>>,,,
801031,,,,0,14,,,,,,,<801031>,<99>,,,<<0.3;0.4>>,,,
801041,,,,0,14,,,,,,,<801041;801042;801043>,<99;99;99>,<1;1;1>,,<self:suckBlood()*30000;1;1>,,,
801051,,,,0,14,,,,,,,<801051;801052>,<99;99>,<99;99>,,<self:suckBlood()*3*self:speed();0>,,,
801061,,,,0,14,,,,,,,<801061;801064>,<99;99>,<99;99>,,<0;0>,,,
801071,,,,0,14,,,,,,,<801071;801073>,<99;99>,<1;1>,,<0;0>,,,
801081,,,,0,14,,,,,,,<801081;801083>,<99;99>,<1;1>,,<0;0>,,,
801111,,,,,,,,,2,,,,,,,,801111,,
801112,,,,0,14,,,,,,,<9011;9012>,<self:flagZ1() and 3 or 2;1>,<1;1>,,<self:flagZ1() and 3000 or 2000;0>,,,
801121,,,,,,,,,,,,,,,,,801121,,
801122,,,,0,14,,,,,,,<9022>,<2>,,,<0>,,,
801123,,,,,,,random(1),,,,,<9023>,<1>,,,<0>,,,
801131,,,,,4,,,,,,,,,,,,801131,,
801132,,,,,4,,,,,,,,,,,,,,
801133,,,,,4,,,,,,,<9031;9032>,"<self:flagZ3() and 3 or 2;moreThan(ymrand.random(0,2),1) and 1 or 2>",<1;target:hasBuffGroup(5003) and (self:flagZ3() and 0.6 or 0.5) or 0>,,<1;1>,,,
801134,,,,,11,,,,,,,<9033>,<3>,,,<1>,,,
801135,,,,0,14,,,,,,,<9034>,<1>,"<moreEqualThan(self:star(),11) and 1 or 0>",,<self:damage()*0.2>,,,
801141,,,,0,14,,,,,,,<9047>,<99>,,,<0>,,,
801142,,,,0,14,,,,,,,<9045>,<2>,,,<0>,,,
801143,,,,0,14,,,,,,,<9046>,<1>,"<lessE(self:hp()/self:hpMax(),0.3) and 1 or 0>",,<0>,,,
801144,,,,0,14,,,,,100,,<9048>,<1>,"<moreEqualThan(self:star(),8) and 1 or 0>",,<self:damage()*0.3>,,,
801211,,,,,,,,,,,,<9105>,<2>,,,<1>,,,
801212,,,,0,14,,,,,,,<9106>,<2>,,,<self:damage()*0.2>,,,
801213,,,,,,,,,,,,,,,,,801213,,
801221,,,,,,,,,,,,,,,,,801221,,
801222,,,,0,14,,,,,,,<9203>,<1>,,,<self:hp()*0.05>,,,
801223,,,,0,14,,,,,,,<9204>,<2>,,,"<<1;moreEqualThan(self:star(),11) and 0.02 or 0.0142;moreEqualThan(self:star(),11) and 0.6 or 0.7>>",,,
801224,,,,,4,,,,,,,<9205>,<2>,,,<(self:lostHp())*(self:flagZ3() and 0.18 or 0.12)>,,,
801231,,,,,11,enemyForce|nodead,,,,,,,,,,,801231,,
801232,,,,,11,enemyForce|nodead,random(2),,,,,<9306>,<1>,,,<0>,,,
801233,,,,,11,enemyForce|nodead,,,,,,<9309>,<1>,<0.6>,,<0>,,,
801234,,,,,11,enemyForce|nodead,,,,,,<9310>,<2>,"<(moreE(countObjByBuff(target:force(),{9312}),4) and 0 or 1)>",,<0>,,,
801235,,,,0,14,,,,,,,<9311>,<1>,"<(moreE(countObjByBuff(target:force(),{9312}),4) and (moreE(self:star(),11)) and 0 or 1)>",,<0>,,,
801241,,,,0,14,,,,,,,<9403;9409;2013;9410;9412>,<1;1;99;99;99>,"<1;lessE(self:hp()/self:hpMax(),0.4) and 1 or 0;moreE(self:star(),8) and 1 or 0;moreE(self:star(),8) and 1 or 0;0.6>",,<1500;0;self:defence()*0.3;self:specialDefence()*0.3;0>,,,
801242,,,,0,11,enemyForce|nodead,,,,,,<9312>,<99>,,,<0>,,,
801243,,,,,,,,,,,,,,,,,,,
810011,,,,0,14,,,,,,,<810011;810013>,<99;99>,<1;1>,,<0;0>,,,
810021,,,,0,14,,,,,,,<810021;810022>,<99;99>,<1;1>,,<0;0>,,,
810031,,,,0,14,,,,,,,<810031;810032>,<99;99>,<1;1>,,<0;0>,,,
810041,,,,0,14,,,,,,,<810041;810042>,<99;99>,<1;1>,,<0;0>,,,
810051,,,,0,14,,,,,,,<810051;810052>,<99;99>,<1;1>,,<0;0>,,,
810061,,,,0,14,,,,,,,<810061;810062>,<99;99>,<1;1>,,<0;0>,,,
810071,,,,0,14,,,,,,,<810071;810072>,<99;99>,<1;1>,,<0;0>,,,
810081,,,,0,14,,,,,,,<810081;810082>,<99;99>,<1;1>,,<0;0>,,,
810091,,,,0,14,,,,,,,<810091;810092>,<99;99>,<1;1>,,<0;0>,,,
810101,,,,0,14,,,,,,,<810101;810102>,<99;99>,<1;1>,,<0;0>,,,
810111,,,,0,14,,,,,,,<810111;810113>,<99;99>,<1;1>,,<0;0>,,,
810121,,,,0,14,,,,,,,<810121;810122>,<99;99>,<1;1>,,<0;0>,,,
810131,,,,0,14,,,,,,,<810131;810132>,<99;99>,<1;1>,,<0;0>,,,
810141,,,,0,14,,,,,,,<810141;810142>,<99;99>,<1;1>,,<0;0>,,,
810151,,,,0,14,,,,,,,<810151;810152>,<99;99>,<1;1>,,<0;0>,,,
810161,,,,0,14,,,,,,,<810161;810162>,<99;99>,<1;1>,,<0;0>,,,
810171,,,,0,14,,,,,,,<810171;810172>,<99;99>,<1;1>,,<0;0>,,,
810181,,,,0,14,,,,,,,<810181;810182>,<99;99>,<1;1>,,<0;0>,,,
810191,,,,0,14,,,,,,,<810191;810192>,<99;99>,<1;1>,,<0;0>,,,
810201,,,,0,14,,,,,,,<810201;810202>,<99;99>,<1;1>,,<0;0>,,,
810211,,,,0,14,,,,,,,<810211;810212>,<99;99>,<1;1>,,<0;0>,,,
810221,,,,0,14,,,,,,,<810221;810222>,<99;99>,<1;1>,,<0;0>,,,
810231,,,,0,14,,,,,,,<810231;810232>,<99;99>,<1;1>,,<0;0>,,,
810241,,,,0,14,,,,,,,<810241;810242>,<99;99>,<1;1>,,<0;0>,,,
810251,,,,0,14,,,,,,,<810251;810252>,<99;99>,<1;1>,,<0;0>,,,
810261,,,,0,14,,,,,,,<810261;810262>,<99;99>,<1;1>,,<0;0>,,,
810271,,,,0,14,,,,,,,<810271;810272>,<99;99>,<1;1>,,<0;0>,,,
810281,,,,0,14,,,,,,,<810281;810282>,<99;99>,<1;1>,,<0;0>,,,
810291,,,,0,14,,,,,,,<810291;810292>,<99;99>,<1;1>,,<0;0>,,,
810301,,,,0,14,,,,,,,<810301;810302>,<99;99>,<1;1>,,<0;0>,,,
810311,,,,0,14,,,,,,,<810311;810312>,<99;99>,<1;1>,,<0;0>,,,
810321,,,,0,14,,,,,,,<810321;810322>,<99;99>,<1;1>,,<0;0>,,,
810331,,,,0,14,,,,,,,<810331;810332>,<99;99>,<1;1>,,<0;0>,,,
811011,,,,0,14,,,,,,,<811011;811012>,<99;99>,<1;1>,,<0;0>,,,
811021,,,,0,14,,,,,,,<811021;811022>,<99;99>,<1;1>,,<0;0>,,,
811031,,,,0,14,,,,,,,<811031;811032>,<99;99>,<1;1>,,<0;0>,,,
811041,,,,0,14,,,,,,,<811041;811042>,<99;99>,<1;1>,,<0;0>,,,
811051,,,,0,14,,,,,,,<811051>,<99>,,,<0>,,,
811061,,,,0,14,,,,,,,<811061;811062>,<99;99>,<1;1>,,<0;0>,,,
811071,,,,0,14,,,,,,,<811071;811072>,<99;99>,<1;1>,,<0;0>,,,
811081,,,,0,14,,,,,,,<811081;811082>,<99;99>,<1;1>,,<0;0>,,,
811091,,,,0,14,,,,,,,<811091;811092>,<99;99>,<1;1>,,<0;0>,,,
811101,,,,0,14,,,,,,,<811101;811102>,<99;99>,<1;1>,,<0;0>,,,
811111,,,,0,14,,,,,,,<811111;811112>,<99;99>,<1;1>,,<0;0>,,,
708111,,,,,,,,,,,,,,,,,128111,,
708112,,,,0,14,,,,,,,<7081120>,<1>,,,<0>,,,
708121,,,,,,,,,,,,,,,,,128121,,
708122,,,,0,14,,,,,,,,,,,,,,
708123,,,,,,,,,,,,<7081231>,<3>,,,<0>,,,
708131,,,,,11,,,,,,,,,,,,128131,,
708132,,,,,11,,,,,,,,,,,,128132,,
708133,,,,,11,,,,,,,<7081311;7081312;7081315;7081321>,"<moreE(self:star(),11) and 3 or 2;moreE(self:star(),11) and 3 or 2;moreE(self:star(),11) and 3 or 2;moreE(self:star(),11) and 3 or 2>",<1;1;1;1>,,"<list(list(c.groupbuff_oc()),-1,1);list(list(c.groupdebuff_oc()),1,1);-target:speed()*random(1,3)*0.1;0>",,,
708134,,,,0,11,,,,,,,<7081313;7081314;7081316>,"<moreE(self:star(),11) and 3 or 2;moreE(self:star(),11) and 3 or 2;moreE(self:star(),11) and 3 or 2>",<1;1;1>,,"<list(list(c.groupbuff_oc()),1,1);list(list(c.groupdebuff_oc()),-1,1);target:speed()*0.2;target:hp()>",,,
708135,,,,0,14,,,,,,,<7081317>,<1>,<0>,,<0>,,,
708136,,,,,,enemyForce | nodead,"buffDiffer('id',{7081230})",,,,,<7081231>,<3>,"<moreE(self:star(),11) and 1 or 0>",,<0>,,,
708137,,,,,,enemyForce | nodead,"buffDifferExclude('group',{c.egg_chaopin_bingzhu_fly_oc()})|random(1)",,,,,<7081331;7081332>,<1;1>,"<moreE(self:star(),11) and (lessE(countObjByBuff(3-self:force(),{7081230}),0) and 1 or 0) or 0;target:hasBuff(7081331) and 0 or 0>",,<0;0>,,,
708141,,,,0,11,,,,,,,<7081421>,<99>,,,<0>,,,
708161,,,,0,14,,,,,,,<7081611;7081621;7081631;7081641;7081411>,<99;99;99;99;99>,"<target:hasBuff(7081613) and 0 or 1;1;1;moreE(self:star(),8) and 1 or 0;1>",,<target:hp();0;10000;0;0>,,,
708162,,,,,,selfForce | nodead,"exclude(list(csvSelf:id()))|setSelectAttr({""damage"",""specialDamage""},""max"")|attr(""selectAttr"",""max"",1)",,,,,<7081611>,<99>,"<(target:hasBuff(7081613) or moreE(countObjByBuff(self:force(),{7081611}),2)) and 0 or 1>",,<target:hp()>,,,
709311,,,,,,,,,,,,,,,,,709311,,
709312,,,,0,14,,,,,,,<1251121>,<2>,,,<self:flagZ1() and 2500 or 2000>,,,
709321,,,,,,,,,,,,,,,,,709321,,
709322,,,,0,14,,,,,,,<1251122>,<99>,,,<self:BhpMax()*(self:flagZ2() and 0.15 or 0.1)>,,,
709331,,,,,,,,,,,,,,,,,709331,,
709332,,,,,,,,,,,,,,,,,,,
709333,,,,,,,,,,,,<1251126>,<1>,,,"<(self:lostHp())*(moreEqualThan(self:star(),11) and 0.65 or 0.4)>",,,
709334,,,,0,14,,,,,,,<1251124;1251125>,<1;1>,<1;1>,,<self:hp()*0.25;self:flagZ3() and -2000 or -3000>,,,
709341,,,,,14,,,,,,,,,,,,,,
709351,,,,0,14,,,,,,,,,,,,,,
709361,,,,0,14,,,,,,,<1251128;1251130>,<99;99>,<1;1>,,<<1;0.003+skillLevel*0.00003-0.00003;1>;<1;1;0>>,,,
1000011,,,,0,11,,,,,,,<1000011>,<99>,,,<1>,,,
1000111,,,,0,11,,,,,,,<1000111;1000112>,<99;99>,<1;1>,,<target:specialDamage()*0.3;target:damage()*0.3>,,,
1000112,,,,0,14,,,,,,,,,,,,,,
1000113,,,,,,selfForce|nodead,otherProcessExcept(1000112)|random(1),,,,,<1000113>,<99>,,,<1>,,,
1000211,,,,0,11,,,,,,,<1000211>,<99>,,,<1>,,,
1000311,,,,0,11,,,,,,,<1000311>,<99>,,,<5000>,,,
1000312,,,,0,14,,,,,,,,,,,,,,
1000313,,,,,,selfForce|nodead,otherProcessExcept(1000312)|random(1),,,,,<1000312>,<99>,,,<self:hpMax()*0.4>,,,
1000411,,,,0,11,,,,,,,<1000411>,<99>,,,<500>,,,
1000412,,,,0,14,,,,,,,,,,,,,,
1000413,,,,,,selfForce|nodead,otherProcessExcept(1000412)|random(1),,,,,<1000412>,<99>,,,<1>,,,
1000511,,,,0,14,,,,,,,,,,,,,,
1000512,,,,,,selfForce|nodead,otherProcessExcept(1000511)|random(2),,,,,<1000511;1000512>,<3;3>,<1;1>,,<-self:hpMax()*0.2;1>,,,
1000611,,,,0,11,,,,,,,<1000611;1000612>,<99;99>,<1;1>,,<2500;2500>,,,
1000612,,,,0,14,,,,,,,,,,,,,,
1000613,,,,,,selfForce|nodead,otherProcessExcept(1000612)|random(1),,,,,<1000613>,<99>,,,<1>,,,
1000711,,,,0,11,,,,,,,<1000711>,<99>,,,<3000>,,,
1000712,,,,0,14,,,,,,,,,,,,,,
1000713,,,,,,selfForce|nodead,otherProcessExcept(1000712)|random(1),,,,,<1000712>,<99>,,,<1>,,,
1000811,,,,0,11,,,,,,,<1000811>,<99>,,,<5000>,,,
1000812,,,,0,14,,,,,,,,,,,,,,
1000813,,,,,,selfForce|nodead,otherProcessExcept(1000812)|random(1),,,,,<1000812>,<99>,,,<1>,,,
1000911,,,,0,2,,,,,,,<1000911;1000912>,<99;99>,<1;1>,,<1500;2000>,,,
1000912,,,,0,3,,,,,,,<1000913>,<99>,,,<1500>,,,
1001011,,,,,,selfForce|nodead,backRowRandom(1),,,,,<1001011>,<99>,,,<7000>,,,
1001111,,,,0,11,,,,,,,<1001111>,<99>,,,<5000>,,,
1001112,,,,0,14,,,,,,,,,,,,,,
1001113,,,,,,selfForce|nodead,otherProcessExcept(1001112)|random(1),,,,,<1001112>,<99>,,,<1>,,,
1001211,,,,0,11,,,,,,,<1001211>,<99>,,,<1>,,,
1001212,,,,0,14,,,,,,,,,,,,,,
1001213,,,,,,enemyForce|nodead,"attr(""hp"",""min"",3)",,,,,,,,,,,,
1001214,,,,,,selfForce|nodead,otherProcessExcept(1001212)|random(1),,,,,<1001213>,<99>,,,<1>,,,
1001311,,,,0,14,,,,,,,,,,,,,,
1001312,,,,,,selfForce|nodead,otherProcessExcept(1001311)|random(1),,,,,<1001311;1001312>,<99;99>,<1;1>,,<-target:hpMax()*0.2;1>,,,
1001411,,,,0,11,,,,,,,<1001411;1001412>,<99;99>,<1;1>,,<5000;5000>,,,
1001412,,,,0,14,,,,,,,,,,,,,,
1001413,,,,,,selfForce|nodead,otherProcessExcept(1001412)|random(1),,,,,<1001413>,<99>,,,<1>,,,
1001611,,,,0,11,,,,,,,<1001611;1001613>,<99;99>,<1;1>,,<1;1>,,,
1001711,,,,0,11,,,,,,,<1001711;1001712>,<99;99>,<1;1>,,<target:defence()*0.6;target:specialDefence()*0.6>,,,
1001712,,,,0,14,,,,,,,,,,,,,,
1001713,,,,,,selfForce|nodead,otherProcessExcept(1001712)|random(1),,,,,<1001713>,<99>,,,<1>,,,
1001811,,,,0,11,,,,,,,<1001811>,<99>,,,<1>,,,
1001812,,,,0,14,,,,,,,,,,,,,,
1001813,,,,,,selfForce|nodead,otherProcessExcept(1001812)|random(1),,,,,<1001813>,<99>,,,<1>,,,
1001911,,,,0,14,,,,,,,,,,,,,,
1001912,,,,,,selfForce|nodead,otherProcessExcept(1001911)|random(1),,,,,<1001911>,<99>,,,<7000>,,,
1002011,,,,0,11,,,,,,,<1002011;1002012>,<99;99>,<1;1>,,<4000;1>,,,
1002111,,,,0,14,,,,,,,<1002111;1002012>,<99;99>,<1;1>,,<10;1>,,,
1002211,,,,0,11,,,,,,,<1002211;1002212>,<99;99>,<1;1>,,<4000;1>,,,
1002311,,,,,,enemyForce|nodead,"setSelectAttr({""damage"",""specialDamage""},""max"")|attr(""selectAttr"",""max"",1)",,,,,<1002311>,<99>,,,<1>,,,
1002312,,,,0,14,,,,,,,,,,,,,,
1002313,,,,,,selfForce|nodead,otherProcessExcept(1002312)|random(1),,,,,<1002312>,<99>,,,<1>,,,
1002411,,,,0,11,,,,,,,<1002411;1002412>,<99;99>,<1;1>,,<target:damage()*0.2;target:specialDamage()*0.2>,,,
1002412,,,,0,14,,,,,,,,,,,,,,
1002413,,,,,,selfForce|nodead,otherProcessExcept(1002412)|random(1),,,,,<1002413>,<99>,,,<1>,,,
1002511,,,,,,selfForce|nodead,random(2),,,,,<1002511;1002512>,<99;99>,<1;1>,,<<1>;1>,,,
1002611,,,,0,14,,,,,,,<1002613;1002614;1002616>,<99;99;99>,<1;1;1>,,<<99;1;0>;1;self:hpMax()*0.15>,,,
1002612,,,,,,selfForce|nodead,otherProcessExcept(1002611)|random(5),,,,,<1002611>,<99>,,,<1>,,,
1002711,,,,,11,,,,,,,<1002711>,<99>,,,<-target:hpMax()*0.075>,,,
1002712,,,,0,14,,,,,,,,,,,,,,
1002713,,,,,,selfForce|nodead,otherProcessExcept(1002712)|random(1),,,,,<1002712>,<99>,,,<1>,,,
1002811,,,,0,11,,,,,,,<1002811>,<99>,,,<10000>,,,
1002812,,,,0,14,,,,,,,,,,,,,,
1002813,,,,,,selfForce|nodead,otherProcessExcept(1002812)|random(1),,,,,<1002812>,<99>,,,<1>,,,
1002911,,,,0,11,,,,,,,<1002911>,<99>,,,<1>,,,
1003011,,,,,11,,,,,,,<1003011;1003012>,<99;99>,<1;1>,,<-target:defence()*0.1;-target:specialDefence()*0.1>,,,
1003012,,,,0,14,,,,,,,,,,,,,,
1003013,,,,,,selfForce|nodead,otherProcessExcept(1003012)|random(1),,,,,<1003013>,<99>,,,<1>,,,
1003111,,,,,11,,,,,,,<1003111;1003112>,<99;99>,<1;1>,,<-target:speed()*1;-10000>,,,
1003112,,,,0,14,,,,,,,,,,,,,,
1003113,,,,,,selfForce|nodead,otherProcessExcept(1003112)|random(1),,,,,<1003113>,<99>,,,<1>,,,
1003211,,,,,11,,,,,,,<1003211>,<99>,,,<10000>,,,
1003212,,,,0,14,,,,,,,,,,,,,,
1003213,,,,,,selfForce|nodead,otherProcessExcept(1003212)|random(2),,,,,<1003212>,<99>,,,<1>,,,
1003311,,,,0,14,,,,,,,,,,,,,,
1003312,,,,,,selfForce|nodead,otherProcessExcept(1003311)|backRowRandom(2),,,,,<1003311>,<99>,,,<1>,,,
1003313,,,,0,2,,,,,,,<1003314>,<99>,,,<1>,,,
1003411,,,,0,14,,,,,,,,,,,,,,
1003412,,,,,,selfForce|nodead,otherProcessExcept(1003411)|random(1),,,,,<1003411;1003413>,<99;99>,<1;1>,,<1;1>,,,
1003511,,,,0,14,,,,,,,,,,,,,,
1003512,,,,,,selfForce|nodead,otherProcessExcept(1003511)|random(1),,,,,<1003512;1003513>,<99;99>,<1;1>,,<5000;1>,,,
1003513,,,,,,selfForce|nodead,otherProcessExcept(1003512)|random(5),,,,,<1003511>,<99>,,,<5000>,,,
1003611,,,,,,,,,,,,,,,,,,,
1003612,,,,,,,,,,,,,,,,,,,
1003613,,,,,,,,,,,,,,,,,,,
1003711,,,,0,14,,,,,,,<1003711;1003712>,<99;99>,<1;1>,,<3;1>,,,
1003811,,,,0,14,,,,,,,,,,,,,,
1003812,,,,,,selfForce|nodead,otherProcessExcept(1003811)|random(2),,,,,<1003811;1003812>,<99;99>,<1;1>,,"<3;<list(1,0,0);1;0>>",,,
1003911,,,,,,enemyForce|nodead,"setSelectAttr({""damage"",""specialDamage""},""max"")|attr(""selectAttr"",""max"",1)",,,,,,,,,,,,
1003912,,,,0,14,,,,,,,<1003911>,<99>,,,<1>,,,
1003913,,,,,,selfForce|nodead,otherProcessExcept(1003912)|random(1),,,,,<1003914>,<99>,,,<1>,,,
1004011,,,,0,14,,,,,,,,,,,,,,
1004012,,,,,,selfForce|nodead,otherProcessExcept(1004011)|random(1),,,,,<1004011>,<99>,,,<3000>,,,
1004013,,,,,,selfForce|nodead,otherProcessExcept(1004012)|random(1),,,,,<1004012>,<99>,,,<1>,,,
1004111,,,,0,14,,,,,,,,,,,,,,
1004112,,,,,,selfForce|nodead,otherProcessExcept(1004111)|random(1),,,,,,,,,,,,
1004113,,,,0,11,,,,,,,<1004111;1004113>,<99;99>,<1;1>,,<<1;self:hpMax()*0.4;self:mp1Max()>;0>,,,
1004211,,,,,11,,,,,,,<1004211>,<99>,,,<1>,,,
1004212,,,,0,14,,,,,,,,,,,,,,
1004213,,,,,,selfForce|nodead,otherProcessExcept(1004212)|random(1),,,,,<1004212>,<99>,,,<1>,,,
1004311,,,,,11,,,,,,,<1004311>,<99>,,,<1>,,,
1004312,,,,0,14,,,,,,,,,,,,,,
1004313,,,,,,selfForce|nodead,otherProcessExcept(1004312)|random(1),,,,,<1004319>,<99>,,,<1>,,,
1004411,,,,,11,,,,,,,<1004411>,<99>,,,<-2000>,,,
1004412,,,,0,14,,,,,,,,,,,,,,
1004413,,,,,,selfForce|nodead,otherProcessExcept(1004412)|random(1),,,,,<1004412>,<99>,,,<1>,,,
1004511,,,,0,11,,,,,,,<1004511>,<99>,,,<-target:hpMax()*0.05>,,,
1004512,,,,0,14,,,,,,,,,,,,,,
1004513,,,,,,selfForce|nodead,otherProcessExcept(1004512)|random(1),,,,,<1004512>,<99>,,,<1>,,,
1004611,,,,0,11,,,,,,,<1004611>,<99>,,,<2500>,,,
1004612,,,,0,14,,,,,,,,,,,,,,
1004613,,,,,,selfForce|nodead,otherProcessExcept(1004612)|random(1),,,,,<1004612>,<99>,,,<1>,,,
1004711,,,,0,11,,,,,,,<1004711>,<99>,,,<1000>,,,
1004712,,,,0,14,,,,,,,,,,,,,,
1004713,,,,,,selfForce|nodead,otherProcessExcept(1004712)|random(1),,,,,<1004712>,<99>,,,<1>,,,
1004811,,,,0,11,,,,,,,<1004811;1004812>,<99;99>,<1;1>,,<<1;0.008;1>;500>,,,
1004812,,,,0,14,,,,,,,,,,,,,,
1004813,,,,,,selfForce|nodead,otherProcessExcept(1004812)|random(1),,,,,<1004813>,<99>,,,<1>,,,
1004911,,,,0,11,,,,,,,<1004911>,<99>,,,<1>,,,
1005011,,,,0,11,,,,,,,<1005011>,<99>,,,<3500>,,,
1005012,,,,0,14,,,,,,,,,,,,,,
1005013,,,,,,selfForce|nodead,otherProcessExcept(1005012)|random(1),,,,,<1005012>,<99>,,,<1>,,,
1005111,,,,0,11,,,,,,,<1005111>,<99>,,,<1>,,,
1005211,,,,0,11,,,,,,,<1005211>,<99>,,,<3000>,,,
1005212,,,,0,14,,,,,,,,,,,,,,
1005213,,,,,,selfForce|nodead,otherProcessExcept(1005212)|random(1),,,,,<1005212>,<99>,,,<1>,,,
1005311,,,,0,11,,,,,,,<1005311>,<99>,,,<1>,,,
1005411,,,,0,11,,,,,,,<1005411>,<99>,,,<1>,,,
1005412,,,,0,14,,,,,,,,,,,,,,
1005413,,,,,,selfForce|nodead,otherProcessExcept(1005412)|random(1),,,,,<1005414>,<99>,,,<1>,,,
1005511,,,,0,11,,,,,,,<1005511;1005512>,<99;99>,<1;1>,,<<1;self:hpMax()*0.4;self:mp1Max()>;0>,,,
1005611,,,,0,14,,,,,,,<1005613;1005614>,<1;1>,<getNowRound()%2==1 and 1 or 0;getNowRound()%2==1 and 1 or 0>,,"<<6;1>;list(1,list(1001,1002,1003,1004,1005,1011,1012,1013,1014,1015,1021,1022,1023,1024,1025,1201,1202,1203,1211,1212,1213,1221,1222,1223,1401,1411,1421,1431,1441,1451),6)>",,,
1005711,,,,0,11,,,,,,,<1005711>,<1>,<getNowRound()==5 and 1 or 0>,,<<1;1;1>>,,,
1005811,,,,0,11,,,,,,,<1005811>,<1>,<getNowRound()==5 and 1 or 0>,,<20000>,,,
1005911,,,,,11,,,,,,,<1005911;1005912>,<99;99>,<1;1>,,<-target:defence()*0.4;-target:specialDefence()*0.4>,,,
1005912,,,,0,14,,,,,,,,,,,,,,
1005913,,,,,,selfForce|nodead,otherProcessExcept(1005912)|random(1),,,,,<1005913>,<99>,,,<1>,,,
1006011,,,,0,14,,,,,,,,,,,,,,
1006012,,,,,,selfForce|nodead,otherProcessExcept(1006011)|random(1),,,,,<1006011>,<99>,,,<1>,,,
1006013,,,,,,selfForce|nodead,otherProcessExcept(1006012)|random(1),,,,,<1006013>,<99>,,,<1>,,,
1006111,,,,,11,,,,,,,<1006111>,<99>,,,"<list(list(1500,1510,1520,1530),1.5,2)>",,,
1006112,,,,,,selfForce|nodead,exclude(list(csvSelf:id()))|random(1),,,,,<1006112>,<99>,,,<1>,,,
1006211,,,,0,11,,,,,,,<1006211>,<99>,,,<1>,,,
1006311,,,,0,11,,,,,,,<1006311>,<99>,,,<3000>,,,
1006312,,,,,,selfForce|nodead,exclude(list(csvSelf:id()))|random(1),,,,,<1006312>,<99>,,,<1>,,,
1006411,,,,0,11,,,,,,,<1006411>,<99>,<target:cardID() == 731 and 1 or 0>,,<1>,,,
1006511,,,,0,11,,,,,,,<1006511>,<99>,,,<1>,,,
1006512,,,,,,selfForce|nodead,exclude(list(csvSelf:id()))|random(1),,,,,<1006513>,<99>,,,<1>,,,
1006611,,,,0,11,,,,,,,<1006611>,<99>,,,<1>,,,
1006612,,,,,,selfForce|nodead,exclude(list(csvSelf:id()))|random(1),,,,,<1006614>,<99>,,,<1>,,,
1006711,,,,0,11,,,,,,,<1006711>,<99>,,,<1>,,,
1006712,,,,,,selfForce|nodead,exclude(list(csvSelf:id()))|random(1),,,,,<1006713>,<99>,,,<1>,,,
1006811,,,,0,11,,,,,,,<1006811;1006812>,<99;99>,<1;1>,,<3000;3000>,,,
1006812,,,,,,selfForce|nodead,exclude(list(csvSelf:id()))|random(1),,,,,<1006813>,<99>,,,<1>,,,
1006911,,,,0,11,,,,,,,<1006911>,<99>,,,<1>,,,
1006912,,,,,,selfForce|nodead,exclude(list(csvSelf:id()))|random(1),,,,,<1006913>,<99>,,,<1>,,,
1007011,,,,,11,,,,,,,<1007011>,<99>,,,<-4000>,,,
1007012,,,,,,selfForce|nodead,exclude(list(csvSelf:id()))|random(1),,,,,<1007012>,<99>,,,<1>,,,
1007111,,,,,,selfForce|nodead,exclude(list(csvSelf:id()))|random(1),,,,,<1007111>,<99>,,,<0>,,,
1007211,,,,0,14,,,,,,,<1007211>,<99>,,,<0>,,,
1007311,,,,0,14,,,,,,,<1007311>,<99>,,,<0>,,,
1007411,,,,0,14,,,,,,,<1007411;1007412>,<99;99>,<1;1>,,<<1>;target:speed()*0.5>,,,
1007511,,,,0,23,,,,13,,,<3631236>,<99>,,,<self:flag(99) and (self:specialDefence()+ self:defence())*2.5 or (self:specialDefence()+ self:defence())*(6-0.1*((getGateType() == 10 or getGateType() == 14) and 1 or 0))>,,,
1007611,,,,0,14,,,,,,,<1007611>,<99>,,,<0>,,,
1007711,,,,0,14,,,,,,,<1007711>,<99>,,,<0>,,,
1007811,,,,0,14,,,,,,,<1007811>,<99>,,,<1>,,,
1007911,,,,0,11,,,,,,,<1007911>,<5>,"<(moreE(countObjByNature(1,1,4) ,1) or moreE(countObjByNature(1,2,4) ,1)) and 0 or 1>",,<<0;1;1>>,,,
1008011,,,,0,11,,,,,,,<1008011>,<99>,,,<0>,,,
1009211,,,,,,,,,,,,<10091221>,<1>,<0>,,<2>,9211,,
1009221,,,,,,,,,,,,,,,,,9221,,
1009222,,,,,11,,,,,,,,,,,,,,
1009223,,,,0,11,,,,,,,,,,,,,,
1009224,,,,,,,,,,,,,,,,,,,
1009231,,,,,4,,,,,,,,,,,,9231,,
1009232,,,,,4,,,,,,,,,,,,9232,,
1009233,,,,0,14,,,,,,,,,,,,,,
1009261,,,,0,11,,,,,,,<1070000>,<99>,<0>,,<0>,,,
1009262,,,,,11,,,,,,,<1070000>,<99>,<0>,,<0>,,,
1009263,,,,0,11,,,,,,,<301232611>,<99>,,,<0>,,,
1100101,,,,,,all,random(12),,,,,<1100101>,<99>,,,<1>,,,
1100201,,,,,,all,random(12),,,,,<1100201>,<99>,,,<1>,,,
1100301,,,,,,all,random(12),,,,,<1100301>,<99>,,,<1>,,,
1100401,,,,,,all,random(12),,,,,<1100401>,<99>,,,<1>,,,
1100501,,,,,,all,random(12),,,,,<1100501>,<99>,,,<1>,,,
1100601,,,,,,all,random(12),,,,,<1100601>,<99>,,,<1>,,,
1100701,,,,,,all,random(12),,,,,<1100701>,<99>,,,<1>,,,
1100801,,,,,,all,random(12),,,,,<1100801>,<99>,,,<1>,,,
1100901,,,,,,all,random(12),,,,,<1100901>,<99>,,,<1>,,,
1101001,,,,,,all,random(12),,,,,<1101001>,<99>,,,<1>,,,
1101101,,,,,,all,random(12),,,,,<1101101>,<99>,,,<1>,,,
1101201,,,,,,all,random(12),,,,,<1101201>,<99>,,,<1>,,,
1101301,,,,,,all,random(12),,,,,<1101301>,<99>,,,<1>,,,
1200101,,,,,,all,random(12),,,,,<1200101>,<99>,,,<1>,,,
1200201,,,,,,all,random(12),,,,,<1200201>,<99>,,,<1>,,,
1200301,,,,,,all,random(12),,,,,<1200301>,<99>,,,<1>,,,
1200401,,,,,,all,random(12),,,,,<1200401>,<99>,,,<1>,,,
1200501,,,,,,all,random(12),,,,,<1200501>,<99>,,,<1>,,,
1909311,,,,,11,,,,,,,,,,,,9211,,
2000001,,,,,,selfForce|nodead,random(1),,,,,<2000012;2000013>,<99;99>,"<1;(moreEqualThan(self:star(),8) and 1 or 0)>",,<0;0>,,,
2000011,,,,,,selfForce|nodead,random(2),,,,,<2000012;2000013>,<99;99>,"<1;(moreEqualThan(self:star(),8) and 1 or 0)>",,<0;0>,,,
2000111,,,,0,2,,,,,,,,,,,,,,
2000112,,,,0,14,,,,,,,<2000111>,<99>,,,"<<list(1,0,0);1;0>>",,,
2000121,,,,0,14,,,,,,,<2000121>,<99>,,,<1>,,,
2000122,,,,0,14,,,,,,,<2000122>,<99>,,,<1>,,,
2000131,,,,,,selfForce|nodead,random(3),,,,,<2000131;2000132>,<99;99>,<1;1>,,<1;1>,,,
2000141,,,,0,14,,,,,,,<2000141>,<99>,,,<1>,,,
2100111,,,,,,,,,,,,,,,,,180111,,
2100121,,,,,,,,,,,,,,,,,180121,,
2100122,,,,0,14,,,,,,,<1801121>,<99>,,,<0>,,,
2100131,,,,,11,,,,,,,,,,,,180131,,
2100132,,,,,11,,,,,,,<1801122;1801128>,<1;99>,<target:hasBuff(1801126) and 1 or 0;target:hasBuff(1801126) and 1 or 0>,,"<list(list(1801126, 5));list(20)>",,,
2100133,,,,,11,,,,,,,<1801127>,<1>,"<target:hasBuff(1801126) and moreE(self:star(),11) and 1 or 0>",,<0>,,,
2100161,,,,0,14,,,,,,,<1801131>,<99>,,,<0>,,,
2100162,,,,0,2,,,,,,,<1801129>,<99>,,,<100000>,,,
2100211,,,,,,,,,,,,,,,,,180211,,
2100221,,,,,,,,,,,,,,,,,180221,,
2100222,,,,0,14,,,,,,,<1801121>,<99>,,,<0>,,,
2100231,,,,,,,,,,,,,,,,,180231,,
2100232,,,,,,,,,,,,,,,,,180232,,
2100233,,,,,,,,,,,,<1801122;1801128>,<1;99>,<target:hasBuff(1801126) and 1 or 0;target:hasBuff(1801126) and 1 or 0>,,"<list(list(1801126, 5));list(20)>",,,
2100234,,,,,,,,,,,,<1801127>,<1>,"<target:hasBuff(1801126) and moreE(self:star(),11) and 1 or 0>",,<0>,,,
2100261,,,,0,14,,,,,,,<1801131>,<99>,,,<0>,,,
2100262,,,,0,3,,,,,,,<1801130>,<99>,,,<5000>,,,
2101161,,,,0,14,,,,,,,<21011611>,<99>,,,<0>,,,
2101261,,,,0,11,,,,,,,<21012611;21012612;21012613>,<99;1;99>,<1;1;1>,,<self:specialDamage()*2;1000;1>,,,
2101262,,,,,11,,,,,,,<21012612>,<1>,,,<100>,,,
2102111,,,,,,,,,,,,,,,,,239111,,
2102112,,,,0,14,,,,,,,<2391166;2391167>,<2;2>,<1;1>,,<self:defence()*0.5;self:specialDefence()*0.5>,,,
2102113,,,,0,14,,,,,,,<2391140>,<99>,,,<1>,,,
2102121,,,,,,,,,,,,,,,,,239121,,
2102122,,,,,,,,,,,,,,,,,,,
2102123,,,,,,selfForce,selfColumn,,,,,<2391161>,<2>,,,<1500>,,,
2102124,,,,0,14,,,,,,,<2391140;2391140>,<99;99>,<1;1>,,<1;1>,,,
2102131,,,,,2,,,,,,,,,,,,239131,,
2102132,,,,,2,,,,,,,,,,,,239132,,
2102133,,,,,2,,,,,,,<2391126>,<1>,,,<-250>,,,
2102134,,,,0,14,,,,,,,,,,,,,,
2102135,,,,0,14,,,,,,,<2391140;2391140;2391140>,<99;99;99>,<1;1;1>,,<1;1;1>,,,
2102136,,,,0,14,,,,,,,<2391145;2391147>,"<1;2+(moreE(self:star(),11) and 1 or 0)>","<1;moreE(self:star(),11) and 1 or 0>",,<(self:lostHp())*0.3;0>,,,
2102161,,,,0,14,,,,,,,<2391140;2391140;2391140;2391140;2391140>,<99;99;99;99;99>,"<moreE(getForceNum(self:force()),2) and 1 or 0;moreE(getForceNum(self:force()),3) and 1 or 0;moreE(getForceNum(self:force()),4) and 1 or 0;moreE(getForceNum(self:force()),5) and 1 or 0;moreE(getForceNum(self:force()),6) and 1 or 0>",,<1;1;1;1;1>,,,
2102162,,,,0,14,,,,,,,<2391141;2391143>,<99;99>,<1;1>,,<1;1>,,,
2102163,,,,0,14,,,,,,,<2391146;2391132>,<99;99>,<1;1>,,<1;1>,,,
2102171,,,,0,14,,,,,,,<2100001;2100007>,<99;99>,<1;1>,,<1;1>,,,
2102211,,,,,,,,,,,,,,,,,239211,,
2102212,,,,,,,,,,,,,,,,,239212,,
2102213,,,,0,14,,,,,,,<2391166;2391167>,<2;2>,<1;1>,,<self:defence()*0.5;self:specialDefence()*0.5>,,,
2102214,,,,0,14,,,,,,,<2391140>,<99>,,,<1>,,,
2102221,,,,,4,,,,,,,,,,,,239221,,
2102222,,,,,4,,,,,,,,,,,,,,
2102223,,,,,,selfForce,selfColumn,,,,,<2391161>,<2>,,,<1500>,,,
2102224,,,,0,14,,,,,,,<2391140;2391140>,<99;99>,<1;1>,,<1;1>,,,
2102225,,,,,4,,,,,,,<2391134>,<2>,<0.44+0.27*((getGateType() == 10 or getGateType() == 14) and 0 or 1)>,,<0>,,,
2102231,,,,,11,,,,,,,,,,,,239231,,
2102232,,,,,11,,,,,,,,,,,,239232,,
2102233,,,,,11,,,,,,,<2391126>,<1>,,,<-250>,,,
2102234,,,,0,14,,,,,,,,,,,,,,
2102235,,,,0,14,,,,,,,<2391140;2391140;2391140>,<99;99;99>,<1;1;1>,,<1;1;1>,,,
2102236,,,,,,enemyForce|nodead,"attr(""mp1"",""max"",4)",,,,,<2391134>,<2>,<0.44+0.23*((getGateType() == 10 or getGateType() == 14) and 0 or 1)>,,<0>,,,
2102237,,,,0,14,,,,,,,,,,,,,,
2102238,,,,0,14,,,,,,,,,,,,,,
2102261,,,,0,14,,,,,,,<2391140;2391140;2391140;2391140;2391140>,<99;99;99;99;99>,"<moreE(getForceNum(self:force()),2) and 1 or 0;moreE(getForceNum(self:force()),3) and 1 or 0;moreE(getForceNum(self:force()),4) and 1 or 0;moreE(getForceNum(self:force()),5) and 1 or 0;moreE(getForceNum(self:force()),6) and 1 or 0>",,<1;1;1;1;1>,,,
2102262,,,,0,14,,,,,,,<2391141;2391143>,<99;99>,<1;1>,,<1;1>,,,
2102263,,,,0,14,,,,,,,<2391146;2391132>,<99;99>,<1;1>,,<1;1>,,,
2102271,,,,0,14,,,,,,,<2100003;2100005;2100007>,<99;1;99>,<1;1;1>,,<1;1;1>,,,
2103111,,,,,,,,,,,,,,,,,239111,,
2103112,,,,0,14,,,,,,,<2391166;2391167>,<2;2>,<1;1>,,<self:defence()*0.5;self:specialDefence()*0.5>,,,
2103113,,,,0,14,,,,,,,<2391140>,<99>,,,<1>,,,
2103121,,,,,,,,,,,,,,,,,239121,,
2103122,,,,,,,,,,,,,,,,,,,
2103123,,,,,,selfForce,selfColumn,,,,,<2391161>,<2>,,,<1500>,,,
2103124,,,,0,14,,,,,,,<2391140;2391140>,<99;99>,<1;1>,,<1;1>,,,
2103131,,,,,2,,,,,,,,,,,,239131,,
2103132,,,,,2,,,,,,,,,,,,239132,,
2103133,,,,,2,,,,,,,<2391126>,<1>,,,<-250>,,,
2103134,,,,0,14,,,,,,,,,,,,,,
2103135,,,,0,14,,,,,,,<2391140;2391140;2391140>,<99;99;99>,<1;1;1>,,<1;1;1>,,,
2103136,,,,0,14,,,,,,,<2391145;2391147>,"<1;2+(moreE(self:star(),11) and 1 or 0)>","<1;moreE(self:star(),11) and 1 or 0>",,<(self:lostHp())*0.3;0>,,,
2103161,,,,0,14,,,,,,,<2391140;2391140;2391140;2391140;2391140>,<99;99;99;99;99>,"<moreE(getForceNum(self:force()),2) and 1 or 0;moreE(getForceNum(self:force()),3) and 1 or 0;moreE(getForceNum(self:force()),4) and 1 or 0;moreE(getForceNum(self:force()),5) and 1 or 0;moreE(getForceNum(self:force()),6) and 1 or 0>",,<1;1;1;1;1>,,,
2103162,,,,0,14,,,,,,,<2391141;2391143>,<99;99>,<1;1>,,<1;1>,,,
2103163,,,,0,14,,,,,,,<2391146;2391132>,<99;99>,<1;1>,,<1;1>,,,
2103171,,,,0,14,,,,,,,<2103111>,<99>,,,<1>,,,
2103211,,,,,,,,,,,,,,,,,239211,,
2103212,,,,,,,,,,,,,,,,,239212,,
2103213,,,,0,14,,,,,,,<2391166;2391167>,<2;2>,<1;1>,,<self:defence()*0.5;self:specialDefence()*0.5>,,,
2103214,,,,0,14,,,,,,,<2391140>,<99>,,,<1>,,,
2103221,,,,,4,,,,,,,,,,,,239221,,
2103222,,,,,4,,,,,,,,,,,,,,
2103223,,,,,,selfForce,selfColumn,,,,,<2391161>,<2>,,,<1500>,,,
2103224,,,,0,14,,,,,,,<2391140;2391140>,<99;99>,<1;1>,,<1;1>,,,
2103225,,,,,4,,,,,,,<2391134>,<2>,<0.5+0.3*((getGateType() == 10 or getGateType() == 14) and 0 or 1)>,,<0>,,,
2103231,,,,,11,,,,,,,,,,,,239231,,
2103232,,,,,11,,,,,,,,,,,,239232,,
2103233,,,,,11,,,,,,,<2391126>,<1>,,,<-250>,,,
2103234,,,,0,14,,,,,,,,,,,,,,
2103235,,,,0,14,,,,,,,<2391140;2391140;2391140>,<99;99;99>,<1;1;1>,,<1;1;1>,,,
2103236,,,,,,enemyForce|nodead,"attr(""mp1"",""max"",4)",,,,,<2391134>,<2>,<0.5+0.25*((getGateType() == 10 or getGateType() == 14) and 0 or 1)>,,<0>,,,
2103237,,,,0,14,,,,,,,,,,,,,,
2103238,,,,0,14,,,,,,,,,,,,,,
2103261,,,,0,14,,,,,,,<2391140;2391140;2391140;2391140;2391140>,<99;99;99;99;99>,"<moreE(getForceNum(self:force()),2) and 1 or 0;moreE(getForceNum(self:force()),3) and 1 or 0;moreE(getForceNum(self:force()),4) and 1 or 0;moreE(getForceNum(self:force()),5) and 1 or 0;moreE(getForceNum(self:force()),6) and 1 or 0>",,<1;1;1;1;1>,,,
2103262,,,,0,14,,,,,,,<2391141;2391143>,<99;99>,<1;1>,,<1;1>,,,
2103263,,,,0,14,,,,,,,<2391146;2391132>,<99;99>,<1;1>,,<1;1>,,,
2103271,,,,0,14,,,,,,,<2103111>,<99>,,,<1>,,,
2104111,,,,,,,,,,,,,,,,,239111,,
2104112,,,,0,14,,,,,,,<2391166;2391167>,<2;2>,<1;1>,,<self:defence()*0.5;self:specialDefence()*0.5>,,,
2104113,,,,0,14,,,,,,,<2391140>,<99>,,,<1>,,,
2104121,,,,,,,,,,,,,,,,,239121,,
2104122,,,,,,,,,,,,,,,,,,,
2104123,,,,,,selfForce,selfColumn,,,,,<2391161>,<2>,,,<1500>,,,
2104124,,,,0,14,,,,,,,<2391140;2391140>,<99;99>,<1;1>,,<1;1>,,,
2104131,,,,,2,,,,,,,,,,,,239131,,
2104132,,,,,2,,,,,,,,,,,,239132,,
2104133,,,,,2,,,,,,,<2391126>,<1>,,,<-250>,,,
2104134,,,,0,14,,,,,,,,,,,,,,
2104135,,,,0,14,,,,,,,<2391140;2391140;2391140>,<99;99;99>,<1;1;1>,,<1;1;1>,,,
2104136,,,,0,14,,,,,,,<2391145;2391147>,"<1;2+(moreE(self:star(),11) and 1 or 0)>","<1;moreE(self:star(),11) and 1 or 0>",,<(self:lostHp())*0.3;0>,,,
2104161,,,,0,14,,,,,,,<2391140;2391140;2391140;2391140;2391140>,<99;99;99;99;99>,"<moreE(getForceNum(self:force()),2) and 1 or 0;moreE(getForceNum(self:force()),3) and 1 or 0;moreE(getForceNum(self:force()),4) and 1 or 0;moreE(getForceNum(self:force()),5) and 1 or 0;moreE(getForceNum(self:force()),6) and 1 or 0>",,<1;1;1;1;1>,,,
2104162,,,,0,14,,,,,,,<2391141;2391143>,<99;99>,<1;1>,,<1;1>,,,
2104163,,,,0,14,,,,,,,<2391146;2391132>,<99;99>,<1;1>,,<1;1>,,,
2104171,,,,0,14,,,,,,,<2104111>,<99>,,,<1>,,,
2104211,,,,,,,,,,,,,,,,,239211,,
2104212,,,,,,,,,,,,,,,,,239212,,
2104213,,,,0,14,,,,,,,<2391166;2391167>,<2;2>,<1;1>,,<self:defence()*0.5;self:specialDefence()*0.5>,,,
2104214,,,,0,14,,,,,,,<2391140>,<99>,,,<1>,,,
2104221,,,,,4,,,,,,,,,,,,239221,,
2104222,,,,,4,,,,,,,,,,,,,,
2104223,,,,,,selfForce,selfColumn,,,,,<2391161>,<2>,,,<1500>,,,
2104224,,,,0,14,,,,,,,<2391140;2391140>,<99;99>,<1;1>,,<1;1>,,,
2104225,,,,,4,,,,,,,<2391134>,<2>,<0.5+0.3*((getGateType() == 10 or getGateType() == 14) and 0 or 1)>,,<0>,,,
2104231,,,,,11,,,,,,,,,,,,239231,,
2104232,,,,,11,,,,,,,,,,,,239232,,
2104233,,,,,11,,,,,,,<2391126>,<1>,,,<-250>,,,
2104234,,,,0,14,,,,,,,,,,,,,,
2104235,,,,0,14,,,,,,,<2391140;2391140;2391140>,<99;99;99>,<1;1;1>,,<1;1;1>,,,
2104236,,,,,,enemyForce|nodead,"attr(""mp1"",""max"",4)",,,,,<2391134>,<2>,<0.5+0.25*((getGateType() == 10 or getGateType() == 14) and 0 or 1)>,,<0>,,,
2104237,,,,0,14,,,,,,,,,,,,,,
2104238,,,,0,14,,,,,,,,,,,,,,
2104261,,,,0,14,,,,,,,<2391140;2391140;2391140;2391140;2391140>,<99;99;99;99;99>,"<moreE(getForceNum(self:force()),2) and 1 or 0;moreE(getForceNum(self:force()),3) and 1 or 0;moreE(getForceNum(self:force()),4) and 1 or 0;moreE(getForceNum(self:force()),5) and 1 or 0;moreE(getForceNum(self:force()),6) and 1 or 0>",,<1;1;1;1;1>,,,
2104262,,,,0,14,,,,,,,<2391141;2391143>,<99;99>,<1;1>,,<1;1>,,,
2104263,,,,0,14,,,,,,,<2391146;2391132>,<99;99>,<1;1>,,<1;1>,,,
2104271,,,,0,14,,,,,,,<2104113>,<99>,,,<1>,,,
2105111,,,,,,,,,,,,,,,,,239111,,
2105112,,,,0,14,,,,,,,<2391166;2391167>,<2;2>,<1;1>,,<self:defence()*0.5;self:specialDefence()*0.5>,,,
2105113,,,,0,14,,,,,,,<2391140>,<99>,,,<1>,,,
2105121,,,,,,,,,,,,,,,,,239121,,
2105122,,,,,,,,,,,,,,,,,,,
2105123,,,,,,selfForce,selfColumn,,,,,<2391161>,<2>,,,<1500>,,,
2105124,,,,0,14,,,,,,,<2391140;2391140>,<99;99>,<1;1>,,<1;1>,,,
2105131,,,,,2,,,,,,,,,,,,239131,,
2105132,,,,,2,,,,,,,,,,,,239132,,
2105133,,,,,2,,,,,,,<2391126>,<1>,,,<-250>,,,
2105134,,,,0,14,,,,,,,,,,,,,,
2105135,,,,0,14,,,,,,,<2391140;2391140;2391140>,<99;99;99>,<1;1;1>,,<1;1;1>,,,
2105136,,,,0,14,,,,,,,<2391145;2391147>,"<1;2+(moreE(self:star(),11) and 1 or 0)>","<1;moreE(self:star(),11) and 1 or 0>",,<(self:lostHp())*0.3;0>,,,
2105161,,,,0,14,,,,,,,<2391140;2391140;2391140;2391140;2391140>,<99;99;99;99;99>,"<moreE(getForceNum(self:force()),2) and 1 or 0;moreE(getForceNum(self:force()),3) and 1 or 0;moreE(getForceNum(self:force()),4) and 1 or 0;moreE(getForceNum(self:force()),5) and 1 or 0;moreE(getForceNum(self:force()),6) and 1 or 0>",,<1;1;1;1;1>,,,
2105162,,,,0,14,,,,,,,<2391141;2391143>,<99;99>,<1;1>,,<1;1>,,,
2105163,,,,0,14,,,,,,,<2391146;2391132>,<99;99>,<1;1>,,<1;1>,,,
2105171,,,,0,14,,,,,,,<2105111>,<99>,,,<1>,,,
2105211,,,,,,,,,,,,,,,,,239211,,
2105212,,,,,,,,,,,,,,,,,239212,,
2105213,,,,0,14,,,,,,,<2391166;2391167>,<2;2>,<1;1>,,<self:defence()*0.5;self:specialDefence()*0.5>,,,
2105214,,,,0,14,,,,,,,<2391140>,<99>,,,<1>,,,
2105221,,,,,4,,,,,,,,,,,,239221,,
2105222,,,,,4,,,,,,,,,,,,,,
2105223,,,,,,selfForce,selfColumn,,,,,<2391161>,<2>,,,<1500>,,,
2105224,,,,0,14,,,,,,,<2391140;2391140>,<99;99>,<1;1>,,<1;1>,,,
2105225,,,,,4,,,,,,,<2391134>,<2>,<0.5+0.3*((getGateType() == 10 or getGateType() == 14) and 0 or 1)>,,<0>,,,
2105231,,,,,11,,,,,,,,,,,,239231,,
2105232,,,,,11,,,,,,,,,,,,239232,,
2105233,,,,,11,,,,,,,<2391126>,<1>,,,<-250>,,,
2105234,,,,0,14,,,,,,,,,,,,,,
2105235,,,,0,14,,,,,,,<2391140;2391140;2391140>,<99;99;99>,<1;1;1>,,<1;1;1>,,,
2105236,,,,,,enemyForce|nodead,"attr(""mp1"",""max"",4)",,,,,<2391134>,<2>,<0.5+0.25*((getGateType() == 10 or getGateType() == 14) and 0 or 1)>,,<0>,,,
2105237,,,,0,14,,,,,,,,,,,,,,
2105238,,,,0,14,,,,,,,,,,,,,,
2105261,,,,0,14,,,,,,,<2391140;2391140;2391140;2391140;2391140>,<99;99;99;99;99>,"<moreE(getForceNum(self:force()),2) and 1 or 0;moreE(getForceNum(self:force()),3) and 1 or 0;moreE(getForceNum(self:force()),4) and 1 or 0;moreE(getForceNum(self:force()),5) and 1 or 0;moreE(getForceNum(self:force()),6) and 1 or 0>",,<1;1;1;1;1>,,,
2105262,,,,0,14,,,,,,,<2391141;2391143>,<99;99>,<1;1>,,<1;1>,,,
2105263,,,,0,14,,,,,,,<2391146;2391132>,<99;99>,<1;1>,,<1;1>,,,
2105271,,,,0,14,,,,,,,<2105111>,<99>,,,<1>,,,
2200311,,,,0,14,,,,,,,<22003113>,<99>,,,<0>,,,
2200312,,,,0,14,,,,,,,<22003111>,<99>,,,<<0;self:hpMax();1000;1>>,,,
2200411,,,,,11,,,,,,,,,,,,364211,,
2200412,,,,0,14,,,,,,,<3642111;3642112>,<self:flagZ1() and 3 or 2;self:flagZ1() and 3 or 2>,<1;1>,,<self:specialDamage()*0.15;self:flagZ1() and 2500 or 2000>,,,
2200421,,,,,11,,,,,,,,,,,,364221,,
2200422,,,,,2,,,,,,,<3642211;3642212>,<self:flagZ2() and 4 or 3;self:flagZ2() and 4 or 3>,<1;1>,,<self:flagZ2() and 3000 or 2500;-2000>,,,
2200431,,,,,11,,,,,,,,,,,,364231,,
2200432,,,,,11,,,,,,,,,,,,364232,,
2200433,,,,,,,,,,,,,,,,,364233,,
2200434,,,,,,enemyForce|nodead,otherProcessExcept(2200433),,,,,,,,,,364234,,
2200435,,,,,,,,,,,,<3642300;3642310;3642311>,<1;3;99>,<1;1;1>,,<0;0;1818>,,{needUpdateTarget=True;prob=1},
2200436,,,,,2,,,,,,,<3642321>,<99>,,,<-1500>,,,
2200461,,,,0,14,,,,,,,<3642611;3642613>,<99;99>,<1;1>,,<0;0>,,,
2200462,,,,0,14,,,,,,,<3642631;3642641>,<99;99>,<1;1>,,"<(15+min((skillLv(36416,36426,36436,36446) or 0),200)*0.05-0.05)*100;<3642312>>",,,
2200463,,,,,2,,,,,,,<3642621>,<1>,"<to10(moreE(self:star(),8))>",,<-1000>,,,
2200511,,,,0,14,,,,,,,<22005111;22005112;22005113;22005114;22005115>,<99;99;99;99;99>,<1;1;1;1;1>,,<(self:hpMax()*countForceNum(1));(self:damage()*countForceNum(1));(self:specialDamage()*countForceNum(1));(self:defence()*countForceNum(1));(self:specialDefence()*countForceNum(1))>,,,
2200611,,,,0,14,,,,,,,<22006111>,<1>,,,<<1>>,,,
2201111,,,,0,14,,,,,,,<2201111>,<99>,,,<1>,,,
2201211,,,,0,14,,,,,,,<2201211>,<99>,,,<1>,,,
2201311,,,,0,11,,,,,,,<2201311>,<99>,,,<1>,,,
2201411,,,,0,14,,,,,,,<2201411>,<99>,,,<1>,,,
2202011,,,,0,14,,,,,,,<2202011>,<99>,,,<1>,,,
2203011,,,,0,14,,,,,,,<2203011>,<99>,,,<1>,,,
2204011,,,,,11,,,,,,,<2204011>,<99>,,,<1>,,,
2205011,,,,0,14,,,,,,,<2205011>,<99>,,,<1>,,,
2205021,,,,0,14,,,,,,,<2205013>,<99>,,,<1>,,,
2206011,,,,,11,,,,,,,<2206011>,<99>,,,<1>,,,
2301011,,,,0,11,,,,,,,<2301011>,<99>,,,<target:damage()*0.2>,,,
2302011,,,,0,14,,,,,,,<2302011;2302012;2302014>,<99;99;99>,<1;1;1>,,<1;1;1>,,,
2303011,,,,0,14,,,,,,,<2303011>,<99>,,,<1>,,,
2304011,,,,0,14,,,,,,,<2304011>,<99>,,,<1>,,,
2305011,,,,0,11,,,,,,,<2305013>,<99>,,,<1>,,,
2305012,,,,0,14,,,,,,,<2305011>,<1>,,,<0>,,,
2305013,,,,0,14,,,,,,,<2305016;2305018>,<99;3>,<1;1>,,<1;<0;0;0>>,,,
2401001,,,,,,object(11),,,,,,<2401001;2401003;2401004>,<99;99;99>,<1;1;1>,,<0;target:hp()*0.1;target:hp()*0.1>,,,
2402001,,,,0,14,,,,,,,<2021622>,<99>,,,<1>,,,
2404001,,,,0,14,,,,,,,<2404001;2404004>,<5;99>,<1;1>,,"<<99;4;0>;<list(10,2,1);0.5;1>>",,,
2416152,,,,,24,,,,,,,<24161521>,<99>,,,<0>,,,
2500211,,,,,,enemyForce()|nodead,"buffDiffer('group',{22})",,,,,,,,,,,,
2500212,,,,,,enemyForce()|nodead,,{process={key=getNowRound()>=10;value=<otherProcessExcept(2500211)|random(3);otherProcessExcept(2500211)|random(2)>}},,,,<25002211>,"<moreE(random(0,3),2) and 2 or 3>",<0.82+(target:hasBuff(25010017) and 0.2 or 0)+(target:hasBuff(25010021) and 0.3 or 0)>,,<99>,2500211,,
2500221,,,,,,enemyForce()|nodead,random(2),,,,,<25002215>,<99>,<target:hasBuffGroup(22) and 1 or 0>,,<-500>,2500221,,
2500222,,,,,,enemyForce()|nodead,"otherProcessExcept(2500221)|buffDiffer('group',{22})",,,,,<25002219;25002228>,<1;1>,"<moreE(target:getBuffOverlayCount(25002218),9) and 1 or 0;moreE(self:getBuffOverlayCount(25002217),2) and 1 or 0>",,"<random(1,3)*5000;(self:specialDamage()+target:hpMax()*0.22)*(1+getNowRound()*0.09)>",,,
2500231,,,,,11,,,,,,,,,,,,2500231,,
2500232,,,,,11,,,,,,,,,,,,,,
2500233,,,,,,enemyForce()|nodead,"setSelectAttr({""damage"",""specialDamage""},""max"")|attr(""selectAttr"",""max"",1)",,,,,<25002211>,<3>,<0.9+(target:hasBuff(25010017) and 0.1 or 0)+(target:hasBuff(25010021) and 0.1 or 0)>,,<99>,,,
2500234,,,,,,enemyForce()|nodead,otherProcessExcept(2500233),,,,,<25002211>,<2>,<0.85+(target:hasBuff(25010017) and 0.2 or 0)+(target:hasBuff(25010021) and 0.3 or 0)>,,<99>,,,
2500261,,,,0,14,,,,,,,<25002220;25002221;25002216;25002225;25002227>,<99;99;99;99;99>,<1;1;1;1;0>,,<0;0;0;0;0>,,,
2500262,,,,,11,,,,,,,<25002211>,<99>,<0>,,<1>,,,
2501001,,,,0,14,,,,,,,<25010101;25010102;25010103;25010104;25010105;25010106;25010107;25010108;25010109;25010110;25010111;25010112;25010113;25010114;25010115;25010116;25010117;25010118;25010119;25010120>,<99;99;99;99;99;99;99;99;99;99;99;99;99;99;99;99;99;99;99;99>,"<excutePlayCsv(""damage"",1) or 0;excutePlayCsv(""damage"",1) or 0;excutePlayCsv(""damage"",1) or 0;excutePlayCsv(""damage"",1) or 0;excutePlayCsv(""damage"",1) or 0;excutePlayCsv(""damage"",1) or 0;excutePlayCsv(""damage"",1) or 0;excutePlayCsv(""damage"",1) or 0;excutePlayCsv(""damage"",1) or 0;excutePlayCsv(""damage"",1) or 0;excutePlayCsv(""damage"",1) or 0;excutePlayCsv(""damage"",1) or 0;excutePlayCsv(""damage"",1) or 0;excutePlayCsv(""damage"",1) or 0;excutePlayCsv(""damage"",1) or 0;excutePlayCsv(""damage"",1) or 0;excutePlayCsv(""damage"",1) or 0;excutePlayCsv(""damage"",1) or 0;excutePlayCsv(""damage"",1) or 0;excutePlayCsv(""damage"",1) or 0>",,<1;1;1;1;1;1;1;1;1;1;1;1;1;1;1;1;1;1;1;1>,,,
2510111,,,,,,enemyForce()|nodead,,{process={key=getNowRound()>6;value=<random(3);random(2)>}},,,,<25101100>,<1>,,,<0>,2510111,,
2510112,,,,,,enemyForce()|nodead,useOtherProcess(2510111),,,,,<25101112;25101111;25101117>,<1;5;1>,"<moreE(target:getBuffOverlayCount(25101111),2) and 1 or 0;1;moreE(target:getBuffOverlayCount(25101111),10) and 1 or 0>",,<0;target:hpMax()*0.01;target:hpMax()*0.8>,,,
2510113,,,,,,,,,,,,,,,,,,,
2510114,,,,,,,,,,,,,,,,,,,
2510121,,,,,,enemyForce()|nodead,random(2),,,,,,,,,,2510121,,
2510122,,,,,,enemyForce()|nodead,useOtherProcess(2510121),,,,,<25101118>,<1>,,,<<330;10>>,,,
2510123,,,,,,enemyForce()|nodead,otherProcessExcept(2510121),,,,,<25101118>,<1>,<target:hasBuff(25101119) and (target:hasBuff(25101154) and 1 or 0) or 0>,,<<330;10>>,,,
2510124,,,,0,14,,,,,,,<25101148>,<2>,,,<4000>,,,
2510131,,,,,11,,,,,,,,,,,,2510131,,
2510132,,,,,11,,,,,,,,,,,,,,
2510133,,,,,11,,,,,,,<25101124;25101119>,<1;3>,<target:hasBuff(25101119) and 1 or 0;0.2+((target:damage()+target:specialDamage())/(target:defence()+target:specialDefence())-3)+(target:frontOrBack()==2 and 0.3 or 0)+(target:hasBuff(25101154) and 0.4 or 0)>,,<0;0>,,,
2510134,,,,,11,,,,,,,<25101111;25101117>,<5;1>,"<moreE(self:getBuffOverlayCount(25101126),2) and 1 or 0;moreE(target:getBuffOverlayCount(25101111),10) and 1 or 0>",,<target:hpMax()*0.01;target:hpMax()*0.8>,,,
2510135,,,,0,14,,,,,,,<25101126>,<99>,,,<0>,,,
2510161,,,,0,14,,,,,,,<25101131;25101150;25101151;25101152>,<99;99;99;99>,<1;1;1;1>,,<0;0;0;0>,,,
2510162,,,,,11,,,,,,,<25101124>,<99>,<0>,,<0>,,,
2510163,,,,,,enemyForce()|nodead,"setSelectAttr({""damage"",""specialDamage""},""max"")|attr(""selectAttr"",""max"",1)",,,,,<25101127>,<2>,"<moreE(getNowRound(),8) and (getNowRound()%2==0 and 1 or 0) or 0>",,<0>,,,
2511001,,,,0,14,,,,,,,<25111001;25111002;25111003;25111004;25111005;25111006;25111007;25111008;25111009;25111010;25111011;25111012;25111013;25111014;25111015;25111016;25111017;25111018;25111019;25111020>,<99;99;99;99;99;99;99;99;99;99;99;99;99;99;99;99;99;99;99;99>,"<excutePlayCsv(""damage"",1) or 0;excutePlayCsv(""damage"",1) or 0;excutePlayCsv(""damage"",1) or 0;excutePlayCsv(""damage"",1) or 0;excutePlayCsv(""damage"",1) or 0;excutePlayCsv(""damage"",1) or 0;excutePlayCsv(""damage"",1) or 0;excutePlayCsv(""damage"",1) or 0;excutePlayCsv(""damage"",1) or 0;excutePlayCsv(""damage"",1) or 0;excutePlayCsv(""damage"",1) or 0;excutePlayCsv(""damage"",1) or 0;excutePlayCsv(""damage"",1) or 0;excutePlayCsv(""damage"",1) or 0;excutePlayCsv(""damage"",1) or 0;excutePlayCsv(""damage"",1) or 0;excutePlayCsv(""damage"",1) or 0;excutePlayCsv(""damage"",1) or 0;excutePlayCsv(""damage"",1) or 0;excutePlayCsv(""damage"",1) or 0>",,<1;1;1;1;1;1;1;1;1;1;1;1;1;1;1;1;1;1;1;1>,,,
2520111,,,,,,,,,,,,,,,,,2520111,,
2520112,,,,0,14,,,,,,,,,,,,,,
2520113,,,,,,selfForce()|nodead,otherProcessExcept(2520112)|random(1),,,,,<25201606;25201616>,<3;3>,<1;1>,,<target:specialDamage()*1.35;target:specialDefence()*2.5>,,,
2520114,,,,0,2,,,,,,,<25206123>,<99>,,,<2000>,,,
2520121,,,,,,,,,,,,,,,,,2520121,,
2520122,,,,0,14,,,,,,,,,,,,,,
2520123,,,,,,selfForce()|nodead,"otherProcessExcept(2520123)|attr(""hp"",""max"",1)",,,,,<25201607;25201612>,<1;1>,"<lessE(getForceNum(self:force()),2) and 1 or 0;1>",,<target:hpMax();0>,,,
2520124,,,,,,selfForce()|nodead,otherProcessExcept(2520122)|random(1),,,,,<25201609;25201617>,<3;3>,<1;1>,,<13000;3000>,,,
2520131,,,,,11,,,,,,,,,,,,2520131,,
2520132,,,,,11,,,,,,,,,,,,,,
2520133,,,,0,14,,,,,,,,,,,,,,
2520134,,,,,,selfForce,otherProcessExcept(2520133),,,,,<25201101>,<1>,,,"<<list(1,0,0);1;0>>",,,
2520135,,,,,11,,,,,,,<25201610;25201618>,<1;2>,<1;target:hasBuff(25210006) and 1 or 0>,,<0;0>,,,
2520136,,,,0,11,,,,,,,<25201619>,<1>,"<moreE(getNowRound(),7)and (moreE(getForceNum(1),getForceNum(2))and 1 or 0 ) or 0>",,<7000>,,,
2520151,,,,,24,,,,,,,<25206150;25206152;25206156>,<1;99;99>,<1;1;1>,,<0;0;-90000>,2520100,,
2520152,,,,,24,,,,,,,,,,,,2520110,,
2520161,,,,0,14,,,,,,,<25201601;25201602;25201605;25201613;25206122>,<99;99;99;99;99>,<1;1;1;1;1>,,<<1;1;1>;0;0;0;2000>,,,
2520162,,,,,11,,,,,,,<25201610>,<99>,,,<0>,,,
2520163,,,,,,,,,,,,,,,,,,,
2520171,,,,,,selfForce()|nodead,otherProcessExcept(2520122),,,,,<25201607>,<1>,"<more(self:hp(),target:hp()) and 1 or 0>",,<self:hp()-target:hp()>,,,
2520611,,,,,,,,,,,,,,,,,2520611,,
2520612,,,,,,,,,,,,<25206121>,<1>,,,<4000>,,,
2520621,,,,,,,,,,,,,,,,,2520621,,
2520622,,,,,,,,,,,,<25206158>,<3>,,,<-2500>,,,
2520631,,,,,,,,,,,,,,,,,,,
2520661,,,,,,,,,,,,,,,,,,,
2521001,,,,0,14,,,,,,,<25211001;25211002;25211003;25211004;25211005;25211006;25211007;25211008;25211009;25211010;25211011;25211012;25211013;25211014;25211015;25211016;25211017;25211018;25211019;25211020>,<99;99;99;99;99;99;99;99;99;99;99;99;99;99;99;99;99;99;99;99>,"<excutePlayCsv(""damage"",1) or 0;excutePlayCsv(""damage"",1) or 0;excutePlayCsv(""damage"",1) or 0;excutePlayCsv(""damage"",1) or 0;excutePlayCsv(""damage"",1) or 0;excutePlayCsv(""damage"",1) or 0;excutePlayCsv(""damage"",1) or 0;excutePlayCsv(""damage"",1) or 0;excutePlayCsv(""damage"",1) or 0;excutePlayCsv(""damage"",1) or 0;excutePlayCsv(""damage"",1) or 0;excutePlayCsv(""damage"",1) or 0;excutePlayCsv(""damage"",1) or 0;excutePlayCsv(""damage"",1) or 0;excutePlayCsv(""damage"",1) or 0;excutePlayCsv(""damage"",1) or 0;excutePlayCsv(""damage"",1) or 0;excutePlayCsv(""damage"",1) or 0;excutePlayCsv(""damage"",1) or 0;excutePlayCsv(""damage"",1) or 0>",,<1;1;1;1;1;1;1;1;1;1;1;1;1;1;1;1;1;1;1;1>,,,
3000111,,,,,,,,,,,,,,,,,123111,,
3000112,,,,,,,,,,,,<123111>,<1>,<0.75>,,<self:hp()*0.075>,,,
3000121,,,,,4,,,,,,,,,,,,123121,,
3000122,,,,0,14,,,,,,,<123121>,<2>,,,<self:speed()*0.15>,,,
3000123,,,,,4,,,,,,,,,,,,,,
3000131,,,,,11,,,,,,,,,,,,123131,,
3000132,,,,,11,,,,,,,,,,,,123132,,
3000135,,,,,11,,,,,,,<123111>,<2>,,,<target:hpMax()*0.075>,,,
3000136,,,,,11,,,,,,,<910008>,<2>,,,<-500>,,,
3000211,,,,,,,,,,,,,,,,,2311,,
3000221,,,,,,,,,,,,,,,,,2321,,
3000222,,,,0,14,,,,,,,<21>,<2>,,,<self:hpMax()*0.1>,,,
3000231,,,,,2,,,,,,,,,,,,2331,,
3000232,,,,,2,,,,,,,,,,,,2332,,
3000235,,,,,2,,,,,,,<24;25>,<2;2>,<1;1>,,<-target:defence()*0.2;-target:specialDefence()*0.2>,,,
3000236,,,,0,11,,,,,,,<22;23>,<2;2>,<1;1>,,<self:defence()*0.2;self:specialDefence()*0.2>,,,
3000311,,,,,,,,,,,,,,,,,122111,,
3000312,,,,,,,,,,,,<900017>,<1>,<0.35>,,<0>,,,
3000321,,,,,,,,,,,,,,,,,122121,,
3000322,,,,0,14,,,,,,,<900013>,<1>,,,<10000>,,,
3000331,,,,,4,,,,,,,,,,,,122131,,
3000332,,,,,4,,,,,,,,,,,,,,
3000334,,,,,4,,,,,,,<900017>,<2>,,,<0>,,,
3000335,,,,0,14,,,,,,,<900005>,<1>,<0>,,<self:specialDamage()*0.15>,,,
3000361,,,,,,,,,,,,<900002>,<1>,,,<-self:speed()*0.15>,,,
3000411,,,,,,,,,,,,,,,,,129211,,
3000421,,,,,,,,,,,,,,,,,129221,,
3000431,,,,,3,,,,,,,,,,,,129231,,
3000432,,,,,3,,,,,,,,,,,,129232,,
3000511,,,,,,,,,,,,,,,,,330311,,
3000512,,,,0,14,,,,,,,,,,,,,,
3000521,,,,,,,,,,,,,,,,,330321,,
3000522,,,,,,,,,,,,<330321>,<0>,<0>,,<self:damage()*1>,,,
3000531,,,,,,,,,,,,,,,,,330331,,
3000532,,,,,,,,,,,,,,,,,330332,,
3000537,,,,0,14,,,,,,,<330331;330332>,<1;1>,<1;1>,,<self:strike()*0.1;self:strikeDamage()*0.1>,,,
3000538,,,,0,14,,,,,,,<330333>,<1>,,,<1>,,,
3000611,,,,,,,,,,,,,,,,,354311,,
3000621,,,,,,,,,,,,,,,,,354321,,
3000631,,,,,4,,,,,,,,,,,,354331,,
3000632,,,,,4,,,,,,,,,,,,354332,,
3000711,,,,,,,,,,,,,,,,,311,,
3000712,,,,0,14,,,,,,,<3>,<1>,,,<3000>,,,
3000713,,,,0,14,,,,,,,<4>,<1>,,,<1>,,,
3000721,,,,,,,,,,,,,,,,,321,,
3000722,,,,0,20,,,,2,,,<1>,<1>,,,"<lessE(target:hp()/target:hpMax(),0.3) and (self:specialDamage()*1.3) or (self:specialDamage() )>",,,
3000723,,,,,,,,,,,,<5>,<2>,,,<self:specialDamage()*0.5>,,,
3000731,,,,,,,,,,,,,,,,,331,,
3000732,,,,,,,,,,,,,,,,,332,,
3000735,,,,0,11,,,,,,,<1>,<1>,,,"<lessE(target:hp()/target:hpMax(),0.3) and (self:specialDamage()*1.2*1.3) or (self:specialDamage()*1.2)>",,,
3000736,,,,0,11,,,,,,,<2>,<2>,<0.3>,,"<lessE(target:hp()/target:hpMax(),0.3) and (self:specialDamage()*0.5*1.3) or (self:specialDamage()*0.5)>",,,
3000811,,,,,,,,,,,,,,,,,125311,,
3000821,,,,,,,,,,,,,,,,,125321,,
3000831,,,,,11,,,,,,,,,,,,125331,,
3000832,,,,,11,,,,,,,,,,,,125332,,
3000911,,,,,,,,,,,,,,,,,124111,,
3000912,,,,,,,,,,,,<124111>,<1>,<0.4>,,<100>,,,
3000921,,,,,,,,,1,,,,,,,,124121,,
3000922,,,,,,,,,1,,,,,,,,,,
3000931,,,,,2,,,,,,,,,,,,124131,,
3000932,,,,,2,,,,,,,,,,,,124132,,
3000936,,,,0,11,,,,,,,<124131>,<2>,<0>,,<-self:strike()*0.35>,,,
3000937,,,,0,11,,,,,,,<124133>,<1>,,,<0>,,,
3000961,,,,0,11,,,,,,,<124161>,<99>,,,<self:speed()*0.075>,,,
3001011,,,,,,,,,,,,,,,,,223311,,
3001021,,,,,,,,,,,,,,,,,223321,,
3001031,,,,,4,,,,,,,,,,,,223331,,
3001032,,,,,4,,,,,,,,,,,,223332,,
3001111,,,,,,,,,,,,,,,,,1311,,
3001121,,,,,,,,,,,,,,,,,1321,,
3001122,,,,,,,,,,,,,,,,,1322,,
3001123,,,,,,,,,,,,<11>,<2>,,,<self:specialDamage()*0.5>,,,
3001131,,,,,4,,,,,,,,,,,,1331,,
3001132,,,,,4,,,,,,,,,,,,1332,,
3001135,,,,,4,,,,,,,<11>,<2>,<0.5>,,<self:specialDamage()*0.5>,,,
3001161,,,,,,,,,,,,<12>,<1>,<target:hasBuff(11) and 1 or 0>,,<self:specialDamage()>,,,
3001211,,,,,,,,,,,,,,,,,75311,,
3001221,,,,,,,,,,,,,,,,,75321,,
3001231,,,,,4,,,,,,,,,,,,75331,,
3001241,,,,,,,,,,,,,,,,,75341,,
3001242,,,,,,,,,,,,,,,,,75342,,
3001311,,,,,,,,,,,,,,,,,129311,,
3001321,,,,,,,,,,,,,,,,,129321,,
3001331,,,,,3,,,,,,,,,,,,129331,,
3001332,,,,,3,,,,,,,,,,,,129332,,
3030211,,,,,,,,,,,,,,,,,30211,,
3030221,,,,,,,,,,,,,,,,,30221,,
3030222,,,,0,14,,,,,,,<301221>,<2>,,,<self:damage()*0.15>,,,
3030223,,,,0,14,,,,,,,<301222>,<2>,,,<self:defence()*0.15>,,,
3030231,,,,,11,,,,,,,,,,,,30231,,
3030232,,,,,11,,,,,,,,,,,,,,
3030261,,,,0,14,,,,,,,<301224>,<99>,,,<0>,,,
3335331,,,,,11,,,,,,,,,,,,335331,,
3335332,,,,,11,,,,,,,,,,,,,,
3335333,,,,,,selfForce|nodead,"attr(""hp"",""min"",2)",,,,,<3351129>,<1>,,,<500000>,,,
3335334,,,,0,11,,,,,,,<3351122>,<1>,,,"<self:specialDamage()*((moreE(self:star(),11) and 2 or 1.5)+(self:flagZ3() and 0.5 or 0))>",,,
3335361,,,,0,11,,,,,,,<3351125;3351126;3351127>,<99;99;99>,<self:flagZ4() and 1 or 0;1;1>,,<1000;1500+skillLevel*15-15;0>,,,
4200001,,,,0,14,,,,,,,<4200001;4200002>,<99;99>,<1;1>,,<1;1>,,,
4200101,,,,0,14,,,,,,,<4200101>,<99>,,,<1>,,,
4200111,,,,0,14,,,,,,,<3771112>,<1>,,,"<min((self:defence()+self:specialDefence())*3,self:hpMax()*(0.05+0.05*countObjByBuff((self:force() == 1 and 2 or 1),{3771111},{})) )>",,,
4200121,,,,,4,,,,,,,,,,,,47131,,
4200122,,,,,4,,,,,,,<471222>,<1>,<self:flagZ3() and 0.7 or 0.4>,,<0>,,,
4200123,,,,0,14,,,,,,,<471223>,<1>,,,"<min(self:damage()*8,moreEqualThan(self:star(),11) and self:hpMax()*0.25 or self:hpMax()*0.15)>",,,
4200131,,,,0,14,,,,,,,<4200131>,<99>,,,<0>,,,
4200201,,,,0,14,,,,,,,<4200201>,<99>,,,<1>,,,
4200301,,,,0,14,,,,,,,<4200301>,<99>,,,<1>,,,
4200401,,,,0,14,,,,,,,<4200401>,<99>,,,<1>,,,
4200501,,,,0,14,,,,,,,<4200501>,<99>,,,<1>,,,
8003111,,,,0,14,,,,,,,<800311>,<99>,,,<0>,,,
8003211,,,,0,14,,,,,,,<800321>,<99>,,,<self:suckBlood()*0.5>,,,
8003311,,,,0,14,,,,,,,<800331>,<99>,,,<(self:suckBlood()-1)*500>,,,
8003312,,,,,,enemyForce|nodead,random(1),,,,,<8003322>,<1>,,,<0>,,,
8003313,,,,,11,,,,,,,<8003112>,<2>,,,<0>,,,
8003314,,,,0,14,,,,,,,<8003323>,<1>,,,<0>,,,
8003315,,,,0,14,,,,,,,<8003324>,<2>,,,<0>,,,
8003316,,,,,11,,,,,,,<8003325>,<1>,,,<0>,,,
8003317,,,,,11,,,,,,,<8003326>,<2>,,,<0>,,,
8003318,,,,0,14,,,,,,,<8003327;8003328;8003329>,<1;1;1>,"<1;moreEqualThan(self:star(),11) and 1 or 0;moreEqualThan(self:star(),11) and 1 or 0>",,<<1;1;1>;0;0>,,,
8003391,,,,,11,,,,,,,,,,,,800339,,
8003401,,,,,11,,,,,,,,,,,,800340,,
8003411,,,,0,14,,,,,,,<800341>,<99>,,,<0>,,,
8003511,,,,0,14,,,,,,,<800351>,<99>,,,<0>,,,
8003611,,,,0,14,,,,,,,<800361>,<99>,,,<0>,,,
8004111,,,,,11,,,,,,,<800411>,<1>,,,<target:hpMax()+1>,,,
8004211,,,,0,14,,,,,,,<800421>,<1>,,,<200*getNatureCount(self:force())>,,,
8004311,,,,0,14,,,,,,,<800431>,<99>,,,<3000>,,,
8004411,,,,0,14,,,,,,,<800441;800442;800443>,<99;99;99>,<1;1;1>,,<self:defence()*0.05;self:specialDefence()*0.05;500>,,,
8004511,,,,0,14,,,,,,,<800451>,<99>,,,<0>,,,
8004611,,,,0,14,,,,,,,<800461>,<99>,,,<0>,,,
8005011,,,,,,,,,,,,,,,,,8005011,,
8005012,,,,,,,,,,,,<8005028;8005013;8005027>,<99;2;2>,"<(moreEqualThan(self:star(), 8) and target:hasBuffGroup(1323)) and 0.3 or 0;1;moreEqualThan(self:star(),8) and 1 or 0>",,<0;(skillLevel*200);-(target:defence()* 0.1)>,,,
8005013,,,,0,14,,,,,,,<8005016>,<2>,,,<self:specialDamage()*0.1>,,,
8005021,,,,,,,,,,,,,,,,,8005022,,
8005022,,,,,,,,,,,,<8005028;8005014;8005027>,<99;2;2>,"<(moreEqualThan(self:star(), 8) and target:hasBuffGroup(1323)) and 0.3 or 0;1;moreEqualThan(self:star(),8) and 1 or 0>",,<0;0;-(target:defence()* 0.1)>,,,
8005023,,,,,,,,,,,,<8005018>,<99>,<(self:cardID() == 8005 and target:hasBuffGroup(21)) and 1 or 0>,,<0>,,,
8005031,,,,,4,,,,,,,,<1>,,,,8005033,,
8005032,,,,,4,,,,,,,<8005028;8005019;8005020;8005020;8005027>,<99;1;1;99;2>,"<(moreEqualThan(self:star(), 8) and target:hasBuffGroup(1323)) and 0.3 or 0;1;1;(self:cardID() == 8005 and moreEqualThan(self:star(), 11) and target:hasBuffGroup(21)) and 1 or 0;moreEqualThan(self:star(),8) and 1 or 0>",,<0;-(target:defence() * (0.2 + math.random() * 0.2));-1000;-5000;-(target:defence()* 0.1)>,,,
8005033,,,,,4,,,,,,,<8005033>,<1>,,,<self:specialDamage()*0.6>,,,
8005034,,,,0,2,,,,,,,<8005016>,<1>,,,<self:specialDamage()*0.15>,,,
8005035,,,,0,14,,,,,,,<8005032>,<2>,"<(self:cardID() == 8005 and moreEqualThan(self:star(), 11) and target:hasBuffGroup(21)) and 1 or 0>",,<self:specialDamage()*0.25>,,,
8005041,,,,0,14,,,,,,,<8005029;8005030;8005023>,<99;1;99>,<1;1;1>,,<0;0;0>,,,
8005042,,,,0,14,,,,,,,<8005031;8005025>,<2;99>,<1;1>,,<0;0>,,,
8006011,,,,,,,,,,,,,,<>,,,8006011,,
8006012,,,,,,,,,,,,<8006046;8006012;8006011>,<1;1;2>,"<((getNowRound() == 1 or getNowRound() == 2) and moreEqualThan(self:star(), 8)) and 1 or 0;(getNowRound()==1 or getNowRound()==2) and 1 or 0;0.5>",,<0;0;0>,,,
8006021,,,,,4,,,,,,,,,,,,8006021,,
8006022,,,,,,,,,,,,,,,,,,,
8006023,,,,,,,,,,,,,,,,,,,
8006024,,,,0,14,,,,,,,<8006025;8006026>,<1;1>,<target:hasBuffGroup(27) and 1 or 0;0.5>,,<1500;2000>,,,
8006025,,,,,4,,,,,,,<8006043;8006046;8006021;8006023>,<2;1;1;1>,"<(getNowRound()==1 or getNowRound()==2) and 1 or 0;((getNowRound() == 1 or getNowRound() == 2) and moreEqualThan(self:star(), 8)) and 1 or 0;target:hasBuffGroup(27) and 1 or 0;self:hasBuff(8006026) and 1 or 0>",,<-1500;0;0;0>,,,
8006031,,,,,11,,,,,,,,,,,,8006031,,
8006032,,,,,11,,,,,,,,,,,,8006032,,
8006033,,,,,,,,,,,,,,,,,,,
8006034,,,,,,,,,,,,,,,,,,,
8006035,,,,,11,,,,,,,<8006043;8006046;8006031;8006034;8006035>,<2;1;1;1;2>,"<(getNowRound()==1 or getNowRound()==2) and 1 or 0;((getNowRound() == 1 or getNowRound() == 2) and moreEqualThan(self:star(), 8)) and 1 or 0;0.6;0;moreEqualThan(self:star(),11) and 1 or 0>",,<-1500;0;0;0;-200>,,,
8006036,,,,0,14,,,,,,,<8006032>,<1>,<(getNowRound()==1 or getNowRound()==2) and 1 or 0>,,<3000>,,,
8006041,,,,0,14,,,,,,,<8006041;8006042;8006044;8006047>,<3;3;2;3>,<1;1;1;1>,,<2000;200;0;(10+skillLevel-1)*0.5>,,,
8006042,,,,0,14,,,,,,,<8006045>,<3>,"<((getNowRound() == 1 or getNowRound() == 2) and moreEqualThan(self:star(), 8)) and 1 or 0>",,<10000>,,,
8009011,,,,,,,,,,,,,,,,,800911,,
8009012,,,,0,14,,,,,,,<500310125>,<2>,,,<self:flagZ1() and 2000 or 1500>,,,
8009021,,,,,,,,,,,,,,,,,800921,,
8009022,,,,,,,,,,,,,,,,,800922,,
8009023,,,,,,,,,,,,<500310120;500310129>,<99;1>,<1;1>,,"<0;min(target:hp()*0.5,self:damage()*4)>",,,
8009024,,,,0,14,,,,,,,<500310119>,<2>,<self:flagZ2() and 1 or 0>,,<1500>,,,
8009031,,,,,4,,,,,,,,,,,,800931,,
8009032,,,,,4,,,,,,,,,,,,800932,,
8009033,,,,,4,,,,,,,,,,,,800933,,
8009034,,,,,4,,,,,,,<500310124>,<99>,"<moreEqualThan(self:star(),11) and 1 or 0>",,<self:flagZ3() and  -target:defence()*0.4 or -target:defence()*0.3>,,,
8009035,,,,0,14,,,,,,,<500310123;500310126;500310130>,<99;2;99>,"<moreEqualThan(self:star(),11) and 1 or 0;1;1>",,<self:defence()*0.15;0;0>,,,
8009041,,,,0,14,,,,,,,<500310125;500310126;500310135>,<2;2;99>,<((getNowRound()==1 or getNowRound()==2) and 1 or 0);((getNowRound()==1 or getNowRound()==2) and 1 or 0);1>,,<self:flagZ4() and 2000 or 1500;self:flagZ4() and self:curSkill():getTotalDamage()*0.15 or self:curSkill():getTotalDamage()*0.1;0>,,,
8009042,,,,0,14,,,,,,,<500310126;500310128;500310133>,<99;2;99>,"<moreEqualThan(self:star(),8) and 1 or 0;1;1>",,<(500+skillLevel*40);0;0>,,,
9810111,,,,,,,,,,,,,,<>,,,810111,,
9810112,,,,0,14,,,,,,,<9810111>,<3>,,,<self:hpMax()*0.1>,,,
9810113,,,,,,selfForce|nodead,"exclude(list(csvSelf:id()))|attr(""damage"",""max"",1)",,,,,<9810111>,<3>,,,<target:hpMax()*0.1>,,,
9810121,,,,,,enemyForce|nodead,random(3),,,,,,,<>,,,810121,,
9810122,,,,,,enemyForce|nodead,random(3),,,,,<9810121;9810122>,<2;2>,<1;1>,,<2000;-target:speed()*0.1>,,,
9810131,,,,,11,enemyForce|nodead,,,,,,,,,,,810131,,
9810132,,,,,11,enemyForce|nodead,,,,,,<9810131;9810133>,<1;1>,"<1;moreEqualThan(self:star(), 11) and 0.3 or 1>",,<2000;0>,,,
9810133,,,,,,enemyForce|nodead,rowfront,,,,,<9810132>,<1>,"<moreEqualThan(self:star(), 11) and 1 or 0>",,<self:curSkill():getTotalDamage()*0.1>,,,
9810134,,,,,,enemyForce|nodead,rowback,,,,,<9810132>,<1>,"<moreEqualThan(self:star(), 11) and 1 or 0>",,<self:curSkill():getTotalDamage()*0.25>,,,
9810161,,,,0,14,,,,,,,<9810161>,<99>,,,<<1;0;0>>,,,
9810211,,,,,,,,,,,,,,<>,,,810211,,
9810212,,,,0,14,,,,,,,<9810211;9810212;9810213;9810214>,<3;1;2;2>,<1;1;1;self:flagZ1() and 1 or 0>,,<self:hpMax()*0.1;self:hpMax()*0.1;self:speed()*0.1;self:defence()*0.1>,,,
9810213,,,,,,selfForce|nodead,"exclude(list(csvSelf:id()))|attr(""damage"",""max"",1)",,,,,<9810211>,<3>,,,<target:hpMax()*0.1>,,,
9810214,,,,,,selfForce|nodead,"exclude(list(csvSelf:id()))|attr(""hp"",""min"",1)",,,,,<9810212>,<1>,,,<target:hpMax()*0.1>,,,
9810215,,,,,,selfForce|nodead,"exclude(list(csvSelf:id()))|attr(""speed"",""min"",1)",,,,,<9810213>,<2>,,,<target:speed()*0.1>,,,
9810216,,,,,,selfForce|nodead,"exclude(list(csvSelf:id()))|attr(""defence"",""min"",1)",,,,,<9810214>,<2>,<self:flagZ1() and 1 or 0>,,<target:defence()*0.1>,,,
9810221,,,,,,enemyForce|nodead,random(3),,,,,,,<>,,,810221,,
9810222,,,,,,enemyForce|nodead,random(3),,,,,<9810221;9810222;9810263>,<2;2;2>,"<1;1;moreE(self:hp(),self:hpMax()*0.6) and 0.5 or 0>",,<2000;-target:speed()*0.1;1>,,,
9810223,,,,0,14,,,,,,,<9810223;9810224>,<2;2>,<1;self:flagZ2() and 1 or 0>,,<2000;self:hpMax()*0.1>,,,
9810224,,,,,,selfForce|nodead,"exclude(list(csvSelf:id()))|attr(""hp"",""min"",1)",,,,,<9810224>,<2>,<self:flagZ2() and 1 or 0>,,<self:hpMax()*0.1>,,,
9810230,,,,,11,enemyForce|nodead,,,,,,,,,,,810231,,
9810231,,,,,11,enemyForce|nodead,,,,,,,,,,,810232,,
9810232,,,,,11,enemyForce|nodead,,,,,,<9810231;9810233;9810234>,<1;1;1>,"<1;moreEqualThan(self:star(), 11) and 0.3 or 0;lessE(target:hp(),target:hpMax()*0.1) and 1 or 0>",,<self:flagZ3() and 3000 or 2000;0;1>,,,
9810233,,,,,,enemyForce|nodead,rowfront,,,,,<9810232>,<1>,"<moreEqualThan(self:star(), 11) and 1 or 0>",,<self:curSkill():getTotalDamage()*0.1>,,,
9810234,,,,,,enemyForce|nodead,rowback,,,,,<9810232>,<1>,"<moreEqualThan(self:star(), 11) and 1 or 0>",,<self:curSkill():getTotalDamage()*0.25>,,,
9810261,,,,0,14,,,,,,,<9810261>,<99>,,,<<1;1;0>>,,,
10000211,,,,0,14,,,,,,,<1981131>,<99>,,,<1>,,,
10000311,,,,,,,,,,,,,,,,,311,,
10000321,,,,,,,,,,,,,,,,,321,,
10000323,,,,,,,,,,,,<1221>,<3>,,,<self:specialDamage()*0.15>,,,
10000331,,,,,,,,,,,,,,,,,331,,
10000332,,,,,,,,,,,,,,,,,332,,
10001311,,,,,,,,,,,,,,,,,1311,,
10001321,,,,,,,,,,,,,,,,,1321,,
10001322,,,,,,,,,,,,,,,,,1322,,
10001323,,,,,,,,,,,,<11221>,<2>,,,<self:specialDamage()*0.15>,,,
10001324,,,,0,14,,,,,,,<11222>,<2>,,,<self:specialDamage()*0.2>,,,
10001331,,,,,4,,,,,,,,,,,,1331,,
10001332,,,,,4,,,,,,,,,,,,1332,,
10001333,,,,,4,,,,,,,<11221>,<2>,,,<self:specialDamage()*0.25>,,,
10001334,,,,,4,,,,,,,<11223;11224>,<2;2>,<1;1>,,<-target:defence()*0.15;-target:specialDefence()*0.15>,,,
10002311,,,,,,,,,,,,,,,,,2311,,
10002321,,,,,,,,,,,,,,,,,2321,,
10002331,,,,,2,,,,,,,,,,,,2331,,
10002332,,,,,2,,,,,,,,,,,,2332,,
10002333,,,,,2,,,,,,,<21223;21224>,<2;2>,<1;1>,,<-target:damage()*0.1;-target:specialDamage()*0.1>,,,
10026311,,,,,,,,,,,,,,,,,26311,,
10026321,,,,,,,,,,,,,,,,,26321,,
10026322,,,,,,,,,,,,<2611;2612>,<2;2>,"<less(target:hp()/target:hpMax(),self:hp()/self:hpMax()) and 1 or 0;more(target:hp()/target:hpMax(),self:hp()/self:hpMax()) and 0 or 1>",,<-target:specialDefence()*0.15;-target:specialDamage()*0.15>,,,
10026331,,,,,11,,,,,,,,<2;2>,,,,26331,,
10026332,,,,,11,,,,,,,,,,,,26332,,
10026333,,,,,11,,,,,,,<2613>,<2>,<0.25+(target:hasBuff(2612) and 0.25 or 0)>,,<0>,,,
10033311,,,,,,,,,,,,,,,,,33311,,
10033312,,,,,,,,,,,,<331121>,<1>,<0.1>,,<1>,,,
10033321,,,,,,,,,,,,,,,,,33321,,
10033322,,,,,,,,,,,,<331121>,<1>,<0.3>,,<1>,,,
10033323,,,,,,,,,,,,<331122>,<1>,,,<1>,,,
10033331,,,,,11,,,,,,,,,,,,33331,,
10033332,,,,,11,,,,,,,<331125>,<2>,"<moreEqualThan( target:mp1()/target:mp1Max(),0.7 ) and 1 or 0>",,<-1000>,,,
10033333,,,,,11,,,,,,,<331126>,<1>,,,<-50>,,,
10039311,,,,,,,,,,,,,,,,,39311,,
10039312,,,,0,14,,,,,,,<396>,<2>,,,<self:specialDamage()*0.2>,,,
10039321,,,,,,,,,,,,,,,,,39321,,
10039322,,,,,,,,,,,,<392>,<2>,,,<-target:specialDefence()*0.2>,,,
10039331,,,,,11,,,,,,,,,,,,39331,,
10039332,,,,,11,,,,,,,<391;393>,<2;2>,<0.5;1>,,<2;-self:specialDamage()*0.2>,,,
10039361,,,,,20,,,,1,,,<394;395>,<1;1>,<1;1>,,<-(2000+skillLevel*20);self:specialDamage()*1.5>,,,
10040211,,,,,,,,,,,,,,,,,40211,,
10040212,,,,0,14,,,,,,,<401101>,<2>,<self:hasBuff(401108) and  0 or 1>,,<self:defence()*0.6>,,,
10040221,,,,,,,,,,,,,,,,,40221,,
10040222,,,,,,,,,,,,<401102;401103>,<2;2>,<1;1>,,<0;1000>,,,
10040231,,,,,11,,,,,,,,,,,,40231,,
10040232,,,,,11,,,,,,,,,,,,,,
10040233,,,,,,,,,,,,,,,,,,,
10040234,,,,,,enemyForce|nodead,backRowRandom(1),,,,,<401111>,<99>,"<moreEqualThan(self:star(),11) and 0.35 or 0>",,<1>,,,
10049311,,,,,,,,,,,,,,,,,49311,,
10049312,,,,,,,,,,,,<491221>,<1>,<0.5>,,<1>,,,
10049321,,,,,,,,,,,,,,,,,49321,,
10049322,,,,0,14,,,,,,,<491224;491225>,<2;2>,<1;1>,,<target:defence()*0.25;target:damage()*0.25>,,,
10049323,,,,,,selfForce|nodead,"otherProcessExcept(10049322)|attr(""damage"",""max"",1)",,,,,<491224;491225>,<2;2>,<1;1>,,<target:defence()*0.25;target:damage()*0.25>,,,
10049331,,,,,2,,,,,,,,,,,,49331,,
10049332,,,,,2,,,,,,,,,,,,49332,,
10049333,,,,,2,,,,,,,<491226>,<1>,,,<self:defence()*1.5>,,,
10057211,,,,,3,,,,2,,,,,,,,57211,,
10057212,,,,0,14,,,,,,,<571121>,<2>,,,<2000>,,,
10057221,,,,,3,,,,2,,,,,,,,57221,,
10057222,,,,,3,,,,2,,,<571122>,<99>,,,<0>,,,
10057231,,,,,3,,,,2,,,,,,,,57231,,
10057232,,,,,3,,,,2,,,,,,,,57232,,
10057233,,,,0,14,,,,,,,,,,,,,,
10057234,,,,,3,,,,2,,,<571127>,<1>,,,<0>,,,
10057235,,,,0,14,,,,,,,,,,,,,,
10059311,,,,,,,,,,,,,,,,,59311,,
10059312,,,,0,14,,,,,,,<593>,<1>,,,<self:defence()*0.2>,,,
10059313,,,,0,14,,,,,,,<594>,<1>,,,<1>,,,
10059321,,,,,,,,,,,,,,,,,59321,,
10059322,,,,0,14,,,,,,,<591>,<1>,,,<200>,,,
10059331,,,,,4,,,,,,,,,,,,59331,,
10059332,,,,0,14,,,,,,,<591>,<1>,,,<200>,,,
10059333,,,,,4,,,,,,,<592>,<1>,,,<-150>,,,
10060311,,,,,,,,,,,,,,,,,60311,,
10060312,,,,,,,,,,,,<601121>,<2>,<0.25>,,<self:specialDamage()*0.15>,,,
10060321,,,,,,,,,,,,,,,,,60321,,
10060322,,,,0,14,,,,,,,<601122>,<2>,,,<2000>,,,
10060331,,,,,2,,,,,,,,,,,,60331,,
10060332,,,,,2,,,,,,,,,,,,60332,,
10060333,,,,,2,,,,,,,<601121>,<2>,,,<self:specialDamage()*0.15>,,,
10060334,,,,,2,,,,,,,<601123>,<2>,"<target:hasBuffGroup(1500,1510,1520) and 1 or 0>",,<1>,,,
10063211,,,,,,,,,,,,,,,,,63211,,
10063212,,,,,,,,,,,,<63211>,<1>,,,<-1500>,,,
10063213,,,,,,,,,,,,<63271>,<1>,<self:hasBuff(63261) and 1 or 0>,,<1500>,,,
10063221,,,,,,,,,,,,,,,,,63221,,
10063222,,,,,,,,,,,,<63221>,<1>,,,<0>,,,
10063223,,,,0,14,,,,,,,<63231>,<1>,,,<2000>,,,
10063224,,,,,,,,,,,,<63271>,<1>,<self:hasBuff(63261) and 1 or 0>,,<1500>,,,
10063231,,,,,4,,,,,,,,,,,,63231,,
10063232,,,,,4,,,,,,,,,,,,63232,,
10063233,,,,,4,,,,,,,<63241>,<1>,,,<-self:defence()*0.2>,,,
10063234,,,,,4,,,,,,,<63221>,<1>,,,<0>,,,
10063235,,,,,,,,,,,,<63271>,<1>,<self:hasBuff(63261) and 1 or 0>,,<1500>,,,
10063261,,,,0,14,,,,,,,<63261>,<99>,,,<0>,,,
10072111,,,,,,,,,,,,,,,,,72111,,
10072112,,,,,,,,,,,,<72111>,<2>,,,<-2000>,,,
10072121,,,,,4,,,,,,,,,,,,72121,,
10072122,,,,,4,,,,,,,<72112>,<1>,,,<0>,,,
10072123,,,,0,14,,,,,,,<72113>,<2>,,,<2000>,,,
10072131,,,,,11,,,,,,,,,,,,72131,,
10072132,,,,,11,,,,,,,,,,,,72132,,
10072133,,,,,11,,,,,,,<72114;72118>,<2;1>,<0.5;0.3>,,<-3000;target:hpMax()*0.25>,,,
10072141,,,,,20,,,,,1,,<72116>,<target:hasBuff(72115) and 0 or 1>,,,<-target:specialDamage()*0.2>,,,
10072142,,,,,20,,,,,1,,<72115>,<99>,,,<0>,,,
10072151,,,,,20,,,,,1,,<72116>,<target:hasBuff(72115) and 0 or 1>,,,<-target:specialDamage()*0.2>,,,
10072152,,,,,20,,,,,1,,<72115>,<99>,,,<0>,,,
10072161,,,,0,14,,,,,,,<72117>,<99>,,,<2000+skillLevel*20-20>,,,
10073111,,,,,,,,,,,,,,,,,73111,,
10073112,,,,0,14,,,,,,,<73111>,<2>,,,<self:specialDamage()*0.15>,,,
10073121,,,,,,,,,,,,,,,,,73121,,
10073122,,,,0,14,,,,,,,<73112;73113>,<2;2>,<1;1>,,<2000;2000>,,,
10073131,,,,,4,,,,,,,,,,,,73131,,
10073132,,,,,4,,,,,,,,,,,,73132,,
10073133,,,,,4,,,,,,,<73114;73115;73116>,<2;2;2>,<1;1;1>,,<self:specialDamage()*2;-200;-2000>,,,
10073151,,,,,20,,,,,1,,<73119;73120;73121>,<2;2;2>,<1;1;1>,,<self:specialDamage()*2;-200;-2000>,,,
10074111,,,,,,,,,,,,,,,,,74111,,
10074112,,,,,,,,,,,,<74111>,<1>,<0.3>,,<self:specialDamage()*0.5>,,,
10074121,,,,,4,,,,,,,,,,,,74121,,
10074122,,,,,4,,,,,,,<74111>,<2>,,,<self:specialDamage()*0.5>,,,
10074124,,,,,14,,,,,,,<74122>,<1>,,,<1>,,,
10074131,,,,,11,,,,,,,,,,,,74131,,
10074132,,,,,11,,,,,,,,,,,,74132,,
10075311,,,,,,,,,,,,,,,,,75311,,
10075312,,,,,,,,,,,,<753121>,<2>,,,<2000>,,,
10075321,,,,,,,,,,,,,,,,,75321,,
10075322,,,,,,,,,,,,<753122>,<2>,,,<self:damage()*0.3>,,,
10075331,,,,,4,,,,,,,,,,,,75331,,
10075332,,,,,4,,,,,,,<753124;753123>,<1;2>,<target:hasBuffGroup(27) and 0.3 or 0;1>,,<0;0>,,,
10075341,,,,,,,,,,,,,,,,,75341,,
10075342,,,,,,,,,,,,,,,,,75342,,
10075343,,,,,,,,,,,,<753126>,<1>,,,<0>,,,
10075344,,,,,,,,,,,,<753125>,<1>,"<moreEqualThan(self:star(),11) and 0.3 or 0>",,<0>,,,
10075361,,,,,,,,,,,,,,,,,,,
10076111,,,,,,,,,,,,,,,,,76111,,
10076112,,,,0,14,,,,,,,<761121>,<2>,,,<self:specialDamage()*0.2>,,,
10076121,,,,,4,,,,,,,,,,,,76121,,
10076122,,,,,4,,,,,,,<761122;761124;3301129;3301124>,<1;1;1;1>,"<0.4;1;1;moreThan(target:speed(),self:speed()) and 2 or 0.5>",,<1;<200;1>;0;0>,,,
10076123,,,,0,14,,,,,,,<761136>,<1>,,,<0>,,,
10076131,,,,,,,,,,,,,,,,,76131,,
10076132,,,,,,,,,,,,,,,,,76132,,
10076133,,,,0,14,,,,,,,<761125;761126>,<1;2>,<1;1>,,<4000;3000>,,,
10076134,,,,,11,,,,,,,<761127>,<2>,,,<-6000>,,,
10076135,,,,0,14,,,,,,,<761128>,<2>,,,<self:curSkill():getTotalDamage()>,,,
10077111,,,,,,,,,,,,,,,,,77111,,
10077112,,,,0,14,,,,,,,<77111;77112>,<2;1>,<1;1>,,<self:damage()*0.2;100>,,,
10077121,,,,,,,,,,,,,,,,,77121,,
10077122,,,,0,14,,,,,,,<77113>,<1>,,,<3000>,,,
10077131,,,,,11,,,,,,,,,,,,77131,,
10077132,,,,,11,,,,,,,,,,,,77132,,
10077133,,,,,11,,,,,,,<77114;77115>,<1;1>,<0.5;0.5>,,<0;0>,,,
10077134,,,,,11,,,,,,,<77116;77117;77118;77119>,<1;1;1;1>,<(target:hasBuff(77114) and target:hasBuff(77115)) and (0.3+(6-getForceNum(self:force()))*0.06) or 0;(target:hasBuff(77114) and (not target:hasBuff(77115))) and (0.3+(6-getForceNum(self:force()))*0.06) or 0;((not target:hasBuff(77114)) and target:hasBuff(77115)) and (0.3+(6-getForceNum(self:force()))*0.06) or 0;((not target:hasBuff(77114)) and (not target:hasBuff(77115))) and (0.3+(6-getForceNum(self:force()))*0.06) or 0>,,<99;0;0;0>,,,
10077151,,,,0,14,,,,,,,<77122>,<1>,,,<(500+skillLevel*10-10)>,,,
10077161,,,,0,14,,,,,,,<77120;77121>,<1;99>,<1;1>,,<300+skillLevel*3-3;0>,,,
10088311,,,,,,,,,,,,,,,,,88311,,
10088312,,,,,,,,,,,,<881121>,<2>,<0.2>,,<-target:speed()*0.2>,,,
10088321,,,,,,,,,,,,,,,,,88321,,
10088322,,,,,,selfForce|nodead,"attr(""specialDamage"",""max"",1)",,,,,<881122>,<2>,,,<2000>,,,
10088323,,,,,,selfForce|nodead,"attr(""specialDamage"",""max"",1)",,,,,<881123>,<1>,,,<(target:nature(1)==5 or target:nature(2)==5 or target:nature(1)==17 or target:nature(2)==17) and 200 or 100>,,,
10088331,,,,,4,,,,,,,,,,,,88331,,
10088332,,,,,4,,,,,,,,,,,,88332,,
10088333,,,,,4,,,,,,,<881124>,<2>,<0.5>,,<1>,,,
10088334,,,,0,11,,,,,,,<881126>,<3>,,,<2000>,,,
10107111,,,,,,,,,,,,<1071121;1071126>,<99;1>,<1;1>,,<0;0>,107111,,
10107112,,,,,,enemyForce,random(1),,,,,<1071121;1071126>,<99;1>,<1;1>,,<0;0>,107112,{needUpdateTarget=True;prob=0.4},
10107121,,,,,,,,,,,,<1071121;1071126>,<99;1>,<1;1>,,<0;0>,107121,,
10107122,,,,0,14,,,,,,,<1071123>,<2>,,,<3000>,,,
10107131,,,,,,,,,,,,<1071121>,<99>,,,<0>,107131,,
10107132,,,,,,,,,,,,<1071121>,<99>,,,<0>,107132,{needUpdateTarget=True;prob=0.5},
10107133,,,,,,,,,,,,<1071121>,<99>,,,<0>,107133,{needUpdateTarget=True;prob=0.5},
10107134,,,,,,,,,,,,<1071121>,<99>,,,<0>,107134,{needUpdateTarget=True;prob=0.5},
10107135,,,,,,,,,,,,<1071121;1071126>,<99;1>,<1;1>,,<0;0>,107135,,
10108211,,,,,,,,,,,,,,,,,108211,,
10108212,,,,0,14,,,,,,,<1081111>,<2>,,,<self:damage()*0.2>,,,
10108221,,,,,2,,,,,,,,,,,,108221,,
10108222,,,,,21,,,,,2,,<1081119>,<99>,,,<0>,,,
10108231,,,,,,,,,,,,<1081114>,<1>,<target:hasBuffGroup(26) and 0 or 1>,,<target:hpMax()*0.3>,108231,,
10108232,,,,,,,,,,,,,,,,,108232,,
10117211,,,,,,,,,,,,,,,,,117211,,
10117212,,,,0,20,,,,,1,,<1171224;1171225>,<2;2>,<0.5;target:hasBuff(1171224)and 1 or 0>,,<target:damage()*0.1;target:specialDamage()*0.1>,,,
10117221,,,,,,,,,,,,,,,,,117221,,
10117222,,,,,,selfForce|nodead,"setSelectAttr({""damage"",""specialDamage""},""max"")|attr(""selectAttr"",""max"",1)",,,,,<1171221;1171222>,<2;2>,<1;1>,,<2000;2000>,,,
10117231,,,,,11,,,,,,,,,,,,117231,,
10117232,,,,0,11,,,,,,,<1171224;1171225>,<2;2>,<1;1>,,<target:damage()*0.15;target:specialDamage()*0.15>,,,
10122111,,,,,,,,,,,,,,,,,122111,,
10122112,,,,,,,,,,,,<122111>,<1>,<0.35>,,<0>,,,
10122121,,,,,,,,,,,,,,,,,122121,,
10122122,,,,0,14,,,,,,,<122112>,<1>,"<moreE(self:speed() , target:speed()) and 1 or 0>",,<3000>,,,
10122131,,,,,4,,,,,,,,,,,,122131,,
10122132,,,,,4,,,,,,,<122116>,<1>,,,<-2000>,122132,,
10122133,,,,,4,,,,,,,<122113>,<1>,<0.45>,,<0>,,,
10122134,,,,0,14,,,,,,,<122114>,<1>,,,<self:specialDamage()*0.15>,,,
10122151,,,,,,,,,,,,<122115>,<99>,,,<-1000>,,,
10122161,,,,0,14,,,,,,,<122117>,<99>,,,<600+skillLevel*10-10>,,,
10123111,,,,,,,,,,,,,,,,,123111,,
10123112,,,,0,14,,,,,,,<1231121>,<2>,,,<1500>,,,
10123121,,,,,4,,,,,,,,,,,,123121,,
10123122,,,,0,14,,,,,,,<1231123>,<2>,,,<2000>,,,
10123131,,,,,4,,,,,,,,,,,,123131,,
10123132,,,,,4,,,,,,,,,,,,123132,,
10123133,,,,0,14,,,,,,,<1231124>,<2>,,,<<1;0.0142;0.7>>,,,
10123161,,,,0,14,,,,,,,<1231126>,<99>,,,<1>,,,
10124111,,,,,,,,,,,,,,,,,124111,,
10124112,,,,,,,,,,,,<124111>,<1>,,,<-300>,,,
10124121,,,,,,,,,1,,,,,,,,124121,,
10124122,,,,,,,,,1,,,<124111;124134>,<1;1>,<1;1>,,<-300;-1500>,,,
10124131,,,,,4,,,,,,,,,,,,124131,,
10124132,,,,,4,,,,,,,,,,,,124132,,
10124133,,,,,4,,,,,,,<124131>,<1>,,,<0>,,,
10124134,,,,,4,,,,,,,<124132>,<2>,,,<-3000>,,,
10124161,,,,0,11,,,,,,,<124135>,<99>,,,<target:speed()*(0.6+skillLevel*0.008-0.008)>,,,
10124162,,,,,20,,,,,1,,<124133>,<99>,,,<0>,,,
10125311,,,,,,,,,,,,,,,,,125311,,
10125312,,,,0,14,,,,,,,<1251120>,<1>,,,<150>,,,
10125321,,,,,,,,,,,,,,,,,125321,,
10125322,,,,0,14,,,,,,,<1251120>,<1>,,,<200>,,,
10125331,,,,,,,,,,,,,,,,,125331,,
10125332,,,,,,,,,,,,,,,,,125332,,
10125333,,,,,,,,,,,,<1251126>,<1>,,,<(self:lostHp())*0.3>,,,
10129311,,,,,3,,,,2,,,,,,,,129311,,
10129312,,,,0,14,,,,,,,<129111>,<2>,,,<self:damage()*0.15>,,,
10129321,,,,,3,,,,2,,,,,,,,129321,,
10129322,,,,0,14,,,,,,,<129112>,<2>,,,<2000>,,,
10129331,,,,,4,,,,,,,,,,,,129331,,
10129332,,,,,4,,,,,,,<129115>,<2>,,,<-target:defence()*0.2>,129332,,
10129333,,,,0,14,,,,,,,<129114>,<2>,,,<self:defence()*0.3>,,,
10142311,,,,,,,,,,,,,,,,,142311,,
10142312,,,,,,,,,,,,<142311>,<2>,,,<-target:defence()*0.15>,,,
10142321,,,,,,,,,,,,,,,,,142321,,
10142322,,,,,,,,,,,,<142335>,<1>,<0.5>,,<1>,,,
10142331,,,,,,,,,,,,,,,,,142331,,
10142332,,,,,,,,,,,,,,,,,142332,,
10142333,,,,0,14,,,,,,,<142331>,<1>,,,<6000>,,,
10142334,,,,0,14,,,,,,,<142332;142336>,<1;99>,<1;1>,,<1;1500>,,,
10142335,,,,0,14,,,,,,,<142333;142334>,<2;2>,<self:hasBuff(142332) and 1 or 0;self:hasBuff(142332) and 1 or 0>,,<self:defence()*0.25;self:specialDefence()*0.25>,,,
10190311,,,,,,,,,,,,,,,,,190311,,
10190312,,,,0,14,,,,,,,<1901111>,<3>,,,<1>,,,
10190321,,,,,,,,,,,,,,,,,190321,,
10190322,,,,,3,,,,,,,<1901112>,<1>,,,<0>,,,
10190323,,,,0,14,,,,,,,<1901113>,<1>,,,<self:defence()*1>,,,
10190331,,,,,2,,,,,,,,,,,,190331,,
10190332,,,,,2,,,,,,,,,,,,190332,,
10191111,,,,,,,,,,,,,,,,,191111,,
10191112,,,,,,,,,,,,,,,,,,,
10191121,,,,,,,,,,,,,,,,,191121,,
10191122,,,,,,,,,,,,,,,,,191122,,
10191123,,,,,,,,,,,,,,,,,,,
10191131,,,,,11,,,,,,,,,,,,191131,,
10191132,,,,,11,,,,,,,,,,,,191132,,
10191133,,,,,,,,,,,,,,,,,,,
10191134,,,,,,,,,,,,,,,,,,,
10192111,,,,,,,,,,,,,,,,,192111,,
10192112,,,,0,14,,,,,,,<1921121>,<2>,,,<self:specialDefence()*0.6>,,,
10192121,,,,,,,,,,,,,,,,,192121,,
10192122,,,,0,14,,,,,,,<1921122>,<1>,,,<0>,,,
10192131,,,,,11,,,,,,,,,,,,192131,,
10192132,,,,,11,,,,,,,,,,,,192132,,
10192133,,,,,,,,,,,,,,,,,,,
10193111,,,,,,,,,,,,,,,,,193111,,
10193112,,,,0,14,,,,,,,<1931121;1931122>,<2;2>,<1;1>,,<self:defence()*0.3;self:specialDefence()*0.3>,,,
10193121,,,,,4,,,,,,,,,,,,193121,,
10193122,,,,0,14,,,,,,,<1931123>,<1>,,,<0>,,,
10193131,,,,,,enemyForce|nodead,hpRatioMin,,,,,,,,,,193131,,
10193132,,,,,,enemyForce|nodead,hpRatioMin,,,,,,,,,,193132,,
10193133,,,,,,enemyForce|nodead,hpRatioMin,,,,,<1931130;1931133>,<1;1>,"<self:hasBuff(1931131) and 1 or 0;(moreE(self:star(),11) and lessThan(target:hp()/target:hpMax(),0.35) and lessThan(target:hp(),self:hpMax()*5)) and 0.5 or 0>",,<self:hasBuff(1931131) and self:getBuff(1931131):getValue()*0.2 or 0;0>,,,
10196111,,,,,,,,,,,,,,,,,196111,,
10196112,,,,,,selfForce|nodead,"buffDiffer('groupFilter',{{beDispel=1},{c.groupdebuffs_oc()}})|random(1)",,,,,<1961121>,<1>,,,<1>,,,
10196121,,,,,,,,,,,,,,,,,196121,,
10196122,,,,0,14,,,,,,,,,,,,,,
10196131,,,,,,,,,,,,<1961126;1961126>,<1;1>,"<moreEqualThan(self:star(),11) and 1 or 0;moreEqualThan(self:star(),11) and 0.5 or 0>",,<1;1>,196131,,
10196132,,,,,,enemyForce|nodead,otherProcessExcept(196131)|random(1),,,,,<1961126;1961126>,<1;1>,"<moreEqualThan(self:star(),11) and 1 or 0;moreEqualThan(self:star(),11) and 0.5 or 0>",,<1;1>,196132,"{needUpdateTarget=True;prob=(countForceFilterNum(target:force(),owner,c.filterLevel1())>1 and 1 or 0)}",
10196133,,,,,,enemyForce|nodead,otherProcessExcept(196132)|random(1),,,,,<1961126;1961126>,<1;1>,"<moreEqualThan(self:star(),11) and 1 or 0;moreEqualThan(self:star(),11) and 0.5 or 0>",,<1;1>,196133,"{needUpdateTarget=True;prob=(countForceFilterNum(target:force(),owner,c.filterLevel1())>1 and 1 or 0)}",
10196134,,,,,,enemyForce|nodead,otherProcessExcept(196133)|random(1),,,,,<1961126;1961126>,<1;1>,"<moreEqualThan(self:star(),11) and 1 or 0;moreEqualThan(self:star(),11) and 0.5 or 0>",,<1;1>,196134,"{needUpdateTarget=True;prob=(countForceFilterNum(target:force(),owner,c.filterLevel1())>1 and 1 or 0)}",
10196135,,,,,,enemyForce|nodead,otherProcessExcept(196134)|random(1),,,,,<1961126;1961126>,<1;1>,"<moreEqualThan(self:star(),11) and 1 or 0;moreEqualThan(self:star(),11) and 0.5 or 0>",,<1;1>,196135,"{needUpdateTarget=True;prob=(countForceFilterNum(target:force(),owner,c.filterLevel1())>1 and 1 or 0)}",
10196136,,,,,,enemyForce|nodead,otherProcessExcept(196135)|random(1),,,,,<1961126;1961126>,<1;1>,"<moreEqualThan(self:star(),11) and 1 or 0;moreEqualThan(self:star(),11) and 0.5 or 0>",,<1;1>,196136,"{needUpdateTarget=True;prob=(countForceFilterNum(target:force(),owner,c.filterLevel1())>1 and 1 or 0)}",
10196137,,,,,,enemyForce|nodead,"useOtherProcess(196131,196132,196133,196134,196135,196136)",,,,,,,,,,196137,{needUpdateTarget=True},
10196138,,,,,11,,,,,,,,,,,,196138,,
10197111,,,,,,,,,,,,,,,,,197111,,
10197112,,,,0,14,,,,,,,<1971216>,<2>,,,<2000>,,,
10197121,,,,,,enemyForce|nodead,curSelected|penetrate(0.4),,,,,,,,,,197121,,
10197122,,,,,,,,,,,,<1971212>,<2>,,,<-2>,,,
10197123,,,,0,14,,,,,,,,,,,,,,
10197124,,,,,,,,,,,,,,,,,,,
10197131,,,,,,enemyForce|nodead,curSelected|sputtering(0.35),,,,,,,,,,197131,,
10197132,,,,,,,,,,,,<1971220>,<1>,"<to10(moreEqualThan(self:star(),11))>",,<(self:lostHp())/self:hpMax()*0.5>,197132,,
10197133,,,,,,enemyForce|nodead,otherProcessExcept(197132)|near(),,,,,<1971220>,<1>,"<to10(moreEqualThan(self:star(),11))>",,<(self:lostHp())/self:hpMax()*0.175>,,,
10197134,,,,0,14,,,,,,,<1971215>,<2>,,,<0>,,,
10197135,,,,0,14,,,,,,,,,,,,,,
10197136,,,,,,,,,,,,,,,,,,,
10198111,,,,,,,,,,,,,,,,,198111,,
10198112,,,,0,14,,,,,,,<1981118;1981119>,<2;2>,<1;1>,,<self:damage()*0.4;self:specialDamage()*0.4>,,,
10198121,,,,,,,,,,,,,,,,,198121,,
10198122,,,,,,,,,,,,,,,,,198122,{effectProb=to10(target:hasBuff(1981110))},
10198123,,,,,,,,,,,,<1981110;1981111>,<1;1>,<1;to10(target:hasBuff(1981110))>,,<1;1>,,,
10198131,,,,,4,,,,,,,,,,,,198131,,
10198132,,,,,4,,,,,,,,,,,,198132,,
10198133,,,,,4,,,,,,,<1981120>,<1>,,,<1>,,,
10198134,,,,,4,,,,,,,<1981130>,<1>,"<moreEqualThan(self:star(),11) and 1 or 0>",,<(self:damage()+self:specialDamage())*0.3>,,,
10224211,,,,,,,,,,,,,,,,,224211,,
10224212,,,,0,14,,,,,,,<2241111>,<2>,,,<self:speed()*0.15>,,,
10224213,,,,,,,,,,,,,<1>,<self:curSkill():getDamageState('natureFlag')=='strong' and 1 or 0>,,"<self:curSkill():getTotalDamage()*(0.2+(skillLv(22416,22426,22436) or 0)*0.001-0.001)>",,,
10224221,,,,,,,,,,,,,,,,,224221,,
10224222,,,,0,14,,,,,,,<2241113;2241112>,<2;2>,<self:curSkill():getDamageState('natureFlag')=='strong' and 1 or 0;self:curSkill():getDamageState('natureFlag')=='weak' and 1 or 0>,,<0;self:damage()*1.75>,,,
10224223,,,,,,,,,,,,,<1>,<self:curSkill():getDamageState('natureFlag')=='strong' and 1 or 0>,,"<self:curSkill():getTotalDamage()*(0.2+(skillLv(22416,22426,22436) or 0)*0.001-0.001)>",,,
10224231,,,,,,,,,,,,,,,,,224231,,
10224232,,,,,,,,,,,,,,,,,224232,,
10224233,,,,,,,,,,,,<2241114>,<1>,,,"<self:curSkill():getTotalDamage()*(moreEqualThan(self:star(),11) and 0.7 or 0.35)>",,,
10224234,,,,,,,,,,,,,<1>,<self:curSkill():getDamageState('natureFlag')=='strong' and 1 or 0>,,"<self:curSkill():getTotalDamage()*(0.2+(skillLv(22416,22426,22436) or 0)*0.001-0.001)>",,,
10248311,,,,,,,,,,,,,,,,,248311,,
10248321,,,,,,,,,,,,,,,,,248321,,
10248331,,,,,4,,,,,,,,,,,,248331,,
10248332,,,,,4,,,,,,,,,,,,248332,,
10300311,,,,,,enemyForce|nodead,,"{process={key=moreEqualThan(countObjByBuff(target:force(),{ 3003114 },{}),1);value=<buffDiffer('id',{3003114})|random(1);selected()>}}",,,,<3003111>,<99>,,,<2000>,300311,,
10300312,,,,,,enemyForce|nodead,useOtherProcess(300311),,,,,<3003113>,<2>,,,<-target:defence()*0.15>,,,
10300313,,,,,,enemyForce|nodead,otherProcessExcept(300311),,,,,<3003112>,<1>,,,<0>,,,
10300321,,,,,,enemyForce|nodead,,"{process={key=moreEqualThan(countObjByBuff(target:force(),{ 3003114 },{}),1);value=<buffDiffer('id',{3003114})|random(1);selected()>}}",,,,<3003111>,<99>,,,<2000>,300321,,
10300322,,,,,,enemyForce|nodead,useOtherProcess(300321),,,,,<3003114>,<99>,,,<0>,,,
10300323,,,,,,enemyForce|nodead,otherProcessExcept(300321),,,,,<3003112>,<1>,,,<0>,,,
10300324,,,,0,14,,,,,,,<3003115>,<99>,,,<0>,,,
10300331,,,,,,enemyForce|nodead,,"{process={key=moreEqualThan(countObjByBuff(target:force(),{ 3003114 },{}),1);value=<buffDiffer('id',{3003114})|random(1);selected()>}}",,,,<3003111>,<99>,,,<2000>,300331,,
10300332,,,,,,enemyForce|nodead,useOtherProcess(300331),,,,,,,,,,300332,,
10300333,,,,,,enemyForce|nodead,useOtherProcess(300331),,,,,<3003116>,<99>,,,<-target:defence()*0.1>,,,
10300334,,,,,,enemyForce|nodead,otherProcessExcept(300331),,,,,<3003112>,<1>,,,<0>,,,
10300335,,,,0,14,,,,,,,<3003117>,<1>,,,<0>,,,
10329311,,,,,,,,,,,,,,,,,329311,,
10329321,,,,,,,,,,,,,,,,,329321,,
10329322,,,,0,14,,,,,,,<32911>,<2>,,,<self:specialDefence()*0.3>,,,
10329331,,,,,11,,,,,,,,,,,,329331,,
10329332,,,,,11,,,,,,,,,,,,329332,,
10329333,,,,,11,,,,,,,<32912>,<1>,<0.5>,,<1>,,,
10330311,,,,,,,,,,,,,,,,,330311,,
10330312,,,,0,14,,,,,,,<33011>,<2>,<0.3>,,<2000>,,,
10330321,,,,,,,,,,,,,,,,,330321,,
10330331,,,,,,,,,,,,,,,,,330331,,
10330332,,,,,,,,,,,,,,,,,330332,,
10330333,,,,0,14,,,,,,,<33012;33013>,<1;1>,<1;1>,,<3000;2000>,,,
19111111,,,,0,11,,,,,,,<19111111>,<99>,,,<1>,,,
26000141,,,,0,14,,,,,,,<260001411>,<99>,,,<1>,,,
26000241,,,,0,14,,,,,,,<260002411>,<99>,,,<1>,,,
26000341,,,,0,14,,,,,,,<260003411>,<99>,,,<1>,,,
26000441,,,,0,14,,,,,,,<260004411>,<99>,,,<1>,,,
26000541,,,,0,14,,,,,,,<260005411>,<99>,,,<1>,,,
26000641,,,,0,14,,,,,,,<260006411>,<99>,,,<1>,,,
26000741,,,,0,14,,,,,,,<260007411>,<99>,,,<1>,,,
26000841,,,,0,14,,,,,,,<260008411>,<99>,,,<1>,,,
26000941,,,,0,14,,,,,,,<260009411>,<99>,,,<1>,,,
26001041,,,,0,14,,,,,,,<260010411>,<99>,,,<1>,,,
26001141,,,,0,14,,,,,,,<260011411>,<99>,,,<1>,,,
26001241,,,,0,14,,,,,,,<260012413;260012414;260012416>,<99;99;99>,<1;1;1>,,<<99;1;0>;1;1>,,,
26001242,,,,,,selfForce|nodead,otherProcessExcept(26001241)|random(5),,,,,<260012411>,<99>,,,<1>,,,
26001341,,,,0,14,,,,,,,<260013411>,<99>,,,<1>,,,
26001441,,,,0,14,,,,,,,<260014411>,<99>,,,<1>,,,
26001541,,,,0,11,,,,,,,<260015411>,<99>,,,<1>,,,
26001641,,,,0,14,,,,,,,<260016411>,<99>,,,<1>,,,
26001741,,,,0,14,,,,,,,<260017411>,<99>,,,<1>,,,
26001841,,,,0,14,,,,,,,<260018411;260018415>,<99;99>,<1;1>,,<1;1>,,,
26001941,,,,0,14,,,,,,,<260019411>,<99>,,,<1>,,,
26002041,,,,0,14,,,,,,,<260020411>,<99>,,,<1>,,,
26002141,,,,0,14,,,,,,,<260021411;260021414>,<99;99>,<1;1>,,<1;8000>,,,
26002241,,,,0,14,,,,,,,<260010412>,<99>,,,<1>,,,
26002341,,,,,,,,,,,,,,,,,,,
26002441,,,,,,,,,,,,,,,,,,,
26002541,,,,0,14,,,,,,,<260022411;260022413>,<99;99>,<1;1>,,<6000;1>,,,
26002641,,,,0,14,,,,,,,<260022412;260022414>,<99;99>,<1;1>,,<6000;1>,,,
26002741,,,,,,,,,,,,,,,,,,,
26002841,,,,,,,,,,,,,,,,,,,
26002941,,,,,,enemyForce|nodead,"setSelectAttr({""damage"",""specialDamage""},""max"")|attr(""selectAttr"",""max"",1)",,,,,<260023411>,<99>,,,<1>,,,
26002942,,,,,,selfForce|nodead,backRowRandom(1),,,,,<260023412>,<99>,,,<1>,,,
26003041,,,,,,,,,,,,,,,,,,,
26003141,,,,,,,,,,,,,,,,,,,
26003241,,,,,,,,,,,,,,,,,,,
26003341,,,,0,14,,,,,,,<260024411;260024412>,<99;99>,<1;1>,,<1000;4000>,,,
26003441,,,,,,,,,,,,,,,,,,,
26003541,,,,,,,,,,,,,,,,,,,
26003641,,,,,,,,,,,,,,,,,,,
26003741,,,,0,14,,,,,,,<260025417>,<99>,,,<1>,,,
26003841,,,,0,14,,,,,,,<260025411;260025412;260025419>,<99;99;99>,<1;1;1>,,<<99;1;0>;1;1>,,,
26003941,,,,0,14,,,,,,,<260025414;260025415>,<99;99>,<1;1>,,<<99;1;0>;1>,,,
26004041,,,,,,,,,,,,,,,,,,,
26004141,,,,,,,,,,,,,,,,,,,
26004241,,,,,,,,,,,,,,,,,,,
26004341,,,,0,14,,,,,,,<260026411;260026415;260026417>,<99;99;99>,<1;1;1>,,<1;1;1>,,,
26004441,,,,0,14,,,,,,,<260026411;260026415;260026417>,<99;99;99>,<1;1;1>,,<1;1;1>,,,
26004541,,,,0,14,,,,,,,<260026411;260026415;260026417>,<99;99;99>,<1;1;1>,,<1;1;1>,,,
26004641,,,,,,,,,,,,,,,,,,,
26004741,,,,,,,,,,,,,,,,,,,
26004841,,,,,,,,,,,,,,,,,,,
26004941,,,,0,11,,,,,,,<260027411>,<99>,,,<1>,,,
26005041,,,,,,,,,,,,,,,,,,,
26005141,,,,,,,,,,,,,,,,,,,
26005241,,,,,,,,,,,,,,,,,,,
26005341,,,,0,11,,,,,,,<260028411>,<99>,,,<<1;0.01;1>>,,,
26005441,,,,,,,,,,,,,,,,,,,
26005541,,,,,,,,,,,,,,,,,,,
26005641,,,,,,,,,,,,,,,,,,,
26005741,,,,,,,,,,,,,,,,,,,
26005841,,,,,,enemyForce|nodead,"setSelectAttr({""damage"",""specialDamage""},""max"")|attr(""selectAttr"",""max"",1)",,,,,<260029411>,<99>,,,<1>,,,
26005851,,,,0,14,,,,,,,<260029414;260029415;260029417>,<99;99;99>,<1;1;1>,,<<99;1;0>;1;1>,,,
26005941,,,,0,14,,,,,,,<260029412>,<99>,,,<1>,,,
26006041,,,,,,,,,,,,,,,,,,,
26006141,,,,,,,,,,,,,,,,,,,
26006241,,,,,,,,,,,,,,,,,,,
26006341,,,,0,14,,,,,,,<260030411>,<99>,,,<1>,,,
26006441,,,,0,14,,,,,,,<260030413;260030414>,<99;99>,<1;1>,,<<99;1;0>;1>,,,
26006541,,,,0,14,,,,,,,<260030413;260030414>,<99;99>,<1;1>,,<<99;1;0>;1>,,,
26006641,,,,,,,,,,,,,,,,,,,
26006741,,,,,,,,,,,,,,,,,,,
26006841,,,,,,,,,,,,,,,,,,,
26006941,,,,,,,,,,,,,,,,,,,
26007041,,,,0,11,,,,,,,<260031411;260031412>,<1;99>,<1;1>,,<1200;1>,,,
26007141,,,,,,,,,,,,,,,,,,,
26007241,,,,,,,,,,,,,,,,,,,
26007341,,,,,,,,,,,,,,,,,,,
26007441,,,,,,,,,,,,,,,,,,,
26007541,,,,0,14,,,,,,,,,,,,,,
26007542,,,,,,selfForce|nodead,random(2)|rowback|otherProcessExcept(26007541),,,,,<260032414>,<99>,,,<1>,,,
26007543,,,,,,enemyForce|nodead,"setSelectAttr({""damage"",""specialDamage""},""max"")|attr(""selectAttr"",""max"",1)",,,,,,,,,,,,
26007544,,,,0,14,,,,,,,<260032411>,<99>,,,<1>,,,
26007641,,,,0,14,,,,,,,<260033411>,<99>,,,<1>,,,
26007741,,,,0,14,,,,,,,<260033413>,<99>,,,<1>,,,
26007841,,,,0,14,,,,,,,<260034411;260034412>,<99;99>,<1;1>,,<0;200>,,,
26007941,,,,0,14,,,,,,,<2233113;260035412>,<99;99>,<1;1>,,<0;0>,,,
26008041,,,,0,14,,,,,,,<260036411;401110;260036412>,<99;99;99>,"<moreEqualThan(self:star(),8) and 1 or 0;moreEqualThan(self:star(),8) and 1 or 0;1>",,"<<list(0,0,1);1;1>;1;<1>>",,,
26008042,,,,0,14,,,,,,,<260036413>,<99>,,,<1>,,,
30012141,,,,0,11,,,,,,,<300121411;300121414>,<99;99>,"<less(countObjByBuff(2,{ 300121411 },{}),countForceNum(1)) and 1 or 0;1>",,<<0;1;0>;0>,,,
30012142,,,,0,11,,,,,,,<300121415>,<99>,,,<0>,,,
30023141,,,,0,11,,,,,,,<300231411;300231412>,<3;99>,<1;1>,,<target:damage()*10;-target:hpMax()*0.7>,,,
30032141,,,,,,object(12),,,,,,<300321411>,<99>,,,<-self:speed()*0.6>,,,
30032142,,,,,,object(10),,,,,,<300000001>,<1>,,,<300>,,,
30042141,,,,0,14,,,,,,,<300421411;300421412;300421413;300421414;300421415;300421416;300421417;300421418;300421419;300421420;300421421;300421422;300421423;300421424;300000001;300421451>,<99;99;99;99;99;99;99;99;99;99;99;99;99;99;99;99>,"<(moreE(countObjByNature(1,1,10) ,1) or moreE(countObjByNature(1,2,10) ,1)) and 1 or 0;(moreE(countObjByNature(1,1,10) ,1) or moreE(countObjByNature(1,2,10) ,1)) and 1 or 0;(moreE(countObjByNature(1,1,10) ,1) or moreE(countObjByNature(1,2,10) ,1)) and 1 or 0;(moreE(countObjByNature(1,1,10) ,1) or moreE(countObjByNature(1,2,10) ,1)) and 1 or 0;(moreE(countObjByNature(1,1,10) ,1) or moreE(countObjByNature(1,2,10) ,1)) and 1 or 0;(moreE(countObjByNature(1,1,10) ,1) or moreE(countObjByNature(1,2,10) ,1)) and 1 or 0;(moreE(countObjByNature(1,1,10) ,1) or moreE(countObjByNature(1,2,10) ,1)) and 1 or 0;(moreE(countObjByNature(1,1,10) ,1) or moreE(countObjByNature(1,2,10) ,1)) and 1 or 0;(moreE(countObjByNature(1,1,10) ,1) or moreE(countObjByNature(1,2,10) ,1)) and 1 or 0;(moreE(countObjByNature(1,1,10) ,1) or moreE(countObjByNature(1,2,10) ,1)) and 1 or 0;(moreE(countObjByNature(1,1,10) ,2) or moreE(countObjByNature(1,2,10) ,2)) and 1 or 0;(moreE(countObjByNature(1,1,10) ,2) or moreE(countObjByNature(1,2,10) ,2)) and 1 or 0;(moreE(countObjByNature(1,1,10) ,2) or moreE(countObjByNature(1,2,10) ,2)) and 1 or 0;(moreE(countObjByNature(1,1,10) ,2) or moreE(countObjByNature(1,2,10) ,2)) and 1 or 0;(moreE(countObjByNature(1,1,10) ,1) or moreE(countObjByNature(1,2,10) ,1)) and 1 or 0;1>",,<self:speed()*1;self:damage()*2;5000;5000;5000;5000;5000;5000;20000;10000;5000;10000;5000;5000;5000;0>,,,
30043141,,,,0,14,,,,,,,<300431411;300431412;300431415;300431417;300431421;300431422>,<99;99;99;99;10;10>,<1;1;1;1;0;1>,,"<<list(1,0,0);1;0>;1;1;1;self:damage()*0.2;3000>",,,
30043142,,,,0,14,,,,,,,<401106;401107>,<99;99>,<1;1>,,"<<list(1,0,0);1;0>;1>",,,
30043143,,,,0,2,,,,,,,<300431413;300431414;300431420>,<10;10;10>,<1;1;1>,,<0;10000;1000>,,,
30043144,,,,,11,,,,,,,<300431419>,<99>,,,<25000>,,,
30044141,,,,0,11,,,,,,,<400000301;400000307;400000309>,<4;99;3>,<1;1;1>,,<0;50000;3000>,,,
30044142,,,,,,selfForce | nodead,exclude(list(csvSelf:id())),,,,,<400000308>,<99>,,,<10000>,,,
30044143,,,,0,14,,,,,,,<400000303;400000302>,<99;2>,<1;1>,,<0;5000>,,,
30044144,,,,,11,,,,,,,<400000306>,<99>,,,<100000>,,,
30111141,,,,0,14,,,,,,,<301111411>,<99>,,,<0>,,,
30111142,,,,,,object(7),,,,,,<301112411>,<99>,,,<0>,,,
30111143,,,,,,object(8),,,,,,<301113411>,<99>,,,<0>,,,
30111144,,,,,,object(9),,,,,,<301114411>,<99>,,,<0>,,,
30111145,,,,,,object(10),,,,,,,,,,,,,
30111146,,,,,,object(12),,,,,,<301116411>,<99>,,,<0>,,,
30112111,,,,,,enemyForce|nodead,,"{process={key=moreE(countObjByBuff(1,{301121419},{}),1);value=<buffDiffer('id',{301121419})|random(1);selected()>}}",,,,,,,,,89111,,
30112141,,,,,11,,,,,,,<301121419>,<99>,<(target:nature(1)==15 or target:nature(2)==15) and 1 or 0>,,<0>,,,
30112142,,,,0,14,,,,,,,<301121411;301121415;301121417;300000003>,<99;99;99;1>,"<1;1;1;moreE(countObjByBuff(1,{301121419},{}),1) and 1 or 0>",,<0;0;0;self:speed()*0.5>,,,
30113141,,,,0,14,,,,,,,<301131411>,<2>,,,<0>,,,
30122141,,,,,11,,,,,,,<301221412>,<99>,,,<15000>,,,
30122142,,,,0,11,,,,,,,<301221411>,<99>,<0>,,<-target:hpMax()*0.7>,,,
30122241,,,,,11,,,,,,,<301221412>,<99>,,,<15000>,,,
30122242,,,,0,2,,,,,,,<301222421>,<99>,,,<0>,,,
30123141,,,,,,selfForce()|nodead,exclude(list(csvSelf:id())),,,,,<301231411>,<99>,,,<0>,,,
30124141,,,,,,object(10),,,,,,<301241411>,<99>,,,<0>,,,
30124142,,,,,,object(12),,,,,,<301241421>,<99>,,,<0>,,,
30131141,,,,0,11,,,,,,,<301311411>,<99>,,,<target:speed()*1.5>,,,
30131142,,,,0,3,,,,,,,<301311412;301311413>,<1;1>,<1;1>,,<2000;target:damage()*1>,,,
30131143,,,,,,object(1),single,,,,,<301311414>,<1>,,,<0>,,,
30131144,,,,,,object(3),single,,,,,<301311416>,<1>,,,<0>,,,
30131145,,,,,,object(2),single,,,,,<301311415>,<1>,,,<0>,,,
30133141,,,,0,11,,,,,,,<301331411;301331412>,<99;99>,<1;1>,,<5000;0>,,,
30134141,,,,0,14,,,,,,,<301341411;301341413;301341414>,<99;99;99>,<1;1;1>,,<0;50000;0>,,,
30143141,,,,0,14,,,,,,,<301431411;300000001;301431413>,<99;1;99>,<1;1;1>,,<0;1000;0>,,,
30144141,,,,0,14,,,,,,,<301441411;301441416;301441417>,<99;99;99>,<1;1;1>,,<0;2000;-self:damage()*0.7>,,,
30144142,,,,,,enemyForce | nodead,"buffDifferExclude('group',{c.egg_chaopin_bingzhu_fly_oc()})|setSelectAttr({""damage"",""specialDamage""},""max"")|attr(""selectAttr"",""max"",1)",,,,,<301441412>,<99>,,,<0>,,,
30144143,,,,,,enemyForce | nodead,"buffDifferExclude('id',{301441412})",,,,,<301441413>,<99>,,,<0>,,,
30144144,,,,,,enemyForce | nodead,"buffDiffer('id',{301441412})",,,,,<301441412>,<99>,,,<0>,,,
30144145,,,,,,,,,,,,,,,,,,,
30202141,,,,0,14,,,,,,,<302021411;302021412;302021413;301311412>,<99;99;99;1>,<1;1;1;1>,,<30000;30000;target:speed()*1.8;2000>,,,
30211141,,,,0,14,,,,,,,<302111411>,<99>,,,<0>,,,
30211142,,,,,,object(7),,,,,,<302112411>,<99>,,,<0>,,,
30211143,,,,,,object(8),,,,,,<302113411>,<99>,,,<0>,,,
30211144,,,,,,object(9),,,,,,<302114411>,<99>,,,<0>,,,
30211145,,,,,,object(10),,,,,,<302115411>,<99>,,,<0>,,,
30211146,,,,,,object(12),,,,,,<302116411>,<99>,,,<0>,,,
30213141,,,,0,11,,,,,,,<302131411>,<99>,,,<1000>,,,
30213142,,,,0,14,,,,,,,<302131412>,<99>,,,<-self:speed()*0.35>,,,
30232141,,,,0,11,,,,,,,<302321411>,<1>,,,<2000>,,,
30242141,,,,0,14,,,,,,,<302421411>,<99>,,,<0>,,,
30242142,,,,,,object(10),,,,,,<302421415>,<99>,,,<0>,,,
30242143,,,,,,object(12),,,,,,<302421416>,<99>,,,<0>,,,
30242144,,,,0,11,,,,,,,<302421413;300000002>,<99;99>,<1;1>,,<0;3000>,,,
30242145,,,,,11,,,,,,,<300000002>,<99>,,,<3000>,,,
30243131,,,,,11,,,,,,,,,,,,127131,,
30243132,,,,,11,,,,,,,,,,,,127132,,
30243133,,,,,11,,,,,,,<1271211>,<2>,,,<self:damage()*0.4>,,,
30243134,,,,0,11,,,,,,,<1271249>,<1>,,,<0>,,,
30243135,,,,0,14,,,,,,,<302431415>,<1>,,,<self:hpMax()*0.2>,,,
30243136,,,,,,selfForce,otherProcessExcept(30243135),,,,,<302431413>,<99>,,,<<0;1;0;1>>,,,
30243141,,,,0,11,,,,,,,<302431411>,<99>,,,<0>,,,
30243142,,,,0,14,,,,,,,<302431412>,<99>,,,<0>,,,
30302141,,,,0,14,,,,,,,<303021411;303021412;303021413>,<1;1;1>,<1;1;1>,,<1000;self:speed();10000>,,,
30311141,,,,0,14,,,,,,,<303111411>,<99>,,,<0>,,,
30311142,,,,,,object(7),,,,,,<303112411>,<99>,,,<0>,,,
30311143,,,,,,object(8),,,,,,<303113411>,<99>,,,<0>,,,
30311144,,,,,,object(9),,,,,,<303114411>,<99>,,,<0>,,,
30311145,,,,,,object(10),,,,,,<303115411>,<99>,,,<0>,,,
30311146,,,,,,object(12),,,,,,<303116411>,<99>,,,<0>,,,
30322141,,,,0,11,,,,,,,<303221411;303221412>,<99;99>,<1;1>,,"<<list(1,1,1);1;0>;0>",,,
30331141,,,,,,all,random(12),,,,,<303311411>,<3>,,,<6000>,,,
30331142,,,,0,11,,,,,,,<303311412;303311413;303361411>,<3;99;2>,<1;1;1>,,<4000;2000;2000>,,,
30336141,,,,0,14,,,,,,,<303361411;303361412>,<2;2>,<1;1>,,<6000;3000>,,,
30342141,,,,,,all,,,,,,<303421411>,<99>,,,<0>,,,
30343141,,,,,,all,random(12),,,,,<303431410;303431412;303431413>,<99;99;99>,<1;0;0>,,<0;0.2;0>,,,
30422141,,,,0,14,,,,,,,<304221411>,<99>,,,<self:speed()*0.5>,,,
30444141,,,,0,14,,,,,,,<304441411>,<99>,,,<0>,,,
30524141,,,,,,object(5),,,,,,<2821140>,<99>,,,<0>,,,
30524142,,,,,,object(11),,,,,,<2821132;2821134;2821136>,<99;99;99>,<1;1;1>,,"<<6;self:hasBuff(2821141) and 0.75 or 1>;list(1,list(1001,1002,1003,1004,1005,1011,1012,1013,1014,1015,1021,1022,1023,1024,1025,1201,1202,1203,1211,1212,1213,1221,1222,1223,1401,1411,1421,1431,1441,1451),6);0>",,,
30524143,,,,,,object(1),,,,,,<2821140>,<99>,,,<0>,,,
30524144,,,,,,object(7),,,,,,<2821132;2821134;2821136>,<99;99;99>,<1;1;1>,,"<<6;self:hasBuff(2821141) and 0.75 or 1>;list(1,list(1001,1002,1003,1004,1005,1011,1012,1013,1014,1015,1021,1022,1023,1024,1025,1201,1202,1203,1211,1212,1213,1221,1222,1223,1401,1411,1421,1431,1441,1451),6);0>",,,
30524145,,,,,,object(2),,,,,,<2821140>,<99>,,,<0>,,,
30524146,,,,,,object(8),,,,,,<2821132;2821134;2821136>,<99;99;99>,<1;1;1>,,"<<6;self:hasBuff(2821141) and 0.75 or 1>;list(1,list(1001,1002,1003,1004,1005,1011,1012,1013,1014,1015,1021,1022,1023,1024,1025,1201,1202,1203,1211,1212,1213,1221,1222,1223,1401,1411,1421,1431,1441,1451),6);0>",,,
30524147,,,,,,object(3),,,,,,<2821140>,<99>,,,<0>,,,
30524148,,,,,,object(9),,,,,,<2821132;2821134;2821136>,<99;99;99>,<1;1;1>,,"<<6;self:hasBuff(2821141) and 0.75 or 1>;list(1,list(1001,1002,1003,1004,1005,1011,1012,1013,1014,1015,1021,1022,1023,1024,1025,1201,1202,1203,1211,1212,1213,1221,1222,1223,1401,1411,1421,1431,1441,1451),6);0>",,,
30524149,,,,,,object(4),,,,,,<2821140>,<99>,,,<0>,,,
30524150,,,,,,object(10),,,,,,<2821132;2821134;2821136>,<99;99;99>,<1;1;1>,,"<<6;self:hasBuff(2821141) and 0.75 or 1>;list(1,list(1001,1002,1003,1004,1005,1011,1012,1013,1014,1015,1021,1022,1023,1024,1025,1201,1202,1203,1211,1212,1213,1221,1222,1223,1401,1411,1421,1431,1441,1451),6);0>",,,
30524151,,,,,,object(6),,,,,,<2821140>,<99>,,,<0>,,,
30524152,,,,,,object(12),,,,,,<2821132;2821134;2821136>,<99;99;99>,<1;1;1>,,"<<6;self:hasBuff(2821141) and 0.75 or 1>;list(1,list(1001,1002,1003,1004,1005,1011,1012,1013,1014,1015,1021,1022,1023,1024,1025,1201,1202,1203,1211,1212,1213,1221,1222,1223,1401,1411,1421,1431,1441,1451),6);0>",,,
30533141,,,,0,14,,,,,,,<305331411>,<99>,,,<3000>,,,
30533241,,,,0,14,,,,,,,<305331411;305332411>,<99;99>,<1;1>,,<3000;0>,,,
30533341,,,,0,14,,,,,,,<305331411;305332421>,<99;99>,<1;1>,,<3000;0>,,,
30533441,,,,0,14,,,,,,,<305331411;305332431>,<99;99>,<1;1>,,<3000;-self:specialDamage()*0.7>,,,
30541141,,,,0,14,,,,,,,<305411411;1010003;305411413;305411414;305411415;305411416;305411417>,<99;99;99;99;99;99;99>,"<moreE(self:getBuffOverlayCount(305411412),11) and 0 or 1;1;1;1;1;1;0>",,<1;0.8;100000;self:specialDamage()*1.2;self:defence()*0.3;self:specialDefence()*0.3;self:speed()*0.3>,,,
30611141,,,,0,14,,,,,,,<306111411>,<99>,,,<0>,,,
30611142,,,,,,object(7),,,,,,<306112411>,<99>,,,<0>,,,
30611143,,,,,,object(8),,,,,,<306113411>,<99>,,,<0>,,,
30611144,,,,,,object(9),,,,,,<306114411>,<99>,,,<0>,,,
30611145,,,,,,object(10),,,,,,,,,,,,,
30611146,,,,,,object(12),,,,,,,,,,,,,
30632141,,,,,24,,,,,,,<3151121;3151171;3151172;3151190>,<99;99;99;66>,<1;1;1;0>,,<0;0;0;0>,,,
30632142,,,,0,11,,,,,,,<3151161>,<99>,,,<0>,,,
30642141,,,,0,11,,,,,,,<3151190;306421412>,<99;99>,<1;1>,,"<0;list(list(1500,1510,1520),7,1)>",,,
30642142,,,,,11,,,,,,,<306421411;300000002>,<99;99>,<1;1>,,<8000;4000>,,,
30644141,,,,0,14,,,,,,,<1991652;1991653;1991657>,<7;7;7>,<1;1;1>,,<1816;0;0>,,,
30722111,,,,,,,,,,,,,,,,,15211,,
30722121,,,,,,,,,,,,<151211>,<2>,<2>,,<2>,15221,,
30722122,,,,,,,,,,,,,,,,,,,
30722131,,,,,11,,,,,,,,,,,,15231,,
30722132,,,,,11,,,,,,,,,,,,15232,,
30722133,,,,,11,,,,,,,<151211>,<3>,,,<2>,,,
30722161,,,,0,14,,,,,,,<307221611;307221612;307221613>,<99;99;99>,<1;1;1>,,<1;self:speed()*0.5;1000>,,,
30733141,,,,0,11,,,,,,,<307331411>,<3>,,,<10000>,,,
30741141,,,,0,11,,,,,,,<307411411>,<99>,,,<0>,,,
30741142,,,,0,14,,,,,,,<307411413>,<99>,,,<0>,,,
30741143,,,,0,3,,,,,,,<307411416>,<99>,,,<2500>,,,
30744141,,,,0,14,,,,,,,<307441411>,<99>,,,<0>,,,
30744142,,,,,,object(10),,,,,,<307441451>,<99>,,,<0>,,,
30744143,,,,,,object(12),,,,,,<307441461>,<99>,,,<0>,,,
30744144,,,,,,object(7),,,,,,<307441421>,<99>,,,<0>,,,
30744145,,,,,,object(8),,,,,,<307441431>,<99>,,,<0>,,,
30744146,,,,,,object(9),,,,,,<307441441>,<99>,,,<0>,,,
30744147,,,,,,selfForce | nodead,otherProcessExcept(30744141),,,,,<307441413;307441427;307441418>,<99;99;1>,<1;1;1>,,<20000;999;990>,,,
30744148,,,,0,11,,,,,,,<300000003>,<1>,<target:hasBuff(307441422) and 0 or 1>,,<self:Bspeed()*1>,,,
40000001,,,,,,object(8),,,,,,<400000001>,<99>,,,<0>,,,
40000002,,,,0,14,,,,,,,<400000001;400000008>,<99;99>,<1;1>,,<0;0>,,,
40000003,,,,0,11,,,,,,,<400000009>,<99>,,,<0>,,,
40000021,,,,,,object(10),,,,,,<400000201;400000202>,<99;99>,<1;1>,,<0;0>,,,
40000022,,,,0,14,,,,,,,,,,,,,,
40000041,,,,0,11,,,,,,,<400000401;400000402>,<99;99>,<1;1>,,<0;92>,,,
40000042,,,,,11,,,,,,,<400000401;400000402;400000404>,<99;99;99>,<1;0;1>,,<0;92;<1;1;11>>,,,
40000043,,,,,,selfForce | nodead,random(1),,,,,<400000405>,<99>,,,<0>,,,
40000051,,,,0,14,,,,,,,<400000501;400000502>,<99;99>,<1;1>,,<<1;7>;0>,,,
40000052,,,,,11,,,,,,,,,,,,,,
40000053,,,,,,,,,,,,,,,,,,,
40010011,,,,0,14,,,,,,,<400100111>,<99>,,,<0>,,,
40010021,,,,0,14,,,,,,,<400100211>,<99>,,,<0>,,,
40010031,,,,0,14,,,,,,,<400100311>,<99>,,,<0>,,,
40010041,,,,,,selfForce|nodead,"setSelectAttr({""damage"",""specialDamage""},""max"")|attr(""selectAttr"",""max"",1)",,,,,<400100411>,<99>,,,<0>,,,
40010051,,,,0,14,,,,,,,<400100511>,<99>,,,<0>,,,
40010061,,,,0,14,,,,,,,<400100611>,<99>,,,<0>,,,
40010071,,,,0,14,,,,,,,<400100711>,<99>,,,<0>,,,
40010081,,,,,11,,,,,,,<400100811>,<99>,,,<-1000>,,,
40010091,,,,0,14,,,,,,,<400100911>,<99>,,,<0>,,,
40010101,,,,0,14,,,,,,,<400101011>,<99>,,,<0>,,,
40010111,,,,0,14,,,,,,,<400101111>,<99>,,,<0>,,,
40010121,,,,0,2,,,,,,,<400101211>,<99>,,,<2000>,,,
40010131,,,,0,14,,,,,,,<400101311;400101312>,<99;99>,<1;1>,,<self:defence();self:specialDefence()>,,,
40010141,,,,0,14,,,,,,,<400101411>,<99>,,,<0>,,,
40010151,,,,0,14,,,,,,,<400101511>,<99>,,,<0>,,,
40010161,,,,0,14,,,,,,,<400101611>,<99>,,,<0>,,,
40010171,,,,0,14,,,,,,,<400101711>,<99>,,,<0>,,,
40010181,,,,0,14,,,,,,,<400101811>,<99>,,,<0>,,,
40010191,,,,,,enemyForce|nodead,backRowRandom(1),,,,,<400101911>,<2>,"<less(sumBuffOverlayByGroupInForce(target:force(),27),1) and 1 or 0>",,<0>,,,
40010201,,,,,11,,,,,,,<400102011>,<3>,,,<-2000>,,,
40010211,,,,0,14,,,,,,,<400102111>,<99>,,,<0>,,,
40010221,,,,0,14,,,,,,,<400102211>,<99>,,,<0>,,,
40010231,,,,0,14,,,,,,,<400102311>,<99>,,,<0>,,,
40010241,,,,0,14,,,,,,,<400102411>,<99>,,,<0>,,,
40010251,,,,0,14,,,,,,,<400102511>,<99>,,,<0>,,,
40010261,,,,0,14,,,,,,,<400102611>,<3>,,,<2000>,,,
40010271,,,,0,14,,,,,,,<400102711>,<99>,,,<0>,,,
40010281,,,,0,14,,,,,,,<400102811>,<99>,,,<0>,,,
40010291,,,,0,14,,,,,,,<400102911>,<99>,,,<0>,,,
40010301,,,,0,14,,,,,,,<400103011>,<99>,,,<0>,,,
40010311,,,,0,14,,,,,,,<400103111>,<99>,,,<0>,,,
40010321,,,,0,14,,,,,,,<400103211>,<99>,,,<self:rebound()*5*self:hpMax()>,,,
40010331,,,,0,14,,,,,,,<400103311>,<99>,,,<0>,,,
40010341,,,,0,14,,,,,,,<400103411>,<99>,,,<0>,,,
40010351,,,,0,14,,,,,,,<400103511>,<99>,,,<0>,,,
40010361,,,,0,14,,,,,,,<400103611>,<99>,,,<0>,,,
40010371,,,,0,14,,,,,,,<400103711>,<99>,,,<0>,,,
40010381,,,,0,14,,,,,,,<400103811>,<99>,,,<0>,,,
40010391,,,,0,14,,,,,,,<400103911>,<99>,,,<0>,,,
40010401,,,,0,14,,,,,,,<400104011>,<99>,,,<0>,,,
40020011,,,,0,14,,,,,,,<520271>,<99>,,,<1>,,,
40020021,,,,,,selfForce|nodead,random(1),,,,,<400200211>,<99>,,,<0>,,,
40020031,,,,,,selfForce|nodead,random(1),,,,,<400200311>,<99>,,,<0>,,,
40020041,,,,,,selfForce|nodead,random(1),,,,,<400200411>,<99>,,,<0>,,,
40020051,,,,,,selfForce|nodead,random(1),,,,,<400200511>,<99>,,,<0>,,,
40020061,,,,,,selfForce|nodead,random(1),,,,,<400200611>,<99>,,,<9999>,,,
40020071,,,,,,selfForce|nodead,random(1),,,,,<400200711>,<99>,,,<0>,,,
40020081,,,,,,selfForce|nodead,random(1),,,,,<400200811>,<99>,,,<0>,,,
40020511,,,,0,14,,,,,,,<400205111>,<99>,,,<0>,,,
40020521,,,,0,14,,,,,,,<400205211>,<99>,,,<0>,,,
40020531,,,,0,14,,,,,,,<400205311>,<99>,,,<0>,,,
40020541,,,,0,14,,,,,,,<400205411>,<99>,<0.3>,,<<0;self:hpMax();self:mp1Max();0>>,,,
40020611,,,,0,14,,,,,,,<400205111>,<99>,,,<0>,,,
40020621,,,,0,14,,,,,,,<400205211>,<99>,,,<0>,,,
40020631,,,,0,14,,,,,,,<400205311>,<99>,,,<0>,,,
40020641,,,,0,14,,,,,,,<400205411>,<99>,<0.3>,,<<0;self:hpMax();self:mp1Max();0>>,,,
40020711,,,,0,14,,,,,,,<400205111>,<99>,,,<0>,,,
40020721,,,,0,14,,,,,,,<400205211>,<99>,,,<0>,,,
40020731,,,,0,14,,,,,,,<400205311>,<99>,,,<0>,,,
40020741,,,,0,14,,,,,,,<400205411>,<99>,<0.3>,,<<0;self:hpMax();self:mp1Max();0>>,,,
40110011,,,,0,14,,,,,,,<40110011>,<99>,<self:cardID() == 263 and 0.5 or 0>,,<1>,,,
40110021,,,,0,14,,,,,,,<40110021>,<99>,<self:cardID() == 572 and 0.5 or 0>,,<1>,,,
40110031,,,,,,selfForce|nodead,rowfront|exclude(list(csvSelf:id())),,,,,<40110031;40110032>,<99;99>,<self:cardID() == 593 and 0.5 or 0;self:cardID() == 593 and 0.5 or 0>,,<1;1>,,,
40110041,,,,0,14,,,,,,,<40110041>,<99>,<self:cardID() == 1503 and 0.5 or 0>,,<1>,,,
40110051,,,,0,14,,,,,,,<40110051>,<99>,<self:cardID() == 3021 and 0.5 or 0>,,<1>,,,
40110061,,,,0,14,,,,,,,<40110061>,<99>,<self:cardID() == 3353 and 0.5 or 0>,,<1>,,,
40110071,,,,0,14,,,,,,,<40110071;40110072>,<99;99>,<self:cardID() == 3413 and 0.5 or 0;self:cardID() == 3413 and 0.5 or 0>,,<1;1>,,,
40110081,,,,0,14,,,,,,,<40110081;40110082>,<99;99>,<self:cardID() == 2242 and 0.5 or 0;self:cardID() == 2242 and 0.5 or 0>,,"<<list(0,1,0);0.4;0>;<list(0,0,1);0.2;0>>",,,
40110091,,,,0,14,,,,,,,<40110091>,<99>,<self:cardID() == 1893 and 0.5 or 0>,,<1>,,,
40110101,,,,0,14,,,,,,,<40110101>,<99>,<self:cardID() == 1903 and 0.5 or 0>,,<1>,,,
40110111,,,,,,selfForce()|nodead,rowfront,,,,,<3151121>,<99>,<self:cardID() == 3152 and 0.5 or 0>,,<1>,,,
40110121,,,,0,14,,,,,,,<40110121>,<99>,<self:cardID() == 3772 and 0.5 or 0>,,<1>,,,
40110131,,,,0,14,,,,,,,<40110131>,<99>,<self:cardID() == 1293 and 0.5 or 0>,,<1>,,,
40110141,,,,0,14,,,,,,,<40110141>,<99>,<self:cardID() == 2473 and 0.5 or 0>,,<1>,,,
40110151,,,,0,14,,,,,,,<40110151>,<99>,<self:cardID() == 3663 and 0.5 or 0>,,<1>,,,
40110161,,,,0,14,,,,,,,<40110161>,<99>,<self:cardID() == 1303 and 0.5 or 0>,,<1>,,,
40110171,,,,0,14,,,,,,,<40110171>,<99>,<self:cardID() == 1313 and 0.5 or 0>,,<1>,,,
40110181,,,,0,14,,,,,,,<40110181>,<99>,<self:cardID() == 3303 and 0.5 or 0>,,<1>,,,
40110191,,,,0,14,,,,,,,<40110191>,<99>,<self:cardID() == 1253 and 0.5 or 0>,,<1>,,,
40110201,,,,0,14,,,,,,,<40110201>,<99>,<self:cardID() == 333 and 0.5 or 0>,,<1>,,,
40110211,,,,0,14,,,,,,,<40110211>,<99>,<self:cardID() == 893 and 0.5 or 0>,,<1>,,,
40110221,,,,0,14,,,,,,,<40110221>,<99>,<self:cardID() == 31 and 0.5 or 0>,,<1>,,,
40110231,,,,0,14,,,,,,,<40110231>,<99>,<self:cardID() == 3 and 0.5 or 0>,,<1>,,,
40110241,,,,0,14,,,,,,,<40110241>,<99>,<self:cardID() == 783 and 0.5 or 0>,,<1>,,,
40110251,,,,0,14,,,,,,,<40110241>,<99>,<self:cardID() == 783 and 0.5 or 0>,,<1>,,,
40110261,,,,0,14,,,,,,,<40110241>,<99>,<self:cardID() == 783 and 0.5 or 0>,,<1>,,,
40110271,,,,0,14,,,,,,,<40110251>,<99>,<self:cardID() == 2013 and 0.5 or 0>,,<1>,,,
40110281,,,,0,14,,,,,,,<40110261>,<99>,<self:cardID() == 3283 and 0.5 or 0>,,<1>,,,
40110291,,,,0,14,,,,,,,<40110271>,<99>,<self:cardID() == 13 and 0.5 or 0>,,<1>,,,
40110301,,,,0,14,,,,,,,<40110281>,<99>,<self:cardID() == 793 and 0.5 or 0>,,<1>,,,
40110311,,,,,14,,,,,,,<40110851>,<3>,<self:cardID() == 23 and 0.5 or 0>,,<1>,,,
40110321,,,,,14,,,,,,,<40110861>,<99>,<self:cardID() == 803 and 0.5 or 0>,,<1>,,,
40110331,,,,,14,,,,,,,<40110871>,<99>,<self:cardID() == 2033 and 0.5 or 0>,,<5000>,,,
40110341,,,,0,14,,,,,,,<40110881>,<99>,<self:cardID() == 3502 and 0.5 or 0>,,<-target:hpMax()*0.05>,,,
40110351,,,,0,14,,,,,,,<40110891>,<99>,<self:cardID() == 1443 and 0.5 or 0>,,<2500>,,,
40110361,,,,0,14,,,,,,,<40110901>,<99>,<self:cardID() == 552 and 0.5 or 0>,,<1000>,,,
40110371,,,,0,14,,,,,,,<40110911;40110912>,<99;99>,<self:cardID() == 1941 and 0.5 or 0;self:cardID() == 1941 and 0.5 or 0>,,<<1;0.008;1>;500>,,,
40110381,,,,0,14,,,,,,,<40110921>,<99>,<self:cardID() == 1951 and 0.5 or 0>,,<1>,,,
40110391,,,,0,14,,,,,,,<40110931>,<99>,<self:cardID() == 761 and 0.5 or 0>,,<3500>,,,
40110401,,,,0,14,,,,,,,<40110941>,<99>,<self:cardID() == 1271 and 0.5 or 0>,,<1>,,,
40110411,,,,0,14,,,,,,,<40110951>,<99>,<self:cardID() == 1971 and 0.5 or 0>,,<3000>,,,
40110421,,,,0,14,,,,,,,<40110961>,<99>,<self:cardID() == 2351 and 0.5 or 0>,,<1>,,,
40110431,,,,0,14,,,,,,,<40110971>,<99>,<self:cardID() == 2361 and 0.5 or 0>,,<<1;self:hpMax()*0.4;self:mp1Max()>;0>,,,
40110441,,,,0,14,,,,,,,<40110981>,<1>,<(self:cardID() == 2441 or 2442) and 0.5 or 0>,,<<1;1;1>>,,,
40110451,,,,0,11,,,,,,,<40110991>,<1>,<self:cardID() == 1981 and 0.5 or 0>,,<20000>,,,
40110461,,,,0,11,,,,,,,<40110461>,<99>,<self:cardID() == 4 and 0.5 or 0>,,<1>,,,
40110471,,,,0,14,,,,,,,<40110471>,<99>,<self:cardID() == 14 and 0.5 or 0>,,<1>,,,
40110481,,,,0,14,,,,,,,<40110481>,<99>,<self:cardID() == 15 and 0.5 or 0>,,<1>,,,
40110491,,,,0,14,,,,,,,<40110491>,<99>,<self:cardID() == 24 and 0.5 or 0>,,<1>,,,
40110501,,,,0,14,,,,,,,<40110501>,<99>,<self:cardID() == 53 and 0.5 or 0>,,<1>,,,
40110511,,,,0,14,,,,,,,<40110511>,<99>,<self:cardID() == 93 and 0.5 or 0>,,<1>,,,
40110521,,,,0,14,,,,,,,<40110521>,<99>,<self:cardID() == 133 and 0.5 or 0>,,<1>,,,
40110531,,,,0,14,,,,,,,<40110531>,<99>,<self:cardID() == 153 and 0.5 or 0>,,<1>,,,
40110541,,,,0,14,,,,,,,<40110541>,<99>,<self:cardID() == 163 and 0.5 or 0>,,<1>,,,
40110551,,,,0,14,,,,,,,<40110551>,<99>,<self:cardID() == 264 and 0.5 or 0>,,<1>,,,
40110561,,,,0,14,,,,,,,<40110561>,<99>,<self:cardID() == 273 and 0.5 or 0>,,<1>,,,
40110571,,,,0,14,,,,,,,<40110571>,<99>,<self:cardID() == 283 and 0.5 or 0>,,<1>,,,
40110581,,,,0,14,,,,,,,<40110581>,<99>,<self:cardID() == 303 and 0.5 or 0>,,<1>,,,
40110591,,,,0,14,,,,,,,<40110591>,<99>,<self:cardID() == 393 and 0.5 or 0>,,<1>,,,
40110601,,,,0,14,,,,,,,<40110601>,<99>,<self:cardID() == 394 and 0.5 or 0>,,<1>,,,
40110611,,,,0,14,,,,,,,<40110611>,<99>,<self:cardID() == 493 and 0.5 or 0>,,<1>,,,
40110621,,,,0,14,,,,,,,<40110621>,<99>,<self:cardID() == 603 and 0.5 or 0>,,<1>,,,
40110631,,,,0,14,,,,,,,<40110631>,<99>,<self:cardID() == 753 and 0.5 or 0>,,<1>,,,
40110641,,,,0,14,,,,,,,<40110641>,<99>,<self:cardID() == 863 and 0.5 or 0>,,<1>,,,
40110651,,,,0,14,,,,,,,<40110651>,<99>,<self:cardID() == 883 and 0.5 or 0>,,<1>,,,
40110661,,,,0,14,,,,,,,<40110661>,<99>,<self:cardID() == 884 and 0.5 or 0>,,<1>,,,
40110671,,,,0,14,,,,,,,<40110671>,<99>,<self:cardID() == 1393 and 0.5 or 0>,,<1>,,,
40110681,,,,0,14,,,,,,,<40110681>,<99>,<self:cardID() == 1394 and 0.5 or 0>,,<1>,,,
40110691,,,,0,14,,,,,,,<40110691>,<99>,<self:cardID() == 1423 and 0.5 or 0>,,<1>,,,
40110701,,,,0,14,,,,,,,<40110701>,<99>,<self:cardID() == 1813 and 0.5 or 0>,,<1>,,,
40110711,,,,0,14,,,,,,,<40110711>,<99>,<self:cardID() == 1863 and 0.5 or 0>,,<1>,,,
40110721,,,,0,14,,,,,,,<40110721>,<99>,<self:cardID() == 2073 and 0.5 or 0>,,<1>,,,
40110731,,,,0,14,,,,,,,<40110731>,<99>,<self:cardID() == 2233 and 0.5 or 0>,,<1>,,,
40110741,,,,0,14,,,,,,,<40110741>,<99>,<self:cardID() == 2303 and 0.5 or 0>,,<1>,,,
40110751,,,,0,14,,,,,,,<40110751>,<99>,<self:cardID() == 2593 and 0.5 or 0>,,<1>,,,
40110761,,,,0,14,,,,,,,<40110761>,<99>,<self:cardID() == 2633 and 0.5 or 0>,,<1>,,,
40110771,,,,0,14,,,,,,,<40110771>,<99>,<self:cardID() == 2683 and 0.5 or 0>,,<1>,,,
40110781,,,,0,14,,,,,,,<40110781>,<99>,<self:cardID() == 2723 and 0.5 or 0>,,<1>,,,
40110791,,,,,,selfForce | nodead,frontRowRandom(3),,,,,<40110791>,<99>,<self:cardID() == 2843 and 0.5 or 0>,,<1>,,,
40110801,,,,0,14,,,,,,,<40110801>,<99>,<self:cardID() == 2873 and 0.5 or 0>,,<1>,,,
40110811,,,,0,14,,,,,,,<40110811>,<99>,<self:cardID() == 2963 and 0.5 or 0>,,<1>,,,
40110821,,,,0,14,,,,,,,<40110821>,<99>,<self:cardID() == 2993 and 0.5 or 0>,,<1>,,,
40110831,,,,0,14,,,,,,,<40110831>,<99>,<self:cardID() == 3003 and 0.5 or 0>,,<1>,,,
40110841,,,,0,14,,,,,,,<40110841>,<99>,<self:cardID() == 3143 and 0.5 or 0>,,<1>,,,
40110851,,,,,14,,,,,,,<40110851>,<3>,<self:cardID() == 3543 and 0.5 or 0>,,<1>,,,
40110861,,,,,14,,,,,,,<40110861>,<99>,<self:cardID() == 3843 and 0.5 or 0>,,<1>,,,
40110871,,,,,14,,,,,,,<40110871>,<99>,<self:cardID() == 3592 and 0.5 or 0>,,<5000>,,,
40110881,,,,0,14,,,,,,,<40110881>,<99>,<self:cardID() == 4132 and 0.5 or 0>,,<-target:hpMax()*0.05>,,,
40110891,,,,0,14,,,,,,,<40110891>,<99>,<self:cardID() == 721 and 0.5 or 0>,,<2500>,,,
40110901,,,,0,14,,,,,,,<40110901>,<99>,<self:cardID() == 731 and 0.5 or 0>,,<1000>,,,
40110911,,,,0,14,,,,,,,<40110911;40110912>,<99;99>,<self:cardID() == 741 and 0.5 or 0;self:cardID() == 741 and 0.5 or 0>,,<<1;0.008;1>;500>,,,
40110921,,,,0,14,,,,,,,<40110921>,<99>,<self:cardID() == 771 and 0.5 or 0>,,<1>,,,
40110931,,,,0,11,,,,,,,<40110931>,<99>,<self:cardID() == 1071 and 0.5 or 0>,,<3500>,,,
40110941,,,,0,11,,,,,,,<40110941>,<99>,<self:cardID() == 1221 and 0.5 or 0>,,<1>,,,
40110951,,,,0,11,,,,,,,<40110951>,<99>,<self:cardID() == 1231 and 0.5 or 0>,,<3000>,,,
40110961,,,,0,14,,,,,,,<40110961>,<99>,<self:cardID() == 1241 and 0.5 or 0>,,<1>,,,
40110971,,,,0,14,,,,,,,<40110971>,<99>,<self:cardID() == 1911 and 0.5 or 0>,,<<1;self:hpMax()*0.4;self:mp1Max()>;0>,,,
40110981,,,,0,11,,,,,,,<40110981>,<1>,<self:cardID() == 1921 and 0.5 or 0>,,<<1;1;1>>,,,
40110991,,,,0,11,,,,,,,<40110991>,<1>,<self:cardID() == 1931 and 0.5 or 0>,,<20000>,,,
40111001,,,,,14,,,,,,,<40111001;40111002>,<99;99>,<self:cardID() == 2401 and 0.5 or 0;self:cardID() == 2401 and 0.5 or 0>,,<-target:defence()*0.4;-target:specialDefence()*0.4>,,,
40111011,,,,,14,,,,,,,<40110851>,<3>,<self:cardID() == 3251 and 0.5 or 0>,,<1>,,,
40111021,,,,,14,,,,,,,<40110861>,<99>,<self:cardID() == 1261 and 0.5 or 0>,,<1>,,,
40111031,,,,,14,,,,,,,<40110871>,<99>,<self:cardID() == 1961 and 0.5 or 0>,,<5000>,,,
40111041,,,,0,14,,,,,,,<40110881>,<99>,<self:cardID() == 2381 and 0.5 or 0>,,<-target:hpMax()*0.05>,,,
40111051,,,,0,14,,,,,,,<40110891>,<99>,<self:cardID() == 2391 and 0.5 or 0>,,<2500>,,,
40111061,,,,0,11,,,,,,,<40110991>,<1>,<self:cardID() == 2431 and 0.5 or 0>,,<20000>,,,
40111071,,,,0,14,,,,,,,<40111001;40111002>,<99;99>,<self:cardID() == 2442 and 0.5 or 0;self:cardID() == 2442 and 0.5 or 0>,,<-target:defence()*0.4;-target:specialDefence()*0.4>,,,
40111081,,,,,14,,,,,,,<40110851>,<3>,<self:cardID() == 3211 and 0.5 or 0>,,<1>,,,
40111091,,,,,14,,,,,,,<40110861>,<99>,<self:cardID() == 3221 and 0.5 or 0>,,<1>,,,
40111101,,,,,14,,,,,,,<40110871>,<99>,<self:cardID() == 3241 and 0.5 or 0>,,<5000>,,,
40111111,,,,0,14,,,,,,,<40110881>,<99>,<self:cardID() == 3631 and 0.5 or 0>,,<-target:hpMax()*0.05>,,,
40111121,,,,0,14,,,,,,,<40110891>,<99>,<self:cardID() == 3641 and 0.5 or 0>,,<2500>,,,
40111131,,,,0,14,,,,,,,<40110901>,<99>,<self:cardID() == 2351 and 0.5 or 0>,,<1000>,,,
40111141,,,,0,14,,,,,,,<40110911;40110912>,<99;99>,<self:cardID() == 2361 and 0.5 or 0;self:cardID() == 2361 and 0.5 or 0>,,<<1;0.008;1>;500>,,,
40210011,,,,0,14,,,,,,,<40110011>,<99>,<self:cardID() == 263 and 1 or 0>,,<1>,,,
40210021,,,,0,14,,,,,,,<40110021>,<99>,<self:cardID() == 572 and 1 or 0>,,<1>,,,
40210031,,,,,,selfForce|nodead,rowfront|exclude(list(csvSelf:id())),,,,,<40110031;40110032>,<99;99>,<self:cardID() == 593 and 1 or 0;self:cardID() == 593 and 1 or 0>,,<1;1>,,,
40210041,,,,0,14,,,,,,,<40110041>,<99>,<self:cardID() == 1503 and 1 or 0>,,<1>,,,
40210051,,,,0,14,,,,,,,<40110051>,<99>,<self:cardID() == 3021 and 1 or 0>,,<1>,,,
40210061,,,,0,14,,,,,,,<40110061>,<99>,<self:cardID() == 3353 and 1 or 0>,,<1>,,,
40210071,,,,0,14,,,,,,,<40110071;40110072>,<99;99>,<self:cardID() == 3413 and 1 or 0;self:cardID() == 3413 and 1 or 0>,,<1;1>,,,
40210081,,,,0,14,,,,,,,<40110081;40110082>,<99;99>,<self:cardID() == 2242 and 1 or 0;self:cardID() == 2242 and 1 or 0>,,"<<list(0,1,0);0.4;0>;<list(0,0,1);0.2;0>>",,,
40210091,,,,0,14,,,,,,,<40110091>,<99>,<self:cardID() == 1893 and 1 or 0>,,<1>,,,
40210101,,,,0,14,,,,,,,<40110101>,<99>,<self:cardID() == 1903 and 1 or 0>,,<1>,,,
40210111,,,,,,selfForce()|nodead,rowfront,,,,,<3151121>,<99>,<self:cardID() == 3152 and 1 or 0>,,<1>,,,
40210121,,,,0,14,,,,,,,<40110121>,<99>,<self:cardID() == 3772 and 1 or 0>,,<1>,,,
40210131,,,,0,14,,,,,,,<40110131>,<99>,<self:cardID() == 1293 and 1 or 0>,,<1>,,,
40210141,,,,0,14,,,,,,,<40110141>,<99>,<self:cardID() == 2473 and 1 or 0>,,<1>,,,
40210151,,,,0,14,,,,,,,<40110151>,<99>,<self:cardID() == 3663 and 1 or 0>,,<1>,,,
40210161,,,,0,14,,,,,,,<40110161>,<99>,<self:cardID() == 1303 and 1 or 0>,,<1>,,,
40210171,,,,0,14,,,,,,,<40110171>,<99>,<self:cardID() == 1313 and 1 or 0>,,<1>,,,
40210181,,,,0,14,,,,,,,<40110181>,<99>,<self:cardID() == 3303 and 1 or 0>,,<1>,,,
40210191,,,,0,14,,,,,,,<40110191>,<99>,<self:cardID() == 1253 and 1 or 0>,,<1>,,,
40210201,,,,0,14,,,,,,,<40110201>,<99>,<self:cardID() == 333 and 1 or 0>,,<1>,,,
40210211,,,,0,14,,,,,,,<40110211>,<99>,<self:cardID() == 893 and 1 or 0>,,<1>,,,
40210221,,,,0,14,,,,,,,<40110221>,<99>,<self:cardID() == 31 and 1 or 0>,,<1>,,,
40210231,,,,0,14,,,,,,,<40110231>,<99>,<self:cardID() == 3 and 1 or 0>,,<1>,,,
40210241,,,,0,14,,,,,,,<40110241>,<99>,<self:cardID() == 783 and 1 or 0>,,<1>,,,
40210251,,,,0,14,,,,,,,<40110241>,<99>,<self:cardID() == 783 and 1 or 0>,,<1>,,,
40210261,,,,0,14,,,,,,,<40110241>,<99>,<self:cardID() == 783 and 1 or 0>,,<1>,,,
40210271,,,,0,14,,,,,,,<40110251>,<99>,<self:cardID() == 2013 and 1 or 0>,,<1>,,,
40210281,,,,0,14,,,,,,,<40110261>,<99>,<self:cardID() == 3283 and 1 or 0>,,<1>,,,
40210291,,,,0,14,,,,,,,<40110271>,<99>,<self:cardID() == 13 and 1 or 0>,,<1>,,,
40210301,,,,0,14,,,,,,,<40110281>,<99>,<self:cardID() == 793 and 1 or 0>,,<1>,,,
40210311,,,,,14,,,,,,,<40110851>,<3>,<self:cardID() == 23 and 1 or 0>,,<1>,,,
40210321,,,,,14,,,,,,,<40110861>,<99>,<self:cardID() == 803 and 1 or 0>,,<1>,,,
40210331,,,,,14,,,,,,,<40110871>,<99>,<self:cardID() == 2033 and 1 or 0>,,<5000>,,,
40210341,,,,0,14,,,,,,,<40110881>,<99>,<self:cardID() == 3502 and 1 or 0>,,<-target:hpMax()*0.05>,,,
40210351,,,,0,14,,,,,,,<40110891>,<99>,<self:cardID() == 1443 and 1 or 0>,,<2500>,,,
40210361,,,,0,14,,,,,,,<40110901>,<99>,<self:cardID() == 552 and 1 or 0>,,<1000>,,,
40210371,,,,0,14,,,,,,,<40110911;40110912>,<99;99>,<self:cardID() == 1941 and 1 or 0;self:cardID() == 1941 and 1 or 0>,,<<1;0.008;1>;500>,,,
40210381,,,,0,14,,,,,,,<40110921>,<99>,<self:cardID() == 1951 and 1 or 0>,,<1>,,,
40210391,,,,0,11,,,,,,,<40110931>,<99>,<self:cardID() == 761 and 1 or 0>,,<3500>,,,
40210401,,,,0,11,,,,,,,<40110941>,<99>,<self:cardID() == 1271 and 1 or 0>,,<1>,,,
40210411,,,,0,11,,,,,,,<40110951>,<2>,<self:cardID() == 1971 and 1 or 0>,,<3000>,,,
40210421,,,,0,11,,,,,,,<40110961>,<99>,<self:cardID() == 2351 and 1 or 0>,,<1>,,,
40210431,,,,0,14,,,,,,,<40110971>,<99>,<self:cardID() == 2361 and 1 or 0>,,<<1;self:hpMax()*0.4;self:mp1Max()>;0>,,,
40210441,,,,0,11,,,,,,,<40110981>,<1>,<(self:cardID() == 2441 or 2442) and 1 or 0>,,<<1;1;1>>,,,
40210451,,,,0,11,,,,,,,<40110991>,<1>,<self:cardID() == 1981 and 1 or 0>,,<20000>,,,
40210461,,,,0,11,,,,,,,<40110461>,<99>,<self:cardID() == 4 and 1 or 0>,,<1>,,,
40210471,,,,0,14,,,,,,,<40110471>,<99>,<self:cardID() == 14 and 1 or 0>,,<1>,,,
40210481,,,,0,14,,,,,,,<40110481>,<99>,<self:cardID() == 15 and 1 or 0>,,<1>,,,
40210491,,,,0,14,,,,,,,<40110491>,<99>,<self:cardID() == 24 and 1 or 0>,,<1>,,,
40210501,,,,0,14,,,,,,,<40110501>,<99>,<self:cardID() == 53 and 1 or 0>,,<1>,,,
40210511,,,,0,14,,,,,,,<40110511>,<99>,<self:cardID() == 93 and 1 or 0>,,<1>,,,
40210521,,,,0,14,,,,,,,<40110521>,<99>,<self:cardID() == 133 and 1 or 0>,,<1>,,,
40210531,,,,0,14,,,,,,,<40110531>,<99>,<self:cardID() == 153 and 1 or 0>,,<1>,,,
40210541,,,,0,14,,,,,,,<40110541>,<99>,<self:cardID() == 163 and 1 or 0>,,<1>,,,
40210551,,,,0,14,,,,,,,<40110551>,<99>,<self:cardID() == 264 and 1 or 0>,,<1>,,,
40210561,,,,0,14,,,,,,,<40110561>,<99>,<self:cardID() == 273 and 1 or 0>,,<1>,,,
40210571,,,,0,14,,,,,,,<40110571>,<99>,<self:cardID() == 283 and 1 or 0>,,<1>,,,
40210581,,,,0,14,,,,,,,<40110581>,<99>,<self:cardID() == 303 and 1 or 0>,,<1>,,,
40210591,,,,0,14,,,,,,,<40110591>,<99>,<self:cardID() == 393 and 1 or 0>,,<1>,,,
40210601,,,,0,14,,,,,,,<40110601>,<99>,<self:cardID() == 394 and 1 or 0>,,<1>,,,
40210611,,,,0,14,,,,,,,<40110611>,<99>,<self:cardID() == 493 and 1 or 0>,,<1>,,,
40210621,,,,0,14,,,,,,,<40110621>,<99>,<self:cardID() == 603 and 1 or 0>,,<1>,,,
40210631,,,,0,14,,,,,,,<40110631>,<99>,<self:cardID() == 753 and 1 or 0>,,<1>,,,
40210641,,,,0,14,,,,,,,<40110641>,<99>,<self:cardID() == 863 and 1 or 0>,,<1>,,,
40210651,,,,0,14,,,,,,,<40110651>,<99>,<self:cardID() == 883 and 1 or 0>,,<1>,,,
40210661,,,,0,14,,,,,,,<40110661>,<99>,<self:cardID() == 884 and 1 or 0>,,<1>,,,
40210671,,,,0,14,,,,,,,<40110671>,<99>,<self:cardID() == 1393 and 1 or 0>,,<1>,,,
40210681,,,,0,14,,,,,,,<40110681>,<99>,<self:cardID() == 1394 and 1 or 0>,,<1>,,,
40210691,,,,0,14,,,,,,,<40110691>,<99>,<self:cardID() == 1423 and 1 or 0>,,<1>,,,
40210701,,,,0,14,,,,,,,<40110701>,<99>,<self:cardID() == 1813 and 1 or 0>,,<1>,,,
40210711,,,,0,14,,,,,,,<40110711>,<99>,<self:cardID() == 1863 and 1 or 0>,,<1>,,,
40210721,,,,0,14,,,,,,,<40110721>,<99>,<self:cardID() == 2073 and 1 or 0>,,<1>,,,
40210731,,,,0,14,,,,,,,<40110731>,<99>,<self:cardID() == 2233 and 1 or 0>,,<1>,,,
40210741,,,,0,14,,,,,,,<40110741>,<99>,<self:cardID() == 2303 and 1 or 0>,,<1>,,,
40210751,,,,0,14,,,,,,,<40110751>,<99>,<self:cardID() == 2593 and 1 or 0>,,<1>,,,
40210761,,,,0,14,,,,,,,<40110761>,<99>,<self:cardID() == 2633 and 1 or 0>,,<1>,,,
40210771,,,,0,14,,,,,,,<40110771>,<99>,<self:cardID() == 2683 and 1 or 0>,,<1>,,,
40210781,,,,0,14,,,,,,,<40110781>,<99>,<self:cardID() == 2723 and 1 or 0>,,<1>,,,
40210791,,,,,,selfForce | nodead,frontRowRandom(3),,,,,<40110791>,<99>,<self:cardID() == 2843 and 1 or 0>,,<1>,,,
40210801,,,,0,14,,,,,,,<40110801>,<99>,<self:cardID() == 2873 and 1 or 0>,,<1>,,,
40210811,,,,0,14,,,,,,,<40110811>,<99>,<self:cardID() == 2963 and 1 or 0>,,<1>,,,
40210821,,,,0,14,,,,,,,<40110821>,<99>,<self:cardID() == 2993 and 1 or 0>,,<1>,,,
40210831,,,,0,14,,,,,,,<40110831>,<99>,<self:cardID() == 3003 and 1 or 0>,,<1>,,,
40210841,,,,0,14,,,,,,,<40110841>,<99>,<self:cardID() == 3143 and 1 or 0>,,<1>,,,
40210851,,,,,14,,,,,,,<40110851>,<3>,<self:cardID() == 3543 and 1 or 0>,,<1>,,,
40210861,,,,,14,,,,,,,<40110861>,<99>,<self:cardID() == 3843 and 1 or 0>,,<1>,,,
40210871,,,,,14,,,,,,,<40110871>,<99>,<self:cardID() == 3592 and 1 or 0>,,<5000>,,,
40210881,,,,0,14,,,,,,,<40110881>,<99>,<self:cardID() == 4132 and 1 or 0>,,<-target:hpMax()*0.05>,,,
40210891,,,,0,14,,,,,,,<40110891>,<99>,<self:cardID() == 721 and 1 or 0>,,<2500>,,,
40210901,,,,0,14,,,,,,,<40110901>,<99>,<self:cardID() == 731 and 1 or 0>,,<1000>,,,
40210911,,,,0,14,,,,,,,<40110911;40110912>,<99;99>,<self:cardID() == 741 and 1 or 0;self:cardID() == 741 and 1 or 0>,,<<1;0.008;1>;500>,,,
40210921,,,,0,14,,,,,,,<40110921>,<99>,<self:cardID() == 771 and 1 or 0>,,<1>,,,
40210931,,,,0,11,,,,,,,<40110931>,<99>,<self:cardID() == 1071 and 1 or 0>,,<3500>,,,
40210941,,,,0,11,,,,,,,<40110941>,<99>,<self:cardID() == 1221 and 1 or 0>,,<1>,,,
40210951,,,,0,11,,,,,,,<40110951>,<99>,<self:cardID() == 1231 and 1 or 0>,,<3000>,,,
40210961,,,,0,14,,,,,,,<40110961>,<99>,<self:cardID() == 1241 and 1 or 0>,,<1>,,,
40210971,,,,0,14,,,,,,,<40110971>,<99>,<self:cardID() == 1911 and 1 or 0>,,<<1;self:hpMax()*0.4;self:mp1Max()>;0>,,,
40210981,,,,0,11,,,,,,,<40110981>,<1>,<self:cardID() == 1921 and 1 or 0>,,<<1;1;1>>,,,
40210991,,,,0,11,,,,,,,<40110991>,<1>,<self:cardID() == 1931 and 1 or 0>,,<20000>,,,
40211001,,,,,14,,,,,,,<40111001;40111002>,<99;99>,<self:cardID() == 2401 and 1 or 0;self:cardID() == 2401 and 1 or 0>,,<-target:defence()*0.4;-target:specialDefence()*0.4>,,,
40211011,,,,,14,,,,,,,<40110851>,<3>,<self:cardID() == 3251 and 1 or 0>,,<1>,,,
40211021,,,,,14,,,,,,,<40110861>,<99>,<self:cardID() == 1261 and 1 or 0>,,<1>,,,
40211031,,,,,14,,,,,,,<40110871>,<99>,<self:cardID() == 1961 and 1 or 0>,,<5000>,,,
40211041,,,,0,14,,,,,,,<40110881>,<99>,<self:cardID() == 2381 and 1 or 0>,,<-target:hpMax()*0.05>,,,
40211051,,,,0,14,,,,,,,<40110891>,<99>,<self:cardID() == 2391 and 1 or 0>,,<2500>,,,
40211061,,,,0,11,,,,,,,<40110991>,<1>,<self:cardID() == 2431 and 1 or 0>,,<20000>,,,
40211071,,,,,14,,,,,,,<40111001;40111002>,<99;99>,<self:cardID() == 2442 and 1 or 0;self:cardID() == 2442 and 1 or 0>,,<-target:defence()*0.4;-target:specialDefence()*0.4>,,,
40211081,,,,,14,,,,,,,<40110851>,<3>,<self:cardID() == 3211 and 1 or 0>,,<1>,,,
40211091,,,,,14,,,,,,,<40110861>,<99>,<self:cardID() == 3221 and 1 or 0>,,<1>,,,
40211101,,,,,14,,,,,,,<40110871>,<99>,<self:cardID() == 3241 and 1 or 0>,,<5000>,,,
40211111,,,,0,14,,,,,,,<40110881>,<99>,<self:cardID() == 3631 and 1 or 0>,,<-target:hpMax()*0.05>,,,
40211121,,,,0,14,,,,,,,<40110891>,<99>,<self:cardID() == 3641 and 1 or 0>,,<2500>,,,
40211131,,,,0,14,,,,,,,<40110901>,<99>,<self:cardID() == 2351 and 1 or 0>,,<1000>,,,
40211141,,,,0,14,,,,,,,<40110911;40110912>,<99;99>,<self:cardID() == 2361 and 1 or 0;self:cardID() == 2361 and 1 or 0>,,<<1;0.008;1>;500>,,,
41000011,,,,0,14,,,,,,,<41000011>,<99>,<self:cardID() == 263 and 1 or 0>,,<1>,,,
41000021,,,,0,14,,,,,,,<41000021>,<99>,<self:cardID() == 572 and 1 or 0>,,<1>,,,
41000031,,,,,,selfForce|nodead,rowfront|exclude(list(csvSelf:id())),,,,,<41000031;41000032>,<99;99>,<self:cardID() == 593 and 1 or 0;self:cardID() == 593 and 1 or 0>,,<1;1>,,,
41000041,,,,0,14,,,,,,,<41000041>,<99>,<self:cardID() == 1503 and 1 or 0>,,<1>,,,
41000051,,,,0,14,,,,,,,<41000051>,<99>,<self:cardID() == 3021 and 1 or 0>,,<1>,,,
41000061,,,,0,14,,,,,,,<41000061>,<99>,<self:cardID() == 3353 and 1 or 0>,,<1>,,,
41000071,,,,0,11,,,,,,,<41000071;41000072>,<99;99>,<self:hasBuff(3411100) and 1 or 0;self:hasBuff(3411200) and 1 or 0>,,<3000;3000>,,,
41000081,,,,0,14,,,,,,,<40110081;40110082>,<99;99>,<self:cardID() == 2242 and 1 or 0;0>,,"<<list(0,1,0);0.4;0>;<list(0,0,1);0.3;0>>",,,
41000091,,,,0,14,,,,,,,<41000091>,<99>,<self:cardID() == 1893 and 1 or 0>,,<1>,,,
41000101,,,,0,14,,,,,,,<41000101>,<99>,<self:cardID() == 1903 and 1 or 0>,,<1>,,,
41000111,,,,,,selfForce()|nodead,rowfront,,,,,<3151121>,<99>,<self:cardID() == 3152 and 1 or 0>,,<1>,,,
41000121,,,,0,14,,,,,,,<41000121>,<99>,<self:cardID() == 3772 and 1 or 0>,,<1>,,,
41000131,,,,0,14,,,,,,,<41000131>,<99>,<self:cardID() == 1293 and 1 or 0>,,<1>,,,
41000141,,,,0,14,,,,,,,<41000141>,<99>,<self:cardID() == 2473 and 1 or 0>,,<1>,,,
41000151,,,,0,14,,,,,,,<41000151>,<99>,<self:cardID() == 3663 and 1 or 0>,,<1>,,,
41000161,,,,0,14,,,,,,,<41000161>,<99>,<self:cardID() == 1303 and 1 or 0>,,<1>,,,
41000171,,,,0,14,,,,,,,<41000171>,<99>,<self:cardID() == 1313 and 1 or 0>,,<1>,,,
41000181,,,,0,14,,,,,,,<41000181>,<99>,<self:cardID() == 3303 and 1 or 0>,,<1>,,,
41000191,,,,0,14,,,,,,,<41000191>,<99>,<self:cardID() == 1253 and 1 or 0>,,<1>,,,
41000201,,,,0,14,,,,,,,<41000201>,<99>,<self:cardID() == 333 and 1 or 0>,,<1>,,,
41000211,,,,0,14,,,,,,,<41000211>,<99>,<self:cardID() == 2333 and 1 or 0>,,<1>,,,
41000221,,,,0,14,,,,,,,<41000221>,<99>,<self:cardID() == 1941 and 1 or 0>,,<1>,,,
41000231,,,,0,14,,,,,,,<41000231>,<99>,<self:cardID() == 1951 and 1 or 0>,,<1>,,,
41000241,,,,0,14,,,,,,,<41000241>,<99>,<self:cardID() == 761 and 1 or 0>,,<<1>>,,,
41000251,,,,0,14,,,,,,,<41000251>,<99>,<self:cardID() == 1271 and 1 or 0>,,<1>,,,
41000261,,,,0,14,,,,,,,<41000261>,<99>,<self:cardID() == 1971 and 1 or 0>,,<1>,,,
41000271,,,,0,14,,,,,,,<41000271>,<99>,<self:cardID() == 2351 and 1 or 0>,,<1>,,,
41000281,,,,0,14,,,,,,,<41000281>,<99>,<self:cardID() == 2361 and 1 or 0>,,<1>,,,
41000291,,,,0,11,,,,,,,<41000291>,<1>,<(self:cardID() == 2441 or 2442) and 1 or 0>,,<<1;1;1>>,,,
41000301,,,,0,11,,,,,,,<41000301>,<99>,<self:cardID() == 1981 and 1 or 0>,,<3000>,,,
42000011,,,,0,14,,,,,,,<42000011>,<99>,<self:cardID() == 263 and 1 or 0>,,<1>,,,
42000021,,,,0,14,,,,,,,<42000021>,<99>,<self:cardID() == 572 and 1 or 0>,,<1>,,,
42000031,,,,,,selfForce|nodead,rowfront|exclude(list(csvSelf:id())),,,,,<42000031>,<99;99>,<self:cardID() == 593 and 1 or 0;self:cardID() == 593 and 1 or 0>,,<1;1>,,,
42000032,,,,0,14,,,,,,,<42000033>,<99>,<self:cardID() == 593 and 1 or 0;self:cardID() == 593 and 1 or 0>,,<1>,,,
42000041,,,,0,14,,,,,,,<42000041>,<99>,<self:cardID() == 1503 and 1 or 0>,,<1>,,,
42000051,,,,0,14,,,,,,,<42000051>,<99>,<self:cardID() == 3021 and 1 or 0>,,<1>,,,
42000061,,,,0,14,,,,,,,<42000061;42000063>,<99;99>,<self:cardID() == 3353 and 1 or 0;self:cardID() == 3353 and 1 or 0>,,<1;1>,,,
42000071,,,,0,11,,,,,,,<42000071;42000071>,<99;99>,<self:hasBuff(3411100) and 1 or 0;self:hasBuff(3411200) and 1 or 0>,,<3000;3000>,,,
42000081,,,,0,14,,,,,,,<42000081>,<99;99>,<self:cardID() == 2242 and 1 or 0;self:cardID() == 2242 and 1 or 0>,,"<<list(0,1,0);0.4;0>;<list(0,0,1);0.3>>",,,
42000091,,,,0,14,,,,,,,<42000091>,<99>,<self:cardID() == 1893 and 1 or 0>,,<1>,,,
42000101,,,,0,14,,,,,,,<42000101>,<99>,<self:cardID() == 1903 and 1 or 0>,,<1>,,,
42000111,,,,,,selfForce()|nodead,rowfront,,,,,<42000111>,<99>,<self:cardID() == 3152 and 1 or 0>,,<1>,,,
42000121,,,,0,14,,,,,,,<42000121>,<99>,<self:cardID() == 3772 and 1 or 0>,,<1>,,,
42000131,,,,0,14,,,,,,,<42000131>,<99>,<self:cardID() == 1293 and 1 or 0>,,<1>,,,
42000141,,,,0,14,,,,,,,<42000141>,<99>,<self:cardID() == 2473 and 1 or 0>,,<1>,,,
42000151,,,,0,14,,,,,,,<42000151>,<99>,<self:cardID() == 3663 and 1 or 0>,,<1>,,,
42000161,,,,0,14,,,,,,,<42000161>,<99>,<self:cardID() == 1303 and 1 or 0>,,<1>,,,
42000171,,,,0,14,,,,,,,<42000171>,<99>,<self:cardID() == 1313 and 1 or 0>,,<1>,,,
42000181,,,,0,14,,,,,,,<42000181>,<99>,<self:cardID() == 3303 and 1 or 0>,,<1>,,,
42000191,,,,0,14,,,,,,,<42000191>,<99>,<self:cardID() == 1253 and 1 or 0>,,<1>,,,
42000201,,,,0,14,,,,,,,<42000201>,<99>,<self:cardID() == 333 and 1 or 0>,,<1>,,,
42000211,,,,0,14,,,,,,,<42000211>,<99>,<self:cardID() == 2333 and 1 or 0>,,<1>,,,
42000221,,,,0,14,,,,,,,<42000221>,<99>,<self:cardID() == 1941 and 1 or 0>,,<1>,,,
42000231,,,,0,14,,,,,,,<42000231>,<99>,<self:cardID() == 1951 and 1 or 0>,,<1>,,,
42000241,,,,0,14,,,,,,,<42000241;42000242>,<99;99>,<self:cardID() == 761 and 1 or 0;self:cardID() == 761 and 1 or 0>,,<<1>;target:speed()*0.5>,,,
42000251,,,,0,14,,,,,,,<42000251>,<99>,<self:cardID() == 1271 and 1 or 0>,,<1>,,,
42000261,,,,0,14,,,,,,,<42000261>,<99>,<self:cardID() == 1971 and 1 or 0>,,<1>,,,
42000271,,,,0,14,,,,,,,<42000271>,<99>,<self:cardID() == 2351 and 1 or 0>,,<1>,,,
42000281,,,,0,14,,,,,,,<42000281>,<99>,<self:cardID() == 2361 and 1 or 0>,,<1>,,,
42000291,,,,0,11,,,,,,,<42000291;42000292>,<1;1>,<(self:cardID() == 2441 or 2442) and 1 or 0;(self:cardID() == 2441 or 2442) and 1 or 0>,,<<1;1;1>;2000>,,,
42000301,,,,0,14,,,,,,,<42000301;42000302>,<99;99>,<self:cardID() == 1981 and 1 or 0;self:cardID() == 1981 and 1 or 0>,,<3000;3000>,,,
43000011,,,,0,14,,,,,,,<41000211>,<99>,<self:cardID() == 2033 and 1 or 0>,,<1>,,,
43000021,,,,0,14,,,,,,,<41000131>,<99>,<self:cardID() == 1293 and 1 or 0>,,<1>,,,
43000031,,,,,,selfForce|nodead,rowfront|exclude(list(csvSelf:id())),,,,,<41000141>,<99>,<self:cardID() == 2473 and 1 or 0>,,<1>,,,
43000041,,,,0,14,,,,,,,<41000151>,<99>,<self:cardID() == 3663 and 1 or 0>,,<1>,,,
43000051,,,,0,14,,,,,,,<41000161>,<99>,<self:cardID() == 1303 and 1 or 0>,,<1>,,,
43000061,,,,0,14,,,,,,,<41000171>,<99>,<self:cardID() == 1313 and 1 or 0>,,<1>,,,
43000071,,,,0,11,,,,,,,<41000181>,<99>,<self:cardID() == 3303 and 1 or 0>,,<1>,,,
43000081,,,,0,14,,,,,,,<41000401>,<99>,<self:cardID() == 50721 and 1 or 0>,,<<5;2;30>>,,,
43000091,,,,0,14,,,,,,,<41000401>,<99>,<self:cardID() == 50731 and 1 or 0>,,<<5;2;30>>,,,
43000101,,,,0,14,,,,,,,<41000401>,<99>,<self:cardID() == 50741 and 1 or 0>,,<<5;2;30>>,,,
43000111,,,,,,selfForce()|nodead,rowfront,,,,,<41000401>,<99>,<self:cardID() == 51221 and 1 or 0>,,<<5;2;30>>,,,
43000121,,,,0,14,,,,,,,<41000401>,<99>,<self:cardID() == 51231 and 1 or 0>,,<<5;2;30>>,,,
43000131,,,,0,14,,,,,,,<41000401>,<99>,<self:cardID() == 51241 and 1 or 0>,,<<5;2;30>>,,,
43000141,,,,0,14,,,,,,,<41000401>,<99>,<self:cardID() == 51911 and 1 or 0>,,<<5;2;30>>,,,
43000151,,,,0,14,,,,,,,<41000401>,<99>,<self:cardID() == 51921 and 1 or 0>,,<<5;2;30>>,,,
43000161,,,,0,14,,,,,,,<41000401>,<99>,<self:cardID() == 51931 and 1 or 0>,,<<5;2;30>>,,,
43000171,,,,0,14,,,,,,,<41000221>,<99>,<self:cardID() == 1941 and 1 or 0>,,<1>,,,
43000181,,,,0,14,,,,,,,<41000231>,<99>,<self:cardID() == 1951 and 1 or 0>,,<1>,,,
43000191,,,,0,14,,,,,,,<41000401>,<99>,<self:cardID() == 52381 and 1 or 0>,,<<5;2;30>>,,,
43000201,,,,0,14,,,,,,,<41000401>,<99>,<self:cardID() == 52401 and 1 or 0>,,<<5;2;30>>,,,
43000211,,,,0,14,,,,,,,<41000401>,<99>,<self:cardID() == 53161 and 1 or 0>,,<<5;2;30>>,,,
43000221,,,,0,14,,,,,,,<41000401>,<99>,<self:cardID() == 53171 and 1 or 0>,,<<5;2;30>>,,,
43000231,,,,0,14,,,,,,,<41000401>,<99>,<self:cardID() == 53181 and 1 or 0>,,<<5;2;30>>,,,
43000241,,,,0,14,,,,,,,<41000401>,<99>,<self:cardID() == 50242 and 1 or 0>,,<<5;2;30>>,,,
43000251,,,,0,14,,,,,,,<41000401>,<99>,<self:cardID() == 50771 and 1 or 0>,,<<5;2;30>>,,,
43000261,,,,0,14,,,,,,,<41000401>,<99>,<self:cardID() == 53251 and 1 or 0>,,<<5;2;30>>,,,
43000271,,,,0,14,,,,,,,<41000401>,<99>,<self:cardID() == 51991 and 1 or 0>,,<<5;2;30>>,,,
43000281,,,,0,14,,,,,,,<41000291>,<1>,<(self:cardID() == 2441 or 2442) and 1 or 0>,,<<1;1;1>>,,,
43000291,,,,0,11,,,,,,,<41000401>,<99>,<self:cardID() == 53261 and 1 or 0>,,<<5;2;30>>,,,
43000301,,,,0,11,,,,,,,<41000401>,<99>,<self:cardID() == 53631 and 1 or 0>,,<<5;2;30>>,,,
43000311,,,,0,14,,,,,,,<41000401>,<99>,<self:cardID() == 53641 and 1 or 0>,,<<5;2;30>>,,,
43000321,,,,0,14,,,,,,,<41000401>,<99>,<self:cardID() == 54172 and 1 or 0>,,<<5;2;30>>,,,
43000331,,,,0,14,,,,,,,<41000401>,<99>,<self:cardID() == 52431 and 1 or 0>,,<<5;2;30>>,,,
43000341,,,,0,14,,,,,,,<41000251>,<99>,<self:cardID() == 1271 and 1 or 0>,,<1>,,,
43000351,,,,0,11,,,,,,,<41000401>,<99>,<self:cardID() == 51261 and 1 or 0>,,<<5;2;30>>,,,
43010011,,,,0,14,,,,,,,<42000211>,<99>,<self:cardID() == 2033 and 1 or 0>,,<1>,,,
43010021,,,,0,14,,,,,,,<42000131>,<99>,<self:cardID() == 1293 and 1 or 0>,,<1>,,,
43010031,,,,,,selfForce|nodead,rowfront|exclude(list(csvSelf:id())),,,,,<42000141>,<99>,<self:cardID() == 2473 and 1 or 0>,,<1>,,,
43010041,,,,0,14,,,,,,,<42000151>,<99>,<self:cardID() == 3663 and 1 or 0>,,<1>,,,
43010051,,,,0,14,,,,,,,<42000161>,<99>,<self:cardID() == 1303 and 1 or 0>,,<1>,,,
43010061,,,,0,14,,,,,,,<42000171>,<99>,<self:cardID() == 1313 and 1 or 0>,,<1>,,,
43010071,,,,0,11,,,,,,,<42000181>,<99>,<self:cardID() == 3303 and 1 or 0>,,<1>,,,
43010081,,,,0,14,,,,,,,<42000310>,<99>,<self:cardID() == 50721 and 1 or 0>,,<0>,,,
43010091,,,,0,14,,,,,,,<42000310>,<99>,<self:cardID() == 50731 and 1 or 0>,,<0>,,,
43010101,,,,0,14,,,,,,,<42000310>,<99>,<self:cardID() == 50741 and 1 or 0>,,<0>,,,
43010111,,,,,,selfForce()|nodead,rowfront,,,,,<42000310>,<99>,<self:cardID() == 51221 and 1 or 0>,,<0>,,,
43010121,,,,0,14,,,,,,,<42000310>,<99>,<self:cardID() == 51231 and 1 or 0>,,<0>,,,
43010131,,,,0,14,,,,,,,<42000310>,<99>,<self:cardID() == 51241 and 1 or 0>,,<0>,,,
43010141,,,,0,14,,,,,,,<42000310>,<99>,<self:cardID() == 51911 and 1 or 0>,,<0>,,,
43010151,,,,0,14,,,,,,,<42000310>,<99>,<self:cardID() == 51921 and 1 or 0>,,<0>,,,
43010161,,,,0,14,,,,,,,<42000310>,<99>,<self:cardID() == 51931 and 1 or 0>,,<0>,,,
43010171,,,,0,14,,,,,,,<42000221>,<99>,<self:cardID() == 1941 and 1 or 0>,,<1>,,,
43010181,,,,0,14,,,,,,,<42000231>,<99>,<self:cardID() == 1951 and 1 or 0>,,<1>,,,
43010191,,,,0,14,,,,,,,<42000310>,<99>,<self:cardID() == 52381 and 1 or 0>,,<0>,,,
43010201,,,,0,14,,,,,,,<42000310>,<99>,<self:cardID() == 52401 and 1 or 0>,,<0>,,,
43010211,,,,0,14,,,,,,,<42000310>,<99>,<self:cardID() == 53161 and 1 or 0>,,<0>,,,
43010221,,,,0,14,,,,,,,<42000310>,<99>,<self:cardID() == 53171 and 1 or 0>,,<0>,,,
43010231,,,,0,14,,,,,,,<42000310>,<99>,<self:cardID() == 53181 and 1 or 0>,,<0>,,,
43010241,,,,0,14,,,,,,,<42000310>,<99>,<self:cardID() == 50242 and 1 or 0>,,<0>,,,
43010251,,,,0,14,,,,,,,<42000310>,<99>,<self:cardID() == 50771 and 1 or 0>,,<0>,,,
43010261,,,,0,14,,,,,,,<42000310>,<99>,<self:cardID() == 53251 and 1 or 0>,,<0>,,,
43010271,,,,0,14,,,,,,,<42000310>,<99>,<self:cardID() == 51991 and 1 or 0>,,<0>,,,
43010281,,,,0,14,,,,,,,<42000291;42000292>,<1;1>,<(self:cardID() == 2441 or 2442) and 1 or 0;(self:cardID() == 2441 or 2442) and 1 or 0>,,<<1;1;1>;2000>,,,
43010291,,,,0,11,,,,,,,<42000310>,<99>,<self:cardID() == 53261 and 1 or 0>,,<0>,,,
43010301,,,,0,11,,,,,,,<42000310>,<99>,<self:cardID() == 53631 and 1 or 0>,,<0>,,,
43010311,,,,0,14,,,,,,,<42000310>,<99>,<self:cardID() == 53641 and 1 or 0>,,<0>,,,
43010321,,,,0,14,,,,,,,<42000310>,<99>,<self:cardID() == 54172 and 1 or 0>,,<0>,,,
43010331,,,,0,14,,,,,,,<42000310>,<99>,<self:cardID() == 52431 and 1 or 0>,,<0>,,,
43010341,,,,0,14,,,,,,,<41000251>,<99>,<self:cardID() == 1271 and 1 or 0>,,<1>,,,
43010351,,,,0,11,,,,,,,<42000310>,<99>,<self:cardID() == 51261 and 1 or 0>,,<0>,,,
44000000,,,,0,14,,,,,,,,,,,,,,
44000011,,,,0,14,,,,,,,<41000211>,<99>,<self:cardID() == 2033 and 1 or 0>,,<1>,,,
44000021,,,,0,14,,,,,,,<41000131>,<99>,<self:cardID() == 1293 and 1 or 0>,,<1>,,,
44000031,,,,,,selfForce|nodead,rowfront|exclude(list(csvSelf:id())),,,,,<41000141>,<99>,<self:cardID() == 2473 and 1 or 0>,,<1>,,,
44000041,,,,0,14,,,,,,,<41000151>,<99>,<self:cardID() == 3663 and 1 or 0>,,<1>,,,
44000051,,,,0,14,,,,,,,<41000161>,<99>,<self:cardID() == 1303 and 1 or 0>,,<1>,,,
44000061,,,,0,14,,,,,,,<41000171>,<99>,<self:cardID() == 1313 and 1 or 0>,,<1>,,,
44000071,,,,0,11,,,,,,,<41000181>,<99>,<self:cardID() == 3303 and 1 or 0>,,<1>,,,
44000081,,,,0,14,,,,,,,<40110631>,<2>,<self:cardID() == 753 and 1 or 0>,,<1>,,,
44000091,,,,0,11,,,,,,,<40110661>,<2>,<self:cardID() == 884 and 1 or 0>,,<1>,,,
44000101,,,,0,14,,,,,,,<40110091>,<2>,<self:cardID() == 1893 and 1 or 0>,,<<1;1>>,,,
44000111,,,,0,14,,,,,,,<40110731>,<2>,<self:cardID() == 2233 and 1 or 0>,,<1>,,,
44000131,,,,,11,,,,,,,<40110851>,<1>,<self:cardID() == 3543 and 1 or 0>,,<1>,,,
44000171,,,,0,14,,,,,,,<42000221>,<99>,<self:cardID() == 1941 and 1 or 0>,,<1>,,,
44000181,,,,0,14,,,,,,,<42000231>,<99>,<self:cardID() == 1951 and 1 or 0>,,<1>,,,
44000321,,,,0,14,,,,,,,<40110941>,<99>,<self:cardID() == 3241 and 1 or 0>,,<1>,,,
44000331,,,,0,11,,,,,,,<40110991>,<1>,<self:cardID() == 1981 and 1 or 0>,,<20000>,,,
44010011,,,,0,14,,,,,,,<42000211>,<99>,<self:cardID() == 2033 and 1 or 0>,,<1>,,,
44010021,,,,0,14,,,,,,,<42000131>,<99>,<self:cardID() == 1293 and 1 or 0>,,<1>,,,
44010031,,,,,,selfForce|nodead,rowfront|exclude(list(csvSelf:id())),,,,,<42000141>,<99>,<self:cardID() == 2473 and 1 or 0>,,<1>,,,
44010041,,,,0,14,,,,,,,<42000151>,<99>,<self:cardID() == 3663 and 1 or 0>,,<1>,,,
44010051,,,,0,14,,,,,,,<42000161>,<99>,<self:cardID() == 1303 and 1 or 0>,,<1>,,,
44010061,,,,0,14,,,,,,,<42000171>,<99>,<self:cardID() == 1313 and 1 or 0>,,<1>,,,
44010071,,,,0,11,,,,,,,<42000181>,<99>,<self:cardID() == 3303 and 1 or 0>,,<1>,,,
44010081,,,,0,14,,,,,,,<40110631>,<99>,<self:cardID() == 753 and 1 or 0>,,<1>,,,
44010091,,,,0,11,,,,,,,<40110661>,<99>,<self:cardID() == 884 and 1 or 0>,,<1>,,,
44010101,,,,0,14,,,,,,,<40110091>,<99>,<self:cardID() == 1893 and 1 or 0>,,<<1;1>>,,,
44010111,,,,0,14,,,,,,,<40110731>,<99>,<self:cardID() == 2233 and 1 or 0>,,<1>,,,
44010131,,,,,11,,,,,,,<40110851>,<2>,<self:cardID() == 3543 and 1 or 0>,,<1>,,,
44010171,,,,0,14,,,,,,,<42000221>,<99>,<self:cardID() == 1941 and 1 or 0>,,<1>,,,
44010181,,,,0,14,,,,,,,<42000231>,<99>,<self:cardID() == 1951 and 1 or 0>,,<1>,,,
44010321,,,,0,14,,,,,,,<40110943>,<99>,<self:cardID() == 3241 and 1 or 0>,,<1>,,,
44010331,,,,0,11,,,,,,,<40110991>,<2>,<self:cardID() == 1981 and 1 or 0>,,<20000>,,,
50017011,,,,0,11,,,,,,,<50017011;50017012>,<99;99>,<1;1>,,"<random(0.5,2)*0.1;random(0.5,2)*1000>",,,
50017021,,,,0,14,,,,,,,<50017021>,<99>,,,<2>,,,
50027011,,,,0,11,,,,,,,<50017011;50017012>,<99;99>,<1;1>,,"<random(0.5,2)*0.1;random(0.5,2)*1000>",,,
50027021,,,,0,14,,,,,,,<50017021>,<99>,,,<2>,,,
50031011,,,,,,object(11),,,,,,<500310116;500310118>,<99;99>,<1;1>,,<0;5000>,,,
50031012,,,,,,object(7),,,,,,<500310112>,<99>,<100>,,<target:hpMax()*0.1>,,,
50031013,,,,,,selfForce | nodead,otherProcessExcept(50031011)|otherProcessExcept(50031012)|,,,,,<500310115>,<99>,<100>,,<target:hpMax()*0.1>,,,
50031014,,,,,11,,,,,,,<500310111;500310110>,<99;99>,<1;1>,,<<1;1;11>;3>,,,
50031015,,,,0,11,,,,,,,<500310110>,<99>,,,<3>,,,
50037011,,,,0,11,,,,,,,<50017011;50017012>,<99;99>,<1;1>,,"<random(0.7,1.5)*0.1;random(0.7,1.5)*1000>",,,
50037021,,,,0,14,,,,,,,<50017021>,<99>,,,<3>,,,
50037031,,,,0,14,,,,,,,<50037031>,<99>,,,<3>,,,
50047011,,,,0,11,,,,,,,<50017011;50017012>,<99;99>,<1;1>,,"<random(0.7,1.5)*0.1;random(0.7,1.5)*1000>",,,
50047021,,,,0,14,,,,,,,<50017021>,<99>,,,<3>,,,
50047031,,,,0,14,,,,,,,<50047031>,<1>,,,<3>,,,
50057011,,,,0,11,,,,,,,<50017011;50017012>,<99;99>,<1;1>,,"<random(1,2.5)*0.1;random(1,2.5)*1000>",,,
50057021,,,,0,14,,,,,,,<50017021>,<99>,,,<3>,,,
50057031,,,,0,11,,,,,,,<50057031>,<99>,,,<4>,,,
50057041,,,,0,11,,,,,,,<50057041>,<99>,<0.75>,,<<1;1;0>>,,,
50067011,,,,0,11,,,,,,,<50017011;50017012>,<99;99>,<1;1>,,"<random(1,2.5)*0.1;random(1,2.5)*1000>",,,
50067021,,,,0,14,,,,,,,<50017021>,<99>,,,<4>,,,
50067031,,,,0,11,,,,,,,<50067031>,<99>,,,<-800>,,,
50077011,,,,0,11,,,,,,,<50017011;50017012>,<99;99>,<1;1>,,"<random(1,3)*0.1;random(1,3)*1000>",,,
50077021,,,,0,14,,,,,,,<50017021>,<99>,,,<5>,,,
50077031,,,,0,11,,,,,,,<50077031>,<99>,,,<target:speed()*0.5>,,,
50077041,,,,0,14,,,,,,,<50077041;50077042;50077044>,<99;99;99>,<1;1;1>,,"<<list(1,0,0);0.5;0>;0;<0.5>>",,,
50087011,,,,0,11,,,,,,,<50017011;50017012>,<99;99>,<1;1>,,"<random(1,3)*0.1;random(1,3)*1000>",,,
50087021,,,,0,14,,,,,,,<50017021>,<99>,,,<5>,,,
50087031,,,,0,11,,,,,,,<50087031>,<99>,,,<3000>,,,
50087041,,,,0,11,,,,,,,<50087041>,<99>,,,<3000>,,,
50097011,,,,0,11,,,,,,,<50017011;50017012>,<99;99>,<1;1>,,"<random(1,3)*0.1;random(1,3)*1000>",,,
50097021,,,,0,14,,,,,,,<50017021>,<99>,,,<6>,,,
50097031,,,,0,14,,,,,,,<50097031>,<1>,,,<6>,,,
50107011,,,,0,11,,,,,,,<50017011;50017012>,<99;99>,<1;1>,,"<random(1,3)*0.1;random(1,3)*1000>",,,
50107021,,,,0,14,,,,,,,<50017021>,<99>,,,<6>,,,
50107031,,,,0,11,,,,,,,<50107031>,<99>,,,<6>,,,
50107041,,,,0,11,,,,,,,<50107041>,<99>,,,<6>,,,
50117011,,,,0,11,,,,,,,<50017011;50017012>,<99;99>,<1;1>,,"<random(1,3)*0.1;random(1,3)*1000>",,,
50117021,,,,0,14,,,,,,,<50017021>,<99>,,,<6>,,,
50117031,,,,0,11,,,,,,,<50117031>,<99>,,,<7>,,,
50117041,,,,0,11,,,,,,,<50117041>,<99>,<0>,,<7>,,,
90800711,,,,,,,,,,,,,,,,,800711,,
90800712,,,,0,14,,,,,,,<890712;890713;890714>,<2;2;2>,"<1;1;moreEqualThan(self:curSkill():getTotalDamage(),target:hpMax()*0.1) and 1 or 0>",,<2000;1000;self:speed()*0.1>,,,
90800713,,,,,,,,,,,,<890715>,<1>,"<moreEqualThan(self:getBuffOverlayCount(890743), 3) and 1 or 0>",,<target:hp()*0.03*self:getBuffOverlayCount(890743)>,,,
90800721,,,,,,,,,,,,,,,,,800721,,
90800722,,,,0,14,,,,,,,<890728;890721>,<2;99>,<1;1>,,<2000;0>,,,
90800723,,,,,,,,,,,,<890715;890726>,<1;2>,"<moreEqualThan(self:getBuffOverlayCount(890743), 3) and 1 or 0;moreEqualThan(self:getBuffOverlayCount(890743), 5) and 1 or 0>",,<target:hp()*0.05*self:getBuffOverlayCount(890743);-target:defence()*0.2>,,,
90800724,,,,,,,,,,,,<890722>,<1>,,,<0>,,,
90800732,,,,,11,enemyForce|nodead,,,,,,,,,,,800732,,
90800733,,,,,11,enemyForce|nodead,,,,,,,,,,,800733,,
90800734,,,,0,14,,,,,,,<890732>,<2>,"<moreEqualThan(self:star(),11) and 1 or 0>",,<0>,,,
90800735,,,,,11,enemyForce|nodead,,,,,,<890715;890731>,<1;self:hasBuffGroup(80072) and 99 or 1>,"<moreEqualThan(self:getBuffOverlayCount(890743), 3) and 1 or 0;1>",,"<target:hp()*0.1*self:getBuffOverlayCount(890743);moreEqualThan(self:star(),11) and -target:defence()*0.5 or -target:defence()*0.3>",,,
90800736,,,,0,14,,,,,,,<890745>,<1>,"<moreEqualThan(self:getBuffOverlayCount(890743), 3) and 1 or 0>",,"<min(self:curSkill():getTotalDamage()*0.3,self:hpMax()*0.3)>",,,
90800737,,,,,11,enemyForce|nodead,,,,,,<890715;890744>,<1;1>,"<moreEqualThan(self:star(),11) and 1 or 0;self:hasBuffGroup(80072) and (moreEqualThan(self:star(),11) and 1 or 0 ) and 0.5 or 0>",,<target:hp()*0.1;0>,,,
90800738,,,,,11,selfForce|nodead,,,,,,<890745>,<1>,"<moreEqualThan(self:star(),11) and (moreEqualThan(self:getBuffOverlayCount(890743), 3) and 1 or 0) and 1 or 0>",,"<min(self:curSkill():getTotalDamage()*0.2, self:hpMax()*0.3)>",,,
90800741,,,,0,14,,,,,,,<890741;890746>,<99;99>,<1;1>,,"<0;<list(1,0,0);moreEqualThan(self:star(),8) and 0.5 or 0.33;1>>",,,
90800742,,,,,,,,,,,,,,,,,,,
90800811,,,,,,,,,,,,,,,,,800811,,
90800812,,,,,,,,,,,,<891062>,<99>,,,<target:hp()*0.04>,,,
90800813,,,,0,4,,,,,,,<891071>,<2>,<self:flagZ1() and 1 or 0>,,<self:specialDefence()*0.2>,,,
90800821,,,,,4,,,,,,,,,,,,800821,,
90800822,,,,,4,,,,,,,<891064;891070>,<99;1>,<1;self:flagZ2() and 1 or 0>,,<specialDamage()*0.015+(self:flag(99) and skillLevel or skillLevel*4)*24;target:hp()*0.1>,,,
90800831,,,,,11,enemyForce|nodead,,,,,,,,,,,800831,,
90800832,,,,,11,enemyForce|nodead,,,,,,<891062;891062;891062>,<99;99;99>,<1;1;1>,,<target:hp()*0.04;target:hp()*0.04;target:hp()*0.04>,,,
90800833,,,,,11,enemyForce|nodead,,,,,,<891064;891064;891064>,<99;99;99>,<1;1;1>,,<specialDamage()*0.015+(self:flag(99) and skillLevel or skillLevel*4)*24;specialDamage()*0.015+(self:flag(99) and skillLevel or skillLevel*4)*24;specialDamage()*0.015+(self:flag(99) and skillLevel or skillLevel*4)*24>,,,
90800834,,,,,11,selfForce|nodead,,,,,,<891067>,<1>,,,"<moreEqualThan(self:star(),11) and target:hpMax()*0.3 or target:hpMax()*0.2>",,,
90800835,,,,,11,enemyForce|nodead,,,,,,<890732>,<3>,"<moreEqualThan(self:star(),11) and 1 or 0>",,<self:flagZ3() and -target:specialDefence()*0.3 or -target:specialDefence()*0.2>,,,
90800841,,,,,11,enemyForce|nodead,,,,,,<891065>,<99>,,,<0>,,,
90801011,,,,,,,,,,,,,,,,,801011,,
90801012,,,,0,14,,,,,,,<891011;891012>,<1;1>,<1;1>,,<2000;0>,,,
90801021,,,,,4,,,,,,,,,,,,801021,,
90801022,,,,0,14,,,,,,,<891011>,<1>,,,<3000>,,,
90801023,,,,,4,,,,,,,<891021>,"<moreEqualThan(self:star(), 11) and 3 or 2>","<lessThan(target:hp(),target:hpMax()*0.5) and 1 or 0>",,"<moreEqualThan(self:star(), 11) and -5000 or -3500>",,,
90801024,,,,0,14,,,,,,,<891022>,<2>,,,<1500>,,,
90801031,,,,,11,enemyForce|nodead,,,,,,,,,,,801031,,
90801032,,,,0,14,,,,,,,<891011;891013>,<1;1>,<1;1>,,"<moreEqualThan(self:star(), 11) and 4000 or 5000;moreEqualThan(self:star(),11) and (lessThan(self:hp(),self:hpMax()*0.3) and self:hpMax()*0.5 or self:hpMax()*0.3) or (lessThan(self:hp(),self:hpMax()*0.3) and self:hpMax()*0.3 or self:hpMax()*0.2)>",,,
90801033,,,,,11,enemyForce|nodead,,,,,,,,,,,801033,,
90801034,,,,,11,enemyForce|nodead,,,,,,<891021>,"<moreEqualThan(self:star(), 11) and 3 or 2>",,,"<moreEqualThan(self:star(), 11) and -5000 or -3500>",,,
90801041,,,,0,14,,,,,,,<891041>,<99>,,,<0>,,,
90801111,,,,,,,,,,,,,,,,,9801111,,
90801112,,,,0,14,,,,,,,<891111;891112>,<1;1>,<1;1>,,<2000;0>,,,
90801113,,,,,,,,,,,,<891121>,"<moreEqualThan(self:star(), 11) and 3 or 2>","<self:flagZ1() and lessThan(target:hp(),target:hpMax()*0.5) and 1 or 0>",,"<moreEqualThan(self:star(), 11) and -5000 or -3500>",,,
90801121,,,,,4,,,,,,,,,,,,9801121,,
90801122,,,,0,14,,,,,,,<891111>,<1>,,,<3000>,,,
90801123,,,,,4,,,,,,,<891121;891123>,"<moreEqualThan(self:star(), 11) and 3 or 2;2>","<lessThan(target:hp(),target:hpMax()*0.5) and 1 or 0;moreEqualThan(self:getBuffOverlayCount(891142),10) and 1 or 0>",,"<moreEqualThan(self:star(), 11) and -5000 or -3500;self:flagZ2() and 2500 or 1800>",,,
90801124,,,,0,14,,,,,,,<891122>,<2>,,,<1500>,,,
90801131,,,,,11,enemyForce|nodead,,,,,,,,,,,9801131,,
90801132,,,,0,14,,,,,,,<891111;891113>,<1;1>,<1;1>,,"<moreEqualThan(self:star(), 11) and 4000 or 5000;moreEqualThan(self:star(),11) and (lessThan(self:hp(),self:hpMax()*0.3) and self:hpMax()*0.35 or self:hpMax()*0.25) or (lessThan(self:hp(),self:hpMax()*0.3) and self:hpMax()*0.3 or self:hpMax()*0.2)>",,,
90801134,,,,,11,enemyForce|nodead,,,,,,<891121>,"<moreEqualThan(self:star(), 11) and 3 or 2>",,,"<moreEqualThan(self:star(), 11) and -5000 or -3500>",,,
90801135,,,,,11,selfForce|nodead,,,,,,<891131>,<3>,,,"<moreEqualThan(self:star(), 11) and self:flagZ3() and self:hpMax()*0.2 or self:hpMax()*0.1>",,,
90801141,,,,0,14,,,,,,,<891141;891145;891147>,<99;99;99>,<1;1;1>,,<0;<1;1;0>;<1;1;0>>,,,
400000161,,,,0,14,,,,,,,<400001>,<99>,,,<0>,,,
400000222,,,,0,14,,,,,,,<3661111>,<3>,,,<<1;1;1>>,,,
400000261,,,,0,14,,,,,,,<3661116>,<99>,,,<0>,,,
400000361,,,,0,14,,,,,,,<400003>,<99>,,,<20000>,,,
400000461,,,,0,14,,,,,,,<400002>,<99>,,,<0>,,,
400000462,,,,0,14,,,,,,,<400004>,<99>,,,<0>,,,
400010123,,,,,4,,,,,,,<400101>,<2>,<0.4>,,<target:hpMax()*0.3>,,,
400010124,,,,,,enemyForce|nodead,targetRow,,,,,<400101>,<2>,<self:flagZ2() and 1 or 0>,,<target:hpMax()*0.3>,,,
400010134,,,,,,enemyForce|nodead,rowfront,,,,,<400102>,<2>,"<moreEqualThan(self:star(),11) and 0.6 or 0.4>",,<target:hpMax()*0.3>,,,
400010222,,,,,,,,,,,,<400105>,<2>,,,<target:hpMax()*0.35>,,,
400010232,,,,,11,,,,,,,<400106>,<2>,<0.28>,,<target:hpMax()*0.35>,,,
400010261,,,,0,14,,,,,,,<400107>,<99>,,,<0>,,,
400010331,,,,,,,,,,,,<400109>,<2>,"<target:hasBuffGroup(26) and 0 or (moreEqualThan(self:star(),11) and 0.8 or 0.6)>",,<target:hpMax()*0.35>,108231,,
400010361,,,,0,14,,,,,,,<400112;400113>,<99;99>,<1;1>,,<0;0>,,,
400020161,,,,,,object(1),,,,,,<400201>,<99>,,,<0>,,,
400020162,,,,,,object(7),,,,,,<400204;400206;400211;400212>,<99;99;99;1>,<1;1;1;1>,,<<6;0>;0;0;target:hpMax()>,,,
400020261,,,,,,object(2),,,,,,<400202>,<99>,,,<0>,,,
400020262,,,,,,object(8),,,,,,<400204;400207;400211;400212>,<99;99;99;1>,<1;1;1;1>,,<<6;0>;0;0;target:hpMax()>,,,
400020361,,,,,,object(3),,,,,,<400203>,<99>,,,<0>,,,
400020362,,,,,,object(9),,,,,,<400204;400208;400211;400212>,<99;99;99;1>,<1;1;1;1>,,<<6;0>;0;0;target:hpMax()>,,,
400030161,,,,,11,,,,,,,<400301>,<1>,<(target:nature(1)==2 or target:nature(2)==2) and 0 or 1>,,<target:hpMax()*0.16>,,,
400030162,,,,0,14,,,,,,,<400303>,<99>,,,<0>,,,
400030261,,,,,,enemyForce|nodead,random(2),,,,,<400302>,<1>,<(getNowRound()==1) and 1 or 0>,,<self:specialDamage()*0.25>,,,
400030262,,,,,,enemyForce|nodead,random(3),,,,,<400302;400302>,<1;1>,<(getNowRound()==2) and 1 or 0;(getNowRound()==2) and 1 or 0>,,<self:specialDamage()*0.25;self:specialDamage()*0.25>,,,
400030263,,,,,,enemyForce|nodead,random(4),,,,,<400302;400302>,<1;1>,<(getNowRound()==3) and 1 or 0;(getNowRound()==3) and 1 or 0>,,<self:specialDamage()*0.25;self:specialDamage()*0.25>,,,
400030264,,,,,,enemyForce|nodead,random(5),,,,,<400302;400302;400302>,<1;1;1>,<(getNowRound()==4) and 1 or 0;(getNowRound()==4) and 1 or 0;(getNowRound()==4) and 1 or 0>,,<self:specialDamage()*0.25;self:specialDamage()*0.25;self:specialDamage()*0.25>,,,
400030265,,,,,,enemyForce|nodead,random(6),,,,,<400302;400302;400302>,<1;1;1>,"<moreE(getNowRound(),5) and 1 or 0;moreE(getNowRound(),5) and 1 or 0;moreE(getNowRound(),5) and 1 or 0>",,<self:specialDamage()*0.25;self:specialDamage()*0.25;self:specialDamage()*0.25>,,,
400040161,,,,,,selfForce()|nodead,random(1),,,,,<400404;400407>,<99;99>,<1;1>,,<0;0>,,,
400040162,,,,,,selfForce()|nodead,otherProcessExcept(400040161)|random(2),,,,,<400401>,<99>,,,<0>,,,
400050161,,,,0,14,,,,,,,<400501>,<99>,,,<0>,,,
400050261,,,,0,14,,,,,,,<400502>,<99>,,,<0>,,,
400060161,,,,,,object(2),,,,,,<400603>,<99>,,,<0>,,,
400060162,,,,0,14,,,,,,,<400601>,<99>,,,<0>,,,
400070161,,,,,,selfForce()|nodead,random(1),,,,,<400701>,<99>,,,<0>,,,
400070162,,,,,,selfForce()|nodead,otherProcessExcept(400070161)|random(1),,,,,<400702>,<99>,,,<0>,,,
400070163,,,,,,selfForce()|nodead,"otherProcessExcept(400070161,400070162)|random(1)",,,,,<400703>,<99>,,,<0>,,,
400070164,,,,,,selfForce()|nodead,"otherProcessExcept(400070161,400070162,400070163)|random(1)",,,,,<400704>,<99>,,,<0>,,,
400070165,,,,,,selfForce()|nodead,"otherProcessExcept(400070161,400070162,400070163,400070164)|random(1)",,,,,<400705>,<99>,,,<0>,,,
400070166,,,,,,selfForce()|nodead,"otherProcessExcept(400070161,400070162,400070163,400070164,400070165)|random(1)",,,,,<400706>,<99>,,,<0>,,,
400070761,,,,0,14,,,,,,,<400708>,<99>,,,<<1;1;11>>,,,
400080161,,,,0,14,,,,,,,<400801>,<99>,,,<0>,,,
400080162,,,,,11,,,,,,,<400808>,<1>,,,<1000>,,,
400080261,,,,0,14,,,,,,,<400811>,<99>,,,<10000>,,,
500000011,,,,0,14,,,,,,,<2471111>,<1>,,,<0>,,,
500000021,,,,0,14,,,,,,,<2001004>,<1>,,,<self:hpMax()*0.2>,,,
500000111,,,,,11,,,,,,,<400621>,<1>,,,<5000>,,,
500000121,,,,,,object(2),,,,,,<400622>,<1>,<target:hasBuff(400622) and 0 or 1>,,<target:hpMax()*0.7>,,,
908007110,,,,,,,,,,,,,,,,,317211,,
908007120,,,,0,14,,,,,,,<890712;890713;890714>,<2;2;2>,"<1;1;moreEqualThan(self:curSkill():getTotalDamage(),target:hpMax()*0.1) and 1 or 0>",,<2000;1000;self:speed()*0.1>,,,
908007130,,,,,,,,,,,,<890715>,<1>,"<moreEqualThan(self:getBuffOverlayCount(890743), 3) and 1 or 0>",,<target:hp()*0.03*self:getBuffOverlayCount(890743)>,,,
908007210,,,,,,,,,,,,,,,,,317221,,
908007220,,,,0,14,,,,,,,<890728;890721>,<2;99>,<1;1>,,<2000;0>,,,
908007230,,,,,,,,,,,,<890715;890726>,<1;2>,"<moreEqualThan(self:getBuffOverlayCount(890743), 3) and 1 or 0;moreEqualThan(self:getBuffOverlayCount(890743), 5) and 1 or 0>",,<target:hp()*0.05*self:getBuffOverlayCount(890743);-target:defence()*0.2>,,,
908007240,,,,,,,,,,,,<890722>,<1>,,,<0>,,,
908007320,,,,,11,enemyForce|nodead,,,,,,,,,,,317231,,
908007330,,,,,11,enemyForce|nodead,,,,,,,,,,,317232,,
908007340,,,,0,14,,,,,,,<890732>,<2>,"<moreEqualThan(self:star(),11) and 1 or 0>",,<0>,,,
908007350,,,,,11,enemyForce|nodead,,,,,,<890715;890731>,<1;self:hasBuffGroup(80072) and 99 or 1>,"<moreEqualThan(self:getBuffOverlayCount(890743), 3) and 1 or 0;1>",,"<target:hp()*0.1*self:getBuffOverlayCount(890743);moreEqualThan(self:star(),11) and -target:defence()*0.5 or -target:defence()*0.3>",,,
908007360,,,,0,14,,,,,,,<890745>,<1>,"<moreEqualThan(self:getBuffOverlayCount(890743), 3) and 1 or 0>",,"<min(self:curSkill():getTotalDamage()*0.3,self:hpMax()*0.3)>",,,
908007370,,,,,11,enemyForce|nodead,,,,,,<890715;890744>,<1;1>,"<moreEqualThan(self:star(),11) and 1 or 0;self:hasBuffGroup(80072) and (moreEqualThan(self:star(),11) and 1 or 0 ) and 0.5 or 0>",,<target:hp()*0.1;0>,,,
908007380,,,,,11,selfForce|nodead,,,,,,<890745>,<1>,"<moreEqualThan(self:star(),11) and (moreEqualThan(self:getBuffOverlayCount(890743), 3) and 1 or 0) and 1 or 0>",,"<min(self:curSkill():getTotalDamage()*0.2, self:hpMax()*0.3)>",,,
908007410,,,,0,14,,,,,,,<890741;890746>,<99;99>,<1;1>,,"<0;<list(1,0,0);moreEqualThan(self:star(),8) and 0.5 or 0.33;1>>",,,
908007420,,,,,,,,,,,,,,,,,,,
90800911,,,,,,,,,,,,,,,,,890311,,
90800912,,,,0,14,,,,,,,<890912;890913;890914>,<2;2;2>,"<1;1;moreEqualThan(self:curSkill():getTotalDamage(),target:hpMax()*0.1) and 1 or 0>",,<2000;1000;self:speed()*0.1>,,,
90800913,,,,,,,,,,,,<890915>,<1>,"<moreEqualThan(self:getBuffOverlayCount(890943), 3) and 1 or 0>",,<target:hp()*0.03*self:getBuffOverlayCount(890943)>,,,
90800921,,,,,,,,,,,,,,,,,890321,,
90800922,,,,0,14,,,,,,,<890928;890921>,<2;99>,<1;1>,,<2000;0>,,,
90800923,,,,,,,,,,,,<890915;890926>,<1;2>,"<moreEqualThan(self:getBuffOverlayCount(890943), 3) and 1 or 0;moreEqualThan(self:getBuffOverlayCount(890943), 5) and 1 or 0>",,<target:hp()*0.05*self:getBuffOverlayCount(890943);-target:defence()*0.2>,,,
90800924,,,,,,,,,,,,<890922>,<1>,,,<0>,,,
90800932,,,,,11,enemyForce|nodead,,,,,,,,,,,890331,,
90800933,,,,,11,enemyForce|nodead,,,,,,,,,,,,,
90800934,,,,0,14,,,,,,,<890932>,<2>,"<moreEqualThan(self:star(),11) and 1 or 0>",,<0>,,,
90800935,,,,,11,enemyForce|nodead,,,,,,<890915;890931>,<1;self:hasBuffGroup(80072) and 99 or 1>,"<moreEqualThan(self:getBuffOverlayCount(890943), 3) and 1 or 0;1>",,"<target:hp()*0.1*self:getBuffOverlayCount(890943);moreEqualThan(self:star(),11) and -target:defence()*0.5 or -target:defence()*0.3>",,,
90800936,,,,0,14,,,,,,,<890945>,<1>,"<moreEqualThan(self:getBuffOverlayCount(890943), 3) and 1 or 0>",,"<min(self:curSkill():getTotalDamage()*0.3,self:hpMax()*0.3)>",,,
90800937,,,,,11,enemyForce|nodead,,,,,,<890915;890944>,<1;1>,"<moreEqualThan(self:star(),11) and 1 or 0;self:hasBuffGroup(80072) and (moreEqualThan(self:star(),11) and 1 or 0 ) and 0.5 or 0>",,<target:hp()*0.1;0>,,,
90800938,,,,,11,selfForce|nodead,,,,,,<890945>,<1>,"<moreEqualThan(self:star(),11) and (moreEqualThan(self:getBuffOverlayCount(890943), 3) and 1 or 0) and 1 or 0>",,"<min(self:curSkill():getTotalDamage()*0.2, self:hpMax()*0.3)>",,,
90800941,,,,0,14,,,,,,,<890941;890946>,<99;99>,<1;1>,,"<0;<list(1,0,0);moreEqualThan(self:star(),8) and 0.5 or 0.33;1>>",,,
90800942,,,,,,,,,,,,,,,,,,,
90199111,,,,,,,,,,,,,,,,,9199111,,
90199112,,,,0,14,,,,,,,<891111;891112>,<1;1>,<1;1>,,<2000;0>,,,
90199113,,,,,,,,,,,,<891121>,"<moreEqualThan(self:star(), 11) and 3 or 2>","<self:flagZ1() and lessThan(target:hp(),target:hpMax()*0.5) and 1 or 0>",,"<moreEqualThan(self:star(), 11) and -5000 or -3500>",,,
90199121,,,,,4,,,,,,,,,,,,9199121,,
90199122,,,,0,14,,,,,,,<891111>,<1>,,,<3000>,,,
90199123,,,,,4,,,,,,,<891121;891123>,"<moreEqualThan(self:star(), 11) and 3 or 2;2>","<lessThan(target:hp(),target:hpMax()*0.5) and 1 or 0;moreEqualThan(self:getBuffOverlayCount(891142),10) and 1 or 0>",,"<moreEqualThan(self:star(), 11) and -5000 or -3500;self:flagZ2() and 2500 or 1800>",,,
90199124,,,,0,14,,,,,,,<891122>,<2>,,,<1500>,,,
90199131,,,,,11,enemyForce|nodead,,,,,,,,,,,9199131,,
90199132,,,,0,14,,,,,,,<891111;891113>,<1;1>,<1;1>,,"<moreEqualThan(self:star(), 11) and 4000 or 5000;moreEqualThan(self:star(),11) and (lessThan(self:hp(),self:hpMax()*0.3) and self:hpMax()*0.35 or self:hpMax()*0.25) or (lessThan(self:hp(),self:hpMax()*0.3) and self:hpMax()*0.3 or self:hpMax()*0.2)>",,,
90199134,,,,,11,enemyForce|nodead,,,,,,<891121>,"<moreEqualThan(self:star(), 11) and 3 or 2>",,,"<moreEqualThan(self:star(), 11) and -5000 or -3500>",,,
90199135,,,,,11,selfForce|nodead,,,,,,<891131>,<3>,,,"<moreEqualThan(self:star(), 11) and self:flagZ3() and self:hpMax()*0.2 or self:hpMax()*0.1>",,,
90199141,,,,0,14,,,,,,,<891141;891145;891147>,<99;99;99>,<1;1;1>,,<0;<1;1;0>;<1;1;0>>,,,
800120011,,,,,,,,,,,,,,,,,80120011,,
800120012,,,,0,14,,,,,,,<80120012;80120013;80120014>,<2;2;2>,"<1;1;moreEqualThan(self:curSkill():getTotalDamage(),target:hpMax()*0.1) and 1 or 0>",,<2000;1000;self:speed()*0.1>,,,
800120013,,,,,,,,,,,,<80120015>,<1>,"<moreEqualThan(self:getBuffOverlayCount(890943), 3) and 1 or 0>",,<target:hp()*0.03*self:getBuffOverlayCount(890943)>,,,
800120021,,,,,,,,,,,,,,,,,80120021,,
800120022,,,,0,14,,,,,,,<80120028;80120021>,<2;99>,<1;1>,,<2000;0>,,,
800120023,,,,,,,,,,,,<80120015;80120026>,<1;2>,"<moreEqualThan(self:getBuffOverlayCount(890943), 3) and 1 or 0;moreEqualThan(self:getBuffOverlayCount(890943), 5) and 1 or 0>",,<target:hp()*0.05*self:getBuffOverlayCount(890943);-target:defence()*0.2>,,,
800120024,,,,,,,,,,,,<80120022>,<1>,,,<0>,,,
800120032,,,,,11,enemyForce|nodead,,,,,,,,,,,80120031,,
800120033,,,,,11,enemyForce|nodead,,,,,,,,,,,,,
800120034,,,,0,14,,,,,,,<80120032>,<2>,"<moreEqualThan(self:star(),11) and 1 or 0>",,<0>,,,
800120035,,,,,11,enemyForce|nodead,,,,,,<80120015;80120031>,<1;self:hasBuffGroup(80072) and 99 or 1>,"<moreEqualThan(self:getBuffOverlayCount(890943), 3) and 1 or 0;1>",,"<target:hp()*0.1*self:getBuffOverlayCount(890943);moreEqualThan(self:star(),11) and -target:defence()*0.5 or -target:defence()*0.3>",,,
800120036,,,,0,14,,,,,,,<80120045>,<1>,"<moreEqualThan(self:getBuffOverlayCount(890943), 3) and 1 or 0>",,"<min(self:curSkill():getTotalDamage()*0.3,self:hpMax()*0.3)>",,,
800120037,,,,,11,enemyForce|nodead,,,,,,<80120015;80120044>,<1;1>,"<moreEqualThan(self:star(),11) and 1 or 0;self:hasBuffGroup(80072) and (moreEqualThan(self:star(),11) and 1 or 0 ) and 0.5 or 0>",,<target:hp()*0.1;0>,,,
800120038,,,,,11,selfForce|nodead,,,,,,<80120045>,<1>,"<moreEqualThan(self:star(),11) and (moreEqualThan(self:getBuffOverlayCount(890943), 3) and 1 or 0) and 1 or 0>",,"<min(self:curSkill():getTotalDamage()*0.2, self:hpMax()*0.3)>",,,
800120041,,,,0,14,,,,,,,<80120041;80120046>,<99;99>,<1;1>,,"<0;<list(1,0,0);moreEqualThan(self:star(),8) and 0.5 or 0.33;1>>",,,
800120042,,,,,,,,,,,,,,,,,,,
800130011,,,,,,,,,,,,,,,,,80130011,,
800130012,,,,0,14,,,,,,,<80130012;80130013;80130014>,<2;2;2>,"<1;1;moreEqualThan(self:curSkill():getTotalDamage(),target:hpMax()*0.1) and 1 or 0>",,<2000;1000;self:speed()*0.1>,,,
800130013,,,,,,,,,,,,<80130015>,<1>,"<moreEqualThan(self:getBuffOverlayCount(890943), 3) and 1 or 0>",,<target:hp()*0.03*self:getBuffOverlayCount(890943)>,,,
800130021,,,,,,,,,,,,,,,,,80130021,,
800130022,,,,0,14,,,,,,,<80130028;80130021>,<2;99>,<1;1>,,<2000;0>,,,
800130023,,,,,,,,,,,,<80130015;80130026>,<1;2>,"<moreEqualThan(self:getBuffOverlayCount(890943), 3) and 1 or 0;moreEqualThan(self:getBuffOverlayCount(890943), 5) and 1 or 0>",,<target:hp()*0.05*self:getBuffOverlayCount(890943);-target:defence()*0.2>,,,
800130024,,,,,,,,,,,,<80130022>,<1>,,,<0>,,,
800130032,,,,,11,enemyForce|nodead,,,,,,,,,,,80130031,,
800130033,,,,,11,enemyForce|nodead,,,,,,,,,,,,,
800130034,,,,0,14,,,,,,,<80130032>,<2>,"<moreEqualThan(self:star(),11) and 1 or 0>",,<0>,,,
800130035,,,,,11,enemyForce|nodead,,,,,,<80130015;80130031>,<1;self:hasBuffGroup(80072) and 99 or 1>,"<moreEqualThan(self:getBuffOverlayCount(890943), 3) and 1 or 0;1>",,"<target:hp()*0.1*self:getBuffOverlayCount(890943);moreEqualThan(self:star(),11) and -target:defence()*0.5 or -target:defence()*0.3>",,,
800130036,,,,0,14,,,,,,,<80130045>,<1>,"<moreEqualThan(self:getBuffOverlayCount(890943), 3) and 1 or 0>",,"<min(self:curSkill():getTotalDamage()*0.3,self:hpMax()*0.3)>",,,
800130037,,,,,11,enemyForce|nodead,,,,,,<80130015;80130044>,<1;1>,"<moreEqualThan(self:star(),11) and 1 or 0;self:hasBuffGroup(80072) and (moreEqualThan(self:star(),11) and 1 or 0 ) and 0.5 or 0>",,<target:hp()*0.1;0>,,,
800130038,,,,,11,selfForce|nodead,,,,,,<80130045>,<1>,"<moreEqualThan(self:star(),11) and (moreEqualThan(self:getBuffOverlayCount(890943), 3) and 1 or 0) and 1 or 0>",,"<min(self:curSkill():getTotalDamage()*0.2, self:hpMax()*0.3)>",,,
800130041,,,,0,14,,,,,,,<80130041;80130046>,<99;99>,<1;1>,,"<0;<list(1,0,0);moreEqualThan(self:star(),8) and 0.5 or 0.33;1>>",,,
800130042,,,,,,,,,,,,,,,,,,,
9801311,,,,,,,,,,,,,,,,,9810311,,
9801312,,,,0,14,,,,,,,<98103121;98103122>,<2;2>,<1;1>,,<self:defence()*0.2;self:specialDefence()*0.5>,,,
9801321,,,,,,,,,,,,,,,,,9810321,,
9801322,,,,0,14,,,,,,,<98103123>,<2>,,,<self:specialDefence()*2>,,,
9801323,,,,,,selfForce|nodead,otherProcessExcept(9810322)|hpRatioMin,,,,,<98103123>,<2>,,,<self:specialDefence()*2>,,,
9801331,,,,,2,,,,,,,,,,,,9810331,,
9801332,,,,,2,,,,,,,,,,,,9810332,,
9801333,,,,,2,,,,,,,<98103131>,<1>,,,<0>,,,
9801334,,,,0,11,,,,,,,<98103125>,<2>,,,<self:specialDefence()*(target:frontOrBack()==1 and 3.6 or 2.4)>,,,
9801361,,,,0,11,,,,,,,<98103128;98103129>,<99;99>,<1;1>,,<self:Bdefence()*(0.18+skillLevel*0.002);self:BspecialDefence()*(0.18+skillLevel*0.002)>,,,
9801362,,,,0,14,,,,,,,<98103130>,<99>,"<moreE(self:star(),8) and 1 or 0>",,<1>,,,
9801411,,,,,,,,,,,,,,,,,9810411,,
9801412,,,,0,14,,,,,,,<981043113>,<1>,,,<0>,,,
9801413,,,,0,14,,,,,,,<981041111;981041112>,<2;2>,<1;1>,,<self:flagZ1() and  self:damage()*0.2 or self:Bdamage()*0.15;self:flagZ1() and  self:specialDamage()*0.2 or self:BspecialDamage()*0.15>,,,
9801421,,,,,,,,,,,,,,,,,9810421,,
9801422,,,,0,14,,,,,,,<981043126>,<1>,,,<0>,,,
9801423,,,,0,14,,,,,,,<981043121>,<2>,,,<0>,,,
9801431,,,,,,enemyForce|nodead,curSelected,,,,,<981043111;981043148>,<2;1>,"<moreE(countObjByBuff(target:force(),{3243111},{}),1) and 0 or 1;1>",,<-target:Bspeed()*0.6;<150;1>>,,,
9801432,,,,,,enemyForce|nodead,useOtherProcess(9810431),,,,,,,,,,,,
9801433,,,,,,enemyForce|nodead,useOtherProcess(9810431),,,,,,,,,,9810431,,
9801434,,,,,,enemyForce|nodead,useOtherProcess(9810431),,,,,,,,,,9810432,,
9801435,,,,,,enemyForce|nodead,"otherProcessExcept(9810431)|buffDifferExclude('group',{26})|random(1)",,,,,<981043199>,<1>,,,<target:hpMax()*0.35>,,,
9801436,,,,0,14,,,,,,,<981043131>,<2>,,,<0>,,,
9801461,,,,0,14,,,,,,,<981041162;981041161;981041161;981041161>,<99;99;99;99>,"<1;moreE(countForceNum(3-self:force()),1) and 1 or 0;moreE(countForceNum(3-self:force()),3) and 1 or 0;moreE(countForceNum(3-self:force()),5) and 1 or 0>",,<0;<1;99;2;0.2;20>;<1;99;2;0.2;20>;<1;99;2;0.2;20>>,,,
9801462,,,,0,14,,,,,,,<981043181;981043183;981041184;981043209>,<99;99;99;99>,"<moreE(self:star(),8) and 1 or 0;moreE(self:star(),8) and 1 or 0;1;self:flagZ4() and 1 or 0>",,<0;0;<target:id();3245;0;0>;0>,,,
9801463,,,,0,2,,,,,,,<981041182>,<99>,,,<0>,,,
9801464,,,,,,enemyForce|nodead,backRowRandom(1),,,,,<981043111>,<2>,,,<-target:Bspeed()*0.9>,,,
9801511,,,,,,,,,,,,,,,,,9810511,,
9801512,,,,0,14,,,,,,,<98105111>,<2>,,,<self:specialDamage()*(self:flagZ1() and 0.25 or 0.15)>,,,
9801513,,,,0,14,,,,,,,<98105118>,<1>,,,<0>,,,
9801521,,,,,,,,,,,,,,,,,9810521,,
9801522,,,,0,14,,,,,,,<98105112>,<2>,<1;self:flagZ2() and 1 or 0>,,<2000;1500>,,,
9801523,,,,0,14,,,,,,,<98105118>,<1>,,,<0>,,,
9801531,,,,0,14,,,,,,,<98105118>,<1>,,,<0>,,,
9801532,,,,,,enemyForce,random(1),,,,,,,,,,9810531,,
9801533,,,,,,enemyForce,random(1),,,,,,,,,,9810532,{needUpdateTarget=true;prob=1},
9801534,,,,,,enemyForce,random(1),,,,,,,,,,9810533,{needUpdateTarget=true;prob=1},
9801535,,,,,,enemyForce,random(1),,,,,,,,,,9810534,{needUpdateTarget=true;prob=1},
9801536,,,,,,enemyForce,random(1),,,,,,,,,,9810535,{needUpdateTarget=true;prob=1},
9801537,,,,,,enemyForce,random(1),,,,,,,,,,9810536,{needUpdateTarget=true;prob=1},
9801561,,,,0,14,,,,,,,,,,,,,,
9801611,,,,,,,,,,,,,,,,,9810611,,
9801612,,,,0,14,,,,,,,<98106101>,<2>,,,<self:defence()*(self:flagZ1() and 0.8 or 0.6)>,,,
9801621,,,,,,,,,,,,,,,,,9810621,,
9801622,,,,,,,,,,,,<98106102;98106103>,<self:flagZ2() and 3 or 2;self:flagZ2() and 3 or 2>,<1;1>,,<0;1000>,,,
9801631,,,,,11,,,,,,,,,,,,9810631,,
9801632,,,,,11,,,,,,,,,,,,9810632,,
9801633,,,,,,,,,,,,,,,,,,,
9801634,,,,,,enemyForce|nodead,rowback,,,,,<98106111>,<99>,"<moreEqualThan(self:star(),11) and 0.6 or 0>",,<<1;-1>>,,,
9801661,,,,0,14,,,,,,,<98106109;98106110>,<99;99>,"<moreEqualThan(self:star(),8) and 1 or 0;moreEqualThan(self:star(),8) and 1 or 0>",,"<<list(1,0,0);1;0>;1>",,,
9801662,,,,0,14,,,,,,,<98106106;98106107>,<99;99>,<1;1>,,"<<list(1,0,0);1;0>;1>",,,
82009911,,,,,,,,,,,,,,,,,82009911,,
82009912,,,,,,selfForce|nodead,"buffDiffer('groupFilter',{{beDispel=1},{c.groupdebuffs_oc()}})|random(1)",,,,,<820099121>,<1>,,,<1>,,,
82009913,,,,0,14,,,,,,,<820099147;3161111;3181111>,<2;2;2>,<self:flagZ1() and 1 or 0;1;1>,,<2000;self:defence()*(self:flagZ1() and 0.5 or 0.3);self:specialDefence()*(self:flagZ1() and 0.5 or 0.3)>,,,
82009921,,,,,2,,,,,,,,,,,,82009921,,
82009922,,,,0,14,,,,,,,<820099122;820099135>,<2;2>,<1;1>,,<2500;1>,,,
82009923,,,,,,selfForce|nodead,"exclude(list(csvSelf:id()))|setSelectAttr({'damage','specialDamage'},'max')|attr('selectAttr','max',1)",,,,,<820099122;820099135>,<2;2>,<1;1>,,<2500;1>,,,
82009931,,,,,,,,,,,,<820099126;820099126>,<1;1>,"<moreEqualThan(self:star(),11) and 1 or 0;moreEqualThan(self:star(),11) and 0.5 or 0>",,<1;1>,82009931,,
82009932,,,,,,enemyForce|nodead,otherProcessExcept(82009931)|random(1),,,,,<820099126;820099126>,<1;1>,"<moreEqualThan(self:star(),11) and 1 or 0;moreEqualThan(self:star(),11) and 0.5 or 0>",,<1;1>,82009932,"{needUpdateTarget=true;prob=(countForceFilterNum(target:force(),owner,c.filterLevel1())>1 and 1 or 0)}",
82009933,,,,,,enemyForce|nodead,otherProcessExcept(82009932)|random(1),,,,,<820099126;820099126>,<1;1>,"<moreEqualThan(self:star(),11) and 1 or 0;moreEqualThan(self:star(),11) and 0.5 or 0>",,<1;1>,82009933,"{needUpdateTarget=true;prob=(countForceFilterNum(target:force(),owner,c.filterLevel1())>1 and 1 or 0)}",
82009934,,,,,,enemyForce|nodead,otherProcessExcept(82009933)|random(1),,,,,<820099126;820099126>,<1;1>,"<moreEqualThan(self:star(),11) and 1 or 0;moreEqualThan(self:star(),11) and 0.5 or 0>",,<1;1>,82009934,"{needUpdateTarget=true;prob=(countForceFilterNum(target:force(),owner,c.filterLevel1())>1 and 1 or 0)}",
82009935,,,,,,enemyForce|nodead,otherProcessExcept(82009934)|random(1),,,,,<820099126;820099126>,<1;1>,"<moreEqualThan(self:star(),11) and 1 or 0;moreEqualThan(self:star(),11) and 0.5 or 0>",,<1;1>,82009935,"{needUpdateTarget=true;prob=(countForceFilterNum(target:force(),owner,c.filterLevel1())>1 and 1 or 0)}",
82009936,,,,,,enemyForce|nodead,otherProcessExcept(82009935)|random(1),,,,,<820099126;820099126>,<1;1>,"<moreEqualThan(self:star(),11) and 1 or 0;moreEqualThan(self:star(),11) and 0.5 or 0>",,<1;1>,82009936,"{needUpdateTarget=true;prob=(countForceFilterNum(target:force(),owner,c.filterLevel1())>1 and 1 or 0)}",
82009937,,,,,,enemyForce|nodead,"useOtherProcess(82009931,82009932,82009933,82009934,82009935,82009936)",,,,,,,,,,82009937,{needUpdateTarget=true},
82009938,,,,,11,,,,,,,,,,,,,,
82009939,,,,0,14,,,,,,,<820099137;820099133>,<1;1>,<1;self:flagZ3() and 1 or 0>,,<1;1>,,,
82009941,,,,0,14,,,,,,,<820099133;820099139>,<1;1>,<1;1>,,<1;1>,,,
82009951,,,,0,14,,,,,,,,<1>,,,<1>,,,
82009961,,,,0,14,,,,,,,<820099124;820099134;820099138>,<99;99;99>,<1;1;1>,,<6000+skillLevel*30-30;0;self:flagZ4() and (2000+skillLevel*10-10) or (1000+skillLevel*8-8)>,,,
82009962,,,,,,enemyForce,"buffDifferExclude('group',{c.egg_fly_bingzhu_oc()})|attr(""strike"",""max"",1)",,,,,<820099130;820099131>,<99;99>,"<moreEqualThan(self:star(),8) and 1 or 0;moreEqualThan(self:star(),8) and 1 or 0>",,<-0.15;-1500>,,,
82009963,,,,,,selfForce|nodead,near|exclude(list(csvSelf:id())),,,,,<820099138>,<99>,,,<self:flagZ4() and (1000+skillLevel*5-5) or (500+skillLevel*4-4)>,,,
82019911,,,,,,,,,,,,<820199121>,<2>,,,<1>,82019911,,
82019912,,,,0,14,,,,,,,<820199111>,<2>,,,<self:flagZ1() and self:specialDamage()*0.5 or self:specialDamage()*0.3>,,,
82019913,,,,,,selfForce|nodead,"battleFlagDiffer('battleFlag', {99820199})",,,,,<820199151>,<2>,<self:flagZ1() and 1 or 0>,,<2000>,,,
82019921,,,,,,,,,,,,<820199221>,<1>,,,<0>,82019921,,
82019922,,,,0,14,,,,,,,<820199222>,<2>,,,<0>,,,
82019923,,,,,,selfForce,"battleFlagDiffer('battleFlag', {99820199})",,,,,<820199226>,<2>,<self:flagZ2() and 1 or 0>,,"<<list(1,1,1);1;1>>",,,
82019931,,,,,,enemyForce | nodead,random(3),,,,,,,,,,82019931,,
82019932,,,,,,enemyForce | nodead,random(3),,,,,<820199321;820199322;820199323;1396131;820199324;820199331>,<2;2;2;2;2;2>,"<1;1;1;moreE(self:star(),11) and 1 or 0;self:flagZ3() and 1 or 0;self:flagZ3() and 1 or 0>",,<0;-target:defence() * 0.2;-target:specialDefence() * 0.2;0;0;0>,82019932,,
82019933,,,,0,14,,,,,,,<820199327>,<1>,"<moreE(self:star(),11) and 1 or 0>",,"<<list(1,0,0);1;1;1>>",,,
82019934,,,,,11,,,,,,,<820199121>,<2>,"<moreE(self:star(),11) and 1 or 0>",,<1>,,,
82019935,,,,,11,,,,,,,<820199328>,<1>,"<target:hasBuffGroup(23,36) and 1 or 0>",,<0>,,,
82019951,,,,0,14,,,,,,,<820199621;820199631>,<99;99>,"<1;moreE(self:star(),8) and 1 or 0>",,<1;1>,,,
82019952,,,,,11,,,,,,,<1801128>,<2>,,,"<list(23,36)>",,,
82019953,,,,,,selfForce|nodead,"battleFlagDiffer('battleFlag', {99820199})",,,,,<3261139;4024111;4024112;2891318>,<99;99;99;99>,<self:flagZ4() and 1 or 0;1;1;1>,,<0;self:hpMax()*0.3;5000;5000>,,,
82019954,,,,0,11,,,,,,,<1396141;1396142;1396143>,<99;99;99>,<((target:cardID() == 4023) or (target:cardID() == 2493)) and 1 or 0;((target:cardID() == 4023) or (target:cardID() == 2493)) and 1 or 0;((target:cardID() == 4023) or (target:cardID() == 2493)) and 1 or 0>,,"<<-1;9>;<0;list(-1,9,-1,-1)>;2000>",,,
82019961,,,,0,14,,,,,,,<820199611>,<99>,,,<1>,,,
82019962,,,,,20,,,,,1,,<820199615>,<1>,,,<0>,,,
82019963,,,,,20,,,,,1,,<820199640>,<1>,"<(countObjByNature(self:force(),2,9))*((getNowRound()==1) and 0.1 or 0)+0.17+skillLevel*0.003-0.003>",,<0>,,,
82019964,,,,,,enemyForce|nodead,otherProcessExcept(82019963)|random(1),,,,,<820199640>,<1>,"<(countObjByNature(self:force(),2,9))*((getNowRound()==1) and 0.1 or 0)+0.47>",,<0>,,,
82029911,,,,,,,,,,,,<820299111;820299114>,<2;1>,<1;self:flagZ1() and 1 or 0>,,<self:specialDamage()*0.4;1>,82029911,,
82029912,,,,,,enemyForce|nodead,random(1),,,,,<820299111;820299114>,<2;1>,<1;self:flagZ1() and 1 or 0>,,<self:specialDamage()*0.4;1>,82029912,{needUpdateTarget=true},
82029913,,,,,,enemyForce|nodead,random(1),,,,,<820299111;820299114>,<2;1>,<1;self:flagZ1() and 1 or 0>,,<self:specialDamage()*0.4;1>,82029913,{needUpdateTarget=true},
82029914,,,,,,enemyForce|nodead,"useOtherProcess(82029911,82029912,82029913)",,,,,,,,,,,,
82029921,,,,,,,,,,,,<820299114;820299228>,<2;1>,<1;1>,,<self:specialDamage()*0.4;1>,82029921,,
82029922,,,,,,enemyForce | nodead,backRowRandom(1),,,,,<820299114;820299206;820299228>,<2;1;1>,<1;1;1>,,<self:specialDamage()*0.4;1;1>,82029922,,
82029923,,,,,,selfForce()|nodead,"exclude(list(csvSelf:id()))|rowfront|attrDiffer(""natureType"", {2,11})",,,,,<820299207>,<1>,,,<1>,,,
82029924,,,,,,selfForce()|nodead,"exclude(list(csvSelf:id()))|rowback|attrDiffer(""natureType"", {2,11})",,,,,<820299208>,<1>,,,<1>,,,
82029925,,,,,,selfForce()|nodead,,"{process={value=<exclude(list(csvSelf:id()))|buffDifferExclude('group',{c.chaopin_fly_bingzhu_oc()})|attrDiffer(""natureType"", {2,11})|frontRowRandom(1);exclude(list(csvSelf:id()))|buffDifferExclude('group',{c.chaopin_fly_bingzhu_oc()})|frontRowRandom(1)>;key=more(countObjByBuff(self:force(),{820299207}),0)}}",,,,<820299209>,<1>,,,<1>,,,
82029926,,,,,,selfForce()|nodead,,"{process={value=<exclude(list(csvSelf:id()))|buffDifferExclude('group',{c.chaopin_fly_bingzhu_oc()})|attrDiffer(""natureType"", {2,11})|backRowRandom(1);exclude(list(csvSelf:id()))|buffDifferExclude('group',{c.chaopin_fly_bingzhu_oc()})|backRowRandom(1)>;key=more(countObjByBuff(self:force(),{820299208}),0)}}",,,,<820299210>,<1>,,,<1>,,,
82029927,,,,0,14,,,,,,,<820299204>,<99>,,,<1>,,,
82029931,,,,,11,,,,,,,,,,,,82029931,,
82029932,,,,,11,,,,,,,,,,,,82029932,,
82029933,,,,,11,,,,,,,<820299114>,<2>,,,<self:specialDamage()*0.4>,,,
82029934,,,,,,selfForce()|nodead,"exclude(list(csvSelf:id()))|attrDiffer(""natureType"", {2})",,,,,<820299311;820299335>,<1;1>,"<((target:nature(1)==2 or target:nature(2)==2)  and (moreE(self:star(),11)) ) and 1 or 0;((target:nature(1)==2 or target:nature(2)==2)  and (moreE(self:star(),11)) ) and 1 or 0>",,<<list();1;0>;1>,,,
82029935,,,,0,11,,,,,,,<820299316;820299320;820299321>,<2;2;2>,<1;1;1>,,<1;self:damage()*0.2;self:specialDamage()*0.2>,,,
82029936,,,,,,enemyForce|nodead,"buffDifferExclude('group',{c.egg_fly_bingzhu_oc()})|attr(""mp1"",""max"",1)",,,,,<820299312;820299314;820299337>,<2;2;1>,"<moreE(self:star(),11) and 1 or 0;moreE(self:star(),11) and 1 or 0;self:flagZ3() and 1 or 0>",,<1;-1200;1>,,,
82029937,,,,0,14,,,,,,,<820299315>,<2>,<0>,,<1>,,,
82029941,,,,0,14,,,,,,,<820299611>,<99>,,,<1>,,,
82029961,,,,,,selfForce()|nodead,"exclude(list(csvSelf:id()))|attrDiffer(""natureType"", {2})",,,,,<820299648;820299649>,<99;99>,<1;1>,,<1;1>,,,
82029962,,,,0,14,,,,,,,<820299649;820299379;820299660;820299681;820299316>,<99;99;99;99;2>,"<0;moreE(self:star(),8) and 1 or 0;moreE(self:star(),8) and 1 or 0;1;1>",,<1;1;1;1;1>,,,
82039911,,,,,,,,,,,,,,,,,82039911,,
82039912,,,,0,14,,,,,,,<820399214;820399215;3611155;3611152>,<2;2;2;2>,<1;1;1;1>,,<self:defence()*((self:flagZ1() and 0.84 or 0.42)-0.02*((getGateType() == 10 or getGateType() == 14) and 1 or 0));self:specialDefence()*((self:flagZ1() and 0.84 or 0.42)-0.02*((getGateType() == 10 or getGateType() == 14) and (self:flagZ1() and 2 or 1) or 0));self:damage()*((self:flagZ1() and 0.32 or 0.22)-0.02*((getGateType() == 10 or getGateType() == 14) and 1 or 0));self:specialDamage()*((self:flagZ1() and 0.32 or 0.22)-0.02*((getGateType() == 10 or getGateType() == 14) and 1 or 0))>,,,
82039921,,,,,,,,,,,,,,,,,82039921,,
82039922,,,,,,selfForce|nodead,"exclude(list(csvSelf:id()))|setSelectAttr({""damage"",""specialDamage""},""max"")|attr(""selectAttr"",""max"",1)",,,,,<820399112>,<2>,,,<self:flag(99) and (self:specialDefence()+ self:defence())*(self:flagZ2() and 5 or 3) or (self:specialDefence()+ self:defence())*((self:flagZ2() and 5 or 3)-0.05*((getGateType() == 10 or getGateType() == 14) and 1 or 0))>,,,
82039923,,,,0,14,,,,,,,<820399112>,<2>,,,<self:flag(99) and (self:specialDefence()+ self:defence())*(self:flagZ2() and 5 or 3) or (self:specialDefence()+ self:defence())*((self:flagZ2() and 5 or 3)-0.05*((getGateType() == 10 or getGateType() == 14) and 1 or 0))>,,,
82039931,,,,,,,,,,,,,,,,,82039931,,
82039932,,,,,,,,,,,,,,,,,82039932,,
82039933,,,,,,,,,,,,<820399217>,<1>,,,<0>,,,
82039934,,,,0,23,,,,13,,,<820399216>,<99>,,,"<(self:flag(99) and (self:specialDefence()+ self:defence())*4 or (self:specialDefence()+ self:defence())*(4-0.05*((getGateType() == 10 or getGateType() == 14) and 1 or 0)))*(self:flagZ3() and  (1+0.5*countObjByNatureExit(self:force(),1)) or 1)>",,,
82039935,,,,0,11,,,,,,,<820399230>,<99>,"<to10(moreEqualThan(self:star(),11))>",,<0>,,,
82039941,,,,0,23,,,,13,,,<820399216>,<99>,"<to10(moreEqualThan(self:star(),8))>",,"<(self:flag(99) and (self:specialDefence()+ self:defence())*4 or (self:specialDefence()+ self:defence())*(3-0.05*((getGateType() == 10 or getGateType() == 14) and 1 or 0)))*(self:flagZ3() and  (1+0.5*countObjByNatureExit(self:force(),1)) or 1)>",,,
82039942,,,,0,11,,,,,,,<820399230>,<99>,"<to10(moreEqualThan(self:star(),11))>",,<0>,,,
82039943,,,,0,11,,,,,,,<820399240>,<99>,,,<1>,,,
82039961,,,,,,enemyForce|nodead,"setSelectAttr({""damage"",""specialDamage""},""max"")|attr(""selectAttr"",""max"",1)",,,,,,,,,,,,
82039962,,,,,,,,,,,,<820399233>,<1>,,,"<list(list(c.groupdebuff_oc()),6,3)>",,,
