VariableName,vip,taskParam,huodongID,award,taskType,taskSpecialParam,desc,desc_vn
Defaults,0,9999,0,{},0,{},,
VariableName,vip,taskParam,huodongID,award,taskType,taskSpecialParam,desc,desc
101,,5,8827,{5000=10;11=30;gold=100000;rmb=100},1,,Reach Lv.5,Reach Lv.5
102,,10,8827,{gold=150000;11=30;19=5;rmb=200},1,,Reach Lv.10,Reach Lv.10
103,,15,8827,{gold=200000;11=30;rmb=300;100=5},1,,Reach Lv.15,Reach Lv.15
104,,20,8827,{800=5;gold=250000;12=20;rmb=300},1,,Reach Lv.20,Reach Lv.20
105,,25,8827,{801=5;gold=300000;12=20;rmb=400},1,,Reach Lv.25,Reach Lv.25
106,,30,8827,{451=5;12=20;gold=350000;rmb=400},1,,Reach Lv.30,Reach Lv.30
107,,35,8827,{13=15;gold=400000;rmb=500;452=6},1,,Reach Lv.35,Reach Lv.35
108,,40,8827,{13=15;800=10;gold=450000;rmb=500},1,,Reach Lv.40,Reach Lv.40
109,,45,8827,{13=15;801=10;gold=500000;rmb=600},1,,Reach Lv.45,Reach Lv.45
201,,10,8828,{rmb=100;gold=20000},29,,Fight 10 times normal level,Fight 10 times normal level
202,,15,8828,{rmb=200;gold=20000},29,,Fight 20 times normal level,Fight 20 times normal level
203,,30,8828,{rmb=300;gold=20000},29,,Fight 30 times normal level,Fight 30 times normal level
204,,40,8828,{rmb=400;gold=20000},29,,Fight 40 times normal level,Fight 40 times normal level
205,,50,8828,{13=14;gold=20000},29,,Fight 50 times normal level,Fight 50 times normal level
206,,60,8828,{gold=20000;12=15},29,,Fight 60 times normal level,Fight 60 times normal level
207,,70,8828,{11=16;gold=20000},29,,Fight 70 times normal level,Fight 70 times normal level
301,,1,8829,{rmb=10;gold=20000},26,,Buy stamina 1 time,Buy stamina 1 time
302,,2,8829,{rmb=11;gold=20000},26,,Buy stamina 2 times,Buy stamina 2 times
303,,3,8829,{31301=1;rmb=12},26,,Buy stamina 3 times,Buy stamina 3 times
304,,4,8829,{rmb=12;card={id=1021}},26,,Buy stamina 4 times,Buy stamina 4 times
305,,5,8829,{rmb=12;card={id=1141}},26,,Buy stamina 5 times,Buy stamina 5 times
306,,6,8829,{rmb=12;card={id=1091}},26,,Buy stamina 6 times,Buy stamina 6 times
307,,7,8829,{rmb=12;card={id=1111}},26,,Buy stamina 7 times,Buy stamina 7 times
401,,1,8830,{rmb=10;gold=2000},17,,Log in accumulated 1 day,Log in accumulated 1 day
402,,2,8830,{rmb=10;gold=2000},17,,Log in accumulated 2 days,Log in accumulated 2 days
403,,3,8830,{rmb=10;gold=2000},17,,Log in accumulated 3 days,Log in accumulated 3 days
404,,4,8830,{rmb=10;gold=2000},17,,Log in accumulated 4 days,Log in accumulated 4 days
405,,5,8830,{rmb=10;gold=2000},17,,Log in accumulated 5 days,Log in accumulated 5 days
406,,6,8830,{rmb=10;gold=2000},17,,Log in accumulated 6 days day,Log in accumulated 6 days day
407,,7,8830,{rmb=10;gold=2000},17,,Login accumulated for 7 days,Login accumulated for 7 days
501,,25,100033,{rmb=10;gold=2000},1,,Character reached level 25,Character reached level 25
502,,10102,100033,{rmb=10;gold=2000},2,,Complete chapter 1 stage 2,Complete chapter 1 stage 2
503,,5,100033,{rmb=10;gold=2000},3,,Own 5 random ninjas,Own 5 random ninjas
504,,7,100033,{rmb=10;gold=2000},5,,VIP reached level 7,VIP reached level 7
505,,10000,100033,{rmb=10;gold=2000},6,,Combat power reached 10000,Combat power reached 10000
506,,,100033,{rmb=10;gold=2000},9,{5=3},Own 5 A-rank ninjas,Own 5 A-rank ninjas
507,,,100033,{rmb=10;gold=2000},10,{2=4},Have 2 4-star ninjas,Have 2 4-star ninjas
508,,,100033,{rmb=10;gold=2000},11,{1=3},Own 1 green equipment,Own 1 green equipment
509,,,100033,{rmb=10;gold=2000},12,{1=2},Own 1 2-star equipment,Own 1 2-star equipment
510,,1,100033,{rmb=10;gold=2000},13,,激活妙蛙种子,激活妙蛙种子
511,,,100033,{rmb=10;gold=2000},15,,log in today,log in today
512,,2,100033,{rmb=10;gold=2000},17,,Log in for 2 days,Log in for 2 days
513,,2,100033,{rmb=10;gold=2000},18,,Collect accumulated treasure 2 times,Collect accumulated treasure 2 times
514,,10000,100033,{rmb=10;gold=2000},19,,"Collected a total of 10,000 Gold","Collected a total of 10,000 Gold"
515,,10000,100033,{rmb=10;gold=2000},20,,"Spend accumulated 10,000 Gold","Spend accumulated 10,000 Gold"
516,,500,100033,{rmb=10;gold=2000},21,,Spend accumulated 500 Yuanbao,Spend accumulated 500 Yuanbao
517,,500,100033,{rmb=10;gold=2000},22,,Recharge accumulated 500 Yuanbao,Recharge accumulated 500 Yuanbao
518,,2,100033,{rmb=10;gold=2000},26,,Buy stamina 2 times,Buy stamina 2 times
519,,2,100033,{rmb=10;gold=2000},29,,Accumulate normal challenge 2 times,Accumulate normal challenge 2 times
520,,1,100033,{rmb=10;gold=2000},30,,Accumulate difficult challenge 1 time,Accumulate difficult challenge 1 time
521,,1,100033,{rmb=10;gold=2000},31,,Accumulate nightmare challenge 1 time,Accumulate nightmare challenge 1 time
522,,2,100033,{rmb=10;gold=2000},32,,Accumulate nightmare challenge 2 times,Accumulate nightmare challenge 2 times
523,,2,100033,{rmb=10;gold=2000},33,,Pass any level 2 times,Pass any level 2 times
524,,10,100033,{rmb=10;gold=2000},34,,Upgrade any ninja skill 10 times,Upgrade any ninja skill 10 times
525,,5,100033,{rmb=10;gold=2000},35,,Accumulate Ninja upgrade 5 times,Accumulate Ninja upgrade 5 times
526,,5,100033,{rmb=10;gold=2000},36,,Accumulate Ninja upgrade 5 times,Accumulate Ninja upgrade 5 times
527,,5,100033,{rmb=10;gold=2000},37,,Accumulate Ninja star increase 5 times,Accumulate Ninja star increase 5 times
528,,5,100033,{rmb=10;gold=2000},38,,A total of 5 accessories have been strengthened,A total of 5 accessories have been strengthened
529,,2,100033,{rmb=10;gold=2000},39,,Accumulate jewelry breakthrough 2 times,Accumulate jewelry breakthrough 2 times
530,,2,100033,{rmb=10;gold=2000},40,,A total of 2 equipment star increase times,A total of 2 equipment star increase times
531,,5,100033,{rmb=10;gold=2000},41,,Arena 5 times,Arena 5 times
532,,500,100033,{rmb=10;gold=2000},43,,Reach 20 arena points,Reach 20 arena points
533,,10,100033,{rmb=10;gold=2000},44,,Reach 10th place in the arena,Reach 10th place in the arena
534,,2,100033,{rmb=10;gold=2000},46,,Perform withdrawal 10 consecutive cards 2 times,Perform withdrawal 10 consecutive cards 2 times
535,,2,100033,{rmb=10;gold=2000},47,,Draw 2 single cards,Draw 2 single cards
536,,2,100033,{rmb=10;gold=2000},48,,Draw 10 coins twice,Draw 10 coins twice
537,,2,100033,{rmb=10;gold=2000},49,,Perform a single coin draw twice,Perform a single coin draw twice
538,,6,100033,{rmb=10;gold=2000},50,,Yuanbao draws a card 5 times,Yuanbao draws a card 5 times
539,,6,100033,{rmb=10;gold=2000},51,,Draw a coin card 5 times,Draw a coin card 5 times
540,,6,100033,{rmb=10;gold=2000},52,,Draw an accessory card 5 times,Draw an accessory card 5 times
541,,2,100033,{rmb=10;gold=2000},53,,Draw 10 accessories twice in a row,Draw 10 accessories twice in a row
542,,2,100033,{rmb=10;gold=2000},54,,Perform a single accessory draw twice,Perform a single accessory draw twice
543,,3,100033,{rmb=10;gold=2000},55,,Donate to the Guild 3 times,Donate to the Guild 3 times
544,,2,100033,{rmb=10;gold=2000},57,,Give a Guild Red Envelope 2 times,Give a Guild Red Envelope 2 times
545,,2,100033,{rmb=10;gold=2000},58,,Snatch a Guild Red Envelope 2 times,Snatch a Guild Red Envelope 2 times
546,,1,100033,{rmb=10;gold=2000},59,,Participate in a dungeon once,Participate in a dungeon once
547,,2,100033,{rmb=10;gold=2000},60,,Successfully clear 2 rooms in Anbu Special Training.,Successfully clear 2 rooms in Anbu Special Training.
548,,6,100033,{rmb=10;gold=2000},61,,Successfully open the Anbu Special Training Box 6 times.,Successfully open the Anbu Special Training Box 6 times.
549,,100,100033,{rmb=10;gold=2000},62,,Gain 100 points in the Anbu Special Training Day.,Gain 100 points in the Anbu Special Training Day.
550,,300,100033,{rmb=10;gold=2000},63,,Gain 300 points in Anbu Special Training.,Gain 300 points in Anbu Special Training.
551,,2,100033,{rmb=11;gold=2000},64,,Accumulate and successfully clear 2 floors in the Random Challenge Tower.,Accumulate and successfully clear 2 floors in the Random Challenge Tower.
552,,3,100033,{rmb=12;gold=2000},66,,Participate and successfully win 3 times in the image challenge.,Participate and successfully win 3 times in the image challenge.
553,,3,100033,{rmb=13;gold=2000},67,,Successfully clear the highest floor of 3 in the Random Challenge Tower.,Successfully clear the highest floor of 3 in the Random Challenge Tower.
554,,3,100033,{rmb=14;gold=2000},70,,Complete the daily mission 3 times.,Complete the daily mission 3 times.
555,,3,100033,{rmb=10;gold=2000},83,,Upgrade the exploration equipment spirit 3 times.,Upgrade the exploration equipment spirit 3 times.
556,,3,100033,{rmb=10;gold=2000},84,,Activate/Upgrade the exploration equipment spirit 3 times.,Activate/Upgrade the exploration equipment spirit 3 times.
557,,3,100033,{rmb=10;gold=2000},85,,Complete the deployment mission 3 times.,Complete the deployment mission 3 times.
558,,,100033,{rmb=10;gold=2000},86,{3=4},Complete the S-quality deployment mission 3 times.,Complete the S-quality deployment mission 3 times.
559,,3,100033,{rmb=10;gold=2000},87,,Enhance the carrying tool 3 times.,Enhance the carrying tool 3 times.
560,,3,100033,{rmb=10;gold=2000},88,,Breakthrough the carrying tool 3 times.,Breakthrough the carrying tool 3 times.
561,,20,100033,{rmb=10;gold=2000},89,,Train 20 times.,Train 20 times.
562,,10,100033,{rmb=10;gold=2000},90,,Train the normal growth value 10 times.,Train the normal growth value 10 times.
563,,10,100033,{rmb=10;gold=2000},91,,Train the advanced growth value 10 times.,Train the advanced growth value 10 times.
564,,3,100033,{rmb=10;gold=2000},92,,Upgrade the potential 3 times.,Upgrade the potential 3 times.
565,,10,100033,{rmb=10;gold=2000},95,,Draw the restricted card 10 times.,Draw the restricted card 10 times.
566,,3,100033,{rmb=10;gold=2000},96,,Draw the restricted card with Ingot 3 times.,Draw the restricted card with Ingot 3 times.
601,,2,100034,{rmb=11;gold=2000},64,,Pass the accumulation of 2 floors in the Random Trial Tower.,Pass the accumulation of 2 floors in the Random Trial Tower.
602,,3,100034,{rmb=13;gold=2000},67,,Pass the highest floor of 3 floors in the Random Trial Tower.,Pass the highest floor of 3 floors in the Random Trial Tower.
603,,2,100034,{rmb=10;gold=2000},60,,Complete through 2 rooms in the Anbu special training.,Complete through 2 rooms in the Anbu special training.
611,,5,100035,{5000=10;11=30;gold=100000;rmb=100},1,,Reach Lv.5,Reach Lv.5
612,,10,100035,{gold=150000;11=30;19=5;rmb=200},1,,Reach Lv.10,Reach Lv.10
613,,15,100035,{gold=200000;11=30;rmb=300;100=5},1,,Reach Lv.15,Reach Lv.15
621,,20,100036,{800=5;gold=250000;12=20;rmb=300},1,,Reach Lv.20,Reach Lv.20
622,,25,100036,{801=5;gold=300000;12=20;rmb=400},1,,Reach Lv.25,Reach Lv.25
623,,30,100036,{451=5;12=20;gold=350000;rmb=400},1,,Reach Lv.30,Reach Lv.30
1001,,10,1001,{13=10;22141=2;gold=10000},51,,Draw card 10 times with Gold,Draw card 10 times with Gold
1002,,20,1001,{13=10;22141=2;gold=20000},51,,Draw card 20 times with Gold,Draw card 20 times with Gold
1003,,2,1001,{13=10;22141=2;gold=20000},96,,Draw card 2 times at will,Draw card 2 times at will
1004,,10,1001,{13=10;22141=4;gold=20000},96,,Draw card 10 times at will,Draw card 10 times at will
1005,,20,1001,{13=10;22141=6;gold=30000},96,,Draw card 20 times at will,Draw card 20 times at will
1006,,30,1001,{13=10;22141=6;gold=40000},96,,Draw card 30 times at will,Draw card 30 times at will
1007,,40,1001,{14=10;22141=8;gold=50000},96,,Draw card 40 times at will,Draw card 40 times at will
1008,,60,1001,{14=10;card={id=2141};gold=60000},96,,Draw card 60 times at will,Draw card 60 times at will
1009,,80,1001,{14=10;gold=80000;talent_point=6},96,,Draw card 80 times at will,Draw card 80 times at will
1010,,100,1001,{22141=10;15=10;gold=100000},96,,Draw card 100 times at will,Draw card 100 times at will
1011,,120,1001,{22141=10;15=10;gold=120000},96,,Draw card 120 times at will,Draw card 120 times at will
1012,,150,1001,{card={id=2141};15=10;gold=150000},96,,Draw card 150 times at will,Draw card 150 times at will
1031,,60,1002,{gold=60000;5000=20;501=1;rmb=60},22,,Deposit 60 diamond.,Deposit 60 diamond.
1032,,300,1002,{13=20;gold=80000;501=1;503=3},22,,Deposit 300 diamond.,Deposit 300 diamond.
1033,,600,1002,{930=30;gold=100000;2102=10;503=5},22,,Deposit 600 diamond.,Deposit 600 diamond.
1034,,980,1002,{gold=120000;901=20;501=1;2103=10},22,,Deposit 980 diamond.,Deposit 980 diamond.
1035,,1980,1002,{957=100;gold=140000;902=30;2103=10},22,,Deposit 1980 diamond.,Deposit 1980 diamond.
1036,,3280,1002,{502=30;gold=160000;501=3;2103=10},22,,Deposit 3280 diamond.,Deposit 3280 diamond.
1037,,6480,1002,{14=20;957=100;6059=1;gold=180000},22,,Top up 6480 Diamond.,Top up 6480 Diamond.
1038,,9680,1002,{14=20;6059=1;gold=200000;501=5},22,,Top up 9680 Diamond.,Top up 9680 Diamond.
1039,,12000,1002,{14=30;957=150;6059=1;gold=220000},22,,Top up 12000 Diamond.,Top up 12000 Diamond.
1040,,15000,1002,{502=50;6059=1;gold=250000;14=30},22,,Top up 15000 Diamond.,Top up 15000 Diamond.
1041,,20000,1002,{14=50;957=200;gold=300000;945=1},22,,Top up 20000 Diamond.,Top up 20000 Diamond.
1042,,25000,1002,{502=50;gold=500000;14=50;902=50},22,,Top up 25000 Diamond.,Top up 25000 Diamond.
1043,,30000,1002,{502=80;gold=500000;14=50;902=50},22,,Top up 30000 Diamond.,Top up 30000 Diamond.
1044,,40000,1002,{14=70;gold=500000;2153=1;501=8},22,,Top up 40000 Diamond.,Top up 40000 Diamond.
1045,,50000,1002,{14=100;602=50;gold=1000000;521=50},22,,Top up 50000 Diamond.,Top up 50000 Diamond.
1051,,150,1003,{gold=500000;rmb=50;501=1;502=2},22,,Recharge 150 Diamond,Recharge 150 Diamond
1052,,300,1003,{gold=500000;501=2;503=2;500=1},22,,Recharge 300 Diamond,Recharge 300 Diamond
1053,,750,1003,{gold=1000000;502=5;503=5;519=5;6058=1},22,,Recharge 750 Diamond,Recharge 750 Diamond
1054,,1000,1003,{gold=1500000;501=10;519=5;6057=1;500=2},22,,Recharge 1000 Diamond,Recharge 1000 Diamond
1055,,2000,1003,{gold=2000000;rmb=500;502=10;520=10;6056=1},22,,Recharge 2000 Diamond,Recharge 2000 Diamond
1056,,3000,1003,{gold=2500000;502=15;520=20;6055=1;4000=200},22,,Recharge 3000 Diamond,Recharge 3000 Diamond
1057,,5000,1003,{card={id=9002};gold=3000000;902=50;5000=1000},22,,Recharge 5000 Diamond,Recharge 5000 Diamond
1058,,7500,1003,{8888=1;521=10;519=30;6053=1;6054=1;19=50},22,,Recharge 7500 Diamond,Recharge 7500 Diamond
1059,,10000,1003,{8804=1;520=30;531=20;537=30;6051=1;6052=1},22,,Recharge 10000 Diamond,Recharge 10000 Diamond
1060,,15000,1003,{521=30;2153=1;6050=2;2103=200;2152=2;4000=1000},22,,Recharge 15000 Diamond,Recharge 15000 Diamond
1061,,22500,1003,{card={id=9003};994=2;7325=2;6050=4;851=500;850=1000},22,,Recharge 22500 Diamond,Recharge 22500 Diamond
1062,,30000,1003,{rmb=5000;9056=1;6107=1;124=200;151=5000;529=10000},22,,Recharge 30000 Diamond,Recharge 30000 Diamond
1063,,50000,1003,{rmb=10000;9056=2;16=500;111=5000;967=10;6120=1;4000=3000},22,,Recharge 50000 Diamond,Recharge 50000 Diamond
1064,,75000,1003,{rmb=20000;9055=1;9056=5;6059=5;6105=1;124=300;529=20000},22,,Recharge 75000 Diamond,Recharge 75000 Diamond
1071,,300,1004,{930=10;5000=10;gold=60000},21,,Spend 300 Diamond.,Spend 300 Diamond.
1072,,1000,1004,{22171=10;gold=80000;5000=15},21,,Spend 1000 Diamond.,Spend 1000 Diamond.
1073,,2000,1004,{452=20;gold=80000;5000=10},21,,Spend 2000 Diamond.,Spend 2000 Diamond.
1074,,4000,1004,{22171=20;gold=100000;5000=15},21,,Spend 4000 Diamond.,Spend 4000 Diamond.
1075,,7000,1004,{452=30;gold=120000;5000=15},21,,Spend 7000 Diamond.,Spend 7000 Diamond.
1076,,10000,1004,{22171=30;gold=120000;5000=15},21,,Spend 10000 Diamond.,Spend 10000 Diamond.
1077,,14000,1004,{452=40;gold=140000;5000=20},21,,Spend 14000 Diamond.,Spend 14000 Diamond.
1078,,18000,1004,{22171=40;gold=160000;5000=20},21,,Spend 18000 Diamond.,Spend 18000 Diamond.
1079,,22000,1004,{452=50;gold=180000;5000=25},21,,Spend 22000 Diamond.,Spend 22000 Diamond.
1080,,25000,1004,{22171=50;gold=200000;5000=30},21,,Spend 25000 Diamond.,Spend 25000 Diamond.
1091,,10,1005,{941=1;516=1;gold=20000;talent_point=2},105,,Draw Gem 10 times,Draw Gem 10 times
1092,,30,1005,{gold=30000;516=1;talent_point=3},105,,Draw Gem 30 times,Draw Gem 30 times
1093,,60,1005,{941=1;516=2;gold=40000;talent_point=4},105,,Draw Gem 60 times,Draw Gem 60 times
1094,,100,1005,{gold=50000;516=3;talent_point=5},105,,Draw Gem 100 times,Draw Gem 100 times
1095,,150,1005,{516=4;gold=60000;942=1;talent_point=6},105,,Draw Gem 150 times,Draw Gem 150 times
1096,,200,1005,{gold=80000;516=4;talent_point=8},105,,Draw Gem 200 times,Draw Gem 200 times
1097,,300,1005,{516=5;gold=100000;942=1;talent_point=8},105,,Draw Gem 300 times,Draw Gem 300 times
1101,,1,1006,{930=5;519=10;gold=10000;rmb=100},17,,Log in 1 day.,Log in 1 day.
1102,,2,1006,{card={id=271};31201=1;gold=10000;rmb=100},17,,Log in 2 days.,Log in 2 days.
1103,,3,1006,{13=20;card={id=391};gold=12000;rmb=100},17,,Login 3 days.,Login 3 days.
1104,,4,1006,{gold=12000;100=3;rmb=120;503=2},17,,Login 4 days.,Login 4 days.
1105,,5,1006,{451=30;gold=15000;501=1;rmb=120},17,,Login 5 days.,Login 5 days.
1106,,6,1006,{502=2;talent_point=3;gold=20000;rmb=120},17,,Login 6 days.,Login 6 days.
1107,,7,1006,{13=20;card={id=771};gold=30000;rmb=150},17,,Login 7 days.,Login 7 days.
1201,,5,1007,{gold=25000;12=5;rmb=100;519=2;20333=30},1,,Reach Lv.5,Reach Lv.5
1202,,10,1007,{930=5;gold=25000;519=2;rmb=100;20333=30},1,,Reach Lv.10,Reach Lv.10
1203,,15,1007,{20333=30;gold=40000;100=3;519=2;rmb=100},1,,Reach Lv.15,Reach Lv.15
1204,,20,1007,{gold=40000;5000=5;rmb=100;519=2;20333=30},1,,Reach Lv.20,Reach Lv.20
1205,,25,1007,{941=1;519=2;20641=15;gold=50000;rmb=100},1,,Reach Lv.25,Reach Lv.25
1206,,30,1007,{519=2;20641=15;gold=50000;rmb=100;966=1},1,,Reach Lv.30,Reach Lv.30
1207,,33,1007,{gold=75000;519=2;rmb=100;talent_point=3;20641=15},1,,Reach Lv.33,Reach Lv.33
1208,,36,1007,{902=20;gold=100000;rmb=100;519=2;20641=15},1,,Reach Lv.36,Reach Lv.36
1209,,39,1007,{519=2;20641=15;gold=120000;rmb=100;452=50},1,,Reach Lv.39,Reach Lv.39
1210,,42,1007,{6050=1;519=2;20641=15;gold=150000;rmb=100},1,,Reach Lv.42,Reach Lv.42
1211,,45,1007,{930=50;gold=170000;519=2;rmb=100;20641=15},1,,Reach Lv.45,Reach Lv.45
1212,,48,1007,{20641=15;519=2;5000=50;gold=200000;rmb=100},1,,Reach Lv.48,Reach Lv.48
1213,,50,1007,{519=2;20641=15;gold=220000;rmb=100;945=1},1,,Reach Lv.50,Reach Lv.50
1214,,52,1007,{gold=250000;519=2;rmb=100;talent_point=3;20641=15},1,,Reach Lv.52,Reach Lv.52
1215,,54,1007,{902=20;gold=300000;rmb=100;519=2;20641=15},1,,Reach Lv.54,Reach Lv.54
1216,,56,1007,{gold=350000;452=50;20641=15;rmb=100;527=2},1,,Reach Lv.56,Reach Lv.56
1217,,58,1007,{gold=400000;20641=15;501=1;rmb=100;527=2},1,,Reach Lv.58,Reach Lv.58
1218,,60,1007,{gold=450000;20641=15;2152=1;rmb=100;527=2},1,,Reach Lv.60,Reach Lv.60
1219,,62,1007,{talent_point=3;20641=15;gold=500000;rmb=100;527=2},1,,Reach Lv.62,Reach Lv.62
1220,,64,1007,{gold=550000;20641=15;902=20;rmb=100;527=2},1,,Reach Lv.64,Reach Lv.64
1221,,66,1007,{gold=600000;452=50;20641=15;rmb=100;527=2},1,,Reach Lv.66,Reach Lv.66
1222,,68,1007,{gold=650000;20641=15;501=1;rmb=100;527=2},1,,Reach Lv.68,Reach Lv.68
1223,,70,1007,{gold=700000;20641=15;6271=1;rmb=100;527=2},1,,Reach Lv.70,Reach Lv.70
1224,,72,1007,{502=15;talent_point=3;gold=750000;rmb=100;527=2},1,,Reach Lv.72,Reach Lv.72
1225,,74,1007,{502=15;gold=800000;902=20;rmb=100;527=2},1,,Reach Lv.74,Reach Lv.74
1226,,76,1007,{502=15;gold=850000;452=50;rmb=100;527=2},1,,Reach Lv.76,Reach Lv.76
1227,,78,1007,{502=15;gold=900000;501=1;rmb=100;527=2},1,,Reach Lv.78,Reach Lv.78
1228,,80,1007,{502=15;gold=950000;7324=1;rmb=100;527=2},1,,Reach Lv.80,Reach Lv.80
1229,,82,1007,{502=15;talent_point=3;gold=1000000;rmb=100;527=2},1,,Reach Lv.82,Reach Lv.82
1230,,300,1008,{13=10;503=1;gold=60000},21,,Spend 300 Diamond.,Spend 300 Diamond.
1231,,600,1008,{13=10;503=1;gold=60000},21,,Spend 600 gold coins.,Spend 600 gold coins.
1232,,1000,1008,{13=20;503=1;gold=80000},21,,Spend 1000 gold coins.,Spend 1000 gold coins.
1233,,2000,1008,{14=10;gold=80000;503=2},21,,Spend 2000 gold coins.,Spend 2000 gold coins.
1234,,3000,1008,{14=10;gold=80000;503=2},21,,Spend 3000 gold coins.,Spend 3000 gold coins.
1235,,5000,1008,{502=10;14=10;gold=100000},21,,Spend 5000 gold coins.,Spend 5000 gold coins.
1236,,7000,1008,{502=10;15=10;gold=120000},21,,Spend 7000 gold coins.,Spend 7000 gold coins.
1237,,10000,1008,{502=15;902=20;gold=140000},21,,Spend 10000 gold coins.,Spend 10000 gold coins.
1238,,15000,1008,{502=15;902=20;gold=160000},21,,Spend 15000 gold coins.,Spend 15000 gold coins.
1239,,20000,1008,{521=30;902=30;gold=180000},21,,Spend 20000 gold coins.,Spend 20000 gold coins.
1240,,30000,1008,{521=50;902=30;gold=200000},21,,Spend 30000 gold coins.,Spend 30000 gold coins.
1241,,84,1007,{502=15;gold=1050000;902=20;rmb=100;527=2},1,,Reach Lv.84,Reach Lv.84
1242,,86,1007,{502=15;gold=1100000;452=50;rmb=100;527=2},1,,Reach Lv.86,Reach Lv.86
1243,,88,1007,{502=15;gold=1150000;501=1;rmb=100;527=2},1,,Reach Lv.88,Reach Lv.88
1244,,90,1007,{502=15;gold=1200000;7325=1;rmb=100;527=2},1,,Reach Lv.90,Reach Lv.90
1250,,10,1009,{13=10;20641=2;gold=10000},51,,Draw a Bronze card 10 times.,Draw a Bronze card 10 times.
1251,,20,1009,{13=10;20641=2;gold=20000},51,,Draw a Bronze card 20 times.,Draw a Bronze card 20 times.
1252,,2,1009,{13=10;20641=2;gold=20000},96,,Draw a self-selected card or draw a Gold coin card 2 times.,Draw a self-selected card or draw a Gold coin card 2 times.
1253,,10,1009,{12=10;20641=4;gold=30000},96,,Draw a self-selected card or draw a Gold coin card 10 times.,Draw a self-selected card or draw a Gold coin card 10 times.
1254,,20,1009,{12=10;20641=4;gold=40000},96,,Draw a self-selected card or draw a Gold coin card 20 times.,Draw a self-selected card or draw a Gold coin card 20 times.
1255,,30,1009,{519=5;gold=50000;12=10;20641=6},96,,Draw a self-selected card or draw a Gold coin card 30 times.,Draw a self-selected card or draw a Gold coin card 30 times.
1256,,40,1009,{13=10;20641=6;gold=60000},96,,Draw a card of your choice or draw a card with Diamond 40 times.,Draw a card of your choice or draw a card with Diamond 40 times.
1257,,60,1009,{13=10;20641=8;gold=80000},96,,Draw a card of your choice or draw a card with Diamond 60 times.,Draw a card of your choice or draw a card with Diamond 60 times.
1258,,80,1009,{13=10;20641=10;gold=100000},96,,Draw a card of your choice or draw a card with Diamond 80 times.,Draw a card of your choice or draw a card with Diamond 80 times.
1259,,100,1009,{13=10;519=10;gold=120000;20641=15},96,,Draw a card of your choice or draw a card with Diamond 100 times.,Draw a card of your choice or draw a card with Diamond 100 times.
1260,,120,1009,{14=10;20641=20;gold=150000},96,,Draw a card of your choice or draw a card with Diamond 120 times.,Draw a card of your choice or draw a card with Diamond 120 times.
1261,,150,1009,{14=10;20641=25;gold=150000},96,,Draw a card of your choice or draw a card with Diamond 150 times.,Draw a card of your choice or draw a card with Diamond 150 times.
1271,,1,1010,{520=1;rmb=50;gold=10000},17,,Login 1 day.,Login 1 day.
1272,,2,1010,{503=1;rmb=50;gold=10000},17,,Login 2 days.,Login 2 days.
1273,,3,1010,{519=1;rmb=100;gold=12000},17,,Login 3 days.,Login 3 days.
1274,,4,1010,{502=3;rmb=50;gold=12000},17,,Login 4 days.,Login 4 days.
1275,,5,1010,{501=1;rmb=50;gold=15000},17,,Login 5 days.,Login 5 days.
1276,,6,1010,{503=1;rmb=50;gold=20000},17,,Login 6 days.,Login 6 days.
1277,,7,1010,{6050=1;rmb=100;gold=30000},17,,Login 7 days.,Login 7 days.
1281,,5,1011,{521=1;961=1;516=1;4000=100;gold=100000},94,,Withdraw Spirit 5 times.,Withdraw Spirit 5 times.
1282,,10,1011,{521=2;962=1;516=2;4000=200;gold=200000},94,,Withdraw Spirit 10 times.,Withdraw Spirit 10 times.
1283,,30,1011,{521=3;962=1;516=3;4000=300;gold=300000},94,,Withdraw Spirit 30 times.,Withdraw Spirit 30 times.
1284,,50,1011,{521=4;963=1;516=4;4000=400;gold=500000},94,,Withdraw Spirit 50 times.,Withdraw Spirit 50 times.
1285,,70,1011,{521=5;963=1;516=5;4000=500;gold=600000},94,,Withdraw Spirit 70 times.,Withdraw Spirit 70 times.
1286,,100,1011,{521=6;967=1;516=8;4000=600;gold=800000},94,,Withdraw Spirit 100 times.,Withdraw Spirit 100 times.
1287,,150,1011,{521=10;967=1;516=10;4000=1000;gold=1000000},94,,Withdraw Spirit 150 times.,Withdraw Spirit 150 times.
1291,,1,1012,{502=2;rmb=50;gold=10000},17,,Login 1 day.,Login 1 day.
1292,,2,1012,{503=1;rmb=50;gold=10000},17,,Login 2 days.,Login 2 days.
1293,,3,1012,{519=1;rmb=100;gold=12000},17,,Login 3 days.,Login 3 days.
1294,,4,1012,{502=3;rmb=50;gold=12000},17,,Login 4 days.,Login 4 days.
1295,,5,1012,{501=1;rmb=50;gold=15000},17,,Login 5 days.,Login 5 days.
1296,,6,1012,{520=1;rmb=50;gold=20000},17,,Login 6 days.,Login 6 days.
1297,,7,1012,{502=6;rmb=100;gold=30000},17,,Login 7 days.,Login 7 days.
1300,,60,1013,{gold=60000;5000=20;501=1;rmb=60},22,,Deposit 60 gold coins.,Deposit 60 gold coins.
1301,,300,1013,{13=20;gold=80000;501=1;503=3},22,,Deposit 300 gold coins.,Deposit 300 gold coins.
1302,,600,1013,{930=30;gold=100000;2102=3;503=5},22,,Deposit 600 gold coins.,Deposit 600 gold coins.
1303,,980,1013,{gold=120000;901=20;501=1;2102=3},22,,Deposit 980 gold coins.,Deposit 980 gold coins.
1304,,1980,1013,{card={id=1241};902=30;gold=140000;2102=3},22,,Deposit 1980 gold coins.,Deposit 1980 gold coins.
1305,,3280,1013,{502=15;gold=160000;501=3;2103=1},22,,Top up 3280 Diamond.,Top up 3280 Diamond.
1306,,6480,1013,{14=20;gold=180000;21241=50;2103=1},22,,Top up 6480 Diamond.,Top up 6480 Diamond.
1307,,9680,1013,{14=20;212=1;gold=200000;222=1},22,,Top up 9680 Diamond.,Top up 9680 Diamond.
1308,,12000,1013,{14=30;gold=220000;21241=100;2103=2},22,,Top up 12000 Diamond.,Top up 12000 Diamond.
1309,,15000,1013,{14=50;gold=250000;202=1;232=1},22,,Top up 15000 Diamond.,Top up 15000 Diamond.
1310,,20000,1013,{14=50;942=1;gold=300000;21241=100},22,,Top up 20000 Diamond.,Top up 20000 Diamond.
1311,,25000,1013,{502=50;gold=500000;14=50;902=50},22,,Top up 25000 Diamond.,Top up 25000 Diamond.
1321,,60,1014,{14=10;gold=60000;5000=20;rmb=60},22,,Top up 60 Diamond.,Top up 60 Diamond.
1322,,300,1014,{14=10;gold=80000;901=20;2102=3},22,,Top up 300 Diamond.,Top up 300 Diamond.
1323,,600,1014,{14=10;gold=100000;501=2;2102=3},22,,Top up 600 Diamond.,Top up 600 Diamond.
1324,,1280,1014,{14=15;gold=120000;519=10;2102=3},22,,Top up 980 Diamond.,Top up 980 Diamond.
1325,,1980,1014,{502=10;19=10;14=15;gold=140000},22,,Top up 1980 Diamond.,Top up 1980 Diamond.
1326,,3280,1014,{14=20;gold=160000;519=10;2103=1},22,,Top up 3280 Diamond.,Top up 3280 Diamond.
1327,,6480,1014,{14=20;card={id=1231};gold=180000;2103=1},22,,Top up 6480 Diamond.,Top up 6480 Diamond.
1328,,9680,1014,{14=20;gold=200000;223=1;213=1},22,,Top up 9680 Diamond.,Top up 9680 Diamond.
1329,,12000,1014,{14=30;gold=220000;21231=100;2103=2},22,,Top up 12000 Diamond.,Top up 12000 Diamond.
1330,,15000,1014,{203=1;gold=250000;233=1;14=40},22,,Top up 15000 Diamond.,Top up 15000 Diamond.
1331,,20000,1014,{14=50;942=1;gold=300000;21231=100},22,,Top up 20000 Diamond.,Top up 20000 Diamond.
1332,,25000,1014,{502=50;gold=500000;14=50;902=50},22,,Top up 25000 Diamond.,Top up 25000 Diamond.
1341,,10,1015,{13=10;gold=10000;22151=2},51,,Withdraw Copper cards 10 times.,Withdraw Copper cards 10 times.
1342,,20,1015,{13=10;gold=20000;22151=2},51,,Withdraw Copper cards 20 times.,Withdraw Copper cards 20 times.
1343,,2,1015,{13=10;gold=20000;22151=2},96,,2 times of self-selected card or card with Diamond.,2 times of self-selected card or card with Diamond.
1344,,10,1015,{13=10;gold=20000;22151=4},96,,10 times of self-selected card or card with Diamond.,10 times of self-selected card or card with Diamond.
1345,,20,1015,{13=10;gold=30000;22151=6},96,,20 times of self-selected card or card with Diamond.,20 times of self-selected card or card with Diamond.
1346,,30,1015,{13=10;gold=40000;22151=6},96,,30 times of self-selected card or card with Diamond.,30 times of self-selected card or card with Diamond.
1347,,40,1015,{14=10;22151=8;gold=50000},96,,40 times of self-selected card or card with Diamond.,40 times of self-selected card or card with Diamond.
1348,,60,1015,{14=10;card={id=2151};gold=60000},96,,60 times of self-selected card or card with Diamond.,60 times of self-selected card or card with Diamond.
1349,,80,1015,{14=10;gold=80000;talent_point=6},96,,80 times of self-selected card or card with Diamond.,80 times of self-selected card or card with Diamond.
1350,,100,1015,{gold=100000;15=10;22151=10},96,,100 times of self-selected card or card with Diamond.,100 times of self-selected card or card with Diamond.
1351,,120,1015,{gold=120000;15=10;22151=10},96,,120 times of self-selected card or card with Diamond.,120 times of self-selected card or card with Diamond.
1352,,150,1015,{card={id=2151};15=10;gold=150000},96,,150 times of self-selected card or card with Diamond.,150 times of self-selected card or card with Diamond.
1361,,60,1016,{14=10;gold=60000;5000=20;rmb=60},22,,Deposit 60 Diamond.,Deposit 60 Diamond.
1362,,300,1016,{14=10;gold=80000;901=20;2102=3},22,,Deposit 300 Diamond.,Deposit 300 Diamond.
1363,,600,1016,{14=10;gold=100000;501=2;2102=3},22,,Deposit 600 Diamond.,Deposit 600 Diamond.
1364,,1280,1016,{14=15;gold=120000;2102=3;527=10},22,,Deposit 980 Diamond.,Deposit 980 Diamond.
1365,,1980,1016,{502=10;19=10;14=15;gold=140000},22,,Deposit 1980 Diamond.,Deposit 1980 Diamond.
1366,,3280,1016,{14=20;gold=160000;2103=1;527=10},22,,Deposit 3280 Diamond.,Deposit 3280 Diamond.
1367,,6480,1016,{14=20;card={id=1231};gold=180000;2103=1},22,,Top up 6480 Diamond.,Top up 6480 Diamond.
1368,,9680,1016,{14=20;gold=200000;223=1;213=1},22,,Top up 9680 Diamond.,Top up 9680 Diamond.
1369,,12000,1016,{14=30;gold=220000;21231=100;2103=2},22,,Top up 12000 Diamond.,Top up 12000 Diamond.
1370,,15000,1016,{203=1;gold=250000;233=1;14=40},22,,Top up 15000 Diamond.,Top up 15000 Diamond.
1371,,20000,1016,{14=50;942=1;gold=300000;21231=100},22,,Top up 20000 Diamond.,Top up 20000 Diamond.
1372,,25000,1016,{502=50;gold=500000;14=50;902=50},22,,Top up 25000 Diamond.,Top up 25000 Diamond.
1380,,60,1017,{gold=60000;5000=20;501=1;rmb=60},22,,Top up 60 Diamond.,Top up 60 Diamond.
1381,,300,1017,{13=20;gold=80000;501=1;503=3},22,,Top up 300 Diamond.,Top up 300 Diamond.
1382,,600,1017,{930=30;gold=100000;2102=3;503=5},22,,Top up 600 Diamond.,Top up 600 Diamond.
1383,,980,1017,{gold=120000;901=20;501=1;2102=3},22,,Top up 980 Diamond.,Top up 980 Diamond.
1384,,1980,1017,{card={id=1241};902=30;gold=140000;2102=3},22,,Top up 1980 Diamond.,Top up 1980 Diamond.
1385,,3280,1017,{502=15;gold=160000;501=3;2103=1},22,,Top up 3280 Diamond.,Top up 3280 Diamond.
1386,,6480,1017,{14=20;gold=180000;21241=50;2103=1},22,,Top up 6480 Diamond.,Top up 6480 Diamond.
1387,,9680,1017,{14=20;212=1;gold=200000;222=1},22,,Top up 9680 Diamond.,Top up 9680 Diamond.
1388,,12000,1017,{14=30;gold=220000;21241=100;2103=2},22,,Top up 12000 Diamond.,Top up 12000 Diamond.
1389,,15000,1017,{14=50;gold=250000;202=1;232=1},22,,Top up 15000 Diamond.,Top up 15000 Diamond.
1390,,20000,1017,{14=50;942=1;gold=300000;21241=100},22,,Top up 20000 Diamond.,Top up 20000 Diamond.
1391,,25000,1017,{502=50;gold=500000;14=50;902=50},22,,Top up 25000 Diamond.,Top up 25000 Diamond.
1392,,30000,1017,{14=70;gold=500000;963=2;902=50},22,,Top up 30000 Diamond.,Top up 30000 Diamond.
1393,,40000,1017,{14=70;gold=500000;2152=3;501=5},22,,Top up 40000 Diamond.,Top up 40000 Diamond.
1394,,50000,1017,{14=100;604=50;gold=500000;521=30},22,,"Top up 50,000 Diamond.","Top up 50,000 Diamond."
1400,,60,1018,{14=10;gold=60000;5000=20;rmb=60},22,,Top up 60 Diamond.,Top up 60 Diamond.
1401,,300,1018,{14=10;gold=80000;901=20;2102=3},22,,Top up 300 Diamond.,Top up 300 Diamond.
1402,,600,1018,{14=10;gold=100000;501=2;2102=3},22,,Top up 600 Diamond.,Top up 600 Diamond.
1403,,1280,1018,{14=15;gold=120000;519=10;2102=3},22,,"Top up 1,280 Diamond.","Top up 1,280 Diamond."
1404,,1980,1018,{502=10;19=10;14=15;gold=140000},22,,"Top up 1,980 Diamond.","Top up 1,980 Diamond."
1405,,3280,1018,{14=20;gold=160000;519=10;2103=1},22,,"Top up 3,280 Diamond.","Top up 3,280 Diamond."
1406,,6480,1018,{14=20;card={id=1231};gold=180000;2103=1},22,,"Top up 6,480 Diamond.","Top up 6,480 Diamond."
1407,,9680,1018,{14=20;gold=200000;223=1;213=1},22,,"Top up 9,680 Diamond.","Top up 9,680 Diamond."
1408,,12000,1018,{14=30;gold=220000;21231=100;2103=2},22,,"Top up 12,000 Diamond.","Top up 12,000 Diamond."
1409,,15000,1018,{203=1;gold=250000;233=1;14=40},22,,"Top up 15,000 Diamond.","Top up 15,000 Diamond."
1410,,20000,1018,{14=50;942=1;gold=300000;21231=100},22,,"Top up 20,000 Diamond.","Top up 20,000 Diamond."
1411,,25000,1018,{502=50;gold=500000;14=50;902=50},22,,"Top up 25,000 Diamond.","Top up 25,000 Diamond."
1412,,30000,1018,{14=70;gold=500000;963=2;902=50},22,,"Top up 30,000 Diamond.","Top up 30,000 Diamond."
1413,,40000,1018,{14=70;gold=500000;2152=3;501=5},22,,"Top up 40,000 Diamond.","Top up 40,000 Diamond."
1414,,50000,1018,{14=100;604=50;gold=500000;521=30},22,,"Spend 50,000 Diamond.","Spend 50,000 Diamond."
1420,,300,1019,{930=10;5000=10;gold=60000},21,,Spend 300 Diamond.,Spend 300 Diamond.
1421,,1000,1019,{gold=80000;20331=10;5000=15},21,,"Spend 1,000 Diamond.","Spend 1,000 Diamond."
1422,,2000,1019,{452=20;gold=80000;5000=10},21,,"Spend 2,000 Diamond.","Spend 2,000 Diamond."
1423,,4000,1019,{gold=100000;20331=20;5000=15},21,,"Spend 4,000 Diamond.","Spend 4,000 Diamond."
1424,,7000,1019,{452=30;gold=120000;5000=15},21,,Spend 7000 gold coins.,Spend 7000 gold coins.
1425,,10000,1019,{gold=120000;20331=30;5000=15},21,,Spend 10000 gold coins.,Spend 10000 gold coins.
1426,,15000,1019,{452=40;gold=140000;5000=20},21,,Spend 15000 gold coins.,Spend 15000 gold coins.
1427,,20000,1019,{gold=160000;20331=40;5000=20},21,,Spend 20000 gold coins.,Spend 20000 gold coins.
1428,,25000,1019,{452=50;gold=180000;5000=25},21,,Spend 25000 gold coins.,Spend 25000 gold coins.
1429,,30000,1019,{gold=200000;20331=50;5000=30},21,,Spend 30000 gold coins.,Spend 30000 gold coins.
1430,,10,1020,{22001=2;13=10;gold=10000},51,,Withdraw a Bronze card 10 times.,Withdraw a Bronze card 10 times.
1431,,20,1020,{22001=2;13=10;gold=20000},51,,Withdraw a Bronze card 20 times.,Withdraw a Bronze card 20 times.
1432,,2,1020,{22001=2;13=10;gold=20000},96,,Withdraw a self-selected card or draw a Gold coin card 2 times.,Withdraw a self-selected card or draw a Gold coin card 2 times.
1433,,10,1020,{22001=4;12=10;gold=30000},96,,Withdraw a self-selected card or draw a Gold coin card 10 times.,Withdraw a self-selected card or draw a Gold coin card 10 times.
1434,,20,1020,{22001=4;12=10;gold=40000},96,,Withdraw a self-selected card or draw a Gold coin card 20 times.,Withdraw a self-selected card or draw a Gold coin card 20 times.
1435,,30,1020,{22001=6;12=10;gold=50000;519=5},96,,Withdraw a self-selected card or draw a Gold coin card 30 times.,Withdraw a self-selected card or draw a Gold coin card 30 times.
1436,,40,1020,{22001=6;13=10;gold=60000},96,,Withdraw a self-selected card or draw a Gold coin card 40 times.,Withdraw a self-selected card or draw a Gold coin card 40 times.
1437,,60,1020,{22001=8;13=10;gold=80000},96,,Withdraw a self-selected card or draw a Gold coin card 60 times.,Withdraw a self-selected card or draw a Gold coin card 60 times.
1438,,80,1020,{22001=10;13=10;gold=100000},96,,Withdraw a self-selected card or draw a Gold coin card 80 times.,Withdraw a self-selected card or draw a Gold coin card 80 times.
1439,,100,1020,{22001=15;13=10;gold=120000;519=10},96,,Withdraw a self-selected card or draw a Gold coin card 100 times.,Withdraw a self-selected card or draw a Gold coin card 100 times.
1440,,120,1020,{22001=20;14=10;gold=150000},96,,Draw a card of your choice or draw a card with Diamond 120 times.,Draw a card of your choice or draw a card with Diamond 120 times.
1441,,150,1020,{22001=25;14=10;gold=150000},96,,Draw a card of your choice or draw a card with Diamond 150 times.,Draw a card of your choice or draw a card with Diamond 150 times.
1450,,10,1021,{22011=2;13=10;gold=10000},51,,Draw a card with Copper 10 times.,Draw a card with Copper 10 times.
1451,,20,1021,{22011=2;13=10;gold=20000},51,,Draw a card with Copper 20 times.,Draw a card with Copper 20 times.
1452,,2,1021,{22011=2;13=10;gold=20000},96,,Draw card with Diamond 2 times.,Draw card with Diamond 2 times.
1453,,10,1021,{22011=4;12=10;gold=30000},96,,Draw card with Diamond 10 times.,Draw card with Diamond 10 times.
1454,,20,1021,{22011=4;12=10;gold=40000},96,,Draw card with Diamond 20 times.,Draw card with Diamond 20 times.
1455,,30,1021,{22011=6;gold=50000;519=5;12=10},96,,Draw card with Diamond 30 times.,Draw card with Diamond 30 times.
1456,,40,1021,{22011=6;13=10;gold=60000},96,,Draw card with Diamond 40 times.,Draw card with Diamond 40 times.
1457,,60,1021,{22011=8;13=10;gold=80000},96,,Draw card with Diamond 60 times.,Draw card with Diamond 60 times.
1458,,80,1021,{22011=10;13=10;gold=100000},96,,Draw card with Diamond 80 times.,Draw card with Diamond 80 times.
1459,,100,1021,{22011=15;13=10;519=10;gold=120000},96,,Draw card with Diamond 100 times.,Draw card with Diamond 100 times.
1460,,120,1021,{22011=20;14=10;gold=150000},96,,Draw card with Diamond 120 times.,Draw card with Diamond 120 times.
1461,,150,1021,{22011=25;14=10;gold=150000},96,,Draw card with Diamond 150 times.,Draw card with Diamond 150 times.
1470,,10,1022,{13=10;22021=2;gold=10000},51,,Draw card with Copper 10 times.,Draw card with Copper 10 times.
1471,,20,1022,{13=10;22021=2;gold=20000},51,,Draw card with Copper 20 times.,Draw card with Copper 20 times.
1472,,2,1022,{13=10;22021=2;gold=20000},96,,Draw card with Diamond 2 times.,Draw card with Diamond 2 times.
1473,,10,1022,{22021=4;gold=30000;12=10},96,,Draw card with Diamond 10 times.,Draw card with Diamond 10 times.
1474,,20,1022,{22021=4;gold=40000;12=10},96,,Draw card with Diamond 20 times.,Draw card with Diamond 20 times.
1475,,30,1022,{12=10;519=5;22021=6;gold=50000},96,,Draw card with Diamond 30 times.,Draw card with Diamond 30 times.
1476,,40,1022,{13=10;22021=6;gold=60000},96,,Draw card with Diamond 40 times.,Draw card with Diamond 40 times.
1477,,60,1022,{13=10;22021=8;gold=80000},96,,Draw card with Diamond 60 times.,Draw card with Diamond 60 times.
1478,,80,1022,{13=10;22021=10;gold=100000},96,,Draw card with Diamond 80 times.,Draw card with Diamond 80 times.
1479,,100,1022,{13=10;519=10;22021=15;gold=120000},96,,Draw card with Diamond 100 times.,Draw card with Diamond 100 times.
1480,,120,1022,{14=10;22021=20;gold=150000},96,,Draw card with Diamond 120 times.,Draw card with Diamond 120 times.
1481,,150,1022,{14=10;22021=25;gold=150000},96,,Draw card with Diamond 150 times.,Draw card with Diamond 150 times.
1490,,10,1023,{22031=2;13=10;gold=10000},51,,Draw card with Copper 10 times.,Draw card with Copper 10 times.
1491,,20,1023,{22031=2;13=10;gold=20000},51,,Draw card with Copper 20 times.,Draw card with Copper 20 times.
1492,,2,1023,{22031=2;13=10;gold=20000},96,,Draw card with Diamond 2 times.,Draw card with Diamond 2 times.
1493,,10,1023,{22031=4;12=10;gold=30000},96,,Draw card with Diamond 10 times.,Draw card with Diamond 10 times.
1494,,20,1023,{22031=4;12=10;gold=40000},96,,Draw card with Diamond 20 times.,Draw card with Diamond 20 times.
1495,,30,1023,{12=10;gold=50000;22031=6;519=5},96,,Draw card with Diamond 30 times.,Draw card with Diamond 30 times.
1496,,40,1023,{22031=6;13=10;gold=60000},96,,Draw card with Diamond 40 times.,Draw card with Diamond 40 times.
1497,,60,1023,{22031=8;13=10;gold=80000},96,,Draw card with Diamond 60 times.,Draw card with Diamond 60 times.
1498,,80,1023,{22031=10;13=10;gold=100000},96,,Draw card with Diamond 80 times.,Draw card with Diamond 80 times.
1499,,100,1023,{13=10;gold=120000;22031=15;519=10},96,,Draw card with Diamond 100 times.,Draw card with Diamond 100 times.
1500,,120,1023,{14=10;22031=20;gold=150000},96,,Draw card with Diamond 120 times.,Draw card with Diamond 120 times.
1501,,150,1023,{14=10;22031=25;gold=150000},96,,Draw card with Diamond 150 times.,Draw card with Diamond 150 times.
1510,,10,1024,{22041=2;13=10;gold=10000},51,,Draw card with Copper 10 times.,Draw card with Copper 10 times.
1511,,20,1024,{22041=2;13=10;gold=20000},51,,Draw card with Copper 20 times.,Draw card with Copper 20 times.
1512,,2,1024,{22041=2;13=10;gold=20000},96,,Draw card with Diamond 2 times.,Draw card with Diamond 2 times.
1513,,10,1024,{22041=4;gold=30000;12=10},96,,Draw card with Diamond 10 times.,Draw card with Diamond 10 times.
1514,,20,1024,{22041=4;gold=40000;12=10},96,,Draw card with Diamond 20 times.,Draw card with Diamond 20 times.
1515,,30,1024,{12=10;519=5;22041=6;gold=50000},96,,Draw card with Diamond 30 times.,Draw card with Diamond 30 times.
1516,,40,1024,{22041=6;13=10;gold=60000},96,,Draw card with Diamond 40 times.,Draw card with Diamond 40 times.
1517,,60,1024,{22041=8;13=10;gold=80000},96,,Draw card with Diamond 60 times.,Draw card with Diamond 60 times.
1518,,80,1024,{22041=10;13=10;gold=100000},96,,Draw card with Diamond 80 times.,Draw card with Diamond 80 times.
1519,,100,1024,{13=10;519=10;22041=15;gold=120000},96,,Draw card with Diamond 100 times.,Draw card with Diamond 100 times.
1520,,120,1024,{14=10;22041=20;gold=150000},96,,Draw card with Diamond 120 times.,Draw card with Diamond 120 times.
1521,,150,1024,{14=10;22041=25;gold=150000},96,,Draw card with Diamond 150 times.,Draw card with Diamond 150 times.
1530,,10,1025,{13=10;22051=2;gold=10000},51,,Draw card with Copper 10 times.,Draw card with Copper 10 times.
1531,,20,1025,{13=10;22051=2;gold=20000},51,,Draw card with Copper 20 times.,Draw card with Copper 20 times.
1532,,2,1025,{13=10;22051=2;gold=20000},96,,Draw card with Diamond 2 times.,Draw card with Diamond 2 times.
1533,,10,1025,{22051=4;gold=30000;12=10},96,,Draw card with Diamond 10 times.,Draw card with Diamond 10 times.
1534,,20,1025,{22051=4;gold=40000;12=10},96,,Draw card with Diamond 20 times.,Draw card with Diamond 20 times.
1535,,30,1025,{12=10;519=5;22051=6;gold=50000},96,,Draw card with Diamond 30 times.,Draw card with Diamond 30 times.
1536,,40,1025,{13=10;22051=6;gold=60000},96,,Draw card with Diamond 40 times.,Draw card with Diamond 40 times.
1537,,60,1025,{13=10;22051=8;gold=80000},96,,Draw card with Diamond 60 times.,Draw card with Diamond 60 times.
1538,,80,1025,{13=10;22051=10;gold=100000},96,,Draw card with Diamond 80 times.,Draw card with Diamond 80 times.
1539,,100,1025,{13=10;519=10;22051=15;gold=120000},96,,Draw card with Diamond 100 times.,Draw card with Diamond 100 times.
1540,,120,1025,{14=10;22051=20;gold=150000},96,,Draw card with Diamond 120 times.,Draw card with Diamond 120 times.
1541,,150,1025,{14=10;22051=25;gold=150000},96,,Draw card with Diamond 150 times.,Draw card with Diamond 150 times.
1550,,10,1026,{13=10;22061=2;gold=10000},51,,Draw card with Copper 10 times.,Draw card with Copper 10 times.
1551,,20,1026,{13=10;22061=2;gold=20000},51,,Draw card with Copper 20 times.,Draw card with Copper 20 times.
1552,,2,1026,{13=10;22061=2;gold=20000},96,,Draw card with Diamond 2 times.,Draw card with Diamond 2 times.
1553,,10,1026,{22061=4;gold=30000;12=10},96,,Draw card with Diamond 10 times.,Draw card with Diamond 10 times.
1554,,20,1026,{22061=4;gold=40000;12=10},96,,Draw card with Diamond 20 times.,Draw card with Diamond 20 times.
1555,,30,1026,{gold=50000;12=10;22061=6;519=5},96,,Draw card with Diamond 30 times.,Draw card with Diamond 30 times.
1556,,40,1026,{13=10;22061=6;gold=60000},96,,Draw card with Diamond 40 times.,Draw card with Diamond 40 times.
1557,,60,1026,{13=10;22061=8;gold=80000},96,,Draw card with Diamond 60 times.,Draw card with Diamond 60 times.
1558,,80,1026,{13=10;22061=10;gold=100000},96,,Draw card with Diamond 80 times.,Draw card with Diamond 80 times.
1559,,100,1026,{13=10;gold=120000;22061=15;519=10},96,,Draw card with Diamond 100 times.,Draw card with Diamond 100 times.
1560,,120,1026,{14=10;22061=20;gold=150000},96,,Draw card with Diamond 120 times.,Draw card with Diamond 120 times.
1561,,150,1026,{14=10;22061=25;gold=150000},96,,Draw card with Diamond 150 times.,Draw card with Diamond 150 times.
1570,,10,1027,{13=10;22071=2;gold=10000},51,,Draw card with Copper 10 times.,Draw card with Copper 10 times.
1571,,20,1027,{13=10;22071=2;gold=20000},51,,Draw card with Copper 20 times.,Draw card with Copper 20 times.
1572,,2,1027,{13=10;22071=2;gold=20000},96,,Draw card with Diamond 2 times.,Draw card with Diamond 2 times.
1573,,10,1027,{22071=4;gold=30000;12=10},96,,Draw card with Diamond 10 times.,Draw card with Diamond 10 times.
1574,,20,1027,{22071=4;gold=40000;12=10},96,,Draw card with Diamond 20 times.,Draw card with Diamond 20 times.
1575,,30,1027,{12=10;519=5;22071=6;gold=50000},96,,Draw card with Diamond 30 times.,Draw card with Diamond 30 times.
1576,,40,1027,{13=10;22071=6;gold=60000},96,,Draw card with Diamond 40 times.,Draw card with Diamond 40 times.
1577,,60,1027,{13=10;22071=8;gold=80000},96,,Draw card with Diamond 60 times.,Draw card with Diamond 60 times.
1578,,80,1027,{13=10;22071=10;gold=100000},96,,Draw card with Diamond 80 times.,Draw card with Diamond 80 times.
1579,,100,1027,{13=10;519=10;22071=15;gold=120000},96,,Draw card with Diamond 100 times.,Draw card with Diamond 100 times.
1580,,120,1027,{14=10;22071=20;gold=150000},96,,Draw card with Diamond 120 times.,Draw card with Diamond 120 times.
1581,,150,1027,{14=10;22071=25;gold=150000},96,,Draw card with Diamond 150 times.,Draw card with Diamond 150 times.
1590,,10,1028,{13=10;22081=2;gold=10000},51,,Draw card with Copper 10 times.,Draw card with Copper 10 times.
1591,,20,1028,{13=10;22081=2;gold=20000},51,,Draw card with Copper 20 times.,Draw card with Copper 20 times.
1592,,2,1028,{13=10;22081=2;gold=20000},96,,Draw card with Diamond 2 times.,Draw card with Diamond 2 times.
1593,,10,1028,{12=10;22081=4;gold=30000},96,,Draw card with Diamond 10 times.,Draw card with Diamond 10 times.
1594,,20,1028,{12=10;22081=4;gold=40000},96,,Draw card with Diamond 20 times.,Draw card with Diamond 20 times.
1595,,30,1028,{12=10;gold=50000;519=5;22081=6},96,,Draw card with Diamond 30 times.,Draw card with Diamond 30 times.
1596,,40,1028,{13=10;22081=6;gold=60000},96,,Draw card with Diamond 40 times.,Draw card with Diamond 40 times.
1597,,60,1028,{13=10;22081=8;gold=80000},96,,Draw card with Diamond 60 times.,Draw card with Diamond 60 times.
1598,,80,1028,{13=10;22081=10;gold=100000},96,,Draw card with Diamond 80 times.,Draw card with Diamond 80 times.
1599,,100,1028,{13=10;gold=120000;519=10;22081=15},96,,Draw card with Diamond 100 times.,Draw card with Diamond 100 times.
1600,,120,1028,{14=10;22081=20;gold=150000},96,,Draw card with Diamond 120 times.,Draw card with Diamond 120 times.
1601,,150,1028,{14=10;22081=25;gold=150000},96,,Draw card with Diamond 150 times.,Draw card with Diamond 150 times.
1610,,10,1029,{13=10;20641=2;gold=10000},51,,Draw card with Copper 10 times.,Draw card with Copper 10 times.
1611,,20,1029,{13=10;20641=2;gold=20000},51,,Draw card with Copper 20 times.,Draw card with Copper 20 times.
1612,,2,1029,{13=10;20641=2;gold=20000},96,,Draw card with Diamond 2 times.,Draw card with Diamond 2 times.
1613,,10,1029,{12=10;20641=4;gold=30000},96,,Draw card with Diamond 10 times.,Draw card with Diamond 10 times.
1614,,20,1029,{12=10;20641=4;gold=40000},96,,Draw card with Diamond 20 times.,Draw card with Diamond 20 times.
1615,,30,1029,{519=5;gold=50000;12=10;20641=6},96,,Draw card with Diamond 30 times.,Draw card with Diamond 30 times.
1616,,40,1029,{13=10;20641=6;gold=60000},96,,Draw card with Diamond 40 times.,Draw card with Diamond 40 times.
1617,,60,1029,{13=10;20641=8;gold=80000},96,,Draw card with Diamond 60 times.,Draw card with Diamond 60 times.
1618,,80,1029,{13=10;20641=10;gold=100000},96,,Draw card with Diamond 80 times.,Draw card with Diamond 80 times.
1619,,100,1029,{13=10;519=10;gold=120000;20641=15},96,,Draw card with Diamond 100 times.,Draw card with Diamond 100 times.
1620,,120,1029,{14=10;20641=20;gold=150000},96,,Draw card with Diamond 120 times.,Draw card with Diamond 120 times.
1621,,150,1029,{14=10;20641=25;gold=150000},96,,Draw card with Diamond 150 times.,Draw card with Diamond 150 times.
1630,,10,1030,{13=10;22101=2;gold=10000},51,,Draw card with Copper 10 times.,Draw card with Copper 10 times.
1631,,20,1030,{13=10;22101=2;gold=20000},51,,Draw card with Copper 20 times.,Draw card with Copper 20 times.
1632,,2,1030,{13=10;22101=2;gold=20000},96,,Draw card with Diamond 2 times.,Draw card with Diamond 2 times.
1633,,10,1030,{12=10;22101=4;gold=30000},96,,Draw card with Diamond 10 times.,Draw card with Diamond 10 times.
1634,,20,1030,{12=10;22101=4;gold=40000},96,,Draw card with Diamond 20 times.,Draw card with Diamond 20 times.
1635,,30,1030,{12=10;gold=50000;519=5;22101=6},96,,Draw card with Diamond 30 times.,Draw card with Diamond 30 times.
1636,,40,1030,{13=10;22101=6;gold=60000},96,,Draw card with Diamond 40 times.,Draw card with Diamond 40 times.
1637,,60,1030,{13=10;22101=8;gold=80000},96,,Draw card with Diamond 60 times.,Draw card with Diamond 60 times.
1638,,80,1030,{13=10;22101=10;gold=100000},96,,Draw card with Diamond 80 times.,Draw card with Diamond 80 times.
1639,,100,1030,{13=10;gold=120000;519=10;22101=15},96,,Draw card with Diamond 100 times.,Draw card with Diamond 100 times.
1640,,120,1030,{14=10;22101=20;gold=150000},96,,Draw card with Diamond 120 times.,Draw card with Diamond 120 times.
1641,,150,1030,{14=10;22101=25;gold=150000},96,,Draw card with Diamond 150 times.,Draw card with Diamond 150 times.
1650,,10,1031,{13=10;22111=2;gold=10000},51,,Draw card with Copper 10 times.,Draw card with Copper 10 times.
1651,,20,1031,{13=10;22111=2;gold=20000},51,,Draw card with Copper 20 times.,Draw card with Copper 20 times.
1652,,2,1031,{13=10;22111=2;gold=20000},96,,Draw card with Diamond 2 times.,Draw card with Diamond 2 times.
1653,,10,1031,{gold=30000;22111=4;12=10},96,,Draw card with Diamond 10 times.,Draw card with Diamond 10 times.
1654,,20,1031,{gold=40000;22111=4;12=10},96,,Draw card with Diamond 20 times.,Draw card with Diamond 20 times.
1655,,30,1031,{519=5;12=10;gold=50000;22111=6},96,,Draw card with Diamond 30 times.,Draw card with Diamond 30 times.
1656,,40,1031,{13=10;22111=6;gold=60000},96,,Draw card with Diamond 40 times.,Draw card with Diamond 40 times.
1657,,60,1031,{13=10;22111=8;gold=80000},96,,Draw card with Diamond 60 times.,Draw card with Diamond 60 times.
1658,,80,1031,{13=10;22111=10;gold=100000},96,,Draw card with Diamond 80 times.,Draw card with Diamond 80 times.
1659,,100,1031,{13=10;519=10;gold=120000;22111=15},96,,Draw card with Diamond 100 times.,Draw card with Diamond 100 times.
1660,,120,1031,{14=10;22111=20;gold=150000},96,,Draw card with Diamond 120 times.,Draw card with Diamond 120 times.
1661,,150,1031,{14=10;22111=25;gold=150000},96,,Draw card with Diamond 150 times.,Draw card with Diamond 150 times.
1670,,10,1032,{13=10;22121=2;gold=10000},51,,Draw card with Copper 10 times.,Draw card with Copper 10 times.
1671,,20,1032,{13=10;22121=2;gold=20000},51,,Draw card with Copper 20 times.,Draw card with Copper 20 times.
1672,,2,1032,{13=10;22121=2;gold=20000},96,,Draw card with Diamond 2 times.,Draw card with Diamond 2 times.
1673,,10,1032,{12=10;22121=4;gold=30000},96,,Draw card with Diamond 10 times.,Draw card with Diamond 10 times.
1674,,20,1032,{12=10;22121=4;gold=40000},96,,Draw card with Diamond 20 times.,Draw card with Diamond 20 times.
1675,,30,1032,{519=5;gold=50000;12=10;22121=6},96,,Draw card with Diamond 30 times.,Draw card with Diamond 30 times.
1676,,40,1032,{13=10;22121=6;gold=60000},96,,Draw card with Diamond 40 times.,Draw card with Diamond 40 times.
1677,,60,1032,{13=10;22121=8;gold=80000},96,,Draw card with Diamond 60 times.,Draw card with Diamond 60 times.
1678,,80,1032,{13=10;22121=10;gold=100000},96,,Draw card with Diamond 80 times.,Draw card with Diamond 80 times.
1679,,100,1032,{13=10;519=10;gold=120000;22121=15},96,,Draw card with Diamond 100 times.,Draw card with Diamond 100 times.
1680,,120,1032,{14=10;22121=20;gold=150000},96,,Draw card with Diamond 120 times.,Draw card with Diamond 120 times.
1681,,150,1032,{14=10;22121=25;gold=150000},96,,Draw card with Diamond 150 times.,Draw card with Diamond 150 times.
1690,,10,1033,{13=10;22131=2;gold=10000},51,,Draw card with Copper 10 times.,Draw card with Copper 10 times.
1691,,20,1033,{13=10;22131=2;gold=20000},51,,Draw card with Copper 20 times.,Draw card with Copper 20 times.
1692,,2,1033,{13=10;22131=2;gold=20000},96,,Draw card with Diamond 2 times.,Draw card with Diamond 2 times.
1693,,10,1033,{12=10;22131=4;gold=30000},96,,Draw card with Diamond 10 times.,Draw card with Diamond 10 times.
1694,,20,1033,{12=10;22131=4;gold=40000},96,,Draw card with Diamond 20 times.,Draw card with Diamond 20 times.
1695,,30,1033,{12=10;gold=50000;519=5;22131=6},96,,Draw card with Diamond 30 times.,Draw card with Diamond 30 times.
1696,,40,1033,{13=10;22131=6;gold=60000},96,,Draw card with Diamond 40 times.,Draw card with Diamond 40 times.
1697,,60,1033,{13=10;22131=8;gold=80000},96,,Draw card with Diamond 60 times.,Draw card with Diamond 60 times.
1698,,80,1033,{13=10;22131=10;gold=100000},96,,Draw card with Diamond 80 times.,Draw card with Diamond 80 times.
1699,,100,1033,{13=10;gold=120000;519=10;22131=15},96,,Draw card with Diamond 100 times.,Draw card with Diamond 100 times.
1700,,120,1033,{14=10;22131=20;gold=150000},96,,Draw card with Diamond 120 times.,Draw card with Diamond 120 times.
1701,,150,1033,{14=10;22131=25;gold=150000},96,,Draw card with Diamond 150 times.,Draw card with Diamond 150 times.
1710,,10,1034,{13=10;22141=2;gold=10000},51,,Draw card with Copper 10 times.,Draw card with Copper 10 times.
1711,,20,1034,{13=10;22141=2;gold=20000},51,,Draw card with Copper 20 times.,Draw card with Copper 20 times.
1712,,2,1034,{13=10;22141=2;gold=20000},96,,Draw card with Diamond 2 times.,Draw card with Diamond 2 times.
1713,,10,1034,{gold=30000;22141=4;12=10},96,,Draw card with Diamond 10 times.,Draw card with Diamond 10 times.
1714,,20,1034,{gold=40000;22141=4;12=10},96,,Draw card with Diamond 20 times.,Draw card with Diamond 20 times.
1715,,30,1034,{519=5;12=10;gold=50000;22141=6},96,,Draw card with Diamond 30 times.,Draw card with Diamond 30 times.
1716,,40,1034,{13=10;22141=6;gold=60000},96,,Draw card with Diamond 40 times.,Draw card with Diamond 40 times.
1717,,60,1034,{13=10;22141=8;gold=80000},96,,Draw card with Diamond 60 times.,Draw card with Diamond 60 times.
1718,,80,1034,{13=10;22141=10;gold=100000},96,,Draw card with Diamond 80 times.,Draw card with Diamond 80 times.
1719,,100,1034,{13=10;519=10;gold=120000;22141=15},96,,Draw card with Diamond 100 times.,Draw card with Diamond 100 times.
1720,,120,1034,{14=10;22141=20;gold=150000},96,,Draw card with Diamond 120 times.,Draw card with Diamond 120 times.
1721,,150,1034,{14=10;22141=25;gold=150000},96,,Draw card with Diamond 150 times.,Draw card with Diamond 150 times.
1730,,10,1035,{13=10;gold=10000;22151=2},51,,Draw card with Copper 10 times.,Draw card with Copper 10 times.
1731,,20,1035,{13=10;gold=20000;22151=2},51,,Draw card with Copper 20 times.,Draw card with Copper 20 times.
1732,,2,1035,{13=10;gold=20000;22151=2},96,,Draw card with Diamond 2 times.,Draw card with Diamond 2 times.
1733,,10,1035,{gold=30000;22151=4;12=10},96,,Draw card with Diamond 10 times.,Draw card with Diamond 10 times.
1734,,20,1035,{gold=40000;22151=4;12=10},96,,Draw card with Diamond 20 times.,Draw card with Diamond 20 times.
1735,,30,1035,{gold=50000;12=10;22151=6;519=5},96,,Draw card with Diamond 30 times.,Draw card with Diamond 30 times.
1736,,40,1035,{13=10;gold=60000;22151=6},96,,Draw card with Diamond 40 times.,Draw card with Diamond 40 times.
1737,,60,1035,{13=10;gold=80000;22151=8},96,,Draw card with Diamond 60 times.,Draw card with Diamond 60 times.
1738,,80,1035,{13=10;gold=100000;22151=10},96,,Draw card with Diamond 80 times.,Draw card with Diamond 80 times.
1739,,100,1035,{13=10;gold=120000;519=10;22151=15},96,,Draw card with Diamond 100 times.,Draw card with Diamond 100 times.
1740,,120,1035,{14=10;22151=20;gold=150000},96,,Draw card with Diamond 120 times.,Draw card with Diamond 120 times.
1741,,150,1035,{14=10;22151=25;gold=150000},96,,Draw card with Diamond 150 times.,Draw card with Diamond 150 times.
1750,,10,1036,{13=10;22161=2;gold=10000},51,,Draw card with Copper 10 times.,Draw card with Copper 10 times.
1751,,20,1036,{13=10;22161=2;gold=20000},51,,Draw card with Copper 20 times.,Draw card with Copper 20 times.
1752,,2,1036,{13=10;22161=2;gold=20000},96,,Draw card with Diamond 2 times.,Draw card with Diamond 2 times.
1753,,10,1036,{22161=4;gold=30000;12=10},96,,Draw card with Diamond 10 times.,Draw card with Diamond 10 times.
1754,,20,1036,{22161=4;gold=40000;12=10},96,,Draw card with Diamond 20 times.,Draw card with Diamond 20 times.
1755,,30,1036,{22161=6;12=10;gold=50000;519=5},96,,Draw card with Diamond 30 times.,Draw card with Diamond 30 times.
1756,,40,1036,{13=10;22161=6;gold=60000},96,,Draw card with Diamond 40 times.,Draw card with Diamond 40 times.
1757,,60,1036,{13=10;22161=8;gold=80000},96,,Draw card with Diamond 60 times.,Draw card with Diamond 60 times.
1758,,80,1036,{13=10;22161=10;gold=100000},96,,Draw card with Diamond 80 times.,Draw card with Diamond 80 times.
1759,,100,1036,{13=10;22161=15;519=10;gold=120000},96,,Draw card with Diamond 100 times.,Draw card with Diamond 100 times.
1760,,120,1036,{14=10;22161=20;gold=150000},96,,Draw card with Diamond 120 times.,Draw card with Diamond 120 times.
1761,,150,1036,{14=10;22161=25;gold=150000},96,,Draw card with Diamond 150 times.,Draw card with Diamond 150 times.
1770,,10,1037,{13=10;gold=10000;22171=2},51,,Draw card with Copper 10 times.,Draw card with Copper 10 times.
1771,,20,1037,{13=10;gold=20000;22171=2},51,,Draw card with Copper 20 times.,Draw card with Copper 20 times.
1772,,2,1037,{13=10;gold=20000;22171=2},96,,Draw card with Diamond 2 times.,Draw card with Diamond 2 times.
1773,,10,1037,{22171=4;gold=30000;12=10},96,,Draw card with Diamond 10 times.,Draw card with Diamond 10 times.
1774,,20,1037,{22171=4;gold=40000;12=10},96,,Draw card with Diamond 20 times.,Draw card with Diamond 20 times.
1775,,30,1037,{22171=6;12=10;gold=50000;519=5},96,,Draw card with Diamond 30 times.,Draw card with Diamond 30 times.
1776,,40,1037,{13=10;gold=60000;22171=6},96,,Draw card with Diamond 40 times.,Draw card with Diamond 40 times.
1777,,60,1037,{13=10;gold=80000;22171=8},96,,Draw card with Diamond 60 times.,Draw card with Diamond 60 times.
1778,,80,1037,{13=10;gold=100000;22171=10},96,,Draw card with Diamond 80 times.,Draw card with Diamond 80 times.
1779,,100,1037,{13=10;22171=15;519=10;gold=120000},96,,Draw card with Diamond 100 times.,Draw card with Diamond 100 times.
1780,,120,1037,{14=10;gold=150000;22171=20},96,,Draw card with Diamond 120 times.,Draw card with Diamond 120 times.
1781,,150,1037,{14=10;gold=150000;22171=25},96,,Draw card with Diamond 150 times.,Draw card with Diamond 150 times.
1790,,10,1038,{13=10;20631=2;gold=10000},51,,Draw card with Copper 10 times.,Draw card with Copper 10 times.
1791,,20,1038,{13=10;20631=2;gold=20000},51,,Draw card with Copper 20 times.,Draw card with Copper 20 times.
1792,,2,1038,{13=10;20631=2;gold=20000},96,,Draw card with Diamond 2 times.,Draw card with Diamond 2 times.
1793,,10,1038,{12=10;20631=4;gold=30000},96,,Draw card with Diamond 10 times.,Draw card with Diamond 10 times.
1794,,20,1038,{12=10;20631=4;gold=40000},96,,Draw card with Diamond 20 times.,Draw card with Diamond 20 times.
1795,,30,1038,{12=10;gold=50000;20631=6;519=5},96,,Draw card with Diamond 30 times.,Draw card with Diamond 30 times.
1796,,40,1038,{13=10;20631=6;gold=60000},96,,Draw card with Diamond 40 times.,Draw card with Diamond 40 times.
1797,,60,1038,{13=10;20631=8;gold=80000},96,,Draw card with Diamond 60 times.,Draw card with Diamond 60 times.
1798,,80,1038,{13=10;20631=10;gold=100000},96,,Draw card with Diamond 80 times.,Draw card with Diamond 80 times.
1799,,100,1038,{13=10;gold=120000;519=10;20631=15},96,,Draw card with Diamond 100 times.,Draw card with Diamond 100 times.
1800,,120,1038,{14=10;20631=20;gold=150000},96,,Draw card with Diamond 120 times.,Draw card with Diamond 120 times.
1801,,150,1038,{14=10;20631=25;gold=150000},96,,Draw card with Diamond 150 times.,Draw card with Diamond 150 times.
1810,,10,1039,{13=10;22191=2;gold=10000},51,,Draw card with Copper 10 times.,Draw card with Copper 10 times.
1811,,20,1039,{13=10;22191=2;gold=20000},51,,Draw card with Copper 20 times.,Draw card with Copper 20 times.
1812,,2,1039,{13=10;22191=2;gold=20000},96,,Draw card with Diamond 2 times.,Draw card with Diamond 2 times.
1813,,10,1039,{22191=4;gold=30000;12=10},96,,Draw card with Diamond 10 times.,Draw card with Diamond 10 times.
1814,,20,1039,{22191=4;gold=40000;12=10},96,,Draw card with Diamond 20 times.,Draw card with Diamond 20 times.
1815,,30,1039,{22191=6;12=10;gold=50000;519=5},96,,Draw card with Diamond 30 times.,Draw card with Diamond 30 times.
1816,,40,1039,{13=10;22191=6;gold=60000},96,,Draw card with Diamond 40 times.,Draw card with Diamond 40 times.
1817,,60,1039,{13=10;22191=8;gold=80000},96,,Draw card with Diamond 60 times.,Draw card with Diamond 60 times.
1818,,80,1039,{13=10;22191=10;gold=100000},96,,Draw card with Diamond 80 times.,Draw card with Diamond 80 times.
1819,,100,1039,{13=10;22191=15;519=10;gold=120000},96,,Draw card with Diamond 100 times.,Draw card with Diamond 100 times.
1820,,120,1039,{14=10;22191=20;gold=150000},96,,Draw card with Diamond 120 times.,Draw card with Diamond 120 times.
1821,,150,1039,{14=10;22191=25;gold=150000},96,,Draw card with Diamond 150 times.,Draw card with Diamond 150 times.
1830,,10,1040,{13=10;gold=10000;22201=2},51,,Draw card with Copper 10 times.,Draw card with Copper 10 times.
1831,,20,1040,{13=10;gold=20000;22201=2},51,,Draw card with Copper 20 times.,Draw card with Copper 20 times.
1832,,2,1040,{13=10;gold=20000;22201=2},96,,Draw card with Diamond 2 times.,Draw card with Diamond 2 times.
1833,,10,1040,{gold=30000;22201=4;12=10},96,,Draw card with Diamond 10 times.,Draw card with Diamond 10 times.
1834,,20,1040,{gold=40000;22201=4;12=10},96,,Draw card with Diamond 20 times.,Draw card with Diamond 20 times.
1835,,30,1040,{gold=50000;12=10;22201=6;519=5},96,,Draw card with Diamond 30 times.,Draw card with Diamond 30 times.
1836,,40,1040,{13=10;gold=60000;22201=6},96,,Draw card with Diamond 40 times.,Draw card with Diamond 40 times.
1837,,60,1040,{13=10;gold=80000;22201=8},96,,Draw card with Diamond 60 times.,Draw card with Diamond 60 times.
1838,,80,1040,{13=10;gold=100000;22201=10},96,,Draw card with Diamond 80 times.,Draw card with Diamond 80 times.
1839,,100,1040,{13=10;gold=120000;519=10;22201=15},96,,Draw card with Diamond 100 times.,Draw card with Diamond 100 times.
1840,,120,1040,{14=10;22201=20;gold=150000},96,,Draw card with Diamond 120 times.,Draw card with Diamond 120 times.
1841,,150,1040,{14=10;22201=25;gold=150000},96,,Draw card with Diamond 150 times.,Draw card with Diamond 150 times.
1850,,10,1041,{22211=2;13=10;gold=10000},51,,Draw card with Copper 10 times.,Draw card with Copper 10 times.
1851,,20,1041,{22211=2;13=10;gold=20000},51,,Draw card with Copper 20 times.,Draw card with Copper 20 times.
1852,,2,1041,{22211=2;13=10;gold=20000},96,,Draw card with Diamond 2 times.,Draw card with Diamond 2 times.
1853,,10,1041,{22211=4;gold=30000;12=10},96,,Draw card with Diamond 10 times.,Draw card with Diamond 10 times.
1854,,20,1041,{22211=4;gold=40000;12=10},96,,Draw card with Diamond 20 times.,Draw card with Diamond 20 times.
1855,,30,1041,{12=10;22211=6;519=5;gold=50000},96,,Draw card with Diamond 30 times.,Draw card with Diamond 30 times.
1856,,40,1041,{22211=6;13=10;gold=60000},96,,Draw card with Diamond 40 times.,Draw card with Diamond 40 times.
1857,,60,1041,{22211=8;13=10;gold=80000},96,,Draw card with Diamond 60 times.,Draw card with Diamond 60 times.
1858,,80,1041,{22211=10;13=10;gold=100000},96,,Draw card with Diamond 80 times.,Draw card with Diamond 80 times.
1859,,100,1041,{13=10;519=10;22211=15;gold=120000},96,,Draw card with Diamond 100 times.,Draw card with Diamond 100 times.
1860,,120,1041,{22211=20;14=10;gold=150000},96,,Draw card with Diamond 120 times.,Draw card with Diamond 120 times.
1861,,150,1041,{22211=25;14=10;gold=150000},96,,Draw card with Diamond 150 times.,Draw card with Diamond 150 times.
2001,,300,2001,{gold=100000;901=10;501=2;2102=10},22,,Spend 300 Diamond.,Spend 300 Diamond.
2002,,750,2001,{502=5;gold=100000;901=15;2102=10},22,,Spend 750 Diamond.,Spend 750 Diamond.
2003,,1500,2001,{talent_point=5;gold=200000;901=20;2102=20},22,,Spend 1500 Diamond.,Spend 1500 Diamond.
2004,,3000,2001,{502=10;gold=300000;902=10;2103=10},22,,Spend 3000 Diamond.,Spend 3000 Diamond.
2005,,7500,2001,{4000=300;gold=500000;902=15;2103=10},22,,Spend 7500 Diamond.,Spend 7500 Diamond.
2006,,15000,2001,{gold=500000;521=10;902=20;2103=20},22,,Spend 15000 Diamond.,Spend 15000 Diamond.
2011,,300,2002,{gold=100000;901=10;501=2;2102=10},22,,Recharge 300 Diamond.,Recharge 300 Diamond.
2012,,600,2002,{502=8;gold=100000;901=15;2102=10},22,,Recharge 600 Diamond.,Recharge 600 Diamond.
2013,,980,2002,{talent_point=5;gold=200000;901=20;2102=20},22,,Recharge 980 Diamond.,Recharge 980 Diamond.
2014,,1980,2002,{502=15;gold=300000;902=10;2103=10},22,,Recharge 1980 Diamond.,Recharge 1980 Diamond.
2015,,3280,2002,{4000=300;gold=500000;902=15;2103=10},22,,Recharge 3280 Diamond.,Recharge 3280 Diamond.
2016,,6480,2002,{gold=500000;521=15;902=20;2103=20},22,,Recharge 6480 Diamond.,Recharge 6480 Diamond.
2501,,35,2051,{502=1;5000=10;gold=20000;21111=1},1,,Reach Lv. 35,Reach Lv. 35
2502,,2,2051,{502=1;5000=10;gold=20000;21111=1},32,,Fight in the daily journey 2 times.,Fight in the daily journey 2 times.
2503,,1000000,2051,{502=1;5000=10;gold=20000;21111=1},20,,"Spend 1,000,000 VND.","Spend 1,000,000 VND."
2504,,5,2051,{502=1;5000=10;gold=20000;21111=1},26,,Buy 5 times of stamina.,Buy 5 times of stamina.
2505,,50,2051,{502=1;5000=10;gold=20000;21111=1},34,,Upgrade skills 50 times.,Upgrade skills 50 times.
2506,,8,2051,{502=1;5000=10;gold=20000;21111=1},41,,Fight in the Arena 8 times.,Fight in the Arena 8 times.
2507,,5,2051,{502=1;5000=10;gold=20000;21111=1},64,,Pass 5 floors in the Anbu special training.,Pass 5 floors in the Anbu special training.
2508,,5,2051,{502=1;5000=10;gold=20000;21111=1},18,,Participate in the Treasure Gathering 5 times.,Participate in the Treasure Gathering 5 times.
2509,,,2051,{502=1;5000=10;gold=20000;21111=1},86,{2=4},Complete 2 or more S-quality deployment missions.,Complete 2 or more S-quality deployment missions.
2510,,1,2051,{502=1;5000=10;gold=20000;21111=1},58,,Participate in 1 red box robbery.,Participate in 1 red box robbery.
2511,,600,2051,{502=1;5000=10;gold=20000;21111=1},21,,Spend 600 gold.,Spend 600 gold.
2512,,600,2051,{23001=2;5000=20;gold=200000},22,,Recharge 600 gold.,Recharge 600 gold.
2521,,35,2052,{502=1;gold=20000;5000=10;21091=1},1,,Reach Lv. 35,Reach Lv. 35
2522,,2,2052,{502=1;gold=20000;5000=10;21091=1},32,,Fight in the daily journey 2 times.,Fight in the daily journey 2 times.
2523,,1000000,2052,{502=1;gold=20000;5000=10;21091=1},20,,"Spend 1,000,000 VND.","Spend 1,000,000 VND."
2524,,5,2052,{502=1;gold=20000;5000=10;21091=1},26,,Buy 5 times of stamina.,Buy 5 times of stamina.
2525,,50,2052,{502=1;gold=20000;5000=10;21091=1},34,,Upgrade skills 50 times.,Upgrade skills 50 times.
2526,,8,2052,{502=1;gold=20000;5000=10;21091=1},41,,Fight in the Arena 8 times.,Fight in the Arena 8 times.
2527,,5,2052,{502=1;gold=20000;5000=10;21091=1},64,,Clear 5 floors in Anbu special training.,Clear 5 floors in Anbu special training.
2528,,5,2052,{502=1;gold=20000;5000=10;21091=1},18,,Participate in 5 times of Treasure Gathering.,Participate in 5 times of Treasure Gathering.
2529,,,2052,{502=1;gold=20000;5000=10;21091=1},86,{2=4},Complete 2 or more S-quality deployment missions.,Complete 2 or more S-quality deployment missions.
2530,,1,2052,{502=1;gold=20000;5000=10;21091=1},58,,Participate in 1 red box robbery.,Participate in 1 red box robbery.
2531,,600,2052,{502=1;gold=20000;5000=10;21091=1},21,,Spend 600 gold.,Spend 600 gold.
2532,,600,2052,{23001=2;5000=20;gold=200000},22,,Recharge 600 gold.,Recharge 600 gold.
2541,,35,2053,{502=1;5000=10;21021=1;gold=20000},1,,Reach Lv. 35,Reach Lv. 35
2542,,2,2053,{502=1;5000=10;21021=1;gold=20000},32,,Fight in the daily journey 2 times.,Fight in the daily journey 2 times.
2543,,1000000,2053,{502=1;5000=10;21021=1;gold=20000},20,,"Spend 1,000,000 VND.","Spend 1,000,000 VND."
2544,,5,2053,{502=1;5000=10;21021=1;gold=20000},26,,Buy 5 times of stamina.,Buy 5 times of stamina.
2545,,50,2053,{502=1;5000=10;21021=1;gold=20000},34,,Upgrade skills 50 times.,Upgrade skills 50 times.
2546,,8,2053,{502=1;5000=10;21021=1;gold=20000},41,,Fight in the Arena 8 times.,Fight in the Arena 8 times.
2547,,5,2053,{502=1;5000=10;21021=1;gold=20000},64,,Clear 5 floors in Anbu special training.,Clear 5 floors in Anbu special training.
2548,,5,2053,{502=1;5000=10;21021=1;gold=20000},18,,Participate in 5 times of Gathering Treasures.,Participate in 5 times of Gathering Treasures.
2549,,,2053,{502=1;5000=10;21021=1;gold=20000},86,{2=4},Complete 2 deployment missions of S quality or higher.,Complete 2 deployment missions of S quality or higher.
2550,,1,2053,{502=1;5000=10;21021=1;gold=20000},58,,Participate in 1 red box robbery.,Participate in 1 red box robbery.
2551,,600,2053,{502=1;5000=10;21021=1;gold=20000},21,,Spend 600 Diamond.,Spend 600 Diamond.
2552,,600,2053,{23001=2;5000=20;gold=200000},22,,Recharge 600 Diamond.,Recharge 600 Diamond.
2561,,35,2054,{502=1;gold=20000;21051=1;5000=10},1,,Reach Lv. 35,Reach Lv. 35
2562,,2,2054,{502=1;gold=20000;21051=1;5000=10},32,,Fight in the daily journey 2 times.,Fight in the daily journey 2 times.
2563,,1000000,2054,{502=1;gold=20000;21051=1;5000=10},20,,"Spend 1,000,000 VND.","Spend 1,000,000 VND."
2564,,5,2054,{502=1;gold=20000;21051=1;5000=10},26,,Buy 5 times of stamina.,Buy 5 times of stamina.
2565,,50,2054,{502=1;gold=20000;21051=1;5000=10},34,,Upgrade skills 50 times.,Upgrade skills 50 times.
2566,,8,2054,{502=1;gold=20000;21051=1;5000=10},41,,Fight in the Arena 8 times.,Fight in the Arena 8 times.
2567,,5,2054,{502=1;gold=20000;21051=1;5000=10},64,,Clear 5 floors in Anbu special training.,Clear 5 floors in Anbu special training.
2568,,5,2054,{502=1;gold=20000;21051=1;5000=10},18,,Participate in 5 times of Gathering Treasures.,Participate in 5 times of Gathering Treasures.
2569,,,2054,{502=1;gold=20000;21051=1;5000=10},86,{2=4},Complete 2 deployment missions of S quality or higher.,Complete 2 deployment missions of S quality or higher.
2570,,1,2054,{502=1;gold=20000;21051=1;5000=10},58,,Participate in the Red Box Robbery 1 time.,Participate in the Red Box Robbery 1 time.
2571,,600,2054,{502=1;gold=20000;21051=1;5000=10},21,,Spend 600 Diamond.,Spend 600 Diamond.
2572,,600,2054,{23001=2;5000=20;gold=200000},22,,Recharge 600 Diamond.,Recharge 600 Diamond.
2580,,35,2055,{502=1;5000=10;21001=1;gold=20000},1,,Reach Lv. 35,Reach Lv. 35
2581,,2,2055,{502=1;5000=10;21001=1;gold=20000},32,,Fight in the daily journey 2 times.,Fight in the daily journey 2 times.
2582,,1000000,2055,{502=1;5000=10;21001=1;gold=20000},20,,"Spend 1,000,000 VND.","Spend 1,000,000 VND."
2583,,5,2055,{502=1;5000=10;21001=1;gold=20000},26,,Buy 5 times of stamina.,Buy 5 times of stamina.
2584,,50,2055,{502=1;5000=10;21001=1;gold=20000},34,,Upgrade skills 50 times.,Upgrade skills 50 times.
2585,,8,2055,{502=1;5000=10;21001=1;gold=20000},41,,Fight in the Arena 8 times.,Fight in the Arena 8 times.
2586,,5,2055,{502=1;5000=10;21001=1;gold=20000},64,,Clear 5 floors in the Anbu special training.,Clear 5 floors in the Anbu special training.
2587,,5,2055,{502=1;5000=10;21001=1;gold=20000},18,,Participate in the Treasure Gathering 5 times.,Participate in the Treasure Gathering 5 times.
2588,,,2055,{502=1;5000=10;21001=1;gold=20000},86,{2=4},Complete 2 deployment missions of quality S or higher.,Complete 2 deployment missions of quality S or higher.
2589,,1,2055,{502=1;5000=10;21001=1;gold=20000},58,,Participate in the Red Box Robbery 1 time.,Participate in the Red Box Robbery 1 time.
2590,,600,2055,{502=1;5000=10;21001=1;gold=20000},21,,Spend 600 Diamond.,Spend 600 Diamond.
2591,,600,2055,{23001=2;5000=20;gold=200000},22,,Recharge 600 Diamond.,Recharge 600 Diamond.
2600,,35,2056,{502=1;5000=10;gold=20000;21071=1},1,,Reach Lv. 35,Reach Lv. 35
2601,,2,2056,{502=1;5000=10;gold=20000;21071=1},32,,Fight in the daily journey 2 times.,Fight in the daily journey 2 times.
2602,,1000000,2056,{502=1;5000=10;gold=20000;21071=1},20,,"Spend 1,000,000 VND.","Spend 1,000,000 VND."
2603,,5,2056,{502=1;5000=10;gold=20000;21071=1},26,,Buy 5 times of stamina.,Buy 5 times of stamina.
2604,,50,2056,{502=1;5000=10;gold=20000;21071=1},34,,Upgrade skills 50 times.,Upgrade skills 50 times.
2605,,8,2056,{502=1;5000=10;gold=20000;21071=1},41,,Fight in the Arena 8 times.,Fight in the Arena 8 times.
2606,,5,2056,{502=1;5000=10;gold=20000;21071=1},64,,Pass 5 levels of Anbu special training.,Pass 5 levels of Anbu special training.
2607,,5,2056,{502=1;5000=10;gold=20000;21071=1},18,,Participate in 5 times of Treasure Gathering.,Participate in 5 times of Treasure Gathering.
2608,,,2056,{502=1;5000=10;gold=20000;21071=1},86,{2=4},Complete 2 deployment missions of S quality or higher.,Complete 2 deployment missions of S quality or higher.
2609,,1,2056,{502=1;5000=10;gold=20000;21071=1},58,,Participate in 1 red box robbery.,Participate in 1 red box robbery.
2610,,600,2056,{502=1;5000=10;gold=20000;21071=1},21,,Spend 600 gold Diamond.,Spend 600 gold Diamond.
2611,,600,2056,{23001=2;5000=20;gold=200000},22,,Recharge 600 gold Diamond.,Recharge 600 gold Diamond.
2620,,35,2057,{502=1;gold=20000;21041=1;5000=10},1,,Reach Lv. 35,Reach Lv. 35
2621,,2,2057,{502=1;gold=20000;21041=1;5000=10},32,,Fight in the daily journey 2 times.,Fight in the daily journey 2 times.
2622,,1000000,2057,{502=1;gold=20000;21041=1;5000=10},20,,"Spend 1,000,000 VND.","Spend 1,000,000 VND."
2623,,5,2057,{502=1;gold=20000;21041=1;5000=10},26,,Buy 5 times of stamina.,Buy 5 times of stamina.
2624,,50,2057,{502=1;gold=20000;21041=1;5000=10},34,,Upgrade skills 50 times.,Upgrade skills 50 times.
2625,,8,2057,{502=1;gold=20000;21041=1;5000=10},41,,Fight in the Arena 8 times.,Fight in the Arena 8 times.
2626,,5,2057,{502=1;gold=20000;21041=1;5000=10},64,,Clear 5 floors in Anbu special training.,Clear 5 floors in Anbu special training.
2627,,5,2057,{502=1;gold=20000;21041=1;5000=10},18,,Participate in 5 times of Gathering Treasures.,Participate in 5 times of Gathering Treasures.
2628,,,2057,{502=1;gold=20000;21041=1;5000=10},86,{2=4},Complete 2 deployment missions of S quality or higher.,Complete 2 deployment missions of S quality or higher.
2629,,1,2057,{502=1;gold=20000;21041=1;5000=10},58,,Participate in 1 red box robbery.,Participate in 1 red box robbery.
2630,,600,2057,{502=1;gold=20000;21041=1;5000=10},21,,Spend 600 Diamond.,Spend 600 Diamond.
2631,,600,2057,{23001=2;5000=20;gold=200000},22,,Recharge 600 Diamond.,Recharge 600 Diamond.
2640,,35,2058,{502=1;gold=20000;5000=10;21061=1},1,,Reach Lv. 35,Reach Lv. 35
2641,,2,2058,{502=1;gold=20000;5000=10;21061=1},32,,Fight in the daily journey 2 times.,Fight in the daily journey 2 times.
2642,,1000000,2058,{502=1;gold=20000;5000=10;21061=1},20,,"Spend 1,000,000 VND.","Spend 1,000,000 VND."
2643,,5,2058,{502=1;gold=20000;5000=10;21061=1},26,,Buy 5 times of stamina.,Buy 5 times of stamina.
2644,,50,2058,{502=1;gold=20000;5000=10;21061=1},34,,Upgrade skills 50 times.,Upgrade skills 50 times.
2645,,8,2058,{502=1;gold=20000;5000=10;21061=1},41,,Fight in the Arena 8 times.,Fight in the Arena 8 times.
2646,,5,2058,{502=1;gold=20000;5000=10;21061=1},64,,Clear 5 floors in Anbu special training.,Clear 5 floors in Anbu special training.
2647,,5,2058,{502=1;gold=20000;5000=10;21061=1},18,,Participate in 5 times of Gathering Treasures.,Participate in 5 times of Gathering Treasures.
2648,,,2058,{502=1;gold=20000;5000=10;21061=1},86,{2=4},Complete 2 deployment missions of S quality or higher.,Complete 2 deployment missions of S quality or higher.
2649,,1,2058,{502=1;gold=20000;5000=10;21061=1},58,,Participate in the Red Box Robbery 1 time.,Participate in the Red Box Robbery 1 time.
2650,,600,2058,{502=1;gold=20000;5000=10;21061=1},21,,Spend 600 Diamond.,Spend 600 Diamond.
2651,,600,2058,{23001=2;5000=20;gold=200000},22,,Recharge 600 Diamond.,Recharge 600 Diamond.
2660,,35,2059,{502=1;5000=10;gold=20000;20333=1},1,,Reach Lv. 35,Reach Lv. 35
2661,,2,2059,{502=1;5000=10;gold=20000;20333=1},32,,Fight in the daily journey 2 times.,Fight in the daily journey 2 times.
2662,,1000000,2059,{502=1;5000=10;gold=20000;20333=1},20,,"Spend 1,000,000 VND.","Spend 1,000,000 VND."
2663,,5,2059,{502=1;5000=10;gold=20000;20333=1},26,,Buy 5 times of stamina.,Buy 5 times of stamina.
2664,,50,2059,{502=1;5000=10;gold=20000;20333=1},34,,Upgrade skills 50 times.,Upgrade skills 50 times.
2665,,8,2059,{502=1;5000=10;gold=20000;20333=1},41,,Fight in the Arena 8 times.,Fight in the Arena 8 times.
2666,,5,2059,{502=1;5000=10;gold=20000;20333=1},64,,Clear 5 floors in the Anbu special training.,Clear 5 floors in the Anbu special training.
2667,,5,2059,{502=1;5000=10;gold=20000;20333=1},18,,Participate in the Treasure Gathering 5 times.,Participate in the Treasure Gathering 5 times.
2668,,,2059,{502=1;5000=10;gold=20000;20333=1},86,{2=4},Complete 2 deployment missions of quality S or higher.,Complete 2 deployment missions of quality S or higher.
2669,,1,2059,{502=1;5000=10;gold=20000;20333=1},58,,Participate in the Red Box Robbery 1 time.,Participate in the Red Box Robbery 1 time.
2670,,600,2059,{502=1;5000=10;gold=20000;20333=1},21,,Spend 600 Diamond.,Spend 600 Diamond.
2671,,600,2059,{23001=2;5000=20;gold=200000},22,,Recharge 600 Diamond.,Recharge 600 Diamond.
2680,,35,2060,{502=1;21121=1;gold=20000;5000=10},1,,Reach Lv. 35,Reach Lv. 35
2681,,2,2060,{502=1;21121=1;gold=20000;5000=10},32,,Fight in the daily journey 2 times.,Fight in the daily journey 2 times.
2682,,1000000,2060,{502=1;21121=1;gold=20000;5000=10},20,,"Spend 1,000,000 VND.","Spend 1,000,000 VND."
2683,,5,2060,{502=1;21121=1;gold=20000;5000=10},26,,Buy 5 times of stamina.,Buy 5 times of stamina.
2684,,50,2060,{502=1;21121=1;gold=20000;5000=10},34,,Upgrade skills 50 times.,Upgrade skills 50 times.
2685,,8,2060,{502=1;21121=1;gold=20000;5000=10},41,,Fight in the Arena 8 times.,Fight in the Arena 8 times.
2686,,5,2060,{502=1;21121=1;gold=20000;5000=10},64,,Pass 5 levels of Anbu special training.,Pass 5 levels of Anbu special training.
2687,,5,2060,{502=1;21121=1;gold=20000;5000=10},18,,Participate in 5 times of Treasure Gathering.,Participate in 5 times of Treasure Gathering.
2688,,,2060,{502=1;21121=1;gold=20000;5000=10},86,{2=4},Complete 2 deployment missions of S quality or higher.,Complete 2 deployment missions of S quality or higher.
2689,,1,2060,{502=1;21121=1;gold=20000;5000=10},58,,Participate in looting red boxes once.,Participate in looting red boxes once.
2690,,600,2060,{502=1;21121=1;gold=20000;5000=10},21,,Spend 600 Diamond.,Spend 600 Diamond.
2691,,600,2060,{23001=2;5000=20;gold=200000},22,,Recharge 600 Diamond.,Recharge 600 Diamond.
3001,,30,3001,{930=10;13=10;gold=40000},29,,Challenge normal 30 times.,Challenge normal 30 times.
3002,,60,3001,{930=10;13=10;5000=10;gold=50000},29,,Challenge normal 60 times.,Challenge normal 60 times.
3003,,90,3001,{930=12;5000=10;14=10;gold=60000},29,,Challenge normal 90 times.,Challenge normal 90 times.
3004,,120,3001,{930=15;5000=10;14=10;gold=70000},29,,Challenge normal 120 times.,Challenge normal 120 times.
3005,,150,3001,{930=15;5000=10;14=10;gold=80000},29,,Challenge normal 150 times.,Challenge normal 150 times.
3006,,180,3001,{930=20;5000=10;14=10;gold=100000},29,,Challenge normal 180 times.,Challenge normal 180 times.
3007,,240,3001,{930=20;5000=15;14=15;gold=150000},29,,Challenge normal 240 times.,Challenge normal 240 times.
3011,,6,3002,{13=5;100=2;gold=20000},30,,Challenge difficult 6 times.,Challenge difficult 6 times.
3012,,10,3002,{13=5;100=2;gold=30000},30,,Challenge difficult 10 times.,Challenge difficult 10 times.
3013,,15,3002,{13=5;100=3;gold=40000},30,,Challenge difficult 15 times.,Challenge difficult 15 times.
3014,,20,3002,{13=5;100=3;gold=50000},30,,Challenge difficult 20 times.,Challenge difficult 20 times.
3015,,30,3002,{13=5;100=5;gold=60000},30,,Challenge difficult 30 times.,Challenge difficult 30 times.
3016,,40,3002,{14=12;950=10;gold=80000},30,,Challenge difficult 40 times.,Challenge difficult 40 times.
3017,,50,3002,{14=12;950=10;gold=80000},30,,Challenge difficult 50 times.,Challenge difficult 50 times.
3021,,3000,3003,{coin2=100;4000=10},62,,Anbu Special Training Points 3000.,Anbu Special Training Points 3000.
3022,,6000,3003,{coin2=100;4000=10},62,,Anbu Special Training Points 6000.,Anbu Special Training Points 6000.
3023,,10000,3003,{coin2=100;4000=10},62,,Anbu Special Training Points 10000.,Anbu Special Training Points 10000.
3024,,12000,3003,{coin2=100;4000=10},62,,Anbu Special Training Points 12000.,Anbu Special Training Points 12000.
3025,,14000,3003,{coin2=200;4000=10},62,,Anbu Special Training Points 14000.,Anbu Special Training Points 14000.
3026,,16000,3003,{coin2=200;4000=10},62,,Anbu Special Training Points 16000.,Anbu Special Training Points 16000.
3027,,18000,3003,{coin2=200;4000=10},62,,Anbu Special Training Points 18000.,Anbu Special Training Points 18000.
3028,,20000,3003,{coin2=300;4000=10},62,,Anbu Special Training Points 20000.,Anbu Special Training Points 20000.
3031,,1,3004,{13=2;gold=50000},18,,Gather Treasure 1 time.,Gather Treasure 1 time.
3032,,3,3004,{13=4;gold=80000},18,,Gather Treasure 3 times.,Gather Treasure 3 times.
3033,,5,3004,{13=6;gold=100000},18,,Gather Treasure 5 times.,Gather Treasure 5 times.
3034,,8,3004,{13=8;gold=120000},18,,Gather Treasure 8 times.,Gather Treasure 8 times.
3035,,12,3004,{13=10;gold=150000},18,,Gather Treasure 12 times.,Gather Treasure 12 times.
3036,,16,3004,{13=15;gold=200000},18,,Gather Treasure 16 times.,Gather Treasure 16 times.
3037,,20,3004,{13=20;gold=300000},18,,Gather Treasure 20 times.,Gather Treasure 20 times.
3041,,300000,3005,{850=20;13=10;gold=45000},20,,"Spend 300,000 VND.","Spend 300,000 VND."
3042,,600000,3005,{850=20;13=10;gold=90000},20,,"Spend 600,000 VND.","Spend 600,000 VND."
3043,,1000000,3005,{850=40;13=10;gold=120000},20,,"Spend 1,000,000 VND.","Spend 1,000,000 VND."
3044,,2000000,3005,{850=40;13=20;gold=180000},20,,"Spend 2,000,000 VND.","Spend 2,000,000 VND."
3045,,4000000,3005,{13=20;503=1;gold=250000},20,,"Spend 4,000,000 VND.","Spend 4,000,000 VND."
3046,,6000000,3005,{850=60;13=30;gold=400000},20,,"Spend 6,000,000 VND.","Spend 6,000,000 VND."
3047,,8000000,3005,{850=60;13=30;gold=640000},20,,"Spend 8,000,000 VND.","Spend 8,000,000 VND."
3048,,10000000,3005,{850=60;13=50;gold=800000},20,,"Spend 10,000,000 VND.","Spend 10,000,000 VND."
3049,,12000000,3005,{13=50;501=1;gold=960000},20,,"Spend 12,000,000 VND.","Spend 12,000,000 VND."
3051,,1,3006,{930=5;13=10;516=1;gold=30000},26,,Buy stamina 1 time.,Buy stamina 1 time.
3052,,3,3006,{930=10;13=20;516=3;gold=50000},26,,Buy stamina 3 times.,Buy stamina 3 times.
3053,,5,3006,{930=10;13=30;516=5;gold=80000},26,,Buy stamina 5 times.,Buy stamina 5 times.
3054,,7,3006,{930=20;516=6;gold=120000;14=15},26,,Buy stamina 7 times.,Buy stamina 7 times.
3055,,9,3006,{930=25;516=7;gold=150000;14=25},26,,Buy stamina 9 times.,Buy stamina 9 times.
3056,,12,3006,{930=30;516=8;gold=200000;14=35},26,,Buy stamina 12 times.,Buy stamina 12 times.
3061,,4,3007,{coin1=100;gold=20000},43,,Arena Points 4.,Arena Points 4.
3062,,6,3007,{coin1=100;gold=20000},43,,Arena Points 6.,Arena Points 6.
3063,,8,3007,{coin1=100;gold=20000},43,,Arena Points 8.,Arena Points 8.
3064,,10,3007,{502=1;coin1=200},43,,Arena Points 10.,Arena Points 10.
3065,,12,3007,{coin1=200;gold=30000},43,,Arena Points 12.,Arena Points 12.
3066,,16,3007,{coin1=200;gold=30000},43,,Arena Points 16.,Arena Points 16.
3067,,20,3007,{502=2;coin1=300},43,,Arena Points 20.,Arena Points 20.
3071,,1,3008,{rmb=10;2103=1;gold=50000},66,,Complete the illusion challenge once.,Complete the illusion challenge once.
3072,,2,3008,{rmb=30;2103=2;gold=80000},66,,Complete the illusion challenge twice.,Complete the illusion challenge twice.
3073,,3,3008,{502=3;2103=3;gold=100000},66,,Complete the illusion challenge three times.,Complete the illusion challenge three times.
3501,,1,3051,{22011=5;12=15;gold=20000},17,,1-day cumulative login,1-day cumulative login
3502,,2,3051,{12=15;2103=5;gold=20000},17,,2-day cumulative login,2-day cumulative login
3503,,3,3051,{22011=8;12=20;gold=30000},17,,3-day cumulative login,3-day cumulative login
3504,,4,3051,{gold=30000;rmb=168;12=20},17,,4-day cumulative login,4-day cumulative login
3505,,5,3051,{501=1;gold=50000;12=30},17,,5-day cumulative login,5-day cumulative login
3511,,1,3052,{22021=5;gold=20000;12=15},17,,1-day cumulative login,1-day cumulative login
3512,,2,3052,{520=1;gold=20000;12=15},17,,2-day cumulative login,2-day cumulative login
3513,,3,3052,{22021=8;gold=30000;12=20},17,,3-day cumulative login,3-day cumulative login
3514,,4,3052,{gold=30000;rmb=168;12=20},17,,4-day cumulative login,4-day cumulative login
3515,,5,3052,{520=2;gold=50000;12=30},17,,5-day cumulative login,5-day cumulative login
3521,,1,3053,{22031=5;12=15;gold=20000},17,,1-day cumulative login,1-day cumulative login
3522,,2,3053,{502=1;gold=20000;12=15},17,,2-day cumulative login,2-day cumulative login
3523,,3,3053,{22031=8;12=20;gold=30000},17,,3-day cumulative login,3-day cumulative login
3524,,4,3053,{gold=30000;rmb=168;12=20},17,,4-day cumulative login,4-day cumulative login
3525,,5,3053,{502=3;gold=50000;12=30},17,,5-day cumulative login,5-day cumulative login
3531,,1,3054,{22041=5;gold=20000;12=15},17,,1-day cumulative login,1-day cumulative login
3532,,2,3054,{12=15;2103=5;gold=20000},17,,2-day cumulative login,2-day cumulative login
3533,,3,3054,{22041=8;gold=30000;12=20},17,,3-day cumulative login,3-day cumulative login
3534,,4,3054,{gold=30000;rmb=168;12=20},17,,4-day cumulative login,4-day cumulative login
3535,,5,3054,{501=1;gold=50000;12=30},17,,5-day cumulative login,5-day cumulative login
3541,,1,3055,{22051=5;gold=20000;12=15},17,,1-day cumulative login,1-day cumulative login
3542,,2,3055,{502=1;gold=20000;12=15},17,,2-day cumulative login,2-day cumulative login
3543,,3,3055,{22051=8;gold=30000;12=20},17,,3-day cumulative login,3-day cumulative login
3544,,4,3055,{gold=30000;rmb=168;12=20},17,,4-day cumulative login,4-day cumulative login
3545,,5,3055,{502=3;gold=50000;12=30},17,,5-day cumulative login,5-day cumulative login
3551,,1,3056,{22061=5;gold=20000;12=15},17,,1-day cumulative login,1-day cumulative login
3552,,2,3056,{520=1;gold=20000;12=15},17,,2-day cumulative login,2-day cumulative login
3553,,3,3056,{22061=8;gold=30000;12=20},17,,3-day cumulative login,3-day cumulative login
3554,,4,3056,{gold=30000;rmb=168;12=20},17,,4-day cumulative login,4-day cumulative login
3555,,5,3056,{520=2;gold=50000;12=30},17,,5-day cumulative login,5-day cumulative login
3561,,1,3057,{22071=5;gold=20000;12=15},17,,1-day cumulative login,1-day cumulative login
3562,,2,3057,{12=15;2103=5;gold=20000},17,,2-day cumulative login,2-day cumulative login
3563,,3,3057,{22071=8;gold=30000;12=20},17,,3-day cumulative login,3-day cumulative login
3564,,4,3057,{gold=30000;rmb=168;12=20},17,,4-day cumulative login,4-day cumulative login
3565,,5,3057,{501=1;gold=50000;12=30},17,,5-day cumulative login,5-day cumulative login
3571,,1,3058,{12=15;22081=5;gold=20000},17,,1-day cumulative login,1-day cumulative login
3572,,2,3058,{502=1;gold=20000;12=15},17,,2-day cumulative login,2-day cumulative login
3573,,3,3058,{12=20;22081=8;gold=30000},17,,3-day cumulative login,3-day cumulative login
3574,,4,3058,{gold=30000;rmb=168;12=20},17,,4-day cumulative login,4-day cumulative login
3575,,5,3058,{502=3;gold=50000;12=30},17,,5-day cumulative login 1 day cumulative login,5-day cumulative login 1 day cumulative login
3581,,1,3059,{12=15;20641=5;gold=20000},17,,2 days cumulative login,2 days cumulative login
3582,,2,3059,{520=1;gold=20000;12=15},17,,3 days cumulative login,3 days cumulative login
3583,,3,3059,{12=20;20641=8;gold=30000},17,,4 days cumulative login,4 days cumulative login
3584,,4,3059,{gold=30000;rmb=168;12=20},17,,5 days cumulative login,5 days cumulative login
3585,,5,3059,{520=2;gold=50000;12=30},17,,1 day cumulative login,1 day cumulative login
3591,,1,3060,{12=15;22101=5;gold=20000},17,,2 days cumulative login,2 days cumulative login
3592,,2,3060,{12=15;2103=5;gold=20000},17,,3 days cumulative login,3 days cumulative login
3593,,3,3060,{12=20;22101=8;gold=30000},17,,4 days cumulative login,4 days cumulative login
3594,,4,3060,{gold=30000;rmb=168;12=20},17,,5 days cumulative login,5 days cumulative login
3595,,5,3060,{501=1;gold=50000;12=30},17,,1 day cumulative login,1 day cumulative login
3601,,1,3061,{12=15;22121=5;gold=20000},17,,2 days cumulative login,2 days cumulative login
3602,,2,3061,{502=1;gold=20000;12=15},17,,3 days cumulative login,3 days cumulative login
3603,,3,3061,{12=20;22121=8;gold=30000},17,,4 days cumulative login,4 days cumulative login
3604,,4,3061,{gold=30000;rmb=168;12=20},17,,5 days cumulative login,5 days cumulative login
3605,,5,3061,{502=3;gold=50000;12=30},17,,1 day cumulative login,1 day cumulative login
3611,,1,3062,{gold=20000;22141=5;12=15},17,,2 days cumulative login,2 days cumulative login
3612,,2,3062,{520=1;gold=20000;12=15},17,,3 days cumulative login,3 days cumulative login
3613,,3,3062,{gold=30000;22141=8;12=20},17,,4 days cumulative login,4 days cumulative login
3614,,4,3062,{gold=30000;rmb=168;12=20},17,,5 days cumulative login,5 days cumulative login
3615,,5,3062,{520=2;gold=50000;12=30},17,,1 day cumulative login,1 day cumulative login
3621,,1,3063,{gold=20000;22151=5;12=15},17,,2 days cumulative login,2 days cumulative login
3622,,2,3063,{12=15;2103=5;gold=20000},17,,3 days cumulative login,3 days cumulative login
3623,,3,3063,{gold=30000;22151=8;12=20},17,,4 days cumulative login,4 days cumulative login
3624,,4,3063,{gold=30000;rmb=168;12=20},17,,5 days cumulative login,5 days cumulative login
3625,,5,3063,{501=1;gold=50000;12=30},17,,1 day cumulative login,1 day cumulative login
3630,,1,3064,{22161=5;gold=20000;12=15},17,,2 days cumulative login,2 days cumulative login
3631,,2,3064,{502=1;gold=20000;12=15},17,,3 days cumulative login,3 days cumulative login
3632,,3,3064,{22161=8;gold=30000;12=20},17,,4 days cumulative login,4 days cumulative login
3633,,4,3064,{gold=30000;rmb=168;12=20},17,,5 days cumulative login,5 days cumulative login
3634,,5,3064,{502=3;gold=50000;12=30},17,,1 day cumulative login,1 day cumulative login
3640,,1,3065,{22171=5;gold=20000;12=15},17,,2 days cumulative login,2 days cumulative login
3641,,2,3065,{502=1;gold=20000;12=15},17,,3 days cumulative login,3 days cumulative login
3642,,3,3065,{22171=8;gold=30000;12=20},17,,4 days cumulative login,4 days cumulative login
3643,,4,3065,{gold=30000;rmb=168;12=20},17,,5 days cumulative login,5 days cumulative login
3644,,5,3065,{502=3;gold=50000;12=30},17,,1 day cumulative login,1 day cumulative login
3650,,1,3066,{12=15;20631=5;gold=20000},17,,2 days cumulative login,2 days cumulative login
3651,,2,3066,{12=15;2103=5;gold=20000},17,,3 days cumulative login,3 days cumulative login
3652,,3,3066,{12=20;20631=8;gold=30000},17,,4 days cumulative login,4 days cumulative login
3653,,4,3066,{gold=30000;rmb=168;12=20},17,,5 days cumulative login,5 days cumulative login
3654,,5,3066,{501=1;gold=50000;12=30},17,,1 day cumulative login,1 day cumulative login
3660,,1,3067,{22191=5;gold=20000;12=15},17,,2-day cumulative login,2-day cumulative login
3661,,2,3067,{502=1;gold=20000;12=15},17,,3-day cumulative login,3-day cumulative login
3662,,3,3067,{22191=8;gold=30000;12=20},17,,4-day cumulative login,4-day cumulative login
3663,,4,3067,{gold=30000;rmb=168;12=20},17,,5-day cumulative login,5-day cumulative login
3664,,5,3067,{502=3;gold=50000;12=30},17,,1-day cumulative login,1-day cumulative login
3670,,1,3068,{gold=20000;22201=5;12=15},17,,2-day cumulative login,2-day cumulative login
3671,,2,3068,{520=1;gold=20000;12=15},17,,3-day cumulative login,3-day cumulative login
3672,,3,3068,{gold=30000;22201=8;12=20},17,,4-day cumulative login,4-day cumulative login
3673,,4,3068,{gold=30000;rmb=168;12=20},17,,5-day cumulative login,5-day cumulative login
3674,,5,3068,{520=2;gold=50000;12=30},17,,1-day cumulative login,1-day cumulative login
4001,,2480,4001,{13=10;22131=2;gold=10000},22,,2-day cumulative login,2-day cumulative login
4002,,4960,4001,{13=10;22131=2;gold=20000},22,,3-day cumulative login,3-day cumulative login
4003,,7440,4001,{13=10;22131=2;gold=20000},22,,4-day cumulative login,4-day cumulative login
4004,,9920,4001,{13=10;22131=4;gold=20000},22,,5-day cumulative login,5-day cumulative login
4005,,14880,4001,{13=10;22131=6;gold=30000},22,,1-day cumulative login,1-day cumulative login
4006,,19840,4001,{13=10;22131=6;gold=40000},22,,2-day cumulative login,2-day cumulative login
4007,,24800,4001,{14=10;22131=8;gold=50000},22,,3-day cumulative login,3-day cumulative login
4008,,29760,4001,{14=10;2250=1;card={id=2131};gold=60000},22,,4-day cumulative login,4-day cumulative login
4009,,37200,4001,{14=10;gold=80000;talent_point=6},22,,5-day cumulative login,5-day cumulative login
4010,,49600,4001,{15=10;22131=10;gold=100000},22,,1-day cumulative login,1-day cumulative login
4011,,62000,4001,{15=10;22131=10;gold=120000},22,,2-day cumulative login,2-day cumulative login
4012,,74400,4001,{2250=1;card={id=2131};gold=150000;15=10},22,,3-day cumulative login,3-day cumulative login
8002,,1000000,8001,{gold=2000},20,,"Spend 1,000,000 Gold.","Spend 1,000,000 Gold."
8003,,10,8001,{gold=2000},41,,Fight in the Arena 10 times.,Fight in the Arena 10 times.
8004,,300,8001,{gold=2000},22,,Top up 300 gold today.,Top up 300 gold today.
8005,,300,8001,{gold=2000},21,,Spend 300 diamonds today.,Spend 300 diamonds today.
8006,,50,8001,{gold=2000},29,,Challenge 50 times at normal level.,Challenge 50 times at normal level.
8012,,1000000,8002,{gold=2000},20,,4-day cumulative login,4-day cumulative login
8013,,10,8002,{gold=2000},41,,Fight in the Arena 10 times.,Fight in the Arena 10 times.
8014,,300,8002,{gold=2000},22,,Top up 300 gold today.,Top up 300 gold today.
8015,,300,8002,{gold=2000},21,,Spend 300 gold today.,Spend 300 gold today.
8016,,50,8002,{gold=2000},29,,Challenge 50 times at normal level.,Challenge 50 times at normal level.
8022,,1000000,8003,{gold=2000},20,,"Spend 1,000,000 VND.","Spend 1,000,000 VND."
8023,,10,8003,{gold=2000},41,,Fight in the Arena 10 times.,Fight in the Arena 10 times.
8024,,300,8003,{gold=2000},22,,Top up 300 gold today.,Top up 300 gold today.
8025,,300,8003,{gold=2000},21,,Spend 300 gold today.,Spend 300 gold today.
8026,,50,8003,{gold=2000},29,,Challenge 50 times at normal level.,Challenge 50 times at normal level.
8032,,1000000,8004,{gold=2000},20,,"Spend 1,000,000 VND.","Spend 1,000,000 VND."
8033,,10,8004,{gold=2000},41,,Fight in the Arena 10 times.,Fight in the Arena 10 times.
8034,,300,8004,{gold=2000},22,,Top up 300 gold today.,Top up 300 gold today.
8035,,300,8004,{gold=2000},21,,Spend 300 gold today.,Spend 300 gold today.
8036,,50,8004,{gold=2000},29,,Challenge 50 times at normal level.,Challenge 50 times at normal level.
8042,,1000000,8005,{gold=2000},20,,"Spend 1,000,000 VND.","Spend 1,000,000 VND."
8043,,10,8005,{gold=2000},41,,Fight in the Arena 10 times.,Fight in the Arena 10 times.
8044,,300,8005,{gold=2000},22,,Top up 300 gold today.,Top up 300 gold today.
8045,,300,8005,{gold=2000},21,,Spend 300 gold today.,Spend 300 gold today.
8046,,50,8005,{gold=2000},29,,Challenge 50 times in normal level.,Challenge 50 times in normal level.
8052,,1000000,8006,{gold=2000},20,,"Spend 1,000,000 VND.","Spend 1,000,000 VND."
8053,,10,8006,{gold=2000},41,,Fight in the Arena 10 times.,Fight in the Arena 10 times.
8054,,300,8006,{gold=2000},22,,Top up 300 gold today.,Top up 300 gold today.
8055,,300,8006,{gold=2000},21,,Spend 300 gold today.,Spend 300 gold today.
8056,,50,8006,{gold=2000},29,,Challenge 50 times in normal level.,Challenge 50 times in normal level.
8062,,1000000,8007,{gold=2000},20,,"Spend 1,000,000 VND.","Spend 1,000,000 VND."
8063,,10,8007,{gold=2000},41,,Fight in the Arena 10 times.,Fight in the Arena 10 times.
8064,,300,8007,{gold=2000},22,,Top up 300 gold today.,Top up 300 gold today.
8065,,300,8007,{gold=2000},21,,Spend 300 gold today.,Spend 300 gold today.
8066,,50,8007,{gold=2000},29,,Challenge 50 times in normal level.,Challenge 50 times in normal level.
8072,,1000000,8008,{gold=2000},20,,"Spend 1,000,000 VND.","Spend 1,000,000 VND."
8073,,10,8008,{gold=2000},41,,Fight in the Arena 10 times.,Fight in the Arena 10 times.
8074,,300,8008,{gold=2000},22,,Top up 300 gold today.,Top up 300 gold today.
8075,,300,8008,{gold=2000},21,,Spend 300 gold today.,Spend 300 gold today.
8076,,50,8008,{gold=2000},29,,Challenge 50 times in normal level.,Challenge 50 times in normal level.
8082,,1000000,8009,{gold=2000},20,,"Spend 1,000,000 VND.","Spend 1,000,000 VND."
8083,,10,8009,{gold=2000},41,,Fight in the Arena 10 times.,Fight in the Arena 10 times.
8084,,300,8009,{gold=2000},22,,Top up 300 gold coins today.,Top up 300 gold coins today.
8085,,300,8009,{gold=2000},21,,Spend 300 gold coins today.,Spend 300 gold coins today.
8086,,50,8009,{gold=2000},29,,Challenge 50 times at normal level.,Challenge 50 times at normal level.
8092,,1000000,8010,{gold=2000},20,,"Spend 1,000,000 VND.","Spend 1,000,000 VND."
8093,,10,8010,{gold=2000},41,,Fight in the Arena 10 times.,Fight in the Arena 10 times.
8094,,300,8010,{gold=2000},22,,Top up 300 gold coins today.,Top up 300 gold coins today.
8095,,300,8010,{gold=2000},21,,Spend 300 gold coins today.,Spend 300 gold coins today.
8096,,50,8010,{gold=2000},29,,Challenge 50 times at normal level.,Challenge 50 times at normal level.
8102,,1000000,8011,{gold=2000},20,,"Spend 1,000,000 VND.","Spend 1,000,000 VND."
8103,,10,8011,{gold=2000},41,,Fight in the Arena 10 times.,Fight in the Arena 10 times.
8104,,300,8011,{gold=2000},22,,Top up 300 gold coins today.,Top up 300 gold coins today.
8105,,300,8011,{gold=2000},21,,Spend 300 gold coins today.,Spend 300 gold coins today.
8106,,50,8011,{gold=2000},29,,Challenge 50 times at normal level.,Challenge 50 times at normal level.
10001,,60,10001,{850=100;gold=60000;14=10;rmb=60},22,,Top up 60 gold coins.,Top up 60 gold coins.
10002,,300,10001,{14=10;gold=60000;5000=30;6302=10},22,,Top up 300 gold coins.,Top up 300 gold coins.
10003,,600,10001,{930=30;gold=60000;14=10;851=50},22,,Top up 600 gold coins.,Top up 600 gold coins.
10004,,980,10001,{14=15;gold=80000;902=10;2102=5},22,,Top up 980 gold coins.,Top up 980 gold coins.
10005,,1980,10001,{14=15;gold=80000;2102=5;6302=20},22,,Top up 1980 gold coins.,Top up 1980 gold coins.
10006,,3280,10001,{14=15;gold=100000;902=20;2102=5},22,,Top up 3280 gold coins.,Top up 3280 gold coins.
10007,,6480,10001,{502=15;6053=1;gold=100000;14=20},22,,Top up 6480 Diamond.,Top up 6480 Diamond.
10008,,9680,10001,{14=20;6052=1;gold=120000;6302=40},22,,Top up 9680 Diamond.,Top up 9680 Diamond.
10009,,12000,10001,{14=30;6054=1;gold=120000;902=30},22,,Top up 12000 Diamond.,Top up 12000 Diamond.
10010,,15000,10001,{502=30;6051=1;gold=180000;14=30},22,,Top up 15000 Diamond.,Top up 15000 Diamond.
10011,,20000,10001,{14=50;942=1;gold=200000;6302=60},22,,Top up 20000 Diamond.,Top up 20000 Diamond.
10012,,25000,10001,{502=50;gold=300000;14=50;902=50},22,,Top up 25000 Diamond.,Top up 25000 Diamond.
10021,,300,10002,{521=5;2103=5;930=50;5000=50;gold=500000},21,,Total Diamond Spent: 300,Total Diamond Spent: 300
10022,,1000,10002,{521=5;2103=5;14=10;5000=100;gold=1000000},21,,Total Diamond Spent: 1000,Total Diamond Spent: 1000
10023,,2000,10002,{521=5;2103=5;452=100;5000=150;gold=1000000},21,,Total Diamond Spent: 2000,Total Diamond Spent: 2000
10024,,4000,10002,{521=5;2103=5;14=20;5000=200;gold=2000000},21,,Total Diamond Spent: 4000,Total Diamond Spent: 4000
10025,,7000,10002,{521=5;2103=5;452=200;5000=250;gold=3000000;6059=1},21,,Total Diamond Spent: 7000,Total Diamond Spent: 7000
10026,,10000,10002,{521=5;2103=5;902=20;gold=4000000;5000=300;851=200},21,,Total Diamond Spent: 10000,Total Diamond Spent: 10000
10027,,14000,10002,{521=5;2103=5;452=300;5000=350;902=200;gold=5000000},21,,Total Diamond Spent: 14000,Total Diamond Spent: 14000
10028,,18000,10002,{521=5;2103=10;902=20;gold=6000000;5000=400;453=50},21,,Total Diamond Spent: 18000,Total Diamond Spent: 18000
10029,,22000,10002,{521=5;2103=20;452=400;5000=450;gold=7000000;501=20},21,,Total Diamond Spent: 22000,Total Diamond Spent: 22000
10030,,25000,10002,{521=10;9056=1;gold=8000000;5000=500;16=200},21,,Total Diamond Spent: 25000,Total Diamond Spent: 25000
10031,,30000,10002,{521=15;605=50;5000=600;gold=10000000;8888=1},21,,Total Diamond Spent: 30000,Total Diamond Spent: 30000
10032,,40000,10002,{521=20;2153=1;gold=20000000;5000=800;8804=1},21,,Total Diamond Spent: 40000,Total Diamond Spent: 40000
10033,,50000,10002,{521=30;6050=5;gold=30000000;5000=1000;9053=1},21,,Total Diamond Spent: 50000,Total Diamond Spent: 50000
10041,,1,10003,{14=20;6302=1;gold=50000},17,,Daily Login,Daily Login
10042,,300,10003,{14=20;6302=1;gold=200000},22,,Recharge 300 Diamond,Recharge 300 Diamond
10043,,1000000,10003,{14=20;6302=1;gold=100000},20,,"Spend 1,000,000 VND","Spend 1,000,000 VND"
10044,,1,10003,{14=20;6302=1;gold=100000},37,,Increase Ninja Star 1 Time,Increase Ninja Star 1 Time
10045,,80,10003,{14=20;6302=1;gold=100000},29,,Normal Challenge 80 Times,Normal Challenge 80 Times
10046,,40,10003,{14=20;6302=1;gold=100000},30,,Hard Challenge 40 Times,Hard Challenge 40 Times
10047,,6,10003,{14=20;6302=1;gold=100000},64,,Pass 6 Floors in Anbu Special Training,Pass 6 Floors in Anbu Special Training
10048,,10,10003,{14=20;6302=1;gold=50000},41,,Fight in Arena 10 Times,Fight in Arena 10 Times
10049,,20,10003,{14=20;6302=1;gold=50000},89,,Refine 20 Times,Refine 20 Times
10050,,5,10003,{14=20;6302=1;gold=50000},26,,Buy 5 Times Stamina,Buy 5 Times Stamina
10051,,3,10003,{14=20;6302=1;gold=50000},66,,Challenge Illusion 3 Times,Challenge Illusion 3 Times
10052,,3,10003,{14=20;6302=1;gold=50000},35,,Ninja Breakthrough 3 Times,Ninja Breakthrough 3 Times
10053,,600,10003,{14=20;6302=1;gold=50000},21,,Spend 600 Diamond,Spend 600 Diamond
10061,,60,10004,{850=100;gold=60000;14=10;rmb=60},22,,Recharge 60 Diamond.,Recharge 60 Diamond.
10062,,300,10004,{850=200;gold=60000;14=10;5000=30},22,,Recharge 300 Diamond.,Recharge 300 Diamond.
10063,,600,10004,{930=30;gold=60000;14=10;851=50},22,,Recharge 600 Diamond.,Recharge 600 Diamond.
10064,,980,10004,{14=15;gold=80000;902=10;2102=5},22,,Recharge 980 Diamond.,Recharge 980 Diamond.
10065,,1980,10004,{502=10;gold=80000;14=15;2102=5},22,,Recharge 1980 Diamond.,Recharge 1980 Diamond.
10066,,3280,10004,{14=15;gold=100000;902=20;2102=5},22,,Recharge 3280 Diamond.,Recharge 3280 Diamond.
10067,,6480,10004,{502=15;6053=1;gold=100000;14=20},22,,Recharge 6480 Diamond.,Recharge 6480 Diamond.
10068,,9680,10004,{14=20;6052=1;gold=120000;501=5},22,,Recharge 9680 Diamond.,Recharge 9680 Diamond.
10069,,12000,10004,{14=30;6054=1;gold=120000;902=30},22,,Recharge 12000 Diamond.,Recharge 12000 Diamond.
10070,,15000,10004,{502=30;6051=1;gold=180000;14=30},22,,Recharge 15000 Diamond.,Recharge 15000 Diamond.
10071,,20000,10004,{14=50;942=1;gold=200000;902=50},22,,"Top up 20,000 Diamond.","Top up 20,000 Diamond."
10072,,25000,10004,{502=50;gold=300000;14=50;902=50},22,,"Top up 25,000 Diamond.","Top up 25,000 Diamond."
10081,,60,10005,{14=10;gold=60000;2102=10;rmb=60},22,,Top up 60 Diamond.,Top up 60 Diamond.
10082,,300,10005,{14=10;5000=30;gold=60000;2102=10},22,,Top up 300 Diamond.,Top up 300 Diamond.
10083,,600,10005,{930=30;gold=60000;14=10;2102=10},22,,Top up 600 Diamond.,Top up 600 Diamond.
10084,,980,10005,{14=15;gold=80000;902=10;2103=5},22,,Top up 980 Diamond.,Top up 980 Diamond.
10085,,1980,10005,{502=10;gold=80000;14=15;2103=7},22,,Top up 1980 Diamond.,Top up 1980 Diamond.
10086,,3280,10005,{14=15;gold=100000;902=20;2103=10},22,,Top up 3280 Diamond.,Top up 3280 Diamond.
10087,,6480,10005,{14=20;6053=1;gold=100000;942=1},22,,Top up 6480 Diamond.,Top up 6480 Diamond.
10088,,9680,10005,{502=15;6052=1;gold=120000;14=20},22,,Top up 9680 Diamond.,Top up 9680 Diamond.
10089,,12000,10005,{14=30;942=1;gold=120000;6054=1},22,,"Top up 12,000 Diamond.","Top up 12,000 Diamond."
10090,,15000,10005,{502=30;6051=1;gold=180000;14=30},22,,"Top up 15,000 Diamond.","Top up 15,000 Diamond."
10091,,20000,10005,{502=50;gold=200000;14=50;902=50},22,,"Top up 20,000 Diamond.","Top up 20,000 Diamond."
10092,,25000,10005,{502=50;gold=300000;14=50;902=50},22,,"Top up 25,000 Diamond.","Top up 25,000 Diamond."
10101,,300,10006,{930=10;5000=10;gold=60000},21,,Spend 300 Diamond.,Spend 300 Diamond.
10102,,1000,10006,{5000=15;22131=10;gold=80000},21,,"Spend 1,000 Diamond.","Spend 1,000 Diamond."
10103,,2000,10006,{452=20;gold=80000;5000=10},21,,"Spend 2,000 Diamond.","Spend 2,000 Diamond."
10104,,4000,10006,{5000=15;22131=20;gold=100000},21,,"Spend 4,000 Diamond.","Spend 4,000 Diamond."
10105,,7000,10006,{452=30;gold=120000;5000=15},21,,"Spend 7,000 Diamond.","Spend 7,000 Diamond."
10106,,10000,10006,{5000=15;22131=30;gold=120000},21,,"Spend 10,000 Diamond.","Spend 10,000 Diamond."
10107,,14000,10006,{452=40;gold=140000;5000=20},21,,"Spend 14,000 gold coins.","Spend 14,000 gold coins."
10108,,18000,10006,{5000=20;22131=40;gold=160000},21,,"Spend 18,000 gold coins.","Spend 18,000 gold coins."
10109,,22000,10006,{452=50;gold=180000;5000=25},21,,"Spend 22,000 gold coins.","Spend 22,000 gold coins."
10110,,25000,10006,{5000=30;22131=50;gold=200000},21,,"Spend 25,000 gold coins.","Spend 25,000 gold coins."
10111,,5,10007,{961=1;4000=50;gold=20000},94,,Collect 5 spirit beasts.,Collect 5 spirit beasts.
10112,,10,10007,{4000=50;gold=30000},94,,Collect 10 spirit beasts.,Collect 10 spirit beasts.
10113,,30,10007,{962=1;4000=100;gold=40000},94,,Collect 30 spirit beasts.,Collect 30 spirit beasts.
10114,,50,10007,{4000=100;gold=50000},94,,Collect 50 spirit beasts.,Collect 50 spirit beasts.
10115,,70,10007,{962=1;4000=100;gold=60000},94,,Collect 70 spirit beasts.,Collect 70 spirit beasts.
10116,,100,10007,{4000=200;gold=80000},94,,Collect 100 spirit beasts.,Collect 100 spirit beasts.
10117,,150,10007,{963=1;4000=200;gold=100000},94,,Collect 150 spirit beasts.,Collect 150 spirit beasts.
10121,,10,10008,{941=1;2103=3;gold=20000},52,,Draw 10 Bronze cards.,Draw 10 Bronze cards.
10122,,30,10008,{2103=5;gold=30000},52,,Draw 30 Bronze cards.,Draw 30 Bronze cards.
10123,,60,10008,{941=1;2103=7;gold=40000},52,,Draw 60 Bronze cards.,Draw 60 Bronze cards.
10124,,100,10008,{2103=10;gold=50000},52,,Draw 100 Bronze cards.,Draw 100 Bronze cards.
10125,,150,10008,{942=1;2103=15;gold=60000},52,,Draw 150 Bronze cards.,Draw 150 Bronze cards.
10126,,200,10008,{2103=20;gold=80000},52,,Draw 200 Bronze cards.,Draw 200 Bronze cards.
10127,,300,10008,{942=1;2103=30;gold=100000},52,,Draw 300 Bronze cards.,Draw 300 Bronze cards.
10131,,1,10009,{gold=188888;902=18;rmb=188;503=2},17,,Log in for 1 day.,Log in for 1 day.
10132,,2,10009,{gold=188888;520=2;902=18;rmb=188},17,,Log in for 2 days.,Log in for 2 days.
10133,,3,10009,{gold=188888;902=18;519=2;rmb=188},17,,Log in for 3 days.,Log in for 3 days.
10141,,60,10010,{14=10;gold=60000;2102=10;rmb=60},22,,Top up 60 Diamond.,Top up 60 Diamond.
10142,,300,10010,{14=10;5000=30;gold=60000;2102=10},22,,Top up 300 Diamond.,Top up 300 Diamond.
10143,,600,10010,{930=30;gold=60000;14=10;2102=10},22,,Top up 600 Diamond.,Top up 600 Diamond.
10144,,980,10010,{14=15;gold=80000;902=10;2103=5},22,,Top up 980 Diamond.,Top up 980 Diamond.
10145,,1980,10010,{14=15;gold=80000;2103=7;527=10},22,,Top up 1980 Diamond.,Top up 1980 Diamond.
10146,,3280,10010,{14=15;gold=100000;902=20;2103=10},22,,Top up 3280 Diamond.,Top up 3280 Diamond.
10147,,6480,10010,{14=20;6053=1;gold=100000;527=10},22,,Top up 6480 Diamond.,Top up 6480 Diamond.
10148,,9680,10010,{502=15;6052=1;gold=120000;14=20},22,,Top up 9680 Diamond.,Top up 9680 Diamond.
10149,,12000,10010,{14=30;6054=1;gold=120000;527=15},22,,Top up 12000 Diamond.,Top up 12000 Diamond.
10150,,15000,10010,{502=30;6051=1;gold=180000;14=30},22,,Top up 15000 Diamond.,Top up 15000 Diamond.
10151,,20000,10010,{14=50;942=1;gold=200000;902=50},22,,Top up 20000 Diamond.,Top up 20000 Diamond.
10152,,25000,10010,{502=50;gold=300000;14=50;902=50},22,,Top up 25000 Diamond.,Top up 25000 Diamond.
10161,,10,10011,{13=10;6203=2;gold=10000},51,,Withdraw Bronze card 10 times.,Withdraw Bronze card 10 times.
10162,,20,10011,{13=10;6203=2;gold=20000},51,,Withdraw Bronze card 20 times.,Withdraw Bronze card 20 times.
10163,,2,10011,{13=10;6203=2;gold=20000},95,,"Withdraw limited card, total 2 times.","Withdraw limited card, total 2 times."
10164,,10,10011,{6203=4;gold=30000;12=10},95,,"Withdraw limited card, total 10 times.","Withdraw limited card, total 10 times."
10165,,20,10011,{6203=4;gold=40000;12=10},95,,"Withdraw limited card, total 20 times.","Withdraw limited card, total 20 times."
10166,,30,10011,{6203=6;gold=50000;12=10},95,,"Withdraw limited card, total 30 times.","Withdraw limited card, total 30 times."
10167,,40,10011,{13=10;6203=6;gold=60000},95,,"Withdraw limited card, total 40 times.","Withdraw limited card, total 40 times."
10168,,60,10011,{13=10;6203=8;gold=80000},95,,"Withdraw limited card, total 60 times.","Withdraw limited card, total 60 times."
10169,,80,10011,{13=10;6203=10;gold=100000},95,,"Withdraw limited cards, total 80 times.","Withdraw limited cards, total 80 times."
10170,,100,10011,{13=10;6203=15;gold=120000},95,,"Withdraw limited cards, total 100 times.","Withdraw limited cards, total 100 times."
10171,,120,10011,{14=10;6203=20;gold=150000},95,,"Withdraw limited cards, total 120 times.","Withdraw limited cards, total 120 times."
10172,,150,10011,{14=10;6203=25;gold=150000},95,,"Withdraw limited cards, total 150 times.","Withdraw limited cards, total 150 times."
10173,,200,10011,{14=10;6203=25;gold=150000},95,,"Withdraw limited cards, total 200 times.","Withdraw limited cards, total 200 times."
10181,,1,10012,{105=1;gold=100000;520=2;rmb=188},17,,Login 1 day in total.,Login 1 day in total.
10182,,2,10012,{13=10;gold=100000;rmb=188;503=10},17,,Login 2 days in total.,Login 2 days in total.
10183,,3,10012,{13=15;519=10;gold=100000;rmb=188},17,,Login 3 days in total.,Login 3 days in total.
10184,,4,10012,{502=5;13=15;gold=100000;rmb=188},17,,Login 4 days in total.,Login 4 days in total.
10185,,5,10012,{13=20;19=10;gold=100000;rmb=188},17,,Login 5 days in total.,Login 5 days in total.
10186,,6,10012,{13=20;6050=1;gold=100000;rmb=188},17,,Login 6 days in total.,Login 6 days in total.
10187,,7,10012,{13=25;gold=100000;501=2;rmb=188},17,,Login 7 days in total.,Login 7 days in total.
10188,,8,10012,{502=10;13=25;gold=100000;rmb=188},17,,Login 8 days in total.,Login 8 days in total.
10189,,9,10012,{502=20;13=30;gold=100000;rmb=188},17,,Login 9 days in total.,Login 9 days in total.
10191,,60,10013,{14=10;gold=60000;2102=10;rmb=60},22,,Recharge 60 Diamond.,Recharge 60 Diamond.
10192,,300,10013,{14=10;5000=30;gold=60000;2102=10},22,,Recharge 300 Diamond.,Recharge 300 Diamond.
10193,,600,10013,{930=30;gold=60000;14=10;2102=10},22,,Recharge 600 Diamond.,Recharge 600 Diamond.
10194,,980,10013,{14=15;gold=80000;902=10;2103=5},22,,Recharge 980 Diamond.,Recharge 980 Diamond.
10195,,1980,10013,{502=10;gold=80000;14=15;2103=7},22,,Recharge 1980 Diamond.,Recharge 1980 Diamond.
10196,,3280,10013,{14=15;gold=100000;902=20;2103=10},22,,Recharge 3280 Diamond.,Recharge 3280 Diamond.
10197,,6480,10013,{14=20;6053=1;gold=100000;942=1},22,,Recharge 6480 Diamond.,Recharge 6480 Diamond.
10198,,9680,10013,{502=15;6052=1;gold=120000;14=20},22,,Top up 9680 Diamond.,Top up 9680 Diamond.
10199,,12000,10013,{14=30;942=1;gold=120000;6054=1},22,,Top up 12000 Diamond.,Top up 12000 Diamond.
10200,,15000,10013,{502=30;6051=1;gold=180000;14=30},22,,Top up 15000 Diamond.,Top up 15000 Diamond.
10201,,20000,10013,{14=50;gold=200000;902=50;30407=1},22,,Top up 20000 Diamond.,Top up 20000 Diamond.
10202,,25000,10013,{502=50;gold=300000;14=50;902=50},22,,Top up 25000 Diamond.,Top up 25000 Diamond.
10211,,300,10014,{930=10;5000=10;gold=60000},21,,Spend 300 Diamond.,Spend 300 Diamond.
10212,,1000,10014,{5000=15;22131=10;gold=80000},21,,Spend 1000 Diamond.,Spend 1000 Diamond.
10213,,2000,10014,{452=20;gold=80000;5000=10},21,,Spend 2000 Diamond.,Spend 2000 Diamond.
10214,,4000,10014,{5000=15;22131=20;gold=100000},21,,Spend 4000 Diamond.,Spend 4000 Diamond.
10215,,7000,10014,{452=30;gold=120000;5000=15},21,,Spend 7000 Diamond.,Spend 7000 Diamond.
10216,,10000,10014,{5000=15;22131=30;gold=120000},21,,Spend 10000 Diamond.,Spend 10000 Diamond.
10217,,14000,10014,{452=40;gold=140000;5000=20},21,,Spend 14000 Diamond.,Spend 14000 Diamond.
10218,,18000,10014,{5000=20;22131=40;gold=160000},21,,Spend 18000 Diamond.,Spend 18000 Diamond.
10219,,22000,10014,{452=50;gold=180000;5000=25},21,,Spend 22000 Diamond.,Spend 22000 Diamond.
10220,,25000,10014,{5000=30;22131=50;gold=200000},21,,Spend 25000 Diamond.,Spend 25000 Diamond.
10221,,60,10015,{14=10;gold=60000;2102=10;rmb=60},22,,Top up 60 Diamond.,Top up 60 Diamond.
10222,,300,10015,{14=10;5000=30;gold=60000;2102=10},22,,Top up 300 Diamond.,Top up 300 Diamond.
10223,,600,10015,{930=30;gold=60000;14=10;2102=10},22,,Top up 600 Diamond.,Top up 600 Diamond.
10224,,980,10015,{14=15;gold=80000;902=10;2103=5},22,,Top up 980 Diamond.,Top up 980 Diamond.
10225,,1980,10015,{502=10;gold=80000;14=15;2103=7},22,,Top up 1980 Diamond.,Top up 1980 Diamond.
10226,,3280,10015,{14=15;gold=100000;902=20;2103=10},22,,Top up 3280 Diamond.,Top up 3280 Diamond.
10227,,6480,10015,{14=20;6053=1;gold=100000;942=1},22,,Top up 6480 Diamond.,Top up 6480 Diamond.
10228,,9680,10015,{502=15;6052=1;gold=120000;14=20},22,,Top up 9680 Diamond.,Top up 9680 Diamond.
10229,,12000,10015,{14=30;942=1;gold=120000;6054=1},22,,Top up 12000 Diamond.,Top up 12000 Diamond.
10230,,15000,10015,{502=30;6051=1;gold=180000;14=30},22,,Top up 15000 Diamond.,Top up 15000 Diamond.
10231,,20000,10015,{14=50;30406=1;gold=200000;902=50},22,,Top up 20000 Diamond.,Top up 20000 Diamond.
10232,,25000,10015,{502=50;gold=300000;14=50;902=50},22,,Top up 25000 Diamond.,Top up 25000 Diamond.
10241,,300,10016,{930=10;5000=10;gold=60000},21,,Spend 300 Diamond.,Spend 300 Diamond.
10242,,1000,10016,{5000=15;22131=10;gold=80000},21,,Spend 1000 Diamond.,Spend 1000 Diamond.
10243,,2000,10016,{452=20;gold=80000;5000=10},21,,Spend 2000 Diamond.,Spend 2000 Diamond.
10244,,4000,10016,{5000=15;22131=20;gold=100000},21,,Spend 4000 Diamond.,Spend 4000 Diamond.
10245,,7000,10016,{452=30;gold=120000;5000=15},21,,Spend 7000 Diamond.,Spend 7000 Diamond.
10246,,10000,10016,{5000=15;22131=30;gold=120000},21,,Spend 10000 Diamond.,Spend 10000 Diamond.
10247,,14000,10016,{452=40;gold=140000;5000=20},21,,Spend 14000 Diamond.,Spend 14000 Diamond.
10248,,18000,10016,{5000=20;22131=40;gold=160000},21,,Spend 18000 Diamond.,Spend 18000 Diamond.
10249,,22000,10016,{452=50;gold=180000;5000=25},21,,Spend 22000 Diamond.,Spend 22000 Diamond.
10250,,25000,10016,{5000=30;22131=50;gold=200000},21,,Spend 25000 Diamond.,Spend 25000 Diamond.
10251,,10,10017,{6204=2;13=10;gold=10000},51,,Withdraw 10 times the Copper card.,Withdraw 10 times the Copper card.
10252,,20,10017,{6204=2;13=10;gold=20000},51,,Withdraw 20 times in Bronze.,Withdraw 20 times in Bronze.
10253,,2,10017,{6204=2;13=10;gold=20000},95,,"Withdraw limited cards, total 2 times.","Withdraw limited cards, total 2 times."
10254,,10,10017,{6204=4;12=10;gold=30000},95,,"Withdraw limited cards, total 10 times.","Withdraw limited cards, total 10 times."
10255,,20,10017,{6204=4;12=10;gold=40000},95,,"Withdraw limited cards, total 20 times.","Withdraw limited cards, total 20 times."
10256,,30,10017,{6204=6;12=10;gold=50000},95,,"Withdraw limited cards, total 30 times.","Withdraw limited cards, total 30 times."
10257,,40,10017,{6204=6;13=10;gold=60000},95,,"Withdraw limited cards, total 40 times.","Withdraw limited cards, total 40 times."
10258,,60,10017,{6204=8;13=10;gold=80000},95,,"Withdraw limited cards, total 60 times.","Withdraw limited cards, total 60 times."
10259,,80,10017,{6204=10;13=10;gold=100000},95,,"Withdraw limited cards, total 80 times.","Withdraw limited cards, total 80 times."
10260,,100,10017,{6204=15;13=10;gold=120000},95,,"Withdraw limited cards, total 100 times.","Withdraw limited cards, total 100 times."
10261,,120,10017,{14=10;6204=20;gold=150000},95,,"Withdraw limited cards, total 120 times.","Withdraw limited cards, total 120 times."
10262,,150,10017,{14=10;6204=25;gold=150000},95,,"Withdraw limited cards, total 150 times.","Withdraw limited cards, total 150 times."
10263,,200,10017,{14=10;6204=25;gold=150000},95,,"Withdraw limited cards, total 200 times.","Withdraw limited cards, total 200 times."
10271,,300,10018,{930=10;5000=10;gold=60000},21,,Accumulated spending 300 Diamond.,Accumulated spending 300 Diamond.
10272,,1000,10018,{5000=15;22131=10;gold=80000},21,,Accumulated spending 1000 Diamond.,Accumulated spending 1000 Diamond.
10273,,2000,10018,{452=20;gold=80000;5000=10},21,,Accumulated spending 2000 Diamond.,Accumulated spending 2000 Diamond.
10274,,4000,10018,{5000=15;22131=20;gold=100000},21,,Accumulated spending 4000 Diamond.,Accumulated spending 4000 Diamond.
10275,,7000,10018,{452=30;gold=120000;5000=15},21,,Accumulated spending 7000 Diamond.,Accumulated spending 7000 Diamond.
10276,,10000,10018,{5000=15;22131=30;gold=120000},21,,Accumulated spending 10000 Diamond.,Accumulated spending 10000 Diamond.
10277,,14000,10018,{452=40;gold=140000;5000=20},21,,Accumulated spending 14000 Diamond.,Accumulated spending 14000 Diamond.
10278,,18000,10018,{5000=20;22131=40;gold=160000},21,,Accumulated spending 18000 Diamond.,Accumulated spending 18000 Diamond.
10279,,22000,10018,{452=50;gold=180000;5000=25},21,,Accumulated spending 22000 Diamond.,Accumulated spending 22000 Diamond.
10280,,25000,10018,{5000=30;22131=50;gold=200000},21,,Accumulated spending 25000 Diamond.,Accumulated spending 25000 Diamond.
10281,,300,10019,{930=10;5000=10;gold=60000},21,,Accumulated spending 300 Diamond.,Accumulated spending 300 Diamond.
10282,,1000,10019,{gold=80000;22111=10;5000=15},21,,Accumulated spending 1000 Diamond.,Accumulated spending 1000 Diamond.
10283,,2000,10019,{452=20;gold=80000;5000=10},21,,Accumulated spending 2000 Diamond.,Accumulated spending 2000 Diamond.
10284,,4000,10019,{gold=100000;22111=20;5000=15},21,,Accumulated spending 4000 Diamond.,Accumulated spending 4000 Diamond.
10285,,7000,10019,{452=30;gold=120000;5000=15},21,,Accumulated spending 7000 Diamond.,Accumulated spending 7000 Diamond.
10286,,10000,10019,{gold=120000;22111=30;5000=15},21,,Accumulated spending 10000 Diamond.,Accumulated spending 10000 Diamond.
10287,,14000,10019,{452=40;gold=140000;5000=20},21,,Accumulated spending 14000 Diamond.,Accumulated spending 14000 Diamond.
10288,,18000,10019,{gold=160000;22111=40;5000=20},21,,Accumulated spending 18000 Diamond.,Accumulated spending 18000 Diamond.
10289,,22000,10019,{452=50;gold=180000;5000=25},21,,Accumulated spending 22000 Diamond.,Accumulated spending 22000 Diamond.
10290,,25000,10019,{gold=200000;22111=50;5000=30},21,,Accumulated spending 25000 Diamond.,Accumulated spending 25000 Diamond.
10300,,60,10020,{14=10;gold=60000;2102=10;rmb=60},22,,Deposit 60 Diamond.,Deposit 60 Diamond.
10301,,300,10020,{14=10;5000=30;gold=60000;2102=10},22,,Deposit 300 Diamond.,Deposit 300 Diamond.
10302,,600,10020,{930=30;gold=60000;14=10;2102=10},22,,Deposit 600 Diamond.,Deposit 600 Diamond.
10303,,980,10020,{14=15;gold=80000;902=10;2103=5},22,,Deposit 980 Diamond.,Deposit 980 Diamond.
10304,,1980,10020,{502=10;gold=80000;14=15;2103=7},22,,Deposit 1980 Diamond.,Deposit 1980 Diamond.
10305,,3280,10020,{14=15;gold=100000;902=20;2103=10},22,,Deposit 3280 Diamond.,Deposit 3280 Diamond.
10306,,6480,10020,{14=20;6053=1;gold=100000;942=1},22,,Deposit 6480 Diamond.,Deposit 6480 Diamond.
10307,,9680,10020,{502=15;6052=1;gold=120000;14=20},22,,Deposit 9680 Diamond.,Deposit 9680 Diamond.
10308,,12000,10020,{14=30;942=1;gold=120000;6054=1},22,,Deposit 12000 Diamond.,Deposit 12000 Diamond.
10309,,15000,10020,{502=30;6051=1;gold=180000;14=30},22,,Deposit 15000 Diamond.,Deposit 15000 Diamond.
10310,,20000,10020,{14=50;30408=1;gold=200000;902=50},22,,Deposit 20000 Diamond.,Deposit 20000 Diamond.
10311,,25000,10020,{502=50;gold=300000;14=50;902=50},22,,Deposit 25000 Diamond.,Deposit 25000 Diamond.
10320,,300,10021,{930=10;5000=10;gold=60000},21,,Accumulated spending 300 Diamond.,Accumulated spending 300 Diamond.
10321,,1000,10021,{gold=80000;22111=10;5000=15},21,,Accumulated spending 1000 Diamond.,Accumulated spending 1000 Diamond.
10322,,2000,10021,{452=20;gold=80000;5000=10},21,,Accumulated spending 2000 Diamond.,Accumulated spending 2000 Diamond.
10323,,4000,10021,{gold=100000;22111=20;5000=15},21,,Accumulated spending 4000 Diamond.,Accumulated spending 4000 Diamond.
10324,,7000,10021,{452=30;gold=120000;5000=15},21,,Accumulated spending 7000 Diamond.,Accumulated spending 7000 Diamond.
10325,,10000,10021,{gold=120000;22111=30;5000=15},21,,"Accumulated spending 10,000 Diamond.","Accumulated spending 10,000 Diamond."
10326,,14000,10021,{452=40;gold=140000;5000=20},21,,"Accumulated spending 14,000 Diamond.","Accumulated spending 14,000 Diamond."
10327,,18000,10021,{gold=160000;22111=40;5000=20},21,,"Accumulated spending 18,000 Diamond.","Accumulated spending 18,000 Diamond."
10328,,22000,10021,{452=50;gold=180000;5000=25},21,,"Accumulated spending 22,000 Diamond.","Accumulated spending 22,000 Diamond."
10329,,25000,10021,{gold=200000;22111=50;5000=30},21,,"Accumulated spending 25,000 Diamond.","Accumulated spending 25,000 Diamond."
10330,,300,10022,{930=10;5000=10;gold=60000},21,,Accumulated spending 300 Diamond.,Accumulated spending 300 Diamond.
10331,,1000,10022,{gold=80000;22111=10;5000=15},21,,"Accumulated spending 1,000 Diamond.","Accumulated spending 1,000 Diamond."
10332,,2000,10022,{452=20;gold=80000;5000=10},21,,"Accumulated spending 2,000 Diamond.","Accumulated spending 2,000 Diamond."
10333,,4000,10022,{gold=100000;22111=20;5000=15},21,,"Accumulated spending 4,000 Diamond.","Accumulated spending 4,000 Diamond."
10334,,7000,10022,{452=30;gold=120000;5000=15},21,,"Accumulated spending 7,000 Diamond.","Accumulated spending 7,000 Diamond."
10335,,10000,10022,{gold=120000;22111=30;5000=15},21,,"Accumulated spending 10,000 Diamond.","Accumulated spending 10,000 Diamond."
10336,,14000,10022,{452=40;gold=140000;5000=20},21,,"Accumulated spending 14,000 Diamond.","Accumulated spending 14,000 Diamond."
10337,,18000,10022,{gold=160000;22111=40;5000=20},21,,"Accumulated spending 18,000 Diamond.","Accumulated spending 18,000 Diamond."
10338,,22000,10022,{452=50;gold=180000;5000=25},21,,"Accumulated spending 22,000 Diamond.","Accumulated spending 22,000 Diamond."
10339,,25000,10022,{gold=200000;22111=50;5000=30},21,,"Accumulated spending 25,000 Diamond.","Accumulated spending 25,000 Diamond."
10340,,1,10023,{6341=2;gold=100000;rmb=50;503=1},17,,Log in for 1 day,Log in for 1 day
10341,,2,10023,{6341=2;gold=100000;520=1;rmb=50},17,,Log in for 2 days,Log in for 2 days
10342,,3,10023,{6341=3;gold=100000;519=1;rmb=100},17,,Log in for 3 days,Log in for 3 days
10350,,60,10024,{850=100;gold=60000;14=10;rmb=60},22,,Top up 60 Diamond.,Top up 60 Diamond.
10351,,300,10024,{850=100;gold=60000;14=10;5000=30},22,,Deposit 300 Diamond.,Deposit 300 Diamond.
10352,,600,10024,{930=30;gold=60000;14=10;851=50},22,,Deposit 600 Diamond.,Deposit 600 Diamond.
10353,,980,10024,{14=15;gold=80000;902=20;2103=10},22,,Deposit 980 Diamond.,Deposit 980 Diamond.
10354,,1980,10024,{502=15;gold=80000;14=15;2103=10},22,,Deposit 1980 Diamond.,Deposit 1980 Diamond.
10355,,3280,10024,{14=15;gold=100000;902=30;2103=10},22,,Deposit 3280 Diamond.,Deposit 3280 Diamond.
10356,,6480,10024,{502=30;6053=1;gold=100000;14=20},22,,Deposit 6480 Diamond.,Deposit 6480 Diamond.
10357,,9680,10024,{14=20;6052=1;gold=120000;501=5},22,,Deposit 9680 Diamond.,Deposit 9680 Diamond.
10358,,12000,10024,{14=30;6054=1;gold=120000;902=50},22,,Deposit 12000 Diamond.,Deposit 12000 Diamond.
10359,,15000,10024,{502=30;6051=1;gold=180000;14=30},22,,Deposit 15000 Diamond.,Deposit 15000 Diamond.
10360,,20000,10024,{14=50;942=1;gold=200000;902=50},22,,Deposit 20000 Diamond.,Deposit 20000 Diamond.
10361,,25000,10024,{14=50;604=50;gold=300000;521=30},22,,Deposit 25000 Diamond.,Deposit 25000 Diamond.
10370,,300,10025,{930=10;5000=10;gold=60000},21,,Accumulated spending 300 Diamond.,Accumulated spending 300 Diamond.
10371,,1000,10025,{5000=15;22131=10;gold=80000},21,,Accumulated spending 1000 Diamond.,Accumulated spending 1000 Diamond.
10372,,2000,10025,{452=20;gold=80000;5000=10},21,,Accumulated spending 2000 Diamond.,Accumulated spending 2000 Diamond.
10373,,4000,10025,{5000=15;22131=20;gold=100000},21,,Accumulated spending 4000 Diamond.,Accumulated spending 4000 Diamond.
10374,,7000,10025,{452=30;gold=120000;5000=15},21,,Accumulated spending 7000 Diamond.,Accumulated spending 7000 Diamond.
10375,,10000,10025,{5000=15;22131=30;gold=120000},21,,Accumulated spending 10000 Diamond.,Accumulated spending 10000 Diamond.
10376,,14000,10025,{452=40;gold=140000;5000=20},21,,Accumulated spending 14000 Diamond.,Accumulated spending 14000 Diamond.
10377,,18000,10025,{5000=20;22131=40;gold=160000},21,,Accumulated spending 18000 Diamond.,Accumulated spending 18000 Diamond.
10378,,22000,10025,{452=50;gold=180000;5000=25},21,,Accumulated spending 22000 Diamond.,Accumulated spending 22000 Diamond.
10379,,25000,10025,{5000=30;22131=50;gold=200000},21,,Accumulated spending 25000 Diamond.,Accumulated spending 25000 Diamond.
10380,,300,10026,{930=10;5000=10;gold=60000},21,,Accumulated spending 300 Diamond.,Accumulated spending 300 Diamond.
10381,,1000,10026,{22001=10;5000=15;gold=80000},21,,Accumulated spending 1000 Diamond.,Accumulated spending 1000 Diamond.
10382,,2000,10026,{452=20;gold=80000;5000=10},21,,Accumulated spending 2000 Diamond.,Accumulated spending 2000 Diamond.
10383,,4000,10026,{22001=20;5000=15;gold=100000},21,,Accumulated spending 4000 Diamond.,Accumulated spending 4000 Diamond.
10384,,7000,10026,{452=30;gold=120000;5000=15},21,,Accumulated spending 7000 Diamond.,Accumulated spending 7000 Diamond.
10385,,10000,10026,{22001=30;5000=15;gold=120000},21,,Accumulated spending 10000 Diamond.,Accumulated spending 10000 Diamond.
10386,,14000,10026,{452=40;gold=140000;5000=20},21,,Accumulated spending 14000 Diamond.,Accumulated spending 14000 Diamond.
10387,,18000,10026,{22001=40;5000=20;gold=160000},21,,Accumulated spending 18000 Diamond.,Accumulated spending 18000 Diamond.
10388,,22000,10026,{452=50;gold=180000;5000=25},21,,Accumulated spending 22000 Diamond.,Accumulated spending 22000 Diamond.
10389,,25000,10026,{22001=50;5000=30;gold=200000},21,,Accumulated spending 25000 Diamond.,Accumulated spending 25000 Diamond.
10390,,60,10027,{14=10;gold=60000;2102=10;rmb=60},22,,Top up 60 Diamond.,Top up 60 Diamond.
10391,,300,10027,{14=10;5000=30;gold=60000;2102=10},22,,Top up 300 Diamond.,Top up 300 Diamond.
10392,,600,10027,{930=30;gold=60000;14=10;2102=10},22,,Top up 600 Diamond.,Top up 600 Diamond.
10393,,980,10027,{14=15;gold=80000;902=20;2103=10},22,,Top up 980 Diamond.,Top up 980 Diamond.
10394,,1980,10027,{502=15;gold=80000;14=15;2103=10},22,,Top up 1980 Diamond.,Top up 1980 Diamond.
10395,,3280,10027,{14=15;gold=100000;902=30;2103=10},22,,Top up 3280 Diamond.,Top up 3280 Diamond.
10396,,6480,10027,{502=30;6053=1;gold=100000;14=20},22,,Top up 6480 Diamond.,Top up 6480 Diamond.
10397,,9680,10027,{14=20;6052=1;gold=120000;501=5},22,,Top up 9680 Diamond.,Top up 9680 Diamond.
10398,,12000,10027,{14=30;6054=1;gold=120000;902=50},22,,Top up 12000 Diamond.,Top up 12000 Diamond.
10399,,15000,10027,{502=30;6051=1;gold=180000;14=30},22,,Top up 15000 Diamond.,Top up 15000 Diamond.
10400,,20000,10027,{14=50;942=1;gold=200000;902=50},22,,Top up 20000 Diamond.,Top up 20000 Diamond.
10401,,25000,10027,{14=50;604=50;gold=300000;521=30},22,,Top up 25000 Diamond.,Top up 25000 Diamond.
10411,,5,10028,{961=1;4000=50;gold=20000},94,,Collect Spirit Beasts 5 times.,Collect Spirit Beasts 5 times.
10412,,10,10028,{961=1;4000=50;gold=30000},94,,Collect Spirit Beasts 10 times.,Collect Spirit Beasts 10 times.
10413,,30,10028,{962=1;4000=100;gold=40000},94,,Collect Spirit Beasts 30 times.,Collect Spirit Beasts 30 times.
10414,,50,10028,{962=1;4000=100;gold=50000},94,,Collect Spirit Beasts 50 times.,Collect Spirit Beasts 50 times.
10415,,70,10028,{962=1;4000=100;gold=60000},94,,Collect Spirit Beasts 70 times.,Collect Spirit Beasts 70 times.
10416,,100,10028,{963=1;4000=200;gold=80000},94,,Collect Spirit Beasts 100 times.,Collect Spirit Beasts 100 times.
10417,,150,10028,{963=1;4000=200;gold=100000},94,,Collect Spirit Beasts 150 times.,Collect Spirit Beasts 150 times.
10421,,10,10029,{501=3;502=3;100=3;2103=5;gold=100000},52,,Withdraw Accessories 10 times.,Withdraw Accessories 10 times.
10422,,30,10029,{501=4;502=4;100=4;2103=5;gold=200000},52,,Withdraw Accessories 30 times.,Withdraw Accessories 30 times.
10423,,60,10029,{501=5;502=5;100=5;2103=10;gold=300000},52,,Withdraw Accessories 60 times.,Withdraw Accessories 60 times.
10424,,100,10029,{501=6;502=6;100=6;2152=1;2103=20;gold=400000},52,,Withdraw Accessories 100 times.,Withdraw Accessories 100 times.
10425,,150,10029,{501=7;502=7;6059=1;942=1;2103=30;gold=500000},52,,Withdraw Accessories 150 times.,Withdraw Accessories 150 times.
10426,,200,10029,{501=8;502=8;6059=2;2152=1;2103=40;gold=800000},52,,Withdraw Accessories 200 times.,Withdraw Accessories 200 times.
10427,,300,10029,{501=10;6059=3;502=10;2153=1;2103=50;gold=1000000},52,,Withdraw Accessories 300 times.,Withdraw Accessories 300 times.
10430,,1,10030,{card={id=1191}},17,,Total login 1 day.,Total login 1 day.
10440,,300,10031,{930=10;5000=10;gold=60000},21,,Accumulated spending 300 Diamond.,Accumulated spending 300 Diamond.
10441,,1000,10031,{5000=15;22131=10;gold=80000},21,,Accumulated spending 1000 Diamond.,Accumulated spending 1000 Diamond.
10442,,2000,10031,{452=20;gold=80000;5000=10},21,,Accumulated spending 2000 Diamond.,Accumulated spending 2000 Diamond.
10443,,4000,10031,{5000=15;22131=20;gold=100000},21,,Accumulated spending 4000 Diamond.,Accumulated spending 4000 Diamond.
10444,,7000,10031,{452=30;gold=120000;5000=15},21,,Accumulated spending 7000 Diamond.,Accumulated spending 7000 Diamond.
10445,,10000,10031,{5000=15;22131=30;gold=120000},21,,Accumulated spending 10000 Diamond.,Accumulated spending 10000 Diamond.
10446,,14000,10031,{452=40;gold=140000;5000=20},21,,Accumulated spending 14000 Diamond.,Accumulated spending 14000 Diamond.
10447,,18000,10031,{5000=20;22131=40;gold=160000},21,,Accumulated spending 18000 Diamond.,Accumulated spending 18000 Diamond.
10448,,22000,10031,{452=50;gold=180000;5000=25},21,,Accumulated spending 22000 Diamond.,Accumulated spending 22000 Diamond.
10449,,25000,10031,{5000=30;22131=50;gold=200000},21,,Accumulated spending 25000 Diamond.,Accumulated spending 25000 Diamond.
10450,,300,10032,{930=10;5000=10;gold=60000},21,,Accumulated spending 300 Diamond.,Accumulated spending 300 Diamond.
10451,,1000,10032,{5000=15;22131=10;gold=80000},21,,Accumulated spending 1000 Diamond.,Accumulated spending 1000 Diamond.
10452,,2000,10032,{452=20;gold=80000;5000=10},21,,Accumulated spending 2000 Diamond.,Accumulated spending 2000 Diamond.
10453,,4000,10032,{5000=15;22131=20;gold=100000},21,,Accumulated spending 4000 Diamond.,Accumulated spending 4000 Diamond.
10454,,7000,10032,{452=30;gold=120000;5000=15},21,,Accumulated spending 7000 Diamond.,Accumulated spending 7000 Diamond.
10455,,10000,10032,{5000=15;22131=30;gold=120000},21,,Accumulated spending 10000 Diamond.,Accumulated spending 10000 Diamond.
10456,,14000,10032,{452=40;gold=140000;5000=20},21,,Accumulated spending 14000 Diamond.,Accumulated spending 14000 Diamond.
10457,,18000,10032,{5000=20;22131=40;gold=160000},21,,Accumulated spending 18000 Diamond.,Accumulated spending 18000 Diamond.
10458,,22000,10032,{452=50;gold=180000;5000=25},21,,Accumulated spending 22000 Diamond.,Accumulated spending 22000 Diamond.
10459,,25000,10032,{5000=30;22131=50;gold=200000},21,,Accumulated spending 25000 Diamond.,Accumulated spending 25000 Diamond.
10460,,300,10033,{930=10;5000=10;gold=60000},21,,Accumulated spending 300 Diamond.,Accumulated spending 300 Diamond.
10461,,1000,10033,{5000=15;22131=10;gold=80000},21,,Accumulated spending 1000 Diamond.,Accumulated spending 1000 Diamond.
10462,,2000,10033,{452=20;gold=80000;5000=10},21,,Accumulated spending 2000 Diamond.,Accumulated spending 2000 Diamond.
10463,,4000,10033,{5000=15;22131=20;gold=100000},21,,Accumulated spending 4000 Diamond.,Accumulated spending 4000 Diamond.
10464,,7000,10033,{452=30;gold=120000;5000=15},21,,Accumulated spending 7000 Diamond.,Accumulated spending 7000 Diamond.
10465,,10000,10033,{5000=15;22131=30;gold=120000},21,,Accumulated spending 10000 Diamond.,Accumulated spending 10000 Diamond.
10466,,14000,10033,{452=40;gold=140000;5000=20},21,,Accumulated spending 14000 Diamond.,Accumulated spending 14000 Diamond.
10467,,18000,10033,{5000=20;22131=40;gold=160000},21,,Accumulated spending 18000 Diamond.,Accumulated spending 18000 Diamond.
10468,,22000,10033,{452=50;gold=180000;5000=25},21,,Accumulated spending 22000 Diamond.,Accumulated spending 22000 Diamond.
10469,,25000,10033,{5000=30;22131=50;gold=200000},21,,Accumulated spending 25000 Diamond.,Accumulated spending 25000 Diamond.
10470,,20,10034,{521=1;516=1;529=100;972=1;gold=100000},104,,Draw a Bronze Symbol card 20 times.,Draw a Bronze Symbol card 20 times.
10471,,40,10034,{521=2;516=2;529=200;972=1;gold=200000},104,,Draw Bronze Symbol Card 40 times.,Draw Bronze Symbol Card 40 times.
10472,,60,10034,{521=3;516=3;529=300;972=1;gold=300000},104,,Draw Bronze Symbol Card 60 times.,Draw Bronze Symbol Card 60 times.
10473,,10,10034,{521=1;516=1;529=100;972=1;gold=100000},107,,Draw Diamond Symbol Card 10 times (including Limited Symbol Event).,Draw Diamond Symbol Card 10 times (including Limited Symbol Event).
10474,,30,10034,{521=2;516=2;529=200;992=1;gold=200000},107,,Draw Diamond Symbol Card 30 times (including Limited Symbol Event).,Draw Diamond Symbol Card 30 times (including Limited Symbol Event).
10475,,60,10034,{521=3;516=3;973=1;529=300;gold=300000},107,,Draw Diamond Symbol Card 60 times (including Limited Symbol Event).,Draw Diamond Symbol Card 60 times (including Limited Symbol Event).
10476,,100,10034,{521=4;516=3;993=1;529=500;gold=500000},107,,Draw Diamond Symbol Card 100 times (including Limited Symbol Event).,Draw Diamond Symbol Card 100 times (including Limited Symbol Event).
10477,,150,10034,{521=5;516=4;974=1;529=600;gold=600000},107,,Draw Diamond Symbol Card 150 times (including Limited Symbol Event).,Draw Diamond Symbol Card 150 times (including Limited Symbol Event).
10478,,220,10034,{521=5;516=5;529=800;gold=800000;974=2},107,,Draw Diamond Symbol Card 220 times (including Limited Symbol Event).,Draw Diamond Symbol Card 220 times (including Limited Symbol Event).
10479,,300,10034,{521=5;516=5;529=1000;gold=1000000;994=1},107,,Draw Diamond Symbol Card 300 times (including Limited Symbol Event).,Draw Diamond Symbol Card 300 times (including Limited Symbol Event).
10480,,300,10035,{930=10;5000=10;gold=60000},21,,Accumulated spending 300 Diamond.,Accumulated spending 300 Diamond.
10481,,1000,10035,{5000=15;22131=10;gold=80000},21,,Accumulated spending 1000 Diamond.,Accumulated spending 1000 Diamond.
10482,,2000,10035,{452=20;gold=80000;5000=10},21,,Accumulated spending 2000 Diamond.,Accumulated spending 2000 Diamond.
10483,,4000,10035,{5000=15;22131=20;gold=100000},21,,Accumulated spending 4000 Diamond.,Accumulated spending 4000 Diamond.
10484,,7000,10035,{452=30;gold=120000;5000=15},21,,Accumulated spending 7000 Diamond.,Accumulated spending 7000 Diamond.
10485,,10000,10035,{5000=15;22131=30;gold=120000},21,,Accumulated spending 10000 Diamond.,Accumulated spending 10000 Diamond.
10486,,14000,10035,{452=40;gold=140000;5000=20},21,,Accumulated spending 14000 Diamond.,Accumulated spending 14000 Diamond.
10487,,18000,10035,{5000=20;22131=40;gold=160000},21,,Accumulated spending 18000 Diamond.,Accumulated spending 18000 Diamond.
10488,,22000,10035,{452=50;gold=180000;5000=25},21,,Accumulated spending 22000 Diamond.,Accumulated spending 22000 Diamond.
10489,,25000,10035,{5000=30;22131=50;gold=200000},21,,Accumulated spending 25000 Diamond.,Accumulated spending 25000 Diamond.
10490,,300,10036,{930=10;5000=10;gold=60000},21,,Accumulated spending 300 Diamond.,Accumulated spending 300 Diamond.
10491,,1000,10036,{5000=15;22131=10;gold=80000},21,,Accumulated spending 1000 Diamond.,Accumulated spending 1000 Diamond.
10492,,2000,10036,{452=20;gold=80000;5000=10},21,,Accumulated spending 2000 Diamond.,Accumulated spending 2000 Diamond.
10493,,4000,10036,{5000=15;22131=20;gold=100000},21,,Accumulated spending 4000 Diamond.,Accumulated spending 4000 Diamond.
10494,,7000,10036,{452=30;gold=120000;5000=15},21,,Accumulated spending 7000 Diamond.,Accumulated spending 7000 Diamond.
10495,,10000,10036,{5000=15;22131=30;gold=120000},21,,Accumulated spending 10000 Diamond.,Accumulated spending 10000 Diamond.
10496,,14000,10036,{452=40;gold=140000;5000=20},21,,Accumulated spending 14000 Diamond.,Accumulated spending 14000 Diamond.
10497,,18000,10036,{5000=20;22131=40;gold=160000},21,,Accumulated spending 18000 Diamond.,Accumulated spending 18000 Diamond.
10498,,22000,10036,{452=50;gold=180000;5000=25},21,,"Spend 22,000 Diamond.","Spend 22,000 Diamond."
10499,,25000,10036,{5000=30;22131=50;gold=200000},21,,"Spend 25,000 Diamond.","Spend 25,000 Diamond."
10500,,1,10037,{6364=20;gold=999999;rmb=199;502=10},17,,Log in for 1 day.,Log in for 1 day.
10501,,2,10037,{6364=20;520=5;gold=999999;rmb=299},17,,Log in for 2 days.,Log in for 2 days.
10502,,3,10037,{6364=20;501=10;gold=999999;rmb=399},17,,Log in for 3 days.,Log in for 3 days.
10503,,4,10037,{502=10;6364=20;gold=2000000;rmb=599},17,,Log in for 4 days.,Log in for 4 days.
10504,,5,10037,{521=5;6364=20;gold=2000000;rmb=699},17,,Log in for 5 days.,Log in for 5 days.
10505,,6,10037,{16=20;6364=20;gold=2000000;rmb=999},17,,Log in for 6 days.,Log in for 6 days.
10506,,7,10037,{521=10;6364=20;gold=2000000;rmb=1999},17,,Log in for 7 days.,Log in for 7 days.
10510,,75,10038,{14=50;6364=30;gold=1000000;521=5;500=1},22,,Top up 75 Diamond.,Top up 75 Diamond.
10511,,300,10038,{14=30;6364=20;gold=500000;502=5;500=1},21,,Spend 300 Diamond.,Spend 300 Diamond.
10512,,1000000,10038,{14=30;6364=20;gold=500000;502=5;500=1},20,,"Spend 1,000,000 Gold.","Spend 1,000,000 Gold."
10513,,1,10038,{14=30;6364=20;gold=500000;502=5;500=1},37,,Increase ninja star 1 time.,Increase ninja star 1 time.
10514,,5,10038,{14=30;6364=20;gold=500000;502=5;500=1},41,,Fight in Arena 5 times.,Fight in Arena 5 times.
10515,,2,10038,{14=30;6364=20;gold=500000;502=5;500=1},35,,Level up ninja 2 times.,Level up ninja 2 times.
10516,,5,10038,{14=30;6364=20;gold=500000;502=5;500=1},64,,Clear 5 floors in Anbu special training.,Clear 5 floors in Anbu special training.
10517,,2,10038,{14=30;6364=20;gold=500000;502=5;500=1},66,,Fight in virtual challenge 2 times.,Fight in virtual challenge 2 times.
10518,,2,10038,{14=30;6364=20;gold=500000;502=5;500=1},32,,Normal challenge 2 times.,Normal challenge 2 times.
10519,,,10038,{14=30;6364=20;gold=500000;502=5;500=1},86,{1=4},Complete S-rank or higher delivery mission 1 time.,Complete S-rank or higher delivery mission 1 time.
10520,,5,10038,{14=30;6364=20;gold=500000;502=5;500=1},18,,Collect treasure 5 times.,Collect treasure 5 times.
10521,,20,10038,{14=30;6364=20;gold=500000;502=5;500=1},34,,Upgrade skills 20 times.,Upgrade skills 20 times.
10522,,3,10038,{14=30;6364=20;gold=500000;502=5;500=1},26,,Buy stamina 3 times.,Buy stamina 3 times.
10530,,300,10039,{930=10;5000=10;gold=60000},21,,Spend 300 Diamond.,Spend 300 Diamond.
10531,,1000,10039,{5000=15;22131=10;gold=80000},21,,"Spend 1,000 Diamond.","Spend 1,000 Diamond."
10532,,2000,10039,{452=20;gold=80000;5000=10},21,,"Spend 2,000 Diamond.","Spend 2,000 Diamond."
10533,,4000,10039,{5000=15;22131=20;gold=100000},21,,Accumulated spending 4000 Diamond.,Accumulated spending 4000 Diamond.
10534,,7000,10039,{452=30;gold=120000;5000=15},21,,Accumulated spending 7000 Diamond.,Accumulated spending 7000 Diamond.
10535,,10000,10039,{5000=15;22131=30;gold=120000},21,,Accumulated spending 10000 Diamond.,Accumulated spending 10000 Diamond.
10536,,14000,10039,{452=40;gold=140000;5000=20},21,,Accumulated spending 14000 Diamond.,Accumulated spending 14000 Diamond.
10537,,18000,10039,{5000=20;22131=40;gold=160000},21,,Accumulated spending 18000 Diamond.,Accumulated spending 18000 Diamond.
10538,,22000,10039,{452=50;gold=180000;5000=25},21,,Accumulated spending 22000 Diamond.,Accumulated spending 22000 Diamond.
10539,,25000,10039,{5000=30;22131=50;gold=200000},21,,Accumulated spending 25000 Diamond.,Accumulated spending 25000 Diamond.
10540,,300,10040,{930=10;5000=10;gold=60000},21,,Accumulated spending 300 Diamond.,Accumulated spending 300 Diamond.
10541,,1000,10040,{5000=15;22131=10;gold=80000},21,,Accumulated spending 1000 Diamond.,Accumulated spending 1000 Diamond.
10542,,2000,10040,{452=20;gold=80000;5000=10},21,,Accumulated spending 2000 Diamond.,Accumulated spending 2000 Diamond.
10543,,4000,10040,{5000=15;22131=20;gold=100000},21,,Accumulated spending 4000 Diamond.,Accumulated spending 4000 Diamond.
10544,,7000,10040,{452=30;gold=120000;5000=15},21,,Accumulated spending 7000 Diamond.,Accumulated spending 7000 Diamond.
10545,,10000,10040,{5000=15;22131=30;gold=120000},21,,Accumulated spending 10000 Diamond.,Accumulated spending 10000 Diamond.
10546,,14000,10040,{452=40;gold=140000;5000=20},21,,Accumulated spending 14000 Diamond.,Accumulated spending 14000 Diamond.
10547,,18000,10040,{5000=20;22131=40;gold=160000},21,,Accumulated spending 18000 Diamond.,Accumulated spending 18000 Diamond.
10548,,22000,10040,{452=50;gold=180000;5000=25},21,,Accumulated spending 22000 Diamond.,Accumulated spending 22000 Diamond.
10549,,25000,10040,{5000=30;22131=50;gold=200000},21,,Accumulated spending 25000 Diamond.,Accumulated spending 25000 Diamond.
10550,,300,10041,{930=10;5000=10;gold=60000},21,,Accumulated spending 300 Diamond.,Accumulated spending 300 Diamond.
10551,,1000,10041,{22401=10;gold=80000;5000=15},21,,Accumulated spending 1000 Diamond.,Accumulated spending 1000 Diamond.
10552,,2000,10041,{452=20;gold=80000;5000=10},21,,Accumulated spending 2000 Diamond.,Accumulated spending 2000 Diamond.
10553,,4000,10041,{22401=20;gold=100000;5000=15},21,,Accumulated spending 4000 Diamond.,Accumulated spending 4000 Diamond.
10554,,7000,10041,{452=30;gold=120000;5000=15},21,,Accumulated spending 7000 Diamond.,Accumulated spending 7000 Diamond.
10555,,10000,10041,{22401=30;gold=120000;5000=15},21,,Accumulated spending 10000 Diamond.,Accumulated spending 10000 Diamond.
10556,,14000,10041,{452=40;gold=140000;5000=20},21,,Accumulated spending 14000 Diamond.,Accumulated spending 14000 Diamond.
10557,,18000,10041,{22401=40;gold=160000;5000=20},21,,Accumulated spending 18000 Diamond.,Accumulated spending 18000 Diamond.
10558,,22000,10041,{452=50;gold=180000;5000=25},21,,Accumulated spending 22000 Diamond.,Accumulated spending 22000 Diamond.
10559,,25000,10041,{22401=50;gold=200000;5000=30},21,,Accumulated spending 25000 Diamond.,Accumulated spending 25000 Diamond.
10560,,300,10042,{930=10;5000=10;gold=60000},21,,Accumulated spending 300 Diamond.,Accumulated spending 300 Diamond.
10561,,1000,10042,{6180=10;gold=80000;5000=15},21,,Accumulated spending 1000 Diamond.,Accumulated spending 1000 Diamond.
10562,,2000,10042,{452=20;gold=80000;5000=10},21,,Accumulated spending 2000 Diamond.,Accumulated spending 2000 Diamond.
10563,,4000,10042,{6180=20;gold=100000;5000=15},21,,Accumulated spending 4000 Diamond.,Accumulated spending 4000 Diamond.
10564,,7000,10042,{452=30;gold=120000;5000=15},21,,Accumulated spending 7000 Diamond.,Accumulated spending 7000 Diamond.
10565,,10000,10042,{6180=30;gold=120000;5000=15},21,,Accumulated spending 10000 Diamond.,Accumulated spending 10000 Diamond.
10566,,14000,10042,{452=40;gold=140000;5000=20},21,,Accumulated spending 14000 Diamond.,Accumulated spending 14000 Diamond.
10567,,18000,10042,{6180=40;gold=160000;5000=20},21,,Accumulated spending 18000 Diamond.,Accumulated spending 18000 Diamond.
10568,,22000,10042,{452=50;gold=180000;5000=25},21,,Accumulated spending 22000 Diamond.,Accumulated spending 22000 Diamond.
10569,,25000,10042,{6180=50;gold=200000;5000=30},21,,Accumulated spending 25000 Diamond.,Accumulated spending 25000 Diamond.
10570,,30000,10042,{452=60;gold=250000;5000=40},21,,Accumulated spending 30000 Diamond.,Accumulated spending 30000 Diamond.
10571,,40000,10042,{6180=60;gold=300000;5000=50},21,,Accumulated spending 40000 Diamond.,Accumulated spending 40000 Diamond.
10580,,300,10043,{930=10;5000=10;gold=60000},21,,Accumulated spending 300 Diamond.,Accumulated spending 300 Diamond.
10581,,1000,10043,{6181=10;gold=80000;5000=15},21,,Accumulated spending 1000 Diamond.,Accumulated spending 1000 Diamond.
10582,,2000,10043,{452=20;gold=80000;5000=10},21,,Accumulated spending 2000 Diamond.,Accumulated spending 2000 Diamond.
10583,,4000,10043,{6181=20;gold=100000;5000=15},21,,Accumulated spending 4000 Diamond.,Accumulated spending 4000 Diamond.
10584,,7000,10043,{452=30;gold=120000;5000=15},21,,Accumulated spending 7000 Diamond.,Accumulated spending 7000 Diamond.
10585,,10000,10043,{6181=30;gold=120000;5000=15},21,,Accumulated spending 10000 Diamond.,Accumulated spending 10000 Diamond.
10586,,14000,10043,{452=40;gold=140000;5000=20},21,,Accumulated spending 14000 Diamond.,Accumulated spending 14000 Diamond.
10587,,18000,10043,{6181=40;gold=160000;5000=20},21,,Accumulated spending 18000 Diamond.,Accumulated spending 18000 Diamond.
10588,,22000,10043,{452=50;gold=180000;5000=25},21,,Accumulated spending 22000 Diamond.,Accumulated spending 22000 Diamond.
10589,,25000,10043,{6181=50;gold=200000;5000=30},21,,Accumulated spending 25000 Diamond.,Accumulated spending 25000 Diamond.
10590,,30000,10043,{452=60;gold=250000;5000=40},21,,Accumulated spending 30000 Diamond.,Accumulated spending 30000 Diamond.
10591,,40000,10043,{6181=60;gold=300000;5000=50},21,,Accumulated spending 40000 Diamond.,Accumulated spending 40000 Diamond.
10600,,300,10044,{930=10;5000=10;gold=60000},21,,Accumulated spending 300 Diamond.,Accumulated spending 300 Diamond.
10601,,1000,10044,{6182=10;gold=80000;5000=15},21,,Accumulated spending 1000 Diamond.,Accumulated spending 1000 Diamond.
10602,,2000,10044,{452=20;gold=80000;5000=10},21,,Accumulated spending 2000 Diamond.,Accumulated spending 2000 Diamond.
10603,,4000,10044,{6182=20;gold=100000;5000=15},21,,Accumulated spending 4000 Diamond.,Accumulated spending 4000 Diamond.
10604,,7000,10044,{452=30;gold=120000;5000=15},21,,Accumulated spending 7000 Diamond.,Accumulated spending 7000 Diamond.
10605,,10000,10044,{6182=30;gold=120000;5000=15},21,,Accumulated spending 10000 Diamond.,Accumulated spending 10000 Diamond.
10606,,14000,10044,{452=40;gold=140000;5000=20},21,,Accumulated spending 14000 Diamond.,Accumulated spending 14000 Diamond.
10607,,18000,10044,{6182=40;gold=160000;5000=20},21,,Accumulated spending 18000 Diamond.,Accumulated spending 18000 Diamond.
10608,,22000,10044,{452=50;gold=180000;5000=25},21,,Accumulated spending 22000 Diamond.,Accumulated spending 22000 Diamond.
10609,,25000,10044,{6182=50;gold=200000;5000=30},21,,Accumulated spending 25000 Diamond.,Accumulated spending 25000 Diamond.
10610,,30000,10044,{452=60;gold=250000;5000=40},21,,Accumulated spending 30000 Diamond.,Accumulated spending 30000 Diamond.
10611,,40000,10044,{6182=60;gold=300000;5000=50},21,,Accumulated spending 40000 Diamond.,Accumulated spending 40000 Diamond.
10620,,300,10045,{930=10;5000=10;gold=60000},21,,Accumulated spending 300 Diamond.,Accumulated spending 300 Diamond.
10621,,1000,10045,{6183=10;gold=80000;5000=15},21,,Accumulated spending 1000 Diamond.,Accumulated spending 1000 Diamond.
10622,,2000,10045,{452=20;gold=80000;5000=10},21,,Accumulated spending 2000 Diamond.,Accumulated spending 2000 Diamond.
10623,,4000,10045,{6183=20;gold=100000;5000=15},21,,Accumulated spending 4000 Diamond.,Accumulated spending 4000 Diamond.
10624,,7000,10045,{452=30;gold=120000;5000=15},21,,Accumulated spending 7000 Diamond.,Accumulated spending 7000 Diamond.
10625,,10000,10045,{6183=30;gold=120000;5000=15},21,,Accumulated spending 10000 Diamond.,Accumulated spending 10000 Diamond.
10626,,14000,10045,{452=40;gold=140000;5000=20},21,,Accumulated spending 14000 Diamond.,Accumulated spending 14000 Diamond.
10627,,18000,10045,{6183=40;gold=160000;5000=20},21,,Accumulated spending 18000 Diamond.,Accumulated spending 18000 Diamond.
10628,,22000,10045,{452=50;gold=180000;5000=25},21,,Accumulated spending 22000 Diamond.,Accumulated spending 22000 Diamond.
10629,,25000,10045,{6183=50;gold=200000;5000=30},21,,Accumulated spending 25000 Diamond.,Accumulated spending 25000 Diamond.
10630,,30000,10045,{452=60;gold=250000;5000=40},21,,Accumulated spending 30000 Diamond.,Accumulated spending 30000 Diamond.
10631,,40000,10045,{6183=60;gold=300000;5000=50},21,,Accumulated spending 40000 Diamond.,Accumulated spending 40000 Diamond.
10640,,300,10046,{930=10;5000=10;gold=60000},21,,Accumulated spending 300 Diamond.,Accumulated spending 300 Diamond.
10641,,1000,10046,{6184=10;gold=80000;5000=15},21,,Accumulated spending 1000 Diamond.,Accumulated spending 1000 Diamond.
10642,,2000,10046,{452=20;gold=80000;5000=10},21,,Accumulated spending 2000 Diamond.,Accumulated spending 2000 Diamond.
10643,,4000,10046,{6184=20;gold=100000;5000=15},21,,Accumulated spending 4000 Diamond.,Accumulated spending 4000 Diamond.
10644,,7000,10046,{452=30;gold=120000;5000=15},21,,Accumulated spending 7000 Diamond.,Accumulated spending 7000 Diamond.
10645,,10000,10046,{6184=30;gold=120000;5000=15},21,,Accumulated spending 10000 Diamond.,Accumulated spending 10000 Diamond.
10646,,14000,10046,{452=40;gold=140000;5000=20},21,,Accumulated spending 14000 Diamond.,Accumulated spending 14000 Diamond.
10647,,18000,10046,{6184=40;gold=160000;5000=20},21,,Accumulated spending 18000 Diamond.,Accumulated spending 18000 Diamond.
10648,,22000,10046,{452=50;gold=180000;5000=25},21,,Accumulated spending 22000 Diamond.,Accumulated spending 22000 Diamond.
10649,,25000,10046,{6184=50;gold=200000;5000=30},21,,Accumulated spending 25000 Diamond.,Accumulated spending 25000 Diamond.
10650,,30000,10046,{452=60;gold=250000;5000=40},21,,Accumulated spending 30000 Diamond.,Accumulated spending 30000 Diamond.
10651,,40000,10046,{6184=60;gold=300000;5000=50},21,,Accumulated spending 40000 Diamond.,Accumulated spending 40000 Diamond.
10660,,60,10047,{14=10;gold=60000;2102=10;rmb=60},22,,Deposit 60 Diamond.,Deposit 60 Diamond.
10661,,300,10047,{14=10;5000=30;gold=60000;2102=10},22,,Deposit 300 Diamond.,Deposit 300 Diamond.
10662,,600,10047,{930=30;gold=60000;14=10;2102=10},22,,Deposit 600 Diamond.,Deposit 600 Diamond.
10663,,980,10047,{14=15;gold=80000;902=20;2103=10},22,,Deposit 980 Diamond.,Deposit 980 Diamond.
10664,,1980,10047,{502=15;gold=80000;14=15;2103=10},22,,Deposit 1980 Diamond.,Deposit 1980 Diamond.
10665,,3280,10047,{14=15;gold=100000;902=30;2103=10},22,,Deposit 3280 Diamond.,Deposit 3280 Diamond.
10666,,6480,10047,{502=30;6053=1;gold=100000;14=20},22,,Deposit 6480 Diamond.,Deposit 6480 Diamond.
10667,,9680,10047,{14=20;6052=1;gold=120000;501=5},22,,Deposit 9680 Diamond.,Deposit 9680 Diamond.
10668,,12000,10047,{14=30;6054=1;gold=120000;902=50},22,,Deposit 12000 Diamond.,Deposit 12000 Diamond.
10669,,15000,10047,{502=30;6051=1;gold=180000;14=30},22,,Deposit 15000 Diamond.,Deposit 15000 Diamond.
10670,,20000,10047,{14=50;942=1;gold=200000;902=50},22,,Deposit 20000 Diamond.,Deposit 20000 Diamond.
10671,,25000,10047,{14=50;604=50;gold=300000;521=30},22,,Deposit 25000 Diamond.,Deposit 25000 Diamond.
10672,,30000,10047,{14=70;gold=500000;963=2;902=50},22,,Deposit 30000 Diamond.,Deposit 30000 Diamond.
10673,,40000,10047,{14=70;gold=500000;501=5;2153=1},22,,Deposit 40000 Diamond.,Deposit 40000 Diamond.
10674,,50000,10047,{14=100;604=50;gold=1000000;521=30},22,,Deposit 50000 Diamond.,Deposit 50000 Diamond.
10680,,300,10048,{930=10;5000=10;gold=60000},21,,Accumulated spending 300 Diamond.,Accumulated spending 300 Diamond.
10681,,1000,10048,{6185=10;gold=80000;5000=15},21,,Accumulated spending 1000 Diamond.,Accumulated spending 1000 Diamond.
10682,,2000,10048,{452=20;gold=80000;5000=10},21,,Accumulated spending 2000 Diamond.,Accumulated spending 2000 Diamond.
10683,,4000,10048,{6185=20;gold=100000;5000=15},21,,Accumulated spending 4000 Diamond.,Accumulated spending 4000 Diamond.
10684,,7000,10048,{452=30;gold=120000;5000=15},21,,Accumulated spending 7000 Diamond.,Accumulated spending 7000 Diamond.
10685,,10000,10048,{6185=30;gold=120000;5000=15},21,,Accumulated spending 10000 Diamond.,Accumulated spending 10000 Diamond.
10686,,14000,10048,{452=40;gold=140000;5000=20},21,,Accumulated spending 14000 Diamond.,Accumulated spending 14000 Diamond.
10687,,18000,10048,{6185=40;gold=160000;5000=20},21,,Accumulated spending 18000 Diamond.,Accumulated spending 18000 Diamond.
10688,,22000,10048,{452=50;gold=180000;5000=25},21,,Accumulated spending 22000 Diamond.,Accumulated spending 22000 Diamond.
10689,,25000,10048,{6185=50;gold=200000;5000=30},21,,Accumulated spending 25000 Diamond.,Accumulated spending 25000 Diamond.
10690,,30000,10048,{452=60;gold=250000;5000=40},21,,Accumulated spending 30000 Diamond.,Accumulated spending 30000 Diamond.
10691,,40000,10048,{6185=60;gold=300000;5000=50},21,,Accumulated spending 40000 Diamond.,Accumulated spending 40000 Diamond.
10700,,300,10049,{930=10;5000=10;gold=60000},21,,Accumulated spending 300 Diamond.,Accumulated spending 300 Diamond.
10701,,1000,10049,{6186=10;5000=15;gold=80000},21,,Accumulated spending 1000 Diamond.,Accumulated spending 1000 Diamond.
10702,,2000,10049,{452=20;gold=80000;5000=10},21,,Accumulated spending 2000 Diamond.,Accumulated spending 2000 Diamond.
10703,,4000,10049,{6186=20;5000=15;gold=100000},21,,Accumulated spending 4000 Diamond.,Accumulated spending 4000 Diamond.
10704,,7000,10049,{452=30;gold=120000;5000=15},21,,Accumulated spending 7000 Diamond.,Accumulated spending 7000 Diamond.
10705,,10000,10049,{6186=30;5000=15;gold=120000},21,,Accumulated spending 10000 Diamond.,Accumulated spending 10000 Diamond.
10706,,14000,10049,{452=40;gold=140000;5000=20},21,,Accumulated spending 14000 Diamond.,Accumulated spending 14000 Diamond.
10707,,18000,10049,{6186=40;5000=20;gold=160000},21,,Accumulated spending 18000 Diamond.,Accumulated spending 18000 Diamond.
10708,,22000,10049,{452=50;gold=180000;5000=25},21,,Accumulated spending 22000 Diamond.,Accumulated spending 22000 Diamond.
10709,,25000,10049,{6186=50;5000=30;gold=200000},21,,Accumulated spending 25000 Diamond.,Accumulated spending 25000 Diamond.
10710,,30000,10049,{452=60;gold=250000;5000=40},21,,Accumulated spending 30000 Diamond.,Accumulated spending 30000 Diamond.
10711,,40000,10049,{6186=60;5000=50;gold=300000},21,,Accumulated spending 40000 Diamond.,Accumulated spending 40000 Diamond.
10720,,300,10050,{930=10;5000=10;gold=60000},21,,Accumulated spending 300 Diamond.,Accumulated spending 300 Diamond.
10721,,1000,10050,{6187=10;5000=15;gold=80000},21,,Accumulated spending 1000 Diamond.,Accumulated spending 1000 Diamond.
10722,,2000,10050,{452=20;gold=80000;5000=10},21,,Accumulated spending 2000 Diamond.,Accumulated spending 2000 Diamond.
10723,,4000,10050,{6187=20;5000=15;gold=100000},21,,Accumulated spending 4000 Diamond.,Accumulated spending 4000 Diamond.
10724,,7000,10050,{452=30;gold=120000;5000=15},21,,Accumulated spending 7000 Diamond.,Accumulated spending 7000 Diamond.
10725,,10000,10050,{6187=30;5000=15;gold=120000},21,,Accumulated spending 10000 Diamond.,Accumulated spending 10000 Diamond.
10726,,14000,10050,{452=40;gold=140000;5000=20},21,,Accumulated spending 14000 Diamond.,Accumulated spending 14000 Diamond.
10727,,18000,10050,{6187=40;5000=20;gold=160000},21,,Accumulated spending 18000 Diamond.,Accumulated spending 18000 Diamond.
10728,,22000,10050,{452=50;gold=180000;5000=25},21,,Accumulated spending 22000 Diamond.,Accumulated spending 22000 Diamond.
10729,,25000,10050,{6187=50;5000=30;gold=200000},21,,Accumulated spending 25000 Diamond.,Accumulated spending 25000 Diamond.
10730,,30000,10050,{452=60;gold=250000;5000=40},21,,Accumulated spending 30000 Diamond.,Accumulated spending 30000 Diamond.
10731,,40000,10050,{6187=60;5000=50;gold=300000},21,,Accumulated spending 40000 Diamond.,Accumulated spending 40000 Diamond.
10740,,300,10051,{930=10;5000=10;gold=60000},21,,Accumulated spending 300 Diamond.,Accumulated spending 300 Diamond.
10741,,1000,10051,{6188=10;gold=80000;5000=15},21,,Accumulated spending 1000 Diamond.,Accumulated spending 1000 Diamond.
10742,,2000,10051,{452=20;gold=80000;5000=10},21,,Accumulated spending 2000 Diamond.,Accumulated spending 2000 Diamond.
10743,,4000,10051,{6188=20;gold=100000;5000=15},21,,Accumulated spending 4000 Diamond.,Accumulated spending 4000 Diamond.
10744,,7000,10051,{452=30;gold=120000;5000=15},21,,Accumulated spending 7000 Diamond.,Accumulated spending 7000 Diamond.
10745,,10000,10051,{6188=30;gold=120000;5000=15},21,,Accumulated spending 10000 Diamond.,Accumulated spending 10000 Diamond.
10746,,14000,10051,{452=40;gold=140000;5000=20},21,,Accumulated spending 14000 Diamond.,Accumulated spending 14000 Diamond.
10747,,18000,10051,{6188=40;gold=160000;5000=20},21,,Accumulated spending 18000 Diamond.,Accumulated spending 18000 Diamond.
10748,,22000,10051,{452=50;gold=180000;5000=25},21,,Accumulated spending 22000 Diamond.,Accumulated spending 22000 Diamond.
10749,,25000,10051,{6188=50;gold=200000;5000=30},21,,Accumulated spending 25000 Diamond.,Accumulated spending 25000 Diamond.
10750,,30000,10051,{452=60;gold=250000;5000=40},21,,Accumulated spending 30000 Diamond.,Accumulated spending 30000 Diamond.
10751,,40000,10051,{6188=60;gold=300000;5000=50},21,,Accumulated spending 40000 Diamond.,Accumulated spending 40000 Diamond.
10760,,1,10052,{6324=10;519=2;gold=200000;rmb=50},17,,Login 1 day.,Login 1 day.
10761,,2,10052,{502=2;6324=10;gold=200000;rmb=50},17,,Login 2 days.,Login 2 days.
10762,,3,10052,{6324=10;519=2;gold=300000;rmb=100},17,,Login 3 days.,Login 3 days.
10763,,4,10052,{6324=10;gold=300000;501=1;rmb=50},17,,Login 4 days.,Login 4 days.
10764,,5,10052,{6324=10;519=2;gold=500000;rmb=100},17,,Login 5 days.,Login 5 days.
10770,,300,10053,{930=10;5000=10;gold=60000},21,,Accumulated spending 300 Diamond.,Accumulated spending 300 Diamond.
10771,,1000,10053,{6189=10;gold=80000;5000=15},21,,Accumulated spending 1000 Diamond.,Accumulated spending 1000 Diamond.
10772,,2000,10053,{452=20;gold=80000;5000=10},21,,Accumulated spending 2000 Diamond.,Accumulated spending 2000 Diamond.
10773,,4000,10053,{6189=20;gold=100000;5000=15},21,,Accumulated spending 4000 Diamond.,Accumulated spending 4000 Diamond.
10774,,7000,10053,{452=30;gold=120000;5000=15},21,,Accumulated spending 7000 Diamond.,Accumulated spending 7000 Diamond.
10775,,10000,10053,{6189=30;gold=120000;5000=15},21,,Accumulated spending 10000 Diamond.,Accumulated spending 10000 Diamond.
10776,,14000,10053,{452=40;gold=140000;5000=20},21,,Accumulated spending 14000 Diamond.,Accumulated spending 14000 Diamond.
10777,,18000,10053,{6189=40;gold=160000;5000=20},21,,"Accumulated spending 18,000 Diamond.","Accumulated spending 18,000 Diamond."
10778,,22000,10053,{452=50;gold=180000;5000=25},21,,"Accumulated spending 22,000 Diamond.","Accumulated spending 22,000 Diamond."
10779,,25000,10053,{6189=50;gold=200000;5000=30},21,,"Accumulated spending 25,000 Diamond.","Accumulated spending 25,000 Diamond."
10780,,30000,10053,{452=60;gold=250000;5000=40},21,,"Accumulated spending 30,000 Diamond.","Accumulated spending 30,000 Diamond."
10781,,40000,10053,{6189=60;gold=300000;5000=50},21,,"Accumulated spending 40,000 Diamond.","Accumulated spending 40,000 Diamond."
10790,,300,10054,{930=10;5000=10;gold=60000},21,,Accumulated spending 300 Diamond.,Accumulated spending 300 Diamond.
10791,,1000,10054,{6190=10;gold=80000;5000=15},21,,"Accumulated spending 1,000 Diamond.","Accumulated spending 1,000 Diamond."
10792,,2000,10054,{452=20;gold=80000;5000=10},21,,"Accumulated spending 2,000 Diamond.","Accumulated spending 2,000 Diamond."
10793,,4000,10054,{6190=20;gold=100000;5000=15},21,,"Accumulated spending 4,000 Diamond.","Accumulated spending 4,000 Diamond."
10794,,7000,10054,{452=30;gold=120000;5000=15},21,,"Accumulated spending 7,000 Diamond.","Accumulated spending 7,000 Diamond."
10795,,10000,10054,{6190=30;gold=120000;5000=15},21,,"Accumulated spending 10,000 Diamond.","Accumulated spending 10,000 Diamond."
10796,,14000,10054,{452=40;gold=140000;5000=20},21,,"Accumulated spending 14,000 Diamond.","Accumulated spending 14,000 Diamond."
10797,,18000,10054,{6190=40;gold=160000;5000=20},21,,"Accumulated spending 18,000 Diamond.","Accumulated spending 18,000 Diamond."
10798,,22000,10054,{452=50;gold=180000;5000=25},21,,"Accumulated spending 22,000 Diamond.","Accumulated spending 22,000 Diamond."
10799,,25000,10054,{6190=50;gold=200000;5000=30},21,,"Accumulated spending 25,000 Diamond.","Accumulated spending 25,000 Diamond."
10800,,30000,10054,{452=60;gold=250000;5000=40},21,,"Accumulated spending 30,000 Diamond.","Accumulated spending 30,000 Diamond."
10801,,40000,10054,{6190=60;gold=300000;5000=50},21,,"Accumulated spending 40,000 Diamond.","Accumulated spending 40,000 Diamond."
10810,,60,10055,{rmb=50;gold=60000},22,,Top up 60 Diamond.,Top up 60 Diamond.
10811,,300,10055,{rmb=150;gold=80000},22,,Deposit 300 Diamond.,Deposit 300 Diamond.
10812,,600,10055,{rmb=250;gold=100000},22,,Deposit 600 Diamond.,Deposit 600 Diamond.
10813,,980,10055,{rmb=350;gold=120000},22,,Deposit 980 Diamond.,Deposit 980 Diamond.
10814,,1980,10055,{rmb=400;gold=140000},22,,Deposit 1980 Diamond.,Deposit 1980 Diamond.
10815,,3280,10055,{rmb=650;gold=160000},22,,Deposit 3280 Diamond.,Deposit 3280 Diamond.
10816,,6480,10055,{rmb=1100;gold=180000},22,,Deposit 6480 Diamond.,Deposit 6480 Diamond.
10817,,9680,10055,{rmb=1300;gold=200000},22,,Deposit 9680 Diamond.,Deposit 9680 Diamond.
10818,,12000,10055,{rmb=1600;gold=220000},22,,Deposit 12000 Diamond.,Deposit 12000 Diamond.
10819,,15000,10055,{rmb=1600;gold=250000},22,,Deposit 15000 Diamond.,Deposit 15000 Diamond.
10820,,20000,10055,{rmb=2100;gold=300000},22,,Deposit 20000 Diamond.,Deposit 20000 Diamond.
10821,,25000,10055,{rmb=2300;gold=500000},22,,Deposit 25000 Diamond.,Deposit 25000 Diamond.
10822,,30000,10055,{rmb=2600;gold=500000},22,,Deposit 30000 Diamond.,Deposit 30000 Diamond.
10830,,300,10056,{930=10;5000=10;gold=60000},21,,Accumulated spending 300 Diamond.,Accumulated spending 300 Diamond.
10831,,1000,10056,{6191=10;gold=80000;5000=15},21,,Accumulated spending 1000 Diamond.,Accumulated spending 1000 Diamond.
10832,,2000,10056,{452=20;gold=80000;5000=10},21,,Accumulated spending 2000 Diamond.,Accumulated spending 2000 Diamond.
10833,,4000,10056,{6191=20;gold=100000;5000=15},21,,Accumulated spending 4000 Diamond.,Accumulated spending 4000 Diamond.
10834,,7000,10056,{452=30;gold=120000;5000=15},21,,Accumulated spending 7000 Diamond.,Accumulated spending 7000 Diamond.
10835,,10000,10056,{6191=30;gold=120000;5000=15},21,,Accumulated spending 10000 Diamond.,Accumulated spending 10000 Diamond.
10836,,14000,10056,{452=40;gold=140000;5000=20},21,,Accumulated spending 14000 Diamond.,Accumulated spending 14000 Diamond.
10837,,18000,10056,{6191=40;gold=160000;5000=20},21,,"Accumulated spending 18,000 Diamond.","Accumulated spending 18,000 Diamond."
10838,,22000,10056,{452=50;gold=180000;5000=25},21,,"Accumulated spending 22,000 Diamond.","Accumulated spending 22,000 Diamond."
10839,,25000,10056,{6191=50;gold=200000;5000=30},21,,"Accumulated spending 25,000 Diamond.","Accumulated spending 25,000 Diamond."
10840,,30000,10056,{452=60;gold=250000;5000=40},21,,"Accumulated spending 30,000 Diamond.","Accumulated spending 30,000 Diamond."
10841,,40000,10056,{6191=60;gold=300000;5000=50},21,,"Accumulated spending 40,000 Diamond.","Accumulated spending 40,000 Diamond."
10850,,300,10057,{930=10;5000=10;gold=60000},21,,Accumulated spending 300 Diamond.,Accumulated spending 300 Diamond.
10851,,1000,10057,{6192=10;gold=80000;5000=15},21,,"Accumulated spending 1,000 Diamond.","Accumulated spending 1,000 Diamond."
10852,,2000,10057,{452=20;gold=80000;5000=10},21,,"Accumulated spending 2,000 Diamond.","Accumulated spending 2,000 Diamond."
10853,,4000,10057,{6192=20;gold=100000;5000=15},21,,"Accumulated spending 4,000 Diamond.","Accumulated spending 4,000 Diamond."
10854,,7000,10057,{452=30;gold=120000;5000=15},21,,"Accumulated spending 7,000 Diamond.","Accumulated spending 7,000 Diamond."
10855,,10000,10057,{6192=30;gold=120000;5000=15},21,,"Accumulated spending 10,000 Diamond.","Accumulated spending 10,000 Diamond."
10856,,14000,10057,{452=40;gold=140000;5000=20},21,,"Accumulated spending 14,000 Diamond.","Accumulated spending 14,000 Diamond."
10857,,18000,10057,{6192=40;gold=160000;5000=20},21,,"Accumulated spending 18,000 Diamond.","Accumulated spending 18,000 Diamond."
10858,,22000,10057,{452=50;gold=180000;5000=25},21,,"Accumulated spending 22,000 Diamond.","Accumulated spending 22,000 Diamond."
10859,,25000,10057,{6192=50;gold=200000;5000=30},21,,"Accumulated spending 25,000 Diamond.","Accumulated spending 25,000 Diamond."
10860,,30000,10057,{452=60;gold=250000;5000=40},21,,"Accumulated spending 30,000 Diamond.","Accumulated spending 30,000 Diamond."
10861,,40000,10057,{6192=60;gold=300000;5000=50},21,,"Accumulated spending 40,000 Diamond.","Accumulated spending 40,000 Diamond."
10870,,60,10058,{14=10;gold=60000;2102=10;rmb=60},22,,Top up 60 Diamond.,Top up 60 Diamond.
10871,,300,10058,{14=10;5000=30;gold=60000;2102=10},22,,Deposit 300 Diamond.,Deposit 300 Diamond.
10872,,600,10058,{930=30;gold=60000;14=10;2102=10},22,,Deposit 600 Diamond.,Deposit 600 Diamond.
10873,,980,10058,{14=15;gold=80000;902=20;2103=10},22,,Deposit 980 Diamond.,Deposit 980 Diamond.
10874,,1980,10058,{502=15;gold=80000;14=15;2103=10},22,,Deposit 1980 Diamond.,Deposit 1980 Diamond.
10875,,3280,10058,{14=15;gold=100000;902=30;2103=10},22,,Deposit 3280 Diamond.,Deposit 3280 Diamond.
10876,,6480,10058,{502=30;6053=1;gold=100000;14=20},22,,Deposit 6480 Diamond.,Deposit 6480 Diamond.
10877,,9680,10058,{14=20;6052=1;gold=120000;501=5},22,,Deposit 9680 Diamond.,Deposit 9680 Diamond.
10878,,12000,10058,{14=30;6054=1;gold=120000;902=50},22,,Deposit 12000 Diamond.,Deposit 12000 Diamond.
10879,,15000,10058,{502=30;6051=1;gold=180000;14=30},22,,Deposit 15000 Diamond.,Deposit 15000 Diamond.
10880,,20000,10058,{14=50;942=1;gold=200000;902=50},22,,Deposit 20000 Diamond.,Deposit 20000 Diamond.
10881,,25000,10058,{14=50;604=50;gold=300000;521=30},22,,Deposit 25000 Diamond.,Deposit 25000 Diamond.
10882,,30000,10058,{14=70;gold=500000;963=2;902=50},22,,Deposit 30000 Diamond.,Deposit 30000 Diamond.
10883,,40000,10058,{14=70;gold=500000;501=5;2153=1},22,,Deposit 40000 Diamond.,Deposit 40000 Diamond.
10884,,50000,10058,{14=100;604=50;gold=1000000;521=30},22,,Deposit 50000 Diamond.,Deposit 50000 Diamond.
10890,,300,10059,{930=10;5000=10;gold=60000},21,,Accumulated spending 300 Diamond.,Accumulated spending 300 Diamond.
10891,,1000,10059,{6193=10;gold=80000;5000=15},21,,Accumulated spending 1000 Diamond.,Accumulated spending 1000 Diamond.
10892,,2000,10059,{452=20;gold=80000;5000=10},21,,Accumulated spending 2000 Diamond.,Accumulated spending 2000 Diamond.
10893,,4000,10059,{6193=20;gold=100000;5000=15},21,,Accumulated spending 4000 Diamond.,Accumulated spending 4000 Diamond.
10894,,7000,10059,{452=30;gold=120000;5000=15},21,,Accumulated spending 7000 Diamond.,Accumulated spending 7000 Diamond.
10895,,10000,10059,{6193=30;gold=120000;5000=15},21,,"Accumulated spending 10,000 Diamond.","Accumulated spending 10,000 Diamond."
10896,,14000,10059,{452=40;gold=140000;5000=20},21,,"Accumulated spending 14,000 Diamond.","Accumulated spending 14,000 Diamond."
10897,,18000,10059,{6193=40;gold=160000;5000=20},21,,"Accumulated spending 18,000 Diamond.","Accumulated spending 18,000 Diamond."
10898,,22000,10059,{452=50;gold=180000;5000=25},21,,"Accumulated spending 22,000 Diamond.","Accumulated spending 22,000 Diamond."
10899,,25000,10059,{6193=50;gold=200000;5000=30},21,,"Accumulated spending 25,000 Diamond.","Accumulated spending 25,000 Diamond."
10900,,30000,10059,{452=60;gold=250000;5000=40},21,,"Accumulated spending 30,000 Diamond.","Accumulated spending 30,000 Diamond."
10901,,40000,10059,{6193=60;gold=300000;5000=50},21,,"Accumulated spending 40,000 Diamond.","Accumulated spending 40,000 Diamond."
10910,,300,10060,{930=10;5000=10;gold=60000},21,,Accumulated spending 300 Diamond.,Accumulated spending 300 Diamond.
10911,,1000,10060,{6194=10;5000=15;gold=80000},21,,"Accumulated spending 1,000 Diamond.","Accumulated spending 1,000 Diamond."
10912,,2000,10060,{452=20;gold=80000;5000=10},21,,"Accumulated spending 2,000 Diamond.","Accumulated spending 2,000 Diamond."
10913,,4000,10060,{6194=20;5000=15;gold=100000},21,,"Accumulated spending 4,000 Diamond.","Accumulated spending 4,000 Diamond."
10914,,7000,10060,{452=30;gold=120000;5000=15},21,,"Accumulated spending 7,000 Diamond.","Accumulated spending 7,000 Diamond."
10915,,10000,10060,{6194=30;5000=15;gold=120000},21,,"Accumulated spending 10,000 Diamond.","Accumulated spending 10,000 Diamond."
10916,,14000,10060,{452=40;gold=140000;5000=20},21,,"Accumulated spending 14,000 Diamond.","Accumulated spending 14,000 Diamond."
10917,,18000,10060,{6194=40;5000=20;gold=160000},21,,"Accumulated spending 18,000 Diamond.","Accumulated spending 18,000 Diamond."
10918,,22000,10060,{452=50;gold=180000;5000=25},21,,"Accumulated spending 22,000 Diamond.","Accumulated spending 22,000 Diamond."
10919,,25000,10060,{6194=50;5000=30;gold=200000},21,,"Accumulated spending 25,000 Diamond.","Accumulated spending 25,000 Diamond."
10920,,30000,10060,{452=60;gold=250000;5000=40},21,,"Accumulated spending 30,000 Diamond.","Accumulated spending 30,000 Diamond."
10921,,40000,10060,{6194=60;5000=50;gold=300000},21,,Accumulated spending 40000 Diamond.,Accumulated spending 40000 Diamond.
10930,,300,10061,{930=10;5000=10;gold=60000},21,,Accumulated spending 300 Diamond.,Accumulated spending 300 Diamond.
10931,,1000,10061,{6195=10;5000=15;gold=80000},21,,Accumulated spending 1000 Diamond.,Accumulated spending 1000 Diamond.
10932,,2000,10061,{452=20;gold=80000;5000=10},21,,Accumulated spending 2000 Diamond.,Accumulated spending 2000 Diamond.
10933,,4000,10061,{6195=20;5000=15;gold=100000},21,,Accumulated spending 4000 Diamond.,Accumulated spending 4000 Diamond.
10934,,7000,10061,{452=30;gold=120000;5000=15},21,,Accumulated spending 7000 Diamond.,Accumulated spending 7000 Diamond.
10935,,10000,10061,{6195=30;5000=15;gold=120000},21,,Accumulated spending 10000 Diamond.,Accumulated spending 10000 Diamond.
10936,,14000,10061,{452=40;gold=140000;5000=20},21,,Accumulated spending 14000 Diamond.,Accumulated spending 14000 Diamond.
10937,,18000,10061,{6195=40;5000=20;gold=160000},21,,Accumulated spending 18000 Diamond.,Accumulated spending 18000 Diamond.
10938,,22000,10061,{452=50;gold=180000;5000=25},21,,Accumulated spending 22000 Diamond.,Accumulated spending 22000 Diamond.
10939,,25000,10061,{6195=50;5000=30;gold=200000},21,,Accumulated spending 25000 Diamond.,Accumulated spending 25000 Diamond.
10940,,30000,10061,{452=60;gold=250000;5000=40},21,,Accumulated spending 30000 Diamond.,Accumulated spending 30000 Diamond.
10941,,40000,10061,{6195=60;5000=50;gold=300000},21,,Accumulated spending 40000 Diamond.,Accumulated spending 40000 Diamond.
10950,,60,10062,{rmb=60;gold=60000},22,,Deposit 60 Diamond.,Deposit 60 Diamond.
10951,,300,10062,{rmb=240;gold=80000},22,,Deposit 300 Diamond.,Deposit 300 Diamond.
10952,,600,10062,{rmb=300;gold=100000},22,,Deposit 600 Diamond.,Deposit 600 Diamond.
10953,,980,10062,{rmb=680;gold=120000},22,,Deposit 980 Diamond.,Deposit 980 Diamond.
10954,,1980,10062,{rmb=700;gold=140000},22,,Deposit 1980 Diamond.,Deposit 1980 Diamond.
10955,,3280,10062,{rmb=1300;gold=160000},22,,Deposit 3280 Diamond.,Deposit 3280 Diamond.
10956,,6480,10062,{rmb=3200;gold=180000},22,,Deposit 6480 Diamond.,Deposit 6480 Diamond.
10957,,9680,10062,{rmb=3200;gold=200000},22,,Deposit 9680 Diamond.,Deposit 9680 Diamond.
10958,,12000,10062,{rmb=2320;gold=220000},22,,Deposit 12000 Diamond.,Deposit 12000 Diamond.
10959,,15000,10062,{rmb=3000;gold=250000},22,,Deposit 15000 Diamond.,Deposit 15000 Diamond.
10960,,20000,10062,{rmb=5000;gold=300000},22,,Deposit 20000 Diamond.,Deposit 20000 Diamond.
10961,,25000,10062,{rmb=5000;gold=500000},22,,Deposit 25000 Diamond.,Deposit 25000 Diamond.
10962,,30000,10062,{rmb=5000;gold=500000},22,,Deposit 30000 Diamond.,Deposit 30000 Diamond.
10970,,1,6900,{gold=999999;talent_point=5;6323=20;14=10;516=10;850=200},17,,Login 1 day.,Login 1 day.
10971,,2,6900,{gold=1999999;501=5;502=10;6323=30;516=15;451=200},17,,Login 2 days.,Login 2 days.
10972,,3,6900,{gold=2999999;100=5;521=10;6323=50;516=20;2103=20},17,,Login 3 days.,Login 3 days.
10980,,300,10064,{930=10;5000=10;gold=60000},21,,Accumulated spending 300 Diamond.,Accumulated spending 300 Diamond.
10981,,1000,10064,{6196=10;gold=80000;5000=15},21,,Accumulated spending 1000 Diamond.,Accumulated spending 1000 Diamond.
10982,,2000,10064,{452=20;gold=80000;5000=10},21,,Accumulated spending 2000 Diamond.,Accumulated spending 2000 Diamond.
10983,,4000,10064,{6196=20;gold=100000;5000=15},21,,Accumulated spending 4000 Diamond.,Accumulated spending 4000 Diamond.
10984,,7000,10064,{452=30;gold=120000;5000=15},21,,Accumulated spending 7000 Diamond.,Accumulated spending 7000 Diamond.
10985,,10000,10064,{6196=30;gold=120000;5000=15},21,,Accumulated spending 10000 Diamond.,Accumulated spending 10000 Diamond.
10986,,14000,10064,{452=40;gold=140000;5000=20},21,,Accumulated spending 14000 Diamond.,Accumulated spending 14000 Diamond.
10987,,18000,10064,{6196=40;gold=160000;5000=20},21,,Accumulated spending 18000 Diamond.,Accumulated spending 18000 Diamond.
10988,,22000,10064,{452=50;gold=180000;5000=25},21,,Accumulated spending 22000 Diamond.,Accumulated spending 22000 Diamond.
10989,,25000,10064,{6196=50;gold=200000;5000=30},21,,Accumulated spending 25000 Diamond.,Accumulated spending 25000 Diamond.
10990,,30000,10064,{452=60;gold=250000;5000=40},21,,Accumulated spending 30000 Diamond.,Accumulated spending 30000 Diamond.
10991,,40000,10064,{6196=60;gold=300000;5000=50},21,,Accumulated spending 40000 Diamond.,Accumulated spending 40000 Diamond.
11000,,300,10065,{930=10;5000=10;gold=60000},21,,Accumulated spending 300 Diamond.,Accumulated spending 300 Diamond.
11001,,1000,10065,{6197=10;5000=15;gold=80000},21,,Accumulated spending 1000 Diamond.,Accumulated spending 1000 Diamond.
11002,,2000,10065,{452=20;gold=80000;5000=10},21,,Accumulated spending 2000 Diamond.,Accumulated spending 2000 Diamond.
11003,,4000,10065,{6197=20;5000=15;gold=100000},21,,Accumulated spending 4000 Diamond.,Accumulated spending 4000 Diamond.
11004,,7000,10065,{452=30;gold=120000;5000=15},21,,Accumulated spending 7000 Diamond.,Accumulated spending 7000 Diamond.
11005,,10000,10065,{6197=30;5000=15;gold=120000},21,,Accumulated spending 10000 Diamond.,Accumulated spending 10000 Diamond.
11006,,14000,10065,{452=40;gold=140000;5000=20},21,,Accumulated spending 14000 Diamond.,Accumulated spending 14000 Diamond.
11007,,18000,10065,{6197=40;5000=20;gold=160000},21,,Accumulated spending 18000 Diamond.,Accumulated spending 18000 Diamond.
11008,,22000,10065,{452=50;gold=180000;5000=25},21,,Accumulated spending 22000 Diamond.,Accumulated spending 22000 Diamond.
11009,,25000,10065,{6197=50;5000=30;gold=200000},21,,Accumulated spending 25000 Diamond.,Accumulated spending 25000 Diamond.
11010,,30000,10065,{452=60;gold=250000;5000=40},21,,Accumulated spending 30000 Diamond.,Accumulated spending 30000 Diamond.
11011,,40000,10065,{6197=60;5000=50;gold=300000},21,,Accumulated spending 40000 Diamond.,Accumulated spending 40000 Diamond.
11020,,300,10066,{930=10;5000=10;gold=60000},21,,Accumulated spending 300 Diamond.,Accumulated spending 300 Diamond.
11021,,1000,10066,{6198=10;gold=80000;5000=15},21,,Accumulated spending 1000 Diamond.,Accumulated spending 1000 Diamond.
11022,,2000,10066,{452=20;gold=80000;5000=10},21,,Accumulated spending 2000 Diamond.,Accumulated spending 2000 Diamond.
11023,,4000,10066,{6198=20;gold=100000;5000=15},21,,Accumulated spending 4000 Diamond.,Accumulated spending 4000 Diamond.
11024,,7000,10066,{452=30;gold=120000;5000=15},21,,Accumulated spending 7000 Diamond.,Accumulated spending 7000 Diamond.
11025,,10000,10066,{6198=30;gold=120000;5000=15},21,,Accumulated spending 10000 Diamond.,Accumulated spending 10000 Diamond.
11026,,14000,10066,{452=40;gold=140000;5000=20},21,,Accumulated spending 14000 Diamond.,Accumulated spending 14000 Diamond.
11027,,18000,10066,{6198=40;gold=160000;5000=20},21,,Accumulated spending 18000 Diamond.,Accumulated spending 18000 Diamond.
11028,,22000,10066,{452=50;gold=180000;5000=25},21,,Accumulated spending 22000 Diamond.,Accumulated spending 22000 Diamond.
11029,,25000,10066,{6198=50;gold=200000;5000=30},21,,Accumulated spending 25000 Diamond.,Accumulated spending 25000 Diamond.
11030,,30000,10066,{452=60;gold=250000;5000=40},21,,Accumulated spending 30000 Diamond.,Accumulated spending 30000 Diamond.
11031,,40000,10066,{6198=60;gold=300000;5000=50},21,,Accumulated spending 40000 Diamond.,Accumulated spending 40000 Diamond.
11040,,300,10067,{930=10;5000=10;gold=60000},21,,Accumulated spending 300 Diamond.,Accumulated spending 300 Diamond.
11041,,1000,10067,{6800=10;gold=80000;5000=15},21,,Accumulated spending 1000 Diamond.,Accumulated spending 1000 Diamond.
11042,,2000,10067,{452=20;gold=80000;5000=10},21,,Accumulated spending 2000 Diamond.,Accumulated spending 2000 Diamond.
11043,,4000,10067,{6800=20;gold=100000;5000=15},21,,Accumulated spending 4000 Diamond.,Accumulated spending 4000 Diamond.
11044,,7000,10067,{452=30;gold=120000;5000=15},21,,Accumulated spending 7000 Diamond.,Accumulated spending 7000 Diamond.
11045,,10000,10067,{6800=30;gold=120000;5000=15},21,,Accumulated spending 10000 Diamond.,Accumulated spending 10000 Diamond.
11046,,14000,10067,{452=40;gold=140000;5000=20},21,,Accumulated spending 14000 Diamond.,Accumulated spending 14000 Diamond.
11047,,18000,10067,{6800=40;gold=160000;5000=20},21,,Accumulated spending 18000 Diamond.,Accumulated spending 18000 Diamond.
11048,,22000,10067,{452=50;gold=180000;5000=25},21,,Accumulated spending 22000 Diamond.,Accumulated spending 22000 Diamond.
11049,,25000,10067,{6800=50;gold=200000;5000=30},21,,Accumulated spending 25000 Diamond.,Accumulated spending 25000 Diamond.
11050,,30000,10067,{452=60;gold=250000;5000=40},21,,Accumulated spending 30000 Diamond.,Accumulated spending 30000 Diamond.
11051,,40000,10067,{6800=60;gold=300000;5000=50},21,,Accumulated spending 40000 Diamond.,Accumulated spending 40000 Diamond.
11060,,300,10068,{930=10;5000=10;gold=60000},21,,Accumulated spending 300 Diamond.,Accumulated spending 300 Diamond.
11061,,1000,10068,{6801=10;gold=80000;5000=15},21,,Accumulated spending 1000 Diamond.,Accumulated spending 1000 Diamond.
11062,,2000,10068,{452=20;gold=80000;5000=10},21,,Accumulated spending 2000 Diamond.,Accumulated spending 2000 Diamond.
11063,,4000,10068,{6801=20;gold=100000;5000=15},21,,Accumulated spending 4000 Diamond.,Accumulated spending 4000 Diamond.
11064,,7000,10068,{452=30;gold=120000;5000=15},21,,Accumulated spending 7000 Diamond.,Accumulated spending 7000 Diamond.
11065,,10000,10068,{6801=30;gold=120000;5000=15},21,,Accumulated spending 10000 Diamond.,Accumulated spending 10000 Diamond.
11066,,14000,10068,{452=40;gold=140000;5000=20},21,,Accumulated spending 14000 Diamond.,Accumulated spending 14000 Diamond.
11067,,18000,10068,{6801=40;gold=160000;5000=20},21,,Accumulated spending 18000 Diamond.,Accumulated spending 18000 Diamond.
11068,,22000,10068,{452=50;gold=180000;5000=25},21,,Accumulated spending 22000 Diamond.,Accumulated spending 22000 Diamond.
11069,,25000,10068,{6801=50;gold=200000;5000=30},21,,Accumulated spending 25000 Diamond.,Accumulated spending 25000 Diamond.
11070,,30000,10068,{452=60;gold=250000;5000=40},21,,Accumulated spending 30000 Diamond.,Accumulated spending 30000 Diamond.
11071,,40000,10068,{6801=60;gold=300000;5000=50},21,,Accumulated spending 40000 Diamond.,Accumulated spending 40000 Diamond.
11080,,300,10069,{930=10;5000=10;gold=60000},21,,Accumulated spending 300 Diamond.,Accumulated spending 300 Diamond.
11081,,1000,10069,{6802=10;gold=80000;5000=15},21,,Accumulated spending 1000 Diamond.,Accumulated spending 1000 Diamond.
11082,,2000,10069,{452=20;gold=80000;5000=10},21,,Accumulated spending 2000 Diamond.,Accumulated spending 2000 Diamond.
11083,,4000,10069,{6802=20;gold=100000;5000=15},21,,Accumulated spending 4000 Diamond.,Accumulated spending 4000 Diamond.
11084,,7000,10069,{452=30;gold=120000;5000=15},21,,Accumulated spending 7000 Diamond.,Accumulated spending 7000 Diamond.
11085,,10000,10069,{6802=30;gold=120000;5000=15},21,,Accumulated spending 10000 Diamond.,Accumulated spending 10000 Diamond.
11086,,14000,10069,{452=40;gold=140000;5000=20},21,,Accumulated spending 14000 Diamond.,Accumulated spending 14000 Diamond.
11087,,18000,10069,{6802=40;gold=160000;5000=20},21,,Accumulated spending 18000 Diamond.,Accumulated spending 18000 Diamond.
11088,,22000,10069,{452=50;gold=180000;5000=25},21,,Accumulated spending 22000 Diamond.,Accumulated spending 22000 Diamond.
11089,,25000,10069,{6802=50;gold=200000;5000=30},21,,Accumulated spending 25000 Diamond.,Accumulated spending 25000 Diamond.
11090,,30000,10069,{452=60;gold=250000;5000=40},21,,Accumulated spending 30000 Diamond.,Accumulated spending 30000 Diamond.
11091,,40000,10069,{6802=60;gold=300000;5000=50},21,,Accumulated spending 40000 Diamond.,Accumulated spending 40000 Diamond.
11100,,300,10070,{930=10;5000=10;gold=60000},21,,Accumulated spending 300 Diamond.,Accumulated spending 300 Diamond.
11101,,1000,10070,{6803=10;gold=80000;5000=15},21,,Accumulated spending 1000 Diamond.,Accumulated spending 1000 Diamond.
11102,,2000,10070,{452=20;gold=80000;5000=10},21,,Accumulated spending 2000 Diamond.,Accumulated spending 2000 Diamond.
11103,,4000,10070,{6803=20;gold=100000;5000=15},21,,Accumulated spending 4000 Diamond.,Accumulated spending 4000 Diamond.
11104,,7000,10070,{452=30;gold=120000;5000=15},21,,Accumulated spending 7000 Diamond.,Accumulated spending 7000 Diamond.
11105,,10000,10070,{6803=30;gold=120000;5000=15},21,,Accumulated spending 10000 Diamond.,Accumulated spending 10000 Diamond.
11106,,14000,10070,{452=40;gold=140000;5000=20},21,,Accumulated spending 14000 Diamond.,Accumulated spending 14000 Diamond.
11107,,18000,10070,{6803=40;gold=160000;5000=20},21,,Accumulated spending 18000 Diamond.,Accumulated spending 18000 Diamond.
11108,,22000,10070,{452=50;gold=180000;5000=25},21,,Accumulated spending 22000 Diamond.,Accumulated spending 22000 Diamond.
11109,,25000,10070,{6803=50;gold=200000;5000=30},21,,Accumulated spending 25000 Diamond.,Accumulated spending 25000 Diamond.
11110,,30000,10070,{452=60;gold=250000;5000=40},21,,Accumulated spending 30000 Diamond.,Accumulated spending 30000 Diamond.
11111,,40000,10070,{6803=60;gold=300000;5000=50},21,,Accumulated spending 40000 Diamond.,Accumulated spending 40000 Diamond.
11120,,300,10071,{930=10;5000=10;gold=60000},21,,Accumulated spending 300 Diamond.,Accumulated spending 300 Diamond.
11121,,1000,10071,{6804=10;gold=80000;5000=15},21,,Accumulated spending 1000 Diamond.,Accumulated spending 1000 Diamond.
11122,,2000,10071,{452=20;gold=80000;5000=10},21,,Accumulated spending 2000 Diamond.,Accumulated spending 2000 Diamond.
11123,,4000,10071,{6804=20;gold=100000;5000=15},21,,Accumulated spending 4000 Diamond.,Accumulated spending 4000 Diamond.
11124,,7000,10071,{452=30;gold=120000;5000=15},21,,Accumulated spending 7000 Diamond.,Accumulated spending 7000 Diamond.
11125,,10000,10071,{6804=30;gold=120000;5000=15},21,,Accumulated spending 10000 Diamond.,Accumulated spending 10000 Diamond.
11126,,14000,10071,{452=40;gold=140000;5000=20},21,,Accumulated spending 14000 Diamond.,Accumulated spending 14000 Diamond.
11127,,18000,10071,{6804=40;gold=160000;5000=20},21,,Accumulated spending 18000 Diamond.,Accumulated spending 18000 Diamond.
11128,,22000,10071,{452=50;gold=180000;5000=25},21,,Accumulated spending 22000 Diamond.,Accumulated spending 22000 Diamond.
11129,,25000,10071,{6804=50;gold=200000;5000=30},21,,Accumulated spending 25000 Diamond.,Accumulated spending 25000 Diamond.
11130,,30000,10071,{452=60;gold=250000;5000=40},21,,Accumulated spending 30000 Diamond.,Accumulated spending 30000 Diamond.
11131,,40000,10071,{6804=60;gold=300000;5000=50},21,,Accumulated spending 40000 Diamond.,Accumulated spending 40000 Diamond.
11140,,10,10072,{7302=1;122=2;gold=50000},115,,Draw the Diamond Attack Learning card 10 times.,Draw the Diamond Attack Learning card 10 times.
11141,,30,10072,{7303=1;122=2;gold=60000},115,,Draw the Diamond Attack Learning card 30 times.,Draw the Diamond Attack Learning card 30 times.
11142,,60,10072,{7304=1;122=3;gold=80000},115,,Draw the Diamond Attack Learning card 60 times.,Draw the Diamond Attack Learning card 60 times.
11143,,100,10072,{7304=1;123=2;gold=100000},115,,Draw the Diamond Attack Learning card 100 times.,Draw the Diamond Attack Learning card 100 times.
11144,,150,10072,{7304=1;123=2;gold=120000},115,,Draw the Diamond Attack Learning card 150 times.,Draw the Diamond Attack Learning card 150 times.
11145,,220,10072,{7305=1;123=3;gold=150000},115,,Draw the Diamond Attack Learning card 220 times.,Draw the Diamond Attack Learning card 220 times.
11146,,300,10072,{7305=1;124=2;gold=200000},115,,Draw the Diamond Attack Learning card 300 times.,Draw the Diamond Attack Learning card 300 times.
11150,,300,10073,{930=10;5000=10;gold=60000},21,,Accumulated spending 300 Diamond.,Accumulated spending 300 Diamond.
11151,,1000,10073,{6805=10;5000=15;gold=80000},21,,Accumulated spending 1000 Diamond.,Accumulated spending 1000 Diamond.
11152,,2000,10073,{452=20;gold=80000;5000=10},21,,Accumulated spending 2000 Diamond.,Accumulated spending 2000 Diamond.
11153,,4000,10073,{6805=20;5000=15;gold=100000},21,,Accumulated spending 4000 Diamond.,Accumulated spending 4000 Diamond.
11154,,7000,10073,{452=30;gold=120000;5000=15},21,,Accumulated spending 7000 Diamond.,Accumulated spending 7000 Diamond.
11155,,10000,10073,{6805=30;5000=15;gold=120000},21,,Accumulated spending 10000 Diamond.,Accumulated spending 10000 Diamond.
11156,,14000,10073,{452=40;gold=140000;5000=20},21,,Accumulated spending 14000 Diamond.,Accumulated spending 14000 Diamond.
11157,,18000,10073,{6805=40;5000=20;gold=160000},21,,Accumulated spending 18000 Diamond.,Accumulated spending 18000 Diamond.
11158,,22000,10073,{452=50;gold=180000;5000=25},21,,Accumulated spending 22000 Diamond.,Accumulated spending 22000 Diamond.
11159,,25000,10073,{6805=50;5000=30;gold=200000},21,,Accumulated spending 25000 Diamond.,Accumulated spending 25000 Diamond.
11160,,30000,10073,{452=60;gold=250000;5000=40},21,,Accumulated spending 30000 Diamond.,Accumulated spending 30000 Diamond.
11161,,40000,10073,{6805=60;5000=50;gold=300000},21,,Accumulated spending 40000 Diamond.,Accumulated spending 40000 Diamond.
11170,,300,10074,{930=10;5000=10;gold=60000},21,,Accumulated spending 300 Diamond.,Accumulated spending 300 Diamond.
11171,,1000,10074,{6806=10;5000=15;gold=80000},21,,Accumulated spending 1000 Diamond.,Accumulated spending 1000 Diamond.
11172,,2000,10074,{452=20;gold=80000;5000=10},21,,Accumulated spending 2000 Diamond.,Accumulated spending 2000 Diamond.
11173,,4000,10074,{6806=20;5000=15;gold=100000},21,,Accumulated spending 4000 Diamond.,Accumulated spending 4000 Diamond.
11174,,7000,10074,{452=30;gold=120000;5000=15},21,,Accumulated spending 7000 Diamond.,Accumulated spending 7000 Diamond.
11175,,10000,10074,{6806=30;5000=15;gold=120000},21,,Accumulated spending 10000 Diamond.,Accumulated spending 10000 Diamond.
11176,,14000,10074,{452=40;gold=140000;5000=20},21,,Accumulated spending 14000 Diamond.,Accumulated spending 14000 Diamond.
11177,,18000,10074,{6806=40;5000=20;gold=160000},21,,Accumulated spending 18000 Diamond.,Accumulated spending 18000 Diamond.
11178,,22000,10074,{452=50;gold=180000;5000=25},21,,Accumulated spending 22000 Diamond.,Accumulated spending 22000 Diamond.
11179,,25000,10074,{6806=50;5000=30;gold=200000},21,,Accumulated spending 25000 Diamond.,Accumulated spending 25000 Diamond.
11180,,30000,10074,{452=60;gold=250000;5000=40},21,,Accumulated spending 30000 Diamond.,Accumulated spending 30000 Diamond.
11181,,40000,10074,{6806=60;5000=50;gold=300000},21,,Accumulated spending 40000 Diamond.,Accumulated spending 40000 Diamond.
11190,,300,10075,{930=10;5000=10;gold=60000},21,,Accumulated spending 300 Diamond.,Accumulated spending 300 Diamond.
11191,,1000,10075,{6807=10;5000=15;gold=80000},21,,Accumulated spending 1000 Diamond.,Accumulated spending 1000 Diamond.
11192,,2000,10075,{452=20;gold=80000;5000=10},21,,Accumulated spending 2000 Diamond.,Accumulated spending 2000 Diamond.
11193,,4000,10075,{6807=20;5000=15;gold=100000},21,,Accumulated spending 4000 Diamond.,Accumulated spending 4000 Diamond.
11194,,7000,10075,{452=30;gold=120000;5000=15},21,,Accumulated spending 7000 Diamond.,Accumulated spending 7000 Diamond.
11195,,10000,10075,{6807=30;5000=15;gold=120000},21,,Accumulated spending 10000 Diamond.,Accumulated spending 10000 Diamond.
11196,,14000,10075,{452=40;gold=140000;5000=20},21,,Accumulated spending 14000 Diamond.,Accumulated spending 14000 Diamond.
11197,,18000,10075,{6807=40;5000=20;gold=160000},21,,Accumulated spending 18000 Diamond.,Accumulated spending 18000 Diamond.
11198,,22000,10075,{452=50;gold=180000;5000=25},21,,Accumulated spending 22000 Diamond.,Accumulated spending 22000 Diamond.
11199,,25000,10075,{6807=50;5000=30;gold=200000},21,,Accumulated spending 25000 Diamond.,Accumulated spending 25000 Diamond.
11200,,30000,10075,{452=60;gold=250000;5000=40},21,,Accumulated spending 30000 Diamond.,Accumulated spending 30000 Diamond.
11201,,40000,10075,{6807=60;5000=50;gold=300000},21,,Accumulated spending 40000 Diamond.,Accumulated spending 40000 Diamond.
11210,,300,10076,{930=10;5000=10;gold=60000},21,,Accumulated spending 300 Diamond.,Accumulated spending 300 Diamond.
11211,,1000,10076,{6808=10;gold=80000;5000=15},21,,Accumulated spending 1000 Diamond.,Accumulated spending 1000 Diamond.
11212,,2000,10076,{452=20;gold=80000;5000=10},21,,Accumulated spending 2000 Diamond.,Accumulated spending 2000 Diamond.
11213,,4000,10076,{6808=20;gold=100000;5000=15},21,,Accumulated spending 4000 Diamond.,Accumulated spending 4000 Diamond.
11214,,7000,10076,{452=30;gold=120000;5000=15},21,,Accumulated spending 7000 Diamond.,Accumulated spending 7000 Diamond.
11215,,10000,10076,{6808=30;gold=120000;5000=15},21,,Accumulated spending 10000 Diamond.,Accumulated spending 10000 Diamond.
11216,,14000,10076,{452=40;gold=140000;5000=20},21,,Accumulated spending 14000 Diamond.,Accumulated spending 14000 Diamond.
11217,,18000,10076,{6808=40;gold=160000;5000=20},21,,Accumulated spending 18000 Diamond.,Accumulated spending 18000 Diamond.
11218,,22000,10076,{452=50;gold=180000;5000=25},21,,Accumulated spending 22000 Diamond.,Accumulated spending 22000 Diamond.
11219,,25000,10076,{6808=50;gold=200000;5000=30},21,,Accumulated spending 25000 Diamond.,Accumulated spending 25000 Diamond.
11220,,30000,10076,{452=60;gold=250000;5000=40},21,,Accumulated spending 30000 Diamond.,Accumulated spending 30000 Diamond.
11221,,40000,10076,{6808=60;gold=300000;5000=50},21,,Accumulated spending 40000 Diamond.,Accumulated spending 40000 Diamond.
11230,,300,10077,{930=10;5000=10;gold=60000},21,,Accumulated spending 300 Diamond.,Accumulated spending 300 Diamond.
11231,,1000,10077,{6809=10;gold=80000;5000=15},21,,Accumulated spending 1000 Diamond.,Accumulated spending 1000 Diamond.
11232,,2000,10077,{452=20;gold=80000;5000=10},21,,Accumulated spending 2000 Diamond.,Accumulated spending 2000 Diamond.
11233,,4000,10077,{6809=20;gold=100000;5000=15},21,,Accumulated spending 4000 Diamond.,Accumulated spending 4000 Diamond.
11234,,7000,10077,{452=30;gold=120000;5000=15},21,,Accumulated spending 7000 Diamond.,Accumulated spending 7000 Diamond.
11235,,10000,10077,{6809=30;gold=120000;5000=15},21,,Accumulated spending 10000 Diamond.,Accumulated spending 10000 Diamond.
11236,,14000,10077,{452=40;gold=140000;5000=20},21,,Accumulated spending 14000 Diamond.,Accumulated spending 14000 Diamond.
11237,,18000,10077,{6809=40;gold=160000;5000=20},21,,Accumulated spending 18000 Diamond.,Accumulated spending 18000 Diamond.
11238,,22000,10077,{452=50;gold=180000;5000=25},21,,Accumulated spending 22000 Diamond.,Accumulated spending 22000 Diamond.
11239,,25000,10077,{6809=50;gold=200000;5000=30},21,,Accumulated spending 25000 Diamond.,Accumulated spending 25000 Diamond.
11240,,30000,10077,{452=60;gold=250000;5000=40},21,,Accumulated spending 30000 Diamond.,Accumulated spending 30000 Diamond.
11241,,40000,10077,{6809=60;gold=300000;5000=50},21,,Accumulated spending 40000 Diamond.,Accumulated spending 40000 Diamond.
11250,,300,10078,{930=10;5000=10;gold=60000},21,,Accumulated spending 300 Diamond.,Accumulated spending 300 Diamond.
11251,,1000,10078,{6810=10;5000=15;gold=80000},21,,Accumulated spending 1000 Diamond.,Accumulated spending 1000 Diamond.
11252,,2000,10078,{452=20;gold=80000;5000=10},21,,Accumulated spending 2000 Diamond.,Accumulated spending 2000 Diamond.
11253,,4000,10078,{6810=20;5000=15;gold=100000},21,,Accumulated spending 4000 Diamond.,Accumulated spending 4000 Diamond.
11254,,7000,10078,{452=30;gold=120000;5000=15},21,,Accumulated spending 7000 Diamond.,Accumulated spending 7000 Diamond.
11255,,10000,10078,{6810=30;5000=15;gold=120000},21,,Accumulated spending 10000 Diamond.,Accumulated spending 10000 Diamond.
11256,,14000,10078,{452=40;gold=140000;5000=20},21,,Accumulated spending 14000 Diamond.,Accumulated spending 14000 Diamond.
11257,,18000,10078,{6810=40;5000=20;gold=160000},21,,Accumulated spending 18000 Diamond.,Accumulated spending 18000 Diamond.
11258,,22000,10078,{452=50;gold=180000;5000=25},21,,Accumulated spending 22000 Diamond.,Accumulated spending 22000 Diamond.
11259,,25000,10078,{6810=50;5000=30;gold=200000},21,,Accumulated spending 25000 Diamond.,Accumulated spending 25000 Diamond.
11260,,30000,10078,{452=60;gold=250000;5000=40},21,,Accumulated spending 30000 Diamond.,Accumulated spending 30000 Diamond.
11261,,40000,10078,{6810=60;5000=50;gold=300000},21,,Accumulated spending 40000 Diamond.,Accumulated spending 40000 Diamond.
11270,,300,10079,{930=10;5000=10;gold=60000},21,,Accumulated spending 300 Diamond.,Accumulated spending 300 Diamond.
11271,,1000,10079,{6811=10;5000=15;gold=80000},21,,Accumulated spending 1000 Diamond.,Accumulated spending 1000 Diamond.
11272,,2000,10079,{452=20;gold=80000;5000=10},21,,Accumulated spending 2000 Diamond.,Accumulated spending 2000 Diamond.
11273,,4000,10079,{6811=20;5000=15;gold=100000},21,,Accumulated spending 4000 Diamond.,Accumulated spending 4000 Diamond.
11274,,7000,10079,{452=30;gold=120000;5000=15},21,,Accumulated spending 7000 Diamond.,Accumulated spending 7000 Diamond.
11275,,10000,10079,{6811=30;5000=15;gold=120000},21,,Accumulated spending 10000 Diamond.,Accumulated spending 10000 Diamond.
11276,,14000,10079,{452=40;gold=140000;5000=20},21,,Accumulated spending 14000 Diamond.,Accumulated spending 14000 Diamond.
11277,,18000,10079,{6811=40;5000=20;gold=160000},21,,Accumulated spending 18000 Diamond.,Accumulated spending 18000 Diamond.
11278,,22000,10079,{452=50;gold=180000;5000=25},21,,Accumulated spending 22000 Diamond.,Accumulated spending 22000 Diamond.
11279,,25000,10079,{6811=50;5000=30;gold=200000},21,,Accumulated spending 25000 Diamond.,Accumulated spending 25000 Diamond.
11280,,30000,10079,{452=60;gold=250000;5000=40},21,,Accumulated spending 30000 Diamond.,Accumulated spending 30000 Diamond.
11281,,40000,10079,{6811=60;5000=50;gold=300000},21,,Accumulated spending 40000 Diamond.,Accumulated spending 40000 Diamond.
11290,,300,10080,{930=10;5000=10;gold=60000},21,,Accumulated spending 300 Diamond.,Accumulated spending 300 Diamond.
11291,,1000,10080,{6812=10;gold=80000;5000=15},21,,Accumulated spending 1000 Diamond.,Accumulated spending 1000 Diamond.
11292,,2000,10080,{452=20;gold=80000;5000=10},21,,Accumulated spending 2000 Diamond.,Accumulated spending 2000 Diamond.
11293,,4000,10080,{6812=20;gold=100000;5000=15},21,,Accumulated spending 4000 Diamond.,Accumulated spending 4000 Diamond.
11294,,7000,10080,{452=30;gold=120000;5000=15},21,,Accumulated spending 7000 Diamond.,Accumulated spending 7000 Diamond.
11295,,10000,10080,{6812=30;gold=120000;5000=15},21,,Accumulated spending 10000 Diamond.,Accumulated spending 10000 Diamond.
11296,,14000,10080,{452=40;gold=140000;5000=20},21,,Accumulated spending 14000 Diamond.,Accumulated spending 14000 Diamond.
11297,,18000,10080,{6812=40;gold=160000;5000=20},21,,Accumulated spending 18000 Diamond.,Accumulated spending 18000 Diamond.
11298,,22000,10080,{452=50;gold=180000;5000=25},21,,Accumulated spending 22000 Diamond.,Accumulated spending 22000 Diamond.
11299,,25000,10080,{6812=50;gold=200000;5000=30},21,,Accumulated spending 25000 Diamond.,Accumulated spending 25000 Diamond.
11300,,30000,10080,{452=60;gold=250000;5000=40},21,,Accumulated spending 30000 Diamond.,Accumulated spending 30000 Diamond.
11301,,40000,10080,{6812=60;gold=300000;5000=50},21,,Accumulated spending 40000 Diamond.,Accumulated spending 40000 Diamond.
11310,,60,10081,{rmb=60;gold=60000},22,,Deposit 60 Diamond.,Deposit 60 Diamond.
11311,,300,10081,{rmb=180;gold=60000},22,,Deposit 300 Diamond.,Deposit 300 Diamond.
11312,,600,10081,{rmb=240;gold=60000},22,,Deposit 600 Diamond.,Deposit 600 Diamond.
11313,,980,10081,{rmb=320;gold=80000},22,,Deposit 980 Diamond.,Deposit 980 Diamond.
11314,,1980,10081,{rmb=480;gold=80000},22,,Deposit 1980 Diamond.,Deposit 1980 Diamond.
11315,,3280,10081,{rmb=800;gold=100000},22,,Deposit 3280 Diamond.,Deposit 3280 Diamond.
11316,,6480,10081,{rmb=1500;gold=100000},22,,Deposit 6480 Diamond.,Deposit 6480 Diamond.
11317,,9680,10081,{rmb=1800;gold=120000},22,,Deposit 9680 Diamond.,Deposit 9680 Diamond.
11318,,12000,10081,{rmb=1800;gold=120000},22,,Deposit 12000 Diamond.,Deposit 12000 Diamond.
11319,,15000,10081,{rmb=2000;gold=150000},22,,Deposit 15000 Diamond.,Deposit 15000 Diamond.
11320,,20000,10081,{rmb=2500;gold=200000},22,,Deposit 20000 Diamond.,Deposit 20000 Diamond.
11321,,25000,10081,{rmb=3000;gold=300000},22,,Deposit 25000 Diamond.,Deposit 25000 Diamond.
11322,,30000,10081,{rmb=3000;gold=300000},22,,Deposit 30000 Diamond.,Deposit 30000 Diamond.
11330,,1000,10082,{rmb=200;gold=100000},22,,Deposit 10000 Diamond.,Deposit 10000 Diamond.
11331,,2000,10082,{rmb=400;gold=150000},22,,Deposit 20000 Diamond.,Deposit 20000 Diamond.
11332,,5000,10082,{rmb=1400;gold=200000},22,,Deposit 5000 Diamond.,Deposit 5000 Diamond.
11333,,10000,10082,{rmb=4000;gold=250000},22,,Deposit 10000 Diamond.,Deposit 10000 Diamond.
11334,,20000,10082,{rmb=10000;gold=300000},22,,Deposit 20000 Diamond.,Deposit 20000 Diamond.
11340,,300,10083,{930=10;5000=10;gold=60000},21,,Spend 300 Diamond.,Spend 300 Diamond.
11341,,1000,10083,{5000=15;22131=10;gold=80000},21,,Spend 1000 Diamond.,Spend 1000 Diamond.
11342,,2000,10083,{452=20;gold=80000;5000=10},21,,Accumulated spending 2000 Diamond.,Accumulated spending 2000 Diamond.
11343,,4000,10083,{5000=15;22131=20;gold=100000},21,,Accumulated spending 4000 Diamond.,Accumulated spending 4000 Diamond.
11344,,7000,10083,{452=30;gold=120000;5000=15},21,,Accumulated spending 7000 Diamond.,Accumulated spending 7000 Diamond.
11345,,10000,10083,{5000=15;22131=30;gold=120000},21,,Accumulated spending 10000 Diamond.,Accumulated spending 10000 Diamond.
11346,,14000,10083,{452=40;gold=140000;5000=20},21,,Accumulated spending 14000 Diamond.,Accumulated spending 14000 Diamond.
11347,,18000,10083,{5000=20;22131=40;gold=160000},21,,Accumulated spending 18000 Diamond.,Accumulated spending 18000 Diamond.
11348,,22000,10083,{452=50;gold=180000;5000=25},21,,Accumulated spending 22000 Diamond.,Accumulated spending 22000 Diamond.
11349,,25000,10083,{5000=30;22131=50;gold=200000},21,,Accumulated spending 25000 Diamond.,Accumulated spending 25000 Diamond.
11350,,30000,10083,{452=60;gold=250000;5000=40},21,,Accumulated spending 30000 Diamond.,Accumulated spending 30000 Diamond.
11351,,40000,10083,{5000=50;22131=60;gold=300000},21,,Accumulated spending 40000 Diamond.,Accumulated spending 40000 Diamond.
11360,,1,10084,{13=10;gold=100000;520=2;rmb=100},17,,Login 1 day.,Login 1 day.
11361,,2,10084,{13=10;gold=100000;rmb=100;503=3},17,,Login 2 days.,Login 2 days.
11362,,3,10084,{13=15;519=2;gold=100000;rmb=100},17,,Login 3 days.,Login 3 days.
11363,,4,10084,{502=3;13=15;gold=100000;rmb=188},17,,Login 4 days.,Login 4 days.
11364,,5,10084,{13=20;19=5;gold=100000;rmb=100},17,,Login 5 days.,Login 5 days.
11365,,6,10084,{13=20;gold=100000;501=2;rmb=100},17,,Login 6 days.,Login 6 days.
11366,,7,10084,{13=20;gold=100000;521=3;rmb=188},17,,Login 7 days.,Login 7 days.
11370,,300,10085,{930=10;5000=10;gold=60000},21,,Accumulated spending 300 Diamond.,Accumulated spending 300 Diamond.
11371,,1000,10085,{6813=10;gold=80000;5000=15},21,,Accumulated spending 1000 Diamond.,Accumulated spending 1000 Diamond.
11372,,2000,10085,{452=20;gold=80000;5000=10},21,,Accumulated spending 2000 Diamond.,Accumulated spending 2000 Diamond.
11373,,4000,10085,{6813=20;gold=100000;5000=15},21,,Accumulated spending 4000 Diamond.,Accumulated spending 4000 Diamond.
11374,,7000,10085,{452=30;gold=120000;5000=15},21,,Accumulated spending 7000 Diamond.,Accumulated spending 7000 Diamond.
11375,,10000,10085,{6813=30;gold=120000;5000=15},21,,Accumulated spending 10000 Diamond.,Accumulated spending 10000 Diamond.
11376,,14000,10085,{452=40;gold=140000;5000=20},21,,Accumulated spending 14000 Diamond.,Accumulated spending 14000 Diamond.
11377,,18000,10085,{6813=40;gold=160000;5000=20},21,,Accumulated spending 18000 Diamond.,Accumulated spending 18000 Diamond.
11378,,22000,10085,{452=50;gold=180000;5000=25},21,,Accumulated spending 22000 Diamond.,Accumulated spending 22000 Diamond.
11379,,25000,10085,{6813=50;gold=200000;5000=30},21,,Accumulated spending 25000 Diamond.,Accumulated spending 25000 Diamond.
11380,,30000,10085,{452=60;gold=250000;5000=40},21,,Accumulated spending 30000 Diamond.,Accumulated spending 30000 Diamond.
11381,,40000,10085,{6813=60;gold=300000;5000=50},21,,Accumulated spending 40000 Diamond.,Accumulated spending 40000 Diamond.
11390,,300,10086,{930=10;5000=10;gold=60000},21,,Accumulated spending 300 Diamond.,Accumulated spending 300 Diamond.
11391,,1000,10086,{6814=10;gold=80000;5000=15},21,,Accumulated spending 1000 Diamond.,Accumulated spending 1000 Diamond.
11392,,2000,10086,{452=20;gold=80000;5000=10},21,,Accumulated spending 2000 Diamond.,Accumulated spending 2000 Diamond.
11393,,4000,10086,{6814=20;gold=100000;5000=15},21,,Accumulated spending 4000 Diamond.,Accumulated spending 4000 Diamond.
11394,,7000,10086,{452=30;gold=120000;5000=15},21,,Accumulated spending 7000 Diamond.,Accumulated spending 7000 Diamond.
11395,,10000,10086,{6814=30;gold=120000;5000=15},21,,Accumulated spending 10000 Diamond.,Accumulated spending 10000 Diamond.
11396,,14000,10086,{452=40;gold=140000;5000=20},21,,Accumulated spending 14000 Diamond.,Accumulated spending 14000 Diamond.
11397,,18000,10086,{6814=40;gold=160000;5000=20},21,,Accumulated spending 18000 Diamond.,Accumulated spending 18000 Diamond.
11398,,22000,10086,{452=50;gold=180000;5000=25},21,,Accumulated spending 22000 Diamond.,Accumulated spending 22000 Diamond.
11399,,25000,10086,{6814=50;gold=200000;5000=30},21,,Accumulated spending 25000 Diamond.,Accumulated spending 25000 Diamond.
11400,,30000,10086,{452=60;gold=250000;5000=40},21,,Accumulated spending 30000 Diamond.,Accumulated spending 30000 Diamond.
11401,,40000,10086,{6814=60;gold=300000;5000=50},21,,Accumulated spending 40000 Diamond.,Accumulated spending 40000 Diamond.
11410,,1,10087,{gold=200000;2330=1;519=1;rmb=50},17,,Login 1 day.,Login 1 day.
11411,,2,10087,{502=3;gold=200000;519=2;rmb=50},17,,Login 2 days.,Login 2 days.
11412,,3,10087,{2031=1;519=2;gold=300000;rmb=100},17,,Login 3 days.,Login 3 days.
11413,,4,10087,{519=2;gold=300000;501=1;rmb=100},17,,Login 4 days.,Login 4 days.
11414,,5,10087,{2421=1;gold=500000;519=3;rmb=150},17,,Login 5 days.,Login 5 days.
11420,,1,10088,{2017=1;gold=200000;519=1;rmb=50},17,,Login 1 day.,Login 1 day.
11421,,2,10088,{502=3;gold=200000;519=2;rmb=50},17,,Login 2 days.,Login 2 days.
11422,,3,10088,{2406=1;gold=300000;519=2;rmb=100},17,,Login 3 days.,Login 3 days.
11423,,4,10088,{519=2;gold=300000;501=1;rmb=100},17,,Login 4 days.,Login 4 days.
11424,,5,10088,{gold=500000;2316=1;519=3;rmb=150},17,,Login 5 days.,Login 5 days.
11430,,1,10089,{2017=1;gold=200000;519=1;rmb=50},17,,Login 1 day.,Login 1 day.
11431,,2,10089,{502=3;gold=200000;519=2;rmb=50},17,,Login 2 days.,Login 2 days.
11432,,3,10089,{2406=1;gold=300000;519=2;rmb=100},17,,Login 3 days.,Login 3 days.
11433,,4,10089,{519=2;gold=300000;501=1;rmb=100},17,,Login 4 days.,Login 4 days.
11434,,5,10089,{gold=500000;rmb=150;2316=1;8010=1},17,,Login 5 days.,Login 5 days.
11440,,300,10090,{930=10;5000=10;gold=60000},21,,Accumulated spending 300 Diamond.,Accumulated spending 300 Diamond.
11441,,1000,10090,{5000=15;22131=10;gold=80000},21,,Accumulated spending 1000 Diamond.,Accumulated spending 1000 Diamond.
11442,,2000,10090,{452=20;gold=80000;5000=10},21,,Accumulated spending 2000 Diamond.,Accumulated spending 2000 Diamond.
11443,,4000,10090,{5000=15;22131=20;gold=100000},21,,Accumulated spending 4000 Diamond.,Accumulated spending 4000 Diamond.
11444,,7000,10090,{452=30;gold=120000;5000=15},21,,Accumulated spending 7000 Diamond.,Accumulated spending 7000 Diamond.
11445,,10000,10090,{5000=15;22131=30;gold=120000},21,,Accumulated spending 10000 Diamond.,Accumulated spending 10000 Diamond.
11446,,14000,10090,{452=40;gold=140000;5000=20},21,,Accumulated spending 14000 Diamond.,Accumulated spending 14000 Diamond.
11447,,18000,10090,{5000=20;22131=40;gold=160000},21,,Accumulated spending 18000 Diamond.,Accumulated spending 18000 Diamond.
11448,,22000,10090,{452=50;gold=180000;5000=25},21,,Accumulated spending 22000 Diamond.,Accumulated spending 22000 Diamond.
11449,,25000,10090,{5000=30;22131=50;gold=200000},21,,Accumulated spending 25000 Diamond.,Accumulated spending 25000 Diamond.
11450,,30000,10090,{452=60;gold=250000;5000=40},21,,Accumulated spending 30000 Diamond.,Accumulated spending 30000 Diamond.
11451,,40000,10090,{5000=50;22131=60;gold=300000},21,,Accumulated spending 40000 Diamond.,Accumulated spending 40000 Diamond.
11460,,300,10091,{930=10;5000=10;gold=60000},21,,Accumulated spending 300 Diamond.,Accumulated spending 300 Diamond.
11461,,1000,10091,{5000=15;22131=10;gold=80000},21,,Accumulated spending 1000 Diamond.,Accumulated spending 1000 Diamond.
11462,,2000,10091,{452=20;gold=80000;5000=10},21,,Accumulated spending 2000 Diamond.,Accumulated spending 2000 Diamond.
11463,,4000,10091,{5000=15;22131=20;gold=100000},21,,Accumulated spending 4000 Diamond.,Accumulated spending 4000 Diamond.
11464,,7000,10091,{452=30;gold=120000;5000=15},21,,Accumulated spending 7000 Diamond.,Accumulated spending 7000 Diamond.
11465,,10000,10091,{5000=15;22131=30;gold=120000},21,,Accumulated spending 10000 Diamond.,Accumulated spending 10000 Diamond.
11466,,14000,10091,{452=40;gold=140000;5000=20},21,,Accumulated spending 14000 Diamond.,Accumulated spending 14000 Diamond.
11467,,18000,10091,{5000=20;22131=40;gold=160000},21,,Accumulated spending 18000 Diamond.,Accumulated spending 18000 Diamond.
11468,,22000,10091,{452=50;gold=180000;5000=25},21,,Accumulated spending 22000 Diamond.,Accumulated spending 22000 Diamond.
11469,,25000,10091,{5000=30;22131=50;gold=200000},21,,Accumulated spending 25000 Diamond.,Accumulated spending 25000 Diamond.
11470,,30000,10091,{452=60;gold=250000;5000=40},21,,Accumulated spending 30000 Diamond.,Accumulated spending 30000 Diamond.
11471,,40000,10091,{5000=50;22131=60;gold=300000},21,,Accumulated spending 40000 Diamond.,Accumulated spending 40000 Diamond.
11480,,300,10092,{930=10;5000=10;gold=60000},21,,Accumulated spending 300 Diamond.,Accumulated spending 300 Diamond.
11481,,1000,10092,{5000=15;22131=10;gold=80000},21,,Accumulated spending 1000 Diamond.,Accumulated spending 1000 Diamond.
11482,,2000,10092,{452=20;gold=80000;5000=10},21,,Accumulated spending 2000 Diamond.,Accumulated spending 2000 Diamond.
11483,,4000,10092,{5000=15;22131=20;gold=100000},21,,Accumulated spending 4000 Diamond.,Accumulated spending 4000 Diamond.
11484,,7000,10092,{452=30;gold=120000;5000=15},21,,Accumulated spending 7000 Diamond.,Accumulated spending 7000 Diamond.
11485,,10000,10092,{5000=15;22131=30;gold=120000},21,,Accumulated spending 10000 Diamond.,Accumulated spending 10000 Diamond.
11486,,14000,10092,{452=40;gold=140000;5000=20},21,,Accumulated spending 14000 Diamond.,Accumulated spending 14000 Diamond.
11487,,18000,10092,{5000=20;22131=40;gold=160000},21,,Accumulated spending 18000 Diamond.,Accumulated spending 18000 Diamond.
11488,,22000,10092,{452=50;gold=180000;5000=25},21,,Accumulated spending 22000 Diamond.,Accumulated spending 22000 Diamond.
11489,,25000,10092,{5000=30;22131=50;gold=200000},21,,Accumulated spending 25000 Diamond.,Accumulated spending 25000 Diamond.
11490,,30000,10092,{452=60;gold=250000;5000=40},21,,Accumulated spending 30000 Diamond.,Accumulated spending 30000 Diamond.
11491,,40000,10092,{5000=50;22131=60;gold=300000},21,,Accumulated spending 40000 Diamond.,Accumulated spending 40000 Diamond.
11500,,60,10093,{rmb=60;gold=60000},22,,Top up 60 Diamond.,Top up 60 Diamond.
11501,,300,10093,{rmb=200;gold=60000},22,,Top up 300 Diamond.,Top up 300 Diamond.
11502,,600,10093,{rmb=240;gold=60000},22,,Top up 600 Diamond.,Top up 600 Diamond.
11503,,980,10093,{rmb=300;gold=80000},22,,Top up 980 Diamond.,Top up 980 Diamond.
11504,,1980,10093,{rmb=800;gold=80000},22,,Top up 1980 Diamond.,Top up 1980 Diamond.
11505,,3280,10093,{rmb=1000;gold=100000},22,,Top up 3280 Diamond.,Top up 3280 Diamond.
11506,,6480,10093,{rmb=2000;gold=100000},22,,Top up 6480 Diamond.,Top up 6480 Diamond.
11507,,9680,10093,{rmb=2000;gold=120000},22,,Top up 9680 Diamond.,Top up 9680 Diamond.
11508,,12000,10093,{rmb=2500;gold=120000},22,,Top up 12000 Diamond.,Top up 12000 Diamond.
11509,,15000,10093,{rmb=2500;gold=150000},22,,Top up 15000 Diamond.,Top up 15000 Diamond.
11510,,20000,10093,{rmb=4000;gold=200000},22,,Top up 20000 Diamond.,Top up 20000 Diamond.
11511,,25000,10093,{rmb=4000;gold=300000},22,,Top up 25000 Diamond.,Top up 25000 Diamond.
11512,,30000,10093,{rmb=4000;gold=300000},22,,Top up 30000 Diamond.,Top up 30000 Diamond.
11520,,300,10094,{930=10;5000=10;gold=60000},21,,Accumulated spending 300 Diamond.,Accumulated spending 300 Diamond.
11521,,1000,10094,{6815=10;gold=80000;5000=15},21,,Accumulated spending 1000 Diamond.,Accumulated spending 1000 Diamond.
11522,,2000,10094,{452=20;gold=80000;5000=10},21,,Accumulated spending 2000 Diamond.,Accumulated spending 2000 Diamond.
11523,,4000,10094,{6815=20;gold=100000;5000=15},21,,Accumulated spending 4000 Diamond.,Accumulated spending 4000 Diamond.
11524,,7000,10094,{452=30;gold=120000;5000=15},21,,Accumulated spending 7000 Diamond.,Accumulated spending 7000 Diamond.
11525,,10000,10094,{6815=30;gold=120000;5000=15},21,,Accumulated spending 10000 Diamond.,Accumulated spending 10000 Diamond.
11526,,14000,10094,{452=40;gold=140000;5000=20},21,,Accumulated spending 14000 Diamond.,Accumulated spending 14000 Diamond.
11527,,18000,10094,{6815=40;gold=160000;5000=20},21,,Accumulated spending 18000 Diamond.,Accumulated spending 18000 Diamond.
11528,,22000,10094,{452=50;gold=180000;5000=25},21,,Accumulated spending 22000 Diamond.,Accumulated spending 22000 Diamond.
11529,,25000,10094,{6815=50;gold=200000;5000=30},21,,Accumulated spending 25000 Diamond.,Accumulated spending 25000 Diamond.
11530,,30000,10094,{452=60;gold=250000;5000=40},21,,Accumulated spending 30000 Diamond.,Accumulated spending 30000 Diamond.
11531,,40000,10094,{6815=60;gold=300000;5000=50},21,,Accumulated spending 40000 Diamond.,Accumulated spending 40000 Diamond.
11540,,300,10095,{930=10;5000=10;gold=60000},21,,Accumulated spending 300 Diamond.,Accumulated spending 300 Diamond.
11541,,1000,10095,{6816=10;gold=80000;5000=15},21,,Accumulated spending 1000 Diamond.,Accumulated spending 1000 Diamond.
11542,,2000,10095,{452=20;gold=80000;5000=10},21,,Accumulated spending 2000 Diamond.,Accumulated spending 2000 Diamond.
11543,,4000,10095,{6816=20;gold=100000;5000=15},21,,Accumulated spending 4000 Diamond.,Accumulated spending 4000 Diamond.
11544,,7000,10095,{452=30;gold=120000;5000=15},21,,Accumulated spending 7000 Diamond.,Accumulated spending 7000 Diamond.
11545,,10000,10095,{6816=30;gold=120000;5000=15},21,,Accumulated spending 10000 Diamond.,Accumulated spending 10000 Diamond.
11546,,14000,10095,{452=40;gold=140000;5000=20},21,,Accumulated spending 14000 Diamond.,Accumulated spending 14000 Diamond.
11547,,18000,10095,{6816=40;gold=160000;5000=20},21,,Accumulated spending 18000 Diamond.,Accumulated spending 18000 Diamond.
11548,,22000,10095,{452=50;gold=180000;5000=25},21,,Accumulated spending 22000 Diamond.,Accumulated spending 22000 Diamond.
11549,,25000,10095,{6816=50;gold=200000;5000=30},21,,Accumulated spending 25000 Diamond.,Accumulated spending 25000 Diamond.
11550,,30000,10095,{452=60;gold=250000;5000=40},21,,Accumulated spending 30000 Diamond.,Accumulated spending 30000 Diamond.
11551,,40000,10095,{6816=60;gold=300000;5000=50},21,,Accumulated spending 40000 Diamond.,Accumulated spending 40000 Diamond.
11560,,300,10096,{930=10;5000=10;gold=60000},21,,Accumulated spending 300 Diamond.,Accumulated spending 300 Diamond.
11561,,1000,10096,{6817=10;gold=80000;5000=15},21,,Accumulated spending 1000 Diamond.,Accumulated spending 1000 Diamond.
11562,,2000,10096,{452=20;gold=80000;5000=10},21,,Accumulated spending 2000 Diamond.,Accumulated spending 2000 Diamond.
11563,,4000,10096,{6817=20;gold=100000;5000=15},21,,Accumulated spending 4000 Diamond.,Accumulated spending 4000 Diamond.
11564,,7000,10096,{452=30;gold=120000;5000=15},21,,Accumulated spending 7000 Diamond.,Accumulated spending 7000 Diamond.
11565,,10000,10096,{6817=30;gold=120000;5000=15},21,,Accumulated spending 10000 Diamond.,Accumulated spending 10000 Diamond.
11566,,14000,10096,{452=40;gold=140000;5000=20},21,,Accumulated spending 14000 Diamond.,Accumulated spending 14000 Diamond.
11567,,18000,10096,{6817=40;gold=160000;5000=20},21,,Accumulated spending 18000 Diamond.,Accumulated spending 18000 Diamond.
11568,,22000,10096,{452=50;gold=180000;5000=25},21,,Accumulated spending 22000 Diamond.,Accumulated spending 22000 Diamond.
11569,,25000,10096,{6817=50;gold=200000;5000=30},21,,Accumulated spending 25000 Diamond.,Accumulated spending 25000 Diamond.
11570,,30000,10096,{452=60;gold=250000;5000=40},21,,Accumulated spending 30000 Diamond.,Accumulated spending 30000 Diamond.
11571,,40000,10096,{6817=60;gold=300000;5000=50},21,,Accumulated spending 40000 Diamond.,Accumulated spending 40000 Diamond.
11580,,300,10097,{930=10;5000=10;gold=60000},21,,Accumulated spending 300 Diamond.,Accumulated spending 300 Diamond.
11581,,1000,10097,{5000=15;22131=10;gold=80000},21,,Accumulated spending 1000 Diamond.,Accumulated spending 1000 Diamond.
11582,,2000,10097,{452=20;gold=80000;5000=10},21,,Accumulated spending 2000 Diamond.,Accumulated spending 2000 Diamond.
11583,,4000,10097,{5000=15;22131=20;gold=100000},21,,Accumulated spending 4000 Diamond.,Accumulated spending 4000 Diamond.
11584,,7000,10097,{452=30;gold=120000;5000=15},21,,Accumulated spending 7000 Diamond.,Accumulated spending 7000 Diamond.
11585,,10000,10097,{5000=15;22131=30;gold=120000},21,,Accumulated spending 10000 Diamond.,Accumulated spending 10000 Diamond.
11586,,14000,10097,{452=40;gold=140000;5000=20},21,,Accumulated spending 14000 Diamond.,Accumulated spending 14000 Diamond.
11587,,18000,10097,{5000=20;22131=40;gold=160000},21,,Accumulated spending 18000 Diamond.,Accumulated spending 18000 Diamond.
11588,,22000,10097,{452=50;gold=180000;5000=25},21,,Accumulated spending 22000 Diamond.,Accumulated spending 22000 Diamond.
11589,,25000,10097,{5000=30;22131=50;gold=200000},21,,Accumulated spending 25000 Diamond.,Accumulated spending 25000 Diamond.
11590,,30000,10097,{452=60;gold=250000;5000=40},21,,Accumulated spending 30000 Diamond.,Accumulated spending 30000 Diamond.
11591,,40000,10097,{5000=50;22131=60;gold=300000},21,,Accumulated spending 40000 Diamond.,Accumulated spending 40000 Diamond.
11600,,300,10098,{930=10;5000=10;gold=60000},21,,Accumulated spending 300 Diamond.,Accumulated spending 300 Diamond.
11601,,1000,10098,{5000=15;6818=10;gold=80000},21,,Accumulated spending 1000 Diamond.,Accumulated spending 1000 Diamond.
11602,,2000,10098,{452=20;gold=80000;5000=10},21,,Accumulated spending 2000 Diamond.,Accumulated spending 2000 Diamond.
11603,,4000,10098,{5000=15;6818=20;gold=100000},21,,Accumulated spending 4000 Diamond.,Accumulated spending 4000 Diamond.
11604,,7000,10098,{452=30;gold=120000;5000=15},21,,Accumulated spending 7000 Diamond.,Accumulated spending 7000 Diamond.
11605,,10000,10098,{5000=15;6818=30;gold=120000},21,,Accumulated spending 10000 Diamond.,Accumulated spending 10000 Diamond.
11606,,14000,10098,{452=40;gold=140000;5000=20},21,,Accumulated spending 14000 Diamond.,Accumulated spending 14000 Diamond.
11607,,18000,10098,{5000=20;6818=40;gold=160000},21,,Accumulated spending 18000 Diamond.,Accumulated spending 18000 Diamond.
11608,,22000,10098,{452=50;gold=180000;5000=25},21,,Accumulated spending 22000 Diamond.,Accumulated spending 22000 Diamond.
11609,,25000,10098,{5000=30;6818=50;gold=200000},21,,Accumulated spending 25000 Diamond.,Accumulated spending 25000 Diamond.
11610,,30000,10098,{452=60;gold=250000;5000=40},21,,Accumulated spending 30000 Diamond.,Accumulated spending 30000 Diamond.
11611,,40000,10098,{5000=50;6818=60;gold=300000},21,,Accumulated spending 40000 Diamond.,Accumulated spending 40000 Diamond.
11620,,60,10099,{rmb=30;gold=60000},22,,Top up 60 Diamond.,Top up 60 Diamond.
11621,,300,10099,{rmb=50;gold=60000},22,,Top up 300 Diamond.,Top up 300 Diamond.
11622,,600,10099,{rmb=60;gold=60000},22,,Top up 600 Diamond.,Top up 600 Diamond.
11623,,980,10099,{rmb=75;gold=80000},22,,Top up 980 Diamond.,Top up 980 Diamond.
11624,,1980,10099,{rmb=200;gold=80000},22,,Top up 1980 Diamond.,Top up 1980 Diamond.
11625,,3280,10099,{rmb=250;gold=100000},22,,Top up 3280 Diamond.,Top up 3280 Diamond.
11626,,6480,10099,{rmb=500;gold=100000},22,,Top up 6480 Diamond.,Top up 6480 Diamond.
11627,,9680,10099,{rmb=500;gold=120000},22,,Top up 9680 Diamond.,Top up 9680 Diamond.
11628,,12000,10099,{rmb=625;gold=120000},22,,Top up 12000 Diamond.,Top up 12000 Diamond.
11629,,15000,10099,{rmb=625;gold=150000},22,,Top up 15000 Diamond.,Top up 15000 Diamond.
11630,,20000,10099,{rmb=1000;gold=200000},22,,Top up 20000 Diamond.,Top up 20000 Diamond.
11631,,25000,10099,{rmb=1000;gold=300000},22,,Top up 25000 Diamond.,Top up 25000 Diamond.
11632,,30000,10099,{rmb=1000;gold=300000},22,,Top up 30000 Diamond.,Top up 30000 Diamond.
20001,,25,20001,{rmb=10;gold=2000},1,,Character reaches level 25.,Character reaches level 25.
20002,,10102,20001,{rmb=10;gold=2000},2,,Complete chapter 1 stage 2.,Complete chapter 1 stage 2.
20003,,5,20001,{rmb=10;gold=2000},3,,Own 5 random ninja characters.,Own 5 random ninja characters.
20004,,7,20001,{rmb=10;gold=2000},5,,Achieve VIP 7.,Achieve VIP 7.
20005,,10000,20001,{rmb=10;gold=2000},6,,"Combat power reaches 10,000.","Combat power reaches 10,000."
20006,,,20001,{rmb=10;gold=2000},9,{5=3},Own 5 A-level ninjas.,Own 5 A-level ninjas.
20007,,,20001,{rmb=10;gold=2000},10,{2=4},Own 2 4-star ninjas.,Own 2 4-star ninjas.
20008,,,20001,{rmb=10;gold=2000},11,{1=3},Own 1 green jewelry.,Own 1 green jewelry.
20011,,,20011,{rmb=10;gold=2000},12,{1=2},Own a 2-star jewelry.,Own a 2-star jewelry.
20012,,1,20011,{rmb=10;gold=2000},13,,Activate Miao Hua Zhong Zi.,Activate Miao Hua Zhong Zi.
20013,,,20011,{rmb=10;gold=2000},15,,Log in today.,Log in today.
20014,,2,20011,{rmb=10;gold=2000},17,,Logged in 2 days.,Logged in 2 days.
20015,,2,20011,{rmb=10;gold=2000},18,,Collected a total of 2 treasures.,Collected a total of 2 treasures.
20016,,10000,20011,{rmb=10;gold=2000},19,,"Received a total of 10,000 Dong.","Received a total of 10,000 Dong."
20017,,10000,20011,{rmb=10;gold=2000},20,,"Spent a total of 10,000 Dong.","Spent a total of 10,000 Dong."
20018,,500,20011,{rmb=10;gold=2000},21,,Spend 500 Diamond in ​​savings.,Spend 500 Diamond in ​​savings.
20019,,500,20011,{rmb=10;gold=2000},22,,Top up 500 Diamond.,Top up 500 Diamond.
20020,,2,20011,{rmb=10;gold=2000},26,,Total energy purchase 2 times.,Total energy purchase 2 times.
20021,,2,20021,{rmb=10;gold=2000},29,,Total normal challenge 2 times.,Total normal challenge 2 times.
20022,,1,20021,{rmb=10;gold=2000},30,,Total difficult challenge 1 time.,Total difficult challenge 1 time.
20023,,1,20021,{rmb=10;gold=2000},31,,Total nightmare challenge 1 time.,Total nightmare challenge 1 time.
20024,,2,20021,{rmb=10;gold=2000},32,,Total complete 2 daily challenges.,Total complete 2 daily challenges.
20025,,2,20021,{rmb=10;gold=2000},33,,Total complete 2 any challenges.,Total complete 2 any challenges.
20026,,10,20021,{rmb=10;gold=2000},34,,Upgrade any character's skills 10 times.,Upgrade any character's skills 10 times.
20027,,5,20021,{rmb=10;gold=2000},35,,Total character advancement 5 times.,Total character advancement 5 times.
20028,,5,20021,{rmb=10;gold=2000},36,,Total character level up 5 times.,Total character level up 5 times.
20029,,5,20021,{rmb=10;gold=2000},37,,Total star level up 5 times.,Total star level up 5 times.
20030,,5,20021,{rmb=10;gold=2000},38,,Total power enhancement for 5 jewelry.,Total power enhancement for 5 jewelry.
20031,,2,20031,{rmb=10;gold=2000},39,,Total breakthrough 2 times for 2 jewelry.,Total breakthrough 2 times for 2 jewelry.
20032,,2,20031,{rmb=10;gold=2000},40,,Total star level up 2 times for 2 jewelry.,Total star level up 2 times for 2 jewelry.
20033,,5,20031,{rmb=10;gold=2000},41,,Participate in the arena 5 times.,Participate in the arena 5 times.
20034,,20,20031,{rmb=10;gold=2000},43,,Achieve 20 points in the arena.,Achieve 20 points in the arena.
20035,,10,20031,{rmb=10;gold=2000},44,,Reach rank 10 in the arena.,Reach rank 10 in the arena.
20036,,2,20031,{rmb=10;gold=2000},46,,Make 2 consecutive draws of Diamond 10 cards.,Make 2 consecutive draws of Diamond 10 cards.
20037,,2,20031,{rmb=10;gold=2000},47,,Make 2 single draws of Diamond cards.,Make 2 single draws of Diamond cards.
20038,,10,20031,{rmb=10;gold=2000},48,,Draw 2 consecutive 10 Bronze cards.,Draw 2 consecutive 10 Bronze cards.
20039,,2,20031,{rmb=10;gold=2000},49,,Draw 2 single Bronze cards.,Draw 2 single Bronze cards.
20040,,5,20031,{rmb=10;gold=2000},50,,Draw 5 Diamond cards.,Draw 5 Diamond cards.
20041,,5,20041,{rmb=10;gold=2000},51,,Draw 5 Bronze cards.,Draw 5 Bronze cards.
20042,,5,20041,{rmb=10;gold=2000},52,,Draw 5 Jewelry cards.,Draw 5 Jewelry cards.
20043,,2,20041,{rmb=10;gold=2000},53,,Draw 2 consecutive 10 Jewelry cards.,Draw 2 consecutive 10 Jewelry cards.
20044,,2,20041,{rmb=10;gold=2000},54,,Draw 2 single Jewelry cards.,Draw 2 single Jewelry cards.
20045,,3,20041,{rmb=10;gold=2000},55,,Contribute 3 times to the Guild.,Contribute 3 times to the Guild.
20046,,2,20041,{rmb=10;gold=2000},57,,Give out 2 Lucky Money to the Guild.,Give out 2 Lucky Money to the Guild.
20047,,2,20041,{rmb=10;gold=2000},58,,Get 2 Lucky Money from the Guild.,Get 2 Lucky Money from the Guild.
20048,,1,20041,{rmb=10;gold=2000},59,,Participate in a Guild stage once.,Participate in a Guild stage once.
20049,,2,20041,{rmb=10;gold=2000},60,,Complete 2 rooms in Anbu special training.,Complete 2 rooms in Anbu special training.
20050,,6,20041,{rmb=10;gold=2000},61,,Open 6 Anbu special training chests.,Open 6 Anbu special training chests.
20051,,100,20051,{rmb=10;gold=2000},62,,Get 100 points in Anbu special training in a day.,Get 100 points in Anbu special training in a day.
20052,,300,20051,{rmb=10;gold=2000},63,,Get 300 points in Anbu special training.,Get 300 points in Anbu special training.
20053,,2,20051,{rmb=11;gold=2000},64,,Clear a total of 2 floors in the random challenge tower.,Clear a total of 2 floors in the random challenge tower.
20054,,3,20051,{rmb=12;gold=2000},66,,Participate in virtual challenges and win 3 times.,Participate in virtual challenges and win 3 times.
20055,,3,20051,{rmb=13;gold=2000},67,,Clear a maximum of 3 floors in the random challenge tower.,Clear a maximum of 3 floors in the random challenge tower.
20056,,3,20051,{rmb=14;gold=2000},70,,Complete daily quests 3 times.,Complete daily quests 3 times.
20057,,3,20051,{rmb=10;gold=2000},83,,Upgrade exploration mascot 3 times.,Upgrade exploration mascot 3 times.
20058,,3,20051,{rmb=10;gold=2000},84,,Activate/evolve exploration mascot 3 times.,Activate/evolve exploration mascot 3 times.
20061,,3,20061,{rmb=10;gold=2000},85,,Complete delivery quests 3 times.,Complete delivery quests 3 times.
20062,,,20061,{rmb=10;gold=2000},86,{4=3},Complete S-grade or higher delivery quests 3 times.,Complete S-grade or higher delivery quests 3 times.
20063,,3,20061,{rmb=10;gold=2000},87,,Enhance equipment power 3 times.,Enhance equipment power 3 times.
20064,,3,20061,{rmb=10;gold=2000},88,,Breakthrough equipment 3 times.,Breakthrough equipment 3 times.
20065,,20,20061,{rmb=10;gold=2000},89,,Do 20 cultivations.,Do 20 cultivations.
20066,,10,20061,{rmb=10;gold=2000},90,,Upgrade through growth value 10 times.,Upgrade through growth value 10 times.
20067,,10,20061,{rmb=10;gold=2000},91,,Upgrade through advanced growth value 10 times.,Upgrade through advanced growth value 10 times.
20068,,3,20061,{rmb=10;gold=2000},92,,Upgrade potential 3 times.,Upgrade potential 3 times.
20069,,10,20061,{rmb=10;gold=2000},95,,Draw Diamond card 10 times in limited event.,Draw Diamond card 10 times in limited event.
20070,,3,20061,{rmb=10;gold=2000},96,,Draw Diamond card and draw limited card 3 times.,Draw Diamond card and draw limited card 3 times.
20080,,1,20080,{502=1;gold=100000;930=10;rmb=60},22,,Recharge 1 Diamond.,Recharge 1 Diamond.
20090,,300,20090,{gold=60000;930=10;5000=10},21,,Spend accumulated 300 Diamond.,Spend accumulated 300 Diamond.
20091,,1000,20090,{gold=80000;14=10;5000=15},21,,Spend accumulated 1000 Diamond.,Spend accumulated 1000 Diamond.
20092,,2000,20090,{gold=80000;452=20;5000=10},21,,Spend accumulated 2000 Diamond.,Spend accumulated 2000 Diamond.
20093,,4000,20090,{gold=100000;14=20;5000=15},21,,Spend accumulated 4000 Diamond.,Spend accumulated 4000 Diamond.
20094,,7000,20090,{gold=120000;452=30;5000=15},21,,Accumulated spending 7000 Diamond.,Accumulated spending 7000 Diamond.
20095,,10000,20090,{gold=120000;502=5;902=20;5000=15},21,,Accumulated spending 10000 Diamond.,Accumulated spending 10000 Diamond.
20096,,14000,20090,{gold=140000;452=40;5000=20},21,,Accumulated spending 14000 Diamond.,Accumulated spending 14000 Diamond.
20097,,18000,20090,{gold=160000;502=10;902=20;5000=20},21,,Accumulated spending 18000 Diamond.,Accumulated spending 18000 Diamond.
20098,,22000,20090,{gold=180000;452=50;5000=25},21,,Accumulated spending 22000 Diamond.,Accumulated spending 22000 Diamond.
20099,,15000,20090,{gold=200000;502=10;902=30;5000=30},21,,Accumulated spending 15000 Diamond.,Accumulated spending 15000 Diamond.
20100,,30000,20090,{gold=200000;452=50;902=30;5000=50},21,,Accumulated spending 30000 Diamond.,Accumulated spending 30000 Diamond.
20101,,40000,20090,{gold=300000;502=15;902=30;5000=50},21,,Accumulated spending 40000 Diamond.,Accumulated spending 40000 Diamond.
20102,,10,20100,{13=10;502=1;gold=10000},51,,Withdraw Gold 10 times,Withdraw Gold 10 times
20103,,20,20100,{13=10;502=1;gold=20000},51,,Withdraw Gold 20 times,Withdraw Gold 20 times
20104,,2,20100,{13=10;502=1;gold=20000},50,,Withdraw Diamond 2 times,Withdraw Diamond 2 times
20105,,10,20100,{13=10;502=2;gold=20000},50,,Withdraw Diamond 10 times,Withdraw Diamond 10 times
20106,,20,20100,{13=10;502=2;gold=30000},50,,Withdraw Diamond 20 times,Withdraw Diamond 20 times
20107,,30,20100,{13=10;502=2;gold=40000},50,,Withdraw Diamond 30 times,Withdraw Diamond 30 times
20108,,40,20100,{14=10;502=3;gold=50000},50,,Withdraw Diamond 40 times,Withdraw Diamond 40 times
20109,,60,20100,{502=5;14=10;gold=60000},50,,Withdraw Diamond 60 times,Withdraw Diamond 60 times
20110,,80,20100,{talent_point=6;14=10;gold=80000},50,,Withdraw Diamond 80 times,Withdraw Diamond 80 times
20111,,100,20100,{15=10;502=5;gold=100000},50,,Withdraw Diamond 100 times,Withdraw Diamond 100 times
20112,,120,20100,{15=10;502=5;gold=120000},50,,Withdraw Diamond 120 times,Withdraw Diamond 120 times
20113,,150,20100,{15=10;502=5;gold=150000},50,,Withdraw Diamond 150 times,Withdraw Diamond 150 times
20114,,300,50100,{521=5;2103=5;930=50;5000=50;gold=100000},21,,Accumulated spending 300 Diamond.,Accumulated spending 300 Diamond.
20115,,1000,50100,{521=5;2103=5;14=10;5000=100;gold=200000},21,,Accumulated spending 1000 Diamond.,Accumulated spending 1000 Diamond.
20116,,2000,50100,{521=5;2103=5;452=100;5000=150;gold=300000},21,,Accumulated spending 2000 Diamond.,Accumulated spending 2000 Diamond.
20117,,4000,50100,{521=5;2103=5;14=20;5000=200;gold=400000},21,,Accumulated spending 4000 Diamond.,Accumulated spending 4000 Diamond.
20118,,7000,50100,{521=5;2103=5;452=200;5000=250;gold=500000},21,,Accumulated spending 7000 Diamond.,Accumulated spending 7000 Diamond.
20119,,10000,50100,{521=10;2103=5;902=20;gold=700000;5000=300;502=10},21,,Accumulated spending 10000 Diamond.,Accumulated spending 10000 Diamond.
20120,,14000,50100,{521=10;2103=5;452=300;5000=350;902=200;gold=800000},21,,Accumulated spending 14000 Diamond.,Accumulated spending 14000 Diamond.
20121,,18000,50100,{521=10;2103=10;902=20;gold=900000;5000=400;502=10},21,,Accumulated spending 18000 Diamond.,Accumulated spending 18000 Diamond.
20122,,22000,50100,{521=10;2103=20;452=400;5000=450;gold=1000000;501=10},21,,Accumulated spending 22000 Diamond.,Accumulated spending 22000 Diamond.
20123,,25000,50100,{521=20;2103=30;902=30;gold=2000000;5000=500;502=10},21,,Accumulated spending 25000 Diamond.,Accumulated spending 25000 Diamond.
20124,,30000,50100,{521=35;2103=50;452=500;5000=550;gold=3000000;502=20},21,,Accumulated spending 30000 Diamond.,Accumulated spending 30000 Diamond.
20125,,40000,50100,{521=40;2103=80;902=80;gold=5000000;5000=600;502=30},21,,Accumulated spending 40000 Diamond.,Accumulated spending 40000 Diamond.
20126,,50000,50100,{521=50;2103=100;902=100;gold=10000000;5000=1000;502=40},21,,Accumulated spending 40000 Diamond.,Accumulated spending 40000 Diamond.
,,,,,,,,
25000,,1000,25003,{115=2},22,,Recharge 1000 diamonds,
25001,,5000,25003,{115=1},21,,Spend 5000 diamonds today,
25002,,10,25003,{115=1},50,,Diamond summon 10 times,
25003,,3,25003,{115=1},55,,Donate to the guild 3 times,
25004,,2,25003,{115=1},26,,Purchased stamina 2 times,
,,,,,,,,
26000,,1000,26003,{113=2},22,,Recharge 1000 diamonds,
26001,,5000,26003,{113=1},21,,Spend 5000 diamonds today,
26002,,10,26003,{113=1},50,,Diamond summon 10 times,
26003,,3,26003,{113=1},55,,Donate to the guild 3 times,
26004,,2,26003,{113=1},26,,Purchased stamina 2 times,
,,,,,,,,
88888,,1,88888,{gold=300000;rmb=1000;stamina=100;521=3;2102=5;15=10},22,,Daily Top Up,Daily Top Up
,,,,,,,,
30001,,150,50101,{521=5;14=100;gold=1000000;2102=10;rmb=75},22,,Top up 150 Diamond,Top up 150 Diamond
30002,,750,50101,{521=10;930=50;gold=2000000;2102=20;rmb=375},22,,Top up 750 Diamond,Top up 750 Diamond
30003,,1500,50101,{521=15;gold=3000000;2103=30;502=10;rmb=750},22,,Top up 1500 Diamond,Top up 1500 Diamond
30004,,3000,50101,{521=20;gold=4000000;6053=2;502=20;rmb=1500},22,,Top up 3000 Diamond,Top up 3000 Diamond
30005,,7500,50101,{521=30;902=50;gold=5000000;6054=2;rmb=3750},22,,Top up 7500 Diamond,Top up 7500 Diamond
30006,,15000,50101,{521=40;902=100;gold=8000000;rmb=7500;6059=1},22,,Top up 15000 Diamond,Top up 15000 Diamond
30007,,22500,50101,{521=50;902=150;gold=9000000;rmb=12500;6059=2},22,,Top up 22500 Diamond,Top up 22500 Diamond
30008,,30000,50101,{521=60;902=200;gold=10000000;rmb=15000;2153=1;6059=3},22,,Top up 30000 Diamond,Top up 30000 Diamond
30009,,50000,50101,{521=70;gold=15000000;604=100;rmb=25000;2153=2;6059=4},22,,Top up 50000 Diamond,Top up 50000 Diamond
30010,,75000,50101,{521=80;gold=20000000;604=200;rmb=37500;2153=3;6059=5},22,,Top up 75000 Diamond,Top up 75000 Diamond
,,,,,,,,
40001,,300,60001,{rmb=250;503=20;519=20;520=20;531=20;537=20;2043=1},22,,Recharge 300 Diamond,Recharge 300 Diamond
40002,,750,60001,{rmb=500;16=50;111=300;112=100;502=30;526=20;605=50;500=2},22,,Recharge 750 Diamond,Recharge 750 Diamond
40003,,1500,60001,{rmb=1000;521=15;974=1;7325=1;9061=50;8888=1;152=100;4000=1000},22,,Recharge 1500 Diamond,Recharge 1500 Diamond
40004,,3000,60001,{rmb=2500;coin6=1000;coin1=1000;coin2=1000;coin10=1000;8804=1;605=200;925=2},22,,Recharge 3000 Diamond,Recharge 3000 Diamond
40005,,7500,60001,{gold=10000000;rmb=5000;521=30;9061=100;2153=1;8804=1;452=500;2103=200},22,,Recharge 7500 Diamond,Recharge 7500 Diamond
40006,,15000,60001,{rmb=6000;521=40;8804=2;2153=3;19=200;151=10000;2103=200;2152=2},22,,Recharge 15000 Diamond,Recharge 15000 Diamond
40007,,30000,60001,{card={id=9003};rmb=7000;7305=1;7325=1;8802=40;8804=1;8888=1;452=1000},22,,Recharge 30000 Diamond,Recharge 30000 Diamond
40008,,50000,60001,{rmb=8000;9053=1;16=500;967=5;30434=1;851=2500;4000=5000;850=5000},22,,Recharge 50000 Diamond,Recharge 50000 Diamond
40009,,75000,60001,{rmb=10000;9056=2;9061=300;16=500;111=3000;967=5;6105=2;930=2000},22,,Recharge 75000 Diamond,Recharge 75000 Diamond
40010,,100000,60001,{card={id=9003};rmb=20000;521=100;9056=2;16=1000;2153=4;6059=5;6105=1},22,,Recharge 100000 Diamond,Recharge 100000 Diamond
40011,,150000,60001,{coin6=10000;coin1=10000;coin2=10000;coin10=10000;521=150;9056=4;6059=10},22,,Recharge 150000 Diamond,Recharge 150000 Diamond
40012,,200000,60001,{card={id=3601};9054=1;9061=500;2153=5;6059=10;30425=1;124=500;529=50000},22,,Recharge 200000 Diamond,Recharge 200000 Diamond
40013,,300000,60001,{card={id=3601};521=300;9054=1;9055=1;111=10000;967=10;4000=10000;6330=500},22,,Recharge 300000 Diamond,Recharge 300000 Diamond
